{"notes": [{"_time": 1.5, "$id": 1, "sounds": [{"d": 0.390625, "p": 56, "v": 9, "w": 0.0}], "pos": -2.0, "size": 1.70000017}, {"_time": 1.62109375, "$id": 2, "sounds": [{"d": 0.3828125, "p": 63, "v": 8, "w": 0.0}], "pos": -1.0, "size": 1.0}, {"_time": 1.75, "$id": 3, "sounds": [{"d": 0.203125, "p": 67, "v": 8, "w": 0.0}], "pos": -0.5, "size": 1.0}, {"_time": 1.875, "$id": 4, "sounds": [{"d": 0.18359375, "p": 72, "v": 8, "w": 0.0}], "pos": 0.0, "size": 1.0}, {"_time": 2.0, "$id": 5, "sounds": [{"d": 0.140625, "p": 74, "v": 8, "w": 0.0}], "pos": 0.5, "size": 1.0}, {"_time": 2.125, "$id": 6, "sounds": [{"d": 0.140625, "p": 79, "v": 22, "w": 0.0}], "pos": 1.0, "size": 1.0}, {"_time": 2.25, "$id": 7, "sounds": [{"d": 0.12109375, "p": 84, "v": 15, "w": 0.0}], "pos": 2.0, "size": 1.70000017}, {"_time": 2.375, "$id": 8, "sounds": [{"d": 0.2421875, "p": 79, "v": 8, "w": 0.0}], "pos": 1.0, "size": 1.0}, {"_time": 2.5, "$id": 9, "sounds": [{"d": 0.19140625, "p": 74, "v": 8, "w": 0.0}], "pos": 0.5, "size": 1.0}, {"_time": 2.625, "$id": 10, "sounds": [{"d": 0.30078125, "p": 72, "v": 8, "w": 0.0}], "pos": 0.0, "size": 1.0}, {"_time": 2.75, "$id": 11, "sounds": [{"d": 0.109375, "p": 67, "v": 8, "w": 0.0}], "pos": -0.5, "size": 1.0}, {"_time": 2.875, "$id": 12, "sounds": [{"d": 0.109375, "p": 63, "v": 8, "w": 0.0}], "pos": -1.0, "size": 1.0}, {"_time": 3.0, "$id": 13, "sounds": [{"d": 0.140625, "p": 56, "v": 8, "w": 0.0}], "pos": -2.0, "size": 1.70000017}, {"_time": 3.125, "$id": 14, "sounds": [{"d": 0.28515625, "p": 63, "v": 8, "w": 0.0}], "pos": -1.0, "size": 1.0}, {"_time": 3.25, "$id": 15, "sounds": [{"d": 0.2890625, "p": 67, "v": 8, "w": 0.0}], "pos": -0.5, "size": 1.0}, {"_time": 3.375, "$id": 16, "sounds": [{"d": 0.171875, "p": 72, "v": 8, "w": 0.0}], "pos": 0.0, "size": 1.0}, {"_time": 3.5, "$id": 17, "sounds": [{"d": 0.125, "p": 74, "v": 8, "w": 0.0}], "pos": 0.5, "size": 1.0}, {"_time": 3.625, "$id": 18, "sounds": [{"d": 0.14453125, "p": 79, "v": 19, "w": 0.0}], "pos": 1.0, "size": 1.0}, {"_time": 3.75, "$id": 19, "sounds": [{"d": 0.1015625, "p": 84, "v": 15, "w": 0.0}], "pos": 2.0, "size": 1.70000017}, {"_time": 3.875, "$id": 20, "sounds": [{"d": 0.2265625, "p": 79, "v": 8, "w": 0.0}], "pos": 1.0, "size": 1.0}, {"_time": 4.0, "$id": 21, "sounds": [{"d": 0.16796875, "p": 74, "v": 8, "w": 0.0}], "pos": 0.5, "size": 1.0}, {"_time": 4.125, "$id": 22, "sounds": [{"d": 0.1640625, "p": 72, "v": 8, "w": 0.0}], "pos": 0.0, "size": 1.0}, {"_time": 4.25, "$id": 23, "sounds": [{"d": 0.10546875, "p": 67, "v": 8, "w": 0.0}], "pos": -0.5, "size": 1.0}, {"_time": 4.375, "$id": 24, "sounds": [{"d": 0.08203125, "p": 63, "v": 8, "w": 0.0}], "pos": -1.0, "size": 1.0}, {"_time": 4.5, "$id": 25, "sounds": [{"d": 0.11328125, "p": 55, "v": 20, "w": 0.0}], "pos": -1.5, "size": 1.70000017}, {"_time": 4.625, "$id": 26, "sounds": [{"d": 0.1328125, "p": 63, "v": 8, "w": 0.0}], "pos": -1.0, "size": 1.0}, {"_time": 4.75, "$id": 27, "sounds": [{"d": 0.09765625, "p": 67, "v": 9, "w": 0.0}], "pos": -0.5, "size": 1.0}, {"_time": 4.875, "$id": 28, "sounds": [{"d": 0.10546875, "p": 70, "v": 8, "w": 0.0}], "pos": 0.0, "size": 1.0}, {"_time": 5.0, "$id": 29, "sounds": [{"d": 0.14453125, "p": 75, "v": 8, "w": 0.0}], "pos": 0.5, "size": 1.0}, {"_time": 5.125, "$id": 30, "sounds": [{"d": 0.13671875, "p": 77, "v": 8, "w": 0.0}], "pos": 1.0, "size": 1.0}, {"_time": 5.25, "$id": 31, "sounds": [{"d": 0.15234375, "p": 82, "v": 24, "w": 0.0}], "pos": 1.5, "size": 1.70000017}, {"_time": 5.375, "$id": 32, "sounds": [{"d": 0.23046875, "p": 77, "v": 8, "w": 0.0}], "pos": 1.0, "size": 1.0}, {"_time": 5.5, "$id": 33, "sounds": [{"d": 0.15234375, "p": 75, "v": 8, "w": 0.0}], "pos": 0.5, "size": 1.0}, {"_time": 5.625, "$id": 34, "sounds": [{"d": 0.17578125, "p": 70, "v": 8, "w": 0.0}], "pos": 0.0, "size": 1.0}, {"_time": 5.75, "$id": 35, "sounds": [{"d": 0.12890625, "p": 67, "v": 8, "w": 0.0}], "pos": -0.5, "size": 1.0}, {"_time": 5.875, "$id": 36, "sounds": [{"d": 0.12109375, "p": 63, "v": 8, "w": 0.0}], "pos": -1.0, "size": 1.0}, {"_time": 6.0, "$id": 37, "sounds": [{"d": 0.14453125, "p": 55, "v": 21, "w": 0.0}], "pos": -1.5, "size": 1.70000017}, {"_time": 6.125, "$id": 38, "sounds": [{"d": 0.19921875, "p": 63, "v": 13, "w": 0.0}], "pos": -1.0, "size": 1.0}, {"_time": 6.25, "$id": 39, "sounds": [{"d": 0.10546875, "p": 67, "v": 8, "w": 0.0}], "pos": -0.5, "size": 1.0}, {"_time": 6.375, "$id": 40, "sounds": [{"d": 0.125, "p": 70, "v": 8, "w": 0.0}], "pos": 0.0, "size": 1.0}, {"_time": 6.5, "$id": 41, "sounds": [{"d": 0.19140625, "p": 75, "v": 10, "w": 0.0}], "pos": 0.5, "size": 1.0}, {"_time": 6.625, "$id": 42, "sounds": [{"d": 0.12109375, "p": 77, "v": 17, "w": 0.0}], "pos": 1.0, "size": 1.0}, {"_time": 6.75, "$id": 43, "sounds": [{"d": 0.14453125, "p": 82, "v": 11, "w": 0.0}], "pos": 1.5, "size": 1.70000017}, {"_time": 6.875, "$id": 44, "sounds": [{"d": 0.2109375, "p": 77, "v": 8, "w": 0.0}], "pos": 1.0, "size": 1.0}, {"_time": 7.0, "$id": 45, "sounds": [{"d": 0.15234375, "p": 75, "v": 8, "w": 0.0}], "pos": 0.5, "size": 1.0}, {"_time": 7.125, "$id": 46, "sounds": [{"d": 0.12109375, "p": 70, "v": 8, "w": 0.0}], "pos": 0.0, "size": 1.0}, {"_time": 7.25, "$id": 47, "sounds": [{"d": 0.12890625, "p": 67, "v": 8, "w": 0.0}], "pos": -0.5, "size": 1.0}, {"_time": 7.375, "$id": 48, "sounds": [{"d": 0.05078125, "p": 63, "v": 8, "w": 0.0}], "pos": -1.0, "size": 1.0}, {"_time": 7.5, "$id": 49, "sounds": [{"d": 0.390625, "p": 56, "v": 32, "w": 0.0}], "pos": -2.0, "size": 1.70000017}, {"_time": 7.62109375, "$id": 50, "sounds": [{"d": 0.3828125, "p": 63, "v": 8, "w": 0.0}], "pos": -1.0, "size": 1.0}, {"_time": 7.75, "$id": 51, "sounds": [{"d": 0.203125, "p": 67, "v": 8, "w": 0.0}], "pos": -0.5, "size": 1.0}, {"_time": 7.875, "$id": 52, "sounds": [{"d": 0.18359375, "p": 72, "v": 8, "w": 0.0}], "pos": 0.0, "size": 1.0}, {"_time": 8.0, "$id": 53, "sounds": [{"d": 0.140625, "p": 74, "v": 17, "w": 0.0}], "pos": 0.5, "size": 1.0}, {"_time": 8.125, "$id": 54, "sounds": [{"d": 0.140625, "p": 79, "v": 34, "w": 0.0}], "pos": 1.0, "size": 1.0}, {"_time": 8.25, "$id": 55, "sounds": [{"d": 0.12109375, "p": 84, "v": 27, "w": 0.0}], "pos": 2.0, "size": 1.70000017}, {"_time": 8.375, "$id": 56, "sounds": [{"d": 0.2421875, "p": 79, "v": 8, "w": 0.0}], "pos": 1.0, "size": 1.0}, {"_time": 8.5, "$id": 57, "sounds": [{"d": 0.19140625, "p": 74, "v": 20, "w": 0.0}], "pos": 0.5, "size": 1.0}, {"_time": 8.625, "$id": 58, "sounds": [{"d": 0.30078125, "p": 72, "v": 13, "w": 0.0}], "pos": 0.0, "size": 1.0}, {"_time": 8.75, "$id": 59, "sounds": [{"d": 0.109375, "p": 67, "v": 15, "w": 0.0}], "pos": -0.5, "size": 1.0}, {"_time": 8.875, "$id": 60, "sounds": [{"d": 0.109375, "p": 63, "v": 11, "w": 0.0}], "pos": -1.0, "size": 1.0}, {"_time": 9.0, "$id": 61, "sounds": [{"d": 0.140625, "p": 56, "v": 8, "w": 0.0}], "pos": -2.0, "size": 1.70000017}, {"_time": 9.125, "$id": 62, "sounds": [{"d": 0.28515625, "p": 63, "v": 8, "w": 0.0}], "pos": -1.0, "size": 1.0}, {"_time": 9.25, "$id": 63, "sounds": [{"d": 0.2890625, "p": 67, "v": 13, "w": 0.0}], "pos": -0.5, "size": 1.0}, {"_time": 9.375, "$id": 64, "sounds": [{"d": 0.171875, "p": 72, "v": 8, "w": 0.0}], "pos": 0.0, "size": 1.0}, {"_time": 9.5, "$id": 65, "sounds": [{"d": 0.125, "p": 74, "v": 10, "w": 0.0}], "pos": 0.5, "size": 1.0}, {"_time": 9.625, "$id": 66, "sounds": [{"d": 0.14453125, "p": 79, "v": 30, "w": 0.0}], "pos": 1.0, "size": 1.0}, {"_time": 9.75, "$id": 67, "sounds": [{"d": 0.1015625, "p": 84, "v": 27, "w": 0.0}], "pos": 2.0, "size": 1.70000017}, {"_time": 9.875, "$id": 68, "sounds": [{"d": 0.2265625, "p": 79, "v": 10, "w": 0.0}], "pos": 1.0, "size": 1.0}, {"_time": 10.0, "$id": 69, "sounds": [{"d": 0.16796875, "p": 74, "v": 20, "w": 0.0}], "pos": 0.5, "size": 1.0}, {"_time": 10.125, "$id": 70, "sounds": [{"d": 0.1640625, "p": 72, "v": 16, "w": 0.0}], "pos": 0.0, "size": 1.0}, {"_time": 10.25, "$id": 71, "sounds": [{"d": 0.10546875, "p": 67, "v": 8, "w": 0.0}], "pos": -0.5, "size": 1.0}, {"_time": 10.375, "$id": 72, "sounds": [{"d": 0.08203125, "p": 63, "v": 8, "w": 0.0}], "pos": -1.0, "size": 1.0}, {"_time": 10.5, "$id": 73, "sounds": [{"d": 0.11328125, "p": 55, "v": 32, "w": 0.0}], "pos": -1.5, "size": 1.70000017}, {"_time": 10.625, "$id": 74, "sounds": [{"d": 0.1328125, "p": 63, "v": 17, "w": 0.0}], "pos": -1.0, "size": 1.0}, {"_time": 10.75, "$id": 75, "sounds": [{"d": 0.09765625, "p": 67, "v": 21, "w": 0.0}], "pos": -0.5, "size": 1.0}, {"_time": 10.875, "$id": 76, "sounds": [{"d": 0.10546875, "p": 70, "v": 9, "w": 0.0}], "pos": 0.0, "size": 1.0}, {"_time": 11.0, "$id": 77, "sounds": [{"d": 0.14453125, "p": 75, "v": 15, "w": 0.0}], "pos": 0.5, "size": 1.0}, {"_time": 11.125, "$id": 78, "sounds": [{"d": 0.13671875, "p": 77, "v": 19, "w": 0.0}], "pos": 1.0, "size": 1.0}, {"_time": 11.25, "$id": 79, "sounds": [{"d": 0.15234375, "p": 82, "v": 20, "w": 0.0}], "pos": 1.5, "size": 1.70000017}, {"_time": 11.375, "$id": 80, "sounds": [{"d": 0.23046875, "p": 77, "v": 10, "w": 0.0}], "pos": 1.0, "size": 1.0}, {"_time": 11.5, "$id": 81, "sounds": [{"d": 0.15234375, "p": 75, "v": 16, "w": 0.0}], "pos": 0.5, "size": 1.0}, {"_time": 11.625, "$id": 82, "sounds": [{"d": 0.17578125, "p": 70, "v": 9, "w": 0.0}], "pos": 0.0, "size": 1.0}, {"_time": 11.75, "$id": 83, "sounds": [{"d": 0.12890625, "p": 67, "v": 19, "w": 0.0}], "pos": -0.5, "size": 1.0}, {"_time": 11.875, "$id": 84, "sounds": [{"d": 0.12109375, "p": 63, "v": 8, "w": 0.0}], "pos": -1.0, "size": 1.0}, {"_time": 12.0, "$id": 85, "sounds": [{"d": 0.08203125, "p": 94, "v": 17, "w": 0.0}], "pos": 2.0, "size": 1.0}, {"_time": 13.5, "$id": 86, "sounds": [{"d": 1.4375, "p": 32, "v": 59, "w": 0.0}], "pos": -1.73741913, "size": 1.50000012}, {"_time": 13.6210938, "$id": 87, "sounds": [{"d": 0.3828125, "p": 75, "v": 21, "w": 0.0}], "pos": 0.0, "size": 1.0}, {"_time": 13.75, "$id": 88, "sounds": [{"d": 0.203125, "p": 79, "v": 30, "w": 0.0}], "pos": -2.0, "size": 1.0}, {"_time": 13.875, "$id": 89, "sounds": [{"d": 0.18359375, "p": 84, "v": 31, "w": 0.0}], "pos": 1.78118134, "size": 1.4000001}, {"_time": 14.0, "$id": 90, "sounds": [{"d": 0.140625, "p": 86, "v": 46, "w": 0.0}], "pos": 0.0, "size": 1.0}, {"_time": 14.125, "$id": 91, "sounds": [{"d": 0.140625, "p": 91, "v": 60, "w": 0.0}], "pos": 2.0, "size": 1.0}, {"_time": 14.25, "$id": 92, "sounds": [{"d": 0.12109375, "p": 96, "v": 54, "w": 0.0}], "pos": -1.23741913, "size": 1.50000012}, {"_time": 14.375, "$id": 93, "sounds": [{"d": 0.2421875, "p": 91, "v": 37, "w": 0.0}], "pos": 0.0, "size": 1.0}, {"_time": 14.5, "$id": 94, "sounds": [{"d": 0.19140625, "p": 86, "v": 48, "w": 0.0}], "pos": -1.5, "size": 1.0}, {"_time": 14.625, "$id": 95, "sounds": [{"d": 0.30078125, "p": 84, "v": 42, "w": 0.0}], "pos": 1.28118134, "size": 1.4000001}, {"_time": 14.75, "$id": 96, "sounds": [{"d": 0.109375, "p": 79, "v": 44, "w": 0.0}], "pos": 0.0, "size": 1.0}, {"_time": 14.875, "$id": 97, "sounds": [{"d": 0.109375, "p": 75, "v": 41, "w": 0.0}], "pos": 1.5, "size": 1.0}, {"_time": 15.0, "$id": 98, "sounds": [{"d": 0.140625, "p": 44, "v": 41, "w": 0.0}], "pos": -0.7374191, "size": 1.50000012}, {"_time": 15.125, "$id": 99, "sounds": [{"d": 0.28515625, "p": 75, "v": 31, "w": 0.0}], "pos": 0.0, "size": 1.0}, {"_time": 15.25, "$id": 100, "sounds": [{"d": 0.2890625, "p": 79, "v": 42, "w": 0.0}], "pos": -1.0, "size": 1.0}, {"_time": 15.375, "$id": 101, "sounds": [{"d": 0.171875, "p": 84, "v": 32, "w": 0.0}], "pos": 0.781181335, "size": 1.4000001}, {"_time": 15.5, "$id": 102, "sounds": [{"d": 0.125, "p": 86, "v": 40, "w": 0.0}], "pos": 0.0, "size": 1.0}, {"_time": 15.625, "$id": 103, "sounds": [{"d": 0.14453125, "p": 91, "v": 57, "w": 0.0}], "pos": 1.0, "size": 1.0}, {"_time": 15.75, "$id": 104, "sounds": [{"d": 0.1015625, "p": 96, "v": 54, "w": 0.0}], "pos": -1.23741913, "size": 1.50000012}, {"_time": 15.875, "$id": 105, "sounds": [{"d": 0.2265625, "p": 91, "v": 40, "w": 0.0}], "pos": 0.0, "size": 1.0}, {"_time": 16.0, "$id": 106, "sounds": [{"d": 0.16796875, "p": 86, "v": 48, "w": 0.0}], "pos": -1.5, "size": 1.0}, {"_time": 16.125, "$id": 107, "sounds": [{"d": 0.1640625, "p": 84, "v": 45, "w": 0.0}], "pos": 1.28118134, "size": 1.4000001}, {"_time": 16.25, "$id": 108, "sounds": [{"d": 0.10546875, "p": 79, "v": 30, "w": 0.0}], "pos": 0.0, "size": 1.0}, {"_time": 16.375, "$id": 109, "sounds": [{"d": 0.08203125, "p": 75, "v": 34, "w": 0.0}], "pos": 1.5, "size": 1.0}, {"_time": 16.5, "$id": 110, "sounds": [{"d": 0.11328125, "p": 31, "v": 44, "w": 0.0}], "pos": -1.73741913, "size": 1.50000012}, {"_time": 16.625, "$id": 111, "sounds": [{"d": 0.1328125, "p": 75, "v": 46, "w": 0.0}], "pos": 0.0, "size": 1.0}, {"_time": 16.75, "$id": 112, "sounds": [{"d": 0.09765625, "p": 79, "v": 49, "w": 0.0}], "pos": -2.0, "size": 1.0}, {"_time": 16.875, "$id": 113, "sounds": [{"d": 0.10546875, "p": 82, "v": 39, "w": 0.0}], "pos": 1.78118134, "size": 1.4000001}, {"_time": 17.0, "$id": 114, "sounds": [{"d": 0.14453125, "p": 87, "v": 44, "w": 0.0}], "pos": 0.0, "size": 1.0}, {"_time": 17.125, "$id": 115, "sounds": [{"d": 0.13671875, "p": 89, "v": 47, "w": 0.0}], "pos": 2.0, "size": 1.0}, {"_time": 17.25, "$id": 116, "sounds": [{"d": 0.15234375, "p": 94, "v": 62, "w": 0.0}], "pos": -1.23741913, "size": 1.50000012}, {"_time": 17.375, "$id": 117, "sounds": [{"d": 0.23046875, "p": 89, "v": 40, "w": 0.0}], "pos": 0.0, "size": 1.0}, {"_time": 17.5, "$id": 118, "sounds": [{"d": 0.15234375, "p": 87, "v": 45, "w": 0.0}], "pos": -1.5, "size": 1.0}, {"_time": 17.625, "$id": 119, "sounds": [{"d": 0.17578125, "p": 82, "v": 39, "w": 0.0}], "pos": 1.28118134, "size": 1.4000001}, {"_time": 17.75, "$id": 120, "sounds": [{"d": 0.12890625, "p": 79, "v": 47, "w": 0.0}], "pos": 0.0, "size": 1.0}, {"_time": 17.875, "$id": 121, "sounds": [{"d": 0.12109375, "p": 75, "v": 36, "w": 0.0}], "pos": 1.5, "size": 1.0}, {"_time": 18.0, "$id": 122, "sounds": [{"d": 0.14453125, "p": 43, "v": 46, "w": 0.0}], "pos": -0.7374191, "size": 1.50000012}, {"_time": 18.125, "$id": 123, "sounds": [{"d": 0.19921875, "p": 75, "v": 54, "w": 0.0}], "pos": -0.009846687, "size": 1.0}, {"_time": 18.25, "$id": 124, "sounds": [{"d": 0.10546875, "p": 79, "v": 66, "w": 0.0}], "pos": -1.0, "size": 1.0}, {"_time": 18.375, "$id": 125, "sounds": [{"d": 0.125, "p": 82, "v": 47, "w": 0.0}], "pos": 1.0, "size": 1.0}, {"_time": 18.5, "$id": 126, "sounds": [{"d": 0.19140625, "p": 87, "v": 50, "w": 0.0}], "pos": -2.0, "size": 1.0}, {"_time": 18.625, "$id": 127, "sounds": [{"d": 0.12109375, "p": 89, "v": 56, "w": 0.0}], "pos": 2.0, "size": 1.2}, {"_time": 18.75, "$id": 128, "sounds": [{"d": 0.14453125, "p": 70, "v": 69, "w": 0.0}], "pos": -1.5, "size": 1.2}, {"_time": 18.75, "$id": 129, "sounds": [{"d": 0.14453125, "p": 94, "v": 51, "w": 0.0}], "pos": 1.5, "size": 1.2}, {"_time": 18.875, "$id": 130, "sounds": [{"d": 0.2109375, "p": 89, "v": 33, "w": 0.0}], "pos": 1.0, "size": 1.1}, {"_time": 18.875, "$id": 131, "sounds": [{"d": 0.2109375, "p": 65, "v": 51, "w": 0.0}], "pos": -1.0, "size": 1.1}, {"_time": 19.0, "$id": 132, "sounds": [{"d": 0.15234375, "p": 87, "v": 44, "w": 0.0}], "pos": 0.5, "size": 1.0}, {"_time": 19.0, "$id": 133, "sounds": [{"d": 0.15234375, "p": 63, "v": 62, "w": 0.0}], "pos": -0.5041337, "size": 1.0}, {"_time": 19.125, "$id": 134, "sounds": [{"d": 0.12109375, "p": 82, "v": 46, "w": 0.0}], "pos": 0.0, "size": 1.0}, {"_time": 19.25, "$id": 135, "sounds": [{"d": 0.12890625, "p": 79, "v": 43, "w": 0.0}], "pos": -0.5, "size": 1.0}, {"_time": 19.25, "$id": 136, "sounds": [{"d": 0.12890625, "p": 55, "v": 61, "w": 0.0}], "pos": 0.5, "size": 1.0}, {"_time": 19.375, "$id": 137, "sounds": [{"d": 0.05078125, "p": 75, "v": 40, "w": 0.0}], "pos": -1.0, "size": 1.2}, {"_time": 19.375, "$id": 138, "sounds": [{"d": 0.05078125, "p": 51, "v": 58, "w": 0.0}], "pos": 1.0, "size": 1.2}, {"_time": 19.5, "$id": 139, "sounds": [{"d": 0.390625, "p": 32, "v": 73, "w": 0.0}], "pos": -1.69365311, "size": 1.50000012}, {"_time": 19.6210938, "$id": 140, "sounds": [{"d": 0.3828125, "p": 75, "v": 38, "w": 0.0}], "pos": 0.0, "size": 1.0}, {"_time": 19.75, "$id": 141, "sounds": [{"d": 0.203125, "p": 79, "v": 30, "w": 0.0}], "pos": -2.0, "size": 1.0}, {"_time": 19.875, "$id": 142, "sounds": [{"d": 0.18359375, "p": 84, "v": 31, "w": 0.0}], "pos": 1.80306339, "size": 1.4000001}, {"_time": 20.0, "$id": 143, "sounds": [{"d": 0.140625, "p": 86, "v": 46, "w": 0.0}], "pos": 0.0, "size": 1.0}, {"_time": 20.125, "$id": 144, "sounds": [{"d": 0.140625, "p": 91, "v": 60, "w": 0.0}], "pos": 2.0, "size": 1.0}, {"_time": 20.25, "$id": 145, "sounds": [{"d": 0.12109375, "p": 96, "v": 54, "w": 0.0}], "pos": -1.19365311, "size": 1.50000012}, {"_time": 20.375, "$id": 146, "sounds": [{"d": 0.2421875, "p": 91, "v": 37, "w": 0.0}], "pos": 0.0, "size": 1.0}, {"_time": 20.5, "$id": 147, "sounds": [{"d": 0.19140625, "p": 86, "v": 48, "w": 0.0}], "pos": -1.5, "size": 1.0}, {"_time": 20.625, "$id": 148, "sounds": [{"d": 0.30078125, "p": 84, "v": 42, "w": 0.0}], "pos": 1.30306339, "size": 1.4000001}, {"_time": 20.75, "$id": 149, "sounds": [{"d": 0.109375, "p": 79, "v": 44, "w": 0.0}], "pos": 0.0, "size": 1.0}, {"_time": 20.875, "$id": 150, "sounds": [{"d": 0.109375, "p": 75, "v": 41, "w": 0.0}], "pos": 1.5, "size": 1.0}, {"_time": 21.0, "$id": 151, "sounds": [{"d": 0.140625, "p": 44, "v": 41, "w": 0.0}], "pos": -0.6939392, "size": 1.50000012}, {"_time": 21.125, "$id": 152, "sounds": [{"d": 0.28515625, "p": 75, "v": 31, "w": 0.0}], "pos": 0.0, "size": 1.0}, {"_time": 21.25, "$id": 153, "sounds": [{"d": 0.2890625, "p": 79, "v": 42, "w": 0.0}], "pos": -1.0, "size": 1.0}, {"_time": 21.375, "$id": 154, "sounds": [{"d": 0.171875, "p": 84, "v": 32, "w": 0.0}], "pos": 0.8030634, "size": 1.4000001}, {"_time": 21.5, "$id": 155, "sounds": [{"d": 0.125, "p": 86, "v": 40, "w": 0.0}], "pos": 0.0, "size": 1.0}, {"_time": 21.625, "$id": 156, "sounds": [{"d": 0.14453125, "p": 91, "v": 57, "w": 0.0}], "pos": 1.0, "size": 1.0}, {"_time": 21.75, "$id": 157, "sounds": [{"d": 0.1015625, "p": 96, "v": 54, "w": 0.0}], "pos": -1.19365311, "size": 1.50000012}, {"_time": 21.875, "$id": 158, "sounds": [{"d": 0.2265625, "p": 91, "v": 40, "w": 0.0}], "pos": 0.0, "size": 1.0}, {"_time": 22.0, "$id": 159, "sounds": [{"d": 0.16796875, "p": 86, "v": 48, "w": 0.0}], "pos": -1.5, "size": 1.0}, {"_time": 22.125, "$id": 160, "sounds": [{"d": 0.1640625, "p": 84, "v": 45, "w": 0.0}], "pos": 1.30606079, "size": 1.4000001}, {"_time": 22.25, "$id": 161, "sounds": [{"d": 0.10546875, "p": 79, "v": 30, "w": 0.0}], "pos": 0.0, "size": 1.0}, {"_time": 22.375, "$id": 162, "sounds": [{"d": 0.08203125, "p": 75, "v": 34, "w": 0.0}], "pos": 1.5, "size": 1.0}, {"_time": 22.5, "$id": 163, "sounds": [{"d": 0.11328125, "p": 31, "v": 51, "w": 0.0}], "pos": -1.69365311, "size": 1.50000012}, {"_time": 22.625, "$id": 164, "sounds": [{"d": 0.1328125, "p": 75, "v": 46, "w": 0.0}], "pos": 0.0, "size": 1.0}, {"_time": 22.75, "$id": 165, "sounds": [{"d": 0.09765625, "p": 79, "v": 49, "w": 0.0}], "pos": -2.0, "size": 1.0}, {"_time": 22.875, "$id": 166, "sounds": [{"d": 0.10546875, "p": 82, "v": 39, "w": 0.0}], "pos": 1.80306339, "size": 1.4000001}, {"_time": 23.0, "$id": 167, "sounds": [{"d": 0.14453125, "p": 87, "v": 44, "w": 0.0}], "pos": 0.0, "size": 1.0}, {"_time": 23.125, "$id": 168, "sounds": [{"d": 0.13671875, "p": 89, "v": 47, "w": 0.0}], "pos": 2.0, "size": 1.0}, {"_time": 23.25, "$id": 169, "sounds": [{"d": 0.15234375, "p": 94, "v": 62, "w": 0.0}], "pos": -1.19365311, "size": 1.50000012}, {"_time": 23.375, "$id": 170, "sounds": [{"d": 0.23046875, "p": 89, "v": 40, "w": 0.0}], "pos": 0.0, "size": 1.0}, {"_time": 23.5, "$id": 171, "sounds": [{"d": 0.15234375, "p": 87, "v": 45, "w": 0.0}], "pos": -1.5, "size": 1.0}, {"_time": 23.625, "$id": 172, "sounds": [{"d": 0.17578125, "p": 82, "v": 39, "w": 0.0}], "pos": 1.30306339, "size": 1.4000001}, {"_time": 23.75, "$id": 173, "sounds": [{"d": 0.12890625, "p": 79, "v": 47, "w": 0.0}], "pos": 0.0, "size": 1.0}, {"_time": 23.875, "$id": 174, "sounds": [{"d": 0.12109375, "p": 75, "v": 36, "w": 0.0}], "pos": 1.5, "size": 1.0}, {"_time": 24.0, "$id": 175, "sounds": [{"d": 0.14453125, "p": 55, "v": 68, "w": 0.0}], "pos": -2.0, "size": 1.0}, {"_time": 24.125, "$id": 176, "sounds": [{"d": 0.19921875, "p": 75, "v": 54, "w": 0.0}], "pos": -1.19749546, "size": 1.0}, {"_time": 24.25, "$id": 177, "sounds": [{"d": 0.10546875, "p": 79, "v": 66, "w": 0.0}], "pos": -0.259859085, "size": 1.1}, {"_time": 24.375, "$id": 178, "sounds": [{"d": 0.125, "p": 82, "v": 47, "w": 0.0}], "pos": 0.487133026, "size": 1.1}, {"_time": 24.5, "$id": 179, "sounds": [{"d": 0.19140625, "p": 87, "v": 50, "w": 0.0}], "pos": 1.00272369, "size": 1.1}, {"_time": 24.625, "$id": 180, "sounds": [{"d": 0.12109375, "p": 89, "v": 56, "w": 0.0}], "pos": 1.42777824, "size": 1.2}, {"_time": 24.7421875, "$id": 181, "sounds": [{"d": 0.16796875, "p": 63, "v": 55, "w": 0.0}], "pos": -1.82494545, "size": 1.30000007}, {"_time": 24.75, "$id": 182, "sounds": [{"d": 0.14453125, "p": 94, "v": 51, "w": 0.0}], "pos": 1.61514091, "size": 1.30000007}, {"_time": 24.875, "$id": 183, "sounds": [{"d": 0.2109375, "p": 89, "v": 33, "w": 0.0}], "pos": 1.34025, "size": 1.2}, {"_time": 24.875, "$id": 184, "sounds": [{"d": 0.0859375, "p": 67, "v": 47, "w": 0.0}], "pos": -1.58480453, "size": 1.2}, {"_time": 25.0, "$id": 185, "sounds": [{"d": 0.15234375, "p": 87, "v": 44, "w": 0.0}], "pos": 0.9151964, "size": 1.1}, {"_time": 25.0, "$id": 186, "sounds": [{"d": 0.14453125, "p": 70, "v": 61, "w": 0.0}], "pos": -1.29733181, "size": 1.1}, {"_time": 25.125, "$id": 187, "sounds": [{"d": 0.30078125, "p": 75, "v": 52, "w": 0.0}], "pos": -0.9349146, "size": 1.0}, {"_time": 25.125, "$id": 188, "sounds": [{"d": 0.12109375, "p": 82, "v": 46, "w": 0.0}], "pos": 0.333960533, "size": 1.0}, {"_time": 25.25, "$id": 189, "sounds": [{"d": 0.12890625, "p": 79, "v": 67, "w": 0.0}], "pos": -0.3473873, "size": 1.0}, {"_time": 25.375, "$id": 190, "sounds": [{"d": 0.05078125, "p": 87, "v": 52, "w": 0.0}], "pos": 0.380844116, "size": 1.0}, {"_time": 25.484375, "$id": 191, "sounds": [{"d": 2.12890625, "p": 79, "v": 8, "w": 0.0}], "pos": -2.0, "size": 0.799999952}, {"_time": 25.5, "$id": 192, "sounds": [{"d": 0.04296875, "p": 99, "v": 70, "w": 0.0}], "pos": 2.0, "size": 0.799999952}, {"_time": 27.0, "$id": 193, "sounds": [{"d": 0.515625, "p": 82, "v": 8, "w": 0.0}], "pos": 1.38740444, "size": 0.799999952}, {"_time": 27.75, "$id": 194, "sounds": [{"d": 0.2890625, "p": 75, "v": 34, "w": 0.0}], "pos": -1.71954346, "size": 0.799999952}, {"_time": 28.4882813, "$id": 195, "sounds": [{"d": 0.46875, "p": 70, "v": 8, "w": 0.0}], "pos": -0.7909336, "size": 0.799999952}, {"_time": 28.5, "$id": 196, "sounds": [{"d": 0.47265625, "p": 65, "v": 12, "w": 0.0}], "pos": 0.9910679, "size": 1.0}, {"_time": 28.546875, "$id": 197, "sounds": [{"d": 0.484375, "p": 74, "v": 12, "w": 0.0}], "pos": -1.1005621, "size": 0.799999952}, {"_time": 30.0, "$id": 198, "sounds": [{"d": 0.046875, "p": 65, "v": 29, "w": 0.0}], "pos": 1.5, "size": 1.0}, {"_time": 30.046875, "$id": 199, "sounds": [{"d": 0.14453125, "p": 70, "v": 25, "w": 0.0}], "pos": 2.0, "size": 1.0}, {"_time": 30.75, "$id": 200, "sounds": [{"d": 0.09765625, "p": 72, "v": 38, "w": 0.0}], "pos": 0.498261929, "size": 0.9}, {"_time": 31.5234375, "$id": 201, "sounds": [{"d": 0.14453125, "p": 65, "v": 17, "w": 0.0}], "pos": -0.0922761, "size": 0.9}, {"_time": 31.546875, "$id": 202, "sounds": [{"d": 1.1796875, "p": 48, "v": 10, "w": 0.0}], "pos": -2.0, "size": 1.0}, {"_time": 33.0, "$id": 203, "sounds": [{"d": 0.74609375, "p": 62, "v": 32, "w": 0.0}], "pos": 2.0, "size": 0.9}, {"_time": 33.75, "$id": 204, "sounds": [{"d": 0.203125, "p": 63, "v": 32, "w": 0.0}], "pos": -1.0372, "size": 0.9}, {"_time": 34.5, "$id": 205, "sounds": [{"d": 0.3203125, "p": 62, "v": 20, "w": 0.0}], "pos": 0.595747, "size": 0.9}, {"_time": 34.546875, "$id": 206, "sounds": [{"d": 0.046875, "p": 65, "v": 37, "w": 0.0}], "pos": 0.248645782, "size": 0.9}, {"_time": 35.25, "$id": 207, "sounds": [{"d": 0.046875, "p": 58, "v": 29, "w": 0.0}], "pos": -2.0, "size": 1.0}, {"_time": 36.0234375, "$id": 208, "sounds": [{"d": 0.046875, "p": 43, "v": 38, "w": 0.0}], "pos": -1.70642567, "size": 1.0}, {"_time": 36.046875, "$id": 209, "sounds": [{"d": 0.3515625, "p": 59, "v": 41, "w": 0.0}], "pos": 0.818738, "size": 1.0}, {"_time": 36.75, "$id": 210, "sounds": [{"d": 0.046875, "p": 58, "v": 44, "w": 0.0}], "pos": -0.247179985, "size": 1.0}, {"_time": 37.5, "$id": 211, "sounds": [{"d": 0.796875, "p": 67, "v": 51, "w": 0.0}], "pos": 2.0, "size": 1.2}, {"_time": 37.5, "$id": 212, "sounds": [{"d": 2.48046875, "p": 44, "v": 51, "w": 0.0}], "pos": -2.0, "size": 1.2}, {"_time": 39.046875, "$id": 213, "sounds": [{"d": 0.08203125, "p": 79, "v": 13, "w": 0.0}], "pos": -1.51068687, "size": 0.9}, {"_time": 39.80078, "$id": 214, "sounds": [{"d": 0.04296875, "p": 80, "v": 15, "w": 0.0}], "pos": -0.160305977, "size": 0.9}, {"_time": 40.5, "$id": 215, "sounds": [{"d": 0.0703125, "p": 83, "v": 15, "w": 0.0}], "pos": 0.6742134, "size": 0.9}, {"_time": 41.25, "$id": 216, "sounds": [{"d": 0.0703125, "p": 87, "v": 27, "w": 0.0}], "pos": 1.52432156, "size": 0.9}, {"_time": 42.0, "$id": 217, "sounds": [{"d": 0.29296875, "p": 82, "v": 25, "w": 0.0}], "pos": 0.242866516, "size": 0.9}, {"_time": 42.0, "$id": 218, "sounds": [{"d": 0.08203125, "p": 87, "v": 25, "w": 0.0}], "pos": 2.0, "size": 0.9}, {"_time": 42.375, "$id": 219, "sounds": [{"d": 0.37890625, "p": 80, "v": 15, "w": 0.0}], "pos": -0.444767952, "size": 0.9}, {"_time": 42.375, "$id": 220, "sounds": [{"d": 0.37890625, "p": 92, "v": 15, "w": 0.0}], "pos": 1.18652248, "size": 0.9}, {"_time": 42.75, "$id": 221, "sounds": [{"d": 0.375, "p": 75, "v": 20, "w": 0.0}], "pos": -1.28858757, "size": 0.9}, {"_time": 42.75, "$id": 222, "sounds": [{"d": 0.375, "p": 87, "v": 20, "w": 0.0}], "pos": 0.342702866, "size": 0.9}, {"_time": 43.125, "$id": 223, "sounds": [{"d": 0.1328125, "p": 77, "v": 8, "w": 0.0}], "pos": -0.535306, "size": 0.9}, {"_time": 43.125, "$id": 224, "sounds": [{"d": 0.1328125, "p": 89, "v": 8, "w": 0.0}], "pos": 0.964694, "size": 0.9}, {"_time": 43.51953, "$id": 225, "sounds": [{"d": 1.41015625, "p": 43, "v": 39, "w": 0.0}], "pos": -1.5, "size": 1.1}, {"_time": 43.546875, "$id": 226, "sounds": [{"d": 1.4453125, "p": 53, "v": 43, "w": 0.0}], "pos": 1.0, "size": 1.1}, {"_time": 45.0, "$id": 227, "sounds": [{"d": 0.09375, "p": 75, "v": 31, "w": 0.0}], "pos": 1.45387983, "size": 1.0}, {"_time": 45.7578125, "$id": 228, "sounds": [{"d": 0.0703125, "p": 70, "v": 34, "w": 0.0}], "pos": -0.72473, "size": 1.0}, {"_time": 46.5, "$id": 229, "sounds": [{"d": 0.375, "p": 48, "v": 43, "w": 0.0}], "pos": -1.92112017, "size": 1.1}, {"_time": 46.5, "$id": 230, "sounds": [{"d": 0.38671875, "p": 67, "v": 34, "w": 0.0}], "pos": 0.453879833, "size": 1.1}, {"_time": 46.875, "$id": 231, "sounds": [{"d": 0.1875, "p": 55, "v": 16, "w": 0.0}], "pos": -2.0, "size": 0.9}, {"_time": 47.0625, "$id": 232, "sounds": [{"d": 0.1875, "p": 58, "v": 23, "w": 0.0}], "pos": -2.0, "size": 0.9}, {"_time": 47.25, "$id": 233, "sounds": [{"d": 0.1875, "p": 62, "v": 28, "w": 0.0}], "pos": 0.5, "size": 0.9}, {"_time": 47.4375, "$id": 234, "sounds": [{"d": 0.16015625, "p": 65, "v": 40, "w": 0.0}], "pos": 0.5, "size": 0.9}, {"_time": 47.625, "$id": 235, "sounds": [{"d": 0.11328125, "p": 68, "v": 45, "w": 0.0}], "pos": -1.0, "size": 0.9}, {"_time": 47.8125, "$id": 236, "sounds": [{"d": 0.0703125, "p": 70, "v": 55, "w": 0.0}], "pos": -1.0, "size": 0.9}, {"_time": 48.0, "$id": 237, "sounds": [{"d": 0.42578125, "p": 82, "v": 71, "w": 0.0}], "pos": 2.0, "size": 0.9}, {"_time": 48.1875, "$id": 238, "sounds": [{"d": 0.15234375, "p": 70, "v": 43, "w": 0.0}], "pos": -0.311089516, "size": 0.9}, {"_time": 48.375, "$id": 239, "sounds": [{"d": 0.1953125, "p": 70, "v": 55, "w": 0.0}], "pos": -0.311089516, "size": 0.9}, {"_time": 48.5625, "$id": 240, "sounds": [{"d": 0.2109375, "p": 75, "v": 65, "w": 0.0}], "pos": 1.52297688, "size": 1.0}, {"_time": 48.75, "$id": 241, "sounds": [{"d": 0.09765625, "p": 77, "v": 79, "w": 0.0}], "pos": 1.52297688, "size": 1.0}, {"_time": 48.9375, "$id": 242, "sounds": [{"d": 0.10546875, "p": 82, "v": 77, "w": 0.0}], "pos": -1.5, "size": 1.0}, {"_time": 49.125, "$id": 243, "sounds": [{"d": 0.12890625, "p": 87, "v": 83, "w": 0.0}], "pos": -1.5, "size": 1.0}, {"_time": 49.3125, "$id": 244, "sounds": [{"d": 0.16796875, "p": 89, "v": 72, "w": 0.0}], "pos": 2.0, "size": 1.0}, {"_time": 49.5, "$id": 245, "sounds": [{"d": 0.05078125, "p": 32, "v": 86, "w": 0.0}], "pos": 3.0, "size": 1.0}, {"_time": 49.5, "$id": 246, "sounds": [{"d": 0.08203125, "p": 89, "v": 82, "w": 0.0}], "pos": 2.0, "size": 1.60000014}, {"_time": 49.5039063, "$id": 247, "sounds": [{"d": 0.02734375, "p": 82, "v": 76, "w": 0.0}], "pos": -2.0, "size": 1.60000014}, {"_time": 50.2578125, "$id": 248, "sounds": [{"d": 0.1875, "p": 56, "v": 57, "w": 0.0}], "pos": -2.0, "size": 1.2}, {"_time": 50.3828125, "$id": 249, "sounds": [{"d": 0.203125, "p": 63, "v": 63, "w": 0.0}], "pos": 0.0, "size": 1.0}, {"_time": 50.5078125, "$id": 250, "sounds": [{"d": 0.171875, "p": 67, "v": 72, "w": 0.0}], "pos": -1.02851677, "size": 1.2}, {"_time": 50.6328125, "$id": 251, "sounds": [{"d": 0.1328125, "p": 70, "v": 47, "w": 0.0}], "pos": 0.0, "size": 1.0}, {"_time": 50.7578125, "$id": 252, "sounds": [{"d": 0.171875, "p": 75, "v": 78, "w": 0.0}], "pos": 0.9999304, "size": 1.2}, {"_time": 50.8828125, "$id": 253, "sounds": [{"d": 0.171875, "p": 79, "v": 78, "w": 0.0}], "pos": 0.0, "size": 1.0}, {"_time": 51.0078125, "$id": 254, "sounds": [{"d": 0.2109375, "p": 82, "v": 87, "w": 0.0}], "pos": 2.0, "size": 1.2}, {"_time": 51.1328125, "$id": 255, "sounds": [{"d": 0.1875, "p": 80, "v": 40, "w": 0.0}], "pos": 0.0, "size": 1.0}, {"_time": 51.2578125, "$id": 256, "sounds": [{"d": 0.203125, "p": 75, "v": 44, "w": 0.0}], "pos": 1.11189985, "size": 1.2}, {"_time": 51.3828125, "$id": 257, "sounds": [{"d": 0.1328125, "p": 70, "v": 32, "w": 0.0}], "pos": 0.0, "size": 1.0}, {"_time": 51.5078125, "$id": 258, "sounds": [{"d": 0.171875, "p": 67, "v": 51, "w": 0.0}], "pos": -0.9821906, "size": 1.2}, {"_time": 51.6328125, "$id": 259, "sounds": [{"d": 0.171875, "p": 63, "v": 56, "w": 0.0}], "pos": 0.0, "size": 1.0}, {"_time": 51.7578125, "$id": 260, "sounds": [{"d": 0.2109375, "p": 58, "v": 33, "w": 0.0}], "pos": -2.0, "size": 1.2}, {"_time": 51.8828125, "$id": 261, "sounds": [{"d": 0.1875, "p": 56, "v": 33, "w": 0.0}], "pos": 0.0, "size": 1.0}, {"_time": 52.0078125, "$id": 262, "sounds": [{"d": 0.203125, "p": 51, "v": 31, "w": 0.0}], "pos": -0.976078033, "size": 1.2}, {"_time": 52.1328125, "$id": 263, "sounds": [{"d": 0.1328125, "p": 46, "v": 38, "w": 0.0}], "pos": 0.0, "size": 1.0}, {"_time": 52.2578125, "$id": 264, "sounds": [{"d": 0.171875, "p": 43, "v": 30, "w": 0.0}], "pos": 1.04361534, "size": 1.2}, {"_time": 52.3828125, "$id": 265, "sounds": [{"d": 0.125, "p": 39, "v": 23, "w": 0.0}], "pos": 0.0, "size": 1.0}, {"_time": 52.5078125, "$id": 266, "sounds": [{"d": 0.07421875, "p": 31, "v": 70, "w": 0.0}], "pos": -2.0, "size": 1.2}, {"_time": 52.5078125, "$id": 267, "sounds": [{"d": 0.20703125, "p": 65, "v": 31, "w": 0.0}], "pos": 2.0, "size": 1.2}, {"_time": 52.6015625, "$id": 268, "sounds": [{"d": 0.125, "p": 58, "v": 21, "w": 0.0}], "pos": -1.51031351, "size": 1.2}, {"_time": 52.6953125, "$id": 269, "sounds": [{"d": 0.1171875, "p": 60, "v": 26, "w": 0.0}], "pos": -1.26031351, "size": 1.2}, {"_time": 52.7890625, "$id": 270, "sounds": [{"d": 0.03515625, "p": 62, "v": 35, "w": 0.0}], "pos": -1.01031351, "size": 1.2}, {"_time": 52.8828125, "$id": 271, "sounds": [{"d": 0.140625, "p": 63, "v": 52, "w": 0.0}], "pos": -0.819667339, "size": 1.1}, {"_time": 52.9765625, "$id": 272, "sounds": [{"d": 0.10546875, "p": 65, "v": 25, "w": 0.0}], "pos": -0.613431454, "size": 1.1}, {"_time": 53.0703125, "$id": 273, "sounds": [{"d": 0.04296875, "p": 67, "v": 31, "w": 0.0}], "pos": -0.4071946, "size": 1.1}, {"_time": 53.1640625, "$id": 274, "sounds": [{"d": 0.12890625, "p": 68, "v": 45, "w": 0.0}], "pos": -0.2165494, "size": 1.1}, {"_time": 53.2578125, "$id": 275, "sounds": [{"d": 0.125, "p": 70, "v": 19, "w": 0.0}], "pos": -0.0103135109, "size": 1.0}, {"_time": 53.3515625, "$id": 276, "sounds": [{"d": 0.09375, "p": 72, "v": 31, "w": 0.0}], "pos": 0.217803478, "size": 1.0}, {"_time": 53.4453125, "$id": 277, "sounds": [{"d": 0.1484375, "p": 74, "v": 51, "w": 0.0}], "pos": 0.4021592, "size": 1.0}, {"_time": 53.5390625, "$id": 278, "sounds": [{"d": 0.140625, "p": 75, "v": 25, "w": 0.0}], "pos": 0.6146865, "size": 1.0}, {"_time": 53.6328125, "$id": 279, "sounds": [{"d": 0.140625, "p": 77, "v": 41, "w": 0.0}], "pos": 0.8428054, "size": 1.0}, {"_time": 53.7265625, "$id": 280, "sounds": [{"d": 0.09375, "p": 79, "v": 57, "w": 0.0}], "pos": 1.07092237, "size": 1.0}, {"_time": 53.8203125, "$id": 281, "sounds": [{"d": 0.09375, "p": 80, "v": 38, "w": 0.0}], "pos": 1.23968649, "size": 1.0}, {"_time": 53.9140625, "$id": 282, "sounds": [{"d": 0.09375, "p": 82, "v": 62, "w": 0.0}], "pos": 1.44592333, "size": 1.0}, {"_time": 54.0078125, "$id": 283, "sounds": [{"d": 0.07421875, "p": 75, "v": 50, "w": 0.0}], "pos": 0.0, "size": 1.0}, {"_time": 54.0078125, "$id": 284, "sounds": [{"d": 0.09765625, "p": 94, "v": 76, "w": 0.0}], "pos": 2.0, "size": 0.799999952}, {"_time": 54.38672, "$id": 285, "sounds": [{"d": 0.03515625, "p": 75, "v": 71, "w": 0.0}], "pos": 0.590189, "size": 1.0}, {"_time": 54.421875, "$id": 286, "sounds": [{"d": 0.046875, "p": 87, "v": 85, "w": 0.0}], "pos": -1.148323, "size": 0.799999952}, {"_time": 54.7539063, "$id": 287, "sounds": [{"d": 0.08984375, "p": 86, "v": 82, "w": 0.0}], "pos": -0.3324051, "size": 0.799999952}, {"_time": 54.7539063, "$id": 288, "sounds": [{"d": 0.0390625, "p": 74, "v": 67, "w": 0.0}], "pos": -2.0, "size": 1.0}, {"_time": 55.1289063, "$id": 289, "sounds": [{"d": 0.046875, "p": 75, "v": 43, "w": 0.0}], "pos": -0.9634218, "size": 0.799999952}, {"_time": 55.1328125, "$id": 290, "sounds": [{"d": 0.05078125, "p": 87, "v": 38, "w": 0.0}], "pos": 0.908569336, "size": 1.0}, {"_time": 55.546875, "$id": 291, "sounds": [{"d": 0.32421875, "p": 75, "v": 62, "w": 0.0}], "pos": -1.5, "size": 1.30000007}, {"_time": 55.546875, "$id": 292, "sounds": [{"d": 0.375, "p": 82, "v": 76, "w": 0.0}], "pos": 1.5, "size": 1.30000007}, {"_time": 56.0625, "$id": 293, "sounds": [{"d": 0.09375, "p": 70, "v": 45, "w": 0.0}], "pos": 0.0, "size": 1.70000017}, {"_time": 56.15625, "$id": 294, "sounds": [{"d": 0.09765625, "p": 70, "v": 45, "w": 0.0}], "pos": 0.0, "size": 1.70000017}, {"_time": 56.25, "$id": 295, "sounds": [{"d": 0.16796875, "p": 36, "v": 77, "w": 0.0}], "pos": 0.0, "size": 1.70000017}, {"_time": 57.0, "$id": 296, "sounds": [{"d": 0.1796875, "p": 94, "v": 63, "w": 0.0}], "pos": 2.0, "size": 1.0}, {"_time": 57.09375, "$id": 297, "sounds": [{"d": 0.1328125, "p": 91, "v": 52, "w": 0.0}], "pos": 0.5, "size": 1.0}, {"_time": 57.1875, "$id": 298, "sounds": [{"d": 0.05859375, "p": 87, "v": 39, "w": 0.0}], "pos": 2.0, "size": 1.0}, {"_time": 57.28125, "$id": 299, "sounds": [{"d": 0.03125, "p": 86, "v": 35, "w": 0.0}], "pos": 0.5, "size": 1.0}, {"_time": 57.375, "$id": 300, "sounds": [{"d": 0.1640625, "p": 82, "v": 51, "w": 0.0}], "pos": 1.5, "size": 1.0}, {"_time": 57.46875, "$id": 301, "sounds": [{"d": 0.125, "p": 79, "v": 58, "w": 0.0}], "pos": 0.0, "size": 0.9}, {"_time": 57.5625, "$id": 302, "sounds": [{"d": 0.0703125, "p": 75, "v": 44, "w": 0.0}], "pos": 1.5, "size": 0.9}, {"_time": 57.65625, "$id": 303, "sounds": [{"d": 0.03125, "p": 74, "v": 33, "w": 0.0}], "pos": 0.0, "size": 0.9}, {"_time": 57.75, "$id": 304, "sounds": [{"d": 0.19921875, "p": 70, "v": 42, "w": 0.0}], "pos": 1.0, "size": 0.9}, {"_time": 57.84375, "$id": 305, "sounds": [{"d": 0.1328125, "p": 67, "v": 50, "w": 0.0}], "pos": -0.5, "size": 0.9}, {"_time": 57.9375, "$id": 306, "sounds": [{"d": 0.07421875, "p": 63, "v": 36, "w": 0.0}], "pos": 1.0, "size": 0.9}, {"_time": 58.03125, "$id": 307, "sounds": [{"d": 0.05859375, "p": 62, "v": 57, "w": 0.0}], "pos": -0.5, "size": 0.9}, {"_time": 58.125, "$id": 308, "sounds": [{"d": 0.1875, "p": 58, "v": 32, "w": 0.0}], "pos": 0.5, "size": 0.799999952}, {"_time": 58.21875, "$id": 309, "sounds": [{"d": 0.1328125, "p": 55, "v": 21, "w": 0.0}], "pos": -1.0, "size": 0.799999952}, {"_time": 58.3125, "$id": 310, "sounds": [{"d": 0.078125, "p": 51, "v": 18, "w": 0.0}], "pos": 0.5, "size": 0.799999952}, {"_time": 58.40625, "$id": 311, "sounds": [{"d": 0.0390625, "p": 50, "v": 17, "w": 0.0}], "pos": -0.9907236, "size": 0.799999952}, {"_time": 58.5, "$id": 312, "sounds": [{"d": 0.25390625, "p": 49, "v": 21, "w": 0.0}], "pos": 1.5, "size": 0.9}, {"_time": 58.78125, "$id": 313, "sounds": [{"d": 0.1640625, "p": 56, "v": 25, "w": 0.0}], "pos": -1.96437693, "size": 0.9}, {"_time": 58.875, "$id": 314, "sounds": [{"d": 0.140625, "p": 60, "v": 32, "w": 0.0}], "pos": -1.37684965, "size": 0.9}, {"_time": 58.96875, "$id": 315, "sounds": [{"d": 0.09765625, "p": 63, "v": 14, "w": 0.0}], "pos": -0.78303194, "size": 0.9}, {"_time": 59.0625, "$id": 316, "sounds": [{"d": 0.0859375, "p": 68, "v": 34, "w": 0.0}], "pos": -0.17991209, "size": 0.9}, {"_time": 59.15625, "$id": 317, "sounds": [{"d": 0.0625, "p": 75, "v": 42, "w": 0.0}], "pos": 0.410623074, "size": 0.9}, {"_time": 59.25, "$id": 318, "sounds": [{"d": 0.16015625, "p": 61, "v": 24, "w": 0.0}], "pos": -0.726686, "size": 0.9}, {"_time": 59.34375, "$id": 319, "sounds": [{"d": 0.078125, "p": 68, "v": 19, "w": 0.0}], "pos": -0.04862261, "size": 0.9}, {"_time": 59.4375, "$id": 320, "sounds": [{"d": 0.1171875, "p": 75, "v": 41, "w": 0.0}], "pos": 0.563795567, "size": 0.9}, {"_time": 59.53125, "$id": 321, "sounds": [{"d": 0.078125, "p": 80, "v": 35, "w": 0.0}], "pos": 1.2763238, "size": 0.9}, {"_time": 59.625, "$id": 322, "sounds": [{"d": 0.0625, "p": 87, "v": 30, "w": 0.0}], "pos": 2.0, "size": 0.9}, {"_time": 60.0, "$id": 323, "sounds": [{"d": 0.0703125, "p": 80, "v": 15, "w": 0.0}], "pos": 2.0, "size": 0.9}, {"_time": 60.75, "$id": 324, "sounds": [{"d": 0.34765625, "p": 79, "v": 25, "w": 0.0}], "pos": 0.9823942, "size": 0.9}, {"_time": 60.76953, "$id": 325, "sounds": [{"d": 0.21875, "p": 70, "v": 26, "w": 0.0}], "pos": -0.9303503, "size": 0.9}, {"_time": 61.4960938, "$id": 326, "sounds": [{"d": 0.91015625, "p": 44, "v": 20, "w": 0.0}], "pos": -2.0, "size": 0.9}, {"_time": 61.5, "$id": 327, "sounds": [{"d": 0.53515625, "p": 63, "v": 13, "w": 0.0}], "pos": -0.0110416412, "size": 0.9}, {"_time": 62.25, "$id": 328, "sounds": [{"d": 0.1484375, "p": 65, "v": 33, "w": 0.0}], "pos": -0.2795806, "size": 1.0}, {"_time": 62.984375, "$id": 329, "sounds": [{"d": 0.3984375, "p": 70, "v": 25, "w": 0.0}], "pos": 0.3454194, "size": 1.0}, {"_time": 62.9960938, "$id": 330, "sounds": [{"d": 0.3828125, "p": 63, "v": 25, "w": 0.0}], "pos": -1.47049952, "size": 1.0}, {"_time": 63.3671875, "$id": 331, "sounds": [{"d": 0.06640625, "p": 68, "v": 30, "w": 0.0}], "pos": -2.0, "size": 1.0}, {"_time": 63.75, "$id": 332, "sounds": [{"d": 0.359375, "p": 66, "v": 17, "w": 0.0}], "pos": -0.1545806, "size": 1.0}, {"_time": 63.7734375, "$id": 333, "sounds": [{"d": 0.27734375, "p": 73, "v": 17, "w": 0.0}], "pos": 1.83639383, "size": 1.0}, {"_time": 64.125, "$id": 334, "sounds": [{"d": 0.0703125, "p": 71, "v": 36, "w": 0.0}], "pos": 1.1268754, "size": 1.0}, {"_time": 64.5, "$id": 335, "sounds": [{"d": 0.61328125, "p": 70, "v": 48, "w": 0.0}], "pos": 0.3454194, "size": 1.0}, {"_time": 64.5, "$id": 336, "sounds": [{"d": 0.046875, "p": 66, "v": 27, "w": 0.0}], "pos": -1.64254522, "size": 1.0}, {"_time": 65.05859, "$id": 337, "sounds": [{"d": 0.1015625, "p": 63, "v": 29, "w": 0.0}], "pos": -0.0461187363, "size": 1.0}, {"_time": 65.15234, "$id": 338, "sounds": [{"d": 0.05078125, "p": 62, "v": 38, "w": 0.0}], "pos": -1.46214581, "size": 1.0}, {"_time": 65.24609, "$id": 339, "sounds": [{"d": 0.1328125, "p": 63, "v": 61, "w": 0.0}], "pos": -0.0461187363, "size": 1.0}, {"_time": 65.625, "$id": 340, "sounds": [{"d": 0.19140625, "p": 65, "v": 51, "w": 0.0}], "pos": -0.6713915, "size": 1.0}, {"_time": 66.0, "$id": 341, "sounds": [{"d": 0.36328125, "p": 67, "v": 27, "w": 0.0}], "pos": 0.453881264, "size": 1.0}, {"_time": 66.375, "$id": 342, "sounds": [{"d": 0.1484375, "p": 68, "v": 45, "w": 0.0}], "pos": 1.19157314, "size": 1.0}, {"_time": 66.75, "$id": 343, "sounds": [{"d": 0.296875, "p": 67, "v": 29, "w": 0.0}], "pos": -0.07128143, "size": 1.0}, {"_time": 66.75, "$id": 344, "sounds": [{"d": 0.23828125, "p": 75, "v": 64, "w": 0.0}], "pos": 2.0, "size": 1.0}, {"_time": 67.11719, "$id": 345, "sounds": [{"d": 0.07421875, "p": 63, "v": 77, "w": 0.0}], "pos": -1.00656509, "size": 1.2}, {"_time": 67.125, "$id": 346, "sounds": [{"d": 0.08203125, "p": 74, "v": 73, "w": 0.0}], "pos": 1.04441833, "size": 1.2}, {"_time": 67.5, "$id": 347, "sounds": [{"d": 0.265625, "p": 65, "v": 67, "w": 0.0}], "pos": -2.0, "size": 1.60000014}, {"_time": 67.50391, "$id": 348, "sounds": [{"d": 0.234375, "p": 70, "v": 66, "w": 0.0}], "pos": 0.238071442, "size": 1.60000014}, {"_time": 67.875, "$id": 349, "sounds": [{"d": 0.140625, "p": 58, "v": 18, "w": 0.0}], "pos": -0.795338154, "size": 0.9}, {"_time": 68.0, "$id": 350, "sounds": [{"d": 0.1328125, "p": 63, "v": 21, "w": 0.0}], "pos": -1.41760206, "size": 0.9}, {"_time": 68.125, "$id": 351, "sounds": [{"d": 0.03125, "p": 65, "v": 38, "w": 0.0}], "pos": -2.0, "size": 0.9}, {"_time": 68.25, "$id": 352, "sounds": [{"d": 0.20703125, "p": 82, "v": 72, "w": 0.0}], "pos": 2.0, "size": 1.0}, {"_time": 68.25, "$id": 353, "sounds": [{"d": 0.18359375, "p": 70, "v": 72, "w": 0.0}], "pos": -1.5, "size": 1.30000007}, {"_time": 68.375, "$id": 354, "sounds": [{"d": 0.22265625, "p": 77, "v": 48, "w": 0.0}], "pos": 0.8575616, "size": 1.0}, {"_time": 68.5, "$id": 355, "sounds": [{"d": 0.140625, "p": 75, "v": 44, "w": 0.0}], "pos": -0.289594173, "size": 1.0}, {"_time": 68.625, "$id": 356, "sounds": [{"d": 0.04296875, "p": 70, "v": 39, "w": 0.0}], "pos": 1.01100683, "size": 1.0}, {"_time": 68.75, "$id": 357, "sounds": [{"d": 0.1328125, "p": 65, "v": 34, "w": 0.0}], "pos": -0.226685047, "size": 1.0}, {"_time": 68.875, "$id": 358, "sounds": [{"d": 0.08984375, "p": 63, "v": 45, "w": 0.0}], "pos": -1.30819464, "size": 1.0}, {"_time": 69.0, "$id": 359, "sounds": [{"d": 0.109375, "p": 70, "v": 80, "w": 0.0}], "pos": 2.0, "size": 1.4000001}, {"_time": 69.00391, "$id": 360, "sounds": [{"d": 0.07421875, "p": 58, "v": 80, "w": 0.0}], "pos": -2.0, "size": 1.0}, {"_time": 69.375, "$id": 361, "sounds": [{"d": 0.09375, "p": 58, "v": 78, "w": 0.0}], "pos": 0.861053467, "size": 0.9}, {"_time": 69.5, "$id": 362, "sounds": [{"d": 0.140625, "p": 63, "v": 50, "w": 0.0}], "pos": 1.44229126, "size": 0.9}, {"_time": 69.625, "$id": 363, "sounds": [{"d": 0.04296875, "p": 65, "v": 62, "w": 0.0}], "pos": 2.0, "size": 0.9}, {"_time": 69.74609, "$id": 364, "sounds": [{"d": 0.1796875, "p": 70, "v": 83, "w": 0.0}], "pos": -2.0, "size": 1.0}, {"_time": 69.75, "$id": 365, "sounds": [{"d": 0.06640625, "p": 82, "v": 74, "w": 0.0}], "pos": 1.08206177, "size": 1.30000007}, {"_time": 69.875, "$id": 366, "sounds": [{"d": 0.17578125, "p": 77, "v": 64, "w": 0.0}], "pos": -1.0, "size": 1.0}, {"_time": 70.0, "$id": 367, "sounds": [{"d": 0.1171875, "p": 75, "v": 70, "w": 0.0}], "pos": 0.207061768, "size": 1.0}, {"_time": 70.125, "$id": 368, "sounds": [{"d": 0.1640625, "p": 84, "v": 89, "w": 0.0}], "pos": -1.21881676, "size": 1.0}, {"_time": 70.25, "$id": 369, "sounds": [{"d": 0.046875, "p": 77, "v": 67, "w": 0.0}], "pos": 0.0413093567, "size": 1.0}, {"_time": 70.375, "$id": 370, "sounds": [{"d": 0.08203125, "p": 75, "v": 60, "w": 0.0}], "pos": 1.30115414, "size": 1.0}, {"_time": 70.49609, "$id": 371, "sounds": [{"d": 0.234375, "p": 70, "v": 85, "w": 0.0}], "pos": -2.0, "size": 1.30000007}, {"_time": 70.5, "$id": 372, "sounds": [{"d": 0.25, "p": 82, "v": 63, "w": 0.0}], "pos": 2.0, "size": 1.0}, {"_time": 70.875, "$id": 373, "sounds": [{"d": 0.28125, "p": 70, "v": 90, "w": 0.0}], "pos": 2.0, "size": 1.30000007}, {"_time": 71.0, "$id": 374, "sounds": [{"d": 0.234375, "p": 65, "v": 68, "w": 0.0}], "pos": -0.5, "size": 1.0}, {"_time": 71.125, "$id": 375, "sounds": [{"d": 0.1953125, "p": 63, "v": 41, "w": 0.0}], "pos": 0.5, "size": 1.0}, {"_time": 71.25, "$id": 376, "sounds": [{"d": 0.12890625, "p": 58, "v": 58, "w": 0.0}], "pos": -1.49037933, "size": 1.30000007}, {"_time": 71.375, "$id": 377, "sounds": [{"d": 0.15625, "p": 56, "v": 33, "w": 0.0}], "pos": 0.5, "size": 1.0}, {"_time": 71.5, "$id": 378, "sounds": [{"d": 0.11328125, "p": 55, "v": 26, "w": 0.0}], "pos": -0.5, "size": 1.0}, {"_time": 71.625, "$id": 379, "sounds": [{"d": 0.1484375, "p": 53, "v": 55, "w": 0.0}], "pos": 1.5, "size": 1.30000007}, {"_time": 71.75, "$id": 380, "sounds": [{"d": 0.171875, "p": 51, "v": 38, "w": 0.0}], "pos": -0.5, "size": 1.0}, {"_time": 71.875, "$id": 381, "sounds": [{"d": 0.09375, "p": 50, "v": 35, "w": 0.0}], "pos": 0.5, "size": 1.0}, {"_time": 71.99609, "$id": 382, "sounds": [{"d": 0.3046875, "p": 46, "v": 43, "w": 0.0}], "pos": -2.0, "size": 1.60000014}, {"_time": 72.75, "$id": 383, "sounds": [{"d": 0.75, "p": 86, "v": 67, "w": 0.0}], "pos": 1.5, "size": 0.799999952}, {"_time": 72.796875, "$id": 384, "sounds": [{"d": 0.046875, "p": 106, "v": 76, "w": 0.0}], "pos": 2.0, "size": 0.799999952}, {"_time": 73.5, "$id": 385, "sounds": [{"d": 0.078125, "p": 67, "v": 89, "w": 0.0}], "pos": -1.30691242, "size": 1.4000001}, {"_time": 73.5, "$id": 386, "sounds": [{"d": 0.09375, "p": 27, "v": 97, "w": 0.0}], "pos": 2.375, "size": 1.0}, {"_time": 73.5, "$id": 387, "sounds": [{"d": 0.09765625, "p": 79, "v": 89, "w": 0.0}], "pos": 1.19965363, "size": 1.4000001}, {"_time": 74.25, "$id": 388, "sounds": [{"d": 0.1796875, "p": 74, "v": 71, "w": 0.0}], "pos": -2.0, "size": 1.0}, {"_time": 74.625, "$id": 389, "sounds": [{"d": 0.08984375, "p": 75, "v": 63, "w": 0.0}], "pos": -0.5, "size": 1.0}, {"_time": 74.90234, "$id": 390, "sounds": [{"d": 0.26953125, "p": 65, "v": 40, "w": 0.0}], "pos": 0.492855072, "size": 1.0}, {"_time": 74.95703, "$id": 391, "sounds": [{"d": 0.265625, "p": 69, "v": 52, "w": 0.0}], "pos": 0.9928551, "size": 1.0}, {"_time": 74.97656, "$id": 392, "sounds": [{"d": 0.265625, "p": 72, "v": 55, "w": 0.0}], "pos": 1.36785507, "size": 1.0}, {"_time": 75.00391, "$id": 393, "sounds": [{"d": 0.265625, "p": 77, "v": 88, "w": 0.0}], "pos": 1.99285507, "size": 1.0}, {"_time": 75.75, "$id": 394, "sounds": [{"d": 0.13671875, "p": 84, "v": 92, "w": 0.0}], "pos": 0.0, "size": 1.0}, {"_time": 76.3125, "$id": 395, "sounds": [{"d": 0.03515625, "p": 70, "v": 81, "w": 0.0}], "pos": -2.0, "size": 1.50000012}, {"_time": 76.3125, "$id": 396, "sounds": [{"d": 0.046875, "p": 82, "v": 85, "w": 0.0}], "pos": 2.0, "size": 1.50000012}, {"_time": 76.40625, "$id": 397, "sounds": [{"d": 0.05078125, "p": 82, "v": 82, "w": 0.0}], "pos": 2.0, "size": 1.50000012}, {"_time": 76.40625, "$id": 398, "sounds": [{"d": 0.078125, "p": 70, "v": 74, "w": 0.0}], "pos": -2.0, "size": 1.50000012}, {"_time": 76.5, "$id": 399, "sounds": [{"d": 0.2734375, "p": 70, "v": 21, "w": 0.0}], "pos": -2.0, "size": 1.50000012}, {"_time": 76.5, "$id": 400, "sounds": [{"d": 0.2421875, "p": 82, "v": 92, "w": 0.0}], "pos": 2.0, "size": 1.50000012}, {"_time": 77.0625, "$id": 401, "sounds": [{"d": 0.26171875, "p": 80, "v": 84, "w": 0.0}], "pos": 1.48139954, "size": 1.0}, {"_time": 77.0625, "$id": 402, "sounds": [{"d": 0.26171875, "p": 68, "v": 82, "w": 0.0}], "pos": -0.0186004639, "size": 1.0}, {"_time": 77.625, "$id": 403, "sounds": [{"d": 0.03515625, "p": 67, "v": 78, "w": 0.0}], "pos": -1.0, "size": 1.0}, {"_time": 77.625, "$id": 404, "sounds": [{"d": 0.04296875, "p": 79, "v": 80, "w": 0.0}], "pos": 0.5, "size": 1.0}, {"_time": 78.0, "$id": 405, "sounds": [{"d": 0.03515625, "p": 67, "v": 66, "w": 0.0}], "pos": -1.59080982, "size": 1.2}, {"_time": 78.0, "$id": 406, "sounds": [{"d": 0.11328125, "p": 79, "v": 66, "w": 0.0}], "pos": -0.09080982, "size": 1.2}, {"_time": 78.375, "$id": 407, "sounds": [{"d": 0.0625, "p": 70, "v": 85, "w": 0.0}], "pos": 0.07058811, "size": 1.2}, {"_time": 78.375, "$id": 408, "sounds": [{"d": 0.078125, "p": 82, "v": 86, "w": 0.0}], "pos": 1.57058811, "size": 1.2}, {"_time": 78.75, "$id": 409, "sounds": [{"d": 0.07421875, "p": 77, "v": 83, "w": 0.0}], "pos": 0.2016077, "size": 1.2}, {"_time": 78.75, "$id": 410, "sounds": [{"d": 0.078125, "p": 65, "v": 80, "w": 0.0}], "pos": -1.2983923, "size": 1.2}, {"_time": 79.125, "$id": 411, "sounds": [{"d": 0.0546875, "p": 67, "v": 70, "w": 0.0}], "pos": -0.348175049, "size": 1.2}, {"_time": 79.125, "$id": 412, "sounds": [{"d": 0.08984375, "p": 79, "v": 72, "w": 0.0}], "pos": 1.151825, "size": 1.2}, {"_time": 79.5, "$id": 413, "sounds": [{"d": 0.04296875, "p": 70, "v": 55, "w": 0.0}], "pos": -2.0, "size": 1.4000001}, {"_time": 79.5, "$id": 414, "sounds": [{"d": 0.15234375, "p": 75, "v": 87, "w": 0.0}], "pos": 2.0, "size": 1.4000001}, {"_time": 80.0625, "$id": 415, "sounds": [{"d": 0.02734375, "p": 87, "v": 63, "w": 0.0}], "pos": 1.12181854, "size": 1.50000012}, {"_time": 80.0625, "$id": 416, "sounds": [{"d": 0.03515625, "p": 75, "v": 52, "w": 0.0}], "pos": -1.0, "size": 1.50000012}, {"_time": 80.15625, "$id": 417, "sounds": [{"d": 0.046875, "p": 87, "v": 64, "w": 0.0}], "pos": 1.12181854, "size": 1.50000012}, {"_time": 80.15625, "$id": 418, "sounds": [{"d": 0.05859375, "p": 75, "v": 64, "w": 0.0}], "pos": -1.0, "size": 1.50000012}, {"_time": 80.25, "$id": 419, "sounds": [{"d": 0.03515625, "p": 75, "v": 73, "w": 0.0}], "pos": -1.0, "size": 1.50000012}, {"_time": 80.25, "$id": 420, "sounds": [{"d": 0.06640625, "p": 87, "v": 88, "w": 0.0}], "pos": 1.12181854, "size": 1.50000012}, {"_time": 80.625, "$id": 421, "sounds": [{"d": 0.02734375, "p": 65, "v": 62, "w": 0.0}], "pos": -1.62818146, "size": 1.0}, {"_time": 80.625, "$id": 422, "sounds": [{"d": 0.03125, "p": 77, "v": 54, "w": 0.0}], "pos": 1.5, "size": 1.0}, {"_time": 81.0, "$id": 423, "sounds": [{"d": 0.2265625, "p": 70, "v": 68, "w": 0.0}], "pos": 0.0, "size": 1.30000007}, {"_time": 81.5625, "$id": 424, "sounds": [{"d": 0.03125, "p": 87, "v": 66, "w": 0.0}], "pos": 1.0, "size": 1.60000014}, {"_time": 81.5625, "$id": 425, "sounds": [{"d": 0.03125, "p": 75, "v": 66, "w": 0.0}], "pos": -1.0, "size": 1.60000014}, {"_time": 81.65625, "$id": 426, "sounds": [{"d": 0.06640625, "p": 87, "v": 59, "w": 0.0}], "pos": 1.0, "size": 1.60000014}, {"_time": 81.65625, "$id": 427, "sounds": [{"d": 0.08203125, "p": 75, "v": 55, "w": 0.0}], "pos": -1.0, "size": 1.60000014}, {"_time": 81.75, "$id": 428, "sounds": [{"d": 0.0703125, "p": 75, "v": 89, "w": 0.0}], "pos": -1.0, "size": 1.60000014}, {"_time": 81.75, "$id": 429, "sounds": [{"d": 0.08984375, "p": 87, "v": 89, "w": 0.0}], "pos": 1.0, "size": 1.60000014}, {"_time": 82.125, "$id": 430, "sounds": [{"d": 0.03125, "p": 77, "v": 68, "w": 0.0}], "pos": -2.0, "size": 1.2}, {"_time": 82.125, "$id": 431, "sounds": [{"d": 0.0390625, "p": 89, "v": 72, "w": 0.0}], "pos": 2.0, "size": 1.2}, {"_time": 82.5, "$id": 432, "sounds": [{"d": 0.0703125, "p": 87, "v": 77, "w": 0.0}], "pos": 0.0, "size": 1.1}, {"_time": 83.0625, "$id": 433, "sounds": [{"d": 0.078125, "p": 75, "v": 75, "w": 0.0}], "pos": -1.5, "size": 1.4000001}, {"_time": 83.0625, "$id": 434, "sounds": [{"d": 0.109375, "p": 82, "v": 80, "w": 0.0}], "pos": 1.5, "size": 1.4000001}, {"_time": 83.625, "$id": 435, "sounds": [{"d": 0.1015625, "p": 51, "v": 87, "w": 0.0}], "pos": -0.90742445, "size": 1.0}, {"_time": 83.97656, "$id": 436, "sounds": [{"d": 0.0234375, "p": 63, "v": 76, "w": 0.0}], "pos": 0.06740999, "size": 1.2}, {"_time": 84.0, "$id": 437, "sounds": [{"d": 0.12890625, "p": 58, "v": 74, "w": 0.0}], "pos": 2.0, "size": 1.2}, {"_time": 84.375, "$id": 438, "sounds": [{"d": 0.08203125, "p": 58, "v": 48, "w": 0.0}], "pos": -1.619165, "size": 1.0}, {"_time": 84.4375, "$id": 439, "sounds": [{"d": 0.0859375, "p": 60, "v": 35, "w": 0.0}], "pos": -1.01905584, "size": 1.0}, {"_time": 84.5, "$id": 440, "sounds": [{"d": 0.03125, "p": 62, "v": 57, "w": 0.0}], "pos": -0.5283551, "size": 1.0}, {"_time": 84.5625, "$id": 441, "sounds": [{"d": 0.109375, "p": 63, "v": 53, "w": 0.0}], "pos": -0.09701109, "size": 1.0}, {"_time": 84.625, "$id": 442, "sounds": [{"d": 0.09375, "p": 65, "v": 51, "w": 0.0}], "pos": 0.240516186, "size": 1.0}, {"_time": 84.6875, "$id": 443, "sounds": [{"d": 0.0625, "p": 67, "v": 8, "w": 0.0}], "pos": 0.512398243, "size": 1.0}, {"_time": 84.75, "$id": 444, "sounds": [{"d": 0.02734375, "p": 34, "v": 49, "w": 0.0}], "pos": 3.25, "size": 1.0}, {"_time": 84.75, "$id": 445, "sounds": [{"d": 0.140625, "p": 70, "v": 72, "w": 0.0}], "pos": 0.818380356, "size": 1.0}, {"_time": 84.75, "$id": 446, "sounds": [{"d": 0.17578125, "p": 58, "v": 71, "w": 0.0}], "pos": -1.94739389, "size": 1.30000007}, {"_time": 85.0625, "$id": 447, "sounds": [{"d": 0.02734375, "p": 89, "v": 66, "w": 0.0}], "pos": 0.265422821, "size": 1.0}, {"_time": 85.125, "$id": 448, "sounds": [{"d": 0.02734375, "p": 101, "v": 66, "w": 0.0}], "pos": 2.0, "size": 1.0}, {"_time": 85.5, "$id": 449, "sounds": [{"d": 0.2109375, "p": 63, "v": 91, "w": 0.0}], "pos": 0.182888031, "size": 1.4000001}, {"_time": 85.5, "$id": 450, "sounds": [{"d": 0.21875, "p": 51, "v": 89, "w": 0.0}], "pos": -2.0, "size": 1.4000001}, {"_time": 85.875, "$id": 451, "sounds": [{"d": 0.125, "p": 39, "v": 35, "w": 0.0}], "pos": 1.23851109, "size": 1.0}, {"_time": 85.96875, "$id": 452, "sounds": [{"d": 0.15625, "p": 43, "v": 58, "w": 0.0}], "pos": 0.6893883, "size": 1.0}, {"_time": 86.0625, "$id": 453, "sounds": [{"d": 0.12109375, "p": 46, "v": 23, "w": 0.0}], "pos": 0.1453495, "size": 1.0}, {"_time": 86.15625, "$id": 454, "sounds": [{"d": 0.06640625, "p": 51, "v": 54, "w": 0.0}], "pos": -0.367506027, "size": 1.0}, {"_time": 86.25, "$id": 455, "sounds": [{"d": 0.09765625, "p": 55, "v": 39, "w": 0.0}], "pos": -0.7427788, "size": 1.0}, {"_time": 86.25, "$id": 456, "sounds": [{"d": 0.140625, "p": 46, "v": 86, "w": 0.0}], "pos": 1.60940933, "size": 1.4000001}, {"_time": 86.4375, "$id": 457, "sounds": [{"d": 0.07421875, "p": 63, "v": 53, "w": 0.0}], "pos": -2.0, "size": 1.0}, {"_time": 86.53125, "$id": 458, "sounds": [{"d": 0.12890625, "p": 67, "v": 35, "w": 0.0}], "pos": -0.2922182, "size": 1.0}, {"_time": 86.625, "$id": 459, "sounds": [{"d": 0.1796875, "p": 70, "v": 57, "w": 0.0}], "pos": -1.142602, "size": 1.0}, {"_time": 86.71875, "$id": 460, "sounds": [{"d": 0.109375, "p": 75, "v": 69, "w": 0.0}], "pos": 0.467082024, "size": 1.0}, {"_time": 86.8125, "$id": 461, "sounds": [{"d": 0.0859375, "p": 79, "v": 38, "w": 0.0}], "pos": -0.411475182, "size": 0.9}, {"_time": 86.90625, "$id": 462, "sounds": [{"d": 0.11328125, "p": 82, "v": 58, "w": 0.0}], "pos": 1.10138226, "size": 0.799999952}, {"_time": 87.0, "$id": 463, "sounds": [{"d": 0.265625, "p": 89, "v": 51, "w": 0.0}], "pos": -1.51352215, "size": 1.4000001}, {"_time": 87.09375, "$id": 464, "sounds": [{"d": 0.15625, "p": 84, "v": 51, "w": 0.0}], "pos": 1.75644684, "size": 0.799999952}, {"_time": 87.1875, "$id": 465, "sounds": [{"d": 0.1328125, "p": 81, "v": 51, "w": 0.0}], "pos": -0.106518745, "size": 0.9}, {"_time": 87.28125, "$id": 466, "sounds": [{"d": 0.08203125, "p": 77, "v": 81, "w": 0.0}], "pos": 0.947093, "size": 0.9}, {"_time": 87.375, "$id": 467, "sounds": [{"d": 0.18359375, "p": 72, "v": 35, "w": 0.0}], "pos": -0.925173759, "size": 0.9}, {"_time": 87.46875, "$id": 468, "sounds": [{"d": 0.12109375, "p": 69, "v": 46, "w": 0.0}], "pos": -0.009143829, "size": 1.0}, {"_time": 87.5625, "$id": 469, "sounds": [{"d": 0.08984375, "p": 65, "v": 55, "w": 0.0}], "pos": -1.6032362, "size": 1.0}, {"_time": 87.65625, "$id": 470, "sounds": [{"d": 0.14453125, "p": 60, "v": 27, "w": 0.0}], "pos": 1.67502594, "size": 1.0}, {"_time": 87.75, "$id": 471, "sounds": [{"d": 0.13671875, "p": 57, "v": 34, "w": 0.0}], "pos": 0.9280367, "size": 1.0}, {"_time": 87.84375, "$id": 472, "sounds": [{"d": 0.1015625, "p": 53, "v": 72, "w": 0.0}], "pos": 0.340510368, "size": 1.0}, {"_time": 87.9375, "$id": 473, "sounds": [{"d": 0.12109375, "p": 48, "v": 24, "w": 0.0}], "pos": -0.262610435, "size": 1.1}, {"_time": 88.03125, "$id": 474, "sounds": [{"d": 0.12890625, "p": 45, "v": 17, "w": 0.0}], "pos": -0.7470188, "size": 1.1}, {"_time": 88.125, "$id": 475, "sounds": [{"d": 0.1328125, "p": 41, "v": 59, "w": 0.0}], "pos": -1.11572838, "size": 1.2}, {"_time": 88.21875, "$id": 476, "sounds": [{"d": 0.13671875, "p": 45, "v": 28, "w": 0.0}], "pos": -1.491003, "size": 1.30000007}, {"_time": 88.3125, "$id": 477, "sounds": [{"d": 0.02734375, "p": 70, "v": 61, "w": 0.0}], "pos": 0.828881264, "size": 1.30000007}, {"_time": 88.40625, "$id": 478, "sounds": [{"d": 0.03515625, "p": 70, "v": 84, "w": 0.0}], "pos": 0.828881264, "size": 1.30000007}, {"_time": 88.5, "$id": 479, "sounds": [{"d": 0.03515625, "p": 70, "v": 87, "w": 0.0}], "pos": -2.0, "size": 1.4000001}, {"_time": 88.59375, "$id": 480, "sounds": [{"d": 0.15625, "p": 44, "v": 31, "w": 0.0}], "pos": -1.49671745, "size": 1.0}, {"_time": 88.6875, "$id": 481, "sounds": [{"d": 0.12109375, "p": 48, "v": 37, "w": 0.0}], "pos": -0.8794217, "size": 1.0}, {"_time": 88.78125, "$id": 482, "sounds": [{"d": 0.06640625, "p": 51, "v": 37, "w": 0.0}], "pos": -0.263720036, "size": 0.9}, {"_time": 88.875, "$id": 483, "sounds": [{"d": 0.09765625, "p": 56, "v": 37, "w": 0.0}], "pos": 0.251869678, "size": 0.9}, {"_time": 88.96875, "$id": 484, "sounds": [{"d": 0.171875, "p": 60, "v": 40, "w": 0.0}], "pos": 0.81751585, "size": 0.9}, {"_time": 89.0625, "$id": 485, "sounds": [{"d": 0.07421875, "p": 63, "v": 66, "w": 0.0}], "pos": 1.43321466, "size": 0.9}, {"_time": 89.15625, "$id": 486, "sounds": [{"d": 0.12890625, "p": 67, "v": 38, "w": 0.0}], "pos": -2.0, "size": 1.2}, {"_time": 89.25, "$id": 487, "sounds": [{"d": 0.1796875, "p": 70, "v": 49, "w": 0.0}], "pos": -0.123841763, "size": 1.0}, {"_time": 89.34375, "$id": 488, "sounds": [{"d": 0.109375, "p": 75, "v": 54, "w": 0.0}], "pos": -1.22750711, "size": 1.1}, {"_time": 89.4375, "$id": 489, "sounds": [{"d": 0.0859375, "p": 79, "v": 58, "w": 0.0}], "pos": 0.752829552, "size": 0.9}, {"_time": 89.53125, "$id": 490, "sounds": [{"d": 0.11328125, "p": 82, "v": 40, "w": 0.0}], "pos": -0.250727654, "size": 0.9}, {"_time": 89.625, "$id": 491, "sounds": [{"d": 0.09375, "p": 87, "v": 71, "w": 0.0}], "pos": 2.0, "size": 0.9}, {"_time": 89.71875, "$id": 492, "sounds": [{"d": 0.09765625, "p": 82, "v": 57, "w": 0.0}], "pos": 0.20879364, "size": 0.9}, {"_time": 89.8125, "$id": 493, "sounds": [{"d": 0.0625, "p": 79, "v": 57, "w": 0.0}], "pos": 1.23423, "size": 0.9}, {"_time": 89.90625, "$id": 494, "sounds": [{"d": 0.05859375, "p": 75, "v": 53, "w": 0.0}], "pos": -0.9506712, "size": 1.0}, {"_time": 90.0, "$id": 495, "sounds": [{"d": 0.05859375, "p": 67, "v": 94, "w": 0.0}], "pos": 0.518600464, "size": 1.4000001}, {"_time": 90.28125, "$id": 496, "sounds": [{"d": 0.05078125, "p": 87, "v": 38, "w": 0.0}], "pos": -0.481399536, "size": 1.2}, {"_time": 90.28125, "$id": 497, "sounds": [{"d": 0.09375, "p": 91, "v": 67, "w": 0.0}], "pos": 1.51860046, "size": 1.2}, {"_time": 90.375, "$id": 498, "sounds": [{"d": 0.30078125, "p": 87, "v": 80, "w": 0.0}], "pos": -0.481399536, "size": 1.2}, {"_time": 90.375, "$id": 499, "sounds": [{"d": 0.375, "p": 91, "v": 80, "w": 0.0}], "pos": 1.51860046, "size": 1.2}, {"_time": 90.75, "$id": 500, "sounds": [{"d": 0.1875, "p": 65, "v": 93, "w": 0.0}], "pos": -0.606125832, "size": 1.4000001}, {"_time": 91.01953, "$id": 501, "sounds": [{"d": 0.09375, "p": 82, "v": 63, "w": 0.0}], "pos": -1.60612583, "size": 1.2}, {"_time": 91.01953, "$id": 502, "sounds": [{"d": 0.09765625, "p": 84, "v": 55, "w": 0.0}], "pos": 0.393874168, "size": 1.2}, {"_time": 91.125, "$id": 503, "sounds": [{"d": 0.21484375, "p": 82, "v": 70, "w": 0.0}], "pos": -1.60612583, "size": 1.2}, {"_time": 91.125, "$id": 504, "sounds": [{"d": 0.21875, "p": 84, "v": 70, "w": 0.0}], "pos": 0.393874168, "size": 1.2}, {"_time": 91.5, "$id": 505, "sounds": [{"d": 0.0390625, "p": 65, "v": 21, "w": 0.0}], "pos": -0.602844238, "size": 1.2}, {"_time": 91.5, "$id": 506, "sounds": [{"d": 0.109375, "p": 87, "v": 60, "w": 0.0}], "pos": 1.5251646, "size": 1.2}, {"_time": 92.0625, "$id": 507, "sounds": [{"d": 0.05859375, "p": 70, "v": 21, "w": 0.0}], "pos": -2.0, "size": 1.30000007}, {"_time": 92.15625, "$id": 508, "sounds": [{"d": 0.0390625, "p": 70, "v": 40, "w": 0.0}], "pos": -2.0, "size": 1.30000007}, {"_time": 92.25, "$id": 509, "sounds": [{"d": 0.08203125, "p": 70, "v": 51, "w": 0.0}], "pos": -2.0, "size": 1.30000007}, {"_time": 92.25, "$id": 510, "sounds": [{"d": 0.09375, "p": 48, "v": 51, "w": 0.0}], "pos": 0.0, "size": 1.50000012}, {"_time": 92.625, "$id": 511, "sounds": [{"d": 0.0703125, "p": 89, "v": 83, "w": 0.0}], "pos": 2.0, "size": 1.0}, {"_time": 93.0, "$id": 512, "sounds": [{"d": 0.03515625, "p": 75, "v": 52, "w": 0.0}], "pos": -1.31653881, "size": 1.30000007}, {"_time": 93.0, "$id": 513, "sounds": [{"d": 0.0625, "p": 34, "v": 52, "w": 0.0}], "pos": 3.25, "size": 1.0}, {"_time": 93.0, "$id": 514, "sounds": [{"d": 0.078125, "p": 87, "v": 50, "w": 0.0}], "pos": 0.5554533, "size": 1.30000007}, {"_time": 93.5625, "$id": 515, "sounds": [{"d": 0.0546875, "p": 70, "v": 53, "w": 0.0}], "pos": 2.0, "size": 1.30000007}, {"_time": 93.65625, "$id": 516, "sounds": [{"d": 0.0546875, "p": 70, "v": 53, "w": 0.0}], "pos": 2.0, "size": 1.30000007}, {"_time": 93.75, "$id": 517, "sounds": [{"d": 0.0703125, "p": 46, "v": 67, "w": 0.0}], "pos": -0.0940914154, "size": 1.50000012}, {"_time": 93.75, "$id": 518, "sounds": [{"d": 0.09375, "p": 70, "v": 8, "w": 0.0}], "pos": 2.0, "size": 1.30000007}, {"_time": 94.125, "$id": 519, "sounds": [{"d": 0.03515625, "p": 96, "v": 92, "w": 0.0}], "pos": 0.922606468, "size": 1.0}, {"_time": 94.5, "$id": 520, "sounds": [{"d": 0.05859375, "p": 32, "v": 80, "w": 0.0}], "pos": 3.0, "size": 1.0}, {"_time": 94.5, "$id": 521, "sounds": [{"d": 0.078125, "p": 82, "v": 80, "w": 0.0}], "pos": -1.61514, "size": 1.30000007}, {"_time": 94.5, "$id": 522, "sounds": [{"d": 0.08984375, "p": 94, "v": 80, "w": 0.0}], "pos": 0.25685215, "size": 1.30000007}, {"_time": 95.0625, "$id": 523, "sounds": [{"d": 0.0546875, "p": 70, "v": 47, "w": 0.0}], "pos": 2.0, "size": 1.50000012}, {"_time": 95.0625, "$id": 524, "sounds": [{"d": 0.03515625, "p": 65, "v": 30, "w": 0.0}], "pos": -2.0, "size": 1.50000012}, {"_time": 95.15625, "$id": 525, "sounds": [{"d": 0.03515625, "p": 70, "v": 31, "w": 0.0}], "pos": 2.0, "size": 1.50000012}, {"_time": 95.15625, "$id": 526, "sounds": [{"d": 0.03515625, "p": 65, "v": 54, "w": 0.0}], "pos": -2.0, "size": 1.50000012}, {"_time": 95.25, "$id": 527, "sounds": [{"d": 0.0859375, "p": 65, "v": 77, "w": 0.0}], "pos": -2.0, "size": 1.50000012}, {"_time": 95.25, "$id": 528, "sounds": [{"d": 0.171875, "p": 70, "v": 78, "w": 0.0}], "pos": 2.0, "size": 1.50000012}, {"_time": 96.0, "$id": 529, "sounds": [{"d": 0.078125, "p": 34, "v": 59, "w": 0.0}], "pos": 3.25, "size": 1.0}, {"_time": 96.0, "$id": 530, "sounds": [{"d": 0.125, "p": 63, "v": 63, "w": 0.0}], "pos": 0.182888508, "size": 1.0}, {"_time": 96.0, "$id": 531, "sounds": [{"d": 0.140625, "p": 67, "v": 69, "w": 0.0}], "pos": 1.73321772, "size": 1.0}, {"_time": 96.75, "$id": 532, "sounds": [{"d": 0.3671875, "p": 58, "v": 8, "w": 0.0}], "pos": 1.0677352, "size": 0.9}, {"_time": 96.75, "$id": 533, "sounds": [{"d": 0.375, "p": 60, "v": 13, "w": 0.0}], "pos": -0.367167, "size": 0.9}, {"_time": 97.5, "$id": 534, "sounds": [{"d": 0.28125, "p": 60, "v": 28, "w": 0.0}], "pos": -1.28620291, "size": 0.9}, {"_time": 97.5, "$id": 535, "sounds": [{"d": 0.32421875, "p": 58, "v": 13, "w": 0.0}], "pos": 0.104934216, "size": 0.9}, {"_time": 98.25, "$id": 536, "sounds": [{"d": 0.1484375, "p": 44, "v": 8, "w": 0.0}], "pos": -2.0, "size": 0.9}, {"_time": 98.375, "$id": 537, "sounds": [{"d": 0.1640625, "p": 51, "v": 9, "w": 0.0}], "pos": -1.13899517, "size": 0.9}, {"_time": 98.5, "$id": 538, "sounds": [{"d": 0.08984375, "p": 55, "v": 14, "w": 0.0}], "pos": -0.46394062, "size": 0.9}, {"_time": 98.625, "$id": 539, "sounds": [{"d": 0.203125, "p": 60, "v": 15, "w": 0.0}], "pos": 0.248587608, "size": 0.9}, {"_time": 98.75, "$id": 540, "sounds": [{"d": 0.14453125, "p": 62, "v": 14, "w": 0.0}], "pos": 0.8268137, "size": 0.9}, {"_time": 98.875, "$id": 541, "sounds": [{"d": 0.0859375, "p": 67, "v": 19, "w": 0.0}], "pos": 1.49557781, "size": 0.9}, {"_time": 99.0, "$id": 542, "sounds": [{"d": 0.12109375, "p": 56, "v": 27, "w": 0.0}], "pos": -1.43107128, "size": 0.9}, {"_time": 99.125, "$id": 543, "sounds": [{"d": 0.22265625, "p": 63, "v": 30, "w": 0.0}], "pos": -0.68787384, "size": 0.9}, {"_time": 99.25, "$id": 544, "sounds": [{"d": 0.25390625, "p": 67, "v": 30, "w": 0.0}], "pos": -0.100347519, "size": 0.9}, {"_time": 99.375, "$id": 545, "sounds": [{"d": 0.23046875, "p": 72, "v": 34, "w": 0.0}], "pos": 0.3933611, "size": 0.9}, {"_time": 99.5, "$id": 546, "sounds": [{"d": 0.20703125, "p": 74, "v": 39, "w": 0.0}], "pos": 0.8840618, "size": 0.9}, {"_time": 99.625, "$id": 547, "sounds": [{"d": 0.171875, "p": 79, "v": 36, "w": 0.0}], "pos": 1.37777042, "size": 0.9}, {"_time": 99.75, "$id": 548, "sounds": [{"d": 0.15234375, "p": 84, "v": 54, "w": 0.0}], "pos": 2.0, "size": 0.9}, {"_time": 99.875, "$id": 549, "sounds": [{"d": 0.203125, "p": 79, "v": 28, "w": 0.0}], "pos": 0.5462599, "size": 0.9}, {"_time": 100.0, "$id": 550, "sounds": [{"d": 0.1484375, "p": 74, "v": 34, "w": 0.0}], "pos": -0.669548035, "size": 0.9}, {"_time": 100.125, "$id": 551, "sounds": [{"d": 0.203125, "p": 72, "v": 18, "w": 0.0}], "pos": 0.984171867, "size": 0.9}, {"_time": 100.25, "$id": 552, "sounds": [{"d": 0.15234375, "p": 74, "v": 11, "w": 0.0}], "pos": -1.28223991, "size": 0.9}, {"_time": 100.375, "$id": 553, "sounds": [{"d": 0.08984375, "p": 79, "v": 42, "w": 0.0}], "pos": -0.0338602066, "size": 0.9}, {"_time": 100.5, "$id": 554, "sounds": [{"d": 0.79296875, "p": 82, "v": 67, "w": 0.0}], "pos": 1.26017857, "size": 1.1}, {"_time": 101.0625, "$id": 555, "sounds": [{"d": 0.046875, "p": 77, "v": 8, "w": 0.0}], "pos": -0.121498108, "size": 0.9}, {"_time": 101.15625, "$id": 556, "sounds": [{"d": 0.046875, "p": 77, "v": 12, "w": 0.0}], "pos": -1.46280193, "size": 0.9}, {"_time": 101.25, "$id": 557, "sounds": [{"d": 0.09375, "p": 77, "v": 12, "w": 0.0}], "pos": -0.121498108, "size": 0.9}, {"_time": 101.90625, "$id": 558, "sounds": [{"d": 0.0546875, "p": 106, "v": 23, "w": 0.0}], "pos": 0.170669556, "size": 0.9}, {"_time": 102.0, "$id": 559, "sounds": [{"d": 0.0703125, "p": 103, "v": 24, "w": 0.0}], "pos": 1.43680763, "size": 0.799999952}, {"_time": 102.65625, "$id": 560, "sounds": [{"d": 0.09375, "p": 94, "v": 16, "w": 0.0}], "pos": -0.191474915, "size": 0.9}, {"_time": 102.75, "$id": 561, "sounds": [{"d": 0.0703125, "p": 91, "v": 24, "w": 0.0}], "pos": -1.48551273, "size": 0.799999952}, {"_time": 103.480469, "$id": 562, "sounds": [{"d": 0.34375, "p": 62, "v": 27, "w": 0.0}], "pos": -2.0, "size": 1.1}, {"_time": 103.480469, "$id": 563, "sounds": [{"d": 0.40625, "p": 70, "v": 23, "w": 0.0}], "pos": -0.08424473, "size": 1.1}, {"_time": 104.25, "$id": 564, "sounds": [{"d": 0.1328125, "p": 99, "v": 34, "w": 0.0}], "pos": 2.0, "size": 1.0}, {"_time": 105.0, "$id": 565, "sounds": [{"d": 0.19140625, "p": 98, "v": 52, "w": 0.0}], "pos": 0.5345259, "size": 1.0}, {"_time": 105.75, "$id": 566, "sounds": [{"d": 0.171875, "p": 94, "v": 17, "w": 0.0}], "pos": -0.8407469, "size": 1.0}, {"_time": 106.5, "$id": 567, "sounds": [{"d": 0.359375, "p": 87, "v": 23, "w": 0.0}], "pos": 0.07856274, "size": 1.0}, {"_time": 106.5, "$id": 568, "sounds": [{"d": 0.37890625, "p": 80, "v": 23, "w": 0.0}], "pos": -1.978056, "size": 1.0}, {"_time": 107.25, "$id": 569, "sounds": [{"d": 0.234375, "p": 82, "v": 11, "w": 0.0}], "pos": -0.5422621, "size": 0.9}, {"_time": 108.0, "$id": 570, "sounds": [{"d": 0.0859375, "p": 67, "v": 14, "w": 0.0}], "pos": -0.0540218353, "size": 1.0}, {"_time": 108.0, "$id": 571, "sounds": [{"d": 0.11328125, "p": 75, "v": 14, "w": 0.0}], "pos": 1.58054924, "size": 1.0}, {"_time": 108.75, "$id": 572, "sounds": [{"d": 0.13671875, "p": 74, "v": 15, "w": 0.0}], "pos": -0.798279762, "size": 0.9}, {"_time": 109.410156, "$id": 573, "sounds": [{"d": 0.16015625, "p": 44, "v": 24, "w": 0.0}], "pos": -2.0, "size": 1.0}, {"_time": 109.464844, "$id": 574, "sounds": [{"d": 0.15625, "p": 51, "v": 19, "w": 0.0}], "pos": -1.54048157, "size": 1.0}, {"_time": 109.519531, "$id": 575, "sounds": [{"d": 0.125, "p": 55, "v": 38, "w": 0.0}], "pos": -0.963212967, "size": 1.0}, {"_time": 110.25, "$id": 576, "sounds": [{"d": 0.4296875, "p": 74, "v": 8, "w": 0.0}], "pos": -0.00190258026, "size": 1.0}, {"_time": 110.625, "$id": 577, "sounds": [{"d": 0.39453125, "p": 75, "v": 27, "w": 0.0}], "pos": -1.299222, "size": 1.0}, {"_time": 111.0, "$id": 578, "sounds": [{"d": 0.296875, "p": 77, "v": 48, "w": 0.0}], "pos": 0.840263367, "size": 1.0}, {"_time": 111.007813, "$id": 579, "sounds": [{"d": 1.21484375, "p": 65, "v": 18, "w": 0.0}], "pos": -1.82712078, "size": 1.0}, {"_time": 111.75, "$id": 580, "sounds": [{"d": 0.109375, "p": 84, "v": 52, "w": 0.0}], "pos": 2.0, "size": 1.0}, {"_time": 112.3125, "$id": 581, "sounds": [{"d": 0.0546875, "p": 82, "v": 46, "w": 0.0}], "pos": -0.9896412, "size": 1.0}, {"_time": 112.40625, "$id": 582, "sounds": [{"d": 0.08984375, "p": 82, "v": 41, "w": 0.0}], "pos": 0.03880596, "size": 1.0}, {"_time": 112.5, "$id": 583, "sounds": [{"d": 0.25, "p": 82, "v": 53, "w": 0.0}], "pos": -0.9896412, "size": 1.0}, {"_time": 113.0625, "$id": 584, "sounds": [{"d": 0.3671875, "p": 84, "v": 53, "w": 0.0}], "pos": 0.288805962, "size": 1.0}, {"_time": 113.25, "$id": 585, "sounds": [{"d": 0.3203125, "p": 70, "v": 11, "w": 0.0}], "pos": -1.461194, "size": 1.0}, {"_time": 113.625, "$id": 586, "sounds": [{"d": 0.32421875, "p": 86, "v": 41, "w": 0.0}], "pos": 1.10773373, "size": 1.0}, {"_time": 114.0, "$id": 587, "sounds": [{"d": 0.29296875, "p": 81, "v": 16, "w": 0.0}], "pos": -0.06431103, "size": 1.0}, {"_time": 114.0, "$id": 588, "sounds": [{"d": 0.8046875, "p": 87, "v": 20, "w": 0.0}], "pos": 2.0, "size": 1.0}, {"_time": 114.710938, "$id": 589, "sounds": [{"d": 0.1640625, "p": 82, "v": 21, "w": 0.0}], "pos": 0.765025139, "size": 0.799999952}, {"_time": 114.734375, "$id": 590, "sounds": [{"d": 0.3828125, "p": 66, "v": 8, "w": 0.0}], "pos": -1.23497486, "size": 0.799999952}, {"_time": 115.503906, "$id": 591, "sounds": [{"d": 0.06640625, "p": 77, "v": 16, "w": 0.0}], "pos": 1.5, "size": 1.0}, {"_time": 116.0625, "$id": 592, "sounds": [{"d": 0.09375, "p": 75, "v": 21, "w": 0.0}], "pos": -0.219385147, "size": 1.0}, {"_time": 116.617188, "$id": 593, "sounds": [{"d": 0.59765625, "p": 67, "v": 35, "w": 0.0}], "pos": 0.42175293, "size": 1.0}, {"_time": 116.628906, "$id": 594, "sounds": [{"d": 0.1171875, "p": 41, "v": 38, "w": 0.0}], "pos": -2.0, "size": 1.0}, {"_time": 117.707031, "$id": 595, "sounds": [{"d": 0.12109375, "p": 89, "v": 8, "w": 0.0}], "pos": 1.0, "size": 0.9}, {"_time": 117.726563, "$id": 596, "sounds": [{"d": 0.046875, "p": 94, "v": 8, "w": 0.0}], "pos": 1.5, "size": 0.9}, {"_time": 117.746094, "$id": 597, "sounds": [{"d": 0.0703125, "p": 101, "v": 37, "w": 0.0}], "pos": 2.0, "size": 0.9}, {"_time": 118.4375, "$id": 598, "sounds": [{"d": 0.375, "p": 87, "v": 8, "w": 0.0}], "pos": -0.3216629, "size": 0.9}, {"_time": 118.464844, "$id": 599, "sounds": [{"d": 0.37890625, "p": 92, "v": 30, "w": 0.0}], "pos": -0.8216629, "size": 0.9}, {"_time": 118.484375, "$id": 600, "sounds": [{"d": 0.171875, "p": 34, "v": 15, "w": 0.0}], "pos": 3.25, "size": 1.0}, {"_time": 118.511719, "$id": 601, "sounds": [{"d": 0.28515625, "p": 99, "v": 39, "w": 0.0}], "pos": -1.3216629, "size": 0.9}, {"_time": 119.988281, "$id": 602, "sounds": [{"d": 2.953125, "p": 77, "v": 20, "w": 0.0}], "pos": -0.840263367, "size": 1.0}, {"_time": 120.003906, "$id": 603, "sounds": [{"d": 2.96484375, "p": 70, "v": 14, "w": 0.0}], "pos": 1.60065556, "size": 1.0}, {"_time": 126.0, "$id": 604, "sounds": [{"d": 1.4765625, "p": 62, "v": 10, "w": 0.0}], "pos": 0.5, "size": 1.0}, {"_time": 126.0, "$id": 605, "sounds": [{"d": 2.375, "p": 39, "v": 10, "w": 0.0}], "pos": -1.56236267, "size": 1.0}, {"_time": 127.503906, "$id": 606, "sounds": [{"d": 0.19921875, "p": 98, "v": 8, "w": 0.0}], "pos": 2.0, "size": 0.799999952}, {"_time": 129.0, "$id": 607, "sounds": [{"d": 0.1015625, "p": 27, "v": 8, "w": 0.0}], "pos": -2.0, "size": 0.9}], "links": [{"notes": [{"$ref": 1}, {"$ref": 2}, {"$ref": 3}, {"$ref": 4}, {"$ref": 5}, {"$ref": 6}, {"$ref": 7}, {"$ref": 8}, {"$ref": 9}, {"$ref": 10}, {"$ref": 11}, {"$ref": 12}, {"$ref": 13}, {"$ref": 14}, {"$ref": 15}, {"$ref": 16}, {"$ref": 17}, {"$ref": 18}, {"$ref": 19}, {"$ref": 20}, {"$ref": 21}, {"$ref": 22}, {"$ref": 23}, {"$ref": 24}, {"$ref": 25}, {"$ref": 26}, {"$ref": 27}, {"$ref": 28}, {"$ref": 29}, {"$ref": 30}, {"$ref": 31}, {"$ref": 32}, {"$ref": 33}, {"$ref": 34}, {"$ref": 35}, {"$ref": 36}, {"$ref": 37}, {"$ref": 38}, {"$ref": 39}, {"$ref": 40}, {"$ref": 41}, {"$ref": 42}, {"$ref": 43}, {"$ref": 44}, {"$ref": 45}, {"$ref": 46}, {"$ref": 47}, {"$ref": 48}, {"$ref": 49}, {"$ref": 50}, {"$ref": 51}, {"$ref": 52}, {"$ref": 53}, {"$ref": 54}, {"$ref": 55}, {"$ref": 56}, {"$ref": 57}, {"$ref": 58}, {"$ref": 59}, {"$ref": 60}, {"$ref": 61}, {"$ref": 62}, {"$ref": 63}, {"$ref": 64}, {"$ref": 65}, {"$ref": 66}, {"$ref": 67}, {"$ref": 68}, {"$ref": 69}, {"$ref": 70}, {"$ref": 71}, {"$ref": 72}, {"$ref": 73}, {"$ref": 74}, {"$ref": 75}, {"$ref": 76}, {"$ref": 77}, {"$ref": 78}, {"$ref": 79}, {"$ref": 80}, {"$ref": 81}, {"$ref": 82}, {"$ref": 83}, {"$ref": 84}]}, {"notes": [{"$ref": 129}, {"$ref": 130}, {"$ref": 132}, {"$ref": 134}, {"$ref": 135}, {"$ref": 137}]}, {"notes": [{"$ref": 128}, {"$ref": 131}, {"$ref": 133}, {"$ref": 136}, {"$ref": 138}]}, {"notes": [{"$ref": 176}, {"$ref": 177}, {"$ref": 178}, {"$ref": 179}, {"$ref": 180}, {"$ref": 182}, {"$ref": 183}, {"$ref": 185}, {"$ref": 188}]}, {"notes": [{"$ref": 181}, {"$ref": 184}, {"$ref": 186}, {"$ref": 187}, {"$ref": 189}, {"$ref": 190}]}, {"notes": [{"$ref": 191}, {"$ref": 192}]}, {"notes": [{"$ref": 195}, {"$ref": 197}]}, {"notes": [{"$ref": 198}, {"$ref": 199}]}, {"notes": [{"$ref": 313}, {"$ref": 314}, {"$ref": 315}, {"$ref": 316}, {"$ref": 317}]}, {"notes": [{"$ref": 318}, {"$ref": 319}, {"$ref": 320}, {"$ref": 321}, {"$ref": 322}]}, {"notes": [{"$ref": 349}, {"$ref": 350}, {"$ref": 351}]}, {"notes": [{"$ref": 383}, {"$ref": 384}]}, {"notes": [{"$ref": 361}, {"$ref": 362}, {"$ref": 363}]}, {"notes": [{"$ref": 390}, {"$ref": 391}, {"$ref": 392}, {"$ref": 393}]}, {"notes": [{"$ref": 438}, {"$ref": 439}, {"$ref": 440}, {"$ref": 441}, {"$ref": 442}, {"$ref": 443}, {"$ref": 445}]}, {"notes": [{"$ref": 470}, {"$ref": 471}, {"$ref": 472}, {"$ref": 473}, {"$ref": 474}, {"$ref": 475}, {"$ref": 476}]}, {"notes": [{"$ref": 451}, {"$ref": 452}, {"$ref": 453}, {"$ref": 454}, {"$ref": 455}]}, {"notes": [{"$ref": 480}, {"$ref": 481}, {"$ref": 482}, {"$ref": 483}, {"$ref": 484}, {"$ref": 485}]}, {"notes": [{"$ref": 536}, {"$ref": 537}, {"$ref": 538}, {"$ref": 539}, {"$ref": 540}, {"$ref": 541}]}, {"notes": [{"$ref": 542}, {"$ref": 543}, {"$ref": 544}, {"$ref": 545}, {"$ref": 546}, {"$ref": 547}]}, {"notes": [{"$ref": 573}, {"$ref": 574}, {"$ref": 575}]}, {"notes": [{"$ref": 595}, {"$ref": 596}, {"$ref": 597}]}, {"notes": [{"$ref": 598}, {"$ref": 599}, {"$ref": 601}]}, {"notes": [{"$ref": 268}, {"$ref": 269}, {"$ref": 270}, {"$ref": 271}, {"$ref": 272}, {"$ref": 273}, {"$ref": 274}, {"$ref": 275}, {"$ref": 276}, {"$ref": 277}, {"$ref": 278}, {"$ref": 279}, {"$ref": 280}, {"$ref": 281}, {"$ref": 282}]}, {"notes": [{"$ref": 205}, {"$ref": 206}]}], "speed": 6.0}