{"speed": 12.0, "notes": [{"$id": 1, "sounds": [{"d": 1.14983845, "p": 38, "v": 73}], "pos": -1.5, "size": 1.60000014, "_time": 1.5390625}, {"$id": 2, "sounds": [{"d": 0.957531, "p": 57, "v": 87}, {"d": 0.7652235, "p": 62, "v": 89}, {"d": 0.572916031, "p": 54, "v": 65}, {"d": 0.380608559, "p": 50, "v": 67}], "pos": 1.5, "size": 1.60000014, "_time": 1.5390625}, {"$id": 3, "sounds": [{"d": 0.7652235, "p": 50, "v": 65}], "pos": -1.0, "size": 1.30000007, "_time": 1.921875}, {"$id": 4, "sounds": [{"d": 0.572916031, "p": 54, "v": 75}], "size": 1.30000007, "_time": 2.1171875, "pos": 0}, {"$id": 5, "sounds": [{"d": 0.380608559, "p": 62, "v": 85}], "pos": 1.0, "size": 1.30000007, "_time": 2.30859375}, {"$id": 6, "sounds": [{"d": 0.188301086, "p": 57, "v": 83}], "size": 1.30000007, "_time": 2.5, "pos": 0}, {"$id": 7, "sounds": [{"d": 1.14983845, "p": 52, "v": 30}, {"d": 0.572916031, "p": 55, "v": 77}, {"d": 0.7652235, "p": 62, "v": 77}], "pos": 1.5, "size": 1.60000014, "_time": 2.69140625}, {"$id": 8, "sounds": [{"d": 1.14983845, "p": 40, "v": 50}], "pos": -1.5, "size": 1.60000014, "_time": 2.69140625}, {"$id": 9, "sounds": [{"d": 0.380608559, "p": 55, "v": 67}], "pos": -1.0, "size": 1.30000007, "_time": 3.26953125}, {"$id": 10, "sounds": [{"d": 0.380608559, "p": 62, "v": 83}], "pos": 1.0, "size": 1.30000007, "_time": 3.4609375}, {"$id": 11, "sounds": [{"d": 0.188301086, "p": 55, "v": 77}], "pos": -1.0, "size": 1.30000007, "_time": 3.65234375}, {"$id": 12, "sounds": [{"d": 1.14983869, "p": 42, "v": 72}], "pos": -1.5, "size": 1.60000014, "_time": 3.84765625}, {"$id": 13, "sounds": [{"d": 0.9575312, "p": 54, "v": 43}, {"d": 0.765223742, "p": 62, "v": 89}, {"d": 0.572916269, "p": 57, "v": 87}], "pos": 1.5, "size": 1.60000014, "_time": 3.84765625}, {"$id": 14, "sounds": [{"d": 0.572916031, "p": 57, "v": 75}], "size": 1.30000007, "_time": 4.421875, "pos": 0}, {"$id": 15, "sounds": [{"d": 0.380608559, "p": 62, "v": 83}], "pos": 1.0, "size": 1.30000007, "_time": 4.6171875}, {"$id": 16, "sounds": [{"d": 0.188301086, "p": 52, "v": 87}], "pos": -1.0, "size": 1.30000007, "_time": 4.80859375}, {"$id": 17, "sounds": [{"d": 0.380608559, "p": 59, "v": 77}, {"d": 0.7652235, "p": 66, "v": 75}, {"d": 0.7652235, "p": 55, "v": 60}], "pos": 1.5, "size": 1.60000014, "_time": 5.0}, {"$id": 18, "sounds": [{"d": 0.7652235, "p": 43, "v": 75}], "pos": -1.5, "size": 1.60000014, "_time": 5.0}, {"$id": 19, "sounds": [{"d": 0.380608559, "p": 59, "v": 57}], "pos": 0.5, "size": 1.30000007, "_time": 5.3828125}, {"$id": 20, "sounds": [{"d": 0.380608559, "p": 57, "v": 60}, {"d": 0.7652235, "p": 64, "v": 75}], "pos": 1.0, "size": 1.60000014, "_time": 5.76953125}, {"$id": 21, "sounds": [{"d": 0.7652235, "p": 45, "v": 79}], "pos": -1.0, "size": 1.60000014, "_time": 5.76953125}, {"$id": 22, "sounds": [{"d": 0.380608559, "p": 57, "v": 61}], "pos": -0.5, "size": 1.30000007, "_time": 6.15234375}, {"$id": 23, "sounds": [{"d": 0.7652235, "p": 62, "v": 67}, {"d": 0.572916031, "p": 54, "v": 64}, {"d": 1.14983845, "p": 50, "v": 65}, {"d": 0.957531, "p": 57, "v": 73}], "pos": 1.5, "size": 1.60000014, "_time": 6.5390625}, {"$id": 24, "sounds": [{"d": 1.14983845, "p": 38, "v": 72}], "pos": -1.5, "size": 1.60000014, "_time": 6.5390625}, {"$id": 25, "sounds": [{"d": 0.572916031, "p": 54, "v": 65}], "pos": -1.0, "size": 1.30000007, "_time": 7.1171875}, {"$id": 26, "sounds": [{"d": 0.380608559, "p": 62, "v": 81}], "pos": 1.0, "size": 1.30000007, "_time": 7.30859375}, {"$id": 27, "sounds": [{"d": 0.188301086, "p": 57, "v": 79}], "size": 1.30000007, "_time": 7.5, "pos": 0}, {"$id": 28, "sounds": [{"d": 0.765224, "p": 62, "v": 79}, {"d": 1.14983892, "p": 52, "v": 60}, {"d": 0.5729165, "p": 55, "v": 77}], "pos": 1.5, "size": 1.60000014, "_time": 7.69140625}, {"$id": 29, "sounds": [{"d": 1.14983892, "p": 40, "v": 67}], "pos": -1.5, "size": 1.60000014, "_time": 7.69140625}, {"$id": 30, "sounds": [{"d": 0.380608559, "p": 55, "v": 75}], "pos": -1.0, "size": 1.30000007, "_time": 8.269531}, {"$id": 31, "sounds": [{"d": 0.380608559, "p": 62, "v": 79}], "pos": 1.0, "size": 1.30000007, "_time": 8.4609375}, {"$id": 32, "sounds": [{"d": 0.188301086, "p": 55, "v": 77}], "pos": -1.0, "size": 1.30000007, "_time": 8.652344}, {"$id": 33, "sounds": [{"d": 1.14983845, "p": 42, "v": 61}], "pos": -1.5, "size": 1.60000014, "_time": 8.847656}, {"$id": 34, "sounds": [{"d": 1.14983845, "p": 54, "v": 65}, {"d": 0.572916031, "p": 57, "v": 77}, {"d": 0.7652235, "p": 62, "v": 87}], "pos": 1.5, "size": 1.60000014, "_time": 8.847656}, {"$id": 35, "sounds": [{"d": 0.380608559, "p": 57, "v": 87}], "size": 1.30000007, "_time": 9.421875, "pos": 0}, {"$id": 36, "sounds": [{"d": 0.380608559, "p": 62, "v": 85}], "pos": 1.0, "size": 1.30000007, "_time": 9.6171875}, {"$id": 37, "sounds": [{"d": 0.188301086, "p": 57, "v": 54}], "size": 1.30000007, "_time": 9.808594, "pos": 0}, {"$id": 38, "sounds": [{"d": 0.7171469, "p": 55, "v": 67}, {"d": 0.7652235, "p": 66, "v": 87}], "pos": 1.5, "size": 1.60000014, "_time": 10.0}, {"$id": 39, "sounds": [{"d": 0.7652235, "p": 43, "v": 72}], "pos": -1.5, "size": 1.60000014, "_time": 10.0}, {"$id": 40, "sounds": [{"d": 0.3365383, "p": 59, "v": 72}], "pos": 0.5, "size": 1.0, "_time": 10.3828125}, {"$id": 41, "sounds": [{"d": 0.7652235, "p": 64, "v": 87}], "pos": 1.0, "size": 1.60000014, "_time": 10.7695313}, {"$id": 42, "sounds": [{"d": 0.7652235, "p": 45, "v": 81}], "pos": -1.0, "size": 1.60000014, "_time": 10.7695313}, {"$id": 43, "sounds": [{"d": 0.380608559, "p": 57, "v": 69}], "pos": -0.5, "size": 1.0, "_time": 11.1523438}, {"$id": 44, "sounds": [{"d": 1.14983845, "p": 62, "v": 85}], "pos": 1.5, "size": 1.60000014, "_time": 11.5390625}, {"$id": 45, "sounds": [{"d": 3.842143, "p": 47, "v": 72}], "pos": -1.5, "size": 1.60000014, "_time": 11.5390625}, {"$id": 46, "sounds": [{"d": 3.457528, "p": 54, "v": 50}], "pos": -2.0, "size": 1.30000007, "_time": 11.921875}, {"$id": 47, "sounds": [{"d": 3.07291317, "p": 59, "v": 69}], "pos": -1.0, "size": 1.30000007, "_time": 12.3085938}, {"$id": 48, "sounds": [{"d": 2.68829823, "p": 62, "v": 79}], "size": 1.30000007, "_time": 12.6914063, "pos": 0}, {"$id": 49, "sounds": [{"d": 2.30368328, "p": 66, "v": 89}], "pos": 1.0, "size": 1.30000007, "_time": 13.078125}, {"$id": 50, "sounds": [{"d": 1.53445339, "p": 71, "v": 89}], "pos": 2.0, "size": 1.30000007, "_time": 13.4609375}, {"$id": 51, "sounds": [{"d": 2.688304, "p": 40, "v": 66}, {"d": 2.688304, "p": 52, "v": 67}], "pos": -2.0, "size": 1.30000007, "_time": 15.3828125}, {"$id": 52, "sounds": [{"d": 1.72676563, "p": 66, "v": 85}], "pos": 2.0, "size": 1.0, "_time": 15.3828125}, {"$id": 53, "sounds": [{"d": 0.380608559, "p": 62, "v": 75}], "pos": 1.0, "size": 1.0, "_time": 15.578125}, {"$id": 54, "sounds": [{"d": 0.572917, "p": 59, "v": 66}], "pos": -1.0, "size": 1.0, "_time": 15.7695313}, {"$id": 55, "sounds": [{"d": 0.572917938, "p": 62, "v": 81}], "pos": 1.0, "size": 1.0, "_time": 15.9609375}, {"$id": 56, "sounds": [{"d": 0.572917938, "p": 57, "v": 69}], "pos": -2.0, "size": 1.0, "_time": 16.1523438}, {"$id": 57, "sounds": [{"d": 0.572917938, "p": 59, "v": 72}], "pos": -1.0, "size": 1.0, "_time": 16.3476563}, {"$id": 58, "sounds": [{"d": 1.53445625, "p": 62, "v": 85}], "pos": 1.0, "size": 1.0, "_time": 16.5390625}, {"$id": 59, "sounds": [{"d": 1.34214783, "p": 57, "v": 66}], "pos": -2.0, "size": 1.0, "_time": 16.7304688}, {"$id": 60, "sounds": [{"d": 1.1498394, "p": 59, "v": 77}], "pos": -1.0, "size": 1.0, "_time": 16.921875}, {"$id": 61, "sounds": [{"d": 0.957531, "p": 66, "v": 89}], "pos": 2.0, "size": 1.0, "_time": 17.1171875}, {"$id": 62, "sounds": [{"d": 0.176280975, "p": 65, "v": 89}], "pos": 2.0, "size": 1.0, "_time": 18.078125}, {"$id": 63, "sounds": [{"d": 2.688305, "p": 38, "v": 79}, {"d": 2.688305, "p": 50, "v": 67}], "pos": -2.0, "size": 1.30000007, "_time": 18.078125}, {"$id": 64, "sounds": [{"d": 1.34215164, "p": 64, "v": 60}], "pos": 1.0, "size": 1.0, "_time": 18.2695313}, {"$id": 65, "sounds": [{"d": 0.3806095, "p": 60, "v": 76}], "size": 1.0, "_time": 18.4609375, "pos": 0}, {"$id": 66, "sounds": [{"d": 0.3806095, "p": 57, "v": 78}], "pos": -1.0, "size": 1.0, "_time": 18.6523438}, {"$id": 67, "sounds": [{"d": 0.572917938, "p": 62, "v": 84}], "size": 1.0, "_time": 18.8476563, "pos": 0}, {"$id": 68, "sounds": [{"d": 0.188301086, "p": 55, "v": 81}], "pos": -2.0, "size": 1.0, "_time": 19.0390625}, {"$id": 69, "sounds": [{"d": 1.53445625, "p": 57, "v": 69}], "pos": -1.0, "size": 1.0, "_time": 19.2304688}, {"$id": 70, "sounds": [{"d": 1.34214783, "p": 62, "v": 85}], "size": 1.0, "_time": 19.421875, "pos": 0}, {"$id": 71, "sounds": [{"d": 1.05769157, "p": 64, "v": 101}], "pos": 1.0, "size": 1.0, "_time": 19.6171875}, {"$id": 72, "sounds": [{"d": 0.09615326, "p": 64, "v": 69}], "pos": 1.0, "size": 1.0, "_time": 20.578125}, {"$id": 73, "sounds": [{"d": 0.09615517, "p": 65, "v": 79}], "pos": 1.5, "size": 1.0, "_time": 20.671875}, {"$id": 74, "sounds": [{"d": 0.572917938, "p": 66, "v": 93}], "pos": 2.0, "size": 1.0, "_time": 20.7695313}, {"$id": 75, "sounds": [{"d": 2.25561523, "p": 40, "v": 58}, {"d": 2.251608, "p": 52, "v": 66}], "pos": -2.0, "size": 1.30000007, "_time": 20.7695313}, {"$id": 76, "sounds": [{"d": 0.572917938, "p": 57, "v": 48}], "pos": -1.0, "size": 1.0, "_time": 20.9609375}, {"$id": 77, "sounds": [{"d": 0.765226364, "p": 59, "v": 79}], "pos": 1.0, "size": 1.0, "_time": 21.1523438}, {"$id": 78, "sounds": [{"d": 0.9575348, "p": 66, "v": 79}], "pos": 2.0, "size": 1.0, "_time": 21.3476563}, {"$id": 79, "sounds": [{"d": 0.572917938, "p": 55, "v": 38}], "pos": -2.0, "size": 1.0, "_time": 21.5390625}, {"$id": 80, "sounds": [{"d": 1.34214973, "p": 62, "v": 77}], "pos": 1.0, "size": 1.0, "_time": 21.7304688}, {"$id": 81, "sounds": [{"d": 1.14984131, "p": 59, "v": 79}], "size": 1.0, "_time": 21.921875, "pos": 0}, {"$id": 82, "sounds": [{"d": 0.9575329, "p": 57, "v": 65}], "pos": -1.0, "size": 1.0, "_time": 22.1171875}, {"$id": 83, "sounds": [{"d": 0.765224457, "p": 66, "v": 89}], "pos": 2.0, "size": 1.0, "_time": 22.3085938}, {"$id": 84, "sounds": [{"d": 3.076931, "p": 38, "v": 77}, {"d": 3.076931, "p": 50, "v": 62}], "pos": -2.0, "size": 1.30000007, "_time": 23.078125}, {"$id": 85, "sounds": [{"d": 1.14984322, "p": 67, "v": 85}], "pos": 2.0, "size": 1.0, "_time": 23.078125}, {"$id": 86, "sounds": [{"d": 1.34215164, "p": 60, "v": 40}], "size": 1.0, "_time": 23.2695313, "pos": 0}, {"$id": 87, "sounds": [{"d": 0.3806095, "p": 57, "v": 64}], "pos": -1.0, "size": 1.0, "_time": 23.4609375}, {"$id": 88, "sounds": [{"d": 0.3806095, "p": 64, "v": 89}], "pos": 1.0, "size": 1.0, "_time": 23.6523438}, {"$id": 89, "sounds": [{"d": 0.765226364, "p": 57, "v": 56}], "pos": -1.0, "size": 1.0, "_time": 23.8476563}, {"$id": 90, "sounds": [{"d": 0.188301086, "p": 64, "v": 85}], "pos": 1.0, "size": 1.0, "_time": 24.0390625}, {"$id": 91, "sounds": [{"d": 0.188301086, "p": 65, "v": 95}], "pos": 2.0, "size": 1.0, "_time": 24.2304688}, {"$id": 92, "sounds": [{"d": 1.730772, "p": 64, "v": 87}], "pos": 1.0, "size": 1.0, "_time": 24.421875}, {"$id": 93, "sounds": [{"d": 0.384614944, "p": 60, "v": 73}], "size": 1.0, "_time": 24.6171875, "pos": 0}, {"$id": 94, "sounds": [{"d": 1.15384865, "p": 60, "v": 73}], "size": 1.0, "_time": 25.0, "pos": 0}, {"$id": 95, "sounds": [{"d": 0.9575329, "p": 57, "v": 56}], "pos": -1.0, "size": 1.0, "_time": 25.1914063}, {"$id": 96, "sounds": [{"d": 0.7692318, "p": 55, "v": 72}], "pos": -2.0, "size": 1.0, "_time": 25.3828125}, {"$id": 97, "sounds": [{"d": 0.7692318, "p": 57, "v": 82}, {"d": 0.7692318, "p": 62, "v": 86}, {"d": 0.384614944, "p": 50, "v": 80}, {"d": 1.14984131, "p": 38, "v": 80}, {"d": 1.14984131, "p": 54, "v": 70}], "pos": -1.5, "size": 2.0, "_time": 26.1523438}, {"$id": 98, "sounds": [{"d": 0.3806095, "p": 76, "v": 102}], "size": 0.6999999, "_time": 26.5390625, "pos": 0}, {"$id": 99, "sounds": [{"d": 0.765226364, "p": 50, "v": 76}], "pos": -2.0, "size": 1.0, "_time": 26.5390625}, {"$id": 100, "sounds": [{"d": 0.3806095, "p": 62, "v": 86}, {"d": 0.3806095, "p": 57, "v": 82}], "pos": -1.0, "size": 1.0, "_time": 26.921875}, {"$id": 101, "sounds": [{"d": 0.3806095, "p": 78, "v": 92}], "pos": 1.0, "size": 0.6999999, "_time": 26.921875}, {"$id": 102, "sounds": [{"d": 0.572916031, "p": 86, "v": 102}], "pos": 2.0, "size": 0.6999999, "_time": 27.3085938}, {"$id": 103, "sounds": [{"d": 0.7692318, "p": 61, "v": 74}, {"d": 0.384614944, "p": 52, "v": 66}, {"d": 1.14984131, "p": 45, "v": 78}, {"d": 0.7692318, "p": 57, "v": 82}], "pos": -1.5, "size": 2.0, "_time": 27.3085938}, {"$id": 104, "sounds": [{"d": 0.765226364, "p": 52, "v": 66}], "pos": -2.0, "size": 1.0, "_time": 27.6914063}, {"$id": 105, "sounds": [{"d": 0.188301086, "p": 85, "v": 92}], "pos": 2.0, "size": 0.6999999, "_time": 27.8828125}, {"$id": 106, "sounds": [{"d": 0.3806095, "p": 57, "v": 82}, {"d": 0.3806095, "p": 61, "v": 74}], "pos": -1.0, "size": 1.0, "_time": 28.078125}, {"$id": 107, "sounds": [{"d": 0.3806095, "p": 83, "v": 102}], "pos": 1.0, "size": 0.6999999, "_time": 28.078125}, {"$id": 108, "sounds": [{"d": 0.3806095, "p": 81, "v": 102}], "pos": 2.0, "size": 0.6999999, "_time": 28.4609375}, {"$id": 109, "sounds": [{"d": 0.7692337, "p": 59, "v": 60}, {"d": 0.384616852, "p": 54, "v": 64}, {"d": 1.14984322, "p": 47, "v": 74}, {"d": 0.7692337, "p": 62, "v": 82}], "pos": -1.5, "size": 2.0, "_time": 28.4609375}, {"$id": 110, "sounds": [{"d": 0.3806095, "p": 79, "v": 84}], "pos": 1.30198026, "size": 0.6999999, "_time": 28.8476563}, {"$id": 111, "sounds": [{"d": 0.765226364, "p": 54, "v": 64}], "pos": -2.0, "size": 1.0, "_time": 28.8476563}, {"$id": 112, "sounds": [{"d": 0.3806095, "p": 59, "v": 60}, {"d": 0.3806095, "p": 62, "v": 82}], "pos": -1.0, "size": 1.0, "_time": 29.2304688}, {"$id": 113, "sounds": [{"d": 0.3806095, "p": 78, "v": 100}], "pos": 0.660537541, "size": 0.6999999, "_time": 29.2304688}, {"$id": 114, "sounds": [{"d": 0.572916031, "p": 76, "v": 102}], "size": 0.6999999, "_time": 29.6171875, "pos": 0}, {"$id": 115, "sounds": [{"d": 0.7692318, "p": 66, "v": 57}, {"d": 0.7692318, "p": 62, "v": 82}, {"d": 1.14984131, "p": 43, "v": 57}, {"d": 0.384614944, "p": 59, "v": 80}], "pos": -1.5, "size": 2.0, "_time": 29.6171875}, {"$id": 116, "sounds": [{"d": 0.765226364, "p": 59, "v": 80}], "pos": -2.0, "size": 1.0, "_time": 30.0}, {"$id": 117, "sounds": [{"d": 0.188301086, "p": 78, "v": 78}], "pos": 1.0, "size": 0.6999999, "_time": 30.1914063}, {"$id": 118, "sounds": [{"d": 0.3806095, "p": 62, "v": 82}, {"d": 0.3806095, "p": 66, "v": 57}], "pos": -1.0, "size": 1.0, "_time": 30.3828125}, {"$id": 119, "sounds": [{"d": 0.3806095, "p": 76, "v": 100}], "size": 0.6999999, "_time": 30.3828125, "pos": 0}, {"$id": 120, "sounds": [{"d": 0.7692318, "p": 57, "v": 71}, {"d": 0.7692318, "p": 62, "v": 82}, {"d": 1.14984131, "p": 38, "v": 68}, {"d": 0.384614944, "p": 50, "v": 65}], "pos": -1.5, "size": 2.0, "_time": 30.7695313}, {"$id": 121, "sounds": [{"d": 0.188301086, "p": 76, "v": 92}], "size": 0.6999999, "_time": 31.1523438, "pos": 0}, {"$id": 122, "sounds": [{"d": 0.765226364, "p": 50, "v": 65}], "pos": -2.0, "size": 1.0, "_time": 31.1523438}, {"$id": 123, "sounds": [{"d": 0.188301086, "p": 76, "v": 90}], "size": 0.6999999, "_time": 31.3476563, "pos": 0}, {"$id": 124, "sounds": [{"d": 0.3806095, "p": 62, "v": 82}, {"d": 0.3806095, "p": 57, "v": 71}], "pos": -1.0, "size": 1.0, "_time": 31.5390625}, {"$id": 125, "sounds": [{"d": 0.3806095, "p": 78, "v": 96}], "pos": 1.0, "size": 0.6999999, "_time": 31.5390625}, {"$id": 126, "sounds": [{"d": 0.572916031, "p": 86, "v": 110}], "pos": 2.0, "size": 0.6999999, "_time": 31.921875}, {"$id": 127, "sounds": [{"d": 0.769228, "p": 57, "v": 72}, {"d": 1.14983559, "p": 45, "v": 74}, {"d": 0.384614944, "p": 52, "v": 63}, {"d": 0.769228, "p": 61, "v": 65}], "pos": -1.5, "size": 2.0, "_time": 31.921875}, {"$id": 128, "sounds": [{"d": 0.765220642, "p": 52, "v": 63}], "pos": -2.0, "size": 1.0, "_time": 32.3085938}, {"$id": 129, "sounds": [{"d": 0.188301086, "p": 85, "v": 90}], "pos": 1.0, "size": 0.6999999, "_time": 32.5}, {"$id": 130, "sounds": [{"d": 0.3806076, "p": 57, "v": 72}, {"d": 0.3806076, "p": 61, "v": 65}], "pos": -1.0, "size": 1.0, "_time": 32.6914063}, {"$id": 131, "sounds": [{"d": 0.3806076, "p": 83, "v": 102}], "size": 0.6999999, "_time": 32.6914063, "pos": 0}, {"$id": 132, "sounds": [{"d": 0.3806076, "p": 81, "v": 100}], "pos": 1.14144266, "size": 0.6999999, "_time": 33.078125}, {"$id": 133, "sounds": [{"d": 1.14983368, "p": 47, "v": 63}, {"d": 0.384613037, "p": 54, "v": 71}, {"d": 0.7692261, "p": 59, "v": 39}, {"d": 0.7692261, "p": 62, "v": 70}], "pos": -1.5, "size": 2.0, "_time": 33.078125}, {"$id": 134, "sounds": [{"d": 0.3806076, "p": 83, "v": 92}], "pos": 2.0, "size": 0.6999999, "_time": 33.4609375}, {"$id": 135, "sounds": [{"d": 0.765220642, "p": 54, "v": 71}], "pos": -2.0, "size": 1.0, "_time": 33.4609375}, {"$id": 136, "sounds": [{"d": 0.3806076, "p": 59, "v": 39}, {"d": 0.3806076, "p": 62, "v": 70}], "pos": -1.0, "size": 1.0, "_time": 33.8476563}, {"$id": 137, "sounds": [{"d": 0.3806076, "p": 78, "v": 90}], "pos": 0.5, "size": 0.6999999, "_time": 33.8476563}, {"$id": 138, "sounds": [{"d": 0.3806076, "p": 83, "v": 98}], "pos": 2.0, "size": 0.6999999, "_time": 34.23047}, {"$id": 139, "sounds": [{"d": 0.7692261, "p": 59, "v": 65}, {"d": 0.7692261, "p": 62, "v": 70}, {"d": 0.384613037, "p": 55, "v": 55}, {"d": 1.14983368, "p": 43, "v": 71}], "pos": -1.5, "size": 2.0, "_time": 34.23047}, {"$id": 140, "sounds": [{"d": 0.188301086, "p": 81, "v": 82}], "pos": 2.0, "size": 0.6999999, "_time": 34.6171875}, {"$id": 141, "sounds": [{"d": 0.765220642, "p": 55, "v": 55}], "pos": -2.0, "size": 1.0, "_time": 34.6171875}, {"$id": 142, "sounds": [{"d": 0.188301086, "p": 79, "v": 92}], "pos": 1.35855722, "size": 0.6999999, "_time": 34.8085938}, {"$id": 143, "sounds": [{"d": 0.188301086, "p": 78, "v": 92}], "pos": 0.6980198, "size": 0.6999999, "_time": 35.0}, {"$id": 144, "sounds": [{"d": 0.3806076, "p": 62, "v": 70}, {"d": 0.3806076, "p": 59, "v": 65}], "pos": -1.0, "size": 1.0, "_time": 35.0}, {"$id": 145, "sounds": [{"d": 0.188301086, "p": 76, "v": 92}], "size": 0.6999999, "_time": 35.1914063, "pos": 0}, {"$id": 146, "sounds": [{"d": 0.572917938, "p": 78, "v": 98}], "pos": 1.0, "size": 0.6999999, "_time": 35.3828125}, {"$id": 147, "sounds": [{"d": 0.7692299, "p": 64, "v": 66}, {"d": 0.384616852, "p": 57, "v": 64}, {"d": 1.14983749, "p": 42, "v": 64}, {"d": 0.7692299, "p": 61, "v": 80}], "pos": -1.5, "size": 2.0, "_time": 35.3828125}, {"$id": 148, "sounds": [{"d": 0.765220642, "p": 57, "v": 64}], "pos": -2.0, "size": 1.0, "_time": 35.76953}, {"$id": 149, "sounds": [{"d": 0.188301086, "p": 79, "v": 92}], "pos": 2.0, "size": 0.6999999, "_time": 35.9609375}, {"$id": 150, "sounds": [{"d": 0.3806076, "p": 61, "v": 80}, {"d": 0.3806076, "p": 64, "v": 66}], "pos": -1.0, "size": 1.0, "_time": 36.1523438}, {"$id": 151, "sounds": [{"d": 0.3806076, "p": 78, "v": 98}], "pos": 1.0, "size": 0.6999999, "_time": 36.1523438}, {"$id": 152, "sounds": [{"d": 0.7692337, "p": 59, "v": 38}, {"d": 1.14984131, "p": 47, "v": 70}, {"d": 0.7692337, "p": 62, "v": 78}, {"d": 0.384616852, "p": 54, "v": 65}], "pos": -1.5, "size": 2.0, "_time": 36.5390625}, {"$id": 153, "sounds": [{"d": 1.14984131, "p": 76, "v": 102}], "size": 0.6999999, "_time": 36.5390625, "pos": 0}, {"$id": 154, "sounds": [{"d": 0.765224457, "p": 54, "v": 65}], "pos": -2.0, "size": 1.0, "_time": 36.921875}, {"$id": 155, "sounds": [{"d": 0.3806076, "p": 59, "v": 38}, {"d": 0.3806076, "p": 62, "v": 78}], "pos": -1.0, "size": 1.0, "_time": 37.3085938}, {"$id": 156, "sounds": [{"d": 0.572917938, "p": 74, "v": 100}], "pos": 1.0, "size": 0.6999999, "_time": 37.6914063}, {"$id": 157, "sounds": [{"d": 0.7692299, "p": 62, "v": 76}, {"d": 0.384616852, "p": 55, "v": 64}, {"d": 1.14983749, "p": 40, "v": 74}, {"d": 0.7692299, "p": 59, "v": 66}], "pos": -1.5, "size": 2.0, "_time": 37.6914063}, {"$id": 158, "sounds": [{"d": 0.765220642, "p": 55, "v": 64}], "pos": -2.0, "size": 1.0, "_time": 38.078125}, {"$id": 159, "sounds": [{"d": 0.188301086, "p": 73, "v": 80}], "size": 0.6999999, "_time": 38.26953, "pos": 0}, {"$id": 160, "sounds": [{"d": 0.3806076, "p": 59, "v": 66}, {"d": 0.3806076, "p": 62, "v": 76}], "pos": -1.0, "size": 1.0, "_time": 38.4609375}, {"$id": 161, "sounds": [{"d": 0.3806076, "p": 74, "v": 92}], "pos": 1.0, "size": 0.6999999, "_time": 38.4609375}, {"$id": 162, "sounds": [{"d": 0.3806076, "p": 76, "v": 102}], "pos": 1.5, "size": 0.6999999, "_time": 38.8476563}, {"$id": 163, "sounds": [{"d": 0.7692261, "p": 61, "v": 65}, {"d": 0.384613037, "p": 52, "v": 57}, {"d": 1.14983368, "p": 45, "v": 66}, {"d": 0.7692261, "p": 57, "v": 60}], "pos": -1.5, "size": 2.0, "_time": 38.8476563}, {"$id": 164, "sounds": [{"d": 0.3806076, "p": 74, "v": 94}], "pos": 0.5, "size": 0.6999999, "_time": 39.23047}, {"$id": 165, "sounds": [{"d": 0.765220642, "p": 52, "v": 57}], "pos": -2.0, "size": 1.0, "_time": 39.23047}, {"$id": 166, "sounds": [{"d": 0.3806076, "p": 61, "v": 65}, {"d": 0.3806076, "p": 57, "v": 60}], "pos": -1.0, "size": 1.0, "_time": 39.6171875}, {"$id": 167, "sounds": [{"d": 0.3806076, "p": 78, "v": 94}], "pos": 2.0, "size": 0.6999999, "_time": 39.6171875}, {"$id": 168, "sounds": [{"d": 0.572917938, "p": 78, "v": 100}], "pos": 2.0, "size": 0.6999999, "_time": 40.0}, {"$id": 169, "sounds": [{"d": 0.384616852, "p": 54, "v": 56}, {"d": 1.14983749, "p": 47, "v": 71}, {"d": 0.7692299, "p": 59, "v": 66}, {"d": 0.7692299, "p": 62, "v": 78}], "pos": -1.5, "size": 2.0, "_time": 40.0}, {"$id": 170, "sounds": [{"d": 0.765220642, "p": 54, "v": 56}], "pos": -2.0, "size": 1.0, "_time": 40.3828125}, {"$id": 171, "sounds": [{"d": 0.188301086, "p": 76, "v": 92}], "size": 0.6999999, "_time": 40.578125, "pos": 0}, {"$id": 172, "sounds": [{"d": 0.3806076, "p": 62, "v": 78}, {"d": 0.3806076, "p": 59, "v": 66}], "pos": -1.0, "size": 1.0, "_time": 40.76953}, {"$id": 173, "sounds": [{"d": 0.3806076, "p": 78, "v": 90}], "pos": 1.0, "size": 0.6999999, "_time": 40.76953}, {"$id": 174, "sounds": [{"d": 0.384613037, "p": 57, "v": 70}, {"d": 0.7692261, "p": 64, "v": 72}, {"d": 0.7692261, "p": 61, "v": 70}, {"d": 1.14983368, "p": 42, "v": 63}], "pos": -1.5, "size": 2.0, "_time": 41.1523438}, {"$id": 175, "sounds": [{"d": 0.3806076, "p": 85, "v": 94}], "size": 0.6999999, "_time": 41.1523438, "pos": 0}, {"$id": 176, "sounds": [{"d": 0.3806076, "p": 86, "v": 92}], "pos": 1.0, "size": 0.6999999, "_time": 41.5390625}, {"$id": 177, "sounds": [{"d": 0.765220642, "p": 57, "v": 70}], "pos": -2.0, "size": 1.0, "_time": 41.5390625}, {"$id": 178, "sounds": [{"d": 0.3806076, "p": 61, "v": 70}, {"d": 0.3806076, "p": 64, "v": 72}], "pos": -1.0, "size": 1.0, "_time": 41.921875}, {"$id": 179, "sounds": [{"d": 0.3806076, "p": 88, "v": 80}], "pos": 2.0, "size": 0.6999999, "_time": 41.921875}, {"$id": 180, "sounds": [{"d": 0.572917938, "p": 86, "v": 100}], "pos": 1.0, "size": 0.6999999, "_time": 42.3085938}, {"$id": 181, "sounds": [{"d": 0.7692299, "p": 59, "v": 71}, {"d": 1.53845978, "p": 66, "v": 76}, {"d": 0.384616852, "p": 55, "v": 60}, {"d": 1.15384293, "p": 62, "v": 68}, {"d": 2.30368042, "p": 40, "v": 61}], "pos": -1.5, "size": 2.0, "_time": 42.3085938}, {"$id": 182, "sounds": [{"d": 1.91906357, "p": 55, "v": 60}], "pos": -2.0, "size": 1.0, "_time": 42.6914063}, {"$id": 183, "sounds": [{"d": 0.188301086, "p": 85, "v": 86}], "pos": 2.0, "size": 0.6999999, "_time": 42.8828125}, {"$id": 184, "sounds": [{"d": 0.3806076, "p": 83, "v": 90}], "pos": 1.0, "size": 0.6999999, "_time": 43.078125}, {"$id": 185, "sounds": [{"d": 1.53445053, "p": 59, "v": 71}], "pos": -1.0, "size": 1.0, "_time": 43.078125}, {"$id": 186, "sounds": [{"d": 0.765224457, "p": 81, "v": 94}], "size": 0.6999999, "_time": 43.4609375, "pos": 0}, {"$id": 187, "sounds": [{"d": 1.14983749, "p": 62, "v": 68}], "pos": -2.0, "size": 1.0, "_time": 43.4609375}, {"$id": 188, "sounds": [{"d": 0.765220642, "p": 66, "v": 76}], "pos": -1.0, "size": 1.0, "_time": 43.8476563}, {"$id": 189, "sounds": [{"d": 0.3806076, "p": 83, "v": 92}], "pos": 2.0, "size": 0.6999999, "_time": 44.23047}, {"$id": 190, "sounds": [{"d": 1.14983749, "p": 78, "v": 94}], "pos": 1.0, "size": 0.6999999, "_time": 44.6171875}, {"$id": 191, "sounds": [{"d": 1.14983749, "p": 59, "v": 66}, {"d": 1.14983749, "p": 55, "v": 71}, {"d": 1.14983749, "p": 45, "v": 78}, {"d": 1.14983749, "p": 62, "v": 82}], "pos": -1.5, "size": 2.0, "_time": 44.6171875}, {"$id": 192, "sounds": [{"d": 0.765224457, "p": 79, "v": 90}], "pos": 2.0, "size": 0.6999999, "_time": 45.76953}, {"$id": 193, "sounds": [{"d": 1.88701248, "p": 57, "v": 66}, {"d": 1.89101791, "p": 64, "v": 74}, {"d": 1.90704346, "p": 45, "v": 64}, {"d": 1.87098694, "p": 61, "v": 82}], "pos": -1.5, "size": 2.0, "_time": 45.76953}, {"$id": 194, "sounds": [{"d": 0.188301086, "p": 78, "v": 88}], "pos": 2.0, "size": 0.6999999, "_time": 46.5390625}, {"$id": 195, "sounds": [{"d": 0.188301086, "p": 76, "v": 88}], "pos": 1.0, "size": 0.6999999, "_time": 46.73047}, {"$id": 196, "sounds": [{"d": 0.188301086, "p": 74, "v": 86}], "size": 0.6999999, "_time": 46.921875, "pos": 0}, {"$id": 197, "sounds": [{"d": 0.6169853, "p": 73, "v": 86}], "pos": -1.0, "size": 0.6999999, "_time": 47.1171875}, {"$id": 198, "sounds": [{"d": 1.14983368, "p": 62, "v": 96}, {"d": 1.14983368, "p": 38, "v": 90}, {"d": 1.14983368, "p": 50, "v": 90}, {"d": 0.3806076, "p": 54, "v": 88}, {"d": 0.765220642, "p": 57, "v": 69}], "pos": -1.5, "size": 2.0, "_time": 48.078125}, {"$id": 199, "sounds": [{"d": 0.765220642, "p": 54, "v": 82}], "pos": -2.0, "size": 1.0, "_time": 48.4609375}, {"$id": 200, "sounds": [{"d": 0.188301086, "p": 85, "v": 101}], "pos": 1.0, "size": 0.6999999, "_time": 48.8476563}, {"$id": 201, "sounds": [{"d": 0.3806076, "p": 57, "v": 94}], "pos": -1.0, "size": 1.0, "_time": 48.8476563}, {"$id": 202, "sounds": [{"d": 0.188301086, "p": 86, "v": 93}], "pos": 2.0, "size": 0.6999999, "_time": 49.0390625}, {"$id": 203, "sounds": [{"d": 0.3806076, "p": 85, "v": 87}], "pos": 1.0, "size": 0.6999999, "_time": 49.23047}, {"$id": 204, "sounds": [{"d": 1.14983368, "p": 52, "v": 78}, {"d": 0.765220642, "p": 62, "v": 92}, {"d": 1.14983368, "p": 40, "v": 92}, {"d": 0.3806076, "p": 55, "v": 70}], "pos": -1.5, "size": 2.0, "_time": 49.23047}, {"$id": 205, "sounds": [{"d": 0.765220642, "p": 55, "v": 90}], "pos": -2.0, "size": 1.0, "_time": 49.6171875}, {"$id": 206, "sounds": [{"d": 0.3806076, "p": 81, "v": 97}], "pos": 2.0, "size": 0.6999999, "_time": 49.6171875}, {"$id": 207, "sounds": [{"d": 0.3806076, "p": 78, "v": 95}], "pos": 1.0, "size": 0.6999999, "_time": 50.0}, {"$id": 208, "sounds": [{"d": 0.3806076, "p": 62, "v": 70}], "pos": -1.0, "size": 1.0, "_time": 50.0}, {"$id": 209, "sounds": [{"d": 0.765220642, "p": 62, "v": 90}, {"d": 0.3806076, "p": 57, "v": 90}, {"d": 1.14983368, "p": 54, "v": 82}, {"d": 1.14983368, "p": 42, "v": 80}], "pos": -1.5, "size": 2.0, "_time": 50.3828125}, {"$id": 210, "sounds": [{"d": 1.14983368, "p": 76, "v": 93}], "size": 0.6999999, "_time": 50.3828125, "pos": 0}, {"$id": 211, "sounds": [{"d": 0.765220642, "p": 57, "v": 82}], "pos": -2.0, "size": 1.0, "_time": 50.76953}, {"$id": 212, "sounds": [{"d": 0.3806076, "p": 62, "v": 86}], "pos": -1.0, "size": 1.0, "_time": 51.1523438}, {"$id": 213, "sounds": [{"d": 0.765224457, "p": 59, "v": 90}, {"d": 0.765224457, "p": 43, "v": 80}, {"d": 0.765224457, "p": 55, "v": 76}, {"d": 0.765224457, "p": 66, "v": 88}], "pos": -1.5, "size": 2.0, "_time": 51.5390625}, {"$id": 214, "sounds": [{"d": 2.30368042, "p": 78, "v": 98}], "pos": 1.0, "size": 0.6999999, "_time": 51.5390625}, {"$id": 215, "sounds": [{"d": 0.3806076, "p": 64, "v": 96}], "pos": -1.0, "size": 1.0, "_time": 51.921875}, {"$id": 216, "sounds": [{"d": 0.3806076, "p": 57, "v": 88}, {"d": 0.3806076, "p": 61, "v": 88}, {"d": 0.3806076, "p": 45, "v": 80}], "pos": -1.5, "size": 1.50000012, "_time": 52.3085938}, {"$id": 217, "sounds": [{"d": 1.14983749, "p": 50, "v": 82}, {"d": 1.14983749, "p": 38, "v": 86}, {"d": 0.765224457, "p": 62, "v": 74}, {"d": 1.14983749, "p": 57, "v": 80}], "pos": -1.5, "size": 2.0, "_time": 52.6914063}, {"$id": 218, "sounds": [{"d": 0.765220642, "p": 54, "v": 75}], "pos": -2.0, "size": 1.0, "_time": 53.078125}, {"$id": 219, "sounds": [{"d": 0.3806076, "p": 62, "v": 94}], "pos": -1.0, "size": 1.0, "_time": 53.4609375}, {"$id": 220, "sounds": [{"d": 0.188301086, "p": 85, "v": 102}], "pos": 1.33026874, "size": 0.6999999, "_time": 53.8476563}, {"$id": 221, "sounds": [{"d": 0.3806076, "p": 55, "v": 86}, {"d": 0.765220642, "p": 62, "v": 88}, {"d": 1.14983368, "p": 40, "v": 78}, {"d": 1.14983368, "p": 52, "v": 72}], "pos": -1.5, "size": 2.0, "_time": 53.8476563}, {"$id": 222, "sounds": [{"d": 0.188301086, "p": 86, "v": 84}], "pos": 2.0, "size": 0.6999999, "_time": 54.0390625}, {"$id": 223, "sounds": [{"d": 0.188301086, "p": 85, "v": 86}], "pos": 1.33026874, "size": 0.6999999, "_time": 54.23047}, {"$id": 224, "sounds": [{"d": 0.765220642, "p": 55, "v": 90}], "pos": -2.0, "size": 1.0, "_time": 54.23047}, {"$id": 225, "sounds": [{"d": 0.188301086, "p": 81, "v": 92}], "pos": 0.6888261, "size": 0.6999999, "_time": 54.421875}, {"$id": 226, "sounds": [{"d": 0.3806076, "p": 78, "v": 102}], "size": 0.6999999, "_time": 54.6171875, "pos": 0}, {"$id": 227, "sounds": [{"d": 0.3806076, "p": 62, "v": 78}], "pos": -1.0, "size": 1.0, "_time": 54.6171875}, {"$id": 228, "sounds": [{"d": 0.765220642, "p": 76, "v": 90}], "pos": 1.0, "size": 0.6999999, "_time": 55.0}, {"$id": 229, "sounds": [{"d": 1.14983749, "p": 54, "v": 78}, {"d": 0.3806076, "p": 57, "v": 76}, {"d": 1.14983749, "p": 42, "v": 76}, {"d": 0.765220642, "p": 64, "v": 92}], "pos": -1.5, "size": 2.0, "_time": 55.0}, {"$id": 230, "sounds": [{"d": 0.765224457, "p": 57, "v": 75}], "pos": -2.0, "size": 1.0, "_time": 55.3828125}, {"$id": 231, "sounds": [{"d": 0.372596741, "p": 64, "v": 69}], "pos": -1.0, "size": 1.0, "_time": 55.76953}, {"$id": 232, "sounds": [{"d": 1.53445435, "p": 78, "v": 88}], "pos": 2.0, "size": 0.6999999, "_time": 55.76953}, {"$id": 233, "sounds": [{"d": 0.3806076, "p": 55, "v": 65}, {"d": 0.765220642, "p": 66, "v": 92}, {"d": 0.3806076, "p": 59, "v": 63}, {"d": 2.30368042, "p": 69, "v": 74}, {"d": 0.3806076, "p": 43, "v": 80}], "pos": -1.5, "size": 2.0, "_time": 56.1523438}, {"$id": 234, "sounds": [{"d": 0.765224457, "p": 45, "v": 78}, {"d": 0.765224457, "p": 61, "v": 98}, {"d": 1.14983749, "p": 57, "v": 80}], "pos": -1.5, "size": 1.50000012, "_time": 56.5390625}, {"$id": 235, "sounds": [{"d": 0.3245201, "p": 64, "v": 92}], "pos": -1.0, "size": 1.0, "_time": 56.921875}, {"$id": 236, "sounds": [{"d": 1.14983749, "p": 78, "v": 88}], "pos": 1.0, "size": 0.6999999, "_time": 57.3085938}, {"$id": 237, "sounds": [{"d": 1.14983749, "p": 66, "v": 88}, {"d": 1.91906738, "p": 62, "v": 80}, {"d": 1.14983749, "p": 47, "v": 80}], "pos": -1.5, "size": 2.0, "_time": 57.3085938}, {"$id": 238, "sounds": [{"d": 0.765224457, "p": 54, "v": 80}], "pos": -2.0, "size": 1.0, "_time": 57.6914063}, {"$id": 239, "sounds": [{"d": 0.3806076, "p": 59, "v": 69}], "pos": -1.0, "size": 1.0, "_time": 58.078125}, {"$id": 240, "sounds": [{"d": 1.14983749, "p": 83, "v": 88}, {"d": 1.14983749, "p": 71, "v": 88}], "pos": 2.0, "size": 0.6999999, "_time": 58.4609375}, {"$id": 241, "sounds": [{"d": 1.14983749, "p": 55, "v": 75}, {"d": 1.14983749, "p": 43, "v": 80}], "pos": -1.5, "size": 2.0, "_time": 58.4609375}, {"$id": 242, "sounds": [{"d": 0.765220642, "p": 66, "v": 82}], "pos": -1.0, "size": 1.0, "_time": 58.8476563}, {"$id": 243, "sounds": [{"d": 0.3806076, "p": 62, "v": 35}], "pos": -2.0, "size": 1.0, "_time": 59.23047}, {"$id": 244, "sounds": [{"d": 0.765224457, "p": 85, "v": 78}, {"d": 0.765224457, "p": 73, "v": 78}], "pos": 1.0, "size": 0.6999999, "_time": 59.6171875}, {"$id": 245, "sounds": [{"d": 1.14983749, "p": 42, "v": 72}, {"d": 1.14983749, "p": 54, "v": 72}, {"d": 1.14983749, "p": 64, "v": 72}], "pos": -1.5, "size": 2.0, "_time": 59.6171875}, {"$id": 246, "sounds": [{"d": 1.53444672, "p": 81, "v": 80}, {"d": 0.765220642, "p": 69, "v": 94}], "pos": -1.0, "size": 0.6999999, "_time": 60.0}, {"$id": 247, "sounds": [{"d": 0.3806076, "p": 85, "v": 88}, {"d": 0.3806076, "p": 73, "v": 88}], "pos": 1.0, "size": 0.6999999, "_time": 60.3828125}, {"$id": 248, "sounds": [{"d": 0.3806076, "p": 74, "v": 78}, {"d": 0.3806076, "p": 86, "v": 78}], "pos": 2.0, "size": 0.6999999, "_time": 60.76953}, {"$id": 249, "sounds": [{"d": 1.03765488, "p": 66, "v": 57}, {"d": 1.14983368, "p": 47, "v": 69}, {"d": 0.765220642, "p": 69, "v": 47}, {"d": 1.14983368, "p": 59, "v": 69}], "pos": -1.5, "size": 2.0, "_time": 60.76953}, {"$id": 250, "sounds": [{"d": 0.765220642, "p": 85, "v": 76}, {"d": 0.765220642, "p": 73, "v": 76}], "pos": 1.0, "size": 0.6999999, "_time": 61.1523438}, {"$id": 251, "sounds": [{"d": 0.3806076, "p": 81, "v": 80}, {"d": 0.3806076, "p": 69, "v": 80}], "pos": -1.0, "size": 0.6999999, "_time": 61.5390625}, {"$id": 252, "sounds": [{"d": 1.14983368, "p": 83, "v": 82}, {"d": 1.14983368, "p": 71, "v": 82}], "pos": 1.0, "size": 0.6999999, "_time": 61.921875}, {"$id": 253, "sounds": [{"d": 0.765220642, "p": 67, "v": 88}, {"d": 0.3806076, "p": 62, "v": 75}, {"d": 2.30367279, "p": 40, "v": 67}, {"d": 2.30367279, "p": 52, "v": 63}], "pos": -1.5, "size": 2.0, "_time": 61.921875}, {"$id": 254, "sounds": [{"d": 1.91905975, "p": 62, "v": 65}], "pos": -1.0, "size": 1.0, "_time": 62.3085938}, {"$id": 255, "sounds": [{"d": 1.53444672, "p": 67, "v": 76}], "size": 1.0, "_time": 62.6914063, "pos": 0}, {"$id": 256, "sounds": [{"d": 0.3806076, "p": 86, "v": 90}, {"d": 0.3806076, "p": 74, "v": 90}], "pos": 2.0, "size": 0.6999999, "_time": 63.078125}, {"$id": 257, "sounds": [{"d": 0.3806076, "p": 73, "v": 78}, {"d": 0.3806076, "p": 85, "v": 78}], "pos": 1.0, "size": 0.6999999, "_time": 63.4609375}, {"$id": 258, "sounds": [{"d": 0.3806076, "p": 83, "v": 74}, {"d": 0.3806076, "p": 71, "v": 74}], "size": 0.6999999, "_time": 63.8476563, "pos": 0}, {"$id": 259, "sounds": [{"d": 0.765220642, "p": 71, "v": 90}, {"d": 0.765220642, "p": 83, "v": 90}], "size": 0.6999999, "_time": 64.23047, "pos": 0}, {"$id": 260, "sounds": [{"d": 1.14983368, "p": 42, "v": 58}, {"d": 1.14983368, "p": 54, "v": 69}, {"d": 0.3806076, "p": 64, "v": 78}], "pos": -1.5, "size": 2.0, "_time": 64.23047}, {"$id": 261, "sounds": [{"d": 0.765220642, "p": 64, "v": 63}], "pos": -1.0, "size": 1.0, "_time": 64.61719}, {"$id": 262, "sounds": [{"d": 0.3806076, "p": 71, "v": 84}, {"d": 0.3806076, "p": 83, "v": 84}], "pos": 1.0, "size": 0.6999999, "_time": 65.0}, {"$id": 263, "sounds": [{"d": 1.70329285, "p": 73, "v": 69}, {"d": 1.70329285, "p": 85, "v": 69}], "pos": 2.0, "size": 0.6999999, "_time": 65.38281}, {"$id": 264, "sounds": [{"d": 1.70329285, "p": 66, "v": 68}, {"d": 1.70329285, "p": 70, "v": 63}, {"d": 1.70329285, "p": 54, "v": 63}, {"d": 1.70329285, "p": 42, "v": 48}], "pos": -1.5, "size": 2.0, "_time": 65.38281}, {"$id": 265, "sounds": [{"d": 0.391593933, "p": 60, "v": 80}, {"d": 1.16082, "p": 50, "v": 90}], "pos": -2.0, "size": 1.30000007, "_time": 67.08594}, {"$id": 266, "sounds": [{"d": 1.16082, "p": 69, "v": 90}, {"d": 0.776207, "p": 65, "v": 90}], "pos": 2.0, "size": 1.0, "_time": 67.08594}, {"$id": 267, "sounds": [{"d": 0.765220642, "p": 60, "v": 84}], "pos": -1.0, "size": 1.0, "_time": 67.484375}, {"$id": 268, "sounds": [{"d": 1.53444672, "p": 65, "v": 90}], "pos": 1.0, "size": 1.0, "_time": 67.86719}, {"$id": 269, "sounds": [{"d": 0.3806076, "p": 72, "v": 88}, {"d": 0.3806076, "p": 62, "v": 72}], "pos": 2.0, "size": 1.0, "_time": 68.25391}, {"$id": 270, "sounds": [{"d": 1.14983368, "p": 46, "v": 76}, {"d": 1.14983368, "p": 58, "v": 76}], "pos": -2.0, "size": 1.30000007, "_time": 68.25391}, {"$id": 271, "sounds": [{"d": 0.3806076, "p": 70, "v": 100}], "pos": 1.0, "size": 1.0, "_time": 68.63672}, {"$id": 272, "sounds": [{"d": 0.765220642, "p": 62, "v": 76}], "pos": -1.0, "size": 1.30000007, "_time": 68.63672}, {"$id": 273, "sounds": [{"d": 0.3806076, "p": 69, "v": 86}], "size": 1.0, "_time": 69.02344, "pos": 0}, {"$id": 274, "sounds": [{"d": 0.3806076, "p": 60, "v": 84}, {"d": 1.0977478, "p": 48, "v": 80}], "pos": -2.0, "size": 1.30000007, "_time": 69.40625}, {"$id": 275, "sounds": [{"d": 1.0977478, "p": 67, "v": 84}], "pos": 2.0, "size": 1.0, "_time": 69.40625}, {"$id": 276, "sounds": [{"d": 0.765220642, "p": 60, "v": 78}], "pos": -1.0, "size": 1.0, "_time": 69.79297}, {"$id": 277, "sounds": [{"d": 0.328521729, "p": 64, "v": 82}], "pos": 1.0, "size": 1.0, "_time": 70.17578}, {"$id": 278, "sounds": [{"d": 0.721153259, "p": 65, "v": 88}], "pos": 2.0, "size": 1.0, "_time": 70.55859}, {"$id": 279, "sounds": [{"d": 0.721153259, "p": 41, "v": 82}, {"d": 0.721153259, "p": 53, "v": 65}], "pos": -2.0, "size": 1.30000007, "_time": 70.55859}, {"$id": 280, "sounds": [{"d": 0.761222839, "p": 60, "v": 88}], "size": 1.0, "_time": 70.94531, "pos": 0}, {"$id": 281, "sounds": [{"d": 0.376602173, "p": 67, "v": 80}], "pos": 1.0, "size": 1.0, "_time": 71.328125}, {"$id": 282, "sounds": [{"d": 0.376602173, "p": 52, "v": 69}, {"d": 0.376602173, "p": 40, "v": 54}], "pos": -1.0, "size": 1.30000007, "_time": 71.328125}, {"$id": 283, "sounds": [{"d": 1.07372284, "p": 69, "v": 96}], "pos": 2.0, "size": 1.0, "_time": 71.71484}, {"$id": 284, "sounds": [{"d": 1.07372284, "p": 50, "v": 90}, {"d": 0.6891022, "p": 65, "v": 65}], "pos": -2.0, "size": 1.30000007, "_time": 71.71484}, {"$id": 285, "sounds": [{"d": 0.6891098, "p": 60, "v": 65}], "pos": -1.0, "size": 1.0, "_time": 72.09766}, {"$id": 286, "sounds": [{"d": 1.4743576, "p": 65, "v": 88}], "pos": 1.0, "size": 1.0, "_time": 72.484375}, {"$id": 287, "sounds": [{"d": 0.3806076, "p": 62, "v": 78}, {"d": 0.3806076, "p": 72, "v": 94}], "pos": 2.0, "size": 1.0, "_time": 72.86719}, {"$id": 288, "sounds": [{"d": 1.08973694, "p": 58, "v": 72}, {"d": 1.08973694, "p": 46, "v": 72}], "pos": -2.0, "size": 1.30000007, "_time": 72.86719}, {"$id": 289, "sounds": [{"d": 0.3806076, "p": 70, "v": 92}], "pos": 1.0, "size": 1.0, "_time": 73.25391}, {"$id": 290, "sounds": [{"d": 0.765220642, "p": 62, "v": 72}], "pos": -1.0, "size": 1.30000007, "_time": 73.25391}, {"$id": 291, "sounds": [{"d": 0.3806076, "p": 69, "v": 96}], "size": 1.0, "_time": 73.63672, "pos": 0}, {"$id": 292, "sounds": [{"d": 0.3806076, "p": 65, "v": 88}], "pos": 1.0, "size": 1.0, "_time": 74.02344}, {"$id": 293, "sounds": [{"d": 1.09374237, "p": 48, "v": 82}, {"d": 1.05768585, "p": 60, "v": 65}], "pos": -1.0, "size": 1.30000007, "_time": 74.02344}, {"$id": 294, "sounds": [{"d": 0.3806076, "p": 64, "v": 94}], "pos": -2.0, "size": 1.0, "_time": 74.40625}, {"$id": 295, "sounds": [{"d": 0.3806076, "p": 65, "v": 90}], "pos": 1.0, "size": 1.0, "_time": 74.79297}, {"$id": 296, "sounds": [{"d": 0.7411804, "p": 67, "v": 92}], "pos": 2.0, "size": 1.0, "_time": 75.17578}, {"$id": 297, "sounds": [{"d": 0.7411804, "p": 45, "v": 80}, {"d": 0.3806076, "p": 61, "v": 74}], "pos": -1.0, "size": 1.30000007, "_time": 75.17578}, {"$id": 298, "sounds": [{"d": 0.765220642, "p": 61, "v": 65}], "pos": -2.0, "size": 1.0, "_time": 75.55859}, {"$id": 299, "sounds": [{"d": 0.336540222, "p": 49, "v": 84}], "pos": -1.0, "size": 1.30000007, "_time": 75.94531}, {"$id": 300, "sounds": [{"d": 0.336540222, "p": 64, "v": 96}], "pos": 1.0, "size": 1.0, "_time": 75.94531}, {"$id": 301, "sounds": [{"d": 1.14983368, "p": 69, "v": 96}], "pos": 2.0, "size": 1.0, "_time": 76.328125}, {"$id": 302, "sounds": [{"d": 1.06569672, "p": 50, "v": 88}, {"d": 0.765220642, "p": 65, "v": 88}], "pos": -2.0, "size": 1.30000007, "_time": 76.328125}, {"$id": 303, "sounds": [{"d": 0.6810837, "p": 60, "v": 63}], "pos": -1.0, "size": 1.0, "_time": 76.71484}, {"$id": 304, "sounds": [{"d": 1.53444672, "p": 65, "v": 94}], "pos": 1.0, "size": 1.0, "_time": 77.09766}, {"$id": 305, "sounds": [{"d": 0.3806076, "p": 62, "v": 80}, {"d": 0.3806076, "p": 72, "v": 100}], "pos": 2.0, "size": 1.0, "_time": 77.484375}, {"$id": 306, "sounds": [{"d": 1.03364563, "p": 46, "v": 90}, {"d": 1.14983368, "p": 58, "v": 80}], "pos": -2.0, "size": 1.30000007, "_time": 77.484375}, {"$id": 307, "sounds": [{"d": 0.765220642, "p": 62, "v": 78}], "pos": -1.0, "size": 1.30000007, "_time": 77.86719}, {"$id": 308, "sounds": [{"d": 0.3806076, "p": 70, "v": 90}], "pos": 1.0, "size": 1.0, "_time": 77.86719}, {"$id": 309, "sounds": [{"d": 0.3806076, "p": 69, "v": 86}], "size": 1.0, "_time": 78.25391, "pos": 0}, {"$id": 310, "sounds": [{"d": 1.05368042, "p": 67, "v": 92}], "pos": 2.0, "size": 1.0, "_time": 78.63672}, {"$id": 311, "sounds": [{"d": 1.05368042, "p": 48, "v": 84}, {"d": 0.3806076, "p": 60, "v": 80}], "pos": -2.0, "size": 1.30000007, "_time": 78.63672}, {"$id": 312, "sounds": [{"d": 0.765220642, "p": 60, "v": 61}], "pos": -1.0, "size": 1.0, "_time": 79.02344}, {"$id": 313, "sounds": [{"d": 0.284454346, "p": 64, "v": 78}], "pos": 1.0, "size": 1.0, "_time": 79.40625}, {"$id": 314, "sounds": [{"d": 0.7251587, "p": 60, "v": 80}, {"d": 0.7251587, "p": 65, "v": 92}], "pos": 2.0, "size": 1.0, "_time": 79.79297}, {"$id": 315, "sounds": [{"d": 0.7251587, "p": 41, "v": 75}, {"d": 0.7251587, "p": 53, "v": 72}, {"d": 0.3806076, "p": 57, "v": 75}], "pos": -2.0, "size": 1.30000007, "_time": 79.79297}, {"$id": 316, "sounds": [{"d": 0.3806076, "p": 57, "v": 63}], "size": 1.0, "_time": 80.17578, "pos": 0}, {"$id": 317, "sounds": [{"d": 0.340545654, "p": 64, "v": 88}, {"d": 0.340545654, "p": 60, "v": 86}], "pos": 1.0, "size": 1.0, "_time": 80.55859}, {"$id": 318, "sounds": [{"d": 0.340545654, "p": 40, "v": 78}, {"d": 0.340545654, "p": 55, "v": 51}, {"d": 0.340545654, "p": 52, "v": 64}], "pos": -1.0, "size": 1.30000007, "_time": 80.55859}, {"$id": 319, "sounds": [{"d": 1.14983368, "p": 65, "v": 90}], "pos": 2.0, "size": 1.0, "_time": 80.94531}, {"$id": 320, "sounds": [{"d": 1.14983368, "p": 50, "v": 59}, {"d": 0.3806076, "p": 57, "v": 74}, {"d": 0.765220642, "p": 62, "v": 82}], "pos": -2.0, "size": 1.30000007, "_time": 80.94531}, {"$id": 321, "sounds": [{"d": 0.765220642, "p": 57, "v": 80}], "pos": -2.0, "size": 1.0, "_time": 81.328125}, {"$id": 322, "sounds": [{"d": 0.3806076, "p": 62, "v": 80}], "size": 1.0, "_time": 81.71484, "pos": 0}, {"$id": 323, "sounds": [{"d": 1.14983368, "p": 60, "v": 84}], "pos": -1.0, "size": 1.0, "_time": 82.09766}, {"$id": 324, "sounds": [{"d": 0.765220642, "p": 62, "v": 82}], "size": 1.0, "_time": 82.484375, "pos": 0}, {"$id": 325, "sounds": [{"d": 0.3806076, "p": 65, "v": 98}], "pos": 1.0, "size": 1.0, "_time": 82.86719}, {"$id": 326, "sounds": [{"d": 0.765220642, "p": 65, "v": 98}], "pos": 1.0, "size": 1.0, "_time": 83.25391}, {"$id": 327, "sounds": [{"d": 0.765220642, "p": 60, "v": 80}], "pos": -1.0, "size": 1.0, "_time": 83.63672}, {"$id": 328, "sounds": [{"d": 0.3806076, "p": 65, "v": 74}], "pos": 1.0, "size": 1.0, "_time": 84.02344}, {"$id": 329, "sounds": [{"d": 0.3806076, "p": 70, "v": 94}], "pos": 2.0, "size": 1.0, "_time": 84.40625}, {"$id": 330, "sounds": [{"d": 0.3806076, "p": 69, "v": 84}], "pos": 1.0, "size": 1.0, "_time": 84.78906}, {"$id": 331, "sounds": [{"d": 0.3806076, "p": 67, "v": 69}], "pos": -1.0, "size": 1.0, "_time": 85.17578}, {"$id": 332, "sounds": [{"d": 1.08973694, "p": 65, "v": 90}], "size": 1.0, "_time": 85.55859, "pos": 0}, {"$id": 333, "sounds": [{"d": 0.765220642, "p": 60, "v": 70}], "pos": -2.0, "size": 1.0, "_time": 85.94531}, {"$id": 334, "sounds": [{"d": 0.320510864, "p": 65, "v": 98}], "size": 1.0, "_time": 86.328125, "pos": 0}, {"$id": 335, "sounds": [{"d": 0.284454346, "p": 64, "v": 92}], "pos": 2.0, "size": 1.0, "_time": 86.71484}, {"$id": 336, "sounds": [{"d": 1.05368042, "p": 55, "v": 88}], "pos": 0.5, "size": 1.0, "_time": 86.80859}, {"$id": 337, "sounds": [{"d": 0.15625, "p": 60, "v": 90}], "pos": -0.6414427, "size": 1.0, "_time": 86.90625}, {"$id": 338, "sounds": [{"d": 0.15625, "p": 62, "v": 82}], "pos": -1.33946252, "size": 1.0, "_time": 87.00391}, {"$id": 339, "sounds": [{"d": 0.765220642, "p": 64, "v": 90}], "pos": -1.81117392, "size": 1.0, "_time": 87.09766}, {"$id": 340, "sounds": [{"d": 0.15625, "p": 65, "v": 90}], "pos": -2.0, "size": 1.0, "_time": 87.19531}, {"$id": 341, "sounds": [{"d": 0.5729141, "p": 67, "v": 90}], "pos": -1.0, "size": 1.0, "_time": 87.28906}, {"$id": 342, "sounds": [{"d": 0.15625, "p": 69, "v": 90}], "pos": -1.5, "size": 1.0, "_time": 87.38672}, {"$id": 343, "sounds": [{"d": 0.15625, "p": 70, "v": 88}], "pos": -0.5, "size": 1.0, "_time": 87.484375}, {"$id": 344, "sounds": [{"d": 0.284454346, "p": 72, "v": 86}], "pos": -1.0, "size": 1.0, "_time": 87.578125}, {"$id": 345, "sounds": [{"d": 0.15625, "p": 74, "v": 86}], "size": 1.0, "_time": 87.67578, "pos": 0}, {"$id": 346, "sounds": [{"d": 0.09615326, "p": 76, "v": 90}], "pos": -0.5, "size": 1.0, "_time": 87.77344}, {"$id": 347, "sounds": [{"d": 0.3806076, "p": 77, "v": 99}], "pos": 0.5, "size": 0.6999999, "_time": 87.86719}, {"$id": 348, "sounds": [{"d": 0.3806076, "p": 74, "v": 91}], "pos": -2.0, "size": 0.6999999, "_time": 87.86719}, {"$id": 349, "sounds": [{"d": 0.3806076, "p": 79, "v": 99}], "pos": 1.0, "size": 0.6999999, "_time": 88.25391}, {"$id": 350, "sounds": [{"d": 0.3806076, "p": 76, "v": 85}], "pos": -1.5, "size": 0.6999999, "_time": 88.25391}, {"$id": 351, "sounds": [{"d": 0.3806076, "p": 77, "v": 83}], "pos": -1.0, "size": 0.6999999, "_time": 88.63672}, {"$id": 352, "sounds": [{"d": 0.3806076, "p": 81, "v": 85}], "pos": 1.5, "size": 0.6999999, "_time": 88.63672}, {"$id": 353, "sounds": [{"d": 0.3806076, "p": 81, "v": 91}], "pos": -0.5, "size": 0.6999999, "_time": 89.02344}, {"$id": 354, "sounds": [{"d": 0.3806076, "p": 84, "v": 93}], "pos": 2.0, "size": 0.6999999, "_time": 89.02344}, {"$id": 355, "sounds": [{"d": 0.3806076, "p": 82, "v": 81}], "pos": 1.5, "size": 0.6999999, "_time": 89.40625}, {"$id": 356, "sounds": [{"d": 0.3806076, "p": 79, "v": 85}], "pos": -1.0, "size": 0.6999999, "_time": 89.40625}, {"$id": 357, "sounds": [{"d": 0.3806076, "p": 81, "v": 93}], "pos": 1.0, "size": 0.6999999, "_time": 89.78906}, {"$id": 358, "sounds": [{"d": 0.3806076, "p": 77, "v": 87}], "pos": -1.5, "size": 0.6999999, "_time": 89.78906}, {"$id": 359, "sounds": [{"d": 0.3806076, "p": 79, "v": 89}], "pos": 2.0, "size": 0.6999999, "_time": 90.17578}, {"$id": 360, "sounds": [{"d": 0.3806076, "p": 76, "v": 81}], "pos": -2.0, "size": 0.6999999, "_time": 90.17578}, {"$id": 361, "sounds": [{"d": 0.3806076, "p": 74, "v": 64}], "pos": -1.5, "size": 0.6999999, "_time": 90.55859}, {"$id": 362, "sounds": [{"d": 0.3806076, "p": 77, "v": 93}], "pos": 1.5, "size": 0.6999999, "_time": 90.55859}, {"$id": 363, "sounds": [{"d": 0.3806076, "p": 76, "v": 93}], "pos": 1.0, "size": 0.6999999, "_time": 90.94531}, {"$id": 364, "sounds": [{"d": 0.3806076, "p": 72, "v": 70}], "pos": -1.0, "size": 0.6999999, "_time": 90.94531}, {"$id": 365, "sounds": [{"d": 0.765220642, "p": 77, "v": 93}], "pos": 1.5, "size": 0.6999999, "_time": 91.328125}, {"$id": 366, "sounds": [{"d": 0.765220642, "p": 74, "v": 77}], "pos": -1.5, "size": 0.6999999, "_time": 91.328125}, {"$id": 367, "sounds": [{"d": 0.3806076, "p": 79, "v": 89}], "pos": 1.0, "size": 0.6999999, "_time": 92.09766}, {"$id": 368, "sounds": [{"d": 0.3806076, "p": 76, "v": 83}], "pos": -1.5, "size": 0.6999999, "_time": 92.09766}, {"$id": 369, "sounds": [{"d": 0.3806076, "p": 81, "v": 91}], "pos": 1.5, "size": 0.6999999, "_time": 92.484375}, {"$id": 370, "sounds": [{"d": 0.3806076, "p": 77, "v": 91}], "pos": -1.0, "size": 0.6999999, "_time": 92.484375}, {"$id": 371, "sounds": [{"d": 0.3806076, "p": 76, "v": 89}], "pos": -1.5, "size": 0.6999999, "_time": 92.86719}, {"$id": 372, "sounds": [{"d": 0.3806076, "p": 79, "v": 87}], "pos": 1.0, "size": 0.6999999, "_time": 92.86719}, {"$id": 373, "sounds": [{"d": 0.3806076, "p": 81, "v": 79}], "pos": 1.5, "size": 0.6999999, "_time": 93.25391}, {"$id": 374, "sounds": [{"d": 0.3806076, "p": 77, "v": 72}], "pos": -1.0, "size": 0.6999999, "_time": 93.25391}, {"$id": 375, "sounds": [{"d": 0.3806076, "p": 79, "v": 77}], "pos": -0.5, "size": 0.6999999, "_time": 93.63672}, {"$id": 376, "sounds": [{"d": 0.3806076, "p": 82, "v": 87}], "pos": 2.0, "size": 0.6999999, "_time": 93.63672}, {"$id": 377, "sounds": [{"d": 0.3806076, "p": 77, "v": 87}], "pos": -1.0, "size": 0.6999999, "_time": 94.02344}, {"$id": 378, "sounds": [{"d": 0.3806076, "p": 81, "v": 89}], "pos": 1.5, "size": 0.6999999, "_time": 94.02344}, {"$id": 379, "sounds": [{"d": 0.3806076, "p": 79, "v": 97}], "pos": 1.0, "size": 0.6999999, "_time": 94.40625}, {"$id": 380, "sounds": [{"d": 0.3806076, "p": 76, "v": 95}], "pos": -1.5, "size": 0.6999999, "_time": 94.40625}, {"$id": 381, "sounds": [{"d": 0.3806076, "p": 77, "v": 101}], "pos": 2.0, "size": 0.6999999, "_time": 94.78906}, {"$id": 382, "sounds": [{"d": 0.3806076, "p": 74, "v": 85}], "pos": -2.0, "size": 0.6999999, "_time": 94.78906}, {"$id": 383, "sounds": [{"d": 0.3806076, "p": 72, "v": 74}], "pos": -1.5, "size": 0.6999999, "_time": 95.17578}, {"$id": 384, "sounds": [{"d": 0.3806076, "p": 76, "v": 89}], "pos": 1.5, "size": 0.6999999, "_time": 95.17578}, {"$id": 385, "sounds": [{"d": 0.3806076, "p": 77, "v": 85}], "pos": 2.0, "size": 0.6999999, "_time": 95.55859}, {"$id": 386, "sounds": [{"d": 0.3806076, "p": 74, "v": 85}], "pos": -2.0, "size": 0.6999999, "_time": 95.55859}, {"$id": 387, "sounds": [{"d": 0.765220642, "p": 76, "v": 93}], "pos": 1.0, "size": 0.6999999, "_time": 95.94531}, {"$id": 388, "sounds": [{"d": 0.765220642, "p": 72, "v": 72}], "pos": -1.0, "size": 0.6999999, "_time": 95.94531}, {"$id": 389, "sounds": [{"d": 0.3806076, "p": 74, "v": 79}], "pos": 2.0, "size": 1.0, "_time": 96.71484}, {"$id": 390, "sounds": [{"d": 0.3806076, "p": 69, "v": 58}], "size": 1.0, "_time": 96.71484, "pos": 0}, {"$id": 391, "sounds": [{"d": 1.14983368, "p": 72, "v": 87}], "pos": 1.0, "size": 1.0, "_time": 97.09766}, {"$id": 392, "sounds": [{"d": 0.3806076, "p": 67, "v": 69}], "pos": -1.0, "size": 1.0, "_time": 97.09766}, {"$id": 393, "sounds": [{"d": 0.376602173, "p": 67, "v": 91}], "pos": -1.0, "size": 1.0, "_time": 97.484375}, {"$id": 394, "sounds": [{"d": 0.3806076, "p": 69, "v": 95}], "size": 1.0, "_time": 97.86719, "pos": 0}, {"$id": 395, "sounds": [{"d": 0.192306519, "p": 65, "v": 95}], "pos": -2.0, "size": 1.0, "_time": 98.25391}, {"$id": 396, "sounds": [{"d": 0.192306519, "p": 69, "v": 101}], "pos": -1.0, "size": 1.0, "_time": 98.44531}, {"$id": 397, "sounds": [{"d": 0.192306519, "p": 72, "v": 87}], "size": 1.0, "_time": 98.63672, "pos": 0}, {"$id": 398, "sounds": [{"d": 0.192306519, "p": 74, "v": 105}], "pos": 1.0, "size": 1.0, "_time": 98.828125}, {"$id": 399, "sounds": [{"d": 0.192306519, "p": 76, "v": 105}], "size": 1.0, "_time": 99.02344, "pos": 0}, {"$id": 400, "sounds": [{"d": 0.192306519, "p": 79, "v": 97}], "pos": 1.0, "size": 1.0, "_time": 99.21484}, {"$id": 401, "sounds": [{"d": 0.3806076, "p": 81, "v": 85}], "pos": 2.0, "size": 1.0, "_time": 99.40625}, {"$id": 402, "sounds": [{"d": 0.765220642, "p": 79, "v": 95}], "pos": 1.0, "size": 1.0, "_time": 99.78906}, {"$id": 403, "sounds": [{"d": 0.3806076, "p": 72, "v": 75}], "pos": -2.0, "size": 1.0, "_time": 100.175781}, {"$id": 404, "sounds": [{"d": 0.3806076, "p": 84, "v": 89}], "pos": 2.0, "size": 1.0, "_time": 100.558594}, {"$id": 405, "sounds": [{"d": 0.3806076, "p": 82, "v": 89}], "pos": 1.0, "size": 1.0, "_time": 100.945313}, {"$id": 406, "sounds": [{"d": 0.3806076, "p": 81, "v": 93}], "pos": -1.0, "size": 1.0, "_time": 101.328125}, {"$id": 407, "sounds": [{"d": 0.3806076, "p": 77, "v": 93}], "size": 1.0, "_time": 101.714844, "pos": 0}, {"$id": 408, "sounds": [{"d": 0.3806076, "p": 76, "v": 77}], "pos": -2.0, "size": 1.0, "_time": 102.097656}, {"$id": 409, "sounds": [{"d": 0.3806076, "p": 77, "v": 87}], "size": 1.0, "_time": 102.484375, "pos": 0}, {"$id": 410, "sounds": [{"d": 0.3806076, "p": 86, "v": 83}], "pos": 2.0, "size": 1.0, "_time": 102.867188}, {"$id": 411, "sounds": [{"d": 0.3806076, "p": 84, "v": 85}], "pos": 1.0, "size": 1.0, "_time": 103.253906}, {"$id": 412, "sounds": [{"d": 0.3806076, "p": 82, "v": 75}], "pos": -1.0, "size": 1.0, "_time": 103.636719}, {"$id": 413, "sounds": [{"d": 0.3806076, "p": 81, "v": 87}], "size": 1.0, "_time": 104.023438, "pos": 0}, {"$id": 414, "sounds": [{"d": 0.3806076, "p": 79, "v": 95}], "pos": -1.0, "size": 1.0, "_time": 104.40625}, {"$id": 415, "sounds": [{"d": 0.3806076, "p": 76, "v": 87}], "pos": -2.0, "size": 1.0, "_time": 104.789063}, {"$id": 416, "sounds": [{"d": 0.0520858765, "p": 77, "v": 99}], "size": 1.0, "_time": 105.175781, "pos": 0}, {"$id": 417, "sounds": [{"d": 0.284454346, "p": 48, "v": 81}], "pos": -1.0, "size": 1.30000007, "_time": 105.558594}, {"$id": 418, "sounds": [{"d": 0.09615326, "p": 57, "v": 95}], "pos": 1.0, "size": 1.30000007, "_time": 105.945313}, {"$id": 419, "sounds": [{"d": 0.3806076, "p": 53, "v": 95}, {"d": 1.14983368, "p": 46, "v": 93}], "pos": -2.0, "size": 1.30000007, "_time": 106.328125}, {"$id": 420, "sounds": [{"d": 0.5729141, "p": 62, "v": 101}], "size": 1.0, "_time": 106.328125, "pos": 0}, {"$id": 421, "sounds": [{"d": 0.765220642, "p": 53, "v": 91}], "pos": -1.0, "size": 1.0, "_time": 106.714844}, {"$id": 422, "sounds": [{"d": 0.09214783, "p": 58, "v": 62}], "size": 1.0, "_time": 106.90625, "pos": 0}, {"$id": 423, "sounds": [{"d": 0.09214783, "p": 60, "v": 62}], "pos": 0.5, "size": 1.0, "_time": 107.003906}, {"$id": 424, "sounds": [{"d": 0.3806076, "p": 62, "v": 93}], "pos": 1.0, "size": 1.0, "_time": 107.097656}, {"$id": 425, "sounds": [{"d": 0.3806076, "p": 55, "v": 62}, {"d": 0.384613037, "p": 64, "v": 99}], "pos": 1.0, "size": 1.0, "_time": 107.484375}, {"$id": 426, "sounds": [{"d": 1.14983368, "p": 48, "v": 77}, {"d": 1.14983368, "p": 36, "v": 81}], "pos": -2.0, "size": 1.30000007, "_time": 107.484375}, {"$id": 427, "sounds": [{"d": 1.14983368, "p": 55, "v": 93}], "pos": -1.0, "size": 1.0, "_time": 107.867188}, {"$id": 428, "sounds": [{"d": 0.09214783, "p": 60, "v": 79}], "pos": 1.0, "size": 1.0, "_time": 108.058594}, {"$id": 429, "sounds": [{"d": 0.09214783, "p": 62, "v": 79}], "pos": 1.5, "size": 1.0, "_time": 108.15625}, {"$id": 430, "sounds": [{"d": 0.3806076, "p": 64, "v": 105}], "pos": 2.0, "size": 1.0, "_time": 108.253906}, {"$id": 431, "sounds": [{"d": 0.6690674, "p": 65, "v": 103}], "pos": 2.0, "size": 1.0, "_time": 108.636719}, {"$id": 432, "sounds": [{"d": 1.14983368, "p": 50, "v": 80}, {"d": 1.14983368, "p": 38, "v": 83}], "pos": -2.0, "size": 1.30000007, "_time": 108.636719}, {"$id": 433, "sounds": [{"d": 0.188301086, "p": 57, "v": 93}], "pos": -1.0, "size": 1.0, "_time": 109.023438}, {"$id": 434, "sounds": [{"d": 0.09214783, "p": 60, "v": 93}], "size": 1.0, "_time": 109.214844, "pos": 0}, {"$id": 435, "sounds": [{"d": 0.09214783, "p": 62, "v": 91}], "pos": 0.358557343, "size": 1.0, "_time": 109.308594}, {"$id": 436, "sounds": [{"d": 0.09214783, "p": 64, "v": 91}], "pos": 0.717114568, "size": 1.0, "_time": 109.40625}, {"$id": 437, "sounds": [{"d": 0.09214783, "p": 65, "v": 95}], "pos": 1.01909482, "size": 1.0, "_time": 109.503906}, {"$id": 438, "sounds": [{"d": 0.09214783, "p": 67, "v": 95}], "pos": 1.33026874, "size": 1.0, "_time": 109.597656}, {"$id": 439, "sounds": [{"d": 0.09214783, "p": 68, "v": 95}], "pos": 1.69801986, "size": 1.0, "_time": 109.695313}, {"$id": 440, "sounds": [{"d": 1.14983368, "p": 53, "v": 85}, {"d": 1.14983368, "p": 41, "v": 87}], "pos": -2.0, "size": 1.30000007, "_time": 109.789063}, {"$id": 441, "sounds": [{"d": 1.14983368, "p": 60, "v": 68}, {"d": 0.3806076, "p": 69, "v": 95}], "pos": 2.0, "size": 1.0, "_time": 109.789063}, {"$id": 442, "sounds": [{"d": 0.3806076, "p": 67, "v": 95}], "pos": 1.0, "size": 1.0, "_time": 110.175781}, {"$id": 443, "sounds": [{"d": 0.3806076, "p": 65, "v": 101}], "pos": -1.0, "size": 1.0, "_time": 110.558594}, {"$id": 444, "sounds": [{"d": 0.5729141, "p": 65, "v": 99}, {"d": 0.3806076, "p": 62, "v": 83}], "size": 1.0, "_time": 110.945313, "pos": 0}, {"$id": 445, "sounds": [{"d": 1.14983368, "p": 58, "v": 74}, {"d": 1.14983368, "p": 46, "v": 68}], "pos": -2.0, "size": 1.30000007, "_time": 110.945313}, {"$id": 446, "sounds": [{"d": 0.765220642, "p": 62, "v": 83}], "pos": -1.0, "size": 1.0, "_time": 111.328125}, {"$id": 447, "sounds": [{"d": 0.5729141, "p": 65, "v": 74}], "size": 1.0, "_time": 111.523438, "pos": 0}, {"$id": 448, "sounds": [{"d": 0.3806076, "p": 74, "v": 99}], "pos": 1.0, "size": 1.0, "_time": 111.714844}, {"$id": 449, "sounds": [{"d": 0.3806076, "p": 72, "v": 95}, {"d": 1.14983368, "p": 64, "v": 85}], "pos": 1.0, "size": 1.0, "_time": 112.097656}, {"$id": 450, "sounds": [{"d": 1.14983368, "p": 48, "v": 73}, {"d": 1.14983368, "p": 36, "v": 83}], "pos": -2.0, "size": 1.30000007, "_time": 112.097656}, {"$id": 451, "sounds": [{"d": 0.765220642, "p": 67, "v": 97}], "pos": -1.0, "size": 1.0, "_time": 112.484375}, {"$id": 452, "sounds": [{"d": 0.3806076, "p": 74, "v": 85}], "pos": 2.0, "size": 1.0, "_time": 112.867188}, {"$id": 453, "sounds": [{"d": 1.14983368, "p": 50, "v": 66}, {"d": 1.14983368, "p": 38, "v": 72}], "pos": -2.0, "size": 1.30000007, "_time": 113.253906}, {"$id": 454, "sounds": [{"d": 1.14983368, "p": 69, "v": 93}, {"d": 0.3806076, "p": 65, "v": 85}, {"d": 0.3806076, "p": 76, "v": 95}], "pos": 2.0, "size": 1.0, "_time": 113.253906}, {"$id": 455, "sounds": [{"d": 0.765220642, "p": 65, "v": 77}, {"d": 0.3806076, "p": 77, "v": 91}], "pos": 1.0, "size": 1.0, "_time": 113.636719}, {"$id": 456, "sounds": [{"d": 0.3806076, "p": 76, "v": 95}], "size": 1.0, "_time": 114.023438, "pos": 0}, {"$id": 457, "sounds": [{"d": 0.3806076, "p": 72, "v": 82}, {"d": 0.3806076, "p": 65, "v": 85}, {"d": 0.3806076, "p": 69, "v": 99}], "pos": 1.5, "size": 1.90000021, "_time": 114.40625}, {"$id": 458, "sounds": [{"d": 0.3806076, "p": 64, "v": 85}, {"d": 0.3806076, "p": 70, "v": 74}, {"d": 0.3806076, "p": 67, "v": 91}], "pos": 0.5, "size": 1.90000021, "_time": 114.789063}, {"$id": 459, "sounds": [{"d": 0.348556519, "p": 65, "v": 95}, {"d": 0.380615234, "p": 60, "v": 85}, {"d": 0.348556519, "p": 69, "v": 78}], "pos": -0.5, "size": 1.90000021, "_time": 115.175781}, {"$id": 460, "sounds": [{"d": 0.284454346, "p": 57, "v": 94}, {"d": 0.3806076, "p": 62, "v": 98}], "pos": 1.0, "size": 1.0, "_time": 115.558594}, {"$id": 461, "sounds": [{"d": 0.188301086, "p": 53, "v": 90}, {"d": 2.30367279, "p": 46, "v": 96}], "pos": -2.0, "size": 1.30000007, "_time": 115.558594}, {"$id": 462, "sounds": [{"d": 0.3806076, "p": 53, "v": 76}], "pos": -2.0, "size": 1.0, "_time": 115.753906}, {"$id": 463, "sounds": [{"d": 0.476760864, "p": 57, "v": 90}], "pos": -1.0, "size": 1.0, "_time": 115.847656}, {"$id": 464, "sounds": [{"d": 0.5729141, "p": 62, "v": 96}], "size": 1.0, "_time": 115.945313, "pos": 0}, {"$id": 465, "sounds": [{"d": 0.5729141, "p": 53, "v": 92}], "pos": -2.0, "size": 1.0, "_time": 116.136719}, {"$id": 466, "sounds": [{"d": 0.5729141, "p": 57, "v": 94}], "pos": -1.0, "size": 1.0, "_time": 116.328125}, {"$id": 467, "sounds": [{"d": 0.5729141, "p": 62, "v": 78}], "size": 1.0, "_time": 116.523438, "pos": 0}, {"$id": 468, "sounds": [{"d": 0.5729141, "p": 53, "v": 56}], "pos": -2.0, "size": 1.0, "_time": 116.714844}, {"$id": 469, "sounds": [{"d": 0.957527161, "p": 57, "v": 88}], "pos": -1.0, "size": 1.0, "_time": 116.90625}, {"$id": 470, "sounds": [{"d": 0.765220642, "p": 62, "v": 90}], "size": 1.0, "_time": 117.097656, "pos": 0}, {"$id": 471, "sounds": [{"d": 0.188301086, "p": 64, "v": 90}], "pos": 1.0, "size": 1.0, "_time": 117.289063}, {"$id": 472, "sounds": [{"d": 0.188301086, "p": 65, "v": 88}], "pos": 2.0, "size": 1.0, "_time": 117.484375}, {"$id": 473, "sounds": [{"d": 0.188301086, "p": 64, "v": 90}], "pos": 1.0, "size": 1.0, "_time": 117.675781}, {"$id": 474, "sounds": [{"d": 0.284454346, "p": 60, "v": 100}], "size": 1.0, "_time": 117.867188, "pos": 0}, {"$id": 475, "sounds": [{"d": 2.11136627, "p": 55, "v": 74}], "pos": -1.0, "size": 1.0, "_time": 118.058594}, {"$id": 476, "sounds": [{"d": 0.476760864, "p": 60, "v": 84}], "size": 1.0, "_time": 118.15625, "pos": 0}, {"$id": 477, "sounds": [{"d": 0.5729141, "p": 64, "v": 102}], "pos": 1.0, "size": 1.0, "_time": 118.253906}, {"$id": 478, "sounds": [{"d": 0.957527161, "p": 67, "v": 102}], "pos": 1.0, "size": 1.0, "_time": 118.445313}, {"$id": 479, "sounds": [{"d": 1.53444672, "p": 60, "v": 80}], "pos": -1.0, "size": 1.0, "_time": 118.636719}, {"$id": 480, "sounds": [{"d": 0.3806076, "p": 64, "v": 90}], "size": 1.0, "_time": 118.828125, "pos": 0}, {"$id": 481, "sounds": [{"d": 0.765220642, "p": 72, "v": 96}], "pos": 2.0, "size": 1.0, "_time": 119.023438}, {"$id": 482, "sounds": [{"d": 0.957527161, "p": 64, "v": 82}], "size": 1.0, "_time": 119.214844, "pos": 0}, {"$id": 483, "sounds": [{"d": 0.5729141, "p": 67, "v": 80}], "pos": 1.0, "size": 1.0, "_time": 119.40625}, {"$id": 484, "sounds": [{"d": 0.5729141, "p": 76, "v": 90}], "pos": 2.0, "size": 1.0, "_time": 119.597656}, {"$id": 485, "sounds": [{"d": 0.3806076, "p": 72, "v": 90}], "pos": 1.0, "size": 1.0, "_time": 119.789063}, {"$id": 486, "sounds": [{"d": 0.188301086, "p": 67, "v": 80}], "size": 1.0, "_time": 119.984375, "pos": 0}, {"$id": 487, "sounds": [{"d": 0.3806076, "p": 65, "v": 98}], "pos": -1.0, "size": 1.0, "_time": 120.175781}, {"$id": 488, "sounds": [{"d": 2.11136627, "p": 57, "v": 76}], "pos": -2.0, "size": 1.0, "_time": 120.367188}, {"$id": 489, "sounds": [{"d": 0.476760864, "p": 62, "v": 88}], "pos": -1.0, "size": 1.0, "_time": 120.464844}, {"$id": 490, "sounds": [{"d": 1.91905975, "p": 65, "v": 98}], "size": 1.0, "_time": 120.558594, "pos": 0}, {"$id": 491, "sounds": [{"d": 0.3806076, "p": 69, "v": 100}], "size": 1.0, "_time": 120.753906, "pos": 0}, {"$id": 492, "sounds": [{"d": 1.53444672, "p": 62, "v": 88}], "pos": -2.0, "size": 1.0, "_time": 120.945313}, {"$id": 493, "sounds": [{"d": 0.3806076, "p": 69, "v": 94}], "pos": -1.0, "size": 1.0, "_time": 121.136719}, {"$id": 494, "sounds": [{"d": 1.14983368, "p": 74, "v": 98}], "pos": 1.0, "size": 1.0, "_time": 121.328125}, {"$id": 495, "sounds": [{"d": 0.957527161, "p": 69, "v": 90}], "pos": -1.0, "size": 1.0, "_time": 121.523438}, {"$id": 496, "sounds": [{"d": 0.765220642, "p": 77, "v": 100}], "size": 1.0, "_time": 121.714844, "pos": 0}, {"$id": 497, "sounds": [{"d": 0.3806076, "p": 79, "v": 100}], "pos": 1.0, "size": 1.0, "_time": 121.90625}, {"$id": 498, "sounds": [{"d": 0.3806076, "p": 81, "v": 90}], "pos": 2.0, "size": 1.0, "_time": 122.097656}, {"$id": 499, "sounds": [{"d": 0.188301086, "p": 79, "v": 100}], "pos": 1.0, "size": 1.0, "_time": 122.289063}, {"$id": 500, "sounds": [{"d": 0.3806076, "p": 77, "v": 92}], "size": 1.0, "_time": 122.484375, "pos": 0}, {"$id": 501, "sounds": [{"d": 0.765220642, "p": 72, "v": 76}], "pos": -1.0, "size": 1.0, "_time": 122.675781}, {"$id": 502, "sounds": [{"d": 0.3806076, "p": 77, "v": 92}], "pos": 1.0, "size": 1.0, "_time": 122.867188}, {"$id": 503, "sounds": [{"d": 0.5729141, "p": 81, "v": 100}], "pos": 2.0, "size": 1.0, "_time": 123.058594}, {"$id": 504, "sounds": [{"d": 0.957527161, "p": 77, "v": 90}], "pos": 1.0, "size": 1.0, "_time": 123.253906}, {"$id": 505, "sounds": [{"d": 1.14983368, "p": 72, "v": 70}], "size": 1.0, "_time": 123.445313, "pos": 0}, {"$id": 506, "sounds": [{"d": 0.188301086, "p": 84, "v": 100}], "pos": 2.0, "size": 1.0, "_time": 123.636719}, {"$id": 507, "sounds": [{"d": 0.188301086, "p": 82, "v": 92}], "pos": 1.0, "size": 1.0, "_time": 123.828125}, {"$id": 508, "sounds": [{"d": 0.188301086, "p": 81, "v": 98}], "size": 1.0, "_time": 124.023438, "pos": 0}, {"$id": 509, "sounds": [{"d": 0.188301086, "p": 79, "v": 88}], "pos": -1.0, "size": 1.0, "_time": 124.214844}, {"$id": 510, "sounds": [{"d": 0.3806076, "p": 77, "v": 90}], "size": 1.0, "_time": 124.40625, "pos": 0}, {"$id": 511, "sounds": [{"d": 0.188301086, "p": 72, "v": 70}], "pos": -2.0, "size": 1.0, "_time": 124.597656}, {"$id": 512, "sounds": [{"d": 0.3806076, "p": 77, "v": 98}], "size": 1.0, "_time": 124.789063, "pos": 0}, {"$id": 513, "sounds": [{"d": 0.765220642, "p": 74, "v": 92}], "pos": -1.0, "size": 1.0, "_time": 124.984375}, {"$id": 514, "sounds": [{"d": 0.188301086, "p": 77, "v": 96}], "size": 1.0, "_time": 125.175781, "pos": 0}, {"$id": 515, "sounds": [{"d": 0.188301086, "p": 79, "v": 98}], "pos": 1.0, "size": 1.0, "_time": 125.367188}, {"$id": 516, "sounds": [{"d": 1.05368042, "p": 81, "v": 92}], "pos": 2.0, "size": 1.0, "_time": 125.558594}, {"$id": 517, "sounds": [{"d": 2.11136627, "p": 74, "v": 90}], "pos": -2.0, "size": 1.0, "_time": 125.753906}, {"$id": 518, "sounds": [{"d": 0.188301086, "p": 84, "v": 90}], "pos": -1.0, "size": 1.0, "_time": 125.945313}, {"$id": 519, "sounds": [{"d": 0.188301086, "p": 86, "v": 80}], "size": 1.0, "_time": 126.136719, "pos": 0}, {"$id": 520, "sounds": [{"d": 0.188301086, "p": 88, "v": 94}], "pos": 1.0, "size": 1.0, "_time": 126.328125}, {"$id": 521, "sounds": [{"d": 0.09214783, "p": 89, "v": 94}], "pos": 2.0, "size": 1.0, "_time": 126.523438}, {"$id": 522, "sounds": [{"d": 1.24598694, "p": 88, "v": 86}], "pos": 1.0, "size": 1.0, "_time": 126.617188}, {"$id": 523, "sounds": [{"d": 0.188301086, "p": 86, "v": 90}], "size": 1.0, "_time": 126.714844, "pos": 0}, {"$id": 524, "sounds": [{"d": 0.188301086, "p": 84, "v": 90}], "pos": 1.0, "size": 1.0, "_time": 126.90625}, {"$id": 525, "sounds": [{"d": 0.284454346, "p": 79, "v": 78}], "pos": -1.0, "size": 1.0, "_time": 127.003906}, {"$id": 526, "sounds": [{"d": 0.3806076, "p": 81, "v": 88}], "pos": 1.0, "size": 1.0, "_time": 127.097656}, {"$id": 527, "sounds": [{"d": 0.284454346, "p": 79, "v": 88}], "pos": -1.0, "size": 1.0, "_time": 127.289063}, {"$id": 528, "sounds": [{"d": 0.3806076, "p": 81, "v": 88}], "size": 1.0, "_time": 127.484375, "pos": 0}, {"$id": 529, "sounds": [{"d": 0.09214783, "p": 79, "v": 86}], "pos": -1.0, "size": 1.0, "_time": 127.578125}, {"$id": 530, "sounds": [{"d": 0.188301086, "p": 77, "v": 86}], "pos": -2.0, "size": 1.0, "_time": 127.675781}, {"$id": 531, "sounds": [{"d": 2.688385, "p": 76, "v": 98}], "pos": 2.0, "size": 1.0, "_time": 127.867188}, {"$id": 532, "sounds": [{"d": 1.53450012, "p": 48, "v": 84}], "pos": -2.0, "size": 1.0, "_time": 127.867188}, {"$id": 533, "sounds": [{"d": 1.14987183, "p": 55, "v": 76}], "pos": -1.0, "size": 1.0, "_time": 128.0586}, {"$id": 534, "sounds": [{"d": 0.76524353, "p": 60, "v": 90}], "size": 1.0, "_time": 128.2539, "pos": 0}, {"$id": 535, "sounds": [{"d": 0.380615234, "p": 64, "v": 92}], "pos": 1.0, "size": 1.0, "_time": 128.445313}, {"$id": 536, "sounds": [{"d": 1.34222412, "p": 67, "v": 94}], "pos": 2.0, "size": 1.0, "_time": 128.636719}, {"$id": 537, "sounds": [{"d": 1.05374146, "p": 64, "v": 90}], "pos": 1.0, "size": 1.0, "_time": 128.828125}, {"$id": 538, "sounds": [{"d": 1.91915894, "p": 60, "v": 88}], "size": 1.0, "_time": 129.023438, "pos": 0}, {"$id": 539, "sounds": [{"d": 0.3806305, "p": 55, "v": 72}], "pos": -1.0, "size": 1.0, "_time": 129.214844}, {"$id": 540, "sounds": [{"d": 1.53451538, "p": 48, "v": 90}], "pos": -2.0, "size": 1.0, "_time": 129.40625}, {"$id": 541, "sounds": [{"d": 1.43835449, "p": 52, "v": 63}], "pos": -1.0, "size": 1.0, "_time": 129.5039}, {"$id": 542, "sounds": [{"d": 1.3421936, "p": 55, "v": 94}], "size": 1.0, "_time": 129.597656, "pos": 0}, {"$id": 543, "sounds": [{"d": 1.0537262, "p": 64, "v": 74}], "pos": -1.0, "size": 1.0, "_time": 129.886719}, {"$id": 544, "sounds": [{"d": 0.9575653, "p": 67, "v": 96}], "pos": 1.0, "size": 1.0, "_time": 129.984375}, {"$id": 545, "sounds": [{"d": 0.5729523, "p": 72, "v": 84}], "pos": -1.0, "size": 1.0, "_time": 130.367188}, {"$id": 546, "sounds": [{"d": 0.188308716, "p": 74, "v": 78}], "size": 1.0, "_time": 130.5586, "pos": 0}, {"$id": 547, "sounds": [{"d": 0.188308716, "p": 76, "v": 76}], "pos": 1.0, "size": 1.0, "_time": 130.7539}, {"$id": 548, "sounds": [{"d": 0.572921753, "p": 77, "v": 94}], "pos": 2.0, "size": 1.0, "_time": 130.945313}, {"$id": 549, "sounds": [{"d": 3.26541138, "p": 69, "v": 76}], "pos": -2.0, "size": 1.0, "_time": 131.136719}, {"$id": 550, "sounds": [{"d": 0.3806305, "p": 74, "v": 88}], "pos": -1.0, "size": 1.0, "_time": 131.328125}, {"$id": 551, "sounds": [{"d": 2.49613953, "p": 77, "v": 92}], "size": 1.0, "_time": 131.523438, "pos": 0}, {"$id": 552, "sounds": [{"d": 2.6884613, "p": 74, "v": 70}], "pos": -1.0, "size": 1.0, "_time": 131.714844}, {"$id": 553, "sounds": [{"d": 0.188308716, "p": 79, "v": 82}], "size": 1.0, "_time": 131.90625, "pos": 0}, {"$id": 554, "sounds": [{"d": 0.284454346, "p": 81, "v": 94}], "pos": 1.0, "size": 1.0, "_time": 132.097656}, {"$id": 555, "sounds": [{"d": 0.09214783, "p": 79, "v": 84}], "pos": -1.0, "size": 1.0, "_time": 132.386719}, {"$id": 556, "sounds": [{"d": 0.188308716, "p": 81, "v": 92}], "pos": 1.0, "size": 1.0, "_time": 132.484375}, {"$id": 557, "sounds": [{"d": 0.188308716, "p": 86, "v": 94}], "size": 1.0, "_time": 132.675781, "pos": 0}, {"$id": 558, "sounds": [{"d": 0.188308716, "p": 88, "v": 90}], "pos": 1.0, "size": 1.0, "_time": 132.867188}, {"$id": 559, "sounds": [{"d": 0.188308716, "p": 89, "v": 88}], "pos": 2.0, "size": 1.0, "_time": 133.0586}, {"$id": 560, "sounds": [{"d": 0.09214783, "p": 91, "v": 92}], "size": 1.0, "_time": 133.2539, "pos": 0}, {"$id": 561, "sounds": [{"d": 0.188308716, "p": 93, "v": 72}], "pos": 2.0, "size": 1.0, "_time": 133.347656}, {"$id": 562, "sounds": [{"d": 0.09214783, "p": 91, "v": 61}], "pos": 1.0, "size": 1.0, "_time": 133.539063}, {"$id": 563, "sounds": [{"d": 0.188308716, "p": 89, "v": 61}], "pos": -1.0, "size": 1.0, "_time": 133.636719}, {"$id": 564, "sounds": [{"d": 0.09214783, "p": 88, "v": 61}], "pos": 2.0, "size": 1.0, "_time": 133.828125}, {"$id": 565, "sounds": [{"d": 0.09214783, "p": 86, "v": 61}], "pos": 1.0, "size": 1.0, "_time": 133.925781}, {"$id": 566, "sounds": [{"d": 0.188308716, "p": 81, "v": 61}], "size": 1.0, "_time": 134.023438, "pos": 0}, {"$id": 567, "sounds": [{"d": 0.188308716, "p": 77, "v": 61}], "pos": -1.0, "size": 1.0, "_time": 134.214844}, {"$id": 568, "sounds": [{"d": 0.188308716, "p": 58, "v": 90}, {"d": 0.09214783, "p": 53, "v": 92}, {"d": 1.15393066, "p": 46, "v": 62}], "pos": 1.5, "size": 1.5999999, "_time": 134.40625}, {"$id": 569, "sounds": [{"d": 0.2844696, "p": 62, "v": 98}], "pos": -2.0, "size": 0.999999762, "_time": 134.40625}, {"$id": 570, "sounds": [{"d": 1.05375671, "p": 53, "v": 86}], "pos": -1.0, "size": 1.0, "_time": 134.5039}, {"$id": 571, "sounds": [{"d": 0.9575958, "p": 58, "v": 92}], "pos": -0.5, "size": 1.0, "_time": 134.597656}, {"$id": 572, "sounds": [{"d": 0.861434937, "p": 62, "v": 90}], "pos": -1.0, "size": 1.0, "_time": 134.695313}, {"$id": 573, "sounds": [{"d": 0.765274048, "p": 65, "v": 92}], "size": 1.0, "_time": 134.792969, "pos": 0}, {"$id": 574, "sounds": [{"d": 0.669113159, "p": 70, "v": 86}], "pos": 0.698019743, "size": 1.0, "_time": 134.886719}, {"$id": 575, "sounds": [{"d": 0.5729523, "p": 74, "v": 96}], "pos": 1.0, "size": 1.0, "_time": 134.984375}, {"$id": 576, "sounds": [{"d": 0.476791382, "p": 77, "v": 88}], "pos": 0.7545969, "size": 1.0, "_time": 135.078125}, {"$id": 577, "sounds": [{"d": 0.3806305, "p": 82, "v": 82}], "size": 1.0, "_time": 135.175781, "pos": 0}, {"$id": 578, "sounds": [{"d": 0.188308716, "p": 86, "v": 80}], "pos": -1.0, "size": 1.0, "_time": 135.273438}, {"$id": 579, "sounds": [{"d": 0.188308716, "p": 89, "v": 92}], "pos": -0.5, "size": 1.0, "_time": 135.367188}, {"$id": 580, "sounds": [{"d": 0.09214783, "p": 86, "v": 94}], "pos": -1.0, "size": 1.0, "_time": 135.464844}, {"$id": 581, "sounds": [{"d": 1.1499176, "p": 48, "v": 86}, {"d": 1.1499176, "p": 36, "v": 82}], "pos": 1.5, "size": 1.60000014, "_time": 135.5586}, {"$id": 582, "sounds": [{"d": 1.1499176, "p": 64, "v": 88}], "pos": -2.0, "size": 1.0, "_time": 135.5586}, {"$id": 583, "sounds": [{"d": 1.05375671, "p": 55, "v": 84}], "pos": -1.0, "size": 1.0, "_time": 135.65625}, {"$id": 584, "sounds": [{"d": 0.9575958, "p": 60, "v": 84}], "pos": -0.5, "size": 1.0, "_time": 135.7539}, {"$id": 585, "sounds": [{"d": 0.861434937, "p": 67, "v": 82}], "pos": -1.0, "size": 1.0, "_time": 135.847656}, {"$id": 586, "sounds": [{"d": 0.765274048, "p": 72, "v": 75}], "pos": 0.188826025, "size": 1.0, "_time": 135.945313}, {"$id": 587, "sounds": [{"d": 0.669113159, "p": 76, "v": 80}], "pos": 1.0, "size": 1.0, "_time": 136.042969}, {"$id": 588, "sounds": [{"d": 0.5729523, "p": 79, "v": 90}], "pos": 1.5, "size": 1.0, "_time": 136.136719}, {"$id": 589, "sounds": [{"d": 0.3806305, "p": 84, "v": 78}], "pos": 1.0, "size": 1.0, "_time": 136.234375}, {"$id": 590, "sounds": [{"d": 0.188308716, "p": 88, "v": 88}], "pos": 0.273691684, "size": 1.0, "_time": 136.328125}, {"$id": 591, "sounds": [{"d": 0.2844696, "p": 91, "v": 90}], "pos": -1.0, "size": 1.0, "_time": 136.425781}, {"$id": 592, "sounds": [{"d": 0.188308716, "p": 88, "v": 90}], "pos": -0.5, "size": 1.0, "_time": 136.523438}, {"$id": 593, "sounds": [{"d": 0.09214783, "p": 84, "v": 86}], "pos": -1.0, "size": 1.0, "_time": 136.617188}, {"$id": 594, "sounds": [{"d": 0.268447876, "p": 50, "v": 72}, {"d": 0.25642395, "p": 38, "v": 76}, {"w": 0.2890625, "d": 0.861434937, "p": 38, "v": 76}, {"w": 0.2890625, "d": 0.861434937, "p": 50, "v": 65}], "pos": 1.5, "size": 1.60000014, "_time": 136.714844}, {"$id": 595, "sounds": [{"d": 1.1499176, "p": 62, "v": 98}], "pos": -2.0, "size": 1.0, "_time": 136.714844}, {"$id": 596, "sounds": [{"d": 1.05375671, "p": 53, "v": 69}], "pos": -1.0, "size": 1.0, "_time": 136.8086}, {"$id": 597, "sounds": [{"d": 0.9575958, "p": 57, "v": 88}], "pos": -0.5, "size": 1.0, "_time": 136.90625}, {"$id": 598, "sounds": [{"d": 0.861434937, "p": 65, "v": 90}], "pos": -1.0, "size": 1.0, "_time": 137.0039}, {"$id": 599, "sounds": [{"d": 0.765274048, "p": 69, "v": 90}], "pos": 0.5, "size": 1.0, "_time": 137.097656}, {"$id": 600, "sounds": [{"d": 0.669113159, "p": 74, "v": 92}], "pos": 1.735502, "size": 1.0, "_time": 137.195313}, {"$id": 601, "sounds": [{"d": 0.5729523, "p": 77, "v": 86}], "pos": 2.0, "size": 1.0, "_time": 137.292969}, {"$id": 602, "sounds": [{"d": 0.3806305, "p": 81, "v": 78}], "pos": 1.70721352, "size": 1.0, "_time": 137.386719}, {"$id": 603, "sounds": [{"d": 0.188308716, "p": 86, "v": 86}], "pos": 0.5, "size": 1.0, "_time": 137.484375}, {"$id": 604, "sounds": [{"d": 0.2844696, "p": 89, "v": 90}], "pos": -1.0, "size": 1.0, "_time": 137.578125}, {"$id": 605, "sounds": [{"d": 0.188308716, "p": 86, "v": 82}], "pos": -0.5, "size": 1.0, "_time": 137.675781}, {"$id": 606, "sounds": [{"d": 0.09214783, "p": 81, "v": 72}], "pos": -1.0, "size": 1.0, "_time": 137.773438}, {"$id": 607, "sounds": [{"d": 0.188308716, "p": 65, "v": 90}, {"d": 1.1499176, "p": 41, "v": 82}, {"d": 1.1499176, "p": 53, "v": 80}], "size": 1.0, "_time": 137.867188, "pos": 0}, {"$id": 608, "sounds": [{"d": 1.05375671, "p": 60, "v": 76}], "pos": -2.0, "size": 1.0, "_time": 137.964844}, {"$id": 609, "sounds": [{"d": 0.9575958, "p": 65, "v": 90}], "size": 1.0, "_time": 138.0625, "pos": 0}, {"$id": 610, "sounds": [{"d": 0.188308716, "p": 77, "v": 92}], "pos": -1.0, "size": 1.0, "_time": 138.15625}, {"$id": 611, "sounds": [{"d": 0.765274048, "p": 72, "v": 78}], "pos": 1.0, "size": 1.0, "_time": 138.2539}, {"$id": 612, "sounds": [{"d": 0.669113159, "p": 77, "v": 80}], "pos": -1.0, "size": 1.0, "_time": 138.347656}, {"$id": 613, "sounds": [{"d": 0.188308716, "p": 84, "v": 90}], "pos": 2.0, "size": 1.0, "_time": 138.445313}, {"$id": 614, "sounds": [{"d": 0.476791382, "p": 81, "v": 56}], "size": 1.0, "_time": 138.542969, "pos": 0}, {"$id": 615, "sounds": [{"d": 0.3806305, "p": 84, "v": 80}], "pos": 2.0, "size": 1.0, "_time": 138.636719}, {"$id": 616, "sounds": [{"d": 0.188308716, "p": 93, "v": 84}], "pos": 1.66973114, "size": 1.0, "_time": 138.734375}, {"$id": 617, "sounds": [{"d": 0.188308716, "p": 91, "v": 80}], "pos": 1.245403, "size": 1.0, "_time": 138.828125}, {"$id": 618, "sounds": [{"d": 0.09214783, "p": 89, "v": 76}], "pos": 0.8585573, "size": 1.0, "_time": 138.925781}, {"$id": 619, "sounds": [{"d": 1.1499176, "p": 86, "v": 92}], "pos": 0.5, "size": 1.0, "_time": 139.023438}, {"$id": 620, "sounds": [{"d": 1.1499176, "p": 46, "v": 88}], "pos": -2.0, "size": 1.0, "_time": 139.023438}, {"$id": 621, "sounds": [{"d": 1.05375671, "p": 53, "v": 72}], "pos": -1.0, "size": 1.0, "_time": 139.117188}, {"$id": 622, "sounds": [{"d": 0.9575958, "p": 58, "v": 78}], "pos": -0.5, "size": 1.0, "_time": 139.214844}, {"$id": 623, "sounds": [{"d": 1.24607849, "p": 62, "v": 82}], "pos": -1.0, "size": 1.0, "_time": 139.3125}, {"$id": 624, "sounds": [{"d": 0.669113159, "p": 65, "v": 92}], "pos": 0.08486563, "size": 1.0, "_time": 139.40625}, {"$id": 625, "sounds": [{"d": 0.476791382, "p": 72, "v": 68}], "pos": 1.0, "size": 1.0, "_time": 139.5039}, {"$id": 626, "sounds": [{"d": 0.09214783, "p": 74, "v": 86}], "pos": 1.58486557, "size": 1.0, "_time": 139.597656}, {"$id": 627, "sounds": [{"d": 0.09214783, "p": 76, "v": 86}], "pos": 2.0, "size": 1.0, "_time": 139.695313}, {"$id": 628, "sounds": [{"d": 0.09214783, "p": 77, "v": 92}], "pos": 2.0, "size": 1.0, "_time": 139.792969}, {"$id": 629, "sounds": [{"d": 0.2844696, "p": 76, "v": 76}], "pos": 1.65983009, "size": 1.0, "_time": 139.886719}, {"$id": 630, "sounds": [{"d": 0.188308716, "p": 72, "v": 86}], "pos": 0.9052334, "size": 1.0, "_time": 139.984375}, {"$id": 631, "sounds": [{"d": 0.0881347656, "p": 67, "v": 70}], "pos": -0.5, "size": 1.0, "_time": 140.078125}, {"$id": 632, "sounds": [{"d": 0.188308716, "p": 69, "v": 92}], "pos": -2.0, "size": 1.0, "_time": 140.175781}, {"$id": 633, "sounds": [{"d": 1.0697937, "p": 36, "v": 72}, {"d": 1.07780457, "p": 48, "v": 55}], "pos": 1.5, "size": 1.60000014, "_time": 140.175781}, {"$id": 634, "sounds": [{"d": 0.09214783, "p": 67, "v": 67}], "pos": -1.0, "size": 1.0, "_time": 140.273438}, {"$id": 635, "sounds": [{"d": 0.9575958, "p": 69, "v": 74}], "pos": -0.5, "size": 1.0, "_time": 140.367188}, {"$id": 636, "sounds": [{"d": 0.861434937, "p": 74, "v": 86}], "pos": -1.0, "size": 1.0, "_time": 140.464844}, {"$id": 637, "sounds": [{"d": 0.765274048, "p": 79, "v": 82}], "size": 1.0, "_time": 140.5625, "pos": 0}, {"$id": 638, "sounds": [{"d": 0.09214783, "p": 81, "v": 74}], "pos": -0.5, "size": 1.0, "_time": 140.65625}, {"$id": 639, "sounds": [{"d": 0.5729523, "p": 86, "v": 78}], "pos": 0.5, "size": 1.0, "_time": 140.7539}, {"$id": 640, "sounds": [{"d": 0.09214783, "p": 88, "v": 88}], "size": 1.0, "_time": 140.847656, "pos": 0}, {"$id": 641, "sounds": [{"d": 0.3806305, "p": 89, "v": 90}], "pos": 1.0, "size": 1.0, "_time": 140.945313}, {"$id": 642, "sounds": [{"d": 0.188308716, "p": 91, "v": 94}], "pos": 0.5, "size": 1.0, "_time": 141.042969}, {"$id": 643, "sounds": [{"d": 0.188308716, "p": 93, "v": 72}], "pos": 1.5, "size": 1.0, "_time": 141.136719}, {"$id": 644, "sounds": [{"d": 0.09214783, "p": 91, "v": 92}], "pos": 1.0, "size": 1.0, "_time": 141.234375}, {"$id": 645, "sounds": [{"d": 0.3806305, "p": 38, "v": 84}, {"d": 0.3806305, "p": 50, "v": 86}], "pos": 1.5, "size": 1.60000014, "_time": 141.328125}, {"$id": 646, "sounds": [{"d": 0.861434937, "p": 62, "v": 80}], "size": 1.0, "_time": 141.425781, "pos": 0}, {"$id": 647, "sounds": [{"d": 0.188308716, "p": 57, "v": 82}], "pos": -1.0, "size": 1.0, "_time": 141.523438}, {"$id": 648, "sounds": [{"d": 0.0881347656, "p": 55, "v": 80}], "pos": -1.5, "size": 1.0, "_time": 141.617188}, {"$id": 649, "sounds": [{"d": 1.1499176, "p": 57, "v": 88}], "pos": -1.0, "size": 1.0, "_time": 141.714844}, {"$id": 650, "sounds": [{"d": 0.765274048, "p": 50, "v": 53}, {"d": 0.3806305, "p": 38, "v": 72}], "pos": 1.5, "size": 1.60000014, "_time": 141.714844}, {"$id": 651, "sounds": [{"d": 0.861434937, "p": 53, "v": 80}], "pos": -2.0, "size": 1.0, "_time": 141.8125}, {"$id": 652, "sounds": [{"d": 0.188308716, "p": 69, "v": 92}], "pos": 1.0, "size": 1.0, "_time": 141.90625}, {"$id": 653, "sounds": [{"d": 0.2844696, "p": 67, "v": 90}], "pos": -1.0, "size": 1.0, "_time": 142.0039}, {"$id": 654, "sounds": [{"d": 0.192321777, "p": 69, "v": 90}], "pos": 1.0, "size": 1.0, "_time": 142.097656}, {"$id": 655, "sounds": [{"d": 0.765274048, "p": 65, "v": 86}], "pos": -2.0, "size": 1.0, "_time": 142.292969}, {"$id": 656, "sounds": [{"d": 0.5729523, "p": 50, "v": 70}], "pos": -1.0, "size": 1.30000007, "_time": 142.484375}, {"$id": 657, "sounds": [{"d": 0.9575653, "p": 53, "v": 78}], "size": 1.30000007, "_time": 142.675781, "pos": 0}, {"$id": 658, "sounds": [{"d": 0.76524353, "p": 57, "v": 92}], "pos": 1.0, "size": 1.30000007, "_time": 142.867188}, {"$id": 659, "sounds": [{"d": 0.572921753, "p": 65, "v": 82}], "size": 1.0, "_time": 143.0625, "pos": 0}, {"$id": 660, "sounds": [{"d": 0.380615234, "p": 69, "v": 92}], "pos": 1.0, "size": 1.0, "_time": 143.2539}, {"$id": 661, "sounds": [{"d": 0.188308716, "p": 74, "v": 86}], "pos": 2.0, "size": 1.0, "_time": 143.445313}, {"$id": 662, "sounds": [{"d": 1.14984131, "p": 74, "v": 96}], "pos": 2.0, "size": 1.0, "_time": 143.636719}, {"$id": 663, "sounds": [{"d": 6.149994, "p": 46, "v": 90}], "pos": -2.0, "size": 1.30000007, "_time": 143.636719}, {"$id": 664, "sounds": [{"d": 5.765381, "p": 53, "v": 74}], "pos": -1.0, "size": 1.30000007, "_time": 144.023438}, {"$id": 665, "sounds": [{"d": 5.380768, "p": 58, "v": 72}], "pos": 1.0, "size": 1.30000007, "_time": 144.40625}, {"$id": 666, "sounds": [{"d": 0.188308716, "p": 74, "v": 96}], "pos": -2.0, "size": 1.0, "_time": 144.792969}, {"$id": 667, "sounds": [{"d": 0.188308716, "p": 76, "v": 90}], "pos": -1.0, "size": 1.0, "_time": 144.984375}, {"$id": 668, "sounds": [{"d": 0.380615234, "p": 77, "v": 94}], "size": 1.0, "_time": 145.175781, "pos": 0}, {"$id": 669, "sounds": [{"d": 0.380615234, "p": 74, "v": 86}], "pos": -2.0, "size": 1.0, "_time": 145.5625}, {"$id": 670, "sounds": [{"d": 0.380615234, "p": 81, "v": 94}], "pos": 2.0, "size": 1.0, "_time": 145.945313}, {"$id": 671, "sounds": [{"d": 0.380615234, "p": 79, "v": 84}], "pos": 1.0, "size": 1.0, "_time": 146.332031}, {"$id": 672, "sounds": [{"d": 1.14984131, "p": 77, "v": 88}], "size": 1.0, "_time": 146.714844, "pos": 0}, {"$id": 673, "sounds": [{"d": 0.188308716, "p": 74, "v": 86}], "pos": -2.0, "size": 1.0, "_time": 147.867188}, {"$id": 674, "sounds": [{"d": 0.188308716, "p": 76, "v": 76}], "pos": -1.0, "size": 1.0, "_time": 148.0625}, {"$id": 675, "sounds": [{"d": 0.380615234, "p": 77, "v": 86}], "size": 1.0, "_time": 148.2539, "pos": 0}, {"$id": 676, "sounds": [{"d": 1.14985657, "p": 74, "v": 76}], "pos": -2.0, "size": 1.0, "_time": 148.636719}, {"$id": 677, "sounds": [{"d": 0.380615234, "p": 81, "v": 74}], "pos": 2.0, "size": 1.0, "_time": 149.023438}, {"$id": 678, "sounds": [{"d": 0.380615234, "p": 79, "v": 80}], "pos": 1.0, "size": 1.0, "_time": 149.40625}, {"$id": 679, "sounds": [{"d": 1.5344696, "p": 48, "v": 78}], "pos": -2.0, "size": 1.30000007, "_time": 149.792969}, {"$id": 680, "sounds": [{"d": 2.68833923, "p": 76, "v": 90}, {"d": 2.303711, "p": 72, "v": 34}], "size": 1.0, "_time": 149.792969, "pos": 0}, {"$id": 681, "sounds": [{"d": 5.76931763, "p": 55, "v": 74}], "pos": -1.0, "size": 1.30000007, "_time": 150.175781}, {"$id": 682, "sounds": [{"d": 0.76524353, "p": 60, "v": 75}], "size": 1.30000007, "_time": 150.5625, "pos": 0}, {"$id": 683, "sounds": [{"d": 0.188308716, "p": 64, "v": 70}], "pos": -1.0, "size": 1.0, "_time": 150.945313}, {"$id": 684, "sounds": [{"d": 0.188308716, "p": 65, "v": 82}], "size": 1.0, "_time": 151.136719, "pos": 0}, {"$id": 685, "sounds": [{"d": 1.53448486, "p": 48, "v": 86}, {"d": 1.53448486, "p": 60, "v": 80}], "pos": -2.0, "size": 1.30000007, "_time": 151.332031}, {"$id": 686, "sounds": [{"d": 4.615448, "p": 67, "v": 86}], "pos": 1.0, "size": 1.0, "_time": 151.332031}, {"$id": 687, "sounds": [{"d": 4.230835, "p": 64, "v": 76}], "pos": -1.0, "size": 1.0, "_time": 151.714844}, {"$id": 688, "sounds": [{"d": 0.76524353, "p": 79, "v": 88}], "pos": 1.0, "size": 1.0, "_time": 152.097656}, {"$id": 689, "sounds": [{"d": 3.46157837, "p": 76, "v": 74}], "size": 1.0, "_time": 152.484375, "pos": 0}, {"$id": 690, "sounds": [{"d": 3.072937, "p": 60, "v": 59}, {"d": 3.07695, "p": 48, "v": 69}], "pos": -1.0, "size": 1.30000007, "_time": 152.867188}, {"$id": 691, "sounds": [{"d": 3.07695, "p": 84, "v": 92}], "pos": 2.0, "size": 1.0, "_time": 152.867188}, {"$id": 692, "sounds": [{"d": 0.380615234, "p": 88, "v": 92}], "size": 1.0, "_time": 154.023438, "pos": 0}, {"$id": 693, "sounds": [{"d": 0.7652283, "p": 89, "v": 84}], "pos": 2.0, "size": 1.0, "_time": 154.40625}, {"$id": 694, "sounds": [{"d": 0.769241333, "p": 88, "v": 88}], "size": 1.0, "_time": 155.175781, "pos": 0}, {"$id": 695, "sounds": [{"d": 4.61135864, "p": 81, "v": 91}, {"d": 4.61135864, "p": 78, "v": 63}, {"d": 9.326904, "p": 86, "v": 88}], "pos": 1.0, "size": 1.0, "_time": 155.945313}, {"$id": 696, "sounds": [{"d": 6.65864563, "p": 26, "v": 91}, {"d": 9.226746, "p": 38, "v": 69}], "pos": -1.0, "size": 1.30000007, "_time": 155.945313}, {"$id": 697, "sounds": [{"d": 8.649826, "p": 42, "v": 86}], "pos": -2.0, "size": 1.30000007, "_time": 156.523438}, {"$id": 698, "sounds": [{"d": 8.45752, "p": 45, "v": 85}], "pos": -1.0, "size": 1.30000007, "_time": 156.714844}, {"$id": 699, "sounds": [{"d": 8.07290649, "p": 50, "v": 91}], "size": 1.30000007, "_time": 157.101563, "pos": 0}, {"$id": 700, "sounds": [{"d": 7.30368042, "p": 54, "v": 69}], "pos": -1.0, "size": 1.30000007, "_time": 157.867188}, {"$id": 701, "sounds": [{"d": 6.91906738, "p": 57, "v": 63}], "size": 1.30000007, "_time": 158.2539, "pos": 0}, {"$id": 702, "sounds": [{"d": 6.342148, "p": 62, "v": 71}], "pos": 1.0, "size": 1.30000007, "_time": 158.832031}, {"$id": 703, "sounds": [{"d": 5.380615, "p": 66, "v": 69}], "size": 1.30000007, "_time": 159.792969, "pos": 0}, {"$id": 704, "sounds": [{"d": 4.996002, "p": 69, "v": 73}], "pos": 1.0, "size": 1.30000007, "_time": 160.175781}, {"$id": 705, "sounds": [{"d": 4.611374, "p": 74, "v": 82}], "pos": 2.0, "size": 1.30000007, "_time": 160.5625}], "links": [{"notes": [{"$ref": 582}, {"$ref": 583}, {"$ref": 584}, {"$ref": 585}, {"$ref": 586}, {"$ref": 587}, {"$ref": 588}, {"$ref": 589}, {"$ref": 590}, {"$ref": 591}, {"$ref": 592}, {"$ref": 593}]}, {"notes": [{"$ref": 595}, {"$ref": 596}, {"$ref": 597}, {"$ref": 598}, {"$ref": 599}, {"$ref": 600}, {"$ref": 601}, {"$ref": 602}, {"$ref": 603}, {"$ref": 604}, {"$ref": 605}, {"$ref": 606}]}, {"notes": [{"$ref": 569}, {"$ref": 570}, {"$ref": 571}, {"$ref": 572}, {"$ref": 573}, {"$ref": 574}, {"$ref": 575}, {"$ref": 576}, {"$ref": 577}, {"$ref": 578}, {"$ref": 579}, {"$ref": 580}]}, {"notes": [{"$ref": 620}, {"$ref": 621}, {"$ref": 622}, {"$ref": 623}, {"$ref": 624}, {"$ref": 625}, {"$ref": 626}, {"$ref": 627}, {"$ref": 628}, {"$ref": 629}, {"$ref": 630}, {"$ref": 631}]}, {"notes": [{"$ref": 646}, {"$ref": 647}, {"$ref": 648}, {"$ref": 649}, {"$ref": 651}]}, {"notes": [{"$ref": 632}, {"$ref": 634}, {"$ref": 635}, {"$ref": 636}, {"$ref": 637}, {"$ref": 638}, {"$ref": 639}, {"$ref": 640}, {"$ref": 641}, {"$ref": 642}, {"$ref": 643}, {"$ref": 644}]}, {"notes": [{"$ref": 72}, {"$ref": 73}, {"$ref": 74}]}, {"notes": [{"$ref": 616}, {"$ref": 617}, {"$ref": 618}, {"$ref": 619}]}, {"notes": [{"$ref": 335}, {"$ref": 336}, {"$ref": 337}, {"$ref": 338}, {"$ref": 339}, {"$ref": 340}, {"$ref": 341}, {"$ref": 342}, {"$ref": 343}, {"$ref": 344}, {"$ref": 345}, {"$ref": 346}, {"$ref": 347}]}, {"notes": [{"$ref": 422}, {"$ref": 423}, {"$ref": 424}]}, {"notes": [{"$ref": 428}, {"$ref": 429}, {"$ref": 430}]}, {"notes": [{"$ref": 475}, {"$ref": 476}, {"$ref": 477}]}, {"notes": [{"$ref": 462}, {"$ref": 463}, {"$ref": 464}]}, {"notes": [{"$ref": 434}, {"$ref": 435}, {"$ref": 436}, {"$ref": 437}, {"$ref": 438}, {"$ref": 439}, {"$ref": 441}]}, {"notes": [{"$ref": 488}, {"$ref": 489}, {"$ref": 490}]}, {"notes": [{"$ref": 521}, {"$ref": 522}, {"$ref": 523}]}, {"notes": [{"$ref": 528}, {"$ref": 529}, {"$ref": 530}]}, {"notes": [{"$ref": 540}, {"$ref": 541}, {"$ref": 542}]}, {"notes": [{"$ref": 564}, {"$ref": 565}, {"$ref": 566}]}]}