{"speed": 10.0, "notes": [{"$id": 1, "sounds": [{"d": 0.104895115, "p": 72, "v": 114}], "pos": -1.5, "size": 1.0, "_time": 2.9375}, {"$id": 2, "sounds": [{"d": 0.104895115, "p": 77, "v": 114}], "pos": -0.5, "size": 1.0, "_time": 3.04296875}, {"$id": 3, "sounds": [{"d": 0.104895115, "p": 81, "v": 114}], "size": 0.799999952, "_time": 3.1484375, "pos": 0}, {"$id": 4, "sounds": [{"d": 0.104895115, "p": 82, "v": 114}], "pos": 0.5, "size": 0.799999952, "_time": 3.25}, {"$id": 5, "sounds": [{"d": 0.8391602, "p": 84, "v": 114}], "pos": 1.0, "size": 0.799999952, "_time": 3.35546875}, {"$id": 6, "sounds": [{"d": 0.104895115, "p": 58, "v": 114}], "pos": -2.0, "size": 1.0, "_time": 3.77734375}, {"$id": 7, "sounds": [{"d": 0.104894876, "p": 62, "v": 114}], "pos": -1.0, "size": 1.0, "_time": 3.984375}, {"$id": 8, "sounds": [{"d": 0.104895115, "p": 65, "v": 114}], "size": 1.0, "_time": 4.1953125, "pos": 0}, {"$id": 9, "sounds": [{"d": 0.104895115, "p": 69, "v": 114}], "pos": 1.0, "size": 1.0, "_time": 4.40625}, {"$id": 10, "sounds": [{"d": 0.104895115, "p": 77, "v": 114}], "pos": 2.0, "size": 1.0, "_time": 4.6171875}, {"$id": 11, "sounds": [{"d": 0.104895115, "p": 76, "v": 114}], "pos": 1.0, "size": 1.0, "_time": 4.82421875}, {"$id": 12, "sounds": [{"d": 0.104895115, "p": 72, "v": 114}], "pos": -1.0, "size": 1.0, "_time": 5.03515625}, {"$id": 13, "sounds": [{"d": 0.104895115, "p": 72, "v": 114}], "size": 1.0, "_time": 6.08203125, "pos": 0}, {"$id": 14, "sounds": [{"d": 0.104895115, "p": 70, "v": 114}], "pos": -1.0, "size": 1.0, "_time": 6.1875}, {"$id": 15, "sounds": [{"d": 0.104895115, "p": 69, "v": 114}], "pos": -2.0, "size": 1.0, "_time": 6.29296875}, {"$id": 16, "sounds": [{"d": 0.104895115, "p": 70, "v": 114}], "pos": -1.0, "size": 1.0, "_time": 6.50390625}, {"$id": 17, "sounds": [{"d": 0.104895115, "p": 72, "v": 114}], "size": 1.0, "_time": 6.71484375, "pos": 0}, {"$id": 18, "sounds": [{"d": 0.419579983, "p": 91, "v": 114}], "pos": 2.0, "size": 1.1, "_time": 7.1328125}, {"$id": 19, "sounds": [{"d": 0.41958046, "p": 89, "v": 114}], "pos": 1.0, "size": 1.09999979, "_time": 7.76171875}, {"$id": 20, "sounds": [{"d": 0.41958046, "p": 88, "v": 114}], "size": 1.0, "_time": 8.390625, "pos": 0}, {"$id": 21, "sounds": [{"d": 0.20979023, "p": 84, "v": 114}], "pos": -1.0, "size": 1.0, "_time": 9.019531}, {"$id": 22, "sounds": [{"d": 0.20979023, "p": 77, "v": 114}], "pos": -1.0, "size": 1.0, "_time": 9.441406}, {"$id": 23, "sounds": [{"d": 0.20979023, "p": 81, "v": 114}], "size": 1.0, "_time": 9.6484375, "pos": 0}, {"$id": 24, "sounds": [{"d": 0.209789276, "p": 82, "v": 114}], "pos": 1.0, "size": 1.0, "_time": 9.859375}, {"$id": 25, "sounds": [{"d": 0.13548851, "p": 83, "v": 114}], "pos": 1.5, "size": 1.0, "_time": 10.0351563}, {"$id": 26, "sounds": [{"d": 0.839158058, "p": 84, "v": 114}], "pos": 2.0, "size": 1.0, "_time": 10.0703125}, {"$id": 27, "sounds": [{"d": 0.104894638, "p": 58, "v": 114}], "pos": -2.0, "size": 1.0, "_time": 10.4882813}, {"$id": 28, "sounds": [{"d": 0.104894638, "p": 62, "v": 114}], "pos": -1.0, "size": 1.0, "_time": 10.6992188}, {"$id": 29, "sounds": [{"d": 0.104894638, "p": 65, "v": 114}], "size": 1.0, "_time": 10.9101563, "pos": 0}, {"$id": 30, "sounds": [{"d": 0.104894638, "p": 69, "v": 114}], "pos": 1.0, "size": 1.0, "_time": 11.1171875}, {"$id": 31, "sounds": [{"d": 0.104894638, "p": 77, "v": 114}], "pos": 2.0, "size": 1.0, "_time": 11.328125}, {"$id": 32, "sounds": [{"d": 0.104894638, "p": 76, "v": 114}], "pos": 1.0, "size": 1.0, "_time": 11.5390625}, {"$id": 33, "sounds": [{"d": 0.104894638, "p": 72, "v": 114}], "pos": -1.0, "size": 1.0, "_time": 11.75}, {"$id": 34, "sounds": [{"d": 0.104894638, "p": 72, "v": 114}], "pos": -2.0, "size": 0.9, "_time": 12.796875}, {"$id": 35, "sounds": [{"d": 0.104894638, "p": 76, "v": 114}], "pos": -1.0, "size": 0.9, "_time": 12.9023438}, {"$id": 36, "sounds": [{"d": 0.104894638, "p": 77, "v": 114}], "size": 0.9, "_time": 13.0078125, "pos": 0}, {"$id": 37, "sounds": [{"d": 0.104894638, "p": 79, "v": 114}], "pos": 1.0, "size": 1.0, "_time": 13.2148438}, {"$id": 38, "sounds": [{"d": 0.104894638, "p": 77, "v": 114}], "size": 1.0, "_time": 13.4257813, "pos": 0}, {"$id": 39, "sounds": [{"d": 0.104894638, "p": 86, "v": 114}], "pos": 2.0, "size": 1.0, "_time": 13.6367188}, {"$id": 40, "sounds": [{"d": 0.104894638, "p": 84, "v": 114}], "pos": 1.0, "size": 1.0, "_time": 13.8476563}, {"$id": 41, "sounds": [{"d": 0.20979023, "p": 77, "v": 114}], "pos": -1.0, "size": 1.0, "_time": 14.0546875}, {"$id": 42, "sounds": [{"d": 0.20979023, "p": 81, "v": 114}], "pos": 1.0, "size": 1.0, "_time": 14.265625}, {"$id": 43, "sounds": [{"d": 0.20979023, "p": 79, "v": 114}], "size": 1.0, "_time": 14.4765625, "pos": 0}, {"$id": 44, "sounds": [{"d": 0.20979023, "p": 77, "v": 114}], "pos": -1.0, "size": 1.0, "_time": 14.6835938}, {"$id": 45, "sounds": [{"d": 0.20979023, "p": 76, "v": 114}], "pos": -2.0, "size": 1.0, "_time": 14.8945313}, {"$id": 46, "sounds": [{"d": 0.20979023, "p": 72, "v": 114}], "pos": -1.5, "size": 0.799999952, "_time": 15.3164063}, {"$id": 47, "sounds": [{"d": 0.20979023, "p": 76, "v": 114}], "pos": -0.5, "size": 0.799999952, "_time": 15.5234375}, {"$id": 48, "sounds": [{"d": 0.20979023, "p": 77, "v": 114}], "pos": 0.5, "size": 0.799999952, "_time": 15.734375}, {"$id": 49, "sounds": [{"d": 0.209789276, "p": 79, "v": 114}], "pos": 1.5, "size": 0.799999952, "_time": 15.9453125}, {"$id": 50, "sounds": [{"d": 0.209789276, "p": 77, "v": 114}], "pos": 0.5, "size": 0.799999952, "_time": 16.1523438}, {"$id": 51, "sounds": [{"d": 0.209789276, "p": 76, "v": 114}], "pos": -0.5, "size": 0.799999952, "_time": 16.3632813}, {"$id": 52, "sounds": [{"d": 0.209789276, "p": 77, "v": 114}], "pos": 0.5, "size": 1.0, "_time": 16.5742188}, {"$id": 53, "sounds": [{"d": 0.209789276, "p": 84, "v": 114}], "pos": 2.0, "size": 1.0, "_time": 16.78125}, {"$id": 54, "sounds": [{"d": 0.104894638, "p": 58, "v": 114}], "pos": -2.0, "size": 1.0, "_time": 17.203125}, {"$id": 55, "sounds": [{"d": 0.104894638, "p": 62, "v": 114}], "pos": -1.0, "size": 1.0, "_time": 17.4140625}, {"$id": 56, "sounds": [{"d": 0.104894638, "p": 65, "v": 114}], "size": 1.0, "_time": 17.6210938, "pos": 0}, {"$id": 57, "sounds": [{"d": 0.104894638, "p": 69, "v": 114}], "pos": 1.0, "size": 1.0, "_time": 17.8320313}, {"$id": 58, "sounds": [{"d": 0.104894638, "p": 77, "v": 114}], "pos": 2.0, "size": 1.0, "_time": 18.0429688}, {"$id": 59, "sounds": [{"d": 0.104894638, "p": 76, "v": 114}], "pos": 1.0, "size": 1.0, "_time": 18.25}, {"$id": 60, "sounds": [{"d": 0.104894638, "p": 72, "v": 114}], "pos": -1.0, "size": 1.0, "_time": 18.4609375}, {"$id": 61, "sounds": [{"d": 0.104894638, "p": 72, "v": 114}], "size": 1.0, "_time": 19.5117188, "pos": 0}, {"$id": 62, "sounds": [{"d": 0.104894638, "p": 70, "v": 114}], "pos": -1.0, "size": 1.0, "_time": 19.6171875}, {"$id": 63, "sounds": [{"d": 0.104894638, "p": 69, "v": 114}], "pos": -2.0, "size": 1.0, "_time": 19.71875}, {"$id": 64, "sounds": [{"d": 0.104894638, "p": 70, "v": 114}], "pos": -1.0, "size": 1.0, "_time": 19.9296875}, {"$id": 65, "sounds": [{"d": 0.104894638, "p": 72, "v": 114}], "size": 1.0, "_time": 20.140625, "pos": 0}, {"$id": 66, "sounds": [{"d": 0.41958046, "p": 91, "v": 114}], "pos": 2.0, "size": 1.0, "_time": 20.5585938}, {"$id": 67, "sounds": [{"d": 0.41958046, "p": 89, "v": 114}], "pos": 1.0, "size": 1.0, "_time": 21.1875}, {"$id": 68, "sounds": [{"d": 0.41958046, "p": 88, "v": 114}], "size": 1.0, "_time": 21.8164063, "pos": 0}, {"$id": 69, "sounds": [{"d": 0.209789276, "p": 84, "v": 114}], "pos": 1.0, "size": 1.0, "_time": 22.4492188}, {"$id": 70, "sounds": [{"d": 0.209789276, "p": 77, "v": 114}], "pos": -2.0, "size": 1.0, "_time": 22.8671875}, {"$id": 71, "sounds": [{"d": 0.209789276, "p": 81, "v": 114}], "size": 1.0, "_time": 23.078125, "pos": 0}, {"$id": 72, "sounds": [{"d": 0.209791183, "p": 82, "v": 114}], "pos": 1.0, "size": 1.0, "_time": 23.2851563}, {"$id": 73, "sounds": [{"d": 0.135490417, "p": 83, "v": 114}], "pos": 1.5, "size": 1.0, "_time": 23.4609375}, {"$id": 74, "sounds": [{"d": 0.839159, "p": 84, "v": 114}], "pos": 2.0, "size": 1.0, "_time": 23.4960938}, {"$id": 75, "sounds": [{"d": 0.104894638, "p": 58, "v": 114}], "pos": -2.0, "size": 1.0, "_time": 23.9179688}, {"$id": 76, "sounds": [{"d": 0.104894638, "p": 62, "v": 114}], "pos": -1.0, "size": 1.0, "_time": 24.125}, {"$id": 77, "sounds": [{"d": 0.104894638, "p": 65, "v": 114}], "size": 1.0, "_time": 24.3359375, "pos": 0}, {"$id": 78, "sounds": [{"d": 0.104894638, "p": 69, "v": 114}], "pos": 1.0, "size": 1.0, "_time": 24.546875}, {"$id": 79, "sounds": [{"d": 0.104894638, "p": 77, "v": 114}], "pos": 2.0, "size": 1.0, "_time": 24.7539063}, {"$id": 80, "sounds": [{"d": 0.104894638, "p": 76, "v": 114}], "pos": 1.0, "size": 1.0, "_time": 24.9648438}, {"$id": 81, "sounds": [{"d": 0.104894638, "p": 72, "v": 114}], "pos": -1.0, "size": 1.0, "_time": 25.1757813}, {"$id": 82, "sounds": [{"d": 0.104894638, "p": 81, "v": 114}], "pos": -2.0, "size": 0.9, "_time": 26.015625}, {"$id": 83, "sounds": [{"d": 0.104894638, "p": 82, "v": 114}], "pos": -1.5, "size": 0.9, "_time": 26.2226563}, {"$id": 84, "sounds": [{"d": 0.104894638, "p": 84, "v": 114}], "pos": -1.0, "size": 0.9, "_time": 26.4335938}, {"$id": 85, "sounds": [{"d": 0.104894638, "p": 88, "v": 114}], "pos": 0.5, "size": 1.0, "_time": 26.6445313}, {"$id": 86, "sounds": [{"d": 0.209789276, "p": 89, "v": 114}], "pos": 1.0, "size": 1.0, "_time": 26.8515625}, {"$id": 87, "sounds": [{"d": 0.209789276, "p": 91, "v": 114}], "pos": 2.0, "size": 1.0, "_time": 27.6914063}, {"$id": 88, "sounds": [{"d": 0.209789276, "p": 89, "v": 114}], "pos": 1.0, "size": 1.0, "_time": 28.53125}, {"$id": 89, "sounds": [{"d": 3.35664177, "p": 65, "v": 127}], "pos": 1.0, "size": 1.0, "_time": 30.2109375}, {"$id": 90, "sounds": [{"d": 3.35664177, "p": 58, "v": 127}, {"d": 3.35664177, "p": 62, "v": 127}], "pos": -1.5, "size": 1.70000017, "_time": 30.2109375}, {"$id": 91, "sounds": [{"d": 0.209789276, "p": 74, "v": 126}], "pos": -1.0, "size": 1.0, "_time": 30.8398438}, {"$id": 92, "sounds": [{"d": 0.209789276, "p": 77, "v": 126}], "size": 1.0, "_time": 31.0507813, "pos": 0}, {"$id": 93, "sounds": [{"d": 0.209789276, "p": 81, "v": 126}], "pos": 1.0, "size": 1.0, "_time": 31.2578125}, {"$id": 94, "sounds": [{"d": 0.41958046, "p": 86, "v": 126}], "pos": 2.0, "size": 1.0, "_time": 31.46875}, {"$id": 95, "sounds": [{"d": 0.41958046, "p": 84, "v": 126}], "pos": 1.0, "size": 1.0, "_time": 31.8867188}, {"$id": 96, "sounds": [{"d": 0.209789276, "p": 81, "v": 126}], "pos": -1.0, "size": 1.0, "_time": 32.9375}, {"$id": 97, "sounds": [{"d": 0.419578552, "p": 82, "v": 126}], "size": 1.0, "_time": 33.1484375, "pos": 0}, {"$id": 98, "sounds": [{"d": 1.67832184, "p": 57, "v": 127}, {"d": 1.67832184, "p": 60, "v": 127}], "pos": -1.0, "size": 1.80000019, "_time": 33.5664063}, {"$id": 99, "sounds": [{"d": 1.67832184, "p": 64, "v": 127}], "pos": 1.0, "size": 1.0, "_time": 33.5664063}, {"$id": 100, "sounds": [{"d": 0.629371643, "p": 84, "v": 126}], "pos": 2.0, "size": 1.0, "_time": 33.6015625}, {"$id": 101, "sounds": [{"d": 0.419578552, "p": 82, "v": 126}], "pos": 0.5, "size": 1.0, "_time": 34.1953125}, {"$id": 102, "sounds": [{"d": 0.419578552, "p": 81, "v": 126}], "pos": -0.5, "size": 1.0, "_time": 34.82422}, {"$id": 103, "sounds": [{"d": 1.67832184, "p": 65, "v": 127}, {"d": 1.67832184, "p": 62, "v": 127}], "pos": -1.0, "size": 1.60000014, "_time": 35.2460938}, {"$id": 104, "sounds": [{"d": 0.419578552, "p": 79, "v": 126}, {"d": 1.67832184, "p": 69, "v": 127}], "pos": 1.5, "size": 1.80000019, "_time": 35.2460938}, {"$id": 105, "sounds": [{"d": 0.419578552, "p": 77, "v": 126}], "pos": 1.0, "size": 1.0, "_time": 35.6640625}, {"$id": 106, "sounds": [{"d": 0.419578552, "p": 76, "v": 126}], "pos": -0.5, "size": 1.0, "_time": 36.08203}, {"$id": 107, "sounds": [{"d": 0.419578552, "p": 77, "v": 126}], "pos": 1.0, "size": 1.0, "_time": 36.5039063}, {"$id": 108, "sounds": [{"d": 1.67832184, "p": 62, "v": 127}, {"d": 1.67832184, "p": 58, "v": 127}], "pos": 0.5, "size": 1.60000014, "_time": 36.921875}, {"$id": 109, "sounds": [{"d": 0.419578552, "p": 74, "v": 126}, {"d": 1.67832184, "p": 55, "v": 127}], "pos": -1.5, "size": 1.70000017, "_time": 36.921875}, {"$id": 110, "sounds": [{"d": 0.209789276, "p": 74, "v": 126}], "pos": -1.5, "size": 1.0, "_time": 37.9726563}, {"$id": 111, "sounds": [{"d": 0.209789276, "p": 77, "v": 126}], "size": 1.0, "_time": 38.1835938, "pos": 0}, {"$id": 112, "sounds": [{"d": 0.209789276, "p": 81, "v": 126}], "pos": 1.0, "size": 1.0, "_time": 38.390625}, {"$id": 113, "sounds": [{"d": 1.67832184, "p": 57, "v": 127}, {"d": 1.67832184, "p": 61, "v": 127}, {"d": 1.67832184, "p": 64, "v": 127}], "pos": -1.5, "size": 1.70000017, "_time": 38.6015625}, {"$id": 114, "sounds": [{"d": 0.419578552, "p": 82, "v": 126}], "pos": 2.0, "size": 1.0, "_time": 38.6015625}, {"$id": 115, "sounds": [{"d": 0.419578552, "p": 81, "v": 126}], "pos": 1.0, "size": 1.0, "_time": 39.01953}, {"$id": 116, "sounds": [{"d": 0.419578552, "p": 79, "v": 126}], "size": 1.0, "_time": 39.4414063, "pos": 0}, {"$id": 117, "sounds": [{"d": 0.419578552, "p": 76, "v": 126}], "pos": -1.5, "size": 1.0, "_time": 39.859375}, {"$id": 118, "sounds": [{"d": 0.8391609, "p": 65, "v": 127}, {"d": 0.8391609, "p": 62, "v": 127}, {"d": 0.8391609, "p": 69, "v": 127}], "pos": -1.5, "size": 1.50000012, "_time": 40.28125}, {"$id": 119, "sounds": [{"d": 0.419578552, "p": 77, "v": 126}], "pos": 1.5, "size": 1.0, "_time": 40.28125}, {"$id": 120, "sounds": [{"d": 0.209789276, "p": 76, "v": 126}], "pos": 1.0, "size": 1.0, "_time": 40.69922}, {"$id": 121, "sounds": [{"d": 0.209789276, "p": 72, "v": 126}], "size": 1.0, "_time": 40.9101563, "pos": 0}, {"$id": 122, "sounds": [{"d": 0.8391609, "p": 69, "v": 127}, {"d": 0.8391609, "p": 65, "v": 127}], "pos": -1.5, "size": 1.60000014, "_time": 41.1171875}, {"$id": 123, "sounds": [{"d": 0.8391609, "p": 61, "v": 127}], "pos": 1.0, "size": 1.2, "_time": 41.1171875}, {"$id": 124, "sounds": [{"d": 0.209789276, "p": 70, "v": 126}], "pos": -0.5, "size": 1.0, "_time": 41.328125}, {"$id": 125, "sounds": [{"d": 0.209789276, "p": 69, "v": 126}], "pos": -1.5, "size": 1.0, "_time": 41.5390625}, {"$id": 126, "sounds": [{"d": 0.209789276, "p": 70, "v": 126}], "pos": -0.5, "size": 1.0, "_time": 41.75}, {"$id": 127, "sounds": [{"d": 0.8391609, "p": 60, "v": 127}, {"d": 0.8391609, "p": 67, "v": 127}, {"d": 0.8391609, "p": 63, "v": 127}], "pos": -1.0, "size": 1.50000012, "_time": 41.95703}, {"$id": 128, "sounds": [{"d": 0.209789276, "p": 72, "v": 126}], "pos": 1.0, "size": 1.2, "_time": 41.95703}, {"$id": 129, "sounds": [{"d": 0.209789276, "p": 77, "v": 126}], "pos": 1.0, "size": 1.0, "_time": 42.3789063}, {"$id": 130, "sounds": [{"d": 0.8391609, "p": 60, "v": 127}, {"d": 0.8391609, "p": 69, "v": 127}, {"d": 0.8391609, "p": 65, "v": 127}], "pos": -0.5, "size": 1.60000014, "_time": 42.796875}, {"$id": 131, "sounds": [{"d": 0.209789276, "p": 79, "v": 126}], "pos": 2.0, "size": 1.0, "_time": 42.796875}, {"$id": 132, "sounds": [{"d": 0.209789276, "p": 77, "v": 126}], "pos": 0.5, "size": 1.0, "_time": 43.2148438}, {"$id": 133, "sounds": [{"d": 3.35663986, "p": 62, "v": 127}, {"d": 3.35663986, "p": 65, "v": 127}, {"d": 3.35663986, "p": 58, "v": 127}], "pos": -1.5, "size": 1.70000017, "_time": 43.63672}, {"$id": 134, "sounds": [{"d": 0.209789276, "p": 84, "v": 126}], "pos": 2.0, "size": 1.0, "_time": 43.63672}, {"$id": 135, "sounds": [{"d": 0.209789276, "p": 77, "v": 126}], "size": 1.0, "_time": 44.0546875, "pos": 0}, {"$id": 136, "sounds": [{"d": 0.209789276, "p": 76, "v": 126}], "pos": -1.0, "size": 1.0, "_time": 44.4765625}, {"$id": 137, "sounds": [{"d": 0.209789276, "p": 77, "v": 126}], "size": 1.0, "_time": 44.89453, "pos": 0}, {"$id": 138, "sounds": [{"d": 0.209789276, "p": 84, "v": 126}], "pos": 2.0, "size": 1.0, "_time": 45.3164063}, {"$id": 139, "sounds": [{"d": 0.209789276, "p": 82, "v": 126}], "pos": 1.0, "size": 1.0, "_time": 45.734375}, {"$id": 140, "sounds": [{"d": 0.209789276, "p": 81, "v": 127}], "size": 1.0, "_time": 46.1523438, "pos": 0}, {"$id": 141, "sounds": [{"d": 0.209789276, "p": 77, "v": 127}], "pos": 1.5, "size": 1.0, "_time": 46.57422}, {"$id": 142, "sounds": [{"d": 0.209789276, "p": 76, "v": 127}], "pos": 0.5, "size": 1.0, "_time": 46.78125}, {"$id": 143, "sounds": [{"d": 1.67832184, "p": 64, "v": 127}, {"d": 1.67832184, "p": 60, "v": 127}, {"d": 1.67832184, "p": 57, "v": 127}], "pos": -1.5, "size": 1.70000017, "_time": 46.9921875}, {"$id": 144, "sounds": [{"d": 0.209789276, "p": 72, "v": 127}], "size": 0.799999952, "_time": 46.9921875, "pos": 0}, {"$id": 145, "sounds": [{"d": 0.209789276, "p": 84, "v": 127}], "size": 1.0, "_time": 47.4140625, "pos": 0}, {"$id": 146, "sounds": [{"d": 0.209789276, "p": 88, "v": 127}], "pos": 1.0, "size": 1.0, "_time": 47.6210938}, {"$id": 147, "sounds": [{"d": 0.209789276, "p": 89, "v": 127}], "pos": 1.5, "size": 1.0, "_time": 48.04297}, {"$id": 148, "sounds": [{"d": 0.209789276, "p": 84, "v": 127}], "pos": -0.5, "size": 1.0, "_time": 48.4609375}, {"$id": 149, "sounds": [{"d": 1.67832184, "p": 65, "v": 127}, {"d": 1.67832184, "p": 62, "v": 127}, {"d": 1.67832184, "p": 69, "v": 127}], "pos": -0.5, "size": 1.70000017, "_time": 48.671875}, {"$id": 150, "sounds": [{"d": 0.209789276, "p": 91, "v": 127}], "pos": 2.0, "size": 1.0, "_time": 48.671875}, {"$id": 151, "sounds": [{"d": 0.209789276, "p": 89, "v": 127}], "pos": 1.0, "size": 1.0, "_time": 49.0898438}, {"$id": 152, "sounds": [{"d": 0.209789276, "p": 88, "v": 127}], "size": 1.0, "_time": 49.51172, "pos": 0}, {"$id": 153, "sounds": [{"d": 0.209789276, "p": 84, "v": 127}], "pos": -1.0, "size": 1.0, "_time": 49.9296875}, {"$id": 154, "sounds": [{"d": 0.109268188, "p": 88, "v": 127}], "pos": 1.5, "size": 1.0, "_time": 50.296875}, {"$id": 155, "sounds": [{"d": 0.209793091, "p": 89, "v": 127}], "pos": 2.0, "size": 1.0, "_time": 50.3476563}, {"$id": 156, "sounds": [{"d": 1.67832184, "p": 58, "v": 127}, {"d": 1.67832184, "p": 55, "v": 127}, {"d": 1.67832184, "p": 62, "v": 127}], "pos": -1.0, "size": 1.70000017, "_time": 50.3515625}, {"$id": 157, "sounds": [{"d": 0.209789276, "p": 84, "v": 127}], "pos": 1.5, "size": 1.0, "_time": 51.1875}, {"$id": 158, "sounds": [{"d": 0.209789276, "p": 82, "v": 127}], "pos": 1.0, "size": 1.0, "_time": 52.0273438}, {"$id": 159, "sounds": [{"d": 1.67832184, "p": 61, "v": 127}, {"d": 1.67832184, "p": 57, "v": 127}, {"d": 1.67832184, "p": 64, "v": 127}], "pos": -1.0, "size": 1.30000007, "_time": 52.0273438}, {"$id": 160, "sounds": [{"d": 0.209789276, "p": 81, "v": 127}], "pos": 0.5, "size": 1.0, "_time": 52.44922}, {"$id": 161, "sounds": [{"d": 0.209789276, "p": 79, "v": 127}], "size": 1.0, "_time": 52.8671875, "pos": 0}, {"$id": 162, "sounds": [{"d": 0.209789276, "p": 76, "v": 127}], "pos": -0.5, "size": 1.0, "_time": 53.2851563}, {"$id": 163, "sounds": [{"d": 0.419578552, "p": 38, "v": 127}], "pos": -2.0, "size": 1.0, "_time": 53.70703}, {"$id": 164, "sounds": [{"d": 0.209789276, "p": 77, "v": 127}], "pos": 1.0, "size": 1.0, "_time": 54.125}, {"$id": 165, "sounds": [{"d": 0.209789276, "p": 57, "v": 127}, {"d": 0.419578552, "p": 50, "v": 127}, {"d": 0.419578552, "p": 53, "v": 127}], "pos": -1.0, "size": 1.70000017, "_time": 54.125}, {"$id": 166, "sounds": [{"d": 0.209789276, "p": 62, "v": 127}], "size": 1.0, "_time": 54.3359375, "pos": 0}, {"$id": 167, "sounds": [{"d": 0.209789276, "p": 37, "v": 127}], "pos": -2.0, "size": 1.0, "_time": 54.546875}, {"$id": 168, "sounds": [{"d": 0.209789276, "p": 79, "v": 127}], "pos": 1.5, "size": 1.0, "_time": 54.546875}, {"$id": 169, "sounds": [{"d": 0.419578552, "p": 53, "v": 127}, {"d": 0.419578552, "p": 57, "v": 127}, {"d": 0.419578552, "p": 49, "v": 127}], "pos": -0.5, "size": 1.70000017, "_time": 54.7539063}, {"$id": 170, "sounds": [{"d": 0.209789276, "p": 77, "v": 127}], "pos": 1.0, "size": 1.0, "_time": 54.9648438}, {"$id": 171, "sounds": [{"d": 0.209789276, "p": 37, "v": 127}], "pos": -2.0, "size": 1.0, "_time": 55.17578}, {"$id": 172, "sounds": [{"d": 0.209789276, "p": 36, "v": 127}], "pos": -2.0, "size": 1.0, "_time": 55.3828125}, {"$id": 173, "sounds": [{"d": 0.209789276, "p": 81, "v": 127}], "pos": 2.0, "size": 1.0, "_time": 55.3828125}, {"$id": 174, "sounds": [{"d": 0.419578552, "p": 51, "v": 127}, {"d": 0.419578552, "p": 48, "v": 127}, {"d": 0.419578552, "p": 57, "v": 127}], "pos": -1.0, "size": 1.0, "_time": 55.59375}, {"$id": 175, "sounds": [{"d": 0.209789276, "p": 79, "v": 127}], "pos": 1.0, "size": 1.0, "_time": 55.8046875}, {"$id": 176, "sounds": [{"d": 0.209789276, "p": 67, "v": 127}], "size": 1.0, "_time": 56.015625, "pos": 0}, {"$id": 177, "sounds": [{"d": 0.209789276, "p": 77, "v": 127}], "pos": 0.5, "size": 1.0, "_time": 56.2226563}, {"$id": 178, "sounds": [{"d": 0.419578552, "p": 41, "v": 127}, {"d": 0.419578552, "p": 48, "v": 127}, {"d": 0.419578552, "p": 53, "v": 127}, {"d": 0.419578552, "p": 57, "v": 127}], "pos": -1.5, "size": 1.80000019, "_time": 56.2226563}, {"$id": 179, "sounds": [{"d": 0.419578552, "p": 29, "v": 127}], "pos": -1.5, "size": 1.2, "_time": 56.64453}, {"$id": 180, "sounds": [{"d": 0.209789276, "p": 76, "v": 127}], "size": 1.0, "_time": 56.64453, "pos": 0}, {"$id": 181, "sounds": [{"d": 5.244751, "p": 34, "v": 127}], "pos": -1.0, "size": 1.2, "_time": 57.0625}, {"$id": 182, "sounds": [{"d": 0.209789276, "p": 77, "v": 127}], "pos": 2.0, "size": 1.0, "_time": 57.0625}, {"$id": 183, "pos": -2.0, "size": 1.0, "_time": 57.3789063}, {"$id": 184, "pos": 1.0, "size": 1.0, "_time": 57.6914063}, {"$id": 185, "pos": -2.0, "size": 1.0, "_time": 58.0078125}, {"$id": 186, "pos": -1.0, "size": 1.0, "_time": 58.3203125}, {"$id": 187, "size": 1.0, "_time": 58.53125, "pos": 0}, {"$id": 188, "pos": 1.0, "size": 1.0, "_time": 58.7421875}, {"$id": 189, "pos": -2.0, "size": 1.0, "_time": 59.0546875}, {"$id": 190, "pos": 1.0, "size": 1.0, "_time": 59.3710938}, {"$id": 191, "pos": -2.0, "size": 1.0, "_time": 59.6835938}, {"$id": 192, "pos": 1.0, "size": 1.0, "_time": 60.0}, {"$id": 193, "pos": 2.0, "size": 1.0, "_time": 60.2109375}, {"$id": 194, "pos": 1.0, "size": 1.0, "_time": 60.41797}, {"$id": 195, "pos": -1.0, "size": 1.0, "_time": 60.734375}, {"$id": 196, "pos": 1.0, "size": 1.0, "_time": 61.05078}, {"$id": 197, "pos": 1.0, "size": 1.0, "_time": 61.36328}, {"$id": 198, "size": 1.0, "_time": 61.6796875, "pos": 0}, {"$id": 199, "pos": -0.5, "size": 1.0, "_time": 61.88672}, {"$id": 200, "pos": -1.0, "size": 1.0, "_time": 62.0976563}, {"$id": 201, "pos": -2.0, "size": 1.0, "_time": 62.4140625}, {"$id": 202, "pos": -1.0, "size": 1.0, "_time": 62.7265625}, {"$id": 203, "size": 1.0, "_time": 63.04297, "pos": 0}, {"$id": 204, "pos": 1.0, "size": 1.0, "_time": 63.35547}, {"$id": 205, "pos": -0.5, "size": 1.0, "_time": 63.5664063}, {"$id": 206, "pos": -1.5, "size": 1.0, "_time": 63.671875}, {"$id": 207, "pos": -0.5, "size": 1.0, "_time": 63.7773438}, {"$id": 208, "pos": -1.5, "size": 1.0, "_time": 64.08984}, {"$id": 209, "pos": -0.5, "size": 1.0, "_time": 64.40625}, {"$id": 210, "pos": 0.5, "size": 1.0, "_time": 64.71875}, {"$id": 211, "pos": 0.5, "size": 1.0, "_time": 65.03516}, {"$id": 212, "pos": 1.5, "size": 1.0, "_time": 65.24609}, {"$id": 213, "pos": 2.0, "size": 1.0, "_time": 65.453125}, {"$id": 214, "pos": 1.5, "size": 1.0, "_time": 65.76953}, {"$id": 215, "pos": 1.0, "size": 1.0, "_time": 66.08594}, {"$id": 216, "size": 1.0, "_time": 66.39844, "pos": 0}, {"$id": 217, "pos": -1.0, "size": 1.0, "_time": 66.71484}, {"$id": 218, "pos": -2.0, "size": 1.0, "_time": 66.921875}, {"$id": 219, "pos": -1.0, "size": 1.0, "_time": 67.13281}, {"$id": 220, "pos": -2.0, "size": 1.0, "_time": 67.44922}, {"$id": 221, "pos": -1.0, "size": 1.0, "_time": 67.76172}, {"$id": 222, "pos": 0.5, "size": 1.0, "_time": 68.078125}, {"$id": 223, "pos": -1.0, "size": 1.0, "_time": 68.390625}, {"$id": 224, "pos": 1.5, "size": 1.0, "_time": 68.60156}, {"$id": 225, "pos": 0.5, "size": 1.0, "_time": 68.8125}, {"$id": 226, "size": 1.0, "_time": 69.125, "pos": 0}, {"$id": 227, "pos": -1.0, "size": 1.0, "_time": 69.44141}, {"$id": 228, "sounds": [{"d": 0.104896545, "p": 77, "v": 122}], "pos": -1.5, "size": 1.0, "_time": 69.859375}, {"$id": 229, "sounds": [{"d": 0.104896545, "p": 84, "v": 122}], "pos": 2.0, "size": 1.0, "_time": 70.07031}, {"$id": 230, "sounds": [{"d": 0.104896545, "p": 82, "v": 122}], "pos": 1.0, "size": 1.0, "_time": 70.28125}, {"$id": 231, "sounds": [{"d": 0.104896545, "p": 81, "v": 122}], "size": 1.0, "_time": 70.48828, "pos": 0}, {"$id": 232, "sounds": [{"d": 0.104896545, "p": 76, "v": 122}], "pos": -2.0, "size": 1.0, "_time": 71.53906}, {"$id": 233, "sounds": [{"d": 0.104896545, "p": 77, "v": 122}], "pos": -1.0, "size": 1.0, "_time": 71.75}, {"$id": 234, "sounds": [{"d": 0.104896545, "p": 79, "v": 122}], "size": 1.0, "_time": 71.95703, "pos": 0}, {"$id": 235, "sounds": [{"d": 0.104896545, "p": 81, "v": 122}], "pos": 1.0, "size": 1.0, "_time": 72.16797}, {"$id": 236, "sounds": [{"d": 0.104896545, "p": 79, "v": 122}], "size": 1.0, "_time": 72.796875, "pos": 0}, {"$id": 237, "sounds": [{"d": 0.104896545, "p": 76, "v": 122}], "pos": -2.0, "size": 1.0, "_time": 73.21484}, {"$id": 238, "sounds": [{"d": 0.104896545, "p": 77, "v": 122}], "pos": -1.0, "size": 1.0, "_time": 73.63672}, {"$id": 239, "sounds": [{"d": 0.104896545, "p": 79, "v": 122}], "size": 1.0, "_time": 73.84766, "pos": 0}, {"$id": 240, "sounds": [{"d": 0.104896545, "p": 81, "v": 122}], "pos": 1.0, "size": 1.0, "_time": 74.265625}, {"$id": 241, "sounds": [{"d": 0.104896545, "p": 82, "v": 122}], "pos": 2.0, "size": 1.0, "_time": 74.47656}, {"$id": 242, "sounds": [{"d": 0.104896545, "p": 81, "v": 122}], "pos": 1.0, "size": 1.0, "_time": 74.89453}, {"$id": 243, "sounds": [{"d": 0.104896545, "p": 77, "v": 122}], "pos": -1.0, "size": 1.0, "_time": 75.31641}, {"$id": 244, "sounds": [{"d": 0.104896545, "p": 81, "v": 122}], "size": 1.0, "_time": 76.36328, "pos": 0}, {"$id": 245, "sounds": [{"d": 0.104896545, "p": 82, "v": 122}], "pos": 1.0, "size": 1.0, "_time": 76.78125}, {"$id": 246, "sounds": [{"d": 0.104896545, "p": 84, "v": 122}], "pos": 2.0, "size": 1.0, "_time": 77.203125}, {"$id": 247, "sounds": [{"d": 0.08740997, "p": 81, "v": 111}], "size": 1.0, "_time": 78.25, "pos": 0}, {"$id": 248, "sounds": [{"d": 0.08740997, "p": 82, "v": 111}], "pos": 1.0, "size": 1.0, "_time": 78.44531}, {"$id": 249, "sounds": [{"d": 0.104896545, "p": 84, "v": 111}], "pos": 2.0, "size": 1.0, "_time": 78.671875}, {"$id": 250, "sounds": [{"d": 0.104896545, "p": 81, "v": 114}], "pos": -1.5, "size": 1.0, "_time": 79.51172}, {"$id": 251, "sounds": [{"d": 0.104896545, "p": 82, "v": 114}], "pos": -0.5, "size": 1.0, "_time": 79.61719}, {"$id": 252, "sounds": [{"d": 0.104896545, "p": 84, "v": 114}], "pos": 0.5, "size": 1.0, "_time": 79.71875}, {"$id": 253, "sounds": [{"d": 0.104896545, "p": 84, "v": 122}], "pos": -1.0, "size": 1.0, "_time": 80.34766}, {"$id": 254, "sounds": [{"d": 0.104896545, "p": 88, "v": 122}], "size": 1.0, "_time": 80.453125, "pos": 0}, {"$id": 255, "sounds": [{"d": 0.104896545, "p": 89, "v": 122}], "pos": 1.0, "size": 1.0, "_time": 80.55859}, {"$id": 256, "sounds": [{"d": 0.104896545, "p": 93, "v": 114}], "size": 1.0, "_time": 80.98047, "pos": 0}, {"$id": 257, "sounds": [{"d": 0.104896545, "p": 94, "v": 114}], "pos": 1.0, "size": 1.0, "_time": 81.1875}, {"$id": 258, "sounds": [{"d": 0.104896545, "p": 96, "v": 112}], "pos": 2.0, "size": 1.0, "_time": 81.609375}, {"$id": 259, "sounds": [{"d": 0.104896545, "p": 93, "v": 112}], "size": 1.0, "_time": 81.81641, "pos": 0}, {"$id": 260, "sounds": [{"d": 0.104896545, "p": 94, "v": 112}], "pos": 1.0, "size": 1.0, "_time": 82.02734}, {"$id": 261, "sounds": [{"d": 0.104896545, "p": 96, "v": 114}], "pos": 2.0, "size": 1.0, "_time": 82.23828}, {"$id": 262, "sounds": [{"d": 0.104896545, "p": 96, "v": 113}], "pos": 2.0, "size": 1.2, "_time": 83.078125}, {"$id": 263, "sounds": [{"d": 0.104896545, "p": 94, "v": 113}], "pos": 1.5, "size": 1.2, "_time": 83.18359}, {"$id": 264, "sounds": [{"d": 0.104896545, "p": 93, "v": 113}], "pos": 1.0, "size": 1.2, "_time": 83.28516}, {"$id": 265, "sounds": [{"d": 0.104896545, "p": 89, "v": 113}], "pos": 0.5, "size": 1.2, "_time": 83.390625}, {"$id": 266, "sounds": [{"d": 0.104896545, "p": 88, "v": 113}], "size": 1.2, "_time": 83.49609, "pos": 0}, {"$id": 267, "sounds": [{"d": 0.104896545, "p": 84, "v": 113}], "pos": -0.5, "size": 1.2, "_time": 83.60156}, {"$id": 268, "sounds": [{"d": 0.104896545, "p": 82, "v": 113}], "pos": -1.0, "size": 1.2, "_time": 83.70703}, {"$id": 269, "sounds": [{"d": 0.104896545, "p": 81, "v": 113}], "pos": -1.5, "size": 1.2, "_time": 83.8125}, {"$id": 270, "sounds": [{"d": 0.104896545, "p": 77, "v": 113}], "pos": 0.5, "size": 1.0, "_time": 83.91406}, {"$id": 271, "sounds": [{"d": 3.35664368, "p": 65, "v": 124}, {"d": 3.35664368, "p": 58, "v": 124}, {"d": 3.35664368, "p": 62, "v": 124}], "pos": -2.0, "size": 1.60000014, "_time": 83.91406}, {"$id": 272, "sounds": [{"d": 0.209793091, "p": 101, "v": 94}], "pos": 2.0, "size": 1.0, "_time": 84.125}, {"$id": 273, "sounds": [{"d": 0.209793091, "p": 100, "v": 93}], "pos": 1.0, "size": 1.0, "_time": 84.33594}, {"$id": 274, "sounds": [{"d": 0.209793091, "p": 96, "v": 93}], "size": 1.0, "_time": 84.546875, "pos": 0}, {"$id": 275, "sounds": [{"d": 0.209793091, "p": 93, "v": 92}], "pos": -2.0, "size": 1.0, "_time": 84.96484}, {"$id": 276, "sounds": [{"d": 0.209793091, "p": 94, "v": 92}], "pos": -1.0, "size": 1.0, "_time": 85.17578}, {"$id": 277, "sounds": [{"d": 0.209793091, "p": 96, "v": 92}], "size": 1.0, "_time": 85.38281, "pos": 0}, {"$id": 278, "sounds": [{"d": 0.209793091, "p": 84, "v": 101}], "pos": 1.0, "size": 1.0, "_time": 86.015625}, {"$id": 279, "sounds": [{"d": 0.209793091, "p": 82, "v": 101}], "size": 1.0, "_time": 86.43359, "pos": 0}, {"$id": 280, "sounds": [{"d": 0.209793091, "p": 81, "v": 101}], "pos": -1.0, "size": 1.0, "_time": 86.85156}, {"$id": 281, "sounds": [{"d": 0.209793091, "p": 77, "v": 101}], "size": 1.0, "_time": 87.0625, "pos": 0}, {"$id": 282, "sounds": [{"d": 1.67832184, "p": 57, "v": 124}, {"d": 1.67832184, "p": 64, "v": 124}, {"d": 1.67832184, "p": 60, "v": 124}], "pos": -1.0, "size": 1.4000001, "_time": 87.27344}, {"$id": 283, "sounds": [{"d": 0.209793091, "p": 101, "v": 90}], "pos": 1.0, "size": 1.0, "_time": 87.484375}, {"$id": 284, "sounds": [{"d": 0.209793091, "p": 100, "v": 90}], "size": 1.0, "_time": 87.69141, "pos": 0}, {"$id": 285, "sounds": [{"d": 0.209793091, "p": 96, "v": 90}], "pos": -1.0, "size": 1.0, "_time": 87.90234}, {"$id": 286, "sounds": [{"d": 0.209793091, "p": 103, "v": 91}], "pos": 2.0, "size": 1.0, "_time": 88.32031}, {"$id": 287, "sounds": [{"d": 0.209793091, "p": 101, "v": 91}], "pos": 1.0, "size": 1.0, "_time": 88.53125}, {"$id": 288, "sounds": [{"d": 0.209793091, "p": 100, "v": 92}], "size": 1.0, "_time": 88.74219, "pos": 0}, {"$id": 289, "sounds": [{"d": 1.67832184, "p": 62, "v": 124}, {"d": 1.67832184, "p": 65, "v": 124}, {"d": 1.67832184, "p": 57, "v": 124}], "pos": -1.5, "size": 1.50000012, "_time": 88.94922}, {"$id": 290, "sounds": [{"d": 0.209793091, "p": 84, "v": 101}], "pos": 1.0, "size": 1.0, "_time": 89.37109}, {"$id": 291, "sounds": [{"d": 0.209793091, "p": 82, "v": 101}], "size": 1.0, "_time": 89.78906, "pos": 0}, {"$id": 292, "sounds": [{"d": 0.209793091, "p": 81, "v": 101}], "pos": -1.0, "size": 1.0, "_time": 90.21094}, {"$id": 293, "sounds": [{"d": 0.209793091, "p": 89, "v": 101}], "size": 1.0, "_time": 90.41797, "pos": 0}, {"$id": 294, "sounds": [{"d": 1.67832184, "p": 55, "v": 124}, {"d": 1.67832184, "p": 62, "v": 124}, {"d": 1.67832184, "p": 58, "v": 124}], "pos": -2.0, "size": 1.4000001, "_time": 90.62891}, {"$id": 295, "sounds": [{"d": 0.209793091, "p": 81, "v": 80}], "pos": -1.5, "size": 1.0, "_time": 91.05078}, {"$id": 296, "sounds": [{"d": 0.209793091, "p": 93, "v": 101}], "pos": 0.5, "size": 1.0, "_time": 91.05078}, {"$id": 297, "sounds": [{"d": 0.209793091, "p": 82, "v": 80}], "pos": -1.0, "size": 1.0, "_time": 91.46875}, {"$id": 298, "sounds": [{"d": 0.209793091, "p": 94, "v": 101}], "pos": 1.0, "size": 1.0, "_time": 91.46875}, {"$id": 299, "sounds": [{"d": 0.209793091, "p": 81, "v": 80}], "pos": -1.5, "size": 1.0, "_time": 91.88672}, {"$id": 300, "sounds": [{"d": 0.209793091, "p": 93, "v": 101}], "pos": 0.5, "size": 1.0, "_time": 91.88672}, {"$id": 301, "sounds": [{"d": 0.209793091, "p": 96, "v": 101}], "pos": 2.0, "size": 1.0, "_time": 92.09766}, {"$id": 302, "sounds": [{"d": 0.209793091, "p": 84, "v": 80}], "size": 1.0, "_time": 92.09766, "pos": 0}, {"$id": 303, "sounds": [{"d": 1.67832184, "p": 64, "v": 124}, {"d": 1.67832184, "p": 61, "v": 124}, {"d": 1.67832184, "p": 57, "v": 124}], "pos": -1.0, "size": 1.4000001, "_time": 92.30859}, {"$id": 304, "sounds": [{"d": 0.209793091, "p": 82, "v": 80}], "pos": -0.5, "size": 1.0, "_time": 92.72656}, {"$id": 305, "sounds": [{"d": 0.209793091, "p": 94, "v": 101}], "pos": 1.5, "size": 1.0, "_time": 92.72656}, {"$id": 306, "sounds": [{"d": 0.209793091, "p": 81, "v": 80}], "pos": -1.0, "size": 1.0, "_time": 93.14844}, {"$id": 307, "sounds": [{"d": 0.209793091, "p": 93, "v": 101}], "pos": 1.0, "size": 1.0, "_time": 93.14844}, {"$id": 308, "sounds": [{"d": 0.209793091, "p": 76, "v": 80}], "pos": -2.0, "size": 1.0, "_time": 93.56641}, {"$id": 309, "sounds": [{"d": 0.209793091, "p": 88, "v": 101}], "size": 1.0, "_time": 93.56641, "pos": 0}, {"$id": 310, "sounds": [{"d": 0.8391571, "p": 65, "v": 124}, {"d": 0.8391571, "p": 57, "v": 124}, {"d": 0.8391571, "p": 62, "v": 124}], "pos": -0.5, "size": 1.30000007, "_time": 93.984375}, {"$id": 311, "sounds": [{"d": 0.209793091, "p": 77, "v": 80}, {"d": 0.209793091, "p": 89, "v": 101}], "pos": 1.5, "size": 1.30000007, "_time": 93.984375}, {"$id": 312, "sounds": [{"d": 0.209793091, "p": 74, "v": 80}], "pos": -1.5, "size": 1.0, "_time": 94.30078}, {"$id": 313, "sounds": [{"d": 0.209793091, "p": 86, "v": 101}], "pos": 0.5, "size": 1.0, "_time": 94.30078}, {"$id": 314, "sounds": [{"d": 0.209793091, "p": 76, "v": 80}], "pos": -1.0, "size": 1.0, "_time": 94.61719}, {"$id": 315, "sounds": [{"d": 0.209793091, "p": 88, "v": 101}], "pos": 1.0, "size": 1.0, "_time": 94.61719}, {"$id": 316, "sounds": [{"d": 0.8391571, "p": 61, "v": 124}, {"d": 0.8391571, "p": 57, "v": 124}, {"d": 0.8391571, "p": 65, "v": 124}], "pos": -0.5, "size": 1.50000012, "_time": 94.82422}, {"$id": 317, "sounds": [{"d": 0.209793091, "p": 77, "v": 80}, {"d": 0.209793091, "p": 89, "v": 101}], "pos": 1.5, "size": 1.50000012, "_time": 94.82422}, {"$id": 318, "sounds": [{"d": 0.209793091, "p": 79, "v": 80}], "pos": -0.5, "size": 1.0, "_time": 95.24609}, {"$id": 319, "sounds": [{"d": 0.209793091, "p": 91, "v": 101}], "pos": 1.5, "size": 1.0, "_time": 95.24609}, {"$id": 320, "sounds": [{"d": 0.8391571, "p": 60, "v": 124}, {"d": 0.8391571, "p": 67, "v": 124}, {"d": 0.8391571, "p": 63, "v": 124}, {"d": 0.209793091, "p": 72, "v": 80}], "pos": -0.5, "size": 1.60000014, "_time": 95.66406}, {"$id": 321, "sounds": [{"d": 0.209793091, "p": 84, "v": 101}], "pos": 2.0, "size": 1.2, "_time": 95.66406}, {"$id": 322, "sounds": [{"d": 0.209793091, "p": 79, "v": 80}], "size": 1.0, "_time": 96.08203, "pos": 0}, {"$id": 323, "sounds": [{"d": 0.209793091, "p": 91, "v": 101}], "pos": 1.5, "size": 1.0, "_time": 96.08203}, {"$id": 324, "sounds": [{"d": 0.8391571, "p": 65, "v": 124}, {"d": 0.8391571, "p": 60, "v": 124}, {"d": 0.8391571, "p": 69, "v": 124}], "pos": -1.0, "size": 1.60000014, "_time": 96.50391}, {"$id": 325, "sounds": [{"d": 0.209793091, "p": 77, "v": 80}, {"d": 0.209793091, "p": 89, "v": 101}], "pos": 1.0, "size": 1.4000001, "_time": 96.50391}, {"$id": 326, "sounds": [{"d": 0.209793091, "p": 76, "v": 80}], "pos": -2.0, "size": 1.0, "_time": 96.921875}, {"$id": 327, "sounds": [{"d": 0.209793091, "p": 88, "v": 101}], "size": 1.0, "_time": 96.921875, "pos": 0}, {"$id": 328, "sounds": [{"d": 0.209793091, "p": 89, "v": 101}], "pos": 0.5, "size": 1.0, "_time": 97.13281}, {"$id": 329, "sounds": [{"d": 0.209793091, "p": 77, "v": 79}], "pos": -1.5, "size": 1.0, "_time": 97.13281}, {"$id": 330, "sounds": [{"d": 3.35664368, "p": 65, "v": 124}, {"d": 3.35664368, "p": 62, "v": 124}, {"d": 3.35664368, "p": 58, "v": 124}], "pos": -0.5, "size": 1.60000014, "_time": 97.34375}, {"$id": 331, "sounds": [{"d": 0.209793091, "p": 96, "v": 101}, {"d": 0.209793091, "p": 84, "v": 101}], "pos": 1.5, "size": 1.30000007, "_time": 97.34375}, {"$id": 332, "sounds": [{"d": 0.209793091, "p": 101, "v": 94}], "pos": 2.0, "size": 1.0, "_time": 97.55078}, {"$id": 333, "sounds": [{"d": 0.209793091, "p": 100, "v": 93}], "pos": 1.5, "size": 1.0, "_time": 97.76172}, {"$id": 334, "sounds": [{"d": 0.209793091, "p": 96, "v": 93}], "pos": 0.5, "size": 1.0, "_time": 97.97266}, {"$id": 335, "sounds": [{"d": 0.209793091, "p": 93, "v": 92}], "pos": -1.0, "size": 1.0, "_time": 98.390625}, {"$id": 336, "sounds": [{"d": 0.209793091, "p": 94, "v": 92}], "size": 1.0, "_time": 98.60156, "pos": 0}, {"$id": 337, "sounds": [{"d": 0.209793091, "p": 96, "v": 92}], "pos": 0.5, "size": 1.0, "_time": 98.8125}, {"$id": 338, "sounds": [{"d": 0.209793091, "p": 84, "v": 101}], "pos": 0.5, "size": 1.0, "_time": 99.44141}, {"$id": 339, "sounds": [{"d": 0.209793091, "p": 82, "v": 101}], "size": 1.0, "_time": 99.859375, "pos": 0}, {"$id": 340, "sounds": [{"d": 0.209793091, "p": 81, "v": 101}], "pos": -1.0, "size": 1.0, "_time": 100.28125}, {"$id": 341, "sounds": [{"d": 0.209793091, "p": 77, "v": 101}], "size": 1.0, "_time": 100.488281, "pos": 0}, {"$id": 342, "sounds": [{"d": 1.67832184, "p": 57, "v": 124}, {"d": 1.67832184, "p": 64, "v": 124}, {"d": 1.67832184, "p": 60, "v": 124}], "pos": -1.5, "size": 1.30000007, "_time": 100.699219}, {"$id": 343, "sounds": [{"d": 0.209793091, "p": 101, "v": 90}], "pos": 1.0, "size": 1.0, "_time": 100.910156}, {"$id": 344, "sounds": [{"d": 0.209793091, "p": 100, "v": 90}], "size": 1.0, "_time": 101.117188, "pos": 0}, {"$id": 345, "sounds": [{"d": 0.209793091, "p": 96, "v": 90}], "pos": -1.0, "size": 1.0, "_time": 101.328125}, {"$id": 346, "sounds": [{"d": 0.209793091, "p": 103, "v": 91}], "pos": 2.0, "size": 1.0, "_time": 101.75}, {"$id": 347, "sounds": [{"d": 0.209793091, "p": 101, "v": 91}], "pos": 1.0, "size": 1.0, "_time": 101.957031}, {"$id": 348, "sounds": [{"d": 0.209793091, "p": 100, "v": 92}], "size": 1.0, "_time": 102.167969, "pos": 0}, {"$id": 349, "sounds": [{"d": 1.67832184, "p": 57, "v": 124}, {"d": 1.67832184, "p": 62, "v": 124}, {"d": 1.67832184, "p": 65, "v": 124}], "pos": -1.5, "size": 1.50000012, "_time": 102.378906}, {"$id": 350, "sounds": [{"d": 0.209793091, "p": 84, "v": 101}], "pos": 1.0, "size": 1.0, "_time": 102.796875}, {"$id": 351, "sounds": [{"d": 0.209793091, "p": 82, "v": 101}], "size": 1.0, "_time": 103.21875, "pos": 0}, {"$id": 352, "sounds": [{"d": 0.209793091, "p": 81, "v": 101}], "pos": -1.0, "size": 1.0, "_time": 103.636719}, {"$id": 353, "sounds": [{"d": 0.209793091, "p": 89, "v": 101}], "pos": -1.5, "size": 1.0, "_time": 103.847656}, {"$id": 354, "sounds": [{"d": 1.67832184, "p": 55, "v": 124}, {"d": 1.67832184, "p": 58, "v": 124}, {"d": 1.67832184, "p": 62, "v": 124}], "pos": -1.5, "size": 1.4000001, "_time": 104.054688}, {"$id": 355, "sounds": [{"d": 0.209793091, "p": 81, "v": 78}], "pos": -1.5, "size": 1.0, "_time": 104.476563}, {"$id": 356, "sounds": [{"d": 0.209793091, "p": 93, "v": 101}], "pos": 0.5, "size": 1.0, "_time": 104.476563}, {"$id": 357, "sounds": [{"d": 0.209793091, "p": 82, "v": 78}], "pos": -1.0, "size": 1.0, "_time": 104.894531}, {"$id": 358, "sounds": [{"d": 0.209793091, "p": 94, "v": 101}], "pos": 1.0, "size": 1.0, "_time": 104.894531}, {"$id": 359, "sounds": [{"d": 0.209793091, "p": 81, "v": 78}], "pos": -1.5, "size": 1.0, "_time": 105.316406}, {"$id": 360, "sounds": [{"d": 0.209793091, "p": 93, "v": 101}], "pos": 0.5, "size": 1.0, "_time": 105.316406}, {"$id": 361, "sounds": [{"d": 1.67832184, "p": 57, "v": 124}, {"d": 0.209793091, "p": 85, "v": 78}, {"d": 1.67832184, "p": 64, "v": 124}, {"d": 1.67832184, "p": 61, "v": 124}], "size": 1.60000014, "_time": 105.734375, "pos": 0}, {"$id": 362, "sounds": [{"d": 0.209793091, "p": 97, "v": 101}], "pos": 2.0, "size": 1.0, "_time": 105.734375}, {"$id": 363, "sounds": [{"d": 0.209793091, "p": 81, "v": 78}], "pos": -1.5, "size": 1.0, "_time": 106.152344}, {"$id": 364, "sounds": [{"d": 0.209793091, "p": 93, "v": 101}], "pos": 0.5, "size": 1.0, "_time": 106.152344}, {"$id": 365, "sounds": [{"d": 0.209793091, "p": 79, "v": 78}], "pos": -2.0, "size": 1.0, "_time": 106.574219}, {"$id": 366, "sounds": [{"d": 0.209793091, "p": 91, "v": 101}], "size": 1.0, "_time": 106.574219, "pos": 0}, {"$id": 367, "sounds": [{"d": 0.209793091, "p": 88, "v": 101}], "pos": -0.5, "size": 1.0, "_time": 106.992188}, {"$id": 368, "sounds": [{"d": 0.209793091, "p": 76, "v": 78}], "pos": -2.0, "size": 1.0, "_time": 106.992188}, {"$id": 369, "sounds": [{"d": 0.8391571, "p": 62, "v": 124}, {"d": 0.8391571, "p": 57, "v": 124}, {"d": 0.209793091, "p": 77, "v": 78}, {"d": 0.8391571, "p": 65, "v": 124}], "pos": -1.5, "size": 1.60000014, "_time": 107.414063}, {"$id": 370, "sounds": [{"d": 0.209793091, "p": 89, "v": 101}], "pos": 0.5, "size": 1.0, "_time": 107.414063}, {"$id": 371, "sounds": [{"d": 0.209793091, "p": 74, "v": 78}], "pos": -2.0, "size": 1.0, "_time": 107.832031}, {"$id": 372, "sounds": [{"d": 0.209793091, "p": 86, "v": 101}], "size": 1.0, "_time": 107.832031, "pos": 0}, {"$id": 373, "sounds": [{"d": 0.209793091, "p": 88, "v": 101}], "pos": 0.5, "size": 1.0, "_time": 108.042969}, {"$id": 374, "sounds": [{"d": 0.209793091, "p": 76, "v": 78}], "pos": -1.5, "size": 1.0, "_time": 108.042969}, {"$id": 375, "sounds": [{"d": 0.209793091, "p": 89, "v": 101}], "pos": 1.0, "size": 1.0, "_time": 108.25}, {"$id": 376, "sounds": [{"d": 0.209793091, "p": 77, "v": 78}, {"d": 0.8391571, "p": 65, "v": 124}, {"d": 0.8391571, "p": 57, "v": 124}, {"d": 0.8391571, "p": 61, "v": 124}], "pos": -1.0, "size": 1.0, "_time": 108.25}, {"$id": 377, "sounds": [{"d": 0.209793091, "p": 88, "v": 101}], "pos": 0.5, "size": 1.0, "_time": 108.460938}, {"$id": 378, "sounds": [{"d": 0.209793091, "p": 76, "v": 78}], "pos": -1.5, "size": 1.0, "_time": 108.460938}, {"$id": 379, "sounds": [{"d": 0.209793091, "p": 89, "v": 101}], "pos": 1.0, "size": 1.0, "_time": 108.671875}, {"$id": 380, "sounds": [{"d": 0.209793091, "p": 77, "v": 78}], "pos": -1.0, "size": 1.0, "_time": 108.671875}, {"$id": 381, "sounds": [{"d": 0.209793091, "p": 79, "v": 78}], "pos": -0.5, "size": 1.0, "_time": 108.882813}, {"$id": 382, "sounds": [{"d": 0.209793091, "p": 91, "v": 101}], "pos": 1.5, "size": 1.0, "_time": 108.882813}, {"$id": 383, "sounds": [{"d": 0.839172363, "p": 48, "v": 126}], "pos": -1.0, "size": 1.0, "_time": 109.089844}, {"$id": 384, "sounds": [{"d": 0.419578552, "p": 93, "v": 112}, {"d": 0.419578552, "p": 81, "v": 112}], "pos": 2.0, "size": 1.0, "_time": 109.089844}, {"$id": 385, "sounds": [{"d": 0.6293793, "p": 60, "v": 126}], "pos": -2.0, "size": 1.0, "_time": 109.300781}, {"$id": 386, "sounds": [{"d": 0.419586182, "p": 63, "v": 126}], "pos": -1.0, "size": 1.0, "_time": 109.511719}, {"$id": 387, "sounds": [{"d": 0.419578552, "p": 79, "v": 112}, {"d": 0.419578552, "p": 91, "v": 112}], "pos": 1.0, "size": 1.0, "_time": 109.511719}, {"$id": 388, "sounds": [{"d": 0.209793091, "p": 67, "v": 126}], "size": 1.0, "_time": 109.71875, "pos": 0}, {"$id": 389, "sounds": [{"d": 0.209793091, "p": 88, "v": 112}], "size": 1.0, "_time": 109.929688, "pos": 0}, {"$id": 390, "sounds": [{"d": 0.209793091, "p": 76, "v": 112}, {"d": 0.8129349, "p": 72, "v": 126}, {"d": 0.8129349, "p": 65, "v": 126}, {"d": 0.8129349, "p": 60, "v": 126}, {"d": 0.8129349, "p": 69, "v": 126}], "pos": -2.0, "size": 1.60000014, "_time": 109.929688}, {"$id": 391, "sounds": [{"d": 0.37587738, "p": 89, "v": 112}, {"d": 0.37587738, "p": 77, "v": 112}], "pos": 0.5, "size": 1.70000017, "_time": 110.140625}, {"$id": 392, "sounds": [{"d": 0.0437088, "p": 83, "v": 77}], "size": 1.0, "_time": 110.515625, "pos": 0}, {"$id": 393, "sounds": [{"d": 0.839164734, "p": 84, "v": 127}], "pos": 0.5, "size": 1.0, "_time": 110.558594}, {"$id": 394, "sounds": [{"d": 0.795455933, "p": 96, "v": 112}], "pos": 1.5, "size": 1.0, "_time": 110.570313}, {"$id": 395, "sounds": [{"d": 3.35664368, "p": 65, "v": 124}, {"d": 3.35664368, "p": 62, "v": 124}, {"d": 3.35664368, "p": 58, "v": 124}], "pos": -1.5, "size": 1.60000014, "_time": 110.769531}, {"$id": 396, "sounds": [{"d": 0.104896545, "p": 81, "v": 127}], "size": 1.0, "_time": 111.398438, "pos": 0}, {"$id": 397, "sounds": [{"d": 0.104896545, "p": 82, "v": 127}], "pos": 1.0, "size": 1.0, "_time": 111.503906}, {"$id": 398, "sounds": [{"d": 0.629371643, "p": 84, "v": 127}], "pos": 2.0, "size": 1.0, "_time": 111.609375}, {"$id": 399, "sounds": [{"d": 0.104896545, "p": 81, "v": 127}], "size": 1.0, "_time": 112.238281, "pos": 0}, {"$id": 400, "sounds": [{"d": 0.104896545, "p": 82, "v": 127}], "pos": 1.0, "size": 1.0, "_time": 112.34375}, {"$id": 401, "sounds": [{"d": 0.209793091, "p": 84, "v": 127}], "pos": 2.0, "size": 1.0, "_time": 112.449219}, {"$id": 402, "sounds": [{"d": 0.209793091, "p": 82, "v": 127}], "pos": 1.0, "size": 1.0, "_time": 112.65625}, {"$id": 403, "sounds": [{"d": 0.209793091, "p": 81, "v": 127}], "size": 1.0, "_time": 112.867188, "pos": 0}, {"$id": 404, "sounds": [{"d": 0.419578552, "p": 77, "v": 127}], "pos": -2.0, "size": 1.0, "_time": 113.078125}, {"$id": 405, "sounds": [{"d": 0.209793091, "p": 77, "v": 127}], "size": 1.0, "_time": 113.496094, "pos": 0}, {"$id": 406, "sounds": [{"d": 0.209793091, "p": 76, "v": 127}], "pos": -1.0, "size": 1.0, "_time": 113.707031}, {"$id": 407, "sounds": [{"d": 0.209793091, "p": 77, "v": 127}], "size": 1.0, "_time": 113.917969, "pos": 0}, {"$id": 408, "sounds": [{"d": 0.419578552, "p": 79, "v": 127}], "pos": 1.0, "size": 1.0, "_time": 114.125}, {"$id": 409, "sounds": [{"d": 1.67832184, "p": 57, "v": 124}, {"d": 1.67832184, "p": 60, "v": 124}, {"d": 1.67832184, "p": 64, "v": 124}], "pos": -1.5, "size": 1.50000012, "_time": 114.125}, {"$id": 410, "sounds": [{"d": 0.209793091, "p": 81, "v": 127}], "pos": 1.0, "size": 1.0, "_time": 114.546875}, {"$id": 411, "sounds": [{"d": 0.419578552, "p": 82, "v": 127}], "pos": 2.0, "size": 1.0, "_time": 114.753906}, {"$id": 412, "sounds": [{"d": 0.419578552, "p": 81, "v": 127}], "pos": 1.0, "size": 1.0, "_time": 115.175781}, {"$id": 413, "sounds": [{"d": 1.0489502, "p": 77, "v": 127}], "size": 1.0, "_time": 115.59375, "pos": 0}, {"$id": 414, "sounds": [{"d": 1.67832184, "p": 57, "v": 124}, {"d": 1.67832184, "p": 62, "v": 124}, {"d": 1.67832184, "p": 65, "v": 124}], "pos": -1.5, "size": 1.4000001, "_time": 115.804688}, {"$id": 415, "sounds": [{"d": 0.419578552, "p": 74, "v": 127}], "pos": -1.0, "size": 1.0, "_time": 116.644531}, {"$id": 416, "sounds": [{"d": 0.104896545, "p": 77, "v": 127}], "size": 1.0, "_time": 117.0625, "pos": 0}, {"$id": 417, "sounds": [{"d": 0.104888916, "p": 78, "v": 57}], "pos": 0.5, "size": 1.0, "_time": 117.429688}, {"$id": 418, "sounds": [{"d": 1.67832184, "p": 55, "v": 124}, {"d": 1.67832184, "p": 58, "v": 124}, {"d": 1.67832184, "p": 62, "v": 124}], "pos": -1.5, "size": 1.4000001, "_time": 117.484375}, {"$id": 419, "sounds": [{"d": 0.104888916, "p": 79, "v": 127}], "pos": 1.0, "size": 1.0, "_time": 117.484375}, {"$id": 420, "sounds": [{"d": 0.104896545, "p": 86, "v": 127}], "pos": -0.5, "size": 1.0, "_time": 118.113281}, {"$id": 421, "sounds": [{"d": 0.104896545, "p": 88, "v": 127}], "size": 1.0, "_time": 118.21875, "pos": 0}, {"$id": 422, "sounds": [{"d": 0.104896545, "p": 89, "v": 127}], "pos": 0.5, "size": 1.0, "_time": 118.320313}, {"$id": 423, "sounds": [{"d": 0.104896545, "p": 88, "v": 127}], "pos": -0.5, "size": 1.0, "_time": 118.53125}, {"$id": 424, "sounds": [{"d": 0.104896545, "p": 89, "v": 127}], "pos": 0.5, "size": 1.0, "_time": 118.742188}, {"$id": 425, "sounds": [{"d": 0.104896545, "p": 91, "v": 127}], "pos": 1.5, "size": 1.0, "_time": 118.953125}, {"$id": 426, "sounds": [{"d": 1.67832184, "p": 57, "v": 124}, {"d": 1.67832184, "p": 64, "v": 124}, {"d": 1.67832184, "p": 61, "v": 124}], "pos": -1.5, "size": 1.4000001, "_time": 119.160156}, {"$id": 427, "sounds": [{"d": 0.104896545, "p": 93, "v": 127}], "pos": 2.0, "size": 0.9, "_time": 119.371094}, {"$id": 428, "sounds": [{"d": 0.104896545, "p": 91, "v": 127}], "pos": 1.5, "size": 1.0, "_time": 119.789063}, {"$id": 429, "sounds": [{"d": 0.104896545, "p": 89, "v": 127}], "pos": 0.5, "size": 1.0, "_time": 120.0}, {"$id": 430, "sounds": [{"d": 0.104896545, "p": 88, "v": 127}], "pos": -0.5, "size": 1.0, "_time": 120.210938}, {"$id": 431, "sounds": [{"d": 0.104896545, "p": 81, "v": 127}], "pos": 2.0, "size": 1.0, "_time": 120.417969}, {"$id": 432, "sounds": [{"d": 0.104896545, "p": 79, "v": 127}], "pos": 1.0, "size": 1.0, "_time": 120.628906}, {"$id": 433, "sounds": [{"d": 0.8391571, "p": 62, "v": 124}, {"d": 0.8391571, "p": 57, "v": 124}, {"d": 0.8391571, "p": 65, "v": 124}], "pos": -2.0, "size": 1.30000007, "_time": 120.839844}, {"$id": 434, "sounds": [{"d": 0.104896545, "p": 77, "v": 127}], "size": 1.0, "_time": 120.839844, "pos": 0}, {"$id": 435, "sounds": [{"d": 0.8391571, "p": 57, "v": 124}, {"d": 0.8391571, "p": 61, "v": 124}, {"d": 0.8391571, "p": 65, "v": 124}], "pos": -2.0, "size": 1.30000007, "_time": 121.679688}, {"$id": 436, "sounds": [{"d": 0.104896545, "p": 79, "v": 127}], "pos": -1.0, "size": 1.0, "_time": 121.886719}, {"$id": 437, "sounds": [{"d": 0.104896545, "p": 81, "v": 127}], "size": 1.0, "_time": 122.097656, "pos": 0}, {"$id": 438, "sounds": [{"d": 0.104896545, "p": 82, "v": 127}], "pos": 1.0, "size": 1.0, "_time": 122.308594}, {"$id": 439, "sounds": [{"d": 0.8391571, "p": 60, "v": 124}, {"d": 0.8391571, "p": 63, "v": 124}, {"d": 0.8391571, "p": 67, "v": 124}], "pos": -2.0, "size": 1.30000007, "_time": 122.515625}, {"$id": 440, "sounds": [{"d": 0.104896545, "p": 84, "v": 127}], "pos": 2.0, "size": 1.0, "_time": 122.519531}, {"$id": 441, "sounds": [{"d": 0.104896545, "p": 82, "v": 127}], "pos": 1.0, "size": 1.0, "_time": 122.9375}, {"$id": 442, "sounds": [{"d": 0.104896545, "p": 81, "v": 127}], "pos": -1.0, "size": 1.0, "_time": 123.355469}, {"$id": 443, "sounds": [{"d": 0.104896545, "p": 82, "v": 127}], "size": 1.0, "_time": 123.777344, "pos": 0}, {"$id": 444, "sounds": [{"d": 0.104896545, "p": 84, "v": 127}], "pos": 1.0, "size": 1.0, "_time": 123.984375}, {"$id": 445, "sounds": [{"d": 3.35664368, "p": 58, "v": 124}, {"d": 3.35664368, "p": 62, "v": 124}, {"d": 3.35664368, "p": 65, "v": 124}], "pos": -2.0, "size": 1.4000001, "_time": 124.195313}, {"$id": 446, "sounds": [{"d": 0.104896545, "p": 89, "v": 127}], "pos": 2.0, "size": 1.0, "_time": 124.40625}, {"$id": 447, "sounds": [{"d": 0.104896545, "p": 89, "v": 127}], "pos": 2.0, "size": 1.0, "_time": 124.824219}, {"$id": 448, "sounds": [{"d": 0.104896545, "p": 88, "v": 127}], "pos": 1.0, "size": 1.0, "_time": 125.035156}, {"$id": 449, "sounds": [{"d": 0.104896545, "p": 84, "v": 127}], "pos": -0.5, "size": 1.0, "_time": 125.453125}, {"$id": 450, "sounds": [{"d": 0.104896545, "p": 81, "v": 127}], "pos": -2.0, "size": 1.0, "_time": 125.664063}, {"$id": 451, "sounds": [{"d": 0.104896545, "p": 89, "v": 127}], "pos": 1.0, "size": 1.0, "_time": 126.085938}, {"$id": 452, "sounds": [{"d": 0.104896545, "p": 89, "v": 127}], "pos": 1.0, "size": 1.0, "_time": 126.503906}, {"$id": 453, "sounds": [{"d": 0.104896545, "p": 88, "v": 127}], "pos": -0.5, "size": 1.0, "_time": 126.714844}, {"$id": 454, "sounds": [{"d": 0.104896545, "p": 84, "v": 127}], "pos": -1.5, "size": 1.0, "_time": 127.132813}, {"$id": 455, "sounds": [{"d": 0.104896545, "p": 88, "v": 127}], "pos": 0.5, "size": 1.0, "_time": 127.34375}, {"$id": 456, "sounds": [{"d": 1.67832184, "p": 60, "v": 124}, {"d": 1.67832184, "p": 57, "v": 124}, {"d": 1.67832184, "p": 64, "v": 124}], "pos": -2.0, "size": 1.4000001, "_time": 127.550781}, {"$id": 457, "sounds": [{"d": 0.104896545, "p": 89, "v": 127}], "pos": 0.5, "size": 1.0, "_time": 127.761719}, {"$id": 458, "sounds": [{"d": 0.104888916, "p": 89, "v": 127}], "pos": 0.5, "size": 1.0, "_time": 128.1836}, {"$id": 459, "sounds": [{"d": 0.104888916, "p": 91, "v": 127}], "pos": 1.5, "size": 1.0, "_time": 128.390625}, {"$id": 460, "sounds": [{"d": 0.104888916, "p": 89, "v": 127}], "pos": 0.5, "size": 1.0, "_time": 128.8125}, {"$id": 461, "sounds": [{"d": 0.104888916, "p": 88, "v": 127}], "pos": -0.5, "size": 1.0, "_time": 129.019531}, {"$id": 462, "sounds": [{"d": 1.67831421, "p": 57, "v": 124}, {"d": 1.67831421, "p": 65, "v": 124}, {"d": 1.67831421, "p": 62, "v": 124}], "pos": -2.0, "size": 1.4000001, "_time": 129.230469}, {"$id": 463, "sounds": [{"d": 0.104888916, "p": 93, "v": 127}], "pos": 2.0, "size": 1.0, "_time": 129.230469}, {"$id": 464, "sounds": [{"d": 0.104888916, "p": 91, "v": 127}], "pos": 1.0, "size": 1.0, "_time": 129.652344}, {"$id": 465, "sounds": [{"d": 0.104888916, "p": 89, "v": 127}], "size": 1.0, "_time": 130.070313, "pos": 0}, {"$id": 466, "sounds": [{"d": 0.104888916, "p": 88, "v": 127}], "pos": -1.0, "size": 1.0, "_time": 130.488281}, {"$id": 467, "sounds": [{"d": 0.104904175, "p": 88, "v": 127}], "size": 1.0, "_time": 130.832031, "pos": 0}, {"$id": 468, "sounds": [{"d": 1.67831421, "p": 62, "v": 124}, {"d": 1.67831421, "p": 55, "v": 124}, {"d": 1.67831421, "p": 58, "v": 124}], "pos": -2.0, "size": 1.50000012, "_time": 130.910156}, {"$id": 469, "sounds": [{"d": 0.104904175, "p": 89, "v": 127}], "pos": 1.0, "size": 1.0, "_time": 130.910156}, {"$id": 470, "sounds": [{"d": 0.104888916, "p": 86, "v": 127}], "pos": -1.0, "size": 1.0, "_time": 131.75}, {"$id": 471, "sounds": [{"d": 1.67831421, "p": 61, "v": 124}, {"d": 1.67831421, "p": 57, "v": 124}, {"d": 1.67831421, "p": 64, "v": 124}], "pos": -2.0, "size": 1.50000012, "_time": 132.585938}, {"$id": 472, "sounds": [{"d": 0.104888916, "p": 89, "v": 127}], "pos": 0.5, "size": 1.0, "_time": 132.585938}, {"$id": 473, "sounds": [{"d": 0.104888916, "p": 88, "v": 127}], "pos": -0.5, "size": 1.0, "_time": 133.007813}, {"$id": 474, "sounds": [{"d": 0.104888916, "p": 89, "v": 127}], "pos": 0.5, "size": 1.0, "_time": 133.21875}, {"$id": 475, "sounds": [{"d": 0.104888916, "p": 91, "v": 127}], "pos": 1.0, "size": 1.0, "_time": 133.636719}, {"$id": 476, "sounds": [{"d": 0.104888916, "p": 93, "v": 127}], "pos": 1.5, "size": 1.0, "_time": 134.054688}, {"$id": 477, "sounds": [{"d": 0.8391571, "p": 65, "v": 124}, {"d": 0.8391571, "p": 62, "v": 124}, {"d": 0.8391571, "p": 57, "v": 124}], "pos": -2.0, "size": 1.50000012, "_time": 134.265625}, {"$id": 478, "sounds": [{"d": 0.104888916, "p": 94, "v": 127}], "size": 1.0, "_time": 135.105469, "pos": 0}, {"$id": 479, "sounds": [{"d": 0.8391571, "p": 61, "v": 124}, {"d": 0.8391571, "p": 57, "v": 124}, {"d": 0.8391571, "p": 65, "v": 124}], "pos": -2.0, "size": 1.30000007, "_time": 135.105469}, {"$id": 480, "sounds": [{"d": 0.8391571, "p": 67, "v": 124}, {"d": 0.8391571, "p": 60, "v": 124}, {"d": 0.8391571, "p": 63, "v": 124}], "pos": -1.5, "size": 1.50000012, "_time": 135.945313}, {"$id": 481, "sounds": [{"d": 0.104888916, "p": 96, "v": 127}], "pos": 0.5, "size": 1.0, "_time": 135.945313}, {"$id": 482, "sounds": [{"d": 0.8391571, "p": 65, "v": 124}, {"d": 0.8391571, "p": 69, "v": 124}, {"d": 0.8391571, "p": 60, "v": 124}], "pos": -1.0, "size": 2.0, "_time": 136.78125}, {"$id": 483, "sounds": [{"d": 0.104888916, "p": 98, "v": 127}], "pos": 1.0, "size": 1.0, "_time": 136.785156}, {"$id": 484, "sounds": [{"d": 0.104888916, "p": 101, "v": 127}], "pos": 2.0, "size": 1.0, "_time": 137.203125}, {"$id": 485, "sounds": [{"d": 3.35664368, "p": 34, "v": 122}], "pos": -2.0, "size": 1.50000012, "_time": 137.6211}, {"$id": 486, "sounds": [{"d": 3.35664368, "p": 69, "v": 122}, {"d": 3.35664368, "p": 58, "v": 122}, {"d": 3.35664368, "p": 62, "v": 122}, {"d": 3.35664368, "p": 65, "v": 122}], "size": 1.50000012, "_time": 137.6211, "pos": 0}], "links": [{"notes": [{"$ref": 61}, {"$ref": 62}, {"$ref": 63}]}, {"notes": [{"$ref": 25}, {"$ref": 26}]}, {"notes": [{"$ref": 13}, {"$ref": 14}, {"$ref": 15}]}, {"notes": [{"$ref": 34}, {"$ref": 35}, {"$ref": 36}]}, {"notes": [{"$ref": 73}, {"$ref": 74}]}, {"notes": [{"$ref": 99}, {"$ref": 100}]}, {"notes": [{"$ref": 154}, {"$ref": 155}]}, {"notes": [{"$ref": 250}, {"$ref": 251}, {"$ref": 252}]}, {"notes": [{"$ref": 253}, {"$ref": 254}, {"$ref": 255}]}, {"notes": [{"$ref": 392}, {"$ref": 393}, {"$ref": 394}]}, {"notes": [{"$ref": 399}, {"$ref": 400}, {"$ref": 401}]}, {"notes": [{"$ref": 396}, {"$ref": 397}, {"$ref": 398}]}, {"notes": [{"$ref": 417}, {"$ref": 419}]}, {"notes": [{"$ref": 420}, {"$ref": 421}, {"$ref": 422}]}, {"notes": [{"$ref": 467}, {"$ref": 469}]}, {"notes": [{"$ref": 205}, {"$ref": 206}, {"$ref": 207}]}, {"notes": [{"$ref": 1}, {"$ref": 2}, {"$ref": 3}, {"$ref": 4}, {"$ref": 5}]}, {"notes": [{"$ref": 262}, {"$ref": 263}, {"$ref": 264}, {"$ref": 265}, {"$ref": 266}, {"$ref": 267}, {"$ref": 268}, {"$ref": 269}]}, {"notes": [{"$ref": 383}, {"$ref": 385}, {"$ref": 386}, {"$ref": 388}]}]}