{"notes": [{"_time": 4.70703125, "$id": 1, "pos": -2.0, "size": 1.0}, {"_time": 4.8515625, "$id": 2, "pos": -2.0, "size": 1.0}, {"_time": 5.0, "$id": 3, "pos": 1.5, "size": 1.0}, {"_time": 5.1484375, "$id": 4, "pos": 0.233688354, "size": 1.0}, {"_time": 5.29296875, "$id": 5, "pos": -0.993104, "size": 1.0}, {"_time": 5.44140625, "$id": 6, "pos": 1.5, "size": 1.0}, {"_time": 5.734375, "$id": 7, "pos": -1.0, "size": 1.0}, {"_time": 6.03125, "$id": 8, "pos": 1.5, "size": 1.0}, {"_time": 6.17578125, "$id": 9, "pos": -1.51198292, "size": 1.0}, {"_time": 6.32421875, "$id": 10, "pos": -0.3462057, "size": 1.0}, {"_time": 6.46875, "$id": 11, "pos": 1.0, "size": 1.0}, {"_time": 6.765625, "$id": 12, "pos": 1.49233341, "size": 1.0}, {"_time": 7.05859375, "$id": 13, "pos": 1.5, "size": 1.0}, {"_time": 7.05859375, "$id": 14, "pos": -1.0, "size": 1.0}, {"_time": 7.3515625, "$id": 15, "pos": 0.373826027, "size": 1.0}, {"_time": 7.5, "$id": 16, "pos": -1.5, "size": 1.0}, {"_time": 7.6484375, "$id": 17, "pos": -0.213049889, "size": 1.0}, {"_time": 7.79296875, "$id": 18, "pos": 1.6521225, "size": 1.0}, {"_time": 8.089844, "$id": 19, "pos": -0.733688354, "size": 1.0}, {"_time": 8.2421875, "$id": 20, "pos": -0.733688354, "size": 1.0}, {"_time": 8.3828125, "$id": 21, "pos": 0.373826027, "size": 1.0}, {"_time": 8.53125, "$id": 22, "pos": -1.5, "size": 1.0}, {"_time": 8.675781, "$id": 23, "pos": -1.5, "size": 1.0}, {"_time": 8.824219, "$id": 24, "pos": 1.0, "size": 1.0}, {"_time": 9.1171875, "$id": 25, "pos": -1.5, "size": 1.0}, {"_time": 9.339844, "$id": 26, "sounds": [{"d": 0.02450943, "p": 69, "v": 36, "w": 0.0}], "pos": 1.0, "size": 1.1}, {"_time": 9.363281, "$id": 27, "sounds": [{"d": 0.02450943, "p": 71, "v": 58, "w": 0.0}], "pos": -1.54907131, "size": 1.1}, {"_time": 9.386719, "$id": 28, "sounds": [{"d": 0.02450943, "p": 73, "v": 72, "w": 0.0}], "pos": 1.5, "size": 1.1}, {"_time": 9.410156, "$id": 29, "sounds": [{"d": 0.147059441, "p": 74, "v": 84, "w": 0.0}], "pos": -2.0, "size": 1.1}, {"_time": 9.410156, "$id": 30, "sounds": [{"d": 0.147059441, "p": 81, "v": 84, "w": 0.0}], "pos": 2.0, "size": 1.1}, {"_time": 9.707031, "$id": 31, "sounds": [{"d": 0.294117928, "p": 81, "v": 85, "w": 0.0}], "pos": 2.0, "size": 1.1}, {"_time": 10.0, "$id": 32, "pos": -1.5, "size": 1.0}, {"_time": 10.1171875, "$id": 33, "sounds": [{"d": 0.0643386841, "p": 77, "v": 74, "w": 0.0}], "pos": 0.5, "size": 1.1}, {"_time": 10.1484375, "$id": 34, "sounds": [{"d": 0.147058487, "p": 78, "v": 88, "w": 0.0}], "pos": 1.13753223, "size": 1.1}, {"_time": 10.3515625, "$id": 35, "sounds": [{"d": 0.0306377411, "p": 73, "v": 10, "w": 0.0}], "pos": -1.25430965, "size": 1.1}, {"_time": 10.4414063, "$id": 36, "sounds": [{"d": 0.294117928, "p": 76, "v": 89, "w": 0.0}], "pos": -1.66375351, "size": 1.1}, {"_time": 10.4414063, "$id": 37, "pos": 1.0, "size": 1.0}, {"_time": 10.734375, "$id": 38, "sounds": [{"d": 0.07352924, "p": 69, "v": 84, "w": 0.0}], "pos": -2.0, "size": 1.1}, {"_time": 10.8828125, "$id": 39, "sounds": [{"d": 0.294117928, "p": 69, "v": 83, "w": 0.0}], "pos": -2.0, "size": 1.1}, {"_time": 10.8828125, "$id": 40, "pos": 0.0, "size": 1.1}, {"_time": 11.3242188, "$id": 41, "sounds": [{"d": 0.147058487, "p": 69, "v": 80, "w": 0.0}], "pos": -0.928570747, "size": 1.0}, {"_time": 11.46875, "$id": 42, "sounds": [{"d": 0.0735302, "p": 71, "v": 99, "w": 0.0}], "pos": 0.5, "size": 1.0}, {"_time": 11.6171875, "$id": 43, "sounds": [{"d": 0.147059441, "p": 69, "v": 62, "w": 0.0}], "pos": -0.472476, "size": 1.0}, {"_time": 11.765625, "$id": 44, "sounds": [{"d": 0.294117928, "p": 74, "v": 88, "w": 0.0}], "pos": 1.30102921, "size": 1.1}, {"_time": 11.765625, "$id": 45, "pos": -1.8788271, "size": 1.1}, {"_time": 12.0585938, "$id": 46, "sounds": [{"d": 0.07352924, "p": 71, "v": 34, "w": 0.0}], "pos": -2.0, "size": 1.0}, {"_time": 12.1328125, "$id": 47, "sounds": [{"d": 0.07352924, "p": 72, "v": 62, "w": 0.0}], "pos": -1.48901081, "size": 1.0}, {"_time": 12.2070313, "$id": 48, "sounds": [{"d": 0.294117928, "p": 74, "v": 85, "w": 0.0}], "pos": -0.8736267, "size": 1.0}, {"_time": 12.2070313, "$id": 49, "pos": 1.0, "size": 1.0}, {"_time": 12.3515625, "$id": 50, "pos": -0.5, "size": 1.0}, {"_time": 12.5, "$id": 51, "sounds": [{"d": 0.07352924, "p": 73, "v": 74, "w": 0.0}], "pos": 2.0, "size": 1.1}, {"_time": 12.6484375, "$id": 52, "sounds": [{"d": 0.07352924, "p": 71, "v": 74, "w": 0.0}], "pos": 1.37484646, "size": 1.1}, {"_time": 12.7929688, "$id": 53, "sounds": [{"d": 0.7352953, "p": 69, "v": 85, "w": 0.0}], "pos": 0.6852846, "size": 1.1}, {"_time": 12.7929688, "$id": 54, "pos": -1.5, "size": 1.1}, {"_time": 13.0898438, "$id": 55, "pos": 0.5, "size": 1.0}, {"_time": 13.234375, "$id": 56, "pos": -0.5, "size": 1.0}, {"_time": 13.3828125, "$id": 57, "pos": 0.5, "size": 1.0}, {"_time": 13.53125, "$id": 58, "pos": 0.5, "size": 1.0}, {"_time": 13.6757813, "$id": 59, "sounds": [{"d": 0.147059441, "p": 69, "v": 97, "w": 0.0}], "pos": -2.0, "size": 1.0}, {"_time": 13.8242188, "$id": 60, "sounds": [{"d": 0.147059441, "p": 71, "v": 99, "w": 0.0}], "pos": 0.124502182, "size": 1.0}, {"_time": 13.96875, "$id": 61, "sounds": [{"d": 0.147059441, "p": 69, "v": 99, "w": 0.0}], "pos": -2.0, "size": 1.0}, {"_time": 14.1171875, "$id": 62, "sounds": [{"d": 0.147059441, "p": 76, "v": 88, "w": 0.0}], "pos": -0.5, "size": 1.0}, {"_time": 14.1171875, "$id": 63, "sounds": [{"d": 0.294117928, "p": 76, "v": 91, "w": 0.0}], "pos": 2.0, "size": 1.30000007}, {"_time": 14.4101563, "$id": 64, "sounds": [{"d": 0.147059441, "p": 76, "v": 91, "w": 0.0}], "pos": -0.5, "size": 1.0}, {"_time": 14.4101563, "$id": 65, "sounds": [{"d": 0.147059441, "p": 69, "v": 88, "w": 0.0}], "pos": 1.5, "size": 1.30000007}, {"_time": 14.7070313, "$id": 66, "sounds": [{"d": 0.147059441, "p": 71, "v": 88, "w": 0.0}], "pos": -0.5, "size": 1.0}, {"_time": 14.7070313, "$id": 67, "sounds": [{"d": 0.294117928, "p": 76, "v": 91, "w": 0.0}], "pos": 0.996552467, "size": 1.30000007}, {"_time": 15.0, "$id": 68, "sounds": [{"d": 0.147058487, "p": 78, "v": 91, "w": 0.0}], "pos": 1.46153736, "size": 1.0}, {"_time": 15.1484375, "$id": 69, "sounds": [{"d": 0.147059441, "p": 76, "v": 88, "w": 0.0}], "pos": -0.5, "size": 1.0}, {"_time": 15.4414063, "$id": 70, "sounds": [{"d": 0.294117928, "p": 69, "v": 92, "w": 0.0}], "pos": -2.0, "size": 1.0}, {"_time": 15.4414063, "$id": 71, "sounds": [{"d": 0.294118881, "p": 52, "v": 76, "w": 0.0}], "pos": 0.5, "size": 1.0}, {"_time": 15.5898438, "$id": 72, "sounds": [{"d": 0.147059441, "p": 69, "v": 88, "w": 0.0}], "pos": 0.5, "size": 1.0}, {"_time": 15.734375, "$id": 73, "sounds": [{"d": 0.147059441, "p": 69, "v": 92, "w": 0.0}], "pos": -0.90812397, "size": 1.0}, {"_time": 15.8828125, "$id": 74, "sounds": [{"d": 0.147058487, "p": 71, "v": 88, "w": 0.0}], "pos": 1.5, "size": 1.0}, {"_time": 16.03125, "$id": 75, "sounds": [{"d": 0.0735302, "p": 69, "v": 92, "w": 0.0}], "pos": -2.0, "size": 1.0}, {"_time": 16.1757813, "$id": 76, "sounds": [{"d": 0.0735302, "p": 69, "v": 92, "w": 0.0}], "pos": 1.35823345, "size": 1.0}, {"_time": 16.25, "$id": 77, "sounds": [{"d": 0.0735302, "p": 71, "v": 92, "w": 0.0}], "pos": -0.372837067, "size": 1.0}, {"_time": 16.3242188, "$id": 78, "sounds": [{"d": 0.147058487, "p": 69, "v": 92, "w": 0.0}], "pos": 1.37480736, "size": 1.0}, {"_time": 16.46875, "$id": 79, "sounds": [{"d": 0.294118881, "p": 76, "v": 93, "w": 0.0}], "pos": 0.5, "size": 1.0}, {"_time": 16.46875, "$id": 80, "sounds": [{"d": 0.147058487, "p": 59, "v": 76, "w": 0.0}], "pos": -2.0, "size": 1.30000007}, {"_time": 16.765625, "$id": 81, "sounds": [{"d": 0.147058487, "p": 76, "v": 93, "w": 0.0}], "pos": 0.5, "size": 1.0}, {"_time": 16.765625, "$id": 82, "sounds": [{"d": 0.294116974, "p": 57, "v": 73, "w": 0.0}], "pos": -1.5, "size": 1.30000007}, {"_time": 17.0585938, "$id": 83, "sounds": [{"d": 0.147058487, "p": 71, "v": 88, "w": 0.0}], "pos": -1.0, "size": 1.30000007}, {"_time": 17.0585938, "$id": 84, "sounds": [{"d": 0.294118881, "p": 76, "v": 93, "w": 0.0}], "pos": 0.5, "size": 1.0}, {"_time": 17.2070313, "$id": 85, "sounds": [{"d": 0.147058487, "p": 69, "v": 88, "w": 0.0}], "pos": 1.23718548, "size": 1.0}, {"_time": 17.3515625, "$id": 86, "sounds": [{"d": 0.1470604, "p": 78, "v": 93, "w": 0.0}], "pos": 1.78739643, "size": 1.0}, {"_time": 17.5, "$id": 87, "sounds": [{"d": 0.147058487, "p": 76, "v": 88, "w": 0.0}], "pos": -1.68637562, "size": 1.0}, {"_time": 17.5, "$id": 88, "sounds": [{"d": 0.147058487, "p": 59, "v": 76, "w": 0.0}], "pos": -0.124501228, "size": 1.0}, {"_time": 17.7929688, "$id": 89, "sounds": [{"d": 0.147058487, "p": 80, "v": 93, "w": 0.0}], "pos": -0.0325288773, "size": 1.0}, {"_time": 17.9414063, "$id": 90, "sounds": [{"d": 0.147058487, "p": 69, "v": 88, "w": 0.0}], "pos": -0.9880171, "size": 1.0}, {"_time": 18.0898438, "$id": 91, "sounds": [{"d": 0.147058487, "p": 81, "v": 93, "w": 0.0}], "pos": 1.41115284, "size": 1.0}, {"_time": 18.234375, "$id": 92, "sounds": [{"d": 0.147058487, "p": 45, "v": 78, "w": 0.0}], "pos": -1.8195734, "size": 1.0}, {"_time": 18.3828125, "$id": 93, "sounds": [{"d": 0.0735302, "p": 83, "v": 93, "w": 0.0}], "pos": -0.011713028, "size": 0.9}, {"_time": 18.4570313, "$id": 94, "sounds": [{"d": 0.0735302, "p": 84, "v": 93, "w": 0.0}], "pos": 1.06790924, "size": 0.9}, {"_time": 18.53125, "$id": 95, "sounds": [{"d": 0.147058487, "p": 83, "v": 93, "w": 0.0}], "pos": -0.03148842, "size": 0.9}, {"_time": 18.6757813, "$id": 96, "sounds": [{"d": 0.147058487, "p": 81, "v": 93, "w": 0.0}], "pos": -1.5, "size": 0.9}, {"_time": 18.8242188, "$id": 97, "sounds": [{"d": 0.147058487, "p": 76, "v": 88, "w": 0.0}], "pos": -0.5, "size": 1.0}, {"_time": 18.8242188, "$id": 98, "sounds": [{"d": 0.294118881, "p": 76, "v": 93, "w": 0.0}], "pos": 2.0, "size": 1.30000007}, {"_time": 19.1171875, "$id": 99, "sounds": [{"d": 0.147058487, "p": 69, "v": 88, "w": 0.0}], "pos": 1.5, "size": 1.30000007}, {"_time": 19.1171875, "$id": 100, "sounds": [{"d": 0.147058487, "p": 76, "v": 93, "w": 0.0}], "pos": -0.5, "size": 1.0}, {"_time": 19.4101563, "$id": 101, "sounds": [{"d": 0.220588684, "p": 76, "v": 93, "w": 0.0}], "pos": 1.0, "size": 1.30000007}, {"_time": 19.4101563, "$id": 102, "sounds": [{"d": 0.147058487, "p": 71, "v": 88, "w": 0.0}], "pos": -0.5, "size": 1.0}, {"_time": 19.5585938, "$id": 103, "sounds": [{"d": 0.147058487, "p": 69, "v": 88, "w": 0.0}], "pos": -1.0, "size": 1.0}, {"_time": 19.7070313, "$id": 104, "sounds": [{"d": 0.1470604, "p": 78, "v": 93, "w": 0.0}], "pos": -1.50932026, "size": 1.0}, {"_time": 19.8515625, "$id": 105, "sounds": [{"d": 0.147058487, "p": 76, "v": 93, "w": 0.0}], "pos": 1.52526855, "size": 1.0}, {"_time": 19.8515625, "$id": 106, "sounds": [{"d": 0.147058487, "p": 76, "v": 88, "w": 0.0}], "pos": -0.567909241, "size": 1.0}, {"_time": 20.1484375, "$id": 107, "sounds": [{"d": 0.294118881, "p": 69, "v": 93, "w": 0.0}], "pos": -1.5, "size": 1.0}, {"_time": 20.2929688, "$id": 108, "sounds": [{"d": 0.147058487, "p": 69, "v": 88, "w": 0.0}], "pos": 0.0, "size": 1.0}, {"_time": 20.4414063, "$id": 109, "sounds": [{"d": 0.147058487, "p": 69, "v": 93, "w": 0.0}], "pos": -1.5, "size": 1.0}, {"_time": 20.5898438, "$id": 110, "sounds": [{"d": 0.147058487, "p": 71, "v": 88, "w": 0.0}], "pos": 0.562665, "size": 1.2}, {"_time": 20.5898438, "$id": 111, "sounds": [{"d": 0.147058487, "p": 59, "v": 76, "w": 0.0}], "pos": -2.0, "size": 1.2}, {"_time": 20.734375, "$id": 112, "sounds": [{"d": 0.147058487, "p": 69, "v": 93, "w": 0.0}], "pos": -1.03348827, "size": 1.0}, {"_time": 20.8828125, "$id": 113, "sounds": [{"d": 0.147058487, "p": 69, "v": 88, "w": 0.0}], "pos": 0.377965927, "size": 1.0}, {"_time": 20.9570313, "$id": 114, "sounds": [{"d": 0.0735302, "p": 71, "v": 93, "w": 0.0}], "pos": -0.5, "size": 1.0}, {"_time": 21.03125, "$id": 115, "sounds": [{"d": 0.1470604, "p": 69, "v": 93, "w": 0.0}], "pos": 0.395082474, "size": 1.0}, {"_time": 21.1015625, "$id": 116, "sounds": [{"d": 0.220588684, "p": 73, "v": 46, "w": 0.0}], "pos": 0.8950825, "size": 0.9}, {"_time": 21.1757813, "$id": 117, "sounds": [{"d": 0.294116974, "p": 74, "v": 93, "w": 0.0}], "pos": -1.5, "size": 1.0}, {"_time": 21.1757813, "$id": 118, "sounds": [{"d": 0.147058487, "p": 76, "v": 88, "w": 0.0}], "pos": 1.38745213, "size": 0.9}, {"_time": 21.46875, "$id": 119, "sounds": [{"d": 0.294116974, "p": 57, "v": 73, "w": 0.0}], "pos": -1.0, "size": 1.2}, {"_time": 21.46875, "$id": 120, "sounds": [{"d": 0.147058487, "p": 69, "v": 88, "w": 0.0}], "pos": 0.84733963, "size": 1.2}, {"_time": 21.765625, "$id": 121, "sounds": [{"d": 0.147058487, "p": 71, "v": 88, "w": 0.0}], "pos": -1.93753433, "size": 1.2}, {"_time": 21.765625, "$id": 122, "sounds": [{"d": 0.294118881, "p": 73, "v": 92, "w": 0.0}], "pos": 0.0679101944, "size": 1.2}, {"_time": 21.9101563, "$id": 123, "sounds": [{"d": 0.147058487, "p": 69, "v": 88, "w": 0.0}], "pos": 1.21903992, "size": 1.0}, {"_time": 22.0585938, "$id": 124, "sounds": [{"d": 0.147058487, "p": 71, "v": 91, "w": 0.0}], "pos": 0.0318689346, "size": 1.0}, {"_time": 22.2070313, "$id": 125, "sounds": [{"d": 0.147058487, "p": 76, "v": 88, "w": 0.0}], "pos": -1.11393642, "size": 1.0}, {"_time": 22.5, "$id": 126, "sounds": [{"d": 0.0735302, "p": 69, "v": 94, "w": 0.0}], "pos": 0.5119829, "size": 0.9}, {"_time": 22.5742188, "$id": 127, "sounds": [{"d": 0.0735302, "p": 69, "v": 94, "w": 0.0}], "pos": -0.8049278, "size": 0.9}, {"_time": 22.6484375, "$id": 128, "sounds": [{"d": 0.147058487, "p": 69, "v": 88, "w": 0.0}], "pos": 0.5119829, "size": 0.9}, {"_time": 22.7929688, "$id": 129, "sounds": [{"d": 0.0735302, "p": 69, "v": 94, "w": 0.0}], "pos": 0.5119829, "size": 0.9}, {"_time": 22.9414063, "$id": 130, "sounds": [{"d": 0.147058487, "p": 52, "v": 78, "w": 0.0}], "pos": -2.0, "size": 1.2}, {"_time": 22.9414063, "$id": 131, "sounds": [{"d": 0.147058487, "p": 71, "v": 88, "w": 0.0}], "pos": 2.0, "size": 1.2}, {"_time": 23.234375, "$id": 132, "sounds": [{"d": 0.147058487, "p": 69, "v": 88, "w": 0.0}], "pos": 0.0, "size": 1.2}, {"_time": 23.53125, "$id": 133, "pos": 1.0, "size": 1.0}, {"_time": 23.53125, "$id": 134, "pos": -1.0, "size": 1.0}, {"_time": 23.8242188, "$id": 135, "pos": 0.82612896, "size": 1.0}, {"_time": 24.1171875, "$id": 136, "pos": -0.5, "size": 1.0}, {"_time": 24.265625, "$id": 137, "pos": 1.67832661, "size": 1.0}, {"_time": 24.5585938, "$id": 138, "pos": -1.51141834, "size": 1.0}, {"_time": 24.8515625, "$id": 139, "pos": 0.0, "size": 1.0}, {"_time": 25.1484375, "$id": 140, "pos": -1.5, "size": 1.0}, {"_time": 25.2929688, "$id": 141, "pos": 1.49134445, "size": 1.0}, {"_time": 25.5898438, "$id": 142, "pos": -2.0, "size": 1.2}, {"_time": 25.734375, "$id": 143, "pos": -2.0, "size": 1.1}, {"_time": 25.8828125, "$id": 144, "sounds": [{"d": 0.147058487, "p": 71, "v": 61, "w": 0.0}], "pos": 2.0, "size": 1.1}, {"_time": 25.8828125, "$id": 145, "pos": -2.0, "size": 1.0}, {"_time": 26.1757813, "$id": 146, "sounds": [{"d": 0.294118881, "p": 69, "v": 60, "w": 0.0}], "pos": -1.0, "size": 1.1}, {"_time": 26.1757813, "$id": 147, "sounds": [{"d": 0.294118881, "p": 71, "v": 60, "w": 0.0}], "pos": 2.0, "size": 1.1}, {"_time": 26.46875, "$id": 148, "pos": -0.5, "size": 1.0}, {"_time": 26.6171875, "$id": 149, "sounds": [{"d": 0.147058487, "p": 71, "v": 61, "w": 0.0}], "pos": 1.0, "size": 1.1}, {"_time": 26.9101563, "$id": 150, "sounds": [{"d": 0.147058487, "p": 69, "v": 61, "w": 0.0}], "pos": -1.0, "size": 1.1}, {"_time": 26.9101563, "$id": 151, "sounds": [{"d": 0.147058487, "p": 71, "v": 61, "w": 0.0}], "pos": 1.0, "size": 1.1}, {"_time": 27.2070313, "$id": 152, "sounds": [{"d": 0.294118881, "p": 69, "v": 61, "w": 0.0}], "pos": -1.0, "size": 1.1}, {"_time": 27.2070313, "$id": 153, "sounds": [{"d": 0.294118881, "p": 71, "v": 61, "w": 0.0}], "pos": 1.0, "size": 1.1}, {"_time": 27.6484375, "$id": 154, "sounds": [{"d": 0.147058487, "p": 71, "v": 61, "w": 0.0}], "pos": 2.0, "size": 1.0}, {"_time": 27.6484375, "$id": 155, "pos": -0.5, "size": 1.0}, {"_time": 27.9414063, "$id": 156, "sounds": [{"d": 0.147058487, "p": 71, "v": 61, "w": 0.0}], "pos": 2.0, "size": 1.0}, {"_time": 28.234375, "$id": 157, "sounds": [{"d": 0.147058487, "p": 69, "v": 64, "w": 0.0}], "pos": 0.0, "size": 1.1}, {"_time": 28.234375, "$id": 158, "sounds": [{"d": 0.147058487, "p": 71, "v": 64, "w": 0.0}], "pos": -2.0, "size": 1.1}, {"_time": 28.53125, "$id": 159, "sounds": [{"d": 0.294118881, "p": 69, "v": 62, "w": 0.0}], "pos": 0.0, "size": 1.1}, {"_time": 28.53125, "$id": 160, "sounds": [{"d": 0.294118881, "p": 71, "v": 62, "w": 0.0}], "pos": -2.0, "size": 1.1}, {"_time": 28.8242188, "$id": 161, "pos": 0.5, "size": 1.0}, {"_time": 28.96875, "$id": 162, "sounds": [{"d": 0.147058487, "p": 71, "v": 61, "w": 0.0}], "pos": -1.0, "size": 1.0}, {"_time": 29.265625, "$id": 163, "sounds": [{"d": 0.147058487, "p": 71, "v": 59, "w": 0.0}], "pos": -1.0, "size": 1.1}, {"_time": 29.265625, "$id": 164, "sounds": [{"d": 0.147058487, "p": 69, "v": 59, "w": 0.0}], "pos": 0.5, "size": 1.1}, {"_time": 29.5585938, "$id": 165, "sounds": [{"d": 0.294118881, "p": 71, "v": 57, "w": 0.0}], "pos": -1.0, "size": 1.1}, {"_time": 29.5585938, "$id": 166, "sounds": [{"d": 0.294118881, "p": 69, "v": 57, "w": 0.0}], "pos": 0.5, "size": 1.1}, {"_time": 30.0, "$id": 167, "sounds": [{"d": 0.147058487, "p": 71, "v": 58, "w": 0.0}], "pos": -2.0, "size": 1.0}, {"_time": 30.0, "$id": 168, "pos": 0.5, "size": 1.0}, {"_time": 30.2929688, "$id": 169, "sounds": [{"d": 0.147058487, "p": 71, "v": 59, "w": 0.0}], "pos": -2.0, "size": 1.0}, {"_time": 30.5898438, "$id": 170, "sounds": [{"d": 0.147058487, "p": 69, "v": 61, "w": 0.0}], "pos": -1.0, "size": 1.1}, {"_time": 30.5898438, "$id": 171, "sounds": [{"d": 0.147058487, "p": 71, "v": 61, "w": 0.0}], "pos": 2.0, "size": 1.1}, {"_time": 30.8828125, "$id": 172, "sounds": [{"d": 0.294118881, "p": 71, "v": 60, "w": 0.0}], "pos": 2.0, "size": 1.1}, {"_time": 30.8828125, "$id": 173, "sounds": [{"d": 0.294118881, "p": 69, "v": 60, "w": 0.0}], "pos": -1.0, "size": 1.1}, {"_time": 31.1757813, "$id": 174, "pos": -0.5, "size": 1.0}, {"_time": 31.3242188, "$id": 175, "sounds": [{"d": 0.147058487, "p": 71, "v": 61, "w": 0.0}], "pos": 1.0, "size": 1.0}, {"_time": 31.6171875, "$id": 176, "sounds": [{"d": 0.147058487, "p": 69, "v": 61, "w": 0.0}], "pos": -1.5, "size": 1.1}, {"_time": 31.6171875, "$id": 177, "sounds": [{"d": 0.147058487, "p": 71, "v": 61, "w": 0.0}], "pos": 1.0, "size": 1.1}, {"_time": 31.9101563, "$id": 178, "sounds": [{"d": 0.294118881, "p": 69, "v": 61, "w": 0.0}], "pos": -1.5, "size": 1.1}, {"_time": 31.9101563, "$id": 179, "sounds": [{"d": 0.294118881, "p": 71, "v": 61, "w": 0.0}], "pos": 1.0, "size": 1.1}, {"_time": 32.3515625, "$id": 180, "sounds": [{"d": 0.1470604, "p": 71, "v": 61, "w": 0.0}], "pos": 2.0, "size": 1.0}, {"_time": 32.3515625, "$id": 181, "pos": -0.5, "size": 1.0}, {"_time": 32.6484375, "$id": 182, "sounds": [{"d": 0.1470604, "p": 69, "v": 61, "w": 0.0}], "pos": -0.4924898, "size": 1.1}, {"_time": 32.6484375, "$id": 183, "sounds": [{"d": 0.1470604, "p": 71, "v": 61, "w": 0.0}], "pos": 2.0, "size": 1.1}, {"_time": 32.9414063, "$id": 184, "sounds": [{"d": 0.1470604, "p": 71, "v": 64, "w": 0.0}], "pos": -2.0, "size": 1.1}, {"_time": 32.9414063, "$id": 185, "pos": 0.5, "size": 1.1}, {"_time": 33.234375, "$id": 186, "sounds": [{"d": 0.294116974, "p": 71, "v": 62, "w": 0.0}], "pos": -2.0, "size": 1.0}, {"_time": 33.3828125, "$id": 187, "pos": 1.5, "size": 1.0}, {"_time": 33.53125, "$id": 188, "pos": 0.5, "size": 1.0}, {"_time": 33.67578, "$id": 189, "sounds": [{"d": 0.1470604, "p": 71, "v": 61, "w": 0.0}], "pos": -0.9512911, "size": 1.0}, {"_time": 33.82422, "$id": 190, "pos": 0.5, "size": 1.0}, {"_time": 33.96875, "$id": 191, "sounds": [{"d": 0.1470604, "p": 69, "v": 59, "w": 0.0}], "pos": 1.5, "size": 1.1}, {"_time": 34.265625, "$id": 192, "sounds": [{"d": 0.294116974, "p": 69, "v": 57, "w": 0.0}], "pos": 1.5, "size": 1.1}, {"_time": 34.265625, "$id": 193, "sounds": [{"d": 0.294116974, "p": 71, "v": 57, "w": 0.0}], "pos": -0.9512911, "size": 1.1}, {"_time": 34.70703, "$id": 194, "pos": 2.0, "size": 1.0}, {"_time": 34.70703, "$id": 195, "sounds": [{"d": 0.1470604, "p": 71, "v": 58, "w": 0.0}], "pos": -0.5, "size": 1.0}, {"_time": 35.0, "$id": 196, "pos": 1.0, "size": 1.0}, {"_time": 35.1484375, "$id": 197, "pos": -0.5, "size": 1.0}, {"_time": 35.29297, "$id": 198, "pos": -0.434065819, "size": 1.0}, {"_time": 35.29297, "$id": 199, "sounds": [{"d": 0.1470604, "p": 71, "v": 61, "w": 0.0}], "pos": 2.0, "size": 1.1}, {"_time": 35.5898438, "$id": 200, "sounds": [{"d": 0.294116974, "p": 71, "v": 60, "w": 0.0}], "pos": 2.0, "size": 1.1}, {"_time": 35.5898438, "$id": 201, "sounds": [{"d": 0.294116974, "p": 69, "v": 60, "w": 0.0}], "pos": -1.0, "size": 1.1}, {"_time": 35.8828125, "$id": 202, "pos": -0.425498, "size": 1.0}, {"_time": 36.03125, "$id": 203, "sounds": [{"d": 0.1470604, "p": 71, "v": 61, "w": 0.0}], "pos": 1.0, "size": 1.0}, {"_time": 36.17578, "$id": 204, "pos": -0.5016842, "size": 1.0}, {"_time": 36.32422, "$id": 205, "sounds": [{"d": 0.1470604, "p": 69, "v": 61, "w": 0.0}], "pos": -2.0, "size": 1.1}, {"_time": 36.32422, "$id": 206, "sounds": [{"d": 0.1470604, "p": 71, "v": 61, "w": 0.0}], "pos": 1.0, "size": 1.1}, {"_time": 36.6171875, "$id": 207, "sounds": [{"d": 0.294116974, "p": 71, "v": 61, "w": 0.0}], "pos": 1.0, "size": 1.1}, {"_time": 36.765625, "$id": 208, "pos": -1.5, "size": 1.0}, {"_time": 37.0585938, "$id": 209, "pos": -0.9613848, "size": 1.0}, {"_time": 37.0585938, "$id": 210, "sounds": [{"d": 0.1470604, "p": 71, "v": 61, "w": 0.0}], "pos": 0.5, "size": 1.0}, {"_time": 37.3515625, "$id": 211, "sounds": [{"d": 0.1470604, "p": 64, "v": 61, "w": 0.0}], "pos": -1.5, "size": 1.0}, {"_time": 37.3515625, "$id": 212, "sounds": [{"d": 0.1470604, "p": 71, "v": 61, "w": 0.0}], "pos": 1.26373863, "size": 1.0}, {"_time": 37.6484375, "$id": 213, "sounds": [{"d": 0.1470604, "p": 71, "v": 78, "w": 0.0}], "pos": -2.0, "size": 1.0}, {"_time": 37.6484375, "$id": 214, "pos": 0.0, "size": 1.0}, {"_time": 37.9414063, "$id": 215, "sounds": [{"d": 0.294116974, "p": 71, "v": 78, "w": 0.0}], "pos": -2.0, "size": 1.0}, {"_time": 37.9414063, "$id": 216, "sounds": [{"d": 0.294116974, "p": 69, "v": 78, "w": 0.0}], "pos": 0.0, "size": 1.0}, {"_time": 38.234375, "$id": 217, "pos": 1.04945183, "size": 1.0}, {"_time": 38.3828125, "$id": 218, "sounds": [{"d": 0.1470604, "p": 71, "v": 78, "w": 0.0}], "pos": -1.278511, "size": 1.0}, {"_time": 38.53125, "$id": 219, "pos": 0.0, "size": 1.0}, {"_time": 38.67578, "$id": 220, "sounds": [{"d": 0.1470604, "p": 71, "v": 78, "w": 0.0}], "pos": -1.278511, "size": 1.0}, {"_time": 38.96875, "$id": 221, "sounds": [{"d": 0.294116974, "p": 69, "v": 78, "w": 0.0}], "pos": 1.0, "size": 1.0}, {"_time": 38.96875, "$id": 222, "sounds": [{"d": 0.294116974, "p": 71, "v": 78, "w": 0.0}], "pos": -1.278511, "size": 1.0}, {"_time": 39.1171875, "$id": 223, "pos": 0.09187698, "size": 1.0}, {"_time": 39.265625, "$id": 224, "pos": -0.98535347, "size": 1.0}, {"_time": 39.4101563, "$id": 225, "sounds": [{"d": 0.1470604, "p": 71, "v": 78, "w": 0.0}], "pos": 2.0, "size": 1.0}, {"_time": 39.70703, "$id": 226, "sounds": [{"d": 0.1470604, "p": 71, "v": 78, "w": 0.0}], "pos": 1.0, "size": 1.0}, {"_time": 39.8515625, "$id": 227, "pos": -1.17582417, "size": 1.0}, {"_time": 40.0, "$id": 228, "sounds": [{"d": 0.1470604, "p": 71, "v": 74, "w": 0.0}], "pos": 1.0, "size": 1.0}, {"_time": 40.29297, "$id": 229, "sounds": [{"d": 0.294116974, "p": 71, "v": 78, "w": 0.0}], "pos": -1.53846169, "size": 1.0}, {"_time": 40.4414063, "$id": 230, "pos": -0.186416626, "size": 1.0}, {"_time": 40.5898438, "$id": 231, "pos": 1.48535442, "size": 1.0}, {"_time": 40.734375, "$id": 232, "sounds": [{"d": 0.1470604, "p": 71, "v": 78, "w": 0.0}], "pos": -0.4670334, "size": 1.0}, {"_time": 41.03125, "$id": 233, "sounds": [{"d": 0.1470604, "p": 71, "v": 78, "w": 0.0}], "pos": -0.4670334, "size": 1.1}, {"_time": 41.03125, "$id": 234, "sounds": [{"d": 0.1470604, "p": 57, "v": 78, "w": 0.0}], "pos": 1.0, "size": 1.1}, {"_time": 41.32422, "$id": 235, "sounds": [{"d": 0.294116974, "p": 69, "v": 78, "w": 0.0}], "pos": -2.0, "size": 1.1}, {"_time": 41.32422, "$id": 236, "sounds": [{"d": 0.294116974, "p": 71, "v": 78, "w": 0.0}], "pos": 0.5, "size": 1.1}, {"_time": 41.6171875, "$id": 237, "pos": -1.5, "size": 1.1}, {"_time": 41.765625, "$id": 238, "sounds": [{"d": 0.1470604, "p": 71, "v": 78, "w": 0.0}], "pos": 1.0, "size": 1.1}, {"_time": 42.0585938, "$id": 239, "sounds": [{"d": 0.1470604, "p": 71, "v": 70, "w": 0.0}], "pos": -1.39680481, "size": 1.1}, {"_time": 42.3515625, "$id": 240, "sounds": [{"d": 1.02941132, "p": 61, "v": 7, "w": 0.0}], "pos": -0.543954849, "size": 1.1}, {"_time": 42.3515625, "$id": 241, "sounds": [{"d": 1.02941132, "p": 57, "v": 7, "w": 0.0}], "pos": 2.0, "size": 1.1}, {"_time": 43.3828125, "$id": 242, "sounds": [{"d": 1.3235321, "p": 60, "v": 3, "w": 0.0}], "pos": -1.2857132, "size": 1.0}, {"_time": 43.3828125, "$id": 243, "sounds": [{"d": 1.3235321, "p": 57, "v": 3, "w": 0.0}], "pos": 1.26923275, "size": 1.0}, {"_time": 44.70703, "$id": 244, "sounds": [{"d": 1.02941132, "p": 59, "v": 1, "w": 0.0}], "pos": -2.0, "size": 1.0}, {"_time": 44.70703, "$id": 245, "sounds": [{"d": 1.02941132, "p": 56, "v": 1, "w": 0.0}], "pos": 0.5, "size": 1.0}, {"_time": 45.734375, "$id": 246, "pos": 1.0, "size": 1.0}, {"_time": 45.73828, "$id": 247, "pos": -1.0, "size": 1.0}, {"_time": 47.0585938, "$id": 248, "sounds": [{"d": 1.02941132, "p": 57, "v": 2, "w": 0.0}], "pos": -2.0, "size": 1.2}, {"_time": 47.0585938, "$id": 249, "sounds": [{"d": 1.02941132, "p": 54, "v": 2, "w": 0.0}], "pos": 0.0, "size": 1.2}, {"_time": 48.0898438, "$id": 250, "sounds": [{"d": 1.3235321, "p": 56, "v": 4, "w": 0.0}], "pos": 1.35164833, "size": 1.0}, {"_time": 48.0898438, "$id": 251, "sounds": [{"d": 1.3235321, "p": 59, "v": 4, "w": 0.0}], "pos": -0.6437783, "size": 1.0}, {"_time": 49.4101563, "$id": 252, "sounds": [{"d": 1.02941132, "p": 57, "v": 8, "w": 0.0}], "pos": 0.9945059, "size": 1.0}, {"_time": 49.4101563, "$id": 253, "sounds": [{"d": 1.02941132, "p": 60, "v": 8, "w": 0.0}], "pos": -0.8406601, "size": 1.0}, {"_time": 50.4414063, "$id": 254, "sounds": [{"d": 0.735294342, "p": 59, "v": 8, "w": 0.0}], "pos": -1.5, "size": 1.0}, {"_time": 50.4414063, "$id": 255, "sounds": [{"d": 0.735294342, "p": 56, "v": 8, "w": 0.0}], "pos": 1.5, "size": 1.0}, {"_time": 51.765625, "$id": 256, "sounds": [{"d": 0.1470604, "p": 57, "v": 76, "w": 0.0}], "pos": 0.8015976, "size": 1.30000007}, {"_time": 51.765625, "$id": 257, "sounds": [{"d": 0.1470604, "p": 76, "v": 88, "w": 0.0}], "pos": -2.0, "size": 1.30000007}, {"_time": 52.0585938, "$id": 258, "sounds": [{"d": 0.2941208, "p": 52, "v": 76, "w": 0.0}], "pos": -0.1984024, "size": 1.30000007}, {"_time": 52.0585938, "$id": 259, "sounds": [{"d": 0.1470604, "p": 69, "v": 88, "w": 0.0}], "pos": -2.0, "size": 1.30000007}, {"_time": 52.3515625, "$id": 260, "sounds": [{"d": 0.1470604, "p": 71, "v": 88, "w": 0.0}], "pos": -0.7824583, "size": 1.0}, {"_time": 52.5, "$id": 261, "sounds": [{"d": 0.1470604, "p": 69, "v": 88, "w": 0.0}], "pos": 0.5, "size": 1.0}, {"_time": 52.6484375, "$id": 262, "pos": -1.0, "size": 1.0}, {"_time": 52.79297, "$id": 263, "sounds": [{"d": 0.1470604, "p": 76, "v": 88, "w": 0.0}], "pos": -2.0, "size": 1.0}, {"_time": 52.79297, "$id": 264, "sounds": [{"d": 0.1470604, "p": 49, "v": 76, "w": 0.0}], "pos": 0.5, "size": 1.0}, {"_time": 53.0898438, "$id": 265, "sounds": [{"d": 0.2941208, "p": 59, "v": 76, "w": 0.0}], "pos": 1.08791256, "size": 1.0}, {"_time": 53.234375, "$id": 266, "sounds": [{"d": 0.1470604, "p": 69, "v": 88, "w": 0.0}], "pos": -0.8076925, "size": 1.0}, {"_time": 53.3828125, "$id": 267, "pos": 1.5, "size": 1.0}, {"_time": 53.53125, "$id": 268, "sounds": [{"d": 0.1470604, "p": 49, "v": 76, "w": 0.0}], "pos": -1.39946747, "size": 1.0}, {"_time": 53.67578, "$id": 269, "pos": -0.3462057, "size": 1.0}, {"_time": 53.82422, "$id": 270, "sounds": [{"d": 0.1470604, "p": 49, "v": 76, "w": 0.0}], "pos": 0.9049759, "size": 1.0}, {"_time": 53.9726563, "$id": 271, "pos": -1.5, "size": 1.0}, {"_time": 54.1171875, "$id": 272, "sounds": [{"d": 0.1470604, "p": 76, "v": 88, "w": 0.0}], "pos": -0.551966667, "size": 1.4000001}, {"_time": 54.1171875, "$id": 273, "sounds": [{"d": 0.1470604, "p": 59, "v": 76, "w": 0.0}], "pos": 2.0, "size": 1.30000007}, {"_time": 54.4101563, "$id": 274, "sounds": [{"d": 0.1470604, "p": 69, "v": 88, "w": 0.0}], "pos": 2.0, "size": 1.30000007}, {"_time": 54.4101563, "$id": 275, "sounds": [{"d": 0.2941208, "p": 47, "v": 73, "w": 0.0}], "pos": 0.266311646, "size": 1.30000007}, {"_time": 54.70703, "$id": 276, "sounds": [{"d": 0.1470604, "p": 71, "v": 88, "w": 0.0}], "pos": 0.818431854, "size": 1.0}, {"_time": 54.8515625, "$id": 277, "sounds": [{"d": 0.1470604, "p": 69, "v": 88, "w": 0.0}], "pos": -1.36263752, "size": 1.0}, {"_time": 55.0, "$id": 278, "pos": 0.872837067, "size": 1.0}, {"_time": 55.1484375, "$id": 279, "sounds": [{"d": 0.1470604, "p": 76, "v": 88, "w": 0.0}], "pos": -0.183756828, "size": 1.0}, {"_time": 55.29297, "$id": 280, "pos": 2.0, "size": 1.0}, {"_time": 55.4414063, "$id": 281, "sounds": [{"d": 0.2941208, "p": 59, "v": 76, "w": 0.0}], "pos": -1.26373577, "size": 1.0}, {"_time": 55.734375, "$id": 282, "pos": 2.0, "size": 1.2}, {"_time": 55.734375, "$id": 283, "pos": -2.0, "size": 1.2}, {"_time": 56.03125, "$id": 284, "pos": 0.0, "size": 1.70000017}, {"_time": 56.17578, "$id": 285, "pos": 0.0, "size": 1.70000017}, {"_time": 56.4726563, "$id": 286, "sounds": [{"d": 0.1470604, "p": 76, "v": 88, "w": 0.0}], "pos": 0.560441, "size": 1.2}, {"_time": 56.4726563, "$id": 287, "sounds": [{"d": 0.1470604, "p": 59, "v": 76, "w": 0.0}], "pos": -2.0, "size": 1.2}, {"_time": 56.765625, "$id": 288, "sounds": [{"d": 0.2941208, "p": 50, "v": 76, "w": 0.0}], "pos": 0.0, "size": 1.2}, {"_time": 56.765625, "$id": 289, "sounds": [{"d": 0.1470604, "p": 69, "v": 88, "w": 0.0}], "pos": -2.0, "size": 1.2}, {"_time": 57.0585938, "$id": 290, "sounds": [{"d": 0.1470604, "p": 71, "v": 88, "w": 0.0}], "pos": 0.226230621, "size": 1.0}, {"_time": 57.20703, "$id": 291, "sounds": [{"d": 0.1470604, "p": 69, "v": 88, "w": 0.0}], "pos": -1.2582407, "size": 1.0}, {"_time": 57.3515625, "$id": 292, "pos": 1.0, "size": 1.0}, {"_time": 57.5, "$id": 293, "sounds": [{"d": 0.1470604, "p": 59, "v": 76, "w": 0.0}], "pos": 0.0, "size": 1.0}, {"_time": 57.5, "$id": 294, "sounds": [{"d": 0.1470604, "p": 76, "v": 88, "w": 0.0}], "pos": 2.0, "size": 1.0}, {"_time": 57.79297, "$id": 295, "sounds": [{"d": 0.2941208, "p": 59, "v": 76, "w": 0.0}], "pos": -1.35714245, "size": 1.0}, {"_time": 57.9414063, "$id": 296, "sounds": [{"d": 0.1470604, "p": 69, "v": 88, "w": 0.0}], "pos": 1.24725246, "size": 1.0}, {"_time": 58.0898438, "$id": 297, "pos": -0.488016129, "size": 1.0}, {"_time": 58.234375, "$id": 298, "sounds": [{"d": 0.1470604, "p": 71, "v": 88, "w": 0.0}], "pos": 0.5079422, "size": 1.0}, {"_time": 58.3828125, "$id": 299, "pos": 1.70384693, "size": 1.0}, {"_time": 58.53125, "$id": 300, "sounds": [{"d": 0.1470604, "p": 69, "v": 88, "w": 0.0}], "pos": -1.06044579, "size": 1.0}, {"_time": 58.67578, "$id": 301, "pos": -0.027179718, "size": 1.0}, {"_time": 58.82422, "$id": 302, "sounds": [{"d": 0.1470604, "p": 47, "v": 76, "w": 0.0}], "pos": -2.0, "size": 1.2}, {"_time": 58.82422, "$id": 303, "sounds": [{"d": 0.1470604, "p": 76, "v": 88, "w": 0.0}], "pos": 1.13853931, "size": 1.2}, {"_time": 59.1171875, "$id": 304, "sounds": [{"d": 0.1470604, "p": 69, "v": 88, "w": 0.0}], "pos": 0.921490669, "size": 1.0}, {"_time": 59.265625, "$id": 305, "pos": -0.178208351, "size": 1.0}, {"_time": 59.4101563, "$id": 306, "sounds": [{"d": 0.1470604, "p": 71, "v": 88, "w": 0.0}], "pos": -1.23654366, "size": 1.0}, {"_time": 59.5585938, "$id": 307, "sounds": [{"d": 0.1470604, "p": 69, "v": 88, "w": 0.0}], "pos": 0.489802361, "size": 1.0}, {"_time": 59.8515625, "$id": 308, "sounds": [{"d": 0.1470604, "p": 59, "v": 76, "w": 0.0}], "pos": -2.0, "size": 1.30000007}, {"_time": 59.8515625, "$id": 309, "sounds": [{"d": 0.1470604, "p": 76, "v": 88, "w": 0.0}], "pos": 0.171696663, "size": 1.30000007}, {"_time": 60.1484375, "$id": 310, "sounds": [{"d": 0.2941208, "p": 59, "v": 76, "w": 0.0}], "pos": 1.37912083, "size": 1.30000007}, {"_time": 60.29297, "$id": 311, "pos": -0.731024742, "size": 1.0}, {"_time": 60.4414063, "$id": 312, "pos": 0.4957924, "size": 1.0}, {"_time": 60.5898438, "$id": 313, "sounds": [{"d": 0.1470604, "p": 71, "v": 88, "w": 0.0}], "pos": -1.710577, "size": 1.1}, {"_time": 60.8828125, "$id": 314, "sounds": [{"d": 0.1470604, "p": 69, "v": 88, "w": 0.0}], "pos": -0.351648331, "size": 1.1}, {"_time": 60.8828125, "$id": 315, "sounds": [{"d": 0.1470604, "p": 59, "v": 78, "w": 0.0}], "pos": 2.0, "size": 1.1}, {"_time": 61.17578, "$id": 316, "sounds": [{"d": 0.1470604, "p": 76, "v": 88, "w": 0.0}], "pos": 2.0, "size": 1.0}, {"_time": 61.17578, "$id": 317, "sounds": [{"d": 0.1470604, "p": 52, "v": 78, "w": 0.0}], "pos": -1.5, "size": 1.0}, {"_time": 61.4726563, "$id": 318, "sounds": [{"d": 0.1470604, "p": 81, "v": 31, "w": 0.0}], "pos": 2.0, "size": 1.0}, {"_time": 61.6171875, "$id": 319, "sounds": [{"d": 0.1470604, "p": 81, "v": 42, "w": 0.0}], "pos": 0.5, "size": 1.0}, {"_time": 61.765625, "$id": 320, "sounds": [{"d": 0.1470604, "p": 81, "v": 56, "w": 0.0}], "pos": 2.0, "size": 1.0}, {"_time": 61.9101563, "$id": 321, "sounds": [{"d": 0.1470604, "p": 81, "v": 70, "w": 0.0}], "pos": 0.5, "size": 1.0}, {"_time": 62.0585938, "$id": 322, "sounds": [{"d": 0.1470604, "p": 81, "v": 82, "w": 0.0}], "pos": 2.0, "size": 1.0}, {"_time": 62.20703, "$id": 323, "sounds": [{"d": 0.1470604, "p": 76, "v": 88, "w": 0.0}], "pos": -0.914114952, "size": 1.2}, {"_time": 62.5, "$id": 324, "sounds": [{"d": 0.1470604, "p": 81, "v": 32, "w": 0.0}], "pos": -2.0, "size": 1.0}, {"_time": 62.5, "$id": 325, "sounds": [{"d": 0.2941208, "p": 59, "v": 78, "w": 0.0}], "pos": 1.0, "size": 1.0}, {"_time": 62.6484375, "$id": 326, "sounds": [{"d": 0.1470604, "p": 81, "v": 39, "w": 0.0}], "pos": -0.5, "size": 1.0}, {"_time": 62.79297, "$id": 327, "sounds": [{"d": 0.1470604, "p": 81, "v": 49, "w": 0.0}], "pos": -2.0, "size": 1.0}, {"_time": 62.9414063, "$id": 328, "sounds": [{"d": 0.1470604, "p": 81, "v": 55, "w": 0.0}], "pos": -0.5, "size": 1.0}, {"_time": 63.0898438, "$id": 329, "sounds": [{"d": 0.1470604, "p": 81, "v": 62, "w": 0.0}], "pos": -2.0, "size": 1.0}, {"_time": 63.234375, "$id": 330, "sounds": [{"d": 0.1470604, "p": 59, "v": 78, "w": 0.0}], "pos": 0.0, "size": 1.0}, {"_time": 63.3828125, "$id": 331, "sounds": [{"d": 0.1470604, "p": 81, "v": 84, "w": 0.0}], "pos": -2.0, "size": 1.0}, {"_time": 63.53125, "$id": 332, "sounds": [{"d": 0.1470604, "p": 47, "v": 76, "w": 0.0}], "pos": -2.0, "size": 1.0}, {"_time": 63.53125, "$id": 333, "sounds": [{"d": 0.1470604, "p": 76, "v": 88, "w": 0.0}], "pos": 1.0, "size": 1.2}, {"_time": 63.82422, "$id": 334, "sounds": [{"d": 0.1470604, "p": 83, "v": 33, "w": 0.0}], "pos": 1.5, "size": 1.0}, {"_time": 63.9726563, "$id": 335, "sounds": [{"d": 0.1470604, "p": 83, "v": 38, "w": 0.0}], "pos": 0.5, "size": 1.0}, {"_time": 64.11719, "$id": 336, "sounds": [{"d": 0.14705658, "p": 83, "v": 52, "w": 0.0}], "pos": 1.5, "size": 1.0}, {"_time": 64.265625, "$id": 337, "sounds": [{"d": 0.14705658, "p": 83, "v": 61, "w": 0.0}], "pos": 0.5, "size": 1.0}, {"_time": 64.41016, "$id": 338, "sounds": [{"d": 0.14705658, "p": 83, "v": 76, "w": 0.0}], "pos": 1.5, "size": 1.0}, {"_time": 64.55859, "$id": 339, "sounds": [{"d": 0.14705658, "p": 76, "v": 88, "w": 0.0}], "pos": -1.0, "size": 1.2}, {"_time": 64.85156, "$id": 340, "sounds": [{"d": 0.14705658, "p": 81, "v": 78, "w": 0.0}], "pos": -0.008655548, "size": 1.0}, {"_time": 65.0, "$id": 341, "sounds": [{"d": 0.14705658, "p": 81, "v": 78, "w": 0.0}], "pos": -1.5, "size": 1.0}, {"_time": 65.14844, "$id": 342, "sounds": [{"d": 0.14705658, "p": 81, "v": 78, "w": 0.0}], "pos": -0.008655548, "size": 1.0}, {"_time": 65.29297, "$id": 343, "sounds": [{"d": 0.14705658, "p": 81, "v": 78, "w": 0.0}], "pos": -1.5, "size": 1.0}, {"_time": 65.390625, "$id": 344, "sounds": [{"d": 0.0735321045, "p": 84, "v": 12, "w": 0.0}], "pos": 1.0, "size": 0.799999952}, {"_time": 65.44141, "$id": 345, "sounds": [{"d": 0.0735321045, "p": 85, "v": 78, "w": 0.0}], "pos": -0.3015976, "size": 0.799999952}, {"_time": 65.515625, "$id": 346, "sounds": [{"d": 0.0735321045, "p": 86, "v": 78, "w": 0.0}], "pos": 1.0, "size": 0.799999952}, {"_time": 65.58984, "$id": 347, "sounds": [{"d": 0.14705658, "p": 85, "v": 78, "w": 0.0}], "pos": -1.02063847, "size": 0.799999952}, {"_time": 65.734375, "$id": 348, "sounds": [{"d": 0.14705658, "p": 81, "v": 78, "w": 0.0}], "pos": 0.278294563, "size": 0.799999952}, {"_time": 65.88281, "$id": 349, "sounds": [{"d": 0.14705658, "p": 76, "v": 88, "w": 0.0}], "pos": 1.5, "size": 1.2}, {"_time": 66.17578, "$id": 350, "sounds": [{"d": 0.14705658, "p": 81, "v": 31, "w": 0.0}], "pos": 1.5, "size": 1.0}, {"_time": 66.32422, "$id": 351, "sounds": [{"d": 0.14705658, "p": 81, "v": 42, "w": 0.0}], "pos": 0.0, "size": 1.0}, {"_time": 66.47266, "$id": 352, "sounds": [{"d": 0.14705658, "p": 81, "v": 56, "w": 0.0}], "pos": 1.5, "size": 1.0}, {"_time": 66.61719, "$id": 353, "sounds": [{"d": 0.14705658, "p": 81, "v": 70, "w": 0.0}], "pos": 0.0, "size": 1.0}, {"_time": 66.765625, "$id": 354, "sounds": [{"d": 0.14705658, "p": 81, "v": 82, "w": 0.0}], "pos": 1.5, "size": 1.0}, {"_time": 66.91016, "$id": 355, "sounds": [{"d": 0.14705658, "p": 76, "v": 88, "w": 0.0}], "pos": -1.0, "size": 1.2}, {"_time": 67.20703, "$id": 356, "sounds": [{"d": 0.294113159, "p": 59, "v": 78, "w": 0.0}], "pos": 1.0, "size": 1.1}, {"_time": 67.20703, "$id": 357, "sounds": [{"d": 0.14705658, "p": 81, "v": 32, "w": 0.0}], "pos": -2.0, "size": 1.1}, {"_time": 67.35156, "$id": 358, "sounds": [{"d": 0.14705658, "p": 81, "v": 39, "w": 0.0}], "pos": -0.5, "size": 1.0}, {"_time": 67.5, "$id": 359, "sounds": [{"d": 0.14705658, "p": 81, "v": 49, "w": 0.0}], "pos": -2.0, "size": 1.0}, {"_time": 67.64844, "$id": 360, "sounds": [{"d": 0.14705658, "p": 81, "v": 55, "w": 0.0}], "pos": -0.5, "size": 1.0}, {"_time": 67.79297, "$id": 361, "sounds": [{"d": 0.14705658, "p": 81, "v": 62, "w": 0.0}], "pos": -2.0, "size": 1.0}, {"_time": 67.94141, "$id": 362, "sounds": [{"d": 0.14705658, "p": 81, "v": 75, "w": 0.0}], "pos": -2.0, "size": 1.0}, {"_time": 67.94141, "$id": 363, "sounds": [{"d": 0.14705658, "p": 69, "v": 88, "w": 0.0}], "pos": 0.5, "size": 1.2}, {"_time": 68.234375, "$id": 364, "sounds": [{"d": 0.14705658, "p": 59, "v": 76, "w": 0.0}], "pos": -2.0, "size": 1.2}, {"_time": 68.234375, "$id": 365, "sounds": [{"d": 0.14705658, "p": 76, "v": 88, "w": 0.0}], "pos": 0.01382637, "size": 1.2}, {"_time": 68.53125, "$id": 366, "sounds": [{"d": 0.14705658, "p": 69, "v": 88, "w": 0.0}], "pos": -0.8681307, "size": 1.0}, {"_time": 68.67578, "$id": 367, "sounds": [{"d": 0.14705658, "p": 74, "v": 38, "w": 0.0}], "pos": 1.36813259, "size": 1.0}, {"_time": 68.82422, "$id": 368, "sounds": [{"d": 0.14705658, "p": 83, "v": 52, "w": 0.0}], "pos": -1.5, "size": 1.0}, {"_time": 68.97266, "$id": 369, "sounds": [{"d": 0.14705658, "p": 69, "v": 88, "w": 0.0}], "pos": -1.5, "size": 1.0}, {"_time": 69.11719, "$id": 370, "sounds": [{"d": 0.14705658, "p": 83, "v": 76, "w": 0.0}], "pos": -1.5, "size": 1.0}, {"_time": 69.265625, "$id": 371, "sounds": [{"d": 0.14705658, "p": 59, "v": 76, "w": 0.0}], "pos": 2.0, "size": 1.2}, {"_time": 69.55859, "$id": 372, "sounds": [{"d": 0.14705658, "p": 74, "v": 78, "w": 0.0}], "pos": 2.0, "size": 1.2}, {"_time": 69.70703, "$id": 373, "sounds": [{"d": 0.14705658, "p": 81, "v": 78, "w": 0.0}], "pos": -1.0, "size": 1.2}, {"_time": 69.85156, "$id": 374, "sounds": [{"d": 0.14705658, "p": 81, "v": 78, "w": 0.0}], "pos": 1.0, "size": 1.1}, {"_time": 70.0, "$id": 375, "sounds": [{"d": 0.14705658, "p": 74, "v": 78, "w": 0.0}], "pos": -1.5, "size": 1.1}, {"_time": 70.0, "$id": 376, "sounds": [{"d": 0.14705658, "p": 81, "v": 78, "w": 0.0}], "pos": 1.0, "size": 1.1}, {"_time": 70.29297, "$id": 377, "pos": 0.0, "size": 1.1}, {"_time": 70.58984, "$id": 378, "sounds": [{"d": 0.147064209, "p": 81, "v": 101, "w": 0.0}], "pos": 2.0, "size": 1.2}, {"_time": 70.58984, "$id": 379, "sounds": [{"d": 0.147064209, "p": 74, "v": 101, "w": 0.0}], "pos": -2.0, "size": 1.2}, {"_time": 70.88281, "$id": 380, "sounds": [{"d": 0.294113159, "p": 81, "v": 104, "w": 0.0}], "pos": 2.0, "size": 1.2}, {"_time": 70.88281, "$id": 381, "sounds": [{"d": 0.294113159, "p": 74, "v": 104, "w": 0.0}], "pos": -2.0, "size": 1.2}, {"_time": 71.32422, "$id": 382, "sounds": [{"d": 0.14705658, "p": 78, "v": 105, "w": 0.0}], "pos": 0.8736267, "size": 1.0}, {"_time": 71.47266, "$id": 383, "pos": -1.0, "size": 1.0}, {"_time": 71.61719, "$id": 384, "sounds": [{"d": 0.2941208, "p": 76, "v": 104, "w": 0.0}], "pos": -1.0, "size": 1.0}, {"_time": 71.765625, "$id": 385, "pos": 0.286952019, "size": 1.0}, {"_time": 71.91016, "$id": 386, "sounds": [{"d": 0.14705658, "p": 76, "v": 103, "w": 0.0}], "pos": 1.5, "size": 1.0}, {"_time": 72.05859, "$id": 387, "sounds": [{"d": 0.14705658, "p": 71, "v": 103, "w": 0.0}], "pos": -0.0421218872, "size": 1.0}, {"_time": 72.20703, "$id": 388, "sounds": [{"d": 0.14705658, "p": 69, "v": 102, "w": 0.0}], "pos": -1.60912228, "size": 1.0}, {"_time": 72.35156, "$id": 389, "pos": -0.397999763, "size": 1.0}, {"_time": 72.5, "$id": 390, "sounds": [{"d": 0.0735321045, "p": 67, "v": 59, "w": 0.0}], "pos": 2.0, "size": 1.1}, {"_time": 72.57422, "$id": 391, "sounds": [{"d": 0.0735321045, "p": 68, "v": 83, "w": 0.0}], "pos": 0.5, "size": 1.1}, {"_time": 72.64844, "$id": 392, "sounds": [{"d": 0.14705658, "p": 69, "v": 105, "w": 0.0}], "pos": 2.0, "size": 1.1}, {"_time": 72.79297, "$id": 393, "sounds": [{"d": 0.147064209, "p": 67, "v": 103, "w": 0.0}], "pos": -1.0, "size": 1.2}, {"_time": 72.86719, "$id": 394, "sounds": [{"d": 0.0735321045, "p": 68, "v": 38, "w": 0.0}], "pos": 0.5, "size": 1.2}, {"_time": 72.94141, "$id": 395, "sounds": [{"d": 0.14705658, "p": 69, "v": 104, "w": 0.0}], "pos": -1.0, "size": 1.2}, {"_time": 73.234375, "$id": 396, "sounds": [{"d": 0.2941208, "p": 76, "v": 104, "w": 0.0}], "pos": 1.0, "size": 1.30000007}, {"_time": 73.234375, "$id": 397, "sounds": [{"d": 0.2941208, "p": 69, "v": 104, "w": 0.0}], "pos": -2.0, "size": 1.30000007}, {"_time": 73.53125, "$id": 398, "sounds": [{"d": 0.294113159, "p": 64, "v": 106, "w": 0.0}], "pos": -2.0, "size": 1.1}, {"_time": 73.67578, "$id": 399, "pos": 1.0, "size": 1.0}, {"_time": 73.82422, "$id": 400, "sounds": [{"d": 0.294113159, "p": 71, "v": 106, "w": 0.0}], "pos": -1.29982758, "size": 1.1}, {"_time": 73.97266, "$id": 401, "pos": 1.0, "size": 1.0}, {"_time": 74.11719, "$id": 402, "sounds": [{"d": 0.14705658, "p": 76, "v": 104, "w": 0.0}], "pos": -0.8192949, "size": 1.1}, {"_time": 74.265625, "$id": 403, "sounds": [{"d": 0.2941208, "p": 80, "v": 104, "w": 0.0}], "pos": 0.9826889, "size": 1.0}, {"_time": 74.55859, "$id": 404, "sounds": [{"d": 0.441177368, "p": 81, "v": 104, "w": 0.0}], "pos": 1.5, "size": 1.1}, {"_time": 74.55859, "$id": 405, "sounds": [{"d": 0.441177368, "p": 69, "v": 104, "w": 0.0}], "pos": -0.5, "size": 1.1}, {"_time": 74.85156, "$id": 406, "sounds": [{"d": 0.0735321045, "p": 83, "v": 54, "w": 0.0}], "pos": 0.229698181, "size": 0.9}, {"_time": 74.92578, "$id": 407, "sounds": [{"d": 0.0735321045, "p": 84, "v": 70, "w": 0.0}], "pos": 2.0, "size": 0.9}, {"_time": 75.0, "$id": 408, "sounds": [{"d": 0.14705658, "p": 83, "v": 105, "w": 0.0}], "pos": 0.229698181, "size": 0.9}, {"_time": 75.14844, "$id": 409, "sounds": [{"d": 0.14705658, "p": 81, "v": 105, "w": 0.0}], "pos": -0.301756859, "size": 0.9}, {"_time": 75.29297, "$id": 410, "sounds": [{"d": 0.14705658, "p": 81, "v": 105, "w": 0.0}], "pos": -1.5, "size": 1.1}, {"_time": 75.58984, "$id": 411, "sounds": [{"d": 0.294113159, "p": 81, "v": 105, "w": 0.0}], "pos": -1.5, "size": 1.2}, {"_time": 75.58984, "$id": 412, "sounds": [{"d": 0.294113159, "p": 74, "v": 105, "w": 0.0}], "pos": 1.0, "size": 1.2}, {"_time": 75.88281, "$id": 413, "pos": -0.6684408, "size": 1.0}, {"_time": 76.0, "$id": 414, "sounds": [{"d": 0.0643386841, "p": 77, "v": 19, "w": 0.0}], "pos": 1.5, "size": 1.2}, {"_time": 76.03125, "$id": 415, "sounds": [{"d": 0.14705658, "p": 78, "v": 104, "w": 0.0}], "pos": 2.0, "size": 1.2}, {"_time": 76.17578, "$id": 416, "pos": 0.5858841, "size": 1.0}, {"_time": 76.29297, "$id": 417, "sounds": [{"d": 0.0306396484, "p": 75, "v": 62, "w": 0.0}], "pos": -1.35164928, "size": 1.2}, {"_time": 76.32422, "$id": 418, "sounds": [{"d": 0.294113159, "p": 76, "v": 102, "w": 0.0}], "pos": -1.93014526, "size": 1.2}, {"_time": 76.61719, "$id": 419, "sounds": [{"d": 0.0735321045, "p": 69, "v": 102, "w": 0.0}], "pos": 1.0, "size": 1.2}, {"_time": 76.765625, "$id": 420, "sounds": [{"d": 0.294113159, "p": 69, "v": 101, "w": 0.0}], "pos": 1.0, "size": 1.2}, {"_time": 76.91016, "$id": 421, "pos": -0.5, "size": 1.0}, {"_time": 77.05859, "$id": 422, "pos": 0.9913435, "size": 1.0}, {"_time": 77.20703, "$id": 423, "sounds": [{"d": 0.14705658, "p": 69, "v": 102, "w": 0.0}], "pos": -1.42609978, "size": 1.0}, {"_time": 77.35156, "$id": 424, "sounds": [{"d": 0.0735321045, "p": 71, "v": 97, "w": 0.0}], "pos": -0.156869888, "size": 1.0}, {"_time": 77.5, "$id": 425, "sounds": [{"d": 0.14705658, "p": 69, "v": 66, "w": 0.0}], "pos": -1.42609978, "size": 1.0}, {"_time": 77.64844, "$id": 426, "sounds": [{"d": 0.294113159, "p": 74, "v": 102, "w": 0.0}], "pos": 2.0, "size": 1.0}, {"_time": 77.79297, "$id": 427, "pos": 2.0, "size": 1.0}, {"_time": 77.94141, "$id": 428, "sounds": [{"d": 0.0735321045, "p": 71, "v": 97, "w": 0.0}], "pos": -0.8814907, "size": 1.2}, {"_time": 78.015625, "$id": 429, "sounds": [{"d": 0.0735321045, "p": 72, "v": 96, "w": 0.0}], "pos": 0.100893021, "size": 1.2}, {"_time": 78.08984, "$id": 430, "sounds": [{"d": 0.294113159, "p": 74, "v": 101, "w": 0.0}], "pos": 1.2106638, "size": 1.2}, {"_time": 78.234375, "$id": 431, "pos": -2.0, "size": 1.2}, {"_time": 78.38281, "$id": 432, "sounds": [{"d": 0.0735321045, "p": 73, "v": 101, "w": 0.0}], "pos": -0.834266663, "size": 1.2}, {"_time": 78.53125, "$id": 433, "sounds": [{"d": 0.0735321045, "p": 71, "v": 57, "w": 0.0}], "pos": 0.4248104, "size": 1.2}, {"_time": 78.67578, "$id": 434, "pos": 1.91499329, "size": 1.50000012}, {"_time": 78.67578, "$id": 435, "sounds": [{"d": 0.735298157, "p": 69, "v": 104, "w": 0.0}], "pos": -0.789061546, "size": 1.2}, {"_time": 78.71484, "$id": 436, "pos": 1.66499329, "size": 1.30000007}, {"_time": 78.75, "$id": 437, "pos": 1.41499329, "size": 1.30000007}, {"_time": 78.82422, "$id": 438, "pos": 1.16499329, "size": 1.30000007}, {"_time": 78.89844, "$id": 439, "pos": 0.9149933, "size": 1.30000007}, {"_time": 78.97266, "$id": 440, "pos": 0.6649933, "size": 1.2}, {"_time": 79.07031, "$id": 441, "pos": 0.4149933, "size": 1.2}, {"_time": 79.16797, "$id": 442, "pos": 0.164993286, "size": 1.2}, {"_time": 79.265625, "$id": 443, "pos": -0.0850067139, "size": 1.0}, {"_time": 79.46094, "$id": 444, "pos": -0.574687, "size": 0.9}, {"_time": 80.0, "$id": 445, "pos": -1.5, "size": 0.9}, {"_time": 80.29297, "$id": 446, "pos": 1.43674374, "size": 0.9}, {"_time": 80.44141, "$id": 447, "pos": 0.2869501, "size": 0.9}, {"_time": 80.58984, "$id": 448, "pos": -0.941292763, "size": 0.9}, {"_time": 80.734375, "$id": 449, "pos": 1.8362112, "size": 0.9}, {"_time": 81.03125, "$id": 450, "pos": -2.0, "size": 0.9}, {"_time": 81.32422, "$id": 451, "pos": 1.38402939, "size": 0.9}, {"_time": 81.61719, "$id": 452, "pos": -1.0, "size": 0.9}, {"_time": 81.765625, "$id": 453, "pos": 0.5, "size": 0.9}, {"_time": 81.91016, "$id": 454, "pos": -1.0, "size": 0.9}, {"_time": 82.05859, "$id": 455, "pos": 0.5, "size": 1.0}, {"_time": 82.13281, "$id": 456, "pos": 1.0, "size": 1.0}, {"_time": 82.20703, "$id": 457, "pos": 1.42609787, "size": 1.0}, {"_time": 82.28125, "$id": 458, "pos": 1.77230358, "size": 1.0}, {"_time": 82.35156, "$id": 459, "pos": 2.0, "size": 1.0}, {"_time": 82.35156, "$id": 460, "pos": -2.0, "size": 1.0}, {"_time": 82.5, "$id": 461, "pos": -2.0, "size": 1.0}, {"_time": 82.64844, "$id": 462, "pos": 0.5, "size": 1.0}, {"_time": 82.94141, "$id": 463, "sounds": [{"d": 0.14705658, "p": 71, "v": 67, "w": 0.0}], "pos": -0.8339195, "size": 1.0}, {"_time": 83.08984, "$id": 464, "sounds": [{"d": 0.14705658, "p": 73, "v": 77, "w": 0.0}], "pos": 0.762235641, "size": 1.0}, {"_time": 83.38281, "$id": 465, "sounds": [{"d": 0.735298157, "p": 73, "v": 15, "w": 0.0}], "pos": 2.0, "size": 1.0}, {"_time": 83.38281, "$id": 466, "sounds": [{"d": 0.735298157, "p": 69, "v": 63, "w": 0.0}], "pos": -2.0, "size": 1.0}, {"_time": 83.67578, "$id": 467, "pos": -1.0, "size": 1.0}, {"_time": 83.97266, "$id": 468, "pos": 1.5, "size": 1.0}, {"_time": 84.11719, "$id": 469, "sounds": [{"d": 0.122550964, "p": 64, "v": 18, "w": 0.0}], "pos": -1.398376, "size": 1.0}, {"_time": 84.21484, "$id": 470, "sounds": [{"d": 0.122558594, "p": 66, "v": 23, "w": 0.0}], "pos": 0.297279835, "size": 1.0}, {"_time": 84.3125, "$id": 471, "sounds": [{"d": 0.122558594, "p": 68, "v": 32, "w": 0.0}], "pos": -0.5120797, "size": 1.0}, {"_time": 84.41016, "$id": 472, "sounds": [{"d": 0.122558594, "p": 66, "v": 45, "w": 0.0}], "pos": 0.755895138, "size": 1.0}, {"_time": 84.51172, "$id": 473, "sounds": [{"d": 0.122558594, "p": 68, "v": 54, "w": 0.0}], "pos": -1.2005744, "size": 1.0}, {"_time": 84.609375, "$id": 474, "sounds": [{"d": 0.122558594, "p": 69, "v": 55, "w": 0.0}], "pos": -0.109573841, "size": 1.0}, {"_time": 84.70703, "$id": 475, "sounds": [{"d": 0.5882416, "p": 62, "v": 75, "w": 0.0}], "pos": 1.0, "size": 1.0}, {"_time": 84.70703, "$id": 476, "sounds": [{"d": 0.5882416, "p": 66, "v": 37, "w": 0.0}], "pos": -1.72219419, "size": 1.0}, {"_time": 84.85156, "$id": 477, "pos": -1.69573879, "size": 1.0}, {"_time": 85.0, "$id": 478, "pos": 2.0, "size": 1.0}, {"_time": 85.29297, "$id": 479, "pos": -0.00599193573, "size": 1.0}, {"_time": 85.44141, "$id": 480, "sounds": [{"d": 0.2941208, "p": 57, "v": 69, "w": 0.0}], "pos": -2.0, "size": 1.0}, {"_time": 85.734375, "$id": 481, "sounds": [{"d": 0.14705658, "p": 63, "v": 61, "w": 0.0}], "pos": 1.0, "size": 1.0}, {"_time": 85.734375, "$id": 482, "sounds": [{"d": 1.32352448, "p": 49, "v": 10, "w": 0.0}], "pos": -1.5, "size": 1.0}, {"_time": 85.77344, "$id": 483, "sounds": [{"d": 0.7352905, "p": 64, "v": 58, "w": 0.0}], "pos": 1.5, "size": 1.0}, {"_time": 86.03125, "$id": 484, "pos": 0.61251545, "size": 1.0}, {"_time": 86.17578, "$id": 485, "pos": -0.3282299, "size": 1.0}, {"_time": 86.32422, "$id": 486, "pos": 0.61251545, "size": 1.0}, {"_time": 86.47266, "$id": 487, "sounds": [{"d": 0.294113159, "p": 66, "v": 61, "w": 0.0}], "pos": 2.0, "size": 1.0}, {"_time": 86.765625, "$id": 488, "sounds": [{"d": 0.2941208, "p": 64, "v": 57, "w": 0.0}], "pos": -1.3131876, "size": 1.0}, {"_time": 87.03516, "$id": 489, "sounds": [{"d": 0.147064209, "p": 68, "v": 20, "w": 0.0}], "pos": 0.7832413, "size": 1.0}, {"_time": 87.05859, "$id": 490, "sounds": [{"d": 0.5882416, "p": 69, "v": 75, "w": 0.0}], "pos": 1.37882614, "size": 1.0}, {"_time": 87.20703, "$id": 491, "pos": -1.0, "size": 1.0}, {"_time": 87.35156, "$id": 492, "pos": 0.5, "size": 1.0}, {"_time": 87.5, "$id": 493, "pos": -1.0, "size": 1.0}, {"_time": 87.64844, "$id": 494, "pos": -1.0, "size": 1.0}, {"_time": 87.79297, "$id": 495, "sounds": [{"d": 0.14705658, "p": 59, "v": 56, "w": 0.0}], "pos": 1.130456, "size": 1.0}, {"_time": 88.08984, "$id": 496, "sounds": [{"d": 1.3235321, "p": 45, "v": 13, "w": 0.0}], "pos": 0.2857151, "size": 1.0}, {"_time": 88.08984, "$id": 497, "sounds": [{"d": 1.3235321, "p": 57, "v": 58, "w": 0.0}], "pos": -2.0, "size": 1.0}, {"_time": 88.38281, "$id": 498, "pos": 1.0, "size": 1.0}, {"_time": 88.67578, "$id": 499, "pos": -0.6620493, "size": 1.0}, {"_time": 88.82422, "$id": 500, "pos": 1.0, "size": 1.0}, {"_time": 89.11719, "$id": 501, "pos": -1.5, "size": 1.0}, {"_time": 89.41016, "$id": 502, "sounds": [{"d": 0.14705658, "p": 71, "v": 41, "w": 0.0}], "pos": 2.0, "size": 1.1}, {"_time": 89.41016, "$id": 503, "sounds": [{"d": 0.14705658, "p": 69, "v": 41, "w": 0.0}], "pos": -2.0, "size": 1.1}, {"_time": 89.70703, "$id": 504, "sounds": [{"d": 0.2941208, "p": 71, "v": 41, "w": 0.0}], "pos": 2.0, "size": 1.1}, {"_time": 89.70703, "$id": 505, "sounds": [{"d": 0.2941208, "p": 69, "v": 41, "w": 0.0}], "pos": -2.0, "size": 1.1}, {"_time": 90.0, "$id": 506, "pos": -1.0, "size": 1.1}, {"_time": 90.14844, "$id": 507, "sounds": [{"d": 0.14705658, "p": 71, "v": 41, "w": 0.0}], "pos": 0.5, "size": 1.0}, {"_time": 90.44141, "$id": 508, "sounds": [{"d": 0.14705658, "p": 69, "v": 41, "w": 0.0}], "pos": -1.1797514, "size": 1.1}, {"_time": 90.44141, "$id": 509, "sounds": [{"d": 0.14705658, "p": 71, "v": 41, "w": 0.0}], "pos": 0.5, "size": 1.1}, {"_time": 90.734375, "$id": 510, "sounds": [{"d": 0.2941208, "p": 69, "v": 41, "w": 0.0}], "pos": -1.1797514, "size": 1.1}, {"_time": 90.734375, "$id": 511, "sounds": [{"d": 0.2941208, "p": 71, "v": 41, "w": 0.0}], "pos": 0.5, "size": 1.1}, {"_time": 91.03125, "$id": 512, "pos": 1.22718048, "size": 1.0}, {"_time": 91.17578, "$id": 513, "sounds": [{"d": 0.14705658, "p": 71, "v": 41, "w": 0.0}], "pos": -0.15755558, "size": 1.0}, {"_time": 91.32422, "$id": 514, "pos": -1.65113258, "size": 1.0}, {"_time": 91.46875, "$id": 515, "sounds": [{"d": 0.14705658, "p": 71, "v": 41, "w": 0.0}], "pos": -0.15755558, "size": 1.0}, {"_time": 91.61719, "$id": 516, "pos": 1.15978622, "size": 1.0}, {"_time": 91.765625, "$id": 517, "sounds": [{"d": 0.14705658, "p": 69, "v": 41, "w": 0.0}], "pos": -1.45023346, "size": 1.1}, {"_time": 91.765625, "$id": 518, "sounds": [{"d": 0.14705658, "p": 71, "v": 41, "w": 0.0}], "pos": 0.38748455, "size": 1.1}, {"_time": 92.05859, "$id": 519, "sounds": [{"d": 0.2941208, "p": 71, "v": 41, "w": 0.0}], "pos": -1.45317459, "size": 1.1}, {"_time": 92.05859, "$id": 520, "sounds": [{"d": 0.2941208, "p": 69, "v": 41, "w": 0.0}], "pos": 0.38748455, "size": 1.1}, {"_time": 92.35156, "$id": 521, "pos": -0.5, "size": 1.0}, {"_time": 92.5, "$id": 522, "sounds": [{"d": 0.14705658, "p": 71, "v": 41, "w": 0.0}], "pos": 1.79120827, "size": 1.0}, {"_time": 92.79297, "$id": 523, "sounds": [{"d": 0.14705658, "p": 69, "v": 41, "w": 0.0}], "pos": -1.49705887, "size": 1.1}, {"_time": 92.79297, "$id": 524, "sounds": [{"d": 0.14705658, "p": 71, "v": 41, "w": 0.0}], "pos": 0.5, "size": 1.1}, {"_time": 93.08984, "$id": 525, "sounds": [{"d": 0.2941208, "p": 69, "v": 41, "w": 0.0}], "pos": 0.5633812, "size": 1.1}, {"_time": 93.08984, "$id": 526, "sounds": [{"d": 0.2941208, "p": 71, "v": 41, "w": 0.0}], "pos": -1.5, "size": 1.1}, {"_time": 93.390625, "$id": 527, "pos": 0.1451397, "size": 1.0}, {"_time": 93.53125, "$id": 528, "sounds": [{"d": 0.14705658, "p": 71, "v": 41, "w": 0.0}], "pos": -2.0, "size": 1.0}, {"_time": 93.67578, "$id": 529, "pos": 1.54460621, "size": 1.0}, {"_time": 93.82422, "$id": 530, "sounds": [{"d": 0.14705658, "p": 71, "v": 41, "w": 0.0}], "pos": -0.5219784, "size": 1.0}, {"_time": 94.11719, "$id": 531, "sounds": [{"d": 0.14705658, "p": 71, "v": 41, "w": 0.0}], "pos": -0.5518713, "size": 1.1}, {"_time": 94.11719, "$id": 532, "sounds": [{"d": 0.14705658, "p": 69, "v": 41, "w": 0.0}], "pos": 1.4481287, "size": 1.1}, {"_time": 94.41016, "$id": 533, "sounds": [{"d": 0.2941208, "p": 69, "v": 41, "w": 0.0}], "pos": 1.4481287, "size": 1.1}, {"_time": 94.41016, "$id": 534, "sounds": [{"d": 0.2941208, "p": 71, "v": 41, "w": 0.0}], "pos": -0.5518713, "size": 1.1}, {"_time": 94.70703, "$id": 535, "pos": 0.0, "size": 1.0}, {"_time": 94.85156, "$id": 536, "sounds": [{"d": 0.14705658, "p": 71, "v": 41, "w": 0.0}], "pos": 2.0, "size": 1.0}, {"_time": 95.14844, "$id": 537, "sounds": [{"d": 0.14705658, "p": 71, "v": 41, "w": 0.0}], "pos": -0.393769264, "size": 1.1}, {"_time": 95.14844, "$id": 538, "sounds": [{"d": 0.14705658, "p": 69, "v": 41, "w": 0.0}], "pos": 1.60623074, "size": 1.1}, {"_time": 95.44141, "$id": 539, "sounds": [{"d": 0.2941208, "p": 69, "v": 41, "w": 0.0}], "pos": 1.60623074, "size": 1.1}, {"_time": 95.44141, "$id": 540, "sounds": [{"d": 0.2941208, "p": 71, "v": 41, "w": 0.0}], "pos": -0.393769264, "size": 1.1}, {"_time": 95.734375, "$id": 541, "pos": 0.0, "size": 1.0}, {"_time": 95.88281, "$id": 542, "sounds": [{"d": 0.14705658, "p": 71, "v": 41, "w": 0.0}], "pos": 1.15384579, "size": 1.0}, {"_time": 96.03125, "$id": 543, "pos": -1.5, "size": 1.0}, {"_time": 96.17578, "$id": 544, "sounds": [{"d": 0.14705658, "p": 71, "v": 41, "w": 0.0}], "pos": 0.352643967, "size": 1.0}, {"_time": 96.32422, "$id": 545, "pos": -1.0, "size": 1.0}, {"_time": 96.46875, "$id": 546, "sounds": [{"d": 0.14705658, "p": 71, "v": 41, "w": 0.0}], "pos": 1.32601166, "size": 1.1}, {"_time": 96.46875, "$id": 547, "sounds": [{"d": 0.14705658, "p": 69, "v": 41, "w": 0.0}], "pos": -1.01464748, "size": 1.1}, {"_time": 96.765625, "$id": 548, "sounds": [{"d": 0.2941208, "p": 69, "v": 41, "w": 0.0}], "pos": -1.01464748, "size": 1.1}, {"_time": 96.765625, "$id": 549, "sounds": [{"d": 0.2941208, "p": 71, "v": 41, "w": 0.0}], "pos": 1.32601166, "size": 1.1}, {"_time": 97.20703, "$id": 550, "sounds": [{"d": 0.14705658, "p": 71, "v": 41, "w": 0.0}], "pos": 0.0, "size": 1.0}, {"_time": 97.5, "$id": 551, "sounds": [{"d": 0.14705658, "p": 71, "v": 41, "w": 0.0}], "pos": 1.0, "size": 1.1}, {"_time": 97.5, "$id": 552, "sounds": [{"d": 0.14705658, "p": 69, "v": 41, "w": 0.0}], "pos": -1.12480545, "size": 1.1}, {"_time": 97.79297, "$id": 553, "sounds": [{"d": 0.2941208, "p": 71, "v": 41, "w": 0.0}], "pos": 1.0, "size": 1.1}, {"_time": 97.79297, "$id": 554, "sounds": [{"d": 0.2941208, "p": 69, "v": 41, "w": 0.0}], "pos": -1.12480545, "size": 1.1}, {"_time": 98.08984, "$id": 555, "pos": 0.0, "size": 1.0}, {"_time": 98.234375, "$id": 556, "sounds": [{"d": 0.14705658, "p": 71, "v": 41, "w": 0.0}], "pos": 1.5, "size": 1.0}, {"_time": 98.53125, "$id": 557, "sounds": [{"d": 0.14705658, "p": 57, "v": 41, "w": 0.0}], "pos": 0.0, "size": 1.0}, {"_time": 98.53125, "$id": 558, "sounds": [{"d": 0.14705658, "p": 64, "v": 41, "w": 0.0}], "pos": -2.0, "size": 1.0}, {"_time": 98.82422, "$id": 559, "sounds": [{"d": 0.441177368, "p": 50, "v": 81, "w": 0.0}], "pos": 0.0, "size": 1.1}, {"_time": 98.82422, "$id": 560, "sounds": [{"d": 0.441177368, "p": 64, "v": 81, "w": 0.0}], "pos": 1.73043346, "size": 1.1}, {"_time": 99.265625, "$id": 561, "sounds": [{"d": 0.441177368, "p": 64, "v": 81, "w": 0.0}], "pos": 2.0, "size": 1.1}, {"_time": 99.265625, "$id": 562, "sounds": [{"d": 0.441177368, "p": 56, "v": 81, "w": 0.0}], "pos": -0.854859352, "size": 1.1}, {"_time": 99.70703, "$id": 563, "sounds": [{"d": 1.47058868, "p": 64, "v": 77, "w": 0.0}], "pos": 0.557527542, "size": 1.1}, {"_time": 99.70703, "$id": 564, "sounds": [{"d": 1.47058868, "p": 59, "v": 77, "w": 0.0}], "pos": -1.54727077, "size": 1.1}, {"_time": 100.292969, "$id": 565, "pos": 2.0, "size": 1.0}, {"_time": 100.589844, "$id": 566, "pos": 0.9963255, "size": 1.0}, {"_time": 100.6875, "$id": 567, "pos": -0.6015444, "size": 1.0}, {"_time": 100.785156, "$id": 568, "pos": 0.5, "size": 1.1}, {"_time": 100.882813, "$id": 569, "pos": -1.01797485, "size": 1.1}, {"_time": 100.980469, "$id": 570, "pos": 0.5, "size": 1.2}, {"_time": 101.078125, "$id": 571, "pos": -1.0, "size": 1.1}, {"_time": 101.175781, "$id": 572, "sounds": [{"d": 0.441177368, "p": 54, "v": 77, "w": 0.0}], "pos": 1.5, "size": 1.2}, {"_time": 101.617188, "$id": 573, "sounds": [{"d": 0.441177368, "p": 56, "v": 79, "w": 0.0}], "pos": 0.483181953, "size": 1.2}, {"_time": 101.617188, "$id": 574, "sounds": [{"d": 0.441177368, "p": 64, "v": 79, "w": 0.0}], "pos": -2.0, "size": 1.2}, {"_time": 102.058594, "$id": 575, "sounds": [{"d": 1.47058868, "p": 59, "v": 79, "w": 0.0}], "pos": 2.0, "size": 1.2}, {"_time": 102.058594, "$id": 576, "sounds": [{"d": 1.47058868, "p": 57, "v": 79, "w": 0.0}], "pos": -0.215994835, "size": 1.2}, {"_time": 102.648438, "$id": 577, "pos": 2.0, "size": 1.0}, {"_time": 103.53125, "$id": 578, "sounds": [{"d": 0.7352905, "p": 47, "v": 84, "w": 0.0}], "pos": -2.0, "size": 1.1}, {"_time": 103.675781, "$id": 579, "sounds": [{"d": 0.588233948, "p": 50, "v": 84, "w": 0.0}], "pos": 0.06593418, "size": 1.1}, {"_time": 103.824219, "$id": 580, "sounds": [{"d": 0.441177368, "p": 54, "v": 84, "w": 0.0}], "pos": -1.0, "size": 1.1}, {"_time": 103.96875, "$id": 581, "sounds": [{"d": 0.2941208, "p": 57, "v": 84, "w": 0.0}], "pos": 0.9159255, "size": 1.0}, {"_time": 104.265625, "$id": 582, "sounds": [{"d": 0.2941208, "p": 62, "v": 84, "w": 0.0}], "pos": -0.5, "size": 1.0}, {"_time": 104.265625, "$id": 583, "sounds": [{"d": 0.2941208, "p": 66, "v": 84, "w": 0.0}], "pos": 1.51894808, "size": 1.0}, {"_time": 104.558594, "$id": 584, "sounds": [{"d": 1.029419, "p": 56, "v": 84, "w": 0.0}], "pos": 0.4141159, "size": 1.1}, {"_time": 104.558594, "$id": 585, "sounds": [{"d": 1.32353973, "p": 59, "v": 84, "w": 0.0}], "pos": -1.3340745, "size": 1.1}, {"_time": 105.292969, "$id": 586, "sounds": [{"d": 0.5882416, "p": 52, "v": 84, "w": 0.0}], "pos": 0.5, "size": 1.0}, {"_time": 105.589844, "$id": 587, "sounds": [{"d": 0.2941208, "p": 56, "v": 84, "w": 0.0}], "pos": -1.554945, "size": 1.0}, {"_time": 105.882813, "$id": 588, "sounds": [{"d": 1.029419, "p": 50, "v": 84, "w": 0.0}], "pos": 0.0152583122, "size": 1.1}, {"_time": 105.882813, "$id": 589, "sounds": [{"d": 1.029419, "p": 60, "v": 84, "w": 0.0}], "pos": 1.81470919, "size": 1.1}, {"_time": 106.175781, "$id": 590, "sounds": [{"d": 0.441177368, "p": 53, "v": 84, "w": 0.0}], "pos": 0.6813202, "size": 1.1}, {"_time": 106.324219, "$id": 591, "sounds": [{"d": 0.2941208, "p": 57, "v": 84, "w": 0.0}], "pos": -0.796703339, "size": 1.0}, {"_time": 106.617188, "$id": 592, "sounds": [{"d": 0.2941208, "p": 57, "v": 84, "w": 0.0}], "pos": 0.8902583, "size": 1.0}, {"_time": 106.910156, "$id": 593, "sounds": [{"d": 0.735298157, "p": 52, "v": 84, "w": 0.0}], "pos": -1.88992548, "size": 1.1}, {"_time": 106.910156, "$id": 594, "sounds": [{"d": 0.735298157, "p": 59, "v": 84, "w": 0.0}], "pos": 0.0206403732, "size": 1.1}, {"_time": 108.234375, "$id": 595, "sounds": [{"d": 0.14705658, "p": 74, "v": 85, "w": 0.0}], "pos": -2.0, "size": 1.30000007}, {"_time": 108.234375, "$id": 596, "sounds": [{"d": 0.14705658, "p": 81, "v": 85, "w": 0.0}], "pos": 0.648351669, "size": 1.30000007}, {"_time": 108.53125, "$id": 597, "sounds": [{"d": 0.294113159, "p": 74, "v": 88, "w": 0.0}], "pos": -2.0, "size": 1.30000007}, {"_time": 108.53125, "$id": 598, "sounds": [{"d": 0.294113159, "p": 81, "v": 88, "w": 0.0}], "pos": 0.648351669, "size": 1.30000007}, {"_time": 108.8125, "$id": 599, "sounds": [{"d": 0.0153198242, "p": 66, "v": 37, "w": 0.0}], "pos": -0.8131876, "size": 1.0}, {"_time": 108.972656, "$id": 600, "sounds": [{"d": 0.14705658, "p": 78, "v": 83, "w": 0.0}], "pos": 1.6344862, "size": 1.0}, {"_time": 109.117188, "$id": 601, "pos": 0.5, "size": 1.0}, {"_time": 109.265625, "$id": 602, "sounds": [{"d": 0.2941208, "p": 76, "v": 83, "w": 0.0}], "pos": -0.8480673, "size": 1.0}, {"_time": 109.558594, "$id": 603, "sounds": [{"d": 0.14705658, "p": 76, "v": 83, "w": 0.0}], "pos": -0.208919525, "size": 1.0}, {"_time": 109.707031, "$id": 604, "sounds": [{"d": 0.14705658, "p": 71, "v": 82, "w": 0.0}], "pos": 1.12637329, "size": 1.0}, {"_time": 109.851563, "$id": 605, "sounds": [{"d": 0.14705658, "p": 69, "v": 82, "w": 0.0}], "pos": -1.08391953, "size": 1.0}, {"_time": 110.0, "$id": 606, "pos": 0.5, "size": 1.0}, {"_time": 110.148438, "$id": 607, "sounds": [{"d": 0.0735321045, "p": 67, "v": 59, "w": 0.0}], "pos": -2.0, "size": 1.0}, {"_time": 110.222656, "$id": 608, "sounds": [{"d": 0.0735321045, "p": 68, "v": 83, "w": 0.0}], "pos": -0.5, "size": 1.0}, {"_time": 110.292969, "$id": 609, "sounds": [{"d": 0.14705658, "p": 69, "v": 83, "w": 0.0}], "pos": -2.0, "size": 1.0}, {"_time": 110.441406, "$id": 610, "sounds": [{"d": 0.147064209, "p": 67, "v": 82, "w": 0.0}], "pos": 0.8402138, "size": 1.0}, {"_time": 110.515625, "$id": 611, "sounds": [{"d": 0.0735321045, "p": 68, "v": 38, "w": 0.0}], "pos": -0.6597862, "size": 1.0}, {"_time": 110.589844, "$id": 612, "sounds": [{"d": 0.14705658, "p": 69, "v": 82, "w": 0.0}], "pos": 0.8402138, "size": 1.0}, {"_time": 110.882813, "$id": 613, "sounds": [{"d": 0.2941208, "p": 47, "v": 76, "w": 0.0}], "pos": 2.0, "size": 1.30000007}, {"_time": 110.882813, "$id": 614, "sounds": [{"d": 0.2941208, "p": 76, "v": 82, "w": 0.0}], "pos": -0.382459641, "size": 1.30000007}, {"_time": 111.175781, "$id": 615, "sounds": [{"d": 0.294113159, "p": 64, "v": 82, "w": 0.0}], "pos": 1.36813068, "size": 1.0}, {"_time": 111.324219, "$id": 616, "sounds": [{"d": 0.14705658, "p": 59, "v": 76, "w": 0.0}], "pos": -0.450550079, "size": 1.0}, {"_time": 111.472656, "$id": 617, "sounds": [{"d": 0.294113159, "p": 71, "v": 82, "w": 0.0}], "pos": 1.41208839, "size": 1.0}, {"_time": 111.617188, "$id": 618, "sounds": [{"d": 0.14705658, "p": 45, "v": 76, "w": 0.0}], "pos": -1.0, "size": 1.0}, {"_time": 111.765625, "$id": 619, "sounds": [{"d": 0.14705658, "p": 76, "v": 81, "w": 0.0}], "pos": -2.0, "size": 1.0}, {"_time": 111.910156, "$id": 620, "sounds": [{"d": 0.2941208, "p": 80, "v": 81, "w": 0.0}], "pos": 0.0163555145, "size": 1.0}, {"_time": 112.207031, "$id": 621, "sounds": [{"d": 0.441177368, "p": 69, "v": 80, "w": 0.0}], "pos": -1.42307854, "size": 1.0}, {"_time": 112.207031, "$id": 622, "sounds": [{"d": 0.441177368, "p": 81, "v": 80, "w": 0.0}], "pos": 0.993003845, "size": 1.0}, {"_time": 112.5, "$id": 623, "sounds": [{"d": 0.0735321045, "p": 83, "v": 58, "w": 0.0}], "pos": 0.106479645, "size": 0.9}, {"_time": 112.574219, "$id": 624, "sounds": [{"d": 0.0735321045, "p": 84, "v": 69, "w": 0.0}], "pos": 2.0, "size": 0.9}, {"_time": 112.648438, "$id": 625, "sounds": [{"d": 0.14705658, "p": 83, "v": 82, "w": 0.0}], "pos": 0.135635376, "size": 0.9}, {"_time": 112.792969, "$id": 626, "sounds": [{"d": 0.14705658, "p": 81, "v": 82, "w": 0.0}], "pos": -0.9208727, "size": 0.9}, {"_time": 112.941406, "$id": 627, "sounds": [{"d": 0.14705658, "p": 81, "v": 80, "w": 0.0}], "pos": -2.0, "size": 1.2}, {"_time": 112.941406, "$id": 628, "sounds": [{"d": 0.14705658, "p": 50, "v": 76, "w": 0.0}], "pos": 0.5, "size": 1.2}, {"_time": 113.234375, "$id": 629, "sounds": [{"d": 0.294113159, "p": 81, "v": 80, "w": 0.0}], "pos": 0.416080475, "size": 1.2}, {"_time": 113.234375, "$id": 630, "sounds": [{"d": 0.294113159, "p": 74, "v": 80, "w": 0.0}], "pos": -2.0, "size": 1.2}, {"_time": 113.515625, "$id": 631, "sounds": [{"d": 0.0153198242, "p": 66, "v": 37, "w": 0.0}], "pos": -0.813186646, "size": 1.0}, {"_time": 113.675781, "$id": 632, "sounds": [{"d": 0.14705658, "p": 78, "v": 78, "w": 0.0}], "pos": 1.0, "size": 1.0}, {"_time": 113.835938, "$id": 633, "pos": -1.80355072, "size": 1.0}, {"_time": 113.882813, "$id": 634, "sounds": [{"d": 0.0306396484, "p": 73, "v": 14, "w": 0.0}], "pos": 0.5, "size": 1.0}, {"_time": 113.914063, "$id": 635, "sounds": [{"d": 0.0306396484, "p": 74, "v": 40, "w": 0.0}], "pos": 1.0, "size": 1.0}, {"_time": 113.941406, "$id": 636, "sounds": [{"d": 0.0306396484, "p": 75, "v": 62, "w": 0.0}], "pos": 1.5, "size": 0.9}, {"_time": 113.972656, "$id": 637, "sounds": [{"d": 0.294113159, "p": 76, "v": 77, "w": 0.0}], "pos": 2.0, "size": 0.799999952}, {"_time": 114.109375, "$id": 638, "pos": -0.360852242, "size": 1.0}, {"_time": 114.265625, "$id": 639, "sounds": [{"d": 0.0735321045, "p": 69, "v": 77, "w": 0.0}], "pos": 1.13914776, "size": 1.0}, {"_time": 114.410156, "$id": 640, "sounds": [{"d": 0.294113159, "p": 69, "v": 76, "w": 0.0}], "pos": -0.301202774, "size": 1.0}, {"_time": 114.558594, "$id": 641, "pos": -0.301202774, "size": 1.0}, {"_time": 114.707031, "$id": 642, "sounds": [{"d": 0.14705658, "p": 49, "v": 76, "w": 0.0}], "pos": 1.43759775, "size": 1.0}, {"_time": 114.851563, "$id": 643, "sounds": [{"d": 0.14705658, "p": 69, "v": 76, "w": 0.0}], "pos": -1.21375275, "size": 1.0}, {"_time": 115.0, "$id": 644, "sounds": [{"d": 0.147064209, "p": 59, "v": 76, "w": 0.0}], "pos": 0.0239686966, "size": 1.0}, {"_time": 115.148438, "$id": 645, "sounds": [{"d": 0.14705658, "p": 69, "v": 66, "w": 0.0}], "pos": -2.0, "size": 1.0}, {"_time": 115.292969, "$id": 646, "sounds": [{"d": 0.14705658, "p": 52, "v": 76, "w": 0.0}], "pos": 0.585885048, "size": 1.1}, {"_time": 115.292969, "$id": 647, "sounds": [{"d": 0.294113159, "p": 74, "v": 75, "w": 0.0}], "pos": -0.952522755, "size": 1.1}, {"_time": 115.589844, "$id": 648, "sounds": [{"d": 0.0735321045, "p": 71, "v": 65, "w": 0.0}], "pos": -0.4041028, "size": 1.1}, {"_time": 115.660156, "$id": 649, "sounds": [{"d": 0.0735321045, "p": 72, "v": 78, "w": 0.0}], "pos": 0.8029704, "size": 1.1}, {"_time": 115.734375, "$id": 650, "sounds": [{"d": 0.294113159, "p": 74, "v": 77, "w": 0.0}], "pos": 2.0, "size": 1.1}, {"_time": 115.882813, "$id": 651, "pos": -1.5, "size": 1.0}, {"_time": 116.03125, "$id": 652, "sounds": [{"d": 0.0735321045, "p": 73, "v": 77, "w": 0.0}], "pos": 0.0, "size": 1.0}, {"_time": 116.175781, "$id": 653, "pos": -1.5, "size": 1.0}, {"_time": 116.324219, "$id": 654, "sounds": [{"d": 0.7352829, "p": 69, "v": 72, "w": 0.0}], "pos": 2.0, "size": 1.2}, {"_time": 116.324219, "$id": 655, "sounds": [{"d": 0.14705658, "p": 45, "v": 76, "w": 0.0}], "pos": -0.5, "size": 1.2}, {"_time": 116.617188, "$id": 656, "sounds": [{"d": 0.294113159, "p": 45, "v": 76, "w": 0.0}], "pos": -2.0, "size": 1.2}, {"_time": 116.617188, "$id": 657, "sounds": [{"d": 0.294113159, "p": 59, "v": 76, "w": 0.0}], "pos": 0.5, "size": 1.2}, {"_time": 116.910156, "$id": 658, "pos": 2.0, "size": 1.2}, {"_time": 117.058594, "$id": 659, "sounds": [{"d": 0.14705658, "p": 59, "v": 78, "w": 0.0}], "pos": -2.0, "size": 1.2}, {"_time": 117.058594, "$id": 660, "sounds": [{"d": 0.294113159, "p": 69, "v": 70, "w": 0.0}], "pos": 2.0, "size": 1.2}, {"_time": 117.351563, "$id": 661, "pos": 0.0, "size": 1.0}, {"_time": 117.648438, "$id": 662, "sounds": [{"d": 0.14705658, "p": 81, "v": 85, "w": 0.0}], "pos": 1.0, "size": 1.0}, {"_time": 117.648438, "$id": 663, "pos": -1.97935963, "size": 1.2}, {"_time": 117.792969, "$id": 664, "pos": 0.9934912, "size": 1.0}, {"_time": 117.941406, "$id": 665, "pos": -1.97935963, "size": 1.2}, {"_time": 118.089844, "$id": 666, "pos": 0.0, "size": 1.0}, {"_time": 118.234375, "$id": 667, "pos": -1.97935963, "size": 1.2}, {"_time": 118.382813, "$id": 668, "pos": -0.5, "size": 1.0}, {"_time": 118.527344, "$id": 669, "pos": -1.97935963, "size": 1.2}, {"_time": 118.675781, "$id": 670, "pos": 0.5, "size": 1.0}, {"_time": 118.835938, "$id": 671, "pos": -1.97935963, "size": 1.2}, {"_time": 118.972656, "$id": 672, "pos": -0.00599193573, "size": 1.0}, {"_time": 119.117188, "$id": 673, "pos": -1.97935963, "size": 1.2}, {"_time": 119.265625, "$id": 674, "pos": 0.0, "size": 1.0}, {"_time": 119.410156, "$id": 675, "pos": -1.97935963, "size": 1.2}, {"_time": 119.558594, "$id": 676, "sounds": [{"d": 0.0735321045, "p": 67, "v": 59, "w": 0.0}], "pos": 0.0, "size": 1.0}, {"_time": 119.558594, "$id": 677, "pos": -1.5, "size": 1.0}, {"_time": 119.632813, "$id": 678, "sounds": [{"d": 0.0735321045, "p": 68, "v": 83, "w": 0.0}], "pos": 0.5, "size": 1.0}, {"_time": 119.707031, "$id": 679, "sounds": [{"d": 0.14705658, "p": 69, "v": 83, "w": 0.0}], "pos": 1.02197838, "size": 1.0}, {"_time": 119.851563, "$id": 680, "pos": 1.5, "size": 1.0}, {"_time": 119.925781, "$id": 681, "pos": 0.0, "size": 1.0}, {"_time": 120.0, "$id": 682, "pos": 1.95272923, "size": 1.2}, {"_time": 120.148438, "$id": 683, "pos": -1.38748264, "size": 1.0}, {"_time": 120.292969, "$id": 684, "pos": 1.95272923, "size": 1.2}, {"_time": 120.441406, "$id": 685, "pos": -0.5619173, "size": 1.0}, {"_time": 120.589844, "$id": 686, "pos": 1.95272923, "size": 1.2}, {"_time": 120.734375, "$id": 687, "pos": 0.213047981, "size": 1.0}, {"_time": 120.882813, "$id": 688, "sounds": [{"d": 0.294113159, "p": 71, "v": 82, "w": 0.0}], "pos": 1.95272923, "size": 1.2}, {"_time": 121.03125, "$id": 689, "pos": -0.387482643, "size": 1.0}, {"_time": 121.179688, "$id": 690, "pos": 1.95272923, "size": 1.2}, {"_time": 121.324219, "$id": 691, "pos": -1.73368835, "size": 1.0}, {"_time": 121.472656, "$id": 692, "pos": 1.95272923, "size": 1.2}, {"_time": 121.617188, "$id": 693, "pos": 0.280957222, "size": 1.0}, {"_time": 121.765625, "$id": 694, "pos": -1.11251545, "size": 1.0}, {"_time": 121.910156, "$id": 695, "sounds": [{"d": 0.0735321045, "p": 83, "v": 58, "w": 0.0}], "pos": 0.313874245, "size": 0.9}, {"_time": 121.984375, "$id": 696, "sounds": [{"d": 0.0735321045, "p": 84, "v": 69, "w": 0.0}], "pos": 1.56851, "size": 0.9}, {"_time": 122.058594, "$id": 697, "sounds": [{"d": 0.14705658, "p": 83, "v": 82, "w": 0.0}], "pos": 0.3608532, "size": 0.9}, {"_time": 122.207031, "$id": 698, "sounds": [{"d": 0.14705658, "p": 81, "v": 82, "w": 0.0}], "pos": -1.01500607, "size": 0.9}, {"_time": 122.351563, "$id": 699, "sounds": [{"d": 0.14705658, "p": 81, "v": 80, "w": 0.0}], "pos": 1.0, "size": 1.1}, {"_time": 122.351563, "$id": 700, "pos": -2.0, "size": 1.1}, {"_time": 122.5, "$id": 701, "pos": -0.227696419, "size": 1.1}, {"_time": 122.648438, "$id": 702, "pos": -2.0, "size": 1.1}, {"_time": 122.792969, "$id": 703, "pos": -0.5, "size": 1.1}, {"_time": 122.941406, "$id": 704, "pos": 1.0, "size": 1.1}, {"_time": 123.089844, "$id": 705, "pos": -1.13315582, "size": 1.1}, {"_time": 123.292969, "$id": 706, "sounds": [{"d": 0.0306396484, "p": 73, "v": 14, "w": 0.0}], "pos": 0.615385056, "size": 1.1}, {"_time": 123.324219, "$id": 707, "sounds": [{"d": 0.0306396484, "p": 74, "v": 40, "w": 0.0}], "pos": 1.0, "size": 1.0}, {"_time": 123.351563, "$id": 708, "sounds": [{"d": 0.0306396484, "p": 75, "v": 62, "w": 0.0}], "pos": 1.5, "size": 1.0}, {"_time": 123.382813, "$id": 709, "sounds": [{"d": 0.294113159, "p": 76, "v": 77, "w": 0.0}], "pos": 1.82967, "size": 0.9}, {"_time": 123.523438, "$id": 710, "pos": -2.0, "size": 1.1}, {"_time": 123.675781, "$id": 711, "pos": -0.5, "size": 1.1}, {"_time": 123.75, "$id": 712, "pos": 0.5, "size": 1.1}, {"_time": 123.824219, "$id": 713, "pos": -0.5, "size": 1.1}, {"_time": 123.972656, "$id": 714, "pos": 1.0, "size": 1.1}, {"_time": 124.117188, "$id": 715, "pos": -1.5, "size": 1.1}, {"_time": 124.265625, "$id": 716, "pos": 0.5, "size": 1.1}, {"_time": 124.339844, "$id": 717, "pos": -0.5, "size": 1.1}, {"_time": 124.410156, "$id": 718, "pos": 0.5, "size": 1.1}, {"_time": 124.558594, "$id": 719, "pos": 0.5, "size": 1.1}, {"_time": 124.707031, "$id": 720, "pos": -1.0, "size": 1.30000007}, {"_time": 124.707031, "$id": 721, "pos": 1.5, "size": 1.30000007}, {"_time": 124.851563, "$id": 722, "pos": 0.0, "size": 1.1}, {"_time": 125.0, "$id": 723, "pos": 1.5, "size": 1.1}, {"_time": 125.148438, "$id": 724, "pos": -0.5, "size": 1.1}, {"_time": 125.222656, "$id": 725, "pos": 0.5, "size": 1.1}, {"_time": 125.292969, "$id": 726, "pos": -0.5, "size": 1.1}, {"_time": 125.371094, "$id": 727, "pos": 0.5, "size": 1.2}, {"_time": 125.441406, "$id": 728, "pos": -0.5, "size": 1.2}, {"_time": 125.515625, "$id": 729, "pos": 0.5, "size": 1.2}, {"_time": 125.589844, "$id": 730, "pos": -0.5, "size": 1.2}, {"_time": 125.664063, "$id": 731, "pos": 0.5, "size": 1.2}, {"_time": 125.734375, "$id": 732, "pos": -1.0, "size": 1.2}, {"_time": 126.027344, "$id": 733, "pos": -2.0, "size": 1.2}, {"_time": 126.03125, "$id": 734, "sounds": [{"d": 0.294113159, "p": 45, "v": 76, "w": 0.0}], "pos": 2.0, "size": 1.2}, {"_time": 126.324219, "$id": 735, "pos": 0.0, "size": 1.2}, {"_time": 126.46875, "$id": 736, "pos": -1.0, "size": 1.2}, {"_time": 126.472656, "$id": 737, "sounds": [{"d": 0.14705658, "p": 52, "v": 78, "w": 0.0}], "pos": 1.0, "size": 1.2}, {"_time": 126.765625, "$id": 738, "sounds": [{"d": 0.147071838, "p": 45, "v": 78, "w": 0.0}], "pos": -1.0, "size": 1.50000012}, {"_time": 126.765625, "$id": 739, "sounds": [{"d": 0.147071838, "p": 59, "v": 78, "w": 0.0}], "pos": 1.0, "size": 1.50000012}, {"_time": 127.058594, "$id": 740, "sounds": [{"d": 0.14705658, "p": 76, "v": 88, "w": 0.0}], "pos": 2.0, "size": 1.30000007}, {"_time": 127.058594, "$id": 741, "sounds": [{"d": 0.2941208, "p": 76, "v": 91, "w": 0.0}], "pos": -2.0, "size": 1.0}, {"_time": 127.351563, "$id": 742, "sounds": [{"d": 0.14705658, "p": 81, "v": 31, "w": 0.0}], "pos": -0.526633263, "size": 1.0}, {"_time": 127.351563, "$id": 743, "sounds": [{"d": 0.14705658, "p": 76, "v": 91, "w": 0.0}], "pos": 2.0, "size": 1.30000007}, {"_time": 127.5, "$id": 744, "sounds": [{"d": 0.14705658, "p": 81, "v": 42, "w": 0.0}], "pos": 0.473537445, "size": 1.0}, {"_time": 127.648438, "$id": 745, "sounds": [{"d": 0.2941208, "p": 76, "v": 91, "w": 0.0}], "pos": 2.0, "size": 1.30000007}, {"_time": 127.792969, "$id": 746, "sounds": [{"d": 0.14705658, "p": 81, "v": 70, "w": 0.0}], "pos": 0.5, "size": 1.0}, {"_time": 127.867188, "$id": 747, "sounds": [{"d": 0.147064209, "p": 77, "v": 44, "w": 0.0}], "pos": -0.7456732, "size": 1.0}, {"_time": 127.941406, "$id": 748, "sounds": [{"d": 0.147064209, "p": 81, "v": 82, "w": 0.0}], "pos": 0.5472708, "size": 1.0}, {"_time": 128.089844, "$id": 749, "sounds": [{"d": 0.147064209, "p": 76, "v": 92, "w": 0.0}], "pos": -1.65387821, "size": 1.0}, {"_time": 128.382813, "$id": 750, "sounds": [{"d": 0.147064209, "p": 81, "v": 32, "w": 0.0}], "pos": 1.71904182, "size": 1.0}, {"_time": 128.53125, "$id": 751, "sounds": [{"d": 0.147064209, "p": 81, "v": 39, "w": 0.0}], "pos": 1.71904182, "size": 1.0}, {"_time": 128.675781, "$id": 752, "sounds": [{"d": 0.147064209, "p": 81, "v": 49, "w": 0.0}], "pos": 1.71904182, "size": 1.0}, {"_time": 128.824219, "$id": 753, "sounds": [{"d": 0.147064209, "p": 74, "v": 55, "w": 0.0}], "pos": 1.71904182, "size": 1.0}, {"_time": 128.824219, "$id": 754, "sounds": [{"d": 0.147064209, "p": 81, "v": 55, "w": 0.0}], "pos": -0.5, "size": 1.30000007}, {"_time": 128.972656, "$id": 755, "sounds": [{"d": 0.147064209, "p": 81, "v": 62, "w": 0.0}], "pos": 1.71904182, "size": 1.0}, {"_time": 129.117188, "$id": 756, "sounds": [{"d": 0.147064209, "p": 81, "v": 75, "w": 0.0}], "pos": -0.5, "size": 1.30000007}, {"_time": 129.117188, "$id": 757, "sounds": [{"d": 0.147064209, "p": 74, "v": 75, "w": 0.0}], "pos": 1.71904182, "size": 1.0}, {"_time": 129.265625, "$id": 758, "sounds": [{"d": 0.147064209, "p": 81, "v": 84, "w": 0.0}], "pos": 1.71904182, "size": 1.0}, {"_time": 129.410156, "$id": 759, "sounds": [{"d": 0.147064209, "p": 59, "v": 76, "w": 0.0}], "pos": 1.71904182, "size": 1.0}, {"_time": 129.410156, "$id": 760, "sounds": [{"d": 0.147064209, "p": 76, "v": 88, "w": 0.0}], "pos": -2.0, "size": 1.30000007}, {"_time": 129.707031, "$id": 761, "sounds": [{"d": 0.147064209, "p": 74, "v": 33, "w": 0.0}], "pos": 0.227696419, "size": 1.0}, {"_time": 129.707031, "$id": 762, "sounds": [{"d": 0.147064209, "p": 83, "v": 33, "w": 0.0}], "pos": -2.0, "size": 1.0}, {"_time": 129.851563, "$id": 763, "sounds": [{"d": 0.147064209, "p": 83, "v": 38, "w": 0.0}], "pos": -0.8109188, "size": 1.0}, {"_time": 130.0, "$id": 764, "sounds": [{"d": 0.147064209, "p": 83, "v": 52, "w": 0.0}], "pos": 0.908123, "size": 1.0}, {"_time": 130.148438, "$id": 765, "sounds": [{"d": 0.147064209, "p": 83, "v": 61, "w": 0.0}], "pos": -0.5, "size": 1.0}, {"_time": 130.292969, "$id": 766, "sounds": [{"d": 0.147064209, "p": 83, "v": 76, "w": 0.0}], "pos": 1.66499043, "size": 1.0}, {"_time": 130.4414, "$id": 767, "sounds": [{"d": 0.147064209, "p": 76, "v": 88, "w": 0.0}], "pos": -1.39423561, "size": 1.1}, {"_time": 130.4414, "$id": 768, "sounds": [{"d": 0.147064209, "p": 76, "v": 93, "w": 0.0}], "pos": 0.366844177, "size": 1.1}, {"_time": 130.734375, "$id": 769, "sounds": [{"d": 0.147064209, "p": 80, "v": 93, "w": 0.0}], "pos": -0.7933092, "size": 1.1}, {"_time": 130.882813, "$id": 770, "sounds": [{"d": 0.147064209, "p": 81, "v": 78, "w": 0.0}], "pos": 0.452730179, "size": 1.1}, {"_time": 131.03125, "$id": 771, "sounds": [{"d": 0.147064209, "p": 81, "v": 78, "w": 0.0}], "pos": 1.65730858, "size": 1.1}, {"_time": 131.175781, "$id": 772, "sounds": [{"d": 0.147064209, "p": 81, "v": 78, "w": 0.0}], "pos": -1.73102665, "size": 1.2}, {"_time": 131.324219, "$id": 773, "sounds": [{"d": 0.0735321045, "p": 85, "v": 78, "w": 0.0}], "pos": 1.0, "size": 0.9}, {"_time": 131.398438, "$id": 774, "sounds": [{"d": 0.0735321045, "p": 86, "v": 78, "w": 0.0}], "pos": -0.4141121, "size": 0.9}, {"_time": 131.472656, "$id": 775, "sounds": [{"d": 0.147064209, "p": 85, "v": 78, "w": 0.0}], "pos": 1.0, "size": 0.9}, {"_time": 131.617188, "$id": 776, "sounds": [{"d": 0.147064209, "p": 81, "v": 78, "w": 0.0}], "pos": -1.04735374, "size": 0.9}, {"_time": 131.765625, "$id": 777, "sounds": [{"d": 0.147064209, "p": 76, "v": 88, "w": 0.0}], "pos": -2.0, "size": 1.2}, {"_time": 131.765625, "$id": 778, "sounds": [{"d": 0.294113159, "p": 76, "v": 93, "w": 0.0}], "pos": 2.0, "size": 1.2}, {"_time": 132.0586, "$id": 779, "sounds": [{"d": 0.147064209, "p": 74, "v": 31, "w": 0.0}], "pos": 0.772304535, "size": 1.0}, {"_time": 132.0586, "$id": 780, "sounds": [{"d": 0.147064209, "p": 81, "v": 31, "w": 0.0}], "pos": -1.28095818, "size": 1.0}, {"_time": 132.207031, "$id": 781, "sounds": [{"d": 0.147064209, "p": 81, "v": 42, "w": 0.0}], "pos": 0.09187889, "size": 1.0}, {"_time": 132.351563, "$id": 782, "sounds": [{"d": 0.220581055, "p": 76, "v": 93, "w": 0.0}], "pos": 2.0, "size": 1.0}, {"_time": 132.5, "$id": 783, "sounds": [{"d": 0.147064209, "p": 81, "v": 70, "w": 0.0}], "pos": 0.5, "size": 1.0}, {"_time": 132.574219, "$id": 784, "sounds": [{"d": 0.147064209, "p": 77, "v": 44, "w": 0.0}], "pos": -1.0, "size": 1.0}, {"_time": 132.648438, "$id": 785, "sounds": [{"d": 0.147064209, "p": 81, "v": 82, "w": 0.0}], "pos": 0.5, "size": 1.0}, {"_time": 132.792969, "$id": 786, "sounds": [{"d": 0.147064209, "p": 76, "v": 93, "w": 0.0}], "pos": -2.0, "size": 1.0}, {"_time": 133.089844, "$id": 787, "sounds": [{"d": 0.147064209, "p": 81, "v": 32, "w": 0.0}], "pos": -1.0, "size": 1.0}, {"_time": 133.234375, "$id": 788, "sounds": [{"d": 0.147064209, "p": 81, "v": 39, "w": 0.0}], "pos": -1.0, "size": 1.0}, {"_time": 133.382813, "$id": 789, "sounds": [{"d": 0.147064209, "p": 81, "v": 49, "w": 0.0}], "pos": -1.0, "size": 1.0}, {"_time": 133.53125, "$id": 790, "sounds": [{"d": 0.147064209, "p": 74, "v": 55, "w": 0.0}], "pos": -1.0, "size": 1.0}, {"_time": 133.53125, "$id": 791, "sounds": [{"d": 0.147064209, "p": 81, "v": 55, "w": 0.0}], "pos": 1.08588409, "size": 1.2}, {"_time": 133.675781, "$id": 792, "sounds": [{"d": 0.147064209, "p": 81, "v": 62, "w": 0.0}], "pos": -1.0, "size": 1.0}, {"_time": 133.824219, "$id": 793, "sounds": [{"d": 0.147064209, "p": 81, "v": 75, "w": 0.0}], "pos": 0.5, "size": 1.1}, {"_time": 133.898438, "$id": 794, "sounds": [{"d": 0.0735321045, "p": 71, "v": 93, "w": 0.0}], "pos": -0.5, "size": 1.1}, {"_time": 133.972656, "$id": 795, "sounds": [{"d": 0.147064209, "p": 81, "v": 84, "w": 0.0}], "pos": 0.5, "size": 1.1}, {"_time": 134.117188, "$id": 796, "sounds": [{"d": 0.147064209, "p": 76, "v": 88, "w": 0.0}], "pos": 2.0, "size": 1.2}, {"_time": 134.117188, "$id": 797, "sounds": [{"d": 0.294113159, "p": 74, "v": 93, "w": 0.0}], "pos": -2.0, "size": 1.2}, {"_time": 134.410156, "$id": 798, "sounds": [{"d": 0.147064209, "p": 74, "v": 93, "w": 0.0}], "pos": -1.15978813, "size": 1.0}, {"_time": 134.414063, "$id": 799, "sounds": [{"d": 0.147064209, "p": 83, "v": 33, "w": 0.0}], "pos": 2.0, "size": 1.2}, {"_time": 134.5586, "$id": 800, "sounds": [{"d": 0.147064209, "p": 83, "v": 38, "w": 0.0}], "pos": 0.426099777, "size": 1.0}, {"_time": 134.707031, "$id": 801, "sounds": [{"d": 0.147064209, "p": 83, "v": 52, "w": 0.0}], "pos": 2.0, "size": 1.2}, {"_time": 134.851563, "$id": 802, "sounds": [{"d": 0.147064209, "p": 83, "v": 61, "w": 0.0}], "pos": 0.0, "size": 1.0}, {"_time": 135.0, "$id": 803, "sounds": [{"d": 0.147064209, "p": 83, "v": 76, "w": 0.0}], "pos": 0.9065933, "size": 1.0}, {"_time": 135.148438, "$id": 804, "sounds": [{"d": 0.147064209, "p": 69, "v": 91, "w": 0.0}], "pos": -0.0592546463, "size": 1.2}, {"_time": 135.148438, "$id": 805, "sounds": [{"d": 0.147064209, "p": 76, "v": 88, "w": 0.0}], "pos": -2.0, "size": 1.2}, {"_time": 135.4414, "$id": 806, "sounds": [{"d": 0.147064209, "p": 81, "v": 78, "w": 0.0}], "pos": 1.0, "size": 1.0}, {"_time": 135.589844, "$id": 807, "sounds": [{"d": 0.147064209, "p": 81, "v": 78, "w": 0.0}], "pos": -0.5, "size": 1.0}, {"_time": 135.734375, "$id": 808, "sounds": [{"d": 0.147064209, "p": 81, "v": 78, "w": 0.0}], "pos": -0.5, "size": 1.0}, {"_time": 135.882813, "$id": 809, "sounds": [{"d": 0.147064209, "p": 74, "v": 78, "w": 0.0}], "pos": 1.5, "size": 1.30000007}, {"_time": 135.882813, "$id": 810, "sounds": [{"d": 0.147064209, "p": 81, "v": 78, "w": 0.0}], "pos": -2.0, "size": 1.2}, {"_time": 135.980469, "$id": 811, "sounds": [{"d": 0.0735321045, "p": 84, "v": 12, "w": 0.0}], "pos": 1.27612877, "size": 1.2}, {"_time": 136.03125, "$id": 812, "sounds": [{"d": 0.0735321045, "p": 85, "v": 78, "w": 0.0}], "pos": 0.868506432, "size": 1.1}, {"_time": 136.101563, "$id": 813, "sounds": [{"d": 0.0735321045, "p": 86, "v": 78, "w": 0.0}], "pos": 0.540776253, "size": 0.9}, {"_time": 136.175781, "$id": 814, "sounds": [{"d": 0.147064209, "p": 85, "v": 78, "w": 0.0}], "pos": 0.176095963, "size": 0.799999952}, {"_time": 136.175781, "$id": 815, "pos": -1.62716389, "size": 1.0}, {"_time": 136.324219, "$id": 816, "sounds": [{"d": 0.147064209, "p": 81, "v": 78, "w": 0.0}], "pos": 2.0, "size": 1.0}, {"_time": 136.46875, "$id": 817, "pos": 2.0, "size": 1.0}, {"_time": 136.46875, "$id": 818, "pos": -0.221705437, "size": 1.0}, {"_time": 136.617188, "$id": 819, "pos": -0.221705437, "size": 1.0}, {"_time": 136.765625, "$id": 820, "pos": 1.5, "size": 1.0}, {"_time": 136.910156, "$id": 821, "pos": 0.5455861, "size": 1.0}, {"_time": 137.0586, "$id": 822, "pos": -0.497462273, "size": 1.0}, {"_time": 137.207031, "$id": 823, "pos": 1.5, "size": 1.0}, {"_time": 137.5, "$id": 824, "pos": -2.0, "size": 1.1}, {"_time": 137.792969, "$id": 825, "pos": -1.19609356, "size": 1.0}, {"_time": 137.792969, "$id": 826, "pos": 0.659340858, "size": 1.0}, {"_time": 138.089844, "$id": 827, "pos": -0.493530273, "size": 1.0}, {"_time": 138.234375, "$id": 828, "pos": 0.714285851, "size": 1.0}, {"_time": 138.53125, "$id": 829, "pos": 2.0, "size": 1.0}], "links": [{"notes": [{"$ref": 27}, {"$ref": 29}]}, {"notes": [{"$ref": 481}, {"$ref": 483}]}, {"notes": [{"$ref": 634}, {"$ref": 635}, {"$ref": 636}, {"$ref": 637}]}, {"notes": [{"$ref": 26}, {"$ref": 28}, {"$ref": 30}]}, {"notes": [{"$ref": 46}, {"$ref": 47}, {"$ref": 48}]}, {"notes": [{"$ref": 116}, {"$ref": 118}]}, {"notes": [{"$ref": 33}, {"$ref": 34}]}, {"notes": [{"$ref": 35}, {"$ref": 36}]}, {"notes": [{"$ref": 417}, {"$ref": 418}]}, {"notes": [{"$ref": 414}, {"$ref": 415}]}, {"notes": [{"$ref": 489}, {"$ref": 490}]}, {"notes": [{"$ref": 676}, {"$ref": 678}, {"$ref": 679}]}, {"notes": [{"$ref": 434}, {"$ref": 436}, {"$ref": 437}, {"$ref": 438}, {"$ref": 439}, {"$ref": 440}, {"$ref": 441}, {"$ref": 442}, {"$ref": 443}, {"$ref": 444}]}, {"notes": [{"$ref": 706}, {"$ref": 707}, {"$ref": 708}, {"$ref": 709}]}, {"notes": [{"$ref": 455}, {"$ref": 456}, {"$ref": 457}, {"$ref": 458}, {"$ref": 459}]}, {"notes": [{"$ref": 811}, {"$ref": 812}, {"$ref": 813}, {"$ref": 814}, {"$ref": 829}]}], "speed": 6.0}