{"speed": 6.0, "notes": [{"$id": 1, "type": 0, "pos": -0.3888893, "size": 1.1, "_time": 0.31640625, "shift": 0.0, "time": 0.31640625}, {"$id": 2, "type": 0, "pos": 1.5, "size": 1.1, "_time": 0.6328125, "shift": 0.0, "time": 0.6328125}, {"$id": 3, "type": 0, "pos": 1.5, "size": 1.0, "_time": 0.94921875, "shift": 0.0, "time": 0.94921875}, {"$id": 4, "type": 0, "pos": -1.5, "size": 1.1, "_time": 1.26171875, "shift": 0.0, "time": 1.26171875}, {"$id": 5, "type": 0, "pos": -1.0, "size": 1.0, "_time": 1.578125, "shift": 0.0, "time": 1.578125}, {"$id": 6, "type": 0, "pos": -1.0, "size": 1.0, "_time": 1.7890625, "shift": 0.0, "time": 1.7890625}, {"$id": 7, "type": 0, "pos": 0.5, "size": 1.0, "_time": 1.89453125, "shift": 0.0, "time": 1.89453125}, {"$id": 8, "type": 0, "pos": 1.55555522, "size": 1.1, "_time": 2.10546875, "shift": 0.0, "time": 2.10546875}, {"$id": 9, "type": 0, "pos": 0.472221375, "size": 1.1, "_time": 2.52734375, "shift": 0.0, "time": 2.52734375}, {"$id": 10, "type": 0, "pos": -0.3888893, "size": 1.1, "_time": 2.84375, "shift": 0.0, "time": 2.84375}, {"$id": 11, "type": 0, "pos": -1.05555534, "size": 1.1, "_time": 3.15625, "shift": 0.0, "time": 3.15625}, {"$id": 12, "type": 0, "pos": 1.0, "size": 1.0, "_time": 3.47265625, "shift": 0.0, "time": 3.47265625}, {"$id": 13, "type": 0, "pos": 1.5, "size": 1.0, "_time": 3.68359375, "shift": 0.0, "time": 3.68359375}, {"$id": 14, "type": 0, "pos": -0.5, "size": 1.1, "_time": 3.7890625, "shift": 0.0, "time": 3.7890625}, {"$id": 15, "type": 0, "pos": -0.5, "size": 1.0, "_time": 4.0, "shift": 0.0, "time": 4.0}, {"$id": 16, "type": 0, "pos": 1.0, "size": 1.1, "_time": 4.10546875, "shift": 0.0, "time": 4.10546875}, {"$id": 17, "type": 0, "pos": -1.44444466, "size": 1.1, "_time": 4.421875, "shift": 0.0, "time": 4.421875}, {"$id": 18, "type": 0, "pos": -0.6388886, "size": 1.0, "_time": 4.6328125, "shift": 0.0, "time": 4.6328125}, {"$id": 19, "type": 0, "pos": 1.58333278, "size": 1.0, "_time": 4.73828125, "shift": 0.0, "time": 4.73828125}, {"$id": 20, "type": 0, "pos": 1.11111128, "size": 1.0, "_time": 4.94921875, "shift": 0.0, "time": 4.94921875}, {"$id": 21, "type": 0, "pos": -1.11111093, "size": 1.0, "_time": 5.05078125, "shift": 0.0, "time": 5.05078125}, {"$id": 22, "type": 0, "pos": -0.833333254, "size": 1.0, "_time": 5.26171875, "shift": 0.0, "time": 5.26171875}, {"$id": 23, "type": 0, "pos": 0.5277774, "size": 1.0, "_time": 5.3671875, "shift": 0.0, "time": 5.3671875}, {"$id": 24, "type": 0, "sounds": [{"w": 0.0, "d": 0.0493421555, "p": 55, "v": 59}], "pos": -1.73611164, "size": 1.30000007, "_time": 5.69921875, "shift": 0.0, "time": 5.69921875}, {"$id": 25, "type": 0, "sounds": [{"w": 0.0, "d": 0.0493421555, "p": 69, "v": 59}], "pos": 1.5, "size": 1.30000007, "_time": 5.69921875, "shift": 0.0, "time": 5.69921875}, {"$id": 26, "type": 0, "pos": 0.5, "size": 1.0, "_time": 6.0, "shift": 0.0, "time": 6.0}, {"$id": 27, "type": 0, "pos": 0.5, "size": 1.0, "_time": 6.2109375, "shift": 0.0, "time": 6.2109375}, {"$id": 28, "type": 0, "pos": -1.0, "size": 1.0, "_time": 6.31640625, "shift": 0.0, "time": 6.31640625}, {"$id": 29, "type": 0, "pos": 1.5, "size": 1.0, "_time": 6.6328125, "shift": 0.0, "time": 6.6328125}, {"$id": 30, "type": 0, "sounds": [{"w": 0.0, "d": 0.0493421555, "p": 66, "v": 59}], "pos": -1.0, "size": 1.0, "_time": 6.94921875, "shift": 0.0, "time": 6.94921875}, {"$id": 31, "type": 0, "sounds": [{"w": 0.0, "d": 0.0493421555, "p": 74, "v": 59}], "pos": 1.0, "size": 1.0, "_time": 6.94921875, "shift": 0.0, "time": 6.94921875}, {"$id": 32, "type": 0, "pos": -0.5, "size": 1.0, "_time": 7.26171875, "shift": 0.0, "time": 7.26171875}, {"$id": 33, "type": 0, "pos": -0.5, "size": 1.0, "_time": 7.47265625, "shift": 0.0, "time": 7.47265625}, {"$id": 34, "type": 0, "pos": 1.5, "size": 1.0, "_time": 7.578125, "shift": 0.0, "time": 7.578125}, {"$id": 35, "type": 0, "pos": 1.0, "size": 1.0, "_time": 7.89453125, "shift": 0.0, "time": 7.89453125}, {"$id": 36, "type": 0, "pos": 1.0, "size": 1.0, "_time": 8.105469, "shift": 0.0, "time": 8.105469}, {"$id": 37, "type": 0, "pos": -1.5, "size": 1.1, "_time": 8.2109375, "shift": 0.0, "time": 8.2109375}, {"$id": 38, "type": 0, "pos": 0.388888717, "size": 1.1, "_time": 8.527344, "shift": 0.0, "time": 8.527344}, {"$id": 39, "type": 0, "pos": 1.38888836, "size": 1.1, "_time": 8.738281, "shift": 0.0, "time": 8.738281}, {"$id": 40, "type": 0, "pos": -1.0, "size": 1.0, "_time": 8.84375, "shift": 0.0, "time": 8.84375}, {"$id": 41, "type": 0, "pos": 0.0, "size": 1.0, "_time": 9.15625, "shift": 0.0, "time": 9.15625}, {"$id": 42, "type": 0, "pos": 0.0, "size": 1.0, "_time": 9.3671875, "shift": 0.0, "time": 9.3671875}, {"$id": 43, "type": 0, "pos": -2.0, "size": 1.1, "_time": 9.472656, "shift": 0.0, "time": 9.472656}, {"$id": 44, "type": 0, "pos": 0.5, "size": 1.0, "_time": 9.683594, "shift": 0.0, "time": 9.683594}, {"$id": 45, "type": 0, "pos": -1.0, "size": 1.0, "_time": 9.7890625, "shift": 0.0, "time": 9.7890625}, {"$id": 46, "type": 0, "pos": -1.0, "size": 1.0, "_time": 10.0, "shift": 0.0, "time": 10.0}, {"$id": 47, "type": 0, "pos": 1.5, "size": 1.0, "_time": 10.1054688, "shift": 0.0, "time": 10.1054688}, {"$id": 48, "type": 0, "pos": -0.5, "size": 1.1, "_time": 10.421875, "shift": 0.0, "time": 10.421875}, {"$id": 49, "type": 0, "sounds": [{"w": 0.0, "d": 0.105262756, "p": 69, "v": 100}], "pos": -2.0, "size": 1.0, "_time": 10.7382813, "shift": 0.0, "time": 10.7382813}, {"$id": 50, "type": 0, "sounds": [{"w": 0.0, "d": 0.105262756, "p": 72, "v": 127}], "pos": 1.5, "size": 1.0, "_time": 11.0507813, "shift": 0.0, "time": 11.0507813}, {"$id": 51, "type": 0, "pos": -1.0, "size": 1.0, "_time": 11.2617188, "shift": 0.0, "time": 11.2617188}, {"$id": 52, "type": 0, "pos": -1.0, "size": 1.0, "_time": 11.3671875, "shift": 0.0, "time": 11.3671875}, {"$id": 53, "type": 0, "sounds": [{"w": 0.0, "d": 0.105262756, "p": 69, "v": 100}], "pos": 0.18055445, "size": 1.0, "_time": 11.6835938, "shift": 0.0, "time": 11.6835938}, {"$id": 54, "type": 0, "sounds": [{"w": 0.0, "d": 0.105262756, "p": 65, "v": 100}], "pos": -1.1805563, "size": 1.0, "_time": 12.0039063, "shift": 0.0, "time": 12.0039063}, {"$id": 55, "type": 0, "sounds": [{"w": 0.0, "d": 0.105262756, "p": 65, "v": 64}], "pos": -1.1805563, "size": 1.0, "_time": 12.2382813, "shift": 0.0, "time": 12.2382813}, {"$id": 56, "type": 0, "pos": 1.0, "size": 1.0, "_time": 12.5273438, "shift": 0.0, "time": 12.5273438}, {"$id": 57, "type": 0, "pos": 1.0, "size": 1.0, "_time": 12.6328125, "shift": 0.0, "time": 12.6328125}, {"$id": 58, "type": 0, "pos": -0.5, "size": 1.0, "_time": 12.9492188, "shift": 0.0, "time": 12.9492188}, {"$id": 59, "type": 0, "sounds": [{"w": 0.0, "d": 0.105262756, "p": 79, "v": 100}], "pos": 1.5, "size": 1.0, "_time": 13.1757813, "shift": 0.0, "time": 13.1757813}, {"$id": 60, "type": 0, "sounds": [{"w": 0.0, "d": 0.105262756, "p": 77, "v": 100}], "pos": -0.180556536, "size": 1.0, "_time": 13.28125, "shift": 0.0, "time": 13.28125}, {"$id": 61, "type": 0, "sounds": [{"w": 0.0, "d": 0.105262756, "p": 76, "v": 100}], "pos": -1.02777839, "size": 1.0, "_time": 13.578125, "shift": 0.0, "time": 13.578125}, {"$id": 62, "type": 0, "sounds": [{"w": 0.0, "d": 0.105262756, "p": 72, "v": 100}], "pos": -2.0, "size": 1.0, "_time": 13.8945313, "shift": 0.0, "time": 13.8945313}, {"$id": 63, "type": 0, "pos": -0.5, "size": 1.0, "_time": 14.2109375, "shift": 0.0, "time": 14.2109375}, {"$id": 64, "type": 0, "pos": -0.5, "size": 1.0, "_time": 14.421875, "shift": 0.0, "time": 14.421875}, {"$id": 65, "type": 0, "pos": 1.5, "size": 1.0, "_time": 14.5273438, "shift": 0.0, "time": 14.5273438}, {"$id": 66, "type": 0, "sounds": [{"w": 0.0, "d": 0.105262756, "p": 77, "v": 100}], "pos": -2.0, "size": 1.0, "_time": 14.84375, "shift": 0.0, "time": 14.84375}, {"$id": 67, "type": 0, "sounds": [{"w": 0.0, "d": 0.10526371, "p": 79, "v": 100}], "pos": -1.0, "size": 1.0, "_time": 15.0742188, "shift": 0.0, "time": 15.0742188}, {"$id": 68, "type": 0, "sounds": [{"w": 0.0, "d": 0.105262756, "p": 82, "v": 100}], "pos": 1.0, "size": 1.0, "_time": 15.1757813, "shift": 0.0, "time": 15.1757813}, {"$id": 69, "type": 0, "sounds": [{"w": 0.0, "d": 0.105262756, "p": 73, "v": 100}], "pos": 1.0, "size": 1.0, "_time": 15.3671875, "shift": 0.0, "time": 15.3671875}, {"$id": 70, "type": 0, "sounds": [{"w": 0.0, "d": 0.105262756, "p": 72, "v": 100}], "pos": -0.5, "size": 1.0, "_time": 15.4921875, "shift": 0.0, "time": 15.4921875}, {"$id": 71, "type": 0, "sounds": [{"w": 0.0, "d": 0.10526371, "p": 82, "v": 100}], "pos": 2.0, "size": 1.0, "_time": 15.6640625, "shift": 0.0, "time": 15.6640625}, {"$id": 72, "type": 0, "sounds": [{"w": 0.0, "d": 0.105264664, "p": 81, "v": 100}], "pos": 1.43055522, "size": 1.0, "_time": 16.1054688, "shift": 0.0, "time": 16.1054688}, {"$id": 73, "type": 0, "sounds": [{"w": 0.0, "d": 0.105262756, "p": 79, "v": 100}], "pos": -0.5, "size": 1.0, "_time": 16.28125, "shift": 0.0, "time": 16.28125}, {"$id": 74, "type": 0, "sounds": [{"w": 0.0, "d": 0.105262756, "p": 77, "v": 100}], "pos": 0.5138885, "size": 1.0, "_time": 16.4414063, "shift": 0.0, "time": 16.4414063}, {"$id": 75, "type": 0, "sounds": [{"w": 0.0, "d": 0.08881569, "p": 74, "v": 100}], "pos": -1.5, "size": 1.0, "_time": 16.6367188, "shift": 0.0, "time": 16.6367188}, {"$id": 76, "type": 0, "sounds": [{"w": 0.0, "d": 0.08881569, "p": 70, "v": 100}], "pos": 0.305555582, "size": 1.0, "_time": 16.7578125, "shift": 0.0, "time": 16.7578125}, {"$id": 77, "type": 0, "sounds": [{"w": 0.0, "d": 0.05263138, "p": 68, "v": 75}], "pos": -2.0, "size": 1.0, "_time": 17.0507813, "shift": 0.0, "time": 17.0507813}, {"$id": 78, "type": 0, "sounds": [{"w": 0.0, "d": 0.05263138, "p": 69, "v": 75}], "pos": -1.59722233, "size": 1.0, "_time": 17.1054688, "shift": 0.0, "time": 17.1054688}, {"$id": 79, "type": 0, "sounds": [{"w": 0.0, "d": 0.128290176, "p": 70, "v": 75}], "pos": -1.305556, "size": 1.0, "_time": 17.15625, "shift": 0.0, "time": 17.15625}, {"$id": 80, "type": 0, "sounds": [{"w": 0.0, "d": 0.07894707, "p": 75, "v": 107}], "pos": -0.6250003, "size": 1.0, "_time": 17.2890625, "shift": 0.0, "time": 17.2890625}, {"$id": 81, "type": 0, "sounds": [{"w": 0.0, "d": 0.07565689, "p": 79, "v": 99}], "pos": 1.5, "size": 1.0, "_time": 17.3671875, "shift": 0.0, "time": 17.3671875}, {"$id": 82, "type": 0, "sounds": [{"w": 0.0, "d": 0.105262756, "p": 82, "v": 75}], "pos": -0.5, "size": 1.0, "_time": 17.578125, "shift": 0.0, "time": 17.578125}, {"$id": 83, "type": 0, "sounds": [{"w": 0.0, "d": 0.131578445, "p": 78, "v": 93}], "pos": 1.1388886, "size": 1.0, "_time": 17.6914063, "shift": 0.0, "time": 17.6914063}, {"$id": 84, "type": 0, "sounds": [{"w": 0.0, "d": 0.05263138, "p": 74, "v": 93}], "pos": 1.0, "size": 1.0, "_time": 17.8945313, "shift": 0.0, "time": 17.8945313}, {"$id": 85, "type": 0, "sounds": [{"w": 0.0, "d": 0.0493412, "p": 73, "v": 93}], "pos": -1.0, "size": 1.0, "_time": 18.0039063, "shift": 0.0, "time": 18.0039063}, {"$id": 86, "type": 0, "sounds": [{"w": 0.0, "d": 0.0625, "p": 71, "v": 93}], "pos": -1.11111093, "size": 1.0, "_time": 18.1992188, "shift": 0.0, "time": 18.1992188}, {"$id": 87, "type": 0, "sounds": [{"w": 0.0, "d": 0.0625, "p": 70, "v": 93}], "pos": 0.5, "size": 1.0, "_time": 18.3164063, "shift": 0.0, "time": 18.3164063}, {"$id": 88, "type": 0, "sounds": [{"w": 0.0, "d": 0.08881569, "p": 80, "v": 93}], "pos": 1.5, "size": 1.0, "_time": 18.5195313, "shift": 0.0, "time": 18.5195313}, {"$id": 89, "type": 0, "sounds": [{"w": 0.0, "d": 0.08881569, "p": 79, "v": 93}], "pos": 0.0, "size": 1.0, "_time": 18.6523438, "shift": 0.0, "time": 18.6523438}, {"$id": 90, "type": 0, "sounds": [{"w": 0.0, "d": 0.1875, "p": 77, "v": 93}], "pos": 0.763888836, "size": 1.0, "_time": 18.9570313, "shift": 0.0, "time": 18.9570313}, {"$id": 91, "type": 0, "sounds": [{"w": 0.0, "d": 0.07236862, "p": 74, "v": 93}], "pos": -1.25, "size": 1.0, "_time": 19.1640625, "shift": 0.0, "time": 19.1640625}, {"$id": 92, "type": 0, "sounds": [{"w": 0.0, "d": 0.08223724, "p": 75, "v": 93}], "pos": 0.138888955, "size": 1.0, "_time": 19.2617188, "shift": 0.0, "time": 19.2617188}, {"$id": 93, "type": 0, "sounds": [{"w": 0.0, "d": 0.08881569, "p": 77, "v": 93}], "pos": 0.375, "size": 1.0, "_time": 19.4648438, "shift": 0.0, "time": 19.4648438}, {"$id": 94, "type": 0, "sounds": [{"w": 0.0, "d": 0.07894707, "p": 79, "v": 93}], "pos": -1.04166734, "size": 1.0, "_time": 19.6054688, "shift": 0.0, "time": 19.6054688}, {"$id": 95, "type": 0, "sounds": [{"w": 0.0, "d": 0.07894707, "p": 82, "v": 93}], "pos": -1.0, "size": 1.0, "_time": 19.796875, "shift": 0.0, "time": 19.796875}, {"$id": 96, "type": 0, "sounds": [{"w": 0.0, "d": 0.08552551, "p": 84, "v": 93}], "pos": 0.6944438, "size": 1.0, "_time": 19.921875, "shift": 0.0, "time": 19.921875}, {"$id": 97, "type": 0, "sounds": [{"w": 0.0, "d": 0.08223724, "p": 86, "v": 93}], "pos": 1.94444454, "size": 1.0, "_time": 20.1484375, "shift": 0.0, "time": 20.1484375}, {"$id": 98, "type": 0, "pos": -1.5, "size": 1.0, "_time": 20.5273438, "shift": 0.0, "time": 20.5273438}, {"$id": 99, "type": 0, "sounds": [{"w": 0.0, "d": 0.105262756, "p": 65, "v": 56}], "pos": 0.5, "size": 1.0, "_time": 20.84375, "shift": 0.0, "time": 20.84375}, {"$id": 100, "type": 0, "sounds": [{"w": 0.0, "d": 0.105262756, "p": 54, "v": 56}], "pos": -1.0, "size": 1.0, "_time": 20.84375, "shift": 0.0, "time": 20.84375}, {"$id": 101, "type": 0, "sounds": [{"w": 0.0, "d": 0.0625, "p": 82, "v": 93}], "pos": 0.7499999, "size": 1.0, "_time": 21.0625, "shift": 0.0, "time": 21.0625}, {"$id": 102, "type": 0, "sounds": [{"w": 0.0, "d": 0.0625, "p": 78, "v": 93}], "pos": 0.08333206, "size": 1.0, "_time": 21.28125, "shift": 0.0, "time": 21.28125}, {"$id": 103, "type": 0, "sounds": [{"w": 0.0, "d": 0.0625, "p": 75, "v": 93}], "pos": -0.291667938, "size": 1.0, "_time": 21.3867188, "shift": 0.0, "time": 21.3867188}, {"$id": 104, "type": 0, "sounds": [{"w": 0.0, "d": 0.0625, "p": 73, "v": 93}], "pos": -1.04166722, "size": 1.0, "_time": 21.5, "shift": 0.0, "time": 21.5}, {"$id": 105, "type": 0, "sounds": [{"w": 0.0, "d": 0.0625, "p": 73, "v": 93}], "pos": -1.0, "size": 1.0, "_time": 21.7148438, "shift": 0.0, "time": 21.7148438}, {"$id": 106, "type": 0, "sounds": [{"w": 0.0, "d": 0.0625, "p": 73, "v": 93}], "pos": -1.0, "size": 1.0, "_time": 22.015625, "shift": 0.0, "time": 22.015625}, {"$id": 107, "type": 0, "sounds": [{"w": 0.0, "d": 0.0625, "p": 70, "v": 93}], "pos": 1.5, "size": 1.0, "_time": 22.1289063, "shift": 0.0, "time": 22.1289063}, {"$id": 108, "type": 0, "sounds": [{"w": 0.0, "d": 0.0625, "p": 70, "v": 93}], "pos": 1.5, "size": 1.0, "_time": 22.3320313, "shift": 0.0, "time": 22.3320313}, {"$id": 109, "type": 0, "sounds": [{"w": 0.0, "d": 0.0625, "p": 70, "v": 93}], "pos": 1.5, "size": 1.0, "_time": 22.640625, "shift": 0.0, "time": 22.640625}, {"$id": 110, "type": 0, "sounds": [{"w": 0.0, "d": 0.0625, "p": 68, "v": 93}], "pos": -1.0, "size": 1.0, "_time": 22.8007813, "shift": 0.0, "time": 22.8007813}, {"$id": 111, "type": 0, "sounds": [{"w": 0.0, "d": 0.0625, "p": 68, "v": 93}], "pos": -1.0, "size": 1.0, "_time": 22.9726563, "shift": 0.0, "time": 22.9726563}, {"$id": 112, "type": 0, "pos": -0.5, "size": 1.0, "_time": 23.2617188, "shift": 0.0, "time": 23.2617188}, {"$id": 113, "type": 0, "pos": 1.0, "size": 1.0, "_time": 23.3671875, "shift": 0.0, "time": 23.3671875}, {"$id": 114, "type": 0, "sounds": [{"w": 0.0, "d": 0.0625, "p": 86, "v": 93}], "pos": 1.77777839, "size": 1.0, "_time": 23.6835938, "shift": 0.0, "time": 23.6835938}, {"$id": 115, "type": 0, "sounds": [{"w": 0.0, "d": 0.0625, "p": 84, "v": 93}], "pos": 0.08333206, "size": 1.0, "_time": 24.015625, "shift": 0.0, "time": 24.015625}, {"$id": 116, "type": 0, "sounds": [{"w": 0.0, "d": 0.0625, "p": 81, "v": 93}], "pos": 1.40277767, "size": 1.0, "_time": 24.2304688, "shift": 0.0, "time": 24.2304688}, {"$id": 117, "type": 0, "sounds": [{"w": 0.0, "d": 0.0625, "p": 78, "v": 93}], "pos": -0.7222223, "size": 1.0, "_time": 24.3789063, "shift": 0.0, "time": 24.3789063}, {"$id": 118, "type": 0, "sounds": [{"w": 0.0, "d": 0.0559215546, "p": 74, "v": 93}], "pos": -1.333333, "size": 1.0, "_time": 24.4726563, "shift": 0.0, "time": 24.4726563}, {"$id": 119, "type": 0, "sounds": [{"w": 0.0, "d": 0.0625, "p": 72, "v": 93}], "pos": -1.833333, "size": 1.0, "_time": 24.5351563, "shift": 0.0, "time": 24.5351563}, {"$id": 120, "type": 0, "sounds": [{"w": 0.0, "d": 0.0559215546, "p": 69, "v": 93}], "pos": 0.930555, "size": 1.0, "_time": 24.6835938, "shift": 0.0, "time": 24.6835938}, {"$id": 121, "type": 0, "sounds": [{"w": 0.0, "d": 0.0559215546, "p": 70, "v": 93}], "pos": -1.0, "size": 1.0, "_time": 24.8710938, "shift": 0.0, "time": 24.8710938}, {"$id": 122, "type": 0, "sounds": [{"w": 0.0, "d": 0.0559215546, "p": 72, "v": 93}], "pos": 0.5, "size": 1.0, "_time": 24.9804688, "shift": 0.0, "time": 24.9804688}, {"$id": 123, "type": 0, "sounds": [{"w": 0.0, "d": 0.0559215546, "p": 73, "v": 93}], "pos": -0.5, "size": 1.0, "_time": 25.1914063, "shift": 0.0, "time": 25.1914063}, {"$id": 124, "type": 0, "sounds": [{"w": 0.0, "d": 0.0559215546, "p": 74, "v": 93}], "pos": 2.0, "size": 1.0, "_time": 25.3242188, "shift": 0.0, "time": 25.3242188}, {"$id": 125, "type": 0, "sounds": [{"w": 0.0, "d": 0.0559215546, "p": 70, "v": 93}], "pos": 1.5, "size": 1.0, "_time": 25.4921875, "shift": 0.0, "time": 25.4921875}, {"$id": 126, "type": 0, "sounds": [{"w": 0.0, "d": 0.0559215546, "p": 69, "v": 93}], "pos": -1.18055654, "size": 1.0, "_time": 25.6367188, "shift": 0.0, "time": 25.6367188}, {"$id": 127, "type": 0, "sounds": [{"w": 0.0, "d": 0.0559215546, "p": 67, "v": 93}], "pos": 0.4166665, "size": 1.0, "_time": 25.8007813, "shift": 0.0, "time": 25.8007813}, {"$id": 128, "type": 0, "sounds": [{"w": 0.0, "d": 0.0559215546, "p": 65, "v": 93}], "pos": -2.0, "size": 1.0, "_time": 25.8945313, "shift": 0.0, "time": 25.8945313}, {"$id": 129, "type": 0, "sounds": [{"w": 0.0, "d": 0.03618431, "p": 62, "v": 93}], "pos": -0.08333331, "size": 1.0, "_time": 26.1757813, "shift": 0.0, "time": 26.1757813}, {"$id": 130, "type": 0, "sounds": [{"w": 0.0, "d": 0.0559215546, "p": 67, "v": 93}], "pos": 0.5555556, "size": 1.0, "_time": 26.2109375, "shift": 0.0, "time": 26.2109375}, {"$id": 131, "type": 0, "sounds": [{"w": 0.0, "d": 0.0394744873, "p": 62, "v": 93}], "pos": -1.0, "size": 1.0, "_time": 26.4882813, "shift": 0.0, "time": 26.4882813}, {"$id": 132, "type": 0, "sounds": [{"w": 0.0, "d": 0.0559215546, "p": 70, "v": 93}], "pos": 1.16666722, "size": 1.0, "_time": 26.5273438, "shift": 0.0, "time": 26.5273438}, {"$id": 133, "type": 0, "pos": 0.5, "size": 1.0, "_time": 26.84375, "shift": 0.0, "time": 26.84375}, {"$id": 134, "type": 0, "sounds": [{"w": 0.0, "d": 0.0394744873, "p": 67, "v": 93}], "pos": -0.5, "size": 1.0, "_time": 27.1054688, "shift": 0.0, "time": 27.1054688}, {"$id": 135, "type": 0, "sounds": [{"w": 0.0, "d": 0.25, "p": 74, "v": 93}], "pos": 2.0, "size": 1.0, "_time": 27.15625, "shift": 0.0, "time": 27.15625}, {"$id": 136, "type": 0, "sounds": [{"w": 0.0, "d": 0.0394744873, "p": 67, "v": 93}], "pos": 2.0, "size": 1.0, "_time": 27.421875, "shift": 0.0, "time": 27.421875}, {"$id": 137, "type": 0, "sounds": [{"w": 0.0, "d": 0.144737244, "p": 70, "v": 93}], "pos": -0.5, "size": 1.0, "_time": 27.4804688, "shift": 0.0, "time": 27.4804688}, {"$id": 138, "type": 0, "sounds": [{"w": 0.0, "d": 0.144737244, "p": 72, "v": 93}], "pos": -1.47222233, "size": 1.0, "_time": 27.6914063, "shift": 0.0, "time": 27.6914063}, {"$id": 139, "type": 0, "pos": 1.0, "size": 1.0, "_time": 28.1054688, "shift": 0.0, "time": 28.1054688}, {"$id": 140, "type": 0, "pos": -1.0, "size": 1.0, "_time": 28.3164063, "shift": 0.0, "time": 28.3164063}, {"$id": 141, "type": 0, "pos": -1.0, "size": 1.0, "_time": 28.421875, "shift": 0.0, "time": 28.421875}, {"$id": 142, "type": 0, "sounds": [{"w": 0.0, "d": 0.144737244, "p": 82, "v": 93}], "pos": 1.7777766, "size": 1.0, "_time": 28.7382813, "shift": 0.0, "time": 28.7382813}, {"$id": 143, "type": 0, "sounds": [{"w": 0.0, "d": 0.144737244, "p": 79, "v": 93}], "pos": 1.5, "size": 1.0, "_time": 28.96875, "shift": 0.0, "time": 28.96875}, {"$id": 144, "type": 0, "sounds": [{"w": 0.0, "d": 0.108552933, "p": 75, "v": 93}], "pos": 0.4722216, "size": 1.0, "_time": 29.0742188, "shift": 0.0, "time": 29.0742188}, {"$id": 145, "type": 0, "sounds": [{"w": 0.0, "d": 0.07894707, "p": 72, "v": 93}], "pos": 0.5, "size": 1.0, "_time": 29.28125, "shift": 0.0, "time": 29.28125}, {"$id": 146, "type": 0, "sounds": [{"w": 0.0, "d": 0.07894707, "p": 70, "v": 93}], "pos": -0.5277784, "size": 1.0, "_time": 29.3789063, "shift": 0.0, "time": 29.3789063}, {"$id": 147, "type": 0, "sounds": [{"w": 0.0, "d": 0.07894707, "p": 68, "v": 93}], "pos": 0.0, "size": 1.0, "_time": 29.578125, "shift": 0.0, "time": 29.578125}, {"$id": 148, "type": 0, "sounds": [{"w": 0.0, "d": 0.07894707, "p": 69, "v": 93}], "pos": -1.5, "size": 1.0, "_time": 29.6757813, "shift": 0.0, "time": 29.6757813}, {"$id": 149, "type": 0, "sounds": [{"w": 0.0, "d": 0.07894707, "p": 65, "v": 93}], "pos": 0.0, "size": 1.0, "_time": 29.8984375, "shift": 0.0, "time": 29.8984375}, {"$id": 150, "type": 0, "sounds": [{"w": 0.0, "d": 0.07894707, "p": 77, "v": 93}], "pos": 1.51388931, "size": 1.0, "_time": 29.8984375, "shift": 0.0, "time": 29.8984375}, {"$id": 151, "type": 0, "sounds": [{"w": 0.0, "d": 0.07894707, "p": 65, "v": 93}], "pos": -1.5, "size": 1.0, "_time": 30.3125, "shift": 0.0, "time": 30.3125}, {"$id": 152, "type": 0, "sounds": [{"w": 0.0, "d": 0.07894707, "p": 77, "v": 93}], "pos": 1.51388931, "size": 1.0, "_time": 30.3125, "shift": 0.0, "time": 30.3125}, {"$id": 153, "type": 0, "pos": -1.5, "size": 1.0, "_time": 30.6328125, "shift": 0.0, "time": 30.6328125}, {"$id": 154, "type": 0, "pos": -1.5, "size": 1.0, "_time": 30.84375, "shift": 0.0, "time": 30.84375}, {"$id": 155, "type": 0, "sounds": [{"w": 0.0, "d": 0.07894707, "p": 65, "v": 93}], "pos": 0.0, "size": 1.2, "_time": 30.9492188, "shift": 0.0, "time": 30.9492188}, {"$id": 156, "type": 0, "pos": 0.5, "size": 1.0, "_time": 31.2617188, "shift": 0.0, "time": 31.2617188}, {"$id": 157, "type": 0, "sounds": [{"w": 0.0, "d": 0.07894707, "p": 58, "v": 93}], "pos": -1.0, "size": 1.2, "_time": 31.4726563, "shift": 0.0, "time": 31.4726563}, {"$id": 158, "type": 0, "pos": 0.8611109, "size": 1.0, "_time": 31.578125, "shift": 0.0, "time": 31.578125}, {"$id": 159, "type": 0, "pos": 0.5, "size": 1.0, "_time": 31.7695313, "shift": 0.0, "time": 31.7695313}, {"$id": 160, "type": 0, "pos": -1.5, "size": 1.0, "_time": 31.8945313, "shift": 0.0, "time": 31.8945313}, {"$id": 161, "type": 0, "pos": -1.2500006, "size": 1.0, "_time": 32.11328, "shift": 0.0, "time": 32.11328}, {"$id": 162, "type": 0, "pos": 0.5, "size": 1.0, "_time": 32.2109375, "shift": 0.0, "time": 32.2109375}, {"$id": 163, "type": 0, "sounds": [{"w": 0.0, "d": 0.0789489746, "p": 79, "v": 93}], "pos": 1.38888741, "size": 1.2, "_time": 32.4296875, "shift": 0.0, "time": 32.4296875}, {"$id": 164, "type": 0, "sounds": [{"w": 0.0, "d": 0.243423462, "p": 46, "v": 36}], "pos": -1.25000024, "size": 1.0, "_time": 32.73828, "shift": 0.0, "time": 32.73828}, {"$id": 165, "type": 0, "sounds": [{"w": 0.0, "d": 0.0789489746, "p": 70, "v": 93}], "pos": 0.7499998, "size": 1.2, "_time": 32.84375, "shift": 0.0, "time": 32.84375}, {"$id": 166, "type": 0, "pos": -0.5, "size": 1.0, "_time": 33.15625, "shift": 0.0, "time": 33.15625}, {"$id": 167, "type": 0, "pos": 0.5, "size": 1.2, "_time": 33.3710938, "shift": 0.0, "time": 33.3710938}, {"$id": 168, "type": 0, "pos": -1.63888812, "size": 1.2, "_time": 33.5273438, "shift": 0.0, "time": 33.5273438}, {"$id": 169, "type": 0, "pos": -0.305556, "size": 1.2, "_time": 33.6835938, "shift": 0.0, "time": 33.6835938}, {"$id": 170, "type": 0, "pos": -1.11111093, "size": 1.2, "_time": 33.84375, "shift": 0.0, "time": 33.84375}, {"$id": 171, "type": 0, "pos": 0.5, "size": 1.2, "_time": 34.0, "shift": 0.0, "time": 34.0}, {"$id": 172, "type": 0, "pos": -0.527778, "size": 1.2, "_time": 34.13672, "shift": 0.0, "time": 34.13672}, {"$id": 173, "type": 0, "pos": 1.27777767, "size": 1.2, "_time": 34.2851563, "shift": 0.0, "time": 34.2851563}, {"$id": 174, "type": 0, "pos": 0.0555549264, "size": 1.2, "_time": 34.4375, "shift": 0.0, "time": 34.4375}, {"$id": 175, "type": 0, "pos": 1.47222233, "size": 1.2, "_time": 34.6210938, "shift": 0.0, "time": 34.6210938}, {"$id": 176, "type": 0, "pos": -0.5, "size": 1.2, "_time": 34.79297, "shift": 0.0, "time": 34.79297}, {"$id": 177, "type": 0, "pos": -0.916667342, "size": 1.1, "_time": 34.8359375, "shift": 0.0, "time": 34.8359375}, {"$id": 178, "type": 0, "pos": -1.38888884, "size": 1.0, "_time": 34.89453, "shift": 0.0, "time": 34.89453}, {"$id": 179, "type": 0, "pos": 1.66666651, "size": 1.2, "_time": 35.26172, "shift": 0.0, "time": 35.26172}, {"$id": 180, "type": 0, "pos": -0.722222, "size": 1.2, "_time": 35.421875, "shift": 0.0, "time": 35.421875}, {"$id": 181, "type": 0, "pos": 0.166666031, "size": 1.2, "_time": 35.63672, "shift": 0.0, "time": 35.63672}, {"$id": 182, "type": 0, "sounds": [{"w": 0.0, "d": 0.0789489746, "p": 70, "v": 92}], "pos": -2.0, "size": 1.0, "_time": 35.6835938, "shift": 0.0, "time": 35.6835938}, {"$id": 183, "type": 0, "sounds": [{"w": 0.0, "d": 0.0789489746, "p": 70, "v": 92}], "pos": 0.0, "size": 1.0, "_time": 36.0, "shift": 0.0, "time": 36.0}, {"$id": 184, "type": 0, "pos": -1.72222233, "size": 1.2, "_time": 36.21875, "shift": 0.0, "time": 36.21875}, {"$id": 185, "type": 0, "pos": -0.222221881, "size": 1.2, "_time": 36.375, "shift": 0.0, "time": 36.375}, {"$id": 186, "type": 0, "pos": -1.02777791, "size": 1.2, "_time": 36.5390625, "shift": 0.0, "time": 36.5390625}, {"$id": 187, "type": 0, "pos": 0.222222149, "size": 1.2, "_time": 36.6914063, "shift": 0.0, "time": 36.6914063}, {"$id": 188, "type": 0, "pos": 1.02777708, "size": 1.2, "_time": 36.8710938, "shift": 0.0, "time": 36.8710938}, {"$id": 189, "type": 0, "pos": -0.472222328, "size": 1.2, "_time": 37.0078125, "shift": 0.0, "time": 37.0078125}, {"$id": 190, "type": 0, "pos": 1.1944443, "size": 1.0, "_time": 37.19922, "shift": 0.0, "time": 37.19922}, {"$id": 191, "type": 0, "pos": 1.6944443, "size": 1.0, "_time": 37.21875, "shift": 0.0, "time": 37.21875}, {"$id": 192, "type": 0, "pos": 0.138888, "size": 1.2, "_time": 37.3828125, "shift": 0.0, "time": 37.3828125}, {"$id": 193, "type": 0, "pos": -0.666667, "size": 1.2, "_time": 37.61328, "shift": 0.0, "time": 37.61328}, {"$id": 194, "type": 0, "pos": -1.50000024, "size": 1.2, "_time": 37.82422, "shift": 0.0, "time": 37.82422}, {"$id": 195, "type": 0, "pos": 1.5, "size": 1.0, "_time": 38.2109375, "shift": 0.0, "time": 38.2109375}, {"$id": 196, "type": 0, "sounds": [{"w": 0.0, "d": 0.0789489746, "p": 67, "v": 92}], "pos": -2.0, "size": 1.2, "_time": 38.5273438, "shift": 0.0, "time": 38.5273438}, {"$id": 197, "type": 0, "sounds": [{"w": 0.0, "d": 0.309207916, "p": 67, "v": 53}], "pos": 0.5, "size": 1.2, "_time": 38.5351563, "shift": 0.0, "time": 38.5351563}, {"$id": 198, "type": 0, "pos": -1.55555642, "size": 1.30000007, "_time": 38.8476563, "shift": 0.0, "time": 38.8476563}, {"$id": 199, "type": 0, "sounds": [{"w": 0.0, "d": 0.0789489746, "p": 52, "v": 92}], "pos": 1.5, "size": 1.0, "_time": 39.15625, "shift": 0.0, "time": 39.15625}, {"$id": 200, "type": 0, "sounds": [{"w": 0.0, "d": 0.0789489746, "p": 68, "v": 92}], "pos": -0.611111164, "size": 1.2, "_time": 39.15625, "shift": 0.0, "time": 39.15625}, {"$id": 201, "type": 0, "pos": 1.0, "size": 1.30000007, "_time": 39.48828, "shift": 0.0, "time": 39.48828}, {"$id": 202, "type": 0, "sounds": [{"w": 0.0, "d": 0.0789489746, "p": 67, "v": 92}], "pos": 2.0, "size": 1.2, "_time": 39.7890625, "shift": 0.0, "time": 39.7890625}, {"$id": 203, "type": 0, "sounds": [{"w": 0.0, "d": 0.20394516, "p": 67, "v": 55}], "pos": -2.0, "size": 1.30000007, "_time": 39.80078, "shift": 0.0, "time": 39.80078}, {"$id": 204, "type": 0, "sounds": [{"w": 0.0, "d": 0.0789489746, "p": 60, "v": 92}], "pos": 1.0, "size": 1.2, "_time": 40.3164063, "shift": 0.0, "time": 40.3164063}, {"$id": 205, "type": 0, "sounds": [{"w": 0.0, "d": 0.0789489746, "p": 67, "v": 92}], "pos": -1.08333325, "size": 1.2, "_time": 40.3164063, "shift": 0.0, "time": 40.3164063}, {"$id": 206, "type": 0, "pos": 0.583333254, "size": 1.0, "_time": 40.6328125, "shift": 0.0, "time": 40.6328125}, {"$id": 207, "type": 0, "pos": -0.4166665, "size": 1.0, "_time": 40.73828, "shift": 0.0, "time": 40.73828}, {"$id": 208, "type": 0, "pos": 1.5, "size": 1.0, "_time": 41.05078, "shift": 0.0, "time": 41.05078}, {"$id": 209, "type": 0, "pos": -1.5, "size": 1.0, "_time": 41.0585938, "shift": 0.0, "time": 41.0585938}, {"$id": 210, "type": 0, "pos": 0.0, "size": 1.0, "_time": 41.3671875, "shift": 0.0, "time": 41.3671875}, {"$id": 211, "type": 0, "pos": 0.0, "size": 1.0, "_time": 41.578125, "shift": 0.0, "time": 41.578125}, {"$id": 212, "type": 0, "pos": 1.5, "size": 1.0, "_time": 41.6835938, "shift": 0.0, "time": 41.6835938}, {"$id": 213, "type": 0, "pos": 0.0, "size": 1.0, "_time": 42.0, "shift": 0.0, "time": 42.0}, {"$id": 214, "type": 0, "pos": 0.0, "size": 1.0, "_time": 42.2109375, "shift": 0.0, "time": 42.2109375}, {"$id": 215, "type": 0, "pos": -1.5, "size": 1.0, "_time": 42.3164063, "shift": 0.0, "time": 42.3164063}, {"$id": 216, "type": 0, "pos": 0.0, "size": 1.0, "_time": 42.6328125, "shift": 0.0, "time": 42.6328125}, {"$id": 217, "type": 0, "pos": 0.0, "size": 1.0, "_time": 42.84375, "shift": 0.0, "time": 42.84375}, {"$id": 218, "type": 0, "pos": 1.5, "size": 1.0, "_time": 42.94922, "shift": 0.0, "time": 42.94922}, {"$id": 219, "type": 0, "pos": 0.583333969, "size": 1.0, "_time": 43.26172, "shift": 0.0, "time": 43.26172}, {"$id": 220, "type": 0, "pos": 0.583333969, "size": 1.0, "_time": 43.4726563, "shift": 0.0, "time": 43.4726563}, {"$id": 221, "type": 0, "pos": -0.916666031, "size": 1.0, "_time": 43.578125, "shift": 0.0, "time": 43.578125}, {"$id": 222, "type": 0, "pos": -0.22222203, "size": 1.0, "_time": 43.89453, "shift": 0.0, "time": 43.89453}, {"$id": 223, "type": 0, "pos": -0.22222203, "size": 1.0, "_time": 44.10547, "shift": 0.0, "time": 44.10547}, {"$id": 224, "type": 0, "pos": 1.277778, "size": 1.0, "_time": 44.2109375, "shift": 0.0, "time": 44.2109375}, {"$id": 225, "type": 0, "pos": 0.5555556, "size": 1.0, "_time": 44.5273438, "shift": 0.0, "time": 44.5273438}, {"$id": 226, "type": 0, "pos": 0.5555556, "size": 1.0, "_time": 44.73828, "shift": 0.0, "time": 44.73828}, {"$id": 227, "type": 0, "pos": -0.9444444, "size": 1.0, "_time": 44.84375, "shift": 0.0, "time": 44.84375}, {"$id": 228, "type": 0, "pos": -1.25000012, "size": 1.0, "_time": 45.15625, "shift": 0.0, "time": 45.15625}, {"$id": 229, "type": 0, "pos": -1.25000012, "size": 1.0, "_time": 45.3671875, "shift": 0.0, "time": 45.3671875}, {"$id": 230, "type": 0, "pos": 0.249999881, "size": 1.0, "_time": 45.4726563, "shift": 0.0, "time": 45.4726563}, {"$id": 231, "type": 0, "pos": -1.78813934e-06, "size": 1.0, "_time": 45.7890625, "shift": 0.0, "time": 45.7890625}, {"$id": 232, "type": 0, "pos": 0.0277768373, "size": 1.0, "_time": 46.0, "shift": 0.0, "time": 46.0}, {"$id": 233, "type": 0, "pos": 1.72222245, "size": 1.2, "_time": 46.0976563, "shift": 0.0, "time": 46.0976563}, {"$id": 234, "type": 0, "pos": -0.6666651, "size": 1.2, "_time": 46.3085938, "shift": 0.0, "time": 46.3085938}, {"$id": 235, "type": 0, "pos": 0.666667044, "size": 1.2, "_time": 46.39453, "shift": 0.0, "time": 46.39453}, {"$id": 236, "type": 0, "pos": -1.47222209, "size": 1.2, "_time": 46.55078, "shift": 0.0, "time": 46.55078}, {"$id": 237, "type": 0, "pos": -0.5277772, "size": 1.2, "_time": 46.7265625, "shift": 0.0, "time": 46.7265625}, {"$id": 238, "type": 0, "pos": -0.999999762, "size": 1.2, "_time": 46.9140625, "shift": 0.0, "time": 46.9140625}, {"$id": 239, "type": 0, "pos": 0.4722224, "size": 1.2, "_time": 47.0351563, "shift": 0.0, "time": 47.0351563}, {"$id": 240, "type": 0, "pos": 1.44444466, "size": 1.2, "_time": 47.2460938, "shift": 0.0, "time": 47.2460938}, {"$id": 241, "type": 0, "pos": -0.5, "size": 1.2, "_time": 47.41797, "shift": 0.0, "time": 47.41797}, {"$id": 242, "type": 0, "pos": 1.138888, "size": 1.0, "_time": 47.6835938, "shift": 0.0, "time": 47.6835938}, {"$id": 243, "type": 0, "pos": -1.5, "size": 1.0, "_time": 47.89453, "shift": 0.0, "time": 47.89453}, {"$id": 244, "type": 0, "pos": -1.5, "size": 1.0, "_time": 48.0, "shift": 0.0, "time": 48.0}, {"$id": 245, "type": 0, "sounds": [{"w": 0.0, "d": 0.269733429, "p": 59, "v": 51}], "pos": 1.76388931, "size": 1.0, "_time": 48.3164063, "shift": 0.0, "time": 48.3164063}, {"$id": 246, "type": 0, "sounds": [{"w": 0.0, "d": 0.1611824, "p": 53, "v": 31}], "pos": 1.01388931, "size": 1.0, "_time": 48.421875, "shift": 0.0, "time": 48.421875}, {"$id": 247, "type": 0, "sounds": [{"w": 0.0, "d": 0.0592079163, "p": 44, "v": 29}], "pos": 0.250000238, "size": 1.0, "_time": 48.5273438, "shift": 0.0, "time": 48.5273438}, {"$id": 248, "type": 0, "pos": -0.666667, "size": 1.2, "_time": 48.67578, "shift": 0.0, "time": 48.67578}, {"$id": 249, "type": 0, "pos": -0.666667, "size": 1.2, "_time": 48.86328, "shift": 0.0, "time": 48.86328}, {"$id": 250, "type": 0, "pos": 1.08333278, "size": 1.2, "_time": 48.9921875, "shift": 0.0, "time": 48.9921875}, {"$id": 251, "type": 0, "pos": 1.49999952, "size": 1.2, "_time": 49.171875, "shift": 0.0, "time": 49.171875}, {"$id": 252, "type": 0, "pos": -0.05555564, "size": 1.2, "_time": 49.3359375, "shift": 0.0, "time": 49.3359375}, {"$id": 253, "type": 0, "pos": -1.0, "size": 1.2, "_time": 49.6015625, "shift": 0.0, "time": 49.6015625}, {"$id": 254, "type": 0, "sounds": [{"w": 0.0, "d": 0.230262756, "p": 46, "v": 37}], "pos": -2.0, "size": 1.2, "_time": 49.88672, "shift": 0.0, "time": 49.88672}, {"$id": 255, "type": 0, "sounds": [{"w": 0.0, "d": 0.5625, "p": 70, "v": 92}], "pos": 2.0, "size": 1.2, "_time": 49.89453, "shift": 0.0, "time": 49.89453}, {"$id": 256, "type": 0, "pos": 2.0, "size": 1.30000007, "_time": 50.1953125, "shift": 0.0, "time": 50.1953125}, {"$id": 257, "type": 0, "sounds": [{"w": 0.0, "d": 0.05921173, "p": 67, "v": 92}], "pos": -2.0, "size": 1.0, "_time": 50.5273438, "shift": 0.0, "time": 50.5273438}, {"$id": 258, "type": 0, "sounds": [{"w": 0.0, "d": 0.05921173, "p": 67, "v": 92}], "pos": -0.5, "size": 1.0, "_time": 50.84375, "shift": 0.0, "time": 50.84375}, {"$id": 259, "type": 0, "sounds": [{"w": 0.0, "d": 0.08552551, "p": 81, "v": 106}], "pos": 0.625, "size": 1.2, "_time": 51.15625, "shift": 0.0, "time": 51.15625}, {"$id": 260, "type": 0, "sounds": [{"w": 0.0, "d": 0.111843109, "p": 69, "v": 67}], "pos": -1.0, "size": 1.2, "_time": 51.16797, "shift": 0.0, "time": 51.16797}, {"$id": 261, "type": 0, "pos": 1.33333266, "size": 1.0, "_time": 51.6835938, "shift": 0.0, "time": 51.6835938}, {"$id": 262, "type": 0, "pos": -0.361112624, "size": 1.0, "_time": 51.8476563, "shift": 0.0, "time": 51.8476563}, {"$id": 263, "type": 0, "pos": 0.6944428, "size": 1.2, "_time": 52.1171875, "shift": 0.0, "time": 52.1171875}, {"$id": 264, "type": 0, "pos": -1.11111188, "size": 1.2, "_time": 52.3359375, "shift": 0.0, "time": 52.3359375}, {"$id": 265, "type": 0, "pos": 0.444444656, "size": 1.2, "_time": 52.421875, "shift": 0.0, "time": 52.421875}, {"$id": 266, "type": 0, "pos": -1.5, "size": 1.0, "_time": 52.73828, "shift": 0.0, "time": 52.73828}, {"$id": 267, "type": 0, "sounds": [{"w": 0.0, "d": 0.421051025, "p": 77, "v": 123}], "pos": 1.5, "size": 1.0, "_time": 52.94922, "shift": 0.0, "time": 52.94922}, {"$id": 268, "type": 0, "pos": 1.0, "size": 1.2, "_time": 53.09375, "shift": 0.0, "time": 53.09375}, {"$id": 269, "type": 0, "sounds": [{"w": 0.0, "d": 0.309211731, "p": 74, "v": 117}], "pos": -0.194444209, "size": 1.0, "_time": 53.3671875, "shift": 0.0, "time": 53.3671875}, {"$id": 270, "type": 0, "sounds": [{"w": 0.0, "d": 0.08552551, "p": 79, "v": 103}], "pos": 1.05555558, "size": 1.2, "_time": 53.6835938, "shift": 0.0, "time": 53.6835938}, {"$id": 271, "type": 0, "sounds": [{"w": 0.0, "d": 0.111843109, "p": 67, "v": 73}], "pos": -0.9444444, "size": 1.2, "_time": 53.6953125, "shift": 0.0, "time": 53.6953125}, {"$id": 272, "type": 0, "pos": -1.47222221, "size": 1.2, "_time": 53.86328, "shift": 0.0, "time": 53.86328}, {"$id": 273, "type": 0, "pos": -1.77777851, "size": 1.1, "_time": 53.9101563, "shift": 0.0, "time": 53.9101563}, {"$id": 274, "type": 0, "pos": -2.0, "size": 1.0, "_time": 53.96875, "shift": 0.0, "time": 53.96875}, {"$id": 275, "type": 0, "pos": 1.25, "size": 1.2, "_time": 54.2421875, "shift": 0.0, "time": 54.2421875}, {"$id": 276, "type": 0, "sounds": [{"w": 0.0, "d": 0.5, "p": 79, "v": 108}], "pos": 3.25, "size": 1.2, "_time": 54.3164063, "shift": 0.0, "time": 54.3164063}, {"$id": 277, "type": 0, "pos": -0.05555582, "size": 1.2, "_time": 54.39453, "shift": 0.0, "time": 54.39453}, {"$id": 278, "type": 0, "pos": 1.25, "size": 1.2, "_time": 54.5585938, "shift": 0.0, "time": 54.5585938}, {"$id": 279, "type": 0, "pos": 0.0, "size": 1.2, "_time": 54.70703, "shift": 0.0, "time": 54.70703}, {"$id": 280, "type": 0, "sounds": [{"w": 0.0, "d": 0.06908035, "p": 67, "v": 107}], "pos": 3.25, "size": 1.2, "_time": 54.84375, "shift": 0.0, "time": 54.84375}, {"$id": 281, "type": 0, "pos": -1.05555654, "size": 1.2, "_time": 54.8671875, "shift": 0.0, "time": 54.8671875}, {"$id": 282, "type": 0, "pos": 0.333332419, "size": 1.2, "_time": 55.0351563, "shift": 0.0, "time": 55.0351563}, {"$id": 283, "type": 0, "pos": 1.25, "size": 1.2, "_time": 55.19922, "shift": 0.0, "time": 55.19922}, {"$id": 284, "type": 0, "pos": -0.805555046, "size": 1.2, "_time": 55.34375, "shift": 0.0, "time": 55.34375}, {"$id": 285, "type": 0, "sounds": [{"w": 0.0, "d": 0.421051025, "p": 82, "v": 123}], "pos": -1.19444537, "size": 1.0, "_time": 55.4726563, "shift": 0.0, "time": 55.4726563}, {"$id": 286, "type": 0, "pos": 1.25, "size": 1.2, "_time": 55.578125, "shift": 0.0, "time": 55.578125}, {"$id": 287, "type": 0, "sounds": [{"w": 0.0, "d": 0.309211731, "p": 84, "v": 117}], "pos": 0.999999166, "size": 1.0, "_time": 55.89453, "shift": 0.0, "time": 55.89453}, {"$id": 288, "type": 0, "sounds": [{"w": 0.0, "d": 0.08552551, "p": 81, "v": 106}], "pos": 2.0, "size": 1.2, "_time": 56.2109375, "shift": 0.0, "time": 56.2109375}, {"$id": 289, "type": 0, "sounds": [{"w": 0.0, "d": 0.111843109, "p": 69, "v": 67}], "pos": -0.166667521, "size": 1.2, "_time": 56.21875, "shift": 0.0, "time": 56.21875}, {"$id": 290, "type": 0, "pos": -1.5, "size": 1.2, "_time": 56.703125, "shift": 0.0, "time": 56.703125}, {"$id": 291, "type": 0, "pos": -1.0, "size": 1.2, "_time": 56.76953, "shift": 0.0, "time": 56.76953}, {"$id": 292, "type": 0, "pos": -1.5, "size": 1.2, "_time": 56.8398438, "shift": 0.0, "time": 56.8398438}, {"$id": 293, "type": 0, "pos": 1.4166671, "size": 1.1, "_time": 57.1640625, "shift": 0.0, "time": 57.1640625}, {"$id": 294, "type": 0, "pos": 1.4166671, "size": 1.1, "_time": 57.36328, "shift": 0.0, "time": 57.36328}, {"$id": 295, "type": 0, "pos": -0.5, "size": 1.0, "_time": 57.4726563, "shift": 0.0, "time": 57.4726563}, {"$id": 296, "type": 0, "pos": -0.5, "size": 1.0, "_time": 57.6835938, "shift": 0.0, "time": 57.6835938}, {"$id": 297, "type": 0, "pos": 1.0, "size": 1.0, "_time": 57.7890625, "shift": 0.0, "time": 57.7890625}, {"$id": 298, "type": 0, "sounds": [{"w": 0.0, "d": 0.421051025, "p": 77, "v": 123}], "pos": -1.5, "size": 1.0, "_time": 58.0, "shift": 0.0, "time": 58.0}, {"$id": 299, "type": 0, "pos": 0.5, "size": 1.2, "_time": 58.140625, "shift": 0.0, "time": 58.140625}, {"$id": 300, "type": 0, "sounds": [{"w": 0.0, "d": 0.309211731, "p": 74, "v": 117}], "pos": -1.5, "size": 1.0, "_time": 58.421875, "shift": 0.0, "time": 58.421875}, {"$id": 301, "type": 0, "sounds": [{"w": 0.0, "d": 0.08552551, "p": 79, "v": 106}], "pos": 1.5, "size": 1.2, "_time": 58.73828, "shift": 0.0, "time": 58.73828}, {"$id": 302, "type": 0, "sounds": [{"w": 0.0, "d": 0.111843109, "p": 67, "v": 73}], "pos": -1.0, "size": 1.2, "_time": 58.7460938, "shift": 0.0, "time": 58.7460938}, {"$id": 303, "type": 0, "pos": -0.3888891, "size": 1.2, "_time": 59.296875, "shift": 0.0, "time": 59.296875}, {"$id": 304, "type": 0, "pos": 1.66666591, "size": 1.2, "_time": 59.421875, "shift": 0.0, "time": 59.421875}, {"$id": 305, "type": 0, "pos": 1.638889, "size": 1.2, "_time": 59.6210938, "shift": 0.0, "time": 59.6210938}, {"$id": 306, "type": 0, "pos": -0.472223341, "size": 1.2, "_time": 59.7226563, "shift": 0.0, "time": 59.7226563}, {"$id": 307, "type": 0, "sounds": [{"w": 0.0, "d": 0.05921173, "p": 79, "v": 108}], "pos": 2.0, "size": 1.2, "_time": 59.89453, "shift": 0.0, "time": 59.89453}, {"$id": 308, "type": 0, "sounds": [{"w": 0.0, "d": 0.06908035, "p": 67, "v": 107}], "pos": -1.0, "size": 1.2, "_time": 59.89453, "shift": 0.0, "time": 59.89453}, {"$id": 309, "type": 0, "pos": -1.0, "size": 1.0, "_time": 60.3164063, "shift": 0.0, "time": 60.3164063}, {"$id": 310, "type": 0, "sounds": [{"w": 0.0, "d": 0.421051025, "p": 82, "v": 123}], "pos": 0.833333254, "size": 1.0, "_time": 60.5273438, "shift": 0.0, "time": 60.5273438}, {"$id": 311, "type": 0, "pos": -1.0, "size": 1.0, "_time": 60.5664063, "shift": 0.0, "time": 60.5664063}, {"$id": 312, "type": 0, "sounds": [{"w": 0.0, "d": 0.309211731, "p": 84, "v": 117}], "pos": 1.5, "size": 1.0, "_time": 60.94922, "shift": 0.0, "time": 60.94922}, {"$id": 313, "type": 0, "sounds": [{"w": 0.0, "d": 0.105262756, "p": 65, "v": 108}], "pos": 1.5, "size": 1.0, "_time": 61.26172, "shift": 0.0, "time": 61.26172}, {"$id": 314, "type": 0, "sounds": [{"w": 0.0, "d": 0.07565689, "p": 69, "v": 111}], "pos": -1.3472234, "size": 1.50000012, "_time": 61.26172, "shift": 0.0, "time": 61.26172}, {"$id": 315, "type": 0, "pos": -0.6944454, "size": 1.30000007, "_time": 61.578125, "shift": 0.0, "time": 61.578125}, {"$id": 316, "type": 0, "pos": 1.166666, "size": 1.30000007, "_time": 61.89453, "shift": 0.0, "time": 61.89453}, {"$id": 317, "type": 0, "pos": -0.722223759, "size": 1.30000007, "_time": 62.2109375, "shift": 0.0, "time": 62.2109375}, {"$id": 318, "type": 0, "pos": 1.166666, "size": 1.30000007, "_time": 62.5273438, "shift": 0.0, "time": 62.5273438}, {"$id": 319, "type": 0, "pos": -1.63888931, "size": 1.30000007, "_time": 62.84375, "shift": 0.0, "time": 62.84375}, {"$id": 320, "type": 0, "pos": -0.19444561, "size": 1.30000007, "_time": 63.15625, "shift": 0.0, "time": 63.15625}, {"$id": 321, "type": 0, "pos": 1.166666, "size": 1.30000007, "_time": 63.4726563, "shift": 0.0, "time": 63.4726563}, {"$id": 322, "type": 0, "pos": 1.166666, "size": 1.30000007, "_time": 63.7890625, "shift": 0.0, "time": 63.7890625}, {"$id": 323, "type": 0, "pos": -1.02777815, "size": 1.30000007, "_time": 63.7890625, "shift": 0.0, "time": 63.7890625}, {"$id": 324, "type": 0, "pos": 1.5, "size": 1.0, "_time": 64.10547, "shift": 0.0, "time": 64.10547}, {"$id": 325, "type": 0, "pos": -1.0, "size": 1.0, "_time": 64.31641, "shift": 0.0, "time": 64.31641}, {"$id": 326, "type": 0, "pos": -1.0, "size": 1.0, "_time": 64.421875, "shift": 0.0, "time": 64.421875}, {"$id": 327, "type": 0, "pos": 1.0, "size": 1.0, "_time": 64.73828, "shift": 0.0, "time": 64.73828}, {"$id": 328, "type": 0, "pos": -0.5, "size": 1.0, "_time": 64.94531, "shift": 0.0, "time": 64.94531}, {"$id": 329, "type": 0, "pos": -0.5, "size": 1.0, "_time": 65.05078, "shift": 0.0, "time": 65.05078}, {"$id": 330, "type": 0, "pos": 1.0, "size": 1.0, "_time": 65.36719, "shift": 0.0, "time": 65.36719}, {"$id": 331, "type": 0, "pos": 1.0, "size": 1.0, "_time": 65.578125, "shift": 0.0, "time": 65.578125}, {"$id": 332, "type": 0, "pos": -1.5, "size": 1.0, "_time": 65.68359, "shift": 0.0, "time": 65.68359}, {"$id": 333, "type": 0, "pos": -1.5, "size": 1.0, "_time": 66.0, "shift": 0.0, "time": 66.0}, {"$id": 334, "type": 0, "pos": -1.5, "size": 1.0, "_time": 66.21094, "shift": 0.0, "time": 66.21094}, {"$id": 335, "type": 0, "pos": -1.5, "size": 1.0, "_time": 66.31641, "shift": 0.0, "time": 66.31641}, {"$id": 336, "type": 0, "sounds": [{"w": 0.0, "d": 0.0756530762, "p": 69, "v": 111}], "pos": 1.5, "size": 1.2, "_time": 66.31641, "shift": 0.0, "time": 66.31641}, {"$id": 337, "type": 0, "pos": -0.666667461, "size": 1.30000007, "_time": 66.63281, "shift": 0.0, "time": 66.63281}, {"$id": 338, "type": 0, "pos": 0.8333321, "size": 1.30000007, "_time": 66.94531, "shift": 0.0, "time": 66.94531}, {"$id": 339, "type": 0, "pos": -0.666667461, "size": 1.30000007, "_time": 67.26172, "shift": 0.0, "time": 67.26172}, {"$id": 340, "type": 0, "pos": 0.333332539, "size": 1.30000007, "_time": 67.578125, "shift": 0.0, "time": 67.578125}, {"$id": 341, "type": 0, "pos": -1.16666746, "size": 1.30000007, "_time": 67.89453, "shift": 0.0, "time": 67.89453}, {"$id": 342, "type": 0, "pos": 1.33333254, "size": 1.30000007, "_time": 68.21094, "shift": 0.0, "time": 68.21094}, {"$id": 343, "type": 0, "pos": -0.0555548668, "size": 1.30000007, "_time": 68.52734, "shift": 0.0, "time": 68.52734}, {"$id": 344, "type": 0, "sounds": [{"w": 0.0, "d": 0.06578827, "p": 56, "v": 103}], "pos": 1.0, "size": 1.30000007, "_time": 68.84375, "shift": 0.0, "time": 68.84375}, {"$id": 345, "type": 0, "sounds": [{"w": 0.0, "d": 0.06578827, "p": 67, "v": 103}], "pos": -1.13888907, "size": 1.4000001, "_time": 68.84375, "shift": 0.0, "time": 68.84375}, {"$id": 346, "type": 0, "pos": -1.61111093, "size": 1.0, "_time": 69.15625, "shift": 0.0, "time": 69.15625}, {"$id": 347, "type": 0, "pos": 2.97222281, "size": 1.0, "_time": 69.15625, "shift": 0.0, "time": 69.15625}, {"$id": 348, "type": 0, "pos": 0.4722218, "size": 1.0, "_time": 69.36719, "shift": 0.0, "time": 69.36719}, {"$id": 349, "type": 0, "pos": 0.4722218, "size": 1.0, "_time": 69.47266, "shift": 0.0, "time": 69.47266}, {"$id": 350, "type": 0, "pos": -1.0, "size": 1.0, "_time": 69.78906, "shift": 0.0, "time": 69.78906}, {"$id": 351, "type": 0, "pos": 1.0, "size": 1.0, "_time": 70.0, "shift": 0.0, "time": 70.0}, {"$id": 352, "type": 0, "pos": 1.0, "size": 1.0, "_time": 70.10547, "shift": 0.0, "time": 70.10547}, {"$id": 353, "type": 0, "pos": 2.75000072, "size": 1.0, "_time": 70.10547, "shift": 0.0, "time": 70.10547}, {"$id": 354, "type": 0, "pos": -1.05555534, "size": 1.0, "_time": 70.421875, "shift": 0.0, "time": 70.421875}, {"$id": 355, "type": 0, "pos": 2.75000072, "size": 1.0, "_time": 70.421875, "shift": 0.0, "time": 70.421875}, {"$id": 356, "type": 0, "pos": -1.05555534, "size": 1.0, "_time": 70.63281, "shift": 0.0, "time": 70.63281}, {"$id": 357, "type": 0, "pos": 0.999999762, "size": 1.0, "_time": 70.73828, "shift": 0.0, "time": 70.73828}, {"$id": 358, "type": 0, "pos": 0.999999762, "size": 1.0, "_time": 71.05078, "shift": 0.0, "time": 71.05078}, {"$id": 359, "type": 0, "pos": 0.999999762, "size": 1.0, "_time": 71.26172, "shift": 0.0, "time": 71.26172}, {"$id": 360, "type": 0, "pos": 1.0, "size": 1.0, "_time": 71.36719, "shift": 0.0, "time": 71.36719}, {"$id": 361, "type": 0, "sounds": [{"w": 0.0, "d": 0.210525513, "p": 70, "v": 64}], "pos": -2.0, "size": 1.2, "_time": 71.36719, "shift": 0.0, "time": 71.36719}, {"$id": 362, "type": 0, "sounds": [{"w": 0.0, "d": 0.213798523, "p": 72, "v": 55}], "pos": 0.0, "size": 1.2, "_time": 72.0, "shift": 0.0, "time": 72.0}, {"$id": 363, "type": 0, "sounds": [{"w": 0.0, "d": 0.06578827, "p": 65, "v": 103}], "pos": 1.0, "size": 1.2, "_time": 72.609375, "shift": 0.0, "time": 72.609375}, {"$id": 364, "type": 0, "sounds": [{"w": 0.0, "d": 0.06578827, "p": 58, "v": 103}], "pos": -1.0, "size": 1.2, "_time": 72.609375, "shift": 0.0, "time": 72.609375}, {"$id": 365, "type": 0, "pos": 0.0, "size": 1.0, "_time": 73.26172, "shift": 0.0, "time": 73.26172}, {"$id": 366, "type": 0, "pos": -1.5, "size": 1.0, "_time": 73.89453, "shift": 0.0, "time": 73.89453}, {"$id": 367, "type": 0, "sounds": [{"w": 0.0, "d": 0.06578827, "p": 74, "v": 103}], "pos": 0.9444442, "size": 1.30000007, "_time": 74.21094, "shift": 0.0, "time": 74.21094}, {"$id": 368, "type": 0, "sounds": [{"w": 0.0, "d": 0.06578827, "p": 48, "v": 103}], "pos": -2.0, "size": 1.30000007, "_time": 74.21094, "shift": 0.0, "time": 74.21094}, {"$id": 369, "type": 0, "pos": 0.5, "size": 1.0, "_time": 74.421875, "shift": 0.0, "time": 74.421875}, {"$id": 370, "type": 0, "pos": -0.5, "size": 1.0, "_time": 74.73828, "shift": 0.0, "time": 74.73828}, {"$id": 371, "type": 0, "pos": -1.08333373, "size": 1.0, "_time": 75.15625, "shift": 0.0, "time": 75.15625}, {"$id": 372, "type": 0, "pos": 0.5, "size": 1.0, "_time": 75.15625, "shift": 0.0, "time": 75.15625}, {"$id": 373, "type": 0, "pos": -0.1944446, "size": 1.0, "_time": 75.47266, "shift": 0.0, "time": 75.47266}, {"$id": 374, "type": 0, "pos": -1.1388886, "size": 1.0, "_time": 75.68359, "shift": 0.0, "time": 75.68359}, {"$id": 375, "type": 0, "pos": 0.6111114, "size": 1.0, "_time": 75.78906, "shift": 0.0, "time": 75.78906}, {"$id": 376, "type": 0, "pos": 1.02777767, "size": 1.0, "_time": 76.0, "shift": 0.0, "time": 76.0}, {"$id": 377, "type": 0, "pos": -0.7222228, "size": 1.0, "_time": 76.10547, "shift": 0.0, "time": 76.10547}, {"$id": 378, "type": 0, "sounds": [{"w": 0.0, "d": 0.06578827, "p": 46, "v": 103}], "pos": -2.0, "size": 1.30000007, "_time": 76.421875, "shift": 0.0, "time": 76.421875}, {"$id": 379, "type": 0, "sounds": [{"w": 0.0, "d": 0.06578827, "p": 65, "v": 103}], "pos": 2.0, "size": 1.30000007, "_time": 76.421875, "shift": 0.0, "time": 76.421875}, {"$id": 380, "type": 0, "pos": 1.24999952, "size": 1.0, "_time": 76.73828, "shift": 0.0, "time": 76.73828}, {"$id": 381, "type": 0, "pos": 1.24999952, "size": 1.0, "_time": 76.94531, "shift": 0.0, "time": 76.94531}, {"$id": 382, "type": 0, "pos": -0.5, "size": 1.0, "_time": 77.05078, "shift": 0.0, "time": 77.05078}, {"$id": 383, "type": 0, "sounds": [{"w": 0.0, "d": 0.06578827, "p": 84, "v": 103}], "pos": -0.4722221, "size": 1.0, "_time": 77.23828, "shift": 0.0, "time": 77.23828}, {"$id": 384, "type": 0, "sounds": [{"w": 0.0, "d": 0.06578827, "p": 86, "v": 103}], "pos": 1.5, "size": 1.0, "_time": 77.328125, "shift": 0.0, "time": 77.328125}, {"$id": 385, "type": 0, "sounds": [{"w": 0.0, "d": 0.06578827, "p": 87, "v": 103}], "pos": -1.0, "size": 1.0, "_time": 77.52734, "shift": 0.0, "time": 77.52734}, {"$id": 386, "type": 0, "sounds": [{"w": 0.0, "d": 0.06578827, "p": 79, "v": 103}], "pos": 1.15277612, "size": 1.0, "_time": 77.99609, "shift": 0.0, "time": 77.99609}, {"$id": 387, "type": 0, "pos": 0.5, "size": 1.0, "_time": 78.31641, "shift": 0.0, "time": 78.31641}, {"$id": 388, "type": 0, "sounds": [{"w": 0.0, "d": 0.06578827, "p": 72, "v": 103}], "pos": 0.5, "size": 1.0, "_time": 78.51172, "shift": 0.0, "time": 78.51172}, {"$id": 389, "type": 0, "pos": -1.5, "size": 1.0, "_time": 78.63281, "shift": 0.0, "time": 78.63281}, {"$id": 390, "type": 0, "sounds": [{"w": 0.0, "d": 0.06578827, "p": 65, "v": 103}], "pos": -2.0, "size": 1.1, "_time": 78.94531, "shift": 0.0, "time": 78.94531}, {"$id": 391, "type": 0, "sounds": [{"w": 0.0, "d": 0.06578827, "p": 70, "v": 103}], "pos": 0.5555544, "size": 1.1, "_time": 78.94531, "shift": 0.0, "time": 78.94531}, {"$id": 392, "type": 0, "pos": -1.13888884, "size": 1.0, "_time": 79.26172, "shift": 0.0, "time": 79.26172}, {"$id": 393, "type": 0, "pos": -1.13888884, "size": 1.0, "_time": 79.47266, "shift": 0.0, "time": 79.47266}, {"$id": 394, "type": 0, "pos": 1.0, "size": 1.0, "_time": 79.578125, "shift": 0.0, "time": 79.578125}, {"$id": 395, "type": 0, "pos": 1.13888955, "size": 1.0, "_time": 79.89453, "shift": 0.0, "time": 79.89453}, {"$id": 396, "type": 0, "sounds": [{"w": 0.0, "d": 0.0493392944, "p": 53, "v": 103}], "pos": 0.5, "size": 1.0, "_time": 80.14453, "shift": 0.0, "time": 80.14453}, {"$id": 397, "type": 0, "sounds": [{"w": 0.0, "d": 0.0493392944, "p": 68, "v": 103}], "pos": -1.44444442, "size": 1.0, "_time": 80.21094, "shift": 0.0, "time": 80.21094}, {"$id": 398, "type": 0, "sounds": [{"w": 0.0, "d": 0.0493392944, "p": 54, "v": 103}], "pos": -1.5, "size": 1.0, "_time": 80.42578, "shift": 0.0, "time": 80.42578}, {"$id": 399, "type": 0, "sounds": [{"w": 0.0, "d": 0.0493392944, "p": 69, "v": 103}], "pos": 0.5, "size": 1.0, "_time": 80.52734, "shift": 0.0, "time": 80.52734}, {"$id": 400, "type": 0, "sounds": [{"w": 0.0, "d": 0.0493392944, "p": 70, "v": 103}], "pos": 1.444444, "size": 1.0, "_time": 80.82031, "shift": 0.0, "time": 80.82031}, {"$id": 401, "type": 0, "pos": 0.805555344, "size": 1.0, "_time": 81.15625, "shift": 0.0, "time": 81.15625}, {"$id": 402, "type": 0, "pos": -1.0, "size": 1.10000014, "_time": 81.36719, "shift": 0.0, "time": 81.36719}, {"$id": 403, "type": 0, "pos": -1.0, "size": 1.10000014, "_time": 81.47266, "shift": 0.0, "time": 81.47266}, {"$id": 404, "type": 0, "sounds": [{"w": 0.0, "d": 0.0493392944, "p": 65, "v": 103}], "pos": -1.5, "size": 1.0, "_time": 81.96484, "shift": 0.0, "time": 81.96484}, {"$id": 405, "type": 0, "sounds": [{"w": 0.0, "d": 0.0493392944, "p": 68, "v": 103}], "pos": 0.38888967, "size": 1.0, "_time": 81.96484, "shift": 0.0, "time": 81.96484}, {"$id": 406, "type": 0, "pos": 1.5, "size": 1.1, "_time": 82.31641, "shift": 0.0, "time": 82.31641}, {"$id": 407, "type": 0, "pos": -0.361111283, "size": 1.1, "_time": 82.421875, "shift": 0.0, "time": 82.421875}, {"$id": 408, "type": 0, "sounds": [{"w": 0.0, "d": 1.16118622, "p": 70, "v": 103}], "pos": -2.0, "size": 1.0, "_time": 82.73828, "shift": 0.0, "time": 82.73828}, {"$id": 409, "type": 0, "sounds": [{"w": 0.0, "d": 1.16118622, "p": 54, "v": 103}], "pos": 2.0, "size": 1.0, "_time": 82.73828, "shift": 0.0, "time": 82.73828}, {"$id": 410, "type": 0, "pos": 0.5, "size": 1.0, "_time": 83.05078, "shift": 0.0, "time": 83.05078}, {"$id": 411, "type": 0, "pos": 0.5, "size": 1.0, "_time": 83.26172, "shift": 0.0, "time": 83.26172}, {"$id": 412, "type": 0, "pos": -1.5, "size": 1.0, "_time": 83.36719, "shift": 0.0, "time": 83.36719}, {"$id": 413, "type": 0, "pos": -0.5, "size": 1.0, "_time": 83.68359, "shift": 0.0, "time": 83.68359}, {"$id": 414, "type": 0, "pos": -0.5, "size": 1.0, "_time": 83.89453, "shift": 0.0, "time": 83.89453}, {"$id": 415, "type": 0, "pos": 1.5, "size": 1.30000007, "_time": 84.0, "shift": 0.0, "time": 84.0}, {"$id": 416, "type": 0, "pos": 1.0, "size": 1.30000007, "_time": 84.31641, "shift": 0.0, "time": 84.31641}, {"$id": 417, "type": 0, "pos": -1.0, "size": 1.0, "_time": 84.52734, "shift": 0.0, "time": 84.52734}, {"$id": 418, "type": 0, "pos": 0.5, "size": 1.30000007, "_time": 84.63281, "shift": 0.0, "time": 84.63281}, {"$id": 419, "type": 0, "pos": 0.0, "size": 1.30000007, "_time": 84.94531, "shift": 0.0, "time": 84.94531}, {"$id": 420, "type": 0, "sounds": [{"w": 0.0, "d": 0.0493392944, "p": 69, "v": 103}], "pos": -1.00000048, "size": 1.30000007, "_time": 85.26172, "shift": 0.0, "time": 85.26172}, {"$id": 421, "type": 0, "sounds": [{"w": 0.0, "d": 0.0493392944, "p": 65, "v": 103}], "pos": 1.02777708, "size": 1.2, "_time": 85.26172, "shift": 0.0, "time": 85.26172}, {"$id": 422, "type": 0, "pos": 0.5277771, "size": 1.2, "_time": 85.578125, "shift": 0.0, "time": 85.578125}, {"$id": 423, "type": 0, "pos": -0.250000834, "size": 1.2, "_time": 85.89453, "shift": 0.0, "time": 85.89453}, {"$id": 424, "type": 0, "pos": -0.9722229, "size": 1.2, "_time": 86.21094, "shift": 0.0, "time": 86.21094}, {"$id": 425, "type": 0, "sounds": [{"w": 0.0, "d": 0.0493392944, "p": 53, "v": 103}], "pos": 0.5, "size": 1.0, "_time": 86.53906, "shift": 0.0, "time": 86.53906}, {"$id": 426, "type": 0, "sounds": [{"w": 0.0, "d": 0.0493392944, "p": 81, "v": 103}], "pos": -1.777778, "size": 1.0, "_time": 86.53906, "shift": 0.0, "time": 86.53906}, {"$id": 427, "type": 0, "pos": -1.55555534, "size": 1.0, "_time": 86.84375, "shift": 0.0, "time": 86.84375}, {"$id": 428, "type": 0, "pos": -1.55555534, "size": 1.0, "_time": 87.05078, "shift": 0.0, "time": 87.05078}, {"$id": 429, "type": 0, "pos": 0.555556536, "size": 1.0, "_time": 87.15625, "shift": 0.0, "time": 87.15625}, {"$id": 430, "type": 0, "pos": 1.22222161, "size": 1.0, "_time": 87.47266, "shift": 0.0, "time": 87.47266}, {"$id": 431, "type": 0, "pos": 1.22222161, "size": 1.0, "_time": 87.68359, "shift": 0.0, "time": 87.68359}, {"$id": 432, "type": 0, "pos": -0.5, "size": 1.0, "_time": 87.78906, "shift": 0.0, "time": 87.78906}, {"$id": 433, "type": 0, "pos": -1.0, "size": 1.2, "_time": 88.10547, "shift": 0.0, "time": 88.10547}, {"$id": 434, "type": 0, "pos": -1.0, "size": 1.2, "_time": 88.31641, "shift": 0.0, "time": 88.31641}, {"$id": 435, "type": 0, "pos": 1.5, "size": 1.0, "_time": 88.421875, "shift": 0.0, "time": 88.421875}, {"$id": 436, "type": 0, "pos": 0.0, "size": 1.2, "_time": 88.63281, "shift": 0.0, "time": 88.63281}, {"$id": 437, "type": 0, "pos": 0.0, "size": 1.2, "_time": 88.73828, "shift": 0.0, "time": 88.73828}, {"$id": 438, "type": 0, "sounds": [{"w": 0.0, "d": 0.0493392944, "p": 84, "v": 103}], "pos": 0.5, "size": 1.0, "_time": 89.03125, "shift": 0.0, "time": 89.03125}, {"$id": 439, "type": 0, "sounds": [{"w": 0.0, "d": 0.0493392944, "p": 57, "v": 103}], "pos": -2.0, "size": 1.0, "_time": 89.03125, "shift": 0.0, "time": 89.03125}, {"$id": 440, "type": 0, "pos": -0.5, "size": 1.0, "_time": 89.36719, "shift": 0.0, "time": 89.36719}, {"$id": 441, "type": 0, "pos": -0.5, "size": 1.0, "_time": 89.578125, "shift": 0.0, "time": 89.578125}, {"$id": 442, "type": 0, "pos": 1.0, "size": 1.0, "_time": 89.68359, "shift": 0.0, "time": 89.68359}, {"$id": 443, "type": 0, "pos": -1.5, "size": 1.1, "_time": 90.0, "shift": 0.0, "time": 90.0}, {"$id": 444, "type": 0, "sounds": [{"w": 0.0, "d": 0.0493392944, "p": 67, "v": 103}], "pos": 1.0, "size": 1.1, "_time": 90.31641, "shift": 0.0, "time": 90.31641}, {"$id": 445, "type": 0, "sounds": [{"w": 0.0, "d": 0.0493392944, "p": 51, "v": 103}], "pos": -1.5, "size": 1.1, "_time": 90.31641, "shift": 0.0, "time": 90.31641}, {"$id": 446, "type": 0, "pos": 0.250000626, "size": 1.1, "_time": 90.63281, "shift": 0.0, "time": 90.63281}, {"$id": 447, "type": 0, "pos": 0.861112, "size": 1.1, "_time": 90.84375, "shift": 0.0, "time": 90.84375}, {"$id": 448, "type": 0, "pos": -0.8055558, "size": 1.1, "_time": 90.94531, "shift": 0.0, "time": 90.94531}, {"$id": 449, "type": 0, "pos": -1.19444442, "size": 1.2, "_time": 91.15625, "shift": 0.0, "time": 91.15625}, {"$id": 450, "type": 0, "pos": 1.1388886, "size": 1.2, "_time": 91.26172, "shift": 0.0, "time": 91.26172}, {"$id": 451, "type": 0, "sounds": [{"w": 0.0, "d": 0.0493240356, "p": 74, "v": 103}], "pos": 2.0, "size": 1.30000007, "_time": 91.59766, "shift": 0.0, "time": 91.59766}, {"$id": 452, "type": 0, "sounds": [{"w": 0.0, "d": 0.0493240356, "p": 58, "v": 103}], "pos": -2.0, "size": 1.30000007, "_time": 91.59766, "shift": 0.0, "time": 91.59766}, {"$id": 453, "type": 0, "pos": -1.13888848, "size": 1.0, "_time": 91.78906, "shift": 0.0, "time": 91.78906}, {"$id": 454, "type": 0, "pos": 0.611111343, "size": 1.0, "_time": 91.89453, "shift": 0.0, "time": 91.89453}, {"$id": 455, "type": 0, "pos": -0.611111343, "size": 1.0, "_time": 92.0, "shift": 0.0, "time": 92.0}, {"$id": 456, "type": 0, "pos": 1.22222161, "size": 1.0, "_time": 92.10547, "shift": 0.0, "time": 92.10547}, {"$id": 457, "type": 0, "pos": 0.0, "size": 1.0, "_time": 92.21094, "shift": 0.0, "time": 92.21094}, {"$id": 458, "type": 0, "sounds": [{"w": 0.0, "d": 0.0493392944, "p": 72, "v": 103}], "pos": 1.0, "size": 1.2, "_time": 92.8125, "shift": 0.0, "time": 92.8125}, {"$id": 459, "type": 0, "sounds": [{"w": 0.0, "d": 0.0493392944, "p": 58, "v": 103}], "pos": -1.0, "size": 1.2, "_time": 92.8125, "shift": 0.0, "time": 92.8125}, {"$id": 460, "type": 0, "sounds": [{"w": 0.0, "d": 0.0493392944, "p": 72, "v": 103}], "pos": 1.0, "size": 1.2, "_time": 93.34375, "shift": 0.0, "time": 93.34375}, {"$id": 461, "type": 0, "sounds": [{"w": 0.0, "d": 0.0493392944, "p": 58, "v": 103}], "pos": -1.0, "size": 1.2, "_time": 93.34375, "shift": 0.0, "time": 93.34375}, {"$id": 462, "type": 0, "pos": 0.5, "size": 1.1, "_time": 93.68359, "shift": 0.0, "time": 93.68359}, {"$id": 463, "type": 0, "pos": 0.5, "size": 1.1, "_time": 93.78906, "shift": 0.0, "time": 93.78906}, {"$id": 464, "type": 0, "pos": -2.0, "size": 1.1, "_time": 94.10547, "shift": 0.0, "time": 94.10547}, {"$id": 465, "type": 0, "sounds": [{"w": 0.0, "d": 0.0493392944, "p": 48, "v": 103}], "pos": -2.0, "size": 1.50000012, "_time": 94.41406, "shift": 0.0, "time": 94.41406}, {"$id": 466, "type": 0, "sounds": [{"w": 0.0, "d": 0.921051, "p": 72, "v": 57}], "pos": 2.0, "size": 1.50000012, "_time": 94.44531, "shift": 0.0, "time": 94.44531}, {"$id": 467, "type": 0, "sounds": [{"w": 0.0, "d": 1.26972961, "p": 57, "v": 50}], "pos": -1.0, "size": 1.0, "_time": 95.36719, "shift": 0.0, "time": 95.36719}, {"$id": 468, "type": 0, "pos": 1.72222161, "size": 1.0, "_time": 95.578125, "shift": 0.0, "time": 95.578125}, {"$id": 469, "type": 0, "pos": 1.27777767, "size": 1.0, "_time": 95.63281, "shift": 0.0, "time": 95.63281}, {"$id": 470, "type": 0, "pos": 0.8888893, "size": 1.0, "_time": 95.68359, "shift": 0.0, "time": 95.68359}, {"$id": 471, "type": 0, "pos": 0.0, "size": 1.0, "_time": 96.0, "shift": 0.0, "time": 96.0}, {"$id": 472, "type": 0, "pos": -0.750000238, "size": 1.0, "_time": 96.31641, "shift": 0.0, "time": 96.31641}, {"$id": 473, "type": 0, "sounds": [{"w": 0.0, "d": 0.0493392944, "p": 74, "v": 103}], "pos": -1.5, "size": 1.0, "_time": 96.65234, "shift": 0.0, "time": 96.65234}, {"$id": 474, "type": 0, "sounds": [{"w": 0.0, "d": 0.0493392944, "p": 58, "v": 103}], "pos": 1.0, "size": 1.0, "_time": 96.65234, "shift": 0.0, "time": 96.65234}, {"$id": 475, "type": 0, "pos": -1.444444, "size": 1.30000007, "_time": 96.94531, "shift": 0.0, "time": 96.94531}, {"$id": 476, "type": 0, "pos": -1.0, "size": 1.0, "_time": 97.15625, "shift": 0.0, "time": 97.15625}, {"$id": 477, "type": 0, "pos": 0.5, "size": 1.0, "_time": 97.26172, "shift": 0.0, "time": 97.26172}, {"$id": 478, "type": 0, "pos": 0.916667461, "size": 1.30000007, "_time": 97.47266, "shift": 0.0, "time": 97.47266}, {"$id": 479, "type": 0, "pos": -0.999999762, "size": 1.30000007, "_time": 97.578125, "shift": 0.0, "time": 97.578125}, {"$id": 480, "type": 0, "pos": 1.55555618, "size": 1.30000007, "_time": 97.89453, "shift": 0.0, "time": 97.89453}, {"$id": 481, "type": 0, "pos": -1.44444382, "size": 1.0, "_time": 98.21094, "shift": 0.0, "time": 98.21094}, {"$id": 482, "type": 0, "pos": 0.25, "size": 1.30000007, "_time": 98.52734, "shift": 0.0, "time": 98.52734}, {"$id": 483, "type": 0, "pos": -1.11111093, "size": 1.2, "_time": 98.73828, "shift": 0.0, "time": 98.73828}, {"$id": 484, "type": 0, "pos": 0.861111343, "size": 1.30000007, "_time": 98.83984, "shift": 0.0, "time": 98.83984}, {"$id": 485, "type": 0, "pos": -0.6111109, "size": 1.30000007, "_time": 99.15625, "shift": 0.0, "time": 99.15625}, {"$id": 486, "type": 0, "pos": 1.38888907, "size": 1.2, "_time": 99.36719, "shift": 0.0, "time": 99.36719}, {"$id": 487, "type": 0, "pos": -0.6111109, "size": 1.30000007, "_time": 99.47266, "shift": 0.0, "time": 99.47266}, {"$id": 488, "type": 0, "pos": -1.52777815, "size": 1.30000007, "_time": 99.68359, "shift": 0.0, "time": 99.68359}, {"$id": 489, "type": 0, "pos": 1.38888884, "size": 1.0, "_time": 99.78906, "shift": 0.0, "time": 99.78906}, {"$id": 490, "type": 0, "pos": -0.194443822, "size": 1.0, "_time": 100.105469, "shift": 0.0, "time": 100.105469}, {"$id": 491, "type": 0, "pos": 1.27777719, "size": 1.0, "_time": 100.316406, "shift": 0.0, "time": 100.316406}, {"$id": 492, "type": 0, "pos": -1.0, "size": 1.0, "_time": 100.421875, "shift": 0.0, "time": 100.421875}, {"$id": 493, "type": 0, "pos": 0.916666031, "size": 1.2, "_time": 100.738281, "shift": 0.0, "time": 100.738281}, {"$id": 494, "type": 0, "pos": -1.47222245, "size": 1.2, "_time": 100.945313, "shift": 0.0, "time": 100.945313}, {"$id": 495, "type": 0, "sounds": [{"w": 0.0, "d": 0.0493392944, "p": 67, "v": 103}], "pos": 0.0, "size": 1.0, "_time": 101.261719, "shift": 0.0, "time": 101.261719}, {"$id": 496, "type": 0, "sounds": [{"w": 0.0, "d": 0.0493392944, "p": 68, "v": 103}], "pos": 0.5, "size": 1.0, "_time": 101.347656, "shift": 0.0, "time": 101.347656}, {"$id": 497, "type": 0, "sounds": [{"w": 0.0, "d": 0.0493392944, "p": 66, "v": 103}], "pos": 1.5, "size": 1.2, "_time": 101.683594, "shift": 0.0, "time": 101.683594}, {"$id": 498, "type": 0, "sounds": [{"w": 0.0, "d": 0.0493392944, "p": 63, "v": 103}], "pos": -1.5, "size": 1.2, "_time": 101.683594, "shift": 0.0, "time": 101.683594}, {"$id": 499, "type": 0, "pos": -1.5, "size": 1.0, "_time": 102.0, "shift": 0.0, "time": 102.0}, {"$id": 500, "type": 0, "pos": -1.5, "size": 1.0, "_time": 102.210938, "shift": 0.0, "time": 102.210938}, {"$id": 501, "type": 0, "pos": 1.0, "size": 1.0, "_time": 102.316406, "shift": 0.0, "time": 102.316406}, {"$id": 502, "type": 0, "pos": 2.0, "size": 1.30000007, "_time": 102.5625, "shift": 0.0, "time": 102.5625}, {"$id": 503, "type": 0, "sounds": [{"w": 0.0, "d": 0.0493392944, "p": 54, "v": 103}], "pos": -0.5, "size": 1.2, "_time": 102.945313, "shift": 0.0, "time": 102.945313}, {"$id": 504, "type": 0, "sounds": [{"w": 0.0, "d": 0.0493392944, "p": 70, "v": 103}], "pos": 2.0, "size": 1.2, "_time": 102.945313, "shift": 0.0, "time": 102.945313}, {"$id": 505, "type": 0, "pos": 0.750000238, "size": 1.0, "_time": 103.261719, "shift": 0.0, "time": 103.261719}, {"$id": 506, "type": 0, "pos": 0.750000238, "size": 1.0, "_time": 103.472656, "shift": 0.0, "time": 103.472656}, {"$id": 507, "type": 0, "pos": -1.4444437, "size": 1.0, "_time": 103.578125, "shift": 0.0, "time": 103.578125}, {"$id": 508, "type": 0, "pos": -0.583332956, "size": 1.0, "_time": 103.894531, "shift": 0.0, "time": 103.894531}, {"$id": 509, "type": 0, "sounds": [{"w": 0.0, "d": 0.0493392944, "p": 55, "v": 103}], "pos": -1.80555582, "size": 1.2, "_time": 104.210938, "shift": 0.0, "time": 104.210938}, {"$id": 510, "type": 0, "sounds": [{"w": 0.0, "d": 0.0493392944, "p": 69, "v": 103}], "pos": 0.5, "size": 1.2, "_time": 104.210938, "shift": 0.0, "time": 104.210938}, {"$id": 511, "type": 0, "pos": -1.0, "size": 1.0, "_time": 104.527344, "shift": 0.0, "time": 104.527344}, {"$id": 512, "type": 0, "pos": -1.0, "size": 1.0, "_time": 104.738281, "shift": 0.0, "time": 104.738281}, {"$id": 513, "type": 0, "pos": 1.5, "size": 1.0, "_time": 104.839844, "shift": 0.0, "time": 104.839844}, {"$id": 514, "type": 0, "pos": 0.5, "size": 1.0, "_time": 105.050781, "shift": 0.0, "time": 105.050781}, {"$id": 515, "type": 0, "pos": -1.0, "size": 1.0, "_time": 105.15625, "shift": 0.0, "time": 105.15625}, {"$id": 516, "type": 0, "sounds": [{"w": 0.0, "d": 0.0493392944, "p": 70, "v": 103}], "pos": 1.13888907, "size": 1.1, "_time": 105.472656, "shift": 0.0, "time": 105.472656}, {"$id": 517, "type": 0, "sounds": [{"w": 0.0, "d": 0.0493392944, "p": 69, "v": 103}], "pos": -0.30555582, "size": 1.1, "_time": 105.777344, "shift": 0.0, "time": 105.777344}, {"$id": 518, "type": 0, "sounds": [{"w": 0.0, "d": 0.0493392944, "p": 70, "v": 103}], "pos": 1.19444382, "size": 1.1, "_time": 105.976563, "shift": 0.0, "time": 105.976563}, {"$id": 519, "type": 0, "sounds": [{"w": 0.0, "d": 0.0493392944, "p": 70, "v": 103}], "pos": 2.0, "size": 1.1, "_time": 106.28125, "shift": 0.0, "time": 106.28125}, {"$id": 520, "type": 0, "pos": -1.0, "size": 1.0, "_time": 106.421875, "shift": 0.0, "time": 106.421875}, {"$id": 521, "type": 0, "pos": 1.0, "size": 1.0, "_time": 106.632813, "shift": 0.0, "time": 106.632813}, {"$id": 522, "type": 0, "pos": 1.0, "size": 1.0, "_time": 106.738281, "shift": 0.0, "time": 106.738281}, {"$id": 523, "type": 0, "pos": -1.5, "size": 1.2, "_time": 107.050781, "shift": 0.0, "time": 107.050781}, {"$id": 524, "type": 0, "pos": -1.5, "size": 1.2, "_time": 107.261719, "shift": 0.0, "time": 107.261719}, {"$id": 525, "type": 0, "pos": -1.5, "size": 1.2, "_time": 107.578125, "shift": 0.0, "time": 107.578125}, {"$id": 526, "type": 0, "pos": 1.0, "size": 1.2, "_time": 107.683594, "shift": 0.0, "time": 107.683594}, {"$id": 527, "type": 0, "sounds": [{"w": 0.0, "d": 0.0493392944, "p": 82, "v": 103}], "pos": -0.5, "size": 1.0, "_time": 107.984375, "shift": 0.0, "time": 107.984375}, {"$id": 528, "type": 0, "pos": 1.0, "size": 1.2, "_time": 108.210938, "shift": 0.0, "time": 108.210938}, {"$id": 529, "type": 0, "pos": 1.5, "size": 1.2, "_time": 108.261719, "shift": 0.0, "time": 108.261719}, {"$id": 530, "type": 0, "pos": 2.0, "size": 1.2, "_time": 108.316406, "shift": 0.0, "time": 108.316406}, {"$id": 531, "type": 0, "pos": 0.5, "size": 1.2, "_time": 108.527344, "shift": 0.0, "time": 108.527344}, {"$id": 532, "type": 0, "pos": -1.5, "size": 1.0, "_time": 108.632813, "shift": 0.0, "time": 108.632813}, {"$id": 533, "type": 0, "pos": -1.5, "size": 1.0, "_time": 108.945313, "shift": 0.0, "time": 108.945313}, {"$id": 534, "type": 0, "pos": 0.0, "size": 1.2, "_time": 109.261719, "shift": 0.0, "time": 109.261719}, {"$id": 535, "type": 0, "pos": -1.0, "size": 1.0, "_time": 109.472656, "shift": 0.0, "time": 109.472656}, {"$id": 536, "type": 0, "pos": -1.5, "size": 1.0, "_time": 109.527344, "shift": 0.0, "time": 109.527344}, {"$id": 537, "type": 0, "pos": -2.0, "size": 1.0, "_time": 109.578125, "shift": 0.0, "time": 109.578125}, {"$id": 538, "type": 0, "pos": 0.0, "size": 1.0, "_time": 109.789063, "shift": 0.0, "time": 109.789063}, {"$id": 539, "type": 0, "pos": 1.6388886, "size": 1.0, "_time": 109.894531, "shift": 0.0, "time": 109.894531}, {"$id": 540, "type": 0, "pos": 0.0, "size": 1.2, "_time": 110.105469, "shift": 0.0, "time": 110.105469}, {"$id": 541, "type": 0, "pos": -1.5, "size": 1.2, "_time": 110.210938, "shift": 0.0, "time": 110.210938}, {"$id": 542, "type": 0, "pos": 0.5, "size": 1.2, "_time": 110.527344, "shift": 0.0, "time": 110.527344}, {"$id": 543, "type": 0, "sounds": [{"w": 0.0, "d": 0.0493392944, "p": 70, "v": 103}], "pos": -2.0, "size": 1.2, "_time": 110.839844, "shift": 0.0, "time": 110.839844}, {"$id": 544, "type": 0, "pos": -1.0, "size": 1.0, "_time": 111.15625, "shift": 0.0, "time": 111.15625}, {"$id": 545, "type": 0, "pos": 0.0, "size": 1.0, "_time": 111.472656, "shift": 0.0, "time": 111.472656}, {"$id": 546, "type": 0, "sounds": [{"w": 0.0, "d": 0.0493392944, "p": 77, "v": 103}], "pos": -1.0, "size": 1.0, "_time": 111.789063, "shift": 0.0, "time": 111.789063}, {"$id": 547, "type": 0, "sounds": [{"w": 0.0, "d": 0.0493392944, "p": 50, "v": 103}], "pos": 1.0, "size": 1.0, "_time": 111.789063, "shift": 0.0, "time": 111.789063}, {"$id": 548, "type": 0, "pos": -0.249999046, "size": 1.2, "_time": 112.105469, "shift": 0.0, "time": 112.105469}, {"$id": 549, "type": 0, "pos": -2.0, "size": 1.2, "_time": 112.316406, "shift": 0.0, "time": 112.316406}, {"$id": 550, "type": 0, "pos": 1.0, "size": 1.2, "_time": 112.421875, "shift": 0.0, "time": 112.421875}, {"$id": 551, "type": 0, "pos": -0.5, "size": 1.2, "_time": 112.527344, "shift": 0.0, "time": 112.527344}, {"$id": 552, "type": 0, "pos": 1.0, "size": 1.2, "_time": 112.632813, "shift": 0.0, "time": 112.632813}, {"$id": 553, "type": 0, "pos": -0.5, "size": 1.2, "_time": 112.738281, "shift": 0.0, "time": 112.738281}, {"$id": 554, "type": 0, "pos": -1.0, "size": 1.2, "_time": 112.945313, "shift": 0.0, "time": 112.945313}, {"$id": 555, "type": 0, "sounds": [{"w": 0.0, "d": 0.0493392944, "p": 77, "v": 103}], "pos": 2.0, "size": 1.2, "_time": 113.050781, "shift": 0.0, "time": 113.050781}, {"$id": 556, "type": 0, "sounds": [{"w": 0.0, "d": 2.575653, "p": 77, "v": 103}], "pos": 2.0, "size": 1.4000001, "_time": 113.535156, "shift": 0.0, "time": 113.535156}, {"$id": 557, "type": 0, "sounds": [{"w": 0.0, "d": 2.575653, "p": 67, "v": 103}], "pos": -2.0, "size": 1.4000001, "_time": 113.535156, "shift": 0.0, "time": 113.535156}], "links": [{"notes": [{"$ref": 495}, {"$ref": 496}]}, {"notes": [{"$ref": 528}, {"$ref": 529}, {"$ref": 530}]}, {"notes": [{"$ref": 77}, {"$ref": 78}, {"$ref": 79}, {"$ref": 80}]}, {"notes": [{"$ref": 102}, {"$ref": 103}, {"$ref": 104}]}, {"notes": [{"$ref": 468}, {"$ref": 469}, {"$ref": 470}]}, {"notes": [{"$ref": 535}, {"$ref": 536}, {"$ref": 537}]}, {"notes": [{"$ref": 117}, {"$ref": 118}, {"$ref": 119}]}, {"notes": [{"$ref": 129}, {"$ref": 130}]}, {"notes": [{"$ref": 176}, {"$ref": 177}, {"$ref": 178}]}, {"notes": [{"$ref": 190}, {"$ref": 191}]}, {"notes": [{"$ref": 245}, {"$ref": 246}, {"$ref": 247}]}, {"notes": [{"$ref": 272}, {"$ref": 273}, {"$ref": 274}]}, {"notes": [{"$ref": 290}, {"$ref": 291}, {"$ref": 292}]}]}