{"speed": 6.0, "notes": [{"$id": 1, "type": 0, "sounds": [{"w": 0.0, "d": 0.225563988, "p": 60, "v": 81}], "pos": -1.555557, "size": 1.1, "_time": 0.2265625, "shift": 0.0, "time": 0.2265625}, {"$id": 2, "type": 0, "sounds": [{"w": 0.0, "d": 0.225563973, "p": 62, "v": 81}], "pos": -0.3333348, "size": 1.1, "_time": 0.44921875, "shift": 0.0, "time": 0.44921875}, {"$id": 3, "type": 0, "sounds": [{"w": 0.0, "d": 0.225564, "p": 64, "v": 81}], "pos": 0.666665554, "size": 1.1, "_time": 0.67578125, "shift": 0.0, "time": 0.67578125}, {"$id": 4, "type": 0, "sounds": [{"w": 0.0, "d": 0.225563943, "p": 65, "v": 83}], "pos": 1.708332, "size": 1.1, "_time": 0.90234375, "shift": 0.0, "time": 0.90234375}, {"$id": 5, "type": 0, "sounds": [{"w": 0.0, "d": 0.225564, "p": 62, "v": 80}], "pos": -1.16666818, "size": 1.1, "_time": 1.12890625, "shift": 0.0, "time": 1.12890625}, {"$id": 6, "type": 0, "sounds": [{"w": 0.0, "d": 0.225564, "p": 64, "v": 83}], "pos": 1.16666532, "size": 1.1, "_time": 1.3515625, "shift": 0.0, "time": 1.3515625}, {"$id": 7, "type": 0, "sounds": [{"w": 0.0, "d": 0.225564, "p": 60, "v": 80}], "pos": -0.472224325, "size": 1.1, "_time": 1.578125, "shift": 0.0, "time": 1.578125}, {"$id": 8, "type": 0, "sounds": [{"w": 0.0, "d": 0.4511279, "p": 67, "v": 82}], "pos": 0.9027766, "size": 1.1, "_time": 1.8046875, "shift": 0.0, "time": 1.8046875}, {"$id": 9, "type": 0, "sounds": [{"w": 0.0, "d": 0.225564, "p": 48, "v": 81}], "pos": -1.58333325, "size": 1.2, "_time": 2.03125, "shift": 0.0, "time": 2.03125}, {"$id": 10, "type": 0, "sounds": [{"w": 0.0, "d": 0.225564, "p": 50, "v": 81}, {"w": 0.0, "d": 0.451128, "p": 72, "v": 81}], "pos": 1.13888776, "size": 1.2, "_time": 2.25390625, "shift": 0.0, "time": 2.25390625}, {"$id": 11, "type": 0, "sounds": [{"w": 0.0, "d": 0.225564, "p": 52, "v": 81}], "pos": -0.333334684, "size": 1.2, "_time": 2.48046875, "shift": 0.0, "time": 2.48046875}, {"$id": 12, "type": 0, "sounds": [{"w": 0.0, "d": 0.225563765, "p": 53, "v": 83}], "pos": -1.4583348, "size": 1.2, "_time": 2.70703125, "shift": 0.0, "time": 2.70703125}, {"$id": 13, "type": 0, "sounds": [{"w": 0.0, "d": 0.07988715, "p": 71, "v": 80}], "pos": 1.54166555, "size": 1.1, "_time": 2.70703125, "shift": 0.0, "time": 2.70703125}, {"$id": 14, "type": 0, "sounds": [{"w": 0.0, "d": 0.07988715, "p": 69, "v": 82}], "pos": 0.8472205, "size": 1.1, "_time": 2.78515625, "shift": 0.0, "time": 2.78515625}, {"$id": 15, "type": 0, "sounds": [{"w": 0.0, "d": 0.291353464, "p": 71, "v": 81}], "pos": 1.54166555, "size": 1.1, "_time": 2.8671875, "shift": 0.0, "time": 2.8671875}, {"$id": 16, "type": 0, "sounds": [{"w": 0.0, "d": 0.225564, "p": 50, "v": 80}], "pos": -0.583334565, "size": 1.2, "_time": 2.93359375, "shift": 0.0, "time": 2.93359375}, {"$id": 17, "type": 0, "sounds": [{"w": 0.0, "d": 0.225564, "p": 52, "v": 83}, {"w": 0.0, "d": 0.451128, "p": 72, "v": 81}], "pos": 0.6666647, "size": 1.2, "_time": 3.15625, "shift": 0.0, "time": 3.15625}, {"$id": 18, "type": 0, "sounds": [{"w": 0.0, "d": 0.225564, "p": 48, "v": 80}], "pos": -0.749999762, "size": 1.2, "_time": 3.3828125, "shift": 0.0, "time": 3.3828125}, {"$id": 19, "type": 0, "sounds": [{"w": 0.0, "d": 0.225564, "p": 74, "v": 90}], "pos": 1.49999774, "size": 1.2, "_time": 3.609375, "shift": 0.0, "time": 3.609375}, {"$id": 20, "type": 0, "sounds": [{"w": 0.0, "d": 0.225564, "p": 55, "v": 82}], "pos": -1.5694468, "size": 1.2, "_time": 3.609375, "shift": 0.0, "time": 3.609375}, {"$id": 21, "type": 0, "sounds": [{"w": 0.0, "d": 0.225564, "p": 67, "v": 89}], "pos": -0.402779281, "size": 1.1, "_time": 3.8359375, "shift": 0.0, "time": 3.8359375}, {"$id": 22, "type": 0, "sounds": [{"w": 0.0, "d": 0.225564, "p": 69, "v": 90}, {"w": 0.0, "d": 0.676692, "p": 43, "v": 81}], "pos": 0.98611027, "size": 1.2, "_time": 4.05859375, "shift": 0.0, "time": 4.05859375}, {"$id": 23, "type": 0, "sounds": [{"w": 0.0, "d": 0.225564, "p": 71, "v": 91}], "pos": -0.416667223, "size": 1.1, "_time": 4.28515625, "shift": 0.0, "time": 4.28515625}, {"$id": 24, "type": 0, "sounds": [{"w": 0.0, "d": 0.225564, "p": 72, "v": 88}], "pos": 1.61110973, "size": 1.2, "_time": 4.51171875, "shift": 0.0, "time": 4.51171875}, {"$id": 25, "type": 0, "sounds": [{"w": 0.0, "d": 0.225564, "p": 69, "v": 89}], "pos": -1.26389039, "size": 1.1, "_time": 4.73828125, "shift": 0.0, "time": 4.73828125}, {"$id": 26, "type": 0, "sounds": [{"w": 0.0, "d": 0.225564, "p": 71, "v": 90}], "pos": 0.7916652, "size": 1.2, "_time": 4.9609375, "shift": 0.0, "time": 4.9609375}, {"$id": 27, "type": 0, "sounds": [{"w": 0.0, "d": 0.225564, "p": 67, "v": 90}], "pos": -1.29166842, "size": 1.1, "_time": 5.1875, "shift": 0.0, "time": 5.1875}, {"$id": 28, "type": 0, "sounds": [{"w": 0.0, "d": 0.451128, "p": 74, "v": 91}], "pos": 0.5, "size": 1.2, "_time": 5.4140625, "shift": 0.0, "time": 5.4140625}, {"$id": 29, "type": 0, "sounds": [{"w": 0.0, "d": 0.225564, "p": 55, "v": 80}], "pos": -1.90277934, "size": 1.1, "_time": 5.640625, "shift": 0.0, "time": 5.640625}, {"$id": 30, "type": 0, "sounds": [{"w": 0.0, "d": 0.225564, "p": 57, "v": 82}], "pos": -0.805555344, "size": 1.1, "_time": 5.86328125, "shift": 0.0, "time": 5.86328125}, {"$id": 31, "type": 0, "sounds": [{"w": 0.0, "d": 0.451128, "p": 79, "v": 90}], "pos": 1.7916652, "size": 1.0, "_time": 5.86328125, "shift": 0.0, "time": 5.86328125}, {"$id": 32, "type": 0, "sounds": [{"w": 0.0, "d": 0.225564, "p": 59, "v": 81}], "pos": 0.06944382, "size": 1.1, "_time": 6.08984375, "shift": 0.0, "time": 6.08984375}, {"$id": 33, "type": 0, "sounds": [{"w": 0.0, "d": 0.22556448, "p": 60, "v": 81}], "pos": -0.5833348, "size": 1.1, "_time": 6.31640625, "shift": 0.0, "time": 6.31640625}, {"$id": 34, "type": 0, "sounds": [{"w": 0.0, "d": 0.08458662, "p": 77, "v": 89}], "pos": 1.5416652, "size": 1.0, "_time": 6.31640625, "shift": 0.0, "time": 6.31640625}, {"$id": 35, "type": 0, "sounds": [{"w": 0.0, "d": 0.07518816, "p": 76, "v": 88}], "pos": 0.9166654, "size": 1.0, "_time": 6.3984375, "shift": 0.0, "time": 6.3984375}, {"$id": 36, "type": 0, "sounds": [{"w": 0.0, "d": 0.2913537, "p": 77, "v": 89}], "pos": 1.5416652, "size": 1.0, "_time": 6.4765625, "shift": 0.0, "time": 6.4765625}, {"$id": 37, "type": 0, "sounds": [{"w": 0.0, "d": 0.225564, "p": 57, "v": 82}], "pos": -1.59722447, "size": 1.1, "_time": 6.54296875, "shift": 0.0, "time": 6.54296875}, {"$id": 38, "type": 0, "sounds": [{"w": 0.0, "d": 0.225564, "p": 59, "v": 84}], "pos": -0.7083348, "size": 1.1, "_time": 6.765625, "shift": 0.0, "time": 6.765625}, {"$id": 39, "type": 0, "sounds": [{"w": 0.0, "d": 0.451128, "p": 79, "v": 88}], "pos": 1.7916652, "size": 1.0, "_time": 6.765625, "shift": 0.0, "time": 6.765625}, {"$id": 40, "type": 0, "sounds": [{"w": 0.0, "d": 0.225564, "p": 55, "v": 88}], "pos": -0.0416665077, "size": 1.1, "_time": 6.9921875, "shift": 0.0, "time": 6.9921875}, {"$id": 41, "type": 0, "sounds": [{"w": 0.0, "d": 0.223880291, "p": 76, "v": 92}], "pos": 0.7777771, "size": 1.1, "_time": 7.21875, "shift": 0.0, "time": 7.21875}, {"$id": 42, "type": 0, "sounds": [{"w": 0.0, "d": 0.223880291, "p": 60, "v": 91}], "pos": -1.41666591, "size": 1.2, "_time": 7.21875, "shift": 0.0, "time": 7.21875}, {"$id": 43, "type": 0, "sounds": [{"w": 0.0, "d": 0.223880291, "p": 81, "v": 92}], "pos": 1.8194437, "size": 1.0, "_time": 7.44140625, "shift": 0.0, "time": 7.44140625}, {"$id": 44, "type": 0, "sounds": [{"w": 0.0, "d": 0.447760582, "p": 59, "v": 92}, {"w": 0.0, "d": 0.223880291, "p": 79, "v": 94}], "pos": 0.444444537, "size": 1.0, "_time": 7.6640625, "shift": 0.0, "time": 7.6640625}, {"$id": 45, "type": 0, "sounds": [{"w": 0.0, "d": 0.223880291, "p": 77, "v": 94}], "pos": -0.5972223, "size": 1.0, "_time": 7.890625, "shift": 0.0, "time": 7.890625}, {"$id": 46, "type": 0, "sounds": [{"w": 0.0, "d": 0.223880768, "p": 76, "v": 95}], "pos": 0.9166659, "size": 1.2, "_time": 8.113281, "shift": 0.0, "time": 8.113281}, {"$id": 47, "type": 0, "sounds": [{"w": 0.0, "d": 0.447761536, "p": 60, "v": 93}], "pos": -1.41666591, "size": 1.2, "_time": 8.113281, "shift": 0.0, "time": 8.113281}, {"$id": 48, "type": 0, "sounds": [{"w": 0.0, "d": 0.223880768, "p": 79, "v": 93}], "pos": 1.65277791, "size": 1.0, "_time": 8.3359375, "shift": 0.0, "time": 8.3359375}, {"$id": 49, "type": 0, "sounds": [{"w": 0.0, "d": 0.223880768, "p": 77, "v": 92}], "pos": 0.430554569, "size": 1.2, "_time": 8.5625, "shift": 0.0, "time": 8.5625}, {"$id": 50, "type": 0, "sounds": [{"w": 0.0, "d": 0.447761536, "p": 62, "v": 94}], "pos": -1.41666591, "size": 1.2, "_time": 8.5625, "shift": 0.0, "time": 8.5625}, {"$id": 51, "type": 0, "sounds": [{"w": 0.0, "d": 0.223880768, "p": 81, "v": 95}], "pos": 1.73611045, "size": 1.0, "_time": 8.785156, "shift": 0.0, "time": 8.785156}, {"$id": 52, "type": 0, "sounds": [{"w": 0.0, "d": 0.225564, "p": 79, "v": 92}], "pos": 1.76388836, "size": 1.2, "_time": 9.0078125, "shift": 0.0, "time": 9.0078125}, {"$id": 53, "type": 0, "sounds": [{"w": 0.0, "d": 0.225564, "p": 64, "v": 94}], "pos": -1.41666591, "size": 1.2, "_time": 9.0078125, "shift": 0.0, "time": 9.0078125}, {"$id": 54, "type": 0, "sounds": [{"w": 0.0, "d": 0.225564, "p": 77, "v": 84}], "pos": 0.958332658, "size": 1.0, "_time": 9.234375, "shift": 0.0, "time": 9.234375}, {"$id": 55, "type": 0, "sounds": [{"w": 0.0, "d": 0.225564, "p": 76, "v": 86}, {"w": 0.0, "d": 0.451128, "p": 55, "v": 87}], "pos": 0.027777791, "size": 1.0, "_time": 9.4609375, "shift": 0.0, "time": 9.4609375}, {"$id": 56, "type": 0, "sounds": [{"w": 0.0, "d": 0.225564, "p": 74, "v": 85}], "pos": -0.8611119, "size": 1.0, "_time": 9.6875, "shift": 0.0, "time": 9.6875}, {"$id": 57, "type": 0, "sounds": [{"w": 0.0, "d": 0.225564, "p": 72, "v": 85}], "pos": 0.499999046, "size": 1.2, "_time": 9.910156, "shift": 0.0, "time": 9.910156}, {"$id": 58, "type": 0, "sounds": [{"w": 0.0, "d": 0.451128, "p": 57, "v": 86}], "pos": -1.87500072, "size": 1.2, "_time": 9.910156, "shift": 0.0, "time": 9.910156}, {"$id": 59, "type": 0, "sounds": [{"w": 0.0, "d": 0.225564, "p": 76, "v": 86}], "pos": 1.38888836, "size": 1.0, "_time": 10.1367188, "shift": 0.0, "time": 10.1367188}, {"$id": 60, "type": 0, "sounds": [{"w": 0.0, "d": 0.225564, "p": 74, "v": 85}], "pos": 0.3611107, "size": 1.2, "_time": 10.3632813, "shift": 0.0, "time": 10.3632813}, {"$id": 61, "type": 0, "sounds": [{"w": 0.0, "d": 0.451128, "p": 59, "v": 85}], "pos": -1.54166651, "size": 1.2, "_time": 10.3632813, "shift": 0.0, "time": 10.3632813}, {"$id": 62, "type": 0, "sounds": [{"w": 0.0, "d": 0.225564, "p": 77, "v": 86}], "pos": 1.79166627, "size": 1.0, "_time": 10.5898438, "shift": 0.0, "time": 10.5898438}, {"$id": 63, "type": 0, "sounds": [{"w": 0.0, "d": 0.229007721, "p": 76, "v": 85}], "pos": 1.02777743, "size": 1.2, "_time": 10.8125, "shift": 0.0, "time": 10.8125}, {"$id": 64, "type": 0, "sounds": [{"w": 0.0, "d": 0.229007721, "p": 60, "v": 84}], "pos": -0.7777779, "size": 1.2, "_time": 10.8125, "shift": 0.0, "time": 10.8125}, {"$id": 65, "type": 0, "sounds": [{"w": 0.0, "d": 0.229007721, "p": 74, "v": 77}], "pos": -0.0277785063, "size": 1.0, "_time": 11.0429688, "shift": 0.0, "time": 11.0429688}, {"$id": 66, "type": 0, "sounds": [{"w": 0.0, "d": 0.458015442, "p": 52, "v": 77}, {"w": 0.0, "d": 0.229007721, "p": 72, "v": 77}], "pos": -1.22222352, "size": 1.0, "_time": 11.2734375, "shift": 0.0, "time": 11.2734375}, {"$id": 67, "type": 0, "sounds": [{"w": 0.0, "d": 0.229007721, "p": 71, "v": 77}], "pos": 1.7361095, "size": 1.0, "_time": 11.5, "shift": 0.0, "time": 11.5}, {"$id": 68, "type": 0, "sounds": [{"w": 0.0, "d": 0.229007721, "p": 69, "v": 79}], "pos": 0.513888359, "size": 1.1, "_time": 11.7304688, "shift": 0.0, "time": 11.7304688}, {"$id": 69, "type": 0, "sounds": [{"w": 0.0, "d": 0.458015442, "p": 54, "v": 76}], "pos": -2.0, "size": 1.1, "_time": 11.7304688, "shift": 0.0, "time": 11.7304688}, {"$id": 70, "type": 0, "sounds": [{"w": 0.0, "d": 0.229007721, "p": 72, "v": 77}], "pos": 1.55555546, "size": 1.0, "_time": 11.9570313, "shift": 0.0, "time": 11.9570313}, {"$id": 71, "type": 0, "sounds": [{"w": 0.0, "d": 0.229007721, "p": 71, "v": 77}], "pos": 0.763888359, "size": 1.1, "_time": 12.1875, "shift": 0.0, "time": 12.1875}, {"$id": 72, "type": 0, "sounds": [{"w": 0.0, "d": 0.458015442, "p": 55, "v": 76}], "pos": -1.402779, "size": 1.1, "_time": 12.1875, "shift": 0.0, "time": 12.1875}, {"$id": 73, "type": 0, "sounds": [{"w": 0.0, "d": 0.229007721, "p": 74, "v": 76}], "pos": 1.80555546, "size": 1.0, "_time": 12.4179688, "shift": 0.0, "time": 12.4179688}, {"$id": 74, "type": 0, "sounds": [{"w": 0.0, "d": 0.225564, "p": 72, "v": 76}], "pos": 0.888888359, "size": 1.1, "_time": 12.6445313, "shift": 0.0, "time": 12.6445313}, {"$id": 75, "type": 0, "sounds": [{"w": 0.0, "d": 0.451128, "p": 57, "v": 76}], "pos": -0.986111641, "size": 1.1, "_time": 12.6445313, "shift": 0.0, "time": 12.6445313}, {"$id": 76, "type": 0, "sounds": [{"w": 0.0, "d": 0.225564, "p": 71, "v": 78}], "pos": -0.069445014, "size": 1.0, "_time": 12.8710938, "shift": 0.0, "time": 12.8710938}, {"$id": 77, "type": 0, "sounds": [{"w": 0.0, "d": 0.451128, "p": 59, "v": 78}, {"w": 0.0, "d": 0.225564, "p": 69, "v": 78}], "pos": -1.51388931, "size": 1.1, "_time": 13.0976563, "shift": 0.0, "time": 13.0976563}, {"$id": 78, "type": 0, "sounds": [{"w": 0.0, "d": 0.225564, "p": 67, "v": 78}], "pos": 1.347221, "size": 1.1, "_time": 13.3242188, "shift": 0.0, "time": 13.3242188}, {"$id": 79, "type": 0, "sounds": [{"w": 0.0, "d": 0.225564, "p": 66, "v": 78}], "pos": 0.527776659, "size": 1.1, "_time": 13.546875, "shift": 0.0, "time": 13.546875}, {"$id": 80, "type": 0, "sounds": [{"w": 0.0, "d": 0.07048893, "p": 60, "v": 78}], "pos": -0.972222567, "size": 1.0, "_time": 13.546875, "shift": 0.0, "time": 13.546875}, {"$id": 81, "type": 0, "sounds": [{"w": 0.0, "d": 0.06578922, "p": 59, "v": 79}], "pos": -1.7638886, "size": 1.0, "_time": 13.6171875, "shift": 0.0, "time": 13.6171875}, {"$id": 82, "type": 0, "sounds": [{"w": 0.0, "d": 0.765977859, "p": 60, "v": 77}], "pos": -0.972222567, "size": 1.0, "_time": 13.6835938, "shift": 0.0, "time": 13.6835938}, {"$id": 83, "type": 0, "sounds": [{"w": 0.0, "d": 0.225564, "p": 69, "v": 78}], "pos": 1.84722269, "size": 1.1, "_time": 13.7734375, "shift": 0.0, "time": 13.7734375}, {"$id": 84, "type": 0, "sounds": [{"w": 0.0, "d": 0.225564, "p": 67, "v": 76}], "pos": -0.736112356, "size": 1.0, "_time": 14.0, "shift": 0.0, "time": 14.0}, {"$id": 85, "type": 0, "sounds": [{"w": 0.0, "d": 0.225564, "p": 71, "v": 77}], "pos": 1.65277755, "size": 1.0, "_time": 14.2265625, "shift": 0.0, "time": 14.2265625}, {"$id": 86, "type": 0, "sounds": [{"w": 0.0, "d": 0.485900879, "p": 69, "v": 79}], "pos": 0.0, "size": 1.0, "_time": 14.4492188, "shift": 0.0, "time": 14.4492188}, {"$id": 87, "type": 0, "sounds": [{"w": 0.0, "d": 0.239999771, "p": 50, "v": 64}], "pos": -0.9166665, "size": 1.2, "_time": 14.6953125, "shift": 0.0, "time": 14.6953125}, {"$id": 88, "type": 0, "sounds": [{"w": 0.0, "d": 0.229007721, "p": 52, "v": 67}], "pos": -1.52777815, "size": 1.2, "_time": 14.9375, "shift": 0.0, "time": 14.9375}, {"$id": 89, "type": 0, "sounds": [{"w": 0.0, "d": 0.458015442, "p": 62, "v": 64}], "pos": 1.055556, "size": 1.0, "_time": 14.9375, "shift": 0.0, "time": 14.9375}, {"$id": 90, "type": 0, "sounds": [{"w": 0.0, "d": 0.229007721, "p": 54, "v": 64}], "pos": -0.638888359, "size": 1.2, "_time": 15.1640625, "shift": 0.0, "time": 15.1640625}, {"$id": 91, "type": 0, "sounds": [{"w": 0.0, "d": 0.229006767, "p": 55, "v": 64}], "pos": -1.15277815, "size": 1.2, "_time": 15.3945313, "shift": 0.0, "time": 15.3945313}, {"$id": 92, "type": 0, "sounds": [{"w": 0.0, "d": 0.0715646744, "p": 72, "v": 66}], "pos": 1.47222173, "size": 1.0, "_time": 15.3945313, "shift": 0.0, "time": 15.3945313}, {"$id": 93, "type": 0, "sounds": [{"w": 0.0, "d": 0.0715646744, "p": 71, "v": 66}], "pos": 0.847221851, "size": 1.0, "_time": 15.4648438, "shift": 0.0, "time": 15.4648438}, {"$id": 94, "type": 0, "sounds": [{"w": 0.0, "d": 0.5438919, "p": 72, "v": 65}], "pos": 1.58333325, "size": 1.0, "_time": 15.5390625, "shift": 0.0, "time": 15.5390625}, {"$id": 95, "type": 0, "sounds": [{"w": 0.0, "d": 0.229007721, "p": 52, "v": 66}], "pos": -1.88888907, "size": 1.2, "_time": 15.625, "shift": 0.0, "time": 15.625}, {"$id": 96, "type": 0, "sounds": [{"w": 0.0, "d": 0.229006767, "p": 54, "v": 65}], "pos": -0.13888967, "size": 1.2, "_time": 15.8515625, "shift": 0.0, "time": 15.8515625}, {"$id": 97, "type": 0, "sounds": [{"w": 0.0, "d": 0.229007721, "p": 74, "v": 66}], "pos": 2.0, "size": 1.0, "_time": 16.0820313, "shift": 0.0, "time": 16.0820313}, {"$id": 98, "type": 0, "sounds": [{"w": 0.0, "d": 0.229007721, "p": 50, "v": 65}], "pos": -1.77777815, "size": 1.2, "_time": 16.0820313, "shift": 0.0, "time": 16.0820313}, {"$id": 99, "type": 0, "sounds": [{"w": 0.0, "d": 0.239999771, "p": 71, "v": 67}], "pos": 1.0, "size": 1.0, "_time": 16.3085938, "shift": 0.0, "time": 16.3085938}, {"$id": 100, "type": 0, "sounds": [{"w": 0.0, "d": 0.239999771, "p": 55, "v": 66}], "pos": -1.15277815, "size": 1.2, "_time": 16.3085938, "shift": 0.0, "time": 16.3085938}, {"$id": 101, "type": 0, "sounds": [{"w": 0.0, "d": 0.239999771, "p": 69, "v": 65}], "pos": 0.06944466, "size": 1.0, "_time": 16.5507813, "shift": 0.0, "time": 16.5507813}, {"$id": 102, "type": 0, "sounds": [{"w": 0.0, "d": 0.23809433, "p": 67, "v": 65}], "pos": 1.79166651, "size": 1.1, "_time": 16.7890625, "shift": 0.0, "time": 16.7890625}, {"$id": 103, "type": 0, "sounds": [{"w": 0.0, "d": 0.47618866, "p": 47, "v": 66}], "pos": -2.0, "size": 1.2, "_time": 16.7890625, "shift": 0.0, "time": 16.7890625}, {"$id": 104, "type": 0, "sounds": [{"w": 0.0, "d": 0.23809433, "p": 66, "v": 64}], "pos": 0.972221, "size": 1.1, "_time": 17.0273438, "shift": 0.0, "time": 17.0273438}, {"$id": 105, "type": 0, "sounds": [{"w": 0.0, "d": 0.234375, "p": 64, "v": 64}], "pos": -0.0277781487, "size": 1.1, "_time": 17.265625, "shift": 0.0, "time": 17.265625}, {"$id": 106, "type": 0, "sounds": [{"w": 0.0, "d": 0.46875, "p": 48, "v": 71}], "pos": -2.0, "size": 1.2, "_time": 17.265625, "shift": 0.0, "time": 17.265625}, {"$id": 107, "type": 0, "sounds": [{"w": 0.0, "d": 0.234375, "p": 67, "v": 66}], "pos": 1.37499881, "size": 1.1, "_time": 17.5, "shift": 0.0, "time": 17.5}, {"$id": 108, "type": 0, "sounds": [{"w": 0.0, "d": 0.2307682, "p": 66, "v": 65}], "pos": -0.694444656, "size": 1.0, "_time": 17.734375, "shift": 0.0, "time": 17.734375}, {"$id": 109, "type": 0, "sounds": [{"w": 0.0, "d": 0.2307682, "p": 69, "v": 68}], "pos": 0.9583328, "size": 1.0, "_time": 17.9648438, "shift": 0.0, "time": 17.9648438}, {"$id": 110, "type": 0, "sounds": [{"w": 0.0, "d": 0.229007721, "p": 67, "v": 70}], "pos": 0.347221851, "size": 1.2, "_time": 18.1953125, "shift": 0.0, "time": 18.1953125}, {"$id": 111, "type": 0, "sounds": [{"w": 0.0, "d": 0.458015442, "p": 52, "v": 80}], "pos": -1.52777815, "size": 1.2, "_time": 18.1953125, "shift": 0.0, "time": 18.1953125}, {"$id": 112, "type": 0, "sounds": [{"w": 0.0, "d": 0.229007721, "p": 71, "v": 74}], "pos": 1.93055558, "size": 1.0, "_time": 18.4257813, "shift": 0.0, "time": 18.4257813}, {"$id": 113, "type": 0, "sounds": [{"w": 0.0, "d": 0.227272034, "p": 69, "v": 75}], "pos": -0.541666746, "size": 1.0, "_time": 18.65625, "shift": 0.0, "time": 18.65625}, {"$id": 114, "type": 0, "sounds": [{"w": 0.0, "d": 0.227272034, "p": 72, "v": 79}], "pos": 1.58333325, "size": 1.0, "_time": 18.8828125, "shift": 0.0, "time": 18.8828125}, {"$id": 115, "type": 0, "sounds": [{"w": 0.0, "d": 0.225563049, "p": 71, "v": 82}], "pos": 0.847221851, "size": 1.2, "_time": 19.109375, "shift": 0.0, "time": 19.109375}, {"$id": 116, "type": 0, "sounds": [{"w": 0.0, "d": 0.4511261, "p": 55, "v": 89}], "pos": -1.15277815, "size": 1.2, "_time": 19.109375, "shift": 0.0, "time": 19.109375}, {"$id": 117, "type": 0, "sounds": [{"w": 0.0, "d": 0.225563049, "p": 74, "v": 87}], "pos": 1.69444323, "size": 1.0, "_time": 19.3359375, "shift": 0.0, "time": 19.3359375}, {"$id": 118, "type": 0, "sounds": [{"w": 0.0, "d": 0.225563049, "p": 72, "v": 91}], "pos": -0.138889313, "size": 1.0, "_time": 19.5585938, "shift": 0.0, "time": 19.5585938}, {"$id": 119, "type": 0, "sounds": [{"w": 0.0, "d": 0.225563049, "p": 76, "v": 93}], "pos": 1.74999964, "size": 1.0, "_time": 19.7851563, "shift": 0.0, "time": 19.7851563}, {"$id": 120, "type": 0, "sounds": [{"w": 0.0, "d": 0.227272034, "p": 74, "v": 94}], "pos": 0.444443226, "size": 1.2, "_time": 20.0117188, "shift": 0.0, "time": 20.0117188}, {"$id": 121, "type": 0, "sounds": [{"w": 0.0, "d": 0.6818161, "p": 47, "v": 93}], "pos": -2.0, "size": 1.2, "_time": 20.0117188, "shift": 0.0, "time": 20.0117188}, {"$id": 122, "type": 0, "sounds": [{"w": 0.0, "d": 0.113636017, "p": 71, "v": 95}], "pos": -1.29166627, "size": 1.1, "_time": 20.2382813, "shift": 0.0, "time": 20.2382813}, {"$id": 123, "type": 0, "sounds": [{"w": 0.0, "d": 0.113636017, "p": 72, "v": 94}], "pos": 1.00000024, "size": 1.1, "_time": 20.3515625, "shift": 0.0, "time": 20.3515625}, {"$id": 124, "type": 0, "sounds": [{"w": 0.0, "d": 0.227272034, "p": 74, "v": 93}], "pos": -0.277778625, "size": 1.1, "_time": 20.4648438, "shift": 0.0, "time": 20.4648438}, {"$id": 125, "type": 0, "sounds": [{"w": 0.0, "d": 0.227272034, "p": 79, "v": 93}], "pos": 1.84722185, "size": 1.30000007, "_time": 20.6914063, "shift": 0.0, "time": 20.6914063}, {"$id": 126, "type": 0, "sounds": [{"w": 0.0, "d": 0.06782913, "p": 72, "v": 94}], "pos": 0.249998927, "size": 1.0, "_time": 20.921875, "shift": 0.0, "time": 20.921875}, {"$id": 127, "type": 0, "sounds": [{"w": 0.0, "d": 0.06782913, "p": 71, "v": 94}], "pos": -0.5138898, "size": 1.0, "_time": 20.9882813, "shift": 0.0, "time": 20.9882813}, {"$id": 128, "type": 0, "sounds": [{"w": 0.0, "d": 0.06782913, "p": 72, "v": 93}], "pos": 0.249998927, "size": 1.0, "_time": 21.0546875, "shift": 0.0, "time": 21.0546875}, {"$id": 129, "type": 0, "sounds": [{"w": 0.0, "d": 0.2616272, "p": 71, "v": 93}], "pos": -0.5138898, "size": 1.0, "_time": 21.125, "shift": 0.0, "time": 21.125}, {"$id": 130, "type": 0, "sounds": [{"w": 0.0, "d": 0.2521019, "p": 69, "v": 95}], "pos": 1.59722233, "size": 1.4000001, "_time": 21.3867188, "shift": 0.0, "time": 21.3867188}, {"$id": 131, "type": 0, "sounds": [{"w": 0.0, "d": 0.5042019, "p": 38, "v": 92}], "pos": -1.5, "size": 1.4000001, "_time": 21.3867188, "shift": 0.0, "time": 21.3867188}, {"$id": 132, "type": 0, "sounds": [{"w": 0.0, "d": 0.173318863, "p": 67, "v": 94}], "pos": 0.3472216, "size": 1.2, "_time": 21.6367188, "shift": 0.0, "time": 21.6367188}, {"$id": 133, "type": 0, "sounds": [{"w": 0.0, "d": 1.4239769, "p": 67, "v": 95}], "pos": 0.3472216, "size": 1.2, "_time": 21.890625, "shift": 0.0, "time": 21.890625}, {"$id": 134, "type": 0, "sounds": [{"w": 0.0, "d": 0.234375, "p": 43, "v": 70}], "pos": -1.51389, "size": 1.30000007, "_time": 22.140625, "shift": 0.0, "time": 22.140625}, {"$id": 135, "type": 0, "sounds": [{"w": 0.0, "d": 0.234375, "p": 45, "v": 70}], "pos": -0.708334446, "size": 1.30000007, "_time": 22.375, "shift": 0.0, "time": 22.375}, {"$id": 136, "type": 0, "sounds": [{"w": 0.0, "d": 0.234375, "p": 47, "v": 70}], "pos": -0.152778268, "size": 1.30000007, "_time": 22.609375, "shift": 0.0, "time": 22.609375}, {"$id": 137, "type": 0, "sounds": [{"w": 0.0, "d": 0.234375, "p": 48, "v": 70}], "pos": 0.499998927, "size": 1.30000007, "_time": 22.84375, "shift": 0.0, "time": 22.84375}, {"$id": 138, "type": 0, "sounds": [{"w": 0.0, "d": 0.234375, "p": 45, "v": 70}], "pos": -1.625001, "size": 1.30000007, "_time": 23.078125, "shift": 0.0, "time": 23.078125}, {"$id": 139, "type": 0, "sounds": [{"w": 0.0, "d": 0.234375, "p": 47, "v": 68}], "pos": -0.6250007, "size": 1.30000007, "_time": 23.3125, "shift": 0.0, "time": 23.3125}, {"$id": 140, "type": 0, "sounds": [{"w": 0.0, "d": 0.234375, "p": 43, "v": 69}], "pos": -1.875001, "size": 1.30000007, "_time": 23.546875, "shift": 0.0, "time": 23.546875}, {"$id": 141, "type": 0, "sounds": [{"w": 0.0, "d": 0.4651432, "p": 50, "v": 71}], "pos": 0.0833328962, "size": 1.30000007, "_time": 23.78125, "shift": 0.0, "time": 23.78125}, {"$id": 142, "type": 0, "sounds": [{"w": 0.0, "d": 0.2307682, "p": 67, "v": 69}], "pos": -1.12500048, "size": 1.0, "_time": 24.015625, "shift": 0.0, "time": 24.015625}, {"$id": 143, "type": 0, "sounds": [{"w": 0.0, "d": 0.2307682, "p": 69, "v": 71}], "pos": 0.180554628, "size": 1.0, "_time": 24.2460938, "shift": 0.0, "time": 24.2460938}, {"$id": 144, "type": 0, "sounds": [{"w": 0.0, "d": 0.2307682, "p": 71, "v": 70}], "pos": 0.958331943, "size": 1.0, "_time": 24.4765625, "shift": 0.0, "time": 24.4765625}, {"$id": 145, "type": 0, "sounds": [{"w": 0.0, "d": 0.2307682, "p": 72, "v": 69}], "pos": 1.749999, "size": 1.0, "_time": 24.7109375, "shift": 0.0, "time": 24.7109375}, {"$id": 146, "type": 0, "sounds": [{"w": 0.0, "d": 0.2307682, "p": 69, "v": 69}], "pos": 0.6527762, "size": 1.0, "_time": 24.9414063, "shift": 0.0, "time": 24.9414063}, {"$id": 147, "type": 0, "sounds": [{"w": 0.0, "d": 0.2307682, "p": 71, "v": 69}], "pos": 1.624999, "size": 1.0, "_time": 25.171875, "shift": 0.0, "time": 25.171875}, {"$id": 148, "type": 0, "sounds": [{"w": 0.0, "d": 0.2307682, "p": 67, "v": 69}], "pos": 0.2083326, "size": 1.0, "_time": 25.4023438, "shift": 0.0, "time": 25.4023438}, {"$id": 149, "type": 0, "sounds": [{"w": 0.0, "d": 0.1682682, "p": 57, "v": 69}], "pos": -0.902778566, "size": 1.30000007, "_time": 25.6328125, "shift": 0.0, "time": 25.6328125}, {"$id": 150, "type": 0, "sounds": [{"w": 0.0, "d": 1.8713932, "p": 66, "v": 68}], "pos": 0.999999046, "size": 1.0, "_time": 25.6328125, "shift": 0.0, "time": 25.6328125}, {"$id": 151, "type": 0, "sounds": [{"w": 0.0, "d": 0.234375, "p": 50, "v": 74}], "pos": -1.86111283, "size": 1.30000007, "_time": 25.8632813, "shift": 0.0, "time": 25.8632813}, {"$id": 152, "type": 0, "sounds": [{"w": 0.0, "d": 0.234375, "p": 52, "v": 75}], "pos": -0.611112058, "size": 1.30000007, "_time": 26.0976563, "shift": 0.0, "time": 26.0976563}, {"$id": 153, "type": 0, "sounds": [{"w": 0.0, "d": 0.234375, "p": 54, "v": 73}], "pos": 0.0833330154, "size": 1.30000007, "_time": 26.3320313, "shift": 0.0, "time": 26.3320313}, {"$id": 154, "type": 0, "sounds": [{"w": 0.0, "d": 0.234375, "p": 55, "v": 73}], "pos": 0.7638886, "size": 1.30000007, "_time": 26.5664063, "shift": 0.0, "time": 26.5664063}, {"$id": 155, "type": 0, "sounds": [{"w": 0.0, "d": 0.234375, "p": 52, "v": 72}], "pos": -0.750000954, "size": 1.30000007, "_time": 26.8007813, "shift": 0.0, "time": 26.8007813}, {"$id": 156, "type": 0, "sounds": [{"w": 0.0, "d": 0.234375, "p": 54, "v": 72}], "pos": 0.0277773142, "size": 1.30000007, "_time": 27.0351563, "shift": 0.0, "time": 27.0351563}, {"$id": 157, "type": 0, "sounds": [{"w": 0.0, "d": 0.234375, "p": 50, "v": 74}], "pos": -1.000001, "size": 1.30000007, "_time": 27.2695313, "shift": 0.0, "time": 27.2695313}, {"$id": 158, "type": 0, "sounds": [{"w": 0.0, "d": 0.4651432, "p": 57, "v": 73}], "pos": 0.5, "size": 1.30000007, "_time": 27.5039063, "shift": 0.0, "time": 27.5039063}, {"$id": 159, "type": 0, "sounds": [{"w": 0.0, "d": 0.2307682, "p": 69, "v": 72}], "pos": -0.8750007, "size": 1.0, "_time": 27.7382813, "shift": 0.0, "time": 27.7382813}, {"$id": 160, "type": 0, "sounds": [{"w": 0.0, "d": 0.2307682, "p": 71, "v": 74}], "pos": -0.152778268, "size": 1.0, "_time": 27.96875, "shift": 0.0, "time": 27.96875}, {"$id": 161, "type": 0, "sounds": [{"w": 0.0, "d": 0.2307682, "p": 72, "v": 75}], "pos": 0.8888873, "size": 1.0, "_time": 28.1992188, "shift": 0.0, "time": 28.1992188}, {"$id": 162, "type": 0, "sounds": [{"w": 0.0, "d": 0.2307682, "p": 74, "v": 73}], "pos": 1.666667, "size": 1.0, "_time": 28.4296875, "shift": 0.0, "time": 28.4296875}, {"$id": 163, "type": 0, "sounds": [{"w": 0.0, "d": 0.2307682, "p": 71, "v": 72}], "pos": 0.6527767, "size": 1.0, "_time": 28.6601563, "shift": 0.0, "time": 28.6601563}, {"$id": 164, "type": 0, "sounds": [{"w": 0.0, "d": 0.2307682, "p": 72, "v": 73}], "pos": 1.749999, "size": 1.0, "_time": 28.890625, "shift": 0.0, "time": 28.890625}, {"$id": 165, "type": 0, "sounds": [{"w": 0.0, "d": 0.2307682, "p": 69, "v": 73}], "pos": -0.513890743, "size": 1.0, "_time": 29.1210938, "shift": 0.0, "time": 29.1210938}, {"$id": 166, "type": 0, "sounds": [{"w": 0.0, "d": 0.163461685, "p": 55, "v": 72}], "pos": -1.20833433, "size": 1.2, "_time": 29.3515625, "shift": 0.0, "time": 29.3515625}, {"$id": 167, "type": 0, "sounds": [{"w": 0.0, "d": 1.15384293, "p": 71, "v": 72}], "pos": 1.624999, "size": 1.0, "_time": 29.3515625, "shift": 0.0, "time": 29.3515625}, {"$id": 168, "type": 0, "sounds": [{"w": 0.0, "d": 0.2307682, "p": 67, "v": 81}], "pos": 0.5972219, "size": 1.2, "_time": 29.5859375, "shift": 0.0, "time": 29.5859375}, {"$id": 169, "type": 0, "sounds": [{"w": 0.0, "d": 0.2307682, "p": 65, "v": 80}], "pos": -0.458334148, "size": 1.2, "_time": 29.8164063, "shift": 0.0, "time": 29.8164063}, {"$id": 170, "type": 0, "sounds": [{"w": 0.0, "d": 0.2307682, "p": 64, "v": 82}], "pos": -1.83333421, "size": 1.2, "_time": 30.046875, "shift": 0.0, "time": 30.046875}, {"$id": 171, "type": 0, "sounds": [{"w": 0.0, "d": 0.2307682, "p": 62, "v": 82}], "pos": -0.638889551, "size": 1.2, "_time": 30.2773438, "shift": 0.0, "time": 30.2773438}, {"$id": 172, "type": 0, "sounds": [{"w": 0.0, "d": 0.2307682, "p": 65, "v": 81}], "pos": 1.18055415, "size": 1.2, "_time": 30.5078125, "shift": 0.0, "time": 30.5078125}, {"$id": 173, "type": 0, "sounds": [{"w": 0.0, "d": 0.2307682, "p": 64, "v": 82}], "pos": 0.194443524, "size": 1.2, "_time": 30.7382813, "shift": 0.0, "time": 30.7382813}, {"$id": 174, "type": 0, "sounds": [{"w": 0.0, "d": 0.2307682, "p": 67, "v": 83}], "pos": 1.93055511, "size": 1.2, "_time": 30.96875, "shift": 0.0, "time": 30.96875}, {"$id": 175, "type": 0, "sounds": [{"w": 0.0, "d": 0.458040237, "p": 65, "v": 82}], "pos": 0.874999046, "size": 1.2, "_time": 31.1992188, "shift": 0.0, "time": 31.1992188}, {"$id": 176, "type": 0, "sounds": [{"w": 0.0, "d": 0.227272034, "p": 74, "v": 82}], "pos": 1.999999, "size": 1.0, "_time": 31.4296875, "shift": 0.0, "time": 31.4296875}, {"$id": 177, "type": 0, "sounds": [{"w": 0.0, "d": 0.227272034, "p": 72, "v": 81}], "pos": 0.805554152, "size": 1.0, "_time": 31.65625, "shift": 0.0, "time": 31.65625}, {"$id": 178, "type": 0, "sounds": [{"w": 0.0, "d": 0.454544067, "p": 64, "v": 81}], "pos": -1.416667, "size": 1.0, "_time": 31.65625, "shift": 0.0, "time": 31.65625}, {"$id": 179, "type": 0, "sounds": [{"w": 0.0, "d": 0.227272034, "p": 71, "v": 81}], "pos": -0.249999374, "size": 1.0, "_time": 31.8867188, "shift": 0.0, "time": 31.8867188}, {"$id": 180, "type": 0, "sounds": [{"w": 0.0, "d": 0.227272034, "p": 69, "v": 82}], "pos": -1.20833421, "size": 1.0, "_time": 32.11328, "shift": 0.0, "time": 32.11328}, {"$id": 181, "type": 0, "sounds": [{"w": 0.0, "d": 0.227272034, "p": 72, "v": 82}], "pos": 1.749999, "size": 1.0, "_time": 32.3398438, "shift": 0.0, "time": 32.3398438}, {"$id": 182, "type": 0, "sounds": [{"w": 0.0, "d": 0.227272034, "p": 71, "v": 82}], "pos": -0.1250019, "size": 1.0, "_time": 32.5664063, "shift": 0.0, "time": 32.5664063}, {"$id": 183, "type": 0, "sounds": [{"w": 0.0, "d": 0.227272034, "p": 74, "v": 82}], "pos": 1.999999, "size": 1.0, "_time": 32.79297, "shift": 0.0, "time": 32.79297}, {"$id": 184, "type": 0, "sounds": [{"w": 0.0, "d": 0.08522797, "p": 72, "v": 81}], "pos": 1.749999, "size": 1.0, "_time": 33.01953, "shift": 0.0, "time": 33.01953}, {"$id": 185, "type": 0, "sounds": [{"w": 0.0, "d": 0.08049393, "p": 71, "v": 81}], "pos": 1.1527766, "size": 1.0, "_time": 33.10547, "shift": 0.0, "time": 33.10547}, {"$id": 186, "type": 0, "sounds": [{"w": 0.0, "d": 1.664608, "p": 72, "v": 80}], "pos": 1.749999, "size": 1.0, "_time": 33.1875, "shift": 0.0, "time": 33.1875}, {"$id": 187, "type": 0, "sounds": [{"w": 0.0, "d": 0.229007721, "p": 69, "v": 85}], "pos": -1.26389, "size": 1.1, "_time": 33.25, "shift": 0.0, "time": 33.25}, {"$id": 188, "type": 0, "sounds": [{"w": 0.0, "d": 0.229007721, "p": 67, "v": 85}], "pos": 1.124999, "size": 1.1, "_time": 33.4765625, "shift": 0.0, "time": 33.4765625}, {"$id": 189, "type": 0, "sounds": [{"w": 0.0, "d": 0.229007721, "p": 65, "v": 87}], "pos": 0.2361114, "size": 1.1, "_time": 33.70703, "shift": 0.0, "time": 33.70703}, {"$id": 190, "type": 0, "sounds": [{"w": 0.0, "d": 0.229007721, "p": 64, "v": 86}], "pos": -0.972222149, "size": 1.1, "_time": 33.9375, "shift": 0.0, "time": 33.9375}, {"$id": 191, "type": 0, "sounds": [{"w": 0.0, "d": 0.229007721, "p": 67, "v": 87}], "pos": 1.62499881, "size": 1.1, "_time": 34.1640625, "shift": 0.0, "time": 34.1640625}, {"$id": 192, "type": 0, "sounds": [{"w": 0.0, "d": 0.229007721, "p": 65, "v": 85}], "pos": -0.7361131, "size": 1.1, "_time": 34.39453, "shift": 0.0, "time": 34.39453}, {"$id": 193, "type": 0, "sounds": [{"w": 0.0, "d": 0.229007721, "p": 69, "v": 87}], "pos": 1.374999, "size": 1.1, "_time": 34.6210938, "shift": 0.0, "time": 34.6210938}, {"$id": 194, "type": 0, "sounds": [{"w": 0.0, "d": 0.45457077, "p": 67, "v": 86}], "pos": -0.208333969, "size": 1.1, "_time": 34.8515625, "shift": 0.0, "time": 34.8515625}, {"$id": 195, "type": 0, "sounds": [{"w": 0.0, "d": 0.225563049, "p": 76, "v": 85}], "pos": 1.86111093, "size": 1.1, "_time": 35.08203, "shift": 0.0, "time": 35.08203}, {"$id": 196, "type": 0, "sounds": [{"w": 0.0, "d": 0.225563049, "p": 74, "v": 86}], "pos": 1.16666579, "size": 1.30000007, "_time": 35.3046875, "shift": 0.0, "time": 35.3046875}, {"$id": 197, "type": 0, "sounds": [{"w": 0.0, "d": 0.4511261, "p": 65, "v": 89}], "pos": -0.8055557, "size": 1.30000007, "_time": 35.3046875, "shift": 0.0, "time": 35.3046875}, {"$id": 198, "type": 0, "sounds": [{"w": 0.0, "d": 0.225563049, "p": 72, "v": 87}], "pos": 0.4722218, "size": 1.1, "_time": 35.53125, "shift": 0.0, "time": 35.53125}, {"$id": 199, "type": 0, "sounds": [{"w": 0.0, "d": 0.225563049, "p": 71, "v": 89}], "pos": -0.208332777, "size": 1.30000007, "_time": 35.7578125, "shift": 0.0, "time": 35.7578125}, {"$id": 200, "type": 0, "sounds": [{"w": 0.0, "d": 0.4511261, "p": 67, "v": 90}], "pos": -2.0, "size": 1.30000007, "_time": 35.7578125, "shift": 0.0, "time": 35.7578125}, {"$id": 201, "type": 0, "sounds": [{"w": 0.0, "d": 0.225563049, "p": 74, "v": 92}], "pos": 0.9444438, "size": 1.1, "_time": 35.984375, "shift": 0.0, "time": 35.984375}, {"$id": 202, "type": 0, "sounds": [{"w": 0.0, "d": 0.225563049, "p": 73, "v": 94}], "pos": -1.20833373, "size": 1.1, "_time": 36.20703, "shift": 0.0, "time": 36.20703}, {"$id": 203, "type": 0, "sounds": [{"w": 0.0, "d": 0.225563049, "p": 76, "v": 92}], "pos": 1.61111045, "size": 1.1, "_time": 36.4335938, "shift": 0.0, "time": 36.4335938}, {"$id": 204, "type": 0, "sounds": [{"w": 0.0, "d": 0.153690338, "p": 65, "v": 93}], "pos": -2.0, "size": 1.30000007, "_time": 36.6601563, "shift": 0.0, "time": 36.6601563}, {"$id": 205, "type": 0, "sounds": [{"w": 0.0, "d": 0.245903015, "p": 74, "v": 93}], "pos": 0.749999166, "size": 1.30000007, "_time": 36.6601563, "shift": 0.0, "time": 36.6601563}, {"$id": 206, "type": 0, "sounds": [{"w": 0.0, "d": 0.223880768, "p": 70, "v": 92}], "pos": 0.0277771242, "size": 1.1, "_time": 36.90625, "shift": 0.0, "time": 36.90625}, {"$id": 207, "type": 0, "sounds": [{"w": 0.0, "d": 0.223880768, "p": 69, "v": 92}], "pos": -0.708333135, "size": 1.30000007, "_time": 37.1289063, "shift": 0.0, "time": 37.1289063}, {"$id": 208, "type": 0, "sounds": [{"w": 0.0, "d": 0.447761536, "p": 73, "v": 94}], "pos": 0.9861111, "size": 1.30000007, "_time": 37.1289063, "shift": 0.0, "time": 37.1289063}, {"$id": 209, "type": 0, "sounds": [{"w": 0.0, "d": 0.223880768, "p": 67, "v": 94}], "pos": -1.29166663, "size": 1.1, "_time": 37.3515625, "shift": 0.0, "time": 37.3515625}, {"$id": 210, "type": 0, "sounds": [{"w": 0.0, "d": 0.223880768, "p": 65, "v": 95}], "pos": -1.87500131, "size": 1.30000007, "_time": 37.578125, "shift": 0.0, "time": 37.578125}, {"$id": 211, "type": 0, "sounds": [{"w": 0.0, "d": 0.447761536, "p": 74, "v": 93}], "pos": 1.52777672, "size": 1.30000007, "_time": 37.578125, "shift": 0.0, "time": 37.578125}, {"$id": 212, "type": 0, "sounds": [{"w": 0.0, "d": 0.223876953, "p": 67, "v": 92}], "pos": -0.763889551, "size": 1.1, "_time": 38.0234375, "shift": 0.0, "time": 38.0234375}, {"$id": 213, "type": 0, "sounds": [{"w": 0.0, "d": 0.08395386, "p": 77, "v": 93}], "pos": 1.402778, "size": 1.0, "_time": 38.0234375, "shift": 0.0, "time": 38.0234375}, {"$id": 214, "type": 0, "sounds": [{"w": 0.0, "d": 0.08395386, "p": 76, "v": 93}], "pos": 0.916666031, "size": 1.0, "_time": 38.109375, "shift": 0.0, "time": 38.109375}, {"$id": 215, "type": 0, "sounds": [{"w": 0.0, "d": 0.07928848, "p": 74, "v": 95}], "pos": 0.666666031, "size": 1.0, "_time": 38.1914063, "shift": 0.0, "time": 38.1914063}, {"$id": 216, "type": 0, "sounds": [{"w": 0.0, "d": 0.200557709, "p": 76, "v": 94}], "pos": 0.916666031, "size": 1.0, "_time": 38.2734375, "shift": 0.0, "time": 38.2734375}, {"$id": 217, "type": 0, "sounds": [{"w": 0.0, "d": 0.165000916, "p": 69, "v": 93}], "pos": 0.04166603, "size": 1.30000007, "_time": 38.4726563, "shift": 0.0, "time": 38.4726563}, {"$id": 218, "type": 0, "sounds": [{"w": 0.0, "d": 0.240001678, "p": 77, "v": 93}], "pos": 1.79166615, "size": 1.30000007, "_time": 38.4726563, "shift": 0.0, "time": 38.4726563}, {"$id": 219, "type": 0, "sounds": [{"w": 0.0, "d": 0.225563049, "p": 67, "v": 84}], "pos": -0.5972222, "size": 1.1, "_time": 38.7109375, "shift": 0.0, "time": 38.7109375}, {"$id": 220, "type": 0, "sounds": [{"w": 0.0, "d": 0.225563049, "p": 65, "v": 86}], "pos": -1.18055689, "size": 1.30000007, "_time": 38.9375, "shift": 0.0, "time": 38.9375}, {"$id": 221, "type": 0, "sounds": [{"w": 0.0, "d": 0.4511261, "p": 69, "v": 87}], "pos": 0.624999, "size": 1.30000007, "_time": 38.9375, "shift": 0.0, "time": 38.9375}, {"$id": 222, "type": 0, "sounds": [{"w": 0.0, "d": 0.225563049, "p": 64, "v": 85}], "pos": -1.50000048, "size": 1.1, "_time": 39.1640625, "shift": 0.0, "time": 39.1640625}, {"$id": 223, "type": 0, "sounds": [{"w": 0.0, "d": 0.225563049, "p": 62, "v": 85}], "pos": -2.0, "size": 1.30000007, "_time": 39.390625, "shift": 0.0, "time": 39.390625}, {"$id": 224, "type": 0, "sounds": [{"w": 0.0, "d": 0.4511261, "p": 71, "v": 86}], "pos": 1.23611093, "size": 1.30000007, "_time": 39.390625, "shift": 0.0, "time": 39.390625}, {"$id": 225, "type": 0, "sounds": [{"w": 0.0, "d": 0.225563049, "p": 64, "v": 86}], "pos": 0.416665673, "size": 1.1, "_time": 39.8398438, "shift": 0.0, "time": 39.8398438}, {"$id": 226, "type": 0, "sounds": [{"w": 0.0, "d": 0.07518768, "p": 74, "v": 84}], "pos": -1.166668, "size": 1.0, "_time": 39.8398438, "shift": 0.0, "time": 39.8398438}, {"$id": 227, "type": 0, "sounds": [{"w": 0.0, "d": 0.0704879761, "p": 73, "v": 85}], "pos": -1.6805563, "size": 1.0, "_time": 39.9140625, "shift": 0.0, "time": 39.9140625}, {"$id": 228, "type": 0, "sounds": [{"w": 0.0, "d": 0.0704879761, "p": 71, "v": 85}], "pos": -1.9305563, "size": 1.0, "_time": 39.984375, "shift": 0.0, "time": 39.984375}, {"$id": 229, "type": 0, "sounds": [{"w": 0.0, "d": 0.234962463, "p": 73, "v": 85}], "pos": -1.65277886, "size": 1.0, "_time": 40.0546875, "shift": 0.0, "time": 40.0546875}, {"$id": 230, "type": 0, "sounds": [{"w": 0.0, "d": 0.138889313, "p": 65, "v": 86}], "pos": 1.5694437, "size": 1.1, "_time": 40.29297, "shift": 0.0, "time": 40.29297}, {"$id": 231, "type": 0, "sounds": [{"w": 0.0, "d": 0.23809433, "p": 74, "v": 85}], "pos": -0.63888973, "size": 1.1, "_time": 40.29297, "shift": 0.0, "time": 40.29297}, {"$id": 232, "type": 0, "sounds": [{"w": 0.0, "d": 0.227272034, "p": 62, "v": 77}], "pos": -1.66666722, "size": 1.1, "_time": 40.7578125, "shift": 0.0, "time": 40.7578125}, {"$id": 233, "type": 0, "sounds": [{"w": 0.0, "d": 0.454544067, "p": 66, "v": 77}], "pos": 0.361110449, "size": 1.1, "_time": 40.7578125, "shift": 0.0, "time": 40.7578125}, {"$id": 234, "type": 0, "sounds": [{"w": 0.0, "d": 0.227272034, "p": 59, "v": 77}], "pos": -0.9166672, "size": 1.1, "_time": 41.2109375, "shift": 0.0, "time": 41.2109375}, {"$id": 235, "type": 0, "sounds": [{"w": 0.0, "d": 0.454544067, "p": 68, "v": 76}], "pos": 1.27777755, "size": 1.1, "_time": 41.2109375, "shift": 0.0, "time": 41.2109375}, {"$id": 236, "type": 0, "sounds": [{"w": 0.0, "d": 0.227272034, "p": 60, "v": 77}], "pos": -1.305556, "size": 1.1, "_time": 41.6640625, "shift": 0.0, "time": 41.6640625}, {"$id": 237, "type": 0, "sounds": [{"w": 0.0, "d": 0.454544067, "p": 69, "v": 78}], "pos": 0.625, "size": 1.1, "_time": 41.6640625, "shift": 0.0, "time": 41.6640625}, {"$id": 238, "type": 0, "sounds": [{"w": 0.0, "d": 0.152557373, "p": 62, "v": 79}], "pos": -0.833333969, "size": 1.1, "_time": 42.1210938, "shift": 0.0, "time": 42.1210938}, {"$id": 239, "type": 0, "sounds": [{"w": 0.0, "d": 0.4669876, "p": 71, "v": 79}], "pos": 1.541666, "size": 1.1, "_time": 42.1210938, "shift": 0.0, "time": 42.1210938}, {"$id": 240, "type": 0, "sounds": [{"w": 0.0, "d": 0.230770111, "p": 59, "v": 68}], "pos": -1.208334, "size": 1.1, "_time": 42.5859375, "shift": 0.0, "time": 42.5859375}, {"$id": 241, "type": 0, "sounds": [{"w": 0.0, "d": 0.461540222, "p": 72, "v": 77}], "pos": 0.416666031, "size": 1.1, "_time": 42.5859375, "shift": 0.0, "time": 42.5859375}, {"$id": 242, "type": 0, "sounds": [{"w": 0.0, "d": 0.230773926, "p": 56, "v": 70}], "pos": -1.5833329, "size": 1.0, "_time": 43.05078, "shift": 0.0, "time": 43.05078}, {"$id": 243, "type": 0, "sounds": [{"w": 0.0, "d": 0.07211685, "p": 71, "v": 78}], "pos": 0.291666031, "size": 1.0, "_time": 43.05078, "shift": 0.0, "time": 43.05078}, {"$id": 244, "type": 0, "sounds": [{"w": 0.0, "d": 0.07211685, "p": 72, "v": 78}], "pos": 0.8333327, "size": 1.0, "_time": 43.1210938, "shift": 0.0, "time": 43.1210938}, {"$id": 245, "type": 0, "sounds": [{"w": 0.0, "d": 0.778850555, "p": 74, "v": 77}], "pos": 1.55555522, "size": 1.0, "_time": 43.1914063, "shift": 0.0, "time": 43.1914063}, {"$id": 246, "type": 0, "sounds": [{"w": 0.0, "d": 0.230770111, "p": 59, "v": 69}], "pos": -0.2361117, "size": 1.0, "_time": 43.28125, "shift": 0.0, "time": 43.28125}, {"$id": 247, "type": 0, "sounds": [{"w": 0.0, "d": 0.230770111, "p": 57, "v": 69}], "pos": -1.12500048, "size": 1.0, "_time": 43.51172, "shift": 0.0, "time": 43.51172}, {"$id": 248, "type": 0, "sounds": [{"w": 0.0, "d": 0.230770111, "p": 60, "v": 69}], "pos": 0.805554867, "size": 1.0, "_time": 43.7421875, "shift": 0.0, "time": 43.7421875}, {"$id": 249, "type": 0, "sounds": [{"w": 0.0, "d": 0.466991425, "p": 59, "v": 71}], "pos": -1.0, "size": 1.1, "_time": 43.9726563, "shift": 0.0, "time": 43.9726563}, {"$id": 250, "type": 0, "sounds": [{"w": 0.0, "d": 0.236221313, "p": 64, "v": 70}], "pos": 1.33333325, "size": 1.0, "_time": 44.203125, "shift": 0.0, "time": 44.203125}, {"$id": 251, "type": 0, "sounds": [{"w": 0.0, "d": 0.236221313, "p": 66, "v": 70}], "pos": 0.08333272, "size": 1.0, "_time": 44.4375, "shift": 0.0, "time": 44.4375}, {"$id": 252, "type": 0, "sounds": [{"w": 0.0, "d": 0.472442627, "p": 52, "v": 70}], "pos": -1.861111, "size": 1.2, "_time": 44.4375, "shift": 0.0, "time": 44.4375}, {"$id": 253, "type": 0, "sounds": [{"w": 0.0, "d": 0.236221313, "p": 68, "v": 70}], "pos": 0.999999762, "size": 1.0, "_time": 44.67578, "shift": 0.0, "time": 44.67578}, {"$id": 254, "type": 0, "sounds": [{"w": 0.0, "d": 0.241931915, "p": 69, "v": 69}], "pos": 1.73611009, "size": 1.0, "_time": 44.9101563, "shift": 0.0, "time": 44.9101563}, {"$id": 255, "type": 0, "sounds": [{"w": 0.0, "d": 0.0756034851, "p": 62, "v": 69}], "pos": -0.833333969, "size": 1.0, "_time": 44.9101563, "shift": 0.0, "time": 44.9101563}, {"$id": 256, "type": 0, "sounds": [{"w": 0.0, "d": 0.0756034851, "p": 60, "v": 71}], "pos": -1.36111176, "size": 1.0, "_time": 44.98828, "shift": 0.0, "time": 44.98828}, {"$id": 257, "type": 0, "sounds": [{"w": 0.0, "d": 0.5745964, "p": 62, "v": 70}], "pos": -0.833333969, "size": 1.0, "_time": 45.0625, "shift": 0.0, "time": 45.0625}, {"$id": 258, "type": 0, "sounds": [{"w": 0.0, "d": 0.24193573, "p": 66, "v": 70}], "pos": 0.8055556, "size": 1.0, "_time": 45.1523438, "shift": 0.0, "time": 45.1523438}, {"$id": 259, "type": 0, "sounds": [{"w": 0.0, "d": 0.24193573, "p": 68, "v": 69}], "pos": 1.75000024, "size": 1.0, "_time": 45.39453, "shift": 0.0, "time": 45.39453}, {"$id": 260, "type": 0, "sounds": [{"w": 0.0, "d": 0.24193573, "p": 64, "v": 69}], "pos": -0.583333969, "size": 1.0, "_time": 45.63672, "shift": 0.0, "time": 45.63672}, {"$id": 261, "type": 0, "sounds": [{"w": 0.0, "d": 0.230770111, "p": 76, "v": 92}], "pos": 1.58333313, "size": 1.30000007, "_time": 45.8789063, "shift": 0.0, "time": 45.8789063}, {"$id": 262, "type": 0, "sounds": [{"w": 0.0, "d": 0.230770111, "p": 60, "v": 92}], "pos": -0.611110568, "size": 1.30000007, "_time": 45.8789063, "shift": 0.0, "time": 45.8789063}, {"$id": 263, "type": 0, "sounds": [{"w": 0.0, "d": 0.230770111, "p": 74, "v": 93}], "pos": 1.13888645, "size": 1.30000007, "_time": 46.109375, "shift": 0.0, "time": 46.109375}, {"$id": 264, "type": 0, "sounds": [{"w": 0.0, "d": 0.230770111, "p": 59, "v": 93}], "pos": -1.22222328, "size": 1.30000007, "_time": 46.109375, "shift": 0.0, "time": 46.109375}, {"$id": 265, "type": 0, "sounds": [{"w": 0.0, "d": 0.230770111, "p": 72, "v": 93}], "pos": 0.583333254, "size": 1.30000007, "_time": 46.3398438, "shift": 0.0, "time": 46.3398438}, {"$id": 266, "type": 0, "sounds": [{"w": 0.0, "d": 0.230770111, "p": 57, "v": 93}], "pos": -2.0, "size": 1.30000007, "_time": 46.3398438, "shift": 0.0, "time": 46.3398438}, {"$id": 267, "type": 0, "sounds": [{"w": 0.0, "d": 0.230770111, "p": 76, "v": 95}], "pos": 1.7499994, "size": 1.30000007, "_time": 46.5703125, "shift": 0.0, "time": 46.5703125}, {"$id": 268, "type": 0, "sounds": [{"w": 0.0, "d": 0.230770111, "p": 55, "v": 93}], "pos": -0.5972228, "size": 1.30000007, "_time": 46.5703125, "shift": 0.0, "time": 46.5703125}, {"$id": 269, "type": 0, "sounds": [{"w": 0.0, "d": 0.227272034, "p": 74, "v": 94}], "pos": 1.33333325, "size": 1.30000007, "_time": 46.80078, "shift": 0.0, "time": 46.80078}, {"$id": 270, "type": 0, "sounds": [{"w": 0.0, "d": 0.227272034, "p": 54, "v": 93}], "pos": -1.11111081, "size": 1.30000007, "_time": 46.80078, "shift": 0.0, "time": 46.80078}, {"$id": 271, "type": 0, "sounds": [{"w": 0.0, "d": 0.227272034, "p": 72, "v": 93}], "pos": 0.916665852, "size": 1.30000007, "_time": 47.03125, "shift": 0.0, "time": 47.03125}, {"$id": 272, "type": 0, "sounds": [{"w": 0.0, "d": 0.227272034, "p": 57, "v": 93}], "pos": -1.63888931, "size": 1.30000007, "_time": 47.03125, "shift": 0.0, "time": 47.03125}, {"$id": 273, "type": 0, "sounds": [{"w": 0.0, "d": 0.227272034, "p": 71, "v": 94}], "pos": 1.40277719, "size": 1.30000007, "_time": 47.2578125, "shift": 0.0, "time": 47.2578125}, {"$id": 274, "type": 0, "sounds": [{"w": 0.0, "d": 0.227272034, "p": 56, "v": 92}], "pos": -1.083334, "size": 1.30000007, "_time": 47.2578125, "shift": 0.0, "time": 47.2578125}, {"$id": 275, "type": 0, "sounds": [{"w": 0.0, "d": 0.227272034, "p": 74, "v": 92}], "pos": 0.666666031, "size": 1.30000007, "_time": 47.484375, "shift": 0.0, "time": 47.484375}, {"$id": 276, "type": 0, "sounds": [{"w": 0.0, "d": 0.227272034, "p": 59, "v": 94}], "pos": -1.208334, "size": 1.30000007, "_time": 47.484375, "shift": 0.0, "time": 47.484375}, {"$id": 277, "type": 0, "sounds": [{"w": 0.0, "d": 0.225563049, "p": 72, "v": 93}], "pos": 0.416666031, "size": 1.30000007, "_time": 47.7109375, "shift": 0.0, "time": 47.7109375}, {"$id": 278, "type": 0, "sounds": [{"w": 0.0, "d": 0.225563049, "p": 57, "v": 95}], "pos": -1.458334, "size": 1.30000007, "_time": 47.7109375, "shift": 0.0, "time": 47.7109375}, {"$id": 279, "type": 0, "sounds": [{"w": 0.0, "d": 0.225563049, "p": 81, "v": 94}], "pos": 1.541666, "size": 1.30000007, "_time": 47.9375, "shift": 0.0, "time": 47.9375}, {"$id": 280, "type": 0, "sounds": [{"w": 0.0, "d": 0.225563049, "p": 60, "v": 93}], "pos": -1.666667, "size": 1.30000007, "_time": 47.9375, "shift": 0.0, "time": 47.9375}, {"$id": 281, "type": 0, "sounds": [{"w": 0.0, "d": 0.225563049, "p": 80, "v": 93}], "pos": 1.416666, "size": 1.30000007, "_time": 48.1640625, "shift": 0.0, "time": 48.1640625}, {"$id": 282, "type": 0, "sounds": [{"w": 0.0, "d": 0.225563049, "p": 59, "v": 94}], "pos": -0.791667342, "size": 1.30000007, "_time": 48.1640625, "shift": 0.0, "time": 48.1640625}, {"$id": 283, "type": 0, "sounds": [{"w": 0.0, "d": 0.225563049, "p": 83, "v": 94}], "pos": 0.763888, "size": 1.30000007, "_time": 48.38672, "shift": 0.0, "time": 48.38672}, {"$id": 284, "type": 0, "sounds": [{"w": 0.0, "d": 0.225563049, "p": 62, "v": 94}], "pos": -1.88888931, "size": 1.30000007, "_time": 48.38672, "shift": 0.0, "time": 48.38672}, {"$id": 285, "type": 0, "sounds": [{"w": 0.0, "d": 0.223880768, "p": 81, "v": 93}], "pos": 1.541666, "size": 1.30000007, "_time": 48.61328, "shift": 0.0, "time": 48.61328}, {"$id": 286, "type": 0, "sounds": [{"w": 0.0, "d": 0.223880768, "p": 60, "v": 93}], "pos": -0.9166667, "size": 1.30000007, "_time": 48.61328, "shift": 0.0, "time": 48.61328}, {"$id": 287, "type": 0, "sounds": [{"w": 0.0, "d": 0.223880768, "p": 76, "v": 93}], "pos": 0.8888887, "size": 1.30000007, "_time": 48.8359375, "shift": 0.0, "time": 48.8359375}, {"$id": 288, "type": 0, "sounds": [{"w": 0.0, "d": 0.223880768, "p": 64, "v": 94}], "pos": -1.41666651, "size": 1.30000007, "_time": 48.8359375, "shift": 0.0, "time": 48.8359375}, {"$id": 289, "type": 0, "sounds": [{"w": 0.0, "d": 0.223880768, "p": 77, "v": 92}], "pos": 1.33333349, "size": 1.30000007, "_time": 49.0625, "shift": 0.0, "time": 49.0625}, {"$id": 290, "type": 0, "sounds": [{"w": 0.0, "d": 0.223880768, "p": 62, "v": 94}], "pos": -1.58333421, "size": 1.30000007, "_time": 49.0625, "shift": 0.0, "time": 49.0625}, {"$id": 291, "type": 0, "sounds": [{"w": 0.0, "d": 0.223880768, "p": 74, "v": 94}], "pos": 0.694443166, "size": 1.30000007, "_time": 49.2851563, "shift": 0.0, "time": 49.2851563}, {"$id": 292, "type": 0, "sounds": [{"w": 0.0, "d": 0.223880768, "p": 65, "v": 94}], "pos": -1.13888943, "size": 1.30000007, "_time": 49.2851563, "shift": 0.0, "time": 49.2851563}, {"$id": 293, "type": 0, "sounds": [{"w": 0.0, "d": 0.225563049, "p": 68, "v": 94}], "pos": -0.08333397, "size": 1.30000007, "_time": 49.5078125, "shift": 0.0, "time": 49.5078125}, {"$id": 294, "type": 0, "sounds": [{"w": 0.0, "d": 0.4511261, "p": 64, "v": 93}], "pos": -1.72222245, "size": 1.30000007, "_time": 49.5078125, "shift": 0.0, "time": 49.5078125}, {"$id": 295, "type": 0, "sounds": [{"w": 0.0, "d": 0.225563049, "p": 77, "v": 93}], "pos": 1.041666, "size": 1.2, "_time": 49.734375, "shift": 0.0, "time": 49.734375}, {"$id": 296, "type": 0, "sounds": [{"w": 0.0, "d": 0.225563049, "p": 76, "v": 94}], "pos": 0.027776897, "size": 1.2, "_time": 49.9609375, "shift": 0.0, "time": 49.9609375}, {"$id": 297, "type": 0, "sounds": [{"w": 0.0, "d": 0.225563049, "p": 74, "v": 95}], "pos": -1.08333385, "size": 1.2, "_time": 50.1875, "shift": 0.0, "time": 50.1875}, {"$id": 298, "type": 0, "sounds": [{"w": 0.0, "d": 0.08172989, "p": 72, "v": 94}], "pos": 0.8611101, "size": 1.0, "_time": 50.4101563, "shift": 0.0, "time": 50.4101563}, {"$id": 299, "type": 0, "sounds": [{"w": 0.0, "d": 0.08172989, "p": 74, "v": 94}], "pos": 1.44444358, "size": 1.0, "_time": 50.4921875, "shift": 0.0, "time": 50.4921875}, {"$id": 300, "type": 0, "sounds": [{"w": 0.0, "d": 0.2932701, "p": 72, "v": 92}], "pos": 0.8611101, "size": 1.0, "_time": 50.57422, "shift": 0.0, "time": 50.57422}, {"$id": 301, "type": 0, "sounds": [{"w": 0.0, "d": 0.25, "p": 71, "v": 94}], "pos": 1.56944335, "size": 1.2, "_time": 50.875, "shift": 0.0, "time": 50.875}, {"$id": 302, "type": 0, "sounds": [{"w": 0.0, "d": 0.5, "p": 52, "v": 93}], "pos": -1.50000024, "size": 1.2, "_time": 50.875, "shift": 0.0, "time": 50.875}, {"$id": 303, "type": 0, "sounds": [{"w": 0.0, "d": 0.171875, "p": 69, "v": 94}], "pos": 0.291666985, "size": 1.30000007, "_time": 51.125, "shift": 0.0, "time": 51.125}, {"$id": 304, "type": 0, "sounds": [{"w": 0.0, "d": 0.240001678, "p": 69, "v": 93}], "pos": 0.291666985, "size": 1.30000007, "_time": 51.375, "shift": 0.0, "time": 51.375}, {"$id": 305, "type": 0, "sounds": [{"w": 0.0, "d": 0.240001678, "p": 81, "v": 94}], "pos": 1.70833242, "size": 1.0, "_time": 51.61328, "shift": 0.0, "time": 51.61328}, {"$id": 306, "type": 0, "sounds": [{"w": 0.0, "d": 0.230770111, "p": 79, "v": 94}], "pos": 0.9305552, "size": 1.0, "_time": 51.8515625, "shift": 0.0, "time": 51.8515625}, {"$id": 307, "type": 0, "sounds": [{"w": 0.0, "d": 0.923080444, "p": 45, "v": 93}], "pos": -1.54166651, "size": 1.50000012, "_time": 51.8515625, "shift": 0.0, "time": 51.8515625}, {"$id": 308, "type": 0, "sounds": [{"w": 0.0, "d": 0.230770111, "p": 77, "v": 93}], "pos": 0.2638886, "size": 1.0, "_time": 52.08203, "shift": 0.0, "time": 52.08203}, {"$id": 309, "type": 0, "sounds": [{"w": 0.0, "d": 0.230770111, "p": 76, "v": 92}], "pos": -0.3888886, "size": 1.0, "_time": 52.3164063, "shift": 0.0, "time": 52.3164063}, {"$id": 310, "type": 0, "sounds": [{"w": 0.0, "d": 0.230770111, "p": 79, "v": 94}], "pos": 1.40277767, "size": 1.0, "_time": 52.546875, "shift": 0.0, "time": 52.546875}, {"$id": 311, "type": 0, "sounds": [{"w": 0.0, "d": 0.230770111, "p": 77, "v": 94}], "pos": 0.09722236, "size": 1.0, "_time": 52.7773438, "shift": 0.0, "time": 52.7773438}, {"$id": 312, "type": 0, "sounds": [{"w": 0.0, "d": 0.230770111, "p": 81, "v": 94}], "pos": 1.90277827, "size": 1.0, "_time": 53.0078125, "shift": 0.0, "time": 53.0078125}, {"$id": 313, "type": 0, "sounds": [{"w": 0.0, "d": 2.076931, "p": 79, "v": 94}], "pos": 1.12499893, "size": 1.0, "_time": 53.23828, "shift": 0.0, "time": 53.23828}, {"$id": 314, "type": 0, "sounds": [{"w": 0.0, "d": 0.230770111, "p": 64, "v": 93}], "pos": -0.361110717, "size": 1.2, "_time": 53.46875, "shift": 0.0, "time": 53.46875}, {"$id": 315, "type": 0, "sounds": [{"w": 0.0, "d": 0.230770111, "p": 62, "v": 95}], "pos": -0.9722227, "size": 1.2, "_time": 53.69922, "shift": 0.0, "time": 53.69922}, {"$id": 316, "type": 0, "sounds": [{"w": 0.0, "d": 0.230770111, "p": 60, "v": 94}], "pos": -1.63888943, "size": 1.2, "_time": 53.9296875, "shift": 0.0, "time": 53.9296875}, {"$id": 317, "type": 0, "sounds": [{"w": 0.0, "d": 0.230770111, "p": 59, "v": 93}], "pos": -2.0, "size": 1.2, "_time": 54.1601563, "shift": 0.0, "time": 54.1601563}, {"$id": 318, "type": 0, "sounds": [{"w": 0.0, "d": 0.230770111, "p": 62, "v": 94}], "pos": -0.555556059, "size": 1.2, "_time": 54.390625, "shift": 0.0, "time": 54.390625}, {"$id": 319, "type": 0, "sounds": [{"w": 0.0, "d": 0.230770111, "p": 61, "v": 92}], "pos": -1.625001, "size": 1.2, "_time": 54.6210938, "shift": 0.0, "time": 54.6210938}, {"$id": 320, "type": 0, "sounds": [{"w": 0.0, "d": 0.230770111, "p": 64, "v": 93}], "pos": 0.361111164, "size": 1.2, "_time": 54.8515625, "shift": 0.0, "time": 54.8515625}, {"$id": 321, "type": 0, "sounds": [{"w": 0.0, "d": 2.07692719, "p": 62, "v": 94}], "pos": -1.05555582, "size": 1.2, "_time": 55.08203, "shift": 0.0, "time": 55.08203}, {"$id": 322, "type": 0, "sounds": [{"w": 0.0, "d": 0.230770111, "p": 76, "v": 85}], "pos": -0.166666552, "size": 1.0, "_time": 55.3164063, "shift": 0.0, "time": 55.3164063}, {"$id": 323, "type": 0, "sounds": [{"w": 0.0, "d": 0.230770111, "p": 77, "v": 85}], "pos": 0.458333254, "size": 1.0, "_time": 55.546875, "shift": 0.0, "time": 55.546875}, {"$id": 324, "type": 0, "sounds": [{"w": 0.0, "d": 0.230770111, "p": 79, "v": 85}], "pos": 1.18055463, "size": 1.0, "_time": 55.7773438, "shift": 0.0, "time": 55.7773438}, {"$id": 325, "type": 0, "sounds": [{"w": 0.0, "d": 0.230770111, "p": 81, "v": 86}], "pos": 1.79166675, "size": 1.0, "_time": 56.0078125, "shift": 0.0, "time": 56.0078125}, {"$id": 326, "type": 0, "sounds": [{"w": 0.0, "d": 0.230770111, "p": 77, "v": 87}], "pos": 0.152777076, "size": 1.0, "_time": 56.23828, "shift": 0.0, "time": 56.23828}, {"$id": 327, "type": 0, "sounds": [{"w": 0.0, "d": 0.230770111, "p": 79, "v": 85}], "pos": 1.62499976, "size": 1.0, "_time": 56.46875, "shift": 0.0, "time": 56.46875}, {"$id": 328, "type": 0, "sounds": [{"w": 0.0, "d": 0.230770111, "p": 76, "v": 84}], "pos": -0.444445372, "size": 1.0, "_time": 56.69922, "shift": 0.0, "time": 56.69922}, {"$id": 329, "type": 0, "sounds": [{"w": 0.0, "d": 0.06730652, "p": 77, "v": 85}], "pos": 0.8194442, "size": 1.0, "_time": 56.9296875, "shift": 0.0, "time": 56.9296875}, {"$id": 330, "type": 0, "sounds": [{"w": 0.0, "d": 0.06730652, "p": 76, "v": 85}], "pos": 0.0277770758, "size": 1.0, "_time": 56.9960938, "shift": 0.0, "time": 56.9960938}, {"$id": 331, "type": 0, "sounds": [{"w": 0.0, "d": 1.94231033, "p": 77, "v": 86}], "pos": 0.8194442, "size": 1.0, "_time": 57.0664063, "shift": 0.0, "time": 57.0664063}, {"$id": 332, "type": 0, "sounds": [{"w": 0.0, "d": 0.230770111, "p": 57, "v": 81}], "pos": -1.68055582, "size": 1.2, "_time": 57.1601563, "shift": 0.0, "time": 57.1601563}, {"$id": 333, "type": 0, "sounds": [{"w": 0.0, "d": 0.230770111, "p": 59, "v": 82}], "pos": -0.9583334, "size": 1.2, "_time": 57.390625, "shift": 0.0, "time": 57.390625}, {"$id": 334, "type": 0, "sounds": [{"w": 0.0, "d": 0.230770111, "p": 60, "v": 81}], "pos": -0.333333552, "size": 1.2, "_time": 57.6210938, "shift": 0.0, "time": 57.6210938}, {"$id": 335, "type": 0, "sounds": [{"w": 0.0, "d": 0.230770111, "p": 62, "v": 81}], "pos": 0.5000005, "size": 1.2, "_time": 57.8515625, "shift": 0.0, "time": 57.8515625}, {"$id": 336, "type": 0, "sounds": [{"w": 0.0, "d": 0.230770111, "p": 59, "v": 80}], "pos": -0.847221732, "size": 1.2, "_time": 58.08203, "shift": 0.0, "time": 58.08203}, {"$id": 337, "type": 0, "sounds": [{"w": 0.0, "d": 0.230770111, "p": 60, "v": 82}], "pos": 0.138888955, "size": 1.2, "_time": 58.3164063, "shift": 0.0, "time": 58.3164063}, {"$id": 338, "type": 0, "sounds": [{"w": 0.0, "d": 0.230770111, "p": 57, "v": 82}], "pos": -1.68055582, "size": 1.2, "_time": 58.546875, "shift": 0.0, "time": 58.546875}, {"$id": 339, "type": 0, "sounds": [{"w": 0.0, "d": 0.08172989, "p": 59, "v": 81}], "pos": -0.930556, "size": 1.2, "_time": 58.7773438, "shift": 0.0, "time": 58.7773438}, {"$id": 340, "type": 0, "sounds": [{"w": 0.0, "d": 0.08172989, "p": 57, "v": 82}], "pos": -1.5694443, "size": 1.2, "_time": 58.859375, "shift": 0.0, "time": 58.859375}, {"$id": 341, "type": 0, "sounds": [{"w": 0.0, "d": 1.91347122, "p": 59, "v": 83}], "pos": -0.930556, "size": 1.2, "_time": 58.9414063, "shift": 0.0, "time": 58.9414063}, {"$id": 342, "type": 0, "sounds": [{"w": 0.0, "d": 0.230770111, "p": 79, "v": 77}], "pos": 1.65277815, "size": 1.0, "_time": 59.0078125, "shift": 0.0, "time": 59.0078125}, {"$id": 343, "type": 0, "sounds": [{"w": 0.0, "d": 0.230770111, "p": 77, "v": 79}], "pos": 0.8194442, "size": 1.0, "_time": 59.23828, "shift": 0.0, "time": 59.23828}, {"$id": 344, "type": 0, "sounds": [{"w": 0.0, "d": 0.230770111, "p": 76, "v": 78}], "pos": 0.194444358, "size": 1.0, "_time": 59.46875, "shift": 0.0, "time": 59.46875}, {"$id": 345, "type": 0, "sounds": [{"w": 0.0, "d": 0.230770111, "p": 74, "v": 77}], "pos": -0.499999642, "size": 1.0, "_time": 59.69922, "shift": 0.0, "time": 59.69922}, {"$id": 346, "type": 0, "sounds": [{"w": 0.0, "d": 0.230770111, "p": 77, "v": 77}], "pos": 1.43055558, "size": 1.0, "_time": 59.9296875, "shift": 0.0, "time": 59.9296875}, {"$id": 347, "type": 0, "sounds": [{"w": 0.0, "d": 0.230770111, "p": 76, "v": 79}], "pos": 0.2222217, "size": 1.0, "_time": 60.1601563, "shift": 0.0, "time": 60.1601563}, {"$id": 348, "type": 0, "sounds": [{"w": 0.0, "d": 0.230770111, "p": 79, "v": 78}], "pos": 1.87500024, "size": 1.0, "_time": 60.390625, "shift": 0.0, "time": 60.390625}, {"$id": 349, "type": 0, "sounds": [{"w": 0.0, "d": 0.08654022, "p": 77, "v": 79}], "pos": 1.56944346, "size": 1.0, "_time": 60.6210938, "shift": 0.0, "time": 60.6210938}, {"$id": 350, "type": 0, "sounds": [{"w": 0.0, "d": 0.08654022, "p": 76, "v": 76}], "pos": 0.8333321, "size": 1.0, "_time": 60.70703, "shift": 0.0, "time": 60.70703}, {"$id": 351, "type": 0, "sounds": [{"w": 0.0, "d": 1.90385437, "p": 77, "v": 78}], "pos": 1.56944346, "size": 1.0, "_time": 60.796875, "shift": 0.0, "time": 60.796875}, {"$id": 352, "type": 0, "sounds": [{"w": 0.0, "d": 0.230770111, "p": 62, "v": 74}], "pos": -0.2777782, "size": 1.2, "_time": 60.8515625, "shift": 0.0, "time": 60.8515625}, {"$id": 353, "type": 0, "sounds": [{"w": 0.0, "d": 0.230770111, "p": 60, "v": 74}], "pos": -0.916666448, "size": 1.2, "_time": 61.08203, "shift": 0.0, "time": 61.08203}, {"$id": 354, "type": 0, "sounds": [{"w": 0.0, "d": 0.230770111, "p": 59, "v": 72}], "pos": -1.513889, "size": 1.2, "_time": 61.3164063, "shift": 0.0, "time": 61.3164063}, {"$id": 355, "type": 0, "sounds": [{"w": 0.0, "d": 0.230770111, "p": 57, "v": 74}], "pos": -2.0, "size": 1.2, "_time": 61.546875, "shift": 0.0, "time": 61.546875}, {"$id": 356, "type": 0, "sounds": [{"w": 0.0, "d": 0.230770111, "p": 60, "v": 74}], "pos": -0.361110866, "size": 1.2, "_time": 61.7773438, "shift": 0.0, "time": 61.7773438}, {"$id": 357, "type": 0, "sounds": [{"w": 0.0, "d": 0.230770111, "p": 59, "v": 73}], "pos": -1.43055582, "size": 1.2, "_time": 62.0078125, "shift": 0.0, "time": 62.0078125}, {"$id": 358, "type": 0, "sounds": [{"w": 0.0, "d": 0.230770111, "p": 62, "v": 74}], "pos": 0.388888836, "size": 1.2, "_time": 62.23828, "shift": 0.0, "time": 62.23828}, {"$id": 359, "type": 0, "sounds": [{"w": 0.0, "d": 0.07692337, "p": 60, "v": 74}], "pos": -1.19444418, "size": 1.2, "_time": 62.46875, "shift": 0.0, "time": 62.46875}, {"$id": 360, "type": 0, "sounds": [{"w": 0.0, "d": 0.07692337, "p": 59, "v": 73}], "pos": -1.90277827, "size": 1.2, "_time": 62.546875, "shift": 0.0, "time": 62.546875}, {"$id": 361, "type": 0, "sounds": [{"w": 0.0, "d": 1.92308044, "p": 60, "v": 72}], "pos": -1.19444418, "size": 1.2, "_time": 62.6210938, "shift": 0.0, "time": 62.6210938}, {"$id": 362, "type": 0, "sounds": [{"w": 0.0, "d": 0.230770111, "p": 74, "v": 72}], "pos": 0.388889432, "size": 1.0, "_time": 62.69922, "shift": 0.0, "time": 62.69922}, {"$id": 363, "type": 0, "sounds": [{"w": 0.0, "d": 0.230770111, "p": 76, "v": 74}], "pos": 0.916667342, "size": 1.0, "_time": 62.9296875, "shift": 0.0, "time": 62.9296875}, {"$id": 364, "type": 0, "sounds": [{"w": 0.0, "d": 0.230770111, "p": 77, "v": 75}], "pos": 1.34722137, "size": 1.0, "_time": 63.1601563, "shift": 0.0, "time": 63.1601563}, {"$id": 365, "type": 0, "sounds": [{"w": 0.0, "d": 0.230770111, "p": 79, "v": 73}], "pos": 1.79166591, "size": 1.0, "_time": 63.390625, "shift": 0.0, "time": 63.390625}, {"$id": 366, "type": 0, "sounds": [{"w": 0.0, "d": 0.230770111, "p": 76, "v": 73}], "pos": 0.027778089, "size": 1.0, "_time": 63.6210938, "shift": 0.0, "time": 63.6210938}, {"$id": 367, "type": 0, "sounds": [{"w": 0.0, "d": 0.2307663, "p": 77, "v": 73}], "pos": 0.9027772, "size": 1.0, "_time": 63.8515625, "shift": 0.0, "time": 63.8515625}, {"$id": 368, "type": 0, "sounds": [{"w": 0.0, "d": 0.2307663, "p": 74, "v": 75}], "pos": -1.30555463, "size": 1.1, "_time": 64.08203, "shift": 0.0, "time": 64.08203}, {"$id": 369, "type": 0, "sounds": [{"w": 0.0, "d": 0.115386963, "p": 76, "v": 74}], "pos": -0.6111115, "size": 1.1, "_time": 64.31641, "shift": 0.0, "time": 64.31641}, {"$id": 370, "type": 0, "sounds": [{"w": 0.0, "d": 0.115386963, "p": 77, "v": 75}], "pos": 1.23611081, "size": 1.1, "_time": 64.42969, "shift": 0.0, "time": 64.42969}, {"$id": 371, "type": 0, "sounds": [{"w": 0.0, "d": 0.100959778, "p": 76, "v": 70}], "pos": -0.250000447, "size": 1.2, "_time": 64.546875, "shift": 0.0, "time": 64.546875}, {"$id": 372, "type": 0, "sounds": [{"w": 0.0, "d": 0.100959778, "p": 77, "v": 65}], "pos": 1.23611081, "size": 1.2, "_time": 64.64453, "shift": 0.0, "time": 64.64453}, {"$id": 373, "type": 0, "sounds": [{"w": 0.0, "d": 0.09615326, "p": 76, "v": 64}], "pos": -0.250000447, "size": 1.30000007, "_time": 64.74609, "shift": 0.0, "time": 64.74609}, {"$id": 374, "type": 0, "sounds": [{"w": 0.0, "d": 0.100959778, "p": 77, "v": 60}], "pos": 1.23611081, "size": 1.30000007, "_time": 64.84375, "shift": 0.0, "time": 64.84375}, {"$id": 375, "type": 0, "sounds": [{"w": 0.0, "d": 0.08654022, "p": 76, "v": 58}], "pos": -0.250000447, "size": 1.30000007, "_time": 64.94531, "shift": 0.0, "time": 64.94531}, {"$id": 376, "type": 0, "sounds": [{"w": 0.0, "d": 0.08654022, "p": 77, "v": 59}], "pos": 1.23611081, "size": 1.30000007, "_time": 65.03125, "shift": 0.0, "time": 65.03125}, {"$id": 377, "type": 0, "sounds": [{"w": 0.0, "d": 0.06730652, "p": 76, "v": 58}], "pos": 0.861110449, "size": 0.799999952, "_time": 65.11719, "shift": 0.0, "time": 65.11719}, {"$id": 378, "type": 0, "sounds": [{"w": 0.0, "d": 0.07212067, "p": 77, "v": 58}], "pos": 1.40277708, "size": 0.799999952, "_time": 65.18359, "shift": 0.0, "time": 65.18359}, {"$id": 379, "type": 0, "sounds": [{"w": 0.0, "d": 0.06730652, "p": 76, "v": 57}], "pos": 0.861110449, "size": 0.799999952, "_time": 65.25781, "shift": 0.0, "time": 65.25781}, {"$id": 380, "type": 0, "sounds": [{"w": 0.0, "d": 0.07211304, "p": 77, "v": 58}], "pos": 1.40277708, "size": 0.799999952, "_time": 65.32422, "shift": 0.0, "time": 65.32422}, {"$id": 381, "type": 0, "sounds": [{"w": 0.0, "d": 0.06730652, "p": 76, "v": 59}], "pos": 0.861110449, "size": 0.799999952, "_time": 65.39453, "shift": 0.0, "time": 65.39453}, {"$id": 382, "type": 0, "sounds": [{"w": 0.0, "d": 0.07211304, "p": 77, "v": 60}], "pos": 1.40277708, "size": 0.799999952, "_time": 65.46484, "shift": 0.0, "time": 65.46484}, {"$id": 383, "type": 0, "sounds": [{"w": 0.0, "d": 0.0817337, "p": 76, "v": 66}], "pos": 0.861110449, "size": 0.799999952, "_time": 65.53516, "shift": 0.0, "time": 65.53516}, {"$id": 384, "type": 0, "sounds": [{"w": 0.0, "d": 0.08654022, "p": 77, "v": 66}], "pos": 1.40277708, "size": 0.799999952, "_time": 65.61719, "shift": 0.0, "time": 65.61719}, {"$id": 385, "type": 0, "sounds": [{"w": 0.0, "d": 0.456726074, "p": 76, "v": 67}], "pos": 0.861110449, "size": 0.799999952, "_time": 65.703125, "shift": 0.0, "time": 65.703125}, {"$id": 386, "type": 0, "sounds": [{"w": 0.0, "d": 0.234375, "p": 72, "v": 75}], "pos": -0.916667, "size": 1.0, "_time": 66.39453, "shift": 0.0, "time": 66.39453}, {"$id": 387, "type": 0, "sounds": [{"w": 0.0, "d": 0.234375, "p": 74, "v": 75}], "pos": 0.611110449, "size": 1.0, "_time": 66.62891, "shift": 0.0, "time": 66.62891}, {"$id": 388, "type": 0, "sounds": [{"w": 0.0, "d": 0.234375, "p": 76, "v": 73}], "pos": -0.5277785, "size": 1.0, "_time": 66.86328, "shift": 0.0, "time": 66.86328}, {"$id": 389, "type": 0, "sounds": [{"w": 0.0, "d": 0.2307663, "p": 77, "v": 74}], "pos": 1.34722233, "size": 1.2, "_time": 67.09766, "shift": 0.0, "time": 67.09766}, {"$id": 390, "type": 0, "sounds": [{"w": 0.0, "d": 0.4615326, "p": 57, "v": 73}], "pos": -1.47222233, "size": 1.2, "_time": 67.09766, "shift": 0.0, "time": 67.09766}, {"$id": 391, "type": 0, "sounds": [{"w": 0.0, "d": 0.2307663, "p": 74, "v": 73}], "pos": -0.666667, "size": 1.0, "_time": 67.328125, "shift": 0.0, "time": 67.328125}, {"$id": 392, "type": 0, "sounds": [{"w": 0.0, "d": 0.2307663, "p": 76, "v": 74}], "pos": 0.6944442, "size": 1.0, "_time": 67.55859, "shift": 0.0, "time": 67.55859}, {"$id": 393, "type": 0, "sounds": [{"w": 0.0, "d": 0.2307663, "p": 72, "v": 75}], "pos": -1.69444335, "size": 1.0, "_time": 67.78906, "shift": 0.0, "time": 67.78906}, {"$id": 394, "type": 0, "sounds": [{"w": 0.0, "d": 0.227272034, "p": 74, "v": 81}], "pos": -1.00000143, "size": 1.2, "_time": 68.01953, "shift": 0.0, "time": 68.01953}, {"$id": 395, "type": 0, "sounds": [{"w": 0.0, "d": 0.227272034, "p": 53, "v": 73}], "pos": 0.999999642, "size": 1.2, "_time": 68.01953, "shift": 0.0, "time": 68.01953}, {"$id": 396, "type": 0, "sounds": [{"w": 0.0, "d": 0.227272034, "p": 76, "v": 81}], "pos": 0.7222226, "size": 1.0, "_time": 68.25, "shift": 0.0, "time": 68.25}, {"$id": 397, "type": 0, "sounds": [{"w": 0.0, "d": 0.227272034, "p": 77, "v": 81}], "pos": -0.430555761, "size": 1.0, "_time": 68.47656, "shift": 0.0, "time": 68.47656}, {"$id": 398, "type": 0, "sounds": [{"w": 0.0, "d": 0.227272034, "p": 79, "v": 82}], "pos": 0.736109555, "size": 1.0, "_time": 68.703125, "shift": 0.0, "time": 68.703125}, {"$id": 399, "type": 0, "sounds": [{"w": 0.0, "d": 0.223876953, "p": 81, "v": 81}], "pos": 1.84722245, "size": 1.2, "_time": 68.92969, "shift": 0.0, "time": 68.92969}, {"$id": 400, "type": 0, "sounds": [{"w": 0.0, "d": 0.4477539, "p": 60, "v": 82}], "pos": -2.0, "size": 1.2, "_time": 68.92969, "shift": 0.0, "time": 68.92969}, {"$id": 401, "type": 0, "sounds": [{"w": 0.0, "d": 0.223876953, "p": 77, "v": 83}], "pos": -0.9027783, "size": 1.0, "_time": 69.15625, "shift": 0.0, "time": 69.15625}, {"$id": 402, "type": 0, "sounds": [{"w": 0.0, "d": 0.223876953, "p": 79, "v": 81}], "pos": 1.23611045, "size": 1.0, "_time": 69.37891, "shift": 0.0, "time": 69.37891}, {"$id": 403, "type": 0, "sounds": [{"w": 0.0, "d": 0.223876953, "p": 76, "v": 81}], "pos": 0.05555457, "size": 1.0, "_time": 69.60156, "shift": 0.0, "time": 69.60156}, {"$id": 404, "type": 0, "sounds": [{"w": 0.0, "d": 0.220588684, "p": 77, "v": 89}], "pos": 1.59722281, "size": 1.2, "_time": 69.82422, "shift": 0.0, "time": 69.82422}, {"$id": 405, "type": 0, "sounds": [{"w": 0.0, "d": 0.220588684, "p": 57, "v": 83}], "pos": -1.88888836, "size": 1.2, "_time": 69.82422, "shift": 0.0, "time": 69.82422}, {"$id": 406, "type": 0, "sounds": [{"w": 0.0, "d": 0.220588684, "p": 79, "v": 89}], "pos": -1.06944513, "size": 1.1, "_time": 70.046875, "shift": 0.0, "time": 70.046875}, {"$id": 407, "type": 0, "sounds": [{"w": 0.0, "d": 0.220588684, "p": 81, "v": 88}], "pos": 0.0138883591, "size": 1.1, "_time": 70.265625, "shift": 0.0, "time": 70.265625}, {"$id": 408, "type": 0, "sounds": [{"w": 0.0, "d": 0.220588684, "p": 83, "v": 90}], "pos": 0.986110151, "size": 1.1, "_time": 70.48828, "shift": 0.0, "time": 70.48828}, {"$id": 409, "type": 0, "sounds": [{"w": 0.0, "d": 0.223876953, "p": 84, "v": 89}], "pos": 1.88888884, "size": 1.30000007, "_time": 70.70703, "shift": 0.0, "time": 70.70703}, {"$id": 410, "type": 0, "sounds": [{"w": 0.0, "d": 0.4477539, "p": 64, "v": 93}], "pos": -1.5, "size": 1.30000007, "_time": 70.70703, "shift": 0.0, "time": 70.70703}, {"$id": 411, "type": 0, "sounds": [{"w": 0.0, "d": 0.223876953, "p": 81, "v": 91}], "pos": 0.124999821, "size": 1.1, "_time": 70.93359, "shift": 0.0, "time": 70.93359}, {"$id": 412, "type": 0, "sounds": [{"w": 0.0, "d": 0.223876953, "p": 83, "v": 90}], "pos": 1.56944418, "size": 1.30000007, "_time": 71.15625, "shift": 0.0, "time": 71.15625}, {"$id": 413, "type": 0, "sounds": [{"w": 0.0, "d": 0.223876953, "p": 79, "v": 91}], "pos": -0.5694452, "size": 1.1, "_time": 71.37891, "shift": 0.0, "time": 71.37891}, {"$id": 414, "type": 0, "sounds": [{"w": 0.0, "d": 0.146781921, "p": 64, "v": 95}], "pos": 0.027777791, "size": 1.30000007, "_time": 71.60547, "shift": 0.0, "time": 71.60547}, {"$id": 415, "type": 0, "sounds": [{"w": 0.0, "d": 0.454544067, "p": 84, "v": 93}], "pos": 1.69444418, "size": 1.30000007, "_time": 71.60547, "shift": 0.0, "time": 71.60547}, {"$id": 416, "type": 0, "sounds": [{"w": 0.0, "d": 0.227272034, "p": 50, "v": 94}], "pos": -1.91666746, "size": 1.30000007, "_time": 71.83203, "shift": 0.0, "time": 71.83203}, {"$id": 417, "type": 0, "sounds": [{"w": 0.0, "d": 0.454544067, "p": 79, "v": 94}], "pos": 1.87499988, "size": 1.0, "_time": 72.05859, "shift": 0.0, "time": 72.05859}, {"$id": 418, "type": 0, "sounds": [{"w": 0.0, "d": 0.227272034, "p": 52, "v": 95}], "pos": -1.416667, "size": 1.30000007, "_time": 72.05859, "shift": 0.0, "time": 72.05859}, {"$id": 419, "type": 0, "sounds": [{"w": 0.0, "d": 0.227272034, "p": 53, "v": 92}], "pos": -0.986110747, "size": 1.30000007, "_time": 72.28516, "shift": 0.0, "time": 72.28516}, {"$id": 420, "type": 0, "sounds": [{"w": 0.0, "d": 0.227272034, "p": 55, "v": 94}], "pos": -0.5138898, "size": 1.30000007, "_time": 72.51172, "shift": 0.0, "time": 72.51172}, {"$id": 421, "type": 0, "sounds": [{"w": 0.0, "d": 0.08049011, "p": 76, "v": 93}], "pos": 0.9722217, "size": 1.0, "_time": 72.51172, "shift": 0.0, "time": 72.51172}, {"$id": 422, "type": 0, "sounds": [{"w": 0.0, "d": 0.08522797, "p": 77, "v": 94}], "pos": 1.708333, "size": 1.0, "_time": 72.59375, "shift": 0.0, "time": 72.59375}, {"$id": 423, "type": 0, "sounds": [{"w": 0.0, "d": 0.288826, "p": 76, "v": 94}], "pos": 0.9722217, "size": 1.0, "_time": 72.67969, "shift": 0.0, "time": 72.67969}, {"$id": 424, "type": 0, "sounds": [{"w": 0.0, "d": 0.227272034, "p": 52, "v": 92}], "pos": -1.4444443, "size": 1.30000007, "_time": 72.73828, "shift": 0.0, "time": 72.73828}, {"$id": 425, "type": 0, "sounds": [{"w": 0.0, "d": 0.227272034, "p": 74, "v": 94}], "pos": 1.66666651, "size": 1.0, "_time": 72.96875, "shift": 0.0, "time": 72.96875}, {"$id": 426, "type": 0, "sounds": [{"w": 0.0, "d": 0.227272034, "p": 53, "v": 94}], "pos": -0.875000358, "size": 1.30000007, "_time": 72.96875, "shift": 0.0, "time": 72.96875}, {"$id": 427, "type": 0, "sounds": [{"w": 0.0, "d": 0.227279663, "p": 50, "v": 95}], "pos": -1.80555594, "size": 1.30000007, "_time": 73.19531, "shift": 0.0, "time": 73.19531}, {"$id": 428, "type": 0, "sounds": [{"w": 0.0, "d": 0.238098145, "p": 72, "v": 94}], "pos": 1.083333, "size": 1.2, "_time": 73.421875, "shift": 0.0, "time": 73.421875}, {"$id": 429, "type": 0, "sounds": [{"w": 0.0, "d": 0.4761963, "p": 52, "v": 93}], "pos": -1.27777815, "size": 1.30000007, "_time": 73.421875, "shift": 0.0, "time": 73.421875}, {"$id": 430, "type": 0, "sounds": [{"w": 0.0, "d": 0.238098145, "p": 70, "v": 93}], "pos": -0.194444, "size": 1.0, "_time": 73.66016, "shift": 0.0, "time": 73.66016}, {"$id": 431, "type": 0, "sounds": [{"w": 0.0, "d": 0.234375, "p": 69, "v": 95}], "pos": 0.708333, "size": 1.2, "_time": 73.89844, "shift": 0.0, "time": 73.89844}, {"$id": 432, "type": 0, "sounds": [{"w": 0.0, "d": 0.46875, "p": 48, "v": 93}], "pos": -1.916667, "size": 1.2, "_time": 73.89844, "shift": 0.0, "time": 73.89844}, {"$id": 433, "type": 0, "sounds": [{"w": 0.0, "d": 0.234375, "p": 67, "v": 93}], "pos": -0.902777553, "size": 1.0, "_time": 74.13281, "shift": 0.0, "time": 74.13281}, {"$id": 434, "type": 0, "sounds": [{"w": 0.0, "d": 0.234375, "p": 65, "v": 93}], "pos": 0.208333015, "size": 1.30000007, "_time": 74.36719, "shift": 0.0, "time": 74.36719}, {"$id": 435, "type": 0, "sounds": [{"w": 0.0, "d": 0.46875, "p": 50, "v": 93}], "pos": -1.666667, "size": 1.30000007, "_time": 74.36719, "shift": 0.0, "time": 74.36719}, {"$id": 436, "type": 0, "sounds": [{"w": 0.0, "d": 0.234375, "p": 69, "v": 94}], "pos": 1.45833325, "size": 1.0, "_time": 74.60156, "shift": 0.0, "time": 74.60156}, {"$id": 437, "type": 0, "sounds": [{"w": 0.0, "d": 0.234375, "p": 67, "v": 94}], "pos": 0.458333015, "size": 1.30000007, "_time": 74.83594, "shift": 0.0, "time": 74.83594}, {"$id": 438, "type": 0, "sounds": [{"w": 0.0, "d": 0.46875, "p": 52, "v": 95}], "pos": -1.416667, "size": 1.30000007, "_time": 74.83594, "shift": 0.0, "time": 74.83594}, {"$id": 439, "type": 0, "sounds": [{"w": 0.0, "d": 0.234375, "p": 70, "v": 93}], "pos": 1.58333325, "size": 1.0, "_time": 75.07031, "shift": 0.0, "time": 75.07031}, {"$id": 440, "type": 0, "sounds": [{"w": 0.0, "d": 0.238098145, "p": 69, "v": 95}], "pos": 0.708333, "size": 1.30000007, "_time": 75.30469, "shift": 0.0, "time": 75.30469}, {"$id": 441, "type": 0, "sounds": [{"w": 0.0, "d": 0.238098145, "p": 53, "v": 94}], "pos": -0.9861119, "size": 1.30000007, "_time": 75.30469, "shift": 0.0, "time": 75.30469}, {"$id": 442, "type": 0, "sounds": [{"w": 0.0, "d": 0.24193573, "p": 71, "v": 93}], "pos": 1.2083323, "size": 1.2, "_time": 75.54297, "shift": 0.0, "time": 75.54297}, {"$id": 443, "type": 0, "sounds": [{"w": 0.0, "d": 0.24193573, "p": 50, "v": 95}], "pos": -2.0, "size": 1.2, "_time": 75.54297, "shift": 0.0, "time": 75.54297}, {"$id": 444, "type": 0, "sounds": [{"w": 0.0, "d": 0.247932434, "p": 72, "v": 92}], "pos": 1.749999, "size": 1.2, "_time": 75.78516, "shift": 0.0, "time": 75.78516}, {"$id": 445, "type": 0, "sounds": [{"w": 0.0, "d": 0.247932434, "p": 52, "v": 94}], "pos": -1.61111164, "size": 1.2, "_time": 75.78516, "shift": 0.0, "time": 75.78516}, {"$id": 446, "type": 0, "sounds": [{"w": 0.0, "d": 0.252098083, "p": 64, "v": 94}], "pos": 1.22222149, "size": 1.2, "_time": 76.03125, "shift": 0.0, "time": 76.03125}, {"$id": 447, "type": 0, "sounds": [{"w": 0.0, "d": 0.252098083, "p": 53, "v": 93}], "pos": -1.09722233, "size": 1.2, "_time": 76.03125, "shift": 0.0, "time": 76.03125}, {"$id": 448, "type": 0, "sounds": [{"w": 0.0, "d": 0.2608719, "p": 62, "v": 92}], "pos": 0.611110568, "size": 1.2, "_time": 76.28516, "shift": 0.0, "time": 76.28516}, {"$id": 449, "type": 0, "sounds": [{"w": 0.0, "d": 0.394798279, "p": 55, "v": 95}], "pos": -0.7361118, "size": 1.2, "_time": 76.28516, "shift": 0.0, "time": 76.28516}, {"$id": 450, "type": 0, "sounds": [{"w": 0.0, "d": 0.267852783, "p": 72, "v": 93}], "pos": 1.72222173, "size": 1.1, "_time": 76.546875, "shift": 0.0, "time": 76.546875}, {"$id": 451, "type": 0, "sounds": [{"w": 0.0, "d": 0.28037262, "p": 65, "v": 95}], "pos": 0.208333015, "size": 1.2, "_time": 76.8125, "shift": 0.0, "time": 76.8125}, {"$id": 452, "type": 0, "sounds": [{"w": 0.0, "d": 0.430374146, "p": 43, "v": 94}], "pos": -1.44444454, "size": 1.2, "_time": 76.8125, "shift": 0.0, "time": 76.8125}, {"$id": 453, "type": 0, "sounds": [{"w": 0.0, "d": 0.300003052, "p": 71, "v": 95}], "pos": 0.958333, "size": 1.1, "_time": 77.09375, "shift": 0.0, "time": 77.09375}, {"$id": 454, "type": 0, "sounds": [{"w": 0.0, "d": 5.517235, "p": 36, "v": 94}], "pos": -2.0, "size": 1.60000014, "_time": 77.39453, "shift": 0.0, "time": 77.39453}, {"$id": 455, "type": 0, "sounds": [{"w": 0.0, "d": 5.517235, "p": 64, "v": 93}], "pos": 0.805554748, "size": 1.30000007, "_time": 77.44531, "shift": 0.0, "time": 77.44531}, {"$id": 456, "type": 0, "sounds": [{"w": 0.0, "d": 5.517235, "p": 67, "v": 92}], "pos": 1.18055475, "size": 1.2, "_time": 77.49609, "shift": 0.0, "time": 77.49609}, {"$id": 457, "type": 0, "sounds": [{"w": 0.0, "d": 5.517235, "p": 72, "v": 93}], "pos": 1.80555475, "size": 1.1, "_time": 77.57422, "shift": 0.0, "time": 77.57422}], "links": [{"notes": [{"$ref": 455}, {"$ref": 456}, {"$ref": 457}]}, {"notes": [{"$ref": 13}, {"$ref": 14}, {"$ref": 15}]}, {"notes": [{"$ref": 34}, {"$ref": 35}, {"$ref": 36}]}, {"notes": [{"$ref": 80}, {"$ref": 81}, {"$ref": 82}]}, {"notes": [{"$ref": 92}, {"$ref": 93}, {"$ref": 94}]}, {"notes": [{"$ref": 126}, {"$ref": 127}, {"$ref": 128}, {"$ref": 129}]}, {"notes": [{"$ref": 184}, {"$ref": 185}, {"$ref": 186}]}, {"notes": [{"$ref": 213}, {"$ref": 214}, {"$ref": 215}, {"$ref": 216}]}, {"notes": [{"$ref": 226}, {"$ref": 227}, {"$ref": 228}, {"$ref": 229}]}, {"notes": [{"$ref": 243}, {"$ref": 244}, {"$ref": 245}]}, {"notes": [{"$ref": 255}, {"$ref": 256}, {"$ref": 257}]}, {"notes": [{"$ref": 298}, {"$ref": 299}, {"$ref": 300}]}, {"notes": [{"$ref": 329}, {"$ref": 330}, {"$ref": 331}]}, {"notes": [{"$ref": 339}, {"$ref": 340}, {"$ref": 341}]}, {"notes": [{"$ref": 349}, {"$ref": 350}, {"$ref": 351}]}, {"notes": [{"$ref": 359}, {"$ref": 360}, {"$ref": 361}]}, {"notes": [{"$ref": 377}, {"$ref": 378}, {"$ref": 379}, {"$ref": 380}, {"$ref": 381}, {"$ref": 382}, {"$ref": 383}, {"$ref": 384}, {"$ref": 385}]}, {"notes": [{"$ref": 421}, {"$ref": 422}, {"$ref": 423}]}, {"notes": [{"$ref": 418}, {"$ref": 419}, {"$ref": 420}, {"$ref": 424}, {"$ref": 426}, {"$ref": 427}, {"$ref": 429}]}]}