{"speed": 6.0, "notes": [{"$id": 1, "type": 0, "sounds": [{"w": 0.0, "d": 1.58640862, "p": 59, "v": 48}], "pos": -1.72222233, "size": 1.0, "_time": 0.32421875, "shift": 0.0, "time": 0.32421875}, {"$id": 2, "type": 0, "sounds": [{"w": 0.0, "d": 1.40286231, "p": 64, "v": 58}], "pos": 1.5, "size": 1.30000007, "_time": 1.9140625, "shift": 0.0, "time": 1.9140625}, {"$id": 3, "type": 0, "sounds": [{"w": 0.0, "d": 2.59413, "p": 40, "v": 33}], "pos": -1.83333349, "size": 1.30000007, "_time": 1.9140625, "shift": 0.0, "time": 1.9140625}, {"$id": 4, "type": 0, "sounds": [{"w": 0.0, "d": 0.651017666, "p": 59, "v": 20}], "pos": 0.5, "size": 1.0, "_time": 2.5859375, "shift": 0.0, "time": 2.5859375}, {"$id": 5, "type": 0, "sounds": [{"w": 0.0, "d": 0.7180853, "p": 63, "v": 57}], "pos": -1.11111152, "size": 1.1, "_time": 3.234375, "shift": 0.0, "time": 3.234375}, {"$id": 6, "type": 0, "sounds": [{"w": 0.0, "d": 0.632756948, "p": 64, "v": 53}], "pos": 1.0, "size": 1.1, "_time": 3.875, "shift": 0.0, "time": 3.875}, {"$id": 7, "type": 0, "sounds": [{"w": 0.0, "d": 2.5, "p": 35, "v": 42}], "pos": -1.5, "size": 1.2, "_time": 4.5078125, "shift": 0.0, "time": 4.5078125}, {"$id": 8, "type": 0, "sounds": [{"w": 0.0, "d": 3.778564, "p": 63, "v": 56}, {"w": 0.0, "d": 3.125, "p": 66, "v": 59}], "pos": 1.5, "size": 1.2, "_time": 4.5078125, "shift": 0.0, "time": 4.5078125}, {"$id": 9, "type": 0, "sounds": [{"w": 0.0, "d": 0.625, "p": 59, "v": 34}], "pos": 0.611110866, "size": 1.0, "_time": 5.1328125, "shift": 0.0, "time": 5.1328125}, {"$id": 10, "type": 0, "sounds": [{"w": 0.0, "d": 0.625, "p": 57, "v": 46}], "pos": -1.22222233, "size": 1.0, "_time": 5.7578125, "shift": 0.0, "time": 5.7578125}, {"$id": 11, "type": 0, "sounds": [{"w": 0.0, "d": 0.625, "p": 59, "v": 40}], "pos": 0.611110866, "size": 1.0, "_time": 6.3828125, "shift": 0.0, "time": 6.3828125}, {"$id": 12, "type": 0, "sounds": [{"w": 0.0, "d": 2.69216585, "p": 35, "v": 46}], "pos": 3.375, "size": 1.0, "_time": 7.0078125, "shift": 0.0, "time": 7.0078125}, {"$id": 13, "type": 0, "sounds": [{"w": 0.0, "d": 0.625, "p": 57, "v": 55}], "pos": -1.055556, "size": 1.0, "_time": 7.0078125, "shift": 0.0, "time": 7.0078125}, {"$id": 14, "type": 0, "sounds": [{"w": 0.0, "d": 0.639359, "p": 68, "v": 71}], "pos": 1.47222245, "size": 1.1, "_time": 7.6328125, "shift": 0.0, "time": 7.6328125}, {"$id": 15, "type": 0, "sounds": [{"w": 0.0, "d": 0.6861124, "p": 68, "v": 67}], "pos": 1.5, "size": 1.1, "_time": 8.285156, "shift": 0.0, "time": 8.285156}, {"$id": 16, "type": 0, "sounds": [{"w": 0.0, "d": 0.7274895, "p": 66, "v": 67}], "pos": -1.38888836, "size": 1.1, "_time": 8.972656, "shift": 0.0, "time": 8.972656}, {"$id": 17, "type": 0, "sounds": [{"w": 0.0, "d": 2.500949, "p": 40, "v": 39}], "pos": -0.638888, "size": 1.2, "_time": 9.699219, "shift": 0.0, "time": 9.699219}, {"$id": 18, "type": 0, "sounds": [{"w": 0.0, "d": 3.10094929, "p": 68, "v": 71}], "pos": 1.5, "size": 1.2, "_time": 9.699219, "shift": 0.0, "time": 9.699219}, {"$id": 19, "type": 0, "sounds": [{"w": 0.0, "d": 0.6000004, "p": 59, "v": 36}], "pos": 0.972222, "size": 1.0, "_time": 10.3984375, "shift": 0.0, "time": 10.3984375}, {"$id": 20, "type": 0, "sounds": [{"w": 0.0, "d": 0.6000004, "p": 56, "v": 41}], "pos": -0.7777784, "size": 1.0, "_time": 11.0, "shift": 0.0, "time": 11.0}, {"$id": 21, "type": 0, "sounds": [{"w": 0.0, "d": 0.6000004, "p": 59, "v": 30}], "pos": 0.9166672, "size": 1.0, "_time": 11.6015625, "shift": 0.0, "time": 11.6015625}, {"$id": 22, "type": 0, "sounds": [{"w": 0.0, "d": 0.6000004, "p": 56, "v": 46}], "pos": -0.888888955, "size": 1.0, "_time": 12.1992188, "shift": 0.0, "time": 12.1992188}, {"$id": 23, "type": 0, "sounds": [{"w": 0.0, "d": 1.20000076, "p": 47, "v": 53}], "pos": -0.5, "size": 1.2, "_time": 12.8007813, "shift": 0.0, "time": 12.8007813}, {"$id": 24, "type": 0, "sounds": [{"w": 0.0, "d": 0.6000004, "p": 69, "v": 72}], "pos": 1.5, "size": 1.2, "_time": 12.8007813, "shift": 0.0, "time": 12.8007813}, {"$id": 25, "type": 0, "sounds": [{"w": 0.0, "d": 0.6000004, "p": 69, "v": 72}], "pos": 1.5, "size": 1.2, "_time": 13.3984375, "shift": 0.0, "time": 13.3984375}, {"$id": 26, "type": 0, "sounds": [{"w": 0.0, "d": 0.6000004, "p": 59, "v": 50}], "pos": -0.5, "size": 1.2, "_time": 13.3984375, "shift": 0.0, "time": 13.3984375}, {"$id": 27, "type": 0, "sounds": [{"w": 0.0, "d": 0.6000004, "p": 47, "v": 49}], "pos": -1.69444442, "size": 1.2, "_time": 14.0, "shift": 0.0, "time": 14.0}, {"$id": 28, "type": 0, "sounds": [{"w": 0.0, "d": 0.6000004, "p": 68, "v": 61}], "pos": 0.2777784, "size": 1.2, "_time": 14.0, "shift": 0.0, "time": 14.0}, {"$id": 29, "type": 0, "sounds": [{"w": 0.0, "d": 1.88792324, "p": 73, "v": 88}], "pos": 0.9444444, "size": 1.2, "_time": 14.6015625, "shift": 0.0, "time": 14.6015625}, {"$id": 30, "type": 0, "sounds": [{"w": 0.0, "d": 0.6260872, "p": 69, "v": 47}], "pos": -0.194445372, "size": 1.0, "_time": 15.1992188, "shift": 0.0, "time": 15.1992188}, {"$id": 31, "type": 0, "sounds": [{"w": 0.0, "d": 0.7090244, "p": 71, "v": 68}], "pos": 1.5, "size": 1.1, "_time": 16.4882813, "shift": 0.0, "time": 16.4882813}, {"$id": 32, "type": 0, "sounds": [{"w": 0.0, "d": 0.675001144, "p": 69, "v": 75}], "pos": 0.7777769, "size": 1.1, "_time": 17.1953125, "shift": 0.0, "time": 17.1953125}, {"$id": 33, "type": 0, "sounds": [{"w": 0.0, "d": 0.6000004, "p": 68, "v": 77}], "pos": -0.111111164, "size": 1.1, "_time": 17.796875, "shift": 0.0, "time": 17.796875}, {"$id": 34, "type": 0, "sounds": [{"w": 0.0, "d": 0.6499996, "p": 63, "v": 67}], "pos": 0.38888967, "size": 1.1, "_time": 18.3984375, "shift": 0.0, "time": 18.3984375}, {"$id": 35, "type": 0, "sounds": [{"w": 0.0, "d": 0.6000004, "p": 56, "v": 55}], "pos": -1.63888955, "size": 1.1, "_time": 18.3984375, "shift": 0.0, "time": 18.3984375}, {"$id": 36, "type": 0, "sounds": [{"w": 0.0, "d": 0.6010189, "p": 47, "v": 54}], "pos": -1.0, "size": 1.1, "_time": 18.9960938, "shift": 0.0, "time": 18.9960938}, {"$id": 37, "type": 0, "sounds": [{"w": 0.0, "d": 0.6010189, "p": 64, "v": 57}], "pos": 1.13888884, "size": 1.1, "_time": 18.9960938, "shift": 0.0, "time": 18.9960938}, {"$id": 38, "type": 0, "sounds": [{"w": 0.0, "d": 2.38970375, "p": 35, "v": 53}], "pos": -0.388888836, "size": 1.1, "_time": 19.5976563, "shift": 0.0, "time": 19.5976563}, {"$id": 39, "type": 0, "sounds": [{"w": 0.0, "d": 2.96065521, "p": 66, "v": 70}], "pos": 1.833333, "size": 1.1, "_time": 19.5976563, "shift": 0.0, "time": 19.5976563}, {"$id": 40, "type": 0, "sounds": [{"w": 0.0, "d": 0.6057415, "p": 63, "v": 48}], "pos": 1.0, "size": 1.0, "_time": 20.2304688, "shift": 0.0, "time": 20.2304688}, {"$id": 41, "type": 0, "sounds": [{"w": 0.0, "d": 0.5832863, "p": 61, "v": 53}], "pos": -0.9444442, "size": 1.0, "_time": 20.8359375, "shift": 0.0, "time": 20.8359375}, {"$id": 42, "type": 0, "sounds": [{"w": 0.0, "d": 0.566719055, "p": 63, "v": 52}], "pos": 1.0, "size": 1.0, "_time": 21.421875, "shift": 0.0, "time": 21.421875}, {"$id": 43, "type": 0, "sounds": [{"w": 0.0, "d": 2.58010483, "p": 35, "v": 52}], "pos": 3.375, "size": 1.0, "_time": 21.9882813, "shift": 0.0, "time": 21.9882813}, {"$id": 44, "type": 0, "sounds": [{"w": 0.0, "d": 0.570951462, "p": 61, "v": 52}], "pos": -1.44444418, "size": 1.0, "_time": 21.9882813, "shift": 0.0, "time": 21.9882813}, {"$id": 45, "type": 0, "sounds": [{"w": 0.0, "d": 1.30839539, "p": 47, "v": 52}], "pos": -0.833332837, "size": 1.2, "_time": 22.5585938, "shift": 0.0, "time": 22.5585938}, {"$id": 46, "type": 0, "sounds": [{"w": 0.0, "d": 0.635416031, "p": 68, "v": 74}], "pos": 1.6111114, "size": 1.2, "_time": 22.5585938, "shift": 0.0, "time": 22.5585938}, {"$id": 47, "type": 0, "sounds": [{"w": 0.0, "d": 0.672979355, "p": 57, "v": 51}], "pos": -0.77777797, "size": 1.2, "_time": 23.1953125, "shift": 0.0, "time": 23.1953125}, {"$id": 48, "type": 0, "sounds": [{"w": 0.0, "d": 0.7582073, "p": 68, "v": 69}], "pos": 1.72222292, "size": 1.2, "_time": 23.1953125, "shift": 0.0, "time": 23.1953125}, {"$id": 49, "type": 0, "sounds": [{"w": 0.0, "d": 0.7900429, "p": 66, "v": 67}], "pos": 0.7222222, "size": 1.2, "_time": 23.8671875, "shift": 0.0, "time": 23.8671875}, {"$id": 50, "type": 0, "sounds": [{"w": 0.0, "d": 0.700758, "p": 47, "v": 51}], "pos": -1.6111114, "size": 1.2, "_time": 23.8671875, "shift": 0.0, "time": 23.8671875}, {"$id": 51, "type": 0, "sounds": [{"w": 0.0, "d": 3.088173, "p": 64, "v": 59}], "pos": -0.0277771354, "size": 1.2, "_time": 24.5664063, "shift": 0.0, "time": 24.5664063}, {"$id": 52, "type": 0, "sounds": [{"w": 0.0, "d": 3.088173, "p": 40, "v": 51}], "pos": -2.0, "size": 1.2, "_time": 24.5664063, "shift": 0.0, "time": 24.5664063}, {"$id": 53, "type": 0, "sounds": [{"w": 0.0, "d": 0.6545887, "p": 59, "v": 51}], "pos": 1.0, "size": 1.0, "_time": 25.3125, "shift": 0.0, "time": 25.3125}, {"$id": 54, "type": 0, "sounds": [{"w": 0.0, "d": 0.6727085, "p": 56, "v": 50}], "pos": -0.9722228, "size": 1.0, "_time": 25.96875, "shift": 0.0, "time": 25.96875}, {"$id": 55, "type": 0, "sounds": [{"w": 0.0, "d": 1.01534081, "p": 59, "v": 44}], "pos": 1.0, "size": 1.0, "_time": 26.640625, "shift": 0.0, "time": 26.640625}, {"$id": 56, "type": 0, "sounds": [{"w": 0.0, "d": 0.6228695, "p": 68, "v": 70}], "pos": -1.1944437, "size": 1.0, "_time": 27.65625, "shift": 0.0, "time": 27.65625}, {"$id": 57, "type": 0, "sounds": [{"w": 0.0, "d": 0.588235855, "p": 69, "v": 74}], "pos": 1.5, "size": 1.0, "_time": 28.2773438, "shift": 0.0, "time": 28.2773438}, {"$id": 58, "type": 0, "sounds": [{"w": 0.0, "d": 0.531475067, "p": 66, "v": 71}], "pos": -0.833333969, "size": 1.0, "_time": 28.8671875, "shift": 0.0, "time": 28.8671875}, {"$id": 59, "type": 0, "sounds": [{"w": 0.0, "d": 0.5374794, "p": 68, "v": 78}], "pos": 0.5000004, "size": 1.0, "_time": 29.3984375, "shift": 0.0, "time": 29.3984375}, {"$id": 60, "type": 0, "sounds": [{"w": 0.0, "d": 2.32399178, "p": 45, "v": 44}], "pos": -0.8055556, "size": 1.1, "_time": 29.9375, "shift": 0.0, "time": 29.9375}, {"$id": 61, "type": 0, "sounds": [{"w": 0.0, "d": 0.5574608, "p": 69, "v": 81}], "pos": 1.0, "size": 1.1, "_time": 29.9375, "shift": 0.0, "time": 29.9375}, {"$id": 62, "type": 0, "sounds": [{"w": 0.0, "d": 1.15242386, "p": 52, "v": 46}], "pos": -1.72222185, "size": 1.1, "_time": 30.4921875, "shift": 0.0, "time": 30.4921875}, {"$id": 63, "type": 0, "sounds": [{"w": 0.0, "d": 0.566038132, "p": 71, "v": 75}], "pos": 1.58333421, "size": 1.1, "_time": 30.4921875, "shift": 0.0, "time": 30.4921875}, {"$id": 64, "type": 0, "sounds": [{"w": 0.0, "d": 0.5863857, "p": 68, "v": 74}], "pos": 0.388888836, "size": 1.1, "_time": 31.0585938, "shift": 0.0, "time": 31.0585938}, {"$id": 65, "type": 0, "sounds": [{"w": 0.0, "d": 0.5863857, "p": 61, "v": 51}], "pos": -1.5, "size": 1.1, "_time": 31.0585938, "shift": 0.0, "time": 31.0585938}, {"$id": 66, "type": 0, "sounds": [{"w": 0.0, "d": 0.614107132, "p": 52, "v": 45}], "pos": -0.416667044, "size": 1.1, "_time": 31.6445313, "shift": 0.0, "time": 31.6445313}, {"$id": 67, "type": 0, "sounds": [{"w": 0.0, "d": 0.614107132, "p": 69, "v": 77}], "pos": 1.583333, "size": 1.1, "_time": 31.6445313, "shift": 0.0, "time": 31.6445313}, {"$id": 68, "type": 0, "sounds": [{"w": 0.0, "d": 2.13668823, "p": 45, "v": 56}], "pos": -1.27777863, "size": 1.2, "_time": 32.2578125, "shift": 0.0, "time": 32.2578125}, {"$id": 69, "type": 0, "sounds": [{"w": 0.0, "d": 0.529968262, "p": 61, "v": 52}, {"w": 0.0, "d": 1.05628586, "p": 73, "v": 86}], "pos": 1.86111176, "size": 1.2, "_time": 32.2578125, "shift": 0.0, "time": 32.2578125}, {"$id": 70, "type": 0, "sounds": [{"w": 0.0, "d": 0.5263176, "p": 64, "v": 52}, {"w": 0.0, "d": 1.061264, "p": 54, "v": 55}], "pos": -1.86111152, "size": 1.2, "_time": 32.7890625, "shift": 0.0, "time": 32.7890625}, {"$id": 71, "type": 0, "sounds": [{"w": 0.0, "d": 2.1767807, "p": 66, "v": 79}], "pos": 0.944444358, "size": 1.2, "_time": 33.3164063, "shift": 0.0, "time": 33.3164063}, {"$id": 72, "type": 0, "sounds": [{"w": 0.0, "d": 0.534946442, "p": 61, "v": 50}], "pos": -0.9722227, "size": 1.2, "_time": 33.3164063, "shift": 0.0, "time": 33.3164063}, {"$id": 73, "type": 0, "sounds": [{"w": 0.0, "d": 0.545455933, "p": 64, "v": 50}], "pos": 1.88888836, "size": 1.0, "_time": 33.8515625, "shift": 0.0, "time": 33.8515625}, {"$id": 74, "type": 0, "sounds": [{"w": 0.0, "d": 0.545455933, "p": 59, "v": 50}], "pos": -1.33333433, "size": 1.0, "_time": 34.39453, "shift": 0.0, "time": 34.39453}, {"$id": 75, "type": 0, "sounds": [{"w": 0.0, "d": 0.5509224, "p": 64, "v": 50}], "pos": 0.30555433, "size": 1.0, "_time": 34.9414063, "shift": 0.0, "time": 34.9414063}, {"$id": 76, "type": 0, "sounds": [{"w": 0.0, "d": 0.3009224, "p": 70, "v": 53}], "pos": 1.72222316, "size": 1.0, "_time": 35.3789063, "shift": 0.0, "time": 35.3789063}, {"$id": 77, "type": 0, "sounds": [{"w": 0.0, "d": 0.555553436, "p": 59, "v": 48}], "pos": -1.0, "size": 1.0, "_time": 35.4921875, "shift": 0.0, "time": 35.4921875}, {"$id": 78, "type": 0, "sounds": [{"w": 0.0, "d": 0.555553436, "p": 68, "v": 74}], "pos": 1.0, "size": 1.0, "_time": 35.4921875, "shift": 0.0, "time": 35.4921875}, {"$id": 79, "type": 0, "sounds": [{"w": 0.0, "d": 0.555557251, "p": 64, "v": 48}], "pos": 0.2777779, "size": 1.0, "_time": 36.046875, "shift": 0.0, "time": 36.046875}, {"$id": 80, "type": 0, "sounds": [{"w": 0.0, "d": 0.557739258, "p": 58, "v": 46}], "pos": -1.13888979, "size": 1.0, "_time": 36.60547, "shift": 0.0, "time": 36.60547}, {"$id": 81, "type": 0, "sounds": [{"w": 0.0, "d": 0.5660362, "p": 64, "v": 46}], "pos": 0.250000626, "size": 1.0, "_time": 37.1601563, "shift": 0.0, "time": 37.1601563}, {"$id": 82, "type": 0, "sounds": [{"w": 0.0, "d": 0.306602478, "p": 70, "v": 47}], "pos": 1.86111081, "size": 1.0, "_time": 37.609375, "shift": 0.0, "time": 37.609375}, {"$id": 83, "type": 0, "sounds": [{"w": 0.0, "d": 0.569664, "p": 58, "v": 46}], "pos": -0.6111107, "size": 1.0, "_time": 37.7265625, "shift": 0.0, "time": 37.7265625}, {"$id": 84, "type": 0, "sounds": [{"w": 0.0, "d": 0.569664, "p": 68, "v": 71}], "pos": 1.19444466, "size": 1.0, "_time": 37.7265625, "shift": 0.0, "time": 37.7265625}, {"$id": 85, "type": 0, "sounds": [{"w": 0.0, "d": 0.7251587, "p": 64, "v": 46}], "pos": -1.41666722, "size": 1.0, "_time": 38.296875, "shift": 0.0, "time": 38.296875}, {"$id": 86, "type": 0, "sounds": [{"w": 0.0, "d": 3.09581, "p": 47, "v": 37}], "pos": -0.6111109, "size": 1.2, "_time": 39.0234375, "shift": 0.0, "time": 39.0234375}, {"$id": 87, "type": 0, "sounds": [{"w": 0.0, "d": 3.24003983, "p": 71, "v": 69}], "pos": 1.6111114, "size": 1.2, "_time": 39.0234375, "shift": 0.0, "time": 39.0234375}, {"$id": 88, "type": 0, "sounds": [{"w": 0.0, "d": 0.615100861, "p": 59, "v": 36}], "pos": 0.305555344, "size": 1.0, "_time": 39.6601563, "shift": 0.0, "time": 39.6601563}, {"$id": 89, "type": 0, "sounds": [{"w": 0.0, "d": 0.752094269, "p": 57, "v": 41}], "pos": -0.55555594, "size": 1.0, "_time": 40.2734375, "shift": 0.0, "time": 40.2734375}, {"$id": 90, "type": 0, "sounds": [{"w": 0.0, "d": 1.09159851, "p": 59, "v": 33}], "pos": 0.305555344, "size": 1.0, "_time": 41.0273438, "shift": 0.0, "time": 41.0273438}, {"$id": 91, "type": 0, "sounds": [{"w": 0.0, "d": 1.59925461, "p": 64, "v": 67}, {"w": 0.0, "d": 1.59925461, "p": 68, "v": 60}], "pos": 1.5, "size": 1.30000007, "_time": 42.1171875, "shift": 0.0, "time": 42.1171875}, {"$id": 92, "type": 0, "sounds": [{"w": 0.0, "d": 2.826645, "p": 40, "v": 33}], "pos": -1.5, "size": 1.30000007, "_time": 42.1171875, "shift": 0.0, "time": 42.1171875}, {"$id": 93, "type": 0, "sounds": [{"w": 0.0, "d": 0.6605873, "p": 59, "v": 32}], "pos": -1.58333445, "size": 1.0, "_time": 43.0585938, "shift": 0.0, "time": 43.0585938}, {"$id": 94, "type": 0, "sounds": [{"w": 0.0, "d": 0.6720352, "p": 63, "v": 56}], "pos": 0.02777791, "size": 1.1, "_time": 43.71875, "shift": 0.0, "time": 43.71875}, {"$id": 95, "type": 0, "sounds": [{"w": 0.0, "d": 0.621013641, "p": 56, "v": 32}], "pos": -1.97222209, "size": 1.1, "_time": 43.71875, "shift": 0.0, "time": 43.71875}, {"$id": 96, "type": 0, "sounds": [{"w": 0.0, "d": 0.6813736, "p": 64, "v": 58}], "pos": 0.861110449, "size": 1.1, "_time": 44.3398438, "shift": 0.0, "time": 44.3398438}, {"$id": 97, "type": 0, "sounds": [{"w": 0.0, "d": 0.606376648, "p": 47, "v": 46}], "pos": -1.0, "size": 1.1, "_time": 44.3398438, "shift": 0.0, "time": 44.3398438}, {"$id": 98, "type": 0, "sounds": [{"w": 0.0, "d": 2.32115173, "p": 35, "v": 46}], "pos": -0.166666746, "size": 1.1, "_time": 44.9453125, "shift": 0.0, "time": 44.9453125}, {"$id": 99, "type": 0, "sounds": [{"w": 0.0, "d": 2.910244, "p": 66, "v": 56}], "pos": 1.75000048, "size": 1.1, "_time": 44.9453125, "shift": 0.0, "time": 44.9453125}, {"$id": 100, "type": 0, "sounds": [{"w": 0.0, "d": 0.5769234, "p": 59, "v": 33}], "pos": 1.36111188, "size": 1.0, "_time": 45.5351563, "shift": 0.0, "time": 45.5351563}, {"$id": 101, "type": 0, "sounds": [{"w": 0.0, "d": 0.5769234, "p": 57, "v": 36}], "pos": -0.5, "size": 1.0, "_time": 46.11328, "shift": 0.0, "time": 46.11328}, {"$id": 102, "type": 0, "sounds": [{"w": 0.0, "d": 0.5769234, "p": 59, "v": 33}], "pos": 1.36111069, "size": 1.0, "_time": 46.6875, "shift": 0.0, "time": 46.6875}, {"$id": 103, "type": 0, "sounds": [{"w": 0.0, "d": 0.589092255, "p": 57, "v": 40}], "pos": -0.583332956, "size": 1.0, "_time": 47.265625, "shift": 0.0, "time": 47.265625}, {"$id": 104, "type": 0, "sounds": [{"w": 0.0, "d": 0.6326523, "p": 68, "v": 67}], "pos": 1.0, "size": 1.1, "_time": 47.85547, "shift": 0.0, "time": 47.85547}, {"$id": 105, "type": 0, "sounds": [{"w": 0.0, "d": 0.7957649, "p": 68, "v": 65}], "pos": 1.0, "size": 1.1, "_time": 48.48828, "shift": 0.0, "time": 48.48828}, {"$id": 106, "type": 0, "sounds": [{"w": 0.0, "d": 0.8893242, "p": 66, "v": 60}], "pos": -0.861110568, "size": 1.1, "_time": 49.1914063, "shift": 0.0, "time": 49.1914063}, {"$id": 107, "type": 0, "sounds": [{"w": 0.0, "d": 2.473301, "p": 40, "v": 37}], "pos": -1.5, "size": 1.2, "_time": 49.9648438, "shift": 0.0, "time": 49.9648438}, {"$id": 108, "type": 0, "sounds": [{"w": 0.0, "d": 3.06653976, "p": 68, "v": 67}], "pos": 1.5, "size": 1.2, "_time": 49.9648438, "shift": 0.0, "time": 49.9648438}, {"$id": 109, "type": 0, "sounds": [{"w": 0.0, "d": 0.612243652, "p": 59, "v": 36}], "pos": 0.5, "size": 1.0, "_time": 50.625, "shift": 0.0, "time": 50.625}, {"$id": 110, "type": 0, "sounds": [{"w": 0.0, "d": 0.612243652, "p": 56, "v": 41}], "pos": -0.5, "size": 1.0, "_time": 51.23828, "shift": 0.0, "time": 51.23828}, {"$id": 111, "type": 0, "sounds": [{"w": 0.0, "d": 0.5887375, "p": 59, "v": 30}], "pos": 1.0, "size": 1.0, "_time": 51.8515625, "shift": 0.0, "time": 51.8515625}, {"$id": 112, "type": 0, "sounds": [{"w": 0.0, "d": 0.593238831, "p": 56, "v": 48}], "pos": -0.277777553, "size": 1.0, "_time": 52.4375, "shift": 0.0, "time": 52.4375}, {"$id": 113, "type": 0, "sounds": [{"w": 0.0, "d": 1.2244873, "p": 47, "v": 52}], "pos": -0.333333015, "size": 1.2, "_time": 53.03125, "shift": 0.0, "time": 53.03125}, {"$id": 114, "type": 0, "sounds": [{"w": 0.0, "d": 0.612243652, "p": 69, "v": 76}], "pos": 1.69444442, "size": 1.2, "_time": 53.03125, "shift": 0.0, "time": 53.03125}, {"$id": 115, "type": 0, "sounds": [{"w": 0.0, "d": 0.6887741, "p": 69, "v": 71}], "pos": 1.75000024, "size": 1.2, "_time": 53.64453, "shift": 0.0, "time": 53.64453}, {"$id": 116, "type": 0, "sounds": [{"w": 0.0, "d": 0.612243652, "p": 59, "v": 37}], "pos": -0.277777076, "size": 1.2, "_time": 53.64453, "shift": 0.0, "time": 53.64453}, {"$id": 117, "type": 0, "sounds": [{"w": 0.0, "d": 0.612243652, "p": 68, "v": 68}], "pos": -1.83333349, "size": 1.2, "_time": 54.2578125, "shift": 0.0, "time": 54.2578125}, {"$id": 118, "type": 0, "sounds": [{"w": 0.0, "d": 1.93054581, "p": 73, "v": 80}], "pos": 2.0, "size": 1.2, "_time": 54.8671875, "shift": 0.0, "time": 54.8671875}, {"$id": 119, "type": 0, "sounds": [{"w": 0.0, "d": 2.60226059, "p": 35, "v": 53}], "pos": -1.16666627, "size": 1.2, "_time": 54.8671875, "shift": 0.0, "time": 54.8671875}, {"$id": 120, "type": 0, "sounds": [{"w": 0.0, "d": 0.638298035, "p": 69, "v": 48}], "pos": 1.5, "size": 1.0, "_time": 55.5039063, "shift": 0.0, "time": 55.5039063}, {"$id": 121, "type": 0, "sounds": [{"w": 0.0, "d": 0.6572075, "p": 59, "v": 37}], "pos": 0.0, "size": 1.0, "_time": 56.140625, "shift": 0.0, "time": 56.140625}, {"$id": 122, "type": 0, "sounds": [{"w": 0.0, "d": 0.6717148, "p": 47, "v": 40}], "pos": -0.749999762, "size": 1.2, "_time": 56.80078, "shift": 0.0, "time": 56.80078}, {"$id": 123, "type": 0, "sounds": [{"w": 0.0, "d": 0.6717148, "p": 71, "v": 67}], "pos": 1.583334, "size": 1.2, "_time": 56.80078, "shift": 0.0, "time": 56.80078}, {"$id": 124, "type": 0, "sounds": [{"w": 0.0, "d": 2.41494751, "p": 40, "v": 48}], "pos": -1.24999976, "size": 1.1, "_time": 57.4726563, "shift": 0.0, "time": 57.4726563}, {"$id": 125, "type": 0, "sounds": [{"w": 0.0, "d": 0.6867027, "p": 69, "v": 72}], "pos": 0.6111105, "size": 1.1, "_time": 57.4726563, "shift": 0.0, "time": 57.4726563}, {"$id": 126, "type": 0, "sounds": [{"w": 0.0, "d": 1.15686035, "p": 47, "v": 44}], "pos": -2.0, "size": 1.1, "_time": 58.11328, "shift": 0.0, "time": 58.11328}, {"$id": 127, "type": 0, "sounds": [{"w": 0.0, "d": 0.5637245, "p": 68, "v": 66}], "pos": 0.888888657, "size": 1.1, "_time": 58.11328, "shift": 0.0, "time": 58.11328}, {"$id": 128, "type": 0, "sounds": [{"w": 0.0, "d": 0.6431351, "p": 63, "v": 57}], "pos": -1.13888931, "size": 1.1, "_time": 58.67578, "shift": 0.0, "time": 58.67578}, {"$id": 129, "type": 0, "sounds": [{"w": 0.0, "d": 0.6720276, "p": 64, "v": 57}], "pos": -0.138889551, "size": 1.1, "_time": 59.26953, "shift": 0.0, "time": 59.26953}, {"$id": 130, "type": 0, "sounds": [{"w": 0.0, "d": 3.0896492, "p": 66, "v": 70}], "pos": 1.5, "size": 1.2, "_time": 59.88672, "shift": 0.0, "time": 59.88672}, {"$id": 131, "type": 0, "sounds": [{"w": 0.0, "d": 2.46495056, "p": 35, "v": 48}], "pos": -0.611110866, "size": 1.2, "_time": 59.88672, "shift": 0.0, "time": 59.88672}, {"$id": 132, "type": 0, "sounds": [{"w": 0.0, "d": 0.6013565, "p": 63, "v": 46}], "pos": 1.1388886, "size": 1.0, "_time": 60.53125, "shift": 0.0, "time": 60.53125}, {"$id": 133, "type": 0, "sounds": [{"w": 0.0, "d": 0.5844345, "p": 61, "v": 46}], "pos": -0.5, "size": 1.0, "_time": 61.1328125, "shift": 0.0, "time": 61.1328125}, {"$id": 134, "type": 0, "sounds": [{"w": 0.0, "d": 0.6337776, "p": 63, "v": 46}], "pos": 1.1388886, "size": 1.0, "_time": 61.71875, "shift": 0.0, "time": 61.71875}, {"$id": 135, "type": 0, "sounds": [{"w": 0.0, "d": 2.53905487, "p": 35, "v": 46}], "pos": 3.375, "size": 1.0, "_time": 62.3515625, "shift": 0.0, "time": 62.3515625}, {"$id": 136, "type": 0, "sounds": [{"w": 0.0, "d": 0.624698639, "p": 61, "v": 44}], "pos": -0.5, "size": 1.0, "_time": 62.3515625, "shift": 0.0, "time": 62.3515625}, {"$id": 137, "type": 0, "sounds": [{"w": 0.0, "d": 1.2760582, "p": 47, "v": 44}], "pos": -0.8333339, "size": 1.1, "_time": 62.9765625, "shift": 0.0, "time": 62.9765625}, {"$id": 138, "type": 0, "sounds": [{"w": 0.0, "d": 0.637756348, "p": 68, "v": 67}], "pos": 1.69444454, "size": 1.1, "_time": 62.9765625, "shift": 0.0, "time": 62.9765625}, {"$id": 139, "type": 0, "sounds": [{"w": 0.0, "d": 0.691494, "p": 68, "v": 69}], "pos": 1.52777827, "size": 1.1, "_time": 63.61328, "shift": 0.0, "time": 63.61328}, {"$id": 140, "type": 0, "sounds": [{"w": 0.0, "d": 0.7446823, "p": 66, "v": 65}], "pos": 0.444443345, "size": 1.1, "_time": 64.25, "shift": 0.0, "time": 64.25}, {"$id": 141, "type": 0, "sounds": [{"w": 0.0, "d": 0.638298035, "p": 47, "v": 44}], "pos": -1.5, "size": 1.1, "_time": 64.25, "shift": 0.0, "time": 64.25}, {"$id": 142, "type": 0, "sounds": [{"w": 0.0, "d": 2.78360748, "p": 64, "v": 59}], "pos": -0.194444433, "size": 1.2, "_time": 64.890625, "shift": 0.0, "time": 64.890625}, {"$id": 143, "type": 0, "sounds": [{"w": 0.0, "d": 2.78360748, "p": 40, "v": 42}], "pos": -2.0, "size": 1.2, "_time": 64.890625, "shift": 0.0, "time": 64.890625}, {"$id": 144, "type": 0, "sounds": [{"w": 0.0, "d": 0.650115967, "p": 59, "v": 35}], "pos": 0.5, "size": 1.0, "_time": 65.52734, "shift": 0.0, "time": 65.52734}, {"$id": 145, "type": 0, "sounds": [{"w": 0.0, "d": 0.74370575, "p": 56, "v": 42}], "pos": -0.5, "size": 1.0, "_time": 66.17969, "shift": 0.0, "time": 66.17969}, {"$id": 146, "type": 0, "sounds": [{"w": 0.0, "d": 0.751487732, "p": 59, "v": 34}], "pos": 0.5, "size": 1.0, "_time": 66.921875, "shift": 0.0, "time": 66.921875}, {"$id": 147, "type": 0, "sounds": [{"w": 0.0, "d": 2.46031952, "p": 40, "v": 39}], "pos": -1.13888884, "size": 1.1, "_time": 67.671875, "shift": 0.0, "time": 67.671875}, {"$id": 148, "type": 0, "sounds": [{"w": 0.0, "d": 0.6484909, "p": 71, "v": 64}], "pos": 1.0, "size": 1.1, "_time": 67.671875, "shift": 0.0, "time": 67.671875}, {"$id": 149, "type": 0, "sounds": [{"w": 0.0, "d": 1.230896, "p": 52, "v": 39}], "pos": -0.194443792, "size": 1.1, "_time": 68.32031, "shift": 0.0, "time": 68.32031}, {"$id": 150, "type": 0, "sounds": [{"w": 0.0, "d": 0.6301575, "p": 73, "v": 69}], "pos": 2.0, "size": 1.1, "_time": 68.32031, "shift": 0.0, "time": 68.32031}, {"$id": 151, "type": 0, "sounds": [{"w": 0.0, "d": 0.6007385, "p": 73, "v": 74}], "pos": 2.0, "size": 1.1, "_time": 68.953125, "shift": 0.0, "time": 68.953125}, {"$id": 152, "type": 0, "sounds": [{"w": 0.0, "d": 0.6007385, "p": 62, "v": 48}], "pos": -0.194443792, "size": 1.1, "_time": 68.953125, "shift": 0.0, "time": 68.953125}, {"$id": 153, "type": 0, "sounds": [{"w": 0.0, "d": 0.5809326, "p": 52, "v": 40}], "pos": -0.277778268, "size": 1.1, "_time": 69.55469, "shift": 0.0, "time": 69.55469}, {"$id": 154, "type": 0, "sounds": [{"w": 0.0, "d": 0.5809326, "p": 71, "v": 78}], "pos": 1.16666746, "size": 1.1, "_time": 69.55469, "shift": 0.0, "time": 69.55469}, {"$id": 155, "type": 0, "sounds": [{"w": 0.0, "d": 0.559555054, "p": 69, "v": 79}], "pos": -0.722222567, "size": 1.0, "_time": 70.13281, "shift": 0.0, "time": 70.13281}, {"$id": 156, "type": 0, "sounds": [{"w": 0.0, "d": 0.5361252, "p": 71, "v": 80}], "pos": 1.47222245, "size": 1.0, "_time": 70.69531, "shift": 0.0, "time": 70.69531}, {"$id": 157, "type": 0, "sounds": [{"w": 0.0, "d": 0.5357208, "p": 68, "v": 81}], "pos": -1.80555642, "size": 1.1, "_time": 71.23047, "shift": 0.0, "time": 71.23047}, {"$id": 158, "type": 0, "sounds": [{"w": 0.0, "d": 0.5357132, "p": 69, "v": 78}], "pos": -0.08333397, "size": 1.1, "_time": 71.765625, "shift": 0.0, "time": 71.765625}, {"$id": 159, "type": 0, "sounds": [{"w": 0.0, "d": 2.14285278, "p": 44, "v": 44}], "pos": -0.833333731, "size": 1.2, "_time": 72.30078, "shift": 0.0, "time": 72.30078}, {"$id": 160, "type": 0, "sounds": [{"w": 0.0, "d": 0.5357132, "p": 75, "v": 80}], "pos": 0.8888895, "size": 1.2, "_time": 72.30078, "shift": 0.0, "time": 72.30078}, {"$id": 161, "type": 0, "sounds": [{"w": 0.0, "d": 1.07142639, "p": 56, "v": 44}], "pos": -1.52777743, "size": 1.2, "_time": 72.83594, "shift": 0.0, "time": 72.83594}, {"$id": 162, "type": 0, "sounds": [{"w": 0.0, "d": 0.5357132, "p": 76, "v": 85}], "pos": 1.638889, "size": 1.2, "_time": 72.83594, "shift": 0.0, "time": 72.83594}, {"$id": 163, "type": 0, "sounds": [{"w": 0.0, "d": 0.5357132, "p": 66, "v": 56}], "pos": -1.63888872, "size": 1.2, "_time": 73.37109, "shift": 0.0, "time": 73.37109}, {"$id": 164, "type": 0, "sounds": [{"w": 0.0, "d": 0.5357132, "p": 76, "v": 85}], "pos": 1.69444358, "size": 1.2, "_time": 73.37109, "shift": 0.0, "time": 73.37109}, {"$id": 165, "type": 0, "sounds": [{"w": 0.0, "d": 0.5357132, "p": 56, "v": 46}], "pos": -0.7499998, "size": 1.2, "_time": 73.90625, "shift": 0.0, "time": 73.90625}, {"$id": 166, "type": 0, "sounds": [{"w": 0.0, "d": 0.5357132, "p": 75, "v": 82}], "pos": 1.0, "size": 1.2, "_time": 73.90625, "shift": 0.0, "time": 73.90625}, {"$id": 167, "type": 0, "sounds": [{"w": 0.0, "d": 2.30667114, "p": 49, "v": 46}], "pos": -2.0, "size": 1.1, "_time": 74.44531, "shift": 0.0, "time": 74.44531}, {"$id": 168, "type": 0, "sounds": [{"w": 0.0, "d": 0.537132263, "p": 73, "v": 82}], "pos": -0.111111343, "size": 1.1, "_time": 74.44531, "shift": 0.0, "time": 74.44531}, {"$id": 169, "type": 0, "sounds": [{"w": 0.0, "d": 1.13762665, "p": 56, "v": 46}], "pos": -0.5, "size": 1.1, "_time": 74.98047, "shift": 0.0, "time": 74.98047}, {"$id": 170, "type": 0, "sounds": [{"w": 0.0, "d": 0.5552902, "p": 75, "v": 86}], "pos": 1.52777815, "size": 1.1, "_time": 74.98047, "shift": 0.0, "time": 74.98047}, {"$id": 171, "type": 0, "sounds": [{"w": 0.0, "d": 0.5823364, "p": 72, "v": 76}], "pos": 0.5, "size": 1.1, "_time": 75.53516, "shift": 0.0, "time": 75.53516}, {"$id": 172, "type": 0, "sounds": [{"w": 0.0, "d": 0.5823364, "p": 64, "v": 55}], "pos": -1.44444406, "size": 1.1, "_time": 75.53516, "shift": 0.0, "time": 75.53516}, {"$id": 173, "type": 0, "sounds": [{"w": 0.0, "d": 0.631912231, "p": 56, "v": 48}], "pos": -0.6944438, "size": 1.1, "_time": 76.11719, "shift": 0.0, "time": 76.11719}, {"$id": 174, "type": 0, "sounds": [{"w": 0.0, "d": 0.631912231, "p": 73, "v": 79}], "pos": 1.27777779, "size": 1.1, "_time": 76.11719, "shift": 0.0, "time": 76.11719}, {"$id": 175, "type": 0, "sounds": [{"w": 0.0, "d": 0.5573349, "p": 52, "v": 50}, {"w": 0.0, "d": 0.5573349, "p": 49, "v": 50}, {"w": 0.0, "d": 0.5573349, "p": 58, "v": 39}, {"w": 0.0, "d": 0.5573349, "p": 54, "v": 50}], "pos": -2.0, "size": 1.2, "_time": 76.75, "shift": 0.0, "time": 76.75}, {"$id": 176, "type": 0, "sounds": [{"w": 0.0, "d": 0.5573349, "p": 64, "v": 54}, {"w": 0.0, "d": 0.5573349, "p": 70, "v": 51}, {"w": 0.0, "d": 0.5573349, "p": 76, "v": 86}], "pos": 0.305555582, "size": 1.2, "_time": 76.75, "shift": 0.0, "time": 76.75}, {"$id": 177, "type": 0, "sounds": [{"w": 0.0, "d": 0.5239105, "p": 49, "v": 50}, {"w": 0.0, "d": 0.5239105, "p": 52, "v": 50}, {"w": 0.0, "d": 0.5239105, "p": 58, "v": 40}, {"w": 0.0, "d": 0.5239105, "p": 54, "v": 50}], "pos": -2.0, "size": 1.2, "_time": 77.30859, "shift": 0.0, "time": 77.30859}, {"$id": 178, "type": 0, "sounds": [{"w": 0.0, "d": 0.5239105, "p": 70, "v": 52}, {"w": 0.0, "d": 0.5239105, "p": 66, "v": 55}, {"w": 0.0, "d": 0.5239105, "p": 78, "v": 89}], "pos": 1.5, "size": 1.2, "_time": 77.30859, "shift": 0.0, "time": 77.30859}, {"$id": 179, "type": 0, "sounds": [{"w": 0.0, "d": 0.505828857, "p": 54, "v": 51}, {"w": 0.0, "d": 0.505828857, "p": 52, "v": 51}, {"w": 0.0, "d": 0.505828857, "p": 49, "v": 51}, {"w": 0.0, "d": 0.505828857, "p": 58, "v": 42}], "pos": -1.5, "size": 1.2, "_time": 77.83203, "shift": 0.0, "time": 77.83203}, {"$id": 180, "type": 0, "sounds": [{"w": 0.0, "d": 0.505828857, "p": 63, "v": 57}, {"w": 0.0, "d": 0.505828857, "p": 70, "v": 53}, {"w": 0.0, "d": 0.505828857, "p": 75, "v": 91}], "pos": 0.388889551, "size": 1.2, "_time": 77.83203, "shift": 0.0, "time": 77.83203}, {"$id": 181, "type": 0, "sounds": [{"w": 0.0, "d": 0.496070862, "p": 52, "v": 51}, {"w": 0.0, "d": 0.496070862, "p": 49, "v": 51}, {"w": 0.0, "d": 0.496070862, "p": 58, "v": 42}, {"w": 0.0, "d": 0.496070862, "p": 54, "v": 51}], "pos": -1.0, "size": 1.30000007, "_time": 78.33594, "shift": 0.0, "time": 78.33594}, {"$id": 182, "type": 0, "sounds": [{"w": 0.0, "d": 0.496070862, "p": 64, "v": 58}, {"w": 0.0, "d": 0.496070862, "p": 70, "v": 54}, {"w": 0.0, "d": 0.496070862, "p": 76, "v": 95}], "pos": 1.02777743, "size": 1.30000007, "_time": 78.33594, "shift": 0.0, "time": 78.33594}, {"$id": 183, "type": 0, "sounds": [{"w": 0.0, "d": 0.477226257, "p": 52, "v": 52}, {"w": 0.0, "d": 0.477226257, "p": 48, "v": 52}, {"w": 0.0, "d": 0.477226257, "p": 58, "v": 44}, {"w": 0.0, "d": 0.477226257, "p": 54, "v": 52}], "pos": -0.8055555, "size": 1.4000001, "_time": 78.83203, "shift": 0.0, "time": 78.83203}, {"$id": 184, "type": 0, "sounds": [{"w": 0.0, "d": 0.477226257, "p": 66, "v": 60}, {"w": 0.0, "d": 0.477226257, "p": 70, "v": 54}, {"w": 0.0, "d": 0.477226257, "p": 78, "v": 96}], "pos": 0.9722226, "size": 1.4000001, "_time": 78.83203, "shift": 0.0, "time": 78.83203}, {"$id": 185, "type": 0, "sounds": [{"w": 0.0, "d": 0.492836, "p": 52, "v": 52}, {"w": 0.0, "d": 0.492836, "p": 48, "v": 52}, {"w": 0.0, "d": 0.492836, "p": 58, "v": 44}, {"w": 0.0, "d": 0.492836, "p": 54, "v": 52}], "pos": -2.0, "size": 1.30000007, "_time": 79.3125, "shift": 0.0, "time": 79.3125}, {"$id": 186, "type": 0, "sounds": [{"w": 0.0, "d": 0.492836, "p": 68, "v": 59}, {"w": 0.0, "d": 0.492836, "p": 70, "v": 55}, {"w": 0.0, "d": 0.492836, "p": 80, "v": 97}], "pos": 1.5, "size": 1.30000007, "_time": 79.3125, "shift": 0.0, "time": 79.3125}, {"$id": 187, "type": 0, "sounds": [{"w": 0.0, "d": 0.5727005, "p": 52, "v": 52}, {"w": 0.0, "d": 0.5727005, "p": 48, "v": 52}, {"w": 0.0, "d": 0.5727005, "p": 58, "v": 46}, {"w": 0.0, "d": 0.5727005, "p": 54, "v": 52}], "pos": -1.5, "size": 1.4000001, "_time": 79.80469, "shift": 0.0, "time": 79.80469}, {"$id": 188, "type": 0, "sounds": [{"w": 0.0, "d": 0.5727005, "p": 64, "v": 61}, {"w": 0.0, "d": 0.5727005, "p": 70, "v": 61}, {"w": 0.0, "d": 0.5727005, "p": 76, "v": 97}], "pos": 0.77777797, "size": 1.4000001, "_time": 79.80469, "shift": 0.0, "time": 79.80469}, {"$id": 189, "type": 0, "sounds": [{"w": 0.0, "d": 0.7237854, "p": 52, "v": 52}, {"w": 0.0, "d": 0.7237854, "p": 48, "v": 52}, {"w": 0.0, "d": 0.7237854, "p": 58, "v": 48}, {"w": 0.0, "d": 0.7237854, "p": 54, "v": 52}], "pos": -0.749999762, "size": 1.49999988, "_time": 80.375, "shift": 0.0, "time": 80.375}, {"$id": 190, "type": 0, "sounds": [{"w": 0.0, "d": 0.7237854, "p": 66, "v": 61}, {"w": 0.0, "d": 0.7237854, "p": 70, "v": 55}, {"w": 0.0, "d": 0.7237854, "p": 78, "v": 98}], "pos": 1.5, "size": 1.49999988, "_time": 80.375, "shift": 0.0, "time": 80.375}, {"$id": 191, "type": 0, "sounds": [{"w": 0.0, "d": 5.14950562, "p": 52, "v": 42}, {"w": 0.0, "d": 5.14950562, "p": 47, "v": 53}, {"w": 0.0, "d": 5.14950562, "p": 59, "v": 53}, {"w": 0.0, "d": 5.14950562, "p": 56, "v": 42}], "pos": -1.2499994, "size": 2.0, "_time": 81.15234, "shift": 0.0, "time": 81.15234}, {"$id": 192, "type": 0, "sounds": [{"w": 0.0, "d": 0.5642853, "p": 68, "v": 64}, {"w": 0.0, "d": 2.19115448, "p": 76, "v": 57}, {"w": 0.0, "d": 2.78092957, "p": 80, "v": 100}], "pos": 1.25000048, "size": 2.0, "_time": 81.15234, "shift": 0.0, "time": 81.15234}, {"$id": 193, "type": 0, "sounds": [{"w": 0.0, "d": 0.548942566, "p": 71, "v": 63}], "pos": 1.69444454, "size": 0.9, "_time": 81.71484, "shift": 0.0, "time": 81.71484}, {"$id": 194, "type": 0, "sounds": [{"w": 0.0, "d": 0.5357132, "p": 68, "v": 63}], "pos": 0.111111224, "size": 0.9, "_time": 82.265625, "shift": 0.0, "time": 82.265625}, {"$id": 195, "type": 0, "sounds": [{"w": 0.0, "d": 0.54221344, "p": 71, "v": 63}], "pos": 1.69444454, "size": 0.9, "_time": 82.80078, "shift": 0.0, "time": 82.80078}, {"$id": 196, "type": 0, "sounds": [{"w": 0.0, "d": 0.5897751, "p": 68, "v": 61}], "pos": 0.111111224, "size": 0.9, "_time": 83.34375, "shift": 0.0, "time": 83.34375}, {"$id": 197, "type": 0, "sounds": [{"w": 0.0, "d": 0.6626816, "p": 71, "v": 61}], "pos": -1.22222209, "size": 1.0, "_time": 83.93359, "shift": 0.0, "time": 83.93359}, {"$id": 198, "type": 0, "sounds": [{"w": 0.0, "d": 0.6626816, "p": 78, "v": 82}], "pos": 1.74999928, "size": 1.0, "_time": 83.93359, "shift": 0.0, "time": 83.93359}, {"$id": 199, "type": 0, "sounds": [{"w": 0.0, "d": 0.897071838, "p": 76, "v": 76}], "pos": 0.8888885, "size": 1.0, "_time": 84.59375, "shift": 0.0, "time": 84.59375}, {"$id": 200, "type": 0, "sounds": [{"w": 0.0, "d": 0.823539734, "p": 68, "v": 60}], "pos": -1.361112, "size": 1.0, "_time": 84.59375, "shift": 0.0, "time": 84.59375}, {"$id": 201, "type": 0, "sounds": [{"w": 0.0, "d": 1.01954651, "p": 73, "v": 73}], "pos": 1.63912773e-07, "size": 1.0, "_time": 85.41797, "shift": 0.0, "time": 85.41797}, {"$id": 202, "type": 0, "sounds": [{"w": 0.0, "d": 0.882354736, "p": 71, "v": 60}], "pos": -1.16666615, "size": 1.0, "_time": 85.41797, "shift": 0.0, "time": 85.41797}, {"$id": 203, "type": 0, "sounds": [{"w": 0.0, "d": 2.3477478, "p": 75, "v": 84}], "pos": 1.5, "size": 1.1, "_time": 86.30078, "shift": 0.0, "time": 86.30078}, {"$id": 204, "type": 0, "sounds": [{"w": 0.0, "d": 0.709754944, "p": 54, "v": 52}], "pos": -1.5, "size": 1.1, "_time": 86.30078, "shift": 0.0, "time": 86.30078}, {"$id": 205, "type": 0, "sounds": [{"w": 0.0, "d": 0.5818176, "p": 66, "v": 59}], "pos": 0.5, "size": 1.0, "_time": 87.01172, "shift": 0.0, "time": 87.01172}, {"$id": 206, "type": 0, "sounds": [{"w": 0.0, "d": 0.5275116, "p": 63, "v": 58}], "pos": -0.5, "size": 1.0, "_time": 87.59375, "shift": 0.0, "time": 87.59375}, {"$id": 207, "type": 0, "sounds": [{"w": 0.0, "d": 0.528663635, "p": 66, "v": 58}], "pos": 0.5, "size": 1.0, "_time": 88.12109, "shift": 0.0, "time": 88.12109}, {"$id": 208, "type": 0, "sounds": [{"w": 0.0, "d": 0.5599594, "p": 76, "v": 88}], "pos": 1.5, "size": 1.2, "_time": 88.64844, "shift": 0.0, "time": 88.64844}, {"$id": 209, "type": 0, "sounds": [{"w": 0.0, "d": 0.527633667, "p": 49, "v": 51}], "pos": -1.5, "size": 1.2, "_time": 88.64844, "shift": 0.0, "time": 88.64844}, {"$id": 210, "type": 0, "sounds": [{"w": 0.0, "d": 0.5342865, "p": 56, "v": 50}], "pos": -1.0, "size": 1.1, "_time": 89.17578, "shift": 0.0, "time": 89.17578}, {"$id": 211, "type": 0, "sounds": [{"w": 0.0, "d": 0.5342865, "p": 75, "v": 88}], "pos": 1.0, "size": 1.1, "_time": 89.17578, "shift": 0.0, "time": 89.17578}, {"$id": 212, "type": 0, "sounds": [{"w": 0.0, "d": 0.579223633, "p": 44, "v": 50}], "pos": -1.63888788, "size": 1.1, "_time": 89.71094, "shift": 0.0, "time": 89.71094}, {"$id": 213, "type": 0, "sounds": [{"w": 0.0, "d": 0.579223633, "p": 73, "v": 81}], "pos": 0.194445252, "size": 1.1, "_time": 89.71094, "shift": 0.0, "time": 89.71094}, {"$id": 214, "type": 0, "sounds": [{"w": 0.0, "d": 0.6569748, "p": 68, "v": 64}], "pos": -2.0, "size": 1.0, "_time": 90.28906, "shift": 0.0, "time": 90.28906}, {"$id": 215, "type": 0, "sounds": [{"w": 0.0, "d": 2.16931915, "p": 71, "v": 70}], "pos": 1.80555511, "size": 1.2, "_time": 90.94531, "shift": 0.0, "time": 90.94531}, {"$id": 216, "type": 0, "sounds": [{"w": 0.0, "d": 0.5263138, "p": 51, "v": 48}], "pos": -1.05555367, "size": 1.2, "_time": 90.94531, "shift": 0.0, "time": 90.94531}, {"$id": 217, "type": 0, "sounds": [{"w": 0.0, "d": 0.5263138, "p": 63, "v": 44}], "pos": 0.5, "size": 1.0, "_time": 91.47266, "shift": 0.0, "time": 91.47266}, {"$id": 218, "type": 0, "sounds": [{"w": 0.0, "d": 0.5469513, "p": 59, "v": 40}], "pos": -0.5, "size": 1.0, "_time": 92.0, "shift": 0.0, "time": 92.0}, {"$id": 219, "type": 0, "sounds": [{"w": 0.0, "d": 0.5697403, "p": 63, "v": 48}], "pos": 0.5, "size": 1.0, "_time": 92.546875, "shift": 0.0, "time": 92.546875}, {"$id": 220, "type": 0, "sounds": [{"w": 0.0, "d": 0.5827484, "p": 73, "v": 84}], "pos": 1.5, "size": 1.2, "_time": 93.11719, "shift": 0.0, "time": 93.11719}, {"$id": 221, "type": 0, "sounds": [{"w": 0.0, "d": 0.549263, "p": 45, "v": 46}], "pos": -1.5, "size": 1.2, "_time": 93.11719, "shift": 0.0, "time": 93.11719}, {"$id": 222, "type": 0, "sounds": [{"w": 0.0, "d": 0.55846405, "p": 52, "v": 40}], "pos": -1.0, "size": 1.1, "_time": 93.66406, "shift": 0.0, "time": 93.66406}, {"$id": 223, "type": 0, "sounds": [{"w": 0.0, "d": 0.55846405, "p": 71, "v": 66}], "pos": 1.0, "size": 1.1, "_time": 93.66406, "shift": 0.0, "time": 93.66406}, {"$id": 224, "type": 0, "sounds": [{"w": 0.0, "d": 0.6132126, "p": 40, "v": 43}], "pos": -1.5, "size": 1.1, "_time": 94.22266, "shift": 0.0, "time": 94.22266}, {"$id": 225, "type": 0, "sounds": [{"w": 0.0, "d": 0.566040039, "p": 69, "v": 67}], "pos": 0.305555582, "size": 1.1, "_time": 94.22266, "shift": 0.0, "time": 94.22266}, {"$id": 226, "type": 0, "sounds": [{"w": 0.0, "d": 0.66362, "p": 64, "v": 56}], "pos": -2.0, "size": 1.0, "_time": 94.78906, "shift": 0.0, "time": 94.78906}, {"$id": 227, "type": 0, "sounds": [{"w": 0.0, "d": 4.305481, "p": 68, "v": 69}], "pos": 1.0, "size": 1.2, "_time": 95.35547, "shift": 0.0, "time": 95.35547}, {"$id": 228, "type": 0, "sounds": [{"w": 0.0, "d": 0.5877762, "p": 47, "v": 44}], "pos": -1.0, "size": 1.2, "_time": 95.35547, "shift": 0.0, "time": 95.35547}, {"$id": 229, "type": 0, "sounds": [{"w": 0.0, "d": 0.588233948, "p": 59, "v": 50}], "pos": 0.5, "size": 1.0, "_time": 95.94141, "shift": 0.0, "time": 95.94141}, {"$id": 230, "type": 0, "sounds": [{"w": 0.0, "d": 0.5806885, "p": 56, "v": 36}], "pos": -0.5, "size": 1.0, "_time": 96.53125, "shift": 0.0, "time": 96.53125}, {"$id": 231, "type": 0, "sounds": [{"w": 0.0, "d": 0.576919556, "p": 59, "v": 48}], "pos": 0.5, "size": 1.0, "_time": 97.11328, "shift": 0.0, "time": 97.11328}, {"$id": 232, "type": 0, "sounds": [{"w": 0.0, "d": 0.5807648, "p": 56, "v": 36}], "pos": -0.5, "size": 1.0, "_time": 97.6875, "shift": 0.0, "time": 97.6875}, {"$id": 233, "type": 0, "sounds": [{"w": 0.0, "d": 0.6127701, "p": 59, "v": 46}], "pos": 0.5, "size": 1.0, "_time": 98.26953, "shift": 0.0, "time": 98.26953}, {"$id": 234, "type": 0, "sounds": [{"w": 0.0, "d": 0.6732178, "p": 56, "v": 34}], "pos": -0.5, "size": 1.0, "_time": 98.88281, "shift": 0.0, "time": 98.88281}, {"$id": 235, "type": 0, "sounds": [{"w": 0.0, "d": 1.44886017, "p": 59, "v": 46}], "pos": -1.333333, "size": 1.0, "_time": 99.55469, "shift": 0.0, "time": 99.55469}, {"$id": 236, "type": 0, "sounds": [{"w": 0.0, "d": 0.375, "p": 68, "v": 51}], "pos": 1.75, "size": 1.0, "_time": 99.94141, "shift": 0.0, "time": 99.94141}, {"$id": 237, "type": 0, "sounds": [{"w": 0.0, "d": 0.9005661, "p": 66, "v": 48}], "pos": 1.11111093, "size": 1.0, "_time": 100.347656, "shift": 0.0, "time": 100.347656}, {"$id": 238, "type": 0, "sounds": [{"w": 0.0, "d": 2.093689, "p": 52, "v": 33}], "pos": -2.0, "size": 1.1, "_time": 101.003906, "shift": 0.0, "time": 101.003906}, {"$id": 239, "type": 0, "sounds": [{"w": 0.0, "d": 2.093689, "p": 64, "v": 49}], "pos": 0.111112058, "size": 1.1, "_time": 101.003906, "shift": 0.0, "time": 101.003906}], "links": [{"notes": [{"$ref": 76}, {"$ref": 78}]}, {"notes": [{"$ref": 82}, {"$ref": 84}]}]}