{"speed": 6.0, "notes": [{"$id": 1, "type": 0, "sounds": [{"w": 0.0, "d": 1.78240883, "p": 70, "v": 22}], "pos": -1.5, "size": 1.30000007, "_time": 1.56640625, "shift": 0.0, "time": 1.56640625}, {"$id": 2, "type": 0, "sounds": [{"w": 0.0, "d": 1.37152874, "p": 74, "v": 57}], "pos": 1.0, "size": 1.0, "_time": 1.66015625, "shift": 0.0, "time": 1.66015625}, {"$id": 3, "type": 0, "sounds": [{"w": 0.0, "d": 1.16319525, "p": 77, "v": 57}], "pos": 1.5, "size": 1.0, "_time": 1.734375, "shift": 0.0, "time": 1.734375}, {"$id": 4, "type": 0, "sounds": [{"w": 0.0, "d": 0.67708385, "p": 81, "v": 72}], "pos": 2.0, "size": 1.0, "_time": 1.8125, "shift": 0.0, "time": 1.8125}, {"$id": 5, "type": 0, "sounds": [{"w": 0.0, "d": 1.04745436, "p": 72, "v": 61}], "pos": -1.0, "size": 1.2, "_time": 3.3515625, "shift": 0.0, "time": 3.3515625}, {"$id": 6, "type": 0, "sounds": [{"w": 0.0, "d": 0.989583969, "p": 79, "v": 64}], "pos": 1.5, "size": 1.0, "_time": 3.3515625, "shift": 0.0, "time": 3.3515625}, {"$id": 7, "type": 0, "sounds": [{"w": 0.0, "d": 1.04166722, "p": 77, "v": 46}], "pos": 1.0, "size": 1.0, "_time": 3.36328125, "shift": 0.0, "time": 3.36328125}, {"$id": 8, "type": 0, "sounds": [{"w": 0.0, "d": 1.04745412, "p": 76, "v": 46}], "pos": 0.5, "size": 1.0, "_time": 3.37890625, "shift": 0.0, "time": 3.37890625}, {"$id": 9, "type": 0, "sounds": [{"w": 0.0, "d": 1.74768639, "p": 69, "v": 60}], "pos": -2.0, "size": 1.30000007, "_time": 4.8828125, "shift": 0.0, "time": 4.8828125}, {"$id": 10, "type": 0, "sounds": [{"w": 0.0, "d": 1.71296453, "p": 72, "v": 67}], "pos": 0.5, "size": 1.0, "_time": 4.97265625, "shift": 0.0, "time": 4.97265625}, {"$id": 11, "type": 0, "sounds": [{"w": 0.0, "d": 1.244214, "p": 76, "v": 60}], "pos": 1.0, "size": 1.0, "_time": 5.0234375, "shift": 0.0, "time": 5.0234375}, {"$id": 12, "type": 0, "sounds": [{"w": 0.0, "d": 0.804398537, "p": 79, "v": 67}], "pos": 1.5, "size": 1.0, "_time": 5.109375, "shift": 0.0, "time": 5.109375}, {"$id": 13, "type": 0, "sounds": [{"w": 0.0, "d": 1.16319561, "p": 70, "v": 46}], "pos": -1.5, "size": 1.30000007, "_time": 6.68359375, "shift": 0.0, "time": 6.68359375}, {"$id": 14, "type": 0, "sounds": [{"w": 0.0, "d": 1.18055677, "p": 77, "v": 69}], "pos": 1.0, "size": 1.0, "_time": 6.68359375, "shift": 0.0, "time": 6.68359375}, {"$id": 15, "type": 0, "sounds": [{"w": 0.0, "d": 1.15740871, "p": 76, "v": 52}], "pos": 0.5, "size": 1.0, "_time": 6.69140625, "shift": 0.0, "time": 6.69140625}, {"$id": 16, "type": 0, "sounds": [{"w": 0.0, "d": 1.13426018, "p": 74, "v": 60}], "pos": 0.0, "size": 1.0, "_time": 6.703125, "shift": 0.0, "time": 6.703125}, {"$id": 17, "type": 0, "sounds": [{"w": 0.0, "d": 1.35995388, "p": 67, "v": 57}], "pos": -2.0, "size": 1.30000007, "_time": 8.269531, "shift": 0.0, "time": 8.269531}, {"$id": 18, "type": 0, "sounds": [{"w": 0.0, "d": 1.3310194, "p": 70, "v": 32}], "pos": 0.0, "size": 1.0, "_time": 8.34375, "shift": 0.0, "time": 8.34375}, {"$id": 19, "type": 0, "sounds": [{"w": 0.0, "d": 1.21527863, "p": 74, "v": 56}], "pos": 0.5, "size": 1.0, "_time": 8.390625, "shift": 0.0, "time": 8.390625}, {"$id": 20, "type": 0, "sounds": [{"w": 0.0, "d": 0.943287849, "p": 77, "v": 69}], "pos": 1.0, "size": 1.0, "_time": 8.464844, "shift": 0.0, "time": 8.464844}, {"$id": 21, "type": 0, "sounds": [{"w": 0.0, "d": 0.567129135, "p": 79, "v": 56}], "pos": 2.0, "size": 1.0, "_time": 9.480469, "shift": 0.0, "time": 9.480469}, {"$id": 22, "type": 0, "sounds": [{"w": 0.0, "d": 1.29051018, "p": 60, "v": 38}], "pos": -1.5, "size": 1.30000007, "_time": 9.949219, "shift": 0.0, "time": 9.949219}, {"$id": 23, "type": 0, "sounds": [{"w": 0.0, "d": 1.21527863, "p": 67, "v": 46}], "pos": 0.0, "size": 1.0, "_time": 10.0351563, "shift": 0.0, "time": 10.0351563}, {"$id": 24, "type": 0, "sounds": [{"w": 0.0, "d": 0.5902786, "p": 72, "v": 67}], "pos": 0.5, "size": 1.0, "_time": 10.046875, "shift": 0.0, "time": 10.046875}, {"$id": 25, "type": 0, "sounds": [{"w": 0.0, "d": 0.5034723, "p": 76, "v": 68}], "pos": 1.0, "size": 1.0, "_time": 10.0742188, "shift": 0.0, "time": 10.0742188}, {"$id": 26, "type": 0, "sounds": [{"w": 0.0, "d": 0.520833969, "p": 74, "v": 61}], "pos": 0.0, "size": 1.0, "_time": 10.5664063, "shift": 0.0, "time": 10.5664063}, {"$id": 27, "type": 0, "sounds": [{"w": 0.0, "d": 0.393518448, "p": 72, "v": 40}], "pos": -1.0, "size": 1.0, "_time": 11.1210938, "shift": 0.0, "time": 11.1210938}, {"$id": 28, "type": 0, "sounds": [{"w": 0.0, "d": 0.5324087, "p": 50, "v": 33}], "pos": -2.0, "size": 1.30000007, "_time": 11.6484375, "shift": 0.0, "time": 11.6484375}, {"$id": 29, "type": 0, "sounds": [{"w": 0.0, "d": 1.21527863, "p": 67, "v": 42}], "pos": 0.0, "size": 1.0, "_time": 11.6484375, "shift": 0.0, "time": 11.6484375}, {"$id": 30, "type": 0, "sounds": [{"w": 0.0, "d": 1.27893639, "p": 69, "v": 33}], "pos": 0.5, "size": 1.0, "_time": 11.703125, "shift": 0.0, "time": 11.703125}, {"$id": 31, "type": 0, "sounds": [{"w": 0.0, "d": 1.25578785, "p": 74, "v": 41}], "pos": 1.0, "size": 1.0, "_time": 11.734375, "shift": 0.0, "time": 11.734375}, {"$id": 32, "type": 0, "sounds": [{"w": 0.0, "d": 0.10995388, "p": 62, "v": 46}], "pos": -1.0, "size": 1.30000007, "_time": 12.2226563, "shift": 0.0, "time": 12.2226563}, {"$id": 33, "type": 0, "sounds": [{"w": 0.0, "d": 0.5844908, "p": 64, "v": 29}], "pos": 0.0, "size": 1.30000007, "_time": 12.7773438, "shift": 0.0, "time": 12.7773438}, {"$id": 34, "type": 0, "sounds": [{"w": 0.0, "d": 1.05324078, "p": 62, "v": 25}, {"w": 0.01171875, "d": 1.04745388, "p": 65, "v": 21}], "pos": -1.0, "size": 1.30000007, "_time": 13.3320313, "shift": 0.0, "time": 13.3320313}, {"$id": 35, "type": 0, "sounds": [{"w": 0.0, "d": 0.833333969, "p": 69, "v": 35}], "pos": 1.0, "size": 1.0, "_time": 13.375, "shift": 0.0, "time": 13.375}, {"$id": 36, "type": 0, "sounds": [{"w": 0.0, "d": 0.960648537, "p": 74, "v": 42}], "pos": 1.5, "size": 1.0, "_time": 13.4335938, "shift": 0.0, "time": 13.4335938}, {"$id": 37, "type": 0, "sounds": [{"w": 0.0, "d": 0.520833, "p": 69, "v": 60}], "pos": -2.0, "size": 1.0, "_time": 14.4453125, "shift": 0.0, "time": 14.4453125}, {"$id": 38, "type": 0, "sounds": [{"w": 0.0, "d": 1.12268543, "p": 74, "v": 70}], "pos": -1.0, "size": 1.0, "_time": 15.0, "shift": 0.0, "time": 15.0}, {"$id": 39, "type": 0, "sounds": [{"w": 0.0, "d": 0.4745369, "p": 81, "v": 81}], "pos": 2.0, "size": 1.0, "_time": 16.109375, "shift": 0.0, "time": 16.109375}, {"$id": 40, "type": 0, "sounds": [{"w": 0.0, "d": 0.844907761, "p": 81, "v": 87}], "pos": 2.0, "size": 1.0, "_time": 16.6679688, "shift": 0.0, "time": 16.6679688}, {"$id": 41, "type": 0, "sounds": [{"w": 0.0, "d": 0.277778625, "p": 79, "v": 74}], "pos": 1.0, "size": 1.0, "_time": 17.5, "shift": 0.0, "time": 17.5}, {"$id": 42, "type": 0, "sounds": [{"w": 0.0, "d": 0.567129135, "p": 77, "v": 68}], "pos": 0.0, "size": 1.0, "_time": 17.7773438, "shift": 0.0, "time": 17.7773438}, {"$id": 43, "type": 0, "sounds": [{"w": 0.0, "d": 0.844907761, "p": 76, "v": 65}], "pos": 2.0, "size": 1.0, "_time": 18.3320313, "shift": 0.0, "time": 18.3320313}, {"$id": 44, "type": 0, "sounds": [{"w": 0.0, "d": 0.289352417, "p": 77, "v": 83}], "pos": 0.0, "size": 1.0, "_time": 19.1679688, "shift": 0.0, "time": 19.1679688}, {"$id": 45, "type": 0, "sounds": [{"w": 0.0, "d": 0.555555344, "p": 76, "v": 73}], "pos": -1.0, "size": 1.0, "_time": 19.4453125, "shift": 0.0, "time": 19.4453125}, {"$id": 46, "type": 0, "sounds": [{"w": 0.0, "d": 0.833333969, "p": 72, "v": 61}], "pos": 1.0, "size": 1.0, "_time": 20.0, "shift": 0.0, "time": 20.0}, {"$id": 47, "type": 0, "sounds": [{"w": 0.0, "d": 0.567129135, "p": 69, "v": 46}], "pos": -2.0, "size": 1.0, "_time": 21.109375, "shift": 0.0, "time": 21.109375}, {"$id": 48, "type": 0, "sounds": [{"w": 0.0, "d": 1.11111259, "p": 74, "v": 74}], "pos": -1.0, "size": 1.0, "_time": 21.6679688, "shift": 0.0, "time": 21.6679688}, {"$id": 49, "type": 0, "sounds": [{"w": 0.0, "d": 0.555555344, "p": 81, "v": 74}], "pos": 0.0, "size": 1.0, "_time": 22.7773438, "shift": 0.0, "time": 22.7773438}, {"$id": 50, "type": 0, "sounds": [{"w": 0.0, "d": 0.844907761, "p": 84, "v": 85}], "pos": 2.0, "size": 1.0, "_time": 23.3320313, "shift": 0.0, "time": 23.3320313}, {"$id": 51, "type": 0, "sounds": [{"w": 0.0, "d": 0.289352417, "p": 83, "v": 79}], "pos": 1.0, "size": 1.0, "_time": 24.1679688, "shift": 0.0, "time": 24.1679688}, {"$id": 52, "type": 0, "sounds": [{"w": 0.0, "d": 0.555555344, "p": 81, "v": 74}], "pos": 0.0, "size": 1.0, "_time": 24.4453125, "shift": 0.0, "time": 24.4453125}, {"$id": 53, "type": 0, "sounds": [{"w": 0.0, "d": 0.833333969, "p": 80, "v": 76}], "pos": -1.0, "size": 1.0, "_time": 25.0, "shift": 0.0, "time": 25.0}, {"$id": 54, "type": 0, "sounds": [{"w": 0.0, "d": 0.289352417, "p": 81, "v": 61}], "pos": 0.0, "size": 1.0, "_time": 25.8320313, "shift": 0.0, "time": 25.8320313}, {"$id": 55, "type": 0, "sounds": [{"w": 0.0, "d": 0.277778625, "p": 83, "v": 66}], "pos": 1.0, "size": 1.0, "_time": 26.109375, "shift": 0.0, "time": 26.109375}, {"$id": 56, "type": 0, "sounds": [{"w": 0.0, "d": 0.277778625, "p": 84, "v": 89}], "pos": 2.0, "size": 1.0, "_time": 26.390625, "shift": 0.0, "time": 26.390625}, {"$id": 57, "type": 0, "sounds": [{"w": 0.0, "d": 0.625, "p": 81, "v": 74}], "pos": 0.0, "size": 1.0, "_time": 26.6679688, "shift": 0.0, "time": 26.6679688}, {"$id": 58, "type": 0, "sounds": [{"w": 0.0, "d": 0.289352417, "p": 81, "v": 69}], "pos": 0.0, "size": 1.0, "_time": 27.7773438, "shift": 0.0, "time": 27.7773438}, {"$id": 59, "type": 0, "sounds": [{"w": 0.0, "d": 0.243055344, "p": 83, "v": 80}], "pos": 1.0, "size": 1.0, "_time": 28.0546875, "shift": 0.0, "time": 28.0546875}, {"$id": 60, "type": 0, "sounds": [{"w": 0.0, "d": 1.12268639, "p": 84, "v": 93}], "pos": 2.0, "size": 1.0, "_time": 28.3320313, "shift": 0.0, "time": 28.3320313}, {"$id": 61, "type": 0, "sounds": [{"w": 0.0, "d": 0.289352417, "p": 83, "v": 80}], "pos": 1.0, "size": 1.0, "_time": 29.4453125, "shift": 0.0, "time": 29.4453125}, {"$id": 62, "type": 0, "sounds": [{"w": 0.0, "d": 0.243055344, "p": 81, "v": 69}], "pos": 0.0, "size": 1.0, "_time": 29.7226563, "shift": 0.0, "time": 29.7226563}, {"$id": 63, "type": 0, "sounds": [{"w": 0.0, "d": 0.706018448, "p": 79, "v": 58}], "pos": -1.0, "size": 1.0, "_time": 30.0, "shift": 0.0, "time": 30.0}, {"$id": 64, "type": 0, "sounds": [{"w": 0.0, "d": 0.289352417, "p": 79, "v": 66}], "pos": -0.5, "size": 1.0, "_time": 31.109375, "shift": 0.0, "time": 31.109375}, {"$id": 65, "type": 0, "sounds": [{"w": 0.0, "d": 0.277778625, "p": 81, "v": 77}], "pos": 0.5, "size": 1.0, "_time": 31.390625, "shift": 0.0, "time": 31.390625}, {"$id": 66, "type": 0, "sounds": [{"w": 0.0, "d": 1.12268639, "p": 82, "v": 85}], "pos": 1.5, "size": 1.0, "_time": 31.6679688, "shift": 0.0, "time": 31.6679688}, {"$id": 67, "type": 0, "sounds": [{"w": 0.0, "d": 0.289352417, "p": 81, "v": 86}], "pos": 0.5, "size": 1.0, "_time": 32.7773438, "shift": 0.0, "time": 32.7773438}, {"$id": 68, "type": 0, "sounds": [{"w": 0.0, "d": 0.243057251, "p": 79, "v": 68}], "pos": -0.5, "size": 1.0, "_time": 33.0546875, "shift": 0.0, "time": 33.0546875}, {"$id": 69, "type": 0, "sounds": [{"w": 0.0, "d": 0.6597214, "p": 77, "v": 59}], "pos": -1.5, "size": 1.0, "_time": 33.33203, "shift": 0.0, "time": 33.33203}, {"$id": 70, "type": 0, "sounds": [{"w": 0.0, "d": 0.289352417, "p": 77, "v": 63}], "pos": -1.0, "size": 1.0, "_time": 34.4453125, "shift": 0.0, "time": 34.4453125}, {"$id": 71, "type": 0, "sounds": [{"w": 0.0, "d": 0.243057251, "p": 79, "v": 67}], "pos": 0.0, "size": 1.0, "_time": 34.7226563, "shift": 0.0, "time": 34.7226563}, {"$id": 72, "type": 0, "sounds": [{"w": 0.0, "d": 1.12268448, "p": 81, "v": 91}], "pos": 1.0, "size": 1.0, "_time": 35.0, "shift": 0.0, "time": 35.0}, {"$id": 73, "type": 0, "sounds": [{"w": 0.0, "d": 0.289352417, "p": 79, "v": 71}], "pos": 0.0, "size": 1.0, "_time": 36.109375, "shift": 0.0, "time": 36.109375}, {"$id": 74, "type": 0, "sounds": [{"w": 0.0, "d": 0.277778625, "p": 77, "v": 64}], "pos": -1.0, "size": 1.0, "_time": 36.390625, "shift": 0.0, "time": 36.390625}, {"$id": 75, "type": 0, "sounds": [{"w": 0.0, "d": 0.8333359, "p": 76, "v": 64}], "pos": -2.0, "size": 1.0, "_time": 36.66797, "shift": 0.0, "time": 36.66797}, {"$id": 76, "type": 0, "sounds": [{"w": 0.0, "d": 0.289352417, "p": 74, "v": 59}], "pos": -1.5, "size": 1.0, "_time": 37.5, "shift": 0.0, "time": 37.5}, {"$id": 77, "type": 0, "sounds": [{"w": 0.0, "d": 0.289352417, "p": 76, "v": 78}], "pos": -0.5, "size": 1.0, "_time": 37.7773438, "shift": 0.0, "time": 37.7773438}, {"$id": 78, "type": 0, "sounds": [{"w": 0.0, "d": 0.277778625, "p": 77, "v": 94}], "pos": 0.5, "size": 1.0, "_time": 38.0546875, "shift": 0.0, "time": 38.0546875}, {"$id": 79, "type": 0, "sounds": [{"w": 0.0, "d": 2.233799, "p": 76, "v": 75}], "pos": -0.5, "size": 1.0, "_time": 38.33203, "shift": 0.0, "time": 38.33203}, {"$id": 80, "type": 0, "sounds": [{"w": 0.0, "d": 0.555557251, "p": 50, "v": 77}], "pos": -1.5, "size": 1.30000007, "_time": 43.33203, "shift": 0.0, "time": 43.33203}, {"$id": 81, "type": 0, "sounds": [{"w": 0.0, "d": 0.555557251, "p": 57, "v": 44}], "pos": -1.0, "size": 1.30000007, "_time": 43.890625, "shift": 0.0, "time": 43.890625}, {"$id": 82, "type": 0, "sounds": [{"w": 0.0, "d": 0.555557251, "p": 62, "v": 66}], "pos": -0.5, "size": 1.30000007, "_time": 44.4453125, "shift": 0.0, "time": 44.4453125}, {"$id": 83, "type": 0, "sounds": [{"w": 0.0, "d": 0.555553436, "p": 64, "v": 68}], "pos": 0.5, "size": 1.0, "_time": 45.0, "shift": 0.0, "time": 45.0}, {"$id": 84, "type": 0, "sounds": [{"w": 0.0, "d": 0.555557251, "p": 65, "v": 69}], "pos": 1.0, "size": 1.0, "_time": 45.5546875, "shift": 0.0, "time": 45.5546875}, {"$id": 85, "type": 0, "sounds": [{"w": 0.0, "d": 0.555557251, "p": 69, "v": 80}], "pos": 1.5, "size": 1.0, "_time": 46.109375, "shift": 0.0, "time": 46.109375}, {"$id": 86, "type": 0, "sounds": [{"w": 0.0, "d": 0.555553436, "p": 48, "v": 71}], "pos": -2.0, "size": 1.30000007, "_time": 46.66797, "shift": 0.0, "time": 46.66797}, {"$id": 87, "type": 0, "sounds": [{"w": 0.0, "d": 0.555557251, "p": 55, "v": 66}], "pos": -1.5, "size": 1.30000007, "_time": 47.2226563, "shift": 0.0, "time": 47.2226563}, {"$id": 88, "type": 0, "sounds": [{"w": 0.0, "d": 0.555557251, "p": 60, "v": 86}], "pos": -1.0, "size": 1.30000007, "_time": 47.7773438, "shift": 0.0, "time": 47.7773438}, {"$id": 89, "type": 0, "sounds": [{"w": 0.0, "d": 0.555553436, "p": 62, "v": 62}], "pos": 0.0, "size": 1.0, "_time": 48.33203, "shift": 0.0, "time": 48.33203}, {"$id": 90, "type": 0, "sounds": [{"w": 0.0, "d": 0.555557251, "p": 64, "v": 60}], "pos": 0.5, "size": 1.0, "_time": 48.890625, "shift": 0.0, "time": 48.890625}, {"$id": 91, "type": 0, "sounds": [{"w": 0.0, "d": 0.555557251, "p": 67, "v": 66}], "pos": 1.0, "size": 1.0, "_time": 49.4453125, "shift": 0.0, "time": 49.4453125}, {"$id": 92, "type": 0, "sounds": [{"w": 0.0, "d": 0.555553436, "p": 50, "v": 80}], "pos": -1.5, "size": 1.30000007, "_time": 50.0, "shift": 0.0, "time": 50.0}, {"$id": 93, "type": 0, "sounds": [{"w": 0.0, "d": 0.555557251, "p": 57, "v": 47}], "pos": -1.0, "size": 1.30000007, "_time": 50.5546875, "shift": 0.0, "time": 50.5546875}, {"$id": 94, "type": 0, "sounds": [{"w": 0.0, "d": 0.555557251, "p": 62, "v": 70}], "pos": -0.5, "size": 1.30000007, "_time": 51.109375, "shift": 0.0, "time": 51.109375}, {"$id": 95, "type": 0, "sounds": [{"w": 0.0, "d": 0.555553436, "p": 64, "v": 81}], "pos": 0.5, "size": 1.0, "_time": 51.66797, "shift": 0.0, "time": 51.66797}, {"$id": 96, "type": 0, "sounds": [{"w": 0.0, "d": 0.555557251, "p": 65, "v": 86}], "pos": 1.0, "size": 1.0, "_time": 52.2226563, "shift": 0.0, "time": 52.2226563}, {"$id": 97, "type": 0, "sounds": [{"w": 0.0, "d": 0.555557251, "p": 69, "v": 79}], "pos": 1.5, "size": 1.0, "_time": 52.7773438, "shift": 0.0, "time": 52.7773438}, {"$id": 98, "type": 0, "sounds": [{"w": 0.0, "d": 0.555557251, "p": 64, "v": 76}], "pos": 0.0, "size": 1.30000007, "_time": 53.33203, "shift": 0.0, "time": 53.33203}, {"$id": 99, "type": 0, "sounds": [{"w": 0.0, "d": 0.555557251, "p": 71, "v": 82}], "pos": 1.0, "size": 1.0, "_time": 53.890625, "shift": 0.0, "time": 53.890625}, {"$id": 100, "type": 0, "sounds": [{"w": 0.0, "d": 0.555557251, "p": 74, "v": 77}], "pos": 2.0, "size": 1.0, "_time": 54.4453125, "shift": 0.0, "time": 54.4453125}, {"$id": 101, "type": 0, "sounds": [{"w": 0.0, "d": 0.555557251, "p": 57, "v": 89}], "pos": -1.0, "size": 1.2, "_time": 55.0, "shift": 0.0, "time": 55.0}, {"$id": 102, "type": 0, "sounds": [{"w": 0.0, "d": 0.555557251, "p": 64, "v": 83}], "pos": 0.0, "size": 1.0, "_time": 55.5546875, "shift": 0.0, "time": 55.5546875}, {"$id": 103, "type": 0, "sounds": [{"w": 0.0, "d": 0.555553436, "p": 72, "v": 86}], "pos": 1.0, "size": 1.0, "_time": 56.109375, "shift": 0.0, "time": 56.109375}, {"$id": 104, "type": 0, "sounds": [{"w": 0.0, "d": 0.555553436, "p": 50, "v": 73}], "pos": -1.5, "size": 1.30000007, "_time": 56.66797, "shift": 0.0, "time": 56.66797}, {"$id": 105, "type": 0, "sounds": [{"w": 0.0, "d": 0.555557251, "p": 62, "v": 60}], "pos": 0.0, "size": 1.0, "_time": 57.2226563, "shift": 0.0, "time": 57.2226563}, {"$id": 106, "type": 0, "sounds": [{"w": 0.0, "d": 0.555557251, "p": 66, "v": 88}], "pos": 1.0, "size": 1.0, "_time": 57.7773438, "shift": 0.0, "time": 57.7773438}, {"$id": 107, "type": 0, "sounds": [{"w": 0.0, "d": 0.555553436, "p": 55, "v": 85}], "pos": -1.0, "size": 1.30000007, "_time": 58.33203, "shift": 0.0, "time": 58.33203}, {"$id": 108, "type": 0, "sounds": [{"w": 0.0, "d": 0.555557251, "p": 67, "v": 70}], "pos": 1.0, "size": 1.0, "_time": 58.890625, "shift": 0.0, "time": 58.890625}, {"$id": 109, "type": 0, "sounds": [{"w": 0.0, "d": 0.555557251, "p": 71, "v": 77}], "pos": 2.0, "size": 1.0, "_time": 59.4453125, "shift": 0.0, "time": 59.4453125}, {"$id": 110, "type": 0, "sounds": [{"w": 0.0, "d": 0.555557251, "p": 48, "v": 80}], "pos": -2.0, "size": 1.30000007, "_time": 60.0, "shift": 0.0, "time": 60.0}, {"$id": 111, "type": 0, "sounds": [{"w": 0.0, "d": 0.555557251, "p": 64, "v": 88}], "pos": 0.5, "size": 1.0, "_time": 60.5546875, "shift": 0.0, "time": 60.5546875}, {"$id": 112, "type": 0, "sounds": [{"w": 0.0, "d": 0.555557251, "p": 70, "v": 76}], "pos": 1.5, "size": 1.0, "_time": 61.109375, "shift": 0.0, "time": 61.109375}, {"$id": 113, "type": 0, "sounds": [{"w": 0.0, "d": 0.555557251, "p": 53, "v": 72}], "pos": -1.5, "size": 1.30000007, "_time": 61.66797, "shift": 0.0, "time": 61.66797}, {"$id": 114, "type": 0, "sounds": [{"w": 0.0, "d": 0.555557251, "p": 65, "v": 83}], "pos": 0.0, "size": 1.0, "_time": 62.2226563, "shift": 0.0, "time": 62.2226563}, {"$id": 115, "type": 0, "sounds": [{"w": 0.0, "d": 0.555557251, "p": 69, "v": 58}], "pos": 1.0, "size": 1.0, "_time": 62.7773438, "shift": 0.0, "time": 62.7773438}, {"$id": 116, "type": 0, "sounds": [{"w": 0.0, "d": 0.555557251, "p": 58, "v": 80}], "pos": -1.0, "size": 1.30000007, "_time": 63.33203, "shift": 0.0, "time": 63.33203}, {"$id": 117, "type": 0, "sounds": [{"w": 0.0, "d": 0.555557251, "p": 65, "v": 82}], "pos": 0.0, "size": 1.0, "_time": 63.890625, "shift": 0.0, "time": 63.890625}, {"$id": 118, "type": 0, "sounds": [{"w": 0.0, "d": 0.555557251, "p": 69, "v": 89}], "pos": 1.0, "size": 1.0, "_time": 64.44531, "shift": 0.0, "time": 64.44531}, {"$id": 119, "type": 0, "sounds": [{"w": 0.0, "d": 0.555557251, "p": 64, "v": 75}], "pos": -0.5, "size": 1.30000007, "_time": 65.0, "shift": 0.0, "time": 65.0}, {"$id": 120, "type": 0, "sounds": [{"w": 0.0, "d": 0.555557251, "p": 71, "v": 72}], "pos": 0.5, "size": 1.0, "_time": 65.55469, "shift": 0.0, "time": 65.55469}, {"$id": 121, "type": 0, "sounds": [{"w": 0.0, "d": 0.555557251, "p": 74, "v": 85}], "pos": 1.5, "size": 1.0, "_time": 66.109375, "shift": 0.0, "time": 66.109375}, {"$id": 122, "type": 0, "sounds": [{"w": 0.0, "d": 0.555557251, "p": 57, "v": 82}], "pos": -1.0, "size": 1.30000007, "_time": 66.66797, "shift": 0.0, "time": 66.66797}, {"$id": 123, "type": 0, "sounds": [{"w": 0.0, "d": 0.555557251, "p": 69, "v": 82}], "pos": 0.0, "size": 1.0, "_time": 67.22266, "shift": 0.0, "time": 67.22266}, {"$id": 124, "type": 0, "sounds": [{"w": 0.0, "d": 0.5555649, "p": 81, "v": 72}], "pos": 1.0, "size": 1.0, "_time": 67.77734, "shift": 0.0, "time": 67.77734}, {"$id": 125, "type": 0, "sounds": [{"w": 0.0, "d": 1.11112213, "p": 76, "v": 55}], "pos": 1.5, "size": 1.0, "_time": 68.30859, "shift": 0.0, "time": 68.30859}, {"$id": 126, "type": 0, "sounds": [{"w": 0.0, "d": 1.1111145, "p": 85, "v": 55}], "pos": 2.0, "size": 1.0, "_time": 68.33203, "shift": 0.0, "time": 68.33203}, {"$id": 127, "type": 0, "sounds": [{"w": 0.0, "d": 1.44097137, "p": 46, "v": 93}], "pos": -2.0, "size": 1.30000007, "_time": 70.0, "shift": 0.0, "time": 70.0}, {"$id": 128, "type": 0, "sounds": [{"w": 0.0, "d": 1.192131, "p": 53, "v": 87}], "pos": -1.0, "size": 1.30000007, "_time": 70.27734, "shift": 0.0, "time": 70.27734}, {"$id": 129, "type": 0, "sounds": [{"w": 0.0, "d": 1.04745483, "p": 57, "v": 86}], "pos": 0.0, "size": 1.30000007, "_time": 70.55469, "shift": 0.0, "time": 70.55469}, {"$id": 130, "type": 0, "sounds": [{"w": 0.0, "d": 0.827545166, "p": 62, "v": 83}], "pos": -1.0, "size": 1.0, "_time": 70.83203, "shift": 0.0, "time": 70.83203}, {"$id": 131, "type": 0, "sounds": [{"w": 0.0, "d": 0.538192749, "p": 65, "v": 84}], "pos": 0.0, "size": 1.0, "_time": 71.109375, "shift": 0.0, "time": 71.109375}, {"$id": 132, "type": 0, "sounds": [{"w": 0.0, "d": 0.289352417, "p": 69, "v": 73}], "pos": 1.0, "size": 1.0, "_time": 71.390625, "shift": 0.0, "time": 71.390625}, {"$id": 133, "type": 0, "sounds": [{"w": 0.0, "d": 1.56250763, "p": 48, "v": 89}], "pos": -2.0, "size": 1.30000007, "_time": 71.66797, "shift": 0.0, "time": 71.66797}, {"$id": 134, "type": 0, "sounds": [{"w": 0.0, "d": 1.2673645, "p": 55, "v": 80}], "pos": -1.0, "size": 1.30000007, "_time": 71.94531, "shift": 0.0, "time": 71.94531}, {"$id": 135, "type": 0, "sounds": [{"w": 0.0, "d": 1.02431488, "p": 60, "v": 89}], "pos": 0.0, "size": 1.30000007, "_time": 72.22266, "shift": 0.0, "time": 72.22266}, {"$id": 136, "type": 0, "sounds": [{"w": 0.0, "d": 0.7870407, "p": 62, "v": 86}], "pos": 0.0, "size": 1.0, "_time": 72.5, "shift": 0.0, "time": 72.5}, {"$id": 137, "type": 0, "sounds": [{"w": 0.0, "d": 0.4976883, "p": 64, "v": 83}], "pos": 1.0, "size": 1.0, "_time": 72.77734, "shift": 0.0, "time": 72.77734}, {"$id": 138, "type": 0, "sounds": [{"w": 0.0, "d": 0.260421753, "p": 67, "v": 81}], "pos": 2.0, "size": 1.0, "_time": 73.05469, "shift": 0.0, "time": 73.05469}, {"$id": 139, "type": 0, "sounds": [{"w": 0.0, "d": 1.31365967, "p": 45, "v": 81}], "pos": -2.0, "size": 1.30000007, "_time": 73.33203, "shift": 0.0, "time": 73.33203}, {"$id": 140, "type": 0, "sounds": [{"w": 0.0, "d": 1.09954071, "p": 52, "v": 80}], "pos": -1.0, "size": 1.30000007, "_time": 73.609375, "shift": 0.0, "time": 73.609375}, {"$id": 141, "type": 0, "sounds": [{"w": 0.0, "d": 0.3182907, "p": 64, "v": 86}], "pos": 1.0, "size": 1.0, "_time": 73.890625, "shift": 0.0, "time": 73.890625}, {"$id": 142, "type": 0, "sounds": [{"w": 0.0, "d": 1.07060242, "p": 55, "v": 88}], "pos": 0.0, "size": 1.30000007, "_time": 73.890625, "shift": 0.0, "time": 73.890625}, {"$id": 143, "type": 0, "sounds": [{"w": 0.0, "d": 0.3182907, "p": 67, "v": 86}], "pos": -1.0, "size": 1.0, "_time": 74.16797, "shift": 0.0, "time": 74.16797}, {"$id": 144, "type": 0, "sounds": [{"w": 0.0, "d": 0.306716919, "p": 72, "v": 91}], "pos": 2.0, "size": 1.0, "_time": 74.44531, "shift": 0.0, "time": 74.44531}, {"$id": 145, "type": 0, "sounds": [{"w": 0.0, "d": 0.277778625, "p": 67, "v": 86}], "pos": -1.0, "size": 1.0, "_time": 74.72266, "shift": 0.0, "time": 74.72266}, {"$id": 146, "type": 0, "sounds": [{"w": 0.0, "d": 0.23147583, "p": 65, "v": 84}, {"w": 0.0, "d": 0.208328247, "p": 69, "v": 81}], "pos": 1.0, "size": 1.0, "_time": 75.0, "shift": 0.0, "time": 75.0}, {"$id": 147, "type": 0, "sounds": [{"w": 0.0, "d": 1.40045929, "p": 50, "v": 81}], "pos": -2.0, "size": 1.30000007, "_time": 75.0, "shift": 0.0, "time": 75.0}, {"$id": 148, "type": 0, "sounds": [{"w": 0.0, "d": 1.14583588, "p": 57, "v": 76}], "pos": -1.0, "size": 1.30000007, "_time": 75.27734, "shift": 0.0, "time": 75.27734}, {"$id": 149, "type": 0, "sounds": [{"w": 0.0, "d": 0.289360046, "p": 64, "v": 87}, {"w": 0.0, "d": 0.283569336, "p": 67, "v": 86}], "pos": 1.5, "size": 1.0, "_time": 75.55469, "shift": 0.0, "time": 75.55469}, {"$id": 150, "type": 0, "sounds": [{"w": 0.0, "d": 0.873847961, "p": 60, "v": 88}], "pos": 0.0, "size": 1.30000007, "_time": 75.55469, "shift": 0.0, "time": 75.55469}, {"$id": 151, "type": 0, "sounds": [{"w": 0.0, "d": 0.353004456, "p": 65, "v": 84}, {"w": 0.0, "d": 0.370368958, "p": 69, "v": 85}], "pos": 2.0, "size": 1.0, "_time": 76.109375, "shift": 0.0, "time": 76.109375}, {"$id": 152, "type": 0, "sounds": [{"w": 0.0, "d": 1.4236145, "p": 46, "v": 85}], "pos": -2.0, "size": 1.30000007, "_time": 76.66797, "shift": 0.0, "time": 76.66797}, {"$id": 153, "type": 0, "sounds": [{"w": 0.0, "d": 1.25, "p": 53, "v": 86}], "pos": -1.0, "size": 1.30000007, "_time": 76.94531, "shift": 0.0, "time": 76.94531}, {"$id": 154, "type": 0, "sounds": [{"w": 0.0, "d": 1.128479, "p": 57, "v": 86}], "pos": 0.0, "size": 1.30000007, "_time": 77.22266, "shift": 0.0, "time": 77.22266}, {"$id": 155, "type": 0, "sounds": [{"w": 0.0, "d": 0.393516541, "p": 62, "v": 90}], "pos": -1.0, "size": 1.0, "_time": 77.5, "shift": 0.0, "time": 77.5}, {"$id": 156, "type": 0, "sounds": [{"w": 0.0, "d": 0.428237915, "p": 69, "v": 88}], "pos": 1.0, "size": 1.0, "_time": 77.77734, "shift": 0.0, "time": 77.77734}, {"$id": 157, "type": 0, "sounds": [{"w": 0.0, "d": 0.3182907, "p": 62, "v": 77}], "pos": -1.0, "size": 1.0, "_time": 78.05469, "shift": 0.0, "time": 78.05469}, {"$id": 158, "type": 0, "sounds": [{"w": 0.0, "d": 0.248847961, "p": 67, "v": 87}], "pos": 2.0, "size": 1.0, "_time": 78.33203, "shift": 0.0, "time": 78.33203}, {"$id": 159, "type": 0, "sounds": [{"w": 0.0, "d": 1.35417175, "p": 48, "v": 86}], "pos": -2.0, "size": 1.30000007, "_time": 78.33203, "shift": 0.0, "time": 78.33203}, {"$id": 160, "type": 0, "sounds": [{"w": 0.0, "d": 1.16320038, "p": 55, "v": 79}], "pos": -1.0, "size": 1.30000007, "_time": 78.609375, "shift": 0.0, "time": 78.609375}, {"$id": 161, "type": 0, "sounds": [{"w": 0.0, "d": 0.266204834, "p": 65, "v": 86}], "pos": 1.0, "size": 1.0, "_time": 78.890625, "shift": 0.0, "time": 78.890625}, {"$id": 162, "type": 0, "sounds": [{"w": 0.0, "d": 0.3009262, "p": 64, "v": 83}], "pos": 0.0, "size": 1.0, "_time": 79.44531, "shift": 0.0, "time": 79.44531}, {"$id": 163, "type": 0, "sounds": [{"w": 0.0, "d": 0.5497589, "p": 41, "v": 86}], "pos": -2.0, "size": 1.30000007, "_time": 80.0, "shift": 0.0, "time": 80.0}, {"$id": 164, "type": 0, "sounds": [{"w": 0.0, "d": 0.277778625, "p": 48, "v": 87}], "pos": -1.5, "size": 1.30000007, "_time": 80.27734, "shift": 0.0, "time": 80.27734}, {"$id": 165, "type": 0, "sounds": [{"w": 0.0, "d": 0.283569336, "p": 52, "v": 84}], "pos": -1.0, "size": 1.30000007, "_time": 80.55469, "shift": 0.0, "time": 80.55469}, {"$id": 166, "type": 0, "sounds": [{"w": 0.0, "d": 2.27430725, "p": 53, "v": 81}], "pos": -0.5, "size": 1.30000007, "_time": 80.83203, "shift": 0.0, "time": 80.83203}, {"$id": 167, "type": 0, "sounds": [{"w": 0.0, "d": 2.00810242, "p": 57, "v": 72}], "pos": 0.0, "size": 1.30000007, "_time": 81.109375, "shift": 0.0, "time": 81.109375}, {"$id": 168, "type": 0, "sounds": [{"w": 0.0, "d": 1.71875, "p": 60, "v": 84}], "pos": 0.5, "size": 1.30000007, "_time": 81.390625, "shift": 0.0, "time": 81.390625}, {"$id": 169, "type": 0, "sounds": [{"w": 0.0, "d": 0.231483459, "p": 64, "v": 90}], "pos": -1.0, "size": 1.0, "_time": 81.66797, "shift": 0.0, "time": 81.66797}, {"$id": 170, "type": 0, "sounds": [{"w": 0.0, "d": 0.3125, "p": 65, "v": 86}], "pos": 0.5, "size": 1.0, "_time": 81.94531, "shift": 0.0, "time": 81.94531}, {"$id": 171, "type": 0, "sounds": [{"w": 0.0, "d": 0.5034714, "p": 72, "v": 93}], "pos": 2.0, "size": 1.0, "_time": 82.22266, "shift": 0.0, "time": 82.22266}, {"$id": 172, "type": 0, "sounds": [{"w": 0.0, "d": 0.4861145, "p": 64, "v": 86}], "pos": -1.0, "size": 1.0, "_time": 82.5, "shift": 0.0, "time": 82.5}, {"$id": 173, "type": 0, "sounds": [{"w": 0.0, "d": 0.364585876, "p": 65, "v": 84}], "pos": 0.5, "size": 1.0, "_time": 82.77734, "shift": 0.0, "time": 82.77734}, {"$id": 174, "type": 0, "sounds": [{"w": 0.0, "d": 0.254631042, "p": 72, "v": 87}], "pos": 2.0, "size": 1.0, "_time": 83.05469, "shift": 0.0, "time": 83.05469}, {"$id": 175, "type": 0, "sounds": [{"w": 0.0, "d": 0.3182907, "p": 72, "v": 65}], "pos": 1.0, "size": 1.0, "_time": 83.33203, "shift": 0.0, "time": 83.33203}, {"$id": 176, "type": 0, "sounds": [{"w": 0.0, "d": 1.52777863, "p": 46, "v": 84}], "pos": -2.0, "size": 1.30000007, "_time": 83.33203, "shift": 0.0, "time": 83.33203}, {"$id": 177, "type": 0, "sounds": [{"w": 0.0, "d": 0.3298645, "p": 74, "v": 76}], "pos": 2.0, "size": 1.0, "_time": 83.609375, "shift": 0.0, "time": 83.609375}, {"$id": 178, "type": 0, "sounds": [{"w": 0.0, "d": 1.2673645, "p": 53, "v": 86}], "pos": -1.0, "size": 1.30000007, "_time": 83.609375, "shift": 0.0, "time": 83.609375}, {"$id": 179, "type": 0, "sounds": [{"w": 0.0, "d": 0.335647583, "p": 72, "v": 84}], "pos": 1.0, "size": 1.0, "_time": 83.890625, "shift": 0.0, "time": 83.890625}, {"$id": 180, "type": 0, "sounds": [{"w": 0.0, "d": 1.1111145, "p": 57, "v": 81}], "pos": 0.0, "size": 1.30000007, "_time": 83.890625, "shift": 0.0, "time": 83.890625}, {"$id": 181, "type": 0, "sounds": [{"w": 0.0, "d": 0.3298645, "p": 74, "v": 84}], "pos": 2.0, "size": 1.0, "_time": 84.16797, "shift": 0.0, "time": 84.16797}, {"$id": 182, "type": 0, "sounds": [{"w": 0.0, "d": 0.277778625, "p": 72, "v": 84}], "pos": 1.0, "size": 1.0, "_time": 84.44531, "shift": 0.0, "time": 84.44531}, {"$id": 183, "type": 0, "sounds": [{"w": 0.0, "d": 0.283569336, "p": 65, "v": 68}], "pos": 0.0, "size": 1.0, "_time": 84.72266, "shift": 0.0, "time": 84.72266}, {"$id": 184, "type": 0, "sounds": [{"w": 0.0, "d": 0.7928238, "p": 64, "v": 78}], "pos": 1.0, "size": 1.0, "_time": 85.0, "shift": 0.0, "time": 85.0}, {"$id": 185, "type": 0, "sounds": [{"w": 0.0, "d": 1.45833588, "p": 48, "v": 73}], "pos": -1.0, "size": 1.30000007, "_time": 85.0, "shift": 0.0, "time": 85.0}, {"$id": 186, "type": 0, "sounds": [{"w": 0.0, "d": 1.15740967, "p": 55, "v": 84}], "pos": 0.0, "size": 1.30000007, "_time": 85.27734, "shift": 0.0, "time": 85.27734}, {"$id": 187, "type": 0, "sounds": [{"w": 0.0, "d": 0.3240738, "p": 65, "v": 70}], "pos": 1.0, "size": 1.0, "_time": 85.83203, "shift": 0.0, "time": 85.83203}, {"$id": 188, "type": 0, "sounds": [{"w": 0.0, "d": 0.283569336, "p": 64, "v": 87}], "pos": 0.0, "size": 1.0, "_time": 86.109375, "shift": 0.0, "time": 86.109375}, {"$id": 189, "type": 0, "sounds": [{"w": 0.0, "d": 0.248847961, "p": 62, "v": 77}], "pos": -1.0, "size": 1.0, "_time": 86.390625, "shift": 0.0, "time": 86.390625}, {"$id": 190, "type": 0, "sounds": [{"w": 0.0, "d": 0.277778625, "p": 64, "v": 83}], "pos": 1.0, "size": 1.0, "_time": 86.66797, "shift": 0.0, "time": 86.66797}, {"$id": 191, "type": 0, "sounds": [{"w": 0.0, "d": 1.35417175, "p": 45, "v": 83}], "pos": -2.0, "size": 1.30000007, "_time": 86.66797, "shift": 0.0, "time": 86.66797}, {"$id": 192, "type": 0, "sounds": [{"w": 0.0, "d": 1.12268829, "p": 52, "v": 84}], "pos": -1.0, "size": 1.30000007, "_time": 86.94531, "shift": 0.0, "time": 86.94531}, {"$id": 193, "type": 0, "sounds": [{"w": 0.0, "d": 0.885421753, "p": 67, "v": 83}], "pos": 2.0, "size": 1.0, "_time": 87.22266, "shift": 0.0, "time": 87.22266}, {"$id": 194, "type": 0, "sounds": [{"w": 0.0, "d": 1.06481934, "p": 55, "v": 88}], "pos": 0.0, "size": 1.30000007, "_time": 87.22266, "shift": 0.0, "time": 87.22266}, {"$id": 195, "type": 0, "sounds": [{"w": 0.0, "d": 0.364585876, "p": 72, "v": 91}], "pos": -1.0, "size": 1.0, "_time": 87.5, "shift": 0.0, "time": 87.5}, {"$id": 196, "type": 0, "sounds": [{"w": 0.0, "d": 0.3125, "p": 74, "v": 91}], "pos": 0.0, "size": 1.0, "_time": 87.77734, "shift": 0.0, "time": 87.77734}, {"$id": 197, "type": 0, "sounds": [{"w": 0.0, "d": 0.306724548, "p": 76, "v": 88}], "pos": 1.0, "size": 1.0, "_time": 88.05469, "shift": 0.0, "time": 88.05469}, {"$id": 198, "type": 0, "sounds": [{"w": 0.0, "d": 0.584495544, "p": 69, "v": 84}, {"w": 0.0, "d": 0.3009262, "p": 77, "v": 87}], "pos": 2.0, "size": 1.0, "_time": 88.33203, "shift": 0.0, "time": 88.33203}, {"$id": 199, "type": 0, "sounds": [{"w": 0.0, "d": 1.47569275, "p": 50, "v": 85}], "pos": -2.0, "size": 1.30000007, "_time": 88.33203, "shift": 0.0, "time": 88.33203}, {"$id": 200, "type": 0, "sounds": [{"w": 0.0, "d": 0.312507629, "p": 76, "v": 88}], "pos": 1.0, "size": 1.0, "_time": 88.609375, "shift": 0.0, "time": 88.609375}, {"$id": 201, "type": 0, "sounds": [{"w": 0.0, "d": 1.18634033, "p": 57, "v": 77}], "pos": -1.0, "size": 1.30000007, "_time": 88.609375, "shift": 0.0, "time": 88.609375}, {"$id": 202, "type": 0, "sounds": [{"w": 0.0, "d": 0.254638672, "p": 74, "v": 91}], "pos": 2.0, "size": 1.0, "_time": 88.890625, "shift": 0.0, "time": 88.890625}, {"$id": 203, "type": 0, "sounds": [{"w": 0.0, "d": 0.9722214, "p": 62, "v": 86}], "pos": 0.0, "size": 1.30000007, "_time": 88.890625, "shift": 0.0, "time": 88.890625}, {"$id": 204, "type": 0, "sounds": [{"w": 0.0, "d": 0.347221375, "p": 69, "v": 86}], "pos": 1.0, "size": 1.0, "_time": 89.16797, "shift": 0.0, "time": 89.16797}, {"$id": 205, "type": 0, "sounds": [{"w": 0.0, "d": 0.8854141, "p": 65, "v": 81}], "pos": 0.0, "size": 1.0, "_time": 89.44531, "shift": 0.0, "time": 89.44531}, {"$id": 206, "type": 0, "sounds": [{"w": 0.0, "d": 1.42939, "p": 43, "v": 73}], "pos": -2.0, "size": 1.30000007, "_time": 90.0, "shift": 0.0, "time": 90.0}, {"$id": 207, "type": 0, "sounds": [{"w": 0.0, "d": 1.42939758, "p": 50, "v": 81}], "pos": -1.0, "size": 1.30000007, "_time": 90.27734, "shift": 0.0, "time": 90.27734}, {"$id": 208, "type": 0, "sounds": [{"w": 0.0, "d": 1.18055725, "p": 53, "v": 86}], "pos": 0.0, "size": 1.30000007, "_time": 90.55469, "shift": 0.0, "time": 90.55469}, {"$id": 209, "type": 0, "sounds": [{"w": 0.0, "d": 0.8969879, "p": 59, "v": 87}], "pos": -1.0, "size": 1.0, "_time": 90.83203, "shift": 0.0, "time": 90.83203}, {"$id": 210, "type": 0, "sounds": [{"w": 0.0, "d": 0.381942749, "p": 62, "v": 81}], "pos": 0.0, "size": 1.0, "_time": 91.109375, "shift": 0.0, "time": 91.109375}, {"$id": 211, "type": 0, "sounds": [{"w": 0.0, "d": 1.38309479, "p": 65, "v": 81}], "pos": 1.0, "size": 1.0, "_time": 91.390625, "shift": 0.0, "time": 91.390625}, {"$id": 212, "type": 0, "sounds": [{"w": 0.0, "d": 0.567131042, "p": 69, "v": 80}], "pos": 2.0, "size": 1.0, "_time": 91.66797, "shift": 0.0, "time": 91.66797}, {"$id": 213, "type": 0, "sounds": [{"w": 0.0, "d": 1.43519592, "p": 43, "v": 77}], "pos": -2.0, "size": 1.30000007, "_time": 91.66797, "shift": 0.0, "time": 91.66797}, {"$id": 214, "type": 0, "sounds": [{"w": 0.0, "d": 1.35995483, "p": 50, "v": 81}], "pos": -1.0, "size": 1.30000007, "_time": 91.94531, "shift": 0.0, "time": 91.94531}, {"$id": 215, "type": 0, "sounds": [{"w": 0.0, "d": 0.6365738, "p": 67, "v": 88}], "pos": 1.0, "size": 1.0, "_time": 92.22266, "shift": 0.0, "time": 92.22266}, {"$id": 216, "type": 0, "sounds": [{"w": 0.0, "d": 1.1111145, "p": 53, "v": 84}], "pos": 0.0, "size": 1.30000007, "_time": 92.22266, "shift": 0.0, "time": 92.22266}, {"$id": 217, "type": 0, "sounds": [{"w": 0.0, "d": 0.555557251, "p": 65, "v": 90}], "pos": 0.0, "size": 1.0, "_time": 92.77734, "shift": 0.0, "time": 92.77734}, {"$id": 218, "type": 0, "sounds": [{"w": 0.0, "d": 0.688652039, "p": 61, "v": 92}, {"w": 0.0, "d": 0.7580948, "p": 69, "v": 81}], "pos": 2.0, "size": 1.0, "_time": 93.33203, "shift": 0.0, "time": 93.33203}, {"$id": 219, "type": 0, "sounds": [{"w": 0.0, "d": 2.78935242, "p": 45, "v": 67}], "pos": -2.0, "size": 1.30000007, "_time": 93.33203, "shift": 0.0, "time": 93.33203}, {"$id": 220, "type": 0, "sounds": [{"w": 0.0, "d": 2.01967621, "p": 52, "v": 81}], "pos": -1.0, "size": 1.30000007, "_time": 93.609375, "shift": 0.0, "time": 93.609375}, {"$id": 221, "type": 0, "sounds": [{"w": 0.0, "d": 1.75926208, "p": 57, "v": 84}], "pos": 0.0, "size": 1.30000007, "_time": 93.890625, "shift": 0.0, "time": 93.890625}, {"$id": 222, "type": 0, "sounds": [{"w": 0.0, "d": 0.237266541, "p": 59, "v": 84}], "pos": -1.0, "size": 1.0, "_time": 94.16797, "shift": 0.0, "time": 94.16797}, {"$id": 223, "type": 0, "sounds": [{"w": 0.0, "d": 0.248840332, "p": 62, "v": 80}], "pos": 0.0, "size": 1.0, "_time": 94.44531, "shift": 0.0, "time": 94.44531}, {"$id": 224, "type": 0, "sounds": [{"w": 0.0, "d": 0.231483459, "p": 64, "v": 69}], "pos": 1.0, "size": 1.0, "_time": 94.72266, "shift": 0.0, "time": 94.72266}, {"$id": 225, "type": 0, "sounds": [{"w": 0.0, "d": 0.555557251, "p": 69, "v": 59}, {"w": 0.0, "d": 0.555557251, "p": 73, "v": 59}], "pos": 2.0, "size": 1.0, "_time": 95.0, "shift": 0.0, "time": 95.0}, {"$id": 226, "type": 0, "sounds": [{"w": 0.0, "d": 0.555557251, "p": 61, "v": 59}, {"w": 0.0, "d": 0.555557251, "p": 64, "v": 59}], "pos": -0.5, "size": 1.0, "_time": 95.0, "shift": 0.0, "time": 95.0}, {"$id": 227, "type": 0, "sounds": [{"w": 0.0, "d": 0.4803238, "p": 57, "v": 104}], "pos": 0.0, "size": 1.0, "_time": 96.11719, "shift": 0.0, "time": 96.11719}, {"$id": 228, "type": 0, "sounds": [{"w": 0.0, "d": 1.09375, "p": 62, "v": 91}], "pos": 1.0, "size": 1.0, "_time": 96.66797, "shift": 0.0, "time": 96.66797}, {"$id": 229, "type": 0, "sounds": [{"w": 0.0, "d": 0.5266113, "p": 38, "v": 92}], "pos": -2.0, "size": 1.30000007, "_time": 96.66797, "shift": 0.0, "time": 96.66797}, {"$id": 230, "type": 0, "sounds": [{"w": 0.0, "d": 0.266204834, "p": 45, "v": 95}], "pos": -1.5, "size": 1.30000007, "_time": 96.94531, "shift": 0.0, "time": 96.94531}, {"$id": 231, "type": 0, "sounds": [{"w": 0.0, "d": 0.306716919, "p": 50, "v": 99}], "pos": -1.0, "size": 1.30000007, "_time": 97.22266, "shift": 0.0, "time": 97.22266}, {"$id": 232, "type": 0, "sounds": [{"w": 0.0, "d": 0.3009262, "p": 52, "v": 100}], "pos": -1.5, "size": 1.30000007, "_time": 97.5, "shift": 0.0, "time": 97.5}, {"$id": 233, "type": 0, "sounds": [{"w": 0.0, "d": 0.462966919, "p": 65, "v": 95}, {"w": 0.0, "d": 0.434028625, "p": 69, "v": 93}], "pos": 2.0, "size": 1.0, "_time": 97.77734, "shift": 0.0, "time": 97.77734}, {"$id": 234, "type": 0, "sounds": [{"w": 0.0, "d": 0.289352417, "p": 53, "v": 98}], "pos": -1.0, "size": 1.30000007, "_time": 97.77734, "shift": 0.0, "time": 97.77734}, {"$id": 235, "type": 0, "sounds": [{"w": 0.0, "d": 0.3356552, "p": 57, "v": 94}], "pos": -0.5, "size": 1.30000007, "_time": 98.05469, "shift": 0.0, "time": 98.05469}, {"$id": 236, "type": 0, "sounds": [{"w": 0.0, "d": 0.758110046, "p": 69, "v": 97}, {"w": 0.0, "d": 0.729171753, "p": 65, "v": 93}, {"w": 0.0, "d": 0.254631042, "p": 62, "v": 93}], "pos": 2.0, "size": 1.0, "_time": 98.33203, "shift": 0.0, "time": 98.33203}, {"$id": 237, "type": 0, "sounds": [{"w": 0.0, "d": 0.254638672, "p": 62, "v": 93}], "pos": 0.0, "size": 1.30000007, "_time": 98.33203, "shift": 0.0, "time": 98.33203}, {"$id": 238, "type": 0, "sounds": [{"w": 0.0, "d": 0.306716919, "p": 57, "v": 98}], "pos": -0.5, "size": 1.30000007, "_time": 98.609375, "shift": 0.0, "time": 98.609375}, {"$id": 239, "type": 0, "sounds": [{"w": 0.0, "d": 0.23727417, "p": 53, "v": 100}], "pos": -1.0, "size": 1.30000007, "_time": 98.890625, "shift": 0.0, "time": 98.890625}, {"$id": 240, "type": 0, "sounds": [{"w": 0.0, "d": 0.289352417, "p": 64, "v": 86}, {"w": 0.0, "d": 0.3240738, "p": 67, "v": 89}], "pos": 1.5, "size": 1.0, "_time": 99.16797, "shift": 0.0, "time": 99.16797}, {"$id": 241, "type": 0, "sounds": [{"w": 0.0, "d": 0.254631042, "p": 52, "v": 91}], "pos": -0.5, "size": 1.30000007, "_time": 99.16797, "shift": 0.0, "time": 99.16797}, {"$id": 242, "type": 0, "sounds": [{"w": 0.0, "d": 0.4571762, "p": 62, "v": 95}, {"w": 0.0, "d": 0.445602417, "p": 65, "v": 89}], "pos": 1.0, "size": 1.0, "_time": 99.44531, "shift": 0.0, "time": 99.44531}, {"$id": 243, "type": 0, "sounds": [{"w": 0.0, "d": 0.254631042, "p": 50, "v": 91}], "pos": -1.0, "size": 1.30000007, "_time": 99.44531, "shift": 0.0, "time": 99.44531}, {"$id": 244, "type": 0, "sounds": [{"w": 0.0, "d": 0.260414124, "p": 45, "v": 96}], "pos": -1.5, "size": 1.30000007, "_time": 99.72266, "shift": 0.0, "time": 99.72266}, {"$id": 245, "type": 0, "sounds": [{"w": 0.0, "d": 0.873847961, "p": 60, "v": 95}, {"w": 0.0, "d": 0.8043976, "p": 64, "v": 94}], "pos": 0.0, "size": 1.0, "_time": 100.0, "shift": 0.0, "time": 100.0}, {"$id": 246, "type": 0, "sounds": [{"w": 0.0, "d": 0.306716919, "p": 36, "v": 98}], "pos": -2.0, "size": 1.30000007, "_time": 100.0, "shift": 0.0, "time": 100.0}, {"$id": 247, "type": 0, "sounds": [{"w": 0.0, "d": 0.271995544, "p": 43, "v": 91}], "pos": -1.5, "size": 1.30000007, "_time": 100.277344, "shift": 0.0, "time": 100.277344}, {"$id": 248, "type": 0, "sounds": [{"w": 0.0, "d": 0.237266541, "p": 48, "v": 99}], "pos": -1.0, "size": 1.30000007, "_time": 100.554688, "shift": 0.0, "time": 100.554688}, {"$id": 249, "type": 0, "sounds": [{"w": 0.0, "d": 0.306716919, "p": 62, "v": 90}, {"w": 0.0, "d": 0.3182907, "p": 65, "v": 78}], "pos": 1.0, "size": 1.0, "_time": 100.832031, "shift": 0.0, "time": 100.832031}, {"$id": 250, "type": 0, "sounds": [{"w": 0.0, "d": 0.3414383, "p": 50, "v": 100}], "pos": -1.5, "size": 1.30000007, "_time": 100.832031, "shift": 0.0, "time": 100.832031}, {"$id": 251, "type": 0, "sounds": [{"w": 0.0, "d": 0.3703766, "p": 60, "v": 93}, {"w": 0.0, "d": 0.555557251, "p": 64, "v": 87}], "pos": 0.5, "size": 1.0, "_time": 101.109375, "shift": 0.0, "time": 101.109375}, {"$id": 252, "type": 0, "sounds": [{"w": 0.0, "d": 0.277778625, "p": 52, "v": 102}], "pos": -1.0, "size": 1.30000007, "_time": 101.109375, "shift": 0.0, "time": 101.109375}, {"$id": 253, "type": 0, "sounds": [{"w": 0.0, "d": 0.335639954, "p": 55, "v": 93}], "pos": -0.5, "size": 1.30000007, "_time": 101.390625, "shift": 0.0, "time": 101.390625}, {"$id": 254, "type": 0, "sounds": [{"w": 0.0, "d": 0.9143524, "p": 60, "v": 99}], "pos": 0.0, "size": 1.0, "_time": 101.667969, "shift": 0.0, "time": 101.667969}, {"$id": 255, "type": 0, "sounds": [{"w": 0.0, "d": 0.283569336, "p": 55, "v": 91}], "pos": -0.5, "size": 1.30000007, "_time": 101.945313, "shift": 0.0, "time": 101.945313}, {"$id": 256, "type": 0, "sounds": [{"w": 0.0, "d": 0.266204834, "p": 52, "v": 63}], "pos": -1.0, "size": 1.30000007, "_time": 102.222656, "shift": 0.0, "time": 102.222656}, {"$id": 257, "type": 0, "sounds": [{"w": 0.0, "d": 0.237266541, "p": 50, "v": 88}], "pos": -0.5, "size": 1.30000007, "_time": 102.5, "shift": 0.0, "time": 102.5}, {"$id": 258, "type": 0, "sounds": [{"w": 0.0, "d": 0.532409668, "p": 57, "v": 93}], "pos": 0.5, "size": 1.0, "_time": 102.777344, "shift": 0.0, "time": 102.777344}, {"$id": 259, "type": 0, "sounds": [{"w": 0.0, "d": 0.248840332, "p": 48, "v": 90}], "pos": -1.0, "size": 1.30000007, "_time": 102.777344, "shift": 0.0, "time": 102.777344}, {"$id": 260, "type": 0, "sounds": [{"w": 0.0, "d": 0.243057251, "p": 43, "v": 78}], "pos": -1.5, "size": 1.30000007, "_time": 103.054688, "shift": 0.0, "time": 103.054688}, {"$id": 261, "type": 0, "sounds": [{"w": 0.0, "d": 1.12268066, "p": 62, "v": 96}], "pos": 1.0, "size": 1.0, "_time": 103.332031, "shift": 0.0, "time": 103.332031}, {"$id": 262, "type": 0, "sounds": [{"w": 0.0, "d": 0.5555496, "p": 38, "v": 91}], "pos": -2.0, "size": 1.30000007, "_time": 103.332031, "shift": 0.0, "time": 103.332031}, {"$id": 263, "type": 0, "sounds": [{"w": 0.0, "d": 0.266204834, "p": 45, "v": 93}], "pos": -1.5, "size": 1.30000007, "_time": 103.609375, "shift": 0.0, "time": 103.609375}, {"$id": 264, "type": 0, "sounds": [{"w": 0.0, "d": 0.289352417, "p": 50, "v": 97}], "pos": -1.0, "size": 1.30000007, "_time": 103.890625, "shift": 0.0, "time": 103.890625}, {"$id": 265, "type": 0, "sounds": [{"w": 0.0, "d": 0.3182907, "p": 52, "v": 99}], "pos": -1.5, "size": 1.30000007, "_time": 104.167969, "shift": 0.0, "time": 104.167969}, {"$id": 266, "type": 0, "sounds": [{"w": 0.0, "d": 0.4976883, "p": 65, "v": 93}, {"w": 0.0, "d": 0.5208359, "p": 69, "v": 94}], "pos": 1.0, "size": 1.0, "_time": 104.445313, "shift": 0.0, "time": 104.445313}, {"$id": 267, "type": 0, "sounds": [{"w": 0.0, "d": 0.289352417, "p": 53, "v": 102}], "pos": -1.0, "size": 1.30000007, "_time": 104.445313, "shift": 0.0, "time": 104.445313}, {"$id": 268, "type": 0, "sounds": [{"w": 0.0, "d": 0.3298645, "p": 57, "v": 98}], "pos": -0.5, "size": 1.30000007, "_time": 104.722656, "shift": 0.0, "time": 104.722656}, {"$id": 269, "type": 0, "sounds": [{"w": 0.0, "d": 1.3136673, "p": 65, "v": 95}, {"w": 0.0, "d": 0.827545166, "p": 72, "v": 93}], "pos": 2.0, "size": 1.0, "_time": 105.0, "shift": 0.0, "time": 105.0}, {"$id": 270, "type": 0, "sounds": [{"w": 0.0, "d": 0.266212463, "p": 60, "v": 93}], "pos": 0.0, "size": 1.30000007, "_time": 105.0, "shift": 0.0, "time": 105.0}, {"$id": 271, "type": 0, "sounds": [{"w": 0.0, "d": 0.295143127, "p": 57, "v": 87}], "pos": -0.5, "size": 1.30000007, "_time": 105.277344, "shift": 0.0, "time": 105.277344}, {"$id": 272, "type": 0, "sounds": [{"w": 0.0, "d": 0.254631042, "p": 53, "v": 98}], "pos": -1.0, "size": 1.30000007, "_time": 105.554688, "shift": 0.0, "time": 105.554688}, {"$id": 273, "type": 0, "sounds": [{"w": 0.0, "d": 0.306716919, "p": 71, "v": 92}], "pos": 1.5, "size": 1.0, "_time": 105.832031, "shift": 0.0, "time": 105.832031}, {"$id": 274, "type": 0, "sounds": [{"w": 0.0, "d": 0.260414124, "p": 52, "v": 85}], "pos": -0.5, "size": 1.30000007, "_time": 105.832031, "shift": 0.0, "time": 105.832031}, {"$id": 275, "type": 0, "sounds": [{"w": 0.0, "d": 0.555557251, "p": 69, "v": 97}], "pos": 1.0, "size": 1.0, "_time": 106.109375, "shift": 0.0, "time": 106.109375}, {"$id": 276, "type": 0, "sounds": [{"w": 0.0, "d": 0.283569336, "p": 50, "v": 91}], "pos": -1.0, "size": 1.30000007, "_time": 106.109375, "shift": 0.0, "time": 106.109375}, {"$id": 277, "type": 0, "sounds": [{"w": 0.0, "d": 0.260421753, "p": 45, "v": 87}], "pos": -1.5, "size": 1.30000007, "_time": 106.390625, "shift": 0.0, "time": 106.390625}, {"$id": 278, "type": 0, "sounds": [{"w": 0.0, "d": 1.42940521, "p": 64, "v": 93}, {"w": 0.0, "d": 0.856483459, "p": 68, "v": 100}], "pos": 0.0, "size": 1.0, "_time": 106.667969, "shift": 0.0, "time": 106.667969}, {"$id": 279, "type": 0, "sounds": [{"w": 0.0, "d": 0.54977417, "p": 40, "v": 95}], "pos": -2.0, "size": 1.30000007, "_time": 106.667969, "shift": 0.0, "time": 106.667969}, {"$id": 280, "type": 0, "sounds": [{"w": 0.0, "d": 0.243057251, "p": 47, "v": 98}], "pos": -1.5, "size": 1.30000007, "_time": 106.945313, "shift": 0.0, "time": 106.945313}, {"$id": 281, "type": 0, "sounds": [{"w": 0.0, "d": 0.237266541, "p": 50, "v": 102}], "pos": -1.0, "size": 1.30000007, "_time": 107.222656, "shift": 0.0, "time": 107.222656}, {"$id": 282, "type": 0, "sounds": [{"w": 0.0, "d": 0.289352417, "p": 69, "v": 96}], "pos": 0.5, "size": 1.0, "_time": 107.5, "shift": 0.0, "time": 107.5}, {"$id": 283, "type": 0, "sounds": [{"w": 0.0, "d": 0.445602417, "p": 52, "v": 95}], "pos": -1.5, "size": 1.30000007, "_time": 107.5, "shift": 0.0, "time": 107.5}, {"$id": 284, "type": 0, "sounds": [{"w": 0.0, "d": 0.277778625, "p": 71, "v": 94}], "pos": 1.27777779, "size": 1.0, "_time": 107.777344, "shift": 0.0, "time": 107.777344}, {"$id": 285, "type": 0, "sounds": [{"w": 0.0, "d": 0.243057251, "p": 56, "v": 101}], "pos": -1.0, "size": 1.30000007, "_time": 107.777344, "shift": 0.0, "time": 107.777344}, {"$id": 286, "type": 0, "sounds": [{"w": 0.0, "d": 0.295143127, "p": 72, "v": 97}], "pos": 2.0, "size": 1.0, "_time": 108.054688, "shift": 0.0, "time": 108.054688}, {"$id": 287, "type": 0, "sounds": [{"w": 0.0, "d": 0.231483459, "p": 59, "v": 101}], "pos": -0.5, "size": 1.30000007, "_time": 108.054688, "shift": 0.0, "time": 108.054688}, {"$id": 288, "type": 0, "sounds": [{"w": 0.0, "d": 0.891212463, "p": 64, "v": 95}, {"w": 0.0, "d": 0.8044052, "p": 69, "v": 91}], "pos": 1.0, "size": 1.0, "_time": 108.332031, "shift": 0.0, "time": 108.332031}, {"$id": 289, "type": 0, "sounds": [{"w": 0.0, "d": 0.4861145, "p": 45, "v": 97}], "pos": -2.0, "size": 1.30000007, "_time": 108.332031, "shift": 0.0, "time": 108.332031}, {"$id": 290, "type": 0, "sounds": [{"w": 0.0, "d": 0.260421753, "p": 52, "v": 93}], "pos": -1.5, "size": 1.30000007, "_time": 108.609375, "shift": 0.0, "time": 108.609375}, {"$id": 291, "type": 0, "sounds": [{"w": 0.0, "d": 0.295143127, "p": 57, "v": 98}], "pos": -1.0, "size": 1.30000007, "_time": 108.890625, "shift": 0.0, "time": 108.890625}, {"$id": 292, "type": 0, "sounds": [{"w": 0.0, "d": 0.4571762, "p": 59, "v": 94}], "pos": -1.5, "size": 1.30000007, "_time": 109.167969, "shift": 0.0, "time": 109.167969}, {"$id": 293, "type": 0, "sounds": [{"w": 0.0, "d": 0.248840332, "p": 69, "v": 95}], "pos": 0.5, "size": 1.0, "_time": 109.445313, "shift": 0.0, "time": 109.445313}, {"$id": 294, "type": 0, "sounds": [{"w": 0.0, "d": 0.283569336, "p": 60, "v": 99}], "pos": -1.0, "size": 1.30000007, "_time": 109.445313, "shift": 0.0, "time": 109.445313}, {"$id": 295, "type": 0, "sounds": [{"w": 0.0, "d": 0.3009262, "p": 71, "v": 93}], "pos": 1.19444489, "size": 1.0, "_time": 109.722656, "shift": 0.0, "time": 109.722656}, {"$id": 296, "type": 0, "sounds": [{"w": 0.0, "d": 0.104171753, "p": 64, "v": 101}], "pos": -0.5, "size": 1.30000007, "_time": 109.722656, "shift": 0.0, "time": 109.722656}, {"$id": 297, "type": 0, "sounds": [{"w": 0.0, "d": 0.653930664, "p": 62, "v": 97}, {"w": 0.0, "d": 1.10531616, "p": 66, "v": 100}, {"w": 0.0, "d": 0.7986069, "p": 72, "v": 95}], "pos": 2.0, "size": 1.0, "_time": 110.0, "shift": 0.0, "time": 110.0}, {"$id": 298, "type": 0, "sounds": [{"w": 0.0, "d": 0.497680664, "p": 38, "v": 96}], "pos": -2.0, "size": 1.30000007, "_time": 110.0, "shift": 0.0, "time": 110.0}, {"$id": 299, "type": 0, "sounds": [{"w": 0.0, "d": 0.266204834, "p": 45, "v": 93}], "pos": -1.5, "size": 1.30000007, "_time": 110.277344, "shift": 0.0, "time": 110.277344}, {"$id": 300, "type": 0, "sounds": [{"w": 0.0, "d": 0.208335876, "p": 50, "v": 100}], "pos": -1.0, "size": 1.30000007, "_time": 110.554688, "shift": 0.0, "time": 110.554688}, {"$id": 301, "type": 0, "sounds": [{"w": 0.0, "d": 0.422454834, "p": 52, "v": 99}], "pos": -1.5, "size": 1.30000007, "_time": 110.832031, "shift": 0.0, "time": 110.832031}, {"$id": 302, "type": 0, "sounds": [{"w": 0.0, "d": 0.266204834, "p": 54, "v": 97}], "pos": -1.0, "size": 1.30000007, "_time": 111.109375, "shift": 0.0, "time": 111.109375}, {"$id": 303, "type": 0, "sounds": [{"w": 0.0, "d": 0.3125, "p": 71, "v": 94}], "pos": 2.0, "size": 1.0, "_time": 111.113281, "shift": 0.0, "time": 111.113281}, {"$id": 304, "type": 0, "sounds": [{"w": 0.0, "d": 0.289352417, "p": 69, "v": 97}], "pos": 1.13888884, "size": 1.0, "_time": 111.390625, "shift": 0.0, "time": 111.390625}, {"$id": 305, "type": 0, "sounds": [{"w": 0.0, "d": 0.190971375, "p": 57, "v": 99}], "pos": -0.5, "size": 1.30000007, "_time": 111.390625, "shift": 0.0, "time": 111.390625}, {"$id": 306, "type": 0, "sounds": [{"w": 0.0, "d": 0.868057251, "p": 67, "v": 93}], "pos": 0.5, "size": 1.0, "_time": 111.667969, "shift": 0.0, "time": 111.667969}, {"$id": 307, "type": 0, "sounds": [{"w": 0.0, "d": 0.5208359, "p": 43, "v": 67}], "pos": -2.0, "size": 1.30000007, "_time": 111.667969, "shift": 0.0, "time": 111.667969}, {"$id": 308, "type": 0, "sounds": [{"w": 0.0, "d": 0.271995544, "p": 50, "v": 95}], "pos": -1.5, "size": 1.30000007, "_time": 111.945313, "shift": 0.0, "time": 111.945313}, {"$id": 309, "type": 0, "sounds": [{"w": 0.0, "d": 0.289352417, "p": 55, "v": 97}], "pos": -1.0, "size": 1.30000007, "_time": 112.222656, "shift": 0.0, "time": 112.222656}, {"$id": 310, "type": 0, "sounds": [{"w": 0.0, "d": 0.3125, "p": 57, "v": 101}], "pos": -1.5, "size": 1.30000007, "_time": 112.5, "shift": 0.0, "time": 112.5}, {"$id": 311, "type": 0, "sounds": [{"w": 0.0, "d": 0.3182907, "p": 67, "v": 98}], "pos": 0.5, "size": 1.0, "_time": 112.777344, "shift": 0.0, "time": 112.777344}, {"$id": 312, "type": 0, "sounds": [{"w": 0.0, "d": 0.260414124, "p": 59, "v": 102}], "pos": -1.0, "size": 1.30000007, "_time": 112.777344, "shift": 0.0, "time": 112.777344}, {"$id": 313, "type": 0, "sounds": [{"w": 0.0, "d": 0.283576965, "p": 69, "v": 90}], "pos": 1.0, "size": 1.0, "_time": 113.054688, "shift": 0.0, "time": 113.054688}, {"$id": 314, "type": 0, "sounds": [{"w": 0.0, "d": 0.109954834, "p": 62, "v": 96}], "pos": -0.5, "size": 1.30000007, "_time": 113.054688, "shift": 0.0, "time": 113.054688}, {"$id": 315, "type": 0, "sounds": [{"w": 0.0, "d": 1.11690521, "p": 64, "v": 93}, {"w": 0.0, "d": 0.78125, "p": 70, "v": 97}], "pos": 1.5, "size": 1.0, "_time": 113.332031, "shift": 0.0, "time": 113.332031}, {"$id": 316, "type": 0, "sounds": [{"w": 0.0, "d": 0.555557251, "p": 36, "v": 97}], "pos": -2.0, "size": 1.30000007, "_time": 113.332031, "shift": 0.0, "time": 113.332031}, {"$id": 317, "type": 0, "sounds": [{"w": 0.0, "d": 0.271987915, "p": 43, "v": 95}], "pos": -1.5, "size": 1.30000007, "_time": 113.613281, "shift": 0.0, "time": 113.613281}, {"$id": 318, "type": 0, "sounds": [{"w": 0.0, "d": 0.254631042, "p": 48, "v": 97}], "pos": -1.0, "size": 1.30000007, "_time": 113.890625, "shift": 0.0, "time": 113.890625}, {"$id": 319, "type": 0, "sounds": [{"w": 0.0, "d": 0.555557251, "p": 50, "v": 100}], "pos": -1.5, "size": 1.30000007, "_time": 114.167969, "shift": 0.0, "time": 114.167969}, {"$id": 320, "type": 0, "sounds": [{"w": 0.0, "d": 0.3240738, "p": 69, "v": 91}], "pos": 2.0, "size": 1.0, "_time": 114.445313, "shift": 0.0, "time": 114.445313}, {"$id": 321, "type": 0, "sounds": [{"w": 0.0, "d": 0.283569336, "p": 52, "v": 96}], "pos": -1.0, "size": 1.30000007, "_time": 114.445313, "shift": 0.0, "time": 114.445313}, {"$id": 322, "type": 0, "sounds": [{"w": 0.0, "d": 0.295143127, "p": 67, "v": 96}], "pos": 1.25000072, "size": 1.0, "_time": 114.722656, "shift": 0.0, "time": 114.722656}, {"$id": 323, "type": 0, "sounds": [{"w": 0.0, "d": 0.15625, "p": 55, "v": 100}], "pos": -0.5, "size": 1.30000007, "_time": 114.722656, "shift": 0.0, "time": 114.722656}, {"$id": 324, "type": 0, "sounds": [{"w": 0.0, "d": 0.873840332, "p": 60, "v": 93}, {"w": 0.0, "d": 0.9027786, "p": 65, "v": 95}], "pos": 0.5, "size": 1.0, "_time": 115.0, "shift": 0.0, "time": 115.0}, {"$id": 325, "type": 0, "sounds": [{"w": 0.0, "d": 0.572921753, "p": 41, "v": 99}], "pos": -2.0, "size": 1.30000007, "_time": 115.0, "shift": 0.0, "time": 115.0}, {"$id": 326, "type": 0, "sounds": [{"w": 0.0, "d": 0.277778625, "p": 48, "v": 94}], "pos": -1.5, "size": 1.30000007, "_time": 115.277344, "shift": 0.0, "time": 115.277344}, {"$id": 327, "type": 0, "sounds": [{"w": 0.0, "d": 0.295143127, "p": 53, "v": 97}], "pos": -1.0, "size": 1.30000007, "_time": 115.554688, "shift": 0.0, "time": 115.554688}, {"$id": 328, "type": 0, "sounds": [{"w": 0.0, "d": 0.5092621, "p": 55, "v": 102}], "pos": -1.5, "size": 1.30000007, "_time": 115.832031, "shift": 0.0, "time": 115.832031}, {"$id": 329, "type": 0, "sounds": [{"w": 0.0, "d": 0.243057251, "p": 65, "v": 96}], "pos": 0.5, "size": 1.0, "_time": 116.113281, "shift": 0.0, "time": 116.113281}, {"$id": 330, "type": 0, "sounds": [{"w": 0.0, "d": 0.271995544, "p": 57, "v": 95}], "pos": -1.0, "size": 1.30000007, "_time": 116.113281, "shift": 0.0, "time": 116.113281}, {"$id": 331, "type": 0, "sounds": [{"w": 0.0, "d": 0.283569336, "p": 67, "v": 91}], "pos": 1.0, "size": 1.0, "_time": 116.390625, "shift": 0.0, "time": 116.390625}, {"$id": 332, "type": 0, "sounds": [{"w": 0.0, "d": 0.0520858765, "p": 60, "v": 67}], "pos": -0.5, "size": 1.30000007, "_time": 116.390625, "shift": 0.0, "time": 116.390625}, {"$id": 333, "type": 0, "sounds": [{"w": 0.0, "d": 0.9375, "p": 62, "v": 95}, {"w": 0.0, "d": 1.16898346, "p": 69, "v": 88}], "pos": 1.5, "size": 1.0, "_time": 116.667969, "shift": 0.0, "time": 116.667969}, {"$id": 334, "type": 0, "sounds": [{"w": 0.0, "d": 0.306716919, "p": 46, "v": 101}], "pos": -2.0, "size": 1.30000007, "_time": 116.667969, "shift": 0.0, "time": 116.667969}, {"$id": 335, "type": 0, "sounds": [{"w": 0.0, "d": 0.3125, "p": 53, "v": 99}], "pos": -1.5, "size": 1.30000007, "_time": 116.945313, "shift": 0.0, "time": 116.945313}, {"$id": 336, "type": 0, "sounds": [{"w": 0.0, "d": 0.3240738, "p": 57, "v": 87}], "pos": -1.0, "size": 1.30000007, "_time": 117.222656, "shift": 0.0, "time": 117.222656}, {"$id": 337, "type": 0, "sounds": [{"w": 0.0, "d": 0.248840332, "p": 53, "v": 94}], "pos": -1.5, "size": 1.30000007, "_time": 117.5, "shift": 0.0, "time": 117.5}, {"$id": 338, "type": 0, "sounds": [{"w": 0.0, "d": 0.3009262, "p": 67, "v": 96}], "pos": 1.0, "size": 1.0, "_time": 117.777344, "shift": 0.0, "time": 117.777344}, {"$id": 339, "type": 0, "sounds": [{"w": 0.0, "d": 0.271987915, "p": 62, "v": 93}], "pos": -0.5, "size": 1.30000007, "_time": 117.777344, "shift": 0.0, "time": 117.777344}, {"$id": 340, "type": 0, "sounds": [{"w": 0.0, "d": 0.277778625, "p": 65, "v": 93}], "pos": 0.5, "size": 1.0, "_time": 118.054688, "shift": 0.0, "time": 118.054688}, {"$id": 341, "type": 0, "sounds": [{"w": 0.0, "d": 0.144676208, "p": 57, "v": 91}], "pos": -1.5, "size": 1.30000007, "_time": 118.054688, "shift": 0.0, "time": 118.054688}, {"$id": 342, "type": 0, "sounds": [{"w": 0.0, "d": 0.833328247, "p": 64, "v": 94}], "pos": 0.0, "size": 1.0, "_time": 118.332031, "shift": 0.0, "time": 118.332031}, {"$id": 343, "type": 0, "sounds": [{"w": 0.0, "d": 0.335647583, "p": 43, "v": 100}], "pos": -2.0, "size": 1.30000007, "_time": 118.332031, "shift": 0.0, "time": 118.332031}, {"$id": 344, "type": 0, "sounds": [{"w": 0.0, "d": 0.3009262, "p": 50, "v": 98}], "pos": -1.5, "size": 1.30000007, "_time": 118.613281, "shift": 0.0, "time": 118.613281}, {"$id": 345, "type": 0, "sounds": [{"w": 0.0, "d": 0.358795166, "p": 53, "v": 99}], "pos": -1.0, "size": 1.30000007, "_time": 118.890625, "shift": 0.0, "time": 118.890625}, {"$id": 346, "type": 0, "sounds": [{"w": 0.0, "d": 0.335647583, "p": 62, "v": 100}], "pos": 0.5, "size": 1.0, "_time": 119.167969, "shift": 0.0, "time": 119.167969}, {"$id": 347, "type": 0, "sounds": [{"w": 0.0, "d": 0.3125, "p": 50, "v": 64}], "pos": -1.5, "size": 1.30000007, "_time": 119.167969, "shift": 0.0, "time": 119.167969}, {"$id": 348, "type": 0, "sounds": [{"w": 0.0, "d": 0.277778625, "p": 64, "v": 97}], "pos": 1.27777791, "size": 1.0, "_time": 119.445313, "shift": 0.0, "time": 119.445313}, {"$id": 349, "type": 0, "sounds": [{"w": 0.0, "d": 0.271987915, "p": 59, "v": 93}], "pos": -0.5, "size": 1.30000007, "_time": 119.445313, "shift": 0.0, "time": 119.445313}, {"$id": 350, "type": 0, "sounds": [{"w": 0.0, "d": 0.289352417, "p": 65, "v": 92}], "pos": 2.0, "size": 1.0, "_time": 119.722656, "shift": 0.0, "time": 119.722656}, {"$id": 351, "type": 0, "sounds": [{"w": 0.0, "d": 0.121528625, "p": 53, "v": 98}], "pos": -1.5, "size": 1.30000007, "_time": 119.722656, "shift": 0.0, "time": 119.722656}, {"$id": 352, "type": 0, "sounds": [{"w": 0.0, "d": 1.62037659, "p": 64, "v": 92}], "pos": 1.0, "size": 1.0, "_time": 120.0, "shift": 0.0, "time": 120.0}, {"$id": 353, "type": 0, "sounds": [{"w": 0.0, "d": 3.28125763, "p": 45, "v": 97}], "pos": -2.0, "size": 1.30000007, "_time": 120.0, "shift": 0.0, "time": 120.0}, {"$id": 354, "type": 0, "sounds": [{"w": 0.0, "d": 2.99768829, "p": 49, "v": 102}], "pos": -1.5, "size": 1.30000007, "_time": 120.277344, "shift": 0.0, "time": 120.277344}, {"$id": 355, "type": 0, "sounds": [{"w": 0.0, "d": 2.731491, "p": 52, "v": 93}], "pos": -1.0, "size": 1.30000007, "_time": 120.554688, "shift": 0.0, "time": 120.554688}, {"$id": 356, "type": 0, "sounds": [{"w": 0.0, "d": 2.471077, "p": 55, "v": 88}], "pos": -0.5, "size": 1.30000007, "_time": 120.832031, "shift": 0.0, "time": 120.832031}, {"$id": 357, "type": 0, "sounds": [{"w": 0.0, "d": 0.283569336, "p": 57, "v": 83}], "pos": -1.0, "size": 1.0, "_time": 121.113281, "shift": 0.0, "time": 121.113281}, {"$id": 358, "type": 0, "sounds": [{"w": 0.0, "d": 0.277778625, "p": 59, "v": 92}], "pos": 0.0, "size": 1.0, "_time": 121.390625, "shift": 0.0, "time": 121.390625}, {"$id": 359, "type": 0, "sounds": [{"w": 0.0, "d": 0.283569336, "p": 61, "v": 103}], "pos": 1.0, "size": 1.0, "_time": 121.667969, "shift": 0.0, "time": 121.667969}, {"$id": 360, "type": 0, "sounds": [{"w": 0.0, "d": 0.416664124, "p": 65, "v": 95}], "pos": 2.0, "size": 1.0, "_time": 122.222656, "shift": 0.0, "time": 122.222656}, {"$id": 361, "type": 0, "sounds": [{"w": 0.0, "d": 0.3125, "p": 64, "v": 97}], "pos": 1.0, "size": 1.0, "_time": 122.777344, "shift": 0.0, "time": 122.777344}, {"$id": 362, "type": 0, "sounds": [{"w": 0.0, "d": 1.09375, "p": 62, "v": 101}], "pos": 0.0, "size": 1.0, "_time": 123.332031, "shift": 0.0, "time": 123.332031}, {"$id": 363, "type": 0, "sounds": [{"w": 0.0, "d": 0.526618958, "p": 38, "v": 102}], "pos": -2.0, "size": 1.30000007, "_time": 123.332031, "shift": 0.0, "time": 123.332031}, {"$id": 364, "type": 0, "sounds": [{"w": 0.0, "d": 0.266204834, "p": 45, "v": 105}], "pos": -1.5, "size": 1.30000007, "_time": 123.613281, "shift": 0.0, "time": 123.613281}, {"$id": 365, "type": 0, "sounds": [{"w": 0.0, "d": 0.306716919, "p": 50, "v": 109}], "pos": -1.0, "size": 1.30000007, "_time": 123.890625, "shift": 0.0, "time": 123.890625}, {"$id": 366, "type": 0, "sounds": [{"w": 0.0, "d": 0.3009262, "p": 52, "v": 110}], "pos": -1.5, "size": 1.30000007, "_time": 124.167969, "shift": 0.0, "time": 124.167969}, {"$id": 367, "type": 0, "sounds": [{"w": 0.0, "d": 0.462966919, "p": 65, "v": 105}, {"w": 0.0, "d": 0.434028625, "p": 69, "v": 103}], "pos": 2.0, "size": 1.0, "_time": 124.445313, "shift": 0.0, "time": 124.445313}, {"$id": 368, "type": 0, "sounds": [{"w": 0.0, "d": 0.289352417, "p": 53, "v": 108}], "pos": -1.0, "size": 1.30000007, "_time": 124.445313, "shift": 0.0, "time": 124.445313}, {"$id": 369, "type": 0, "sounds": [{"w": 0.0, "d": 0.3356552, "p": 57, "v": 104}], "pos": -0.5, "size": 1.30000007, "_time": 124.722656, "shift": 0.0, "time": 124.722656}, {"$id": 370, "type": 0, "sounds": [{"w": 0.0, "d": 0.729171753, "p": 65, "v": 103}, {"w": 0.0, "d": 0.758110046, "p": 69, "v": 107}], "pos": 2.0, "size": 1.0, "_time": 125.0, "shift": 0.0, "time": 125.0}, {"$id": 371, "type": 0, "sounds": [{"w": 0.0, "d": 0.254631042, "p": 62, "v": 103}], "pos": 0.0, "size": 1.30000007, "_time": 125.0, "shift": 0.0, "time": 125.0}, {"$id": 372, "type": 0, "sounds": [{"w": 0.0, "d": 0.306716919, "p": 57, "v": 108}], "pos": -0.5, "size": 1.30000007, "_time": 125.277344, "shift": 0.0, "time": 125.277344}, {"$id": 373, "type": 0, "sounds": [{"w": 0.0, "d": 0.23727417, "p": 53, "v": 110}], "pos": -1.0, "size": 1.30000007, "_time": 125.554688, "shift": 0.0, "time": 125.554688}, {"$id": 374, "type": 0, "sounds": [{"w": 0.0, "d": 0.289352417, "p": 64, "v": 96}, {"w": 0.0, "d": 0.3240738, "p": 67, "v": 99}], "pos": 1.5, "size": 1.0, "_time": 125.832031, "shift": 0.0, "time": 125.832031}, {"$id": 375, "type": 0, "sounds": [{"w": 0.0, "d": 0.254631042, "p": 52, "v": 101}], "pos": -0.5, "size": 1.30000007, "_time": 125.832031, "shift": 0.0, "time": 125.832031}, {"$id": 376, "type": 0, "sounds": [{"w": 0.0, "d": 0.4571762, "p": 62, "v": 105}, {"w": 0.0, "d": 0.445602417, "p": 65, "v": 99}], "pos": 1.0, "size": 1.0, "_time": 126.113281, "shift": 0.0, "time": 126.113281}, {"$id": 377, "type": 0, "sounds": [{"w": 0.0, "d": 0.254631042, "p": 50, "v": 101}], "pos": -1.0, "size": 1.30000007, "_time": 126.113281, "shift": 0.0, "time": 126.113281}, {"$id": 378, "type": 0, "sounds": [{"w": 0.0, "d": 0.260421753, "p": 45, "v": 106}], "pos": -1.5, "size": 1.30000007, "_time": 126.390625, "shift": 0.0, "time": 126.390625}, {"$id": 379, "type": 0, "sounds": [{"w": 0.0, "d": 0.873847961, "p": 60, "v": 105}, {"w": 0.0, "d": 0.8043976, "p": 64, "v": 104}], "pos": 0.0, "size": 1.0, "_time": 126.667969, "shift": 0.0, "time": 126.667969}, {"$id": 380, "type": 0, "sounds": [{"w": 0.0, "d": 0.306716919, "p": 36, "v": 108}], "pos": -2.0, "size": 1.30000007, "_time": 126.667969, "shift": 0.0, "time": 126.667969}, {"$id": 381, "type": 0, "sounds": [{"w": 0.0, "d": 0.271995544, "p": 43, "v": 101}], "pos": -1.5, "size": 1.30000007, "_time": 126.945313, "shift": 0.0, "time": 126.945313}, {"$id": 382, "type": 0, "sounds": [{"w": 0.0, "d": 0.237266541, "p": 48, "v": 109}], "pos": -1.0, "size": 1.30000007, "_time": 127.222656, "shift": 0.0, "time": 127.222656}, {"$id": 383, "type": 0, "sounds": [{"w": 0.0, "d": 0.306716919, "p": 62, "v": 100}, {"w": 0.0, "d": 0.3182907, "p": 65, "v": 88}], "pos": 1.0, "size": 1.0, "_time": 127.5, "shift": 0.0, "time": 127.5}, {"$id": 384, "type": 0, "sounds": [{"w": 0.0, "d": 0.3414383, "p": 50, "v": 110}], "pos": -1.5, "size": 1.30000007, "_time": 127.5, "shift": 0.0, "time": 127.5}, {"$id": 385, "type": 0, "sounds": [{"w": 0.0, "d": 0.503479, "p": 64, "v": 103}, {"w": 0.0, "d": 0.497695923, "p": 67, "v": 105}], "pos": 1.5, "size": 1.0, "_time": 127.777344, "shift": 0.0, "time": 127.777344}, {"$id": 386, "type": 0, "sounds": [{"w": 0.0, "d": 0.277786255, "p": 52, "v": 112}], "pos": -1.0, "size": 1.30000007, "_time": 127.777344, "shift": 0.0, "time": 127.777344}, {"$id": 387, "type": 0, "sounds": [{"w": 0.0, "d": 0.335647583, "p": 55, "v": 103}], "pos": -0.5, "size": 1.30000007, "_time": 128.054688, "shift": 0.0, "time": 128.054688}, {"$id": 388, "type": 0, "sounds": [{"w": 0.0, "d": 0.966430664, "p": 60, "v": 106}, {"w": 0.0, "d": 0.9606476, "p": 64, "v": 104}], "pos": 0.0, "size": 1.0, "_time": 128.332031, "shift": 0.0, "time": 128.332031}, {"$id": 389, "type": 0, "sounds": [{"w": 0.0, "d": 0.283554077, "p": 55, "v": 101}], "pos": -0.5, "size": 1.30000007, "_time": 128.613281, "shift": 0.0, "time": 128.613281}, {"$id": 390, "type": 0, "sounds": [{"w": 0.0, "d": 0.266204834, "p": 52, "v": 73}], "pos": -1.0, "size": 1.30000007, "_time": 128.890625, "shift": 0.0, "time": 128.890625}, {"$id": 391, "type": 0, "sounds": [{"w": 0.0, "d": 0.23727417, "p": 50, "v": 98}], "pos": -0.5, "size": 1.30000007, "_time": 129.167969, "shift": 0.0, "time": 129.167969}, {"$id": 392, "type": 0, "sounds": [{"w": 0.0, "d": 0.532409668, "p": 57, "v": 103}], "pos": 0.5, "size": 1.0, "_time": 129.445313, "shift": 0.0, "time": 129.445313}, {"$id": 393, "type": 0, "sounds": [{"w": 0.0, "d": 0.248840332, "p": 48, "v": 100}], "pos": -1.0, "size": 1.30000007, "_time": 129.445313, "shift": 0.0, "time": 129.445313}, {"$id": 394, "type": 0, "sounds": [{"w": 0.0, "d": 0.243057251, "p": 43, "v": 88}], "pos": -1.5, "size": 1.30000007, "_time": 129.722656, "shift": 0.0, "time": 129.722656}, {"$id": 395, "type": 0, "sounds": [{"w": 0.0, "d": 1.12269592, "p": 62, "v": 106}], "pos": 1.5, "size": 1.0, "_time": 130.0, "shift": 0.0, "time": 130.0}, {"$id": 396, "type": 0, "sounds": [{"w": 0.0, "d": 0.5555725, "p": 38, "v": 101}], "pos": -2.0, "size": 1.60000014, "_time": 130.0, "shift": 0.0, "time": 130.0}, {"$id": 397, "type": 0, "sounds": [{"w": 0.0, "d": 0.266204834, "p": 45, "v": 103}], "pos": -1.5, "size": 1.30000007, "_time": 130.277344, "shift": 0.0, "time": 130.277344}, {"$id": 398, "type": 0, "sounds": [{"w": 0.0, "d": 0.289352417, "p": 50, "v": 107}], "pos": -1.0, "size": 1.30000007, "_time": 130.554688, "shift": 0.0, "time": 130.554688}, {"$id": 399, "type": 0, "sounds": [{"w": 0.0, "d": 0.31829834, "p": 52, "v": 109}], "pos": -1.5, "size": 1.30000007, "_time": 130.832031, "shift": 0.0, "time": 130.832031}, {"$id": 400, "type": 0, "sounds": [{"w": 0.0, "d": 0.497695923, "p": 65, "v": 103}, {"w": 0.0, "d": 0.5208435, "p": 69, "v": 104}], "pos": 1.0, "size": 1.0, "_time": 131.113281, "shift": 0.0, "time": 131.113281}, {"$id": 401, "type": 0, "sounds": [{"w": 0.0, "d": 0.289367676, "p": 53, "v": 112}], "pos": -1.0, "size": 1.30000007, "_time": 131.113281, "shift": 0.0, "time": 131.113281}, {"$id": 402, "type": 0, "sounds": [{"w": 0.0, "d": 0.329879761, "p": 57, "v": 108}], "pos": -0.5, "size": 1.30000007, "_time": 131.390625, "shift": 0.0, "time": 131.390625}, {"$id": 403, "type": 0, "sounds": [{"w": 0.0, "d": 1.31364441, "p": 65, "v": 105}, {"w": 0.0, "d": 0.827545166, "p": 72, "v": 103}], "pos": 2.0, "size": 1.0, "_time": 131.667969, "shift": 0.0, "time": 131.667969}, {"$id": 404, "type": 0, "sounds": [{"w": 0.0, "d": 0.2662201, "p": 60, "v": 103}], "pos": 0.0, "size": 1.30000007, "_time": 131.667969, "shift": 0.0, "time": 131.667969}, {"$id": 405, "type": 0, "sounds": [{"w": 0.0, "d": 0.2951355, "p": 57, "v": 97}], "pos": -0.5, "size": 1.30000007, "_time": 131.945313, "shift": 0.0, "time": 131.945313}, {"$id": 406, "type": 0, "sounds": [{"w": 0.0, "d": 0.254638672, "p": 53, "v": 108}], "pos": -1.0, "size": 1.30000007, "_time": 132.222656, "shift": 0.0, "time": 132.222656}, {"$id": 407, "type": 0, "sounds": [{"w": 0.0, "d": 0.30670166, "p": 71, "v": 102}], "pos": 1.5, "size": 1.0, "_time": 132.5, "shift": 0.0, "time": 132.5}, {"$id": 408, "type": 0, "sounds": [{"w": 0.0, "d": 0.260421753, "p": 52, "v": 95}], "pos": -0.5, "size": 1.30000007, "_time": 132.5, "shift": 0.0, "time": 132.5}, {"$id": 409, "type": 0, "sounds": [{"w": 0.0, "d": 0.555557251, "p": 69, "v": 107}], "pos": 0.5, "size": 1.0, "_time": 132.777344, "shift": 0.0, "time": 132.777344}, {"$id": 410, "type": 0, "sounds": [{"w": 0.0, "d": 0.283554077, "p": 50, "v": 101}], "pos": -1.0, "size": 1.30000007, "_time": 132.777344, "shift": 0.0, "time": 132.777344}, {"$id": 411, "type": 0, "sounds": [{"w": 0.0, "d": 0.2604065, "p": 45, "v": 97}], "pos": -1.5, "size": 1.30000007, "_time": 133.054688, "shift": 0.0, "time": 133.054688}, {"$id": 412, "type": 0, "sounds": [{"w": 0.0, "d": 1.42939758, "p": 64, "v": 103}, {"w": 0.0, "d": 0.85647583, "p": 68, "v": 110}], "pos": 0.0, "size": 1.0, "_time": 133.332031, "shift": 0.0, "time": 133.332031}, {"$id": 413, "type": 0, "sounds": [{"w": 0.0, "d": 0.5497589, "p": 40, "v": 105}], "pos": -2.0, "size": 1.30000007, "_time": 133.332031, "shift": 0.0, "time": 133.332031}, {"$id": 414, "type": 0, "sounds": [{"w": 0.0, "d": 0.243057251, "p": 47, "v": 108}], "pos": -1.5, "size": 1.30000007, "_time": 133.613281, "shift": 0.0, "time": 133.613281}, {"$id": 415, "type": 0, "sounds": [{"w": 0.0, "d": 0.23727417, "p": 50, "v": 112}], "pos": -1.0, "size": 1.30000007, "_time": 133.890625, "shift": 0.0, "time": 133.890625}, {"$id": 416, "type": 0, "sounds": [{"w": 0.0, "d": 0.289352417, "p": 69, "v": 106}], "pos": 0.5, "size": 1.0, "_time": 134.167969, "shift": 0.0, "time": 134.167969}, {"$id": 417, "type": 0, "sounds": [{"w": 0.0, "d": 0.445602417, "p": 52, "v": 105}], "pos": -1.5, "size": 1.30000007, "_time": 134.167969, "shift": 0.0, "time": 134.167969}, {"$id": 418, "type": 0, "sounds": [{"w": 0.0, "d": 0.277786255, "p": 71, "v": 104}], "pos": 1.25000048, "size": 1.0, "_time": 134.445313, "shift": 0.0, "time": 134.445313}, {"$id": 419, "type": 0, "sounds": [{"w": 0.0, "d": 0.243057251, "p": 56, "v": 111}], "pos": -1.0, "size": 1.30000007, "_time": 134.445313, "shift": 0.0, "time": 134.445313}, {"$id": 420, "type": 0, "sounds": [{"w": 0.0, "d": 0.295150757, "p": 72, "v": 107}], "pos": 2.0, "size": 1.0, "_time": 134.722656, "shift": 0.0, "time": 134.722656}, {"$id": 421, "type": 0, "sounds": [{"w": 0.0, "d": 0.23147583, "p": 59, "v": 111}], "pos": -0.5, "size": 1.30000007, "_time": 134.722656, "shift": 0.0, "time": 134.722656}, {"$id": 422, "type": 0, "sounds": [{"w": 0.0, "d": 0.891204834, "p": 64, "v": 105}, {"w": 0.0, "d": 0.8043976, "p": 69, "v": 101}], "pos": 0.6666671, "size": 1.0, "_time": 135.0, "shift": 0.0, "time": 135.0}, {"$id": 423, "type": 0, "sounds": [{"w": 0.0, "d": 0.486099243, "p": 45, "v": 107}], "pos": -2.0, "size": 1.30000007, "_time": 135.0, "shift": 0.0, "time": 135.0}, {"$id": 424, "type": 0, "sounds": [{"w": 0.0, "d": 0.2604065, "p": 52, "v": 103}], "pos": -1.5, "size": 1.30000007, "_time": 135.277344, "shift": 0.0, "time": 135.277344}, {"$id": 425, "type": 0, "sounds": [{"w": 0.0, "d": 0.2951355, "p": 57, "v": 108}], "pos": -1.0, "size": 1.30000007, "_time": 135.554688, "shift": 0.0, "time": 135.554688}, {"$id": 426, "type": 0, "sounds": [{"w": 0.0, "d": 0.457183838, "p": 59, "v": 104}], "pos": -1.5, "size": 1.30000007, "_time": 135.832031, "shift": 0.0, "time": 135.832031}, {"$id": 427, "type": 0, "sounds": [{"w": 0.0, "d": 0.248840332, "p": 69, "v": 105}], "pos": 0.5, "size": 1.0, "_time": 136.113281, "shift": 0.0, "time": 136.113281}, {"$id": 428, "type": 0, "sounds": [{"w": 0.0, "d": 0.283554077, "p": 60, "v": 109}], "pos": -1.0, "size": 1.30000007, "_time": 136.113281, "shift": 0.0, "time": 136.113281}, {"$id": 429, "type": 0, "sounds": [{"w": 0.0, "d": 0.300918579, "p": 71, "v": 103}], "pos": 1.1944437, "size": 1.0, "_time": 136.390625, "shift": 0.0, "time": 136.390625}, {"$id": 430, "type": 0, "sounds": [{"w": 0.0, "d": 0.104156494, "p": 64, "v": 111}], "pos": -0.5, "size": 1.30000007, "_time": 136.390625, "shift": 0.0, "time": 136.390625}, {"$id": 431, "type": 0, "sounds": [{"w": 0.0, "d": 0.6539459, "p": 62, "v": 107}, {"w": 0.0, "d": 1.10533142, "p": 66, "v": 110}, {"w": 0.0, "d": 0.7986145, "p": 72, "v": 105}], "pos": 2.0, "size": 1.0, "_time": 136.667969, "shift": 0.0, "time": 136.667969}, {"$id": 432, "type": 0, "sounds": [{"w": 0.0, "d": 0.497695923, "p": 38, "v": 106}], "pos": -2.0, "size": 1.30000007, "_time": 136.667969, "shift": 0.0, "time": 136.667969}, {"$id": 433, "type": 0, "sounds": [{"w": 0.0, "d": 0.266204834, "p": 45, "v": 103}], "pos": -1.5, "size": 1.30000007, "_time": 136.945313, "shift": 0.0, "time": 136.945313}, {"$id": 434, "type": 0, "sounds": [{"w": 0.0, "d": 0.208328247, "p": 50, "v": 110}], "pos": -1.0, "size": 1.30000007, "_time": 137.222656, "shift": 0.0, "time": 137.222656}, {"$id": 435, "type": 0, "sounds": [{"w": 0.0, "d": 0.422439575, "p": 52, "v": 109}], "pos": -1.5, "size": 1.30000007, "_time": 137.5, "shift": 0.0, "time": 137.5}, {"$id": 436, "type": 0, "sounds": [{"w": 0.0, "d": 0.3125, "p": 71, "v": 104}], "pos": 2.0, "size": 1.0, "_time": 137.777344, "shift": 0.0, "time": 137.777344}, {"$id": 437, "type": 0, "sounds": [{"w": 0.0, "d": 0.266189575, "p": 54, "v": 107}], "pos": -1.0, "size": 1.30000007, "_time": 137.777344, "shift": 0.0, "time": 137.777344}, {"$id": 438, "type": 0, "sounds": [{"w": 0.0, "d": 0.289367676, "p": 69, "v": 107}], "pos": 1.2500006, "size": 1.0, "_time": 138.054688, "shift": 0.0, "time": 138.054688}, {"$id": 439, "type": 0, "sounds": [{"w": 0.0, "d": 0.190979, "p": 57, "v": 109}], "pos": -0.5, "size": 1.30000007, "_time": 138.054688, "shift": 0.0, "time": 138.054688}, {"$id": 440, "type": 0, "sounds": [{"w": 0.0, "d": 0.8680725, "p": 67, "v": 103}], "pos": 0.5, "size": 1.0, "_time": 138.332031, "shift": 0.0, "time": 138.332031}, {"$id": 441, "type": 0, "sounds": [{"w": 0.0, "d": 0.520828247, "p": 43, "v": 77}], "pos": -2.0, "size": 1.30000007, "_time": 138.332031, "shift": 0.0, "time": 138.332031}, {"$id": 442, "type": 0, "sounds": [{"w": 0.0, "d": 0.271987915, "p": 50, "v": 105}], "pos": -1.5, "size": 1.30000007, "_time": 138.613281, "shift": 0.0, "time": 138.613281}, {"$id": 443, "type": 0, "sounds": [{"w": 0.0, "d": 0.289352417, "p": 55, "v": 107}], "pos": -1.0, "size": 1.30000007, "_time": 138.890625, "shift": 0.0, "time": 138.890625}, {"$id": 444, "type": 0, "sounds": [{"w": 0.0, "d": 0.312515259, "p": 57, "v": 111}], "pos": -1.5, "size": 1.30000007, "_time": 139.167969, "shift": 0.0, "time": 139.167969}, {"$id": 445, "type": 0, "sounds": [{"w": 0.0, "d": 0.318283081, "p": 67, "v": 108}], "pos": 0.5, "size": 1.0, "_time": 139.445313, "shift": 0.0, "time": 139.445313}, {"$id": 446, "type": 0, "sounds": [{"w": 0.0, "d": 0.260421753, "p": 59, "v": 112}], "pos": -1.0, "size": 1.30000007, "_time": 139.445313, "shift": 0.0, "time": 139.445313}, {"$id": 447, "type": 0, "sounds": [{"w": 0.0, "d": 0.283569336, "p": 69, "v": 100}], "pos": 1.0, "size": 1.0, "_time": 139.722656, "shift": 0.0, "time": 139.722656}, {"$id": 448, "type": 0, "sounds": [{"w": 0.0, "d": 0.109954834, "p": 62, "v": 106}], "pos": -0.5, "size": 1.30000007, "_time": 139.722656, "shift": 0.0, "time": 139.722656}, {"$id": 449, "type": 0, "sounds": [{"w": 0.0, "d": 1.11688232, "p": 64, "v": 103}, {"w": 0.0, "d": 0.78125, "p": 70, "v": 107}], "pos": 1.5, "size": 1.0, "_time": 140.0, "shift": 0.0, "time": 140.0}, {"$id": 450, "type": 0, "sounds": [{"w": 0.0, "d": 0.555557251, "p": 36, "v": 107}], "pos": -2.0, "size": 1.30000007, "_time": 140.0, "shift": 0.0, "time": 140.0}, {"$id": 451, "type": 0, "sounds": [{"w": 0.0, "d": 0.271987915, "p": 43, "v": 105}], "pos": -1.5, "size": 1.30000007, "_time": 140.277344, "shift": 0.0, "time": 140.277344}, {"$id": 452, "type": 0, "sounds": [{"w": 0.0, "d": 0.2546234, "p": 48, "v": 107}], "pos": -1.0, "size": 1.30000007, "_time": 140.554688, "shift": 0.0, "time": 140.554688}, {"$id": 453, "type": 0, "sounds": [{"w": 0.0, "d": 0.555542, "p": 50, "v": 110}], "pos": -1.5, "size": 1.30000007, "_time": 140.832031, "shift": 0.0, "time": 140.832031}, {"$id": 454, "type": 0, "sounds": [{"w": 0.0, "d": 0.324066162, "p": 69, "v": 101}], "pos": 2.0, "size": 1.0, "_time": 141.113281, "shift": 0.0, "time": 141.113281}, {"$id": 455, "type": 0, "sounds": [{"w": 0.0, "d": 0.283554077, "p": 52, "v": 106}], "pos": -1.0, "size": 1.30000007, "_time": 141.113281, "shift": 0.0, "time": 141.113281}, {"$id": 456, "type": 0, "sounds": [{"w": 0.0, "d": 0.295150757, "p": 67, "v": 106}], "pos": 1.5, "size": 1.0, "_time": 141.390625, "shift": 0.0, "time": 141.390625}, {"$id": 457, "type": 0, "sounds": [{"w": 0.0, "d": 0.15625, "p": 55, "v": 110}], "pos": -0.5, "size": 1.30000007, "_time": 141.390625, "shift": 0.0, "time": 141.390625}, {"$id": 458, "type": 0, "sounds": [{"w": 0.0, "d": 0.873840332, "p": 60, "v": 103}, {"w": 0.0, "d": 0.902771, "p": 65, "v": 105}], "pos": 1.0, "size": 1.0, "_time": 141.667969, "shift": 0.0, "time": 141.667969}, {"$id": 459, "type": 0, "sounds": [{"w": 0.0, "d": 0.5729065, "p": 41, "v": 109}], "pos": -2.0, "size": 1.30000007, "_time": 141.667969, "shift": 0.0, "time": 141.667969}, {"$id": 460, "type": 0, "sounds": [{"w": 0.0, "d": 0.277771, "p": 48, "v": 104}], "pos": -1.5, "size": 1.30000007, "_time": 141.945313, "shift": 0.0, "time": 141.945313}, {"$id": 461, "type": 0, "sounds": [{"w": 0.0, "d": 0.295150757, "p": 53, "v": 107}], "pos": -1.0, "size": 1.30000007, "_time": 142.222656, "shift": 0.0, "time": 142.222656}, {"$id": 462, "type": 0, "sounds": [{"w": 0.0, "d": 0.5092621, "p": 55, "v": 112}], "pos": -1.5, "size": 1.30000007, "_time": 142.5, "shift": 0.0, "time": 142.5}, {"$id": 463, "type": 0, "sounds": [{"w": 0.0, "d": 0.243057251, "p": 65, "v": 106}], "pos": 0.5, "size": 1.0, "_time": 142.777344, "shift": 0.0, "time": 142.777344}, {"$id": 464, "type": 0, "sounds": [{"w": 0.0, "d": 0.271987915, "p": 57, "v": 105}], "pos": -1.0, "size": 1.30000007, "_time": 142.777344, "shift": 0.0, "time": 142.777344}, {"$id": 465, "type": 0, "sounds": [{"w": 0.0, "d": 0.283569336, "p": 67, "v": 101}], "pos": 1.0, "size": 1.0, "_time": 143.054688, "shift": 0.0, "time": 143.054688}, {"$id": 466, "type": 0, "sounds": [{"w": 0.0, "d": 0.0520782471, "p": 60, "v": 77}], "pos": -0.5, "size": 1.30000007, "_time": 143.054688, "shift": 0.0, "time": 143.054688}, {"$id": 467, "type": 0, "sounds": [{"w": 0.0, "d": 0.8506775, "p": 69, "v": 97}, {"w": 0.0078125, "d": 0.8854065, "p": 62, "v": 103}], "pos": 1.5, "size": 1.0, "_time": 143.355469, "shift": 0.0, "time": 143.355469}, {"$id": 468, "type": 0, "sounds": [{"w": 0.0, "d": 0.5439911, "p": 46, "v": 112}], "pos": -2.0, "size": 1.30000007, "_time": 143.355469, "shift": 0.0, "time": 143.355469}, {"$id": 469, "type": 0, "sounds": [{"w": 0.0, "d": 0.335647583, "p": 53, "v": 108}], "pos": -1.5, "size": 1.30000007, "_time": 143.632813, "shift": 0.0, "time": 143.632813}, {"$id": 470, "type": 0, "sounds": [{"w": 0.0, "d": 0.480331421, "p": 57, "v": 105}], "pos": -1.0, "size": 1.30000007, "_time": 143.902344, "shift": 0.0, "time": 143.902344}, {"$id": 471, "type": 0, "sounds": [{"w": 0.0, "d": 0.353012085, "p": 53, "v": 102}], "pos": -1.5, "size": 1.30000007, "_time": 144.167969, "shift": 0.0, "time": 144.167969}, {"$id": 472, "type": 0, "sounds": [{"w": 0.0, "d": 0.341430664, "p": 67, "v": 104}], "pos": 2.0, "size": 1.0, "_time": 144.179688, "shift": 0.0, "time": 144.179688}, {"$id": 473, "type": 0, "sounds": [{"w": 0.0, "d": 0.6018524, "p": 65, "v": 109}, {"w": 0.0, "d": 0.555557251, "p": 62, "v": 107}], "pos": 1.0, "size": 1.0, "_time": 144.445313, "shift": 0.0, "time": 144.445313}, {"$id": 474, "type": 0, "sounds": [{"w": 0.0, "d": 0.277786255, "p": 57, "v": 103}], "pos": -0.5, "size": 1.30000007, "_time": 144.722656, "shift": 0.0, "time": 144.722656}, {"$id": 475, "type": 0, "sounds": [{"w": 0.0, "d": 0.671295166, "p": 64, "v": 102}], "pos": 0.0, "size": 1.0, "_time": 145.0, "shift": 0.0, "time": 145.0}, {"$id": 476, "type": 0, "sounds": [{"w": 0.0, "d": 1.36573792, "p": 52, "v": 101}], "pos": -1.5, "size": 1.30000007, "_time": 145.0, "shift": 0.0, "time": 145.0}, {"$id": 477, "type": 0, "sounds": [{"w": 0.0, "d": 1.11109924, "p": 56, "v": 111}], "pos": -1.0, "size": 1.30000007, "_time": 145.277344, "shift": 0.0, "time": 145.277344}, {"$id": 478, "type": 0, "sounds": [{"w": 0.0, "d": 0.6307831, "p": 66, "v": 110}], "pos": 1.0, "size": 1.0, "_time": 145.554688, "shift": 0.0, "time": 145.554688}, {"$id": 479, "type": 0, "sounds": [{"w": 0.0, "d": 0.8796234, "p": 59, "v": 94}], "pos": -0.5, "size": 1.30000007, "_time": 145.554688, "shift": 0.0, "time": 145.554688}, {"$id": 480, "type": 0, "sounds": [{"w": 0.0, "d": 0.578704834, "p": 62, "v": 111}], "pos": 0.0, "size": 1.30000007, "_time": 145.832031, "shift": 0.0, "time": 145.832031}, {"$id": 481, "type": 0, "sounds": [{"w": 0.0, "d": 0.5497589, "p": 64, "v": 102}, {"w": 0.0, "d": 0.555542, "p": 68, "v": 113}], "pos": 2.0, "size": 1.0, "_time": 146.113281, "shift": 0.0, "time": 146.113281}, {"$id": 482, "type": 0, "sounds": [{"w": 0.0, "d": 0.78125, "p": 61, "v": 109}, {"w": 0.0, "d": 0.7986145, "p": 64, "v": 103}, {"w": 0.0, "d": 0.8969879, "p": 69, "v": 101}], "pos": 1.5, "size": 1.0, "_time": 146.667969, "shift": 0.0, "time": 146.667969}, {"$id": 483, "type": 0, "sounds": [{"w": 0.0, "d": 0.520828247, "p": 45, "v": 102}], "pos": -2.0, "size": 1.30000007, "_time": 146.667969, "shift": 0.0, "time": 146.667969}, {"$id": 484, "type": 0, "sounds": [{"w": 0.0, "d": 0.271987915, "p": 52, "v": 106}], "pos": -1.5, "size": 1.30000007, "_time": 146.945313, "shift": 0.0, "time": 146.945313}, {"$id": 485, "type": 0, "sounds": [{"w": 0.0, "d": 0.214126587, "p": 57, "v": 105}], "pos": -1.0, "size": 1.30000007, "_time": 147.222656, "shift": 0.0, "time": 147.222656}, {"$id": 486, "type": 0, "sounds": [{"w": 0.0, "d": 1.94442749, "p": 59, "v": 99}], "pos": -0.5, "size": 1.30000007, "_time": 147.5, "shift": 0.0, "time": 147.5}, {"$id": 487, "type": 0, "sounds": [{"w": 0.0, "d": 1.60299683, "p": 61, "v": 104}], "pos": 0.0, "size": 1.30000007, "_time": 147.777344, "shift": 0.0, "time": 147.777344}, {"$id": 488, "type": 0, "sounds": [{"w": 0.0, "d": 1.37730408, "p": 64, "v": 98}], "pos": 0.5, "size": 1.30000007, "_time": 148.054688, "shift": 0.0, "time": 148.054688}, {"$id": 489, "type": 0, "sounds": [{"w": 0.0, "d": 1.15161133, "p": 69, "v": 100}], "pos": 0.0, "size": 1.0, "_time": 148.265625, "shift": 0.0, "time": 148.265625}, {"$id": 490, "type": 0, "sounds": [{"w": 0.0, "d": 1.11109924, "p": 73, "v": 81}], "pos": 0.5, "size": 1.0, "_time": 148.289063, "shift": 0.0, "time": 148.289063}, {"$id": 491, "type": 0, "sounds": [{"w": 0.0, "d": 1.07060242, "p": 76, "v": 90}], "pos": 1.0, "size": 1.0, "_time": 148.3164, "shift": 0.0, "time": 148.3164}, {"$id": 492, "type": 0, "sounds": [{"w": 0.0, "d": 1.059021, "p": 81, "v": 127}], "pos": 1.5, "size": 1.0, "_time": 148.332031, "shift": 0.0, "time": 148.332031}, {"$id": 493, "type": 0, "sounds": [{"w": 0.0, "d": 0.480331421, "p": 74, "v": 57}], "pos": 0.0, "size": 1.0, "_time": 149.445313, "shift": 0.0, "time": 149.445313}, {"$id": 494, "type": 0, "sounds": [{"w": 0.0, "d": 1.78819275, "p": 70, "v": 22}], "pos": -1.5, "size": 1.30000007, "_time": 149.8789, "shift": 0.0, "time": 149.8789}, {"$id": 495, "type": 0, "sounds": [{"w": 0.0, "d": 1.37733459, "p": 74, "v": 57}], "pos": 1.0, "size": 1.0, "_time": 149.972656, "shift": 0.0, "time": 149.972656}, {"$id": 496, "type": 0, "sounds": [{"w": 0.0, "d": 1.16899109, "p": 77, "v": 57}], "pos": 1.5, "size": 1.0, "_time": 150.046875, "shift": 0.0, "time": 150.046875}, {"$id": 497, "type": 0, "sounds": [{"w": 0.0, "d": 0.671295166, "p": 81, "v": 72}], "pos": 2.0, "size": 1.0, "_time": 150.1289, "shift": 0.0, "time": 150.1289}, {"$id": 498, "type": 0, "sounds": [{"w": 0.0, "d": 0.277771, "p": 82, "v": 69}], "pos": 0.0, "size": 1.0, "_time": 150.832031, "shift": 0.0, "time": 150.832031}, {"$id": 499, "type": 0, "sounds": [{"w": 0.0, "d": 0.422454834, "p": 84, "v": 62}], "pos": 2.0, "size": 1.0, "_time": 151.113281, "shift": 0.0, "time": 151.113281}, {"$id": 500, "type": 0, "sounds": [{"w": 0.0, "d": 0.219909668, "p": 77, "v": 70}], "pos": -0.5, "size": 1.0, "_time": 151.390625, "shift": 0.0, "time": 151.390625}, {"$id": 501, "type": 0, "sounds": [{"w": 0.0, "d": 1.04745483, "p": 72, "v": 61}], "pos": -1.0, "size": 1.30000007, "_time": 151.667969, "shift": 0.0, "time": 151.667969}, {"$id": 502, "type": 0, "sounds": [{"w": 0.0, "d": 0.983795166, "p": 79, "v": 64}], "pos": 1.5, "size": 1.0, "_time": 151.667969, "shift": 0.0, "time": 151.667969}, {"$id": 503, "type": 0, "sounds": [{"w": 0.0, "d": 1.04165649, "p": 77, "v": 46}], "pos": 1.0, "size": 1.0, "_time": 151.679688, "shift": 0.0, "time": 151.679688}, {"$id": 504, "type": 0, "sounds": [{"w": 0.0, "d": 1.04165649, "p": 76, "v": 46}], "pos": 0.5, "size": 1.0, "_time": 151.695313, "shift": 0.0, "time": 151.695313}, {"$id": 505, "type": 0, "sounds": [{"w": 0.0, "d": 1.753479, "p": 69, "v": 60}], "pos": -2.0, "size": 1.30000007, "_time": 153.195313, "shift": 0.0, "time": 153.195313}, {"$id": 506, "type": 0, "sounds": [{"w": 0.0, "d": 1.71295166, "p": 72, "v": 67}], "pos": 0.5, "size": 1.0, "_time": 153.289063, "shift": 0.0, "time": 153.289063}, {"$id": 507, "type": 0, "sounds": [{"w": 0.0, "d": 1.24421692, "p": 76, "v": 60}], "pos": 1.0, "size": 1.0, "_time": 153.339844, "shift": 0.0, "time": 153.339844}, {"$id": 508, "type": 0, "sounds": [{"w": 0.0, "d": 0.8043976, "p": 79, "v": 67}], "pos": 1.5, "size": 1.0, "_time": 153.421875, "shift": 0.0, "time": 153.421875}, {"$id": 509, "type": 0, "sounds": [{"w": 0.0, "d": 0.3645935, "p": 81, "v": 57}], "pos": -0.5, "size": 1.0, "_time": 154.167969, "shift": 0.0, "time": 154.167969}, {"$id": 510, "type": 0, "sounds": [{"w": 0.0, "d": 0.283554077, "p": 84, "v": 63}], "pos": 2.0, "size": 1.0, "_time": 154.445313, "shift": 0.0, "time": 154.445313}, {"$id": 511, "type": 0, "sounds": [{"w": 0.0, "d": 0.23147583, "p": 76, "v": 60}], "pos": -1.0, "size": 1.0, "_time": 154.722656, "shift": 0.0, "time": 154.722656}, {"$id": 512, "type": 0, "sounds": [{"w": 0.0, "d": 1.16319275, "p": 70, "v": 46}], "pos": -1.5, "size": 1.30000007, "_time": 155.0, "shift": 0.0, "time": 155.0}, {"$id": 513, "type": 0, "sounds": [{"w": 0.0, "d": 1.17477417, "p": 77, "v": 69}], "pos": 1.0, "size": 1.0, "_time": 155.0, "shift": 0.0, "time": 155.0}, {"$id": 514, "type": 0, "sounds": [{"w": 0.0, "d": 1.15162659, "p": 76, "v": 52}], "pos": 0.5, "size": 1.0, "_time": 155.007813, "shift": 0.0, "time": 155.007813}, {"$id": 515, "type": 0, "sounds": [{"w": 0.0, "d": 1.12846375, "p": 74, "v": 60}], "pos": 0.0, "size": 1.0, "_time": 155.019531, "shift": 0.0, "time": 155.019531}, {"$id": 516, "type": 0, "sounds": [{"w": 0.0, "d": 1.35995483, "p": 67, "v": 57}], "pos": -2.0, "size": 1.30000007, "_time": 156.570313, "shift": 0.0, "time": 156.570313}, {"$id": 517, "type": 0, "sounds": [{"w": 0.0, "d": 1.33102417, "p": 70, "v": 32}], "pos": 0.0, "size": 1.0, "_time": 156.644531, "shift": 0.0, "time": 156.644531}, {"$id": 518, "type": 0, "sounds": [{"w": 0.0, "d": 1.21528625, "p": 74, "v": 56}], "pos": 0.5, "size": 1.0, "_time": 156.6914, "shift": 0.0, "time": 156.6914}, {"$id": 519, "type": 0, "sounds": [{"w": 0.0, "d": 0.9432831, "p": 77, "v": 69}], "pos": 1.0, "size": 1.0, "_time": 156.765625, "shift": 0.0, "time": 156.765625}, {"$id": 520, "type": 0, "sounds": [{"w": 0.0, "d": 0.5671234, "p": 79, "v": 56}], "pos": 2.0, "size": 1.0, "_time": 157.777344, "shift": 0.0, "time": 157.777344}, {"$id": 521, "type": 0, "sounds": [{"w": 0.0, "d": 1.29051208, "p": 60, "v": 38}], "pos": -1.5, "size": 1.30000007, "_time": 158.269531, "shift": 0.0, "time": 158.269531}, {"$id": 522, "type": 0, "sounds": [{"w": 0.0, "d": 1.21531677, "p": 67, "v": 46}], "pos": 0.0, "size": 1.0, "_time": 158.355469, "shift": 0.0, "time": 158.355469}, {"$id": 523, "type": 0, "sounds": [{"w": 0.0, "d": 0.5903015, "p": 72, "v": 67}], "pos": 0.5, "size": 1.0, "_time": 158.367188, "shift": 0.0, "time": 158.367188}, {"$id": 524, "type": 0, "sounds": [{"w": 0.0, "d": 0.503479, "p": 76, "v": 68}], "pos": 1.0, "size": 1.0, "_time": 158.398438, "shift": 0.0, "time": 158.398438}, {"$id": 525, "type": 0, "sounds": [{"w": 0.0, "d": 0.5266266, "p": 74, "v": 61}], "pos": 0.0, "size": 1.0, "_time": 159.011719, "shift": 0.0, "time": 159.011719}, {"$id": 526, "type": 0, "sounds": [{"w": 0.0, "d": 0.5266266, "p": 72, "v": 67}], "pos": -1.0, "size": 1.0, "_time": 159.6836, "shift": 0.0, "time": 159.6836}, {"$id": 527, "type": 0, "sounds": [{"w": 0.0, "d": 1.70140076, "p": 67, "v": 45}], "pos": 0.0, "size": 1.0, "_time": 160.289063, "shift": 0.0, "time": 160.289063}, {"$id": 528, "type": 0, "sounds": [{"w": 0.0, "d": 0.462966919, "p": 38, "v": 24}], "pos": -2.0, "size": 1.30000007, "_time": 160.324219, "shift": 0.0, "time": 160.324219}, {"$id": 529, "type": 0, "sounds": [{"w": 0.0, "d": 2.262741, "p": 69, "v": 43}], "pos": 0.5, "size": 1.0, "_time": 160.347656, "shift": 0.0, "time": 160.347656}, {"$id": 530, "type": 0, "sounds": [{"w": 0.0, "d": 2.17015076, "p": 74, "v": 58}], "pos": 1.0, "size": 1.0, "_time": 160.417969, "shift": 0.0, "time": 160.417969}, {"$id": 531, "type": 0, "sounds": [{"w": 0.0, "d": 0.2083435, "p": 50, "v": 21}], "pos": -1.0, "size": 1.30000007, "_time": 160.7539, "shift": 0.0, "time": 160.7539}, {"$id": 532, "type": 0, "sounds": [{"w": 0.0, "d": 1.22686768, "p": 55, "v": 36}], "pos": 0.0, "size": 1.30000007, "_time": 161.164063, "shift": 0.0, "time": 161.164063}, {"$id": 533, "type": 0, "sounds": [{"w": 0.0, "d": 0.804412842, "p": 57, "v": 46}], "pos": -1.0, "size": 1.30000007, "_time": 161.550781, "shift": 0.0, "time": 161.550781}, {"$id": 534, "type": 0, "sounds": [{"w": 0.0, "d": 0.3298645, "p": 62, "v": 43}], "pos": 0.0, "size": 1.30000007, "_time": 161.96875, "shift": 0.0, "time": 161.96875}, {"$id": 535, "type": 0, "sounds": [{"w": 0.0, "d": 0.196762085, "p": 67, "v": 42}], "pos": 1.0, "size": 1.30000007, "_time": 162.414063, "shift": 0.0, "time": 162.414063}, {"$id": 536, "type": 0, "sounds": [{"w": 0.0, "d": 5.978012, "p": 64, "v": 21}], "pos": 0.5, "size": 1.0, "_time": 162.90625, "shift": 0.0, "time": 162.90625}, {"$id": 537, "type": 0, "sounds": [{"w": 0.0, "d": 5.9375, "p": 50, "v": 29}, {"w": 0.03125, "d": 5.90856934, "p": 38, "v": 33}], "pos": -1.5, "size": 1.30000007, "_time": 162.945313, "shift": 0.0, "time": 162.945313}, {"$id": 538, "type": 0, "sounds": [{"w": 0.0, "d": 5.931717, "p": 65, "v": 27}], "pos": 1.0, "size": 1.0, "_time": 162.953125, "shift": 0.0, "time": 162.953125}, {"$id": 539, "type": 0, "sounds": [{"w": 0.0, "d": 5.821762, "p": 69, "v": 17}], "pos": 1.5, "size": 1.0, "_time": 163.0625, "shift": 0.0, "time": 163.0625}, {"$id": 540, "type": 0, "sounds": [{"w": 0.0, "d": 5.775467, "p": 74, "v": 29}], "pos": 2.0, "size": 1.0, "_time": 163.109375, "shift": 0.0, "time": 163.109375}], "links": [{"notes": [{"$ref": 2}, {"$ref": 3}, {"$ref": 4}]}, {"notes": [{"$ref": 6}, {"$ref": 7}, {"$ref": 8}]}, {"notes": [{"$ref": 10}, {"$ref": 11}, {"$ref": 12}]}, {"notes": [{"$ref": 14}, {"$ref": 15}, {"$ref": 16}]}, {"notes": [{"$ref": 18}, {"$ref": 19}, {"$ref": 20}]}, {"notes": [{"$ref": 23}, {"$ref": 24}, {"$ref": 25}]}, {"notes": [{"$ref": 29}, {"$ref": 30}, {"$ref": 31}]}, {"notes": [{"$ref": 35}, {"$ref": 36}]}, {"notes": [{"$ref": 125}, {"$ref": 126}]}, {"notes": [{"$ref": 489}, {"$ref": 490}, {"$ref": 491}, {"$ref": 492}]}, {"notes": [{"$ref": 495}, {"$ref": 496}, {"$ref": 497}]}, {"notes": [{"$ref": 502}, {"$ref": 503}, {"$ref": 504}]}, {"notes": [{"$ref": 506}, {"$ref": 507}, {"$ref": 508}]}, {"notes": [{"$ref": 513}, {"$ref": 514}, {"$ref": 515}]}, {"notes": [{"$ref": 517}, {"$ref": 518}, {"$ref": 519}]}, {"notes": [{"$ref": 522}, {"$ref": 523}, {"$ref": 524}]}, {"notes": [{"$ref": 527}, {"$ref": 529}, {"$ref": 530}]}, {"notes": [{"$ref": 536}, {"$ref": 538}, {"$ref": 539}, {"$ref": 540}]}, {"notes": [{"$ref": 237}, {"$ref": 238}, {"$ref": 239}, {"$ref": 241}, {"$ref": 243}, {"$ref": 244}]}, {"notes": [{"$ref": 229}, {"$ref": 230}, {"$ref": 231}, {"$ref": 232}, {"$ref": 234}, {"$ref": 235}]}, {"notes": [{"$ref": 246}, {"$ref": 247}, {"$ref": 248}, {"$ref": 250}, {"$ref": 252}, {"$ref": 253}]}, {"notes": [{"$ref": 127}, {"$ref": 128}, {"$ref": 129}]}, {"notes": [{"$ref": 133}, {"$ref": 134}, {"$ref": 135}]}, {"notes": [{"$ref": 139}, {"$ref": 140}, {"$ref": 142}]}, {"notes": [{"$ref": 147}, {"$ref": 148}, {"$ref": 150}]}, {"notes": [{"$ref": 152}, {"$ref": 153}, {"$ref": 154}]}, {"notes": [{"$ref": 159}, {"$ref": 160}]}, {"notes": [{"$ref": 163}, {"$ref": 164}, {"$ref": 165}, {"$ref": 166}, {"$ref": 167}, {"$ref": 168}]}, {"notes": [{"$ref": 176}, {"$ref": 178}, {"$ref": 180}]}, {"notes": [{"$ref": 185}, {"$ref": 186}]}, {"notes": [{"$ref": 191}, {"$ref": 192}, {"$ref": 194}]}, {"notes": [{"$ref": 199}, {"$ref": 201}, {"$ref": 203}]}, {"notes": [{"$ref": 206}, {"$ref": 207}, {"$ref": 208}]}, {"notes": [{"$ref": 213}, {"$ref": 214}, {"$ref": 216}]}, {"notes": [{"$ref": 219}, {"$ref": 220}, {"$ref": 221}]}, {"notes": [{"$ref": 255}, {"$ref": 256}, {"$ref": 257}, {"$ref": 259}, {"$ref": 260}]}, {"notes": [{"$ref": 262}, {"$ref": 263}, {"$ref": 264}, {"$ref": 265}, {"$ref": 267}, {"$ref": 268}]}, {"notes": [{"$ref": 270}, {"$ref": 271}, {"$ref": 272}, {"$ref": 274}, {"$ref": 276}, {"$ref": 277}]}, {"notes": [{"$ref": 279}, {"$ref": 280}, {"$ref": 281}, {"$ref": 283}, {"$ref": 285}, {"$ref": 287}]}, {"notes": [{"$ref": 289}, {"$ref": 290}, {"$ref": 291}, {"$ref": 292}, {"$ref": 294}, {"$ref": 296}]}, {"notes": [{"$ref": 298}, {"$ref": 299}, {"$ref": 300}, {"$ref": 301}, {"$ref": 302}, {"$ref": 305}]}, {"notes": [{"$ref": 307}, {"$ref": 308}, {"$ref": 309}]}, {"notes": [{"$ref": 310}, {"$ref": 312}, {"$ref": 314}]}, {"notes": [{"$ref": 316}, {"$ref": 317}, {"$ref": 318}, {"$ref": 319}, {"$ref": 321}, {"$ref": 323}]}, {"notes": [{"$ref": 325}, {"$ref": 326}, {"$ref": 327}]}, {"notes": [{"$ref": 328}, {"$ref": 330}, {"$ref": 332}]}, {"notes": [{"$ref": 334}, {"$ref": 335}, {"$ref": 336}, {"$ref": 337}, {"$ref": 339}, {"$ref": 341}]}, {"notes": [{"$ref": 343}, {"$ref": 344}, {"$ref": 345}]}, {"notes": [{"$ref": 347}, {"$ref": 349}, {"$ref": 351}]}, {"notes": [{"$ref": 353}, {"$ref": 354}, {"$ref": 355}, {"$ref": 356}]}, {"notes": [{"$ref": 363}, {"$ref": 364}, {"$ref": 365}, {"$ref": 366}, {"$ref": 368}, {"$ref": 369}]}, {"notes": [{"$ref": 371}, {"$ref": 372}, {"$ref": 373}, {"$ref": 375}, {"$ref": 377}, {"$ref": 378}]}, {"notes": [{"$ref": 380}, {"$ref": 381}, {"$ref": 382}, {"$ref": 384}, {"$ref": 386}, {"$ref": 387}]}, {"notes": [{"$ref": 389}, {"$ref": 390}, {"$ref": 391}, {"$ref": 393}, {"$ref": 394}]}, {"notes": [{"$ref": 396}, {"$ref": 397}, {"$ref": 398}, {"$ref": 399}, {"$ref": 401}, {"$ref": 402}]}, {"notes": [{"$ref": 404}, {"$ref": 405}, {"$ref": 406}, {"$ref": 408}, {"$ref": 410}, {"$ref": 411}]}, {"notes": [{"$ref": 413}, {"$ref": 414}, {"$ref": 415}, {"$ref": 417}, {"$ref": 419}, {"$ref": 421}]}, {"notes": [{"$ref": 423}, {"$ref": 424}, {"$ref": 425}, {"$ref": 426}, {"$ref": 428}, {"$ref": 430}]}, {"notes": [{"$ref": 432}, {"$ref": 433}, {"$ref": 434}, {"$ref": 435}, {"$ref": 437}, {"$ref": 439}]}, {"notes": [{"$ref": 441}, {"$ref": 442}, {"$ref": 443}, {"$ref": 444}, {"$ref": 446}, {"$ref": 448}]}, {"notes": [{"$ref": 450}, {"$ref": 451}, {"$ref": 452}, {"$ref": 453}, {"$ref": 455}, {"$ref": 457}]}, {"notes": [{"$ref": 459}, {"$ref": 460}, {"$ref": 461}, {"$ref": 462}, {"$ref": 464}, {"$ref": 466}]}, {"notes": [{"$ref": 468}, {"$ref": 469}, {"$ref": 470}]}, {"notes": [{"$ref": 471}, {"$ref": 474}]}, {"notes": [{"$ref": 476}, {"$ref": 477}, {"$ref": 479}, {"$ref": 480}]}, {"notes": [{"$ref": 483}, {"$ref": 484}, {"$ref": 485}, {"$ref": 486}, {"$ref": 487}, {"$ref": 488}]}]}