{"speed": 6.0, "notes": [{"$id": 1, "type": 0, "sounds": [{"w": 0.0, "d": 2.00000381, "p": 49, "v": 84}], "pos": 1.0, "size": 1.0, "_time": 4.0, "shift": 0.0, "time": 4.0}, {"$id": 2, "type": 0, "sounds": [{"w": 0.0, "d": 0.166666985, "p": 73, "v": 80}], "pos": 0.0, "size": 1.0, "_time": 4.16796875, "shift": 0.0, "time": 4.16796875}, {"$id": 3, "type": 0, "sounds": [{"w": 0.0, "d": 0.166666985, "p": 68, "v": 80}], "pos": -1.0, "size": 1.0, "_time": 4.33203125, "shift": 0.0, "time": 4.33203125}, {"$id": 4, "type": 0, "sounds": [{"w": 0.0, "d": 0.166666985, "p": 76, "v": 94}], "pos": 0.5, "size": 1.0, "_time": 4.5, "shift": 0.0, "time": 4.5}, {"$id": 5, "type": 0, "sounds": [{"w": 0.0, "d": 0.166666985, "p": 73, "v": 80}], "pos": -0.5, "size": 1.0, "_time": 4.66796875, "shift": 0.0, "time": 4.66796875}, {"$id": 6, "type": 0, "sounds": [{"w": 0.0, "d": 0.166666985, "p": 68, "v": 80}], "pos": -1.5, "size": 1.0, "_time": 4.83203125, "shift": 0.0, "time": 4.83203125}, {"$id": 7, "type": 0, "sounds": [{"w": 0.0, "d": 0.166666985, "p": 76, "v": 97}], "pos": 0.7777776, "size": 1.0, "_time": 5.0, "shift": 0.0, "time": 5.0}, {"$id": 8, "type": 0, "sounds": [{"w": 0.0, "d": 0.166666985, "p": 68, "v": 80}], "pos": -1.41666675, "size": 1.0, "_time": 5.33203125, "shift": 0.0, "time": 5.33203125}, {"$id": 9, "type": 0, "sounds": [{"w": 0.0, "d": 0.166666985, "p": 68, "v": 80}], "pos": -2.0, "size": 1.0, "_time": 5.83203125, "shift": 0.0, "time": 5.83203125}, {"$id": 10, "type": 0, "sounds": [{"w": 0.0, "d": 0.166666985, "p": 76, "v": 101}], "pos": 0.0, "size": 1.0, "_time": 6.0, "shift": 0.0, "time": 6.0}, {"$id": 11, "type": 0, "sounds": [{"w": 0.0, "d": 0.166666985, "p": 73, "v": 80}], "pos": -1.0, "size": 1.0, "_time": 6.16796875, "shift": 0.0, "time": 6.16796875}, {"$id": 12, "type": 0, "sounds": [{"w": 0.0, "d": 0.166666985, "p": 68, "v": 80}], "pos": -2.0, "size": 1.0, "_time": 6.33203125, "shift": 0.0, "time": 6.33203125}, {"$id": 13, "type": 0, "sounds": [{"w": 0.0, "d": 0.166666985, "p": 76, "v": 95}], "pos": 0.5, "size": 1.0, "_time": 6.5, "shift": 0.0, "time": 6.5}, {"$id": 14, "type": 0, "sounds": [{"w": 0.0, "d": 0.166666985, "p": 73, "v": 80}], "pos": -0.5, "size": 1.0, "_time": 6.66796875, "shift": 0.0, "time": 6.66796875}, {"$id": 15, "type": 0, "sounds": [{"w": 0.0, "d": 0.166666985, "p": 68, "v": 80}], "pos": -1.5, "size": 1.0, "_time": 6.83203125, "shift": 0.0, "time": 6.83203125}, {"$id": 16, "type": 0, "sounds": [{"w": 0.0, "d": 0.166666985, "p": 76, "v": 97}], "pos": 1.49999952, "size": 1.0, "_time": 7.0, "shift": 0.0, "time": 7.0}, {"$id": 17, "type": 0, "sounds": [{"w": 0.0, "d": 0.166666985, "p": 68, "v": 80}], "pos": 0.58333385, "size": 1.0, "_time": 7.33203125, "shift": 0.0, "time": 7.33203125}, {"$id": 18, "type": 0, "sounds": [{"w": 0.0, "d": 0.166666985, "p": 73, "v": 80}], "pos": -0.3333329, "size": 1.0, "_time": 7.66796875, "shift": 0.0, "time": 7.66796875}, {"$id": 19, "type": 0, "sounds": [{"w": 0.0, "d": 0.166666985, "p": 76, "v": 92}], "pos": 1.0, "size": 1.0, "_time": 8.0, "shift": 0.0, "time": 8.0}, {"$id": 20, "type": 0, "sounds": [{"w": 0.0, "d": 0.166666985, "p": 73, "v": 80}], "pos": 0.0, "size": 1.0, "_time": 8.167969, "shift": 0.0, "time": 8.167969}, {"$id": 21, "type": 0, "sounds": [{"w": 0.0, "d": 0.166666985, "p": 68, "v": 80}], "pos": -1.0, "size": 1.0, "_time": 8.332031, "shift": 0.0, "time": 8.332031}, {"$id": 22, "type": 0, "sounds": [{"w": 0.0, "d": 0.166666985, "p": 76, "v": 100}], "pos": 0.5, "size": 1.0, "_time": 8.5, "shift": 0.0, "time": 8.5}, {"$id": 23, "type": 0, "sounds": [{"w": 0.0, "d": 0.166666985, "p": 73, "v": 80}], "pos": -0.5, "size": 1.0, "_time": 8.667969, "shift": 0.0, "time": 8.667969}, {"$id": 24, "type": 0, "sounds": [{"w": 0.0, "d": 0.166666985, "p": 68, "v": 80}], "pos": -1.5, "size": 1.0, "_time": 8.832031, "shift": 0.0, "time": 8.832031}, {"$id": 25, "type": 0, "sounds": [{"w": 0.0, "d": 1.00000191, "p": 57, "v": 72}], "pos": 0.5, "size": 1.0, "_time": 9.0, "shift": 0.0, "time": 9.0}, {"$id": 26, "type": 0, "sounds": [{"w": 0.0, "d": 0.166666985, "p": 75, "v": 100}], "pos": -0.5, "size": 1.0, "_time": 9.5, "shift": 0.0, "time": 9.5}, {"$id": 27, "type": 0, "sounds": [{"w": 0.0, "d": 0.166666985, "p": 71, "v": 76}], "pos": -1.69444442, "size": 1.0, "_time": 9.667969, "shift": 0.0, "time": 9.667969}, {"$id": 28, "type": 0, "sounds": [{"w": 0.0, "d": 1.00000191, "p": 56, "v": 76}], "pos": -0.888888836, "size": 1.0, "_time": 10.0, "shift": 0.0, "time": 10.0}, {"$id": 29, "type": 0, "sounds": [{"w": 0.0, "d": 0.166666985, "p": 71, "v": 84}], "pos": 0.958332539, "size": 1.0, "_time": 10.1679688, "shift": 0.0, "time": 10.1679688}, {"$id": 30, "type": 0, "sounds": [{"w": 0.0, "d": 0.666667938, "p": 59, "v": 76}], "pos": 0.0138883591, "size": 1.0, "_time": 10.3320313, "shift": 0.0, "time": 10.3320313}, {"$id": 31, "type": 0, "sounds": [{"w": 0.0, "d": 0.166666985, "p": 73, "v": 92}], "pos": 2.0, "size": 1.0, "_time": 10.5, "shift": 0.0, "time": 10.5}, {"$id": 32, "type": 0, "sounds": [{"w": 0.0, "d": 0.166666985, "p": 63, "v": 76}], "pos": 0.986110866, "size": 1.0, "_time": 10.6679688, "shift": 0.0, "time": 10.6679688}, {"$id": 33, "type": 0, "sounds": [{"w": 0.0, "d": 0.166666985, "p": 72, "v": 92}], "pos": 0.16666609, "size": 1.0, "_time": 11.0, "shift": 0.0, "time": 11.0}, {"$id": 34, "type": 0, "sounds": [{"w": 0.0, "d": 0.333333969, "p": 44, "v": 84}], "pos": -1.86111164, "size": 1.0, "_time": 11.0, "shift": 0.0, "time": 11.0}, {"$id": 35, "type": 0, "sounds": [{"w": 0.0, "d": 0.166666985, "p": 64, "v": 75}], "pos": -1.3055563, "size": 1.0, "_time": 11.1679688, "shift": 0.0, "time": 11.1679688}, {"$id": 36, "type": 0, "sounds": [{"w": 0.0, "d": 0.166666985, "p": 68, "v": 77}], "pos": -0.8055563, "size": 1.0, "_time": 11.3320313, "shift": 0.0, "time": 11.3320313}, {"$id": 37, "type": 0, "sounds": [{"w": 0.0, "d": 0.166666985, "p": 68, "v": 88}], "pos": -0.2777791, "size": 1.0, "_time": 11.5, "shift": 0.0, "time": 11.5}, {"$id": 38, "type": 0, "sounds": [{"w": 0.0, "d": 0.333333969, "p": 56, "v": 101}], "pos": -2.0, "size": 1.0, "_time": 11.6679688, "shift": 0.0, "time": 11.6679688}, {"$id": 39, "type": 0, "sounds": [{"w": 0.0, "d": 0.166666985, "p": 70, "v": 100}], "pos": 0.166665554, "size": 1.0, "_time": 11.6679688, "shift": 0.0, "time": 11.6679688}, {"$id": 40, "type": 0, "sounds": [{"w": 0.0, "d": 0.166666985, "p": 72, "v": 96}], "pos": 0.6666659, "size": 1.0, "_time": 11.8320313, "shift": 0.0, "time": 11.8320313}, {"$id": 41, "type": 0, "sounds": [{"w": 0.0, "d": 0.333333969, "p": 49, "v": 87}], "pos": -1.23611164, "size": 1.0, "_time": 12.0, "shift": 0.0, "time": 12.0}, {"$id": 42, "type": 0, "sounds": [{"w": 0.0, "d": 0.333333969, "p": 56, "v": 93}], "pos": -0.305556, "size": 1.0, "_time": 12.3320313, "shift": 0.0, "time": 12.3320313}, {"$id": 43, "type": 0, "sounds": [{"w": 0.0, "d": 0.333333969, "p": 61, "v": 88}], "pos": 0.486111283, "size": 1.0, "_time": 12.6679688, "shift": 0.0, "time": 12.6679688}, {"$id": 44, "type": 0, "sounds": [{"w": 0.0, "d": 0.333333969, "p": 39, "v": 90}], "pos": -0.416667461, "size": 1.0, "_time": 13.0, "shift": 0.0, "time": 13.0}, {"$id": 45, "type": 0, "sounds": [{"w": 0.0, "d": 0.166666985, "p": 71, "v": 100}], "pos": 1.83333337, "size": 1.0, "_time": 13.0, "shift": 0.0, "time": 13.0}, {"$id": 46, "type": 0, "sounds": [{"w": 0.0, "d": 0.166666985, "p": 66, "v": 80}], "pos": 1.02777708, "size": 1.0, "_time": 13.1679688, "shift": 0.0, "time": 13.1679688}, {"$id": 47, "type": 0, "sounds": [{"w": 0.0, "d": 0.333333969, "p": 54, "v": 80}], "pos": -1.222223, "size": 1.0, "_time": 13.3320313, "shift": 0.0, "time": 13.3320313}, {"$id": 48, "type": 0, "sounds": [{"w": 0.0, "d": 0.166666985, "p": 63, "v": 80}], "pos": 0.194444656, "size": 1.0, "_time": 13.3320313, "shift": 0.0, "time": 13.3320313}, {"$id": 49, "type": 0, "sounds": [{"w": 0.0, "d": 0.166666985, "p": 71, "v": 100}], "pos": 1.19444466, "size": 1.0, "_time": 13.5, "shift": 0.0, "time": 13.5}, {"$id": 50, "type": 0, "sounds": [{"w": 0.0, "d": 0.333333969, "p": 59, "v": 87}], "pos": -2.0, "size": 1.0, "_time": 13.6679688, "shift": 0.0, "time": 13.6679688}, {"$id": 51, "type": 0, "sounds": [{"w": 0.0, "d": 0.166666985, "p": 66, "v": 80}], "pos": 0.5, "size": 1.0, "_time": 13.6679688, "shift": 0.0, "time": 13.6679688}, {"$id": 52, "type": 0, "sounds": [{"w": 0.0, "d": 0.166666985, "p": 63, "v": 92}], "pos": -0.08333421, "size": 1.0, "_time": 13.8320313, "shift": 0.0, "time": 13.8320313}, {"$id": 53, "type": 0, "sounds": [{"w": 0.0, "d": 0.333333969, "p": 40, "v": 92}], "pos": -1.22222114, "size": 1.0, "_time": 14.0, "shift": 0.0, "time": 14.0}, {"$id": 54, "type": 0, "sounds": [{"w": 0.0, "d": 0.333333969, "p": 47, "v": 86}], "pos": -0.236111715, "size": 1.0, "_time": 14.3320313, "shift": 0.0, "time": 14.3320313}, {"$id": 55, "type": 0, "sounds": [{"w": 0.0, "d": 0.333333969, "p": 56, "v": 81}], "pos": 0.8333325, "size": 1.0, "_time": 14.6679688, "shift": 0.0, "time": 14.6679688}, {"$id": 56, "type": 0, "sounds": [{"w": 0.0, "d": 0.333333969, "p": 42, "v": 95}], "pos": 1.83333361, "size": 1.0, "_time": 15.0, "shift": 0.0, "time": 15.0}, {"$id": 57, "type": 0, "sounds": [{"w": 0.0, "d": 0.166666985, "p": 71, "v": 100}], "pos": 0.02777791, "size": 1.0, "_time": 15.0, "shift": 0.0, "time": 15.0}, {"$id": 58, "type": 0, "sounds": [{"w": 0.0, "d": 0.166666985, "p": 66, "v": 80}], "pos": -0.638889551, "size": 1.0, "_time": 15.1679688, "shift": 0.0, "time": 15.1679688}, {"$id": 59, "type": 0, "sounds": [{"w": 0.0, "d": 0.333333969, "p": 49, "v": 80}], "pos": 1.47222161, "size": 1.0, "_time": 15.3320313, "shift": 0.0, "time": 15.3320313}, {"$id": 60, "type": 0, "sounds": [{"w": 0.0, "d": 0.166666985, "p": 61, "v": 80}], "pos": -1.47222209, "size": 1.0, "_time": 15.3320313, "shift": 0.0, "time": 15.3320313}, {"$id": 61, "type": 0, "sounds": [{"w": 0.0, "d": 0.166666985, "p": 70, "v": 100}], "pos": -0.4722221, "size": 1.0, "_time": 15.5, "shift": 0.0, "time": 15.5}, {"$id": 62, "type": 0, "sounds": [{"w": 0.0, "d": 0.333333969, "p": 56, "v": 89}], "pos": 0.888888359, "size": 1.0, "_time": 15.6679688, "shift": 0.0, "time": 15.6679688}, {"$id": 63, "type": 0, "sounds": [{"w": 0.0, "d": 0.166666985, "p": 66, "v": 80}], "pos": -0.9722221, "size": 1.0, "_time": 15.6679688, "shift": 0.0, "time": 15.6679688}, {"$id": 64, "type": 0, "sounds": [{"w": 0.0, "d": 0.166666985, "p": 61, "v": 72}], "pos": -1.47222209, "size": 1.0, "_time": 15.8320313, "shift": 0.0, "time": 15.8320313}, {"$id": 65, "type": 0, "sounds": [{"w": 0.0, "d": 0.333332062, "p": 45, "v": 84}], "pos": 0.5, "size": 1.0, "_time": 16.0, "shift": 0.0, "time": 16.0}, {"$id": 66, "type": 0, "sounds": [{"w": 0.0, "d": 0.166666031, "p": 61, "v": 80}], "pos": -0.250000745, "size": 1.0, "_time": 16.3320313, "shift": 0.0, "time": 16.3320313}, {"$id": 67, "type": 0, "sounds": [{"w": 0.0, "d": 0.166666031, "p": 61, "v": 84}], "pos": -0.8055549, "size": 1.0, "_time": 16.6679688, "shift": 0.0, "time": 16.6679688}, {"$id": 68, "type": 0, "sounds": [{"w": 0.0, "d": 0.166666031, "p": 56, "v": 84}], "pos": 0.999999762, "size": 1.0, "_time": 16.8320313, "shift": 0.0, "time": 16.8320313}, {"$id": 69, "type": 0, "sounds": [{"w": 0.0, "d": 0.333332062, "p": 35, "v": 77}], "pos": -1.4861114, "size": 1.0, "_time": 17.0, "shift": 0.0, "time": 17.0}, {"$id": 70, "type": 0, "sounds": [{"w": 0.0, "d": 0.166666031, "p": 59, "v": 84}], "pos": -0.5, "size": 1.0, "_time": 17.3320313, "shift": 0.0, "time": 17.3320313}, {"$id": 71, "type": 0, "sounds": [{"w": 0.0, "d": 0.166666031, "p": 63, "v": 92}], "pos": 0.763888836, "size": 1.0, "_time": 17.5, "shift": 0.0, "time": 17.5}, {"$id": 72, "type": 0, "sounds": [{"w": 0.0, "d": 0.166666031, "p": 64, "v": 104}], "pos": 0.5, "size": 1.0, "_time": 17.6679688, "shift": 0.0, "time": 17.6679688}, {"$id": 73, "type": 0, "sounds": [{"w": 0.0, "d": 0.166666031, "p": 66, "v": 112}], "pos": 1.583333, "size": 1.0, "_time": 17.8320313, "shift": 0.0, "time": 17.8320313}, {"$id": 74, "type": 0, "sounds": [{"w": 0.0, "d": 0.833333969, "p": 56, "v": 88}], "pos": 1.0, "size": 1.2, "_time": 18.0, "shift": 0.0, "time": 18.0}, {"$id": 75, "type": 0, "sounds": [{"w": 0.0, "d": 1.666666, "p": 37, "v": 93}], "pos": -0.541667, "size": 1.2, "_time": 18.0, "shift": 0.0, "time": 18.0}, {"$id": 76, "type": 0, "sounds": [{"w": 0.0, "d": 0.833332062, "p": 64, "v": 80}], "pos": -0.0277769566, "size": 0.9, "_time": 19.0, "shift": 0.0, "time": 19.0}, {"$id": 77, "type": 0, "sounds": [{"w": 0.0, "d": 0.833332062, "p": 56, "v": 76}], "pos": -1.63888872, "size": 0.9, "_time": 19.0, "shift": 0.0, "time": 19.0}, {"$id": 78, "type": 0, "sounds": [{"w": 0.0, "d": 0.333332062, "p": 49, "v": 100}], "pos": -2.0, "size": 1.2, "_time": 20.0, "shift": 0.0, "time": 20.0}, {"$id": 79, "type": 0, "sounds": [{"w": 0.0, "d": 0.166666031, "p": 76, "v": 100}], "pos": 2.0, "size": 1.0, "_time": 20.0, "shift": 0.0, "time": 20.0}, {"$id": 80, "type": 0, "sounds": [{"w": 0.0, "d": 0.166666031, "p": 73, "v": 84}], "pos": 1.40277791, "size": 1.0, "_time": 20.1679688, "shift": 0.0, "time": 20.1679688}, {"$id": 81, "type": 0, "sounds": [{"w": 0.0, "d": 0.333332062, "p": 56, "v": 87}], "pos": -1.61111164, "size": 1.2, "_time": 20.3320313, "shift": 0.0, "time": 20.3320313}, {"$id": 82, "type": 0, "sounds": [{"w": 0.0, "d": 0.166666031, "p": 68, "v": 84}], "pos": 0.8333328, "size": 1.0, "_time": 20.3320313, "shift": 0.0, "time": 20.3320313}, {"$id": 83, "type": 0, "sounds": [{"w": 0.0, "d": 0.166666031, "p": 76, "v": 100}], "pos": 1.44444454, "size": 1.0, "_time": 20.5, "shift": 0.0, "time": 20.5}, {"$id": 84, "type": 0, "sounds": [{"w": 0.0, "d": 0.333332062, "p": 64, "v": 87}], "pos": -1.27777779, "size": 1.2, "_time": 20.6679688, "shift": 0.0, "time": 20.6679688}, {"$id": 85, "type": 0, "sounds": [{"w": 0.0, "d": 0.166666031, "p": 73, "v": 84}], "pos": 0.9583329, "size": 1.0, "_time": 20.6679688, "shift": 0.0, "time": 20.6679688}, {"$id": 86, "type": 0, "sounds": [{"w": 0.0, "d": 0.166666031, "p": 68, "v": 84}], "pos": 0.305555582, "size": 1.0, "_time": 20.8320313, "shift": 0.0, "time": 20.8320313}, {"$id": 87, "type": 0, "sounds": [{"w": 0.0, "d": 0.9999962, "p": 58, "v": 81}], "pos": -0.916666567, "size": 1.2, "_time": 21.0, "shift": 0.0, "time": 21.0}, {"$id": 88, "type": 0, "sounds": [{"w": 0.0, "d": 0.166666031, "p": 76, "v": 104}], "pos": 0.8333319, "size": 1.0, "_time": 21.0, "shift": 0.0, "time": 21.0}, {"$id": 89, "type": 0, "sounds": [{"w": 0.0, "d": 0.166666031, "p": 73, "v": 84}], "pos": 0.0972212553, "size": 1.0, "_time": 21.1679688, "shift": 0.0, "time": 21.1679688}, {"$id": 90, "type": 0, "sounds": [{"w": 0.0, "d": 0.166666031, "p": 68, "v": 84}], "pos": -0.5, "size": 1.0, "_time": 21.3320313, "shift": 0.0, "time": 21.3320313}, {"$id": 91, "type": 0, "sounds": [{"w": 0.0, "d": 0.166666031, "p": 76, "v": 100}], "pos": -1.43051147e-06, "size": 1.0, "_time": 21.5, "shift": 0.0, "time": 21.5}, {"$id": 92, "type": 0, "sounds": [{"w": 0.0, "d": 0.166666031, "p": 73, "v": 84}], "pos": 0.5, "size": 1.0, "_time": 21.6679688, "shift": 0.0, "time": 21.6679688}, {"$id": 93, "type": 0, "sounds": [{"w": 0.0, "d": 0.166666031, "p": 68, "v": 84}], "pos": 1.0, "size": 1.0, "_time": 21.8320313, "shift": 0.0, "time": 21.8320313}, {"$id": 94, "type": 0, "sounds": [{"w": 0.0, "d": 0.333332062, "p": 49, "v": 100}], "pos": 2.0, "size": 1.2, "_time": 22.0, "shift": 0.0, "time": 22.0}, {"$id": 95, "type": 0, "sounds": [{"w": 0.0, "d": 0.166666031, "p": 76, "v": 112}], "pos": -2.0, "size": 1.0, "_time": 22.0, "shift": 0.0, "time": 22.0}, {"$id": 96, "type": 0, "sounds": [{"w": 0.0, "d": 0.166666031, "p": 73, "v": 84}], "pos": -1.5, "size": 1.0, "_time": 22.1679688, "shift": 0.0, "time": 22.1679688}, {"$id": 97, "type": 0, "sounds": [{"w": 0.0, "d": 0.333332062, "p": 56, "v": 89}], "pos": 1.5, "size": 1.2, "_time": 22.3320313, "shift": 0.0, "time": 22.3320313}, {"$id": 98, "type": 0, "sounds": [{"w": 0.0, "d": 0.166666031, "p": 68, "v": 84}], "pos": -1.0, "size": 1.0, "_time": 22.3320313, "shift": 0.0, "time": 22.3320313}, {"$id": 99, "type": 0, "sounds": [{"w": 0.0, "d": 0.166666031, "p": 76, "v": 100}], "pos": -1.5, "size": 1.0, "_time": 22.5, "shift": 0.0, "time": 22.5}, {"$id": 100, "type": 0, "sounds": [{"w": 0.0, "d": 0.333332062, "p": 64, "v": 82}], "pos": 1.0, "size": 1.2, "_time": 22.6679688, "shift": 0.0, "time": 22.6679688}, {"$id": 101, "type": 0, "sounds": [{"w": 0.0, "d": 0.166666031, "p": 73, "v": 84}], "pos": -1.0, "size": 1.0, "_time": 22.6679688, "shift": 0.0, "time": 22.6679688}, {"$id": 102, "type": 0, "sounds": [{"w": 0.0, "d": 0.166666031, "p": 68, "v": 84}], "pos": -0.5, "size": 1.0, "_time": 22.8320313, "shift": 0.0, "time": 22.8320313}, {"$id": 103, "type": 0, "sounds": [{"w": 0.0, "d": 0.9999962, "p": 58, "v": 79}], "pos": 0.5, "size": 1.2, "_time": 23.0, "shift": 0.0, "time": 23.0}, {"$id": 104, "type": 0, "sounds": [{"w": 0.0, "d": 0.166666031, "p": 76, "v": 100}], "pos": -1.0, "size": 1.0, "_time": 23.0, "shift": 0.0, "time": 23.0}, {"$id": 105, "type": 0, "sounds": [{"w": 0.0, "d": 0.166666031, "p": 73, "v": 84}], "pos": -0.5, "size": 1.0, "_time": 23.1679688, "shift": 0.0, "time": 23.1679688}, {"$id": 106, "type": 0, "sounds": [{"w": 0.0, "d": 0.166666031, "p": 68, "v": 84}], "pos": 0.0, "size": 1.0, "_time": 23.3320313, "shift": 0.0, "time": 23.3320313}, {"$id": 107, "type": 0, "sounds": [{"w": 0.0, "d": 0.166666031, "p": 76, "v": 100}], "pos": -0.5, "size": 1.0, "_time": 23.5, "shift": 0.0, "time": 23.5}, {"$id": 108, "type": 0, "sounds": [{"w": 0.0, "d": 0.166666031, "p": 73, "v": 84}], "pos": -1.0, "size": 1.0, "_time": 23.6679688, "shift": 0.0, "time": 23.6679688}, {"$id": 109, "type": 0, "sounds": [{"w": 0.0, "d": 0.166666031, "p": 68, "v": 84}], "pos": -1.5, "size": 1.0, "_time": 23.8320313, "shift": 0.0, "time": 23.8320313}, {"$id": 110, "type": 0, "sounds": [{"w": 0.0, "d": 0.166666031, "p": 76, "v": 100}], "pos": 2.0, "size": 1.0, "_time": 24.0, "shift": 0.0, "time": 24.0}, {"$id": 111, "type": 0, "sounds": [{"w": 0.0, "d": 0.166666031, "p": 73, "v": 84}], "pos": 1.0, "size": 1.0, "_time": 24.1679688, "shift": 0.0, "time": 24.1679688}, {"$id": 112, "type": 0, "sounds": [{"w": 0.0, "d": 0.166666031, "p": 68, "v": 84}], "pos": 0.0, "size": 1.0, "_time": 24.3320313, "shift": 0.0, "time": 24.3320313}, {"$id": 113, "type": 0, "sounds": [{"w": 0.0, "d": 0.166666031, "p": 76, "v": 100}], "pos": 1.0, "size": 1.0, "_time": 24.5, "shift": 0.0, "time": 24.5}, {"$id": 114, "type": 0, "sounds": [{"w": 0.0, "d": 0.166666031, "p": 73, "v": 84}], "pos": 0.0, "size": 1.0, "_time": 24.6679688, "shift": 0.0, "time": 24.6679688}, {"$id": 115, "type": 0, "sounds": [{"w": 0.0, "d": 0.166666031, "p": 68, "v": 84}], "pos": -1.0, "size": 1.0, "_time": 24.8320313, "shift": 0.0, "time": 24.8320313}, {"$id": 116, "type": 0, "sounds": [{"w": 0.0, "d": 0.166666031, "p": 75, "v": 100}], "pos": 0.5, "size": 1.0, "_time": 25.0, "shift": 0.0, "time": 25.0}, {"$id": 117, "type": 0, "sounds": [{"w": 0.0, "d": 0.166666031, "p": 71, "v": 84}], "pos": -0.5, "size": 1.0, "_time": 25.1679688, "shift": 0.0, "time": 25.1679688}, {"$id": 118, "type": 0, "pos": -1.5, "size": 1.0, "_time": 25.3359375, "shift": 0.0, "time": 25.3359375}, {"$id": 119, "type": 0, "sounds": [{"w": 0.0, "d": 0.166666031, "p": 75, "v": 100}], "pos": 0.0, "size": 1.0, "_time": 25.5, "shift": 0.0, "time": 25.5}, {"$id": 120, "type": 0, "sounds": [{"w": 0.0, "d": 0.166666031, "p": 71, "v": 84}], "pos": -1.0, "size": 1.0, "_time": 25.6679688, "shift": 0.0, "time": 25.6679688}, {"$id": 121, "type": 0, "sounds": [{"w": 0.0, "d": 0.166666031, "p": 66, "v": 84}], "pos": -2.0, "size": 1.0, "_time": 25.8320313, "shift": 0.0, "time": 25.8320313}, {"$id": 122, "type": 0, "sounds": [{"w": 0.0, "d": 0.333332062, "p": 52, "v": 79}], "pos": -1.5, "size": 1.2, "_time": 26.0, "shift": 0.0, "time": 26.0}, {"$id": 123, "type": 0, "sounds": [{"w": 0.0, "d": 0.166666031, "p": 75, "v": 100}], "pos": 0.8472209, "size": 1.0, "_time": 26.0, "shift": 0.0, "time": 26.0}, {"$id": 124, "type": 0, "sounds": [{"w": 0.0, "d": 0.166666031, "p": 71, "v": 84}], "pos": 0.3472209, "size": 1.0, "_time": 26.1679688, "shift": 0.0, "time": 26.1679688}, {"$id": 125, "type": 0, "sounds": [{"w": 0.0, "d": 0.166666031, "p": 68, "v": 84}], "pos": -0.361112654, "size": 1.0, "_time": 26.3320313, "shift": 0.0, "time": 26.3320313}, {"$id": 126, "type": 0, "sounds": [{"w": 0.0, "d": 0.166666031, "p": 73, "v": 100}], "pos": 0.5972209, "size": 1.0, "_time": 26.5, "shift": 0.0, "time": 26.5}, {"$id": 127, "type": 0, "sounds": [{"w": 0.0, "d": 0.166666031, "p": 68, "v": 84}], "pos": -0.0277791023, "size": 1.0, "_time": 26.6679688, "shift": 0.0, "time": 26.6679688}, {"$id": 128, "type": 0, "sounds": [{"w": 0.0, "d": 0.166666031, "p": 64, "v": 84}], "pos": -0.5277791, "size": 1.0, "_time": 26.8320313, "shift": 0.0, "time": 26.8320313}, {"$id": 129, "type": 0, "sounds": [{"w": 0.0, "d": 0.333333969, "p": 44, "v": 81}], "pos": -1.19444418, "size": 1.2, "_time": 27.0, "shift": 0.0, "time": 27.0}, {"$id": 130, "type": 0, "sounds": [{"w": 0.0, "d": 0.0902786255, "p": 72, "v": 88}], "pos": 1.36111188, "size": 1.0, "_time": 27.0, "shift": 0.0, "time": 27.0}, {"$id": 131, "type": 0, "sounds": [{"w": 0.0, "d": 0.166666031, "p": 72, "v": 80}], "pos": -0.5, "size": 1.0, "_time": 27.1679688, "shift": 0.0, "time": 27.1679688}, {"$id": 132, "type": 0, "sounds": [{"w": 0.0, "d": 0.166666031, "p": 73, "v": 82}], "pos": 0.0, "size": 1.0, "_time": 27.3320313, "shift": 0.0, "time": 27.3320313}, {"$id": 133, "type": 0, "sounds": [{"w": 0.0, "d": 0.166666031, "p": 75, "v": 87}], "pos": 0.5277782, "size": 1.0, "_time": 27.5, "shift": 0.0, "time": 27.5}, {"$id": 134, "type": 0, "sounds": [{"w": 0.0, "d": 0.166666031, "p": 76, "v": 107}], "pos": 0.999999642, "size": 1.0, "_time": 27.6679688, "shift": 0.0, "time": 27.6679688}, {"$id": 135, "type": 0, "sounds": [{"w": 0.0, "d": 0.166666031, "p": 78, "v": 107}], "pos": 1.47222221, "size": 1.0, "_time": 27.8320313, "shift": 0.0, "time": 27.8320313}, {"$id": 136, "type": 0, "sounds": [{"w": 0.0, "d": 0.166666031, "p": 68, "v": 108}], "pos": -1.5, "size": 1.0, "_time": 28.0, "shift": 0.0, "time": 28.0}, {"$id": 137, "type": 0, "sounds": [{"w": 0.0, "d": 0.166666031, "p": 80, "v": 108}], "pos": 2.0, "size": 1.0, "_time": 28.0, "shift": 0.0, "time": 28.0}, {"$id": 138, "type": 0, "sounds": [{"w": 0.0, "d": 0.166666031, "p": 68, "v": 92}], "pos": 0.0, "size": 1.0, "_time": 28.1679688, "shift": 0.0, "time": 28.1679688}, {"$id": 139, "type": 0, "sounds": [{"w": 0.0, "d": 0.166666031, "p": 76, "v": 92}], "pos": -1.5, "size": 1.0, "_time": 28.3320313, "shift": 0.0, "time": 28.3320313}, {"$id": 140, "type": 0, "sounds": [{"w": 0.0, "d": 0.166666031, "p": 80, "v": 108}], "pos": 1.0, "size": 1.2, "_time": 28.5, "shift": 0.0, "time": 28.5}, {"$id": 141, "type": 0, "sounds": [{"w": 0.0, "d": 0.166666031, "p": 68, "v": 92}], "pos": -0.5, "size": 1.0, "_time": 28.6679688, "shift": 0.0, "time": 28.6679688}, {"$id": 142, "type": 0, "sounds": [{"w": 0.0, "d": 0.166666031, "p": 76, "v": 92}], "pos": 1.0, "size": 1.0, "_time": 28.8320313, "shift": 0.0, "time": 28.8320313}, {"$id": 143, "type": 0, "sounds": [{"w": 0.0, "d": 0.166666031, "p": 78, "v": 108}], "pos": 0.0, "size": 1.0, "_time": 29.0, "shift": 0.0, "time": 29.0}, {"$id": 144, "type": 0, "sounds": [{"w": 0.0, "d": 0.166666031, "p": 66, "v": 92}], "pos": 0.0, "size": 1.0, "_time": 29.1679688, "shift": 0.0, "time": 29.1679688}, {"$id": 145, "type": 0, "sounds": [{"w": 0.0, "d": 0.166666031, "p": 71, "v": 92}], "pos": -1.24999988, "size": 1.0, "_time": 29.3320313, "shift": 0.0, "time": 29.3320313}, {"$id": 146, "type": 0, "sounds": [{"w": 0.0, "d": 0.166666031, "p": 78, "v": 108}], "pos": 0.9722218, "size": 1.0, "_time": 29.5, "shift": 0.0, "time": 29.5}, {"$id": 147, "type": 0, "sounds": [{"w": 0.0, "d": 0.166666031, "p": 66, "v": 92}], "pos": 1.0, "size": 1.0, "_time": 29.6679688, "shift": 0.0, "time": 29.6679688}, {"$id": 148, "type": 0, "sounds": [{"w": 0.0, "d": 0.166666031, "p": 71, "v": 92}], "pos": -0.5, "size": 1.0, "_time": 29.8320313, "shift": 0.0, "time": 29.8320313}, {"$id": 149, "type": 0, "sounds": [{"w": 0.0, "d": 0.166666031, "p": 78, "v": 108}], "pos": 1.5, "size": 1.0, "_time": 30.0, "shift": 0.0, "time": 30.0}, {"$id": 150, "type": 0, "sounds": [{"w": 0.0, "d": 0.166666031, "p": 66, "v": 92}], "pos": 0.0, "size": 1.0, "_time": 30.1679688, "shift": 0.0, "time": 30.1679688}, {"$id": 151, "type": 0, "sounds": [{"w": 0.0, "d": 0.166666031, "p": 71, "v": 92}], "pos": 1.5, "size": 1.0, "_time": 30.3320313, "shift": 0.0, "time": 30.3320313}, {"$id": 152, "type": 0, "sounds": [{"w": 0.0, "d": 0.166666031, "p": 76, "v": 108}], "pos": -1.0, "size": 1.0, "_time": 30.5, "shift": 0.0, "time": 30.5}, {"$id": 153, "type": 0, "sounds": [{"w": 0.0, "d": 0.166666031, "p": 66, "v": 92}], "pos": 0.5, "size": 1.0, "_time": 30.6679688, "shift": 0.0, "time": 30.6679688}, {"$id": 154, "type": 0, "sounds": [{"w": 0.0, "d": 0.166666031, "p": 71, "v": 92}], "pos": -1.0, "size": 1.0, "_time": 30.8320313, "shift": 0.0, "time": 30.8320313}, {"$id": 155, "type": 0, "sounds": [{"w": 0.0, "d": 0.166666031, "p": 75, "v": 108}], "pos": 0.0, "size": 1.0, "_time": 31.0, "shift": 0.0, "time": 31.0}, {"$id": 156, "type": 0, "sounds": [{"w": 0.0, "d": 0.166666031, "p": 64, "v": 92}], "pos": 0.0, "size": 1.0, "_time": 31.1679688, "shift": 0.0, "time": 31.1679688}, {"$id": 157, "type": 0, "sounds": [{"w": 0.0, "d": 0.166666031, "p": 68, "v": 92}], "pos": 1.5, "size": 1.0, "_time": 31.3320313, "shift": 0.0, "time": 31.3320313}, {"$id": 158, "type": 0, "sounds": [{"w": 0.0, "d": 0.166666031, "p": 76, "v": 108}], "pos": -1.0, "size": 1.0, "_time": 31.5, "shift": 0.0, "time": 31.5}, {"$id": 159, "type": 0, "sounds": [{"w": 0.0, "d": 0.166666031, "p": 64, "v": 92}], "pos": -1.0, "size": 1.0, "_time": 31.6679688, "shift": 0.0, "time": 31.6679688}, {"$id": 160, "type": 0, "sounds": [{"w": 0.0, "d": 0.166666031, "p": 68, "v": 92}], "pos": 1.0, "size": 1.0, "_time": 31.8320313, "shift": 0.0, "time": 31.8320313}, {"$id": 161, "type": 0, "sounds": [{"w": 0.0, "d": 0.5000019, "p": 76, "v": 108}], "pos": 1.83333325, "size": 1.0, "_time": 32.0, "shift": 0.0, "time": 32.0}, {"$id": 162, "type": 0, "sounds": [{"w": 0.0, "d": 0.166666031, "p": 45, "v": 100}], "pos": -2.0, "size": 1.2, "_time": 32.0, "shift": 0.0, "time": 32.0}, {"$id": 163, "type": 0, "sounds": [{"w": 0.0, "d": 0.166667938, "p": 52, "v": 96}], "pos": -0.972222745, "size": 1.1, "_time": 32.16797, "shift": 0.0, "time": 32.16797}, {"$id": 164, "type": 0, "sounds": [{"w": 0.0, "d": 0.166667938, "p": 59, "v": 91}], "pos": -0.09722173, "size": 1.0, "_time": 32.33203, "shift": 0.0, "time": 32.33203}, {"$id": 165, "type": 0, "sounds": [{"w": 0.0, "d": 0.166667938, "p": 71, "v": 76}], "pos": -1.41666782, "size": 1.2, "_time": 32.5, "shift": 0.0, "time": 32.5}, {"$id": 166, "type": 0, "sounds": [{"w": 0.0, "d": 0.166667938, "p": 61, "v": 88}], "pos": 0.874998, "size": 1.0, "_time": 32.5, "shift": 0.0, "time": 32.5}, {"$id": 167, "type": 0, "sounds": [{"w": 0.0, "d": 0.166667938, "p": 72, "v": 96}], "pos": -0.500000358, "size": 1.1, "_time": 32.66797, "shift": 0.0, "time": 32.66797}, {"$id": 168, "type": 0, "sounds": [{"w": 0.0, "d": 0.166667938, "p": 73, "v": 100}], "pos": 0.472222149, "size": 1.0, "_time": 32.83203, "shift": 0.0, "time": 32.83203}, {"$id": 169, "type": 0, "sounds": [{"w": 0.0, "d": 0.166667938, "p": 75, "v": 108}], "pos": 1.47222173, "size": 1.0, "_time": 33.0, "shift": 0.0, "time": 33.0}, {"$id": 170, "type": 0, "sounds": [{"w": 0.0, "d": 0.166667938, "p": 47, "v": 100}], "pos": -1.54166818, "size": 1.30000007, "_time": 33.0, "shift": 0.0, "time": 33.0}, {"$id": 171, "type": 0, "sounds": [{"w": 0.0, "d": 0.166667938, "p": 54, "v": 97}], "pos": -0.694446445, "size": 1.2, "_time": 33.16797, "shift": 0.0, "time": 33.16797}, {"$id": 172, "type": 0, "sounds": [{"w": 0.0, "d": 0.166667938, "p": 76, "v": 108}], "pos": 2.0, "size": 1.30000007, "_time": 33.33203, "shift": 0.0, "time": 33.33203}, {"$id": 173, "type": 0, "sounds": [{"w": 0.0, "d": 0.166667938, "p": 59, "v": 92}], "pos": 0.0694434345, "size": 1.1, "_time": 33.33203, "shift": 0.0, "time": 33.33203}, {"$id": 174, "type": 0, "sounds": [{"w": 0.0, "d": 0.166667938, "p": 61, "v": 88}], "pos": 0.9583354, "size": 1.0, "_time": 33.5, "shift": 0.0, "time": 33.5}, {"$id": 175, "type": 0, "sounds": [{"w": 0.0, "d": 0.166667938, "p": 75, "v": 108}], "pos": -1.0, "size": 1.30000007, "_time": 33.66797, "shift": 0.0, "time": 33.66797}, {"$id": 176, "type": 0, "sounds": [{"w": 0.0, "d": 0.166667938, "p": 49, "v": 100}], "pos": -1.694445, "size": 1.30000007, "_time": 34.0, "shift": 0.0, "time": 34.0}, {"$id": 177, "type": 0, "sounds": [{"w": 0.0, "d": 0.166667938, "p": 75, "v": 100}], "pos": 0.833333731, "size": 1.30000007, "_time": 34.04297, "shift": 0.0, "time": 34.04297}, {"$id": 178, "type": 0, "sounds": [{"w": 0.0, "d": 0.166667938, "p": 56, "v": 98}], "pos": -0.6666685, "size": 1.30000007, "_time": 34.16797, "shift": 0.0, "time": 34.16797}, {"$id": 179, "type": 0, "sounds": [{"w": 0.0, "d": 0.166667938, "p": 61, "v": 96}], "pos": 0.208333015, "size": 1.2, "_time": 34.33203, "shift": 0.0, "time": 34.33203}, {"$id": 180, "type": 0, "sounds": [{"w": 0.0, "d": 0.166667938, "p": 63, "v": 90}], "pos": 0.7916655, "size": 1.1, "_time": 34.5, "shift": 0.0, "time": 34.5}, {"$id": 181, "type": 0, "sounds": [{"w": 0.0, "d": 0.166667938, "p": 64, "v": 84}], "pos": 1.27777743, "size": 1.0, "_time": 34.66797, "shift": 0.0, "time": 34.66797}, {"$id": 182, "type": 0, "sounds": [{"w": 0.0, "d": 0.166667938, "p": 68, "v": 87}], "pos": 1.11111021, "size": 1.0, "_time": 34.83203, "shift": 0.0, "time": 34.83203}, {"$id": 183, "type": 0, "sounds": [{"w": 0.0, "d": 0.166667938, "p": 73, "v": 100}], "pos": 0.5694434, "size": 0.9, "_time": 35.0, "shift": 0.0, "time": 35.0}, {"$id": 184, "type": 0, "sounds": [{"w": 0.0, "d": 0.111110687, "p": 73, "v": 92}], "pos": -0.500001252, "size": 0.9, "_time": 35.2226563, "shift": 0.0, "time": 35.2226563}, {"$id": 185, "type": 0, "sounds": [{"w": 0.0, "d": 0.111110687, "p": 75, "v": 92}], "pos": -1.05555558, "size": 1.2, "_time": 35.33203, "shift": 0.0, "time": 35.33203}, {"$id": 186, "type": 0, "sounds": [{"w": 0.0, "d": 0.111110687, "p": 76, "v": 92}], "pos": -0.7500016, "size": 1.1, "_time": 35.4453125, "shift": 0.0, "time": 35.4453125}, {"$id": 187, "type": 0, "sounds": [{"w": 0.0, "d": 0.111110687, "p": 78, "v": 92}], "pos": -0.222222328, "size": 1.0, "_time": 35.5546875, "shift": 0.0, "time": 35.5546875}, {"$id": 188, "type": 0, "sounds": [{"w": 0.0, "d": 0.111110687, "p": 76, "v": 92}], "pos": 0.611112237, "size": 0.9, "_time": 35.66797, "shift": 0.0, "time": 35.66797}, {"$id": 189, "type": 0, "sounds": [{"w": 0.0, "d": 0.666671753, "p": 85, "v": 104}], "pos": 2.0, "size": 0.9, "_time": 36.0, "shift": 0.0, "time": 36.0}, {"$id": 190, "type": 0, "sounds": [{"w": 0.0, "d": 0.111110687, "p": 78, "v": 104}], "pos": -2.0, "size": 0.9, "_time": 36.0, "shift": 0.0, "time": 36.0}, {"$id": 191, "type": 0, "sounds": [{"w": 0.0, "d": 0.166667938, "p": 50, "v": 96}], "pos": -1.5, "size": 1.0, "_time": 36.16797, "shift": 0.0, "time": 36.16797}, {"$id": 192, "type": 0, "sounds": [{"w": 0.0, "d": 0.166667938, "p": 57, "v": 103}], "pos": 0.0, "size": 0.799999952, "_time": 36.33203, "shift": 0.0, "time": 36.33203}, {"$id": 193, "type": 0, "sounds": [{"w": 0.0, "d": 0.166667938, "p": 54, "v": 96}], "pos": -1.0, "size": 1.0, "_time": 36.5, "shift": 0.0, "time": 36.5}, {"$id": 194, "type": 0, "sounds": [{"w": 0.0, "d": 0.166667938, "p": 66, "v": 103}], "pos": 0.5, "size": 0.799999952, "_time": 36.66797, "shift": 0.0, "time": 36.66797}, {"$id": 195, "type": 0, "sounds": [{"w": 0.0, "d": 0.166667938, "p": 61, "v": 96}], "pos": -0.5, "size": 1.0, "_time": 36.83203, "shift": 0.0, "time": 36.83203}, {"$id": 196, "type": 0, "sounds": [{"w": 0.0, "d": 0.166667938, "p": 69, "v": 106}], "pos": 1.0, "size": 0.799999952, "_time": 37.0, "shift": 0.0, "time": 37.0}, {"$id": 197, "type": 0, "sounds": [{"w": 0.0, "d": 0.166667938, "p": 61, "v": 96}], "pos": 0.0, "size": 1.0, "_time": 37.16797, "shift": 0.0, "time": 37.16797}, {"$id": 198, "type": 0, "sounds": [{"w": 0.0, "d": 0.166667938, "p": 74, "v": 88}], "pos": -1.0, "size": 1.30000019, "_time": 37.33203, "shift": 0.0, "time": 37.33203}, {"$id": 199, "type": 0, "sounds": [{"w": 0.0, "d": 0.166667938, "p": 86, "v": 100}], "pos": 1.0, "size": 1.30000019, "_time": 37.33203, "shift": 0.0, "time": 37.33203}, {"$id": 200, "type": 0, "sounds": [{"w": 0.0, "d": 0.166667938, "p": 76, "v": 88}], "pos": -1.5, "size": 1.30000019, "_time": 37.66797, "shift": 0.0, "time": 37.66797}, {"$id": 201, "type": 0, "sounds": [{"w": 0.0, "d": 0.166667938, "p": 88, "v": 100}], "pos": 1.5, "size": 1.30000019, "_time": 37.66797, "shift": 0.0, "time": 37.66797}, {"$id": 202, "type": 0, "sounds": [{"w": 0.0, "d": 0.166667938, "p": 73, "v": 88}], "pos": -1.02777767, "size": 1.30000019, "_time": 38.0, "shift": 0.0, "time": 38.0}, {"$id": 203, "type": 0, "sounds": [{"w": 0.0, "d": 0.166667938, "p": 85, "v": 100}], "pos": 1.0, "size": 1.30000019, "_time": 38.0, "shift": 0.0, "time": 38.0}, {"$id": 204, "type": 0, "sounds": [{"w": 0.0, "d": 0.166667938, "p": 50, "v": 96}], "pos": -0.5, "size": 1.0, "_time": 38.16797, "shift": 0.0, "time": 38.16797}, {"$id": 205, "type": 0, "sounds": [{"w": 0.0, "d": 0.166667938, "p": 56, "v": 100}], "pos": -1.5, "size": 0.799999952, "_time": 38.33203, "shift": 0.0, "time": 38.33203}, {"$id": 206, "type": 0, "sounds": [{"w": 0.0, "d": 0.166667938, "p": 53, "v": 96}], "pos": 0.0, "size": 1.0, "_time": 38.5, "shift": 0.0, "time": 38.5}, {"$id": 207, "type": 0, "sounds": [{"w": 0.0, "d": 0.166667938, "p": 65, "v": 103}], "pos": -1.0, "size": 0.799999952, "_time": 38.66797, "shift": 0.0, "time": 38.66797}, {"$id": 208, "type": 0, "sounds": [{"w": 0.0, "d": 0.166667938, "p": 59, "v": 96}], "pos": 0.5, "size": 1.0, "_time": 38.83203, "shift": 0.0, "time": 38.83203}, {"$id": 209, "type": 0, "sounds": [{"w": 0.0, "d": 0.166667938, "p": 68, "v": 104}], "pos": -0.5, "size": 0.799999952, "_time": 39.0, "shift": 0.0, "time": 39.0}, {"$id": 210, "type": 0, "sounds": [{"w": 0.0, "d": 0.166667938, "p": 59, "v": 96}], "pos": 1.0, "size": 1.0, "_time": 39.16797, "shift": 0.0, "time": 39.16797}, {"$id": 211, "type": 0, "sounds": [{"w": 0.0, "d": 0.166667938, "p": 80, "v": 100}], "pos": -1.5, "size": 1.20000017, "_time": 39.33203, "shift": 0.0, "time": 39.33203}, {"$id": 212, "type": 0, "sounds": [{"w": 0.0, "d": 0.166667938, "p": 92, "v": 100}], "pos": 1.5, "size": 1.20000017, "_time": 39.33203, "shift": 0.0, "time": 39.33203}, {"$id": 213, "type": 0, "sounds": [{"w": 0.0, "d": 0.166667938, "p": 81, "v": 100}], "pos": -1.0, "size": 1.20000017, "_time": 39.66797, "shift": 0.0, "time": 39.66797}, {"$id": 214, "type": 0, "sounds": [{"w": 0.0, "d": 0.166667938, "p": 93, "v": 100}], "pos": 1.0, "size": 1.20000017, "_time": 39.66797, "shift": 0.0, "time": 39.66797}, {"$id": 215, "type": 0, "sounds": [{"w": 0.0, "d": 0.166667938, "p": 83, "v": 100}], "pos": -1.5, "size": 1.20000017, "_time": 40.0, "shift": 0.0, "time": 40.0}, {"$id": 216, "type": 0, "sounds": [{"w": 0.0, "d": 0.166667938, "p": 92, "v": 100}], "pos": 1.36111116, "size": 1.20000017, "_time": 40.0, "shift": 0.0, "time": 40.0}, {"$id": 217, "type": 0, "sounds": [{"w": 0.0, "d": 0.166667938, "p": 49, "v": 96}], "pos": 0.5, "size": 1.0, "_time": 40.16797, "shift": 0.0, "time": 40.16797}, {"$id": 218, "type": 0, "sounds": [{"w": 0.0, "d": 0.166667938, "p": 56, "v": 100}], "pos": 1.0, "size": 1.0, "_time": 40.33203, "shift": 0.0, "time": 40.33203}, {"$id": 219, "type": 0, "sounds": [{"w": 0.0, "d": 0.166667938, "p": 52, "v": 96}], "pos": -0.5, "size": 1.0, "_time": 40.5, "shift": 0.0, "time": 40.5}, {"$id": 220, "type": 0, "sounds": [{"w": 0.0, "d": 0.166667938, "p": 64, "v": 103}], "pos": 0.5, "size": 1.0, "_time": 40.66797, "shift": 0.0, "time": 40.66797}, {"$id": 221, "type": 0, "sounds": [{"w": 0.0, "d": 0.166667938, "p": 59, "v": 96}], "pos": -1.0, "size": 1.0, "_time": 40.83203, "shift": 0.0, "time": 40.83203}, {"$id": 222, "type": 0, "sounds": [{"w": 0.0, "d": 0.166667938, "p": 80, "v": 100}], "pos": -2.0, "size": 1.1, "_time": 41.0, "shift": 0.0, "time": 41.0}, {"$id": 223, "type": 0, "sounds": [{"w": 0.0, "d": 0.166667938, "p": 88, "v": 100}], "pos": 0.0, "size": 1.1, "_time": 41.0, "shift": 0.0, "time": 41.0}, {"$id": 224, "type": 0, "sounds": [{"w": 0.0, "d": 0.166667938, "p": 59, "v": 96}], "pos": 0.5, "size": 1.0, "_time": 41.16797, "shift": 0.0, "time": 41.16797}, {"$id": 225, "type": 0, "sounds": [{"w": 0.0, "d": 0.166667938, "p": 64, "v": 102}], "pos": -0.5, "size": 1.0, "_time": 41.33203, "shift": 0.0, "time": 41.33203}, {"$id": 226, "type": 0, "sounds": [{"w": 0.0, "d": 0.166667938, "p": 56, "v": 96}], "pos": 1.0, "size": 1.0, "_time": 41.5, "shift": 0.0, "time": 41.5}, {"$id": 227, "type": 0, "sounds": [{"w": 0.0, "d": 0.166667938, "p": 76, "v": 100}], "pos": 0.0, "size": 1.2, "_time": 41.66797, "shift": 0.0, "time": 41.66797}, {"$id": 228, "type": 0, "sounds": [{"w": 0.0, "d": 0.166667938, "p": 83, "v": 100}], "pos": 1.5, "size": 1.1, "_time": 41.66797, "shift": 0.0, "time": 41.66797}, {"$id": 229, "type": 0, "sounds": [{"w": 0.0, "d": 0.166667938, "p": 30, "v": 108}], "pos": 2.75, "size": 1.0, "_time": 42.0, "shift": 0.0, "time": 42.0}, {"$id": 230, "type": 0, "sounds": [{"w": 0.0, "d": 0.166667938, "p": 76, "v": 100}], "pos": 1.0, "size": 1.1, "_time": 42.0, "shift": 0.0, "time": 42.0}, {"$id": 231, "type": 0, "sounds": [{"w": 0.0, "d": 0.166667938, "p": 83, "v": 100}], "pos": -1.5, "size": 1.2, "_time": 42.0, "shift": 0.0, "time": 42.0}, {"$id": 232, "type": 0, "sounds": [{"w": 0.0, "d": 0.166667938, "p": 42, "v": 96}], "pos": -1.0, "size": 1.0, "_time": 42.16797, "shift": 0.0, "time": 42.16797}, {"$id": 233, "type": 0, "sounds": [{"w": 0.0, "d": 0.166667938, "p": 54, "v": 102}], "pos": 0.5, "size": 1.0, "_time": 42.33203, "shift": 0.0, "time": 42.33203}, {"$id": 234, "type": 0, "sounds": [{"w": 0.0, "d": 0.166667938, "p": 49, "v": 96}], "pos": -0.5, "size": 1.0, "_time": 42.5, "shift": 0.0, "time": 42.5}, {"$id": 235, "type": 0, "sounds": [{"w": 0.0, "d": 0.166667938, "p": 61, "v": 100}], "pos": 1.0, "size": 1.0, "_time": 42.66797, "shift": 0.0, "time": 42.66797}, {"$id": 236, "type": 0, "sounds": [{"w": 0.0, "d": 0.166667938, "p": 81, "v": 100}], "pos": -1.0, "size": 0.9, "_time": 42.83203, "shift": 0.0, "time": 42.83203}, {"$id": 237, "type": 0, "sounds": [{"w": 0.0, "d": 0.166667938, "p": 81, "v": 100}], "pos": -1.0, "size": 0.9, "_time": 43.0, "shift": 0.0, "time": 43.0}, {"$id": 238, "type": 0, "sounds": [{"w": 0.0, "d": 0.166667938, "p": 57, "v": 96}], "pos": 1.5, "size": 1.0, "_time": 43.16797, "shift": 0.0, "time": 43.16797}, {"$id": 239, "type": 0, "sounds": [{"w": 0.0, "d": 0.166667938, "p": 61, "v": 105}], "pos": 0.0, "size": 1.0, "_time": 43.33203, "shift": 0.0, "time": 43.33203}, {"$id": 240, "type": 0, "sounds": [{"w": 0.0, "d": 0.166667938, "p": 54, "v": 96}], "pos": 0.5, "size": 1.0, "_time": 43.5, "shift": 0.0, "time": 43.5}, {"$id": 241, "type": 0, "sounds": [{"w": 0.0, "d": 0.166667938, "p": 57, "v": 105}], "pos": -1.0, "size": 1.0, "_time": 43.66797, "shift": 0.0, "time": 43.66797}, {"$id": 242, "type": 0, "sounds": [{"w": 0.0, "d": 0.166667938, "p": 49, "v": 96}], "pos": -0.5, "size": 1.0, "_time": 43.83203, "shift": 0.0, "time": 43.83203}, {"$id": 243, "type": 0, "sounds": [{"w": 0.0, "d": 0.166667938, "p": 36, "v": 106}], "pos": -2.0, "size": 1.50000012, "_time": 44.0, "shift": 0.0, "time": 44.0}, {"$id": 244, "type": 0, "sounds": [{"w": 0.0, "d": 0.166667938, "p": 71, "v": 95}], "pos": 1.0, "size": 1.0, "_time": 44.16797, "shift": 0.0, "time": 44.16797}, {"$id": 245, "type": 0, "sounds": [{"w": 0.0, "d": 0.166667938, "p": 83, "v": 95}], "pos": -1.23611069, "size": 1.2, "_time": 44.16797, "shift": 0.0, "time": 44.16797}, {"$id": 246, "type": 0, "sounds": [{"w": 0.0, "d": 0.166667938, "p": 72, "v": 97}], "pos": 0.5, "size": 1.0, "_time": 44.33203, "shift": 0.0, "time": 44.33203}, {"$id": 247, "type": 0, "sounds": [{"w": 0.0, "d": 0.166667938, "p": 84, "v": 97}], "pos": -0.611113, "size": 1.2, "_time": 44.33203, "shift": 0.0, "time": 44.33203}, {"$id": 248, "type": 0, "sounds": [{"w": 0.0, "d": 0.166667938, "p": 85, "v": 100}], "pos": -0.06944528, "size": 1.1, "_time": 44.5, "shift": 0.0, "time": 44.5}, {"$id": 249, "type": 0, "sounds": [{"w": 0.0, "d": 0.166667938, "p": 74, "v": 102}], "pos": -0.5, "size": 1.0, "_time": 44.66797, "shift": 0.0, "time": 44.66797}, {"$id": 250, "type": 0, "sounds": [{"w": 0.0, "d": 0.166667938, "p": 86, "v": 102}], "pos": 0.277776718, "size": 1.1, "_time": 44.66797, "shift": 0.0, "time": 44.66797}, {"$id": 251, "type": 0, "sounds": [{"w": 0.0, "d": 0.166667938, "p": 75, "v": 105}], "pos": -1.0, "size": 1.0, "_time": 44.83203, "shift": 0.0, "time": 44.83203}, {"$id": 252, "type": 0, "sounds": [{"w": 0.0, "d": 0.166667938, "p": 87, "v": 105}], "pos": 0.652777135, "size": 1.0, "_time": 44.83203, "shift": 0.0, "time": 44.83203}, {"$id": 253, "type": 0, "sounds": [{"w": 0.0, "d": 0.166667938, "p": 76, "v": 107}], "pos": -1.5, "size": 1.0, "_time": 45.0, "shift": 0.0, "time": 45.0}, {"$id": 254, "type": 0, "sounds": [{"w": 0.0, "d": 0.166667938, "p": 88, "v": 107}], "pos": 0.944443345, "size": 0.9, "_time": 45.0, "shift": 0.0, "time": 45.0}, {"$id": 255, "type": 0, "sounds": [{"w": 0.0, "d": 0.166667938, "p": 83, "v": 112}], "pos": -0.8611114, "size": 1.0, "_time": 45.33203, "shift": 0.0, "time": 45.33203}, {"$id": 256, "type": 0, "sounds": [{"w": 0.0, "d": 0.166667938, "p": 96, "v": 105}], "pos": 1.72222137, "size": 0.9, "_time": 45.66797, "shift": 0.0, "time": 45.66797}, {"$id": 257, "type": 0, "sounds": [{"w": 0.0, "d": 0.166664124, "p": 83, "v": 107}], "pos": 0.555556, "size": 1.0, "_time": 45.9648438, "shift": 0.0, "time": 45.9648438}, {"$id": 258, "type": 0, "sounds": [{"w": 0.0, "d": 0.166664124, "p": 95, "v": 107}], "pos": -1.152778, "size": 0.9, "_time": 46.0, "shift": 0.0, "time": 46.0}, {"$id": 259, "type": 0, "sounds": [{"w": 0.0, "d": 0.166667938, "p": 48, "v": 93}], "pos": 0.0, "size": 1.0, "_time": 46.16797, "shift": 0.0, "time": 46.16797}, {"$id": 260, "type": 0, "sounds": [{"w": 0.0, "d": 0.166667938, "p": 57, "v": 105}], "pos": -1.5, "size": 0.9, "_time": 46.33203, "shift": 0.0, "time": 46.33203}, {"$id": 261, "type": 0, "sounds": [{"w": 0.0, "d": 0.166667938, "p": 54, "v": 98}], "pos": 0.0, "size": 1.0, "_time": 46.5, "shift": 0.0, "time": 46.5}, {"$id": 262, "type": 0, "sounds": [{"w": 0.0, "d": 0.166667938, "p": 66, "v": 104}], "pos": -0.5, "size": 0.9, "_time": 46.66797, "shift": 0.0, "time": 46.66797}, {"$id": 263, "type": 0, "sounds": [{"w": 0.0, "d": 0.166664124, "p": 62, "v": 95}], "pos": 1.0, "size": 1.0, "_time": 46.83203, "shift": 0.0, "time": 46.83203}, {"$id": 264, "type": 0, "sounds": [{"w": 0.0, "d": 0.166664124, "p": 69, "v": 112}], "pos": 2.0, "size": 1.0, "_time": 47.0, "shift": 0.0, "time": 47.0}, {"$id": 265, "type": 0, "sounds": [{"w": 0.0, "d": 0.166664124, "p": 95, "v": 112}], "pos": -1.0, "size": 0.9, "_time": 47.0, "shift": 0.0, "time": 47.0}, {"$id": 266, "type": 0, "sounds": [{"w": 0.0, "d": 0.166664124, "p": 78, "v": 96}], "pos": -2.0, "size": 1.0, "_time": 47.296875, "shift": 0.0, "time": 47.296875}, {"$id": 267, "type": 0, "sounds": [{"w": 0.0, "d": 0.166664124, "p": 90, "v": 104}], "pos": 0.1388869, "size": 0.9, "_time": 47.33203, "shift": 0.0, "time": 47.33203}, {"$id": 268, "type": 0, "sounds": [{"w": 0.0, "d": 0.166664124, "p": 79, "v": 103}], "pos": -1.0, "size": 1.0, "_time": 47.6328125, "shift": 0.0, "time": 47.6328125}, {"$id": 269, "type": 0, "sounds": [{"w": 0.0, "d": 0.166664124, "p": 91, "v": 108}], "pos": 1.069444, "size": 0.9, "_time": 47.66797, "shift": 0.0, "time": 47.66797}, {"$id": 270, "type": 0, "sounds": [{"w": 0.0, "d": 0.166667938, "p": 35, "v": 92}], "pos": 3.375, "size": 1.0, "_time": 48.0, "shift": 0.0, "time": 48.0}, {"$id": 271, "type": 0, "sounds": [{"w": 0.0, "d": 0.166667938, "p": 93, "v": 105}], "pos": 1.70833349, "size": 0.9, "_time": 48.0, "shift": 0.0, "time": 48.0}, {"$id": 272, "type": 0, "sounds": [{"w": 0.0, "d": 0.166667938, "p": 86, "v": 105}], "pos": -0.138889074, "size": 1.0, "_time": 48.0, "shift": 0.0, "time": 48.0}, {"$id": 273, "type": 0, "sounds": [{"w": 0.0, "d": 0.111110687, "p": 47, "v": 100}], "pos": -2.0, "size": 1.0, "_time": 48.33203, "shift": 0.0, "time": 48.33203}, {"$id": 274, "type": 0, "sounds": [{"w": 0.0, "d": 0.111110687, "p": 50, "v": 100}], "pos": -1.47222316, "size": 1.0, "_time": 48.4453125, "shift": 0.0, "time": 48.4453125}, {"$id": 275, "type": 0, "sounds": [{"w": 0.0, "d": 0.111110687, "p": 55, "v": 100}], "pos": -1.01388931, "size": 1.0, "_time": 48.5546875, "shift": 0.0, "time": 48.5546875}, {"$id": 276, "type": 0, "sounds": [{"w": 0.0, "d": 0.111110687, "p": 59, "v": 100}], "pos": -0.5138893, "size": 1.0, "_time": 48.66797, "shift": 0.0, "time": 48.66797}, {"$id": 277, "type": 0, "sounds": [{"w": 0.0, "d": 0.111110687, "p": 62, "v": 100}], "pos": -0.138889313, "size": 1.0, "_time": 48.7773438, "shift": 0.0, "time": 48.7773438}, {"$id": 278, "type": 0, "sounds": [{"w": 0.0, "d": 0.111110687, "p": 67, "v": 100}], "pos": -0.708332539, "size": 1.0, "_time": 48.890625, "shift": 0.0, "time": 48.890625}, {"$id": 279, "type": 0, "sounds": [{"w": 0.0, "d": 0.166667938, "p": 91, "v": 100}], "pos": 1.5, "size": 0.9, "_time": 49.0, "shift": 0.0, "time": 49.0}, {"$id": 280, "type": 0, "sounds": [{"w": 0.0, "d": 0.111110687, "p": 62, "v": 100}], "pos": -0.444444478, "size": 1.0, "_time": 49.0, "shift": 0.0, "time": 49.0}, {"$id": 281, "type": 0, "sounds": [{"w": 0.0, "d": 0.1111145, "p": 67, "v": 100}], "pos": -0.0138891339, "size": 1.0, "_time": 49.109375, "shift": 0.0, "time": 49.109375}, {"$id": 282, "type": 0, "sounds": [{"w": 0.0, "d": 0.111110687, "p": 71, "v": 100}], "pos": 0.4861108, "size": 1.0, "_time": 49.2226563, "shift": 0.0, "time": 49.2226563}, {"$id": 283, "type": 0, "sounds": [{"w": 0.0, "d": 0.111110687, "p": 62, "v": 100}], "pos": -0.0555562079, "size": 1.0, "_time": 49.33203, "shift": 0.0, "time": 49.33203}, {"$id": 284, "type": 0, "sounds": [{"w": 0.0, "d": 0.111110687, "p": 67, "v": 100}], "pos": 0.458332241, "size": 1.0, "_time": 49.4453125, "shift": 0.0, "time": 49.4453125}, {"$id": 285, "type": 0, "sounds": [{"w": 0.0, "d": 0.111110687, "p": 71, "v": 100}], "pos": 0.9027765, "size": 1.0, "_time": 49.5546875, "shift": 0.0, "time": 49.5546875}, {"$id": 286, "type": 0, "sounds": [{"w": 0.0, "d": 0.111110687, "p": 74, "v": 96}], "pos": 1.27777648, "size": 1.0, "_time": 49.66797, "shift": 0.0, "time": 49.66797}, {"$id": 287, "type": 0, "sounds": [{"w": 0.0, "d": 0.111110687, "p": 79, "v": 96}], "pos": 1.90277648, "size": 1.0, "_time": 49.7773438, "shift": 0.0, "time": 49.7773438}, {"$id": 288, "type": 0, "sounds": [{"w": 0.0, "d": 0.166667938, "p": 59, "v": 104}], "pos": -0.430557, "size": 1.1, "_time": 50.0, "shift": 0.0, "time": 50.0}, {"$id": 289, "type": 0, "sounds": [{"w": 0.0, "d": 0.166667938, "p": 47, "v": 104}], "pos": 1.5, "size": 1.1, "_time": 50.0, "shift": 0.0, "time": 50.0}, {"$id": 290, "type": 0, "sounds": [{"w": 0.0, "d": 0.166667938, "p": 43, "v": 103}], "pos": 1.0, "size": 1.1, "_time": 50.33203, "shift": 0.0, "time": 50.33203}, {"$id": 291, "type": 0, "sounds": [{"w": 0.0, "d": 0.166667938, "p": 55, "v": 103}], "pos": -0.930557, "size": 1.2, "_time": 50.33203, "shift": 0.0, "time": 50.33203}, {"$id": 292, "type": 0, "sounds": [{"w": 0.0, "d": 0.166667938, "p": 51, "v": 111}], "pos": -1.430557, "size": 1.2, "_time": 50.66797, "shift": 0.0, "time": 50.66797}, {"$id": 293, "type": 0, "sounds": [{"w": 0.0, "d": 0.166667938, "p": 39, "v": 111}], "pos": 0.5, "size": 1.1, "_time": 50.66797, "shift": 0.0, "time": 50.66797}, {"$id": 294, "type": 0, "sounds": [{"w": 0.0, "d": 0.6666641, "p": 28, "v": 117}], "pos": -2.0, "size": 1.30000007, "_time": 51.0, "shift": 0.0, "time": 51.0}, {"$id": 295, "type": 0, "sounds": [{"w": 0.0, "d": 0.111110687, "p": 88, "v": 100}], "pos": 1.083333, "size": 0.799999952, "_time": 51.0, "shift": 0.0, "time": 51.0}, {"$id": 296, "type": 0, "sounds": [{"w": 0.0, "d": 0.111110687, "p": 83, "v": 100}], "pos": 0.458333015, "size": 0.9, "_time": 51.109375, "shift": 0.0, "time": 51.109375}, {"$id": 297, "type": 0, "sounds": [{"w": 0.0, "d": 0.111110687, "p": 79, "v": 100}], "pos": -0.0972227454, "size": 0.9, "_time": 51.2226563, "shift": 0.0, "time": 51.2226563}, {"$id": 298, "type": 0, "sounds": [{"w": 0.0, "d": 0.111110687, "p": 76, "v": 100}], "pos": -0.63889, "size": 1.0, "_time": 51.33203, "shift": 0.0, "time": 51.33203}, {"$id": 299, "type": 0, "sounds": [{"w": 0.0, "d": 0.111110687, "p": 71, "v": 97}], "pos": -1.12500012, "size": 1.0, "_time": 51.4453125, "shift": 0.0, "time": 51.4453125}, {"$id": 300, "type": 0, "sounds": [{"w": 0.0, "d": 0.111110687, "p": 67, "v": 95}], "pos": -1.541667, "size": 1.1, "_time": 51.5546875, "shift": 0.0, "time": 51.5546875}, {"$id": 301, "type": 0, "sounds": [{"w": 0.0, "d": 0.111110687, "p": 64, "v": 95}], "pos": -1.916667, "size": 1.2, "_time": 51.66797, "shift": 0.0, "time": 51.66797}, {"$id": 302, "type": 0, "sounds": [{"w": 0.0, "d": 0.6666641, "p": 65, "v": 100}], "pos": 1.0, "size": 1.2, "_time": 52.0, "shift": 0.0, "time": 52.0}, {"$id": 303, "type": 0, "sounds": [{"w": 0.0, "d": 0.333332062, "p": 34, "v": 105}], "pos": 3.25, "size": 1.0, "_time": 52.0, "shift": 0.0, "time": 52.0}, {"$id": 304, "type": 0, "sounds": [{"w": 0.0, "d": 0.333332062, "p": 46, "v": 105}], "pos": -1.0, "size": 1.2, "_time": 52.0, "shift": 0.0, "time": 52.0}, {"$id": 305, "type": 0, "sounds": [{"w": 0.0, "d": 0.333332062, "p": 46, "v": 106}], "pos": 0.0, "size": 1.2, "_time": 52.66797, "shift": 0.0, "time": 52.66797}, {"$id": 306, "type": 0, "sounds": [{"w": 0.0, "d": 0.333332062, "p": 34, "v": 106}], "pos": 3.25, "size": 1.0, "_time": 52.66797, "shift": 0.0, "time": 52.66797}, {"$id": 307, "type": 0, "sounds": [{"w": 0.0, "d": 0.6666641, "p": 55, "v": 100}], "pos": -1.87500036, "size": 1.30000007, "_time": 53.0, "shift": 0.0, "time": 53.0}, {"$id": 308, "type": 0, "sounds": [{"w": 0.0, "d": 0.6666641, "p": 64, "v": 100}], "pos": 2.0, "size": 1.30000007, "_time": 53.0, "shift": 0.0, "time": 53.0}, {"$id": 309, "type": 0, "sounds": [{"w": 0.0, "d": 0.333332062, "p": 65, "v": 100}], "pos": -0.763889253, "size": 1.1, "_time": 53.66797, "shift": 0.0, "time": 53.66797}, {"$id": 310, "type": 0, "sounds": [{"w": 0.0, "d": 0.333332062, "p": 67, "v": 100}], "pos": 0.04166627, "size": 1.1, "_time": 54.0, "shift": 0.0, "time": 54.0}, {"$id": 311, "type": 0, "sounds": [{"w": 0.0, "d": 0.333335876, "p": 67, "v": 100}], "pos": 1.73611033, "size": 1.1, "_time": 54.5, "shift": 0.0, "time": 54.5}, {"$id": 312, "type": 0, "sounds": [{"w": 0.0, "d": 0.333335876, "p": 50, "v": 56}], "pos": -1.0, "size": 1.0, "_time": 54.66797, "shift": 0.0, "time": 54.66797}, {"$id": 313, "type": 0, "sounds": [{"w": 0.0, "d": 0.333332062, "p": 66, "v": 100}], "pos": 1.22222209, "size": 1.4000001, "_time": 55.0, "shift": 0.0, "time": 55.0}, {"$id": 314, "type": 0, "sounds": [{"w": 0.0, "d": 0.333332062, "p": 57, "v": 100}], "pos": -0.791667, "size": 1.4000001, "_time": 55.0, "shift": 0.0, "time": 55.0}, {"$id": 315, "type": 0, "sounds": [{"w": 0.0, "d": 0.333332062, "p": 69, "v": 100}], "pos": -1.430557, "size": 1.1, "_time": 55.66797, "shift": 0.0, "time": 55.66797}, {"$id": 316, "type": 0, "sounds": [{"w": 0.0, "d": 0.333332062, "p": 70, "v": 100}], "pos": 1.11111, "size": 1.1, "_time": 56.0, "shift": 0.0, "time": 56.0}, {"$id": 317, "type": 0, "sounds": [{"w": 0.0, "d": 0.333335876, "p": 70, "v": 80}], "pos": 0.5, "size": 1.0, "_time": 56.5, "shift": 0.0, "time": 56.5}, {"$id": 318, "type": 0, "sounds": [{"w": 0.0, "d": 0.333335876, "p": 36, "v": 76}], "pos": -1.11111021, "size": 1.0, "_time": 56.66797, "shift": 0.0, "time": 56.66797}, {"$id": 319, "type": 0, "sounds": [{"w": 0.0, "d": 0.333332062, "p": 29, "v": 104}], "pos": 2.625, "size": 1.1, "_time": 57.0, "shift": 0.0, "time": 57.0}, {"$id": 320, "type": 0, "sounds": [{"w": 0.0, "d": 0.333332062, "p": 69, "v": 100}], "pos": -0.319444776, "size": 1.1, "_time": 57.0, "shift": 0.0, "time": 57.0}, {"$id": 321, "type": 0, "sounds": [{"w": 0.0, "d": 0.333332062, "p": 60, "v": 92}], "pos": 0.5, "size": 1.0, "_time": 57.33203, "shift": 0.0, "time": 57.33203}, {"$id": 322, "type": 0, "sounds": [{"w": 0.0, "d": 0.333332062, "p": 65, "v": 100}], "pos": -0.7499996, "size": 1.1, "_time": 57.66797, "shift": 0.0, "time": 57.66797}, {"$id": 323, "type": 0, "sounds": [{"w": 0.0, "d": 0.333332062, "p": 70, "v": 100}], "pos": 1.08333158, "size": 1.1, "_time": 57.66797, "shift": 0.0, "time": 57.66797}, {"$id": 324, "type": 0, "sounds": [{"w": 0.0, "d": 0.333332062, "p": 31, "v": 108}], "pos": 2.875, "size": 1.0, "_time": 58.0, "shift": 0.0, "time": 58.0}, {"$id": 325, "type": 0, "sounds": [{"w": 0.0, "d": 0.333332062, "p": 72, "v": 100}], "pos": 1.61111045, "size": 1.30000007, "_time": 58.0, "shift": 0.0, "time": 58.0}, {"$id": 326, "type": 0, "sounds": [{"w": 0.0, "d": 0.333332062, "p": 67, "v": 100}], "pos": -1.333334, "size": 1.30000007, "_time": 58.0, "shift": 0.0, "time": 58.0}, {"$id": 327, "type": 0, "sounds": [{"w": 0.0, "d": 0.333335876, "p": 72, "v": 80}], "pos": 0.8611102, "size": 1.1, "_time": 58.5, "shift": 0.0, "time": 58.5}, {"$id": 328, "type": 0, "sounds": [{"w": 0.0, "d": 0.333335876, "p": 43, "v": 76}], "pos": -2.0, "size": 1.1, "_time": 58.66797, "shift": 0.0, "time": 58.66797}, {"$id": 329, "type": 0, "sounds": [{"w": 0.0, "d": 0.333335876, "p": 31, "v": 76}], "pos": 2.875, "size": 1.0, "_time": 58.66797, "shift": 0.0, "time": 58.66797}, {"$id": 330, "type": 0, "sounds": [{"w": 0.0, "d": 0.333332062, "p": 72, "v": 105}], "pos": 1.0, "size": 1.1, "_time": 59.0, "shift": 0.0, "time": 59.0}, {"$id": 331, "type": 0, "sounds": [{"w": 0.0, "d": 0.333332062, "p": 62, "v": 105}], "pos": -1.0, "size": 1.0, "_time": 59.0, "shift": 0.0, "time": 59.0}, {"$id": 332, "type": 0, "sounds": [{"w": 0.0, "d": 0.333332062, "p": 62, "v": 105}], "pos": 1.0, "size": 1.0, "_time": 59.33203, "shift": 0.0, "time": 59.33203}, {"$id": 333, "type": 0, "sounds": [{"w": 0.0, "d": 0.333332062, "p": 67, "v": 105}], "pos": -1.0, "size": 1.1, "_time": 59.33203, "shift": 0.0, "time": 59.33203}, {"$id": 334, "type": 0, "sounds": [{"w": 0.0, "d": 0.333332062, "p": 31, "v": 88}], "pos": 2.875, "size": 1.0, "_time": 59.66797, "shift": 0.0, "time": 59.66797}, {"$id": 335, "type": 0, "sounds": [{"w": 0.0, "d": 0.333332062, "p": 77, "v": 88}], "pos": 2.0, "size": 1.1, "_time": 59.66797, "shift": 0.0, "time": 59.66797}, {"$id": 336, "type": 0, "sounds": [{"w": 0.0, "d": 0.333332062, "p": 72, "v": 88}], "pos": -2.0, "size": 1.0, "_time": 59.66797, "shift": 0.0, "time": 59.66797}, {"$id": 337, "type": 0, "sounds": [{"w": 0.0, "d": 0.333332062, "p": 31, "v": 107}], "pos": 2.875, "size": 1.0, "_time": 60.0, "shift": 0.0, "time": 60.0}, {"$id": 338, "type": 0, "sounds": [{"w": 0.0, "d": 0.333332062, "p": 74, "v": 108}], "pos": 1.0, "size": 1.4000001, "_time": 60.0, "shift": 0.0, "time": 60.0}, {"$id": 339, "type": 0, "sounds": [{"w": 0.0, "d": 0.333332062, "p": 62, "v": 108}], "pos": -1.0, "size": 1.4000001, "_time": 60.0, "shift": 0.0, "time": 60.0}, {"$id": 340, "type": 0, "sounds": [{"w": 0.0, "d": 0.333335876, "p": 74, "v": 108}], "pos": -1.13888931, "size": 1.1, "_time": 60.5, "shift": 0.0, "time": 60.5}, {"$id": 341, "type": 0, "sounds": [{"w": 0.0, "d": 0.166667938, "p": 43, "v": 76}], "pos": 1.5, "size": 1.0, "_time": 60.66797, "shift": 0.0, "time": 60.66797}, {"$id": 342, "type": 0, "sounds": [{"w": 0.0, "d": 0.166667938, "p": 43, "v": 68}], "pos": 1.5, "size": 1.0, "_time": 60.83203, "shift": 0.0, "time": 60.83203}, {"$id": 343, "type": 0, "sounds": [{"w": 0.0, "d": 0.333332062, "p": 74, "v": 108}], "pos": 0.055554986, "size": 1.1, "_time": 61.0, "shift": 0.0, "time": 61.0}, {"$id": 344, "type": 0, "sounds": [{"w": 0.0, "d": 0.333332062, "p": 74, "v": 108}], "pos": -1.11111045, "size": 1.1, "_time": 61.33203, "shift": 0.0, "time": 61.33203}, {"$id": 345, "type": 0, "sounds": [{"w": 0.0, "d": 0.333332062, "p": 31, "v": 88}], "pos": 2.875, "size": 1.0, "_time": 61.66797, "shift": 0.0, "time": 61.66797}, {"$id": 346, "type": 0, "sounds": [{"w": 0.0, "d": 0.333332062, "p": 79, "v": 108}], "pos": 1.33333373, "size": 1.1, "_time": 61.66797, "shift": 0.0, "time": 61.66797}, {"$id": 347, "type": 0, "sounds": [{"w": 0.0, "d": 0.333332062, "p": 31, "v": 108}], "pos": 2.875, "size": 1.0, "_time": 62.0, "shift": 0.0, "time": 62.0}, {"$id": 348, "type": 0, "sounds": [{"w": 0.0, "d": 0.333332062, "p": 77, "v": 108}], "pos": 0.749999642, "size": 1.30000007, "_time": 62.0, "shift": 0.0, "time": 62.0}, {"$id": 349, "type": 0, "sounds": [{"w": 0.0, "d": 0.333332062, "p": 72, "v": 108}], "pos": -1.58333325, "size": 1.30000007, "_time": 62.0, "shift": 0.0, "time": 62.0}, {"$id": 350, "type": 0, "sounds": [{"w": 0.0, "d": 0.333335876, "p": 77, "v": 108}], "pos": 0.694443941, "size": 1.30000007, "_time": 62.5, "shift": 0.0, "time": 62.5}, {"$id": 351, "type": 0, "sounds": [{"w": 0.0, "d": 0.333335876, "p": 67, "v": 108}], "pos": -1.54166722, "size": 1.30000007, "_time": 62.5, "shift": 0.0, "time": 62.5}, {"$id": 352, "type": 0, "sounds": [{"w": 0.0, "d": 0.333335876, "p": 31, "v": 76}], "pos": 2.875, "size": 1.0, "_time": 62.66797, "shift": 0.0, "time": 62.66797}, {"$id": 353, "type": 0, "sounds": [{"w": 0.0, "d": 0.166667938, "p": 72, "v": 96}], "pos": -1.0, "size": 1.30000007, "_time": 62.83203, "shift": 0.0, "time": 62.83203}, {"$id": 354, "type": 0, "sounds": [{"w": 0.0, "d": 0.333332062, "p": 82, "v": 108}], "pos": 1.0, "size": 1.30000007, "_time": 63.0, "shift": 0.0, "time": 63.0}, {"$id": 355, "type": 0, "sounds": [{"w": 0.0, "d": 0.166667938, "p": 67, "v": 92}], "pos": -0.5, "size": 1.2, "_time": 63.33203, "shift": 0.0, "time": 63.33203}, {"$id": 356, "type": 0, "sounds": [{"w": 0.0, "d": 0.166667938, "p": 72, "v": 103}], "pos": 0.0, "size": 1.2, "_time": 63.5, "shift": 0.0, "time": 63.5}, {"$id": 357, "type": 0, "sounds": [{"w": 0.0, "d": 0.333332062, "p": 31, "v": 98}], "pos": 2.875, "size": 1.0, "_time": 63.66797, "shift": 0.0, "time": 63.66797}, {"$id": 358, "type": 0, "sounds": [{"w": 0.0, "d": 0.166667938, "p": 77, "v": 106}], "pos": 0.5, "size": 1.2, "_time": 63.66797, "shift": 0.0, "time": 63.66797}, {"$id": 359, "type": 0, "sounds": [{"w": 0.0, "d": 0.166664124, "p": 77, "v": 108}], "pos": -1.5, "size": 1.0, "_time": 63.83203, "shift": 0.0, "time": 63.83203}, {"$id": 360, "type": 0, "sounds": [{"w": 0.0, "d": 0.166664124, "p": 82, "v": 108}], "pos": 1.0, "size": 1.2, "_time": 63.83203, "shift": 0.0, "time": 63.83203}, {"$id": 361, "type": 0, "sounds": [{"w": 0.0, "d": 0.3333435, "p": 31, "v": 110}], "pos": 2.875, "size": 1.0, "_time": 64.0, "shift": 0.0, "time": 64.0}, {"$id": 362, "type": 0, "sounds": [{"w": 0.0, "d": 0.1111145, "p": 90, "v": 116}], "pos": 1.5, "size": 1.30000007, "_time": 64.0, "shift": 0.0, "time": 64.0}, {"$id": 363, "type": 0, "sounds": [{"w": 0.0, "d": 0.1111145, "p": 85, "v": 116}], "pos": 0.05555597, "size": 1.0, "_time": 64.109375, "shift": 0.0, "time": 64.109375}, {"$id": 364, "type": 0, "sounds": [{"w": 0.0, "d": 0.1111145, "p": 80, "v": 116}], "pos": 1.4999994, "size": 1.0, "_time": 64.22266, "shift": 0.0, "time": 64.22266}, {"$id": 365, "type": 0, "sounds": [{"w": 0.0, "d": 0.1111145, "p": 85, "v": 116}], "pos": -1.13888931, "size": 1.2, "_time": 64.33203, "shift": 0.0, "time": 64.33203}, {"$id": 366, "type": 0, "sounds": [{"w": 0.0, "d": 0.1111145, "p": 80, "v": 116}], "pos": 0.0, "size": 1.0, "_time": 64.44531, "shift": 0.0, "time": 64.44531}, {"$id": 367, "type": 0, "sounds": [{"w": 0.0, "d": 0.1111145, "p": 75, "v": 116}], "pos": -1.19444442, "size": 1.0, "_time": 64.55469, "shift": 0.0, "time": 64.55469}, {"$id": 368, "type": 0, "sounds": [{"w": 0.0, "d": 0.3333435, "p": 31, "v": 111}], "pos": 2.875, "size": 1.0, "_time": 64.66797, "shift": 0.0, "time": 64.66797}, {"$id": 369, "type": 0, "sounds": [{"w": 0.0, "d": 0.1111145, "p": 80, "v": 116}], "pos": 0.6388887, "size": 1.2, "_time": 64.66797, "shift": 0.0, "time": 64.66797}, {"$id": 370, "type": 0, "sounds": [{"w": 0.0, "d": 0.1111145, "p": 75, "v": 116}], "pos": -0.111110657, "size": 1.0, "_time": 64.77734, "shift": 0.0, "time": 64.77734}, {"$id": 371, "type": 0, "sounds": [{"w": 0.0, "d": 0.1111145, "p": 70, "v": 116}], "pos": 0.750000834, "size": 1.0, "_time": 64.890625, "shift": 0.0, "time": 64.890625}, {"$id": 372, "type": 0, "sounds": [{"w": 0.0, "d": 0.333328247, "p": 31, "v": 116}], "pos": 2.875, "size": 1.0, "_time": 65.0, "shift": 0.0, "time": 65.0}, {"$id": 373, "type": 0, "sounds": [{"w": 0.0, "d": 0.166664124, "p": 70, "v": 116}], "pos": -1.5, "size": 1.30000007, "_time": 65.0, "shift": 0.0, "time": 65.0}, {"$id": 374, "type": 0, "sounds": [{"w": 0.0, "d": 0.166664124, "p": 75, "v": 116}], "pos": 1.5, "size": 1.30000007, "_time": 65.0, "shift": 0.0, "time": 65.0}, {"$id": 375, "type": 0, "sounds": [{"w": 0.0, "d": 0.333328247, "p": 31, "v": 116}], "pos": 2.875, "size": 1.0, "_time": 65.33203, "shift": 0.0, "time": 65.33203}, {"$id": 376, "type": 0, "sounds": [{"w": 0.0, "d": 0.166664124, "p": 77, "v": 116}], "pos": -1.0, "size": 1.4000001, "_time": 65.33203, "shift": 0.0, "time": 65.33203}, {"$id": 377, "type": 0, "sounds": [{"w": 0.0, "d": 0.166664124, "p": 72, "v": 116}], "pos": 1.0, "size": 1.4000001, "_time": 65.33203, "shift": 0.0, "time": 65.33203}, {"$id": 378, "type": 0, "sounds": [{"w": 0.0, "d": 0.166664124, "p": 31, "v": 116}], "pos": 2.875, "size": 1.0, "_time": 65.66797, "shift": 0.0, "time": 65.66797}, {"$id": 379, "type": 0, "sounds": [{"w": 0.0, "d": 0.166664124, "p": 77, "v": 116}], "pos": 1.5, "size": 1.50000012, "_time": 65.66797, "shift": 0.0, "time": 65.66797}, {"$id": 380, "type": 0, "sounds": [{"w": 0.0, "d": 0.166664124, "p": 72, "v": 116}], "pos": -1.5, "size": 1.50000012, "_time": 65.66797, "shift": 0.0, "time": 65.66797}, {"$id": 381, "type": 0, "sounds": [{"w": 0.0, "d": 0.166664124, "p": 31, "v": 117}], "pos": 2.875, "size": 1.0, "_time": 65.83203, "shift": 0.0, "time": 65.83203}, {"$id": 382, "type": 0, "sounds": [{"w": 0.0, "d": 0.166664124, "p": 79, "v": 116}], "pos": 1.5, "size": 1.50000012, "_time": 65.83203, "shift": 0.0, "time": 65.83203}, {"$id": 383, "type": 0, "sounds": [{"w": 0.0, "d": 0.166664124, "p": 74, "v": 116}], "pos": -1.5, "size": 1.50000012, "_time": 65.83203, "shift": 0.0, "time": 65.83203}, {"$id": 384, "type": 0, "sounds": [{"w": 0.0, "d": 0.6666641, "p": 67, "v": 100}], "pos": 1.5, "size": 1.70000017, "_time": 68.0, "shift": 0.0, "time": 68.0}, {"$id": 385, "type": 0, "sounds": [{"w": 0.0, "d": 0.6666641, "p": 62, "v": 100}], "pos": -1.5, "size": 1.60000014, "_time": 68.0, "shift": 0.0, "time": 68.0}, {"$id": 386, "type": 0, "sounds": [{"w": 0.0, "d": 0.6666641, "p": 60, "v": 100}], "pos": -1.0, "size": 1.1, "_time": 69.0, "shift": 0.0, "time": 69.0}, {"$id": 387, "type": 0, "sounds": [{"w": 0.0, "d": 0.6666641, "p": 69, "v": 100}], "pos": 1.0, "size": 1.1, "_time": 69.0, "shift": 0.0, "time": 69.0}, {"$id": 388, "type": 0, "sounds": [{"w": 0.0, "d": 0.9999924, "p": 43, "v": 100}], "pos": -1.48611164, "size": 1.1, "_time": 70.0, "shift": 0.0, "time": 70.0}, {"$id": 389, "type": 0, "sounds": [{"w": 0.0, "d": 0.6666641, "p": 69, "v": 100}], "pos": 0.5, "size": 1.0, "_time": 70.01953, "shift": 0.0, "time": 70.01953}, {"$id": 390, "type": 0, "sounds": [{"w": 0.0, "d": 0.333335876, "p": 50, "v": 100}], "pos": -0.611111641, "size": 1.1, "_time": 70.33203, "shift": 0.0, "time": 70.33203}, {"$id": 391, "type": 0, "sounds": [{"w": 0.0, "d": 0.333328247, "p": 55, "v": 100}], "pos": 0.180555671, "size": 1.1, "_time": 70.66797, "shift": 0.0, "time": 70.66797}, {"$id": 392, "type": 0, "sounds": [{"w": 0.0, "d": 0.6666641, "p": 67, "v": 100}], "pos": 1.15277672, "size": 1.1, "_time": 71.0, "shift": 0.0, "time": 71.0}, {"$id": 393, "type": 0, "sounds": [{"w": 0.0, "d": 0.6666641, "p": 62, "v": 100}], "pos": -1.0, "size": 1.2, "_time": 71.0, "shift": 0.0, "time": 71.0}, {"$id": 394, "type": 0, "sounds": [{"w": 0.0, "d": 0.333328247, "p": 50, "v": 100}], "pos": -1.0, "size": 1.4000001, "_time": 71.66797, "shift": 0.0, "time": 71.66797}, {"$id": 395, "type": 0, "sounds": [{"w": 0.0, "d": 1.0, "p": 39, "v": 100}], "pos": -1.0, "size": 1.4000001, "_time": 72.0, "shift": 0.0, "time": 72.0}, {"$id": 396, "type": 0, "sounds": [{"w": 0.0, "d": 0.6666641, "p": 67, "v": 100}], "pos": 1.0, "size": 1.30000007, "_time": 72.0, "shift": 0.0, "time": 72.0}, {"$id": 397, "type": 0, "sounds": [{"w": 0.0, "d": 0.333335876, "p": 67, "v": 100}], "pos": 0.0555553436, "size": 1.1, "_time": 72.66797, "shift": 0.0, "time": 72.66797}, {"$id": 398, "type": 0, "sounds": [{"w": 0.0, "d": 0.3125, "p": 69, "v": 100}], "pos": -0.8333328, "size": 1.1, "_time": 73.01953, "shift": 0.0, "time": 73.01953}, {"$id": 399, "type": 0, "sounds": [{"w": 0.0, "d": 0.333335876, "p": 70, "v": 100}], "pos": 0.0555553436, "size": 1.1, "_time": 73.33203, "shift": 0.0, "time": 73.33203}, {"$id": 400, "type": 0, "sounds": [{"w": 0.0, "d": 0.333328247, "p": 72, "v": 100}], "pos": 0.7777774, "size": 1.1, "_time": 73.66797, "shift": 0.0, "time": 73.66797}, {"$id": 401, "type": 0, "sounds": [{"w": 0.0, "d": 0.6666641, "p": 62, "v": 100}], "pos": -0.694444656, "size": 1.50000012, "_time": 74.0, "shift": 0.0, "time": 74.0}, {"$id": 402, "type": 0, "sounds": [{"w": 0.0, "d": 0.6666641, "p": 72, "v": 100}], "pos": 1.24999988, "size": 1.50000012, "_time": 74.0, "shift": 0.0, "time": 74.0}, {"$id": 403, "type": 0, "sounds": [{"w": 0.0, "d": 0.3125, "p": 62, "v": 88}], "pos": -0.2500006, "size": 1.2, "_time": 74.66797, "shift": 0.0, "time": 74.66797}, {"$id": 404, "type": 0, "sounds": [{"w": 0.0, "d": 0.6666641, "p": 71, "v": 100}], "pos": -1.5, "size": 1.2, "_time": 75.0, "shift": 0.0, "time": 75.0}, {"$id": 405, "type": 0, "sounds": [{"w": 0.0, "d": 0.166664124, "p": 43, "v": 100}], "pos": -1.0, "size": 1.0, "_time": 75.33203, "shift": 0.0, "time": 75.33203}, {"$id": 406, "type": 0, "sounds": [{"w": 0.0, "d": 0.166664124, "p": 50, "v": 100}], "pos": 0.0, "size": 1.0, "_time": 75.5, "shift": 0.0, "time": 75.5}, {"$id": 407, "type": 0, "sounds": [{"w": 0.0, "d": 0.166664124, "p": 55, "v": 100}], "pos": 1.0, "size": 1.0, "_time": 75.66797, "shift": 0.0, "time": 75.66797}, {"$id": 408, "type": 0, "sounds": [{"w": 0.0, "d": 0.166664124, "p": 57, "v": 100}], "pos": 1.5833329, "size": 1.0, "_time": 75.83203, "shift": 0.0, "time": 75.83203}, {"$id": 409, "type": 0, "sounds": [{"w": 0.0, "d": 0.333328247, "p": 63, "v": 100}], "pos": -1.45833373, "size": 1.2, "_time": 76.0, "shift": 0.0, "time": 76.0}, {"$id": 410, "type": 0, "sounds": [{"w": 0.0, "d": 0.333328247, "p": 67, "v": 100}], "pos": -0.9583338, "size": 1.2, "_time": 76.01953, "shift": 0.0, "time": 76.01953}, {"$id": 411, "type": 0, "sounds": [{"w": 0.0, "d": 0.333328247, "p": 74, "v": 100}], "pos": -0.388889134, "size": 1.2, "_time": 76.04297, "shift": 0.0, "time": 76.04297}, {"$id": 412, "type": 0, "sounds": [{"w": 0.0, "d": 0.166664124, "p": 51, "v": 92}], "pos": 1.5, "size": 1.0, "_time": 76.33203, "shift": 0.0, "time": 76.33203}, {"$id": 413, "type": 0, "sounds": [{"w": 0.0, "d": 0.166664124, "p": 62, "v": 72}], "pos": 0.361110568, "size": 1.0, "_time": 76.5, "shift": 0.0, "time": 76.5}, {"$id": 414, "type": 0, "sounds": [{"w": 0.0, "d": 0.333328247, "p": 67, "v": 88}], "pos": -0.6666671, "size": 1.0, "_time": 76.66797, "shift": 0.0, "time": 76.66797}, {"$id": 415, "type": 0, "sounds": [{"w": 0.0, "d": 0.166664124, "p": 62, "v": 56}], "pos": -1.47222281, "size": 1.0, "_time": 76.83203, "shift": 0.0, "time": 76.83203}, {"$id": 416, "type": 0, "sounds": [{"w": 0.0, "d": 0.333335876, "p": 72, "v": 100}], "pos": 1.77777755, "size": 1.4000001, "_time": 77.0, "shift": 0.0, "time": 77.0}, {"$id": 417, "type": 0, "sounds": [{"w": 0.0, "d": 0.333335876, "p": 60, "v": 100}], "pos": -0.416666985, "size": 1.4000001, "_time": 77.0, "shift": 0.0, "time": 77.0}, {"$id": 418, "type": 0, "sounds": [{"w": 0.0, "d": 0.333328247, "p": 48, "v": 88}], "pos": 0.5, "size": 1.2, "_time": 77.33203, "shift": 0.0, "time": 77.33203}, {"$id": 419, "type": 0, "sounds": [{"w": 0.0, "d": 0.166664124, "p": 60, "v": 72}], "pos": -0.5, "size": 1.2, "_time": 77.5, "shift": 0.0, "time": 77.5}, {"$id": 420, "type": 0, "sounds": [{"w": 0.0, "d": 0.333335876, "p": 65, "v": 88}], "pos": -1.5, "size": 1.2, "_time": 77.66797, "shift": 0.0, "time": 77.66797}, {"$id": 421, "type": 0, "sounds": [{"w": 0.0, "d": 0.333335876, "p": 69, "v": 96}], "pos": 0.0, "size": 1.1, "_time": 78.0, "shift": 0.0, "time": 78.0}, {"$id": 422, "type": 0, "sounds": [{"w": 0.0, "d": 0.333335876, "p": 65, "v": 100}], "pos": -2.0, "size": 1.0, "_time": 78.0, "shift": 0.0, "time": 78.0}, {"$id": 423, "type": 0, "sounds": [{"w": 0.0, "d": 0.666671753, "p": 53, "v": 88}], "pos": -0.6666667, "size": 1.1, "_time": 78.33203, "shift": 0.0, "time": 78.33203}, {"$id": 424, "type": 0, "sounds": [{"w": 0.0, "d": 0.333335876, "p": 58, "v": 88}], "pos": 0.333333254, "size": 1.1, "_time": 78.66797, "shift": 0.0, "time": 78.66797}, {"$id": 425, "type": 0, "sounds": [{"w": 0.0, "d": 0.333335876, "p": 67, "v": 100}], "pos": 1.0833329, "size": 1.1, "_time": 79.0, "shift": 0.0, "time": 79.0}, {"$id": 426, "type": 0, "sounds": [{"w": 0.0, "d": 0.333335876, "p": 64, "v": 100}], "pos": -0.694445, "size": 1.0, "_time": 79.0, "shift": 0.0, "time": 79.0}, {"$id": 427, "type": 0, "sounds": [{"w": 0.0, "d": 0.666671753, "p": 55, "v": 88}], "pos": 0.3611114, "size": 1.0, "_time": 79.33203, "shift": 0.0, "time": 79.33203}, {"$id": 428, "type": 0, "sounds": [{"w": 0.0, "d": 0.333335876, "p": 62, "v": 100}], "pos": -0.5, "size": 1.0, "_time": 79.66797, "shift": 0.0, "time": 79.66797}, {"$id": 429, "type": 0, "sounds": [{"w": 0.0, "d": 0.333335876, "p": 67, "v": 100}], "pos": 1.0, "size": 1.0, "_time": 79.66797, "shift": 0.0, "time": 79.66797}, {"$id": 430, "type": 0, "sounds": [{"w": 0.0, "d": 0.333335876, "p": 67, "v": 100}], "pos": 1.5, "size": 1.30000007, "_time": 80.0, "shift": 0.0, "time": 80.0}, {"$id": 431, "type": 0, "sounds": [{"w": 0.0, "d": 0.333335876, "p": 58, "v": 100}], "pos": -1.0, "size": 1.30000007, "_time": 80.0, "shift": 0.0, "time": 80.0}, {"$id": 432, "type": 0, "sounds": [{"w": 0.0, "d": 0.6666565, "p": 46, "v": 88}], "pos": -0.5, "size": 1.0, "_time": 80.33203, "shift": 0.0, "time": 80.33203}, {"$id": 433, "type": 0, "sounds": [{"w": 0.0, "d": 0.166664124, "p": 58, "v": 100}], "pos": 0.6944445, "size": 1.0, "_time": 80.5, "shift": 0.0, "time": 80.5}, {"$id": 434, "type": 0, "sounds": [{"w": 0.0, "d": 0.166664124, "p": 62, "v": 100}], "pos": -1.5, "size": 1.0, "_time": 80.66797, "shift": 0.0, "time": 80.66797}, {"$id": 435, "type": 0, "sounds": [{"w": 0.0, "d": 0.166664124, "p": 67, "v": 100}], "pos": -0.416667342, "size": 1.0, "_time": 80.83203, "shift": 0.0, "time": 80.83203}, {"$id": 436, "type": 0, "sounds": [{"w": 0.0, "d": 0.166664124, "p": 66, "v": 100}], "pos": 1.0, "size": 1.4000001, "_time": 81.0, "shift": 0.0, "time": 81.0}, {"$id": 437, "type": 0, "sounds": [{"w": 0.0, "d": 0.166664124, "p": 69, "v": 100}], "pos": -1.73611176, "size": 1.50000012, "_time": 81.0, "shift": 0.0, "time": 81.0}, {"$id": 438, "type": 0, "sounds": [{"w": 0.0, "d": 0.166664124, "p": 70, "v": 100}], "pos": 0.0, "size": 1.1, "_time": 81.33203, "shift": 0.0, "time": 81.33203}, {"$id": 439, "type": 0, "sounds": [{"w": 0.0, "d": 0.499992371, "p": 50, "v": 99}], "pos": 1.0, "size": 1.0, "_time": 81.5, "shift": 0.0, "time": 81.5}, {"$id": 440, "type": 0, "sounds": [{"w": 0.0, "d": 0.166664124, "p": 72, "v": 100}], "pos": -1.0, "size": 1.1, "_time": 81.66797, "shift": 0.0, "time": 81.66797}, {"$id": 441, "type": 0, "sounds": [{"w": 0.0, "d": 0.5, "p": 31, "v": 100}], "pos": -2.0, "size": 1.50000012, "_time": 82.0, "shift": 0.0, "time": 82.0}, {"$id": 442, "type": 0, "sounds": [{"w": 0.0, "d": 0.5, "p": 43, "v": 100}], "pos": 2.0, "size": 1.50000012, "_time": 82.0, "shift": 0.0, "time": 82.0}, {"$id": 443, "type": 0, "sounds": [{"w": 0.0, "d": 0.08333588, "p": 58, "v": 86}], "pos": -1.16666555, "size": 0.9, "_time": 82.33203, "shift": 0.0, "time": 82.33203}, {"$id": 444, "type": 0, "sounds": [{"w": 0.0, "d": 0.08333588, "p": 62, "v": 92}], "pos": -0.6666655, "size": 1.0, "_time": 82.41797, "shift": 0.0, "time": 82.41797}, {"$id": 445, "type": 0, "sounds": [{"w": 0.0, "d": 0.08333588, "p": 65, "v": 95}], "pos": -0.2916655, "size": 1.0, "_time": 82.5, "shift": 0.0, "time": 82.5}, {"$id": 446, "type": 0, "sounds": [{"w": 0.0, "d": 0.08333588, "p": 69, "v": 106}], "pos": 0.208334476, "size": 1.1, "_time": 82.58203, "shift": 0.0, "time": 82.58203}, {"$id": 447, "type": 0, "sounds": [{"w": 0.0, "d": 0.08333588, "p": 70, "v": 109}], "pos": 0.5277781, "size": 1.1, "_time": 82.66797, "shift": 0.0, "time": 82.66797}, {"$id": 448, "type": 0, "sounds": [{"w": 0.0, "d": 0.08333588, "p": 74, "v": 112}], "pos": 1.02777815, "size": 1.2, "_time": 82.75, "shift": 0.0, "time": 82.75}, {"$id": 449, "type": 0, "sounds": [{"w": 0.0, "d": 0.08333588, "p": 77, "v": 114}], "pos": 1.40277815, "size": 1.2, "_time": 82.83203, "shift": 0.0, "time": 82.83203}, {"$id": 450, "type": 0, "sounds": [{"w": 0.0, "d": 0.08333588, "p": 84, "v": 117}], "pos": 1.86111045, "size": 1.30000007, "_time": 82.91797, "shift": 0.0, "time": 82.91797}, {"$id": 451, "type": 0, "sounds": [{"w": 0.0, "d": 0.3333435, "p": 43, "v": 87}], "pos": -1.0, "size": 1.30000007, "_time": 83.0, "shift": 0.0, "time": 83.0}, {"$id": 452, "type": 0, "sounds": [{"w": 0.0, "d": 0.08333588, "p": 82, "v": 118}], "pos": 1.583333, "size": 1.2, "_time": 83.0, "shift": 0.0, "time": 83.0}, {"$id": 453, "type": 0, "sounds": [{"w": 0.0, "d": 0.08333588, "p": 81, "v": 116}], "pos": 1.31944406, "size": 1.2, "_time": 83.08203, "shift": 0.0, "time": 83.08203}, {"$id": 454, "type": 0, "sounds": [{"w": 0.0, "d": 0.08333588, "p": 77, "v": 111}], "pos": 0.958333, "size": 1.2, "_time": 83.16797, "shift": 0.0, "time": 83.16797}, {"$id": 455, "type": 0, "sounds": [{"w": 0.0, "d": 0.08333588, "p": 74, "v": 109}], "pos": 0.583333, "size": 1.1, "_time": 83.25, "shift": 0.0, "time": 83.25}, {"$id": 456, "type": 0, "sounds": [{"w": 0.0, "d": 0.08333588, "p": 70, "v": 106}], "pos": 0.0833330154, "size": 1.1, "_time": 83.33203, "shift": 0.0, "time": 83.33203}, {"$id": 457, "type": 0, "sounds": [{"w": 0.0, "d": 0.08333588, "p": 69, "v": 104}], "pos": -0.263889, "size": 1.0, "_time": 83.41797, "shift": 0.0, "time": 83.41797}, {"$id": 458, "type": 0, "sounds": [{"w": 0.0, "d": 0.08333588, "p": 65, "v": 101}], "pos": -0.763889, "size": 1.0, "_time": 83.5, "shift": 0.0, "time": 83.5}, {"$id": 459, "type": 0, "sounds": [{"w": 0.0, "d": 0.08333588, "p": 62, "v": 98}], "pos": -1.13888907, "size": 1.0, "_time": 83.58203, "shift": 0.0, "time": 83.58203}, {"$id": 460, "type": 0, "sounds": [{"w": 0.0, "d": 0.08333588, "p": 58, "v": 95}], "pos": -1.63888907, "size": 0.9, "_time": 83.66797, "shift": 0.0, "time": 83.66797}, {"$id": 461, "type": 0, "sounds": [{"w": 0.0, "d": 0.333335876, "p": 51, "v": 107}], "pos": -2.0, "size": 1.50000012, "_time": 84.0, "shift": 0.0, "time": 84.0}, {"$id": 462, "type": 0, "sounds": [{"w": 0.0, "d": 0.333335876, "p": 39, "v": 107}], "pos": 2.0, "size": 1.50000012, "_time": 84.0, "shift": 0.0, "time": 84.0}, {"$id": 463, "type": 0, "sounds": [{"w": 0.0, "d": 0.333335876, "p": 69, "v": 100}], "pos": 1.0, "size": 1.50000012, "_time": 85.0, "shift": 0.0, "time": 85.0}, {"$id": 464, "type": 0, "sounds": [{"w": 0.0, "d": 0.333335876, "p": 60, "v": 100}], "pos": -1.0, "size": 1.50000012, "_time": 85.0, "shift": 0.0, "time": 85.0}, {"$id": 465, "type": 0, "sounds": [{"w": 0.0, "d": 0.166664124, "p": 41, "v": 88}], "pos": -1.0, "size": 1.0, "_time": 85.5, "shift": 0.0, "time": 85.5}, {"$id": 466, "type": 0, "sounds": [{"w": 0.0, "d": 0.166664124, "p": 48, "v": 95}], "pos": 0.63888973, "size": 1.0, "_time": 85.66797, "shift": 0.0, "time": 85.66797}, {"$id": 467, "type": 0, "sounds": [{"w": 0.0, "d": 0.166664124, "p": 53, "v": 100}], "pos": -0.250000238, "size": 1.0, "_time": 85.83203, "shift": 0.0, "time": 85.83203}, {"$id": 468, "type": 0, "sounds": [{"w": 0.0, "d": 0.333335876, "p": 60, "v": 100}], "pos": 1.5, "size": 1.0, "_time": 86.0, "shift": 0.0, "time": 86.0}, {"$id": 469, "type": 0, "sounds": [{"w": 0.0, "d": 0.166664124, "p": 50, "v": 87}], "pos": 0.0833329558, "size": 1.0, "_time": 86.33203, "shift": 0.0, "time": 86.33203}, {"$id": 470, "type": 0, "sounds": [{"w": 0.0, "d": 0.166664124, "p": 55, "v": 81}], "pos": -1.52777767, "size": 1.0, "_time": 86.5, "shift": 0.0, "time": 86.5}, {"$id": 471, "type": 0, "sounds": [{"w": 0.0, "d": 0.166664124, "p": 65, "v": 100}], "pos": -1.0, "size": 1.2, "_time": 86.83203, "shift": 0.0, "time": 86.83203}, {"$id": 472, "type": 0, "sounds": [{"w": 0.0, "d": 0.333335876, "p": 62, "v": 100}], "pos": -1.0, "size": 1.2, "_time": 87.0, "shift": 0.0, "time": 87.0}, {"$id": 473, "type": 0, "sounds": [{"w": 0.0, "d": 0.333335876, "p": 67, "v": 100}], "pos": 1.5, "size": 1.2, "_time": 87.0, "shift": 0.0, "time": 87.0}, {"$id": 474, "type": 0, "sounds": [{"w": 0.0, "d": 0.166664124, "p": 50, "v": 56}], "pos": 0.0, "size": 1.0, "_time": 87.33203, "shift": 0.0, "time": 87.33203}, {"$id": 475, "type": 0, "sounds": [{"w": 0.0, "d": 0.333335876, "p": 62, "v": 80}], "pos": 0.0, "size": 1.2, "_time": 87.66797, "shift": 0.0, "time": 87.66797}, {"$id": 476, "type": 0, "sounds": [{"w": 0.0, "d": 0.333335876, "p": 67, "v": 100}], "pos": -1.5, "size": 1.2, "_time": 88.0, "shift": 0.0, "time": 88.0}, {"$id": 477, "type": 0, "sounds": [{"w": 0.0, "d": 0.333335876, "p": 58, "v": 100}], "pos": 1.5, "size": 1.0, "_time": 88.0, "shift": 0.0, "time": 88.0}, {"$id": 478, "type": 0, "sounds": [{"w": 0.0, "d": 0.333335876, "p": 46, "v": 90}], "pos": -0.666666269, "size": 1.0, "_time": 88.33203, "shift": 0.0, "time": 88.33203}, {"$id": 479, "type": 0, "sounds": [{"w": 0.0, "d": 0.333335876, "p": 67, "v": 72}], "pos": 0.19444418, "size": 1.2, "_time": 88.66797, "shift": 0.0, "time": 88.66797}, {"$id": 480, "type": 0, "sounds": [{"w": 0.0, "d": 0.333335876, "p": 69, "v": 100}], "pos": -2.0, "size": 1.2, "_time": 89.0, "shift": 0.0, "time": 89.0}, {"$id": 481, "type": 0, "sounds": [{"w": 0.0, "d": 0.333335876, "p": 60, "v": 100}], "pos": -0.4722221, "size": 1.4000001, "_time": 89.0, "shift": 0.0, "time": 89.0}, {"$id": 482, "type": 0, "sounds": [{"w": 0.0, "d": 0.333335876, "p": 70, "v": 100}], "pos": 0.249999464, "size": 1.2, "_time": 89.33203, "shift": 0.0, "time": 89.33203}, {"$id": 483, "type": 0, "sounds": [{"w": 0.0, "d": 0.333335876, "p": 72, "v": 112}], "pos": 1.0, "size": 1.0, "_time": 89.66797, "shift": 0.0, "time": 89.66797}, {"$id": 484, "type": 0, "sounds": [{"w": 0.0, "d": 0.333335876, "p": 77, "v": 112}], "pos": -0.7083347, "size": 1.2, "_time": 89.66797, "shift": 0.0, "time": 89.66797}, {"$id": 485, "type": 0, "sounds": [{"w": 0.0, "d": 0.333335876, "p": 65, "v": 112}], "pos": -1.5, "size": 1.2, "_time": 90.0, "shift": 0.0, "time": 90.0}, {"$id": 486, "type": 0, "sounds": [{"w": 0.0, "d": 0.333335876, "p": 72, "v": 112}], "pos": 0.305555761, "size": 1.2, "_time": 90.0, "shift": 0.0, "time": 90.0}, {"$id": 487, "type": 0, "sounds": [{"w": 0.0, "d": 0.333328247, "p": 50, "v": 92}], "pos": 1.0, "size": 1.0, "_time": 90.33203, "shift": 0.0, "time": 90.33203}, {"$id": 488, "type": 0, "sounds": [{"w": 0.0, "d": 0.166664124, "p": 60, "v": 100}], "pos": -0.305555135, "size": 1.0, "_time": 90.5, "shift": 0.0, "time": 90.5}, {"$id": 489, "type": 0, "sounds": [{"w": 0.0, "d": 0.166664124, "p": 65, "v": 100}], "pos": -1.22222149, "size": 1.0, "_time": 90.66797, "shift": 0.0, "time": 90.66797}, {"$id": 490, "type": 0, "sounds": [{"w": 0.0, "d": 0.166664124, "p": 69, "v": 100}], "pos": 1.27777779, "size": 1.0, "_time": 90.83203, "shift": 0.0, "time": 90.83203}, {"$id": 491, "type": 0, "sounds": [{"w": 0.0, "d": 0.333335876, "p": 67, "v": 116}], "pos": -1.22222257, "size": 1.50000012, "_time": 91.0, "shift": 0.0, "time": 91.0}, {"$id": 492, "type": 0, "sounds": [{"w": 0.0, "d": 0.333335876, "p": 71, "v": 116}], "pos": 1.02777743, "size": 1.50000012, "_time": 91.0, "shift": 0.0, "time": 91.0}, {"$id": 493, "type": 0, "sounds": [{"w": 0.0, "d": 0.333335876, "p": 72, "v": 116}], "pos": -0.5, "size": 1.0, "_time": 91.33203, "shift": 0.0, "time": 91.33203}, {"$id": 494, "type": 0, "sounds": [{"w": 0.0, "d": 0.333335876, "p": 74, "v": 116}], "pos": 1.0, "size": 1.2, "_time": 91.66797, "shift": 0.0, "time": 91.66797}, {"$id": 495, "type": 0, "sounds": [{"w": 0.0, "d": 0.333335876, "p": 74, "v": 116}], "pos": 0.0555561781, "size": 1.2, "_time": 92.0, "shift": 0.0, "time": 92.0}, {"$id": 496, "type": 0, "sounds": [{"w": 0.0, "d": 0.333335876, "p": 70, "v": 116}], "pos": -2.0, "size": 1.0, "_time": 92.0, "shift": 0.0, "time": 92.0}, {"$id": 497, "type": 0, "sounds": [{"w": 0.0, "d": 0.333335876, "p": 46, "v": 92}], "pos": -1.0, "size": 1.0, "_time": 92.33203, "shift": 0.0, "time": 92.33203}, {"$id": 498, "type": 0, "sounds": [{"w": 0.0, "d": 0.333335876, "p": 67, "v": 100}], "pos": 0.0, "size": 1.30000007, "_time": 92.66797, "shift": 0.0, "time": 92.66797}, {"$id": 499, "type": 0, "sounds": [{"w": 0.0, "d": 0.305557251, "p": 79, "v": 100}], "pos": 1.59722292, "size": 1.2, "_time": 92.6875, "shift": 0.0, "time": 92.6875}, {"$id": 500, "type": 0, "sounds": [{"w": 0.0, "d": 0.166664124, "p": 51, "v": 90}], "pos": -2.0, "size": 1.0, "_time": 92.83203, "shift": 0.0, "time": 92.83203}, {"$id": 501, "type": 0, "sounds": [{"w": 0.0, "d": 0.333335876, "p": 39, "v": 104}], "pos": -0.5, "size": 1.0, "_time": 93.0, "shift": 0.0, "time": 93.0}, {"$id": 502, "type": 0, "sounds": [{"w": 0.0, "d": 0.333335876, "p": 48, "v": 97}], "pos": 0.8888892, "size": 1.0, "_time": 93.33203, "shift": 0.0, "time": 93.33203}, {"$id": 503, "type": 0, "sounds": [{"w": 0.0, "d": 0.166664124, "p": 69, "v": 100}], "pos": -0.319445252, "size": 1.2, "_time": 93.66797, "shift": 0.0, "time": 93.66797}, {"$id": 504, "type": 0, "sounds": [{"w": 0.0, "d": 0.166664124, "p": 70, "v": 100}], "pos": 1.5, "size": 1.2, "_time": 93.83203, "shift": 0.0, "time": 93.83203}, {"$id": 505, "type": 0, "sounds": [{"w": 0.0, "d": 0.333335876, "p": 72, "v": 112}], "pos": 1.5, "size": 1.2, "_time": 94.0, "shift": 0.0, "time": 94.0}, {"$id": 506, "type": 0, "sounds": [{"w": 0.0, "d": 0.333335876, "p": 60, "v": 100}], "pos": -0.5, "size": 1.0, "_time": 94.33203, "shift": 0.0, "time": 94.33203}, {"$id": 507, "type": 0, "sounds": [{"w": 0.0, "d": 0.333328247, "p": 65, "v": 100}], "pos": 0.5, "size": 1.0, "_time": 94.66797, "shift": 0.0, "time": 94.66797}, {"$id": 508, "type": 0, "sounds": [{"w": 0.0, "d": 0.166664124, "p": 50, "v": 92}], "pos": 1.5, "size": 1.0, "_time": 94.83203, "shift": 0.0, "time": 94.83203}, {"$id": 509, "type": 0, "sounds": [{"w": 0.0, "d": 0.333335876, "p": 67, "v": 100}], "pos": 0.0, "size": 1.2, "_time": 95.0, "shift": 0.0, "time": 95.0}, {"$id": 510, "type": 0, "sounds": [{"w": 0.0, "d": 0.333335876, "p": 64, "v": 100}], "pos": -2.0, "size": 1.2, "_time": 95.0, "shift": 0.0, "time": 95.0}, {"$id": 511, "type": 0, "sounds": [{"w": 0.0, "d": 0.333328247, "p": 48, "v": 89}], "pos": 0.5, "size": 1.0, "_time": 95.66797, "shift": 0.0, "time": 95.66797}, {"$id": 512, "type": 0, "sounds": [{"w": 0.0, "d": 0.166664124, "p": 69, "v": 92}], "pos": -1.5, "size": 1.2, "_time": 95.83203, "shift": 0.0, "time": 95.83203}, {"$id": 513, "type": 0, "sounds": [{"w": 0.0, "d": 0.333335876, "p": 70, "v": 100}], "pos": 1.5, "size": 1.2, "_time": 96.0, "shift": 0.0, "time": 96.0}, {"$id": 514, "type": 0, "sounds": [{"w": 0.0, "d": 0.333335876, "p": 62, "v": 100}], "pos": -1.5, "size": 1.2, "_time": 96.0, "shift": 0.0, "time": 96.0}, {"$id": 515, "type": 0, "sounds": [{"w": 0.0, "d": 0.166664124, "p": 58, "v": 100}], "pos": -1.3055563, "size": 1.2, "_time": 96.5, "shift": 0.0, "time": 96.5}, {"$id": 516, "type": 0, "sounds": [{"w": 0.0, "d": 0.166664124, "p": 62, "v": 100}], "pos": -0.138889968, "size": 1.2, "_time": 96.66797, "shift": 0.0, "time": 96.66797}, {"$id": 517, "type": 0, "sounds": [{"w": 0.0, "d": 0.166664124, "p": 67, "v": 100}], "pos": 0.583332062, "size": 1.2, "_time": 96.83203, "shift": 0.0, "time": 96.83203}, {"$id": 518, "type": 0, "sounds": [{"w": 0.0, "d": 0.333335876, "p": 69, "v": 100}], "pos": 1.49999988, "size": 1.2, "_time": 97.0, "shift": 0.0, "time": 97.0}, {"$id": 519, "type": 0, "sounds": [{"w": 0.0, "d": 0.333335876, "p": 48, "v": 92}], "pos": -0.5, "size": 1.0, "_time": 97.33203, "shift": 0.0, "time": 97.33203}, {"$id": 520, "type": 0, "sounds": [{"w": 0.0, "d": 0.333335876, "p": 69, "v": 100}], "pos": 1.0, "size": 1.0, "_time": 97.66797, "shift": 0.0, "time": 97.66797}, {"$id": 521, "type": 0, "sounds": [{"w": 0.0, "d": 0.333335876, "p": 72, "v": 92}], "pos": 1.5, "size": 1.60000014, "_time": 98.0, "shift": 0.0, "time": 98.0}, {"$id": 522, "type": 0, "sounds": [{"w": 0.0, "d": 0.333335876, "p": 67, "v": 92}], "pos": -1.5, "size": 1.60000014, "_time": 98.0, "shift": 0.0, "time": 98.0}, {"$id": 523, "type": 0, "sounds": [{"w": 0.0, "d": 0.333335876, "p": 67, "v": 83}], "pos": 0.0, "size": 1.60000014, "_time": 98.66797, "shift": 0.0, "time": 98.66797}, {"$id": 524, "type": 0, "sounds": [{"w": 0.0, "d": 0.333335876, "p": 72, "v": 87}], "pos": -0.8611101, "size": 1.30000007, "_time": 99.0, "shift": 0.0, "time": 99.0}, {"$id": 525, "type": 0, "sounds": [{"w": 0.0, "d": 0.333335876, "p": 67, "v": 87}], "pos": 0.666666448, "size": 1.30000007, "_time": 99.0, "shift": 0.0, "time": 99.0}, {"$id": 526, "type": 0, "sounds": [{"w": 0.0, "d": 0.333335876, "p": 72, "v": 110}], "pos": -1.19444489, "size": 1.4000001, "_time": 99.33203, "shift": 0.0, "time": 99.33203}, {"$id": 527, "type": 0, "sounds": [{"w": 0.0, "d": 0.333335876, "p": 67, "v": 110}], "pos": 1.05555689, "size": 1.4000001, "_time": 99.33203, "shift": 0.0, "time": 99.33203}, {"$id": 528, "type": 0, "sounds": [{"w": 0.0, "d": 0.333335876, "p": 72, "v": 108}], "pos": -1.5, "size": 1.50000012, "_time": 99.66797, "shift": 0.0, "time": 99.66797}, {"$id": 529, "type": 0, "sounds": [{"w": 0.0, "d": 0.333335876, "p": 67, "v": 108}], "pos": 1.5, "size": 1.50000012, "_time": 99.66797, "shift": 0.0, "time": 99.66797}, {"$id": 530, "type": 0, "sounds": [{"w": 0.0, "d": 0.333335876, "p": 31, "v": 118}], "pos": 2.875, "size": 1.0, "_time": 100.0, "shift": 0.0, "time": 100.0}, {"$id": 531, "type": 0, "sounds": [{"w": 0.0, "d": 0.333335876, "p": 74, "v": 115}], "pos": 2.0, "size": 1.60000014, "_time": 100.0, "shift": 0.0, "time": 100.0}, {"$id": 532, "type": 0, "sounds": [{"w": 0.0, "d": 0.333335876, "p": 71, "v": 115}], "pos": -2.0, "size": 1.60000014, "_time": 100.0, "shift": 0.0, "time": 100.0}, {"$id": 533, "type": 0, "sounds": [{"w": 0.0, "d": 0.333335876, "p": 31, "v": 116}], "pos": 2.875, "size": 1.0, "_time": 100.332031, "shift": 0.0, "time": 100.332031}, {"$id": 534, "type": 0, "sounds": [{"w": 0.0, "d": 0.333335876, "p": 74, "v": 83}], "pos": 1.5, "size": 1.30000007, "_time": 100.332031, "shift": 0.0, "time": 100.332031}, {"$id": 535, "type": 0, "sounds": [{"w": 0.0, "d": 0.333335876, "p": 71, "v": 83}], "pos": -1.5, "size": 1.30000007, "_time": 100.332031, "shift": 0.0, "time": 100.332031}, {"$id": 536, "type": 0, "sounds": [{"w": 0.0, "d": 0.333335876, "p": 31, "v": 112}], "pos": 2.875, "size": 1.0, "_time": 100.667969, "shift": 0.0, "time": 100.667969}, {"$id": 537, "type": 0, "sounds": [{"w": 0.0, "d": 0.333335876, "p": 74, "v": 109}], "pos": -1.0, "size": 1.4000001, "_time": 100.667969, "shift": 0.0, "time": 100.667969}, {"$id": 538, "type": 0, "sounds": [{"w": 0.0, "d": 0.333335876, "p": 71, "v": 109}], "pos": 1.0, "size": 1.30000007, "_time": 100.667969, "shift": 0.0, "time": 100.667969}, {"$id": 539, "type": 0, "sounds": [{"w": 0.0, "d": 0.333335876, "p": 31, "v": 120}], "pos": 2.875, "size": 1.0, "_time": 101.0, "shift": 0.0, "time": 101.0}, {"$id": 540, "type": 0, "sounds": [{"w": 0.0, "d": 0.333335876, "p": 74, "v": 124}], "pos": 1.0, "size": 1.50000012, "_time": 101.0, "shift": 0.0, "time": 101.0}, {"$id": 541, "type": 0, "sounds": [{"w": 0.0, "d": 0.333335876, "p": 71, "v": 124}], "pos": -1.0, "size": 1.50000012, "_time": 101.0, "shift": 0.0, "time": 101.0}, {"$id": 542, "type": 0, "sounds": [{"w": 0.0, "d": 0.333335876, "p": 31, "v": 123}], "pos": 2.875, "size": 1.0, "_time": 101.332031, "shift": 0.0, "time": 101.332031}, {"$id": 543, "type": 0, "sounds": [{"w": 0.0, "d": 0.333335876, "p": 74, "v": 124}], "pos": 1.5, "size": 1.60000014, "_time": 101.332031, "shift": 0.0, "time": 101.332031}, {"$id": 544, "type": 0, "sounds": [{"w": 0.0, "d": 0.333335876, "p": 71, "v": 124}], "pos": -1.5, "size": 1.60000014, "_time": 101.332031, "shift": 0.0, "time": 101.332031}, {"$id": 545, "type": 0, "sounds": [{"w": 0.0, "d": 0.3263855, "p": 31, "v": 127}], "pos": 2.875, "size": 1.0, "_time": 101.667969, "shift": 0.0, "time": 101.667969}, {"$id": 546, "type": 0, "sounds": [{"w": 0.0, "d": 0.3263855, "p": 74, "v": 127}], "pos": 2.0, "size": 1.80000019, "_time": 101.667969, "shift": 0.0, "time": 101.667969}, {"$id": 547, "type": 0, "sounds": [{"w": 0.0, "d": 0.3263855, "p": 71, "v": 127}], "pos": -2.0, "size": 1.80000019, "_time": 101.667969, "shift": 0.0, "time": 101.667969}, {"$id": 548, "type": 0, "pos": -0.5, "size": 0.799999952, "_time": 103.46875, "shift": 0.0, "time": 103.46875}, {"$id": 549, "type": 0, "pos": 0.36111176, "size": 0.799999952, "_time": 103.867188, "shift": 0.0, "time": 103.867188}, {"$id": 550, "type": 0, "pos": 1.05555534, "size": 0.799999952, "_time": 104.460938, "shift": 0.0, "time": 104.460938}, {"$id": 551, "type": 0, "pos": 1.33333278, "size": 0.799999952, "_time": 104.96875, "shift": 0.0, "time": 104.96875}, {"$id": 552, "type": 0, "pos": 0.44444406, "size": 0.799999952, "_time": 106.203125, "shift": 0.0, "time": 106.203125}, {"$id": 553, "type": 0, "pos": -1.13888848, "size": 0.799999952, "_time": 106.570313, "shift": 0.0, "time": 106.570313}, {"$id": 554, "type": 0, "pos": -0.527777553, "size": 0.799999952, "_time": 107.179688, "shift": 0.0, "time": 107.179688}, {"$id": 555, "type": 0, "pos": 0.1944443, "size": 0.799999952, "_time": 107.683594, "shift": 0.0, "time": 107.683594}, {"$id": 556, "type": 0, "pos": 1.0, "size": 0.9, "_time": 109.140625, "shift": 0.0, "time": 109.140625}, {"$id": 557, "type": 0, "pos": 0.0, "size": 0.799999952, "_time": 111.308594, "shift": 0.0, "time": 111.308594}], "links": [{"notes": [{"$ref": 162}, {"$ref": 163}, {"$ref": 164}, {"$ref": 166}]}, {"notes": [{"$ref": 170}, {"$ref": 171}, {"$ref": 173}, {"$ref": 174}]}, {"notes": [{"$ref": 176}, {"$ref": 178}, {"$ref": 179}, {"$ref": 180}, {"$ref": 181}, {"$ref": 182}, {"$ref": 183}]}, {"notes": [{"$ref": 245}, {"$ref": 247}, {"$ref": 248}, {"$ref": 250}, {"$ref": 252}, {"$ref": 254}]}, {"notes": [{"$ref": 409}, {"$ref": 410}, {"$ref": 411}]}, {"notes": [{"$ref": 355}, {"$ref": 356}, {"$ref": 358}, {"$ref": 360}]}, {"notes": [{"$ref": 184}, {"$ref": 185}, {"$ref": 186}, {"$ref": 187}, {"$ref": 188}]}, {"notes": [{"$ref": 45}, {"$ref": 46}, {"$ref": 48}]}, {"notes": [{"$ref": 49}, {"$ref": 51}, {"$ref": 52}]}, {"notes": [{"$ref": 57}, {"$ref": 58}, {"$ref": 60}]}, {"notes": [{"$ref": 61}, {"$ref": 63}, {"$ref": 64}]}, {"notes": [{"$ref": 95}, {"$ref": 96}, {"$ref": 98}, {"$ref": 99}, {"$ref": 101}, {"$ref": 102}, {"$ref": 104}, {"$ref": 105}, {"$ref": 106}, {"$ref": 107}, {"$ref": 108}, {"$ref": 109}]}, {"notes": [{"$ref": 111}, {"$ref": 112}]}, {"notes": [{"$ref": 165}, {"$ref": 167}, {"$ref": 168}, {"$ref": 169}]}, {"notes": [{"$ref": 244}, {"$ref": 246}, {"$ref": 249}, {"$ref": 251}, {"$ref": 253}]}, {"notes": [{"$ref": 79}, {"$ref": 80}, {"$ref": 82}, {"$ref": 83}, {"$ref": 85}, {"$ref": 86}, {"$ref": 88}, {"$ref": 89}, {"$ref": 90}, {"$ref": 91}, {"$ref": 92}, {"$ref": 93}]}, {"notes": [{"$ref": 34}, {"$ref": 35}, {"$ref": 36}, {"$ref": 37}, {"$ref": 39}, {"$ref": 40}]}, {"notes": [{"$ref": 114}, {"$ref": 115}]}, {"notes": [{"$ref": 117}, {"$ref": 118}]}, {"notes": [{"$ref": 120}, {"$ref": 121}]}, {"notes": [{"$ref": 131}, {"$ref": 132}, {"$ref": 133}, {"$ref": 134}, {"$ref": 135}, {"$ref": 137}]}, {"notes": [{"$ref": 273}, {"$ref": 274}, {"$ref": 275}, {"$ref": 276}, {"$ref": 277}, {"$ref": 278}, {"$ref": 280}, {"$ref": 281}, {"$ref": 282}, {"$ref": 283}, {"$ref": 284}, {"$ref": 285}, {"$ref": 286}, {"$ref": 287}]}, {"notes": [{"$ref": 295}, {"$ref": 296}, {"$ref": 297}, {"$ref": 298}, {"$ref": 299}, {"$ref": 300}, {"$ref": 301}]}, {"notes": [{"$ref": 443}, {"$ref": 444}, {"$ref": 445}, {"$ref": 446}, {"$ref": 447}, {"$ref": 448}, {"$ref": 449}, {"$ref": 450}, {"$ref": 452}, {"$ref": 453}, {"$ref": 454}, {"$ref": 455}, {"$ref": 456}, {"$ref": 457}, {"$ref": 458}, {"$ref": 459}, {"$ref": 460}]}]}