{"speed": 10.0, "notes": [{"$id": 1, "sounds": [{"d": 3.96000028, "p": 52, "v": 88}], "pos": -1.5, "size": 1.0, "_time": 2.33984375}, {"$id": 2, "sounds": [{"d": 0.476666451, "p": 53, "v": 70}], "pos": 1.5, "size": 1.0, "_time": 6.73828125}, {"$id": 3, "sounds": [{"d": 3.87, "p": 52, "v": 93}], "pos": -1.5, "size": 1.0, "_time": 7.15625}, {"$id": 4, "sounds": [{"d": 0.486666679, "p": 53, "v": 78}], "pos": -1.5, "size": 1.0, "_time": 11.5429688}, {"$id": 5, "sounds": [{"d": 3.6475, "p": 55, "v": 78}], "pos": 1.5, "size": 1.0, "_time": 11.9726563}, {"$id": 6, "sounds": [{"d": 1.24749851, "p": 59, "v": 88}], "pos": 1.5, "size": 1.0, "_time": 15.5507813}, {"$id": 7, "sounds": [{"d": 2.43833351, "p": 55, "v": 78}], "pos": -1.5, "size": 1.0, "_time": 16.7539063}, {"$id": 8, "sounds": [{"d": 1.24416733, "p": 60, "v": 98}], "size": 1.0, "_time": 19.1484375, "pos": 0}, {"$id": 9, "sounds": [{"d": 1.19750023, "p": 62, "v": 98}], "pos": 1.0, "size": 1.0, "_time": 20.3554688}, {"$id": 10, "sounds": [{"d": 4.414171, "p": 64, "v": 104}], "pos": 2.0, "size": 1.0, "_time": 21.546875}, {"$id": 11, "sounds": [{"d": 0.104166031, "p": 48, "v": 77}], "pos": -2.0, "size": 1.30000007, "_time": 21.5859375}, {"$id": 12, "sounds": [{"d": 0.04083252, "p": 55, "v": 53}], "size": 1.30000007, "_time": 21.9765625, "pos": 0}, {"$id": 13, "sounds": [{"d": 0.130832672, "p": 55, "v": 75}], "size": 1.30000007, "_time": 22.3867188, "pos": 0}, {"$id": 14, "sounds": [{"d": 0.129999161, "p": 48, "v": 78}], "pos": -2.0, "size": 1.30000007, "_time": 22.796875}, {"$id": 15, "sounds": [{"d": 0.0566673279, "p": 55, "v": 68}], "size": 1.30000007, "_time": 23.171875, "pos": 0}, {"$id": 16, "sounds": [{"d": 0.412500381, "p": 55, "v": 82}], "size": 1.30000007, "_time": 23.5742188, "pos": 0}, {"$id": 17, "sounds": [{"d": 0.299165726, "p": 48, "v": 75}], "pos": -2.0, "size": 1.30000007, "_time": 23.96875}, {"$id": 18, "sounds": [{"d": 0.07916832, "p": 55, "v": 77}], "size": 1.30000007, "_time": 24.3984375, "pos": 0}, {"$id": 19, "sounds": [{"d": 0.115833282, "p": 55, "v": 82}], "size": 1.30000007, "_time": 24.78125, "pos": 0}, {"$id": 20, "sounds": [{"d": 0.3991661, "p": 48, "v": 77}], "pos": -2.0, "size": 1.30000007, "_time": 25.1796875}, {"$id": 21, "sounds": [{"d": 0.0458335876, "p": 55, "v": 62}], "size": 1.30000007, "_time": 25.5820313, "pos": 0}, {"$id": 22, "sounds": [{"d": 0.4991665, "p": 65, "v": 95}], "pos": 2.0, "size": 1.0, "_time": 25.9335938}, {"$id": 23, "sounds": [{"d": 0.419166565, "p": 55, "v": 69}], "size": 1.30000007, "_time": 25.9726563, "pos": 0}, {"$id": 24, "sounds": [{"d": 0.2883339, "p": 47, "v": 80}], "pos": -2.0, "size": 1.30000007, "_time": 26.390625}, {"$id": 25, "sounds": [{"d": 4.15833664, "p": 64, "v": 102}], "pos": 1.0, "size": 1.0, "_time": 26.3945313}, {"$id": 26, "sounds": [{"d": 0.08833313, "p": 55, "v": 56}], "pos": 1.0, "size": 1.30000007, "_time": 26.7773438}, {"$id": 27, "sounds": [{"d": 0.0324993134, "p": 52, "v": 49}], "pos": -1.0, "size": 1.30000007, "_time": 26.796875}, {"$id": 28, "sounds": [{"d": 0.1174984, "p": 55, "v": 60}], "pos": 1.0, "size": 1.30000007, "_time": 27.1796875}, {"$id": 29, "sounds": [{"d": 0.06833267, "p": 52, "v": 60}], "pos": -1.0, "size": 1.30000007, "_time": 27.1953125}, {"$id": 30, "sounds": [{"d": 0.1491661, "p": 47, "v": 73}], "pos": -2.0, "size": 1.30000007, "_time": 27.59375}, {"$id": 31, "sounds": [{"d": 0.0391674042, "p": 55, "v": 46}], "size": 1.30000007, "_time": 27.9726563, "pos": 0}, {"$id": 32, "sounds": [{"d": 0.05750084, "p": 60, "v": 34}], "pos": 2.0, "size": 1.30000007, "_time": 27.984375}, {"$id": 33, "sounds": [{"d": 0.04833412, "p": 55, "v": 60}], "size": 1.30000007, "_time": 28.359375, "pos": 0}, {"$id": 34, "sounds": [{"d": 0.0491676331, "p": 60, "v": 49}], "pos": 2.0, "size": 1.30000007, "_time": 28.3710938}, {"$id": 35, "sounds": [{"d": 0.2258339, "p": 47, "v": 68}], "pos": -2.0, "size": 1.30000007, "_time": 28.7539063}, {"$id": 36, "sounds": [{"d": 0.05166626, "p": 55, "v": 69}], "size": 1.30000007, "_time": 29.1601563, "pos": 0}, {"$id": 37, "sounds": [{"d": 0.0383338928, "p": 55, "v": 74}], "size": 1.30000007, "_time": 29.5664063, "pos": 0}, {"$id": 38, "sounds": [{"d": 0.08833313, "p": 47, "v": 77}], "pos": -2.0, "size": 1.30000007, "_time": 29.9726563}, {"$id": 39, "sounds": [{"d": 0.09833336, "p": 55, "v": 66}, {"w": 0.0078125, "d": 0.104167938, "p": 60, "v": 49}], "size": 1.30000007, "_time": 30.3710938, "pos": 0}, {"$id": 40, "sounds": [{"d": 0.103334427, "p": 59, "v": 54}], "pos": -1.0, "size": 1.30000007, "_time": 30.5820313}, {"$id": 41, "sounds": [{"d": 0.575000763, "p": 65, "v": 90}], "pos": 2.0, "size": 1.0, "_time": 30.6679688}, {"$id": 42, "sounds": [{"d": 0.464166641, "p": 60, "v": 48}, {"w": 0.00390625, "d": 0.428333282, "p": 55, "v": 52}], "size": 1.30000007, "_time": 30.7773438, "pos": 0}, {"$id": 43, "sounds": [{"d": 0.4208336, "p": 45, "v": 77}], "pos": -2.0, "size": 1.30000007, "_time": 31.1835938}, {"$id": 44, "sounds": [{"d": 0.06666756, "p": 55, "v": 59}], "size": 1.30000007, "_time": 31.578125, "pos": 0}, {"$id": 45, "sounds": [{"d": 0.08333397, "p": 55, "v": 77}], "size": 1.30000007, "_time": 31.9921875, "pos": 0}, {"$id": 46, "sounds": [{"d": 0.09249878, "p": 45, "v": 72}], "pos": -2.0, "size": 1.30000007, "_time": 32.38672}, {"$id": 47, "sounds": [{"d": 0.11000061, "p": 55, "v": 60}], "size": 1.30000007, "_time": 32.7890625, "pos": 0}, {"$id": 48, "sounds": [{"d": 0.0574989319, "p": 52, "v": 45}], "pos": -1.0, "size": 1.30000007, "_time": 32.9375}, {"$id": 49, "sounds": [{"d": 0.5791664, "p": 62, "v": 90}], "pos": 1.0, "size": 1.0, "_time": 33.046875}, {"$id": 50, "sounds": [{"d": 0.109165192, "p": 55, "v": 53}], "size": 1.30000007, "_time": 33.1484375, "pos": 0}, {"$id": 51, "sounds": [{"d": 0.0491676331, "p": 52, "v": 42}], "pos": -1.0, "size": 1.30000007, "_time": 33.328125}, {"$id": 52, "sounds": [{"d": 0.08416748, "p": 45, "v": 75}], "pos": -2.0, "size": 1.30000007, "_time": 33.515625}, {"$id": 53, "sounds": [{"d": 1.25249863, "p": 64, "v": 93}], "pos": 2.0, "size": 1.0, "_time": 33.5703125}, {"$id": 54, "sounds": [{"d": 0.0699996948, "p": 55, "v": 70}], "size": 1.30000007, "_time": 33.98828, "pos": 0}, {"$id": 55, "sounds": [{"d": 0.04666519, "p": 55, "v": 65}], "size": 1.30000007, "_time": 34.390625, "pos": 0}, {"$id": 56, "sounds": [{"d": 1.20833588, "p": 65, "v": 98}], "pos": 2.0, "size": 1.0, "_time": 34.796875}, {"$id": 57, "sounds": [{"d": 0.0741653442, "p": 45, "v": 73}], "pos": -2.0, "size": 1.30000007, "_time": 34.82422}, {"$id": 58, "sounds": [{"d": 0.0941658, "p": 55, "v": 72}], "size": 1.30000007, "_time": 35.1875, "pos": 0}, {"$id": 59, "sounds": [{"d": 0.0499992371, "p": 45, "v": 52}], "pos": -1.0, "size": 1.30000007, "_time": 35.3710938}, {"$id": 60, "sounds": [{"d": 0.0458335876, "p": 55, "v": 42}], "size": 1.30000007, "_time": 35.58203, "pos": 0}, {"$id": 61, "sounds": [{"d": 0.06833267, "p": 45, "v": 50}], "pos": -1.0, "size": 1.30000007, "_time": 35.6953125}, {"$id": 62, "sounds": [{"d": 2.42167282, "p": 67, "v": 100}], "pos": 1.5, "size": 1.0, "_time": 35.9648438}, {"$id": 63, "sounds": [{"d": 0.168334961, "p": 41, "v": 80}], "pos": -2.0, "size": 1.30000007, "_time": 36.01172}, {"$id": 64, "sounds": [{"d": 0.06750107, "p": 53, "v": 77}], "size": 1.30000007, "_time": 36.375, "pos": 0}, {"$id": 65, "sounds": [{"d": 0.06916809, "p": 53, "v": 77}], "size": 1.30000007, "_time": 36.7851563, "pos": 0}, {"$id": 66, "sounds": [{"d": 0.0741653442, "p": 41, "v": 77}], "pos": -2.0, "size": 1.30000007, "_time": 37.1796875}, {"$id": 67, "sounds": [{"d": 0.0741653442, "p": 53, "v": 77}], "size": 1.30000007, "_time": 37.5859375, "pos": 0}, {"$id": 68, "sounds": [{"d": 0.0808334351, "p": 41, "v": 57}], "pos": -2.0, "size": 1.30000007, "_time": 37.7734375}, {"$id": 69, "sounds": [{"d": 0.0608329773, "p": 53, "v": 74}], "size": 1.30000007, "_time": 37.95703, "pos": 0}, {"$id": 70, "sounds": [{"d": 0.05250168, "p": 41, "v": 68}], "pos": -2.0, "size": 1.30000007, "_time": 38.1601563}, {"$id": 71, "sounds": [{"d": 1.27249527, "p": 72, "v": 92}], "pos": 1.0, "size": 1.0, "_time": 38.3476563}, {"$id": 72, "sounds": [{"d": 0.0983352661, "p": 41, "v": 84}], "pos": -2.0, "size": 1.30000007, "_time": 38.375}, {"$id": 73, "sounds": [{"d": 0.07083511, "p": 53, "v": 98}], "size": 1.30000007, "_time": 38.78125, "pos": 0}, {"$id": 74, "sounds": [{"d": 0.04750061, "p": 41, "v": 44}], "pos": -2.0, "size": 1.30000007, "_time": 38.9726563}, {"$id": 75, "sounds": [{"d": 0.0691642761, "p": 53, "v": 78}], "size": 1.30000007, "_time": 39.1484375, "pos": 0}, {"$id": 76, "sounds": [{"d": 1.19833374, "p": 74, "v": 100}], "pos": 1.0, "size": 1.0, "_time": 39.5664063}, {"$id": 77, "sounds": [{"d": 0.09916687, "p": 41, "v": 86}], "pos": -2.0, "size": 1.30000007, "_time": 39.59375}, {"$id": 78, "sounds": [{"d": 0.117500305, "p": 53, "v": 102}], "size": 1.30000007, "_time": 39.9726563, "pos": 0}, {"$id": 79, "sounds": [{"d": 0.09000015, "p": 52, "v": 78}], "pos": -1.0, "size": 1.30000007, "_time": 40.1484375}, {"$id": 80, "sounds": [{"d": 0.0849990845, "p": 53, "v": 98}], "size": 1.30000007, "_time": 40.3398438, "pos": 0}, {"$id": 81, "sounds": [{"d": 4.79583359, "p": 76, "v": 102}], "pos": 2.0, "size": 1.0, "_time": 40.80078}, {"$id": 82, "sounds": [{"d": 0.139167786, "p": 41, "v": 75}], "pos": -2.0, "size": 1.30000007, "_time": 40.80078}, {"$id": 83, "sounds": [{"d": 0.0741653442, "p": 64, "v": 78}, {"d": 0.06833267, "p": 57, "v": 69}, {"d": 0.0991630554, "p": 53, "v": 68}], "size": 1.30000007, "_time": 41.19922, "pos": 0}, {"$id": 84, "sounds": [{"d": 8.737499, "p": 74, "v": 21}], "pos": 2.0, "size": 1.0, "_time": 41.2773438}, {"$id": 85, "sounds": [{"d": 0.09500122, "p": 57, "v": 41}], "pos": -1.0, "size": 1.30000007, "_time": 41.3984375}, {"$id": 86, "sounds": [{"d": 0.09000015, "p": 67, "v": 86}, {"d": 0.08666611, "p": 57, "v": 49}, {"d": 0.123332977, "p": 53, "v": 78}], "pos": 1.0, "size": 1.30000007, "_time": 41.6015625}, {"$id": 87, "sounds": [{"d": 0.09916687, "p": 57, "v": 48}], "pos": -1.0, "size": 1.30000007, "_time": 41.80078}, {"$id": 88, "sounds": [{"d": 0.14666748, "p": 41, "v": 90}], "pos": -2.0, "size": 1.30000007, "_time": 42.0}, {"$id": 89, "sounds": [{"d": 0.0566673279, "p": 64, "v": 78}, {"d": 0.07416916, "p": 57, "v": 73}, {"d": 0.110836029, "p": 53, "v": 80}], "size": 1.30000007, "_time": 42.3984375, "pos": 0}, {"$id": 90, "sounds": [{"d": 0.09833145, "p": 57, "v": 48}], "pos": -1.0, "size": 1.30000007, "_time": 42.6015625}, {"$id": 91, "sounds": [{"d": 0.08666611, "p": 67, "v": 84}, {"d": 0.09083176, "p": 57, "v": 62}, {"d": 0.125, "p": 53, "v": 77}], "pos": 1.0, "size": 1.30000007, "_time": 42.80078}, {"$id": 92, "sounds": [{"d": 0.09249878, "p": 57, "v": 50}], "pos": -1.0, "size": 1.30000007, "_time": 43.0}, {"$id": 93, "sounds": [{"d": 0.147499084, "p": 41, "v": 88}], "pos": -2.0, "size": 1.30000007, "_time": 43.19922}, {"$id": 94, "sounds": [{"d": 0.0816688538, "p": 64, "v": 82}, {"d": 0.07833481, "p": 57, "v": 77}, {"d": 0.111667633, "p": 53, "v": 84}], "size": 1.30000007, "_time": 43.6015625, "pos": 0}, {"$id": 95, "sounds": [{"d": 0.106666565, "p": 57, "v": 46}], "pos": -1.0, "size": 1.30000007, "_time": 43.80078}, {"$id": 96, "sounds": [{"d": 0.0999984741, "p": 67, "v": 82}, {"d": 0.09083176, "p": 57, "v": 59}, {"d": 0.11416626, "p": 53, "v": 77}], "pos": 1.0, "size": 1.30000007, "_time": 44.0}, {"$id": 97, "sounds": [{"d": 0.104167938, "p": 57, "v": 56}], "pos": -1.0, "size": 1.30000007, "_time": 44.19922}, {"$id": 98, "sounds": [{"d": 0.182498932, "p": 41, "v": 68}], "pos": -2.0, "size": 1.30000007, "_time": 44.3984375}, {"$id": 99, "sounds": [{"d": 0.08666611, "p": 64, "v": 80}, {"d": 0.08166504, "p": 57, "v": 69}, {"d": 0.134166718, "p": 53, "v": 78}], "size": 1.30000007, "_time": 44.80078, "pos": 0}, {"$id": 100, "sounds": [{"d": 0.100833893, "p": 57, "v": 40}], "pos": -1.0, "size": 1.30000007, "_time": 45.0}, {"$id": 101, "sounds": [{"d": 0.113334656, "p": 67, "v": 84}, {"d": 0.0849990845, "p": 57, "v": 59}, {"d": 0.111667633, "p": 53, "v": 82}], "pos": 1.0, "size": 1.30000007, "_time": 45.19922}, {"$id": 102, "sounds": [{"d": 0.119998932, "p": 57, "v": 41}], "pos": -1.0, "size": 1.30000007, "_time": 45.3984375}, {"$id": 103, "sounds": [{"d": 0.191665649, "p": 40, "v": 86}], "pos": -2.0, "size": 1.30000007, "_time": 45.6015625}, {"$id": 104, "sounds": [{"d": 0.09083176, "p": 62, "v": 70}, {"d": 0.0574989319, "p": 55, "v": 65}, {"d": 0.11416626, "p": 52, "v": 77}], "size": 1.30000007, "_time": 46.0, "pos": 0}, {"$id": 105, "sounds": [{"d": 0.09083176, "p": 55, "v": 49}], "pos": -1.0, "size": 1.30000007, "_time": 46.19922}, {"$id": 106, "sounds": [{"d": 0.09333038, "p": 67, "v": 78}, {"d": 0.09249878, "p": 55, "v": 56}, {"d": 0.109165192, "p": 52, "v": 80}], "pos": 1.0, "size": 1.30000007, "_time": 46.3984375}, {"$id": 107, "sounds": [{"d": 0.11000061, "p": 55, "v": 49}], "pos": -1.0, "size": 1.30000007, "_time": 46.6015625}, {"$id": 108, "sounds": [{"d": 0.139167786, "p": 40, "v": 88}], "pos": -2.0, "size": 1.30000007, "_time": 46.80078}, {"$id": 109, "sounds": [{"d": 0.0808334351, "p": 62, "v": 72}, {"d": 0.07249832, "p": 55, "v": 69}, {"d": 0.0999984741, "p": 52, "v": 77}], "size": 1.30000007, "_time": 47.19922, "pos": 0}, {"$id": 110, "sounds": [{"d": 0.11000061, "p": 55, "v": 48}], "pos": -1.0, "size": 1.30000007, "_time": 47.3984375}, {"$id": 111, "sounds": [{"d": 0.09833145, "p": 55, "v": 52}, {"d": 0.07583237, "p": 67, "v": 59}, {"d": 0.115833282, "p": 52, "v": 82}], "pos": 1.0, "size": 1.30000007, "_time": 47.6015625}, {"$id": 112, "sounds": [{"d": 0.127498627, "p": 55, "v": 48}], "pos": -1.0, "size": 1.30000007, "_time": 47.80078}, {"$id": 113, "sounds": [{"d": 0.13583374, "p": 40, "v": 86}], "pos": -2.0, "size": 1.30000007, "_time": 48.0}, {"$id": 114, "sounds": [{"d": 0.07083511, "p": 62, "v": 70}, {"d": 0.09666824, "p": 52, "v": 72}, {"d": 0.0566673279, "p": 55, "v": 56}], "size": 1.30000007, "_time": 48.3984375, "pos": 0}, {"$id": 115, "sounds": [{"d": 0.0941658, "p": 55, "v": 49}], "pos": -1.0, "size": 1.30000007, "_time": 48.6015625}, {"$id": 116, "sounds": [{"d": 0.08666992, "p": 67, "v": 77}, {"d": 0.10667038, "p": 52, "v": 80}, {"d": 0.08000183, "p": 55, "v": 59}], "pos": 1.0, "size": 1.30000007, "_time": 48.80078}, {"$id": 117, "sounds": [{"d": 0.118331909, "p": 55, "v": 48}], "pos": -1.0, "size": 1.30000007, "_time": 49.0}, {"$id": 118, "sounds": [{"d": 0.17250061, "p": 40, "v": 80}], "pos": -2.0, "size": 1.30000007, "_time": 49.19922}, {"$id": 119, "sounds": [{"d": 0.0850029, "p": 62, "v": 69}, {"d": 0.0766677856, "p": 55, "v": 68}, {"d": 0.09666824, "p": 52, "v": 77}], "size": 1.30000007, "_time": 49.6015625, "pos": 0}, {"$id": 120, "sounds": [{"d": 0.110832214, "p": 55, "v": 54}], "pos": -1.0, "size": 1.30000007, "_time": 49.80078}, {"$id": 121, "sounds": [{"d": 0.0999984741, "p": 67, "v": 77}, {"d": 0.07166672, "p": 55, "v": 53}, {"d": 0.1016655, "p": 52, "v": 82}], "size": 1.30000007, "_time": 50.0, "pos": 0}, {"$id": 122, "sounds": [{"d": 0.457492828, "p": 72, "v": 109}], "pos": 1.0, "size": 1.0, "_time": 50.0039063}, {"$id": 123, "sounds": [{"d": 0.107498169, "p": 55, "v": 44}], "pos": -1.0, "size": 1.30000007, "_time": 50.19922}, {"$id": 124, "sounds": [{"d": 0.259166718, "p": 41, "v": 86}], "pos": -2.0, "size": 1.30000007, "_time": 50.3984375}, {"$id": 125, "sounds": [{"d": 4.76332855, "p": 76, "v": 88}], "pos": 2.0, "size": 1.0, "_time": 50.41797}, {"$id": 126, "sounds": [{"d": 0.07500076, "p": 64, "v": 80}, {"d": 0.0591659546, "p": 57, "v": 63}, {"d": 0.100002289, "p": 53, "v": 74}], "size": 1.30000007, "_time": 50.80078, "pos": 0}, {"$id": 127, "sounds": [{"d": 0.07583237, "p": 57, "v": 46}], "pos": -1.0, "size": 1.30000007, "_time": 51.0}, {"$id": 128, "sounds": [{"d": 0.08749771, "p": 67, "v": 82}, {"d": 0.08666611, "p": 57, "v": 56}, {"d": 0.109165192, "p": 53, "v": 77}], "pos": 1.0, "size": 1.30000007, "_time": 51.19922}, {"$id": 129, "sounds": [{"d": 0.0849990845, "p": 57, "v": 56}], "pos": -1.0, "size": 1.30000007, "_time": 51.3984375}, {"$id": 130, "sounds": [{"d": 0.158332825, "p": 41, "v": 90}], "pos": -2.0, "size": 1.30000007, "_time": 51.6015625}, {"$id": 131, "sounds": [{"d": 0.06666565, "p": 64, "v": 82}, {"d": 0.06666565, "p": 57, "v": 75}, {"d": 0.09749985, "p": 53, "v": 72}], "size": 1.30000007, "_time": 52.0, "pos": 0}, {"$id": 132, "sounds": [{"d": 0.0941658, "p": 57, "v": 54}], "pos": -1.0, "size": 1.30000007, "_time": 52.19922}, {"$id": 133, "sounds": [{"d": 0.0941658, "p": 67, "v": 82}, {"d": 0.100833893, "p": 57, "v": 63}, {"d": 0.11000061, "p": 53, "v": 74}], "pos": 1.0, "size": 1.30000007, "_time": 52.3984375}, {"$id": 134, "sounds": [{"d": 0.09083176, "p": 57, "v": 54}], "pos": -1.0, "size": 1.30000007, "_time": 52.6015625}, {"$id": 135, "sounds": [{"d": 0.167499542, "p": 41, "v": 88}], "pos": -2.0, "size": 1.30000007, "_time": 52.80078}, {"$id": 136, "sounds": [{"d": 0.0658340454, "p": 64, "v": 74}, {"d": 0.07166672, "p": 57, "v": 69}, {"d": 0.106666565, "p": 53, "v": 77}], "size": 1.30000007, "_time": 53.19922, "pos": 0}, {"$id": 137, "sounds": [{"d": 0.08416748, "p": 57, "v": 52}], "pos": -1.0, "size": 1.30000007, "_time": 53.3984375}, {"$id": 138, "sounds": [{"d": 0.08250046, "p": 67, "v": 86}, {"d": 0.0625, "p": 57, "v": 46}, {"d": 0.1324997, "p": 53, "v": 68}], "pos": 1.0, "size": 1.30000007, "_time": 53.6015625}, {"$id": 139, "sounds": [{"d": 0.10333252, "p": 57, "v": 66}], "pos": -1.0, "size": 1.30000007, "_time": 53.80078}, {"$id": 140, "sounds": [{"d": 0.174167633, "p": 41, "v": 84}], "pos": -2.0, "size": 1.30000007, "_time": 54.0}, {"$id": 141, "sounds": [{"d": 0.09083176, "p": 64, "v": 86}, {"d": 0.07249832, "p": 57, "v": 77}, {"d": 0.127498627, "p": 53, "v": 65}], "size": 1.30000007, "_time": 54.3984375, "pos": 0}, {"$id": 142, "sounds": [{"d": 0.0958328247, "p": 57, "v": 49}], "pos": -1.0, "size": 1.30000007, "_time": 54.6015625}, {"$id": 143, "sounds": [{"d": 0.11000061, "p": 67, "v": 80}, {"d": 0.0658340454, "p": 57, "v": 54}, {"d": 0.11000061, "p": 53, "v": 77}], "pos": 1.0, "size": 1.30000007, "_time": 54.80078}, {"$id": 144, "sounds": [{"d": 0.104167938, "p": 57, "v": 70}], "pos": -1.0, "size": 1.30000007, "_time": 55.0}, {"$id": 145, "sounds": [{"d": 2.81917572, "p": 74, "v": 98}], "pos": 1.0, "size": 1.0, "_time": 55.14453}, {"$id": 146, "sounds": [{"d": 0.2574997, "p": 40, "v": 84}], "pos": -2.0, "size": 1.30000007, "_time": 55.19922}, {"$id": 147, "sounds": [{"d": 0.0849990845, "p": 62, "v": 82}, {"d": 0.0741653442, "p": 55, "v": 82}, {"d": 0.115833282, "p": 52, "v": 86}], "size": 1.30000007, "_time": 55.6015625, "pos": 0}, {"$id": 148, "sounds": [{"d": 0.10333252, "p": 55, "v": 49}], "pos": -1.0, "size": 1.30000007, "_time": 55.80078}, {"$id": 149, "sounds": [{"d": 0.094997406, "p": 67, "v": 80}, {"d": 0.08333206, "p": 55, "v": 63}, {"d": 0.114162445, "p": 52, "v": 84}], "pos": 1.0, "size": 1.30000007, "_time": 56.0}, {"$id": 150, "sounds": [{"d": 0.106666565, "p": 55, "v": 49}], "pos": -1.0, "size": 1.30000007, "_time": 56.19922}, {"$id": 151, "sounds": [{"d": 0.205001831, "p": 40, "v": 95}], "pos": -2.0, "size": 1.30000007, "_time": 56.3984375}, {"$id": 152, "sounds": [{"d": 0.092502594, "p": 62, "v": 73}, {"d": 0.07083511, "p": 55, "v": 65}, {"d": 0.119171143, "p": 52, "v": 84}], "size": 1.30000007, "_time": 56.80078, "pos": 0}, {"$id": 153, "sounds": [{"d": 0.09000015, "p": 55, "v": 66}], "pos": -1.0, "size": 1.30000007, "_time": 57.0}, {"$id": 154, "sounds": [{"d": 0.09749985, "p": 67, "v": 78}, {"d": 0.07500076, "p": 55, "v": 60}, {"d": 0.100833893, "p": 52, "v": 84}], "pos": 1.0, "size": 1.30000007, "_time": 57.19922}, {"$id": 155, "sounds": [{"d": 0.102500916, "p": 55, "v": 44}], "pos": -1.0, "size": 1.30000007, "_time": 57.3984375}, {"$id": 156, "sounds": [{"d": 0.13999939, "p": 40, "v": 93}], "pos": -2.0, "size": 1.30000007, "_time": 57.6015625}, {"$id": 157, "sounds": [{"d": 0.458328247, "p": 67, "v": 98}], "pos": 1.0, "size": 1.0, "_time": 57.9296875}, {"$id": 158, "sounds": [{"d": 0.0741653442, "p": 55, "v": 70}, {"d": 0.0741653442, "p": 62, "v": 72}, {"d": 0.104164124, "p": 52, "v": 82}], "size": 1.30000007, "_time": 58.0, "pos": 0}, {"$id": 159, "sounds": [{"d": 0.134998322, "p": 55, "v": 60}], "pos": -1.0, "size": 1.30000007, "_time": 58.19922}, {"$id": 160, "sounds": [{"d": 0.45249176, "p": 71, "v": 102}], "pos": 2.0, "size": 1.0, "_time": 58.3515625}, {"$id": 161, "sounds": [{"d": 0.107498169, "p": 67, "v": 78}, {"d": 0.04666519, "p": 55, "v": 42}], "size": 1.30000007, "_time": 58.3984375, "pos": 0}, {"$id": 162, "sounds": [{"d": 0.10333252, "p": 55, "v": 54}], "pos": -1.0, "size": 1.30000007, "_time": 58.6015625}, {"$id": 163, "sounds": [{"d": 0.3916626, "p": 72, "v": 100}], "pos": 1.0, "size": 1.0, "_time": 58.76172}, {"$id": 164, "sounds": [{"d": 0.177497864, "p": 40, "v": 95}], "pos": -2.0, "size": 1.30000007, "_time": 58.80078}, {"$id": 165, "sounds": [{"d": 0.4533348, "p": 74, "v": 104}], "size": 1.0, "_time": 59.1523438, "pos": 0}, {"$id": 166, "sounds": [{"d": 0.08833313, "p": 62, "v": 82}, {"d": 0.06916809, "p": 55, "v": 70}, {"d": 0.104167938, "p": 52, "v": 82}], "pos": -1.0, "size": 1.30000007, "_time": 59.19922}, {"$id": 167, "sounds": [{"d": 0.117500305, "p": 55, "v": 56}], "pos": -1.0, "size": 1.30000007, "_time": 59.3984375}, {"$id": 168, "sounds": [{"d": 0.442497253, "p": 76, "v": 102}], "pos": 1.0, "size": 1.0, "_time": 59.5585938}, {"$id": 169, "sounds": [{"d": 0.09833145, "p": 67, "v": 80}, {"d": 0.09083176, "p": 55, "v": 77}, {"d": 0.107498169, "p": 52, "v": 90}], "size": 1.30000007, "_time": 59.6015625, "pos": 0}, {"$id": 170, "sounds": [{"d": 0.205833435, "p": 55, "v": 43}], "pos": -1.0, "size": 1.30000007, "_time": 59.80078}, {"$id": 171, "sounds": [{"d": 3.651661, "p": 79, "v": 86}], "pos": 2.0, "size": 1.0, "_time": 59.96875}, {"$id": 172, "sounds": [{"d": 0.2966652, "p": 38, "v": 100}], "pos": -2.0, "size": 1.30000007, "_time": 60.0}, {"$id": 173, "sounds": [{"d": 0.104164124, "p": 50, "v": 86}], "pos": -1.0, "size": 1.30000007, "_time": 60.3984375}, {"$id": 174, "sounds": [{"d": 0.0841636658, "p": 60, "v": 77}, {"d": 0.06499863, "p": 53, "v": 80}], "pos": 1.0, "size": 1.30000007, "_time": 60.3984375}, {"$id": 175, "sounds": [{"d": 0.0958328247, "p": 53, "v": 59}], "size": 1.30000007, "_time": 60.6015625, "pos": 0}, {"$id": 176, "sounds": [{"d": 0.08250046, "p": 60, "v": 70}, {"d": 0.07583237, "p": 53, "v": 48}], "pos": 1.0, "size": 1.30000007, "_time": 60.80078}, {"$id": 177, "sounds": [{"d": 0.1016655, "p": 53, "v": 53}], "size": 1.30000007, "_time": 61.0, "pos": 0}, {"$id": 178, "sounds": [{"d": 0.217498779, "p": 38, "v": 98}], "pos": -2.0, "size": 1.30000007, "_time": 61.19922}, {"$id": 179, "sounds": [{"d": 0.09000015, "p": 60, "v": 70}, {"d": 0.07916641, "p": 53, "v": 74}], "pos": 1.0, "size": 1.30000007, "_time": 61.6015625}, {"$id": 180, "sounds": [{"d": 0.08333206, "p": 50, "v": 84}], "pos": -1.0, "size": 1.30000007, "_time": 61.6015625}, {"$id": 181, "sounds": [{"d": 0.0875015259, "p": 53, "v": 47}], "size": 1.30000007, "_time": 61.80078, "pos": 0}, {"$id": 182, "sounds": [{"d": 0.101669312, "p": 50, "v": 88}], "pos": -1.0, "size": 1.30000007, "_time": 62.0}, {"$id": 183, "sounds": [{"d": 0.0766677856, "p": 60, "v": 77}, {"d": 0.0875015259, "p": 53, "v": 49}], "pos": 1.0, "size": 1.30000007, "_time": 62.0}, {"$id": 184, "sounds": [{"d": 0.104999542, "p": 53, "v": 53}], "size": 1.30000007, "_time": 62.19922, "pos": 0}, {"$id": 185, "sounds": [{"d": 0.126667023, "p": 38, "v": 95}], "pos": -2.0, "size": 1.30000007, "_time": 62.3984375}, {"$id": 186, "sounds": [{"d": 0.0849990845, "p": 53, "v": 56}], "size": 1.30000007, "_time": 62.6015625, "pos": 0}, {"$id": 187, "sounds": [{"d": 0.0808334351, "p": 60, "v": 69}, {"d": 0.0766677856, "p": 53, "v": 49}], "pos": 1.0, "size": 1.30000007, "_time": 62.80078}, {"$id": 188, "sounds": [{"d": 0.0808334351, "p": 50, "v": 82}], "pos": -1.0, "size": 1.30000007, "_time": 62.80078}, {"$id": 189, "sounds": [{"d": 0.0933342, "p": 53, "v": 48}], "size": 1.30000007, "_time": 63.0, "pos": 0}, {"$id": 190, "sounds": [{"d": 0.123332977, "p": 50, "v": 86}], "pos": -1.0, "size": 1.30000007, "_time": 63.19922}, {"$id": 191, "sounds": [{"d": 0.08416748, "p": 60, "v": 74}, {"d": 0.07916641, "p": 53, "v": 68}], "pos": 1.0, "size": 1.30000007, "_time": 63.19922}, {"$id": 192, "sounds": [{"d": 0.0491676331, "p": 60, "v": 34}, {"d": 0.105834961, "p": 53, "v": 54}], "pos": 1.0, "size": 1.30000007, "_time": 63.3984375}, {"$id": 193, "sounds": [{"d": 0.824993134, "p": 77, "v": 93}], "pos": 2.0, "size": 1.0, "_time": 63.5703125}, {"$id": 194, "sounds": [{"d": 0.11416626, "p": 38, "v": 98}], "pos": -2.0, "size": 1.30000007, "_time": 63.6015625}, {"$id": 195, "sounds": [{"d": 0.0858345, "p": 53, "v": 73}], "size": 1.30000007, "_time": 63.80078, "pos": 0}, {"$id": 196, "sounds": [{"d": 0.09166336, "p": 50, "v": 95}], "pos": -1.0, "size": 1.30000007, "_time": 64.0}, {"$id": 197, "sounds": [{"d": 0.08250046, "p": 60, "v": 73}, {"d": 0.07500076, "p": 53, "v": 54}], "pos": 1.0, "size": 1.30000007, "_time": 64.0}, {"$id": 198, "sounds": [{"d": 0.08416748, "p": 53, "v": 45}], "size": 1.30000007, "_time": 64.19922, "pos": 0}, {"$id": 199, "sounds": [{"d": 0.439987183, "p": 76, "v": 106}], "pos": 2.0, "size": 1.0, "_time": 64.36719}, {"$id": 200, "sounds": [{"d": 0.117492676, "p": 50, "v": 100}, {"d": 0.0799942, "p": 60, "v": 82}, {"d": 0.0708313, "p": 53, "v": 57}], "pos": -1.0, "size": 1.30000007, "_time": 64.39844}, {"$id": 201, "sounds": [{"d": 0.111663818, "p": 53, "v": 63}], "size": 1.30000007, "_time": 64.60156, "pos": 0}, {"$id": 202, "sounds": [{"d": 7.2491684, "p": 67, "v": 95}], "pos": 1.0, "size": 1.30000007, "_time": 64.78516}, {"$id": 203, "sounds": [{"d": 0.16166687, "p": 43, "v": 98}], "pos": -2.0, "size": 1.30000007, "_time": 64.80078}, {"$id": 204, "sounds": [{"d": 0.06500244, "p": 53, "v": 72}], "size": 1.30000007, "_time": 65.0, "pos": 0}, {"$id": 205, "sounds": [{"d": 0.0849990845, "p": 50, "v": 86}], "pos": -1.0, "size": 1.30000007, "_time": 65.19922}, {"$id": 206, "sounds": [{"d": 0.07833099, "p": 60, "v": 65}, {"d": 0.0708313, "p": 53, "v": 47}], "pos": 1.0, "size": 1.30000007, "_time": 65.19922}, {"$id": 207, "sounds": [{"d": 0.06749725, "p": 53, "v": 57}], "size": 1.30000007, "_time": 65.39844, "pos": 0}, {"$id": 208, "sounds": [{"d": 0.06666565, "p": 50, "v": 90}], "pos": -1.0, "size": 1.30000007, "_time": 65.60156}, {"$id": 209, "sounds": [{"d": 0.0791626, "p": 60, "v": 74}, {"d": 0.08415985, "p": 53, "v": 68}], "pos": 1.0, "size": 1.30000007, "_time": 65.60156}, {"$id": 210, "sounds": [{"d": 0.09416962, "p": 53, "v": 48}], "size": 1.30000007, "_time": 65.80078, "pos": 0}, {"$id": 211, "sounds": [{"d": 0.123329163, "p": 43, "v": 100}], "pos": -1.0, "size": 1.30000007, "_time": 66.0}, {"$id": 212, "sounds": [{"d": 0.0849990845, "p": 53, "v": 66}], "size": 1.30000007, "_time": 66.0, "pos": 0}, {"$id": 213, "sounds": [{"d": 0.08000183, "p": 53, "v": 60}], "size": 1.30000007, "_time": 66.19922, "pos": 0}, {"$id": 214, "sounds": [{"d": 0.08250427, "p": 60, "v": 74}, {"d": 0.0766677856, "p": 53, "v": 62}], "pos": 1.0, "size": 1.30000007, "_time": 66.39844}, {"$id": 215, "sounds": [{"d": 0.0741653442, "p": 50, "v": 88}], "pos": -1.0, "size": 1.30000007, "_time": 66.39844}, {"$id": 216, "sounds": [{"d": 0.09416962, "p": 53, "v": 51}], "size": 1.30000007, "_time": 66.60156, "pos": 0}, {"$id": 217, "sounds": [{"d": 0.0883255, "p": 60, "v": 80}, {"d": 0.07749939, "p": 53, "v": 63}], "pos": 1.0, "size": 1.30000007, "_time": 66.80078}, {"$id": 218, "sounds": [{"d": 0.0791626, "p": 50, "v": 93}], "pos": -1.0, "size": 1.30000007, "_time": 66.80078}, {"$id": 219, "sounds": [{"d": 0.09083557, "p": 53, "v": 72}], "size": 1.30000007, "_time": 67.0, "pos": 0}, {"$id": 220, "sounds": [{"d": 2.429161, "p": 74, "v": 104}], "pos": 2.0, "size": 1.0, "_time": 67.171875}, {"$id": 221, "sounds": [{"d": 0.245826721, "p": 43, "v": 98}, {"d": 0.0916671753, "p": 53, "v": 68}], "pos": -2.0, "size": 1.30000007, "_time": 67.19922}, {"$id": 222, "sounds": [{"d": 0.065826416, "p": 53, "v": 47}], "size": 1.30000007, "_time": 67.39844, "pos": 0}, {"$id": 223, "sounds": [{"d": 0.09083557, "p": 62, "v": 73}, {"d": 0.0766677856, "p": 55, "v": 80}], "pos": 1.0, "size": 1.30000007, "_time": 67.60156}, {"$id": 224, "sounds": [{"d": 0.08666992, "p": 50, "v": 86}], "pos": -1.0, "size": 1.30000007, "_time": 67.60156}, {"$id": 225, "sounds": [{"d": 0.09666443, "p": 55, "v": 49}], "size": 1.30000007, "_time": 67.80078, "pos": 0}, {"$id": 226, "sounds": [{"d": 0.08000183, "p": 62, "v": 82}, {"d": 0.08250427, "p": 55, "v": 62}], "pos": 1.0, "size": 1.30000007, "_time": 68.0}, {"$id": 227, "sounds": [{"d": 0.0875015259, "p": 50, "v": 98}], "pos": -1.0, "size": 1.30000007, "_time": 68.0}, {"$id": 228, "sounds": [{"d": 0.0575027466, "p": 62, "v": 44}, {"d": 0.09333801, "p": 55, "v": 65}], "pos": 1.0, "size": 1.30000007, "_time": 68.19922}, {"$id": 229, "sounds": [{"d": 0.127502441, "p": 43, "v": 90}, {"d": 0.120002747, "p": 55, "v": 88}], "pos": -2.0, "size": 1.30000007, "_time": 68.39844}, {"$id": 230, "sounds": [{"d": 0.128334045, "p": 59, "v": 38}], "size": 1.30000007, "_time": 68.60156, "pos": 0}, {"$id": 231, "sounds": [{"d": 0.118331909, "p": 62, "v": 75}], "pos": 1.0, "size": 1.30000007, "_time": 68.80078}, {"$id": 232, "sounds": [{"d": 0.061668396, "p": 59, "v": 65}], "size": 1.30000007, "_time": 69.0, "pos": 0}, {"$id": 233, "sounds": [{"d": 0.109169006, "p": 62, "v": 90}], "pos": 1.0, "size": 1.30000007, "_time": 69.19922}, {"$id": 234, "sounds": [{"d": 0.123336792, "p": 55, "v": 82}], "pos": -1.0, "size": 1.30000007, "_time": 69.19922}, {"$id": 235, "sounds": [{"d": 0.144996643, "p": 59, "v": 65}], "size": 1.30000007, "_time": 69.39844, "pos": 0}, {"$id": 236, "sounds": [{"d": 1.1783371, "p": 71, "v": 82}], "pos": 1.0, "size": 1.0, "_time": 69.57031}, {"$id": 237, "sounds": [{"d": 0.278327942, "p": 43, "v": 86}], "pos": -2.0, "size": 1.30000007, "_time": 69.60156}, {"$id": 238, "sounds": [{"d": 0.06749725, "p": 59, "v": 47}], "size": 1.30000007, "_time": 69.80078, "pos": 0}, {"$id": 239, "sounds": [{"d": 0.09083557, "p": 55, "v": 68}], "pos": -1.0, "size": 1.30000007, "_time": 70.0}, {"$id": 240, "sounds": [{"d": 0.111671448, "p": 62, "v": 82}], "pos": 1.0, "size": 1.30000007, "_time": 70.0}, {"$id": 241, "sounds": [{"d": 0.09916687, "p": 59, "v": 70}], "size": 1.30000007, "_time": 70.19922, "pos": 0}, {"$id": 242, "sounds": [{"d": 0.0958328247, "p": 55, "v": 90}], "pos": -1.0, "size": 1.30000007, "_time": 70.39844}, {"$id": 243, "sounds": [{"d": 0.113334656, "p": 62, "v": 100}], "pos": 1.0, "size": 1.30000007, "_time": 70.39844}, {"$id": 244, "sounds": [{"d": 0.13999939, "p": 59, "v": 78}], "size": 1.30000007, "_time": 70.60156, "pos": 0}, {"$id": 245, "sounds": [{"d": 3.686676, "p": 72, "v": 98}], "pos": 2.0, "size": 1.0, "_time": 70.72656}, {"$id": 246, "sounds": [{"d": 0.190002441, "p": 43, "v": 82}], "pos": -2.0, "size": 1.30000007, "_time": 70.80078}, {"$id": 247, "sounds": [{"d": 0.101669312, "p": 59, "v": 73}], "size": 1.30000007, "_time": 71.0, "pos": 0}, {"$id": 248, "sounds": [{"d": 0.104995728, "p": 55, "v": 93}], "pos": -1.0, "size": 1.30000007, "_time": 71.19922}, {"$id": 249, "sounds": [{"d": 0.119995117, "p": 62, "v": 90}], "pos": 1.0, "size": 1.30000007, "_time": 71.19922}, {"$id": 250, "sounds": [{"d": 0.102500916, "p": 59, "v": 69}], "size": 1.30000007, "_time": 71.39844, "pos": 0}, {"$id": 251, "sounds": [{"d": 0.11000061, "p": 62, "v": 100}], "pos": 1.0, "size": 1.30000007, "_time": 71.60156}, {"$id": 252, "sounds": [{"d": 0.112503052, "p": 55, "v": 100}], "pos": -1.0, "size": 1.30000007, "_time": 71.60156}, {"$id": 253, "sounds": [{"d": 0.15083313, "p": 59, "v": 86}], "size": 1.30000007, "_time": 71.80078, "pos": 0}, {"$id": 254, "sounds": [{"d": 2.578331, "p": 79, "v": 100}], "pos": 2.0, "size": 1.0, "_time": 71.92969}, {"$id": 255, "sounds": [{"d": 0.159164429, "p": 43, "v": 100}], "pos": -2.0, "size": 1.30000007, "_time": 72.0}, {"$id": 256, "sounds": [{"d": 0.09666443, "p": 59, "v": 54}], "size": 1.30000007, "_time": 72.19922, "pos": 0}, {"$id": 257, "sounds": [{"d": 0.1166687, "p": 62, "v": 90}], "pos": 1.0, "size": 1.30000007, "_time": 72.39844}, {"$id": 258, "sounds": [{"d": 0.126670837, "p": 55, "v": 98}], "pos": -1.0, "size": 1.30000007, "_time": 72.39844}, {"$id": 259, "sounds": [{"d": 0.09832764, "p": 59, "v": 57}], "size": 1.30000007, "_time": 72.60156, "pos": 0}, {"$id": 260, "sounds": [{"d": 0.112503052, "p": 62, "v": 102}], "pos": 1.0, "size": 1.30000007, "_time": 72.80078}, {"$id": 261, "sounds": [{"d": 0.128334045, "p": 55, "v": 109}], "pos": -1.0, "size": 1.30000007, "_time": 72.80078}, {"$id": 262, "sounds": [{"d": 0.09249878, "p": 59, "v": 86}], "size": 1.30000007, "_time": 73.0, "pos": 0}, {"$id": 263, "sounds": [{"d": 0.138336182, "p": 55, "v": 74}, {"w": 0.0078125, "d": 0.08833313, "p": 62, "v": 78}], "pos": -1.5, "size": 1.0, "_time": 73.15234}, {"$id": 264, "sounds": [{"d": 0.100837708, "p": 59, "v": 75}, {"w": 0.01171875, "d": 0.104171753, "p": 67, "v": 66}], "pos": -0.5, "size": 1.0, "_time": 73.35547}, {"$id": 265, "sounds": [{"d": 0.100837708, "p": 71, "v": 93}, {"d": 0.09416962, "p": 62, "v": 86}], "pos": 0.5, "size": 1.0, "_time": 73.57031}, {"$id": 266, "sounds": [{"d": 0.105827332, "p": 59, "v": 69}, {"w": 0.0078125, "d": 0.09249878, "p": 67, "v": 84}], "pos": -1.5, "size": 1.0, "_time": 73.76953}, {"$id": 267, "sounds": [{"d": 0.100830078, "p": 71, "v": 102}, {"d": 0.107498169, "p": 62, "v": 75}], "pos": -0.5, "size": 1.0, "_time": 73.98047}, {"$id": 268, "sounds": [{"d": 0.0958328247, "p": 67, "v": 90}, {"w": 0.0078125, "d": 0.08666992, "p": 74, "v": 102}], "pos": 0.5, "size": 1.0, "_time": 74.17578}, {"$id": 269, "sounds": [{"d": 0.564170837, "p": 67, "v": 68}, {"w": 0.01171875, "d": 0.643341064, "p": 76, "v": 78}], "pos": 1.5, "size": 1.0, "_time": 74.37891}, {"$id": 270, "sounds": [{"d": 0.111663818, "p": 36, "v": 109}, {"d": 0.140831, "p": 48, "v": 95}, {"w": 0.0234375, "d": 2.37167358, "p": 64, "v": 74}], "pos": -1.5, "size": 1.30000007, "_time": 74.39844}, {"$id": 271, "sounds": [{"d": 0.0875015259, "p": 52, "v": 51}], "size": 1.30000007, "_time": 74.60156, "pos": 0}, {"$id": 272, "sounds": [{"d": 0.08333588, "p": 55, "v": 78}], "pos": 1.0, "size": 1.30000007, "_time": 74.80078}, {"$id": 273, "sounds": [{"d": 0.06500244, "p": 52, "v": 57}], "size": 1.30000007, "_time": 75.0, "pos": 0}, {"$id": 274, "sounds": [{"d": 0.104171753, "p": 55, "v": 104}], "pos": 1.0, "size": 1.30000007, "_time": 75.19922}, {"$id": 275, "sounds": [{"d": 0.08416748, "p": 52, "v": 82}], "size": 1.30000007, "_time": 75.39844, "pos": 0}, {"$id": 276, "sounds": [{"d": 0.06500244, "p": 48, "v": 98}], "pos": -1.0, "size": 1.30000007, "_time": 75.60156}, {"$id": 277, "sounds": [{"d": 0.0625, "p": 52, "v": 63}], "size": 1.30000007, "_time": 75.80078, "pos": 0}, {"$id": 278, "sounds": [{"d": 0.0999984741, "p": 55, "v": 93}], "pos": 1.0, "size": 1.30000007, "_time": 76.0}, {"$id": 279, "sounds": [{"d": 0.0566635132, "p": 52, "v": 77}], "size": 1.30000007, "_time": 76.19922, "pos": 0}, {"$id": 280, "sounds": [{"d": 0.0999984741, "p": 55, "v": 98}], "pos": 1.0, "size": 1.30000007, "_time": 76.39844}, {"$id": 281, "sounds": [{"d": 0.0766677856, "p": 52, "v": 88}], "size": 1.30000007, "_time": 76.60156, "pos": 0}, {"$id": 282, "sounds": [{"d": 0.52999115, "p": 55, "v": 75}, {"w": 0.00390625, "d": 2.06749725, "p": 67, "v": 69}], "pos": 1.0, "size": 1.0, "_time": 76.76953}, {"$id": 283, "sounds": [{"d": 0.07333374, "p": 48, "v": 95}], "pos": -1.0, "size": 1.30000007, "_time": 76.80078}, {"$id": 284, "sounds": [{"d": 0.061668396, "p": 52, "v": 88}], "size": 1.30000007, "_time": 77.0, "pos": 0}, {"$id": 285, "sounds": [{"d": 0.0708313, "p": 52, "v": 88}], "size": 1.30000007, "_time": 77.39844, "pos": 0}, {"$id": 286, "sounds": [{"d": 0.101669312, "p": 55, "v": 95}], "pos": 1.0, "size": 1.30000007, "_time": 77.60156}, {"$id": 287, "sounds": [{"d": 0.06416321, "p": 52, "v": 86}], "size": 1.30000007, "_time": 77.80078, "pos": 0}, {"$id": 288, "sounds": [{"d": 0.05833435, "p": 48, "v": 98}], "pos": -1.0, "size": 1.30000007, "_time": 78.0}, {"$id": 289, "sounds": [{"d": 0.0358352661, "p": 52, "v": 80}], "size": 1.30000007, "_time": 78.19922, "pos": 0}, {"$id": 290, "sounds": [{"d": 0.101669312, "p": 55, "v": 104}], "pos": 1.0, "size": 1.30000007, "_time": 78.39844}, {"$id": 291, "sounds": [{"d": 0.0716629, "p": 52, "v": 88}], "pos": -1.0, "size": 1.30000007, "_time": 78.60156}, {"$id": 292, "sounds": [{"d": 0.420829773, "p": 65, "v": 80}, {"w": 0.0078125, "d": 0.458328247, "p": 77, "v": 80}], "pos": 2.0, "size": 1.0, "_time": 78.796875}, {"$id": 293, "sounds": [{"d": 0.100830078, "p": 55, "v": 109}], "size": 1.30000007, "_time": 78.80078, "pos": 0}, {"$id": 294, "sounds": [{"d": 0.08583069, "p": 52, "v": 102}], "pos": -1.0, "size": 1.30000007, "_time": 79.0}, {"$id": 295, "sounds": [{"d": 0.08833313, "p": 47, "v": 95}], "pos": -2.0, "size": 1.30000007, "_time": 79.19922}, {"$id": 296, "sounds": [{"d": 2.39583588, "p": 64, "v": 80}, {"w": 0.01171875, "d": 2.39666748, "p": 76, "v": 75}], "size": 1.0, "_time": 79.203125, "pos": 0}, {"$id": 297, "sounds": [{"d": 0.0425033569, "p": 52, "v": 74}], "pos": -1.0, "size": 1.30000007, "_time": 79.39844}, {"$id": 298, "sounds": [{"d": 0.08332825, "p": 55, "v": 90}], "pos": 1.0, "size": 1.30000007, "_time": 79.60156}, {"$id": 299, "sounds": [{"d": 0.04083252, "p": 52, "v": 74}], "size": 1.30000007, "_time": 79.80078, "pos": 0}, {"$id": 300, "sounds": [{"d": 0.101669312, "p": 55, "v": 100}], "pos": 1.0, "size": 1.30000007, "_time": 80.0}, {"$id": 301, "sounds": [{"d": 0.07583618, "p": 52, "v": 86}], "size": 1.30000007, "_time": 80.19922, "pos": 0}, {"$id": 302, "sounds": [{"d": 0.0725021362, "p": 47, "v": 102}], "pos": -1.0, "size": 1.30000007, "_time": 80.39844}, {"$id": 303, "sounds": [{"d": 0.06749725, "p": 52, "v": 86}], "size": 1.30000007, "_time": 80.60156, "pos": 0}, {"$id": 304, "sounds": [{"d": 0.100830078, "p": 55, "v": 100}], "pos": 1.0, "size": 1.30000007, "_time": 80.80078}, {"$id": 305, "sounds": [{"d": 0.0483322144, "p": 52, "v": 82}], "size": 1.30000007, "_time": 81.0, "pos": 0}, {"$id": 306, "sounds": [{"d": 0.08249664, "p": 55, "v": 98}], "pos": 1.0, "size": 1.30000007, "_time": 81.19922}, {"$id": 307, "sounds": [{"d": 0.08000183, "p": 52, "v": 95}], "size": 1.30000007, "_time": 81.39844, "pos": 0}, {"$id": 308, "sounds": [{"d": 0.519989, "p": 55, "v": 78}, {"w": 0.01953125, "d": 2.01917267, "p": 67, "v": 75}], "pos": 1.0, "size": 1.0, "_time": 81.58984}, {"$id": 309, "sounds": [{"d": 0.06666565, "p": 47, "v": 88}], "pos": -1.0, "size": 1.30000007, "_time": 81.60156}, {"$id": 310, "sounds": [{"d": 0.04916382, "p": 52, "v": 82}], "size": 1.30000007, "_time": 81.80078, "pos": 0}, {"$id": 311, "sounds": [{"d": 0.04333496, "p": 52, "v": 59}], "size": 1.30000007, "_time": 82.19922, "pos": 0}, {"$id": 312, "sounds": [{"d": 0.105834961, "p": 55, "v": 115}], "pos": 1.0, "size": 1.30000007, "_time": 82.39844}, {"$id": 313, "sounds": [{"d": 0.06916809, "p": 52, "v": 84}], "size": 1.30000007, "_time": 82.60156, "pos": 0}, {"$id": 314, "sounds": [{"d": 0.06833649, "p": 47, "v": 86}], "pos": -1.0, "size": 1.30000007, "_time": 82.80078}, {"$id": 315, "sounds": [{"d": 0.0483322144, "p": 52, "v": 73}], "size": 1.30000007, "_time": 83.0, "pos": 0}, {"$id": 316, "sounds": [{"d": 0.114997864, "p": 55, "v": 109}], "pos": 1.0, "size": 1.30000007, "_time": 83.19922}, {"$id": 317, "sounds": [{"d": 0.0575027466, "p": 52, "v": 78}], "pos": -1.0, "size": 1.30000007, "_time": 83.39844}, {"$id": 318, "sounds": [{"d": 0.5533142, "p": 77, "v": 88}, {"d": 0.427490234, "p": 65, "v": 84}], "pos": 2.0, "size": 1.0, "_time": 83.578125}, {"$id": 319, "sounds": [{"d": 0.102493286, "p": 55, "v": 112}], "size": 1.30000007, "_time": 83.60156, "pos": 0}, {"$id": 320, "sounds": [{"d": 0.08666229, "p": 52, "v": 84}], "pos": -1.0, "size": 1.30000007, "_time": 83.80078}, {"$id": 321, "sounds": [{"d": 0.149154663, "p": 46, "v": 102}], "pos": -2.0, "size": 1.30000007, "_time": 83.99219}, {"$id": 322, "sounds": [{"d": 1.98914337, "p": 64, "v": 84}, {"w": 0.0078125, "d": 2.021637, "p": 76, "v": 93}], "size": 1.0, "_time": 83.99219, "pos": 0}, {"$id": 323, "sounds": [{"d": 0.06666565, "p": 52, "v": 62}], "pos": -1.0, "size": 1.30000007, "_time": 84.19922}, {"$id": 324, "sounds": [{"d": 0.104164124, "p": 55, "v": 95}], "pos": 1.0, "size": 1.30000007, "_time": 84.39844}, {"$id": 325, "sounds": [{"d": 0.08583069, "p": 52, "v": 98}], "size": 1.30000007, "_time": 84.60156, "pos": 0}, {"$id": 326, "sounds": [{"d": 0.109169006, "p": 55, "v": 109}], "pos": 1.0, "size": 1.30000007, "_time": 84.80078}, {"$id": 327, "sounds": [{"d": 0.09083557, "p": 52, "v": 95}], "size": 1.30000007, "_time": 85.0, "pos": 0}, {"$id": 328, "sounds": [{"d": 0.0708313, "p": 46, "v": 102}], "pos": -1.0, "size": 1.30000007, "_time": 85.19922}, {"$id": 329, "sounds": [{"d": 0.0441665649, "p": 52, "v": 75}], "size": 1.30000007, "_time": 85.39844, "pos": 0}, {"$id": 330, "sounds": [{"d": 0.112503052, "p": 55, "v": 112}], "pos": 1.0, "size": 1.30000007, "_time": 85.60156}, {"$id": 331, "sounds": [{"d": 0.0699996948, "p": 52, "v": 90}], "size": 1.30000007, "_time": 85.80078, "pos": 0}, {"$id": 332, "sounds": [{"d": 0.474990845, "p": 65, "v": 75}, {"w": 0.00390625, "d": 0.4941635, "p": 77, "v": 80}], "pos": -2.0, "size": 1.0, "_time": 85.94141}, {"$id": 333, "sounds": [{"d": 0.1258316, "p": 55, "v": 112}], "pos": 1.0, "size": 1.30000007, "_time": 86.0}, {"$id": 334, "sounds": [{"d": 0.1324997, "p": 52, "v": 112}], "size": 1.30000007, "_time": 86.19922, "pos": 0}, {"$id": 335, "sounds": [{"d": 0.220001221, "p": 45, "v": 90}], "pos": -1.0, "size": 1.30000007, "_time": 86.28125}, {"$id": 336, "sounds": [{"d": 1.58417511, "p": 67, "v": 78}, {"w": 0.0078125, "d": 1.605011, "p": 79, "v": 82}], "pos": 2.0, "size": 1.0, "_time": 86.375}, {"$id": 337, "sounds": [{"d": 0.0283355713, "p": 52, "v": 35}], "size": 1.30000007, "_time": 86.60156, "pos": 0}, {"$id": 338, "sounds": [{"d": 0.11000061, "p": 55, "v": 95}], "pos": 1.0, "size": 1.30000007, "_time": 86.80078}, {"$id": 339, "sounds": [{"d": 0.06500244, "p": 52, "v": 90}], "size": 1.30000007, "_time": 87.0, "pos": 0}, {"$id": 340, "sounds": [{"d": 0.113334656, "p": 55, "v": 115}], "pos": 1.0, "size": 1.30000007, "_time": 87.19922}, {"$id": 341, "sounds": [{"d": 0.09333038, "p": 52, "v": 109}], "size": 1.30000007, "_time": 87.39844, "pos": 0}, {"$id": 342, "sounds": [{"d": 0.128334045, "p": 45, "v": 98}], "pos": -1.0, "size": 1.30000007, "_time": 87.60156}, {"$id": 343, "sounds": [{"d": 0.07333374, "p": 52, "v": 82}], "size": 1.30000007, "_time": 87.80078, "pos": 0}, {"$id": 344, "sounds": [{"d": 0.458320618, "p": 65, "v": 56}, {"w": 0.0078125, "d": 0.428321838, "p": 77, "v": 78}], "pos": -1.0, "size": 1.0, "_time": 87.94531}, {"$id": 345, "sounds": [{"d": 0.107498169, "p": 55, "v": 104}], "pos": 1.0, "size": 1.30000007, "_time": 88.0}, {"$id": 346, "sounds": [{"d": 0.0875015259, "p": 52, "v": 104}], "size": 1.30000007, "_time": 88.19922, "pos": 0}, {"$id": 347, "sounds": [{"d": 0.47332, "p": 76, "v": 84}, {"w": 0.00390625, "d": 0.459991455, "p": 64, "v": 73}], "pos": -2.0, "size": 1.0, "_time": 88.359375}, {"$id": 348, "sounds": [{"d": 0.110832214, "p": 55, "v": 115}], "pos": 1.0, "size": 1.30000007, "_time": 88.39844}, {"$id": 349, "sounds": [{"d": 0.07499695, "p": 52, "v": 102}], "size": 1.30000007, "_time": 88.60156, "pos": 0}, {"$id": 350, "sounds": [{"d": 0.285827637, "p": 53, "v": 93}, {"w": 0.0390625, "d": 0.06832886, "p": 50, "v": 88}], "pos": -1.0, "size": 1.30000007, "_time": 88.76172}, {"$id": 351, "sounds": [{"d": 3.89582062, "p": 65, "v": 70}, {"w": 0.015625, "d": 3.88998413, "p": 77, "v": 77}], "pos": 2.0, "size": 1.0, "_time": 88.77344}, {"$id": 352, "sounds": [{"d": 0.102500916, "p": 57, "v": 100}], "pos": 1.0, "size": 1.30000007, "_time": 89.19922}, {"$id": 353, "sounds": [{"d": 0.04750061, "p": 53, "v": 78}], "size": 1.30000007, "_time": 89.39844, "pos": 0}, {"$id": 354, "sounds": [{"d": 0.105003357, "p": 57, "v": 109}], "pos": 1.0, "size": 1.30000007, "_time": 89.60156}, {"$id": 355, "sounds": [{"d": 0.08166504, "p": 53, "v": 69}], "size": 1.30000007, "_time": 89.80078, "pos": 0}, {"$id": 356, "sounds": [{"d": 0.07333374, "p": 50, "v": 104}], "pos": -1.0, "size": 1.30000007, "_time": 90.0}, {"$id": 357, "sounds": [{"d": 0.04750061, "p": 53, "v": 73}], "size": 1.30000007, "_time": 90.19922, "pos": 0}, {"$id": 358, "sounds": [{"d": 0.104164124, "p": 57, "v": 94}], "pos": 1.0, "size": 1.30000007, "_time": 90.39844}, {"$id": 359, "sounds": [{"d": 0.135002136, "p": 57, "v": 94}], "pos": 1.0, "size": 1.30000007, "_time": 90.80078}, {"$id": 360, "sounds": [{"d": 0.061668396, "p": 53, "v": 69}], "size": 1.30000007, "_time": 91.0, "pos": 0}, {"$id": 361, "sounds": [{"d": 0.0708313, "p": 48, "v": 86}], "pos": -1.0, "size": 1.30000007, "_time": 91.19922}, {"$id": 362, "sounds": [{"d": 0.0566635132, "p": 53, "v": 47}], "size": 1.30000007, "_time": 91.39844, "pos": 0}, {"$id": 363, "sounds": [{"d": 0.105003357, "p": 57, "v": 96}], "pos": 1.0, "size": 1.30000007, "_time": 91.60156}, {"$id": 364, "sounds": [{"d": 0.06749725, "p": 53, "v": 75}], "size": 1.30000007, "_time": 91.80078, "pos": 0}, {"$id": 365, "sounds": [{"d": 0.129165649, "p": 57, "v": 105}], "pos": 1.0, "size": 1.30000007, "_time": 92.0}, {"$id": 366, "sounds": [{"d": 0.0725021362, "p": 53, "v": 72}], "size": 1.30000007, "_time": 92.19922, "pos": 0}, {"$id": 367, "sounds": [{"d": 0.07917023, "p": 48, "v": 93}], "pos": -1.0, "size": 1.30000007, "_time": 92.39844}, {"$id": 368, "sounds": [{"d": 0.07583618, "p": 53, "v": 86}], "pos": 1.0, "size": 1.30000007, "_time": 92.60156}, {"$id": 369, "sounds": [{"d": 0.465835571, "p": 65, "v": 53}, {"w": 0.00390625, "d": 0.445838928, "p": 77, "v": 52}], "size": 1.0, "_time": 92.765625, "pos": 0}, {"$id": 370, "sounds": [{"d": 0.122497559, "p": 57, "v": 103}], "pos": 2.0, "size": 1.30000007, "_time": 92.80078}, {"$id": 371, "sounds": [{"d": 0.08000183, "p": 53, "v": 66}], "pos": 1.0, "size": 1.30000007, "_time": 93.0}, {"$id": 372, "sounds": [{"d": 0.410003662, "p": 76, "v": 90}, {"d": 0.4225006, "p": 64, "v": 82}], "pos": -1.0, "size": 1.0, "_time": 93.171875}, {"$id": 373, "sounds": [{"d": 0.111671448, "p": 57, "v": 103}], "pos": 2.0, "size": 1.30000007, "_time": 93.19922}, {"$id": 374, "sounds": [{"d": 0.0849990845, "p": 53, "v": 72}], "pos": 1.0, "size": 1.30000007, "_time": 93.39844}, {"$id": 375, "sounds": [{"d": 2.42333984, "p": 50, "v": 102}], "pos": 0.5, "size": 1.30000007, "_time": 93.515625}, {"$id": 376, "sounds": [{"d": 2.04250336, "p": 74, "v": 84}, {"d": 2.03749847, "p": 62, "v": 59}], "pos": -2.0, "size": 1.0, "_time": 93.546875}, {"$id": 377, "sounds": [{"d": 0.149169922, "p": 47, "v": 86}], "size": 1.30000007, "_time": 93.60156, "pos": 0}, {"$id": 378, "sounds": [{"d": 0.06500244, "p": 53, "v": 70}], "pos": -1.0, "size": 1.30000007, "_time": 93.80078}, {"$id": 379, "sounds": [{"d": 0.111663818, "p": 57, "v": 95}], "pos": 1.0, "size": 1.30000007, "_time": 94.0}, {"$id": 380, "sounds": [{"d": 0.08249664, "p": 53, "v": 75}], "size": 1.30000007, "_time": 94.19922, "pos": 0}, {"$id": 381, "sounds": [{"d": 0.112503052, "p": 57, "v": 112}], "pos": 1.0, "size": 1.30000007, "_time": 94.39844}, {"$id": 382, "sounds": [{"d": 0.09083557, "p": 53, "v": 98}], "size": 1.30000007, "_time": 94.60156, "pos": 0}, {"$id": 383, "sounds": [{"d": 0.214164734, "p": 47, "v": 109}], "pos": -2.0, "size": 1.30000007, "_time": 94.80078}, {"$id": 384, "sounds": [{"d": 0.08666992, "p": 53, "v": 86}], "pos": -1.0, "size": 1.30000007, "_time": 95.0}, {"$id": 385, "sounds": [{"d": 0.1158371, "p": 57, "v": 102}], "size": 1.30000007, "_time": 95.19922, "pos": 0}, {"$id": 386, "sounds": [{"d": 0.07749939, "p": 53, "v": 69}], "pos": -1.0, "size": 1.30000007, "_time": 95.39844}, {"$id": 387, "sounds": [{"d": 0.440002441, "p": 72, "v": 90}, {"d": 0.45500946, "p": 60, "v": 78}], "pos": 2.0, "size": 1.0, "_time": 95.54297}, {"$id": 388, "sounds": [{"d": 0.110832214, "p": 57, "v": 109}], "size": 1.30000007, "_time": 95.60156, "pos": 0}, {"$id": 389, "sounds": [{"d": 0.09750366, "p": 53, "v": 90}], "pos": -1.0, "size": 1.30000007, "_time": 95.80078}, {"$id": 390, "sounds": [{"d": 0.2049942, "p": 52, "v": 93}], "pos": -2.0, "size": 1.30000007, "_time": 95.91797}, {"$id": 391, "sounds": [{"d": 0.609993, "p": 59, "v": 75}, {"w": 0.01171875, "d": 2.0349884, "p": 71, "v": 90}], "pos": 1.0, "size": 1.0, "_time": 95.9375}, {"$id": 392, "sounds": [{"d": 0.063331604, "p": 56, "v": 69}], "pos": -1.0, "size": 1.30000007, "_time": 96.19922}, {"$id": 393, "sounds": [{"d": 0.0308303833, "p": 56, "v": 44}], "size": 1.30000007, "_time": 96.60156, "pos": 0}, {"$id": 394, "sounds": [{"d": 0.175003052, "p": 59, "v": 90}], "pos": 1.0, "size": 1.30000007, "_time": 96.80078}, {"$id": 395, "sounds": [{"d": 0.05000305, "p": 56, "v": 60}], "size": 1.30000007, "_time": 97.0, "pos": 0}, {"$id": 396, "sounds": [{"d": 0.07917023, "p": 52, "v": 100}], "pos": -2.0, "size": 1.30000007, "_time": 97.19922}, {"$id": 397, "sounds": [{"d": 0.07833099, "p": 56, "v": 84}], "pos": -1.0, "size": 1.30000007, "_time": 97.39844}, {"$id": 398, "sounds": [{"d": 0.124168396, "p": 59, "v": 87}], "size": 1.30000007, "_time": 97.60156, "pos": 0}, {"$id": 399, "sounds": [{"d": 0.0566635132, "p": 56, "v": 82}], "pos": -1.0, "size": 1.30000007, "_time": 97.80078}, {"$id": 400, "sounds": [{"d": 0.4491501, "p": 77, "v": 90}, {"d": 0.4274826, "p": 65, "v": 84}], "pos": 2.0, "size": 1.0, "_time": 97.94922}, {"$id": 401, "sounds": [{"d": 0.110832214, "p": 59, "v": 92}], "size": 1.30000007, "_time": 98.0, "pos": 0}, {"$id": 402, "sounds": [{"d": 0.07833099, "p": 56, "v": 102}], "pos": -1.0, "size": 1.30000007, "_time": 98.19922}, {"$id": 403, "sounds": [{"d": 2.01083374, "p": 64, "v": 84}, {"w": 0.01171875, "d": 1.99500275, "p": 76, "v": 88}], "pos": 1.0, "size": 1.0, "_time": 98.33984}, {"$id": 404, "sounds": [{"d": 1.24918365, "p": 45, "v": 100}, {"w": 0.0234375, "d": 0.122505188, "p": 57, "v": 90}], "pos": -2.0, "size": 1.30000007, "_time": 98.375}, {"$id": 405, "sounds": [{"d": 0.04499817, "p": 59, "v": 48}], "size": 1.30000007, "_time": 98.60156, "pos": 0}, {"$id": 406, "sounds": [{"d": 0.0999984741, "p": 60, "v": 81}], "pos": 1.0, "size": 1.30000007, "_time": 98.80078}, {"$id": 407, "sounds": [{"d": 0.0466690063, "p": 59, "v": 69}], "size": 1.30000007, "_time": 99.0, "pos": 0}, {"$id": 408, "sounds": [{"d": 0.113334656, "p": 60, "v": 90}], "pos": 1.0, "size": 1.30000007, "_time": 99.19922}, {"$id": 409, "sounds": [{"d": 0.07917023, "p": 59, "v": 77}], "size": 1.30000007, "_time": 99.39844, "pos": 0}, {"$id": 410, "sounds": [{"d": 0.06666565, "p": 57, "v": 86}], "pos": -1.0, "size": 1.30000007, "_time": 99.578125}, {"$id": 411, "sounds": [{"d": 0.04916382, "p": 59, "v": 47}], "size": 1.30000007, "_time": 99.80078, "pos": 0}, {"$id": 412, "sounds": [{"d": 0.105834961, "p": 60, "v": 87}], "pos": 1.0, "size": 1.30000007, "_time": 100.0}, {"$id": 413, "sounds": [{"d": 0.04333496, "p": 59, "v": 60}], "size": 1.30000007, "_time": 100.199219, "pos": 0}, {"$id": 414, "sounds": [{"d": 0.4608307, "p": 71, "v": 95}, {"w": 0.00390625, "d": 0.359161377, "p": 59, "v": 88}], "pos": -2.0, "size": 1.0, "_time": 100.324219}, {"$id": 415, "sounds": [{"d": 0.0983352661, "p": 60, "v": 85}], "pos": 1.0, "size": 1.30000007, "_time": 100.398438}, {"$id": 416, "sounds": [{"d": 3.593338, "p": 72, "v": 90}, {"d": 0.5841751, "p": 60, "v": 84}], "pos": 2.0, "size": 1.0, "_time": 100.742188}, {"$id": 417, "sounds": [{"d": 0.111671448, "p": 55, "v": 100}], "pos": -1.0, "size": 1.30000007, "_time": 100.761719}, {"$id": 418, "sounds": [{"d": 0.0425033569, "p": 59, "v": 74}], "size": 1.30000007, "_time": 101.0, "pos": 0}, {"$id": 419, "sounds": [{"d": 0.03250122, "p": 59, "v": 35}], "size": 1.30000007, "_time": 101.398438, "pos": 0}, {"$id": 420, "sounds": [{"d": 0.10333252, "p": 60, "v": 85}], "pos": 1.0, "size": 1.30000007, "_time": 101.601563}, {"$id": 421, "sounds": [{"d": 0.06666565, "p": 59, "v": 84}], "size": 1.30000007, "_time": 101.800781, "pos": 0}, {"$id": 422, "sounds": [{"d": 0.06666565, "p": 55, "v": 73}], "pos": -1.0, "size": 1.30000007, "_time": 102.0}, {"$id": 423, "sounds": [{"d": 0.0524978638, "p": 59, "v": 72}], "size": 1.30000007, "_time": 102.199219, "pos": 0}, {"$id": 424, "sounds": [{"d": 0.10333252, "p": 60, "v": 83}], "pos": 1.0, "size": 1.30000007, "_time": 102.398438}, {"$id": 425, "sounds": [{"d": 0.0525054932, "p": 59, "v": 78}], "size": 1.30000007, "_time": 102.601563, "pos": 0}, {"$id": 426, "sounds": [{"d": 0.08833313, "p": 60, "v": 83}], "pos": 1.0, "size": 1.30000007, "_time": 102.800781}, {"$id": 427, "sounds": [{"d": 0.0916671753, "p": 59, "v": 98}], "size": 1.30000007, "_time": 103.0, "pos": 0}, {"$id": 428, "sounds": [{"d": 0.10332489, "p": 50, "v": 80}], "pos": -1.0, "size": 1.30000007, "_time": 103.175781}, {"$id": 429, "sounds": [{"d": 0.04916382, "p": 53, "v": 49}], "size": 1.30000007, "_time": 103.398438, "pos": 0}, {"$id": 430, "sounds": [{"d": 0.270828247, "p": 53, "v": 95}, {"w": 0.00390625, "d": 0.421661377, "p": 65, "v": 95}], "pos": -2.0, "size": 1.0, "_time": 103.566406}, {"$id": 431, "sounds": [{"d": 0.07749939, "p": 57, "v": 81}], "pos": 1.0, "size": 1.30000007, "_time": 103.601563}, {"$id": 432, "sounds": [{"d": 0.440826416, "p": 55, "v": 102}, {"w": 0.00390625, "d": 0.4783249, "p": 67, "v": 93}], "pos": -1.0, "size": 1.0, "_time": 103.960938}, {"$id": 433, "sounds": [{"d": 0.110832214, "p": 57, "v": 87}], "pos": 1.0, "size": 1.30000007, "_time": 104.0}, {"$id": 434, "sounds": [{"d": 1.26166534, "p": 79, "v": 93}], "pos": 2.0, "size": 1.0, "_time": 104.328125}, {"$id": 435, "sounds": [{"d": 0.785835266, "p": 59, "v": 78}, {"w": 0.01171875, "d": 0.8358383, "p": 71, "v": 86}], "pos": 1.0, "size": 1.0, "_time": 104.386719}, {"$id": 436, "sounds": [{"d": 0.06749725, "p": 50, "v": 88}], "pos": -1.0, "size": 1.30000007, "_time": 104.398438}, {"$id": 437, "sounds": [{"d": 0.0508346558, "p": 53, "v": 49}], "size": 1.30000007, "_time": 104.601563, "pos": 0}, {"$id": 438, "sounds": [{"d": 0.120002747, "p": 57, "v": 85}], "pos": 1.0, "size": 1.30000007, "_time": 104.800781}, {"$id": 439, "sounds": [{"d": 0.07833099, "p": 53, "v": 66}], "size": 1.30000007, "_time": 105.0, "pos": 0}, {"$id": 440, "sounds": [{"d": 0.4633255, "p": 60, "v": 75}, {"w": 0.0234375, "d": 0.419166565, "p": 72, "v": 82}], "pos": -2.0, "size": 1.0, "_time": 105.160156}, {"$id": 441, "sounds": [{"d": 0.09083557, "p": 57, "v": 85}], "pos": 1.0, "size": 1.30000007, "_time": 105.199219}, {"$id": 442, "sounds": [{"d": 0.0416641235, "p": 53, "v": 45}], "size": 1.30000007, "_time": 105.398438, "pos": 0}, {"$id": 443, "sounds": [{"d": 1.20417023, "p": 83, "v": 84}, {"d": 1.22250366, "p": 71, "v": 75}], "pos": 2.0, "size": 1.0, "_time": 105.542969}, {"$id": 444, "sounds": [{"d": 1.45000458, "p": 62, "v": 98}, {"w": 0.00390625, "d": 1.5366745, "p": 74, "v": 88}], "pos": 1.0, "size": 1.0, "_time": 105.585938}, {"$id": 445, "sounds": [{"d": 0.0633239746, "p": 50, "v": 86}], "pos": -1.0, "size": 1.30000007, "_time": 105.601563}, {"$id": 446, "sounds": [{"d": 0.09416962, "p": 53, "v": 66}], "size": 1.30000007, "_time": 105.800781, "pos": 0}, {"$id": 447, "sounds": [{"d": 0.104164124, "p": 57, "v": 88}], "pos": 1.0, "size": 1.30000007, "_time": 106.0}, {"$id": 448, "sounds": [{"d": 0.0725021362, "p": 53, "v": 74}], "size": 1.30000007, "_time": 106.199219, "pos": 0}, {"$id": 449, "sounds": [{"d": 0.0983352661, "p": 57, "v": 87}], "pos": 1.0, "size": 1.30000007, "_time": 106.398438}, {"$id": 450, "sounds": [{"d": 0.0766677856, "p": 53, "v": 73}], "pos": -1.0, "size": 1.30000007, "_time": 106.601563}, {"$id": 451, "sounds": [{"d": 1.30747986, "p": 84, "v": 84}, {"w": 0.0078125, "d": 1.2841568, "p": 72, "v": 86}], "pos": 2.0, "size": 1.0, "_time": 106.703125}, {"$id": 452, "sounds": [{"d": 0.108329773, "p": 59, "v": 100}], "size": 1.30000007, "_time": 106.800781, "pos": 0}, {"$id": 453, "sounds": [{"d": 0.07833862, "p": 53, "v": 63}, {"w": 0.09765625, "d": 0.435829163, "p": 52, "v": 98}], "pos": -1.0, "size": 1.30000007, "_time": 107.0}, {"$id": 454, "sounds": [{"d": 0.443328857, "p": 64, "v": 109}, {"w": 0.08984375, "d": 0.114997864, "p": 60, "v": 90}], "pos": 1.0, "size": 1.0, "_time": 107.109375}, {"$id": 455, "sounds": [{"d": 0.0958328247, "p": 53, "v": 60}, {"w": 0.10546875, "d": 0.387496948, "p": 53, "v": 95}], "pos": -1.0, "size": 1.30000007, "_time": 107.398438}, {"$id": 456, "sounds": [{"d": 0.46749115, "p": 65, "v": 100}, {"w": 0.08984375, "d": 0.1158371, "p": 62, "v": 88}], "pos": 2.0, "size": 1.0, "_time": 107.511719}, {"$id": 457, "sounds": [{"d": 0.189147949, "p": 43, "v": 90}, {"w": 0.03125, "d": 0.5208206, "p": 55, "v": 82}], "pos": -2.0, "size": 1.30000007, "_time": 107.9375}, {"$id": 458, "sounds": [{"d": 1.19413757, "p": 71, "v": 75}, {"w": 0.01953125, "d": 1.16747284, "p": 83, "v": 84}], "pos": 1.0, "size": 1.0, "_time": 107.96875}, {"$id": 459, "sounds": [{"d": 0.0425033569, "p": 50, "v": 60}], "pos": -1.0, "size": 1.30000007, "_time": 108.199219}, {"$id": 460, "sounds": [{"d": 0.364997864, "p": 52, "v": 104}], "pos": -2.0, "size": 1.30000007, "_time": 108.34375}, {"$id": 461, "sounds": [{"d": 0.403327942, "p": 64, "v": 109}], "size": 1.0, "_time": 108.347656, "pos": 0}, {"$id": 462, "sounds": [{"d": 0.458320618, "p": 65, "v": 95}], "pos": 1.0, "size": 1.0, "_time": 108.722656}, {"$id": 463, "sounds": [{"d": 0.39666748, "p": 53, "v": 98}, {"w": 0.078125, "d": 0.08583069, "p": 55, "v": 98}], "pos": -1.0, "size": 1.30000007, "_time": 108.722656}, {"$id": 464, "sounds": [{"d": 1.81164551, "p": 79, "v": 80}, {"w": 0.00390625, "d": 0.82749176, "p": 72, "v": 102}], "pos": 2.0, "size": 1.0, "_time": 109.140625}, {"$id": 465, "sounds": [{"d": 2.38500214, "p": 67, "v": 74}, {"w": 0.0078125, "d": 0.8149948, "p": 60, "v": 65}, {"w": 0.05859375, "d": 0.09500122, "p": 43, "v": 78}], "pos": -2.0, "size": 1.30000007, "_time": 109.140625}, {"$id": 466, "sounds": [{"d": 0.07749939, "p": 55, "v": 86}], "pos": -1.0, "size": 1.30000007, "_time": 109.601563}, {"$id": 467, "sounds": [{"d": 0.464164734, "p": 74, "v": 104}, {"w": 0.00390625, "d": 0.434165955, "p": 62, "v": 95}], "pos": 2.0, "size": 1.0, "_time": 109.933594}, {"$id": 468, "sounds": [{"d": 0.0708313, "p": 55, "v": 102}], "pos": -1.0, "size": 1.30000007, "_time": 110.0}, {"$id": 469, "sounds": [{"d": 0.387489319, "p": 59, "v": 104}, {"w": 0.00390625, "d": 0.443321228, "p": 71, "v": 109}], "pos": 1.0, "size": 1.0, "_time": 110.332031}, {"$id": 470, "sounds": [{"d": 0.175827026, "p": 43, "v": 104}, {"w": 0.06640625, "d": 0.104995728, "p": 55, "v": 93}], "pos": -1.0, "size": 1.30000007, "_time": 110.332031}, {"$id": 471, "sounds": [{"d": 0.390831, "p": 60, "v": 86}, {"w": 0.015625, "d": 0.446670532, "p": 72, "v": 106}], "size": 1.0, "_time": 110.71875, "pos": 0}, {"$id": 472, "sounds": [{"d": 0.08666992, "p": 57, "v": 104}, {"d": 0.0441665649, "p": 43, "v": 59}], "pos": -1.0, "size": 1.30000007, "_time": 110.800781}, {"$id": 473, "sounds": [{"d": 0.467521667, "p": 62, "v": 95}, {"w": 0.0234375, "d": 0.440856934, "p": 74, "v": 102}], "pos": 1.5, "size": 1.0, "_time": 111.097656}, {"$id": 474, "sounds": [{"d": 0.0941772461, "p": 59, "v": 109}], "pos": -2.0, "size": 1.30000007, "_time": 111.199219}, {"$id": 475, "sounds": [{"d": 0.1166687, "p": 43, "v": 68}], "pos": -1.0, "size": 1.30000007, "_time": 111.398438}, {"$id": 476, "sounds": [{"d": 0.45916748, "p": 64, "v": 109}, {"w": 0.078125, "d": 0.1000061, "p": 60, "v": 102}], "pos": -1.5, "size": 1.30000007, "_time": 111.523438}, {"$id": 477, "sounds": [{"d": 0.484992981, "p": 76, "v": 102}, {"w": 0.00390625, "d": 0.479995728, "p": 79, "v": 72}, {"w": 0.01171875, "d": 0.5191574, "p": 91, "v": 63}], "pos": 1.5, "size": 1.0, "_time": 111.527344}, {"$id": 478, "sounds": [{"d": 0.127494812, "p": 43, "v": 73}], "pos": -0.5, "size": 1.30000007, "_time": 111.800781}, {"$id": 479, "sounds": [{"d": 0.4324875, "p": 65, "v": 102}, {"w": 0.015625, "d": 0.4433136, "p": 60, "v": 90}, {"w": 0.04296875, "d": 0.09416199, "p": 62, "v": 102}], "pos": -1.0, "size": 1.30000007, "_time": 111.957031}, {"$id": 480, "sounds": [{"d": 0.432479858, "p": 77, "v": 109}, {"w": 0.01953125, "d": 0.425811768, "p": 89, "v": 86}], "pos": 1.0, "size": 1.0, "_time": 111.972656}, {"$id": 481, "sounds": [{"d": 0.11000061, "p": 43, "v": 88}], "size": 1.30000007, "_time": 112.199219, "pos": 0}, {"$id": 482, "sounds": [{"d": 0.437461853, "p": 76, "v": 72}, {"w": 0.0078125, "d": 0.4391327, "p": 88, "v": 63}, {"w": 0.02734375, "d": 0.3649826, "p": 79, "v": 109}], "pos": 1.5, "size": 1.0, "_time": 112.363281}, {"$id": 483, "sounds": [{"d": 0.323310852, "p": 67, "v": 93}, {"w": 0.01171875, "d": 0.4141388, "p": 62, "v": 106}, {"w": 0.03125, "d": 0.11832428, "p": 65, "v": 100}], "pos": -0.5, "size": 1.30000007, "_time": 112.367188}, {"$id": 484, "sounds": [{"d": 0.1341629, "p": 43, "v": 73}], "pos": -1.5, "size": 1.30000007, "_time": 112.601563}, {"$id": 485, "sounds": [{"d": 4.12499237, "p": 72, "v": 34}, {"w": 0.00390625, "d": 4.159996, "p": 84, "v": 48}], "pos": 0.5, "size": 1.0, "_time": 112.78125}], "links": [{"notes": [{"$ref": 443}, {"$ref": 444}]}, {"notes": [{"$ref": 374}, {"$ref": 375}, {"$ref": 377}]}, {"notes": [{"$ref": 389}, {"$ref": 390}]}, {"notes": [{"$ref": 434}, {"$ref": 435}]}]}