{"speed": 10.0, "notes": [{"$id": 1, "sounds": [{"d": 0.102739453, "p": 61, "v": 64}], "pos": -1.5, "size": 1.30000007, "_time": 1.64453125}, {"$id": 2, "sounds": [{"d": 0.102739453, "p": 84, "v": 54}], "pos": 1.0, "size": 1.0, "_time": 1.84765625}, {"$id": 3, "sounds": [{"d": 0.102739573, "p": 87, "v": 70}], "pos": 2.0, "size": 1.0, "_time": 2.0546875}, {"$id": 4, "sounds": [{"d": 0.102739573, "p": 86, "v": 64}, {"d": 0.102739573, "p": 65, "v": 64}], "pos": 1.5, "size": 1.0, "_time": 2.46484375}, {"$id": 5, "sounds": [{"d": 0.102739573, "p": 72, "v": 64}], "pos": -0.5, "size": 1.30000007, "_time": 2.484375}, {"$id": 6, "sounds": [{"d": 0.102739573, "p": 82, "v": 59}], "pos": -1.0, "size": 1.0, "_time": 2.875}, {"$id": 7, "sounds": [{"d": 0.102739573, "p": 84, "v": 67}], "size": 1.0, "_time": 3.08203125, "pos": 0}, {"$id": 8, "sounds": [{"d": 0.102739573, "p": 77, "v": 55}], "pos": -2.0, "size": 1.0, "_time": 3.2890625}, {"$id": 9, "sounds": [{"d": 0.102739573, "p": 87, "v": 70}], "pos": 2.0, "size": 1.0, "_time": 3.4921875}, {"$id": 10, "sounds": [{"d": 0.102739573, "p": 77, "v": 54}], "pos": -2.0, "size": 1.0, "_time": 3.69921875}, {"$id": 11, "sounds": [{"d": 0.102739573, "p": 86, "v": 68}], "pos": 1.0, "size": 1.0, "_time": 3.90234375}, {"$id": 12, "sounds": [{"d": 0.102739334, "p": 77, "v": 54}], "pos": -2.0, "size": 1.0, "_time": 4.109375}, {"$id": 13, "sounds": [{"d": 0.102739334, "p": 82, "v": 70}], "size": 1.0, "_time": 4.31640625, "pos": 0}, {"$id": 14, "sounds": [{"d": 0.102739334, "p": 77, "v": 60}], "pos": -2.0, "size": 1.0, "_time": 4.51953125}, {"$id": 15, "sounds": [{"d": 0.102739334, "p": 84, "v": 71}], "pos": 1.0, "size": 1.0, "_time": 4.7265625}, {"$id": 16, "sounds": [{"d": 0.102739334, "p": 63, "v": 76}], "pos": -2.0, "size": 1.30000007, "_time": 4.9296875}, {"$id": 17, "sounds": [{"d": 0.102739334, "p": 84, "v": 55}], "pos": 1.0, "size": 1.0, "_time": 5.13671875}, {"$id": 18, "sounds": [{"d": 0.102739334, "p": 87, "v": 72}], "pos": 2.0, "size": 1.0, "_time": 5.34375}, {"$id": 19, "sounds": [{"d": 0.102739811, "p": 67, "v": 72}, {"d": 0.102739811, "p": 86, "v": 72}], "pos": 1.0, "size": 1.0, "_time": 5.75390625}, {"$id": 20, "sounds": [{"d": 0.102739811, "p": 70, "v": 72}], "pos": -1.0, "size": 1.30000007, "_time": 5.7578125}, {"$id": 21, "sounds": [{"d": 0.102739334, "p": 82, "v": 68}], "pos": -1.0, "size": 1.0, "_time": 6.1640625}, {"$id": 22, "sounds": [{"d": 0.102739334, "p": 84, "v": 80}], "pos": 1.0, "size": 1.0, "_time": 6.37109375}, {"$id": 23, "sounds": [{"d": 0.102739334, "p": 77, "v": 62}], "pos": -2.0, "size": 1.0, "_time": 6.57421875}, {"$id": 24, "sounds": [{"d": 0.102739334, "p": 87, "v": 83}], "pos": 2.0, "size": 1.0, "_time": 6.78125}, {"$id": 25, "sounds": [{"d": 0.102739334, "p": 77, "v": 63}], "pos": -2.0, "size": 1.0, "_time": 6.984375}, {"$id": 26, "sounds": [{"d": 0.102739334, "p": 86, "v": 76}], "pos": 1.0, "size": 1.0, "_time": 7.19140625}, {"$id": 27, "sounds": [{"d": 0.102739334, "p": 77, "v": 58}], "pos": -2.0, "size": 1.0, "_time": 7.3984375}, {"$id": 28, "sounds": [{"d": 0.102739334, "p": 82, "v": 70}], "size": 1.0, "_time": 7.6015625, "pos": 0}, {"$id": 29, "sounds": [{"d": 0.102739334, "p": 77, "v": 62}], "pos": -2.0, "size": 1.0, "_time": 7.80859375}, {"$id": 30, "sounds": [{"d": 0.102739334, "p": 84, "v": 74}], "pos": 1.0, "size": 1.0, "_time": 8.015625}, {"$id": 31, "sounds": [{"d": 0.102740288, "p": 65, "v": 75}], "pos": -1.5, "size": 1.30000007, "_time": 8.21875}, {"$id": 32, "sounds": [{"d": 0.102739334, "p": 84, "v": 60}], "pos": 1.0, "size": 1.0, "_time": 8.425781}, {"$id": 33, "sounds": [{"d": 0.102739334, "p": 87, "v": 78}], "pos": 2.0, "size": 1.0, "_time": 8.628906}, {"$id": 34, "sounds": [{"d": 0.102739334, "p": 86, "v": 85}, {"d": 0.102739334, "p": 68, "v": 85}], "pos": 1.5, "size": 1.0, "_time": 9.042969}, {"$id": 35, "sounds": [{"d": 0.102739334, "p": 72, "v": 85}], "pos": -0.5, "size": 1.30000007, "_time": 9.058594}, {"$id": 36, "sounds": [{"d": 0.102739334, "p": 82, "v": 74}], "pos": -1.0, "size": 1.0, "_time": 9.453125}, {"$id": 37, "sounds": [{"d": 0.102739334, "p": 84, "v": 79}], "pos": 1.0, "size": 1.0, "_time": 9.65625}, {"$id": 38, "sounds": [{"d": 0.102739334, "p": 77, "v": 67}], "pos": -2.0, "size": 1.0, "_time": 9.863281}, {"$id": 39, "sounds": [{"d": 0.102739334, "p": 87, "v": 85}], "pos": 2.0, "size": 1.0, "_time": 10.0703125}, {"$id": 40, "sounds": [{"d": 0.102739334, "p": 77, "v": 63}], "pos": -2.0, "size": 1.0, "_time": 10.2734375}, {"$id": 41, "sounds": [{"d": 0.102739334, "p": 86, "v": 74}], "pos": 1.0, "size": 1.0, "_time": 10.4804688}, {"$id": 42, "sounds": [{"d": 0.102739334, "p": 77, "v": 64}], "pos": -2.0, "size": 1.0, "_time": 10.6835938}, {"$id": 43, "sounds": [{"d": 0.102739334, "p": 82, "v": 75}], "pos": -1.0, "size": 1.0, "_time": 10.890625}, {"$id": 44, "sounds": [{"d": 0.102739334, "p": 77, "v": 63}], "pos": -2.0, "size": 1.0, "_time": 11.0976563}, {"$id": 45, "sounds": [{"d": 0.102739334, "p": 84, "v": 74}], "size": 1.0, "_time": 11.3007813, "pos": 0}, {"$id": 46, "sounds": [{"d": 0.102739334, "p": 65, "v": 79}], "pos": -2.0, "size": 1.30000007, "_time": 11.5078125}, {"$id": 47, "sounds": [{"d": 0.102739334, "p": 84, "v": 64}], "size": 1.0, "_time": 11.7109375, "pos": 0}, {"$id": 48, "sounds": [{"d": 0.102739334, "p": 87, "v": 83}], "pos": 1.0, "size": 1.0, "_time": 11.9179688}, {"$id": 49, "sounds": [{"d": 0.102739334, "p": 89, "v": 92}, {"d": 0.102739334, "p": 67, "v": 92}], "pos": 2.0, "size": 1.0, "_time": 12.328125}, {"$id": 50, "sounds": [{"d": 0.102739334, "p": 70, "v": 92}], "pos": -1.0, "size": 1.30000007, "_time": 12.3476563}, {"$id": 51, "sounds": [{"d": 0.102739334, "p": 86, "v": 85}], "pos": 1.0, "size": 1.0, "_time": 12.7382813}, {"$id": 52, "sounds": [{"d": 0.102739334, "p": 84, "v": 82}], "size": 1.0, "_time": 12.9453125, "pos": 0}, {"$id": 53, "sounds": [{"d": 0.102739334, "p": 77, "v": 70}], "pos": -2.0, "size": 1.0, "_time": 13.1523438}, {"$id": 54, "sounds": [{"d": 0.102739334, "p": 87, "v": 83}], "pos": 1.0, "size": 1.0, "_time": 13.3554688}, {"$id": 55, "sounds": [{"d": 0.102739334, "p": 77, "v": 75}], "pos": -2.0, "size": 1.0, "_time": 13.5625}, {"$id": 56, "sounds": [{"d": 0.102739334, "p": 89, "v": 92}], "pos": 2.0, "size": 1.0, "_time": 13.765625}, {"$id": 57, "sounds": [{"d": 0.102739334, "p": 77, "v": 74}], "pos": -2.0, "size": 1.0, "_time": 13.9726563}, {"$id": 58, "sounds": [{"d": 0.102739334, "p": 86, "v": 79}], "pos": 1.0, "size": 1.0, "_time": 14.1796875}, {"$id": 59, "sounds": [{"d": 0.102739334, "p": 77, "v": 67}], "pos": -2.0, "size": 1.0, "_time": 14.3828125}, {"$id": 60, "sounds": [{"d": 0.102739334, "p": 84, "v": 92}], "size": 1.0, "_time": 14.5898438, "pos": 0}, {"$id": 61, "sounds": [{"d": 0.102739334, "p": 61, "v": 64}], "pos": -1.5, "size": 1.30000007, "_time": 14.7929688}, {"$id": 62, "sounds": [{"d": 0.102739334, "p": 84, "v": 54}], "pos": 1.0, "size": 1.0, "_time": 15.0}, {"$id": 63, "sounds": [{"d": 0.102739334, "p": 87, "v": 70}], "pos": 2.0, "size": 1.0, "_time": 15.2070313}, {"$id": 64, "sounds": [{"d": 0.102739334, "p": 86, "v": 64}, {"d": 0.102739334, "p": 65, "v": 64}], "pos": 1.5, "size": 1.0, "_time": 15.6171875}, {"$id": 65, "sounds": [{"d": 0.102739334, "p": 72, "v": 64}], "pos": -0.5, "size": 1.30000007, "_time": 15.6367188}, {"$id": 66, "sounds": [{"d": 0.102739334, "p": 82, "v": 59}], "pos": -1.0, "size": 1.0, "_time": 16.0273438}, {"$id": 67, "sounds": [{"d": 0.102739334, "p": 84, "v": 67}], "pos": 1.0, "size": 1.0, "_time": 16.234375}, {"$id": 68, "sounds": [{"d": 0.102739334, "p": 77, "v": 55}], "pos": -2.0, "size": 1.0, "_time": 16.4375}, {"$id": 69, "sounds": [{"d": 0.102739334, "p": 87, "v": 70}], "pos": 2.0, "size": 1.0, "_time": 16.6445313}, {"$id": 70, "sounds": [{"d": 0.102739334, "p": 77, "v": 54}], "pos": -2.0, "size": 1.0, "_time": 16.8476563}, {"$id": 71, "sounds": [{"d": 0.102739334, "p": 86, "v": 68}], "pos": 1.0, "size": 1.0, "_time": 17.0546875}, {"$id": 72, "sounds": [{"d": 0.102739334, "p": 77, "v": 54}], "pos": -2.0, "size": 1.0, "_time": 17.2617188}, {"$id": 73, "sounds": [{"d": 0.102739334, "p": 82, "v": 70}], "size": 1.0, "_time": 17.4648438, "pos": 0}, {"$id": 74, "sounds": [{"d": 0.102739334, "p": 77, "v": 60}], "pos": -2.0, "size": 1.0, "_time": 17.671875}, {"$id": 75, "sounds": [{"d": 0.102739334, "p": 84, "v": 71}], "pos": 1.0, "size": 1.0, "_time": 17.875}, {"$id": 76, "sounds": [{"d": 0.102739334, "p": 63, "v": 76}], "pos": -2.0, "size": 1.30000007, "_time": 18.0820313}, {"$id": 77, "sounds": [{"d": 0.102739334, "p": 84, "v": 55}], "pos": 1.0, "size": 1.0, "_time": 18.2890625}, {"$id": 78, "sounds": [{"d": 0.102739334, "p": 87, "v": 72}], "pos": 2.0, "size": 1.0, "_time": 18.4921875}, {"$id": 79, "sounds": [{"d": 0.102739334, "p": 86, "v": 72}, {"d": 0.102739334, "p": 67, "v": 72}], "pos": 1.0, "size": 1.0, "_time": 18.9023438}, {"$id": 80, "sounds": [{"d": 0.102739334, "p": 70, "v": 72}], "pos": -1.0, "size": 1.30000007, "_time": 18.9296875}, {"$id": 81, "sounds": [{"d": 0.102739334, "p": 82, "v": 68}], "pos": -1.0, "size": 1.0, "_time": 19.3164063}, {"$id": 82, "sounds": [{"d": 0.102739334, "p": 84, "v": 80}], "pos": 1.0, "size": 1.0, "_time": 19.5195313}, {"$id": 83, "sounds": [{"d": 0.102739334, "p": 77, "v": 62}], "pos": -2.0, "size": 1.0, "_time": 19.7265625}, {"$id": 84, "sounds": [{"d": 0.102739334, "p": 87, "v": 83}], "pos": 2.0, "size": 1.0, "_time": 19.9296875}, {"$id": 85, "sounds": [{"d": 0.102739334, "p": 77, "v": 63}], "pos": -2.0, "size": 1.0, "_time": 20.1367188}, {"$id": 86, "sounds": [{"d": 0.102739334, "p": 86, "v": 76}], "pos": 1.0, "size": 1.0, "_time": 20.34375}, {"$id": 87, "sounds": [{"d": 0.102739334, "p": 77, "v": 58}], "pos": -2.0, "size": 1.0, "_time": 20.546875}, {"$id": 88, "sounds": [{"d": 0.102739334, "p": 82, "v": 70}], "size": 1.0, "_time": 20.7539063, "pos": 0}, {"$id": 89, "sounds": [{"d": 0.102739334, "p": 77, "v": 62}], "pos": -2.0, "size": 1.0, "_time": 20.9570313}, {"$id": 90, "sounds": [{"d": 0.102739334, "p": 84, "v": 74}], "pos": 1.0, "size": 1.0, "_time": 21.1640625}, {"$id": 91, "sounds": [{"d": 0.102739334, "p": 65, "v": 75}], "pos": -1.5, "size": 1.30000007, "_time": 21.3710938}, {"$id": 92, "sounds": [{"d": 0.102739334, "p": 84, "v": 60}], "pos": 1.0, "size": 1.0, "_time": 21.5742188}, {"$id": 93, "sounds": [{"d": 0.102739334, "p": 87, "v": 78}], "pos": 2.0, "size": 1.0, "_time": 21.78125}, {"$id": 94, "sounds": [{"d": 0.102739334, "p": 72, "v": 85}], "pos": -0.5, "size": 1.30000007, "_time": 22.1914063}, {"$id": 95, "sounds": [{"d": 0.102739334, "p": 86, "v": 85}, {"d": 0.102739334, "p": 68, "v": 85}], "pos": 1.5, "size": 1.0, "_time": 22.1914063}, {"$id": 96, "sounds": [{"d": 0.102739334, "p": 82, "v": 74}], "pos": -1.0, "size": 1.0, "_time": 22.6015625}, {"$id": 97, "sounds": [{"d": 0.102739334, "p": 84, "v": 79}], "pos": 1.0, "size": 1.0, "_time": 22.8085938}, {"$id": 98, "sounds": [{"d": 0.102739334, "p": 77, "v": 67}], "pos": -2.0, "size": 1.0, "_time": 23.0117188}, {"$id": 99, "sounds": [{"d": 0.102739334, "p": 87, "v": 85}], "pos": 2.0, "size": 1.0, "_time": 23.21875}, {"$id": 100, "sounds": [{"d": 0.102739334, "p": 77, "v": 63}], "pos": -2.0, "size": 1.0, "_time": 23.4257813}, {"$id": 101, "sounds": [{"d": 0.102739334, "p": 86, "v": 74}], "pos": 1.0, "size": 1.0, "_time": 23.6289063}, {"$id": 102, "sounds": [{"d": 0.102739334, "p": 77, "v": 64}], "pos": -2.0, "size": 1.0, "_time": 23.8359375}, {"$id": 103, "sounds": [{"d": 0.102739334, "p": 82, "v": 75}], "pos": -1.0, "size": 1.0, "_time": 24.0429688}, {"$id": 104, "sounds": [{"d": 0.102739334, "p": 77, "v": 63}], "pos": -2.0, "size": 1.0, "_time": 24.2460938}, {"$id": 105, "sounds": [{"d": 0.102739334, "p": 84, "v": 74}], "size": 1.0, "_time": 24.453125, "pos": 0}, {"$id": 106, "sounds": [{"d": 0.102739334, "p": 65, "v": 79}], "pos": -2.0, "size": 1.30000007, "_time": 24.65625}, {"$id": 107, "sounds": [{"d": 0.102739334, "p": 84, "v": 64}], "size": 1.0, "_time": 24.8632813, "pos": 0}, {"$id": 108, "sounds": [{"d": 0.102739334, "p": 87, "v": 83}], "pos": 1.0, "size": 1.0, "_time": 25.0703125}, {"$id": 109, "sounds": [{"d": 0.102741241, "p": 67, "v": 92}, {"d": 0.102741241, "p": 89, "v": 92}], "pos": 2.0, "size": 1.0, "_time": 25.4804688}, {"$id": 110, "sounds": [{"d": 0.102741241, "p": 70, "v": 92}], "pos": -1.0, "size": 1.30000007, "_time": 25.4960938}, {"$id": 111, "sounds": [{"d": 0.102739334, "p": 86, "v": 85}], "pos": 1.0, "size": 1.0, "_time": 25.890625}, {"$id": 112, "sounds": [{"d": 0.102739334, "p": 84, "v": 82}], "size": 1.0, "_time": 26.0976563, "pos": 0}, {"$id": 113, "sounds": [{"d": 0.102739334, "p": 77, "v": 70}], "pos": -2.0, "size": 1.0, "_time": 26.3007813}, {"$id": 114, "sounds": [{"d": 0.102739334, "p": 87, "v": 83}], "pos": 1.0, "size": 1.0, "_time": 26.5078125}, {"$id": 115, "sounds": [{"d": 0.102739334, "p": 77, "v": 75}], "pos": -2.0, "size": 1.0, "_time": 26.7109375}, {"$id": 116, "sounds": [{"d": 0.102739334, "p": 89, "v": 92}], "pos": 2.0, "size": 1.0, "_time": 26.9179688}, {"$id": 117, "sounds": [{"d": 0.102739334, "p": 77, "v": 74}], "pos": -2.0, "size": 1.0, "_time": 27.125}, {"$id": 118, "sounds": [{"d": 0.102739334, "p": 86, "v": 79}], "pos": 1.0, "size": 1.0, "_time": 27.328125}, {"$id": 119, "sounds": [{"d": 0.102739334, "p": 82, "v": 59}], "pos": -1.0, "size": 1.0, "_time": 27.5351563}, {"$id": 120, "sounds": [{"d": 0.102739334, "p": 86, "v": 76}], "pos": 1.0, "size": 1.0, "_time": 27.7382813}, {"$id": 121, "sounds": [{"d": 0.102739334, "p": 61, "v": 85}], "pos": -2.0, "size": 1.30000007, "_time": 27.9453125}, {"$id": 122, "sounds": [{"d": 0.102739334, "p": 84, "v": 85}], "pos": 2.0, "size": 1.0, "_time": 27.9453125}, {"$id": 123, "sounds": [{"d": 0.102739334, "p": 67, "v": 68}], "pos": -1.0, "size": 1.30000007, "_time": 28.3554688}, {"$id": 124, "sounds": [{"d": 0.102739334, "p": 72, "v": 68}], "pos": 1.0, "size": 1.30000007, "_time": 28.3867188}, {"$id": 125, "sounds": [{"d": 0.102739334, "p": 77, "v": 82}], "size": 1.30000007, "_time": 28.765625, "pos": 0}, {"$id": 126, "sounds": [{"d": 0.102739334, "p": 63, "v": 82}], "pos": -2.0, "size": 1.30000007, "_time": 29.5898438}, {"$id": 127, "sounds": [{"d": 0.102739334, "p": 80, "v": 82}], "pos": 2.0, "size": 1.0, "_time": 29.5898438}, {"$id": 128, "sounds": [{"d": 0.102741241, "p": 67, "v": 68}], "pos": -1.5, "size": 1.30000007, "_time": 30.0}, {"$id": 129, "sounds": [{"d": 0.102741241, "p": 70, "v": 68}], "pos": 1.5, "size": 1.30000007, "_time": 30.0234375}, {"$id": 130, "sounds": [{"d": 0.102739334, "p": 82, "v": 83}], "pos": 1.0, "size": 1.0, "_time": 30.2070313}, {"$id": 131, "sounds": [{"d": 0.102739334, "p": 80, "v": 79}], "pos": 0.5, "size": 1.0, "_time": 30.3085938}, {"$id": 132, "sounds": [{"d": 0.102739334, "p": 79, "v": 87}], "size": 1.0, "_time": 30.4101563, "pos": 0}, {"$id": 133, "sounds": [{"d": 0.102739334, "p": 75, "v": 75}], "pos": -1.0, "size": 1.0, "_time": 30.8203125}, {"$id": 134, "sounds": [{"d": 0.102739334, "p": 77, "v": 82}], "pos": -2.0, "size": 1.0, "_time": 31.234375}, {"$id": 135, "sounds": [{"d": 0.102739334, "p": 79, "v": 85}], "pos": -1.0, "size": 1.0, "_time": 31.6445313}, {"$id": 136, "sounds": [{"d": 0.102741241, "p": 80, "v": 100}], "size": 1.0, "_time": 32.0546875, "pos": 0}, {"$id": 137, "sounds": [{"d": 0.102741241, "p": 82, "v": 100}], "pos": 1.0, "size": 1.0, "_time": 32.4648438}, {"$id": 138, "sounds": [{"d": 0.102741241, "p": 84, "v": 71}], "pos": 2.0, "size": 1.0, "_time": 32.875}, {"$id": 139, "sounds": [{"d": 0.102741241, "p": 82, "v": 75}], "pos": -1.0, "size": 1.0, "_time": 33.2890625}, {"$id": 140, "sounds": [{"d": 0.102741241, "p": 84, "v": 75}], "size": 1.0, "_time": 33.69922, "pos": 0}, {"$id": 141, "sounds": [{"d": 0.102741241, "p": 75, "v": 89}], "pos": -1.0, "size": 1.0, "_time": 34.109375}, {"$id": 142, "sounds": [{"d": 0.102741241, "p": 87, "v": 89}], "pos": 1.0, "size": 1.0, "_time": 34.109375}, {"$id": 143, "sounds": [{"d": 0.102737427, "p": 68, "v": 95}], "pos": -2.0, "size": 1.0, "_time": 34.5273438}, {"$id": 144, "sounds": [{"d": 0.102737427, "p": 84, "v": 95}], "pos": 2.0, "size": 1.0, "_time": 34.5351563}, {"$id": 145, "sounds": [{"d": 0.102741241, "p": 72, "v": 74}, {"d": 0.102741241, "p": 75, "v": 74}], "pos": -1.0, "size": 1.0, "_time": 34.9296875}, {"$id": 146, "sounds": [{"d": 0.102741241, "p": 77, "v": 88}], "pos": 1.0, "size": 1.0, "_time": 35.34375}, {"$id": 147, "sounds": [{"d": 0.102741241, "p": 68, "v": 72}, {"d": 0.102741241, "p": 75, "v": 72}], "pos": -1.0, "size": 1.0, "_time": 35.7539063}, {"$id": 148, "sounds": [{"d": 0.102741241, "p": 63, "v": 87}], "pos": -2.0, "size": 1.0, "_time": 36.1640625}, {"$id": 149, "sounds": [{"d": 0.102741241, "p": 80, "v": 87}], "pos": 2.0, "size": 1.0, "_time": 36.1640625}, {"$id": 150, "sounds": [{"d": 0.102741241, "p": 72, "v": 72}, {"d": 0.102741241, "p": 67, "v": 72}], "pos": -1.0, "size": 1.0, "_time": 36.57422}, {"$id": 151, "sounds": [{"d": 0.102741241, "p": 82, "v": 91}], "pos": 1.5, "size": 1.0, "_time": 36.78125}, {"$id": 152, "sounds": [{"d": 0.102741241, "p": 80, "v": 82}], "pos": 1.0, "size": 1.0, "_time": 36.8828125}, {"$id": 153, "sounds": [{"d": 0.102741241, "p": 79, "v": 91}], "pos": 0.5, "size": 1.0, "_time": 36.984375}, {"$id": 154, "sounds": [{"d": 0.102741241, "p": 75, "v": 83}], "pos": -0.5, "size": 1.0, "_time": 37.3984375}, {"$id": 155, "sounds": [{"d": 0.102737427, "p": 77, "v": 85}], "pos": 0.5, "size": 1.0, "_time": 37.8085938}, {"$id": 156, "sounds": [{"d": 0.102741241, "p": 72, "v": 67}], "pos": -1.5, "size": 1.0, "_time": 38.21875}, {"$id": 157, "sounds": [{"d": 0.102741241, "p": 77, "v": 75}], "pos": -0.5, "size": 1.0, "_time": 38.6289063}, {"$id": 158, "sounds": [{"d": 0.102741241, "p": 84, "v": 85}], "pos": 1.5, "size": 1.0, "_time": 39.04297}, {"$id": 159, "sounds": [{"d": 0.102737427, "p": 82, "v": 85}], "pos": 0.5, "size": 1.0, "_time": 39.453125}, {"$id": 160, "sounds": [{"d": 0.102741241, "p": 75, "v": 92}], "pos": -1.5, "size": 1.0, "_time": 39.86328}, {"$id": 161, "sounds": [{"d": 0.102741241, "p": 82, "v": 103}], "pos": -0.5, "size": 1.0, "_time": 40.2734375}, {"$id": 162, "sounds": [{"d": 0.102741241, "p": 87, "v": 95}], "pos": 0.5, "size": 1.0, "_time": 40.6835938}, {"$id": 163, "sounds": [{"d": 0.102737427, "p": 41, "v": 107}], "pos": -1.5, "size": 1.30000007, "_time": 41.0976563}, {"$id": 164, "sounds": [{"d": 0.102737427, "p": 53, "v": 107}], "pos": 1.5, "size": 1.30000007, "_time": 41.1015625}, {"$id": 165, "sounds": [{"d": 0.102741241, "p": 70, "v": 88}, {"d": 0.102741241, "p": 77, "v": 88}], "pos": -1.5, "size": 1.0, "_time": 41.30078}, {"$id": 166, "sounds": [{"d": 0.102741241, "p": 77, "v": 95}, {"d": 0.102741241, "p": 70, "v": 95}], "pos": -1.0, "size": 1.0, "_time": 41.4023438}, {"$id": 167, "sounds": [{"d": 0.102741241, "p": 82, "v": 100}, {"d": 0.102741241, "p": 77, "v": 100}], "pos": -0.5, "size": 1.0, "_time": 41.5078125}, {"$id": 168, "sounds": [{"d": 0.102741241, "p": 77, "v": 80}, {"d": 0.102741241, "p": 82, "v": 80}], "pos": 0.5, "size": 1.0, "_time": 41.7109375}, {"$id": 169, "sounds": [{"d": 0.102741241, "p": 82, "v": 92}, {"d": 0.102741241, "p": 77, "v": 92}], "pos": 1.0, "size": 1.0, "_time": 41.8164063}, {"$id": 170, "sounds": [{"d": 0.102741241, "p": 84, "v": 104}, {"d": 0.102741241, "p": 77, "v": 104}], "pos": 1.5, "size": 1.0, "_time": 41.91797}, {"$id": 171, "sounds": [{"d": 0.102741241, "p": 77, "v": 84}, {"d": 0.102741241, "p": 84, "v": 84}], "pos": 1.5, "size": 1.0, "_time": 42.125}, {"$id": 172, "sounds": [{"d": 0.102741241, "p": 77, "v": 89}, {"d": 0.102741241, "p": 84, "v": 89}], "pos": 1.0, "size": 1.0, "_time": 42.2265625}, {"$id": 173, "sounds": [{"d": 0.102741241, "p": 75, "v": 100}, {"d": 0.102741241, "p": 79, "v": 100}], "pos": 0.5, "size": 1.0, "_time": 42.328125}, {"$id": 174, "sounds": [{"d": 0.102737427, "p": 41, "v": 107}, {"w": 0.00390625, "d": 0.102737427, "p": 53, "v": 107}], "pos": 1.5, "size": 1.30000007, "_time": 42.5351563}, {"$id": 175, "sounds": [{"d": 0.102737427, "p": 79, "v": 79}, {"d": 0.102737427, "p": 75, "v": 79}], "pos": -0.5, "size": 1.0, "_time": 42.5351563}, {"$id": 176, "sounds": [{"d": 0.102737427, "p": 79, "v": 88}, {"d": 0.102737427, "p": 75, "v": 88}], "pos": -1.0, "size": 1.0, "_time": 42.63672}, {"$id": 177, "sounds": [{"d": 0.102737427, "p": 39, "v": 108}, {"w": 0.0078125, "d": 0.102737427, "p": 51, "v": 108}], "pos": 1.5, "size": 1.30000007, "_time": 42.73828}, {"$id": 178, "sounds": [{"d": 0.102737427, "p": 77, "v": 108}, {"d": 0.102737427, "p": 70, "v": 108}], "pos": -1.5, "size": 1.0, "_time": 42.73828}, {"$id": 179, "sounds": [{"d": 0.102741241, "p": 77, "v": 64}, {"d": 0.102741241, "p": 70, "v": 64}], "pos": -1.5, "size": 1.0, "_time": 42.9453125}, {"$id": 180, "sounds": [{"d": 0.102741241, "p": 77, "v": 83}, {"d": 0.102741241, "p": 70, "v": 83}], "pos": -1.0, "size": 1.0, "_time": 43.046875}, {"$id": 181, "sounds": [{"d": 0.102741241, "p": 82, "v": 99}, {"d": 0.102741241, "p": 77, "v": 99}], "pos": -0.5, "size": 1.0, "_time": 43.1523438}, {"$id": 182, "sounds": [{"d": 0.102741241, "p": 82, "v": 85}, {"d": 0.102741241, "p": 77, "v": 85}], "pos": 0.5, "size": 1.0, "_time": 43.35547}, {"$id": 183, "sounds": [{"d": 0.102741241, "p": 82, "v": 92}, {"d": 0.102741241, "p": 77, "v": 92}], "pos": 1.0, "size": 1.0, "_time": 43.45703}, {"$id": 184, "sounds": [{"d": 0.102741241, "p": 84, "v": 103}, {"d": 0.102741241, "p": 77, "v": 103}], "pos": 1.5, "size": 1.0, "_time": 43.5625}, {"$id": 185, "sounds": [{"d": 0.102741241, "p": 84, "v": 66}, {"d": 0.102741241, "p": 77, "v": 66}], "pos": 1.5, "size": 1.0, "_time": 43.765625}, {"$id": 186, "sounds": [{"d": 0.102741241, "p": 84, "v": 87}, {"d": 0.102741241, "p": 77, "v": 87}], "pos": 1.0, "size": 1.0, "_time": 43.8710938}, {"$id": 187, "sounds": [{"d": 0.102741241, "p": 79, "v": 105}, {"d": 0.102741241, "p": 75, "v": 105}], "pos": 0.5, "size": 1.0, "_time": 43.9726563}, {"$id": 188, "sounds": [{"d": 0.102737427, "p": 39, "v": 108}, {"w": 0.00390625, "d": 0.102737427, "p": 51, "v": 108}], "pos": 1.5, "size": 1.30000007, "_time": 44.1796875}, {"$id": 189, "sounds": [{"d": 0.102737427, "p": 75, "v": 84}, {"d": 0.102737427, "p": 79, "v": 84}], "pos": -0.5, "size": 1.0, "_time": 44.1796875}, {"$id": 190, "sounds": [{"d": 0.102737427, "p": 79, "v": 80}, {"d": 0.102737427, "p": 75, "v": 80}], "pos": -1.0, "size": 1.0, "_time": 44.28125}, {"$id": 191, "sounds": [{"d": 0.102737427, "p": 37, "v": 101}, {"w": 0.0078125, "d": 0.102737427, "p": 49, "v": 101}], "pos": 1.5, "size": 1.30000007, "_time": 44.3828125}, {"$id": 192, "sounds": [{"d": 0.102737427, "p": 77, "v": 101}, {"d": 0.102737427, "p": 70, "v": 101}], "pos": -1.5, "size": 1.0, "_time": 44.3828125}, {"$id": 193, "sounds": [{"d": 0.102741241, "p": 77, "v": 80}, {"d": 0.102741241, "p": 70, "v": 80}], "pos": -1.5, "size": 1.0, "_time": 44.5898438}, {"$id": 194, "sounds": [{"d": 0.102741241, "p": 70, "v": 93}, {"d": 0.102741241, "p": 77, "v": 93}], "pos": -1.0, "size": 1.0, "_time": 44.6914063}, {"$id": 195, "sounds": [{"d": 0.102741241, "p": 82, "v": 100}, {"d": 0.102741241, "p": 77, "v": 100}], "pos": -0.5, "size": 1.0, "_time": 44.79297}, {"$id": 196, "sounds": [{"d": 0.102741241, "p": 61, "v": 95}, {"d": 0.102741241, "p": 49, "v": 95}], "pos": -1.5, "size": 1.30000007, "_time": 45.0}, {"$id": 197, "sounds": [{"d": 0.102741241, "p": 77, "v": 95}, {"d": 0.102741241, "p": 82, "v": 95}], "pos": 0.5, "size": 1.0, "_time": 45.0}, {"$id": 198, "sounds": [{"d": 0.102741241, "p": 61, "v": 88}, {"d": 0.102741241, "p": 49, "v": 88}], "pos": -1.5, "size": 1.30000007, "_time": 45.1015625}, {"$id": 199, "sounds": [{"d": 0.102741241, "p": 82, "v": 88}, {"d": 0.102741241, "p": 77, "v": 88}], "pos": 1.0, "size": 1.0, "_time": 45.1015625}, {"$id": 200, "sounds": [{"d": 0.102741241, "p": 61, "v": 108}, {"d": 0.102741241, "p": 49, "v": 108}], "pos": -1.5, "size": 1.30000007, "_time": 45.20703}, {"$id": 201, "sounds": [{"d": 0.102741241, "p": 84, "v": 108}, {"d": 0.102741241, "p": 77, "v": 108}], "pos": 1.5, "size": 1.0, "_time": 45.20703}, {"$id": 202, "sounds": [{"d": 0.102741241, "p": 84, "v": 82}, {"d": 0.102741241, "p": 77, "v": 82}], "pos": 1.5, "size": 1.0, "_time": 45.4101563}, {"$id": 203, "sounds": [{"d": 0.102741241, "p": 84, "v": 93}, {"d": 0.102741241, "p": 77, "v": 93}], "pos": 1.0, "size": 1.0, "_time": 45.515625}, {"$id": 204, "sounds": [{"d": 0.102741241, "p": 79, "v": 104}, {"d": 0.102741241, "p": 75, "v": 104}], "pos": 0.5, "size": 1.0, "_time": 45.6171875}, {"$id": 205, "sounds": [{"d": 0.102737427, "p": 37, "v": 101}, {"w": 0.0078125, "d": 0.102737427, "p": 49, "v": 101}], "pos": 1.5, "size": 1.30000007, "_time": 45.8203125}, {"$id": 206, "sounds": [{"d": 0.102737427, "p": 79, "v": 80}, {"d": 0.102737427, "p": 75, "v": 80}], "pos": -0.5, "size": 1.0, "_time": 45.8203125}, {"$id": 207, "sounds": [{"d": 0.102741241, "p": 79, "v": 96}, {"d": 0.102741241, "p": 75, "v": 96}], "pos": -1.0, "size": 1.0, "_time": 45.92578}, {"$id": 208, "sounds": [{"d": 0.102737427, "p": 39, "v": 105}, {"w": 0.0078125, "d": 0.102737427, "p": 51, "v": 105}], "pos": 1.5, "size": 1.30000007, "_time": 46.0273438}, {"$id": 209, "sounds": [{"d": 0.102737427, "p": 77, "v": 105}, {"d": 0.102737427, "p": 70, "v": 105}], "pos": -1.5, "size": 1.0, "_time": 46.0273438}, {"$id": 210, "sounds": [{"d": 0.102741241, "p": 77, "v": 83}, {"d": 0.102741241, "p": 70, "v": 83}], "pos": -1.5, "size": 1.0, "_time": 46.234375}, {"$id": 211, "sounds": [{"d": 0.102741241, "p": 77, "v": 93}, {"d": 0.102741241, "p": 70, "v": 93}], "pos": -1.0, "size": 1.0, "_time": 46.3359375}, {"$id": 212, "sounds": [{"d": 0.102741241, "p": 82, "v": 105}, {"d": 0.102741241, "p": 77, "v": 105}], "pos": -0.5, "size": 1.0, "_time": 46.4375}, {"$id": 213, "sounds": [{"d": 0.102737427, "p": 39, "v": 105}, {"w": 0.00390625, "d": 0.102737427, "p": 51, "v": 105}], "pos": -1.5, "size": 1.30000007, "_time": 46.64453}, {"$id": 214, "sounds": [{"d": 0.102737427, "p": 82, "v": 83}, {"d": 0.102737427, "p": 77, "v": 83}], "pos": 0.5, "size": 1.0, "_time": 46.64453}, {"$id": 215, "sounds": [{"d": 0.102737427, "p": 82, "v": 85}, {"d": 0.102737427, "p": 77, "v": 85}], "pos": 1.0, "size": 1.0, "_time": 46.7460938}, {"$id": 216, "sounds": [{"d": 0.102737427, "p": 63, "v": 108}, {"w": 0.0078125, "d": 0.102737427, "p": 51, "v": 108}], "pos": -1.5, "size": 1.30000007, "_time": 46.8476563}, {"$id": 217, "sounds": [{"d": 0.102737427, "p": 84, "v": 99}, {"d": 0.102737427, "p": 77, "v": 99}], "pos": 1.5, "size": 1.0, "_time": 46.8476563}, {"$id": 218, "sounds": [{"d": 0.102741241, "p": 84, "v": 83}, {"d": 0.102741241, "p": 77, "v": 83}], "pos": 1.5, "size": 1.0, "_time": 47.0546875}, {"$id": 219, "sounds": [{"d": 0.102741241, "p": 84, "v": 100}, {"d": 0.102741241, "p": 77, "v": 96}], "pos": 1.0, "size": 1.0, "_time": 47.15625}, {"$id": 220, "sounds": [{"d": 0.102741241, "p": 87, "v": 89}], "pos": -0.5, "size": 1.0, "_time": 47.26172}, {"$id": 221, "sounds": [{"d": 0.102741241, "p": 86, "v": 105}], "pos": -1.19999981, "size": 1.0, "_time": 47.36328}, {"$id": 222, "sounds": [{"d": 0.102737427, "p": 39, "v": 105}, {"w": 0.0078125, "d": 0.102737427, "p": 51, "v": 105}], "pos": 1.5, "size": 1.30000007, "_time": 47.4648438}, {"$id": 223, "sounds": [{"d": 0.102737427, "p": 82, "v": 101}], "pos": -1.5, "size": 1.0, "_time": 47.4648438}, {"$id": 224, "sounds": [{"d": 0.102741241, "p": 84, "v": 105}], "pos": -1.0, "size": 1.0, "_time": 47.5703125}, {"$id": 225, "sounds": [{"d": 0.102737427, "p": 41, "v": 107}, {"w": 0.00390625, "d": 0.102737427, "p": 53, "v": 107}], "pos": 1.5, "size": 1.30000007, "_time": 47.671875}, {"$id": 226, "sounds": [{"d": 0.102737427, "p": 77, "v": 107}, {"d": 0.102737427, "p": 70, "v": 107}], "pos": -2.0, "size": 1.0, "_time": 47.671875}, {"$id": 227, "sounds": [{"d": 0.102741241, "p": 70, "v": 88}, {"d": 0.102741241, "p": 77, "v": 88}], "pos": -1.5, "size": 1.0, "_time": 47.875}, {"$id": 228, "sounds": [{"d": 0.102741241, "p": 70, "v": 95}, {"d": 0.102741241, "p": 77, "v": 95}], "pos": -1.5, "size": 1.0, "_time": 47.98047}, {"$id": 229, "sounds": [{"d": 0.102737427, "p": 82, "v": 100}, {"d": 0.102737427, "p": 77, "v": 100}], "pos": 0.5, "size": 1.0, "_time": 48.08203}, {"$id": 230, "sounds": [{"d": 0.102741241, "p": 82, "v": 81}, {"d": 0.102741241, "p": 77, "v": 81}], "pos": 0.5, "size": 1.0, "_time": 48.2890625}, {"$id": 231, "sounds": [{"d": 0.102741241, "p": 82, "v": 93}, {"d": 0.102741241, "p": 77, "v": 93}], "pos": 0.5, "size": 1.0, "_time": 48.390625}, {"$id": 232, "sounds": [{"d": 0.102737427, "p": 84, "v": 105}, {"d": 0.102737427, "p": 77, "v": 105}], "pos": 1.5, "size": 1.0, "_time": 48.4921875}, {"$id": 233, "sounds": [{"d": 0.102741241, "p": 84, "v": 85}, {"d": 0.102741241, "p": 77, "v": 85}], "pos": 1.5, "size": 1.0, "_time": 48.69922}, {"$id": 234, "sounds": [{"d": 0.102741241, "p": 84, "v": 90}, {"d": 0.102741241, "p": 77, "v": 90}], "pos": 1.5, "size": 1.0, "_time": 48.80078}, {"$id": 235, "sounds": [{"d": 0.102737427, "p": 79, "v": 102}, {"d": 0.102737427, "p": 75, "v": 102}], "pos": -0.5, "size": 1.0, "_time": 48.9023438}, {"$id": 236, "sounds": [{"d": 0.102741241, "p": 79, "v": 81}, {"d": 0.102741241, "p": 75, "v": 81}], "pos": -0.5, "size": 1.0, "_time": 49.109375}, {"$id": 237, "sounds": [{"d": 0.102741241, "p": 79, "v": 90}, {"d": 0.102741241, "p": 75, "v": 90}], "pos": -0.5, "size": 1.0, "_time": 49.2109375}, {"$id": 238, "sounds": [{"d": 0.102737427, "p": 77, "v": 110}, {"d": 0.102737427, "p": 70, "v": 110}], "pos": -1.5, "size": 1.0, "_time": 49.3164063}, {"$id": 239, "sounds": [{"d": 0.102741241, "p": 77, "v": 67}, {"d": 0.102741241, "p": 70, "v": 67}], "pos": -1.5, "size": 1.0, "_time": 49.51953}, {"$id": 240, "sounds": [{"d": 0.102741241, "p": 77, "v": 86}, {"d": 0.102741241, "p": 70, "v": 86}], "pos": -1.5, "size": 1.0, "_time": 49.625}, {"$id": 241, "sounds": [{"d": 0.102737427, "p": 82, "v": 102}, {"d": 0.102737427, "p": 77, "v": 102}], "pos": 0.5, "size": 1.0, "_time": 49.7265625}, {"$id": 242, "sounds": [{"d": 0.102741241, "p": 82, "v": 88}, {"d": 0.102741241, "p": 77, "v": 88}], "pos": 0.5, "size": 1.0, "_time": 49.9296875}, {"$id": 243, "sounds": [{"d": 0.102741241, "p": 82, "v": 96}, {"d": 0.102741241, "p": 77, "v": 96}], "pos": 0.5, "size": 1.0, "_time": 50.0351563}, {"$id": 244, "sounds": [{"d": 0.102737427, "p": 84, "v": 107}, {"d": 0.102737427, "p": 77, "v": 107}], "pos": 1.5, "size": 1.0, "_time": 50.13672}, {"$id": 245, "sounds": [{"d": 0.102741241, "p": 84, "v": 70}, {"d": 0.102741241, "p": 77, "v": 70}], "pos": 1.5, "size": 1.0, "_time": 50.34375}, {"$id": 246, "sounds": [{"d": 0.102741241, "p": 84, "v": 91}, {"d": 0.102741241, "p": 77, "v": 91}], "pos": 1.5, "size": 1.0, "_time": 50.4453125}, {"$id": 247, "sounds": [{"d": 0.102737427, "p": 79, "v": 109}, {"d": 0.102737427, "p": 75, "v": 109}], "pos": -0.5, "size": 1.0, "_time": 50.546875}, {"$id": 248, "sounds": [{"d": 0.102737427, "p": 79, "v": 89}, {"d": 0.102737427, "p": 75, "v": 89}], "pos": -0.5, "size": 1.0, "_time": 50.7539063}, {"$id": 249, "sounds": [{"d": 0.102737427, "p": 79, "v": 85}, {"d": 0.102737427, "p": 75, "v": 85}], "pos": -0.5, "size": 1.0, "_time": 50.85547}, {"$id": 250, "sounds": [{"d": 0.102737427, "p": 77, "v": 106}, {"d": 0.102737427, "p": 70, "v": 106}], "pos": -1.5, "size": 1.0, "_time": 50.95703}, {"$id": 251, "sounds": [{"d": 0.102741241, "p": 77, "v": 86}, {"d": 0.102741241, "p": 70, "v": 86}], "pos": -1.5, "size": 1.0, "_time": 51.1640625}, {"$id": 252, "sounds": [{"d": 0.102741241, "p": 77, "v": 99}, {"d": 0.102741241, "p": 70, "v": 99}], "pos": -1.5, "size": 1.0, "_time": 51.265625}, {"$id": 253, "sounds": [{"d": 0.102737427, "p": 82, "v": 106}, {"d": 0.102737427, "p": 77, "v": 106}], "pos": 0.5, "size": 1.0, "_time": 51.3710938}, {"$id": 254, "sounds": [{"d": 0.102741241, "p": 82, "v": 85}, {"d": 0.102741241, "p": 77, "v": 85}], "pos": 0.5, "size": 1.0, "_time": 51.57422}, {"$id": 255, "sounds": [{"d": 0.102741241, "p": 82, "v": 97}, {"d": 0.102741241, "p": 77, "v": 97}], "pos": 0.5, "size": 1.0, "_time": 51.6796875}, {"$id": 256, "sounds": [{"d": 0.102737427, "p": 84, "v": 112}, {"d": 0.102737427, "p": 77, "v": 112}], "pos": 1.5, "size": 1.0, "_time": 51.78125}, {"$id": 257, "sounds": [{"d": 0.102741241, "p": 84, "v": 89}, {"d": 0.102741241, "p": 77, "v": 89}], "pos": 1.5, "size": 1.0, "_time": 51.984375}, {"$id": 258, "sounds": [{"d": 0.102741241, "p": 84, "v": 100}, {"d": 0.102741241, "p": 77, "v": 100}], "pos": 1.5, "size": 1.0, "_time": 52.0898438}, {"$id": 259, "sounds": [{"d": 0.102737427, "p": 79, "v": 111}, {"d": 0.102737427, "p": 75, "v": 111}], "pos": -0.5, "size": 1.0, "_time": 52.1914063}, {"$id": 260, "sounds": [{"d": 0.102737427, "p": 79, "v": 88}, {"d": 0.102737427, "p": 75, "v": 88}], "pos": -0.5, "size": 1.0, "_time": 52.3984375}, {"$id": 261, "sounds": [{"d": 0.102741241, "p": 79, "v": 104}, {"d": 0.102741241, "p": 75, "v": 104}], "pos": -0.5, "size": 1.0, "_time": 52.5}, {"$id": 262, "sounds": [{"d": 0.102737427, "p": 77, "v": 113}, {"d": 0.102737427, "p": 70, "v": 113}], "pos": -1.5, "size": 1.0, "_time": 52.6015625}, {"$id": 263, "sounds": [{"d": 0.102741241, "p": 77, "v": 91}, {"d": 0.102741241, "p": 70, "v": 91}], "pos": -1.5, "size": 1.0, "_time": 52.8085938}, {"$id": 264, "sounds": [{"d": 0.102741241, "p": 77, "v": 102}, {"d": 0.102741241, "p": 70, "v": 102}], "pos": -1.5, "size": 1.0, "_time": 52.9101563}, {"$id": 265, "sounds": [{"d": 0.102737427, "p": 82, "v": 114}, {"d": 0.102737427, "p": 77, "v": 114}], "pos": -0.5, "size": 1.0, "_time": 53.01172}, {"$id": 266, "sounds": [{"d": 0.102741241, "p": 82, "v": 92}, {"d": 0.102741241, "p": 77, "v": 92}], "pos": -0.5, "size": 1.0, "_time": 53.21875}, {"$id": 267, "sounds": [{"d": 0.102741241, "p": 82, "v": 94}, {"d": 0.102741241, "p": 77, "v": 94}], "pos": -0.5, "size": 1.0, "_time": 53.3203125}, {"$id": 268, "sounds": [{"d": 0.102737427, "p": 84, "v": 108}, {"d": 0.102737427, "p": 77, "v": 108}], "pos": 0.5, "size": 1.0, "_time": 53.42578}, {"$id": 269, "sounds": [{"d": 0.102741241, "p": 84, "v": 93}, {"d": 0.102741241, "p": 77, "v": 93}], "pos": 0.5, "size": 1.0, "_time": 53.6289063}, {"$id": 270, "sounds": [{"d": 0.102741241, "p": 84, "v": 110}, {"d": 0.102741241, "p": 77, "v": 106}], "pos": 0.5, "size": 1.0, "_time": 53.734375}, {"$id": 271, "sounds": [{"d": 0.102737427, "p": 87, "v": 99}], "pos": 1.5, "size": 1.0, "_time": 53.8359375}, {"$id": 272, "sounds": [{"d": 0.102737427, "p": 75, "v": 111}], "pos": -0.5, "size": 1.0, "_time": 54.04297}, {"$id": 273, "sounds": [{"d": 0.102741241, "p": 49, "v": 108}], "pos": -2.0, "size": 1.30000007, "_time": 54.2460938}, {"$id": 274, "sounds": [{"d": 0.102741241, "p": 80, "v": 108}, {"d": 0.102741241, "p": 84, "v": 108}], "pos": 2.0, "size": 1.0, "_time": 54.2460938}, {"$id": 275, "sounds": [{"d": 0.102741241, "p": 56, "v": 91}], "pos": -1.0, "size": 1.2, "_time": 54.453125}, {"$id": 276, "sounds": [{"d": 0.102741241, "p": 63, "v": 105}], "size": 1.30000007, "_time": 54.65625, "pos": 0}, {"$id": 277, "sounds": [{"d": 0.102741241, "p": 67, "v": 101}], "pos": 1.0, "size": 1.30000007, "_time": 54.86328}, {"$id": 278, "sounds": [{"d": 0.102737427, "p": 75, "v": 115}], "pos": -1.0, "size": 1.30000007, "_time": 55.0703125}, {"$id": 279, "sounds": [{"d": 0.102737427, "p": 80, "v": 115}], "pos": 2.0, "size": 1.0, "_time": 55.0703125}, {"$id": 280, "sounds": [{"d": 0.102741241, "p": 82, "v": 95}], "pos": 1.0, "size": 1.0, "_time": 55.2734375}, {"$id": 281, "sounds": [{"d": 0.102741241, "p": 80, "v": 107}], "pos": 0.5, "size": 1.0, "_time": 55.375}, {"$id": 282, "sounds": [{"d": 0.102741241, "p": 79, "v": 116}], "size": 1.0, "_time": 55.48047, "pos": 0}, {"$id": 283, "sounds": [{"d": 0.102741241, "p": 75, "v": 101}], "pos": -1.0, "size": 1.0, "_time": 55.6835938}, {"$id": 284, "sounds": [{"d": 0.102737427, "p": 77, "v": 108}], "pos": -2.0, "size": 1.0, "_time": 55.890625}, {"$id": 285, "sounds": [{"d": 0.102741241, "p": 79, "v": 91}], "pos": -1.0, "size": 1.0, "_time": 56.0976563}, {"$id": 286, "sounds": [{"d": 0.102741241, "p": 75, "v": 109}, {"d": 0.102741241, "p": 70, "v": 109}], "pos": 2.0, "size": 1.0, "_time": 56.30078}, {"$id": 287, "sounds": [{"d": 0.102741241, "p": 80, "v": 109}], "size": 1.0, "_time": 56.30078, "pos": 0}, {"$id": 288, "sounds": [{"d": 0.102741241, "p": 82, "v": 96}], "pos": 1.0, "size": 1.0, "_time": 56.5078125}, {"$id": 289, "sounds": [{"d": 0.102741241, "p": 84, "v": 108}], "pos": -1.0, "size": 1.0, "_time": 56.7109375}, {"$id": 290, "sounds": [{"d": 0.102741241, "p": 91, "v": 96}], "pos": 2.0, "size": 1.0, "_time": 56.91797}, {"$id": 291, "sounds": [{"d": 0.102741241, "p": 72, "v": 111}, {"d": 0.102741241, "p": 67, "v": 111}], "pos": 1.0, "size": 1.0, "_time": 57.125}, {"$id": 292, "sounds": [{"d": 0.102741241, "p": 84, "v": 111}], "pos": -1.0, "size": 1.0, "_time": 57.125}, {"$id": 293, "sounds": [{"d": 0.102741241, "p": 87, "v": 95}], "size": 1.0, "_time": 57.328125, "pos": 0}, {"$id": 294, "sounds": [{"d": 0.102737427, "p": 84, "v": 111}], "pos": -2.0, "size": 1.0, "_time": 57.5351563}, {"$id": 295, "sounds": [{"d": 0.102737427, "p": 89, "v": 111}], "pos": 1.0, "size": 1.0, "_time": 57.5351563}, {"$id": 296, "sounds": [{"d": 0.102741241, "p": 77, "v": 100}], "pos": -1.0, "size": 1.0, "_time": 57.73828}, {"$id": 297, "sounds": [{"d": 0.102741241, "p": 89, "v": 97}], "size": 1.0, "_time": 57.9453125, "pos": 0}, {"$id": 298, "sounds": [{"d": 0.102741241, "p": 91, "v": 113}], "pos": 2.0, "size": 1.0, "_time": 58.046875}, {"$id": 299, "sounds": [{"d": 0.102741241, "p": 87, "v": 104}], "size": 1.0, "_time": 58.1523438, "pos": 0}, {"$id": 300, "sounds": [{"d": 0.102741241, "p": 80, "v": 111}], "pos": -2.0, "size": 1.0, "_time": 58.35547}, {"$id": 301, "sounds": [{"d": 0.102741241, "p": 84, "v": 111}], "pos": 1.0, "size": 1.0, "_time": 58.35547}, {"$id": 302, "sounds": [{"d": 0.102741241, "p": 72, "v": 96}], "pos": -1.0, "size": 1.0, "_time": 58.5625}, {"$id": 303, "sounds": [{"d": 0.102741241, "p": 84, "v": 108}], "pos": -2.0, "size": 1.0, "_time": 58.765625}, {"$id": 304, "sounds": [{"d": 0.102741241, "p": 87, "v": 115}], "size": 1.0, "_time": 58.8710938, "pos": 0}, {"$id": 305, "sounds": [{"d": 0.102741241, "p": 80, "v": 105}], "pos": -2.0, "size": 1.0, "_time": 58.9726563}, {"$id": 306, "sounds": [{"d": 0.102741241, "p": 82, "v": 108}], "pos": 1.0, "size": 1.0, "_time": 59.1796875}, {"$id": 307, "sounds": [{"d": 0.102741241, "p": 72, "v": 88}], "pos": -1.0, "size": 1.0, "_time": 59.3828125}, {"$id": 308, "sounds": [{"d": 0.102741241, "p": 79, "v": 105}, {"d": 0.102741241, "p": 70, "v": 105}], "pos": -2.0, "size": 1.0, "_time": 59.5898438}, {"$id": 309, "sounds": [{"d": 0.102741241, "p": 82, "v": 105}], "pos": 2.0, "size": 1.0, "_time": 59.5898438}, {"$id": 310, "sounds": [{"d": 0.102741241, "p": 84, "v": 112}], "pos": 1.0, "size": 1.0, "_time": 59.79297}, {"$id": 311, "sounds": [{"d": 0.102741241, "p": 79, "v": 101}], "pos": -1.0, "size": 1.0, "_time": 60.0}, {"$id": 312, "sounds": [{"d": 0.102741241, "p": 80, "v": 107}], "size": 1.0, "_time": 60.20703, "pos": 0}, {"$id": 313, "sounds": [{"d": 0.102741241, "p": 79, "v": 97}], "pos": -0.5, "size": 1.0, "_time": 60.3085938}, {"$id": 314, "sounds": [{"d": 0.102741241, "p": 75, "v": 111}, {"d": 0.102741241, "p": 67, "v": 111}], "pos": 1.0, "size": 1.0, "_time": 60.4101563}, {"$id": 315, "sounds": [{"d": 0.102741241, "p": 77, "v": 111}], "pos": -1.0, "size": 1.0, "_time": 60.4101563}, {"$id": 316, "sounds": [{"d": 0.102741241, "p": 75, "v": 104}], "pos": -2.0, "size": 1.0, "_time": 60.6171875}, {"$id": 317, "sounds": [{"d": 0.102741241, "p": 84, "v": 109}], "pos": 2.0, "size": 1.0, "_time": 60.8203125}, {"$id": 318, "sounds": [{"d": 0.102737427, "p": 56, "v": 92}, {"w": 0.01171875, "d": 0.102737427, "p": 63, "v": 92}], "pos": -2.0, "size": 1.30000007, "_time": 61.0273438}, {"$id": 319, "sounds": [{"d": 0.102737427, "p": 77, "v": 92}], "pos": 0.5, "size": 1.0, "_time": 61.0273438}, {"$id": 320, "sounds": [{"d": 0.102741241, "p": 79, "v": 103}], "pos": -0.5, "size": 1.0, "_time": 61.234375}, {"$id": 321, "sounds": [{"d": 0.102737427, "p": 63, "v": 99}, {"w": 0.01171875, "d": 0.102737427, "p": 68, "v": 99}], "pos": -1.5, "size": 1.30000007, "_time": 61.4375}, {"$id": 322, "sounds": [{"d": 0.102737427, "p": 87, "v": 99}], "pos": 1.0, "size": 1.0, "_time": 61.4375}, {"$id": 323, "sounds": [{"d": 0.102741241, "p": 80, "v": 108}], "size": 1.0, "_time": 61.64453, "pos": 0}, {"$id": 324, "sounds": [{"d": 0.102737427, "p": 67, "v": 95}, {"w": 0.01171875, "d": 0.102737427, "p": 70, "v": 95}], "pos": -1.0, "size": 1.30000007, "_time": 61.8476563}, {"$id": 325, "sounds": [{"d": 0.102737427, "p": 82, "v": 95}, {"d": 0.102737427, "p": 75, "v": 95}], "pos": 1.5, "size": 1.0, "_time": 61.8476563}, {"$id": 326, "sounds": [{"d": 0.102737427, "p": 80, "v": 105}], "pos": 1.0, "size": 1.0, "_time": 61.953125}, {"$id": 327, "sounds": [{"d": 0.102741241, "p": 79, "v": 116}], "size": 1.0, "_time": 62.0546875, "pos": 0}, {"$id": 328, "sounds": [{"d": 0.102741241, "p": 68, "v": 105}, {"w": 0.0078125, "d": 0.102741241, "p": 75, "v": 105}], "pos": -0.5, "size": 1.30000007, "_time": 62.26172}, {"$id": 329, "sounds": [{"d": 0.102741241, "p": 84, "v": 105}], "pos": 2.0, "size": 1.0, "_time": 62.26172}, {"$id": 330, "sounds": [{"d": 0.102741241, "p": 84, "v": 112}], "pos": 2.0, "size": 1.0, "_time": 62.4648438}, {"$id": 331, "sounds": [{"d": 0.102741241, "p": 56, "v": 101}, {"w": 0.01171875, "d": 0.102741241, "p": 63, "v": 101}], "pos": -2.0, "size": 1.30000007, "_time": 62.671875}, {"$id": 332, "sounds": [{"d": 0.102741241, "p": 77, "v": 101}], "pos": 0.5, "size": 1.0, "_time": 62.671875}, {"$id": 333, "sounds": [{"d": 0.102741241, "p": 79, "v": 111}], "pos": -0.5, "size": 1.0, "_time": 62.875}, {"$id": 334, "sounds": [{"d": 0.102741241, "p": 63, "v": 104}, {"w": 0.01171875, "d": 0.102741241, "p": 68, "v": 104}], "pos": -1.5, "size": 1.30000007, "_time": 63.08203}, {"$id": 335, "sounds": [{"d": 0.102741241, "p": 87, "v": 104}], "pos": 1.0, "size": 1.0, "_time": 63.08203}, {"$id": 336, "sounds": [{"d": 0.102741241, "p": 80, "v": 108}], "size": 1.0, "_time": 63.2890625, "pos": 0}, {"$id": 337, "sounds": [{"d": 0.102741241, "p": 67, "v": 108}, {"w": 0.01171875, "d": 0.102741241, "p": 70, "v": 108}], "pos": -1.0, "size": 1.30000007, "_time": 63.4921875}, {"$id": 338, "sounds": [{"d": 0.102741241, "p": 82, "v": 108}, {"d": 0.102741241, "p": 75, "v": 108}], "pos": 1.5, "size": 1.0, "_time": 63.4921875}, {"$id": 339, "sounds": [{"d": 0.102741241, "p": 80, "v": 95}], "pos": 1.0, "size": 1.0, "_time": 63.5976563}, {"$id": 340, "sounds": [{"d": 0.102741241, "p": 79, "v": 113}], "size": 1.0, "_time": 63.69922, "pos": 0}, {"$id": 341, "sounds": [{"d": 0.102741241, "p": 68, "v": 100}, {"w": 0.01171875, "d": 0.102741241, "p": 75, "v": 100}], "pos": -0.5, "size": 1.30000007, "_time": 63.9023438}, {"$id": 342, "sounds": [{"d": 0.102741241, "p": 84, "v": 100}], "pos": 2.0, "size": 1.0, "_time": 63.9023438}, {"$id": 343, "sounds": [{"d": 0.102737427, "p": 84, "v": 109}], "pos": 2.0, "size": 1.0, "_time": 64.109375}, {"$id": 344, "sounds": [{"d": 0.102737427, "p": 56, "v": 96}, {"w": 0.0078125, "d": 0.102737427, "p": 63, "v": 96}], "pos": -2.0, "size": 1.30000007, "_time": 64.31641}, {"$id": 345, "sounds": [{"d": 0.102737427, "p": 77, "v": 96}], "pos": 0.5, "size": 1.0, "_time": 64.31641}, {"$id": 346, "sounds": [{"d": 0.102737427, "p": 84, "v": 109}], "pos": -0.5, "size": 1.0, "_time": 64.51953}, {"$id": 347, "sounds": [{"d": 0.102737427, "p": 63, "v": 101}, {"w": 0.0078125, "d": 0.102737427, "p": 68, "v": 101}], "pos": -1.5, "size": 1.30000007, "_time": 64.72656}, {"$id": 348, "sounds": [{"d": 0.102737427, "p": 89, "v": 101}], "pos": 1.0, "size": 1.0, "_time": 64.72656}, {"$id": 349, "sounds": [{"d": 0.102737427, "p": 91, "v": 108}], "size": 1.0, "_time": 64.92969, "pos": 0}, {"$id": 350, "sounds": [{"d": 0.102737427, "p": 67, "v": 112}, {"w": 0.0078125, "d": 0.102737427, "p": 70, "v": 112}], "pos": -1.0, "size": 1.30000007, "_time": 65.13672}, {"$id": 351, "sounds": [{"d": 0.102737427, "p": 92, "v": 112}, {"d": 0.102737427, "p": 75, "v": 112}], "pos": 1.5, "size": 1.0, "_time": 65.13672}, {"$id": 352, "sounds": [{"d": 0.102737427, "p": 91, "v": 107}], "pos": 1.0, "size": 1.0, "_time": 65.23828}, {"$id": 353, "sounds": [{"d": 0.102737427, "p": 87, "v": 108}], "size": 1.0, "_time": 65.34375, "pos": 0}, {"$id": 354, "sounds": [{"d": 0.102737427, "p": 68, "v": 109}, {"w": 0.01171875, "d": 0.102737427, "p": 75, "v": 109}], "pos": -0.5, "size": 1.30000007, "_time": 65.546875}, {"$id": 355, "sounds": [{"d": 0.102737427, "p": 84, "v": 109}], "pos": 2.0, "size": 1.0, "_time": 65.546875}, {"$id": 356, "sounds": [{"d": 0.102737427, "p": 53, "v": 113}], "pos": -0.5, "size": 1.0, "_time": 65.75391}, {"$id": 357, "sounds": [{"d": 0.102737427, "p": 89, "v": 113}], "pos": 1.5, "size": 1.0, "_time": 65.75391}, {"$id": 358, "sounds": [{"d": 0.102737427, "p": 60, "v": 117}], "size": 1.0, "_time": 65.890625, "pos": 0}, {"$id": 359, "sounds": [{"d": 0.102737427, "p": 96, "v": 117}], "pos": 2.0, "size": 1.0, "_time": 65.890625}, {"$id": 360, "sounds": [{"d": 0.136985779, "p": 53, "v": 111}], "pos": -0.5, "size": 1.0, "_time": 66.02734}, {"$id": 361, "sounds": [{"d": 0.136985779, "p": 89, "v": 111}], "pos": 1.5, "size": 1.0, "_time": 66.02734}, {"$id": 362, "sounds": [{"d": 0.102737427, "p": 51, "v": 111}], "pos": -1.0, "size": 1.0, "_time": 66.16406}, {"$id": 363, "sounds": [{"d": 0.102737427, "p": 87, "v": 111}], "pos": 1.0, "size": 1.0, "_time": 66.16406}, {"$id": 364, "sounds": [{"d": 0.102737427, "p": 58, "v": 116}], "pos": -0.5, "size": 1.0, "_time": 66.30078}, {"$id": 365, "sounds": [{"d": 0.102737427, "p": 94, "v": 116}], "pos": 1.5, "size": 1.0, "_time": 66.30078}, {"$id": 366, "sounds": [{"d": 0.136985779, "p": 51, "v": 109}], "pos": -1.0, "size": 1.0, "_time": 66.4375}, {"$id": 367, "sounds": [{"d": 0.136985779, "p": 87, "v": 109}], "pos": 1.0, "size": 1.0, "_time": 66.4375}, {"$id": 368, "sounds": [{"d": 0.102737427, "p": 48, "v": 115}], "pos": -1.5, "size": 1.0, "_time": 66.57422}, {"$id": 369, "sounds": [{"d": 0.102737427, "p": 84, "v": 115}], "pos": 0.5, "size": 1.0, "_time": 66.57422}, {"$id": 370, "sounds": [{"d": 0.102737427, "p": 55, "v": 119}], "pos": -1.0, "size": 1.0, "_time": 66.71094}, {"$id": 371, "sounds": [{"d": 0.102737427, "p": 91, "v": 119}], "pos": 1.0, "size": 1.0, "_time": 66.71094}, {"$id": 372, "sounds": [{"d": 0.136985779, "p": 48, "v": 112}], "pos": -1.5, "size": 1.0, "_time": 66.84766}, {"$id": 373, "sounds": [{"d": 0.136985779, "p": 84, "v": 112}], "pos": 0.5, "size": 1.0, "_time": 66.84766}, {"$id": 374, "sounds": [{"d": 0.102737427, "p": 46, "v": 117}], "pos": -2.0, "size": 1.0, "_time": 66.984375}, {"$id": 375, "sounds": [{"d": 0.102737427, "p": 82, "v": 117}], "size": 1.0, "_time": 66.984375, "pos": 0}, {"$id": 376, "sounds": [{"d": 0.102737427, "p": 51, "v": 121}], "pos": -1.5, "size": 1.0, "_time": 67.125}, {"$id": 377, "sounds": [{"d": 0.102737427, "p": 87, "v": 121}], "pos": 0.5, "size": 1.0, "_time": 67.125}, {"$id": 378, "sounds": [{"d": 0.136985779, "p": 46, "v": 116}], "pos": -2.0, "size": 1.0, "_time": 67.26172}, {"$id": 379, "sounds": [{"d": 0.136985779, "p": 82, "v": 116}], "size": 1.0, "_time": 67.26172, "pos": 0}, {"$id": 380, "sounds": [{"d": 0.102737427, "p": 53, "v": 109}], "pos": -1.0, "size": 1.30000007, "_time": 67.39844}, {"$id": 381, "sounds": [{"d": 0.102737427, "p": 80, "v": 109}], "pos": 1.0, "size": 1.0, "_time": 67.39844}, {"$id": 382, "sounds": [{"d": 0.102737427, "p": 72, "v": 82}], "size": 1.0, "_time": 67.5, "pos": 0}, {"$id": 383, "sounds": [{"d": 0.102737427, "p": 80, "v": 74}], "pos": 0.5, "size": 1.0, "_time": 67.60156}, {"$id": 384, "sounds": [{"d": 0.0684967041, "p": 82, "v": 84}], "pos": 1.0, "size": 1.0, "_time": 67.70703}, {"$id": 385, "sounds": [{"d": 0.102737427, "p": 65, "v": 111}, {"d": 0.102737427, "p": 60, "v": 100}], "pos": -0.5, "size": 1.30000007, "_time": 67.80859}, {"$id": 386, "sounds": [{"d": 0.102737427, "p": 87, "v": 111}], "pos": 1.5, "size": 1.0, "_time": 67.80859}, {"$id": 387, "sounds": [{"d": 0.102737427, "p": 51, "v": 105}], "pos": -1.5, "size": 1.30000007, "_time": 68.21875}, {"$id": 388, "sounds": [{"d": 0.102737427, "p": 79, "v": 105}], "pos": 0.5, "size": 1.0, "_time": 68.21875}, {"$id": 389, "sounds": [{"d": 0.0684967041, "p": 72, "v": 62}], "pos": -0.5, "size": 1.0, "_time": 68.32031}, {"$id": 390, "sounds": [{"d": 0.0684967041, "p": 77, "v": 55}], "size": 1.0, "_time": 68.42578, "pos": 0}, {"$id": 391, "sounds": [{"d": 0.0684967041, "p": 79, "v": 84}], "pos": 0.5, "size": 1.0, "_time": 68.52734}, {"$id": 392, "sounds": [{"d": 0.102737427, "p": 58, "v": 113}, {"d": 0.102737427, "p": 63, "v": 113}], "pos": -1.0, "size": 1.30000007, "_time": 68.62891}, {"$id": 393, "sounds": [{"d": 0.102737427, "p": 84, "v": 113}], "pos": 1.0, "size": 1.0, "_time": 68.62891}, {"$id": 394, "sounds": [{"d": 0.102737427, "p": 84, "v": 108}], "pos": 1.5, "size": 1.0, "_time": 69.04297}, {"$id": 395, "sounds": [{"d": 0.102737427, "p": 75, "v": 88}], "pos": -1.5, "size": 1.0, "_time": 69.24609}, {"$id": 396, "sounds": [{"d": 0.102737427, "p": 80, "v": 100}], "pos": 0.5, "size": 1.0, "_time": 69.453125}, {"$id": 397, "sounds": [{"d": 0.102737427, "p": 82, "v": 104}], "pos": 1.5, "size": 1.0, "_time": 69.65625}, {"$id": 398, "sounds": [{"d": 0.102737427, "p": 80, "v": 104}], "pos": -0.5, "size": 1.0, "_time": 69.76172}, {"$id": 399, "sounds": [{"d": 0.102737427, "p": 82, "v": 112}], "pos": 1.5, "size": 1.0, "_time": 69.86328}, {"$id": 400, "sounds": [{"d": 0.102737427, "p": 75, "v": 99}], "pos": 0.5, "size": 1.0, "_time": 70.07031}, {"$id": 401, "sounds": [{"d": 0.102737427, "p": 67, "v": 108}], "pos": -1.5, "size": 1.0, "_time": 70.27344}, {"$id": 402, "sounds": [{"d": 0.102737427, "p": 80, "v": 112}], "pos": 0.5, "size": 1.0, "_time": 70.48047}, {"$id": 403, "sounds": [{"d": 0.102737427, "p": 79, "v": 100}], "size": 1.0, "_time": 70.58203, "pos": 0}, {"$id": 404, "sounds": [{"d": 0.102737427, "p": 77, "v": 112}], "pos": -0.5, "size": 1.0, "_time": 70.68359}, {"$id": 405, "sounds": [{"d": 0.102737427, "p": 65, "v": 82}], "pos": -1.5, "size": 1.0, "_time": 70.890625}, {"$id": 406, "sounds": [{"d": 0.102737427, "p": 72, "v": 104}], "pos": 0.5, "size": 1.0, "_time": 71.09766}, {"$id": 407, "sounds": [{"d": 0.102745056, "p": 79, "v": 100}], "pos": -0.5, "size": 1.0, "_time": 71.30078}, {"$id": 408, "sounds": [{"d": 0.102737427, "p": 80, "v": 105}], "pos": 1.5, "size": 1.0, "_time": 71.40234}, {"$id": 409, "sounds": [{"d": 0.102737427, "p": 79, "v": 111}], "pos": -0.5, "size": 1.0, "_time": 71.50781}, {"$id": 410, "sounds": [{"d": 0.102737427, "p": 70, "v": 87}], "pos": -1.5, "size": 1.0, "_time": 71.71094}, {"$id": 411, "sounds": [{"d": 0.102737427, "p": 75, "v": 107}], "pos": -0.5, "size": 1.0, "_time": 71.91797}, {"$id": 412, "sounds": [{"d": 0.102737427, "p": 79, "v": 93}], "pos": 0.5, "size": 1.0, "_time": 72.125}, {"$id": 413, "sounds": [{"d": 0.102737427, "p": 53, "v": 105}], "pos": -1.5, "size": 1.30000007, "_time": 72.328125}, {"$id": 414, "sounds": [{"d": 0.102737427, "p": 77, "v": 109}], "pos": 1.5, "size": 1.0, "_time": 72.328125}, {"$id": 415, "sounds": [{"d": 0.102737427, "p": 53, "v": 88}], "pos": -1.0, "size": 1.30000007, "_time": 72.53516}, {"$id": 416, "sounds": [{"d": 0.102737427, "p": 72, "v": 96}, {"d": 0.102737427, "p": 84, "v": 96}], "pos": 1.0, "size": 1.0, "_time": 72.53516}, {"$id": 417, "sounds": [{"d": 0.102737427, "p": 53, "v": 97}], "pos": -1.0, "size": 1.30000007, "_time": 72.63672}, {"$id": 418, "sounds": [{"d": 0.102737427, "p": 84, "v": 103}, {"d": 0.102737427, "p": 72, "v": 103}], "pos": 1.0, "size": 1.0, "_time": 72.63672}, {"$id": 419, "sounds": [{"d": 0.102737427, "p": 53, "v": 104}], "pos": -1.0, "size": 1.30000007, "_time": 72.73828}, {"$id": 420, "sounds": [{"d": 0.102737427, "p": 84, "v": 112}, {"d": 0.102737427, "p": 72, "v": 112}], "pos": 1.0, "size": 1.0, "_time": 72.73828}, {"$id": 421, "sounds": [{"d": 0.102737427, "p": 51, "v": 101}], "pos": -1.5, "size": 1.30000007, "_time": 72.94531}, {"$id": 422, "sounds": [{"d": 0.102737427, "p": 82, "v": 96}, {"d": 0.102737427, "p": 70, "v": 96}], "pos": 0.5, "size": 1.0, "_time": 72.94531}, {"$id": 423, "sounds": [{"d": 0.102745056, "p": 51, "v": 91}], "pos": -1.5, "size": 1.30000007, "_time": 73.046875}, {"$id": 424, "sounds": [{"d": 0.102745056, "p": 82, "v": 84}, {"d": 0.102745056, "p": 70, "v": 84}], "pos": 0.5, "size": 1.0, "_time": 73.046875}, {"$id": 425, "sounds": [{"d": 0.102737427, "p": 51, "v": 108}], "pos": -1.5, "size": 1.30000007, "_time": 73.15234}, {"$id": 426, "sounds": [{"d": 0.102737427, "p": 82, "v": 107}, {"d": 0.102737427, "p": 70, "v": 107}], "pos": 0.5, "size": 1.0, "_time": 73.15234}, {"$id": 427, "sounds": [{"d": 0.102737427, "p": 51, "v": 96}], "pos": -1.5, "size": 1.30000007, "_time": 73.35547}, {"$id": 428, "sounds": [{"d": 0.102737427, "p": 87, "v": 91}, {"d": 0.102737427, "p": 75, "v": 91}], "pos": 1.5, "size": 1.0, "_time": 73.35547}, {"$id": 429, "sounds": [{"d": 0.102737427, "p": 51, "v": 105}], "pos": -1.5, "size": 1.30000007, "_time": 73.45703}, {"$id": 430, "sounds": [{"d": 0.102737427, "p": 87, "v": 97}, {"d": 0.102737427, "p": 75, "v": 97}], "pos": 1.5, "size": 1.0, "_time": 73.45703}, {"$id": 431, "sounds": [{"d": 0.102737427, "p": 51, "v": 105}], "pos": -1.5, "size": 1.30000007, "_time": 73.5625}, {"$id": 432, "sounds": [{"d": 0.102737427, "p": 87, "v": 109}, {"d": 0.102737427, "p": 75, "v": 109}], "pos": 1.5, "size": 1.0, "_time": 73.5625}, {"$id": 433, "sounds": [{"d": 0.102737427, "p": 51, "v": 105}], "pos": -1.5, "size": 1.30000007, "_time": 73.765625}, {"$id": 434, "sounds": [{"d": 0.102737427, "p": 79, "v": 109}, {"d": 0.102737427, "p": 67, "v": 109}], "size": 1.0, "_time": 73.765625, "pos": 0}, {"$id": 435, "sounds": [{"d": 0.102737427, "p": 73, "v": 96}], "pos": -1.0, "size": 1.0, "_time": 73.97266}, {"$id": 436, "sounds": [{"d": 0.102737427, "p": 80, "v": 79}], "size": 1.0, "_time": 74.17969, "pos": 0}, {"$id": 437, "sounds": [{"d": 0.102737427, "p": 63, "v": 95}], "pos": -2.0, "size": 1.30000007, "_time": 74.38281}, {"$id": 438, "sounds": [{"d": 0.102737427, "p": 82, "v": 95}], "pos": 1.0, "size": 1.0, "_time": 74.38281}, {"$id": 439, "sounds": [{"d": 0.102745056, "p": 80, "v": 93}], "size": 1.0, "_time": 74.58984, "pos": 0}, {"$id": 440, "sounds": [{"d": 0.102737427, "p": 72, "v": 93}], "pos": -1.0, "size": 1.0, "_time": 74.79297}, {"$id": 441, "sounds": [{"d": 0.102737427, "p": 80, "v": 82}], "size": 1.0, "_time": 75.0, "pos": 0}, {"$id": 442, "sounds": [{"d": 0.102737427, "p": 60, "v": 95}], "pos": -2.0, "size": 1.30000007, "_time": 75.20703}, {"$id": 443, "sounds": [{"d": 0.102737427, "p": 82, "v": 95}], "pos": 1.0, "size": 1.0, "_time": 75.20703}, {"$id": 444, "sounds": [{"d": 0.102737427, "p": 80, "v": 83}], "size": 1.0, "_time": 75.41016, "pos": 0}, {"$id": 445, "sounds": [{"d": 0.102737427, "p": 71, "v": 75}], "pos": -1.5, "size": 1.0, "_time": 75.61719}, {"$id": 446, "sounds": [{"d": 0.102737427, "p": 79, "v": 89}], "pos": -0.5, "size": 1.0, "_time": 75.82031}, {"$id": 447, "sounds": [{"d": 0.102737427, "p": 59, "v": 96}], "pos": -2.0, "size": 1.30000007, "_time": 76.02734}, {"$id": 448, "sounds": [{"d": 0.102737427, "p": 80, "v": 96}], "pos": 0.5, "size": 1.0, "_time": 76.02734}, {"$id": 449, "sounds": [{"d": 0.102737427, "p": 79, "v": 89}], "pos": -0.5, "size": 1.0, "_time": 76.234375}, {"$id": 450, "sounds": [{"d": 0.102737427, "p": 77, "v": 92}], "size": 1.0, "_time": 76.4375, "pos": 0}, {"$id": 451, "sounds": [{"d": 0.102737427, "p": 72, "v": 83}], "pos": -1.0, "size": 1.0, "_time": 76.64453}, {"$id": 452, "sounds": [{"d": 0.102737427, "p": 76, "v": 96}], "size": 1.0, "_time": 76.84766, "pos": 0}, {"$id": 453, "sounds": [{"d": 0.102737427, "p": 60, "v": 91}], "pos": -2.0, "size": 1.30000007, "_time": 77.05469}, {"$id": 454, "sounds": [{"d": 0.102737427, "p": 79, "v": 91}], "pos": 1.0, "size": 1.0, "_time": 77.05469}, {"$id": 455, "sounds": [{"d": 0.102737427, "p": 85, "v": 85}], "size": 1.0, "_time": 77.26172, "pos": 0}, {"$id": 456, "sounds": [{"d": 0.102737427, "p": 92, "v": 63}], "pos": 1.0, "size": 1.0, "_time": 77.46484}, {"$id": 457, "sounds": [{"d": 0.102737427, "p": 94, "v": 78}], "pos": 2.0, "size": 1.0, "_time": 77.671875}, {"$id": 458, "sounds": [{"d": 0.102737427, "p": 75, "v": 78}], "pos": -1.0, "size": 1.30000007, "_time": 77.6875}, {"$id": 459, "sounds": [{"d": 0.102737427, "p": 92, "v": 63}], "pos": 1.0, "size": 1.0, "_time": 77.875}, {"$id": 460, "sounds": [{"d": 0.102737427, "p": 84, "v": 58}], "size": 1.0, "_time": 78.08203, "pos": 0}, {"$id": 461, "sounds": [{"d": 0.102737427, "p": 92, "v": 70}], "pos": 1.0, "size": 1.0, "_time": 78.28906}, {"$id": 462, "sounds": [{"d": 0.102737427, "p": 94, "v": 63}], "pos": 2.0, "size": 1.0, "_time": 78.49219}, {"$id": 463, "sounds": [{"d": 0.102737427, "p": 72, "v": 63}], "pos": -1.0, "size": 1.30000007, "_time": 78.51172}, {"$id": 464, "sounds": [{"d": 0.102737427, "p": 92, "v": 75}], "pos": 1.0, "size": 1.0, "_time": 78.69922}, {"$id": 465, "sounds": [{"d": 0.102737427, "p": 83, "v": 67}], "pos": -0.5, "size": 1.0, "_time": 78.90234}, {"$id": 466, "sounds": [{"d": 0.102737427, "p": 91, "v": 72}], "pos": 0.5, "size": 1.0, "_time": 79.109375}, {"$id": 467, "sounds": [{"d": 0.102737427, "p": 92, "v": 84}], "pos": 1.5, "size": 1.0, "_time": 79.31641}, {"$id": 468, "sounds": [{"d": 0.102737427, "p": 71, "v": 84}], "pos": -1.0, "size": 1.30000007, "_time": 79.33203}, {"$id": 469, "sounds": [{"d": 0.102737427, "p": 91, "v": 72}], "pos": 0.5, "size": 1.0, "_time": 79.51953}, {"$id": 470, "sounds": [{"d": 0.102737427, "p": 89, "v": 82}], "pos": 1.0, "size": 1.0, "_time": 79.72656}, {"$id": 471, "sounds": [{"d": 0.102737427, "p": 84, "v": 80}], "size": 1.0, "_time": 79.92969, "pos": 0}, {"$id": 472, "sounds": [{"d": 0.102737427, "p": 88, "v": 95}], "pos": 1.0, "size": 1.0, "_time": 80.13672}, {"$id": 473, "sounds": [{"d": 0.102737427, "p": 79, "v": 92}], "pos": 1.0, "size": 1.0, "_time": 80.34375}, {"$id": 474, "sounds": [{"d": 0.102737427, "p": 72, "v": 92}], "pos": -1.0, "size": 1.30000007, "_time": 80.359375}, {"$id": 475, "sounds": [{"d": 0.102737427, "p": 73, "v": 96}], "pos": -1.0, "size": 1.0, "_time": 80.546875}, {"$id": 476, "sounds": [{"d": 0.102737427, "p": 80, "v": 79}], "size": 1.0, "_time": 80.75391, "pos": 0}, {"$id": 477, "sounds": [{"d": 0.102737427, "p": 63, "v": 95}], "pos": -2.0, "size": 1.30000007, "_time": 80.95703}, {"$id": 478, "sounds": [{"d": 0.102737427, "p": 82, "v": 95}], "pos": 1.0, "size": 1.0, "_time": 80.95703}, {"$id": 479, "sounds": [{"d": 0.102737427, "p": 80, "v": 93}], "size": 1.0, "_time": 81.16406, "pos": 0}, {"$id": 480, "sounds": [{"d": 0.102737427, "p": 72, "v": 93}], "pos": -1.0, "size": 1.0, "_time": 81.37109}, {"$id": 481, "sounds": [{"d": 0.102737427, "p": 80, "v": 82}], "size": 1.0, "_time": 81.57422, "pos": 0}, {"$id": 482, "sounds": [{"d": 0.102737427, "p": 60, "v": 95}], "pos": -2.0, "size": 1.30000007, "_time": 81.78125}, {"$id": 483, "sounds": [{"d": 0.102737427, "p": 82, "v": 95}], "pos": 1.0, "size": 1.0, "_time": 81.78125}, {"$id": 484, "sounds": [{"d": 0.102737427, "p": 80, "v": 83}], "size": 1.0, "_time": 81.984375, "pos": 0}, {"$id": 485, "sounds": [{"d": 0.102737427, "p": 71, "v": 75}], "pos": -1.5, "size": 1.0, "_time": 82.19141}, {"$id": 486, "sounds": [{"d": 0.102737427, "p": 79, "v": 89}], "pos": -0.5, "size": 1.0, "_time": 82.39844}, {"$id": 487, "sounds": [{"d": 0.102737427, "p": 59, "v": 96}], "pos": -2.0, "size": 1.30000007, "_time": 82.60156}, {"$id": 488, "sounds": [{"d": 0.102737427, "p": 80, "v": 96}], "pos": 0.5, "size": 1.0, "_time": 82.60156}, {"$id": 489, "sounds": [{"d": 0.102737427, "p": 79, "v": 89}], "pos": -0.5, "size": 1.0, "_time": 82.80859}, {"$id": 490, "sounds": [{"d": 0.102737427, "p": 77, "v": 92}], "size": 1.0, "_time": 83.01172, "pos": 0}, {"$id": 491, "sounds": [{"d": 0.102737427, "p": 72, "v": 83}], "pos": -1.0, "size": 1.0, "_time": 83.21875}, {"$id": 492, "sounds": [{"d": 0.102737427, "p": 76, "v": 96}], "size": 1.0, "_time": 83.42578, "pos": 0}, {"$id": 493, "sounds": [{"d": 0.102745056, "p": 60, "v": 91}], "pos": -2.0, "size": 1.30000007, "_time": 83.62891}, {"$id": 494, "sounds": [{"d": 0.102745056, "p": 79, "v": 91}], "pos": 1.0, "size": 1.0, "_time": 83.62891}, {"$id": 495, "sounds": [{"d": 0.102737427, "p": 85, "v": 85}], "size": 1.0, "_time": 83.83594, "pos": 0}, {"$id": 496, "sounds": [{"d": 0.102737427, "p": 92, "v": 63}], "pos": 1.0, "size": 1.0, "_time": 84.03906}, {"$id": 497, "sounds": [{"d": 0.102737427, "p": 94, "v": 78}], "pos": 2.0, "size": 1.0, "_time": 84.24609}, {"$id": 498, "sounds": [{"d": 0.102737427, "p": 75, "v": 78}], "pos": -1.0, "size": 1.30000007, "_time": 84.25391}, {"$id": 499, "sounds": [{"d": 0.102745056, "p": 92, "v": 63}], "pos": 1.0, "size": 1.0, "_time": 84.453125}, {"$id": 500, "sounds": [{"d": 0.102737427, "p": 84, "v": 58}], "size": 1.0, "_time": 84.65625, "pos": 0}, {"$id": 501, "sounds": [{"d": 0.102737427, "p": 92, "v": 70}], "pos": 1.0, "size": 1.0, "_time": 84.86328}, {"$id": 502, "sounds": [{"d": 0.102737427, "p": 94, "v": 63}], "pos": 2.0, "size": 1.0, "_time": 85.06641}, {"$id": 503, "sounds": [{"d": 0.102737427, "p": 72, "v": 63}], "pos": -1.0, "size": 1.30000007, "_time": 85.078125}, {"$id": 504, "sounds": [{"d": 0.102737427, "p": 92, "v": 75}], "pos": 1.0, "size": 1.0, "_time": 85.27344}, {"$id": 505, "sounds": [{"d": 0.102737427, "p": 83, "v": 67}], "pos": -0.5, "size": 1.0, "_time": 85.48047}, {"$id": 506, "sounds": [{"d": 0.102737427, "p": 91, "v": 72}], "pos": 0.5, "size": 1.0, "_time": 85.68359}, {"$id": 507, "sounds": [{"d": 0.102737427, "p": 92, "v": 84}], "pos": 1.5, "size": 1.0, "_time": 85.890625}, {"$id": 508, "sounds": [{"d": 0.102737427, "p": 71, "v": 84}], "pos": -1.0, "size": 1.30000007, "_time": 85.89844}, {"$id": 509, "sounds": [{"d": 0.102737427, "p": 91, "v": 72}], "pos": 0.5, "size": 1.0, "_time": 86.09375}, {"$id": 510, "sounds": [{"d": 0.102737427, "p": 89, "v": 82}], "pos": 1.0, "size": 1.0, "_time": 86.30078}, {"$id": 511, "sounds": [{"d": 0.102737427, "p": 84, "v": 80}], "size": 1.0, "_time": 86.50781, "pos": 0}, {"$id": 512, "sounds": [{"d": 0.102737427, "p": 88, "v": 95}], "pos": 1.0, "size": 1.0, "_time": 86.71094}, {"$id": 513, "sounds": [{"d": 0.102737427, "p": 72, "v": 92}], "pos": -1.0, "size": 1.30000007, "_time": 86.91797}, {"$id": 514, "sounds": [{"d": 0.102737427, "p": 96, "v": 92}], "pos": 1.0, "size": 1.0, "_time": 86.91797}, {"$id": 515, "sounds": [{"d": 0.102737427, "p": 53, "v": 113}, {"d": 0.102737427, "p": 41, "v": 113}], "pos": -1.5, "size": 1.30000007, "_time": 87.12109}, {"$id": 516, "sounds": [{"d": 0.102737427, "p": 77, "v": 113}, {"w": 0.01171875, "d": 0.102737427, "p": 89, "v": 113}], "pos": 1.5, "size": 1.0, "_time": 87.12109}, {"$id": 517, "sounds": [{"d": 0.102737427, "p": 84, "v": 104}, {"w": 0.0078125, "d": 0.102737427, "p": 96, "v": 104}], "pos": 0.5, "size": 1.0, "_time": 87.53516}, {"$id": 518, "sounds": [{"d": 0.102745056, "p": 53, "v": 113}, {"w": 0.01171875, "d": 0.102745056, "p": 60, "v": 113}, {"w": 0.02734375, "d": 0.102745056, "p": 65, "v": 113}], "pos": -0.5, "size": 1.30000007, "_time": 87.9375}, {"$id": 519, "sounds": [{"d": 0.102745056, "p": 87, "v": 113}, {"w": 0.0078125, "d": 0.102745056, "p": 99, "v": 113}], "pos": 1.5, "size": 1.0, "_time": 87.94531}, {"$id": 520, "sounds": [{"d": 0.102737427, "p": 86, "v": 104}, {"w": 0.0078125, "d": 0.102737427, "p": 98, "v": 104}], "pos": 0.5, "size": 1.0, "_time": 88.35547}, {"$id": 521, "sounds": [{"d": 0.102737427, "p": 55, "v": 112}, {"d": 0.102737427, "p": 43, "v": 112}], "pos": -1.5, "size": 1.30000007, "_time": 88.765625}, {"$id": 522, "sounds": [{"d": 0.102737427, "p": 82, "v": 112}, {"w": 0.0078125, "d": 0.102737427, "p": 94, "v": 112}], "pos": 1.5, "size": 1.0, "_time": 88.765625}, {"$id": 523, "sounds": [{"d": 0.102737427, "p": 84, "v": 100}, {"w": 0.0078125, "d": 0.102737427, "p": 96, "v": 100}], "pos": 0.5, "size": 1.0, "_time": 89.17969}, {"$id": 524, "sounds": [{"d": 0.102737427, "p": 67, "v": 108}, {"d": 0.102737427, "p": 55, "v": 108}], "pos": -0.5, "size": 1.30000007, "_time": 89.38281}, {"$id": 525, "sounds": [{"d": 0.102737427, "p": 67, "v": 104}, {"d": 0.102737427, "p": 55, "v": 104}], "pos": -0.5, "size": 1.30000007, "_time": 89.484375}, {"$id": 526, "sounds": [{"d": 0.102737427, "p": 67, "v": 116}, {"d": 0.102737427, "p": 55, "v": 116}], "pos": -0.5, "size": 1.30000007, "_time": 89.58984}, {"$id": 527, "sounds": [{"d": 0.102737427, "p": 80, "v": 116}, {"w": 0.0078125, "d": 0.102737427, "p": 92, "v": 116}], "pos": 1.5, "size": 1.0, "_time": 89.58984}, {"$id": 528, "sounds": [{"d": 0.102737427, "p": 79, "v": 111}, {"w": 0.0078125, "d": 0.102737427, "p": 91, "v": 111}], "pos": -1.5, "size": 1.0, "_time": 90.0}, {"$id": 529, "sounds": [{"d": 0.102737427, "p": 44, "v": 115}, {"d": 0.102737427, "p": 56, "v": 115}], "pos": -2.0, "size": 1.30000007, "_time": 90.41016}, {"$id": 530, "sounds": [{"d": 0.102737427, "p": 77, "v": 115}, {"w": 0.0078125, "d": 0.102737427, "p": 89, "v": 115}], "pos": 1.0, "size": 1.0, "_time": 90.41016}, {"$id": 531, "sounds": [{"d": 0.102737427, "p": 68, "v": 104}, {"d": 0.102737427, "p": 56, "v": 104}], "pos": -1.5, "size": 1.30000007, "_time": 90.82031}, {"$id": 532, "sounds": [{"d": 0.102737427, "p": 84, "v": 104}, {"w": 0.01171875, "d": 0.102737427, "p": 96, "v": 104}], "pos": 1.0, "size": 1.0, "_time": 90.82031}, {"$id": 533, "sounds": [{"d": 0.102737427, "p": 75, "v": 112}, {"d": 0.102737427, "p": 63, "v": 112}], "pos": -0.5, "size": 1.30000007, "_time": 91.234375}, {"$id": 534, "sounds": [{"d": 0.102737427, "p": 87, "v": 112}, {"w": 0.0078125, "d": 0.102737427, "p": 99, "v": 112}], "pos": 1.5, "size": 1.0, "_time": 91.234375}, {"$id": 535, "sounds": [{"d": 0.102737427, "p": 63, "v": 109}, {"d": 0.102737427, "p": 51, "v": 109}], "pos": -1.5, "size": 1.30000007, "_time": 91.64453}, {"$id": 536, "sounds": [{"d": 0.102737427, "p": 84, "v": 109}, {"w": 0.0078125, "d": 0.102737427, "p": 96, "v": 109}], "pos": 0.5, "size": 1.0, "_time": 91.64453}, {"$id": 537, "sounds": [{"d": 0.102737427, "p": 58, "v": 115}, {"d": 0.102737427, "p": 46, "v": 115}], "pos": -2.0, "size": 1.30000007, "_time": 92.05469}, {"$id": 538, "sounds": [{"d": 0.102737427, "p": 86, "v": 115}, {"w": 0.0078125, "d": 0.102737427, "p": 98, "v": 115}], "pos": 2.0, "size": 1.0, "_time": 92.05469}, {"$id": 539, "sounds": [{"d": 0.102737427, "p": 65, "v": 108}, {"d": 0.102737427, "p": 53, "v": 108}], "pos": -1.5, "size": 1.30000007, "_time": 92.46484}, {"$id": 540, "sounds": [{"d": 0.102737427, "p": 83, "v": 108}, {"w": 0.0078125, "d": 0.102737427, "p": 95, "v": 108}], "pos": 1.5, "size": 1.0, "_time": 92.46484}, {"$id": 541, "sounds": [{"d": 0.102737427, "p": 60, "v": 115}, {"d": 0.102737427, "p": 48, "v": 115}], "pos": -1.0, "size": 1.30000007, "_time": 92.875}, {"$id": 542, "sounds": [{"d": 0.102737427, "p": 84, "v": 115}, {"w": 0.01171875, "d": 0.102737427, "p": 96, "v": 115}], "pos": 1.0, "size": 1.0, "_time": 92.875}, {"$id": 543, "sounds": [{"d": 0.102737427, "p": 67, "v": 112}, {"d": 0.102737427, "p": 55, "v": 112}], "pos": -1.5, "size": 1.30000007, "_time": 93.28906}, {"$id": 544, "sounds": [{"d": 0.102737427, "p": 79, "v": 112}, {"w": 0.0078125, "d": 0.102737427, "p": 91, "v": 112}], "pos": 1.5, "size": 1.0, "_time": 93.28906}, {"$id": 545, "sounds": [{"d": 0.102737427, "p": 53, "v": 109}, {"d": 0.102737427, "p": 41, "v": 109}], "pos": -2.0, "size": 1.30000007, "_time": 93.69922}, {"$id": 546, "sounds": [{"d": 0.102737427, "p": 65, "v": 113}, {"w": 0.0078125, "d": 0.102737427, "p": 77, "v": 113}], "size": 1.0, "_time": 93.69922, "pos": 0}, {"$id": 547, "sounds": [{"d": 0.102737427, "p": 60, "v": 112}, {"d": 0.102737427, "p": 55, "v": 112}], "pos": -1.0, "size": 1.0, "_time": 93.90234}, {"$id": 548, "sounds": [{"d": 0.102737427, "p": 72, "v": 115}, {"w": 0.0078125, "d": 0.102737427, "p": 84, "v": 115}], "pos": 1.0, "size": 1.0, "_time": 94.109375}, {"$id": 549, "sounds": [{"d": 0.102737427, "p": 68, "v": 109}, {"d": 0.102737427, "p": 63, "v": 109}], "pos": -1.0, "size": 1.0, "_time": 94.31641}, {"$id": 550, "sounds": [{"d": 0.102737427, "p": 75, "v": 113}, {"w": 0.0078125, "d": 0.102737427, "p": 87, "v": 113}], "pos": 2.0, "size": 1.0, "_time": 94.51953}, {"$id": 551, "sounds": [{"d": 0.102737427, "p": 70, "v": 113}, {"d": 0.102737427, "p": 65, "v": 113}], "pos": -1.0, "size": 1.0, "_time": 94.72656}, {"$id": 552, "sounds": [{"d": 0.102737427, "p": 74, "v": 116}, {"w": 0.01171875, "d": 0.102737427, "p": 86, "v": 116}], "pos": 1.0, "size": 1.0, "_time": 94.92969}, {"$id": 553, "sounds": [{"d": 0.102737427, "p": 67, "v": 109}, {"d": 0.102737427, "p": 63, "v": 109}], "pos": -1.0, "size": 1.0, "_time": 95.13672}, {"$id": 554, "sounds": [{"d": 0.102737427, "p": 55, "v": 109}, {"d": 0.102737427, "p": 43, "v": 109}], "pos": -2.0, "size": 1.30000007, "_time": 95.34375}, {"$id": 555, "sounds": [{"d": 0.102737427, "p": 70, "v": 112}, {"w": 0.0078125, "d": 0.102737427, "p": 82, "v": 112}], "size": 1.0, "_time": 95.34375, "pos": 0}, {"$id": 556, "sounds": [{"d": 0.102737427, "p": 60, "v": 112}, {"d": 0.102737427, "p": 55, "v": 112}], "pos": -1.0, "size": 1.0, "_time": 95.546875}, {"$id": 557, "sounds": [{"d": 0.102737427, "p": 72, "v": 100}, {"w": 0.0078125, "d": 0.102737427, "p": 84, "v": 100}], "pos": 2.0, "size": 1.0, "_time": 95.75391}, {"$id": 558, "sounds": [{"d": 0.102737427, "p": 68, "v": 109}, {"d": 0.102737427, "p": 63, "v": 109}], "pos": -1.0, "size": 1.0, "_time": 95.95703}, {"$id": 559, "sounds": [{"d": 0.102737427, "p": 68, "v": 116}, {"w": 0.0078125, "d": 0.102737427, "p": 80, "v": 116}], "pos": 1.0, "size": 1.0, "_time": 96.16406}, {"$id": 560, "sounds": [{"d": 0.102737427, "p": 70, "v": 113}, {"d": 0.102737427, "p": 65, "v": 113}], "pos": -1.0, "size": 1.0, "_time": 96.37109}, {"$id": 561, "sounds": [{"d": 0.102737427, "p": 67, "v": 111}, {"w": 0.0078125, "d": 0.102737427, "p": 79, "v": 111}], "size": 1.0, "_time": 96.57422, "pos": 0}, {"$id": 562, "sounds": [{"d": 0.102737427, "p": 67, "v": 109}, {"d": 0.102737427, "p": 63, "v": 109}], "pos": -1.0, "size": 1.0, "_time": 96.78125}, {"$id": 563, "sounds": [{"d": 0.102737427, "p": 56, "v": 100}, {"d": 0.102737427, "p": 44, "v": 100}], "pos": -2.0, "size": 1.30000007, "_time": 96.984375}, {"$id": 564, "sounds": [{"d": 0.102737427, "p": 65, "v": 115}, {"w": 0.01171875, "d": 0.102737427, "p": 77, "v": 115}], "size": 1.0, "_time": 96.984375, "pos": 0}, {"$id": 565, "sounds": [{"d": 0.102737427, "p": 65, "v": 111}, {"d": 0.102737427, "p": 58, "v": 111}], "pos": -1.0, "size": 1.0, "_time": 97.19141}, {"$id": 566, "sounds": [{"d": 0.102737427, "p": 72, "v": 111}, {"w": 0.0078125, "d": 0.102737427, "p": 84, "v": 111}], "pos": 1.0, "size": 1.0, "_time": 97.39844}, {"$id": 567, "sounds": [{"d": 0.102737427, "p": 70, "v": 115}, {"d": 0.102737427, "p": 65, "v": 115}], "pos": -1.0, "size": 1.0, "_time": 97.60156}, {"$id": 568, "sounds": [{"d": 0.102737427, "p": 75, "v": 112}, {"w": 0.0078125, "d": 0.102737427, "p": 87, "v": 112}], "pos": 2.0, "size": 1.0, "_time": 97.80859}, {"$id": 569, "sounds": [{"d": 0.102737427, "p": 72, "v": 116}, {"d": 0.102737427, "p": 68, "v": 116}], "pos": -1.0, "size": 1.0, "_time": 98.01172}, {"$id": 570, "sounds": [{"d": 0.102737427, "p": 72, "v": 111}, {"w": 0.0078125, "d": 0.102737427, "p": 84, "v": 111}], "pos": 1.0, "size": 1.0, "_time": 98.21875}, {"$id": 571, "sounds": [{"d": 0.102737427, "p": 68, "v": 113}, {"d": 0.102737427, "p": 63, "v": 113}], "pos": -1.0, "size": 1.0, "_time": 98.42578}, {"$id": 572, "sounds": [{"d": 0.102737427, "p": 74, "v": 109}, {"w": 0.0078125, "d": 0.102737427, "p": 86, "v": 109}], "pos": 2.0, "size": 1.0, "_time": 98.62891}, {"$id": 573, "sounds": [{"d": 0.136985779, "p": 70, "v": 109}, {"d": 0.136985779, "p": 58, "v": 109}], "size": 1.30000007, "_time": 98.62891, "pos": 0}, {"$id": 574, "sounds": [{"d": 0.136985779, "p": 63, "v": 101}, {"d": 0.136985779, "p": 51, "v": 101}], "pos": -1.5, "size": 1.30000007, "_time": 98.90234}, {"$id": 575, "sounds": [{"d": 0.102737427, "p": 71, "v": 99}, {"w": 0.01171875, "d": 0.102737427, "p": 83, "v": 99}], "pos": 0.5, "size": 1.0, "_time": 99.03906}, {"$id": 576, "sounds": [{"d": 0.142982483, "p": 68, "v": 100}, {"d": 0.142982483, "p": 56, "v": 100}], "pos": -0.5, "size": 1.30000007, "_time": 99.17578}, {"$id": 577, "sounds": [{"d": 0.102737427, "p": 72, "v": 93}, {"w": 0.0078125, "d": 0.102737427, "p": 84, "v": 93}], "pos": 1.5, "size": 1.0, "_time": 99.453125}, {"$id": 578, "sounds": [{"d": 0.142974854, "p": 67, "v": 93}, {"d": 0.142974854, "p": 55, "v": 93}], "pos": -1.0, "size": 1.30000007, "_time": 99.453125}, {"$id": 579, "sounds": [{"d": 0.142982483, "p": 60, "v": 83}, {"d": 0.142982483, "p": 48, "v": 83}], "pos": -2.0, "size": 1.30000007, "_time": 99.72656}, {"$id": 580, "sounds": [{"d": 0.102745056, "p": 67, "v": 76}, {"w": 0.0078125, "d": 0.102737427, "p": 79, "v": 76}], "size": 1.0, "_time": 99.86328, "pos": 0}, {"$id": 581, "sounds": [{"d": 0.142982483, "p": 63, "v": 95}, {"d": 0.142982483, "p": 51, "v": 95}], "pos": -1.5, "size": 1.30000007, "_time": 100.0}, {"$id": 582, "sounds": [{"d": 0.102737427, "p": 49, "v": 104}], "pos": -1.5, "size": 1.30000007, "_time": 100.273438}, {"$id": 583, "sounds": [{"d": 0.102737427, "p": 72, "v": 104}], "pos": 1.5, "size": 1.0, "_time": 100.273438}, {"$id": 584, "sounds": [{"d": 0.102737427, "p": 55, "v": 92}, {"d": 0.102737427, "p": 60, "v": 92}], "pos": -0.5, "size": 1.30000007, "_time": 100.683594}, {"$id": 585, "sounds": [{"d": 0.102737427, "p": 65, "v": 97}], "pos": 0.5, "size": 1.30000007, "_time": 101.09375}, {"$id": 586, "sounds": [{"d": 0.102737427, "p": 51, "v": 100}], "pos": -1.5, "size": 1.30000007, "_time": 101.917969}, {"$id": 587, "sounds": [{"d": 0.102737427, "p": 68, "v": 100}], "pos": 0.5, "size": 1.0, "_time": 101.917969}, {"$id": 588, "sounds": [{"d": 0.102737427, "p": 58, "v": 80}, {"d": 0.102737427, "p": 55, "v": 80}], "pos": -0.5, "size": 1.30000007, "_time": 102.328125}, {"$id": 589, "sounds": [{"d": 0.102737427, "p": 70, "v": 91}], "pos": 1.5, "size": 1.0, "_time": 102.535156}, {"$id": 590, "sounds": [{"d": 0.102737427, "p": 68, "v": 92}], "pos": 1.0, "size": 1.0, "_time": 102.636719}, {"$id": 591, "sounds": [{"d": 0.102737427, "p": 67, "v": 99}], "pos": 0.5, "size": 1.0, "_time": 102.738281}, {"$id": 592, "sounds": [{"d": 0.102737427, "p": 63, "v": 87}], "pos": -0.5, "size": 1.0, "_time": 103.148438}, {"$id": 593, "sounds": [{"d": 0.102737427, "p": 65, "v": 93}], "pos": -2.0, "size": 1.0, "_time": 103.5625}, {"$id": 594, "sounds": [{"d": 0.102737427, "p": 67, "v": 72}], "pos": -1.0, "size": 1.0, "_time": 103.972656}, {"$id": 595, "sounds": [{"d": 0.102737427, "p": 68, "v": 85}], "size": 1.0, "_time": 104.382813, "pos": 0}, {"$id": 596, "sounds": [{"d": 0.102737427, "p": 70, "v": 91}], "pos": 1.0, "size": 1.0, "_time": 104.792969}, {"$id": 597, "sounds": [{"d": 0.102737427, "p": 60, "v": 88}], "pos": -0.5, "size": 1.0, "_time": 105.203125}, {"$id": 598, "sounds": [{"d": 0.102737427, "p": 63, "v": 74}], "pos": 0.5, "size": 1.0, "_time": 105.410156}, {"$id": 599, "sounds": [{"d": 0.102737427, "p": 65, "v": 87}], "pos": 1.5, "size": 1.0, "_time": 105.617188}, {"$id": 600, "sounds": [{"d": 0.102737427, "p": 60, "v": 76}], "pos": -0.5, "size": 1.0, "_time": 105.820313}, {"$id": 601, "sounds": [{"d": 0.102737427, "p": 56, "v": 93}], "pos": 0.5, "size": 1.0, "_time": 106.027344}, {"$id": 602, "sounds": [{"d": 0.102737427, "p": 55, "v": 82}], "pos": -0.5, "size": 1.0, "_time": 106.230469}, {"$id": 603, "sounds": [{"d": 0.102737427, "p": 53, "v": 96}], "pos": -1.5, "size": 1.0, "_time": 106.4375}, {"$id": 604, "sounds": [{"d": 0.102737427, "p": 63, "v": 96}], "pos": 1.5, "size": 1.0, "_time": 106.4375}, {"$id": 605, "sounds": [{"d": 0.102737427, "p": 56, "v": 105}, {"d": 0.102737427, "p": 49, "v": 105}], "pos": -1.5, "size": 1.30000007, "_time": 106.847656}, {"$id": 606, "sounds": [{"d": 0.102737427, "p": 72, "v": 105}], "pos": 1.5, "size": 1.0, "_time": 106.847656}, {"$id": 607, "sounds": [{"d": 0.102737427, "p": 63, "v": 84}, {"d": 0.102737427, "p": 60, "v": 84}], "pos": -0.5, "size": 1.30000007, "_time": 107.257813}, {"$id": 608, "sounds": [{"d": 0.102737427, "p": 65, "v": 96}], "pos": 0.5, "size": 1.30000007, "_time": 107.671875}, {"$id": 609, "sounds": [{"d": 0.102737427, "p": 63, "v": 88}, {"d": 0.102737427, "p": 56, "v": 88}], "pos": 1.5, "size": 1.30000007, "_time": 108.082031}, {"$id": 610, "sounds": [{"d": 0.102737427, "p": 51, "v": 96}], "pos": -1.5, "size": 1.30000007, "_time": 108.492188}, {"$id": 611, "sounds": [{"d": 0.102737427, "p": 68, "v": 96}], "pos": 0.5, "size": 1.0, "_time": 108.492188}, {"$id": 612, "sounds": [{"d": 0.102737427, "p": 60, "v": 84}, {"d": 0.102737427, "p": 55, "v": 84}], "pos": -0.5, "size": 1.30000007, "_time": 108.902344}, {"$id": 613, "sounds": [{"d": 0.102737427, "p": 70, "v": 99}], "pos": 1.5, "size": 1.0, "_time": 109.109375}, {"$id": 614, "sounds": [{"d": 0.102737427, "p": 68, "v": 99}], "pos": 1.0, "size": 1.0, "_time": 109.210938}, {"$id": 615, "sounds": [{"d": 0.102737427, "p": 67, "v": 107}], "pos": 0.5, "size": 1.0, "_time": 109.316406}, {"$id": 616, "sounds": [{"d": 0.102737427, "p": 63, "v": 88}], "pos": -0.5, "size": 1.0, "_time": 109.726563}, {"$id": 617, "sounds": [{"d": 0.102737427, "p": 65, "v": 99}], "pos": 0.5, "size": 1.0, "_time": 110.136719}, {"$id": 618, "sounds": [{"d": 0.102737427, "p": 48, "v": 83}], "pos": -2.0, "size": 1.0, "_time": 110.546875}, {"$id": 619, "sounds": [{"d": 0.102737427, "p": 55, "v": 89}], "pos": -1.0, "size": 1.0, "_time": 110.753906}, {"$id": 620, "sounds": [{"d": 0.102737427, "p": 58, "v": 95}], "size": 1.0, "_time": 110.957031, "pos": 0}, {"$id": 621, "sounds": [{"d": 0.102737427, "p": 60, "v": 103}], "pos": -1.0, "size": 1.0, "_time": 111.164063}, {"$id": 622, "sounds": [{"d": 0.102737427, "p": 65, "v": 93}], "pos": 1.0, "size": 1.0, "_time": 111.371094}, {"$id": 623, "sounds": [{"d": 0.102737427, "p": 63, "v": 101}], "size": 1.0, "_time": 111.574219, "pos": 0}, {"$id": 624, "sounds": [{"d": 0.102737427, "p": 51, "v": 103}], "pos": -2.0, "size": 1.0, "_time": 111.78125}, {"$id": 625, "sounds": [{"d": 0.102737427, "p": 55, "v": 92}], "pos": -1.0, "size": 1.0, "_time": 111.984375}, {"$id": 626, "sounds": [{"d": 0.102737427, "p": 56, "v": 97}], "size": 1.0, "_time": 112.191406, "pos": 0}, {"$id": 627, "sounds": [{"d": 0.102737427, "p": 55, "v": 93}], "pos": 1.0, "size": 1.0, "_time": 112.398438}, {"$id": 628, "sounds": [{"d": 0.102737427, "p": 60, "v": 100}], "size": 1.0, "_time": 112.601563, "pos": 0}, {"$id": 629, "sounds": [{"d": 0.102737427, "p": 63, "v": 95}], "pos": 1.0, "size": 1.0, "_time": 112.808594}, {"$id": 630, "sounds": [{"d": 0.102737427, "p": 67, "v": 104}], "pos": 2.0, "size": 1.0, "_time": 113.011719}, {"$id": 631, "sounds": [{"d": 0.102737427, "p": 63, "v": 85}], "size": 1.0, "_time": 113.21875, "pos": 0}, {"$id": 632, "sounds": [{"d": 0.102737427, "p": 61, "v": 91}], "pos": -2.0, "size": 1.30000007, "_time": 113.425781}, {"$id": 633, "sounds": [{"d": 0.102737427, "p": 84, "v": 91}], "pos": 2.0, "size": 1.0, "_time": 113.425781}, {"$id": 634, "sounds": [{"d": 0.102737427, "p": 67, "v": 84}], "pos": -1.0, "size": 1.30000007, "_time": 113.835938}, {"$id": 635, "sounds": [{"d": 0.102737427, "p": 72, "v": 84}], "pos": 1.0, "size": 1.30000007, "_time": 113.84375}, {"$id": 636, "sounds": [{"d": 0.102737427, "p": 77, "v": 80}], "size": 1.30000007, "_time": 114.246094, "pos": 0}, {"$id": 637, "sounds": [{"d": 0.102737427, "p": 63, "v": 83}], "pos": -2.0, "size": 1.30000007, "_time": 115.066406}, {"$id": 638, "sounds": [{"d": 0.102737427, "p": 80, "v": 83}], "pos": 2.0, "size": 1.0, "_time": 115.066406}, {"$id": 639, "sounds": [{"d": 0.102737427, "p": 67, "v": 63}], "pos": -1.5, "size": 1.30000007, "_time": 115.480469}, {"$id": 640, "sounds": [{"d": 0.102737427, "p": 70, "v": 63}], "pos": 1.5, "size": 1.30000007, "_time": 115.488281}, {"$id": 641, "sounds": [{"d": 0.102737427, "p": 82, "v": 74}], "pos": 1.0, "size": 1.0, "_time": 115.683594}, {"$id": 642, "sounds": [{"d": 0.102737427, "p": 80, "v": 75}], "pos": 0.5, "size": 1.0, "_time": 115.785156}, {"$id": 643, "sounds": [{"d": 0.102737427, "p": 79, "v": 82}], "size": 1.0, "_time": 115.890625, "pos": 0}, {"$id": 644, "sounds": [{"d": 0.102737427, "p": 75, "v": 70}], "pos": -1.0, "size": 1.0, "_time": 116.300781}, {"$id": 645, "sounds": [{"d": 0.102737427, "p": 77, "v": 76}], "pos": -2.0, "size": 1.0, "_time": 116.710938}, {"$id": 646, "sounds": [{"d": 0.102737427, "p": 79, "v": 66}], "pos": -1.0, "size": 1.0, "_time": 117.121094}, {"$id": 647, "sounds": [{"d": 0.102737427, "p": 80, "v": 68}], "size": 1.0, "_time": 117.535156, "pos": 0}, {"$id": 648, "sounds": [{"d": 0.102737427, "p": 82, "v": 74}], "pos": 1.0, "size": 1.0, "_time": 117.945313}, {"$id": 649, "sounds": [{"d": 0.102737427, "p": 84, "v": 71}], "pos": 2.0, "size": 1.0, "_time": 118.355469}, {"$id": 650, "sounds": [{"d": 0.102737427, "p": 82, "v": 70}], "pos": -1.0, "size": 1.0, "_time": 118.765625}, {"$id": 651, "sounds": [{"d": 0.102737427, "p": 84, "v": 76}], "size": 1.0, "_time": 119.175781, "pos": 0}, {"$id": 652, "sounds": [{"d": 0.102737427, "p": 75, "v": 79}], "pos": -1.0, "size": 1.0, "_time": 119.589844}, {"$id": 653, "sounds": [{"d": 0.102737427, "p": 87, "v": 79}], "pos": 1.0, "size": 1.0, "_time": 119.589844}, {"$id": 654, "sounds": [{"d": 0.102737427, "p": 68, "v": 88}], "pos": -2.0, "size": 1.0, "_time": 120.0}, {"$id": 655, "sounds": [{"d": 0.102737427, "p": 84, "v": 88}], "pos": 2.0, "size": 1.0, "_time": 120.0}, {"$id": 656, "sounds": [{"d": 0.102737427, "p": 72, "v": 67}, {"w": 0.01171875, "d": 0.102737427, "p": 75, "v": 67}], "pos": -1.0, "size": 1.0, "_time": 120.410156}, {"$id": 657, "sounds": [{"d": 0.102737427, "p": 77, "v": 79}], "pos": 1.0, "size": 1.0, "_time": 120.820313}, {"$id": 658, "sounds": [{"d": 0.102737427, "p": 68, "v": 71}, {"w": 0.01171875, "d": 0.102737427, "p": 75, "v": 71}], "pos": -1.0, "size": 1.0, "_time": 121.230469}, {"$id": 659, "sounds": [{"d": 0.102737427, "p": 63, "v": 79}], "pos": -2.0, "size": 1.0, "_time": 121.644531}, {"$id": 660, "sounds": [{"d": 0.102737427, "p": 80, "v": 79}], "pos": 2.0, "size": 1.0, "_time": 121.644531}, {"$id": 661, "sounds": [{"d": 0.102737427, "p": 67, "v": 67}, {"w": 0.01171875, "d": 0.102737427, "p": 72, "v": 67}], "pos": -1.0, "size": 1.0, "_time": 122.054688}, {"$id": 662, "sounds": [{"d": 0.102737427, "p": 82, "v": 82}], "pos": 1.5, "size": 1.0, "_time": 122.257813}, {"$id": 663, "sounds": [{"d": 0.102737427, "p": 80, "v": 82}], "pos": 1.0, "size": 1.0, "_time": 122.363281}, {"$id": 664, "sounds": [{"d": 0.102737427, "p": 79, "v": 90}], "pos": 0.5, "size": 1.0, "_time": 122.464844}, {"$id": 665, "sounds": [{"d": 0.102737427, "p": 75, "v": 71}], "pos": -0.5, "size": 1.0, "_time": 122.886719}, {"$id": 666, "sounds": [{"d": 0.102737427, "p": 77, "v": 82}], "pos": 0.5, "size": 1.0, "_time": 123.285156}, {"$id": 667, "sounds": [{"d": 0.102737427, "p": 72, "v": 66}], "pos": -1.5, "size": 1.0, "_time": 123.699219}, {"$id": 668, "sounds": [{"d": 0.102737427, "p": 77, "v": 78}], "pos": -0.5, "size": 1.0, "_time": 124.109375}, {"$id": 669, "sounds": [{"d": 0.102737427, "p": 84, "v": 76}], "pos": 1.5, "size": 1.0, "_time": 124.519531}, {"$id": 670, "sounds": [{"d": 0.102737427, "p": 82, "v": 86}], "pos": 0.5, "size": 1.0, "_time": 124.929688}, {"$id": 671, "sounds": [{"d": 0.102737427, "p": 75, "v": 80}], "pos": -1.5, "size": 1.0, "_time": 125.339844}, {"$id": 672, "sounds": [{"d": 0.102737427, "p": 82, "v": 83}], "pos": -0.5, "size": 1.0, "_time": 125.753906}, {"$id": 673, "sounds": [{"d": 0.102737427, "p": 87, "v": 87}], "pos": 0.5, "size": 1.0, "_time": 126.164063}, {"$id": 674, "sounds": [{"d": 0.102737427, "p": 89, "v": 74}], "pos": 1.5, "size": 1.0, "_time": 126.574219}, {"$id": 675, "sounds": [{"d": 0.102737427, "p": 41, "v": 51}], "pos": -1.5, "size": 1.30000007, "_time": 128.21875}, {"$id": 676, "sounds": [{"d": 0.102737427, "p": 53, "v": 55}], "pos": 1.5, "size": 1.30000007, "_time": 128.242188}], "links": [{"notes": [{"$ref": 130}, {"$ref": 131}, {"$ref": 132}]}, {"notes": [{"$ref": 151}, {"$ref": 152}, {"$ref": 153}]}, {"notes": [{"$ref": 280}, {"$ref": 281}, {"$ref": 282}]}, {"notes": [{"$ref": 312}, {"$ref": 313}, {"$ref": 315}]}, {"notes": [{"$ref": 325}, {"$ref": 326}, {"$ref": 327}]}, {"notes": [{"$ref": 338}, {"$ref": 339}, {"$ref": 340}]}, {"notes": [{"$ref": 351}, {"$ref": 352}, {"$ref": 353}]}, {"notes": [{"$ref": 589}, {"$ref": 590}, {"$ref": 591}]}, {"notes": [{"$ref": 613}, {"$ref": 614}, {"$ref": 615}]}, {"notes": [{"$ref": 641}, {"$ref": 642}, {"$ref": 643}]}, {"notes": [{"$ref": 662}, {"$ref": 663}, {"$ref": 664}]}, {"notes": [{"$ref": 402}, {"$ref": 403}, {"$ref": 404}]}, {"notes": [{"$ref": 172}, {"$ref": 173}]}, {"notes": [{"$ref": 169}, {"$ref": 170}]}, {"notes": [{"$ref": 166}, {"$ref": 167}]}, {"notes": [{"$ref": 176}, {"$ref": 178}]}, {"notes": [{"$ref": 180}, {"$ref": 181}]}, {"notes": [{"$ref": 183}, {"$ref": 184}]}, {"notes": [{"$ref": 186}, {"$ref": 187}]}, {"notes": [{"$ref": 190}, {"$ref": 192}]}, {"notes": [{"$ref": 194}, {"$ref": 195}]}, {"notes": [{"$ref": 199}, {"$ref": 201}]}, {"notes": [{"$ref": 207}, {"$ref": 209}]}, {"notes": [{"$ref": 203}, {"$ref": 204}]}, {"notes": [{"$ref": 211}, {"$ref": 212}]}, {"notes": [{"$ref": 215}, {"$ref": 217}]}, {"notes": [{"$ref": 382}, {"$ref": 383}, {"$ref": 384}, {"$ref": 386}]}, {"notes": [{"$ref": 219}, {"$ref": 220}, {"$ref": 221}, {"$ref": 223}, {"$ref": 224}, {"$ref": 226}]}, {"notes": [{"$ref": 389}, {"$ref": 390}, {"$ref": 391}, {"$ref": 393}]}, {"notes": [{"$ref": 359}, {"$ref": 361}]}, {"notes": [{"$ref": 358}, {"$ref": 360}]}, {"notes": [{"$ref": 365}, {"$ref": 367}]}, {"notes": [{"$ref": 364}, {"$ref": 366}]}, {"notes": [{"$ref": 371}, {"$ref": 373}]}, {"notes": [{"$ref": 377}, {"$ref": 379}]}, {"notes": [{"$ref": 376}, {"$ref": 378}]}, {"notes": [{"$ref": 370}, {"$ref": 372}]}]}