{"speed": 6.0, "notes": [{"$id": 1, "type": 0, "sounds": [{"w": 0.0, "d": 1.16666555, "p": 64, "v": 107}], "pos": 1.0, "size": 1.2, "_time": 1.33203125, "shift": 0.0, "time": 1.33203125}, {"$id": 2, "type": 0, "sounds": [{"w": 0.0, "d": 0.499999523, "p": 76, "v": 107}], "pos": -1.0, "size": 1.2, "_time": 1.33203125, "shift": 0.0, "time": 1.33203125}, {"$id": 3, "type": 0, "sounds": [{"w": 0.0, "d": 0.499999523, "p": 61, "v": 107}], "pos": 0.0, "size": 0.9, "_time": 1.66796875, "shift": 0.0, "time": 1.66796875}, {"$id": 4, "type": 0, "sounds": [{"w": 0.0, "d": 0.499999523, "p": 81, "v": 107}], "pos": 2.0, "size": 1.0, "_time": 1.83203125, "shift": 0.0, "time": 1.83203125}, {"$id": 5, "type": 0, "sounds": [{"w": 0.0, "d": 0.333333015, "p": 61, "v": 107}], "pos": -1.0, "size": 0.9, "_time": 2.16796875, "shift": 0.0, "time": 2.16796875}, {"$id": 6, "type": 0, "sounds": [{"w": 0.0, "d": 0.499999523, "p": 80, "v": 107}], "pos": 1.05555642, "size": 1.0, "_time": 2.33203125, "shift": 0.0, "time": 2.33203125}, {"$id": 7, "type": 0, "sounds": [{"w": 0.0, "d": 0.166666508, "p": 64, "v": 107}], "pos": -0.4444433, "size": 0.9, "_time": 2.5, "shift": 0.0, "time": 2.5}, {"$id": 8, "type": 0, "sounds": [{"w": 0.0, "d": 0.499999523, "p": 62, "v": 107}], "pos": 0.7222221, "size": 0.9, "_time": 2.66796875, "shift": 0.0, "time": 2.66796875}, {"$id": 9, "type": 0, "sounds": [{"w": 0.0, "d": 0.499999523, "p": 81, "v": 107}], "pos": 2.0, "size": 1.0, "_time": 2.83203125, "shift": 0.0, "time": 2.83203125}, {"$id": 10, "type": 0, "sounds": [{"w": 0.0, "d": 0.6666658, "p": 76, "v": 107}], "pos": -1.0, "size": 1.0, "_time": 3.33203125, "shift": 0.0, "time": 3.33203125}, {"$id": 11, "type": 0, "sounds": [{"w": 0.0, "d": 0.6666658, "p": 50, "v": 107}], "pos": 1.0, "size": 1.0, "_time": 3.33203125, "shift": 0.0, "time": 3.33203125}, {"$id": 12, "type": 0, "sounds": [{"w": 0.0, "d": 0.499999523, "p": 54, "v": 107}], "pos": -0.5, "size": 0.9, "_time": 3.5, "shift": 0.0, "time": 3.5}, {"$id": 13, "type": 0, "sounds": [{"w": 0.0, "d": 0.333333015, "p": 56, "v": 107}], "pos": 0.0, "size": 0.9, "_time": 3.66796875, "shift": 0.0, "time": 3.66796875}, {"$id": 14, "type": 0, "sounds": [{"w": 0.0, "d": 0.166666508, "p": 61, "v": 107}], "pos": 0.5, "size": 0.9, "_time": 3.83203125, "shift": 0.0, "time": 3.83203125}, {"$id": 15, "type": 0, "sounds": [{"w": 0.0, "d": 0.499999285, "p": 76, "v": 107}], "pos": -1.0, "size": 1.2, "_time": 4.0, "shift": 0.0, "time": 4.0}, {"$id": 16, "type": 0, "sounds": [{"w": 0.0, "d": 0.499999523, "p": 56, "v": 107}], "pos": 0.5, "size": 0.9, "_time": 4.33203125, "shift": 0.0, "time": 4.33203125}, {"$id": 17, "type": 0, "sounds": [{"w": 0.0, "d": 0.499999523, "p": 81, "v": 107}], "pos": 2.0, "size": 1.0, "_time": 4.5, "shift": 0.0, "time": 4.5}, {"$id": 18, "type": 0, "sounds": [{"w": 0.0, "d": 0.333333015, "p": 56, "v": 107}], "pos": -1.74999988, "size": 0.9, "_time": 4.83203125, "shift": 0.0, "time": 4.83203125}, {"$id": 19, "type": 0, "sounds": [{"w": 0.0, "d": 0.499999523, "p": 80, "v": 107}], "pos": 1.305556, "size": 1.0, "_time": 5.0, "shift": 0.0, "time": 5.0}, {"$id": 20, "type": 0, "sounds": [{"w": 0.0, "d": 0.166666508, "p": 64, "v": 107}], "pos": 0.055556, "size": 0.9, "_time": 5.16796875, "shift": 0.0, "time": 5.16796875}, {"$id": 21, "type": 0, "sounds": [{"w": 0.0, "d": 0.999999046, "p": 61, "v": 107}], "pos": -1.02777922, "size": 0.9, "_time": 5.33203125, "shift": 0.0, "time": 5.33203125}, {"$id": 22, "type": 0, "sounds": [{"w": 0.0, "d": 0.499999523, "p": 81, "v": 107}], "pos": 1.09722257, "size": 1.0, "_time": 5.5, "shift": 0.0, "time": 5.5}, {"$id": 23, "type": 0, "sounds": [{"w": 0.0, "d": 0.499999523, "p": 56, "v": 107}], "pos": 0.0, "size": 0.9, "_time": 5.83203125, "shift": 0.0, "time": 5.83203125}, {"$id": 24, "type": 0, "sounds": [{"w": 0.0, "d": 0.666666031, "p": 83, "v": 107}], "pos": 2.0, "size": 1.0, "_time": 6.0, "shift": 0.0, "time": 6.0}, {"$id": 25, "type": 0, "sounds": [{"w": 0.0, "d": 0.499999523, "p": 54, "v": 107}], "pos": 1.3611114, "size": 0.9, "_time": 6.16796875, "shift": 0.0, "time": 6.16796875}, {"$id": 26, "type": 0, "sounds": [{"w": 0.0, "d": 0.333333015, "p": 59, "v": 107}], "pos": 0.666666448, "size": 0.9, "_time": 6.33203125, "shift": 0.0, "time": 6.33203125}, {"$id": 27, "type": 0, "sounds": [{"w": 0.0, "d": 0.499999523, "p": 76, "v": 107}], "pos": -1.0, "size": 1.2, "_time": 6.66796875, "shift": 0.0, "time": 6.66796875}, {"$id": 28, "type": 0, "sounds": [{"w": 0.0, "d": 1.16666555, "p": 64, "v": 107}], "pos": 1.0, "size": 1.2, "_time": 6.66796875, "shift": 0.0, "time": 6.66796875}, {"$id": 29, "type": 0, "sounds": [{"w": 0.0, "d": 0.499999523, "p": 61, "v": 107}], "pos": 0.0, "size": 0.9, "_time": 7.0, "shift": 0.0, "time": 7.0}, {"$id": 30, "type": 0, "sounds": [{"w": 0.0, "d": 0.499999523, "p": 81, "v": 107}], "pos": 2.0, "size": 1.0, "_time": 7.16796875, "shift": 0.0, "time": 7.16796875}, {"$id": 31, "type": 0, "sounds": [{"w": 0.0, "d": 0.333333015, "p": 61, "v": 107}], "pos": -1.13888848, "size": 0.9, "_time": 7.5, "shift": 0.0, "time": 7.5}, {"$id": 32, "type": 0, "sounds": [{"w": 0.0, "d": 0.499999523, "p": 80, "v": 107}], "pos": 1.33333147, "size": 1.0, "_time": 7.66796875, "shift": 0.0, "time": 7.66796875}, {"$id": 33, "type": 0, "sounds": [{"w": 0.0, "d": 0.166666508, "p": 64, "v": 107}], "pos": 0.08333278, "size": 0.9, "_time": 7.83203125, "shift": 0.0, "time": 7.83203125}, {"$id": 34, "type": 0, "sounds": [{"w": 0.0, "d": 0.499998569, "p": 62, "v": 107}], "pos": -0.972221732, "size": 0.9, "_time": 8.0, "shift": 0.0, "time": 8.0}, {"$id": 35, "type": 0, "sounds": [{"w": 0.0, "d": 0.4999981, "p": 81, "v": 107}], "pos": 1.20833206, "size": 1.0, "_time": 8.167969, "shift": 0.0, "time": 8.167969}, {"$id": 36, "type": 0, "sounds": [{"w": 0.0, "d": 0.208333015, "p": 61, "v": 107}], "pos": -2.0, "size": 0.9, "_time": 8.5, "shift": 0.0, "time": 8.5}, {"$id": 37, "type": 0, "sounds": [{"w": 0.0, "d": 0.6666651, "p": 83, "v": 107}], "pos": 0.208332062, "size": 1.0, "_time": 8.667969, "shift": 0.0, "time": 8.667969}, {"$id": 38, "type": 0, "sounds": [{"w": 0.0, "d": 0.4999981, "p": 54, "v": 107}], "pos": -2.0, "size": 0.9, "_time": 8.832031, "shift": 0.0, "time": 8.832031}, {"$id": 39, "type": 0, "sounds": [{"w": 0.0, "d": 0.333332062, "p": 56, "v": 107}], "pos": 0.9999999, "size": 0.9, "_time": 9.0, "shift": 0.0, "time": 9.0}, {"$id": 40, "type": 0, "sounds": [{"w": 0.0, "d": 0.166666031, "p": 61, "v": 107}], "pos": -0.18055582, "size": 0.9, "_time": 9.167969, "shift": 0.0, "time": 9.167969}, {"$id": 41, "type": 0, "sounds": [{"w": 0.0, "d": 0.4999981, "p": 88, "v": 107}], "pos": 2.0, "size": 1.0, "_time": 9.332031, "shift": 0.0, "time": 9.332031}, {"$id": 42, "type": 0, "sounds": [{"w": 0.0, "d": 0.999997139, "p": 52, "v": 107}], "pos": -1.0, "size": 0.9, "_time": 9.5, "shift": 0.0, "time": 9.5}, {"$id": 43, "type": 0, "sounds": [{"w": 0.0, "d": 0.499999046, "p": 56, "v": 107}], "pos": -1.0, "size": 0.9, "_time": 9.667969, "shift": 0.0, "time": 9.667969}, {"$id": 44, "type": 0, "sounds": [{"w": 0.0, "d": 0.499999046, "p": 86, "v": 108}], "pos": 0.5, "size": 1.0, "_time": 9.832031, "shift": 0.0, "time": 9.832031}, {"$id": 45, "type": 0, "sounds": [{"w": 0.0, "d": 0.333332062, "p": 56, "v": 107}], "pos": -1.5, "size": 0.9, "_time": 10.1679688, "shift": 0.0, "time": 10.1679688}, {"$id": 46, "type": 0, "sounds": [{"w": 0.0, "d": 0.166666031, "p": 85, "v": 107}], "pos": 1.01388764, "size": 1.0, "_time": 10.3320313, "shift": 0.0, "time": 10.3320313}, {"$id": 47, "type": 0, "sounds": [{"w": 0.0, "d": 0.833330154, "p": 81, "v": 107}], "pos": -1.5, "size": 1.0, "_time": 10.5, "shift": 0.0, "time": 10.5}, {"$id": 48, "type": 0, "sounds": [{"w": 0.0, "d": 0.9999962, "p": 42, "v": 107}], "pos": 0.0555552244, "size": 0.9, "_time": 10.6679688, "shift": 0.0, "time": 10.6679688}, {"$id": 49, "type": 0, "sounds": [{"w": 0.0, "d": 0.4999981, "p": 47, "v": 107}], "pos": 1.68055665, "size": 0.9, "_time": 10.8320313, "shift": 0.0, "time": 10.8320313}, {"$id": 50, "type": 0, "sounds": [{"w": 0.0, "d": 0.333332062, "p": 49, "v": 107}], "pos": -0.5138887, "size": 0.9, "_time": 11.0, "shift": 0.0, "time": 11.0}, {"$id": 51, "type": 0, "sounds": [{"w": 0.0, "d": 0.4999981, "p": 56, "v": 107}], "pos": 1.08333421, "size": 0.9, "_time": 11.1679688, "shift": 0.0, "time": 11.1679688}, {"$id": 52, "type": 0, "sounds": [{"w": 0.0, "d": 0.333332062, "p": 57, "v": 107}], "pos": -1.09722126, "size": 0.9, "_time": 11.3320313, "shift": 0.0, "time": 11.3320313}, {"$id": 53, "type": 0, "sounds": [{"w": 0.0, "d": 0.166666031, "p": 54, "v": 107}], "pos": 0.4444449, "size": 0.9, "_time": 11.5, "shift": 0.0, "time": 11.5}, {"$id": 54, "type": 0, "sounds": [{"w": 0.0, "d": 0.166666985, "p": 37, "v": 122}], "pos": -1.72222221, "size": 0.9, "_time": 11.6679688, "shift": 0.0, "time": 11.6679688}, {"$id": 55, "type": 0, "sounds": [{"w": 0.0, "d": 2.49999428, "p": 33, "v": 107}], "pos": -2.0, "size": 1.2, "_time": 11.8320313, "shift": 0.0, "time": 11.8320313}, {"$id": 56, "type": 0, "sounds": [{"w": 0.0, "d": 0.499999046, "p": 52, "v": 107}], "pos": 1.02777839, "size": 1.2, "_time": 11.8320313, "shift": 0.0, "time": 11.8320313}, {"$id": 57, "type": 0, "sounds": [{"w": 0.0, "d": 0.499999046, "p": 59, "v": 108}], "pos": -2.0, "size": 1.1, "_time": 12.3320313, "shift": 0.0, "time": 12.3320313}, {"$id": 58, "type": 0, "sounds": [{"w": 0.0, "d": 0.499999046, "p": 68, "v": 108}], "pos": 0.0, "size": 1.1, "_time": 12.3320313, "shift": 0.0, "time": 12.3320313}, {"$id": 59, "type": 0, "sounds": [{"w": 0.0, "d": 0.499999046, "p": 64, "v": 108}], "pos": 0.9166671, "size": 1.0, "_time": 12.6679688, "shift": 0.0, "time": 12.6679688}, {"$id": 60, "type": 0, "sounds": [{"w": 0.0, "d": 0.333333015, "p": 81, "v": 108}], "pos": -1.06944442, "size": 1.0, "_time": 12.8320313, "shift": 0.0, "time": 12.8320313}, {"$id": 61, "type": 0, "sounds": [{"w": 0.0, "d": 0.499999046, "p": 83, "v": 108}], "pos": 2.0, "size": 1.0, "_time": 13.1679688, "shift": 0.0, "time": 13.1679688}, {"$id": 62, "type": 0, "pos": -0.61111176, "size": 1.0, "_time": 13.3320313, "shift": 0.0, "time": 13.3320313}, {"$id": 63, "type": 0, "pos": -0.61111176, "size": 1.0, "_time": 13.5, "shift": 0.0, "time": 13.5}, {"$id": 64, "type": 0, "sounds": [{"w": 0.0, "d": 0.333332062, "p": 81, "v": 107}], "pos": 1.19444323, "size": 1.0, "_time": 13.6679688, "shift": 0.0, "time": 13.6679688}, {"$id": 65, "type": 0, "pos": 0.38888824, "size": 1.0, "_time": 13.9179688, "shift": 0.0, "time": 13.9179688}, {"$id": 66, "type": 0, "sounds": [{"w": 0.0, "d": 0.166666031, "p": 80, "v": 107}], "pos": -1.13888955, "size": 1.0, "_time": 14.0, "shift": 0.0, "time": 14.0}, {"$id": 67, "type": 0, "sounds": [{"w": 0.0, "d": 0.333332062, "p": 81, "v": 107}], "pos": 1.61110985, "size": 1.0, "_time": 14.1679688, "shift": 0.0, "time": 14.1679688}, {"$id": 68, "type": 0, "sounds": [{"w": 0.0, "d": 0.8333311, "p": 73, "v": 108}], "pos": -2.0, "size": 1.2, "_time": 14.5, "shift": 0.0, "time": 14.5}, {"$id": 69, "type": 0, "sounds": [{"w": 0.0, "d": 0.8333311, "p": 69, "v": 108}], "pos": -8.940697e-07, "size": 1.2, "_time": 14.5, "shift": 0.0, "time": 14.5}, {"$id": 70, "type": 0, "sounds": [{"w": 0.0, "d": 0.4999981, "p": 88, "v": 116}], "pos": 2.0, "size": 1.0, "_time": 15.0, "shift": 0.0, "time": 15.0}, {"$id": 71, "type": 0, "pos": -1.0, "size": 1.0, "_time": 15.25, "shift": 0.0, "time": 15.25}, {"$id": 72, "type": 0, "sounds": [{"w": 0.0, "d": 0.4999981, "p": 64, "v": 105}], "pos": 1.0, "size": 1.0, "_time": 15.3320313, "shift": 0.0, "time": 15.3320313}, {"$id": 73, "type": 0, "sounds": [{"w": 0.0, "d": 0.333332062, "p": 81, "v": 108}], "pos": -0.5, "size": 1.0, "_time": 15.5, "shift": 0.0, "time": 15.5}, {"$id": 74, "type": 0, "sounds": [{"w": 0.0, "d": 0.5, "p": 83, "v": 108}], "pos": 1.402777, "size": 1.0, "_time": 15.8320313, "shift": 0.0, "time": 15.8320313}, {"$id": 75, "type": 0, "pos": -1.5, "size": 1.0, "_time": 16.0, "shift": 0.0, "time": 16.0}, {"$id": 76, "type": 0, "pos": -1.5, "size": 1.0, "_time": 16.1679688, "shift": 0.0, "time": 16.1679688}, {"$id": 77, "type": 0, "sounds": [{"w": 0.0, "d": 0.333332062, "p": 81, "v": 107}], "pos": 0.805556059, "size": 1.0, "_time": 16.3320313, "shift": 0.0, "time": 16.3320313}, {"$id": 78, "type": 0, "pos": 0.472222269, "size": 1.0, "_time": 16.5820313, "shift": 0.0, "time": 16.5820313}, {"$id": 79, "type": 0, "sounds": [{"w": 0.0, "d": 0.166666031, "p": 80, "v": 107}], "pos": -1.30555522, "size": 1.0, "_time": 16.6679688, "shift": 0.0, "time": 16.6679688}, {"$id": 80, "type": 0, "sounds": [{"w": 0.0, "d": 0.333332062, "p": 81, "v": 107}], "pos": 1.33333361, "size": 1.0, "_time": 16.8320313, "shift": 0.0, "time": 16.8320313}, {"$id": 81, "type": 0, "sounds": [{"w": 0.0, "d": 0.5, "p": 56, "v": 111}], "pos": 0.5, "size": 1.30000007, "_time": 17.1679688, "shift": 0.0, "time": 17.1679688}, {"$id": 82, "type": 0, "sounds": [{"w": 0.0, "d": 0.5, "p": 64, "v": 111}], "pos": -2.0, "size": 1.30000007, "_time": 17.1679688, "shift": 0.0, "time": 17.1679688}, {"$id": 83, "type": 0, "sounds": [{"w": 0.0, "d": 0.4999981, "p": 59, "v": 108}], "pos": -0.5, "size": 1.2, "_time": 17.6679688, "shift": 0.0, "time": 17.6679688}, {"$id": 84, "type": 0, "sounds": [{"w": 0.0, "d": 0.333332062, "p": 64, "v": 108}], "pos": 2.0, "size": 1.2, "_time": 17.6679688, "shift": 0.0, "time": 17.6679688}, {"$id": 85, "type": 0, "pos": 0.2777778, "size": 1.0, "_time": 17.8320313, "shift": 0.0, "time": 17.8320313}, {"$id": 86, "type": 0, "pos": 1.25000024, "size": 1.0, "_time": 18.0, "shift": 0.0, "time": 18.0}, {"$id": 87, "type": 0, "sounds": [{"w": 0.0, "d": 0.333332062, "p": 81, "v": 108}], "pos": -0.513890266, "size": 1.0, "_time": 18.1679688, "shift": 0.0, "time": 18.1679688}, {"$id": 88, "type": 0, "pos": 0.5, "size": 1.0, "_time": 18.3320313, "shift": 0.0, "time": 18.3320313}, {"$id": 89, "type": 0, "sounds": [{"w": 0.0, "d": 1.33333015, "p": 30, "v": 111}], "pos": 2.75, "size": 1.0, "_time": 18.5, "shift": 0.0, "time": 18.5}, {"$id": 90, "type": 0, "sounds": [{"w": 0.0, "d": 0.5, "p": 71, "v": 108}], "pos": -1.5, "size": 1.2, "_time": 18.5, "shift": 0.0, "time": 18.5}, {"$id": 91, "type": 0, "sounds": [{"w": 0.0, "d": 0.5, "p": 83, "v": 108}], "pos": 1.54166639, "size": 1.2, "_time": 18.5, "shift": 0.0, "time": 18.5}, {"$id": 92, "type": 0, "pos": 1.0, "size": 1.0, "_time": 18.6679688, "shift": 0.0, "time": 18.6679688}, {"$id": 93, "type": 0, "pos": -0.5, "size": 1.0, "_time": 18.8320313, "shift": 0.0, "time": 18.8320313}, {"$id": 94, "type": 0, "sounds": [{"w": 0.0, "d": 0.333332062, "p": 81, "v": 107}], "pos": 1.27777779, "size": 1.0, "_time": 19.0, "shift": 0.0, "time": 19.0}, {"$id": 95, "type": 0, "sounds": [{"w": 0.0, "d": 0.6666641, "p": 64, "v": 107}], "pos": 0.0, "size": 1.0, "_time": 19.1679688, "shift": 0.0, "time": 19.1679688}, {"$id": 96, "type": 0, "sounds": [{"w": 0.0, "d": 0.166666031, "p": 80, "v": 107}], "pos": -1.30555534, "size": 1.0, "_time": 19.3320313, "shift": 0.0, "time": 19.3320313}, {"$id": 97, "type": 0, "sounds": [{"w": 0.0, "d": 0.333332062, "p": 81, "v": 107}], "pos": 0.6666671, "size": 1.0, "_time": 19.5, "shift": 0.0, "time": 19.5}, {"$id": 98, "type": 0, "pos": -1.5, "size": 1.0, "_time": 19.6679688, "shift": 0.0, "time": 19.6679688}, {"$id": 99, "type": 0, "sounds": [{"w": 0.0, "d": 1.33333015, "p": 35, "v": 103}], "pos": 3.375, "size": 1.0, "_time": 19.8320313, "shift": 0.0, "time": 19.8320313}, {"$id": 100, "type": 0, "sounds": [{"w": 0.0, "d": 0.5, "p": 69, "v": 108}], "pos": 0.3611109, "size": 1.30000007, "_time": 19.8320313, "shift": 0.0, "time": 19.8320313}, {"$id": 101, "type": 0, "sounds": [{"w": 0.0, "d": 0.5, "p": 73, "v": 108}], "pos": -1.54166663, "size": 1.30000007, "_time": 19.8320313, "shift": 0.0, "time": 19.8320313}, {"$id": 102, "type": 0, "pos": -0.5, "size": 1.0, "_time": 20.1679688, "shift": 0.0, "time": 20.1679688}, {"$id": 103, "type": 0, "sounds": [{"w": 0.0, "d": 0.4999981, "p": 88, "v": 116}], "pos": 2.0, "size": 1.2, "_time": 20.3320313, "shift": 0.0, "time": 20.3320313}, {"$id": 104, "type": 0, "sounds": [{"w": 0.0, "d": 0.4999981, "p": 59, "v": 98}], "pos": -1.0, "size": 1.0, "_time": 20.5, "shift": 0.0, "time": 20.5}, {"$id": 105, "type": 0, "sounds": [{"w": 0.0, "d": 0.4999981, "p": 64, "v": 105}], "pos": 0.194444478, "size": 1.0, "_time": 20.6679688, "shift": 0.0, "time": 20.6679688}, {"$id": 106, "type": 0, "sounds": [{"w": 0.0, "d": 0.333332062, "p": 81, "v": 108}], "pos": -1.54166758, "size": 1.2, "_time": 20.8320313, "shift": 0.0, "time": 20.8320313}, {"$id": 107, "type": 0, "sounds": [{"w": 0.0, "d": 0.333332062, "p": 69, "v": 108}], "pos": 0.999999762, "size": 1.0, "_time": 20.8320313, "shift": 0.0, "time": 20.8320313}, {"$id": 108, "type": 0, "sounds": [{"w": 0.0, "d": 0.5, "p": 83, "v": 108}], "pos": 1.56944454, "size": 1.2, "_time": 21.1679688, "shift": 0.0, "time": 21.1679688}, {"$id": 109, "type": 0, "pos": 0.555555344, "size": 1.0, "_time": 21.3320313, "shift": 0.0, "time": 21.3320313}, {"$id": 110, "type": 0, "pos": -0.555555344, "size": 1.0, "_time": 21.5, "shift": 0.0, "time": 21.5}, {"$id": 111, "type": 0, "sounds": [{"w": 0.0, "d": 0.333332062, "p": 81, "v": 107}], "pos": -1.7638886, "size": 1.2, "_time": 21.6679688, "shift": 0.0, "time": 21.6679688}, {"$id": 112, "type": 0, "sounds": [{"w": 0.0, "d": 0.6666641, "p": 64, "v": 107}], "pos": 0.805555463, "size": 1.0, "_time": 21.8320313, "shift": 0.0, "time": 21.8320313}, {"$id": 113, "type": 0, "sounds": [{"w": 0.0, "d": 0.166666031, "p": 80, "v": 107}], "pos": -0.611110866, "size": 1.2, "_time": 22.0, "shift": 0.0, "time": 22.0}, {"$id": 114, "type": 0, "sounds": [{"w": 0.0, "d": 0.333332062, "p": 81, "v": 107}], "pos": 1.27777779, "size": 1.2, "_time": 22.1679688, "shift": 0.0, "time": 22.1679688}, {"$id": 115, "type": 0, "pos": -0.138889074, "size": 1.0, "_time": 22.3320313, "shift": 0.0, "time": 22.3320313}, {"$id": 116, "type": 0, "sounds": [{"w": 0.0, "d": 2.49999237, "p": 33, "v": 107}], "pos": 3.125, "size": 1.0, "_time": 22.5, "shift": 0.0, "time": 22.5}, {"$id": 117, "type": 0, "sounds": [{"w": 0.0, "d": 0.5, "p": 57, "v": 107}], "pos": 1.0, "size": 1.30000007, "_time": 22.5, "shift": 0.0, "time": 22.5}, {"$id": 118, "type": 0, "sounds": [{"w": 0.0, "d": 0.5, "p": 61, "v": 107}], "pos": -1.5, "size": 1.30000007, "_time": 22.5, "shift": 0.0, "time": 22.5}, {"$id": 119, "type": 0, "sounds": [{"w": 0.0, "d": 0.4999981, "p": 68, "v": 108}], "pos": 2.0, "size": 1.2, "_time": 23.0, "shift": 0.0, "time": 23.0}, {"$id": 120, "type": 0, "sounds": [{"w": 0.0, "d": 0.333332062, "p": 64, "v": 108}], "pos": -2.0, "size": 1.2, "_time": 23.0, "shift": 0.0, "time": 23.0}, {"$id": 121, "type": 0, "pos": 0.5, "size": 1.0, "_time": 23.25, "shift": 0.0, "time": 23.25}, {"$id": 122, "type": 0, "pos": -1.0, "size": 1.0, "_time": 23.3320313, "shift": 0.0, "time": 23.3320313}, {"$id": 123, "type": 0, "sounds": [{"w": 0.0, "d": 0.333332062, "p": 81, "v": 108}], "pos": 1.44444466, "size": 1.2, "_time": 23.5, "shift": 0.0, "time": 23.5}, {"$id": 124, "type": 0, "pos": -1.0, "size": 1.0, "_time": 23.6679688, "shift": 0.0, "time": 23.6679688}, {"$id": 125, "type": 0, "sounds": [{"w": 0.0, "d": 0.4999981, "p": 83, "v": 108}], "pos": 2.0, "size": 1.2, "_time": 23.8320313, "shift": 0.0, "time": 23.8320313}, {"$id": 126, "type": 0, "pos": -0.5, "size": 1.0, "_time": 24.1679688, "shift": 0.0, "time": 24.1679688}, {"$id": 127, "type": 0, "sounds": [{"w": 0.0, "d": 0.333332062, "p": 81, "v": 107}], "pos": -1.5, "size": 1.2, "_time": 24.3320313, "shift": 0.0, "time": 24.3320313}, {"$id": 128, "type": 0, "pos": 1.5, "size": 1.0, "_time": 24.5820313, "shift": 0.0, "time": 24.5820313}, {"$id": 129, "type": 0, "sounds": [{"w": 0.0, "d": 0.166666031, "p": 80, "v": 107}], "pos": -0.055554986, "size": 1.2, "_time": 24.6679688, "shift": 0.0, "time": 24.6679688}, {"$id": 130, "type": 0, "sounds": [{"w": 0.0, "d": 0.333332062, "p": 81, "v": 107}], "pos": 2.0, "size": 1.2, "_time": 24.8320313, "shift": 0.0, "time": 24.8320313}, {"$id": 131, "type": 0, "sounds": [{"w": 0.0, "d": 0.833332062, "p": 73, "v": 113}], "pos": -2.0, "size": 1.30000007, "_time": 25.1679688, "shift": 0.0, "time": 25.1679688}, {"$id": 132, "type": 0, "sounds": [{"w": 0.0, "d": 0.833332062, "p": 69, "v": 113}], "pos": 0.0, "size": 1.30000007, "_time": 25.1679688, "shift": 0.0, "time": 25.1679688}, {"$id": 133, "type": 0, "sounds": [{"w": 0.0, "d": 0.4999981, "p": 76, "v": 116}], "pos": 0.0, "size": 1.2, "_time": 25.6679688, "shift": 0.0, "time": 25.6679688}, {"$id": 134, "type": 0, "sounds": [{"w": 0.0, "d": 0.4999981, "p": 88, "v": 116}], "pos": 2.0, "size": 1.2, "_time": 25.6679688, "shift": 0.0, "time": 25.6679688}, {"$id": 135, "type": 0, "pos": -1.0, "size": 1.0, "_time": 25.9179688, "shift": 0.0, "time": 25.9179688}, {"$id": 136, "type": 0, "sounds": [{"w": 0.0, "d": 0.4999981, "p": 64, "v": 105}], "pos": 0.6111109, "size": 1.0, "_time": 26.0, "shift": 0.0, "time": 26.0}, {"$id": 137, "type": 0, "sounds": [{"w": 0.0, "d": 0.333332062, "p": 81, "v": 108}], "pos": -1.5, "size": 1.0, "_time": 26.1679688, "shift": 0.0, "time": 26.1679688}, {"$id": 138, "type": 0, "pos": -1.5, "size": 1.0, "_time": 26.3320313, "shift": 0.0, "time": 26.3320313}, {"$id": 139, "type": 0, "sounds": [{"w": 0.0, "d": 0.5, "p": 83, "v": 108}], "pos": 1.51388919, "size": 1.1, "_time": 26.5, "shift": 0.0, "time": 26.5}, {"$id": 140, "type": 0, "pos": -1.0, "size": 1.0, "_time": 26.6679688, "shift": 0.0, "time": 26.6679688}, {"$id": 141, "type": 0, "pos": -1.0, "size": 1.0, "_time": 26.8320313, "shift": 0.0, "time": 26.8320313}, {"$id": 142, "type": 0, "sounds": [{"w": 0.0, "d": 0.333332062, "p": 81, "v": 107}], "pos": 0.6388882, "size": 1.1, "_time": 27.0, "shift": 0.0, "time": 27.0}, {"$id": 143, "type": 0, "sounds": [{"w": 0.0, "d": 0.6666641, "p": 64, "v": 107}], "pos": -2.0, "size": 1.0, "_time": 27.1679688, "shift": 0.0, "time": 27.1679688}, {"$id": 144, "type": 0, "sounds": [{"w": 0.0, "d": 0.166666031, "p": 80, "v": 107}], "pos": 0.194444239, "size": 1.1, "_time": 27.3320313, "shift": 0.0, "time": 27.3320313}, {"$id": 145, "type": 0, "sounds": [{"w": 0.0, "d": 0.333332062, "p": 81, "v": 107}], "pos": -1.29166675, "size": 1.1, "_time": 27.5, "shift": 0.0, "time": 27.5}, {"$id": 146, "type": 0, "sounds": [{"w": 0.0, "d": 0.5, "p": 61, "v": 111}], "pos": 1.27777755, "size": 1.1, "_time": 27.8320313, "shift": 0.0, "time": 27.8320313}, {"$id": 147, "type": 0, "sounds": [{"w": 0.0, "d": 0.5, "p": 64, "v": 111}], "pos": -1.22222245, "size": 1.1, "_time": 27.8320313, "shift": 0.0, "time": 27.8320313}, {"$id": 148, "type": 0, "sounds": [{"w": 0.0, "d": 0.4999981, "p": 68, "v": 108}], "pos": 2.0, "size": 1.2, "_time": 28.3320313, "shift": 0.0, "time": 28.3320313}, {"$id": 149, "type": 0, "sounds": [{"w": 0.0, "d": 0.333332062, "p": 64, "v": 108}], "pos": -2.0, "size": 1.2, "_time": 28.3320313, "shift": 0.0, "time": 28.3320313}, {"$id": 150, "type": 0, "sounds": [{"w": 0.0, "d": 0.4999981, "p": 64, "v": 108}], "pos": 1.0, "size": 1.0, "_time": 28.6679688, "shift": 0.0, "time": 28.6679688}, {"$id": 151, "type": 0, "sounds": [{"w": 0.0, "d": 0.333332062, "p": 81, "v": 108}], "pos": -0.5, "size": 1.0, "_time": 28.8320313, "shift": 0.0, "time": 28.8320313}, {"$id": 152, "type": 0, "sounds": [{"w": 0.0, "d": 0.5, "p": 83, "v": 108}], "pos": 1.70833337, "size": 1.0, "_time": 29.1679688, "shift": 0.0, "time": 29.1679688}, {"$id": 153, "type": 0, "sounds": [{"w": 0.0, "d": 0.5, "p": 71, "v": 108}], "pos": -1.0, "size": 1.0, "_time": 29.1679688, "shift": 0.0, "time": 29.1679688}, {"$id": 154, "type": 0, "pos": 0.5, "size": 1.0, "_time": 29.3320313, "shift": 0.0, "time": 29.3320313}, {"$id": 155, "type": 0, "pos": 0.5, "size": 1.0, "_time": 29.5, "shift": 0.0, "time": 29.5}, {"$id": 156, "type": 0, "sounds": [{"w": 0.0, "d": 0.333332062, "p": 81, "v": 107}], "pos": -0.916666865, "size": 1.0, "_time": 29.6679688, "shift": 0.0, "time": 29.6679688}, {"$id": 157, "type": 0, "pos": 1.5, "size": 1.0, "_time": 29.8320313, "shift": 0.0, "time": 29.8320313}, {"$id": 158, "type": 0, "sounds": [{"w": 0.0, "d": 0.166666031, "p": 80, "v": 107}], "pos": 0.0, "size": 1.0, "_time": 30.0, "shift": 0.0, "time": 30.0}, {"$id": 159, "type": 0, "sounds": [{"w": 0.0, "d": 0.333332062, "p": 81, "v": 107}], "pos": 1.5, "size": 1.0, "_time": 30.1679688, "shift": 0.0, "time": 30.1679688}, {"$id": 160, "type": 0, "pos": -1.0, "size": 1.0, "_time": 30.3320313, "shift": 0.0, "time": 30.3320313}, {"$id": 161, "type": 0, "sounds": [{"w": 0.0, "d": 1.33333015, "p": 35, "v": 103}], "pos": 3.375, "size": 1.0, "_time": 30.5, "shift": 0.0, "time": 30.5}, {"$id": 162, "type": 0, "sounds": [{"w": 0.0, "d": 0.5, "p": 69, "v": 108}], "pos": 0.5, "size": 1.2, "_time": 30.5, "shift": 0.0, "time": 30.5}, {"$id": 163, "type": 0, "sounds": [{"w": 0.0, "d": 0.5, "p": 73, "v": 108}], "pos": -1.59722269, "size": 1.2, "_time": 30.5, "shift": 0.0, "time": 30.5}, {"$id": 164, "type": 0, "pos": 0.1111114, "size": 1.0, "_time": 30.6679688, "shift": 0.0, "time": 30.6679688}, {"$id": 165, "type": 0, "pos": -1.22222185, "size": 1.0, "_time": 30.8320313, "shift": 0.0, "time": 30.8320313}, {"$id": 166, "type": 0, "sounds": [{"w": 0.0, "d": 0.4999981, "p": 88, "v": 116}], "pos": 2.0, "size": 1.2, "_time": 31.0, "shift": 0.0, "time": 31.0}, {"$id": 167, "type": 0, "sounds": [{"w": 0.0, "d": 0.4999981, "p": 59, "v": 98}], "pos": -1.72222149, "size": 1.0, "_time": 31.1679688, "shift": 0.0, "time": 31.1679688}, {"$id": 168, "type": 0, "sounds": [{"w": 0.0, "d": 0.4999981, "p": 64, "v": 105}], "pos": -0.472222269, "size": 1.0, "_time": 31.3320313, "shift": 0.0, "time": 31.3320313}, {"$id": 169, "type": 0, "sounds": [{"w": 0.0, "d": 0.333332062, "p": 69, "v": 108}], "pos": 1.0, "size": 1.0, "_time": 31.5, "shift": 0.0, "time": 31.5}, {"$id": 170, "type": 0, "pos": 0.0, "size": 1.0, "_time": 31.6679688, "shift": 0.0, "time": 31.6679688}, {"$id": 171, "type": 0, "sounds": [{"w": 0.0, "d": 0.5, "p": 83, "v": 108}], "pos": 1.1805563, "size": 1.1, "_time": 31.8320313, "shift": 0.0, "time": 31.8320313}, {"$id": 172, "type": 0, "sounds": [{"w": 0.0, "d": 0.5, "p": 71, "v": 108}], "pos": -1.0, "size": 1.1, "_time": 31.8320313, "shift": 0.0, "time": 31.8320313}, {"$id": 173, "type": 0, "sounds": [{"w": 0.0, "d": 0.333335876, "p": 81, "v": 107}], "pos": -1.68055546, "size": 1.2, "_time": 32.33203, "shift": 0.0, "time": 32.33203}, {"$id": 174, "type": 0, "sounds": [{"w": 0.0, "d": 0.333335876, "p": 76, "v": 107}], "pos": 2.0, "size": 1.2, "_time": 32.33203, "shift": 0.0, "time": 32.33203}, {"$id": 175, "type": 0, "sounds": [{"w": 0.0, "d": 0.666667938, "p": 64, "v": 107}], "pos": -1.24999869, "size": 1.0, "_time": 32.5, "shift": 0.0, "time": 32.5}, {"$id": 176, "type": 0, "sounds": [{"w": 0.0, "d": 0.166667938, "p": 80, "v": 107}], "pos": 1.0, "size": 1.0, "_time": 32.66797, "shift": 0.0, "time": 32.66797}, {"$id": 177, "type": 0, "sounds": [{"w": 0.0, "d": 0.166667938, "p": 68, "v": 107}], "pos": -0.75, "size": 1.0, "_time": 32.66797, "shift": 0.0, "time": 32.66797}, {"$id": 178, "type": 0, "sounds": [{"w": 0.0, "d": 0.333332062, "p": 81, "v": 107}], "pos": 1.5, "size": 1.0, "_time": 32.83203, "shift": 0.0, "time": 32.83203}, {"$id": 179, "type": 0, "sounds": [{"w": 0.0, "d": 0.333332062, "p": 69, "v": 107}], "pos": -0.2777773, "size": 1.0, "_time": 32.83203, "shift": 0.0, "time": 32.83203}, {"$id": 180, "type": 0, "pos": 1.0, "size": 1.0, "_time": 33.0, "shift": 0.0, "time": 33.0}, {"$id": 181, "type": 0, "pos": -0.5, "size": 1.0, "_time": 33.08203, "shift": 0.0, "time": 33.08203}, {"$id": 182, "type": 0, "pos": 1.0, "size": 1.0, "_time": 33.16797, "shift": 0.0, "time": 33.16797}, {"$id": 183, "type": 0, "pos": 2.0, "size": 1.0, "_time": 33.33203, "shift": 0.0, "time": 33.33203}, {"$id": 184, "type": 0, "sounds": [{"w": 0.0, "d": 0.416667938, "p": 68, "v": 78}], "pos": -1.0, "size": 1.4000001, "_time": 33.33203, "shift": 0.0, "time": 33.33203}, {"$id": 185, "type": 0, "pos": 1.16666627, "size": 1.0, "_time": 33.5, "shift": 0.0, "time": 33.5}, {"$id": 186, "type": 0, "pos": 0.138889074, "size": 1.0, "_time": 33.66797, "shift": 0.0, "time": 33.66797}, {"$id": 187, "type": 0, "pos": 1.13888872, "size": 1.0, "_time": 33.83203, "shift": 0.0, "time": 33.83203}, {"$id": 188, "type": 0, "pos": 0.972223043, "size": 1.0, "_time": 34.33203, "shift": 0.0, "time": 34.33203}, {"$id": 189, "type": 0, "pos": -0.0555559546, "size": 1.0, "_time": 34.5, "shift": 0.0, "time": 34.5}, {"$id": 190, "type": 0, "pos": -1.13888872, "size": 1.0, "_time": 34.66797, "shift": 0.0, "time": 34.66797}, {"$id": 191, "type": 0, "pos": -1.78813934e-07, "size": 1.0, "_time": 34.83203, "shift": 0.0, "time": 34.83203}, {"$id": 192, "type": 0, "pos": -1.36111093, "size": 1.0, "_time": 35.33203, "shift": 0.0, "time": 35.33203}, {"$id": 193, "type": 0, "pos": 0.9166672, "size": 1.0, "_time": 35.5, "shift": 0.0, "time": 35.5}, {"$id": 194, "type": 0, "pos": -0.277778149, "size": 1.0, "_time": 35.66797, "shift": 0.0, "time": 35.66797}, {"$id": 195, "type": 0, "pos": -1.41666663, "size": 1.0, "_time": 35.83203, "shift": 0.0, "time": 35.83203}, {"$id": 196, "type": 0, "pos": 0.583332539, "size": 1.0, "_time": 36.0, "shift": 0.0, "time": 36.0}, {"$id": 197, "type": 0, "pos": -0.333333969, "size": 1.0, "_time": 36.16797, "shift": 0.0, "time": 36.16797}, {"$id": 198, "type": 0, "pos": -1.33333457, "size": 1.0, "_time": 36.33203, "shift": 0.0, "time": 36.33203}, {"$id": 199, "type": 0, "pos": 0.1944443, "size": 1.0, "_time": 36.5, "shift": 0.0, "time": 36.5}, {"$id": 200, "type": 0, "pos": 1.63888872, "size": 1.0, "_time": 37.0, "shift": 0.0, "time": 37.0}, {"$id": 201, "type": 0, "pos": 0.5833333, "size": 1.0, "_time": 37.16797, "shift": 0.0, "time": 37.16797}, {"$id": 202, "type": 0, "pos": -0.388888955, "size": 1.0, "_time": 37.33203, "shift": 0.0, "time": 37.33203}, {"$id": 203, "type": 0, "pos": 1.08333313, "size": 1.0, "_time": 37.5, "shift": 0.0, "time": 37.5}, {"$id": 204, "type": 0, "pos": -1.22222233, "size": 1.0, "_time": 38.0, "shift": 0.0, "time": 38.0}, {"$id": 205, "type": 0, "pos": 0.9722228, "size": 1.0, "_time": 38.16797, "shift": 0.0, "time": 38.16797}, {"$id": 206, "type": 0, "pos": -0.250000119, "size": 1.0, "_time": 38.33203, "shift": 0.0, "time": 38.33203}, {"$id": 207, "type": 0, "pos": -1.50000012, "size": 1.0, "_time": 38.5, "shift": 0.0, "time": 38.5}, {"$id": 208, "type": 0, "pos": 1.77777767, "size": 1.0, "_time": 38.66797, "shift": 0.0, "time": 38.66797}, {"$id": 209, "type": 0, "pos": 0.666666567, "size": 1.0, "_time": 38.83203, "shift": 0.0, "time": 38.83203}, {"$id": 210, "type": 0, "pos": -0.5000005, "size": 1.0, "_time": 39.0, "shift": 0.0, "time": 39.0}, {"$id": 211, "type": 0, "pos": 1.25000048, "size": 1.0, "_time": 39.16797, "shift": 0.0, "time": 39.16797}, {"$id": 212, "type": 0, "pos": 0.5277772, "size": 1.0, "_time": 39.66797, "shift": 0.0, "time": 39.66797}, {"$id": 213, "type": 0, "pos": -0.38888827, "size": 1.0, "_time": 39.83203, "shift": 0.0, "time": 39.83203}, {"$id": 214, "type": 0, "pos": -1.36111164, "size": 1.0, "_time": 40.0, "shift": 0.0, "time": 40.0}, {"$id": 215, "type": 0, "pos": 0.194444656, "size": 1.0, "_time": 40.16797, "shift": 0.0, "time": 40.16797}, {"$id": 216, "type": 0, "pos": -0.7499995, "size": 1.0, "_time": 40.66797, "shift": 0.0, "time": 40.66797}, {"$id": 217, "type": 0, "pos": 1.30555654, "size": 1.0, "_time": 40.83203, "shift": 0.0, "time": 40.83203}, {"$id": 218, "type": 0, "pos": -0.138888121, "size": 1.0, "_time": 41.0, "shift": 0.0, "time": 41.0}, {"$id": 219, "type": 0, "pos": -1.47222257, "size": 1.0, "_time": 41.16797, "shift": 0.0, "time": 41.16797}, {"$id": 220, "type": 0, "pos": 0.722222567, "size": 1.0, "_time": 41.33203, "shift": 0.0, "time": 41.33203}, {"$id": 221, "type": 0, "pos": -0.527777433, "size": 1.0, "_time": 41.5, "shift": 0.0, "time": 41.5}, {"$id": 222, "type": 0, "pos": -1.72222173, "size": 1.0, "_time": 41.66797, "shift": 0.0, "time": 41.66797}, {"$id": 223, "type": 0, "pos": 0.138888359, "size": 1.0, "_time": 41.83203, "shift": 0.0, "time": 41.83203}, {"$id": 224, "type": 0, "pos": 1.44444418, "size": 1.0, "_time": 42.33203, "shift": 0.0, "time": 42.33203}, {"$id": 225, "type": 0, "pos": 0.249999762, "size": 1.0, "_time": 42.5, "shift": 0.0, "time": 42.5}, {"$id": 226, "type": 0, "pos": -0.8055557, "size": 1.0, "_time": 42.66797, "shift": 0.0, "time": 42.66797}, {"$id": 227, "type": 0, "pos": 1.0, "size": 1.0, "_time": 42.83203, "shift": 0.0, "time": 42.83203}, {"$id": 228, "type": 0, "pos": 0.0, "size": 1.1, "_time": 43.16797, "shift": 0.0, "time": 43.16797}, {"$id": 229, "type": 0, "pos": 0.0, "size": 1.1, "_time": 43.33203, "shift": 0.0, "time": 43.33203}, {"$id": 230, "type": 0, "pos": 1.5, "size": 1.2, "_time": 43.5, "shift": 0.0, "time": 43.5}, {"$id": 231, "type": 0, "pos": -1.5, "size": 1.2, "_time": 43.58203, "shift": 0.0, "time": 43.58203}, {"$id": 232, "type": 0, "pos": 1.5, "size": 1.2, "_time": 43.66797, "shift": 0.0, "time": 43.66797}, {"$id": 233, "type": 0, "pos": 0.0, "size": 1.2, "_time": 43.83203, "shift": 0.0, "time": 43.83203}, {"$id": 234, "type": 0, "sounds": [{"w": 0.0, "d": 0.416667938, "p": 68, "v": 98}], "pos": 2.0, "size": 1.2, "_time": 44.0, "shift": 0.0, "time": 44.0}, {"$id": 235, "type": 0, "sounds": [{"w": 0.0, "d": 0.416667938, "p": 64, "v": 98}], "pos": -1.8055563, "size": 1.2, "_time": 44.0, "shift": 0.0, "time": 44.0}, {"$id": 236, "type": 0, "sounds": [{"w": 0.0, "d": 0.8333359, "p": 54, "v": 98}], "pos": -0.833334267, "size": 1.0, "_time": 44.16797, "shift": 0.0, "time": 44.16797}, {"$id": 237, "type": 0, "sounds": [{"w": 0.0, "d": 0.666667938, "p": 59, "v": 98}], "pos": -0.18055588, "size": 1.0, "_time": 44.33203, "shift": 0.0, "time": 44.33203}, {"$id": 238, "type": 0, "sounds": [{"w": 0.0, "d": 0.5, "p": 68, "v": 98}], "pos": 0.472221851, "size": 1.0, "_time": 44.45703, "shift": 0.0, "time": 44.45703}, {"$id": 239, "type": 0, "sounds": [{"w": 0.0, "d": 0.5, "p": 69, "v": 98}], "pos": -1.3055563, "size": 1.0, "_time": 44.5, "shift": 0.0, "time": 44.5}, {"$id": 240, "type": 0, "sounds": [{"w": 0.0, "d": 0.5, "p": 64, "v": 98}], "pos": 0.8888879, "size": 1.0, "_time": 44.5, "shift": 0.0, "time": 44.5}, {"$id": 241, "type": 0, "sounds": [{"w": 0.0, "d": 1.33333206, "p": 66, "v": 86}], "pos": 1.5, "size": 1.0, "_time": 45.0, "shift": 0.0, "time": 45.0}, {"$id": 242, "type": 0, "sounds": [{"w": 0.0, "d": 1.33333206, "p": 61, "v": 86}], "pos": -1.5, "size": 1.0, "_time": 45.0, "shift": 0.0, "time": 45.0}, {"$id": 243, "type": 0, "pos": -0.5, "size": 1.0, "_time": 45.16797, "shift": 0.0, "time": 45.16797}, {"$id": 244, "type": 0, "pos": 1.0, "size": 1.0, "_time": 45.25, "shift": 0.0, "time": 45.25}, {"$id": 245, "type": 0, "pos": -0.472222328, "size": 1.0, "_time": 45.33203, "shift": 0.0, "time": 45.33203}, {"$id": 246, "type": 0, "pos": -0.472222328, "size": 1.0, "_time": 45.5, "shift": 0.0, "time": 45.5}, {"$id": 247, "type": 0, "pos": 2.0, "size": 1.2, "_time": 45.66797, "shift": 0.0, "time": 45.66797}, {"$id": 248, "type": 0, "pos": 2.0, "size": 1.2, "_time": 45.91797, "shift": 0.0, "time": 45.91797}, {"$id": 249, "type": 0, "pos": -1.5, "size": 1.0, "_time": 46.16797, "shift": 0.0, "time": 46.16797}, {"$id": 250, "type": 0, "pos": 0.305555344, "size": 1.2, "_time": 46.33203, "shift": 0.0, "time": 46.33203}, {"$id": 251, "type": 0, "pos": -1.5, "size": 1.0, "_time": 46.5, "shift": 0.0, "time": 46.5}, {"$id": 252, "type": 0, "sounds": [{"w": 0.0, "d": 0.5, "p": 71, "v": 91}], "pos": -1.5, "size": 1.2, "_time": 46.66797, "shift": 0.0, "time": 46.66797}, {"$id": 253, "type": 0, "sounds": [{"w": 0.0, "d": 0.5, "p": 83, "v": 91}], "pos": 1.3194437, "size": 1.2, "_time": 46.66797, "shift": 0.0, "time": 46.66797}, {"$id": 254, "type": 0, "pos": 0.5, "size": 1.0, "_time": 47.0, "shift": 0.0, "time": 47.0}, {"$id": 255, "type": 0, "sounds": [{"w": 0.0, "d": 0.166667938, "p": 80, "v": 91}], "pos": -0.5277783, "size": 1.0, "_time": 47.16797, "shift": 0.0, "time": 47.16797}, {"$id": 256, "type": 0, "pos": 1.0, "size": 1.0, "_time": 47.25, "shift": 0.0, "time": 47.25}, {"$id": 257, "type": 0, "pos": -0.5, "size": 1.0, "_time": 47.33203, "shift": 0.0, "time": 47.33203}, {"$id": 258, "type": 0, "sounds": [{"w": 0.0, "d": 0.666667938, "p": 76, "v": 86}], "pos": -1.61111128, "size": 1.1, "_time": 47.66797, "shift": 0.0, "time": 47.66797}, {"$id": 259, "type": 0, "sounds": [{"w": 0.0, "d": 0.666667938, "p": 64, "v": 86}], "pos": 0.305555165, "size": 1.1, "_time": 47.66797, "shift": 0.0, "time": 47.66797}, {"$id": 260, "type": 0, "pos": -1.0, "size": 1.0, "_time": 48.0, "shift": 0.0, "time": 48.0}, {"$id": 261, "type": 0, "pos": -1.0, "size": 1.0, "_time": 48.16797, "shift": 0.0, "time": 48.16797}, {"$id": 262, "type": 0, "pos": 1.5, "size": 1.2, "_time": 48.33203, "shift": 0.0, "time": 48.33203}, {"$id": 263, "type": 0, "pos": 1.5, "size": 1.2, "_time": 48.58203, "shift": 0.0, "time": 48.58203}, {"$id": 264, "type": 0, "pos": -1.5, "size": 1.0, "_time": 48.66797, "shift": 0.0, "time": 48.66797}, {"$id": 265, "type": 0, "pos": 0.5, "size": 1.0, "_time": 48.83203, "shift": 0.0, "time": 48.83203}, {"$id": 266, "type": 0, "pos": -0.5, "size": 1.2, "_time": 49.0, "shift": 0.0, "time": 49.0}, {"$id": 267, "type": 0, "pos": 0.5, "size": 1.0, "_time": 49.16797, "shift": 0.0, "time": 49.16797}, {"$id": 268, "type": 0, "sounds": [{"w": 0.0, "d": 0.416667938, "p": 64, "v": 98}], "pos": 1.0, "size": 1.2, "_time": 49.33203, "shift": 0.0, "time": 49.33203}, {"$id": 269, "type": 0, "sounds": [{"w": 0.0, "d": 0.416667938, "p": 68, "v": 98}], "pos": -0.916666865, "size": 1.2, "_time": 49.33203, "shift": 0.0, "time": 49.33203}, {"$id": 270, "type": 0, "sounds": [{"w": 0.0, "d": 0.8333359, "p": 54, "v": 98}], "pos": -0.08333358, "size": 1.0, "_time": 49.5, "shift": 0.0, "time": 49.5}, {"$id": 271, "type": 0, "sounds": [{"w": 0.0, "d": 0.666667938, "p": 59, "v": 98}], "pos": 0.708333731, "size": 1.0, "_time": 49.66797, "shift": 0.0, "time": 49.66797}, {"$id": 272, "type": 0, "sounds": [{"w": 0.0, "d": 0.5, "p": 68, "v": 98}], "pos": 1.27777815, "size": 1.0, "_time": 49.79297, "shift": 0.0, "time": 49.79297}, {"$id": 273, "type": 0, "sounds": [{"w": 0.0, "d": 0.5, "p": 69, "v": 98}], "pos": -1.0, "size": 1.0, "_time": 49.83203, "shift": 0.0, "time": 49.83203}, {"$id": 274, "type": 0, "sounds": [{"w": 0.0, "d": 0.5, "p": 64, "v": 98}], "pos": 1.5, "size": 1.0, "_time": 49.83203, "shift": 0.0, "time": 49.83203}, {"$id": 275, "type": 0, "pos": 1.5, "size": 1.0, "_time": 50.16797, "shift": 0.0, "time": 50.16797}, {"$id": 276, "type": 0, "sounds": [{"w": 0.0, "d": 1.33333206, "p": 61, "v": 86}], "pos": -1.5, "size": 1.1, "_time": 50.33203, "shift": 0.0, "time": 50.33203}, {"$id": 277, "type": 0, "sounds": [{"w": 0.0, "d": 1.33333206, "p": 66, "v": 86}], "pos": 1.5, "size": 1.1, "_time": 50.33203, "shift": 0.0, "time": 50.33203}, {"$id": 278, "type": 0, "pos": 0.5, "size": 1.0, "_time": 50.5, "shift": 0.0, "time": 50.5}, {"$id": 279, "type": 0, "pos": -1.0, "size": 1.0, "_time": 50.58203, "shift": 0.0, "time": 50.58203}, {"$id": 280, "type": 0, "pos": 0.5, "size": 1.0, "_time": 50.66797, "shift": 0.0, "time": 50.66797}, {"$id": 281, "type": 0, "pos": 0.5, "size": 1.0, "_time": 50.83203, "shift": 0.0, "time": 50.83203}, {"$id": 282, "type": 0, "pos": -1.5, "size": 1.2, "_time": 51.0, "shift": 0.0, "time": 51.0}, {"$id": 283, "type": 0, "sounds": [{"w": 0.0, "d": 0.5, "p": 85, "v": 91}], "pos": 0.0, "size": 1.0, "_time": 51.16797, "shift": 0.0, "time": 51.16797}, {"$id": 284, "type": 0, "pos": -1.5, "size": 1.2, "_time": 51.33203, "shift": 0.0, "time": 51.33203}, {"$id": 285, "type": 0, "sounds": [{"w": 0.0, "d": 0.5, "p": 88, "v": 90}], "pos": 2.0, "size": 1.0, "_time": 51.5, "shift": 0.0, "time": 51.5}, {"$id": 286, "type": 0, "sounds": [{"w": 0.0, "d": 0.333332062, "p": 71, "v": 91}], "pos": -0.0277770758, "size": 1.0, "_time": 51.66797, "shift": 0.0, "time": 51.66797}, {"$id": 287, "type": 0, "sounds": [{"w": 0.0, "d": 0.5, "p": 69, "v": 91}], "pos": -1.80555522, "size": 1.2, "_time": 52.0, "shift": 0.0, "time": 52.0}, {"$id": 288, "type": 0, "sounds": [{"w": 0.0, "d": 0.5, "p": 81, "v": 91}], "pos": 0.7361094, "size": 1.2, "_time": 52.0, "shift": 0.0, "time": 52.0}, {"$id": 289, "type": 0, "pos": -0.8611109, "size": 1.0, "_time": 52.16797, "shift": 0.0, "time": 52.16797}, {"$id": 290, "type": 0, "pos": 0.305555, "size": 1.0, "_time": 52.33203, "shift": 0.0, "time": 52.33203}, {"$id": 291, "type": 0, "sounds": [{"w": 0.0, "d": 0.166667938, "p": 80, "v": 91}], "pos": 1.5, "size": 1.0, "_time": 52.5, "shift": 0.0, "time": 52.5}, {"$id": 292, "type": 0, "sounds": [{"w": 0.0, "d": 0.166667938, "p": 68, "v": 91}], "pos": -0.5, "size": 1.0, "_time": 52.5, "shift": 0.0, "time": 52.5}, {"$id": 293, "type": 0, "pos": 0.6111103, "size": 1.0, "_time": 52.66797, "shift": 0.0, "time": 52.66797}, {"$id": 294, "type": 0, "pos": -0.583332956, "size": 1.0, "_time": 52.83203, "shift": 0.0, "time": 52.83203}, {"$id": 295, "type": 0, "sounds": [{"w": 0.0, "d": 0.666667938, "p": 66, "v": 82}], "pos": 1.0, "size": 1.2, "_time": 53.0, "shift": 0.0, "time": 53.0}, {"$id": 296, "type": 0, "sounds": [{"w": 0.0, "d": 0.666667938, "p": 78, "v": 86}], "pos": -1.500002, "size": 1.2, "_time": 53.0, "shift": 0.0, "time": 53.0}, {"$id": 297, "type": 0, "pos": 1.0, "size": 1.0, "_time": 53.16797, "shift": 0.0, "time": 53.16797}, {"$id": 298, "type": 0, "pos": -0.5277779, "size": 1.0, "_time": 53.33203, "shift": 0.0, "time": 53.33203}, {"$id": 299, "type": 0, "pos": 1.0, "size": 1.0, "_time": 53.5, "shift": 0.0, "time": 53.5}, {"$id": 300, "type": 0, "pos": -0.5, "size": 1.0, "_time": 53.66797, "shift": 0.0, "time": 53.66797}, {"$id": 301, "type": 0, "pos": 1.0, "size": 1.0, "_time": 53.83203, "shift": 0.0, "time": 53.83203}, {"$id": 302, "type": 0, "pos": -0.5, "size": 1.0, "_time": 54.0, "shift": 0.0, "time": 54.0}, {"$id": 303, "type": 0, "pos": 1.0, "size": 1.0, "_time": 54.16797, "shift": 0.0, "time": 54.16797}, {"$id": 304, "type": 0, "pos": -1.0, "size": 1.0, "_time": 54.25, "shift": 0.0, "time": 54.25}, {"$id": 305, "type": 0, "pos": 0.5, "size": 1.0, "_time": 54.33203, "shift": 0.0, "time": 54.33203}, {"$id": 306, "type": 0, "pos": -1.0, "size": 1.0, "_time": 54.41797, "shift": 0.0, "time": 54.41797}, {"$id": 307, "type": 0, "pos": 0.5, "size": 1.0, "_time": 54.5, "shift": 0.0, "time": 54.5}, {"$id": 308, "type": 0, "pos": 1.5, "size": 1.2, "_time": 54.66797, "shift": 0.0, "time": 54.66797}, {"$id": 309, "type": 0, "sounds": [{"w": 0.0, "d": 1.33333969, "p": 50, "v": 107}], "pos": -1.75000048, "size": 1.0, "_time": 54.66797, "shift": 0.0, "time": 54.66797}, {"$id": 310, "type": 0, "sounds": [{"w": 0.0, "d": 0.5, "p": 61, "v": 107}], "pos": -0.375000477, "size": 1.0, "_time": 55.0, "shift": 0.0, "time": 55.0}, {"$id": 311, "type": 0, "pos": 1.5, "size": 1.2, "_time": 55.0, "shift": 0.0, "time": 55.0}, {"$id": 312, "type": 0, "sounds": [{"w": 0.0, "d": 0.5, "p": 81, "v": 107}], "pos": -1.30555654, "size": 1.0, "_time": 55.16797, "shift": 0.0, "time": 55.16797}, {"$id": 313, "type": 0, "pos": 1.5, "size": 1.2, "_time": 55.33203, "shift": 0.0, "time": 55.33203}, {"$id": 314, "type": 0, "pos": 1.5, "size": 1.2, "_time": 55.66797, "shift": 0.0, "time": 55.66797}, {"$id": 315, "type": 0, "sounds": [{"w": 0.0, "d": 0.5000038, "p": 80, "v": 107}], "pos": -1.30555654, "size": 1.0, "_time": 55.66797, "shift": 0.0, "time": 55.66797}, {"$id": 316, "type": 0, "pos": 1.5, "size": 1.2, "_time": 56.0, "shift": 0.0, "time": 56.0}, {"$id": 317, "type": 0, "sounds": [{"w": 0.0, "d": 0.5000038, "p": 81, "v": 107}], "pos": -0.722223639, "size": 1.0, "_time": 56.16797, "shift": 0.0, "time": 56.16797}, {"$id": 318, "type": 0, "pos": 1.5, "size": 1.2, "_time": 56.33203, "shift": 0.0, "time": 56.33203}, {"$id": 319, "type": 0, "sounds": [{"w": 0.0, "d": 0.666671753, "p": 76, "v": 107}], "pos": 0.5, "size": 1.0, "_time": 56.66797, "shift": 0.0, "time": 56.66797}, {"$id": 320, "type": 0, "sounds": [{"w": 0.0, "d": 0.666671753, "p": 50, "v": 107}], "pos": -1.27777791, "size": 1.0, "_time": 56.66797, "shift": 0.0, "time": 56.66797}, {"$id": 321, "type": 0, "sounds": [{"w": 0.0, "d": 0.5000038, "p": 54, "v": 107}], "pos": 1.0, "size": 1.0, "_time": 56.83203, "shift": 0.0, "time": 56.83203}, {"$id": 322, "type": 0, "pos": -0.5, "size": 1.2, "_time": 57.0, "shift": 0.0, "time": 57.0}, {"$id": 323, "type": 0, "sounds": [{"w": 0.0, "d": 0.333335876, "p": 56, "v": 107}], "pos": 1.5, "size": 1.0, "_time": 57.0, "shift": 0.0, "time": 57.0}, {"$id": 324, "type": 0, "pos": -1.5, "size": 1.2, "_time": 57.33203, "shift": 0.0, "time": 57.33203}, {"$id": 325, "type": 0, "sounds": [{"w": 0.0, "d": 1.33333969, "p": 49, "v": 107}], "pos": 1.5, "size": 1.0, "_time": 57.33203, "shift": 0.0, "time": 57.33203}, {"$id": 326, "type": 0, "pos": -1.5, "size": 1.2, "_time": 57.66797, "shift": 0.0, "time": 57.66797}, {"$id": 327, "type": 0, "sounds": [{"w": 0.0, "d": 0.5, "p": 56, "v": 107}], "pos": 0.305555224, "size": 1.0, "_time": 57.66797, "shift": 0.0, "time": 57.66797}, {"$id": 328, "type": 0, "sounds": [{"w": 0.0, "d": 0.5, "p": 81, "v": 107}], "pos": 1.27777779, "size": 1.0, "_time": 57.83203, "shift": 0.0, "time": 57.83203}, {"$id": 329, "type": 0, "pos": -1.5, "size": 1.2, "_time": 58.0, "shift": 0.0, "time": 58.0}, {"$id": 330, "type": 0, "pos": -1.5, "size": 1.2, "_time": 58.33203, "shift": 0.0, "time": 58.33203}, {"$id": 331, "type": 0, "sounds": [{"w": 0.0, "d": 0.5000038, "p": 80, "v": 107}], "pos": 0.2777778, "size": 1.0, "_time": 58.33203, "shift": 0.0, "time": 58.33203}, {"$id": 332, "type": 0, "pos": -1.5, "size": 1.2, "_time": 58.66797, "shift": 0.0, "time": 58.66797}, {"$id": 333, "type": 0, "sounds": [{"w": 0.0, "d": 0.5000038, "p": 81, "v": 107}], "pos": 1.27777779, "size": 1.0, "_time": 58.83203, "shift": 0.0, "time": 58.83203}, {"$id": 334, "type": 0, "pos": -1.5, "size": 1.2, "_time": 59.0, "shift": 0.0, "time": 59.0}, {"$id": 335, "type": 0, "sounds": [{"w": 0.0, "d": 0.666667938, "p": 83, "v": 107}], "pos": 1.77777779, "size": 1.0, "_time": 59.33203, "shift": 0.0, "time": 59.33203}, {"$id": 336, "type": 0, "pos": -1.5, "size": 1.2, "_time": 59.33203, "shift": 0.0, "time": 59.33203}, {"$id": 337, "type": 0, "sounds": [{"w": 0.0, "d": 0.5, "p": 54, "v": 107}], "pos": 1.222222, "size": 1.0, "_time": 59.5, "shift": 0.0, "time": 59.5}, {"$id": 338, "type": 0, "pos": -1.5, "size": 1.2, "_time": 59.66797, "shift": 0.0, "time": 59.66797}, {"$id": 339, "type": 0, "sounds": [{"w": 0.0, "d": 0.333332062, "p": 56, "v": 107}], "pos": 0.5, "size": 1.0, "_time": 59.66797, "shift": 0.0, "time": 59.66797}, {"$id": 340, "type": 0, "pos": 1.5, "size": 1.2, "_time": 60.0, "shift": 0.0, "time": 60.0}, {"$id": 341, "type": 0, "sounds": [{"w": 0.0, "d": 1.33333969, "p": 50, "v": 107}], "pos": -2.0, "size": 1.0, "_time": 60.0, "shift": 0.0, "time": 60.0}, {"$id": 342, "type": 0, "sounds": [{"w": 0.0, "d": 0.5, "p": 61, "v": 107}], "pos": -0.95833385, "size": 1.0, "_time": 60.33203, "shift": 0.0, "time": 60.33203}, {"$id": 343, "type": 0, "pos": 1.5, "size": 1.2, "_time": 60.33203, "shift": 0.0, "time": 60.33203}, {"$id": 344, "type": 0, "sounds": [{"w": 0.0, "d": 0.5, "p": 69, "v": 107}], "pos": 0.06944354, "size": 1.0, "_time": 60.5, "shift": 0.0, "time": 60.5}, {"$id": 345, "type": 0, "pos": 1.5, "size": 1.2, "_time": 60.66797, "shift": 0.0, "time": 60.66797}, {"$id": 346, "type": 0, "pos": 1.5, "size": 1.2, "_time": 61.0, "shift": 0.0, "time": 61.0}, {"$id": 347, "type": 0, "sounds": [{"w": 0.0, "d": 0.5000038, "p": 80, "v": 107}], "pos": -0.833333254, "size": 1.0, "_time": 61.0, "shift": 0.0, "time": 61.0}, {"$id": 348, "type": 0, "pos": 1.5, "size": 1.2, "_time": 61.33203, "shift": 0.0, "time": 61.33203}, {"$id": 349, "type": 0, "sounds": [{"w": 0.0, "d": 0.5000038, "p": 81, "v": 107}], "pos": -0.0277772546, "size": 1.0, "_time": 61.5, "shift": 0.0, "time": 61.5}, {"$id": 350, "type": 0, "pos": 1.5, "size": 1.2, "_time": 61.66797, "shift": 0.0, "time": 61.66797}, {"$id": 351, "type": 0, "sounds": [{"w": 0.0, "d": 0.666671753, "p": 50, "v": 107}], "pos": -1.11111069, "size": 1.2, "_time": 62.0, "shift": 0.0, "time": 62.0}, {"$id": 352, "type": 0, "sounds": [{"w": 0.0, "d": 0.666671753, "p": 83, "v": 107}], "pos": 1.38888931, "size": 1.2, "_time": 62.0, "shift": 0.0, "time": 62.0}, {"$id": 353, "type": 0, "sounds": [{"w": 0.0, "d": 0.5000038, "p": 54, "v": 107}], "pos": -0.5, "size": 1.0, "_time": 62.16797, "shift": 0.0, "time": 62.16797}, {"$id": 354, "type": 0, "sounds": [{"w": 0.0, "d": 0.333335876, "p": 56, "v": 107}], "pos": 0.5, "size": 1.0, "_time": 62.33203, "shift": 0.0, "time": 62.33203}, {"$id": 355, "type": 0, "sounds": [{"w": 0.0, "d": 0.166667938, "p": 61, "v": 107}], "pos": 1.05555582, "size": 1.0, "_time": 62.5, "shift": 0.0, "time": 62.5}, {"$id": 356, "type": 0, "sounds": [{"w": 0.0, "d": 0.5000038, "p": 88, "v": 107}], "pos": -0.666667461, "size": 1.30000007, "_time": 62.66797, "shift": 0.0, "time": 62.66797}, {"$id": 357, "type": 0, "sounds": [{"w": 0.0, "d": 1.33333969, "p": 49, "v": 107}], "pos": 1.5, "size": 1.2, "_time": 62.66797, "shift": 0.0, "time": 62.66797}, {"$id": 358, "type": 0, "sounds": [{"w": 0.0, "d": 1.00000381, "p": 52, "v": 107}], "pos": 1.13888872, "size": 1.0, "_time": 62.83203, "shift": 0.0, "time": 62.83203}, {"$id": 359, "type": 0, "sounds": [{"w": 0.0, "d": 0.5, "p": 56, "v": 107}], "pos": 0.555554867, "size": 1.0, "_time": 63.0, "shift": 0.0, "time": 63.0}, {"$id": 360, "type": 0, "sounds": [{"w": 0.0, "d": 0.5, "p": 86, "v": 108}], "pos": -1.77777779, "size": 1.30000007, "_time": 63.16797, "shift": 0.0, "time": 63.16797}, {"$id": 361, "type": 0, "sounds": [{"w": 0.0, "d": 0.666667938, "p": 57, "v": 108}], "pos": -0.2916664, "size": 1.0, "_time": 63.16797, "shift": 0.0, "time": 63.16797}, {"$id": 362, "type": 0, "pos": 0.666667, "size": 1.0, "_time": 63.33203, "shift": 0.0, "time": 63.33203}, {"$id": 363, "type": 0, "pos": -0.5, "size": 1.0, "_time": 63.5, "shift": 0.0, "time": 63.5}, {"$id": 364, "type": 0, "sounds": [{"w": 0.0, "d": 0.166667938, "p": 85, "v": 107}], "pos": 1.5, "size": 1.0, "_time": 63.66797, "shift": 0.0, "time": 63.66797}, {"$id": 365, "type": 0, "sounds": [{"w": 0.0, "d": 0.833328247, "p": 81, "v": 107}], "pos": -0.361110568, "size": 1.0, "_time": 63.83203, "shift": 0.0, "time": 63.83203}, {"$id": 366, "type": 0, "sounds": [{"w": 0.0, "d": 0.999988556, "p": 42, "v": 107}], "pos": -1.750001, "size": 1.0, "_time": 64.0, "shift": 0.0, "time": 64.0}, {"$id": 367, "type": 0, "sounds": [{"w": 0.0, "d": 0.499992371, "p": 47, "v": 107}], "pos": -0.7916672, "size": 1.0, "_time": 64.16797, "shift": 0.0, "time": 64.16797}, {"$id": 368, "type": 0, "sounds": [{"w": 0.0, "d": 0.333328247, "p": 49, "v": 107}], "pos": 0.236111343, "size": 1.0, "_time": 64.33203, "shift": 0.0, "time": 64.33203}, {"$id": 369, "type": 0, "sounds": [{"w": 0.0, "d": 0.499992371, "p": 56, "v": 107}], "pos": 1.30555391, "size": 1.0, "_time": 64.5, "shift": 0.0, "time": 64.5}, {"$id": 370, "type": 0, "sounds": [{"w": 0.0, "d": 0.6666565, "p": 83, "v": 107}], "pos": 2.0, "size": 1.0, "_time": 64.66797, "shift": 0.0, "time": 64.66797}, {"$id": 371, "type": 0, "sounds": [{"w": 0.0, "d": 1.33333588, "p": 45, "v": 107}], "pos": -1.0, "size": 1.50000012, "_time": 65.16797, "shift": 0.0, "time": 65.16797}, {"$id": 372, "type": 0, "sounds": [{"w": 0.0, "d": 2.49999237, "p": 33, "v": 107}], "pos": 3.125, "size": 1.0, "_time": 65.16797, "shift": 0.0, "time": 65.16797}, {"$id": 373, "type": 0, "sounds": [{"w": 0.0, "d": 0.5, "p": 61, "v": 107}], "pos": 1.0, "size": 1.50000012, "_time": 65.16797, "shift": 0.0, "time": 65.16797}, {"$id": 374, "type": 0, "sounds": [{"w": 0.0, "d": 0.5, "p": 59, "v": 108}], "pos": -1.5, "size": 1.1, "_time": 65.66797, "shift": 0.0, "time": 65.66797}, {"$id": 375, "type": 0, "sounds": [{"w": 0.0, "d": 0.5, "p": 68, "v": 108}], "pos": 1.5, "size": 1.1, "_time": 65.66797, "shift": 0.0, "time": 65.66797}, {"$id": 376, "type": 0, "pos": -0.30555594, "size": 1.0, "_time": 65.91797, "shift": 0.0, "time": 65.91797}, {"$id": 377, "type": 0, "sounds": [{"w": 0.0, "d": 0.5, "p": 64, "v": 108}], "pos": 1.0, "size": 1.0, "_time": 66.0, "shift": 0.0, "time": 66.0}, {"$id": 378, "type": 0, "sounds": [{"w": 0.0, "d": 0.333335876, "p": 81, "v": 108}], "pos": -0.98611176, "size": 1.0, "_time": 66.16797, "shift": 0.0, "time": 66.16797}, {"$id": 379, "type": 0, "pos": 1.5, "size": 1.0, "_time": 66.33203, "shift": 0.0, "time": 66.33203}, {"$id": 380, "type": 0, "sounds": [{"w": 0.0, "d": 0.5, "p": 83, "v": 108}], "pos": 0.5, "size": 1.0, "_time": 66.5, "shift": 0.0, "time": 66.5}, {"$id": 381, "type": 0, "pos": -1.0, "size": 1.0, "_time": 66.58203, "shift": 0.0, "time": 66.58203}, {"$id": 382, "type": 0, "pos": 0.5, "size": 1.0, "_time": 66.66797, "shift": 0.0, "time": 66.66797}, {"$id": 383, "type": 0, "pos": 0.5, "size": 1.0, "_time": 66.83203, "shift": 0.0, "time": 66.83203}, {"$id": 384, "type": 0, "sounds": [{"w": 0.0, "d": 0.333328247, "p": 81, "v": 107}], "pos": -1.5, "size": 1.0, "_time": 67.0, "shift": 0.0, "time": 67.0}, {"$id": 385, "type": 0, "pos": 1.0, "size": 1.0, "_time": 67.25, "shift": 0.0, "time": 67.25}, {"$id": 386, "type": 0, "pos": -0.5, "size": 1.0, "_time": 67.33203, "shift": 0.0, "time": 67.33203}, {"$id": 387, "type": 0, "pos": 1.0, "size": 1.0, "_time": 67.5, "shift": 0.0, "time": 67.5}, {"$id": 388, "type": 0, "pos": -0.972222, "size": 1.0, "_time": 67.66797, "shift": 0.0, "time": 67.66797}, {"$id": 389, "type": 0, "sounds": [{"w": 0.0, "d": 0.833328247, "p": 66, "v": 107}], "pos": 1.027778, "size": 1.2, "_time": 67.83203, "shift": 0.0, "time": 67.83203}, {"$id": 390, "type": 0, "sounds": [{"w": 0.0, "d": 0.833328247, "p": 69, "v": 108}], "pos": -0.972222, "size": 1.2, "_time": 67.83203, "shift": 0.0, "time": 67.83203}, {"$id": 391, "type": 0, "sounds": [{"w": 0.0, "d": 0.499992371, "p": 88, "v": 116}], "pos": 2.0, "size": 1.30000007, "_time": 68.33203, "shift": 0.0, "time": 68.33203}, {"$id": 392, "type": 0, "sounds": [{"w": 0.0, "d": 0.499992371, "p": 76, "v": 116}], "pos": -1.5, "size": 1.30000007, "_time": 68.33203, "shift": 0.0, "time": 68.33203}, {"$id": 393, "type": 0, "pos": 0.0, "size": 1.0, "_time": 68.58203, "shift": 0.0, "time": 68.58203}, {"$id": 394, "type": 0, "sounds": [{"w": 0.0, "d": 0.499992371, "p": 64, "v": 105}], "pos": 1.0, "size": 1.0, "_time": 68.66797, "shift": 0.0, "time": 68.66797}, {"$id": 395, "type": 0, "sounds": [{"w": 0.0, "d": 0.333328247, "p": 81, "v": 108}], "pos": -1.09722233, "size": 1.0, "_time": 68.83203, "shift": 0.0, "time": 68.83203}, {"$id": 396, "type": 0, "pos": 0.250000626, "size": 1.0, "_time": 69.0, "shift": 0.0, "time": 69.0}, {"$id": 397, "type": 0, "sounds": [{"w": 0.0, "d": 0.5, "p": 83, "v": 108}], "pos": 1.5, "size": 1.0, "_time": 69.16797, "shift": 0.0, "time": 69.16797}, {"$id": 398, "type": 0, "pos": 0.0, "size": 1.0, "_time": 69.25, "shift": 0.0, "time": 69.25}, {"$id": 399, "type": 0, "pos": 1.5, "size": 1.0, "_time": 69.33203, "shift": 0.0, "time": 69.33203}, {"$id": 400, "type": 0, "pos": 1.5, "size": 1.0, "_time": 69.5, "shift": 0.0, "time": 69.5}, {"$id": 401, "type": 0, "sounds": [{"w": 0.0, "d": 0.333328247, "p": 81, "v": 107}], "pos": -1.04166543, "size": 1.0, "_time": 69.66797, "shift": 0.0, "time": 69.66797}, {"$id": 402, "type": 0, "pos": -0.05555491, "size": 1.0, "_time": 69.91797, "shift": 0.0, "time": 69.91797}, {"$id": 403, "type": 0, "sounds": [{"w": 0.0, "d": 0.166664124, "p": 80, "v": 107}], "pos": 1.55555558, "size": 1.0, "_time": 70.0, "shift": 0.0, "time": 70.0}, {"$id": 404, "type": 0, "sounds": [{"w": 0.0, "d": 0.333335876, "p": 81, "v": 107}], "pos": -1.61111176, "size": 1.0, "_time": 70.16797, "shift": 0.0, "time": 70.16797}, {"$id": 405, "type": 0, "pos": 0.5, "size": 1.0, "_time": 70.33203, "shift": 0.0, "time": 70.33203}, {"$id": 406, "type": 0, "sounds": [{"w": 0.0, "d": 0.5, "p": 61, "v": 111}], "pos": 0.5, "size": 1.2, "_time": 70.5, "shift": 0.0, "time": 70.5}, {"$id": 407, "type": 0, "sounds": [{"w": 0.0, "d": 0.5, "p": 56, "v": 111}], "pos": -1.61111176, "size": 1.2, "_time": 70.5, "shift": 0.0, "time": 70.5}, {"$id": 408, "type": 0, "sounds": [{"w": 0.0, "d": 0.5, "p": 68, "v": 108}], "pos": -0.972221851, "size": 1.2, "_time": 71.0, "shift": 0.0, "time": 71.0}, {"$id": 409, "type": 0, "sounds": [{"w": 0.0, "d": 0.333335876, "p": 64, "v": 108}], "pos": 1.5, "size": 1.2, "_time": 71.0, "shift": 0.0, "time": 71.0}, {"$id": 410, "type": 0, "pos": 0.5, "size": 1.0, "_time": 71.16797, "shift": 0.0, "time": 71.16797}, {"$id": 411, "type": 0, "sounds": [{"w": 0.0, "d": 0.499992371, "p": 64, "v": 108}], "pos": -0.333333582, "size": 1.0, "_time": 71.33203, "shift": 0.0, "time": 71.33203}, {"$id": 412, "type": 0, "sounds": [{"w": 0.0, "d": 0.333328247, "p": 81, "v": 108}], "pos": 1.31944418, "size": 1.0, "_time": 71.5, "shift": 0.0, "time": 71.5}, {"$id": 413, "type": 0, "pos": -1.5, "size": 1.0, "_time": 71.66797, "shift": 0.0, "time": 71.66797}, {"$id": 414, "type": 0, "sounds": [{"w": 0.0, "d": 1.33332825, "p": 30, "v": 111}], "pos": 2.75, "size": 1.0, "_time": 71.83203, "shift": 0.0, "time": 71.83203}, {"$id": 415, "type": 0, "sounds": [{"w": 0.0, "d": 0.5, "p": 83, "v": 108}], "pos": 1.68055558, "size": 1.0, "_time": 71.83203, "shift": 0.0, "time": 71.83203}, {"$id": 416, "type": 0, "pos": -1.5, "size": 1.0, "_time": 72.0, "shift": 0.0, "time": 72.0}, {"$id": 417, "type": 0, "pos": 0.0, "size": 1.0, "_time": 72.16797, "shift": 0.0, "time": 72.16797}, {"$id": 418, "type": 0, "sounds": [{"w": 0.0, "d": 0.333328247, "p": 81, "v": 107}], "pos": 0.791667938, "size": 1.0, "_time": 72.33203, "shift": 0.0, "time": 72.33203}, {"$id": 419, "type": 0, "sounds": [{"w": 0.0, "d": 0.6666641, "p": 64, "v": 107}], "pos": -0.72222203, "size": 1.0, "_time": 72.5, "shift": 0.0, "time": 72.5}, {"$id": 420, "type": 0, "sounds": [{"w": 0.0, "d": 0.166664124, "p": 80, "v": 107}], "pos": 0.1666671, "size": 1.0, "_time": 72.66797, "shift": 0.0, "time": 72.66797}, {"$id": 421, "type": 0, "sounds": [{"w": 0.0, "d": 0.333335876, "p": 81, "v": 107}], "pos": -1.25000024, "size": 1.0, "_time": 72.83203, "shift": 0.0, "time": 72.83203}, {"$id": 422, "type": 0, "sounds": [{"w": 0.0, "d": 1.33332062, "p": 35, "v": 103}], "pos": 3.375, "size": 1.0, "_time": 73.16797, "shift": 0.0, "time": 73.16797}, {"$id": 423, "type": 0, "sounds": [{"w": 0.0, "d": 0.5, "p": 73, "v": 108}], "pos": -1.56944466, "size": 1.2, "_time": 73.16797, "shift": 0.0, "time": 73.16797}, {"$id": 424, "type": 0, "sounds": [{"w": 0.0, "d": 0.5, "p": 64, "v": 107}], "pos": 1.0, "size": 1.2, "_time": 73.16797, "shift": 0.0, "time": 73.16797}, {"$id": 425, "type": 0, "pos": 1.5, "size": 1.0, "_time": 73.5, "shift": 0.0, "time": 73.5}, {"$id": 426, "type": 0, "sounds": [{"w": 0.0, "d": 0.499992371, "p": 88, "v": 116}], "pos": 1.55555534, "size": 1.2, "_time": 73.66797, "shift": 0.0, "time": 73.66797}, {"$id": 427, "type": 0, "sounds": [{"w": 0.0, "d": 0.499992371, "p": 76, "v": 116}], "pos": -0.5, "size": 1.2, "_time": 73.66797, "shift": 0.0, "time": 73.66797}, {"$id": 428, "type": 0, "sounds": [{"w": 0.0, "d": 0.499992371, "p": 64, "v": 105}], "pos": -1.5, "size": 1.0, "_time": 74.0, "shift": 0.0, "time": 74.0}, {"$id": 429, "type": 0, "sounds": [{"w": 0.0, "d": 0.333328247, "p": 81, "v": 108}], "pos": 0.5972222, "size": 1.0, "_time": 74.16797, "shift": 0.0, "time": 74.16797}, {"$id": 430, "type": 0, "pos": -1.5, "size": 1.0, "_time": 74.33203, "shift": 0.0, "time": 74.33203}, {"$id": 431, "type": 0, "sounds": [{"w": 0.0, "d": 0.5, "p": 83, "v": 108}], "pos": 1.0, "size": 1.0, "_time": 74.5, "shift": 0.0, "time": 74.5}, {"$id": 432, "type": 0, "pos": -1.5, "size": 1.0, "_time": 74.66797, "shift": 0.0, "time": 74.66797}, {"$id": 433, "type": 0, "pos": -1.5, "size": 1.0, "_time": 74.83203, "shift": 0.0, "time": 74.83203}, {"$id": 434, "type": 0, "sounds": [{"w": 0.0, "d": 0.333328247, "p": 81, "v": 107}], "pos": 1.5, "size": 1.0, "_time": 75.0, "shift": 0.0, "time": 75.0}, {"$id": 435, "type": 0, "sounds": [{"w": 0.0, "d": 0.6666641, "p": 64, "v": 107}], "pos": -1.0, "size": 1.0, "_time": 75.16797, "shift": 0.0, "time": 75.16797}, {"$id": 436, "type": 0, "sounds": [{"w": 0.0, "d": 0.166664124, "p": 80, "v": 107}], "pos": 0.0, "size": 1.0, "_time": 75.33203, "shift": 0.0, "time": 75.33203}, {"$id": 437, "type": 0, "pos": -1.0, "size": 1.0, "_time": 75.5, "shift": 0.0, "time": 75.5}, {"$id": 438, "type": 0, "pos": 0.5, "size": 1.0, "_time": 75.58203, "shift": 0.0, "time": 75.58203}, {"$id": 439, "type": 0, "pos": -1.0, "size": 1.0, "_time": 75.66797, "shift": 0.0, "time": 75.66797}, {"$id": 440, "type": 0, "sounds": [{"w": 0.0, "d": 2.49999237, "p": 33, "v": 107}], "pos": 3.125, "size": 1.0, "_time": 75.83203, "shift": 0.0, "time": 75.83203}, {"$id": 441, "type": 0, "sounds": [{"w": 0.0, "d": 0.5, "p": 57, "v": 107}], "pos": 2.0, "size": 1.30000007, "_time": 75.83203, "shift": 0.0, "time": 75.83203}, {"$id": 442, "type": 0, "sounds": [{"w": 0.0, "d": 0.5, "p": 68, "v": 108}], "pos": 2.0, "size": 1.30000007, "_time": 76.33203, "shift": 0.0, "time": 76.33203}, {"$id": 443, "type": 0, "sounds": [{"w": 0.0, "d": 0.333335876, "p": 64, "v": 108}], "pos": -2.0, "size": 1.30000007, "_time": 76.33203, "shift": 0.0, "time": 76.33203}, {"$id": 444, "type": 0, "pos": 0.5, "size": 1.0, "_time": 76.58203, "shift": 0.0, "time": 76.58203}, {"$id": 445, "type": 0, "pos": -0.5, "size": 1.0, "_time": 76.66797, "shift": 0.0, "time": 76.66797}, {"$id": 446, "type": 0, "sounds": [{"w": 0.0, "d": 0.333335876, "p": 69, "v": 108}], "pos": 1.0, "size": 1.0, "_time": 76.83203, "shift": 0.0, "time": 76.83203}, {"$id": 447, "type": 0, "sounds": [{"w": 0.0, "d": 0.5, "p": 83, "v": 108}], "pos": 1.40277767, "size": 1.0, "_time": 77.16797, "shift": 0.0, "time": 77.16797}, {"$id": 448, "type": 0, "sounds": [{"w": 0.0, "d": 0.5, "p": 71, "v": 108}], "pos": -0.5, "size": 1.0, "_time": 77.16797, "shift": 0.0, "time": 77.16797}, {"$id": 449, "type": 0, "pos": -1.0, "size": 1.0, "_time": 77.5, "shift": 0.0, "time": 77.5}, {"$id": 450, "type": 0, "sounds": [{"w": 0.0, "d": 0.333328247, "p": 76, "v": 107}], "pos": 1.0, "size": 1.0, "_time": 77.66797, "shift": 0.0, "time": 77.66797}, {"$id": 451, "type": 0, "sounds": [{"w": 0.0, "d": 0.333328247, "p": 81, "v": 107}], "pos": -1.0, "size": 1.0, "_time": 77.66797, "shift": 0.0, "time": 77.66797}, {"$id": 452, "type": 0, "sounds": [{"w": 0.0, "d": 0.166664124, "p": 80, "v": 107}], "pos": -0.5, "size": 1.0, "_time": 78.0, "shift": 0.0, "time": 78.0}, {"$id": 453, "type": 0, "sounds": [{"w": 0.0, "d": 0.333328247, "p": 81, "v": 107}], "pos": 2.0, "size": 1.0, "_time": 78.16797, "shift": 0.0, "time": 78.16797}, {"$id": 454, "type": 0, "pos": -1.0, "size": 1.0, "_time": 78.33203, "shift": 0.0, "time": 78.33203}, {"$id": 455, "type": 0, "sounds": [{"w": 0.0, "d": 0.833328247, "p": 61, "v": 113}], "pos": 0.8611109, "size": 1.30000007, "_time": 78.5, "shift": 0.0, "time": 78.5}, {"$id": 456, "type": 0, "sounds": [{"w": 0.0, "d": 0.833328247, "p": 73, "v": 113}], "pos": -1.38888979, "size": 1.30000007, "_time": 78.5, "shift": 0.0, "time": 78.5}, {"$id": 457, "type": 0, "sounds": [{"w": 0.0, "d": 0.1388855, "p": 90, "v": 113}], "pos": 2.0, "size": 1.2, "_time": 79.0, "shift": 0.0, "time": 79.0}, {"$id": 458, "type": 0, "sounds": [{"w": 0.0, "d": 0.1388855, "p": 90, "v": 113}], "pos": 2.0, "size": 1.2, "_time": 79.16797, "shift": 0.0, "time": 79.16797}, {"$id": 459, "type": 0, "sounds": [{"w": 0.0, "d": 0.222221375, "p": 90, "v": 117}], "pos": 2.0, "size": 1.2, "_time": 79.375, "shift": 0.0, "time": 79.375}, {"$id": 460, "type": 0, "sounds": [{"w": 0.0, "d": 0.222221375, "p": 88, "v": 113}], "pos": 0.5, "size": 1.2, "_time": 79.59766, "shift": 0.0, "time": 79.59766}, {"$id": 461, "type": 0, "sounds": [{"w": 0.0, "d": 0.222213745, "p": 74, "v": 113}], "pos": -1.0, "size": 1.30000007, "_time": 79.77734, "shift": 0.0, "time": 79.77734}, {"$id": 462, "type": 0, "sounds": [{"w": 0.0, "d": 0.222221375, "p": 73, "v": 113}], "pos": 1.208333, "size": 1.2, "_time": 80.0, "shift": 0.0, "time": 80.0}, {"$id": 463, "type": 0, "sounds": [{"w": 0.0, "d": 0.222221375, "p": 74, "v": 113}], "pos": 0.694443166, "size": 1.30000007, "_time": 80.22266, "shift": 0.0, "time": 80.22266}, {"$id": 464, "type": 0, "sounds": [{"w": 0.0, "d": 0.222213745, "p": 75, "v": 113}], "pos": 0.06944412, "size": 1.30000007, "_time": 80.44531, "shift": 0.0, "time": 80.44531}, {"$id": 465, "type": 0, "pos": 1.44444418, "size": 1.0, "_time": 80.58203, "shift": 0.0, "time": 80.58203}, {"$id": 466, "type": 0, "sounds": [{"w": 0.0, "d": 0.222221375, "p": 76, "v": 113}], "pos": -0.861112237, "size": 1.30000007, "_time": 80.66797, "shift": 0.0, "time": 80.66797}, {"$id": 467, "type": 0, "sounds": [{"w": 0.0, "d": 0.222221375, "p": 83, "v": 113}], "pos": -2.0, "size": 1.30000007, "_time": 80.890625, "shift": 0.0, "time": 80.890625}, {"$id": 468, "type": 0, "sounds": [{"w": 0.0, "d": 1.16665649, "p": 37, "v": 107}], "pos": -1.5, "size": 1.50000012, "_time": 81.16797, "shift": 0.0, "time": 81.16797}, {"$id": 469, "type": 0, "sounds": [{"w": 0.0, "d": 0.5138855, "p": 81, "v": 113}], "pos": 0.8194437, "size": 1.50000012, "_time": 81.16797, "shift": 0.0, "time": 81.16797}, {"$id": 470, "type": 0, "pos": -1.0, "size": 1.0, "_time": 81.5, "shift": 0.0, "time": 81.5}, {"$id": 471, "type": 0, "sounds": [{"w": 0.0, "d": 0.333328247, "p": 64, "v": 108}], "pos": 1.5, "size": 1.0, "_time": 81.66797, "shift": 0.0, "time": 81.66797}, {"$id": 472, "type": 0, "pos": -0.5, "size": 1.0, "_time": 81.83203, "shift": 0.0, "time": 81.83203}, {"$id": 473, "type": 0, "pos": -0.5, "size": 1.0, "_time": 82.0, "shift": 0.0, "time": 82.0}, {"$id": 474, "type": 0, "sounds": [{"w": 0.0, "d": 0.333328247, "p": 81, "v": 108}], "pos": 1.0, "size": 1.0, "_time": 82.16797, "shift": 0.0, "time": 82.16797}, {"$id": 475, "type": 0, "pos": -0.5, "size": 1.0, "_time": 82.33203, "shift": 0.0, "time": 82.33203}, {"$id": 476, "type": 0, "sounds": [{"w": 0.0, "d": 1.33332825, "p": 30, "v": 111}], "pos": 2.75, "size": 1.0, "_time": 82.5, "shift": 0.0, "time": 82.5}, {"$id": 477, "type": 0, "sounds": [{"w": 0.0, "d": 0.5, "p": 71, "v": 108}], "pos": -2.0, "size": 1.2, "_time": 82.5, "shift": 0.0, "time": 82.5}, {"$id": 478, "type": 0, "sounds": [{"w": 0.0, "d": 0.5, "p": 83, "v": 108}], "pos": 2.0, "size": 1.2, "_time": 82.5, "shift": 0.0, "time": 82.5}, {"$id": 479, "type": 0, "pos": 0.0, "size": 1.0, "_time": 82.66797, "shift": 0.0, "time": 82.66797}, {"$id": 480, "type": 0, "pos": -1.5, "size": 1.0, "_time": 82.83203, "shift": 0.0, "time": 82.83203}, {"$id": 481, "type": 0, "sounds": [{"w": 0.0, "d": 0.333328247, "p": 81, "v": 107}], "pos": 0.9722221, "size": 1.0, "_time": 83.0, "shift": 0.0, "time": 83.0}, {"$id": 482, "type": 0, "pos": -1.5, "size": 1.0, "_time": 83.16797, "shift": 0.0, "time": 83.16797}, {"$id": 483, "type": 0, "sounds": [{"w": 0.0, "d": 0.166664124, "p": 80, "v": 107}], "pos": -0.5, "size": 1.0, "_time": 83.33203, "shift": 0.0, "time": 83.33203}, {"$id": 484, "type": 0, "sounds": [{"w": 0.0, "d": 0.333335876, "p": 81, "v": 107}], "pos": 0.4166665, "size": 1.0, "_time": 83.5, "shift": 0.0, "time": 83.5}, {"$id": 485, "type": 0, "pos": -1.5, "size": 1.0, "_time": 83.66797, "shift": 0.0, "time": 83.66797}, {"$id": 486, "type": 0, "sounds": [{"w": 0.0, "d": 1.33332062, "p": 35, "v": 103}], "pos": 3.375, "size": 1.0, "_time": 83.83203, "shift": 0.0, "time": 83.83203}, {"$id": 487, "type": 0, "sounds": [{"w": 0.0, "d": 0.5, "p": 73, "v": 108}], "pos": -2.0, "size": 1.30000007, "_time": 83.83203, "shift": 0.0, "time": 83.83203}, {"$id": 488, "type": 0, "sounds": [{"w": 0.0, "d": 0.5, "p": 64, "v": 107}], "pos": 0.5, "size": 1.30000007, "_time": 83.83203, "shift": 0.0, "time": 83.83203}, {"$id": 489, "type": 0, "pos": 2.0, "size": 1.0, "_time": 84.16797, "shift": 0.0, "time": 84.16797}, {"$id": 490, "type": 0, "sounds": [{"w": 0.0, "d": 0.499992371, "p": 88, "v": 116}], "pos": 2.0, "size": 1.30000007, "_time": 84.33203, "shift": 0.0, "time": 84.33203}, {"$id": 491, "type": 0, "sounds": [{"w": 0.0, "d": 0.499992371, "p": 76, "v": 116}], "pos": -0.5, "size": 1.30000007, "_time": 84.33203, "shift": 0.0, "time": 84.33203}, {"$id": 492, "type": 0, "pos": -0.666667342, "size": 1.0, "_time": 84.66797, "shift": 0.0, "time": 84.66797}, {"$id": 493, "type": 0, "sounds": [{"w": 0.0, "d": 0.333328247, "p": 81, "v": 108}], "pos": -0.736111164, "size": 1.2, "_time": 84.83203, "shift": 0.0, "time": 84.83203}, {"$id": 494, "type": 0, "sounds": [{"w": 0.0, "d": 0.333328247, "p": 69, "v": 108}], "pos": 1.0, "size": 1.2, "_time": 84.83203, "shift": 0.0, "time": 84.83203}, {"$id": 495, "type": 0, "sounds": [{"w": 0.0, "d": 0.5, "p": 83, "v": 108}], "pos": 1.5, "size": 1.4000001, "_time": 85.16797, "shift": 0.0, "time": 85.16797}, {"$id": 496, "type": 0, "sounds": [{"w": 0.0, "d": 0.5, "p": 71, "v": 108}], "pos": -1.5, "size": 1.4000001, "_time": 85.16797, "shift": 0.0, "time": 85.16797}, {"$id": 497, "type": 0, "pos": 1.0, "size": 1.0, "_time": 85.5, "shift": 0.0, "time": 85.5}, {"$id": 498, "type": 0, "sounds": [{"w": 0.0, "d": 0.333328247, "p": 81, "v": 107}], "pos": -1.0, "size": 1.1, "_time": 85.66797, "shift": 0.0, "time": 85.66797}, {"$id": 499, "type": 0, "sounds": [{"w": 0.0, "d": 0.333328247, "p": 76, "v": 107}], "pos": 1.0, "size": 1.1, "_time": 85.66797, "shift": 0.0, "time": 85.66797}, {"$id": 500, "type": 0, "pos": -1.5, "size": 1.0, "_time": 85.83203, "shift": 0.0, "time": 85.83203}, {"$id": 501, "type": 0, "pos": 1.5, "size": 1.0, "_time": 86.0, "shift": 0.0, "time": 86.0}, {"$id": 502, "type": 0, "pos": 0.5, "size": 1.0, "_time": 86.16797, "shift": 0.0, "time": 86.16797}, {"$id": 503, "type": 0, "pos": -0.5, "size": 1.0, "_time": 86.25, "shift": 0.0, "time": 86.25}, {"$id": 504, "type": 0, "pos": 0.5, "size": 1.0, "_time": 86.33203, "shift": 0.0, "time": 86.33203}, {"$id": 505, "type": 0, "sounds": [{"w": 0.0, "d": 0.5, "p": 69, "v": 65}], "pos": -2.0, "size": 1.2, "_time": 86.5, "shift": 0.0, "time": 86.5}, {"$id": 506, "type": 0, "sounds": [{"w": 0.0, "d": 2.83330536, "p": 45, "v": 65}], "pos": 2.0, "size": 1.2, "_time": 86.5, "shift": 0.0, "time": 86.5}, {"$id": 507, "type": 0, "sounds": [{"w": 0.0, "d": 0.333328247, "p": 69, "v": 66}], "pos": -1.44444489, "size": 0.9, "_time": 87.0, "shift": 0.0, "time": 87.0}, {"$id": 508, "type": 0, "sounds": [{"w": 0.0, "d": 0.499992371, "p": 64, "v": 66}], "pos": 1.0, "size": 0.9, "_time": 87.16797, "shift": 0.0, "time": 87.16797}, {"$id": 509, "type": 0, "sounds": [{"w": 0.0, "d": 0.333328247, "p": 68, "v": 67}], "pos": -0.5, "size": 0.9, "_time": 87.33203, "shift": 0.0, "time": 87.33203}, {"$id": 510, "type": 0, "sounds": [{"w": 0.0, "d": 0.333328247, "p": 69, "v": 67}], "pos": 0.611111164, "size": 0.9, "_time": 87.5, "shift": 0.0, "time": 87.5}, {"$id": 511, "type": 0, "sounds": [{"w": 0.0, "d": 0.833328247, "p": 64, "v": 67}], "pos": -1.0, "size": 0.9, "_time": 87.66797, "shift": 0.0, "time": 87.66797}, {"$id": 512, "type": 0, "sounds": [{"w": 0.0, "d": 1.49998474, "p": 73, "v": 68}], "pos": 2.0, "size": 0.9, "_time": 87.83203, "shift": 0.0, "time": 87.83203}, {"$id": 513, "type": 0, "sounds": [{"w": 0.0, "d": 0.999984741, "p": 69, "v": 69}], "pos": 1.16666651, "size": 0.9, "_time": 88.33203, "shift": 0.0, "time": 88.33203}, {"$id": 514, "type": 0, "sounds": [{"w": 0.0, "d": 0.499992371, "p": 64, "v": 69}], "pos": 0.0, "size": 0.9, "_time": 88.5, "shift": 0.0, "time": 88.5}, {"$id": 515, "type": 0, "sounds": [{"w": 0.0, "d": 0.333328247, "p": 62, "v": 70}], "pos": 1.5, "size": 0.9, "_time": 88.66797, "shift": 0.0, "time": 88.66797}, {"$id": 516, "type": 0, "sounds": [{"w": 0.0, "d": 0.499992371, "p": 61, "v": 70}], "pos": -0.5555559, "size": 0.9, "_time": 88.83203, "shift": 0.0, "time": 88.83203}, {"$id": 517, "type": 0, "sounds": [{"w": 0.0, "d": 0.333328247, "p": 62, "v": 71}], "pos": 0.7777776, "size": 0.9, "_time": 89.0, "shift": 0.0, "time": 89.0}, {"$id": 518, "type": 0, "sounds": [{"w": 0.0, "d": 0.166664124, "p": 64, "v": 71}], "pos": -0.500000238, "size": 0.9, "_time": 89.16797, "shift": 0.0, "time": 89.16797}, {"$id": 519, "type": 0, "sounds": [{"w": 0.0, "d": 0.333328247, "p": 69, "v": 71}], "pos": -1.0, "size": 0.9, "_time": 89.33203, "shift": 0.0, "time": 89.33203}, {"$id": 520, "type": 0, "sounds": [{"w": 0.0, "d": 0.166664124, "p": 68, "v": 72}], "pos": 0.7777779, "size": 0.9, "_time": 89.5, "shift": 0.0, "time": 89.5}, {"$id": 521, "type": 0, "sounds": [{"w": 0.0, "d": 0.333328247, "p": 69, "v": 72}], "pos": -0.5, "size": 0.9, "_time": 89.66797, "shift": 0.0, "time": 89.66797}, {"$id": 522, "type": 0, "sounds": [{"w": 0.0, "d": 0.333328247, "p": 68, "v": 73}], "pos": -1.08333361, "size": 0.9, "_time": 90.0, "shift": 0.0, "time": 90.0}, {"$id": 523, "type": 0, "sounds": [{"w": 0.0, "d": 0.333328247, "p": 69, "v": 73}], "pos": 0.9166666, "size": 0.9, "_time": 90.16797, "shift": 0.0, "time": 90.16797}, {"$id": 524, "type": 0, "sounds": [{"w": 0.0, "d": 0.8333206, "p": 64, "v": 74}], "pos": 0.0, "size": 0.9, "_time": 90.33203, "shift": 0.0, "time": 90.33203}, {"$id": 525, "type": 0, "sounds": [{"w": 0.0, "d": 0.499992371, "p": 69, "v": 74}], "pos": 2.0, "size": 0.9, "_time": 90.5, "shift": 0.0, "time": 90.5}, {"$id": 526, "type": 0, "sounds": [{"w": 0.0, "d": 0.999984741, "p": 69, "v": 76}], "pos": 0.972223163, "size": 0.9, "_time": 91.0, "shift": 0.0, "time": 91.0}, {"$id": 527, "type": 0, "sounds": [{"w": 0.0, "d": 0.499992371, "p": 64, "v": 76}], "pos": -0.5, "size": 0.9, "_time": 91.16797, "shift": 0.0, "time": 91.16797}, {"$id": 528, "type": 0, "sounds": [{"w": 0.0, "d": 0.333328247, "p": 62, "v": 76}], "pos": -2.0, "size": 0.9, "_time": 91.33203, "shift": 0.0, "time": 91.33203}, {"$id": 529, "type": 0, "sounds": [{"w": 0.0, "d": 0.499992371, "p": 61, "v": 77}], "pos": 0.5277786, "size": 0.9, "_time": 91.5, "shift": 0.0, "time": 91.5}, {"$id": 530, "type": 0, "sounds": [{"w": 0.0, "d": 0.333328247, "p": 62, "v": 77}], "pos": -1.0, "size": 0.9, "_time": 91.66797, "shift": 0.0, "time": 91.66797}, {"$id": 531, "type": 0, "sounds": [{"w": 0.0, "d": 0.166664124, "p": 64, "v": 78}], "pos": 0.5, "size": 0.9, "_time": 91.83203, "shift": 0.0, "time": 91.83203}, {"$id": 532, "type": 0, "sounds": [{"w": 0.0, "d": 0.333328247, "p": 69, "v": 78}], "pos": 1.52777708, "size": 0.9, "_time": 92.0, "shift": 0.0, "time": 92.0}, {"$id": 533, "type": 0, "sounds": [{"w": 0.0, "d": 0.166664124, "p": 68, "v": 78}], "pos": -0.9166676, "size": 0.9, "_time": 92.16797, "shift": 0.0, "time": 92.16797}, {"$id": 534, "type": 0, "sounds": [{"w": 0.0, "d": 0.333328247, "p": 69, "v": 79}], "pos": 0.4166665, "size": 0.9, "_time": 92.33203, "shift": 0.0, "time": 92.33203}, {"$id": 535, "type": 0, "sounds": [{"w": 0.0, "d": 0.499992371, "p": 64, "v": 79}], "pos": -1.38888919, "size": 0.9, "_time": 92.5, "shift": 0.0, "time": 92.5}, {"$id": 536, "type": 0, "sounds": [{"w": 0.0, "d": 0.333328247, "p": 68, "v": 80}], "pos": 1.33333337, "size": 0.9, "_time": 92.66797, "shift": 0.0, "time": 92.66797}, {"$id": 537, "type": 0, "sounds": [{"w": 0.0, "d": 0.333328247, "p": 69, "v": 80}], "pos": -0.5000007, "size": 0.9, "_time": 92.83203, "shift": 0.0, "time": 92.83203}, {"$id": 538, "type": 0, "sounds": [{"w": 0.0, "d": 0.833328247, "p": 64, "v": 80}], "pos": 0.7777776, "size": 0.9, "_time": 93.0, "shift": 0.0, "time": 93.0}, {"$id": 539, "type": 0, "sounds": [{"w": 0.0, "d": 1.49998474, "p": 83, "v": 81}], "pos": 2.0, "size": 0.9, "_time": 93.16797, "shift": 0.0, "time": 93.16797}, {"$id": 540, "type": 0, "sounds": [{"w": 0.0, "d": 0.999984741, "p": 69, "v": 82}], "pos": 0.6944445, "size": 0.9, "_time": 93.66797, "shift": 0.0, "time": 93.66797}, {"$id": 541, "type": 0, "sounds": [{"w": 0.0, "d": 0.499992371, "p": 64, "v": 83}], "pos": -1.0, "size": 0.9, "_time": 93.83203, "shift": 0.0, "time": 93.83203}, {"$id": 542, "type": 0, "sounds": [{"w": 0.0, "d": 0.333328247, "p": 62, "v": 83}], "pos": 1.5, "size": 0.9, "_time": 94.0, "shift": 0.0, "time": 94.0}, {"$id": 543, "type": 0, "sounds": [{"w": 0.0, "d": 0.499992371, "p": 61, "v": 83}], "pos": -1.0, "size": 0.9, "_time": 94.16797, "shift": 0.0, "time": 94.16797}, {"$id": 544, "type": 0, "sounds": [{"w": 0.0, "d": 0.333328247, "p": 62, "v": 84}], "pos": 0.0, "size": 0.9, "_time": 94.33203, "shift": 0.0, "time": 94.33203}, {"$id": 545, "type": 0, "sounds": [{"w": 0.0, "d": 0.166664124, "p": 64, "v": 84}], "pos": -1.0, "size": 0.9, "_time": 94.5, "shift": 0.0, "time": 94.5}, {"$id": 546, "type": 0, "sounds": [{"w": 0.0, "d": 1.49997711, "p": 61, "v": 85}], "pos": 1.0, "size": 0.9, "_time": 94.66797, "shift": 0.0, "time": 94.66797}, {"$id": 547, "type": 0, "sounds": [{"w": 0.0, "d": 0.166664124, "p": 68, "v": 85}], "pos": 0.0, "size": 0.9, "_time": 94.83203, "shift": 0.0, "time": 94.83203}, {"$id": 548, "type": 0, "sounds": [{"w": 0.0, "d": 0.333328247, "p": 69, "v": 85}], "pos": 1.5, "size": 0.9, "_time": 95.0, "shift": 0.0, "time": 95.0}, {"$id": 549, "type": 0, "sounds": [{"w": 0.0, "d": 0.499992371, "p": 64, "v": 86}], "pos": -1.66666687, "size": 0.9, "_time": 95.16797, "shift": 0.0, "time": 95.16797}, {"$id": 550, "type": 0, "sounds": [{"w": 0.0, "d": 0.333328247, "p": 68, "v": 86}], "pos": 0.138888478, "size": 0.9, "_time": 95.33203, "shift": 0.0, "time": 95.33203}, {"$id": 551, "type": 0, "sounds": [{"w": 0.0, "d": 0.333328247, "p": 69, "v": 87}], "pos": -0.7222222, "size": 0.9, "_time": 95.5, "shift": 0.0, "time": 95.5}, {"$id": 552, "type": 0, "sounds": [{"w": 0.0, "d": 0.8333206, "p": 64, "v": 87}], "pos": 0.833332658, "size": 0.9, "_time": 95.66797, "shift": 0.0, "time": 95.66797}, {"$id": 553, "type": 0, "sounds": [{"w": 0.0, "d": 0.499992371, "p": 69, "v": 87}], "pos": 2.0, "size": 0.9, "_time": 95.83203, "shift": 0.0, "time": 95.83203}, {"$id": 554, "type": 0, "sounds": [{"w": 0.0, "d": 0.499992371, "p": 57, "v": 88}], "pos": -1.5, "size": 0.9, "_time": 96.16797, "shift": 0.0, "time": 96.16797}, {"$id": 555, "type": 0, "sounds": [{"w": 0.0, "d": 0.999984741, "p": 69, "v": 89}], "pos": -1.5, "size": 0.9, "_time": 96.33203, "shift": 0.0, "time": 96.33203}, {"$id": 556, "type": 0, "sounds": [{"w": 0.0, "d": 0.499992371, "p": 64, "v": 89}], "pos": 1.0, "size": 0.9, "_time": 96.5, "shift": 0.0, "time": 96.5}, {"$id": 557, "type": 0, "sounds": [{"w": 0.0, "d": 0.333328247, "p": 62, "v": 89}], "pos": -0.9166677, "size": 0.9, "_time": 96.66797, "shift": 0.0, "time": 96.66797}, {"$id": 558, "type": 0, "sounds": [{"w": 0.0, "d": 0.499992371, "p": 61, "v": 90}], "pos": 0.6944445, "size": 0.9, "_time": 96.83203, "shift": 0.0, "time": 96.83203}, {"$id": 559, "type": 0, "sounds": [{"w": 0.0, "d": 0.333328247, "p": 62, "v": 90}], "pos": -1.08333278, "size": 0.9, "_time": 97.0, "shift": 0.0, "time": 97.0}, {"$id": 560, "type": 0, "sounds": [{"w": 0.0, "d": 0.166664124, "p": 64, "v": 91}], "pos": 1.5, "size": 0.9, "_time": 97.16797, "shift": 0.0, "time": 97.16797}, {"$id": 561, "type": 0, "sounds": [{"w": 0.0, "d": 2.66664886, "p": 45, "v": 65}], "pos": -1.5, "size": 0.9, "_time": 97.33203, "shift": 0.0, "time": 97.33203}, {"$id": 562, "type": 0, "sounds": [{"w": 0.0, "d": 0.499992371, "p": 64, "v": 65}], "pos": 1.5, "size": 0.9, "_time": 97.33203, "shift": 0.0, "time": 97.33203}, {"$id": 563, "type": 0, "sounds": [{"w": 0.0, "d": 0.333328247, "p": 69, "v": 66}], "pos": -2.0, "size": 0.9, "_time": 97.66797, "shift": 0.0, "time": 97.66797}, {"$id": 564, "type": 0, "sounds": [{"w": 0.0, "d": 0.499992371, "p": 64, "v": 66}], "pos": 0.5, "size": 0.9, "_time": 97.83203, "shift": 0.0, "time": 97.83203}, {"$id": 565, "type": 0, "sounds": [{"w": 0.0, "d": 0.333328247, "p": 68, "v": 67}], "pos": -1.33333433, "size": 0.9, "_time": 98.0, "shift": 0.0, "time": 98.0}, {"$id": 566, "type": 0, "sounds": [{"w": 0.0, "d": 0.333328247, "p": 69, "v": 67}], "pos": 0.5, "size": 0.9, "_time": 98.16797, "shift": 0.0, "time": 98.16797}, {"$id": 567, "type": 0, "sounds": [{"w": 0.0, "d": 0.5416641, "p": 73, "v": 68}], "pos": 2.0, "size": 0.9, "_time": 98.5, "shift": 0.0, "time": 98.5}, {"$id": 568, "type": 0, "sounds": [{"w": 0.0, "d": 0.5416565, "p": 76, "v": 71}], "pos": -0.5, "size": 0.799999952, "_time": 98.83203, "shift": 0.0, "time": 98.83203}, {"$id": 569, "type": 0, "sounds": [{"w": 0.0, "d": 0.5416565, "p": 81, "v": 75}], "pos": -1.06944537, "size": 0.799999952, "_time": 98.875, "shift": 0.0, "time": 98.875}, {"$id": 570, "type": 0, "sounds": [{"w": 0.0, "d": 0.166664124, "p": 92, "v": 68}], "pos": 1.94444454, "size": 0.9, "_time": 99.33203, "shift": 0.0, "time": 99.33203}, {"$id": 571, "type": 0, "sounds": [{"w": 0.0, "d": 0.08333588, "p": 90, "v": 68}], "pos": 0.888889551, "size": 0.9, "_time": 99.5, "shift": 0.0, "time": 99.5}, {"$id": 572, "type": 0, "sounds": [{"w": 0.0, "d": 0.166664124, "p": 88, "v": 72}], "pos": -0.3611095, "size": 0.9, "_time": 99.66797, "shift": 0.0, "time": 99.66797}, {"$id": 573, "type": 0, "sounds": [{"w": 0.0, "d": 0.08333588, "p": 86, "v": 72}], "pos": -1.416666, "size": 0.9, "_time": 99.83203, "shift": 0.0, "time": 99.83203}, {"$id": 574, "type": 0, "sounds": [{"w": 0.0, "d": 0.499992371, "p": 88, "v": 76}], "pos": 1.0, "size": 0.9, "_time": 100.0, "shift": 0.0, "time": 100.0}, {"$id": 575, "type": 0, "sounds": [{"w": 0.0, "d": 0.499992371, "p": 86, "v": 76}], "pos": -0.194444865, "size": 0.9, "_time": 100.5, "shift": 0.0, "time": 100.5}, {"$id": 576, "type": 0, "sounds": [{"w": 0.0, "d": 1.49997711, "p": 50, "v": 74}], "pos": 0.5, "size": 1.0, "_time": 101.167969, "shift": 0.0, "time": 101.167969}, {"$id": 577, "type": 0, "sounds": [{"w": 0.0, "d": 1.49997711, "p": 85, "v": 72}], "pos": -1.4861114, "size": 1.0, "_time": 101.167969, "shift": 0.0, "time": 101.167969}, {"$id": 578, "type": 0, "sounds": [{"w": 0.0, "d": 0.999984741, "p": 69, "v": 76}], "pos": -1.49999893, "size": 0.9, "_time": 101.667969, "shift": 0.0, "time": 101.667969}, {"$id": 579, "type": 0, "sounds": [{"w": 0.0, "d": 0.499992371, "p": 64, "v": 76}], "pos": 0.5277763, "size": 0.9, "_time": 101.832031, "shift": 0.0, "time": 101.832031}, {"$id": 580, "type": 0, "sounds": [{"w": 0.0, "d": 0.333328247, "p": 62, "v": 76}], "pos": -0.583333, "size": 0.9, "_time": 102.0, "shift": 0.0, "time": 102.0}, {"$id": 581, "type": 0, "sounds": [{"w": 0.0, "d": 0.499992371, "p": 61, "v": 77}], "pos": 1.27777851, "size": 0.9, "_time": 102.167969, "shift": 0.0, "time": 102.167969}, {"$id": 582, "type": 0, "sounds": [{"w": 0.0, "d": 0.333328247, "p": 62, "v": 77}], "pos": 0.222222686, "size": 0.9, "_time": 102.332031, "shift": 0.0, "time": 102.332031}, {"$id": 583, "type": 0, "sounds": [{"w": 0.0, "d": 0.166664124, "p": 64, "v": 78}], "pos": 1.47222281, "size": 0.9, "_time": 102.5, "shift": 0.0, "time": 102.5}, {"$id": 584, "type": 0, "sounds": [{"w": 0.0, "d": 0.333328247, "p": 69, "v": 78}], "pos": -0.9027777, "size": 1.0, "_time": 102.667969, "shift": 0.0, "time": 102.667969}, {"$id": 585, "type": 0, "sounds": [{"w": 0.0, "d": 0.333328247, "p": 73, "v": 78}], "pos": -1.5, "size": 1.0, "_time": 102.707031, "shift": 0.0, "time": 102.707031}, {"$id": 586, "type": 0, "sounds": [{"w": 0.0, "d": 0.333328247, "p": 69, "v": 79}], "pos": 1.25000048, "size": 1.0, "_time": 103.0, "shift": 0.0, "time": 103.0}, {"$id": 587, "type": 0, "sounds": [{"w": 0.0, "d": 0.333328247, "p": 68, "v": 80}], "pos": -2.0, "size": 1.0, "_time": 103.332031, "shift": 0.0, "time": 103.332031}, {"$id": 588, "type": 0, "sounds": [{"w": 0.0, "d": 0.333328247, "p": 69, "v": 80}], "pos": 0.0, "size": 0.9, "_time": 103.5, "shift": 0.0, "time": 103.5}, {"$id": 589, "type": 0, "sounds": [{"w": 0.0, "d": 0.833328247, "p": 64, "v": 80}], "pos": -1.19444442, "size": 1.0, "_time": 103.667969, "shift": 0.0, "time": 103.667969}, {"$id": 590, "type": 0, "sounds": [{"w": 0.0, "d": 1.49998474, "p": 83, "v": 81}], "pos": 2.0, "size": 1.1, "_time": 103.832031, "shift": 0.0, "time": 103.832031}, {"$id": 591, "type": 0, "sounds": [{"w": 0.0, "d": 0.999984741, "p": 69, "v": 82}], "pos": -1.0, "size": 0.9, "_time": 104.332031, "shift": 0.0, "time": 104.332031}, {"$id": 592, "type": 0, "sounds": [{"w": 0.0, "d": 0.499992371, "p": 64, "v": 83}], "pos": 1.5, "size": 0.9, "_time": 104.5, "shift": 0.0, "time": 104.5}, {"$id": 593, "type": 0, "sounds": [{"w": 0.0, "d": 0.333328247, "p": 62, "v": 83}], "pos": -0.1388886, "size": 0.9, "_time": 104.667969, "shift": 0.0, "time": 104.667969}, {"$id": 594, "type": 0, "sounds": [{"w": 0.0, "d": 0.499992371, "p": 61, "v": 83}], "pos": 1.0, "size": 0.9, "_time": 104.832031, "shift": 0.0, "time": 104.832031}, {"$id": 595, "type": 0, "sounds": [{"w": 0.0, "d": 0.333328247, "p": 62, "v": 84}], "pos": -1.5, "size": 0.9, "_time": 105.0, "shift": 0.0, "time": 105.0}, {"$id": 596, "type": 0, "sounds": [{"w": 0.0, "d": 0.166664124, "p": 64, "v": 84}], "pos": -0.111110687, "size": 0.9, "_time": 105.167969, "shift": 0.0, "time": 105.167969}, {"$id": 597, "type": 0, "sounds": [{"w": 0.0, "d": 1.16664886, "p": 81, "v": 85}], "pos": 1.5, "size": 1.0, "_time": 105.332031, "shift": 0.0, "time": 105.332031}, {"$id": 598, "type": 0, "sounds": [{"w": 0.0, "d": 0.333328247, "p": 69, "v": 85}], "pos": -1.47222173, "size": 0.9, "_time": 105.667969, "shift": 0.0, "time": 105.667969}, {"$id": 599, "type": 0, "sounds": [{"w": 0.0, "d": 0.499992371, "p": 64, "v": 86}], "pos": -1.5, "size": 0.9, "_time": 105.832031, "shift": 0.0, "time": 105.832031}, {"$id": 600, "type": 0, "sounds": [{"w": 0.0, "d": 0.6666565, "p": 83, "v": 85}], "pos": 0.347221375, "size": 1.0, "_time": 106.0, "shift": 0.0, "time": 106.0}, {"$id": 601, "type": 0, "sounds": [{"w": 0.0, "d": 0.8333206, "p": 64, "v": 87}], "pos": -1.47222173, "size": 0.9, "_time": 106.332031, "shift": 0.0, "time": 106.332031}, {"$id": 602, "type": 0, "sounds": [{"w": 0.0, "d": 0.6666565, "p": 85, "v": 85}], "pos": 1.01388907, "size": 1.0, "_time": 106.667969, "shift": 0.0, "time": 106.667969}, {"$id": 603, "type": 0, "sounds": [{"w": 0.0, "d": 0.999984741, "p": 69, "v": 89}], "pos": -0.5, "size": 0.9, "_time": 107.0, "shift": 0.0, "time": 107.0}, {"$id": 604, "type": 0, "sounds": [{"w": 0.0, "d": 0.499992371, "p": 64, "v": 89}], "pos": -0.5, "size": 0.9, "_time": 107.167969, "shift": 0.0, "time": 107.167969}, {"$id": 605, "type": 0, "sounds": [{"w": 0.0, "d": 0.6666565, "p": 86, "v": 85}], "pos": 1.6944437, "size": 1.0, "_time": 107.332031, "shift": 0.0, "time": 107.332031}, {"$id": 606, "type": 0, "sounds": [{"w": 0.0, "d": 0.333328247, "p": 62, "v": 90}], "pos": -1.0, "size": 0.9, "_time": 107.667969, "shift": 0.0, "time": 107.667969}, {"$id": 607, "type": 0, "sounds": [{"w": 0.0, "d": 2.58332825, "p": 33, "v": 70}], "pos": -1.63888884, "size": 0.9, "_time": 108.0, "shift": 0.0, "time": 108.0}, {"$id": 608, "type": 0, "sounds": [{"w": 0.0, "d": 2.58332825, "p": 73, "v": 65}], "pos": 0.5, "size": 0.799999952, "_time": 108.0, "shift": 0.0, "time": 108.0}, {"$id": 609, "type": 0, "sounds": [{"w": 0.0, "d": 2.58332825, "p": 81, "v": 80}], "pos": 1.0, "size": 0.799999952, "_time": 108.042969, "shift": 0.0, "time": 108.042969}, {"$id": 610, "type": 0, "sounds": [{"w": 0.0, "d": 2.58332825, "p": 85, "v": 94}], "pos": 1.5, "size": 0.6999999, "_time": 108.082031, "shift": 0.0, "time": 108.082031}], "links": [{"notes": [{"$ref": 358}, {"$ref": 359}, {"$ref": 361}]}, {"notes": [{"$ref": 321}, {"$ref": 323}]}, {"notes": [{"$ref": 568}, {"$ref": 569}]}, {"notes": [{"$ref": 337}, {"$ref": 339}]}, {"notes": [{"$ref": 584}, {"$ref": 585}]}, {"notes": [{"$ref": 608}, {"$ref": 609}, {"$ref": 610}]}, {"notes": [{"$ref": 353}, {"$ref": 354}, {"$ref": 355}]}, {"notes": [{"$ref": 12}, {"$ref": 13}, {"$ref": 14}]}, {"notes": [{"$ref": 25}, {"$ref": 26}]}, {"notes": [{"$ref": 175}, {"$ref": 177}, {"$ref": 179}]}, {"notes": [{"$ref": 272}, {"$ref": 274}]}, {"notes": [{"$ref": 238}, {"$ref": 240}]}]}