{"speed": 6.0, "notes": [{"$id": 1, "type": 0, "sounds": [{"w": 0.0, "d": 2.82352829, "p": 56, "v": 50}], "pos": -0.3333335, "size": 0.9, "_time": 2.82421875, "shift": 0.0, "time": 2.82421875}, {"$id": 2, "type": 0, "sounds": [{"w": 0.0, "d": 0.7058821, "p": 87, "v": 56}], "pos": 2.0, "size": 0.9, "_time": 2.82421875, "shift": 0.0, "time": 2.82421875}, {"$id": 3, "type": 0, "sounds": [{"w": 0.0, "d": 0.7058821, "p": 87, "v": 51}], "pos": 0.8333334, "size": 0.9, "_time": 3.53125, "shift": 0.0, "time": 3.53125}, {"$id": 4, "type": 0, "sounds": [{"w": 0.0, "d": 0.7058821, "p": 87, "v": 53}], "pos": 0.8333334, "size": 0.9, "_time": 4.234375, "shift": 0.0, "time": 4.234375}, {"$id": 5, "type": 0, "sounds": [{"w": 0.0, "d": 0.7058821, "p": 87, "v": 54}], "pos": 0.8333334, "size": 0.9, "_time": 4.94140625, "shift": 0.0, "time": 4.94140625}, {"$id": 6, "type": 0, "sounds": [{"w": 0.0, "d": 0.7058821, "p": 87, "v": 56}], "pos": 1.5, "size": 0.9, "_time": 5.6484375, "shift": 0.0, "time": 5.6484375}, {"$id": 7, "type": 0, "sounds": [{"w": 0.0, "d": 2.82352781, "p": 54, "v": 56}], "pos": -1.0, "size": 0.9, "_time": 5.6484375, "shift": 0.0, "time": 5.6484375}, {"$id": 8, "type": 0, "sounds": [{"w": 0.0, "d": 0.7058821, "p": 87, "v": 58}], "pos": 0.194444656, "size": 0.9, "_time": 6.3515625, "shift": 0.0, "time": 6.3515625}, {"$id": 9, "type": 0, "sounds": [{"w": 0.0, "d": 0.7058821, "p": 87, "v": 59}], "pos": 0.194444656, "size": 0.9, "_time": 7.05859375, "shift": 0.0, "time": 7.05859375}, {"$id": 10, "type": 0, "sounds": [{"w": 0.0, "d": 0.7058816, "p": 87, "v": 61}], "pos": 0.194444656, "size": 0.9, "_time": 7.765625, "shift": 0.0, "time": 7.765625}, {"$id": 11, "type": 0, "sounds": [{"w": 0.0, "d": 0.7058821, "p": 87, "v": 63}], "pos": 1.0, "size": 0.9, "_time": 8.46875, "shift": 0.0, "time": 8.46875}, {"$id": 12, "type": 0, "sounds": [{"w": 0.0, "d": 2.82352829, "p": 53, "v": 62}], "pos": -1.5, "size": 0.9, "_time": 8.46875, "shift": 0.0, "time": 8.46875}, {"$id": 13, "type": 0, "sounds": [{"w": 0.0, "d": 0.7058821, "p": 87, "v": 64}], "pos": -0.194443613, "size": 0.9, "_time": 9.175781, "shift": 0.0, "time": 9.175781}, {"$id": 14, "type": 0, "sounds": [{"w": 0.0, "d": 0.7058821, "p": 87, "v": 66}], "pos": -0.194443613, "size": 0.9, "_time": 9.8828125, "shift": 0.0, "time": 9.8828125}, {"$id": 15, "type": 0, "sounds": [{"w": 0.0, "d": 0.7058821, "p": 87, "v": 68}], "pos": -0.194443613, "size": 0.9, "_time": 10.5898438, "shift": 0.0, "time": 10.5898438}, {"$id": 16, "type": 0, "sounds": [{"w": 0.0, "d": 0.7058821, "p": 87, "v": 69}], "pos": 0.5, "size": 0.9, "_time": 11.2929688, "shift": 0.0, "time": 11.2929688}, {"$id": 17, "type": 0, "sounds": [{"w": 0.0, "d": 2.82352734, "p": 52, "v": 68}], "pos": -2.0, "size": 0.9, "_time": 11.2929688, "shift": 0.0, "time": 11.2929688}, {"$id": 18, "type": 0, "sounds": [{"w": 0.0, "d": 0.7058821, "p": 87, "v": 71}], "pos": -0.583332956, "size": 0.9, "_time": 12.0, "shift": 0.0, "time": 12.0}, {"$id": 19, "type": 0, "sounds": [{"w": 0.0, "d": 0.7058821, "p": 87, "v": 71}], "pos": -0.583332956, "size": 0.9, "_time": 12.7070313, "shift": 0.0, "time": 12.7070313}, {"$id": 20, "type": 0, "sounds": [{"w": 0.0, "d": 0.7058811, "p": 87, "v": 58}], "pos": -0.583332956, "size": 0.9, "_time": 13.4101563, "shift": 0.0, "time": 13.4101563}, {"$id": 21, "type": 0, "sounds": [{"w": 0.0, "d": 0.352940559, "p": 68, "v": 63}], "pos": 1.5, "size": 1.0, "_time": 13.765625, "shift": 0.0, "time": 13.765625}, {"$id": 22, "type": 0, "sounds": [{"w": 0.0, "d": 0.7058821, "p": 75, "v": 55}], "pos": 1.5, "size": 1.0, "_time": 14.1171875, "shift": 0.0, "time": 14.1171875}, {"$id": 23, "type": 0, "sounds": [{"w": 0.0, "d": 1.05882263, "p": 44, "v": 45}], "pos": -0.4722228, "size": 1.30000007, "_time": 14.1171875, "shift": 0.0, "time": 14.1171875}, {"$id": 24, "type": 0, "sounds": [{"w": 0.0, "d": 0.7058811, "p": 75, "v": 57}], "pos": 1.5, "size": 0.9, "_time": 14.8242188, "shift": 0.0, "time": 14.8242188}, {"$id": 25, "type": 0, "sounds": [{"w": 0.0, "d": 0.7058811, "p": 56, "v": 47}], "pos": 0.0, "size": 1.0, "_time": 15.1757813, "shift": 0.0, "time": 15.1757813}, {"$id": 26, "type": 0, "sounds": [{"w": 0.0, "d": 0.7058821, "p": 75, "v": 59}], "pos": 1.5, "size": 0.9, "_time": 15.53125, "shift": 0.0, "time": 15.53125}, {"$id": 27, "type": 0, "sounds": [{"w": 0.0, "d": 0.705883, "p": 44, "v": 48}], "pos": -0.5, "size": 1.0, "_time": 15.8828125, "shift": 0.0, "time": 15.8828125}, {"$id": 28, "type": 0, "sounds": [{"w": 0.0, "d": 0.705883, "p": 75, "v": 62}], "pos": 1.5, "size": 0.9, "_time": 16.234375, "shift": 0.0, "time": 16.234375}, {"$id": 29, "type": 0, "sounds": [{"w": 0.0, "d": 0.3529415, "p": 44, "v": 50}], "pos": -0.5, "size": 1.0, "_time": 16.5898438, "shift": 0.0, "time": 16.5898438}, {"$id": 30, "type": 0, "sounds": [{"w": 0.0, "d": 0.7058811, "p": 75, "v": 65}], "pos": 1.0, "size": 0.9, "_time": 16.9414063, "shift": 0.0, "time": 16.9414063}, {"$id": 31, "type": 0, "sounds": [{"w": 0.0, "d": 1.05882263, "p": 42, "v": 51}], "pos": -1.0, "size": 1.30000007, "_time": 16.9414063, "shift": 0.0, "time": 16.9414063}, {"$id": 32, "type": 0, "sounds": [{"w": 0.0, "d": 0.705883, "p": 75, "v": 65}], "pos": 1.0, "size": 0.9, "_time": 17.6484375, "shift": 0.0, "time": 17.6484375}, {"$id": 33, "type": 0, "sounds": [{"w": 0.0, "d": 0.705883, "p": 54, "v": 65}], "pos": 0.0, "size": 1.0, "_time": 18.0, "shift": 0.0, "time": 18.0}, {"$id": 34, "type": 0, "sounds": [{"w": 0.0, "d": 0.705883, "p": 75, "v": 65}], "pos": 1.0, "size": 0.9, "_time": 18.3515625, "shift": 0.0, "time": 18.3515625}, {"$id": 35, "type": 0, "sounds": [{"w": 0.0, "d": 0.705883, "p": 42, "v": 65}], "pos": -0.5, "size": 1.0, "_time": 18.7070313, "shift": 0.0, "time": 18.7070313}, {"$id": 36, "type": 0, "sounds": [{"w": 0.0, "d": 0.705883, "p": 75, "v": 65}], "pos": 1.0, "size": 0.9, "_time": 19.0585938, "shift": 0.0, "time": 19.0585938}, {"$id": 37, "type": 0, "sounds": [{"w": 0.0, "d": 0.3529415, "p": 42, "v": 64}], "pos": -0.5, "size": 1.0, "_time": 19.4101563, "shift": 0.0, "time": 19.4101563}, {"$id": 38, "type": 0, "sounds": [{"w": 0.0, "d": 0.7058811, "p": 75, "v": 64}], "pos": 0.5, "size": 0.9, "_time": 19.765625, "shift": 0.0, "time": 19.765625}, {"$id": 39, "type": 0, "sounds": [{"w": 0.0, "d": 1.05882263, "p": 41, "v": 64}], "pos": -1.5, "size": 1.30000007, "_time": 19.765625, "shift": 0.0, "time": 19.765625}, {"$id": 40, "type": 0, "sounds": [{"w": 0.0, "d": 0.705883, "p": 75, "v": 64}], "pos": 0.5, "size": 0.9, "_time": 20.46875, "shift": 0.0, "time": 20.46875}, {"$id": 41, "type": 0, "sounds": [{"w": 0.0, "d": 0.705883, "p": 53, "v": 60}], "pos": -0.5, "size": 1.0, "_time": 20.8242188, "shift": 0.0, "time": 20.8242188}, {"$id": 42, "type": 0, "sounds": [{"w": 0.0, "d": 0.705883, "p": 75, "v": 66}], "pos": 0.5, "size": 0.9, "_time": 21.1757813, "shift": 0.0, "time": 21.1757813}, {"$id": 43, "type": 0, "sounds": [{"w": 0.0, "d": 0.705883, "p": 41, "v": 62}], "pos": -1.0, "size": 1.0, "_time": 21.53125, "shift": 0.0, "time": 21.53125}, {"$id": 44, "type": 0, "sounds": [{"w": 0.0, "d": 0.705883, "p": 75, "v": 68}], "pos": 0.5, "size": 0.9, "_time": 21.8828125, "shift": 0.0, "time": 21.8828125}, {"$id": 45, "type": 0, "sounds": [{"w": 0.0, "d": 0.3529415, "p": 41, "v": 63}], "pos": -1.0, "size": 1.0, "_time": 22.234375, "shift": 0.0, "time": 22.234375}, {"$id": 46, "type": 0, "sounds": [{"w": 0.0, "d": 0.7058811, "p": 75, "v": 69}], "pos": 0.0, "size": 0.9, "_time": 22.5898438, "shift": 0.0, "time": 22.5898438}, {"$id": 47, "type": 0, "sounds": [{"w": 0.0, "d": 1.05882263, "p": 40, "v": 64}], "pos": -2.0, "size": 1.30000007, "_time": 22.5898438, "shift": 0.0, "time": 22.5898438}, {"$id": 48, "type": 0, "sounds": [{"w": 0.0, "d": 0.705883, "p": 75, "v": 71}], "pos": 0.0, "size": 0.9, "_time": 23.2929688, "shift": 0.0, "time": 23.2929688}, {"$id": 49, "type": 0, "sounds": [{"w": 0.0, "d": 0.705883, "p": 52, "v": 66}], "pos": -1.0, "size": 1.0, "_time": 23.6484375, "shift": 0.0, "time": 23.6484375}, {"$id": 50, "type": 0, "sounds": [{"w": 0.0, "d": 0.705883, "p": 75, "v": 73}], "pos": 0.0, "size": 0.9, "_time": 24.0, "shift": 0.0, "time": 24.0}, {"$id": 51, "type": 0, "sounds": [{"w": 0.0, "d": 0.705883, "p": 40, "v": 68}], "pos": -1.5, "size": 1.0, "_time": 24.3515625, "shift": 0.0, "time": 24.3515625}, {"$id": 52, "type": 0, "sounds": [{"w": 0.0, "d": 0.705883, "p": 75, "v": 74}], "pos": 0.0, "size": 0.9, "_time": 24.7070313, "shift": 0.0, "time": 24.7070313}, {"$id": 53, "type": 0, "sounds": [{"w": 0.0, "d": 0.3529415, "p": 40, "v": 70}], "pos": -1.5, "size": 1.0, "_time": 25.0585938, "shift": 0.0, "time": 25.0585938}, {"$id": 54, "type": 0, "sounds": [{"w": 0.0, "d": 1.41176414, "p": 63, "v": 65}], "pos": 2.0, "size": 1.2, "_time": 25.4101563, "shift": 0.0, "time": 25.4101563}, {"$id": 55, "type": 0, "sounds": [{"w": 0.0, "d": 1.41176414, "p": 44, "v": 65}], "pos": -2.0, "size": 1.2, "_time": 25.4101563, "shift": 0.0, "time": 25.4101563}, {"$id": 56, "type": 0, "sounds": [{"w": 0.0, "d": 1.41176414, "p": 51, "v": 65}], "pos": -0.833333, "size": 1.0, "_time": 25.765625, "shift": 0.0, "time": 25.765625}, {"$id": 57, "type": 0, "sounds": [{"w": 0.0, "d": 0.5294113, "p": 56, "v": 65}], "pos": 0.222221345, "size": 1.0, "_time": 26.1171875, "shift": 0.0, "time": 26.1171875}, {"$id": 58, "type": 0, "sounds": [{"w": 0.0, "d": 0.3529396, "p": 58, "v": 65}], "pos": 0.9722227, "size": 1.0, "_time": 26.46875, "shift": 0.0, "time": 26.46875}, {"$id": 59, "type": 0, "sounds": [{"w": 0.0, "d": 1.41176414, "p": 46, "v": 65}], "pos": -0.7500001, "size": 1.0, "_time": 26.8242188, "shift": 0.0, "time": 26.8242188}, {"$id": 60, "type": 0, "sounds": [{"w": 0.0, "d": 1.05882263, "p": 63, "v": 65}], "pos": -0.09722316, "size": 1.0, "_time": 27.1757813, "shift": 0.0, "time": 27.1757813}, {"$id": 61, "type": 0, "sounds": [{"w": 0.0, "d": 1.05882263, "p": 58, "v": 65}], "pos": 1.5, "size": 1.0, "_time": 27.1757813, "shift": 0.0, "time": 27.1757813}, {"$id": 62, "type": 0, "sounds": [{"w": 0.0, "d": 0.3529415, "p": 56, "v": 65}], "pos": 0.5, "size": 1.0, "_time": 27.8828125, "shift": 0.0, "time": 27.8828125}, {"$id": 63, "type": 0, "sounds": [{"w": 0.0, "d": 1.05882454, "p": 63, "v": 65}], "pos": 0.5, "size": 1.0, "_time": 28.234375, "shift": 0.0, "time": 28.234375}, {"$id": 64, "type": 0, "sounds": [{"w": 0.0, "d": 0.705883, "p": 58, "v": 65}], "pos": -1.5, "size": 1.0, "_time": 28.234375, "shift": 0.0, "time": 28.234375}, {"$id": 65, "type": 0, "sounds": [{"w": 0.0, "d": 0.705883, "p": 55, "v": 65}], "pos": -0.88888824, "size": 1.0, "_time": 28.5898438, "shift": 0.0, "time": 28.5898438}, {"$id": 66, "type": 0, "sounds": [{"w": 0.0, "d": 0.705883, "p": 56, "v": 65}], "pos": 0.250000238, "size": 1.0, "_time": 28.9414063, "shift": 0.0, "time": 28.9414063}, {"$id": 67, "type": 0, "sounds": [{"w": 0.0, "d": 0.705883, "p": 63, "v": 65}], "pos": 1.58333278, "size": 1.0, "_time": 29.2929688, "shift": 0.0, "time": 29.2929688}, {"$id": 68, "type": 0, "sounds": [{"w": 0.0, "d": 0.7058811, "p": 61, "v": 65}], "pos": 0.5, "size": 1.1, "_time": 29.6484375, "shift": 0.0, "time": 29.6484375}, {"$id": 69, "type": 0, "sounds": [{"w": 0.0, "d": 0.7058811, "p": 60, "v": 69}], "pos": -0.416667581, "size": 1.1, "_time": 30.1757813, "shift": 0.0, "time": 30.1757813}, {"$id": 70, "type": 0, "sounds": [{"w": 0.0, "d": 0.3529396, "p": 56, "v": 65}], "pos": -1.1944443, "size": 1.1, "_time": 30.7070313, "shift": 0.0, "time": 30.7070313}, {"$id": 71, "type": 0, "sounds": [{"w": 0.0, "d": 1.411766, "p": 63, "v": 65}], "pos": -1.51388931, "size": 1.1, "_time": 31.0585938, "shift": 0.0, "time": 31.0585938}, {"$id": 72, "type": 0, "sounds": [{"w": 0.0, "d": 1.05882263, "p": 58, "v": 65}], "pos": 0.9444444, "size": 1.1, "_time": 31.0585938, "shift": 0.0, "time": 31.0585938}, {"$id": 73, "type": 0, "sounds": [{"w": 0.0, "d": 1.05882454, "p": 48, "v": 65}], "pos": -0.5000005, "size": 1.0, "_time": 31.4101563, "shift": 0.0, "time": 31.4101563}, {"$id": 74, "type": 0, "sounds": [{"w": 0.0, "d": 0.5294113, "p": 56, "v": 65}], "pos": 0.5, "size": 1.0, "_time": 31.765625, "shift": 0.0, "time": 31.765625}, {"$id": 75, "type": 0, "sounds": [{"w": 0.0, "d": 0.35294342, "p": 58, "v": 65}], "pos": 1.166667, "size": 1.0, "_time": 32.1171875, "shift": 0.0, "time": 32.1171875}, {"$id": 76, "type": 0, "sounds": [{"w": 0.0, "d": 1.41176224, "p": 46, "v": 65}], "pos": -0.6666661, "size": 1.0, "_time": 32.46875, "shift": 0.0, "time": 32.46875}, {"$id": 77, "type": 0, "sounds": [{"w": 0.0, "d": 1.05882263, "p": 63, "v": 65}], "pos": 1.5, "size": 1.0, "_time": 32.82422, "shift": 0.0, "time": 32.82422}, {"$id": 78, "type": 0, "sounds": [{"w": 0.0, "d": 0.3529396, "p": 56, "v": 65}], "pos": 2.0, "size": 1.0, "_time": 33.53125, "shift": 0.0, "time": 33.53125}, {"$id": 79, "type": 0, "sounds": [{"w": 0.0, "d": 1.05881882, "p": 63, "v": 65}], "pos": 2.0, "size": 1.0, "_time": 33.8828125, "shift": 0.0, "time": 33.8828125}, {"$id": 80, "type": 0, "sounds": [{"w": 0.0, "d": 0.7058792, "p": 56, "v": 65}], "pos": -0.444444656, "size": 1.0, "_time": 33.8828125, "shift": 0.0, "time": 33.8828125}, {"$id": 81, "type": 0, "sounds": [{"w": 0.0, "d": 0.7058792, "p": 56, "v": 65}], "pos": -0.4722218, "size": 1.0, "_time": 34.5898438, "shift": 0.0, "time": 34.5898438}, {"$id": 82, "type": 0, "sounds": [{"w": 0.0, "d": 0.7058792, "p": 63, "v": 65}], "pos": 0.6388887, "size": 1.0, "_time": 34.9414063, "shift": 0.0, "time": 34.9414063}, {"$id": 83, "type": 0, "sounds": [{"w": 0.0, "d": 0.7058792, "p": 61, "v": 65}], "pos": 1.34722221, "size": 1.0, "_time": 35.29297, "shift": 0.0, "time": 35.29297}, {"$id": 84, "type": 0, "sounds": [{"w": 0.0, "d": 0.7058792, "p": 60, "v": 65}], "pos": 0.0, "size": 1.0, "_time": 35.6484375, "shift": 0.0, "time": 35.6484375}, {"$id": 85, "type": 0, "sounds": [{"w": 0.0, "d": 0.7058792, "p": 58, "v": 65}], "pos": 0.7499991, "size": 1.0, "_time": 36.0, "shift": 0.0, "time": 36.0}, {"$id": 86, "type": 0, "sounds": [{"w": 0.0, "d": 0.3529396, "p": 56, "v": 65}], "pos": -0.8611114, "size": 1.0, "_time": 36.3515625, "shift": 0.0, "time": 36.3515625}, {"$id": 87, "type": 0, "sounds": [{"w": 0.0, "d": 1.41176224, "p": 63, "v": 65}], "pos": 1.291666, "size": 1.0, "_time": 36.70703, "shift": 0.0, "time": 36.70703}, {"$id": 88, "type": 0, "sounds": [{"w": 0.0, "d": 1.05881882, "p": 58, "v": 65}], "pos": -1.44444442, "size": 1.0, "_time": 36.70703, "shift": 0.0, "time": 36.70703}, {"$id": 89, "type": 0, "sounds": [{"w": 0.0, "d": 1.41176224, "p": 51, "v": 65}], "pos": -0.4722228, "size": 1.0, "_time": 37.0585938, "shift": 0.0, "time": 37.0585938}, {"$id": 90, "type": 0, "sounds": [{"w": 0.0, "d": 0.5294113, "p": 56, "v": 65}], "pos": 0.222222015, "size": 1.0, "_time": 37.4101563, "shift": 0.0, "time": 37.4101563}, {"$id": 91, "type": 0, "sounds": [{"w": 0.0, "d": 0.35294342, "p": 58, "v": 65}], "pos": 0.8055558, "size": 1.0, "_time": 37.765625, "shift": 0.0, "time": 37.765625}, {"$id": 92, "type": 0, "sounds": [{"w": 0.0, "d": 1.41176224, "p": 46, "v": 65}], "pos": -1.5, "size": 1.0, "_time": 38.1171875, "shift": 0.0, "time": 38.1171875}, {"$id": 93, "type": 0, "sounds": [{"w": 0.0, "d": 1.05882263, "p": 63, "v": 65}], "pos": 1.5, "size": 1.0, "_time": 38.46875, "shift": 0.0, "time": 38.46875}, {"$id": 94, "type": 0, "sounds": [{"w": 0.0, "d": 1.05882263, "p": 58, "v": 65}], "pos": -0.5, "size": 1.0, "_time": 38.46875, "shift": 0.0, "time": 38.46875}, {"$id": 95, "type": 0, "sounds": [{"w": 0.0, "d": 0.3529396, "p": 56, "v": 65}], "pos": 2.0, "size": 1.0, "_time": 39.17578, "shift": 0.0, "time": 39.17578}, {"$id": 96, "type": 0, "sounds": [{"w": 0.0, "d": 1.05881882, "p": 63, "v": 65}], "pos": 2.0, "size": 1.1, "_time": 39.53125, "shift": 0.0, "time": 39.53125}, {"$id": 97, "type": 0, "sounds": [{"w": 0.0, "d": 0.7058792, "p": 56, "v": 65}], "pos": -0.444445133, "size": 1.1, "_time": 39.53125, "shift": 0.0, "time": 39.53125}, {"$id": 98, "type": 0, "sounds": [{"w": 0.0, "d": 0.7058792, "p": 55, "v": 65}], "pos": -1.24999976, "size": 1.0, "_time": 39.8828125, "shift": 0.0, "time": 39.8828125}, {"$id": 99, "type": 0, "sounds": [{"w": 0.0, "d": 0.7058792, "p": 56, "v": 65}], "pos": -0.250000447, "size": 1.0, "_time": 40.234375, "shift": 0.0, "time": 40.234375}, {"$id": 100, "type": 0, "sounds": [{"w": 0.0, "d": 0.7058792, "p": 63, "v": 65}], "pos": 1.58333278, "size": 1.0, "_time": 40.5898438, "shift": 0.0, "time": 40.5898438}, {"$id": 101, "type": 0, "sounds": [{"w": 0.0, "d": 0.7058792, "p": 61, "v": 65}], "pos": 0.180554867, "size": 1.0, "_time": 40.9414063, "shift": 0.0, "time": 40.9414063}, {"$id": 102, "type": 0, "sounds": [{"w": 0.0, "d": 0.7058792, "p": 60, "v": 65}], "pos": 1.0555557, "size": 1.0, "_time": 41.29297, "shift": 0.0, "time": 41.29297}, {"$id": 103, "type": 0, "sounds": [{"w": 0.0, "d": 0.7058792, "p": 58, "v": 65}], "pos": -0.6388902, "size": 1.0, "_time": 41.6484375, "shift": 0.0, "time": 41.6484375}, {"$id": 104, "type": 0, "sounds": [{"w": 0.0, "d": 0.3529396, "p": 56, "v": 65}], "pos": 0.5277784, "size": 1.0, "_time": 42.0, "shift": 0.0, "time": 42.0}, {"$id": 105, "type": 0, "sounds": [{"w": 0.0, "d": 1.41176224, "p": 63, "v": 65}], "pos": 2.0, "size": 1.2, "_time": 42.3515625, "shift": 0.0, "time": 42.3515625}, {"$id": 106, "type": 0, "sounds": [{"w": 0.0, "d": 1.05882263, "p": 48, "v": 65}], "pos": -1.0, "size": 1.0, "_time": 42.70703, "shift": 0.0, "time": 42.70703}, {"$id": 107, "type": 0, "sounds": [{"w": 0.0, "d": 0.5294113, "p": 56, "v": 65}], "pos": 0.0, "size": 1.0, "_time": 43.0585938, "shift": 0.0, "time": 43.0585938}, {"$id": 108, "type": 0, "sounds": [{"w": 0.0, "d": 0.35294342, "p": 58, "v": 65}], "pos": 0.5, "size": 1.0, "_time": 43.4101563, "shift": 0.0, "time": 43.4101563}, {"$id": 109, "type": 0, "sounds": [{"w": 0.0, "d": 1.41176224, "p": 46, "v": 65}], "pos": -2.0, "size": 1.0, "_time": 43.765625, "shift": 0.0, "time": 43.765625}, {"$id": 110, "type": 0, "sounds": [{"w": 0.0, "d": 1.05882263, "p": 58, "v": 65}], "pos": 2.0, "size": 1.1, "_time": 44.1171875, "shift": 0.0, "time": 44.1171875}, {"$id": 111, "type": 0, "sounds": [{"w": 0.0, "d": 1.05882263, "p": 63, "v": 65}], "pos": -0.18055582, "size": 1.1, "_time": 44.1171875, "shift": 0.0, "time": 44.1171875}, {"$id": 112, "type": 0, "sounds": [{"w": 0.0, "d": 0.3529396, "p": 56, "v": 65}], "pos": 1.0, "size": 1.0, "_time": 44.82422, "shift": 0.0, "time": 44.82422}, {"$id": 113, "type": 0, "sounds": [{"w": 0.0, "d": 1.05881882, "p": 63, "v": 65}], "pos": -1.0, "size": 1.1, "_time": 45.17578, "shift": 0.0, "time": 45.17578}, {"$id": 114, "type": 0, "sounds": [{"w": 0.0, "d": 0.7058792, "p": 58, "v": 65}], "pos": 1.0, "size": 1.1, "_time": 45.17578, "shift": 0.0, "time": 45.17578}, {"$id": 115, "type": 0, "sounds": [{"w": 0.0, "d": 0.7058792, "p": 55, "v": 65}], "pos": -2.0, "size": 1.0, "_time": 45.53125, "shift": 0.0, "time": 45.53125}, {"$id": 116, "type": 0, "sounds": [{"w": 0.0, "d": 0.7058792, "p": 56, "v": 65}], "pos": -0.30555582, "size": 1.0, "_time": 45.8828125, "shift": 0.0, "time": 45.8828125}, {"$id": 117, "type": 0, "sounds": [{"w": 0.0, "d": 0.7058792, "p": 63, "v": 65}], "pos": 1.29166627, "size": 1.0, "_time": 46.234375, "shift": 0.0, "time": 46.234375}, {"$id": 118, "type": 0, "sounds": [{"w": 0.0, "d": 0.7058792, "p": 61, "v": 65}], "pos": 0.236111283, "size": 1.0, "_time": 46.5898438, "shift": 0.0, "time": 46.5898438}, {"$id": 119, "type": 0, "sounds": [{"w": 0.0, "d": 0.7058792, "p": 60, "v": 65}], "pos": -0.833333552, "size": 1.0, "_time": 46.9414063, "shift": 0.0, "time": 46.9414063}, {"$id": 120, "type": 0, "sounds": [{"w": 0.0, "d": 0.7058792, "p": 58, "v": 65}], "pos": 0.7222212, "size": 1.0, "_time": 47.29297, "shift": 0.0, "time": 47.29297}, {"$id": 121, "type": 0, "sounds": [{"w": 0.0, "d": 0.3529396, "p": 56, "v": 65}], "pos": -0.5, "size": 1.0, "_time": 47.6484375, "shift": 0.0, "time": 47.6484375}, {"$id": 122, "type": 0, "sounds": [{"w": 0.0, "d": 0.35294342, "p": 84, "v": 38}], "pos": 2.0, "size": 1.2, "_time": 48.0, "shift": 0.0, "time": 48.0}, {"$id": 123, "type": 0, "sounds": [{"w": 0.0, "d": 0.705883, "p": 60, "v": 66}], "pos": -0.5, "size": 1.0, "_time": 48.0, "shift": 0.0, "time": 48.0}, {"$id": 124, "type": 0, "sounds": [{"w": 0.0, "d": 0.705883, "p": 82, "v": 38}], "pos": 1.58333385, "size": 1.2, "_time": 48.17578, "shift": 0.0, "time": 48.17578}, {"$id": 125, "type": 0, "sounds": [{"w": 0.0, "d": 0.5294113, "p": 84, "v": 38}], "pos": 0.9444444, "size": 1.1, "_time": 48.3515625, "shift": 0.0, "time": 48.3515625}, {"$id": 126, "type": 0, "sounds": [{"w": 0.0, "d": 0.3529396, "p": 77, "v": 39}], "pos": 0.250000447, "size": 1.0, "_time": 48.53125, "shift": 0.0, "time": 48.53125}, {"$id": 127, "type": 0, "sounds": [{"w": 0.0, "d": 0.7058792, "p": 67, "v": 66}], "pos": -1.19444406, "size": 1.0, "_time": 48.70703, "shift": 0.0, "time": 48.70703}, {"$id": 128, "type": 0, "sounds": [{"w": 0.0, "d": 0.35294342, "p": 84, "v": 40}], "pos": 1.5, "size": 1.2, "_time": 48.8828125, "shift": 0.0, "time": 48.8828125}, {"$id": 129, "type": 0, "sounds": [{"w": 0.0, "d": 0.705883, "p": 82, "v": 40}], "pos": 1.05555642, "size": 1.1, "_time": 49.0585938, "shift": 0.0, "time": 49.0585938}, {"$id": 130, "type": 0, "sounds": [{"w": 0.0, "d": 0.5294113, "p": 84, "v": 41}], "pos": 0.444445521, "size": 1.0, "_time": 49.234375, "shift": 0.0, "time": 49.234375}, {"$id": 131, "type": 0, "sounds": [{"w": 0.0, "d": 0.7058792, "p": 65, "v": 66}], "pos": -2.0, "size": 1.0, "_time": 49.4101563, "shift": 0.0, "time": 49.4101563}, {"$id": 132, "type": 0, "sounds": [{"w": 0.0, "d": 0.35294342, "p": 84, "v": 42}], "pos": 1.5, "size": 1.0, "_time": 49.765625, "shift": 0.0, "time": 49.765625}, {"$id": 133, "type": 0, "sounds": [{"w": 0.0, "d": 0.529415131, "p": 82, "v": 42}], "pos": 0.0, "size": 1.0, "_time": 49.9414063, "shift": 0.0, "time": 49.9414063}, {"$id": 134, "type": 0, "sounds": [{"w": 0.0, "d": 0.7058792, "p": 65, "v": 66}], "pos": 1.5, "size": 1.0, "_time": 50.1171875, "shift": 0.0, "time": 50.1171875}, {"$id": 135, "type": 0, "sounds": [{"w": 0.0, "d": 0.35294342, "p": 77, "v": 43}], "pos": -1.0, "size": 1.0, "_time": 50.29297, "shift": 0.0, "time": 50.29297}, {"$id": 136, "type": 0, "sounds": [{"w": 0.0, "d": 0.35294342, "p": 82, "v": 44}], "pos": 0.5, "size": 1.0, "_time": 50.46875, "shift": 0.0, "time": 50.46875}, {"$id": 137, "type": 0, "sounds": [{"w": 0.0, "d": 0.17647171, "p": 84, "v": 44}], "pos": -0.5, "size": 1.0, "_time": 50.6484375, "shift": 0.0, "time": 50.6484375}, {"$id": 138, "type": 0, "sounds": [{"w": 0.0, "d": 0.35294342, "p": 84, "v": 45}], "pos": 1.22222185, "size": 1.2, "_time": 50.82422, "shift": 0.0, "time": 50.82422}, {"$id": 139, "type": 0, "sounds": [{"w": 0.0, "d": 0.705883, "p": 60, "v": 66}], "pos": -2.0, "size": 1.0, "_time": 50.82422, "shift": 0.0, "time": 50.82422}, {"$id": 140, "type": 0, "sounds": [{"w": 0.0, "d": 0.705883, "p": 82, "v": 45}], "pos": 0.6388882, "size": 1.2, "_time": 51.0, "shift": 0.0, "time": 51.0}, {"$id": 141, "type": 0, "sounds": [{"w": 0.0, "d": 0.5294113, "p": 84, "v": 46}], "pos": 0.111111671, "size": 1.1, "_time": 51.17578, "shift": 0.0, "time": 51.17578}, {"$id": 142, "type": 0, "sounds": [{"w": 0.0, "d": 0.3529396, "p": 77, "v": 46}], "pos": -0.583333969, "size": 1.0, "_time": 51.3515625, "shift": 0.0, "time": 51.3515625}, {"$id": 143, "type": 0, "sounds": [{"w": 0.0, "d": 0.7058792, "p": 60, "v": 66}], "pos": -2.0, "size": 1.0, "_time": 51.53125, "shift": 0.0, "time": 51.53125}, {"$id": 144, "type": 0, "sounds": [{"w": 0.0, "d": 0.35294342, "p": 84, "v": 47}], "pos": 0.805556, "size": 1.2, "_time": 51.70703, "shift": 0.0, "time": 51.70703}, {"$id": 145, "type": 0, "sounds": [{"w": 0.0, "d": 0.705883, "p": 82, "v": 48}], "pos": 0.305555344, "size": 1.1, "_time": 51.8828125, "shift": 0.0, "time": 51.8828125}, {"$id": 146, "type": 0, "sounds": [{"w": 0.0, "d": 0.5294113, "p": 84, "v": 48}], "pos": -0.2499994, "size": 1.0, "_time": 52.0585938, "shift": 0.0, "time": 52.0585938}, {"$id": 147, "type": 0, "sounds": [{"w": 0.0, "d": 0.7058792, "p": 60, "v": 66}], "pos": -2.0, "size": 1.0, "_time": 52.234375, "shift": 0.0, "time": 52.234375}, {"$id": 148, "type": 0, "sounds": [{"w": 0.0, "d": 0.35294342, "p": 84, "v": 49}], "pos": 0.972222269, "size": 1.0, "_time": 52.5898438, "shift": 0.0, "time": 52.5898438}, {"$id": 149, "type": 0, "sounds": [{"w": 0.0, "d": 0.529415131, "p": 82, "v": 50}], "pos": -0.5, "size": 1.0, "_time": 52.765625, "shift": 0.0, "time": 52.765625}, {"$id": 150, "type": 0, "sounds": [{"w": 0.0, "d": 0.35294342, "p": 77, "v": 51}], "pos": 2.0, "size": 1.0, "_time": 53.1171875, "shift": 0.0, "time": 53.1171875}, {"$id": 151, "type": 0, "sounds": [{"w": 0.0, "d": 0.35294342, "p": 82, "v": 51}], "pos": -0.44444406, "size": 1.0, "_time": 53.29297, "shift": 0.0, "time": 53.29297}, {"$id": 152, "type": 0, "sounds": [{"w": 0.0, "d": 0.17647171, "p": 84, "v": 52}], "pos": 0.777777433, "size": 1.0, "_time": 53.46875, "shift": 0.0, "time": 53.46875}, {"$id": 153, "type": 0, "sounds": [{"w": 0.0, "d": 0.35294342, "p": 82, "v": 38}], "pos": -1.5, "size": 1.2, "_time": 53.6484375, "shift": 0.0, "time": 53.6484375}, {"$id": 154, "type": 0, "sounds": [{"w": 0.0, "d": 0.705883, "p": 58, "v": 66}], "pos": 2.0, "size": 1.0, "_time": 53.6484375, "shift": 0.0, "time": 53.6484375}, {"$id": 155, "type": 0, "sounds": [{"w": 0.0, "d": 0.705883, "p": 80, "v": 38}], "pos": -1.02777815, "size": 1.2, "_time": 53.82422, "shift": 0.0, "time": 53.82422}, {"$id": 156, "type": 0, "sounds": [{"w": 0.0, "d": 0.5294113, "p": 82, "v": 38}], "pos": -0.555556655, "size": 1.1, "_time": 54.0, "shift": 0.0, "time": 54.0}, {"$id": 157, "type": 0, "sounds": [{"w": 0.0, "d": 0.3529396, "p": 75, "v": 39}], "pos": 0.0833332539, "size": 1.0, "_time": 54.17578, "shift": 0.0, "time": 54.17578}, {"$id": 158, "type": 0, "sounds": [{"w": 0.0, "d": 0.7058792, "p": 58, "v": 66}], "pos": 1.44444442, "size": 1.0, "_time": 54.3515625, "shift": 0.0, "time": 54.3515625}, {"$id": 159, "type": 0, "sounds": [{"w": 0.0, "d": 0.35294342, "p": 82, "v": 40}], "pos": -2.0, "size": 1.2, "_time": 54.53125, "shift": 0.0, "time": 54.53125}, {"$id": 160, "type": 0, "sounds": [{"w": 0.0, "d": 0.705883, "p": 80, "v": 40}], "pos": -1.63888812, "size": 1.1, "_time": 54.70703, "shift": 0.0, "time": 54.70703}, {"$id": 161, "type": 0, "sounds": [{"w": 0.0, "d": 0.5294113, "p": 82, "v": 41}], "pos": -1.166667, "size": 1.0, "_time": 54.8828125, "shift": 0.0, "time": 54.8828125}, {"$id": 162, "type": 0, "sounds": [{"w": 0.0, "d": 0.7058792, "p": 58, "v": 66}], "pos": 0.944443464, "size": 1.0, "_time": 55.0585938, "shift": 0.0, "time": 55.0585938}, {"$id": 163, "type": 0, "sounds": [{"w": 0.0, "d": 0.35294342, "p": 82, "v": 42}], "pos": 0.750000238, "size": 1.0, "_time": 55.4101563, "shift": 0.0, "time": 55.4101563}, {"$id": 164, "type": 0, "sounds": [{"w": 0.0, "d": 0.529415131, "p": 80, "v": 42}], "pos": -0.5, "size": 1.0, "_time": 55.5898438, "shift": 0.0, "time": 55.5898438}, {"$id": 165, "type": 0, "sounds": [{"w": 0.0, "d": 0.529415131, "p": 82, "v": 43}], "pos": 0.750000238, "size": 1.0, "_time": 55.765625, "shift": 0.0, "time": 55.765625}, {"$id": 166, "type": 0, "sounds": [{"w": 0.0, "d": 0.35294342, "p": 75, "v": 43}], "pos": -1.0, "size": 1.0, "_time": 55.9414063, "shift": 0.0, "time": 55.9414063}, {"$id": 167, "type": 0, "sounds": [{"w": 0.0, "d": 0.35294342, "p": 80, "v": 44}], "pos": 0.750000238, "size": 1.0, "_time": 56.1171875, "shift": 0.0, "time": 56.1171875}, {"$id": 168, "type": 0, "sounds": [{"w": 0.0, "d": 0.17647171, "p": 82, "v": 44}], "pos": -0.5, "size": 1.0, "_time": 56.29297, "shift": 0.0, "time": 56.29297}, {"$id": 169, "type": 0, "sounds": [{"w": 0.0, "d": 0.35294342, "p": 82, "v": 38}], "pos": 0.750000238, "size": 1.2, "_time": 56.46875, "shift": 0.0, "time": 56.46875}, {"$id": 170, "type": 0, "sounds": [{"w": 0.0, "d": 0.705883, "p": 80, "v": 38}], "pos": 0.249999523, "size": 1.2, "_time": 56.6484375, "shift": 0.0, "time": 56.6484375}, {"$id": 171, "type": 0, "sounds": [{"w": 0.0, "d": 0.5294113, "p": 82, "v": 38}], "pos": -0.3888883, "size": 1.1, "_time": 56.82422, "shift": 0.0, "time": 56.82422}, {"$id": 172, "type": 0, "sounds": [{"w": 0.0, "d": 0.882354736, "p": 73, "v": 39}], "pos": -1.22222221, "size": 1.0, "_time": 57.0, "shift": 0.0, "time": 57.0}, {"$id": 173, "type": 0, "sounds": [{"w": 0.0, "d": 0.7058792, "p": 53, "v": 66}], "pos": 2.0, "size": 1.0, "_time": 57.17578, "shift": 0.0, "time": 57.17578}, {"$id": 174, "type": 0, "sounds": [{"w": 0.0, "d": 0.35294342, "p": 82, "v": 40}], "pos": -0.499999821, "size": 1.2, "_time": 57.3515625, "shift": 0.0, "time": 57.3515625}, {"$id": 175, "type": 0, "sounds": [{"w": 0.0, "d": 0.35294342, "p": 80, "v": 40}], "pos": -1.22222388, "size": 1.1, "_time": 57.53125, "shift": 0.0, "time": 57.53125}, {"$id": 176, "type": 0, "sounds": [{"w": 0.0, "d": 0.17647171, "p": 82, "v": 41}], "pos": -1.94444454, "size": 1.0, "_time": 57.70703, "shift": 0.0, "time": 57.70703}, {"$id": 177, "type": 0, "sounds": [{"w": 0.0, "d": 0.7058792, "p": 89, "v": 34}], "pos": 0.02777791, "size": 1.0, "_time": 57.8828125, "shift": 0.0, "time": 57.8828125}, {"$id": 178, "type": 0, "sounds": [{"w": 0.0, "d": 0.7058792, "p": 90, "v": 38}], "pos": 0.5833329, "size": 1.0, "_time": 58.234375, "shift": 0.0, "time": 58.234375}, {"$id": 179, "type": 0, "sounds": [{"w": 0.0, "d": 0.7058792, "p": 92, "v": 43}], "pos": 1.22222114, "size": 1.0, "_time": 58.5898438, "shift": 0.0, "time": 58.5898438}, {"$id": 180, "type": 0, "sounds": [{"w": 0.0, "d": 0.3529396, "p": 94, "v": 48}], "pos": 2.0, "size": 1.0, "_time": 58.9414063, "shift": 0.0, "time": 58.9414063}, {"$id": 181, "type": 0, "sounds": [{"w": 0.0, "d": 0.35294342, "p": 84, "v": 38}], "pos": 1.0, "size": 1.2, "_time": 59.29297, "shift": 0.0, "time": 59.29297}, {"$id": 182, "type": 0, "sounds": [{"w": 0.0, "d": 0.705883, "p": 82, "v": 38}], "pos": 0.0, "size": 1.0, "_time": 59.46875, "shift": 0.0, "time": 59.46875}, {"$id": 183, "type": 0, "sounds": [{"w": 0.0, "d": 0.5294113, "p": 84, "v": 38}], "pos": 1.0, "size": 1.2, "_time": 59.6484375, "shift": 0.0, "time": 59.6484375}, {"$id": 184, "type": 0, "sounds": [{"w": 0.0, "d": 0.3529396, "p": 77, "v": 39}], "pos": -2.0, "size": 1.0, "_time": 59.82422, "shift": 0.0, "time": 59.82422}, {"$id": 185, "type": 0, "sounds": [{"w": 0.0, "d": 0.35294342, "p": 84, "v": 40}], "pos": 1.0, "size": 1.2, "_time": 60.17578, "shift": 0.0, "time": 60.17578}, {"$id": 186, "type": 0, "sounds": [{"w": 0.0, "d": 0.705883, "p": 82, "v": 40}], "pos": 0.0, "size": 1.0, "_time": 60.3515625, "shift": 0.0, "time": 60.3515625}, {"$id": 187, "type": 0, "sounds": [{"w": 0.0, "d": 0.5294113, "p": 84, "v": 41}], "pos": 1.0, "size": 1.2, "_time": 60.53125, "shift": 0.0, "time": 60.53125}, {"$id": 188, "type": 0, "sounds": [{"w": 0.0, "d": 0.3529396, "p": 77, "v": 41}], "pos": -1.5, "size": 1.0, "_time": 60.70703, "shift": 0.0, "time": 60.70703}, {"$id": 189, "type": 0, "sounds": [{"w": 0.0, "d": 0.35294342, "p": 84, "v": 42}], "pos": 1.0, "size": 1.2, "_time": 61.0585938, "shift": 0.0, "time": 61.0585938}, {"$id": 190, "type": 0, "sounds": [{"w": 0.0, "d": 0.529415131, "p": 82, "v": 42}], "pos": 0.0, "size": 1.0, "_time": 61.234375, "shift": 0.0, "time": 61.234375}, {"$id": 191, "type": 0, "sounds": [{"w": 0.0, "d": 0.35294342, "p": 77, "v": 43}], "pos": -1.0, "size": 1.0, "_time": 61.5898438, "shift": 0.0, "time": 61.5898438}, {"$id": 192, "type": 0, "sounds": [{"w": 0.0, "d": 0.35294342, "p": 82, "v": 44}], "pos": 0.888887644, "size": 1.0, "_time": 61.765625, "shift": 0.0, "time": 61.765625}, {"$id": 193, "type": 0, "sounds": [{"w": 0.0, "d": 0.17647171, "p": 84, "v": 44}], "pos": -0.4722222, "size": 1.0, "_time": 61.9414063, "shift": 0.0, "time": 61.9414063}, {"$id": 194, "type": 0, "sounds": [{"w": 0.0, "d": 0.35294342, "p": 84, "v": 45}], "pos": 1.5, "size": 1.1, "_time": 62.1171875, "shift": 0.0, "time": 62.1171875}, {"$id": 195, "type": 0, "sounds": [{"w": 0.0, "d": 0.705883, "p": 82, "v": 45}], "pos": 0.5, "size": 1.0, "_time": 62.29297, "shift": 0.0, "time": 62.29297}, {"$id": 196, "type": 0, "sounds": [{"w": 0.0, "d": 0.5294113, "p": 84, "v": 46}], "pos": 1.5, "size": 1.1, "_time": 62.46875, "shift": 0.0, "time": 62.46875}, {"$id": 197, "type": 0, "sounds": [{"w": 0.0, "d": 0.3529396, "p": 77, "v": 46}], "pos": -0.5, "size": 1.0, "_time": 62.6484375, "shift": 0.0, "time": 62.6484375}, {"$id": 198, "type": 0, "sounds": [{"w": 0.0, "d": 0.35294342, "p": 84, "v": 47}], "pos": 1.5, "size": 1.1, "_time": 63.0, "shift": 0.0, "time": 63.0}, {"$id": 199, "type": 0, "sounds": [{"w": 0.0, "d": 0.705883, "p": 82, "v": 48}], "pos": 0.5, "size": 1.0, "_time": 63.17578, "shift": 0.0, "time": 63.17578}, {"$id": 200, "type": 0, "sounds": [{"w": 0.0, "d": 0.5294113, "p": 84, "v": 48}], "pos": 1.5, "size": 1.1, "_time": 63.3515625, "shift": 0.0, "time": 63.3515625}, {"$id": 201, "type": 0, "sounds": [{"w": 0.0, "d": 0.3529396, "p": 77, "v": 48}], "pos": -1.0, "size": 1.0, "_time": 63.53125, "shift": 0.0, "time": 63.53125}, {"$id": 202, "type": 0, "sounds": [{"w": 0.0, "d": 0.3529358, "p": 84, "v": 49}], "pos": 1.5, "size": 1.1, "_time": 63.8828125, "shift": 0.0, "time": 63.8828125}, {"$id": 203, "type": 0, "sounds": [{"w": 0.0, "d": 0.5294037, "p": 82, "v": 50}], "pos": 0.5, "size": 1.0, "_time": 64.05859, "shift": 0.0, "time": 64.05859}, {"$id": 204, "type": 0, "sounds": [{"w": 0.0, "d": 0.5294037, "p": 84, "v": 50}], "pos": 1.5, "size": 1.1, "_time": 64.234375, "shift": 0.0, "time": 64.234375}, {"$id": 205, "type": 0, "sounds": [{"w": 0.0, "d": 0.3529358, "p": 77, "v": 51}], "pos": -1.5, "size": 1.0, "_time": 64.41016, "shift": 0.0, "time": 64.41016}, {"$id": 206, "type": 0, "sounds": [{"w": 0.0, "d": 0.3529358, "p": 82, "v": 51}], "pos": 1.5, "size": 1.0, "_time": 64.58984, "shift": 0.0, "time": 64.58984}, {"$id": 207, "type": 0, "sounds": [{"w": 0.0, "d": 0.1764679, "p": 84, "v": 47}], "pos": 0.5, "size": 1.0, "_time": 64.765625, "shift": 0.0, "time": 64.765625}, {"$id": 208, "type": 0, "sounds": [{"w": 0.0, "d": 1.05882263, "p": 80, "v": 47}], "pos": -0.5, "size": 1.0, "_time": 64.94141, "shift": 0.0, "time": 64.94141}, {"$id": 209, "type": 0, "sounds": [{"w": 0.0, "d": 1.05883026, "p": 58, "v": 62}], "pos": -2.0, "size": 1.0, "_time": 65.29297, "shift": 0.0, "time": 65.29297}, {"$id": 210, "type": 0, "sounds": [{"w": 0.0, "d": 1.05883026, "p": 60, "v": 62}], "pos": -0.5, "size": 1.0, "_time": 65.64844, "shift": 0.0, "time": 65.64844}, {"$id": 211, "type": 0, "sounds": [{"w": 0.0, "d": 0.1764679, "p": 67, "v": 55}], "pos": 0.7499994, "size": 1.0, "_time": 66.0, "shift": 0.0, "time": 66.0}, {"$id": 212, "type": 0, "sounds": [{"w": 0.0, "d": 0.1764679, "p": 79, "v": 55}], "pos": -0.7500006, "size": 1.0, "_time": 66.0, "shift": 0.0, "time": 66.0}, {"$id": 213, "type": 0, "sounds": [{"w": 0.0, "d": 0.1764679, "p": 80, "v": 56}], "pos": -1.2500006, "size": 1.0, "_time": 66.17578, "shift": 0.0, "time": 66.17578}, {"$id": 214, "type": 0, "sounds": [{"w": 0.0, "d": 0.1764679, "p": 68, "v": 56}], "pos": 1.2499994, "size": 1.0, "_time": 66.17578, "shift": 0.0, "time": 66.17578}, {"$id": 215, "type": 0, "sounds": [{"w": 0.0, "d": 0.5294113, "p": 82, "v": 57}], "pos": -0.7500006, "size": 1.0, "_time": 66.35156, "shift": 0.0, "time": 66.35156}, {"$id": 216, "type": 0, "sounds": [{"w": 0.0, "d": 0.5294113, "p": 70, "v": 57}], "pos": 0.7499994, "size": 1.0, "_time": 66.35156, "shift": 0.0, "time": 66.35156}, {"$id": 217, "type": 0, "sounds": [{"w": 0.0, "d": 1.05883026, "p": 55, "v": 62}], "pos": -2.0, "size": 1.0, "_time": 66.70703, "shift": 0.0, "time": 66.70703}, {"$id": 218, "type": 0, "sounds": [{"w": 0.0, "d": 0.5294113, "p": 87, "v": 61}], "pos": 1.5, "size": 1.0, "_time": 66.88281, "shift": 0.0, "time": 66.88281}, {"$id": 219, "type": 0, "sounds": [{"w": 0.0, "d": 0.705886841, "p": 56, "v": 62}], "pos": -0.5, "size": 1.0, "_time": 67.05859, "shift": 0.0, "time": 67.05859}, {"$id": 220, "type": 0, "sounds": [{"w": 0.0, "d": 0.35294342, "p": 85, "v": 65}], "pos": -1.3055563, "size": 1.0, "_time": 67.41016, "shift": 0.0, "time": 67.41016}, {"$id": 221, "type": 0, "sounds": [{"w": 0.0, "d": 2.82353973, "p": 84, "v": 68}], "pos": 1.16666615, "size": 1.1, "_time": 67.765625, "shift": 0.0, "time": 67.765625}, {"$id": 222, "type": 0, "sounds": [{"w": 0.0, "d": 2.82353973, "p": 72, "v": 68}], "pos": -1.3055563, "size": 1.1, "_time": 67.765625, "shift": 0.0, "time": 67.765625}, {"$id": 223, "type": 0, "sounds": [{"w": 0.0, "d": 0.132362366, "p": 87, "v": 31}], "pos": -0.486111164, "size": 1.0, "_time": 70.41016, "shift": 0.0, "time": 70.41016}, {"$id": 224, "type": 0, "sounds": [{"w": 0.0, "d": 0.04412079, "p": 91, "v": 39}], "pos": -0.98611176, "size": 1.0, "_time": 70.45703, "shift": 0.0, "time": 70.45703}, {"$id": 225, "type": 0, "sounds": [{"w": 0.0, "d": 0.04412079, "p": 94, "v": 46}], "pos": -1.33333373, "size": 1.1, "_time": 70.5, "shift": 0.0, "time": 70.5}, {"$id": 226, "type": 0, "sounds": [{"w": 0.0, "d": 0.04412079, "p": 96, "v": 54}], "pos": -1.66666746, "size": 1.1, "_time": 70.54297, "shift": 0.0, "time": 70.54297}, {"$id": 227, "type": 0, "sounds": [{"w": 0.0, "d": 0.5294113, "p": 99, "v": 68}], "pos": -2.0, "size": 1.2, "_time": 70.58984, "shift": 0.0, "time": 70.58984}, {"$id": 228, "type": 0, "sounds": [{"w": 0.0, "d": 0.5294113, "p": 87, "v": 68}], "pos": 2.0, "size": 1.2, "_time": 70.58984, "shift": 0.0, "time": 70.58984}, {"$id": 229, "type": 0, "sounds": [{"w": 0.0, "d": 0.5294113, "p": 94, "v": 74}], "pos": 1.5, "size": 1.1, "_time": 71.11719, "shift": 0.0, "time": 71.11719}, {"$id": 230, "type": 0, "sounds": [{"w": 0.0, "d": 0.5294113, "p": 82, "v": 74}], "pos": -1.5, "size": 1.1, "_time": 71.11719, "shift": 0.0, "time": 71.11719}, {"$id": 231, "type": 0, "sounds": [{"w": 0.0, "d": 0.5294113, "p": 92, "v": 82}], "pos": 1.0, "size": 1.1, "_time": 71.64844, "shift": 0.0, "time": 71.64844}, {"$id": 232, "type": 0, "sounds": [{"w": 0.0, "d": 0.5294113, "p": 80, "v": 82}], "pos": -1.0, "size": 1.1, "_time": 71.64844, "shift": 0.0, "time": 71.64844}, {"$id": 233, "type": 0, "sounds": [{"w": 0.0, "d": 0.5294113, "p": 91, "v": 90}], "pos": 0.5, "size": 0.9, "_time": 72.17578, "shift": 0.0, "time": 72.17578}, {"$id": 234, "type": 0, "sounds": [{"w": 0.0, "d": 0.5294113, "p": 79, "v": 90}], "pos": -0.5, "size": 0.9, "_time": 72.17578, "shift": 0.0, "time": 72.17578}, {"$id": 235, "type": 0, "sounds": [{"w": 0.0, "d": 0.7058792, "p": 27, "v": 95}], "pos": 0.0, "size": 1.50000012, "_time": 72.70703, "shift": 0.0, "time": 72.70703}, {"$id": 236, "type": 0, "sounds": [{"w": 0.0, "d": 0.970603943, "p": 63, "v": 89}], "pos": 1.5, "size": 1.0, "_time": 73.41016, "shift": 0.0, "time": 73.41016}, {"$id": 237, "type": 0, "sounds": [{"w": 0.0, "d": 1.05883789, "p": 44, "v": 64}], "pos": -1.0, "size": 1.0, "_time": 73.41016, "shift": 0.0, "time": 73.41016}, {"$id": 238, "type": 0, "sounds": [{"w": 0.0, "d": 1.36765289, "p": 56, "v": 71}], "pos": 0.583332539, "size": 0.9, "_time": 73.765625, "shift": 0.0, "time": 73.765625}, {"$id": 239, "type": 0, "sounds": [{"w": 0.0, "d": 1.41177368, "p": 58, "v": 84}], "pos": -1.5, "size": 0.9, "_time": 74.11719, "shift": 0.0, "time": 74.11719}, {"$id": 240, "type": 0, "sounds": [{"w": 0.0, "d": 1.05883026, "p": 63, "v": 86}], "pos": 1.5, "size": 0.9, "_time": 74.46875, "shift": 0.0, "time": 74.46875}, {"$id": 241, "type": 0, "sounds": [{"w": 0.0, "d": 1.67647552, "p": 68, "v": 89}], "pos": 1.0, "size": 0.9, "_time": 74.515625, "shift": 0.0, "time": 74.515625}, {"$id": 242, "type": 0, "sounds": [{"w": 0.0, "d": 1.41177368, "p": 55, "v": 69}], "pos": -0.458333969, "size": 0.9, "_time": 74.82422, "shift": 0.0, "time": 74.82422}, {"$id": 243, "type": 0, "sounds": [{"w": 0.0, "d": 1.05883026, "p": 56, "v": 84}], "pos": 1.5, "size": 0.9, "_time": 75.17578, "shift": 0.0, "time": 75.17578}, {"$id": 244, "type": 0, "sounds": [{"w": 0.0, "d": 0.705886841, "p": 63, "v": 92}], "pos": 0.541666031, "size": 1.0, "_time": 75.53125, "shift": 0.0, "time": 75.53125}, {"$id": 245, "type": 0, "sounds": [{"w": 0.0, "d": 0.705886841, "p": 58, "v": 89}], "pos": -0.6944456, "size": 1.0, "_time": 75.53125, "shift": 0.0, "time": 75.53125}, {"$id": 246, "type": 0, "sounds": [{"w": 0.0, "d": 0.7058945, "p": 64, "v": 79}], "pos": -1.52777755, "size": 1.1, "_time": 76.234375, "shift": 0.0, "time": 76.234375}, {"$id": 247, "type": 0, "sounds": [{"w": 0.0, "d": 1.05883789, "p": 50, "v": 80}], "pos": 0.6666666, "size": 1.1, "_time": 76.234375, "shift": 0.0, "time": 76.234375}, {"$id": 248, "type": 0, "sounds": [{"w": 0.0, "d": 1.05883789, "p": 55, "v": 84}], "pos": 1.29166663, "size": 1.1, "_time": 76.28125, "shift": 0.0, "time": 76.28125}, {"$id": 249, "type": 0, "sounds": [{"w": 0.0, "d": 0.6176529, "p": 60, "v": 90}], "pos": 1.91666663, "size": 1.1, "_time": 76.32422, "shift": 0.0, "time": 76.32422}, {"$id": 250, "type": 0, "sounds": [{"w": 0.0, "d": 1.72059631, "p": 58, "v": 77}], "pos": -0.111110866, "size": 1.0, "_time": 76.58984, "shift": 0.0, "time": 76.58984}, {"$id": 251, "type": 0, "sounds": [{"w": 0.0, "d": 1.36765289, "p": 67, "v": 85}], "pos": 1.52777827, "size": 1.0, "_time": 76.94141, "shift": 0.0, "time": 76.94141}, {"$id": 252, "type": 0, "sounds": [{"w": 0.0, "d": 1.36765289, "p": 60, "v": 85}], "pos": -1.5, "size": 1.0, "_time": 77.29297, "shift": 0.0, "time": 77.29297}, {"$id": 253, "type": 0, "sounds": [{"w": 0.0, "d": 1.05883026, "p": 64, "v": 85}], "pos": 1.0, "size": 1.0, "_time": 77.29297, "shift": 0.0, "time": 77.29297}, {"$id": 254, "type": 0, "sounds": [{"w": 0.0, "d": 1.36765289, "p": 52, "v": 83}], "pos": -0.166666448, "size": 0.9, "_time": 77.64844, "shift": 0.0, "time": 77.64844}, {"$id": 255, "type": 0, "sounds": [{"w": 0.0, "d": 1.05883026, "p": 53, "v": 84}], "pos": -1.19444561, "size": 1.0, "_time": 78.0, "shift": 0.0, "time": 78.0}, {"$id": 256, "type": 0, "sounds": [{"w": 0.0, "d": 0.705886841, "p": 63, "v": 100}], "pos": 0.3055544, "size": 0.9, "_time": 78.35156, "shift": 0.0, "time": 78.35156}, {"$id": 257, "type": 0, "sounds": [{"w": 0.0, "d": 0.35294342, "p": 55, "v": 79}], "pos": -1.0, "size": 1.0, "_time": 78.70703, "shift": 0.0, "time": 78.70703}, {"$id": 258, "type": 0, "sounds": [{"w": 0.0, "d": 2.823555, "p": 41, "v": 81}], "pos": -2.0, "size": 1.0, "_time": 79.05859, "shift": 0.0, "time": 79.05859}, {"$id": 259, "type": 0, "sounds": [{"w": 0.0, "d": 0.35295105, "p": 56, "v": 81}], "pos": -0.5, "size": 1.0, "_time": 79.05859, "shift": 0.0, "time": 79.05859}, {"$id": 260, "type": 0, "sounds": [{"w": 0.0, "d": 0.705886841, "p": 56, "v": 79}], "pos": 1.0, "size": 1.0, "_time": 79.41016, "shift": 0.0, "time": 79.41016}, {"$id": 261, "type": 0, "sounds": [{"w": 0.0, "d": 1.41177368, "p": 58, "v": 81}], "pos": 0.1111117, "size": 1.0, "_time": 79.765625, "shift": 0.0, "time": 79.765625}, {"$id": 262, "type": 0, "sounds": [{"w": 0.0, "d": 1.05883026, "p": 63, "v": 83}], "pos": -0.9861107, "size": 1.0, "_time": 80.11719, "shift": 0.0, "time": 80.11719}, {"$id": 263, "type": 0, "sounds": [{"w": 0.0, "d": 0.705886841, "p": 55, "v": 85}], "pos": 0.1111117, "size": 1.0, "_time": 80.46875, "shift": 0.0, "time": 80.46875}, {"$id": 264, "type": 0, "sounds": [{"w": 0.0, "d": 0.35294342, "p": 56, "v": 75}], "pos": 1.5, "size": 1.0, "_time": 80.82422, "shift": 0.0, "time": 80.82422}, {"$id": 265, "type": 0, "sounds": [{"w": 0.0, "d": 0.705886841, "p": 58, "v": 81}], "pos": -1.30555546, "size": 1.0, "_time": 81.17578, "shift": 0.0, "time": 81.17578}, {"$id": 266, "type": 0, "sounds": [{"w": 0.0, "d": 0.35294342, "p": 56, "v": 87}], "pos": 2.0, "size": 1.0, "_time": 81.53125, "shift": 0.0, "time": 81.53125}, {"$id": 267, "type": 0, "sounds": [{"w": 0.0, "d": 0.7058792, "p": 54, "v": 93}], "pos": -2.0, "size": 1.1, "_time": 81.88281, "shift": 0.0, "time": 81.88281}, {"$id": 268, "type": 0, "sounds": [{"w": 0.0, "d": 0.7058792, "p": 60, "v": 93}], "pos": -0.111111641, "size": 1.1, "_time": 81.88281, "shift": 0.0, "time": 81.88281}, {"$id": 269, "type": 0, "sounds": [{"w": 0.0, "d": 0.705886841, "p": 60, "v": 93}], "pos": 1.58333242, "size": 1.0, "_time": 82.58984, "shift": 0.0, "time": 82.58984}, {"$id": 270, "type": 0, "sounds": [{"w": 0.0, "d": 0.35294342, "p": 61, "v": 85}], "pos": -0.5, "size": 1.0, "_time": 82.94141, "shift": 0.0, "time": 82.94141}, {"$id": 271, "type": 0, "sounds": [{"w": 0.0, "d": 0.7058792, "p": 63, "v": 82}], "pos": 2.0, "size": 1.1, "_time": 83.29297, "shift": 0.0, "time": 83.29297}, {"$id": 272, "type": 0, "sounds": [{"w": 0.0, "d": 0.7058792, "p": 60, "v": 82}], "pos": 0.0, "size": 1.1, "_time": 83.29297, "shift": 0.0, "time": 83.29297}, {"$id": 273, "type": 0, "sounds": [{"w": 0.0, "d": 0.705886841, "p": 63, "v": 84}], "pos": 0.347222328, "size": 1.0, "_time": 84.0, "shift": 0.0, "time": 84.0}, {"$id": 274, "type": 0, "sounds": [{"w": 0.0, "d": 0.35294342, "p": 56, "v": 87}], "pos": -2.0, "size": 1.0, "_time": 84.35156, "shift": 0.0, "time": 84.35156}, {"$id": 275, "type": 0, "sounds": [{"w": 0.0, "d": 0.970603943, "p": 63, "v": 89}], "pos": 0.347222328, "size": 1.0, "_time": 84.70703, "shift": 0.0, "time": 84.70703}, {"$id": 276, "type": 0, "sounds": [{"w": 0.0, "d": 0.35295105, "p": 56, "v": 69}], "pos": -1.97222233, "size": 1.0, "_time": 84.70703, "shift": 0.0, "time": 84.70703}, {"$id": 277, "type": 0, "sounds": [{"w": 0.0, "d": 0.6176529, "p": 58, "v": 78}], "pos": -1.72222233, "size": 1.0, "_time": 84.75, "shift": 0.0, "time": 84.75}, {"$id": 278, "type": 0, "sounds": [{"w": 0.0, "d": 2.73531342, "p": 60, "v": 89}], "pos": -1.47222233, "size": 1.0, "_time": 84.79297, "shift": 0.0, "time": 84.79297}, {"$id": 279, "type": 0, "sounds": [{"w": 0.0, "d": 1.36765289, "p": 56, "v": 71}], "pos": 1.0, "size": 0.9, "_time": 85.05859, "shift": 0.0, "time": 85.05859}, {"$id": 280, "type": 0, "sounds": [{"w": 0.0, "d": 1.41177368, "p": 58, "v": 84}], "pos": 1.0, "size": 0.9, "_time": 85.41016, "shift": 0.0, "time": 85.41016}, {"$id": 281, "type": 0, "sounds": [{"w": 0.0, "d": 1.05883026, "p": 63, "v": 86}], "pos": -0.7222218, "size": 0.9, "_time": 85.765625, "shift": 0.0, "time": 85.765625}, {"$id": 282, "type": 0, "sounds": [{"w": 0.0, "d": 1.67647552, "p": 68, "v": 89}], "pos": -1.22222185, "size": 0.9, "_time": 85.80859, "shift": 0.0, "time": 85.80859}, {"$id": 283, "type": 0, "sounds": [{"w": 0.0, "d": 1.41177368, "p": 55, "v": 69}], "pos": 1.97222233, "size": 0.9, "_time": 86.11719, "shift": 0.0, "time": 86.11719}, {"$id": 284, "type": 0, "sounds": [{"w": 0.0, "d": 1.05883026, "p": 56, "v": 84}], "pos": 0.472222328, "size": 0.9, "_time": 86.46875, "shift": 0.0, "time": 86.46875}, {"$id": 285, "type": 0, "sounds": [{"w": 0.0, "d": 0.705886841, "p": 63, "v": 92}], "pos": -1.02777767, "size": 0.9, "_time": 86.82422, "shift": 0.0, "time": 86.82422}, {"$id": 286, "type": 0, "sounds": [{"w": 0.0, "d": 2.0294342, "p": 64, "v": 79}], "pos": -1.0, "size": 0.9, "_time": 87.53125, "shift": 0.0, "time": 87.53125}, {"$id": 287, "type": 0, "sounds": [{"w": 0.0, "d": 0.6176529, "p": 60, "v": 90}], "pos": -1.5, "size": 0.9, "_time": 87.61719, "shift": 0.0, "time": 87.61719}, {"$id": 288, "type": 0, "sounds": [{"w": 0.0, "d": 1.720604, "p": 58, "v": 77}], "pos": 0.6944444, "size": 0.9, "_time": 87.88281, "shift": 0.0, "time": 87.88281}, {"$id": 289, "type": 0, "sounds": [{"w": 0.0, "d": 1.36766052, "p": 60, "v": 85}], "pos": 1.55555522, "size": 0.9, "_time": 88.234375, "shift": 0.0, "time": 88.234375}, {"$id": 290, "type": 0, "sounds": [{"w": 0.0, "d": 1.0147171, "p": 56, "v": 83}], "pos": -2.0, "size": 1.0, "_time": 88.58984, "shift": 0.0, "time": 88.58984}, {"$id": 291, "type": 0, "sounds": [{"w": 0.0, "d": 1.36766052, "p": 48, "v": 79}], "pos": -0.5, "size": 1.0, "_time": 88.94141, "shift": 0.0, "time": 88.94141}, {"$id": 292, "type": 0, "sounds": [{"w": 0.0, "d": 0.6617737, "p": 51, "v": 84}], "pos": 1.22222257, "size": 1.0, "_time": 89.29297, "shift": 0.0, "time": 89.29297}, {"$id": 293, "type": 0, "sounds": [{"w": 0.0, "d": 0.705886841, "p": 60, "v": 100}], "pos": 1.22222257, "size": 1.0, "_time": 89.64844, "shift": 0.0, "time": 89.64844}, {"$id": 294, "type": 0, "sounds": [{"w": 0.0, "d": 0.35294342, "p": 51, "v": 79}], "pos": -1.0, "size": 1.0, "_time": 90.0, "shift": 0.0, "time": 90.0}, {"$id": 295, "type": 0, "sounds": [{"w": 0.0, "d": 2.823555, "p": 46, "v": 94}], "pos": 0.222221851, "size": 1.2, "_time": 90.35156, "shift": 0.0, "time": 90.35156}, {"$id": 296, "type": 0, "sounds": [{"w": 0.0, "d": 0.35295105, "p": 56, "v": 81}], "pos": 2.0, "size": 1.2, "_time": 90.35156, "shift": 0.0, "time": 90.35156}, {"$id": 297, "type": 0, "sounds": [{"w": 0.0, "d": 0.705886841, "p": 56, "v": 79}], "pos": -1.0, "size": 1.0, "_time": 90.70703, "shift": 0.0, "time": 90.70703}, {"$id": 298, "type": 0, "sounds": [{"w": 0.0, "d": 1.41177368, "p": 58, "v": 81}], "pos": 1.5, "size": 1.2, "_time": 91.05859, "shift": 0.0, "time": 91.05859}, {"$id": 299, "type": 0, "sounds": [{"w": 0.0, "d": 0.35294342, "p": 56, "v": 83}], "pos": -1.0, "size": 1.0, "_time": 91.41016, "shift": 0.0, "time": 91.41016}, {"$id": 300, "type": 0, "sounds": [{"w": 0.0, "d": 0.705886841, "p": 55, "v": 85}], "pos": 0.6666664, "size": 1.2, "_time": 91.765625, "shift": 0.0, "time": 91.765625}, {"$id": 301, "type": 0, "sounds": [{"w": 0.0, "d": 0.35294342, "p": 56, "v": 75}], "pos": -1.0, "size": 1.0, "_time": 92.11719, "shift": 0.0, "time": 92.11719}, {"$id": 302, "type": 0, "sounds": [{"w": 0.0, "d": 0.705886841, "p": 63, "v": 81}], "pos": 0.0, "size": 1.2, "_time": 92.46875, "shift": 0.0, "time": 92.46875}, {"$id": 303, "type": 0, "sounds": [{"w": 0.0, "d": 0.35294342, "p": 56, "v": 87}], "pos": -1.0, "size": 1.0, "_time": 92.82422, "shift": 0.0, "time": 92.82422}, {"$id": 304, "type": 0, "sounds": [{"w": 0.0, "d": 1.41177368, "p": 51, "v": 97}], "pos": -2.0, "size": 1.2, "_time": 93.17578, "shift": 0.0, "time": 93.17578}, {"$id": 305, "type": 0, "sounds": [{"w": 0.0, "d": 0.705886841, "p": 63, "v": 93}], "pos": 0.0, "size": 1.2, "_time": 93.17578, "shift": 0.0, "time": 93.17578}, {"$id": 306, "type": 0, "sounds": [{"w": 0.0, "d": 0.705886841, "p": 55, "v": 101}], "pos": -1.02777815, "size": 1.0, "_time": 93.53125, "shift": 0.0, "time": 93.53125}, {"$id": 307, "type": 0, "sounds": [{"w": 0.0, "d": 0.35294342, "p": 56, "v": 101}], "pos": 0.5, "size": 1.0, "_time": 93.88281, "shift": 0.0, "time": 93.88281}, {"$id": 308, "type": 0, "sounds": [{"w": 0.0, "d": 1.05883026, "p": 63, "v": 88}], "pos": 2.0, "size": 1.2, "_time": 94.234375, "shift": 0.0, "time": 94.234375}, {"$id": 309, "type": 0, "sounds": [{"w": 0.0, "d": 1.05883026, "p": 58, "v": 88}], "pos": 0.0, "size": 1.2, "_time": 94.234375, "shift": 0.0, "time": 94.234375}, {"$id": 310, "type": 0, "sounds": [{"w": 0.0, "d": 1.05883026, "p": 51, "v": 83}], "pos": -1.41666675, "size": 1.0, "_time": 94.94141, "shift": 0.0, "time": 94.94141}, {"$id": 311, "type": 0, "sounds": [{"w": 0.0, "d": 0.705886841, "p": 63, "v": 84}], "pos": 0.722221851, "size": 1.0, "_time": 95.29297, "shift": 0.0, "time": 95.29297}, {"$id": 312, "type": 0, "sounds": [{"w": 0.0, "d": 0.35294342, "p": 56, "v": 87}], "pos": -0.27777797, "size": 1.0, "_time": 95.64844, "shift": 0.0, "time": 95.64844}, {"$id": 313, "type": 0, "sounds": [{"w": 0.0, "d": 1.05883789, "p": 44, "v": 64}], "pos": -2.0, "size": 1.1, "_time": 96.0, "shift": 0.0, "time": 96.0}, {"$id": 314, "type": 0, "sounds": [{"w": 0.0, "d": 0.35295105, "p": 56, "v": 69}], "pos": 0.5555558, "size": 1.1, "_time": 96.0, "shift": 0.0, "time": 96.0}, {"$id": 315, "type": 0, "sounds": [{"w": 0.0, "d": 0.6176529, "p": 58, "v": 78}], "pos": 0.9722231, "size": 1.1, "_time": 96.04297, "shift": 0.0, "time": 96.04297}, {"$id": 316, "type": 0, "sounds": [{"w": 0.0, "d": 2.73531342, "p": 60, "v": 89}], "pos": 1.361112, "size": 1.1, "_time": 96.08984, "shift": 0.0, "time": 96.08984}, {"$id": 317, "type": 0, "sounds": [{"w": 0.0, "d": 1.41177368, "p": 58, "v": 84}], "pos": -0.416667223, "size": 1.0, "_time": 96.70703, "shift": 0.0, "time": 96.70703}, {"$id": 318, "type": 0, "sounds": [{"w": 0.0, "d": 1.7647171, "p": 44, "v": 86}], "pos": -0.416667223, "size": 1.0, "_time": 97.05859, "shift": 0.0, "time": 97.05859}, {"$id": 319, "type": 0, "sounds": [{"w": 0.0, "d": 1.05883026, "p": 63, "v": 86}], "pos": 1.08333278, "size": 1.0, "_time": 97.05859, "shift": 0.0, "time": 97.05859}, {"$id": 320, "type": 0, "sounds": [{"w": 0.0, "d": 1.41177368, "p": 55, "v": 69}], "pos": 1.08333278, "size": 1.0, "_time": 97.41016, "shift": 0.0, "time": 97.41016}, {"$id": 321, "type": 0, "sounds": [{"w": 0.0, "d": 1.05883026, "p": 56, "v": 84}], "pos": -0.9166672, "size": 1.0, "_time": 97.765625, "shift": 0.0, "time": 97.765625}, {"$id": 322, "type": 0, "sounds": [{"w": 0.0, "d": 0.705886841, "p": 63, "v": 92}], "pos": 1.58333278, "size": 1.0, "_time": 98.11719, "shift": 0.0, "time": 98.11719}, {"$id": 323, "type": 0, "sounds": [{"w": 0.0, "d": 0.7058792, "p": 64, "v": 79}], "pos": -0.4166664, "size": 1.0, "_time": 98.82422, "shift": 0.0, "time": 98.82422}, {"$id": 324, "type": 0, "sounds": [{"w": 0.0, "d": 0.7058716, "p": 72, "v": 86}], "pos": 0.3888899, "size": 0.9, "_time": 99.05859, "shift": 0.0, "time": 99.05859}, {"$id": 325, "type": 0, "sounds": [{"w": 0.0, "d": 0.7058792, "p": 76, "v": 98}], "pos": 1.11111081, "size": 0.9, "_time": 99.29297, "shift": 0.0, "time": 99.29297}, {"$id": 326, "type": 0, "sounds": [{"w": 0.0, "d": 0.7058792, "p": 84, "v": 109}], "pos": 1.8055557, "size": 0.799999952, "_time": 99.53125, "shift": 0.0, "time": 99.53125}, {"$id": 327, "type": 0, "sounds": [{"w": 0.0, "d": 1.05883026, "p": 64, "v": 85}], "pos": 1.0, "size": 1.1, "_time": 99.88281, "shift": 0.0, "time": 99.88281}, {"$id": 328, "type": 0, "sounds": [{"w": 0.0, "d": 0.705886841, "p": 82, "v": 79}], "pos": -1.416667, "size": 1.1, "_time": 99.88281, "shift": 0.0, "time": 99.88281}, {"$id": 329, "type": 0, "sounds": [{"w": 0.0, "d": 0.705886841, "p": 84, "v": 93}], "pos": -1.0, "size": 1.0, "_time": 100.589844, "shift": 0.0, "time": 100.589844}, {"$id": 330, "type": 0, "sounds": [{"w": 0.0, "d": 0.705886841, "p": 63, "v": 100}], "pos": 0.0, "size": 1.0, "_time": 100.941406, "shift": 0.0, "time": 100.941406}, {"$id": 331, "type": 0, "sounds": [{"w": 0.0, "d": 0.7058945, "p": 87, "v": 97}], "pos": 2.0, "size": 1.0, "_time": 101.117188, "shift": 0.0, "time": 101.117188}, {"$id": 332, "type": 0, "sounds": [{"w": 0.0, "d": 0.35294342, "p": 56, "v": 81}], "pos": 1.0, "size": 1.2, "_time": 101.648438, "shift": 0.0, "time": 101.648438}, {"$id": 333, "type": 0, "sounds": [{"w": 0.0, "d": 0.7058792, "p": 82, "v": 97}], "pos": -1.416667, "size": 1.2, "_time": 101.648438, "shift": 0.0, "time": 101.648438}, {"$id": 334, "type": 0, "sounds": [{"w": 0.0, "d": 0.7058792, "p": 80, "v": 97}], "pos": -1.38888931, "size": 1.1, "_time": 102.175781, "shift": 0.0, "time": 102.175781}, {"$id": 335, "type": 0, "sounds": [{"w": 0.0, "d": 0.7058792, "p": 82, "v": 97}], "pos": 1.66666675, "size": 1.2, "_time": 102.707031, "shift": 0.0, "time": 102.707031}, {"$id": 336, "type": 0, "sounds": [{"w": 0.0, "d": 0.7058792, "p": 70, "v": 97}], "pos": -0.3888893, "size": 1.2, "_time": 102.707031, "shift": 0.0, "time": 102.707031}, {"$id": 337, "type": 0, "sounds": [{"w": 0.0, "d": 0.705886841, "p": 80, "v": 97}], "pos": -0.3611111, "size": 1.1, "_time": 103.410156, "shift": 0.0, "time": 103.410156}, {"$id": 338, "type": 0, "sounds": [{"w": 0.0, "d": 0.35294342, "p": 89, "v": 97}], "pos": 2.0, "size": 1.30000007, "_time": 104.117188, "shift": 0.0, "time": 104.117188}, {"$id": 339, "type": 0, "sounds": [{"w": 0.0, "d": 0.35294342, "p": 77, "v": 97}], "pos": -2.0, "size": 1.30000007, "_time": 104.117188, "shift": 0.0, "time": 104.117188}, {"$id": 340, "type": 0, "sounds": [{"w": 0.0, "d": 0.7058792, "p": 87, "v": 97}], "pos": 1.5, "size": 1.30000007, "_time": 104.472656, "shift": 0.0, "time": 104.472656}, {"$id": 341, "type": 0, "sounds": [{"w": 0.0, "d": 0.7058792, "p": 75, "v": 97}], "pos": -1.5, "size": 1.30000007, "_time": 104.472656, "shift": 0.0, "time": 104.472656}, {"$id": 342, "type": 0, "sounds": [{"w": 0.0, "d": 0.705886841, "p": 83, "v": 97}], "pos": -0.5, "size": 1.2, "_time": 105.175781, "shift": 0.0, "time": 105.175781}, {"$id": 343, "type": 0, "sounds": [{"w": 0.0, "d": 0.35294342, "p": 61, "v": 85}], "pos": -0.5, "size": 1.0, "_time": 105.53125, "shift": 0.0, "time": 105.53125}, {"$id": 344, "type": 0, "sounds": [{"w": 0.0, "d": 0.5294113, "p": 70, "v": 97}], "pos": 0.0, "size": 1.0, "_time": 105.882813, "shift": 0.0, "time": 105.882813}, {"$id": 345, "type": 0, "sounds": [{"w": 0.0, "d": 0.5294113, "p": 82, "v": 97}], "pos": 1.5, "size": 1.0, "_time": 105.882813, "shift": 0.0, "time": 105.882813}, {"$id": 346, "type": 0, "sounds": [{"w": 0.0, "d": 0.5294113, "p": 80, "v": 97}], "pos": 0.3055551, "size": 1.0, "_time": 106.410156, "shift": 0.0, "time": 106.410156}, {"$id": 347, "type": 0, "sounds": [{"w": 0.0, "d": 0.705886841, "p": 63, "v": 84}], "pos": -1.0, "size": 1.0, "_time": 106.589844, "shift": 0.0, "time": 106.589844}, {"$id": 348, "type": 0, "sounds": [{"w": 0.0, "d": 0.35294342, "p": 77, "v": 97}], "pos": 2.0, "size": 1.0, "_time": 106.941406, "shift": 0.0, "time": 106.941406}, {"$id": 349, "type": 0, "sounds": [{"w": 0.0, "d": 0.35294342, "p": 49, "v": 90}], "pos": 0.5, "size": 1.30000007, "_time": 107.292969, "shift": 0.0, "time": 107.292969}, {"$id": 350, "type": 0, "sounds": [{"w": 0.0, "d": 0.3235321, "p": 75, "v": 97}], "pos": -1.31944561, "size": 1.30000007, "_time": 107.292969, "shift": 0.0, "time": 107.292969}, {"$id": 351, "type": 0, "sounds": [{"w": 0.0, "d": 0.35294342, "p": 37, "v": 90}], "pos": 0.0, "size": 0.799999952, "_time": 108.0, "shift": 0.0, "time": 108.0}, {"$id": 352, "type": 0, "sounds": [{"w": 0.0, "d": 1.05883026, "p": 63, "v": 86}], "pos": 2.0, "size": 1.30000007, "_time": 108.351563, "shift": 0.0, "time": 108.351563}, {"$id": 353, "type": 0, "sounds": [{"w": 0.0, "d": 1.05883026, "p": 58, "v": 84}], "pos": -2.0, "size": 1.30000007, "_time": 108.351563, "shift": 0.0, "time": 108.351563}, {"$id": 354, "type": 0, "sounds": [{"w": 0.0, "d": 1.05883026, "p": 56, "v": 84}], "pos": -0.5, "size": 1.0, "_time": 109.058594, "shift": 0.0, "time": 109.058594}, {"$id": 355, "type": 0, "sounds": [{"w": 0.0, "d": 0.705886841, "p": 63, "v": 92}], "pos": 0.93055594, "size": 1.0, "_time": 109.410156, "shift": 0.0, "time": 109.410156}, {"$id": 356, "type": 0, "sounds": [{"w": 0.0, "d": 1.05883789, "p": 48, "v": 94}], "pos": -0.5555547, "size": 1.0, "_time": 110.117188, "shift": 0.0, "time": 110.117188}, {"$id": 357, "type": 0, "sounds": [{"w": 0.0, "d": 1.05883789, "p": 55, "v": 84}], "pos": -1.013889, "size": 1.0, "_time": 110.160156, "shift": 0.0, "time": 110.160156}, {"$id": 358, "type": 0, "sounds": [{"w": 0.0, "d": 0.6176529, "p": 60, "v": 90}], "pos": -1.58333325, "size": 1.0, "_time": 110.207031, "shift": 0.0, "time": 110.207031}, {"$id": 359, "type": 0, "sounds": [{"w": 0.0, "d": 1.0147171, "p": 58, "v": 77}], "pos": 0.333332866, "size": 1.0, "_time": 110.472656, "shift": 0.0, "time": 110.472656}, {"$id": 360, "type": 0, "sounds": [{"w": 0.0, "d": 0.7058945, "p": 60, "v": 85}], "pos": 1.55555511, "size": 1.0, "_time": 110.824219, "shift": 0.0, "time": 110.824219}, {"$id": 361, "type": 0, "sounds": [{"w": 0.0, "d": 1.76469421, "p": 41, "v": 96}], "pos": 0.5, "size": 1.0, "_time": 111.175781, "shift": 0.0, "time": 111.175781}, {"$id": 362, "type": 0, "sounds": [{"w": 0.0, "d": 0.35295105, "p": 56, "v": 83}], "pos": -1.833334, "size": 1.0, "_time": 111.175781, "shift": 0.0, "time": 111.175781}, {"$id": 363, "type": 0, "sounds": [{"w": 0.0, "d": 1.41174316, "p": 58, "v": 89}], "pos": -1.36111212, "size": 1.1, "_time": 111.53125, "shift": 0.0, "time": 111.53125}, {"$id": 364, "type": 0, "sounds": [{"w": 0.0, "d": 1.41175079, "p": 60, "v": 93}], "pos": -0.5, "size": 1.1, "_time": 111.765625, "shift": 0.0, "time": 111.765625}, {"$id": 365, "type": 0, "sounds": [{"w": 0.0, "d": 1.41175079, "p": 67, "v": 96}], "pos": 0.5, "size": 1.1, "_time": 112.0, "shift": 0.0, "time": 112.0}, {"$id": 366, "type": 0, "sounds": [{"w": 0.0, "d": 1.41175079, "p": 70, "v": 100}], "pos": -0.638890743, "size": 1.1, "_time": 112.234375, "shift": 0.0, "time": 112.234375}, {"$id": 367, "type": 0, "sounds": [{"w": 0.0, "d": 1.41175079, "p": 79, "v": 104}], "pos": 0.41666615, "size": 1.0, "_time": 112.472656, "shift": 0.0, "time": 112.472656}, {"$id": 368, "type": 0, "sounds": [{"w": 0.0, "d": 1.41175079, "p": 80, "v": 108}], "pos": 1.38888788, "size": 0.9, "_time": 112.707031, "shift": 0.0, "time": 112.707031}, {"$id": 369, "type": 0, "sounds": [{"w": 0.0, "d": 0.35294342, "p": 56, "v": 81}], "pos": -0.305557251, "size": 1.0, "_time": 112.941406, "shift": 0.0, "time": 112.941406}, {"$id": 370, "type": 0, "sounds": [{"w": 0.0, "d": 0.6617584, "p": 58, "v": 85}], "pos": -0.8055565, "size": 1.0, "_time": 112.984375, "shift": 0.0, "time": 112.984375}, {"$id": 371, "type": 0, "sounds": [{"w": 0.0, "d": 0.9705734, "p": 63, "v": 89}], "pos": -1.4305563, "size": 1.0, "_time": 113.03125, "shift": 0.0, "time": 113.03125}, {"$id": 372, "type": 0, "sounds": [{"w": 0.0, "d": 0.7058716, "p": 56, "v": 79}], "pos": 1.0, "size": 1.0, "_time": 113.292969, "shift": 0.0, "time": 113.292969}, {"$id": 373, "type": 0, "sounds": [{"w": 0.0, "d": 1.41175842, "p": 58, "v": 81}], "pos": 1.5, "size": 1.0, "_time": 113.648438, "shift": 0.0, "time": 113.648438}, {"$id": 374, "type": 0, "sounds": [{"w": 0.0, "d": 1.05882263, "p": 63, "v": 83}], "pos": -0.4305557, "size": 1.1, "_time": 114.0, "shift": 0.0, "time": 114.0}, {"$id": 375, "type": 0, "sounds": [{"w": 0.0, "d": 0.705886841, "p": 55, "v": 85}], "pos": 0.5, "size": 1.0, "_time": 114.351563, "shift": 0.0, "time": 114.351563}, {"$id": 376, "type": 0, "sounds": [{"w": 0.0, "d": 0.35294342, "p": 56, "v": 75}], "pos": -0.833333135, "size": 1.1, "_time": 114.707031, "shift": 0.0, "time": 114.707031}, {"$id": 377, "type": 0, "sounds": [{"w": 0.0, "d": 0.705886841, "p": 63, "v": 81}], "pos": 1.5, "size": 1.0, "_time": 115.058594, "shift": 0.0, "time": 115.058594}, {"$id": 378, "type": 0, "sounds": [{"w": 0.0, "d": 0.35294342, "p": 56, "v": 87}], "pos": -1.19444442, "size": 1.1, "_time": 115.410156, "shift": 0.0, "time": 115.410156}, {"$id": 379, "type": 0, "sounds": [{"w": 0.0, "d": 0.705886841, "p": 58, "v": 93}], "pos": -2.0, "size": 1.1, "_time": 115.765625, "shift": 0.0, "time": 115.765625}, {"$id": 380, "type": 0, "sounds": [{"w": 0.0, "d": 0.705886841, "p": 63, "v": 93}], "pos": 0.347221851, "size": 1.1, "_time": 115.765625, "shift": 0.0, "time": 115.765625}, {"$id": 381, "type": 0, "sounds": [{"w": 0.0, "d": 0.705886841, "p": 55, "v": 101}], "pos": -1.30555511, "size": 1.0, "_time": 116.117188, "shift": 0.0, "time": 116.117188}, {"$id": 382, "type": 0, "sounds": [{"w": 0.0, "d": 0.35294342, "p": 56, "v": 101}], "pos": -0.5, "size": 1.0, "_time": 116.472656, "shift": 0.0, "time": 116.472656}, {"$id": 383, "type": 0, "sounds": [{"w": 0.0, "d": 1.05883026, "p": 70, "v": 85}], "pos": 2.0, "size": 1.0, "_time": 116.824219, "shift": 0.0, "time": 116.824219}, {"$id": 384, "type": 0, "sounds": [{"w": 0.0, "d": 1.05883026, "p": 63, "v": 98}], "pos": 1.0, "size": 1.0, "_time": 117.53125, "shift": 0.0, "time": 117.53125}, {"$id": 385, "type": 0, "sounds": [{"w": 0.0, "d": 0.705886841, "p": 72, "v": 105}], "pos": -1.0, "size": 1.0, "_time": 117.882813, "shift": 0.0, "time": 117.882813}, {"$id": 386, "type": 0, "sounds": [{"w": 0.0, "d": 0.7058792, "p": 63, "v": 68}], "pos": 1.0, "size": 1.0, "_time": 117.882813, "shift": 0.0, "time": 117.882813}, {"$id": 387, "type": 0, "sounds": [{"w": 0.0, "d": 0.35294342, "p": 68, "v": 110}], "pos": 0.0, "size": 1.0, "_time": 118.234375, "shift": 0.0, "time": 118.234375}, {"$id": 388, "type": 0, "sounds": [{"w": 0.0, "d": 1.05883789, "p": 44, "v": 64}], "pos": 1.0, "size": 1.1, "_time": 118.589844, "shift": 0.0, "time": 118.589844}, {"$id": 389, "type": 0, "sounds": [{"w": 0.0, "d": 0.35295105, "p": 56, "v": 69}], "pos": -0.7500006, "size": 1.1, "_time": 118.589844, "shift": 0.0, "time": 118.589844}, {"$id": 390, "type": 0, "sounds": [{"w": 0.0, "d": 0.6176529, "p": 58, "v": 78}], "pos": -1.19444513, "size": 1.1, "_time": 118.632813, "shift": 0.0, "time": 118.632813}, {"$id": 391, "type": 0, "sounds": [{"w": 0.0, "d": 2.73531342, "p": 60, "v": 89}], "pos": -1.75, "size": 1.1, "_time": 118.675781, "shift": 0.0, "time": 118.675781}, {"$id": 392, "type": 0, "sounds": [{"w": 0.0, "d": 0.7058792, "p": 87, "v": 68}], "pos": 1.54166543, "size": 1.2, "_time": 119.324219, "shift": 0.0, "time": 119.324219}, {"$id": 393, "type": 0, "sounds": [{"w": 0.0, "d": 1.7647171, "p": 44, "v": 86}], "pos": -1.11111176, "size": 1.0, "_time": 119.648438, "shift": 0.0, "time": 119.648438}, {"$id": 394, "type": 0, "sounds": [{"w": 0.0, "d": 0.7058792, "p": 82, "v": 68}], "pos": 0.972221136, "size": 1.2, "_time": 120.03125, "shift": 0.0, "time": 120.03125}, {"$id": 395, "type": 0, "sounds": [{"w": 0.0, "d": 1.05883026, "p": 56, "v": 84}], "pos": -0.61111176, "size": 1.0, "_time": 120.351563, "shift": 0.0, "time": 120.351563}, {"$id": 396, "type": 0, "sounds": [{"w": 0.0, "d": 0.7058792, "p": 80, "v": 68}], "pos": 0.416664958, "size": 1.2, "_time": 120.558594, "shift": 0.0, "time": 120.558594}, {"$id": 397, "type": 0, "sounds": [{"w": 0.0, "d": 0.705886841, "p": 63, "v": 92}], "pos": -1.61111176, "size": 1.0, "_time": 120.707031, "shift": 0.0, "time": 120.707031}, {"$id": 398, "type": 0, "sounds": [{"w": 0.0, "d": 0.7058792, "p": 88, "v": 68}], "pos": 2.0, "size": 1.2, "_time": 121.089844, "shift": 0.0, "time": 121.089844}, {"$id": 399, "type": 0, "sounds": [{"w": 0.0, "d": 1.05883789, "p": 50, "v": 80}], "pos": -1.55555677, "size": 1.0, "_time": 121.410156, "shift": 0.0, "time": 121.410156}, {"$id": 400, "type": 0, "sounds": [{"w": 0.0, "d": 1.05883789, "p": 55, "v": 84}], "pos": -0.9305568, "size": 1.0, "_time": 121.457031, "shift": 0.0, "time": 121.457031}, {"$id": 401, "type": 0, "sounds": [{"w": 0.0, "d": 0.6176529, "p": 60, "v": 90}], "pos": -0.305556774, "size": 1.0, "_time": 121.5, "shift": 0.0, "time": 121.5}, {"$id": 402, "type": 0, "sounds": [{"w": 0.0, "d": 0.705886841, "p": 84, "v": 68}], "pos": 1.0, "size": 1.2, "_time": 121.792969, "shift": 0.0, "time": 121.792969}, {"$id": 403, "type": 0, "sounds": [{"w": 0.0, "d": 0.705886841, "p": 82, "v": 68}], "pos": 0.0, "size": 1.2, "_time": 122.148438, "shift": 0.0, "time": 122.148438}, {"$id": 404, "type": 0, "sounds": [{"w": 0.0, "d": 1.7647171, "p": 48, "v": 77}], "pos": -1.0, "size": 1.0, "_time": 122.472656, "shift": 0.0, "time": 122.472656}, {"$id": 405, "type": 0, "sounds": [{"w": 0.0, "d": 1.05883026, "p": 64, "v": 85}], "pos": 1.0, "size": 1.2, "_time": 122.472656, "shift": 0.0, "time": 122.472656}, {"$id": 406, "type": 0, "sounds": [{"w": 0.0, "d": 0.7058792, "p": 82, "v": 68}], "pos": -1.50000048, "size": 1.2, "_time": 122.851563, "shift": 0.0, "time": 122.851563}, {"$id": 407, "type": 0, "sounds": [{"w": 0.0, "d": 1.05883026, "p": 53, "v": 84}], "pos": 1.0, "size": 1.0, "_time": 123.175781, "shift": 0.0, "time": 123.175781}, {"$id": 408, "type": 0, "sounds": [{"w": 0.0, "d": 0.7058792, "p": 80, "v": 68}], "pos": -1.083334, "size": 1.2, "_time": 123.382813, "shift": 0.0, "time": 123.382813}, {"$id": 409, "type": 0, "sounds": [{"w": 0.0, "d": 0.705886841, "p": 58, "v": 81}], "pos": 0.5, "size": 1.0, "_time": 123.53125, "shift": 0.0, "time": 123.53125}, {"$id": 410, "type": 0, "sounds": [{"w": 0.0, "d": 0.7058792, "p": 79, "v": 68}], "pos": -1.50000072, "size": 1.2, "_time": 123.910156, "shift": 0.0, "time": 123.910156}, {"$id": 411, "type": 0, "sounds": [{"w": 0.0, "d": 2.823555, "p": 41, "v": 81}], "pos": -2.0, "size": 1.0, "_time": 124.234375, "shift": 0.0, "time": 124.234375}, {"$id": 412, "type": 0, "sounds": [{"w": 0.0, "d": 0.35295105, "p": 56, "v": 81}], "pos": -0.194444776, "size": 1.0, "_time": 124.234375, "shift": 0.0, "time": 124.234375}, {"$id": 413, "type": 0, "sounds": [{"w": 0.0, "d": 0.35294342, "p": 65, "v": 68}], "pos": -2.0, "size": 1.1, "_time": 125.292969, "shift": 0.0, "time": 125.292969}, {"$id": 414, "type": 0, "sounds": [{"w": 0.0, "d": 0.35294342, "p": 77, "v": 68}], "pos": 0.0, "size": 1.1, "_time": 125.324219, "shift": 0.0, "time": 125.324219}, {"$id": 415, "type": 0, "sounds": [{"w": 0.0, "d": 0.35294342, "p": 65, "v": 68}], "pos": -2.0, "size": 1.0, "_time": 125.648438, "shift": 0.0, "time": 125.648438}, {"$id": 416, "type": 0, "sounds": [{"w": 0.0, "d": 0.35294342, "p": 77, "v": 68}], "pos": 0.0, "size": 1.0, "_time": 125.675781, "shift": 0.0, "time": 125.675781}, {"$id": 417, "type": 0, "sounds": [{"w": 0.0, "d": 0.35294342, "p": 67, "v": 68}], "pos": -1.625001, "size": 0.9, "_time": 126.0, "shift": 0.0, "time": 126.0}, {"$id": 418, "type": 0, "sounds": [{"w": 0.0, "d": 0.35294342, "p": 79, "v": 68}], "pos": 0.236109257, "size": 0.9, "_time": 126.03125, "shift": 0.0, "time": 126.03125}, {"$id": 419, "type": 0, "sounds": [{"w": 0.0, "d": 0.35294342, "p": 68, "v": 68}], "pos": -0.916665852, "size": 0.9, "_time": 126.351563, "shift": 0.0, "time": 126.351563}, {"$id": 420, "type": 0, "sounds": [{"w": 0.0, "d": 0.35294342, "p": 80, "v": 68}], "pos": 0.7777771, "size": 0.9, "_time": 126.382813, "shift": 0.0, "time": 126.382813}, {"$id": 421, "type": 0, "sounds": [{"w": 0.0, "d": 0.35294342, "p": 70, "v": 68}], "pos": -0.277778685, "size": 0.9, "_time": 126.707031, "shift": 0.0, "time": 126.707031}, {"$id": 422, "type": 0, "sounds": [{"w": 0.0, "d": 0.35294342, "p": 82, "v": 68}], "pos": 1.27777636, "size": 0.9, "_time": 126.734375, "shift": 0.0, "time": 126.734375}, {"$id": 423, "type": 0, "sounds": [{"w": 0.0, "d": 0.7058792, "p": 72, "v": 68}], "pos": 0.333332777, "size": 0.9, "_time": 127.058594, "shift": 0.0, "time": 127.058594}, {"$id": 424, "type": 0, "sounds": [{"w": 0.0, "d": 0.7058792, "p": 84, "v": 68}], "pos": 1.777777, "size": 0.9, "_time": 127.089844, "shift": 0.0, "time": 127.089844}, {"$id": 425, "type": 0, "sounds": [{"w": 0.0, "d": 0.7058792, "p": 68, "v": 68}], "pos": -2.0, "size": 0.9, "_time": 127.765625, "shift": 0.0, "time": 127.765625}, {"$id": 426, "type": 0, "sounds": [{"w": 0.0, "d": 0.705886841, "p": 80, "v": 68}], "pos": -0.472222328, "size": 0.9, "_time": 127.792969, "shift": 0.0, "time": 127.792969}, {"$id": 427, "type": 0, "sounds": [{"w": 0.0, "d": 0.705886841, "p": 75, "v": 68}], "pos": 1.98611021, "size": 0.9, "_time": 128.46875, "shift": 0.0, "time": 128.46875}, {"$id": 428, "type": 0, "sounds": [{"w": 0.0, "d": 0.705886841, "p": 87, "v": 68}], "pos": 0.458333373, "size": 0.9, "_time": 128.5, "shift": 0.0, "time": 128.5}, {"$id": 429, "type": 0, "sounds": [{"w": 0.0, "d": 0.705886841, "p": 73, "v": 68}], "pos": -0.430556357, "size": 0.9, "_time": 129.175781, "shift": 0.0, "time": 129.175781}, {"$id": 430, "type": 0, "sounds": [{"w": 0.0, "d": 0.705886841, "p": 85, "v": 68}], "pos": 1.125, "size": 0.9, "_time": 129.207031, "shift": 0.0, "time": 129.207031}, {"$id": 431, "type": 0, "sounds": [{"w": 0.0, "d": 0.705886841, "p": 72, "v": 68}], "pos": 0.388888836, "size": 0.9, "_time": 129.882813, "shift": 0.0, "time": 129.882813}, {"$id": 432, "type": 0, "sounds": [{"w": 0.0, "d": 0.705886841, "p": 84, "v": 68}], "pos": -1.08333349, "size": 0.9, "_time": 129.910156, "shift": 0.0, "time": 129.910156}, {"$id": 433, "type": 0, "sounds": [{"w": 0.0, "d": 1.41175842, "p": 58, "v": 84}], "pos": 0.6944443, "size": 1.0, "_time": 130.589844, "shift": 0.0, "time": 130.589844}, {"$id": 434, "type": 0, "sounds": [{"w": 0.0, "d": 0.7059021, "p": 77, "v": 68}], "pos": -0.5, "size": 1.0, "_time": 130.96875, "shift": 0.0, "time": 130.96875}, {"$id": 435, "type": 0, "sounds": [{"w": 0.0, "d": 0.705917358, "p": 84, "v": 68}], "pos": 1.222222, "size": 1.0, "_time": 131.324219, "shift": 0.0, "time": 131.324219}, {"$id": 436, "type": 0, "sounds": [{"w": 0.0, "d": 1.05880737, "p": 56, "v": 84}], "pos": -1.5, "size": 1.0, "_time": 131.648438, "shift": 0.0, "time": 131.648438}, {"$id": 437, "type": 0, "sounds": [{"w": 0.0, "d": 0.705917358, "p": 82, "v": 68}], "pos": 0.722222567, "size": 1.0, "_time": 131.851563, "shift": 0.0, "time": 131.851563}, {"$id": 438, "type": 0, "sounds": [{"w": 0.0, "d": 0.7059326, "p": 79, "v": 68}], "pos": 0.499999166, "size": 1.0, "_time": 132.382813, "shift": 0.0, "time": 132.382813}, {"$id": 439, "type": 0, "sounds": [{"w": 0.0, "d": 0.705917358, "p": 68, "v": 68}], "pos": -0.7777793, "size": 0.9, "_time": 132.589844, "shift": 0.0, "time": 132.589844}, {"$id": 440, "type": 0, "sounds": [{"w": 0.0, "d": 0.705917358, "p": 80, "v": 68}], "pos": 1.16666639, "size": 1.0, "_time": 132.617188, "shift": 0.0, "time": 132.617188}, {"$id": 441, "type": 0, "sounds": [{"w": 0.0, "d": 2.02938843, "p": 64, "v": 79}], "pos": -1.47222173, "size": 0.9, "_time": 132.707031, "shift": 0.0, "time": 132.707031}, {"$id": 442, "type": 0, "sounds": [{"w": 0.0, "d": 0.617645264, "p": 60, "v": 90}], "pos": -1.83333278, "size": 0.9, "_time": 132.792969, "shift": 0.0, "time": 132.792969}, {"$id": 443, "type": 0, "sounds": [{"w": 0.0, "d": 0.7059326, "p": 82, "v": 68}], "pos": 1.77777684, "size": 1.0, "_time": 132.851563, "shift": 0.0, "time": 132.851563}, {"$id": 444, "type": 0, "sounds": [{"w": 0.0, "d": 0.7059021, "p": 75, "v": 68}], "pos": 2.0, "size": 1.0, "_time": 133.4414, "shift": 0.0, "time": 133.4414}, {"$id": 445, "type": 0, "sounds": [{"w": 0.0, "d": 1.01469421, "p": 56, "v": 83}], "pos": -1.33333278, "size": 1.0, "_time": 133.765625, "shift": 0.0, "time": 133.765625}, {"$id": 446, "type": 0, "sounds": [{"w": 0.0, "d": 0.7059021, "p": 73, "v": 68}], "pos": -0.34722358, "size": 0.9, "_time": 134.117188, "shift": 0.0, "time": 134.117188}, {"$id": 447, "type": 0, "sounds": [{"w": 0.0, "d": 0.7059021, "p": 85, "v": 68}], "pos": 1.56944466, "size": 0.9, "_time": 134.148438, "shift": 0.0, "time": 134.148438}, {"$id": 448, "type": 0, "sounds": [{"w": 0.0, "d": 0.6617584, "p": 51, "v": 84}], "pos": 0.666666269, "size": 0.9, "_time": 134.472656, "shift": 0.0, "time": 134.472656}, {"$id": 449, "type": 0, "sounds": [{"w": 0.0, "d": 0.705917358, "p": 84, "v": 68}], "pos": -1.05555558, "size": 0.9, "_time": 134.675781, "shift": 0.0, "time": 134.675781}, {"$id": 450, "type": 0, "sounds": [{"w": 0.0, "d": 0.7058716, "p": 56, "v": 81}], "pos": 1.0, "size": 0.9, "_time": 134.824219, "shift": 0.0, "time": 134.824219}, {"$id": 451, "type": 0, "sounds": [{"w": 0.0, "d": 0.705917358, "p": 82, "v": 68}], "pos": -1.55555522, "size": 0.9, "_time": 135.207031, "shift": 0.0, "time": 135.207031}, {"$id": 452, "type": 0, "sounds": [{"w": 0.0, "d": 2.82348633, "p": 46, "v": 94}], "pos": 0.138889253, "size": 1.0, "_time": 135.53125, "shift": 0.0, "time": 135.53125}, {"$id": 453, "type": 0, "sounds": [{"w": 0.0, "d": 0.7059021, "p": 80, "v": 68}], "pos": -2.0, "size": 1.0, "_time": 135.5586, "shift": 0.0, "time": 135.5586}, {"$id": 454, "type": 0, "sounds": [{"w": 0.0, "d": 0.7059021, "p": 75, "v": 68}], "pos": -0.8611115, "size": 1.1, "_time": 136.617188, "shift": 0.0, "time": 136.617188}, {"$id": 455, "type": 0, "sounds": [{"w": 0.0, "d": 0.705917358, "p": 82, "v": 68}], "pos": 0.499999166, "size": 1.1, "_time": 136.972656, "shift": 0.0, "time": 136.972656}, {"$id": 456, "type": 0, "sounds": [{"w": 0.0, "d": 0.3529358, "p": 56, "v": 75}], "pos": -1.916667, "size": 1.0, "_time": 137.292969, "shift": 0.0, "time": 137.292969}, {"$id": 457, "type": 0, "sounds": [{"w": 0.0, "d": 0.705917358, "p": 80, "v": 68}], "pos": 0.249999166, "size": 1.1, "_time": 137.5, "shift": 0.0, "time": 137.5}, {"$id": 458, "type": 0, "sounds": [{"w": 0.0, "d": 0.7058716, "p": 63, "v": 81}], "pos": -0.8611115, "size": 1.0, "_time": 137.648438, "shift": 0.0, "time": 137.648438}, {"$id": 459, "type": 0, "sounds": [{"w": 0.0, "d": 0.7059021, "p": 84, "v": 68}], "pos": 0.9999996, "size": 1.1, "_time": 138.03125, "shift": 0.0, "time": 138.03125}, {"$id": 460, "type": 0, "sounds": [{"w": 0.0, "d": 0.7058716, "p": 63, "v": 93}], "pos": -1.13888931, "size": 1.0, "_time": 138.351563, "shift": 0.0, "time": 138.351563}, {"$id": 461, "type": 0, "sounds": [{"w": 0.0, "d": 0.705886841, "p": 85, "v": 68}], "pos": 1.54166627, "size": 1.1, "_time": 138.734375, "shift": 0.0, "time": 138.734375}, {"$id": 462, "type": 0, "sounds": [{"w": 0.0, "d": 0.3529358, "p": 56, "v": 101}], "pos": -0.5, "size": 1.0, "_time": 139.0586, "shift": 0.0, "time": 139.0586}, {"$id": 463, "type": 0, "sounds": [{"w": 0.0, "d": 1.05880737, "p": 63, "v": 88}], "pos": -0.5, "size": 1.0, "_time": 139.410156, "shift": 0.0, "time": 139.410156}, {"$id": 464, "type": 0, "sounds": [{"w": 0.0, "d": 0.705886841, "p": 84, "v": 68}], "pos": 1.0, "size": 1.1, "_time": 139.4414, "shift": 0.0, "time": 139.4414}, {"$id": 465, "type": 0, "sounds": [{"w": 0.0, "d": 0.705886841, "p": 82, "v": 68}], "pos": 1.5, "size": 1.1, "_time": 140.148438, "shift": 0.0, "time": 140.148438}, {"$id": 466, "type": 0, "sounds": [{"w": 0.0, "d": 0.7058716, "p": 63, "v": 84}], "pos": 0.0, "size": 1.0, "_time": 140.46875, "shift": 0.0, "time": 140.46875}, {"$id": 467, "type": 0, "sounds": [{"w": 0.0, "d": 0.7059021, "p": 82, "v": 68}], "pos": -1.0, "size": 1.1, "_time": 140.851563, "shift": 0.0, "time": 140.851563}, {"$id": 468, "type": 0, "sounds": [{"w": 0.0, "d": 0.705886841, "p": 75, "v": 69}], "pos": -1.0, "size": 1.4000001, "_time": 141.175781, "shift": 0.0, "time": 141.175781}, {"$id": 469, "type": 0, "sounds": [{"w": 0.0, "d": 2.82354736, "p": 80, "v": 68}], "pos": 2.0, "size": 1.1, "_time": 141.207031, "shift": 0.0, "time": 141.207031}, {"$id": 470, "type": 0, "sounds": [{"w": 0.0, "d": 0.7058716, "p": 75, "v": 69}], "pos": 2.0, "size": 0.9, "_time": 141.882813, "shift": 0.0, "time": 141.882813}, {"$id": 471, "type": 0, "sounds": [{"w": 0.0, "d": 0.7058716, "p": 56, "v": 70}], "pos": 0.5, "size": 1.0, "_time": 142.234375, "shift": 0.0, "time": 142.234375}, {"$id": 472, "type": 0, "sounds": [{"w": 0.0, "d": 0.7058716, "p": 75, "v": 70}], "pos": 2.0, "size": 0.9, "_time": 142.589844, "shift": 0.0, "time": 142.589844}, {"$id": 473, "type": 0, "sounds": [{"w": 0.0, "d": 0.7058716, "p": 44, "v": 71}], "pos": -0.5, "size": 1.0, "_time": 142.9414, "shift": 0.0, "time": 142.9414}, {"$id": 474, "type": 0, "sounds": [{"w": 0.0, "d": 0.7058716, "p": 75, "v": 71}], "pos": 2.0, "size": 0.9, "_time": 143.292969, "shift": 0.0, "time": 143.292969}, {"$id": 475, "type": 0, "sounds": [{"w": 0.0, "d": 0.3529358, "p": 44, "v": 71}], "pos": -0.5, "size": 1.0, "_time": 143.648438, "shift": 0.0, "time": 143.648438}, {"$id": 476, "type": 0, "sounds": [{"w": 0.0, "d": 0.705886841, "p": 75, "v": 72}], "pos": 2.0, "size": 0.9, "_time": 144.0, "shift": 0.0, "time": 144.0}, {"$id": 477, "type": 0, "sounds": [{"w": 0.0, "d": 1.05882263, "p": 42, "v": 72}], "pos": -1.0, "size": 1.4000001, "_time": 144.0, "shift": 0.0, "time": 144.0}, {"$id": 478, "type": 0, "sounds": [{"w": 0.0, "d": 0.7058716, "p": 75, "v": 73}], "pos": 1.34722185, "size": 0.9, "_time": 144.707031, "shift": 0.0, "time": 144.707031}, {"$id": 479, "type": 0, "sounds": [{"w": 0.0, "d": 0.7058716, "p": 54, "v": 73}], "pos": 0.0, "size": 1.0, "_time": 145.0586, "shift": 0.0, "time": 145.0586}, {"$id": 480, "type": 0, "sounds": [{"w": 0.0, "d": 0.7058716, "p": 75, "v": 74}], "pos": 1.34722185, "size": 0.9, "_time": 145.410156, "shift": 0.0, "time": 145.410156}, {"$id": 481, "type": 0, "sounds": [{"w": 0.0, "d": 0.7058716, "p": 42, "v": 74}], "pos": -1.0, "size": 1.1, "_time": 145.765625, "shift": 0.0, "time": 145.765625}, {"$id": 482, "type": 0, "sounds": [{"w": 0.0, "d": 0.7058716, "p": 75, "v": 75}], "pos": 1.34722185, "size": 0.9, "_time": 146.117188, "shift": 0.0, "time": 146.117188}, {"$id": 483, "type": 0, "sounds": [{"w": 0.0, "d": 0.3529358, "p": 42, "v": 75}], "pos": -1.0, "size": 1.1, "_time": 146.46875, "shift": 0.0, "time": 146.46875}, {"$id": 484, "type": 0, "sounds": [{"w": 0.0, "d": 0.705886841, "p": 75, "v": 75}], "pos": 1.34722185, "size": 0.9, "_time": 146.824219, "shift": 0.0, "time": 146.824219}, {"$id": 485, "type": 0, "sounds": [{"w": 0.0, "d": 1.05882263, "p": 41, "v": 75}], "pos": -1.5, "size": 1.30000007, "_time": 146.824219, "shift": 0.0, "time": 146.824219}, {"$id": 486, "type": 0, "sounds": [{"w": 0.0, "d": 0.7058716, "p": 75, "v": 76}], "pos": 1.0, "size": 0.9, "_time": 147.53125, "shift": 0.0, "time": 147.53125}, {"$id": 487, "type": 0, "sounds": [{"w": 0.0, "d": 0.7058716, "p": 53, "v": 77}], "pos": -0.5, "size": 1.0, "_time": 147.882813, "shift": 0.0, "time": 147.882813}, {"$id": 488, "type": 0, "sounds": [{"w": 0.0, "d": 0.7058716, "p": 75, "v": 77}], "pos": 1.0, "size": 0.9, "_time": 148.234375, "shift": 0.0, "time": 148.234375}, {"$id": 489, "type": 0, "sounds": [{"w": 0.0, "d": 0.7058716, "p": 41, "v": 78}], "pos": -1.5, "size": 1.1, "_time": 148.589844, "shift": 0.0, "time": 148.589844}, {"$id": 490, "type": 0, "sounds": [{"w": 0.0, "d": 0.7058716, "p": 75, "v": 78}], "pos": 1.0, "size": 0.9, "_time": 148.9414, "shift": 0.0, "time": 148.9414}, {"$id": 491, "type": 0, "sounds": [{"w": 0.0, "d": 0.3529358, "p": 41, "v": 79}], "pos": -1.5, "size": 1.1, "_time": 149.292969, "shift": 0.0, "time": 149.292969}, {"$id": 492, "type": 0, "sounds": [{"w": 0.0, "d": 0.1764679, "p": 75, "v": 79}], "pos": 2.0, "size": 1.2, "_time": 149.648438, "shift": 0.0, "time": 149.648438}, {"$id": 493, "type": 0, "sounds": [{"w": 0.0, "d": 0.1764679, "p": 40, "v": 77}], "pos": -2.0, "size": 1.2, "_time": 149.648438, "shift": 0.0, "time": 149.648438}, {"$id": 494, "type": 0, "sounds": [{"w": 0.0, "d": 0.1764679, "p": 40, "v": 81}], "pos": -2.0, "size": 1.2, "_time": 150.0, "shift": 0.0, "time": 150.0}, {"$id": 495, "type": 0, "sounds": [{"w": 0.0, "d": 0.1764679, "p": 75, "v": 83}], "pos": 2.0, "size": 1.2, "_time": 150.0, "shift": 0.0, "time": 150.0}, {"$id": 496, "type": 0, "sounds": [{"w": 0.0, "d": 0.1764679, "p": 75, "v": 80}], "pos": 2.0, "size": 1.2, "_time": 150.351563, "shift": 0.0, "time": 150.351563}, {"$id": 497, "type": 0, "sounds": [{"w": 0.0, "d": 0.1764679, "p": 40, "v": 85}], "pos": -2.0, "size": 1.2, "_time": 150.351563, "shift": 0.0, "time": 150.351563}, {"$id": 498, "type": 0, "sounds": [{"w": 0.0, "d": 0.1764679, "p": 75, "v": 84}], "pos": 2.0, "size": 1.2, "_time": 150.707031, "shift": 0.0, "time": 150.707031}, {"$id": 499, "type": 0, "sounds": [{"w": 0.0, "d": 0.1764679, "p": 40, "v": 88}], "pos": -2.0, "size": 1.2, "_time": 150.707031, "shift": 0.0, "time": 150.707031}, {"$id": 500, "type": 0, "sounds": [{"w": 0.0, "d": 0.1764679, "p": 40, "v": 92}], "pos": -2.0, "size": 1.2, "_time": 151.0586, "shift": 0.0, "time": 151.0586}, {"$id": 501, "type": 0, "sounds": [{"w": 0.0, "d": 0.1764679, "p": 75, "v": 81}], "pos": 2.0, "size": 1.2, "_time": 151.0586, "shift": 0.0, "time": 151.0586}, {"$id": 502, "type": 0, "sounds": [{"w": 0.0, "d": 0.1764679, "p": 75, "v": 85}], "pos": 2.0, "size": 1.2, "_time": 151.410156, "shift": 0.0, "time": 151.410156}, {"$id": 503, "type": 0, "sounds": [{"w": 0.0, "d": 0.1764679, "p": 40, "v": 96}], "pos": -2.0, "size": 1.2, "_time": 151.410156, "shift": 0.0, "time": 151.410156}, {"$id": 504, "type": 0, "sounds": [{"w": 0.0, "d": 0.1764679, "p": 75, "v": 82}], "pos": 2.0, "size": 1.2, "_time": 151.765625, "shift": 0.0, "time": 151.765625}, {"$id": 505, "type": 0, "sounds": [{"w": 0.0, "d": 0.1764679, "p": 40, "v": 99}], "pos": -2.0, "size": 1.2, "_time": 151.765625, "shift": 0.0, "time": 151.765625}, {"$id": 506, "type": 0, "sounds": [{"w": 0.0, "d": 0.1764679, "p": 75, "v": 86}], "pos": 2.0, "size": 1.2, "_time": 152.117188, "shift": 0.0, "time": 152.117188}, {"$id": 507, "type": 0, "sounds": [{"w": 0.0, "d": 0.1764679, "p": 40, "v": 103}], "pos": -2.0, "size": 1.2, "_time": 152.117188, "shift": 0.0, "time": 152.117188}, {"$id": 508, "type": 0, "sounds": [{"w": 0.0, "d": 4.941208, "p": 44, "v": 42}], "pos": -2.0, "size": 1.0, "_time": 153.882813, "shift": 0.0, "time": 153.882813}, {"$id": 509, "type": 0, "sounds": [{"w": 0.0, "d": 4.76472473, "p": 48, "v": 49}], "pos": -1.30555642, "size": 1.0, "_time": 153.96875, "shift": 0.0, "time": 153.96875}, {"$id": 510, "type": 0, "sounds": [{"w": 0.0, "d": 4.58824158, "p": 51, "v": 56}], "pos": -0.7916665, "size": 0.9, "_time": 154.0586, "shift": 0.0, "time": 154.0586}, {"$id": 511, "type": 0, "sounds": [{"w": 0.0, "d": 4.41177368, "p": 56, "v": 63}], "pos": -0.166666254, "size": 0.9, "_time": 154.234375, "shift": 0.0, "time": 154.234375}, {"$id": 512, "type": 0, "sounds": [{"w": 0.0, "d": 4.235306, "p": 58, "v": 70}], "pos": 0.333333552, "size": 0.9, "_time": 154.5, "shift": 0.0, "time": 154.5}, {"$id": 513, "type": 0, "sounds": [{"w": 0.0, "d": 3.88237, "p": 60, "v": 83}], "pos": 0.9166667, "size": 0.9, "_time": 154.851563, "shift": 0.0, "time": 154.851563}, {"$id": 514, "type": 0, "sounds": [{"w": 0.0, "d": 3.00001526, "p": 75, "v": 49}], "pos": 0.5, "size": 0.9, "_time": 155.648438, "shift": 0.0, "time": 155.648438}, {"$id": 515, "type": 0, "sounds": [{"w": 0.0, "d": 3.00001526, "p": 80, "v": 65}], "pos": 1.19444466, "size": 0.799999952, "_time": 155.734375, "shift": 0.0, "time": 155.734375}, {"$id": 516, "type": 0, "sounds": [{"w": 0.0, "d": 3.00001526, "p": 87, "v": 81}], "pos": 2.0, "size": 0.799999952, "_time": 155.824219, "shift": 0.0, "time": 155.824219}], "links": [{"notes": [{"$ref": 276}, {"$ref": 277}, {"$ref": 278}]}, {"notes": [{"$ref": 281}, {"$ref": 282}]}, {"notes": [{"$ref": 286}, {"$ref": 287}]}, {"notes": [{"$ref": 369}, {"$ref": 370}, {"$ref": 371}]}, {"notes": [{"$ref": 314}, {"$ref": 315}, {"$ref": 316}]}, {"notes": [{"$ref": 247}, {"$ref": 248}, {"$ref": 249}]}, {"notes": [{"$ref": 514}, {"$ref": 515}, {"$ref": 516}]}, {"notes": [{"$ref": 223}, {"$ref": 224}, {"$ref": 225}, {"$ref": 226}, {"$ref": 227}]}, {"notes": [{"$ref": 240}, {"$ref": 241}]}, {"notes": [{"$ref": 356}, {"$ref": 357}, {"$ref": 358}]}, {"notes": [{"$ref": 399}, {"$ref": 400}, {"$ref": 401}]}, {"notes": [{"$ref": 508}, {"$ref": 509}, {"$ref": 510}, {"$ref": 511}, {"$ref": 512}, {"$ref": 513}]}, {"notes": [{"$ref": 389}, {"$ref": 390}, {"$ref": 391}]}, {"notes": [{"$ref": 439}, {"$ref": 441}, {"$ref": 442}]}, {"notes": [{"$ref": 175}, {"$ref": 176}]}, {"notes": [{"$ref": 170}, {"$ref": 171}, {"$ref": 172}]}, {"notes": [{"$ref": 160}, {"$ref": 161}]}, {"notes": [{"$ref": 155}, {"$ref": 156}, {"$ref": 157}]}, {"notes": [{"$ref": 145}, {"$ref": 146}]}, {"notes": [{"$ref": 140}, {"$ref": 141}, {"$ref": 142}]}, {"notes": [{"$ref": 129}, {"$ref": 130}]}, {"notes": [{"$ref": 211}, {"$ref": 214}, {"$ref": 216}]}, {"notes": [{"$ref": 212}, {"$ref": 213}, {"$ref": 215}]}, {"notes": [{"$ref": 124}, {"$ref": 125}, {"$ref": 126}]}]}