{"speed": 10.0, "notes": [{"$id": 1, "sounds": [{"d": 0.407985926, "p": 55, "v": 54}], "size": 1.30000007, "_time": 1.12109375, "pos": 0}, {"$id": 2, "sounds": [{"d": 0.182291627, "p": 79, "v": 49}], "pos": -2.0, "size": 1.0, "_time": 1.35546875}, {"$id": 3, "sounds": [{"d": 0.19097209, "p": 86, "v": 49}], "size": 1.0, "_time": 1.5546875, "pos": 0}, {"$id": 4, "sounds": [{"d": 0.199652672, "p": 87, "v": 49}], "pos": 2.0, "size": 1.0, "_time": 1.75390625}, {"$id": 5, "sounds": [{"d": 0.381944418, "p": 67, "v": 50}], "pos": -1.0, "size": 1.30000007, "_time": 1.96875}, {"$id": 6, "sounds": [{"d": 0.19097209, "p": 89, "v": 50}], "pos": 1.0, "size": 1.0, "_time": 1.96875}, {"$id": 7, "sounds": [{"d": 0.182291746, "p": 87, "v": 49}], "size": 1.0, "_time": 2.1796875, "pos": 0}, {"$id": 8, "sounds": [{"d": 0.182291508, "p": 86, "v": 49}], "pos": -1.0, "size": 1.0, "_time": 2.38671875}, {"$id": 9, "sounds": [{"d": 0.199652672, "p": 87, "v": 49}], "pos": 1.0, "size": 1.0, "_time": 2.5859375}, {"$id": 10, "sounds": [{"d": 0.390625, "p": 70, "v": 52}], "pos": -2.0, "size": 1.30000007, "_time": 2.8203125}, {"$id": 11, "sounds": [{"d": 0.6163194, "p": 91, "v": 52}], "pos": 2.0, "size": 1.0, "_time": 2.828125}, {"$id": 12, "sounds": [{"d": 0.381944418, "p": 69, "v": 49}], "size": 1.30000007, "_time": 3.2890625, "pos": 0}, {"$id": 13, "sounds": [{"d": 0.199652672, "p": 86, "v": 49}], "pos": 2.0, "size": 1.0, "_time": 3.48046875}, {"$id": 14, "sounds": [{"d": 0.607638359, "p": 84, "v": 50}], "pos": 1.0, "size": 1.0, "_time": 3.71484375}, {"$id": 15, "sounds": [{"d": 0.38194418, "p": 67, "v": 50}], "pos": -1.0, "size": 1.30000007, "_time": 3.71484375}, {"$id": 16, "sounds": [{"d": 0.38194418, "p": 62, "v": 49}], "pos": -2.0, "size": 1.30000007, "_time": 4.15625}, {"$id": 17, "sounds": [{"d": 0.251736164, "p": 87, "v": 49}], "pos": 1.0, "size": 1.0, "_time": 4.3671875}, {"$id": 18, "sounds": [{"d": 0.4166665, "p": 55, "v": 54}], "pos": -2.0, "size": 1.30000007, "_time": 4.609375}, {"$id": 19, "sounds": [{"d": 0.5729165, "p": 86, "v": 54}], "size": 1.0, "_time": 4.6171875, "pos": 0}, {"$id": 20, "sounds": [{"d": 2.82117987, "p": 79, "v": 49}], "pos": 1.0, "size": 1.0, "_time": 5.09375}, {"$id": 21, "sounds": [{"d": 0.390625, "p": 62, "v": 49}], "pos": -1.0, "size": 1.30000007, "_time": 5.09375}, {"$id": 22, "sounds": [{"d": 0.38194418, "p": 67, "v": 50}], "size": 1.30000007, "_time": 5.51171875, "pos": 0}, {"$id": 23, "sounds": [{"d": 0.390625, "p": 69, "v": 49}], "pos": 1.0, "size": 1.30000007, "_time": 5.9296875}, {"$id": 24, "sounds": [{"d": 0.390625, "p": 70, "v": 52}], "pos": 2.0, "size": 1.30000007, "_time": 6.35546875}, {"$id": 25, "sounds": [{"d": 0.38194418, "p": 69, "v": 49}], "pos": 1.0, "size": 1.30000007, "_time": 6.82421875}, {"$id": 26, "sounds": [{"d": 0.390625, "p": 67, "v": 50}], "size": 1.30000007, "_time": 7.25, "pos": 0}, {"$id": 27, "sounds": [{"d": 0.390624523, "p": 62, "v": 49}], "pos": -1.0, "size": 1.30000007, "_time": 7.71875}, {"$id": 28, "sounds": [{"d": 0.416666031, "p": 55, "v": 54}], "size": 1.30000007, "_time": 8.1875, "pos": 0}, {"$id": 29, "sounds": [{"d": 0.190971375, "p": 79, "v": 49}], "pos": -2.0, "size": 1.0, "_time": 8.4296875}, {"$id": 30, "sounds": [{"d": 0.190972328, "p": 86, "v": 49}], "size": 1.0, "_time": 8.644531, "pos": 0}, {"$id": 31, "sounds": [{"d": 0.199652672, "p": 87, "v": 49}], "pos": 2.0, "size": 1.0, "_time": 8.84375}, {"$id": 32, "sounds": [{"d": 0.3819437, "p": 67, "v": 50}], "pos": -1.0, "size": 1.30000007, "_time": 9.0625}, {"$id": 33, "sounds": [{"d": 0.190972328, "p": 89, "v": 50}], "pos": 1.0, "size": 1.0, "_time": 9.0625}, {"$id": 34, "sounds": [{"d": 0.182291031, "p": 87, "v": 49}], "size": 1.0, "_time": 9.269531, "pos": 0}, {"$id": 35, "sounds": [{"d": 0.190972328, "p": 86, "v": 49}], "pos": -1.0, "size": 1.0, "_time": 9.46875}, {"$id": 36, "sounds": [{"d": 0.199652672, "p": 87, "v": 49}], "pos": 1.0, "size": 1.0, "_time": 9.671875}, {"$id": 37, "sounds": [{"d": 0.616319656, "p": 91, "v": 52}], "pos": 2.0, "size": 1.0, "_time": 9.886719}, {"$id": 38, "sounds": [{"d": 0.390625, "p": 70, "v": 52}], "pos": -2.0, "size": 1.30000007, "_time": 9.886719}, {"$id": 39, "sounds": [{"d": 0.390625, "p": 69, "v": 49}], "size": 1.30000007, "_time": 10.3046875, "pos": 0}, {"$id": 40, "sounds": [{"d": 0.190972328, "p": 86, "v": 49}], "pos": 2.0, "size": 1.0, "_time": 10.5117188}, {"$id": 41, "sounds": [{"d": 0.6076393, "p": 84, "v": 50}], "pos": 1.0, "size": 1.0, "_time": 10.71875}, {"$id": 42, "sounds": [{"d": 0.381944656, "p": 67, "v": 50}], "pos": -1.0, "size": 1.30000007, "_time": 10.71875}, {"$id": 43, "sounds": [{"d": 0.390624046, "p": 62, "v": 49}], "pos": -2.0, "size": 1.30000007, "_time": 11.1640625}, {"$id": 44, "sounds": [{"d": 0.190971375, "p": 87, "v": 49}], "pos": 1.0, "size": 1.0, "_time": 11.3125}, {"$id": 45, "sounds": [{"d": 3.32465267, "p": 86, "v": 49}], "size": 1.0, "_time": 11.5976563, "pos": 0}, {"$id": 46, "sounds": [{"d": 0.416666031, "p": 55, "v": 54}], "pos": -2.0, "size": 1.30000007, "_time": 11.5976563}, {"$id": 47, "sounds": [{"d": 0.381944656, "p": 62, "v": 49}], "pos": -1.0, "size": 1.30000007, "_time": 12.0390625}, {"$id": 48, "sounds": [{"d": 0.390625, "p": 67, "v": 50}], "size": 1.30000007, "_time": 12.4492188, "pos": 0}, {"$id": 49, "sounds": [{"d": 0.390625, "p": 69, "v": 49}], "pos": 1.0, "size": 1.30000007, "_time": 12.8632813}, {"$id": 50, "sounds": [{"d": 0.390625, "p": 70, "v": 52}], "pos": 2.0, "size": 1.30000007, "_time": 13.2734375}, {"$id": 51, "sounds": [{"d": 0.390625, "p": 69, "v": 49}], "pos": 1.0, "size": 1.30000007, "_time": 13.7070313}, {"$id": 52, "sounds": [{"d": 0.390625, "p": 67, "v": 50}], "size": 1.30000007, "_time": 14.140625, "pos": 0}, {"$id": 53, "sounds": [{"d": 0.381944656, "p": 62, "v": 49}], "pos": -1.0, "size": 1.30000007, "_time": 14.5820313}, {"$id": 54, "sounds": [{"d": 0.421435356, "p": 48, "v": 52}], "size": 1.30000007, "_time": 15.1289063, "pos": 0}, {"$id": 55, "sounds": [{"d": 0.19366169, "p": 99, "v": 49}], "pos": 2.0, "size": 1.0, "_time": 15.3671875}, {"$id": 56, "sounds": [{"d": 0.19366169, "p": 98, "v": 49}], "size": 1.0, "_time": 15.578125, "pos": 0}, {"$id": 57, "sounds": [{"d": 0.202465057, "p": 96, "v": 49}], "pos": -2.0, "size": 1.0, "_time": 15.78125}, {"$id": 58, "sounds": [{"d": 0.400904655, "p": 60, "v": 50}], "pos": -1.0, "size": 1.30000007, "_time": 15.9921875}, {"$id": 59, "sounds": [{"d": 0.204476357, "p": 94, "v": 50}], "pos": 1.0, "size": 1.0, "_time": 15.9921875}, {"$id": 60, "sounds": [{"d": 0.1875, "p": 93, "v": 49}], "size": 1.0, "_time": 16.2148438, "pos": 0}, {"$id": 61, "sounds": [{"d": 0.1875, "p": 94, "v": 49}], "pos": -1.0, "size": 1.0, "_time": 16.4179688}, {"$id": 62, "sounds": [{"d": 0.201637268, "p": 96, "v": 49}], "pos": 1.0, "size": 1.0, "_time": 16.625}, {"$id": 63, "sounds": [{"d": 0.616319656, "p": 94, "v": 52}], "pos": 2.0, "size": 1.0, "_time": 16.8359375}, {"$id": 64, "sounds": [{"d": 0.390625, "p": 63, "v": 52}], "pos": -2.0, "size": 1.30000007, "_time": 16.8359375}, {"$id": 65, "sounds": [{"d": 0.390625, "p": 62, "v": 49}], "size": 1.30000007, "_time": 17.25, "pos": 0}, {"$id": 66, "sounds": [{"d": 0.190971375, "p": 93, "v": 49}], "pos": 2.0, "size": 1.0, "_time": 17.4609375}, {"$id": 67, "sounds": [{"d": 0.6076393, "p": 91, "v": 50}], "pos": 1.0, "size": 1.0, "_time": 17.6679688}, {"$id": 68, "sounds": [{"d": 0.381944656, "p": 60, "v": 50}], "pos": -1.0, "size": 1.30000007, "_time": 17.6679688}, {"$id": 69, "sounds": [{"d": 0.390625, "p": 55, "v": 49}], "pos": -2.0, "size": 1.30000007, "_time": 18.078125}, {"$id": 70, "sounds": [{"d": 0.199651718, "p": 89, "v": 49}], "pos": 1.0, "size": 1.0, "_time": 18.2773438}, {"$id": 71, "sounds": [{"d": 0.4214344, "p": 91, "v": 54}], "pos": 2.0, "size": 1.0, "_time": 18.4921875}, {"$id": 72, "sounds": [{"d": 0.4214344, "p": 48, "v": 52}], "pos": -2.0, "size": 1.30000007, "_time": 18.4921875}, {"$id": 73, "sounds": [{"d": 0.618207932, "p": 84, "v": 49}], "pos": 1.0, "size": 1.0, "_time": 18.9414063}, {"$id": 74, "sounds": [{"d": 0.38732338, "p": 55, "v": 49}], "pos": -1.0, "size": 1.30000007, "_time": 18.9414063}, {"$id": 75, "sounds": [{"d": 0.4009037, "p": 60, "v": 50}], "size": 1.30000007, "_time": 19.3554688, "pos": 0}, {"$id": 76, "sounds": [{"d": 0.1875, "p": 86, "v": 49}], "pos": -1.0, "size": 1.0, "_time": 19.578125}, {"$id": 77, "sounds": [{"d": 0.398313522, "p": 62, "v": 49}], "pos": -2.0, "size": 1.30000007, "_time": 19.78125}, {"$id": 78, "sounds": [{"d": 0.1875, "p": 87, "v": 49}], "size": 1.0, "_time": 19.78125, "pos": 0}, {"$id": 79, "sounds": [{"d": 0.201637268, "p": 89, "v": 49}], "pos": 1.0, "size": 1.0, "_time": 19.9882813}, {"$id": 80, "sounds": [{"d": 0.616319656, "p": 91, "v": 52}], "pos": 2.0, "size": 1.0, "_time": 20.1992188}, {"$id": 81, "sounds": [{"d": 0.390625, "p": 63, "v": 52}], "pos": -1.0, "size": 1.30000007, "_time": 20.1992188}, {"$id": 82, "sounds": [{"d": 0.390625, "p": 62, "v": 49}], "size": 1.30000007, "_time": 20.6132813, "pos": 0}, {"$id": 83, "sounds": [{"d": 0.190971375, "p": 86, "v": 49}], "pos": 2.0, "size": 1.0, "_time": 20.8242188}, {"$id": 84, "sounds": [{"d": 0.6076393, "p": 84, "v": 50}], "pos": 1.0, "size": 1.0, "_time": 21.03125}, {"$id": 85, "sounds": [{"d": 0.381944656, "p": 60, "v": 50}], "pos": -1.0, "size": 1.30000007, "_time": 21.03125}, {"$id": 86, "sounds": [{"d": 0.4079876, "p": 55, "v": 49}], "pos": -2.0, "size": 1.30000007, "_time": 21.4375}, {"$id": 87, "sounds": [{"d": 0.199653625, "p": 82, "v": 49}], "pos": 1.0, "size": 1.0, "_time": 21.640625}, {"$id": 88, "sounds": [{"d": 0.416666031, "p": 86, "v": 54}], "pos": 2.0, "size": 1.0, "_time": 21.8554688}, {"$id": 89, "sounds": [{"d": 0.416666031, "p": 55, "v": 54}], "pos": -2.0, "size": 1.30000007, "_time": 21.8554688}, {"$id": 90, "sounds": [{"d": 2.88194275, "p": 79, "v": 49}], "pos": 1.0, "size": 1.0, "_time": 22.296875}, {"$id": 91, "sounds": [{"d": 0.381944656, "p": 62, "v": 49}], "pos": -1.0, "size": 1.30000007, "_time": 22.296875}, {"$id": 92, "sounds": [{"d": 0.390625, "p": 67, "v": 50}], "size": 1.30000007, "_time": 22.7070313, "pos": 0}, {"$id": 93, "sounds": [{"d": 0.390625, "p": 69, "v": 49}], "pos": 1.0, "size": 1.30000007, "_time": 23.125}, {"$id": 94, "sounds": [{"d": 0.390625, "p": 70, "v": 52}], "pos": 2.0, "size": 1.30000007, "_time": 23.53125}, {"$id": 95, "sounds": [{"d": 0.390625, "p": 69, "v": 49}], "pos": 1.0, "size": 1.30000007, "_time": 23.984375}, {"$id": 96, "sounds": [{"d": 0.390625, "p": 67, "v": 50}], "size": 1.30000007, "_time": 24.40625, "pos": 0}, {"$id": 97, "sounds": [{"d": 0.4861107, "p": 62, "v": 49}], "pos": -1.0, "size": 1.30000007, "_time": 24.84375}, {"$id": 98, "sounds": [{"d": 0.416667938, "p": 55, "v": 54}], "pos": -2.0, "size": 1.30000007, "_time": 25.2773438}, {"$id": 99, "sounds": [{"d": 0.390625, "p": 62, "v": 49}], "pos": -1.0, "size": 1.30000007, "_time": 25.7539063}, {"$id": 100, "sounds": [{"d": 0.381944656, "p": 67, "v": 50}], "size": 1.30000007, "_time": 26.171875, "pos": 0}, {"$id": 101, "sounds": [{"d": 0.390625, "p": 69, "v": 49}], "pos": 1.0, "size": 1.30000007, "_time": 26.578125}, {"$id": 102, "sounds": [{"d": 0.390625, "p": 70, "v": 52}], "pos": 2.0, "size": 1.30000007, "_time": 26.9960938}, {"$id": 103, "sounds": [{"d": 0.381944656, "p": 69, "v": 49}], "pos": 1.0, "size": 1.30000007, "_time": 27.4101563}, {"$id": 104, "sounds": [{"d": 0.381944656, "p": 67, "v": 50}], "size": 1.30000007, "_time": 27.8984375, "pos": 0}, {"$id": 105, "sounds": [{"d": 0.390625, "p": 62, "v": 49}], "pos": -1.0, "size": 1.30000007, "_time": 28.3476563}, {"$id": 106, "sounds": [{"d": 0.416666031, "p": 43, "v": 54}], "size": 1.30000007, "_time": 28.921875, "pos": 0}, {"$id": 107, "sounds": [{"d": 0.182291031, "p": 67, "v": 49}], "pos": -2.0, "size": 1.0, "_time": 29.1640625}, {"$id": 108, "sounds": [{"d": 0.190971375, "p": 74, "v": 49}], "size": 1.0, "_time": 29.3632813, "pos": 0}, {"$id": 109, "sounds": [{"d": 0.199651718, "p": 75, "v": 49}], "pos": 2.0, "size": 1.0, "_time": 29.5625}, {"$id": 110, "sounds": [{"d": 0.381942749, "p": 55, "v": 50}], "pos": -1.0, "size": 1.30000007, "_time": 29.78125}, {"$id": 111, "sounds": [{"d": 0.190971375, "p": 77, "v": 50}], "pos": 1.0, "size": 1.0, "_time": 29.78125}, {"$id": 112, "sounds": [{"d": 0.182291031, "p": 75, "v": 49}], "size": 1.0, "_time": 29.9882813, "pos": 0}, {"$id": 113, "sounds": [{"d": 0.190971375, "p": 74, "v": 49}], "pos": -1.0, "size": 1.0, "_time": 30.1875}, {"$id": 114, "sounds": [{"d": 0.199651718, "p": 75, "v": 49}], "pos": 1.0, "size": 1.0, "_time": 30.390625}, {"$id": 115, "sounds": [{"d": 0.616319656, "p": 79, "v": 52}], "pos": 2.0, "size": 1.0, "_time": 30.6054688}, {"$id": 116, "sounds": [{"d": 0.390625, "p": 58, "v": 52}], "pos": -2.0, "size": 1.30000007, "_time": 30.6054688}, {"$id": 117, "sounds": [{"d": 0.390625, "p": 57, "v": 49}], "size": 1.30000007, "_time": 31.015625, "pos": 0}, {"$id": 118, "sounds": [{"d": 0.190971375, "p": 74, "v": 49}], "pos": 2.0, "size": 1.0, "_time": 31.2226563}, {"$id": 119, "sounds": [{"d": 0.6076393, "p": 72, "v": 50}], "pos": 1.0, "size": 1.0, "_time": 31.4296875}, {"$id": 120, "sounds": [{"d": 0.381944656, "p": 55, "v": 50}], "pos": -1.0, "size": 1.30000007, "_time": 31.4296875}, {"$id": 121, "sounds": [{"d": 0.390625, "p": 50, "v": 49}], "pos": -2.0, "size": 1.30000007, "_time": 31.8398438}, {"$id": 122, "sounds": [{"d": 0.199653625, "p": 75, "v": 49}], "pos": 1.0, "size": 1.0, "_time": 32.0390625}, {"$id": 123, "sounds": [{"d": 0.416667938, "p": 74, "v": 54}], "size": 1.0, "_time": 32.2539063, "pos": 0}, {"$id": 124, "sounds": [{"d": 0.416667938, "p": 43, "v": 54}], "pos": -2.0, "size": 1.30000007, "_time": 32.2539063}, {"$id": 125, "sounds": [{"d": 2.89062119, "p": 67, "v": 49}], "pos": 1.0, "size": 1.0, "_time": 32.69922}, {"$id": 126, "sounds": [{"d": 0.390625, "p": 50, "v": 49}], "pos": -1.0, "size": 1.30000007, "_time": 32.69922}, {"$id": 127, "sounds": [{"d": 0.381942749, "p": 55, "v": 50}], "size": 1.30000007, "_time": 33.11328, "pos": 0}, {"$id": 128, "sounds": [{"d": 0.390625, "p": 57, "v": 49}], "pos": 1.0, "size": 1.30000007, "_time": 33.5234375}, {"$id": 129, "sounds": [{"d": 0.390625, "p": 58, "v": 52}], "pos": 2.0, "size": 1.30000007, "_time": 33.9375}, {"$id": 130, "sounds": [{"d": 0.390625, "p": 57, "v": 49}], "pos": 1.0, "size": 1.30000007, "_time": 34.3476563}, {"$id": 131, "sounds": [{"d": 0.381942749, "p": 55, "v": 50}], "size": 1.30000007, "_time": 34.8085938, "pos": 0}, {"$id": 132, "sounds": [{"d": 0.381942749, "p": 50, "v": 49}], "pos": -1.0, "size": 1.30000007, "_time": 35.2578125}, {"$id": 133, "sounds": [{"d": 0.416667938, "p": 43, "v": 54}], "size": 1.30000007, "_time": 35.703125, "pos": 0}, {"$id": 134, "sounds": [{"d": 0.190971375, "p": 67, "v": 49}], "pos": -2.0, "size": 1.0, "_time": 35.9453125}, {"$id": 135, "sounds": [{"d": 0.190971375, "p": 74, "v": 49}], "size": 1.0, "_time": 36.14453, "pos": 0}, {"$id": 136, "sounds": [{"d": 0.190975189, "p": 75, "v": 49}], "pos": 2.0, "size": 1.0, "_time": 36.3515625}, {"$id": 137, "sounds": [{"d": 0.381946564, "p": 55, "v": 50}], "pos": -1.0, "size": 1.30000007, "_time": 36.5625}, {"$id": 138, "sounds": [{"d": 0.199653625, "p": 77, "v": 50}], "pos": 1.0, "size": 1.0, "_time": 36.5625}, {"$id": 139, "sounds": [{"d": 0.190971375, "p": 75, "v": 49}], "size": 1.0, "_time": 36.76953, "pos": 0}, {"$id": 140, "sounds": [{"d": 0.190971375, "p": 74, "v": 49}], "pos": -1.0, "size": 1.0, "_time": 36.96875}, {"$id": 141, "sounds": [{"d": 0.199653625, "p": 75, "v": 49}], "pos": 1.0, "size": 1.0, "_time": 37.17578}, {"$id": 142, "sounds": [{"d": 0.616321564, "p": 79, "v": 52}], "pos": 2.0, "size": 1.0, "_time": 37.38672}, {"$id": 143, "sounds": [{"d": 0.390625, "p": 58, "v": 52}], "pos": -2.0, "size": 1.30000007, "_time": 37.38672}, {"$id": 144, "sounds": [{"d": 0.381946564, "p": 57, "v": 49}], "size": 1.30000007, "_time": 37.80078, "pos": 0}, {"$id": 145, "sounds": [{"d": 0.199653625, "p": 74, "v": 49}], "pos": 2.0, "size": 1.0, "_time": 38.0}, {"$id": 146, "sounds": [{"d": 0.616321564, "p": 72, "v": 50}], "pos": 1.0, "size": 1.0, "_time": 38.2109375}, {"$id": 147, "sounds": [{"d": 0.390625, "p": 55, "v": 50}], "pos": -1.0, "size": 1.30000007, "_time": 38.2109375}, {"$id": 148, "sounds": [{"d": 0.3906288, "p": 50, "v": 49}], "pos": -2.0, "size": 1.30000007, "_time": 38.6601563}, {"$id": 149, "sounds": [{"d": 0.199653625, "p": 77, "v": 49}], "pos": 1.0, "size": 1.0, "_time": 38.828125}, {"$id": 150, "sounds": [{"d": 3.33945084, "p": 74, "v": 49}], "size": 1.0, "_time": 39.0351563, "pos": 0}, {"$id": 151, "sounds": [{"d": 0.416667938, "p": 43, "v": 54}], "pos": -2.0, "size": 1.30000007, "_time": 39.0351563}, {"$id": 152, "sounds": [{"d": 0.390625, "p": 50, "v": 49}], "pos": -1.0, "size": 1.30000007, "_time": 39.4765625}, {"$id": 153, "sounds": [{"d": 0.381942749, "p": 55, "v": 50}], "size": 1.30000007, "_time": 39.89453, "pos": 0}, {"$id": 154, "sounds": [{"d": 0.390625, "p": 57, "v": 49}], "pos": 1.0, "size": 1.30000007, "_time": 40.30078}, {"$id": 155, "sounds": [{"d": 0.390625, "p": 58, "v": 52}], "pos": 2.0, "size": 1.30000007, "_time": 40.7109375}, {"$id": 156, "sounds": [{"d": 0.381942749, "p": 57, "v": 49}], "pos": 1.0, "size": 1.30000007, "_time": 41.13672}, {"$id": 157, "sounds": [{"d": 0.390625, "p": 55, "v": 50}], "size": 1.30000007, "_time": 41.5351563, "pos": 0}, {"$id": 158, "sounds": [{"d": 0.3873253, "p": 50, "v": 49}], "pos": -1.0, "size": 1.30000007, "_time": 41.9414063}, {"$id": 159, "sounds": [{"d": 0.422531128, "p": 36, "v": 52}], "size": 1.30000007, "_time": 42.3398438, "pos": 0}, {"$id": 160, "sounds": [{"d": 0.193660736, "p": 87, "v": 49}], "pos": 2.0, "size": 1.0, "_time": 42.5234375}, {"$id": 161, "sounds": [{"d": 0.195800781, "p": 86, "v": 49}], "size": 1.0, "_time": 42.734375, "pos": 0}, {"$id": 162, "sounds": [{"d": 0.2053566, "p": 84, "v": 49}], "pos": -2.0, "size": 1.0, "_time": 42.9414063}, {"$id": 163, "sounds": [{"d": 0.39806366, "p": 48, "v": 50}], "pos": -1.0, "size": 1.30000007, "_time": 43.1523438}, {"$id": 164, "sounds": [{"d": 0.2053566, "p": 82, "v": 50}], "pos": 1.0, "size": 1.0, "_time": 43.1523438}, {"$id": 165, "sounds": [{"d": 0.183532715, "p": 81, "v": 49}], "size": 1.0, "_time": 43.3789063, "pos": 0}, {"$id": 166, "sounds": [{"d": 0.182292938, "p": 82, "v": 49}], "pos": -1.0, "size": 1.0, "_time": 43.578125}, {"$id": 167, "sounds": [{"d": 0.199653625, "p": 84, "v": 49}], "pos": 1.0, "size": 1.0, "_time": 43.7773438}, {"$id": 168, "sounds": [{"d": 0.616321564, "p": 82, "v": 52}], "pos": 2.0, "size": 1.0, "_time": 43.98828}, {"$id": 169, "sounds": [{"d": 0.390625, "p": 51, "v": 52}], "pos": -2.0, "size": 1.30000007, "_time": 43.98828}, {"$id": 170, "sounds": [{"d": 0.3906288, "p": 50, "v": 49}], "size": 1.30000007, "_time": 44.4023438, "pos": 0}, {"$id": 171, "sounds": [{"d": 0.190975189, "p": 81, "v": 49}], "pos": 2.0, "size": 1.0, "_time": 44.61328}, {"$id": 172, "sounds": [{"d": 0.609470367, "p": 79, "v": 50}], "pos": 1.0, "size": 1.0, "_time": 44.8203125}, {"$id": 173, "sounds": [{"d": 0.381942749, "p": 48, "v": 50}], "pos": -1.0, "size": 1.30000007, "_time": 44.8203125}, {"$id": 174, "sounds": [{"d": 0.395145416, "p": 43, "v": 49}], "pos": -2.0, "size": 1.30000007, "_time": 45.2265625}, {"$id": 175, "sounds": [{"d": 0.202465057, "p": 77, "v": 49}], "pos": 1.0, "size": 1.0, "_time": 45.4296875}, {"$id": 176, "sounds": [{"d": 0.422534943, "p": 79, "v": 54}], "pos": 2.0, "size": 1.0, "_time": 45.6484375}, {"$id": 177, "sounds": [{"d": 0.422534943, "p": 36, "v": 52}], "pos": -2.0, "size": 1.30000007, "_time": 45.67578}, {"$id": 178, "sounds": [{"d": 0.6243706, "p": 72, "v": 49}], "pos": 1.0, "size": 1.0, "_time": 46.0976563}, {"$id": 179, "sounds": [{"d": 0.392227173, "p": 43, "v": 49}], "pos": -1.0, "size": 1.30000007, "_time": 46.0976563}, {"$id": 180, "sounds": [{"d": 0.398067474, "p": 48, "v": 50}], "size": 1.30000007, "_time": 46.515625, "pos": 0}, {"$id": 181, "sounds": [{"d": 0.1847763, "p": 74, "v": 49}], "pos": -1.0, "size": 1.0, "_time": 46.6953125, "shift": -0.0234375}, {"$id": 182, "sounds": [{"d": 0.190975189, "p": 75, "v": 49}], "size": 1.0, "_time": 46.8710938, "shift": -0.0234375, "pos": 0}, {"$id": 183, "sounds": [{"d": 0.3906288, "p": 50, "v": 49}], "pos": -2.0, "size": 1.30000007, "_time": 46.9414063}, {"$id": 184, "sounds": [{"d": 0.19965744, "p": 77, "v": 49}], "pos": 1.0, "size": 1.0, "_time": 47.0546875, "shift": -0.0234375}, {"$id": 185, "sounds": [{"d": 0.616321564, "p": 79, "v": 52}], "pos": 2.0, "size": 1.0, "_time": 47.2460938, "shift": -0.0234375}, {"$id": 186, "sounds": [{"d": 0.390625, "p": 51, "v": 52}], "pos": -1.0, "size": 1.30000007, "_time": 47.32422}, {"$id": 187, "sounds": [{"d": 0.3906288, "p": 50, "v": 49}], "size": 1.30000007, "_time": 47.73828, "pos": 0}, {"$id": 188, "sounds": [{"d": 0.199653625, "p": 74, "v": 49}], "pos": 2.0, "size": 1.0, "_time": 47.88672, "shift": -0.0234375}, {"$id": 189, "sounds": [{"d": 0.6163292, "p": 72, "v": 50}], "pos": 1.0, "size": 1.0, "_time": 48.078125, "shift": -0.0234375}, {"$id": 190, "sounds": [{"d": 0.381946564, "p": 48, "v": 50}], "pos": -1.0, "size": 1.30000007, "_time": 48.140625}, {"$id": 191, "sounds": [{"d": 0.4079895, "p": 43, "v": 49}], "pos": -2.0, "size": 1.30000007, "_time": 48.4960938}, {"$id": 192, "sounds": [{"d": 0.199653625, "p": 70, "v": 49}], "pos": 1.0, "size": 1.0, "_time": 48.6875}, {"$id": 193, "sounds": [{"d": 0.416664124, "p": 74, "v": 54}], "pos": 2.0, "size": 1.0, "_time": 48.9101563}, {"$id": 194, "sounds": [{"d": 0.416664124, "p": 43, "v": 54}], "pos": -2.0, "size": 1.30000007, "_time": 48.9453125}, {"$id": 195, "sounds": [{"d": 2.890625, "p": 67, "v": 49}], "pos": 1.0, "size": 1.0, "_time": 49.328125}, {"$id": 196, "sounds": [{"d": 0.390625, "p": 50, "v": 49}], "pos": -1.0, "size": 1.30000007, "_time": 49.36328}, {"$id": 197, "sounds": [{"d": 0.381942749, "p": 55, "v": 50}], "size": 1.30000007, "_time": 49.76172, "pos": 0}, {"$id": 198, "sounds": [{"d": 0.390625, "p": 57, "v": 49}], "pos": 1.0, "size": 1.30000007, "_time": 50.171875}, {"$id": 199, "sounds": [{"d": 0.390625, "p": 58, "v": 52}], "pos": 2.0, "size": 1.30000007, "_time": 50.5859375}, {"$id": 200, "sounds": [{"d": 0.381942749, "p": 57, "v": 49}], "pos": 1.0, "size": 1.30000007, "_time": 51.0039063}, {"$id": 201, "sounds": [{"d": 0.390625, "p": 55, "v": 50}], "size": 1.30000007, "_time": 51.4101563, "pos": 0}, {"$id": 202, "sounds": [{"d": 0.381942749, "p": 50, "v": 49}], "pos": -1.0, "size": 1.30000007, "_time": 51.7851563}, {"$id": 203, "sounds": [{"d": 0.416664124, "p": 43, "v": 54}], "pos": -2.0, "size": 1.30000007, "_time": 52.1835938}, {"$id": 204, "sounds": [{"d": 0.390625, "p": 50, "v": 49}], "pos": -1.0, "size": 1.30000007, "_time": 52.671875}, {"$id": 205, "sounds": [{"d": 0.381942749, "p": 55, "v": 50}], "size": 1.30000007, "_time": 53.0859375, "pos": 0}, {"$id": 206, "sounds": [{"d": 0.390625, "p": 57, "v": 49}], "pos": 1.0, "size": 1.30000007, "_time": 53.46875}, {"$id": 207, "sounds": [{"d": 0.390625, "p": 58, "v": 52}], "pos": 2.0, "size": 1.30000007, "_time": 53.8789063}, {"$id": 208, "sounds": [{"d": 0.390625, "p": 57, "v": 49}], "pos": 1.0, "size": 1.30000007, "_time": 54.26953}, {"$id": 209, "sounds": [{"d": 0.390625, "p": 55, "v": 50}], "size": 1.30000007, "_time": 54.6835938, "pos": 0}, {"$id": 210, "sounds": [{"d": 0.384635925, "p": 50, "v": 49}], "pos": -1.0, "size": 1.30000007, "_time": 55.13672}, {"$id": 211, "sounds": [{"d": 0.422534943, "p": 36, "v": 78}], "pos": -2.0, "size": 1.30000007, "_time": 55.5546875}, {"$id": 212, "sounds": [{"d": 1.70910263, "p": 76, "v": 86}, {"d": 1.70910263, "p": 64, "v": 72}], "pos": 0.5, "size": 1.0, "_time": 55.6523438}, {"$id": 213, "sounds": [{"d": 0.399776459, "p": 43, "v": 75}], "pos": -1.0, "size": 1.30000007, "_time": 56.03125}, {"$id": 214, "sounds": [{"d": 0.4017868, "p": 48, "v": 76}], "size": 1.30000007, "_time": 56.4023438, "pos": 0}, {"$id": 215, "sounds": [{"d": 0.391620636, "p": 50, "v": 75}], "pos": 1.0, "size": 1.30000007, "_time": 56.7773438}, {"$id": 216, "sounds": [{"d": 0.8246536, "p": 67, "v": 70}, {"d": 0.8246536, "p": 79, "v": 84}], "pos": 2.0, "size": 1.0, "_time": 57.1523438}, {"$id": 217, "sounds": [{"d": 0.390625, "p": 52, "v": 78}], "pos": -2.0, "size": 1.30000007, "_time": 57.1523438}, {"$id": 218, "sounds": [{"d": 0.390625, "p": 50, "v": 75}], "size": 1.30000007, "_time": 57.578125, "pos": 0}, {"$id": 219, "sounds": [{"d": 0.381946564, "p": 48, "v": 76}], "pos": -1.0, "size": 1.30000007, "_time": 57.96875}, {"$id": 220, "sounds": [{"d": 0.8246536, "p": 81, "v": 82}, {"d": 0.8246536, "p": 69, "v": 68}], "pos": 1.0, "size": 1.0, "_time": 57.9765625}, {"$id": 221, "sounds": [{"d": 0.460071564, "p": 43, "v": 75}], "pos": -2.0, "size": 1.30000007, "_time": 58.3515625}, {"$id": 222, "sounds": [{"d": 0.416667938, "p": 43, "v": 80}], "pos": -2.0, "size": 1.30000007, "_time": 58.890625}, {"$id": 223, "sounds": [{"d": 1.51910019, "p": 82, "v": 86}, {"d": 1.31944656, "p": 70, "v": 72}], "pos": 2.0, "size": 1.0, "_time": 58.8984375}, {"$id": 224, "sounds": [{"d": 0.390625, "p": 50, "v": 75}], "pos": -1.0, "size": 1.30000007, "_time": 59.2460938}, {"$id": 225, "sounds": [{"d": 0.381946564, "p": 55, "v": 76}], "size": 1.30000007, "_time": 59.59375, "pos": 0}, {"$id": 226, "sounds": [{"d": 0.390625, "p": 57, "v": 75}], "pos": -1.0, "size": 1.30000007, "_time": 59.9726563}, {"$id": 227, "sounds": [{"d": 0.06944656, "p": 69, "v": 75}], "pos": 1.5, "size": 1.0, "_time": 60.20703}, {"$id": 228, "sounds": [{"d": 0.0607643127, "p": 70, "v": 75}], "pos": 2.0, "size": 1.0, "_time": 60.3125}, {"$id": 229, "sounds": [{"d": 0.390625, "p": 58, "v": 78}], "pos": -2.0, "size": 1.30000007, "_time": 60.3828125}, {"$id": 230, "sounds": [{"d": 0.078125, "p": 69, "v": 75}], "pos": 1.5, "size": 1.0, "_time": 60.41797}, {"$id": 231, "sounds": [{"d": 0.5121536, "p": 67, "v": 78}], "pos": 1.0, "size": 1.0, "_time": 60.4960938}, {"$id": 232, "sounds": [{"d": 0.390625, "p": 57, "v": 75}], "size": 1.30000007, "_time": 60.73828, "pos": 0}, {"$id": 233, "sounds": [{"d": 0.0607643127, "p": 65, "v": 75}], "pos": 1.0, "size": 1.0, "_time": 60.98047}, {"$id": 234, "sounds": [{"d": 0.08680725, "p": 67, "v": 75}], "pos": 1.5, "size": 1.0, "_time": 61.05078}, {"$id": 235, "sounds": [{"d": 0.381946564, "p": 55, "v": 76}], "pos": -1.0, "size": 1.30000007, "_time": 61.11328}, {"$id": 236, "sounds": [{"d": 0.06944275, "p": 65, "v": 75}], "pos": 1.0, "size": 1.0, "_time": 61.14453}, {"$id": 237, "sounds": [{"d": 0.4861107, "p": 64, "v": 76}], "pos": 0.5, "size": 1.0, "_time": 61.2226563}, {"$id": 238, "sounds": [{"d": 0.390625, "p": 50, "v": 75}], "pos": -2.0, "size": 1.30000007, "_time": 61.4921875}, {"$id": 239, "sounds": [{"d": 0.234375, "p": 62, "v": 75}], "size": 1.0, "_time": 61.7109375, "pos": 0}, {"$id": 240, "sounds": [{"d": 1.71362686, "p": 76, "v": 86}, {"d": 1.71362686, "p": 64, "v": 72}], "pos": 1.0, "size": 1.0, "_time": 61.91797}, {"$id": 241, "sounds": [{"d": 0.421188354, "p": 36, "v": 78}], "pos": -2.0, "size": 1.30000007, "_time": 61.92578}, {"$id": 242, "sounds": [{"d": 0.3961258, "p": 43, "v": 75}], "pos": -1.0, "size": 1.30000007, "_time": 62.359375}, {"$id": 243, "sounds": [{"d": 0.390720367, "p": 48, "v": 76}], "size": 1.30000007, "_time": 62.71875, "pos": 0}, {"$id": 244, "sounds": [{"d": 0.4017868, "p": 50, "v": 75}], "pos": 1.0, "size": 1.30000007, "_time": 63.1015625}, {"$id": 245, "sounds": [{"d": 0.391864777, "p": 52, "v": 78}], "pos": -2.0, "size": 1.30000007, "_time": 63.4648438}, {"$id": 246, "sounds": [{"d": 0.8246498, "p": 67, "v": 70}, {"d": 0.8246498, "p": 79, "v": 84}], "pos": 2.0, "size": 1.0, "_time": 63.5273438}, {"$id": 247, "sounds": [{"d": 0.3906212, "p": 50, "v": 75}], "size": 1.30000007, "_time": 63.8398438, "pos": 0}, {"$id": 248, "sounds": [{"d": 0.381942749, "p": 48, "v": 76}], "pos": -1.0, "size": 1.30000007, "_time": 64.25}, {"$id": 249, "sounds": [{"d": 0.824661255, "p": 81, "v": 82}, {"d": 0.824661255, "p": 69, "v": 68}], "pos": 1.0, "size": 1.0, "_time": 64.35156}, {"$id": 250, "sounds": [{"d": 0.4079895, "p": 43, "v": 75}], "pos": -2.0, "size": 1.30000007, "_time": 64.68359}, {"$id": 251, "sounds": [{"d": 0.416664124, "p": 43, "v": 80}], "pos": -2.0, "size": 1.30000007, "_time": 65.17578}, {"$id": 252, "sounds": [{"d": 0.2951355, "p": 82, "v": 80}], "pos": 2.0, "size": 1.0, "_time": 65.17578}, {"$id": 253, "sounds": [{"d": 0.251731873, "p": 84, "v": 75}], "pos": 1.0, "size": 1.0, "_time": 65.48828}, {"$id": 254, "sounds": [{"d": 0.390625, "p": 50, "v": 75}], "pos": -1.5, "size": 1.30000007, "_time": 65.59375}, {"$id": 255, "sounds": [{"d": 0.260414124, "p": 81, "v": 75}], "pos": 2.0, "size": 1.0, "_time": 65.75781}, {"$id": 256, "sounds": [{"d": 0.390625, "p": 55, "v": 76}], "pos": -1.0, "size": 1.30000007, "_time": 65.99219}, {"$id": 257, "sounds": [{"d": 0.260414124, "p": 82, "v": 76}], "pos": 1.5, "size": 1.0, "_time": 66.03516}, {"$id": 258, "sounds": [{"d": 0.2517395, "p": 79, "v": 75}], "pos": 0.5, "size": 1.0, "_time": 66.31641}, {"$id": 259, "sounds": [{"d": 0.390632629, "p": 57, "v": 75}], "pos": -1.5, "size": 1.30000007, "_time": 66.40234}, {"$id": 260, "sounds": [{"d": 0.260414124, "p": 81, "v": 75}], "pos": 1.5, "size": 1.0, "_time": 66.58203}, {"$id": 261, "sounds": [{"d": 0.390625, "p": 58, "v": 78}], "pos": -2.0, "size": 1.30000007, "_time": 66.81641}, {"$id": 262, "sounds": [{"d": 0.269096375, "p": 77, "v": 78}], "size": 1.0, "_time": 66.86328, "pos": 0}, {"$id": 263, "sounds": [{"d": 0.243049622, "p": 79, "v": 75}], "pos": 1.0, "size": 1.0, "_time": 67.14844}, {"$id": 264, "sounds": [{"d": 0.390625, "p": 57, "v": 75}], "pos": -1.0, "size": 1.30000007, "_time": 67.234375}, {"$id": 265, "sounds": [{"d": 0.260414124, "p": 74, "v": 75}], "size": 1.0, "_time": 67.41016, "pos": 0}, {"$id": 266, "sounds": [{"d": 0.390625, "p": 55, "v": 76}], "pos": -1.5, "size": 1.30000007, "_time": 67.64453}, {"$id": 267, "sounds": [{"d": 0.260414124, "p": 77, "v": 76}], "pos": 0.5, "size": 1.0, "_time": 67.6875}, {"$id": 268, "sounds": [{"d": 0.251731873, "p": 76, "v": 75}], "pos": 1.5, "size": 1.0, "_time": 67.96484}, {"$id": 269, "sounds": [{"d": 0.381950378, "p": 50, "v": 75}], "pos": -2.0, "size": 1.30000007, "_time": 68.05859}, {"$id": 270, "sounds": [{"d": 0.260421753, "p": 74, "v": 75}], "pos": 0.5, "size": 1.0, "_time": 68.234375}, {"$id": 271, "sounds": [{"d": 0.416671753, "p": 39, "v": 79}], "pos": -2.0, "size": 1.30000007, "_time": 68.546875}, {"$id": 272, "sounds": [{"d": 1.68402863, "p": 79, "v": 80}], "pos": 1.0, "size": 1.0, "_time": 68.58984}, {"$id": 273, "sounds": [{"d": 0.390625, "p": 46, "v": 75}], "pos": -1.0, "size": 1.30000007, "_time": 68.94531}, {"$id": 274, "sounds": [{"d": 0.381942749, "p": 51, "v": 76}], "size": 1.30000007, "_time": 69.36328, "pos": 0}, {"$id": 275, "sounds": [{"d": 0.390632629, "p": 53, "v": 75}], "pos": 1.0, "size": 1.30000007, "_time": 69.76953}, {"$id": 276, "sounds": [{"d": 0.390632629, "p": 55, "v": 78}], "pos": -2.0, "size": 1.30000007, "_time": 70.13281}, {"$id": 277, "sounds": [{"d": 0.824661255, "p": 75, "v": 78}], "pos": 2.0, "size": 1.0, "_time": 70.14453}, {"$id": 278, "sounds": [{"d": 0.390625, "p": 53, "v": 75}], "size": 1.30000007, "_time": 70.55078, "pos": 0}, {"$id": 279, "sounds": [{"d": 0.390625, "p": 51, "v": 76}], "pos": -1.0, "size": 1.30000007, "_time": 70.95703}, {"$id": 280, "sounds": [{"d": 0.8246536, "p": 79, "v": 76}], "pos": 1.0, "size": 1.0, "_time": 70.97656}, {"$id": 281, "sounds": [{"d": 0.381942749, "p": 46, "v": 75}], "pos": -2.0, "size": 1.30000007, "_time": 71.375}, {"$id": 282, "sounds": [{"d": 1.675354, "p": 82, "v": 80}], "pos": 2.0, "size": 1.0, "_time": 71.77344}, {"$id": 283, "sounds": [{"d": 0.416671753, "p": 39, "v": 79}], "pos": -2.0, "size": 1.30000007, "_time": 71.78516}, {"$id": 284, "sounds": [{"d": 0.381942749, "p": 46, "v": 75}], "pos": -1.0, "size": 1.30000007, "_time": 72.22656}, {"$id": 285, "sounds": [{"d": 0.390625, "p": 51, "v": 76}], "size": 1.30000007, "_time": 72.63281, "pos": 0}, {"$id": 286, "sounds": [{"d": 0.390625, "p": 53, "v": 75}], "pos": 1.0, "size": 1.30000007, "_time": 73.03516}, {"$id": 287, "sounds": [{"d": 0.390625, "p": 55, "v": 78}], "pos": -2.0, "size": 1.30000007, "_time": 73.39844}, {"$id": 288, "sounds": [{"d": 0.8333359, "p": 81, "v": 78}], "pos": 2.0, "size": 1.0, "_time": 73.44141}, {"$id": 289, "sounds": [{"d": 0.381942749, "p": 53, "v": 75}], "size": 1.2, "_time": 73.78906, "pos": 0}, {"$id": 290, "sounds": [{"d": 0.381942749, "p": 51, "v": 76}], "pos": -1.0, "size": 1.30000007, "_time": 74.1875}, {"$id": 291, "sounds": [{"d": 0.6770859, "p": 79, "v": 76}], "pos": 1.0, "size": 1.0, "_time": 74.27344}, {"$id": 292, "sounds": [{"d": 0.390632629, "p": 46, "v": 75}], "pos": -2.0, "size": 1.30000007, "_time": 74.58594}, {"$id": 293, "sounds": [{"d": 0.416664124, "p": 43, "v": 80}], "pos": -2.0, "size": 1.30000007, "_time": 74.96875}, {"$id": 294, "sounds": [{"d": 3.333313, "p": 79, "v": 75}], "pos": 1.0, "size": 1.0, "_time": 75.00391}, {"$id": 295, "sounds": [{"d": 0.390625, "p": 50, "v": 75}], "pos": -1.0, "size": 1.30000007, "_time": 75.40234}, {"$id": 296, "sounds": [{"d": 0.381942749, "p": 55, "v": 76}], "size": 1.30000007, "_time": 75.82031, "pos": 0}, {"$id": 297, "sounds": [{"d": 0.390625, "p": 57, "v": 75}], "pos": 1.0, "size": 1.30000007, "_time": 76.22656}, {"$id": 298, "sounds": [{"d": 0.390625, "p": 58, "v": 78}], "pos": 2.0, "size": 1.30000007, "_time": 76.64453}, {"$id": 299, "sounds": [{"d": 0.381942749, "p": 57, "v": 75}], "pos": 1.0, "size": 1.30000007, "_time": 77.0625}, {"$id": 300, "sounds": [{"d": 0.390625, "p": 55, "v": 76}], "size": 1.30000007, "_time": 77.46875, "pos": 0}, {"$id": 301, "sounds": [{"d": 0.381942749, "p": 50, "v": 75}], "pos": -1.0, "size": 1.30000007, "_time": 77.88672}, {"$id": 302, "sounds": [{"d": 0.416664124, "p": 43, "v": 80}], "pos": -2.0, "size": 1.30000007, "_time": 78.27734}, {"$id": 303, "sounds": [{"d": 1.68403625, "p": 74, "v": 80}], "size": 1.0, "_time": 78.34766, "pos": 0}, {"$id": 304, "sounds": [{"d": 0.390625, "p": 50, "v": 76}], "pos": -1.0, "size": 1.30000007, "_time": 78.71094}, {"$id": 305, "sounds": [{"d": 0.390625, "p": 55, "v": 77}], "size": 1.30000007, "_time": 79.12891, "pos": 0}, {"$id": 306, "sounds": [{"d": 0.390625, "p": 57, "v": 79}], "pos": 1.0, "size": 1.30000007, "_time": 79.53516}, {"$id": 307, "sounds": [{"d": 0.390632629, "p": 58, "v": 81}], "pos": -2.0, "size": 1.30000007, "_time": 79.92578}, {"$id": 308, "sounds": [{"d": 0.7899399, "p": 67, "v": 81}], "pos": 1.0, "size": 1.0, "_time": 79.93359}, {"$id": 309, "sounds": [{"d": 0.390625, "p": 57, "v": 82}], "size": 1.30000007, "_time": 80.31641, "pos": 0}, {"$id": 310, "sounds": [{"d": 0.9201355, "p": 69, "v": 84}], "pos": 2.0, "size": 1.0, "_time": 80.74219}, {"$id": 311, "sounds": [{"d": 0.390625, "p": 55, "v": 84}], "pos": -1.0, "size": 1.30000007, "_time": 80.76953}, {"$id": 312, "sounds": [{"d": 0.381942749, "p": 50, "v": 86}], "pos": -2.0, "size": 1.30000007, "_time": 81.18359}, {"$id": 313, "sounds": [{"d": 0.416671753, "p": 43, "v": 93}], "pos": -2.0, "size": 1.30000007, "_time": 81.609375}, {"$id": 314, "sounds": [{"d": 1.68402863, "p": 83, "v": 99}, {"d": 1.68402863, "p": 71, "v": 85}], "pos": 1.0, "size": 1.0, "_time": 81.71484}, {"$id": 315, "sounds": [{"d": 0.390625, "p": 50, "v": 88}], "pos": -1.0, "size": 1.30000007, "_time": 82.04297}, {"$id": 316, "sounds": [{"d": 0.390625, "p": 55, "v": 89}], "size": 1.30000007, "_time": 82.46094, "pos": 0}, {"$id": 317, "sounds": [{"d": 0.390625, "p": 57, "v": 88}], "pos": 1.0, "size": 1.30000007, "_time": 82.86719}, {"$id": 318, "sounds": [{"d": 0.390625, "p": 59, "v": 91}], "pos": -2.0, "size": 1.30000007, "_time": 83.24219}, {"$id": 319, "sounds": [{"d": 0.824646, "p": 86, "v": 97}, {"d": 0.824646, "p": 74, "v": 83}], "pos": 2.0, "size": 1.0, "_time": 83.29297}, {"$id": 320, "sounds": [{"d": 0.390625, "p": 57, "v": 88}], "size": 1.30000007, "_time": 83.66016, "pos": 0}, {"$id": 321, "sounds": [{"d": 0.928817749, "p": 76, "v": 81}, {"d": 0.9375, "p": 88, "v": 95}], "pos": 1.0, "size": 1.0, "_time": 84.07422}, {"$id": 322, "sounds": [{"d": 0.381942749, "p": 55, "v": 89}], "pos": -1.0, "size": 1.30000007, "_time": 84.07422}, {"$id": 323, "sounds": [{"d": 0.390625, "p": 50, "v": 88}], "pos": -2.0, "size": 1.30000007, "_time": 84.45703}, {"$id": 324, "sounds": [{"d": 0.416671753, "p": 38, "v": 92}], "pos": -2.0, "size": 1.30000007, "_time": 84.88281}, {"$id": 325, "sounds": [{"d": 1.28784943, "p": 89, "v": 99}, {"d": 1.26106262, "p": 77, "v": 85}], "pos": 2.0, "size": 1.0, "_time": 85.046875}, {"$id": 326, "sounds": [{"d": 0.38646698, "p": 45, "v": 88}], "pos": -1.0, "size": 1.30000007, "_time": 85.32422}, {"$id": 327, "sounds": [{"d": 0.4007721, "p": 50, "v": 89}], "size": 1.30000007, "_time": 85.73828, "pos": 0}, {"$id": 328, "sounds": [{"d": 0.4029541, "p": 52, "v": 88}], "pos": -1.0, "size": 1.30000007, "_time": 86.12891}, {"$id": 329, "sounds": [{"d": 0.107147217, "p": 76, "v": 88}], "pos": 1.5, "size": 1.0, "_time": 86.328125}, {"$id": 330, "sounds": [{"d": 0.108184814, "p": 77, "v": 88}], "pos": 2.0, "size": 1.0, "_time": 86.41406}, {"$id": 331, "sounds": [{"d": 0.108688354, "p": 76, "v": 88}], "pos": 1.5, "size": 1.0, "_time": 86.515625}, {"$id": 332, "sounds": [{"d": 0.4076004, "p": 53, "v": 91}], "pos": -2.0, "size": 1.30000007, "_time": 86.55859}, {"$id": 333, "sounds": [{"d": 0.534408569, "p": 74, "v": 91}], "pos": 1.0, "size": 1.0, "_time": 86.57031}, {"$id": 334, "sounds": [{"d": 0.3955307, "p": 52, "v": 88}], "size": 1.30000007, "_time": 86.984375, "pos": 0}, {"$id": 335, "sounds": [{"d": 0.104164124, "p": 72, "v": 88}], "pos": 1.0, "size": 1.0, "_time": 87.10547}, {"$id": 336, "sounds": [{"d": 0.130203247, "p": 74, "v": 88}], "pos": 1.5, "size": 1.0, "_time": 87.171875}, {"$id": 337, "sounds": [{"d": 0.104171753, "p": 72, "v": 88}], "pos": 1.0, "size": 1.0, "_time": 87.27734}, {"$id": 338, "sounds": [{"d": 0.381950378, "p": 50, "v": 89}], "pos": -1.0, "size": 1.30000007, "_time": 87.35547}, {"$id": 339, "sounds": [{"d": 0.6163254, "p": 71, "v": 89}], "pos": 0.5, "size": 1.0, "_time": 87.37109}, {"$id": 340, "sounds": [{"d": 0.390632629, "p": 45, "v": 88}], "pos": -2.0, "size": 1.30000007, "_time": 87.74609}, {"$id": 341, "sounds": [{"d": 0.190979, "p": 69, "v": 88}], "size": 1.0, "_time": 87.953125, "pos": 0}, {"$id": 342, "sounds": [{"d": 1.68402863, "p": 83, "v": 99}, {"d": 1.68402863, "p": 71, "v": 85}], "pos": 1.0, "size": 1.0, "_time": 88.12109}, {"$id": 343, "sounds": [{"d": 0.416671753, "p": 43, "v": 93}], "pos": -2.0, "size": 1.30000007, "_time": 88.12891}, {"$id": 344, "sounds": [{"d": 0.381942749, "p": 50, "v": 88}], "pos": -1.0, "size": 1.30000007, "_time": 88.51172}, {"$id": 345, "sounds": [{"d": 0.381942749, "p": 55, "v": 89}], "size": 1.30000007, "_time": 88.88281, "pos": 0}, {"$id": 346, "sounds": [{"d": 0.390625, "p": 57, "v": 88}], "pos": 1.0, "size": 1.30000007, "_time": 89.29297}, {"$id": 347, "sounds": [{"d": 0.824661255, "p": 74, "v": 83}, {"d": 0.824661255, "p": 86, "v": 97}], "pos": 2.0, "size": 1.0, "_time": 89.66406}, {"$id": 348, "sounds": [{"d": 0.390625, "p": 59, "v": 91}], "pos": -2.0, "size": 1.30000007, "_time": 89.68359}, {"$id": 349, "sounds": [{"d": 0.390625, "p": 57, "v": 88}], "size": 1.30000007, "_time": 90.08203, "pos": 0}, {"$id": 350, "sounds": [{"d": 0.381950378, "p": 55, "v": 89}], "pos": -1.0, "size": 1.30000007, "_time": 90.46484}, {"$id": 351, "sounds": [{"d": 0.8246536, "p": 88, "v": 95}, {"d": 0.8246536, "p": 76, "v": 81}], "pos": 1.0, "size": 1.0, "_time": 90.48828}, {"$id": 352, "sounds": [{"d": 0.390625, "p": 50, "v": 88}], "pos": -2.0, "size": 1.30000007, "_time": 90.921875}, {"$id": 353, "sounds": [{"d": 0.416671753, "p": 38, "v": 92}], "pos": -2.0, "size": 1.30000007, "_time": 91.35547}, {"$id": 354, "sounds": [{"d": 0.286460876, "p": 77, "v": 93}], "pos": 2.0, "size": 1.0, "_time": 91.35547}, {"$id": 355, "sounds": [{"d": 0.251731873, "p": 79, "v": 88}], "pos": 1.0, "size": 1.0, "_time": 91.66016}, {"$id": 356, "sounds": [{"d": 0.391853333, "p": 45, "v": 88}], "pos": -1.5, "size": 1.30000007, "_time": 91.80078}, {"$id": 357, "sounds": [{"d": 0.270446777, "p": 76, "v": 88}], "pos": 2.0, "size": 1.0, "_time": 91.92969}, {"$id": 358, "sounds": [{"d": 0.388458252, "p": 50, "v": 89}], "pos": -1.0, "size": 1.30000007, "_time": 92.21875}, {"$id": 359, "sounds": [{"d": 0.264083862, "p": 77, "v": 89}], "pos": 1.5, "size": 1.0, "_time": 92.21875}, {"$id": 360, "sounds": [{"d": 0.258430481, "p": 74, "v": 88}], "pos": 0.5, "size": 1.0, "_time": 92.49219}, {"$id": 361, "sounds": [{"d": 0.401794434, "p": 52, "v": 88}], "pos": -1.5, "size": 1.30000007, "_time": 92.63281}, {"$id": 362, "sounds": [{"d": 0.2767868, "p": 76, "v": 88}], "pos": 1.5, "size": 1.0, "_time": 92.765625}, {"$id": 363, "sounds": [{"d": 0.406044, "p": 53, "v": 91}], "pos": -2.0, "size": 1.30000007, "_time": 93.0625}, {"$id": 364, "sounds": [{"d": 0.270179749, "p": 72, "v": 91}], "size": 1.0, "_time": 93.0625, "pos": 0}, {"$id": 365, "sounds": [{"d": 0.262672424, "p": 74, "v": 88}], "pos": 1.0, "size": 1.0, "_time": 93.35156}, {"$id": 366, "sounds": [{"d": 0.404579163, "p": 52, "v": 88}], "pos": -1.0, "size": 1.30000007, "_time": 93.484375}, {"$id": 367, "sounds": [{"d": 0.268341064, "p": 69, "v": 88}], "size": 1.0, "_time": 93.63281, "pos": 0}, {"$id": 368, "sounds": [{"d": 0.381942749, "p": 50, "v": 89}], "pos": -1.5, "size": 1.30000007, "_time": 93.91797}, {"$id": 369, "sounds": [{"d": 0.260414124, "p": 72, "v": 89}], "pos": 0.5, "size": 1.0, "_time": 93.91797}, {"$id": 370, "sounds": [{"d": 0.243057251, "p": 71, "v": 88}], "pos": 1.5, "size": 1.0, "_time": 94.21094}, {"$id": 371, "sounds": [{"d": 0.6944504, "p": 45, "v": 88}], "pos": -2.0, "size": 1.30000007, "_time": 94.32422}, {"$id": 372, "sounds": [{"d": 0.269096375, "p": 69, "v": 88}], "pos": 0.5, "size": 1.0, "_time": 94.5}, {"$id": 373, "sounds": [{"d": 1.684021, "p": 74, "v": 93}], "pos": 1.0, "size": 1.0, "_time": 95.046875}, {"$id": 374, "sounds": [{"d": 0.416664124, "p": 46, "v": 93}], "pos": -2.0, "size": 1.30000007, "_time": 95.046875}, {"$id": 375, "sounds": [{"d": 0.390625, "p": 53, "v": 88}], "pos": -1.0, "size": 1.30000007, "_time": 95.46094}, {"$id": 376, "sounds": [{"d": 0.390625, "p": 58, "v": 89}], "size": 1.30000007, "_time": 95.84375, "pos": 0}, {"$id": 377, "sounds": [{"d": 0.390625, "p": 60, "v": 88}], "pos": 1.0, "size": 1.30000007, "_time": 96.26172}, {"$id": 378, "sounds": [{"d": 0.390625, "p": 62, "v": 91}], "pos": -2.0, "size": 1.30000007, "_time": 96.66797}, {"$id": 379, "sounds": [{"d": 0.8246536, "p": 70, "v": 91}], "pos": 2.0, "size": 1.0, "_time": 96.73047}, {"$id": 380, "sounds": [{"d": 0.390625, "p": 60, "v": 88}], "size": 1.30000007, "_time": 97.08594, "pos": 0}, {"$id": 381, "sounds": [{"d": 0.381950378, "p": 58, "v": 89}], "pos": -1.0, "size": 1.30000007, "_time": 97.5}, {"$id": 382, "sounds": [{"d": 0.8246536, "p": 74, "v": 89}], "pos": 1.0, "size": 1.0, "_time": 97.55469}, {"$id": 383, "sounds": [{"d": 0.390625, "p": 53, "v": 88}], "pos": -2.0, "size": 1.30000007, "_time": 97.91016}, {"$id": 384, "sounds": [{"d": 1.675354, "p": 77, "v": 93}], "pos": 2.0, "size": 1.0, "_time": 98.359375}, {"$id": 385, "sounds": [{"d": 0.416671753, "p": 46, "v": 93}], "pos": -2.0, "size": 1.30000007, "_time": 98.37891}, {"$id": 386, "sounds": [{"d": 0.381950378, "p": 53, "v": 88}], "pos": -1.0, "size": 1.30000007, "_time": 98.77734}, {"$id": 387, "sounds": [{"d": 0.390625, "p": 58, "v": 89}], "size": 1.30000007, "_time": 99.1875, "pos": 0}, {"$id": 388, "sounds": [{"d": 0.390625, "p": 60, "v": 88}], "pos": 1.0, "size": 1.30000007, "_time": 99.60156}, {"$id": 389, "sounds": [{"d": 0.390625, "p": 62, "v": 91}], "pos": -2.0, "size": 1.30000007, "_time": 100.011719}, {"$id": 390, "sounds": [{"d": 0.8246536, "p": 76, "v": 91}], "pos": 2.0, "size": 1.0, "_time": 100.035156}, {"$id": 391, "sounds": [{"d": 0.390625, "p": 60, "v": 88}], "size": 1.30000007, "_time": 100.425781, "pos": 0}, {"$id": 392, "sounds": [{"d": 0.381942749, "p": 58, "v": 89}], "pos": -1.0, "size": 1.30000007, "_time": 100.835938}, {"$id": 393, "sounds": [{"d": 0.850692749, "p": 74, "v": 89}], "pos": 1.0, "size": 1.0, "_time": 100.859375}, {"$id": 394, "sounds": [{"d": 0.390625, "p": 53, "v": 88}], "pos": -2.0, "size": 1.30000007, "_time": 101.242188}, {"$id": 395, "sounds": [{"d": 0.416664124, "p": 38, "v": 92}], "pos": -2.0, "size": 1.30000007, "_time": 101.660156}, {"$id": 396, "sounds": [{"d": 3.35422516, "p": 74, "v": 88}], "pos": 1.0, "size": 1.0, "_time": 101.851563}, {"$id": 397, "sounds": [{"d": 0.38658905, "p": 45, "v": 88}], "pos": -1.0, "size": 1.30000007, "_time": 102.101563}, {"$id": 398, "sounds": [{"d": 0.3961258, "p": 50, "v": 89}], "size": 1.30000007, "_time": 102.515625, "pos": 0}, {"$id": 399, "sounds": [{"d": 0.400909424, "p": 52, "v": 88}], "pos": 1.0, "size": 1.30000007, "_time": 102.9375}, {"$id": 400, "sounds": [{"d": 0.39855957, "p": 53, "v": 91}], "pos": 2.0, "size": 1.30000007, "_time": 103.355469}, {"$id": 401, "sounds": [{"d": 0.390625, "p": 52, "v": 88}], "pos": 1.0, "size": 1.30000007, "_time": 103.78125}, {"$id": 402, "sounds": [{"d": 0.381942749, "p": 50, "v": 89}], "size": 1.30000007, "_time": 104.199219, "pos": 0}, {"$id": 403, "sounds": [{"d": 0.390625, "p": 45, "v": 88}], "pos": -1.0, "size": 1.30000007, "_time": 104.605469}, {"$id": 404, "sounds": [{"d": 1.6969986, "p": 69, "v": 93}], "size": 1.0, "_time": 105.023438, "pos": 0}, {"$id": 405, "sounds": [{"d": 0.416664124, "p": 38, "v": 92}], "pos": -2.0, "size": 1.30000007, "_time": 105.023438}, {"$id": 406, "sounds": [{"d": 0.39465332, "p": 45, "v": 89}], "pos": -1.0, "size": 1.30000007, "_time": 105.414063}, {"$id": 407, "sounds": [{"d": 0.387321472, "p": 50, "v": 90}], "size": 1.30000007, "_time": 105.824219, "pos": 0}, {"$id": 408, "sounds": [{"d": 0.4000244, "p": 52, "v": 92}], "pos": 1.0, "size": 1.30000007, "_time": 106.238281}, {"$id": 409, "sounds": [{"d": 0.400550842, "p": 53, "v": 94}], "pos": -2.0, "size": 1.30000007, "_time": 106.648438}, {"$id": 410, "sounds": [{"d": 0.8340759, "p": 74, "v": 94}], "pos": 1.0, "size": 1.0, "_time": 106.664063}, {"$id": 411, "sounds": [{"d": 0.381942749, "p": 52, "v": 95}], "size": 1.30000007, "_time": 107.058594, "pos": 0}, {"$id": 412, "sounds": [{"d": 0.390625, "p": 50, "v": 97}], "pos": -1.0, "size": 1.30000007, "_time": 107.429688}, {"$id": 413, "sounds": [{"d": 0.8246536, "p": 76, "v": 97}], "pos": 2.0, "size": 1.0, "_time": 107.5}, {"$id": 414, "sounds": [{"d": 0.381942749, "p": 45, "v": 99}], "pos": -2.0, "size": 1.30000007, "_time": 107.828125}, {"$id": 415, "sounds": [{"d": 0.416671753, "p": 38, "v": 105}], "pos": -2.0, "size": 1.30000007, "_time": 108.246094}, {"$id": 416, "sounds": [{"d": 1.54107666, "p": 90, "v": 112}, {"d": 1.57678986, "p": 78, "v": 98}], "pos": 1.0, "size": 1.0, "_time": 108.34375}, {"$id": 417, "sounds": [{"d": 0.3930664, "p": 45, "v": 101}], "pos": -1.0, "size": 1.30000007, "_time": 108.664063}, {"$id": 418, "sounds": [{"d": 0.389709473, "p": 50, "v": 102}], "size": 1.30000007, "_time": 109.082031, "pos": 0}, {"$id": 419, "sounds": [{"d": 0.401779175, "p": 52, "v": 101}], "pos": 1.0, "size": 1.30000007, "_time": 109.5}, {"$id": 420, "sounds": [{"d": 0.406837463, "p": 54, "v": 104}], "pos": -2.0, "size": 1.30000007, "_time": 109.890625}, {"$id": 421, "sounds": [{"d": 0.78313446, "p": 81, "v": 96}, {"d": 0.7744522, "p": 93, "v": 110}], "pos": 2.0, "size": 1.0, "_time": 109.917969}, {"$id": 422, "sounds": [{"d": 0.401947021, "p": 52, "v": 101}], "size": 1.30000007, "_time": 110.324219, "pos": 0}, {"$id": 423, "sounds": [{"d": 0.8246536, "p": 95, "v": 108}, {"d": 0.8246536, "p": 83, "v": 94}], "pos": 1.0, "size": 1.0, "_time": 110.691406}, {"$id": 424, "sounds": [{"d": 0.390625, "p": 50, "v": 102}], "pos": -1.0, "size": 1.30000007, "_time": 110.738281}, {"$id": 425, "sounds": [{"d": 0.407981873, "p": 45, "v": 101}], "pos": -2.0, "size": 1.30000007, "_time": 111.171875}, {"$id": 426, "sounds": [{"d": 1.527771, "p": 96, "v": 112}, {"d": 1.29340363, "p": 84, "v": 98}], "pos": 2.0, "size": 1.0, "_time": 111.605469}, {"$id": 427, "sounds": [{"d": 0.416664124, "p": 45, "v": 106}], "pos": -2.0, "size": 1.30000007, "_time": 111.605469}, {"$id": 428, "sounds": [{"d": 0.390625, "p": 52, "v": 101}], "pos": -1.0, "size": 1.30000007, "_time": 112.039063}, {"$id": 429, "sounds": [{"d": 0.390625, "p": 57, "v": 87}], "size": 1.30000007, "_time": 112.378906, "pos": 0}, {"$id": 430, "sounds": [{"d": 0.390625, "p": 59, "v": 101}], "pos": -1.0, "size": 1.30000007, "_time": 112.777344}, {"$id": 431, "sounds": [{"d": 0.104164124, "p": 83, "v": 101}], "pos": 1.5, "size": 1.0, "_time": 112.898438}, {"$id": 432, "sounds": [{"d": 0.130203247, "p": 84, "v": 101}], "pos": 2.0, "size": 1.0, "_time": 112.96875}, {"$id": 433, "sounds": [{"d": 0.104171753, "p": 83, "v": 101}], "pos": 1.5, "size": 1.0, "_time": 113.0625}, {"$id": 434, "sounds": [{"d": 0.5555649, "p": 81, "v": 104}], "pos": 1.0, "size": 1.0, "_time": 113.125}, {"$id": 435, "sounds": [{"d": 0.390625, "p": 60, "v": 104}], "pos": -2.0, "size": 1.30000007, "_time": 113.148438}, {"$id": 436, "sounds": [{"d": 0.381950378, "p": 59, "v": 101}], "size": 1.30000007, "_time": 113.550781, "pos": 0}, {"$id": 437, "sounds": [{"d": 0.104164124, "p": 79, "v": 101}], "pos": 1.0, "size": 1.0, "_time": 113.695313}, {"$id": 438, "sounds": [{"d": 0.104164124, "p": 81, "v": 101}], "pos": 1.5, "size": 1.0, "_time": 113.773438}, {"$id": 439, "sounds": [{"d": 0.104171753, "p": 79, "v": 101}], "pos": 1.0, "size": 1.0, "_time": 113.84375}, {"$id": 440, "sounds": [{"d": 0.381950378, "p": 57, "v": 102}], "pos": -1.0, "size": 1.30000007, "_time": 113.941406}, {"$id": 441, "sounds": [{"d": 0.6163254, "p": 78, "v": 102}], "pos": 0.5, "size": 1.0, "_time": 113.957031}, {"$id": 442, "sounds": [{"d": 0.381942749, "p": 52, "v": 101}], "pos": -2.0, "size": 1.30000007, "_time": 114.339844}, {"$id": 443, "sounds": [{"d": 0.199653625, "p": 76, "v": 101}], "size": 1.0, "_time": 114.539063, "pos": 0}, {"$id": 444, "sounds": [{"d": 1.701561, "p": 90, "v": 112}, {"w": 0.015625, "d": 1.70205688, "p": 78, "v": 98}], "pos": 1.0, "size": 1.0, "_time": 114.738281}, {"$id": 445, "sounds": [{"d": 0.416671753, "p": 38, "v": 105}], "pos": -2.0, "size": 1.30000007, "_time": 114.738281}, {"$id": 446, "sounds": [{"d": 0.381942749, "p": 45, "v": 101}], "pos": -1.0, "size": 1.30000007, "_time": 115.113281}, {"$id": 447, "sounds": [{"d": 0.395027161, "p": 50, "v": 102}], "size": 1.30000007, "_time": 115.519531, "pos": 0}, {"$id": 448, "sounds": [{"d": 0.400032043, "p": 52, "v": 101}], "pos": 1.0, "size": 1.30000007, "_time": 115.898438}, {"$id": 449, "sounds": [{"d": 0.8546829, "p": 93, "v": 110}, {"d": 0.8546829, "p": 81, "v": 96}], "pos": 2.0, "size": 1.0, "_time": 116.261719}, {"$id": 450, "sounds": [{"d": 0.4019165, "p": 54, "v": 104}], "pos": -2.0, "size": 1.30000007, "_time": 116.269531}, {"$id": 451, "sounds": [{"d": 0.3984146, "p": 52, "v": 101}], "size": 1.30000007, "_time": 116.65625, "pos": 0}, {"$id": 452, "sounds": [{"d": 0.4026947, "p": 50, "v": 102}], "pos": -1.0, "size": 1.30000007, "_time": 117.027344}, {"$id": 453, "sounds": [{"d": 0.835975647, "p": 95, "v": 108}, {"d": 0.835975647, "p": 83, "v": 94}], "pos": 1.0, "size": 1.0, "_time": 117.042969}, {"$id": 454, "sounds": [{"d": 0.4079895, "p": 45, "v": 101}], "pos": -2.0, "size": 1.30000007, "_time": 117.472656}, {"$id": 455, "sounds": [{"d": 0.416664124, "p": 45, "v": 106}], "pos": -2.0, "size": 1.30000007, "_time": 117.914063}, {"$id": 456, "sounds": [{"d": 0.2951355, "p": 84, "v": 106}], "pos": 2.0, "size": 1.0, "_time": 117.914063}, {"$id": 457, "sounds": [{"d": 0.251731873, "p": 86, "v": 101}], "pos": 1.0, "size": 1.0, "_time": 118.226563}, {"$id": 458, "sounds": [{"d": 0.390632629, "p": 52, "v": 101}], "pos": -1.5, "size": 1.30000007, "_time": 118.355469}, {"$id": 459, "sounds": [{"d": 0.260421753, "p": 83, "v": 101}], "pos": 2.0, "size": 1.0, "_time": 118.496094}, {"$id": 460, "sounds": [{"d": 0.381942749, "p": 57, "v": 102}], "pos": -1.0, "size": 1.30000007, "_time": 118.773438}, {"$id": 461, "sounds": [{"d": 0.260414124, "p": 84, "v": 102}], "pos": 1.5, "size": 1.0, "_time": 118.773438}, {"$id": 462, "sounds": [{"d": 0.251731873, "p": 81, "v": 101}], "pos": 0.5, "size": 1.0, "_time": 119.050781}, {"$id": 463, "sounds": [{"d": 0.390632629, "p": 59, "v": 101}], "pos": -1.5, "size": 1.30000007, "_time": 119.183594}, {"$id": 464, "sounds": [{"d": 0.260421753, "p": 83, "v": 101}], "pos": 1.5, "size": 1.0, "_time": 119.320313}, {"$id": 465, "sounds": [{"d": 0.390625, "p": 60, "v": 104}], "pos": -2.0, "size": 1.30000007, "_time": 119.597656}, {"$id": 466, "sounds": [{"d": 0.269096375, "p": 79, "v": 104}], "size": 1.0, "_time": 119.597656, "pos": 0}, {"$id": 467, "sounds": [{"d": 0.243049622, "p": 81, "v": 101}], "pos": 1.0, "size": 1.0, "_time": 119.886719}, {"$id": 468, "sounds": [{"d": 0.381950378, "p": 59, "v": 101}], "pos": -1.0, "size": 1.30000007, "_time": 120.015625}, {"$id": 469, "sounds": [{"d": 0.260421753, "p": 76, "v": 101}], "size": 1.0, "_time": 120.144531, "pos": 0}, {"$id": 470, "sounds": [{"d": 0.390625, "p": 57, "v": 102}], "pos": -1.5, "size": 1.30000007, "_time": 120.421875}, {"$id": 471, "sounds": [{"d": 0.260414124, "p": 79, "v": 102}], "pos": 0.5, "size": 1.0, "_time": 120.421875}, {"$id": 472, "sounds": [{"d": 0.251731873, "p": 78, "v": 101}], "pos": 1.5, "size": 1.0, "_time": 120.726563}, {"$id": 473, "sounds": [{"d": 0.6423569, "p": 52, "v": 101}], "pos": -2.0, "size": 1.30000007, "_time": 120.839844}, {"$id": 474, "sounds": [{"d": 0.260414124, "p": 76, "v": 101}], "pos": 0.5, "size": 1.0, "_time": 121.046875}, {"$id": 475, "sounds": [{"d": 0.416671753, "p": 41, "v": 106}], "pos": -2.0, "size": 1.30000007, "_time": 121.515625}, {"$id": 476, "sounds": [{"d": 1.68402863, "p": 81, "v": 106}], "pos": 1.0, "size": 1.0, "_time": 121.570313}, {"$id": 477, "sounds": [{"d": 0.390625, "p": 48, "v": 101}], "pos": -1.0, "size": 1.30000007, "_time": 121.96875}, {"$id": 478, "sounds": [{"d": 0.381942749, "p": 53, "v": 102}], "size": 1.30000007, "_time": 122.386719, "pos": 0}, {"$id": 479, "sounds": [{"d": 0.390625, "p": 55, "v": 101}], "pos": 1.0, "size": 1.30000007, "_time": 122.792969}, {"$id": 480, "sounds": [{"d": 0.390625, "p": 57, "v": 104}], "pos": -2.0, "size": 1.30000007, "_time": 123.15625}, {"$id": 481, "sounds": [{"d": 0.824646, "p": 77, "v": 104}], "pos": 2.0, "size": 1.0, "_time": 123.199219}, {"$id": 482, "sounds": [{"d": 0.381942749, "p": 55, "v": 101}], "size": 1.30000007, "_time": 123.574219, "pos": 0}, {"$id": 483, "sounds": [{"d": 0.390625, "p": 53, "v": 102}], "pos": -1.0, "size": 1.30000007, "_time": 123.980469}, {"$id": 484, "sounds": [{"d": 0.824646, "p": 81, "v": 102}], "pos": 1.0, "size": 1.0, "_time": 124.0}, {"$id": 485, "sounds": [{"d": 0.390625, "p": 48, "v": 101}], "pos": -2.0, "size": 1.30000007, "_time": 124.433594}, {"$id": 486, "sounds": [{"d": 0.416671753, "p": 41, "v": 106}], "pos": -2.0, "size": 1.30000007, "_time": 124.773438}, {"$id": 487, "sounds": [{"d": 1.68401337, "p": 84, "v": 106}], "pos": 2.0, "size": 1.0, "_time": 124.832031}, {"$id": 488, "sounds": [{"d": 0.390625, "p": 48, "v": 101}], "pos": -1.0, "size": 1.30000007, "_time": 125.214844}, {"$id": 489, "sounds": [{"d": 0.381942749, "p": 53, "v": 102}], "size": 1.30000007, "_time": 125.632813, "pos": 0}, {"$id": 490, "sounds": [{"d": 0.390625, "p": 55, "v": 101}], "pos": 1.0, "size": 1.30000007, "_time": 126.039063}, {"$id": 491, "sounds": [{"d": 0.824646, "p": 86, "v": 104}], "pos": 1.0, "size": 1.0, "_time": 126.457031}, {"$id": 492, "sounds": [{"d": 0.390625, "p": 57, "v": 104}], "pos": -2.0, "size": 1.30000007, "_time": 126.457031}, {"$id": 493, "sounds": [{"d": 0.381942749, "p": 55, "v": 101}], "size": 1.30000007, "_time": 126.871094, "pos": 0}, {"$id": 494, "sounds": [{"d": 0.824661255, "p": 88, "v": 102}], "pos": 2.0, "size": 1.0, "_time": 127.28125}, {"$id": 495, "sounds": [{"d": 0.390625, "p": 53, "v": 102}], "pos": -1.0, "size": 1.30000007, "_time": 127.28125}, {"$id": 496, "sounds": [{"d": 0.381950378, "p": 48, "v": 101}], "pos": -2.0, "size": 1.30000007, "_time": 127.699219}, {"$id": 497, "sounds": [{"d": 0.4166565, "p": 45, "v": 106}], "pos": -2.0, "size": 1.30000007, "_time": 128.210938}, {"$id": 498, "sounds": [{"d": 3.15104675, "p": 88, "v": 101}], "pos": 2.0, "size": 1.0, "_time": 128.410156}, {"$id": 499, "sounds": [{"d": 0.390625, "p": 52, "v": 99}], "pos": -1.0, "size": 1.30000007, "_time": 128.679688}, {"$id": 500, "sounds": [{"d": 0.381942749, "p": 57, "v": 96}], "size": 1.30000007, "_time": 129.09375, "pos": 0}, {"$id": 501, "sounds": [{"d": 0.390625, "p": 59, "v": 93}], "pos": 1.0, "size": 1.30000007, "_time": 129.5039}, {"$id": 502, "sounds": [{"d": 0.390625, "p": 60, "v": 89}], "pos": 2.0, "size": 1.30000007, "_time": 129.917969}, {"$id": 503, "sounds": [{"d": 0.390625, "p": 59, "v": 86}], "pos": 1.0, "size": 1.30000007, "_time": 130.328125}, {"$id": 504, "sounds": [{"d": 0.381942749, "p": 57, "v": 83}], "size": 1.30000007, "_time": 130.7461, "pos": 0}, {"$id": 505, "sounds": [{"d": 0.390625, "p": 52, "v": 79}], "pos": -1.0, "size": 1.30000007, "_time": 131.167969}, {"$id": 506, "sounds": [{"d": 3.33332825, "p": 84, "v": 76}], "pos": 1.0, "size": 1.0, "_time": 131.570313}, {"$id": 507, "sounds": [{"d": 0.416671753, "p": 45, "v": 76}], "pos": -2.0, "size": 1.30000007, "_time": 131.570313}, {"$id": 508, "sounds": [{"d": 0.381942749, "p": 52, "v": 73}], "pos": -1.0, "size": 1.30000007, "_time": 132.039063}, {"$id": 509, "sounds": [{"d": 0.390625, "p": 57, "v": 69}], "size": 1.30000007, "_time": 132.445313, "pos": 0}, {"$id": 510, "sounds": [{"d": 0.390625, "p": 59, "v": 66}], "pos": 1.0, "size": 1.30000007, "_time": 132.863281}, {"$id": 511, "sounds": [{"d": 0.390625, "p": 60, "v": 63}], "pos": 2.0, "size": 1.30000007, "_time": 133.296875}, {"$id": 512, "sounds": [{"d": 0.390625, "p": 59, "v": 59}], "pos": 1.0, "size": 1.30000007, "_time": 133.730469}, {"$id": 513, "sounds": [{"d": 0.390625, "p": 57, "v": 56}], "size": 1.30000007, "_time": 134.1836, "pos": 0}, {"$id": 514, "sounds": [{"d": 0.390625, "p": 52, "v": 53}], "pos": -1.0, "size": 1.30000007, "_time": 134.640625}, {"$id": 515, "sounds": [{"d": 0.5208435, "p": 55, "v": 75}], "size": 1.30000007, "_time": 135.25, "pos": 0}, {"$id": 516, "sounds": [{"d": 0.2170105, "p": 79, "v": 70}], "pos": -2.0, "size": 1.0, "_time": 135.5}, {"$id": 517, "sounds": [{"d": 0.217025757, "p": 86, "v": 70}], "size": 1.0, "_time": 135.699219, "pos": 0}, {"$id": 518, "sounds": [{"d": 0.164932251, "p": 87, "v": 70}], "pos": 2.0, "size": 1.0, "_time": 135.925781}, {"$id": 519, "sounds": [{"d": 0.225708008, "p": 89, "v": 70}], "pos": 1.0, "size": 1.0, "_time": 136.144531}, {"$id": 520, "sounds": [{"d": 0.3993225, "p": 67, "v": 70}], "pos": -1.0, "size": 1.30000007, "_time": 136.160156}, {"$id": 521, "sounds": [{"d": 0.164932251, "p": 87, "v": 70}], "size": 1.0, "_time": 136.335938, "pos": 0}, {"$id": 522, "sounds": [{"d": 0.164932251, "p": 86, "v": 70}], "pos": -1.0, "size": 1.0, "_time": 136.542969}, {"$id": 523, "sounds": [{"d": 0.1736145, "p": 87, "v": 70}], "pos": 1.0, "size": 1.0, "_time": 136.742188}, {"$id": 524, "sounds": [{"d": 0.434036255, "p": 70, "v": 70}], "pos": -2.0, "size": 1.30000007, "_time": 136.9414}, {"$id": 525, "sounds": [{"d": 0.399307251, "p": 91, "v": 70}], "pos": 2.0, "size": 1.0, "_time": 136.96875}, {"$id": 526, "sounds": [{"d": 0.425354, "p": 69, "v": 70}], "size": 1.30000007, "_time": 137.359375, "pos": 0}, {"$id": 527, "sounds": [{"d": 0.164932251, "p": 86, "v": 70}], "pos": 2.0, "size": 1.0, "_time": 137.585938}, {"$id": 528, "sounds": [{"d": 0.546875, "p": 84, "v": 70}], "pos": 1.0, "size": 1.0, "_time": 137.8086}, {"$id": 529, "sounds": [{"d": 0.442703247, "p": 67, "v": 70}], "pos": -1.0, "size": 1.30000007, "_time": 137.820313}, {"$id": 530, "sounds": [{"d": 0.3732605, "p": 62, "v": 70}], "pos": -2.0, "size": 1.30000007, "_time": 138.2539}, {"$id": 531, "sounds": [{"d": 0.1388855, "p": 87, "v": 70}], "pos": 1.0, "size": 1.0, "_time": 138.445313}, {"$id": 532, "sounds": [{"d": 0.4079895, "p": 86, "v": 70}], "size": 1.0, "_time": 138.679688, "pos": 0}, {"$id": 533, "sounds": [{"d": 0.451400757, "p": 55, "v": 70}], "pos": -2.0, "size": 1.30000007, "_time": 138.6875}, {"$id": 534, "sounds": [{"d": 0.399307251, "p": 62, "v": 70}], "pos": -1.0, "size": 1.30000007, "_time": 139.105469}, {"$id": 535, "sounds": [{"d": 2.63021851, "p": 79, "v": 70}], "pos": 1.0, "size": 1.0, "_time": 139.113281}, {"$id": 536, "sounds": [{"d": 0.442703247, "p": 67, "v": 70}], "size": 1.30000007, "_time": 139.527344, "pos": 0}, {"$id": 537, "sounds": [{"d": 0.425338745, "p": 69, "v": 70}], "pos": 1.0, "size": 1.30000007, "_time": 139.929688}, {"$id": 538, "sounds": [{"d": 0.4513855, "p": 70, "v": 70}], "pos": 2.0, "size": 1.30000007, "_time": 140.363281}, {"$id": 539, "sounds": [{"d": 0.4079895, "p": 69, "v": 70}], "pos": 1.0, "size": 1.30000007, "_time": 140.796875}, {"$id": 540, "sounds": [{"d": 0.451400757, "p": 67, "v": 70}], "size": 1.30000007, "_time": 141.238281, "pos": 0}, {"$id": 541, "sounds": [{"d": 0.425354, "p": 62, "v": 70}], "pos": -1.0, "size": 1.30000007, "_time": 141.664063}, {"$id": 542, "sounds": [{"d": 0.425354, "p": 55, "v": 70}], "size": 1.30000007, "_time": 142.203125, "pos": 0}, {"$id": 543, "sounds": [{"d": 0.225692749, "p": 91, "v": 70}], "pos": -2.0, "size": 1.0, "_time": 142.386719}, {"$id": 544, "sounds": [{"d": 0.225692749, "p": 98, "v": 70}], "size": 1.0, "_time": 142.6289, "pos": 0}, {"$id": 545, "sounds": [{"d": 0.15625, "p": 99, "v": 70}], "pos": 2.0, "size": 1.0, "_time": 142.835938}, {"$id": 546, "sounds": [{"d": 0.407974243, "p": 67, "v": 70}], "pos": -1.0, "size": 1.30000007, "_time": 143.019531}, {"$id": 547, "sounds": [{"d": 0.243041992, "p": 101, "v": 70}], "pos": 1.0, "size": 1.0, "_time": 143.035156}, {"$id": 548, "sounds": [{"d": 0.173599243, "p": 99, "v": 70}], "size": 1.0, "_time": 143.234375, "pos": 0}, {"$id": 549, "sounds": [{"d": 0.1736145, "p": 98, "v": 70}], "pos": -1.0, "size": 1.0, "_time": 143.46875}, {"$id": 550, "sounds": [{"d": 0.199661255, "p": 99, "v": 70}], "pos": 1.0, "size": 1.0, "_time": 143.636719}, {"$id": 551, "sounds": [{"d": 0.442703247, "p": 70, "v": 70}], "pos": -2.0, "size": 1.30000007, "_time": 143.835938}, {"$id": 552, "sounds": [{"d": 0.4513855, "p": 103, "v": 70}], "pos": 2.0, "size": 1.0, "_time": 143.886719}, {"$id": 553, "sounds": [{"d": 0.4079895, "p": 69, "v": 70}], "size": 1.30000007, "_time": 144.277344, "pos": 0}, {"$id": 554, "sounds": [{"d": 0.190979, "p": 98, "v": 70}], "pos": 2.0, "size": 1.0, "_time": 144.5039}, {"$id": 555, "sounds": [{"d": 0.434036255, "p": 67, "v": 70}], "pos": -1.0, "size": 1.30000007, "_time": 144.71875}, {"$id": 556, "sounds": [{"d": 0.477432251, "p": 96, "v": 70}], "pos": 1.0, "size": 1.0, "_time": 144.738281}, {"$id": 557, "sounds": [{"d": 0.416671753, "p": 62, "v": 70}], "pos": -2.0, "size": 1.30000007, "_time": 145.136719}, {"$id": 558, "sounds": [{"d": 0.182296753, "p": 103, "v": 70}], "pos": 1.0, "size": 1.0, "_time": 145.386719}, {"$id": 559, "sounds": [{"d": 0.468765259, "p": 55, "v": 70}], "pos": -2.0, "size": 1.30000007, "_time": 145.605469}, {"$id": 560, "sounds": [{"d": 3.28996277, "p": 98, "v": 70}], "size": 1.0, "_time": 145.632813, "pos": 0}, {"$id": 561, "sounds": [{"d": 0.390625, "p": 62, "v": 70}], "pos": -1.0, "size": 1.30000007, "_time": 146.046875}, {"$id": 562, "sounds": [{"d": 0.4079895, "p": 67, "v": 70}], "size": 1.30000007, "_time": 146.472656, "pos": 0}, {"$id": 563, "sounds": [{"d": 0.425354, "p": 69, "v": 70}], "pos": 1.0, "size": 1.30000007, "_time": 146.898438}, {"$id": 564, "sounds": [{"d": 0.434021, "p": 70, "v": 70}], "pos": 2.0, "size": 1.30000007, "_time": 147.339844}, {"$id": 565, "sounds": [{"d": 0.4079895, "p": 69, "v": 70}], "pos": 1.0, "size": 1.30000007, "_time": 147.785156}, {"$id": 566, "sounds": [{"d": 0.46875, "p": 67, "v": 70}], "size": 1.30000007, "_time": 148.226563, "pos": 0}, {"$id": 567, "sounds": [{"d": 0.425338745, "p": 62, "v": 70}], "pos": -1.0, "size": 1.30000007, "_time": 148.695313}, {"$id": 568, "sounds": [{"d": 0.538208, "p": 55, "v": 70}], "size": 1.30000007, "_time": 149.242188, "pos": 0}, {"$id": 569, "sounds": [{"d": 0.234375, "p": 79, "v": 70}], "pos": -2.0, "size": 1.0, "_time": 149.5039}, {"$id": 570, "sounds": [{"d": 0.269104, "p": 86, "v": 70}], "pos": -1.0, "size": 1.0, "_time": 149.710938}, {"$id": 571, "sounds": [{"d": 0.2170105, "p": 87, "v": 70}], "size": 1.0, "_time": 149.9375, "pos": 0}, {"$id": 572, "sounds": [{"d": 0.4427185, "p": 67, "v": 70}], "pos": -1.0, "size": 1.30000007, "_time": 150.164063}, {"$id": 573, "sounds": [{"d": 0.208328247, "p": 89, "v": 70}], "pos": 1.0, "size": 1.0, "_time": 150.179688}, {"$id": 574, "sounds": [{"d": 0.2517395, "p": 91, "v": 70}], "pos": -1.0, "size": 1.0, "_time": 150.40625}, {"$id": 575, "sounds": [{"d": 0.269104, "p": 93, "v": 70}], "size": 1.0, "_time": 150.648438, "pos": 0}, {"$id": 576, "sounds": [{"d": 0.190979, "p": 94, "v": 70}], "pos": 1.0, "size": 1.0, "_time": 150.882813}, {"$id": 577, "sounds": [{"d": 0.503479, "p": 70, "v": 70}], "pos": -2.0, "size": 1.30000007, "_time": 151.082031}, {"$id": 578, "sounds": [{"d": 0.503479, "p": 96, "v": 70}], "pos": 2.0, "size": 1.0, "_time": 151.167969}, {"$id": 579, "sounds": [{"d": 0.486099243, "p": 69, "v": 70}], "size": 1.30000007, "_time": 151.6211, "pos": 0}, {"$id": 580, "sounds": [{"d": 0.164932251, "p": 98, "v": 70}], "pos": 0.5, "size": 1.0, "_time": 151.8125}, {"$id": 581, "sounds": [{"d": 0.503463745, "p": 67, "v": 70}], "pos": -1.0, "size": 1.30000007, "_time": 152.140625}, {"$id": 582, "sounds": [{"d": 0.7638855, "p": 99, "v": 70}], "pos": 1.5, "size": 1.0, "_time": 152.1836}, {"$id": 583, "sounds": [{"d": 0.8246765, "p": 62, "v": 70}], "pos": -2.0, "size": 1.30000007, "_time": 152.6875}, {"$id": 584, "sounds": [{"d": 0.269104, "p": 103, "v": 70}], "size": 1.0, "_time": 152.976563, "pos": 0}, {"$id": 585, "sounds": [{"d": 0.659713745, "p": 55, "v": 70}], "pos": -2.0, "size": 1.30000007, "_time": 153.5664}, {"$id": 586, "sounds": [{"d": 1.996521, "p": 105, "v": 70}], "pos": 2.0, "size": 1.0, "_time": 153.695313}, {"$id": 587, "sounds": [{"d": 0.46875, "p": 62, "v": 70}], "pos": -1.0, "size": 1.30000007, "_time": 154.207031}, {"$id": 588, "sounds": [{"d": 0.538192749, "p": 67, "v": 70}], "size": 1.30000007, "_time": 154.695313, "pos": 0}, {"$id": 589, "sounds": [{"d": 0.46875, "p": 69, "v": 70}], "pos": 1.0, "size": 1.30000007, "_time": 155.179688}, {"$id": 590, "sounds": [{"d": 0.494796753, "p": 70, "v": 70}], "pos": -2.0, "size": 1.30000007, "_time": 155.648438}, {"$id": 591, "sounds": [{"d": 3.79342651, "p": 106, "v": 70}], "pos": 2.0, "size": 1.0, "_time": 155.71875}, {"$id": 592, "sounds": [{"d": 0.555557251, "p": 69, "v": 70}], "size": 1.30000007, "_time": 156.152344, "pos": 0}, {"$id": 593, "sounds": [{"d": 0.546875, "p": 67, "v": 70}], "pos": -1.0, "size": 1.30000007, "_time": 156.777344}, {"$id": 594, "sounds": [{"d": 0.729171753, "p": 62, "v": 70}], "pos": -2.0, "size": 1.30000007, "_time": 157.339844}, {"$id": 595, "sounds": [{"d": 3.9236145, "p": 103, "v": 70}], "pos": 1.5, "size": 1.0, "_time": 159.617188}, {"$id": 596, "sounds": [{"d": 4.14930725, "p": 31, "v": 43}], "pos": -1.5, "size": 1.30000007, "_time": 159.625}], "links": [{"notes": [{"$ref": 227}, {"$ref": 228}, {"$ref": 230}, {"$ref": 231}]}, {"notes": [{"$ref": 233}, {"$ref": 234}, {"$ref": 236}, {"$ref": 237}]}, {"notes": [{"$ref": 329}, {"$ref": 330}, {"$ref": 331}, {"$ref": 333}]}, {"notes": [{"$ref": 335}, {"$ref": 336}, {"$ref": 337}, {"$ref": 339}]}, {"notes": [{"$ref": 431}, {"$ref": 432}, {"$ref": 433}, {"$ref": 434}]}, {"notes": [{"$ref": 437}, {"$ref": 438}, {"$ref": 439}, {"$ref": 441}]}]}