{"speed": 10.0, "notes": [{"$id": 1, "sounds": [{"d": 0.177801847, "p": 71, "v": 42}], "pos": 1.0, "size": 1.0, "_time": 3.87890625}, {"$id": 2, "sounds": [{"d": 0.188577652, "p": 72, "v": 51}], "pos": 1.5, "size": 1.0, "_time": 4.0078125}, {"$id": 3, "sounds": [{"d": 0.264008045, "p": 48, "v": 66}], "pos": -2.0, "size": 1.30000007, "_time": 4.13671875}, {"$id": 4, "sounds": [{"d": 0.220904827, "p": 76, "v": 60}], "pos": 2.0, "size": 1.0, "_time": 4.13671875}, {"$id": 5, "sounds": [{"d": 0.134698391, "p": 72, "v": 70}], "pos": 1.0, "size": 1.0, "_time": 4.65625}, {"$id": 6, "sounds": [{"d": 0.134698391, "p": 60, "v": 48}, {"d": 0.134698391, "p": 55, "v": 48}], "pos": -1.0, "size": 1.30000007, "_time": 4.9140625}, {"$id": 7, "sounds": [{"d": 0.123922348, "p": 67, "v": 67}], "size": 1.0, "_time": 5.171875, "pos": 0}, {"$id": 8, "sounds": [{"d": 0.15625, "p": 72, "v": 70}, {"d": 0.134698391, "p": 64, "v": 48}], "pos": -1.0, "size": 1.0, "_time": 5.69140625}, {"$id": 9, "sounds": [{"d": 0.15086174, "p": 55, "v": 51}], "pos": -2.0, "size": 1.30000007, "_time": 5.94921875}, {"$id": 10, "sounds": [{"d": 0.188577652, "p": 74, "v": 63}], "size": 1.0, "_time": 6.20703125, "pos": 0}, {"$id": 11, "sounds": [{"d": 0.134698391, "p": 60, "v": 48}, {"d": 0.269396782, "p": 76, "v": 67}], "pos": 1.0, "size": 1.0, "_time": 6.72265625}, {"$id": 12, "sounds": [{"d": 0.150862217, "p": 52, "v": 52}], "pos": -1.0, "size": 1.30000007, "_time": 6.984375}, {"$id": 13, "sounds": [{"d": 0.285560131, "p": 79, "v": 69}], "pos": 2.0, "size": 1.0, "_time": 7.2421875}, {"$id": 14, "sounds": [{"d": 0.366379261, "p": 76, "v": 66}, {"d": 0.134698391, "p": 67, "v": 48}], "size": 1.0, "_time": 7.7578125, "pos": 0}, {"$id": 15, "sounds": [{"d": 0.167025566, "p": 60, "v": 49}], "pos": -1.0, "size": 1.30000007, "_time": 8.015625}, {"$id": 16, "sounds": [{"d": 0.490301132, "p": 79, "v": 69}], "pos": 2.0, "size": 1.0, "_time": 8.277344}, {"$id": 17, "sounds": [{"d": 0.30172348, "p": 55, "v": 44}], "pos": -1.0, "size": 1.30000007, "_time": 8.277344}, {"$id": 18, "sounds": [{"d": 0.23168087, "p": 76, "v": 71}], "pos": 1.0, "size": 1.0, "_time": 8.792969}, {"$id": 19, "sounds": [{"d": 0.188577652, "p": 60, "v": 46}], "pos": -1.0, "size": 1.30000007, "_time": 9.050781}, {"$id": 20, "sounds": [{"d": 0.23706913, "p": 72, "v": 57}], "size": 1.0, "_time": 9.308594, "pos": 0}, {"$id": 21, "sounds": [{"d": 0.242456436, "p": 76, "v": 57}, {"d": 0.134697914, "p": 72, "v": 48}], "pos": 1.0, "size": 1.0, "_time": 9.828125}, {"$id": 22, "sounds": [{"d": 0.140086174, "p": 55, "v": 44}], "pos": -1.0, "size": 1.30000007, "_time": 10.0859375}, {"$id": 23, "sounds": [{"d": 0.134697914, "p": 72, "v": 48}, {"d": 0.22090435, "p": 76, "v": 57}], "pos": 1.0, "size": 1.0, "_time": 10.34375}, {"$id": 24, "sounds": [{"d": 0.08081913, "p": 52, "v": 39}], "size": 1.30000007, "_time": 11.1210938, "pos": 0}, {"$id": 25, "sounds": [{"d": 0.280172348, "p": 77, "v": 73}], "pos": 1.0, "size": 1.0, "_time": 11.8984375}, {"$id": 26, "sounds": [{"d": 0.134698868, "p": 67, "v": 48}, {"d": 0.7758627, "p": 76, "v": 74}], "pos": 2.0, "size": 1.0, "_time": 12.15625}, {"$id": 27, "sounds": [{"d": 0.183190346, "p": 60, "v": 58}], "size": 1.30000007, "_time": 12.15625, "pos": 0}, {"$id": 28, "sounds": [{"d": 0.420258522, "p": 53, "v": 55}], "pos": -1.0, "size": 1.30000007, "_time": 12.4140625}, {"$id": 29, "sounds": [{"d": 0.177801132, "p": 72, "v": 63}], "pos": 1.0, "size": 1.0, "_time": 12.9296875}, {"$id": 30, "sounds": [{"d": 0.091594696, "p": 60, "v": 51}], "pos": -2.0, "size": 1.30000007, "_time": 13.1914063}, {"$id": 31, "sounds": [{"d": 0.15086174, "p": 69, "v": 60}], "size": 1.0, "_time": 13.4492188, "pos": 0}, {"$id": 32, "sounds": [{"d": 0.215517044, "p": 72, "v": 70}, {"d": 0.15086174, "p": 67, "v": 60}], "pos": 1.0, "size": 1.0, "_time": 13.9648438}, {"$id": 33, "sounds": [{"d": 0.113146782, "p": 60, "v": 57}], "pos": -1.0, "size": 1.30000007, "_time": 14.2226563}, {"$id": 34, "sounds": [{"d": 0.269396782, "p": 79, "v": 71}], "pos": 2.0, "size": 1.0, "_time": 14.484375}, {"$id": 35, "sounds": [{"d": 0.15086174, "p": 60, "v": 65}], "size": 1.30000007, "_time": 15.2578125, "pos": 0}, {"$id": 36, "sounds": [{"d": 0.237068176, "p": 60, "v": 56}], "size": 1.30000007, "_time": 16.2929688, "pos": 0}, {"$id": 37, "sounds": [{"d": 0.490301132, "p": 76, "v": 63}, {"d": 0.231679916, "p": 67, "v": 63}], "pos": 2.0, "size": 1.0, "_time": 16.5507813}, {"$id": 38, "sounds": [{"d": 0.29094696, "p": 55, "v": 63}], "pos": -1.0, "size": 1.30000007, "_time": 16.5507813}, {"$id": 39, "sounds": [{"d": 0.231679916, "p": 72, "v": 58}, {"d": 0.231679916, "p": 64, "v": 58}], "pos": 1.0, "size": 1.0, "_time": 17.0703125}, {"$id": 40, "sounds": [{"d": 0.123922348, "p": 60, "v": 39}], "pos": -2.0, "size": 1.30000007, "_time": 17.328125}, {"$id": 41, "sounds": [{"d": 0.280172348, "p": 71, "v": 50}], "size": 1.0, "_time": 17.5859375, "pos": 0}, {"$id": 42, "sounds": [{"d": 0.247842789, "p": 72, "v": 60}, {"d": 0.231679916, "p": 64, "v": 58}], "pos": 1.0, "size": 1.0, "_time": 18.1015625}, {"$id": 43, "sounds": [{"d": 0.16702652, "p": 60, "v": 41}], "pos": -1.0, "size": 1.30000007, "_time": 18.3632813}, {"$id": 44, "sounds": [{"d": 0.2478447, "p": 79, "v": 65}], "pos": 2.0, "size": 1.0, "_time": 18.6210938}, {"$id": 45, "sounds": [{"d": 0.16163826, "p": 67, "v": 21}], "size": 1.0, "_time": 18.8789063, "pos": 0}, {"$id": 46, "sounds": [{"d": 0.0862064362, "p": 55, "v": 34}], "pos": -1.0, "size": 1.30000007, "_time": 19.3984375}, {"$id": 47, "sounds": [{"d": 0.0862064362, "p": 48, "v": 39}], "pos": -1.0, "size": 1.30000007, "_time": 20.4296875}, {"$id": 48, "sounds": [{"d": 0.237068176, "p": 79, "v": 50}], "pos": 2.0, "size": 1.0, "_time": 20.6914063}, {"$id": 49, "sounds": [{"d": 0.16163826, "p": 67, "v": 21}], "size": 1.0, "_time": 20.9492188, "pos": 0}, {"$id": 50, "sounds": [{"d": 0.107759476, "p": 55, "v": 43}], "pos": -1.0, "size": 1.30000007, "_time": 21.4648438}, {"$id": 51, "sounds": [{"d": 0.123922348, "p": 79, "v": 42}], "pos": -0.5, "size": 1.0, "_time": 23.015625}, {"$id": 52, "sounds": [{"d": 0.129310608, "p": 81, "v": 41}], "pos": 0.5, "size": 1.0, "_time": 23.140625}, {"$id": 53, "sounds": [{"d": 0.14008522, "p": 79, "v": 40}], "pos": -0.5, "size": 1.0, "_time": 23.2109375}, {"$id": 54, "sounds": [{"d": 0.118534088, "p": 81, "v": 40}], "pos": 0.5, "size": 1.0, "_time": 23.3359375}, {"$id": 55, "sounds": [{"d": 0.113147736, "p": 79, "v": 40}], "pos": -0.5, "size": 1.0, "_time": 23.4101563}, {"$id": 56, "sounds": [{"d": 0.102369308, "p": 81, "v": 41}], "pos": 0.5, "size": 1.0, "_time": 23.5351563}, {"$id": 57, "sounds": [{"d": 0.1293087, "p": 79, "v": 41}], "pos": -0.5, "size": 1.0, "_time": 23.5898438}, {"$id": 58, "sounds": [{"d": 0.102369308, "p": 81, "v": 42}], "pos": 0.5, "size": 1.0, "_time": 23.71875}, {"$id": 59, "sounds": [{"d": 0.1293087, "p": 79, "v": 43}], "pos": -0.5, "size": 1.0, "_time": 23.796875}, {"$id": 60, "sounds": [{"d": 0.1293087, "p": 81, "v": 43}], "pos": 0.5, "size": 1.0, "_time": 23.90625}, {"$id": 61, "sounds": [{"d": 0.123922348, "p": 79, "v": 42}], "pos": -0.5, "size": 1.0, "_time": 23.9882813}, {"$id": 62, "sounds": [{"d": 0.129310608, "p": 81, "v": 41}], "pos": 0.5, "size": 1.0, "_time": 24.1171875}, {"$id": 63, "sounds": [{"d": 0.13469696, "p": 79, "v": 40}], "pos": -0.5, "size": 1.0, "_time": 24.1875}, {"$id": 64, "sounds": [{"d": 0.118534088, "p": 81, "v": 40}], "pos": 0.5, "size": 1.0, "_time": 24.3085938}, {"$id": 65, "sounds": [{"d": 0.113145828, "p": 79, "v": 40}], "pos": -0.5, "size": 1.0, "_time": 24.3789063}, {"$id": 66, "sounds": [{"d": 0.102371216, "p": 81, "v": 41}], "pos": 0.5, "size": 1.0, "_time": 24.5039063}, {"$id": 67, "sounds": [{"d": 0.129310608, "p": 79, "v": 41}], "pos": -0.5, "size": 1.0, "_time": 24.5585938}, {"$id": 68, "sounds": [{"d": 0.09698105, "p": 81, "v": 42}], "pos": 0.5, "size": 1.0, "_time": 24.6914063}, {"$id": 69, "sounds": [{"d": 1.22306061, "p": 79, "v": 43}], "pos": -0.5, "size": 1.0, "_time": 24.7734375}, {"$id": 70, "sounds": [{"d": 0.334051132, "p": 64, "v": 62}], "pos": -1.5, "size": 1.0, "_time": 24.828125}, {"$id": 71, "sounds": [{"d": 0.360990524, "p": 69, "v": 61}], "pos": 1.5, "size": 1.0, "_time": 24.828125}, {"$id": 72, "sounds": [{"d": 0.3125, "p": 64, "v": 64}], "pos": -1.5, "size": 1.0, "_time": 25.2148438}, {"$id": 73, "sounds": [{"d": 0.31788826, "p": 67, "v": 78}], "pos": 0.5, "size": 1.0, "_time": 25.2148438}, {"$id": 74, "sounds": [{"d": 0.215517044, "p": 64, "v": 68}], "pos": -1.5, "size": 1.0, "_time": 25.6015625}, {"$id": 75, "sounds": [{"d": 0.253232956, "p": 69, "v": 59}], "pos": 1.5, "size": 1.0, "_time": 25.6015625}, {"$id": 76, "sounds": [{"d": 0.290948868, "p": 67, "v": 72}], "pos": 0.5, "size": 1.0, "_time": 25.9335938}, {"$id": 77, "sounds": [{"d": 0.253232956, "p": 64, "v": 74}], "pos": -1.5, "size": 1.0, "_time": 25.9335938}, {"$id": 78, "sounds": [{"d": 0.264009476, "p": 64, "v": 72}], "pos": -1.5, "size": 1.0, "_time": 26.3203125}, {"$id": 79, "sounds": [{"d": 0.31788826, "p": 69, "v": 66}], "pos": 1.5, "size": 1.0, "_time": 26.3203125}, {"$id": 80, "sounds": [{"d": 0.15086174, "p": 64, "v": 68}], "pos": -1.5, "size": 1.0, "_time": 26.7070313}, {"$id": 81, "sounds": [{"d": 0.14547348, "p": 67, "v": 70}], "pos": 0.5, "size": 1.0, "_time": 26.7070313}, {"$id": 82, "sounds": [{"d": 0.253232956, "p": 64, "v": 68}], "pos": -1.5, "size": 1.0, "_time": 27.0273438}, {"$id": 83, "sounds": [{"d": 1.07219887, "p": 52, "v": 57}], "pos": -0.5, "size": 1.0, "_time": 27.2851563}, {"$id": 84, "sounds": [{"d": 0.501077652, "p": 55, "v": 54}], "pos": 0.5, "size": 1.0, "_time": 27.5429688}, {"$id": 85, "sounds": [{"d": 0.30172348, "p": 60, "v": 57}], "pos": 1.5, "size": 1.0, "_time": 27.8007813}, {"$id": 86, "sounds": [{"d": 0.253232956, "p": 59, "v": 55}], "pos": 0.5, "size": 1.0, "_time": 28.0585938}, {"$id": 87, "sounds": [{"d": 0.242456436, "p": 55, "v": 68}], "pos": -0.5, "size": 1.0, "_time": 28.3203125}, {"$id": 88, "sounds": [{"d": 0.188577652, "p": 52, "v": 61}], "pos": -1.5, "size": 1.0, "_time": 28.578125}, {"$id": 89, "sounds": [{"d": 2.284481, "p": 55, "v": 72}], "pos": -0.5, "size": 1.0, "_time": 28.8398438}, {"$id": 90, "sounds": [{"d": 0.237068176, "p": 67, "v": 61}], "pos": 0.5, "size": 1.0, "_time": 29.09375}, {"$id": 91, "sounds": [{"d": 0.264007568, "p": 60, "v": 59}], "pos": -1.5, "size": 1.0, "_time": 29.09375}, {"$id": 92, "sounds": [{"d": 0.226293564, "p": 71, "v": 70}], "pos": 1.5, "size": 1.0, "_time": 29.484375}, {"$id": 93, "sounds": [{"d": 0.226293564, "p": 64, "v": 64}], "pos": -1.0, "size": 1.0, "_time": 29.484375}, {"$id": 94, "sounds": [{"d": 0.172412872, "p": 69, "v": 62}], "pos": 1.0, "size": 1.0, "_time": 29.8710938}, {"$id": 95, "sounds": [{"d": 0.123922348, "p": 64, "v": 61}], "pos": -1.0, "size": 1.0, "_time": 29.8710938}, {"$id": 96, "sounds": [{"d": 0.2855606, "p": 64, "v": 51}], "pos": -1.0, "size": 1.0, "_time": 30.1289063}, {"$id": 97, "sounds": [{"d": 0.2747841, "p": 67, "v": 66}], "pos": 0.5, "size": 1.0, "_time": 30.1289063}, {"$id": 98, "sounds": [{"d": 0.123922348, "p": 76, "v": 66}], "pos": 2.0, "size": 1.0, "_time": 30.515625}, {"$id": 99, "sounds": [{"d": 0.14547348, "p": 67, "v": 57}], "pos": -0.5, "size": 1.0, "_time": 30.515625}, {"$id": 100, "sounds": [{"d": 0.15086174, "p": 67, "v": 55}], "pos": -0.5, "size": 1.0, "_time": 30.90625}, {"$id": 101, "sounds": [{"d": 0.129310608, "p": 74, "v": 58}], "pos": 1.5, "size": 1.0, "_time": 30.90625}, {"$id": 102, "sounds": [{"d": 1.072197, "p": 72, "v": 74}], "pos": 1.0, "size": 1.0, "_time": 31.1640625}, {"$id": 103, "sounds": [{"d": 1.04525757, "p": 67, "v": 66}], "pos": -0.5, "size": 1.0, "_time": 31.1640625}, {"$id": 104, "sounds": [{"d": 0.565734863, "p": 55, "v": 59}, {"w": 0.01171875, "d": 0.5334053, "p": 59, "v": 59}], "pos": -0.5, "size": 1.30000007, "_time": 32.1875}, {"$id": 105, "sounds": [{"d": 1.02370834, "p": 57, "v": 50}, {"w": 0.00390625, "d": 1.03448486, "p": 60, "v": 59}], "pos": 0.5, "size": 1.30000007, "_time": 32.7539063}, {"$id": 106, "sounds": [{"d": 1.92887878, "p": 74, "v": 70}], "pos": 1.5, "size": 1.0, "_time": 33.234375}, {"$id": 107, "sounds": [{"d": 1.92887878, "p": 71, "v": 64}], "pos": -1.5, "size": 1.0, "_time": 33.234375}, {"$id": 108, "sounds": [{"d": 1.072197, "p": 72, "v": 59}], "pos": 1.0, "size": 1.0, "_time": 35.171875}, {"$id": 109, "sounds": [{"d": 1.04525757, "p": 67, "v": 59}], "pos": -1.0, "size": 1.0, "_time": 35.171875}, {"$id": 110, "sounds": [{"d": 0.565734863, "p": 79, "v": 49}], "pos": -1.5, "size": 1.0, "_time": 36.21875}, {"$id": 111, "sounds": [{"d": 0.619613647, "p": 83, "v": 49}], "pos": 0.5, "size": 1.0, "_time": 36.21875}, {"$id": 112, "sounds": [{"d": 0.5549545, "p": 84, "v": 50}], "pos": 1.0, "size": 1.0, "_time": 36.734375}, {"$id": 113, "sounds": [{"d": 0.538791656, "p": 81, "v": 50}], "pos": -1.0, "size": 1.0, "_time": 36.734375}, {"$id": 114, "sounds": [{"d": 0.6142235, "p": 86, "v": 24}], "pos": -0.5, "size": 1.0, "_time": 37.2421875}, {"$id": 115, "sounds": [{"d": 1.9396553, "p": 91, "v": 43}], "pos": 1.5, "size": 1.0, "_time": 37.2421875}, {"$id": 116, "sounds": [{"d": 0.204742432, "p": 74, "v": 24}], "pos": 0.5, "size": 1.0, "_time": 37.5}, {"$id": 117, "sounds": [{"d": 0.08620834, "p": 55, "v": 24}], "pos": -1.5, "size": 1.30000007, "_time": 37.5}, {"$id": 118, "sounds": [{"d": 0.0754318237, "p": 55, "v": 35}], "pos": -1.5, "size": 1.30000007, "_time": 38.015625}, {"$id": 119, "sounds": [{"d": 0.08620834, "p": 55, "v": 49}], "pos": -1.5, "size": 1.30000007, "_time": 38.5351563}, {"$id": 120, "sounds": [{"d": 0.210128784, "p": 74, "v": 42}], "size": 1.0, "_time": 38.5351563, "pos": 0}, {"$id": 121, "sounds": [{"d": 0.2209053, "p": 79, "v": 54}], "pos": 1.0, "size": 1.0, "_time": 38.79297}, {"$id": 122, "sounds": [{"d": 0.113147736, "p": 55, "v": 54}], "pos": -1.5, "size": 1.30000007, "_time": 39.05078}, {"$id": 123, "sounds": [{"d": 1.93965149, "p": 91, "v": 28}], "pos": 2.0, "size": 1.0, "_time": 39.3085938}, {"$id": 124, "sounds": [{"d": 0.113147736, "p": 55, "v": 37}], "pos": -1.5, "size": 1.30000007, "_time": 39.5703125}, {"$id": 125, "sounds": [{"d": 0.226291656, "p": 79, "v": 41}], "pos": 1.0, "size": 1.0, "_time": 39.828125}, {"$id": 126, "sounds": [{"d": 0.14547348, "p": 55, "v": 29}], "pos": -1.5, "size": 1.30000007, "_time": 40.0859375}, {"$id": 127, "sounds": [{"d": 0.140087128, "p": 55, "v": 29}], "pos": -1.5, "size": 1.30000007, "_time": 40.6015625}, {"$id": 128, "sounds": [{"d": 0.242458344, "p": 79, "v": 52}], "pos": 1.0, "size": 1.0, "_time": 40.86328}, {"$id": 129, "sounds": [{"d": 0.150863647, "p": 62, "v": 37}], "size": 1.0, "_time": 41.1210938, "pos": 0}, {"$id": 130, "sounds": [{"d": 0.118534088, "p": 55, "v": 37}], "pos": -1.5, "size": 1.30000007, "_time": 41.1210938}, {"$id": 131, "sounds": [{"d": 1.93965912, "p": 91, "v": 28}], "pos": 2.0, "size": 1.0, "_time": 41.3789063}, {"$id": 132, "sounds": [{"d": 0.08620834, "p": 55, "v": 35}], "pos": -1.5, "size": 1.30000007, "_time": 41.63672}, {"$id": 133, "sounds": [{"d": 0.0754318237, "p": 55, "v": 35}], "pos": -1.5, "size": 1.30000007, "_time": 42.15625}, {"$id": 134, "sounds": [{"d": 0.210128784, "p": 62, "v": 42}], "size": 1.0, "_time": 42.671875, "pos": 0}, {"$id": 135, "sounds": [{"d": 0.08620834, "p": 55, "v": 49}], "pos": -1.5, "size": 1.30000007, "_time": 42.671875}, {"$id": 136, "sounds": [{"d": 0.2209053, "p": 79, "v": 54}], "pos": 1.0, "size": 1.0, "_time": 42.9296875}, {"$id": 137, "sounds": [{"d": 0.113147736, "p": 55, "v": 54}], "pos": -1.5, "size": 1.30000007, "_time": 43.1953125}, {"$id": 138, "sounds": [{"d": 1.93965149, "p": 91, "v": 28}], "pos": 2.0, "size": 1.0, "_time": 43.44922}, {"$id": 139, "sounds": [{"d": 0.113147736, "p": 55, "v": 50}], "pos": -1.5, "size": 1.30000007, "_time": 43.70703}, {"$id": 140, "sounds": [{"d": 0.231681824, "p": 62, "v": 44}], "size": 1.0, "_time": 43.70703, "pos": 0}, {"$id": 141, "sounds": [{"d": 0.226291656, "p": 79, "v": 55}], "pos": 1.0, "size": 1.0, "_time": 43.9648438}, {"$id": 142, "sounds": [{"d": 0.14547348, "p": 55, "v": 51}], "pos": -1.5, "size": 1.30000007, "_time": 44.2226563}, {"$id": 143, "sounds": [{"d": 0.140087128, "p": 55, "v": 55}], "pos": -1.5, "size": 1.30000007, "_time": 44.7421875}, {"$id": 144, "sounds": [{"d": 0.242458344, "p": 79, "v": 52}], "pos": 1.5, "size": 1.0, "_time": 45.0}, {"$id": 145, "sounds": [{"d": 0.150863647, "p": 62, "v": 58}], "pos": 0.5, "size": 1.0, "_time": 45.2578125}, {"$id": 146, "sounds": [{"d": 0.118534088, "p": 55, "v": 63}], "pos": -1.5, "size": 1.30000007, "_time": 45.2578125}, {"$id": 147, "sounds": [{"d": 3.44288635, "p": 45, "v": 51}, {"d": 3.40517044, "p": 48, "v": 66}, {"d": 3.394394, "p": 41, "v": 63}], "pos": -2.0, "size": 1.60000014, "_time": 45.515625}, {"$id": 148, "sounds": [{"d": 0.231681824, "p": 79, "v": 70}, {"d": 1.29848862, "p": 72, "v": 47}], "pos": 2.0, "size": 1.0, "_time": 45.515625}, {"$id": 149, "sounds": [{"d": 0.123920441, "p": 67, "v": 37}], "pos": -1.0, "size": 1.30000007, "_time": 45.7773438}, {"$id": 150, "sounds": [{"d": 0.14547348, "p": 67, "v": 36}], "pos": -1.0, "size": 1.30000007, "_time": 46.29297}, {"$id": 151, "sounds": [{"d": 0.183189392, "p": 79, "v": 50}], "pos": 2.0, "size": 1.0, "_time": 46.55078}, {"$id": 152, "sounds": [{"d": 0.140083313, "p": 67, "v": 39}], "pos": -1.0, "size": 1.30000007, "_time": 46.8085938}, {"$id": 153, "sounds": [{"d": 0.17780304, "p": 69, "v": 40}], "size": 1.0, "_time": 47.0703125, "pos": 0}, {"$id": 154, "sounds": [{"d": 0.14547348, "p": 67, "v": 44}], "pos": -1.0, "size": 1.30000007, "_time": 47.328125}, {"$id": 155, "sounds": [{"d": 0.237068176, "p": 71, "v": 48}], "pos": 1.0, "size": 1.0, "_time": 47.328125}, {"$id": 156, "sounds": [{"d": 0.204742432, "p": 79, "v": 57}, {"d": 0.14547348, "p": 72, "v": 52}], "pos": 2.0, "size": 1.0, "_time": 47.5859375}, {"$id": 157, "sounds": [{"d": 0.210128784, "p": 67, "v": 50}], "pos": -1.0, "size": 1.30000007, "_time": 47.84375}, {"$id": 158, "sounds": [{"d": 0.118534088, "p": 76, "v": 71}], "size": 1.0, "_time": 48.1015625, "pos": 0}, {"$id": 159, "sounds": [{"d": 0.172412872, "p": 67, "v": 40}], "pos": -1.0, "size": 1.30000007, "_time": 48.36328}, {"$id": 160, "sounds": [{"d": 0.16702652, "p": 79, "v": 70}], "pos": 2.0, "size": 1.0, "_time": 48.6210938}, {"$id": 161, "sounds": [{"d": 0.161636353, "p": 67, "v": 47}], "pos": -1.0, "size": 1.30000007, "_time": 48.8789063}, {"$id": 162, "sounds": [{"d": 0.16702652, "p": 77, "v": 69}], "pos": 1.0, "size": 1.0, "_time": 49.13672}, {"$id": 163, "sounds": [{"d": 0.215518951, "p": 67, "v": 47}], "pos": -1.0, "size": 1.30000007, "_time": 49.3984375}, {"$id": 164, "sounds": [{"d": 1.95581818, "p": 52, "v": 62}, {"d": 2.05818939, "p": 48, "v": 62}, {"d": 2.068966, "p": 45, "v": 62}], "pos": -2.0, "size": 1.60000014, "_time": 49.65625}, {"$id": 165, "sounds": [{"d": 0.08620834, "p": 76, "v": 62}, {"d": 0.237071991, "p": 79, "v": 62}], "pos": 2.0, "size": 1.0, "_time": 49.65625}, {"$id": 166, "sounds": [{"d": 0.091594696, "p": 67, "v": 43}], "pos": -1.0, "size": 1.30000007, "_time": 49.9140625}, {"$id": 167, "sounds": [{"d": 0.07004166, "p": 67, "v": 53}], "pos": -1.0, "size": 1.30000007, "_time": 50.4296875}, {"$id": 168, "sounds": [{"d": 0.210128784, "p": 79, "v": 60}], "pos": 2.0, "size": 1.0, "_time": 50.6914063}, {"$id": 169, "sounds": [{"d": 0.107757568, "p": 67, "v": 47}], "pos": -1.0, "size": 1.30000007, "_time": 50.94922}, {"$id": 170, "sounds": [{"d": 0.140087128, "p": 67, "v": 44}], "pos": -1.0, "size": 1.30000007, "_time": 51.4648438}, {"$id": 171, "sounds": [{"d": 1.94504166, "p": 43, "v": 53}, {"d": 1.94504166, "p": 47, "v": 53}, {"d": 1.90732574, "p": 50, "v": 53}], "pos": -2.0, "size": 1.60000014, "_time": 51.7226563}, {"$id": 172, "sounds": [{"d": 0.150863647, "p": 79, "v": 53}, {"d": 0.253234863, "p": 74, "v": 43}], "pos": 2.0, "size": 1.0, "_time": 51.7226563}, {"$id": 173, "sounds": [{"d": 1.20689392, "p": 76, "v": 46}], "pos": 1.0, "size": 1.0, "_time": 51.984375}, {"$id": 174, "sounds": [{"d": 0.091594696, "p": 67, "v": 45}], "pos": -1.0, "size": 1.30000007, "_time": 51.984375}, {"$id": 175, "sounds": [{"d": 0.150863647, "p": 67, "v": 39}], "pos": -1.0, "size": 1.30000007, "_time": 52.5}, {"$id": 176, "sounds": [{"d": 0.188575745, "p": 79, "v": 44}], "pos": 2.0, "size": 1.0, "_time": 52.7578125}, {"$id": 177, "sounds": [{"d": 0.14547348, "p": 67, "v": 43}], "pos": -1.0, "size": 1.30000007, "_time": 53.015625}, {"$id": 178, "sounds": [{"d": 0.420257568, "p": 74, "v": 62}], "size": 1.0, "_time": 53.2773438, "pos": 0}, {"$id": 179, "sounds": [{"d": 0.231678009, "p": 67, "v": 36}], "pos": -1.0, "size": 1.30000007, "_time": 53.5351563}, {"$id": 180, "sounds": [{"d": 1.664856, "p": 48, "v": 52}, {"d": 1.60559082, "p": 60, "v": 52}, {"d": 1.61097717, "p": 55, "v": 52}, {"d": 1.76722717, "p": 72, "v": 52}, {"d": 1.62175369, "p": 64, "v": 52}], "pos": -2.0, "size": 1.60000014, "_time": 53.79297}, {"$id": 181, "sounds": [{"d": 0.253231049, "p": 79, "v": 52}], "pos": 2.0, "size": 1.0, "_time": 53.79297}, {"$id": 182, "sounds": [{"d": 0.123920441, "p": 91, "v": 39}], "pos": -0.5, "size": 1.0, "_time": 54.3085938}, {"$id": 183, "sounds": [{"d": 0.07004166, "p": 96, "v": 30}], "pos": 1.5, "size": 1.0, "_time": 54.5703125}, {"$id": 184, "sounds": [{"d": 0.199352264, "p": 79, "v": 47}], "pos": -1.5, "size": 1.0, "_time": 54.828125}, {"$id": 185, "sounds": [{"d": 1.67564774, "p": 72, "v": 57}], "pos": 1.0, "size": 1.0, "_time": 55.86328}, {"$id": 186, "sounds": [{"d": 1.14223862, "p": 53, "v": 51}, {"d": 1.41702652, "p": 41, "v": 50}, {"d": 1.30387878, "p": 60, "v": 52}, {"d": 1.30387878, "p": 55, "v": 53}], "pos": -1.0, "size": 1.60000014, "_time": 55.86328}, {"$id": 187, "sounds": [{"d": 0.2209053, "p": 79, "v": 49}], "pos": 0.5, "size": 1.0, "_time": 56.8984375}, {"$id": 188, "sounds": [{"d": 1.39547729, "p": 57, "v": 52}, {"d": 1.57866669, "p": 45, "v": 65}, {"d": 1.49245834, "p": 60, "v": 52}, {"d": 1.72414017, "p": 72, "v": 69}, {"d": 1.41164017, "p": 64, "v": 49}], "pos": -0.5, "size": 1.60000014, "_time": 57.9296875}, {"$id": 189, "sounds": [{"d": 0.231681824, "p": 79, "v": 62}], "pos": 1.5, "size": 1.0, "_time": 57.9296875}, {"$id": 190, "sounds": [{"d": 0.129310608, "p": 91, "v": 29}], "pos": -0.5, "size": 1.0, "_time": 58.44922}, {"$id": 191, "sounds": [{"d": 0.102371216, "p": 96, "v": 34}], "pos": 1.5, "size": 1.0, "_time": 58.70703}, {"$id": 192, "sounds": [{"d": 0.2209053, "p": 79, "v": 60}], "pos": -1.5, "size": 1.0, "_time": 58.9648438}, {"$id": 193, "sounds": [{"d": 1.1853447, "p": 74, "v": 68}], "pos": 1.5, "size": 1.0, "_time": 60.0}, {"$id": 194, "sounds": [{"d": 3.96551514, "p": 55, "v": 50}, {"d": 4.008621, "p": 43, "v": 51}, {"d": 3.94935226, "p": 62, "v": 68}, {"d": 3.97629166, "p": 59, "v": 50}], "pos": -1.5, "size": 1.60000014, "_time": 60.0}, {"$id": 195, "sounds": [{"d": 0.215518951, "p": 79, "v": 62}], "pos": 1.5, "size": 1.0, "_time": 61.0351563}, {"$id": 196, "sounds": [{"d": 0.226291656, "p": 77, "v": 64}], "pos": 0.5, "size": 1.0, "_time": 62.0703125}, {"$id": 197, "sounds": [{"d": 0.08620834, "p": 76, "v": 50}], "pos": -0.5, "size": 1.0, "_time": 63.1015625}, {"$id": 198, "sounds": [{"d": 0.14547348, "p": 69, "v": 48}], "pos": -1.5, "size": 1.0, "_time": 63.6210938}, {"$id": 199, "sounds": [{"d": 1.77262878, "p": 50, "v": 50}], "pos": -2.0, "size": 1.30000007, "_time": 64.13672}, {"$id": 200, "sounds": [{"d": 1.70258331, "p": 65, "v": 51}], "size": 1.0, "_time": 64.13672, "pos": 0}, {"$id": 201, "sounds": [{"d": 1.78878784, "p": 69, "v": 55}], "pos": 0.5, "size": 1.0, "_time": 64.20703}, {"$id": 202, "sounds": [{"d": 1.79418182, "p": 72, "v": 52}], "pos": 1.0, "size": 1.0, "_time": 64.27344}, {"$id": 203, "sounds": [{"d": 1.81034851, "p": 43, "v": 39}], "pos": -1.5, "size": 1.30000007, "_time": 66.20703}, {"$id": 204, "sounds": [{"d": 1.702591, "p": 67, "v": 51}], "pos": 0.5, "size": 1.0, "_time": 66.20703}, {"$id": 205, "sounds": [{"d": 1.78879547, "p": 71, "v": 55}], "pos": 1.0, "size": 1.0, "_time": 66.27734}, {"$id": 206, "sounds": [{"d": 0.5711212, "p": 74, "v": 52}], "pos": 1.5, "size": 1.0, "_time": 66.33594}, {"$id": 207, "sounds": [{"d": 0.985992432, "p": 74, "v": 57}], "pos": 1.5, "size": 1.0, "_time": 67.24219}, {"$id": 208, "sounds": [{"d": 0.8566818, "p": 79, "v": 53}], "pos": 2.0, "size": 1.0, "_time": 67.3125}, {"$id": 209, "sounds": [{"d": 0.263999939, "p": 48, "v": 66}], "pos": -2.0, "size": 1.0, "_time": 68.27734}, {"$id": 210, "sounds": [{"d": 0.220901489, "p": 76, "v": 60}], "pos": 2.0, "size": 1.0, "_time": 68.27734}, {"$id": 211, "sounds": [{"d": 0.118530273, "p": 60, "v": 43}], "pos": -1.0, "size": 1.0, "_time": 68.53516}, {"$id": 212, "sounds": [{"d": 0.15625, "p": 72, "v": 73}], "pos": 1.0, "size": 1.0, "_time": 68.79297}, {"$id": 213, "sounds": [{"d": 0.13469696, "p": 55, "v": 62}], "pos": -2.0, "size": 1.0, "_time": 69.05078}, {"$id": 214, "sounds": [{"d": 0.123924255, "p": 67, "v": 67}], "size": 1.0, "_time": 69.30859, "pos": 0}, {"$id": 215, "sounds": [{"d": 0.140083313, "p": 60, "v": 63}], "pos": -1.0, "size": 1.0, "_time": 69.57031}, {"$id": 216, "sounds": [{"d": 0.15625, "p": 72, "v": 73}, {"d": 0.15625, "p": 64, "v": 73}], "pos": 1.0, "size": 1.0, "_time": 69.828125}, {"$id": 217, "sounds": [{"d": 0.150863647, "p": 60, "v": 58}], "pos": -1.0, "size": 1.0, "_time": 70.08594}, {"$id": 218, "sounds": [{"d": 0.188575745, "p": 74, "v": 68}], "size": 1.0, "_time": 70.34375, "pos": 0}, {"$id": 219, "sounds": [{"d": 0.172416687, "p": 55, "v": 46}], "pos": -2.0, "size": 1.0, "_time": 70.60156}, {"$id": 220, "sounds": [{"d": 0.269393921, "p": 76, "v": 67}, {"d": 0.15625, "p": 72, "v": 73}], "pos": 1.0, "size": 1.0, "_time": 70.86328}, {"$id": 221, "sounds": [{"d": 0.150856018, "p": 60, "v": 35}], "size": 1.0, "_time": 71.12109, "pos": 0}, {"$id": 222, "sounds": [{"d": 0.2855606, "p": 79, "v": 69}], "pos": 2.0, "size": 1.0, "_time": 71.37891}, {"$id": 223, "sounds": [{"d": 0.140083313, "p": 55, "v": 52}], "pos": -1.0, "size": 1.0, "_time": 71.63672}, {"$id": 224, "sounds": [{"d": 0.366378784, "p": 76, "v": 66}], "pos": 1.0, "size": 1.0, "_time": 71.89844}, {"$id": 225, "sounds": [{"d": 0.1670227, "p": 60, "v": 49}], "size": 1.0, "_time": 72.15625, "pos": 0}, {"$id": 226, "sounds": [{"d": 0.4902954, "p": 79, "v": 69}, {"d": 0.269393921, "p": 76, "v": 67}], "pos": 2.0, "size": 1.0, "_time": 72.41406}, {"$id": 227, "sounds": [{"d": 0.301719666, "p": 52, "v": 44}], "pos": -1.0, "size": 1.0, "_time": 72.41406}, {"$id": 228, "sounds": [{"d": 0.156242371, "p": 60, "v": 44}], "size": 1.0, "_time": 72.671875, "pos": 0}, {"$id": 229, "sounds": [{"d": 0.231681824, "p": 76, "v": 71}], "pos": 1.0, "size": 1.0, "_time": 72.92969}, {"$id": 230, "sounds": [{"d": 0.188575745, "p": 55, "v": 46}], "pos": -2.0, "size": 1.0, "_time": 73.19141}, {"$id": 231, "sounds": [{"d": 0.237068176, "p": 72, "v": 51}, {"d": 0.269393921, "p": 64, "v": 51}], "size": 1.0, "_time": 73.44922, "pos": 0}, {"$id": 232, "sounds": [{"d": 0.129310608, "p": 60, "v": 54}], "pos": -1.0, "size": 1.0, "_time": 73.70703}, {"$id": 233, "sounds": [{"d": 0.242454529, "p": 76, "v": 57}], "pos": 1.0, "size": 1.0, "_time": 73.96484}, {"$id": 234, "sounds": [{"d": 0.140083313, "p": 60, "v": 39}], "pos": -1.0, "size": 1.0, "_time": 74.22266}, {"$id": 235, "sounds": [{"d": 0.220901489, "p": 76, "v": 57}, {"d": 0.2693863, "p": 72, "v": 67}], "pos": 1.0, "size": 1.0, "_time": 74.484375}, {"$id": 236, "sounds": [{"d": 0.118530273, "p": 55, "v": 34}], "pos": -2.0, "size": 1.0, "_time": 74.74219}, {"$id": 237, "sounds": [{"d": 0.0808181763, "p": 60, "v": 39}], "pos": -1.0, "size": 1.0, "_time": 75.25781}, {"$id": 238, "sounds": [{"d": 0.1454773, "p": 60, "v": 36}], "pos": -1.0, "size": 1.0, "_time": 75.77734}, {"$id": 239, "sounds": [{"d": 0.280174255, "p": 62, "v": 73}], "size": 1.0, "_time": 76.03516, "pos": 0}, {"$id": 240, "sounds": [{"d": 0.280174255, "p": 77, "v": 73}], "pos": 2.0, "size": 1.0, "_time": 76.03516}, {"$id": 241, "sounds": [{"d": 0.775863647, "p": 76, "v": 74}], "pos": 1.0, "size": 1.0, "_time": 76.29297}, {"$id": 242, "sounds": [{"d": 0.4040985, "p": 60, "v": 74}], "pos": -1.0, "size": 1.0, "_time": 76.29297}, {"$id": 243, "sounds": [{"d": 0.420257568, "p": 53, "v": 55}], "pos": -2.0, "size": 1.0, "_time": 76.55078}, {"$id": 244, "sounds": [{"d": 0.161636353, "p": 60, "v": 53}], "pos": -1.0, "size": 1.0, "_time": 76.80859}, {"$id": 245, "sounds": [{"d": 0.17780304, "p": 72, "v": 63}], "pos": 1.0, "size": 1.0, "_time": 77.07031}, {"$id": 246, "sounds": [{"d": 0.09159851, "p": 57, "v": 51}], "pos": -2.0, "size": 1.0, "_time": 77.328125}, {"$id": 247, "sounds": [{"d": 0.150863647, "p": 69, "v": 60}], "size": 1.0, "_time": 77.58594, "pos": 0}, {"$id": 248, "sounds": [{"d": 0.129310608, "p": 60, "v": 52}], "pos": -1.0, "size": 1.0, "_time": 77.84375}, {"$id": 249, "sounds": [{"d": 0.237068176, "p": 67, "v": 57}, {"d": 0.215515137, "p": 72, "v": 70}], "pos": 1.0, "size": 1.0, "_time": 78.10156}, {"$id": 250, "sounds": [{"d": 0.113143921, "p": 57, "v": 57}], "pos": -2.0, "size": 1.0, "_time": 78.36328}, {"$id": 251, "sounds": [{"d": 0.269393921, "p": 79, "v": 79}], "pos": 2.0, "size": 1.0, "_time": 78.62109}, {"$id": 252, "sounds": [{"d": 0.13469696, "p": 60, "v": 57}], "pos": -1.0, "size": 1.0, "_time": 78.87891}, {"$id": 253, "sounds": [{"d": 0.150863647, "p": 60, "v": 65}], "pos": -1.0, "size": 1.0, "_time": 79.39844}, {"$id": 254, "sounds": [{"d": 0.172416687, "p": 60, "v": 52}], "pos": -1.0, "size": 1.0, "_time": 79.91406}, {"$id": 255, "sounds": [{"d": 0.528015137, "p": 79, "v": 73}, {"d": 0.237068176, "p": 72, "v": 57}], "pos": 2.0, "size": 1.0, "_time": 80.171875}, {"$id": 256, "sounds": [{"d": 0.237068176, "p": 60, "v": 56}], "pos": -1.0, "size": 1.0, "_time": 80.42969}, {"$id": 257, "sounds": [{"d": 0.49030304, "p": 76, "v": 73}, {"d": 0.237068176, "p": 67, "v": 57}], "pos": 2.0, "size": 1.0, "_time": 80.69141}, {"$id": 258, "sounds": [{"d": 0.29094696, "p": 55, "v": 52}], "pos": -2.0, "size": 1.0, "_time": 80.69141}, {"$id": 259, "sounds": [{"d": 0.161636353, "p": 60, "v": 39}], "pos": -1.0, "size": 1.0, "_time": 80.94922}, {"$id": 260, "sounds": [{"d": 0.231681824, "p": 72, "v": 58}], "pos": 1.0, "size": 1.0, "_time": 81.20703}, {"$id": 261, "sounds": [{"d": 0.123924255, "p": 55, "v": 39}], "pos": -2.0, "size": 1.0, "_time": 81.46484}, {"$id": 262, "sounds": [{"d": 0.280174255, "p": 71, "v": 50}], "pos": 0.5, "size": 1.0, "_time": 81.72266}, {"$id": 263, "sounds": [{"d": 0.161636353, "p": 60, "v": 46}], "pos": -1.0, "size": 1.0, "_time": 81.984375}, {"$id": 264, "sounds": [{"d": 0.247840881, "p": 72, "v": 60}], "pos": 1.0, "size": 1.0, "_time": 82.24219}, {"$id": 265, "sounds": [{"d": 0.1670227, "p": 60, "v": 41}], "pos": -1.0, "size": 1.0, "_time": 82.5}, {"$id": 266, "sounds": [{"d": 0.242454529, "p": 79, "v": 70}], "pos": 2.0, "size": 1.0, "_time": 82.75781}, {"$id": 267, "sounds": [{"d": 0.140083313, "p": 55, "v": 49}], "pos": -2.0, "size": 1.0, "_time": 82.75781}, {"$id": 268, "sounds": [{"d": 0.15625, "p": 67, "v": 21}], "pos": 1.0, "size": 1.0, "_time": 83.015625}, {"$id": 269, "sounds": [{"d": 0.0808181763, "p": 60, "v": 34}], "pos": -1.0, "size": 1.0, "_time": 83.27734}, {"$id": 270, "sounds": [{"d": 0.188575745, "p": 64, "v": 33}], "size": 1.0, "_time": 83.53516, "pos": 0}, {"$id": 271, "sounds": [{"d": 0.199356079, "p": 79, "v": 35}], "pos": 2.0, "size": 1.0, "_time": 83.79297}, {"$id": 272, "sounds": [{"d": 0.09159851, "p": 59, "v": 36}], "pos": -2.0, "size": 1.0, "_time": 83.79297}, {"$id": 273, "sounds": [{"d": 0.1939621, "p": 67, "v": 28}], "size": 1.0, "_time": 84.05078, "pos": 0}, {"$id": 274, "sounds": [{"d": 0.08620453, "p": 60, "v": 39}], "pos": -1.0, "size": 1.0, "_time": 84.30859}, {"$id": 275, "sounds": [{"d": 0.1939621, "p": 72, "v": 29}], "pos": 1.0, "size": 1.0, "_time": 84.57031}, {"$id": 276, "sounds": [{"d": 0.231681824, "p": 79, "v": 50}], "pos": 2.0, "size": 1.0, "_time": 84.828125}, {"$id": 277, "sounds": [{"d": 0.09698486, "p": 62, "v": 35}], "size": 1.0, "_time": 84.828125, "pos": 0}, {"$id": 278, "sounds": [{"d": 0.237068176, "p": 67, "v": 39}], "pos": 1.0, "size": 1.0, "_time": 85.08594}, {"$id": 279, "sounds": [{"d": 0.102371216, "p": 60, "v": 43}], "pos": -1.0, "size": 1.0, "_time": 85.34375}, {"$id": 280, "sounds": [{"d": 0.253234863, "p": 64, "v": 54}], "size": 1.0, "_time": 85.60156, "pos": 0}, {"$id": 281, "sounds": [{"d": 0.231681824, "p": 79, "v": 67}], "pos": 2.0, "size": 1.0, "_time": 85.86328}, {"$id": 282, "sounds": [{"d": 0.140083313, "p": 57, "v": 60}], "pos": -2.0, "size": 1.0, "_time": 85.86328}, {"$id": 283, "sounds": [{"d": 0.258621216, "p": 67, "v": 57}], "size": 1.0, "_time": 86.12109, "pos": 0}, {"$id": 284, "sounds": [{"d": 0.1185379, "p": 60, "v": 65}], "pos": -1.0, "size": 1.0, "_time": 86.37891}, {"$id": 285, "sounds": [{"d": 0.210128784, "p": 72, "v": 62}], "pos": 1.0, "size": 1.0, "_time": 86.63672}, {"$id": 286, "sounds": [{"d": 0.242454529, "p": 79, "v": 70}], "pos": 2.0, "size": 1.0, "_time": 86.89453}, {"$id": 287, "sounds": [{"d": 0.140083313, "p": 53, "v": 49}], "pos": -2.0, "size": 1.0, "_time": 86.89453}, {"$id": 288, "sounds": [{"d": 0.15625, "p": 67, "v": 21}], "pos": 1.0, "size": 1.0, "_time": 87.15625}, {"$id": 289, "sounds": [{"d": 0.0808181763, "p": 60, "v": 34}], "pos": -1.0, "size": 1.0, "_time": 87.41406}, {"$id": 290, "sounds": [{"d": 0.188575745, "p": 64, "v": 33}], "size": 1.0, "_time": 87.671875, "pos": 0}, {"$id": 291, "sounds": [{"d": 0.199356079, "p": 79, "v": 35}], "pos": 2.0, "size": 1.0, "_time": 87.92969}, {"$id": 292, "sounds": [{"d": 0.09159851, "p": 57, "v": 36}], "pos": -2.0, "size": 1.0, "_time": 87.92969}, {"$id": 293, "sounds": [{"d": 0.1939621, "p": 72, "v": 28}], "pos": 1.0, "size": 1.0, "_time": 88.19531}, {"$id": 294, "sounds": [{"d": 0.220901489, "p": 60, "v": 39}], "pos": -1.0, "size": 1.0, "_time": 88.44922}, {"$id": 295, "sounds": [{"d": 0.1939621, "p": 72, "v": 29}], "pos": 1.0, "size": 1.0, "_time": 88.70703}, {"$id": 296, "sounds": [{"d": 0.231681824, "p": 79, "v": 50}], "pos": 2.0, "size": 1.0, "_time": 88.96484}, {"$id": 297, "sounds": [{"d": 0.204742432, "p": 64, "v": 35}], "size": 1.0, "_time": 88.96484, "pos": 0}, {"$id": 298, "sounds": [{"d": 0.1185379, "p": 67, "v": 21}], "pos": 1.0, "size": 1.0, "_time": 89.22266}, {"$id": 299, "sounds": [{"d": 0.102371216, "p": 60, "v": 43}], "pos": -1.0, "size": 1.0, "_time": 89.484375}, {"$id": 300, "sounds": [{"d": 0.253234863, "p": 64, "v": 54}], "size": 1.0, "_time": 89.74219, "pos": 0}, {"$id": 301, "sounds": [{"d": 0.231681824, "p": 79, "v": 67}], "pos": 2.0, "size": 1.0, "_time": 90.0}, {"$id": 302, "sounds": [{"d": 0.140083313, "p": 57, "v": 60}], "pos": -1.0, "size": 1.0, "_time": 90.0}, {"$id": 303, "sounds": [{"d": 0.258621216, "p": 67, "v": 57}], "pos": 1.0, "size": 1.0, "_time": 90.25781}, {"$id": 304, "sounds": [{"d": 0.1185379, "p": 55, "v": 65}], "pos": -2.0, "size": 1.0, "_time": 90.515625}, {"$id": 305, "sounds": [{"d": 0.210128784, "p": 64, "v": 44}], "size": 1.0, "_time": 90.77734, "pos": 0}, {"$id": 306, "sounds": [{"d": 10.3286514, "p": 43, "v": 41}], "pos": -2.0, "size": 1.30000007, "_time": 91.03516}, {"$id": 307, "sounds": [{"d": 0.15625, "p": 48, "v": 47}], "pos": -1.0, "size": 1.30000007, "_time": 91.16406}, {"$id": 308, "sounds": [{"d": 0.161636353, "p": 52, "v": 52}], "pos": -0.5, "size": 1.30000007, "_time": 91.29297}, {"$id": 309, "sounds": [{"d": 9.919167, "p": 60, "v": 73}], "pos": 0.5, "size": 1.30000007, "_time": 91.421875}], "links": [{"notes": [{"$ref": 1}, {"$ref": 2}, {"$ref": 4}]}, {"notes": [{"$ref": 200}, {"$ref": 201}, {"$ref": 202}]}, {"notes": [{"$ref": 204}, {"$ref": 205}, {"$ref": 206}]}, {"notes": [{"$ref": 207}, {"$ref": 208}]}, {"notes": [{"$ref": 306}, {"$ref": 307}, {"$ref": 308}, {"$ref": 309}]}, {"notes": [{"$ref": 69}, {"$ref": 70}]}]}