{"speed": 10.0, "notes": [{"$id": 1, "sounds": [{"d": 0.113461494, "p": 95, "v": 55}], "pos": 1.0, "size": 1.0, "_time": 2.30859375}, {"$id": 2, "sounds": [{"d": 0.113461494, "p": 36, "v": 55}, {"w": 0.0546875, "d": 0.113461494, "p": 48, "v": 55}], "pos": -2.0, "size": 1.30000007, "_time": 2.30859375}, {"$id": 3, "sounds": [{"d": 0.113461494, "p": 100, "v": 82}], "pos": 2.0, "size": 1.0, "_time": 2.6171875}, {"$id": 4, "sounds": [{"d": 0.113461494, "p": 93, "v": 57}], "size": 1.0, "_time": 2.921875, "pos": 0}, {"$id": 5, "sounds": [{"d": 0.113461494, "p": 95, "v": 66}], "pos": 1.0, "size": 1.0, "_time": 3.23046875}, {"$id": 6, "sounds": [{"d": 0.113461494, "p": 100, "v": 83}], "pos": 2.0, "size": 1.0, "_time": 3.5390625}, {"$id": 7, "sounds": [{"d": 0.113461494, "p": 93, "v": 64}], "size": 1.0, "_time": 3.84765625, "pos": 0}, {"$id": 8, "sounds": [{"d": 0.113461494, "p": 95, "v": 60}], "pos": 1.0, "size": 1.0, "_time": 4.15234375}, {"$id": 9, "sounds": [{"d": 0.113461494, "p": 72, "v": 55}, {"w": 0.0546875, "d": 0.113461494, "p": 84, "v": 55}], "pos": -1.0, "size": 1.30000007, "_time": 4.15234375}, {"$id": 10, "sounds": [{"d": 0.113461494, "p": 100, "v": 72}], "pos": 2.0, "size": 1.0, "_time": 4.4609375}, {"$id": 11, "sounds": [{"d": 0.113461494, "p": 93, "v": 55}], "size": 1.0, "_time": 4.76953125, "pos": 0}, {"$id": 12, "sounds": [{"d": 0.113461494, "p": 95, "v": 64}], "pos": 1.0, "size": 1.0, "_time": 5.078125}, {"$id": 13, "sounds": [{"d": 0.113461494, "p": 100, "v": 79}], "pos": 2.0, "size": 1.0, "_time": 5.3828125}, {"$id": 14, "sounds": [{"d": 0.113461494, "p": 93, "v": 66}], "size": 1.0, "_time": 5.69140625, "pos": 0}, {"$id": 15, "sounds": [{"d": 0.113461494, "p": 93, "v": 73}], "size": 1.0, "_time": 6.0, "pos": 0}, {"$id": 16, "sounds": [{"d": 0.113461494, "p": 35, "v": 73}, {"w": 0.0546875, "d": 0.113461494, "p": 47, "v": 73}], "pos": -2.0, "size": 1.30000007, "_time": 6.0}, {"$id": 17, "sounds": [{"d": 0.113461494, "p": 98, "v": 86}], "pos": 1.0, "size": 1.0, "_time": 6.30859375}, {"$id": 18, "sounds": [{"d": 0.113461494, "p": 91, "v": 58}], "pos": -1.0, "size": 1.0, "_time": 6.6171875}, {"$id": 19, "sounds": [{"d": 0.113461494, "p": 93, "v": 75}], "size": 1.0, "_time": 6.921875, "pos": 0}, {"$id": 20, "sounds": [{"d": 0.113461494, "p": 98, "v": 76}], "pos": 1.0, "size": 1.0, "_time": 7.23046875}, {"$id": 21, "sounds": [{"d": 0.113461494, "p": 91, "v": 62}], "pos": -1.0, "size": 1.0, "_time": 7.5390625}, {"$id": 22, "sounds": [{"d": 0.113461494, "p": 93, "v": 57}], "size": 1.0, "_time": 7.84765625, "pos": 0}, {"$id": 23, "sounds": [{"d": 0.113461494, "p": 71, "v": 73}, {"w": 0.0546875, "d": 0.113461971, "p": 83, "v": 73}], "pos": 2.0, "size": 1.30000007, "_time": 7.84765625}, {"$id": 24, "sounds": [{"d": 0.113461494, "p": 98, "v": 73}], "pos": 1.0, "size": 1.0, "_time": 8.152344}, {"$id": 25, "sounds": [{"d": 0.113461494, "p": 91, "v": 58}], "pos": -1.0, "size": 1.0, "_time": 8.4609375}, {"$id": 26, "sounds": [{"d": 0.113461494, "p": 93, "v": 73}], "size": 1.0, "_time": 8.769531, "pos": 0}, {"$id": 27, "sounds": [{"d": 0.113461494, "p": 98, "v": 80}], "pos": 1.0, "size": 1.0, "_time": 9.078125}, {"$id": 28, "sounds": [{"d": 0.113461494, "p": 91, "v": 57}], "pos": -1.0, "size": 1.0, "_time": 9.3828125}, {"$id": 29, "sounds": [{"d": 0.113461494, "p": 91, "v": 64}], "pos": -1.0, "size": 1.0, "_time": 9.691406}, {"$id": 30, "sounds": [{"d": 0.113461494, "p": 33, "v": 64}, {"w": 0.0546875, "d": 0.113461494, "p": 45, "v": 64}], "pos": 1.0, "size": 1.30000007, "_time": 9.691406}, {"$id": 31, "sounds": [{"d": 0.113461494, "p": 96, "v": 82}], "size": 1.0, "_time": 10.0, "pos": 0}, {"$id": 32, "sounds": [{"d": 0.113461494, "p": 90, "v": 55}], "pos": -2.0, "size": 1.0, "_time": 10.3085938}, {"$id": 33, "sounds": [{"d": 0.113461494, "p": 91, "v": 71}], "pos": -1.0, "size": 1.0, "_time": 10.6171875}, {"$id": 34, "sounds": [{"d": 0.113461494, "p": 96, "v": 83}], "size": 1.0, "_time": 10.921875, "pos": 0}, {"$id": 35, "sounds": [{"d": 0.113461494, "p": 90, "v": 60}], "pos": -2.0, "size": 1.0, "_time": 11.2304688}, {"$id": 36, "sounds": [{"d": 0.113461494, "p": 91, "v": 66}], "pos": -1.0, "size": 1.0, "_time": 11.5390625}, {"$id": 37, "sounds": [{"d": 0.113461494, "p": 69, "v": 64}, {"w": 0.0546875, "d": 0.113461494, "p": 81, "v": 64}], "pos": 2.0, "size": 1.30000007, "_time": 11.5390625}, {"$id": 38, "sounds": [{"d": 0.113461494, "p": 96, "v": 83}], "size": 1.0, "_time": 11.8476563, "pos": 0}, {"$id": 39, "sounds": [{"d": 0.113461494, "p": 90, "v": 53}], "pos": -2.0, "size": 1.0, "_time": 12.1523438}, {"$id": 40, "sounds": [{"d": 0.113461494, "p": 91, "v": 64}], "pos": -1.0, "size": 1.0, "_time": 12.4609375}, {"$id": 41, "sounds": [{"d": 0.113461494, "p": 96, "v": 73}], "size": 1.0, "_time": 12.7695313, "pos": 0}, {"$id": 42, "sounds": [{"d": 0.113461494, "p": 90, "v": 55}], "pos": -1.0, "size": 1.0, "_time": 13.078125}, {"$id": 43, "sounds": [{"d": 0.113461494, "p": 90, "v": 68}], "size": 1.0, "_time": 13.3828125, "pos": 0}, {"$id": 44, "sounds": [{"d": 0.113461494, "p": 31, "v": 68}, {"w": 0.0546875, "d": 0.113461494, "p": 43, "v": 68}], "pos": -2.0, "size": 1.30000007, "_time": 13.3828125}, {"$id": 45, "sounds": [{"d": 0.113461494, "p": 95, "v": 80}], "pos": 1.0, "size": 1.0, "_time": 13.6914063}, {"$id": 46, "sounds": [{"d": 0.113461494, "p": 88, "v": 51}], "pos": -1.0, "size": 1.0, "_time": 14.0}, {"$id": 47, "sounds": [{"d": 0.113461494, "p": 90, "v": 68}], "size": 1.0, "_time": 14.3085938, "pos": 0}, {"$id": 48, "sounds": [{"d": 0.113461494, "p": 95, "v": 68}], "pos": 1.0, "size": 1.0, "_time": 14.6171875}, {"$id": 49, "sounds": [{"d": 0.113461494, "p": 88, "v": 57}], "pos": -1.0, "size": 1.0, "_time": 14.921875}, {"$id": 50, "sounds": [{"d": 0.113461494, "p": 90, "v": 75}], "size": 1.0, "_time": 15.2304688, "pos": 0}, {"$id": 51, "sounds": [{"d": 0.113461494, "p": 67, "v": 68}, {"w": 0.0546875, "d": 0.113461494, "p": 79, "v": 68}], "pos": 2.0, "size": 1.30000007, "_time": 15.2304688}, {"$id": 52, "sounds": [{"d": 0.113461494, "p": 95, "v": 89}], "pos": 1.0, "size": 1.0, "_time": 15.5390625}, {"$id": 53, "sounds": [{"d": 0.113461494, "p": 88, "v": 60}], "pos": -1.0, "size": 1.0, "_time": 15.8476563}, {"$id": 54, "sounds": [{"d": 0.113462448, "p": 90, "v": 72}], "pos": -2.0, "size": 1.0, "_time": 16.1523438}, {"$id": 55, "sounds": [{"d": 0.113462448, "p": 91, "v": 66}], "pos": -1.0, "size": 1.0, "_time": 16.4609375}, {"$id": 56, "sounds": [{"d": 0.113462448, "p": 93, "v": 80}], "size": 1.0, "_time": 16.7695313, "pos": 0}, {"$id": 57, "sounds": [{"d": 0.113462448, "p": 95, "v": 55}], "pos": 1.0, "size": 1.0, "_time": 17.078125}, {"$id": 58, "sounds": [{"d": 0.113462448, "p": 36, "v": 55}, {"w": 0.0546875, "d": 0.113462448, "p": 48, "v": 55}], "pos": -2.0, "size": 1.30000007, "_time": 17.078125}, {"$id": 59, "sounds": [{"d": 0.113462448, "p": 100, "v": 82}], "pos": 2.0, "size": 1.0, "_time": 17.3828125}, {"$id": 60, "sounds": [{"d": 0.113462448, "p": 93, "v": 57}], "size": 1.0, "_time": 17.6914063, "pos": 0}, {"$id": 61, "sounds": [{"d": 0.113462448, "p": 95, "v": 66}], "pos": 1.0, "size": 1.0, "_time": 18.0}, {"$id": 62, "sounds": [{"d": 0.113462448, "p": 100, "v": 83}], "pos": 2.0, "size": 1.0, "_time": 18.3085938}, {"$id": 63, "sounds": [{"d": 0.113462448, "p": 93, "v": 64}], "size": 1.0, "_time": 18.6171875, "pos": 0}, {"$id": 64, "sounds": [{"d": 0.113462448, "p": 95, "v": 60}], "pos": 1.0, "size": 1.0, "_time": 18.921875}, {"$id": 65, "sounds": [{"d": 0.113462448, "p": 72, "v": 55}, {"w": 0.0546875, "d": 0.113462448, "p": 84, "v": 55}], "pos": -1.0, "size": 1.30000007, "_time": 18.921875}, {"$id": 66, "sounds": [{"d": 0.113462448, "p": 100, "v": 72}], "pos": 2.0, "size": 1.0, "_time": 19.2304688}, {"$id": 67, "sounds": [{"d": 0.113462448, "p": 93, "v": 55}], "size": 1.0, "_time": 19.5390625, "pos": 0}, {"$id": 68, "sounds": [{"d": 0.113462448, "p": 95, "v": 64}], "pos": 1.0, "size": 1.0, "_time": 19.8476563}, {"$id": 69, "sounds": [{"d": 0.113462448, "p": 100, "v": 79}], "pos": 2.0, "size": 1.0, "_time": 20.1523438}, {"$id": 70, "sounds": [{"d": 0.113462448, "p": 93, "v": 66}], "size": 1.0, "_time": 20.4609375, "pos": 0}, {"$id": 71, "sounds": [{"d": 0.113462448, "p": 93, "v": 73}], "size": 1.0, "_time": 20.7695313, "pos": 0}, {"$id": 72, "sounds": [{"d": 0.113462448, "p": 35, "v": 73}, {"w": 0.0546875, "d": 0.113462448, "p": 47, "v": 73}], "pos": -2.0, "size": 1.30000007, "_time": 20.7695313}, {"$id": 73, "sounds": [{"d": 0.113462448, "p": 98, "v": 86}], "pos": 1.0, "size": 1.0, "_time": 21.078125}, {"$id": 74, "sounds": [{"d": 0.113462448, "p": 91, "v": 58}], "pos": -1.0, "size": 1.0, "_time": 21.3828125}, {"$id": 75, "sounds": [{"d": 0.113462448, "p": 93, "v": 75}], "size": 1.0, "_time": 21.6914063, "pos": 0}, {"$id": 76, "sounds": [{"d": 0.113462448, "p": 98, "v": 76}], "pos": 1.0, "size": 1.0, "_time": 22.0}, {"$id": 77, "sounds": [{"d": 0.113462448, "p": 91, "v": 62}], "pos": -1.0, "size": 1.0, "_time": 22.3085938}, {"$id": 78, "sounds": [{"d": 0.113462448, "p": 93, "v": 57}], "size": 1.0, "_time": 22.6171875, "pos": 0}, {"$id": 79, "sounds": [{"d": 0.113462448, "p": 71, "v": 73}, {"w": 0.0546875, "d": 0.113462448, "p": 83, "v": 73}], "pos": 2.0, "size": 1.30000007, "_time": 22.6171875}, {"$id": 80, "sounds": [{"d": 0.113462448, "p": 98, "v": 73}], "pos": 1.0, "size": 1.0, "_time": 22.921875}, {"$id": 81, "sounds": [{"d": 0.113462448, "p": 91, "v": 58}], "pos": -1.0, "size": 1.0, "_time": 23.2304688}, {"$id": 82, "sounds": [{"d": 0.113462448, "p": 93, "v": 73}], "size": 1.0, "_time": 23.5390625, "pos": 0}, {"$id": 83, "sounds": [{"d": 0.113462448, "p": 98, "v": 80}], "pos": 1.0, "size": 1.0, "_time": 23.8476563}, {"$id": 84, "sounds": [{"d": 0.113462448, "p": 91, "v": 57}], "pos": -1.0, "size": 1.0, "_time": 24.1523438}, {"$id": 85, "sounds": [{"d": 0.113462448, "p": 91, "v": 64}], "pos": -1.0, "size": 1.0, "_time": 24.4609375}, {"$id": 86, "sounds": [{"d": 0.113462448, "p": 33, "v": 64}, {"w": 0.0546875, "d": 0.113462448, "p": 45, "v": 64}], "pos": 1.0, "size": 1.30000007, "_time": 24.4609375}, {"$id": 87, "sounds": [{"d": 0.113462448, "p": 96, "v": 82}], "size": 1.0, "_time": 24.7695313, "pos": 0}, {"$id": 88, "sounds": [{"d": 0.113462448, "p": 90, "v": 55}], "pos": -2.0, "size": 1.0, "_time": 25.078125}, {"$id": 89, "sounds": [{"d": 0.113462448, "p": 91, "v": 71}], "pos": -1.0, "size": 1.0, "_time": 25.3828125}, {"$id": 90, "sounds": [{"d": 0.113462448, "p": 96, "v": 83}], "size": 1.0, "_time": 25.6914063, "pos": 0}, {"$id": 91, "sounds": [{"d": 0.113462448, "p": 90, "v": 60}], "pos": -2.0, "size": 1.0, "_time": 26.0}, {"$id": 92, "sounds": [{"d": 0.113462448, "p": 91, "v": 66}], "pos": -1.0, "size": 1.0, "_time": 26.3085938}, {"$id": 93, "sounds": [{"d": 0.113462448, "p": 69, "v": 64}, {"w": 0.0546875, "d": 0.113462448, "p": 81, "v": 64}], "pos": 2.0, "size": 1.30000007, "_time": 26.3085938}, {"$id": 94, "sounds": [{"d": 0.113462448, "p": 96, "v": 83}], "size": 1.0, "_time": 26.6171875, "pos": 0}, {"$id": 95, "sounds": [{"d": 0.113462448, "p": 90, "v": 53}], "pos": -2.0, "size": 1.0, "_time": 26.921875}, {"$id": 96, "sounds": [{"d": 0.113462448, "p": 91, "v": 64}], "pos": -1.0, "size": 1.0, "_time": 27.2304688}, {"$id": 97, "sounds": [{"d": 0.113462448, "p": 96, "v": 73}], "size": 1.0, "_time": 27.5390625, "pos": 0}, {"$id": 98, "sounds": [{"d": 0.113460541, "p": 90, "v": 55}], "pos": -1.0, "size": 1.0, "_time": 27.8476563}, {"$id": 99, "sounds": [{"d": 0.113462448, "p": 90, "v": 68}], "size": 1.0, "_time": 28.1523438, "pos": 0}, {"$id": 100, "sounds": [{"d": 0.113462448, "p": 31, "v": 68}, {"w": 0.0546875, "d": 0.113462448, "p": 43, "v": 68}], "pos": 2.0, "size": 1.30000007, "_time": 28.1523438}, {"$id": 101, "sounds": [{"d": 0.113462448, "p": 95, "v": 80}], "pos": 1.0, "size": 1.0, "_time": 28.4609375}, {"$id": 102, "sounds": [{"d": 0.113462448, "p": 88, "v": 51}], "pos": -1.0, "size": 1.0, "_time": 28.7695313}, {"$id": 103, "sounds": [{"d": 0.113462448, "p": 90, "v": 68}], "size": 1.0, "_time": 29.078125, "pos": 0}, {"$id": 104, "sounds": [{"d": 0.113462448, "p": 95, "v": 68}], "pos": 1.0, "size": 1.0, "_time": 29.3828125}, {"$id": 105, "sounds": [{"d": 0.113462448, "p": 88, "v": 57}], "pos": -1.0, "size": 1.0, "_time": 29.6914063}, {"$id": 106, "sounds": [{"d": 0.113462448, "p": 90, "v": 75}], "size": 1.0, "_time": 30.0, "pos": 0}, {"$id": 107, "sounds": [{"d": 0.113462448, "p": 27, "v": 68}, {"w": 0.0546875, "d": 0.113462448, "p": 39, "v": 68}], "pos": -2.0, "size": 1.30000007, "_time": 30.0}, {"$id": 108, "sounds": [{"d": 0.113462448, "p": 95, "v": 89}], "pos": 1.0, "size": 1.0, "_time": 30.3085938}, {"$id": 109, "sounds": [{"d": 0.113462448, "p": 87, "v": 60}], "pos": -1.0, "size": 1.0, "_time": 30.6171875}, {"$id": 110, "sounds": [{"d": 0.113462448, "p": 90, "v": 72}], "size": 1.0, "_time": 30.921875, "pos": 0}, {"$id": 111, "sounds": [{"d": 0.113462448, "p": 91, "v": 66}], "pos": 1.0, "size": 1.0, "_time": 31.2304688}, {"$id": 112, "sounds": [{"d": 0.113460541, "p": 87, "v": 80}], "pos": -2.0, "size": 1.0, "_time": 31.5390625}, {"$id": 113, "sounds": [{"d": 0.113462448, "p": 76, "v": 80}], "pos": -1.5, "size": 1.0, "_time": 31.8476563}, {"$id": 114, "sounds": [{"d": 0.113460541, "p": 64, "v": 54}], "pos": -1.0, "size": 1.0, "_time": 32.0}, {"$id": 115, "sounds": [{"d": 0.113460541, "p": 76, "v": 71}], "pos": -1.5, "size": 1.0, "_time": 32.1523438}, {"$id": 116, "sounds": [{"d": 0.113460541, "p": 78, "v": 86}], "pos": 0.5, "size": 1.0, "_time": 32.3085938}, {"$id": 117, "sounds": [{"d": 0.113460541, "p": 66, "v": 68}], "pos": 1.0, "size": 1.0, "_time": 32.4609375}, {"$id": 118, "sounds": [{"d": 0.113460541, "p": 79, "v": 96}], "pos": -1.0, "size": 1.0, "_time": 32.6171875}, {"$id": 119, "sounds": [{"d": 0.113460541, "p": 67, "v": 78}], "pos": -0.5, "size": 1.0, "_time": 32.76953}, {"$id": 120, "sounds": [{"d": 0.113460541, "p": 79, "v": 93}], "pos": -1.0, "size": 1.0, "_time": 32.921875}, {"$id": 121, "sounds": [{"d": 0.113460541, "p": 81, "v": 104}], "pos": 1.0, "size": 1.0, "_time": 33.078125}, {"$id": 122, "sounds": [{"d": 0.113460541, "p": 69, "v": 86}], "pos": 1.5, "size": 1.0, "_time": 33.23047}, {"$id": 123, "sounds": [{"d": 0.113460541, "p": 83, "v": 104}], "pos": -0.5, "size": 1.0, "_time": 33.3828125}, {"$id": 124, "sounds": [{"d": 0.113460541, "p": 71, "v": 80}], "size": 1.0, "_time": 33.5390625, "pos": 0}, {"$id": 125, "sounds": [{"d": 0.113460541, "p": 83, "v": 104}], "pos": -0.5, "size": 1.0, "_time": 33.6914063}, {"$id": 126, "sounds": [{"d": 0.113460541, "p": 84, "v": 113}], "pos": 1.5, "size": 1.0, "_time": 33.8476563}, {"$id": 127, "sounds": [{"d": 0.113460541, "p": 76, "v": 83}], "pos": 1.0, "size": 1.0, "_time": 34.0}, {"$id": 128, "sounds": [{"d": 0.113460541, "p": 85, "v": 114}], "pos": 2.0, "size": 1.0, "_time": 34.1523438}, {"$id": 129, "sounds": [{"d": 0.113460541, "p": 79, "v": 90}], "pos": 1.5, "size": 1.0, "_time": 34.3085938}, {"$id": 130, "sounds": [{"d": 0.113460541, "p": 76, "v": 71}], "pos": 1.0, "size": 1.0, "_time": 34.4609375}, {"$id": 131, "sounds": [{"d": 0.113460541, "p": 84, "v": 86}], "size": 1.0, "_time": 34.6171875, "pos": 0}, {"$id": 132, "sounds": [{"d": 0.113460541, "p": 79, "v": 73}], "pos": -0.5, "size": 1.0, "_time": 34.76953}, {"$id": 133, "sounds": [{"d": 0.113460541, "p": 75, "v": 64}], "pos": -1.0, "size": 1.0, "_time": 34.921875}, {"$id": 134, "sounds": [{"d": 0.151924133, "p": 71, "v": 68}], "pos": 1.0, "size": 1.0, "_time": 35.078125}, {"$id": 135, "sounds": [{"d": 0.151924133, "p": 66, "v": 41}], "pos": 0.5, "size": 1.0, "_time": 35.23047}, {"$id": 136, "sounds": [{"d": 0.151920319, "p": 63, "v": 60}], "size": 1.0, "_time": 35.3828125, "pos": 0}, {"$id": 137, "sounds": [{"d": 0.113460541, "p": 64, "v": 75}], "pos": -2.0, "size": 1.0, "_time": 35.5390625}, {"$id": 138, "sounds": [{"d": 0.113460541, "p": 52, "v": 62}], "pos": -1.5, "size": 1.0, "_time": 35.6914063}, {"$id": 139, "sounds": [{"d": 0.113460541, "p": 64, "v": 80}], "pos": -2.0, "size": 1.0, "_time": 35.8476563}, {"$id": 140, "sounds": [{"d": 0.113460541, "p": 66, "v": 89}], "size": 1.0, "_time": 36.0, "pos": 0}, {"$id": 141, "sounds": [{"d": 0.113460541, "p": 54, "v": 76}], "pos": 0.5, "size": 1.0, "_time": 36.1523438}, {"$id": 142, "sounds": [{"d": 0.113460541, "p": 67, "v": 93}], "pos": -1.5, "size": 1.0, "_time": 36.3085938}, {"$id": 143, "sounds": [{"d": 0.113460541, "p": 55, "v": 65}], "pos": -1.0, "size": 1.0, "_time": 36.4609375}, {"$id": 144, "sounds": [{"d": 0.113460541, "p": 67, "v": 90}], "pos": -1.5, "size": 1.0, "_time": 36.6171875}, {"$id": 145, "sounds": [{"d": 0.113460541, "p": 69, "v": 99}], "pos": 0.5, "size": 1.0, "_time": 36.76953}, {"$id": 146, "sounds": [{"d": 0.113460541, "p": 57, "v": 62}], "pos": 1.0, "size": 1.0, "_time": 36.921875}, {"$id": 147, "sounds": [{"d": 0.113460541, "p": 71, "v": 86}], "pos": -1.0, "size": 1.0, "_time": 37.078125}, {"$id": 148, "sounds": [{"d": 0.113460541, "p": 59, "v": 66}], "pos": -0.5, "size": 1.0, "_time": 37.23047}, {"$id": 149, "sounds": [{"d": 0.113460541, "p": 71, "v": 86}], "pos": -1.0, "size": 1.0, "_time": 37.3828125}, {"$id": 150, "sounds": [{"d": 0.113460541, "p": 72, "v": 93}], "pos": 1.0, "size": 1.0, "_time": 37.5390625}, {"$id": 151, "sounds": [{"d": 0.113460541, "p": 64, "v": 71}], "pos": 0.5, "size": 1.0, "_time": 37.6914063}, {"$id": 152, "sounds": [{"d": 0.113460541, "p": 73, "v": 107}], "pos": 1.5, "size": 1.0, "_time": 37.8476563}, {"$id": 153, "sounds": [{"d": 0.113460541, "p": 67, "v": 90}], "pos": 1.0, "size": 1.0, "_time": 38.0}, {"$id": 154, "sounds": [{"d": 0.113460541, "p": 64, "v": 87}], "pos": 0.5, "size": 1.0, "_time": 38.1523438}, {"$id": 155, "sounds": [{"d": 0.113460541, "p": 72, "v": 89}], "pos": -0.5, "size": 1.0, "_time": 38.3085938}, {"$id": 156, "sounds": [{"d": 0.113460541, "p": 67, "v": 76}], "pos": -1.0, "size": 1.0, "_time": 38.4609375}, {"$id": 157, "sounds": [{"d": 0.113460541, "p": 63, "v": 68}], "pos": -1.5, "size": 1.0, "_time": 38.6171875}, {"$id": 158, "sounds": [{"d": 0.151924133, "p": 59, "v": 80}], "pos": 1.0, "size": 1.0, "_time": 38.76953}, {"$id": 159, "sounds": [{"d": 0.151924133, "p": 54, "v": 57}], "pos": 0.5, "size": 1.0, "_time": 38.921875}, {"$id": 160, "sounds": [{"d": 0.151924133, "p": 51, "v": 82}], "size": 1.0, "_time": 39.078125, "pos": 0}, {"$id": 161, "sounds": [{"d": 0.151924133, "p": 28, "v": 109}, {"d": 0.151924133, "p": 40, "v": 109}], "pos": 1.0, "size": 1.30000007, "_time": 39.23047}, {"$id": 162, "sounds": [{"d": 0.151924133, "p": 59, "v": 109}], "pos": -2.0, "size": 1.0, "_time": 39.23047}, {"$id": 163, "sounds": [{"d": 0.151924133, "p": 64, "v": 112}], "pos": -1.5, "size": 1.0, "_time": 39.3828125}, {"$id": 164, "sounds": [{"d": 0.151924133, "p": 57, "v": 87}], "size": 1.0, "_time": 39.5390625, "pos": 0}, {"$id": 165, "sounds": [{"d": 0.151924133, "p": 59, "v": 90}], "pos": -2.0, "size": 1.0, "_time": 39.6914063}, {"$id": 166, "sounds": [{"d": 0.151924133, "p": 64, "v": 104}], "pos": -1.5, "size": 1.0, "_time": 39.8476563}, {"$id": 167, "sounds": [{"d": 0.151924133, "p": 57, "v": 73}], "size": 1.0, "_time": 40.0, "pos": 0}, {"$id": 168, "sounds": [{"d": 0.151924133, "p": 60, "v": 86}], "pos": -1.5, "size": 1.0, "_time": 40.1523438}, {"$id": 169, "sounds": [{"d": 0.151924133, "p": 66, "v": 97}], "pos": -1.0, "size": 1.0, "_time": 40.3085938}, {"$id": 170, "sounds": [{"d": 0.151924133, "p": 59, "v": 80}], "pos": 0.5, "size": 1.0, "_time": 40.4609375}, {"$id": 171, "sounds": [{"d": 0.151924133, "p": 60, "v": 93}], "pos": -1.5, "size": 1.0, "_time": 40.6171875}, {"$id": 172, "sounds": [{"d": 0.151924133, "p": 66, "v": 107}], "pos": -1.0, "size": 1.0, "_time": 40.76953}, {"$id": 173, "sounds": [{"d": 0.151924133, "p": 59, "v": 97}], "pos": 0.5, "size": 1.0, "_time": 40.921875}, {"$id": 174, "sounds": [{"d": 0.151924133, "p": 62, "v": 101}], "pos": -1.0, "size": 1.0, "_time": 41.078125}, {"$id": 175, "sounds": [{"d": 0.151924133, "p": 67, "v": 109}], "pos": -0.5, "size": 1.0, "_time": 41.23047}, {"$id": 176, "sounds": [{"d": 0.151924133, "p": 60, "v": 81}], "pos": 1.0, "size": 1.0, "_time": 41.3828125}, {"$id": 177, "sounds": [{"d": 0.151924133, "p": 62, "v": 100}], "pos": -1.0, "size": 1.0, "_time": 41.5390625}, {"$id": 178, "sounds": [{"d": 0.151924133, "p": 67, "v": 114}], "pos": -0.5, "size": 1.0, "_time": 41.6914063}, {"$id": 179, "sounds": [{"d": 0.151924133, "p": 60, "v": 108}], "pos": 1.0, "size": 1.0, "_time": 41.8476563}, {"$id": 180, "sounds": [{"d": 0.151924133, "p": 63, "v": 116}], "pos": -0.5, "size": 1.0, "_time": 42.0}, {"$id": 181, "sounds": [{"d": 0.151924133, "p": 69, "v": 125}], "size": 1.0, "_time": 42.1523438, "pos": 0}, {"$id": 182, "sounds": [{"d": 0.151924133, "p": 60, "v": 102}], "pos": 1.5, "size": 1.0, "_time": 42.3085938}, {"$id": 183, "sounds": [{"d": 0.151924133, "p": 63, "v": 115}], "pos": -0.5, "size": 1.0, "_time": 42.4609375}, {"$id": 184, "sounds": [{"d": 0.151924133, "p": 69, "v": 123}], "size": 1.0, "_time": 42.6171875, "pos": 0}, {"$id": 185, "sounds": [{"d": 0.151920319, "p": 60, "v": 98}], "pos": 1.5, "size": 1.0, "_time": 42.76953}, {"$id": 186, "sounds": [{"d": 0.151924133, "p": 28, "v": 115}, {"d": 0.151924133, "p": 40, "v": 115}], "pos": -2.0, "size": 1.30000007, "_time": 42.921875}, {"$id": 187, "sounds": [{"d": 0.151924133, "p": 71, "v": 115}], "size": 1.0, "_time": 42.921875, "pos": 0}, {"$id": 188, "sounds": [{"d": 0.151924133, "p": 76, "v": 114}], "pos": 0.5, "size": 1.0, "_time": 43.078125}, {"$id": 189, "sounds": [{"d": 0.151924133, "p": 69, "v": 87}], "pos": -1.5, "size": 1.0, "_time": 43.23047}, {"$id": 190, "sounds": [{"d": 0.151924133, "p": 71, "v": 86}], "size": 1.0, "_time": 43.3828125, "pos": 0}, {"$id": 191, "sounds": [{"d": 0.151924133, "p": 76, "v": 101}], "pos": 0.5, "size": 1.0, "_time": 43.5390625}, {"$id": 192, "sounds": [{"d": 0.151924133, "p": 69, "v": 84}], "pos": -1.5, "size": 1.0, "_time": 43.6914063}, {"$id": 193, "sounds": [{"d": 0.151924133, "p": 72, "v": 98}], "pos": 0.5, "size": 1.0, "_time": 43.8476563}, {"$id": 194, "sounds": [{"d": 0.151924133, "p": 78, "v": 105}], "pos": 1.0, "size": 1.0, "_time": 44.0}, {"$id": 195, "sounds": [{"d": 0.151924133, "p": 71, "v": 87}], "pos": -1.0, "size": 1.0, "_time": 44.1523438}, {"$id": 196, "sounds": [{"d": 0.151924133, "p": 72, "v": 93}], "pos": 0.5, "size": 1.0, "_time": 44.3085938}, {"$id": 197, "sounds": [{"d": 0.151924133, "p": 78, "v": 98}], "pos": 1.0, "size": 1.0, "_time": 44.4609375}, {"$id": 198, "sounds": [{"d": 0.151924133, "p": 71, "v": 76}], "pos": -1.0, "size": 1.0, "_time": 44.6171875}, {"$id": 199, "sounds": [{"d": 0.151924133, "p": 74, "v": 91}], "pos": 1.0, "size": 1.0, "_time": 44.76953}, {"$id": 200, "sounds": [{"d": 0.151924133, "p": 79, "v": 105}], "pos": 1.5, "size": 1.0, "_time": 44.921875}, {"$id": 201, "sounds": [{"d": 0.151924133, "p": 72, "v": 95}], "pos": -0.5, "size": 1.0, "_time": 45.078125}, {"$id": 202, "sounds": [{"d": 0.151924133, "p": 74, "v": 107}], "pos": 1.0, "size": 1.0, "_time": 45.23047}, {"$id": 203, "sounds": [{"d": 0.151924133, "p": 79, "v": 114}], "pos": 1.5, "size": 1.0, "_time": 45.3828125}, {"$id": 204, "sounds": [{"d": 0.151924133, "p": 72, "v": 98}], "pos": -0.5, "size": 1.0, "_time": 45.5390625}, {"$id": 205, "sounds": [{"d": 0.151924133, "p": 75, "v": 105}], "pos": 1.5, "size": 1.0, "_time": 45.6914063}, {"$id": 206, "sounds": [{"d": 0.151924133, "p": 81, "v": 118}], "pos": 2.0, "size": 1.0, "_time": 45.8476563}, {"$id": 207, "sounds": [{"d": 0.151924133, "p": 72, "v": 104}], "size": 1.0, "_time": 46.0, "pos": 0}, {"$id": 208, "sounds": [{"d": 0.151924133, "p": 75, "v": 118}], "pos": 1.5, "size": 1.0, "_time": 46.1523438}, {"$id": 209, "sounds": [{"d": 0.151924133, "p": 81, "v": 123}], "pos": 2.0, "size": 1.0, "_time": 46.3085938}, {"$id": 210, "sounds": [{"d": 0.151924133, "p": 72, "v": 114}], "size": 1.0, "_time": 46.4609375, "pos": 0}, {"$id": 211, "sounds": [{"d": 0.151924133, "p": 83, "v": 94}, {"d": 0.151924133, "p": 60, "v": 94}], "pos": 2.0, "size": 1.30000007, "_time": 46.6171875}, {"$id": 212, "sounds": [{"d": 0.151924133, "p": 76, "v": 73}], "size": 1.0, "_time": 46.76953, "pos": 0}, {"$id": 213, "sounds": [{"d": 0.151924133, "p": 83, "v": 92}], "pos": 2.0, "size": 1.0, "_time": 46.921875}, {"$id": 214, "sounds": [{"d": 0.151924133, "p": 81, "v": 87}], "size": 1.0, "_time": 47.078125, "pos": 0}, {"$id": 215, "sounds": [{"d": 0.151924133, "p": 81, "v": 75}, {"d": 0.151924133, "p": 59, "v": 75}], "pos": 1.0, "size": 1.30000007, "_time": 47.5390625}, {"$id": 216, "sounds": [{"d": 0.151924133, "p": 74, "v": 62}], "pos": -1.0, "size": 1.0, "_time": 47.6914063}, {"$id": 217, "sounds": [{"d": 0.151924133, "p": 81, "v": 79}], "pos": 1.0, "size": 1.0, "_time": 47.8476563}, {"$id": 218, "sounds": [{"d": 0.151924133, "p": 79, "v": 76}], "pos": -1.0, "size": 1.0, "_time": 48.0}, {"$id": 219, "sounds": [{"d": 0.151924133, "p": 79, "v": 87}, {"d": 0.151924133, "p": 57, "v": 87}], "size": 1.30000007, "_time": 48.4609375, "pos": 0}, {"$id": 220, "sounds": [{"d": 0.151924133, "p": 72, "v": 71}], "pos": -2.0, "size": 1.0, "_time": 48.6171875}, {"$id": 221, "sounds": [{"d": 0.151924133, "p": 79, "v": 83}], "size": 1.0, "_time": 48.76953, "pos": 0}, {"$id": 222, "sounds": [{"d": 0.151924133, "p": 78, "v": 69}], "pos": -2.0, "size": 1.0, "_time": 48.921875}, {"$id": 223, "sounds": [{"d": 0.151924133, "p": 75, "v": 66}], "pos": -1.0, "size": 1.0, "_time": 49.23047}, {"$id": 224, "sounds": [{"d": 0.151924133, "p": 78, "v": 82}], "pos": 1.0, "size": 1.0, "_time": 49.3828125}, {"$id": 225, "sounds": [{"d": 0.151924133, "p": 71, "v": 51}], "pos": -1.0, "size": 1.0, "_time": 49.5390625}, {"$id": 226, "sounds": [{"d": 0.151924133, "p": 78, "v": 76}], "pos": 1.0, "size": 1.0, "_time": 49.6914063}, {"$id": 227, "sounds": [{"d": 0.151924133, "p": 76, "v": 66}], "pos": 0.5, "size": 1.0, "_time": 49.8476563}, {"$id": 228, "sounds": [{"d": 0.151924133, "p": 78, "v": 80}], "size": 1.0, "_time": 50.0, "pos": 0}, {"$id": 229, "sounds": [{"d": 0.151924133, "p": 79, "v": 87}], "size": 1.0, "_time": 50.1523438, "pos": 0}, {"$id": 230, "sounds": [{"d": 0.151924133, "p": 83, "v": 92}, {"d": 0.151924133, "p": 60, "v": 92}], "pos": 1.0, "size": 1.30000007, "_time": 50.3085938}, {"$id": 231, "sounds": [{"d": 0.151924133, "p": 76, "v": 69}], "pos": -1.0, "size": 1.0, "_time": 50.4609375}, {"$id": 232, "sounds": [{"d": 0.151924133, "p": 83, "v": 101}], "pos": 1.0, "size": 1.0, "_time": 50.6171875}, {"$id": 233, "sounds": [{"d": 0.151924133, "p": 81, "v": 83}], "pos": -1.0, "size": 1.0, "_time": 50.76953}, {"$id": 234, "sounds": [{"d": 0.151924133, "p": 86, "v": 92}], "pos": 2.0, "size": 1.0, "_time": 50.921875}, {"$id": 235, "sounds": [{"d": 0.151924133, "p": 81, "v": 79}], "pos": -1.0, "size": 1.0, "_time": 51.078125}, {"$id": 236, "sounds": [{"d": 0.151924133, "p": 81, "v": 87}, {"d": 0.151924133, "p": 59, "v": 87}], "pos": 0.5, "size": 1.30000007, "_time": 51.23047}, {"$id": 237, "sounds": [{"d": 0.151924133, "p": 74, "v": 72}], "pos": -1.5, "size": 1.0, "_time": 51.3828125}, {"$id": 238, "sounds": [{"d": 0.151924133, "p": 81, "v": 94}], "pos": 0.5, "size": 1.0, "_time": 51.5390625}, {"$id": 239, "sounds": [{"d": 0.151924133, "p": 79, "v": 86}], "pos": -1.5, "size": 1.0, "_time": 51.6914063}, {"$id": 240, "sounds": [{"d": 0.151924133, "p": 84, "v": 94}], "pos": 1.5, "size": 1.0, "_time": 51.8476563}, {"$id": 241, "sounds": [{"d": 0.151924133, "p": 79, "v": 86}], "pos": -1.5, "size": 1.0, "_time": 52.0}, {"$id": 242, "sounds": [{"d": 0.151924133, "p": 79, "v": 76}, {"d": 0.151924133, "p": 57, "v": 76}], "size": 1.30000007, "_time": 52.1523438, "pos": 0}, {"$id": 243, "sounds": [{"d": 0.151924133, "p": 72, "v": 64}], "pos": -2.0, "size": 1.0, "_time": 52.3085938}, {"$id": 244, "sounds": [{"d": 0.151924133, "p": 79, "v": 85}], "size": 1.0, "_time": 52.4609375, "pos": 0}, {"$id": 245, "sounds": [{"d": 0.151924133, "p": 78, "v": 89}], "pos": -2.0, "size": 1.0, "_time": 52.6171875}, {"$id": 246, "sounds": [{"d": 0.151924133, "p": 83, "v": 96}], "pos": 1.0, "size": 1.0, "_time": 52.76953}, {"$id": 247, "sounds": [{"d": 0.151924133, "p": 78, "v": 83}], "pos": -2.0, "size": 1.0, "_time": 52.921875}, {"$id": 248, "sounds": [{"d": 0.151924133, "p": 78, "v": 90}], "pos": 1.0, "size": 1.0, "_time": 53.078125}, {"$id": 249, "sounds": [{"d": 0.151924133, "p": 71, "v": 72}], "pos": -1.0, "size": 1.0, "_time": 53.23047}, {"$id": 250, "sounds": [{"d": 0.151924133, "p": 78, "v": 85}], "pos": 1.0, "size": 1.0, "_time": 53.3828125}, {"$id": 251, "sounds": [{"d": 0.151924133, "p": 76, "v": 90}], "pos": 0.5, "size": 1.0, "_time": 53.5390625}, {"$id": 252, "sounds": [{"d": 0.151924133, "p": 78, "v": 94}], "pos": 0.5, "size": 1.0, "_time": 53.6914063}, {"$id": 253, "sounds": [{"d": 0.151924133, "p": 79, "v": 107}], "pos": 1.0, "size": 1.0, "_time": 53.8476563}, {"$id": 254, "sounds": [{"d": 0.151924133, "p": 81, "v": 94}, {"d": 0.151924133, "p": 58, "v": 94}], "pos": 2.0, "size": 1.30000007, "_time": 54.0}, {"$id": 255, "sounds": [{"d": 0.151924133, "p": 74, "v": 73}], "size": 1.0, "_time": 54.1523438, "pos": 0}, {"$id": 256, "sounds": [{"d": 0.151924133, "p": 81, "v": 92}], "pos": 2.0, "size": 1.0, "_time": 54.3085938}, {"$id": 257, "sounds": [{"d": 0.151924133, "p": 79, "v": 87}], "size": 1.0, "_time": 54.4609375, "pos": 0}, {"$id": 258, "sounds": [{"d": 0.151924133, "p": 79, "v": 75}, {"d": 0.151924133, "p": 57, "v": 75}], "pos": 1.0, "size": 1.30000007, "_time": 54.921875}, {"$id": 259, "sounds": [{"d": 0.151924133, "p": 72, "v": 62}], "pos": -1.0, "size": 1.0, "_time": 55.078125}, {"$id": 260, "sounds": [{"d": 0.151924133, "p": 79, "v": 79}], "pos": 1.0, "size": 1.0, "_time": 55.23047}, {"$id": 261, "sounds": [{"d": 0.151924133, "p": 77, "v": 76}], "pos": -1.0, "size": 1.0, "_time": 55.3828125}, {"$id": 262, "sounds": [{"d": 0.151924133, "p": 77, "v": 87}, {"d": 0.151924133, "p": 55, "v": 87}], "size": 1.30000007, "_time": 55.8476563, "pos": 0}, {"$id": 263, "sounds": [{"d": 0.151924133, "p": 70, "v": 71}], "pos": -2.0, "size": 1.0, "_time": 56.0}, {"$id": 264, "sounds": [{"d": 0.151924133, "p": 77, "v": 83}], "size": 1.0, "_time": 56.1523438, "pos": 0}, {"$id": 265, "sounds": [{"d": 0.151924133, "p": 76, "v": 69}], "pos": -2.0, "size": 1.0, "_time": 56.3085938}, {"$id": 266, "sounds": [{"d": 0.151924133, "p": 73, "v": 66}], "pos": -1.0, "size": 1.0, "_time": 56.6171875}, {"$id": 267, "sounds": [{"d": 0.151924133, "p": 76, "v": 82}], "pos": 1.0, "size": 1.0, "_time": 56.76953}, {"$id": 268, "sounds": [{"d": 0.151924133, "p": 69, "v": 51}], "pos": -1.0, "size": 1.0, "_time": 56.921875}, {"$id": 269, "sounds": [{"d": 0.151924133, "p": 76, "v": 76}], "pos": 1.0, "size": 1.0, "_time": 57.078125}, {"$id": 270, "sounds": [{"d": 0.151924133, "p": 74, "v": 66}], "pos": 0.5, "size": 1.0, "_time": 57.23047}, {"$id": 271, "sounds": [{"d": 0.151924133, "p": 76, "v": 80}], "size": 1.0, "_time": 57.3828125, "pos": 0}, {"$id": 272, "sounds": [{"d": 0.151924133, "p": 77, "v": 87}], "size": 1.0, "_time": 57.5390625, "pos": 0}, {"$id": 273, "sounds": [{"d": 0.151920319, "p": 81, "v": 92}, {"d": 0.151920319, "p": 58, "v": 92}], "pos": 1.0, "size": 1.30000007, "_time": 57.6914063}, {"$id": 274, "sounds": [{"d": 0.151924133, "p": 74, "v": 69}], "pos": -1.0, "size": 1.0, "_time": 57.8476563}, {"$id": 275, "sounds": [{"d": 0.151924133, "p": 81, "v": 101}], "pos": 1.0, "size": 1.0, "_time": 58.0}, {"$id": 276, "sounds": [{"d": 0.151924133, "p": 79, "v": 83}], "pos": -1.0, "size": 1.0, "_time": 58.1523438}, {"$id": 277, "sounds": [{"d": 0.151924133, "p": 84, "v": 92}], "pos": 2.0, "size": 1.0, "_time": 58.3085938}, {"$id": 278, "sounds": [{"d": 0.151924133, "p": 79, "v": 79}], "pos": -1.0, "size": 1.0, "_time": 58.4609375}, {"$id": 279, "sounds": [{"d": 0.151924133, "p": 79, "v": 87}, {"d": 0.151924133, "p": 57, "v": 87}], "pos": 0.5, "size": 1.30000007, "_time": 58.6171875}, {"$id": 280, "sounds": [{"d": 0.151924133, "p": 72, "v": 72}], "pos": -1.5, "size": 1.0, "_time": 58.76953}, {"$id": 281, "sounds": [{"d": 0.151924133, "p": 79, "v": 94}], "pos": 0.5, "size": 1.0, "_time": 58.921875}, {"$id": 282, "sounds": [{"d": 0.151924133, "p": 77, "v": 86}], "pos": -1.5, "size": 1.0, "_time": 59.078125}, {"$id": 283, "sounds": [{"d": 0.151924133, "p": 82, "v": 94}], "pos": 1.5, "size": 1.0, "_time": 59.23047}, {"$id": 284, "sounds": [{"d": 0.151924133, "p": 77, "v": 86}], "pos": -1.5, "size": 1.0, "_time": 59.3828125}, {"$id": 285, "sounds": [{"d": 0.151924133, "p": 77, "v": 76}, {"d": 0.151924133, "p": 55, "v": 76}], "size": 1.30000007, "_time": 59.5390625, "pos": 0}, {"$id": 286, "sounds": [{"d": 0.151924133, "p": 70, "v": 64}], "pos": -2.0, "size": 1.0, "_time": 59.6914063}, {"$id": 287, "sounds": [{"d": 0.151924133, "p": 77, "v": 85}], "size": 1.0, "_time": 59.8476563, "pos": 0}, {"$id": 288, "sounds": [{"d": 0.151924133, "p": 76, "v": 89}], "pos": -2.0, "size": 1.0, "_time": 60.0}, {"$id": 289, "sounds": [{"d": 0.151924133, "p": 81, "v": 96}], "pos": 1.0, "size": 1.0, "_time": 60.1523438}, {"$id": 290, "sounds": [{"d": 0.151924133, "p": 76, "v": 83}], "pos": -2.0, "size": 1.0, "_time": 60.3085938}, {"$id": 291, "sounds": [{"d": 0.151924133, "p": 76, "v": 90}], "pos": 1.0, "size": 1.0, "_time": 60.4609375}, {"$id": 292, "sounds": [{"d": 0.151924133, "p": 69, "v": 72}], "pos": -1.0, "size": 1.0, "_time": 60.6171875}, {"$id": 293, "sounds": [{"d": 0.151924133, "p": 76, "v": 85}], "pos": 1.0, "size": 1.0, "_time": 60.76953}, {"$id": 294, "sounds": [{"d": 0.151924133, "p": 74, "v": 90}], "pos": 0.5, "size": 1.0, "_time": 60.921875}, {"$id": 295, "sounds": [{"d": 0.151920319, "p": 91, "v": 85}], "pos": 1.0, "size": 1.0, "_time": 61.3828125}, {"$id": 296, "sounds": [{"d": 0.113460541, "p": 76, "v": 78}], "pos": -2.0, "size": 1.0, "_time": 61.3828125}, {"$id": 297, "sounds": [{"d": 0.151920319, "p": 96, "v": 92}], "pos": 2.0, "size": 1.0, "_time": 61.6914063}, {"$id": 298, "sounds": [{"d": 0.113460541, "p": 84, "v": 79}], "pos": -1.0, "size": 1.0, "_time": 61.6914063}, {"$id": 299, "sounds": [{"d": 0.151924133, "p": 91, "v": 54}], "pos": 2.0, "size": 1.0, "_time": 62.1523438}, {"$id": 300, "sounds": [{"d": 0.151924133, "p": 91, "v": 75}], "pos": 2.0, "size": 1.0, "_time": 62.3085938}, {"$id": 301, "sounds": [{"d": 0.151924133, "p": 77, "v": 76}], "pos": -1.0, "size": 1.0, "_time": 62.3085938}, {"$id": 302, "sounds": [{"d": 0.151924133, "p": 89, "v": 65}], "pos": 1.0, "size": 1.0, "_time": 62.6171875}, {"$id": 303, "sounds": [{"d": 0.151924133, "p": 84, "v": 75}], "pos": -2.0, "size": 1.0, "_time": 62.6171875}, {"$id": 304, "sounds": [{"d": 0.151924133, "p": 84, "v": 51}], "size": 1.0, "_time": 62.921875, "pos": 0}, {"$id": 305, "sounds": [{"d": 0.151924133, "p": 89, "v": 64}], "pos": 1.0, "size": 1.0, "_time": 63.23047}, {"$id": 306, "sounds": [{"d": 0.151924133, "p": 74, "v": 62}], "pos": -2.0, "size": 1.0, "_time": 63.23047}, {"$id": 307, "sounds": [{"d": 0.151924133, "p": 96, "v": 86}], "pos": 2.0, "size": 1.0, "_time": 63.5390625}, {"$id": 308, "sounds": [{"d": 0.151924133, "p": 84, "v": 78}], "pos": -1.0, "size": 1.0, "_time": 63.5390625}, {"$id": 309, "sounds": [{"d": 0.151924133, "p": 89, "v": 48}], "pos": 1.0, "size": 1.0, "_time": 64.0}, {"$id": 310, "sounds": [{"d": 0.151924133, "p": 88, "v": 66}], "pos": 1.0, "size": 1.0, "_time": 64.15234}, {"$id": 311, "sounds": [{"d": 0.151924133, "p": 76, "v": 73}], "pos": -2.0, "size": 1.0, "_time": 64.15234}, {"$id": 312, "sounds": [{"d": 0.151924133, "p": 84, "v": 82}], "pos": -1.0, "size": 1.0, "_time": 64.46094}, {"$id": 313, "sounds": [{"d": 0.151924133, "p": 83, "v": 82}], "pos": -1.0, "size": 1.0, "_time": 64.76953}, {"$id": 314, "sounds": [{"d": 0.151924133, "p": 86, "v": 68}], "pos": 1.0, "size": 1.0, "_time": 64.76953}, {"$id": 315, "sounds": [{"d": 0.151924133, "p": 84, "v": 60}], "size": 1.0, "_time": 64.921875, "pos": 0}, {"$id": 316, "sounds": [{"d": 0.1519165, "p": 79, "v": 73}], "pos": -1.0, "size": 1.0, "_time": 65.078125}, {"$id": 317, "sounds": [{"d": 0.1519165, "p": 86, "v": 73}], "pos": 1.0, "size": 1.0, "_time": 65.078125}, {"$id": 318, "sounds": [{"d": 0.151924133, "p": 88, "v": 65}], "size": 1.0, "_time": 65.38281, "pos": 0}, {"$id": 319, "sounds": [{"d": 0.151924133, "p": 91, "v": 83}], "pos": 2.0, "size": 1.0, "_time": 65.69141}, {"$id": 320, "sounds": [{"d": 0.151924133, "p": 84, "v": 71}], "pos": 1.0, "size": 1.0, "_time": 66.0}, {"$id": 321, "sounds": [{"d": 0.151924133, "p": 81, "v": 71}], "pos": -2.0, "size": 1.0, "_time": 66.0}, {"$id": 322, "sounds": [{"d": 0.151924133, "p": 83, "v": 43}], "pos": 1.0, "size": 1.0, "_time": 66.61719}, {"$id": 323, "sounds": [{"d": 0.151924133, "p": 79, "v": 43}], "pos": -2.0, "size": 1.0, "_time": 66.61719}, {"$id": 324, "sounds": [{"d": 0.151924133, "p": 84, "v": 60}], "pos": 2.0, "size": 1.0, "_time": 66.921875}, {"$id": 325, "sounds": [{"d": 0.151924133, "p": 77, "v": 60}], "pos": -1.0, "size": 1.0, "_time": 66.921875}, {"$id": 326, "sounds": [{"d": 0.151924133, "p": 81, "v": 50}], "pos": 1.0, "size": 1.0, "_time": 67.23047}, {"$id": 327, "sounds": [{"d": 0.151924133, "p": 77, "v": 75}], "size": 1.0, "_time": 67.53906, "pos": 0}, {"$id": 328, "sounds": [{"d": 0.151924133, "p": 86, "v": 73}], "pos": 2.0, "size": 1.0, "_time": 67.84766}, {"$id": 329, "sounds": [{"d": 0.151924133, "p": 79, "v": 73}], "pos": -1.0, "size": 1.0, "_time": 67.84766}, {"$id": 330, "sounds": [{"d": 0.1519165, "p": 74, "v": 61}], "size": 1.0, "_time": 68.46094, "pos": 0}, {"$id": 331, "sounds": [{"d": 0.151924133, "p": 91, "v": 80}], "pos": 1.0, "size": 1.0, "_time": 68.76953}, {"$id": 332, "sounds": [{"d": 0.113464355, "p": 76, "v": 78}], "pos": -2.0, "size": 1.0, "_time": 68.76953}, {"$id": 333, "sounds": [{"d": 0.151924133, "p": 96, "v": 94}], "pos": 2.0, "size": 1.0, "_time": 69.078125}, {"$id": 334, "sounds": [{"d": 0.113464355, "p": 84, "v": 79}], "pos": -1.0, "size": 1.0, "_time": 69.078125}, {"$id": 335, "sounds": [{"d": 0.151924133, "p": 91, "v": 54}], "pos": 1.0, "size": 1.0, "_time": 69.53906}, {"$id": 336, "sounds": [{"d": 0.151924133, "p": 77, "v": 76}], "size": 1.0, "_time": 69.69141, "pos": 0}, {"$id": 337, "sounds": [{"d": 0.151924133, "p": 98, "v": 75}], "pos": 2.0, "size": 1.0, "_time": 69.69141}, {"$id": 338, "sounds": [{"d": 0.151924133, "p": 95, "v": 65}], "pos": 1.0, "size": 1.0, "_time": 70.0}, {"$id": 339, "sounds": [{"d": 0.151924133, "p": 86, "v": 75}], "pos": -1.0, "size": 1.0, "_time": 70.0}, {"$id": 340, "sounds": [{"d": 0.151924133, "p": 91, "v": 51}], "size": 1.0, "_time": 70.30859, "pos": 0}, {"$id": 341, "sounds": [{"d": 0.151924133, "p": 83, "v": 51}], "pos": -2.0, "size": 1.0, "_time": 70.30859}, {"$id": 342, "sounds": [{"d": 0.151924133, "p": 89, "v": 64}], "pos": 1.0, "size": 1.0, "_time": 70.61719}, {"$id": 343, "sounds": [{"d": 0.151924133, "p": 74, "v": 62}], "pos": -2.0, "size": 1.0, "_time": 70.61719}, {"$id": 344, "sounds": [{"d": 0.151924133, "p": 96, "v": 86}], "pos": 2.0, "size": 1.0, "_time": 70.921875}, {"$id": 345, "sounds": [{"d": 0.151924133, "p": 84, "v": 78}], "pos": -1.0, "size": 1.0, "_time": 70.921875}, {"$id": 346, "sounds": [{"d": 0.151924133, "p": 89, "v": 48}], "pos": 1.0, "size": 1.0, "_time": 71.38281}, {"$id": 347, "sounds": [{"d": 0.151924133, "p": 88, "v": 66}], "pos": 1.0, "size": 1.0, "_time": 71.53906}, {"$id": 348, "sounds": [{"d": 0.151924133, "p": 76, "v": 73}], "pos": -2.0, "size": 1.0, "_time": 71.53906}, {"$id": 349, "sounds": [{"d": 0.151924133, "p": 86, "v": 57}], "size": 1.0, "_time": 72.15234, "pos": 0}, {"$id": 350, "sounds": [{"d": 0.151924133, "p": 74, "v": 61}], "pos": -2.0, "size": 1.0, "_time": 72.15234}, {"$id": 351, "sounds": [{"d": 0.151924133, "p": 84, "v": 75}], "pos": -1.0, "size": 1.0, "_time": 72.30859}, {"$id": 352, "sounds": [{"d": 0.151924133, "p": 87, "v": 68}], "size": 1.0, "_time": 72.46094, "pos": 0}, {"$id": 353, "sounds": [{"d": 0.151924133, "p": 79, "v": 69}], "pos": -2.0, "size": 1.0, "_time": 72.46094}, {"$id": 354, "sounds": [{"d": 0.151924133, "p": 89, "v": 58}], "pos": 1.0, "size": 1.0, "_time": 72.76953}, {"$id": 355, "sounds": [{"d": 0.151924133, "p": 82, "v": 69}], "pos": -1.0, "size": 1.0, "_time": 72.76953}, {"$id": 356, "sounds": [{"d": 0.151924133, "p": 91, "v": 78}], "pos": 2.0, "size": 1.0, "_time": 73.078125}, {"$id": 357, "sounds": [{"d": 0.151924133, "p": 89, "v": 78}], "pos": 1.0, "size": 1.0, "_time": 73.38281}, {"$id": 358, "sounds": [{"d": 0.151924133, "p": 80, "v": 69}], "pos": -1.0, "size": 1.0, "_time": 73.38281}, {"$id": 359, "sounds": [{"d": 0.151924133, "p": 84, "v": 55}], "size": 1.0, "_time": 73.69141, "pos": 0}, {"$id": 360, "sounds": [{"d": 0.151924133, "p": 81, "v": 69}], "pos": -2.0, "size": 1.0, "_time": 73.69141}, {"$id": 361, "sounds": [{"d": 0.151924133, "p": 89, "v": 72}], "pos": -1.0, "size": 1.0, "_time": 74.0}, {"$id": 362, "sounds": [{"d": 0.151924133, "p": 89, "v": 82}], "size": 1.0, "_time": 74.30859, "pos": 0}, {"$id": 363, "sounds": [{"d": 0.151924133, "p": 81, "v": 73}], "pos": -2.0, "size": 1.0, "_time": 74.30859}, {"$id": 364, "sounds": [{"d": 0.151924133, "p": 91, "v": 66}], "pos": 1.0, "size": 1.0, "_time": 74.61719}, {"$id": 365, "sounds": [{"d": 0.151924133, "p": 84, "v": 73}], "pos": -1.0, "size": 1.0, "_time": 74.61719}, {"$id": 366, "sounds": [{"d": 0.151924133, "p": 92, "v": 79}], "pos": 2.0, "size": 1.0, "_time": 74.921875}, {"$id": 367, "sounds": [{"d": 0.151924133, "p": 91, "v": 86}], "pos": 1.0, "size": 1.0, "_time": 75.23047}, {"$id": 368, "sounds": [{"d": 0.151924133, "p": 82, "v": 82}], "pos": -1.0, "size": 1.0, "_time": 75.23047}, {"$id": 369, "sounds": [{"d": 0.151924133, "p": 87, "v": 73}], "size": 1.0, "_time": 75.53906, "pos": 0}, {"$id": 370, "sounds": [{"d": 0.1519165, "p": 83, "v": 76}], "pos": -1.0, "size": 1.0, "_time": 75.84766}, {"$id": 371, "sounds": [{"d": 0.151924133, "p": 84, "v": 76}, {"d": 0.151924133, "p": 68, "v": 76}], "pos": 2.0, "size": 1.30000007, "_time": 76.15234}, {"$id": 372, "sounds": [{"d": 0.151924133, "p": 77, "v": 51}], "size": 1.0, "_time": 76.30859, "pos": 0}, {"$id": 373, "sounds": [{"d": 0.151924133, "p": 84, "v": 66}], "pos": 2.0, "size": 1.0, "_time": 76.46094}, {"$id": 374, "sounds": [{"d": 0.151924133, "p": 82, "v": 58}], "pos": 1.5, "size": 1.0, "_time": 76.61719}, {"$id": 375, "sounds": [{"d": 0.151924133, "p": 75, "v": 37}], "size": 1.0, "_time": 76.76953, "pos": 0}, {"$id": 376, "sounds": [{"d": 0.151924133, "p": 82, "v": 53}], "pos": 1.5, "size": 1.0, "_time": 76.921875}, {"$id": 377, "sounds": [{"d": 0.151924133, "p": 80, "v": 53}], "pos": 1.0, "size": 1.0, "_time": 77.078125}, {"$id": 378, "sounds": [{"d": 0.151924133, "p": 74, "v": 30}], "pos": -0.5, "size": 1.0, "_time": 77.23047}, {"$id": 379, "sounds": [{"d": 0.151924133, "p": 80, "v": 34}], "pos": 1.5, "size": 1.0, "_time": 77.38281}, {"$id": 380, "sounds": [{"d": 0.151924133, "p": 79, "v": 39}], "pos": 1.0, "size": 1.0, "_time": 77.53906}, {"$id": 381, "sounds": [{"d": 0.151924133, "p": 72, "v": 29}], "pos": -0.5, "size": 1.0, "_time": 77.69141}, {"$id": 382, "sounds": [{"d": 0.151924133, "p": 79, "v": 46}], "pos": 1.0, "size": 1.0, "_time": 77.84766}, {"$id": 383, "sounds": [{"d": 0.151924133, "p": 77, "v": 51}], "pos": 0.5, "size": 1.0, "_time": 78.0}, {"$id": 384, "sounds": [{"d": 0.151924133, "p": 70, "v": 44}], "pos": -1.0, "size": 1.0, "_time": 78.15234}, {"$id": 385, "sounds": [{"d": 0.151924133, "p": 77, "v": 54}], "pos": 1.0, "size": 1.0, "_time": 78.30859}, {"$id": 386, "sounds": [{"d": 0.151924133, "p": 75, "v": 68}], "pos": 0.5, "size": 1.0, "_time": 78.46094}, {"$id": 387, "sounds": [{"d": 0.151924133, "p": 67, "v": 46}], "pos": -1.0, "size": 1.0, "_time": 78.61719}, {"$id": 388, "sounds": [{"d": 0.151924133, "p": 75, "v": 65}], "pos": 0.5, "size": 1.0, "_time": 78.76953}, {"$id": 389, "sounds": [{"d": 0.151924133, "p": 74, "v": 78}], "size": 1.0, "_time": 78.921875, "pos": 0}, {"$id": 390, "sounds": [{"d": 0.151924133, "p": 69, "v": 54}], "pos": -1.5, "size": 1.0, "_time": 79.078125}, {"$id": 391, "sounds": [{"d": 0.151924133, "p": 74, "v": 75}], "pos": 0.5, "size": 1.0, "_time": 79.23047}, {"$id": 392, "sounds": [{"d": 0.151924133, "p": 72, "v": 78}], "size": 1.0, "_time": 79.38281, "pos": 0}, {"$id": 393, "sounds": [{"d": 0.151924133, "p": 67, "v": 61}], "pos": -1.5, "size": 1.0, "_time": 79.53906}, {"$id": 394, "sounds": [{"d": 0.151924133, "p": 71, "v": 85}], "size": 1.0, "_time": 79.69141, "pos": 0}, {"$id": 395, "sounds": [{"d": 0.1519165, "p": 56, "v": 89}, {"d": 0.1519165, "p": 72, "v": 89}], "size": 1.30000007, "_time": 79.84766, "pos": 0}, {"$id": 396, "sounds": [{"d": 0.151924133, "p": 65, "v": 72}], "pos": 1.5, "size": 1.0, "_time": 80.0}, {"$id": 397, "sounds": [{"d": 0.151924133, "p": 72, "v": 86}], "size": 1.0, "_time": 80.15234, "pos": 0}, {"$id": 398, "sounds": [{"d": 0.151924133, "p": 70, "v": 90}], "pos": -0.5, "size": 1.0, "_time": 80.30859}, {"$id": 399, "sounds": [{"d": 0.151924133, "p": 63, "v": 65}], "pos": 1.5, "size": 1.0, "_time": 80.46094}, {"$id": 400, "sounds": [{"d": 0.151924133, "p": 70, "v": 90}], "pos": -0.5, "size": 1.0, "_time": 80.61719}, {"$id": 401, "sounds": [{"d": 0.151924133, "p": 68, "v": 103}], "pos": -1.0, "size": 1.0, "_time": 80.76953}, {"$id": 402, "sounds": [{"d": 0.151924133, "p": 62, "v": 72}], "pos": 1.0, "size": 1.0, "_time": 80.921875}, {"$id": 403, "sounds": [{"d": 0.151924133, "p": 68, "v": 92}], "pos": -0.5, "size": 1.0, "_time": 81.078125}, {"$id": 404, "sounds": [{"d": 0.151924133, "p": 67, "v": 104}], "pos": -1.0, "size": 1.0, "_time": 81.23047}, {"$id": 405, "sounds": [{"d": 0.151924133, "p": 60, "v": 78}], "pos": 1.0, "size": 1.0, "_time": 81.38281}, {"$id": 406, "sounds": [{"d": 0.151924133, "p": 67, "v": 101}], "pos": -1.0, "size": 1.0, "_time": 81.53906}, {"$id": 407, "sounds": [{"d": 0.151924133, "p": 65, "v": 107}], "pos": -1.5, "size": 1.0, "_time": 81.69141}, {"$id": 408, "sounds": [{"d": 0.151924133, "p": 58, "v": 89}], "pos": 0.5, "size": 1.0, "_time": 81.84766}, {"$id": 409, "sounds": [{"d": 0.151924133, "p": 65, "v": 101}], "pos": -1.0, "size": 1.0, "_time": 82.0}, {"$id": 410, "sounds": [{"d": 0.151924133, "p": 63, "v": 103}], "pos": -1.5, "size": 1.0, "_time": 82.15234}, {"$id": 411, "sounds": [{"d": 0.151924133, "p": 55, "v": 79}], "pos": 0.5, "size": 1.0, "_time": 82.30859}, {"$id": 412, "sounds": [{"d": 0.151924133, "p": 63, "v": 106}], "pos": -1.5, "size": 1.0, "_time": 82.46094}, {"$id": 413, "sounds": [{"d": 0.151924133, "p": 62, "v": 108}], "pos": -2.0, "size": 1.0, "_time": 82.61719}, {"$id": 414, "sounds": [{"d": 0.151924133, "p": 57, "v": 78}], "size": 1.0, "_time": 82.76953, "pos": 0}, {"$id": 415, "sounds": [{"d": 0.151924133, "p": 62, "v": 101}], "pos": -1.5, "size": 1.0, "_time": 82.921875}, {"$id": 416, "sounds": [{"d": 0.151924133, "p": 60, "v": 90}], "pos": -2.0, "size": 1.0, "_time": 83.078125}, {"$id": 417, "sounds": [{"d": 0.151924133, "p": 55, "v": 69}], "size": 1.0, "_time": 83.23047, "pos": 0}, {"$id": 418, "sounds": [{"d": 0.151924133, "p": 59, "v": 80}], "pos": -2.0, "size": 1.0, "_time": 83.38672}, {"$id": 419, "sounds": [{"d": 0.151924133, "p": 60, "v": 62}, {"w": 0.01953125, "d": 0.151924133, "p": 72, "v": 62}], "pos": 1.0, "size": 1.0, "_time": 83.53906}, {"$id": 420, "sounds": [{"d": 0.151924133, "p": 36, "v": 62}, {"d": 0.151924133, "p": 48, "v": 62}], "pos": -1.0, "size": 1.30000007, "_time": 83.53906}, {"$id": 421, "sounds": [{"d": 0.151924133, "p": 63, "v": 69}, {"w": 0.01953125, "d": 0.151924133, "p": 75, "v": 69}], "pos": 2.0, "size": 1.0, "_time": 84.46094}, {"$id": 422, "sounds": [{"d": 0.151924133, "p": 62, "v": 48}, {"w": 0.015625, "d": 0.151924133, "p": 74, "v": 48}], "pos": 1.0, "size": 1.0, "_time": 85.38672}, {"$id": 423, "sounds": [{"d": 0.151924133, "p": 35, "v": 48}, {"d": 0.151924133, "p": 47, "v": 48}], "pos": -2.0, "size": 1.30000007, "_time": 85.38672}, {"$id": 424, "sounds": [{"d": 0.151924133, "p": 65, "v": 61}, {"w": 0.015625, "d": 0.151924133, "p": 77, "v": 61}], "pos": 2.0, "size": 1.0, "_time": 86.30859}, {"$id": 425, "sounds": [{"d": 0.151931763, "p": 67, "v": 53}, {"w": 0.01953125, "d": 0.151931763, "p": 79, "v": 53}], "size": 1.0, "_time": 87.23047, "pos": 0}, {"$id": 426, "sounds": [{"d": 0.151931763, "p": 34, "v": 53}, {"d": 0.151931763, "p": 46, "v": 53}], "pos": -2.0, "size": 1.30000007, "_time": 87.23047}, {"$id": 427, "sounds": [{"d": 0.151924133, "p": 72, "v": 72}, {"w": 0.01953125, "d": 0.151924133, "p": 84, "v": 72}], "pos": 2.0, "size": 1.0, "_time": 87.921875}, {"$id": 428, "sounds": [{"d": 0.151924133, "p": 67, "v": 72}, {"w": 0.015625, "d": 0.151924133, "p": 79, "v": 72}], "size": 1.0, "_time": 88.61719, "pos": 0}, {"$id": 429, "sounds": [{"d": 0.151924133, "p": 65, "v": 68}, {"w": 0.015625, "d": 0.151924133, "p": 77, "v": 68}], "pos": 1.0, "size": 1.0, "_time": 89.078125}, {"$id": 430, "sounds": [{"d": 0.151924133, "p": 33, "v": 68}, {"d": 0.151924133, "p": 45, "v": 68}], "pos": -1.0, "size": 1.30000007, "_time": 89.078125}, {"$id": 431, "sounds": [{"d": 0.151924133, "p": 63, "v": 47}, {"w": 0.01953125, "d": 0.151924133, "p": 75, "v": 47}], "size": 1.0, "_time": 90.46094, "pos": 0}, {"$id": 432, "sounds": [{"d": 0.151924133, "p": 65, "v": 64}, {"w": 0.01953125, "d": 0.151924133, "p": 77, "v": 64}], "pos": 1.0, "size": 1.0, "_time": 90.921875}, {"$id": 433, "sounds": [{"d": 0.151924133, "p": 32, "v": 64}, {"d": 0.151924133, "p": 44, "v": 64}], "pos": -1.0, "size": 1.30000007, "_time": 90.921875}, {"$id": 434, "sounds": [{"d": 0.151924133, "p": 72, "v": 75}, {"w": 0.015625, "d": 0.151924133, "p": 84, "v": 75}], "pos": 2.0, "size": 1.0, "_time": 91.84766}, {"$id": 435, "sounds": [{"d": 0.1519165, "p": 70, "v": 50}, {"w": 0.01953125, "d": 0.151924133, "p": 82, "v": 50}], "pos": 1.0, "size": 1.0, "_time": 92.53906}, {"$id": 436, "sounds": [{"d": 0.151924133, "p": 70, "v": 68}, {"w": 0.01953125, "d": 0.151924133, "p": 82, "v": 68}], "pos": 1.0, "size": 1.0, "_time": 92.76953}, {"$id": 437, "sounds": [{"d": 0.151924133, "p": 31, "v": 68}, {"d": 0.151924133, "p": 43, "v": 68}], "pos": -1.0, "size": 1.30000007, "_time": 92.76953}, {"$id": 438, "sounds": [{"d": 0.151924133, "p": 63, "v": 53}, {"w": 0.01953125, "d": 0.151924133, "p": 75, "v": 53}], "size": 1.0, "_time": 93.69141, "pos": 0}, {"$id": 439, "sounds": [{"d": 0.151924133, "p": 65, "v": 64}, {"w": 0.015625, "d": 0.151924133, "p": 77, "v": 64}], "pos": 1.0, "size": 1.0, "_time": 94.61719}, {"$id": 440, "sounds": [{"d": 0.151924133, "p": 30, "v": 64}, {"d": 0.151924133, "p": 42, "v": 64}], "pos": -2.0, "size": 1.30000007, "_time": 94.61719}, {"$id": 441, "sounds": [{"d": 0.151924133, "p": 60, "v": 51}, {"w": 0.01953125, "d": 0.151924133, "p": 72, "v": 51}], "size": 1.0, "_time": 95.30859, "pos": 0}, {"$id": 442, "sounds": [{"d": 0.151924133, "p": 65, "v": 62}, {"w": 0.01953125, "d": 0.151924133, "p": 77, "v": 62}], "pos": 1.0, "size": 1.0, "_time": 96.0}, {"$id": 443, "sounds": [{"d": 0.151924133, "p": 67, "v": 73}, {"w": 0.01953125, "d": 0.151924133, "p": 79, "v": 73}], "pos": 2.0, "size": 1.0, "_time": 96.46094}, {"$id": 444, "sounds": [{"d": 0.151924133, "p": 31, "v": 73}, {"d": 0.151924133, "p": 43, "v": 73}], "pos": -1.0, "size": 1.30000007, "_time": 96.46094}, {"$id": 445, "sounds": [{"d": 0.151924133, "p": 74, "v": 57}, {"w": 0.015625, "d": 0.151924133, "p": 86, "v": 57}], "pos": 2.0, "size": 1.0, "_time": 97.38672}, {"$id": 446, "sounds": [{"d": 0.151924133, "p": 47, "v": 57}, {"d": 0.151924133, "p": 35, "v": 57}], "size": 1.30000007, "_time": 97.38672, "pos": 0}, {"$id": 447, "sounds": [{"d": 0.151924133, "p": 72, "v": 71}, {"w": 0.01953125, "d": 0.151924133, "p": 84, "v": 71}], "pos": 1.0, "size": 1.0, "_time": 98.30859}, {"$id": 448, "sounds": [{"d": 0.151924133, "p": 60, "v": 71}, {"d": 0.151924133, "p": 48, "v": 71}], "pos": -2.0, "size": 1.30000007, "_time": 98.30859}, {"$id": 449, "sounds": [{"d": 0.151924133, "p": 75, "v": 79}, {"w": 0.01953125, "d": 0.151924133, "p": 87, "v": 79}], "pos": 2.0, "size": 1.0, "_time": 99.23047}, {"$id": 450, "sounds": [{"d": 0.151924133, "p": 63, "v": 71}, {"d": 0.151924133, "p": 51, "v": 71}], "pos": -1.0, "size": 1.30000007, "_time": 99.23047}, {"$id": 451, "sounds": [{"d": 0.151924133, "p": 74, "v": 61}, {"w": 0.01953125, "d": 0.151924133, "p": 86, "v": 61}], "pos": 1.0, "size": 1.0, "_time": 100.152344}, {"$id": 452, "sounds": [{"d": 0.151924133, "p": 59, "v": 61}, {"d": 0.151924133, "p": 47, "v": 61}], "pos": -2.0, "size": 1.30000007, "_time": 100.152344}, {"$id": 453, "sounds": [{"d": 0.151924133, "p": 77, "v": 65}, {"w": 0.015625, "d": 0.151924133, "p": 89, "v": 65}], "pos": 2.0, "size": 1.0, "_time": 101.078125}, {"$id": 454, "sounds": [{"d": 0.151924133, "p": 65, "v": 61}, {"d": 0.151924133, "p": 53, "v": 61}], "pos": -1.0, "size": 1.30000007, "_time": 101.078125}, {"$id": 455, "sounds": [{"d": 0.151924133, "p": 79, "v": 78}, {"w": 0.01953125, "d": 0.151924133, "p": 91, "v": 78}], "size": 1.0, "_time": 102.0, "pos": 0}, {"$id": 456, "sounds": [{"d": 0.151924133, "p": 58, "v": 78}, {"d": 0.151924133, "p": 46, "v": 78}], "pos": -2.0, "size": 1.30000007, "_time": 102.0}, {"$id": 457, "sounds": [{"d": 0.151924133, "p": 84, "v": 72}, {"w": 0.01953125, "d": 0.151924133, "p": 96, "v": 72}], "pos": 2.0, "size": 1.0, "_time": 102.691406}, {"$id": 458, "sounds": [{"d": 0.151924133, "p": 67, "v": 78}, {"d": 0.151924133, "p": 55, "v": 78}], "pos": -1.0, "size": 1.30000007, "_time": 102.921875}, {"$id": 459, "sounds": [{"d": 0.151924133, "p": 79, "v": 71}, {"w": 0.015625, "d": 0.151924133, "p": 91, "v": 71}], "size": 1.0, "_time": 103.386719, "pos": 0}, {"$id": 460, "sounds": [{"d": 0.151924133, "p": 77, "v": 66}, {"w": 0.015625, "d": 0.151924133, "p": 89, "v": 66}], "pos": 1.0, "size": 1.0, "_time": 103.847656}, {"$id": 461, "sounds": [{"d": 0.151924133, "p": 57, "v": 66}, {"d": 0.151924133, "p": 45, "v": 66}], "pos": -1.0, "size": 1.30000007, "_time": 103.847656}, {"$id": 462, "sounds": [{"d": 0.151924133, "p": 65, "v": 66}, {"d": 0.151924133, "p": 53, "v": 66}], "pos": -1.0, "size": 1.30000007, "_time": 104.769531}, {"$id": 463, "sounds": [{"d": 0.151924133, "p": 75, "v": 47}, {"w": 0.01953125, "d": 0.151924133, "p": 87, "v": 47}], "size": 1.0, "_time": 105.230469, "pos": 0}, {"$id": 464, "sounds": [{"d": 0.151924133, "p": 77, "v": 65}, {"w": 0.01953125, "d": 0.151924133, "p": 89, "v": 65}], "pos": 1.0, "size": 1.0, "_time": 105.691406}, {"$id": 465, "sounds": [{"d": 0.151924133, "p": 56, "v": 65}, {"d": 0.151924133, "p": 44, "v": 65}], "pos": -2.0, "size": 1.30000007, "_time": 105.691406}, {"$id": 466, "sounds": [{"d": 0.151924133, "p": 84, "v": 78}, {"w": 0.015625, "d": 0.151924133, "p": 96, "v": 78}], "pos": 2.0, "size": 1.0, "_time": 106.617188}, {"$id": 467, "sounds": [{"d": 0.151924133, "p": 65, "v": 65}, {"d": 0.151924133, "p": 53, "v": 65}], "pos": -1.0, "size": 1.30000007, "_time": 106.617188}, {"$id": 468, "sounds": [{"d": 0.151924133, "p": 82, "v": 46}, {"w": 0.01953125, "d": 0.151924133, "p": 94, "v": 46}], "pos": 1.0, "size": 1.0, "_time": 107.308594}, {"$id": 469, "sounds": [{"d": 0.151924133, "p": 82, "v": 68}, {"w": 0.01953125, "d": 0.151924133, "p": 94, "v": 68}], "pos": 1.0, "size": 1.0, "_time": 107.539063}, {"$id": 470, "sounds": [{"d": 0.151924133, "p": 55, "v": 68}, {"d": 0.151924133, "p": 43, "v": 68}], "pos": -2.0, "size": 1.30000007, "_time": 107.539063}, {"$id": 471, "sounds": [{"d": 0.151924133, "p": 75, "v": 54}, {"w": 0.01953125, "d": 0.151924133, "p": 87, "v": 54}], "size": 1.0, "_time": 108.460938, "pos": 0}, {"$id": 472, "sounds": [{"d": 0.151924133, "p": 63, "v": 68}, {"d": 0.151924133, "p": 51, "v": 68}], "pos": -2.0, "size": 1.30000007, "_time": 108.460938}, {"$id": 473, "sounds": [{"d": 0.151924133, "p": 77, "v": 72}, {"w": 0.015625, "d": 0.151924133, "p": 89, "v": 72}], "pos": 1.0, "size": 1.0, "_time": 109.386719}, {"$id": 474, "sounds": [{"d": 0.151924133, "p": 54, "v": 72}, {"d": 0.151924133, "p": 42, "v": 72}], "pos": -1.0, "size": 1.30000007, "_time": 109.386719}, {"$id": 475, "sounds": [{"d": 0.151924133, "p": 72, "v": 54}, {"w": 0.015625, "d": 0.151924133, "p": 84, "v": 54}], "size": 1.0, "_time": 110.078125, "pos": 0}, {"$id": 476, "sounds": [{"d": 0.151924133, "p": 63, "v": 72}, {"d": 0.151924133, "p": 51, "v": 72}], "pos": -1.0, "size": 1.30000007, "_time": 110.308594}, {"$id": 477, "sounds": [{"d": 0.151924133, "p": 77, "v": 65}, {"w": 0.01953125, "d": 0.151924133, "p": 89, "v": 65}], "pos": 1.0, "size": 1.0, "_time": 110.769531}, {"$id": 478, "sounds": [{"d": 0.151924133, "p": 79, "v": 76}, {"w": 0.01953125, "d": 0.151924133, "p": 91, "v": 76}], "pos": 2.0, "size": 1.0, "_time": 111.230469}, {"$id": 479, "sounds": [{"d": 0.151924133, "p": 55, "v": 76}, {"d": 0.151924133, "p": 43, "v": 76}], "pos": -2.0, "size": 1.30000007, "_time": 111.230469}, {"$id": 480, "sounds": [{"d": 0.151924133, "p": 74, "v": 72}, {"w": 0.01953125, "d": 0.151924133, "p": 86, "v": 72}], "pos": 2.0, "size": 1.0, "_time": 112.152344}, {"$id": 481, "sounds": [{"d": 0.151924133, "p": 59, "v": 72}, {"d": 0.151924133, "p": 47, "v": 72}], "size": 1.30000007, "_time": 112.152344, "pos": 0}, {"$id": 482, "sounds": [{"d": 0.151924133, "p": 72, "v": 75}], "size": 1.0, "_time": 113.078125, "pos": 0}, {"$id": 483, "sounds": [{"d": 0.1519165, "p": 67, "v": 54}, {"d": 0.1519165, "p": 43, "v": 54}], "pos": -2.0, "size": 1.30000007, "_time": 113.230469}, {"$id": 484, "sounds": [{"d": 0.151924133, "p": 75, "v": 76}], "pos": 1.0, "size": 1.0, "_time": 113.386719}, {"$id": 485, "sounds": [{"d": 0.151924133, "p": 74, "v": 78}], "pos": 0.5, "size": 1.0, "_time": 113.539063}, {"$id": 486, "sounds": [{"d": 0.151924133, "p": 67, "v": 64}, {"d": 0.151924133, "p": 43, "v": 64}], "pos": -1.5, "size": 1.30000007, "_time": 113.691406}, {"$id": 487, "sounds": [{"d": 0.151924133, "p": 77, "v": 89}], "pos": 1.5, "size": 1.0, "_time": 113.847656}, {"$id": 488, "sounds": [{"d": 0.1519165, "p": 75, "v": 82}], "pos": 1.0, "size": 1.0, "_time": 114.0}, {"$id": 489, "sounds": [{"d": 0.151924133, "p": 70, "v": 72}, {"d": 0.151924133, "p": 46, "v": 72}], "pos": -1.0, "size": 1.30000007, "_time": 114.152344}, {"$id": 490, "sounds": [{"d": 0.151924133, "p": 79, "v": 92}], "pos": 2.0, "size": 1.0, "_time": 114.308594}, {"$id": 491, "sounds": [{"d": 0.151924133, "p": 77, "v": 90}], "pos": 1.5, "size": 1.0, "_time": 114.460938}, {"$id": 492, "sounds": [{"d": 0.151924133, "p": 72, "v": 69}, {"d": 0.151924133, "p": 48, "v": 69}], "pos": -0.5, "size": 1.30000007, "_time": 114.617188}, {"$id": 493, "sounds": [{"d": 0.151924133, "p": 77, "v": 80}], "pos": 1.0, "size": 1.0, "_time": 114.769531}, {"$id": 494, "sounds": [{"d": 0.151924133, "p": 77, "v": 80}], "pos": 1.5, "size": 1.0, "_time": 114.921875}, {"$id": 495, "sounds": [{"d": 0.151924133, "p": 84, "v": 94}], "pos": 2.0, "size": 1.0, "_time": 115.078125}, {"$id": 496, "sounds": [{"d": 0.151924133, "p": 77, "v": 80}], "pos": -1.0, "size": 1.0, "_time": 115.230469}, {"$id": 497, "sounds": [{"d": 0.151924133, "p": 75, "v": 68}], "pos": -1.5, "size": 1.0, "_time": 115.386719}, {"$id": 498, "sounds": [{"d": 0.151924133, "p": 84, "v": 89}], "pos": 2.0, "size": 1.0, "_time": 115.539063}, {"$id": 499, "sounds": [{"d": 0.151924133, "p": 75, "v": 78}], "pos": -1.0, "size": 1.0, "_time": 115.691406}, {"$id": 500, "sounds": [{"d": 0.151924133, "p": 74, "v": 69}], "pos": -1.5, "size": 1.0, "_time": 115.847656}, {"$id": 501, "sounds": [{"d": 0.1519165, "p": 84, "v": 85}], "pos": 0.5, "size": 1.0, "_time": 116.0}, {"$id": 502, "sounds": [{"d": 0.151924133, "p": 83, "v": 68}], "pos": 1.5, "size": 1.0, "_time": 116.152344}, {"$id": 503, "sounds": [{"d": 0.151924133, "p": 79, "v": 75}], "pos": 2.0, "size": 1.0, "_time": 116.308594}, {"$id": 504, "sounds": [{"d": 0.151924133, "p": 74, "v": 86}], "pos": 2.0, "size": 1.0, "_time": 116.460938}, {"$id": 505, "sounds": [{"d": 0.151924133, "p": 71, "v": 90}], "pos": 1.5, "size": 1.0, "_time": 116.617188}, {"$id": 506, "sounds": [{"d": 0.151924133, "p": 72, "v": 93}], "pos": 0.5, "size": 1.0, "_time": 116.769531}, {"$id": 507, "sounds": [{"d": 0.151924133, "p": 67, "v": 73}, {"d": 0.151924133, "p": 43, "v": 73}], "pos": -2.0, "size": 1.30000007, "_time": 116.921875}, {"$id": 508, "sounds": [{"d": 0.151924133, "p": 75, "v": 90}], "pos": 0.5, "size": 1.0, "_time": 117.078125}, {"$id": 509, "sounds": [{"d": 0.151924133, "p": 74, "v": 94}], "size": 1.0, "_time": 117.230469, "pos": 0}, {"$id": 510, "sounds": [{"d": 0.151924133, "p": 67, "v": 73}, {"d": 0.151924133, "p": 43, "v": 73}], "pos": -1.5, "size": 1.30000007, "_time": 117.386719}, {"$id": 511, "sounds": [{"d": 0.151924133, "p": 77, "v": 101}], "pos": 1.0, "size": 1.0, "_time": 117.539063}, {"$id": 512, "sounds": [{"d": 0.151924133, "p": 75, "v": 89}], "pos": 0.5, "size": 1.0, "_time": 117.691406}, {"$id": 513, "sounds": [{"d": 0.151924133, "p": 70, "v": 85}, {"d": 0.151924133, "p": 46, "v": 85}], "pos": -1.0, "size": 1.30000007, "_time": 117.847656}, {"$id": 514, "sounds": [{"d": 0.151924133, "p": 79, "v": 103}], "pos": 1.5, "size": 1.0, "_time": 118.0}, {"$id": 515, "sounds": [{"d": 0.151924133, "p": 77, "v": 93}], "pos": 1.0, "size": 1.0, "_time": 118.152344}, {"$id": 516, "sounds": [{"d": 0.151924133, "p": 79, "v": 83}], "pos": -0.5, "size": 1.0, "_time": 118.460938}, {"$id": 517, "sounds": [{"d": 0.151924133, "p": 80, "v": 92}], "size": 1.0, "_time": 118.617188, "pos": 0}, {"$id": 518, "sounds": [{"d": 0.151924133, "p": 87, "v": 104}], "pos": 2.0, "size": 1.0, "_time": 118.769531}, {"$id": 519, "sounds": [{"d": 0.151924133, "p": 80, "v": 90}], "size": 1.0, "_time": 118.921875, "pos": 0}, {"$id": 520, "sounds": [{"d": 0.151924133, "p": 79, "v": 86}], "pos": -0.5, "size": 1.0, "_time": 119.078125}, {"$id": 521, "sounds": [{"d": 0.151924133, "p": 87, "v": 100}], "pos": 2.0, "size": 1.0, "_time": 119.230469}, {"$id": 522, "sounds": [{"d": 0.151924133, "p": 79, "v": 86}], "pos": -1.0, "size": 1.0, "_time": 119.386719}, {"$id": 523, "sounds": [{"d": 0.151924133, "p": 78, "v": 78}], "pos": -1.5, "size": 1.0, "_time": 119.539063}, {"$id": 524, "sounds": [{"d": 0.151924133, "p": 87, "v": 93}], "pos": 2.0, "size": 1.0, "_time": 119.691406}, {"$id": 525, "sounds": [{"d": 0.151924133, "p": 78, "v": 85}], "pos": -1.5, "size": 1.0, "_time": 119.847656}, {"$id": 526, "sounds": [{"d": 0.151924133, "p": 79, "v": 90}], "pos": -1.0, "size": 1.0, "_time": 120.0}, {"$id": 527, "sounds": [{"d": 0.151924133, "p": 83, "v": 92}], "pos": -2.0, "size": 1.0, "_time": 120.308594}, {"$id": 528, "sounds": [{"d": 0.151924133, "p": 84, "v": 101}], "pos": -1.5, "size": 1.0, "_time": 120.460938}, {"$id": 529, "sounds": [{"d": 0.151924133, "p": 87, "v": 87}], "size": 1.0, "_time": 120.617188, "pos": 0}, {"$id": 530, "sounds": [{"d": 0.151924133, "p": 84, "v": 103}], "pos": -1.5, "size": 1.0, "_time": 120.769531}, {"$id": 531, "sounds": [{"d": 0.151924133, "p": 83, "v": 106}], "pos": -2.0, "size": 1.0, "_time": 120.921875}, {"$id": 532, "sounds": [{"d": 0.151924133, "p": 89, "v": 113}], "pos": 1.0, "size": 1.0, "_time": 121.078125}, {"$id": 533, "sounds": [{"d": 0.1519165, "p": 83, "v": 99}], "pos": -1.0, "size": 1.0, "_time": 121.230469}, {"$id": 534, "sounds": [{"d": 0.151924133, "p": 82, "v": 94}], "pos": -1.5, "size": 1.0, "_time": 121.386719}, {"$id": 535, "sounds": [{"d": 0.151924133, "p": 91, "v": 111}], "pos": 2.0, "size": 1.0, "_time": 121.539063}, {"$id": 536, "sounds": [{"d": 0.151924133, "p": 82, "v": 97}], "pos": -0.5, "size": 1.0, "_time": 121.691406}, {"$id": 537, "sounds": [{"d": 0.151924133, "p": 81, "v": 97}], "pos": -1.0, "size": 1.0, "_time": 121.847656}, {"$id": 538, "sounds": [{"d": 0.151924133, "p": 89, "v": 113}], "pos": 1.0, "size": 1.0, "_time": 122.0}, {"$id": 539, "sounds": [{"d": 0.151924133, "p": 81, "v": 107}], "pos": -1.0, "size": 1.0, "_time": 122.152344}, {"$id": 540, "sounds": [{"d": 0.151924133, "p": 80, "v": 107}], "pos": -1.5, "size": 1.0, "_time": 122.308594}, {"$id": 541, "sounds": [{"d": 0.1519165, "p": 87, "v": 111}], "size": 1.0, "_time": 122.460938, "pos": 0}, {"$id": 542, "sounds": [{"d": 0.151924133, "p": 80, "v": 99}], "pos": -1.5, "size": 1.0, "_time": 122.617188}, {"$id": 543, "sounds": [{"d": 0.151924133, "p": 79, "v": 93}], "pos": -2.0, "size": 1.0, "_time": 122.769531}, {"$id": 544, "sounds": [{"d": 0.151924133, "p": 89, "v": 110}], "pos": 1.0, "size": 1.0, "_time": 122.921875}, {"$id": 545, "sounds": [{"d": 0.151924133, "p": 79, "v": 92}], "pos": -1.0, "size": 1.0, "_time": 123.078125}, {"$id": 546, "sounds": [{"d": 0.151924133, "p": 78, "v": 89}], "pos": -1.5, "size": 1.0, "_time": 123.230469}, {"$id": 547, "sounds": [{"d": 0.151924133, "p": 89, "v": 113}], "pos": 1.0, "size": 1.0, "_time": 123.386719}, {"$id": 548, "sounds": [{"d": 0.151924133, "p": 87, "v": 93}], "pos": -0.5, "size": 1.0, "_time": 123.539063}, {"$id": 549, "sounds": [{"d": 0.151924133, "p": 86, "v": 94}], "pos": -1.0, "size": 1.0, "_time": 123.691406}, {"$id": 550, "sounds": [{"d": 0.1519165, "p": 91, "v": 101}], "pos": 2.0, "size": 1.0, "_time": 123.847656}, {"$id": 551, "sounds": [{"d": 0.151924133, "p": 83, "v": 107}], "pos": 1.5, "size": 1.0, "_time": 124.0}, {"$id": 552, "sounds": [{"d": 0.113464355, "p": 60, "v": 110}], "size": 1.30000007, "_time": 124.152344, "pos": 0}, {"$id": 553, "sounds": [{"d": 0.113456726, "p": 72, "v": 108}], "pos": 2.0, "size": 1.30000007, "_time": 124.386719}, {"$id": 554, "sounds": [{"d": 0.113464355, "p": 59, "v": 108}], "pos": -0.5, "size": 1.30000007, "_time": 124.617188}, {"$id": 555, "sounds": [{"d": 0.113456726, "p": 71, "v": 113}], "pos": 1.5, "size": 1.30000007, "_time": 124.847656}, {"$id": 556, "sounds": [{"d": 0.113464355, "p": 58, "v": 106}], "pos": -1.0, "size": 1.30000007, "_time": 125.078125}, {"$id": 557, "sounds": [{"d": 0.113456726, "p": 70, "v": 108}], "pos": 1.0, "size": 1.30000007, "_time": 125.308594}, {"$id": 558, "sounds": [{"d": 0.113464355, "p": 57, "v": 103}], "pos": -1.5, "size": 1.30000007, "_time": 125.539063}, {"$id": 559, "sounds": [{"d": 0.113464355, "p": 69, "v": 99}], "pos": 0.5, "size": 1.30000007, "_time": 125.769531}, {"$id": 560, "sounds": [{"d": 0.113464355, "p": 56, "v": 103}], "pos": -0.5, "size": 1.30000007, "_time": 126.0}, {"$id": 561, "sounds": [{"d": 0.113464355, "p": 68, "v": 101}], "pos": 1.5, "size": 1.30000007, "_time": 126.230469}, {"$id": 562, "sounds": [{"d": 0.113464355, "p": 55, "v": 92}], "pos": -1.0, "size": 1.30000007, "_time": 126.460938}, {"$id": 563, "sounds": [{"d": 0.113456726, "p": 67, "v": 99}], "pos": 1.0, "size": 1.30000007, "_time": 126.691406}, {"$id": 564, "sounds": [{"d": 0.151924133, "p": 54, "v": 92}], "pos": -1.5, "size": 1.30000007, "_time": 126.921875}, {"$id": 565, "sounds": [{"d": 0.151924133, "p": 66, "v": 117}], "pos": 0.5, "size": 1.30000007, "_time": 127.078125}, {"$id": 566, "sounds": [{"d": 0.151924133, "p": 54, "v": 97}], "pos": -1.5, "size": 1.30000007, "_time": 127.230469}, {"$id": 567, "sounds": [{"d": 0.151924133, "p": 55, "v": 86}], "pos": -0.5, "size": 1.30000007, "_time": 127.386719}, {"$id": 568, "sounds": [{"d": 0.151924133, "p": 67, "v": 96}], "pos": 1.5, "size": 1.30000007, "_time": 127.539063}, {"$id": 569, "sounds": [{"d": 0.1519165, "p": 55, "v": 106}], "pos": -0.5, "size": 1.30000007, "_time": 127.691406}, {"$id": 570, "sounds": [{"d": 0.113464355, "p": 84, "v": 103}], "pos": -1.5, "size": 1.0, "_time": 127.847656}, {"$id": 571, "sounds": [{"d": 0.113464355, "p": 86, "v": 90}], "pos": -1.0, "size": 1.0, "_time": 127.960938}, {"$id": 572, "sounds": [{"d": 0.113464355, "p": 87, "v": 113}], "pos": -0.5, "size": 1.0, "_time": 128.078125}, {"$id": 573, "sounds": [{"d": 0.113464355, "p": 87, "v": 100}], "pos": 0.5, "size": 1.0, "_time": 128.3086}, {"$id": 574, "sounds": [{"d": 0.113464355, "p": 89, "v": 83}], "pos": 1.0, "size": 1.0, "_time": 128.421875}, {"$id": 575, "sounds": [{"d": 0.113464355, "p": 91, "v": 113}], "pos": 1.5, "size": 1.0, "_time": 128.539063}, {"$id": 576, "sounds": [{"d": 0.113464355, "p": 91, "v": 101}], "size": 1.0, "_time": 128.769531, "pos": 0}, {"$id": 577, "sounds": [{"d": 0.113464355, "p": 92, "v": 90}], "pos": 1.0, "size": 1.0, "_time": 128.886719}, {"$id": 578, "sounds": [{"d": 0.113464355, "p": 91, "v": 118}], "size": 1.0, "_time": 129.0, "pos": 0}, {"$id": 579, "sounds": [{"d": 0.113464355, "p": 91, "v": 108}], "size": 1.0, "_time": 129.230469, "pos": 0}, {"$id": 580, "sounds": [{"d": 0.113464355, "p": 96, "v": 86}], "pos": 2.0, "size": 1.0, "_time": 129.347656}, {"$id": 581, "sounds": [{"d": 0.113464355, "p": 91, "v": 118}], "size": 1.0, "_time": 129.460938, "pos": 0}, {"$id": 582, "sounds": [{"d": 0.113464355, "p": 89, "v": 103}], "pos": -1.0, "size": 1.0, "_time": 129.6914}, {"$id": 583, "sounds": [{"d": 0.113464355, "p": 96, "v": 80}], "pos": 2.0, "size": 1.0, "_time": 129.8086}, {"$id": 584, "sounds": [{"d": 0.113464355, "p": 89, "v": 121}], "pos": -1.0, "size": 1.0, "_time": 129.921875}, {"$id": 585, "sounds": [{"d": 0.113464355, "p": 87, "v": 107}], "pos": -2.0, "size": 1.0, "_time": 130.152344}, {"$id": 586, "sounds": [{"d": 0.113464355, "p": 96, "v": 92}], "pos": 2.0, "size": 1.0, "_time": 130.269531}, {"$id": 587, "sounds": [{"d": 0.113464355, "p": 87, "v": 113}], "pos": -2.0, "size": 1.0, "_time": 130.386719}, {"$id": 588, "sounds": [{"d": 0.1519165, "p": 86, "v": 92}], "pos": 0.5, "size": 1.0, "_time": 130.617188}, {"$id": 589, "sounds": [{"d": 0.1519165, "p": 96, "v": 114}], "pos": 1.5, "size": 1.0, "_time": 130.769531}, {"$id": 590, "sounds": [{"d": 0.1519165, "p": 95, "v": 93}], "pos": 2.0, "size": 1.0, "_time": 130.921875}, {"$id": 591, "sounds": [{"d": 0.1519165, "p": 91, "v": 71}], "pos": 2.0, "size": 1.0, "_time": 131.078125}, {"$id": 592, "sounds": [{"d": 0.1519165, "p": 86, "v": 54}], "pos": 1.5, "size": 1.0, "_time": 131.230469}, {"$id": 593, "sounds": [{"d": 0.0509643555, "p": 83, "v": 71}], "pos": 0.5, "size": 1.0, "_time": 131.386719}, {"$id": 594, "sounds": [{"d": 0.113464355, "p": 60, "v": 110}], "size": 1.30000007, "_time": 131.539063, "pos": 0}, {"$id": 595, "sounds": [{"d": 0.113464355, "p": 72, "v": 108}], "pos": 2.0, "size": 1.30000007, "_time": 131.769531}, {"$id": 596, "sounds": [{"d": 0.113464355, "p": 59, "v": 108}], "pos": -0.5, "size": 1.30000007, "_time": 132.0}, {"$id": 597, "sounds": [{"d": 0.113464355, "p": 71, "v": 113}], "pos": 1.5, "size": 1.30000007, "_time": 132.230469}, {"$id": 598, "sounds": [{"d": 0.113464355, "p": 58, "v": 106}], "pos": -1.0, "size": 1.30000007, "_time": 132.460938}, {"$id": 599, "sounds": [{"d": 0.113464355, "p": 70, "v": 108}], "pos": 1.0, "size": 1.30000007, "_time": 132.6914}, {"$id": 600, "sounds": [{"d": 0.113464355, "p": 57, "v": 103}], "pos": -1.5, "size": 1.30000007, "_time": 132.921875}, {"$id": 601, "sounds": [{"d": 0.113464355, "p": 69, "v": 99}], "pos": 0.5, "size": 1.30000007, "_time": 133.152344}, {"$id": 602, "sounds": [{"d": 0.113464355, "p": 56, "v": 103}], "pos": -0.5, "size": 1.30000007, "_time": 133.386719}, {"$id": 603, "sounds": [{"d": 0.113464355, "p": 68, "v": 101}], "pos": 1.5, "size": 1.30000007, "_time": 133.617188}, {"$id": 604, "sounds": [{"d": 0.113464355, "p": 55, "v": 92}], "pos": -1.0, "size": 1.30000007, "_time": 133.847656}, {"$id": 605, "sounds": [{"d": 0.113464355, "p": 67, "v": 99}], "pos": 1.0, "size": 1.30000007, "_time": 134.078125}, {"$id": 606, "sounds": [{"d": 0.1519165, "p": 54, "v": 92}], "pos": -1.5, "size": 1.30000007, "_time": 134.3086}, {"$id": 607, "sounds": [{"d": 0.1519165, "p": 66, "v": 117}], "pos": 0.5, "size": 1.30000007, "_time": 134.460938}, {"$id": 608, "sounds": [{"d": 0.151931763, "p": 54, "v": 97}], "pos": -1.5, "size": 1.30000007, "_time": 134.617188}, {"$id": 609, "sounds": [{"d": 0.1519165, "p": 55, "v": 86}], "pos": -0.5, "size": 1.30000007, "_time": 134.769531}, {"$id": 610, "sounds": [{"d": 0.1519165, "p": 67, "v": 96}], "pos": 1.5, "size": 1.30000007, "_time": 134.921875}, {"$id": 611, "sounds": [{"d": 0.1519165, "p": 55, "v": 106}], "pos": -0.5, "size": 1.30000007, "_time": 135.078125}, {"$id": 612, "sounds": [{"d": 0.113464355, "p": 84, "v": 103}], "pos": -1.5, "size": 1.0, "_time": 135.230469}, {"$id": 613, "sounds": [{"d": 0.113464355, "p": 86, "v": 90}], "pos": -1.0, "size": 1.0, "_time": 135.347656}, {"$id": 614, "sounds": [{"d": 0.113464355, "p": 87, "v": 113}], "pos": -0.5, "size": 1.0, "_time": 135.460938}, {"$id": 615, "sounds": [{"d": 0.113464355, "p": 87, "v": 100}], "pos": 0.5, "size": 1.0, "_time": 135.6914}, {"$id": 616, "sounds": [{"d": 0.113464355, "p": 89, "v": 83}], "pos": 1.0, "size": 1.0, "_time": 135.8086}, {"$id": 617, "sounds": [{"d": 0.113464355, "p": 91, "v": 113}], "pos": 1.5, "size": 1.0, "_time": 135.921875}, {"$id": 618, "sounds": [{"d": 0.113464355, "p": 91, "v": 101}], "size": 1.0, "_time": 136.152344, "pos": 0}, {"$id": 619, "sounds": [{"d": 0.113464355, "p": 92, "v": 90}], "pos": 1.0, "size": 1.0, "_time": 136.269531}, {"$id": 620, "sounds": [{"d": 0.113464355, "p": 91, "v": 118}], "size": 1.0, "_time": 136.386719, "pos": 0}, {"$id": 621, "sounds": [{"d": 0.113464355, "p": 91, "v": 108}], "size": 1.0, "_time": 136.617188, "pos": 0}, {"$id": 622, "sounds": [{"d": 0.113464355, "p": 96, "v": 86}], "pos": 2.0, "size": 1.0, "_time": 136.730469}, {"$id": 623, "sounds": [{"d": 0.113464355, "p": 91, "v": 118}], "size": 1.0, "_time": 136.847656, "pos": 0}, {"$id": 624, "sounds": [{"d": 0.113464355, "p": 89, "v": 103}], "pos": -1.0, "size": 1.0, "_time": 137.078125}, {"$id": 625, "sounds": [{"d": 0.113464355, "p": 96, "v": 80}], "pos": 2.0, "size": 1.0, "_time": 137.1914}, {"$id": 626, "sounds": [{"d": 0.113464355, "p": 89, "v": 121}], "pos": -1.0, "size": 1.0, "_time": 137.3086}, {"$id": 627, "sounds": [{"d": 0.113464355, "p": 87, "v": 107}], "pos": -2.0, "size": 1.0, "_time": 137.539063}, {"$id": 628, "sounds": [{"d": 0.113464355, "p": 96, "v": 92}], "pos": 2.0, "size": 1.0, "_time": 137.652344}, {"$id": 629, "sounds": [{"d": 0.113464355, "p": 87, "v": 113}], "pos": -2.0, "size": 1.0, "_time": 137.769531}, {"$id": 630, "sounds": [{"d": 0.1519165, "p": 86, "v": 92}], "pos": 0.5, "size": 1.0, "_time": 138.0}, {"$id": 631, "sounds": [{"d": 0.1519165, "p": 96, "v": 114}], "pos": 1.5, "size": 1.0, "_time": 138.152344}, {"$id": 632, "sounds": [{"d": 0.1519165, "p": 95, "v": 93}], "pos": 2.0, "size": 1.0, "_time": 138.3086}, {"$id": 633, "sounds": [{"d": 0.1519165, "p": 91, "v": 71}], "pos": 2.0, "size": 1.0, "_time": 138.460938}, {"$id": 634, "sounds": [{"d": 0.1519165, "p": 86, "v": 54}], "pos": 1.5, "size": 1.0, "_time": 138.617188}, {"$id": 635, "sounds": [{"d": 0.0509643555, "p": 83, "v": 71}], "pos": 0.5, "size": 1.0, "_time": 138.769531}, {"$id": 636, "sounds": [{"d": 0.1519165, "p": 60, "v": 75}], "pos": -1.5, "size": 1.30000007, "_time": 138.921875}, {"$id": 637, "sounds": [{"d": 0.1519165, "p": 84, "v": 75}], "pos": 0.5, "size": 1.0, "_time": 138.921875}, {"$id": 638, "sounds": [{"d": 0.1519165, "p": 87, "v": 53}], "pos": 1.0, "size": 1.0, "_time": 139.078125}, {"$id": 639, "sounds": [{"d": 0.1519165, "p": 91, "v": 71}], "pos": 1.5, "size": 1.0, "_time": 139.230469}, {"$id": 640, "sounds": [{"d": 0.1519165, "p": 55, "v": 64}], "pos": -2.0, "size": 1.30000007, "_time": 139.847656}, {"$id": 641, "sounds": [{"d": 0.1519165, "p": 84, "v": 64}], "size": 1.0, "_time": 139.847656, "pos": 0}, {"$id": 642, "sounds": [{"d": 0.1519165, "p": 87, "v": 50}], "pos": 1.0, "size": 1.0, "_time": 140.0}, {"$id": 643, "sounds": [{"d": 0.1519165, "p": 94, "v": 87}], "pos": 2.0, "size": 1.0, "_time": 140.152344}, {"$id": 644, "sounds": [{"d": 0.1519165, "p": 56, "v": 65}], "pos": 1.5, "size": 1.30000007, "_time": 140.769531}, {"$id": 645, "sounds": [{"d": 0.1519165, "p": 84, "v": 65}], "pos": -1.5, "size": 1.0, "_time": 140.769531}, {"$id": 646, "sounds": [{"d": 0.1519165, "p": 87, "v": 51}], "pos": -1.0, "size": 1.0, "_time": 140.921875}, {"$id": 647, "sounds": [{"d": 0.1519165, "p": 89, "v": 68}], "pos": -0.5, "size": 1.0, "_time": 141.078125}, {"$id": 648, "sounds": [{"d": 0.07499695, "p": 86, "v": 30}], "pos": -0.5, "size": 1.0, "_time": 141.539063}, {"$id": 649, "sounds": [{"d": 0.07499695, "p": 87, "v": 57}], "pos": -1.0, "size": 1.0, "_time": 141.617188}, {"$id": 650, "sounds": [{"d": 0.1519165, "p": 55, "v": 53}], "pos": 0.5, "size": 1.30000007, "_time": 141.6914}, {"$id": 651, "sounds": [{"d": 0.1519165, "p": 86, "v": 53}], "pos": -2.0, "size": 1.0, "_time": 141.6914}, {"$id": 652, "sounds": [{"d": 0.228851318, "p": 83, "v": 46}], "pos": -0.5, "size": 1.0, "_time": 142.152344}, {"$id": 653, "sounds": [{"d": 0.151931763, "p": 84, "v": 72}], "size": 1.0, "_time": 142.386719, "pos": 0}, {"$id": 654, "sounds": [{"d": 0.1519165, "p": 60, "v": 75}], "pos": -1.5, "size": 1.30000007, "_time": 142.617188}, {"$id": 655, "sounds": [{"d": 0.1519165, "p": 96, "v": 75}], "pos": 0.5, "size": 1.0, "_time": 142.617188}, {"$id": 656, "sounds": [{"d": 0.1519165, "p": 99, "v": 53}], "pos": 1.0, "size": 1.0, "_time": 142.769531}, {"$id": 657, "sounds": [{"d": 0.1519165, "p": 103, "v": 71}], "pos": 1.5, "size": 1.0, "_time": 142.921875}, {"$id": 658, "sounds": [{"d": 0.1519165, "p": 55, "v": 64}], "pos": -2.0, "size": 1.30000007, "_time": 143.539063}, {"$id": 659, "sounds": [{"d": 0.1519165, "p": 96, "v": 64}], "size": 1.0, "_time": 143.539063, "pos": 0}, {"$id": 660, "sounds": [{"d": 0.1519165, "p": 99, "v": 50}], "pos": 1.0, "size": 1.0, "_time": 143.6914}, {"$id": 661, "sounds": [{"d": 0.1519165, "p": 106, "v": 87}], "pos": 2.0, "size": 1.0, "_time": 143.847656}, {"$id": 662, "sounds": [{"d": 0.1519165, "p": 56, "v": 65}], "pos": 1.5, "size": 1.30000007, "_time": 144.460938}, {"$id": 663, "sounds": [{"d": 0.1519165, "p": 96, "v": 65}], "pos": -1.5, "size": 1.0, "_time": 144.460938}, {"$id": 664, "sounds": [{"d": 0.1519165, "p": 99, "v": 51}], "pos": -1.0, "size": 1.0, "_time": 144.617188}, {"$id": 665, "sounds": [{"d": 0.1519165, "p": 101, "v": 68}], "pos": -0.5, "size": 1.0, "_time": 144.769531}, {"$id": 666, "sounds": [{"d": 0.07499695, "p": 98, "v": 30}], "pos": -0.5, "size": 1.0, "_time": 145.230469}, {"$id": 667, "sounds": [{"d": 0.07499695, "p": 99, "v": 57}], "pos": -1.0, "size": 1.0, "_time": 145.3086}, {"$id": 668, "sounds": [{"d": 0.1519165, "p": 55, "v": 53}], "pos": 0.5, "size": 1.30000007, "_time": 145.386719}, {"$id": 669, "sounds": [{"d": 0.1519165, "p": 98, "v": 53}], "pos": -2.0, "size": 1.0, "_time": 145.386719}, {"$id": 670, "sounds": [{"d": 0.228851318, "p": 95, "v": 46}], "pos": -0.5, "size": 1.0, "_time": 145.847656}, {"$id": 671, "sounds": [{"d": 0.1519165, "p": 96, "v": 72}], "size": 1.0, "_time": 146.078125, "pos": 0}, {"$id": 672, "sounds": [{"d": 0.1519165, "p": 60, "v": 75}], "pos": 1.5, "size": 1.30000007, "_time": 146.3086}, {"$id": 673, "sounds": [{"d": 0.1519165, "p": 84, "v": 75}], "pos": -1.5, "size": 1.0, "_time": 146.3086}, {"$id": 674, "sounds": [{"d": 0.1519165, "p": 87, "v": 53}], "pos": -1.0, "size": 1.0, "_time": 146.460938}, {"$id": 675, "sounds": [{"d": 0.1519165, "p": 91, "v": 71}], "pos": -0.5, "size": 1.0, "_time": 146.617188}, {"$id": 676, "sounds": [{"d": 0.1519165, "p": 55, "v": 64}], "pos": 0.5, "size": 1.30000007, "_time": 147.230469}, {"$id": 677, "sounds": [{"d": 0.1519165, "p": 84, "v": 64}], "pos": -2.0, "size": 1.0, "_time": 147.230469}, {"$id": 678, "sounds": [{"d": 0.1519165, "p": 87, "v": 50}], "pos": -1.0, "size": 1.0, "_time": 147.386719}, {"$id": 679, "sounds": [{"d": 0.1519165, "p": 94, "v": 87}], "size": 1.0, "_time": 147.539063, "pos": 0}, {"$id": 680, "sounds": [{"d": 0.1519165, "p": 56, "v": 65}], "pos": -1.5, "size": 1.30000007, "_time": 148.152344}, {"$id": 681, "sounds": [{"d": 0.1519165, "p": 84, "v": 65}], "pos": 0.5, "size": 1.0, "_time": 148.152344}, {"$id": 682, "sounds": [{"d": 0.1519165, "p": 87, "v": 51}], "pos": 1.0, "size": 1.0, "_time": 148.3086}, {"$id": 683, "sounds": [{"d": 0.1519165, "p": 89, "v": 68}], "pos": 1.5, "size": 1.0, "_time": 148.460938}, {"$id": 684, "sounds": [{"d": 0.07499695, "p": 86, "v": 30}], "pos": 2.0, "size": 1.0, "_time": 148.921875}, {"$id": 685, "sounds": [{"d": 0.07499695, "p": 87, "v": 57}], "pos": 1.5, "size": 1.0, "_time": 149.0}, {"$id": 686, "sounds": [{"d": 0.1519165, "p": 55, "v": 53}], "pos": -2.0, "size": 1.30000007, "_time": 149.078125}, {"$id": 687, "sounds": [{"d": 0.1519165, "p": 86, "v": 53}], "pos": 0.5, "size": 1.0, "_time": 149.078125}, {"$id": 688, "sounds": [{"d": 0.228851318, "p": 83, "v": 46}], "pos": -0.5, "size": 1.0, "_time": 149.539063}, {"$id": 689, "sounds": [{"d": 0.151931763, "p": 84, "v": 72}], "size": 1.0, "_time": 149.769531, "pos": 0}, {"$id": 690, "sounds": [{"d": 0.1519165, "p": 60, "v": 75}], "pos": 1.5, "size": 1.30000007, "_time": 150.0}, {"$id": 691, "sounds": [{"d": 0.1519165, "p": 96, "v": 75}], "pos": -1.5, "size": 1.0, "_time": 150.0}, {"$id": 692, "sounds": [{"d": 0.1519165, "p": 99, "v": 53}], "pos": -1.0, "size": 1.0, "_time": 150.152344}, {"$id": 693, "sounds": [{"d": 0.1519165, "p": 103, "v": 71}], "pos": -0.5, "size": 1.0, "_time": 150.3086}, {"$id": 694, "sounds": [{"d": 0.1519165, "p": 55, "v": 64}], "pos": 0.5, "size": 1.30000007, "_time": 150.921875}, {"$id": 695, "sounds": [{"d": 0.1519165, "p": 96, "v": 64}], "pos": -2.0, "size": 1.0, "_time": 150.921875}, {"$id": 696, "sounds": [{"d": 0.1519165, "p": 99, "v": 50}], "pos": -1.0, "size": 1.0, "_time": 151.078125}, {"$id": 697, "sounds": [{"d": 0.1519165, "p": 106, "v": 87}], "size": 1.0, "_time": 151.230469, "pos": 0}, {"$id": 698, "sounds": [{"d": 0.1519165, "p": 56, "v": 65}], "pos": -1.5, "size": 1.30000007, "_time": 151.847656}, {"$id": 699, "sounds": [{"d": 0.1519165, "p": 96, "v": 65}], "pos": 0.5, "size": 1.0, "_time": 151.847656}, {"$id": 700, "sounds": [{"d": 0.1519165, "p": 99, "v": 51}], "pos": 1.0, "size": 1.0, "_time": 152.0}, {"$id": 701, "sounds": [{"d": 0.1519165, "p": 101, "v": 68}], "pos": 1.5, "size": 1.0, "_time": 152.152344}, {"$id": 702, "sounds": [{"d": 0.07499695, "p": 98, "v": 30}], "pos": 2.0, "size": 1.0, "_time": 152.617188}, {"$id": 703, "sounds": [{"d": 0.07499695, "p": 99, "v": 57}], "pos": 1.5, "size": 1.0, "_time": 152.6914}, {"$id": 704, "sounds": [{"d": 0.1519165, "p": 55, "v": 53}], "pos": -2.0, "size": 1.30000007, "_time": 152.769531}, {"$id": 705, "sounds": [{"d": 0.1519165, "p": 98, "v": 53}], "pos": 0.5, "size": 1.0, "_time": 152.769531}, {"$id": 706, "sounds": [{"d": 0.228851318, "p": 95, "v": 46}], "pos": 1.0, "size": 1.0, "_time": 153.230469}, {"$id": 707, "sounds": [{"d": 0.228851318, "p": 91, "v": 46}], "size": 1.0, "_time": 153.460938, "pos": 0}, {"$id": 708, "sounds": [{"d": 0.113464355, "p": 84, "v": 71}], "pos": 1.0, "size": 1.30000007, "_time": 153.6914}, {"$id": 709, "sounds": [{"d": 0.113464355, "p": 60, "v": 53}], "pos": -1.0, "size": 1.30000007, "_time": 153.6914}, {"$id": 710, "sounds": [{"d": 0.113464355, "p": 72, "v": 71}], "pos": 1.5, "size": 1.30000007, "_time": 154.617188}, {"$id": 711, "sounds": [{"d": 0.113464355, "p": 48, "v": 53}], "pos": -1.5, "size": 1.30000007, "_time": 154.617188}], "links": [{"notes": [{"$ref": 570}, {"$ref": 571}, {"$ref": 572}]}, {"notes": [{"$ref": 573}, {"$ref": 574}, {"$ref": 575}]}, {"notes": [{"$ref": 612}, {"$ref": 613}, {"$ref": 614}]}, {"notes": [{"$ref": 615}, {"$ref": 616}, {"$ref": 617}]}, {"notes": [{"$ref": 314}, {"$ref": 315}, {"$ref": 317}]}, {"notes": [{"$ref": 335}, {"$ref": 337}]}, {"notes": [{"$ref": 350}, {"$ref": 351}, {"$ref": 353}]}, {"notes": [{"$ref": 508}, {"$ref": 509}]}, {"notes": [{"$ref": 588}, {"$ref": 589}, {"$ref": 590}, {"$ref": 591}, {"$ref": 592}, {"$ref": 593}]}, {"notes": [{"$ref": 630}, {"$ref": 631}, {"$ref": 632}, {"$ref": 633}, {"$ref": 634}, {"$ref": 635}]}, {"notes": [{"$ref": 637}, {"$ref": 638}, {"$ref": 639}]}, {"notes": [{"$ref": 641}, {"$ref": 642}, {"$ref": 643}]}, {"notes": [{"$ref": 645}, {"$ref": 646}, {"$ref": 647}]}, {"notes": [{"$ref": 648}, {"$ref": 649}, {"$ref": 651}]}, {"notes": [{"$ref": 655}, {"$ref": 656}, {"$ref": 657}]}, {"notes": [{"$ref": 659}, {"$ref": 660}, {"$ref": 661}]}, {"notes": [{"$ref": 663}, {"$ref": 664}, {"$ref": 665}]}, {"notes": [{"$ref": 666}, {"$ref": 667}, {"$ref": 669}]}, {"notes": [{"$ref": 673}, {"$ref": 674}, {"$ref": 675}]}, {"notes": [{"$ref": 677}, {"$ref": 678}, {"$ref": 679}]}, {"notes": [{"$ref": 681}, {"$ref": 682}, {"$ref": 683}]}, {"notes": [{"$ref": 684}, {"$ref": 685}, {"$ref": 687}]}, {"notes": [{"$ref": 691}, {"$ref": 692}, {"$ref": 693}]}, {"notes": [{"$ref": 695}, {"$ref": 696}, {"$ref": 697}]}, {"notes": [{"$ref": 699}, {"$ref": 700}, {"$ref": 701}]}, {"notes": [{"$ref": 702}, {"$ref": 703}, {"$ref": 705}]}, {"notes": [{"$ref": 113}, {"$ref": 114}]}, {"notes": [{"$ref": 116}, {"$ref": 117}]}, {"notes": [{"$ref": 118}, {"$ref": 119}]}, {"notes": [{"$ref": 121}, {"$ref": 122}]}, {"notes": [{"$ref": 123}, {"$ref": 124}]}, {"notes": [{"$ref": 126}, {"$ref": 127}]}, {"notes": [{"$ref": 128}, {"$ref": 129}, {"$ref": 130}]}, {"notes": [{"$ref": 131}, {"$ref": 132}, {"$ref": 133}]}, {"notes": [{"$ref": 134}, {"$ref": 135}, {"$ref": 136}]}, {"notes": [{"$ref": 137}, {"$ref": 138}]}, {"notes": [{"$ref": 140}, {"$ref": 141}]}, {"notes": [{"$ref": 142}, {"$ref": 143}]}, {"notes": [{"$ref": 145}, {"$ref": 146}]}, {"notes": [{"$ref": 147}, {"$ref": 148}]}, {"notes": [{"$ref": 150}, {"$ref": 151}]}, {"notes": [{"$ref": 152}, {"$ref": 153}, {"$ref": 154}]}, {"notes": [{"$ref": 155}, {"$ref": 156}, {"$ref": 157}]}, {"notes": [{"$ref": 158}, {"$ref": 159}, {"$ref": 160}]}, {"notes": [{"$ref": 226}, {"$ref": 227}, {"$ref": 228}, {"$ref": 229}, {"$ref": 230}]}, {"notes": [{"$ref": 250}, {"$ref": 251}, {"$ref": 252}, {"$ref": 253}, {"$ref": 254}]}, {"notes": [{"$ref": 269}, {"$ref": 270}, {"$ref": 271}, {"$ref": 272}, {"$ref": 273}]}, {"notes": [{"$ref": 293}, {"$ref": 294}]}, {"notes": [{"$ref": 484}, {"$ref": 485}]}, {"notes": [{"$ref": 487}, {"$ref": 488}]}, {"notes": [{"$ref": 490}, {"$ref": 491}]}, {"notes": [{"$ref": 493}, {"$ref": 494}, {"$ref": 495}]}, {"notes": [{"$ref": 496}, {"$ref": 497}]}, {"notes": [{"$ref": 499}, {"$ref": 500}]}, {"notes": [{"$ref": 501}, {"$ref": 502}, {"$ref": 503}, {"$ref": 504}, {"$ref": 505}, {"$ref": 506}]}, {"notes": [{"$ref": 511}, {"$ref": 512}]}, {"notes": [{"$ref": 514}, {"$ref": 515}]}, {"notes": [{"$ref": 519}, {"$ref": 520}]}, {"notes": [{"$ref": 516}, {"$ref": 517}]}, {"notes": [{"$ref": 522}, {"$ref": 523}]}, {"notes": [{"$ref": 525}, {"$ref": 526}]}, {"notes": [{"$ref": 527}, {"$ref": 528}]}, {"notes": [{"$ref": 530}, {"$ref": 531}]}, {"notes": [{"$ref": 533}, {"$ref": 534}]}, {"notes": [{"$ref": 536}, {"$ref": 537}]}, {"notes": [{"$ref": 539}, {"$ref": 540}]}, {"notes": [{"$ref": 542}, {"$ref": 543}]}, {"notes": [{"$ref": 545}, {"$ref": 546}]}, {"notes": [{"$ref": 548}, {"$ref": 549}]}, {"notes": [{"$ref": 550}, {"$ref": 551}]}, {"notes": [{"$ref": 162}, {"$ref": 163}]}, {"notes": [{"$ref": 165}, {"$ref": 166}]}, {"notes": [{"$ref": 168}, {"$ref": 169}]}, {"notes": [{"$ref": 171}, {"$ref": 172}]}, {"notes": [{"$ref": 174}, {"$ref": 175}]}, {"notes": [{"$ref": 177}, {"$ref": 178}]}, {"notes": [{"$ref": 183}, {"$ref": 184}]}, {"notes": [{"$ref": 180}, {"$ref": 181}]}, {"notes": [{"$ref": 187}, {"$ref": 188}]}, {"notes": [{"$ref": 190}, {"$ref": 191}]}, {"notes": [{"$ref": 193}, {"$ref": 194}]}, {"notes": [{"$ref": 196}, {"$ref": 197}]}, {"notes": [{"$ref": 199}, {"$ref": 200}]}, {"notes": [{"$ref": 202}, {"$ref": 203}]}, {"notes": [{"$ref": 205}, {"$ref": 206}]}, {"notes": [{"$ref": 208}, {"$ref": 209}]}, {"notes": [{"$ref": 373}, {"$ref": 374}]}, {"notes": [{"$ref": 376}, {"$ref": 377}]}, {"notes": [{"$ref": 379}, {"$ref": 380}]}, {"notes": [{"$ref": 382}, {"$ref": 383}]}, {"notes": [{"$ref": 385}, {"$ref": 386}]}, {"notes": [{"$ref": 388}, {"$ref": 389}]}, {"notes": [{"$ref": 391}, {"$ref": 392}]}, {"notes": [{"$ref": 397}, {"$ref": 398}]}, {"notes": [{"$ref": 400}, {"$ref": 401}]}, {"notes": [{"$ref": 403}, {"$ref": 404}]}, {"notes": [{"$ref": 406}, {"$ref": 407}]}, {"notes": [{"$ref": 409}, {"$ref": 410}]}, {"notes": [{"$ref": 412}, {"$ref": 413}]}, {"notes": [{"$ref": 415}, {"$ref": 416}]}]}