{"speed": 10.0, "notes": [{"$id": 1, "pos": 1.0, "size": 1.0, "_time": 10.8085938}, {"$id": 2, "pos": 2.0, "size": 1.0, "_time": 11.140625}, {"$id": 3, "size": 1.0, "_time": 11.140625, "pos": 0}, {"$id": 4, "pos": -1.0, "size": 1.0, "_time": 11.8085938}, {"$id": 5, "pos": 1.0, "size": 1.0, "_time": 11.8085938}, {"$id": 6, "pos": -2.0, "size": 1.0, "_time": 12.4882813}, {"$id": 7, "size": 1.0, "_time": 12.4882813, "pos": 0}, {"$id": 8, "pos": 1.0, "size": 1.0, "_time": 13.1601563}, {"$id": 9, "pos": -1.0, "size": 1.0, "_time": 13.1601563}, {"$id": 10, "pos": -1.0, "size": 1.0, "_time": 13.5}, {"$id": 11, "size": 1.0, "_time": 13.8398438, "pos": 0}, {"$id": 12, "pos": 2.0, "size": 1.0, "_time": 13.8398438}, {"$id": 13, "pos": 1.0, "size": 1.0, "_time": 14.5117188}, {"$id": 14, "pos": -1.0, "size": 1.0, "_time": 14.5117188}, {"$id": 15, "size": 1.0, "_time": 15.1796875, "pos": 0}, {"$id": 16, "pos": -2.0, "size": 1.0, "_time": 15.1796875}, {"$id": 17, "size": 1.0, "_time": 15.5117188, "pos": 0}, {"$id": 18, "pos": 1.0, "size": 1.0, "_time": 15.859375}, {"$id": 19, "pos": -1.0, "size": 1.0, "_time": 15.859375}, {"$id": 20, "pos": 1.0, "size": 1.0, "_time": 16.1914063}, {"$id": 21, "size": 1.0, "_time": 16.53125, "pos": 0}, {"$id": 22, "pos": 2.0, "size": 1.0, "_time": 16.53125}, {"$id": 23, "pos": 1.0, "size": 1.0, "_time": 17.1992188}, {"$id": 24, "pos": -1.0, "size": 1.0, "_time": 17.1992188}, {"$id": 25, "pos": -2.0, "size": 1.0, "_time": 17.8789063}, {"$id": 26, "size": 1.0, "_time": 17.8789063, "pos": 0}, {"$id": 27, "pos": -2.0, "size": 1.0, "_time": 18.2109375}, {"$id": 28, "pos": 1.0, "size": 1.0, "_time": 18.5507813}, {"$id": 29, "pos": -1.0, "size": 1.0, "_time": 18.5507813}, {"$id": 30, "size": 1.0, "_time": 19.21875, "pos": 0}, {"$id": 31, "pos": 2.0, "size": 1.0, "_time": 19.21875}, {"$id": 32, "pos": 1.0, "size": 1.0, "_time": 19.8984375}, {"$id": 33, "pos": -1.0, "size": 1.0, "_time": 19.8984375}, {"$id": 34, "size": 1.0, "_time": 20.5703125, "pos": 0}, {"$id": 35, "pos": -2.0, "size": 1.0, "_time": 20.5703125}, {"$id": 36, "size": 1.0, "_time": 20.8984375, "pos": 0}, {"$id": 37, "pos": 1.0, "size": 1.0, "_time": 21.25}, {"$id": 38, "pos": -1.0, "size": 1.0, "_time": 21.25}, {"$id": 39, "pos": 1.0, "size": 1.0, "_time": 21.578125}, {"$id": 40, "pos": -2.0, "size": 1.0, "_time": 21.921875}, {"$id": 41, "pos": 2.0, "size": 1.0, "_time": 21.921875}, {"$id": 42, "pos": 1.0, "size": 1.0, "_time": 22.2695313}, {"$id": 43, "pos": -2.0, "size": 1.0, "_time": 22.421875}, {"$id": 44, "size": 1.0, "_time": 22.5898438, "pos": 0}, {"$id": 45, "pos": -1.0, "size": 1.0, "_time": 22.9414063}, {"$id": 46, "pos": 2.0, "size": 1.0, "_time": 23.1015625}, {"$id": 47, "pos": -1.0, "size": 1.0, "_time": 23.2695313}, {"$id": 48, "pos": 2.0, "size": 1.0, "_time": 23.4296875}, {"$id": 49, "pos": -2.0, "size": 1.0, "_time": 23.6015625}, {"$id": 50, "size": 1.0, "_time": 23.9414063, "pos": 0}, {"$id": 51, "pos": -2.0, "size": 1.0, "_time": 24.109375}, {"$id": 52, "pos": 1.0, "size": 1.0, "_time": 24.4492188}, {"$id": 53, "pos": -2.0, "size": 1.0, "_time": 24.6210938}, {"$id": 54, "pos": -2.0, "size": 1.0, "_time": 24.9492188}, {"$id": 55, "size": 1.0, "_time": 25.2890625, "pos": 0}, {"$id": 56, "pos": -1.0, "size": 1.0, "_time": 25.6210938}, {"$id": 57, "pos": 2.0, "size": 1.0, "_time": 25.7890625}, {"$id": 58, "pos": -1.0, "size": 1.0, "_time": 25.9609375}, {"$id": 59, "pos": 2.0, "size": 1.0, "_time": 26.1289063}, {"$id": 60, "pos": -2.0, "size": 1.0, "_time": 26.2890625}, {"$id": 61, "size": 1.0, "_time": 26.640625, "pos": 0}, {"$id": 62, "pos": -2.0, "size": 1.0, "_time": 26.8007813}, {"$id": 63, "pos": 2.0, "size": 1.0, "_time": 27.140625}, {"$id": 64, "pos": -2.0, "size": 1.0, "_time": 27.3085938}, {"$id": 65, "pos": -2.0, "size": 1.0, "_time": 27.640625}, {"$id": 66, "pos": 1.0, "size": 1.0, "_time": 27.640625}, {"$id": 67, "size": 1.0, "_time": 27.9804688, "pos": 0}, {"$id": 68, "pos": -1.0, "size": 1.0, "_time": 28.328125}, {"$id": 69, "pos": 2.0, "size": 1.0, "_time": 28.4882813}, {"$id": 70, "pos": -1.0, "size": 1.0, "_time": 28.6601563}, {"$id": 71, "pos": 2.0, "size": 1.0, "_time": 28.8203125}, {"$id": 72, "pos": -2.0, "size": 1.0, "_time": 28.9882813}, {"$id": 73, "size": 1.0, "_time": 29.328125, "pos": 0}, {"$id": 74, "pos": -2.0, "size": 1.0, "_time": 29.5}, {"$id": 75, "pos": 2.0, "size": 1.0, "_time": 29.8398438}, {"$id": 76, "pos": -2.0, "size": 1.0, "_time": 30.0}, {"$id": 77, "pos": 2.0, "size": 1.0, "_time": 30.171875}, {"$id": 78, "pos": -2.0, "size": 1.0, "_time": 30.3398438}, {"$id": 79, "size": 1.0, "_time": 30.6796875, "pos": 0}, {"$id": 80, "pos": -1.0, "size": 1.0, "_time": 31.03125}, {"$id": 81, "pos": 2.0, "size": 1.0, "_time": 31.1914063}, {"$id": 82, "pos": -1.0, "size": 1.0, "_time": 31.3515625}, {"$id": 83, "pos": 2.0, "size": 1.0, "_time": 31.5195313}, {"$id": 84, "pos": -2.0, "size": 1.0, "_time": 31.6914063}, {"$id": 85, "size": 1.0, "_time": 32.03125, "pos": 0}, {"$id": 86, "pos": -2.0, "size": 1.0, "_time": 32.19922}, {"$id": 87, "pos": 2.0, "size": 1.0, "_time": 32.5351563}, {"$id": 88, "pos": 2.0, "size": 1.0, "_time": 32.69922}, {"$id": 89, "pos": -2.0, "size": 1.0, "_time": 32.69922}, {"$id": 90, "pos": 2.0, "size": 1.0, "_time": 33.0078125}, {"$id": 91, "size": 1.0, "_time": 33.1835938, "pos": 0}, {"$id": 92, "pos": 2.0, "size": 1.0, "_time": 33.34375}, {"$id": 93, "size": 1.0, "_time": 33.51953, "pos": 0}, {"$id": 94, "pos": 2.0, "size": 1.0, "_time": 33.83203}, {"$id": 95, "pos": -1.0, "size": 1.0, "_time": 34.04297}, {"$id": 96, "pos": 1.0, "size": 1.0, "_time": 34.1953125}, {"$id": 97, "pos": 1.0, "size": 1.0, "_time": 34.5625}, {"$id": 98, "pos": 1.0, "size": 1.0, "_time": 34.8984375}, {"$id": 99, "pos": 1.0, "size": 1.0, "_time": 35.2109375}, {"$id": 100, "pos": -1.0, "size": 1.0, "_time": 35.3710938}, {"$id": 101, "pos": -1.0, "size": 1.0, "_time": 35.7148438}, {"$id": 102, "pos": 1.0, "size": 1.0, "_time": 35.875}, {"$id": 103, "pos": -1.0, "size": 1.0, "_time": 36.0585938}, {"$id": 104, "pos": 1.0, "size": 1.0, "_time": 36.23047}, {"$id": 105, "pos": 1.0, "size": 1.0, "_time": 36.546875}, {"$id": 106, "pos": -2.0, "size": 1.0, "_time": 36.7226563}, {"$id": 107, "pos": 1.0, "size": 1.0, "_time": 36.73828}, {"$id": 108, "size": 1.0, "_time": 36.89453, "pos": 0}, {"$id": 109, "size": 1.0, "_time": 37.23047, "pos": 0}, {"$id": 110, "size": 1.0, "_time": 37.5664063, "pos": 0}, {"$id": 111, "size": 1.0, "_time": 37.89453, "pos": 0}, {"$id": 112, "pos": 2.0, "size": 1.0, "_time": 38.0859375}, {"$id": 113, "pos": 2.0, "size": 1.0, "_time": 38.4023438}, {"$id": 114, "size": 1.0, "_time": 38.5898438, "pos": 0}, {"$id": 115, "pos": 2.0, "size": 1.0, "_time": 38.76172}, {"$id": 116, "size": 1.0, "_time": 38.9140625, "pos": 0}, {"$id": 117, "pos": 2.0, "size": 1.0, "_time": 39.2539063}, {"$id": 118, "pos": -1.0, "size": 1.0, "_time": 39.4335938}, {"$id": 119, "pos": 1.0, "size": 1.0, "_time": 39.5898438}, {"$id": 120, "pos": 1.0, "size": 1.0, "_time": 39.9335938}, {"$id": 121, "pos": 1.0, "size": 1.0, "_time": 40.25}, {"$id": 122, "pos": 1.0, "size": 1.0, "_time": 40.57422}, {"$id": 123, "pos": -1.0, "size": 1.0, "_time": 40.73828}, {"$id": 124, "pos": -1.0, "size": 1.0, "_time": 41.1171875}, {"$id": 125, "pos": 1.0, "size": 1.0, "_time": 41.2773438}, {"$id": 126, "pos": -1.0, "size": 1.0, "_time": 41.4375}, {"$id": 127, "pos": 1.0, "size": 1.0, "_time": 41.6171875}, {"$id": 128, "pos": 1.0, "size": 1.0, "_time": 41.9375}, {"$id": 129, "pos": -2.0, "size": 1.0, "_time": 42.11328}, {"$id": 130, "size": 1.0, "_time": 42.2890625, "pos": 0}, {"$id": 131, "size": 1.0, "_time": 42.609375, "pos": 0}, {"$id": 132, "size": 1.0, "_time": 42.9335938, "pos": 0}, {"$id": 133, "size": 1.0, "_time": 43.2578125, "pos": 0}, {"$id": 134, "pos": 1.0, "size": 1.0, "_time": 43.48047}, {"$id": 135, "pos": -1.0, "size": 1.0, "_time": 44.171875}, {"$id": 136, "pos": 1.0, "size": 1.0, "_time": 44.859375}, {"$id": 137, "pos": -1.0, "size": 1.0, "_time": 45.20703}, {"$id": 138, "pos": 1.0, "size": 1.0, "_time": 45.5390625}, {"$id": 139, "pos": -1.0, "size": 1.0, "_time": 46.19922}, {"$id": 140, "pos": 1.0, "size": 1.0, "_time": 46.375}, {"$id": 141, "pos": -1.0, "size": 1.0, "_time": 46.53125}, {"$id": 142, "pos": 1.0, "size": 1.0, "_time": 46.6914063}, {"$id": 143, "pos": -1.0, "size": 1.0, "_time": 46.8710938}, {"$id": 144, "size": 1.0, "_time": 47.203125, "pos": 0}, {"$id": 145, "pos": 1.0, "size": 1.0, "_time": 47.5703125}, {"$id": 146, "size": 1.0, "_time": 47.8789063, "pos": 0}, {"$id": 147, "pos": -1.0, "size": 1.0, "_time": 48.21875}, {"$id": 148, "pos": 1.0, "size": 1.0, "_time": 49.2109375}, {"$id": 149, "pos": -1.0, "size": 1.0, "_time": 49.5898438}, {"$id": 150, "pos": 1.0, "size": 1.0, "_time": 50.25}, {"$id": 151, "pos": -1.0, "size": 1.0, "_time": 50.3984375}, {"$id": 152, "pos": 1.0, "size": 1.0, "_time": 50.5703125}, {"$id": 153, "pos": 1.0, "size": 1.0, "_time": 50.9296875}, {"$id": 154, "pos": -1.0, "size": 1.0, "_time": 51.6015625}, {"$id": 155, "pos": 1.0, "size": 1.0, "_time": 51.8789063}, {"$id": 156, "pos": -1.0, "size": 1.0, "_time": 52.28125}, {"$id": 157, "pos": 1.0, "size": 1.0, "_time": 52.6015625}, {"$id": 158, "pos": -1.0, "size": 1.0, "_time": 52.7890625}, {"$id": 159, "pos": 1.0, "size": 1.0, "_time": 52.9609375}, {"$id": 160, "pos": 1.0, "size": 1.0, "_time": 53.11328}, {"$id": 161, "pos": -1.0, "size": 1.0, "_time": 53.26172}, {"$id": 162, "size": 1.0, "_time": 53.6015625, "pos": 0}, {"$id": 163, "pos": 1.0, "size": 1.0, "_time": 53.9414063}, {"$id": 164, "pos": 2.0, "size": 1.0, "_time": 54.26172}, {"$id": 165, "size": 1.0, "_time": 54.26172, "pos": 0}, {"$id": 166, "pos": 1.0, "size": 1.0, "_time": 54.92578}, {"$id": 167, "pos": -1.0, "size": 1.0, "_time": 54.92578}, {"$id": 168, "size": 1.0, "_time": 55.61328, "pos": 0}, {"$id": 169, "pos": -2.0, "size": 1.0, "_time": 55.61328}, {"$id": 170, "pos": 1.0, "size": 1.0, "_time": 56.28125}, {"$id": 171, "pos": -1.0, "size": 1.0, "_time": 56.28125}, {"$id": 172, "pos": -1.0, "size": 1.0, "_time": 56.6210938}, {"$id": 173, "pos": 2.0, "size": 1.0, "_time": 56.9609375}, {"$id": 174, "size": 1.0, "_time": 56.9609375, "pos": 0}, {"$id": 175, "pos": 1.0, "size": 1.0, "_time": 57.6289063}, {"$id": 176, "pos": -1.0, "size": 1.0, "_time": 57.6289063}, {"$id": 177, "size": 1.0, "_time": 58.3085938, "pos": 0}, {"$id": 178, "pos": -2.0, "size": 1.0, "_time": 58.3085938}, {"$id": 179, "size": 1.0, "_time": 58.640625, "pos": 0}, {"$id": 180, "pos": -1.0, "size": 1.0, "_time": 58.984375}, {"$id": 181, "pos": 1.0, "size": 1.0, "_time": 58.984375}, {"$id": 182, "pos": 1.0, "size": 1.0, "_time": 59.3085938}, {"$id": 183, "size": 1.0, "_time": 59.6484375, "pos": 0}, {"$id": 184, "pos": 2.0, "size": 1.0, "_time": 59.6484375}, {"$id": 185, "pos": 1.0, "size": 1.0, "_time": 60.3203125}, {"$id": 186, "pos": -1.0, "size": 1.0, "_time": 60.3203125}, {"$id": 187, "pos": -2.0, "size": 1.0, "_time": 61.0}, {"$id": 188, "size": 1.0, "_time": 61.0, "pos": 0}, {"$id": 189, "pos": -2.0, "size": 1.0, "_time": 61.3398438}, {"$id": 190, "pos": 1.0, "size": 1.0, "_time": 61.671875}, {"$id": 191, "pos": -1.0, "size": 1.0, "_time": 61.671875}, {"$id": 192, "size": 1.0, "_time": 62.3398438, "pos": 0}, {"$id": 193, "pos": 2.0, "size": 1.0, "_time": 62.3398438}, {"$id": 194, "pos": 1.0, "size": 1.0, "_time": 63.01953}, {"$id": 195, "pos": -1.0, "size": 1.0, "_time": 63.01953}, {"$id": 196, "pos": -2.0, "size": 1.0, "_time": 63.69922}, {"$id": 197, "size": 1.0, "_time": 63.69922, "pos": 0}, {"$id": 198, "size": 1.0, "_time": 64.03125, "pos": 0}, {"$id": 199, "pos": -1.0, "size": 1.0, "_time": 64.36719}, {"$id": 200, "pos": 1.0, "size": 1.0, "_time": 64.36719}, {"$id": 201, "pos": 1.0, "size": 1.0, "_time": 64.69922}, {"$id": 202, "pos": -2.0, "size": 1.0, "_time": 65.03906}, {"$id": 203, "pos": 2.0, "size": 1.0, "_time": 65.03906}, {"$id": 204, "pos": 1.0, "size": 1.0, "_time": 65.390625}, {"$id": 205, "pos": -2.0, "size": 1.0, "_time": 65.55078}, {"$id": 206, "size": 1.0, "_time": 65.71094, "pos": 0}, {"$id": 207, "pos": -1.0, "size": 1.0, "_time": 66.07031}, {"$id": 208, "pos": 2.0, "size": 1.0, "_time": 66.21875}, {"$id": 209, "pos": -1.0, "size": 1.0, "_time": 66.390625}, {"$id": 210, "pos": 2.0, "size": 1.0, "_time": 66.55859}, {"$id": 211, "pos": -2.0, "size": 1.0, "_time": 66.71875}, {"$id": 212, "size": 1.0, "_time": 67.05859, "pos": 0}, {"$id": 213, "pos": -2.0, "size": 1.0, "_time": 67.23047}, {"$id": 214, "pos": 2.0, "size": 1.0, "_time": 67.57031}, {"$id": 215, "pos": -2.0, "size": 1.0, "_time": 67.73828}, {"$id": 216, "pos": -2.0, "size": 1.0, "_time": 68.07031}, {"$id": 217, "size": 1.0, "_time": 68.41016, "pos": 0}, {"$id": 218, "pos": -1.0, "size": 1.0, "_time": 68.75}, {"$id": 219, "pos": 2.0, "size": 1.0, "_time": 68.921875}, {"$id": 220, "pos": -1.0, "size": 1.0, "_time": 69.08203}, {"$id": 221, "pos": 2.0, "size": 1.0, "_time": 69.25}, {"$id": 222, "pos": -2.0, "size": 1.0, "_time": 69.421875}, {"$id": 223, "size": 1.0, "_time": 69.76172, "pos": 0}, {"$id": 224, "pos": -2.0, "size": 1.0, "_time": 69.921875}, {"$id": 225, "pos": 2.0, "size": 1.0, "_time": 70.26172}, {"$id": 226, "pos": -2.0, "size": 1.0, "_time": 70.42969}, {"$id": 227, "pos": -2.0, "size": 1.0, "_time": 70.76172}, {"$id": 228, "pos": 1.0, "size": 1.0, "_time": 70.76172}, {"$id": 229, "size": 1.0, "_time": 71.10156, "pos": 0}, {"$id": 230, "pos": -1.0, "size": 1.0, "_time": 71.46094}, {"$id": 231, "pos": 2.0, "size": 1.0, "_time": 71.609375}, {"$id": 232, "pos": -1.0, "size": 1.0, "_time": 71.78125}, {"$id": 233, "pos": 2.0, "size": 1.0, "_time": 71.94922}, {"$id": 234, "pos": -2.0, "size": 1.0, "_time": 72.12109}, {"$id": 235, "size": 1.0, "_time": 72.44922, "pos": 0}, {"$id": 236, "pos": -2.0, "size": 1.0, "_time": 72.62109}, {"$id": 237, "pos": 2.0, "size": 1.0, "_time": 72.96094}, {"$id": 238, "pos": -2.0, "size": 1.0, "_time": 73.12109}, {"$id": 239, "pos": 2.0, "size": 1.0, "_time": 73.28906}, {"$id": 240, "pos": -2.0, "size": 1.0, "_time": 73.46094}, {"$id": 241, "size": 1.0, "_time": 73.80078, "pos": 0}, {"$id": 242, "pos": -1.0, "size": 1.0, "_time": 74.14844}, {"$id": 243, "pos": 2.0, "size": 1.0, "_time": 74.30859}, {"$id": 244, "pos": -1.0, "size": 1.0, "_time": 74.48047}, {"$id": 245, "pos": 2.0, "size": 1.0, "_time": 74.640625}, {"$id": 246, "pos": -2.0, "size": 1.0, "_time": 74.80859}, {"$id": 247, "size": 1.0, "_time": 75.14844, "pos": 0}, {"$id": 248, "pos": -2.0, "size": 1.0, "_time": 75.32031}, {"$id": 249, "pos": 2.0, "size": 1.0, "_time": 75.65234}, {"$id": 250, "pos": -2.0, "size": 1.0, "_time": 75.82422}, {"$id": 251, "pos": 2.0, "size": 1.0, "_time": 75.82422}, {"$id": 252, "pos": 2.0, "size": 1.0, "_time": 76.13281}, {"$id": 253, "size": 1.0, "_time": 76.30859, "pos": 0}, {"$id": 254, "pos": 2.0, "size": 1.0, "_time": 76.46875}, {"$id": 255, "size": 1.0, "_time": 76.64453, "pos": 0}, {"$id": 256, "pos": 2.0, "size": 1.0, "_time": 76.95703}, {"$id": 257, "pos": -1.0, "size": 1.0, "_time": 77.16797}, {"$id": 258, "pos": 1.0, "size": 1.0, "_time": 77.32031}, {"$id": 259, "pos": 1.0, "size": 1.0, "_time": 77.6875}, {"$id": 260, "pos": 1.0, "size": 1.0, "_time": 78.02344}, {"$id": 261, "pos": 1.0, "size": 1.0, "_time": 78.33594}, {"$id": 262, "pos": -1.0, "size": 1.0, "_time": 78.49609}, {"$id": 263, "pos": -1.0, "size": 1.0, "_time": 78.83984}, {"$id": 264, "pos": 1.0, "size": 1.0, "_time": 79.00391}, {"$id": 265, "pos": -1.0, "size": 1.0, "_time": 79.18359}, {"$id": 266, "pos": 1.0, "size": 1.0, "_time": 79.35547}, {"$id": 267, "pos": 1.0, "size": 1.0, "_time": 79.671875}, {"$id": 268, "pos": -2.0, "size": 1.0, "_time": 79.84766}, {"$id": 269, "pos": 1.0, "size": 1.0, "_time": 79.86719}, {"$id": 270, "size": 1.0, "_time": 80.01953, "pos": 0}, {"$id": 271, "size": 1.0, "_time": 80.35547, "pos": 0}, {"$id": 272, "size": 1.0, "_time": 80.69141, "pos": 0}, {"$id": 273, "size": 1.0, "_time": 81.01953, "pos": 0}, {"$id": 274, "pos": 2.0, "size": 1.0, "_time": 81.21484}, {"$id": 275, "pos": 2.0, "size": 1.0, "_time": 81.53125}, {"$id": 276, "size": 1.0, "_time": 81.71875, "pos": 0}, {"$id": 277, "pos": 2.0, "size": 1.0, "_time": 81.88672}, {"$id": 278, "size": 1.0, "_time": 82.04297, "pos": 0}, {"$id": 279, "pos": 2.0, "size": 1.0, "_time": 82.38281}, {"$id": 280, "pos": -1.0, "size": 1.0, "_time": 82.55859}, {"$id": 281, "pos": 1.0, "size": 1.0, "_time": 82.71875}, {"$id": 282, "pos": 1.0, "size": 1.0, "_time": 83.05859}, {"$id": 283, "pos": 1.0, "size": 1.0, "_time": 83.375}, {"$id": 284, "pos": 1.0, "size": 1.0, "_time": 83.69922}, {"$id": 285, "pos": -1.0, "size": 1.0, "_time": 83.86328}, {"$id": 286, "pos": -1.0, "size": 1.0, "_time": 84.24609}, {"$id": 287, "pos": 1.0, "size": 1.0, "_time": 84.40234}, {"$id": 288, "pos": -1.0, "size": 1.0, "_time": 84.5625}, {"$id": 289, "pos": 1.0, "size": 1.0, "_time": 84.74609}, {"$id": 290, "pos": 1.0, "size": 1.0, "_time": 85.0625}, {"$id": 291, "pos": -2.0, "size": 1.0, "_time": 85.23828}, {"$id": 292, "size": 1.0, "_time": 85.41797, "pos": 0}, {"$id": 293, "size": 1.0, "_time": 85.734375, "pos": 0}, {"$id": 294, "size": 1.0, "_time": 86.05859, "pos": 0}, {"$id": 295, "size": 1.0, "_time": 86.38281, "pos": 0}, {"$id": 296, "pos": 1.0, "size": 1.0, "_time": 86.60156}, {"$id": 297, "pos": -1.0, "size": 1.0, "_time": 87.28906}, {"$id": 298, "pos": 1.0, "size": 1.0, "_time": 87.98047}, {"$id": 299, "pos": -1.0, "size": 1.0, "_time": 88.31641}, {"$id": 300, "pos": 1.0, "size": 1.0, "_time": 88.66016}, {"$id": 301, "pos": -1.0, "size": 1.0, "_time": 89.32031}, {"$id": 302, "pos": 1.0, "size": 1.0, "_time": 89.49609}, {"$id": 303, "pos": -1.0, "size": 1.0, "_time": 89.671875}, {"$id": 304, "pos": 1.0, "size": 1.0, "_time": 89.82031}, {"$id": 305, "pos": -1.0, "size": 1.0, "_time": 89.98828}, {"$id": 306, "size": 1.0, "_time": 90.328125, "pos": 0}, {"$id": 307, "pos": 1.0, "size": 1.0, "_time": 90.671875}, {"$id": 308, "size": 1.0, "_time": 91.0, "pos": 0}, {"$id": 309, "pos": -1.0, "size": 1.0, "_time": 91.328125}, {"$id": 310, "pos": 1.0, "size": 1.0, "_time": 92.328125}, {"$id": 311, "pos": -1.0, "size": 1.0, "_time": 92.71094}, {"$id": 312, "pos": 1.0, "size": 1.0, "_time": 93.35156}, {"$id": 313, "pos": -1.0, "size": 1.0, "_time": 93.51953}, {"$id": 314, "pos": 1.0, "size": 1.0, "_time": 93.68359}, {"$id": 315, "pos": 1.0, "size": 1.0, "_time": 94.05078}, {"$id": 316, "pos": -1.0, "size": 1.0, "_time": 94.71875}, {"$id": 317, "pos": 1.0, "size": 1.0, "_time": 95.0}, {"$id": 318, "pos": -1.0, "size": 1.0, "_time": 95.39844}, {"$id": 319, "pos": 1.0, "size": 1.0, "_time": 95.71094}, {"$id": 320, "pos": -1.0, "size": 1.0, "_time": 95.91016}, {"$id": 321, "pos": 1.0, "size": 1.0, "_time": 96.078125}, {"$id": 322, "pos": 1.0, "size": 1.0, "_time": 96.22266}, {"$id": 323, "pos": -1.0, "size": 1.0, "_time": 96.37891}, {"$id": 324, "size": 1.0, "_time": 96.71875, "pos": 0}, {"$id": 325, "pos": 1.0, "size": 1.0, "_time": 97.05859}, {"$id": 326, "pos": 2.0, "size": 1.0, "_time": 97.37891}, {"$id": 327, "size": 1.0, "_time": 97.37891, "pos": 0}, {"$id": 328, "pos": -1.0, "size": 1.0, "_time": 98.05859}, {"$id": 329, "pos": 1.0, "size": 1.0, "_time": 98.05859}, {"$id": 330, "pos": -2.0, "size": 1.0, "_time": 98.73047}, {"$id": 331, "size": 1.0, "_time": 98.73047, "pos": 0}, {"$id": 332, "pos": 1.0, "size": 1.0, "_time": 99.39844}, {"$id": 333, "pos": -1.0, "size": 1.0, "_time": 99.39844}, {"$id": 334, "pos": -1.0, "size": 1.0, "_time": 99.73828}, {"$id": 335, "size": 1.0, "_time": 100.078125, "pos": 0}, {"$id": 336, "pos": 2.0, "size": 1.0, "_time": 100.078125}, {"$id": 337, "pos": 1.0, "size": 1.0, "_time": 100.75}, {"$id": 338, "pos": -1.0, "size": 1.0, "_time": 100.75}, {"$id": 339, "pos": -2.0, "size": 1.0, "_time": 101.429688}, {"$id": 340, "size": 1.0, "_time": 101.429688, "pos": 0}, {"$id": 341, "size": 1.0, "_time": 101.761719, "pos": 0}, {"$id": 342, "pos": -1.0, "size": 1.0, "_time": 102.101563}, {"$id": 343, "pos": 1.0, "size": 1.0, "_time": 102.101563}, {"$id": 344, "pos": 1.0, "size": 1.0, "_time": 102.441406}, {"$id": 345, "pos": 2.0, "size": 1.0, "_time": 102.769531}, {"$id": 346, "size": 1.0, "_time": 102.769531, "pos": 0}, {"$id": 347, "pos": -1.0, "size": 1.0, "_time": 103.449219}, {"$id": 348, "pos": 1.0, "size": 1.0, "_time": 103.449219}, {"$id": 349, "pos": -2.0, "size": 1.0, "_time": 104.121094}, {"$id": 350, "size": 1.0, "_time": 104.121094, "pos": 0}, {"$id": 351, "pos": -2.0, "size": 1.0, "_time": 104.460938}, {"$id": 352, "pos": -1.0, "size": 1.0, "_time": 104.789063}, {"$id": 353, "pos": 1.0, "size": 1.0, "_time": 104.789063}, {"$id": 354, "pos": 2.0, "size": 1.0, "_time": 105.46875}, {"$id": 355, "size": 1.0, "_time": 105.46875, "pos": 0}, {"$id": 356, "pos": 1.0, "size": 1.0, "_time": 106.140625}, {"$id": 357, "pos": -1.0, "size": 1.0, "_time": 106.140625}, {"$id": 358, "size": 1.0, "_time": 106.820313, "pos": 0}, {"$id": 359, "pos": -2.0, "size": 1.0, "_time": 106.820313}, {"$id": 360, "size": 1.0, "_time": 107.148438, "pos": 0}, {"$id": 361, "pos": -1.0, "size": 1.0, "_time": 107.488281}, {"$id": 362, "pos": 1.0, "size": 1.0, "_time": 107.488281}, {"$id": 363, "pos": 1.0, "size": 1.0, "_time": 107.808594}, {"$id": 364, "pos": 2.0, "size": 1.0, "_time": 108.113281}, {"$id": 365, "pos": -0.5, "size": 1.0, "_time": 108.113281}, {"$id": 366, "pos": 1.0, "size": 1.0, "_time": 109.449219}, {"$id": 367, "pos": -1.0, "size": 1.0, "_time": 109.507813}, {"$id": 368, "size": 1.0, "_time": 110.820313, "pos": 0}, {"$id": 369, "pos": -1.5, "size": 1.0, "_time": 110.84375}, {"$id": 370, "pos": -2.0, "size": 1.0, "_time": 112.140625}, {"$id": 371, "size": 1.0, "_time": 112.1875, "pos": 0}, {"$id": 372, "pos": 2.0, "size": 1.0, "_time": 113.539063}, {"$id": 373, "pos": -0.5, "size": 1.0, "_time": 113.550781}, {"$id": 374, "pos": 1.0, "size": 1.0, "_time": 114.828125}, {"$id": 375, "pos": -1.0, "size": 1.0, "_time": 114.847656}, {"$id": 376, "size": 1.0, "_time": 116.171875, "pos": 0}, {"$id": 377, "pos": -1.5, "size": 1.0, "_time": 116.1875}, {"$id": 378, "pos": -2.0, "size": 1.0, "_time": 117.527344}, {"$id": 379, "size": 1.0, "_time": 117.539063, "pos": 0}, {"$id": 380, "pos": 2.0, "size": 1.0, "_time": 118.949219}, {"$id": 381, "pos": 2.0, "size": 1.0, "_time": 119.257813}, {"$id": 382, "size": 1.0, "_time": 119.433594, "pos": 0}, {"$id": 383, "pos": 2.0, "size": 1.0, "_time": 119.59375}, {"$id": 384, "size": 1.0, "_time": 119.765625, "pos": 0}, {"$id": 385, "pos": 2.0, "size": 1.0, "_time": 120.078125}, {"$id": 386, "pos": -1.0, "size": 1.0, "_time": 120.292969}, {"$id": 387, "pos": 1.0, "size": 1.0, "_time": 120.445313}, {"$id": 388, "pos": 1.0, "size": 1.0, "_time": 120.808594}, {"$id": 389, "pos": 1.0, "size": 1.0, "_time": 121.148438}, {"$id": 390, "pos": 1.0, "size": 1.0, "_time": 121.460938}, {"$id": 391, "pos": -1.0, "size": 1.0, "_time": 121.617188}, {"$id": 392, "pos": -1.0, "size": 1.0, "_time": 121.964844}, {"$id": 393, "pos": 1.0, "size": 1.0, "_time": 122.125}, {"$id": 394, "pos": -1.0, "size": 1.0, "_time": 122.304688}, {"$id": 395, "pos": 1.0, "size": 1.0, "_time": 122.480469}, {"$id": 396, "pos": 1.0, "size": 1.0, "_time": 122.796875}, {"$id": 397, "pos": -2.0, "size": 1.0, "_time": 122.96875}, {"$id": 398, "pos": 1.0, "size": 1.0, "_time": 122.988281}, {"$id": 399, "size": 1.0, "_time": 123.140625, "pos": 0}, {"$id": 400, "size": 1.0, "_time": 123.480469, "pos": 0}, {"$id": 401, "size": 1.0, "_time": 123.816406, "pos": 0}, {"$id": 402, "size": 1.0, "_time": 124.140625, "pos": 0}, {"$id": 403, "pos": 2.0, "size": 1.0, "_time": 124.335938}, {"$id": 404, "pos": 2.0, "size": 1.0, "_time": 124.652344}, {"$id": 405, "size": 1.0, "_time": 124.839844, "pos": 0}, {"$id": 406, "pos": 2.0, "size": 1.0, "_time": 125.007813}, {"$id": 407, "size": 1.0, "_time": 125.164063, "pos": 0}, {"$id": 408, "pos": 2.0, "size": 1.0, "_time": 125.503906}, {"$id": 409, "pos": -1.0, "size": 1.0, "_time": 125.679688}, {"$id": 410, "pos": 1.0, "size": 1.0, "_time": 125.839844}, {"$id": 411, "pos": 1.0, "size": 1.0, "_time": 126.183594}, {"$id": 412, "pos": 1.0, "size": 1.0, "_time": 126.496094}, {"$id": 413, "pos": 1.0, "size": 1.0, "_time": 126.824219}, {"$id": 414, "pos": -1.0, "size": 1.0, "_time": 126.984375}, {"$id": 415, "pos": -1.0, "size": 1.0, "_time": 127.367188}, {"$id": 416, "pos": 1.0, "size": 1.0, "_time": 127.523438}, {"$id": 417, "pos": -1.0, "size": 1.0, "_time": 127.683594}, {"$id": 418, "pos": 1.0, "size": 1.0, "_time": 127.867188}, {"$id": 419, "pos": 1.0, "size": 1.0, "_time": 128.1836}, {"$id": 420, "pos": -2.0, "size": 1.0, "_time": 128.363281}, {"$id": 421, "size": 1.0, "_time": 128.539063, "pos": 0}, {"$id": 422, "size": 1.0, "_time": 128.859375, "pos": 0}, {"$id": 423, "size": 1.0, "_time": 129.179688, "pos": 0}, {"$id": 424, "size": 1.0, "_time": 129.507813, "pos": 0}, {"$id": 425, "pos": -2.0, "size": 1.0, "_time": 129.71875}, {"$id": 426, "pos": 2.0, "size": 1.0, "_time": 129.71875}, {"$id": 427, "pos": 1.0, "size": 1.0, "_time": 130.070313}, {"$id": 428, "pos": -2.0, "size": 1.0, "_time": 130.230469}, {"$id": 429, "size": 1.0, "_time": 130.398438, "pos": 0}, {"$id": 430, "pos": -1.0, "size": 1.0, "_time": 130.738281}, {"$id": 431, "pos": 2.0, "size": 1.0, "_time": 130.910156}, {"$id": 432, "pos": -1.0, "size": 1.0, "_time": 131.070313}, {"$id": 433, "pos": 2.0, "size": 1.0, "_time": 131.238281}, {"$id": 434, "pos": -2.0, "size": 1.0, "_time": 131.410156}, {"$id": 435, "size": 1.0, "_time": 131.75, "pos": 0}, {"$id": 436, "pos": -2.0, "size": 1.0, "_time": 131.921875}, {"$id": 437, "pos": 2.0, "size": 1.0, "_time": 132.25}, {"$id": 438, "pos": -2.0, "size": 1.0, "_time": 132.421875}, {"$id": 439, "pos": -2.0, "size": 1.0, "_time": 132.761719}, {"$id": 440, "size": 1.0, "_time": 133.089844, "pos": 0}, {"$id": 441, "pos": -1.0, "size": 1.0, "_time": 133.429688}, {"$id": 442, "pos": 2.0, "size": 1.0, "_time": 133.601563}, {"$id": 443, "pos": -1.0, "size": 1.0, "_time": 133.769531}, {"$id": 444, "pos": 2.0, "size": 1.0, "_time": 133.9414}, {"$id": 445, "pos": -2.0, "size": 1.0, "_time": 134.101563}, {"$id": 446, "size": 1.0, "_time": 134.4414, "pos": 0}, {"$id": 447, "pos": -2.0, "size": 1.0, "_time": 134.609375}, {"$id": 448, "pos": 2.0, "size": 1.0, "_time": 134.949219}, {"$id": 449, "pos": -2.0, "size": 1.0, "_time": 135.1211}, {"$id": 450, "pos": -2.0, "size": 1.0, "_time": 135.449219}, {"$id": 451, "pos": 1.0, "size": 1.0, "_time": 135.449219}, {"$id": 452, "size": 1.0, "_time": 135.789063, "pos": 0}, {"$id": 453, "pos": -1.0, "size": 1.0, "_time": 136.140625}, {"$id": 454, "pos": 2.0, "size": 1.0, "_time": 136.289063}, {"$id": 455, "pos": -1.0, "size": 1.0, "_time": 136.460938}, {"$id": 456, "pos": 2.0, "size": 1.0, "_time": 136.6289}, {"$id": 457, "pos": -2.0, "size": 1.0, "_time": 136.800781}, {"$id": 458, "size": 1.0, "_time": 137.140625, "pos": 0}, {"$id": 459, "pos": -2.0, "size": 1.0, "_time": 137.300781}, {"$id": 460, "pos": 2.0, "size": 1.0, "_time": 137.640625}, {"$id": 461, "pos": -2.0, "size": 1.0, "_time": 137.8086}, {"$id": 462, "pos": 2.0, "size": 1.0, "_time": 137.980469}, {"$id": 463, "pos": -2.0, "size": 1.0, "_time": 138.148438}, {"$id": 464, "size": 1.0, "_time": 138.480469, "pos": 0}, {"$id": 465, "pos": -1.0, "size": 1.0, "_time": 138.820313}, {"$id": 466, "pos": 2.0, "size": 1.0, "_time": 138.988281}, {"$id": 467, "pos": -1.0, "size": 1.0, "_time": 139.160156}, {"$id": 468, "pos": 2.0, "size": 1.0, "_time": 139.328125}, {"$id": 469, "pos": -2.0, "size": 1.0, "_time": 139.488281}, {"$id": 470, "size": 1.0, "_time": 139.828125, "pos": 0}, {"$id": 471, "pos": -2.0, "size": 1.0, "_time": 140.0}, {"$id": 472, "pos": 1.0, "size": 1.0, "_time": 140.171875}, {"$id": 473, "size": 1.0, "_time": 140.5, "pos": 0}, {"$id": 474, "pos": 2.0, "size": 1.0, "_time": 140.5}, {"$id": 475, "pos": -1.0, "size": 1.0, "_time": 141.179688}, {"$id": 476, "pos": 1.0, "size": 1.0, "_time": 141.179688}, {"$id": 477, "size": 1.0, "_time": 141.859375, "pos": 0}, {"$id": 478, "pos": -2.0, "size": 1.0, "_time": 141.859375}, {"$id": 479, "pos": -1.0, "size": 1.0, "_time": 142.53125}, {"$id": 480, "pos": 1.0, "size": 1.0, "_time": 142.53125}, {"$id": 481, "pos": -1.0, "size": 1.0, "_time": 142.8711}, {"$id": 482, "size": 1.0, "_time": 143.199219, "pos": 0}, {"$id": 483, "pos": 2.0, "size": 1.0, "_time": 143.199219}, {"$id": 484, "pos": -1.0, "size": 1.0, "_time": 143.8711}, {"$id": 485, "pos": 1.0, "size": 1.0, "_time": 143.8711}, {"$id": 486, "size": 1.0, "_time": 144.570313, "pos": 0}, {"$id": 487, "pos": -2.0, "size": 1.0, "_time": 144.570313}, {"$id": 488, "size": 1.0, "_time": 144.8789, "pos": 0}, {"$id": 489, "pos": 1.0, "size": 1.0, "_time": 145.21875}, {"$id": 490, "pos": -1.0, "size": 1.0, "_time": 145.21875}, {"$id": 491, "pos": 1.0, "size": 1.0, "_time": 145.5586}, {"$id": 492, "pos": 2.0, "size": 1.0, "_time": 145.898438}, {"$id": 493, "size": 1.0, "_time": 145.898438, "pos": 0}, {"$id": 494, "pos": -1.0, "size": 1.0, "_time": 146.570313}, {"$id": 495, "pos": 1.0, "size": 1.0, "_time": 146.570313}, {"$id": 496, "pos": -2.0, "size": 1.0, "_time": 147.25}, {"$id": 497, "size": 1.0, "_time": 147.25, "pos": 0}, {"$id": 498, "pos": -2.0, "size": 1.0, "_time": 147.578125}, {"$id": 499, "pos": -1.0, "size": 1.0, "_time": 147.921875}, {"$id": 500, "pos": 1.0, "size": 1.0, "_time": 147.921875}, {"$id": 501, "size": 1.0, "_time": 148.589844, "pos": 0}, {"$id": 502, "pos": 2.0, "size": 1.0, "_time": 148.589844}, {"$id": 503, "pos": 1.0, "size": 1.0, "_time": 149.261719}, {"$id": 504, "pos": -1.0, "size": 1.0, "_time": 149.261719}, {"$id": 505, "size": 1.0, "_time": 149.9414, "pos": 0}, {"$id": 506, "pos": -2.0, "size": 1.0, "_time": 149.9414}, {"$id": 507, "size": 1.0, "_time": 150.269531, "pos": 0}, {"$id": 508, "pos": -1.0, "size": 1.0, "_time": 150.609375}, {"$id": 509, "pos": 1.0, "size": 1.0, "_time": 150.609375}, {"$id": 510, "pos": 1.0, "size": 1.0, "_time": 150.9375}, {"$id": 511, "pos": 2.0, "size": 1.0, "_time": 151.289063}, {"$id": 512, "pos": 2.0, "size": 1.0, "_time": 151.597656}, {"$id": 513, "size": 1.0, "_time": 151.773438, "pos": 0}, {"$id": 514, "pos": 2.0, "size": 1.0, "_time": 151.9336}, {"$id": 515, "size": 1.0, "_time": 152.097656, "pos": 0}, {"$id": 516, "pos": 2.0, "size": 1.0, "_time": 152.421875}, {"$id": 517, "pos": -1.0, "size": 1.0, "_time": 152.632813}, {"$id": 518, "pos": 1.0, "size": 1.0, "_time": 152.785156}, {"$id": 519, "pos": 1.0, "size": 1.0, "_time": 153.152344}, {"$id": 520, "pos": 1.0, "size": 1.0, "_time": 153.488281}, {"$id": 521, "pos": 1.0, "size": 1.0, "_time": 153.800781}, {"$id": 522, "pos": -1.0, "size": 1.0, "_time": 153.960938}, {"$id": 523, "pos": -1.0, "size": 1.0, "_time": 154.304688}, {"$id": 524, "pos": 1.0, "size": 1.0, "_time": 154.464844}, {"$id": 525, "pos": -1.0, "size": 1.0, "_time": 154.644531}, {"$id": 526, "pos": 1.0, "size": 1.0, "_time": 154.820313}, {"$id": 527, "pos": 1.0, "size": 1.0, "_time": 155.136719}, {"$id": 528, "pos": -2.0, "size": 1.0, "_time": 155.3125}, {"$id": 529, "pos": 1.0, "size": 1.0, "_time": 155.328125}, {"$id": 530, "size": 1.0, "_time": 155.484375, "pos": 0}, {"$id": 531, "size": 1.0, "_time": 155.820313, "pos": 0}, {"$id": 532, "size": 1.0, "_time": 156.15625, "pos": 0}, {"$id": 533, "size": 1.0, "_time": 156.484375, "pos": 0}, {"$id": 534, "pos": 2.0, "size": 1.0, "_time": 156.675781}, {"$id": 535, "pos": 2.0, "size": 1.0, "_time": 156.992188}, {"$id": 536, "size": 1.0, "_time": 157.179688, "pos": 0}, {"$id": 537, "pos": 2.0, "size": 1.0, "_time": 157.347656}, {"$id": 538, "size": 1.0, "_time": 157.5039, "pos": 0}, {"$id": 539, "pos": 2.0, "size": 1.0, "_time": 157.84375}, {"$id": 540, "pos": -1.0, "size": 1.0, "_time": 158.023438}, {"$id": 541, "pos": 1.0, "size": 1.0, "_time": 158.179688}, {"$id": 542, "pos": 1.0, "size": 1.0, "_time": 158.523438}, {"$id": 543, "pos": 1.0, "size": 1.0, "_time": 158.839844}, {"$id": 544, "pos": 1.0, "size": 1.0, "_time": 159.164063}, {"$id": 545, "pos": -1.0, "size": 1.0, "_time": 159.328125}, {"$id": 546, "pos": -1.0, "size": 1.0, "_time": 159.707031}, {"$id": 547, "pos": 1.0, "size": 1.0, "_time": 159.867188}, {"$id": 548, "pos": -1.0, "size": 1.0, "_time": 160.027344}, {"$id": 549, "pos": 1.0, "size": 1.0, "_time": 160.207031}, {"$id": 550, "pos": 1.0, "size": 1.0, "_time": 160.527344}, {"$id": 551, "pos": -2.0, "size": 1.0, "_time": 160.703125}, {"$id": 552, "size": 1.0, "_time": 160.8789, "pos": 0}, {"$id": 553, "size": 1.0, "_time": 161.199219, "pos": 0}, {"$id": 554, "size": 1.0, "_time": 161.523438, "pos": 0}, {"$id": 555, "size": 1.0, "_time": 161.847656, "pos": 0}, {"$id": 556, "pos": 2.0, "size": 1.0, "_time": 162.070313}, {"$id": 557, "pos": -2.0, "size": 1.0, "_time": 162.070313}], "links": []}