{"speed": 10.0, "notes": [{"$id": 1, "sounds": [{"d": 0.11693573, "p": 80, "v": 47}], "size": 1.0, "_time": 2.515625, "pos": 0}, {"$id": 2, "sounds": [{"d": 0.11693573, "p": 81, "v": 65}], "pos": 2.0, "size": 1.0, "_time": 2.61328125}, {"$id": 3, "sounds": [{"d": 0.2096777, "p": 80, "v": 70}], "size": 1.0, "_time": 2.7109375, "pos": 0}, {"$id": 4, "sounds": [{"d": 0.22177434, "p": 78, "v": 61}], "pos": -1.0, "size": 1.0, "_time": 2.90234375}, {"$id": 5, "sounds": [{"d": 0.4959681, "p": 80, "v": 81}], "size": 1.0, "_time": 3.09765625, "pos": 0}, {"$id": 6, "sounds": [{"d": 0.1814518, "p": 80, "v": 80}], "size": 1.0, "_time": 3.87109375, "pos": 0}, {"$id": 7, "sounds": [{"d": 0.25, "p": 83, "v": 80}], "pos": 2.0, "size": 1.0, "_time": 4.2578125}, {"$id": 8, "sounds": [{"d": 0.3951621, "p": 81, "v": 93}], "pos": 1.0, "size": 1.0, "_time": 4.64453125}, {"$id": 9, "sounds": [{"d": 0.189516544, "p": 80, "v": 76}], "size": 1.0, "_time": 5.03125, "pos": 0}, {"$id": 10, "sounds": [{"d": 0.177419662, "p": 78, "v": 71}], "pos": -1.0, "size": 1.0, "_time": 5.2265625}, {"$id": 11, "sounds": [{"d": 0.213709831, "p": 76, "v": 97}], "pos": -2.0, "size": 1.0, "_time": 6.1953125}, {"$id": 12, "sounds": [{"d": 0.221774578, "p": 78, "v": 67}], "pos": -1.0, "size": 1.0, "_time": 6.58203125}, {"$id": 13, "sounds": [{"d": 0.233870983, "p": 80, "v": 77}], "size": 1.0, "_time": 6.7734375, "pos": 0}, {"$id": 14, "sounds": [{"d": 0.161290646, "p": 76, "v": 89}], "pos": -1.0, "size": 1.0, "_time": 7.16015625}, {"$id": 15, "sounds": [{"d": 0.487904072, "p": 73, "v": 74}], "pos": -2.0, "size": 1.0, "_time": 7.546875}, {"$id": 16, "sounds": [{"d": 0.254032135, "p": 73, "v": 97}], "size": 1.0, "_time": 8.515625, "pos": 0}, {"$id": 17, "sounds": [{"d": 0.36693573, "p": 68, "v": 83}], "pos": -1.0, "size": 1.0, "_time": 8.902344}, {"$id": 18, "sounds": [{"d": 0.205645561, "p": 69, "v": 60}], "pos": -2.0, "size": 1.0, "_time": 9.2890625}, {"$id": 19, "sounds": [{"d": 0.1370964, "p": 73, "v": 77}], "pos": -1.0, "size": 1.0, "_time": 9.675781}, {"$id": 20, "sounds": [{"d": 0.370967865, "p": 76, "v": 84}], "size": 1.0, "_time": 9.871094, "pos": 0}, {"$id": 21, "sounds": [{"d": 0.6491928, "p": 80, "v": 93}], "pos": 2.0, "size": 1.0, "_time": 10.2578125}, {"$id": 22, "sounds": [{"d": 0.342741966, "p": 78, "v": 102}], "pos": 1.0, "size": 1.0, "_time": 10.8398438}, {"$id": 23, "sounds": [{"d": 0.290323257, "p": 75, "v": 82}], "pos": -1.0, "size": 1.0, "_time": 11.03125}, {"$id": 24, "sounds": [{"d": 0.379032135, "p": 72, "v": 82}], "size": 1.0, "_time": 11.6132813, "pos": 0}, {"$id": 25, "sounds": [{"d": 0.5846777, "p": 68, "v": 67}], "pos": -2.0, "size": 1.0, "_time": 11.8046875}, {"$id": 26, "sounds": [{"d": 0.08870983, "p": 73, "v": 70}, {"w": 0.09765625, "d": 0.08870983, "p": 73, "v": 71}], "pos": -1.0, "size": 1.0, "_time": 12.3867188}, {"$id": 27, "sounds": [{"d": 0.06451702, "p": 72, "v": 72}, {"w": 0.09375, "d": 0.06451607, "p": 72, "v": 70}], "pos": -1.0, "size": 1.0, "_time": 12.5820313}, {"$id": 28, "sounds": [{"d": 0.08064461, "p": 73, "v": 69}, {"w": 0.09765625, "d": 0.08064556, "p": 73, "v": 77}], "pos": 1.0, "size": 1.0, "_time": 12.7734375}, {"$id": 29, "sounds": [{"d": 0.0685491562, "p": 75, "v": 82}, {"w": 0.09765625, "d": 0.0685491562, "p": 75, "v": 85}], "pos": 1.0, "size": 1.0, "_time": 12.96875}, {"$id": 30, "sounds": [{"d": 0.08467674, "p": 76, "v": 94}, {"w": 0.09765625, "d": 0.0846776962, "p": 76, "v": 104}], "pos": -2.0, "size": 1.0, "_time": 13.1601563}, {"$id": 31, "sounds": [{"d": 0.0564508438, "p": 75, "v": 112}, {"w": 0.09765625, "d": 0.0564517975, "p": 75, "v": 113}], "pos": -1.0, "size": 1.0, "_time": 13.3554688}, {"$id": 32, "sounds": [{"d": 0.11693573, "p": 76, "v": 95}], "size": 1.0, "_time": 13.546875, "pos": 0}, {"$id": 33, "sounds": [{"d": 0.125, "p": 78, "v": 81}], "pos": 1.0, "size": 1.0, "_time": 13.7421875}, {"$id": 34, "sounds": [{"d": 0.41532135, "p": 80, "v": 100}], "pos": 2.0, "size": 1.0, "_time": 13.9335938}, {"$id": 35, "sounds": [{"d": 0.189516068, "p": 61, "v": 86}], "pos": -2.0, "size": 1.0, "_time": 14.3242188}, {"$id": 36, "sounds": [{"d": 0.10080719, "p": 73, "v": 86}], "pos": 2.0, "size": 1.0, "_time": 14.3242188}, {"$id": 37, "sounds": [{"d": 0.07661247, "p": 64, "v": 78}], "pos": -1.0, "size": 1.0, "_time": 14.7109375}, {"$id": 38, "sounds": [{"d": 0.0846776962, "p": 76, "v": 87}], "pos": 1.0, "size": 1.0, "_time": 14.8046875}, {"$id": 39, "sounds": [{"d": 0.08870983, "p": 66, "v": 105}], "pos": -1.0, "size": 1.0, "_time": 14.9023438}, {"$id": 40, "sounds": [{"d": 0.100806236, "p": 78, "v": 105}], "pos": 1.0, "size": 1.0, "_time": 15.0}, {"$id": 41, "sounds": [{"d": 0.08064461, "p": 68, "v": 74}], "pos": -2.0, "size": 1.0, "_time": 15.0976563}, {"$id": 42, "sounds": [{"d": 0.0927419662, "p": 80, "v": 74}], "pos": 2.0, "size": 1.0, "_time": 15.1953125}, {"$id": 43, "sounds": [{"d": 0.129032135, "p": 71, "v": 95}], "pos": -2.0, "size": 1.0, "_time": 15.2890625}, {"$id": 44, "sounds": [{"d": 0.137093544, "p": 83, "v": 95}], "pos": 2.0, "size": 1.0, "_time": 15.3867188}, {"$id": 45, "sounds": [{"d": 0.09274101, "p": 81, "v": 100}], "pos": 1.0, "size": 1.0, "_time": 15.484375}, {"$id": 46, "sounds": [{"d": 0.0927419662, "p": 80, "v": 114}], "size": 1.0, "_time": 15.6757813, "pos": 0}, {"$id": 47, "sounds": [{"d": 0.1935482, "p": 81, "v": 74}], "pos": 1.0, "size": 1.0, "_time": 15.8710938}, {"$id": 48, "sounds": [{"d": 0.09274292, "p": 76, "v": 81}], "size": 1.0, "_time": 16.0664063, "pos": 0}, {"$id": 49, "sounds": [{"d": 0.09677315, "p": 93, "v": 77}], "pos": 2.0, "size": 1.0, "_time": 16.2539063}, {"$id": 50, "sounds": [{"d": 0.09274292, "p": 81, "v": 77}], "pos": -1.0, "size": 1.0, "_time": 16.3554688}, {"$id": 51, "sounds": [{"d": 0.0564517975, "p": 92, "v": 91}], "pos": 2.0, "size": 1.0, "_time": 16.453125}, {"$id": 52, "sounds": [{"d": 0.0564517975, "p": 80, "v": 83}], "pos": -2.0, "size": 1.0, "_time": 16.546875}, {"$id": 53, "sounds": [{"d": 0.0564517975, "p": 93, "v": 95}], "pos": 2.0, "size": 1.0, "_time": 16.6445313}, {"$id": 54, "sounds": [{"d": 0.0564517975, "p": 81, "v": 99}], "pos": -1.0, "size": 1.0, "_time": 16.7421875}, {"$id": 55, "sounds": [{"d": 0.0685482, "p": 88, "v": 95}], "pos": 2.0, "size": 1.0, "_time": 16.8398438}, {"$id": 56, "sounds": [{"d": 0.0685482, "p": 76, "v": 89}], "pos": -2.0, "size": 1.0, "_time": 16.9335938}, {"$id": 57, "sounds": [{"d": 0.07661247, "p": 80, "v": 111}], "pos": 1.0, "size": 1.0, "_time": 17.03125}, {"$id": 58, "sounds": [{"d": 0.0483875275, "p": 79, "v": 96}], "pos": -1.0, "size": 1.0, "_time": 17.2265625}, {"$id": 59, "sounds": [{"d": 0.1935482, "p": 80, "v": 104}], "pos": 1.0, "size": 1.0, "_time": 17.4179688}, {"$id": 60, "sounds": [{"d": 0.09274292, "p": 75, "v": 80}], "pos": -1.0, "size": 1.0, "_time": 17.6132813}, {"$id": 61, "sounds": [{"d": 0.0443553925, "p": 92, "v": 81}], "pos": 2.0, "size": 1.0, "_time": 17.8046875}, {"$id": 62, "sounds": [{"d": 0.0443553925, "p": 80, "v": 95}], "pos": -2.0, "size": 1.0, "_time": 17.9023438}, {"$id": 63, "sounds": [{"d": 0.0524196625, "p": 91, "v": 95}], "pos": 1.0, "size": 1.0, "_time": 18.0}, {"$id": 64, "sounds": [{"d": 0.08467674, "p": 79, "v": 101}], "pos": -1.0, "size": 1.0, "_time": 18.0976563}, {"$id": 65, "sounds": [{"d": 0.06451607, "p": 92, "v": 105}], "pos": 2.0, "size": 1.0, "_time": 18.1953125}, {"$id": 66, "sounds": [{"d": 0.06451607, "p": 80, "v": 107}], "pos": -2.0, "size": 1.0, "_time": 18.2890625}, {"$id": 67, "sounds": [{"d": 0.0604839325, "p": 87, "v": 108}], "pos": 1.0, "size": 1.0, "_time": 18.3867188}, {"$id": 68, "sounds": [{"d": 0.08870888, "p": 75, "v": 115}], "pos": -1.0, "size": 1.0, "_time": 18.484375}, {"$id": 69, "sounds": [{"d": 0.104839325, "p": 80, "v": 107}], "size": 1.0, "_time": 18.5820313, "pos": 0}, {"$id": 70, "sounds": [{"d": 0.08870888, "p": 79, "v": 94}], "pos": -1.0, "size": 1.0, "_time": 18.7734375}, {"$id": 71, "sounds": [{"d": 0.104839325, "p": 80, "v": 102}], "size": 1.0, "_time": 18.96875, "pos": 0}, {"$id": 72, "sounds": [{"d": 0.0967750549, "p": 73, "v": 77}], "pos": -1.0, "size": 1.0, "_time": 19.1601563}, {"$id": 73, "sounds": [{"d": 0.100805283, "p": 92, "v": 74}], "pos": 2.0, "size": 1.0, "_time": 19.3554688}, {"$id": 74, "sounds": [{"d": 0.10080719, "p": 80, "v": 74}], "pos": -2.0, "size": 1.0, "_time": 19.453125}, {"$id": 75, "sounds": [{"d": 0.07661247, "p": 91, "v": 65}], "pos": 1.0, "size": 1.0, "_time": 19.546875}, {"$id": 76, "sounds": [{"d": 0.07661247, "p": 79, "v": 65}], "pos": -2.0, "size": 1.0, "_time": 19.6445313}, {"$id": 77, "sounds": [{"d": 0.07258034, "p": 92, "v": 90}], "pos": 2.0, "size": 1.0, "_time": 19.7421875}, {"$id": 78, "sounds": [{"d": 0.07258034, "p": 80, "v": 90}], "pos": -2.0, "size": 1.0, "_time": 19.8398438}, {"$id": 79, "sounds": [{"d": 0.08870888, "p": 85, "v": 100}], "pos": 1.0, "size": 1.0, "_time": 19.9335938}, {"$id": 80, "sounds": [{"d": 0.08870888, "p": 73, "v": 100}], "pos": -2.0, "size": 1.0, "_time": 20.03125}, {"$id": 81, "sounds": [{"d": 0.08467865, "p": 88, "v": 91}, {"w": 0.09765625, "d": 0.08467674, "p": 76, "v": 118}], "pos": 2.0, "size": 1.0, "_time": 20.1289063}, {"$id": 82, "sounds": [{"d": 0.08064461, "p": 87, "v": 116}, {"w": 0.09375, "d": 0.08064461, "p": 75, "v": 115}], "pos": 2.0, "size": 1.0, "_time": 20.3242188}, {"$id": 83, "sounds": [{"d": 0.08064461, "p": 85, "v": 111}, {"w": 0.09765625, "d": 0.08064461, "p": 73, "v": 110}], "pos": -1.0, "size": 1.0, "_time": 20.515625}, {"$id": 84, "sounds": [{"d": 0.10080719, "p": 80, "v": 107}, {"w": 0.09375, "d": 0.10080719, "p": 68, "v": 103}], "pos": -1.0, "size": 1.0, "_time": 20.7109375}, {"$id": 85, "sounds": [{"d": 0.07661247, "p": 78, "v": 97}, {"w": 0.09765625, "d": 0.07661247, "p": 66, "v": 97}], "pos": 2.0, "size": 1.0, "_time": 20.9023438}, {"$id": 86, "sounds": [{"d": 0.07661247, "p": 76, "v": 97}, {"w": 0.09765625, "d": 0.07661247, "p": 64, "v": 100}], "pos": 1.0, "size": 1.0, "_time": 21.0976563}, {"$id": 87, "sounds": [{"d": 0.08064461, "p": 75, "v": 104}, {"w": 0.09765625, "d": 0.08064461, "p": 63, "v": 104}], "size": 1.0, "_time": 21.2890625, "pos": 0}, {"$id": 88, "sounds": [{"d": 0.08467865, "p": 73, "v": 113}, {"w": 0.09765625, "d": 0.08467674, "p": 61, "v": 115}], "pos": -1.0, "size": 1.0, "_time": 21.484375}, {"$id": 89, "sounds": [{"d": 0.0967750549, "p": 76, "v": 90}], "pos": -2.0, "size": 1.0, "_time": 21.6757813}, {"$id": 90, "sounds": [{"d": 0.09274292, "p": 75, "v": 98}], "size": 1.0, "_time": 21.7734375, "pos": 0}, {"$id": 91, "sounds": [{"d": 0.0967750549, "p": 76, "v": 109}], "pos": -2.0, "size": 1.0, "_time": 21.8710938}, {"$id": 92, "sounds": [{"d": 0.09274292, "p": 75, "v": 98}], "size": 1.0, "_time": 21.96875, "pos": 0}, {"$id": 93, "sounds": [{"d": 0.09274292, "p": 81, "v": 85}], "pos": -1.0, "size": 1.0, "_time": 22.0664063}, {"$id": 94, "sounds": [{"d": 0.09274292, "p": 80, "v": 98}], "pos": 1.0, "size": 1.0, "_time": 22.1601563}, {"$id": 95, "sounds": [{"d": 0.09274292, "p": 81, "v": 85}], "pos": -1.0, "size": 1.0, "_time": 22.2578125}, {"$id": 96, "sounds": [{"d": 0.09274292, "p": 80, "v": 98}], "pos": 1.0, "size": 1.0, "_time": 22.3554688}, {"$id": 97, "sounds": [{"d": 0.09274292, "p": 85, "v": 93}], "size": 1.0, "_time": 22.453125, "pos": 0}, {"$id": 98, "sounds": [{"d": 0.09274292, "p": 84, "v": 85}], "pos": 2.0, "size": 1.0, "_time": 22.546875}, {"$id": 99, "sounds": [{"d": 0.09274292, "p": 85, "v": 93}], "size": 1.0, "_time": 22.6445313, "pos": 0}, {"$id": 100, "sounds": [{"d": 0.09274292, "p": 84, "v": 85}], "pos": 2.0, "size": 1.0, "_time": 22.7421875}, {"$id": 101, "sounds": [{"d": 0.09274292, "p": 88, "v": 65}], "pos": -1.0, "size": 1.0, "_time": 22.8398438}, {"$id": 102, "sounds": [{"d": 0.09274292, "p": 87, "v": 81}], "pos": 1.0, "size": 1.0, "_time": 22.9335938}, {"$id": 103, "sounds": [{"d": 0.09274292, "p": 88, "v": 65}], "pos": -1.0, "size": 1.0, "_time": 23.03125}, {"$id": 104, "sounds": [{"d": 0.09274101, "p": 87, "v": 81}], "pos": 1.0, "size": 1.0, "_time": 23.1289063}, {"$id": 105, "sounds": [{"d": 0.09274101, "p": 92, "v": 93}], "pos": -2.0, "size": 1.0, "_time": 23.2265625}, {"$id": 106, "sounds": [{"d": 0.09274292, "p": 90, "v": 104}], "pos": 2.0, "size": 1.0, "_time": 23.3242188}, {"$id": 107, "sounds": [{"d": 0.09274292, "p": 92, "v": 93}], "pos": -2.0, "size": 1.0, "_time": 23.4179688}, {"$id": 108, "sounds": [{"d": 0.09274292, "p": 90, "v": 104}], "pos": 2.0, "size": 1.0, "_time": 23.515625}, {"$id": 109, "sounds": [{"d": 0.09274292, "p": 95, "v": 115}], "pos": -2.0, "size": 1.0, "_time": 23.6132813}, {"$id": 110, "sounds": [{"d": 0.10080719, "p": 93, "v": 65}], "size": 1.0, "_time": 23.7109375, "pos": 0}, {"$id": 111, "sounds": [{"d": 0.0967750549, "p": 97, "v": 115}], "pos": -1.0, "size": 1.0, "_time": 23.8085938}, {"$id": 112, "sounds": [{"d": 0.104839325, "p": 95, "v": 65}], "pos": 1.0, "size": 1.0, "_time": 23.90625}, {"$id": 113, "sounds": [{"d": 0.09274101, "p": 99, "v": 98}], "size": 1.0, "_time": 24.0, "pos": 0}, {"$id": 114, "sounds": [{"d": 0.09274292, "p": 97, "v": 75}], "pos": 2.0, "size": 1.0, "_time": 24.0976563}, {"$id": 115, "sounds": [{"d": 0.09274292, "p": 99, "v": 98}], "size": 1.0, "_time": 24.1953125, "pos": 0}, {"$id": 116, "sounds": [{"d": 0.09274292, "p": 97, "v": 75}], "pos": 2.0, "size": 1.0, "_time": 24.2890625}, {"$id": 117, "sounds": [{"d": 0.10887146, "p": 96, "v": 90}], "pos": -1.0, "size": 1.0, "_time": 24.3867188}, {"$id": 118, "sounds": [{"d": 0.125, "p": 99, "v": 85}], "pos": 1.0, "size": 1.0, "_time": 24.5820313}, {"$id": 119, "sounds": [{"d": 0.09274292, "p": 97, "v": 111}], "pos": 2.0, "size": 1.0, "_time": 24.7734375}, {"$id": 120, "sounds": [{"d": 0.09274292, "p": 93, "v": 105}], "pos": 1.5, "size": 1.0, "_time": 24.8710938}, {"$id": 121, "sounds": [{"d": 0.09274292, "p": 90, "v": 82}], "pos": 1.0, "size": 1.0, "_time": 24.96875}, {"$id": 122, "sounds": [{"d": 0.09274292, "p": 87, "v": 111}], "pos": 0.5, "size": 1.0, "_time": 25.0664063}, {"$id": 123, "sounds": [{"d": 0.09274292, "p": 84, "v": 83}], "size": 1.0, "_time": 25.1601563, "pos": 0}, {"$id": 124, "sounds": [{"d": 0.09274292, "p": 80, "v": 89}], "pos": -0.5, "size": 1.0, "_time": 25.2578125}, {"$id": 125, "sounds": [{"d": 0.09274292, "p": 78, "v": 91}], "pos": -1.0, "size": 1.0, "_time": 25.3554688}, {"$id": 126, "sounds": [{"d": 0.09274292, "p": 75, "v": 93}], "pos": -1.5, "size": 1.0, "_time": 25.453125}, {"$id": 127, "sounds": [{"d": 0.11693573, "p": 77, "v": 95}], "pos": -2.0, "size": 1.0, "_time": 25.546875}, {"$id": 128, "sounds": [{"d": 0.08064461, "p": 78, "v": 111}], "pos": -1.751889, "size": 1.0, "_time": 25.6445313}, {"$id": 129, "sounds": [{"d": 0.0685482, "p": 79, "v": 72}], "pos": -1.5, "size": 1.0, "_time": 25.7421875}, {"$id": 130, "sounds": [{"d": 0.09274292, "p": 80, "v": 79}], "pos": -1.22670031, "size": 1.0, "_time": 25.8398438}, {"$id": 131, "sounds": [{"d": 0.129034042, "p": 81, "v": 111}], "pos": -1.0, "size": 1.0, "_time": 25.9335938}, {"$id": 132, "sounds": [{"d": 0.10080719, "p": 82, "v": 79}], "pos": -0.726700366, "size": 1.0, "_time": 26.03125}, {"$id": 133, "sounds": [{"d": 0.104837418, "p": 83, "v": 101}], "pos": -0.5, "size": 1.0, "_time": 26.1289063}, {"$id": 134, "sounds": [{"d": 0.0685482, "p": 84, "v": 115}], "pos": -0.226700366, "size": 1.0, "_time": 26.2265625}, {"$id": 135, "sounds": [{"d": 0.185480118, "p": 85, "v": 119}], "size": 1.0, "_time": 26.3242188, "pos": 0}, {"$id": 136, "sounds": [{"d": 0.2620926, "p": 85, "v": 80}], "pos": -2.0, "size": 1.0, "_time": 27.0976563}, {"$id": 137, "sounds": [{"d": 0.221767426, "p": 87, "v": 75}], "pos": -1.0, "size": 1.0, "_time": 27.2890625}, {"$id": 138, "sounds": [{"d": 0.181447983, "p": 88, "v": 77}], "size": 1.0, "_time": 27.484375, "pos": 0}, {"$id": 139, "sounds": [{"d": 0.169355392, "p": 92, "v": 83}], "pos": 1.0, "size": 1.0, "_time": 27.6757813}, {"$id": 140, "sounds": [{"d": 0.407259, "p": 57, "v": 21}], "pos": 1.0, "size": 1.30000007, "_time": 27.84375}, {"$id": 141, "sounds": [{"d": 1.16532326, "p": 90, "v": 84}], "size": 1.0, "_time": 27.8710938, "pos": 0}, {"$id": 142, "sounds": [{"d": 0.4314518, "p": 61, "v": 33}], "pos": 1.5, "size": 1.30000007, "_time": 27.875}, {"$id": 143, "sounds": [{"d": 0.36693573, "p": 64, "v": 44}], "pos": 2.0, "size": 1.30000007, "_time": 27.921875}, {"$id": 144, "sounds": [{"d": 0.145162582, "p": 90, "v": 84}], "size": 1.0, "_time": 29.2265625, "pos": 0}, {"$id": 145, "sounds": [{"d": 0.125, "p": 88, "v": 77}], "pos": -1.0, "size": 1.0, "_time": 29.3242188}, {"$id": 146, "sounds": [{"d": 0.495965958, "p": 56, "v": 25}], "pos": 1.0, "size": 1.30000007, "_time": 29.3945313}, {"$id": 147, "sounds": [{"d": 0.4879017, "p": 60, "v": 8}], "pos": 1.5, "size": 1.30000007, "_time": 29.4140625}, {"$id": 148, "sounds": [{"d": 0.745967865, "p": 87, "v": 77}], "pos": -2.0, "size": 1.0, "_time": 29.4179688}, {"$id": 149, "sounds": [{"d": 0.528224945, "p": 63, "v": 48}], "pos": 2.0, "size": 1.30000007, "_time": 29.453125}, {"$id": 150, "sounds": [{"d": 0.40725708, "p": 80, "v": 33}], "pos": -1.0, "size": 1.0, "_time": 30.1953125}, {"$id": 151, "sounds": [{"d": 0.3870964, "p": 87, "v": 79}], "size": 1.0, "_time": 30.5820313, "pos": 0}, {"$id": 152, "sounds": [{"d": 0.326610565, "p": 56, "v": 19}], "pos": 1.0, "size": 1.30000007, "_time": 30.9453125}, {"$id": 153, "sounds": [{"d": 0.379032135, "p": 85, "v": 75}], "pos": -1.0, "size": 1.0, "_time": 30.96875}, {"$id": 154, "sounds": [{"d": 0.270160675, "p": 61, "v": 12}], "pos": 1.5, "size": 1.30000007, "_time": 30.96875}, {"$id": 155, "sounds": [{"d": 0.3870964, "p": 64, "v": 56}], "pos": 2.0, "size": 1.30000007, "_time": 30.984375}, {"$id": 156, "sounds": [{"d": 0.23387146, "p": 78, "v": 73}], "pos": -2.0, "size": 1.0, "_time": 31.3554688}, {"$id": 157, "sounds": [{"d": 1.05239677, "p": 80, "v": 68}], "size": 1.0, "_time": 31.546875, "pos": 0}, {"$id": 158, "sounds": [{"d": 0.108867645, "p": 56, "v": 27}], "pos": 0.5, "size": 1.30000007, "_time": 32.5039063}, {"$id": 159, "sounds": [{"d": 0.149189, "p": 63, "v": 58}], "pos": 1.0, "size": 1.30000007, "_time": 32.515625}, {"$id": 160, "sounds": [{"d": 0.0604820251, "p": 59, "v": 58}], "pos": 1.5, "size": 1.30000007, "_time": 32.5273438}, {"$id": 161, "sounds": [{"d": 0.205646515, "p": 85, "v": 76}], "pos": -2.0, "size": 1.0, "_time": 33.2890625}, {"$id": 162, "sounds": [{"d": 0.22983551, "p": 87, "v": 76}], "pos": -1.0, "size": 1.0, "_time": 33.484375}, {"$id": 163, "sounds": [{"d": 0.14515686, "p": 88, "v": 75}], "size": 1.0, "_time": 33.67578, "pos": 0}, {"$id": 164, "sounds": [{"d": 0.241931915, "p": 95, "v": 73}], "pos": 1.0, "size": 1.0, "_time": 33.8710938}, {"$id": 165, "sounds": [{"d": 0.31048584, "p": 57, "v": 24}], "pos": 1.0, "size": 1.30000007, "_time": 34.0546875}, {"$id": 166, "sounds": [{"d": 0.3306465, "p": 64, "v": 1}], "pos": 2.0, "size": 1.30000007, "_time": 34.0625}, {"$id": 167, "sounds": [{"d": 1.35884857, "p": 93, "v": 83}], "size": 1.0, "_time": 34.0664063, "pos": 0}, {"$id": 168, "sounds": [{"d": 0.28629303, "p": 61, "v": 33}], "pos": 1.5, "size": 1.30000007, "_time": 34.07422}, {"$id": 169, "sounds": [{"d": 0.19354248, "p": 92, "v": 76}], "pos": 1.0, "size": 1.0, "_time": 35.41797}, {"$id": 170, "sounds": [{"d": 0.475799561, "p": 60, "v": 9}], "pos": 1.5, "size": 1.30000007, "_time": 35.6015625}, {"$id": 171, "sounds": [{"d": 0.588703156, "p": 90, "v": 54}], "pos": -1.0, "size": 1.0, "_time": 35.61328}, {"$id": 172, "sounds": [{"d": 0.520153046, "p": 66, "v": 35}], "pos": 2.0, "size": 1.30000007, "_time": 35.61328}, {"$id": 173, "sounds": [{"d": 0.463703156, "p": 56, "v": 21}], "pos": 1.0, "size": 1.30000007, "_time": 35.6171875}, {"$id": 174, "sounds": [{"d": 0.245967865, "p": 88, "v": 68}], "size": 1.0, "_time": 36.1953125, "pos": 0}, {"$id": 175, "sounds": [{"d": 0.29838562, "p": 87, "v": 61}], "pos": -2.0, "size": 1.0, "_time": 36.38672}, {"$id": 176, "sounds": [{"d": 0.2943535, "p": 88, "v": 65}], "size": 1.0, "_time": 36.67578, "pos": 0}, {"$id": 177, "sounds": [{"d": 0.2540245, "p": 95, "v": 87}], "pos": 1.0, "size": 1.0, "_time": 36.96875}, {"$id": 178, "sounds": [{"d": 0.455635071, "p": 56, "v": 17}], "pos": 1.0, "size": 1.30000007, "_time": 37.13672}, {"$id": 179, "sounds": [{"d": 1.11288834, "p": 92, "v": 76}], "pos": -2.0, "size": 1.0, "_time": 37.1601563}, {"$id": 180, "sounds": [{"d": 0.334671021, "p": 61, "v": 38}], "pos": 1.5, "size": 1.30000007, "_time": 37.1640625}, {"$id": 181, "sounds": [{"d": 0.4112816, "p": 64, "v": 33}], "pos": 2.0, "size": 1.30000007, "_time": 37.1796875}, {"$id": 182, "sounds": [{"d": 0.3225708, "p": 61, "v": 36}, {"d": 0.3467636, "p": 63, "v": 36}], "pos": 1.5, "size": 1.30000007, "_time": 38.70703}, {"$id": 183, "sounds": [{"d": 0.221767426, "p": 88, "v": 78}], "pos": -2.0, "size": 1.0, "_time": 39.484375}, {"$id": 184, "sounds": [{"d": 0.237895966, "p": 90, "v": 90}], "pos": -1.0, "size": 1.0, "_time": 39.67578}, {"$id": 185, "sounds": [{"d": 0.18547821, "p": 92, "v": 101}], "size": 1.0, "_time": 39.8710938, "pos": 0}, {"$id": 186, "sounds": [{"d": 0.21370697, "p": 95, "v": 102}], "pos": 1.0, "size": 1.0, "_time": 40.0625}, {"$id": 187, "sounds": [{"d": 0.282253265, "p": 93, "v": 79}], "size": 1.0, "_time": 40.2578125, "pos": 0}, {"$id": 188, "sounds": [{"d": 0.20160675, "p": 95, "v": 73}], "pos": 1.0, "size": 1.0, "_time": 40.64453}, {"$id": 189, "sounds": [{"d": 0.40322113, "p": 97, "v": 78}], "pos": 2.0, "size": 1.0, "_time": 40.8398438}, {"$id": 190, "sounds": [{"d": 0.374988556, "p": 92, "v": 68}], "pos": 1.0, "size": 1.0, "_time": 41.2265625}, {"$id": 191, "sounds": [{"d": 0.6128998, "p": 90, "v": 78}], "size": 1.0, "_time": 41.61328, "pos": 0}, {"$id": 192, "sounds": [{"d": 0.1370964, "p": 90, "v": 82}], "size": 1.0, "_time": 42.38672, "pos": 0}, {"$id": 193, "sounds": [{"d": 0.12902832, "p": 88, "v": 77}], "pos": -1.0, "size": 1.0, "_time": 42.484375}, {"$id": 194, "sounds": [{"d": 0.2177391, "p": 87, "v": 74}], "pos": -2.0, "size": 1.0, "_time": 42.58203}, {"$id": 195, "sounds": [{"d": 0.2177391, "p": 88, "v": 80}], "pos": -1.0, "size": 1.0, "_time": 42.7734375}, {"$id": 196, "sounds": [{"d": 0.125, "p": 90, "v": 79}], "size": 1.0, "_time": 42.96875, "pos": 0}, {"$id": 197, "sounds": [{"d": 0.213710785, "p": 93, "v": 50}], "pos": 1.0, "size": 1.0, "_time": 43.1601563}, {"$id": 198, "sounds": [{"d": 0.375, "p": 92, "v": 80}], "size": 1.0, "_time": 43.35547, "pos": 0}, {"$id": 199, "sounds": [{"d": 0.2379036, "p": 84, "v": 63}], "pos": 1.0, "size": 1.0, "_time": 43.7421875}, {"$id": 200, "sounds": [{"d": 0.4193535, "p": 80, "v": 71}], "pos": -1.0, "size": 1.0, "_time": 43.9335938}, {"$id": 201, "sounds": [{"d": 0.2741928, "p": 90, "v": 85}], "pos": 2.0, "size": 1.0, "_time": 44.32422}, {"$id": 202, "sounds": [{"d": 0.9677391, "p": 88, "v": 81}], "size": 1.0, "_time": 44.7109375, "pos": 0}, {"$id": 203, "sounds": [{"d": 0.07661438, "p": 87, "v": 70}], "pos": 2.0, "size": 1.0, "_time": 45.67578}, {"$id": 204, "sounds": [{"d": 0.125, "p": 87, "v": 81}], "pos": 2.0, "size": 1.0, "_time": 45.8710938}, {"$id": 205, "sounds": [{"d": 0.129032135, "p": 88, "v": 89}], "pos": -2.0, "size": 1.0, "_time": 45.96875}, {"$id": 206, "sounds": [{"d": 0.18951416, "p": 87, "v": 96}], "pos": 2.0, "size": 1.0, "_time": 46.0625}, {"$id": 207, "sounds": [{"d": 0.19355011, "p": 83, "v": 77}], "pos": 1.0, "size": 1.0, "_time": 46.2578125}, {"$id": 208, "sounds": [{"d": 0.3306427, "p": 81, "v": 74}], "pos": -1.0, "size": 1.0, "_time": 46.453125}, {"$id": 209, "sounds": [{"d": 0.16532135, "p": 92, "v": 82}], "pos": 2.0, "size": 1.0, "_time": 46.8398438}, {"$id": 210, "sounds": [{"d": 0.20967865, "p": 90, "v": 89}], "size": 1.0, "_time": 47.03125, "pos": 0}, {"$id": 211, "sounds": [{"d": 0.213710785, "p": 88, "v": 83}], "pos": 1.0, "size": 1.0, "_time": 47.41797}, {"$id": 212, "sounds": [{"d": 0.24193573, "p": 87, "v": 65}], "size": 1.0, "_time": 47.8046875, "pos": 0}, {"$id": 213, "sounds": [{"d": 0.20967865, "p": 84, "v": 72}], "pos": -1.0, "size": 1.0, "_time": 48.1914063}, {"$id": 214, "sounds": [{"d": 0.2056427, "p": 80, "v": 61}], "pos": -2.0, "size": 1.0, "_time": 48.38672}, {"$id": 215, "sounds": [{"d": 0.14919281, "p": 90, "v": 86}], "pos": 2.0, "size": 1.0, "_time": 48.58203}, {"$id": 216, "sounds": [{"d": 0.3064499, "p": 88, "v": 88}], "pos": 1.0, "size": 1.0, "_time": 48.7734375}, {"$id": 217, "sounds": [{"d": 0.270160675, "p": 87, "v": 97}], "size": 1.0, "_time": 49.0625, "pos": 0}, {"$id": 218, "sounds": [{"d": 0.25, "p": 80, "v": 87}], "pos": -1.0, "size": 1.0, "_time": 49.35547}, {"$id": 219, "sounds": [{"d": 0.4999962, "p": 87, "v": 79}], "pos": 1.0, "size": 1.0, "_time": 49.546875}, {"$id": 220, "sounds": [{"d": 0.963699341, "p": 85, "v": 73}], "pos": -2.0, "size": 1.0, "_time": 50.1289063}, {"$id": 221, "sounds": [{"d": 1.41124725, "p": 37, "v": 90}], "size": 1.60000014, "_time": 51.0976563, "pos": 0}, {"$id": 222, "sounds": [{"d": 0.116931915, "p": 80, "v": 61}], "size": 1.0, "_time": 52.0585938, "pos": 0}, {"$id": 223, "sounds": [{"d": 0.116931915, "p": 81, "v": 66}], "pos": 2.0, "size": 1.0, "_time": 52.15625}, {"$id": 224, "sounds": [{"d": 0.209671021, "p": 80, "v": 70}], "size": 1.0, "_time": 52.2539063, "pos": 0}, {"$id": 225, "sounds": [{"d": 0.22177124, "p": 78, "v": 80}], "pos": -1.0, "size": 1.0, "_time": 52.44922}, {"$id": 226, "sounds": [{"d": 0.495956421, "p": 80, "v": 74}], "size": 1.0, "_time": 52.640625, "pos": 0}, {"$id": 227, "sounds": [{"d": 0.286289215, "p": 80, "v": 56}], "size": 1.0, "_time": 53.4140625, "pos": 0}, {"$id": 228, "sounds": [{"d": 0.407245636, "p": 83, "v": 77}], "pos": 2.0, "size": 1.0, "_time": 53.80078}, {"$id": 229, "sounds": [{"d": 0.39515686, "p": 81, "v": 61}], "pos": 1.0, "size": 1.0, "_time": 54.1875}, {"$id": 230, "sounds": [{"d": 0.18951416, "p": 80, "v": 61}], "size": 1.0, "_time": 54.578125, "pos": 0}, {"$id": 231, "sounds": [{"d": 0.8104706, "p": 78, "v": 66}], "pos": -1.0, "size": 1.0, "_time": 54.76953}, {"$id": 232, "sounds": [{"d": 0.362895966, "p": 76, "v": 61}], "pos": -2.0, "size": 1.0, "_time": 55.73828}, {"$id": 233, "sounds": [{"d": 0.225803375, "p": 78, "v": 61}], "pos": -1.0, "size": 1.0, "_time": 56.125}, {"$id": 234, "sounds": [{"d": 0.419342041, "p": 80, "v": 61}], "size": 1.0, "_time": 56.3164063, "pos": 0}, {"$id": 235, "sounds": [{"d": 0.403217316, "p": 76, "v": 66}], "pos": -1.0, "size": 1.0, "_time": 56.70703}, {"$id": 236, "sounds": [{"d": 0.487892151, "p": 73, "v": 66}], "pos": -2.0, "size": 1.0, "_time": 57.09375}, {"$id": 237, "sounds": [{"d": 0.5201607, "p": 73, "v": 66}], "size": 1.0, "_time": 58.0625, "pos": 0}, {"$id": 238, "sounds": [{"d": 0.427410126, "p": 68, "v": 54}], "pos": -1.0, "size": 1.0, "_time": 58.453125}, {"$id": 239, "sounds": [{"d": 0.383056641, "p": 69, "v": 52}], "pos": -2.0, "size": 1.0, "_time": 58.8359375}, {"$id": 240, "sounds": [{"d": 0.25806427, "p": 73, "v": 52}], "pos": -1.0, "size": 1.0, "_time": 59.2226563}, {"$id": 241, "sounds": [{"d": 0.370967865, "p": 76, "v": 61}], "size": 1.0, "_time": 59.4140625, "pos": 0}, {"$id": 242, "sounds": [{"d": 0.649189, "p": 80, "v": 84}], "pos": 2.0, "size": 1.0, "_time": 59.80078}, {"$id": 243, "sounds": [{"d": 0.34274292, "p": 78, "v": 66}], "pos": 1.0, "size": 1.0, "_time": 60.3828125}, {"$id": 244, "sounds": [{"d": 0.290317535, "p": 75, "v": 61}], "pos": -1.0, "size": 1.0, "_time": 60.578125}, {"$id": 245, "sounds": [{"d": 0.3790207, "p": 72, "v": 71}], "size": 1.0, "_time": 61.15625, "pos": 0}, {"$id": 246, "sounds": [{"d": 0.5846672, "p": 68, "v": 90}], "pos": -2.0, "size": 1.0, "_time": 61.3515625}, {"$id": 247, "sounds": [{"d": 0.2056427, "p": 73, "v": 71}], "pos": -1.0, "size": 1.0, "_time": 61.9296875}, {"$id": 248, "sounds": [{"d": 0.209671021, "p": 72, "v": 33}], "pos": -1.0, "size": 1.0, "_time": 62.125}, {"$id": 249, "sounds": [{"d": 0.237895966, "p": 73, "v": 24}], "pos": 1.0, "size": 1.0, "_time": 62.3164063}, {"$id": 250, "sounds": [{"d": 0.2056427, "p": 75, "v": 77}], "pos": 1.0, "size": 1.0, "_time": 62.51172}, {"$id": 251, "sounds": [{"d": 0.17338562, "p": 76, "v": 84}], "pos": -2.0, "size": 1.0, "_time": 62.70703}, {"$id": 252, "sounds": [{"d": 0.197574615, "p": 75, "v": 71}], "pos": -1.0, "size": 1.0, "_time": 62.8984375}, {"$id": 253, "sounds": [{"d": 0.19757843, "p": 76, "v": 38}], "size": 1.0, "_time": 63.09375, "pos": 0}, {"$id": 254, "sounds": [{"d": 0.245960236, "p": 78, "v": 77}], "pos": 1.0, "size": 1.0, "_time": 63.2851563}, {"$id": 255, "sounds": [{"d": 0.41934967, "p": 80, "v": 61}], "pos": 2.0, "size": 1.0, "_time": 63.48047}, {"$id": 256, "sounds": [{"d": 0.100803375, "p": 73, "v": 52}], "pos": 2.0, "size": 1.0, "_time": 63.8671875}, {"$id": 257, "sounds": [{"d": 0.189510345, "p": 61, "v": 52}], "pos": -2.0, "size": 1.0, "_time": 63.8671875}, {"$id": 258, "sounds": [{"d": 0.07662201, "p": 64, "v": 44}], "pos": -1.0, "size": 1.0, "_time": 64.25391}, {"$id": 259, "sounds": [{"d": 0.08468628, "p": 76, "v": 44}], "pos": 1.0, "size": 1.0, "_time": 64.35156}, {"$id": 260, "sounds": [{"d": 0.0887146, "p": 66, "v": 90}], "pos": -1.0, "size": 1.0, "_time": 64.44531}, {"$id": 261, "sounds": [{"d": 0.100814819, "p": 78, "v": 90}], "pos": 1.0, "size": 1.0, "_time": 64.54297}, {"$id": 262, "sounds": [{"d": 0.08065796, "p": 68, "v": 52}], "pos": -2.0, "size": 1.0, "_time": 64.640625}, {"$id": 263, "sounds": [{"d": 0.09275055, "p": 80, "v": 52}], "pos": 2.0, "size": 1.0, "_time": 64.73828}, {"$id": 264, "sounds": [{"d": 0.129043579, "p": 71, "v": 77}], "pos": -2.0, "size": 1.0, "_time": 64.83594}, {"$id": 265, "sounds": [{"d": 0.137107849, "p": 83, "v": 77}], "pos": 2.0, "size": 1.0, "_time": 64.92969}, {"$id": 266, "sounds": [{"d": 0.09274292, "p": 81, "v": 84}], "pos": 1.0, "size": 1.0, "_time": 65.02734}, {"$id": 267, "sounds": [{"d": 0.09274292, "p": 80, "v": 101}], "size": 1.0, "_time": 65.22266, "pos": 0}, {"$id": 268, "sounds": [{"d": 0.193565369, "p": 81, "v": 52}], "pos": 1.0, "size": 1.0, "_time": 65.41406}, {"$id": 269, "sounds": [{"d": 0.09274292, "p": 76, "v": 61}], "size": 1.0, "_time": 65.609375, "pos": 0}, {"$id": 270, "sounds": [{"d": 0.09677887, "p": 93, "v": 56}], "pos": 2.0, "size": 1.0, "_time": 65.796875}, {"$id": 271, "sounds": [{"d": 0.09274292, "p": 81, "v": 56}], "pos": -1.0, "size": 1.0, "_time": 65.89844}, {"$id": 272, "sounds": [{"d": 0.05645752, "p": 92, "v": 72}], "pos": 2.0, "size": 1.0, "_time": 65.99609}, {"$id": 273, "sounds": [{"d": 0.05645752, "p": 80, "v": 63}], "pos": -2.0, "size": 1.0, "_time": 66.09375}, {"$id": 274, "sounds": [{"d": 0.05645752, "p": 93, "v": 77}], "pos": 2.0, "size": 1.0, "_time": 66.1875}, {"$id": 275, "sounds": [{"d": 0.05644989, "p": 81, "v": 82}], "pos": -1.0, "size": 1.0, "_time": 66.28516}, {"$id": 276, "sounds": [{"d": 0.06855011, "p": 88, "v": 77}], "pos": 2.0, "size": 1.0, "_time": 66.38281}, {"$id": 277, "sounds": [{"d": 0.06855011, "p": 76, "v": 70}], "pos": -2.0, "size": 1.0, "_time": 66.48047}, {"$id": 278, "sounds": [{"d": 0.22177887, "p": 80, "v": 66}], "pos": 1.0, "size": 1.0, "_time": 66.578125}, {"$id": 279, "sounds": [{"d": 0.169364929, "p": 79, "v": 66}], "pos": -1.0, "size": 1.0, "_time": 66.76953}, {"$id": 280, "sounds": [{"d": 0.19355011, "p": 80, "v": 61}], "pos": 1.0, "size": 1.0, "_time": 66.96484}, {"$id": 281, "sounds": [{"d": 0.09274292, "p": 75, "v": 60}], "pos": -1.0, "size": 1.0, "_time": 67.15625}, {"$id": 282, "sounds": [{"d": 0.0443573, "p": 92, "v": 61}], "pos": 2.0, "size": 1.0, "_time": 67.35156}, {"$id": 283, "sounds": [{"d": 0.0443573, "p": 80, "v": 77}], "pos": -2.0, "size": 1.0, "_time": 67.44922}, {"$id": 284, "sounds": [{"d": 0.0524292, "p": 91, "v": 77}], "pos": 1.0, "size": 1.0, "_time": 67.54297}, {"$id": 285, "sounds": [{"d": 0.08468628, "p": 79, "v": 85}], "pos": -1.0, "size": 1.0, "_time": 67.640625}, {"$id": 286, "sounds": [{"d": 0.06452179, "p": 92, "v": 90}], "pos": 2.0, "size": 1.0, "_time": 67.73828}, {"$id": 287, "sounds": [{"d": 0.06451416, "p": 80, "v": 92}], "pos": -2.0, "size": 1.0, "_time": 67.83594}, {"$id": 288, "sounds": [{"d": 0.06048584, "p": 87, "v": 94}], "pos": 1.0, "size": 1.0, "_time": 67.92969}, {"$id": 289, "sounds": [{"d": 0.08872223, "p": 75, "v": 102}], "pos": -1.0, "size": 1.0, "_time": 68.02734}, {"$id": 290, "sounds": [{"d": 0.2137146, "p": 80, "v": 66}], "size": 1.0, "_time": 68.125, "pos": 0}, {"$id": 291, "sounds": [{"d": 0.197593689, "p": 79, "v": 61}], "pos": -1.0, "size": 1.0, "_time": 68.32031}, {"$id": 292, "sounds": [{"d": 0.213729858, "p": 80, "v": 66}], "size": 1.0, "_time": 68.51172, "pos": 0}, {"$id": 293, "sounds": [{"d": 0.09677887, "p": 73, "v": 56}], "pos": -1.0, "size": 1.0, "_time": 68.70703}, {"$id": 294, "sounds": [{"d": 0.100822449, "p": 92, "v": 52}], "pos": 2.0, "size": 1.0, "_time": 68.89844}, {"$id": 295, "sounds": [{"d": 0.100814819, "p": 80, "v": 52}], "pos": -2.0, "size": 1.0, "_time": 68.99609}, {"$id": 296, "sounds": [{"d": 0.07661438, "p": 91, "v": 41}], "pos": 1.0, "size": 1.0, "_time": 69.09375}, {"$id": 297, "sounds": [{"d": 0.07661438, "p": 79, "v": 41}], "pos": -2.0, "size": 1.0, "_time": 69.1875}, {"$id": 298, "sounds": [{"d": 0.07257843, "p": 92, "v": 71}], "pos": 2.0, "size": 1.0, "_time": 69.28516}, {"$id": 299, "sounds": [{"d": 0.07257843, "p": 80, "v": 71}], "pos": -2.0, "size": 1.0, "_time": 69.38281}, {"$id": 300, "sounds": [{"d": 0.0887146, "p": 85, "v": 84}], "pos": 1.0, "size": 1.0, "_time": 69.48047}, {"$id": 301, "sounds": [{"d": 0.0887146, "p": 73, "v": 84}], "pos": -2.0, "size": 1.0, "_time": 69.578125}, {"$id": 302, "sounds": [{"d": 0.08467865, "p": 88, "v": 91}, {"w": 0.09765625, "d": 0.08467865, "p": 76, "v": 118}], "pos": 2.0, "size": 1.0, "_time": 69.67578}, {"$id": 303, "sounds": [{"d": 0.0806427, "p": 87, "v": 116}, {"w": 0.09765625, "d": 0.08065033, "p": 75, "v": 115}], "pos": 2.0, "size": 1.0, "_time": 69.87109}, {"$id": 304, "sounds": [{"d": 0.08065796, "p": 85, "v": 111}, {"w": 0.09765625, "d": 0.08065033, "p": 73, "v": 110}], "pos": -1.0, "size": 1.0, "_time": 70.0625}, {"$id": 305, "sounds": [{"d": 0.10080719, "p": 80, "v": 107}, {"w": 0.09765625, "d": 0.100814819, "p": 68, "v": 103}], "pos": -1.0, "size": 1.0, "_time": 70.25781}, {"$id": 306, "sounds": [{"d": 0.07662201, "p": 78, "v": 97}, {"w": 0.09375, "d": 0.07661438, "p": 66, "v": 97}], "pos": 2.0, "size": 1.0, "_time": 70.453125}, {"$id": 307, "sounds": [{"d": 0.07662964, "p": 76, "v": 97}, {"w": 0.09765625, "d": 0.07662201, "p": 64, "v": 100}], "pos": 1.0, "size": 1.0, "_time": 70.64453}, {"$id": 308, "sounds": [{"d": 0.08065033, "p": 75, "v": 104}, {"w": 0.09375, "d": 0.08065033, "p": 63, "v": 104}], "size": 1.0, "_time": 70.83984, "pos": 0}, {"$id": 309, "sounds": [{"d": 0.08467865, "p": 73, "v": 113}, {"w": 0.09765625, "d": 0.08467865, "p": 61, "v": 115}], "pos": -1.0, "size": 1.0, "_time": 71.03125}, {"$id": 310, "sounds": [{"d": 0.09677124, "p": 76, "v": 71}], "pos": -2.0, "size": 1.0, "_time": 71.22266}, {"$id": 311, "sounds": [{"d": 0.09275055, "p": 75, "v": 61}], "size": 1.0, "_time": 71.32031, "pos": 0}, {"$id": 312, "sounds": [{"d": 0.09677887, "p": 76, "v": 71}], "pos": -2.0, "size": 1.0, "_time": 71.41406}, {"$id": 313, "sounds": [{"d": 0.09275055, "p": 75, "v": 61}], "size": 1.0, "_time": 71.51172, "pos": 0}, {"$id": 314, "sounds": [{"d": 0.09274292, "p": 81, "v": 48}], "pos": -1.0, "size": 1.0, "_time": 71.609375}, {"$id": 315, "sounds": [{"d": 0.09275818, "p": 80, "v": 61}], "pos": 1.0, "size": 1.0, "_time": 71.70703}, {"$id": 316, "sounds": [{"d": 0.09274292, "p": 81, "v": 48}], "pos": -1.0, "size": 1.0, "_time": 71.80078}, {"$id": 317, "sounds": [{"d": 0.09275055, "p": 80, "v": 61}], "pos": 1.0, "size": 1.0, "_time": 71.89844}, {"$id": 318, "sounds": [{"d": 0.09275055, "p": 85, "v": 56}], "size": 1.0, "_time": 71.99609, "pos": 0}, {"$id": 319, "sounds": [{"d": 0.09274292, "p": 84, "v": 48}], "pos": 2.0, "size": 1.0, "_time": 72.09375}, {"$id": 320, "sounds": [{"d": 0.09274292, "p": 85, "v": 56}], "size": 1.0, "_time": 72.19141, "pos": 0}, {"$id": 321, "sounds": [{"d": 0.09274292, "p": 84, "v": 48}], "pos": 2.0, "size": 1.0, "_time": 72.28516}, {"$id": 322, "sounds": [{"d": 0.09274292, "p": 88, "v": 27}], "pos": -1.0, "size": 1.0, "_time": 72.38281}, {"$id": 323, "sounds": [{"d": 0.09274292, "p": 87, "v": 44}], "pos": 1.0, "size": 1.0, "_time": 72.48047}, {"$id": 324, "sounds": [{"d": 0.09274292, "p": 88, "v": 27}], "pos": -1.0, "size": 1.0, "_time": 72.578125}, {"$id": 325, "sounds": [{"d": 0.09274292, "p": 87, "v": 44}], "pos": 1.0, "size": 1.0, "_time": 72.671875}, {"$id": 326, "sounds": [{"d": 0.09274292, "p": 92, "v": 56}], "pos": -2.0, "size": 1.0, "_time": 72.76953}, {"$id": 327, "sounds": [{"d": 0.09274292, "p": 90, "v": 66}], "pos": 2.0, "size": 1.0, "_time": 72.86719}, {"$id": 328, "sounds": [{"d": 0.09274292, "p": 92, "v": 56}], "pos": -2.0, "size": 1.0, "_time": 72.96484}, {"$id": 329, "sounds": [{"d": 0.09275055, "p": 90, "v": 66}], "pos": 2.0, "size": 1.0, "_time": 73.0625}, {"$id": 330, "sounds": [{"d": 0.09275055, "p": 95, "v": 77}], "pos": -2.0, "size": 1.0, "_time": 73.15625}, {"$id": 331, "sounds": [{"d": 0.10080719, "p": 93, "v": 27}], "size": 1.0, "_time": 73.25391, "pos": 0}, {"$id": 332, "sounds": [{"d": 0.09274292, "p": 97, "v": 77}], "pos": -1.0, "size": 1.0, "_time": 73.359375}, {"$id": 333, "sounds": [{"d": 0.10080719, "p": 95, "v": 27}], "pos": 1.0, "size": 1.0, "_time": 73.45703}, {"$id": 334, "sounds": [{"d": 0.09274292, "p": 99, "v": 61}], "size": 1.0, "_time": 73.54297, "pos": 0}, {"$id": 335, "sounds": [{"d": 0.09274292, "p": 97, "v": 38}], "pos": 2.0, "size": 1.0, "_time": 73.640625}, {"$id": 336, "sounds": [{"d": 0.09274292, "p": 99, "v": 61}], "size": 1.0, "_time": 73.73828, "pos": 0}, {"$id": 337, "sounds": [{"d": 0.09274292, "p": 97, "v": 38}], "pos": 2.0, "size": 1.0, "_time": 73.83594}, {"$id": 338, "sounds": [{"d": 0.108879089, "p": 96, "v": 52}], "pos": -1.0, "size": 1.0, "_time": 73.92969}, {"$id": 339, "sounds": [{"d": 0.125, "p": 99, "v": 48}], "pos": 1.0, "size": 1.0, "_time": 74.125}, {"$id": 340, "sounds": [{"d": 0.09274292, "p": 97, "v": 61}], "pos": 2.0, "size": 1.0, "_time": 74.32031}, {"$id": 341, "sounds": [{"d": 0.09275055, "p": 93, "v": 56}], "pos": 1.5, "size": 1.0, "_time": 74.41406}, {"$id": 342, "sounds": [{"d": 0.09274292, "p": 90, "v": 35}], "pos": 1.0, "size": 1.0, "_time": 74.51172}, {"$id": 343, "sounds": [{"d": 0.09275055, "p": 87, "v": 61}], "pos": 0.5, "size": 1.0, "_time": 74.609375}, {"$id": 344, "sounds": [{"d": 0.09274292, "p": 84, "v": 36}], "size": 1.0, "_time": 74.70703, "pos": 0}, {"$id": 345, "sounds": [{"d": 0.09274292, "p": 80, "v": 41}], "pos": -0.5, "size": 1.0, "_time": 74.80078}, {"$id": 346, "sounds": [{"d": 0.09275055, "p": 78, "v": 8}], "pos": -1.0, "size": 1.0, "_time": 74.89844}, {"$id": 347, "sounds": [{"d": 0.09274292, "p": 75, "v": 9}], "pos": -1.5, "size": 1.0, "_time": 74.99609}, {"$id": 348, "sounds": [{"d": 0.11693573, "p": 77, "v": 44}], "pos": -2.0, "size": 1.0, "_time": 75.09375}, {"$id": 349, "sounds": [{"d": 0.08065033, "p": 78, "v": 61}], "pos": -1.75188911, "size": 1.0, "_time": 75.19141}, {"$id": 350, "sounds": [{"d": 0.06855011, "p": 79, "v": 26}], "pos": -1.5, "size": 1.0, "_time": 75.28516}, {"$id": 351, "sounds": [{"d": 0.09274292, "p": 80, "v": 33}], "pos": -1.22670031, "size": 1.0, "_time": 75.38281}, {"$id": 352, "sounds": [{"d": 0.12902832, "p": 81, "v": 61}], "pos": -1.0, "size": 1.0, "_time": 75.48047}, {"$id": 353, "sounds": [{"d": 0.10080719, "p": 82, "v": 33}], "pos": -0.726700366, "size": 1.0, "_time": 75.578125}, {"$id": 354, "sounds": [{"d": 0.10484314, "p": 83, "v": 52}], "pos": -0.5, "size": 1.0, "_time": 75.671875}, {"$id": 355, "sounds": [{"d": 0.06855011, "p": 84, "v": 71}], "pos": -0.226700366, "size": 1.0, "_time": 75.76953}, {"$id": 356, "sounds": [{"d": 0.06855011, "p": 85, "v": 74}], "size": 1.0, "_time": 75.87109, "pos": 0}, {"$id": 357, "sounds": [{"d": 0.26210022, "p": 85, "v": 59}], "pos": -1.0, "size": 1.0, "_time": 78.19531}, {"$id": 358, "sounds": [{"d": 0.22177887, "p": 87, "v": 66}], "size": 1.0, "_time": 78.38672, "pos": 0}, {"$id": 359, "sounds": [{"d": 0.18145752, "p": 88, "v": 70}], "pos": 1.0, "size": 1.0, "_time": 78.58203}, {"$id": 360, "sounds": [{"d": 0.1693573, "p": 92, "v": 83}], "pos": 2.0, "size": 1.0, "_time": 78.77344}, {"$id": 361, "sounds": [{"d": 0.66532135, "p": 54, "v": 56}], "pos": -1.5, "size": 1.30000007, "_time": 78.96875}, {"$id": 362, "sounds": [{"d": 0.29838562, "p": 61, "v": 52}], "pos": -0.5, "size": 1.30000007, "_time": 79.16016}, {"$id": 363, "sounds": [{"d": 0.258056641, "p": 69, "v": 48}], "pos": 2.0, "size": 1.30000007, "_time": 79.35547}, {"$id": 364, "sounds": [{"d": 0.1693573, "p": 64, "v": 48}], "pos": -0.5, "size": 1.30000007, "_time": 79.546875}, {"$id": 365, "sounds": [{"d": 0.536293, "p": 54, "v": 77}], "pos": -1.5, "size": 1.30000007, "_time": 79.74219}, {"$id": 366, "sounds": [{"d": 0.09274292, "p": 57, "v": 48}], "pos": 1.0, "size": 1.30000007, "_time": 79.93359}, {"$id": 367, "sounds": [{"d": 0.33467865, "p": 61, "v": 33}], "pos": 1.5, "size": 1.30000007, "_time": 80.03125}, {"$id": 368, "sounds": [{"d": 0.266136169, "p": 69, "v": 65}], "pos": 2.0, "size": 1.30000007, "_time": 80.12891}, {"$id": 369, "sounds": [{"d": 0.18145752, "p": 64, "v": 44}], "pos": 1.0, "size": 1.30000007, "_time": 80.32422}, {"$id": 370, "sounds": [{"d": 0.5887146, "p": 56, "v": 61}], "pos": -1.0, "size": 1.30000007, "_time": 80.515625}, {"$id": 371, "sounds": [{"d": 0.36693573, "p": 60, "v": 26}], "size": 1.30000007, "_time": 80.71094, "pos": 0}, {"$id": 372, "sounds": [{"d": 0.375, "p": 66, "v": 33}], "pos": 1.5, "size": 1.30000007, "_time": 80.90234}, {"$id": 373, "sounds": [{"d": 0.20161438, "p": 63, "v": 31}], "size": 1.30000007, "_time": 81.09766, "pos": 0}, {"$id": 374, "sounds": [{"d": 0.475814819, "p": 56, "v": 56}], "pos": -1.0, "size": 1.30000007, "_time": 81.28906}, {"$id": 375, "sounds": [{"d": 0.09274292, "p": 63, "v": 48}], "pos": 0.5, "size": 1.30000007, "_time": 81.484375}, {"$id": 376, "sounds": [{"d": 0.16532135, "p": 60, "v": 24}], "pos": -0.5, "size": 1.30000007, "_time": 81.58203}, {"$id": 377, "sounds": [{"d": 0.35887146, "p": 66, "v": 35}], "pos": 1.5, "size": 1.30000007, "_time": 81.67578}, {"$id": 378, "sounds": [{"d": 0.18548584, "p": 63, "v": 33}], "pos": 0.5, "size": 1.30000007, "_time": 81.87109}, {"$id": 379, "sounds": [{"d": 0.540329, "p": 49, "v": 56}], "pos": -1.5, "size": 1.30000007, "_time": 82.0625}, {"$id": 380, "sounds": [{"d": 0.38710022, "p": 56, "v": 31}], "pos": -0.5, "size": 1.30000007, "_time": 82.25781}, {"$id": 381, "sounds": [{"d": 0.25403595, "p": 64, "v": 48}], "pos": 1.0, "size": 1.30000007, "_time": 82.453125}, {"$id": 382, "sounds": [{"d": 0.18548584, "p": 61, "v": 41}], "pos": -0.5, "size": 1.30000007, "_time": 82.64453}, {"$id": 383, "sounds": [{"d": 0.4879074, "p": 49, "v": 44}], "pos": -1.5, "size": 1.30000007, "_time": 82.83984}, {"$id": 384, "sounds": [{"d": 0.09274292, "p": 52, "v": 48}], "size": 1.30000007, "_time": 83.03125, "pos": 0}, {"$id": 385, "sounds": [{"d": 0.18547821, "p": 56, "v": 33}], "pos": 0.5, "size": 1.30000007, "_time": 83.12891}, {"$id": 386, "sounds": [{"d": 0.26612854, "p": 64, "v": 38}], "pos": 1.0, "size": 1.30000007, "_time": 83.22656}, {"$id": 387, "sounds": [{"d": 0.14112854, "p": 61, "v": 31}], "size": 1.30000007, "_time": 83.41797, "pos": 0}, {"$id": 388, "sounds": [{"d": 0.5322647, "p": 47, "v": 61}], "pos": -2.0, "size": 1.30000007, "_time": 83.61328}, {"$id": 389, "sounds": [{"d": 0.391136169, "p": 56, "v": 48}], "pos": -1.0, "size": 1.30000007, "_time": 83.80469}, {"$id": 390, "sounds": [{"d": 0.241943359, "p": 64, "v": 44}], "pos": 1.0, "size": 1.30000007, "_time": 84.0}, {"$id": 391, "sounds": [{"d": 0.17339325, "p": 61, "v": 41}], "size": 1.30000007, "_time": 84.19531, "pos": 0}, {"$id": 392, "sounds": [{"d": 0.49597168, "p": 47, "v": 66}], "pos": -2.0, "size": 1.30000007, "_time": 84.38672}, {"$id": 393, "sounds": [{"d": 0.09274292, "p": 52, "v": 48}], "pos": -1.5, "size": 1.30000007, "_time": 84.484375}, {"$id": 394, "sounds": [{"d": 0.29032135, "p": 56, "v": 52}], "pos": -1.0, "size": 1.30000007, "_time": 84.58203}, {"$id": 395, "sounds": [{"d": 0.15725708, "p": 64, "v": 48}], "pos": 1.0, "size": 1.30000007, "_time": 84.77344}, {"$id": 396, "sounds": [{"d": 0.108879089, "p": 61, "v": 24}], "pos": 0.5, "size": 1.30000007, "_time": 84.87109}, {"$id": 397, "sounds": [{"d": 0.108879089, "p": 56, "v": 24}], "size": 1.30000007, "_time": 84.96875, "pos": 0}, {"$id": 398, "sounds": [{"d": 0.108879089, "p": 52, "v": 24}], "pos": -0.5, "size": 1.30000007, "_time": 85.0625}, {"$id": 399, "sounds": [{"d": 0.657272339, "p": 45, "v": 71}], "pos": -1.0, "size": 1.30000007, "_time": 85.16016}, {"$id": 400, "sounds": [{"d": 0.5080719, "p": 56, "v": 66}], "size": 1.30000007, "_time": 85.35547, "pos": 0}, {"$id": 401, "sounds": [{"d": 0.20161438, "p": 64, "v": 52}], "pos": 1.5, "size": 1.30000007, "_time": 85.546875}, {"$id": 402, "sounds": [{"d": 0.1330719, "p": 61, "v": 38}], "size": 1.30000007, "_time": 85.74219, "pos": 0}, {"$id": 403, "sounds": [{"d": 0.50403595, "p": 45, "v": 46}], "pos": -1.0, "size": 1.30000007, "_time": 85.93359}, {"$id": 404, "sounds": [{"d": 0.18951416, "p": 52, "v": 38}], "pos": 0.5, "size": 1.30000007, "_time": 86.12891}, {"$id": 405, "sounds": [{"d": 0.318557739, "p": 56, "v": 35}], "pos": 1.0, "size": 1.30000007, "_time": 86.22656}, {"$id": 406, "sounds": [{"d": 0.250007629, "p": 64, "v": 41}], "pos": 1.5, "size": 1.30000007, "_time": 86.32422}, {"$id": 407, "sounds": [{"d": 0.1693573, "p": 61, "v": 38}], "pos": 0.5, "size": 1.30000007, "_time": 86.515625}, {"$id": 408, "sounds": [{"d": 0.47177887, "p": 44, "v": 77}], "pos": -1.5, "size": 1.30000007, "_time": 86.71094}, {"$id": 409, "sounds": [{"d": 0.27822876, "p": 54, "v": 44}], "pos": -0.5, "size": 1.30000007, "_time": 86.90234}, {"$id": 410, "sounds": [{"d": 0.25806427, "p": 63, "v": 25}], "pos": 1.0, "size": 1.30000007, "_time": 87.09766}, {"$id": 411, "sounds": [{"d": 0.13306427, "p": 60, "v": 24}], "pos": -0.5, "size": 1.30000007, "_time": 87.28906}, {"$id": 412, "sounds": [{"d": 0.4072647, "p": 44, "v": 61}], "pos": -1.5, "size": 1.30000007, "_time": 87.484375}, {"$id": 413, "sounds": [{"d": 0.11693573, "p": 51, "v": 38}], "size": 1.30000007, "_time": 87.67578, "pos": 0}, {"$id": 414, "sounds": [{"d": 0.145172119, "p": 54, "v": 52}], "pos": 0.5, "size": 1.30000007, "_time": 87.77344}, {"$id": 415, "sounds": [{"d": 0.30645752, "p": 63, "v": 35}], "pos": 1.0, "size": 1.30000007, "_time": 87.87109}, {"$id": 416, "sounds": [{"d": 0.2056427, "p": 60, "v": 16}], "size": 1.30000007, "_time": 88.06641, "pos": 0}, {"$id": 417, "sounds": [{"d": 0.512107849, "p": 49, "v": 61}], "pos": -1.0, "size": 1.30000007, "_time": 88.25781}, {"$id": 418, "sounds": [{"d": 0.3064499, "p": 56, "v": 33}], "size": 1.30000007, "_time": 88.453125, "pos": 0}, {"$id": 419, "sounds": [{"d": 0.23790741, "p": 64, "v": 35}], "pos": 1.0, "size": 1.30000007, "_time": 88.64453}, {"$id": 420, "sounds": [{"d": 0.20565033, "p": 71, "v": 38}], "pos": 2.0, "size": 1.30000007, "_time": 88.83984}, {"$id": 421, "sounds": [{"d": 0.499992371, "p": 49, "v": 48}], "pos": -1.0, "size": 1.30000007, "_time": 89.03125}, {"$id": 422, "sounds": [{"d": 0.306442261, "p": 61, "v": 33}], "size": 1.30000007, "_time": 89.22656, "pos": 0}, {"$id": 423, "sounds": [{"d": 0.4677353, "p": 56, "v": 56}], "pos": -1.0, "size": 1.30000007, "_time": 89.32422}, {"$id": 424, "sounds": [{"d": 0.41129303, "p": 64, "v": 48}], "pos": 1.0, "size": 1.30000007, "_time": 89.41797}, {"$id": 425, "sounds": [{"d": 0.233879089, "p": 71, "v": 71}], "pos": 2.0, "size": 1.30000007, "_time": 89.61328}, {"$id": 426, "sounds": [{"d": 0.5968094, "p": 47, "v": 84}], "pos": -2.0, "size": 1.30000007, "_time": 89.80469}, {"$id": 427, "sounds": [{"d": 0.427459717, "p": 56, "v": 90}], "pos": -1.0, "size": 1.30000007, "_time": 90.0}, {"$id": 428, "sounds": [{"d": 0.241966248, "p": 63, "v": 71}], "size": 1.30000007, "_time": 90.19531, "pos": 0}, {"$id": 429, "sounds": [{"d": 0.1855011, "p": 71, "v": 90}], "pos": 1.0, "size": 1.30000007, "_time": 90.38672}, {"$id": 430, "sounds": [{"d": 0.4516449, "p": 80, "v": 84}], "pos": 2.0, "size": 1.0, "_time": 90.58203}, {"$id": 431, "sounds": [{"d": 0.326637268, "p": 76, "v": 48}], "pos": 1.5, "size": 1.0, "_time": 90.67578}, {"$id": 432, "sounds": [{"d": 0.221794128, "p": 73, "v": 61}], "pos": 1.0, "size": 1.0, "_time": 90.77344}, {"$id": 433, "sounds": [{"d": 0.125007629, "p": 71, "v": 77}], "pos": 0.5, "size": 1.0, "_time": 90.87109}, {"$id": 434, "sounds": [{"d": 0.133079529, "p": 68, "v": 61}], "size": 1.0, "_time": 90.96875, "pos": 0}, {"$id": 435, "sounds": [{"d": 0.1330719, "p": 63, "v": 61}], "pos": -0.5, "size": 1.0, "_time": 91.06641}, {"$id": 436, "sounds": [{"d": 0.1330719, "p": 56, "v": 61}], "pos": -1.0, "size": 1.0, "_time": 91.16016}, {"$id": 437, "sounds": [{"d": 0.1330719, "p": 51, "v": 61}], "pos": -1.5, "size": 1.0, "_time": 91.25781}, {"$id": 438, "sounds": [{"d": 0.2137146, "p": 42, "v": 56}], "pos": -2.0, "size": 1.0, "_time": 91.35547}, {"$id": 439, "sounds": [{"d": 0.22580719, "p": 52, "v": 66}], "pos": -1.0, "size": 1.0, "_time": 91.453125}, {"$id": 440, "sounds": [{"d": 0.11290741, "p": 61, "v": 41}], "size": 1.0, "_time": 91.546875, "pos": 0}, {"$id": 441, "sounds": [{"d": 0.12097168, "p": 64, "v": 61}], "pos": 1.0, "size": 1.0, "_time": 91.64453}, {"$id": 442, "sounds": [{"d": 0.24597168, "p": 42, "v": 56}], "pos": -2.0, "size": 1.0, "_time": 92.12891}, {"$id": 443, "sounds": [{"d": 0.20967865, "p": 52, "v": 52}], "pos": -1.0, "size": 1.0, "_time": 92.32422}, {"$id": 444, "sounds": [{"d": 0.11693573, "p": 61, "v": 52}], "size": 1.0, "_time": 92.41797, "pos": 0}, {"$id": 445, "sounds": [{"d": 0.12097168, "p": 64, "v": 61}], "pos": 1.0, "size": 1.0, "_time": 92.515625}, {"$id": 446, "sounds": [{"d": 0.12902832, "p": 73, "v": 84}], "pos": 2.0, "size": 1.0, "_time": 92.61328}, {"$id": 447, "sounds": [{"d": 0.09677887, "p": 61, "v": 77}], "size": 1.0, "_time": 92.80469, "pos": 0}, {"$id": 448, "sounds": [{"d": 0.2137146, "p": 44, "v": 56}], "pos": -2.0, "size": 1.0, "_time": 92.90234}, {"$id": 449, "sounds": [{"d": 0.22580719, "p": 54, "v": 66}], "pos": -1.0, "size": 1.0, "_time": 93.0}, {"$id": 450, "sounds": [{"d": 0.11290741, "p": 63, "v": 41}], "size": 1.0, "_time": 93.09766, "pos": 0}, {"$id": 451, "sounds": [{"d": 0.12096405, "p": 66, "v": 61}], "pos": 1.0, "size": 1.0, "_time": 93.19531}, {"$id": 452, "sounds": [{"d": 0.24597168, "p": 44, "v": 56}], "pos": -2.0, "size": 1.0, "_time": 93.67578}, {"$id": 453, "sounds": [{"d": 0.20967865, "p": 54, "v": 52}], "pos": -1.0, "size": 1.0, "_time": 93.87109}, {"$id": 454, "sounds": [{"d": 0.11693573, "p": 63, "v": 52}], "size": 1.0, "_time": 93.96875, "pos": 0}, {"$id": 455, "sounds": [{"d": 0.12097168, "p": 66, "v": 61}], "pos": 1.0, "size": 1.0, "_time": 94.06641}, {"$id": 456, "sounds": [{"d": 0.12902832, "p": 75, "v": 84}], "pos": 2.0, "size": 1.0, "_time": 94.16016}, {"$id": 457, "sounds": [{"d": 0.09677124, "p": 63, "v": 77}], "size": 1.0, "_time": 94.35547, "pos": 0}, {"$id": 458, "sounds": [{"d": 0.2137146, "p": 49, "v": 56}], "pos": -2.0, "size": 1.0, "_time": 94.453125}, {"$id": 459, "sounds": [{"d": 0.22580719, "p": 61, "v": 66}], "pos": -1.0, "size": 1.0, "_time": 94.546875}, {"$id": 460, "sounds": [{"d": 0.11290741, "p": 68, "v": 41}], "size": 1.0, "_time": 94.64453, "pos": 0}, {"$id": 461, "sounds": [{"d": 0.10887146, "p": 73, "v": 61}], "pos": 1.0, "size": 1.0, "_time": 94.74219}, {"$id": 462, "sounds": [{"d": 0.23790741, "p": 84, "v": 53}], "pos": 2.0, "size": 1.0, "_time": 94.83984}, {"$id": 463, "sounds": [{"d": 0.24597168, "p": 49, "v": 56}], "pos": -2.0, "size": 1.0, "_time": 95.22656}, {"$id": 464, "sounds": [{"d": 0.20967865, "p": 61, "v": 52}], "pos": -1.0, "size": 1.0, "_time": 95.41797}, {"$id": 465, "sounds": [{"d": 0.11693573, "p": 68, "v": 52}], "size": 1.0, "_time": 95.515625, "pos": 0}, {"$id": 466, "sounds": [{"d": 0.108879089, "p": 73, "v": 61}], "pos": 1.0, "size": 1.0, "_time": 95.61328}, {"$id": 467, "sounds": [{"d": 0.12903595, "p": 85, "v": 84}], "pos": 2.0, "size": 1.0, "_time": 95.71094}, {"$id": 468, "sounds": [{"d": 0.09677124, "p": 68, "v": 77}], "size": 1.0, "_time": 95.90234, "pos": 0}, {"$id": 469, "sounds": [{"d": 0.2137146, "p": 47, "v": 56}], "pos": -2.0, "size": 1.0, "_time": 96.0}, {"$id": 470, "sounds": [{"d": 0.22580719, "p": 59, "v": 66}], "pos": -1.0, "size": 1.0, "_time": 96.09766}, {"$id": 471, "sounds": [{"d": 0.11290741, "p": 68, "v": 41}], "size": 1.0, "_time": 96.19531, "pos": 0}, {"$id": 472, "sounds": [{"d": 0.12096405, "p": 71, "v": 61}], "pos": 1.0, "size": 1.0, "_time": 96.28906}, {"$id": 473, "sounds": [{"d": 0.24597168, "p": 46, "v": 56}], "pos": -2.0, "size": 1.0, "_time": 96.77344}, {"$id": 474, "sounds": [{"d": 0.20967865, "p": 59, "v": 52}], "pos": -1.0, "size": 1.0, "_time": 96.96875}, {"$id": 475, "sounds": [{"d": 0.11693573, "p": 68, "v": 52}], "size": 1.0, "_time": 97.06641, "pos": 0}, {"$id": 476, "sounds": [{"d": 0.12097168, "p": 71, "v": 61}], "pos": 1.0, "size": 1.0, "_time": 97.16016}, {"$id": 477, "sounds": [{"d": 0.12902832, "p": 80, "v": 84}], "pos": 2.0, "size": 1.0, "_time": 97.25781}, {"$id": 478, "sounds": [{"d": 0.09677124, "p": 68, "v": 77}], "size": 1.0, "_time": 97.453125, "pos": 0}, {"$id": 479, "sounds": [{"d": 0.2137146, "p": 45, "v": 56}], "pos": -2.0, "size": 1.0, "_time": 97.546875}, {"$id": 480, "sounds": [{"d": 0.22580719, "p": 52, "v": 66}], "pos": -1.0, "size": 1.0, "_time": 97.64453}, {"$id": 481, "sounds": [{"d": 0.11290741, "p": 61, "v": 41}], "size": 1.0, "_time": 97.74219, "pos": 0}, {"$id": 482, "sounds": [{"d": 0.12096405, "p": 64, "v": 61}], "pos": 1.0, "size": 1.0, "_time": 97.83984}, {"$id": 483, "sounds": [{"d": 0.24597168, "p": 45, "v": 56}], "pos": -2.0, "size": 1.0, "_time": 98.32422}, {"$id": 484, "sounds": [{"d": 0.20967865, "p": 52, "v": 52}], "pos": -1.0, "size": 1.0, "_time": 98.515625}, {"$id": 485, "sounds": [{"d": 0.11693573, "p": 61, "v": 52}], "size": 1.0, "_time": 98.61328, "pos": 0}, {"$id": 486, "sounds": [{"d": 0.12097168, "p": 64, "v": 61}], "pos": 1.0, "size": 1.0, "_time": 98.71094}, {"$id": 487, "sounds": [{"d": 0.12902832, "p": 73, "v": 84}], "pos": 2.0, "size": 1.0, "_time": 98.80469}, {"$id": 488, "sounds": [{"d": 0.09677124, "p": 61, "v": 77}], "size": 1.0, "_time": 99.0, "pos": 0}, {"$id": 489, "sounds": [{"d": 0.21370697, "p": 44, "v": 56}], "pos": -2.0, "size": 1.0, "_time": 99.09766}, {"$id": 490, "sounds": [{"d": 0.22580719, "p": 51, "v": 66}], "pos": -1.0, "size": 1.0, "_time": 99.19531}, {"$id": 491, "sounds": [{"d": 0.11290741, "p": 60, "v": 41}], "size": 1.0, "_time": 99.28906, "pos": 0}, {"$id": 492, "sounds": [{"d": 0.12096405, "p": 66, "v": 61}], "pos": 1.0, "size": 1.0, "_time": 99.38672}, {"$id": 493, "sounds": [{"d": 0.24597168, "p": 44, "v": 56}], "pos": -2.0, "size": 1.0, "_time": 99.87109}, {"$id": 494, "sounds": [{"d": 0.20967865, "p": 51, "v": 52}], "pos": -1.0, "size": 1.0, "_time": 100.066406}, {"$id": 495, "sounds": [{"d": 0.11693573, "p": 60, "v": 52}], "size": 1.0, "_time": 100.160156, "pos": 0}, {"$id": 496, "sounds": [{"d": 0.12097168, "p": 66, "v": 61}], "pos": 1.0, "size": 1.0, "_time": 100.257813}, {"$id": 497, "sounds": [{"d": 0.12902832, "p": 75, "v": 84}], "pos": 2.0, "size": 1.0, "_time": 100.355469}, {"$id": 498, "sounds": [{"d": 0.09677124, "p": 63, "v": 77}], "size": 1.0, "_time": 100.546875, "pos": 0}, {"$id": 499, "sounds": [{"d": 0.2137146, "p": 49, "v": 56}], "pos": -2.0, "size": 1.0, "_time": 100.644531}, {"$id": 500, "sounds": [{"d": 0.22580719, "p": 61, "v": 66}], "pos": -1.0, "size": 1.0, "_time": 100.742188}, {"$id": 501, "sounds": [{"d": 0.11290741, "p": 68, "v": 41}], "size": 1.0, "_time": 100.839844, "pos": 0}, {"$id": 502, "sounds": [{"d": 0.10887146, "p": 73, "v": 61}], "pos": 1.0, "size": 1.0, "_time": 100.9375}, {"$id": 503, "sounds": [{"d": 0.12903595, "p": 85, "v": 74}], "pos": 2.0, "size": 1.0, "_time": 101.03125}, {"$id": 504, "sounds": [{"d": 0.24596405, "p": 49, "v": 56}], "pos": -2.0, "size": 1.0, "_time": 101.417969}, {"$id": 505, "sounds": [{"d": 0.20967865, "p": 61, "v": 52}], "pos": -1.0, "size": 1.0, "_time": 101.515625}, {"$id": 506, "sounds": [{"d": 0.116943359, "p": 68, "v": 52}], "size": 1.0, "_time": 101.613281, "pos": 0}, {"$id": 507, "sounds": [{"d": 0.108879089, "p": 73, "v": 61}], "pos": 1.0, "size": 1.0, "_time": 101.710938}, {"$id": 508, "sounds": [{"d": 0.12903595, "p": 85, "v": 84}], "pos": 2.0, "size": 1.0, "_time": 101.804688}, {"$id": 509, "sounds": [{"d": 0.09677124, "p": 68, "v": 77}], "size": 1.0, "_time": 102.0, "pos": 0}, {"$id": 510, "sounds": [{"d": 0.06855011, "p": 64, "v": 61}], "pos": -1.0, "size": 1.0, "_time": 102.097656}, {"$id": 511, "sounds": [{"d": 0.7419815, "p": 37, "v": 103}, {"d": 0.7016525, "p": 49, "v": 88}], "pos": 2.0, "size": 1.60000014, "_time": 102.195313}, {"$id": 512, "sounds": [{"d": 0.7298813, "p": 61, "v": 88}], "pos": -2.0, "size": 1.0, "_time": 102.195313}, {"$id": 513, "sounds": [{"d": 0.06048584, "p": 78, "v": 95}, {"w": 0.09765625, "d": 0.0806427, "p": 70, "v": 80}], "size": 1.0, "_time": 103.742188, "pos": 0}, {"$id": 514, "sounds": [{"d": 0.06855011, "p": 77, "v": 95}, {"w": 0.09375, "d": 0.07661438, "p": 70, "v": 82}], "pos": -1.0, "size": 1.0, "_time": 103.9375}, {"$id": 515, "sounds": [{"d": 0.08467865, "p": 78, "v": 95}, {"w": 0.09765625, "d": 0.0806427, "p": 70, "v": 85}], "size": 1.0, "_time": 104.128906, "pos": 0}, {"$id": 516, "sounds": [{"d": 0.07257843, "p": 77, "v": 96}, {"w": 0.09765625, "d": 0.09274292, "p": 70, "v": 87}], "pos": -1.0, "size": 1.0, "_time": 104.324219}, {"$id": 517, "sounds": [{"d": 0.07257843, "p": 78, "v": 96}, {"w": 0.09765625, "d": 0.10483551, "p": 70, "v": 99}], "size": 1.0, "_time": 104.515625, "pos": 0}, {"$id": 518, "sounds": [{"d": 0.06451416, "p": 80, "v": 91}, {"w": 0.09765625, "d": 0.09677124, "p": 70, "v": 80}], "pos": 1.0, "size": 1.0, "_time": 104.710938}, {"$id": 519, "sounds": [{"d": 0.06451416, "p": 78, "v": 98}, {"w": 0.09765625, "d": 0.08870697, "p": 70, "v": 72}], "size": 1.0, "_time": 104.902344, "pos": 0}, {"$id": 520, "sounds": [{"d": 0.06048584, "p": 77, "v": 102}, {"w": 0.09765625, "d": 0.08870697, "p": 70, "v": 73}], "pos": -1.0, "size": 1.0, "_time": 105.097656}, {"$id": 521, "sounds": [{"d": 0.06451416, "p": 78, "v": 99}, {"w": 0.09765625, "d": 0.08065033, "p": 70, "v": 83}], "size": 1.0, "_time": 105.289063, "pos": 0}, {"$id": 522, "sounds": [{"d": 0.06451416, "p": 77, "v": 106}, {"w": 0.09765625, "d": 0.08469391, "p": 70, "v": 85}], "pos": -1.0, "size": 1.0, "_time": 105.484375}, {"$id": 523, "sounds": [{"d": 0.06855011, "p": 78, "v": 109}, {"w": 0.09375, "d": 0.08467865, "p": 70, "v": 74}], "size": 1.0, "_time": 105.679688, "pos": 0}, {"$id": 524, "sounds": [{"d": 0.06048584, "p": 77, "v": 96}, {"w": 0.09765625, "d": 0.10080719, "p": 70, "v": 83}], "pos": -1.0, "size": 1.0, "_time": 105.871094}, {"$id": 525, "sounds": [{"d": 0.05242157, "p": 78, "v": 97}, {"w": 0.09375, "d": 0.09677124, "p": 70, "v": 88}], "size": 1.0, "_time": 106.066406, "pos": 0}, {"$id": 526, "sounds": [{"d": 0.06048584, "p": 82, "v": 100}, {"w": 0.09765625, "d": 0.08467865, "p": 70, "v": 99}], "pos": 2.0, "size": 1.0, "_time": 106.257813}, {"$id": 527, "sounds": [{"d": 0.05644989, "p": 78, "v": 110}, {"w": 0.09765625, "d": 0.0806427, "p": 70, "v": 100}], "size": 1.0, "_time": 106.453125, "pos": 0}, {"$id": 528, "sounds": [{"d": 0.05644989, "p": 77, "v": 110}, {"w": 0.09765625, "d": 0.07661438, "p": 70, "v": 95}], "pos": -1.0, "size": 1.0, "_time": 106.644531}, {"$id": 529, "sounds": [{"d": 0.06451416, "p": 63, "v": 90}], "pos": -2.0, "size": 1.0, "_time": 106.839844}, {"$id": 530, "sounds": [{"d": 0.06451416, "p": 75, "v": 90}], "size": 1.0, "_time": 106.839844, "pos": 0}, {"$id": 531, "sounds": [{"d": 0.06451416, "p": 65, "v": 97}], "pos": -2.0, "size": 1.0, "_time": 107.03125}, {"$id": 532, "sounds": [{"d": 0.06451416, "p": 77, "v": 97}], "size": 1.0, "_time": 107.03125, "pos": 0}, {"$id": 533, "sounds": [{"d": 0.06451416, "p": 78, "v": 90}], "pos": 1.5, "size": 1.0, "_time": 107.226563}, {"$id": 534, "sounds": [{"d": 0.06451416, "p": 66, "v": 90}], "pos": -0.5, "size": 1.0, "_time": 107.226563}, {"$id": 535, "sounds": [{"d": 0.0806427, "p": 80, "v": 97}], "pos": 1.5, "size": 1.0, "_time": 107.421875}, {"$id": 536, "sounds": [{"d": 0.0806427, "p": 68, "v": 97}], "pos": -0.5, "size": 1.0, "_time": 107.421875}, {"$id": 537, "sounds": [{"d": 0.07661438, "p": 75, "v": 71}, {"d": 0.07661438, "p": 87, "v": 71}], "pos": -2.0, "size": 1.0, "_time": 107.613281}, {"$id": 538, "sounds": [{"d": 0.06048584, "p": 89, "v": 52}, {"d": 0.06048584, "p": 77, "v": 52}], "pos": -1.0, "size": 1.0, "_time": 107.808594}, {"$id": 539, "sounds": [{"d": 0.06048584, "p": 90, "v": 90}, {"d": 0.06048584, "p": 78, "v": 90}], "size": 1.0, "_time": 108.0, "pos": 0}, {"$id": 540, "sounds": [{"d": 0.06048584, "p": 94, "v": 61}, {"d": 0.06048584, "p": 82, "v": 61}], "pos": 1.0, "size": 1.0, "_time": 108.195313}, {"$id": 541, "sounds": [{"d": 0.07661438, "p": 63, "v": 71}], "pos": -1.5, "size": 1.0, "_time": 108.386719}, {"$id": 542, "sounds": [{"d": 0.07661438, "p": 75, "v": 71}], "pos": 0.5, "size": 1.0, "_time": 108.386719}, {"$id": 543, "sounds": [{"d": 0.07661438, "p": 77, "v": 84}], "pos": 0.5, "size": 1.0, "_time": 108.582031}, {"$id": 544, "sounds": [{"d": 0.07661438, "p": 65, "v": 84}], "pos": -1.5, "size": 1.0, "_time": 108.582031}, {"$id": 545, "sounds": [{"d": 0.06451416, "p": 78, "v": 71}], "pos": 2.0, "size": 1.0, "_time": 108.773438}, {"$id": 546, "sounds": [{"d": 0.06451416, "p": 66, "v": 71}], "size": 1.0, "_time": 108.773438, "pos": 0}, {"$id": 547, "sounds": [{"d": 0.06048584, "p": 85, "v": 90}], "pos": 2.0, "size": 1.0, "_time": 108.96875}, {"$id": 548, "sounds": [{"d": 0.06048584, "p": 73, "v": 90}], "size": 1.0, "_time": 108.96875, "pos": 0}, {"$id": 549, "sounds": [{"d": 0.07661438, "p": 87, "v": 71}, {"d": 0.07661438, "p": 75, "v": 71}], "pos": -1.0, "size": 1.0, "_time": 109.160156}, {"$id": 550, "sounds": [{"d": 0.07661438, "p": 89, "v": 84}, {"d": 0.07661438, "p": 77, "v": 84}], "size": 1.0, "_time": 109.355469, "pos": 0}, {"$id": 551, "sounds": [{"d": 0.06451416, "p": 90, "v": 71}, {"d": 0.06451416, "p": 78, "v": 71}], "pos": 1.0, "size": 1.0, "_time": 109.550781}, {"$id": 552, "sounds": [{"d": 0.06048584, "p": 97, "v": 90}, {"d": 0.06048584, "p": 85, "v": 90}], "pos": 2.0, "size": 1.0, "_time": 109.742188}, {"$id": 553, "sounds": [{"d": 0.33870697, "p": 71, "v": 61}, {"d": 0.33870697, "p": 59, "v": 61}], "pos": -2.0, "size": 1.0, "_time": 109.9375}, {"$id": 554, "sounds": [{"d": 0.25402832, "p": 75, "v": 61}, {"d": 0.25402832, "p": 63, "v": 61}], "pos": -1.0, "size": 1.0, "_time": 110.324219}, {"$id": 555, "sounds": [{"d": 0.37096405, "p": 78, "v": 61}, {"d": 0.37096405, "p": 66, "v": 61}], "size": 1.0, "_time": 110.511719, "pos": 0}, {"$id": 556, "sounds": [{"d": 0.6491928, "p": 82, "v": 84}, {"d": 0.6491928, "p": 70, "v": 84}], "pos": 2.0, "size": 1.0, "_time": 110.898438}, {"$id": 557, "sounds": [{"d": 0.34274292, "p": 80, "v": 66}, {"d": 0.34274292, "p": 68, "v": 66}], "pos": 1.0, "size": 1.0, "_time": 111.480469}, {"$id": 558, "sounds": [{"d": 0.29032135, "p": 77, "v": 61}, {"d": 0.29032135, "p": 65, "v": 61}], "pos": -1.0, "size": 1.0, "_time": 111.675781}, {"$id": 559, "sounds": [{"d": 0.37903595, "p": 74, "v": 71}, {"d": 0.37903595, "p": 62, "v": 71}], "size": 1.0, "_time": 112.253906, "pos": 0}, {"$id": 560, "sounds": [{"d": 0.58467865, "p": 58, "v": 90}, {"d": 0.58467865, "p": 70, "v": 90}], "pos": -2.0, "size": 1.0, "_time": 112.449219}, {"$id": 561, "sounds": [{"d": 0.205657959, "p": 75, "v": 71}, {"w": 0.1015625, "d": 0.20565033, "p": 87, "v": 71}], "pos": -1.0, "size": 1.0, "_time": 113.027344}, {"$id": 562, "sounds": [{"d": 0.20967865, "p": 74, "v": 33}, {"w": 0.1015625, "d": 0.20967865, "p": 86, "v": 33}], "pos": -1.0, "size": 1.0, "_time": 113.222656}, {"$id": 563, "sounds": [{"d": 0.23790741, "p": 75, "v": 24}, {"w": 0.1015625, "d": 0.23387146, "p": 87, "v": 24}], "pos": 1.0, "size": 1.0, "_time": 113.414063}, {"$id": 564, "sounds": [{"d": 0.20565033, "p": 77, "v": 77}, {"w": 0.1015625, "d": 0.20565033, "p": 89, "v": 77}], "pos": 1.0, "size": 1.0, "_time": 113.609375}, {"$id": 565, "sounds": [{"d": 0.17339325, "p": 78, "v": 84}, {"w": 0.09765625, "d": 0.17339325, "p": 90, "v": 84}], "pos": -2.0, "size": 1.0, "_time": 113.804688}, {"$id": 566, "sounds": [{"d": 0.19758606, "p": 77, "v": 71}, {"w": 0.1015625, "d": 0.19758606, "p": 89, "v": 71}], "pos": -1.0, "size": 1.0, "_time": 113.996094}, {"$id": 567, "sounds": [{"d": 0.19758606, "p": 78, "v": 38}, {"w": 0.09765625, "d": 0.19758606, "p": 90, "v": 38}], "size": 1.0, "_time": 114.191406, "pos": 0}, {"$id": 568, "sounds": [{"d": 0.245986938, "p": 80, "v": 77}, {"w": 0.1015625, "d": 0.245986938, "p": 92, "v": 77}], "pos": 1.0, "size": 1.0, "_time": 114.382813}, {"$id": 569, "sounds": [{"d": 0.419387817, "p": 82, "v": 61}, {"w": 0.1015625, "d": 0.245979309, "p": 94, "v": 77}], "pos": 2.0, "size": 1.0, "_time": 114.578125}, {"$id": 570, "sounds": [{"d": 0.189537048, "p": 63, "v": 52}], "pos": -2.0, "size": 1.0, "_time": 114.964844}, {"$id": 571, "sounds": [{"d": 0.100822449, "p": 75, "v": 52}], "pos": 2.0, "size": 1.0, "_time": 114.964844}, {"$id": 572, "sounds": [{"d": 0.07662201, "p": 66, "v": 44}], "pos": -1.0, "size": 1.0, "_time": 115.351563}, {"$id": 573, "sounds": [{"d": 0.08468628, "p": 78, "v": 44}], "pos": 1.0, "size": 1.0, "_time": 115.449219}, {"$id": 574, "sounds": [{"d": 0.0887146, "p": 68, "v": 90}], "pos": -1.0, "size": 1.0, "_time": 115.546875}, {"$id": 575, "sounds": [{"d": 0.100814819, "p": 80, "v": 90}], "pos": 1.0, "size": 1.0, "_time": 115.640625}, {"$id": 576, "sounds": [{"d": 0.08065033, "p": 70, "v": 52}], "pos": -2.0, "size": 1.0, "_time": 115.738281}, {"$id": 577, "sounds": [{"d": 0.09275055, "p": 82, "v": 52}], "pos": 2.0, "size": 1.0, "_time": 115.835938}, {"$id": 578, "sounds": [{"d": 0.12902832, "p": 73, "v": 77}], "pos": -2.0, "size": 1.0, "_time": 115.933594}, {"$id": 579, "sounds": [{"d": 0.13710022, "p": 85, "v": 77}], "pos": 2.0, "size": 1.0, "_time": 116.027344}, {"$id": 580, "sounds": [{"d": 0.09274292, "p": 71, "v": 98}, {"d": 0.09274292, "p": 83, "v": 98}], "pos": 1.0, "size": 1.0, "_time": 116.125}, {"$id": 581, "sounds": [{"d": 0.09274292, "p": 82, "v": 101}, {"d": 0.09274292, "p": 70, "v": 101}], "pos": -1.0, "size": 1.0, "_time": 116.421875}, {"$id": 582, "sounds": [{"d": 0.19355011, "p": 83, "v": 88}, {"d": 0.19355011, "p": 71, "v": 88}], "pos": 1.0, "size": 1.0, "_time": 116.710938}, {"$id": 583, "sounds": [{"d": 0.762084961, "p": 75, "v": 61}], "pos": -0.5, "size": 1.0, "_time": 116.902344}, {"$id": 584, "sounds": [{"d": 0.689506531, "p": 78, "v": 38}], "size": 1.0, "_time": 117.0, "pos": 0}, {"$id": 585, "sounds": [{"d": 0.5685425, "p": 82, "v": 66}], "pos": 0.5, "size": 1.0, "_time": 117.097656}, {"$id": 586, "sounds": [{"d": 0.41934967, "p": 87, "v": 61}], "pos": 1.0, "size": 1.0, "_time": 117.195313}, {"$id": 587, "sounds": [{"d": 0.25806427, "p": 94, "v": 104}, {"d": 0.24193573, "p": 99, "v": 116}], "pos": -1.5, "size": 1.0, "_time": 117.292969}, {"$id": 588, "sounds": [{"d": 0.25, "p": 90, "v": 110}], "pos": 1.5, "size": 1.0, "_time": 117.292969}, {"$id": 589, "sounds": [{"d": 0.09677124, "p": 82, "v": 66}, {"d": 0.09677124, "p": 70, "v": 66}], "pos": 0.5, "size": 1.0, "_time": 117.675781}, {"$id": 590, "sounds": [{"d": 0.08467865, "p": 81, "v": 66}, {"d": 0.08467865, "p": 69, "v": 66}], "pos": -0.5, "size": 1.0, "_time": 117.96875}, {"$id": 591, "sounds": [{"d": 0.10887146, "p": 82, "v": 61}, {"d": 0.10887146, "p": 70, "v": 61}], "pos": 0.5, "size": 1.0, "_time": 118.257813}, {"$id": 592, "pos": -1.5, "size": 1.60000014, "_time": 118.449219}, {"$id": 593, "pos": 1.5, "size": 1.60000014, "_time": 118.449219}, {"$id": 594, "sounds": [{"d": 0.11290741, "p": 70, "v": 66}, {"w": 0.09765625, "d": 0.116943359, "p": 82, "v": 66}], "pos": 1.0, "size": 1.0, "_time": 119.226563}, {"$id": 595, "sounds": [{"d": 0.100814819, "p": 68, "v": 61}, {"w": 0.09375, "d": 0.08467865, "p": 80, "v": 61}], "pos": -1.0, "size": 1.0, "_time": 119.421875}, {"$id": 596, "sounds": [{"d": 0.2137146, "p": 82, "v": 66}, {"d": 0.2137146, "p": 70, "v": 66}], "pos": 1.0, "size": 1.0, "_time": 119.613281}, {"$id": 597, "sounds": [{"d": 0.09677887, "p": 75, "v": 56}, {"d": 0.09677887, "p": 63, "v": 56}], "pos": -1.0, "size": 1.0, "_time": 119.808594}, {"$id": 598, "sounds": [{"d": 0.100814819, "p": 94, "v": 52}, {"w": 0.09765625, "d": 0.100814819, "p": 82, "v": 52}], "pos": 2.0, "size": 1.0, "_time": 119.996094}, {"$id": 599, "sounds": [{"d": 0.07661438, "p": 92, "v": 41}, {"w": 0.09375, "d": 0.07661438, "p": 80, "v": 41}], "pos": -2.0, "size": 1.0, "_time": 120.191406}, {"$id": 600, "sounds": [{"d": 0.07257843, "p": 94, "v": 71}, {"w": 0.09765625, "d": 0.07257843, "p": 82, "v": 71}], "pos": 2.0, "size": 1.0, "_time": 120.382813}, {"$id": 601, "sounds": [{"d": 0.08870697, "p": 87, "v": 84}, {"w": 0.09765625, "d": 0.08870697, "p": 75, "v": 84}], "pos": -2.0, "size": 1.0, "_time": 120.578125}, {"$id": 602, "sounds": [{"d": 0.08467865, "p": 90, "v": 91}, {"w": 0.09765625, "d": 0.08467865, "p": 78, "v": 118}], "size": 1.0, "_time": 120.769531, "pos": 0}, {"$id": 603, "sounds": [{"d": 0.08065033, "p": 89, "v": 116}, {"w": 0.09765625, "d": 0.0806427, "p": 77, "v": 115}], "pos": -1.0, "size": 1.0, "_time": 120.964844}, {"$id": 604, "sounds": [{"d": 0.0806427, "p": 87, "v": 111}, {"w": 0.09765625, "d": 0.0806427, "p": 75, "v": 110}], "pos": -2.0, "size": 1.0, "_time": 121.15625}, {"$id": 605, "sounds": [{"d": 0.10080719, "p": 89, "v": 107}, {"w": 0.09765625, "d": 0.100814819, "p": 77, "v": 103}], "pos": -1.0, "size": 1.0, "_time": 121.351563}, {"$id": 606, "sounds": [{"d": 0.07661438, "p": 90, "v": 97}, {"w": 0.09375, "d": 0.07661438, "p": 78, "v": 97}], "size": 1.0, "_time": 121.546875, "pos": 0}, {"$id": 607, "sounds": [{"d": 0.07661438, "p": 92, "v": 97}, {"w": 0.09765625, "d": 0.07661438, "p": 80, "v": 100}], "pos": 1.0, "size": 1.0, "_time": 121.738281}, {"$id": 608, "sounds": [{"d": 0.0806427, "p": 94, "v": 104}, {"w": 0.09375, "d": 0.0806427, "p": 82, "v": 104}], "pos": 2.0, "size": 1.0, "_time": 121.933594}, {"$id": 609, "sounds": [{"d": 0.08467865, "p": 87, "v": 113}, {"w": 0.09765625, "d": 0.08467865, "p": 75, "v": 115}], "pos": -2.0, "size": 1.0, "_time": 122.128906}, {"$id": 610, "sounds": [{"d": 0.09274292, "p": 77, "v": 61}], "size": 1.0, "_time": 122.417969, "pos": 0}, {"$id": 611, "sounds": [{"d": 0.09677124, "p": 78, "v": 71}], "pos": -2.0, "size": 1.0, "_time": 122.511719}, {"$id": 612, "sounds": [{"d": 0.09274292, "p": 77, "v": 61}], "size": 1.0, "_time": 122.609375, "pos": 0}, {"$id": 613, "sounds": [{"d": 0.09274292, "p": 83, "v": 48}], "pos": -1.0, "size": 1.0, "_time": 122.707031}, {"$id": 614, "sounds": [{"d": 0.09274292, "p": 82, "v": 61}], "pos": 1.0, "size": 1.0, "_time": 122.804688}, {"$id": 615, "sounds": [{"d": 0.09274292, "p": 83, "v": 48}], "pos": -1.0, "size": 1.0, "_time": 122.898438}, {"$id": 616, "sounds": [{"d": 0.09274292, "p": 82, "v": 61}], "pos": 1.0, "size": 1.0, "_time": 122.996094}, {"$id": 617, "sounds": [{"d": 0.09274292, "p": 87, "v": 56}], "size": 1.0, "_time": 123.09375, "pos": 0}, {"$id": 618, "sounds": [{"d": 0.09274292, "p": 86, "v": 48}], "pos": 2.0, "size": 1.0, "_time": 123.191406}, {"$id": 619, "sounds": [{"d": 0.09274292, "p": 87, "v": 56}], "size": 1.0, "_time": 123.289063, "pos": 0}, {"$id": 620, "sounds": [{"d": 0.09274292, "p": 86, "v": 48}], "pos": 2.0, "size": 1.0, "_time": 123.382813}, {"$id": 621, "sounds": [{"d": 0.09274292, "p": 90, "v": 27}], "pos": -1.0, "size": 1.0, "_time": 123.480469}, {"$id": 622, "sounds": [{"d": 0.09274292, "p": 89, "v": 44}], "pos": 1.0, "size": 1.0, "_time": 123.578125}, {"$id": 623, "sounds": [{"d": 0.09274292, "p": 90, "v": 27}], "pos": -1.0, "size": 1.0, "_time": 123.675781}, {"$id": 624, "sounds": [{"d": 0.09274292, "p": 89, "v": 44}], "pos": 1.0, "size": 1.0, "_time": 123.769531}, {"$id": 625, "sounds": [{"d": 0.09274292, "p": 94, "v": 56}], "pos": -2.0, "size": 1.0, "_time": 123.867188}, {"$id": 626, "sounds": [{"d": 0.09274292, "p": 92, "v": 66}], "pos": 2.0, "size": 1.0, "_time": 123.964844}, {"$id": 627, "sounds": [{"d": 0.09274292, "p": 94, "v": 56}], "pos": -2.0, "size": 1.0, "_time": 124.0625}, {"$id": 628, "sounds": [{"d": 0.09274292, "p": 92, "v": 66}], "pos": 2.0, "size": 1.0, "_time": 124.15625}, {"$id": 629, "sounds": [{"d": 0.09274292, "p": 97, "v": 77}], "pos": -2.0, "size": 1.0, "_time": 124.253906}, {"$id": 630, "sounds": [{"d": 0.10080719, "p": 95, "v": 27}], "size": 1.0, "_time": 124.351563, "pos": 0}, {"$id": 631, "sounds": [{"d": 0.09274292, "p": 99, "v": 77}], "pos": -1.0, "size": 1.0, "_time": 124.457031}, {"$id": 632, "sounds": [{"d": 0.10080719, "p": 97, "v": 27}], "pos": 1.0, "size": 1.0, "_time": 124.554688}, {"$id": 633, "sounds": [{"d": 0.09274292, "p": 101, "v": 61}], "size": 1.0, "_time": 124.640625, "pos": 0}, {"$id": 634, "sounds": [{"d": 0.09274292, "p": 99, "v": 38}], "pos": 2.0, "size": 1.0, "_time": 124.738281}, {"$id": 635, "sounds": [{"d": 0.09274292, "p": 101, "v": 61}], "size": 1.0, "_time": 124.835938, "pos": 0}, {"$id": 636, "sounds": [{"d": 0.09274292, "p": 99, "v": 38}], "pos": 2.0, "size": 1.0, "_time": 124.933594}, {"$id": 637, "sounds": [{"d": 0.10887146, "p": 98, "v": 52}], "pos": -1.0, "size": 1.0, "_time": 125.027344}, {"$id": 638, "sounds": [{"d": 0.125, "p": 101, "v": 48}], "pos": 1.0, "size": 1.0, "_time": 125.222656}, {"$id": 639, "sounds": [{"d": 0.09274292, "p": 99, "v": 61}], "pos": 2.0, "size": 1.0, "_time": 125.417969}, {"$id": 640, "sounds": [{"d": 0.09274292, "p": 95, "v": 56}], "pos": 1.5, "size": 1.0, "_time": 125.511719}, {"$id": 641, "sounds": [{"d": 0.09274292, "p": 92, "v": 35}], "pos": 1.0, "size": 1.0, "_time": 125.609375}, {"$id": 642, "sounds": [{"d": 0.09274292, "p": 89, "v": 61}], "pos": 0.5, "size": 1.0, "_time": 125.707031}, {"$id": 643, "sounds": [{"d": 0.09274292, "p": 86, "v": 36}], "size": 1.0, "_time": 125.804688, "pos": 0}, {"$id": 644, "sounds": [{"d": 0.09274292, "p": 82, "v": 41}], "pos": -0.5, "size": 1.0, "_time": 125.898438}, {"$id": 645, "sounds": [{"d": 0.09274292, "p": 80, "v": 8}], "pos": -1.0, "size": 1.0, "_time": 125.996094}, {"$id": 646, "sounds": [{"d": 0.09274292, "p": 77, "v": 9}], "pos": -1.5, "size": 1.0, "_time": 126.09375}, {"$id": 647, "sounds": [{"d": 0.11693573, "p": 79, "v": 44}], "pos": -2.0, "size": 1.0, "_time": 126.191406}, {"$id": 648, "sounds": [{"d": 0.08065033, "p": 80, "v": 61}], "pos": -1.72670031, "size": 1.0, "_time": 126.289063}, {"$id": 649, "sounds": [{"d": 0.06855011, "p": 81, "v": 26}], "pos": -1.5, "size": 1.0, "_time": 126.382813}, {"$id": 650, "sounds": [{"d": 0.09274292, "p": 82, "v": 33}], "pos": -1.22670031, "size": 1.0, "_time": 126.480469}, {"$id": 651, "sounds": [{"d": 0.12902832, "p": 83, "v": 61}], "pos": -1.0, "size": 1.0, "_time": 126.578125}, {"$id": 652, "sounds": [{"d": 0.10080719, "p": 84, "v": 33}], "pos": -0.7015116, "size": 1.0, "_time": 126.675781}, {"$id": 653, "sounds": [{"d": 0.10484314, "p": 85, "v": 52}], "pos": -0.5, "size": 1.0, "_time": 126.769531}, {"$id": 654, "sounds": [{"d": 0.06855011, "p": 86, "v": 71}], "pos": -0.25188908, "size": 1.0, "_time": 126.867188}, {"$id": 655, "sounds": [{"d": 0.06855011, "p": 87, "v": 71}], "size": 1.0, "_time": 126.96875, "pos": 0}, {"$id": 656, "sounds": [{"d": 0.18951416, "p": 39, "v": 71}], "size": 1.60000014, "_time": 131.613281, "pos": 0}, {"$id": 657, "pos": 1.5, "size": 1.60000014, "_time": 131.613281}, {"$id": 658, "pos": -1.5, "size": 1.60000014, "_time": 131.613281}], "links": [{"notes": [{"$ref": 119}, {"$ref": 120}, {"$ref": 121}, {"$ref": 122}, {"$ref": 123}, {"$ref": 124}, {"$ref": 125}, {"$ref": 126}]}, {"notes": [{"$ref": 127}, {"$ref": 128}, {"$ref": 129}, {"$ref": 130}, {"$ref": 131}, {"$ref": 132}, {"$ref": 133}, {"$ref": 134}, {"$ref": 135}]}, {"notes": [{"$ref": 144}, {"$ref": 145}, {"$ref": 148}]}, {"notes": [{"$ref": 192}, {"$ref": 193}, {"$ref": 194}]}, {"notes": [{"$ref": 438}, {"$ref": 439}, {"$ref": 440}, {"$ref": 441}]}, {"notes": [{"$ref": 348}, {"$ref": 349}, {"$ref": 350}, {"$ref": 351}, {"$ref": 352}, {"$ref": 353}, {"$ref": 354}, {"$ref": 355}, {"$ref": 356}]}, {"notes": [{"$ref": 340}, {"$ref": 341}, {"$ref": 342}, {"$ref": 343}, {"$ref": 344}, {"$ref": 345}, {"$ref": 346}, {"$ref": 347}]}, {"notes": [{"$ref": 384}, {"$ref": 385}, {"$ref": 386}]}, {"notes": [{"$ref": 392}, {"$ref": 393}, {"$ref": 394}]}, {"notes": [{"$ref": 140}, {"$ref": 142}, {"$ref": 143}]}, {"notes": [{"$ref": 430}, {"$ref": 431}, {"$ref": 432}, {"$ref": 433}, {"$ref": 434}, {"$ref": 435}, {"$ref": 436}, {"$ref": 437}]}, {"notes": [{"$ref": 404}, {"$ref": 405}, {"$ref": 406}]}, {"notes": [{"$ref": 413}, {"$ref": 414}, {"$ref": 415}]}, {"notes": [{"$ref": 583}, {"$ref": 584}, {"$ref": 585}, {"$ref": 586}, {"$ref": 588}]}, {"notes": [{"$ref": 639}, {"$ref": 640}, {"$ref": 641}, {"$ref": 642}, {"$ref": 643}, {"$ref": 644}, {"$ref": 645}, {"$ref": 646}]}, {"notes": [{"$ref": 647}, {"$ref": 648}, {"$ref": 649}, {"$ref": 650}, {"$ref": 651}, {"$ref": 652}, {"$ref": 653}, {"$ref": 654}, {"$ref": 655}]}, {"notes": [{"$ref": 395}, {"$ref": 396}, {"$ref": 397}, {"$ref": 398}, {"$ref": 399}]}, {"notes": [{"$ref": 146}, {"$ref": 147}, {"$ref": 149}]}, {"notes": [{"$ref": 152}, {"$ref": 154}, {"$ref": 155}]}, {"notes": [{"$ref": 165}, {"$ref": 166}, {"$ref": 168}]}, {"notes": [{"$ref": 170}, {"$ref": 172}, {"$ref": 173}]}, {"notes": [{"$ref": 178}, {"$ref": 180}, {"$ref": 181}]}, {"notes": [{"$ref": 366}, {"$ref": 367}, {"$ref": 368}]}, {"notes": [{"$ref": 443}, {"$ref": 444}, {"$ref": 445}, {"$ref": 446}]}, {"notes": [{"$ref": 448}, {"$ref": 449}, {"$ref": 450}, {"$ref": 451}]}, {"notes": [{"$ref": 453}, {"$ref": 454}, {"$ref": 455}, {"$ref": 456}]}, {"notes": [{"$ref": 504}, {"$ref": 505}, {"$ref": 506}, {"$ref": 507}, {"$ref": 508}]}, {"notes": [{"$ref": 464}, {"$ref": 465}, {"$ref": 466}, {"$ref": 467}]}, {"notes": [{"$ref": 469}, {"$ref": 470}, {"$ref": 471}, {"$ref": 472}]}, {"notes": [{"$ref": 474}, {"$ref": 475}, {"$ref": 476}, {"$ref": 477}]}, {"notes": [{"$ref": 479}, {"$ref": 480}, {"$ref": 481}, {"$ref": 482}]}, {"notes": [{"$ref": 484}, {"$ref": 485}, {"$ref": 486}, {"$ref": 487}]}, {"notes": [{"$ref": 489}, {"$ref": 490}, {"$ref": 491}, {"$ref": 492}]}, {"notes": [{"$ref": 494}, {"$ref": 495}, {"$ref": 496}, {"$ref": 497}]}, {"notes": [{"$ref": 458}, {"$ref": 459}, {"$ref": 460}, {"$ref": 461}, {"$ref": 462}]}, {"notes": [{"$ref": 499}, {"$ref": 500}, {"$ref": 501}, {"$ref": 502}, {"$ref": 503}]}, {"notes": [{"$ref": 509}, {"$ref": 510}, {"$ref": 512}]}, {"notes": [{"$ref": 158}, {"$ref": 159}, {"$ref": 160}]}]}