{"speed": 10.0, "notes": [{"$id": 1, "sounds": [{"d": 0.4609375, "p": 48, "v": 33}], "pos": -1.5, "size": 1.30000007}, {"$id": 2, "sounds": [{"d": 0.3515625, "p": 72, "v": 62}], "pos": 1.5, "size": 1.30000007}, {"$id": 3, "sounds": [{"d": 0.1953125, "p": 75, "v": 31}], "pos": 1.0, "size": 1.0, "_time": 0.375}, {"$id": 4, "sounds": [{"d": 0.2421875, "p": 74, "v": 32}], "pos": -1.0, "size": 1.0, "_time": 0.5625}, {"$id": 5, "sounds": [{"d": 0.3828125, "p": 75, "v": 41}], "pos": 1.0, "size": 1.0, "_time": 0.75}, {"$id": 6, "sounds": [{"d": 0.2109375, "p": 48, "v": 84}, {"d": 0.2109375, "p": 48, "v": 84}], "size": 1.30000007, "_time": 1.125, "pos": 0}, {"$id": 7, "sounds": [{"d": 0.359375, "p": 79, "v": 33}], "pos": 2.0, "size": 1.0, "_time": 1.125}, {"$id": 8, "sounds": [{"d": 0.390625, "p": 75, "v": 39}], "size": 1.0, "_time": 1.5, "pos": 0}, {"$id": 9, "sounds": [{"d": 0.25, "p": 48, "v": 97}], "size": 1.30000007, "_time": 1.875, "pos": 0}, {"$id": 10, "sounds": [{"d": 0.421875, "p": 72, "v": 38}], "pos": -2.0, "size": 1.0, "_time": 1.875}, {"$id": 11, "sounds": [{"d": 0.640625, "p": 47, "v": 97}], "pos": -1.5, "size": 1.30000007, "_time": 2.25}, {"$id": 12, "sounds": [{"d": 0.4765625, "p": 80, "v": 47}, {"d": 0.296875, "p": 74, "v": 47}], "pos": 1.5, "size": 1.30000007, "_time": 2.25}, {"$id": 13, "sounds": [{"d": 0.1796875, "p": 79, "v": 21}, {"d": 0.1953125, "p": 74, "v": 35}], "pos": 1.0, "size": 1.0, "_time": 2.625}, {"$id": 14, "sounds": [{"d": 0.2265625, "p": 77, "v": 30}, {"d": 0.1953125, "p": 72, "v": 33}], "pos": -1.0, "size": 1.0, "_time": 2.8125}, {"$id": 15, "sounds": [{"d": 0.390625, "p": 79, "v": 24}, {"d": 0.3046875, "p": 74, "v": 41}], "pos": 1.0, "size": 1.0, "_time": 3.0}, {"$id": 16, "sounds": [{"d": 0.375, "p": 47, "v": 50}], "size": 1.30000007, "_time": 3.375, "pos": 0}, {"$id": 17, "sounds": [{"d": 0.3671875, "p": 74, "v": 35}], "pos": -2.0, "size": 1.0, "_time": 3.375}, {"$id": 18, "sounds": [{"d": 0.40625, "p": 72, "v": 51}], "size": 1.0, "_time": 3.75, "pos": 0}, {"$id": 19, "sounds": [{"d": 0.3984375, "p": 43, "v": 36}], "size": 1.30000007, "_time": 4.125, "pos": 0}, {"$id": 20, "sounds": [{"d": 0.375, "p": 79, "v": 35}], "pos": 2.0, "size": 1.0, "_time": 4.125}, {"$id": 21, "sounds": [{"d": 0.3984375, "p": 72, "v": 64}], "pos": 1.5, "size": 1.30000007, "_time": 4.5}, {"$id": 22, "sounds": [{"d": 0.25, "p": 48, "v": 64}], "pos": -1.5, "size": 1.30000007, "_time": 4.5}, {"$id": 23, "sounds": [{"d": 0.1640625, "p": 75, "v": 57}], "pos": 1.0, "size": 1.0, "_time": 4.875}, {"$id": 24, "sounds": [{"d": 0.21875, "p": 74, "v": 46}], "pos": -1.0, "size": 1.0, "_time": 5.0625}, {"$id": 25, "sounds": [{"d": 0.34375, "p": 75, "v": 41}], "pos": 1.0, "size": 1.0, "_time": 5.25}, {"$id": 26, "sounds": [{"d": 0.4453125, "p": 79, "v": 46}], "pos": 2.0, "size": 1.0, "_time": 5.625}, {"$id": 27, "sounds": [{"d": 0.390625, "p": 50, "v": 34}], "size": 1.30000007, "_time": 5.625, "pos": 0}, {"$id": 28, "sounds": [{"d": 0.3984375, "p": 75, "v": 54}], "size": 1.0, "_time": 6.0, "pos": 0}, {"$id": 29, "sounds": [{"d": 0.3828125, "p": 47, "v": 40}], "size": 1.30000007, "_time": 6.375, "pos": 0}, {"$id": 30, "sounds": [{"d": 0.34375, "p": 72, "v": 30}], "pos": -2.0, "size": 1.0, "_time": 6.375}, {"$id": 31, "sounds": [{"d": 0.2578125, "p": 80, "v": 26}], "pos": 1.0, "size": 1.0, "_time": 6.75}, {"$id": 32, "sounds": [{"d": 0.1875, "p": 79, "v": 7}], "size": 1.0, "_time": 6.9375, "pos": 0}, {"$id": 33, "sounds": [{"d": 0.3515625, "p": 77, "v": 25}], "pos": -1.0, "size": 1.0, "_time": 7.125}, {"$id": 34, "sounds": [{"d": 0.3671875, "p": 79, "v": 32}], "size": 1.0, "_time": 7.5, "pos": 0}, {"$id": 35, "sounds": [{"d": 0.6171875, "p": 67, "v": 61}], "pos": -1.5, "size": 1.30000007, "_time": 7.875}, {"$id": 36, "sounds": [{"d": 1.1328125, "p": 71, "v": 52}], "pos": 1.5, "size": 0.6999999, "_time": 7.875}, {"$id": 37, "sounds": [{"d": 0.296875, "p": 55, "v": 102}, {"d": 0.515625, "p": 55, "v": 65}], "pos": -0.5, "size": 1.30000007, "_time": 9.0}, {"$id": 38, "sounds": [{"d": 0.296875, "p": 67, "v": 65}, {"d": 0.296875, "p": 67, "v": 102}], "pos": 1.5, "size": 1.0, "_time": 9.0}, {"$id": 39, "sounds": [{"d": 0.2734375, "p": 69, "v": 79}, {"d": 0.2734375, "p": 69, "v": 70}], "pos": 0.5, "size": 1.0, "_time": 9.375}, {"$id": 40, "sounds": [{"d": 0.1953125, "p": 57, "v": 71}, {"d": 0.1953125, "p": 57, "v": 79}], "pos": -0.5, "size": 1.30000007, "_time": 9.5625}, {"$id": 41, "sounds": [{"d": 0.3125, "p": 59, "v": 89}, {"d": 0.3125, "p": 59, "v": 67}], "pos": -1.5, "size": 1.30000007, "_time": 9.75}, {"$id": 42, "sounds": [{"d": 0.3125, "p": 71, "v": 67}, {"d": 0.3125, "p": 71, "v": 89}], "pos": 1.5, "size": 1.0, "_time": 9.75}, {"$id": 43, "sounds": [{"d": 0.1171875, "p": 57, "v": 77}, {"d": 0.1171875, "p": 57, "v": 77}], "pos": -1.5, "size": 1.30000007, "_time": 10.125}, {"$id": 44, "sounds": [{"d": 0.1171875, "p": 69, "v": 77}, {"d": 0.1171875, "p": 69, "v": 77}], "pos": 0.5, "size": 1.0, "_time": 10.125}, {"$id": 45, "sounds": [{"d": 0.0859375, "p": 69, "v": 100}, {"d": 0.0859375, "p": 69, "v": 61}], "pos": -0.5, "size": 1.0, "_time": 10.3125}, {"$id": 46, "sounds": [{"d": 0.1015625, "p": 71, "v": 100}, {"d": 0.1015625, "p": 71, "v": 80}], "pos": 0.5, "size": 1.0, "_time": 10.40625}, {"$id": 47, "sounds": [{"d": 0.296875, "p": 72, "v": 97}, {"d": 0.296875, "p": 72, "v": 97}], "pos": 1.5, "size": 1.0, "_time": 10.5}, {"$id": 48, "sounds": [{"d": 0.1796875, "p": 71, "v": 73}, {"d": 0.1796875, "p": 71, "v": 89}], "pos": -1.5, "size": 1.0, "_time": 10.875}, {"$id": 49, "sounds": [{"d": 0.1328125, "p": 72, "v": 86}, {"d": 0.1328125, "p": 72, "v": 89}], "pos": -0.5, "size": 1.0, "_time": 11.0625}, {"$id": 50, "sounds": [{"d": 0.3671875, "p": 74, "v": 93}, {"d": 0.3671875, "p": 74, "v": 107}], "pos": 0.5, "size": 1.0, "_time": 11.25}, {"$id": 51, "sounds": [{"d": 0.1640625, "p": 75, "v": 91}, {"d": 0.1640625, "p": 75, "v": 91}], "pos": 1.5, "size": 1.0, "_time": 11.625}, {"$id": 52, "sounds": [{"d": 0.15625, "p": 72, "v": 91}, {"d": 0.15625, "p": 72, "v": 71}], "pos": -1.5, "size": 1.0, "_time": 11.8125}, {"$id": 53, "sounds": [{"d": 0.203125, "p": 77, "v": 89}, {"d": 0.203125, "p": 77, "v": 103}], "pos": -0.5, "size": 1.0, "_time": 12.0}, {"$id": 54, "sounds": [{"d": 0.1796875, "p": 79, "v": 107}, {"d": 0.1796875, "p": 79, "v": 80}], "pos": 0.5, "size": 1.0, "_time": 12.1875}, {"$id": 55, "sounds": [{"d": 1.0703125, "p": 80, "v": 104}, {"d": 1.0703125, "p": 80, "v": 104}], "pos": 1.5, "size": 1.0, "_time": 12.375}, {"$id": 56, "sounds": [{"d": 0.0859375, "p": 79, "v": 20}], "pos": 1.5, "size": 1.0, "_time": 12.75}, {"$id": 57, "sounds": [{"d": 0.2421875, "p": 56, "v": 91}, {"d": 0.2421875, "p": 56, "v": 91}], "pos": -1.5, "size": 1.30000007, "_time": 12.75}, {"$id": 58, "sounds": [{"d": 0.0859375, "p": 68, "v": 78}, {"d": 0.0859375, "p": 68, "v": 78}], "size": 1.0, "_time": 12.9296875, "pos": 0}, {"$id": 59, "sounds": [{"d": 0.1875, "p": 68, "v": 89}, {"d": 0.1875, "p": 68, "v": 89}], "size": 1.0, "_time": 13.125, "pos": 0}, {"$id": 60, "sounds": [{"d": 1.875, "p": 79, "v": 101}, {"d": 1.875, "p": 79, "v": 101}], "pos": 1.5, "size": 1.0, "_time": 13.5}, {"$id": 61, "sounds": [{"d": 1.9140625, "p": 43, "v": 108}], "pos": -1.5, "size": 1.30000007, "_time": 13.5}, {"$id": 62, "sounds": [{"d": 0.265625, "p": 68, "v": 93}, {"d": 0.265625, "p": 68, "v": 103}], "pos": 1.5, "size": 1.0, "_time": 15.1875}, {"$id": 63, "sounds": [{"d": 0.171875, "p": 67, "v": 90}, {"d": 0.171875, "p": 67, "v": 100}], "pos": 0.5, "size": 1.0, "_time": 15.375}, {"$id": 64, "sounds": [{"d": 0.21875, "p": 65, "v": 85}, {"d": 0.21875, "p": 65, "v": 95}], "pos": -0.5, "size": 1.0, "_time": 15.5625}, {"$id": 65, "sounds": [{"d": 0.15625, "p": 67, "v": 91}, {"d": 0.2890625, "p": 67, "v": 101}], "pos": 0.5, "size": 1.0, "_time": 15.75}, {"$id": 66, "sounds": [{"d": 0.125, "p": 60, "v": 67}, {"d": 0.125, "p": 60, "v": 67}], "pos": -1.5, "size": 1.0, "_time": 16.3125}, {"$id": 67, "sounds": [{"d": 0.171875, "p": 67, "v": 91}, {"d": 0.171875, "p": 67, "v": 91}], "pos": -0.5, "size": 1.0, "_time": 16.5}, {"$id": 68, "sounds": [{"d": 0.21875, "p": 70, "v": 72}, {"d": 0.21875, "p": 70, "v": 72}], "pos": 0.5, "size": 1.0, "_time": 16.6875}, {"$id": 69, "sounds": [{"d": 0.3046875, "p": 68, "v": 82}, {"d": 0.3046875, "p": 68, "v": 82}], "pos": -0.5, "size": 1.0, "_time": 16.875}, {"$id": 70, "sounds": [{"d": 0.203125, "p": 55, "v": 78}, {"d": 0.203125, "p": 55, "v": 78}], "size": 1.30000007, "_time": 17.25, "pos": 0}, {"$id": 71, "sounds": [{"d": 0.1875, "p": 67, "v": 78}, {"d": 0.1875, "p": 67, "v": 78}], "pos": 1.5, "size": 1.0, "_time": 17.25}, {"$id": 72, "sounds": [{"d": 0.2109375, "p": 65, "v": 85}, {"d": 0.2109375, "p": 65, "v": 85}], "size": 1.0, "_time": 17.4375, "pos": 0}, {"$id": 73, "sounds": [{"d": 0.1875, "p": 53, "v": 80}, {"d": 0.1875, "p": 53, "v": 80}], "pos": -1.5, "size": 1.30000007, "_time": 17.4375}, {"$id": 74, "sounds": [{"d": 0.390625, "p": 63, "v": 81}, {"d": 0.390625, "p": 63, "v": 81}], "pos": 1.5, "size": 1.0, "_time": 18.0}, {"$id": 75, "sounds": [{"d": 0.3515625, "p": 51, "v": 83}, {"d": 0.3515625, "p": 51, "v": 83}], "pos": -1.5, "size": 1.30000007, "_time": 18.0}, {"$id": 76, "sounds": [{"d": 0.25, "p": 65, "v": 95}, {"d": 0.25, "p": 65, "v": 95}], "pos": -0.5, "size": 1.0, "_time": 18.5625}, {"$id": 77, "sounds": [{"d": 0.15625, "p": 66, "v": 81}, {"d": 0.15625, "p": 66, "v": 81}], "pos": 0.5, "size": 1.0, "_time": 18.75}, {"$id": 78, "sounds": [{"d": 0.1875, "p": 67, "v": 74}, {"d": 0.1875, "p": 67, "v": 74}], "pos": 1.5, "size": 1.0, "_time": 18.9375}, {"$id": 79, "sounds": [{"d": 0.203125, "p": 62, "v": 87}, {"d": 0.203125, "p": 62, "v": 68}], "pos": 0.5, "size": 1.0, "_time": 19.125}, {"$id": 80, "sounds": [{"d": 0.0546875, "p": 60, "v": 87}, {"d": 0.0546875, "p": 60, "v": 66}], "pos": -0.5, "size": 1.0, "_time": 19.3125}, {"$id": 81, "sounds": [{"d": 0.4609375, "p": 59, "v": 93}, {"d": 0.4609375, "p": 59, "v": 93}], "pos": -1.5, "size": 1.0, "_time": 19.5}, {"$id": 82, "sounds": [{"d": 0.4609375, "p": 67, "v": 96}, {"d": 0.4609375, "p": 67, "v": 96}], "pos": 1.5, "size": 1.0, "_time": 20.25}, {"$id": 83, "sounds": [{"d": 0.1484375, "p": 48, "v": 91}, {"d": 0.1484375, "p": 48, "v": 91}], "pos": -1.5, "size": 1.30000007, "_time": 20.25}, {"$id": 84, "sounds": [{"d": 0.28125, "p": 55, "v": 71}, {"d": 0.28125, "p": 55, "v": 71}], "pos": -1.5, "size": 1.30000007, "_time": 20.625}, {"$id": 85, "sounds": [{"d": 0.1171875, "p": 60, "v": 85}, {"d": 0.1171875, "p": 60, "v": 85}], "pos": -0.5, "size": 1.0, "_time": 20.8125}, {"$id": 86, "sounds": [{"d": 0.15625, "p": 67, "v": 77}, {"d": 0.15625, "p": 67, "v": 77}], "pos": 0.5, "size": 1.0, "_time": 21.0}, {"$id": 87, "sounds": [{"d": 0.1015625, "p": 70, "v": 72}, {"d": 0.1015625, "p": 70, "v": 72}], "pos": 1.5, "size": 1.0, "_time": 21.1875}, {"$id": 88, "sounds": [{"d": 0.2265625, "p": 68, "v": 95}, {"d": 0.2265625, "p": 68, "v": 95}], "pos": -0.5, "size": 1.0, "_time": 21.375}, {"$id": 89, "sounds": [{"d": 0.125, "p": 70, "v": 69}, {"d": 0.125, "p": 70, "v": 69}], "pos": 0.5, "size": 1.0, "_time": 21.5625}, {"$id": 90, "sounds": [{"d": 0.1796875, "p": 72, "v": 77}, {"d": 0.1796875, "p": 72, "v": 77}], "pos": 1.5, "size": 1.0, "_time": 21.75}, {"$id": 91, "sounds": [{"d": 0.109375, "p": 70, "v": 83}, {"d": 0.109375, "p": 70, "v": 83}], "pos": 0.5, "size": 1.0, "_time": 21.9375}, {"$id": 92, "sounds": [{"d": 0.21875, "p": 68, "v": 74}, {"d": 0.21875, "p": 68, "v": 74}], "pos": -0.5, "size": 1.0, "_time": 22.125}, {"$id": 93, "sounds": [{"d": 0.109375, "p": 67, "v": 77}, {"d": 0.109375, "p": 67, "v": 77}], "pos": -1.5, "size": 1.0, "_time": 22.3125}, {"$id": 94, "sounds": [{"d": 0.21875, "p": 68, "v": 104}, {"d": 0.21875, "p": 68, "v": 104}], "pos": 0.5, "size": 1.0, "_time": 22.5}, {"$id": 95, "sounds": [{"d": 0.1796875, "p": 67, "v": 81}, {"d": 0.1796875, "p": 67, "v": 95}], "pos": -0.5, "size": 1.0, "_time": 22.6875}, {"$id": 96, "sounds": [{"d": 0.4453125, "p": 65, "v": 81}, {"d": 0.4453125, "p": 65, "v": 85}], "pos": 0.5, "size": 1.0, "_time": 22.875}, {"$id": 97, "sounds": [{"d": 0.0859375, "p": 67, "v": 104}, {"d": 0.0859375, "p": 67, "v": 104}], "pos": 1.5, "size": 1.0, "_time": 23.25}, {"$id": 98, "sounds": [{"d": 0.2109375, "p": 62, "v": 58}, {"d": 0.2109375, "p": 62, "v": 58}], "pos": -1.5, "size": 1.0, "_time": 23.4375}, {"$id": 99, "sounds": [{"d": 0.2109375, "p": 63, "v": 98}, {"d": 0.2109375, "p": 63, "v": 92}], "pos": -0.5, "size": 1.0, "_time": 23.625}, {"$id": 100, "sounds": [{"d": 0.0703125, "p": 65, "v": 91}, {"d": 0.0703125, "p": 65, "v": 91}], "pos": 0.5, "size": 1.0, "_time": 23.8125}, {"$id": 101, "sounds": [{"d": 0.1640625, "p": 63, "v": 92}, {"d": 0.1640625, "p": 63, "v": 92}], "pos": 1.5, "size": 1.0, "_time": 24.0}, {"$id": 102, "sounds": [{"d": 0.078125, "p": 62, "v": 85}, {"d": 0.078125, "p": 62, "v": 85}], "pos": 0.5, "size": 1.0, "_time": 24.1875}, {"$id": 103, "sounds": [{"d": 0.1328125, "p": 60, "v": 104}, {"d": 0.1328125, "p": 60, "v": 104}], "pos": -0.5, "size": 1.0, "_time": 24.375}, {"$id": 104, "sounds": [{"d": 0.078125, "p": 55, "v": 80}, {"w": 0.0078125, "d": 0.078125, "p": 55, "v": 80}], "pos": -1.5, "size": 1.0, "_time": 24.5546875}, {"$id": 105, "sounds": [{"d": 0.2890625, "p": 56, "v": 81}, {"d": 0.2890625, "p": 56, "v": 81}], "pos": 2.0, "size": 1.0, "_time": 24.75}, {"$id": 106, "sounds": [{"d": 0.28125, "p": 44, "v": 83}, {"d": 0.28125, "p": 44, "v": 83}], "size": 1.30000007, "_time": 24.75, "pos": 0}, {"$id": 107, "sounds": [{"d": 0.2421875, "p": 43, "v": 93}, {"d": 0.2421875, "p": 43, "v": 93}], "pos": -1.0, "size": 1.30000007, "_time": 25.125}, {"$id": 108, "sounds": [{"d": 0.2890625, "p": 55, "v": 93}, {"d": 0.2890625, "p": 55, "v": 93}], "pos": 1.0, "size": 1.0, "_time": 25.125}, {"$id": 109, "sounds": [{"d": 0.3125, "p": 53, "v": 98}, {"d": 0.3125, "p": 53, "v": 98}], "size": 1.0, "_time": 25.5, "pos": 0}, {"$id": 110, "sounds": [{"d": 0.28125, "p": 41, "v": 101}, {"d": 0.28125, "p": 41, "v": 101}], "pos": -2.0, "size": 1.30000007, "_time": 25.5}, {"$id": 111, "sounds": [{"d": 0.21875, "p": 67, "v": 77}, {"d": 0.21875, "p": 67, "v": 77}], "pos": -1.5, "size": 1.0, "_time": 25.875}, {"$id": 112, "sounds": [{"d": 0.2734375, "p": 68, "v": 69}, {"d": 0.2734375, "p": 68, "v": 69}], "pos": -0.5, "size": 1.0, "_time": 26.0625}, {"$id": 113, "sounds": [{"d": 0.2890625, "p": 35, "v": 65}, {"d": 0.2890625, "p": 35, "v": 65}], "pos": 3.375, "size": 1.0, "_time": 26.25}, {"$id": 114, "sounds": [{"d": 0.1640625, "p": 67, "v": 65}, {"d": 0.1640625, "p": 67, "v": 65}], "pos": 0.5, "size": 1.0, "_time": 26.25}, {"$id": 115, "sounds": [{"d": 0.0703125, "p": 65, "v": 75}, {"d": 0.0703125, "p": 65, "v": 75}], "pos": 1.5, "size": 1.0, "_time": 26.4375}, {"$id": 116, "sounds": [{"d": 0.203125, "p": 63, "v": 75}, {"d": 0.203125, "p": 63, "v": 75}], "pos": 0.5, "size": 1.0, "_time": 26.625}, {"$id": 117, "sounds": [{"d": 0.1953125, "p": 62, "v": 71}, {"d": 0.1953125, "p": 62, "v": 71}], "pos": -0.5, "size": 1.0, "_time": 26.8125}, {"$id": 118, "sounds": [{"d": 0.28125, "p": 48, "v": 93}], "pos": -1.5, "size": 1.30000007, "_time": 27.0}, {"$id": 119, "sounds": [{"d": 0.265625, "p": 72, "v": 76}], "pos": 1.5, "size": 1.30000007, "_time": 27.0}, {"$id": 120, "sounds": [{"d": 0.1796875, "p": 75, "v": 48}, {"d": 0.1796875, "p": 75, "v": 116}], "pos": 1.0, "size": 1.0, "_time": 27.375}, {"$id": 121, "sounds": [{"d": 0.2265625, "p": 74, "v": 78}, {"d": 0.2265625, "p": 74, "v": 46}], "pos": -1.0, "size": 1.0, "_time": 27.5625}, {"$id": 122, "sounds": [{"d": 0.25, "p": 75, "v": 52}, {"d": 0.25, "p": 75, "v": 99}], "pos": 1.0, "size": 1.0, "_time": 27.75}, {"$id": 123, "sounds": [{"d": 0.3359375, "p": 67, "v": 62}, {"d": 0.2421875, "p": 67, "v": 85}], "pos": -2.0, "size": 1.0, "_time": 28.125}, {"$id": 124, "sounds": [{"d": 0.3046875, "p": 72, "v": 76}, {"d": 0.2265625, "p": 72, "v": 104}], "size": 1.0, "_time": 28.5, "pos": 0}, {"$id": 125, "sounds": [{"d": 0.21875, "p": 75, "v": 86}, {"d": 0.296875, "p": 75, "v": 86}], "pos": 2.0, "size": 1.0, "_time": 28.875}, {"$id": 126, "sounds": [{"d": 0.3203125, "p": 53, "v": 69}, {"d": 0.3203125, "p": 53, "v": 96}], "pos": -0.5, "size": 1.30000007, "_time": 29.25}, {"$id": 127, "sounds": [{"d": 0.2109375, "p": 74, "v": 80}, {"d": 0.2109375, "p": 74, "v": 80}], "pos": 2.0, "size": 1.0, "_time": 29.25}, {"$id": 128, "sounds": [{"d": 0.1953125, "p": 75, "v": 61}, {"d": 0.1953125, "p": 75, "v": 61}], "pos": 1.0, "size": 1.0, "_time": 29.4375}, {"$id": 129, "sounds": [{"d": 0.2890625, "p": 50, "v": 91}, {"d": 0.2890625, "p": 50, "v": 66}], "pos": -0.5, "size": 1.30000007, "_time": 29.625}, {"$id": 130, "sounds": [{"d": 0.1640625, "p": 77, "v": 67}, {"d": 0.1640625, "p": 77, "v": 67}], "pos": 2.0, "size": 1.0, "_time": 29.625}, {"$id": 131, "sounds": [{"d": 0.2421875, "p": 79, "v": 74}, {"d": 0.2421875, "p": 79, "v": 74}], "pos": 1.0, "size": 1.0, "_time": 29.8125}, {"$id": 132, "sounds": [{"d": 0.234375, "p": 48, "v": 91}, {"d": 0.234375, "p": 48, "v": 66}], "pos": -2.0, "size": 1.30000007, "_time": 30.0}, {"$id": 133, "sounds": [{"d": 0.203125, "p": 77, "v": 64}, {"d": 0.203125, "p": 77, "v": 64}], "size": 1.0, "_time": 30.0, "pos": 0}, {"$id": 134, "sounds": [{"d": 0.21875, "p": 75, "v": 60}, {"d": 0.21875, "p": 75, "v": 60}], "pos": 1.0, "size": 1.0, "_time": 30.1875}, {"$id": 135, "sounds": [{"d": 0.375, "p": 47, "v": 71}, {"d": 0.375, "p": 47, "v": 64}], "pos": -0.5, "size": 1.30000007, "_time": 30.375}, {"$id": 136, "sounds": [{"d": 0.2109375, "p": 74, "v": 77}, {"d": 0.2109375, "p": 74, "v": 77}], "pos": 2.0, "size": 1.0, "_time": 30.375}, {"$id": 137, "sounds": [{"d": 0.2421875, "p": 72, "v": 66}, {"d": 0.2421875, "p": 72, "v": 66}], "pos": 1.0, "size": 1.0, "_time": 30.5625}, {"$id": 138, "sounds": [{"d": 0.3046875, "p": 50, "v": 87}, {"d": 0.3046875, "p": 50, "v": 78}], "pos": -0.5, "size": 1.30000007, "_time": 30.75}, {"$id": 139, "sounds": [{"d": 0.1796875, "p": 74, "v": 74}, {"d": 0.1796875, "p": 74, "v": 74}], "pos": 2.0, "size": 1.0, "_time": 30.75}, {"$id": 140, "sounds": [{"d": 0.265625, "p": 43, "v": 91}, {"d": 0.265625, "p": 43, "v": 82}], "pos": -1.5, "size": 1.30000007, "_time": 31.125}, {"$id": 141, "sounds": [{"d": 0.21875, "p": 71, "v": 85}, {"d": 0.21875, "p": 71, "v": 85}], "pos": 1.0, "size": 1.0, "_time": 31.125}, {"$id": 142, "sounds": [{"d": 0.25, "p": 48, "v": 65}, {"d": 0.25, "p": 48, "v": 89}], "pos": -1.5, "size": 1.30000007, "_time": 31.5}, {"$id": 143, "sounds": [{"d": 0.2109375, "p": 72, "v": 107}, {"d": 0.2109375, "p": 72, "v": 91}], "pos": 1.5, "size": 1.30000007, "_time": 31.5}, {"$id": 144, "sounds": [{"d": 0.1796875, "p": 75, "v": 68}, {"d": 0.1796875, "p": 75, "v": 76}], "pos": 1.0, "size": 1.0, "_time": 31.875}, {"$id": 145, "sounds": [{"d": 0.234375, "p": 74, "v": 71}, {"d": 0.234375, "p": 74, "v": 63}], "pos": -1.0, "size": 1.0, "_time": 32.0625}, {"$id": 146, "sounds": [{"d": 0.1875, "p": 75, "v": 82}, {"d": 0.1875, "p": 75, "v": 46}], "pos": 1.0, "size": 1.0, "_time": 32.25}, {"$id": 147, "sounds": [{"d": 0.234375, "p": 67, "v": 85}, {"d": 0.296875, "p": 67, "v": 73}], "pos": -2.0, "size": 1.0, "_time": 32.625}, {"$id": 148, "sounds": [{"d": 0.25, "p": 68, "v": 79}, {"d": 0.2734375, "p": 68, "v": 87}], "size": 1.0, "_time": 33.0, "pos": 0}, {"$id": 149, "sounds": [{"d": 0.1484375, "p": 72, "v": 98}, {"d": 0.2734375, "p": 72, "v": 96}], "pos": 2.0, "size": 1.0, "_time": 33.375}, {"$id": 150, "sounds": [{"d": 0.2734375, "p": 38, "v": 85}, {"d": 0.2734375, "p": 38, "v": 85}], "pos": -1.0, "size": 1.30000007, "_time": 33.75}, {"$id": 151, "sounds": [{"d": 0.171875, "p": 71, "v": 78}, {"d": 0.171875, "p": 71, "v": 61}], "pos": 2.0, "size": 1.0, "_time": 33.75}, {"$id": 152, "sounds": [{"d": 0.1875, "p": 72, "v": 64}, {"d": 0.1875, "p": 72, "v": 81}], "pos": 1.0, "size": 1.0, "_time": 33.9375}, {"$id": 153, "sounds": [{"d": 0.1875, "p": 38, "v": 81}, {"d": 0.1875, "p": 38, "v": 81}], "pos": -2.0, "size": 1.30000007, "_time": 34.125}, {"$id": 154, "sounds": [{"d": 0.25, "p": 74, "v": 85}, {"d": 0.25, "p": 74, "v": 69}], "size": 1.0, "_time": 34.125, "pos": 0}, {"$id": 155, "sounds": [{"d": 0.21875, "p": 39, "v": 67}, {"d": 0.21875, "p": 39, "v": 67}], "pos": -1.0, "size": 1.30000007, "_time": 34.3125}, {"$id": 156, "sounds": [{"d": 0.203125, "p": 72, "v": 85}, {"d": 0.203125, "p": 72, "v": 54}], "pos": 1.0, "size": 1.0, "_time": 34.3125}, {"$id": 157, "sounds": [{"d": 0.3203125, "p": 41, "v": 90}, {"d": 0.3203125, "p": 41, "v": 85}], "size": 1.30000007, "_time": 34.5, "pos": 0}, {"$id": 158, "sounds": [{"d": 0.078125, "p": 71, "v": 78}, {"d": 0.078125, "p": 71, "v": 90}], "pos": 2.0, "size": 1.0, "_time": 34.5}, {"$id": 159, "sounds": [{"d": 0.078125, "p": 71, "v": 75}, {"d": 0.078125, "p": 71, "v": 75}], "size": 1.0, "_time": 34.6875, "pos": 0}, {"$id": 160, "sounds": [{"d": 0.1171875, "p": 72, "v": 87}, {"d": 0.1171875, "p": 72, "v": 104}], "pos": 2.0, "size": 1.0, "_time": 34.78125}, {"$id": 161, "sounds": [{"d": 0.28125, "p": 71, "v": 98}, {"d": 0.28125, "p": 71, "v": 72}], "size": 1.0, "_time": 34.875, "pos": 0}, {"$id": 162, "sounds": [{"d": 0.234375, "p": 69, "v": 72}, {"d": 0.234375, "p": 69, "v": 85}], "pos": 1.0, "size": 1.0, "_time": 35.0625}, {"$id": 163, "sounds": [{"d": 0.4921875, "p": 67, "v": 72}, {"d": 0.4921875, "p": 67, "v": 85}], "pos": -1.0, "size": 1.0, "_time": 35.25}, {"$id": 164, "sounds": [{"d": 0.3125, "p": 47, "v": 81}, {"d": 0.3125, "p": 47, "v": 81}], "size": 1.4000001, "_time": 35.625, "pos": 0}, {"$id": 165, "sounds": [{"d": 0.234375, "p": 48, "v": 96}], "pos": -1.5, "size": 1.70000017, "_time": 36.0}, {"$id": 166, "sounds": [{"d": 0.296875, "p": 48, "v": 111}], "pos": 1.5, "size": 1.60000014, "_time": 36.0}, {"$id": 167, "sounds": [{"d": 0.1796875, "p": 67, "v": 83}, {"d": 0.1796875, "p": 67, "v": 55}], "pos": 1.0, "size": 1.0, "_time": 36.375}, {"$id": 168, "sounds": [{"d": 0.1875, "p": 65, "v": 61}, {"w": 0.015625, "d": 0.1875, "p": 65, "v": 61}], "pos": -1.0, "size": 1.0, "_time": 36.546875}, {"$id": 169, "sounds": [{"d": 0.265625, "p": 67, "v": 71}, {"d": 0.265625, "p": 67, "v": 71}], "pos": 1.0, "size": 1.0, "_time": 36.75}, {"$id": 170, "sounds": [{"d": 0.2734375, "p": 43, "v": 93}, {"d": 0.2734375, "p": 43, "v": 78}], "pos": -2.0, "size": 1.0, "_time": 37.125}, {"$id": 171, "sounds": [{"d": 0.2734375, "p": 48, "v": 85}, {"d": 0.2734375, "p": 48, "v": 100}], "size": 1.0, "_time": 37.5, "pos": 0}, {"$id": 172, "sounds": [{"d": 0.2734375, "p": 51, "v": 69}, {"d": 0.2734375, "p": 51, "v": 84}], "pos": 2.0, "size": 1.0, "_time": 37.875}, {"$id": 173, "sounds": [{"d": 0.2109375, "p": 50, "v": 78}, {"d": 0.2109375, "p": 50, "v": 93}], "pos": -2.0, "size": 1.0, "_time": 38.25}, {"$id": 174, "sounds": [{"d": 0.203125, "p": 51, "v": 78}, {"d": 0.203125, "p": 51, "v": 93}], "pos": -1.0, "size": 1.0, "_time": 38.4375}, {"$id": 175, "sounds": [{"d": 0.1953125, "p": 53, "v": 106}, {"d": 0.1953125, "p": 53, "v": 91}], "size": 1.0, "_time": 38.625, "pos": 0}, {"$id": 176, "sounds": [{"d": 0.15625, "p": 55, "v": 91}, {"d": 0.15625, "p": 55, "v": 80}], "pos": 1.0, "size": 1.0, "_time": 38.8125}, {"$id": 177, "sounds": [{"d": 0.15625, "p": 53, "v": 93}, {"d": 0.15625, "p": 53, "v": 78}], "size": 1.0, "_time": 39.0, "pos": 0}, {"$id": 178, "sounds": [{"d": 0.21875, "p": 51, "v": 93}, {"d": 0.21875, "p": 51, "v": 78}], "pos": -1.0, "size": 1.0, "_time": 39.1875}, {"$id": 179, "sounds": [{"d": 0.171875, "p": 50, "v": 102}, {"d": 0.171875, "p": 50, "v": 87}], "pos": 1.0, "size": 1.0, "_time": 39.375}, {"$id": 180, "sounds": [{"d": 0.125, "p": 48, "v": 87}, {"d": 0.125, "p": 48, "v": 79}], "size": 1.0, "_time": 39.5625, "pos": 0}, {"$id": 181, "sounds": [{"d": 0.296875, "p": 50, "v": 100}, {"d": 0.296875, "p": 50, "v": 85}], "pos": 1.0, "size": 1.0, "_time": 39.75}, {"$id": 182, "sounds": [{"d": 0.28125, "p": 47, "v": 85}, {"d": 0.28125, "p": 47, "v": 100}], "size": 1.0, "_time": 40.125, "pos": 0}, {"$id": 183, "sounds": [{"d": 0.2890625, "p": 48, "v": 85}, {"d": 0.2890625, "p": 48, "v": 100}], "pos": -1.0, "size": 1.30000007, "_time": 40.5}, {"$id": 184, "sounds": [{"d": 0.578125, "p": 60, "v": 71}, {"d": 0.578125, "p": 60, "v": 71}], "pos": 2.0, "size": 1.30000007, "_time": 40.5}, {"$id": 185, "sounds": [{"d": 0.296875, "p": 43, "v": 106}, {"d": 0.296875, "p": 43, "v": 91}], "size": 1.30000007, "_time": 40.875, "pos": 0}, {"$id": 186, "sounds": [{"d": 0.4140625, "p": 55, "v": 68}, {"d": 0.4140625, "p": 55, "v": 68}], "pos": 1.0, "size": 1.0, "_time": 41.25}, {"$id": 187, "sounds": [{"d": 0.2890625, "p": 44, "v": 67}, {"d": 0.2890625, "p": 44, "v": 82}], "pos": -1.0, "size": 1.30000007, "_time": 41.25}, {"$id": 188, "sounds": [{"d": 0.71875, "p": 56, "v": 62}, {"d": 0.71875, "p": 56, "v": 62}], "pos": 2.0, "size": 1.0, "_time": 41.625}, {"$id": 189, "sounds": [{"d": 0.3203125, "p": 41, "v": 93}, {"d": 0.3203125, "p": 41, "v": 108}], "pos": -2.0, "size": 1.30000007, "_time": 41.625}, {"$id": 190, "sounds": [{"d": 0.2578125, "p": 43, "v": 85}, {"d": 0.2578125, "p": 43, "v": 100}], "pos": -1.0, "size": 1.30000007, "_time": 42.0}, {"$id": 191, "sounds": [{"d": 0.375, "p": 60, "v": 85}, {"d": 0.375, "p": 60, "v": 85}], "pos": 1.0, "size": 1.0, "_time": 42.375}, {"$id": 192, "sounds": [{"d": 0.3046875, "p": 38, "v": 102}, {"d": 0.3046875, "p": 38, "v": 87}], "pos": -2.0, "size": 1.30000007, "_time": 42.375}, {"$id": 193, "sounds": [{"d": 0.1953125, "p": 59, "v": 95}, {"d": 0.1953125, "p": 59, "v": 89}], "pos": -0.5, "size": 1.0, "_time": 42.75}, {"$id": 194, "sounds": [{"d": 0.1953125, "p": 60, "v": 85}, {"d": 0.1953125, "p": 60, "v": 91}], "pos": 0.5, "size": 1.0, "_time": 42.9375}, {"$id": 195, "sounds": [{"d": 0.2265625, "p": 62, "v": 85}, {"d": 0.2265625, "p": 62, "v": 91}], "pos": 1.5, "size": 1.0, "_time": 43.125}, {"$id": 196, "sounds": [{"d": 0.1953125, "p": 60, "v": 87}, {"d": 0.1953125, "p": 60, "v": 93}], "pos": 0.5, "size": 1.0, "_time": 43.3125}, {"$id": 197, "sounds": [{"d": 0.1875, "p": 59, "v": 78}, {"d": 0.1875, "p": 59, "v": 83}], "pos": -0.5, "size": 1.0, "_time": 43.5}, {"$id": 198, "sounds": [{"d": 0.1875, "p": 60, "v": 81}, {"d": 0.1875, "p": 60, "v": 86}], "pos": 1.5, "size": 1.0, "_time": 43.6875}, {"$id": 199, "sounds": [{"d": 0.2265625, "p": 59, "v": 80}, {"d": 0.2265625, "p": 59, "v": 85}], "pos": 0.5, "size": 1.0, "_time": 43.875}, {"$id": 200, "sounds": [{"d": 0.21875, "p": 56, "v": 89}, {"d": 0.21875, "p": 56, "v": 95}], "pos": -0.5, "size": 1.0, "_time": 44.0625}, {"$id": 201, "sounds": [{"d": 0.75, "p": 55, "v": 83}, {"d": 0.75, "p": 55, "v": 88}], "pos": -1.5, "size": 1.0, "_time": 44.25}, {"$id": 202, "sounds": [{"d": 0.2578125, "p": 92, "v": 121}, {"d": 0.2578125, "p": 92, "v": 121}], "pos": 2.0, "size": 1.0, "_time": 44.4375}, {"$id": 203, "sounds": [{"d": 0.1640625, "p": 91, "v": 89}, {"d": 0.1640625, "p": 91, "v": 89}], "pos": 1.0, "size": 1.0, "_time": 44.625}, {"$id": 204, "sounds": [{"d": 0.21875, "p": 89, "v": 85}, {"d": 0.21875, "p": 89, "v": 85}], "size": 1.0, "_time": 44.8125, "pos": 0}, {"$id": 205, "sounds": [{"d": 0.2578125, "p": 91, "v": 104}, {"d": 0.2578125, "p": 91, "v": 104}], "pos": 1.0, "size": 1.0, "_time": 45.0}, {"$id": 206, "sounds": [{"d": 0.1484375, "p": 84, "v": 107}, {"d": 0.1484375, "p": 84, "v": 107}], "pos": -2.0, "size": 1.0, "_time": 45.5625}, {"$id": 207, "sounds": [{"d": 0.140625, "p": 91, "v": 91}, {"d": 0.140625, "p": 91, "v": 91}], "pos": -1.0, "size": 1.0, "_time": 45.75}, {"$id": 208, "sounds": [{"d": 0.2265625, "p": 94, "v": 82}, {"d": 0.2265625, "p": 94, "v": 82}], "size": 1.0, "_time": 45.9375, "pos": 0}, {"$id": 209, "sounds": [{"d": 0.234375, "p": 92, "v": 110}, {"d": 0.234375, "p": 92, "v": 110}], "pos": -1.0, "size": 1.0, "_time": 46.125}, {"$id": 210, "sounds": [{"d": 0.1171875, "p": 79, "v": 87}, {"d": 0.1171875, "p": 79, "v": 87}], "size": 1.0, "_time": 46.5, "pos": 0}, {"$id": 211, "sounds": [{"d": 0.1171875, "p": 91, "v": 83}, {"d": 0.1171875, "p": 91, "v": 83}], "pos": 2.0, "size": 1.0, "_time": 46.5}, {"$id": 212, "sounds": [{"d": 0.390625, "p": 89, "v": 85}, {"d": 0.390625, "p": 89, "v": 58}], "pos": -2.0, "size": 1.0, "_time": 46.6875}, {"$id": 213, "sounds": [{"d": 0.34375, "p": 77, "v": 85}, {"d": 0.34375, "p": 77, "v": 58}], "size": 1.0, "_time": 46.6875, "pos": 0}, {"$id": 214, "sounds": [{"d": 0.3828125, "p": 75, "v": 86}, {"d": 0.3828125, "p": 75, "v": 101}], "pos": -2.0, "size": 1.0, "_time": 47.25}, {"$id": 215, "sounds": [{"d": 0.3515625, "p": 87, "v": 101}, {"d": 0.3515625, "p": 87, "v": 89}], "pos": 2.0, "size": 1.0, "_time": 47.25}, {"$id": 216, "sounds": [{"d": 0.171875, "p": 89, "v": 74}, {"d": 0.171875, "p": 89, "v": 70}], "pos": -1.0, "size": 1.0, "_time": 47.8125}, {"$id": 217, "sounds": [{"d": 0.140625, "p": 90, "v": 84}, {"d": 0.140625, "p": 90, "v": 93}], "size": 1.0, "_time": 48.0, "pos": 0}, {"$id": 218, "sounds": [{"d": 0.1796875, "p": 91, "v": 71}, {"d": 0.1796875, "p": 91, "v": 68}], "pos": 1.0, "size": 1.0, "_time": 48.1875}, {"$id": 219, "sounds": [{"d": 0.4296875, "p": 84, "v": 110}, {"d": 0.4296875, "p": 84, "v": 96}], "size": 1.0, "_time": 48.375, "pos": 0}, {"$id": 220, "sounds": [{"d": 0.1796875, "p": 86, "v": 91}, {"d": 0.1796875, "p": 86, "v": 81}], "pos": 1.0, "size": 1.0, "_time": 48.9375}, {"$id": 221, "sounds": [{"d": 0.1015625, "p": 87, "v": 69}, {"d": 0.1015625, "p": 87, "v": 67}], "pos": 2.0, "size": 1.0, "_time": 49.125}, {"$id": 222, "sounds": [{"d": 0.0859375, "p": 79, "v": 80}, {"d": 0.0859375, "p": 79, "v": 74}], "size": 1.0, "_time": 49.3125, "pos": 0}, {"$id": 223, "sounds": [{"d": 0.21875, "p": 77, "v": 100}, {"d": 0.21875, "p": 77, "v": 100}], "pos": -2.0, "size": 1.0, "_time": 49.5}, {"$id": 224, "sounds": [{"d": 0.25, "p": 80, "v": 76}, {"d": 0.25, "p": 80, "v": 65}], "pos": -1.0, "size": 1.0, "_time": 49.6875}, {"$id": 225, "sounds": [{"d": 0.203125, "p": 84, "v": 47}, {"d": 0.203125, "p": 84, "v": 79}], "pos": 2.0, "size": 1.0, "_time": 49.875}, {"$id": 226, "sounds": [{"d": 0.25, "p": 83, "v": 49}, {"d": 0.25, "p": 83, "v": 40}], "pos": 1.0, "size": 1.0, "_time": 50.0625}, {"$id": 227, "sounds": [{"d": 0.125, "p": 84, "v": 46}, {"d": 0.125, "p": 84, "v": 82}], "pos": 2.0, "size": 1.0, "_time": 50.25}, {"$id": 228, "sounds": [{"d": 0.0703125, "p": 77, "v": 73}, {"d": 0.0703125, "p": 77, "v": 57}], "size": 1.0, "_time": 50.4375, "pos": 0}, {"$id": 229, "sounds": [{"d": 0.1953125, "p": 75, "v": 109}, {"d": 0.1953125, "p": 75, "v": 101}], "pos": -2.0, "size": 1.0, "_time": 50.625}, {"$id": 230, "sounds": [{"d": 0.25, "p": 79, "v": 58}, {"d": 0.25, "p": 79, "v": 53}], "pos": -1.0, "size": 1.0, "_time": 50.8125}, {"$id": 231, "sounds": [{"d": 0.1875, "p": 84, "v": 78}, {"d": 0.1875, "p": 84, "v": 79}], "pos": 2.0, "size": 1.0, "_time": 51.0}, {"$id": 232, "sounds": [{"d": 0.2265625, "p": 83, "v": 62}, {"d": 0.2265625, "p": 83, "v": 53}], "pos": 1.0, "size": 1.0, "_time": 51.1875}, {"$id": 233, "sounds": [{"d": 0.203125, "p": 84, "v": 97}, {"d": 0.203125, "p": 84, "v": 49}], "pos": 2.0, "size": 1.0, "_time": 51.375}, {"$id": 234, "sounds": [{"d": 0.2109375, "p": 74, "v": 93}, {"d": 0.2109375, "p": 74, "v": 93}], "pos": -1.0, "size": 1.0, "_time": 51.75}, {"$id": 235, "sounds": [{"d": 0.2265625, "p": 78, "v": 69}, {"d": 0.2265625, "p": 78, "v": 69}], "size": 1.0, "_time": 51.9375, "pos": 0}, {"$id": 236, "sounds": [{"d": 0.0546875, "p": 81, "v": 53}, {"d": 0.0546875, "p": 81, "v": 53}], "pos": 1.0, "size": 1.0, "_time": 52.125}, {"$id": 237, "sounds": [{"d": 0.171875, "p": 89, "v": 93}, {"d": 0.171875, "p": 89, "v": 93}], "pos": 2.0, "size": 1.0, "_time": 52.3125}, {"$id": 238, "sounds": [{"d": 0.0625, "p": 87, "v": 50}, {"d": 0.0625, "p": 87, "v": 78}], "pos": 1.0, "size": 1.0, "_time": 52.5}, {"$id": 239, "sounds": [{"d": 0.109375, "p": 84, "v": 82}, {"d": 0.109375, "p": 84, "v": 82}], "size": 1.0, "_time": 52.6875, "pos": 0}, {"$id": 240, "sounds": [{"d": 0.0859375, "p": 86, "v": 56}, {"d": 0.0859375, "p": 86, "v": 85}], "pos": 1.0, "size": 1.0, "_time": 52.875}, {"$id": 241, "sounds": [{"d": 0.125, "p": 87, "v": 50}, {"d": 0.125, "p": 87, "v": 64}], "pos": 1.5, "size": 1.0, "_time": 52.96875}, {"$id": 242, "sounds": [{"d": 0.0859375, "p": 86, "v": 64}, {"d": 0.0859375, "p": 86, "v": 78}], "pos": 1.0, "size": 1.0, "_time": 53.0625}, {"$id": 243, "sounds": [{"d": 0.1171875, "p": 84, "v": 84}, {"d": 0.1171875, "p": 84, "v": 70}], "size": 1.0, "_time": 53.15625, "pos": 0}, {"$id": 244, "sounds": [{"d": 0.1953125, "p": 83, "v": 74}, {"d": 0.1953125, "p": 83, "v": 88}], "pos": -2.0, "size": 1.0, "_time": 53.25}, {"$id": 245, "sounds": [{"d": 0.2109375, "p": 84, "v": 93}, {"d": 0.1171875, "p": 84, "v": 57}], "pos": -1.0, "size": 1.0, "_time": 53.4375}, {"$id": 246, "sounds": [{"d": 0.1796875, "p": 86, "v": 82}, {"d": 0.1796875, "p": 86, "v": 98}], "size": 1.0, "_time": 53.625, "pos": 0}, {"$id": 247, "sounds": [{"d": 0.0625, "p": 55, "v": 60}, {"d": 0.0625, "p": 55, "v": 47}], "pos": -2.0, "size": 1.0, "_time": 54.1875}, {"$id": 248, "sounds": [{"d": 0.0703125, "p": 55, "v": 81}, {"d": 0.0703125, "p": 55, "v": 72}], "pos": -1.5, "size": 1.0, "_time": 54.28125}, {"$id": 249, "sounds": [{"d": 0.15625, "p": 59, "v": 81}, {"d": 0.1015625, "p": 59, "v": 86}], "pos": -1.0, "size": 1.0, "_time": 54.375}, {"$id": 250, "sounds": [{"d": 0.125, "p": 60, "v": 88}, {"d": 0.0703125, "p": 60, "v": 67}], "pos": -0.5, "size": 1.0, "_time": 54.5625}, {"$id": 251, "sounds": [{"d": 0.171875, "p": 62, "v": 78}, {"d": 0.1171875, "p": 62, "v": 105}], "size": 1.0, "_time": 54.75, "pos": 0}, {"$id": 252, "sounds": [{"d": 0.125, "p": 63, "v": 80}, {"d": 0.0703125, "p": 63, "v": 80}], "pos": 0.5, "size": 1.0, "_time": 54.9375}, {"$id": 253, "sounds": [{"d": 0.0703125, "p": 65, "v": 96}, {"d": 0.125, "p": 65, "v": 96}], "pos": 1.0, "size": 1.0, "_time": 55.125}, {"$id": 254, "sounds": [{"d": 0.140625, "p": 66, "v": 105}, {"d": 0.0859375, "p": 66, "v": 105}], "pos": 1.5, "size": 1.0, "_time": 55.3125}, {"$id": 255, "sounds": [{"d": 0.46875, "p": 67, "v": 118}, {"d": 0.46875, "p": 67, "v": 118}], "pos": 2.0, "size": 1.0, "_time": 55.5}, {"$id": 256, "sounds": [{"d": 0.2265625, "p": 80, "v": 82}, {"d": 0.2265625, "p": 80, "v": 88}, {"w": 0.09375, "d": 0.1171875, "p": 92, "v": 101}, {"w": 0.09375, "d": 0.1171875, "p": 92, "v": 82}], "pos": 2.0, "size": 1.0, "_time": 55.6875}, {"$id": 257, "sounds": [{"d": 0.1796875, "p": 79, "v": 91}, {"d": 0.1796875, "p": 79, "v": 81}, {"w": 0.09375, "d": 0.078125, "p": 91, "v": 81}, {"w": 0.09375, "d": 0.078125, "p": 91, "v": 88}], "pos": 1.0, "size": 1.0, "_time": 55.875}, {"$id": 258, "sounds": [{"d": 0.21875, "p": 89, "v": 92}, {"d": 0.21875, "p": 89, "v": 83}], "size": 1.0, "_time": 56.0625, "pos": 0}, {"$id": 259, "sounds": [{"d": 0.34375, "p": 91, "v": 121}, {"d": 0.34375, "p": 91, "v": 98}], "pos": 1.0, "size": 1.0, "_time": 56.25}, {"$id": 260, "sounds": [{"d": 0.2421875, "p": 87, "v": 68}, {"d": 0.2421875, "p": 87, "v": 72}], "pos": -2.0, "size": 1.0, "_time": 56.8125}, {"$id": 261, "sounds": [{"d": 0.171875, "p": 91, "v": 83}, {"d": 0.171875, "p": 91, "v": 78}], "pos": -1.0, "size": 1.0, "_time": 57.0}, {"$id": 262, "sounds": [{"d": 0.21875, "p": 96, "v": 85}, {"d": 0.21875, "p": 96, "v": 85}], "size": 1.0, "_time": 57.1875, "pos": 0}, {"$id": 263, "sounds": [{"d": 0.390625, "p": 92, "v": 80}, {"d": 0.390625, "p": 92, "v": 76}], "pos": -1.0, "size": 1.0, "_time": 57.375}, {"$id": 264, "sounds": [{"d": 0.1796875, "p": 91, "v": 78}, {"d": 0.1796875, "p": 91, "v": 67}], "pos": 2.0, "size": 1.0, "_time": 57.75}, {"$id": 265, "sounds": [{"d": 0.1796875, "p": 79, "v": 78}, {"d": 0.1796875, "p": 79, "v": 67}], "size": 1.0, "_time": 57.75, "pos": 0}, {"$id": 266, "sounds": [{"d": 0.5625, "p": 77, "v": 78}, {"d": 0.5625, "p": 77, "v": 36}], "size": 1.0, "_time": 57.9375, "pos": 0}, {"$id": 267, "sounds": [{"d": 0.5625, "p": 89, "v": 78}, {"d": 0.5625, "p": 89, "v": 36}], "pos": -2.0, "size": 1.0, "_time": 57.9375}, {"$id": 268, "sounds": [{"d": 0.1796875, "p": 75, "v": 43}, {"d": 0.1796875, "p": 75, "v": 74}], "pos": 1.5, "size": 1.0, "_time": 58.5}, {"$id": 269, "sounds": [{"d": 0.2109375, "p": 74, "v": 43}, {"d": 0.2109375, "p": 74, "v": 74}], "pos": 0.5, "size": 1.0, "_time": 58.6875}, {"$id": 270, "sounds": [{"d": 0.2109375, "p": 75, "v": 54}, {"d": 0.2109375, "p": 75, "v": 74}], "pos": -0.5, "size": 1.0, "_time": 58.875}, {"$id": 271, "sounds": [{"d": 0.2109375, "p": 77, "v": 63}, {"d": 0.2109375, "p": 77, "v": 92}], "pos": -1.5, "size": 1.0, "_time": 59.0625}, {"$id": 272, "sounds": [{"d": 0.203125, "p": 84, "v": 83}, {"d": 0.203125, "p": 84, "v": 92}], "pos": 0.5, "size": 1.0, "_time": 59.0625}, {"$id": 273, "sounds": [{"d": 0.203125, "p": 79, "v": 78}, {"d": 0.3671875, "p": 79, "v": 93}], "pos": 1.5, "size": 1.0, "_time": 59.25}, {"$id": 274, "sounds": [{"d": 0.171875, "p": 83, "v": 93}, {"d": 0.171875, "p": 83, "v": 72}], "pos": -0.5, "size": 1.0, "_time": 59.25}, {"$id": 275, "sounds": [{"d": 0.1953125, "p": 84, "v": 78}, {"d": 0.1953125, "p": 84, "v": 78}], "pos": 0.5, "size": 1.0, "_time": 59.4375}, {"$id": 276, "sounds": [{"d": 0.0078125, "p": 84, "v": 78}, {"d": 0.0078125, "p": 84, "v": 78}], "pos": 0.5, "size": 1.0, "_time": 59.625}, {"$id": 277, "sounds": [{"d": 0.40625, "p": 72, "v": 78}, {"d": 0.40625, "p": 72, "v": 78}], "pos": -1.5, "size": 1.0, "_time": 59.625}, {"$id": 278, "sounds": [{"d": 0.265625, "p": 86, "v": 71}, {"d": 0.265625, "p": 86, "v": 71}], "size": 1.0, "_time": 60.1875, "pos": 0}, {"$id": 279, "sounds": [{"d": 0.1484375, "p": 87, "v": 69}, {"d": 0.1484375, "p": 87, "v": 69}], "pos": 1.0, "size": 1.0, "_time": 60.375}, {"$id": 280, "sounds": [{"d": 0.234375, "p": 84, "v": 87}, {"d": 0.234375, "p": 84, "v": 87}], "size": 1.0, "_time": 60.5625, "pos": 0}, {"$id": 281, "sounds": [{"d": 0.1953125, "p": 77, "v": 103}, {"d": 0.1953125, "p": 77, "v": 82}], "pos": -1.0, "size": 1.0, "_time": 60.75}, {"$id": 282, "sounds": [{"d": 0.15625, "p": 80, "v": 49}, {"d": 0.15625, "p": 80, "v": 56}], "size": 1.0, "_time": 60.9375, "pos": 0}, {"$id": 283, "sounds": [{"d": 0.0859375, "p": 84, "v": 56}, {"d": 0.0859375, "p": 84, "v": 70}], "pos": 1.0, "size": 1.0, "_time": 61.03125}, {"$id": 284, "sounds": [{"d": 0.078125, "p": 75, "v": 76}, {"d": 0.078125, "p": 75, "v": 61}], "pos": -2.0, "size": 1.0, "_time": 61.125}, {"$id": 285, "sounds": [{"d": 0.078125, "p": 87, "v": 61}, {"d": 0.078125, "p": 87, "v": 76}], "pos": 2.0, "size": 1.0, "_time": 61.125}, {"$id": 286, "sounds": [{"d": 0.25, "p": 86, "v": 70}, {"d": 0.25, "p": 86, "v": 70}], "pos": 1.0, "size": 1.0, "_time": 61.3125}, {"$id": 287, "sounds": [{"d": 0.0703125, "p": 84, "v": 68}, {"d": 0.0703125, "p": 84, "v": 68}], "size": 1.0, "_time": 61.5, "pos": 0}, {"$id": 288, "sounds": [{"d": 0.0625, "p": 77, "v": 89}, {"d": 0.0625, "p": 77, "v": 89}], "pos": -1.0, "size": 1.0, "_time": 61.6875}, {"$id": 289, "sounds": [{"d": 0.2265625, "p": 75, "v": 101}, {"d": 0.2265625, "p": 75, "v": 93}], "pos": -2.0, "size": 1.0, "_time": 61.875}, {"$id": 290, "sounds": [{"d": 0.0859375, "p": 79, "v": 67}, {"w": 0.0078125, "d": 0.078125, "p": 79, "v": 67}], "size": 1.0, "_time": 62.0546875, "pos": 0}, {"$id": 291, "sounds": [{"d": 0.078125, "p": 89, "v": 41}, {"d": 0.078125, "p": 89, "v": 41}], "pos": 2.0, "size": 1.0, "_time": 62.15625}, {"$id": 292, "sounds": [{"d": 0.1015625, "p": 75, "v": 65}, {"d": 0.1015625, "p": 75, "v": 65}], "pos": -1.0, "size": 1.0, "_time": 62.25}, {"$id": 293, "sounds": [{"d": 0.1015625, "p": 87, "v": 65}, {"d": 0.1015625, "p": 87, "v": 65}], "pos": 1.0, "size": 1.0, "_time": 62.25}, {"$id": 294, "sounds": [{"d": 0.078125, "p": 86, "v": 76}], "size": 1.0, "_time": 62.4375, "pos": 0}, {"$id": 295, "sounds": [{"d": 0.25, "p": 84, "v": 89}], "pos": -1.0, "size": 1.0, "_time": 62.625}, {"$id": 296, "sounds": [{"d": 0.7421875, "p": 50, "v": 77}], "pos": -2.0, "size": 1.30000007, "_time": 63.0}, {"$id": 297, "sounds": [{"d": 0.203125, "p": 74, "v": 77}, {"d": 0.203125, "p": 74, "v": 64}], "pos": 2.0, "size": 1.0, "_time": 63.0}, {"$id": 298, "sounds": [{"d": 0.1015625, "p": 76, "v": 55}, {"d": 0.1015625, "p": 76, "v": 55}], "pos": -1.0, "size": 1.0, "_time": 63.1875}, {"$id": 299, "sounds": [{"d": 0.0703125, "p": 78, "v": 93}, {"d": 0.0703125, "p": 78, "v": 93}], "size": 1.0, "_time": 63.28125, "pos": 0}, {"$id": 300, "sounds": [{"d": 0.078125, "p": 79, "v": 100}, {"d": 0.078125, "p": 79, "v": 100}], "pos": 1.0, "size": 1.0, "_time": 63.375}, {"$id": 301, "sounds": [{"d": 0.078125, "p": 81, "v": 85}, {"d": 0.078125, "p": 81, "v": 85}], "pos": -1.0, "size": 1.0, "_time": 63.5625}, {"$id": 302, "sounds": [{"d": 0.1953125, "p": 84, "v": 111}, {"d": 0.1953125, "p": 84, "v": 111}], "pos": 1.0, "size": 1.0, "_time": 63.75}, {"$id": 303, "sounds": [{"d": 0.0546875, "p": 81, "v": 56}, {"d": 0.0546875, "p": 81, "v": 56}], "pos": -1.0, "size": 1.0, "_time": 63.9375}, {"$id": 304, "sounds": [{"d": 0.1796875, "p": 83, "v": 100}, {"d": 0.1796875, "p": 83, "v": 100}], "size": 1.0, "_time": 64.125, "pos": 0}, {"$id": 305, "sounds": [{"d": 0.0703125, "p": 84, "v": 80}, {"d": 0.0703125, "p": 84, "v": 80}], "pos": 1.0, "size": 1.0, "_time": 64.3125}, {"$id": 306, "sounds": [{"d": 0.0625, "p": 83, "v": 87}, {"d": 0.0625, "p": 83, "v": 87}], "size": 1.0, "_time": 64.5, "pos": 0}, {"$id": 307, "sounds": [{"d": 0.0703125, "p": 80, "v": 95}, {"d": 0.0703125, "p": 80, "v": 95}], "pos": -1.0, "size": 1.0, "_time": 64.6875}, {"$id": 308, "sounds": [{"d": 0.3828125, "p": 79, "v": 105}, {"d": 0.3828125, "p": 79, "v": 105}], "pos": -2.0, "size": 1.0, "_time": 64.875}, {"$id": 309, "sounds": [{"d": 0.0625, "p": 79, "v": 91}, {"d": 0.0625, "p": 79, "v": 57}], "pos": -0.5, "size": 1.0, "_time": 65.625}, {"$id": 310, "sounds": [{"d": 0.21875, "p": 79, "v": 78}, {"d": 0.21875, "p": 79, "v": 49}], "pos": -0.5, "size": 1.0, "_time": 65.8125}, {"$id": 311, "sounds": [{"d": 0.0625, "p": 80, "v": 38}, {"d": 0.0625, "p": 80, "v": 61}], "pos": 2.0, "size": 1.0, "_time": 66.0}, {"$id": 312, "sounds": [{"d": 0.1953125, "p": 80, "v": 78}, {"d": 0.1953125, "p": 80, "v": 49}], "pos": 2.0, "size": 1.0, "_time": 66.1875}, {"$id": 313, "sounds": [{"d": 0.0859375, "p": 77, "v": 85}, {"d": 0.0859375, "p": 77, "v": 53}], "pos": -1.0, "size": 1.0, "_time": 66.375}, {"$id": 314, "sounds": [{"d": 0.234375, "p": 77, "v": 71}, {"d": 0.234375, "p": 77, "v": 45}], "pos": -1.0, "size": 1.0, "_time": 66.5625}, {"$id": 315, "sounds": [{"d": 0.0703125, "p": 79, "v": 91}, {"d": 0.0703125, "p": 79, "v": 57}], "pos": 1.5, "size": 1.0, "_time": 66.75}, {"$id": 316, "sounds": [{"d": 0.1875, "p": 79, "v": 57}, {"d": 0.1875, "p": 79, "v": 91}], "pos": 1.5, "size": 1.0, "_time": 66.9375}, {"$id": 317, "sounds": [{"d": 0.0859375, "p": 74, "v": 78}, {"d": 0.0859375, "p": 74, "v": 49}], "pos": -1.5, "size": 1.0, "_time": 67.125}, {"$id": 318, "sounds": [{"d": 0.2265625, "p": 74, "v": 45}, {"d": 0.2265625, "p": 74, "v": 71}], "pos": -1.5, "size": 1.0, "_time": 67.3125}, {"$id": 319, "sounds": [{"d": 0.078125, "p": 75, "v": 74}, {"d": 0.078125, "p": 75, "v": 46}], "pos": 1.0, "size": 1.0, "_time": 67.5}, {"$id": 320, "sounds": [{"d": 0.1953125, "p": 75, "v": 69}, {"d": 0.1953125, "p": 75, "v": 43}], "pos": 1.0, "size": 1.0, "_time": 67.6875}, {"$id": 321, "sounds": [{"d": 0.09375, "p": 72, "v": 77}, {"d": 0.09375, "p": 72, "v": 48}], "pos": -2.0, "size": 1.0, "_time": 67.875}, {"$id": 322, "sounds": [{"d": 0.234375, "p": 72, "v": 71}, {"d": 0.234375, "p": 72, "v": 45}], "pos": -2.0, "size": 1.0, "_time": 68.0625}, {"$id": 323, "sounds": [{"d": 0.0390625, "p": 74, "v": 44}, {"d": 0.0390625, "p": 74, "v": 70}], "pos": 2.0, "size": 1.0, "_time": 68.25}, {"$id": 324, "sounds": [{"d": 0.0390625, "p": 62, "v": 44}, {"d": 0.0390625, "p": 62, "v": 70}], "size": 1.0, "_time": 68.25, "pos": 0}, {"$id": 325, "sounds": [{"d": 0.1484375, "p": 62, "v": 71}, {"d": 0.1484375, "p": 62, "v": 45}], "size": 1.0, "_time": 68.4375, "pos": 0}, {"$id": 326, "sounds": [{"d": 0.1484375, "p": 74, "v": 45}, {"d": 0.1484375, "p": 74, "v": 71}], "pos": 2.0, "size": 1.0, "_time": 68.4375}, {"$id": 327, "sounds": [{"d": 0.09375, "p": 55, "v": 67}, {"d": 0.09375, "p": 55, "v": 69}], "pos": -1.5, "size": 1.0, "_time": 68.625}, {"$id": 328, "sounds": [{"d": 0.09375, "p": 67, "v": 69}, {"d": 0.09375, "p": 67, "v": 67}], "pos": 0.5, "size": 1.0, "_time": 68.625}, {"$id": 329, "sounds": [{"d": 0.1953125, "p": 55, "v": 67}, {"d": 0.1953125, "p": 55, "v": 78}], "pos": -1.5, "size": 1.0, "_time": 68.8125}, {"$id": 330, "sounds": [{"d": 0.1953125, "p": 67, "v": 78}, {"d": 0.1953125, "p": 67, "v": 67}], "pos": 0.5, "size": 1.0, "_time": 68.8125}, {"$id": 331, "sounds": [{"d": 0.0859375, "p": 56, "v": 94}, {"d": 0.0859375, "p": 56, "v": 74}], "pos": -0.5, "size": 1.0, "_time": 69.0}, {"$id": 332, "sounds": [{"d": 0.0859375, "p": 68, "v": 94}, {"d": 0.0859375, "p": 68, "v": 74}], "pos": 1.5, "size": 1.0, "_time": 69.0}, {"$id": 333, "sounds": [{"d": 0.1953125, "p": 68, "v": 72}, {"d": 0.1953125, "p": 68, "v": 88}], "pos": 1.5, "size": 1.0, "_time": 69.1875}, {"$id": 334, "sounds": [{"d": 0.1953125, "p": 56, "v": 72}, {"d": 0.1953125, "p": 56, "v": 88}], "pos": -0.5, "size": 1.0, "_time": 69.1875}, {"$id": 335, "sounds": [{"d": 0.078125, "p": 53, "v": 72}, {"d": 0.140625, "p": 53, "v": 78}], "pos": -2.0, "size": 1.0, "_time": 69.375}, {"$id": 336, "sounds": [{"d": 0.140625, "p": 65, "v": 78}, {"d": 0.078125, "p": 65, "v": 72}], "size": 1.0, "_time": 69.375, "pos": 0}, {"$id": 337, "sounds": [{"d": 0.109375, "p": 53, "v": 70}, {"d": 0.1640625, "p": 53, "v": 78}], "pos": -2.0, "size": 1.0, "_time": 69.5625}, {"$id": 338, "sounds": [{"d": 0.1640625, "p": 65, "v": 78}, {"d": 0.109375, "p": 65, "v": 70}], "size": 1.0, "_time": 69.5625, "pos": 0}, {"$id": 339, "sounds": [{"d": 1.734375, "p": 67, "v": 96}, {"d": 1.3046875, "p": 67, "v": 96}], "size": 1.0, "_time": 69.75, "pos": 0}, {"$id": 340, "sounds": [{"d": 0.15625, "p": 67, "v": 65}], "pos": -2.0, "size": 1.0, "_time": 71.25}, {"$id": 341, "sounds": [{"d": 0.09375, "p": 74, "v": 86}], "pos": -1.0, "size": 1.0, "_time": 71.34375}, {"$id": 342, "sounds": [{"d": 0.0859375, "p": 79, "v": 114}], "size": 1.0, "_time": 71.53125, "pos": 0}, {"$id": 343, "sounds": [{"d": 0.1796875, "p": 83, "v": 122}], "pos": 0.5, "size": 1.0, "_time": 71.625}, {"$id": 344, "sounds": [{"d": 0.1640625, "p": 86, "v": 124}], "pos": 1.0, "size": 1.0, "_time": 71.71875}, {"$id": 345, "sounds": [{"d": 0.2734375, "p": 91, "v": 127}], "pos": 2.0, "size": 1.0, "_time": 71.90625}, {"$id": 346, "sounds": [{"d": 0.3828125, "p": 72, "v": 71}, {"d": 0.3828125, "p": 72, "v": 102}], "pos": 1.5, "size": 1.30000007, "_time": 72.0}, {"$id": 347, "sounds": [{"d": 0.125, "p": 60, "v": 69}, {"d": 0.3671875, "p": 60, "v": 102}], "pos": -1.5, "size": 1.30000007, "_time": 72.0}, {"$id": 348, "sounds": [{"d": 0.234375, "p": 63, "v": 72}, {"d": 0.234375, "p": 63, "v": 75}], "pos": -2.0, "size": 1.0, "_time": 72.375}, {"$id": 349, "sounds": [{"d": 0.1875, "p": 79, "v": 77}, {"d": 0.1875, "p": 79, "v": 85}], "pos": 2.0, "size": 1.0, "_time": 72.375}, {"$id": 350, "sounds": [{"d": 0.171875, "p": 62, "v": 81}, {"d": 0.171875, "p": 62, "v": 82}], "pos": -1.0, "size": 1.0, "_time": 72.5625}, {"$id": 351, "sounds": [{"d": 0.1953125, "p": 77, "v": 71}, {"d": 0.1953125, "p": 77, "v": 75}], "pos": 1.0, "size": 1.0, "_time": 72.5625}, {"$id": 352, "sounds": [{"d": 0.3046875, "p": 79, "v": 93}, {"d": 0.3046875, "p": 79, "v": 83}], "pos": 2.0, "size": 1.0, "_time": 72.75}, {"$id": 353, "sounds": [{"d": 0.1796875, "p": 63, "v": 74}, {"d": 0.1796875, "p": 63, "v": 77}], "pos": -2.0, "size": 1.0, "_time": 72.75}, {"$id": 354, "sounds": [{"d": 0.421875, "p": 60, "v": 54}, {"d": 0.421875, "p": 60, "v": 69}], "pos": -2.0, "size": 1.0, "_time": 73.125}, {"$id": 355, "sounds": [{"d": 0.34375, "p": 63, "v": 55}, {"d": 0.34375, "p": 63, "v": 71}], "pos": 2.0, "size": 1.0, "_time": 73.5}, {"$id": 356, "sounds": [{"d": 0.390625, "p": 60, "v": 59}, {"d": 0.390625, "p": 60, "v": 77}], "pos": -2.0, "size": 1.0, "_time": 73.875}, {"$id": 357, "sounds": [{"d": 0.1953125, "p": 62, "v": 64}, {"d": 0.3671875, "p": 62, "v": 100}], "pos": -1.5, "size": 1.30000007, "_time": 74.25}, {"$id": 358, "sounds": [{"d": 0.4140625, "p": 77, "v": 100}, {"d": 0.4140625, "p": 77, "v": 93}], "pos": 1.5, "size": 1.30000007, "_time": 74.25}, {"$id": 359, "sounds": [{"d": 0.2109375, "p": 80, "v": 90}, {"d": 0.2109375, "p": 80, "v": 116}], "pos": 2.0, "size": 1.0, "_time": 74.625}, {"$id": 360, "sounds": [{"d": 0.1875, "p": 65, "v": 90}, {"d": 0.1875, "p": 65, "v": 81}], "pos": -2.0, "size": 1.0, "_time": 74.625}, {"$id": 361, "sounds": [{"d": 0.2109375, "p": 63, "v": 72}, {"d": 0.2109375, "p": 63, "v": 72}], "pos": -1.0, "size": 1.0, "_time": 74.8125}, {"$id": 362, "sounds": [{"d": 0.2265625, "p": 79, "v": 72}, {"d": 0.2265625, "p": 79, "v": 81}], "pos": 1.0, "size": 1.0, "_time": 74.8125}, {"$id": 363, "sounds": [{"d": 0.3828125, "p": 65, "v": 80}, {"d": 0.3828125, "p": 65, "v": 66}], "pos": -2.0, "size": 1.0, "_time": 75.0}, {"$id": 364, "sounds": [{"d": 0.3203125, "p": 80, "v": 80}, {"d": 0.3203125, "p": 80, "v": 66}], "pos": 2.0, "size": 1.0, "_time": 75.0}, {"$id": 365, "sounds": [{"d": 0.359375, "p": 59, "v": 41}, {"d": 0.359375, "p": 59, "v": 77}], "pos": 2.0, "size": 1.0, "_time": 75.375}, {"$id": 366, "sounds": [{"d": 0.375, "p": 74, "v": 93}, {"d": 0.375, "p": 74, "v": 53}], "pos": -0.5, "size": 1.0, "_time": 75.75}, {"$id": 367, "sounds": [{"d": 0.34375, "p": 55, "v": 78}, {"d": 0.34375, "p": 55, "v": 53}], "pos": -2.0, "size": 1.0, "_time": 75.75}, {"$id": 368, "sounds": [{"d": 0.3359375, "p": 77, "v": 91}, {"d": 0.3359375, "p": 77, "v": 45}], "pos": 0.5, "size": 1.0, "_time": 76.125}, {"$id": 369, "sounds": [{"d": 0.359375, "p": 62, "v": 45}, {"d": 0.359375, "p": 62, "v": 71}], "pos": 2.0, "size": 1.0, "_time": 76.125}, {"$id": 370, "sounds": [{"d": 0.3984375, "p": 72, "v": 101}, {"d": 0.3984375, "p": 72, "v": 101}], "pos": 1.5, "size": 1.30000007, "_time": 76.5}, {"$id": 371, "sounds": [{"d": 0.390625, "p": 60, "v": 97}, {"d": 0.234375, "p": 60, "v": 87}], "pos": -1.5, "size": 1.30000007, "_time": 76.5}, {"$id": 372, "sounds": [{"d": 0.171875, "p": 79, "v": 85}, {"d": 0.171875, "p": 79, "v": 68}], "pos": 2.0, "size": 1.0, "_time": 76.875}, {"$id": 373, "sounds": [{"d": 0.1953125, "p": 63, "v": 63}, {"d": 0.1953125, "p": 63, "v": 69}], "pos": -2.0, "size": 1.0, "_time": 76.875}, {"$id": 374, "sounds": [{"d": 0.203125, "p": 77, "v": 59}, {"d": 0.203125, "p": 77, "v": 74}], "pos": 1.0, "size": 1.0, "_time": 77.0625}, {"$id": 375, "sounds": [{"d": 0.1953125, "p": 62, "v": 65}, {"d": 0.1953125, "p": 62, "v": 71}], "pos": -1.0, "size": 1.0, "_time": 77.0625}, {"$id": 376, "sounds": [{"d": 0.265625, "p": 63, "v": 76}, {"d": 0.265625, "p": 63, "v": 69}], "pos": -2.0, "size": 1.0, "_time": 77.25}, {"$id": 377, "sounds": [{"d": 0.2734375, "p": 79, "v": 69}, {"d": 0.2734375, "p": 79, "v": 87}], "pos": 2.0, "size": 1.0, "_time": 77.25}, {"$id": 378, "sounds": [{"d": 0.765625, "p": 60, "v": 83}, {"d": 0.765625, "p": 60, "v": 61}], "pos": -2.0, "size": 1.0, "_time": 77.625}, {"$id": 379, "sounds": [{"d": 0.359375, "p": 75, "v": 72}, {"d": 0.359375, "p": 75, "v": 79}], "pos": 2.0, "size": 1.0, "_time": 78.0}, {"$id": 380, "sounds": [{"d": 0.3984375, "p": 72, "v": 91}, {"d": 0.3984375, "p": 72, "v": 87}], "pos": 1.0, "size": 1.0, "_time": 78.375}, {"$id": 381, "sounds": [{"d": 0.3671875, "p": 63, "v": 87}, {"d": 0.3671875, "p": 63, "v": 61}], "pos": -1.0, "size": 1.0, "_time": 78.375}, {"$id": 382, "sounds": [{"d": 0.359375, "p": 62, "v": 58}, {"d": 0.359375, "p": 62, "v": 109}], "pos": -1.5, "size": 1.30000007, "_time": 78.75}, {"$id": 383, "sounds": [{"d": 0.34375, "p": 74, "v": 109}, {"d": 0.34375, "p": 74, "v": 85}], "pos": 1.5, "size": 1.30000007, "_time": 78.75}, {"$id": 384, "sounds": [{"d": 0.375, "p": 59, "v": 78}, {"d": 0.375, "p": 59, "v": 72}], "pos": -1.0, "size": 1.30000007, "_time": 79.125}, {"$id": 385, "sounds": [{"d": 0.234375, "p": 71, "v": 78}, {"d": 0.234375, "p": 71, "v": 69}], "size": 1.0, "_time": 79.3125, "pos": 0}, {"$id": 386, "sounds": [{"d": 0.1640625, "p": 72, "v": 91}, {"d": 0.1640625, "p": 72, "v": 81}], "pos": 1.0, "size": 1.0, "_time": 79.5}, {"$id": 387, "sounds": [{"d": 0.3671875, "p": 55, "v": 59}, {"d": 0.3671875, "p": 55, "v": 62}], "pos": -2.0, "size": 1.30000007, "_time": 79.5}, {"$id": 388, "sounds": [{"d": 0.125, "p": 74, "v": 83}, {"d": 0.125, "p": 74, "v": 74}], "pos": 1.5, "size": 1.0, "_time": 79.6875}, {"$id": 389, "sounds": [{"d": 0.203125, "p": 67, "v": 89}, {"d": 0.203125, "p": 67, "v": 100}], "pos": 1.0, "size": 1.0, "_time": 79.875}, {"$id": 390, "sounds": [{"d": 0.4140625, "p": 57, "v": 85}, {"d": 0.4140625, "p": 57, "v": 78}], "pos": -1.0, "size": 1.30000007, "_time": 79.875}, {"$id": 391, "sounds": [{"d": 0.2265625, "p": 69, "v": 87}, {"d": 0.2265625, "p": 69, "v": 78}], "size": 1.0, "_time": 80.0625, "pos": 0}, {"$id": 392, "sounds": [{"d": 0.3828125, "p": 59, "v": 78}, {"d": 0.3828125, "p": 59, "v": 72}], "pos": -2.0, "size": 1.30000007, "_time": 80.25}, {"$id": 393, "sounds": [{"d": 0.1796875, "p": 71, "v": 102}, {"d": 0.1796875, "p": 71, "v": 91}], "size": 1.0, "_time": 80.25, "pos": 0}, {"$id": 394, "sounds": [{"d": 0.1796875, "p": 72, "v": 91}, {"d": 0.1796875, "p": 72, "v": 102}], "pos": 0.5, "size": 1.0, "_time": 80.4375}, {"$id": 395, "sounds": [{"d": 0.3203125, "p": 74, "v": 102}, {"d": 0.3203125, "p": 74, "v": 91}], "pos": 2.0, "size": 1.0, "_time": 80.625}, {"$id": 396, "sounds": [{"d": 0.3828125, "p": 55, "v": 75}, {"d": 0.3828125, "p": 55, "v": 81}], "pos": -1.0, "size": 1.30000007, "_time": 80.625}, {"$id": 397, "sounds": [{"d": 0.1796875, "p": 84, "v": 103}], "pos": -2.0, "size": 1.1, "_time": 81.0}, {"$id": 398, "sounds": [{"d": 0.109375, "p": 91, "v": 77}], "pos": 2.0, "size": 1.0, "_time": 81.1875}, {"$id": 399, "sounds": [{"d": 0.109375, "p": 89, "v": 70}], "size": 1.0, "_time": 81.28125, "pos": 0}, {"$id": 400, "sounds": [{"d": 0.2421875, "p": 91, "v": 80}], "pos": 2.0, "size": 1.0, "_time": 81.375}, {"$id": 401, "sounds": [{"d": 0.203125, "p": 89, "v": 77}], "size": 1.0, "_time": 81.5625, "pos": 0}, {"$id": 402, "sounds": [{"d": 0.234375, "p": 91, "v": 71}], "pos": 2.0, "size": 1.0, "_time": 81.75}, {"$id": 403, "sounds": [{"d": 0.2109375, "p": 89, "v": 91}], "pos": 1.0, "size": 1.0, "_time": 81.9375}, {"$id": 404, "sounds": [{"d": 0.1796875, "p": 87, "v": 99}], "size": 1.0, "_time": 82.125, "pos": 0}, {"$id": 405, "sounds": [{"d": 0.2109375, "p": 89, "v": 81}], "pos": 1.0, "size": 1.0, "_time": 82.3125}, {"$id": 406, "sounds": [{"d": 0.203125, "p": 87, "v": 64}], "size": 1.0, "_time": 82.5, "pos": 0}, {"$id": 407, "sounds": [{"d": 0.2421875, "p": 86, "v": 87}], "pos": -1.0, "size": 1.0, "_time": 82.6875}, {"$id": 408, "sounds": [{"d": 0.171875, "p": 87, "v": 95}], "size": 1.0, "_time": 82.875, "pos": 0}, {"$id": 409, "sounds": [{"d": 0.203125, "p": 84, "v": 98}], "pos": -2.0, "size": 1.0, "_time": 83.0625}, {"$id": 410, "sounds": [{"d": 0.203125, "p": 86, "v": 123}], "pos": -1.0, "size": 1.0, "_time": 83.25}, {"$id": 411, "sounds": [{"d": 0.15625, "p": 89, "v": 70}], "pos": 2.0, "size": 1.0, "_time": 83.53125}, {"$id": 412, "sounds": [{"d": 0.2265625, "p": 87, "v": 58}], "pos": 1.0, "size": 1.0, "_time": 83.625}, {"$id": 413, "sounds": [{"d": 0.2265625, "p": 86, "v": 65}], "size": 1.0, "_time": 83.8125, "pos": 0}, {"$id": 414, "sounds": [{"d": 0.2109375, "p": 87, "v": 61}], "pos": 1.0, "size": 1.0, "_time": 84.0}, {"$id": 415, "sounds": [{"d": 0.1875, "p": 86, "v": 61}], "size": 1.0, "_time": 84.1875, "pos": 0}, {"$id": 416, "sounds": [{"d": 0.1875, "p": 84, "v": 75}], "pos": -1.0, "size": 1.0, "_time": 84.375}, {"$id": 417, "sounds": [{"d": 0.1875, "p": 86, "v": 61}], "size": 1.0, "_time": 84.5625, "pos": 0}, {"$id": 418, "sounds": [{"d": 0.2109375, "p": 84, "v": 71}], "pos": 1.0, "size": 1.0, "_time": 84.75}, {"$id": 419, "sounds": [{"d": 0.1953125, "p": 83, "v": 70}], "size": 1.0, "_time": 84.9375, "pos": 0}, {"$id": 420, "sounds": [{"d": 0.1796875, "p": 81, "v": 62}], "pos": -1.0, "size": 1.0, "_time": 85.125}, {"$id": 421, "sounds": [{"d": 0.15625, "p": 79, "v": 70}], "pos": -2.0, "size": 1.0, "_time": 85.3125}, {"$id": 422, "sounds": [{"d": 0.203125, "p": 75, "v": 95}, {"d": 0.203125, "p": 75, "v": 60}], "size": 1.0, "_time": 85.5, "pos": 0}, {"$id": 423, "sounds": [{"d": 0.1953125, "p": 84, "v": 69}], "pos": 2.0, "size": 1.0, "_time": 85.5}, {"$id": 424, "sounds": [{"d": 0.1796875, "p": 83, "v": 76}], "pos": -1.0, "size": 1.0, "_time": 85.6875}, {"$id": 425, "sounds": [{"d": 0.2109375, "p": 84, "v": 86}], "size": 1.0, "_time": 85.875, "pos": 0}, {"$id": 426, "sounds": [{"d": 0.390625, "p": 72, "v": 91}, {"d": 0.390625, "p": 72, "v": 66}], "pos": -1.0, "size": 1.0, "_time": 86.0625}, {"$id": 427, "sounds": [{"d": 0.21875, "p": 86, "v": 96}], "pos": 1.0, "size": 1.0, "_time": 86.0625}, {"$id": 428, "sounds": [{"d": 0.1875, "p": 87, "v": 103}], "pos": 2.0, "size": 1.0, "_time": 86.25}, {"$id": 429, "sounds": [{"d": 0.2578125, "p": 86, "v": 103}], "pos": -2.0, "size": 1.0, "_time": 86.4375}, {"$id": 430, "sounds": [{"d": 0.5078125, "p": 79, "v": 75}, {"d": 0.5078125, "p": 79, "v": 75}], "pos": 1.0, "size": 1.0, "_time": 86.625}, {"$id": 431, "sounds": [{"d": 0.1875, "p": 87, "v": 107}], "pos": -1.0, "size": 1.0, "_time": 86.625}, {"$id": 432, "sounds": [{"d": 0.203125, "p": 89, "v": 107}], "size": 1.0, "_time": 86.8125, "pos": 0}, {"$id": 433, "sounds": [{"d": 0.1875, "p": 91, "v": 107}], "pos": -2.0, "size": 1.0, "_time": 87.0}, {"$id": 434, "sounds": [{"d": 0.2109375, "p": 89, "v": 103}], "size": 1.0, "_time": 87.1875, "pos": 0}, {"$id": 435, "sounds": [{"d": 0.34375, "p": 84, "v": 87}, {"d": 0.34375, "p": 84, "v": 87}], "pos": 1.0, "size": 1.0, "_time": 87.375}, {"$id": 436, "sounds": [{"d": 0.0625, "p": 91, "v": 107}], "pos": -1.0, "size": 1.0, "_time": 87.375}, {"$id": 437, "sounds": [{"d": 0.15625, "p": 96, "v": 104}], "size": 1.0, "_time": 87.5625, "pos": 0}, {"$id": 438, "sounds": [{"d": 0.40625, "p": 83, "v": 98}, {"d": 0.40625, "p": 83, "v": 98}], "pos": 2.0, "size": 1.0, "_time": 87.75}, {"$id": 439, "sounds": [{"d": 0.09375, "p": 95, "v": 98}], "pos": -2.0, "size": 1.0, "_time": 87.75}, {"$id": 440, "sounds": [{"d": 0.125, "p": 91, "v": 76}], "pos": -1.0, "size": 1.0, "_time": 87.9375}, {"$id": 441, "sounds": [{"d": 0.1171875, "p": 95, "v": 98}], "size": 1.0, "_time": 88.125, "pos": 0}, {"$id": 442, "sounds": [{"d": 0.1015625, "p": 91, "v": 78}], "pos": -1.0, "size": 1.0, "_time": 88.3125}, {"$id": 443, "sounds": [{"d": 0.1328125, "p": 96, "v": 114}], "pos": 1.5, "size": 1.0, "_time": 88.5}, {"$id": 444, "sounds": [{"d": 0.0859375, "p": 91, "v": 87}], "pos": -1.0, "size": 1.0, "_time": 88.6875}, {"$id": 445, "sounds": [{"d": 0.140625, "p": 98, "v": 117}], "pos": 0.5, "size": 1.0, "_time": 88.875}, {"$id": 446, "sounds": [{"d": 0.1015625, "p": 91, "v": 87}], "pos": -1.0, "size": 1.0, "_time": 89.0625}, {"$id": 447, "sounds": [{"d": 0.0859375, "p": 98, "v": 122}], "pos": 0.5, "size": 1.0, "_time": 89.25}, {"$id": 448, "sounds": [{"d": 0.109375, "p": 91, "v": 107}], "pos": -1.0, "size": 1.0, "_time": 89.4375}, {"$id": 449, "sounds": [{"d": 0.375, "p": 99, "v": 116}], "pos": 2.0, "size": 1.0, "_time": 89.625}, {"$id": 450, "sounds": [{"d": 0.1015625, "p": 91, "v": 91}], "pos": -1.0, "size": 1.0, "_time": 89.8125}, {"$id": 451, "sounds": [{"d": 0.796875, "p": 72, "v": 66}], "size": 1.4000001, "_time": 90.0, "pos": 0}, {"$id": 452, "sounds": [{"d": 1.125, "p": 75, "v": 73}], "pos": 1.5, "size": 1.4000001, "_time": 90.75}, {"$id": 453, "sounds": [{"d": 0.3828125, "p": 72, "v": 68}], "pos": -1.5, "size": 1.4000001, "_time": 91.875}, {"$id": 454, "sounds": [{"d": 0.796875, "p": 74, "v": 75}], "pos": 0.5, "size": 1.4000001, "_time": 92.25}, {"$id": 455, "sounds": [{"d": 1.5703125, "p": 77, "v": 63}], "pos": 1.5, "size": 1.50000012, "_time": 93.0}, {"$id": 456, "sounds": [{"d": 0.765625, "p": 71, "v": 61}], "pos": -1.5, "size": 1.50000012, "_time": 93.75}, {"$id": 457, "sounds": [{"d": 0.7421875, "p": 72, "v": 65}], "pos": -0.5, "size": 1.50000012, "_time": 94.5}, {"$id": 458, "sounds": [{"d": 1.140625, "p": 75, "v": 70}], "pos": 0.5, "size": 1.50000012, "_time": 95.25}, {"$id": 459, "sounds": [{"d": 0.40625, "p": 72, "v": 77}], "pos": -1.5, "size": 1.4000001, "_time": 96.375}, {"$id": 460, "sounds": [{"d": 1.59375, "p": 74, "v": 68}], "pos": 0.5, "size": 1.4000001, "_time": 96.75}, {"$id": 461, "sounds": [{"d": 0.1953125, "p": 67, "v": 90}, {"d": 0.2109375, "p": 67, "v": 115}], "size": 1.0, "_time": 97.125, "pos": 0}, {"$id": 462, "sounds": [{"d": 0.1953125, "p": 79, "v": 110}], "pos": 2.0, "size": 1.0, "_time": 97.125}, {"$id": 463, "sounds": [{"d": 0.0703125, "p": 65, "v": 86}, {"d": 0.0625, "p": 65, "v": 109}], "pos": -1.0, "size": 1.0, "_time": 97.3125}, {"$id": 464, "sounds": [{"d": 0.0703125, "p": 77, "v": 106}], "pos": 1.0, "size": 1.0, "_time": 97.3125}, {"$id": 465, "sounds": [{"d": 0.171875, "p": 65, "v": 109}, {"d": 0.1953125, "p": 65, "v": 85}], "pos": -1.0, "size": 1.0, "_time": 97.5}, {"$id": 466, "sounds": [{"d": 0.1953125, "p": 77, "v": 105}], "pos": 1.0, "size": 1.0, "_time": 97.5}, {"$id": 467, "sounds": [{"d": 0.0703125, "p": 62, "v": 114}, {"d": 0.0703125, "p": 62, "v": 74}], "pos": -2.0, "size": 1.0, "_time": 97.6875}, {"$id": 468, "sounds": [{"d": 0.0703125, "p": 74, "v": 91}], "size": 1.0, "_time": 97.6875, "pos": 0}, {"$id": 469, "sounds": [{"d": 0.09375, "p": 74, "v": 119}], "pos": 1.5, "size": 1.0, "_time": 98.0625}, {"$id": 470, "sounds": [{"d": 0.0859375, "p": 62, "v": 105}, {"d": 0.09375, "p": 62, "v": 97}], "pos": -0.5, "size": 1.0, "_time": 98.0625}, {"$id": 471, "sounds": [{"d": 0.0703125, "p": 60, "v": 92}, {"d": 0.078125, "p": 60, "v": 117}], "pos": -1.0, "size": 1.0, "_time": 98.15625}, {"$id": 472, "sounds": [{"d": 0.0703125, "p": 72, "v": 114}], "pos": 1.0, "size": 1.0, "_time": 98.15625}, {"$id": 473, "sounds": [{"d": 0.7890625, "p": 67, "v": 77}], "pos": 0.5, "size": 1.0, "_time": 98.25}, {"$id": 474, "sounds": [{"d": 0.1953125, "p": 60, "v": 110}, {"d": 0.1875, "p": 60, "v": 102}], "pos": -1.5, "size": 1.0, "_time": 98.25}, {"$id": 475, "sounds": [{"d": 0.078125, "p": 71, "v": 105}], "pos": -0.5, "size": 1.0, "_time": 98.4375}, {"$id": 476, "sounds": [{"d": 0.0859375, "p": 79, "v": 68}], "pos": -1.5, "size": 1.0, "_time": 98.625}, {"$id": 477, "sounds": [{"d": 0.0859375, "p": 83, "v": 68}], "pos": -0.5, "size": 1.0, "_time": 98.71875}, {"$id": 478, "sounds": [{"d": 0.1796875, "p": 86, "v": 69}], "pos": 0.5, "size": 1.0, "_time": 98.8125}, {"$id": 479, "sounds": [{"d": 0.109375, "p": 89, "v": 57}], "pos": 1.5, "size": 1.0, "_time": 98.90625}, {"$id": 480, "sounds": [{"d": 0.7265625, "p": 72, "v": 65}], "pos": -1.5, "size": 1.0, "_time": 99.0}, {"$id": 481, "sounds": [{"d": 0.1171875, "p": 75, "v": 69}], "pos": 0.5, "size": 1.0, "_time": 99.09375}, {"$id": 482, "sounds": [{"d": 0.1328125, "p": 74, "v": 52}], "pos": -1.0, "size": 1.0, "_time": 99.1875}, {"$id": 483, "sounds": [{"d": 0.1015625, "p": 75, "v": 64}], "pos": 1.0, "size": 1.0, "_time": 99.28125}, {"$id": 484, "sounds": [{"d": 0.1171875, "p": 77, "v": 60}], "pos": 1.5, "size": 1.0, "_time": 99.375}, {"$id": 485, "sounds": [{"d": 0.078125, "p": 75, "v": 49}], "pos": -0.5, "size": 1.0, "_time": 99.46875}, {"$id": 486, "sounds": [{"d": 0.1171875, "p": 74, "v": 60}], "pos": -1.0, "size": 1.0, "_time": 99.5625}, {"$id": 487, "sounds": [{"d": 0.109375, "p": 75, "v": 63}], "pos": 0.5, "size": 1.0, "_time": 99.65625}, {"$id": 488, "sounds": [{"d": 0.5, "p": 79, "v": 104}], "pos": 1.5, "size": 1.0, "_time": 99.75}, {"$id": 489, "sounds": [{"d": 0.1015625, "p": 75, "v": 104}], "pos": -0.5, "size": 1.0, "_time": 100.3125}, {"$id": 490, "sounds": [{"d": 0.109375, "p": 77, "v": 81}], "pos": 1.5, "size": 1.0, "_time": 100.40625}, {"$id": 491, "sounds": [{"d": 0.2421875, "p": 75, "v": 121}], "pos": -0.5, "size": 1.0, "_time": 100.5}, {"$id": 492, "sounds": [{"d": 0.203125, "p": 72, "v": 98}], "pos": 0.5, "size": 1.0, "_time": 100.6875}, {"$id": 493, "sounds": [{"d": 0.1875, "p": 67, "v": 98}], "pos": -1.5, "size": 1.0, "_time": 100.875}, {"$id": 494, "sounds": [{"d": 0.0859375, "p": 72, "v": 96}], "pos": 0.5, "size": 1.0, "_time": 101.0625}, {"$id": 495, "sounds": [{"d": 0.0390625, "p": 72, "v": 74}], "pos": -2.0, "size": 1.0, "_time": 101.25}, {"$id": 496, "sounds": [{"d": 0.1015625, "p": 74, "v": 70}], "pos": 0.5, "size": 1.0, "_time": 101.34375}, {"$id": 497, "sounds": [{"d": 0.125, "p": 72, "v": 91}], "pos": -1.5, "size": 1.0, "_time": 101.4375}, {"$id": 498, "sounds": [{"d": 0.09375, "p": 74, "v": 81}], "pos": 1.0, "size": 1.0, "_time": 101.53125}, {"$id": 499, "sounds": [{"d": 0.1328125, "p": 75, "v": 69}], "pos": 1.5, "size": 1.0, "_time": 101.625}, {"$id": 500, "sounds": [{"d": 0.0859375, "p": 74, "v": 80}], "pos": -0.5, "size": 1.0, "_time": 101.71875}, {"$id": 501, "sounds": [{"d": 0.109375, "p": 72, "v": 87}], "pos": -1.0, "size": 1.0, "_time": 101.8125}, {"$id": 502, "sounds": [{"d": 0.1171875, "p": 74, "v": 75}], "size": 1.0, "_time": 101.90625, "pos": 0}, {"$id": 503, "sounds": [{"d": 0.4609375, "p": 78, "v": 85}], "pos": 2.0, "size": 1.0, "_time": 102.0}, {"$id": 504, "sounds": [{"d": 0.078125, "p": 74, "v": 78}], "pos": -0.5, "size": 1.0, "_time": 102.5625}, {"$id": 505, "sounds": [{"d": 0.109375, "p": 75, "v": 64}], "pos": 1.5, "size": 1.0, "_time": 102.65625}, {"$id": 506, "sounds": [{"d": 0.2109375, "p": 74, "v": 96}], "pos": -0.5, "size": 1.0, "_time": 102.75}, {"$id": 507, "sounds": [{"d": 0.140625, "p": 72, "v": 75}], "pos": 0.5, "size": 1.0, "_time": 102.9375}, {"$id": 508, "sounds": [{"d": 0.171875, "p": 72, "v": 65}], "pos": 0.5, "size": 1.0, "_time": 103.125}, {"$id": 509, "sounds": [{"d": 0.125, "p": 71, "v": 58}], "pos": -1.5, "size": 1.0, "_time": 103.3125}, {"$id": 510, "sounds": [{"d": 0.765625, "p": 72, "v": 71}], "pos": -1.5, "size": 1.0, "_time": 103.5}, {"$id": 511, "sounds": [{"d": 0.109375, "p": 75, "v": 71}], "pos": 1.0, "size": 1.0, "_time": 103.59375}, {"$id": 512, "sounds": [{"d": 0.1171875, "p": 74, "v": 87}], "pos": -1.0, "size": 1.0, "_time": 103.6875}, {"$id": 513, "sounds": [{"d": 0.1015625, "p": 75, "v": 95}], "pos": 1.0, "size": 1.0, "_time": 103.78125}, {"$id": 514, "sounds": [{"d": 0.125, "p": 77, "v": 83}], "pos": 1.5, "size": 1.0, "_time": 103.875}, {"$id": 515, "sounds": [{"d": 0.0625, "p": 75, "v": 69}], "pos": -0.5, "size": 1.0, "_time": 103.96875}, {"$id": 516, "sounds": [{"d": 0.078125, "p": 74, "v": 61}], "pos": -1.0, "size": 1.0, "_time": 104.0625}, {"$id": 517, "sounds": [{"d": 0.09375, "p": 75, "v": 71}], "size": 1.0, "_time": 104.15625, "pos": 0}, {"$id": 518, "sounds": [{"d": 0.484375, "p": 79, "v": 91}], "pos": 1.5, "size": 1.0, "_time": 104.25}, {"$id": 519, "sounds": [{"d": 0.1015625, "p": 79, "v": 89}], "pos": -0.5, "size": 1.0, "_time": 104.8125}, {"$id": 520, "sounds": [{"d": 0.1171875, "p": 84, "v": 81}], "pos": 1.5, "size": 1.0, "_time": 104.90625}, {"$id": 521, "sounds": [{"d": 0.21875, "p": 79, "v": 95}], "pos": -0.5, "size": 1.0, "_time": 105.0}, {"$id": 522, "sounds": [{"d": 0.1171875, "p": 75, "v": 104}], "pos": 0.5, "size": 1.0, "_time": 105.1875}, {"$id": 523, "sounds": [{"d": 0.1796875, "p": 72, "v": 68}], "pos": -1.5, "size": 1.0, "_time": 105.375}, {"$id": 524, "sounds": [{"d": 0.140625, "p": 75, "v": 81}], "pos": 0.5, "size": 1.0, "_time": 105.5625}, {"$id": 525, "sounds": [{"d": 0.2109375, "p": 55, "v": 81}, {"d": 0.2109375, "p": 55, "v": 98}], "pos": -1.5, "size": 1.30000007, "_time": 106.125}, {"$id": 526, "sounds": [{"d": 0.3828125, "p": 57, "v": 100}, {"d": 0.1171875, "p": 57, "v": 100}], "pos": 1.5, "size": 1.30000007, "_time": 106.3125}, {"$id": 527, "sounds": [{"d": 0.1484375, "p": 59, "v": 105}, {"d": 0.1484375, "p": 59, "v": 105}], "size": 1.30000007, "_time": 106.875, "pos": 0}, {"$id": 528, "sounds": [{"d": 0.21875, "p": 60, "v": 107}, {"d": 0.21875, "p": 60, "v": 108}], "size": 1.30000007, "_time": 107.0625, "pos": 0}, {"$id": 529, "sounds": [{"d": 0.125, "p": 80, "v": 91}, {"d": 0.171875, "p": 80, "v": 87}], "pos": 1.5, "size": 1.0, "_time": 107.4375}, {"$id": 530, "sounds": [{"d": 0.1328125, "p": 79, "v": 87}, {"d": 0.1328125, "p": 79, "v": 109}], "pos": 0.5, "size": 1.0, "_time": 107.625}, {"$id": 531, "sounds": [{"d": 0.1328125, "p": 77, "v": 114}, {"d": 0.1328125, "p": 77, "v": 91}], "pos": -0.5, "size": 1.0, "_time": 107.8125}, {"$id": 532, "sounds": [{"d": 0.2578125, "p": 79, "v": 122}, {"d": 0.2578125, "p": 79, "v": 122}], "pos": 0.5, "size": 1.0, "_time": 108.0}, {"$id": 533, "sounds": [{"d": 0.078125, "p": 75, "v": 91}, {"d": 0.078125, "p": 75, "v": 91}], "pos": -1.0, "size": 1.0, "_time": 108.375}, {"$id": 534, "sounds": [{"d": 0.1015625, "p": 72, "v": 101}, {"d": 0.1015625, "p": 72, "v": 101}], "pos": -1.5, "size": 1.0, "_time": 108.46875}, {"$id": 535, "sounds": [{"d": 0.1171875, "p": 75, "v": 71}, {"d": 0.1171875, "p": 75, "v": 71}], "pos": -1.0, "size": 1.0, "_time": 108.5625}, {"$id": 536, "sounds": [{"d": 0.109375, "p": 79, "v": 92}, {"d": 0.109375, "p": 79, "v": 92}], "size": 1.0, "_time": 108.632813, "pos": 0}, {"$id": 537, "sounds": [{"d": 0.2578125, "p": 84, "v": 88}, {"d": 0.2578125, "p": 84, "v": 88}], "pos": 1.5, "size": 1.0, "_time": 108.75}, {"$id": 538, "sounds": [{"d": 0.140625, "p": 82, "v": 94}, {"d": 0.140625, "p": 82, "v": 94}], "pos": -1.5, "size": 1.0, "_time": 108.9375}, {"$id": 539, "sounds": [{"d": 0.0859375, "p": 80, "v": 84}, {"d": 0.0859375, "p": 80, "v": 84}], "size": 1.0, "_time": 109.125, "pos": 0}, {"$id": 540, "sounds": [{"d": 0.109375, "p": 82, "v": 71}, {"d": 0.109375, "p": 82, "v": 71}], "pos": 1.0, "size": 1.0, "_time": 109.21875}, {"$id": 541, "sounds": [{"d": 0.109375, "p": 80, "v": 88}, {"d": 0.109375, "p": 80, "v": 88}], "size": 1.0, "_time": 109.3125, "pos": 0}, {"$id": 542, "sounds": [{"d": 0.1171875, "p": 79, "v": 77}, {"d": 0.1171875, "p": 79, "v": 77}], "pos": -1.0, "size": 1.0, "_time": 109.40625}, {"$id": 543, "sounds": [{"d": 0.1484375, "p": 80, "v": 91}, {"d": 0.1484375, "p": 80, "v": 91}], "size": 1.0, "_time": 109.5, "pos": 0}, {"$id": 544, "sounds": [{"d": 0.1171875, "p": 77, "v": 92}, {"d": 0.1171875, "p": 77, "v": 92}], "pos": -0.5, "size": 1.0, "_time": 109.6875}, {"$id": 545, "sounds": [{"d": 0.125, "p": 80, "v": 110}, {"d": 0.125, "p": 80, "v": 110}], "pos": 0.5, "size": 1.0, "_time": 109.78125}, {"$id": 546, "sounds": [{"d": 0.2265625, "p": 86, "v": 123}, {"d": 0.2265625, "p": 86, "v": 123}], "pos": 1.5, "size": 1.0, "_time": 109.875}, {"$id": 547, "sounds": [{"d": 0.078125, "p": 84, "v": 81}, {"d": 0.078125, "p": 84, "v": 81}], "pos": 0.5, "size": 1.0, "_time": 110.0625}, {"$id": 548, "sounds": [{"d": 0.2265625, "p": 83, "v": 87}, {"d": 0.2265625, "p": 83, "v": 87}], "pos": -0.5, "size": 1.0, "_time": 110.25}, {"$id": 549, "sounds": [{"d": 0.0859375, "p": 83, "v": 56}, {"d": 0.0859375, "p": 83, "v": 56}], "pos": 1.0, "size": 1.0, "_time": 110.625}, {"$id": 550, "sounds": [{"d": 0.0859375, "p": 71, "v": 56}, {"d": 0.0859375, "p": 71, "v": 56}], "pos": -1.0, "size": 1.0, "_time": 110.625}, {"$id": 551, "sounds": [{"d": 0.1328125, "p": 84, "v": 56}, {"d": 0.1328125, "p": 84, "v": 56}], "pos": 1.5, "size": 1.0, "_time": 110.71875}, {"$id": 552, "sounds": [{"d": 0.1328125, "p": 72, "v": 56}, {"d": 0.1328125, "p": 72, "v": 56}], "pos": -0.5, "size": 1.0, "_time": 110.71875}, {"$id": 553, "sounds": [{"d": 0.1015625, "p": 83, "v": 55}, {"d": 0.1015625, "p": 83, "v": 55}], "pos": 1.0, "size": 1.0, "_time": 110.8125}, {"$id": 554, "sounds": [{"d": 0.1015625, "p": 71, "v": 55}, {"d": 0.1015625, "p": 71, "v": 55}], "pos": -1.0, "size": 1.0, "_time": 110.8125}, {"$id": 555, "sounds": [{"d": 0.09375, "p": 81, "v": 58}, {"d": 0.09375, "p": 81, "v": 58}], "pos": 0.5, "size": 1.0, "_time": 110.90625}, {"$id": 556, "sounds": [{"d": 0.09375, "p": 69, "v": 58}, {"d": 0.09375, "p": 69, "v": 58}], "pos": -1.5, "size": 1.0, "_time": 110.90625}, {"$id": 557, "sounds": [{"d": 0.1328125, "p": 79, "v": 85}, {"d": 0.1328125, "p": 79, "v": 85}], "size": 1.0, "_time": 111.0, "pos": 0}, {"$id": 558, "sounds": [{"d": 0.1328125, "p": 67, "v": 85}, {"d": 0.1328125, "p": 67, "v": 85}], "pos": -2.0, "size": 1.0, "_time": 111.0}, {"$id": 559, "sounds": [{"d": 0.1171875, "p": 81, "v": 90}, {"d": 0.1171875, "p": 81, "v": 90}], "pos": 0.5, "size": 1.0, "_time": 111.09375}, {"$id": 560, "sounds": [{"d": 0.1171875, "p": 69, "v": 90}, {"d": 0.1171875, "p": 69, "v": 90}], "pos": -1.5, "size": 1.0, "_time": 111.09375}, {"$id": 561, "sounds": [{"d": 0.109375, "p": 83, "v": 92}, {"d": 0.109375, "p": 83, "v": 92}], "pos": 1.0, "size": 1.0, "_time": 111.1875}, {"$id": 562, "sounds": [{"d": 0.109375, "p": 71, "v": 92}, {"d": 0.109375, "p": 71, "v": 92}], "pos": -1.0, "size": 1.0, "_time": 111.1875}, {"$id": 563, "sounds": [{"d": 0.1171875, "p": 86, "v": 96}, {"d": 0.1171875, "p": 86, "v": 96}], "pos": 1.5, "size": 1.0, "_time": 111.28125}, {"$id": 564, "sounds": [{"d": 0.1171875, "p": 74, "v": 96}, {"d": 0.1171875, "p": 74, "v": 96}], "pos": -0.5, "size": 1.0, "_time": 111.28125}, {"$id": 565, "sounds": [{"d": 0.3828125, "p": 87, "v": 120}, {"d": 0.3828125, "p": 87, "v": 120}], "pos": 2.0, "size": 1.0, "_time": 111.375}, {"$id": 566, "sounds": [{"d": 0.3828125, "p": 75, "v": 120}, {"d": 0.3828125, "p": 75, "v": 120}], "size": 1.0, "_time": 111.375, "pos": 0}, {"$id": 567, "sounds": [{"d": 0.078125, "p": 99, "v": 91}, {"d": 0.078125, "p": 99, "v": 91}], "pos": -0.5, "size": 1.0, "_time": 111.5625}, {"$id": 568, "sounds": [{"d": 0.109375, "p": 101, "v": 91}, {"d": 0.109375, "p": 101, "v": 91}], "pos": 1.5, "size": 1.0, "_time": 111.65625}, {"$id": 569, "sounds": [{"d": 0.1953125, "p": 99, "v": 69}, {"d": 0.1953125, "p": 99, "v": 69}], "pos": -0.5, "size": 1.0, "_time": 111.75}, {"$id": 570, "sounds": [{"d": 0.1484375, "p": 91, "v": 85}, {"d": 0.1484375, "p": 91, "v": 85}], "pos": 0.5, "size": 1.0, "_time": 111.9375}, {"$id": 571, "sounds": [{"d": 0.1484375, "p": 87, "v": 97}, {"d": 0.1484375, "p": 87, "v": 97}], "pos": -0.5, "size": 1.0, "_time": 112.125}, {"$id": 572, "sounds": [{"d": 0.1875, "p": 84, "v": 95}, {"d": 0.1875, "p": 84, "v": 95}], "pos": -1.5, "size": 1.0, "_time": 112.3125}, {"$id": 573, "sounds": [{"d": 0.1953125, "p": 89, "v": 108}, {"d": 0.1953125, "p": 89, "v": 108}], "pos": -0.5, "size": 1.0, "_time": 112.5}, {"$id": 574, "sounds": [{"d": 0.0859375, "p": 89, "v": 63}, {"d": 0.0859375, "p": 89, "v": 63}], "pos": 1.5, "size": 1.0, "_time": 112.78125}, {"$id": 575, "sounds": [{"d": 0.078125, "p": 89, "v": 63}, {"d": 0.078125, "p": 89, "v": 63}], "pos": 1.5, "size": 1.0, "_time": 112.875}, {"$id": 576, "sounds": [{"d": 0.09375, "p": 86, "v": 63}, {"d": 0.09375, "p": 86, "v": 63}], "pos": 0.5, "size": 1.0, "_time": 113.0625}, {"$id": 577, "sounds": [{"d": 0.171875, "p": 86, "v": 57}, {"d": 0.171875, "p": 86, "v": 57}], "pos": 0.5, "size": 1.0, "_time": 113.25}, {"$id": 578, "sounds": [{"d": 0.09375, "p": 84, "v": 68}, {"d": 0.09375, "p": 84, "v": 68}], "pos": -0.5, "size": 1.0, "_time": 113.4375}, {"$id": 579, "sounds": [{"d": 0.1640625, "p": 83, "v": 77}, {"d": 0.1640625, "p": 83, "v": 77}], "pos": 0.5, "size": 1.0, "_time": 113.8125}, {"$id": 580, "sounds": [{"d": 0.0390625, "p": 83, "v": 70}, {"d": 0.0859375, "p": 83, "v": 85}], "pos": 0.5, "size": 1.0, "_time": 114.1875}, {"$id": 581, "sounds": [{"d": 0.1015625, "p": 79, "v": 81}, {"d": 0.0625, "p": 79, "v": 68}], "pos": -0.5, "size": 1.0, "_time": 114.28125}, {"$id": 582, "sounds": [{"d": 0.2109375, "p": 79, "v": 96}, {"d": 0.0078125, "p": 79, "v": 90}], "pos": -1.5, "size": 1.0, "_time": 114.375}, {"$id": 583, "sounds": [{"d": 0.2265625, "p": 86, "v": 100}, {"d": 0.2265625, "p": 86, "v": 65}], "pos": 1.5, "size": 1.0, "_time": 114.5625}, {"$id": 584, "sounds": [{"d": 0.8515625, "p": 84, "v": 83}, {"d": 0.7421875, "p": 84, "v": 108}], "pos": -0.5, "size": 1.0, "_time": 114.75}, {"$id": 585, "sounds": [{"d": 0.21875, "p": 92, "v": 73}, {"d": 0.21875, "p": 92, "v": 78}], "pos": 1.0, "size": 1.0, "_time": 116.4375}, {"$id": 586, "sounds": [{"d": 0.1875, "p": 91, "v": 70}, {"d": 0.1875, "p": 91, "v": 66}], "pos": -1.0, "size": 1.0, "_time": 116.625}, {"$id": 587, "sounds": [{"d": 0.2265625, "p": 89, "v": 67}, {"d": 0.2265625, "p": 89, "v": 63}], "pos": 1.0, "size": 1.0, "_time": 116.8125}, {"$id": 588, "sounds": [{"d": 0.7734375, "p": 91, "v": 78}, {"d": 0.7734375, "p": 91, "v": 58}], "pos": 2.0, "size": 1.0, "_time": 117.0}, {"$id": 589, "sounds": [{"d": 0.3671875, "p": 60, "v": 102}, {"d": 0.3671875, "p": 60, "v": 72}], "pos": -2.0, "size": 1.30000007, "_time": 117.0}, {"$id": 590, "sounds": [{"d": 0.1953125, "p": 63, "v": 72}, {"d": 0.1953125, "p": 63, "v": 72}], "pos": 1.0, "size": 1.30000007, "_time": 117.375}, {"$id": 591, "sounds": [{"d": 0.1875, "p": 62, "v": 75}, {"d": 0.1875, "p": 62, "v": 75}], "pos": -1.0, "size": 1.30000007, "_time": 117.5625}, {"$id": 592, "sounds": [{"d": 0.3671875, "p": 63, "v": 74}, {"d": 0.3671875, "p": 63, "v": 74}], "pos": 1.0, "size": 1.30000007, "_time": 117.75}, {"$id": 593, "sounds": [{"d": 0.375, "p": 55, "v": 67}, {"d": 0.375, "p": 55, "v": 90}], "size": 1.30000007, "_time": 118.125, "pos": 0}, {"$id": 594, "sounds": [{"d": 0.359375, "p": 60, "v": 70}, {"d": 0.359375, "p": 60, "v": 70}], "pos": -1.0, "size": 1.30000007, "_time": 118.5}, {"$id": 595, "sounds": [{"d": 0.15625, "p": 91, "v": 75}, {"d": 0.15625, "p": 91, "v": 89}], "pos": 2.0, "size": 1.0, "_time": 118.6875}, {"$id": 596, "sounds": [{"d": 0.359375, "p": 63, "v": 50}, {"d": 0.359375, "p": 63, "v": 50}], "pos": -2.0, "size": 1.30000007, "_time": 118.875}, {"$id": 597, "sounds": [{"d": 0.171875, "p": 89, "v": 56}, {"d": 0.171875, "p": 89, "v": 66}], "pos": 1.0, "size": 1.0, "_time": 118.875}, {"$id": 598, "sounds": [{"d": 0.1640625, "p": 87, "v": 38}, {"d": 0.1640625, "p": 87, "v": 45}], "size": 1.0, "_time": 119.0625, "pos": 0}, {"$id": 599, "sounds": [{"d": 0.859375, "p": 89, "v": 64}, {"d": 0.859375, "p": 89, "v": 75}], "pos": 1.0, "size": 1.0, "_time": 119.25}, {"$id": 600, "sounds": [{"d": 0.203125, "p": 62, "v": 95}, {"d": 0.1953125, "p": 62, "v": 36}], "pos": -1.0, "size": 1.30000007, "_time": 119.25}, {"$id": 601, "sounds": [{"d": 0.234375, "p": 63, "v": 68}, {"d": 0.203125, "p": 63, "v": 86}], "size": 1.30000007, "_time": 119.4375, "pos": 0}, {"$id": 602, "sounds": [{"d": 0.203125, "p": 65, "v": 96}, {"d": 0.1953125, "p": 65, "v": 78}], "pos": 1.0, "size": 1.30000007, "_time": 119.625}, {"$id": 603, "sounds": [{"d": 0.2109375, "p": 67, "v": 98}, {"d": 0.203125, "p": 67, "v": 80}], "pos": 2.0, "size": 1.30000007, "_time": 119.8125}, {"$id": 604, "sounds": [{"d": 0.234375, "p": 65, "v": 73}, {"d": 0.21875, "p": 65, "v": 96}], "pos": 1.0, "size": 1.30000007, "_time": 120.0}, {"$id": 605, "sounds": [{"d": 0.234375, "p": 63, "v": 47}, {"d": 0.203125, "p": 63, "v": 104}], "size": 1.30000007, "_time": 120.1875, "pos": 0}, {"$id": 606, "sounds": [{"d": 0.1796875, "p": 62, "v": 76}, {"d": 0.03125, "p": 62, "v": 101}], "pos": -1.0, "size": 1.30000007, "_time": 120.375}, {"$id": 607, "sounds": [{"d": 0.234375, "p": 60, "v": 66}, {"d": 0.1953125, "p": 60, "v": 91}], "pos": -2.0, "size": 1.30000007, "_time": 120.5625}, {"$id": 608, "sounds": [{"d": 0.3515625, "p": 62, "v": 69}, {"d": 0.359375, "p": 62, "v": 80}], "pos": -1.0, "size": 1.30000007, "_time": 120.75}, {"$id": 609, "sounds": [{"d": 0.234375, "p": 89, "v": 53}, {"d": 0.234375, "p": 89, "v": 65}], "pos": 0.5, "size": 1.0, "_time": 120.9375}, {"$id": 610, "sounds": [{"d": 0.1875, "p": 87, "v": 63}, {"d": 0.1875, "p": 87, "v": 74}], "pos": -0.5, "size": 1.0, "_time": 121.125}, {"$id": 611, "sounds": [{"d": 0.265625, "p": 86, "v": 67}, {"d": 0.265625, "p": 86, "v": 57}], "pos": -1.5, "size": 1.0, "_time": 121.3125}, {"$id": 612, "sounds": [{"d": 0.8671875, "p": 87, "v": 73}, {"d": 0.8671875, "p": 87, "v": 74}], "pos": -0.5, "size": 1.0, "_time": 121.5}, {"$id": 613, "sounds": [{"d": 0.15625, "p": 63, "v": 61}, {"d": 0.15625, "p": 63, "v": 43}], "pos": 0.5, "size": 1.30000007, "_time": 121.875}, {"$id": 614, "sounds": [{"d": 0.2109375, "p": 62, "v": 60}, {"d": 0.2109375, "p": 62, "v": 78}], "pos": -0.5, "size": 1.30000007, "_time": 122.0625}, {"$id": 615, "sounds": [{"d": 0.3984375, "p": 63, "v": 43}, {"d": 0.3984375, "p": 63, "v": 61}], "pos": 0.5, "size": 1.30000007, "_time": 122.25}, {"$id": 616, "sounds": [{"d": 0.375, "p": 55, "v": 67}, {"d": 0.375, "p": 55, "v": 66}], "size": 1.30000007, "_time": 122.625, "pos": 0}, {"$id": 617, "sounds": [{"d": 0.328125, "p": 67, "v": 54}, {"d": 0.328125, "p": 67, "v": 54}], "pos": -1.5, "size": 1.0, "_time": 123.0}, {"$id": 618, "sounds": [{"d": 0.3671875, "p": 74, "v": 56}, {"d": 0.3671875, "p": 79, "v": 80}], "pos": 1.5, "size": 1.0, "_time": 123.375}, {"$id": 619, "sounds": [{"d": 0.4140625, "p": 72, "v": 78}, {"d": 0.4140625, "p": 72, "v": 78}], "pos": -1.5, "size": 1.0, "_time": 123.75}, {"$id": 620, "sounds": [{"d": 0.359375, "p": 74, "v": 72}, {"d": 0.359375, "p": 74, "v": 72}], "pos": -0.5, "size": 1.0, "_time": 124.125}, {"$id": 621, "sounds": [{"d": 0.421875, "p": 75, "v": 57}, {"d": 0.421875, "p": 75, "v": 57}], "pos": 0.5, "size": 1.0, "_time": 124.5}, {"$id": 622, "sounds": [{"d": 0.078125, "p": 74, "v": 36}], "pos": -1.5, "size": 1.0, "_time": 125.0625}, {"$id": 623, "sounds": [{"d": 0.1171875, "p": 75, "v": 55}], "pos": 1.5, "size": 1.0, "_time": 125.15625}, {"$id": 624, "sounds": [{"d": 0.1875, "p": 74, "v": 74}], "pos": -1.5, "size": 1.0, "_time": 125.25}, {"$id": 625, "sounds": [{"d": 0.203125, "p": 72, "v": 66}], "pos": 0.5, "size": 1.0, "_time": 125.4375}, {"$id": 626, "sounds": [{"d": 0.40625, "p": 71, "v": 63}, {"d": 0.3046875, "p": 71, "v": 58}], "pos": -0.5, "size": 1.0, "_time": 125.625}, {"$id": 627, "sounds": [{"d": 4.41531372, "p": 72, "v": 83}, {"d": 4.41531372, "p": 72, "v": 83}], "pos": 1.5, "size": 1.30000007, "_time": 126.0}, {"$id": 628, "sounds": [{"d": 4.44136047, "p": 63, "v": 60}, {"d": 4.44136047, "p": 63, "v": 60}], "pos": -1.5, "size": 1.30000007, "_time": 126.0}, {"$id": 629, "sounds": [{"d": 0.41242218, "p": 79, "v": 63}, {"d": 0.4453125, "p": 79, "v": 41}, {"d": 0.4453125, "p": 79, "v": 42}], "pos": -1.0, "size": 1.30000007, "_time": 127.503906}, {"$id": 630, "sounds": [{"d": 0.42339325, "p": 84, "v": 85}, {"d": 0.414924622, "p": 84, "v": 28}, {"d": 0.414924622, "p": 84, "v": 31}], "pos": 1.0, "size": 1.30000007, "_time": 127.890625}, {"$id": 631, "sounds": [{"d": 0.43421936, "p": 79, "v": 53}, {"d": 0.442779541, "p": 79, "v": 72}, {"d": 0.43421936, "p": 79, "v": 46}], "pos": -1.0, "size": 1.30000007, "_time": 128.289063}, {"$id": 632, "sounds": [{"d": 0.40725708, "p": 84, "v": 18}, {"d": 0.40725708, "p": 84, "v": 27}], "pos": 1.0, "size": 1.30000007, "_time": 128.699219}, {"$id": 633, "sounds": [{"d": 1.3454895, "p": 79, "v": 24}, {"d": 1.3454895, "p": 79, "v": 11}], "pos": -1.0, "size": 1.30000007, "_time": 129.113281}], "links": [{"notes": [{"$ref": 290}, {"$ref": 291}, {"$ref": 293}]}, {"notes": [{"$ref": 247}, {"$ref": 248}, {"$ref": 249}]}, {"notes": [{"$ref": 240}, {"$ref": 241}, {"$ref": 242}, {"$ref": 243}]}, {"notes": [{"$ref": 250}, {"$ref": 251}, {"$ref": 252}, {"$ref": 253}, {"$ref": 254}, {"$ref": 255}]}, {"notes": [{"$ref": 282}, {"$ref": 283}, {"$ref": 285}]}, {"notes": [{"$ref": 298}, {"$ref": 299}, {"$ref": 300}]}, {"notes": [{"$ref": 340}, {"$ref": 341}, {"$ref": 342}, {"$ref": 343}, {"$ref": 344}, {"$ref": 345}]}, {"notes": [{"$ref": 411}, {"$ref": 412}]}, {"notes": [{"$ref": 469}, {"$ref": 472}, {"$ref": 473}]}, {"notes": [{"$ref": 476}, {"$ref": 477}, {"$ref": 478}, {"$ref": 479}]}, {"notes": [{"$ref": 480}, {"$ref": 481}, {"$ref": 482}, {"$ref": 483}, {"$ref": 484}, {"$ref": 485}, {"$ref": 486}, {"$ref": 487}, {"$ref": 488}]}, {"notes": [{"$ref": 470}, {"$ref": 471}, {"$ref": 474}]}, {"notes": [{"$ref": 510}, {"$ref": 511}, {"$ref": 512}, {"$ref": 513}, {"$ref": 514}, {"$ref": 515}, {"$ref": 516}, {"$ref": 517}, {"$ref": 518}]}, {"notes": [{"$ref": 533}, {"$ref": 534}, {"$ref": 535}, {"$ref": 536}]}, {"notes": [{"$ref": 539}, {"$ref": 540}, {"$ref": 541}, {"$ref": 542}, {"$ref": 543}]}, {"notes": [{"$ref": 544}, {"$ref": 545}, {"$ref": 546}]}, {"notes": [{"$ref": 549}, {"$ref": 551}, {"$ref": 553}, {"$ref": 555}, {"$ref": 557}, {"$ref": 559}, {"$ref": 561}, {"$ref": 563}, {"$ref": 565}]}, {"notes": [{"$ref": 580}, {"$ref": 581}, {"$ref": 582}]}, {"notes": [{"$ref": 45}, {"$ref": 46}, {"$ref": 47}]}, {"notes": [{"$ref": 550}, {"$ref": 552}, {"$ref": 554}, {"$ref": 556}, {"$ref": 558}, {"$ref": 560}, {"$ref": 562}, {"$ref": 564}, {"$ref": 566}]}, {"notes": [{"$ref": 127}, {"$ref": 128}, {"$ref": 130}, {"$ref": 131}, {"$ref": 133}, {"$ref": 134}]}, {"notes": [{"$ref": 136}, {"$ref": 137}, {"$ref": 139}]}, {"notes": [{"$ref": 151}, {"$ref": 152}, {"$ref": 154}, {"$ref": 156}, {"$ref": 158}]}, {"notes": [{"$ref": 385}, {"$ref": 386}, {"$ref": 388}, {"$ref": 389}, {"$ref": 391}, {"$ref": 393}, {"$ref": 394}, {"$ref": 395}]}, {"notes": [{"$ref": 495}, {"$ref": 496}, {"$ref": 497}, {"$ref": 498}, {"$ref": 499}, {"$ref": 500}, {"$ref": 501}, {"$ref": 502}, {"$ref": 503}]}, {"notes": [{"$ref": 600}, {"$ref": 601}, {"$ref": 602}, {"$ref": 603}, {"$ref": 604}, {"$ref": 605}, {"$ref": 606}, {"$ref": 607}, {"$ref": 608}]}]}