{"notes": [{"$id": 1, "_time": 0.94921875, "pos": 0.5, "size": 1.30000007}, {"$id": 2, "_time": 1.19140625, "pos": -0.5, "size": 1.30000007}, {"$id": 3, "_time": 1.4296875, "pos": -1.5, "size": 1.30000007}, {"$id": 4, "_time": 1.671875, "pos": -0.5, "size": 1.30000007}, {"$id": 5, "_time": 1.7890625, "pos": 0.5, "size": 1.30000007}, {"$id": 6, "_time": 2.03125, "pos": 1.5, "size": 1.30000007}, {"$id": 7, "_time": 2.26953125, "pos": 0.5, "size": 1.30000007}, {"$id": 8, "_time": 2.390625, "pos": -0.5, "size": 1.30000007}, {"$id": 9, "_time": 2.62890625, "pos": -1.5, "size": 1.30000007}, {"$id": 10, "_time": 2.87109375, "pos": 0.5, "size": 1.30000007}, {"$id": 11, "_time": 3.109375, "pos": -0.5, "size": 1.30000007}, {"$id": 12, "_time": 3.3515625, "pos": -1.5, "size": 1.30000007}, {"$id": 13, "_time": 3.58984375, "pos": -0.5, "size": 1.30000007}, {"$id": 14, "_time": 3.7109375, "pos": 0.5, "size": 1.30000007}, {"$id": 15, "_time": 3.94921875, "pos": 1.5, "size": 1.30000007}, {"$id": 16, "_time": 4.19140625, "pos": 0.5, "size": 1.30000007}, {"$id": 17, "_time": 4.30859375, "pos": -0.5, "size": 1.30000007}, {"$id": 18, "_time": 4.55078125, "pos": -1.5, "size": 1.30000007}, {"$id": 19, "_time": 4.7890625, "pos": 0.5, "size": 1.30000007}, {"$id": 20, "_time": 5.03125, "pos": -0.5, "size": 1.30000007}, {"$id": 21, "_time": 5.26953125, "pos": -1.5, "size": 1.30000007}, {"$id": 22, "_time": 5.51171875, "pos": -0.5, "size": 1.30000007}, {"$id": 23, "_time": 5.62890625, "pos": 0.5, "size": 1.30000007}, {"$id": 24, "_time": 5.87109375, "pos": 1.5, "size": 1.30000007}, {"$id": 25, "_time": 6.109375, "pos": 0.5, "size": 1.30000007}, {"$id": 26, "_time": 6.23046875, "pos": -0.5, "size": 1.30000007}, {"$id": 27, "_time": 6.46875, "pos": -1.5, "size": 1.30000007}, {"$id": 28, "_time": 6.7109375, "pos": -0.5, "size": 1.60000014}, {"$id": 29, "_time": 6.7109375, "pos": 1.5, "size": 1.60000014}, {"$id": 30, "_time": 7.0703125, "pos": -1.5, "size": 1.60000014}, {"$id": 31, "_time": 7.0703125, "pos": 0.5, "size": 1.60000014}, {"$id": 32, "_time": 7.4296875, "pos": -0.5, "size": 1.60000014}, {"$id": 33, "_time": 7.4296875, "pos": 1.5, "size": 1.60000014}, {"$id": 34, "_time": 7.7890625, "pos": -1.5, "size": 1.60000014}, {"$id": 35, "_time": 7.7890625, "pos": 0.5, "size": 1.60000014}, {"$id": 36, "_time": 8.1484375, "pos": -0.5, "size": 1.30000007}, {"$id": 37, "_time": 8.390625, "pos": 0.5, "size": 1.30000007}, {"$id": 38, "_time": 8.628906, "pos": 1.5, "size": 1.30000007}, {"$id": 39, "_time": 8.871094, "pos": -1.5, "size": 1.30000007}, {"$id": 40, "_time": 8.9921875, "pos": 0.5, "size": 1.30000007}, {"$id": 41, "_time": 9.3515625, "pos": -0.5, "size": 1.30000007}, {"$id": 42, "_time": 9.7109375, "pos": 0.5, "size": 1.30000007}, {"$id": 43, "_time": 10.0703125, "pos": -0.5, "size": 1.30000007}, {"$id": 44, "_time": 10.1875, "pos": 1.5, "size": 1.30000007}, {"$id": 45, "_time": 10.5507813, "pos": 1.5, "size": 1.30000007}, {"$id": 46, "_time": 10.7890625, "pos": -1.5, "size": 1.30000007}, {"$id": 47, "_time": 10.9140625, "pos": 0.5, "size": 1.30000007}, {"$id": 48, "_time": 11.2695313, "pos": -0.5, "size": 1.30000007}, {"$id": 49, "_time": 11.6289063, "pos": 0.5, "size": 1.30000007}, {"$id": 50, "_time": 12.46875, "pos": 1.5, "size": 1.30000007}, {"$id": 51, "_time": 12.7109375, "pos": -1.5, "size": 1.30000007}, {"$id": 52, "_time": 12.8320313, "pos": 0.5, "size": 1.30000007}, {"$id": 53, "_time": 13.1914063, "pos": -0.5, "size": 1.30000007}, {"$id": 54, "_time": 13.5507813, "pos": 0.5, "size": 1.30000007}, {"$id": 55, "_time": 13.9101563, "pos": -0.5, "size": 1.30000007}, {"$id": 56, "_time": 14.03125, "pos": 1.5, "size": 1.30000007}, {"$id": 57, "_time": 14.390625, "pos": 0.5, "size": 1.60000014}, {"$id": 58, "_time": 14.390625, "pos": -1.5, "size": 1.60000014}, {"$id": 59, "_time": 14.7539063, "pos": 1.5, "size": 1.60000014}, {"$id": 60, "_time": 14.7539063, "pos": -0.5, "size": 1.60000014}, {"$id": 61, "_time": 15.1171875, "pos": 0.5, "size": 1.60000014}, {"$id": 62, "_time": 15.1171875, "pos": -1.5, "size": 1.60000014}, {"$id": 63, "_time": 15.4804688, "pos": 1.5, "size": 1.60000014}, {"$id": 64, "_time": 15.4804688, "pos": -0.5, "size": 1.60000014}, {"$id": 65, "_time": 15.84375, "pos": 0.5, "size": 1.60000014}, {"$id": 66, "_time": 15.84375, "pos": -1.5, "size": 1.60000014}, {"$id": 67, "_time": 16.3085938, "sounds": [{"p": 82, "d": 0.24499321, "v": 102}, {"p": 70, "d": 0.254991531, "w": 0.05078125, "v": 100}], "size": 1.0, "pos": 0}, {"$id": 68, "_time": 16.5507813, "sounds": [{"p": 81, "d": 0.2499981, "v": 121}, {"p": 69, "d": 0.214998245, "w": 0.05078125, "v": 107}], "pos": -1.0, "size": 1.0}, {"$id": 69, "_time": 16.7890625, "sounds": [{"p": 82, "d": 0.2599964, "v": 102}, {"p": 70, "d": 0.2199974, "w": 0.05078125, "v": 107}], "size": 1.0, "pos": 0}, {"$id": 70, "_time": 17.03125, "sounds": [{"p": 77, "d": 0.194997787, "v": 107}, {"p": 65, "d": 0.13999939, "w": 0.046875, "v": 102}], "pos": -1.0, "size": 1.0}, {"$id": 71, "_time": 17.2695313, "sounds": [{"p": 94, "d": 0.125, "v": 70}, {"p": 82, "d": 0.129999161, "w": 0.06640625, "v": 75}], "pos": 2.0, "size": 1.0}, {"$id": 72, "_time": 17.5117188, "sounds": [{"p": 93, "d": 0.159999847, "v": 107}, {"p": 81, "d": 0.114999771, "w": 0.0625, "v": 74}], "pos": 1.0, "size": 1.0}, {"$id": 73, "_time": 17.75, "sounds": [{"p": 94, "d": 0.155000687, "v": 71}, {"p": 82, "d": 0.114999771, "w": 0.06640625, "v": 79}], "pos": 2.0, "size": 1.0}, {"$id": 74, "_time": 17.9882813, "sounds": [{"p": 89, "d": 0.154998779, "v": 79}, {"p": 77, "d": 0.14499855, "w": 0.06640625, "v": 82}], "pos": 1.0, "size": 1.0}, {"$id": 75, "_time": 18.2304688, "sounds": [{"p": 82, "d": 0.125, "v": 96}, {"p": 70, "d": 0.119998932, "w": 0.06640625, "v": 92}], "pos": -0.5, "size": 1.0}, {"$id": 76, "_time": 18.46875, "sounds": [{"p": 81, "d": 0.10500145, "v": 121}, {"p": 69, "d": 0.11000061, "w": 0.06640625, "v": 111}], "pos": -1.5, "size": 1.0}, {"$id": 77, "_time": 18.7109375, "sounds": [{"p": 82, "d": 0.1099987, "v": 102}, {"p": 70, "d": 0.120000839, "w": 0.0625, "v": 102}], "pos": -0.5, "size": 1.0}, {"$id": 78, "_time": 18.9492188, "sounds": [{"p": 75, "d": 0.164999008, "v": 111}, {"p": 63, "d": 0.175001144, "w": 0.06640625, "v": 84}], "pos": -1.5, "size": 1.0}, {"$id": 79, "_time": 19.1914063, "sounds": [{"p": 94, "d": 0.159999847, "v": 76}, {"p": 82, "d": 0.13999939, "w": 0.0546875, "v": 78}], "pos": 1.5, "size": 1.0}, {"$id": 80, "_time": 19.4296875, "sounds": [{"p": 93, "d": 0.159999847, "v": 86}, {"p": 81, "d": 0.135000229, "w": 0.0546875, "v": 67}], "pos": 0.5, "size": 1.0}, {"$id": 81, "_time": 19.671875, "sounds": [{"p": 94, "d": 0.155000687, "v": 75}, {"p": 82, "d": 0.114999771, "w": 0.0546875, "v": 88}], "pos": 1.5, "size": 1.0}, {"$id": 82, "_time": 19.9101563, "sounds": [{"p": 87, "d": 0.219999313, "v": 96}, {"p": 75, "d": 0.129999161, "w": 0.05078125, "v": 79}], "pos": 0.5, "size": 1.0}, {"$id": 83, "_time": 20.1484375, "sounds": [{"p": 79, "d": 0.124998093, "v": 96}, {"p": 67, "d": 0.125, "w": 0.06640625, "v": 78}], "pos": -1.0, "size": 1.0}, {"$id": 84, "_time": 20.390625, "sounds": [{"p": 78, "d": 0.149999619, "v": 121}, {"p": 66, "d": 0.114999771, "w": 0.0625, "v": 111}], "pos": -2.0, "size": 1.0}, {"$id": 85, "_time": 20.6289063, "sounds": [{"p": 79, "d": 0.135000229, "v": 107}, {"p": 67, "d": 0.0999984741, "w": 0.06640625, "v": 96}], "pos": -1.0, "size": 1.0}, {"$id": 86, "_time": 20.8710938, "sounds": [{"p": 72, "d": 0.149999619, "v": 102}, {"p": 60, "d": 0.135000229, "w": 0.0625, "v": 92}], "pos": -2.0, "size": 1.0}, {"$id": 87, "_time": 21.109375, "sounds": [{"p": 91, "d": 0.154998779, "v": 92}, {"p": 79, "d": 0.154998779, "w": 0.0703125, "v": 79}], "pos": 1.0, "size": 1.0}, {"$id": 88, "_time": 21.3515625, "sounds": [{"p": 90, "d": 0.170000076, "v": 102}, {"p": 78, "d": 0.120000839, "w": 0.0703125, "v": 79}], "size": 1.0, "pos": 0}, {"$id": 89, "_time": 21.5898438, "sounds": [{"p": 91, "d": 0.154998779, "v": 92}, {"p": 79, "d": 0.1099987, "w": 0.0703125, "v": 107}], "pos": 1.0, "size": 1.0}, {"$id": 90, "_time": 21.828125, "sounds": [{"p": 84, "d": 0.170000076, "v": 84}, {"p": 72, "d": 0.11000061, "w": 0.0703125, "v": 82}], "size": 1.0, "pos": 0}, {"$id": 91, "_time": 22.0703125, "sounds": [{"p": 86, "d": 0.150001526, "v": 73}, {"p": 74, "d": 0.150001526, "w": 0.04296875, "v": 65}], "pos": -2.0, "size": 1.0}, {"$id": 92, "_time": 22.1914063, "sounds": [{"p": 85, "d": 0.130001068, "v": 73}, {"p": 73, "d": 0.130001068, "w": 0.04296875, "v": 67}], "pos": -1.0, "size": 1.0}, {"$id": 93, "_time": 22.3085938, "sounds": [{"p": 86, "d": 0.150001526, "v": 75}, {"p": 74, "d": 0.150001526, "w": 0.046875, "v": 74}], "size": 1.0, "pos": 0}, {"$id": 94, "_time": 22.4296875, "sounds": [{"p": 87, "d": 0.125, "v": 79}, {"p": 75, "d": 0.125, "w": 0.046875, "v": 74}], "pos": 1.0, "size": 1.0}, {"$id": 95, "_time": 22.5507813, "sounds": [{"p": 88, "d": 0.114999771, "v": 81}, {"p": 76, "d": 0.114999771, "w": 0.04296875, "v": 73}], "size": 1.0, "pos": 0}, {"$id": 96, "_time": 22.671875, "sounds": [{"p": 87, "d": 0.150001526, "v": 85}, {"p": 75, "d": 0.150001526, "w": 0.04296875, "v": 72}], "pos": -1.0, "size": 1.0}, {"$id": 97, "_time": 22.7890625, "sounds": [{"p": 88, "d": 0.10500145, "v": 86}, {"p": 76, "d": 0.10500145, "w": 0.046875, "v": 78}], "size": 1.0, "pos": 0}, {"$id": 98, "_time": 22.9101563, "sounds": [{"p": 89, "d": 0.120000839, "v": 87}, {"p": 77, "d": 0.120000839, "w": 0.04296875, "v": 70}], "pos": 1.0, "size": 1.0}, {"$id": 99, "_time": 23.03125, "sounds": [{"p": 90, "d": 0.11000061, "v": 89}, {"p": 78, "d": 0.11000061, "w": 0.04296875, "v": 78}], "pos": 2.0, "size": 1.0}, {"$id": 100, "_time": 23.1484375, "sounds": [{"p": 89, "d": 0.125, "v": 91}, {"p": 77, "d": 0.125, "w": 0.046875, "v": 68}], "pos": 1.0, "size": 1.0}, {"$id": 101, "_time": 23.2695313, "sounds": [{"p": 88, "d": 0.0999984741, "v": 92}, {"p": 76, "d": 0.0999984741, "w": 0.046875, "v": 88}], "size": 1.0, "pos": 0}, {"$id": 102, "_time": 23.390625, "sounds": [{"p": 89, "d": 0.135000229, "v": 95}, {"p": 77, "d": 0.135000229, "w": 0.04296875, "v": 68}], "pos": -1.0, "size": 1.0}, {"$id": 103, "_time": 23.5117188, "sounds": [{"p": 90, "d": 0.119998932, "v": 96}, {"p": 78, "d": 0.119998932, "w": 0.04296875, "v": 76}], "pos": -2.0, "size": 1.0}, {"$id": 104, "_time": 23.6289063, "sounds": [{"p": 91, "d": 0.155000687, "v": 101}, {"p": 79, "d": 0.155000687, "w": 0.046875, "v": 82}], "pos": -1.0, "size": 1.0}, {"$id": 105, "_time": 23.75, "sounds": [{"p": 92, "d": 0.120000839, "v": 111}, {"p": 80, "d": 0.120000839, "w": 0.046875, "v": 74}], "size": 1.0, "pos": 0}, {"$id": 106, "_time": 23.8710938, "sounds": [{"p": 93, "d": 0.11000061, "v": 122}, {"p": 81, "d": 0.11000061, "w": 0.04296875, "v": 84}], "pos": 1.0, "size": 1.0}, {"$id": 107, "_time": 23.9882813, "sounds": [{"p": 82, "d": 0.124998093, "v": 102}, {"p": 70, "d": 0.1349945, "w": 0.0625, "v": 100}], "pos": 2.0, "size": 1.0}, {"$id": 108, "_time": 24.2304688, "sounds": [{"p": 81, "d": 0.129999161, "v": 121}, {"p": 69, "d": 0.100000381, "w": 0.05859375, "v": 107}], "pos": -2.0, "size": 1.0}, {"$id": 109, "_time": 24.46875, "sounds": [{"p": 82, "d": 0.14499855, "v": 102}, {"p": 70, "d": 0.104999542, "w": 0.0625, "v": 107}], "pos": -1.0, "size": 1.0}, {"$id": 110, "_time": 24.7109375, "sounds": [{"p": 77, "d": 0.1949997, "v": 107}, {"p": 65, "d": 0.13999939, "w": 0.05859375, "v": 102}], "pos": -2.0, "size": 1.0}, {"$id": 111, "_time": 24.9492188, "sounds": [{"p": 94, "d": 0.125, "v": 70}, {"p": 82, "d": 0.125, "w": 0.07421875, "v": 75}], "pos": 1.0, "size": 1.0}, {"$id": 112, "_time": 25.1914063, "sounds": [{"p": 93, "d": 0.159999847, "v": 107}, {"p": 81, "d": 0.114999771, "w": 0.07421875, "v": 74}], "size": 1.0, "pos": 0}, {"$id": 113, "_time": 25.4296875, "sounds": [{"p": 94, "d": 0.155000687, "v": 71}, {"p": 82, "d": 0.11000061, "w": 0.07421875, "v": 79}], "pos": 1.0, "size": 1.0}, {"$id": 114, "_time": 25.671875, "sounds": [{"p": 89, "d": 0.155000687, "v": 79}, {"p": 77, "d": 0.13999939, "w": 0.07421875, "v": 82}], "size": 1.0, "pos": 0}, {"$id": 115, "_time": 25.9101563, "sounds": [{"p": 84, "d": 0.125, "v": 96}, {"p": 72, "d": 0.114999771, "w": 0.078125, "v": 92}], "pos": -0.5, "size": 1.0}, {"$id": 116, "_time": 26.1484375, "sounds": [{"p": 82, "d": 0.135000229, "v": 121}, {"p": 70, "d": 0.11000061, "w": 0.08203125, "v": 111}], "pos": -1.5, "size": 1.0}, {"$id": 117, "_time": 26.390625, "sounds": [{"p": 84, "d": 0.139997482, "v": 102}, {"p": 72, "d": 0.114999771, "w": 0.078125, "v": 102}], "pos": -0.5, "size": 1.0}, {"$id": 118, "_time": 26.6289063, "sounds": [{"p": 75, "d": 0.164999008, "v": 111}, {"p": 63, "d": 0.170000076, "w": 0.08203125, "v": 84}], "pos": -1.5, "size": 1.0}, {"$id": 119, "_time": 26.8710938, "sounds": [{"p": 96, "d": 0.159999847, "v": 76}, {"p": 84, "d": 0.135000229, "w": 0.0703125, "v": 78}], "pos": 1.5, "size": 1.0}, {"$id": 120, "_time": 27.109375, "sounds": [{"p": 94, "d": 0.159999847, "v": 86}, {"p": 82, "d": 0.130001068, "w": 0.0703125, "v": 67}], "pos": 0.5, "size": 1.0}, {"$id": 121, "_time": 27.3515625, "sounds": [{"p": 96, "d": 0.154998779, "v": 75}, {"p": 84, "d": 0.114999771, "w": 0.0703125, "v": 88}], "pos": 1.5, "size": 1.0}, {"$id": 122, "_time": 27.5898438, "sounds": [{"p": 87, "d": 0.219999313, "v": 96}, {"p": 75, "d": 0.129999161, "w": 0.0703125, "v": 79}], "pos": 0.5, "size": 1.0}, {"$id": 123, "_time": 27.828125, "sounds": [{"p": 86, "d": 0.124998093, "v": 96}, {"p": 74, "d": 0.125, "w": 0.0703125, "v": 78}], "size": 1.0, "pos": 0}, {"$id": 124, "_time": 28.0703125, "sounds": [{"p": 85, "d": 0.149999619, "v": 121}, {"p": 73, "d": 0.120000839, "w": 0.0703125, "v": 111}], "pos": -1.0, "size": 1.0}, {"$id": 125, "_time": 28.3085938, "sounds": [{"p": 86, "d": 0.135000229, "v": 107}, {"p": 74, "d": 0.10500145, "w": 0.0703125, "v": 96}], "size": 1.0, "pos": 0}, {"$id": 126, "_time": 28.5507813, "sounds": [{"p": 79, "d": 0.150001526, "v": 102}, {"p": 67, "d": 0.135000229, "w": 0.0703125, "v": 92}], "pos": -1.0, "size": 1.0}, {"$id": 127, "_time": 28.7890625, "sounds": [{"p": 98, "d": 0.155000687, "v": 92}, {"p": 86, "d": 0.150001526, "w": 0.06640625, "v": 79}], "pos": 2.0, "size": 1.0}, {"$id": 128, "_time": 29.03125, "sounds": [{"p": 97, "d": 0.170000076, "v": 102}, {"p": 85, "d": 0.119998932, "w": 0.0625, "v": 79}], "pos": 1.0, "size": 1.0}, {"$id": 129, "_time": 29.2695313, "sounds": [{"p": 98, "d": 0.155000687, "v": 92}, {"p": 86, "d": 0.11000061, "w": 0.06640625, "v": 107}], "pos": 2.0, "size": 1.0}, {"$id": 130, "_time": 29.5117188, "sounds": [{"p": 91, "d": 0.170000076, "v": 84}, {"p": 79, "d": 0.1099987, "w": 0.0625, "v": 82}], "pos": 1.0, "size": 1.0}, {"$id": 131, "_time": 29.75, "sounds": [{"p": 87, "d": 0.09000015, "v": 113}], "pos": 1.5, "size": 1.0}, {"$id": 132, "_time": 29.7890625, "sounds": [{"p": 75, "d": 0.07999992, "v": 109}], "pos": -1.5, "size": 1.0}, {"$id": 133, "_time": 30.1054688, "sounds": [{"p": 87, "d": 0.0849990845, "v": 102}], "pos": 1.5, "size": 1.0}, {"$id": 134, "_time": 30.1289063, "sounds": [{"p": 75, "d": 0.0849990845, "v": 113}], "pos": -1.5, "size": 1.0}, {"$id": 135, "_time": 30.46875, "sounds": [{"p": 86, "d": 0.715000153, "v": 79}], "pos": 1.5, "size": 1.0}, {"$id": 136, "_time": 30.484375, "sounds": [{"p": 74, "d": 0.6700001, "v": 117}], "pos": -1.5, "size": 1.0}, {"$id": 137, "_time": 31.7890625, "sounds": [{"p": 55, "d": 0.1800003, "v": 60}], "pos": -1.5, "size": 1.0}, {"$id": 138, "_time": 31.9101563, "sounds": [{"p": 62, "d": 0.1400013, "v": 42}], "pos": -0.5, "size": 1.0}, {"$id": 139, "_time": 32.03125, "sounds": [{"p": 67, "d": 0.189998627, "v": 64}], "size": 1.0, "pos": 0}, {"$id": 140, "_time": 32.1484375, "sounds": [{"p": 70, "d": 0.1649971, "v": 72}], "pos": 0.5, "size": 1.0}, {"$id": 141, "_time": 32.26953, "sounds": [{"p": 55, "d": 0.449996948, "v": 60}], "pos": -0.5, "size": 1.0}, {"$id": 142, "_time": 32.390625, "sounds": [{"p": 62, "d": 0.314998627, "v": 48}], "pos": 0.5, "size": 1.0}, {"$id": 143, "_time": 32.51172, "sounds": [{"p": 67, "d": 0.2899971, "v": 52}], "pos": 1.0, "size": 1.0}, {"$id": 144, "_time": 32.6289063, "sounds": [{"p": 70, "d": 0.17999649, "v": 48}], "pos": 1.5, "size": 1.0}, {"$id": 145, "_time": 32.75, "sounds": [{"p": 62, "d": 0.154998779, "v": 48}], "pos": -1.5, "size": 1.0}, {"$id": 146, "_time": 32.8710938, "sounds": [{"p": 67, "d": 0.5499954, "v": 40}], "pos": -1.0, "size": 1.0}, {"$id": 147, "_time": 32.98828, "sounds": [{"p": 70, "d": 0.189998627, "v": 50}], "pos": -0.5, "size": 1.0}, {"$id": 148, "_time": 33.109375, "sounds": [{"p": 74, "d": 0.209999084, "v": 49}], "size": 1.0, "pos": 0}, {"$id": 149, "_time": 33.234375, "sounds": [{"p": 79, "d": 0.17999649, "v": 29}], "pos": 0.5, "size": 1.0}, {"$id": 150, "_time": 33.3515625, "sounds": [{"p": 82, "d": 0.294998169, "v": 44}], "pos": 1.0, "size": 1.0}, {"$id": 151, "_time": 33.46875, "sounds": [{"p": 86, "d": 0.189998627, "v": 42}], "pos": 1.5, "size": 1.0}, {"$id": 152, "_time": 33.5898438, "sounds": [{"p": 91, "d": 0.244998932, "v": 58}], "pos": 2.0, "size": 1.0}, {"$id": 153, "_time": 33.7109375, "sounds": [{"p": 86, "d": 0.2800026, "v": 56}], "pos": 0.5, "size": 1.0}, {"$id": 154, "_time": 33.828125, "sounds": [{"p": 87, "d": 0.190002441, "v": 57}], "pos": 1.5, "size": 1.0}, {"$id": 155, "_time": 33.94922, "sounds": [{"p": 84, "d": 0.189998627, "v": 63}], "size": 1.0, "pos": 0}, {"$id": 156, "_time": 34.0703125, "sounds": [{"p": 86, "d": 0.189998627, "v": 45}], "pos": 1.0, "size": 1.0}, {"$id": 157, "_time": 34.1914063, "sounds": [{"p": 81, "d": 0.189998627, "v": 69}], "pos": -0.5, "size": 1.0}, {"$id": 158, "_time": 34.3085938, "sounds": [{"p": 82, "d": 0.189998627, "v": 50}], "pos": 0.5, "size": 1.0}, {"$id": 159, "_time": 34.4296875, "sounds": [{"p": 78, "d": 0.189998627, "v": 57}], "pos": -1.0, "size": 1.0}, {"$id": 160, "_time": 34.55078, "sounds": [{"p": 79, "d": 0.189998627, "v": 59}], "pos": 1.0, "size": 1.0}, {"$id": 161, "_time": 34.671875, "sounds": [{"p": 74, "d": 0.189998627, "v": 50}], "pos": -0.5, "size": 1.0}, {"$id": 162, "_time": 34.7890625, "sounds": [{"p": 75, "d": 0.189998627, "v": 78}], "pos": 0.5, "size": 1.0}, {"$id": 163, "_time": 34.9101563, "sounds": [{"p": 72, "d": 0.189998627, "v": 61}], "pos": -1.0, "size": 1.0}, {"$id": 164, "_time": 35.03125, "sounds": [{"p": 74, "d": 0.189998627, "v": 64}], "size": 1.0, "pos": 0}, {"$id": 165, "_time": 35.1484375, "sounds": [{"p": 69, "d": 0.129997253, "v": 68}], "pos": -1.5, "size": 1.0}, {"$id": 166, "_time": 35.26953, "sounds": [{"p": 70, "d": 0.134998322, "v": 64}], "pos": -0.5, "size": 1.0}, {"$id": 167, "_time": 35.390625, "sounds": [{"p": 66, "d": 0.145000458, "v": 64}], "pos": -2.0, "size": 1.0}, {"$id": 168, "_time": 35.5234375, "pos": 0.5, "size": 1.30000007}, {"$id": 169, "_time": 35.76172, "pos": 0.5, "size": 1.30000007}, {"$id": 170, "_time": 36.0, "pos": 0.5, "size": 1.30000007}, {"$id": 171, "_time": 36.23047, "pos": 0.5, "size": 1.30000007}, {"$id": 172, "_time": 36.46875, "pos": 0.5, "size": 1.30000007}, {"$id": 173, "_time": 36.7109375, "pos": 0.5, "size": 1.30000007}, {"$id": 174, "_time": 36.94922, "pos": 0.5, "size": 1.30000007}, {"$id": 175, "_time": 37.1914063, "pos": -0.5, "size": 1.30000007}, {"$id": 176, "_time": 37.4296875, "pos": -0.5, "size": 1.30000007}, {"$id": 177, "_time": 37.671875, "pos": -0.5, "size": 1.30000007}, {"$id": 178, "_time": 37.90625, "pos": -0.5, "size": 1.30000007}, {"$id": 179, "_time": 38.1484375, "pos": -0.5, "size": 1.30000007}, {"$id": 180, "_time": 38.38672, "pos": -0.5, "size": 1.30000007}, {"$id": 181, "_time": 38.6289063, "pos": -0.5, "size": 1.30000007}, {"$id": 182, "_time": 38.8671875, "pos": -0.5, "size": 1.30000007}, {"$id": 183, "_time": 39.109375, "pos": -0.5, "size": 1.30000007}, {"$id": 184, "_time": 39.3476563, "pos": -1.5, "size": 1.30000007}, {"$id": 185, "_time": 39.5859375, "pos": -1.5, "size": 1.30000007}, {"$id": 186, "_time": 39.83203, "pos": -1.5, "size": 1.30000007}, {"$id": 187, "_time": 40.07422, "pos": -1.5, "size": 1.30000007}, {"$id": 188, "_time": 40.3164063, "pos": -1.5, "size": 1.30000007}, {"$id": 189, "_time": 40.55078, "pos": -1.5, "size": 1.30000007}, {"$id": 190, "_time": 40.7890625, "pos": -1.5, "size": 1.30000007}, {"$id": 191, "_time": 41.03125, "pos": 0.5, "size": 1.30000007}, {"$id": 192, "_time": 41.26953, "pos": 0.5, "size": 1.30000007}, {"$id": 193, "_time": 41.5078125, "pos": 0.5, "size": 1.30000007}, {"$id": 194, "_time": 41.75, "pos": 0.5, "size": 1.30000007}, {"$id": 195, "_time": 41.98828, "pos": 0.5, "size": 1.30000007}, {"$id": 196, "_time": 42.23047, "pos": 0.5, "size": 1.30000007}, {"$id": 197, "_time": 42.46875, "pos": 0.5, "size": 1.30000007}, {"$id": 198, "_time": 42.7109375, "pos": 0.5, "size": 1.30000007}, {"$id": 199, "_time": 42.83203, "pos": 1.5, "size": 1.30000007}, {"$id": 200, "_time": 42.94922, "pos": -0.5, "size": 1.30000007}, {"$id": 201, "_time": 43.07422, "pos": 0.5, "size": 1.30000007}, {"$id": 202, "_time": 43.1914063, "pos": -0.5, "size": 1.30000007}, {"$id": 203, "_time": 43.4296875, "pos": -0.5, "size": 1.30000007}, {"$id": 204, "_time": 43.7890625, "pos": -0.5, "size": 1.30000007}, {"$id": 205, "_time": 44.03125, "pos": -0.5, "size": 1.30000007}, {"$id": 206, "_time": 44.26953, "pos": -0.5, "size": 1.30000007}, {"$id": 207, "_time": 44.51172, "pos": -0.5, "size": 1.30000007}, {"$id": 208, "_time": 44.6289063, "pos": 1.5, "size": 1.30000007}, {"$id": 209, "_time": 44.6289063, "pos": -1.5, "size": 1.30000007}, {"$id": 210, "_time": 45.109375, "pos": 0.5, "size": 1.30000007}, {"$id": 211, "_time": 45.3515625, "pos": 0.5, "size": 1.30000007}, {"$id": 212, "_time": 45.7109375, "pos": 0.5, "size": 1.30000007}, {"$id": 213, "_time": 45.94922, "pos": 0.5, "size": 1.30000007}, {"$id": 214, "_time": 46.1914063, "pos": 0.5, "size": 1.30000007}, {"$id": 215, "_time": 46.4296875, "pos": 0.5, "size": 1.30000007}, {"$id": 216, "_time": 46.55078, "pos": -1.5, "size": 1.30000007}, {"$id": 217, "_time": 46.55078, "pos": 1.5, "size": 1.30000007}, {"$id": 218, "_time": 46.7890625, "pos": -0.5, "size": 1.30000007}, {"$id": 219, "_time": 46.9101563, "pos": 0.5, "size": 1.30000007}, {"$id": 220, "_time": 47.03125, "pos": -0.5, "size": 1.30000007}, {"$id": 221, "_time": 47.26953, "pos": -0.5, "size": 1.30000007}, {"$id": 222, "_time": 47.6289063, "pos": -0.5, "size": 1.30000007}, {"$id": 223, "_time": 47.8710938, "pos": -0.5, "size": 1.30000007}, {"$id": 224, "_time": 48.109375, "pos": -0.5, "size": 1.30000007}, {"$id": 225, "_time": 48.3515625, "pos": -0.5, "size": 1.30000007}, {"$id": 226, "_time": 48.46875, "pos": 1.5, "size": 1.30000007}, {"$id": 227, "_time": 48.46875, "pos": -1.5, "size": 1.30000007}, {"$id": 228, "_time": 48.94922, "pos": 0.5, "size": 1.30000007}, {"$id": 229, "_time": 49.1914063, "pos": 0.5, "size": 1.30000007}, {"$id": 230, "_time": 49.55078, "pos": 0.5, "size": 1.30000007}, {"$id": 231, "_time": 49.7890625, "pos": 0.5, "size": 1.30000007}, {"$id": 232, "_time": 50.03125, "pos": 0.5, "size": 1.30000007}, {"$id": 233, "_time": 50.26953, "pos": -0.5, "size": 1.30000007}, {"$id": 234, "_time": 50.51172, "pos": -0.5, "size": 1.30000007}, {"$id": 235, "_time": 50.8710938, "sounds": [{"p": 86, "d": 0.149997711, "v": 108}, {"p": 74, "d": 0.130001068, "w": 0.09765625, "v": 61}], "pos": 1.0, "size": 1.0}, {"$id": 236, "_time": 51.109375, "sounds": [{"p": 85, "d": 0.145000458, "v": 92}, {"p": 73, "d": 0.0850029, "w": 0.12109375, "v": 59}], "size": 1.0, "pos": 0}, {"$id": 237, "_time": 51.3515625, "sounds": [{"p": 86, "d": 0.1949997, "v": 111}, {"p": 74, "d": 0.119995117, "w": 0.12890625, "v": 78}], "pos": 1.0, "size": 1.0}, {"$id": 238, "_time": 51.5898438, "sounds": [{"p": 81, "d": 0.239997864, "v": 101}, {"p": 69, "d": 0.23500061, "w": 0.12109375, "v": 73}], "size": 1.0, "pos": 0}, {"$id": 239, "_time": 51.828125, "sounds": [{"p": 74, "d": 0.150001526, "v": 106}, {"p": 62, "d": 0.125, "w": 0.12109375, "v": 79}], "pos": -1.0, "size": 1.0}, {"$id": 240, "_time": 52.0703125, "sounds": [{"p": 73, "d": 0.130001068, "v": 102}, {"p": 61, "d": 0.09500122, "w": 0.10546875, "v": 84}], "pos": -2.0, "size": 1.0}, {"$id": 241, "_time": 52.3085938, "sounds": [{"p": 74, "d": 0.19500351, "v": 98}, {"p": 62, "d": 0.125, "w": 0.140625, "v": 76}], "pos": -1.0, "size": 1.0}, {"$id": 242, "_time": 52.55078, "sounds": [{"p": 69, "d": 0.450000763, "v": 103}, {"p": 57, "d": 0.3199997, "w": 0.12109375, "v": 92}], "pos": -2.0, "size": 1.0}, {"$id": 243, "_time": 52.7890625, "sounds": [{"p": 88, "d": 0.145000458, "v": 114}, {"p": 76, "d": 0.109996796, "w": 0.109375, "v": 89}], "pos": 2.0, "size": 1.0}, {"$id": 244, "_time": 53.03125, "sounds": [{"p": 86, "d": 0.129997253, "v": 114}, {"p": 74, "d": 0.119998932, "w": 0.08203125, "v": 87}], "pos": 1.0, "size": 1.0}, {"$id": 245, "_time": 53.26953, "sounds": [{"p": 88, "d": 0.134998322, "v": 114}, {"p": 76, "d": 0.0849990845, "w": 0.0859375, "v": 73}], "pos": 2.0, "size": 1.0}, {"$id": 246, "_time": 53.51172, "sounds": [{"p": 81, "d": 0.165000916, "v": 108}, {"p": 69, "d": 0.145000458, "w": 0.078125, "v": 82}], "pos": 1.0, "size": 1.0}, {"$id": 247, "_time": 53.75, "sounds": [{"p": 76, "d": 0.135002136, "v": 117}, {"p": 64, "d": 0.0849990845, "w": 0.09375, "v": 85}], "size": 1.0, "pos": 0}, {"$id": 248, "_time": 53.98828, "sounds": [{"p": 74, "d": 0.154998779, "v": 114}, {"p": 62, "d": 0.119998932, "w": 0.13671875, "v": 84}], "pos": -1.0, "size": 1.0}, {"$id": 249, "_time": 54.23047, "sounds": [{"p": 76, "d": 0.1550026, "v": 111}, {"p": 64, "d": 0.100002289, "w": 0.09375, "v": 79}], "size": 1.0, "pos": 0}, {"$id": 250, "_time": 54.46875, "sounds": [{"p": 69, "d": 0.169998169, "v": 109}, {"p": 57, "d": 0.1800003, "w": 0.1015625, "v": 67}], "pos": -1.0, "size": 1.0}, {"$id": 251, "_time": 54.7109375, "sounds": [{"p": 47, "d": 0.7449951, "v": 84}, {"p": 59, "d": 0.769996643, "v": 75}, {"p": 71, "d": 0.654994965, "v": 68}], "pos": -1.5, "size": 1.30000007}, {"$id": 252, "_time": 54.7109375, "sounds": [{"p": 74, "d": 0.229999542, "v": 75}], "pos": 1.5, "size": 1.0}, {"$id": 253, "_time": 54.94922, "sounds": [{"p": 73, "d": 0.159999847, "v": 90}], "pos": -0.5, "size": 1.0}, {"$id": 254, "_time": 55.0703125, "sounds": [{"p": 74, "d": 0.25, "v": 76}], "pos": 0.5, "size": 1.0}, {"$id": 255, "_time": 55.3085938, "sounds": [{"p": 76, "d": 0.114997864, "v": 102}], "pos": -1.0, "size": 1.0}, {"$id": 256, "_time": 55.671875, "sounds": [{"p": 47, "d": 0.849994659, "v": 65}, {"p": 59, "d": 0.879993439, "v": 69}, {"p": 71, "d": 0.7299957, "v": 76}], "pos": -1.5, "size": 1.30000007}, {"$id": 257, "_time": 55.671875, "sounds": [{"p": 74, "d": 0.244998932, "v": 56}, {"p": 78, "d": 0.294998169, "v": 88}], "pos": 1.5, "size": 1.0}, {"$id": 258, "_time": 55.9101563, "sounds": [{"p": 76, "d": 0.1949997, "v": 88}], "pos": -0.5, "size": 1.0}, {"$id": 259, "_time": 56.0390625, "sounds": [{"p": 78, "d": 0.2749977, "v": 82}], "pos": 0.5, "size": 1.0}, {"$id": 260, "_time": 56.26953, "sounds": [{"p": 81, "d": 0.214996338, "v": 107}], "pos": 1.0, "size": 1.0}, {"$id": 261, "_time": 56.6289063, "sounds": [{"p": 85, "d": 0.235004425, "v": 113}, {"p": 61, "d": 0.235004425, "v": 113}], "pos": 2.0, "size": 1.0}, {"$id": 262, "_time": 56.8710938, "sounds": [{"p": 73, "d": 0.125003815, "v": 68}, {"p": 49, "d": 0.125003815, "v": 68}], "pos": -1.0, "size": 1.0}, {"$id": 263, "_time": 56.98828, "sounds": [{"p": 83, "d": 0.225002289, "v": 109}, {"p": 59, "d": 0.225002289, "v": 109}], "pos": 1.0, "size": 1.0}, {"$id": 264, "_time": 57.2109375, "sounds": [{"p": 71, "d": 0.13999939, "v": 73}, {"p": 47, "d": 0.13999939, "v": 73}], "pos": -2.0, "size": 1.0}, {"$id": 265, "_time": 57.3515625, "sounds": [{"p": 85, "d": 0.3199997, "v": 114}, {"p": 61, "d": 0.3199997, "v": 114}], "pos": 2.0, "size": 1.0}, {"$id": 266, "_time": 57.671875, "sounds": [{"p": 73, "d": 0.165000916, "v": 83}, {"p": 49, "d": 0.165000916, "v": 83}], "pos": -1.0, "size": 1.0}, {"$id": 267, "_time": 57.828125, "sounds": [{"p": 86, "d": 0.170001984, "v": 91}, {"p": 62, "d": 0.170001984, "v": 91}], "pos": 1.0, "size": 1.0}, {"$id": 268, "_time": 58.0703125, "sounds": [{"p": 64, "d": 0.229999542, "v": 114}, {"p": 88, "d": 0.229999542, "v": 114}], "pos": 2.0, "size": 1.0}, {"$id": 269, "_time": 58.3085938, "sounds": [{"p": 81, "d": 0.315002441, "v": 113}], "pos": -2.0, "size": 1.0}, {"$id": 270, "_time": 58.453125, "sounds": [{"p": 57, "d": 1.34999466, "v": 77}], "size": 1.0, "pos": 0}, {"$id": 271, "_time": 58.48828, "sounds": [{"p": 69, "d": 1.08499908, "v": 72}], "pos": 0.5, "size": 1.0}, {"$id": 272, "_time": 58.53125, "sounds": [{"p": 76, "d": 1.05499649, "v": 96}], "pos": 1.0, "size": 1.0}, {"$id": 273, "_time": 58.55078, "sounds": [{"p": 45, "d": 1.28999329, "v": 54}], "pos": -1.5, "size": 1.30000007}, {"$id": 274, "_time": 58.55078, "sounds": [{"p": 80, "d": 1.0799942, "v": 105}], "pos": 1.5, "size": 1.0}, {"$id": 275, "_time": 60.3398438, "sounds": [{"p": 71, "d": 0.8100014, "v": 68}], "pos": -1.5, "size": 1.0}, {"$id": 276, "_time": 60.4609375, "sounds": [{"p": 76, "d": 0.840000153, "v": 102}], "pos": -0.5, "size": 1.0}, {"$id": 277, "_time": 60.48047, "sounds": [{"p": 78, "d": 0.840003967, "v": 88}], "size": 1.0, "pos": 0}, {"$id": 278, "_time": 61.671875, "sounds": [{"p": 78, "d": 0.209999084, "v": 76}], "pos": 0.5, "size": 1.0}, {"$id": 279, "_time": 61.671875, "sounds": [{"p": 66, "d": 0.104999542, "v": 76}, {"p": 54, "d": 0.204998016, "v": 65}], "pos": -1.5, "size": 1.0}, {"$id": 280, "_time": 61.9101563, "sounds": [{"p": 80, "d": 0.120002747, "v": 92}], "pos": 1.0, "size": 1.0}, {"$id": 281, "_time": 61.9101563, "sounds": [{"p": 68, "d": 0.09500122, "v": 92}, {"p": 56, "d": 0.185001373, "v": 92}], "pos": -1.0, "size": 1.0}, {"$id": 282, "_time": 62.1484375, "sounds": [{"p": 71, "d": 0.215000153, "v": 84}, {"p": 59, "d": 0.215000153, "v": 65}], "pos": -0.5, "size": 1.0}, {"$id": 283, "_time": 62.1484375, "sounds": [{"p": 83, "d": 0.205001831, "v": 113}], "pos": 1.5, "size": 1.0}, {"$id": 284, "_time": 62.390625, "sounds": [{"p": 73, "d": 0.2649994, "v": 113}, {"p": 61, "d": 0.284999847, "v": 109}], "size": 1.0, "pos": 0}, {"$id": 285, "_time": 62.390625, "sounds": [{"p": 85, "d": 0.2649994, "v": 112}], "pos": 2.0, "size": 1.0}, {"$id": 286, "_time": 62.75, "sounds": [{"p": 83, "d": 0.270000458, "v": 83}], "pos": 1.5, "size": 1.0}, {"$id": 287, "_time": 62.75, "sounds": [{"p": 71, "d": 0.23500061, "v": 100}, {"p": 59, "d": 0.240001678, "v": 96}], "pos": -0.5, "size": 1.0}, {"$id": 288, "_time": 63.109375, "sounds": [{"p": 82, "d": 0.310001373, "v": 102}], "pos": 1.0, "size": 1.0}, {"$id": 289, "_time": 63.109375, "sounds": [{"p": 70, "d": 0.284999847, "v": 82}, {"p": 58, "d": 0.340000153, "v": 82}], "pos": -1.0, "size": 1.0}, {"$id": 290, "_time": 63.46875, "sounds": [{"p": 80, "d": 0.5850029, "v": 81}], "pos": 0.5, "size": 1.0}, {"$id": 291, "_time": 63.46875, "sounds": [{"p": 68, "d": 0.520000458, "v": 79}, {"p": 56, "d": 0.6000023, "v": 92}], "pos": -1.5, "size": 1.0}, {"$id": 292, "_time": 64.30859, "sounds": [{"p": 81, "d": 0.135002136, "v": 77}], "size": 1.0, "pos": 0}, {"$id": 293, "_time": 64.30859, "sounds": [{"p": 57, "d": 0.120002747, "v": 113}, {"p": 69, "d": 0.120002747, "v": 113}], "pos": -2.0, "size": 1.0}, {"$id": 294, "_time": 64.42969, "sounds": [{"p": 57, "d": 0.00499725342, "v": 113}, {"p": 69, "d": 0.00499725342, "v": 113}], "pos": -2.0, "size": 1.0}, {"$id": 295, "_time": 64.671875, "sounds": [{"p": 76, "d": 0.165000916, "v": 88}, {"p": 64, "d": 0.165000916, "v": 88}], "pos": -1.0, "size": 1.0}, {"$id": 296, "_time": 64.671875, "sounds": [{"p": 88, "d": 0.150001526, "v": 77}], "pos": 1.0, "size": 1.0}, {"$id": 297, "_time": 65.03125, "sounds": [{"p": 83, "d": 0.114997864, "v": 88}], "pos": 0.5, "size": 1.0}, {"$id": 298, "_time": 65.03125, "sounds": [{"p": 71, "d": 0.09500122, "v": 96}, {"p": 59, "d": 0.09500122, "v": 96}], "pos": -1.5, "size": 1.0}, {"$id": 299, "_time": 65.390625, "sounds": [{"p": 66, "d": 0.165000916, "v": 82}, {"p": 78, "d": 0.165000916, "v": 82}], "pos": -0.5, "size": 1.0}, {"$id": 300, "_time": 65.390625, "sounds": [{"p": 90, "d": 0.154998779, "v": 82}], "pos": 1.5, "size": 1.0}, {"$id": 301, "_time": 65.75, "sounds": [{"p": 85, "d": 0.114997864, "v": 92}], "pos": 1.0, "size": 1.0}, {"$id": 302, "_time": 65.75, "sounds": [{"p": 61, "d": 0.0999984741, "v": 113}, {"p": 73, "d": 0.0999984741, "v": 113}], "pos": -1.0, "size": 1.0}, {"$id": 303, "_time": 65.98828, "sounds": [{"p": 79, "d": 0.09000397, "v": 82}, {"p": 67, "d": 0.09000397, "v": 82}], "size": 1.0, "pos": 0}, {"$id": 304, "_time": 65.98828, "sounds": [{"p": 91, "d": 0.06500244, "v": 72}], "pos": 2.0, "size": 1.0}, {"$id": 305, "_time": 66.23047, "sounds": [{"p": 88, "d": 0.239997864, "v": 84}], "pos": 1.5, "size": 1.0}, {"$id": 306, "_time": 66.23047, "sounds": [{"p": 76, "d": 0.199996948, "v": 117}, {"p": 64, "d": 0.199996948, "v": 117}], "pos": -0.5, "size": 1.0}, {"$id": 307, "_time": 66.58984, "sounds": [{"p": 87, "d": 0.2049942, "v": 82}], "pos": 1.0, "size": 1.0}, {"$id": 308, "_time": 66.58984, "sounds": [{"p": 63, "d": 0.199996948, "v": 105}, {"p": 75, "d": 0.199996948, "v": 105}], "pos": -1.0, "size": 1.0}, {"$id": 309, "_time": 66.95703, "pos": -1.5, "size": 2.0}, {"$id": 310, "_time": 67.19531, "size": 1.30000007, "pos": 0}, {"$id": 311, "_time": 67.67578, "size": 1.30000007, "pos": 0}, {"$id": 312, "_time": 68.15625, "size": 1.30000007, "pos": 0}, {"$id": 313, "_time": 68.63672, "size": 1.30000007, "pos": 0}, {"$id": 314, "_time": 69.109375, "pos": 1.5, "size": 1.60000014}, {"$id": 315, "_time": 69.109375, "pos": -1.5, "size": 1.60000014}, {"$id": 316, "_time": 69.58984, "sounds": [{"p": 82, "d": 0.125, "v": 120}, {"p": 70, "d": 0.1349945, "w": 0.10546875, "v": 90}], "pos": 0.5, "size": 1.0}, {"$id": 317, "_time": 69.828125, "sounds": [{"p": 81, "d": 0.13999939, "v": 121}, {"p": 69, "d": 0.120002747, "w": 0.1015625, "v": 111}], "pos": -0.5, "size": 1.0}, {"$id": 318, "_time": 70.07031, "sounds": [{"p": 82, "d": 0.159996033, "v": 116}, {"p": 70, "d": 0.125, "w": 0.11328125, "v": 81}], "pos": 0.5, "size": 1.0}, {"$id": 319, "_time": 70.30859, "sounds": [{"p": 84, "d": 0.150001526, "v": 111}, {"p": 72, "d": 0.114997864, "w": 0.10546875, "v": 74}], "pos": 1.5, "size": 1.0}, {"$id": 320, "_time": 70.55078, "sounds": [{"p": 82, "d": 0.150001526, "v": 116}, {"p": 70, "d": 0.129997253, "w": 0.140625, "v": 83}], "pos": 0.5, "size": 1.0}, {"$id": 321, "_time": 70.78906, "sounds": [{"p": 81, "d": 0.214996338, "v": 113}, {"p": 69, "d": 0.09500122, "w": 0.10546875, "v": 74}], "pos": -0.5, "size": 1.0}, {"$id": 322, "_time": 71.26953, "sounds": [{"p": 84, "d": 0.439987183, "v": 117}], "pos": 1.0, "size": 1.0}, {"$id": 323, "_time": 71.26953, "sounds": [{"p": 72, "d": 0.4249878, "v": 100}], "pos": -2.0, "size": 1.0}, {"$id": 324, "_time": 71.75, "sounds": [{"p": 86, "d": 0.449996948, "v": 120}], "pos": 2.0, "size": 1.0}, {"$id": 325, "_time": 71.75, "sounds": [{"p": 74, "d": 0.424995422, "v": 120}], "pos": -1.0, "size": 1.0}, {"$id": 326, "_time": 72.23047, "sounds": [{"p": 79, "d": 0.5250015, "v": 123}], "pos": 1.0, "size": 1.0}, {"$id": 327, "_time": 72.23047, "sounds": [{"p": 67, "d": 0.5, "v": 105}], "pos": -2.0, "size": 1.0}, {"$id": 328, "_time": 72.94922, "pos": -0.5, "size": 1.30000007}, {"$id": 329, "_time": 73.19141, "pos": -0.5, "size": 1.30000007}, {"$id": 330, "_time": 73.30859, "pos": 1.5, "size": 1.30000007}, {"$id": 331, "_time": 73.55078, "pos": 1.5, "size": 1.30000007}, {"$id": 332, "_time": 73.91016, "pos": -0.5, "size": 1.30000007}, {"$id": 333, "_time": 74.14844, "pos": -0.5, "size": 1.30000007}, {"$id": 334, "_time": 74.26953, "pos": 1.5, "size": 1.30000007}, {"$id": 335, "_time": 74.51172, "pos": 1.5, "size": 1.30000007}, {"$id": 336, "_time": 74.87109, "sounds": [{"p": 74, "d": 0.130004883, "v": 71}], "pos": -2.0, "size": 1.0}, {"$id": 337, "_time": 74.98828, "sounds": [{"p": 73, "d": 0.155006409, "v": 76}], "pos": -1.0, "size": 1.0}, {"$id": 338, "_time": 75.109375, "sounds": [{"p": 74, "d": 0.13999939, "v": 67}], "size": 1.0, "pos": 0}, {"$id": 339, "_time": 75.23047, "sounds": [{"p": 75, "d": 0.114997864, "v": 77}], "pos": 1.0, "size": 1.0}, {"$id": 340, "_time": 75.35156, "sounds": [{"p": 76, "d": 0.130004883, "v": 78}], "size": 1.0, "pos": 0}, {"$id": 341, "_time": 75.46875, "sounds": [{"p": 75, "d": 0.1800003, "v": 63}], "pos": -1.0, "size": 1.0}, {"$id": 342, "_time": 75.58984, "sounds": [{"p": 76, "d": 0.154998779, "v": 79}], "size": 1.0, "pos": 0}, {"$id": 343, "_time": 75.71094, "sounds": [{"p": 78, "d": 0.125, "v": 79}], "pos": 1.0, "size": 1.0}, {"$id": 344, "_time": 75.828125, "sounds": [{"p": 79, "d": 0.129997253, "v": 67}], "pos": 2.0, "size": 1.0}, {"$id": 345, "_time": 75.94922, "sounds": [{"p": 78, "d": 0.130004883, "v": 67}], "pos": 1.0, "size": 1.0}, {"$id": 346, "_time": 76.07031, "sounds": [{"p": 76, "d": 0.165000916, "v": 58}], "size": 1.0, "pos": 0}, {"$id": 347, "_time": 76.19141, "sounds": [{"p": 78, "d": 0.144996643, "v": 48}], "pos": -1.0, "size": 1.0}, {"$id": 348, "_time": 76.30859, "sounds": [{"p": 79, "d": 0.145004272, "v": 67}], "pos": -2.0, "size": 1.0}, {"$id": 349, "_time": 76.42969, "sounds": [{"p": 78, "d": 0.135002136, "v": 80}], "pos": -1.0, "size": 1.0}, {"$id": 350, "_time": 76.55078, "sounds": [{"p": 79, "d": 0.13999939, "v": 79}], "size": 1.0, "pos": 0}, {"$id": 351, "_time": 76.671875, "sounds": [{"p": 81, "d": 0.1499939, "v": 84}], "pos": 1.0, "size": 1.0}, {"$id": 352, "_time": 76.78906, "sounds": [{"p": 82, "d": 0.959991455, "v": 103}, {"p": 70, "d": 0.959991455, "v": 91}], "pos": 2.0, "size": 1.0}, {"$id": 353, "_time": 76.78906, "sounds": [{"p": 58, "d": 0.959991455, "v": 102}], "pos": -2.0, "size": 1.30000007}, {"$id": 354, "_time": 77.14844, "pos": -1.0, "size": 1.30000007}, {"$id": 355, "_time": 77.51172, "pos": 1.0, "size": 1.30000007}, {"$id": 356, "_time": 77.98828, "pos": -1.0, "size": 1.30000007}, {"$id": 357, "_time": 78.71094, "sounds": [{"p": 84, "d": 0.270004272, "v": 117}], "pos": 1.0, "size": 1.0}, {"$id": 358, "_time": 78.71094, "sounds": [{"p": 72, "d": 0.230003357, "v": 100}], "pos": -2.0, "size": 1.0}, {"$id": 359, "_time": 79.07031, "sounds": [{"p": 74, "d": 0.224990845, "v": 94}], "pos": -1.0, "size": 1.0}, {"$id": 360, "_time": 79.07031, "sounds": [{"p": 86, "d": 0.219993591, "v": 111}], "pos": 2.0, "size": 1.0}, {"$id": 361, "_time": 79.42969, "sounds": [{"p": 79, "d": 1.19000244, "v": 117}], "pos": 1.0, "size": 1.0}, {"$id": 362, "_time": 79.42969, "sounds": [{"p": 67, "d": 1.13500214, "v": 107}], "pos": -2.0, "size": 1.0}, {"$id": 363, "_time": 80.62891, "pos": -0.5, "size": 1.30000007}, {"$id": 364, "_time": 80.87109, "pos": -0.5, "size": 1.30000007}, {"$id": 365, "_time": 80.98828, "pos": 1.5, "size": 1.30000007}, {"$id": 366, "_time": 81.23047, "pos": 1.5, "size": 1.30000007}, {"$id": 367, "_time": 81.58984, "pos": -0.5, "size": 1.30000007}, {"$id": 368, "_time": 81.828125, "pos": -0.5, "size": 1.30000007}, {"$id": 369, "_time": 81.94922, "pos": 1.5, "size": 1.30000007}, {"$id": 370, "_time": 82.19141, "pos": 1.5, "size": 1.30000007}, {"$id": 371, "_time": 82.55078, "sounds": [{"p": 86, "d": 0.2649994, "v": 76}, {"p": 74, "d": 0.224998474, "v": 102}], "pos": 1.5, "size": 1.30000007}, {"$id": 372, "_time": 82.55078, "sounds": [{"p": 50, "d": 0.220001221, "v": 75}, {"p": 62, "d": 0.209999084, "v": 84}], "pos": -0.5, "size": 1.30000007}, {"$id": 373, "_time": 82.91016, "sounds": [{"p": 87, "d": 0.1499939, "v": 100}, {"p": 75, "d": 0.1349945, "v": 80}], "pos": 0.5, "size": 1.30000007}, {"$id": 374, "_time": 82.91016, "sounds": [{"p": 63, "d": 0.114997864, "v": 80}, {"p": 51, "d": 0.13999176, "v": 76}], "pos": -1.5, "size": 1.30000007}, {"$id": 375, "_time": 83.26953, "sounds": [{"p": 62, "d": 0.3199997, "v": 92}, {"p": 50, "d": 0.404998779, "v": 78}], "pos": -0.5, "size": 1.30000007}, {"$id": 376, "_time": 83.26953, "sounds": [{"p": 86, "d": 0.275001526, "v": 79}, {"p": 74, "d": 0.190002441, "v": 109}], "pos": 1.5, "size": 1.30000007}, {"$id": 377, "_time": 83.49609, "sounds": [{"p": 98, "d": 0.0699920654, "v": 39}], "pos": 2.0, "size": 1.0}, {"$id": 378, "_time": 83.53906, "sounds": [{"p": 96, "d": 0.06499481, "v": 53}], "pos": 1.5, "size": 1.0}, {"$id": 379, "_time": 83.578125, "sounds": [{"p": 94, "d": 0.06500244, "v": 77}], "pos": 1.0, "size": 1.0}, {"$id": 380, "_time": 83.62109, "sounds": [{"p": 92, "d": 0.0699996948, "v": 78}], "pos": 0.5, "size": 1.0}, {"$id": 381, "_time": 83.671875, "sounds": [{"p": 91, "d": 0.05998993, "v": 76}], "size": 1.0, "pos": 0}, {"$id": 382, "_time": 83.71094, "sounds": [{"p": 89, "d": 0.05998993, "v": 76}], "pos": -0.5, "size": 1.0}, {"$id": 383, "_time": 83.75, "sounds": [{"p": 87, "d": 0.05998993, "v": 73}], "pos": -1.0, "size": 1.0}, {"$id": 384, "_time": 83.78906, "sounds": [{"p": 86, "d": 0.05998993, "v": 70}], "pos": -1.5, "size": 1.0}, {"$id": 385, "_time": 83.828125, "sounds": [{"p": 84, "d": 0.0549926758, "v": 75}], "pos": -2.0, "size": 1.0}, {"$id": 386, "_time": 83.85547, "sounds": [{"p": 82, "d": 0.05999756, "v": 62}], "pos": -1.5, "size": 1.0}, {"$id": 387, "_time": 83.89453, "sounds": [{"p": 80, "d": 0.0499954224, "v": 38}], "pos": -1.0, "size": 1.0}, {"$id": 388, "_time": 83.92969, "sounds": [{"p": 79, "d": 0.04499817, "v": 45}], "pos": -0.5, "size": 1.0}, {"$id": 389, "_time": 83.953125, "sounds": [{"p": 77, "d": 0.0499954224, "v": 36}], "size": 1.0, "pos": 0}, {"$id": 390, "_time": 83.98828, "sounds": [{"p": 75, "d": 0.04499817, "v": 37}], "pos": 0.5, "size": 1.0}, {"$id": 391, "_time": 83.99609, "sounds": [{"p": 74, "d": 0.0699996948, "v": 63}], "pos": 1.0, "size": 1.0}, {"$id": 392, "_time": 84.01953, "sounds": [{"p": 72, "d": 0.0699920654, "v": 75}], "pos": 1.5, "size": 1.0}, {"$id": 393, "_time": 84.03906, "sounds": [{"p": 70, "d": 0.07499695, "v": 76}], "pos": 2.0, "size": 1.0}, {"$id": 394, "_time": 84.07031, "sounds": [{"p": 68, "d": 0.07499695, "v": 74}], "pos": 1.5, "size": 1.0}, {"$id": 395, "_time": 84.08984, "sounds": [{"p": 67, "d": 0.08000183, "v": 79}], "pos": 1.0, "size": 1.0}, {"$id": 396, "_time": 84.11328, "sounds": [{"p": 65, "d": 0.0849990845, "v": 79}], "pos": 0.5, "size": 1.0}, {"$id": 397, "_time": 84.140625, "sounds": [{"p": 63, "d": 0.08999634, "v": 79}], "size": 1.0, "pos": 0}, {"$id": 398, "_time": 84.16797, "sounds": [{"p": 62, "d": 0.08000183, "v": 78}], "pos": -0.5, "size": 1.0}, {"$id": 399, "_time": 84.19141, "sounds": [{"p": 60, "d": 0.08000183, "v": 76}], "pos": -1.0, "size": 1.0}, {"$id": 400, "_time": 84.21484, "sounds": [{"p": 58, "d": 0.0799942, "v": 77}], "pos": -1.5, "size": 1.0}, {"$id": 401, "_time": 84.23828, "sounds": [{"p": 56, "d": 0.0849914551, "v": 77}], "pos": -1.0, "size": 1.0}, {"$id": 402, "_time": 84.26953, "sounds": [{"p": 55, "d": 0.07498932, "v": 80}], "pos": -0.5, "size": 1.0}, {"$id": 403, "_time": 84.28906, "sounds": [{"p": 53, "d": 0.0849914551, "v": 82}], "size": 1.0, "pos": 0}, {"$id": 404, "_time": 84.31641, "sounds": [{"p": 51, "d": 0.08999634, "v": 78}], "pos": 0.5, "size": 1.0}, {"$id": 405, "_time": 84.33984, "sounds": [{"p": 50, "d": 0.104995728, "v": 86}], "pos": 1.0, "size": 1.0}, {"$id": 406, "_time": 84.37109, "sounds": [{"p": 48, "d": 0.104995728, "v": 98}], "pos": 1.5, "size": 1.0}, {"$id": 407, "_time": 84.41016, "sounds": [{"p": 46, "d": 0.09000397, "v": 69}], "pos": 2.0, "size": 1.0}, {"$id": 408, "_time": 84.46875, "sounds": [{"p": 91, "d": 0.394996643, "v": 102}], "pos": -1.0, "size": 1.0}, {"$id": 409, "_time": 84.828125, "sounds": [{"p": 86, "d": 0.3149948, "v": 92}], "pos": -2.0, "size": 1.0}, {"$id": 410, "_time": 85.19141, "sounds": [{"p": 93, "d": 0.494995117, "v": 121}], "pos": 2.0, "size": 1.0}, {"$id": 411, "_time": 85.66797, "sounds": [{"p": 86, "d": 0.5950012, "v": 105}], "size": 1.0, "pos": 0}, {"$id": 412, "_time": 86.390625, "sounds": [{"p": 94, "d": 0.2899933, "v": 92}], "pos": 1.0, "size": 1.0}, {"$id": 413, "_time": 86.75, "sounds": [{"p": 93, "d": 0.374992371, "v": 98}], "size": 1.0, "pos": 0}, {"$id": 414, "_time": 87.109375, "sounds": [{"p": 89, "d": 0.5299988, "v": 85}], "pos": -1.0, "size": 1.0}, {"$id": 415, "_time": 87.58984, "sounds": [{"p": 86, "d": 0.680007935, "v": 100}], "pos": -2.0, "size": 1.0}, {"$id": 416, "_time": 88.30859, "sounds": [{"p": 84, "d": 0.169998169, "v": 84}], "pos": 1.5, "size": 1.0}, {"$id": 417, "_time": 88.55078, "sounds": [{"p": 82, "d": 0.114997864, "v": 78}], "pos": -0.5, "size": 1.0}, {"$id": 418, "_time": 88.66797, "sounds": [{"p": 84, "d": 0.249992371, "v": 88}], "pos": 1.5, "size": 1.0}, {"$id": 419, "_time": 88.91016, "sounds": [{"p": 79, "d": 0.3199997, "v": 96}], "pos": -1.5, "size": 1.0}, {"$id": 420, "_time": 89.26953, "sounds": [{"p": 84, "d": 0.194992065, "v": 102}], "pos": 1.5, "size": 1.0}, {"$id": 421, "_time": 89.51172, "sounds": [{"p": 82, "d": 0.155006409, "v": 88}], "pos": -0.5, "size": 1.0}, {"$id": 422, "_time": 89.62891, "sounds": [{"p": 84, "d": 0.224998474, "v": 92}], "pos": 1.5, "size": 1.0}, {"$id": 423, "_time": 89.87109, "sounds": [{"p": 79, "d": 0.275001526, "v": 105}], "pos": -1.5, "size": 1.0}, {"$id": 424, "_time": 90.23047, "sounds": [{"p": 74, "d": 0.349998474, "v": 102}], "pos": -1.5, "size": 1.0}, {"$id": 425, "_time": 90.23047, "sounds": [{"p": 86, "d": 0.275001526, "v": 105}], "pos": 1.5, "size": 1.0}, {"$id": 426, "_time": 92.14844, "sounds": [{"p": 91, "d": 0.1800003, "v": 117}, {"p": 79, "d": 0.129982, "w": 0.1328125, "v": 74}], "pos": -0.5, "size": 1.0}, {"$id": 427, "_time": 92.390625, "sounds": [{"p": 86, "d": 0.2049942, "v": 112}, {"p": 74, "d": 0.130004883, "w": 0.109375, "v": 68}], "pos": -1.5, "size": 1.0}, {"$id": 428, "_time": 92.62891, "sounds": [{"p": 93, "d": 0.184997559, "v": 111}, {"p": 81, "d": 0.144996643, "w": 0.1171875, "v": 75}], "pos": 0.5, "size": 1.0}, {"$id": 429, "_time": 92.87109, "sounds": [{"p": 86, "d": 0.189994812, "v": 114}, {"p": 74, "d": 0.134986877, "w": 0.125, "v": 69}], "pos": -1.5, "size": 1.0}, {"$id": 430, "_time": 93.109375, "sounds": [{"p": 94, "d": 0.184989929, "v": 107}, {"p": 82, "d": 0.1949997, "w": 0.109375, "v": 62}], "pos": 1.5, "size": 1.0}, {"$id": 431, "_time": 93.35156, "sounds": [{"p": 86, "d": 0.224998474, "v": 107}, {"p": 74, "d": 0.13999939, "w": 0.109375, "v": 78}], "pos": -1.5, "size": 1.0}, {"$id": 432, "_time": 93.58984, "sounds": [{"p": 93, "d": 0.200004578, "v": 105}, {"p": 81, "d": 0.154998779, "w": 0.10546875, "v": 72}], "pos": 0.5, "size": 1.0}, {"$id": 433, "_time": 93.828125, "sounds": [{"p": 86, "d": 0.279998779, "v": 109}, {"p": 74, "d": 0.165000916, "w": 0.12109375, "v": 64}], "pos": -1.5, "size": 1.0}, {"$id": 434, "_time": 94.07031, "sounds": [{"p": 91, "d": 0.13999176, "v": 112}, {"p": 79, "d": 0.11000061, "w": 0.109375, "v": 85}], "pos": -0.5, "size": 1.0}, {"$id": 435, "_time": 94.30859, "sounds": [{"p": 86, "d": 0.175003052, "v": 106}, {"p": 74, "d": 0.114997864, "w": 0.10546875, "v": 65}], "pos": -1.5, "size": 1.0}, {"$id": 436, "_time": 94.55078, "sounds": [{"p": 93, "d": 0.174995422, "v": 107}, {"p": 81, "d": 0.105003357, "w": 0.09375, "v": 62}], "pos": 0.5, "size": 1.0}, {"$id": 437, "_time": 94.78906, "sounds": [{"p": 86, "d": 0.175003052, "v": 108}, {"p": 74, "d": 0.11000061, "w": 0.109375, "v": 79}], "pos": -1.5, "size": 1.0}, {"$id": 438, "_time": 95.03125, "sounds": [{"p": 94, "d": 0.144996643, "v": 106}, {"p": 82, "d": 0.150001526, "w": 0.08984375, "v": 62}], "pos": 1.5, "size": 1.0}, {"$id": 439, "_time": 95.26953, "sounds": [{"p": 86, "d": 0.1949997, "v": 101}, {"p": 74, "d": 0.109992981, "w": 0.10546875, "v": 68}], "pos": -1.5, "size": 1.0}, {"$id": 440, "_time": 95.50781, "sounds": [{"p": 93, "d": 0.174995422, "v": 117}, {"p": 81, "d": 0.0999984741, "w": 0.09375, "v": 74}], "pos": 0.5, "size": 1.0}, {"$id": 441, "_time": 95.75, "sounds": [{"p": 86, "d": 0.1949997, "v": 106}, {"p": 74, "d": 0.15499115, "w": 0.12109375, "v": 75}], "pos": -0.5, "size": 1.0}, {"$id": 442, "_time": 95.98828, "sounds": [{"p": 72, "d": 0.104995728, "v": 102}], "pos": -1.5, "size": 1.0}, {"$id": 443, "_time": 96.109375, "sounds": [{"p": 84, "d": 0.120002747, "v": 88}], "pos": 0.5, "size": 1.0}, {"$id": 444, "_time": 96.35156, "sounds": [{"p": 72, "d": 0.120002747, "v": 102}], "pos": -1.5, "size": 1.0}, {"$id": 445, "_time": 96.46875, "sounds": [{"p": 84, "d": 0.135002136, "v": 92}], "pos": 0.5, "size": 1.0}, {"$id": 446, "_time": 96.71094, "sounds": [{"p": 72, "d": 0.11000061, "v": 96}], "pos": -1.5, "size": 1.0}, {"$id": 447, "_time": 96.828125, "sounds": [{"p": 84, "d": 0.145004272, "v": 96}], "pos": 0.5, "size": 1.0}, {"$id": 448, "_time": 96.94922, "sounds": [{"p": 72, "d": 0.11000061, "v": 96}], "pos": -1.5, "size": 1.0}, {"$id": 449, "_time": 97.07031, "sounds": [{"p": 84, "d": 0.25, "v": 96}], "pos": 0.5, "size": 1.0}, {"$id": 450, "_time": 97.42969, "sounds": [{"p": 84, "d": 0.119995117, "v": 107}], "pos": 0.5, "size": 1.0}, {"$id": 451, "_time": 97.42969, "sounds": [{"p": 72, "d": 0.0999984741, "v": 100}], "pos": -1.5, "size": 1.0}, {"$id": 452, "_time": 97.66797, "sounds": [{"p": 72, "d": 0.125, "v": 108}], "pos": -1.5, "size": 1.0}, {"$id": 453, "_time": 97.66797, "sounds": [{"p": 84, "d": 0.114997864, "v": 96}], "pos": 0.5, "size": 1.0}, {"$id": 454, "_time": 97.91016, "sounds": [{"p": 74, "d": 0.114997864, "v": 107}, {"p": 86, "d": 0.260002136, "w": 0.05859375, "v": 77}], "pos": -1.5, "size": 1.0}, {"$id": 455, "_time": 98.26953, "sounds": [{"p": 73, "d": 0.11000061, "v": 107}, {"p": 85, "d": 0.185005188, "w": 0.05859375, "v": 72}], "pos": -0.5, "size": 1.0}, {"$id": 456, "_time": 98.62891, "sounds": [{"p": 74, "d": 0.184997559, "v": 88}, {"p": 86, "d": 0.2599945, "w": 0.0859375, "v": 57}], "pos": 0.5, "size": 1.0}, {"$id": 457, "_time": 98.98828, "sounds": [{"p": 75, "d": 0.120002747, "v": 107}, {"p": 87, "d": 0.1700058, "w": 0.11328125, "v": 78}], "pos": 1.5, "size": 1.0}, {"$id": 458, "_time": 99.35156, "sounds": [{"p": 76, "d": 0.130004883, "v": 111}, {"p": 88, "d": 0.13999939, "w": 0.08984375, "v": 74}], "pos": 0.5, "size": 1.0}, {"$id": 459, "_time": 99.58984, "sounds": [{"p": 78, "d": 0.119995117, "v": 109}, {"p": 90, "d": 0.13999939, "w": 0.1015625, "v": 100}], "pos": -0.5, "size": 1.0}, {"$id": 460, "_time": 99.828125, "sounds": [{"p": 91, "d": 1.56500244, "v": 88}], "pos": 1.5, "size": 1.0}, {"$id": 461, "_time": 99.828125, "sounds": [{"p": 79, "d": 1.56500244, "v": 111}], "pos": -1.5, "size": 1.0}, {"$id": 462, "_time": 101.75, "pos": -1.5, "size": 1.30000007}, {"$id": 463, "_time": 101.988281, "pos": -0.5, "size": 1.30000007}, {"$id": 464, "_time": 102.230469, "pos": 0.5, "size": 1.30000007}, {"$id": 465, "_time": 102.46875, "pos": 1.5, "size": 1.30000007}, {"$id": 466, "_time": 102.589844, "pos": 0.5, "size": 1.30000007}, {"$id": 467, "_time": 102.714844, "pos": -0.5, "size": 1.30000007}, {"$id": 468, "_time": 103.667969, "pos": 1.5, "size": 1.30000007}, {"$id": 469, "_time": 103.910156, "pos": 0.5, "size": 1.30000007}, {"$id": 470, "_time": 104.03125, "pos": -1.5, "size": 1.30000007}, {"$id": 471, "_time": 104.148438, "pos": 0.5, "size": 1.30000007}, {"$id": 472, "_time": 104.390625, "pos": -0.5, "size": 1.30000007}, {"$id": 473, "_time": 104.511719, "pos": 1.5, "size": 1.30000007}, {"$id": 474, "_time": 104.632813, "pos": -0.5, "size": 1.30000007}, {"$id": 475, "_time": 104.75, "pos": 1.5, "size": 1.30000007}, {"$id": 476, "_time": 104.871094, "pos": -0.5, "size": 1.30000007}, {"$id": 477, "_time": 105.589844, "pos": -1.5, "size": 1.30000007}, {"$id": 478, "_time": 105.710938, "pos": -1.0, "size": 1.30000007}, {"$id": 479, "_time": 105.828125, "pos": -0.5, "size": 1.30000007}, {"$id": 480, "_time": 105.949219, "size": 1.30000007, "pos": 0}, {"$id": 481, "_time": 106.070313, "pos": 1.0, "size": 1.30000007}, {"$id": 482, "_time": 106.191406, "pos": 0.5, "size": 1.30000007}, {"$id": 483, "_time": 106.308594, "size": 1.30000007, "pos": 0}, {"$id": 484, "_time": 106.429688, "pos": -0.5, "size": 1.30000007}, {"$id": 485, "_time": 106.550781, "pos": -1.0, "size": 1.30000007}, {"$id": 486, "_time": 106.667969, "pos": -0.5, "size": 1.30000007}, {"$id": 487, "_time": 106.789063, "size": 1.30000007, "pos": 0}, {"$id": 488, "_time": 106.910156, "pos": 0.5, "size": 1.30000007}, {"$id": 489, "_time": 107.03125, "pos": 1.5, "size": 1.30000007}, {"$id": 490, "_time": 107.148438, "pos": 1.0, "size": 1.30000007}, {"$id": 491, "_time": 107.269531, "pos": 0.5, "size": 1.30000007}, {"$id": 492, "_time": 107.390625, "size": 1.30000007, "pos": 0}, {"$id": 493, "_time": 107.507813, "sounds": [{"p": 43, "d": 0.379997253, "v": 78}], "pos": -2.0, "size": 1.30000007}, {"$id": 494, "_time": 107.871094, "sounds": [{"p": 55, "d": 0.09499359, "v": 79}], "pos": -1.0, "size": 1.30000007}, {"$id": 495, "_time": 107.871094, "sounds": [{"p": 65, "d": 0.08999634, "v": 77}, {"p": 69, "d": 0.124992371, "v": 92}, {"p": 62, "d": 0.0849990845, "v": 76}], "pos": 1.0, "size": 1.60000014}, {"$id": 496, "_time": 108.230469, "sounds": [{"p": 77, "d": 0.419998169, "v": 71}, {"p": 81, "d": 0.424995422, "v": 84}, {"p": 74, "d": 0.3899994, "v": 63}, {"p": 72, "d": 0.08999634, "v": 63}], "pos": 1.0, "size": 1.60000014}, {"$id": 497, "_time": 108.230469, "sounds": [{"p": 55, "d": 0.919998169, "v": 75}], "pos": -1.0, "size": 1.30000007}, {"$id": 498, "_time": 108.710938, "sounds": [{"p": 67, "d": 0.415000916, "v": 100}], "size": 1.30000007, "pos": 0}, {"$id": 499, "_time": 108.710938, "sounds": [{"p": 84, "d": 0.465003967, "v": 79}, {"p": 77, "d": 0.495002747, "v": 84}, {"p": 74, "d": 0.4850006, "v": 92}], "pos": 2.0, "size": 1.60000014}, {"$id": 500, "_time": 109.429688, "sounds": [{"p": 39, "d": 0.375, "v": 77}], "pos": -2.0, "size": 1.30000007}, {"$id": 501, "_time": 109.789063, "sounds": [{"p": 69, "d": 0.0849914551, "v": 88}, {"p": 65, "d": 0.0799942, "v": 72}, {"p": 62, "d": 0.07499695, "v": 78}], "pos": 1.0, "size": 1.60000014}, {"$id": 502, "_time": 109.789063, "sounds": [{"p": 51, "d": 0.07499695, "v": 78}], "pos": -1.0, "size": 1.30000007}, {"$id": 503, "_time": 110.148438, "sounds": [{"p": 51, "d": 0.8350067, "v": 62}], "pos": -1.0, "size": 1.30000007}, {"$id": 504, "_time": 110.148438, "sounds": [{"p": 81, "d": 0.404998779, "v": 100}, {"p": 77, "d": 0.415000916, "v": 78}, {"p": 74, "d": 0.345001221, "v": 67}], "pos": 1.0, "size": 1.60000014}, {"$id": 505, "_time": 110.628906, "sounds": [{"p": 84, "d": 0.370002747, "v": 77}, {"p": 77, "d": 0.4200058, "v": 84}, {"p": 74, "d": 0.3600006, "v": 77}], "pos": 2.0, "size": 1.60000014}, {"$id": 506, "_time": 110.628906, "sounds": [{"p": 63, "d": 0.355003357, "v": 76}], "size": 1.30000007, "pos": 0}, {"$id": 507, "_time": 111.351563, "sounds": [{"p": 48, "d": 1.88998413, "v": 84}], "pos": -1.5, "size": 1.30000007}, {"$id": 508, "_time": 111.710938, "sounds": [{"p": 60, "d": 1.54498291, "v": 74}, {"p": 67, "d": 0.144996643, "v": 78}, {"p": 63, "d": 0.0999984741, "v": 76}, {"p": 62, "d": 0.0999984741, "v": 75}], "size": 1.60000014, "pos": 0}, {"$id": 509, "_time": 112.070313, "sounds": [{"p": 75, "d": 0.3299942, "v": 107}], "pos": -0.5, "size": 1.0}, {"$id": 510, "_time": 112.070313, "sounds": [{"p": 87, "d": 0.309997559, "v": 80}], "pos": 1.5, "size": 1.0}, {"$id": 511, "_time": 112.550781, "sounds": [{"p": 74, "d": 0.230003357, "v": 88}], "pos": -1.0, "size": 1.0}, {"$id": 512, "_time": 112.550781, "sounds": [{"p": 86, "d": 0.2400055, "v": 71}], "pos": 1.0, "size": 1.0}, {"$id": 513, "_time": 113.03125, "sounds": [{"p": 81, "d": 0.25, "v": 115}], "pos": 0.5, "size": 1.0}, {"$id": 514, "_time": 113.03125, "sounds": [{"p": 69, "d": 0.209999084, "v": 88}], "pos": -1.5, "size": 1.0}, {"$id": 515, "_time": 113.269531, "sounds": [{"p": 86, "d": 0.135002136, "v": 76}], "pos": -2.0, "size": 1.0}, {"$id": 516, "_time": 113.390625, "sounds": [{"p": 85, "d": 0.1800003, "v": 56}], "pos": -1.0, "size": 1.0}, {"$id": 517, "_time": 113.507813, "sounds": [{"p": 86, "d": 0.154998779, "v": 84}], "size": 1.0, "pos": 0}, {"$id": 518, "_time": 113.628906, "sounds": [{"p": 87, "d": 0.135002136, "v": 100}], "pos": 1.0, "size": 1.0}, {"$id": 519, "_time": 113.75, "sounds": [{"p": 88, "d": 0.190002441, "v": 73}], "size": 1.0, "pos": 0}, {"$id": 520, "_time": 113.871094, "sounds": [{"p": 87, "d": 0.145004272, "v": 67}], "pos": -1.0, "size": 1.0}, {"$id": 521, "_time": 113.988281, "sounds": [{"p": 88, "d": 0.130004883, "v": 74}], "size": 1.0, "pos": 0}, {"$id": 522, "_time": 114.109375, "sounds": [{"p": 90, "d": 0.145004272, "v": 65}], "pos": 1.0, "size": 1.0}, {"$id": 523, "_time": 114.230469, "sounds": [{"p": 91, "d": 0.160003662, "v": 64}], "pos": 2.0, "size": 1.0}, {"$id": 524, "_time": 114.351563, "sounds": [{"p": 90, "d": 0.129997253, "v": 41}], "pos": 1.0, "size": 1.0}, {"$id": 525, "_time": 114.46875, "sounds": [{"p": 91, "d": 0.124992371, "v": 63}], "size": 1.0, "pos": 0}, {"$id": 526, "_time": 114.589844, "sounds": [{"p": 93, "d": 0.1499939, "v": 63}], "pos": -1.0, "size": 1.0}, {"$id": 527, "_time": 114.710938, "sounds": [{"p": 94, "d": 0.179992676, "v": 71}], "pos": -2.0, "size": 1.0}, {"$id": 528, "_time": 114.828125, "sounds": [{"p": 93, "d": 0.129997253, "v": 60}], "pos": -1.0, "size": 1.0}, {"$id": 529, "_time": 114.949219, "sounds": [{"p": 94, "d": 0.130004883, "v": 60}], "size": 1.0, "pos": 0}, {"$id": 530, "_time": 115.070313, "sounds": [{"p": 96, "d": 0.130004883, "v": 60}], "pos": 1.0, "size": 1.0}, {"$id": 531, "_time": 115.191406, "sounds": [{"p": 86, "d": 0.41999054, "v": 75}, {"p": 74, "d": 0.2649994, "v": 79}, {"p": 79, "d": 0.269996643, "v": 107}], "pos": 2.0, "size": 1.0}, {"$id": 532, "_time": 115.191406, "sounds": [{"p": 55, "d": 0.2649994, "v": 75}, {"p": 43, "d": 0.499992371, "v": 76}], "pos": -1.5, "size": 1.30000007}, {"$id": 533, "_time": 115.550781, "sounds": [{"p": 79, "d": 0.2649994, "v": 109}, {"p": 74, "d": 0.25, "v": 90}], "pos": 0.5, "size": 1.0}, {"$id": 534, "_time": 115.550781, "sounds": [{"p": 55, "d": 0.205001831, "v": 77}], "pos": -1.5, "size": 1.30000007}, {"$id": 535, "_time": 115.910156, "sounds": [{"p": 81, "d": 0.3999939, "v": 85}, {"p": 74, "d": 0.2749939, "v": 80}], "pos": 1.5, "size": 1.0}, {"$id": 536, "_time": 115.910156, "sounds": [{"p": 55, "d": 0.875, "v": 79}], "pos": -1.5, "size": 1.30000007}, {"$id": 537, "_time": 116.390625, "sounds": [{"p": 67, "d": 0.400001526, "v": 80}, {"p": 72, "d": 0.400001526, "v": 102}, {"p": 77, "d": 0.470001221, "v": 90}], "pos": -0.5, "size": 1.0}, {"$id": 538, "_time": 117.109375, "sounds": [{"p": 86, "d": 0.3600006, "v": 74}, {"p": 79, "d": 0.3100052, "v": 111}, {"p": 74, "d": 0.300003052, "v": 88}], "pos": 1.0, "size": 1.0}, {"$id": 539, "_time": 117.109375, "sounds": [{"p": 51, "d": 0.300003052, "v": 74}, {"p": 39, "d": 0.355003357, "v": 79}], "pos": -2.0, "size": 1.30000007}, {"$id": 540, "_time": 117.46875, "sounds": [{"p": 79, "d": 0.2599945, "v": 91}, {"p": 74, "d": 0.244995117, "v": 94}], "size": 1.0, "pos": 0}, {"$id": 541, "_time": 117.46875, "sounds": [{"p": 51, "d": 1.47999573, "v": 76}], "pos": -2.0, "size": 1.30000007}, {"$id": 542, "_time": 117.828125, "sounds": [{"p": 81, "d": 0.4699936, "v": 102}, {"p": 77, "d": 0.394996643, "v": 73}, {"p": 72, "d": 0.3849945, "v": 92}], "pos": 2.0, "size": 1.0}, {"$id": 543, "_time": 117.828125, "sounds": [{"p": 63, "d": 0.379997253, "v": 92}], "pos": -1.0, "size": 1.30000007}, {"$id": 544, "_time": 118.308594, "sounds": [{"p": 77, "d": 0.7599945, "v": 79}, {"p": 72, "d": 0.715003967, "v": 102}], "pos": 1.0, "size": 1.0}, {"$id": 545, "_time": 118.308594, "sounds": [{"p": 63, "d": 0.6850052, "v": 84}], "pos": -1.0, "size": 1.30000007}, {"$id": 546, "_time": 118.789063, "sounds": [{"p": 84, "d": 0.2749939, "v": 88}], "pos": 0.5, "size": 1.0}, {"$id": 547, "_time": 119.03125, "sounds": [{"p": 48, "d": 1.86499786, "v": 76}, {"p": 60, "d": 0.9150009, "v": 84}], "pos": -1.5, "size": 1.30000007}, {"$id": 548, "_time": 119.03125, "sounds": [{"p": 75, "d": 0.2049942, "v": 98}, {"p": 67, "d": 0.189994812, "v": 88}], "pos": 1.5, "size": 1.0}, {"$id": 549, "_time": 119.269531, "sounds": [{"p": 74, "d": 0.215003967, "v": 77}], "pos": -0.5, "size": 1.0}, {"$id": 550, "_time": 119.390625, "sounds": [{"p": 75, "d": 0.23500061, "v": 102}, {"p": 67, "d": 0.13999939, "v": 74}], "pos": 0.5, "size": 1.0}, {"$id": 551, "_time": 119.628906, "sounds": [{"p": 72, "d": 0.2649994, "v": 105}, {"p": 67, "d": 0.23500061, "v": 94}], "pos": -1.0, "size": 1.0}, {"$id": 552, "_time": 119.988281, "sounds": [{"p": 60, "d": 0.875, "v": 77}], "pos": -1.5, "size": 1.30000007}, {"$id": 553, "_time": 119.988281, "sounds": [{"p": 75, "d": 0.260002136, "v": 109}, {"p": 67, "d": 0.1700058, "v": 100}], "pos": 1.5, "size": 1.0}, {"$id": 554, "_time": 120.230469, "sounds": [{"p": 67, "d": 0.02999878, "v": 63}, {"p": 74, "d": 0.1349945, "v": 78}], "pos": -0.5, "size": 1.0}, {"$id": 555, "_time": 120.351563, "sounds": [{"p": 67, "d": 0.495002747, "v": 84}, {"p": 75, "d": 0.1949997, "v": 107}], "pos": 0.5, "size": 1.0}, {"$id": 556, "_time": 120.589844, "sounds": [{"p": 72, "d": 0.3199997, "v": 100}], "pos": 1.0, "size": 1.0}, {"$id": 557, "_time": 120.949219, "sounds": [{"p": 86, "d": 0.13999176, "v": 76}], "pos": -2.0, "size": 1.0}, {"$id": 558, "_time": 121.070313, "sounds": [{"p": 85, "d": 0.124992371, "v": 60}], "pos": -1.0, "size": 1.0}, {"$id": 559, "_time": 121.191406, "sounds": [{"p": 86, "d": 0.169998169, "v": 70}], "size": 1.0, "pos": 0}, {"$id": 560, "_time": 121.308594, "sounds": [{"p": 88, "d": 0.135002136, "v": 92}], "pos": 1.0, "size": 1.0}, {"$id": 561, "_time": 121.429688, "sounds": [{"p": 90, "d": 0.13999939, "v": 78}], "size": 1.0, "pos": 0}, {"$id": 562, "_time": 121.550781, "sounds": [{"p": 88, "d": 0.159996033, "v": 66}], "pos": -1.0, "size": 1.0}, {"$id": 563, "_time": 121.667969, "sounds": [{"p": 90, "d": 0.135002136, "v": 92}], "size": 1.0, "pos": 0}, {"$id": 564, "_time": 121.789063, "sounds": [{"p": 91, "d": 0.160003662, "v": 72}], "pos": 1.0, "size": 1.0}, {"$id": 565, "_time": 121.910156, "sounds": [{"p": 93, "d": 0.130004883, "v": 66}], "pos": 2.0, "size": 1.0}, {"$id": 566, "_time": 122.03125, "sounds": [{"p": 91, "d": 0.120002747, "v": 79}], "pos": 1.0, "size": 1.0}, {"$id": 567, "_time": 122.148438, "sounds": [{"p": 93, "d": 0.13999939, "v": 72}], "size": 1.0, "pos": 0}, {"$id": 568, "_time": 122.269531, "sounds": [{"p": 94, "d": 0.184997559, "v": 82}], "pos": -1.0, "size": 1.0}, {"$id": 569, "_time": 122.390625, "sounds": [{"p": 96, "d": 0.190002441, "v": 67}], "pos": -2.0, "size": 1.0}, {"$id": 570, "_time": 122.507813, "sounds": [{"p": 94, "d": 0.190002441, "v": 67}], "pos": -1.0, "size": 1.0}, {"$id": 571, "_time": 122.628906, "sounds": [{"p": 96, "d": 0.200004578, "v": 60}], "size": 1.0, "pos": 0}, {"$id": 572, "_time": 122.75, "sounds": [{"p": 98, "d": 0.140007019, "v": 60}], "pos": 1.0, "size": 1.0}, {"$id": 573, "_time": 122.804688, "sounds": [{"p": 79, "d": 0.5450058, "v": 70}, {"p": 91, "d": 0.734993, "w": 0.01171875, "v": 68}, {"p": 82, "d": 0.574996948, "w": 0.01953125, "v": 65}], "pos": 2.0, "size": 1.0}, {"$id": 574, "_time": 122.824219, "sounds": [{"p": 55, "d": 0.644996643, "v": 47}, {"p": 43, "d": 0.5299988, "w": 0.0390625, "v": 57}], "pos": -1.5, "size": 1.60000014}, {"$id": 575, "_time": 126.71875, "pos": -1.5, "size": 1.60000014}, {"$id": 576, "_time": 126.71875, "pos": 1.5, "size": 1.60000014}, {"$id": 577, "_time": 127.917969, "pos": -1.0, "size": 1.60000014}, {"$id": 578, "_time": 127.917969, "pos": 1.0, "size": 1.60000014}, {"$id": 579, "_time": 128.28125, "pos": -1.0, "size": 1.60000014}, {"$id": 580, "_time": 128.28125, "pos": 1.0, "size": 1.60000014}, {"$id": 581, "_time": 128.640625, "pos": -1.5, "size": 1.30000007}, {"$id": 582, "_time": 129.0, "size": 1.30000007, "pos": 0}, {"$id": 583, "_time": 129.359375, "pos": 1.5, "size": 1.30000007}, {"$id": 584, "_time": 129.589844, "sounds": [{"p": 107, "d": 0.06500244, "v": 76}], "pos": 2.0, "size": 1.0}, {"$id": 585, "_time": 129.648438, "sounds": [{"p": 106, "d": 0.0699920654, "v": 83}], "pos": 1.5, "size": 1.0}, {"$id": 586, "_time": 129.710938, "sounds": [{"p": 105, "d": 0.0900116, "v": 83}], "pos": 1.0, "size": 1.0}, {"$id": 587, "_time": 129.769531, "sounds": [{"p": 104, "d": 0.0900116, "v": 74}], "pos": 0.5, "size": 1.0}, {"$id": 588, "_time": 129.824219, "sounds": [{"p": 103, "d": 0.07501221, "v": 61}], "size": 1.0, "pos": 0}, {"$id": 589, "_time": 129.890625, "sounds": [{"p": 102, "d": 0.08000183, "v": 48}], "pos": -0.5, "size": 1.0}, {"$id": 590, "_time": 129.949219, "sounds": [{"p": 101, "d": 0.08000183, "v": 83}], "pos": -1.0, "size": 1.0}, {"$id": 591, "_time": 130.007813, "sounds": [{"p": 100, "d": 0.07499695, "v": 58}], "pos": -1.5, "size": 1.0}, {"$id": 592, "_time": 130.070313, "sounds": [{"p": 99, "d": 0.06500244, "v": 75}], "pos": 1.5, "size": 1.0}, {"$id": 593, "_time": 130.1289, "sounds": [{"p": 98, "d": 0.0700073242, "v": 81}], "pos": 1.0, "size": 1.0}, {"$id": 594, "_time": 130.1914, "sounds": [{"p": 97, "d": 0.08999634, "v": 72}], "pos": 0.5, "size": 1.0}, {"$id": 595, "_time": 130.25, "sounds": [{"p": 96, "d": 0.08999634, "v": 69}], "size": 1.0, "pos": 0}, {"$id": 596, "_time": 130.3086, "sounds": [{"p": 95, "d": 0.07499695, "v": 73}], "pos": -0.5, "size": 1.0}, {"$id": 597, "_time": 130.3711, "sounds": [{"p": 94, "d": 0.08000183, "v": 58}], "pos": -1.0, "size": 1.0}, {"$id": 598, "_time": 130.429688, "sounds": [{"p": 93, "d": 0.08000183, "v": 61}], "pos": -1.5, "size": 1.0}, {"$id": 599, "_time": 130.488281, "sounds": [{"p": 92, "d": 0.07499695, "v": 85}], "pos": -2.0, "size": 1.0}, {"$id": 600, "_time": 130.550781, "sounds": [{"p": 91, "d": 0.119995117, "v": 121}], "pos": -0.5, "size": 1.0}, {"$id": 601, "_time": 130.789063, "sounds": [{"p": 93, "d": 0.120010376, "v": 111}], "pos": -1.5, "size": 1.0}, {"$id": 602, "_time": 131.03125, "sounds": [{"p": 94, "d": 0.120010376, "v": 108}], "pos": 0.5, "size": 1.0}, {"$id": 603, "_time": 131.269531, "sounds": [{"p": 93, "d": 0.11000061, "v": 121}], "pos": -1.5, "size": 1.0}, {"$id": 604, "_time": 131.507813, "sounds": [{"p": 91, "d": 0.129989624, "v": 119}], "pos": -0.5, "size": 1.0}, {"$id": 605, "_time": 131.75, "sounds": [{"p": 93, "d": 0.115005493, "v": 117}], "pos": -1.5, "size": 1.0}, {"$id": 606, "_time": 131.988281, "sounds": [{"p": 94, "d": 0.11000061, "v": 112}], "pos": 0.5, "size": 1.0}, {"$id": 607, "_time": 132.230469, "sounds": [{"p": 93, "d": 0.115005493, "v": 119}], "pos": -1.5, "size": 1.0}, {"$id": 608, "_time": 132.46875, "sounds": [{"p": 94, "d": 0.120010376, "v": 112}], "pos": 0.5, "size": 1.0}, {"$id": 609, "_time": 132.710938, "sounds": [{"p": 96, "d": 0.13999939, "v": 114}], "pos": -0.5, "size": 1.0}, {"$id": 610, "_time": 132.949219, "sounds": [{"p": 98, "d": 0.135009766, "v": 113}], "pos": 1.5, "size": 1.0}, {"$id": 611, "_time": 133.1914, "sounds": [{"p": 96, "d": 0.13999939, "v": 107}], "pos": -0.5, "size": 1.0}, {"$id": 612, "_time": 133.429688, "sounds": [{"p": 94, "d": 0.179992676, "v": 111}], "pos": 0.5, "size": 1.0}, {"$id": 613, "_time": 133.667969, "sounds": [{"p": 96, "d": 0.1499939, "v": 108}], "pos": -0.5, "size": 1.0}, {"$id": 614, "_time": 133.910156, "sounds": [{"p": 98, "d": 0.1499939, "v": 117}], "pos": 1.5, "size": 1.0}, {"$id": 615, "_time": 134.148438, "sounds": [{"p": 96, "d": 0.160003662, "v": 116}], "pos": -0.5, "size": 1.0}, {"$id": 616, "_time": 134.390625, "sounds": [{"p": 84, "d": 0.180007935, "v": 117}], "pos": 0.5, "size": 1.0}, {"$id": 617, "_time": 134.519531, "sounds": [{"p": 96, "d": 0.220001221, "v": 92}], "pos": 1.5, "size": 1.0}, {"$id": 618, "_time": 134.75, "sounds": [{"p": 72, "d": 0.175003052, "v": 107}], "pos": -0.5, "size": 1.0}, {"$id": 619, "_time": 134.875, "sounds": [{"p": 60, "d": 0.145004272, "v": 78}], "pos": -1.5, "size": 1.0}, {"$id": 620, "_time": 135.109375, "sounds": [{"p": 84, "d": 0.130004883, "v": 102}], "pos": 0.5, "size": 1.0}, {"$id": 621, "_time": 135.210938, "sounds": [{"p": 96, "d": 0.160003662, "v": 82}], "pos": 1.5, "size": 1.0}, {"$id": 622, "_time": 135.46875, "sounds": [{"p": 72, "d": 0.304992676, "v": 117}], "pos": -0.5, "size": 1.0}, {"$id": 623, "_time": 135.59375, "sounds": [{"p": 60, "d": 0.304992676, "v": 82}], "pos": -1.5, "size": 1.0}, {"$id": 624, "_time": 135.828125, "sounds": [{"p": 84, "d": 0.130004883, "v": 121}], "pos": 0.5, "size": 1.0}, {"$id": 625, "_time": 135.894531, "sounds": [{"p": 96, "d": 0.205001831, "v": 92}], "pos": 1.5, "size": 1.0}, {"$id": 626, "_time": 136.070313, "sounds": [{"p": 72, "d": 0.145004272, "v": 111}], "pos": -0.5, "size": 1.0}, {"$id": 627, "_time": 136.21875, "sounds": [{"p": 60, "d": 0.104995728, "v": 84}], "pos": -1.5, "size": 1.0}, {"$id": 628, "_time": 136.3086, "sounds": [{"p": 86, "d": 0.2250061, "v": 107}, {"p": 98, "d": 0.295013428, "v": 79}], "pos": 1.5, "size": 1.30000007}, {"$id": 629, "_time": 136.3086, "sounds": [{"p": 74, "d": 0.295013428, "v": 79}, {"p": 62, "d": 0.2250061, "v": 107}], "pos": -0.5, "size": 1.30000007}, {"$id": 630, "_time": 136.667969, "sounds": [{"p": 97, "d": 0.229995728, "v": 87}, {"p": 85, "d": 0.164993286, "v": 100}], "pos": 0.5, "size": 1.30000007}, {"$id": 631, "_time": 136.667969, "sounds": [{"p": 73, "d": 0.229995728, "v": 102}, {"p": 61, "d": 0.164993286, "v": 92}], "pos": -1.5, "size": 1.30000007}, {"$id": 632, "_time": 137.03125, "sounds": [{"p": 98, "d": 0.244979858, "v": 72}, {"p": 86, "d": 0.204986572, "v": 92}], "pos": 1.0, "size": 1.30000007}, {"$id": 633, "_time": 137.03125, "sounds": [{"p": 74, "d": 0.244979858, "v": 72}, {"p": 62, "d": 0.204986572, "v": 92}], "pos": -1.0, "size": 1.30000007}, {"$id": 634, "_time": 137.390625, "sounds": [{"p": 99, "d": 0.1499939, "v": 92}, {"p": 87, "d": 0.189987183, "v": 77}], "pos": 1.5, "size": 1.30000007}, {"$id": 635, "_time": 137.390625, "sounds": [{"p": 75, "d": 0.1499939, "v": 92}, {"p": 63, "d": 0.189987183, "v": 77}], "pos": -0.5, "size": 1.30000007}, {"$id": 636, "_time": 137.75, "sounds": [{"p": 86, "d": 0.150009155, "v": 92}], "pos": -1.5, "size": 1.0}, {"$id": 637, "_time": 137.8711, "sounds": [{"p": 87, "d": 0.1349945, "v": 89}], "pos": -0.750941, "size": 1.0}, {"$id": 638, "_time": 137.988281, "sounds": [{"p": 88, "d": 0.13999939, "v": 102}], "size": 1.0, "pos": 0}, {"$id": 639, "_time": 138.109375, "sounds": [{"p": 90, "d": 0.130004883, "v": 89}], "pos": 0.725848, "size": 1.0}, {"$id": 640, "_time": 138.230469, "sounds": [{"p": 91, "d": 0.8899994, "v": 96}], "pos": 1.5, "size": 1.0}, {"$id": 641, "_time": 142.070313, "pos": 1.5, "size": 1.60000014}, {"$id": 642, "_time": 142.070313, "pos": -1.5, "size": 1.60000014}, {"$id": 643, "_time": 143.9961, "pos": 1.5, "size": 1.60000014}, {"$id": 644, "_time": 143.9961, "pos": -1.5, "size": 1.60000014}, {"$id": 645, "_time": 145.910156, "pos": 1.0, "size": 1.60000014}, {"$id": 646, "_time": 146.03125, "pos": 1.0, "size": 1.60000014}, {"$id": 647, "_time": 146.269531, "pos": -1.0, "size": 1.60000014}, {"$id": 648, "_time": 146.390625, "pos": -1.0, "size": 1.60000014}, {"$id": 649, "_time": 146.6289, "pos": 1.0, "size": 1.60000014}, {"$id": 650, "_time": 146.75, "pos": 1.0, "size": 1.60000014}, {"$id": 651, "_time": 146.988281, "pos": -1.0, "size": 1.60000014}, {"$id": 652, "_time": 147.109375, "pos": -1.0, "size": 1.60000014}, {"$id": 653, "_time": 147.351563, "pos": 1.0, "size": 1.60000014}, {"$id": 654, "_time": 147.46875, "pos": -1.0, "size": 1.60000014}, {"$id": 655, "_time": 147.589844, "pos": 1.0, "size": 1.60000014}], "speed": 10.0, "links": [{"notes": [{"$ref": 91}, {"$ref": 92}, {"$ref": 93}, {"$ref": 94}, {"$ref": 95}, {"$ref": 96}, {"$ref": 97}, {"$ref": 98}]}, {"notes": [{"$ref": 336}, {"$ref": 337}, {"$ref": 338}, {"$ref": 339}, {"$ref": 340}, {"$ref": 341}, {"$ref": 342}, {"$ref": 343}]}, {"notes": [{"$ref": 145}, {"$ref": 146}, {"$ref": 147}, {"$ref": 148}, {"$ref": 149}, {"$ref": 150}, {"$ref": 151}]}, {"notes": [{"$ref": 137}, {"$ref": 138}, {"$ref": 139}, {"$ref": 140}]}, {"notes": [{"$ref": 141}, {"$ref": 142}, {"$ref": 143}, {"$ref": 144}]}, {"notes": [{"$ref": 275}, {"$ref": 276}, {"$ref": 277}]}, {"notes": [{"$ref": 377}, {"$ref": 378}, {"$ref": 379}, {"$ref": 380}, {"$ref": 381}, {"$ref": 382}, {"$ref": 383}, {"$ref": 384}, {"$ref": 385}]}, {"notes": [{"$ref": 515}, {"$ref": 516}, {"$ref": 517}, {"$ref": 518}, {"$ref": 519}, {"$ref": 520}, {"$ref": 521}, {"$ref": 522}]}, {"notes": [{"$ref": 636}, {"$ref": 637}, {"$ref": 638}, {"$ref": 639}, {"$ref": 640}]}, {"notes": [{"$ref": 386}, {"$ref": 387}, {"$ref": 388}, {"$ref": 389}, {"$ref": 390}, {"$ref": 391}, {"$ref": 392}, {"$ref": 393}, {"$ref": 394}]}, {"notes": [{"$ref": 592}, {"$ref": 593}, {"$ref": 594}, {"$ref": 595}, {"$ref": 596}, {"$ref": 597}, {"$ref": 598}, {"$ref": 599}]}, {"notes": [{"$ref": 270}, {"$ref": 271}, {"$ref": 272}, {"$ref": 274}]}, {"notes": [{"$ref": 207}, {"$ref": 209}]}, {"notes": [{"$ref": 215}, {"$ref": 217}]}, {"notes": [{"$ref": 225}, {"$ref": 227}]}, {"notes": [{"$ref": 198}, {"$ref": 199}]}, {"notes": [{"$ref": 99}, {"$ref": 100}, {"$ref": 101}, {"$ref": 102}, {"$ref": 103}, {"$ref": 104}, {"$ref": 105}, {"$ref": 106}, {"$ref": 107}]}, {"notes": [{"$ref": 395}, {"$ref": 396}, {"$ref": 397}, {"$ref": 398}, {"$ref": 399}, {"$ref": 400}, {"$ref": 401}, {"$ref": 402}, {"$ref": 403}, {"$ref": 404}, {"$ref": 405}, {"$ref": 406}, {"$ref": 407}]}, {"notes": [{"$ref": 344}, {"$ref": 345}, {"$ref": 346}, {"$ref": 347}, {"$ref": 348}, {"$ref": 349}, {"$ref": 350}, {"$ref": 351}, {"$ref": 352}]}, {"notes": [{"$ref": 523}, {"$ref": 524}, {"$ref": 525}, {"$ref": 526}, {"$ref": 527}, {"$ref": 528}, {"$ref": 529}, {"$ref": 530}, {"$ref": 531}]}, {"notes": [{"$ref": 557}, {"$ref": 558}, {"$ref": 559}, {"$ref": 560}, {"$ref": 561}, {"$ref": 562}, {"$ref": 563}, {"$ref": 564}]}, {"notes": [{"$ref": 565}, {"$ref": 566}, {"$ref": 567}, {"$ref": 568}, {"$ref": 569}, {"$ref": 570}, {"$ref": 571}, {"$ref": 572}, {"$ref": 573}]}, {"notes": [{"$ref": 616}, {"$ref": 617}]}, {"notes": [{"$ref": 618}, {"$ref": 619}]}, {"notes": [{"$ref": 620}, {"$ref": 621}]}, {"notes": [{"$ref": 622}, {"$ref": 623}]}, {"notes": [{"$ref": 624}, {"$ref": 625}]}, {"notes": [{"$ref": 465}, {"$ref": 466}, {"$ref": 467}]}, {"notes": [{"$ref": 626}, {"$ref": 627}, {"$ref": 629}]}, {"notes": [{"$ref": 481}, {"$ref": 482}, {"$ref": 483}, {"$ref": 484}]}, {"notes": [{"$ref": 477}, {"$ref": 478}, {"$ref": 479}, {"$ref": 480}]}, {"notes": [{"$ref": 485}, {"$ref": 486}, {"$ref": 487}, {"$ref": 488}]}, {"notes": [{"$ref": 489}, {"$ref": 490}, {"$ref": 491}, {"$ref": 492}]}, {"notes": [{"$ref": 584}, {"$ref": 585}, {"$ref": 586}, {"$ref": 587}, {"$ref": 588}, {"$ref": 589}, {"$ref": 590}, {"$ref": 591}]}]}