{"speed": 7.96, "notes": [{"$id": 1, "sounds": [{"d": 0.13125, "p": 79, "v": 84}], "pos": -1.5, "size": 1.0, "_time": 0.36328125}, {"$id": 2, "sounds": [{"d": 0.244791627, "p": 81, "v": 83}], "pos": 1.5, "size": 1.0, "_time": 1.48828125}, {"$id": 3, "sounds": [{"d": 0.507290363, "p": 76, "v": 26}], "size": 1.0, "_time": 2.58984375, "pos": 0}, {"$id": 4, "sounds": [{"d": 0.477082, "p": 79, "v": 52}], "pos": 1.0, "size": 1.0, "_time": 2.66796875}, {"$id": 5, "sounds": [{"d": 0.419790268, "p": 48, "v": 36}], "pos": -2.0, "size": 1.0, "_time": 2.69921875}, {"$id": 6, "sounds": [{"d": 0.429165363, "p": 83, "v": 62}], "pos": 2.0, "size": 1.0, "_time": 2.7265625}, {"$id": 7, "sounds": [{"d": 0.0895834, "p": 81, "v": 76}], "pos": 2.0, "size": 1.0, "_time": 3.1484375}, {"$id": 8, "sounds": [{"d": 0.06354165, "p": 60, "v": 46}], "pos": -1.0, "size": 1.0, "_time": 3.17578125}, {"$id": 9, "sounds": [{"d": 0.413541555, "p": 81, "v": 89}], "pos": 1.0, "size": 1.0, "_time": 3.54296875}, {"$id": 10, "sounds": [{"d": 0.45104146, "p": 64, "v": 45}], "pos": -2.0, "size": 1.0, "_time": 3.55078125}, {"$id": 11, "sounds": [{"d": 0.4614582, "p": 76, "v": 63}], "pos": 1.0, "size": 1.0, "_time": 3.96484375}, {"$id": 12, "sounds": [{"d": 0.452083349, "p": 67, "v": 32}], "pos": -2.0, "size": 1.0, "_time": 3.99609375}, {"$id": 13, "sounds": [{"d": 0.8937578, "p": 79, "v": 31}, {"d": 0.8260493, "p": 75, "v": 35}], "pos": 1.0, "size": 1.0, "_time": 4.46484375}, {"$id": 14, "sounds": [{"d": 1.21354914, "p": 69, "v": 25}, {"w": 0.01171875, "d": 1.26771593, "p": 60, "v": 24}], "pos": -1.0, "size": 1.0, "_time": 4.484375}, {"$id": 15, "sounds": [{"d": 0.2635417, "p": 79, "v": 88}], "pos": -1.5, "size": 1.0, "_time": 5.77734375}, {"$id": 16, "sounds": [{"d": 0.300001621, "p": 81, "v": 84}], "pos": 1.5, "size": 1.0, "_time": 5.97265625}, {"$id": 17, "sounds": [{"d": 1.17396116, "p": 59, "v": 47}, {"d": 0.327085972, "p": 74, "v": 60}], "pos": -0.5, "size": 1.0, "_time": 6.203125}, {"$id": 18, "sounds": [{"d": 0.386460781, "p": 78, "v": 68}, {"w": 0.0078125, "d": 0.556252, "p": 69, "v": 43}], "pos": 1.5, "size": 1.0, "_time": 6.21484375}, {"$id": 19, "sounds": [{"d": 0.04374981, "p": 74, "v": 63}], "pos": 0.5, "size": 1.0, "_time": 6.6171875}, {"$id": 20, "sounds": [{"d": 0.4968753, "p": 66, "v": 47}], "pos": -2.0, "size": 1.0, "_time": 6.80859375}, {"$id": 21, "sounds": [{"d": 0.5010419, "p": 74, "v": 59}], "pos": 0.5, "size": 1.0, "_time": 7.02734375}, {"$id": 22, "sounds": [{"d": 0.0604167, "p": 71, "v": 40}], "pos": -1.0, "size": 1.0, "_time": 7.48828125}, {"$id": 23, "sounds": [{"d": 0.448965073, "p": 68, "v": 32}, {"w": 0.00390625, "d": 0.415631771, "p": 77, "v": 35}, {"w": 0.03125, "d": 0.9625063, "p": 62, "v": 28}], "pos": -1.0, "size": 1.0, "_time": 7.9921875}, {"$id": 24, "sounds": [{"d": 0.4666729, "p": 71, "v": 24}, {"w": 0.015625, "d": 1.32813168, "p": 52, "v": 26}], "pos": 2.0, "size": 1.0, "_time": 7.99609375}, {"$id": 25, "sounds": [{"d": 0.0625, "p": 76, "v": 62}], "pos": 1.5, "size": 1.0, "_time": 8.421875}, {"$id": 26, "sounds": [{"d": 0.5197916, "p": 76, "v": 85}], "pos": 1.5, "size": 1.0, "_time": 8.660156}, {"$id": 27, "sounds": [{"d": 0.149999619, "p": 74, "v": 66}], "pos": -1.0, "size": 1.0, "_time": 9.105469}, {"$id": 28, "sounds": [{"d": 0.654171944, "p": 45, "v": 22}], "pos": -1.0, "size": 1.0, "_time": 9.8515625}, {"$id": 29, "sounds": [{"d": 0.356255531, "p": 64, "v": 26}, {"d": 0.505213737, "p": 67, "v": 36}, {"d": 0.517713547, "p": 74, "v": 40}], "pos": 2.0, "size": 1.0, "_time": 9.871094}, {"$id": 30, "sounds": [{"d": 0.0479164124, "p": 72, "v": 58}], "pos": 1.5, "size": 1.0, "_time": 10.3671875}, {"$id": 31, "sounds": [{"d": 0.395833015, "p": 52, "v": 28}, {"d": 0.04374981, "p": 64, "v": 48}], "pos": -1.0, "size": 1.0, "_time": 10.3789063}, {"$id": 32, "sounds": [{"d": 0.426040649, "p": 72, "v": 89}], "pos": 1.5, "size": 1.0, "_time": 10.75}, {"$id": 33, "sounds": [{"d": 0.104166985, "p": 55, "v": 58}], "pos": -1.0, "size": 1.0, "_time": 10.7695313}, {"$id": 34, "sounds": [{"d": 0.108332634, "p": 57, "v": 40}], "pos": -1.5, "size": 1.0, "_time": 11.0898438}, {"$id": 35, "sounds": [{"d": 0.077082634, "p": 71, "v": 80}], "pos": 1.0, "size": 1.0, "_time": 11.1289063}, {"$id": 36, "sounds": [{"d": 0.685423851, "p": 64, "v": 68}], "size": 1.0, "_time": 11.328125, "pos": 0}, {"$id": 37, "sounds": [{"d": 0.495841026, "p": 66, "v": 55}], "pos": 0.5, "size": 1.0, "_time": 11.4453125}, {"$id": 38, "sounds": [{"d": 0.2760477, "p": 72, "v": 62}], "pos": 1.0, "size": 1.0, "_time": 11.6171875}, {"$id": 39, "sounds": [{"d": 0.5312576, "p": 60, "v": 31}, {"d": 1.5718832, "p": 50, "v": 43}], "pos": -2.0, "size": 1.0, "_time": 11.6484375}, {"$id": 40, "sounds": [{"d": 0.04374981, "p": 66, "v": 55}, {"w": 0.015625, "d": 0.0541667938, "p": 74, "v": 52}], "pos": -1.5, "size": 1.0, "_time": 12.0351563}, {"$id": 41, "sounds": [{"d": 0.8479166, "p": 57, "v": 21}], "pos": -1.0, "size": 1.0, "_time": 12.3125}, {"$id": 42, "sounds": [{"d": 0.122916222, "p": 76, "v": 71}], "pos": 1.0, "size": 1.0, "_time": 12.5820313}, {"$id": 43, "sounds": [{"d": 0.103124619, "p": 67, "v": 73}, {"d": 0.375, "p": 60, "v": 39}], "pos": -1.5, "size": 1.0, "_time": 12.5898438}, {"$id": 44, "sounds": [{"d": 0.283333778, "p": 78, "v": 84}], "pos": 1.5, "size": 1.0, "_time": 12.9335938}, {"$id": 45, "sounds": [{"d": 0.158332825, "p": 69, "v": 79}], "pos": -1.0, "size": 1.0, "_time": 12.9375}, {"$id": 46, "sounds": [{"d": 0.3000002, "p": 79, "v": 84}], "pos": 2.0, "size": 1.0, "_time": 13.234375}, {"$id": 47, "sounds": [{"d": 0.07916641, "p": 71, "v": 73}], "pos": -0.5, "size": 1.0, "_time": 13.2421875}, {"$id": 48, "sounds": [{"d": 0.422920227, "p": 69, "v": 34}, {"w": 0.01953125, "d": 0.444794655, "p": 78, "v": 63}], "pos": 0.5, "size": 1.0, "_time": 13.5195313}, {"$id": 49, "sounds": [{"d": 0.662503242, "p": 43, "v": 54}], "pos": -2.0, "size": 1.0, "_time": 13.5351563}, {"$id": 50, "sounds": [{"d": 0.08854103, "p": 81, "v": 67}, {"w": 0.00390625, "d": 0.04166603, "p": 74, "v": 57}], "pos": -0.5, "size": 1.0, "_time": 13.9921875}, {"$id": 51, "sounds": [{"d": 0.3760414, "p": 50, "v": 29}], "pos": 2.0, "size": 1.0, "_time": 14.0234375}, {"$id": 52, "sounds": [{"d": 0.0427083969, "p": 78, "v": 55}, {"w": 0.015625, "d": 0.03958416, "p": 69, "v": 58}], "pos": 1.0, "size": 1.0, "_time": 14.4023438}, {"$id": 53, "sounds": [{"d": 0.06458378, "p": 55, "v": 45}], "pos": -1.5, "size": 1.0, "_time": 14.4375}, {"$id": 54, "sounds": [{"d": 0.047917366, "p": 66, "v": 45}, {"w": 0.0390625, "d": 0.5958414, "p": 59, "v": 19}], "pos": -2.0, "size": 1.0, "_time": 14.875}, {"$id": 55, "sounds": [{"d": 0.078125, "p": 74, "v": 39}], "pos": 0.5, "size": 1.0, "_time": 14.875}, {"$id": 56, "sounds": [{"d": 1.45730114, "p": 55, "v": 22}], "size": 1.0, "_time": 15.3359375, "pos": 0}, {"$id": 57, "sounds": [{"d": 0.641674042, "p": 69, "v": 36}, {"d": 0.5406332, "p": 65, "v": 31}], "pos": 1.0, "size": 1.0, "_time": 15.4101563}, {"$id": 58, "sounds": [{"d": 1.33646393, "p": 62, "v": 27}], "pos": 2.0, "size": 1.0, "_time": 15.4335938}, {"$id": 59, "sounds": [{"d": 0.1635418, "p": 71, "v": 48}], "pos": 1.0, "size": 1.0, "_time": 16.3828125}, {"$id": 60, "sounds": [{"d": 0.416666031, "p": 79, "v": 66}], "pos": -1.5, "size": 1.0, "_time": 16.8828125}, {"$id": 61, "sounds": [{"d": 0.380207062, "p": 81, "v": 86}], "pos": 1.0, "size": 1.0, "_time": 17.21875}, {"$id": 62, "sounds": [{"d": 0.6218624, "p": 76, "v": 47}], "size": 1.0, "_time": 17.46875, "pos": 0}, {"$id": 63, "sounds": [{"d": 0.56873703, "p": 79, "v": 54}], "pos": 1.0, "size": 1.0, "_time": 17.5976563}, {"$id": 64, "sounds": [{"d": 0.44373703, "p": 83, "v": 52}], "pos": 2.0, "size": 1.0, "_time": 17.7265625}, {"$id": 65, "sounds": [{"d": 0.3937378, "p": 48, "v": 25}], "pos": -1.0, "size": 1.0, "_time": 17.7617188}, {"$id": 66, "sounds": [{"d": 0.111455917, "p": 81, "v": 80}], "pos": 2.0, "size": 1.0, "_time": 18.1445313}, {"$id": 67, "sounds": [{"d": 0.103122711, "p": 60, "v": 52}], "pos": -0.5, "size": 1.0, "_time": 18.1640625}, {"$id": 68, "sounds": [{"d": 0.4374981, "p": 81, "v": 95}], "pos": 2.0, "size": 1.0, "_time": 18.5390625}, {"$id": 69, "sounds": [{"d": 0.4052086, "p": 64, "v": 62}], "pos": -0.5, "size": 1.0, "_time": 18.5585938}, {"$id": 70, "sounds": [{"d": 0.480207443, "p": 67, "v": 49}], "pos": -2.0, "size": 1.0, "_time": 18.9570313}, {"$id": 71, "sounds": [{"d": 0.5718746, "p": 76, "v": 70}], "pos": 1.0, "size": 1.0, "_time": 18.9648438}, {"$id": 72, "sounds": [{"d": 0.4166584, "p": 75, "v": 42}, {"w": 0.02734375, "d": 1.46978188, "p": 69, "v": 36}], "pos": 1.5, "size": 1.0, "_time": 19.4726563}, {"$id": 73, "sounds": [{"d": 0.7156162, "p": 79, "v": 57}, {"w": 0.015625, "d": 1.50728035, "p": 60, "v": 43}], "pos": -1.5, "size": 1.0, "_time": 19.4882813}, {"$id": 74, "sounds": [{"d": 0.857290268, "p": 81, "v": 57}], "pos": 0.5, "size": 1.0, "_time": 20.2070313}, {"$id": 75, "sounds": [{"d": 0.3197899, "p": 78, "v": 78}], "pos": -1.5, "size": 1.0, "_time": 20.9804688}, {"$id": 76, "sounds": [{"d": 0.284374237, "p": 79, "v": 84}], "pos": -1.0, "size": 1.0, "_time": 21.2109375}, {"$id": 77, "sounds": [{"d": 0.6281166, "p": 74, "v": 60}], "pos": 0.5, "size": 1.0, "_time": 21.3945313}, {"$id": 78, "sounds": [{"d": 0.4947834, "p": 78, "v": 75}], "pos": 1.0, "size": 1.0, "_time": 21.4726563}, {"$id": 79, "sounds": [{"d": 0.6041584, "p": 69, "v": 18}, {"w": 0.01171875, "d": 1.24686432, "p": 59, "v": 25}], "pos": -1.5, "size": 1.0, "_time": 21.4960938}, {"$id": 80, "sounds": [{"d": 0.242700577, "p": 81, "v": 57}], "pos": 1.5, "size": 1.0, "_time": 21.5429688}, {"$id": 81, "sounds": [{"d": 0.0864582062, "p": 86, "v": 80}], "pos": 1.5, "size": 1.0, "_time": 21.9414063}, {"$id": 82, "sounds": [{"d": 0.222915649, "p": 66, "v": 50}], "pos": -1.0, "size": 1.0, "_time": 22.1289063}, {"$id": 83, "sounds": [{"d": 0.432289124, "p": 86, "v": 96}, {"w": 0.04296875, "d": 0.245832443, "p": 69, "v": 48}], "pos": 1.5, "size": 1.0, "_time": 22.328125}, {"$id": 84, "sounds": [{"d": 0.08124924, "p": 78, "v": 81}], "pos": 0.5, "size": 1.0, "_time": 22.734375}, {"$id": 85, "sounds": [{"d": 0.811450958, "p": 74, "v": 49}], "pos": 0.5, "size": 1.0, "_time": 23.1054688}, {"$id": 86, "sounds": [{"d": 0.5249939, "p": 77, "v": 69}], "pos": 1.0, "size": 1.0, "_time": 23.1992188}, {"$id": 87, "sounds": [{"d": 0.5239525, "p": 52, "v": 52}], "pos": -2.0, "size": 1.0, "_time": 23.2695313}, {"$id": 88, "sounds": [{"d": 0.4072857, "p": 81, "v": 73}], "pos": 1.5, "size": 1.0, "_time": 23.2695313}, {"$id": 89, "sounds": [{"d": 0.120832443, "p": 80, "v": 82}], "pos": 0.5, "size": 1.0, "_time": 23.6914063}, {"$id": 90, "sounds": [{"d": 0.40520668, "p": 59, "v": 39}], "pos": -1.5, "size": 1.0, "_time": 23.7265625}, {"$id": 91, "sounds": [{"d": 0.475000381, "p": 83, "v": 92}], "pos": 1.5, "size": 1.0, "_time": 23.9335938}, {"$id": 92, "sounds": [{"d": 0.0541667938, "p": 64, "v": 50}], "pos": -1.0, "size": 1.0, "_time": 24.1835938}, {"$id": 93, "sounds": [{"d": 0.4833336, "p": 76, "v": 65}], "pos": 1.5, "size": 1.0, "_time": 24.4023438}, {"$id": 94, "sounds": [{"d": 0.0708332062, "p": 68, "v": 44}], "pos": -0.5, "size": 1.0, "_time": 24.6210938}, {"$id": 95, "sounds": [{"d": 0.04166603, "p": 74, "v": 54}], "pos": 1.0, "size": 1.0, "_time": 24.8945313}, {"$id": 96, "sounds": [{"d": 0.334367752, "p": 64, "v": 22}], "size": 1.0, "_time": 25.2617188, "pos": 0}, {"$id": 97, "sounds": [{"d": 0.5489502, "p": 67, "v": 48}], "pos": 1.0, "size": 1.0, "_time": 25.2929688}, {"$id": 98, "sounds": [{"d": 0.6374912, "p": 45, "v": 44}], "pos": -2.0, "size": 1.0, "_time": 25.3554688}, {"$id": 99, "sounds": [{"d": 0.422908783, "p": 74, "v": 50}], "pos": 2.0, "size": 1.0, "_time": 25.3554688}, {"$id": 100, "sounds": [{"d": 0.416666031, "p": 52, "v": 53}], "pos": -1.5, "size": 1.0, "_time": 25.6171875}, {"$id": 101, "sounds": [{"d": 0.401041031, "p": 72, "v": 75}], "pos": 1.5, "size": 1.0, "_time": 25.8046875}, {"$id": 102, "sounds": [{"d": 0.2572899, "p": 64, "v": 71}], "pos": -1.0, "size": 1.0, "_time": 25.8203125}, {"$id": 103, "sounds": [{"d": 0.09270859, "p": 55, "v": 71}], "pos": -0.5, "size": 1.0, "_time": 26.0273438}, {"$id": 104, "sounds": [{"d": 0.542709351, "p": 57, "v": 57}], "size": 1.0, "_time": 26.2421875, "pos": 0}, {"$id": 105, "sounds": [{"d": 0.393753052, "p": 72, "v": 100}], "pos": 1.5, "size": 1.0, "_time": 26.4609375}, {"$id": 106, "sounds": [{"d": 0.112501144, "p": 60, "v": 57}], "pos": -1.5, "size": 1.0, "_time": 26.7070313}, {"$id": 107, "sounds": [{"d": 0.0656261444, "p": 71, "v": 63}], "pos": 0.5, "size": 1.0, "_time": 26.8515625}, {"$id": 108, "sounds": [{"d": 0.5416641, "p": 64, "v": 62}], "pos": -1.5, "size": 1.0, "_time": 26.9570313}, {"$id": 109, "sounds": [{"d": 0.444787979, "p": 66, "v": 41}], "pos": -1.0, "size": 1.0, "_time": 27.1171875}, {"$id": 110, "sounds": [{"d": 0.314579, "p": 72, "v": 41}], "pos": 1.0, "size": 1.0, "_time": 27.2578125}, {"$id": 111, "sounds": [{"d": 1.73958206, "p": 50, "v": 34}, {"w": 0.01953125, "d": 0.490623474, "p": 60, "v": 25}], "pos": -1.5, "size": 1.0, "_time": 27.2773438}, {"$id": 112, "sounds": [{"d": 0.862501144, "p": 79, "v": 62}], "pos": 2.0, "size": 1.0, "_time": 27.7460938}, {"$id": 113, "sounds": [{"d": 0.143751144, "p": 71, "v": 41}], "pos": -1.0, "size": 1.0, "_time": 27.765625}, {"$id": 114, "sounds": [{"d": 0.223958969, "p": 57, "v": 22}], "pos": -2.0, "size": 1.0, "_time": 28.0}, {"$id": 115, "sounds": [{"d": 0.3447914, "p": 60, "v": 24}], "pos": -1.5, "size": 1.0, "_time": 28.2617188}, {"$id": 116, "sounds": [{"d": 0.5093765, "p": 78, "v": 37}], "pos": -0.5, "size": 1.0, "_time": 28.6054688}, {"$id": 117, "sounds": [{"d": 0.302083969, "p": 69, "v": 30}], "pos": 2.0, "size": 1.0, "_time": 28.640625}, {"$id": 118, "sounds": [{"d": 0.05208206, "p": 79, "v": 39}], "pos": 1.0, "size": 1.0, "_time": 29.1328125}, {"$id": 119, "sounds": [{"d": 0.0552082062, "p": 71, "v": 28}], "pos": -1.5, "size": 1.0, "_time": 29.1445313}, {"$id": 120, "sounds": [{"d": 0.5593662, "p": 71, "v": 35}, {"w": 0.015625, "d": 2.01666069, "p": 79, "v": 47}], "pos": 1.0, "size": 1.0, "_time": 29.4921875}, {"$id": 121, "sounds": [{"d": 0.509367, "p": 43, "v": 44}], "pos": -1.5, "size": 1.0, "_time": 29.4960938}, {"$id": 122, "sounds": [{"d": 0.4072914, "p": 50, "v": 33}], "pos": -2.0, "size": 1.0, "_time": 30.0117188}, {"$id": 123, "sounds": [{"d": 0.0510425568, "p": 57, "v": 39}], "pos": -1.5, "size": 1.0, "_time": 30.4648438}, {"$id": 124, "sounds": [{"d": 1.96979332, "p": 59, "v": 25}], "pos": -1.0, "size": 1.0, "_time": 30.9335938}, {"$id": 125, "sounds": [{"d": 0.4916687, "p": 69, "v": 17}], "size": 1.0, "_time": 31.5078125, "pos": 0}, {"$id": 126, "sounds": [{"d": 0.362501144, "p": 74, "v": 21}], "pos": 1.0, "size": 1.0, "_time": 31.5625}, {"$id": 127, "sounds": [{"d": 0.598958969, "p": 78, "v": 32}], "pos": 2.0, "size": 1.0, "_time": 31.6367188}, {"$id": 128, "sounds": [{"d": 0.5499687, "p": 76, "v": 32}], "pos": 0.5, "size": 1.0, "_time": 33.7773438}, {"$id": 129, "sounds": [{"d": 0.476017, "p": 79, "v": 53}], "pos": 1.0, "size": 1.0, "_time": 33.82422}, {"$id": 130, "sounds": [{"d": 3.41975021, "p": 60, "v": 31}], "pos": -1.5, "size": 1.0, "_time": 33.859375}, {"$id": 131, "sounds": [{"d": 0.5218353, "p": 83, "v": 54}], "pos": 1.5, "size": 1.0, "_time": 33.875}, {"$id": 132, "sounds": [{"d": 2.51665878, "p": 81, "v": 57}], "pos": 1.0, "size": 1.0, "_time": 34.33203}, {"$id": 133, "sounds": [{"d": 1.62083435, "p": 76, "v": 28}], "pos": 0.5, "size": 1.0, "_time": 35.2773438}, {"$id": 134, "sounds": [{"d": 0.328125, "p": 78, "v": 86}], "size": 1.0, "_time": 37.30078, "pos": 0}, {"$id": 135, "sounds": [{"d": 0.240623474, "p": 79, "v": 78}], "pos": 1.0, "size": 1.0, "_time": 37.51953}, {"$id": 136, "sounds": [{"d": 0.5583, "p": 81, "v": 54}], "pos": 2.0, "size": 1.0, "_time": 37.76172}, {"$id": 137, "sounds": [{"d": 3.02183914, "p": 59, "v": 21}, {"d": 1.35934067, "p": 69, "v": 25}, {"d": 0.490589142, "p": 74, "v": 40}], "pos": -1.0, "size": 1.0, "_time": 37.7890625}, {"$id": 138, "sounds": [{"d": 0.117710114, "p": 79, "v": 59}], "pos": 1.0, "size": 1.0, "_time": 38.26172}, {"$id": 139, "sounds": [{"d": 0.0687484741, "p": 74, "v": 51}], "pos": 0.5, "size": 1.0, "_time": 38.7109375}, {"$id": 140, "sounds": [{"d": 1.38333511, "p": 67, "v": 23}], "size": 1.0, "_time": 39.2148438, "pos": 0}, {"$id": 141, "sounds": [{"d": 0.4208336, "p": 71, "v": 44}], "pos": -1.0, "size": 1.0, "_time": 40.92578}, {"$id": 142, "sounds": [{"d": 0.360401154, "p": 64, "v": 35}], "size": 1.0, "_time": 41.2539063, "pos": 0}, {"$id": 143, "sounds": [{"d": 0.554134369, "p": 67, "v": 47}], "pos": 0.5, "size": 1.0, "_time": 41.3671875}, {"$id": 144, "sounds": [{"d": 0.5624695, "p": 45, "v": 19}], "pos": -1.0, "size": 1.0, "_time": 41.4140625}, {"$id": 145, "sounds": [{"d": 0.4395523, "p": 72, "v": 53}], "pos": 1.0, "size": 1.0, "_time": 41.453125}, {"$id": 146, "sounds": [{"d": 0.3114586, "p": 52, "v": 24}], "pos": -1.5, "size": 1.0, "_time": 41.83203}, {"$id": 147, "sounds": [{"d": 0.4750023, "p": 71, "v": 63}, {"w": 0.00390625, "d": 0.297920227, "p": 64, "v": 63}], "pos": 1.5, "size": 1.0, "_time": 41.8828125}, {"$id": 148, "sounds": [{"d": 0.107292175, "p": 55, "v": 52}], "pos": -1.0, "size": 1.0, "_time": 42.14453}, {"$id": 149, "sounds": [{"d": 0.4145813, "p": 57, "v": 48}], "pos": -0.5, "size": 1.0, "_time": 42.3515625}, {"$id": 150, "sounds": [{"d": 0.0822868347, "p": 72, "v": 72}], "pos": 1.0, "size": 1.0, "_time": 42.51172}, {"$id": 151, "sounds": [{"d": 0.0374984741, "p": 67, "v": 67}], "pos": -1.0, "size": 1.0, "_time": 42.51953}, {"$id": 152, "sounds": [{"d": 0.173957825, "p": 64, "v": 66}], "pos": -1.5, "size": 1.0, "_time": 42.69922}, {"$id": 153, "sounds": [{"d": 0.254169464, "p": 76, "v": 92}, {"w": 0.015625, "d": 0.208335876, "p": 72, "v": 73}], "pos": 1.5, "size": 1.0, "_time": 42.85547}, {"$id": 154, "sounds": [{"d": 0.07083511, "p": 57, "v": 68}], "pos": -1.0, "size": 1.0, "_time": 43.0}, {"$id": 155, "sounds": [{"d": 0.141666412, "p": 79, "v": 89}], "pos": 2.0, "size": 1.0, "_time": 43.1210938}, {"$id": 156, "sounds": [{"d": 0.3624878, "p": 72, "v": 82}], "pos": 0.5, "size": 1.0, "_time": 43.2773438}, {"$id": 157, "sounds": [{"d": 0.297901154, "p": 76, "v": 58}], "pos": 1.0, "size": 1.0, "_time": 43.3710938}, {"$id": 158, "sounds": [{"d": 0.210403442, "p": 79, "v": 69}], "pos": 1.5, "size": 1.0, "_time": 43.4335938}, {"$id": 159, "sounds": [{"d": 0.502067566, "p": 38, "v": 44}], "pos": -1.5, "size": 1.0, "_time": 43.44922}, {"$id": 160, "sounds": [{"d": 0.0625, "p": 83, "v": 76}, {"w": 0.0078125, "d": 0.05624771, "p": 72, "v": 63}], "pos": 2.0, "size": 1.0, "_time": 43.8359375}, {"$id": 161, "sounds": [{"d": 0.131248474, "p": 45, "v": 19}], "pos": -1.5, "size": 1.0, "_time": 43.91797}, {"$id": 162, "sounds": [{"d": 0.145832062, "p": 50, "v": 39}], "pos": -1.0, "size": 1.0, "_time": 44.2773438}, {"$id": 163, "sounds": [{"d": 0.1479187, "p": 76, "v": 40}, {"d": 0.122917175, "p": 67, "v": 47}], "pos": 0.5, "size": 1.0, "_time": 44.51953}, {"$id": 164, "sounds": [{"d": 0.0552101135, "p": 54, "v": 24}], "pos": -0.5, "size": 1.0, "_time": 44.8125}, {"$id": 165, "sounds": [{"d": 0.046875, "p": 78, "v": 45}, {"w": 0.01953125, "d": 0.0489578247, "p": 69, "v": 22}], "pos": 1.0, "size": 1.0, "_time": 45.0234375}, {"$id": 166, "sounds": [{"d": 0.5322685, "p": 43, "v": 28}], "pos": -1.5, "size": 1.0, "_time": 45.42578}, {"$id": 167, "sounds": [{"d": 0.394767761, "p": 69, "v": 34}, {"w": 0.0078125, "d": 0.5478935, "p": 78, "v": 52}], "pos": 1.5, "size": 1.0, "_time": 45.4453125}, {"$id": 168, "sounds": [{"d": 0.392707825, "p": 50, "v": 31}], "pos": -1.5, "size": 1.0, "_time": 45.92578}, {"$id": 169, "sounds": [{"d": 0.723957062, "p": 79, "v": 69}, {"d": 0.354167938, "p": 71, "v": 61}], "pos": 1.5, "size": 1.0, "_time": 46.109375}, {"$id": 170, "sounds": [{"d": 0.0552101135, "p": 55, "v": 44}], "pos": -1.0, "size": 1.0, "_time": 46.375}, {"$id": 171, "sounds": [{"d": 1.98645782, "p": 57, "v": 34}], "pos": -0.5, "size": 1.0, "_time": 46.83203}, {"$id": 172, "sounds": [{"d": 0.482288361, "p": 62, "v": 17}], "pos": -2.0, "size": 1.0, "_time": 47.203125}, {"$id": 173, "sounds": [{"d": 0.392707825, "p": 69, "v": 31}], "pos": -1.0, "size": 1.0, "_time": 47.2890625}, {"$id": 174, "sounds": [{"d": 0.53125, "p": 67, "v": 24}], "size": 1.0, "_time": 47.3398438, "pos": 0}, {"$id": 175, "sounds": [{"d": 0.3197937, "p": 74, "v": 33}], "pos": 1.0, "size": 1.0, "_time": 47.359375}, {"$id": 176, "sounds": [{"d": 1.22916794, "p": 78, "v": 43}], "pos": 2.0, "size": 1.0, "_time": 47.4375}, {"$id": 177, "sounds": [{"d": 0.416667938, "p": 62, "v": 18}], "pos": 1.0, "size": 1.0, "_time": 48.4648438}, {"$id": 178, "sounds": [{"d": 0.446849823, "p": 55, "v": 16}], "pos": -1.0, "size": 1.0, "_time": 49.796875}, {"$id": 179, "sounds": [{"d": 0.379142761, "p": 59, "v": 20}], "size": 1.0, "_time": 49.91797, "pos": 0}, {"$id": 180, "sounds": [{"d": 0.4437256, "p": 36, "v": 25}], "pos": -2.0, "size": 1.0, "_time": 49.9648438}, {"$id": 181, "sounds": [{"d": 0.3572693, "p": 64, "v": 39}], "pos": 1.0, "size": 1.0, "_time": 49.98047}, {"$id": 182, "sounds": [{"d": 0.08958435, "p": 48, "v": 19}], "pos": -1.5, "size": 1.0, "_time": 50.5234375}, {"$id": 183, "sounds": [{"d": 0.264579773, "p": 66, "v": 71}], "pos": 0.5, "size": 1.0, "_time": 50.7851563}, {"$id": 184, "sounds": [{"d": 2.078125, "p": 52, "v": 43}], "pos": -1.0, "size": 1.0, "_time": 50.9960938}, {"$id": 185, "sounds": [{"d": 0.270835876, "p": 66, "v": 95}], "pos": 0.5, "size": 1.0, "_time": 51.15625}, {"$id": 186, "sounds": [{"d": 0.840625763, "p": 55, "v": 45}], "pos": -1.5, "size": 1.0, "_time": 51.35547}, {"$id": 187, "sounds": [{"d": 0.206249237, "p": 67, "v": 101}], "pos": 1.0, "size": 1.0, "_time": 51.4609375}, {"$id": 188, "sounds": [{"d": 0.427082062, "p": 60, "v": 51}], "pos": -1.0, "size": 1.0, "_time": 51.6796875}, {"$id": 189, "sounds": [{"d": 0.371875763, "p": 67, "v": 107}], "pos": 1.0, "size": 1.0, "_time": 51.796875}, {"$id": 190, "sounds": [{"d": 0.8885422, "p": 48, "v": 40}], "pos": -0.5, "size": 1.0, "_time": 52.0351563}, {"$id": 191, "sounds": [{"d": 0.328125, "p": 69, "v": 77}], "pos": 1.5, "size": 1.0, "_time": 52.140625}, {"$id": 192, "sounds": [{"d": 0.417709351, "p": 69, "v": 62}], "pos": 1.5, "size": 1.0, "_time": 52.48047}, {"$id": 193, "sounds": [{"d": 0.512500763, "p": 55, "v": 16}], "pos": -2.0, "size": 1.0, "_time": 52.7890625}, {"$id": 194, "sounds": [{"d": 2.05102539, "p": 71, "v": 62}], "pos": 2.0, "size": 1.0, "_time": 52.91797}, {"$id": 195, "sounds": [{"d": 0.535419464, "p": 59, "v": 19}], "pos": -1.0, "size": 1.0, "_time": 53.3476563}, {"$id": 196, "sounds": [{"d": 0.165626526, "p": 48, "v": 13}], "pos": -2.0, "size": 1.0, "_time": 53.6796875}, {"$id": 197, "sounds": [{"d": 0.0625, "p": 62, "v": 31}], "pos": 0.5, "size": 1.0, "_time": 53.953125}, {"$id": 198, "sounds": [{"d": 0.6218529, "p": 62, "v": 39}], "pos": 1.5, "size": 1.0, "_time": 54.3085938}, {"$id": 199, "sounds": [{"d": 2.11663437, "p": 47, "v": 21}, {"w": 0.01171875, "d": 0.6406021, "p": 57, "v": 20}], "pos": -1.5, "size": 1.0, "_time": 54.3125}, {"$id": 200, "sounds": [{"d": 0.08958435, "p": 55, "v": 19}], "pos": -2.0, "size": 1.0, "_time": 55.2109375}, {"$id": 201, "sounds": [{"d": 0.101039886, "p": 57, "v": 21}, {"w": 0.03515625, "d": 0.101039886, "p": 62, "v": 30}], "pos": -1.0, "size": 1.0, "_time": 55.3398438}, {"$id": 202, "sounds": [{"d": 0.108329773, "p": 67, "v": 43}], "size": 1.0, "_time": 55.4765625, "pos": 0}, {"$id": 203, "sounds": [{"d": 0.07603836, "p": 69, "v": 60}], "pos": 1.0, "size": 1.0, "_time": 55.53125}, {"$id": 204, "sounds": [{"d": 0.08958435, "p": 74, "v": 82}], "pos": 2.0, "size": 1.0, "_time": 55.609375}, {"$id": 205, "sounds": [{"d": 0.0385398865, "p": 69, "v": 66}], "pos": 1.0, "size": 1.0, "_time": 55.6835938}, {"$id": 206, "sounds": [{"d": 0.046875, "p": 67, "v": 65}], "size": 1.0, "_time": 55.734375, "pos": 0}, {"$id": 207, "sounds": [{"d": 0.06770706, "p": 62, "v": 40}], "pos": -1.0, "size": 1.0, "_time": 55.83203}, {"$id": 208, "sounds": [{"d": 0.5135422, "p": 57, "v": 31}], "pos": -2.0, "size": 1.0, "_time": 55.9960938}, {"$id": 209, "sounds": [{"d": 0.326042175, "p": 55, "v": 11}], "pos": 1.0, "size": 1.0, "_time": 56.3125}, {"$id": 210, "sounds": [{"d": 0.9291649, "p": 47, "v": 9}], "pos": -1.0, "size": 1.0, "_time": 56.6484375}, {"$id": 211, "sounds": [{"d": 0.4926834, "p": 59, "v": 25}], "pos": 0.5, "size": 1.0, "_time": 58.3515625}, {"$id": 212, "sounds": [{"d": 0.494766235, "p": 60, "v": 34}], "pos": 1.5, "size": 1.0, "_time": 58.4140625}, {"$id": 213, "sounds": [{"d": 1.48435211, "p": 45, "v": 21}, {"d": 0.5312271, "p": 55, "v": 17}], "pos": -1.5, "size": 1.0, "_time": 58.41797}, {"$id": 214, "sounds": [{"d": 0.5135422, "p": 52, "v": 23}], "pos": -1.5, "size": 1.0, "_time": 58.9648438}, {"$id": 215, "sounds": [{"d": 0.301040649, "p": 64, "v": 62}], "pos": 1.5, "size": 1.0, "_time": 59.20703}, {"$id": 216, "sounds": [{"d": 0.247917175, "p": 60, "v": 53}], "pos": -2.0, "size": 1.0, "_time": 59.2109375}, {"$id": 217, "sounds": [{"d": 0.269790649, "p": 55, "v": 41}], "pos": -1.0, "size": 1.0, "_time": 59.4335938}, {"$id": 218, "sounds": [{"d": 0.301040649, "p": 64, "v": 73}], "pos": 1.5, "size": 1.0, "_time": 59.6523438}, {"$id": 219, "sounds": [{"d": 0.269790649, "p": 60, "v": 71}], "pos": -2.0, "size": 1.0, "_time": 59.6523438}, {"$id": 220, "sounds": [{"d": 0.151039124, "p": 52, "v": 37}], "pos": -0.5, "size": 1.0, "_time": 59.8710938}, {"$id": 221, "sounds": [{"d": 0.191665649, "p": 66, "v": 89}], "pos": 1.5, "size": 1.0, "_time": 60.015625}, {"$id": 222, "sounds": [{"d": 0.517688751, "p": 60, "v": 67}], "pos": 0.5, "size": 1.0, "_time": 60.23828}, {"$id": 223, "sounds": [{"d": 0.234367371, "p": 64, "v": 53}], "pos": 1.5, "size": 1.0, "_time": 60.296875}, {"$id": 224, "sounds": [{"d": 0.399978638, "p": 66, "v": 86}], "pos": 1.5, "size": 1.0, "_time": 60.4453125}, {"$id": 225, "sounds": [{"d": 0.434352875, "p": 38, "v": 52}], "pos": -2.0, "size": 1.0, "_time": 60.45703}, {"$id": 226, "sounds": [{"d": 0.296875, "p": 45, "v": 58}], "pos": -1.5, "size": 1.0, "_time": 60.7109375}, {"$id": 227, "sounds": [{"d": 0.08853912, "p": 67, "v": 82}], "pos": 1.0, "size": 1.0, "_time": 60.859375}, {"$id": 228, "sounds": [{"d": 0.0499992371, "p": 60, "v": 66}], "pos": -2.0, "size": 1.0, "_time": 60.875}, {"$id": 229, "sounds": [{"d": 0.0802078247, "p": 50, "v": 63}], "pos": -1.0, "size": 1.0, "_time": 61.0390625}, {"$id": 230, "sounds": [{"d": 0.259376526, "p": 67, "v": 88}], "pos": 1.5, "size": 1.0, "_time": 61.171875}, {"$id": 231, "sounds": [{"d": 0.182292938, "p": 60, "v": 69}], "pos": -1.5, "size": 1.0, "_time": 61.1835938}, {"$id": 232, "sounds": [{"d": 0.109375, "p": 54, "v": 57}], "pos": -0.5, "size": 1.0, "_time": 61.3515625}, {"$id": 233, "sounds": [{"d": 0.254169464, "p": 69, "v": 95}], "pos": 2.0, "size": 1.0, "_time": 61.453125}, {"$id": 234, "sounds": [{"d": 0.04166794, "p": 57, "v": 63}], "pos": -2.0, "size": 1.0, "_time": 61.60547}, {"$id": 235, "sounds": [{"d": 0.192707062, "p": 57, "v": 69}], "pos": -1.0, "size": 1.0, "_time": 61.71875}, {"$id": 236, "sounds": [{"d": 0.145832062, "p": 62, "v": 57}], "pos": -0.5, "size": 1.0, "_time": 61.80078}, {"$id": 237, "sounds": [{"d": 0.7468567, "p": 43, "v": 47}, {"w": 0.01171875, "d": 0.312480927, "p": 57, "v": 57}], "pos": -2.0, "size": 1.0, "_time": 62.05078}, {"$id": 238, "sounds": [{"d": 0.4260254, "p": 66, "v": 66}, {"w": 0.03515625, "d": 0.333313, "p": 62, "v": 36}], "pos": 1.0, "size": 1.0, "_time": 62.0546875}, {"$id": 239, "sounds": [{"d": 0.05104065, "p": 67, "v": 47}], "pos": -1.0, "size": 1.0, "_time": 62.60547}, {"$id": 240, "sounds": [{"d": 0.448959351, "p": 50, "v": 18}], "pos": 2.0, "size": 1.0, "_time": 62.65625}, {"$id": 241, "sounds": [{"d": 0.15625, "p": 66, "v": 57}], "pos": 1.5, "size": 1.0, "_time": 63.125}, {"$id": 242, "sounds": [{"d": 0.155208588, "p": 55, "v": 21}], "pos": -1.5, "size": 1.0, "_time": 63.1640625}, {"$id": 243, "sounds": [{"d": 0.0447921753, "p": 62, "v": 47}], "pos": -2.0, "size": 1.0, "_time": 63.5390625}, {"$id": 244, "sounds": [{"d": 0.412498474, "p": 50, "v": 33}], "pos": 1.0, "size": 1.0, "_time": 63.5625}, {"$id": 245, "sounds": [{"d": 0.478126526, "p": 43, "v": 36}], "pos": -1.0, "size": 1.0, "_time": 64.05859}, {"$id": 246, "sounds": [{"d": 0.4604187, "p": 53, "v": 27}, {"w": 0.00390625, "d": 0.5375061, "p": 57, "v": 41}], "pos": 2.0, "size": 1.0, "_time": 64.07031}, {"$id": 247, "sounds": [{"d": 0.107292175, "p": 50, "v": 28}], "pos": -1.0, "size": 1.0, "_time": 64.55078}, {"$id": 248, "sounds": [{"d": 0.675003052, "p": 43, "v": 50}], "pos": -2.0, "size": 1.0, "_time": 64.71094}, {"$id": 249, "sounds": [{"d": 0.425003052, "p": 53, "v": 71}], "pos": -1.0, "size": 1.0, "_time": 64.94141}, {"$id": 250, "sounds": [{"d": 0.220832825, "p": 59, "v": 95}], "size": 1.0, "_time": 65.12891, "pos": 0}, {"$id": 251, "sounds": [{"d": 0.195838928, "p": 50, "v": 52}], "pos": 1.0, "size": 1.0, "_time": 65.34766}, {"$id": 252, "sounds": [{"d": 0.0604171753, "p": 57, "v": 62}], "pos": 2.0, "size": 1.0, "_time": 65.47266}, {"$id": 253, "sounds": [{"d": 0.05104065, "p": 43, "v": 63}], "size": 1.0, "_time": 65.65234, "pos": 0}, {"$id": 254, "sounds": [{"d": 0.6031265, "p": 55, "v": 60}], "pos": 1.0, "size": 1.0, "_time": 65.8125}, {"$id": 255, "sounds": [{"d": 0.486457825, "p": 59, "v": 60}], "pos": -1.0, "size": 1.0, "_time": 65.984375}, {"$id": 256, "sounds": [{"d": 0.6114578, "p": 36, "v": 67}], "pos": -2.0, "size": 1.0, "_time": 66.18359}, {"$id": 257, "sounds": [{"d": 0.279167175, "p": 64, "v": 85}], "pos": 1.0, "size": 1.0, "_time": 66.1875}, {"$id": 258, "sounds": [{"d": 0.0916748047, "p": 66, "v": 74}], "pos": -1.0, "size": 1.0, "_time": 66.73047}, {"$id": 259, "sounds": [{"d": 0.05521393, "p": 57, "v": 60}], "pos": -1.5, "size": 1.0, "_time": 66.74609}, {"$id": 260, "sounds": [{"d": 0.07500458, "p": 48, "v": 61}], "pos": -2.0, "size": 1.0, "_time": 66.796875}, {"$id": 261, "sounds": [{"d": 0.370834351, "p": 66, "v": 87}], "pos": 2.0, "size": 1.0, "_time": 67.11328}, {"$id": 262, "sounds": [{"d": 0.104171753, "p": 57, "v": 68}], "pos": 1.5, "size": 1.0, "_time": 67.125}, {"$id": 263, "sounds": [{"d": 0.5604248, "p": 52, "v": 48}], "pos": 1.0, "size": 1.0, "_time": 67.17969}, {"$id": 264, "sounds": [{"d": 0.162498474, "p": 67, "v": 94}], "pos": 1.0, "size": 1.0, "_time": 67.42969}, {"$id": 265, "sounds": [{"d": 0.140625, "p": 59, "v": 80}], "pos": -2.0, "size": 1.0, "_time": 67.42969}, {"$id": 266, "sounds": [{"d": 1.19792938, "p": 48, "v": 67}, {"w": 0.04296875, "d": 0.08125305, "p": 59, "v": 89}], "pos": -2.0, "size": 1.0, "_time": 67.69141}, {"$id": 267, "sounds": [{"d": 0.116676331, "p": 67, "v": 94}], "pos": 1.0, "size": 1.0, "_time": 67.73047}, {"$id": 268, "sounds": [{"d": 0.08958435, "p": 69, "v": 75}, {"w": 0.0546875, "d": 0.5416641, "p": 55, "v": 43}], "pos": 2.0, "size": 1.0, "_time": 68.05469}, {"$id": 269, "sounds": [{"d": 0.06562805, "p": 60, "v": 80}], "pos": -1.0, "size": 1.0, "_time": 68.05859}, {"$id": 270, "sounds": [{"d": 0.268753052, "p": 71, "v": 78}], "pos": 2.0, "size": 1.0, "_time": 68.42969}, {"$id": 271, "sounds": [{"d": 0.128128052, "p": 60, "v": 55}], "pos": -1.0, "size": 1.0, "_time": 68.60156}, {"$id": 272, "sounds": [{"d": 0.260414124, "p": 64, "v": 66}], "pos": 1.0, "size": 1.0, "_time": 68.77344}, {"$id": 273, "sounds": [{"d": 0.0552063, "p": 55, "v": 16}], "pos": -2.0, "size": 1.0, "_time": 68.95703}, {"$id": 274, "sounds": [{"d": 0.0406265259, "p": 62, "v": 57}], "size": 1.0, "_time": 69.05469, "pos": 0}, {"$id": 275, "sounds": [{"d": 0.5865021, "p": 62, "v": 34}, {"w": 0.02734375, "d": 0.5979614, "p": 57, "v": 25}], "pos": -1.5, "size": 1.0, "_time": 69.36328}, {"$id": 276, "sounds": [{"d": 3.002121, "p": 47, "v": 34}], "pos": 1.5, "size": 1.0, "_time": 69.36719}, {"$id": 277, "sounds": [{"d": 0.08333588, "p": 55, "v": 22}], "pos": -2.0, "size": 1.0, "_time": 70.09375}, {"$id": 278, "sounds": [{"d": 0.09062195, "p": 57, "v": 19}, {"w": 0.05859375, "d": 0.08229065, "p": 62, "v": 32}], "pos": -1.84999943, "size": 1.0, "_time": 70.22656}, {"$id": 279, "sounds": [{"d": 0.0572891235, "p": 67, "v": 35}], "pos": -1.42500019, "size": 1.0, "_time": 70.38281}, {"$id": 280, "sounds": [{"d": 0.04374695, "p": 69, "v": 50}], "pos": -0.950000763, "size": 1.0, "_time": 70.49609}, {"$id": 281, "sounds": [{"d": 0.0614547729, "p": 74, "v": 40}], "pos": -0.4499998, "size": 1.0, "_time": 70.60156}, {"$id": 282, "sounds": [{"d": 0.119796753, "p": 79, "v": 57}], "pos": 0.09999943, "size": 1.0, "_time": 70.71094}, {"$id": 283, "sounds": [{"d": 0.046875, "p": 81, "v": 46}], "pos": 0.5999994, "size": 1.0, "_time": 70.83203}, {"$id": 284, "sounds": [{"d": 0.129165649, "p": 86, "v": 53}], "pos": 1.125, "size": 1.0, "_time": 70.98047}, {"$id": 285, "sounds": [{"d": 0.171875, "p": 91, "v": 37}], "pos": 1.65000057, "size": 1.0, "_time": 71.13281}, {"$id": 286, "sounds": [{"d": 0.1645813, "p": 93, "v": 56}], "pos": 2.0, "size": 1.0, "_time": 71.30078}, {"$id": 287, "sounds": [{"d": 0.0374984741, "p": 98, "v": 70}], "pos": 2.0, "size": 1.0, "_time": 71.49219}, {"$id": 288, "sounds": [{"d": 1.12923431, "p": 45, "v": 8}], "pos": -2.0, "size": 1.0, "_time": 73.32422}, {"$id": 289, "sounds": [{"d": 0.4636078, "p": 60, "v": 28}], "pos": 1.5, "size": 1.0, "_time": 73.34375}, {"$id": 290, "sounds": [{"d": 0.5823288, "p": 52, "v": 31}], "pos": -1.0, "size": 1.0, "_time": 73.60547}, {"$id": 291, "sounds": [{"d": 0.230209351, "p": 64, "v": 73}], "pos": 2.0, "size": 1.0, "_time": 73.85156}, {"$id": 292, "sounds": [{"d": 0.2197876, "p": 60, "v": 71}], "pos": -1.0, "size": 1.0, "_time": 73.875}, {"$id": 293, "sounds": [{"d": 0.239578247, "p": 55, "v": 57}], "pos": 2.0, "size": 1.0, "_time": 74.07031}, {"$id": 294, "sounds": [{"d": 0.236465454, "p": 60, "v": 78}], "pos": -2.0, "size": 1.0, "_time": 74.25391}, {"$id": 295, "sounds": [{"d": 0.286460876, "p": 64, "v": 82}], "pos": 1.0, "size": 1.0, "_time": 74.25781}, {"$id": 296, "sounds": [{"d": 0.217704773, "p": 52, "v": 65}], "pos": -2.0, "size": 1.0, "_time": 74.41797}, {"$id": 297, "sounds": [{"d": 0.130210876, "p": 67, "v": 98}], "pos": 1.0, "size": 1.0, "_time": 74.55859}, {"$id": 298, "sounds": [{"d": 0.0604248047, "p": 45, "v": 75}], "pos": -1.5, "size": 1.0, "_time": 74.66797}, {"$id": 299, "sounds": [{"d": 0.4041748, "p": 60, "v": 76}], "pos": 1.0, "size": 1.0, "_time": 74.71484}, {"$id": 300, "sounds": [{"d": 0.6333542, "p": 64, "v": 67}], "pos": 1.5, "size": 1.0, "_time": 74.81641}, {"$id": 301, "sounds": [{"d": 0.505233765, "p": 67, "v": 78}], "pos": 2.0, "size": 1.0, "_time": 74.921875}, {"$id": 302, "sounds": [{"d": 0.602096558, "p": 38, "v": 71}], "pos": -2.0, "size": 1.0, "_time": 75.00391}, {"$id": 303, "sounds": [{"d": 0.428123474, "p": 45, "v": 76}], "pos": -1.5, "size": 1.0, "_time": 75.23047}, {"$id": 304, "sounds": [{"d": 0.3031311, "p": 71, "v": 89}], "pos": 2.0, "size": 1.0, "_time": 75.42578}, {"$id": 305, "sounds": [{"d": 0.266670227, "p": 60, "v": 71}], "pos": -1.0, "size": 1.0, "_time": 75.42969}, {"$id": 306, "sounds": [{"d": 0.1302185, "p": 50, "v": 77}], "pos": -1.5, "size": 1.0, "_time": 75.66406}, {"$id": 307, "sounds": [{"d": 0.251045227, "p": 60, "v": 75}], "pos": -2.0, "size": 1.0, "_time": 75.88672}, {"$id": 308, "sounds": [{"d": 0.26146698, "p": 64, "v": 78}], "pos": 1.0, "size": 1.0, "_time": 75.88672}, {"$id": 309, "sounds": [{"d": 0.0520858765, "p": 54, "v": 70}], "pos": -1.0, "size": 1.0, "_time": 76.09375}, {"$id": 310, "sounds": [{"d": 0.144790649, "p": 66, "v": 78}], "pos": 0.5, "size": 1.0, "_time": 76.27344}, {"$id": 311, "sounds": [{"d": 0.245834351, "p": 57, "v": 50}], "pos": 2.0, "size": 1.0, "_time": 76.44141}, {"$id": 312, "sounds": [{"d": 0.06562042, "p": 62, "v": 52}], "pos": 1.0, "size": 1.0, "_time": 76.64844}, {"$id": 313, "sounds": [{"d": 0.830238342, "p": 66, "v": 74}, {"w": 0.00390625, "d": 0.7166977, "p": 57, "v": 63}, {"w": 0.01953125, "d": 0.731277466, "p": 62, "v": 57}], "pos": -1.5, "size": 1.0, "_time": 76.80859}, {"$id": 314, "sounds": [{"d": 1.28546143, "p": 43, "v": 63}], "pos": 1.5, "size": 1.0, "_time": 76.82422}, {"$id": 315, "sounds": [{"d": 0.5083389, "p": 50, "v": 25}], "pos": -1.5, "size": 1.0, "_time": 77.37891}, {"$id": 316, "sounds": [{"d": 0.594802856, "p": 67, "v": 75}, {"w": 0.0078125, "d": 0.27709198, "p": 59, "v": 72}], "pos": 1.5, "size": 1.0, "_time": 77.62891}, {"$id": 317, "sounds": [{"d": 0.503128052, "p": 55, "v": 71}], "pos": -1.0, "size": 1.0, "_time": 77.86328}, {"$id": 318, "sounds": [{"d": 0.574996948, "p": 50, "v": 81}], "pos": -1.5, "size": 1.0, "_time": 78.05859}, {"$id": 319, "sounds": [{"d": 0.28540802, "p": 43, "v": 95}], "pos": -2.0, "size": 1.0, "_time": 78.24219}, {"$id": 320, "sounds": [{"d": 0.252082825, "p": 57, "v": 78}], "pos": 1.0, "size": 1.0, "_time": 78.40234}, {"$id": 321, "sounds": [{"d": 0.2093811, "p": 62, "v": 78}], "pos": 1.5, "size": 1.0, "_time": 78.55469}, {"$id": 322, "sounds": [{"d": 0.259376526, "p": 67, "v": 100}], "pos": 2.0, "size": 1.0, "_time": 78.71484}, {"$id": 323, "sounds": [{"d": 0.291671753, "p": 57, "v": 85}, {"w": 0.0078125, "d": 0.351051331, "p": 60, "v": 82}, {"w": 0.015625, "d": 0.352088928, "p": 65, "v": 82}], "pos": 0.5, "size": 1.0, "_time": 78.89844}, {"$id": 324, "sounds": [{"d": 0.522926331, "p": 43, "v": 83}, {"w": 0.00390625, "d": 0.423965454, "p": 53, "v": 82}], "pos": -2.0, "size": 1.0, "_time": 78.91016}, {"$id": 325, "sounds": [{"d": 0.400001526, "p": 50, "v": 81}], "pos": -1.5, "size": 1.0, "_time": 79.22266}, {"$id": 326, "sounds": [{"d": 0.178123474, "p": 60, "v": 92}], "pos": -1.5, "size": 1.0, "_time": 79.41797}, {"$id": 327, "sounds": [{"d": 0.182289124, "p": 69, "v": 95}], "pos": 1.0, "size": 1.0, "_time": 79.421875}, {"$id": 328, "sounds": [{"d": 0.8375015, "p": 43, "v": 95}], "pos": -1.0, "size": 1.0, "_time": 79.64453}, {"$id": 329, "sounds": [{"d": 0.1947937, "p": 62, "v": 102}, {"w": 0.02734375, "d": 0.5458374, "p": 53, "v": 97}], "pos": -1.0, "size": 1.0, "_time": 79.921875}, {"$id": 330, "sounds": [{"d": 0.232292175, "p": 71, "v": 97}], "pos": 1.5, "size": 1.0, "_time": 79.921875}, {"$id": 331, "sounds": [{"d": 0.111457825, "p": 64, "v": 101}], "pos": -0.5, "size": 1.0, "_time": 80.26953}, {"$id": 332, "sounds": [{"d": 0.143753052, "p": 72, "v": 107}], "pos": 2.0, "size": 1.0, "_time": 80.26953}, {"$id": 333, "sounds": [{"d": 0.277076721, "p": 50, "v": 83}], "pos": -2.0, "size": 1.0, "_time": 80.43359}, {"$id": 334, "sounds": [{"d": 0.0864563, "p": 74, "v": 98}], "pos": 2.0, "size": 1.0, "_time": 80.578125}, {"$id": 335, "sounds": [{"d": 0.07499695, "p": 65, "v": 101}], "size": 1.0, "_time": 80.58203, "pos": 0}, {"$id": 336, "sounds": [{"d": 0.0489578247, "p": 43, "v": 82}], "pos": -1.5, "size": 1.0, "_time": 80.71484}, {"$id": 337, "sounds": [{"d": 0.377090454, "p": 67, "v": 100}, {"w": 0.00390625, "d": 0.322921753, "p": 36, "v": 94}], "pos": -1.0, "size": 1.0, "_time": 81.01172}, {"$id": 338, "sounds": [{"d": 0.3343811, "p": 71, "v": 92}, {"w": 0.00390625, "d": 0.441673279, "p": 76, "v": 99}], "pos": 2.0, "size": 1.0, "_time": 81.015625}, {"$id": 339, "sounds": [{"d": 0.125, "p": 48, "v": 90}], "pos": -2.0, "size": 1.0, "_time": 81.296875}, {"$id": 340, "sounds": [{"d": 0.105209351, "p": 71, "v": 101}], "pos": 1.5, "size": 1.0, "_time": 81.50391}, {"$id": 341, "sounds": [{"d": 0.4760437, "p": 52, "v": 68}], "pos": -1.5, "size": 1.0, "_time": 81.69922}, {"$id": 342, "sounds": [{"d": 0.385414124, "p": 71, "v": 107}], "pos": 1.5, "size": 1.0, "_time": 81.84375}, {"$id": 343, "sounds": [{"d": 0.1729126, "p": 55, "v": 76}], "pos": -2.0, "size": 1.0, "_time": 82.03906}, {"$id": 344, "sounds": [{"d": 0.09896088, "p": 67, "v": 85}], "pos": 0.5, "size": 1.0, "_time": 82.19531}, {"$id": 345, "sounds": [{"d": 0.5218811, "p": 60, "v": 55}], "pos": -1.0, "size": 1.0, "_time": 82.39453}, {"$id": 346, "sounds": [{"d": 0.5125046, "p": 63, "v": 34}], "pos": -0.5, "size": 1.0, "_time": 82.671875}, {"$id": 347, "sounds": [{"d": 0.5135498, "p": 69, "v": 37}], "pos": -1.0, "size": 1.0, "_time": 82.69141}, {"$id": 348, "sounds": [{"d": 1.23646545, "p": 48, "v": 38}], "pos": -1.5, "size": 1.0, "_time": 82.69922}, {"$id": 349, "sounds": [{"d": 1.18854523, "p": 57, "v": 28}], "pos": -2.0, "size": 1.0, "_time": 82.71094}, {"$id": 350, "sounds": [{"d": 0.1875, "p": 72, "v": 28}], "pos": 0.5, "size": 1.0, "_time": 83.48828}, {"$id": 351, "sounds": [{"d": 0.1656189, "p": 75, "v": 45}], "pos": 1.0, "size": 1.0, "_time": 83.57031}, {"$id": 352, "sounds": [{"d": 0.120826721, "p": 81, "v": 61}], "pos": 1.5, "size": 1.0, "_time": 83.63672}, {"$id": 353, "sounds": [{"d": 0.562515259, "p": 69, "v": 40}], "pos": 1.0, "size": 1.0, "_time": 84.66797}, {"$id": 354, "sounds": [{"d": 0.5354309, "p": 62, "v": 40}, {"w": 0.0078125, "d": 0.7052307, "p": 47, "v": 23}, {"w": 0.01953125, "d": 0.348976135, "p": 57, "v": 24}], "pos": -2.0, "size": 1.0, "_time": 84.67578}, {"$id": 355, "sounds": [{"d": 0.669807434, "p": 54, "v": 78}], "pos": -1.5, "size": 1.0, "_time": 84.921875}, {"$id": 356, "sounds": [{"d": 0.162498474, "p": 66, "v": 92}], "pos": 1.5, "size": 1.0, "_time": 85.125}, {"$id": 357, "sounds": [{"d": 0.145835876, "p": 57, "v": 75}], "pos": -1.5, "size": 1.0, "_time": 85.30469}, {"$id": 358, "sounds": [{"d": 0.317710876, "p": 66, "v": 100}], "pos": 1.5, "size": 1.0, "_time": 85.46484}, {"$id": 359, "sounds": [{"d": 0.1010437, "p": 47, "v": 83}], "pos": -2.0, "size": 1.0, "_time": 85.625}, {"$id": 360, "sounds": [{"d": 0.120834351, "p": 62, "v": 81}], "pos": -1.5, "size": 1.0, "_time": 85.78516}, {"$id": 361, "sounds": [{"d": 0.44896698, "p": 59, "v": 51}], "pos": -1.0, "size": 1.0, "_time": 85.95703}, {"$id": 362, "sounds": [{"d": 0.396904, "p": 62, "v": 62}], "pos": -0.5, "size": 1.0, "_time": 86.09766}, {"$id": 363, "sounds": [{"d": 0.277130127, "p": 40, "v": 69}], "pos": -1.5, "size": 1.0, "_time": 86.3125}, {"$id": 364, "sounds": [{"d": 0.206268311, "p": 67, "v": 85}], "pos": 1.5, "size": 1.0, "_time": 86.31641}, {"$id": 365, "sounds": [{"d": 0.09270477, "p": 52, "v": 73}], "pos": -1.0, "size": 1.0, "_time": 86.58984}, {"$id": 366, "sounds": [{"d": 0.145828247, "p": 86, "v": 88}, {"w": 0.0078125, "d": 0.137496948, "p": 79, "v": 87}], "pos": 1.0, "size": 1.0, "_time": 86.81641}, {"$id": 367, "sounds": [{"d": 0.844802856, "p": 55, "v": 64}], "pos": -0.5, "size": 1.0, "_time": 87.046875}, {"$id": 368, "sounds": [{"d": 0.0458374023, "p": 74, "v": 75}, {"w": 0.00390625, "d": 0.0406265259, "p": 83, "v": 74}], "pos": 0.5, "size": 1.0, "_time": 87.234375}, {"$id": 369, "sounds": [{"d": 0.19896698, "p": 59, "v": 48}], "pos": -1.5, "size": 1.0, "_time": 87.42578}, {"$id": 370, "sounds": [{"d": 0.0437545776, "p": 79, "v": 48}, {"w": 0.00390625, "d": 0.04270935, "p": 71, "v": 52}], "size": 1.0, "_time": 87.61719, "pos": 0}, {"$id": 371, "sounds": [{"d": 0.05104065, "p": 64, "v": 39}], "pos": -2.0, "size": 1.0, "_time": 87.80469}, {"$id": 372, "sounds": [{"d": 0.4188156, "p": 55, "v": 28}, {"w": 0.0234375, "d": 0.4323578, "p": 62, "v": 58}], "pos": -2.0, "size": 1.0, "_time": 88.29297}, {"$id": 373, "sounds": [{"d": 1.11464691, "p": 45, "v": 34}], "pos": 1.0, "size": 1.0, "_time": 88.30859}, {"$id": 374, "sounds": [{"d": 0.447914124, "p": 52, "v": 64}], "pos": -1.5, "size": 1.0, "_time": 88.62109}, {"$id": 375, "sounds": [{"d": 0.2739563, "p": 60, "v": 91}], "pos": 0.5, "size": 1.0, "_time": 88.82031}, {"$id": 376, "sounds": [{"d": 0.208335876, "p": 55, "v": 91}], "pos": -0.5, "size": 1.0, "_time": 89.01172}, {"$id": 377, "sounds": [{"d": 0.315628052, "p": 60, "v": 103}], "pos": 0.5, "size": 1.0, "_time": 89.203125}, {"$id": 378, "sounds": [{"d": 0.111457825, "p": 52, "v": 74}], "pos": -1.5, "size": 1.0, "_time": 89.40234}, {"$id": 379, "sounds": [{"d": 0.0916671753, "p": 59, "v": 78}], "pos": 1.0, "size": 1.0, "_time": 89.546875}, {"$id": 380, "sounds": [{"d": 0.0875015259, "p": 45, "v": 44}], "pos": -1.0, "size": 1.0, "_time": 89.703125}, {"$id": 381, "sounds": [{"d": 0.5500412, "p": 52, "v": 53}], "pos": -2.0, "size": 1.0, "_time": 89.890625}, {"$id": 382, "sounds": [{"d": 0.434417725, "p": 54, "v": 36}], "pos": -1.5, "size": 1.0, "_time": 90.03125}, {"$id": 383, "sounds": [{"d": 0.243789673, "p": 60, "v": 55}], "pos": -1.0, "size": 1.0, "_time": 90.15234}, {"$id": 384, "sounds": [{"d": 0.630249, "p": 38, "v": 51}], "pos": 1.5, "size": 1.0, "_time": 90.171875}, {"$id": 385, "sounds": [{"d": 0.432289124, "p": 45, "v": 67}], "pos": -2.0, "size": 1.0, "_time": 90.41016}, {"$id": 386, "sounds": [{"d": 0.0718765259, "p": 54, "v": 83}, {"w": 0.00390625, "d": 0.09791565, "p": 62, "v": 79}], "size": 1.0, "_time": 90.60547, "pos": 0}, {"$id": 387, "sounds": [{"d": 0.1333313, "p": 50, "v": 78}], "pos": -1.0, "size": 1.0, "_time": 90.828125}, {"$id": 388, "sounds": [{"d": 0.09791565, "p": 64, "v": 85}, {"w": 0.01171875, "d": 0.0760421753, "p": 55, "v": 81}], "pos": 1.0, "size": 1.0, "_time": 91.00391}, {"$id": 389, "sounds": [{"d": 0.127082825, "p": 54, "v": 100}], "size": 1.0, "_time": 91.22266, "pos": 0}, {"$id": 390, "sounds": [{"d": 0.129165649, "p": 57, "v": 96}, {"w": 0.00390625, "d": 0.251045227, "p": 66, "v": 91}], "pos": 2.0, "size": 1.0, "_time": 91.40625}, {"$id": 391, "sounds": [{"d": 0.1083374, "p": 57, "v": 77}], "pos": -1.0, "size": 1.0, "_time": 91.62891}, {"$id": 392, "sounds": [{"d": 0.310440063, "p": 57, "v": 71}, {"w": 0.01171875, "d": 1.12917328, "p": 43, "v": 82}], "pos": -1.0, "size": 1.0, "_time": 91.99219}, {"$id": 393, "sounds": [{"d": 0.311477661, "p": 67, "v": 79}, {"d": 0.588546753, "p": 62, "v": 65}], "pos": 2.0, "size": 1.0, "_time": 92.00391}, {"$id": 394, "sounds": [{"d": 0.5010376, "p": 50, "v": 84}], "pos": -2.0, "size": 1.0, "_time": 92.3125}, {"$id": 395, "sounds": [{"d": 0.2427063, "p": 69, "v": 90}], "pos": 0.5, "size": 1.0, "_time": 92.54297}, {"$id": 396, "sounds": [{"d": 0.176040649, "p": 60, "v": 97}], "pos": -1.5, "size": 1.0, "_time": 92.55078}, {"$id": 397, "sounds": [{"d": 0.461448669, "p": 55, "v": 99}], "pos": -1.0, "size": 1.0, "_time": 92.76172}, {"$id": 398, "sounds": [{"d": 0.0958328247, "p": 62, "v": 100}], "pos": -0.5, "size": 1.0, "_time": 92.94531}, {"$id": 399, "sounds": [{"d": 0.119789124, "p": 71, "v": 100}], "pos": 1.5, "size": 1.0, "_time": 92.94922}, {"$id": 400, "sounds": [{"d": 0.329170227, "p": 50, "v": 89}], "pos": -1.5, "size": 1.0, "_time": 93.109375}, {"$id": 401, "sounds": [{"d": 0.105209351, "p": 72, "v": 102}], "pos": 2.0, "size": 1.0, "_time": 93.21875}, {"$id": 402, "sounds": [{"d": 0.0760421753, "p": 64, "v": 102}], "size": 1.0, "_time": 93.22656, "pos": 0}, {"$id": 403, "sounds": [{"d": 0.6552353, "p": 43, "v": 104}], "pos": -2.0, "size": 1.0, "_time": 93.37891}, {"$id": 404, "sounds": [{"d": 0.171897888, "p": 74, "v": 104}, {"d": 0.146896362, "p": 65, "v": 109}], "pos": 1.5, "size": 1.30000007, "_time": 93.53516}, {"$id": 405, "sounds": [{"d": 0.0604248047, "p": 50, "v": 31}, {"w": 0.0078125, "d": 0.8218918, "p": 53, "v": 109}], "pos": -2.0, "size": 1.09999979, "_time": 93.53906}, {"$id": 406, "sounds": [{"d": 0.104171753, "p": 67, "v": 103}], "pos": -1.5, "size": 1.0, "_time": 93.77344}, {"$id": 407, "sounds": [{"d": 0.120834351, "p": 76, "v": 106}], "pos": 1.5, "size": 1.30000007, "_time": 93.77734}, {"$id": 408, "sounds": [{"d": 0.404159546, "p": 50, "v": 89}], "pos": -1.0, "size": 1.0, "_time": 93.98828}, {"$id": 409, "sounds": [{"d": 0.07291412, "p": 69, "v": 109}, {"d": 0.09062195, "p": 77, "v": 113}], "pos": 1.5, "size": 1.30000007, "_time": 94.00391}, {"$id": 410, "sounds": [{"d": 0.0385437, "p": 71, "v": 107}], "pos": -0.5, "size": 1.0, "_time": 94.20703}, {"$id": 411, "sounds": [{"d": 0.07707977, "p": 79, "v": 113}], "pos": 1.5, "size": 1.30000007, "_time": 94.20703}, {"$id": 412, "sounds": [{"d": 0.07395935, "p": 81, "v": 123}], "pos": 2.0, "size": 1.30000007, "_time": 94.39453}, {"$id": 413, "sounds": [{"d": 0.03541565, "p": 72, "v": 114}], "pos": -1.5, "size": 1.0, "_time": 94.39453}, {"$id": 414, "sounds": [{"d": 0.0395813, "p": 74, "v": 120}], "pos": -1.0, "size": 1.0, "_time": 94.60547}, {"$id": 415, "sounds": [{"d": 0.05833435, "p": 83, "v": 115}], "pos": 2.0, "size": 1.30000007, "_time": 94.609375}, {"$id": 416, "sounds": [{"d": 0.0625, "p": 84, "v": 127}], "pos": 2.0, "size": 1.30000007, "_time": 94.84766}, {"$id": 417, "sounds": [{"d": 0.0552063, "p": 76, "v": 114}], "pos": -0.5, "size": 1.0, "_time": 94.84766}, {"$id": 418, "sounds": [{"d": 0.0645828247, "p": 77, "v": 120}], "size": 1.0, "_time": 95.14453, "pos": 0}, {"$id": 419, "sounds": [{"d": 0.0625, "p": 86, "v": 120}], "pos": 2.0, "size": 1.30000007, "_time": 95.14844}, {"$id": 420, "sounds": [{"d": 0.270835876, "p": 76, "v": 100}], "pos": 1.0, "size": 1.0, "_time": 95.36328}, {"$id": 421, "sounds": [{"d": 0.760421753, "p": 79, "v": 78}], "pos": -1.5, "size": 1.0, "_time": 95.55078}, {"$id": 422, "sounds": [{"d": 0.296882629, "p": 83, "v": 103}], "pos": 0.5, "size": 1.0, "_time": 95.76172}, {"$id": 423, "sounds": [{"d": 0.314590454, "p": 36, "v": 101}, {"w": 0.00390625, "d": 0.384376526, "p": 48, "v": 95}], "pos": -1.5, "size": 1.0, "_time": 95.76953}, {"$id": 424, "sounds": [{"d": 0.269798279, "p": 76, "v": 99}], "pos": 1.0, "size": 1.0, "_time": 95.76953}, {"$id": 425, "sounds": [{"d": 0.446876526, "p": 88, "v": 103}], "pos": 1.5, "size": 1.0, "_time": 95.78125}, {"$id": 426, "sounds": [{"d": 0.114585876, "p": 83, "v": 97}, {"w": 0.0078125, "d": 0.08333588, "p": 76, "v": 95}], "pos": 1.0, "size": 1.0, "_time": 96.25391}, {"$id": 427, "sounds": [{"d": 0.625, "p": 52, "v": 89}], "pos": -2.0, "size": 1.0, "_time": 96.44531}, {"$id": 428, "sounds": [{"d": 0.433334351, "p": 55, "v": 91}], "pos": -1.0, "size": 1.0, "_time": 96.64453}, {"$id": 429, "sounds": [{"d": 0.332290649, "p": 83, "v": 98}, {"d": 0.1333313, "p": 76, "v": 96}], "pos": 1.0, "size": 1.0, "_time": 96.79297}, {"$id": 430, "sounds": [{"d": 0.046875, "p": 60, "v": 58}], "pos": -2.0, "size": 1.0, "_time": 96.86719}, {"$id": 431, "sounds": [{"d": 0.153129578, "p": 60, "v": 76}], "pos": -1.0, "size": 1.0, "_time": 96.99609}, {"$id": 432, "sounds": [{"d": 0.122917175, "p": 79, "v": 100}], "pos": 0.5, "size": 1.0, "_time": 97.140625}, {"$id": 433, "sounds": [{"d": 0.0843734741, "p": 64, "v": 69}], "pos": -2.0, "size": 1.0, "_time": 97.30078}, {"$id": 434, "sounds": [{"d": 0.338554382, "p": 72, "v": 70}], "pos": -0.5, "size": 1.0, "_time": 97.41406}, {"$id": 435, "sounds": [{"d": 0.528152466, "p": 75, "v": 61}], "pos": -1.5, "size": 1.0, "_time": 97.54297}, {"$id": 436, "sounds": [{"d": 0.3583603, "p": 81, "v": 86}, {"w": 0.00390625, "d": 0.406280518, "p": 69, "v": 77}, {"w": 0.0078125, "d": 1.14794159, "p": 60, "v": 77}], "pos": 1.5, "size": 1.0, "_time": 97.671875}, {"$id": 437, "sounds": [{"d": 0.0385437, "p": 72, "v": 69}], "pos": -0.5, "size": 1.0, "_time": 98.05469}, {"$id": 438, "sounds": [{"d": 0.34375, "p": 63, "v": 67}], "pos": -2.0, "size": 1.0, "_time": 98.24609}, {"$id": 439, "sounds": [{"d": 0.263542175, "p": 81, "v": 117}], "pos": 2.0, "size": 1.0, "_time": 98.46875}, {"$id": 440, "sounds": [{"d": 0.165626526, "p": 69, "v": 83}], "pos": -2.0, "size": 1.0, "_time": 98.48047}, {"$id": 441, "sounds": [{"d": 0.254165649, "p": 79, "v": 92}], "pos": 1.0, "size": 1.0, "_time": 98.65625}, {"$id": 442, "sounds": [{"d": 0.130210876, "p": 78, "v": 96}], "pos": 0.5, "size": 1.0, "_time": 98.859375}, {"$id": 443, "sounds": [{"d": 0.04270935, "p": 79, "v": 99}], "pos": 1.0, "size": 1.0, "_time": 99.05859}, {"$id": 444, "sounds": [{"d": 0.31565094, "p": 74, "v": 72}], "size": 1.0, "_time": 99.22656, "pos": 0}, {"$id": 445, "sounds": [{"d": 0.5031738, "p": 78, "v": 81}], "pos": 1.0, "size": 1.0, "_time": 99.31641}, {"$id": 446, "sounds": [{"d": 0.218795776, "p": 86, "v": 90}], "pos": 2.0, "size": 1.0, "_time": 99.41797}, {"$id": 447, "sounds": [{"d": 0.5740051, "p": 47, "v": 76}], "pos": -2.0, "size": 1.0, "_time": 99.4375}, {"$id": 448, "sounds": [{"d": 0.4135437, "p": 54, "v": 94}], "pos": -1.5, "size": 1.0, "_time": 99.64453}, {"$id": 449, "sounds": [{"d": 0.15625, "p": 81, "v": 106}, {"w": 0.01171875, "d": 0.107292175, "p": 74, "v": 94}], "pos": 1.5, "size": 1.0, "_time": 99.82031}, {"$id": 450, "sounds": [{"d": 0.101036072, "p": 57, "v": 94}], "pos": -1.5, "size": 1.0, "_time": 100.015625}, {"$id": 451, "sounds": [{"d": 0.296882629, "p": 81, "v": 102}, {"w": 0.00390625, "d": 0.215629578, "p": 74, "v": 104}], "pos": 1.5, "size": 1.0, "_time": 100.171875}, {"$id": 452, "sounds": [{"d": 0.4385376, "p": 59, "v": 76}], "pos": -1.0, "size": 1.0, "_time": 100.304688}, {"$id": 453, "sounds": [{"d": 0.1802063, "p": 78, "v": 111}], "pos": 1.0, "size": 1.0, "_time": 100.472656}, {"$id": 454, "sounds": [{"d": 0.08541107, "p": 69, "v": 81}], "pos": -1.0, "size": 1.0, "_time": 100.640625}, {"$id": 455, "sounds": [{"d": 0.425033569, "p": 71, "v": 76}], "pos": 0.5, "size": 1.0, "_time": 100.792969}, {"$id": 456, "sounds": [{"d": 0.6470032, "p": 74, "v": 70}], "pos": 1.0, "size": 1.0, "_time": 100.867188}, {"$id": 457, "sounds": [{"d": 0.565757751, "p": 77, "v": 76}], "pos": 1.5, "size": 1.0, "_time": 100.953125}, {"$id": 458, "sounds": [{"d": 0.4125824, "p": 40, "v": 89}], "pos": -2.0, "size": 1.0, "_time": 101.050781}, {"$id": 459, "sounds": [{"d": 0.281295776, "p": 81, "v": 91}], "pos": 2.0, "size": 1.0, "_time": 101.0625}, {"$id": 460, "sounds": [{"d": 0.5875931, "p": 47, "v": 85}], "pos": -1.0, "size": 1.0, "_time": 101.277344}, {"$id": 461, "sounds": [{"d": 0.192764282, "p": 80, "v": 104}], "pos": 1.5, "size": 1.0, "_time": 101.457031}, {"$id": 462, "sounds": [{"d": 0.167762756, "p": 71, "v": 93}], "pos": -1.5, "size": 1.0, "_time": 101.464844}, {"$id": 463, "sounds": [{"d": 0.187507629, "p": 74, "v": 79}], "pos": -1.0, "size": 1.0, "_time": 101.675781}, {"$id": 464, "sounds": [{"d": 0.1635437, "p": 83, "v": 99}], "pos": 2.0, "size": 1.0, "_time": 101.675781}, {"$id": 465, "sounds": [{"d": 0.123954773, "p": 52, "v": 85}], "pos": -2.0, "size": 1.0, "_time": 101.882813}, {"$id": 466, "sounds": [{"d": 0.3916626, "p": 76, "v": 100}], "pos": 1.0, "size": 1.0, "_time": 102.058594}, {"$id": 467, "sounds": [{"d": 0.05833435, "p": 56, "v": 87}], "pos": -2.0, "size": 1.0, "_time": 102.265625}, {"$id": 468, "sounds": [{"d": 0.06562042, "p": 74, "v": 77}], "pos": 1.0, "size": 1.0, "_time": 102.433594}, {"$id": 469, "sounds": [{"d": 0.309379578, "p": 64, "v": 43}], "pos": 0.5, "size": 1.0, "_time": 102.628906}, {"$id": 470, "sounds": [{"d": 0.377090454, "p": 67, "v": 50}], "pos": 1.0, "size": 1.0, "_time": 102.730469}, {"$id": 471, "sounds": [{"d": 0.5614548, "p": 72, "v": 58}], "pos": 1.5, "size": 1.0, "_time": 102.847656}, {"$id": 472, "sounds": [{"d": 0.373954773, "p": 45, "v": 34}], "pos": -1.5, "size": 1.0, "_time": 102.851563}, {"$id": 473, "sounds": [{"d": 0.167701721, "p": 52, "v": 44}], "pos": -2.0, "size": 1.0, "_time": 103.117188}, {"$id": 474, "sounds": [{"d": 0.0458297729, "p": 55, "v": 55}], "pos": -1.5, "size": 1.0, "_time": 103.289063}, {"$id": 475, "sounds": [{"d": 0.714592, "p": 57, "v": 69}], "pos": -1.0, "size": 1.0, "_time": 103.472656}, {"$id": 476, "sounds": [{"d": 0.2562561, "p": 67, "v": 75}], "pos": 0.5, "size": 1.0, "_time": 103.675781}, {"$id": 477, "sounds": [{"d": 0.273963928, "p": 64, "v": 86}], "pos": -0.5, "size": 1.0, "_time": 103.882813}, {"$id": 478, "sounds": [{"d": 0.2406311, "p": 71, "v": 97}], "pos": 1.0, "size": 1.0, "_time": 104.097656}, {"$id": 479, "sounds": [{"d": 0.315628052, "p": 72, "v": 88}], "pos": 1.5, "size": 1.0, "_time": 104.296875}, {"$id": 480, "sounds": [{"d": 0.381271362, "p": 74, "v": 76}], "pos": 1.0, "size": 1.0, "_time": 104.554688}, {"$id": 481, "sounds": [{"d": 0.276062, "p": 67, "v": 53}, {"w": 0.015625, "d": 0.31980896, "p": 47, "v": 63}], "pos": -2.0, "size": 1.0, "_time": 104.5625}, {"$id": 482, "sounds": [{"d": 0.192726135, "p": 55, "v": 75}], "pos": -1.5, "size": 1.0, "_time": 104.792969}, {"$id": 483, "sounds": [{"d": 0.07499695, "p": 79, "v": 95}], "pos": 1.5, "size": 1.0, "_time": 104.96875}, {"$id": 484, "sounds": [{"d": 0.0843734741, "p": 57, "v": 70}], "pos": -1.0, "size": 1.0, "_time": 104.980469}, {"$id": 485, "sounds": [{"d": 0.8020935, "p": 59, "v": 77}], "pos": -0.5, "size": 1.0, "_time": 105.171875}, {"$id": 486, "sounds": [{"d": 0.3812561, "p": 79, "v": 99}], "pos": 1.5, "size": 1.0, "_time": 105.371094}, {"$id": 487, "sounds": [{"d": 0.3046112, "p": 74, "v": 95}], "pos": -1.5, "size": 1.0, "_time": 105.746094}, {"$id": 488, "sounds": [{"d": 0.3075943, "p": 76, "v": 75}], "pos": 1.0, "size": 1.0, "_time": 106.289063}, {"$id": 489, "sounds": [{"d": 0.13495636, "p": 76, "v": 83}, {"w": 0.00390625, "d": 0.17035675, "p": 79, "v": 91}, {"w": 0.00390625, "d": 0.108406067, "p": 71, "v": 86}], "pos": -1.0, "size": 1.0, "_time": 106.910156}, {"$id": 490, "sounds": [{"d": 0.501106262, "p": 64, "v": 81}], "pos": 1.0, "size": 1.0, "_time": 106.925781}, {"$id": 491, "sounds": [{"d": 0.2997818, "p": 76, "v": 97}, {"w": 0.015625, "d": 0.272125244, "p": 79, "v": 90}], "pos": -1.0, "size": 1.0, "_time": 107.558594}, {"$id": 492, "sounds": [{"d": 0.309738159, "p": 81, "v": 99}], "pos": 1.5, "size": 1.0, "_time": 107.824219}, {"$id": 493, "sounds": [{"d": 0.217926025, "p": 79, "v": 73}, {"d": 0.258857727, "p": 72, "v": 62}, {"w": 0.00390625, "d": 0.263282776, "p": 76, "v": 62}], "pos": -1.5, "size": 1.50000012, "_time": 108.128906}, {"$id": 494, "sounds": [{"d": 0.4491272, "p": 50, "v": 60}, {"d": 0.419258118, "p": 38, "v": 73}], "pos": 1.5, "size": 1.50000012, "_time": 108.144531}, {"$id": 495, "sounds": [{"d": 0.0431442261, "p": 72, "v": 78}], "pos": -1.0, "size": 1.0, "_time": 108.589844}, {"$id": 496, "sounds": [{"d": 0.05531311, "p": 78, "v": 89}], "pos": 2.0, "size": 1.0, "_time": 108.589844}, {"$id": 497, "sounds": [{"d": 0.211280823, "p": 67, "v": 97}], "pos": -2.0, "size": 1.0, "_time": 109.019531}, {"$id": 498, "sounds": [{"d": 0.3340683, "p": 76, "v": 87}], "pos": 1.0, "size": 1.0, "_time": 109.027344}, {"$id": 499, "sounds": [{"d": 0.0818634, "p": 72, "v": 69}], "pos": -1.0, "size": 1.0, "_time": 109.320313}, {"$id": 500, "sounds": [{"d": 0.128326416, "p": 78, "v": 84}], "pos": 2.0, "size": 1.0, "_time": 109.324219}, {"$id": 501, "sounds": [{"d": 0.177001953, "p": 71, "v": 48}], "pos": -2.0, "size": 1.0, "_time": 110.0}, {"$id": 502, "sounds": [{"d": 0.392944336, "p": 79, "v": 63}], "pos": 2.0, "size": 1.0, "_time": 110.007813}, {"$id": 503, "sounds": [{"d": 0.176063538, "p": 71, "v": 68}], "pos": -1.5, "size": 1.0, "_time": 110.261719}, {"$id": 504, "sounds": [{"d": 0.221878052, "p": 76, "v": 90}], "pos": 1.5, "size": 1.0, "_time": 110.464844}, {"$id": 505, "sounds": [{"d": 0.390655518, "p": 78, "v": 96}], "pos": 2.0, "size": 1.0, "_time": 110.671875}, {"$id": 506, "sounds": [{"d": 0.16355896, "p": 69, "v": 85}], "pos": -2.0, "size": 1.0, "_time": 110.671875}, {"$id": 507, "sounds": [{"d": 0.167709351, "p": 69, "v": 72}], "pos": 1.5, "size": 1.0, "_time": 110.902344}, {"$id": 508, "sounds": [{"d": 0.0364608765, "p": 74, "v": 80}], "pos": -1.5, "size": 1.0, "_time": 111.105469}, {"$id": 509, "sounds": [{"d": 0.278144836, "p": 76, "v": 63}], "pos": 2.0, "size": 1.0, "_time": 111.386719}, {"$id": 510, "sounds": [{"d": 0.289611816, "p": 67, "v": 53}], "pos": -2.0, "size": 1.0, "_time": 111.386719}, {"$id": 511, "sounds": [{"d": 0.06354523, "p": 72, "v": 65}], "pos": -1.5, "size": 1.0, "_time": 111.644531}, {"$id": 512, "sounds": [{"d": 0.09896088, "p": 72, "v": 43}, {"w": 0.015625, "d": 0.371925354, "p": 66, "v": 37}, {"w": 0.1015625, "d": 0.409431458, "p": 74, "v": 60}, {"w": 0.11328125, "d": 0.362556458, "p": 71, "v": 40}, {"w": 0.12109375, "d": 0.364639282, "p": 43, "v": 50}], "pos": 1.5, "size": 1.0, "_time": 111.992188}, {"$id": 513, "sounds": [{"d": 0.08125305, "p": 50, "v": 32}], "pos": -2.0, "size": 1.0, "_time": 112.453125}, {"$id": 514, "sounds": [{"d": 0.0572891235, "p": 55, "v": 57}], "pos": -1.5, "size": 1.0, "_time": 112.566406}, {"$id": 515, "sounds": [{"d": 0.138542175, "p": 59, "v": 52}], "pos": -1.0, "size": 1.0, "_time": 112.738281}, {"$id": 516, "sounds": [{"d": 0.1000061, "p": 62, "v": 74}], "pos": -0.5, "size": 1.0, "_time": 112.824219}, {"$id": 517, "sounds": [{"d": 0.120834351, "p": 69, "v": 59}], "size": 1.0, "_time": 112.933594, "pos": 0}, {"$id": 518, "sounds": [{"d": 0.111465454, "p": 74, "v": 63}], "pos": 0.5, "size": 1.0, "_time": 113.003906}, {"$id": 519, "sounds": [{"d": 0.0854187, "p": 78, "v": 72}], "pos": 1.0, "size": 1.0, "_time": 113.082031}, {"$id": 520, "sounds": [{"d": 0.0572891235, "p": 67, "v": 40}], "pos": -1.5, "size": 1.0, "_time": 113.152344}, {"$id": 521, "sounds": [{"d": 0.06667328, "p": 71, "v": 48}], "pos": -1.0, "size": 1.0, "_time": 113.21875}, {"$id": 522, "sounds": [{"d": 0.0760421753, "p": 74, "v": 62}], "pos": -0.5, "size": 1.0, "_time": 113.265625}, {"$id": 523, "sounds": [{"d": 0.0625, "p": 79, "v": 64}], "size": 1.0, "_time": 113.371094, "pos": 0}, {"$id": 524, "sounds": [{"d": 0.109375, "p": 81, "v": 52}], "pos": 0.5, "size": 1.0, "_time": 113.433594}, {"$id": 525, "sounds": [{"d": 0.0604171753, "p": 86, "v": 44}], "pos": 1.0, "size": 1.0, "_time": 113.519531}, {"$id": 526, "sounds": [{"d": 0.0364608765, "p": 90, "v": 58}], "pos": 1.5, "size": 1.0, "_time": 113.585938}, {"$id": 527, "sounds": [{"d": 0.0718765259, "p": 83, "v": 45}], "pos": -1.0, "size": 1.0, "_time": 113.683594}, {"$id": 528, "sounds": [{"d": 0.0718765259, "p": 86, "v": 48}], "pos": -0.5, "size": 1.0, "_time": 113.761719}, {"$id": 529, "sounds": [{"d": 0.114578247, "p": 91, "v": 39}], "size": 1.0, "_time": 113.871094, "pos": 0}, {"$id": 530, "sounds": [{"d": 0.1333313, "p": 93, "v": 41}], "pos": 0.5, "size": 1.0, "_time": 113.976563}, {"$id": 531, "sounds": [{"d": 0.1322937, "p": 98, "v": 60}], "pos": 1.0, "size": 1.0, "_time": 114.066406}, {"$id": 532, "sounds": [{"d": 0.103126526, "p": 102, "v": 71}], "pos": 1.5, "size": 1.0, "_time": 114.164063}, {"$id": 533, "sounds": [{"d": 0.02708435, "p": 105, "v": 82}], "pos": 2.0, "size": 1.0, "_time": 114.285156}, {"$id": 534, "sounds": [{"d": 0.604248047, "p": 76, "v": 22}], "pos": 1.5, "size": 1.0, "_time": 116.589844}, {"$id": 535, "sounds": [{"d": 0.05104065, "p": 81, "v": 67}], "pos": 0.5, "size": 1.0, "_time": 117.183594}, {"$id": 536, "sounds": [{"d": 0.4604187, "p": 81, "v": 89}], "pos": 0.5, "size": 1.0, "_time": 117.570313}, {"$id": 537, "sounds": [{"d": 0.08332825, "p": 76, "v": 52}], "pos": -1.5, "size": 1.0, "_time": 117.976563}, {"$id": 538, "sounds": [{"d": 0.8896408, "p": 79, "v": 40}], "pos": -0.5, "size": 1.0, "_time": 118.496094}, {"$id": 539, "sounds": [{"d": 0.265625, "p": 79, "v": 76}], "pos": -1.5, "size": 1.0, "_time": 119.789063}, {"$id": 540, "sounds": [{"d": 0.280204773, "p": 81, "v": 78}], "pos": 1.5, "size": 1.0, "_time": 119.976563}, {"$id": 541, "sounds": [{"d": 0.289596558, "p": 78, "v": 63}], "pos": -1.0, "size": 1.0, "_time": 120.222656}, {"$id": 542, "sounds": [{"d": 0.0520858765, "p": 74, "v": 67}], "pos": 1.0, "size": 1.0, "_time": 120.65625}, {"$id": 543, "sounds": [{"d": 0.415626526, "p": 74, "v": 79}], "pos": 1.0, "size": 1.0, "_time": 121.046875}, {"$id": 544, "sounds": [{"d": 0.07291412, "p": 71, "v": 69}], "pos": -1.5, "size": 1.0, "_time": 121.433594}, {"$id": 545, "sounds": [{"d": 0.3593979, "p": 77, "v": 55}], "pos": 2.0, "size": 1.0, "_time": 121.957031}, {"$id": 546, "sounds": [{"d": 0.0958404541, "p": 76, "v": 74}], "pos": -1.5, "size": 1.0, "_time": 122.324219}, {"$id": 547, "sounds": [{"d": 0.580246, "p": 76, "v": 93}], "pos": -1.5, "size": 1.0, "_time": 122.539063}, {"$id": 548, "sounds": [{"d": 0.2427063, "p": 74, "v": 65}], "pos": -1.0, "size": 1.0, "_time": 123.078125}, {"$id": 549, "sounds": [{"d": 0.432312, "p": 74, "v": 33}], "pos": 1.0, "size": 1.0, "_time": 123.921875}, {"$id": 550, "sounds": [{"d": 0.0687484741, "p": 72, "v": 68}], "pos": 0.5, "size": 1.0, "_time": 124.316406}, {"$id": 551, "sounds": [{"d": 0.450004578, "p": 72, "v": 98}], "pos": 0.5, "size": 1.0, "_time": 124.714844}, {"$id": 552, "sounds": [{"d": 0.0802154541, "p": 71, "v": 78}], "pos": -0.5, "size": 1.0, "_time": 125.117188}, {"$id": 553, "sounds": [{"d": 0.150032043, "p": 72, "v": 57}], "pos": -2.0, "size": 1.0, "_time": 125.652344}, {"$id": 554, "sounds": [{"d": 0.0416641235, "p": 74, "v": 62}], "pos": -1.0, "size": 1.0, "_time": 126.070313}, {"$id": 555, "sounds": [{"d": 0.137496948, "p": 76, "v": 78}], "size": 1.0, "_time": 126.554688, "pos": 0}, {"$id": 556, "sounds": [{"d": 0.119789124, "p": 78, "v": 79}], "pos": 1.0, "size": 1.0, "_time": 126.933594}, {"$id": 557, "sounds": [{"d": 0.0635376, "p": 79, "v": 71}], "pos": 2.0, "size": 1.0, "_time": 127.246094}, {"$id": 558, "sounds": [{"d": 0.419868469, "p": 78, "v": 71}], "pos": -1.0, "size": 1.0, "_time": 127.492188}, {"$id": 559, "sounds": [{"d": 0.0489578247, "p": 81, "v": 57}], "pos": 1.0, "size": 1.0, "_time": 127.933594}, {"$id": 560, "sounds": [{"d": 0.0395813, "p": 78, "v": 65}], "size": 1.0, "_time": 128.3125, "pos": 0}, {"$id": 561, "sounds": [{"d": 0.0552215576, "p": 74, "v": 60}], "pos": -1.0, "size": 1.0, "_time": 128.734375}, {"$id": 562, "sounds": [{"d": 0.5021057, "p": 69, "v": 53}], "pos": -0.5, "size": 1.0, "_time": 129.273438}, {"$id": 563, "sounds": [{"d": 0.2093811, "p": 71, "v": 58}], "pos": 0.5, "size": 1.0, "_time": 130.2461}, {"$id": 564, "sounds": [{"d": 0.40838623, "p": 83, "v": 55}], "pos": 1.5, "size": 1.0, "_time": 131.351563}, {"$id": 565, "sounds": [{"d": 0.06562805, "p": 81, "v": 81}], "pos": 0.5, "size": 1.0, "_time": 131.730469}, {"$id": 566, "sounds": [{"d": 0.4260559, "p": 81, "v": 94}], "pos": 0.5, "size": 1.0, "_time": 132.105469}, {"$id": 567, "sounds": [{"d": 0.08126831, "p": 76, "v": 67}], "pos": -1.5, "size": 1.0, "_time": 132.480469}, {"$id": 568, "sounds": [{"d": 0.688598633, "p": 79, "v": 57}], "pos": -0.5, "size": 1.0, "_time": 132.902344}, {"$id": 569, "sounds": [{"d": 0.128128052, "p": 81, "v": 57}], "pos": 1.5, "size": 1.0, "_time": 133.59375}, {"$id": 570, "sounds": [{"d": 0.453125, "p": 78, "v": 77}], "pos": -1.5, "size": 1.0, "_time": 134.289063}, {"$id": 571, "sounds": [{"d": 0.2791748, "p": 79, "v": 87}], "pos": -1.0, "size": 1.0, "_time": 134.4961}, {"$id": 572, "sounds": [{"d": 0.252120972, "p": 81, "v": 77}], "pos": -0.5, "size": 1.0, "_time": 134.726563}, {"$id": 573, "sounds": [{"d": 0.0552063, "p": 86, "v": 69}], "pos": 1.5, "size": 1.0, "_time": 135.140625}, {"$id": 574, "sounds": [{"d": 0.436447144, "p": 86, "v": 80}], "pos": 1.5, "size": 1.0, "_time": 135.554688}, {"$id": 575, "sounds": [{"d": 0.05937195, "p": 78, "v": 73}], "pos": -1.5, "size": 1.0, "_time": 135.976563}, {"$id": 576, "sounds": [{"d": 0.3917389, "p": 81, "v": 56}], "pos": 1.5, "size": 1.0, "_time": 136.5}, {"$id": 577, "sounds": [{"d": 0.1770935, "p": 80, "v": 76}], "pos": -0.5, "size": 1.0, "_time": 136.910156}, {"$id": 578, "sounds": [{"d": 0.0874939, "p": 83, "v": 79}], "pos": 0.5, "size": 1.0, "_time": 137.117188}, {"$id": 579, "sounds": [{"d": 0.472915649, "p": 76, "v": 70}], "pos": 2.0, "size": 1.0, "_time": 137.578125}, {"$id": 580, "sounds": [{"d": 0.0447845459, "p": 74, "v": 67}], "pos": 0.5, "size": 1.0, "_time": 138.023438}, {"$id": 581, "sounds": [{"d": 0.388092041, "p": 74, "v": 44}], "pos": -0.5, "size": 1.0, "_time": 138.53125}, {"$id": 582, "sounds": [{"d": 0.791000366, "p": 72, "v": 71}], "pos": -1.0, "size": 1.0, "_time": 138.914063}, {"$id": 583, "sounds": [{"d": 0.3889923, "p": 71, "v": 84}], "pos": -1.5, "size": 1.0, "_time": 139.6289}, {"$id": 584, "sounds": [{"d": 0.161010742, "p": 72, "v": 75}], "pos": -1.0, "size": 1.0, "_time": 139.945313}, {"$id": 585, "sounds": [{"d": 0.253097534, "p": 72, "v": 43}], "pos": -0.5, "size": 1.0, "_time": 140.363281}, {"$id": 586, "sounds": [{"d": 0.0569915771, "p": 79, "v": 51}], "pos": 1.5, "size": 1.0, "_time": 140.859375}, {"$id": 587, "sounds": [{"d": 0.295013428, "p": 78, "v": 44}], "pos": -1.0, "size": 1.0, "_time": 141.757813}, {"$id": 588, "sounds": [{"d": 0.07600403, "p": 81, "v": 36}], "pos": 1.5, "size": 1.0, "_time": 142.476563}, {"$id": 589, "sounds": [{"d": 0.743499756, "p": 81, "v": 40}], "pos": 1.5, "size": 1.0, "_time": 143.414063}, {"$id": 590, "sounds": [{"d": 0.3388672, "p": 79, "v": 55}], "pos": -1.5, "size": 1.0, "_time": 144.167969}, {"$id": 591, "sounds": [{"d": 1.78182983, "p": 59, "v": 39}], "pos": -2.0, "size": 1.0, "_time": 145.167969}, {"$id": 592, "sounds": [{"d": 1.30834961, "p": 62, "v": 33}], "pos": -0.5, "size": 1.0, "_time": 145.605469}, {"$id": 593, "sounds": [{"d": 0.6751251, "p": 67, "v": 34}], "pos": 0.5, "size": 1.0, "_time": 146.109375}, {"$id": 594, "sounds": [{"d": 0.153121948, "p": 69, "v": 33}], "pos": 2.0, "size": 1.0, "_time": 146.714844}, {"$id": 595, "sounds": [{"d": 2.46678162, "p": 55, "v": 17}], "pos": -2.0, "size": 1.0, "_time": 147.707031}, {"$id": 596, "sounds": [{"d": 2.46990967, "p": 62, "v": 18}], "pos": -1.5, "size": 1.0, "_time": 147.824219}, {"$id": 597, "sounds": [{"d": 2.36991882, "p": 66, "v": 30}], "pos": -1.0, "size": 1.0, "_time": 147.8711}, {"$id": 598, "sounds": [{"d": 2.29492188, "p": 69, "v": 29}], "size": 1.0, "_time": 147.925781, "pos": 0}, {"$id": 599, "sounds": [{"d": 2.2625885, "p": 74, "v": 20}], "pos": 1.0, "size": 1.0, "_time": 148.039063}, {"$id": 600, "sounds": [{"d": 2.276123, "p": 78, "v": 53}], "pos": 1.5, "size": 1.0, "_time": 148.0586}, {"$id": 601, "sounds": [{"d": 2.104248, "p": 81, "v": 33}], "pos": 2.0, "size": 1.0, "_time": 148.160156}], "links": [{"notes": [{"$ref": 200}, {"$ref": 201}, {"$ref": 202}, {"$ref": 203}, {"$ref": 204}, {"$ref": 205}, {"$ref": 206}, {"$ref": 207}, {"$ref": 208}]}, {"notes": [{"$ref": 142}, {"$ref": 143}, {"$ref": 145}]}, {"notes": [{"$ref": 156}, {"$ref": 157}, {"$ref": 158}]}, {"notes": [{"$ref": 128}, {"$ref": 129}, {"$ref": 131}]}, {"notes": [{"$ref": 172}, {"$ref": 173}, {"$ref": 174}, {"$ref": 175}, {"$ref": 176}]}, {"notes": [{"$ref": 96}, {"$ref": 97}, {"$ref": 99}]}, {"notes": [{"$ref": 125}, {"$ref": 126}, {"$ref": 127}]}, {"notes": [{"$ref": 211}, {"$ref": 212}]}, {"notes": [{"$ref": 222}, {"$ref": 223}]}, {"notes": [{"$ref": 234}, {"$ref": 235}, {"$ref": 236}]}, {"notes": [{"$ref": 258}, {"$ref": 259}, {"$ref": 260}]}, {"notes": [{"$ref": 261}, {"$ref": 262}, {"$ref": 263}]}, {"notes": [{"$ref": 299}, {"$ref": 300}, {"$ref": 301}]}, {"notes": [{"$ref": 346}, {"$ref": 347}, {"$ref": 348}, {"$ref": 349}]}, {"notes": [{"$ref": 277}, {"$ref": 278}, {"$ref": 279}, {"$ref": 280}, {"$ref": 281}, {"$ref": 282}, {"$ref": 283}, {"$ref": 284}, {"$ref": 285}, {"$ref": 286}]}, {"notes": [{"$ref": 350}, {"$ref": 351}, {"$ref": 352}]}, {"notes": [{"$ref": 381}, {"$ref": 382}, {"$ref": 383}]}, {"notes": [{"$ref": 178}, {"$ref": 179}, {"$ref": 181}]}, {"notes": [{"$ref": 422}, {"$ref": 424}, {"$ref": 425}]}, {"notes": [{"$ref": 36}, {"$ref": 37}, {"$ref": 38}]}, {"notes": [{"$ref": 56}, {"$ref": 57}, {"$ref": 58}]}, {"notes": [{"$ref": 62}, {"$ref": 63}, {"$ref": 64}]}, {"notes": [{"$ref": 77}, {"$ref": 78}, {"$ref": 80}]}, {"notes": [{"$ref": 85}, {"$ref": 86}, {"$ref": 88}]}, {"notes": [{"$ref": 444}, {"$ref": 445}, {"$ref": 446}]}, {"notes": [{"$ref": 455}, {"$ref": 456}, {"$ref": 457}, {"$ref": 459}]}, {"notes": [{"$ref": 469}, {"$ref": 470}, {"$ref": 471}]}, {"notes": [{"$ref": 513}, {"$ref": 514}, {"$ref": 515}, {"$ref": 516}, {"$ref": 517}, {"$ref": 518}, {"$ref": 519}]}, {"notes": [{"$ref": 520}, {"$ref": 521}, {"$ref": 522}, {"$ref": 523}, {"$ref": 524}, {"$ref": 525}, {"$ref": 526}]}, {"notes": [{"$ref": 527}, {"$ref": 528}, {"$ref": 529}, {"$ref": 530}, {"$ref": 531}, {"$ref": 532}, {"$ref": 533}]}, {"notes": [{"$ref": 595}, {"$ref": 596}, {"$ref": 597}, {"$ref": 598}, {"$ref": 599}, {"$ref": 600}, {"$ref": 601}]}, {"notes": [{"$ref": 3}, {"$ref": 4}, {"$ref": 6}]}]}