{"speed": 12.0, "notes": [{"$id": 1, "sounds": [{"d": 0.3333335, "p": 81, "v": 76}], "size": 1.0, "_time": 2.0, "pos": 0}, {"$id": 2, "sounds": [{"d": 0.3333335, "p": 43, "v": 65}], "pos": -2.0, "size": 1.30000007, "_time": 2.0}, {"$id": 3, "sounds": [{"d": 0.3333335, "p": 58, "v": 74}, {"d": 0.3333335, "p": 62, "v": 74}, {"d": 0.3333335, "p": 69, "v": 74}], "pos": -1.0, "size": 1.30000007, "_time": 2.33203125}, {"$id": 4, "sounds": [{"d": 0.3333335, "p": 89, "v": 88}], "pos": 2.0, "size": 1.0, "_time": 2.33203125}, {"$id": 5, "sounds": [{"d": 0.3333335, "p": 88, "v": 88}], "pos": 1.0, "size": 1.0, "_time": 2.66796875}, {"$id": 6, "sounds": [{"d": 0.3333335, "p": 51, "v": 60}], "pos": -2.0, "size": 1.30000007, "_time": 3.0}, {"$id": 7, "sounds": [{"d": 0.3333335, "p": 84, "v": 77}], "pos": 2.0, "size": 1.0, "_time": 3.0}, {"$id": 8, "sounds": [{"d": 0.3333335, "p": 67, "v": 71}, {"d": 0.3333335, "p": 65, "v": 71}, {"d": 0.3333335, "p": 61, "v": 71}], "pos": -1.0, "size": 1.30000007, "_time": 3.33203125}, {"$id": 9, "sounds": [{"d": 0.3333335, "p": 79, "v": 83}], "pos": 1.0, "size": 1.0, "_time": 3.33203125}, {"$id": 10, "sounds": [{"d": 0.166666746, "p": 77, "v": 67}], "size": 1.0, "_time": 3.66796875, "pos": 0}, {"$id": 11, "sounds": [{"d": 0.166666746, "p": 76, "v": 73}], "pos": -1.0, "size": 1.0, "_time": 3.83203125}, {"$id": 12, "sounds": [{"d": 0.166666985, "p": 50, "v": 67}], "pos": -2.0, "size": 1.30000007, "_time": 4.0}, {"$id": 13, "sounds": [{"d": 0.166666985, "p": 77, "v": 81}], "size": 1.0, "_time": 4.0, "pos": 0}, {"$id": 14, "sounds": [{"d": 0.3333335, "p": 84, "v": 85}], "pos": 2.0, "size": 1.0, "_time": 4.33203125}, {"$id": 15, "sounds": [{"d": 0.3333335, "p": 67, "v": 61}, {"d": 0.3333335, "p": 60, "v": 61}, {"d": 0.3333335, "p": 64, "v": 61}, {"d": 0.3333335, "p": 65, "v": 61}], "pos": -1.0, "size": 1.30000007, "_time": 4.33203125}, {"$id": 16, "sounds": [{"d": 0.25, "p": 82, "v": 87}], "pos": 1.0, "size": 1.0, "_time": 4.66796875}, {"$id": 17, "sounds": [{"d": 0.0416665077, "p": 70, "v": 30}], "pos": -1.0, "size": 1.0, "_time": 4.91796875}, {"$id": 18, "sounds": [{"d": 0.0416665077, "p": 75, "v": 47}], "pos": -0.5, "size": 1.0, "_time": 4.95703125}, {"$id": 19, "sounds": [{"d": 0.3333335, "p": 48, "v": 70}], "pos": -2.0, "size": 1.30000007, "_time": 5.0}, {"$id": 20, "sounds": [{"d": 0.3333335, "p": 81, "v": 87}], "size": 1.0, "_time": 5.0, "pos": 0}, {"$id": 21, "sounds": [{"d": 0.166666985, "p": 58, "v": 75}, {"d": 0.166666985, "p": 63, "v": 75}, {"d": 0.166666985, "p": 67, "v": 75}], "pos": -1.0, "size": 1.30000007, "_time": 5.33203125}, {"$id": 22, "sounds": [{"d": 0.166666985, "p": 79, "v": 73}], "pos": 2.0, "size": 1.0, "_time": 5.5}, {"$id": 23, "sounds": [{"d": 0.166666985, "p": 77, "v": 83}], "pos": 1.0, "size": 1.0, "_time": 5.66796875}, {"$id": 24, "sounds": [{"d": 0.166666985, "p": 76, "v": 64}], "size": 1.0, "_time": 5.83203125, "pos": 0}, {"$id": 25, "sounds": [{"d": 0.3333335, "p": 46, "v": 65}], "pos": -2.0, "size": 1.30000007, "_time": 6.0}, {"$id": 26, "sounds": [{"d": 0.3333335, "p": 74, "v": 76}], "pos": 1.0, "size": 1.0, "_time": 6.0}, {"$id": 27, "sounds": [{"d": 0.166666508, "p": 65, "v": 56}, {"d": 0.166666508, "p": 62, "v": 56}, {"d": 0.166666508, "p": 60, "v": 56}], "pos": -1.0, "size": 1.30000007, "_time": 6.33203125}, {"$id": 28, "sounds": [{"d": 0.166666985, "p": 74, "v": 64}], "size": 1.0, "_time": 6.5, "pos": 0}, {"$id": 29, "sounds": [{"d": 0.166666985, "p": 79, "v": 80}], "pos": 1.0, "size": 1.0, "_time": 6.66796875}, {"$id": 30, "sounds": [{"d": 0.166666985, "p": 84, "v": 93}], "pos": 2.0, "size": 1.0, "_time": 6.83203125}, {"$id": 31, "sounds": [{"d": 0.3333335, "p": 45, "v": 57}], "pos": -2.0, "size": 1.30000007, "_time": 7.0}, {"$id": 32, "sounds": [{"d": 0.3333335, "p": 77, "v": 75}], "pos": 1.0, "size": 1.0, "_time": 7.0}, {"$id": 33, "sounds": [{"d": 0.166666508, "p": 55, "v": 69}, {"d": 0.166666508, "p": 61, "v": 69}, {"d": 0.166666508, "p": 65, "v": 69}], "pos": -1.0, "size": 1.30000007, "_time": 7.33203125}, {"$id": 34, "sounds": [{"d": 0.166666985, "p": 76, "v": 78}], "pos": 1.0, "size": 1.0, "_time": 7.5}, {"$id": 35, "sounds": [{"d": 0.166666985, "p": 77, "v": 78}], "size": 1.0, "_time": 7.66796875, "pos": 0}, {"$id": 36, "sounds": [{"d": 0.166666985, "p": 79, "v": 74}], "pos": 1.0, "size": 1.0, "_time": 7.83203125}, {"$id": 37, "sounds": [{"d": 0.166666031, "p": 50, "v": 69}], "pos": -1.0, "size": 1.30000007, "_time": 8.0}, {"$id": 38, "sounds": [{"d": 0.166666031, "p": 81, "v": 73}], "pos": 2.0, "size": 1.0, "_time": 8.0}, {"$id": 39, "sounds": [{"d": 0.166666985, "p": 69, "v": 74}], "pos": -2.0, "size": 1.0, "_time": 8.167969}, {"$id": 40, "sounds": [{"d": 0.166666985, "p": 79, "v": 78}], "pos": 1.5, "size": 1.0, "_time": 8.332031}, {"$id": 41, "sounds": [{"d": 0.166666985, "p": 69, "v": 78}], "pos": -2.0, "size": 1.0, "_time": 8.5}, {"$id": 42, "sounds": [{"d": 0.166666985, "p": 77, "v": 74}], "pos": 1.0, "size": 1.0, "_time": 8.667969}, {"$id": 43, "sounds": [{"d": 0.166666985, "p": 69, "v": 68}], "pos": -2.0, "size": 1.0, "_time": 8.832031}, {"$id": 44, "sounds": [{"d": 0.166666031, "p": 75, "v": 87}], "size": 1.0, "_time": 9.0, "pos": 0}, {"$id": 45, "sounds": [{"d": 0.166666985, "p": 70, "v": 72}], "pos": -1.0, "size": 1.0, "_time": 9.167969}, {"$id": 46, "sounds": [{"d": 0.166666985, "p": 77, "v": 78}], "pos": 1.0, "size": 1.0, "_time": 9.332031}, {"$id": 47, "sounds": [{"d": 0.166666031, "p": 70, "v": 54}], "pos": -1.0, "size": 1.0, "_time": 9.5}, {"$id": 48, "sounds": [{"d": 0.166666985, "p": 84, "v": 81}], "pos": 2.0, "size": 1.0, "_time": 9.667969}, {"$id": 49, "sounds": [{"d": 0.166666985, "p": 70, "v": 64}], "pos": -1.0, "size": 1.0, "_time": 9.832031}, {"$id": 50, "sounds": [{"d": 0.333333015, "p": 43, "v": 65}], "pos": -2.0, "size": 1.30000007, "_time": 10.0}, {"$id": 51, "sounds": [{"d": 0.333333015, "p": 81, "v": 68}], "size": 1.0, "_time": 10.0, "pos": 0}, {"$id": 52, "sounds": [{"d": 0.333333969, "p": 89, "v": 81}], "pos": 2.0, "size": 1.0, "_time": 10.3320313}, {"$id": 53, "sounds": [{"d": 0.333333969, "p": 69, "v": 74}, {"d": 0.333333969, "p": 58, "v": 74}, {"d": 0.333333969, "p": 62, "v": 74}], "pos": -1.0, "size": 1.30000007, "_time": 10.3320313}, {"$id": 54, "sounds": [{"d": 0.333333969, "p": 88, "v": 88}], "pos": 1.0, "size": 1.0, "_time": 10.6679688}, {"$id": 55, "sounds": [{"d": 0.333333015, "p": 51, "v": 60}], "pos": -2.0, "size": 1.30000007, "_time": 11.0}, {"$id": 56, "sounds": [{"d": 0.333333015, "p": 84, "v": 77}], "pos": 2.0, "size": 1.0, "_time": 11.0}, {"$id": 57, "sounds": [{"d": 0.333333015, "p": 67, "v": 67}, {"d": 0.333333015, "p": 65, "v": 67}, {"d": 0.333333015, "p": 61, "v": 67}], "pos": -1.0, "size": 1.30000007, "_time": 11.3320313}, {"$id": 58, "sounds": [{"d": 0.333333015, "p": 79, "v": 83}], "pos": 1.0, "size": 1.0, "_time": 11.3320313}, {"$id": 59, "sounds": [{"d": 0.166666985, "p": 77, "v": 67}], "size": 1.0, "_time": 11.6679688, "pos": 0}, {"$id": 60, "sounds": [{"d": 0.166666985, "p": 76, "v": 73}], "pos": -1.0, "size": 1.0, "_time": 11.8320313}, {"$id": 61, "sounds": [{"d": 0.166666031, "p": 50, "v": 67}], "pos": -2.0, "size": 1.30000007, "_time": 12.0}, {"$id": 62, "sounds": [{"d": 0.166666031, "p": 77, "v": 81}], "size": 1.0, "_time": 12.0, "pos": 0}, {"$id": 63, "sounds": [{"d": 0.333333015, "p": 84, "v": 78}], "pos": 2.0, "size": 1.0, "_time": 12.3320313}, {"$id": 64, "sounds": [{"d": 0.333333015, "p": 64, "v": 61}, {"d": 0.333333015, "p": 65, "v": 61}, {"d": 0.333333015, "p": 60, "v": 61}, {"d": 0.333333015, "p": 67, "v": 61}], "pos": -1.0, "size": 1.30000007, "_time": 12.3320313}, {"$id": 65, "sounds": [{"d": 0.25, "p": 82, "v": 87}], "pos": 1.0, "size": 1.0, "_time": 12.6679688}, {"$id": 66, "sounds": [{"d": 0.0416669846, "p": 70, "v": 57}], "pos": -1.0, "size": 1.0, "_time": 12.9179688}, {"$id": 67, "sounds": [{"d": 0.0416669846, "p": 75, "v": 67}], "pos": -0.5, "size": 1.0, "_time": 12.9570313}, {"$id": 68, "sounds": [{"d": 0.333333015, "p": 48, "v": 70}], "pos": -2.0, "size": 1.30000007, "_time": 13.0}, {"$id": 69, "sounds": [{"d": 0.333333015, "p": 81, "v": 87}], "size": 1.0, "_time": 13.0, "pos": 0}, {"$id": 70, "sounds": [{"d": 0.166666031, "p": 79, "v": 72}], "pos": 1.0, "size": 1.0, "_time": 13.5}, {"$id": 71, "sounds": [{"d": 0.166666031, "p": 67, "v": 60}, {"d": 0.166666031, "p": 63, "v": 60}, {"d": 0.166666031, "p": 58, "v": 60}], "pos": -1.0, "size": 1.30000007, "_time": 13.5}, {"$id": 72, "sounds": [{"d": 0.166666985, "p": 77, "v": 83}], "size": 1.0, "_time": 13.6679688, "pos": 0}, {"$id": 73, "sounds": [{"d": 0.166666985, "p": 79, "v": 64}], "pos": 1.0, "size": 1.0, "_time": 13.8320313}, {"$id": 74, "sounds": [{"d": 0.333333015, "p": 46, "v": 65}], "pos": -2.0, "size": 1.30000007, "_time": 14.0}, {"$id": 75, "sounds": [{"d": 0.333333015, "p": 81, "v": 76}], "pos": 2.0, "size": 1.0, "_time": 14.0}, {"$id": 76, "sounds": [{"d": 0.166666985, "p": 62, "v": 62}, {"d": 0.166666985, "p": 60, "v": 62}, {"d": 0.166666985, "p": 65, "v": 62}], "pos": -1.0, "size": 1.30000007, "_time": 14.3320313}, {"$id": 77, "sounds": [{"d": 0.166666985, "p": 69, "v": 75}], "pos": 1.0, "size": 1.0, "_time": 14.5}, {"$id": 78, "sounds": [{"d": 0.166666985, "p": 74, "v": 87}], "size": 1.0, "_time": 14.6679688, "pos": 0}, {"$id": 79, "sounds": [{"d": 0.166666985, "p": 76, "v": 70}], "pos": 1.0, "size": 1.0, "_time": 14.8320313}, {"$id": 80, "sounds": [{"d": 0.166666031, "p": 45, "v": 57}], "pos": -2.0, "size": 1.30000007, "_time": 15.0}, {"$id": 81, "sounds": [{"d": 0.166666031, "p": 77, "v": 81}], "pos": 2.0, "size": 1.0, "_time": 15.0}, {"$id": 82, "sounds": [{"d": 0.166666985, "p": 65, "v": 69}, {"d": 0.166666985, "p": 55, "v": 69}, {"d": 0.166666985, "p": 61, "v": 69}], "pos": -1.0, "size": 1.30000007, "_time": 15.3320313}, {"$id": 83, "sounds": [{"d": 0.333333015, "p": 76, "v": 78}], "pos": 1.0, "size": 1.0, "_time": 15.5}, {"$id": 84, "sounds": [{"d": 0.166666031, "p": 77, "v": 74}], "pos": 2.0, "size": 1.0, "_time": 15.8320313}, {"$id": 85, "sounds": [{"d": 0.333333969, "p": 50, "v": 69}], "pos": -2.0, "size": 1.30000007, "_time": 16.0}, {"$id": 86, "sounds": [{"d": 0.333333969, "p": 74, "v": 82}], "size": 1.0, "_time": 16.0, "pos": 0}, {"$id": 87, "sounds": [{"d": 0.333333969, "p": 65, "v": 57}, {"d": 0.333333969, "p": 60, "v": 61}, {"d": 0.333333969, "p": 69, "v": 47}], "pos": -1.0, "size": 1.30000007, "_time": 16.3320313}, {"$id": 88, "sounds": [{"d": 0.333333969, "p": 45, "v": 50}], "pos": 2.0, "size": 1.30000007, "_time": 16.6679688}, {"$id": 89, "sounds": [{"d": 0.333333969, "p": 57, "v": 40}, {"d": 0.333333969, "p": 60, "v": 46}, {"d": 0.333333969, "p": 65, "v": 44}], "pos": 1.0, "size": 1.60000014, "_time": 17.0}, {"$id": 90, "sounds": [{"d": 0.166666031, "p": 74, "v": 72}], "pos": -1.0, "size": 1.0, "_time": 17.6679688}, {"$id": 91, "sounds": [{"d": 0.0972213745, "p": 67, "v": 58}], "pos": -2.0, "size": 1.0, "_time": 17.8320313}, {"$id": 92, "sounds": [{"d": 0.06944466, "p": 70, "v": 67}], "pos": -1.0, "size": 1.0, "_time": 17.9296875}, {"$id": 93, "sounds": [{"d": 0.166667938, "p": 75, "v": 70}], "size": 1.0, "_time": 18.0, "pos": 0}, {"$id": 94, "sounds": [{"d": 0.166666031, "p": 70, "v": 80}], "pos": -2.0, "size": 1.0, "_time": 18.1679688}, {"$id": 95, "sounds": [{"d": 0.166666031, "p": 77, "v": 78}], "pos": 0.5, "size": 1.0, "_time": 18.3320313}, {"$id": 96, "sounds": [{"d": 0.166666031, "p": 70, "v": 80}], "pos": -2.0, "size": 1.0, "_time": 18.5}, {"$id": 97, "sounds": [{"d": 0.166666031, "p": 79, "v": 78}], "pos": 1.0, "size": 1.0, "_time": 18.6679688}, {"$id": 98, "sounds": [{"d": 0.166666031, "p": 70, "v": 80}], "pos": -2.0, "size": 1.0, "_time": 18.8320313}, {"$id": 99, "sounds": [{"d": 0.166667938, "p": 81, "v": 78}], "pos": 0.5, "size": 1.0, "_time": 19.0}, {"$id": 100, "sounds": [{"d": 0.166666031, "p": 72, "v": 80}], "pos": -1.0, "size": 1.0, "_time": 19.1679688}, {"$id": 101, "sounds": [{"d": 0.166666031, "p": 82, "v": 83}], "pos": 1.0, "size": 1.0, "_time": 19.3320313}, {"$id": 102, "sounds": [{"d": 0.166666031, "p": 72, "v": 80}], "pos": -1.0, "size": 1.0, "_time": 19.5}, {"$id": 103, "sounds": [{"d": 0.166666031, "p": 84, "v": 83}], "pos": 1.5, "size": 1.0, "_time": 19.6679688}, {"$id": 104, "sounds": [{"d": 0.166666031, "p": 72, "v": 80}], "pos": -1.0, "size": 1.0, "_time": 19.8320313}, {"$id": 105, "sounds": [{"d": 0.166667938, "p": 46, "v": 74}], "pos": -2.0, "size": 1.30000007, "_time": 20.0}, {"$id": 106, "sounds": [{"d": 0.166667938, "p": 86, "v": 85}], "pos": 2.0, "size": 1.0, "_time": 20.0}, {"$id": 107, "sounds": [{"d": 0.166666031, "p": 62, "v": 66}, {"d": 0.166666031, "p": 57, "v": 66}, {"d": 0.166666031, "p": 65, "v": 66}], "pos": -1.0, "size": 1.30000007, "_time": 20.3320313}, {"$id": 108, "sounds": [{"d": 0.166666031, "p": 82, "v": 90}], "pos": 1.0, "size": 1.0, "_time": 20.5}, {"$id": 109, "sounds": [{"d": 0.166666031, "p": 81, "v": 90}], "size": 1.0, "_time": 20.6679688, "pos": 0}, {"$id": 110, "sounds": [{"d": 0.166666031, "p": 77, "v": 71}], "pos": -1.0, "size": 1.0, "_time": 20.8320313}, {"$id": 111, "sounds": [{"d": 0.166667938, "p": 72, "v": 91}], "size": 1.0, "_time": 21.0, "pos": 0}, {"$id": 112, "sounds": [{"d": 0.166667938, "p": 46, "v": 58}], "pos": -2.0, "size": 1.30000007, "_time": 21.0}, {"$id": 113, "sounds": [{"d": 0.166666031, "p": 74, "v": 77}], "pos": 2.0, "size": 1.0, "_time": 21.1679688}, {"$id": 114, "sounds": [{"d": 0.333333969, "p": 69, "v": 69}], "pos": 1.0, "size": 1.0, "_time": 21.3320313}, {"$id": 115, "sounds": [{"d": 0.333333969, "p": 60, "v": 69}, {"d": 0.333333969, "p": 65, "v": 69}, {"d": 0.333333969, "p": 62, "v": 69}], "pos": -1.0, "size": 1.30000007, "_time": 21.3320313}, {"$id": 116, "sounds": [{"d": 0.166666031, "p": 74, "v": 72}], "pos": -1.0, "size": 1.0, "_time": 21.6679688}, {"$id": 117, "sounds": [{"d": 0.0902786255, "p": 67, "v": 60}], "pos": -2.0, "size": 1.0, "_time": 21.8320313}, {"$id": 118, "sounds": [{"d": 0.07638931, "p": 70, "v": 63}], "pos": -1.0, "size": 1.0, "_time": 21.921875}, {"$id": 119, "sounds": [{"d": 0.166667938, "p": 75, "v": 83}], "size": 1.0, "_time": 22.0, "pos": 0}, {"$id": 120, "sounds": [{"d": 0.166666031, "p": 70, "v": 80}], "pos": -2.0, "size": 1.0, "_time": 22.1679688}, {"$id": 121, "sounds": [{"d": 0.166666031, "p": 77, "v": 78}], "pos": 0.5, "size": 1.0, "_time": 22.3320313}, {"$id": 122, "sounds": [{"d": 0.166666031, "p": 70, "v": 80}], "pos": -2.0, "size": 1.0, "_time": 22.5}, {"$id": 123, "sounds": [{"d": 0.166666031, "p": 79, "v": 78}], "pos": 1.0, "size": 1.0, "_time": 22.6679688}, {"$id": 124, "sounds": [{"d": 0.166666031, "p": 70, "v": 80}], "pos": -2.0, "size": 1.0, "_time": 22.8320313}, {"$id": 125, "sounds": [{"d": 0.166667938, "p": 81, "v": 78}], "pos": 1.5, "size": 1.0, "_time": 23.0}, {"$id": 126, "sounds": [{"d": 0.166666031, "p": 72, "v": 80}], "pos": -1.0, "size": 1.0, "_time": 23.1679688}, {"$id": 127, "sounds": [{"d": 0.166666031, "p": 82, "v": 83}], "pos": 2.0, "size": 1.0, "_time": 23.3320313}, {"$id": 128, "sounds": [{"d": 0.166666031, "p": 75, "v": 81}], "pos": 1.0, "size": 1.0, "_time": 23.5}, {"$id": 129, "sounds": [{"d": 0.166666031, "p": 72, "v": 83}], "pos": -1.0, "size": 1.0, "_time": 23.6679688}, {"$id": 130, "sounds": [{"d": 0.166666031, "p": 73, "v": 73}], "size": 1.0, "_time": 23.8320313, "pos": 0}, {"$id": 131, "sounds": [{"d": 0.166667938, "p": 46, "v": 74}], "pos": -2.0, "size": 1.30000007, "_time": 24.0}, {"$id": 132, "sounds": [{"d": 0.166667938, "p": 74, "v": 85}], "pos": 1.0, "size": 1.0, "_time": 24.0}, {"$id": 133, "sounds": [{"d": 0.166666031, "p": 62, "v": 61}, {"d": 0.166666031, "p": 57, "v": 61}, {"d": 0.166666031, "p": 65, "v": 61}], "pos": -1.0, "size": 1.30000007, "_time": 24.3320313}, {"$id": 134, "sounds": [{"d": 0.166666031, "p": 77, "v": 90}], "size": 1.0, "_time": 24.5, "pos": 0}, {"$id": 135, "sounds": [{"d": 0.166666031, "p": 86, "v": 90}], "pos": 2.0, "size": 1.0, "_time": 24.6679688}, {"$id": 136, "sounds": [{"d": 0.166666031, "p": 81, "v": 71}], "pos": 1.0, "size": 1.0, "_time": 24.8320313}, {"$id": 137, "sounds": [{"d": 0.166667938, "p": 46, "v": 58}], "pos": -2.0, "size": 1.30000007, "_time": 25.0}, {"$id": 138, "sounds": [{"d": 0.166667938, "p": 79, "v": 91}], "size": 1.0, "_time": 25.0, "pos": 0}, {"$id": 139, "sounds": [{"d": 0.166666031, "p": 81, "v": 77}], "pos": 1.0, "size": 1.0, "_time": 25.1679688}, {"$id": 140, "sounds": [{"d": 0.333333969, "p": 89, "v": 81}], "pos": 2.0, "size": 1.0, "_time": 25.3320313}, {"$id": 141, "sounds": [{"d": 0.333333969, "p": 60, "v": 64}, {"d": 0.333333969, "p": 62, "v": 64}, {"d": 0.333333969, "p": 65, "v": 64}], "pos": -1.0, "size": 1.30000007, "_time": 25.3320313}, {"$id": 142, "sounds": [{"d": 0.166666031, "p": 69, "v": 43}], "pos": -1.0, "size": 1.0, "_time": 25.6679688}, {"$id": 143, "sounds": [{"d": 0.166666031, "p": 74, "v": 87}], "size": 1.0, "_time": 25.8320313, "pos": 0}, {"$id": 144, "sounds": [{"d": 0.333333969, "p": 47, "v": 74}], "pos": -2.0, "size": 1.30000007, "_time": 26.0}, {"$id": 145, "sounds": [{"d": 0.333333969, "p": 81, "v": 81}], "pos": 1.0, "size": 1.0, "_time": 26.0}, {"$id": 146, "sounds": [{"d": 0.166666031, "p": 62, "v": 82}, {"d": 0.166666031, "p": 65, "v": 82}, {"d": 0.166666031, "p": 69, "v": 82}], "pos": -1.0, "size": 1.30000007, "_time": 26.3320313}, {"$id": 147, "sounds": [{"d": 0.166666031, "p": 74, "v": 87}], "pos": -2.0, "size": 1.0, "_time": 26.6679688}, {"$id": 148, "sounds": [{"d": 0.166666031, "p": 81, "v": 80}], "pos": 1.0, "size": 1.0, "_time": 26.8320313}, {"$id": 149, "sounds": [{"d": 0.166667938, "p": 80, "v": 74}], "size": 1.0, "_time": 27.0, "pos": 0}, {"$id": 150, "sounds": [{"d": 0.166666031, "p": 76, "v": 77}], "pos": -1.0, "size": 1.0, "_time": 27.1679688}, {"$id": 151, "sounds": [{"d": 0.166666031, "p": 83, "v": 86}], "size": 1.0, "_time": 27.3320313, "pos": 0}, {"$id": 152, "sounds": [{"d": 0.166666031, "p": 86, "v": 83}], "pos": 2.0, "size": 1.0, "_time": 27.5}, {"$id": 153, "sounds": [{"d": 0.166666031, "p": 84, "v": 70}], "pos": 1.0, "size": 1.0, "_time": 27.6679688}, {"$id": 154, "sounds": [{"d": 0.0902786255, "p": 83, "v": 78}], "size": 1.0, "_time": 27.8320313, "pos": 0}, {"$id": 155, "sounds": [{"d": 0.07638931, "p": 76, "v": 74}], "pos": -1.0, "size": 1.0, "_time": 27.921875}, {"$id": 156, "sounds": [{"d": 0.333333969, "p": 84, "v": 91}], "pos": 1.0, "size": 1.0, "_time": 28.0}, {"$id": 157, "sounds": [{"d": 0.333333969, "p": 60, "v": 75}, {"d": 0.333333969, "p": 64, "v": 75}, {"d": 0.333333969, "p": 71, "v": 75}], "pos": -1.0, "size": 1.30000007, "_time": 28.3320313}, {"$id": 158, "sounds": [{"d": 0.333333969, "p": 86, "v": 75}], "size": 1.0, "_time": 28.3320313, "pos": 0}, {"$id": 159, "sounds": [{"d": 0.333333969, "p": 60, "v": 80}, {"d": 0.333333969, "p": 64, "v": 80}, {"d": 0.333333969, "p": 69, "v": 80}], "pos": -1.0, "size": 1.30000007, "_time": 28.6679688}, {"$id": 160, "sounds": [{"d": 0.333333969, "p": 88, "v": 80}], "pos": 1.0, "size": 1.0, "_time": 28.6679688}, {"$id": 161, "sounds": [{"d": 0.5, "p": 58, "v": 85}, {"d": 0.5, "p": 62, "v": 85}, {"d": 0.5, "p": 69, "v": 85}], "pos": -1.0, "size": 1.30000007, "_time": 29.0}, {"$id": 162, "sounds": [{"d": 0.5, "p": 91, "v": 86}], "pos": 2.0, "size": 1.0, "_time": 29.0}, {"$id": 163, "sounds": [{"d": 0.333333969, "p": 58, "v": 90}, {"d": 0.333333969, "p": 62, "v": 90}, {"d": 0.333333969, "p": 67, "v": 90}], "pos": -2.0, "size": 1.30000007, "_time": 29.5}, {"$id": 164, "sounds": [{"d": 0.333333969, "p": 89, "v": 92}], "pos": 1.0, "size": 1.0, "_time": 29.5}, {"$id": 165, "sounds": [{"d": 0.333333969, "p": 53, "v": 83}], "pos": -2.0, "size": 1.30000007, "_time": 30.0}, {"$id": 166, "sounds": [{"d": 0.333333969, "p": 88, "v": 83}], "size": 1.0, "_time": 30.0, "pos": 0}, {"$id": 167, "sounds": [{"d": 0.166666031, "p": 72, "v": 84}, {"d": 0.166666031, "p": 69, "v": 84}, {"d": 0.166666031, "p": 67, "v": 84}], "pos": -1.0, "size": 1.30000007, "_time": 30.3320313}, {"$id": 168, "sounds": [{"d": 0.166666031, "p": 87, "v": 67}], "size": 1.0, "_time": 30.5, "pos": 0}, {"$id": 169, "sounds": [{"d": 0.166666031, "p": 88, "v": 87}], "pos": 1.0, "size": 1.0, "_time": 30.6679688}, {"$id": 170, "sounds": [{"d": 0.166666031, "p": 89, "v": 78}], "pos": 2.0, "size": 1.0, "_time": 30.8320313}, {"$id": 171, "sounds": [{"d": 0.333333969, "p": 52, "v": 91}], "pos": -2.0, "size": 1.30000007, "_time": 31.0}, {"$id": 172, "sounds": [{"d": 0.333333969, "p": 88, "v": 91}], "pos": 1.0, "size": 1.0, "_time": 31.0}, {"$id": 173, "sounds": [{"d": 0.166666031, "p": 62, "v": 68}, {"d": 0.166666031, "p": 68, "v": 68}, {"d": 0.166666031, "p": 72, "v": 68}], "pos": -1.0, "size": 1.30000007, "_time": 31.3320313}, {"$id": 174, "sounds": [{"d": 0.166666031, "p": 86, "v": 83}], "pos": 1.0, "size": 1.0, "_time": 31.5}, {"$id": 175, "sounds": [{"d": 0.166666031, "p": 84, "v": 86}], "size": 1.0, "_time": 31.6679688, "pos": 0}, {"$id": 176, "sounds": [{"d": 0.166666031, "p": 86, "v": 71}], "pos": 1.0, "size": 1.0, "_time": 31.8320313}, {"$id": 177, "sounds": [{"d": 0.333332062, "p": 57, "v": 76}], "pos": -2.0, "size": 1.30000007, "_time": 32.0}, {"$id": 178, "sounds": [{"d": 0.333332062, "p": 88, "v": 76}], "pos": 2.0, "size": 1.0, "_time": 32.0}, {"$id": 179, "sounds": [{"d": 0.333332062, "p": 64, "v": 70}, {"d": 0.333332062, "p": 67, "v": 83}, {"d": 0.333332062, "p": 74, "v": 91}], "pos": -1.0, "size": 1.30000007, "_time": 32.33203}, {"$id": 180, "sounds": [{"d": 0.333332062, "p": 74, "v": 83}], "pos": 1.0, "size": 1.0, "_time": 32.66797}, {"$id": 181, "sounds": [{"d": 0.333332062, "p": 64, "v": 68}, {"d": 0.333332062, "p": 67, "v": 83}], "pos": -2.0, "size": 1.30000007, "_time": 32.66797}, {"$id": 182, "sounds": [{"d": 0.333332062, "p": 33, "v": 85}], "pos": 3.125, "size": 1.0, "_time": 33.0}, {"$id": 183, "sounds": [{"d": 0.333332062, "p": 73, "v": 75}], "size": 1.0, "_time": 33.0, "pos": 0}, {"$id": 184, "sounds": [{"d": 0.333332062, "p": 64, "v": 70}, {"d": 0.333332062, "p": 67, "v": 76}], "pos": -2.0, "size": 1.30000007, "_time": 33.0}, {"$id": 185, "sounds": [{"d": 0.333332062, "p": 74, "v": 91}], "pos": 1.0, "size": 1.0, "_time": 33.33203}, {"$id": 186, "sounds": [{"d": 0.2986107, "p": 76, "v": 95}], "pos": 2.0, "size": 1.0, "_time": 33.66797}, {"$id": 187, "sounds": [{"d": 0.0347213745, "p": 74, "v": 68}], "pos": -0.5, "size": 1.0, "_time": 33.9648438}, {"$id": 188, "sounds": [{"d": 0.333332062, "p": 43, "v": 65}], "pos": -2.0, "size": 1.30000007, "_time": 34.0}, {"$id": 189, "sounds": [{"d": 0.333332062, "p": 81, "v": 68}], "size": 1.0, "_time": 34.0, "pos": 0}, {"$id": 190, "sounds": [{"d": 0.333332062, "p": 58, "v": 74}, {"d": 0.333332062, "p": 62, "v": 74}, {"d": 0.333332062, "p": 69, "v": 74}], "pos": -1.0, "size": 1.30000007, "_time": 34.33203}, {"$id": 191, "sounds": [{"d": 0.333332062, "p": 89, "v": 88}], "pos": 2.0, "size": 1.0, "_time": 34.33203}, {"$id": 192, "sounds": [{"d": 0.333332062, "p": 88, "v": 88}], "pos": 1.0, "size": 1.0, "_time": 34.66797}, {"$id": 193, "sounds": [{"d": 0.333332062, "p": 51, "v": 60}], "pos": -2.0, "size": 1.30000007, "_time": 35.0}, {"$id": 194, "sounds": [{"d": 0.333332062, "p": 84, "v": 77}], "pos": 2.0, "size": 1.0, "_time": 35.0}, {"$id": 195, "sounds": [{"d": 0.333332062, "p": 61, "v": 71}, {"d": 0.333332062, "p": 65, "v": 71}, {"d": 0.333332062, "p": 67, "v": 71}], "pos": -1.0, "size": 1.30000007, "_time": 35.33203}, {"$id": 196, "sounds": [{"d": 0.333332062, "p": 79, "v": 83}], "pos": 1.0, "size": 1.0, "_time": 35.33203}, {"$id": 197, "sounds": [{"d": 0.166667938, "p": 77, "v": 67}], "size": 1.0, "_time": 35.66797, "pos": 0}, {"$id": 198, "sounds": [{"d": 0.166667938, "p": 76, "v": 73}], "pos": -1.0, "size": 1.0, "_time": 35.83203}, {"$id": 199, "sounds": [{"d": 0.166664124, "p": 50, "v": 67}], "pos": -2.0, "size": 1.30000007, "_time": 36.0}, {"$id": 200, "sounds": [{"d": 0.166664124, "p": 77, "v": 81}], "size": 1.0, "_time": 36.0, "pos": 0}, {"$id": 201, "sounds": [{"d": 0.333332062, "p": 84, "v": 85}], "pos": 2.0, "size": 1.0, "_time": 36.33203}, {"$id": 202, "sounds": [{"d": 0.333332062, "p": 60, "v": 61}, {"d": 0.333332062, "p": 65, "v": 61}, {"d": 0.333332062, "p": 64, "v": 61}], "pos": -1.0, "size": 1.30000007, "_time": 36.33203}, {"$id": 203, "sounds": [{"d": 0.25, "p": 82, "v": 87}], "pos": 1.0, "size": 1.0, "_time": 36.66797}, {"$id": 204, "sounds": [{"d": 0.04166794, "p": 70, "v": 59}], "pos": -1.0, "size": 1.0, "_time": 36.91797}, {"$id": 205, "sounds": [{"d": 0.04166794, "p": 75, "v": 76}], "pos": -0.5, "size": 1.0, "_time": 36.95703}, {"$id": 206, "sounds": [{"d": 0.333332062, "p": 48, "v": 70}], "pos": -2.0, "size": 1.30000007, "_time": 37.0}, {"$id": 207, "sounds": [{"d": 0.333332062, "p": 81, "v": 87}], "size": 1.0, "_time": 37.0, "pos": 0}, {"$id": 208, "sounds": [{"d": 0.166667938, "p": 67, "v": 75}, {"d": 0.166667938, "p": 58, "v": 75}, {"d": 0.166667938, "p": 63, "v": 75}], "pos": -1.0, "size": 1.30000007, "_time": 37.33203}, {"$id": 209, "sounds": [{"d": 0.166667938, "p": 79, "v": 73}], "pos": 2.0, "size": 1.0, "_time": 37.5}, {"$id": 210, "sounds": [{"d": 0.166667938, "p": 77, "v": 83}], "pos": 1.0, "size": 1.0, "_time": 37.66797}, {"$id": 211, "sounds": [{"d": 0.166667938, "p": 76, "v": 64}], "size": 1.0, "_time": 37.83203, "pos": 0}, {"$id": 212, "sounds": [{"d": 0.333332062, "p": 46, "v": 65}], "pos": -2.0, "size": 1.30000007, "_time": 38.0}, {"$id": 213, "sounds": [{"d": 0.333332062, "p": 74, "v": 76}], "pos": 1.0, "size": 1.0, "_time": 38.0}, {"$id": 214, "sounds": [{"d": 0.166667938, "p": 60, "v": 56}, {"d": 0.166667938, "p": 62, "v": 56}, {"d": 0.166667938, "p": 65, "v": 56}], "pos": -1.0, "size": 1.30000007, "_time": 38.33203}, {"$id": 215, "sounds": [{"d": 0.166667938, "p": 74, "v": 64}], "size": 1.0, "_time": 38.5, "pos": 0}, {"$id": 216, "sounds": [{"d": 0.166667938, "p": 79, "v": 80}], "pos": 1.0, "size": 1.0, "_time": 38.66797}, {"$id": 217, "sounds": [{"d": 0.166667938, "p": 84, "v": 93}], "pos": 2.0, "size": 1.0, "_time": 38.83203}, {"$id": 218, "sounds": [{"d": 0.333332062, "p": 45, "v": 57}], "pos": -2.0, "size": 1.30000007, "_time": 39.0}, {"$id": 219, "sounds": [{"d": 0.333332062, "p": 77, "v": 75}], "pos": 1.0, "size": 1.0, "_time": 39.0}, {"$id": 220, "sounds": [{"d": 0.166667938, "p": 55, "v": 69}, {"d": 0.166667938, "p": 61, "v": 69}, {"d": 0.166667938, "p": 65, "v": 69}], "pos": -1.0, "size": 1.30000007, "_time": 39.33203}, {"$id": 221, "sounds": [{"d": 0.166667938, "p": 76, "v": 78}], "pos": 1.0, "size": 1.0, "_time": 39.5}, {"$id": 222, "sounds": [{"d": 0.166667938, "p": 77, "v": 78}], "size": 1.0, "_time": 39.66797, "pos": 0}, {"$id": 223, "sounds": [{"d": 0.166667938, "p": 79, "v": 74}], "pos": 1.0, "size": 1.0, "_time": 39.83203}, {"$id": 224, "sounds": [{"d": 0.166664124, "p": 50, "v": 69}], "pos": -1.0, "size": 1.30000007, "_time": 40.0}, {"$id": 225, "sounds": [{"d": 0.166664124, "p": 81, "v": 73}], "pos": 2.0, "size": 1.0, "_time": 40.0}, {"$id": 226, "sounds": [{"d": 0.166667938, "p": 69, "v": 74}], "pos": -2.0, "size": 1.0, "_time": 40.16797}, {"$id": 227, "sounds": [{"d": 0.166667938, "p": 79, "v": 78}], "pos": 1.5, "size": 1.0, "_time": 40.33203}, {"$id": 228, "sounds": [{"d": 0.166667938, "p": 69, "v": 78}], "pos": -2.0, "size": 1.0, "_time": 40.5}, {"$id": 229, "sounds": [{"d": 0.166667938, "p": 77, "v": 74}], "pos": 1.0, "size": 1.0, "_time": 40.66797}, {"$id": 230, "sounds": [{"d": 0.166667938, "p": 69, "v": 68}], "pos": -2.0, "size": 1.0, "_time": 40.83203}, {"$id": 231, "sounds": [{"d": 0.166664124, "p": 75, "v": 87}], "size": 1.0, "_time": 41.0, "pos": 0}, {"$id": 232, "sounds": [{"d": 0.166667938, "p": 70, "v": 72}], "pos": -1.0, "size": 1.0, "_time": 41.16797}, {"$id": 233, "sounds": [{"d": 0.166667938, "p": 77, "v": 78}], "pos": 1.0, "size": 1.0, "_time": 41.33203}, {"$id": 234, "sounds": [{"d": 0.166664124, "p": 70, "v": 54}], "pos": -1.0, "size": 1.0, "_time": 41.5}, {"$id": 235, "sounds": [{"d": 0.166667938, "p": 84, "v": 81}], "pos": 2.0, "size": 1.0, "_time": 41.66797}, {"$id": 236, "sounds": [{"d": 0.166667938, "p": 70, "v": 64}], "pos": -1.0, "size": 1.0, "_time": 41.83203}, {"$id": 237, "sounds": [{"d": 0.333332062, "p": 43, "v": 65}], "pos": -2.0, "size": 1.30000007, "_time": 42.0}, {"$id": 238, "sounds": [{"d": 0.333332062, "p": 81, "v": 68}], "size": 1.0, "_time": 42.0, "pos": 0}, {"$id": 239, "sounds": [{"d": 0.333332062, "p": 62, "v": 74}, {"d": 0.333332062, "p": 58, "v": 74}, {"d": 0.333332062, "p": 69, "v": 74}], "pos": -1.0, "size": 1.30000007, "_time": 42.33203}, {"$id": 240, "sounds": [{"d": 0.333332062, "p": 89, "v": 81}], "pos": 2.0, "size": 1.0, "_time": 42.33203}, {"$id": 241, "sounds": [{"d": 0.333332062, "p": 88, "v": 88}], "pos": 1.0, "size": 1.0, "_time": 42.66797}, {"$id": 242, "sounds": [{"d": 0.333332062, "p": 51, "v": 60}], "pos": -2.0, "size": 1.30000007, "_time": 43.0}, {"$id": 243, "sounds": [{"d": 0.333332062, "p": 84, "v": 77}], "pos": 2.0, "size": 1.0, "_time": 43.0}, {"$id": 244, "sounds": [{"d": 0.333332062, "p": 61, "v": 67}, {"d": 0.333332062, "p": 65, "v": 67}, {"d": 0.333332062, "p": 67, "v": 67}], "pos": -1.0, "size": 1.30000007, "_time": 43.33203}, {"$id": 245, "sounds": [{"d": 0.333332062, "p": 79, "v": 83}], "pos": 1.0, "size": 1.0, "_time": 43.33203}, {"$id": 246, "sounds": [{"d": 0.166667938, "p": 77, "v": 67}], "size": 1.0, "_time": 43.66797, "pos": 0}, {"$id": 247, "sounds": [{"d": 0.166667938, "p": 76, "v": 73}], "pos": -1.0, "size": 1.0, "_time": 43.83203}, {"$id": 248, "sounds": [{"d": 0.166664124, "p": 50, "v": 67}], "pos": -2.0, "size": 1.30000007, "_time": 44.0}, {"$id": 249, "sounds": [{"d": 0.166664124, "p": 77, "v": 81}], "size": 1.0, "_time": 44.0, "pos": 0}, {"$id": 250, "sounds": [{"d": 0.333332062, "p": 84, "v": 88}], "pos": 2.0, "size": 1.0, "_time": 44.33203}, {"$id": 251, "sounds": [{"d": 0.333332062, "p": 64, "v": 61}, {"d": 0.333332062, "p": 65, "v": 61}, {"d": 0.333332062, "p": 60, "v": 61}], "pos": -1.0, "size": 1.30000007, "_time": 44.33203}, {"$id": 252, "sounds": [{"d": 0.25, "p": 82, "v": 87}], "pos": 1.0, "size": 1.0, "_time": 44.66797}, {"$id": 253, "sounds": [{"d": 0.04166794, "p": 70, "v": 57}], "pos": -1.0, "size": 1.0, "_time": 44.91797}, {"$id": 254, "sounds": [{"d": 0.04166794, "p": 75, "v": 67}], "pos": -0.5, "size": 1.0, "_time": 44.95703}, {"$id": 255, "sounds": [{"d": 0.333332062, "p": 48, "v": 70}], "pos": -2.0, "size": 1.30000007, "_time": 45.0}, {"$id": 256, "sounds": [{"d": 0.333332062, "p": 81, "v": 87}], "size": 1.0, "_time": 45.0, "pos": 0}, {"$id": 257, "sounds": [{"d": 0.166664124, "p": 79, "v": 72}], "pos": 1.0, "size": 1.0, "_time": 45.5}, {"$id": 258, "sounds": [{"d": 0.166664124, "p": 58, "v": 60}, {"d": 0.166664124, "p": 63, "v": 60}, {"d": 0.166664124, "p": 67, "v": 60}], "pos": -1.0, "size": 1.30000007, "_time": 45.5}, {"$id": 259, "sounds": [{"d": 0.166667938, "p": 77, "v": 83}], "size": 1.0, "_time": 45.66797, "pos": 0}, {"$id": 260, "sounds": [{"d": 0.166667938, "p": 79, "v": 64}], "pos": 1.0, "size": 1.0, "_time": 45.83203}, {"$id": 261, "sounds": [{"d": 0.333332062, "p": 46, "v": 65}], "pos": -2.0, "size": 1.30000007, "_time": 46.0}, {"$id": 262, "sounds": [{"d": 0.333332062, "p": 81, "v": 76}], "pos": 2.0, "size": 1.0, "_time": 46.0}, {"$id": 263, "sounds": [{"d": 0.166667938, "p": 62, "v": 62}, {"d": 0.166667938, "p": 60, "v": 62}, {"d": 0.166667938, "p": 65, "v": 62}], "pos": -1.0, "size": 1.30000007, "_time": 46.33203}, {"$id": 264, "sounds": [{"d": 0.166667938, "p": 69, "v": 75}], "pos": 1.0, "size": 1.0, "_time": 46.5}, {"$id": 265, "sounds": [{"d": 0.166667938, "p": 74, "v": 87}], "size": 1.0, "_time": 46.66797, "pos": 0}, {"$id": 266, "sounds": [{"d": 0.166667938, "p": 76, "v": 70}], "pos": 1.0, "size": 1.0, "_time": 46.83203}, {"$id": 267, "sounds": [{"d": 0.166664124, "p": 45, "v": 57}], "pos": -2.0, "size": 1.30000007, "_time": 47.0}, {"$id": 268, "sounds": [{"d": 0.166664124, "p": 77, "v": 81}], "pos": 2.0, "size": 1.0, "_time": 47.0}, {"$id": 269, "sounds": [{"d": 0.166667938, "p": 55, "v": 69}, {"d": 0.166667938, "p": 61, "v": 69}, {"d": 0.166667938, "p": 65, "v": 69}], "pos": -1.0, "size": 1.30000007, "_time": 47.33203}, {"$id": 270, "sounds": [{"d": 0.333332062, "p": 76, "v": 78}], "pos": 1.0, "size": 1.0, "_time": 47.5}, {"$id": 271, "sounds": [{"d": 0.166667938, "p": 77, "v": 74}], "pos": 2.0, "size": 1.0, "_time": 47.83203}, {"$id": 272, "sounds": [{"d": 0.333332062, "p": 50, "v": 69}], "pos": -2.0, "size": 1.30000007, "_time": 48.0}, {"$id": 273, "sounds": [{"d": 0.333332062, "p": 74, "v": 82}], "size": 1.0, "_time": 48.0, "pos": 0}, {"$id": 274, "sounds": [{"d": 0.333332062, "p": 60, "v": 61}, {"d": 0.333332062, "p": 65, "v": 57}, {"d": 0.333332062, "p": 69, "v": 47}], "pos": -1.0, "size": 1.30000007, "_time": 48.33203}, {"$id": 275, "sounds": [{"d": 0.333332062, "p": 45, "v": 50}], "pos": 2.0, "size": 1.30000007, "_time": 48.66797}, {"$id": 276, "sounds": [{"d": 0.333332062, "p": 65, "v": 44}, {"d": 0.333332062, "p": 57, "v": 40}, {"d": 0.333332062, "p": 60, "v": 46}], "pos": 1.0, "size": 1.30000007, "_time": 49.0}, {"$id": 277, "sounds": [{"d": 0.166667938, "p": 74, "v": 72}], "pos": -1.0, "size": 1.0, "_time": 49.66797}, {"$id": 278, "sounds": [{"d": 0.0972213745, "p": 69, "v": 58}], "pos": -2.0, "size": 1.0, "_time": 49.83203}, {"$id": 279, "sounds": [{"d": 0.06944275, "p": 74, "v": 67}], "pos": -1.0, "size": 1.0, "_time": 49.9296875}, {"$id": 280, "sounds": [{"d": 0.166667938, "p": 81, "v": 83}], "pos": 1.0, "size": 1.0, "_time": 50.0}, {"$id": 281, "sounds": [{"d": 0.166667938, "p": 69, "v": 66}], "pos": -2.0, "size": 1.0, "_time": 50.16797}, {"$id": 282, "sounds": [{"d": 0.166667938, "p": 74, "v": 68}], "pos": -1.0, "size": 1.0, "_time": 50.33203}, {"$id": 283, "sounds": [{"d": 0.166667938, "p": 81, "v": 74}], "pos": 1.0, "size": 1.0, "_time": 50.5}, {"$id": 284, "sounds": [{"d": 0.166667938, "p": 69, "v": 74}], "pos": -2.0, "size": 1.0, "_time": 50.66797}, {"$id": 285, "sounds": [{"d": 0.166667938, "p": 74, "v": 81}], "pos": -1.0, "size": 1.0, "_time": 50.83203}, {"$id": 286, "sounds": [{"d": 0.166667938, "p": 81, "v": 57}], "pos": 1.0, "size": 1.0, "_time": 51.0}, {"$id": 287, "sounds": [{"d": 0.166667938, "p": 69, "v": 70}], "pos": -2.0, "size": 1.0, "_time": 51.16797}, {"$id": 288, "sounds": [{"d": 0.166667938, "p": 75, "v": 74}], "size": 1.0, "_time": 51.33203, "pos": 0}, {"$id": 289, "sounds": [{"d": 0.166667938, "p": 84, "v": 91}], "pos": 2.0, "size": 1.0, "_time": 51.5}, {"$id": 290, "sounds": [{"d": 0.166667938, "p": 69, "v": 64}], "pos": -2.0, "size": 1.0, "_time": 51.66797}, {"$id": 291, "sounds": [{"d": 0.166667938, "p": 75, "v": 78}], "size": 1.0, "_time": 51.83203, "pos": 0}, {"$id": 292, "sounds": [{"d": 0.333335876, "p": 81, "v": 84}], "pos": 1.0, "size": 1.0, "_time": 52.0}, {"$id": 293, "sounds": [{"d": 0.166667938, "p": 89, "v": 86}], "pos": 2.0, "size": 1.0, "_time": 52.5}, {"$id": 294, "sounds": [{"d": 0.166667938, "p": 88, "v": 90}], "pos": 1.0, "size": 1.0, "_time": 52.66797}, {"$id": 295, "sounds": [{"d": 0.166667938, "p": 84, "v": 84}], "size": 1.0, "_time": 52.83203, "pos": 0}, {"$id": 296, "sounds": [{"d": 0.166667938, "p": 81, "v": 78}], "pos": -1.0, "size": 1.0, "_time": 53.0}, {"$id": 297, "sounds": [{"d": 0.166667938, "p": 86, "v": 85}], "size": 1.0, "_time": 53.16797, "pos": 0}, {"$id": 298, "sounds": [{"d": 0.166667938, "p": 79, "v": 87}], "pos": -2.0, "size": 1.0, "_time": 53.33203}, {"$id": 299, "sounds": [{"d": 0.166667938, "p": 84, "v": 62}], "size": 1.0, "_time": 53.5, "pos": 0}, {"$id": 300, "sounds": [{"d": 0.166667938, "p": 77, "v": 78}], "pos": -1.0, "size": 1.0, "_time": 53.66797}, {"$id": 301, "sounds": [{"d": 0.166667938, "p": 79, "v": 66}], "size": 1.0, "_time": 53.83203, "pos": 0}, {"$id": 302, "sounds": [{"d": 0.166667938, "p": 81, "v": 83}], "pos": 1.0, "size": 1.0, "_time": 54.0}, {"$id": 303, "sounds": [{"d": 0.166667938, "p": 69, "v": 66}], "pos": -2.0, "size": 1.0, "_time": 54.16797}, {"$id": 304, "sounds": [{"d": 0.166667938, "p": 74, "v": 68}], "pos": -1.0, "size": 1.0, "_time": 54.33203}, {"$id": 305, "sounds": [{"d": 0.166667938, "p": 81, "v": 74}], "pos": 1.0, "size": 1.0, "_time": 54.5}, {"$id": 306, "sounds": [{"d": 0.166667938, "p": 69, "v": 74}], "pos": -2.0, "size": 1.0, "_time": 54.66797}, {"$id": 307, "sounds": [{"d": 0.166667938, "p": 74, "v": 81}], "pos": -1.0, "size": 1.0, "_time": 54.83203}, {"$id": 308, "sounds": [{"d": 0.166667938, "p": 81, "v": 57}], "pos": 1.0, "size": 1.0, "_time": 55.0}, {"$id": 309, "sounds": [{"d": 0.166667938, "p": 69, "v": 70}], "pos": -2.0, "size": 1.0, "_time": 55.16797}, {"$id": 310, "sounds": [{"d": 0.166667938, "p": 75, "v": 74}], "size": 1.0, "_time": 55.33203, "pos": 0}, {"$id": 311, "sounds": [{"d": 0.166667938, "p": 84, "v": 91}], "pos": 2.0, "size": 1.0, "_time": 55.5}, {"$id": 312, "sounds": [{"d": 0.166667938, "p": 69, "v": 64}], "pos": -2.0, "size": 1.0, "_time": 55.66797}, {"$id": 313, "sounds": [{"d": 0.166667938, "p": 75, "v": 78}], "size": 1.0, "_time": 55.83203, "pos": 0}, {"$id": 314, "sounds": [{"d": 0.333335876, "p": 81, "v": 84}], "pos": 1.0, "size": 1.0, "_time": 56.0}, {"$id": 315, "sounds": [{"d": 0.333332062, "p": 62, "v": 70}, {"d": 0.333332062, "p": 69, "v": 72}, {"d": 0.333332062, "p": 64, "v": 74}], "pos": -1.0, "size": 1.30000007, "_time": 56.33203}, {"$id": 316, "sounds": [{"d": 0.333332062, "p": 86, "v": 89}], "size": 1.0, "_time": 56.66797, "pos": 0}, {"$id": 317, "sounds": [{"d": 0.333335876, "p": 85, "v": 108}], "pos": -1.0, "size": 1.0, "_time": 57.0}, {"$id": 318, "sounds": [{"d": 0.333332062, "p": 67, "v": 70}, {"d": 0.333332062, "p": 73, "v": 73}, {"d": 0.333332062, "p": 77, "v": 87}], "pos": -2.0, "size": 1.30000007, "_time": 57.33203}, {"$id": 319, "sounds": [{"d": 0.333332062, "p": 86, "v": 94}], "size": 1.0, "_time": 57.33203, "pos": 0}, {"$id": 320, "sounds": [{"d": 0.333332062, "p": 67, "v": 77}, {"d": 0.333332062, "p": 73, "v": 77}, {"d": 0.333332062, "p": 76, "v": 77}], "pos": -2.0, "size": 1.30000007, "_time": 57.66797}, {"$id": 321, "sounds": [{"d": 0.333332062, "p": 88, "v": 100}], "pos": 1.0, "size": 1.0, "_time": 57.66797}, {"$id": 322, "sounds": [{"d": 0.333335876, "p": 89, "v": 83}], "pos": 2.0, "size": 1.0, "_time": 58.0}, {"$id": 323, "sounds": [{"d": 0.333335876, "p": 55, "v": 76}], "pos": -2.0, "size": 1.30000007, "_time": 58.0}, {"$id": 324, "sounds": [{"d": 0.333332062, "p": 62, "v": 76}, {"d": 0.333332062, "p": 65, "v": 76}, {"d": 0.333332062, "p": 70, "v": 57}], "pos": -1.0, "size": 1.30000007, "_time": 58.33203}, {"$id": 325, "sounds": [{"d": 0.333332062, "p": 91, "v": 85}], "pos": 2.0, "size": 1.0, "_time": 58.66797}, {"$id": 326, "sounds": [{"d": 0.333335876, "p": 48, "v": 72}], "pos": -2.0, "size": 1.30000007, "_time": 59.0}, {"$id": 327, "sounds": [{"d": 0.333335876, "p": 88, "v": 76}], "pos": 1.0, "size": 1.0, "_time": 59.0}, {"$id": 328, "sounds": [{"d": 0.166667938, "p": 79, "v": 69}], "size": 1.0, "_time": 59.33203, "pos": 0}, {"$id": 329, "sounds": [{"d": 0.333335876, "p": 84, "v": 89}], "pos": 2.0, "size": 1.0, "_time": 59.5}, {"$id": 330, "sounds": [{"d": 0.333335876, "p": 54, "v": 66}, {"d": 0.333335876, "p": 58, "v": 61}, {"d": 0.333335876, "p": 62, "v": 73}], "pos": -1.0, "size": 1.30000007, "_time": 59.5}, {"$id": 331, "sounds": [{"d": 0.166667938, "p": 81, "v": 76}], "pos": 1.0, "size": 1.0, "_time": 59.83203}, {"$id": 332, "sounds": [{"d": 0.333335876, "p": 53, "v": 80}], "pos": -2.0, "size": 1.30000007, "_time": 60.0}, {"$id": 333, "sounds": [{"d": 0.333335876, "p": 84, "v": 80}], "pos": 2.0, "size": 1.0, "_time": 60.0}, {"$id": 334, "sounds": [{"d": 0.333332062, "p": 69, "v": 76}, {"d": 0.333332062, "p": 72, "v": 76}], "pos": -1.5, "size": 1.30000007, "_time": 60.33203}, {"$id": 335, "sounds": [{"d": 0.333332062, "p": 79, "v": 76}], "size": 1.0, "_time": 60.33203, "pos": 0}, {"$id": 336, "sounds": [{"d": 0.333332062, "p": 77, "v": 77}, {"d": 0.333332062, "p": 69, "v": 63}], "pos": -1.0, "size": 1.30000007, "_time": 60.66797}, {"$id": 337, "sounds": [{"d": 0.333332062, "p": 89, "v": 77}], "pos": 1.0, "size": 1.0, "_time": 60.66797}, {"$id": 338, "sounds": [{"d": 0.333335876, "p": 51, "v": 82}], "pos": -2.0, "size": 1.30000007, "_time": 61.0}, {"$id": 339, "sounds": [{"d": 0.333335876, "p": 91, "v": 89}], "pos": 2.0, "size": 1.0, "_time": 61.0}, {"$id": 340, "sounds": [{"d": 0.333332062, "p": 61, "v": 76}, {"d": 0.333332062, "p": 65, "v": 82}, {"d": 0.333332062, "p": 72, "v": 78}], "pos": -1.0, "size": 1.30000007, "_time": 61.33203}, {"$id": 341, "sounds": [{"d": 0.333332062, "p": 89, "v": 91}], "pos": 1.0, "size": 1.0, "_time": 61.33203}, {"$id": 342, "sounds": [{"d": 0.333332062, "p": 84, "v": 71}], "size": 1.0, "_time": 61.66797, "pos": 0}, {"$id": 343, "sounds": [{"d": 0.333335876, "p": 52, "v": 68}], "pos": -2.0, "size": 1.30000007, "_time": 62.0}, {"$id": 344, "sounds": [{"d": 0.333335876, "p": 81, "v": 85}], "pos": 1.0, "size": 1.0, "_time": 62.0}, {"$id": 345, "sounds": [{"d": 0.166667938, "p": 62, "v": 81}, {"d": 0.166667938, "p": 64, "v": 81}, {"d": 0.166667938, "p": 69, "v": 81}], "pos": -1.0, "size": 1.30000007, "_time": 62.33203}, {"$id": 346, "sounds": [{"d": 0.166667938, "p": 74, "v": 93}], "size": 1.0, "_time": 62.5, "pos": 0}, {"$id": 347, "sounds": [{"d": 0.166667938, "p": 81, "v": 91}], "pos": 1.0, "size": 1.0, "_time": 62.66797}, {"$id": 348, "sounds": [{"d": 0.166667938, "p": 86, "v": 91}], "pos": 2.0, "size": 1.0, "_time": 62.83203}, {"$id": 349, "sounds": [{"d": 0.333335876, "p": 46, "v": 76}], "pos": -2.0, "size": 1.30000007, "_time": 63.0}, {"$id": 350, "sounds": [{"d": 0.333335876, "p": 85, "v": 95}], "size": 1.0, "_time": 63.0, "pos": 0}, {"$id": 351, "sounds": [{"d": 0.333332062, "p": 70, "v": 72}, {"d": 0.333332062, "p": 64, "v": 72}, {"d": 0.333332062, "p": 62, "v": 72}], "pos": -1.0, "size": 1.30000007, "_time": 63.33203}, {"$id": 352, "sounds": [{"d": 0.333332062, "p": 86, "v": 87}], "pos": 1.0, "size": 1.0, "_time": 63.33203}, {"$id": 353, "sounds": [{"d": 0.333332062, "p": 89, "v": 96}], "pos": 2.0, "size": 1.0, "_time": 63.66797}, {"$id": 354, "sounds": [{"d": 0.333328247, "p": 45, "v": 85}], "pos": -2.0, "size": 1.30000007, "_time": 64.0}, {"$id": 355, "sounds": [{"d": 0.333328247, "p": 89, "v": 96}], "pos": 2.0, "size": 1.0, "_time": 64.0}, {"$id": 356, "sounds": [{"d": 0.333335876, "p": 74, "v": 83}, {"d": 0.333335876, "p": 64, "v": 83}, {"d": 0.333335876, "p": 67, "v": 68}], "pos": -1.0, "size": 1.30000007, "_time": 64.33203}, {"$id": 357, "sounds": [{"d": 0.333335876, "p": 64, "v": 78}], "pos": 1.0, "size": 1.30000007, "_time": 64.66797}, {"$id": 358, "sounds": [{"d": 0.333328247, "p": 88, "v": 85}], "pos": 1.0, "size": 1.0, "_time": 65.0}, {"$id": 359, "sounds": [{"d": 0.333328247, "p": 64, "v": 70}, {"d": 0.333328247, "p": 67, "v": 70}, {"d": 0.333328247, "p": 73, "v": 70}], "pos": -1.0, "size": 1.30000007, "_time": 65.0}, {"$id": 360, "sounds": [{"d": 0.333328247, "p": 33, "v": 68}], "pos": 3.125, "size": 1.0, "_time": 65.0}, {"$id": 361, "sounds": [{"d": 0.166664124, "p": 85, "v": 75}], "pos": 2.0, "size": 1.0, "_time": 65.33203}, {"$id": 362, "sounds": [{"d": 0.166664124, "p": 79, "v": 61}], "pos": 1.0, "size": 1.0, "_time": 65.5}, {"$id": 363, "sounds": [{"d": 0.166664124, "p": 77, "v": 63}], "size": 1.0, "_time": 65.66797, "pos": 0}, {"$id": 364, "sounds": [{"d": 0.166664124, "p": 79, "v": 80}], "pos": 1.0, "size": 1.0, "_time": 65.83203}, {"$id": 365, "sounds": [{"d": 0.333335876, "p": 43, "v": 88}], "pos": -2.0, "size": 1.30000007, "_time": 66.0}, {"$id": 366, "sounds": [{"d": 0.333335876, "p": 81, "v": 88}], "size": 1.0, "_time": 66.0, "pos": 0}, {"$id": 367, "sounds": [{"d": 0.333335876, "p": 58, "v": 94}, {"d": 0.333335876, "p": 69, "v": 94}, {"d": 0.333335876, "p": 62, "v": 94}], "pos": -1.0, "size": 1.30000007, "_time": 66.33203}, {"$id": 368, "sounds": [{"d": 0.333335876, "p": 89, "v": 94}], "pos": 2.0, "size": 1.0, "_time": 66.33203}, {"$id": 369, "sounds": [{"d": 0.333335876, "p": 88, "v": 91}], "pos": 1.0, "size": 1.0, "_time": 66.66797}, {"$id": 370, "sounds": [{"d": 0.333335876, "p": 51, "v": 60}], "pos": -2.0, "size": 1.30000007, "_time": 67.0}, {"$id": 371, "sounds": [{"d": 0.333335876, "p": 84, "v": 77}], "pos": 2.0, "size": 1.0, "_time": 67.0}, {"$id": 372, "sounds": [{"d": 0.333335876, "p": 61, "v": 81}, {"d": 0.333335876, "p": 67, "v": 81}, {"d": 0.333335876, "p": 65, "v": 81}], "pos": -1.0, "size": 1.30000007, "_time": 67.33203}, {"$id": 373, "sounds": [{"d": 0.333335876, "p": 79, "v": 81}], "pos": 1.0, "size": 1.0, "_time": 67.33203}, {"$id": 374, "sounds": [{"d": 0.166664124, "p": 77, "v": 79}], "size": 1.0, "_time": 67.66797, "pos": 0}, {"$id": 375, "sounds": [{"d": 0.166664124, "p": 76, "v": 75}], "pos": -1.0, "size": 1.0, "_time": 67.83203}, {"$id": 376, "sounds": [{"d": 0.166671753, "p": 50, "v": 87}], "pos": -2.0, "size": 1.30000007, "_time": 68.0}, {"$id": 377, "sounds": [{"d": 0.166671753, "p": 77, "v": 87}], "size": 1.0, "_time": 68.0, "pos": 0}, {"$id": 378, "sounds": [{"d": 0.333335876, "p": 84, "v": 92}], "pos": 2.0, "size": 1.0, "_time": 68.33203}, {"$id": 379, "sounds": [{"d": 0.333335876, "p": 64, "v": 61}, {"d": 0.333335876, "p": 65, "v": 61}, {"d": 0.333335876, "p": 60, "v": 61}], "pos": -1.0, "size": 1.30000007, "_time": 68.33203}, {"$id": 380, "sounds": [{"d": 0.25, "p": 82, "v": 89}], "pos": 1.0, "size": 1.0, "_time": 68.66797}, {"$id": 381, "sounds": [{"d": 0.0416641235, "p": 70, "v": 56}], "pos": -1.0, "size": 1.0, "_time": 68.91797}, {"$id": 382, "sounds": [{"d": 0.0416641235, "p": 75, "v": 64}], "pos": -0.5, "size": 1.0, "_time": 68.95703}, {"$id": 383, "sounds": [{"d": 0.333335876, "p": 48, "v": 90}], "pos": -2.0, "size": 1.30000007, "_time": 69.0}, {"$id": 384, "sounds": [{"d": 0.333335876, "p": 81, "v": 90}], "size": 1.0, "_time": 69.0, "pos": 0}, {"$id": 385, "sounds": [{"d": 0.166664124, "p": 63, "v": 80}, {"d": 0.166664124, "p": 67, "v": 80}, {"d": 0.166664124, "p": 58, "v": 80}], "pos": -1.0, "size": 1.30000007, "_time": 69.33203}, {"$id": 386, "sounds": [{"d": 0.166664124, "p": 79, "v": 78}], "pos": 2.0, "size": 1.0, "_time": 69.5}, {"$id": 387, "sounds": [{"d": 0.166664124, "p": 77, "v": 86}], "pos": 1.0, "size": 1.0, "_time": 69.66797}, {"$id": 388, "sounds": [{"d": 0.166664124, "p": 76, "v": 75}], "size": 1.0, "_time": 69.83203, "pos": 0}, {"$id": 389, "sounds": [{"d": 0.333335876, "p": 46, "v": 85}], "pos": -2.0, "size": 1.30000007, "_time": 70.0}, {"$id": 390, "sounds": [{"d": 0.333335876, "p": 74, "v": 85}], "pos": 1.0, "size": 1.0, "_time": 70.0}, {"$id": 391, "sounds": [{"d": 0.166664124, "p": 65, "v": 83}, {"d": 0.166664124, "p": 60, "v": 83}, {"d": 0.166664124, "p": 62, "v": 83}], "pos": -1.0, "size": 1.30000007, "_time": 70.33203}, {"$id": 392, "sounds": [{"d": 0.166664124, "p": 74, "v": 79}], "size": 1.0, "_time": 70.5, "pos": 0}, {"$id": 393, "sounds": [{"d": 0.166664124, "p": 79, "v": 80}], "pos": 1.0, "size": 1.0, "_time": 70.66797}, {"$id": 394, "sounds": [{"d": 0.166664124, "p": 84, "v": 93}], "pos": 2.0, "size": 1.0, "_time": 70.83203}, {"$id": 395, "sounds": [{"d": 0.333335876, "p": 45, "v": 81}], "pos": -2.0, "size": 1.30000007, "_time": 71.0}, {"$id": 396, "sounds": [{"d": 0.333335876, "p": 77, "v": 81}], "pos": 1.0, "size": 1.0, "_time": 71.0}, {"$id": 397, "sounds": [{"d": 0.166664124, "p": 61, "v": 85}, {"d": 0.166664124, "p": 55, "v": 85}, {"d": 0.166664124, "p": 65, "v": 85}], "pos": -1.0, "size": 1.30000007, "_time": 71.33203}, {"$id": 398, "sounds": [{"d": 0.166664124, "p": 76, "v": 94}], "pos": 1.0, "size": 1.0, "_time": 71.5}, {"$id": 399, "sounds": [{"d": 0.166664124, "p": 77, "v": 94}], "size": 1.0, "_time": 71.66797, "pos": 0}, {"$id": 400, "sounds": [{"d": 0.166664124, "p": 79, "v": 90}], "pos": 1.0, "size": 1.0, "_time": 71.83203}, {"$id": 401, "sounds": [{"d": 0.166671753, "p": 50, "v": 85}], "pos": -2.0, "size": 1.30000007, "_time": 72.0}, {"$id": 402, "sounds": [{"d": 0.166671753, "p": 81, "v": 89}], "pos": 2.0, "size": 1.0, "_time": 72.0}, {"$id": 403, "sounds": [{"d": 0.166664124, "p": 69, "v": 90}], "size": 1.0, "_time": 72.16797, "pos": 0}, {"$id": 404, "sounds": [{"d": 0.166664124, "p": 79, "v": 94}], "pos": 1.5, "size": 1.0, "_time": 72.33203}, {"$id": 405, "sounds": [{"d": 0.166664124, "p": 65, "v": 88}, {"d": 0.166664124, "p": 60, "v": 88}], "pos": -1.0, "size": 1.30000007, "_time": 72.33203}, {"$id": 406, "sounds": [{"d": 0.166664124, "p": 69, "v": 94}], "size": 1.0, "_time": 72.5, "pos": 0}, {"$id": 407, "sounds": [{"d": 0.333335876, "p": 77, "v": 90}], "pos": 1.0, "size": 1.0, "_time": 72.66797}, {"$id": 408, "sounds": [{"d": 0.166671753, "p": 75, "v": 103}], "size": 1.0, "_time": 73.0, "pos": 0}, {"$id": 409, "sounds": [{"d": 0.166671753, "p": 58, "v": 78}, {"d": 0.166671753, "p": 63, "v": 78}, {"d": 0.166671753, "p": 67, "v": 78}], "pos": -2.0, "size": 1.30000007, "_time": 73.0}, {"$id": 410, "sounds": [{"d": 0.166664124, "p": 70, "v": 78}], "pos": -1.0, "size": 1.0, "_time": 73.16797}, {"$id": 411, "sounds": [{"d": 0.166664124, "p": 77, "v": 94}], "pos": 1.0, "size": 1.0, "_time": 73.33203}, {"$id": 412, "sounds": [{"d": 0.166671753, "p": 70, "v": 87}], "size": 1.0, "_time": 73.5, "pos": 0}, {"$id": 413, "sounds": [{"d": 0.166671753, "p": 58, "v": 89}, {"d": 0.166671753, "p": 63, "v": 89}, {"d": 0.166671753, "p": 67, "v": 89}], "pos": -2.0, "size": 1.30000007, "_time": 73.5}, {"$id": 414, "sounds": [{"d": 0.166664124, "p": 84, "v": 82}], "pos": 2.0, "size": 1.0, "_time": 73.66797}, {"$id": 415, "sounds": [{"d": 0.166664124, "p": 70, "v": 80}], "pos": -1.0, "size": 1.0, "_time": 73.83203}, {"$id": 416, "sounds": [{"d": 0.333335876, "p": 43, "v": 81}], "pos": -2.0, "size": 1.30000007, "_time": 74.0}, {"$id": 417, "sounds": [{"d": 0.333335876, "p": 81, "v": 84}], "size": 1.0, "_time": 74.0, "pos": 0}, {"$id": 418, "sounds": [{"d": 0.333335876, "p": 62, "v": 90}, {"d": 0.333335876, "p": 69, "v": 90}, {"d": 0.333335876, "p": 58, "v": 90}], "pos": -1.0, "size": 1.30000007, "_time": 74.33203}, {"$id": 419, "sounds": [{"d": 0.333335876, "p": 89, "v": 97}], "pos": 2.0, "size": 1.0, "_time": 74.33203}, {"$id": 420, "sounds": [{"d": 0.333335876, "p": 88, "v": 104}], "pos": 1.0, "size": 1.0, "_time": 74.66797}, {"$id": 421, "sounds": [{"d": 0.333335876, "p": 51, "v": 76}], "pos": -2.0, "size": 1.30000007, "_time": 75.0}, {"$id": 422, "sounds": [{"d": 0.333335876, "p": 84, "v": 93}], "pos": 2.0, "size": 1.0, "_time": 75.0}, {"$id": 423, "sounds": [{"d": 0.333335876, "p": 65, "v": 87}, {"d": 0.333335876, "p": 61, "v": 87}, {"d": 0.333335876, "p": 67, "v": 87}], "pos": -1.0, "size": 1.30000007, "_time": 75.33203}, {"$id": 424, "sounds": [{"d": 0.333335876, "p": 79, "v": 99}], "pos": 1.0, "size": 1.0, "_time": 75.33203}, {"$id": 425, "sounds": [{"d": 0.166664124, "p": 77, "v": 83}], "size": 1.0, "_time": 75.66797, "pos": 0}, {"$id": 426, "sounds": [{"d": 0.166664124, "p": 76, "v": 89}], "pos": -1.0, "size": 1.0, "_time": 75.83203}, {"$id": 427, "sounds": [{"d": 0.166671753, "p": 50, "v": 83}], "pos": -2.0, "size": 1.30000007, "_time": 76.0}, {"$id": 428, "sounds": [{"d": 0.166671753, "p": 77, "v": 97}], "size": 1.0, "_time": 76.0, "pos": 0}, {"$id": 429, "sounds": [{"d": 0.333335876, "p": 84, "v": 99}], "pos": 2.0, "size": 1.0, "_time": 76.33203}, {"$id": 430, "sounds": [{"d": 0.333335876, "p": 64, "v": 77}, {"d": 0.333335876, "p": 60, "v": 77}, {"d": 0.333335876, "p": 65, "v": 77}], "pos": -1.0, "size": 1.30000007, "_time": 76.33203}, {"$id": 431, "sounds": [{"d": 0.25, "p": 82, "v": 103}], "pos": 1.0, "size": 1.0, "_time": 76.66797}, {"$id": 432, "sounds": [{"d": 0.0416641235, "p": 70, "v": 72}], "pos": -1.0, "size": 1.0, "_time": 76.91797}, {"$id": 433, "sounds": [{"d": 0.0416641235, "p": 75, "v": 89}], "pos": -0.5, "size": 1.0, "_time": 76.95703}, {"$id": 434, "sounds": [{"d": 0.333335876, "p": 48, "v": 86}], "pos": -2.0, "size": 1.30000007, "_time": 77.0}, {"$id": 435, "sounds": [{"d": 0.333335876, "p": 81, "v": 103}], "size": 1.0, "_time": 77.0, "pos": 0}, {"$id": 436, "sounds": [{"d": 0.166671753, "p": 79, "v": 88}], "pos": 1.0, "size": 1.0, "_time": 77.5}, {"$id": 437, "sounds": [{"d": 0.166671753, "p": 58, "v": 89}, {"d": 0.166671753, "p": 63, "v": 89}, {"d": 0.166671753, "p": 67, "v": 89}], "pos": -1.0, "size": 1.30000007, "_time": 77.5}, {"$id": 438, "sounds": [{"d": 0.166664124, "p": 77, "v": 99}], "size": 1.0, "_time": 77.66797, "pos": 0}, {"$id": 439, "sounds": [{"d": 0.166664124, "p": 79, "v": 80}], "pos": 1.0, "size": 1.0, "_time": 77.83203}, {"$id": 440, "sounds": [{"d": 0.333335876, "p": 46, "v": 81}], "pos": -2.0, "size": 1.30000007, "_time": 78.0}, {"$id": 441, "sounds": [{"d": 0.333335876, "p": 81, "v": 92}], "pos": 2.0, "size": 1.0, "_time": 78.0}, {"$id": 442, "sounds": [{"d": 0.166664124, "p": 62, "v": 91}, {"d": 0.166664124, "p": 60, "v": 91}, {"d": 0.166664124, "p": 65, "v": 91}], "pos": -1.0, "size": 1.30000007, "_time": 78.33203}, {"$id": 443, "sounds": [{"d": 0.166664124, "p": 69, "v": 91}], "pos": 1.0, "size": 1.0, "_time": 78.5}, {"$id": 444, "sounds": [{"d": 0.166664124, "p": 74, "v": 103}], "size": 1.0, "_time": 78.66797, "pos": 0}, {"$id": 445, "sounds": [{"d": 0.166664124, "p": 76, "v": 86}], "pos": 1.0, "size": 1.0, "_time": 78.83203}, {"$id": 446, "sounds": [{"d": 0.166671753, "p": 45, "v": 73}], "pos": -2.0, "size": 1.30000007, "_time": 79.0}, {"$id": 447, "sounds": [{"d": 0.166671753, "p": 77, "v": 97}], "pos": 2.0, "size": 1.0, "_time": 79.0}, {"$id": 448, "sounds": [{"d": 0.166664124, "p": 55, "v": 85}, {"d": 0.166664124, "p": 61, "v": 85}, {"d": 0.166664124, "p": 65, "v": 85}], "pos": -1.0, "size": 1.30000007, "_time": 79.33203}, {"$id": 449, "sounds": [{"d": 0.333335876, "p": 76, "v": 94}], "pos": 1.0, "size": 1.0, "_time": 79.5}, {"$id": 450, "sounds": [{"d": 0.166664124, "p": 77, "v": 80}], "pos": 2.0, "size": 1.0, "_time": 79.83203}, {"$id": 451, "sounds": [{"d": 0.333335876, "p": 74, "v": 89}], "size": 1.0, "_time": 80.0, "pos": 0}, {"$id": 452, "sounds": [{"d": 0.333335876, "p": 62, "v": 89}], "pos": -2.0, "size": 1.30000007, "_time": 80.0}, {"$id": 453, "sounds": [{"d": 0.333335876, "p": 65, "v": 96}, {"d": 0.333335876, "p": 60, "v": 98}, {"d": 0.333335876, "p": 57, "v": 102}], "pos": -1.0, "size": 1.30000007, "_time": 80.33203}, {"$id": 454, "sounds": [{"d": 0.333335876, "p": 84, "v": 91}], "pos": 1.0, "size": 1.0, "_time": 80.33203}, {"$id": 455, "sounds": [{"d": 0.333335876, "p": 38, "v": 70}], "pos": -2.0, "size": 1.30000007, "_time": 80.66797}, {"$id": 456, "sounds": [{"d": 0.333335876, "p": 86, "v": 93}], "pos": 2.0, "size": 1.0, "_time": 80.66797}, {"$id": 457, "sounds": [{"d": 0.5, "p": 63, "v": 83}, {"d": 0.5, "p": 58, "v": 83}, {"d": 0.5, "p": 69, "v": 83}], "pos": -1.0, "size": 1.30000007, "_time": 81.0}, {"$id": 458, "sounds": [{"d": 0.5, "p": 81, "v": 108}], "pos": 1.0, "size": 1.0, "_time": 81.0}, {"$id": 459, "sounds": [{"d": 0.166664124, "p": 58, "v": 74}, {"d": 0.166664124, "p": 63, "v": 74}, {"d": 0.166664124, "p": 67, "v": 89}], "pos": -1.0, "size": 1.30000007, "_time": 81.5}, {"$id": 460, "sounds": [{"d": 0.166664124, "p": 79, "v": 110}], "pos": 1.0, "size": 1.0, "_time": 81.5}, {"$id": 461, "sounds": [{"d": 0.166664124, "p": 77, "v": 79}], "size": 1.0, "_time": 81.66797, "pos": 0}, {"$id": 462, "sounds": [{"d": 0.166664124, "p": 79, "v": 96}], "pos": 1.0, "size": 1.0, "_time": 81.83203}, {"$id": 463, "sounds": [{"d": 0.333335876, "p": 43, "v": 88}], "pos": -2.0, "size": 1.30000007, "_time": 82.0}, {"$id": 464, "sounds": [{"d": 0.333335876, "p": 81, "v": 110}], "size": 1.0, "_time": 82.0, "pos": 0}, {"$id": 465, "sounds": [{"d": 0.333335876, "p": 69, "v": 94}, {"d": 0.333335876, "p": 62, "v": 94}, {"d": 0.333335876, "p": 58, "v": 94}], "pos": -1.0, "size": 1.30000007, "_time": 82.33203}, {"$id": 466, "sounds": [{"d": 0.333335876, "p": 89, "v": 94}], "pos": 2.0, "size": 1.0, "_time": 82.33203}, {"$id": 467, "sounds": [{"d": 0.333335876, "p": 88, "v": 91}], "pos": 1.0, "size": 1.0, "_time": 82.66797}, {"$id": 468, "sounds": [{"d": 0.333335876, "p": 51, "v": 60}], "pos": -2.0, "size": 1.30000007, "_time": 83.0}, {"$id": 469, "sounds": [{"d": 0.333335876, "p": 84, "v": 77}], "pos": 2.0, "size": 1.0, "_time": 83.0}, {"$id": 470, "sounds": [{"d": 0.333335876, "p": 67, "v": 81}, {"d": 0.333335876, "p": 65, "v": 81}, {"d": 0.333335876, "p": 61, "v": 81}], "pos": -1.0, "size": 1.30000007, "_time": 83.33203}, {"$id": 471, "sounds": [{"d": 0.333335876, "p": 79, "v": 81}], "pos": 1.0, "size": 1.0, "_time": 83.33203}, {"$id": 472, "sounds": [{"d": 0.166664124, "p": 77, "v": 79}], "size": 1.0, "_time": 83.66797, "pos": 0}, {"$id": 473, "sounds": [{"d": 0.166664124, "p": 76, "v": 75}], "pos": -1.0, "size": 1.0, "_time": 83.83203}, {"$id": 474, "sounds": [{"d": 0.166671753, "p": 50, "v": 87}], "pos": -2.0, "size": 1.30000007, "_time": 84.0}, {"$id": 475, "sounds": [{"d": 0.166671753, "p": 77, "v": 87}], "size": 1.0, "_time": 84.0, "pos": 0}, {"$id": 476, "sounds": [{"d": 0.333335876, "p": 84, "v": 88}], "pos": 2.0, "size": 1.0, "_time": 84.33203}, {"$id": 477, "sounds": [{"d": 0.333335876, "p": 65, "v": 76}, {"d": 0.333335876, "p": 64, "v": 76}, {"d": 0.333335876, "p": 60, "v": 76}], "pos": -1.0, "size": 1.30000007, "_time": 84.33203}, {"$id": 478, "sounds": [{"d": 0.25, "p": 82, "v": 89}], "pos": 1.0, "size": 1.0, "_time": 84.66797}, {"$id": 479, "sounds": [{"d": 0.0416641235, "p": 70, "v": 76}], "pos": -1.0, "size": 1.0, "_time": 84.91797}, {"$id": 480, "sounds": [{"d": 0.0416641235, "p": 75, "v": 84}], "pos": -0.5, "size": 1.0, "_time": 84.95703}, {"$id": 481, "sounds": [{"d": 0.333335876, "p": 48, "v": 110}], "pos": -2.0, "size": 1.30000007, "_time": 85.0}, {"$id": 482, "sounds": [{"d": 0.333335876, "p": 81, "v": 90}], "size": 1.0, "_time": 85.0, "pos": 0}, {"$id": 483, "sounds": [{"d": 0.166664124, "p": 63, "v": 100}, {"d": 0.166664124, "p": 58, "v": 100}, {"d": 0.166664124, "p": 67, "v": 100}], "pos": -1.0, "size": 1.30000007, "_time": 85.33203}, {"$id": 484, "sounds": [{"d": 0.166664124, "p": 79, "v": 98}], "pos": 2.0, "size": 1.0, "_time": 85.5}, {"$id": 485, "sounds": [{"d": 0.166664124, "p": 77, "v": 106}], "pos": 1.0, "size": 1.0, "_time": 85.66797}, {"$id": 486, "sounds": [{"d": 0.166664124, "p": 76, "v": 95}], "size": 1.0, "_time": 85.83203, "pos": 0}, {"$id": 487, "sounds": [{"d": 0.333335876, "p": 46, "v": 105}], "pos": -2.0, "size": 1.30000007, "_time": 86.0}, {"$id": 488, "sounds": [{"d": 0.333335876, "p": 74, "v": 105}], "pos": 1.0, "size": 1.0, "_time": 86.0}, {"$id": 489, "sounds": [{"d": 0.166664124, "p": 65, "v": 103}, {"d": 0.166664124, "p": 60, "v": 103}, {"d": 0.166664124, "p": 62, "v": 103}], "pos": -1.0, "size": 1.30000007, "_time": 86.33203}, {"$id": 490, "sounds": [{"d": 0.166664124, "p": 74, "v": 99}], "size": 1.0, "_time": 86.5, "pos": 0}, {"$id": 491, "sounds": [{"d": 0.166664124, "p": 79, "v": 100}], "pos": 1.0, "size": 1.0, "_time": 86.66797}, {"$id": 492, "sounds": [{"d": 0.166664124, "p": 84, "v": 113}], "pos": 2.0, "size": 1.0, "_time": 86.83203}, {"$id": 493, "sounds": [{"d": 0.333335876, "p": 45, "v": 101}], "pos": -2.0, "size": 1.30000007, "_time": 87.0}, {"$id": 494, "sounds": [{"d": 0.333335876, "p": 77, "v": 101}], "pos": 1.0, "size": 1.0, "_time": 87.0}, {"$id": 495, "sounds": [{"d": 0.166664124, "p": 65, "v": 89}, {"d": 0.166664124, "p": 55, "v": 89}, {"d": 0.166664124, "p": 61, "v": 89}], "pos": -1.0, "size": 1.30000007, "_time": 87.33203}, {"$id": 496, "sounds": [{"d": 0.166664124, "p": 76, "v": 98}], "pos": 1.0, "size": 1.0, "_time": 87.5}, {"$id": 497, "sounds": [{"d": 0.166664124, "p": 77, "v": 98}], "size": 1.0, "_time": 87.66797, "pos": 0}, {"$id": 498, "sounds": [{"d": 0.166664124, "p": 79, "v": 94}], "pos": 1.0, "size": 1.0, "_time": 87.83203}, {"$id": 499, "sounds": [{"d": 0.166671753, "p": 50, "v": 89}], "pos": -2.0, "size": 1.30000007, "_time": 88.0}, {"$id": 500, "sounds": [{"d": 0.166671753, "p": 81, "v": 93}], "pos": 2.0, "size": 1.0, "_time": 88.0}, {"$id": 501, "sounds": [{"d": 0.166664124, "p": 69, "v": 94}], "size": 1.0, "_time": 88.16797, "pos": 0}, {"$id": 502, "sounds": [{"d": 0.166664124, "p": 60, "v": 92}, {"d": 0.166664124, "p": 65, "v": 92}], "pos": -1.0, "size": 1.30000007, "_time": 88.33203}, {"$id": 503, "sounds": [{"d": 0.166664124, "p": 79, "v": 98}], "pos": 1.5, "size": 1.0, "_time": 88.33203}, {"$id": 504, "sounds": [{"d": 0.166664124, "p": 69, "v": 98}], "size": 1.0, "_time": 88.5, "pos": 0}, {"$id": 505, "sounds": [{"d": 0.333335876, "p": 77, "v": 94}], "pos": 1.0, "size": 1.0, "_time": 88.66797}, {"$id": 506, "sounds": [{"d": 0.166671753, "p": 75, "v": 107}], "size": 1.0, "_time": 89.0, "pos": 0}, {"$id": 507, "sounds": [{"d": 0.166671753, "p": 63, "v": 82}, {"d": 0.166671753, "p": 58, "v": 82}, {"d": 0.166671753, "p": 67, "v": 82}], "pos": -2.0, "size": 1.30000007, "_time": 89.0}, {"$id": 508, "sounds": [{"d": 0.166664124, "p": 70, "v": 92}], "pos": -1.0, "size": 1.0, "_time": 89.16797}, {"$id": 509, "sounds": [{"d": 0.166664124, "p": 77, "v": 98}], "pos": 1.0, "size": 1.0, "_time": 89.33203}, {"$id": 510, "sounds": [{"d": 0.166671753, "p": 70, "v": 98}], "size": 1.0, "_time": 89.5, "pos": 0}, {"$id": 511, "sounds": [{"d": 0.166671753, "p": 58, "v": 93}, {"d": 0.166671753, "p": 63, "v": 93}, {"d": 0.166671753, "p": 67, "v": 93}], "pos": -2.0, "size": 1.30000007, "_time": 89.5}, {"$id": 512, "sounds": [{"d": 0.166664124, "p": 84, "v": 86}], "pos": 2.0, "size": 1.0, "_time": 89.66797}, {"$id": 513, "sounds": [{"d": 0.166664124, "p": 70, "v": 84}], "pos": -1.0, "size": 1.0, "_time": 89.83203}, {"$id": 514, "sounds": [{"d": 0.333335876, "p": 43, "v": 85}], "pos": -2.0, "size": 1.30000007, "_time": 90.0}, {"$id": 515, "sounds": [{"d": 0.333335876, "p": 81, "v": 88}], "size": 1.0, "_time": 90.0, "pos": 0}, {"$id": 516, "sounds": [{"d": 0.333335876, "p": 58, "v": 94}, {"d": 0.333335876, "p": 62, "v": 94}, {"d": 0.333335876, "p": 69, "v": 94}], "pos": -1.0, "size": 1.30000007, "_time": 90.33203}, {"$id": 517, "sounds": [{"d": 0.333335876, "p": 89, "v": 101}], "pos": 2.0, "size": 1.0, "_time": 90.33203}, {"$id": 518, "sounds": [{"d": 0.333335876, "p": 88, "v": 108}], "pos": 1.0, "size": 1.0, "_time": 90.66797}, {"$id": 519, "sounds": [{"d": 0.333335876, "p": 51, "v": 80}], "pos": -2.0, "size": 1.30000007, "_time": 91.0}, {"$id": 520, "sounds": [{"d": 0.333335876, "p": 84, "v": 97}], "pos": 2.0, "size": 1.0, "_time": 91.0}, {"$id": 521, "sounds": [{"d": 0.333335876, "p": 61, "v": 91}, {"d": 0.333335876, "p": 67, "v": 91}, {"d": 0.333335876, "p": 65, "v": 91}], "pos": -1.0, "size": 1.30000007, "_time": 91.33203}, {"$id": 522, "sounds": [{"d": 0.333335876, "p": 79, "v": 103}], "pos": 1.0, "size": 1.0, "_time": 91.33203}, {"$id": 523, "sounds": [{"d": 0.166664124, "p": 77, "v": 87}], "size": 1.0, "_time": 91.66797, "pos": 0}, {"$id": 524, "sounds": [{"d": 0.166664124, "p": 76, "v": 93}], "pos": -1.0, "size": 1.0, "_time": 91.83203}, {"$id": 525, "sounds": [{"d": 0.166671753, "p": 50, "v": 87}], "pos": -2.0, "size": 1.30000007, "_time": 92.0}, {"$id": 526, "sounds": [{"d": 0.166671753, "p": 77, "v": 101}], "size": 1.0, "_time": 92.0, "pos": 0}, {"$id": 527, "sounds": [{"d": 0.333335876, "p": 84, "v": 103}], "pos": 2.0, "size": 1.0, "_time": 92.33203}, {"$id": 528, "sounds": [{"d": 0.333335876, "p": 60, "v": 81}, {"d": 0.333335876, "p": 64, "v": 81}, {"d": 0.333335876, "p": 65, "v": 81}], "pos": -1.0, "size": 1.30000007, "_time": 92.33203}, {"$id": 529, "sounds": [{"d": 0.25, "p": 82, "v": 107}], "pos": 1.0, "size": 1.0, "_time": 92.66797}, {"$id": 530, "sounds": [{"d": 0.0416641235, "p": 70, "v": 50}], "pos": -1.0, "size": 1.0, "_time": 92.91797}, {"$id": 531, "sounds": [{"d": 0.0416641235, "p": 75, "v": 67}], "pos": -0.5, "size": 1.0, "_time": 92.95703}, {"$id": 532, "sounds": [{"d": 0.333335876, "p": 48, "v": 90}], "pos": -2.0, "size": 1.30000007, "_time": 93.0}, {"$id": 533, "sounds": [{"d": 0.333335876, "p": 81, "v": 107}], "size": 1.0, "_time": 93.0, "pos": 0}, {"$id": 534, "sounds": [{"d": 0.166671753, "p": 79, "v": 92}], "pos": 1.0, "size": 1.0, "_time": 93.5}, {"$id": 535, "sounds": [{"d": 0.166671753, "p": 63, "v": 93}, {"d": 0.166671753, "p": 58, "v": 93}, {"d": 0.166671753, "p": 67, "v": 93}], "pos": -1.0, "size": 1.30000007, "_time": 93.5}, {"$id": 536, "sounds": [{"d": 0.166664124, "p": 77, "v": 103}], "size": 1.0, "_time": 93.66797, "pos": 0}, {"$id": 537, "sounds": [{"d": 0.166664124, "p": 79, "v": 84}], "pos": 1.0, "size": 1.0, "_time": 93.83203}, {"$id": 538, "sounds": [{"d": 0.333335876, "p": 46, "v": 85}], "pos": -2.0, "size": 1.30000007, "_time": 94.0}, {"$id": 539, "sounds": [{"d": 0.333335876, "p": 81, "v": 96}], "pos": 2.0, "size": 1.0, "_time": 94.0}, {"$id": 540, "sounds": [{"d": 0.166664124, "p": 65, "v": 95}, {"d": 0.166664124, "p": 60, "v": 95}, {"d": 0.166664124, "p": 62, "v": 95}], "pos": -1.0, "size": 1.30000007, "_time": 94.33203}, {"$id": 541, "sounds": [{"d": 0.166664124, "p": 69, "v": 95}], "pos": 1.0, "size": 1.0, "_time": 94.5}, {"$id": 542, "sounds": [{"d": 0.166664124, "p": 74, "v": 107}], "size": 1.0, "_time": 94.66797, "pos": 0}, {"$id": 543, "sounds": [{"d": 0.166664124, "p": 76, "v": 90}], "pos": 1.0, "size": 1.0, "_time": 94.83203}, {"$id": 544, "sounds": [{"d": 0.166671753, "p": 45, "v": 77}], "pos": -2.0, "size": 1.30000007, "_time": 95.0}, {"$id": 545, "sounds": [{"d": 0.166671753, "p": 77, "v": 101}], "pos": 2.0, "size": 1.0, "_time": 95.0}, {"$id": 546, "sounds": [{"d": 0.166664124, "p": 65, "v": 89}, {"d": 0.166664124, "p": 55, "v": 89}, {"d": 0.166664124, "p": 61, "v": 89}], "pos": -1.0, "size": 1.30000007, "_time": 95.33203}, {"$id": 547, "sounds": [{"d": 0.333335876, "p": 76, "v": 98}], "pos": 1.0, "size": 1.0, "_time": 95.5}, {"$id": 548, "sounds": [{"d": 0.166664124, "p": 77, "v": 94}], "pos": 2.0, "size": 1.0, "_time": 95.83203}, {"$id": 549, "sounds": [{"d": 0.333335876, "p": 50, "v": 76}], "pos": -2.0, "size": 1.30000007, "_time": 96.0}, {"$id": 550, "sounds": [{"d": 0.333335876, "p": 74, "v": 76}], "size": 1.0, "_time": 96.0, "pos": 0}, {"$id": 551, "sounds": [{"d": 0.333335876, "p": 57, "v": 58}, {"d": 0.333335876, "p": 60, "v": 58}, {"d": 0.333335876, "p": 65, "v": 58}], "pos": -1.0, "size": 1.30000007, "_time": 96.33203}, {"$id": 552, "sounds": [{"d": 0.333335876, "p": 45, "v": 59}], "pos": 2.0, "size": 1.30000007, "_time": 96.66797}, {"$id": 553, "sounds": [{"d": 0.9375, "p": 60, "v": 56}, {"d": 0.9375, "p": 57, "v": 56}, {"d": 0.9375, "p": 65, "v": 56}], "pos": 1.0, "size": 1.30000007, "_time": 97.0}, {"$id": 554, "sounds": [{"d": 0.0347213745, "p": 82, "v": 47}], "size": 0.6999999, "_time": 97.9375, "pos": 0}, {"$id": 555, "sounds": [{"d": 0.0277786255, "p": 86, "v": 51}], "pos": 0.5, "size": 0.6999999, "_time": 97.97266}, {"$id": 556, "sounds": [{"d": 0.333328247, "p": 58, "v": 61}], "pos": -2.0, "size": 1.0, "_time": 98.0}, {"$id": 557, "sounds": [{"d": 0.333328247, "p": 93, "v": 61}], "pos": 1.0, "size": 0.6999999, "_time": 98.0}, {"$id": 558, "sounds": [{"d": 0.1875, "p": 72, "v": 68}, {"d": 0.1875, "p": 74, "v": 68}], "pos": -1.0, "size": 1.0, "_time": 98.33203}, {"$id": 559, "sounds": [{"d": 0.1875, "p": 77, "v": 68}], "pos": 1.0, "size": 0.6999999, "_time": 98.33203}, {"$id": 560, "sounds": [{"d": 0.2013855, "p": 81, "v": 53}], "pos": -0.2923261, "size": 0.6999999, "_time": 98.51953}, {"$id": 561, "sounds": [{"d": 0.2013855, "p": 86, "v": 54}], "pos": 0.4884285, "size": 0.6999999, "_time": 98.72266}, {"$id": 562, "sounds": [{"d": 0.208335876, "p": 88, "v": 54}], "pos": 1.24238729, "size": 0.6999999, "_time": 98.921875}, {"$id": 563, "sounds": [{"d": 0.236106873, "p": 57, "v": 61}], "pos": -2.0, "size": 1.0, "_time": 99.13281}, {"$id": 564, "sounds": [{"d": 0.236106873, "p": 89, "v": 61}], "pos": 2.0, "size": 0.6999999, "_time": 99.13281}, {"$id": 565, "sounds": [{"d": 0.222221375, "p": 79, "v": 48}], "size": 0.6999999, "_time": 99.36719, "pos": 0}, {"$id": 566, "sounds": [{"d": 0.215278625, "p": 85, "v": 63}], "pos": 1.0, "size": 0.6999999, "_time": 99.58984}, {"$id": 567, "sounds": [{"d": 0.5902786, "p": 89, "v": 72}], "pos": 2.0, "size": 0.6999999, "_time": 99.80469}, {"$id": 568, "sounds": [{"d": 0.5902786, "p": 67, "v": 37}, {"d": 0.5902786, "p": 73, "v": 37}, {"d": 0.5902786, "p": 77, "v": 37}], "pos": -1.0, "size": 1.0, "_time": 99.80469}, {"$id": 569, "sounds": [{"d": 1.38889313, "p": 85, "v": 68}], "pos": 1.0, "size": 0.6999999, "_time": 100.394531}, {"$id": 570, "sounds": [{"d": 0.0625, "p": 65, "v": 36}], "pos": -0.5, "size": 1.0, "_time": 101.785156}, {"$id": 571, "sounds": [{"d": 0.06944275, "p": 67, "v": 37}], "size": 0.9, "_time": 101.847656, "pos": 0}, {"$id": 572, "sounds": [{"d": 0.08333588, "p": 72, "v": 49}], "pos": 0.5, "size": 0.799999952, "_time": 101.917969}, {"$id": 573, "sounds": [{"d": 1.04860687, "p": 76, "v": 60}], "pos": 1.0, "size": 0.6999999, "_time": 102.0}, {"$id": 574, "sounds": [{"d": 1.04860687, "p": 50, "v": 37}, {"d": 1.04860687, "p": 38, "v": 37}], "pos": -2.0, "size": 1.30000007, "_time": 102.0}, {"$id": 575, "sounds": [{"d": 0.0347213745, "p": 81, "v": 46}], "pos": 1.0, "size": 0.6999999, "_time": 103.046875}, {"$id": 576, "sounds": [{"d": 1.04166412, "p": 93, "v": 53}], "pos": 1.5, "size": 0.6999999, "_time": 103.082031}, {"$id": 577, "sounds": [{"d": 0.0416641235, "p": 76, "v": 29}], "pos": -1.5, "size": 0.6999999, "_time": 104.125}, {"$id": 578, "sounds": [{"d": 0.152778625, "p": 88, "v": 41}], "pos": -1.0, "size": 0.6999999, "_time": 104.167969}], "links": [{"notes": [{"$ref": 17}, {"$ref": 18}, {"$ref": 20}]}, {"notes": [{"$ref": 66}, {"$ref": 67}, {"$ref": 69}]}, {"notes": [{"$ref": 91}, {"$ref": 92}]}, {"notes": [{"$ref": 187}, {"$ref": 189}]}, {"notes": [{"$ref": 204}, {"$ref": 205}, {"$ref": 207}]}, {"notes": [{"$ref": 253}, {"$ref": 254}, {"$ref": 256}]}, {"notes": [{"$ref": 117}, {"$ref": 118}]}, {"notes": [{"$ref": 381}, {"$ref": 382}, {"$ref": 384}]}, {"notes": [{"$ref": 278}, {"$ref": 279}]}, {"notes": [{"$ref": 432}, {"$ref": 433}, {"$ref": 435}]}, {"notes": [{"$ref": 479}, {"$ref": 480}, {"$ref": 482}]}, {"notes": [{"$ref": 530}, {"$ref": 531}, {"$ref": 533}]}, {"notes": [{"$ref": 554}, {"$ref": 555}, {"$ref": 557}]}, {"notes": [{"$ref": 570}, {"$ref": 571}, {"$ref": 572}, {"$ref": 573}]}, {"notes": [{"$ref": 575}, {"$ref": 576}]}, {"notes": [{"$ref": 577}, {"$ref": 578}]}]}