{"speed": 6.0, "notes": [{"$id": 1, "type": 0, "sounds": [{"w": 0.0, "d": 0.6124995, "p": 75, "v": 86}], "pos": 0.833332539, "size": 0.6999999, "_time": 2.5546875, "shift": 0.0, "time": 2.5546875}, {"$id": 2, "type": 0, "sounds": [{"w": 0.0, "d": 1.0097208, "p": 79, "v": 88}], "pos": 1.33333254, "size": 0.6999999, "_time": 2.609375, "shift": 0.0, "time": 2.609375}, {"$id": 3, "type": 0, "sounds": [{"w": 0.0, "d": 0.333333015, "p": 72, "v": 65}, {"w": 0.0, "d": 0.38194418, "p": 82, "v": 70}], "pos": -0.9444452, "size": 1.0, "_time": 2.66796875, "shift": 0.0, "time": 2.66796875}, {"$id": 4, "type": 0, "sounds": [{"w": 0.0, "d": 0.6597216, "p": 87, "v": 94}], "pos": 2.0, "size": 0.6999999, "_time": 2.66796875, "shift": 0.0, "time": 2.66796875}, {"$id": 5, "type": 0, "sounds": [{"w": 0.0, "d": 0.354166269, "p": 86, "v": 94}], "pos": 1.38888836, "size": 0.6999999, "_time": 3.16796875, "shift": 0.0, "time": 3.16796875}, {"$id": 6, "type": 0, "sounds": [{"w": 0.0, "d": 0.0847218, "p": 82, "v": 96}], "pos": 0.888888359, "size": 0.799999952, "_time": 3.5, "shift": 0.0, "time": 3.5}, {"$id": 7, "type": 0, "sounds": [{"w": 0.0, "d": 0.349999428, "p": 70, "v": 93}], "pos": -1.69444537, "size": 1.0, "_time": 3.83203125, "shift": 0.0, "time": 3.83203125}, {"$id": 8, "type": 0, "sounds": [{"w": 0.0, "d": 0.120833158, "p": 77, "v": 93}], "pos": 0.333332419, "size": 0.799999952, "_time": 3.83203125, "shift": 0.0, "time": 3.83203125}, {"$id": 9, "type": 0, "sounds": [{"w": 0.0, "d": 0.5624995, "p": 56, "v": 79}], "pos": -0.6666657, "size": 1.1, "_time": 4.16796875, "shift": 0.0, "time": 4.16796875}, {"$id": 10, "type": 0, "sounds": [{"w": 0.0, "d": 0.366666317, "p": 75, "v": 85}], "pos": 1.11111, "size": 1.0, "_time": 4.33203125, "shift": 0.0, "time": 4.33203125}, {"$id": 11, "type": 0, "sounds": [{"w": 0.0, "d": 0.331944, "p": 63, "v": 76}], "pos": -2.0, "size": 1.1, "_time": 4.66796875, "shift": 0.0, "time": 4.66796875}, {"$id": 12, "type": 0, "sounds": [{"w": 0.0, "d": 0.174999714, "p": 72, "v": 90}], "pos": -0.611111641, "size": 1.0, "_time": 4.83203125, "shift": 0.0, "time": 4.83203125}, {"$id": 13, "type": 0, "sounds": [{"w": 0.0, "d": 0.379166126, "p": 77, "v": 88}], "pos": -1.65277791, "size": 1.0, "_time": 5.33203125, "shift": 0.0, "time": 5.33203125}, {"$id": 14, "type": 0, "sounds": [{"w": 0.0, "d": 0.3624997, "p": 68, "v": 87}], "pos": 1.0, "size": 0.799999952, "_time": 5.33203125, "shift": 0.0, "time": 5.33203125}, {"$id": 15, "type": 0, "sounds": [{"w": 0.0, "d": 0.24583292, "p": 79, "v": 97}], "pos": 1.70833373, "size": 0.6999999, "_time": 5.83203125, "shift": 0.0, "time": 5.83203125}, {"$id": 16, "type": 0, "sounds": [{"w": 0.0, "d": 0.07222223, "p": 75, "v": 92}], "pos": -0.9861113, "size": 0.799999952, "_time": 6.33203125, "shift": 0.0, "time": 6.33203125}, {"$id": 17, "type": 0, "sounds": [{"w": 0.0, "d": 0.43888855, "p": 79, "v": 97}], "pos": 0.166666389, "size": 0.799999952, "_time": 6.66796875, "shift": 0.0, "time": 6.66796875}, {"$id": 18, "type": 0, "sounds": [{"w": 0.0, "d": 0.166666508, "p": 82, "v": 89}], "pos": 1.52777708, "size": 0.799999952, "_time": 7.0, "shift": 0.0, "time": 7.0}, {"$id": 19, "type": 0, "sounds": [{"w": 0.0, "d": 0.3208332, "p": 77, "v": 96}], "pos": -0.9999997, "size": 0.799999952, "_time": 7.33203125, "shift": 0.0, "time": 7.33203125}, {"$id": 20, "type": 0, "sounds": [{"w": 0.0, "d": 0.166666508, "p": 79, "v": 89}], "pos": -1.45833421, "size": 0.799999952, "_time": 7.66796875, "shift": 0.0, "time": 7.66796875}, {"$id": 21, "type": 0, "sounds": [{"w": 0.0, "d": 0.548609257, "p": 82, "v": 100}], "pos": 1.1111114, "size": 0.799999952, "_time": 7.83203125, "shift": 0.0, "time": 7.83203125}, {"$id": 22, "type": 0, "sounds": [{"w": 0.0, "d": 0.6597204, "p": 87, "v": 94}], "pos": 2.0, "size": 1.0, "_time": 8.0, "shift": 0.0, "time": 8.0}, {"$id": 23, "type": 0, "sounds": [{"w": 0.0, "d": 1.00971889, "p": 79, "v": 88}], "pos": -1.83333361, "size": 1.0, "_time": 8.0, "shift": 0.0, "time": 8.0}, {"$id": 24, "type": 0, "sounds": [{"w": 0.0, "d": 0.416666031, "p": 75, "v": 86}], "pos": -0.0138893127, "size": 1.0, "_time": 8.5, "shift": 0.0, "time": 8.5}, {"$id": 25, "type": 0, "sounds": [{"w": 0.0, "d": 0.354166031, "p": 86, "v": 94}], "pos": 1.36111069, "size": 1.0, "_time": 8.5, "shift": 0.0, "time": 8.5}, {"$id": 26, "type": 0, "sounds": [{"w": 0.0, "d": 0.0847215652, "p": 82, "v": 96}], "pos": -1.5, "size": 1.0, "_time": 8.832031, "shift": 0.0, "time": 8.832031}, {"$id": 27, "type": 0, "sounds": [{"w": 0.0, "d": 0.1208334, "p": 77, "v": 93}], "pos": 0.236110687, "size": 0.6999999, "_time": 9.167969, "shift": 0.0, "time": 9.167969}, {"$id": 28, "type": 0, "sounds": [{"w": 0.0, "d": 0.354166031, "p": 79, "v": 91}], "pos": 0.9861105, "size": 0.6999999, "_time": 9.2265625, "shift": 0.0, "time": 9.2265625}, {"$id": 29, "type": 0, "sounds": [{"w": 0.0, "d": 0.36666584, "p": 75, "v": 85}], "pos": 0.81944406, "size": 0.9, "_time": 9.667969, "shift": 0.0, "time": 9.667969}, {"$id": 30, "type": 0, "sounds": [{"w": 0.0, "d": 0.236109734, "p": 70, "v": 83}], "pos": -2.0, "size": 1.0, "_time": 10.0, "shift": 0.0, "time": 10.0}, {"$id": 31, "type": 0, "sounds": [{"w": 0.0, "d": 0.166666031, "p": 79, "v": 84}], "pos": 1.541666, "size": 1.0, "_time": 10.3320313, "shift": 0.0, "time": 10.3320313}, {"$id": 32, "type": 0, "sounds": [{"w": 0.0, "d": 0.284721375, "p": 77, "v": 91}], "pos": -0.5416669, "size": 1.0, "_time": 10.6679688, "shift": 0.0, "time": 10.6679688}, {"$id": 33, "type": 0, "sounds": [{"w": 0.0, "d": 0.09861088, "p": 79, "v": 84}], "pos": 0.2083329, "size": 0.799999952, "_time": 11.0, "shift": 0.0, "time": 11.0}, {"$id": 34, "type": 0, "sounds": [{"w": 0.0, "d": 0.141666412, "p": 68, "v": 92}], "pos": -2.0, "size": 1.0, "_time": 11.1679688, "shift": 0.0, "time": 11.1679688}, {"$id": 35, "type": 0, "sounds": [{"w": 0.0, "d": 0.144444466, "p": 77, "v": 92}], "pos": -0.263889074, "size": 0.799999952, "_time": 11.1679688, "shift": 0.0, "time": 11.1679688}, {"$id": 36, "type": 0, "sounds": [{"w": 0.0, "d": 0.09999943, "p": 63, "v": 77}], "pos": -1.31944466, "size": 1.0, "_time": 11.3320313, "shift": 0.0, "time": 11.3320313}, {"$id": 37, "type": 0, "sounds": [{"w": 0.0, "d": 0.140277863, "p": 68, "v": 68}], "pos": -0.6388899, "size": 0.9, "_time": 11.5, "shift": 0.0, "time": 11.5}, {"$id": 38, "type": 0, "sounds": [{"w": 0.0, "d": 0.145833015, "p": 75, "v": 83}], "pos": 0.0138880312, "size": 0.9, "_time": 11.6679688, "shift": 0.0, "time": 11.6679688}, {"$id": 39, "type": 0, "sounds": [{"w": 0.0, "d": 0.249999046, "p": 75, "v": 81}], "pos": 0.152777672, "size": 1.0, "_time": 12.0, "shift": 0.0, "time": 12.0}, {"$id": 40, "type": 0, "sounds": [{"w": 0.0, "d": 0.238887787, "p": 51, "v": 75}, {"w": 0.0, "d": 0.249999046, "p": 63, "v": 73}, {"w": 0.0, "d": 0.258332253, "p": 67, "v": 81}], "pos": -2.0, "size": 1.0, "_time": 12.0, "shift": 0.0, "time": 12.0}, {"$id": 41, "type": 0, "sounds": [{"w": 0.0, "d": 0.166666031, "p": 77, "v": 100}], "pos": -1.4305563, "size": 0.9, "_time": 12.3320313, "shift": 0.0, "time": 12.3320313}, {"$id": 42, "type": 0, "sounds": [{"w": 0.0, "d": 0.47499752, "p": 68, "v": 70}], "pos": 1.00000024, "size": 0.9, "_time": 12.6054688, "shift": 0.0, "time": 12.6054688}, {"$id": 43, "type": 0, "sounds": [{"w": 0.0, "d": 0.4374981, "p": 72, "v": 75}], "pos": 0.5277779, "size": 0.9, "_time": 12.6367188, "shift": 0.0, "time": 12.6367188}, {"$id": 44, "type": 0, "sounds": [{"w": 0.0, "d": 0.340275764, "p": 77, "v": 82}], "pos": -0.31944406, "size": 0.9, "_time": 12.6679688, "shift": 0.0, "time": 12.6679688}, {"$id": 45, "type": 0, "sounds": [{"w": 0.0, "d": 0.101387978, "p": 79, "v": 91}], "pos": -0.5, "size": 0.9, "_time": 13.0, "shift": 0.0, "time": 13.0}, {"$id": 46, "type": 0, "sounds": [{"w": 0.0, "d": 0.6124983, "p": 75, "v": 86}], "pos": 0.5, "size": 0.6999999, "_time": 13.2226563, "shift": 0.0, "time": 13.2226563}, {"$id": 47, "type": 0, "sounds": [{"w": 0.0, "d": 1.00971985, "p": 79, "v": 88}], "pos": 1.5, "size": 0.6999999, "_time": 13.2773438, "shift": 0.0, "time": 13.2773438}, {"$id": 48, "type": 0, "sounds": [{"w": 0.0, "d": 0.8958311, "p": 60, "v": 74}], "pos": -2.0, "size": 1.0, "_time": 13.3320313, "shift": 0.0, "time": 13.3320313}, {"$id": 49, "type": 0, "sounds": [{"w": 0.0, "d": 0.6597204, "p": 87, "v": 94}], "pos": 2.0, "size": 0.6999999, "_time": 13.3320313, "shift": 0.0, "time": 13.3320313}, {"$id": 50, "type": 0, "sounds": [{"w": 0.0, "d": 0.166666031, "p": 67, "v": 68}], "pos": -1.6805563, "size": 0.9, "_time": 13.5, "shift": 0.0, "time": 13.5}, {"$id": 51, "type": 0, "sounds": [{"w": 0.0, "d": 0.166666031, "p": 70, "v": 68}], "pos": -0.9444453, "size": 0.9, "_time": 13.6679688, "shift": 0.0, "time": 13.6679688}, {"$id": 52, "type": 0, "sounds": [{"w": 0.0, "d": 0.354166031, "p": 86, "v": 94}], "pos": 1.36111069, "size": 0.799999952, "_time": 13.8320313, "shift": 0.0, "time": 13.8320313}, {"$id": 53, "type": 0, "sounds": [{"w": 0.0, "d": 0.416666031, "p": 75, "v": 86}], "pos": -0.444444418, "size": 0.799999952, "_time": 13.8320313, "shift": 0.0, "time": 13.8320313}, {"$id": 54, "type": 0, "sounds": [{"w": 0.0, "d": 0.0847215652, "p": 82, "v": 96}], "pos": 0.277776718, "size": 0.9, "_time": 14.1679688, "shift": 0.0, "time": 14.1679688}, {"$id": 55, "type": 0, "sounds": [{"w": 0.0, "d": 0.1208334, "p": 77, "v": 93}], "pos": -0.347223282, "size": 0.9, "_time": 14.5, "shift": 0.0, "time": 14.5}, {"$id": 56, "type": 0, "sounds": [{"w": 0.0, "d": 0.354166031, "p": 79, "v": 91}], "pos": 1.26388836, "size": 0.9, "_time": 14.5585938, "shift": 0.0, "time": 14.5585938}, {"$id": 57, "type": 0, "sounds": [{"w": 0.0, "d": 0.36666584, "p": 75, "v": 85}], "pos": -0.5972233, "size": 1.0, "_time": 15.0, "shift": 0.0, "time": 15.0}, {"$id": 58, "type": 0, "sounds": [{"w": 0.0, "d": 0.236109734, "p": 70, "v": 83}], "pos": -1.22222328, "size": 1.1, "_time": 15.3320313, "shift": 0.0, "time": 15.3320313}, {"$id": 59, "type": 0, "sounds": [{"w": 0.0, "d": 0.174999237, "p": 72, "v": 90}], "pos": 0.0, "size": 1.1, "_time": 15.5, "shift": 0.0, "time": 15.5}, {"$id": 60, "type": 0, "sounds": [{"w": 0.0, "d": 0.379165649, "p": 77, "v": 88}], "pos": 0.7083323, "size": 1.0, "_time": 16.0, "shift": 0.0, "time": 16.0}, {"$id": 61, "type": 0, "sounds": [{"w": 0.0, "d": 0.362499237, "p": 68, "v": 87}], "pos": -1.63888931, "size": 1.0, "_time": 16.0, "shift": 0.0, "time": 16.0}, {"$id": 62, "type": 0, "sounds": [{"w": 0.0, "d": 0.1333332, "p": 58, "v": 68}], "pos": 0.0, "size": 1.0, "_time": 16.3320313, "shift": 0.0, "time": 16.3320313}, {"$id": 63, "type": 0, "sounds": [{"w": 0.0, "d": 0.245832443, "p": 79, "v": 97}], "pos": 1.76388836, "size": 1.0, "_time": 16.5, "shift": 0.0, "time": 16.5}, {"$id": 64, "type": 0, "sounds": [{"w": 0.0, "d": 0.07500076, "p": 58, "v": 82}], "pos": 0.5, "size": 1.0, "_time": 16.8320313, "shift": 0.0, "time": 16.8320313}, {"$id": 65, "type": 0, "sounds": [{"w": 0.0, "d": 0.072221756, "p": 75, "v": 92}], "pos": -1.43055534, "size": 1.0, "_time": 17.0, "shift": 0.0, "time": 17.0}, {"$id": 66, "type": 0, "sounds": [{"w": 0.0, "d": 0.438886642, "p": 79, "v": 97}], "pos": -0.2638893, "size": 1.0, "_time": 17.3320313, "shift": 0.0, "time": 17.3320313}, {"$id": 67, "type": 0, "sounds": [{"w": 0.0, "d": 0.166666031, "p": 82, "v": 89}], "pos": 1.49999952, "size": 1.0, "_time": 17.6679688, "shift": 0.0, "time": 17.6679688}, {"$id": 68, "type": 0, "sounds": [{"w": 0.0, "d": 0.3208332, "p": 77, "v": 96}], "pos": -1.40277839, "size": 1.0, "_time": 18.0, "shift": 0.0, "time": 18.0}, {"$id": 69, "type": 0, "sounds": [{"w": 0.0, "d": 0.166666031, "p": 79, "v": 89}], "pos": -1.0, "size": 1.0, "_time": 18.3320313, "shift": 0.0, "time": 18.3320313}, {"$id": 70, "type": 0, "sounds": [{"w": 0.0, "d": 0.5486088, "p": 82, "v": 100}], "pos": 1.13888884, "size": 0.9, "_time": 18.5, "shift": 0.0, "time": 18.5}, {"$id": 71, "type": 0, "sounds": [{"w": 0.0, "d": 0.659719467, "p": 87, "v": 94}], "pos": 1.708333, "size": 0.799999952, "_time": 18.6679688, "shift": 0.0, "time": 18.6679688}, {"$id": 72, "type": 0, "sounds": [{"w": 0.0, "d": 0.333332062, "p": 72, "v": 65}], "pos": -2.0, "size": 1.0, "_time": 18.6679688, "shift": 0.0, "time": 18.6679688}, {"$id": 73, "type": 0, "sounds": [{"w": 0.0, "d": 0.166666031, "p": 67, "v": 68}], "pos": -1.5833329, "size": 1.0, "_time": 18.8320313, "shift": 0.0, "time": 18.8320313}, {"$id": 74, "type": 0, "sounds": [{"w": 0.0, "d": 0.166666031, "p": 70, "v": 68}], "pos": -1.0, "size": 1.0, "_time": 19.0, "shift": 0.0, "time": 19.0}, {"$id": 75, "type": 0, "sounds": [{"w": 0.0, "d": 0.416666031, "p": 75, "v": 86}], "pos": 0.0, "size": 1.0, "_time": 19.1679688, "shift": 0.0, "time": 19.1679688}, {"$id": 76, "type": 0, "sounds": [{"w": 0.0, "d": 0.08472252, "p": 82, "v": 96}], "pos": 1.27777767, "size": 0.799999952, "_time": 19.5, "shift": 0.0, "time": 19.5}, {"$id": 77, "type": 0, "sounds": [{"w": 0.0, "d": 0.120832443, "p": 77, "v": 93}], "pos": -0.9861107, "size": 0.799999952, "_time": 19.8320313, "shift": 0.0, "time": 19.8320313}, {"$id": 78, "type": 0, "sounds": [{"w": 0.0, "d": 0.354166031, "p": 79, "v": 91}], "pos": -0.152777731, "size": 0.799999952, "_time": 19.890625, "shift": 0.0, "time": 19.890625}, {"$id": 79, "type": 0, "sounds": [{"w": 0.0, "d": 0.3666649, "p": 75, "v": 85}], "pos": 0.791667, "size": 1.0, "_time": 20.3320313, "shift": 0.0, "time": 20.3320313}, {"$id": 80, "type": 0, "sounds": [{"w": 0.0, "d": 0.236110687, "p": 70, "v": 83}], "pos": -0.08333278, "size": 1.0, "_time": 20.6679688, "shift": 0.0, "time": 20.6679688}, {"$id": 81, "type": 0, "sounds": [{"w": 0.0, "d": 0.174999237, "p": 72, "v": 90}], "pos": -1.5, "size": 1.0, "_time": 20.8320313, "shift": 0.0, "time": 20.8320313}, {"$id": 82, "type": 0, "sounds": [{"w": 0.0, "d": 0.166666031, "p": 79, "v": 84}], "pos": 1.18055534, "size": 1.0, "_time": 21.0, "shift": 0.0, "time": 21.0}, {"$id": 83, "type": 0, "sounds": [{"w": 0.0, "d": 0.166666031, "p": 82, "v": 64}], "pos": -0.0833330154, "size": 1.0, "_time": 21.1679688, "shift": 0.0, "time": 21.1679688}, {"$id": 84, "type": 0, "sounds": [{"w": 0.0, "d": 0.284721375, "p": 89, "v": 91}], "pos": 2.0, "size": 0.799999952, "_time": 21.3320313, "shift": 0.0, "time": 21.3320313}, {"$id": 85, "type": 0, "sounds": [{"w": 0.0, "d": 0.0986099243, "p": 91, "v": 84}], "pos": 1.43055654, "size": 0.799999952, "_time": 21.6679688, "shift": 0.0, "time": 21.6679688}, {"$id": 86, "type": 0, "sounds": [{"w": 0.0, "d": 0.144443512, "p": 89, "v": 92}], "pos": 0.4861109, "size": 0.799999952, "_time": 21.8320313, "shift": 0.0, "time": 21.8320313}, {"$id": 87, "type": 0, "sounds": [{"w": 0.0, "d": 0.100000381, "p": 75, "v": 77}], "pos": -1.5, "size": 0.9, "_time": 22.0, "shift": 0.0, "time": 22.0}, {"$id": 88, "type": 0, "sounds": [{"w": 0.0, "d": 0.140277863, "p": 80, "v": 68}], "pos": -1.5, "size": 0.9, "_time": 22.1679688, "shift": 0.0, "time": 22.1679688}, {"$id": 89, "type": 0, "sounds": [{"w": 0.0, "d": 0.145833969, "p": 87, "v": 83}], "pos": 1.15277839, "size": 0.799999952, "_time": 22.3320313, "shift": 0.0, "time": 22.3320313}, {"$id": 90, "type": 0, "sounds": [{"w": 0.0, "d": 0.238887787, "p": 63, "v": 75}], "pos": -0.5, "size": 1.0, "_time": 22.6679688, "shift": 0.0, "time": 22.6679688}, {"$id": 91, "type": 0, "sounds": [{"w": 0.0, "d": 0.2499981, "p": 75, "v": 73}, {"w": 0.0, "d": 0.2583313, "p": 79, "v": 81}, {"w": 0.0, "d": 0.2499981, "p": 87, "v": 81}], "pos": 1.5, "size": 1.0, "_time": 22.6679688, "shift": 0.0, "time": 22.6679688}, {"$id": 92, "type": 0, "sounds": [{"w": 0.0, "d": 0.4291649, "p": 67, "v": 61}], "pos": 0.152777553, "size": 1.0, "_time": 23.8320313, "shift": 0.0, "time": 23.8320313}, {"$id": 93, "type": 0, "sounds": [{"w": 0.0, "d": 0.424999237, "p": 70, "v": 83}], "pos": 1.09722185, "size": 1.0, "_time": 23.9140625, "shift": 0.0, "time": 23.9140625}, {"$id": 94, "type": 0, "sounds": [{"w": 0.0, "d": 0.413888931, "p": 48, "v": 93}, {"w": 0.0, "d": 0.3291645, "p": 75, "v": 104}], "pos": -2.0, "size": 1.0, "_time": 24.0, "shift": 0.0, "time": 24.0}, {"$id": 95, "type": 0, "sounds": [{"w": 0.0, "d": 0.256944656, "p": 55, "v": 99}], "pos": 0.361111164, "size": 1.0, "_time": 24.1679688, "shift": 0.0, "time": 24.1679688}, {"$id": 96, "type": 0, "sounds": [{"w": 0.0, "d": 0.230556488, "p": 62, "v": 77}], "pos": -1.44444466, "size": 1.0, "_time": 24.3320313, "shift": 0.0, "time": 24.3320313}, {"$id": 97, "type": 0, "sounds": [{"w": 0.0, "d": 0.134721756, "p": 63, "v": 103}], "pos": 1.15277815, "size": 1.0, "_time": 24.5, "shift": 0.0, "time": 24.5}, {"$id": 98, "type": 0, "sounds": [{"w": 0.0, "d": 0.08333397, "p": 70, "v": 87}], "pos": 2.0, "size": 1.0, "_time": 24.8320313, "shift": 0.0, "time": 24.8320313}, {"$id": 99, "type": 0, "sounds": [{"w": 0.0, "d": 0.08194351, "p": 65, "v": 72}], "pos": -1.43055558, "size": 1.0, "_time": 25.1679688, "shift": 0.0, "time": 25.1679688}, {"$id": 100, "type": 0, "sounds": [{"w": 0.0, "d": 0.333332062, "p": 70, "v": 72}], "pos": 0.5, "size": 0.9, "_time": 25.6679688, "shift": 0.0, "time": 25.6679688}, {"$id": 101, "type": 0, "sounds": [{"w": 0.0, "d": 0.577775955, "p": 72, "v": 76}], "pos": -1.0, "size": 0.9, "_time": 25.8320313, "shift": 0.0, "time": 25.8320313}, {"$id": 102, "type": 0, "sounds": [{"w": 0.0, "d": 0.3638878, "p": 79, "v": 80}], "pos": 2.0, "size": 0.9, "_time": 26.0, "shift": 0.0, "time": 26.0}, {"$id": 103, "type": 0, "sounds": [{"w": 0.0, "d": 0.183332443, "p": 75, "v": 71}], "pos": 0.5, "size": 0.9, "_time": 26.1679688, "shift": 0.0, "time": 26.1679688}, {"$id": 104, "type": 0, "sounds": [{"w": 0.0, "d": 0.487501144, "p": 55, "v": 79}, {"w": 0.0, "d": 0.5000019, "p": 67, "v": 68}, {"w": 0.0, "d": 0.297222137, "p": 70, "v": 100}], "pos": -2.0, "size": 1.0, "_time": 26.6679688, "shift": 0.0, "time": 26.6679688}, {"$id": 105, "type": 0, "sounds": [{"w": 0.0, "d": 0.37361145, "p": 77, "v": 100}], "pos": 0.430555344, "size": 1.0, "_time": 26.6679688, "shift": 0.0, "time": 26.6679688}, {"$id": 106, "type": 0, "sounds": [{"w": 0.0, "d": 0.1930561, "p": 75, "v": 82}], "pos": -0.06944403, "size": 1.0, "_time": 27.0, "shift": 0.0, "time": 27.0}, {"$id": 107, "type": 0, "sounds": [{"w": 0.0, "d": 0.137498856, "p": 74, "v": 73}], "pos": -1.138889, "size": 1.0, "_time": 27.1679688, "shift": 0.0, "time": 27.1679688}, {"$id": 108, "type": 0, "sounds": [{"w": 0.0, "d": 0.08611107, "p": 82, "v": 91}], "pos": 1.72222281, "size": 1.0, "_time": 27.5, "shift": 0.0, "time": 27.5}, {"$id": 109, "type": 0, "sounds": [{"w": 0.0, "d": 0.347223282, "p": 44, "v": 92}, {"w": 0.0, "d": 0.3291664, "p": 56, "v": 85}], "pos": -1.77777791, "size": 1.2, "_time": 27.6679688, "shift": 0.0, "time": 27.6679688}, {"$id": 110, "type": 0, "sounds": [{"w": 0.0, "d": 0.322221756, "p": 70, "v": 90}, {"w": 0.0, "d": 0.3208332, "p": 75, "v": 101}, {"w": 0.0, "d": 0.3291664, "p": 77, "v": 97}], "pos": 0.249999881, "size": 1.2, "_time": 27.6679688, "shift": 0.0, "time": 27.6679688}, {"$id": 111, "type": 0, "sounds": [{"w": 0.0, "d": 0.166666031, "p": 51, "v": 53}], "pos": -1.0, "size": 1.0, "_time": 28.0, "shift": 0.0, "time": 28.0}, {"$id": 112, "type": 0, "sounds": [{"w": 0.0, "d": 0.166666031, "p": 60, "v": 78}], "pos": -0.5, "size": 1.0, "_time": 28.3320313, "shift": 0.0, "time": 28.3320313}, {"$id": 113, "type": 0, "sounds": [{"w": 0.0, "d": 0.393054962, "p": 65, "v": 61}], "pos": 0.291666985, "size": 0.9, "_time": 28.578125, "shift": 0.0, "time": 28.578125}, {"$id": 114, "type": 0, "sounds": [{"w": 0.0, "d": 0.3805561, "p": 70, "v": 68}], "pos": 1.138889, "size": 0.9, "_time": 28.625, "shift": 0.0, "time": 28.625}, {"$id": 115, "type": 0, "sounds": [{"w": 0.0, "d": 0.215276718, "p": 75, "v": 87}], "pos": 1.84722209, "size": 0.9, "_time": 28.6679688, "shift": 0.0, "time": 28.6679688}, {"$id": 116, "type": 0, "sounds": [{"w": 0.0, "d": 0.07500076, "p": 77, "v": 84}], "pos": -1.37500024, "size": 1.0, "_time": 29.0, "shift": 0.0, "time": 29.0}, {"$id": 117, "type": 0, "sounds": [{"w": 0.0, "d": 0.333332062, "p": 77, "v": 88}], "pos": -0.625, "size": 0.799999952, "_time": 29.3320313, "shift": 0.0, "time": 29.3320313}, {"$id": 118, "type": 0, "sounds": [{"w": 0.0, "d": 0.281944275, "p": 79, "v": 89}], "pos": 1.40277827, "size": 0.6999999, "_time": 29.3828125, "shift": 0.0, "time": 29.3828125}, {"$id": 119, "type": 0, "sounds": [{"w": 0.0, "d": 0.177778244, "p": 62, "v": 91}], "pos": 0.0, "size": 1.0, "_time": 29.6679688, "shift": 0.0, "time": 29.6679688}, {"$id": 120, "type": 0, "sounds": [{"w": 0.0, "d": 0.0861129761, "p": 63, "v": 73}], "pos": -1.31944466, "size": 1.0, "_time": 29.8320313, "shift": 0.0, "time": 29.8320313}, {"$id": 121, "type": 0, "sounds": [{"w": 0.0, "d": 0.09305382, "p": 65, "v": 71}], "pos": -2.0, "size": 0.9, "_time": 30.1679688, "shift": 0.0, "time": 30.1679688}, {"$id": 122, "type": 0, "sounds": [{"w": 0.0, "d": 0.08194351, "p": 74, "v": 67}], "pos": -0.5, "size": 0.9, "_time": 30.1679688, "shift": 0.0, "time": 30.1679688}, {"$id": 123, "type": 0, "sounds": [{"w": 0.0, "d": 0.06944466, "p": 75, "v": 95}], "pos": 1.09722292, "size": 0.9, "_time": 30.5, "shift": 0.0, "time": 30.5}, {"$id": 124, "type": 0, "sounds": [{"w": 0.0, "d": 0.06111145, "p": 67, "v": 71}], "pos": -0.5833326, "size": 0.9, "_time": 30.5, "shift": 0.0, "time": 30.5}, {"$id": 125, "type": 0, "sounds": [{"w": 0.0, "d": 0.594442368, "p": 75, "v": 73}], "pos": -1.5, "size": 0.9, "_time": 31.0, "shift": 0.0, "time": 31.0}, {"$id": 126, "type": 0, "sounds": [{"w": 0.0, "d": 0.399999619, "p": 82, "v": 103}], "pos": 0.5, "size": 0.9, "_time": 31.3320313, "shift": 0.0, "time": 31.3320313}, {"$id": 127, "type": 0, "sounds": [{"w": 0.0, "d": 0.0930557251, "p": 75, "v": 83}], "pos": -1.5, "size": 0.9, "_time": 31.6679688, "shift": 0.0, "time": 31.6679688}, {"$id": 128, "type": 0, "sounds": [{"w": 0.0, "d": 0.2638893, "p": 82, "v": 92}], "pos": 1.5, "size": 0.799999952, "_time": 32.0, "shift": 0.0, "time": 32.0}, {"$id": 129, "type": 0, "sounds": [{"w": 0.0, "d": 0.433334351, "p": 84, "v": 86}], "pos": 2.0, "size": 0.799999952, "_time": 32.046875, "shift": 0.0, "time": 32.046875}, {"$id": 130, "type": 0, "sounds": [{"w": 0.0, "d": 0.252773285, "p": 70, "v": 79}], "pos": -2.0, "size": 1.0, "_time": 32.33203, "shift": 0.0, "time": 32.33203}, {"$id": 131, "type": 0, "sounds": [{"w": 0.0, "d": 0.08333206, "p": 75, "v": 96}], "pos": 0.25, "size": 1.0, "_time": 32.5, "shift": 0.0, "time": 32.5}, {"$id": 132, "type": 0, "sounds": [{"w": 0.0, "d": 0.0916671753, "p": 86, "v": 101}], "pos": 1.0, "size": 0.6999999, "_time": 33.0, "shift": 0.0, "time": 33.0}, {"$id": 133, "type": 0, "sounds": [{"w": 0.0, "d": 0.325000763, "p": 87, "v": 109}], "pos": 2.0, "size": 1.0, "_time": 33.33203, "shift": 0.0, "time": 33.33203}, {"$id": 134, "type": 0, "sounds": [{"w": 0.0, "d": 0.245834351, "p": 79, "v": 99}], "pos": 0.472222269, "size": 1.0, "_time": 33.33203, "shift": 0.0, "time": 33.33203}, {"$id": 135, "type": 0, "sounds": [{"w": 0.0, "d": 0.1277771, "p": 65, "v": 93}], "pos": -0.5, "size": 1.0, "_time": 33.66797, "shift": 0.0, "time": 33.66797}, {"$id": 136, "type": 0, "sounds": [{"w": 0.0, "d": 0.3555565, "p": 55, "v": 96}], "pos": -1.76388931, "size": 1.0, "_time": 33.83203, "shift": 0.0, "time": 33.83203}, {"$id": 137, "type": 0, "sounds": [{"w": 0.0, "d": 0.330554962, "p": 86, "v": 92}], "pos": 1.61110973, "size": 1.0, "_time": 33.98828, "shift": 0.0, "time": 33.98828}, {"$id": 138, "type": 0, "sounds": [{"w": 0.0, "d": 0.166667938, "p": 79, "v": 100}], "pos": -0.2361126, "size": 1.0, "_time": 34.33203, "shift": 0.0, "time": 34.33203}, {"$id": 139, "type": 0, "sounds": [{"w": 0.0, "d": 0.379169464, "p": 75, "v": 67}], "pos": 0.5555558, "size": 0.799999952, "_time": 34.5898438, "shift": 0.0, "time": 34.5898438}, {"$id": 140, "type": 0, "sounds": [{"w": 0.0, "d": 0.356948853, "p": 79, "v": 80}], "pos": 1.05555582, "size": 0.799999952, "_time": 34.625, "shift": 0.0, "time": 34.625}, {"$id": 141, "type": 0, "sounds": [{"w": 0.0, "d": 0.334724426, "p": 86, "v": 97}], "pos": 1.91666651, "size": 0.799999952, "_time": 34.66797, "shift": 0.0, "time": 34.66797}, {"$id": 142, "type": 0, "sounds": [{"w": 0.0, "d": 0.8750038, "p": 67, "v": 73}], "pos": -0.958333, "size": 1.0, "_time": 34.83203, "shift": 0.0, "time": 34.83203}, {"$id": 143, "type": 0, "sounds": [{"w": 0.0, "d": 0.675003052, "p": 74, "v": 66}], "pos": -0.0833330154, "size": 1.0, "_time": 35.0, "shift": 0.0, "time": 35.0}, {"$id": 144, "type": 0, "sounds": [{"w": 0.0, "d": 0.5138893, "p": 75, "v": 86}], "pos": 1.31944442, "size": 1.0, "_time": 35.16797, "shift": 0.0, "time": 35.16797}, {"$id": 145, "type": 0, "sounds": [{"w": 0.0, "d": 0.138889313, "p": 84, "v": 90}], "pos": -1.08333254, "size": 1.0, "_time": 35.5, "shift": 0.0, "time": 35.5}, {"$id": 146, "type": 0, "sounds": [{"w": 0.0, "d": 0.1055603, "p": 79, "v": 52}], "pos": 1.04166675, "size": 1.0, "_time": 35.66797, "shift": 0.0, "time": 35.66797}, {"$id": 147, "type": 0, "sounds": [{"w": 0.0, "d": 0.166667938, "p": 77, "v": 71}], "pos": -1.9027791, "size": 1.0, "_time": 35.83203, "shift": 0.0, "time": 35.83203}, {"$id": 148, "type": 0, "sounds": [{"w": 0.0, "d": 0.381946564, "p": 65, "v": 81}], "pos": 0.5, "size": 0.799999952, "_time": 35.921875, "shift": 0.0, "time": 35.921875}, {"$id": 149, "type": 0, "sounds": [{"w": 0.0, "d": 0.3208351, "p": 71, "v": 82}], "pos": 1.22222114, "size": 0.799999952, "_time": 35.9648438, "shift": 0.0, "time": 35.9648438}, {"$id": 150, "type": 0, "sounds": [{"w": 0.0, "d": 0.318058, "p": 79, "v": 96}], "pos": 1.958333, "size": 0.799999952, "_time": 36.0, "shift": 0.0, "time": 36.0}, {"$id": 151, "type": 0, "sounds": [{"w": 0.0, "d": 0.6791649, "p": 67, "v": 82}], "pos": -1.79166651, "size": 1.0, "_time": 36.16797, "shift": 0.0, "time": 36.16797}, {"$id": 152, "type": 0, "sounds": [{"w": 0.0, "d": 0.5680504, "p": 74, "v": 81}], "pos": 1.30555594, "size": 1.0, "_time": 36.33203, "shift": 0.0, "time": 36.33203}, {"$id": 153, "type": 0, "sounds": [{"w": 0.0, "d": 0.243053436, "p": 71, "v": 97}], "pos": -1.94444489, "size": 1.0, "_time": 36.66797, "shift": 0.0, "time": 36.66797}, {"$id": 154, "type": 0, "sounds": [{"w": 0.0, "d": 0.197219849, "p": 77, "v": 99}], "pos": -0.0277786255, "size": 1.0, "_time": 36.66797, "shift": 0.0, "time": 36.66797}, {"$id": 155, "type": 0, "sounds": [{"w": 0.0, "d": 0.07222366, "p": 79, "v": 107}], "pos": -1.0, "size": 1.0, "_time": 37.0, "shift": 0.0, "time": 37.0}, {"$id": 156, "type": 0, "sounds": [{"w": 0.0, "d": 0.302780151, "p": 70, "v": 94}], "pos": 0.3611095, "size": 1.0, "_time": 37.2265625, "shift": 0.0, "time": 37.2265625}, {"$id": 157, "type": 0, "sounds": [{"w": 0.0, "d": 0.286109924, "p": 75, "v": 89}], "pos": 1.27777624, "size": 1.0, "_time": 37.2851563, "shift": 0.0, "time": 37.2851563}, {"$id": 158, "type": 0, "sounds": [{"w": 0.0, "d": 0.262500763, "p": 79, "v": 103}], "pos": 1.88888764, "size": 1.0, "_time": 37.33203, "shift": 0.0, "time": 37.33203}, {"$id": 159, "type": 0, "sounds": [{"w": 0.0, "d": 0.333332062, "p": 67, "v": 96}], "pos": -2.0, "size": 1.0, "_time": 37.5, "shift": 0.0, "time": 37.5}, {"$id": 160, "type": 0, "sounds": [{"w": 0.0, "d": 0.113887787, "p": 74, "v": 87}], "pos": 0.0, "size": 1.0, "_time": 37.66797, "shift": 0.0, "time": 37.66797}, {"$id": 161, "type": 0, "sounds": [{"w": 0.0, "d": 0.2847252, "p": 67, "v": 79}], "pos": -1.0, "size": 1.0, "_time": 37.83203, "shift": 0.0, "time": 37.83203}, {"$id": 162, "type": 0, "sounds": [{"w": 0.0, "d": 0.18611145, "p": 75, "v": 84}], "pos": 0.583333254, "size": 1.0, "_time": 38.0, "shift": 0.0, "time": 38.0}, {"$id": 163, "type": 0, "sounds": [{"w": 0.0, "d": 0.166667938, "p": 77, "v": 88}], "pos": 1.24999857, "size": 0.9, "_time": 38.33203, "shift": 0.0, "time": 38.33203}, {"$id": 164, "type": 0, "sounds": [{"w": 0.0, "d": 0.4569435, "p": 69, "v": 74}], "pos": -2.0, "size": 0.799999952, "_time": 38.5664063, "shift": 0.0, "time": 38.5664063}, {"$id": 165, "type": 0, "sounds": [{"w": 0.0, "d": 0.390277863, "p": 72, "v": 84}], "pos": -1.5, "size": 0.799999952, "_time": 38.61328, "shift": 0.0, "time": 38.61328}, {"$id": 166, "type": 0, "sounds": [{"w": 0.0, "d": 0.341667175, "p": 79, "v": 100}], "pos": 1.88888776, "size": 0.799999952, "_time": 38.66797, "shift": 0.0, "time": 38.66797}, {"$id": 167, "type": 0, "sounds": [{"w": 0.0, "d": 0.5111084, "p": 60, "v": 93}], "pos": 0.0, "size": 1.0, "_time": 39.0, "shift": 0.0, "time": 39.0}, {"$id": 168, "type": 0, "sounds": [{"w": 0.0, "d": 0.172222137, "p": 65, "v": 79}, {"w": 0.0, "d": 0.1222229, "p": 69, "v": 100}], "pos": -0.277778149, "size": 1.0, "_time": 39.33203, "shift": 0.0, "time": 39.33203}, {"$id": 169, "type": 0, "sounds": [{"w": 0.0, "d": 0.1277771, "p": 75, "v": 101}], "pos": 1.44444489, "size": 1.0, "_time": 39.33203, "shift": 0.0, "time": 39.33203}, {"$id": 170, "type": 0, "sounds": [{"w": 0.0, "d": 0.6708374, "p": 53, "v": 94}], "pos": -1.83333349, "size": 0.9, "_time": 40.0, "shift": 0.0, "time": 40.0}, {"$id": 171, "type": 0, "sounds": [{"w": 0.0, "d": 0.4013939, "p": 79, "v": 108}], "pos": 1.66666651, "size": 0.9, "_time": 40.0, "shift": 0.0, "time": 40.0}, {"$id": 172, "type": 0, "sounds": [{"w": 0.0, "d": 0.3777809, "p": 60, "v": 87}], "pos": -0.8333335, "size": 1.0, "_time": 40.33203, "shift": 0.0, "time": 40.33203}, {"$id": 173, "type": 0, "sounds": [{"w": 0.0, "d": 0.0958328247, "p": 67, "v": 93}], "pos": 0.166666508, "size": 1.0, "_time": 40.66797, "shift": 0.0, "time": 40.66797}, {"$id": 174, "type": 0, "sounds": [{"w": 0.0, "d": 0.0875015259, "p": 68, "v": 86}], "pos": 1.05555558, "size": 1.2, "_time": 41.0, "shift": 0.0, "time": 41.0}, {"$id": 175, "type": 0, "sounds": [{"w": 0.0, "d": 0.81388855, "p": 55, "v": 80}], "pos": -1.33333349, "size": 0.9, "_time": 41.33203, "shift": 0.0, "time": 41.33203}, {"$id": 176, "type": 0, "sounds": [{"w": 0.0, "d": 0.3777771, "p": 77, "v": 105}], "pos": 1.91666675, "size": 1.30000007, "_time": 41.33203, "shift": 0.0, "time": 41.33203}, {"$id": 177, "type": 0, "sounds": [{"w": 0.0, "d": 0.5111084, "p": 63, "v": 81}], "pos": -0.666666031, "size": 1.0, "_time": 41.66797, "shift": 0.0, "time": 41.66797}, {"$id": 178, "type": 0, "sounds": [{"w": 0.0, "d": 0.179164886, "p": 75, "v": 95}], "pos": 0.166665792, "size": 1.1, "_time": 42.0, "shift": 0.0, "time": 42.0}, {"$id": 179, "type": 0, "sounds": [{"w": 0.0, "d": 0.166667938, "p": 70, "v": 90}], "pos": 1.0, "size": 1.2, "_time": 42.33203, "shift": 0.0, "time": 42.33203}, {"$id": 180, "type": 0, "sounds": [{"w": 0.0, "d": 0.8722229, "p": 44, "v": 75}], "pos": -2.0, "size": 1.30000007, "_time": 42.66797, "shift": 0.0, "time": 42.66797}, {"$id": 181, "type": 0, "sounds": [{"w": 0.0, "d": 0.3666649, "p": 75, "v": 75}], "pos": 2.0, "size": 1.30000007, "_time": 42.66797, "shift": 0.0, "time": 42.66797}, {"$id": 182, "type": 0, "sounds": [{"w": 0.0, "d": 0.5791702, "p": 51, "v": 64}], "pos": -0.6944449, "size": 0.799999952, "_time": 43.0, "shift": 0.0, "time": 43.0}, {"$id": 183, "type": 0, "sounds": [{"w": 0.0, "d": 0.195835114, "p": 63, "v": 74}], "pos": -0.736111164, "size": 0.799999952, "_time": 43.33203, "shift": 0.0, "time": 43.33203}, {"$id": 184, "type": 0, "sounds": [{"w": 0.0, "d": 0.193058014, "p": 74, "v": 74}], "pos": 1.111111, "size": 0.799999952, "_time": 43.33203, "shift": 0.0, "time": 43.33203}, {"$id": 185, "type": 0, "sounds": [{"w": 0.0, "d": 0.131942749, "p": 75, "v": 65}], "pos": 1.05555558, "size": 0.799999952, "_time": 43.66797, "shift": 0.0, "time": 43.66797}, {"$id": 186, "type": 0, "sounds": [{"w": 0.0, "d": 0.390281677, "p": 68, "v": 60}], "pos": -0.7777769, "size": 1.1, "_time": 43.890625, "shift": 0.0, "time": 43.890625}, {"$id": 187, "type": 0, "sounds": [{"w": 0.0, "d": 0.3388939, "p": 72, "v": 70}], "pos": -1.58333266, "size": 1.1, "_time": 43.9453125, "shift": 0.0, "time": 43.9453125}, {"$id": 188, "type": 0, "sounds": [{"w": 0.0, "d": 0.275005341, "p": 79, "v": 82}], "pos": -2.0, "size": 1.1, "_time": 44.0, "shift": 0.0, "time": 44.0}, {"$id": 189, "type": 0, "sounds": [{"w": 0.0, "d": 0.5375023, "p": 77, "v": 66}], "pos": 0.7500004, "size": 0.6, "_time": 44.5625, "shift": 0.0, "time": 44.5625}, {"$id": 190, "type": 0, "sounds": [{"w": 0.0, "d": 0.50138855, "p": 83, "v": 68}], "pos": 1.44444406, "size": 0.6, "_time": 44.60547, "shift": 0.0, "time": 44.60547}, {"$id": 191, "type": 0, "sounds": [{"w": 0.0, "d": 0.427780151, "p": 91, "v": 78}], "pos": 2.0, "size": 0.6, "_time": 44.66797, "shift": 0.0, "time": 44.66797}, {"$id": 192, "type": 0, "sounds": [{"w": 0.0, "d": 0.6597252, "p": 87, "v": 94}], "pos": 1.48611069, "size": 1.0, "_time": 45.33203, "shift": 0.0, "time": 45.33203}, {"$id": 193, "type": 0, "sounds": [{"w": 0.0, "d": 0.381946564, "p": 82, "v": 70}], "pos": 0.0, "size": 1.0, "_time": 45.33203, "shift": 0.0, "time": 45.33203}, {"$id": 194, "type": 0, "sounds": [{"w": 0.0, "d": 0.416664124, "p": 75, "v": 86}], "pos": -1.5, "size": 1.0, "_time": 45.83203, "shift": 0.0, "time": 45.83203}, {"$id": 195, "type": 0, "sounds": [{"w": 0.0, "d": 0.354164124, "p": 86, "v": 94}], "pos": 0.5, "size": 1.0, "_time": 45.83203, "shift": 0.0, "time": 45.83203}, {"$id": 196, "type": 0, "sounds": [{"w": 0.0, "d": 0.08472061, "p": 82, "v": 96}], "pos": 0.8611107, "size": 1.0, "_time": 46.16797, "shift": 0.0, "time": 46.16797}, {"$id": 197, "type": 0, "sounds": [{"w": 0.0, "d": 0.3500023, "p": 70, "v": 93}], "pos": -2.0, "size": 1.0, "_time": 46.5, "shift": 0.0, "time": 46.5}, {"$id": 198, "type": 0, "sounds": [{"w": 0.0, "d": 0.120834351, "p": 77, "v": 93}], "pos": 0.236110687, "size": 1.0, "_time": 46.5, "shift": 0.0, "time": 46.5}, {"$id": 199, "type": 0, "sounds": [{"w": 0.0, "d": 0.5625038, "p": 56, "v": 79}], "pos": 1.5, "size": 1.0, "_time": 46.83203, "shift": 0.0, "time": 46.83203}, {"$id": 200, "type": 0, "sounds": [{"w": 0.0, "d": 0.3666687, "p": 75, "v": 85}], "pos": -0.0138893127, "size": 1.0, "_time": 47.0, "shift": 0.0, "time": 47.0}, {"$id": 201, "type": 0, "sounds": [{"w": 0.0, "d": 0.236110687, "p": 70, "v": 83}], "pos": -1.5, "size": 1.0, "_time": 47.33203, "shift": 0.0, "time": 47.33203}, {"$id": 202, "type": 0, "sounds": [{"w": 0.0, "d": 0.174999237, "p": 72, "v": 90}], "pos": 1.36111164, "size": 1.0, "_time": 47.5, "shift": 0.0, "time": 47.5}, {"$id": 203, "type": 0, "sounds": [{"w": 0.0, "d": 0.379169464, "p": 77, "v": 88}], "pos": -0.125, "size": 1.0, "_time": 48.0, "shift": 0.0, "time": 48.0}, {"$id": 204, "type": 0, "sounds": [{"w": 0.0, "d": 0.133335114, "p": 58, "v": 68}], "pos": -2.0, "size": 1.0, "_time": 48.33203, "shift": 0.0, "time": 48.33203}, {"$id": 205, "type": 0, "sounds": [{"w": 0.0, "d": 0.245834351, "p": 79, "v": 97}], "pos": 0.125, "size": 1.0, "_time": 48.5, "shift": 0.0, "time": 48.5}, {"$id": 206, "type": 0, "sounds": [{"w": 0.0, "d": 0.07500076, "p": 58, "v": 82}], "pos": 1.0, "size": 1.0, "_time": 48.83203, "shift": 0.0, "time": 48.83203}, {"$id": 207, "type": 0, "sounds": [{"w": 0.0, "d": 0.07222366, "p": 75, "v": 92}], "pos": -1.48611116, "size": 1.0, "_time": 49.0, "shift": 0.0, "time": 49.0}, {"$id": 208, "type": 0, "sounds": [{"w": 0.0, "d": 0.561115265, "p": 63, "v": 86}], "pos": -1.333334, "size": 1.1, "_time": 49.33203, "shift": 0.0, "time": 49.33203}, {"$id": 209, "type": 0, "sounds": [{"w": 0.0, "d": 0.438892365, "p": 79, "v": 97}], "pos": 0.6527782, "size": 1.1, "_time": 49.33203, "shift": 0.0, "time": 49.33203}, {"$id": 210, "type": 0, "sounds": [{"w": 0.0, "d": 0.166667938, "p": 82, "v": 89}], "pos": 1.72222161, "size": 0.9, "_time": 49.66797, "shift": 0.0, "time": 49.66797}, {"$id": 211, "type": 0, "sounds": [{"w": 0.0, "d": 0.313892365, "p": 70, "v": 94}], "pos": -2.0, "size": 1.1, "_time": 50.0, "shift": 0.0, "time": 50.0}, {"$id": 212, "type": 0, "sounds": [{"w": 0.0, "d": 0.3208351, "p": 77, "v": 96}], "pos": -0.3194436, "size": 1.1, "_time": 50.0, "shift": 0.0, "time": 50.0}, {"$id": 213, "type": 0, "sounds": [{"w": 0.0, "d": 0.166667938, "p": 79, "v": 89}], "pos": -0.597222865, "size": 1.0, "_time": 50.33203, "shift": 0.0, "time": 50.33203}, {"$id": 214, "type": 0, "sounds": [{"w": 0.0, "d": 0.5486145, "p": 82, "v": 100}], "pos": 0.94444406, "size": 1.0, "_time": 50.5, "shift": 0.0, "time": 50.5}, {"$id": 215, "type": 0, "sounds": [{"w": 0.0, "d": 0.6597214, "p": 87, "v": 94}], "pos": 2.0, "size": 0.9, "_time": 50.66797, "shift": 0.0, "time": 50.66797}, {"$id": 216, "type": 0, "sounds": [{"w": 0.0, "d": 1.00971985, "p": 79, "v": 88}], "pos": -1.0, "size": 0.9, "_time": 50.66797, "shift": 0.0, "time": 50.66797}, {"$id": 217, "type": 0, "sounds": [{"w": 0.0, "d": 0.354164124, "p": 86, "v": 94}], "pos": 1.749999, "size": 0.9, "_time": 51.16797, "shift": 0.0, "time": 51.16797}, {"$id": 218, "type": 0, "sounds": [{"w": 0.0, "d": 0.08472061, "p": 82, "v": 96}], "pos": 1.249999, "size": 1.0, "_time": 51.5, "shift": 0.0, "time": 51.5}, {"$id": 219, "type": 0, "sounds": [{"w": 0.0, "d": 0.9125061, "p": 44, "v": 93}], "pos": -2.0, "size": 1.30000007, "_time": 51.83203, "shift": 0.0, "time": 51.83203}, {"$id": 220, "type": 0, "sounds": [{"w": 0.0, "d": 0.120834351, "p": 77, "v": 93}], "pos": 0.319442838, "size": 1.0, "_time": 51.83203, "shift": 0.0, "time": 51.83203}, {"$id": 221, "type": 0, "sounds": [{"w": 0.0, "d": 0.354167938, "p": 79, "v": 91}], "pos": 0.874999046, "size": 1.0, "_time": 51.890625, "shift": 0.0, "time": 51.890625}, {"$id": 222, "type": 0, "sounds": [{"w": 0.0, "d": 0.3666687, "p": 75, "v": 85}], "pos": -0.4861127, "size": 0.9, "_time": 52.33203, "shift": 0.0, "time": 52.33203}, {"$id": 223, "type": 0, "sounds": [{"w": 0.0, "d": 0.236110687, "p": 70, "v": 83}], "pos": -1.58333421, "size": 1.0, "_time": 52.66797, "shift": 0.0, "time": 52.66797}, {"$id": 224, "type": 0, "sounds": [{"w": 0.0, "d": 0.174999237, "p": 72, "v": 90}], "pos": -9.536743e-07, "size": 0.9, "_time": 52.83203, "shift": 0.0, "time": 52.83203}, {"$id": 225, "type": 0, "sounds": [{"w": 0.0, "d": 0.166667938, "p": 79, "v": 84}], "pos": 0.874999046, "size": 0.9, "_time": 53.0, "shift": 0.0, "time": 53.0}, {"$id": 226, "type": 0, "sounds": [{"w": 0.0, "d": 0.376392365, "p": 46, "v": 85}], "pos": -2.0, "size": 1.30000007, "_time": 53.33203, "shift": 0.0, "time": 53.33203}, {"$id": 227, "type": 0, "sounds": [{"w": 0.0, "d": 0.2847252, "p": 77, "v": 91}], "pos": 0.624999046, "size": 0.9, "_time": 53.33203, "shift": 0.0, "time": 53.33203}, {"$id": 228, "type": 0, "sounds": [{"w": 0.0, "d": 0.0986099243, "p": 79, "v": 84}], "pos": 1.0, "size": 0.9, "_time": 53.66797, "shift": 0.0, "time": 53.66797}, {"$id": 229, "type": 0, "sounds": [{"w": 0.0, "d": 0.144443512, "p": 77, "v": 92}], "pos": 0.624999046, "size": 0.9, "_time": 53.83203, "shift": 0.0, "time": 53.83203}, {"$id": 230, "type": 0, "sounds": [{"w": 0.0, "d": 0.0999984741, "p": 63, "v": 77}], "pos": -2.0, "size": 1.0, "_time": 54.0, "shift": 0.0, "time": 54.0}, {"$id": 231, "type": 0, "sounds": [{"w": 0.0, "d": 0.140277863, "p": 68, "v": 68}], "pos": -0.6111108, "size": 1.0, "_time": 54.16797, "shift": 0.0, "time": 54.16797}, {"$id": 232, "type": 0, "sounds": [{"w": 0.0, "d": 0.145832062, "p": 75, "v": 83}], "pos": 0.374999046, "size": 1.0, "_time": 54.33203, "shift": 0.0, "time": 54.33203}, {"$id": 233, "type": 0, "sounds": [{"w": 0.0, "d": 0.2500038, "p": 75, "v": 81}], "pos": -1.0, "size": 1.0, "_time": 54.66797, "shift": 0.0, "time": 54.66797}, {"$id": 234, "type": 0, "sounds": [{"w": 0.0, "d": 0.166667938, "p": 77, "v": 100}], "pos": -1.0, "size": 1.0, "_time": 55.0, "shift": 0.0, "time": 55.0}, {"$id": 235, "type": 0, "sounds": [{"w": 0.0, "d": 0.340278625, "p": 77, "v": 82}], "pos": 0.5000002, "size": 1.0, "_time": 55.33203, "shift": 0.0, "time": 55.33203}, {"$id": 236, "type": 0, "sounds": [{"w": 0.0, "d": 0.101383209, "p": 79, "v": 91}], "pos": -0.5, "size": 1.0, "_time": 55.66797, "shift": 0.0, "time": 55.66797}, {"$id": 237, "type": 0, "sounds": [{"w": 0.0, "d": 0.612506866, "p": 75, "v": 86}], "pos": 0.5000002, "size": 0.799999952, "_time": 55.88672, "shift": 0.0, "time": 55.88672}, {"$id": 238, "type": 0, "sounds": [{"w": 0.0, "d": 1.00972366, "p": 79, "v": 88}], "pos": 1.22222233, "size": 0.799999952, "_time": 55.9414063, "shift": 0.0, "time": 55.9414063}, {"$id": 239, "type": 0, "sounds": [{"w": 0.0, "d": 0.333335876, "p": 72, "v": 65}, {"w": 0.0, "d": 0.8958359, "p": 60, "v": 74}, {"w": 0.0, "d": 0.6597252, "p": 87, "v": 94}, {"w": 0.0, "d": 0.381946564, "p": 82, "v": 70}], "pos": 2.0, "size": 0.799999952, "_time": 56.0, "shift": 0.0, "time": 56.0}, {"$id": 240, "type": 0, "sounds": [{"w": 0.0, "d": 0.166667938, "p": 67, "v": 68}], "pos": -1.40277863, "size": 1.0, "_time": 56.16797, "shift": 0.0, "time": 56.16797}, {"$id": 241, "type": 0, "sounds": [{"w": 0.0, "d": 0.166667938, "p": 70, "v": 68}], "pos": -0.4166683, "size": 1.0, "_time": 56.33203, "shift": 0.0, "time": 56.33203}, {"$id": 242, "type": 0, "sounds": [{"w": 0.0, "d": 0.354164124, "p": 86, "v": 94}], "pos": 0.9722214, "size": 1.0, "_time": 56.5, "shift": 0.0, "time": 56.5}, {"$id": 243, "type": 0, "sounds": [{"w": 0.0, "d": 0.08472061, "p": 82, "v": 96}], "pos": 0.472221375, "size": 1.0, "_time": 56.83203, "shift": 0.0, "time": 56.83203}, {"$id": 244, "type": 0, "sounds": [{"w": 0.0, "d": 0.9125061, "p": 44, "v": 93}, {"w": 0.0, "d": 0.3500023, "p": 70, "v": 93}, {"w": 0.0, "d": 0.120834351, "p": 77, "v": 93}], "pos": -1.0, "size": 1.2, "_time": 57.16797, "shift": 0.0, "time": 57.16797}, {"$id": 245, "type": 0, "sounds": [{"w": 0.0, "d": 0.354167938, "p": 79, "v": 91}], "pos": 1.0416652, "size": 1.0, "_time": 57.2265625, "shift": 0.0, "time": 57.2265625}, {"$id": 246, "type": 0, "sounds": [{"w": 0.0, "d": 0.5625038, "p": 56, "v": 79}], "pos": -0.388889074, "size": 1.0, "_time": 57.5, "shift": 0.0, "time": 57.5}, {"$id": 247, "type": 0, "sounds": [{"w": 0.0, "d": 0.262500763, "p": 70, "v": 85}, {"w": 0.0, "d": 0.3666687, "p": 75, "v": 85}], "pos": 0.5833323, "size": 1.0, "_time": 57.66797, "shift": 0.0, "time": 57.66797}, {"$id": 248, "type": 0, "sounds": [{"w": 0.0, "d": 0.3319435, "p": 63, "v": 76}], "pos": 1.59722209, "size": 1.0, "_time": 58.0, "shift": 0.0, "time": 58.0}, {"$id": 249, "type": 0, "sounds": [{"w": 0.0, "d": 0.174999237, "p": 72, "v": 90}], "pos": -0.7499999, "size": 1.0, "_time": 58.16797, "shift": 0.0, "time": 58.16797}, {"$id": 250, "type": 0, "sounds": [{"w": 0.0, "d": 0.379169464, "p": 77, "v": 88}], "pos": 2.0, "size": 1.2, "_time": 58.66797, "shift": 0.0, "time": 58.66797}, {"$id": 251, "type": 0, "sounds": [{"w": 0.0, "d": 0.193058014, "p": 58, "v": 76}, {"w": 0.0, "d": 0.362503052, "p": 68, "v": 87}], "pos": -2.0, "size": 1.2, "_time": 58.66797, "shift": 0.0, "time": 58.66797}, {"$id": 252, "type": 0, "sounds": [{"w": 0.0, "d": 0.133335114, "p": 58, "v": 68}], "pos": -2.0, "size": 1.0, "_time": 59.0, "shift": 0.0, "time": 59.0}, {"$id": 253, "type": 0, "sounds": [{"w": 0.0, "d": 0.245834351, "p": 79, "v": 97}], "pos": 1.15277791, "size": 1.0, "_time": 59.16797, "shift": 0.0, "time": 59.16797}, {"$id": 254, "type": 0, "sounds": [{"w": 0.0, "d": 0.07500076, "p": 58, "v": 82}], "pos": 0.5, "size": 1.0, "_time": 59.5, "shift": 0.0, "time": 59.5}, {"$id": 255, "type": 0, "sounds": [{"w": 0.0, "d": 0.07222366, "p": 75, "v": 92}], "pos": -1.5, "size": 1.0, "_time": 59.66797, "shift": 0.0, "time": 59.66797}, {"$id": 256, "type": 0, "sounds": [{"w": 0.0, "d": 0.561115265, "p": 51, "v": 86}, {"w": 0.0, "d": 0.561115265, "p": 63, "v": 86}], "pos": -1.499999, "size": 1.2, "_time": 60.0, "shift": 0.0, "time": 60.0}, {"$id": 257, "type": 0, "sounds": [{"w": 0.0, "d": 0.438892365, "p": 79, "v": 97}], "pos": 0.0972213745, "size": 1.2, "_time": 60.0, "shift": 0.0, "time": 60.0}, {"$id": 258, "type": 0, "sounds": [{"w": 0.0, "d": 0.166667938, "p": 82, "v": 89}], "pos": 1.249999, "size": 1.0, "_time": 60.33203, "shift": 0.0, "time": 60.33203}, {"$id": 259, "type": 0, "sounds": [{"w": 0.0, "d": 0.3208351, "p": 77, "v": 96}], "pos": -0.347223282, "size": 1.2, "_time": 60.66797, "shift": 0.0, "time": 60.66797}, {"$id": 260, "type": 0, "sounds": [{"w": 0.0, "d": 0.3013916, "p": 62, "v": 84}, {"w": 0.0, "d": 0.3013916, "p": 50, "v": 84}, {"w": 0.0, "d": 0.313892365, "p": 70, "v": 94}], "pos": -2.0, "size": 1.2, "_time": 60.66797, "shift": 0.0, "time": 60.66797}, {"$id": 261, "type": 0, "sounds": [{"w": 0.0, "d": 0.166667938, "p": 79, "v": 89}], "pos": 1.11111164, "size": 1.0, "_time": 61.0, "shift": 0.0, "time": 61.0}, {"$id": 262, "type": 0, "sounds": [{"w": 0.0, "d": 0.5486145, "p": 82, "v": 100}], "pos": 0.472221375, "size": 0.9, "_time": 61.16797, "shift": 0.0, "time": 61.16797}, {"$id": 263, "type": 0, "sounds": [{"w": 0.0, "d": 0.612503052, "p": 75, "v": 86}], "pos": -1.48611128, "size": 0.9, "_time": 61.16797, "shift": 0.0, "time": 61.16797}, {"$id": 264, "type": 0, "sounds": [{"w": 0.0, "d": 1.00971985, "p": 79, "v": 88}, {"w": 0.0, "d": 0.6597214, "p": 87, "v": 94}], "pos": 0.0972213745, "size": 0.799999952, "_time": 61.33203, "shift": 0.0, "time": 61.33203}, {"$id": 265, "type": 0, "sounds": [{"w": 0.0, "d": 0.895832062, "p": 60, "v": 74}], "pos": -2.0, "size": 1.0, "_time": 61.33203, "shift": 0.0, "time": 61.33203}, {"$id": 266, "type": 0, "sounds": [{"w": 0.0, "d": 0.166667938, "p": 67, "v": 68}], "pos": -1.56944489, "size": 1.0, "_time": 61.5, "shift": 0.0, "time": 61.5}, {"$id": 267, "type": 0, "sounds": [{"w": 0.0, "d": 0.166664124, "p": 70, "v": 68}], "pos": -1.02777863, "size": 1.0, "_time": 61.66797, "shift": 0.0, "time": 61.66797}, {"$id": 268, "type": 0, "sounds": [{"w": 0.0, "d": 0.354164124, "p": 86, "v": 94}], "pos": 1.72222054, "size": 1.0, "_time": 61.83203, "shift": 0.0, "time": 61.83203}, {"$id": 269, "type": 0, "sounds": [{"w": 0.0, "d": 0.416664124, "p": 75, "v": 86}], "pos": -0.402778625, "size": 1.0, "_time": 61.83203, "shift": 0.0, "time": 61.83203}, {"$id": 270, "type": 0, "sounds": [{"w": 0.0, "d": 0.08472061, "p": 82, "v": 96}], "pos": 0.472221375, "size": 1.0, "_time": 62.16797, "shift": 0.0, "time": 62.16797}, {"$id": 271, "type": 0, "sounds": [{"w": 0.0, "d": 0.9125061, "p": 44, "v": 93}, {"w": 0.0, "d": 0.3500023, "p": 70, "v": 93}, {"w": 0.0, "d": 0.120834351, "p": 77, "v": 93}], "pos": -0.4166664, "size": 1.2, "_time": 62.5, "shift": 0.0, "time": 62.5}, {"$id": 272, "type": 0, "sounds": [{"w": 0.0, "d": 0.354167938, "p": 79, "v": 91}], "pos": 1.91666722, "size": 1.0, "_time": 62.5585938, "shift": 0.0, "time": 62.5585938}, {"$id": 273, "type": 0, "sounds": [{"w": 0.0, "d": 0.5625038, "p": 56, "v": 79}], "pos": -2.0, "size": 1.2, "_time": 62.83203, "shift": 0.0, "time": 62.83203}, {"$id": 274, "type": 0, "sounds": [{"w": 0.0, "d": 0.262500763, "p": 70, "v": 85}, {"w": 0.0, "d": 0.3666687, "p": 75, "v": 85}], "pos": -0.166667938, "size": 1.0, "_time": 63.0, "shift": 0.0, "time": 63.0}, {"$id": 275, "type": 0, "sounds": [{"w": 0.0, "d": 0.236110687, "p": 70, "v": 83}], "pos": -1.30555654, "size": 1.2, "_time": 63.33203, "shift": 0.0, "time": 63.33203}, {"$id": 276, "type": 0, "sounds": [{"w": 0.0, "d": 0.174999237, "p": 72, "v": 90}], "pos": -0.583335042, "size": 1.1, "_time": 63.5, "shift": 0.0, "time": 63.5}, {"$id": 277, "type": 0, "sounds": [{"w": 0.0, "d": 0.166667938, "p": 79, "v": 84}], "pos": 0.374999166, "size": 1.0, "_time": 63.66797, "shift": 0.0, "time": 63.66797}, {"$id": 278, "type": 0, "sounds": [{"w": 0.0, "d": 0.166664124, "p": 82, "v": 64}], "pos": 1.11111009, "size": 0.9, "_time": 63.83203, "shift": 0.0, "time": 63.83203}, {"$id": 279, "type": 0, "sounds": [{"w": 0.0, "d": 0.37638092, "p": 58, "v": 85}, {"w": 0.0, "d": 0.273605347, "p": 80, "v": 91}], "pos": -2.0, "size": 1.0, "_time": 64.0, "shift": 0.0, "time": 64.0}, {"$id": 280, "type": 0, "sounds": [{"w": 0.0, "d": 0.284713745, "p": 89, "v": 91}], "pos": 1.763888, "size": 0.799999952, "_time": 64.0, "shift": 0.0, "time": 64.0}, {"$id": 281, "type": 0, "sounds": [{"w": 0.0, "d": 0.105552673, "p": 65, "v": 74}, {"w": 0.0, "d": 0.0819397, "p": 82, "v": 84}, {"w": 0.0, "d": 0.0986099243, "p": 91, "v": 84}], "pos": 2.0, "size": 1.0, "_time": 64.33203, "shift": 0.0, "time": 64.33203}, {"$id": 282, "type": 0, "sounds": [{"w": 0.0, "d": 0.144447327, "p": 89, "v": 92}], "pos": 1.34722137, "size": 0.9, "_time": 64.5, "shift": 0.0, "time": 64.5}, {"$id": 283, "type": 0, "sounds": [{"w": 0.0, "d": 0.141670227, "p": 80, "v": 92}], "pos": -1.33333492, "size": 0.9, "_time": 64.5, "shift": 0.0, "time": 64.5}, {"$id": 284, "type": 0, "sounds": [{"w": 0.0, "d": 0.0999984741, "p": 75, "v": 77}], "pos": -0.402778625, "size": 0.9, "_time": 64.66797, "shift": 0.0, "time": 64.66797}, {"$id": 285, "type": 0, "sounds": [{"w": 0.0, "d": 0.140274048, "p": 80, "v": 68}], "pos": 0.222221375, "size": 0.9, "_time": 64.83203, "shift": 0.0, "time": 64.83203}, {"$id": 286, "type": 0, "sounds": [{"w": 0.0, "d": 0.145835876, "p": 87, "v": 83}], "pos": 1.09722137, "size": 0.799999952, "_time": 65.0, "shift": 0.0, "time": 65.0}, {"$id": 287, "type": 0, "sounds": [{"w": 0.0, "d": 0.238883972, "p": 63, "v": 75}], "pos": 0.0, "size": 0.799999952, "_time": 65.33203, "shift": 0.0, "time": 65.33203}, {"$id": 288, "type": 0, "sounds": [{"w": 0.0, "d": 0.249992371, "p": 75, "v": 73}, {"w": 0.0, "d": 0.258323669, "p": 79, "v": 81}, {"w": 0.0, "d": 0.249992371, "p": 87, "v": 81}], "pos": 2.0, "size": 0.799999952, "_time": 65.33203, "shift": 0.0, "time": 65.33203}, {"$id": 289, "type": 0, "sounds": [{"w": 0.0, "d": 0.166664124, "p": 70, "v": 88}], "pos": 1.5, "size": 1.0, "_time": 65.66797, "shift": 0.0, "time": 65.66797}, {"$id": 290, "type": 0, "sounds": [{"w": 0.0, "d": 0.395828247, "p": 59, "v": 82}, {"w": 0.0, "d": 0.241661072, "p": 65, "v": 86}], "pos": 1.0, "size": 1.0, "_time": 66.0, "shift": 0.0, "time": 66.0}, {"$id": 291, "type": 0, "sounds": [{"w": 0.0, "d": 0.312492371, "p": 43, "v": 80}, {"w": 0.0, "d": 0.365272522, "p": 53, "v": 56}], "pos": -1.0, "size": 1.0, "_time": 66.0, "shift": 0.0, "time": 66.0}, {"$id": 292, "type": 0, "sounds": [{"w": 0.0, "d": 0.0708313, "p": 67, "v": 94}], "pos": 0.0, "size": 1.0, "_time": 66.33203, "shift": 0.0, "time": 66.33203}, {"$id": 293, "type": 0, "sounds": [{"w": 0.0, "d": 0.395828247, "p": 44, "v": 91}], "pos": -2.0, "size": 1.4000001, "_time": 66.66797, "shift": 0.0, "time": 66.66797}, {"$id": 294, "type": 0, "sounds": [{"w": 0.0, "d": 0.283332825, "p": 60, "v": 91}, {"w": 0.0, "d": 0.236106873, "p": 58, "v": 91}, {"w": 0.0, "d": 0.293052673, "p": 65, "v": 91}, {"w": 0.0, "d": 0.283332825, "p": 63, "v": 91}], "pos": 2.0, "size": 1.4000001, "_time": 66.66797, "shift": 0.0, "time": 66.66797}, {"$id": 295, "type": 0, "sounds": [{"w": 0.0, "d": 0.141670227, "p": 58, "v": 56}], "pos": 0.5833328, "size": 1.0, "_time": 67.0, "shift": 0.0, "time": 67.0}, {"$id": 296, "type": 0, "sounds": [{"w": 0.0, "d": 0.281944275, "p": 44, "v": 79}], "pos": -0.611110151, "size": 1.0, "_time": 67.16797, "shift": 0.0, "time": 67.16797}, {"$id": 297, "type": 0, "sounds": [{"w": 0.0, "d": 0.158332825, "p": 58, "v": 94}, {"w": 0.0, "d": 0.145835876, "p": 63, "v": 94}], "pos": 0.5277779, "size": 1.0, "_time": 67.33203, "shift": 0.0, "time": 67.33203}, {"$id": 298, "type": 0, "sounds": [{"w": 0.0, "d": 0.140274048, "p": 65, "v": 83}], "pos": 1.79166412, "size": 1.0, "_time": 67.5, "shift": 0.0, "time": 67.5}, {"$id": 299, "type": 0, "sounds": [{"w": 0.0, "d": 0.166664124, "p": 56, "v": 84}], "pos": -0.4722222, "size": 1.0, "_time": 67.66797, "shift": 0.0, "time": 67.66797}, {"$id": 300, "type": 0, "sounds": [{"w": 0.0, "d": 0.2638855, "p": 59, "v": 97}, {"w": 0.0, "d": 0.25138855, "p": 67, "v": 97}], "pos": 1.81944489, "size": 1.2, "_time": 68.0, "shift": 0.0, "time": 68.0}, {"$id": 301, "type": 0, "sounds": [{"w": 0.0, "d": 0.362495422, "p": 43, "v": 97}, {"w": 0.0, "d": 0.191665649, "p": 55, "v": 97}], "pos": -0.361110568, "size": 1.2, "_time": 68.0, "shift": 0.0, "time": 68.0}, {"$id": 302, "type": 0, "sounds": [{"w": 0.0, "d": 0.12638855, "p": 55, "v": 71}], "pos": -1.5, "size": 1.0, "_time": 68.33203, "shift": 0.0, "time": 68.33203}, {"$id": 303, "type": 0, "sounds": [{"w": 0.0, "d": 0.216667175, "p": 43, "v": 79}], "pos": -1.5, "size": 1.0, "_time": 68.5, "shift": 0.0, "time": 68.5}, {"$id": 304, "type": 0, "sounds": [{"w": 0.0, "d": 0.08333588, "p": 59, "v": 95}, {"w": 0.0, "d": 0.137504578, "p": 65, "v": 95}], "pos": 1.51388884, "size": 1.0, "_time": 68.66797, "shift": 0.0, "time": 68.66797}, {"$id": 305, "type": 0, "sounds": [{"w": 0.0, "d": 0.05000305, "p": 59, "v": 82}, {"w": 0.0, "d": 0.0625, "p": 67, "v": 82}], "pos": 0.6111109, "size": 1.0, "_time": 69.0, "shift": 0.0, "time": 69.0}, {"$id": 306, "type": 0, "sounds": [{"w": 0.0, "d": 0.9985962, "p": 48, "v": 94}], "pos": 0.138887763, "size": 1.2, "_time": 69.33203, "shift": 0.0, "time": 69.33203}, {"$id": 307, "type": 0, "sounds": [{"w": 0.0, "d": 0.226387024, "p": 65, "v": 94}, {"w": 0.0, "d": 0.3263855, "p": 60, "v": 94}, {"w": 0.0, "d": 0.236106873, "p": 74, "v": 94}, {"w": 0.0, "d": 0.237495422, "p": 70, "v": 94}], "pos": 2.0, "size": 1.2, "_time": 69.33203, "shift": 0.0, "time": 69.33203}, {"$id": 308, "type": 0, "sounds": [{"w": 0.0, "d": 0.0944442749, "p": 65, "v": 96}, {"w": 0.0, "d": 0.0972213745, "p": 70, "v": 96}, {"w": 0.0, "d": 0.1361084, "p": 75, "v": 96}], "pos": 1.12499928, "size": 1.2, "_time": 69.66797, "shift": 0.0, "time": 69.66797}, {"$id": 309, "type": 0, "sounds": [{"w": 0.0, "d": 0.526382446, "p": 60, "v": 79}], "pos": -0.8888887, "size": 1.2, "_time": 69.83203, "shift": 0.0, "time": 69.83203}, {"$id": 310, "type": 0, "sounds": [{"w": 0.0, "d": 0.265274048, "p": 65, "v": 91}, {"w": 0.0, "d": 0.293052673, "p": 74, "v": 91}], "pos": 0.180555344, "size": 1.2, "_time": 70.0, "shift": 0.0, "time": 70.0}, {"$id": 311, "type": 0, "sounds": [{"w": 0.0, "d": 0.140281677, "p": 70, "v": 87}], "pos": -0.8611114, "size": 1.2, "_time": 70.33203, "shift": 0.0, "time": 70.33203}, {"$id": 312, "type": 0, "sounds": [{"w": 0.0, "d": 0.937484741, "p": 39, "v": 97}, {"w": 0.0, "d": 0.284713745, "p": 51, "v": 97}], "pos": -2.0, "size": 1.2, "_time": 70.66797, "shift": 0.0, "time": 70.66797}, {"$id": 313, "type": 0, "sounds": [{"w": 0.0, "d": 0.25693512, "p": 65, "v": 97}, {"w": 0.0, "d": 0.2124939, "p": 61, "v": 97}, {"w": 0.0, "d": 0.349990845, "p": 72, "v": 97}, {"w": 0.0, "d": 0.2916565, "p": 67, "v": 97}], "pos": 0.0138880387, "size": 1.2, "_time": 70.66797, "shift": 0.0, "time": 70.66797}, {"$id": 314, "type": 0, "sounds": [{"w": 0.0, "d": 0.130561829, "p": 61, "v": 78}], "pos": 0.5, "size": 1.0, "_time": 71.0, "shift": 0.0, "time": 71.0}, {"$id": 315, "type": 0, "sounds": [{"w": 0.0, "d": 0.223609924, "p": 61, "v": 90}, {"w": 0.0, "d": 0.222221375, "p": 65, "v": 90}, {"w": 0.0, "d": 0.212501526, "p": 68, "v": 90}], "pos": 0.5, "size": 1.0, "_time": 71.33203, "shift": 0.0, "time": 71.33203}, {"$id": 316, "type": 0, "sounds": [{"w": 0.0, "d": 0.08194733, "p": 70, "v": 88}], "pos": 0.5, "size": 1.0, "_time": 71.66797, "shift": 0.0, "time": 71.66797}, {"$id": 317, "type": 0, "sounds": [{"w": 0.0, "d": 0.5999832, "p": 41, "v": 102}], "pos": -1.0, "size": 1.2, "_time": 72.0, "shift": 0.0, "time": 72.0}, {"$id": 318, "type": 0, "sounds": [{"w": 0.0, "d": 0.3458252, "p": 56, "v": 101}, {"w": 0.0, "d": 0.3597107, "p": 60, "v": 105}, {"w": 0.0, "d": 0.327774048, "p": 67, "v": 108}], "pos": 2.0, "size": 1.2, "_time": 72.0, "shift": 0.0, "time": 72.0}, {"$id": 319, "type": 0, "sounds": [{"w": 0.0, "d": 0.287490845, "p": 48, "v": 101}], "pos": -1.94444466, "size": 1.1, "_time": 72.33203, "shift": 0.0, "time": 72.33203}, {"$id": 320, "type": 0, "sounds": [{"w": 0.0, "d": 0.166664124, "p": 55, "v": 80}], "pos": 0.0138890743, "size": 1.0, "_time": 72.5, "shift": 0.0, "time": 72.5}, {"$id": 321, "type": 0, "sounds": [{"w": 0.0, "d": 0.140274048, "p": 67, "v": 108}, {"w": 0.0, "d": 0.215278625, "p": 75, "v": 95}], "pos": -1.11111069, "size": 1.0, "_time": 72.66797, "shift": 0.0, "time": 72.66797}, {"$id": 322, "type": 0, "sounds": [{"w": 0.0, "d": 0.156944275, "p": 68, "v": 102}], "pos": 0.0833328962, "size": 1.0, "_time": 72.83203, "shift": 0.0, "time": 72.83203}, {"$id": 323, "type": 0, "sounds": [{"w": 0.0, "d": 0.0875015259, "p": 75, "v": 109}], "pos": 0.902777, "size": 1.0, "_time": 73.0, "shift": 0.0, "time": 73.0}, {"$id": 324, "type": 0, "sounds": [{"w": 0.0, "d": 0.31665802, "p": 71, "v": 88}], "pos": 1.04166687, "size": 0.799999952, "_time": 73.26172, "shift": 0.0, "time": 73.26172}, {"$id": 325, "type": 0, "sounds": [{"w": 0.0, "d": 0.2694397, "p": 75, "v": 94}], "pos": 1.81944466, "size": 0.799999952, "_time": 73.30078, "shift": 0.0, "time": 73.30078}, {"$id": 326, "type": 0, "sounds": [{"w": 0.0, "d": 0.4208374, "p": 62, "v": 90}, {"w": 0.0, "d": 0.101387024, "p": 71, "v": 76}, {"w": 0.0, "d": 0.1222229, "p": 79, "v": 87}], "pos": 1.30555594, "size": 1.1, "_time": 73.66797, "shift": 0.0, "time": 73.66797}, {"$id": 327, "type": 0, "sounds": [{"w": 0.0, "d": 0.1708374, "p": 71, "v": 102}, {"w": 0.0, "d": 0.206947327, "p": 79, "v": 110}], "pos": 0.597221851, "size": 0.9, "_time": 74.0, "shift": 0.0, "time": 74.0}, {"$id": 328, "type": 0, "sounds": [{"w": 0.0, "d": 0.0930557251, "p": 77, "v": 100}], "pos": 0.0138885975, "size": 0.799999952, "_time": 74.33203, "shift": 0.0, "time": 74.33203}, {"$id": 329, "type": 0, "sounds": [{"w": 0.0, "d": 0.6458206, "p": 60, "v": 93}], "pos": -0.444444656, "size": 1.2, "_time": 74.66797, "shift": 0.0, "time": 74.66797}, {"$id": 330, "type": 0, "sounds": [{"w": 0.0, "d": 0.277771, "p": 74, "v": 93}, {"w": 0.0, "d": 0.199996948, "p": 70, "v": 93}, {"w": 0.0, "d": 0.2916565, "p": 79, "v": 93}, {"w": 0.0, "d": 0.293045044, "p": 75, "v": 93}], "pos": 2.0, "size": 1.2, "_time": 74.66797, "shift": 0.0, "time": 74.66797}, {"$id": 331, "type": 0, "sounds": [{"w": 0.0, "d": 0.0930557251, "p": 70, "v": 78}], "pos": 1.5, "size": 0.9, "_time": 75.0, "shift": 0.0, "time": 75.0}, {"$id": 332, "type": 0, "sounds": [{"w": 0.0, "d": 0.372215271, "p": 59, "v": 88}], "pos": -0.569444656, "size": 0.9, "_time": 75.33203, "shift": 0.0, "time": 75.33203}, {"$id": 333, "type": 0, "sounds": [{"w": 0.0, "d": 0.194442749, "p": 69, "v": 88}, {"w": 0.0, "d": 0.2694397, "p": 74, "v": 88}, {"w": 0.0, "d": 0.276382446, "p": 79, "v": 88}], "pos": 0.680555344, "size": 0.9, "_time": 75.33203, "shift": 0.0, "time": 75.33203}, {"$id": 334, "type": 0, "sounds": [{"w": 0.0, "d": 0.345832825, "p": 58, "v": 83}], "pos": -2.0, "size": 0.799999952, "_time": 76.0, "shift": 0.0, "time": 76.0}, {"$id": 335, "type": 0, "sounds": [{"w": 0.0, "d": 0.347221375, "p": 68, "v": 83}, {"w": 0.0, "d": 0.2611084, "p": 73, "v": 83}, {"w": 0.0, "d": 0.31388855, "p": 79, "v": 83}], "pos": 0.555555344, "size": 0.799999952, "_time": 76.0, "shift": 0.0, "time": 76.0}, {"$id": 336, "type": 0, "sounds": [{"w": 0.0, "d": 0.305549622, "p": 67, "v": 79}, {"w": 0.0, "d": 0.301383972, "p": 73, "v": 79}, {"w": 0.0, "d": 0.288887024, "p": 75, "v": 79}], "pos": -0.5, "size": 0.700000048, "_time": 76.66797, "shift": 0.0, "time": 76.66797}, {"$id": 337, "type": 0, "sounds": [{"w": 0.0, "d": 0.284721375, "p": 57, "v": 79}], "pos": -2.0, "size": 0.700000048, "_time": 76.66797, "shift": 0.0, "time": 76.66797}, {"$id": 338, "type": 0, "sounds": [{"w": 0.0, "d": 0.331947327, "p": 44, "v": 92}], "pos": -2.0, "size": 1.0, "_time": 77.33203, "shift": 0.0, "time": 77.33203}, {"$id": 339, "type": 0, "sounds": [{"w": 0.0, "d": 0.208328247, "p": 51, "v": 63}], "pos": 0.09722209, "size": 1.0, "_time": 77.5, "shift": 0.0, "time": 77.5}, {"$id": 340, "type": 0, "sounds": [{"w": 0.0, "d": 0.4680481, "p": 58, "v": 88}], "pos": -0.694444656, "size": 1.0, "_time": 77.66797, "shift": 0.0, "time": 77.66797}, {"$id": 341, "type": 0, "sounds": [{"w": 0.0, "d": 0.302772522, "p": 72, "v": 92}, {"w": 0.0, "d": 0.290275574, "p": 79, "v": 93}], "pos": 1.05555534, "size": 1.0, "_time": 77.83203, "shift": 0.0, "time": 77.83203}, {"$id": 342, "type": 0, "sounds": [{"w": 0.0, "d": 0.0916671753, "p": 70, "v": 100}, {"w": 0.0, "d": 0.0972213745, "p": 75, "v": 89}], "pos": 0.805555344, "size": 1.0, "_time": 78.33203, "shift": 0.0, "time": 78.33203}, {"$id": 343, "type": 0, "sounds": [{"w": 0.0, "d": 0.230552673, "p": 55, "v": 68}, {"w": 0.0, "d": 0.222221375, "p": 59, "v": 85}, {"w": 0.0, "d": 0.227775574, "p": 67, "v": 85}], "pos": -0.4583333, "size": 1.0, "_time": 78.66797, "shift": 0.0, "time": 78.66797}, {"$id": 344, "type": 0, "sounds": [{"w": 0.0, "d": 0.2583313, "p": 43, "v": 76}], "pos": -2.0, "size": 1.0, "_time": 78.66797, "shift": 0.0, "time": 78.66797}, {"$id": 345, "type": 0, "sounds": [{"w": 0.0, "d": 0.166671753, "p": 50, "v": 85}], "pos": -2.0, "size": 1.1, "_time": 79.0, "shift": 0.0, "time": 79.0}, {"$id": 346, "type": 0, "sounds": [{"w": 0.0, "d": 0.08055878, "p": 62, "v": 95}, {"w": 0.0, "d": 0.1166687, "p": 71, "v": 97}], "pos": 0.2777778, "size": 1.1, "_time": 79.0, "shift": 0.0, "time": 79.0}, {"$id": 347, "type": 0, "sounds": [{"w": 0.0, "d": 0.166664124, "p": 59, "v": 90}], "pos": -2.0, "size": 1.2, "_time": 79.33203, "shift": 0.0, "time": 79.33203}, {"$id": 348, "type": 0, "sounds": [{"w": 0.0, "d": 0.0930557251, "p": 72, "v": 89}, {"w": 0.0, "d": 0.07221985, "p": 63, "v": 84}], "pos": 0.9027782, "size": 1.2, "_time": 79.33203, "shift": 0.0, "time": 79.33203}, {"$id": 349, "type": 0, "sounds": [{"w": 0.0, "d": 0.05555725, "p": 65, "v": 103}], "pos": -2.0, "size": 1.30000007, "_time": 79.66797, "shift": 0.0, "time": 79.66797}, {"$id": 350, "type": 0, "sounds": [{"w": 0.0, "d": 0.0513916, "p": 74, "v": 97}], "pos": 1.47222161, "size": 1.30000007, "_time": 79.66797, "shift": 0.0, "time": 79.66797}, {"$id": 351, "type": 0, "sounds": [{"w": 0.0, "d": 0.904159546, "p": 48, "v": 95}], "pos": 0.1666671, "size": 1.4000001, "_time": 80.0, "shift": 0.0, "time": 80.0}, {"$id": 352, "type": 0, "sounds": [{"w": 0.0, "d": 0.3916626, "p": 67, "v": 95}, {"w": 0.0, "d": 0.395828247, "p": 70, "v": 95}, {"w": 0.0, "d": 0.390274048, "p": 77, "v": 95}], "pos": 2.0, "size": 1.4000001, "_time": 80.0, "shift": 0.0, "time": 80.0}, {"$id": 353, "type": 0, "sounds": [{"w": 0.0, "d": 0.6069412, "p": 55, "v": 82}], "pos": -1.0, "size": 1.0, "_time": 80.33203, "shift": 0.0, "time": 80.33203}, {"$id": 354, "type": 0, "sounds": [{"w": 0.0, "d": 0.227775574, "p": 67, "v": 94}, {"w": 0.0, "d": 0.238883972, "p": 70, "v": 94}, {"w": 0.0, "d": 0.25415802, "p": 75, "v": 94}], "pos": -2.0, "size": 1.0, "_time": 80.66797, "shift": 0.0, "time": 80.66797}, {"$id": 355, "type": 0, "sounds": [{"w": 0.0, "d": 0.0680542, "p": 82, "v": 106}], "pos": -1.19444537, "size": 0.9, "_time": 81.0, "shift": 0.0, "time": 81.0}, {"$id": 356, "type": 0, "sounds": [{"w": 0.0, "d": 0.4541626, "p": 75, "v": 79}], "pos": 0.5138879, "size": 0.6999999, "_time": 81.24219, "shift": 0.0, "time": 81.24219}, {"$id": 357, "type": 0, "sounds": [{"w": 0.0, "d": 0.413887024, "p": 81, "v": 93}], "pos": 1.26388788, "size": 0.6999999, "_time": 81.28516, "shift": 0.0, "time": 81.28516}, {"$id": 358, "type": 0, "sounds": [{"w": 0.0, "d": 0.3291626, "p": 86, "v": 106}], "pos": 1.88888788, "size": 0.6999999, "_time": 81.33203, "shift": 0.0, "time": 81.33203}, {"$id": 359, "type": 0, "sounds": [{"w": 0.0, "d": 0.166664124, "p": 60, "v": 82}], "pos": -2.0, "size": 0.9, "_time": 81.66797, "shift": 0.0, "time": 81.66797}, {"$id": 360, "type": 0, "sounds": [{"w": 0.0, "d": 0.216659546, "p": 63, "v": 74}], "pos": 0.0, "size": 0.799999952, "_time": 82.0, "shift": 0.0, "time": 82.0}, {"$id": 361, "type": 0, "sounds": [{"w": 0.0, "d": 0.179161072, "p": 75, "v": 76}, {"w": 0.0, "d": 0.166664124, "p": 69, "v": 77}, {"w": 0.0, "d": 0.2041626, "p": 84, "v": 98}, {"w": 0.0, "d": 0.176383972, "p": 81, "v": 52}], "pos": 1.5, "size": 0.799999952, "_time": 82.0, "shift": 0.0, "time": 82.0}, {"$id": 362, "type": 0, "sounds": [{"w": 0.0, "d": 0.5402603, "p": 70, "v": 76}], "pos": -0.111112118, "size": 0.6999999, "_time": 82.58203, "shift": 0.0, "time": 82.58203}, {"$id": 363, "type": 0, "sounds": [{"w": 0.0, "d": 0.4874878, "p": 75, "v": 89}], "pos": -0.6805564, "size": 0.6999999, "_time": 82.625, "shift": 0.0, "time": 82.625}, {"$id": 364, "type": 0, "sounds": [{"w": 0.0, "d": 0.401382446, "p": 82, "v": 102}], "pos": -1.33333421, "size": 0.6999999, "_time": 82.66797, "shift": 0.0, "time": 82.66797}, {"$id": 365, "type": 0, "sounds": [{"w": 0.0, "d": 0.466659546, "p": 58, "v": 84}], "pos": -1.61111212, "size": 1.0, "_time": 83.0, "shift": 0.0, "time": 83.0}, {"$id": 366, "type": 0, "sounds": [{"w": 0.0, "d": 0.243057251, "p": 79, "v": 104}], "pos": 1.01388788, "size": 1.0, "_time": 83.33203, "shift": 0.0, "time": 83.33203}, {"$id": 367, "type": 0, "sounds": [{"w": 0.0, "d": 0.0625, "p": 75, "v": 90}], "pos": -0.8750011, "size": 1.0, "_time": 83.66797, "shift": 0.0, "time": 83.66797}, {"$id": 368, "type": 0, "sounds": [{"w": 0.0, "d": 0.416671753, "p": 80, "v": 91}], "pos": 1.69444346, "size": 1.0, "_time": 84.0, "shift": 0.0, "time": 84.0}, {"$id": 369, "type": 0, "sounds": [{"w": 0.0, "d": 0.240280151, "p": 79, "v": 84}], "pos": 0.180554509, "size": 0.9, "_time": 84.33203, "shift": 0.0, "time": 84.33203}, {"$id": 370, "type": 0, "sounds": [{"w": 0.0, "d": 0.0472259521, "p": 75, "v": 92}], "pos": 1.041666, "size": 0.799999952, "_time": 84.66797, "shift": 0.0, "time": 84.66797}, {"$id": 371, "type": 0, "sounds": [{"w": 0.0, "d": 0.202774048, "p": 75, "v": 80}], "pos": 0.5138879, "size": 0.799999952, "_time": 85.0, "shift": 0.0, "time": 85.0}, {"$id": 372, "type": 0, "sounds": [{"w": 0.0, "d": 0.238883972, "p": 72, "v": 79}], "pos": -1.13888955, "size": 0.799999952, "_time": 85.0625, "shift": 0.0, "time": 85.0625}, {"$id": 373, "type": 0, "sounds": [{"w": 0.0, "d": 0.362510681, "p": 58, "v": 87}], "pos": -2.0, "size": 1.0, "_time": 85.33203, "shift": 0.0, "time": 85.33203}, {"$id": 374, "type": 0, "sounds": [{"w": 0.0, "d": 0.2986145, "p": 70, "v": 89}, {"w": 0.0, "d": 0.25, "p": 68, "v": 85}, {"w": 0.0, "d": 0.2986145, "p": 75, "v": 87}, {"w": 0.0, "d": 0.316673279, "p": 72, "v": 85}], "pos": -0.111112118, "size": 1.0, "_time": 85.33203, "shift": 0.0, "time": 85.33203}, {"$id": 375, "type": 0, "sounds": [{"w": 0.0, "d": 0.05833435, "p": 68, "v": 78}], "pos": 0.5, "size": 1.0, "_time": 85.66797, "shift": 0.0, "time": 85.66797}, {"$id": 376, "type": 0, "sounds": [{"w": 0.0, "d": 0.324989319, "p": 65, "v": 82}], "pos": -1.40277815, "size": 0.6999999, "_time": 85.91797, "shift": 0.0, "time": 85.91797}, {"$id": 377, "type": 0, "sounds": [{"w": 0.0, "d": 0.37638092, "p": 72, "v": 89}], "pos": -0.527778149, "size": 0.6999999, "_time": 85.95703, "shift": 0.0, "time": 85.95703}, {"$id": 378, "type": 0, "sounds": [{"w": 0.0, "d": 0.227775574, "p": 77, "v": 100}], "pos": 0.09722185, "size": 0.6999999, "_time": 86.0, "shift": 0.0, "time": 86.0}, {"$id": 379, "type": 0, "sounds": [{"w": 0.0, "d": 0.166671753, "p": 82, "v": 105}], "pos": 1.38888788, "size": 0.799999952, "_time": 86.33203, "shift": 0.0, "time": 86.33203}, {"$id": 380, "type": 0, "sounds": [{"w": 0.0, "d": 0.290275574, "p": 55, "v": 91}], "pos": 0.0, "size": 1.2, "_time": 86.66797, "shift": 0.0, "time": 86.66797}, {"$id": 381, "type": 0, "sounds": [{"w": 0.0, "d": 0.297218323, "p": 70, "v": 93}, {"w": 0.0, "d": 0.306938171, "p": 65, "v": 90}, {"w": 0.0, "d": 0.333328247, "p": 77, "v": 100}, {"w": 0.0, "d": 0.306938171, "p": 74, "v": 94}], "pos": -2.0, "size": 1.2, "_time": 86.66797, "shift": 0.0, "time": 86.66797}, {"$id": 382, "type": 0, "sounds": [{"w": 0.0, "d": 0.205551147, "p": 82, "v": 89}], "pos": -1.2500006, "size": 1.0, "_time": 87.0, "shift": 0.0, "time": 87.0}, {"$id": 383, "type": 0, "sounds": [{"w": 0.0, "d": 0.226387024, "p": 84, "v": 92}], "pos": -0.416667044, "size": 1.0, "_time": 87.33203, "shift": 0.0, "time": 87.33203}, {"$id": 384, "type": 0, "sounds": [{"w": 0.0, "d": 0.0763855, "p": 86, "v": 97}], "pos": 0.527777851, "size": 1.0, "_time": 87.66797, "shift": 0.0, "time": 87.66797}, {"$id": 385, "type": 0, "pos": 1.27777791, "size": 1.2, "_time": 88.0, "shift": 0.0, "time": 88.0}, {"$id": 386, "type": 0, "pos": 1.74999976, "size": 1.2, "_time": 88.05469, "shift": 0.0, "time": 88.05469}, {"$id": 387, "type": 0, "sounds": [{"w": 0.0, "d": 0.166664124, "p": 67, "v": 68}], "pos": -1.5, "size": 1.2, "_time": 88.16797, "shift": 0.0, "time": 88.16797}, {"$id": 388, "type": 0, "pos": 1.5, "size": 1.2, "_time": 88.66797, "shift": 0.0, "time": 88.66797}, {"$id": 389, "type": 0, "sounds": [{"w": 0.0, "d": 0.0847244263, "p": 82, "v": 96}], "pos": -2.0, "size": 1.2, "_time": 88.83203, "shift": 0.0, "time": 88.83203}, {"$id": 390, "type": 0, "pos": 1.5, "size": 1.2, "_time": 89.16797, "shift": 0.0, "time": 89.16797}, {"$id": 391, "type": 0, "pos": -0.5, "size": 1.2, "_time": 89.16797, "shift": 0.0, "time": 89.16797}, {"$id": 392, "type": 0, "pos": 0.5, "size": 1.2, "_time": 89.5, "shift": 0.0, "time": 89.5}, {"$id": 393, "type": 0, "pos": -1.5, "size": 1.2, "_time": 89.66797, "shift": 0.0, "time": 89.66797}, {"$id": 394, "type": 0, "pos": -0.111111641, "size": 1.2, "_time": 89.83203, "shift": 0.0, "time": 89.83203}, {"$id": 395, "type": 0, "pos": -1.5, "size": 1.2, "_time": 90.0, "shift": 0.0, "time": 90.0}, {"$id": 396, "type": 0, "pos": 1.5, "size": 1.2, "_time": 90.33203, "shift": 0.0, "time": 90.33203}, {"$id": 397, "type": 0, "pos": 0.0, "size": 1.2, "_time": 90.5, "shift": 0.0, "time": 90.5}, {"$id": 398, "type": 0, "pos": 1.5, "size": 1.2, "_time": 90.66797, "shift": 0.0, "time": 90.66797}, {"$id": 399, "type": 0, "sounds": [{"w": 0.0, "d": 0.133338928, "p": 58, "v": 68}], "pos": -1.5, "size": 1.2, "_time": 91.0, "shift": 0.0, "time": 91.0}, {"$id": 400, "type": 0, "sounds": [{"w": 0.0, "d": 0.291664124, "p": 70, "v": 80}], "pos": 1.5, "size": 1.2, "_time": 91.16797, "shift": 0.0, "time": 91.16797}, {"$id": 401, "type": 0, "pos": -0.5, "size": 1.2, "_time": 91.33203, "shift": 0.0, "time": 91.33203}, {"$id": 402, "type": 0, "pos": 1.5, "size": 1.2, "_time": 91.33203, "shift": 0.0, "time": 91.33203}, {"$id": 403, "type": 0, "sounds": [{"w": 0.0, "d": 0.07221985, "p": 75, "v": 92}], "pos": -1.5, "size": 1.2, "_time": 91.66797, "shift": 0.0, "time": 91.66797}, {"$id": 404, "type": 0, "sounds": [{"w": 0.0, "d": 0.5611038, "p": 51, "v": 86}, {"w": 0.0, "d": 0.5611038, "p": 63, "v": 86}, {"w": 0.0, "d": 0.43888092, "p": 79, "v": 97}], "pos": 0.0, "size": 0.9, "_time": 92.0, "shift": 0.0, "time": 92.0}, {"$id": 405, "type": 0, "sounds": [{"w": 0.0, "d": 0.166664124, "p": 82, "v": 89}], "pos": 1.5, "size": 0.9, "_time": 92.33203, "shift": 0.0, "time": 92.33203}, {"$id": 406, "type": 0, "sounds": [{"w": 0.0, "d": 0.301383972, "p": 62, "v": 84}, {"w": 0.0, "d": 0.31388092, "p": 70, "v": 94}, {"w": 0.0, "d": 0.320823669, "p": 77, "v": 96}], "pos": -1.0, "size": 0.9, "_time": 92.66797, "shift": 0.0, "time": 92.66797}, {"$id": 407, "type": 0, "sounds": [{"w": 0.0, "d": 0.166664124, "p": 79, "v": 89}], "pos": 0.0, "size": 0.9, "_time": 93.0, "shift": 0.0, "time": 93.0}, {"$id": 408, "type": 0, "pos": 1.5, "size": 1.2, "_time": 93.33203, "shift": 0.0, "time": 93.33203}, {"$id": 409, "type": 0, "sounds": [{"w": 0.0, "d": 0.166671753, "p": 70, "v": 68}], "pos": -2.0, "size": 1.2, "_time": 93.66797, "shift": 0.0, "time": 93.66797}, {"$id": 410, "type": 0, "pos": -1.0, "size": 1.2, "_time": 94.0, "shift": 0.0, "time": 94.0}, {"$id": 411, "type": 0, "pos": 1.0, "size": 1.2, "_time": 94.16797, "shift": 0.0, "time": 94.16797}, {"$id": 412, "type": 0, "pos": 2.0, "size": 1.2, "_time": 94.5, "shift": 0.0, "time": 94.5}, {"$id": 413, "type": 0, "pos": 1.0, "size": 1.2, "_time": 94.83203, "shift": 0.0, "time": 94.83203}, {"$id": 414, "type": 0, "pos": -1.0, "size": 1.2, "_time": 95.0, "shift": 0.0, "time": 95.0}, {"$id": 415, "type": 0, "pos": 1.0, "size": 1.2, "_time": 95.16797, "shift": 0.0, "time": 95.16797}, {"$id": 416, "type": 0, "pos": 0.0, "size": 1.2, "_time": 95.33203, "shift": 0.0, "time": 95.33203}, {"$id": 417, "type": 0, "sounds": [{"w": 0.0, "d": 0.166664124, "p": 79, "v": 84}], "pos": 1.5, "size": 1.2, "_time": 95.66797, "shift": 0.0, "time": 95.66797}, {"$id": 418, "type": 0, "pos": -1.5, "size": 1.2, "_time": 95.83203, "shift": 0.0, "time": 95.83203}, {"$id": 419, "type": 0, "pos": 0.0, "size": 1.2, "_time": 96.0, "shift": 0.0, "time": 96.0}, {"$id": 420, "type": 0, "pos": -1.0, "size": 1.2, "_time": 96.33203, "shift": 0.0, "time": 96.33203}, {"$id": 421, "type": 0, "pos": 1.5, "size": 1.2, "_time": 96.5, "shift": 0.0, "time": 96.5}, {"$id": 422, "type": 0, "pos": -1.0, "size": 1.2, "_time": 96.66797, "shift": 0.0, "time": 96.66797}, {"$id": 423, "type": 0, "pos": 1.5, "size": 1.2, "_time": 96.83203, "shift": 0.0, "time": 96.83203}, {"$id": 424, "type": 0, "pos": -1.0, "size": 1.2, "_time": 97.0, "shift": 0.0, "time": 97.0}, {"$id": 425, "type": 0, "pos": 0.5, "size": 1.2, "_time": 97.16797, "shift": 0.0, "time": 97.16797}, {"$id": 426, "type": 0, "pos": -1.5, "size": 1.2, "_time": 97.33203, "shift": 0.0, "time": 97.33203}, {"$id": 427, "type": 0, "sounds": [{"w": 0.0, "d": 0.166664124, "p": 77, "v": 100}], "pos": -1.91666818, "size": 1.0, "_time": 97.66797, "shift": 0.0, "time": 97.66797}, {"$id": 428, "type": 0, "sounds": [{"w": 0.0, "d": 0.474990845, "p": 68, "v": 70}], "pos": -1.97222424, "size": 1.0, "_time": 97.9375, "shift": 0.0, "time": 97.9375}, {"$id": 429, "type": 0, "sounds": [{"w": 0.0, "d": 0.437492371, "p": 72, "v": 75}], "pos": -1.38889, "size": 1.0, "_time": 97.96875, "shift": 0.0, "time": 97.96875}, {"$id": 430, "type": 0, "sounds": [{"w": 0.0, "d": 0.355545044, "p": 62, "v": 54}], "pos": 0.777776837, "size": 1.0, "_time": 98.0, "shift": 0.0, "time": 98.0}, {"$id": 431, "type": 0, "sounds": [{"w": 0.0, "d": 0.340271, "p": 77, "v": 82}], "pos": -0.8611127, "size": 1.0, "_time": 98.0, "shift": 0.0, "time": 98.0}, {"$id": 432, "type": 0, "sounds": [{"w": 0.0, "d": 0.101387024, "p": 79, "v": 91}], "pos": 0.7499984, "size": 1.0, "_time": 98.33203, "shift": 0.0, "time": 98.33203}, {"$id": 433, "type": 0, "sounds": [{"w": 0.0, "d": 0.612503052, "p": 75, "v": 86}], "pos": 0.722222, "size": 0.9, "_time": 98.55469, "shift": 0.0, "time": 98.55469}, {"$id": 434, "type": 0, "sounds": [{"w": 0.0, "d": 1.00972748, "p": 79, "v": 88}], "pos": 1.44444406, "size": 0.9, "_time": 98.609375, "shift": 0.0, "time": 98.609375}, {"$id": 435, "type": 0, "sounds": [{"w": 0.0, "d": 0.6597214, "p": 87, "v": 94}], "pos": 2.0, "size": 0.9, "_time": 98.66797, "shift": 0.0, "time": 98.66797}, {"$id": 436, "type": 0, "sounds": [{"w": 0.0, "d": 0.381942749, "p": 82, "v": 70}], "pos": -1.11111188, "size": 0.9, "_time": 98.66797, "shift": 0.0, "time": 98.66797}, {"$id": 437, "type": 0, "sounds": [{"w": 0.0, "d": 0.166671753, "p": 70, "v": 68}], "pos": -1.5, "size": 1.2, "_time": 99.0, "shift": 0.0, "time": 99.0}, {"$id": 438, "type": 0, "pos": 0.5, "size": 1.2, "_time": 99.33203, "shift": 0.0, "time": 99.33203}, {"$id": 439, "type": 0, "sounds": [{"w": 0.0, "d": 0.0847244263, "p": 82, "v": 96}], "pos": 0.5, "size": 1.2, "_time": 99.5, "shift": 0.0, "time": 99.5}, {"$id": 440, "type": 0, "pos": -1.5, "size": 1.2, "_time": 99.83203, "shift": 0.0, "time": 99.83203}, {"$id": 441, "type": 0, "pos": 1.0, "size": 1.2, "_time": 100.167969, "shift": 0.0, "time": 100.167969}, {"$id": 442, "type": 0, "pos": -1.5, "size": 1.2, "_time": 100.332031, "shift": 0.0, "time": 100.332031}, {"$id": 443, "type": 0, "pos": 1.0, "size": 1.2, "_time": 100.5, "shift": 0.0, "time": 100.5}, {"$id": 444, "type": 0, "pos": -0.5, "size": 1.2, "_time": 100.667969, "shift": 0.0, "time": 100.667969}, {"$id": 445, "type": 0, "pos": 1.0, "size": 1.2, "_time": 101.167969, "shift": 0.0, "time": 101.167969}, {"$id": 446, "type": 0, "pos": 1.0, "size": 1.2, "_time": 101.332031, "shift": 0.0, "time": 101.332031}, {"$id": 447, "type": 0, "sounds": [{"w": 0.0, "d": 0.133338928, "p": 58, "v": 68}], "pos": -1.0, "size": 1.2, "_time": 101.667969, "shift": 0.0, "time": 101.667969}, {"$id": 448, "type": 0, "sounds": [{"w": 0.0, "d": 0.245834351, "p": 79, "v": 97}], "pos": 1.5, "size": 1.2, "_time": 101.832031, "shift": 0.0, "time": 101.832031}, {"$id": 449, "type": 0, "pos": -1.5, "size": 1.2, "_time": 102.0, "shift": 0.0, "time": 102.0}, {"$id": 450, "type": 0, "pos": 0.5, "size": 1.2, "_time": 102.0, "shift": 0.0, "time": 102.0}, {"$id": 451, "type": 0, "sounds": [{"w": 0.0, "d": 0.07221985, "p": 75, "v": 92}], "pos": -1.0, "size": 0.9, "_time": 102.332031, "shift": 0.0, "time": 102.332031}, {"$id": 452, "type": 0, "sounds": [{"w": 0.0, "d": 0.5611038, "p": 51, "v": 86}, {"w": 0.0, "d": 0.5611038, "p": 63, "v": 86}, {"w": 0.0, "d": 0.43888092, "p": 79, "v": 97}], "pos": 1.0, "size": 0.9, "_time": 102.667969, "shift": 0.0, "time": 102.667969}, {"$id": 453, "type": 0, "sounds": [{"w": 0.0, "d": 0.166664124, "p": 82, "v": 89}], "pos": -2.0, "size": 0.9, "_time": 103.0, "shift": 0.0, "time": 103.0}, {"$id": 454, "type": 0, "sounds": [{"w": 0.0, "d": 0.301383972, "p": 62, "v": 84}, {"w": 0.0, "d": 0.301383972, "p": 50, "v": 84}, {"w": 0.0, "d": 0.320823669, "p": 77, "v": 96}, {"w": 0.0, "d": 0.31388092, "p": 70, "v": 94}], "pos": -0.5, "size": 0.9, "_time": 103.332031, "shift": 0.0, "time": 103.332031}, {"$id": 455, "type": 0, "sounds": [{"w": 0.0, "d": 0.6597214, "p": 87, "v": 94}], "pos": 1.0, "size": 1.2, "_time": 104.0, "shift": 0.0, "time": 104.0}, {"$id": 456, "type": 0, "sounds": [{"w": 0.0, "d": 0.8958359, "p": 60, "v": 74}], "pos": -1.5, "size": 1.2, "_time": 104.0, "shift": 0.0, "time": 104.0}, {"$id": 457, "type": 0, "pos": 1.0, "size": 1.2, "_time": 104.167969, "shift": 0.0, "time": 104.167969}, {"$id": 458, "type": 0, "pos": -1.0, "size": 1.2, "_time": 104.332031, "shift": 0.0, "time": 104.332031}, {"$id": 459, "type": 0, "pos": 0.5, "size": 1.2, "_time": 104.5, "shift": 0.0, "time": 104.5}, {"$id": 460, "type": 0, "pos": -2.0, "size": 1.2, "_time": 104.667969, "shift": 0.0, "time": 104.667969}, {"$id": 461, "type": 0, "pos": 0.5, "size": 1.2, "_time": 104.667969, "shift": 0.0, "time": 104.667969}, {"$id": 462, "type": 0, "pos": 2.0, "size": 1.2, "_time": 105.167969, "shift": 0.0, "time": 105.167969}, {"$id": 463, "type": 0, "pos": 0.0, "size": 1.2, "_time": 105.167969, "shift": 0.0, "time": 105.167969}, {"$id": 464, "type": 0, "pos": 0.5, "size": 1.2, "_time": 105.5, "shift": 0.0, "time": 105.5}, {"$id": 465, "type": 0, "pos": -1.5, "size": 1.2, "_time": 105.667969, "shift": 0.0, "time": 105.667969}, {"$id": 466, "type": 0, "pos": 0.5, "size": 1.2, "_time": 105.832031, "shift": 0.0, "time": 105.832031}, {"$id": 467, "type": 0, "sounds": [{"w": 0.0, "d": 0.331947327, "p": 63, "v": 76}], "pos": -0.8055551, "size": 1.2, "_time": 106.0, "shift": 0.0, "time": 106.0}, {"$id": 468, "type": 0, "sounds": [{"w": 0.0, "d": 0.174995422, "p": 72, "v": 90}], "pos": -1.94444537, "size": 1.1, "_time": 106.167969, "shift": 0.0, "time": 106.167969}, {"$id": 469, "type": 0, "sounds": [{"w": 0.0, "d": 0.166664124, "p": 79, "v": 84}], "pos": 0.361111581, "size": 1.0, "_time": 106.332031, "shift": 0.0, "time": 106.332031}, {"$id": 470, "type": 0, "sounds": [{"w": 0.0, "d": 0.166664124, "p": 82, "v": 64}], "pos": -1.08333361, "size": 0.9, "_time": 106.5, "shift": 0.0, "time": 106.5}, {"$id": 471, "type": 0, "sounds": [{"w": 0.0, "d": 0.284713745, "p": 89, "v": 91}], "pos": 0.222221911, "size": 0.9, "_time": 106.667969, "shift": 0.0, "time": 106.667969}, {"$id": 472, "type": 0, "sounds": [{"w": 0.0, "d": 0.0819397, "p": 82, "v": 84}], "pos": 1.5, "size": 0.799999952, "_time": 107.0, "shift": 0.0, "time": 107.0}, {"$id": 473, "type": 0, "sounds": [{"w": 0.0, "d": 0.141670227, "p": 80, "v": 92}], "pos": -0.472222626, "size": 0.799999952, "_time": 107.167969, "shift": 0.0, "time": 107.167969}, {"$id": 474, "type": 0, "sounds": [{"w": 0.0, "d": 0.0999984741, "p": 75, "v": 77}], "pos": 0.8333335, "size": 0.799999952, "_time": 107.332031, "shift": 0.0, "time": 107.332031}, {"$id": 475, "type": 0, "sounds": [{"w": 0.0, "d": 0.140274048, "p": 80, "v": 68}], "pos": -0.472222626, "size": 0.799999952, "_time": 107.5, "shift": 0.0, "time": 107.5}, {"$id": 476, "type": 0, "sounds": [{"w": 0.0, "d": 0.145835876, "p": 87, "v": 83}], "pos": 2.0, "size": 0.799999952, "_time": 107.667969, "shift": 0.0, "time": 107.667969}, {"$id": 477, "type": 0, "sounds": [{"w": 0.0, "d": 0.238883972, "p": 63, "v": 75}], "pos": 0.0, "size": 0.6999999, "_time": 108.0, "shift": 0.0, "time": 108.0}, {"$id": 478, "type": 0, "sounds": [{"w": 0.0, "d": 0.249992371, "p": 75, "v": 73}, {"w": 0.0, "d": 0.258323669, "p": 79, "v": 81}, {"w": 0.0, "d": 0.249992371, "p": 87, "v": 81}], "pos": 2.0, "size": 0.6999999, "_time": 108.0, "shift": 0.0, "time": 108.0}, {"$id": 479, "type": 0, "sounds": [{"w": 0.0, "d": 0.612503052, "p": 75, "v": 86}], "pos": -1.44444418, "size": 0.799999952, "_time": 109.21875, "shift": 0.0, "time": 109.21875}, {"$id": 480, "type": 0, "sounds": [{"w": 0.0, "d": 1.00972748, "p": 79, "v": 88}], "pos": -0.861111164, "size": 0.799999952, "_time": 109.277344, "shift": 0.0, "time": 109.277344}, {"$id": 481, "type": 0, "sounds": [{"w": 0.0, "d": 0.6597214, "p": 87, "v": 94}], "pos": -0.0277777612, "size": 0.799999952, "_time": 109.332031, "shift": 0.0, "time": 109.332031}, {"$id": 482, "type": 0, "sounds": [{"w": 0.0, "d": 0.354171753, "p": 86, "v": 94}], "pos": 1.666666, "size": 0.799999952, "_time": 109.832031, "shift": 0.0, "time": 109.832031}, {"$id": 483, "type": 0, "sounds": [{"w": 0.0, "d": 0.0847244263, "p": 82, "v": 96}], "pos": 0.7500005, "size": 0.799999952, "_time": 110.167969, "shift": 0.0, "time": 110.167969}, {"$id": 484, "type": 0, "sounds": [{"w": 0.0, "d": 0.120834351, "p": 77, "v": 93}], "pos": -0.1388886, "size": 0.799999952, "_time": 110.5, "shift": 0.0, "time": 110.5}, {"$id": 485, "type": 0, "sounds": [{"w": 0.0, "d": 0.5625, "p": 56, "v": 79}], "pos": -2.0, "size": 0.799999952, "_time": 110.832031, "shift": 0.0, "time": 110.832031}, {"$id": 486, "type": 0, "sounds": [{"w": 0.0, "d": 0.366661072, "p": 75, "v": 85}], "pos": 0.05555606, "size": 0.799999952, "_time": 111.0, "shift": 0.0, "time": 111.0}, {"$id": 487, "type": 0, "sounds": [{"w": 0.0, "d": 0.2361145, "p": 70, "v": 83}], "pos": 1.33333349, "size": 0.799999952, "_time": 111.332031, "shift": 0.0, "time": 111.332031}, {"$id": 488, "type": 0, "sounds": [{"w": 0.0, "d": 0.174995422, "p": 72, "v": 90}], "pos": -0.7777772, "size": 0.799999952, "_time": 111.5, "shift": 0.0, "time": 111.5}, {"$id": 489, "type": 0, "sounds": [{"w": 0.0, "d": 0.379165649, "p": 77, "v": 88}], "pos": 0.888889551, "size": 0.799999952, "_time": 112.0, "shift": 0.0, "time": 112.0}, {"$id": 490, "type": 0, "sounds": [{"w": 0.0, "d": 0.133338928, "p": 58, "v": 68}], "pos": -2.0, "size": 0.799999952, "_time": 112.332031, "shift": 0.0, "time": 112.332031}, {"$id": 491, "type": 0, "sounds": [{"w": 0.0, "d": 0.245834351, "p": 79, "v": 97}], "pos": 0.861111164, "size": 0.799999952, "_time": 112.5, "shift": 0.0, "time": 112.5}, {"$id": 492, "type": 0, "sounds": [{"w": 0.0, "d": 0.07499695, "p": 58, "v": 82}], "pos": -1.3611114, "size": 0.799999952, "_time": 112.832031, "shift": 0.0, "time": 112.832031}, {"$id": 493, "type": 0, "sounds": [{"w": 0.0, "d": 0.07221985, "p": 75, "v": 92}], "pos": 0.05555606, "size": 0.799999952, "_time": 113.0, "shift": 0.0, "time": 113.0}, {"$id": 494, "type": 0, "sounds": [{"w": 0.0, "d": 0.5611038, "p": 63, "v": 86}], "pos": -2.0, "size": 1.1, "_time": 113.332031, "shift": 0.0, "time": 113.332031}, {"$id": 495, "type": 0, "sounds": [{"w": 0.0, "d": 0.43888092, "p": 79, "v": 97}], "pos": 1.0, "size": 1.1, "_time": 113.332031, "shift": 0.0, "time": 113.332031}, {"$id": 496, "type": 0, "sounds": [{"w": 0.0, "d": 0.166664124, "p": 82, "v": 89}], "pos": 1.666666, "size": 1.0, "_time": 113.667969, "shift": 0.0, "time": 113.667969}, {"$id": 497, "type": 0, "sounds": [{"w": 0.0, "d": 0.320823669, "p": 77, "v": 96}], "pos": -0.486111879, "size": 1.0, "_time": 114.0, "shift": 0.0, "time": 114.0}, {"$id": 498, "type": 0, "sounds": [{"w": 0.0, "d": 0.166664124, "p": 79, "v": 89}], "pos": 0.819445133, "size": 1.0, "_time": 114.332031, "shift": 0.0, "time": 114.332031}, {"$id": 499, "type": 0, "sounds": [{"w": 0.0, "d": 0.5486069, "p": 82, "v": 100}], "pos": -1.5, "size": 1.0, "_time": 114.5, "shift": 0.0, "time": 114.5}, {"$id": 500, "type": 0, "sounds": [{"w": 0.0, "d": 0.6597214, "p": 87, "v": 94}], "pos": 2.0, "size": 0.799999952, "_time": 114.667969, "shift": 0.0, "time": 114.667969}, {"$id": 501, "type": 0, "sounds": [{"w": 0.0, "d": 0.166671753, "p": 70, "v": 68}], "pos": -2.0, "size": 0.799999952, "_time": 115.0, "shift": 0.0, "time": 115.0}, {"$id": 502, "type": 0, "sounds": [{"w": 0.0, "d": 0.354171753, "p": 86, "v": 94}], "pos": 0.861110449, "size": 0.799999952, "_time": 115.167969, "shift": 0.0, "time": 115.167969}, {"$id": 503, "type": 0, "sounds": [{"w": 0.0, "d": 0.0847244263, "p": 82, "v": 96}], "pos": 0.30555582, "size": 0.799999952, "_time": 115.5, "shift": 0.0, "time": 115.5}, {"$id": 504, "type": 0, "sounds": [{"w": 0.0, "d": 0.120834351, "p": 77, "v": 93}], "pos": -0.7222227, "size": 0.799999952, "_time": 115.832031, "shift": 0.0, "time": 115.832031}, {"$id": 505, "type": 0, "sounds": [{"w": 0.0, "d": 0.5625, "p": 56, "v": 79}], "pos": -2.0, "size": 0.799999952, "_time": 116.167969, "shift": 0.0, "time": 116.167969}, {"$id": 506, "type": 0, "sounds": [{"w": 0.0, "d": 0.366661072, "p": 75, "v": 85}], "pos": 0.5, "size": 0.799999952, "_time": 116.332031, "shift": 0.0, "time": 116.332031}, {"$id": 507, "type": 0, "sounds": [{"w": 0.0, "d": 0.2361145, "p": 70, "v": 83}], "pos": -1.55555522, "size": 0.799999952, "_time": 116.667969, "shift": 0.0, "time": 116.667969}, {"$id": 508, "type": 0, "sounds": [{"w": 0.0, "d": 0.174995422, "p": 72, "v": 90}], "pos": -0.611113, "size": 0.799999952, "_time": 116.832031, "shift": 0.0, "time": 116.832031}, {"$id": 509, "type": 0, "sounds": [{"w": 0.0, "d": 0.166664124, "p": 79, "v": 84}], "pos": 1.0, "size": 0.799999952, "_time": 117.0, "shift": 0.0, "time": 117.0}, {"$id": 510, "type": 0, "sounds": [{"w": 0.0, "d": 0.284713745, "p": 77, "v": 91}], "pos": -0.194444478, "size": 0.799999952, "_time": 117.332031, "shift": 0.0, "time": 117.332031}, {"$id": 511, "type": 0, "sounds": [{"w": 0.0, "d": 0.0986099243, "p": 79, "v": 84}], "pos": 1.0, "size": 0.799999952, "_time": 117.667969, "shift": 0.0, "time": 117.667969}, {"$id": 512, "type": 0, "sounds": [{"w": 0.0, "d": 0.144447327, "p": 77, "v": 92}], "pos": 0.02777654, "size": 0.799999952, "_time": 117.832031, "shift": 0.0, "time": 117.832031}, {"$id": 513, "type": 0, "sounds": [{"w": 0.0, "d": 0.0999984741, "p": 63, "v": 77}], "pos": -2.0, "size": 0.799999952, "_time": 118.0, "shift": 0.0, "time": 118.0}, {"$id": 514, "type": 0, "sounds": [{"w": 0.0, "d": 0.140274048, "p": 68, "v": 68}], "pos": -2.0, "size": 0.799999952, "_time": 118.167969, "shift": 0.0, "time": 118.167969}, {"$id": 515, "type": 0, "sounds": [{"w": 0.0, "d": 0.145835876, "p": 75, "v": 83}], "pos": 0.5, "size": 0.799999952, "_time": 118.332031, "shift": 0.0, "time": 118.332031}, {"$id": 516, "type": 0, "sounds": [{"w": 0.0, "d": 0.249992371, "p": 75, "v": 81}], "pos": 0.5, "size": 0.9, "_time": 118.667969, "shift": 0.0, "time": 118.667969}, {"$id": 517, "type": 0, "sounds": [{"w": 0.0, "d": 0.258323669, "p": 67, "v": 81}], "pos": -2.0, "size": 0.9, "_time": 118.667969, "shift": 0.0, "time": 118.667969}, {"$id": 518, "type": 0, "sounds": [{"w": 0.0, "d": 0.166664124, "p": 77, "v": 100}], "pos": -1.0, "size": 1.1, "_time": 119.0, "shift": 0.0, "time": 119.0}, {"$id": 519, "type": 0, "sounds": [{"w": 0.0, "d": 0.340271, "p": 77, "v": 82}], "pos": -1.0, "size": 1.2, "_time": 119.332031, "shift": 0.0, "time": 119.332031}, {"$id": 520, "type": 0, "sounds": [{"w": 0.0, "d": 0.355545044, "p": 62, "v": 54}], "pos": 1.0, "size": 1.2, "_time": 119.332031, "shift": 0.0, "time": 119.332031}, {"$id": 521, "type": 0, "sounds": [{"w": 0.0, "d": 0.101387024, "p": 79, "v": 91}], "pos": 0.333333373, "size": 1.2, "_time": 119.667969, "shift": 0.0, "time": 119.667969}, {"$id": 522, "type": 0, "sounds": [{"w": 0.0, "d": 0.8958359, "p": 60, "v": 74}], "pos": -1.88888931, "size": 1.1, "_time": 120.0, "shift": 0.0, "time": 120.0}, {"$id": 523, "type": 0, "sounds": [{"w": 0.0, "d": 0.6597214, "p": 87, "v": 94}], "pos": 1.5, "size": 0.9, "_time": 120.0, "shift": 0.0, "time": 120.0}, {"$id": 524, "type": 0, "sounds": [{"w": 0.0, "d": 0.166664124, "p": 67, "v": 68}], "pos": 0.374999642, "size": 0.9, "_time": 120.167969, "shift": 0.0, "time": 120.167969}, {"$id": 525, "type": 0, "sounds": [{"w": 0.0, "d": 0.166671753, "p": 70, "v": 68}], "pos": -0.6388893, "size": 1.1, "_time": 120.332031, "shift": 0.0, "time": 120.332031}, {"$id": 526, "type": 0, "sounds": [{"w": 0.0, "d": 0.416671753, "p": 75, "v": 86}], "pos": 1.5, "size": 0.9, "_time": 120.5, "shift": 0.0, "time": 120.5}, {"$id": 527, "type": 0, "sounds": [{"w": 0.0, "d": 0.0847244263, "p": 82, "v": 96}], "pos": 0.5, "size": 0.9, "_time": 120.832031, "shift": 0.0, "time": 120.832031}, {"$id": 528, "type": 0, "sounds": [{"w": 0.0, "d": 0.9124985, "p": 44, "v": 93}], "pos": -2.0, "size": 1.1, "_time": 121.167969, "shift": 0.0, "time": 121.167969}, {"$id": 529, "type": 0, "sounds": [{"w": 0.0, "d": 0.354164124, "p": 79, "v": 91}], "pos": 0.0, "size": 0.9, "_time": 121.226563, "shift": 0.0, "time": 121.226563}, {"$id": 530, "type": 0, "sounds": [{"w": 0.0, "d": 0.5625, "p": 56, "v": 79}], "pos": 1.27777767, "size": 1.0, "_time": 121.5, "shift": 0.0, "time": 121.5}, {"$id": 531, "type": 0, "sounds": [{"w": 0.0, "d": 0.262496948, "p": 70, "v": 85}], "pos": -0.6388893, "size": 1.1, "_time": 121.667969, "shift": 0.0, "time": 121.667969}, {"$id": 532, "type": 0, "sounds": [{"w": 0.0, "d": 0.2361145, "p": 70, "v": 83}], "pos": -2.0, "size": 1.1, "_time": 122.0, "shift": 0.0, "time": 122.0}, {"$id": 533, "type": 0, "sounds": [{"w": 0.0, "d": 0.174995422, "p": 72, "v": 90}], "pos": 0.0, "size": 1.0, "_time": 122.167969, "shift": 0.0, "time": 122.167969}, {"$id": 534, "type": 0, "sounds": [{"w": 0.0, "d": 0.1930542, "p": 58, "v": 76}], "pos": -0.9722228, "size": 1.2, "_time": 122.667969, "shift": 0.0, "time": 122.667969}, {"$id": 535, "type": 0, "sounds": [{"w": 0.0, "d": 0.133338928, "p": 58, "v": 68}], "pos": -0.9722228, "size": 1.2, "_time": 123.0, "shift": 0.0, "time": 123.0}, {"$id": 536, "type": 0, "sounds": [{"w": 0.0, "d": 0.245834351, "p": 79, "v": 97}], "pos": 2.0, "size": 1.0, "_time": 123.167969, "shift": 0.0, "time": 123.167969}, {"$id": 537, "type": 0, "sounds": [{"w": 0.0, "d": 0.07499695, "p": 58, "v": 82}], "pos": 0.500000238, "size": 1.2, "_time": 123.5, "shift": 0.0, "time": 123.5}, {"$id": 538, "type": 0, "sounds": [{"w": 0.0, "d": 0.07221985, "p": 75, "v": 92}], "pos": -1.02777791, "size": 1.0, "_time": 123.667969, "shift": 0.0, "time": 123.667969}, {"$id": 539, "type": 0, "sounds": [{"w": 0.0, "d": 0.5611038, "p": 51, "v": 86}], "pos": -1.84722281, "size": 1.2, "_time": 124.0, "shift": 0.0, "time": 124.0}, {"$id": 540, "type": 0, "sounds": [{"w": 0.0, "d": 0.43888092, "p": 79, "v": 97}], "pos": 1.0, "size": 1.2, "_time": 124.0, "shift": 0.0, "time": 124.0}, {"$id": 541, "type": 0, "sounds": [{"w": 0.0, "d": 0.166664124, "p": 82, "v": 89}], "pos": -0.5, "size": 1.0, "_time": 124.332031, "shift": 0.0, "time": 124.332031}, {"$id": 542, "type": 0, "sounds": [{"w": 0.0, "d": 0.31388092, "p": 70, "v": 94}], "pos": 0.5, "size": 1.2, "_time": 124.667969, "shift": 0.0, "time": 124.667969}, {"$id": 543, "type": 0, "sounds": [{"w": 0.0, "d": 0.301383972, "p": 50, "v": 84}], "pos": -1.97222281, "size": 1.2, "_time": 124.667969, "shift": 0.0, "time": 124.667969}, {"$id": 544, "type": 0, "sounds": [{"w": 0.0, "d": 0.166664124, "p": 79, "v": 89}], "pos": -1.0, "size": 0.799999952, "_time": 125.0, "shift": 0.0, "time": 125.0}, {"$id": 545, "type": 0, "sounds": [{"w": 0.0, "d": 0.5486069, "p": 82, "v": 100}], "pos": 1.0, "size": 0.799999952, "_time": 125.167969, "shift": 0.0, "time": 125.167969}, {"$id": 546, "type": 0, "sounds": [{"w": 0.0, "d": 0.6597214, "p": 87, "v": 94}], "pos": 1.5, "size": 0.799999952, "_time": 125.332031, "shift": 0.0, "time": 125.332031}, {"$id": 547, "type": 0, "sounds": [{"w": 0.0, "d": 0.8958359, "p": 60, "v": 74}], "pos": -1.88888836, "size": 1.2, "_time": 125.332031, "shift": 0.0, "time": 125.332031}, {"$id": 548, "type": 0, "sounds": [{"w": 0.0, "d": 0.166664124, "p": 67, "v": 68}], "pos": -1.29166615, "size": 1.0, "_time": 125.5, "shift": 0.0, "time": 125.5}, {"$id": 549, "type": 0, "sounds": [{"w": 0.0, "d": 0.166671753, "p": 70, "v": 68}], "pos": -0.638888359, "size": 0.9, "_time": 125.667969, "shift": 0.0, "time": 125.667969}, {"$id": 550, "type": 0, "sounds": [{"w": 0.0, "d": 0.354171753, "p": 86, "v": 94}], "pos": 1.5, "size": 0.799999952, "_time": 125.832031, "shift": 0.0, "time": 125.832031}, {"$id": 551, "type": 0, "sounds": [{"w": 0.0, "d": 0.416671753, "p": 75, "v": 86}], "pos": -0.0138883591, "size": 0.799999952, "_time": 125.832031, "shift": 0.0, "time": 125.832031}, {"$id": 552, "type": 0, "sounds": [{"w": 0.0, "d": 0.0847244263, "p": 82, "v": 96}], "pos": 1.0, "size": 0.799999952, "_time": 126.167969, "shift": 0.0, "time": 126.167969}, {"$id": 553, "type": 0, "sounds": [{"w": 0.0, "d": 0.9124985, "p": 44, "v": 93}], "pos": -1.69444478, "size": 1.1, "_time": 126.5, "shift": 0.0, "time": 126.5}, {"$id": 554, "type": 0, "sounds": [{"w": 0.0, "d": 0.354164124, "p": 79, "v": 91}], "pos": -1.0, "size": 1.1, "_time": 126.558594, "shift": 0.0, "time": 126.558594}, {"$id": 555, "type": 0, "sounds": [{"w": 0.0, "d": 0.5625, "p": 56, "v": 79}], "pos": 1.0, "size": 1.0, "_time": 126.832031, "shift": 0.0, "time": 126.832031}, {"$id": 556, "type": 0, "sounds": [{"w": 0.0, "d": 0.262496948, "p": 70, "v": 85}], "pos": -0.638888359, "size": 1.2, "_time": 127.0, "shift": 0.0, "time": 127.0}, {"$id": 557, "type": 0, "sounds": [{"w": 0.0, "d": 0.366661072, "p": 75, "v": 85}], "pos": 1.5, "size": 1.2, "_time": 127.0, "shift": 0.0, "time": 127.0}, {"$id": 558, "type": 0, "sounds": [{"w": 0.0, "d": 0.331947327, "p": 63, "v": 76}], "pos": -1.51388836, "size": 1.0, "_time": 127.332031, "shift": 0.0, "time": 127.332031}, {"$id": 559, "type": 0, "sounds": [{"w": 0.0, "d": 0.174995422, "p": 72, "v": 90}], "pos": 1.0, "size": 1.0, "_time": 127.5, "shift": 0.0, "time": 127.5}, {"$id": 560, "type": 0, "sounds": [{"w": 0.0, "d": 0.166664124, "p": 79, "v": 84}], "pos": -0.44444406, "size": 1.0, "_time": 127.667969, "shift": 0.0, "time": 127.667969}, {"$id": 561, "type": 0, "sounds": [{"w": 0.0, "d": 0.376396179, "p": 58, "v": 85}], "pos": -2.0, "size": 1.2, "_time": 128.0, "shift": 0.0, "time": 128.0}, {"$id": 562, "type": 0, "sounds": [{"w": 0.0, "d": 0.284721375, "p": 89, "v": 91}], "pos": 1.5, "size": 0.799999952, "_time": 128.0, "shift": 0.0, "time": 128.0}, {"$id": 563, "type": 0, "sounds": [{"w": 0.0, "d": 0.1055603, "p": 65, "v": 74}], "pos": -1.26388836, "size": 1.1, "_time": 128.332031, "shift": 0.0, "time": 128.332031}, {"$id": 564, "type": 0, "sounds": [{"w": 0.0, "d": 0.09861755, "p": 91, "v": 84}], "pos": 1.5, "size": 0.799999952, "_time": 128.332031, "shift": 0.0, "time": 128.332031}, {"$id": 565, "type": 0, "sounds": [{"w": 0.0, "d": 0.1444397, "p": 89, "v": 92}], "pos": 1.5, "size": 0.799999952, "_time": 128.5, "shift": 0.0, "time": 128.5}, {"$id": 566, "type": 0, "sounds": [{"w": 0.0, "d": 0.1000061, "p": 75, "v": 77}], "pos": -0.5416666, "size": 1.0, "_time": 128.667969, "shift": 0.0, "time": 128.667969}, {"$id": 567, "type": 0, "sounds": [{"w": 0.0, "d": 0.140274048, "p": 80, "v": 68}], "pos": 0.444445372, "size": 0.799999952, "_time": 128.832031, "shift": 0.0, "time": 128.832031}, {"$id": 568, "type": 0, "sounds": [{"w": 0.0, "d": 0.145828247, "p": 87, "v": 83}], "pos": 1.59722209, "size": 0.799999952, "_time": 129.0, "shift": 0.0, "time": 129.0}, {"$id": 569, "type": 0, "sounds": [{"w": 0.0, "d": 0.2388916, "p": 63, "v": 75}, {"w": 0.0, "d": 0.25, "p": 75, "v": 73}], "pos": -1.5, "size": 0.799999952, "_time": 129.332031, "shift": 0.0, "time": 129.332031}, {"$id": 570, "type": 0, "sounds": [{"w": 0.0, "d": 0.2583313, "p": 79, "v": 81}, {"w": 0.0, "d": 0.25, "p": 87, "v": 81}], "pos": 0.5, "size": 0.799999952, "_time": 129.332031, "shift": 0.0, "time": 129.332031}], "links": [{"notes": [{"$ref": 1}, {"$ref": 2}, {"$ref": 4}]}, {"notes": [{"$ref": 27}, {"$ref": 28}]}, {"notes": [{"$ref": 35}, {"$ref": 36}, {"$ref": 37}, {"$ref": 38}]}, {"notes": [{"$ref": 42}, {"$ref": 43}, {"$ref": 44}]}, {"notes": [{"$ref": 73}, {"$ref": 74}, {"$ref": 75}]}, {"notes": [{"$ref": 46}, {"$ref": 47}, {"$ref": 49}]}, {"notes": [{"$ref": 77}, {"$ref": 78}]}, {"notes": [{"$ref": 92}, {"$ref": 93}]}, {"notes": [{"$ref": 113}, {"$ref": 114}, {"$ref": 115}]}, {"notes": [{"$ref": 128}, {"$ref": 129}]}, {"notes": [{"$ref": 139}, {"$ref": 140}, {"$ref": 141}]}, {"notes": [{"$ref": 148}, {"$ref": 149}, {"$ref": 150}]}, {"notes": [{"$ref": 156}, {"$ref": 157}, {"$ref": 158}]}, {"notes": [{"$ref": 164}, {"$ref": 165}]}, {"notes": [{"$ref": 186}, {"$ref": 187}, {"$ref": 188}]}, {"notes": [{"$ref": 189}, {"$ref": 190}, {"$ref": 191}]}, {"notes": [{"$ref": 220}, {"$ref": 221}]}, {"notes": [{"$ref": 284}, {"$ref": 285}, {"$ref": 286}]}, {"notes": [{"$ref": 276}, {"$ref": 277}, {"$ref": 278}, {"$ref": 280}]}, {"notes": [{"$ref": 356}, {"$ref": 357}, {"$ref": 358}]}, {"notes": [{"$ref": 362}, {"$ref": 363}, {"$ref": 364}]}, {"notes": [{"$ref": 376}, {"$ref": 377}, {"$ref": 378}]}, {"notes": [{"$ref": 479}, {"$ref": 480}, {"$ref": 481}]}, {"notes": [{"$ref": 433}, {"$ref": 434}, {"$ref": 435}]}, {"notes": [{"$ref": 265}, {"$ref": 266}, {"$ref": 267}, {"$ref": 269}]}, {"notes": [{"$ref": 324}, {"$ref": 325}]}, {"notes": [{"$ref": 548}, {"$ref": 549}, {"$ref": 551}, {"$ref": 554}]}, {"notes": [{"$ref": 428}, {"$ref": 429}, {"$ref": 431}]}, {"notes": [{"$ref": 385}, {"$ref": 386}]}, {"notes": [{"$ref": 237}, {"$ref": 238}, {"$ref": 239}]}, {"notes": [{"$ref": 50}, {"$ref": 51}, {"$ref": 53}]}, {"notes": [{"$ref": 353}, {"$ref": 354}]}]}