{"speed": 12.0, "notes": [{"$id": 1, "sounds": [{"d": 0.158653617, "p": 44, "v": 78}, {"d": 0.158653617, "p": 32, "v": 78}], "size": 1.30000007, "_time": 1.84765625, "pos": 0}, {"$id": 2, "sounds": [{"d": 0.07211542, "p": 59, "v": 100}], "pos": -2.0, "size": 1.0, "_time": 2.00390625}, {"$id": 3, "sounds": [{"d": 0.230768919, "p": 60, "v": 100}], "size": 1.0, "_time": 2.078125, "pos": 0}, {"$id": 4, "sounds": [{"d": 0.230768919, "p": 63, "v": 100}], "pos": 1.0, "size": 1.0, "_time": 2.30859375}, {"$id": 5, "sounds": [{"d": 0.230768919, "p": 60, "v": 100}], "pos": -1.0, "size": 1.0, "_time": 2.5390625}, {"$id": 6, "sounds": [{"d": 0.230768919, "p": 63, "v": 100}], "pos": 1.0, "size": 1.0, "_time": 2.76953125}, {"$id": 7, "sounds": [{"d": 0.230768919, "p": 60, "v": 100}], "pos": -1.0, "size": 1.0, "_time": 3.0}, {"$id": 8, "sounds": [{"d": 0.230768919, "p": 63, "v": 100}], "pos": 1.0, "size": 1.0, "_time": 3.23046875}, {"$id": 9, "sounds": [{"d": 0.115384579, "p": 70, "v": 100}], "pos": 2.0, "size": 1.0, "_time": 3.4609375}, {"$id": 10, "sounds": [{"d": 0.3461535, "p": 67, "v": 100}], "size": 1.0, "_time": 3.578125, "pos": 0}, {"$id": 11, "sounds": [{"d": 0.230768919, "p": 60, "v": 100}], "pos": -1.0, "size": 1.0, "_time": 3.921875}, {"$id": 12, "sounds": [{"d": 0.230769157, "p": 63, "v": 100}], "pos": 1.0, "size": 1.0, "_time": 4.15234375}, {"$id": 13, "sounds": [{"d": 0.230769157, "p": 60, "v": 100}], "pos": -1.0, "size": 1.0, "_time": 4.3828125}, {"$id": 14, "sounds": [{"d": 0.230769157, "p": 63, "v": 100}], "pos": 1.0, "size": 1.0, "_time": 4.6171875}, {"$id": 15, "sounds": [{"d": 0.230769157, "p": 75, "v": 100}], "pos": 2.0, "size": 1.0, "_time": 4.84765625}, {"$id": 16, "sounds": [{"d": 0.230769157, "p": 74, "v": 100}], "pos": 1.0, "size": 1.0, "_time": 5.078125}, {"$id": 17, "sounds": [{"d": 0.115384579, "p": 70, "v": 100}], "size": 1.0, "_time": 5.30859375, "pos": 0}, {"$id": 18, "sounds": [{"d": 0.346153259, "p": 72, "v": 100}], "pos": 2.0, "size": 1.0, "_time": 5.421875}, {"$id": 19, "sounds": [{"d": 0.230769157, "p": 60, "v": 100}], "pos": -1.0, "size": 1.0, "_time": 5.76953125}, {"$id": 20, "sounds": [{"d": 0.230769157, "p": 63, "v": 100}], "pos": 1.0, "size": 1.0, "_time": 6.0}, {"$id": 21, "sounds": [{"d": 0.230769157, "p": 60, "v": 100}], "pos": -1.0, "size": 1.0, "_time": 6.23046875}, {"$id": 22, "sounds": [{"d": 0.230769157, "p": 63, "v": 100}], "pos": 1.0, "size": 1.0, "_time": 6.4609375}, {"$id": 23, "sounds": [{"d": 0.230769157, "p": 60, "v": 100}], "pos": -1.0, "size": 1.0, "_time": 6.69140625}, {"$id": 24, "sounds": [{"d": 0.230769157, "p": 63, "v": 100}], "pos": 1.0, "size": 1.0, "_time": 6.921875}, {"$id": 25, "sounds": [{"d": 0.115384579, "p": 70, "v": 100}], "pos": 2.0, "size": 1.0, "_time": 7.15234375}, {"$id": 26, "sounds": [{"d": 0.346153259, "p": 67, "v": 100}], "size": 1.0, "_time": 7.26953125, "pos": 0}, {"$id": 27, "sounds": [{"d": 0.230769157, "p": 60, "v": 100}], "pos": -1.0, "size": 1.0, "_time": 7.6171875}, {"$id": 28, "sounds": [{"d": 0.230768681, "p": 63, "v": 100}], "pos": 1.0, "size": 1.0, "_time": 7.84765625}, {"$id": 29, "sounds": [{"d": 0.230769157, "p": 60, "v": 100}], "pos": -1.0, "size": 1.0, "_time": 8.078125}, {"$id": 30, "sounds": [{"d": 0.230769157, "p": 63, "v": 100}], "pos": 1.0, "size": 1.0, "_time": 8.308594}, {"$id": 31, "sounds": [{"d": 0.230769157, "p": 99, "v": 100}], "size": 0.6999999, "_time": 8.5390625, "pos": 0}, {"$id": 32, "sounds": [{"d": 0.028845787, "p": 100, "v": 100}], "pos": 2.0, "size": 0.6999999, "_time": 8.769531}, {"$id": 33, "sounds": [{"d": 0.028845787, "p": 98, "v": 100}], "pos": 1.732034, "size": 0.6999999, "_time": 8.796875}, {"$id": 34, "sounds": [{"d": 0.028845787, "p": 96, "v": 100}], "pos": 1.5, "size": 0.6999999, "_time": 8.828125}, {"$id": 35, "sounds": [{"d": 0.033654213, "p": 95, "v": 100}], "pos": 1.25639546, "size": 0.6999999, "_time": 8.855469}, {"$id": 36, "sounds": [{"d": 0.028845787, "p": 93, "v": 100}], "pos": 0.9512795, "size": 0.6999999, "_time": 8.890625}, {"$id": 37, "sounds": [{"d": 0.028845787, "p": 91, "v": 100}], "pos": 0.7320341, "size": 0.6999999, "_time": 8.917969}, {"$id": 38, "sounds": [{"d": 0.028845787, "p": 89, "v": 100}], "pos": 0.451279551, "size": 0.6999999, "_time": 8.9453125}, {"$id": 39, "sounds": [{"d": 0.0384616852, "p": 88, "v": 100}], "pos": 0.232034117, "size": 0.6999999, "_time": 8.9765625}, {"$id": 40, "sounds": [{"d": 0.0240383148, "p": 86, "v": 100}], "pos": -0.07308069, "size": 0.6999999, "_time": 9.015625}, {"$id": 41, "sounds": [{"d": 0.028845787, "p": 84, "v": 100}], "pos": -0.3166852, "size": 0.6999999, "_time": 9.0390625}, {"$id": 42, "sounds": [{"d": 0.033654213, "p": 83, "v": 100}], "pos": -0.573080659, "size": 0.6999999, "_time": 9.066406}, {"$id": 43, "sounds": [{"d": 0.0384616852, "p": 81, "v": 100}], "pos": -0.9269171, "size": 0.6999999, "_time": 9.1015625}, {"$id": 44, "sounds": [{"d": 0.0240383148, "p": 79, "v": 100}], "pos": -1.29232717, "size": 0.6999999, "_time": 9.140625}, {"$id": 45, "sounds": [{"d": 0.028845787, "p": 77, "v": 100}], "pos": -1.53593063, "size": 0.6999999, "_time": 9.1640625}, {"$id": 46, "sounds": [{"d": 0.0240383148, "p": 76, "v": 100}], "pos": -1.79232609, "size": 0.6999999, "_time": 9.191406}, {"$id": 47, "sounds": [{"d": 0.245192528, "p": 74, "v": 100}], "pos": -2.0, "size": 0.6999999, "_time": 9.214844}, {"$id": 48, "sounds": [{"d": 0.230769157, "p": 60, "v": 127}], "pos": -1.0, "size": 1.0, "_time": 9.4609375}, {"$id": 49, "sounds": [{"d": 0.230769157, "p": 63, "v": 127}], "pos": 1.0, "size": 1.0, "_time": 9.691406}, {"$id": 50, "sounds": [{"d": 0.230769157, "p": 60, "v": 127}], "pos": -1.0, "size": 1.0, "_time": 9.921875}, {"$id": 51, "sounds": [{"d": 0.230769157, "p": 63, "v": 127}], "pos": 1.0, "size": 1.0, "_time": 10.1523438}, {"$id": 52, "sounds": [{"d": 0.230769157, "p": 60, "v": 127}], "pos": -1.0, "size": 1.0, "_time": 10.3828125}, {"$id": 53, "sounds": [{"d": 0.230769157, "p": 63, "v": 127}], "pos": 1.0, "size": 1.0, "_time": 10.6171875}, {"$id": 54, "sounds": [{"d": 0.1153841, "p": 70, "v": 127}], "pos": 2.0, "size": 1.0, "_time": 10.8476563}, {"$id": 55, "sounds": [{"d": 0.346153259, "p": 67, "v": 127}], "size": 1.0, "_time": 10.9609375, "pos": 0}, {"$id": 56, "sounds": [{"d": 0.230769157, "p": 65, "v": 127}], "pos": 1.0, "size": 1.0, "_time": 11.3085938}, {"$id": 57, "sounds": [{"d": 0.230769157, "p": 65, "v": 127}], "pos": 1.0, "size": 1.0, "_time": 11.5390625}, {"$id": 58, "sounds": [{"d": 0.230769157, "p": 63, "v": 127}], "size": 1.0, "_time": 11.7695313, "pos": 0}, {"$id": 59, "sounds": [{"d": 0.230769157, "p": 62, "v": 127}], "pos": -1.0, "size": 1.0, "_time": 12.0}, {"$id": 60, "sounds": [{"d": 0.230769157, "p": 63, "v": 127}], "size": 1.0, "_time": 12.2304688, "pos": 0}, {"$id": 61, "sounds": [{"d": 0.230769157, "p": 62, "v": 127}], "pos": -1.0, "size": 1.0, "_time": 12.4609375}, {"$id": 62, "sounds": [{"d": 0.1153841, "p": 58, "v": 127}], "pos": -2.0, "size": 1.0, "_time": 12.6914063}, {"$id": 63, "sounds": [{"d": 0.346153259, "p": 60, "v": 127}], "size": 1.0, "_time": 12.8085938, "pos": 0}, {"$id": 64, "sounds": [{"d": 0.230769157, "p": 60, "v": 127}], "pos": -1.0, "size": 1.0, "_time": 13.1523438}, {"$id": 65, "sounds": [{"d": 0.230769157, "p": 63, "v": 127}], "pos": 1.0, "size": 1.0, "_time": 13.3828125}, {"$id": 66, "sounds": [{"d": 0.230769157, "p": 60, "v": 127}], "pos": -1.0, "size": 1.0, "_time": 13.6171875}, {"$id": 67, "sounds": [{"d": 0.230769157, "p": 63, "v": 127}], "pos": 1.0, "size": 1.0, "_time": 13.8476563}, {"$id": 68, "sounds": [{"d": 0.230769157, "p": 60, "v": 127}], "pos": -1.0, "size": 1.0, "_time": 14.078125}, {"$id": 69, "sounds": [{"d": 0.230769157, "p": 63, "v": 127}], "pos": 1.0, "size": 1.0, "_time": 14.3085938}, {"$id": 70, "sounds": [{"d": 0.1153841, "p": 70, "v": 127}], "pos": 2.0, "size": 1.0, "_time": 14.5390625}, {"$id": 71, "sounds": [{"d": 0.346153259, "p": 67, "v": 127}], "size": 1.0, "_time": 14.6523438, "pos": 0}, {"$id": 72, "sounds": [{"d": 0.230769157, "p": 65, "v": 127}], "pos": -2.0, "size": 1.0, "_time": 15.0}, {"$id": 73, "sounds": [{"d": 0.230769157, "p": 67, "v": 127}], "pos": -1.0, "size": 1.0, "_time": 15.2304688}, {"$id": 74, "sounds": [{"d": 0.230769157, "p": 70, "v": 127}], "size": 1.0, "_time": 15.4609375, "pos": 0}, {"$id": 75, "sounds": [{"d": 0.230769157, "p": 74, "v": 127}], "pos": 1.0, "size": 1.0, "_time": 15.6914063}, {"$id": 76, "sounds": [{"d": 0.1153841, "p": 75, "v": 127}], "pos": 2.0, "size": 1.0, "_time": 15.921875}, {"$id": 77, "sounds": [{"d": 0.2307682, "p": 74, "v": 127}], "size": 1.0, "_time": 16.0390625, "pos": 0}, {"$id": 78, "sounds": [{"d": 0.2307682, "p": 70, "v": 127}], "pos": -1.0, "size": 1.0, "_time": 16.2695313}, {"$id": 79, "sounds": [{"d": 0.346153259, "p": 67, "v": 127}], "pos": -2.0, "size": 1.0, "_time": 16.5}, {"$id": 80, "sounds": [{"d": 0.2307682, "p": 60, "v": 127}], "pos": -1.0, "size": 1.0, "_time": 16.8476563}, {"$id": 81, "sounds": [{"d": 0.2307682, "p": 63, "v": 127}], "pos": 1.0, "size": 1.0, "_time": 17.078125}, {"$id": 82, "sounds": [{"d": 0.2307682, "p": 60, "v": 127}], "pos": -1.0, "size": 1.0, "_time": 17.3085938}, {"$id": 83, "sounds": [{"d": 0.2307682, "p": 63, "v": 127}], "pos": 1.0, "size": 1.0, "_time": 17.5390625}, {"$id": 84, "sounds": [{"d": 0.2307682, "p": 60, "v": 127}], "pos": -1.0, "size": 1.0, "_time": 17.7695313}, {"$id": 85, "sounds": [{"d": 0.2307682, "p": 63, "v": 127}], "pos": 1.0, "size": 1.0, "_time": 18.0}, {"$id": 86, "sounds": [{"d": 0.115385056, "p": 70, "v": 127}], "pos": 2.0, "size": 1.0, "_time": 18.2304688}, {"$id": 87, "sounds": [{"d": 0.346153259, "p": 67, "v": 127}], "size": 1.0, "_time": 18.3476563, "pos": 0}, {"$id": 88, "sounds": [{"d": 0.2307682, "p": 65, "v": 127}], "pos": 1.0, "size": 1.0, "_time": 18.6914063}, {"$id": 89, "sounds": [{"d": 0.2307682, "p": 65, "v": 127}], "pos": 1.0, "size": 1.0, "_time": 18.921875}, {"$id": 90, "sounds": [{"d": 0.2307682, "p": 63, "v": 127}], "size": 1.0, "_time": 19.1523438, "pos": 0}, {"$id": 91, "sounds": [{"d": 0.2307682, "p": 62, "v": 127}], "pos": -1.0, "size": 1.0, "_time": 19.3828125}, {"$id": 92, "sounds": [{"d": 0.115385056, "p": 63, "v": 127}], "size": 1.0, "_time": 19.6171875, "pos": 0}, {"$id": 93, "sounds": [{"d": 0.2307682, "p": 62, "v": 127}], "pos": -2.0, "size": 1.0, "_time": 19.7304688}, {"$id": 94, "sounds": [{"d": 0.115385056, "p": 58, "v": 127}], "pos": -2.0, "size": 1.0, "_time": 19.9609375}, {"$id": 95, "sounds": [{"d": 0.115385056, "p": 60, "v": 121}], "pos": -1.0, "size": 1.0, "_time": 20.078125}, {"$id": 96, "sounds": [{"d": 0.346153259, "p": 63, "v": 127}], "size": 1.0, "_time": 20.1914063, "pos": 0}, {"$id": 97, "sounds": [{"d": 0.2307682, "p": 60, "v": 127}], "pos": -1.0, "size": 1.0, "_time": 20.5390625}, {"$id": 98, "sounds": [{"d": 0.115385056, "p": 60, "v": 127}], "pos": -1.0, "size": 1.0, "_time": 20.7695313}, {"$id": 99, "sounds": [{"d": 0.115385056, "p": 63, "v": 127}], "size": 1.0, "_time": 20.8828125, "pos": 0}, {"$id": 100, "sounds": [{"d": 0.4615383, "p": 65, "v": 127}, {"d": 0.4615383, "p": 62, "v": 127}], "pos": 1.0, "size": 1.0, "_time": 21.0}, {"$id": 101, "sounds": [{"d": 0.2307682, "p": 62, "v": 127}], "size": 1.0, "_time": 21.4609375, "pos": 0}, {"$id": 102, "sounds": [{"d": 0.115385056, "p": 62, "v": 127}], "size": 1.0, "_time": 21.6914063, "pos": 0}, {"$id": 103, "sounds": [{"d": 0.115385056, "p": 63, "v": 127}], "pos": 1.0, "size": 1.0, "_time": 21.8085938}, {"$id": 104, "sounds": [{"d": 0.4615383, "p": 66, "v": 127}, {"d": 0.4615383, "p": 60, "v": 127}], "pos": 2.0, "size": 1.0, "_time": 21.921875}, {"$id": 105, "sounds": [{"d": 0.2307682, "p": 63, "v": 127}], "pos": -0.5, "size": 1.0, "_time": 22.3828125}, {"$id": 106, "sounds": [{"d": 0.2307682, "p": 65, "v": 127}], "pos": 0.5, "size": 1.0, "_time": 22.6171875}, {"$id": 107, "sounds": [{"d": 0.115385056, "p": 67, "v": 127}], "pos": -1.0, "size": 1.0, "_time": 22.8476563}, {"$id": 108, "sounds": [{"d": 0.2307682, "p": 68, "v": 127}], "pos": 1.0, "size": 1.0, "_time": 22.9609375}, {"$id": 109, "sounds": [{"d": 0.2307682, "p": 65, "v": 127}], "pos": -1.5, "size": 1.0, "_time": 23.1914063}, {"$id": 110, "sounds": [{"d": 0.2307682, "p": 73, "v": 127}], "pos": 0.5, "size": 1.0, "_time": 23.1914063}, {"$id": 111, "sounds": [{"d": 0.2307682, "p": 67, "v": 127}], "pos": -0.5, "size": 1.0, "_time": 23.421875}, {"$id": 112, "sounds": [{"d": 0.2307682, "p": 75, "v": 127}], "pos": 1.5, "size": 1.0, "_time": 23.421875}, {"$id": 113, "sounds": [{"d": 0.115385056, "p": 68, "v": 127}], "pos": -2.0, "size": 1.0, "_time": 23.6523438}, {"$id": 114, "sounds": [{"d": 0.115385056, "p": 77, "v": 127}], "pos": 1.0, "size": 1.0, "_time": 23.6523438}, {"$id": 115, "sounds": [{"d": 1.15384483, "p": 70, "v": 127}], "pos": -1.0, "size": 1.0, "_time": 23.7695313}, {"$id": 116, "sounds": [{"d": 1.15384483, "p": 79, "v": 127}], "pos": 2.0, "size": 1.0, "_time": 23.7695313}, {"$id": 117, "sounds": [{"d": 0.346153259, "p": 84, "v": 111}], "size": 1.0, "_time": 24.921875, "pos": 0}, {"$id": 118, "sounds": [{"d": 0.346153259, "p": 86, "v": 111}], "pos": 1.0, "size": 1.0, "_time": 25.2695313}, {"$id": 119, "sounds": [{"d": 0.2307682, "p": 87, "v": 111}], "pos": 2.0, "size": 1.0, "_time": 25.6171875}, {"$id": 120, "sounds": [{"d": 1.15384483, "p": 79, "v": 111}], "pos": -1.0, "size": 1.0, "_time": 25.8476563}, {"$id": 121, "sounds": [{"d": 0.115385056, "p": 77, "v": 111}], "pos": 1.0, "size": 1.0, "_time": 27.0}, {"$id": 122, "sounds": [{"d": 0.115385056, "p": 79, "v": 111}], "pos": 2.0, "size": 1.0, "_time": 27.1171875}, {"$id": 123, "sounds": [{"d": 0.2307682, "p": 77, "v": 111}], "pos": 1.0, "size": 1.0, "_time": 27.2304688}, {"$id": 124, "sounds": [{"d": 0.2307682, "p": 75, "v": 111}], "size": 1.0, "_time": 27.4609375, "pos": 0}, {"$id": 125, "sounds": [{"d": 0.115385056, "p": 74, "v": 111}], "pos": 2.0, "size": 1.0, "_time": 27.6914063}, {"$id": 126, "sounds": [{"d": 0.2307682, "p": 72, "v": 111}], "size": 1.0, "_time": 27.8085938, "pos": 0}, {"$id": 127, "sounds": [{"d": 0.115385056, "p": 72, "v": 111}], "pos": 1.0, "size": 1.0, "_time": 28.0390625}, {"$id": 128, "sounds": [{"d": 0.2307682, "p": 70, "v": 111}], "pos": -1.0, "size": 1.0, "_time": 28.1523438}, {"$id": 129, "sounds": [{"d": 0.115385056, "p": 70, "v": 111}], "size": 1.0, "_time": 28.3828125, "pos": 0}, {"$id": 130, "sounds": [{"d": 0.2307682, "p": 68, "v": 111}], "pos": -2.0, "size": 1.0, "_time": 28.5}, {"$id": 131, "sounds": [{"d": 0.115385056, "p": 68, "v": 111}], "pos": 1.0, "size": 1.0, "_time": 28.7304688}, {"$id": 132, "sounds": [{"d": 0.2307682, "p": 67, "v": 111}], "pos": -1.0, "size": 1.0, "_time": 28.8476563}, {"$id": 133, "sounds": [{"d": 0.2307682, "p": 65, "v": 111}], "size": 1.0, "_time": 29.078125, "pos": 0}, {"$id": 134, "sounds": [{"d": 0.2307682, "p": 63, "v": 111}], "pos": -1.0, "size": 1.0, "_time": 29.3085938}, {"$id": 135, "sounds": [{"d": 0.346153259, "p": 65, "v": 111}], "size": 1.0, "_time": 29.5390625, "pos": 0}, {"$id": 136, "sounds": [{"d": 0.346153259, "p": 67, "v": 111}], "pos": 1.0, "size": 1.0, "_time": 29.8828125}, {"$id": 137, "sounds": [{"d": 0.6923065, "p": 67, "v": 111}], "pos": 1.0, "size": 1.0, "_time": 30.2304688}, {"$id": 138, "sounds": [{"d": 0.115385056, "p": 58, "v": 111}], "size": 1.0, "_time": 30.921875, "pos": 0}, {"$id": 139, "sounds": [{"d": 0.115385056, "p": 60, "v": 110}], "pos": 0.5, "size": 1.0, "_time": 31.0390625}, {"$id": 140, "sounds": [{"d": 0.115385056, "p": 63, "v": 110}], "pos": 1.0, "size": 1.0, "_time": 31.1523438}, {"$id": 141, "sounds": [{"d": 0.115385056, "p": 65, "v": 110}], "pos": 1.5, "size": 1.0, "_time": 31.2695313}, {"$id": 142, "sounds": [{"d": 0.6923065, "p": 70, "v": 110}], "pos": 2.0, "size": 1.0, "_time": 31.3828125}, {"$id": 143, "sounds": [{"d": 0.9230766, "p": 67, "v": 110}], "pos": -2.0, "size": 1.0, "_time": 32.078125}, {"$id": 144, "sounds": [{"d": 0.115383148, "p": 74, "v": 110}], "pos": -1.0, "size": 1.0, "_time": 33.0}, {"$id": 145, "sounds": [{"d": 0.115383148, "p": 75, "v": 110}], "size": 1.0, "_time": 33.1171875, "pos": 0}, {"$id": 146, "sounds": [{"d": 0.346153259, "p": 74, "v": 110}], "pos": -1.0, "size": 1.0, "_time": 33.23047}, {"$id": 147, "sounds": [{"d": 0.346153259, "p": 77, "v": 110}], "pos": 2.0, "size": 1.0, "_time": 33.578125}, {"$id": 148, "sounds": [{"d": 0.4615364, "p": 76, "v": 110}], "pos": 1.0, "size": 1.0, "_time": 33.921875}, {"$id": 149, "sounds": [{"d": 0.230770111, "p": 70, "v": 110}], "size": 1.0, "_time": 34.3828125, "pos": 0}, {"$id": 150, "sounds": [{"d": 0.115383148, "p": 72, "v": 110}], "pos": -2.0, "size": 1.0, "_time": 34.6171875}, {"$id": 151, "sounds": [{"d": 0.115383148, "p": 74, "v": 110}], "pos": -1.5, "size": 1.0, "_time": 34.73047}, {"$id": 152, "sounds": [{"d": 0.115383148, "p": 75, "v": 110}], "pos": -1.0, "size": 1.0, "_time": 34.8476563}, {"$id": 153, "sounds": [{"d": 0.115383148, "p": 77, "v": 110}], "pos": -0.5, "size": 1.0, "_time": 34.9609375}, {"$id": 154, "sounds": [{"d": 0.346153259, "p": 79, "v": 110}], "size": 1.0, "_time": 35.078125, "pos": 0}, {"$id": 155, "sounds": [{"d": 0.230770111, "p": 72, "v": 110}], "pos": -2.0, "size": 1.0, "_time": 35.421875}, {"$id": 156, "sounds": [{"d": 0.115383148, "p": 79, "v": 110}], "pos": 2.0, "size": 1.0, "_time": 35.6523438}, {"$id": 157, "sounds": [{"d": 0.346153259, "p": 77, "v": 110}], "pos": 1.0, "size": 1.0, "_time": 35.76953}, {"$id": 158, "sounds": [{"d": 0.230770111, "p": 75, "v": 110}], "size": 1.0, "_time": 36.1171875, "pos": 0}, {"$id": 159, "sounds": [{"d": 0.115383148, "p": 75, "v": 110}], "size": 1.0, "_time": 36.3476563, "pos": 0}, {"$id": 160, "sounds": [{"d": 0.230770111, "p": 74, "v": 110}], "pos": -1.0, "size": 1.0, "_time": 36.4609375}, {"$id": 161, "sounds": [{"d": 0.4615364, "p": 75, "v": 110}], "size": 1.0, "_time": 36.6914063, "pos": 0}, {"$id": 162, "sounds": [{"d": 0.230770111, "p": 70, "v": 110}], "pos": 1.0, "size": 1.0, "_time": 37.1523438}, {"$id": 163, "sounds": [{"d": 0.230770111, "p": 68, "v": 110}], "size": 1.0, "_time": 37.3828125, "pos": 0}, {"$id": 164, "sounds": [{"d": 0.230770111, "p": 65, "v": 110}], "pos": -1.0, "size": 1.0, "_time": 37.6171875}, {"$id": 165, "sounds": [{"d": 0.07692337, "p": 58, "v": 110}], "pos": -2.0, "size": 1.0, "_time": 37.8476563}, {"$id": 166, "sounds": [{"d": 0.07692337, "p": 60, "v": 110}], "pos": -1.5, "size": 1.0, "_time": 37.921875}, {"$id": 167, "sounds": [{"d": 0.07692337, "p": 63, "v": 110}], "pos": -1.0, "size": 1.0, "_time": 38.0}, {"$id": 168, "sounds": [{"d": 0.07692337, "p": 65, "v": 110}], "pos": -0.6461625, "size": 1.0, "_time": 38.078125}, {"$id": 169, "sounds": [{"d": 0.07692337, "p": 67, "v": 110}], "pos": -0.5, "size": 1.0, "_time": 38.1523438}, {"$id": 170, "sounds": [{"d": 0.07692337, "p": 70, "v": 110}], "pos": -0.219245389, "size": 1.0, "_time": 38.23047}, {"$id": 171, "sounds": [{"d": 0.07692337, "p": 72, "v": 110}], "size": 1.0, "_time": 38.3085938, "pos": 0}, {"$id": 172, "sounds": [{"d": 0.07692337, "p": 74, "v": 110}], "pos": 0.2076739, "size": 1.0, "_time": 38.3828125}, {"$id": 173, "sounds": [{"d": 0.07692337, "p": 75, "v": 110}], "pos": 0.5, "size": 1.0, "_time": 38.4609375}, {"$id": 174, "sounds": [{"d": 0.07692337, "p": 77, "v": 110}], "pos": 1.0, "size": 1.0, "_time": 38.5390625}, {"$id": 175, "sounds": [{"d": 0.07692337, "p": 79, "v": 110}], "pos": 1.5, "size": 1.0, "_time": 38.6171875}, {"$id": 176, "sounds": [{"d": 0.278846741, "p": 80, "v": 110}], "pos": 2.0, "size": 1.0, "_time": 38.6914063}, {"$id": 177, "sounds": [{"d": 0.06730652, "p": 81, "v": 110}], "size": 1.0, "_time": 38.9726563, "pos": 0}, {"$id": 178, "sounds": [{"d": 0.192306519, "p": 82, "v": 110}], "pos": 2.0, "size": 1.0, "_time": 39.0390625}, {"$id": 179, "sounds": [{"d": 0.230770111, "p": 79, "v": 110}], "size": 1.0, "_time": 39.23047, "pos": 0}, {"$id": 180, "sounds": [{"d": 0.115383148, "p": 77, "v": 110}], "pos": 1.0, "size": 1.0, "_time": 39.4609375}, {"$id": 181, "sounds": [{"d": 0.32692337, "p": 75, "v": 110}], "pos": -1.0, "size": 1.0, "_time": 39.578125}, {"$id": 182, "sounds": [{"d": 0.05288315, "p": 76, "v": 110}], "pos": -1.0, "size": 1.0, "_time": 39.9023438}, {"$id": 183, "sounds": [{"d": 0.197116852, "p": 77, "v": 110}], "pos": 1.0, "size": 1.0, "_time": 39.95703}, {"$id": 184, "sounds": [{"d": 0.230770111, "p": 75, "v": 110}], "pos": -1.0, "size": 1.0, "_time": 40.1523438}, {"$id": 185, "sounds": [{"d": 0.115383148, "p": 74, "v": 110}], "size": 1.0, "_time": 40.3828125, "pos": 0}, {"$id": 186, "sounds": [{"d": 0.346153259, "p": 70, "v": 110}], "pos": -2.0, "size": 1.0, "_time": 40.5}, {"$id": 187, "sounds": [{"d": 0.115383148, "p": 67, "v": 110}], "pos": -1.0, "size": 1.0, "_time": 40.8476563}, {"$id": 188, "sounds": [{"d": 0.115383148, "p": 65, "v": 110}], "pos": -2.0, "size": 1.0, "_time": 40.9609375}, {"$id": 189, "sounds": [{"d": 0.230770111, "p": 67, "v": 110}], "pos": -1.0, "size": 1.0, "_time": 41.078125}, {"$id": 190, "sounds": [{"d": 0.115383148, "p": 70, "v": 110}], "pos": 1.0, "size": 1.0, "_time": 41.3085938}, {"$id": 191, "sounds": [{"d": 0.3317299, "p": 74, "v": 110}], "pos": 2.0, "size": 1.0, "_time": 41.421875}, {"$id": 192, "sounds": [{"d": 0.0384597778, "p": 76, "v": 110}], "size": 1.0, "_time": 41.7539063, "pos": 0}, {"$id": 193, "sounds": [{"d": 0.206729889, "p": 77, "v": 110}], "pos": 2.0, "size": 1.0, "_time": 41.79297}, {"$id": 194, "sounds": [{"d": 0.230770111, "p": 75, "v": 110}], "size": 1.0, "_time": 42.0, "pos": 0}, {"$id": 195, "sounds": [{"d": 0.115383148, "p": 74, "v": 110}], "pos": 1.0, "size": 1.0, "_time": 42.23047}, {"$id": 196, "sounds": [{"d": 0.346153259, "p": 70, "v": 110}], "pos": -1.0, "size": 1.0, "_time": 42.3476563}, {"$id": 197, "sounds": [{"d": 0.115383148, "p": 72, "v": 110}], "pos": -1.0, "size": 1.0, "_time": 42.6914063}, {"$id": 198, "sounds": [{"d": 0.115383148, "p": 70, "v": 110}], "pos": -2.0, "size": 1.0, "_time": 42.8085938}, {"$id": 199, "sounds": [{"d": 0.230770111, "p": 72, "v": 110}], "pos": -1.0, "size": 1.0, "_time": 42.921875}, {"$id": 200, "sounds": [{"d": 0.230770111, "p": 74, "v": 110}], "size": 1.0, "_time": 43.1523438, "pos": 0}, {"$id": 201, "sounds": [{"d": 0.230770111, "p": 75, "v": 110}], "pos": 1.0, "size": 1.0, "_time": 43.3828125}, {"$id": 202, "sounds": [{"d": 0.115383148, "p": 77, "v": 110}], "pos": 1.0, "size": 1.0, "_time": 43.6171875}, {"$id": 203, "sounds": [{"d": 0.230770111, "p": 79, "v": 110}], "pos": 2.0, "size": 1.0, "_time": 43.73047}, {"$id": 204, "sounds": [{"d": 0.230770111, "p": 82, "v": 110}], "pos": 1.0, "size": 1.0, "_time": 43.9609375}, {"$id": 205, "sounds": [{"d": 0.225959778, "p": 75, "v": 110}], "size": 1.0, "_time": 44.1914063, "pos": 0}, {"$id": 206, "sounds": [{"d": 0.07211685, "p": 75, "v": 110}], "pos": -1.0, "size": 1.0, "_time": 44.41797}, {"$id": 207, "sounds": [{"d": 0.09615326, "p": 77, "v": 110}], "pos": -0.5, "size": 1.0, "_time": 44.4921875}, {"$id": 208, "sounds": [{"d": 0.06730652, "p": 78, "v": 110}], "pos": 0.5, "size": 1.0, "_time": 44.5859375}, {"$id": 209, "sounds": [{"d": 0.115383148, "p": 79, "v": 110}], "pos": 1.0, "size": 1.0, "_time": 44.6523438}, {"$id": 210, "sounds": [{"d": 0.115383148, "p": 82, "v": 110}], "pos": 2.0, "size": 1.0, "_time": 44.76953}, {"$id": 211, "sounds": [{"d": 0.115383148, "p": 79, "v": 110}], "pos": 1.5, "size": 1.0, "_time": 44.8828125}, {"$id": 212, "sounds": [{"d": 0.115383148, "p": 75, "v": 110}], "pos": 1.0, "size": 1.0, "_time": 45.0}, {"$id": 213, "sounds": [{"d": 0.230770111, "p": 74, "v": 110}], "pos": 0.5, "size": 1.0, "_time": 45.1171875}, {"$id": 214, "sounds": [{"d": 0.230770111, "p": 68, "v": 110}], "pos": -0.5, "size": 1.0, "_time": 45.3476563}, {"$id": 215, "sounds": [{"d": 0.230770111, "p": 77, "v": 110}], "pos": 1.5, "size": 1.0, "_time": 45.3476563}, {"$id": 216, "sounds": [{"d": 0.230770111, "p": 67, "v": 110}], "pos": -1.0, "size": 1.0, "_time": 45.578125}, {"$id": 217, "sounds": [{"d": 0.230770111, "p": 75, "v": 110}], "pos": 1.0, "size": 1.0, "_time": 45.578125}, {"$id": 218, "sounds": [{"d": 0.230770111, "p": 65, "v": 110}], "pos": -1.5, "size": 1.0, "_time": 45.8085938}, {"$id": 219, "sounds": [{"d": 0.230770111, "p": 74, "v": 110}], "pos": 0.5, "size": 1.0, "_time": 45.8085938}, {"$id": 220, "sounds": [{"d": 0.230770111, "p": 62, "v": 110}], "pos": -2.0, "size": 1.0, "_time": 46.0390625}, {"$id": 221, "sounds": [{"d": 0.230770111, "p": 70, "v": 110}], "size": 1.0, "_time": 46.0390625, "pos": 0}, {"$id": 222, "sounds": [{"d": 0.09615326, "p": 60, "v": 110}], "pos": -1.0, "size": 1.0, "_time": 46.26953}, {"$id": 223, "sounds": [{"d": 0.125, "p": 58, "v": 110}], "pos": -2.0, "size": 1.0, "_time": 46.3671875}, {"$id": 224, "sounds": [{"d": 0.23557663, "p": 60, "v": 110}], "pos": -1.0, "size": 1.0, "_time": 46.4921875}, {"$id": 225, "sounds": [{"d": 0.129806519, "p": 63, "v": 110}], "size": 1.0, "_time": 46.7265625, "pos": 0}, {"$id": 226, "sounds": [{"d": 0.09615326, "p": 60, "v": 110}], "pos": -1.0, "size": 1.0, "_time": 46.85547}, {"$id": 227, "sounds": [{"d": 0.2740364, "p": 63, "v": 110}], "size": 1.0, "_time": 46.953125, "pos": 0}, {"$id": 228, "sounds": [{"d": 0.105770111, "p": 67, "v": 110}], "pos": 1.0, "size": 1.0, "_time": 47.2265625}, {"$id": 229, "sounds": [{"d": 0.100959778, "p": 65, "v": 110}], "size": 1.0, "_time": 47.33203, "pos": 0}, {"$id": 230, "sounds": [{"d": 0.221153259, "p": 67, "v": 110}], "pos": 1.0, "size": 1.0, "_time": 47.4335938}, {"$id": 231, "sounds": [{"d": 0.100959778, "p": 70, "v": 110}], "pos": 2.0, "size": 1.0, "_time": 47.6523438}, {"$id": 232, "sounds": [{"d": 0.125, "p": 67, "v": 110}], "pos": 1.0, "size": 1.0, "_time": 47.7539063}, {"$id": 233, "sounds": [{"d": 0.216346741, "p": 70, "v": 110}], "pos": 2.0, "size": 1.0, "_time": 47.8789063}, {"$id": 234, "sounds": [{"d": 0.03365326, "p": 76, "v": 110}], "size": 1.0, "_time": 48.0976563, "pos": 0}, {"$id": 235, "sounds": [{"d": 0.100959778, "p": 77, "v": 110}], "pos": 2.0, "size": 1.0, "_time": 48.1289063}, {"$id": 236, "sounds": [{"d": 0.230770111, "p": 75, "v": 110}], "size": 1.0, "_time": 48.23047, "pos": 0}, {"$id": 237, "sounds": [{"d": 0.230770111, "p": 74, "v": 110}], "pos": -1.0, "size": 1.0, "_time": 48.4609375}, {"$id": 238, "sounds": [{"d": 0.115383148, "p": 75, "v": 110}], "pos": 1.0, "size": 1.0, "_time": 48.6914063}, {"$id": 239, "sounds": [{"d": 0.42307663, "p": 70, "v": 110}], "pos": -1.0, "size": 1.0, "_time": 48.8085938}, {"$id": 240, "sounds": [{"d": 0.0384597778, "p": 71, "v": 110}], "pos": -1.0, "size": 1.0, "_time": 49.23047}, {"$id": 241, "sounds": [{"d": 0.115383148, "p": 72, "v": 110}], "pos": 1.0, "size": 1.0, "_time": 49.26953}, {"$id": 242, "sounds": [{"d": 0.230770111, "p": 70, "v": 110}], "pos": -1.0, "size": 1.0, "_time": 49.3828125}, {"$id": 243, "sounds": [{"d": 0.115383148, "p": 67, "v": 110}], "size": 1.0, "_time": 49.6171875, "pos": 0}, {"$id": 244, "sounds": [{"d": 0.230770111, "p": 63, "v": 110}], "pos": -2.0, "size": 1.0, "_time": 49.73047}, {"$id": 245, "sounds": [{"d": 0.115383148, "p": 58, "v": 110}], "pos": -2.0, "size": 1.0, "_time": 49.9609375}, {"$id": 246, "sounds": [{"d": 0.115383148, "p": 60, "v": 110}], "pos": -1.5, "size": 1.0, "_time": 50.078125}, {"$id": 247, "sounds": [{"d": 0.115383148, "p": 63, "v": 110}], "pos": -1.0, "size": 1.0, "_time": 50.1914063}, {"$id": 248, "sounds": [{"d": 0.115383148, "p": 60, "v": 110}], "pos": -1.5, "size": 1.0, "_time": 50.3085938}, {"$id": 249, "sounds": [{"d": 0.115383148, "p": 63, "v": 110}], "pos": -1.0, "size": 1.0, "_time": 50.421875}, {"$id": 250, "sounds": [{"d": 0.346153259, "p": 65, "v": 110}], "pos": -0.5, "size": 1.0, "_time": 50.5390625}, {"$id": 251, "sounds": [{"d": 0.115383148, "p": 60, "v": 110}], "pos": 0.5, "size": 1.0, "_time": 50.8828125}, {"$id": 252, "sounds": [{"d": 0.115383148, "p": 63, "v": 110}], "pos": 1.0, "size": 1.0, "_time": 51.0}, {"$id": 253, "sounds": [{"d": 0.115383148, "p": 65, "v": 110}], "pos": 1.5, "size": 1.0, "_time": 51.1171875}, {"$id": 254, "sounds": [{"d": 0.115383148, "p": 63, "v": 110}], "pos": 1.0, "size": 1.0, "_time": 51.23047}, {"$id": 255, "sounds": [{"d": 0.115383148, "p": 65, "v": 110}], "pos": 1.5, "size": 1.0, "_time": 51.3476563}, {"$id": 256, "sounds": [{"d": 0.115383148, "p": 66, "v": 110}], "pos": 2.0, "size": 1.0, "_time": 51.4609375}, {"$id": 257, "sounds": [{"d": 0.115383148, "p": 68, "v": 110}], "pos": 1.5, "size": 1.0, "_time": 51.578125}, {"$id": 258, "sounds": [{"d": 0.115383148, "p": 70, "v": 110}], "pos": 2.0, "size": 1.0, "_time": 51.6914063}, {"$id": 259, "sounds": [{"d": 0.115383148, "p": 68, "v": 110}], "pos": 1.5, "size": 1.0, "_time": 51.8085938}, {"$id": 260, "sounds": [{"d": 0.115383148, "p": 72, "v": 110}], "pos": 1.0, "size": 1.0, "_time": 51.921875}, {"$id": 261, "sounds": [{"d": 0.115383148, "p": 73, "v": 110}], "pos": 0.5, "size": 1.0, "_time": 52.0390625}, {"$id": 262, "sounds": [{"d": 0.115383148, "p": 74, "v": 110}], "size": 1.0, "_time": 52.1523438, "pos": 0}, {"$id": 263, "sounds": [{"d": 0.115383148, "p": 75, "v": 110}], "pos": -0.5, "size": 1.0, "_time": 52.26953}, {"$id": 264, "sounds": [{"d": 0.115383148, "p": 77, "v": 110}], "pos": -1.0, "size": 1.0, "_time": 52.3828125}, {"$id": 265, "sounds": [{"d": 0.115383148, "p": 78, "v": 110}], "pos": -1.5, "size": 1.0, "_time": 52.5}, {"$id": 266, "sounds": [{"d": 0.115383148, "p": 80, "v": 110}], "pos": -2.0, "size": 1.0, "_time": 52.6171875}, {"$id": 267, "sounds": [{"d": 0.115383148, "p": 82, "v": 110}], "pos": -1.5, "size": 1.0, "_time": 52.73047}, {"$id": 268, "sounds": [{"d": 0.115383148, "p": 83, "v": 110}], "pos": -1.0, "size": 1.0, "_time": 52.8476563}, {"$id": 269, "sounds": [{"d": 0.115383148, "p": 85, "v": 110}], "pos": -0.5, "size": 1.0, "_time": 52.9609375}, {"$id": 270, "sounds": [{"d": 0.115383148, "p": 87, "v": 110}], "size": 1.0, "_time": 53.078125, "pos": 0}, {"$id": 271, "sounds": [{"d": 0.115383148, "p": 89, "v": 100}], "pos": 0.5, "size": 1.0, "_time": 53.1914063}, {"$id": 272, "sounds": [{"d": 0.115383148, "p": 91, "v": 100}], "pos": 1.0, "size": 1.0, "_time": 53.3085938}, {"$id": 273, "sounds": [{"d": 0.115383148, "p": 92, "v": 100}], "pos": 1.5, "size": 1.0, "_time": 53.421875}, {"$id": 274, "sounds": [{"d": 0.09615326, "p": 94, "v": 100}], "pos": 2.0, "size": 1.0, "_time": 53.5390625}, {"$id": 275, "sounds": [{"d": 0.09134674, "p": 82, "v": 99}], "pos": 0.5, "size": 1.0, "_time": 53.6328125}, {"$id": 276, "sounds": [{"d": 0.08654022, "p": 94, "v": 98}], "pos": 2.0, "size": 1.0, "_time": 53.7265625}, {"$id": 277, "sounds": [{"d": 0.07692337, "p": 82, "v": 95}], "pos": 0.5, "size": 1.0, "_time": 53.8125}, {"$id": 278, "sounds": [{"d": 0.07692337, "p": 94, "v": 94}], "pos": 2.0, "size": 1.0, "_time": 53.890625}, {"$id": 279, "sounds": [{"d": 0.07692337, "p": 82, "v": 93}], "pos": 0.5, "size": 1.0, "_time": 53.9648438}, {"$id": 280, "sounds": [{"d": 0.06730652, "p": 94, "v": 93}], "pos": 2.0, "size": 1.0, "_time": 54.04297}, {"$id": 281, "sounds": [{"d": 0.06730652, "p": 82, "v": 93}], "pos": 0.5, "size": 1.0, "_time": 54.109375}, {"$id": 282, "sounds": [{"d": 0.07692337, "p": 94, "v": 93}], "pos": 2.0, "size": 1.0, "_time": 54.1796875}, {"$id": 283, "sounds": [{"d": 0.07211685, "p": 82, "v": 93}], "pos": 0.5, "size": 1.0, "_time": 54.2539063}, {"$id": 284, "sounds": [{"d": 0.06730652, "p": 94, "v": 93}], "pos": 2.0, "size": 1.0, "_time": 54.328125}, {"$id": 285, "sounds": [{"d": 0.08172989, "p": 82, "v": 93}], "pos": 0.5, "size": 1.0, "_time": 54.39453}, {"$id": 286, "sounds": [{"d": 0.100959778, "p": 94, "v": 93}], "pos": 2.0, "size": 1.0, "_time": 54.4765625}, {"$id": 287, "sounds": [{"d": 0.115383148, "p": 82, "v": 93}], "pos": 0.5, "size": 1.0, "_time": 54.578125}, {"$id": 288, "sounds": [{"d": 0.115383148, "p": 94, "v": 97}], "pos": 2.0, "size": 1.0, "_time": 54.6914063}, {"$id": 289, "sounds": [{"d": 0.105770111, "p": 82, "v": 98}], "pos": 0.5, "size": 1.0, "_time": 54.8085938}, {"$id": 290, "sounds": [{"d": 2.31730652, "p": 94, "v": 100}], "pos": 2.0, "size": 1.0, "_time": 54.9140625}, {"$id": 291, "sounds": [{"d": 0.9230766, "p": 65, "v": 34}], "size": 1.0, "_time": 57.23047, "pos": 0}, {"$id": 292, "sounds": [{"d": 0.9230766, "p": 60, "v": 34}, {"d": 0.9230766, "p": 63, "v": 34}], "pos": -2.0, "size": 1.0, "_time": 57.23047}, {"$id": 293, "sounds": [{"d": 0.9230766, "p": 63, "v": 34}, {"d": 0.9230766, "p": 60, "v": 34}], "pos": -2.0, "size": 1.0, "_time": 58.1523438}, {"$id": 294, "sounds": [{"d": 0.9230766, "p": 67, "v": 34}], "pos": 1.0, "size": 1.0, "_time": 58.1523438}, {"$id": 295, "sounds": [{"d": 0.4615364, "p": 68, "v": 34}], "pos": 2.0, "size": 1.0, "_time": 59.078125}, {"$id": 296, "sounds": [{"d": 0.4615364, "p": 65, "v": 34}, {"d": 0.4615364, "p": 61, "v": 34}], "pos": -1.0, "size": 1.0, "_time": 59.078125}, {"$id": 297, "sounds": [{"d": 0.4615364, "p": 67, "v": 34}], "pos": 1.0, "size": 1.0, "_time": 59.5390625}, {"$id": 298, "sounds": [{"d": 0.4615364, "p": 65, "v": 34}], "size": 1.0, "_time": 60.0, "pos": 0}, {"$id": 299, "sounds": [{"d": 0.4615364, "p": 61, "v": 34}, {"d": 0.4615364, "p": 58, "v": 34}], "pos": -2.0, "size": 1.0, "_time": 60.0}, {"$id": 300, "sounds": [{"d": 0.5769234, "p": 67, "v": 34}], "pos": 2.0, "size": 1.0, "_time": 60.4609375}, {"$id": 301, "sounds": [{"d": 0.346153259, "p": 60, "v": 48}], "pos": -1.0, "size": 1.0, "_time": 61.0390625}, {"$id": 302, "sounds": [{"d": 0.230770111, "p": 60, "v": 50}], "pos": -1.0, "size": 1.0, "_time": 61.3828125}, {"$id": 303, "sounds": [{"d": 0.230770111, "p": 60, "v": 51}], "pos": -1.0, "size": 1.0, "_time": 61.6171875}, {"$id": 304, "sounds": [{"d": 0.230770111, "p": 62, "v": 52}], "pos": 1.0, "size": 1.0, "_time": 61.8476563}, {"$id": 305, "sounds": [{"d": 0.230770111, "p": 60, "v": 53}], "pos": -1.0, "size": 1.0, "_time": 62.078125}, {"$id": 306, "sounds": [{"d": 0.115383148, "p": 62, "v": 55}], "pos": 1.0, "size": 1.0, "_time": 62.3085938}, {"$id": 307, "sounds": [{"d": 0.115383148, "p": 60, "v": 55}], "pos": -1.0, "size": 1.0, "_time": 62.421875}, {"$id": 308, "sounds": [{"d": 0.115383148, "p": 62, "v": 56}], "pos": 1.0, "size": 1.0, "_time": 62.5390625}, {"$id": 309, "sounds": [{"d": 0.230770111, "p": 60, "v": 57}], "pos": -1.0, "size": 1.0, "_time": 62.6523438}, {"$id": 310, "sounds": [{"d": 0.230770111, "p": 63, "v": 58}], "pos": 2.0, "size": 1.0, "_time": 62.8828125}, {"$id": 311, "sounds": [{"d": 0.115383148, "p": 62, "v": 59}], "size": 1.0, "_time": 63.1171875, "pos": 0}, {"$id": 312, "sounds": [{"d": 0.230770111, "p": 63, "v": 60}], "pos": 2.0, "size": 1.0, "_time": 63.23047}, {"$id": 313, "sounds": [{"d": 0.230770111, "p": 60, "v": 61}], "pos": -1.0, "size": 1.0, "_time": 63.4609375}, {"$id": 314, "sounds": [{"d": 0.230770111, "p": 63, "v": 62}], "pos": 1.0, "size": 1.0, "_time": 63.6914063}, {"$id": 315, "sounds": [{"d": 0.2307663, "p": 62, "v": 63}], "pos": -1.0, "size": 1.0, "_time": 63.921875}, {"$id": 316, "sounds": [{"d": 0.115386963, "p": 63, "v": 65}], "pos": 1.0, "size": 1.0, "_time": 64.15234}, {"$id": 317, "sounds": [{"d": 0.115386963, "p": 60, "v": 65}], "pos": -1.0, "size": 1.0, "_time": 64.26953}, {"$id": 318, "sounds": [{"d": 0.115386963, "p": 62, "v": 66}], "size": 1.0, "_time": 64.38281, "pos": 0}, {"$id": 319, "sounds": [{"d": 0.115386963, "p": 63, "v": 67}], "pos": 1.0, "size": 1.0, "_time": 64.5}, {"$id": 320, "sounds": [{"d": 0.2307663, "p": 60, "v": 100}], "pos": -1.0, "size": 1.0, "_time": 64.61719}, {"$id": 321, "sounds": [{"d": 0.2307663, "p": 56, "v": 101}], "pos": -2.0, "size": 1.0, "_time": 64.84766}, {"$id": 322, "sounds": [{"d": 0.2307663, "p": 56, "v": 101}], "pos": -1.0, "size": 1.0, "_time": 65.078125}, {"$id": 323, "sounds": [{"d": 0.2307663, "p": 60, "v": 101}], "pos": 1.0, "size": 1.0, "_time": 65.078125}, {"$id": 324, "sounds": [{"d": 0.461540222, "p": 58, "v": 100}], "size": 1.0, "_time": 65.30859, "pos": 0}, {"$id": 325, "sounds": [{"d": 0.461540222, "p": 62, "v": 100}], "pos": 2.0, "size": 1.0, "_time": 65.30859}, {"$id": 326, "sounds": [{"d": 0.2307663, "p": 58, "v": 100}], "pos": -1.0, "size": 1.0, "_time": 65.76953}, {"$id": 327, "sounds": [{"d": 0.2307663, "p": 58, "v": 99}], "pos": -2.0, "size": 1.0, "_time": 66.0}, {"$id": 328, "sounds": [{"d": 0.2307663, "p": 62, "v": 99}], "pos": 1.0, "size": 1.0, "_time": 66.0}, {"$id": 329, "sounds": [{"d": 0.461540222, "p": 60, "v": 99}], "size": 1.0, "_time": 66.23047, "pos": 0}, {"$id": 330, "sounds": [{"d": 0.461540222, "p": 63, "v": 99}], "pos": 2.0, "size": 1.0, "_time": 66.23047}, {"$id": 331, "sounds": [{"d": 0.2307663, "p": 60, "v": 100}], "pos": -1.0, "size": 1.0, "_time": 66.69141}, {"$id": 332, "sounds": [{"d": 0.2307663, "p": 62, "v": 98}], "size": 1.0, "_time": 66.921875, "pos": 0}, {"$id": 333, "sounds": [{"d": 0.2307663, "p": 63, "v": 98}], "pos": 1.0, "size": 1.0, "_time": 67.15234}, {"$id": 334, "sounds": [{"d": 0.461540222, "p": 65, "v": 106}], "pos": 2.0, "size": 1.0, "_time": 67.38281}, {"$id": 335, "sounds": [{"d": 0.115386963, "p": 60, "v": 63}], "size": 1.0, "_time": 67.84766, "pos": 0}, {"$id": 336, "sounds": [{"d": 0.115386963, "p": 62, "v": 64}], "pos": 0.5, "size": 1.0, "_time": 67.96094}, {"$id": 337, "sounds": [{"d": 0.115386963, "p": 63, "v": 65}], "pos": 1.0, "size": 1.0, "_time": 68.078125}, {"$id": 338, "sounds": [{"d": 0.115386963, "p": 65, "v": 62}], "pos": 1.5, "size": 1.0, "_time": 68.19141}, {"$id": 339, "sounds": [{"d": 0.2307663, "p": 67, "v": 62}], "pos": 2.0, "size": 1.0, "_time": 68.30859}, {"$id": 340, "sounds": [{"d": 0.2307663, "p": 60, "v": 56}], "pos": -1.0, "size": 1.0, "_time": 68.53906}, {"$id": 341, "sounds": [{"d": 0.115386963, "p": 63, "v": 56}, {"d": 0.115386963, "p": 67, "v": 56}], "pos": 2.0, "size": 1.0, "_time": 68.76953}, {"$id": 342, "sounds": [{"d": 0.2307663, "p": 60, "v": 56}], "pos": -1.0, "size": 1.0, "_time": 68.88281}, {"$id": 343, "sounds": [{"d": 0.2307663, "p": 63, "v": 56}, {"d": 0.2307663, "p": 67, "v": 56}], "pos": 2.0, "size": 1.0, "_time": 69.11719}, {"$id": 344, "sounds": [{"d": 0.2307663, "p": 63, "v": 56}, {"d": 0.2307663, "p": 67, "v": 56}], "pos": 2.0, "size": 1.0, "_time": 69.34766}, {"$id": 345, "sounds": [{"d": 0.115386963, "p": 60, "v": 56}], "pos": -1.0, "size": 1.0, "_time": 69.578125}, {"$id": 346, "sounds": [{"d": 0.2307663, "p": 67, "v": 56}, {"d": 0.2307663, "p": 63, "v": 56}], "pos": 2.0, "size": 1.0, "_time": 69.69141}, {"$id": 347, "sounds": [{"d": 0.346153259, "p": 60, "v": 57}], "pos": -1.0, "size": 1.0, "_time": 69.921875}, {"$id": 348, "sounds": [{"d": 0.115386963, "p": 62, "v": 57}, {"d": 0.115386963, "p": 65, "v": 57}], "pos": 1.0, "size": 1.0, "_time": 70.26953}, {"$id": 349, "sounds": [{"d": 0.2307663, "p": 58, "v": 57}], "pos": -2.0, "size": 1.0, "_time": 70.38281}, {"$id": 350, "sounds": [{"d": 0.115386963, "p": 62, "v": 57}, {"d": 0.115386963, "p": 65, "v": 57}], "pos": 1.0, "size": 1.0, "_time": 70.61719}, {"$id": 351, "sounds": [{"d": 0.2307663, "p": 58, "v": 57}], "pos": -2.0, "size": 1.0, "_time": 70.73047}, {"$id": 352, "sounds": [{"d": 0.2307663, "p": 65, "v": 57}, {"d": 0.2307663, "p": 62, "v": 57}], "pos": 1.0, "size": 1.0, "_time": 70.96094}, {"$id": 353, "sounds": [{"d": 0.2307663, "p": 62, "v": 57}, {"d": 0.2307663, "p": 65, "v": 57}], "pos": 1.0, "size": 1.0, "_time": 71.19141}, {"$id": 354, "sounds": [{"d": 0.115386963, "p": 63, "v": 58}, {"d": 0.115386963, "p": 60, "v": 58}], "size": 1.0, "_time": 71.421875, "pos": 0}, {"$id": 355, "sounds": [{"d": 0.115386963, "p": 62, "v": 58}], "pos": -2.0, "size": 1.0, "_time": 71.53906}, {"$id": 356, "sounds": [{"d": 0.115386963, "p": 63, "v": 58}], "size": 1.0, "_time": 71.65234, "pos": 0}, {"$id": 357, "sounds": [{"d": 0.115386963, "p": 62, "v": 58}], "pos": -2.0, "size": 1.0, "_time": 71.76953}, {"$id": 358, "sounds": [{"d": 0.346153259, "p": 60, "v": 58}], "pos": -1.0, "size": 1.0, "_time": 71.88281}, {"$id": 359, "sounds": [{"d": 0.2307663, "p": 60, "v": 58}], "pos": -1.0, "size": 1.0, "_time": 72.23047}, {"$id": 360, "sounds": [{"d": 0.115386963, "p": 63, "v": 58}, {"d": 0.115386963, "p": 67, "v": 58}], "pos": 2.0, "size": 1.0, "_time": 72.46094}, {"$id": 361, "sounds": [{"d": 0.2307663, "p": 60, "v": 58}], "pos": -1.0, "size": 1.0, "_time": 72.578125}, {"$id": 362, "sounds": [{"d": 0.2307663, "p": 63, "v": 59}, {"d": 0.2307663, "p": 67, "v": 59}], "pos": 2.0, "size": 1.0, "_time": 72.80859}, {"$id": 363, "sounds": [{"d": 0.2307663, "p": 63, "v": 59}, {"d": 0.2307663, "p": 67, "v": 59}], "pos": 2.0, "size": 1.0, "_time": 73.03906}, {"$id": 364, "sounds": [{"d": 0.115386963, "p": 60, "v": 59}], "pos": -1.0, "size": 1.0, "_time": 73.26953}, {"$id": 365, "sounds": [{"d": 0.2307663, "p": 63, "v": 59}, {"d": 0.2307663, "p": 67, "v": 59}], "pos": 2.0, "size": 1.0, "_time": 73.38281}, {"$id": 366, "sounds": [{"d": 0.346153259, "p": 60, "v": 59}], "pos": -1.0, "size": 1.0, "_time": 73.61328}, {"$id": 367, "sounds": [{"d": 0.115386963, "p": 61, "v": 59}, {"d": 0.115386963, "p": 65, "v": 59}], "pos": 1.0, "size": 1.0, "_time": 73.96094}, {"$id": 368, "sounds": [{"d": 0.2307663, "p": 58, "v": 59}], "pos": -2.0, "size": 1.0, "_time": 74.078125}, {"$id": 369, "sounds": [{"d": 0.115386963, "p": 61, "v": 60}, {"d": 0.115386963, "p": 65, "v": 60}], "pos": 1.0, "size": 1.0, "_time": 74.30859}, {"$id": 370, "sounds": [{"d": 0.2307663, "p": 58, "v": 60}], "pos": -2.0, "size": 1.0, "_time": 74.421875}, {"$id": 371, "sounds": [{"d": 0.2307663, "p": 61, "v": 60}, {"d": 0.2307663, "p": 65, "v": 60}], "pos": 1.0, "size": 1.0, "_time": 74.65234}, {"$id": 372, "sounds": [{"d": 0.2307663, "p": 67, "v": 60}, {"d": 0.2307663, "p": 63, "v": 60}], "pos": 2.0, "size": 1.0, "_time": 74.88281}, {"$id": 373, "sounds": [{"d": 0.115386963, "p": 65, "v": 60}, {"d": 0.115386963, "p": 61, "v": 60}], "pos": 1.0, "size": 1.0, "_time": 75.11328}, {"$id": 374, "sounds": [{"d": 0.115386963, "p": 67, "v": 60}, {"d": 0.115386963, "p": 63, "v": 60}], "pos": 2.0, "size": 1.0, "_time": 75.23047}, {"$id": 375, "sounds": [{"d": 0.115386963, "p": 55, "v": 60}], "pos": -2.0, "size": 1.0, "_time": 75.34766}, {"$id": 376, "sounds": [{"d": 0.115386963, "p": 56, "v": 60}], "pos": -1.0, "size": 1.0, "_time": 75.46094}, {"$id": 377, "sounds": [{"d": 0.2307663, "p": 58, "v": 60}], "size": 1.0, "_time": 75.578125, "pos": 0}, {"$id": 378, "sounds": [{"d": 0.115386963, "p": 60, "v": 61}], "pos": -1.0, "size": 1.0, "_time": 75.80859}, {"$id": 379, "sounds": [{"d": 0.2307663, "p": 67, "v": 61}, {"d": 0.2307663, "p": 63, "v": 61}], "pos": 2.0, "size": 1.0, "_time": 75.921875}, {"$id": 380, "sounds": [{"d": 0.115386963, "p": 67, "v": 61}, {"d": 0.115386963, "p": 63, "v": 61}], "pos": 2.0, "size": 1.0, "_time": 76.15234}, {"$id": 381, "sounds": [{"d": 0.2307663, "p": 60, "v": 61}], "pos": -1.0, "size": 1.0, "_time": 76.26953}, {"$id": 382, "sounds": [{"d": 0.2307663, "p": 67, "v": 61}, {"d": 0.2307663, "p": 63, "v": 61}], "pos": 2.0, "size": 1.0, "_time": 76.5}, {"$id": 383, "sounds": [{"d": 0.115386963, "p": 67, "v": 61}, {"d": 0.115386963, "p": 63, "v": 61}], "pos": 2.0, "size": 1.0, "_time": 76.73047}, {"$id": 384, "sounds": [{"d": 0.2307663, "p": 60, "v": 61}], "pos": -1.0, "size": 1.0, "_time": 76.84766}, {"$id": 385, "sounds": [{"d": 0.115386963, "p": 67, "v": 61}, {"d": 0.115386963, "p": 63, "v": 61}], "pos": 2.0, "size": 1.0, "_time": 77.078125}, {"$id": 386, "sounds": [{"d": 0.115386963, "p": 65, "v": 62}], "pos": 1.0, "size": 1.0, "_time": 77.19141}, {"$id": 387, "sounds": [{"d": 0.115386963, "p": 63, "v": 62}], "pos": -1.0, "size": 1.0, "_time": 77.30859}, {"$id": 388, "sounds": [{"d": 0.2307663, "p": 65, "v": 62}], "pos": 1.0, "size": 1.0, "_time": 77.421875}, {"$id": 389, "sounds": [{"d": 0.115386963, "p": 62, "v": 62}], "size": 1.0, "_time": 77.65234, "pos": 0}, {"$id": 390, "sounds": [{"d": 0.2307663, "p": 58, "v": 62}], "pos": -2.0, "size": 1.0, "_time": 77.76953}, {"$id": 391, "sounds": [{"d": 0.2307663, "p": 65, "v": 62}, {"d": 0.2307663, "p": 62, "v": 62}], "pos": 1.0, "size": 1.0, "_time": 78.0}, {"$id": 392, "sounds": [{"d": 0.115386963, "p": 65, "v": 62}, {"d": 0.115386963, "p": 62, "v": 62}], "pos": 1.0, "size": 1.0, "_time": 78.23047}, {"$id": 393, "sounds": [{"d": 0.2307663, "p": 58, "v": 62}], "pos": -2.0, "size": 1.0, "_time": 78.34766}, {"$id": 394, "sounds": [{"d": 0.2307663, "p": 60, "v": 62}, {"d": 0.2307663, "p": 64, "v": 62}], "size": 1.0, "_time": 78.578125, "pos": 0}, {"$id": 395, "sounds": [{"d": 0.115386963, "p": 58, "v": 63}], "pos": -1.0, "size": 1.0, "_time": 78.80859}, {"$id": 396, "sounds": [{"d": 0.115386963, "p": 60, "v": 63}], "pos": -0.5, "size": 1.0, "_time": 78.921875}, {"$id": 397, "sounds": [{"d": 0.115386963, "p": 62, "v": 63}], "size": 1.0, "_time": 79.03906, "pos": 0}, {"$id": 398, "sounds": [{"d": 0.115386963, "p": 63, "v": 63}], "pos": 0.5, "size": 1.0, "_time": 79.15234}, {"$id": 399, "sounds": [{"d": 0.115386963, "p": 65, "v": 65}], "pos": 1.0, "size": 1.0, "_time": 79.26953}, {"$id": 400, "sounds": [{"d": 0.2307663, "p": 63, "v": 67}, {"d": 0.2307663, "p": 67, "v": 67}], "pos": 2.0, "size": 1.0, "_time": 79.38281}, {"$id": 401, "sounds": [{"d": 0.2307663, "p": 60, "v": 75}], "pos": -1.0, "size": 1.0, "_time": 79.61328}, {"$id": 402, "sounds": [{"d": 0.2307663, "p": 63, "v": 80}, {"d": 0.2307663, "p": 67, "v": 80}], "pos": 2.0, "size": 1.0, "_time": 79.84766}, {"$id": 403, "sounds": [{"d": 0.461540222, "p": 62, "v": 86}, {"d": 0.461540222, "p": 65, "v": 86}], "pos": 1.0, "size": 1.0, "_time": 80.078125}, {"$id": 404, "sounds": [{"d": 0.0769195557, "p": 68, "v": 103}], "pos": -2.0, "size": 1.0, "_time": 80.53906}, {"$id": 405, "sounds": [{"d": 0.0769195557, "p": 70, "v": 103}], "pos": -1.0, "size": 1.0, "_time": 80.61328}, {"$id": 406, "sounds": [{"d": 0.0769195557, "p": 72, "v": 103}], "size": 1.0, "_time": 80.69141, "pos": 0}, {"$id": 407, "sounds": [{"d": 0.0769195557, "p": 74, "v": 103}], "pos": -1.0, "size": 1.0, "_time": 80.76953}, {"$id": 408, "sounds": [{"d": 0.0769195557, "p": 75, "v": 103}], "pos": -0.5, "size": 1.0, "_time": 80.84766}, {"$id": 409, "sounds": [{"d": 0.0769195557, "p": 77, "v": 103}], "size": 1.0, "_time": 80.921875, "pos": 0}, {"$id": 410, "sounds": [{"d": 0.461540222, "p": 79, "v": 103}, {"d": 0.461540222, "p": 75, "v": 103}], "pos": 0.5, "size": 1.0, "_time": 81.0}, {"$id": 411, "sounds": [{"d": 0.0769195557, "p": 70, "v": 103}], "pos": -2.0, "size": 1.0, "_time": 81.46094}, {"$id": 412, "sounds": [{"d": 0.0769195557, "p": 72, "v": 103}], "pos": -1.0, "size": 1.0, "_time": 81.53906}, {"$id": 413, "sounds": [{"d": 0.0769195557, "p": 74, "v": 104}], "size": 1.0, "_time": 81.61328, "pos": 0}, {"$id": 414, "sounds": [{"d": 0.0769195557, "p": 75, "v": 108}], "pos": -1.0, "size": 1.0, "_time": 81.69141}, {"$id": 415, "sounds": [{"d": 0.0769195557, "p": 77, "v": 110}], "pos": -0.5, "size": 1.0, "_time": 81.76953}, {"$id": 416, "sounds": [{"d": 0.0769195557, "p": 79, "v": 113}], "size": 1.0, "_time": 81.84766, "pos": 0}, {"$id": 417, "sounds": [{"d": 0.0769195557, "p": 80, "v": 116}], "pos": 0.5, "size": 1.0, "_time": 81.921875}, {"$id": 418, "sounds": [{"d": 0.0769195557, "p": 82, "v": 119}], "pos": 1.0, "size": 1.0, "_time": 82.0}, {"$id": 419, "sounds": [{"d": 0.0769195557, "p": 84, "v": 120}], "pos": 1.5, "size": 1.0, "_time": 82.078125}, {"$id": 420, "sounds": [{"d": 0.346153259, "p": 86, "v": 120}], "pos": 2.0, "size": 1.0, "_time": 82.15234}, {"$id": 421, "sounds": [{"d": 0.115386963, "p": 82, "v": 121}], "pos": -1.0, "size": 1.30000007, "_time": 82.5}, {"$id": 422, "sounds": [{"d": 0.115386963, "p": 87, "v": 78}], "size": 1.30000007, "_time": 82.61328, "pos": 0}, {"$id": 423, "sounds": [{"d": 0.115386963, "p": 89, "v": 78}], "pos": -1.0, "size": 1.30000007, "_time": 82.73047}, {"$id": 424, "sounds": [{"d": 0.115386963, "p": 91, "v": 78}], "pos": 1.0, "size": 1.30000007, "_time": 82.84766}, {"$id": 425, "sounds": [{"d": 0.115386963, "p": 92, "v": 78}], "size": 1.30000007, "_time": 82.96094, "pos": 0}, {"$id": 426, "sounds": [{"d": 0.461540222, "p": 94, "v": 78}], "pos": 2.0, "size": 1.30000007, "_time": 83.078125}, {"$id": 427, "sounds": [{"d": 0.461540222, "p": 82, "v": 52}], "pos": -1.0, "size": 1.30000007, "_time": 83.078125}, {"$id": 428, "sounds": [{"d": 0.461540222, "p": 84, "v": 52}], "size": 1.30000007, "_time": 83.53906, "pos": 0}, {"$id": 429, "sounds": [{"d": 0.461540222, "p": 96, "v": 78}], "pos": 2.0, "size": 1.30000007, "_time": 83.53906}, {"$id": 430, "sounds": [{"d": 0.461540222, "p": 75, "v": 52}], "pos": -1.0, "size": 1.30000007, "_time": 84.0}, {"$id": 431, "sounds": [{"d": 0.461540222, "p": 87, "v": 78}], "pos": 1.0, "size": 1.30000007, "_time": 84.0}, {"$id": 432, "sounds": [{"d": 0.2307663, "p": 74, "v": 52}], "pos": -2.0, "size": 1.30000007, "_time": 84.46094}, {"$id": 433, "sounds": [{"d": 0.2307663, "p": 86, "v": 78}], "size": 1.30000007, "_time": 84.46094, "pos": 0}, {"$id": 434, "sounds": [{"d": 0.2307663, "p": 75, "v": 52}], "pos": -2.0, "size": 1.30000007, "_time": 84.69141}, {"$id": 435, "sounds": [{"d": 0.2307663, "p": 87, "v": 78}], "pos": 1.0, "size": 1.30000007, "_time": 84.69141}, {"$id": 436, "sounds": [{"d": 0.461540222, "p": 82, "v": 53}], "pos": -1.0, "size": 1.30000007, "_time": 84.921875}, {"$id": 437, "sounds": [{"d": 0.461540222, "p": 94, "v": 78}], "pos": 2.0, "size": 1.30000007, "_time": 84.921875}, {"$id": 438, "sounds": [{"d": 0.461540222, "p": 84, "v": 53}], "size": 1.30000007, "_time": 85.38281, "pos": 0}, {"$id": 439, "sounds": [{"d": 0.461540222, "p": 96, "v": 78}], "pos": 2.0, "size": 1.30000007, "_time": 85.38281}, {"$id": 440, "sounds": [{"d": 0.6923065, "p": 75, "v": 53}], "pos": -1.0, "size": 1.30000007, "_time": 85.84766}, {"$id": 441, "sounds": [{"d": 0.6923065, "p": 87, "v": 78}], "pos": 1.0, "size": 1.30000007, "_time": 85.84766}, {"$id": 442, "sounds": [{"d": 0.2307663, "p": 75, "v": 53}], "pos": -1.0, "size": 1.30000007, "_time": 86.53906}, {"$id": 443, "sounds": [{"d": 0.2307663, "p": 87, "v": 78}], "pos": 1.0, "size": 1.30000007, "_time": 86.53906}, {"$id": 444, "sounds": [{"d": 0.461540222, "p": 82, "v": 53}], "pos": -1.0, "size": 1.30000007, "_time": 86.76953}, {"$id": 445, "sounds": [{"d": 0.461540222, "p": 94, "v": 78}], "pos": 2.0, "size": 1.30000007, "_time": 86.76953}, {"$id": 446, "sounds": [{"d": 0.461540222, "p": 84, "v": 53}], "size": 1.30000007, "_time": 87.23047, "pos": 0}, {"$id": 447, "sounds": [{"d": 0.461540222, "p": 96, "v": 78}], "pos": 2.0, "size": 1.30000007, "_time": 87.23047}, {"$id": 448, "sounds": [{"d": 0.2307663, "p": 80, "v": 53}], "pos": -1.0, "size": 1.30000007, "_time": 87.69141}, {"$id": 449, "sounds": [{"d": 0.2307663, "p": 92, "v": 78}], "pos": 1.0, "size": 1.30000007, "_time": 87.69141}, {"$id": 450, "sounds": [{"d": 0.2307663, "p": 79, "v": 53}], "pos": -2.0, "size": 1.30000007, "_time": 87.921875}, {"$id": 451, "sounds": [{"d": 0.2307663, "p": 91, "v": 78}], "size": 1.30000007, "_time": 87.921875, "pos": 0}, {"$id": 452, "sounds": [{"d": 0.2307663, "p": 74, "v": 54}], "pos": -1.0, "size": 1.30000007, "_time": 88.15234}, {"$id": 453, "sounds": [{"d": 0.2307663, "p": 86, "v": 78}], "pos": 1.0, "size": 1.30000007, "_time": 88.15234}, {"$id": 454, "sounds": [{"d": 0.2307663, "p": 75, "v": 54}], "pos": -2.0, "size": 1.30000007, "_time": 88.38281}, {"$id": 455, "sounds": [{"d": 0.2307663, "p": 87, "v": 78}], "pos": 1.0, "size": 1.30000007, "_time": 88.38281}, {"$id": 456, "sounds": [{"d": 0.461540222, "p": 77, "v": 54}], "pos": -1.0, "size": 1.30000007, "_time": 88.61328}, {"$id": 457, "sounds": [{"d": 0.461540222, "p": 89, "v": 79}], "pos": 2.0, "size": 1.30000007, "_time": 88.61328}, {"$id": 458, "sounds": [{"d": 0.461540222, "p": 79, "v": 54}], "pos": -2.0, "size": 1.30000007, "_time": 89.078125}, {"$id": 459, "sounds": [{"d": 0.461540222, "p": 91, "v": 79}], "pos": 1.0, "size": 1.30000007, "_time": 89.078125}, {"$id": 460, "sounds": [{"d": 0.461540222, "p": 87, "v": 54}], "size": 1.30000007, "_time": 89.53906, "pos": 0}, {"$id": 461, "sounds": [{"d": 0.461540222, "p": 99, "v": 79}], "pos": 2.0, "size": 1.30000007, "_time": 89.53906}, {"$id": 462, "sounds": [{"d": 0.461540222, "p": 86, "v": 54}], "pos": -1.0, "size": 1.30000007, "_time": 90.0}, {"$id": 463, "sounds": [{"d": 0.461540222, "p": 98, "v": 79}], "pos": 1.0, "size": 1.30000007, "_time": 90.0}, {"$id": 464, "sounds": [{"d": 0.461540222, "p": 82, "v": 54}], "pos": -1.0, "size": 1.30000007, "_time": 90.46094}, {"$id": 465, "sounds": [{"d": 0.461540222, "p": 94, "v": 79}], "pos": 2.0, "size": 1.30000007, "_time": 90.46094}, {"$id": 466, "sounds": [{"d": 0.461540222, "p": 84, "v": 54}], "size": 1.30000007, "_time": 90.921875, "pos": 0}, {"$id": 467, "sounds": [{"d": 0.461540222, "p": 96, "v": 79}], "pos": 2.0, "size": 1.30000007, "_time": 90.921875}, {"$id": 468, "sounds": [{"d": 0.461540222, "p": 75, "v": 55}], "pos": -1.0, "size": 1.30000007, "_time": 91.38281}, {"$id": 469, "sounds": [{"d": 0.461540222, "p": 87, "v": 79}], "pos": 1.0, "size": 1.30000007, "_time": 91.38281}, {"$id": 470, "sounds": [{"d": 0.2307663, "p": 74, "v": 55}], "pos": -2.0, "size": 1.30000007, "_time": 91.84766}, {"$id": 471, "sounds": [{"d": 0.2307663, "p": 86, "v": 79}], "size": 1.30000007, "_time": 91.84766, "pos": 0}, {"$id": 472, "sounds": [{"d": 0.2307663, "p": 75, "v": 55}], "pos": -2.0, "size": 1.30000007, "_time": 92.078125}, {"$id": 473, "sounds": [{"d": 0.2307663, "p": 87, "v": 79}], "pos": 1.0, "size": 1.30000007, "_time": 92.078125}, {"$id": 474, "sounds": [{"d": 0.461540222, "p": 82, "v": 55}], "pos": -1.0, "size": 1.30000007, "_time": 92.30859}, {"$id": 475, "sounds": [{"d": 0.461540222, "p": 94, "v": 79}], "pos": 2.0, "size": 1.30000007, "_time": 92.30859}, {"$id": 476, "sounds": [{"d": 0.461540222, "p": 84, "v": 55}], "size": 1.30000007, "_time": 92.76953, "pos": 0}, {"$id": 477, "sounds": [{"d": 0.461540222, "p": 96, "v": 79}], "pos": 2.0, "size": 1.30000007, "_time": 92.76953}, {"$id": 478, "sounds": [{"d": 0.461540222, "p": 76, "v": 55}], "pos": -2.0, "size": 1.30000007, "_time": 93.23047}, {"$id": 479, "sounds": [{"d": 0.461540222, "p": 88, "v": 79}], "size": 1.30000007, "_time": 93.23047, "pos": 0}, {"$id": 480, "sounds": [{"d": 0.2307663, "p": 77, "v": 55}], "pos": -2.0, "size": 1.30000007, "_time": 93.69141}, {"$id": 481, "sounds": [{"d": 0.2307663, "p": 89, "v": 79}], "size": 1.30000007, "_time": 93.69141, "pos": 0}, {"$id": 482, "sounds": [{"d": 0.2307663, "p": 79, "v": 55}], "pos": -2.0, "size": 1.30000007, "_time": 93.921875}, {"$id": 483, "sounds": [{"d": 0.2307663, "p": 91, "v": 79}], "pos": 1.0, "size": 1.30000007, "_time": 93.921875}, {"$id": 484, "sounds": [{"d": 0.2307663, "p": 80, "v": 55}], "pos": -2.0, "size": 1.30000007, "_time": 94.15234}, {"$id": 485, "sounds": [{"d": 0.2307663, "p": 92, "v": 79}], "pos": 2.0, "size": 1.30000007, "_time": 94.15234}, {"$id": 486, "sounds": [{"d": 0.2307663, "p": 79, "v": 55}], "size": 1.30000007, "_time": 94.38281, "pos": 0}, {"$id": 487, "sounds": [{"d": 0.2307663, "p": 91, "v": 79}], "pos": 2.0, "size": 1.30000007, "_time": 94.38281}, {"$id": 488, "sounds": [{"d": 0.2307663, "p": 75, "v": 56}], "pos": -1.0, "size": 1.30000007, "_time": 94.61328}, {"$id": 489, "sounds": [{"d": 0.2307663, "p": 87, "v": 79}], "pos": 2.0, "size": 1.30000007, "_time": 94.61328}, {"$id": 490, "sounds": [{"d": 0.461540222, "p": 82, "v": 56}], "pos": -2.0, "size": 1.30000007, "_time": 94.84766}, {"$id": 491, "sounds": [{"d": 0.461540222, "p": 94, "v": 79}], "pos": 2.0, "size": 1.30000007, "_time": 94.84766}, {"$id": 492, "sounds": [{"d": 0.461540222, "p": 75, "v": 56}], "pos": -1.0, "size": 1.30000007, "_time": 95.30859}, {"$id": 493, "sounds": [{"d": 0.461540222, "p": 87, "v": 79}], "pos": 1.0, "size": 1.30000007, "_time": 95.30859}, {"$id": 494, "sounds": [{"d": 0.6923065, "p": 74, "v": 56}], "pos": -1.0, "size": 1.30000007, "_time": 95.76953}, {"$id": 495, "sounds": [{"d": 0.6923065, "p": 86, "v": 79}], "pos": 1.0, "size": 1.30000007, "_time": 95.76953}, {"$id": 496, "sounds": [{"d": 0.461540222, "p": 79, "v": 56}], "pos": -2.0, "size": 1.30000007, "_time": 96.46094}, {"$id": 497, "sounds": [{"d": 0.461540222, "p": 91, "v": 79}], "size": 1.30000007, "_time": 96.46094, "pos": 0}, {"$id": 498, "sounds": [{"d": 0.461540222, "p": 80, "v": 56}], "pos": -1.0, "size": 1.30000007, "_time": 96.921875}, {"$id": 499, "sounds": [{"d": 0.461540222, "p": 92, "v": 79}], "pos": 1.0, "size": 1.30000007, "_time": 96.921875}, {"$id": 500, "sounds": [{"d": 0.461540222, "p": 82, "v": 56}], "size": 1.30000007, "_time": 97.38281, "pos": 0}, {"$id": 501, "sounds": [{"d": 0.461540222, "p": 94, "v": 79}], "pos": 2.0, "size": 1.30000007, "_time": 97.38281}, {"$id": 502, "sounds": [{"d": 0.2307663, "p": 67, "v": 62}], "pos": 2.0, "size": 1.0, "_time": 97.84766}, {"$id": 503, "sounds": [{"d": 0.2307663, "p": 60, "v": 62}], "pos": -1.0, "size": 1.0, "_time": 98.078125}, {"$id": 504, "sounds": [{"d": 0.115386963, "p": 67, "v": 62}, {"d": 0.115386963, "p": 63, "v": 62}], "pos": 2.0, "size": 1.0, "_time": 98.30859}, {"$id": 505, "sounds": [{"d": 0.2307663, "p": 60, "v": 62}], "pos": -1.0, "size": 1.0, "_time": 98.421875}, {"$id": 506, "sounds": [{"d": 0.2307663, "p": 63, "v": 62}, {"d": 0.2307663, "p": 67, "v": 62}], "pos": 2.0, "size": 1.0, "_time": 98.65234}, {"$id": 507, "sounds": [{"d": 0.2307663, "p": 63, "v": 62}, {"d": 0.2307663, "p": 67, "v": 62}], "pos": 2.0, "size": 1.0, "_time": 98.88281}, {"$id": 508, "sounds": [{"d": 0.115386963, "p": 60, "v": 62}], "pos": -1.0, "size": 1.0, "_time": 99.11328}, {"$id": 509, "sounds": [{"d": 0.2307663, "p": 67, "v": 62}, {"d": 0.2307663, "p": 63, "v": 62}], "pos": 2.0, "size": 1.0, "_time": 99.23047}, {"$id": 510, "sounds": [{"d": 0.346153259, "p": 60, "v": 62}], "pos": -1.0, "size": 1.0, "_time": 99.46094}, {"$id": 511, "sounds": [{"d": 0.115386963, "p": 65, "v": 62}, {"d": 0.115386963, "p": 62, "v": 62}], "pos": 1.0, "size": 1.0, "_time": 99.80859}, {"$id": 512, "sounds": [{"d": 0.2307663, "p": 58, "v": 62}], "pos": -2.0, "size": 1.0, "_time": 99.921875}, {"$id": 513, "sounds": [{"d": 0.115386963, "p": 62, "v": 62}, {"d": 0.115386963, "p": 65, "v": 62}], "pos": 1.0, "size": 1.0, "_time": 100.152344}, {"$id": 514, "sounds": [{"d": 0.2307663, "p": 58, "v": 62}], "pos": -2.0, "size": 1.0, "_time": 100.269531}, {"$id": 515, "sounds": [{"d": 0.2307663, "p": 65, "v": 62}, {"d": 0.2307663, "p": 62, "v": 62}], "pos": 1.0, "size": 1.0, "_time": 100.5}, {"$id": 516, "sounds": [{"d": 0.2307663, "p": 65, "v": 62}, {"d": 0.2307663, "p": 62, "v": 62}], "pos": 1.0, "size": 1.0, "_time": 100.730469}, {"$id": 517, "sounds": [{"d": 0.115386963, "p": 63, "v": 62}, {"d": 0.115386963, "p": 60, "v": 62}], "size": 1.0, "_time": 100.960938, "pos": 0}, {"$id": 518, "sounds": [{"d": 0.115386963, "p": 62, "v": 62}], "pos": -2.0, "size": 1.0, "_time": 101.078125}, {"$id": 519, "sounds": [{"d": 0.115386963, "p": 63, "v": 62}], "size": 1.0, "_time": 101.191406, "pos": 0}, {"$id": 520, "sounds": [{"d": 0.115386963, "p": 62, "v": 62}], "pos": -2.0, "size": 1.0, "_time": 101.308594}, {"$id": 521, "sounds": [{"d": 0.346153259, "p": 60, "v": 62}], "pos": -1.0, "size": 1.0, "_time": 101.421875}, {"$id": 522, "sounds": [{"d": 0.2307663, "p": 60, "v": 62}], "pos": -1.0, "size": 1.0, "_time": 101.769531}, {"$id": 523, "sounds": [{"d": 0.115386963, "p": 63, "v": 62}, {"d": 0.115386963, "p": 67, "v": 62}], "pos": 2.0, "size": 1.0, "_time": 102.0}, {"$id": 524, "sounds": [{"d": 0.2307663, "p": 60, "v": 62}], "pos": -1.0, "size": 1.0, "_time": 102.113281}, {"$id": 525, "sounds": [{"d": 0.2307663, "p": 63, "v": 62}, {"d": 0.2307663, "p": 67, "v": 62}], "pos": 2.0, "size": 1.0, "_time": 102.347656}, {"$id": 526, "sounds": [{"d": 0.2307663, "p": 63, "v": 62}, {"d": 0.2307663, "p": 67, "v": 62}], "pos": 2.0, "size": 1.0, "_time": 102.578125}, {"$id": 527, "sounds": [{"d": 0.115386963, "p": 60, "v": 62}], "pos": -1.0, "size": 1.0, "_time": 102.808594}, {"$id": 528, "sounds": [{"d": 0.2307663, "p": 63, "v": 62}, {"d": 0.2307663, "p": 67, "v": 62}], "pos": 2.0, "size": 1.0, "_time": 102.921875}, {"$id": 529, "sounds": [{"d": 0.346153259, "p": 60, "v": 62}], "pos": -1.0, "size": 1.0, "_time": 103.152344}, {"$id": 530, "sounds": [{"d": 0.115386963, "p": 61, "v": 62}, {"d": 0.115386963, "p": 65, "v": 62}], "pos": 1.0, "size": 1.0, "_time": 103.5}, {"$id": 531, "sounds": [{"d": 0.2307663, "p": 58, "v": 62}], "pos": -2.0, "size": 1.0, "_time": 103.613281}, {"$id": 532, "sounds": [{"d": 0.115386963, "p": 61, "v": 62}, {"d": 0.115386963, "p": 65, "v": 62}], "pos": 1.0, "size": 1.0, "_time": 103.847656}, {"$id": 533, "sounds": [{"d": 0.2307663, "p": 58, "v": 62}], "pos": -2.0, "size": 1.0, "_time": 103.960938}, {"$id": 534, "sounds": [{"d": 0.2307663, "p": 61, "v": 62}, {"d": 0.2307663, "p": 65, "v": 62}], "pos": 1.0, "size": 1.0, "_time": 104.191406}, {"$id": 535, "sounds": [{"d": 0.2307663, "p": 63, "v": 62}, {"d": 0.2307663, "p": 67, "v": 62}], "pos": 2.0, "size": 1.0, "_time": 104.421875}, {"$id": 536, "sounds": [{"d": 0.115386963, "p": 61, "v": 62}, {"d": 0.115386963, "p": 65, "v": 62}], "pos": 1.0, "size": 1.0, "_time": 104.652344}, {"$id": 537, "sounds": [{"d": 0.115386963, "p": 63, "v": 62}, {"d": 0.115386963, "p": 67, "v": 62}], "pos": 2.0, "size": 1.0, "_time": 104.769531}, {"$id": 538, "sounds": [{"d": 0.115386963, "p": 55, "v": 62}], "pos": -2.0, "size": 1.0, "_time": 104.882813}, {"$id": 539, "sounds": [{"d": 0.115386963, "p": 56, "v": 62}], "pos": -1.0, "size": 1.0, "_time": 105.0}, {"$id": 540, "sounds": [{"d": 0.2307663, "p": 58, "v": 62}], "size": 1.0, "_time": 105.113281, "pos": 0}, {"$id": 541, "sounds": [{"d": 0.115386963, "p": 60, "v": 62}], "pos": -1.0, "size": 1.0, "_time": 105.347656}, {"$id": 542, "sounds": [{"d": 0.2307663, "p": 67, "v": 62}, {"d": 0.2307663, "p": 63, "v": 62}], "pos": 2.0, "size": 1.0, "_time": 105.460938}, {"$id": 543, "sounds": [{"d": 0.115386963, "p": 63, "v": 62}, {"d": 0.115386963, "p": 67, "v": 62}], "pos": 2.0, "size": 1.0, "_time": 105.691406}, {"$id": 544, "sounds": [{"d": 0.2307663, "p": 60, "v": 62}], "pos": -1.0, "size": 1.0, "_time": 105.808594}, {"$id": 545, "sounds": [{"d": 0.2307663, "p": 63, "v": 62}, {"d": 0.2307663, "p": 67, "v": 62}], "pos": 2.0, "size": 1.0, "_time": 106.039063}, {"$id": 546, "sounds": [{"d": 0.115386963, "p": 63, "v": 62}, {"d": 0.115386963, "p": 67, "v": 62}], "pos": 2.0, "size": 1.0, "_time": 106.269531}, {"$id": 547, "sounds": [{"d": 0.2307663, "p": 60, "v": 62}], "pos": -1.0, "size": 1.0, "_time": 106.382813}, {"$id": 548, "sounds": [{"d": 0.115386963, "p": 67, "v": 62}, {"d": 0.115386963, "p": 63, "v": 62}], "pos": 2.0, "size": 1.0, "_time": 106.613281}, {"$id": 549, "sounds": [{"d": 0.115386963, "p": 72, "v": 62}], "size": 1.0, "_time": 106.730469, "pos": 0}, {"$id": 550, "sounds": [{"d": 0.115386963, "p": 70, "v": 62}], "pos": 2.0, "size": 1.0, "_time": 106.847656}, {"$id": 551, "sounds": [{"d": 0.2307663, "p": 63, "v": 62}], "size": 1.0, "_time": 106.960938, "pos": 0}, {"$id": 552, "sounds": [{"d": 0.115386963, "p": 62, "v": 62}], "size": 1.0, "_time": 107.191406, "pos": 0}, {"$id": 553, "sounds": [{"d": 0.2307663, "p": 58, "v": 62}], "pos": -2.0, "size": 1.0, "_time": 107.308594}, {"$id": 554, "sounds": [{"d": 0.2307663, "p": 62, "v": 62}, {"d": 0.2307663, "p": 65, "v": 62}], "pos": 1.0, "size": 1.0, "_time": 107.539063}, {"$id": 555, "sounds": [{"d": 0.115386963, "p": 62, "v": 62}, {"d": 0.115386963, "p": 65, "v": 62}], "pos": 1.0, "size": 1.0, "_time": 107.769531}, {"$id": 556, "sounds": [{"d": 0.2307663, "p": 58, "v": 62}], "pos": -2.0, "size": 1.0, "_time": 107.882813}, {"$id": 557, "sounds": [{"d": 0.2307663, "p": 60, "v": 62}, {"d": 0.2307663, "p": 64, "v": 62}], "size": 1.0, "_time": 108.113281, "pos": 0}, {"$id": 558, "sounds": [{"d": 0.115386963, "p": 58, "v": 62}], "pos": -1.0, "size": 1.0, "_time": 108.347656}, {"$id": 559, "sounds": [{"d": 0.115386963, "p": 60, "v": 62}], "pos": -0.5, "size": 1.0, "_time": 108.460938}, {"$id": 560, "sounds": [{"d": 0.115386963, "p": 62, "v": 62}], "size": 1.0, "_time": 108.578125, "pos": 0}, {"$id": 561, "sounds": [{"d": 0.115386963, "p": 63, "v": 62}], "pos": 0.5, "size": 1.0, "_time": 108.691406}, {"$id": 562, "sounds": [{"d": 0.115386963, "p": 65, "v": 62}], "pos": 1.0, "size": 1.0, "_time": 108.808594}, {"$id": 563, "sounds": [{"d": 0.2307663, "p": 63, "v": 83}, {"d": 0.2307663, "p": 67, "v": 83}], "pos": 2.0, "size": 1.0, "_time": 108.921875}, {"$id": 564, "sounds": [{"d": 0.2307663, "p": 60, "v": 84}], "pos": -1.0, "size": 1.0, "_time": 109.152344}, {"$id": 565, "sounds": [{"d": 0.2307663, "p": 63, "v": 84}, {"d": 0.2307663, "p": 67, "v": 84}], "pos": 2.0, "size": 1.0, "_time": 109.382813}, {"$id": 566, "sounds": [{"d": 0.461540222, "p": 62, "v": 85}, {"d": 0.461540222, "p": 65, "v": 85}], "pos": 1.0, "size": 1.0, "_time": 109.613281}, {"$id": 567, "sounds": [{"d": 0.0769195557, "p": 56, "v": 84}], "pos": -2.0, "size": 1.0, "_time": 110.078125}, {"$id": 568, "sounds": [{"d": 0.0769195557, "p": 58, "v": 85}], "pos": -1.0, "size": 1.0, "_time": 110.152344}, {"$id": 569, "sounds": [{"d": 0.0769195557, "p": 60, "v": 87}], "size": 1.0, "_time": 110.230469, "pos": 0}, {"$id": 570, "sounds": [{"d": 0.0769195557, "p": 62, "v": 88}], "pos": -1.0, "size": 1.0, "_time": 110.308594}, {"$id": 571, "sounds": [{"d": 0.0769195557, "p": 63, "v": 89}], "pos": -0.5, "size": 1.0, "_time": 110.382813}, {"$id": 572, "sounds": [{"d": 0.0769195557, "p": 65, "v": 91}], "size": 1.0, "_time": 110.460938, "pos": 0}, {"$id": 573, "sounds": [{"d": 0.461540222, "p": 63, "v": 92}, {"d": 0.461540222, "p": 67, "v": 92}], "pos": 0.5, "size": 1.0, "_time": 110.539063}, {"$id": 574, "sounds": [{"d": 0.0769195557, "p": 58, "v": 82}], "pos": -2.0, "size": 1.0, "_time": 111.0}, {"$id": 575, "sounds": [{"d": 0.0769195557, "p": 60, "v": 86}], "pos": -1.0, "size": 1.0, "_time": 111.078125}, {"$id": 576, "sounds": [{"d": 0.0769195557, "p": 62, "v": 89}], "size": 1.0, "_time": 111.152344, "pos": 0}, {"$id": 577, "sounds": [{"d": 0.0769195557, "p": 63, "v": 91}], "pos": -1.0, "size": 1.0, "_time": 111.230469}, {"$id": 578, "sounds": [{"d": 0.0769195557, "p": 65, "v": 93}], "pos": -0.5, "size": 1.0, "_time": 111.308594}, {"$id": 579, "sounds": [{"d": 0.0769195557, "p": 67, "v": 95}], "size": 1.0, "_time": 111.382813, "pos": 0}, {"$id": 580, "sounds": [{"d": 0.0769195557, "p": 68, "v": 99}], "pos": 0.5, "size": 1.0, "_time": 111.460938}, {"$id": 581, "sounds": [{"d": 0.0769195557, "p": 70, "v": 100}], "pos": 1.0, "size": 1.0, "_time": 111.539063}, {"$id": 582, "sounds": [{"d": 0.0769195557, "p": 72, "v": 94}], "pos": 1.5, "size": 1.0, "_time": 111.613281}, {"$id": 583, "sounds": [{"d": 0.2307663, "p": 74, "v": 103}], "pos": 2.0, "size": 1.0, "_time": 111.691406}, {"$id": 584, "sounds": [{"d": 0.2307663, "p": 70, "v": 103}], "pos": -1.0, "size": 1.0, "_time": 111.921875}, {"$id": 585, "sounds": [{"d": 0.2307663, "p": 82, "v": 103}], "pos": 1.0, "size": 1.0, "_time": 112.152344}, {"$id": 586, "sounds": [{"d": 0.2307663, "p": 70, "v": 103}], "pos": -1.0, "size": 1.0, "_time": 112.382813}, {"$id": 587, "sounds": [{"d": 0.2307663, "p": 32, "v": 103}, {"d": 0.2307663, "p": 44, "v": 103}], "size": 1.30000007, "_time": 112.613281, "pos": 0}, {"$id": 588, "sounds": [{"d": 0.2307663, "p": 72, "v": 103}], "pos": -1.0, "size": 1.0, "_time": 112.847656}, {"$id": 589, "sounds": [{"d": 0.115386963, "p": 79, "v": 103}, {"d": 0.115386963, "p": 75, "v": 103}], "pos": 1.0, "size": 1.0, "_time": 113.078125}, {"$id": 590, "sounds": [{"d": 0.2307663, "p": 72, "v": 103}], "pos": -1.0, "size": 1.0, "_time": 113.191406}, {"$id": 591, "sounds": [{"d": 0.2307663, "p": 79, "v": 103}, {"d": 0.2307663, "p": 75, "v": 103}], "pos": 1.0, "size": 1.0, "_time": 113.421875}, {"$id": 592, "sounds": [{"d": 0.2307663, "p": 79, "v": 103}, {"d": 0.2307663, "p": 75, "v": 103}], "pos": 1.0, "size": 1.0, "_time": 113.652344}, {"$id": 593, "sounds": [{"d": 0.115386963, "p": 72, "v": 103}], "pos": -1.0, "size": 1.0, "_time": 113.882813}, {"$id": 594, "sounds": [{"d": 0.2307663, "p": 79, "v": 103}, {"d": 0.2307663, "p": 75, "v": 103}], "pos": 1.0, "size": 1.0, "_time": 114.0}, {"$id": 595, "sounds": [{"d": 0.2307663, "p": 72, "v": 103}], "pos": -1.0, "size": 1.0, "_time": 114.230469}, {"$id": 596, "sounds": [{"d": 0.115386963, "p": 75, "v": 103}, {"d": 0.115386963, "p": 79, "v": 103}], "pos": 1.0, "size": 1.0, "_time": 114.460938}, {"$id": 597, "sounds": [{"d": 0.2307663, "p": 72, "v": 103}], "pos": -1.0, "size": 1.0, "_time": 114.578125}, {"$id": 598, "sounds": [{"d": 0.2307663, "p": 79, "v": 103}, {"d": 0.2307663, "p": 75, "v": 103}], "pos": 1.0, "size": 1.0, "_time": 114.808594}, {"$id": 599, "sounds": [{"d": 0.2307663, "p": 75, "v": 103}, {"d": 0.2307663, "p": 79, "v": 103}], "pos": 1.0, "size": 1.0, "_time": 115.039063}, {"$id": 600, "sounds": [{"d": 0.115386963, "p": 72, "v": 103}], "pos": -1.0, "size": 1.0, "_time": 115.269531}, {"$id": 601, "sounds": [{"d": 0.2307663, "p": 75, "v": 103}, {"d": 0.2307663, "p": 79, "v": 103}], "pos": 1.0, "size": 1.0, "_time": 115.382813}, {"$id": 602, "sounds": [{"d": 0.2307663, "p": 72, "v": 103}], "pos": -1.0, "size": 1.0, "_time": 115.613281}, {"$id": 603, "sounds": [{"d": 0.2307663, "p": 75, "v": 103}, {"d": 0.2307663, "p": 79, "v": 103}], "pos": 1.0, "size": 1.0, "_time": 115.847656}, {"$id": 604, "sounds": [{"d": 0.115386963, "p": 72, "v": 103}], "pos": -1.0, "size": 1.0, "_time": 116.078125}, {"$id": 605, "sounds": [{"d": 0.2307663, "p": 75, "v": 103}, {"d": 0.2307663, "p": 79, "v": 103}], "pos": 1.0, "size": 1.0, "_time": 116.191406}, {"$id": 606, "sounds": [{"d": 0.115386963, "p": 75, "v": 103}, {"d": 0.115386963, "p": 79, "v": 103}], "pos": 1.0, "size": 1.0, "_time": 116.421875}, {"$id": 607, "sounds": [{"d": 0.2307663, "p": 72, "v": 103}], "pos": -1.0, "size": 1.0, "_time": 116.539063}, {"$id": 608, "sounds": [{"d": 0.2307663, "p": 75, "v": 103}, {"d": 0.2307663, "p": 79, "v": 103}], "pos": 1.0, "size": 1.0, "_time": 116.769531}, {"$id": 609, "sounds": [{"d": 0.2307663, "p": 75, "v": 103}, {"d": 0.2307663, "p": 79, "v": 103}], "pos": 1.0, "size": 1.0, "_time": 117.0}, {"$id": 610, "sounds": [{"d": 0.115386963, "p": 72, "v": 103}], "pos": -1.0, "size": 1.0, "_time": 117.230469}, {"$id": 611, "sounds": [{"d": 0.2307663, "p": 75, "v": 103}, {"d": 0.2307663, "p": 79, "v": 103}], "pos": 1.0, "size": 1.0, "_time": 117.347656}, {"$id": 612, "sounds": [{"d": 0.2307663, "p": 72, "v": 103}], "pos": -1.0, "size": 1.0, "_time": 117.578125}, {"$id": 613, "sounds": [{"d": 0.115386963, "p": 79, "v": 103}, {"d": 0.115386963, "p": 75, "v": 103}], "pos": 1.0, "size": 1.0, "_time": 117.808594}, {"$id": 614, "sounds": [{"d": 0.2307663, "p": 72, "v": 103}], "pos": -1.0, "size": 1.0, "_time": 117.921875}, {"$id": 615, "sounds": [{"d": 0.115386963, "p": 79, "v": 103}, {"d": 0.115386963, "p": 75, "v": 103}], "pos": 1.0, "size": 1.0, "_time": 118.152344}, {"$id": 616, "sounds": [{"d": 0.2307663, "p": 72, "v": 103}], "pos": -1.0, "size": 1.0, "_time": 118.269531}, {"$id": 617, "sounds": [{"d": 0.115386963, "p": 79, "v": 103}, {"d": 0.115386963, "p": 75, "v": 103}], "pos": 1.0, "size": 1.0, "_time": 118.5}, {"$id": 618, "sounds": [{"d": 0.2307663, "p": 72, "v": 103}], "pos": -1.0, "size": 1.0, "_time": 118.613281}, {"$id": 619, "sounds": [{"d": 0.115386963, "p": 79, "v": 103}, {"d": 0.115386963, "p": 75, "v": 103}], "pos": 1.0, "size": 1.0, "_time": 118.847656}, {"$id": 620, "sounds": [{"d": 0.2307663, "p": 72, "v": 103}], "pos": -1.0, "size": 1.0, "_time": 118.960938}, {"$id": 621, "sounds": [{"d": 0.115386963, "p": 79, "v": 103}, {"d": 0.115386963, "p": 75, "v": 103}], "pos": 1.0, "size": 1.0, "_time": 119.191406}, {"$id": 622, "sounds": [{"d": 0.2307663, "p": 72, "v": 103}], "pos": -1.0, "size": 1.0, "_time": 119.308594}, {"$id": 623, "sounds": [{"d": 0.115386963, "p": 79, "v": 103}, {"d": 0.115386963, "p": 75, "v": 103}], "pos": 1.0, "size": 1.0, "_time": 119.539063}, {"$id": 624, "sounds": [{"d": 0.115386963, "p": 72, "v": 103}], "pos": -1.0, "size": 1.0, "_time": 119.652344}, {"$id": 625, "sounds": [{"d": 0.115386963, "p": 75, "v": 103}], "size": 1.0, "_time": 119.769531, "pos": 0}, {"$id": 626, "sounds": [{"d": 0.115386963, "p": 79, "v": 103}], "pos": 1.0, "size": 1.0, "_time": 119.882813}], "links": [{"notes": [{"$ref": 32}, {"$ref": 33}, {"$ref": 34}, {"$ref": 35}, {"$ref": 36}, {"$ref": 37}, {"$ref": 38}, {"$ref": 39}, {"$ref": 40}, {"$ref": 41}, {"$ref": 42}, {"$ref": 43}, {"$ref": 44}, {"$ref": 45}, {"$ref": 46}, {"$ref": 47}]}, {"notes": [{"$ref": 150}, {"$ref": 151}, {"$ref": 152}, {"$ref": 153}, {"$ref": 154}]}, {"notes": [{"$ref": 266}, {"$ref": 267}, {"$ref": 268}, {"$ref": 269}, {"$ref": 270}, {"$ref": 271}, {"$ref": 272}, {"$ref": 273}]}, {"notes": [{"$ref": 251}, {"$ref": 252}, {"$ref": 253}, {"$ref": 254}, {"$ref": 255}, {"$ref": 256}]}, {"notes": [{"$ref": 206}, {"$ref": 207}, {"$ref": 208}, {"$ref": 209}]}, {"notes": [{"$ref": 210}, {"$ref": 211}, {"$ref": 212}, {"$ref": 213}]}, {"notes": [{"$ref": 245}, {"$ref": 246}, {"$ref": 247}, {"$ref": 248}, {"$ref": 249}, {"$ref": 250}]}, {"notes": [{"$ref": 165}, {"$ref": 166}, {"$ref": 167}, {"$ref": 168}, {"$ref": 169}, {"$ref": 170}, {"$ref": 171}, {"$ref": 172}, {"$ref": 173}, {"$ref": 174}, {"$ref": 175}, {"$ref": 176}]}, {"notes": [{"$ref": 262}, {"$ref": 263}, {"$ref": 264}, {"$ref": 265}]}, {"notes": [{"$ref": 257}, {"$ref": 258}, {"$ref": 259}, {"$ref": 260}, {"$ref": 261}]}, {"notes": [{"$ref": 335}, {"$ref": 336}, {"$ref": 337}, {"$ref": 338}, {"$ref": 339}]}, {"notes": [{"$ref": 404}, {"$ref": 405}, {"$ref": 406}, {"$ref": 407}, {"$ref": 408}, {"$ref": 409}, {"$ref": 410}]}, {"notes": [{"$ref": 395}, {"$ref": 396}, {"$ref": 397}, {"$ref": 398}, {"$ref": 399}]}, {"notes": [{"$ref": 567}, {"$ref": 568}, {"$ref": 569}, {"$ref": 570}, {"$ref": 571}, {"$ref": 572}, {"$ref": 573}]}, {"notes": [{"$ref": 411}, {"$ref": 412}, {"$ref": 413}]}, {"notes": [{"$ref": 138}, {"$ref": 139}, {"$ref": 140}, {"$ref": 141}, {"$ref": 142}]}, {"notes": [{"$ref": 414}, {"$ref": 415}, {"$ref": 416}, {"$ref": 417}, {"$ref": 418}, {"$ref": 419}, {"$ref": 420}]}, {"notes": [{"$ref": 558}, {"$ref": 559}, {"$ref": 560}, {"$ref": 561}, {"$ref": 562}]}, {"notes": [{"$ref": 574}, {"$ref": 575}, {"$ref": 576}, {"$ref": 577}, {"$ref": 578}, {"$ref": 579}, {"$ref": 580}, {"$ref": 581}, {"$ref": 582}, {"$ref": 583}]}]}