{"speed": 6.0, "notes": [{"$id": 1, "type": 0, "pos": -2.0, "size": 0.799999952, "_time": 0.21484375, "shift": 0.0, "time": 0.21484375}, {"$id": 2, "type": 0, "pos": 0.5, "size": 1.50000012, "_time": 0.3203125, "shift": 0.0, "time": 0.3203125}, {"$id": 3, "type": 0, "pos": 0.5, "size": 0.799999952, "_time": 0.64453125, "shift": 0.0, "time": 0.64453125}, {"$id": 4, "type": 0, "pos": -0.5, "size": 1.0, "_time": 0.96484375, "shift": 0.0, "time": 0.96484375}, {"$id": 5, "type": 0, "pos": -1.5, "size": 1.0, "_time": 1.0703125, "shift": 0.0, "time": 1.0703125}, {"$id": 6, "type": 0, "pos": -0.5, "size": 1.0, "_time": 1.1796875, "shift": 0.0, "time": 1.1796875}, {"$id": 7, "type": 0, "pos": 0.5, "size": 1.0, "_time": 1.39453125, "shift": 0.0, "time": 1.39453125}, {"$id": 8, "type": 0, "pos": 1.5, "size": 1.0, "_time": 1.5, "shift": 0.0, "time": 1.5}, {"$id": 9, "type": 0, "pos": 0.5, "size": 1.0, "_time": 1.60546875, "shift": 0.0, "time": 1.60546875}, {"$id": 10, "type": 0, "pos": -2.0, "size": 0.799999952, "_time": 1.9296875, "shift": 0.0, "time": 1.9296875}, {"$id": 11, "type": 0, "pos": 0.5, "size": 1.50000012, "_time": 2.03515625, "shift": 0.0, "time": 2.03515625}, {"$id": 12, "type": 0, "pos": 0.5, "size": 0.799999952, "_time": 2.35546875, "shift": 0.0, "time": 2.35546875}, {"$id": 13, "type": 0, "pos": 0.0, "size": 1.0, "_time": 2.6796875, "shift": 0.0, "time": 2.6796875}, {"$id": 14, "type": 0, "pos": -1.0, "size": 1.0, "_time": 2.78515625, "shift": 0.0, "time": 2.78515625}, {"$id": 15, "type": 0, "pos": 0.0, "size": 1.0, "_time": 2.89453125, "shift": 0.0, "time": 2.89453125}, {"$id": 16, "type": 0, "pos": 0.0, "size": 1.0, "_time": 3.10546875, "shift": 0.0, "time": 3.10546875}, {"$id": 17, "type": 0, "pos": 1.0, "size": 1.0, "_time": 3.21484375, "shift": 0.0, "time": 3.21484375}, {"$id": 18, "type": 0, "pos": -2.0, "size": 1.0, "_time": 3.3203125, "shift": 0.0, "time": 3.3203125}, {"$id": 19, "type": 0, "pos": 2.0, "size": 0.799999952, "_time": 3.64453125, "shift": 0.0, "time": 3.64453125}, {"$id": 20, "type": 0, "pos": -0.5, "size": 1.50000012, "_time": 3.75, "shift": 0.0, "time": 3.75}, {"$id": 21, "type": 0, "pos": -0.5, "size": 0.799999952, "_time": 4.0703125, "shift": 0.0, "time": 4.0703125}, {"$id": 22, "type": 0, "pos": 0.5, "size": 1.0, "_time": 4.39453125, "shift": 0.0, "time": 4.39453125}, {"$id": 23, "type": 0, "pos": 1.5, "size": 1.0, "_time": 4.5, "shift": 0.0, "time": 4.5}, {"$id": 24, "type": 0, "pos": 0.5, "size": 1.0, "_time": 4.60546875, "shift": 0.0, "time": 4.60546875}, {"$id": 25, "type": 0, "pos": -0.5, "size": 1.0, "_time": 4.8203125, "shift": 0.0, "time": 4.8203125}, {"$id": 26, "type": 0, "pos": -1.5, "size": 1.0, "_time": 4.9296875, "shift": 0.0, "time": 4.9296875}, {"$id": 27, "type": 0, "pos": -0.5, "size": 1.0, "_time": 5.03515625, "shift": 0.0, "time": 5.03515625}, {"$id": 28, "type": 0, "pos": 2.0, "size": 0.799999952, "_time": 5.35546875, "shift": 0.0, "time": 5.35546875}, {"$id": 29, "type": 0, "pos": -0.5, "size": 1.50000012, "_time": 5.46484375, "shift": 0.0, "time": 5.46484375}, {"$id": 30, "type": 0, "pos": -0.5, "size": 0.799999952, "_time": 5.78515625, "shift": 0.0, "time": 5.78515625}, {"$id": 31, "type": 0, "pos": 0.0, "size": 1.0, "_time": 6.10546875, "shift": 0.0, "time": 6.10546875}, {"$id": 32, "type": 0, "pos": 1.0, "size": 1.0, "_time": 6.21484375, "shift": 0.0, "time": 6.21484375}, {"$id": 33, "type": 0, "pos": 0.0, "size": 1.0, "_time": 6.3203125, "shift": 0.0, "time": 6.3203125}, {"$id": 34, "type": 0, "pos": 0.0, "size": 1.0, "_time": 6.53515625, "shift": 0.0, "time": 6.53515625}, {"$id": 35, "type": 0, "pos": -1.0, "size": 1.0, "_time": 6.64453125, "shift": 0.0, "time": 6.64453125}, {"$id": 36, "type": 0, "pos": 2.0, "size": 1.0, "_time": 6.75, "shift": 0.0, "time": 6.75}, {"$id": 37, "type": 0, "pos": -1.0, "size": 0.799999952, "_time": 7.0703125, "shift": 0.0, "time": 7.0703125}, {"$id": 38, "type": 0, "pos": 1.0, "size": 1.50000012, "_time": 7.1796875, "shift": 0.0, "time": 7.1796875}, {"$id": 39, "type": 0, "pos": -0.5, "size": 1.0, "_time": 7.39453125, "shift": 0.0, "time": 7.39453125}, {"$id": 40, "type": 0, "pos": -1.5, "size": 1.0, "_time": 7.5, "shift": 0.0, "time": 7.5}, {"$id": 41, "type": 0, "pos": -0.5, "size": 1.0, "_time": 7.60546875, "shift": 0.0, "time": 7.60546875}, {"$id": 42, "type": 0, "pos": 1.0, "size": 0.799999952, "_time": 7.9296875, "shift": 0.0, "time": 7.9296875}, {"$id": 43, "type": 0, "pos": -1.0, "size": 1.50000012, "_time": 8.035156, "shift": 0.0, "time": 8.035156}, {"$id": 44, "type": 0, "pos": 0.5, "size": 1.0, "_time": 8.25, "shift": 0.0, "time": 8.25}, {"$id": 45, "type": 0, "pos": 1.5, "size": 1.0, "_time": 8.355469, "shift": 0.0, "time": 8.355469}, {"$id": 46, "type": 0, "pos": 0.5, "size": 1.0, "_time": 8.464844, "shift": 0.0, "time": 8.464844}, {"$id": 47, "type": 0, "pos": -1.0, "size": 0.799999952, "_time": 8.785156, "shift": 0.0, "time": 8.785156}, {"$id": 48, "type": 0, "pos": 1.0, "size": 1.50000012, "_time": 8.894531, "shift": 0.0, "time": 8.894531}, {"$id": 49, "type": 0, "pos": -0.5, "size": 1.0, "_time": 9.105469, "shift": 0.0, "time": 9.105469}, {"$id": 50, "type": 0, "pos": -1.5, "size": 1.0, "_time": 9.214844, "shift": 0.0, "time": 9.214844}, {"$id": 51, "type": 0, "pos": -0.5, "size": 1.0, "_time": 9.3203125, "shift": 0.0, "time": 9.3203125}, {"$id": 52, "type": 0, "pos": 1.0, "size": 0.799999952, "_time": 9.644531, "shift": 0.0, "time": 9.644531}, {"$id": 53, "type": 0, "pos": -1.0, "size": 1.50000012, "_time": 9.75, "shift": 0.0, "time": 9.75}, {"$id": 54, "type": 0, "pos": -0.5, "size": 1.0, "_time": 9.964844, "shift": 0.0, "time": 9.964844}, {"$id": 55, "type": 0, "pos": 0.5, "size": 1.0, "_time": 10.0703125, "shift": 0.0, "time": 10.0703125}, {"$id": 56, "type": 0, "pos": -2.0, "size": 1.0, "_time": 10.1796875, "shift": 0.0, "time": 10.1796875}, {"$id": 57, "type": 0, "pos": 2.0, "size": 1.50000012, "_time": 10.2851563, "shift": 0.0, "time": 10.2851563}, {"$id": 58, "type": 0, "pos": -0.5, "size": 1.0, "_time": 10.3945313, "shift": 0.0, "time": 10.3945313}, {"$id": 59, "type": 0, "pos": 0.5, "size": 1.0, "_time": 10.5, "shift": 0.0, "time": 10.5}, {"$id": 60, "type": 0, "pos": -1.0, "size": 1.0, "_time": 10.6054688, "shift": 0.0, "time": 10.6054688}, {"$id": 61, "type": 0, "pos": 1.0, "size": 1.50000012, "_time": 10.7148438, "shift": 0.0, "time": 10.7148438}, {"$id": 62, "type": 0, "pos": -0.5, "size": 1.0, "_time": 10.8203125, "shift": 0.0, "time": 10.8203125}, {"$id": 63, "type": 0, "pos": 0.5, "size": 1.0, "_time": 10.9296875, "shift": 0.0, "time": 10.9296875}, {"$id": 64, "type": 0, "pos": -1.0, "size": 1.0, "_time": 11.0351563, "shift": 0.0, "time": 11.0351563}, {"$id": 65, "type": 0, "pos": 2.0, "size": 1.50000012, "_time": 11.1445313, "shift": 0.0, "time": 11.1445313}, {"$id": 66, "type": 0, "pos": -0.5, "size": 1.0, "_time": 11.25, "shift": 0.0, "time": 11.25}, {"$id": 67, "type": 0, "pos": 0.5, "size": 1.0, "_time": 11.3554688, "shift": 0.0, "time": 11.3554688}, {"$id": 68, "type": 0, "pos": -1.0, "size": 1.0, "_time": 11.4648438, "shift": 0.0, "time": 11.4648438}, {"$id": 69, "type": 0, "pos": 1.0, "size": 1.50000012, "_time": 11.5703125, "shift": 0.0, "time": 11.5703125}, {"$id": 70, "type": 0, "pos": -0.5, "size": 1.0, "_time": 11.6796875, "shift": 0.0, "time": 11.6796875}, {"$id": 71, "type": 0, "pos": 0.5, "size": 1.0, "_time": 11.7851563, "shift": 0.0, "time": 11.7851563}, {"$id": 72, "type": 0, "pos": -1.0, "size": 1.0, "_time": 11.8945313, "shift": 0.0, "time": 11.8945313}, {"$id": 73, "type": 0, "pos": 0.5, "size": 1.50000012, "_time": 12.0, "shift": 0.0, "time": 12.0}, {"$id": 74, "type": 0, "pos": -0.5, "size": 1.0, "_time": 12.1054688, "shift": 0.0, "time": 12.1054688}, {"$id": 75, "type": 0, "pos": 0.5, "size": 1.0, "_time": 12.2148438, "shift": 0.0, "time": 12.2148438}, {"$id": 76, "type": 0, "pos": -0.5, "size": 1.0, "_time": 12.3203125, "shift": 0.0, "time": 12.3203125}, {"$id": 77, "type": 0, "pos": 0.5, "size": 0.9, "_time": 12.4296875, "shift": 0.0, "time": 12.4296875}, {"$id": 78, "type": 0, "pos": -0.5, "size": 0.9, "_time": 12.5351563, "shift": 0.0, "time": 12.5351563}, {"$id": 79, "type": 0, "pos": 0.5, "size": 0.799999952, "_time": 12.6445313, "shift": 0.0, "time": 12.6445313}, {"$id": 80, "type": 0, "pos": -0.5, "size": 0.799999952, "_time": 12.75, "shift": 0.0, "time": 12.75}, {"$id": 81, "type": 0, "pos": 0.5, "size": 0.6999999, "_time": 12.8554688, "shift": 0.0, "time": 12.8554688}, {"$id": 82, "type": 0, "pos": -0.5, "size": 0.6999999, "_time": 12.9648438, "shift": 0.0, "time": 12.9648438}, {"$id": 83, "type": 0, "pos": 0.5, "size": 0.6999999, "_time": 13.0703125, "shift": 0.0, "time": 13.0703125}, {"$id": 84, "type": 0, "pos": -0.5, "size": 0.6999999, "_time": 13.1796875, "shift": 0.0, "time": 13.1796875}, {"$id": 85, "type": 0, "sounds": [{"w": 0.0, "d": 0.107142448, "p": 74, "v": 124}], "pos": 0.0, "size": 0.6999999, "_time": 13.2851563, "shift": 0.0, "time": 13.2851563}, {"$id": 86, "type": 0, "sounds": [{"w": 0.0, "d": 0.107142448, "p": 76, "v": 124}], "pos": 0.5, "size": 0.799999952, "_time": 13.3945313, "shift": 0.0, "time": 13.3945313}, {"$id": 87, "type": 0, "sounds": [{"w": 0.0, "d": 0.107142448, "p": 77, "v": 124}], "pos": 1.0, "size": 0.799999952, "_time": 13.5, "shift": 0.0, "time": 13.5}, {"$id": 88, "type": 0, "sounds": [{"w": 0.0, "d": 0.107142448, "p": 79, "v": 124}], "pos": 1.5, "size": 0.9, "_time": 13.6054688, "shift": 0.0, "time": 13.6054688}, {"$id": 89, "type": 0, "pos": -1.5, "size": 1.0, "_time": 13.7148438, "shift": 0.0, "time": 13.7148438}, {"$id": 90, "type": 0, "sounds": [{"w": 0.0, "d": 1.2857132, "p": 81, "v": 124}], "pos": 2.0, "size": 1.0, "_time": 13.7148438, "shift": 0.0, "time": 13.7148438}, {"$id": 91, "type": 0, "pos": -1.5, "size": 1.0, "_time": 13.8203125, "shift": 0.0, "time": 13.8203125}, {"$id": 92, "type": 0, "pos": 0.0, "size": 1.0, "_time": 13.9296875, "shift": 0.0, "time": 13.9296875}, {"$id": 93, "type": 0, "pos": 1.0, "size": 1.50000012, "_time": 14.1445313, "shift": 0.0, "time": 14.1445313}, {"$id": 94, "type": 0, "pos": -1.0, "size": 1.0, "_time": 14.25, "shift": 0.0, "time": 14.25}, {"$id": 95, "type": 0, "pos": -1.0, "size": 1.0, "_time": 14.4648438, "shift": 0.0, "time": 14.4648438}, {"$id": 96, "type": 0, "pos": 1.0, "size": 1.50000012, "_time": 14.5703125, "shift": 0.0, "time": 14.5703125}, {"$id": 97, "type": 0, "pos": -0.5, "size": 1.0, "_time": 14.7851563, "shift": 0.0, "time": 14.7851563}, {"$id": 98, "type": 0, "pos": 1.0, "size": 1.0, "_time": 14.8945313, "shift": 0.0, "time": 14.8945313}, {"$id": 99, "type": 0, "pos": -1.5, "size": 1.50000012, "_time": 15.0, "shift": 0.0, "time": 15.0}, {"$id": 100, "type": 0, "pos": 0.5, "size": 1.0, "_time": 15.1054688, "shift": 0.0, "time": 15.1054688}, {"$id": 101, "type": 0, "pos": -1.5, "size": 1.0, "_time": 15.2148438, "shift": 0.0, "time": 15.2148438}, {"$id": 102, "type": 0, "pos": -1.0, "size": 1.50000012, "_time": 15.4296875, "shift": 0.0, "time": 15.4296875}, {"$id": 103, "type": 0, "pos": 1.5, "size": 1.0, "_time": 15.4296875, "shift": 0.0, "time": 15.4296875}, {"$id": 104, "type": 0, "pos": 0.0, "size": 1.0, "_time": 15.5351563, "shift": 0.0, "time": 15.5351563}, {"$id": 105, "type": 0, "pos": 1.5, "size": 1.0, "_time": 15.6445313, "shift": 0.0, "time": 15.6445313}, {"$id": 106, "type": 0, "pos": -1.0, "size": 1.50000012, "_time": 15.8554688, "shift": 0.0, "time": 15.8554688}, {"$id": 107, "type": 0, "pos": 1.0, "size": 1.0, "_time": 15.9648438, "shift": 0.0, "time": 15.9648438}, {"$id": 108, "type": 0, "pos": 1.0, "size": 1.0, "_time": 16.1796875, "shift": 0.0, "time": 16.1796875}, {"$id": 109, "type": 0, "pos": -1.0, "size": 1.50000012, "_time": 16.2851563, "shift": 0.0, "time": 16.2851563}, {"$id": 110, "type": 0, "pos": 0.5, "size": 1.0, "_time": 16.5, "shift": 0.0, "time": 16.5}, {"$id": 111, "type": 0, "pos": -1.0, "size": 1.0, "_time": 16.6054688, "shift": 0.0, "time": 16.6054688}, {"$id": 112, "type": 0, "pos": 1.5, "size": 1.50000012, "_time": 16.7148438, "shift": 0.0, "time": 16.7148438}, {"$id": 113, "type": 0, "pos": -0.5, "size": 1.0, "_time": 16.8203125, "shift": 0.0, "time": 16.8203125}, {"$id": 114, "type": 0, "pos": 1.5, "size": 1.0, "_time": 16.9296875, "shift": 0.0, "time": 16.9296875}, {"$id": 115, "type": 0, "pos": 1.0, "size": 1.50000012, "_time": 17.1445313, "shift": 0.0, "time": 17.1445313}, {"$id": 116, "type": 0, "pos": -1.5, "size": 1.0, "_time": 17.1445313, "shift": 0.0, "time": 17.1445313}, {"$id": 117, "type": 0, "pos": 0.0, "size": 1.0, "_time": 17.25, "shift": 0.0, "time": 17.25}, {"$id": 118, "type": 0, "pos": -1.5, "size": 1.0, "_time": 17.3554688, "shift": 0.0, "time": 17.3554688}, {"$id": 119, "type": 0, "pos": 1.0, "size": 1.50000012, "_time": 17.5703125, "shift": 0.0, "time": 17.5703125}, {"$id": 120, "type": 0, "pos": -1.0, "size": 1.0, "_time": 17.6796875, "shift": 0.0, "time": 17.6796875}, {"$id": 121, "type": 0, "pos": -1.0, "size": 1.0, "_time": 17.8945313, "shift": 0.0, "time": 17.8945313}, {"$id": 122, "type": 0, "pos": 1.0, "size": 1.50000012, "_time": 18.0, "shift": 0.0, "time": 18.0}, {"$id": 123, "type": 0, "pos": -0.5, "size": 1.0, "_time": 18.2148438, "shift": 0.0, "time": 18.2148438}, {"$id": 124, "type": 0, "pos": 1.0, "size": 1.0, "_time": 18.3203125, "shift": 0.0, "time": 18.3203125}, {"$id": 125, "type": 0, "pos": -1.0, "size": 1.50000012, "_time": 18.4296875, "shift": 0.0, "time": 18.4296875}, {"$id": 126, "type": 0, "pos": 0.5, "size": 1.0, "_time": 18.5351563, "shift": 0.0, "time": 18.5351563}, {"$id": 127, "type": 0, "pos": -1.0, "size": 1.0, "_time": 18.6445313, "shift": 0.0, "time": 18.6445313}, {"$id": 128, "type": 0, "pos": -1.0, "size": 1.50000012, "_time": 18.8554688, "shift": 0.0, "time": 18.8554688}, {"$id": 129, "type": 0, "pos": 1.5, "size": 1.0, "_time": 18.8554688, "shift": 0.0, "time": 18.8554688}, {"$id": 130, "type": 0, "pos": 0.0, "size": 1.0, "_time": 18.9648438, "shift": 0.0, "time": 18.9648438}, {"$id": 131, "type": 0, "pos": 1.5, "size": 1.0, "_time": 19.0703125, "shift": 0.0, "time": 19.0703125}, {"$id": 132, "type": 0, "pos": -1.0, "size": 1.50000012, "_time": 19.2851563, "shift": 0.0, "time": 19.2851563}, {"$id": 133, "type": 0, "pos": 1.0, "size": 1.0, "_time": 19.3945313, "shift": 0.0, "time": 19.3945313}, {"$id": 134, "type": 0, "pos": 1.0, "size": 1.0, "_time": 19.6054688, "shift": 0.0, "time": 19.6054688}, {"$id": 135, "type": 0, "pos": -1.0, "size": 1.50000012, "_time": 19.7148438, "shift": 0.0, "time": 19.7148438}, {"$id": 136, "type": 0, "pos": 0.5, "size": 1.0, "_time": 19.9296875, "shift": 0.0, "time": 19.9296875}, {"$id": 137, "type": 0, "pos": -1.0, "size": 1.0, "_time": 20.0351563, "shift": 0.0, "time": 20.0351563}, {"$id": 138, "type": 0, "pos": 1.5, "size": 1.50000012, "_time": 20.1445313, "shift": 0.0, "time": 20.1445313}, {"$id": 139, "type": 0, "pos": -0.5, "size": 1.0, "_time": 20.25, "shift": 0.0, "time": 20.25}, {"$id": 140, "type": 0, "pos": 1.5, "size": 1.0, "_time": 20.3554688, "shift": 0.0, "time": 20.3554688}, {"$id": 141, "type": 0, "pos": 0.5, "size": 1.50000012, "_time": 20.5703125, "shift": 0.0, "time": 20.5703125}, {"$id": 142, "type": 0, "pos": -2.0, "size": 1.0, "_time": 20.5703125, "shift": 0.0, "time": 20.5703125}, {"$id": 143, "type": 0, "pos": -0.5, "size": 1.0, "_time": 20.6796875, "shift": 0.0, "time": 20.6796875}, {"$id": 144, "type": 0, "pos": -2.0, "size": 1.0, "_time": 20.7851563, "shift": 0.0, "time": 20.7851563}, {"$id": 145, "type": 0, "pos": 0.5, "size": 1.50000012, "_time": 21.0, "shift": 0.0, "time": 21.0}, {"$id": 146, "type": 0, "pos": -1.5, "size": 1.0, "_time": 21.1054688, "shift": 0.0, "time": 21.1054688}, {"$id": 147, "type": 0, "pos": -1.5, "size": 1.0, "_time": 21.3203125, "shift": 0.0, "time": 21.3203125}, {"$id": 148, "type": 0, "pos": 0.5, "size": 1.50000012, "_time": 21.4296875, "shift": 0.0, "time": 21.4296875}, {"$id": 149, "type": 0, "pos": -1.0, "size": 1.0, "_time": 21.6445313, "shift": 0.0, "time": 21.6445313}, {"$id": 150, "type": 0, "pos": 1.0, "size": 1.0, "_time": 21.75, "shift": 0.0, "time": 21.75}, {"$id": 151, "type": 0, "pos": 0.0, "size": 1.50000012, "_time": 21.8554688, "shift": 0.0, "time": 21.8554688}, {"$id": 152, "type": 0, "pos": 1.0, "size": 1.0, "_time": 21.9648438, "shift": 0.0, "time": 21.9648438}, {"$id": 153, "type": 0, "pos": -1.0, "size": 1.0, "_time": 22.0703125, "shift": 0.0, "time": 22.0703125}, {"$id": 154, "type": 0, "pos": -1.5, "size": 1.50000012, "_time": 22.2851563, "shift": 0.0, "time": 22.2851563}, {"$id": 155, "type": 0, "pos": 1.0, "size": 1.0, "_time": 22.2851563, "shift": 0.0, "time": 22.2851563}, {"$id": 156, "type": 0, "pos": -0.5, "size": 1.0, "_time": 22.3945313, "shift": 0.0, "time": 22.3945313}, {"$id": 157, "type": 0, "pos": 1.0, "size": 1.0, "_time": 22.5, "shift": 0.0, "time": 22.5}, {"$id": 158, "type": 0, "pos": -1.5, "size": 1.50000012, "_time": 22.7148438, "shift": 0.0, "time": 22.7148438}, {"$id": 159, "type": 0, "pos": 0.0, "size": 1.0, "_time": 22.8203125, "shift": 0.0, "time": 22.8203125}, {"$id": 160, "type": 0, "pos": 0.0, "size": 1.0, "_time": 23.0351563, "shift": 0.0, "time": 23.0351563}, {"$id": 161, "type": 0, "pos": -1.5, "size": 1.50000012, "_time": 23.1445313, "shift": 0.0, "time": 23.1445313}, {"$id": 162, "type": 0, "pos": 0.5, "size": 1.0, "_time": 23.3554688, "shift": 0.0, "time": 23.3554688}, {"$id": 163, "type": 0, "pos": -1.5, "size": 1.0, "_time": 23.4648438, "shift": 0.0, "time": 23.4648438}, {"$id": 164, "type": 0, "pos": -0.5, "size": 1.50000012, "_time": 23.5703125, "shift": 0.0, "time": 23.5703125}, {"$id": 165, "type": 0, "pos": -1.5, "size": 1.0, "_time": 23.6796875, "shift": 0.0, "time": 23.6796875}, {"$id": 166, "type": 0, "pos": 0.5, "size": 1.0, "_time": 23.7851563, "shift": 0.0, "time": 23.7851563}, {"$id": 167, "type": 0, "pos": -2.0, "size": 1.50000012, "_time": 24.0, "shift": 0.0, "time": 24.0}, {"$id": 168, "type": 0, "pos": 1.0, "size": 1.0, "_time": 24.0, "shift": 0.0, "time": 24.0}, {"$id": 169, "type": 0, "pos": -1.0, "size": 1.0, "_time": 24.2148438, "shift": 0.0, "time": 24.2148438}, {"$id": 170, "type": 0, "pos": 1.0, "size": 1.0, "_time": 24.3203125, "shift": 0.0, "time": 24.3203125}, {"$id": 171, "type": 0, "pos": 0.0, "size": 1.50000012, "_time": 24.4296875, "shift": 0.0, "time": 24.4296875}, {"$id": 172, "type": 0, "pos": 1.0, "size": 1.0, "_time": 24.5351563, "shift": 0.0, "time": 24.5351563}, {"$id": 173, "type": 0, "pos": -1.0, "size": 1.0, "_time": 24.6445313, "shift": 0.0, "time": 24.6445313}, {"$id": 174, "type": 0, "pos": 0.0, "size": 1.0, "_time": 24.75, "shift": 0.0, "time": 24.75}, {"$id": 175, "type": 0, "pos": -1.0, "size": 1.50000012, "_time": 24.8554688, "shift": 0.0, "time": 24.8554688}, {"$id": 176, "type": 0, "pos": 0.0, "size": 1.0, "_time": 24.9648438, "shift": 0.0, "time": 24.9648438}, {"$id": 177, "type": 0, "pos": -1.5, "size": 1.0, "_time": 25.0703125, "shift": 0.0, "time": 25.0703125}, {"$id": 178, "type": 0, "pos": 0.5, "size": 1.0, "_time": 25.1796875, "shift": 0.0, "time": 25.1796875}, {"$id": 179, "type": 0, "pos": -0.5, "size": 1.50000012, "_time": 25.2851563, "shift": 0.0, "time": 25.2851563}, {"$id": 180, "type": 0, "pos": 0.5, "size": 1.0, "_time": 25.3945313, "shift": 0.0, "time": 25.3945313}, {"$id": 181, "type": 0, "pos": -1.5, "size": 1.0, "_time": 25.5, "shift": 0.0, "time": 25.5}, {"$id": 182, "type": 0, "pos": 0.0, "size": 1.0, "_time": 25.6054688, "shift": 0.0, "time": 25.6054688}, {"$id": 183, "type": 0, "pos": -1.0, "size": 1.50000012, "_time": 25.7148438, "shift": 0.0, "time": 25.7148438}, {"$id": 184, "type": 0, "pos": 0.5, "size": 1.0, "_time": 25.8203125, "shift": 0.0, "time": 25.8203125}, {"$id": 185, "type": 0, "pos": -0.5, "size": 1.0, "_time": 25.9296875, "shift": 0.0, "time": 25.9296875}, {"$id": 186, "type": 0, "pos": 0.5, "size": 1.0, "_time": 26.0351563, "shift": 0.0, "time": 26.0351563}, {"$id": 187, "type": 0, "pos": -1.0, "size": 1.50000012, "_time": 26.1445313, "shift": 0.0, "time": 26.1445313}, {"$id": 188, "type": 0, "pos": 1.5, "size": 1.0, "_time": 26.3554688, "shift": 0.0, "time": 26.3554688}, {"$id": 189, "type": 0, "pos": 0.0, "size": 1.0, "_time": 26.4648438, "shift": 0.0, "time": 26.4648438}, {"$id": 190, "type": 0, "pos": 0.0, "size": 1.0, "_time": 26.6796875, "shift": 0.0, "time": 26.6796875}, {"$id": 191, "type": 0, "pos": 1.5, "size": 1.0, "_time": 26.7851563, "shift": 0.0, "time": 26.7851563}, {"$id": 192, "type": 0, "sounds": [{"w": 0.0, "d": 0.1071434, "p": 74, "v": 124}], "pos": -0.5, "size": 1.0, "_time": 27.0, "shift": 0.0, "time": 27.0}, {"$id": 193, "type": 0, "pos": -2.0, "size": 1.50000012, "_time": 27.0, "shift": 0.0, "time": 27.0}, {"$id": 194, "type": 0, "sounds": [{"w": 0.0, "d": 0.1071434, "p": 76, "v": 124}], "pos": 0.0, "size": 1.0, "_time": 27.1054688, "shift": 0.0, "time": 27.1054688}, {"$id": 195, "type": 0, "sounds": [{"w": 0.0, "d": 0.1071434, "p": 77, "v": 124}], "pos": 0.5, "size": 1.0, "_time": 27.2148438, "shift": 0.0, "time": 27.2148438}, {"$id": 196, "type": 0, "sounds": [{"w": 0.0, "d": 0.1071434, "p": 79, "v": 124}], "pos": 1.0, "size": 1.0, "_time": 27.3203125, "shift": 0.0, "time": 27.3203125}, {"$id": 197, "type": 0, "pos": -1.5, "size": 1.0, "_time": 27.4296875, "shift": 0.0, "time": 27.4296875}, {"$id": 198, "type": 0, "sounds": [{"w": 0.0, "d": 1.2857132, "p": 81, "v": 124}], "pos": 1.5, "size": 1.0, "_time": 27.4296875, "shift": 0.0, "time": 27.4296875}, {"$id": 199, "type": 0, "pos": -1.5, "size": 1.0, "_time": 27.5351563, "shift": 0.0, "time": 27.5351563}, {"$id": 200, "type": 0, "pos": 0.0, "size": 1.0, "_time": 27.6445313, "shift": 0.0, "time": 27.6445313}, {"$id": 201, "type": 0, "pos": 1.0, "size": 1.50000012, "_time": 27.8554688, "shift": 0.0, "time": 27.8554688}, {"$id": 202, "type": 0, "pos": -1.0, "size": 1.0, "_time": 27.9648438, "shift": 0.0, "time": 27.9648438}, {"$id": 203, "type": 0, "pos": -1.0, "size": 1.0, "_time": 28.1796875, "shift": 0.0, "time": 28.1796875}, {"$id": 204, "type": 0, "pos": 1.0, "size": 1.50000012, "_time": 28.2851563, "shift": 0.0, "time": 28.2851563}, {"$id": 205, "type": 0, "pos": 0.5, "size": 1.0, "_time": 28.5, "shift": 0.0, "time": 28.5}, {"$id": 206, "type": 0, "pos": 2.0, "size": 1.0, "_time": 28.6054688, "shift": 0.0, "time": 28.6054688}, {"$id": 207, "type": 0, "pos": 1.0, "size": 1.50000012, "_time": 28.7148438, "shift": 0.0, "time": 28.7148438}, {"$id": 208, "type": 0, "pos": 2.0, "size": 1.0, "_time": 28.8203125, "shift": 0.0, "time": 28.8203125}, {"$id": 209, "type": 0, "pos": 0.5, "size": 1.0, "_time": 28.9296875, "shift": 0.0, "time": 28.9296875}, {"$id": 210, "type": 0, "pos": -1.0, "size": 1.50000012, "_time": 29.1445313, "shift": 0.0, "time": 29.1445313}, {"$id": 211, "type": 0, "pos": 1.5, "size": 1.0, "_time": 29.1445313, "shift": 0.0, "time": 29.1445313}, {"$id": 212, "type": 0, "pos": 0.0, "size": 1.0, "_time": 29.25, "shift": 0.0, "time": 29.25}, {"$id": 213, "type": 0, "pos": 1.5, "size": 1.0, "_time": 29.3554688, "shift": 0.0, "time": 29.3554688}, {"$id": 214, "type": 0, "pos": -1.0, "size": 1.50000012, "_time": 29.5703125, "shift": 0.0, "time": 29.5703125}, {"$id": 215, "type": 0, "pos": 1.0, "size": 1.0, "_time": 29.6796875, "shift": 0.0, "time": 29.6796875}, {"$id": 216, "type": 0, "pos": 1.0, "size": 1.0, "_time": 29.8945313, "shift": 0.0, "time": 29.8945313}, {"$id": 217, "type": 0, "pos": -1.0, "size": 1.50000012, "_time": 30.0, "shift": 0.0, "time": 30.0}, {"$id": 218, "type": 0, "pos": -0.5, "size": 1.0, "_time": 30.2148438, "shift": 0.0, "time": 30.2148438}, {"$id": 219, "type": 0, "pos": -2.0, "size": 1.0, "_time": 30.3203125, "shift": 0.0, "time": 30.3203125}, {"$id": 220, "type": 0, "pos": -1.0, "size": 1.50000012, "_time": 30.4296875, "shift": 0.0, "time": 30.4296875}, {"$id": 221, "type": 0, "pos": -2.0, "size": 1.0, "_time": 30.5351563, "shift": 0.0, "time": 30.5351563}, {"$id": 222, "type": 0, "pos": -0.5, "size": 1.0, "_time": 30.6445313, "shift": 0.0, "time": 30.6445313}, {"$id": 223, "type": 0, "pos": 1.0, "size": 1.50000012, "_time": 30.8554688, "shift": 0.0, "time": 30.8554688}, {"$id": 224, "type": 0, "pos": -1.5, "size": 1.0, "_time": 30.8554688, "shift": 0.0, "time": 30.8554688}, {"$id": 225, "type": 0, "pos": 0.0, "size": 1.0, "_time": 30.9648438, "shift": 0.0, "time": 30.9648438}, {"$id": 226, "type": 0, "pos": -1.5, "size": 1.0, "_time": 31.0703125, "shift": 0.0, "time": 31.0703125}, {"$id": 227, "type": 0, "pos": 1.0, "size": 1.50000012, "_time": 31.2851563, "shift": 0.0, "time": 31.2851563}, {"$id": 228, "type": 0, "pos": -1.0, "size": 1.0, "_time": 31.3945313, "shift": 0.0, "time": 31.3945313}, {"$id": 229, "type": 0, "pos": -1.0, "size": 1.0, "_time": 31.6054688, "shift": 0.0, "time": 31.6054688}, {"$id": 230, "type": 0, "pos": 1.0, "size": 1.50000012, "_time": 31.7148438, "shift": 0.0, "time": 31.7148438}, {"$id": 231, "type": 0, "pos": 0.5, "size": 1.0, "_time": 31.9296875, "shift": 0.0, "time": 31.9296875}, {"$id": 232, "type": 0, "pos": 2.0, "size": 1.0, "_time": 32.0351563, "shift": 0.0, "time": 32.0351563}, {"$id": 233, "type": 0, "pos": 1.0, "size": 1.50000012, "_time": 32.14453, "shift": 0.0, "time": 32.14453}, {"$id": 234, "type": 0, "pos": 2.0, "size": 1.0, "_time": 32.25, "shift": 0.0, "time": 32.25}, {"$id": 235, "type": 0, "pos": 0.5, "size": 1.0, "_time": 32.35547, "shift": 0.0, "time": 32.35547}, {"$id": 236, "type": 0, "pos": 1.5, "size": 1.0, "_time": 32.5703125, "shift": 0.0, "time": 32.5703125}, {"$id": 237, "type": 0, "pos": -1.0, "size": 1.50000012, "_time": 32.5703125, "shift": 0.0, "time": 32.5703125}, {"$id": 238, "type": 0, "pos": 0.0, "size": 1.0, "_time": 32.6796875, "shift": 0.0, "time": 32.6796875}, {"$id": 239, "type": 0, "pos": 1.5, "size": 1.0, "_time": 32.7851563, "shift": 0.0, "time": 32.7851563}, {"$id": 240, "type": 0, "pos": -1.0, "size": 1.50000012, "_time": 33.0, "shift": 0.0, "time": 33.0}, {"$id": 241, "type": 0, "pos": 1.0, "size": 1.0, "_time": 33.10547, "shift": 0.0, "time": 33.10547}, {"$id": 242, "type": 0, "pos": 1.0, "size": 1.0, "_time": 33.3203125, "shift": 0.0, "time": 33.3203125}, {"$id": 243, "type": 0, "pos": -1.0, "size": 1.50000012, "_time": 33.4296875, "shift": 0.0, "time": 33.4296875}, {"$id": 244, "type": 0, "pos": 0.0, "size": 1.0, "_time": 33.64453, "shift": 0.0, "time": 33.64453}, {"$id": 245, "type": 0, "pos": -2.0, "size": 1.0, "_time": 33.75, "shift": 0.0, "time": 33.75}, {"$id": 246, "type": 0, "pos": -1.0, "size": 1.50000012, "_time": 33.85547, "shift": 0.0, "time": 33.85547}, {"$id": 247, "type": 0, "pos": -2.0, "size": 1.0, "_time": 33.9648438, "shift": 0.0, "time": 33.9648438}, {"$id": 248, "type": 0, "pos": -0.5, "size": 1.0, "_time": 34.0703125, "shift": 0.0, "time": 34.0703125}, {"$id": 249, "type": 0, "pos": -1.5, "size": 1.50000012, "_time": 34.2851563, "shift": 0.0, "time": 34.2851563}, {"$id": 250, "type": 0, "pos": 1.5, "size": 1.60000014, "_time": 34.2851563, "shift": 0.0, "time": 34.2851563}, {"$id": 251, "type": 0, "pos": -0.5, "size": 1.0, "_time": 34.39453, "shift": 0.0, "time": 34.39453}, {"$id": 252, "type": 0, "pos": 0.5, "size": 1.0, "_time": 34.5, "shift": 0.0, "time": 34.5}, {"$id": 253, "type": 0, "pos": -0.5, "size": 1.0, "_time": 34.60547, "shift": 0.0, "time": 34.60547}, {"$id": 254, "type": 0, "pos": 0.5, "size": 1.0, "_time": 34.7148438, "shift": 0.0, "time": 34.7148438}, {"$id": 255, "type": 0, "pos": -0.5, "size": 1.0, "_time": 34.8203125, "shift": 0.0, "time": 34.8203125}, {"$id": 256, "type": 0, "pos": 0.5, "size": 1.0, "_time": 34.9296875, "shift": 0.0, "time": 34.9296875}, {"$id": 257, "type": 0, "pos": -0.5, "size": 1.0, "_time": 35.0351563, "shift": 0.0, "time": 35.0351563}, {"$id": 258, "type": 0, "pos": 1.5, "size": 1.60000014, "_time": 35.14453, "shift": 0.0, "time": 35.14453}, {"$id": 259, "type": 0, "pos": -0.5, "size": 1.0, "_time": 35.25, "shift": 0.0, "time": 35.25}, {"$id": 260, "type": 0, "pos": 0.5, "size": 1.0, "_time": 35.35547, "shift": 0.0, "time": 35.35547}, {"$id": 261, "type": 0, "pos": -0.5, "size": 1.0, "_time": 35.4648438, "shift": 0.0, "time": 35.4648438}, {"$id": 262, "type": 0, "pos": 0.5, "size": 1.0, "_time": 35.5703125, "shift": 0.0, "time": 35.5703125}, {"$id": 263, "type": 0, "pos": -0.5, "size": 1.0, "_time": 35.6796875, "shift": 0.0, "time": 35.6796875}, {"$id": 264, "type": 0, "pos": 0.5, "size": 1.0, "_time": 35.7851563, "shift": 0.0, "time": 35.7851563}, {"$id": 265, "type": 0, "pos": -0.5, "size": 1.0, "_time": 35.89453, "shift": 0.0, "time": 35.89453}, {"$id": 266, "type": 0, "pos": -1.5, "size": 1.50000012, "_time": 36.0, "shift": 0.0, "time": 36.0}, {"$id": 267, "type": 0, "pos": 1.5, "size": 1.60000014, "_time": 36.0, "shift": 0.0, "time": 36.0}, {"$id": 268, "type": 0, "pos": 0.5, "size": 1.0, "_time": 36.10547, "shift": 0.0, "time": 36.10547}, {"$id": 269, "type": 0, "pos": -0.5, "size": 1.0, "_time": 36.2148438, "shift": 0.0, "time": 36.2148438}, {"$id": 270, "type": 0, "pos": 0.5, "size": 1.0, "_time": 36.3203125, "shift": 0.0, "time": 36.3203125}, {"$id": 271, "type": 0, "pos": -0.5, "size": 1.0, "_time": 36.4296875, "shift": 0.0, "time": 36.4296875}, {"$id": 272, "type": 0, "pos": 0.5, "size": 1.0, "_time": 36.5351563, "shift": 0.0, "time": 36.5351563}, {"$id": 273, "type": 0, "pos": -0.5, "size": 1.0, "_time": 36.64453, "shift": 0.0, "time": 36.64453}, {"$id": 274, "type": 0, "pos": 0.5, "size": 1.0, "_time": 36.75, "shift": 0.0, "time": 36.75}, {"$id": 275, "type": 0, "pos": -1.5, "size": 1.50000012, "_time": 36.85547, "shift": 0.0, "time": 36.85547}, {"$id": 276, "type": 0, "pos": 0.5, "size": 1.0, "_time": 36.9648438, "shift": 0.0, "time": 36.9648438}, {"$id": 277, "type": 0, "pos": -0.5, "size": 1.0, "_time": 37.0703125, "shift": 0.0, "time": 37.0703125}, {"$id": 278, "type": 0, "pos": 0.5, "size": 1.0, "_time": 37.1796875, "shift": 0.0, "time": 37.1796875}, {"$id": 279, "type": 0, "pos": -0.5, "size": 1.0, "_time": 37.2851563, "shift": 0.0, "time": 37.2851563}, {"$id": 280, "type": 0, "pos": 0.5, "size": 1.0, "_time": 37.39453, "shift": 0.0, "time": 37.39453}, {"$id": 281, "type": 0, "pos": -0.5, "size": 1.0, "_time": 37.5, "shift": 0.0, "time": 37.5}, {"$id": 282, "type": 0, "pos": 0.5, "size": 1.0, "_time": 37.60547, "shift": 0.0, "time": 37.60547}, {"$id": 283, "type": 0, "pos": 1.5, "size": 1.50000012, "_time": 37.7148438, "shift": 0.0, "time": 37.7148438}, {"$id": 284, "type": 0, "pos": -1.5, "size": 1.50000012, "_time": 37.7148438, "shift": 0.0, "time": 37.7148438}, {"$id": 285, "type": 0, "pos": -1.0, "size": 1.0, "_time": 37.9296875, "shift": 0.0, "time": 37.9296875}, {"$id": 286, "type": 0, "pos": 0.5, "size": 1.0, "_time": 38.0351563, "shift": 0.0, "time": 38.0351563}, {"$id": 287, "type": 0, "pos": 0.0, "size": 1.0, "_time": 38.14453, "shift": 0.0, "time": 38.14453}, {"$id": 288, "type": 0, "pos": -1.0, "size": 1.0, "_time": 38.25, "shift": 0.0, "time": 38.25}, {"$id": 289, "type": 0, "pos": 0.5, "size": 1.0, "_time": 38.35547, "shift": 0.0, "time": 38.35547}, {"$id": 290, "type": 0, "pos": 1.5, "size": 1.50000012, "_time": 38.5703125, "shift": 0.0, "time": 38.5703125}, {"$id": 291, "type": 0, "pos": -1.5, "size": 1.50000012, "_time": 38.5703125, "shift": 0.0, "time": 38.5703125}, {"$id": 292, "type": 0, "pos": 1.0, "size": 1.0, "_time": 38.7851563, "shift": 0.0, "time": 38.7851563}, {"$id": 293, "type": 0, "pos": -0.5, "size": 1.0, "_time": 38.89453, "shift": 0.0, "time": 38.89453}, {"$id": 294, "type": 0, "pos": 0.0, "size": 1.0, "_time": 39.0, "shift": 0.0, "time": 39.0}, {"$id": 295, "type": 0, "pos": 1.0, "size": 1.0, "_time": 39.10547, "shift": 0.0, "time": 39.10547}, {"$id": 296, "type": 0, "pos": -0.5, "size": 1.0, "_time": 39.2148438, "shift": 0.0, "time": 39.2148438}, {"$id": 297, "type": 0, "pos": 1.5, "size": 1.50000012, "_time": 39.4296875, "shift": 0.0, "time": 39.4296875}, {"$id": 298, "type": 0, "pos": -1.5, "size": 1.50000012, "_time": 39.4296875, "shift": 0.0, "time": 39.4296875}, {"$id": 299, "type": 0, "pos": -1.0, "size": 1.0, "_time": 39.64453, "shift": 0.0, "time": 39.64453}, {"$id": 300, "type": 0, "pos": 0.5, "size": 1.0, "_time": 39.75, "shift": 0.0, "time": 39.75}, {"$id": 301, "type": 0, "pos": -1.0, "size": 1.0, "_time": 39.9648438, "shift": 0.0, "time": 39.9648438}, {"$id": 302, "type": 0, "pos": 0.5, "size": 1.0, "_time": 40.0703125, "shift": 0.0, "time": 40.0703125}, {"$id": 303, "type": 0, "pos": -0.5, "size": 1.0, "_time": 40.1796875, "shift": 0.0, "time": 40.1796875}, {"$id": 304, "type": 0, "pos": 1.0, "size": 1.0, "_time": 40.39453, "shift": 0.0, "time": 40.39453}, {"$id": 305, "type": 0, "pos": -1.5, "size": 1.0, "_time": 40.5, "shift": 0.0, "time": 40.5}, {"$id": 306, "type": 0, "pos": 0.5, "size": 1.0, "_time": 40.60547, "shift": 0.0, "time": 40.60547}, {"$id": 307, "type": 0, "pos": 0.5, "size": 1.0, "_time": 40.7148438, "shift": 0.0, "time": 40.7148438}, {"$id": 308, "type": 0, "pos": -1.0, "size": 1.0, "_time": 40.8203125, "shift": 0.0, "time": 40.8203125}, {"$id": 309, "type": 0, "pos": 0.5, "size": 1.0, "_time": 40.9296875, "shift": 0.0, "time": 40.9296875}, {"$id": 310, "type": 0, "pos": -1.0, "size": 1.0, "_time": 41.0351563, "shift": 0.0, "time": 41.0351563}, {"$id": 311, "type": 0, "pos": -1.5, "size": 1.50000012, "_time": 41.1484375, "shift": 0.0, "time": 41.1484375}, {"$id": 312, "type": 0, "pos": 1.5, "size": 1.50000012, "_time": 41.1484375, "shift": 0.0, "time": 41.1484375}, {"$id": 313, "type": 0, "pos": 1.0, "size": 1.0, "_time": 41.35547, "shift": 0.0, "time": 41.35547}, {"$id": 314, "type": 0, "pos": 0.5, "size": 1.0, "_time": 41.5703125, "shift": 0.0, "time": 41.5703125}, {"$id": 315, "type": 0, "pos": 0.0, "size": 1.0, "_time": 41.7851563, "shift": 0.0, "time": 41.7851563}, {"$id": 316, "type": 0, "pos": -0.5, "size": 1.0, "_time": 42.0, "shift": 0.0, "time": 42.0}, {"$id": 317, "type": 0, "pos": -1.0, "size": 1.0, "_time": 42.2148438, "shift": 0.0, "time": 42.2148438}, {"$id": 318, "type": 0, "pos": -1.5, "size": 1.0, "_time": 42.4296875, "shift": 0.0, "time": 42.4296875}, {"$id": 319, "type": 0, "pos": 1.0, "size": 1.0, "_time": 42.64453, "shift": 0.0, "time": 42.64453}, {"$id": 320, "type": 0, "sounds": [{"w": 0.0, "d": 0.4285698, "p": 88, "v": 127}], "pos": 0.5, "size": 0.799999952, "_time": 43.7148438, "shift": 0.0, "time": 43.7148438}, {"$id": 321, "type": 0, "sounds": [{"w": 0.0, "d": 0.3839264, "p": 89, "v": 127}], "pos": 1.5, "size": 0.799999952, "_time": 44.14453, "shift": 0.0, "time": 44.14453}, {"$id": 322, "type": 0, "sounds": [{"w": 0.0, "d": 0.0446434021, "p": 87, "v": 89}], "pos": -0.5, "size": 0.799999952, "_time": 44.5273438, "shift": 0.0, "time": 44.5273438}, {"$id": 323, "type": 0, "sounds": [{"w": 0.0, "d": 0.6428566, "p": 88, "v": 127}], "pos": 0.5, "size": 0.799999952, "_time": 44.5703125, "shift": 0.0, "time": 44.5703125}, {"$id": 324, "type": 0, "sounds": [{"w": 0.0, "d": 0.6428566, "p": 84, "v": 127}], "pos": -0.5, "size": 0.799999952, "_time": 45.2148438, "shift": 0.0, "time": 45.2148438}, {"$id": 325, "type": 0, "sounds": [{"w": 0.0, "d": 0.2142868, "p": 76, "v": 127}], "pos": -1.5, "size": 0.799999952, "_time": 45.85547, "shift": 0.0, "time": 45.85547}, {"$id": 326, "type": 0, "sounds": [{"w": 0.0, "d": 0.2142868, "p": 77, "v": 127}], "pos": -0.5, "size": 0.799999952, "_time": 46.0703125, "shift": 0.0, "time": 46.0703125}, {"$id": 327, "type": 0, "sounds": [{"w": 0.0, "d": 0.2142868, "p": 84, "v": 127}], "pos": 1.0, "size": 0.799999952, "_time": 46.2851563, "shift": 0.0, "time": 46.2851563}, {"$id": 328, "type": 0, "sounds": [{"w": 0.0, "d": 0.2142868, "p": 82, "v": 127}], "pos": 0.0, "size": 0.799999952, "_time": 46.5, "shift": 0.0, "time": 46.5}, {"$id": 329, "type": 0, "sounds": [{"w": 0.0, "d": 0.2142868, "p": 81, "v": 127}], "pos": -1.0, "size": 0.799999952, "_time": 46.7148438, "shift": 0.0, "time": 46.7148438}, {"$id": 330, "type": 0, "sounds": [{"w": 0.0, "d": 0.4285698, "p": 77, "v": 127}], "pos": -1.5, "size": 0.799999952, "_time": 46.9296875, "shift": 0.0, "time": 46.9296875}, {"$id": 331, "type": 0, "sounds": [{"w": 0.0, "d": 0.4285698, "p": 76, "v": 127}], "pos": -2.0, "size": 0.799999952, "_time": 47.35547, "shift": 0.0, "time": 47.35547}, {"$id": 332, "type": 0, "sounds": [{"w": 0.0, "d": 0.2142868, "p": 77, "v": 127}], "pos": 0.5, "size": 0.799999952, "_time": 47.7851563, "shift": 0.0, "time": 47.7851563}, {"$id": 333, "type": 0, "pos": 1.0, "size": 1.0, "_time": 48.2148438, "shift": 0.0, "time": 48.2148438}, {"$id": 334, "type": 0, "pos": 0.5, "size": 1.0, "_time": 48.4296875, "shift": 0.0, "time": 48.4296875}, {"$id": 335, "type": 0, "pos": 0.0, "size": 1.0, "_time": 48.64453, "shift": 0.0, "time": 48.64453}, {"$id": 336, "type": 0, "pos": -0.5, "size": 1.0, "_time": 48.85547, "shift": 0.0, "time": 48.85547}, {"$id": 337, "type": 0, "pos": -1.0, "size": 1.0, "_time": 49.0703125, "shift": 0.0, "time": 49.0703125}, {"$id": 338, "type": 0, "pos": -1.5, "size": 1.0, "_time": 49.2851563, "shift": 0.0, "time": 49.2851563}, {"$id": 339, "type": 0, "pos": 1.0, "size": 1.0, "_time": 49.5, "shift": 0.0, "time": 49.5}, {"$id": 340, "type": 0, "pos": -1.0, "size": 1.50000012, "_time": 51.4296875, "shift": 0.0, "time": 51.4296875}, {"$id": 341, "type": 0, "pos": -0.5, "size": 1.2, "_time": 51.64453, "shift": 0.0, "time": 51.64453}, {"$id": 342, "type": 0, "pos": 0.0, "size": 1.1, "_time": 51.85547, "shift": 0.0, "time": 51.85547}, {"$id": 343, "type": 0, "pos": 0.5, "size": 1.0, "_time": 52.0703125, "shift": 0.0, "time": 52.0703125}, {"$id": 344, "type": 0, "pos": 1.0, "size": 1.50000012, "_time": 52.2851563, "shift": 0.0, "time": 52.2851563}, {"$id": 345, "type": 0, "pos": 0.5, "size": 1.2, "_time": 52.5, "shift": 0.0, "time": 52.5}, {"$id": 346, "type": 0, "pos": 0.0, "size": 1.1, "_time": 52.7148438, "shift": 0.0, "time": 52.7148438}, {"$id": 347, "type": 0, "pos": -0.5, "size": 1.0, "_time": 52.9296875, "shift": 0.0, "time": 52.9296875}, {"$id": 348, "type": 0, "pos": -1.0, "size": 1.50000012, "_time": 53.14453, "shift": 0.0, "time": 53.14453}, {"$id": 349, "type": 0, "pos": -0.5, "size": 1.2, "_time": 53.35547, "shift": 0.0, "time": 53.35547}, {"$id": 350, "type": 0, "pos": 0.0, "size": 1.1, "_time": 53.5703125, "shift": 0.0, "time": 53.5703125}, {"$id": 351, "type": 0, "pos": 0.5, "size": 1.0, "_time": 53.7851563, "shift": 0.0, "time": 53.7851563}, {"$id": 352, "type": 0, "pos": 1.0, "size": 1.50000012, "_time": 54.0, "shift": 0.0, "time": 54.0}, {"$id": 353, "type": 0, "pos": 0.5, "size": 1.2, "_time": 54.2148438, "shift": 0.0, "time": 54.2148438}, {"$id": 354, "type": 0, "pos": 0.0, "size": 1.1, "_time": 54.4296875, "shift": 0.0, "time": 54.4296875}, {"$id": 355, "type": 0, "pos": -0.5, "size": 1.0, "_time": 54.64453, "shift": 0.0, "time": 54.64453}, {"$id": 356, "type": 0, "pos": -2.0, "size": 2.0, "_time": 54.85547, "shift": 0.0, "time": 54.85547}, {"$id": 357, "type": 0, "pos": 2.0, "size": 2.0, "_time": 54.86328, "shift": 0.0, "time": 54.86328}, {"$id": 358, "type": 0, "pos": -1.5, "size": 1.0, "_time": 55.1796875, "shift": 0.0, "time": 55.1796875}, {"$id": 359, "type": 0, "pos": -1.5, "size": 1.0, "_time": 55.39453, "shift": 0.0, "time": 55.39453}, {"$id": 360, "type": 0, "pos": 1.0, "size": 1.0, "_time": 55.60547, "shift": 0.0, "time": 55.60547}, {"$id": 361, "type": 0, "pos": -1.0, "size": 1.0, "_time": 55.8203125, "shift": 0.0, "time": 55.8203125}, {"$id": 362, "type": 0, "pos": -0.5, "size": 1.0, "_time": 56.14453, "shift": 0.0, "time": 56.14453}, {"$id": 363, "type": 0, "pos": 1.0, "size": 1.0, "_time": 56.35547, "shift": 0.0, "time": 56.35547}, {"$id": 364, "type": 0, "pos": -2.0, "size": 1.0, "_time": 56.5703125, "shift": 0.0, "time": 56.5703125}, {"$id": 365, "type": 0, "pos": -1.5, "size": 1.0, "_time": 56.89453, "shift": 0.0, "time": 56.89453}, {"$id": 366, "type": 0, "pos": -1.5, "size": 1.0, "_time": 57.10547, "shift": 0.0, "time": 57.10547}, {"$id": 367, "type": 0, "pos": 1.0, "size": 1.0, "_time": 57.3203125, "shift": 0.0, "time": 57.3203125}, {"$id": 368, "type": 0, "pos": -1.0, "size": 1.0, "_time": 57.5351563, "shift": 0.0, "time": 57.5351563}, {"$id": 369, "type": 0, "pos": -0.5, "size": 1.0, "_time": 57.85547, "shift": 0.0, "time": 57.85547}, {"$id": 370, "type": 0, "pos": 2.0, "size": 1.0, "_time": 58.0703125, "shift": 0.0, "time": 58.0703125}, {"$id": 371, "type": 0, "pos": 0.0, "size": 1.0, "_time": 58.2851563, "shift": 0.0, "time": 58.2851563}, {"$id": 372, "type": 0, "pos": 1.0, "size": 1.0, "_time": 58.60547, "shift": 0.0, "time": 58.60547}, {"$id": 373, "type": 0, "pos": -1.0, "size": 1.0, "_time": 58.8203125, "shift": 0.0, "time": 58.8203125}, {"$id": 374, "type": 0, "pos": 0.5, "size": 1.0, "_time": 59.0351563, "shift": 0.0, "time": 59.0351563}, {"$id": 375, "type": 0, "pos": 0.5, "size": 1.0, "_time": 59.25, "shift": 0.0, "time": 59.25}, {"$id": 376, "type": 0, "pos": -0.5, "size": 1.0, "_time": 59.5703125, "shift": 0.0, "time": 59.5703125}, {"$id": 377, "type": 0, "pos": -2.0, "size": 1.0, "_time": 59.7851563, "shift": 0.0, "time": 59.7851563}, {"$id": 378, "type": 0, "pos": -0.5, "size": 1.0, "_time": 60.0, "shift": 0.0, "time": 60.0}, {"$id": 379, "type": 0, "pos": -1.0, "size": 1.0, "_time": 60.3203125, "shift": 0.0, "time": 60.3203125}, {"$id": 380, "type": 0, "pos": 0.0, "size": 1.0, "_time": 60.5351563, "shift": 0.0, "time": 60.5351563}, {"$id": 381, "type": 0, "pos": 1.0, "size": 1.0, "_time": 60.75, "shift": 0.0, "time": 60.75}, {"$id": 382, "type": 0, "pos": 1.0, "size": 1.0, "_time": 60.9648438, "shift": 0.0, "time": 60.9648438}, {"$id": 383, "type": 0, "pos": -1.5, "size": 1.0, "_time": 61.2851563, "shift": 0.0, "time": 61.2851563}, {"$id": 384, "type": 0, "pos": 1.0, "size": 1.0, "_time": 61.5, "shift": 0.0, "time": 61.5}, {"$id": 385, "type": 0, "pos": -2.0, "size": 1.0, "_time": 61.7148438, "shift": 0.0, "time": 61.7148438}, {"$id": 386, "type": 0, "pos": 0.0, "size": 1.60000014, "_time": 61.7148438, "shift": 0.0, "time": 61.7148438}, {"$id": 387, "type": 0, "pos": -1.5, "size": 1.0, "_time": 62.0351563, "shift": 0.0, "time": 62.0351563}, {"$id": 388, "type": 0, "pos": 0.0, "size": 1.0, "_time": 62.14453, "shift": 0.0, "time": 62.14453}, {"$id": 389, "type": 0, "pos": -1.5, "size": 1.0, "_time": 62.25, "shift": 0.0, "time": 62.25}, {"$id": 390, "type": 0, "pos": 0.0, "size": 1.0, "_time": 62.35547, "shift": 0.0, "time": 62.35547}, {"$id": 391, "type": 0, "pos": -1.0, "size": 1.0, "_time": 62.4648438, "shift": 0.0, "time": 62.4648438}, {"$id": 392, "type": 0, "pos": 1.0, "size": 1.0, "_time": 62.5703125, "shift": 0.0, "time": 62.5703125}, {"$id": 393, "type": 0, "pos": -1.0, "size": 1.0, "_time": 62.6796875, "shift": 0.0, "time": 62.6796875}, {"$id": 394, "type": 0, "pos": -2.0, "size": 1.0, "_time": 63.0, "shift": 0.0, "time": 63.0}, {"$id": 395, "type": 0, "pos": 0.5, "size": 1.0, "_time": 63.10547, "shift": 0.0, "time": 63.10547}, {"$id": 396, "type": 0, "pos": -2.0, "size": 1.0, "_time": 63.2148438, "shift": 0.0, "time": 63.2148438}, {"$id": 397, "type": 0, "pos": 0.5, "size": 1.0, "_time": 63.3203125, "shift": 0.0, "time": 63.3203125}, {"$id": 398, "type": 0, "pos": -1.0, "size": 1.60000014, "_time": 63.4296875, "shift": 0.0, "time": 63.4296875}, {"$id": 399, "type": 0, "pos": 1.5, "size": 1.0, "_time": 63.75, "shift": 0.0, "time": 63.75}, {"$id": 400, "type": 0, "pos": 0.0, "size": 1.0, "_time": 63.85547, "shift": 0.0, "time": 63.85547}, {"$id": 401, "type": 0, "pos": 1.5, "size": 1.0, "_time": 63.9648438, "shift": 0.0, "time": 63.9648438}, {"$id": 402, "type": 0, "pos": 0.0, "size": 1.0, "_time": 64.07031, "shift": 0.0, "time": 64.07031}, {"$id": 403, "type": 0, "pos": 1.0, "size": 1.0, "_time": 64.17969, "shift": 0.0, "time": 64.17969}, {"$id": 404, "type": 0, "pos": -1.0, "size": 1.0, "_time": 64.28516, "shift": 0.0, "time": 64.28516}, {"$id": 405, "type": 0, "pos": 1.0, "size": 1.0, "_time": 64.39453, "shift": 0.0, "time": 64.39453}, {"$id": 406, "type": 0, "pos": 2.0, "size": 1.0, "_time": 64.71484, "shift": 0.0, "time": 64.71484}, {"$id": 407, "type": 0, "pos": -0.5, "size": 1.0, "_time": 64.82031, "shift": 0.0, "time": 64.82031}, {"$id": 408, "type": 0, "pos": 2.0, "size": 1.0, "_time": 64.92969, "shift": 0.0, "time": 64.92969}, {"$id": 409, "type": 0, "pos": -0.5, "size": 1.0, "_time": 65.03516, "shift": 0.0, "time": 65.03516}, {"$id": 410, "type": 0, "pos": 1.0, "size": 1.60000014, "_time": 65.14453, "shift": 0.0, "time": 65.14453}, {"$id": 411, "type": 0, "pos": -1.5, "size": 1.0, "_time": 65.46484, "shift": 0.0, "time": 65.46484}, {"$id": 412, "type": 0, "pos": 0.0, "size": 1.0, "_time": 65.57031, "shift": 0.0, "time": 65.57031}, {"$id": 413, "type": 0, "pos": -1.5, "size": 1.0, "_time": 65.67969, "shift": 0.0, "time": 65.67969}, {"$id": 414, "type": 0, "pos": 0.0, "size": 1.0, "_time": 65.78516, "shift": 0.0, "time": 65.78516}, {"$id": 415, "type": 0, "pos": -1.0, "size": 1.0, "_time": 65.89453, "shift": 0.0, "time": 65.89453}, {"$id": 416, "type": 0, "pos": 1.0, "size": 1.0, "_time": 66.0, "shift": 0.0, "time": 66.0}, {"$id": 417, "type": 0, "pos": -1.0, "size": 1.0, "_time": 66.10547, "shift": 0.0, "time": 66.10547}, {"$id": 418, "type": 0, "pos": -1.5, "size": 1.0, "_time": 66.42969, "shift": 0.0, "time": 66.42969}, {"$id": 419, "type": 0, "pos": 1.5, "size": 1.0, "_time": 66.53516, "shift": 0.0, "time": 66.53516}, {"$id": 420, "type": 0, "pos": -1.5, "size": 1.0, "_time": 66.64453, "shift": 0.0, "time": 66.64453}, {"$id": 421, "type": 0, "pos": 1.5, "size": 1.0, "_time": 66.75, "shift": 0.0, "time": 66.75}, {"$id": 422, "type": 0, "pos": 0.0, "size": 1.70000017, "_time": 66.86719, "shift": 0.0, "time": 66.86719}, {"$id": 423, "type": 0, "sounds": [{"w": 0.0, "d": 0.0669631958, "p": 88, "v": 75}], "pos": 0.5, "size": 0.9, "_time": 67.24609, "shift": 0.0, "time": 67.24609}, {"$id": 424, "type": 0, "sounds": [{"w": 0.0, "d": 0.4285736, "p": 89, "v": 127}], "pos": 2.0, "size": 0.9, "_time": 67.28516, "shift": 0.0, "time": 67.28516}, {"$id": 425, "type": 0, "sounds": [{"w": 0.0, "d": 0.4285736, "p": 88, "v": 127}], "pos": 1.0, "size": 0.9, "_time": 67.71484, "shift": 0.0, "time": 67.71484}, {"$id": 426, "type": 0, "sounds": [{"w": 0.0, "d": 0.4285736, "p": 84, "v": 127}], "pos": 0.5, "size": 0.9, "_time": 68.14453, "shift": 0.0, "time": 68.14453}, {"$id": 427, "type": 0, "sounds": [{"w": 0.0, "d": 0.4285736, "p": 74, "v": 116}], "pos": -1.0, "size": 1.70000017, "_time": 68.57031, "shift": 0.0, "time": 68.57031}, {"$id": 428, "type": 0, "sounds": [{"w": 0.0, "d": 0.4285736, "p": 86, "v": 127}], "pos": 1.0, "size": 1.70000017, "_time": 68.57031, "shift": 0.0, "time": 68.57031}, {"$id": 429, "type": 0, "pos": -0.5, "size": 1.0, "_time": 68.89453, "shift": 0.0, "time": 68.89453}, {"$id": 430, "type": 0, "pos": -2.0, "size": 1.50000012, "_time": 69.0, "shift": 0.0, "time": 69.0}, {"$id": 431, "type": 0, "pos": -0.5, "size": 1.0, "_time": 69.10547, "shift": 0.0, "time": 69.10547}, {"$id": 432, "type": 0, "pos": 1.0, "size": 1.0, "_time": 69.32031, "shift": 0.0, "time": 69.32031}, {"$id": 433, "type": 0, "pos": -1.5, "size": 1.50000012, "_time": 69.42969, "shift": 0.0, "time": 69.42969}, {"$id": 434, "type": 0, "pos": 0.0, "size": 1.0, "_time": 69.53516, "shift": 0.0, "time": 69.53516}, {"$id": 435, "type": 0, "pos": 0.0, "size": 1.0, "_time": 69.85547, "shift": 0.0, "time": 69.85547}, {"$id": 436, "type": 0, "pos": -1.5, "size": 1.50000012, "_time": 69.85547, "shift": 0.0, "time": 69.85547}, {"$id": 437, "type": 0, "pos": 1.0, "size": 1.0, "_time": 70.07031, "shift": 0.0, "time": 70.07031}, {"$id": 438, "type": 0, "pos": -0.5, "size": 1.0, "_time": 70.28516, "shift": 0.0, "time": 70.28516}, {"$id": 439, "type": 0, "pos": -2.0, "size": 1.50000012, "_time": 70.28516, "shift": 0.0, "time": 70.28516}, {"$id": 440, "type": 0, "pos": 0.0, "size": 1.0, "_time": 70.60547, "shift": 0.0, "time": 70.60547}, {"$id": 441, "type": 0, "pos": -2.0, "size": 1.50000012, "_time": 70.71484, "shift": 0.0, "time": 70.71484}, {"$id": 442, "type": 0, "pos": 0.0, "size": 1.0, "_time": 70.82031, "shift": 0.0, "time": 70.82031}, {"$id": 443, "type": 0, "pos": 1.0, "size": 1.0, "_time": 71.03516, "shift": 0.0, "time": 71.03516}, {"$id": 444, "type": 0, "pos": -1.0, "size": 1.50000012, "_time": 71.14453, "shift": 0.0, "time": 71.14453}, {"$id": 445, "type": 0, "pos": 0.5, "size": 1.0, "_time": 71.25, "shift": 0.0, "time": 71.25}, {"$id": 446, "type": 0, "pos": 0.5, "size": 1.0, "_time": 71.57031, "shift": 0.0, "time": 71.57031}, {"$id": 447, "type": 0, "pos": -1.0, "size": 1.50000012, "_time": 71.57031, "shift": 0.0, "time": 71.57031}, {"$id": 448, "type": 0, "pos": 2.0, "size": 1.0, "_time": 71.78516, "shift": 0.0, "time": 71.78516}, {"$id": 449, "type": 0, "pos": 1.0, "size": 1.0, "_time": 72.0, "shift": 0.0, "time": 72.0}, {"$id": 450, "type": 0, "pos": -0.5, "size": 1.50000012, "_time": 72.0, "shift": 0.0, "time": 72.0}, {"$id": 451, "type": 0, "pos": 1.5, "size": 1.0, "_time": 72.32031, "shift": 0.0, "time": 72.32031}, {"$id": 452, "type": 0, "pos": -1.0, "size": 1.50000012, "_time": 72.42969, "shift": 0.0, "time": 72.42969}, {"$id": 453, "type": 0, "pos": 1.5, "size": 1.0, "_time": 72.53516, "shift": 0.0, "time": 72.53516}, {"$id": 454, "type": 0, "pos": 0.5, "size": 1.0, "_time": 72.75, "shift": 0.0, "time": 72.75}, {"$id": 455, "type": 0, "pos": -2.0, "size": 1.50000012, "_time": 72.85547, "shift": 0.0, "time": 72.85547}, {"$id": 456, "type": 0, "pos": -0.5, "size": 1.0, "_time": 72.96484, "shift": 0.0, "time": 72.96484}, {"$id": 457, "type": 0, "pos": 0.5, "size": 1.0, "_time": 73.28516, "shift": 0.0, "time": 73.28516}, {"$id": 458, "type": 0, "pos": -1.5, "size": 1.50000012, "_time": 73.28516, "shift": 0.0, "time": 73.28516}, {"$id": 459, "type": 0, "pos": 0.0, "size": 1.0, "_time": 73.5, "shift": 0.0, "time": 73.5}, {"$id": 460, "type": 0, "pos": 0.5, "size": 1.0, "_time": 73.71484, "shift": 0.0, "time": 73.71484}, {"$id": 461, "type": 0, "pos": -1.5, "size": 1.50000012, "_time": 73.71484, "shift": 0.0, "time": 73.71484}, {"$id": 462, "type": 0, "pos": 1.0, "size": 1.0, "_time": 74.03516, "shift": 0.0, "time": 74.03516}, {"$id": 463, "type": 0, "pos": -1.0, "size": 1.50000012, "_time": 74.14453, "shift": 0.0, "time": 74.14453}, {"$id": 464, "type": 0, "pos": 0.5, "size": 1.0, "_time": 74.25, "shift": 0.0, "time": 74.25}, {"$id": 465, "type": 0, "sounds": [{"w": 0.0, "d": 0.2142868, "p": 88, "v": 116}], "pos": -1.0, "size": 1.0, "_time": 74.35547, "shift": 0.0, "time": 74.35547}, {"$id": 466, "type": 0, "pos": 2.0, "size": 1.4000001, "_time": 74.57031, "shift": 0.0, "time": 74.57031}, {"$id": 467, "type": 0, "sounds": [{"w": 0.0, "d": 0.2142868, "p": 89, "v": 116}], "pos": 0.0, "size": 1.0, "_time": 74.57031, "shift": 0.0, "time": 74.57031}, {"$id": 468, "type": 0, "sounds": [{"w": 0.0, "d": 0.2142868, "p": 91, "v": 116}], "pos": 0.5, "size": 1.0, "_time": 74.78516, "shift": 0.0, "time": 74.78516}, {"$id": 469, "type": 0, "pos": 1.5, "size": 1.4000001, "_time": 75.0, "shift": 0.0, "time": 75.0}, {"$id": 470, "type": 0, "sounds": [{"w": 0.0, "d": 0.2142868, "p": 93, "v": 116}], "pos": -0.5, "size": 1.0, "_time": 75.0, "shift": 0.0, "time": 75.0}, {"$id": 471, "type": 0, "sounds": [{"w": 0.0, "d": 0.2142868, "p": 89, "v": 116}], "pos": 0.5, "size": 1.0, "_time": 75.21484, "shift": 0.0, "time": 75.21484}, {"$id": 472, "type": 0, "pos": 2.0, "size": 1.4000001, "_time": 75.42969, "shift": 0.0, "time": 75.42969}, {"$id": 473, "type": 0, "sounds": [{"w": 0.0, "d": 0.4285736, "p": 96, "v": 116}], "pos": -0.5, "size": 1.0, "_time": 75.42969, "shift": 0.0, "time": 75.42969}, {"$id": 474, "type": 0, "pos": -1.0, "size": 1.0, "_time": 75.75, "shift": 0.0, "time": 75.75}, {"$id": 475, "type": 0, "pos": 1.5, "size": 1.4000001, "_time": 75.85547, "shift": 0.0, "time": 75.85547}, {"$id": 476, "type": 0, "pos": -2.0, "size": 1.0, "_time": 75.96484, "shift": 0.0, "time": 75.96484}, {"$id": 477, "type": 0, "pos": 0.0, "size": 1.0, "_time": 76.17969, "shift": 0.0, "time": 76.17969}, {"$id": 478, "type": 0, "pos": 1.5, "size": 1.4000001, "_time": 76.28516, "shift": 0.0, "time": 76.28516}, {"$id": 479, "type": 0, "pos": -0.5, "size": 1.0, "_time": 76.39453, "shift": 0.0, "time": 76.39453}, {"$id": 480, "type": 0, "pos": -0.5, "size": 1.0, "_time": 76.71484, "shift": 0.0, "time": 76.71484}, {"$id": 481, "type": 0, "pos": 1.5, "size": 1.4000001, "_time": 76.71484, "shift": 0.0, "time": 76.71484}, {"$id": 482, "type": 0, "pos": 0.5, "size": 1.0, "_time": 76.92969, "shift": 0.0, "time": 76.92969}, {"$id": 483, "type": 0, "pos": -1.5, "size": 1.0, "_time": 77.14453, "shift": 0.0, "time": 77.14453}, {"$id": 484, "type": 0, "pos": 1.0, "size": 1.4000001, "_time": 77.14453, "shift": 0.0, "time": 77.14453}, {"$id": 485, "type": 0, "pos": -2.0, "size": 1.0, "_time": 77.46484, "shift": 0.0, "time": 77.46484}, {"$id": 486, "type": 0, "pos": 0.0, "size": 1.4000001, "_time": 77.57031, "shift": 0.0, "time": 77.57031}, {"$id": 487, "type": 0, "pos": -2.0, "size": 1.0, "_time": 77.67969, "shift": 0.0, "time": 77.67969}, {"$id": 488, "type": 0, "pos": -0.5, "size": 1.0, "_time": 77.89453, "shift": 0.0, "time": 77.89453}, {"$id": 489, "type": 0, "pos": 1.0, "size": 1.4000001, "_time": 78.0, "shift": 0.0, "time": 78.0}, {"$id": 490, "type": 0, "pos": -1.5, "size": 1.0, "_time": 78.10547, "shift": 0.0, "time": 78.10547}, {"$id": 491, "type": 0, "pos": -1.5, "size": 1.0, "_time": 78.42969, "shift": 0.0, "time": 78.42969}, {"$id": 492, "type": 0, "pos": 0.5, "size": 1.4000001, "_time": 78.42969, "shift": 0.0, "time": 78.42969}, {"$id": 493, "type": 0, "pos": -0.5, "size": 1.0, "_time": 78.64453, "shift": 0.0, "time": 78.64453}, {"$id": 494, "type": 0, "pos": -1.0, "size": 1.0, "_time": 78.85547, "shift": 0.0, "time": 78.85547}, {"$id": 495, "type": 0, "pos": 1.5, "size": 1.4000001, "_time": 78.85547, "shift": 0.0, "time": 78.85547}, {"$id": 496, "type": 0, "pos": 0.0, "size": 1.0, "_time": 79.17969, "shift": 0.0, "time": 79.17969}, {"$id": 497, "type": 0, "pos": 1.5, "size": 1.4000001, "_time": 79.28516, "shift": 0.0, "time": 79.28516}, {"$id": 498, "type": 0, "pos": -1.0, "size": 1.0, "_time": 79.39453, "shift": 0.0, "time": 79.39453}, {"$id": 499, "type": 0, "pos": 0.0, "size": 1.0, "_time": 79.60547, "shift": 0.0, "time": 79.60547}, {"$id": 500, "type": 0, "pos": 2.0, "size": 1.4000001, "_time": 79.71484, "shift": 0.0, "time": 79.71484}, {"$id": 501, "type": 0, "pos": -1.0, "size": 1.0, "_time": 79.82031, "shift": 0.0, "time": 79.82031}, {"$id": 502, "type": 0, "pos": -0.5, "size": 1.0, "_time": 80.14453, "shift": 0.0, "time": 80.14453}, {"$id": 503, "type": 0, "pos": 1.5, "size": 1.4000001, "_time": 80.14453, "shift": 0.0, "time": 80.14453}, {"$id": 504, "type": 0, "pos": -1.0, "size": 1.0, "_time": 80.35547, "shift": 0.0, "time": 80.35547}, {"$id": 505, "type": 0, "pos": 0.0, "size": 1.0, "_time": 80.57031, "shift": 0.0, "time": 80.57031}, {"$id": 506, "type": 0, "pos": 1.5, "size": 1.4000001, "_time": 80.57031, "shift": 0.0, "time": 80.57031}, {"$id": 507, "type": 0, "pos": -2.0, "size": 1.0, "_time": 80.89453, "shift": 0.0, "time": 80.89453}, {"$id": 508, "type": 0, "pos": -1.0, "size": 1.0, "_time": 81.10547, "shift": 0.0, "time": 81.10547}, {"$id": 509, "type": 0, "sounds": [{"w": 0.0, "d": 0.107139587, "p": 89, "v": 127}], "pos": 1.5, "size": 0.6, "_time": 81.21484, "shift": 0.0, "time": 81.21484}, {"$id": 510, "type": 0, "sounds": [{"w": 0.0, "d": 0.107139587, "p": 88, "v": 127}], "pos": 0.0, "size": 0.6999999, "_time": 81.32031, "shift": 0.0, "time": 81.32031}, {"$id": 511, "type": 0, "sounds": [{"w": 0.0, "d": 0.107139587, "p": 84, "v": 127}], "pos": 1.0, "size": 0.6999999, "_time": 81.42969, "shift": 0.0, "time": 81.42969}, {"$id": 512, "type": 0, "sounds": [{"w": 0.0, "d": 0.107139587, "p": 82, "v": 127}], "pos": -0.5, "size": 0.6999999, "_time": 81.53516, "shift": 0.0, "time": 81.53516}, {"$id": 513, "type": 0, "sounds": [{"w": 0.0, "d": 0.107139587, "p": 81, "v": 127}], "pos": 0.5, "size": 0.799999952, "_time": 81.64453, "shift": 0.0, "time": 81.64453}, {"$id": 514, "type": 0, "sounds": [{"w": 0.0, "d": 0.107139587, "p": 77, "v": 127}], "pos": -1.0, "size": 0.799999952, "_time": 81.75, "shift": 0.0, "time": 81.75}, {"$id": 515, "type": 0, "sounds": [{"w": 0.0, "d": 0.107139587, "p": 76, "v": 127}], "pos": 0.0, "size": 0.9, "_time": 81.85547, "shift": 0.0, "time": 81.85547}, {"$id": 516, "type": 0, "sounds": [{"w": 0.0, "d": 0.107139587, "p": 72, "v": 127}], "pos": -1.5, "size": 0.9, "_time": 81.96484, "shift": 0.0, "time": 81.96484}, {"$id": 517, "type": 0, "sounds": [{"w": 0.0, "d": 0.107139587, "p": 70, "v": 127}], "pos": -0.5, "size": 1.0, "_time": 82.07031, "shift": 0.0, "time": 82.07031}, {"$id": 518, "type": 0, "sounds": [{"w": 0.0, "d": 0.107139587, "p": 65, "v": 127}], "pos": -2.0, "size": 1.0, "_time": 82.17969, "shift": 0.0, "time": 82.17969}, {"$id": 519, "type": 0, "pos": 1.0, "size": 1.50000012, "_time": 82.28516, "shift": 0.0, "time": 82.28516}, {"$id": 520, "type": 0, "pos": 0.0, "size": 1.0, "_time": 82.60547, "shift": 0.0, "time": 82.60547}, {"$id": 521, "type": 0, "pos": -1.0, "size": 1.0, "_time": 82.71484, "shift": 0.0, "time": 82.71484}, {"$id": 522, "type": 0, "pos": 0.0, "size": 1.0, "_time": 82.82031, "shift": 0.0, "time": 82.82031}, {"$id": 523, "type": 0, "pos": 1.5, "size": 1.0, "_time": 83.03516, "shift": 0.0, "time": 83.03516}, {"$id": 524, "type": 0, "pos": -0.5, "size": 1.0, "_time": 83.14453, "shift": 0.0, "time": 83.14453}, {"$id": 525, "type": 0, "pos": 1.0, "size": 1.0, "_time": 83.25, "shift": 0.0, "time": 83.25}, {"$id": 526, "type": 0, "pos": -1.0, "size": 1.0, "_time": 83.35547, "shift": 0.0, "time": 83.35547}, {"$id": 527, "type": 0, "pos": 0.0, "size": 1.0, "_time": 83.46484, "shift": 0.0, "time": 83.46484}, {"$id": 528, "type": 0, "pos": 1.0, "size": 1.50000012, "_time": 83.57031, "shift": 0.0, "time": 83.57031}, {"$id": 529, "type": 0, "pos": 0.5, "size": 1.50000012, "_time": 83.78516, "shift": 0.0, "time": 83.78516}, {"$id": 530, "type": 0, "pos": 0.0, "size": 1.50000012, "_time": 84.0, "shift": 0.0, "time": 84.0}, {"$id": 531, "type": 0, "pos": -2.0, "size": 1.50000012, "_time": 84.0, "shift": 0.0, "time": 84.0}, {"$id": 532, "type": 0, "pos": -0.5, "size": 1.0, "_time": 84.32031, "shift": 0.0, "time": 84.32031}, {"$id": 533, "type": 0, "pos": 0.5, "size": 1.0, "_time": 84.42969, "shift": 0.0, "time": 84.42969}, {"$id": 534, "type": 0, "pos": -0.5, "size": 1.0, "_time": 84.53516, "shift": 0.0, "time": 84.53516}, {"$id": 535, "type": 0, "pos": -1.5, "size": 1.0, "_time": 84.75, "shift": 0.0, "time": 84.75}, {"$id": 536, "type": 0, "pos": 1.0, "size": 1.0, "_time": 84.85547, "shift": 0.0, "time": 84.85547}, {"$id": 537, "type": 0, "pos": -0.5, "size": 1.0, "_time": 84.96484, "shift": 0.0, "time": 84.96484}, {"$id": 538, "type": 0, "pos": 1.5, "size": 1.0, "_time": 85.07031, "shift": 0.0, "time": 85.07031}, {"$id": 539, "type": 0, "pos": 0.5, "size": 1.0, "_time": 85.17969, "shift": 0.0, "time": 85.17969}, {"$id": 540, "type": 0, "pos": -0.5, "size": 1.60000014, "_time": 85.28516, "shift": 0.0, "time": 85.28516}, {"$id": 541, "type": 0, "pos": 0.0, "size": 1.60000014, "_time": 85.5, "shift": 0.0, "time": 85.5}, {"$id": 542, "type": 0, "pos": 1.0, "size": 1.60000014, "_time": 85.71484, "shift": 0.0, "time": 85.71484}, {"$id": 543, "type": 0, "pos": -1.0, "size": 1.50000012, "_time": 85.71484, "shift": 0.0, "time": 85.71484}, {"$id": 544, "type": 0, "pos": 1.5, "size": 1.0, "_time": 86.03516, "shift": 0.0, "time": 86.03516}, {"$id": 545, "type": 0, "pos": 0.0, "size": 1.0, "_time": 86.14453, "shift": 0.0, "time": 86.14453}, {"$id": 546, "type": 0, "pos": 1.5, "size": 1.0, "_time": 86.25, "shift": 0.0, "time": 86.25}, {"$id": 547, "type": 0, "pos": 0.5, "size": 1.0, "_time": 86.46484, "shift": 0.0, "time": 86.46484}, {"$id": 548, "type": 0, "pos": -1.0, "size": 1.0, "_time": 86.57031, "shift": 0.0, "time": 86.57031}, {"$id": 549, "type": 0, "pos": 0.5, "size": 1.0, "_time": 86.67969, "shift": 0.0, "time": 86.67969}, {"$id": 550, "type": 0, "pos": -0.5, "size": 1.0, "_time": 86.78516, "shift": 0.0, "time": 86.78516}, {"$id": 551, "type": 0, "pos": 0.5, "size": 1.0, "_time": 86.89453, "shift": 0.0, "time": 86.89453}, {"$id": 552, "type": 0, "pos": 1.5, "size": 1.50000012, "_time": 87.0, "shift": 0.0, "time": 87.0}, {"$id": 553, "type": 0, "pos": -1.0, "size": 1.50000012, "_time": 87.21484, "shift": 0.0, "time": 87.21484}, {"$id": 554, "type": 0, "pos": 1.0, "size": 1.50000012, "_time": 87.42969, "shift": 0.0, "time": 87.42969}, {"$id": 555, "type": 0, "pos": -1.0, "size": 1.50000012, "_time": 87.42969, "shift": 0.0, "time": 87.42969}, {"$id": 556, "type": 0, "pos": -1.5, "size": 1.0, "_time": 87.75, "shift": 0.0, "time": 87.75}, {"$id": 557, "type": 0, "pos": 0.0, "size": 1.0, "_time": 87.85547, "shift": 0.0, "time": 87.85547}, {"$id": 558, "type": 0, "pos": -1.5, "size": 1.0, "_time": 87.96484, "shift": 0.0, "time": 87.96484}, {"$id": 559, "type": 0, "pos": -0.5, "size": 1.0, "_time": 88.17969, "shift": 0.0, "time": 88.17969}, {"$id": 560, "type": 0, "pos": 1.0, "size": 1.0, "_time": 88.28516, "shift": 0.0, "time": 88.28516}, {"$id": 561, "type": 0, "pos": -0.5, "size": 1.0, "_time": 88.39453, "shift": 0.0, "time": 88.39453}, {"$id": 562, "type": 0, "pos": 0.5, "size": 1.0, "_time": 88.5, "shift": 0.0, "time": 88.5}, {"$id": 563, "type": 0, "pos": -0.5, "size": 1.0, "_time": 88.60547, "shift": 0.0, "time": 88.60547}, {"$id": 564, "type": 0, "pos": -1.5, "size": 1.50000012, "_time": 88.71484, "shift": 0.0, "time": 88.71484}, {"$id": 565, "type": 0, "pos": 1.5, "size": 1.50000012, "_time": 88.92969, "shift": 0.0, "time": 88.92969}, {"$id": 566, "type": 0, "pos": 1.5, "size": 1.50000012, "_time": 89.14453, "shift": 0.0, "time": 89.14453}, {"$id": 567, "type": 0, "pos": -1.0, "size": 1.60000014, "_time": 89.14453, "shift": 0.0, "time": 89.14453}, {"$id": 568, "type": 0, "pos": -0.5, "size": 1.0, "_time": 89.25, "shift": 0.0, "time": 89.25}, {"$id": 569, "type": 0, "pos": 0.5, "size": 1.0, "_time": 89.35547, "shift": 0.0, "time": 89.35547}, {"$id": 570, "type": 0, "pos": -0.5, "size": 1.0, "_time": 89.46484, "shift": 0.0, "time": 89.46484}, {"$id": 571, "type": 0, "pos": 1.0, "size": 1.50000012, "_time": 89.57031, "shift": 0.0, "time": 89.57031}, {"$id": 572, "type": 0, "pos": -0.5, "size": 1.0, "_time": 89.67969, "shift": 0.0, "time": 89.67969}, {"$id": 573, "type": 0, "pos": 1.0, "size": 1.0, "_time": 89.78516, "shift": 0.0, "time": 89.78516}, {"$id": 574, "type": 0, "pos": 0.0, "size": 1.0, "_time": 89.89453, "shift": 0.0, "time": 89.89453}, {"$id": 575, "type": 0, "pos": 1.5, "size": 1.50000012, "_time": 90.0, "shift": 0.0, "time": 90.0}, {"$id": 576, "type": 0, "pos": -0.5, "size": 1.0, "_time": 90.10547, "shift": 0.0, "time": 90.10547}, {"$id": 577, "type": 0, "pos": 1.0, "size": 1.0, "_time": 90.21484, "shift": 0.0, "time": 90.21484}, {"$id": 578, "type": 0, "pos": -1.0, "size": 1.0, "_time": 90.32031, "shift": 0.0, "time": 90.32031}, {"$id": 579, "type": 0, "pos": 0.5, "size": 1.50000012, "_time": 90.42969, "shift": 0.0, "time": 90.42969}, {"$id": 580, "type": 0, "pos": -0.5, "size": 1.0, "_time": 90.53516, "shift": 0.0, "time": 90.53516}, {"$id": 581, "type": 0, "pos": 1.5, "size": 1.0, "_time": 90.64453, "shift": 0.0, "time": 90.64453}, {"$id": 582, "type": 0, "pos": -0.5, "size": 1.0, "_time": 90.75, "shift": 0.0, "time": 90.75}, {"$id": 583, "type": 0, "pos": 1.0, "size": 1.0, "_time": 90.85547, "shift": 0.0, "time": 90.85547}, {"$id": 584, "type": 0, "pos": -1.0, "size": 1.50000012, "_time": 90.85547, "shift": 0.0, "time": 90.85547}, {"$id": 585, "type": 0, "pos": 0.5, "size": 1.0, "_time": 90.96484, "shift": 0.0, "time": 90.96484}, {"$id": 586, "type": 0, "pos": -0.5, "size": 1.0, "_time": 91.07031, "shift": 0.0, "time": 91.07031}, {"$id": 587, "type": 0, "pos": 1.0, "size": 1.0, "_time": 91.17969, "shift": 0.0, "time": 91.17969}, {"$id": 588, "type": 0, "pos": -1.5, "size": 1.50000012, "_time": 91.28516, "shift": 0.0, "time": 91.28516}, {"$id": 589, "type": 0, "pos": 0.5, "size": 1.0, "_time": 91.39453, "shift": 0.0, "time": 91.39453}, {"$id": 590, "type": 0, "pos": -0.5, "size": 1.0, "_time": 91.5, "shift": 0.0, "time": 91.5}, {"$id": 591, "type": 0, "pos": 1.0, "size": 1.0, "_time": 91.60547, "shift": 0.0, "time": 91.60547}, {"$id": 592, "type": 0, "pos": -1.0, "size": 1.50000012, "_time": 91.71484, "shift": 0.0, "time": 91.71484}, {"$id": 593, "type": 0, "pos": 0.0, "size": 1.0, "_time": 91.82031, "shift": 0.0, "time": 91.82031}, {"$id": 594, "type": 0, "pos": 1.0, "size": 1.0, "_time": 91.92969, "shift": 0.0, "time": 91.92969}, {"$id": 595, "type": 0, "pos": -0.5, "size": 1.0, "_time": 92.03516, "shift": 0.0, "time": 92.03516}, {"$id": 596, "type": 0, "pos": 1.5, "size": 1.50000012, "_time": 92.14453, "shift": 0.0, "time": 92.14453}, {"$id": 597, "type": 0, "pos": 0.0, "size": 1.0, "_time": 92.25, "shift": 0.0, "time": 92.25}, {"$id": 598, "type": 0, "pos": 1.0, "size": 1.0, "_time": 92.35547, "shift": 0.0, "time": 92.35547}, {"$id": 599, "type": 0, "pos": 0.0, "size": 1.0, "_time": 92.46484, "shift": 0.0, "time": 92.46484}, {"$id": 600, "type": 0, "pos": -0.5, "size": 1.0, "_time": 92.57031, "shift": 0.0, "time": 92.57031}, {"$id": 601, "type": 0, "pos": 2.0, "size": 1.50000012, "_time": 92.57031, "shift": 0.0, "time": 92.57031}, {"$id": 602, "type": 0, "pos": 1.5, "size": 1.0, "_time": 92.67969, "shift": 0.0, "time": 92.67969}, {"$id": 603, "type": 0, "pos": 0.0, "size": 1.0, "_time": 92.78516, "shift": 0.0, "time": 92.78516}, {"$id": 604, "type": 0, "pos": 1.0, "size": 1.0, "_time": 92.89453, "shift": 0.0, "time": 92.89453}, {"$id": 605, "type": 0, "pos": -0.5, "size": 1.50000012, "_time": 93.0, "shift": 0.0, "time": 93.0}, {"$id": 606, "type": 0, "pos": 1.5, "size": 1.0, "_time": 93.10547, "shift": 0.0, "time": 93.10547}, {"$id": 607, "type": 0, "pos": -1.0, "size": 1.0, "_time": 93.21484, "shift": 0.0, "time": 93.21484}, {"$id": 608, "type": 0, "pos": 0.5, "size": 1.0, "_time": 93.32031, "shift": 0.0, "time": 93.32031}, {"$id": 609, "type": 0, "pos": -1.0, "size": 1.50000012, "_time": 93.42969, "shift": 0.0, "time": 93.42969}, {"$id": 610, "type": 0, "pos": 0.5, "size": 1.0, "_time": 93.53516, "shift": 0.0, "time": 93.53516}, {"$id": 611, "type": 0, "pos": -1.0, "size": 1.0, "_time": 93.64453, "shift": 0.0, "time": 93.64453}, {"$id": 612, "type": 0, "pos": 0.0, "size": 1.0, "_time": 93.75, "shift": 0.0, "time": 93.75}, {"$id": 613, "type": 0, "pos": -1.5, "size": 1.50000012, "_time": 93.85547, "shift": 0.0, "time": 93.85547}, {"$id": 614, "type": 0, "pos": 0.0, "size": 1.0, "_time": 93.96484, "shift": 0.0, "time": 93.96484}, {"$id": 615, "type": 0, "pos": -1.0, "size": 1.0, "_time": 94.07031, "shift": 0.0, "time": 94.07031}, {"$id": 616, "type": 0, "pos": 1.0, "size": 1.0, "_time": 94.17969, "shift": 0.0, "time": 94.17969}, {"$id": 617, "type": 0, "pos": 2.0, "size": 1.70000017, "_time": 94.28125, "shift": 0.0, "time": 94.28125}, {"$id": 618, "type": 0, "pos": -2.0, "size": 1.70000017, "_time": 94.28516, "shift": 0.0, "time": 94.28516}, {"$id": 619, "type": 0, "pos": -1.0, "size": 1.4000001, "_time": 94.39453, "shift": 0.0, "time": 94.39453}, {"$id": 620, "type": 0, "pos": 1.0, "size": 1.4000001, "_time": 94.5, "shift": 0.0, "time": 94.5}, {"$id": 621, "type": 0, "pos": -1.0, "size": 1.4000001, "_time": 94.60547, "shift": 0.0, "time": 94.60547}, {"$id": 622, "type": 0, "pos": 1.0, "size": 1.4000001, "_time": 94.71484, "shift": 0.0, "time": 94.71484}, {"$id": 623, "type": 0, "pos": -1.0, "size": 1.4000001, "_time": 94.82031, "shift": 0.0, "time": 94.82031}, {"$id": 624, "type": 0, "pos": 1.0, "size": 1.4000001, "_time": 94.92969, "shift": 0.0, "time": 94.92969}, {"$id": 625, "type": 0, "pos": -1.0, "size": 1.4000001, "_time": 95.03516, "shift": 0.0, "time": 95.03516}, {"$id": 626, "type": 0, "pos": 1.0, "size": 1.4000001, "_time": 95.14453, "shift": 0.0, "time": 95.14453}, {"$id": 627, "type": 0, "pos": -1.0, "size": 1.4000001, "_time": 95.25, "shift": 0.0, "time": 95.25}, {"$id": 628, "type": 0, "sounds": [{"w": 0.0, "d": 0.209823608, "p": 76, "v": 127}], "pos": 1.5, "size": 1.0, "_time": 95.35547, "shift": 0.0, "time": 95.35547}, {"$id": 629, "type": 0, "sounds": [{"w": 0.0, "d": 0.209823608, "p": 76, "v": 127}], "pos": -0.5, "size": 1.0, "_time": 95.57031, "shift": 0.0, "time": 95.57031}, {"$id": 630, "type": 0, "sounds": [{"w": 0.0, "d": 0.209823608, "p": 77, "v": 127}], "pos": 0.5, "size": 1.0, "_time": 95.78516, "shift": 0.0, "time": 95.78516}, {"$id": 631, "type": 0, "pos": -2.0, "size": 1.70000017, "_time": 96.0, "shift": 0.0, "time": 96.0}, {"$id": 632, "type": 0, "sounds": [{"w": 0.0, "d": 0.4241104, "p": 84, "v": 127}], "pos": 2.0, "size": 1.60000014, "_time": 96.0, "shift": 0.0, "time": 96.0}, {"$id": 633, "type": 0, "pos": 0.5, "size": 1.50000012, "_time": 96.42969, "shift": 0.0, "time": 96.42969}, {"$id": 634, "type": 0, "sounds": [{"w": 0.0, "d": 0.209823608, "p": 77, "v": 127}], "pos": -0.5, "size": 1.0, "_time": 96.64453, "shift": 0.0, "time": 96.64453}, {"$id": 635, "type": 0, "pos": -1.5, "size": 1.50000012, "_time": 96.85547, "shift": 0.0, "time": 96.85547}, {"$id": 636, "type": 0, "pos": 0.27777797, "size": 1.0, "_time": 96.85547, "shift": 0.0, "time": 96.85547}, {"$id": 637, "type": 0, "pos": 1.0, "size": 1.0, "_time": 96.96484, "shift": 0.0, "time": 96.96484}, {"$id": 638, "type": 0, "pos": 1.5, "size": 1.0, "_time": 97.07031, "shift": 0.0, "time": 97.07031}, {"$id": 639, "type": 0, "pos": 1.83333385, "size": 1.0, "_time": 97.17969, "shift": 0.0, "time": 97.17969}, {"$id": 640, "type": 0, "pos": -1.0, "size": 1.50000012, "_time": 97.28516, "shift": 0.0, "time": 97.28516}, {"$id": 641, "type": 0, "pos": 2.0, "size": 1.0, "_time": 97.28516, "shift": 0.0, "time": 97.28516}, {"$id": 642, "type": 0, "pos": 1.916667, "size": 1.0, "_time": 97.39453, "shift": 0.0, "time": 97.39453}, {"$id": 643, "type": 0, "pos": 1.5555557, "size": 1.0, "_time": 97.5, "shift": 0.0, "time": 97.5}, {"$id": 644, "type": 0, "pos": 1.11111152, "size": 1.0, "_time": 97.60547, "shift": 0.0, "time": 97.60547}, {"$id": 645, "type": 0, "pos": 0.3611111, "size": 1.0, "_time": 97.71094, "shift": 0.0, "time": 97.71094}, {"$id": 646, "type": 0, "pos": -1.5, "size": 1.50000012, "_time": 97.71484, "shift": 0.0, "time": 97.71484}, {"$id": 647, "type": 0, "pos": -1.0, "size": 1.50000012, "_time": 98.14453, "shift": 0.0, "time": 98.14453}, {"$id": 648, "type": 0, "sounds": [{"w": 0.0, "d": 0.209823608, "p": 84, "v": 127}], "pos": 1.5, "size": 1.0, "_time": 98.35547, "shift": 0.0, "time": 98.35547}, {"$id": 649, "type": 0, "pos": -1.5, "size": 1.50000012, "_time": 98.57031, "shift": 0.0, "time": 98.57031}, {"$id": 650, "type": 0, "sounds": [{"w": 0.0, "d": 0.209823608, "p": 84, "v": 127}], "pos": 1.5, "size": 1.0, "_time": 98.78516, "shift": 0.0, "time": 98.78516}, {"$id": 651, "type": 0, "pos": -1.0, "size": 1.50000012, "_time": 99.0, "shift": 0.0, "time": 99.0}, {"$id": 652, "type": 0, "sounds": [{"w": 0.0, "d": 0.209823608, "p": 82, "v": 127}], "pos": 1.0, "size": 1.0, "_time": 99.0, "shift": 0.0, "time": 99.0}, {"$id": 653, "type": 0, "sounds": [{"w": 0.0, "d": 0.209823608, "p": 81, "v": 127}], "pos": 0.5, "size": 1.0, "_time": 99.21484, "shift": 0.0, "time": 99.21484}, {"$id": 654, "type": 0, "pos": -2.0, "size": 1.50000012, "_time": 99.42969, "shift": 0.0, "time": 99.42969}, {"$id": 655, "type": 0, "sounds": [{"w": 0.0, "d": 0.209823608, "p": 79, "v": 127}], "pos": 0.0, "size": 1.0, "_time": 99.42969, "shift": 0.0, "time": 99.42969}, {"$id": 656, "type": 0, "pos": -1.5, "size": 1.50000012, "_time": 99.85547, "shift": 0.0, "time": 99.85547}, {"$id": 657, "type": 0, "sounds": [{"w": 0.0, "d": 0.209823608, "p": 81, "v": 127}], "pos": 0.5, "size": 1.0, "_time": 99.85547, "shift": 0.0, "time": 99.85547}, {"$id": 658, "type": 0, "sounds": [{"w": 0.0, "d": 0.209823608, "p": 82, "v": 127}], "pos": 2.0, "size": 1.0, "_time": 100.070313, "shift": 0.0, "time": 100.070313}, {"$id": 659, "type": 0, "pos": 0.0, "size": 1.50000012, "_time": 100.285156, "shift": 0.0, "time": 100.285156}, {"$id": 660, "type": 0, "sounds": [{"w": 0.0, "d": 0.209823608, "p": 81, "v": 127}], "pos": 1.0, "size": 1.0, "_time": 100.5, "shift": 0.0, "time": 100.5}, {"$id": 661, "type": 0, "pos": -0.5, "size": 1.50000012, "_time": 100.714844, "shift": 0.0, "time": 100.714844}, {"$id": 662, "type": 0, "sounds": [{"w": 0.0, "d": 0.209823608, "p": 77, "v": 127}], "pos": 2.0, "size": 1.0, "_time": 100.929688, "shift": 0.0, "time": 100.929688}, {"$id": 663, "type": 0, "pos": -0.5, "size": 1.50000012, "_time": 101.144531, "shift": 0.0, "time": 101.144531}, {"$id": 664, "type": 0, "sounds": [{"w": 0.0, "d": 0.209823608, "p": 74, "v": 127}], "pos": 1.0, "size": 1.0, "_time": 101.355469, "shift": 0.0, "time": 101.355469}, {"$id": 665, "type": 0, "pos": 0.0, "size": 1.50000012, "_time": 101.570313, "shift": 0.0, "time": 101.570313}, {"$id": 666, "type": 0, "sounds": [{"w": 0.0, "d": 0.209823608, "p": 77, "v": 127}], "pos": 1.5, "size": 1.0, "_time": 101.785156, "shift": 0.0, "time": 101.785156}, {"$id": 667, "type": 0, "pos": -0.5, "size": 1.50000012, "_time": 102.0, "shift": 0.0, "time": 102.0}, {"$id": 668, "type": 0, "sounds": [{"w": 0.0, "d": 0.209823608, "p": 76, "v": 127}], "pos": 1.0, "size": 1.0, "_time": 102.214844, "shift": 0.0, "time": 102.214844}, {"$id": 669, "type": 0, "pos": -1.0, "size": 1.50000012, "_time": 102.429688, "shift": 0.0, "time": 102.429688}, {"$id": 670, "type": 0, "sounds": [{"w": 0.0, "d": 0.209823608, "p": 76, "v": 127}], "pos": 1.0, "size": 1.0, "_time": 102.429688, "shift": 0.0, "time": 102.429688}, {"$id": 671, "type": 0, "sounds": [{"w": 0.0, "d": 0.209823608, "p": 77, "v": 127}], "pos": 1.5, "size": 1.0, "_time": 102.644531, "shift": 0.0, "time": 102.644531}, {"$id": 672, "type": 0, "pos": -0.5, "size": 1.50000012, "_time": 102.855469, "shift": 0.0, "time": 102.855469}, {"$id": 673, "type": 0, "sounds": [{"w": 0.0, "d": 0.209823608, "p": 84, "v": 127}], "pos": 2.0, "size": 1.0, "_time": 102.855469, "shift": 0.0, "time": 102.855469}, {"$id": 674, "type": 0, "pos": 2.0, "size": 1.4000001, "_time": 103.285156, "shift": 0.0, "time": 103.285156}, {"$id": 675, "type": 0, "sounds": [{"w": 0.0, "d": 0.209823608, "p": 77, "v": 127}], "pos": -2.0, "size": 1.0, "_time": 103.5, "shift": 0.0, "time": 103.5}, {"$id": 676, "type": 0, "pos": -1.5, "size": 1.0, "_time": 103.710938, "shift": 0.0, "time": 103.710938}, {"$id": 677, "type": 0, "pos": 2.0, "size": 1.4000001, "_time": 103.714844, "shift": 0.0, "time": 103.714844}, {"$id": 678, "type": 0, "pos": -0.833333731, "size": 1.0, "_time": 103.820313, "shift": 0.0, "time": 103.820313}, {"$id": 679, "type": 0, "pos": -0.388888448, "size": 1.0, "_time": 103.929688, "shift": 0.0, "time": 103.929688}, {"$id": 680, "type": 0, "pos": 0.0, "size": 1.0, "_time": 104.035156, "shift": 0.0, "time": 104.035156}, {"$id": 681, "type": 0, "pos": 0.1666671, "size": 1.0, "_time": 104.140625, "shift": 0.0, "time": 104.140625}, {"$id": 682, "type": 0, "pos": 2.0, "size": 1.4000001, "_time": 104.144531, "shift": 0.0, "time": 104.144531}, {"$id": 683, "type": 0, "pos": 0.0, "size": 1.0, "_time": 104.25, "shift": 0.0, "time": 104.25}, {"$id": 684, "type": 0, "pos": -0.305555344, "size": 1.0, "_time": 104.355469, "shift": 0.0, "time": 104.355469}, {"$id": 685, "type": 0, "pos": -0.833333731, "size": 1.0, "_time": 104.464844, "shift": 0.0, "time": 104.464844}, {"$id": 686, "type": 0, "pos": 1.5, "size": 1.4000001, "_time": 104.570313, "shift": 0.0, "time": 104.570313}, {"$id": 687, "type": 0, "pos": -1.5, "size": 1.0, "_time": 104.570313, "shift": 0.0, "time": 104.570313}, {"$id": 688, "type": 0, "pos": -1.5, "size": 1.4000001, "_time": 105.0, "shift": 0.0, "time": 105.0}, {"$id": 689, "type": 0, "sounds": [{"w": 0.0, "d": 0.209823608, "p": 86, "v": 127}], "pos": 0.0, "size": 1.0, "_time": 105.214844, "shift": 0.0, "time": 105.214844}, {"$id": 690, "type": 0, "pos": -1.0, "size": 1.4000001, "_time": 105.429688, "shift": 0.0, "time": 105.429688}, {"$id": 691, "type": 0, "sounds": [{"w": 0.0, "d": 0.209823608, "p": 88, "v": 127}], "pos": 0.5, "size": 1.0, "_time": 105.429688, "shift": 0.0, "time": 105.429688}, {"$id": 692, "type": 0, "sounds": [{"w": 0.0, "d": 0.209823608, "p": 89, "v": 127}], "pos": 1.0, "size": 1.0, "_time": 105.644531, "shift": 0.0, "time": 105.644531}, {"$id": 693, "type": 0, "pos": 1.5, "size": 1.4000001, "_time": 105.855469, "shift": 0.0, "time": 105.855469}, {"$id": 694, "type": 0, "sounds": [{"w": 0.0, "d": 0.209823608, "p": 84, "v": 127}], "pos": -0.5, "size": 1.0, "_time": 105.855469, "shift": 0.0, "time": 105.855469}, {"$id": 695, "type": 0, "sounds": [{"w": 0.0, "d": 0.209823608, "p": 82, "v": 127}], "pos": -1.0, "size": 1.0, "_time": 106.070313, "shift": 0.0, "time": 106.070313}, {"$id": 696, "type": 0, "pos": 0.5, "size": 1.4000001, "_time": 106.285156, "shift": 0.0, "time": 106.285156}, {"$id": 697, "type": 0, "sounds": [{"w": 0.0, "d": 0.209823608, "p": 81, "v": 127}], "pos": -1.5, "size": 1.0, "_time": 106.285156, "shift": 0.0, "time": 106.285156}, {"$id": 698, "type": 0, "pos": 2.0, "size": 1.4000001, "_time": 106.714844, "shift": 0.0, "time": 106.714844}, {"$id": 699, "type": 0, "sounds": [{"w": 0.0, "d": 0.209823608, "p": 82, "v": 127}], "pos": 0.0, "size": 1.0, "_time": 106.714844, "shift": 0.0, "time": 106.714844}, {"$id": 700, "type": 0, "sounds": [{"w": 0.0, "d": 0.209823608, "p": 84, "v": 127}], "pos": -1.0, "size": 1.0, "_time": 106.929688, "shift": 0.0, "time": 106.929688}, {"$id": 701, "type": 0, "pos": 1.0, "size": 1.4000001, "_time": 107.144531, "shift": 0.0, "time": 107.144531}, {"$id": 702, "type": 0, "sounds": [{"w": 0.0, "d": 0.209823608, "p": 86, "v": 127}], "pos": 0.0, "size": 1.0, "_time": 107.355469, "shift": 0.0, "time": 107.355469}, {"$id": 703, "type": 0, "pos": 1.5, "size": 1.4000001, "_time": 107.570313, "shift": 0.0, "time": 107.570313}, {"$id": 704, "type": 0, "sounds": [{"w": 0.0, "d": 0.209823608, "p": 84, "v": 127}], "pos": -1.0, "size": 1.0, "_time": 107.785156, "shift": 0.0, "time": 107.785156}, {"$id": 705, "type": 0, "pos": 0.5, "size": 1.4000001, "_time": 108.0, "shift": 0.0, "time": 108.0}, {"$id": 706, "type": 0, "sounds": [{"w": 0.0, "d": 0.209823608, "p": 81, "v": 127}], "pos": -2.0, "size": 1.0, "_time": 108.214844, "shift": 0.0, "time": 108.214844}, {"$id": 707, "type": 0, "pos": 1.0, "size": 1.4000001, "_time": 108.429688, "shift": 0.0, "time": 108.429688}, {"$id": 708, "type": 0, "sounds": [{"w": 0.0, "d": 0.209823608, "p": 82, "v": 127}], "pos": -1.0, "size": 1.0, "_time": 108.429688, "shift": 0.0, "time": 108.429688}, {"$id": 709, "type": 0, "sounds": [{"w": 0.0, "d": 0.209823608, "p": 84, "v": 127}], "pos": 0.0, "size": 1.0, "_time": 108.644531, "shift": 0.0, "time": 108.644531}, {"$id": 710, "type": 0, "pos": 1.0, "size": 1.4000001, "_time": 108.855469, "shift": 0.0, "time": 108.855469}, {"$id": 711, "type": 0, "sounds": [{"w": 0.0, "d": 0.209823608, "p": 76, "v": 127}], "pos": 0.0, "size": 1.0, "_time": 109.070313, "shift": 0.0, "time": 109.070313}, {"$id": 712, "type": 0, "pos": -2.0, "size": 1.4000001, "_time": 109.285156, "shift": 0.0, "time": 109.285156}, {"$id": 713, "type": 0, "sounds": [{"w": 0.0, "d": 0.209823608, "p": 76, "v": 127}], "pos": 0.0, "size": 1.0, "_time": 109.285156, "shift": 0.0, "time": 109.285156}, {"$id": 714, "type": 0, "sounds": [{"w": 0.0, "d": 0.209823608, "p": 77, "v": 127}], "pos": 1.0, "size": 1.0, "_time": 109.5, "shift": 0.0, "time": 109.5}, {"$id": 715, "type": 0, "pos": -1.0, "size": 1.50000012, "_time": 109.714844, "shift": 0.0, "time": 109.714844}, {"$id": 716, "type": 0, "sounds": [{"w": 0.0, "d": 0.4241104, "p": 84, "v": 127}], "pos": 2.0, "size": 1.50000012, "_time": 109.714844, "shift": 0.0, "time": 109.714844}, {"$id": 717, "type": 0, "pos": 1.5, "size": 1.0, "_time": 109.820313, "shift": 0.0, "time": 109.820313}, {"$id": 718, "type": 0, "pos": -0.5, "size": 1.0, "_time": 109.929688, "shift": 0.0, "time": 109.929688}, {"$id": 719, "type": 0, "pos": 0.0277777314, "size": 1.30000007, "_time": 110.035156, "shift": 0.0, "time": 110.035156}, {"$id": 720, "type": 0, "pos": -1.0, "size": 1.50000012, "_time": 110.144531, "shift": 0.0, "time": 110.144531}, {"$id": 721, "type": 0, "pos": 0.5, "size": 1.0, "_time": 110.25, "shift": 0.0, "time": 110.25}, {"$id": 722, "type": 0, "pos": -1.2500006, "size": 1.0, "_time": 110.355469, "shift": 0.0, "time": 110.355469}, {"$id": 723, "type": 0, "pos": -0.6944445, "size": 1.30000007, "_time": 110.464844, "shift": 0.0, "time": 110.464844}, {"$id": 724, "type": 0, "pos": -1.5, "size": 1.50000012, "_time": 110.570313, "shift": 0.0, "time": 110.570313}, {"$id": 725, "type": 0, "pos": -0.08333397, "size": 1.0, "_time": 110.679688, "shift": 0.0, "time": 110.679688}, {"$id": 726, "type": 0, "pos": -0.472222626, "size": 1.0, "_time": 110.785156, "shift": 0.0, "time": 110.785156}, {"$id": 727, "type": 0, "pos": 1.0, "size": 1.30000007, "_time": 110.890625, "shift": 0.0, "time": 110.890625}, {"$id": 728, "type": 0, "pos": 0.416667759, "size": 1.50000012, "_time": 111.0, "shift": 0.0, "time": 111.0}, {"$id": 729, "type": 0, "pos": 1.5, "size": 1.0, "_time": 111.105469, "shift": 0.0, "time": 111.105469}, {"$id": 730, "type": 0, "pos": -0.08333397, "size": 1.0, "_time": 111.214844, "shift": 0.0, "time": 111.214844}, {"$id": 731, "type": 0, "pos": 0.8055557, "size": 1.30000007, "_time": 111.320313, "shift": 0.0, "time": 111.320313}, {"$id": 732, "type": 0, "pos": 0.08333331, "size": 1.50000012, "_time": 111.429688, "shift": 0.0, "time": 111.429688}, {"$id": 733, "type": 0, "pos": 0.6666666, "size": 1.0, "_time": 111.535156, "shift": 0.0, "time": 111.535156}, {"$id": 734, "type": 0, "pos": -0.333333552, "size": 1.0, "_time": 111.640625, "shift": 0.0, "time": 111.640625}, {"$id": 735, "type": 0, "pos": 0.166666627, "size": 1.30000007, "_time": 111.75, "shift": 0.0, "time": 111.75}, {"$id": 736, "type": 0, "pos": -0.5, "size": 1.50000012, "_time": 111.855469, "shift": 0.0, "time": 111.855469}, {"$id": 737, "type": 0, "pos": 1.0, "size": 1.0, "_time": 111.964844, "shift": 0.0, "time": 111.964844}, {"$id": 738, "type": 0, "pos": -0.194443613, "size": 1.0, "_time": 112.070313, "shift": 0.0, "time": 112.070313}, {"$id": 739, "type": 0, "pos": 0.194444954, "size": 1.30000007, "_time": 112.179688, "shift": 0.0, "time": 112.179688}, {"$id": 740, "type": 0, "pos": -0.444444478, "size": 1.50000012, "_time": 112.285156, "shift": 0.0, "time": 112.285156}, {"$id": 741, "type": 0, "pos": 0.5, "size": 1.0, "_time": 112.390625, "shift": 0.0, "time": 112.390625}, {"$id": 742, "type": 0, "pos": -0.583333135, "size": 1.0, "_time": 112.5, "shift": 0.0, "time": 112.5}, {"$id": 743, "type": 0, "pos": 0.833333552, "size": 1.30000007, "_time": 112.605469, "shift": 0.0, "time": 112.605469}, {"$id": 744, "type": 0, "pos": -0.499999285, "size": 1.50000012, "_time": 112.714844, "shift": 0.0, "time": 112.714844}, {"$id": 745, "type": 0, "pos": 0.0, "size": 1.0, "_time": 112.820313, "shift": 0.0, "time": 112.820313}, {"$id": 746, "type": 0, "pos": -1.05555582, "size": 1.0, "_time": 112.929688, "shift": 0.0, "time": 112.929688}, {"$id": 747, "type": 0, "pos": 0.111110494, "size": 1.30000007, "_time": 113.035156, "shift": 0.0, "time": 113.035156}, {"$id": 748, "type": 0, "pos": -1.66666651, "size": 1.50000012, "_time": 113.144531, "shift": 0.0, "time": 113.144531}, {"$id": 749, "type": 0, "pos": -0.5, "size": 1.50000012, "_time": 113.25, "shift": 0.0, "time": 113.25}, {"$id": 750, "type": 0, "pos": -0.5, "size": 1.50000012, "_time": 113.355469, "shift": 0.0, "time": 113.355469}, {"$id": 751, "type": 0, "pos": 0.6666664, "size": 1.50000012, "_time": 113.464844, "shift": 0.0, "time": 113.464844}, {"$id": 752, "type": 0, "pos": -1.05555487, "size": 1.50000012, "_time": 113.570313, "shift": 0.0, "time": 113.570313}, {"$id": 753, "type": 0, "pos": 0.0, "size": 1.50000012, "_time": 113.679688, "shift": 0.0, "time": 113.679688}, {"$id": 754, "type": 0, "pos": 0.0, "size": 1.50000012, "_time": 113.785156, "shift": 0.0, "time": 113.785156}, {"$id": 755, "type": 0, "pos": 1.16666639, "size": 1.50000012, "_time": 113.890625, "shift": 0.0, "time": 113.890625}, {"$id": 756, "type": 0, "pos": -0.638889134, "size": 1.50000012, "_time": 114.0, "shift": 0.0, "time": 114.0}, {"$id": 757, "type": 0, "pos": 0.5, "size": 1.50000012, "_time": 114.105469, "shift": 0.0, "time": 114.105469}, {"$id": 758, "type": 0, "pos": 0.5, "size": 1.50000012, "_time": 114.214844, "shift": 0.0, "time": 114.214844}, {"$id": 759, "type": 0, "pos": 1.63888788, "size": 1.50000012, "_time": 114.320313, "shift": 0.0, "time": 114.320313}, {"$id": 760, "type": 0, "pos": -0.33333376, "size": 1.50000012, "_time": 114.429688, "shift": 0.0, "time": 114.429688}, {"$id": 761, "type": 0, "pos": 1.0, "size": 1.50000012, "_time": 114.535156, "shift": 0.0, "time": 114.535156}, {"$id": 762, "type": 0, "pos": 0.0, "size": 1.50000012, "_time": 114.640625, "shift": 0.0, "time": 114.640625}, {"$id": 763, "type": 0, "pos": 1.0, "size": 1.50000012, "_time": 114.75, "shift": 0.0, "time": 114.75}, {"$id": 764, "type": 0, "pos": -0.388888657, "size": 1.50000012, "_time": 114.855469, "shift": 0.0, "time": 114.855469}, {"$id": 765, "type": 0, "pos": 0.5, "size": 1.50000012, "_time": 114.964844, "shift": 0.0, "time": 114.964844}, {"$id": 766, "type": 0, "pos": 0.5, "size": 1.50000012, "_time": 115.070313, "shift": 0.0, "time": 115.070313}, {"$id": 767, "type": 0, "pos": 1.52777863, "size": 1.50000012, "_time": 115.179688, "shift": 0.0, "time": 115.179688}, {"$id": 768, "type": 0, "pos": -0.8888897, "size": 1.50000012, "_time": 115.285156, "shift": 0.0, "time": 115.285156}, {"$id": 769, "type": 0, "pos": 0.0, "size": 1.50000012, "_time": 115.390625, "shift": 0.0, "time": 115.390625}, {"$id": 770, "type": 0, "pos": 0.0, "size": 1.50000012, "_time": 115.5, "shift": 0.0, "time": 115.5}, {"$id": 771, "type": 0, "pos": 0.9722228, "size": 1.50000012, "_time": 115.605469, "shift": 0.0, "time": 115.605469}, {"$id": 772, "type": 0, "pos": -1.52777755, "size": 1.50000012, "_time": 115.714844, "shift": 0.0, "time": 115.714844}, {"$id": 773, "type": 0, "pos": -0.5, "size": 1.50000012, "_time": 115.820313, "shift": 0.0, "time": 115.820313}, {"$id": 774, "type": 0, "pos": -0.5, "size": 1.50000012, "_time": 115.929688, "shift": 0.0, "time": 115.929688}, {"$id": 775, "type": 0, "pos": 1.0, "size": 1.50000012, "_time": 116.035156, "shift": 0.0, "time": 116.035156}, {"$id": 776, "type": 0, "pos": -1.0, "size": 1.0, "_time": 116.144531, "shift": 0.0, "time": 116.144531}, {"$id": 777, "type": 0, "pos": 0.5, "size": 1.0, "_time": 116.25, "shift": 0.0, "time": 116.25}, {"$id": 778, "type": 0, "pos": -1.0, "size": 1.0, "_time": 116.355469, "shift": 0.0, "time": 116.355469}, {"$id": 779, "type": 0, "pos": 0.5, "size": 1.0, "_time": 116.464844, "shift": 0.0, "time": 116.464844}, {"$id": 780, "type": 0, "pos": -1.5, "size": 1.50000012, "_time": 116.570313, "shift": 0.0, "time": 116.570313}, {"$id": 781, "type": 0, "sounds": [{"w": 0.0, "d": 0.209823608, "p": 84, "v": 127}], "pos": 1.5, "size": 1.50000012, "_time": 116.570313, "shift": 0.0, "time": 116.570313}, {"$id": 782, "type": 0, "sounds": [{"w": 0.0, "d": 0.209823608, "p": 77, "v": 127}], "pos": 0.5, "size": 1.0, "_time": 117.214844, "shift": 0.0, "time": 117.214844}, {"$id": 783, "type": 0, "pos": -2.0, "size": 1.0, "_time": 117.433594, "shift": 0.0, "time": 117.433594}, {"$id": 784, "type": 0, "pos": -0.5, "size": 1.0, "_time": 117.535156, "shift": 0.0, "time": 117.535156}, {"$id": 785, "type": 0, "pos": -1.5, "size": 1.0, "_time": 117.640625, "shift": 0.0, "time": 117.640625}, {"$id": 786, "type": 0, "pos": 0.0, "size": 1.0, "_time": 117.75, "shift": 0.0, "time": 117.75}, {"$id": 787, "type": 0, "pos": -1.0, "size": 1.0, "_time": 117.859375, "shift": 0.0, "time": 117.859375}, {"$id": 788, "type": 0, "pos": 1.5, "size": 1.0, "_time": 117.964844, "shift": 0.0, "time": 117.964844}, {"$id": 789, "type": 0, "pos": 0.0, "size": 1.0, "_time": 118.070313, "shift": 0.0, "time": 118.070313}, {"$id": 790, "type": 0, "pos": 1.0, "size": 1.0, "_time": 118.179688, "shift": 0.0, "time": 118.179688}, {"$id": 791, "type": 0, "pos": -0.5, "size": 1.0, "_time": 118.289063, "shift": 0.0, "time": 118.289063}, {"$id": 792, "type": 0, "sounds": [{"w": 0.0, "d": 0.209823608, "p": 86, "v": 127}], "pos": -0.5, "size": 1.0, "_time": 118.929688, "shift": 0.0, "time": 118.929688}, {"$id": 793, "type": 0, "sounds": [{"w": 0.0, "d": 0.209823608, "p": 88, "v": 127}], "pos": 0.5, "size": 1.0, "_time": 119.144531, "shift": 0.0, "time": 119.144531}, {"$id": 794, "type": 0, "sounds": [{"w": 0.0, "d": 0.209823608, "p": 89, "v": 127}], "pos": 1.5, "size": 1.0, "_time": 119.355469, "shift": 0.0, "time": 119.355469}, {"$id": 795, "type": 0, "sounds": [{"w": 0.0, "d": 0.209823608, "p": 84, "v": 127}], "pos": 0.5, "size": 1.0, "_time": 119.570313, "shift": 0.0, "time": 119.570313}, {"$id": 796, "type": 0, "sounds": [{"w": 0.0, "d": 0.209823608, "p": 82, "v": 127}], "pos": -0.5, "size": 1.0, "_time": 119.785156, "shift": 0.0, "time": 119.785156}, {"$id": 797, "type": 0, "sounds": [{"w": 0.0, "d": 0.209823608, "p": 81, "v": 127}], "pos": -1.5, "size": 1.0, "_time": 120.0, "shift": 0.0, "time": 120.0}, {"$id": 798, "type": 0, "sounds": [{"w": 0.0, "d": 0.209823608, "p": 82, "v": 127}], "pos": -1.0, "size": 1.0, "_time": 120.429688, "shift": 0.0, "time": 120.429688}, {"$id": 799, "type": 0, "sounds": [{"w": 0.0, "d": 0.209823608, "p": 84, "v": 127}], "pos": 0.0, "size": 1.0, "_time": 120.644531, "shift": 0.0, "time": 120.644531}, {"$id": 800, "type": 0, "sounds": [{"w": 0.0, "d": 0.209823608, "p": 86, "v": 127}], "pos": 0.5, "size": 1.0, "_time": 121.070313, "shift": 0.0, "time": 121.070313}, {"$id": 801, "type": 0, "sounds": [{"w": 0.0, "d": 0.209823608, "p": 84, "v": 127}], "pos": 1.5, "size": 1.0, "_time": 121.5, "shift": 0.0, "time": 121.5}, {"$id": 802, "type": 0, "pos": -2.0, "size": 1.50000012, "_time": 121.699219, "shift": 0.0, "time": 121.699219}, {"$id": 803, "type": 0, "pos": 2.0, "size": 1.50000012, "_time": 121.699219, "shift": 0.0, "time": 121.699219}, {"$id": 804, "type": 0, "sounds": [{"w": 0.0, "d": 0.209823608, "p": 89, "v": 127}], "pos": 1.5, "size": 1.0, "_time": 122.355469, "shift": 0.0, "time": 122.355469}, {"$id": 805, "type": 0, "sounds": [{"w": 0.0, "d": 0.209823608, "p": 89, "v": 127}], "pos": 1.5, "size": 1.0, "_time": 122.570313, "shift": 0.0, "time": 122.570313}, {"$id": 806, "type": 0, "pos": 1.0, "size": 1.50000012, "_time": 123.429688, "shift": 0.0, "time": 123.429688}, {"$id": 807, "type": 0, "pos": -1.0, "size": 1.50000012, "_time": 123.429688, "shift": 0.0, "time": 123.429688}], "links": [{"notes": [{"$ref": 85}, {"$ref": 86}, {"$ref": 87}, {"$ref": 88}, {"$ref": 90}]}, {"notes": [{"$ref": 194}, {"$ref": 195}, {"$ref": 196}, {"$ref": 198}]}, {"notes": [{"$ref": 636}, {"$ref": 637}, {"$ref": 638}, {"$ref": 639}, {"$ref": 641}, {"$ref": 642}, {"$ref": 643}, {"$ref": 644}, {"$ref": 645}]}, {"notes": [{"$ref": 676}, {"$ref": 678}, {"$ref": 679}, {"$ref": 680}, {"$ref": 681}, {"$ref": 683}, {"$ref": 684}, {"$ref": 685}, {"$ref": 687}]}]}