{"speed": 9.52, "notes": [{"$id": 1, "sounds": [{"d": 0.2031436, "p": 63, "v": 87}], "pos": -1.5, "size": 1.0, "_time": 2.42578125}, {"$id": 2, "sounds": [{"d": 0.0946855545, "p": 67, "v": 81}], "pos": 0.5, "size": 1.0, "_time": 2.5}, {"$id": 3, "sounds": [{"d": 0.0928144455, "p": 48, "v": 78}], "pos": 1.0, "size": 1.4000001, "_time": 2.765625}, {"$id": 4, "sounds": [{"d": 0.1080091, "p": 63, "v": 90}, {"d": 0.09543419, "p": 58, "v": 78}], "pos": -2.0, "size": 1.4000001, "_time": 2.765625}, {"$id": 5, "sounds": [{"d": 0.182260513, "p": 67, "v": 87}], "pos": -1.0, "size": 1.0, "_time": 3.84375}, {"$id": 6, "sounds": [{"d": 0.09266472, "p": 70, "v": 104}], "pos": 1.5, "size": 1.0, "_time": 3.921875}, {"$id": 7, "sounds": [{"d": 0.0944609642, "p": 67, "v": 90}, {"d": 0.100449085, "p": 75, "v": 103}, {"d": 0.08697605, "p": 62, "v": 83}], "pos": 2.0, "size": 1.4000001, "_time": 4.18359375}, {"$id": 8, "sounds": [{"d": 0.09992504, "p": 51, "v": 74}, {"d": 0.0942363739, "p": 58, "v": 37}], "pos": -1.5, "size": 1.4000001, "_time": 4.18359375}, {"$id": 9, "sounds": [{"d": 0.0521707535, "p": 55, "v": 56}], "pos": -1.0, "size": 1.0, "_time": 5.2734375}, {"$id": 10, "sounds": [{"d": 0.177919388, "p": 67, "v": 57}], "pos": 1.0, "size": 1.0, "_time": 5.390625}, {"$id": 11, "sounds": [{"d": 0.05973053, "p": 55, "v": 39}, {"d": 0.0895957947, "p": 58, "v": 31}], "pos": -1.5, "size": 1.4000001, "_time": 5.6171875}, {"$id": 12, "sounds": [{"d": 0.08615255, "p": 67, "v": 42}, {"d": 0.107484818, "p": 72, "v": 71}], "pos": 1.5, "size": 1.4000001, "_time": 5.6171875}, {"$id": 13, "sounds": [{"d": 0.428817749, "p": 79, "v": 105}, {"d": 0.45015, "p": 67, "v": 95}], "pos": 2.0, "size": 1.4000001, "_time": 5.95703125}, {"$id": 14, "sounds": [{"d": 0.4828596, "p": 44, "v": 87}, {"d": 0.425299644, "p": 55, "v": 86}], "pos": -0.5, "size": 1.4000001, "_time": 5.95703125}, {"$id": 15, "sounds": [{"d": 0.483607769, "p": 66, "v": 99}, {"d": 0.496781349, "p": 78, "v": 97}], "pos": 1.5, "size": 1.4000001, "_time": 6.44140625}, {"$id": 16, "sounds": [{"d": 0.4864521, "p": 44, "v": 91}, {"d": 0.4891467, "p": 54, "v": 100}], "pos": -1.0, "size": 1.4000001, "_time": 6.44140625}, {"$id": 17, "sounds": [{"d": 0.601122856, "p": 77, "v": 100}, {"d": 0.6199846, "p": 65, "v": 96}], "pos": 1.0, "size": 1.4000001, "_time": 7.03515625}, {"$id": 18, "sounds": [{"d": 0.613622665, "p": 43, "v": 87}, {"d": 0.618487835, "p": 53, "v": 87}], "pos": -1.5, "size": 1.4000001, "_time": 7.03515625}, {"$id": 19, "sounds": [{"d": 0.0770959854, "p": 62, "v": 97}, {"d": 0.08690119, "p": 74, "v": 96}], "pos": 0.5, "size": 1.4000001, "_time": 7.75390625}, {"$id": 20, "sounds": [{"d": 0.06100321, "p": 53, "v": 87}, {"d": 0.0636978149, "p": 43, "v": 88}], "pos": -2.0, "size": 1.4000001, "_time": 7.75390625}, {"$id": 21, "sounds": [{"d": 0.235628128, "p": 87, "v": 104}], "pos": 1.5, "size": 1.0, "_time": 8.625}, {"$id": 22, "sounds": [{"d": 0.2461834, "p": 58, "v": 65}, {"d": 0.290717125, "p": 67, "v": 92}, {"d": 0.241841316, "p": 62, "v": 82}, {"d": 0.231062889, "p": 63, "v": 81}], "pos": -1.5, "size": 1.4000001, "_time": 8.625}, {"$id": 23, "sounds": [{"d": 0.121856689, "p": 86, "v": 76}], "pos": -0.5, "size": 1.0, "_time": 8.84375}, {"$id": 24, "sounds": [{"d": 0.107934, "p": 84, "v": 79}], "pos": 0.5, "size": 1.0, "_time": 8.984375}, {"$id": 25, "sounds": [{"d": 0.2770958, "p": 67, "v": 74}, {"d": 0.14887619, "p": 63, "v": 75}, {"d": 0.212873459, "p": 62, "v": 80}, {"w": 0.00390625, "d": 0.06579304, "p": 58, "v": 31}], "pos": -1.5, "size": 1.4000001, "_time": 9.203125}, {"$id": 26, "sounds": [{"d": 0.3133974, "p": 79, "v": 107}], "pos": 1.5, "size": 1.0, "_time": 9.203125}, {"$id": 27, "sounds": [{"d": 0.07290459, "p": 78, "v": 96}], "pos": 0.5, "size": 1.0, "_time": 9.597656}, {"$id": 28, "sounds": [{"d": 0.05464077, "p": 63, "v": 61}, {"d": 0.105164528, "p": 62, "v": 73}, {"d": 0.0488023758, "p": 67, "v": 72}], "pos": -1.0, "size": 1.30000007, "_time": 9.6953125}, {"$id": 29, "sounds": [{"d": 0.167963982, "p": 77, "v": 89}], "pos": 1.5, "size": 1.0, "_time": 9.6953125}, {"$id": 30, "sounds": [{"d": 0.06818867, "p": 75, "v": 92}], "size": 1.0, "_time": 9.921875, "pos": 0}, {"$id": 31, "sounds": [{"d": 0.199625969, "p": 62, "v": 52}, {"d": 0.19258976, "p": 51, "v": 45}, {"d": 0.1617508, "p": 58, "v": 51}], "pos": -1.5, "size": 1.4000001, "_time": 10.0585938}, {"$id": 32, "sounds": [{"d": 0.209506035, "p": 75, "v": 95}], "pos": 1.0, "size": 1.0, "_time": 10.0585938}, {"$id": 33, "sounds": [{"d": 0.119087219, "p": 74, "v": 77}, {"w": 0.00390625, "d": 0.133607864, "p": 79, "v": 105}], "pos": 1.5, "size": 1.0, "_time": 10.28125}, {"$id": 34, "sounds": [{"d": 0.14820385, "p": 74, "v": 89}], "pos": -1.0, "size": 1.0, "_time": 10.4179688}, {"$id": 35, "sounds": [{"d": 0.284729958, "p": 62, "v": 63}, {"w": 0.00390625, "d": 0.2702837, "p": 58, "v": 71}, {"w": 0.00390625, "d": 0.263248444, "p": 51, "v": 41}], "pos": -1.5, "size": 1.30000007, "_time": 10.6367188}, {"$id": 36, "sounds": [{"d": 0.314894676, "p": 72, "v": 109}], "pos": 0.5, "size": 1.0, "_time": 10.6367188}, {"$id": 37, "sounds": [{"d": 0.349175453, "p": 70, "v": 87}], "pos": 2.0, "size": 1.0, "_time": 11.0}, {"$id": 38, "sounds": [{"d": 0.07200527, "p": 62, "v": 61}, {"d": 0.101197243, "p": 57, "v": 39}, {"d": 0.08076382, "p": 51, "v": 16}, {"d": 0.09678173, "p": 58, "v": 39}], "pos": -1.0, "size": 1.4000001, "_time": 11.1367188}, {"$id": 39, "sounds": [{"d": 0.08884716, "p": 67, "v": 78}], "pos": 0.5, "size": 1.0, "_time": 11.359375}, {"$id": 40, "sounds": [{"d": 0.06212616, "p": 58, "v": 63}, {"d": 0.105015755, "p": 49, "v": 63}], "pos": -0.5, "size": 1.30000007, "_time": 11.4960938}, {"$id": 41, "sounds": [{"d": 0.21309948, "p": 65, "v": 98}], "pos": 1.5, "size": 1.0, "_time": 11.4960938}, {"$id": 42, "sounds": [{"d": 0.1008234, "p": 66, "v": 80}], "pos": 1.0, "size": 1.0, "_time": 11.71875}, {"$id": 43, "sounds": [{"d": 0.139072418, "p": 58, "v": 62}, {"d": 0.132559776, "p": 48, "v": 56}], "pos": -0.5, "size": 1.30000007, "_time": 11.8554688}, {"$id": 44, "sounds": [{"d": 0.2000742, "p": 67, "v": 98}], "pos": 2.0, "size": 1.0, "_time": 11.8554688}, {"$id": 45, "sounds": [{"d": 0.177694321, "p": 44, "v": 80}, {"d": 0.200598717, "p": 54, "v": 76}], "pos": -1.5, "size": 1.30000007, "_time": 12.21875}, {"$id": 46, "sounds": [{"d": 0.2135477, "p": 70, "v": 93}], "pos": 1.0, "size": 1.0, "_time": 12.21875}, {"$id": 47, "sounds": [{"d": 0.07739544, "p": 66, "v": 92}], "pos": 1.0, "size": 1.0, "_time": 12.4375}, {"$id": 48, "sounds": [{"d": 0.128891945, "p": 54, "v": 40}, {"w": 0.00390625, "d": 0.201571465, "p": 44, "v": 48}], "pos": -0.5, "size": 1.30000007, "_time": 12.5742188}, {"$id": 49, "sounds": [{"d": 0.170434, "p": 73, "v": 96}], "pos": 2.0, "size": 1.0, "_time": 12.578125}, {"$id": 50, "sounds": [{"d": 0.09775448, "p": 74, "v": 95}], "pos": 1.0, "size": 1.0, "_time": 12.8242188}, {"$id": 51, "sounds": [{"d": 0.08428192, "p": 43, "v": 90}, {"d": 0.08937168, "p": 53, "v": 88}], "pos": -1.0, "size": 1.30000007, "_time": 12.8242188}, {"$id": 52, "sounds": [{"d": 0.17956543, "p": 79, "v": 112}], "pos": -2.0, "size": 1.0, "_time": 13.6523438}, {"$id": 53, "sounds": [{"d": 0.212050438, "p": 91, "v": 114}], "pos": 2.0, "size": 1.0, "_time": 13.6523438}, {"$id": 54, "sounds": [{"d": 0.105688095, "p": 51, "v": 60}, {"d": 0.08465576, "p": 58, "v": 62}], "pos": -1.0, "size": 1.0, "_time": 14.3828125}, {"$id": 55, "sounds": [{"d": 0.125823021, "p": 67, "v": 75}, {"d": 0.07215595, "p": 63, "v": 76}, {"d": 0.069685936, "p": 62, "v": 69}], "pos": 1.0, "size": 1.0, "_time": 14.3867188}, {"$id": 56, "sounds": [{"d": 0.123502731, "p": 75, "v": 97}, {"d": 0.0931139, "p": 67, "v": 88}, {"w": 0.01171875, "d": 0.0872001648, "p": 70, "v": 88}], "pos": 2.0, "size": 1.0, "_time": 15.8125}, {"$id": 57, "sounds": [{"d": 0.09064388, "p": 62, "v": 85}, {"w": 0.00390625, "d": 0.0951347351, "p": 57, "v": 79}, {"w": 0.00390625, "d": 0.08068848, "p": 58, "v": 74}], "pos": -2.0, "size": 1.0, "_time": 15.8164063}, {"$id": 58, "sounds": [{"d": 0.07507515, "p": 55, "v": 79}, {"d": 0.09573364, "p": 60, "v": 79}], "pos": -0.5, "size": 1.30000007, "_time": 17.2460938}, {"$id": 59, "sounds": [{"d": 0.08712578, "p": 67, "v": 87}, {"d": 0.08068848, "p": 44, "v": 72}], "pos": 2.0, "size": 1.30000007, "_time": 17.2460938}, {"$id": 60, "sounds": [{"d": 0.5810623, "p": 54, "v": 84}, {"w": 0.0078125, "d": 0.5785923, "p": 58, "v": 84}], "pos": 1.5, "size": 1.30000007, "_time": 17.9882813}, {"$id": 61, "sounds": [{"d": 0.6461086, "p": 66, "v": 83}, {"w": 0.00390625, "d": 0.5877247, "p": 44, "v": 69}], "pos": -1.0, "size": 1.30000007, "_time": 18.0}, {"$id": 62, "sounds": [{"d": 0.111001968, "p": 65, "v": 87}, {"d": 0.100074768, "p": 59, "v": 79}], "pos": 1.0, "size": 1.30000007, "_time": 18.6875}, {"$id": 63, "sounds": [{"d": 0.08330917, "p": 43, "v": 79}, {"d": 0.09932709, "p": 53, "v": 77}], "pos": -1.5, "size": 1.30000007, "_time": 18.6875}, {"$id": 64, "sounds": [{"d": 0.195133209, "p": 65, "v": 96}, {"w": 0.00390625, "d": 0.185703278, "p": 59, "v": 86}], "pos": -2.0, "size": 1.30000007, "_time": 19.265625}, {"$id": 65, "sounds": [{"d": 0.137798309, "p": 53, "v": 93}, {"w": 0.00390625, "d": 0.174474716, "p": 43, "v": 95}], "pos": 0.5, "size": 1.30000007, "_time": 19.2734375}, {"$id": 66, "sounds": [{"d": 0.0976028442, "p": 70, "v": 81}, {"d": 0.108083725, "p": 62, "v": 80}, {"d": 0.122755051, "p": 63, "v": 62}], "pos": 2.0, "size": 1.30000007, "_time": 20.1289063}, {"$id": 67, "sounds": [{"d": 0.110553741, "p": 75, "v": 93}, {"d": 0.141389847, "p": 79, "v": 94}], "pos": -1.0, "size": 1.30000007, "_time": 20.1289063}, {"$id": 68, "sounds": [{"d": 0.12200737, "p": 63, "v": 89}, {"d": 0.104269028, "p": 70, "v": 94}], "pos": -1.5, "size": 1.30000007, "_time": 21.5546875}, {"$id": 69, "sounds": [{"d": 0.147830963, "p": 75, "v": 104}, {"d": 0.0915432, "p": 74, "v": 89}, {"d": 0.1417675, "p": 87, "v": 104}], "pos": 1.0, "size": 1.30000007, "_time": 21.5546875}, {"$id": 70, "sounds": [{"d": 0.5017948, "p": 79, "v": 112}], "pos": 1.5, "size": 1.0, "_time": 22.2851563}, {"$id": 71, "sounds": [{"d": 0.433307648, "p": 56, "v": 104}, {"d": 0.4528427, "p": 66, "v": 104}], "pos": -1.0, "size": 1.0, "_time": 22.2851563}, {"$id": 72, "sounds": [{"d": 0.327695847, "p": 78, "v": 85}, {"d": 0.3634739, "p": 55, "v": 77}, {"d": 0.41122818, "p": 65, "v": 77}], "pos": 1.0, "size": 1.0, "_time": 23.0039063}, {"$id": 73, "sounds": [{"d": 0.1777687, "p": 77, "v": 71}], "size": 1.0, "_time": 23.359375, "pos": 0}, {"$id": 74, "sounds": [{"d": 0.0627994537, "p": 55, "v": 54}, {"d": 0.0529937744, "p": 65, "v": 55}], "pos": -1.0, "size": 1.0, "_time": 23.5859375}, {"$id": 75, "sounds": [{"d": 0.27604866, "p": 75, "v": 79}], "pos": 2.0, "size": 1.0, "_time": 23.71875}, {"$id": 76, "sounds": [{"d": 0.0805397, "p": 62, "v": 51}, {"w": 0.00390625, "d": 0.0476055145, "p": 55, "v": 35}, {"w": 0.00390625, "d": 0.1791172, "p": 70, "v": 73}], "size": 1.0, "_time": 24.0742188, "pos": 0}, {"$id": 77, "sounds": [{"d": 0.1282177, "p": 67, "v": 77}], "pos": 1.0, "size": 1.0, "_time": 24.2929688}, {"$id": 78, "sounds": [{"d": 0.316541672, "p": 66, "v": 66}], "pos": -2.0, "size": 1.0, "_time": 24.4335938}, {"$id": 79, "sounds": [{"d": 0.205015182, "p": 63, "v": 81}], "size": 1.0, "_time": 24.7890625, "pos": 0}, {"$id": 80, "sounds": [{"d": 0.223279953, "p": 65, "v": 63}], "pos": 1.5, "size": 1.0, "_time": 25.1484375}, {"$id": 81, "sounds": [{"d": 0.143562317, "p": 63, "v": 73}], "pos": 0.5, "size": 1.0, "_time": 25.3710938}, {"$id": 82, "sounds": [{"d": 0.168487549, "p": 50, "v": 42}, {"w": 0.00390625, "d": 0.121406555, "p": 51, "v": 35}], "pos": -2.0, "size": 1.0, "_time": 25.5117188}, {"$id": 83, "sounds": [{"d": 0.2492485, "p": 65, "v": 70}, {"d": 0.1970787, "p": 62, "v": 72}], "pos": 0.5, "size": 1.0, "_time": 25.7226563}, {"$id": 84, "sounds": [{"d": 0.04737854, "p": 58, "v": 35}], "pos": -2.0, "size": 1.0, "_time": 25.875}, {"$id": 85, "sounds": [{"d": 0.155838013, "p": 65, "v": 64}], "size": 1.0, "_time": 26.2148438, "pos": 0}, {"$id": 86, "sounds": [{"d": 0.0452098846, "p": 58, "v": 43}, {"d": 0.045583725, "p": 48, "v": 40}], "pos": -1.5, "size": 1.0, "_time": 26.4414063}, {"$id": 87, "sounds": [{"d": 0.1939373, "p": 65, "v": 61}], "pos": 1.5, "size": 1.0, "_time": 26.578125}, {"$id": 88, "sounds": [{"d": 0.0946102142, "p": 63, "v": 67}], "pos": 0.5, "size": 1.0, "_time": 26.796875}, {"$id": 89, "sounds": [{"d": 0.08226013, "p": 48, "v": 45}], "pos": -2.0, "size": 1.0, "_time": 26.8046875}, {"$id": 90, "sounds": [{"d": 0.702022552, "p": 65, "v": 70}], "pos": 1.5, "size": 1.0, "_time": 27.1484375}, {"$id": 91, "sounds": [{"d": 0.709730148, "p": 50, "v": 74}], "pos": -1.5, "size": 1.0, "_time": 27.1796875}, {"$id": 92, "sounds": [{"d": 0.246257782, "p": 58, "v": 68}], "pos": 0.5, "size": 1.0, "_time": 27.53125}, {"$id": 93, "sounds": [{"d": 0.20763588, "p": 48, "v": 49}], "pos": -2.0, "size": 1.0, "_time": 27.5351563}, {"$id": 94, "sounds": [{"d": 0.361753464, "p": 51, "v": 77}], "pos": -1.5, "size": 1.0, "_time": 27.8945313}, {"$id": 95, "sounds": [{"d": 0.282411575, "p": 65, "v": 56}], "pos": 1.5, "size": 1.0, "_time": 27.8945313}, {"$id": 96, "sounds": [{"d": 0.3800907, "p": 50, "v": 58}], "pos": -0.5, "size": 1.0, "_time": 28.25}, {"$id": 97, "sounds": [{"d": 0.3163948, "p": 63, "v": 61}], "pos": 1.0, "size": 1.0, "_time": 28.2539063}, {"$id": 98, "sounds": [{"d": 0.115493774, "p": 65, "v": 70}], "pos": -1.5, "size": 1.0, "_time": 28.609375}, {"$id": 99, "sounds": [{"d": 0.142889023, "p": 67, "v": 67}], "pos": 1.5, "size": 1.0, "_time": 28.734375}, {"$id": 100, "sounds": [{"d": 0.1920662, "p": 66, "v": 57}, {"d": 0.211452484, "p": 63, "v": 59}], "pos": 1.0, "size": 1.0, "_time": 29.09375}, {"$id": 101, "sounds": [{"d": 0.177394867, "p": 58, "v": 69}, {"w": 0.00390625, "d": 0.149400711, "p": 51, "v": 62}, {"w": 0.015625, "d": 0.129415512, "p": 34, "v": 79}], "pos": -2.0, "size": 1.0, "_time": 29.09375}, {"$id": 102, "sounds": [{"d": 0.16975975, "p": 60, "v": 45}, {"w": 0.00390625, "d": 0.188995361, "p": 58, "v": 58}, {"w": 0.00390625, "d": 0.242288589, "p": 51, "v": 59}, {"w": 0.01171875, "d": 0.5433388, "p": 32, "v": 82}], "pos": -1.0, "size": 1.0, "_time": 29.453125}, {"$id": 103, "sounds": [{"d": 0.267663956, "p": 65, "v": 60}], "pos": 2.0, "size": 1.0, "_time": 29.453125}, {"$id": 104, "sounds": [{"d": 0.128744125, "p": 63, "v": 58}], "pos": -1.5, "size": 1.0, "_time": 29.6796875}, {"$id": 105, "sounds": [{"d": 0.0687122345, "p": 62, "v": 39}, {"d": 0.0864524841, "p": 57, "v": 39}, {"w": 0.0078125, "d": 0.198501587, "p": 65, "v": 45}], "pos": 1.0, "size": 1.0, "_time": 29.8125}, {"$id": 106, "sounds": [{"d": 0.165121078, "p": 75, "v": 98}, {"d": 0.1417675, "p": 70, "v": 87}], "pos": 2.0, "size": 1.0, "_time": 30.0351563}, {"$id": 107, "sounds": [{"d": 0.105764389, "p": 63, "v": 65}, {"d": 0.113773346, "p": 53, "v": 68}, {"d": 0.0979042053, "p": 59, "v": 77}, {"w": 0.01953125, "d": 0.633010864, "p": 31, "v": 81}], "pos": -1.0, "size": 1.0, "_time": 30.0351563}, {"$id": 108, "sounds": [{"d": 0.824399948, "p": 43, "v": 69}, {"w": 0.015625, "d": 0.443412781, "p": 57, "v": 88}, {"w": 0.015625, "d": 0.4915409, "p": 51, "v": 76}, {"w": 0.015625, "d": 0.444236755, "p": 62, "v": 92}], "pos": -1.5, "size": 1.0, "_time": 30.75}, {"$id": 109, "sounds": [{"d": 0.635028839, "p": 71, "v": 106}, {"d": 0.477619171, "p": 67, "v": 98}], "pos": 1.0, "size": 1.0, "_time": 30.765625}, {"$id": 110, "sounds": [{"d": 0.193113327, "p": 57, "v": 68}], "pos": -1.5, "size": 1.0, "_time": 31.2421875}, {"$id": 111, "sounds": [{"d": 0.141542435, "p": 72, "v": 86}], "pos": -1.0, "size": 1.0, "_time": 31.4726563}, {"$id": 112, "sounds": [{"d": 0.19543457, "p": 75, "v": 56}, {"w": 0.00390625, "d": 0.182035446, "p": 67, "v": 53}], "pos": 1.5, "size": 1.0, "_time": 31.609375}, {"$id": 113, "sounds": [{"d": 0.0633239746, "p": 74, "v": 61}], "pos": -1.5, "size": 1.0, "_time": 31.8398438}, {"$id": 114, "sounds": [{"d": 0.184505463, "p": 75, "v": 54}], "pos": 1.0, "size": 1.0, "_time": 31.9726563}, {"$id": 115, "sounds": [{"d": 0.0633964539, "p": 74, "v": 60}], "pos": -1.5, "size": 1.0, "_time": 32.1875}, {"$id": 116, "sounds": [{"d": 0.241241455, "p": 75, "v": 61}], "pos": 1.0, "size": 1.0, "_time": 32.33203}, {"$id": 117, "sounds": [{"d": 0.0533676147, "p": 62, "v": 49}, {"d": 0.0533676147, "p": 58, "v": 55}, {"w": 0.00390625, "d": 0.0533676147, "p": 51, "v": 46}, {"w": 0.0078125, "d": 0.185325623, "p": 50, "v": 68}], "pos": -1.5, "size": 1.30000007, "_time": 32.6835938}, {"$id": 118, "sounds": [{"d": 0.1984253, "p": 75, "v": 55}, {"d": 0.281208038, "p": 67, "v": 47}], "pos": 1.0, "size": 1.0, "_time": 32.6875}, {"$id": 119, "sounds": [{"d": 0.0755958557, "p": 74, "v": 61}], "pos": 2.0, "size": 1.0, "_time": 32.90625}, {"$id": 120, "sounds": [{"d": 0.1462555, "p": 51, "v": 63}], "pos": -1.0, "size": 1.2, "_time": 32.9101563}, {"$id": 121, "sounds": [{"d": 0.207931519, "p": 58, "v": 52}, {"w": 0.00390625, "d": 0.20905304, "p": 55, "v": 36}, {"w": 0.0078125, "d": 0.135700226, "p": 48, "v": 45}, {"w": 0.0078125, "d": 0.07110596, "p": 47, "v": 35}], "pos": 0.5, "size": 1.4000001, "_time": 33.04297}, {"$id": 122, "sounds": [{"d": 0.187427521, "p": 79, "v": 97}], "pos": -0.5, "size": 1.0, "_time": 33.265625}, {"$id": 123, "sounds": [{"d": 0.151496887, "p": 75, "v": 56}], "pos": -0.5, "size": 1.0, "_time": 33.625}, {"$id": 124, "sounds": [{"d": 0.209728241, "p": 72, "v": 52}], "pos": 2.0, "size": 1.0, "_time": 33.765625}, {"$id": 125, "sounds": [{"d": 0.114971161, "p": 67, "v": 68}], "pos": 1.0, "size": 1.0, "_time": 33.98828}, {"$id": 126, "sounds": [{"d": 0.216915131, "p": 66, "v": 56}], "pos": -1.5, "size": 1.0, "_time": 34.125}, {"$id": 127, "sounds": [{"d": 0.125598907, "p": 65, "v": 60}], "pos": -0.5, "size": 1.0, "_time": 34.35547}, {"$id": 128, "sounds": [{"d": 0.188396454, "p": 66, "v": 57}], "pos": 2.0, "size": 1.0, "_time": 34.4921875}, {"$id": 129, "sounds": [{"d": 0.119911194, "p": 72, "v": 63}], "pos": 1.5, "size": 1.0, "_time": 34.7109375}, {"$id": 130, "sounds": [{"d": 0.205764771, "p": 66, "v": 58}], "pos": -1.0, "size": 1.0, "_time": 34.8476563}, {"$id": 131, "sounds": [{"d": 0.0579338074, "p": 65, "v": 63}], "pos": 0.5, "size": 1.0, "_time": 35.0664063}, {"$id": 132, "sounds": [{"d": 0.163097382, "p": 63, "v": 53}], "pos": -2.0, "size": 1.0, "_time": 35.20703}, {"$id": 133, "sounds": [{"d": 0.221935272, "p": 65, "v": 69}], "size": 1.0, "_time": 35.421875, "pos": 0}, {"$id": 134, "sounds": [{"d": 1.05950165, "p": 67, "v": 95}, {"d": 0.7577057, "p": 59, "v": 79}], "pos": -1.5, "size": 1.0, "_time": 35.7851563}, {"$id": 135, "sounds": [{"d": 0.8651924, "p": 53, "v": 88}, {"d": 0.755386353, "p": 43, "v": 79}, {"w": 0.0078125, "d": 0.214672089, "p": 31, "v": 76}], "pos": 1.5, "size": 1.0, "_time": 35.7890625}, {"$id": 136, "sounds": [{"d": 0.485553741, "p": 50, "v": 77}], "size": 1.0, "_time": 36.5078125, "pos": 0}, {"$id": 137, "sounds": [{"d": 0.225597382, "p": 72, "v": 91}], "pos": 2.0, "size": 1.0, "_time": 37.359375}, {"$id": 138, "sounds": [{"d": 0.3491783, "p": 62, "v": 59}], "pos": -2.0, "size": 1.0, "_time": 37.36328}, {"$id": 139, "sounds": [{"d": 0.183238983, "p": 67, "v": 87}], "pos": 1.0, "size": 1.0, "_time": 37.578125}, {"$id": 140, "sounds": [{"d": 0.206886292, "p": 66, "v": 76}], "pos": -1.0, "size": 1.0, "_time": 37.71875}, {"$id": 141, "sounds": [{"d": 0.108909607, "p": 65, "v": 80}], "size": 1.0, "_time": 37.953125, "pos": 0}, {"$id": 142, "sounds": [{"d": 0.546707153, "p": 59, "v": 79}, {"d": 0.71661377, "p": 56, "v": 60}, {"d": 0.612869263, "p": 50, "v": 40}], "pos": -1.0, "size": 1.30000007, "_time": 38.0859375}, {"$id": 143, "sounds": [{"d": 0.232334137, "p": 71, "v": 90}], "pos": 1.5, "size": 1.0, "_time": 38.0859375}, {"$id": 144, "sounds": [{"d": 0.166618347, "p": 65, "v": 87}], "pos": 0.5, "size": 1.0, "_time": 38.3046875}, {"$id": 145, "sounds": [{"d": 0.199550629, "p": 64, "v": 77}], "pos": -1.5, "size": 1.0, "_time": 38.4453125}, {"$id": 146, "sounds": [{"d": 0.132259369, "p": 63, "v": 85}], "pos": 0.5, "size": 1.0, "_time": 38.6640625}, {"$id": 147, "sounds": [{"d": 0.359653473, "p": 60, "v": 82}], "pos": -2.0, "size": 1.0, "_time": 38.80078}, {"$id": 148, "sounds": [{"d": 0.202693939, "p": 65, "v": 98}], "size": 1.0, "_time": 39.1640625, "pos": 0}, {"$id": 149, "sounds": [{"d": 0.239002228, "p": 58, "v": 69}, {"w": 0.00390625, "d": 0.260032654, "p": 53, "v": 57}, {"w": 0.00390625, "d": 0.2197609, "p": 48, "v": 47}], "pos": -1.0, "size": 1.30000007, "_time": 39.53125}, {"$id": 150, "sounds": [{"d": 0.204719543, "p": 66, "v": 93}], "pos": 1.0, "size": 1.0, "_time": 39.53125}, {"$id": 151, "sounds": [{"d": 0.166168213, "p": 67, "v": 91}], "pos": -2.0, "size": 1.0, "_time": 39.7539063}, {"$id": 152, "sounds": [{"d": 0.1856308, "p": 68, "v": 78}], "pos": 0.5, "size": 1.0, "_time": 39.890625}, {"$id": 153, "sounds": [{"d": 0.142063141, "p": 69, "v": 100}], "pos": -0.5, "size": 1.0, "_time": 40.109375}, {"$id": 154, "sounds": [{"d": 0.164520264, "p": 70, "v": 84}], "pos": 1.5, "size": 1.0, "_time": 40.2421875}, {"$id": 155, "sounds": [{"d": 0.09887695, "p": 71, "v": 88}], "pos": -1.0, "size": 1.0, "_time": 40.45703}, {"$id": 156, "sounds": [{"d": 0.242588043, "p": 72, "v": 82}], "size": 1.0, "_time": 40.59375, "pos": 0}, {"$id": 157, "sounds": [{"d": 0.288249969, "p": 59, "v": 85}, {"d": 0.245811462, "p": 63, "v": 79}, {"w": 0.00390625, "d": 0.239147186, "p": 53, "v": 65}], "pos": -2.0, "size": 1.0, "_time": 40.5976563}, {"$id": 158, "sounds": [{"d": 0.14610672, "p": 74, "v": 97}], "pos": -0.5, "size": 1.0, "_time": 40.8125}, {"$id": 159, "sounds": [{"d": 0.174251556, "p": 75, "v": 86}], "pos": 0.5, "size": 1.0, "_time": 40.953125}, {"$id": 160, "sounds": [{"d": 0.2546425, "p": 63, "v": 79}, {"w": 0.00390625, "d": 0.257938385, "p": 53, "v": 53}, {"w": 0.0078125, "d": 0.134132385, "p": 59, "v": 47}], "pos": -1.5, "size": 1.0, "_time": 40.953125}, {"$id": 161, "sounds": [{"d": 0.117515564, "p": 77, "v": 91}], "size": 1.0, "_time": 41.17578, "pos": 0}, {"$id": 162, "sounds": [{"d": 0.189670563, "p": 78, "v": 86}], "pos": 1.0, "size": 1.0, "_time": 41.3085938}, {"$id": 163, "sounds": [{"d": 0.357257843, "p": 63, "v": 72}, {"w": 0.00390625, "d": 0.292140961, "p": 59, "v": 71}, {"w": 0.00390625, "d": 0.326347351, "p": 53, "v": 35}], "pos": -1.0, "size": 1.0, "_time": 41.3085938}, {"$id": 164, "sounds": [{"d": 0.07455063, "p": 79, "v": 74}], "pos": 0.5, "size": 1.0, "_time": 41.53125}, {"$id": 165, "sounds": [{"d": 0.6635475, "p": 79, "v": 82}], "pos": 1.5, "size": 1.0, "_time": 41.67578}, {"$id": 166, "sounds": [{"d": 0.51391983, "p": 63, "v": 79}, {"w": 0.00390625, "d": 0.5334549, "p": 59, "v": 76}, {"w": 0.0078125, "d": 1.05007172, "p": 53, "v": 62}, {"w": 0.01171875, "d": 0.526794434, "p": 58, "v": 65}], "pos": -0.5, "size": 1.0, "_time": 41.6875}, {"$id": 167, "sounds": [{"d": 0.339221954, "p": 63, "v": 87}, {"w": 0.0078125, "d": 0.3859291, "p": 59, "v": 68}], "pos": -1.0, "size": 1.0, "_time": 42.26953}, {"$id": 168, "sounds": [{"d": 0.480762482, "p": 72, "v": 95}, {"d": 0.574317932, "p": 77, "v": 96}], "pos": 1.0, "size": 1.0, "_time": 42.2734375}, {"$id": 169, "sounds": [{"d": 0.0565109253, "p": 59, "v": 53}, {"d": 0.058681488, "p": 63, "v": 75}, {"d": 0.06983185, "p": 53, "v": 15}, {"w": 0.00390625, "d": 0.09962082, "p": 58, "v": 78}], "size": 1.0, "_time": 42.76172, "pos": 0}, {"$id": 170, "sounds": [{"d": 0.132705688, "p": 79, "v": 97}, {"d": 0.09812164, "p": 74, "v": 92}], "pos": 2.0, "size": 1.0, "_time": 42.76172}, {"$id": 171, "sounds": [{"d": 0.235328674, "p": 75, "v": 81}], "pos": 1.5, "size": 1.0, "_time": 43.48047}, {"$id": 172, "sounds": [{"d": 0.0995521545, "p": 74, "v": 92}], "pos": 0.5, "size": 1.0, "_time": 43.7109375}, {"$id": 173, "sounds": [{"d": 0.208908081, "p": 70, "v": 84}], "pos": -1.0, "size": 1.0, "_time": 43.83203}, {"$id": 174, "sounds": [{"d": 0.342365265, "p": 43, "v": 57}], "pos": 3.0, "size": 1.0, "_time": 43.8398438}, {"$id": 175, "sounds": [{"d": 0.12776947, "p": 67, "v": 85}], "size": 1.0, "_time": 44.0546875, "pos": 0}, {"$id": 176, "sounds": [{"d": 0.0531425476, "p": 62, "v": 45}], "pos": -1.5, "size": 1.0, "_time": 44.1914063}, {"$id": 177, "sounds": [{"d": 0.714592, "p": 67, "v": 79}], "pos": -0.5, "size": 1.0, "_time": 44.421875}, {"$id": 178, "sounds": [{"d": 0.203968048, "p": 72, "v": 86}], "pos": -2.0, "size": 1.0, "_time": 45.140625}, {"$id": 179, "sounds": [{"d": 0.1964798, "p": 74, "v": 82}], "size": 1.0, "_time": 45.28125, "pos": 0}, {"$id": 180, "sounds": [{"d": 0.127094269, "p": 75, "v": 99}], "pos": -1.5, "size": 1.0, "_time": 45.5}, {"$id": 181, "sounds": [{"d": 0.172901154, "p": 77, "v": 81}], "pos": 1.0, "size": 1.0, "_time": 45.63672}, {"$id": 182, "sounds": [{"d": 0.131961823, "p": 78, "v": 95}], "pos": -0.5, "size": 1.0, "_time": 45.8515625}, {"$id": 183, "sounds": [{"d": 0.152320862, "p": 79, "v": 89}, {"w": 0.0078125, "d": 0.04341507, "p": 81, "v": 13}], "pos": 1.5, "size": 1.0, "_time": 45.98828}, {"$id": 184, "sounds": [{"d": 0.212497711, "p": 86, "v": 99}], "pos": 2.0, "size": 1.0, "_time": 46.19922}, {"$id": 185, "sounds": [{"d": 0.0817337, "p": 62, "v": 71}, {"d": 0.07102966, "p": 57, "v": 61}, {"w": 0.00390625, "d": 0.0522460938, "p": 51, "v": 40}], "pos": -1.0, "size": 1.0, "_time": 46.34375}, {"$id": 186, "sounds": [{"d": 0.603443146, "p": 84, "v": 106}], "pos": 1.0, "size": 1.0, "_time": 46.5585938}, {"$id": 187, "sounds": [{"d": 0.345287323, "p": 51, "v": 49}, {"d": 0.313026428, "p": 57, "v": 63}, {"d": 0.270885468, "p": 62, "v": 56}], "size": 1.0, "_time": 46.9375, "pos": 0}, {"$id": 188, "sounds": [{"d": 0.0405693054, "p": 80, "v": 65}, {"w": 0.01953125, "d": 0.103221893, "p": 62, "v": 43}, {"w": 0.01953125, "d": 0.212654114, "p": 81, "v": 101}, {"w": 0.0234375, "d": 0.7640724, "p": 56, "v": 74}, {"w": 0.0234375, "d": 0.08974838, "p": 55, "v": 43}], "pos": 1.0, "size": 1.0, "_time": 47.39453}, {"$id": 189, "sounds": [{"d": 0.127471924, "p": 77, "v": 106}], "pos": 2.0, "size": 1.0, "_time": 47.63672}, {"$id": 190, "sounds": [{"d": 0.1997757, "p": 77, "v": 68}], "pos": 2.0, "size": 1.0, "_time": 47.7851563}, {"$id": 191, "sounds": [{"d": 0.111377716, "p": 74, "v": 92}], "pos": -0.5, "size": 1.0, "_time": 48.0039063}, {"$id": 192, "sounds": [{"d": 0.201648712, "p": 74, "v": 77}], "pos": -0.5, "size": 1.0, "_time": 48.14453}, {"$id": 193, "sounds": [{"d": 0.0963287354, "p": 73, "v": 90}], "pos": 1.0, "size": 1.0, "_time": 48.36328}, {"$id": 194, "sounds": [{"d": 0.168933868, "p": 72, "v": 74}], "size": 1.0, "_time": 48.4960938, "pos": 0}, {"$id": 195, "sounds": [{"d": 0.103740692, "p": 70, "v": 87}], "pos": -1.5, "size": 1.0, "_time": 48.71875}, {"$id": 196, "sounds": [{"d": 0.175823212, "p": 71, "v": 94}], "size": 1.0, "_time": 48.85547, "pos": 0}, {"$id": 197, "sounds": [{"d": 0.213024139, "p": 72, "v": 95}], "pos": 2.0, "size": 1.0, "_time": 49.125}, {"$id": 198, "sounds": [{"d": 0.600975037, "p": 70, "v": 106}], "pos": -1.5, "size": 1.0, "_time": 49.578125}, {"$id": 199, "sounds": [{"d": 0.409584045, "p": 56, "v": 81}, {"w": 0.00390625, "d": 0.359958649, "p": 50, "v": 57}], "pos": -2.0, "size": 1.0, "_time": 49.9296875}, {"$id": 200, "sounds": [{"d": 0.148952484, "p": 65, "v": 93}], "pos": 1.0, "size": 1.0, "_time": 50.1796875}, {"$id": 201, "sounds": [{"d": 0.178291321, "p": 62, "v": 94}], "pos": -1.5, "size": 1.0, "_time": 50.3085938}, {"$id": 202, "sounds": [{"d": 0.06272125, "p": 56, "v": 36}], "pos": 1.0, "size": 1.0, "_time": 50.5351563}, {"$id": 203, "sounds": [{"d": 0.22889328, "p": 61, "v": 76}], "pos": -1.5, "size": 1.0, "_time": 50.6601563}, {"$id": 204, "sounds": [{"d": 0.149776459, "p": 67, "v": 92}], "pos": 1.5, "size": 1.0, "_time": 50.9101563}, {"$id": 205, "sounds": [{"d": 0.2983513, "p": 50, "v": 46}], "pos": -2.0, "size": 1.0, "_time": 51.0}, {"$id": 206, "sounds": [{"d": 0.2589035, "p": 56, "v": 63}], "size": 1.0, "_time": 51.0078125, "pos": 0}, {"$id": 207, "sounds": [{"d": 0.177394867, "p": 57, "v": 80}], "pos": 0.5, "size": 1.0, "_time": 51.2460938}, {"$id": 208, "sounds": [{"d": 0.346408844, "p": 43, "v": 58}], "pos": -2.0, "size": 1.0, "_time": 51.3671875}, {"$id": 209, "sounds": [{"d": 0.1572609, "p": 58, "v": 71}], "pos": 1.0, "size": 1.0, "_time": 51.38672}, {"$id": 210, "sounds": [{"d": 0.09580994, "p": 60, "v": 88}], "pos": 1.5, "size": 1.0, "_time": 51.60547}, {"$id": 211, "sounds": [{"d": 1.385788, "p": 42, "v": 66}], "pos": -2.0, "size": 1.0, "_time": 51.7265625}, {"$id": 212, "sounds": [{"d": 0.188472748, "p": 60, "v": 74}], "pos": 2.0, "size": 1.0, "_time": 51.7578125}, {"$id": 213, "sounds": [{"d": 0.0503768921, "p": 54, "v": 47}, {"w": 0.00390625, "d": 0.04378891, "p": 47, "v": 47}], "pos": -2.0, "size": 1.0, "_time": 51.984375}, {"$id": 214, "sounds": [{"d": 0.17672348, "p": 62, "v": 66}], "pos": 0.5, "size": 1.0, "_time": 52.10547}, {"$id": 215, "sounds": [{"d": 0.115196228, "p": 63, "v": 83}], "pos": -0.5, "size": 1.0, "_time": 52.3046875}, {"$id": 216, "sounds": [{"d": 0.178070068, "p": 65, "v": 73}], "pos": 1.0, "size": 1.0, "_time": 52.4414063}, {"$id": 217, "sounds": [{"d": 0.308307648, "p": 66, "v": 79}], "pos": 1.5, "size": 1.0, "_time": 52.6796875}, {"$id": 218, "sounds": [{"d": 0.233158112, "p": 63, "v": 61}], "pos": -1.0, "size": 1.0, "_time": 52.8085938}, {"$id": 219, "sounds": [{"d": 0.119235992, "p": 67, "v": 78}], "pos": 1.0, "size": 1.0, "_time": 53.015625}, {"$id": 220, "sounds": [{"d": 0.245285034, "p": 64, "v": 87}, {"d": 0.225822449, "p": 59, "v": 67}, {"w": 0.00390625, "d": 0.1996994, "p": 53, "v": 59}, {"w": 0.015625, "d": 0.7751541, "p": 55, "v": 70}], "pos": -2.0, "size": 1.0, "_time": 53.1484375}, {"$id": 221, "sounds": [{"d": 0.133983612, "p": 70, "v": 97}], "pos": -1.0, "size": 1.0, "_time": 53.39453}, {"$id": 222, "sounds": [{"d": 0.129642487, "p": 71, "v": 86}], "pos": 1.5, "size": 1.0, "_time": 53.5351563}, {"$id": 223, "sounds": [{"d": 0.120357513, "p": 72, "v": 71}], "pos": 2.0, "size": 1.0, "_time": 53.75}, {"$id": 224, "sounds": [{"d": 0.148948669, "p": 75, "v": 111}, {"w": 0.00390625, "d": 0.399173737, "p": 43, "v": 72}, {"w": 0.00390625, "d": 0.164669037, "p": 59, "v": 77}, {"w": 0.00390625, "d": 0.190341949, "p": 63, "v": 83}, {"w": 0.01171875, "d": 0.127841949, "p": 53, "v": 46}], "size": 1.0, "_time": 53.88672, "pos": 0}, {"$id": 225, "sounds": [{"d": 0.146934509, "p": 77, "v": 77}], "pos": -1.5, "size": 1.0, "_time": 54.10547}, {"$id": 226, "sounds": [{"d": 0.193862915, "p": 78, "v": 100}], "pos": 1.0, "size": 1.0, "_time": 54.2421875}, {"$id": 227, "sounds": [{"d": 0.123653412, "p": 79, "v": 44}], "size": 1.0, "_time": 54.4726563, "pos": 0}, {"$id": 228, "sounds": [{"d": 0.292663574, "p": 62, "v": 72}, {"d": 0.7756767, "p": 51, "v": 62}], "pos": -2.0, "size": 1.0, "_time": 54.609375}, {"$id": 229, "sounds": [{"d": 0.810855865, "p": 86, "v": 107}, {"w": 0.00390625, "d": 0.7456627, "p": 36, "v": 61}], "pos": 2.0, "size": 1.0, "_time": 54.61328}, {"$id": 230, "sounds": [{"d": 0.557712555, "p": 84, "v": 96}], "pos": 1.5, "size": 1.0, "_time": 55.296875}, {"$id": 231, "sounds": [{"d": 0.0578613281, "p": 77, "v": 75}, {"w": 0.01953125, "d": 0.33877182, "p": 43, "v": 64}], "pos": -1.0, "size": 1.0, "_time": 55.3164063}, {"$id": 232, "sounds": [{"d": 0.2481308, "p": 62, "v": 69}, {"w": 0.00390625, "d": 0.261379242, "p": 55, "v": 72}], "pos": -0.5, "size": 1.30000007, "_time": 55.66797}, {"$id": 233, "sounds": [{"d": 0.8259697, "p": 86, "v": 93}, {"w": 0.00390625, "d": 0.08420944, "p": 78, "v": 105}, {"w": 0.73046875, "d": 0.7031479, "p": 84, "v": 95}, {"w": 0.73828125, "d": 0.437572479, "p": 77, "v": 87}], "pos": 1.5, "size": 1.0, "_time": 55.89453}, {"$id": 234, "sounds": [{"d": 0.09528351, "p": 43, "v": 60}], "pos": -1.0, "size": 1.0, "_time": 56.05078}, {"$id": 235, "sounds": [{"d": 0.5599556, "p": 62, "v": 71}, {"d": 0.292663574, "p": 57, "v": 62}, {"d": 0.251197815, "p": 58, "v": 55}, {"w": 0.0078125, "d": 0.21579361, "p": 55, "v": 62}], "size": 1.4000001, "_time": 56.40625, "pos": 0}, {"$id": 236, "sounds": [{"d": 0.164070129, "p": 43, "v": 54}], "pos": -2.0, "size": 1.0, "_time": 56.63672}, {"$id": 237, "sounds": [{"d": 0.07342911, "p": 78, "v": 97}, {"w": 0.05859375, "d": 0.236152649, "p": 79, "v": 91}, {"w": 0.08203125, "d": 0.0736541748, "p": 77, "v": 32}], "pos": 1.5, "size": 1.0, "_time": 57.09375}, {"$id": 238, "sounds": [{"d": 0.192893982, "p": 62, "v": 57}, {"w": 0.0078125, "d": 0.1541214, "p": 43, "v": 66}, {"w": 0.0234375, "d": 0.489143372, "p": 58, "v": 40}, {"w": 0.0390625, "d": 0.113250732, "p": 57, "v": 37}], "pos": -1.5, "size": 1.50000012, "_time": 57.125}, {"$id": 239, "sounds": [{"d": 0.220729828, "p": 86, "v": 96}], "pos": 0.5, "size": 1.0, "_time": 57.3476563}, {"$id": 240, "sounds": [{"d": 0.168937683, "p": 87, "v": 100}], "pos": 2.0, "size": 1.0, "_time": 57.703125}, {"$id": 241, "sounds": [{"d": 0.225898743, "p": 86, "v": 67}], "size": 1.0, "_time": 57.8710938, "pos": 0}, {"$id": 242, "sounds": [{"d": 0.138622284, "p": 84, "v": 92}], "pos": 1.5, "size": 1.0, "_time": 58.08203}, {"$id": 243, "sounds": [{"d": 0.208831787, "p": 79, "v": 77}], "pos": -0.5, "size": 1.0, "_time": 58.2148438}, {"$id": 244, "sounds": [{"d": 0.104492188, "p": 78, "v": 82}], "pos": 1.5, "size": 1.0, "_time": 58.4375}, {"$id": 245, "sounds": [{"d": 0.1849556, "p": 77, "v": 71}], "pos": -1.5, "size": 1.0, "_time": 58.55078}, {"$id": 246, "sounds": [{"d": 0.410255432, "p": 79, "v": 91}, {"w": 0.02734375, "d": 0.1772461, "p": 77, "v": 28}], "size": 1.0, "_time": 58.734375, "pos": 0}, {"$id": 247, "sounds": [{"d": 0.057258606, "p": 73, "v": 92}, {"w": 0.0078125, "d": 0.1276207, "p": 79, "v": 41}], "pos": 1.0, "size": 1.0, "_time": 59.20703}, {"$id": 248, "sounds": [{"d": 0.214969635, "p": 74, "v": 79}], "pos": -1.5, "size": 1.0, "_time": 59.265625}, {"$id": 249, "sounds": [{"d": 0.395133972, "p": 79, "v": 100}], "pos": 2.0, "size": 1.0, "_time": 59.5039063}, {"$id": 250, "sounds": [{"d": 0.363922119, "p": 77, "v": 74}], "pos": 1.0, "size": 1.0, "_time": 59.859375}, {"$id": 251, "sounds": [{"d": 0.1327095, "p": 72, "v": 93}], "pos": -1.0, "size": 1.0, "_time": 60.2421875}, {"$id": 252, "sounds": [{"d": 0.147159576, "p": 75, "v": 95}], "pos": 1.0, "size": 1.0, "_time": 60.58203}, {"$id": 253, "sounds": [{"d": 0.22290802, "p": 74, "v": 68}], "pos": -1.0, "size": 1.0, "_time": 60.71875}, {"$id": 254, "sounds": [{"d": 0.135181427, "p": 67, "v": 77}], "pos": 1.0, "size": 1.0, "_time": 60.953125}, {"$id": 255, "sounds": [{"d": 0.324703217, "p": 66, "v": 94}], "pos": -1.0, "size": 1.0, "_time": 61.0703125}, {"$id": 256, "sounds": [{"d": 0.231136322, "p": 65, "v": 84}], "pos": 0.5, "size": 1.0, "_time": 61.421875}, {"$id": 257, "sounds": [{"d": 0.243038177, "p": 67, "v": 90}], "pos": -1.0, "size": 1.0, "_time": 61.8085938}, {"$id": 258, "sounds": [{"d": 0.168487549, "p": 65, "v": 88}], "size": 1.0, "_time": 62.14453, "pos": 0}, {"$id": 259, "sounds": [{"d": 0.1649704, "p": 62, "v": 66}], "size": 1.0, "_time": 62.578125, "pos": 0}, {"$id": 260, "sounds": [{"d": 0.208381653, "p": 62, "v": 93}], "pos": -1.0, "size": 1.0, "_time": 62.86328}, {"$id": 261, "sounds": [{"d": 0.228816986, "p": 62, "v": 95}], "pos": 1.5, "size": 1.0, "_time": 63.109375}, {"$id": 262, "sounds": [{"d": 0.107936859, "p": 62, "v": 73}], "pos": -2.0, "size": 1.0, "_time": 63.5859375}, {"$id": 263, "sounds": [{"d": 0.06586838, "p": 63, "v": 74}], "pos": -1.5, "size": 1.0, "_time": 63.67578}, {"$id": 264, "sounds": [{"d": 0.0847320557, "p": 65, "v": 55}], "pos": -1.0, "size": 1.0, "_time": 63.7734375}, {"$id": 265, "sounds": [{"d": 0.127845764, "p": 66, "v": 73}], "pos": -0.5, "size": 1.0, "_time": 63.86328}, {"$id": 266, "sounds": [{"d": 0.04341507, "p": 68, "v": 58}], "size": 1.0, "_time": 63.9453125, "pos": 0}, {"$id": 267, "sounds": [{"d": 0.09453583, "p": 67, "v": 67}], "pos": 0.5, "size": 1.0, "_time": 64.04297}, {"$id": 268, "sounds": [{"d": 0.103752136, "p": 70, "v": 77}], "pos": 1.0, "size": 1.0, "_time": 64.13281}, {"$id": 269, "sounds": [{"d": 0.103591919, "p": 74, "v": 86}], "pos": 1.5, "size": 1.0, "_time": 64.22656}, {"$id": 270, "sounds": [{"d": 0.102836609, "p": 70, "v": 54}], "pos": 2.0, "size": 1.0, "_time": 64.31641}, {"$id": 271, "sounds": [{"d": 0.118629456, "p": 72, "v": 79}], "pos": -2.0, "size": 1.0, "_time": 64.48828}, {"$id": 272, "sounds": [{"d": 0.131065369, "p": 74, "v": 87}], "pos": -1.5, "size": 1.0, "_time": 64.58203}, {"$id": 273, "sounds": [{"d": 0.09857941, "p": 75, "v": 71}], "pos": -1.0, "size": 1.0, "_time": 64.67578}, {"$id": 274, "sounds": [{"d": 0.118270874, "p": 77, "v": 83}], "pos": -0.5, "size": 1.0, "_time": 64.76953}, {"$id": 275, "sounds": [{"d": 0.129112244, "p": 78, "v": 68}], "size": 1.0, "_time": 64.859375, "pos": 0}, {"$id": 276, "sounds": [{"d": 0.08981323, "p": 82, "v": 92}], "pos": 0.5, "size": 1.0, "_time": 64.94141}, {"$id": 277, "sounds": [{"d": 0.119766235, "p": 79, "v": 64}], "pos": -1.0, "size": 1.0, "_time": 65.11328}, {"$id": 278, "sounds": [{"d": 0.136459351, "p": 82, "v": 77}], "pos": -0.5, "size": 1.0, "_time": 65.20703}, {"$id": 279, "sounds": [{"d": 0.087272644, "p": 86, "v": 97}], "size": 1.0, "_time": 65.30078, "pos": 0}, {"$id": 280, "sounds": [{"d": 0.087272644, "p": 78, "v": 82}], "pos": 0.5, "size": 1.0, "_time": 65.390625}, {"$id": 281, "sounds": [{"d": 0.0999984741, "p": 81, "v": 54}], "pos": 1.0, "size": 1.0, "_time": 65.48047}, {"$id": 282, "sounds": [{"d": 0.0999984741, "p": 83, "v": 54}], "pos": 1.5, "size": 1.0, "_time": 65.57031}, {"$id": 283, "sounds": [{"d": 0.09970856, "p": 84, "v": 76}], "pos": 2.0, "size": 1.0, "_time": 65.65625}, {"$id": 284, "sounds": [{"d": 0.08982849, "p": 79, "v": 69}], "size": 1.0, "_time": 65.75, "pos": 0}, {"$id": 285, "sounds": [{"d": 0.08982086, "p": 83, "v": 62}], "pos": 1.0, "size": 1.0, "_time": 65.83984}, {"$id": 286, "sounds": [{"d": 0.08982086, "p": 86, "v": 82}], "pos": 2.0, "size": 1.0, "_time": 65.92969}, {"$id": 287, "sounds": [{"d": 0.08982086, "p": 82, "v": 62}], "pos": 1.0, "size": 1.0, "_time": 66.01953}, {"$id": 288, "sounds": [{"d": 0.06062317, "p": 79, "v": 94}], "size": 1.0, "_time": 66.109375, "pos": 0}, {"$id": 289, "sounds": [{"d": 0.297531128, "p": 48, "v": 94}], "pos": 0.5, "size": 1.0, "_time": 67.1875}, {"$id": 290, "sounds": [{"d": 0.0878753662, "p": 43, "v": 71}], "pos": -0.5, "size": 1.0, "_time": 67.39453}, {"$id": 291, "sounds": [{"d": 0.0953598, "p": 75, "v": 104}, {"w": 0.00390625, "d": 0.07762146, "p": 36, "v": 101}, {"w": 0.00390625, "d": 0.0847320557, "p": 48, "v": 94}], "pos": -2.0, "size": 1.0, "_time": 67.55469}, {"$id": 292, "sounds": [{"d": 0.10395813, "p": 87, "v": 105}, {"d": 0.0567398071, "p": 82, "v": 96}, {"d": 0.0940094, "p": 79, "v": 100}], "pos": 2.0, "size": 1.0, "_time": 67.55859}, {"$id": 293, "sounds": [{"d": 0.214897156, "p": 48, "v": 90}], "pos": 0.5, "size": 1.0, "_time": 68.62109}, {"$id": 294, "sounds": [{"d": 0.0500717163, "p": 43, "v": 71}], "pos": -0.5, "size": 1.0, "_time": 68.84766}, {"$id": 295, "sounds": [{"d": 0.07695007, "p": 72, "v": 90}, {"w": 0.00390625, "d": 0.08773041, "p": 84, "v": 93}, {"w": 0.00390625, "d": 0.0590591431, "p": 78, "v": 92}], "pos": 1.5, "size": 1.0, "_time": 68.984375}, {"$id": 296, "sounds": [{"d": 0.08211517, "p": 44, "v": 100}, {"d": 0.07357788, "p": 32, "v": 99}], "pos": -1.5, "size": 1.0, "_time": 68.98828}, {"$id": 297, "sounds": [{"d": 0.7223053, "p": 32, "v": 92}, {"d": 0.6307602, "p": 44, "v": 94}], "pos": -2.0, "size": 1.0, "_time": 69.69531}, {"$id": 298, "sounds": [{"d": 0.6815872, "p": 78, "v": 112}, {"d": 0.6693878, "p": 72, "v": 110}, {"d": 0.719985962, "p": 84, "v": 115}], "pos": 2.0, "size": 1.0, "_time": 69.69531}, {"$id": 299, "sounds": [{"d": 0.04610443, "p": 77, "v": 72}, {"d": 0.0452041626, "p": 72, "v": 67}], "pos": 1.5, "size": 1.0, "_time": 70.41016}, {"$id": 300, "sounds": [{"d": 0.0492401123, "p": 43, "v": 80}, {"d": 0.0440063477, "p": 31, "v": 69}], "pos": -1.5, "size": 1.0, "_time": 70.41406}, {"$id": 301, "sounds": [{"d": 0.6657257, "p": 84, "v": 109}, {"d": 0.6435623, "p": 77, "v": 92}, {"d": 0.6255264, "p": 72, "v": 104}], "pos": 2.0, "size": 1.0, "_time": 70.92578}, {"$id": 302, "sounds": [{"d": 0.6553192, "p": 43, "v": 92}, {"d": 0.65561676, "p": 31, "v": 92}], "pos": -2.0, "size": 1.0, "_time": 70.92969}, {"$id": 303, "sounds": [{"d": 0.220733643, "p": 36, "v": 77}, {"w": 0.0078125, "d": 0.04499054, "p": 67, "v": 74}], "pos": -1.0, "size": 1.0, "_time": 71.85547}, {"$id": 304, "sounds": [{"d": 0.0451431274, "p": 62, "v": 68}, {"d": 0.0451431274, "p": 58, "v": 69}, {"d": 0.0600357056, "p": 63, "v": 77}], "pos": 1.0, "size": 1.0, "_time": 71.86328}, {"$id": 305, "sounds": [{"d": 0.125968933, "p": 91, "v": 88}], "pos": 1.5, "size": 1.0, "_time": 72.21484}, {"$id": 306, "sounds": [{"d": 0.106506348, "p": 87, "v": 73}], "pos": 0.5, "size": 1.0, "_time": 72.33594}, {"$id": 307, "sounds": [{"d": 0.05456543, "p": 84, "v": 30}], "pos": -0.5, "size": 1.0, "_time": 72.46094}, {"$id": 308, "sounds": [{"d": 0.221412659, "p": 79, "v": 100}], "pos": -1.5, "size": 1.0, "_time": 72.57031}, {"$id": 309, "sounds": [{"d": 0.322685242, "p": 78, "v": 90}], "pos": -0.5, "size": 1.0, "_time": 72.796875}, {"$id": 310, "sounds": [{"d": 0.223045349, "p": 77, "v": 88}], "size": 1.0, "_time": 73.15625, "pos": 0}, {"$id": 311, "sounds": [{"d": 0.063835144, "p": 43, "v": 59}, {"w": 0.0078125, "d": 0.04647827, "p": 58, "v": 60}], "pos": -2.0, "size": 1.0, "_time": 73.296875}, {"$id": 312, "sounds": [{"d": 0.06466675, "p": 62, "v": 72}, {"d": 0.0542526245, "p": 67, "v": 80}, {"d": 0.06137085, "p": 63, "v": 72}], "pos": 2.0, "size": 1.0, "_time": 73.30469}, {"$id": 313, "sounds": [{"d": 0.110481262, "p": 91, "v": 86}], "pos": 1.5, "size": 1.0, "_time": 73.65234}, {"$id": 314, "sounds": [{"d": 0.110328674, "p": 87, "v": 74}], "pos": 0.5, "size": 1.0, "_time": 73.76953}, {"$id": 315, "sounds": [{"d": 0.0596542358, "p": 84, "v": 42}], "pos": -0.5, "size": 1.0, "_time": 73.88672}, {"$id": 316, "sounds": [{"d": 0.235710144, "p": 79, "v": 87}], "pos": -1.5, "size": 1.0, "_time": 74.00391}, {"$id": 317, "sounds": [{"d": 0.15763092, "p": 78, "v": 88}], "pos": -0.5, "size": 1.0, "_time": 74.234375}, {"$id": 318, "sounds": [{"d": 0.1326294, "p": 77, "v": 91}], "pos": 0.5, "size": 1.0, "_time": 74.37109}, {"$id": 319, "sounds": [{"d": 0.151725769, "p": 75, "v": 90}, {"d": 0.05142212, "p": 63, "v": 68}, {"d": 0.0465545654, "p": 67, "v": 71}], "pos": -2.0, "size": 1.0, "_time": 74.58594}, {"$id": 320, "sounds": [{"d": 0.153373718, "p": 51, "v": 54}, {"d": 0.06632233, "p": 58, "v": 80}, {"w": 0.00390625, "d": 0.0473098755, "p": 62, "v": 65}], "pos": 2.0, "size": 1.0, "_time": 74.58594}, {"$id": 321, "sounds": [{"d": 0.7101288, "p": 43, "v": 59}, {"d": 0.414237976, "p": 50, "v": 66}, {"d": 0.236763, "p": 75, "v": 102}], "pos": -1.0, "size": 1.0, "_time": 75.26953}, {"$id": 322, "sounds": [{"d": 0.157188416, "p": 70, "v": 72}, {"d": 0.1598053, "p": 64, "v": 68}, {"d": 0.160179138, "p": 55, "v": 73}], "pos": 1.0, "size": 1.0, "_time": 75.27344}, {"$id": 323, "sounds": [{"d": 0.151802063, "p": 55, "v": 38}, {"w": 0.00390625, "d": 0.0475311279, "p": 61, "v": 48}], "pos": -1.5, "size": 1.0, "_time": 75.44531}, {"$id": 324, "sounds": [{"d": 0.1780777, "p": 77, "v": 87}, {"w": 0.0078125, "d": 0.06100464, "p": 70, "v": 35}], "pos": 1.5, "size": 1.0, "_time": 75.44531}, {"$id": 325, "sounds": [{"d": 0.116622925, "p": 75, "v": 55}], "size": 1.0, "_time": 75.66406, "pos": 0}, {"$id": 326, "sounds": [{"d": 0.06422424, "p": 62, "v": 43}, {"d": 0.0812912, "p": 55, "v": 21}], "pos": -1.5, "size": 1.0, "_time": 75.796875}, {"$id": 327, "sounds": [{"d": 0.17440033, "p": 77, "v": 94}], "pos": 1.5, "size": 1.0, "_time": 75.80469}, {"$id": 328, "sounds": [{"d": 0.6803055, "p": 63, "v": 95}, {"w": 0.00390625, "d": 0.6728287, "p": 53, "v": 79}, {"w": 0.00390625, "d": 0.677391052, "p": 59, "v": 47}], "pos": -2.0, "size": 1.0, "_time": 76.01953}, {"$id": 329, "sounds": [{"d": 0.6404877, "p": 71, "v": 98}, {"d": 1.10868073, "p": 79, "v": 102}, {"w": 0.00390625, "d": 0.04775238, "p": 60, "v": 57}, {"w": 0.015625, "d": 0.7956619, "p": 43, "v": 69}], "pos": 2.0, "size": 1.0, "_time": 76.02344}, {"$id": 330, "sounds": [{"d": 0.07222748, "p": 71, "v": 44}], "pos": -1.5, "size": 1.0, "_time": 77.109375}, {"$id": 331, "sounds": [{"d": 0.183609009, "p": 72, "v": 82}], "pos": 1.0, "size": 1.0, "_time": 77.24609}, {"$id": 332, "sounds": [{"d": 0.06137848, "p": 74, "v": 26}], "pos": -1.5, "size": 1.0, "_time": 77.47266}, {"$id": 333, "sounds": [{"d": 0.0406494141, "p": 79, "v": 82}], "pos": 1.0, "size": 1.0, "_time": 77.61328}, {"$id": 334, "sounds": [{"d": 0.0332260132, "p": 87, "v": 67}, {"w": 0.0078125, "d": 0.0551605225, "p": 75, "v": 35}], "pos": -1.5, "size": 1.0, "_time": 77.82422}, {"$id": 335, "sounds": [{"d": 0.0505981445, "p": 82, "v": 18}], "pos": 1.5, "size": 1.0, "_time": 77.83594}, {"$id": 336, "sounds": [{"d": 0.39050293, "p": 75, "v": 104}, {"w": 0.00390625, "d": 0.3771057, "p": 82, "v": 88}], "pos": 1.5, "size": 1.0, "_time": 78.32031}, {"$id": 337, "sounds": [{"d": 0.3893051, "p": 79, "v": 93}, {"d": 0.4292755, "p": 87, "v": 106}], "pos": -1.5, "size": 1.0, "_time": 78.32031}, {"$id": 338, "sounds": [{"d": 0.13973999, "p": 75, "v": 84}], "pos": -1.0, "size": 1.0, "_time": 79.046875}, {"$id": 339, "sounds": [{"d": 0.0836029053, "p": 79, "v": 79}], "pos": 1.0, "size": 1.0, "_time": 79.27344}, {"$id": 340, "sounds": [{"d": 0.105682373, "p": 75, "v": 107}, {"w": 0.00390625, "d": 0.145057678, "p": 87, "v": 112}], "pos": -1.5, "size": 1.0, "_time": 79.41016}, {"$id": 341, "sounds": [{"d": 0.0423660278, "p": 79, "v": 67}, {"d": 0.143341064, "p": 82, "v": 90}], "pos": 1.5, "size": 1.0, "_time": 79.41406}, {"$id": 342, "sounds": [{"d": 0.20500946, "p": 75, "v": 106}, {"d": 0.406730652, "p": 87, "v": 109}], "pos": -1.5, "size": 1.0, "_time": 79.98828}, {"$id": 343, "sounds": [{"d": 0.366165161, "p": 79, "v": 96}, {"d": 0.367515564, "p": 82, "v": 92}], "pos": 1.5, "size": 1.0, "_time": 79.99219}, {"$id": 344, "sounds": [{"d": 0.121398926, "p": 90, "v": 98}, {"w": 0.00390625, "d": 0.08405304, "p": 78, "v": 97}], "pos": 2.0, "size": 1.0, "_time": 80.47656}, {"$id": 345, "sounds": [{"d": 0.237426758, "p": 50, "v": 70}, {"d": 0.07208252, "p": 44, "v": 70}, {"w": 0.00390625, "d": 0.0603256226, "p": 32, "v": 83}], "pos": -2.0, "size": 1.0, "_time": 80.48828}, {"$id": 346, "sounds": [{"d": 0.0759048462, "p": 32, "v": 84}], "pos": 3.0, "size": 1.0, "_time": 81.06641}, {"$id": 347, "sounds": [{"d": 0.322006226, "p": 78, "v": 106}, {"d": 0.660179138, "p": 90, "v": 113}], "pos": 2.0, "size": 1.0, "_time": 81.1875}, {"$id": 348, "sounds": [{"d": 0.1043396, "p": 44, "v": 75}, {"d": 0.1391449, "p": 51, "v": 70}], "pos": -2.0, "size": 1.0, "_time": 81.21094}, {"$id": 349, "sounds": [{"d": 0.212799072, "p": 32, "v": 96}], "pos": 3.0, "size": 1.0, "_time": 81.5625}, {"$id": 350, "sounds": [{"d": 0.189819336, "p": 89, "v": 88}, {"d": 0.145355225, "p": 77, "v": 67}], "pos": 1.0, "size": 1.0, "_time": 81.90625}, {"$id": 351, "sounds": [{"d": 1.07185364, "p": 55, "v": 83}, {"d": 0.20223999, "p": 43, "v": 83}, {"w": 0.01171875, "d": 0.186004639, "p": 31, "v": 81}], "pos": -1.0, "size": 1.0, "_time": 81.90625}, {"$id": 352, "sounds": [{"d": 0.0464859, "p": 89, "v": 97}], "size": 1.0, "_time": 82.13281, "pos": 0}, {"$id": 353, "sounds": [{"d": 0.3892975, "p": 89, "v": 106}, {"d": 0.3841324, "p": 82, "v": 97}, {"d": 0.3610077, "p": 77, "v": 97}], "pos": 1.0, "size": 1.0, "_time": 82.48828}, {"$id": 354, "sounds": [{"d": 0.04460907, "p": 31, "v": 77}, {"d": 0.04647827, "p": 43, "v": 68}], "pos": -1.0, "size": 1.0, "_time": 82.5}, {"$id": 355, "sounds": [{"d": 0.211219788, "p": 79, "v": 95}], "pos": -1.0, "size": 1.0, "_time": 83.34766}, {"$id": 356, "sounds": [{"d": 0.09685516, "p": 91, "v": 78}], "pos": 1.5, "size": 1.0, "_time": 83.56641}, {"$id": 357, "sounds": [{"d": 0.280685425, "p": 78, "v": 92}], "pos": -1.5, "size": 1.0, "_time": 83.71094}, {"$id": 358, "sounds": [{"d": 0.109054565, "p": 90, "v": 70}], "pos": 1.0, "size": 1.0, "_time": 83.92969}, {"$id": 359, "sounds": [{"d": 0.247909546, "p": 79, "v": 87}], "pos": -1.0, "size": 1.0, "_time": 84.07031}, {"$id": 360, "sounds": [{"d": 0.09738159, "p": 91, "v": 77}], "pos": 1.5, "size": 1.0, "_time": 84.29297}, {"$id": 361, "sounds": [{"d": 0.230903625, "p": 80, "v": 96}], "pos": -0.5, "size": 1.0, "_time": 84.43359}, {"$id": 362, "sounds": [{"d": 0.114219666, "p": 92, "v": 76}], "pos": 2.0, "size": 1.0, "_time": 84.65625}, {"$id": 363, "sounds": [{"d": 0.223358154, "p": 79, "v": 80}], "pos": -1.0, "size": 1.0, "_time": 84.79297}, {"$id": 364, "sounds": [{"d": 0.09626007, "p": 91, "v": 80}], "pos": 1.5, "size": 1.0, "_time": 85.01172}, {"$id": 365, "sounds": [{"d": 0.168411255, "p": 78, "v": 96}], "pos": -1.5, "size": 1.0, "_time": 85.14844}, {"$id": 366, "sounds": [{"d": 0.08892059, "p": 90, "v": 63}], "pos": 1.0, "size": 1.0, "_time": 85.375}, {"$id": 367, "sounds": [{"d": 0.23690033, "p": 79, "v": 85}], "pos": -1.0, "size": 1.0, "_time": 85.50781}, {"$id": 368, "sounds": [{"d": 0.097076416, "p": 91, "v": 71}], "pos": 1.5, "size": 1.0, "_time": 85.72266}, {"$id": 369, "sounds": [{"d": 0.254638672, "p": 80, "v": 101}], "pos": -0.5, "size": 1.0, "_time": 85.86328}, {"$id": 370, "sounds": [{"d": 0.105010986, "p": 92, "v": 78}], "pos": 2.0, "size": 1.0, "_time": 86.08594}, {"$id": 371, "sounds": [{"d": 0.215942383, "p": 79, "v": 93}], "pos": -1.0, "size": 1.0, "_time": 86.22266}, {"$id": 372, "sounds": [{"d": 0.09288788, "p": 91, "v": 74}], "pos": 1.5, "size": 1.0, "_time": 86.44141}, {"$id": 373, "sounds": [{"d": 0.255386353, "p": 78, "v": 95}], "pos": -1.5, "size": 1.0, "_time": 86.58203}, {"$id": 374, "sounds": [{"d": 0.155227661, "p": 90, "v": 74}], "pos": 1.0, "size": 1.0, "_time": 86.79297}, {"$id": 375, "sounds": [{"d": 0.2615204, "p": 77, "v": 85}], "pos": -2.0, "size": 1.0, "_time": 86.9375}, {"$id": 376, "sounds": [{"d": 0.112342834, "p": 89, "v": 73}], "pos": 1.5, "size": 1.0, "_time": 87.16016}, {"$id": 377, "sounds": [{"d": 0.174034119, "p": 76, "v": 78}], "pos": -1.0, "size": 1.0, "_time": 87.30078}, {"$id": 378, "sounds": [{"d": 0.05860901, "p": 88, "v": 70}], "pos": 1.0, "size": 1.0, "_time": 87.515625}, {"$id": 379, "sounds": [{"d": 0.268417358, "p": 75, "v": 86}], "pos": -1.5, "size": 1.0, "_time": 87.66016}, {"$id": 380, "sounds": [{"d": 0.122833252, "p": 87, "v": 77}], "pos": 0.5, "size": 1.0, "_time": 87.87891}, {"$id": 381, "sounds": [{"d": 0.225822449, "p": 74, "v": 85}], "pos": -2.0, "size": 1.0, "_time": 88.015625}, {"$id": 382, "sounds": [{"d": 0.0723800659, "p": 86, "v": 74}], "pos": 1.5, "size": 1.0, "_time": 88.234375}, {"$id": 383, "sounds": [{"d": 0.217819214, "p": 73, "v": 90}], "pos": -1.5, "size": 1.0, "_time": 88.37891}, {"$id": 384, "sounds": [{"d": 0.109130859, "p": 85, "v": 72}], "pos": 1.0, "size": 1.0, "_time": 88.58984}, {"$id": 385, "sounds": [{"d": 0.2674408, "p": 72, "v": 78}], "pos": -2.0, "size": 1.0, "_time": 88.73047}, {"$id": 386, "sounds": [{"d": 0.107788086, "p": 84, "v": 81}], "pos": 0.5, "size": 1.0, "_time": 88.94922}, {"$id": 387, "sounds": [{"d": 0.15763092, "p": 53, "v": 52}], "pos": -2.0, "size": 1.0, "_time": 89.10156}, {"$id": 388, "sounds": [{"d": 0.158004761, "p": 57, "v": 35}], "pos": -1.5, "size": 1.0, "_time": 89.21484}, {"$id": 389, "sounds": [{"d": 0.127616882, "p": 60, "v": 69}], "pos": -1.0, "size": 1.0, "_time": 89.33984}, {"$id": 390, "sounds": [{"d": 0.0535125732, "p": 65, "v": 47}], "pos": -0.5, "size": 1.0, "_time": 89.44922}, {"$id": 391, "sounds": [{"d": 0.070961, "p": 67, "v": 54}], "size": 1.0, "_time": 89.55078, "pos": 0}, {"$id": 392, "sounds": [{"d": 0.0690155, "p": 72, "v": 47}], "pos": 0.5, "size": 1.0, "_time": 89.66406}, {"$id": 393, "sounds": [{"d": 0.0607070923, "p": 77, "v": 57}], "pos": 1.0, "size": 1.0, "_time": 89.75781}, {"$id": 394, "sounds": [{"d": 0.269241333, "p": 79, "v": 102}], "pos": 2.0, "size": 1.0, "_time": 89.91406}, {"$id": 395, "sounds": [{"d": 0.226493835, "p": 77, "v": 92}], "pos": -1.5, "size": 1.0, "_time": 90.1875}, {"$id": 396, "sounds": [{"d": 0.126876831, "p": 76, "v": 79}], "pos": 0.5, "size": 1.0, "_time": 90.41406}, {"$id": 397, "sounds": [{"d": 0.198730469, "p": 67, "v": 67}], "pos": -1.0, "size": 1.0, "_time": 90.54297}, {"$id": 398, "sounds": [{"d": 0.151947021, "p": 68, "v": 89}], "pos": -1.0, "size": 1.0, "_time": 90.75391}, {"$id": 399, "sounds": [{"d": 0.2012024, "p": 69, "v": 42}], "pos": 0.5, "size": 1.0, "_time": 90.89844}, {"$id": 400, "sounds": [{"d": 0.185333252, "p": 72, "v": 92}], "size": 1.0, "_time": 91.12109, "pos": 0}, {"$id": 401, "sounds": [{"d": 0.184356689, "p": 76, "v": 80}], "pos": 2.0, "size": 1.0, "_time": 91.25781}, {"$id": 402, "sounds": [{"d": 0.145362854, "p": 76, "v": 79}], "pos": -1.0, "size": 1.0, "_time": 91.48047}, {"$id": 403, "sounds": [{"d": 0.145362854, "p": 79, "v": 96}], "pos": 2.0, "size": 1.0, "_time": 91.48047}, {"$id": 404, "sounds": [{"d": 0.3350296, "p": 74, "v": 60}], "pos": -2.0, "size": 1.0, "_time": 91.63281}, {"$id": 405, "sounds": [{"d": 0.3350296, "p": 77, "v": 73}], "pos": 1.0, "size": 1.0, "_time": 91.63281}, {"$id": 406, "sounds": [{"d": 0.200073242, "p": 74, "v": 107}], "pos": -0.5, "size": 1.0, "_time": 92.12891}, {"$id": 407, "sounds": [{"d": 0.167068481, "p": 69, "v": 103}], "pos": -1.5, "size": 1.0, "_time": 92.46875}, {"$id": 408, "sounds": [{"d": 0.147453308, "p": 74, "v": 87}], "pos": 0.5, "size": 1.0, "_time": 92.64844}, {"$id": 409, "sounds": [{"d": 0.174850464, "p": 79, "v": 90}], "pos": 2.0, "size": 1.0, "_time": 92.87891}, {"$id": 410, "sounds": [{"d": 0.284812927, "p": 76, "v": 74}], "pos": -0.5, "size": 1.0, "_time": 93.03516}, {"$id": 411, "sounds": [{"d": 0.07627869, "p": 65, "v": 14}, {"d": 0.0562973022, "p": 60, "v": 33}, {"w": 0.0078125, "d": 0.06377411, "p": 58, "v": 26}], "pos": 0.5, "size": 1.0, "_time": 93.203125}, {"$id": 412, "sounds": [{"d": 1.50502777, "p": 53, "v": 57}, {"w": 0.00390625, "d": 1.17179108, "p": 45, "v": 60}], "pos": -1.5, "size": 1.0, "_time": 93.26953}, {"$id": 413, "sounds": [{"d": 0.539596558, "p": 66, "v": 51}, {"d": 0.439674377, "p": 73, "v": 96}, {"w": 0.00390625, "d": 0.5604019, "p": 61, "v": 52}, {"w": 0.0078125, "d": 0.612648, "p": 55, "v": 29}, {"w": 0.01171875, "d": 0.548500061, "p": 59, "v": 45}], "pos": 1.0, "size": 1.80000019, "_time": 93.33203}, {"$id": 414, "sounds": [{"d": 0.1375122, "p": 55, "v": 13}, {"w": 0.00390625, "d": 0.124107361, "p": 65, "v": 81}, {"w": 0.0234375, "d": 0.0791931152, "p": 61, "v": 79}, {"w": 0.07421875, "d": 0.056892395, "p": 59, "v": 18}], "pos": -1.5, "size": 1.4000001, "_time": 94.05859}, {"$id": 415, "sounds": [{"d": 0.155021667, "p": 72, "v": 102}], "pos": 1.0, "size": 1.0, "_time": 94.06641}, {"$id": 416, "sounds": [{"d": 0.110557556, "p": 73, "v": 85}], "size": 1.0, "_time": 94.22656, "pos": 0}, {"$id": 417, "sounds": [{"d": 0.104187012, "p": 74, "v": 77}], "pos": 1.0, "size": 1.0, "_time": 94.37109}, {"$id": 418, "sounds": [{"d": 0.1489563, "p": 66, "v": 27}, {"w": 0.015625, "d": 0.056137085, "p": 61, "v": 43}, {"w": 0.02734375, "d": 0.08974457, "p": 55, "v": 16}, {"w": 0.04296875, "d": 0.08181, "p": 59, "v": 16}], "pos": -1.5, "size": 1.4000001, "_time": 94.375}, {"$id": 419, "sounds": [{"d": 0.06594086, "p": 76, "v": 87}], "size": 1.0, "_time": 94.53516, "pos": 0}, {"$id": 420, "sounds": [{"d": 0.1409378, "p": 81, "v": 84}], "pos": 1.0, "size": 1.0, "_time": 94.68359}, {"$id": 421, "sounds": [{"d": 0.134056091, "p": 77, "v": 95}], "pos": 2.0, "size": 1.0, "_time": 94.84375}, {"$id": 422, "sounds": [{"d": 0.170959473, "p": 57, "v": 70}, {"d": 0.272148132, "p": 53, "v": 77}, {"d": 0.207931519, "p": 86, "v": 100}, {"w": 0.00390625, "d": 0.188247681, "p": 52, "v": 52}, {"d": 0.176422119, "p": 60, "v": 82}], "pos": -2.0, "size": 1.0, "_time": 94.84766}, {"$id": 423, "sounds": [{"d": 0.172225952, "p": 77, "v": 72}, {"d": 0.165641785, "p": 86, "v": 95}], "pos": 2.0, "size": 1.0, "_time": 95.203125}, {"$id": 424, "sounds": [{"d": 0.16204834, "p": 60, "v": 73}, {"w": 0.00390625, "d": 0.08241272, "p": 52, "v": 47}, {"w": 0.00390625, "d": 0.145362854, "p": 57, "v": 53}, {"w": 0.00390625, "d": 0.185096741, "p": 53, "v": 67}], "pos": -2.0, "size": 1.0, "_time": 95.203125}, {"$id": 425, "sounds": [{"d": 0.101722717, "p": 86, "v": 65}, {"d": 0.109283447, "p": 77, "v": 58}], "pos": 2.0, "size": 1.0, "_time": 95.43359}, {"$id": 426, "sounds": [{"d": 0.1006012, "p": 60, "v": 14}, {"d": 0.0606308, "p": 53, "v": 45}, {"w": 0.00390625, "d": 0.09977722, "p": 57, "v": 15}], "pos": -2.0, "size": 1.0, "_time": 95.44141}, {"$id": 427, "sounds": [{"d": 0.360015869, "p": 45, "v": 59}, {"w": 0.0078125, "d": 0.122375488, "p": 52, "v": 74}, {"w": 0.0078125, "d": 0.133377075, "p": 86, "v": 105}, {"w": 0.0078125, "d": 0.136520386, "p": 60, "v": 61}], "pos": -2.0, "size": 1.0, "_time": 95.56641}, {"$id": 428, "sounds": [{"d": 0.452156067, "p": 55, "v": 72}, {"w": 0.0078125, "d": 0.129859924, "p": 53, "v": 51}, {"w": 0.0078125, "d": 0.105537415, "p": 57, "v": 52}, {"w": 0.01171875, "d": 0.121330261, "p": 77, "v": 92}], "pos": 2.0, "size": 1.0, "_time": 95.56641}, {"$id": 429, "sounds": [{"d": 0.169448853, "p": 77, "v": 92}, {"d": 0.1306076, "p": 57, "v": 76}, {"w": 0.00390625, "d": 0.159423828, "p": 88, "v": 108}, {"w": 0.00390625, "d": 0.08704376, "p": 52, "v": 40}, {"w": 0.00390625, "d": 0.147674561, "p": 62, "v": 82}, {"w": 0.00390625, "d": 0.109954834, "p": 53, "v": 85}], "size": 1.0, "_time": 95.78906, "pos": 0}, {"$id": 430, "sounds": [{"d": 1.552269, "p": 60, "v": 72}, {"w": 0.015625, "d": 0.4702072, "p": 62, "v": 92}, {"w": 0.01953125, "d": 0.699325562, "p": 52, "v": 76}], "pos": 2.0, "size": 1.0, "_time": 96.14453}, {"$id": 431, "sounds": [{"d": 0.5390701, "p": 53, "v": 69}, {"w": 0.015625, "d": 0.682479858, "p": 86, "v": 100}, {"w": 0.015625, "d": 0.624702454, "p": 57, "v": 91}, {"w": 0.015625, "d": 0.59438324, "p": 77, "v": 85}], "pos": -2.0, "size": 1.0, "_time": 96.14453}, {"$id": 432, "sounds": [{"d": 0.174041748, "p": 84, "v": 84}], "pos": -2.0, "size": 1.0, "_time": 96.86719}, {"$id": 433, "sounds": [{"d": 0.209655762, "p": 81, "v": 93}], "pos": 1.0, "size": 1.0, "_time": 97.00781}, {"$id": 434, "sounds": [{"d": 0.257408142, "p": 77, "v": 83}], "size": 1.0, "_time": 97.23047, "pos": 0}, {"$id": 435, "sounds": [{"d": 0.118721008, "p": 74, "v": 72}], "pos": -0.5, "size": 1.0, "_time": 97.58984}, {"$id": 436, "sounds": [{"d": 0.24079895, "p": 77, "v": 100}], "pos": 2.0, "size": 1.0, "_time": 97.72656}, {"$id": 437, "sounds": [{"d": 0.08930206, "p": 56, "v": 76}], "pos": -1.5, "size": 1.0, "_time": 97.94531}, {"$id": 438, "sounds": [{"d": 0.260246277, "p": 79, "v": 104}], "pos": 1.0, "size": 1.0, "_time": 98.08203}, {"$id": 439, "sounds": [{"d": 0.446937561, "p": 74, "v": 92}], "pos": -1.5, "size": 1.0, "_time": 98.30078}, {"$id": 440, "sounds": [{"d": 0.113853455, "p": 68, "v": 80}], "pos": -1.0, "size": 1.0, "_time": 98.65234}, {"$id": 441, "sounds": [{"d": 0.364898682, "p": 69, "v": 43}], "pos": -0.5, "size": 1.0, "_time": 99.00781}, {"$id": 442, "sounds": [{"d": 0.285552979, "p": 93, "v": 104}], "pos": 2.0, "size": 1.0, "_time": 99.36719}, {"$id": 443, "sounds": [{"d": 0.214141846, "p": 61, "v": 89}, {"w": 0.00390625, "d": 0.204040527, "p": 66, "v": 96}, {"w": 0.00390625, "d": 0.200073242, "p": 55, "v": 79}, {"w": 0.01171875, "d": 0.478965759, "p": 45, "v": 44}], "pos": -1.0, "size": 1.50000012, "_time": 99.73047}, {"$id": 444, "sounds": [{"d": 0.200675964, "p": 69, "v": 105}], "pos": 1.0, "size": 1.0, "_time": 99.87109}, {"$id": 445, "sounds": [{"d": 0.132713318, "p": 81, "v": 84}], "size": 1.0, "_time": 100.09375, "pos": 0}, {"$id": 446, "sounds": [{"d": 0.7699127, "p": 51, "v": 81}, {"d": 1.16542053, "p": 57, "v": 91}], "pos": -2.0, "size": 1.0, "_time": 100.621094}, {"$id": 447, "sounds": [{"d": 0.8595047, "p": 62, "v": 87}], "pos": 2.0, "size": 1.0, "_time": 100.625}, {"$id": 448, "sounds": [{"d": 0.0812149048, "p": 69, "v": 57}], "pos": -2.0, "size": 1.0, "_time": 100.875}, {"$id": 449, "sounds": [{"d": 0.05823517, "p": 72, "v": 44}], "pos": -1.5, "size": 1.0, "_time": 101.0}, {"$id": 450, "sounds": [{"d": 0.0528411865, "p": 75, "v": 57}], "pos": -1.0, "size": 1.0, "_time": 101.097656}, {"$id": 451, "sounds": [{"d": 0.114295959, "p": 77, "v": 84}], "pos": -0.5, "size": 1.0, "_time": 101.21875}, {"$id": 452, "sounds": [{"d": 0.283752441, "p": 78, "v": 92}], "size": 1.0, "_time": 101.296875, "pos": 0}, {"$id": 453, "sounds": [{"d": 0.215644836, "p": 79, "v": 90}], "pos": -1.0, "size": 1.0, "_time": 101.582031}, {"$id": 454, "sounds": [{"d": 0.1160202, "p": 80, "v": 74}], "pos": 0.5, "size": 1.0, "_time": 101.84375}, {"$id": 455, "sounds": [{"d": 0.3674469, "p": 50, "v": 62}, {"w": 0.00390625, "d": 0.101272583, "p": 56, "v": 81}, {"w": 0.00390625, "d": 0.515792847, "p": 60, "v": 65}], "pos": -2.0, "size": 1.0, "_time": 102.023438}, {"$id": 456, "sounds": [{"d": 0.201271057, "p": 81, "v": 98}, {"w": 0.01171875, "d": 0.06489563, "p": 59, "v": 34}], "pos": 2.0, "size": 1.0, "_time": 102.023438}, {"$id": 457, "sounds": [{"d": 0.107559204, "p": 84, "v": 69}], "size": 1.0, "_time": 102.21875, "pos": 0}, {"$id": 458, "sounds": [{"d": 0.05179596, "p": 85, "v": 53}], "pos": 0.5, "size": 1.0, "_time": 102.417969}, {"$id": 459, "sounds": [{"d": 0.111976624, "p": 89, "v": 90}], "pos": 1.0, "size": 1.0, "_time": 102.492188}, {"$id": 460, "sounds": [{"d": 0.239372253, "p": 81, "v": 92}], "pos": -0.5, "size": 1.0, "_time": 102.628906}, {"$id": 461, "sounds": [{"d": 0.211830139, "p": 81, "v": 82}], "pos": -0.5, "size": 1.0, "_time": 102.964844}, {"$id": 462, "sounds": [{"d": 0.2740326, "p": 88, "v": 97}], "pos": 2.0, "size": 1.0, "_time": 102.964844}, {"$id": 463, "sounds": [{"d": 0.248207092, "p": 79, "v": 79}], "pos": -1.5, "size": 1.0, "_time": 103.328125}, {"$id": 464, "sounds": [{"d": 0.347831726, "p": 86, "v": 94}], "pos": 1.0, "size": 1.0, "_time": 103.328125}, {"$id": 465, "sounds": [{"d": 0.13053894, "p": 85, "v": 88}], "pos": -1.0, "size": 1.0, "_time": 103.835938}, {"$id": 466, "sounds": [{"d": 0.164070129, "p": 86, "v": 94}], "size": 1.0, "_time": 104.046875, "pos": 0}, {"$id": 467, "sounds": [{"d": 0.1803894, "p": 81, "v": 57}], "pos": 1.0, "size": 1.0, "_time": 104.203125}, {"$id": 468, "sounds": [{"d": 0.133087158, "p": 76, "v": 63}], "pos": -1.5, "size": 1.0, "_time": 104.410156}, {"$id": 469, "sounds": [{"d": 0.102546692, "p": 76, "v": 91}], "pos": -1.5, "size": 1.0, "_time": 104.5625}, {"$id": 470, "sounds": [{"d": 0.102546692, "p": 88, "v": 105}], "pos": 1.5, "size": 1.0, "_time": 104.5625}, {"$id": 471, "sounds": [{"d": 0.66355896, "p": 91, "v": 82}, {"w": 0.03515625, "d": 0.5503769, "p": 86, "v": 95}], "pos": 1.0, "size": 1.0, "_time": 104.910156}, {"$id": 472, "sounds": [{"d": 0.513923645, "p": 63, "v": 79}, {"w": 0.00390625, "d": 0.53338623, "p": 59, "v": 76}, {"w": 0.0078125, "d": 1.05015564, "p": 53, "v": 62}, {"w": 0.01171875, "d": 0.526794434, "p": 58, "v": 65}], "pos": -1.5, "size": 1.70000017, "_time": 104.921875}, {"$id": 473, "sounds": [{"d": 0.5743332, "p": 89, "v": 96}], "pos": -1.0, "size": 1.0, "_time": 105.503906}, {"$id": 474, "sounds": [{"d": 0.4807663, "p": 84, "v": 95}], "pos": 1.0, "size": 1.0, "_time": 105.507813}, {"$id": 475, "sounds": [{"d": 0.09819794, "p": 86, "v": 92}], "pos": -1.0, "size": 1.0, "_time": 105.992188}, {"$id": 476, "sounds": [{"d": 0.132705688, "p": 91, "v": 97}], "pos": 1.0, "size": 1.0, "_time": 105.992188}, {"$id": 477, "sounds": [{"d": 0.766914368, "p": 38, "v": 75}, {"w": 0.00390625, "d": 0.1254425, "p": 57, "v": 46}, {"w": 0.0078125, "d": 0.136665344, "p": 60, "v": 35}], "pos": -2.0, "size": 1.0, "_time": 106.347656}, {"$id": 478, "sounds": [{"d": 0.12902832, "p": 64, "v": 46}, {"w": 0.00390625, "d": 0.249916077, "p": 53, "v": 41}], "pos": 2.0, "size": 1.0, "_time": 106.351563}, {"$id": 479, "sounds": [{"d": 0.10785675, "p": 74, "v": 70}], "pos": -0.5, "size": 1.0, "_time": 106.570313}, {"$id": 480, "sounds": [{"d": 0.207862854, "p": 77, "v": 84}], "pos": 2.0, "size": 1.0, "_time": 106.707031}, {"$id": 481, "sounds": [{"d": 0.108909607, "p": 79, "v": 84}], "pos": -1.5, "size": 1.0, "_time": 106.925781}, {"$id": 482, "sounds": [{"d": 0.521110535, "p": 81, "v": 106}], "pos": 1.0, "size": 1.0, "_time": 107.066406}, {"$id": 483, "sounds": [{"d": 0.06391907, "p": 57, "v": 70}, {"w": 0.00390625, "d": 0.049621582, "p": 64, "v": 69}, {"w": 0.00390625, "d": 0.0446853638, "p": 60, "v": 58}], "size": 1.50000012, "_time": 107.421875, "pos": 0}, {"$id": 484, "sounds": [{"d": 0.3473053, "p": 74, "v": 96}], "pos": 1.5, "size": 1.0, "_time": 107.640625}, {"$id": 485, "sounds": [{"d": 0.2653427, "p": 64, "v": 40}, {"d": 0.283081055, "p": 57, "v": 39}, {"w": 0.00390625, "d": 0.25, "p": 53, "v": 41}, {"w": 0.00390625, "d": 0.228515625, "p": 60, "v": 40}, {"w": 0.01171875, "d": 0.6101837, "p": 52, "v": 71}], "pos": -1.5, "size": 1.50000012, "_time": 107.789063}, {"$id": 486, "sounds": [{"d": 0.115119934, "p": 74, "v": 92}], "pos": -1.0, "size": 1.0, "_time": 108.011719}, {"$id": 487, "sounds": [{"d": 0.217216492, "p": 77, "v": 87}], "pos": 1.0, "size": 1.0, "_time": 108.152344}, {"$id": 488, "sounds": [{"d": 0.105987549, "p": 79, "v": 79}], "pos": -0.5, "size": 1.0, "_time": 108.367188}, {"$id": 489, "sounds": [{"d": 0.173957825, "p": 81, "v": 104}], "pos": 2.0, "size": 1.0, "_time": 108.507813}, {"$id": 490, "sounds": [{"d": 0.204795837, "p": 74, "v": 73}], "pos": -1.5, "size": 1.0, "_time": 108.730469}, {"$id": 491, "sounds": [{"d": 0.0255966187, "p": 80, "v": 101}, {"w": 0.03125, "d": 0.2672882, "p": 81, "v": 112}], "pos": 1.0, "size": 1.0, "_time": 108.839844}, {"$id": 492, "sounds": [{"d": 0.365646362, "p": 79, "v": 92}], "pos": -0.5, "size": 1.0, "_time": 109.089844}, {"$id": 493, "sounds": [{"d": 0.09064484, "p": 77, "v": 66}], "pos": 1.5, "size": 1.0, "_time": 109.449219}, {"$id": 494, "sounds": [{"d": 0.112342834, "p": 79, "v": 77}, {"w": 0.01171875, "d": 0.227165222, "p": 77, "v": 46}], "pos": 1.5, "size": 1.0, "_time": 109.574219}, {"$id": 495, "sounds": [{"d": 0.08824921, "p": 74, "v": 87}], "pos": 0.5, "size": 1.0, "_time": 109.808594}, {"$id": 496, "sounds": [{"d": 0.228599548, "p": 72, "v": 100}], "pos": -2.0, "size": 1.0, "_time": 109.941406}, {"$id": 497, "sounds": [{"d": 0.1682663, "p": 74, "v": 100}], "size": 1.0, "_time": 110.3125, "pos": 0}, {"$id": 498, "sounds": [{"d": 0.0660934448, "p": 53, "v": 61}, {"w": 0.0078125, "d": 0.06564331, "p": 57, "v": 66}, {"w": 0.01953125, "d": 0.0643692, "p": 60, "v": 41}, {"w": 0.02734375, "d": 1.51248932, "p": 55, "v": 72}], "pos": -1.0, "size": 1.50000012, "_time": 110.550781}, {"$id": 499, "sounds": [{"d": 0.204116821, "p": 67, "v": 108}], "pos": -1.0, "size": 1.0, "_time": 110.898438}, {"$id": 500, "sounds": [{"d": 0.139595032, "p": 65, "v": 93}], "pos": 1.0, "size": 1.0, "_time": 111.207031}, {"$id": 501, "sounds": [{"d": 0.17275238, "p": 64, "v": 95}], "pos": -1.0, "size": 1.0, "_time": 111.359375}, {"$id": 502, "sounds": [{"d": 0.148429871, "p": 64, "v": 32}], "pos": 1.5, "size": 1.0, "_time": 111.535156}, {"$id": 503, "sounds": [{"d": 0.20627594, "p": 62, "v": 100}], "pos": -1.5, "size": 1.0, "_time": 111.710938}, {"$id": 504, "sounds": [{"d": 0.160484314, "p": 67, "v": 94}], "pos": 1.0, "size": 1.0, "_time": 111.945313}, {"$id": 505, "sounds": [{"d": 0.3162384, "p": 63, "v": 84}], "pos": -1.0, "size": 1.0, "_time": 112.097656}, {"$id": 506, "sounds": [{"d": 0.0979766846, "p": 70, "v": 93}], "pos": 1.5, "size": 1.0, "_time": 112.457031}, {"$id": 507, "sounds": [{"d": 0.134651184, "p": 69, "v": 87}], "pos": 1.0, "size": 1.0, "_time": 112.546875}, {"$id": 508, "sounds": [{"d": 0.250228882, "p": 68, "v": 99}], "pos": 0.5, "size": 1.0, "_time": 112.65625}, {"$id": 509, "sounds": [{"d": 0.131362915, "p": 63, "v": 76}], "pos": -1.0, "size": 1.0, "_time": 112.804688}, {"$id": 510, "sounds": [{"d": 0.08982086, "p": 74, "v": 100}], "pos": 1.5, "size": 1.0, "_time": 112.992188}, {"$id": 511, "sounds": [{"d": 0.128372192, "p": 73, "v": 90}], "pos": 1.0, "size": 1.0, "_time": 113.082031}, {"$id": 512, "sounds": [{"d": 0.103668213, "p": 61, "v": 50}], "pos": -1.5, "size": 1.0, "_time": 113.171875}, {"$id": 513, "sounds": [{"d": 0.203292847, "p": 72, "v": 105}], "pos": 0.5, "size": 1.0, "_time": 113.175781}, {"$id": 514, "sounds": [{"d": 0.128440857, "p": 74, "v": 109}], "pos": 0.5, "size": 1.0, "_time": 113.402344}, {"$id": 515, "sounds": [{"d": 0.183601379, "p": 75, "v": 97}], "pos": 2.0, "size": 1.0, "_time": 113.53125}, {"$id": 516, "sounds": [{"d": 0.05052185, "p": 61, "v": 48}], "pos": -2.0, "size": 1.0, "_time": 113.539063}, {"$id": 517, "sounds": [{"d": 0.2548828, "p": 63, "v": 52}], "pos": -1.0, "size": 1.0, "_time": 113.753906}, {"$id": 518, "sounds": [{"d": 0.164230347, "p": 77, "v": 101}], "pos": 1.5, "size": 1.0, "_time": 113.757813}, {"$id": 519, "sounds": [{"d": 0.1690216, "p": 79, "v": 101}], "pos": 2.0, "size": 1.0, "_time": 113.898438}, {"$id": 520, "sounds": [{"d": 0.392593384, "p": 63, "v": 89}], "pos": -1.5, "size": 1.0, "_time": 114.109375}, {"$id": 521, "sounds": [{"d": 0.099105835, "p": 82, "v": 102}], "pos": 2.0, "size": 1.0, "_time": 114.457031}, {"$id": 522, "sounds": [{"d": 0.099105835, "p": 94, "v": 102}], "pos": -2.0, "size": 1.0, "_time": 114.457031}, {"$id": 523, "sounds": [{"d": 0.2322464, "p": 83, "v": 100}], "pos": 1.5, "size": 1.0, "_time": 114.5625}, {"$id": 524, "sounds": [{"d": 0.2322464, "p": 95, "v": 100}], "pos": -1.5, "size": 1.0, "_time": 114.5625}, {"$id": 525, "sounds": [{"d": 0.2312851, "p": 82, "v": 106}], "pos": 1.0, "size": 1.0, "_time": 114.816406}, {"$id": 526, "sounds": [{"d": 0.2312851, "p": 94, "v": 106}], "pos": -1.0, "size": 1.0, "_time": 114.816406}, {"$id": 527, "sounds": [{"d": 0.218864441, "p": 91, "v": 115}], "pos": -1.0, "size": 1.0, "_time": 115.203125}, {"$id": 528, "sounds": [{"d": 0.144165039, "p": 89, "v": 100}], "pos": 2.0, "size": 1.0, "_time": 115.472656}, {"$id": 529, "sounds": [{"d": 0.144165039, "p": 77, "v": 100}], "size": 1.0, "_time": 115.472656, "pos": 0}, {"$id": 530, "sounds": [{"d": 0.266548157, "p": 88, "v": 105}], "pos": 1.5, "size": 1.0, "_time": 115.632813}, {"$id": 531, "sounds": [{"d": 0.266548157, "p": 76, "v": 105}], "pos": -0.5, "size": 1.0, "_time": 115.632813}, {"$id": 532, "sounds": [{"d": 0.252471924, "p": 75, "v": 106}], "pos": -1.0, "size": 1.0, "_time": 115.917969}, {"$id": 533, "sounds": [{"d": 0.252471924, "p": 87, "v": 106}], "pos": 1.0, "size": 1.0, "_time": 115.917969}, {"$id": 534, "sounds": [{"d": 0.145805359, "p": 74, "v": 110}], "pos": -1.5, "size": 1.0, "_time": 116.171875}, {"$id": 535, "sounds": [{"d": 0.145805359, "p": 86, "v": 110}], "pos": 0.5, "size": 1.0, "_time": 116.171875}, {"$id": 536, "sounds": [{"d": 0.293937683, "p": 85, "v": 109}], "size": 1.0, "_time": 116.386719, "pos": 0}, {"$id": 537, "sounds": [{"d": 0.293937683, "p": 73, "v": 109}], "pos": -2.0, "size": 1.0, "_time": 116.386719}, {"$id": 538, "sounds": [{"d": 0.20501709, "p": 74, "v": 112}], "pos": -1.5, "size": 1.0, "_time": 116.65625}, {"$id": 539, "sounds": [{"d": 0.20501709, "p": 86, "v": 112}], "pos": 0.5, "size": 1.0, "_time": 116.65625}, {"$id": 540, "sounds": [{"d": 0.150741577, "p": 87, "v": 105}], "pos": 1.0, "size": 1.0, "_time": 116.914063}, {"$id": 541, "sounds": [{"d": 0.150741577, "p": 75, "v": 105}], "pos": -1.0, "size": 1.0, "_time": 116.914063}, {"$id": 542, "sounds": [{"d": 0.3253708, "p": 72, "v": 112}], "pos": -2.0, "size": 1.0, "_time": 117.136719}, {"$id": 543, "sounds": [{"d": 0.3253708, "p": 84, "v": 112}], "pos": 0.5, "size": 1.0, "_time": 117.136719}, {"$id": 544, "sounds": [{"d": 0.2269516, "p": 80, "v": 107}], "pos": 1.0, "size": 1.0, "_time": 117.4375}, {"$id": 545, "sounds": [{"d": 0.1940918, "p": 68, "v": 100}], "pos": -1.5, "size": 1.0, "_time": 117.4375}, {"$id": 546, "sounds": [{"d": 0.1654129, "p": 69, "v": 95}], "pos": -1.0, "size": 1.0, "_time": 117.726563}, {"$id": 547, "sounds": [{"d": 0.1654129, "p": 81, "v": 113}], "pos": 1.5, "size": 1.0, "_time": 117.726563}, {"$id": 548, "sounds": [{"d": 0.110176086, "p": 81, "v": 51}], "pos": 1.5, "size": 1.0, "_time": 118.042969}, {"$id": 549, "sounds": [{"d": 0.085105896, "p": 77, "v": 45}], "pos": 1.0, "size": 1.0, "_time": 118.128906}, {"$id": 550, "sounds": [{"d": 0.06616974, "p": 74, "v": 61}], "pos": 0.5, "size": 1.0, "_time": 118.214844}, {"$id": 551, "sounds": [{"d": 0.128967285, "p": 86, "v": 84}], "pos": -2.0, "size": 1.0, "_time": 118.382813}, {"$id": 552, "sounds": [{"d": 0.05254364, "p": 82, "v": 78}], "pos": 1.5, "size": 1.0, "_time": 118.464844}, {"$id": 553, "sounds": [{"d": 0.0578613281, "p": 81, "v": 41}], "pos": 1.0, "size": 1.0, "_time": 118.535156}, {"$id": 554, "sounds": [{"d": 0.06751251, "p": 77, "v": 71}], "pos": 0.5, "size": 1.0, "_time": 118.585938}, {"$id": 555, "sounds": [{"d": 0.0428161621, "p": 74, "v": 46}], "size": 1.0, "_time": 118.667969, "pos": 0}, {"$id": 556, "sounds": [{"d": 0.145431519, "p": 86, "v": 91}], "pos": -2.0, "size": 1.0, "_time": 118.777344}, {"$id": 557, "sounds": [{"d": 0.107406616, "p": 81, "v": 73}], "pos": 1.5, "size": 1.0, "_time": 118.902344}, {"$id": 558, "sounds": [{"d": 0.0487289429, "p": 77, "v": 50}], "pos": 1.0, "size": 1.0, "_time": 119.0}, {"$id": 559, "sounds": [{"d": 0.05067444, "p": 74, "v": 50}], "pos": 0.5, "size": 1.0, "_time": 119.070313}, {"$id": 560, "sounds": [{"d": 0.139442444, "p": 86, "v": 95}], "pos": -2.0, "size": 1.0, "_time": 119.195313}, {"$id": 561, "sounds": [{"d": 0.0990982056, "p": 81, "v": 74}], "pos": 1.5, "size": 1.0, "_time": 119.304688}, {"$id": 562, "sounds": [{"d": 0.0435638428, "p": 77, "v": 56}], "pos": 1.0, "size": 1.0, "_time": 119.398438}, {"$id": 563, "sounds": [{"d": 0.04386139, "p": 74, "v": 40}], "pos": 0.5, "size": 1.0, "_time": 119.492188}, {"$id": 564, "sounds": [{"d": 0.135475159, "p": 86, "v": 92}], "pos": -2.0, "size": 1.0, "_time": 119.574219}, {"$id": 565, "sounds": [{"d": 0.09378052, "p": 81, "v": 78}], "pos": 1.5, "size": 1.0, "_time": 119.683594}, {"$id": 566, "sounds": [{"d": 0.0522384644, "p": 77, "v": 43}], "pos": 1.0, "size": 1.0, "_time": 119.761719}, {"$id": 567, "sounds": [{"d": 0.0568847656, "p": 74, "v": 31}], "pos": 0.5, "size": 1.0, "_time": 119.855469}, {"$id": 568, "sounds": [{"d": 0.136306763, "p": 86, "v": 92}], "pos": -2.0, "size": 1.0, "_time": 119.941406}, {"$id": 569, "sounds": [{"d": 0.131362915, "p": 81, "v": 52}], "pos": 1.5, "size": 1.0, "_time": 120.050781}, {"$id": 570, "sounds": [{"d": 0.0868988, "p": 77, "v": 54}], "pos": 1.0, "size": 1.0, "_time": 120.144531}, {"$id": 571, "sounds": [{"d": 0.09955597, "p": 74, "v": 68}], "pos": 0.5, "size": 1.0, "_time": 120.222656}, {"$id": 572, "sounds": [{"d": 0.15965271, "p": 86, "v": 100}], "pos": -2.0, "size": 1.0, "_time": 120.324219}, {"$id": 573, "sounds": [{"d": 0.119163513, "p": 81, "v": 79}], "pos": 1.5, "size": 1.0, "_time": 120.4375}, {"$id": 574, "sounds": [{"d": 0.07776642, "p": 77, "v": 34}], "pos": 0.5, "size": 1.0, "_time": 120.539063}, {"$id": 575, "sounds": [{"d": 0.103736877, "p": 74, "v": 75}], "size": 1.0, "_time": 120.589844, "pos": 0}, {"$id": 576, "sounds": [{"d": 0.124328613, "p": 86, "v": 92}], "pos": -2.0, "size": 1.0, "_time": 120.753906}, {"$id": 577, "sounds": [{"d": 0.05291748, "p": 81, "v": 59}], "pos": 2.0, "size": 1.0, "_time": 120.882813}, {"$id": 578, "sounds": [{"d": 0.05089569, "p": 77, "v": 57}], "pos": 1.5, "size": 1.0, "_time": 120.953125}, {"$id": 579, "sounds": [{"d": 0.09304047, "p": 74, "v": 50}], "pos": 1.0, "size": 1.0, "_time": 121.035156}, {"$id": 580, "sounds": [{"d": 0.08907318, "p": 73, "v": 58}], "pos": 0.5, "size": 1.0, "_time": 121.160156}, {"$id": 581, "sounds": [{"d": 0.08263397, "p": 72, "v": 72}], "size": 1.0, "_time": 121.265625, "pos": 0}, {"$id": 582, "sounds": [{"d": 0.08614349, "p": 70, "v": 69}], "pos": -0.5, "size": 1.0, "_time": 121.378906}, {"$id": 583, "sounds": [{"d": 0.07814026, "p": 69, "v": 33}], "pos": -1.0, "size": 1.0, "_time": 121.476563}, {"$id": 584, "sounds": [{"d": 0.07814026, "p": 70, "v": 41}], "pos": -1.5, "size": 1.0, "_time": 121.566406}, {"$id": 585, "sounds": [{"d": 0.08518219, "p": 65, "v": 51}], "pos": -2.0, "size": 1.0, "_time": 121.664063}, {"$id": 586, "sounds": [{"d": 0.105239868, "p": 67, "v": 63}], "pos": -2.0, "size": 1.0, "_time": 121.75}, {"$id": 587, "sounds": [{"d": 0.0521698, "p": 69, "v": 50}], "pos": -1.5, "size": 1.0, "_time": 121.839844}, {"$id": 588, "sounds": [{"d": 0.04296875, "p": 70, "v": 67}], "pos": -1.0, "size": 1.0, "_time": 121.894531}, {"$id": 589, "sounds": [{"d": 0.110473633, "p": 72, "v": 89}], "pos": -0.5, "size": 1.0, "_time": 121.988281}, {"$id": 590, "sounds": [{"d": 0.104644775, "p": 74, "v": 80}], "size": 1.0, "_time": 122.097656, "pos": 0}, {"$id": 591, "sounds": [{"d": 0.0605545044, "p": 75, "v": 78}], "pos": 0.5, "size": 1.0, "_time": 122.175781}, {"$id": 592, "sounds": [{"d": 0.1043396, "p": 77, "v": 81}], "pos": 1.0, "size": 1.0, "_time": 122.285156}, {"$id": 593, "sounds": [{"d": 0.100227356, "p": 79, "v": 73}], "pos": 1.5, "size": 1.0, "_time": 122.378906}, {"$id": 594, "sounds": [{"d": 0.09617615, "p": 82, "v": 84}], "pos": 2.0, "size": 1.0, "_time": 122.476563}, {"$id": 595, "sounds": [{"d": 0.0644454956, "p": 80, "v": 77}], "pos": 1.5, "size": 1.0, "_time": 122.542969}, {"$id": 596, "sounds": [{"d": 0.107185364, "p": 81, "v": 87}], "pos": 2.0, "size": 1.0, "_time": 122.640625}, {"$id": 597, "sounds": [{"d": 0.116088867, "p": 82, "v": 88}], "pos": 1.5, "size": 1.0, "_time": 122.742188}, {"$id": 598, "sounds": [{"d": 0.08465576, "p": 86, "v": 91}], "pos": 0.5, "size": 1.0, "_time": 122.859375}, {"$id": 599, "sounds": [{"d": 0.0342102051, "p": 82, "v": 64}], "size": 1.0, "_time": 122.9375, "pos": 0}, {"$id": 600, "sounds": [{"d": 0.125305176, "p": 93, "v": 59}, {"d": 0.0463409424, "p": 85, "v": 80}], "pos": -1.0, "size": 1.0, "_time": 123.03125}, {"$id": 601, "sounds": [{"d": 0.17792511, "p": 86, "v": 83}], "pos": 0.5, "size": 1.0, "_time": 123.070313}, {"$id": 602, "sounds": [{"d": 0.159500122, "p": 89, "v": 106}], "pos": 2.0, "size": 1.0, "_time": 123.59375}, {"$id": 603, "sounds": [{"d": 0.104629517, "p": 77, "v": 69}], "pos": -2.0, "size": 1.0, "_time": 123.742188}, {"$id": 604, "sounds": [{"d": 0.089515686, "p": 89, "v": 62}], "pos": 2.0, "size": 1.0, "_time": 123.820313}, {"$id": 605, "sounds": [{"d": 0.100898743, "p": 77, "v": 61}], "pos": -2.0, "size": 1.0, "_time": 123.925781}, {"$id": 606, "sounds": [{"d": 0.0922851563, "p": 89, "v": 63}], "pos": 2.0, "size": 1.0, "_time": 124.011719}, {"$id": 607, "sounds": [{"d": 0.09894562, "p": 77, "v": 63}], "pos": -2.0, "size": 1.0, "_time": 124.097656}, {"$id": 608, "sounds": [{"d": 0.09326172, "p": 89, "v": 79}], "pos": 2.0, "size": 1.0, "_time": 124.179688}, {"$id": 609, "sounds": [{"d": 0.09528351, "p": 77, "v": 63}], "pos": -2.0, "size": 1.0, "_time": 124.265625}, {"$id": 610, "sounds": [{"d": 0.0928192139, "p": 89, "v": 86}], "pos": 2.0, "size": 1.0, "_time": 124.347656}, {"$id": 611, "sounds": [{"d": 0.105018616, "p": 77, "v": 64}], "pos": -2.0, "size": 1.0, "_time": 124.421875}, {"$id": 612, "sounds": [{"d": 0.09602356, "p": 89, "v": 89}], "pos": 2.0, "size": 1.0, "_time": 124.492188}, {"$id": 613, "sounds": [{"d": 0.0480499268, "p": 77, "v": 58}], "pos": -2.0, "size": 1.0, "_time": 124.578125}, {"$id": 614, "sounds": [{"d": 0.08540344, "p": 89, "v": 94}], "pos": 2.0, "size": 1.0, "_time": 124.632813}, {"$id": 615, "sounds": [{"d": 0.07776642, "p": 77, "v": 45}], "pos": -2.0, "size": 1.0, "_time": 124.71875}, {"$id": 616, "sounds": [{"d": 0.08794403, "p": 89, "v": 97}], "pos": 2.0, "size": 1.0, "_time": 124.785156}, {"$id": 617, "sounds": [{"d": 0.0594329834, "p": 77, "v": 48}], "pos": -2.0, "size": 1.0, "_time": 124.882813}, {"$id": 618, "sounds": [{"d": 0.115272522, "p": 87, "v": 98}], "pos": 2.0, "size": 1.0, "_time": 125.246094}, {"$id": 619, "sounds": [{"d": 0.0896759, "p": 83, "v": 89}], "pos": -0.5, "size": 1.0, "_time": 125.246094}, {"$id": 620, "sounds": [{"d": 0.1946106, "p": 84, "v": 92}], "pos": 1.5, "size": 1.0, "_time": 125.394531}, {"$id": 621, "sounds": [{"d": 0.1946106, "p": 82, "v": 84}], "pos": -1.0, "size": 1.0, "_time": 125.394531}, {"$id": 622, "sounds": [{"d": 0.08959961, "p": 80, "v": 86}], "pos": 1.0, "size": 1.0, "_time": 125.601563}, {"$id": 623, "sounds": [{"d": 0.137428284, "p": 83, "v": 95}], "pos": -1.5, "size": 1.0, "_time": 125.601563}, {"$id": 624, "sounds": [{"d": 0.1043396, "p": 80, "v": 92}], "pos": 0.5, "size": 1.0, "_time": 125.75}, {"$id": 625, "sounds": [{"d": 0.1043396, "p": 77, "v": 84}], "pos": -2.0, "size": 1.0, "_time": 125.75}, {"$id": 626, "sounds": [{"d": 0.07552338, "p": 81, "v": 105}], "pos": -1.5, "size": 1.0, "_time": 126.113281}, {"$id": 627, "sounds": [{"d": 0.0747756958, "p": 93, "v": 100}], "pos": 1.0, "size": 1.0, "_time": 126.113281}, {"$id": 628, "sounds": [{"d": 0.194984436, "p": 92, "v": 103}], "size": 1.0, "_time": 126.316406, "pos": 0}, {"$id": 629, "sounds": [{"d": 0.181144714, "p": 80, "v": 102}], "pos": -2.0, "size": 1.0, "_time": 126.316406}, {"$id": 630, "sounds": [{"d": 0.0895233154, "p": 92, "v": 62}], "pos": 1.0, "size": 1.0, "_time": 126.558594}, {"$id": 631, "sounds": [{"d": 0.100898743, "p": 80, "v": 61}], "pos": -1.0, "size": 1.0, "_time": 126.660156}, {"$id": 632, "sounds": [{"d": 0.0922927856, "p": 92, "v": 63}], "pos": 1.0, "size": 1.0, "_time": 126.75}, {"$id": 633, "sounds": [{"d": 0.09902191, "p": 80, "v": 63}], "pos": -1.0, "size": 1.0, "_time": 126.835938}, {"$id": 634, "sounds": [{"d": 0.09326172, "p": 92, "v": 79}], "pos": 1.0, "size": 1.0, "_time": 126.917969}, {"$id": 635, "sounds": [{"d": 0.0953598, "p": 80, "v": 63}], "pos": -1.0, "size": 1.0, "_time": 127.003906}, {"$id": 636, "sounds": [{"d": 0.09274292, "p": 92, "v": 86}], "pos": 1.0, "size": 1.0, "_time": 127.082031}, {"$id": 637, "sounds": [{"d": 0.105010986, "p": 80, "v": 64}], "pos": -1.0, "size": 1.0, "_time": 127.160156}, {"$id": 638, "sounds": [{"d": 0.09603119, "p": 92, "v": 89}], "pos": 1.0, "size": 1.0, "_time": 127.226563}, {"$id": 639, "sounds": [{"d": 0.04812622, "p": 80, "v": 58}], "pos": -1.0, "size": 1.0, "_time": 127.3125}, {"$id": 640, "sounds": [{"d": 0.08532715, "p": 92, "v": 94}], "pos": 1.0, "size": 1.0, "_time": 127.371094}, {"$id": 641, "sounds": [{"d": 0.07776642, "p": 80, "v": 45}], "pos": -1.0, "size": 1.0, "_time": 127.457031}, {"$id": 642, "sounds": [{"d": 0.08794403, "p": 92, "v": 97}], "pos": 1.0, "size": 1.0, "_time": 127.519531}, {"$id": 643, "sounds": [{"d": 0.111312866, "p": 56, "v": 66}, {"w": 0.00390625, "d": 0.07209015, "p": 64, "v": 76}, {"w": 0.0078125, "d": 0.115127563, "p": 45, "v": 74}, {"w": 0.00390625, "d": 0.106002808, "p": 62, "v": 70}], "pos": -1.0, "size": 1.0, "_time": 127.722656}, {"$id": 644, "sounds": [{"d": 0.156448364, "p": 81, "v": 94}, {"w": 0.01171875, "d": 0.147384644, "p": 93, "v": 106}], "pos": 1.0, "size": 1.0, "_time": 127.730469}, {"$id": 645, "sounds": [{"d": 0.178451538, "p": 45, "v": 103}, {"d": 0.2053833, "p": 55, "v": 100}], "pos": -2.0, "size": 1.0, "_time": 129.339844}, {"$id": 646, "sounds": [{"d": 0.195358276, "p": 90, "v": 103}, {"w": 0.00390625, "d": 0.195358276, "p": 78, "v": 103}], "pos": 2.0, "size": 1.0, "_time": 129.339844}, {"$id": 647, "sounds": [{"d": 0.125839233, "p": 90, "v": 103}, {"d": 0.125839233, "p": 78, "v": 103}], "pos": 1.5, "size": 1.0, "_time": 129.5625}, {"$id": 648, "sounds": [{"d": 0.114822388, "p": 55, "v": 100}, {"d": 0.108917236, "p": 45, "v": 103}], "pos": -1.5, "size": 1.0, "_time": 129.582031}, {"$id": 649, "sounds": [{"d": 0.13848877, "p": 45, "v": 103}, {"d": 0.1381073, "p": 55, "v": 100}], "pos": -1.5, "size": 1.0, "_time": 129.921875}, {"$id": 650, "sounds": [{"d": 0.129043579, "p": 90, "v": 103}, {"d": 0.129043579, "p": 78, "v": 103}], "pos": 1.5, "size": 1.0, "_time": 129.929688}, {"$id": 651, "sounds": [{"d": 0.2256012, "p": 91, "v": 101}, {"w": 0.00390625, "d": 0.2255249, "p": 79, "v": 101}], "pos": 2.0, "size": 1.0, "_time": 130.0586}, {"$id": 652, "sounds": [{"d": 0.165267944, "p": 56, "v": 104}, {"w": 0.00390625, "d": 0.1945343, "p": 46, "v": 102}], "pos": -2.0, "size": 1.0, "_time": 130.0625}, {"$id": 653, "sounds": [{"d": 0.158309937, "p": 91, "v": 101}, {"w": 0.00390625, "d": 0.158309937, "p": 79, "v": 101}], "pos": 2.0, "size": 1.0, "_time": 130.3125}, {"$id": 654, "sounds": [{"d": 0.16519165, "p": 46, "v": 102}, {"d": 0.1695404, "p": 56, "v": 104}], "pos": -2.0, "size": 1.0, "_time": 130.3164}, {"$id": 655, "sounds": [{"d": 0.127761841, "p": 91, "v": 101}, {"w": 0.00390625, "d": 0.127761841, "p": 79, "v": 101}], "pos": 1.5, "size": 1.0, "_time": 130.648438}, {"$id": 656, "sounds": [{"d": 0.126342773, "p": 46, "v": 102}, {"d": 0.126571655, "p": 56, "v": 104}], "pos": -1.5, "size": 1.0, "_time": 130.652344}, {"$id": 657, "sounds": [{"d": 0.441253662, "p": 57, "v": 104}, {"d": 0.43182373, "p": 47, "v": 96}], "pos": -2.0, "size": 1.0, "_time": 130.785156}, {"$id": 658, "sounds": [{"d": 0.45765686, "p": 92, "v": 106}, {"d": 0.438339233, "p": 80, "v": 103}], "pos": 2.0, "size": 1.0, "_time": 130.785156}, {"$id": 659, "sounds": [{"d": 0.0930480957, "p": 58, "v": 99}, {"d": 0.0854187, "p": 48, "v": 92}], "pos": -2.0, "size": 1.0, "_time": 131.3164}, {"$id": 660, "sounds": [{"d": 0.0934295654, "p": 93, "v": 114}, {"d": 0.08338928, "p": 81, "v": 103}], "pos": 2.0, "size": 1.0, "_time": 131.320313}, {"$id": 661, "sounds": [{"d": 0.531890869, "p": 36, "v": 78}], "pos": -2.0, "size": 1.0, "_time": 134.210938}, {"$id": 662, "sounds": [{"d": 0.5279999, "p": 47, "v": 76}], "pos": 0.5, "size": 1.0, "_time": 134.359375}, {"$id": 663, "sounds": [{"d": 0.5309143, "p": 63, "v": 58}], "pos": 1.0, "size": 1.0, "_time": 134.40625}, {"$id": 664, "sounds": [{"d": 0.3549347, "p": 69, "v": 70}], "pos": 1.5, "size": 1.0, "_time": 134.460938}, {"$id": 665, "sounds": [{"d": 0.4429779, "p": 74, "v": 81}], "pos": 2.0, "size": 1.0, "_time": 134.519531}], "links": [{"notes": [{"$ref": 277}, {"$ref": 278}, {"$ref": 279}, {"$ref": 280}, {"$ref": 281}, {"$ref": 282}, {"$ref": 283}]}, {"notes": [{"$ref": 262}, {"$ref": 263}, {"$ref": 264}, {"$ref": 265}, {"$ref": 266}, {"$ref": 267}, {"$ref": 268}, {"$ref": 269}, {"$ref": 270}]}, {"notes": [{"$ref": 284}, {"$ref": 285}, {"$ref": 286}, {"$ref": 287}, {"$ref": 288}]}, {"notes": [{"$ref": 506}, {"$ref": 507}, {"$ref": 508}]}, {"notes": [{"$ref": 510}, {"$ref": 511}, {"$ref": 513}]}, {"notes": [{"$ref": 577}, {"$ref": 578}, {"$ref": 579}, {"$ref": 580}, {"$ref": 581}, {"$ref": 582}, {"$ref": 583}, {"$ref": 584}, {"$ref": 585}, {"$ref": 586}, {"$ref": 587}, {"$ref": 588}, {"$ref": 589}, {"$ref": 590}, {"$ref": 591}, {"$ref": 592}, {"$ref": 593}, {"$ref": 594}, {"$ref": 595}, {"$ref": 596}, {"$ref": 597}]}, {"notes": [{"$ref": 548}, {"$ref": 549}, {"$ref": 550}]}, {"notes": [{"$ref": 552}, {"$ref": 553}, {"$ref": 554}, {"$ref": 555}]}, {"notes": [{"$ref": 557}, {"$ref": 558}, {"$ref": 559}]}, {"notes": [{"$ref": 561}, {"$ref": 562}, {"$ref": 563}]}, {"notes": [{"$ref": 565}, {"$ref": 566}, {"$ref": 567}]}, {"notes": [{"$ref": 569}, {"$ref": 570}, {"$ref": 571}]}, {"notes": [{"$ref": 573}, {"$ref": 574}, {"$ref": 575}]}, {"notes": [{"$ref": 387}, {"$ref": 388}, {"$ref": 389}, {"$ref": 390}, {"$ref": 391}, {"$ref": 392}, {"$ref": 393}]}, {"notes": [{"$ref": 448}, {"$ref": 449}, {"$ref": 450}, {"$ref": 451}, {"$ref": 452}]}, {"notes": [{"$ref": 458}, {"$ref": 459}]}, {"notes": [{"$ref": 662}, {"$ref": 663}, {"$ref": 664}, {"$ref": 665}]}, {"notes": [{"$ref": 598}, {"$ref": 599}, {"$ref": 600}, {"$ref": 601}]}, {"notes": [{"$ref": 271}, {"$ref": 272}, {"$ref": 273}, {"$ref": 274}, {"$ref": 275}, {"$ref": 276}]}]}