{"speed": 10.0, "notes": [{"$id": 1, "sounds": [{"d": 0.3990736, "p": 76, "v": 75}], "pos": -0.5, "size": 1.0, "_time": 3.5546875}, {"$id": 2, "sounds": [{"d": 0.369444132, "p": 78, "v": 82}], "pos": 1.5, "size": 1.0, "_time": 4.0}, {"$id": 3, "sounds": [{"d": 0.460185051, "p": 71, "v": 77}], "pos": -1.5, "size": 1.0, "_time": 4.4453125}, {"$id": 4, "sounds": [{"d": 0.09907389, "p": 74, "v": 78}], "pos": -0.5, "size": 1.0, "_time": 4.890625}, {"$id": 5, "sounds": [{"d": 0.104629517, "p": 72, "v": 59}, {"d": 0.167592525, "p": 67, "v": 48}], "pos": 0.5, "size": 1.0, "_time": 5.28515625}, {"$id": 6, "sounds": [{"d": 1.81944275, "p": 76, "v": 85}], "pos": 1.5, "size": 1.0, "_time": 5.33203125}, {"$id": 7, "sounds": [{"d": 0.4370365, "p": 64, "v": 65}], "pos": -1.5, "size": 1.0, "_time": 7.109375}, {"$id": 8, "sounds": [{"d": 0.2916665, "p": 78, "v": 75}], "pos": -0.5, "size": 1.0, "_time": 7.5546875}, {"$id": 9, "sounds": [{"d": 0.111110687, "p": 79, "v": 90}], "pos": 0.5, "size": 1.0, "_time": 8.0}, {"$id": 10, "sounds": [{"d": 0.496295929, "p": 81, "v": 82}], "pos": 1.5, "size": 1.0, "_time": 8.4453125}, {"$id": 11, "sounds": [{"d": 2.39814568, "p": 78, "v": 92}], "pos": -0.5, "size": 1.0, "_time": 8.890625}, {"$id": 12, "sounds": [{"d": 0.472221375, "p": 67, "v": 38}], "pos": -1.5, "size": 1.0, "_time": 10.6679688}, {"$id": 13, "sounds": [{"d": 0.4444437, "p": 79, "v": 82}], "pos": 1.5, "size": 1.0, "_time": 11.109375}, {"$id": 14, "sounds": [{"d": 0.396295547, "p": 78, "v": 77}], "pos": 0.5, "size": 1.0, "_time": 11.5546875}, {"$id": 15, "sounds": [{"d": 0.439814568, "p": 74, "v": 75}], "pos": -0.5, "size": 1.0, "_time": 12.0}, {"$id": 16, "sounds": [{"d": 2.30555248, "p": 76, "v": 86}], "pos": 0.5, "size": 1.0, "_time": 12.4453125}, {"$id": 17, "sounds": [{"d": 0.690739632, "p": 67, "v": 69}], "pos": -0.5, "size": 1.0, "_time": 13.7773438}, {"$id": 18, "sounds": [{"d": 0.816665649, "p": 66, "v": 66}], "pos": -1.5, "size": 1.0, "_time": 14.2226563}, {"$id": 19, "sounds": [{"d": 0.418518066, "p": 74, "v": 82}], "pos": 0.5, "size": 1.0, "_time": 14.6679688}, {"$id": 20, "sounds": [{"d": 0.43888855, "p": 76, "v": 90}], "pos": 1.5, "size": 1.0, "_time": 15.109375}, {"$id": 21, "sounds": [{"d": 0.474999428, "p": 69, "v": 77}], "pos": -0.5, "size": 1.0, "_time": 15.5546875}, {"$id": 22, "sounds": [{"d": 1.13148117, "p": 71, "v": 93}], "pos": 0.5, "size": 1.0, "_time": 16.0}, {"$id": 23, "sounds": [{"d": 0.3037033, "p": 67, "v": 75}], "pos": -1.5, "size": 1.30000007, "_time": 17.5546875}, {"$id": 24, "sounds": [{"d": 0.21203804, "p": 76, "v": 100}], "pos": 0.5, "size": 1.0, "_time": 17.7773438}, {"$id": 25, "sounds": [{"d": 0.07592583, "p": 78, "v": 107}], "pos": 1.5, "size": 1.0, "_time": 18.2226563}, {"$id": 26, "sounds": [{"d": 0.08148193, "p": 71, "v": 112}], "pos": -1.5, "size": 1.0, "_time": 18.6679688}, {"$id": 27, "sounds": [{"d": 0.05463028, "p": 74, "v": 109}], "pos": -0.5, "size": 1.0, "_time": 19.109375}, {"$id": 28, "sounds": [{"d": 0.371295929, "p": 67, "v": 74}, {"w": 0.03125, "d": 0.365739822, "p": 72, "v": 95}], "pos": 0.5, "size": 1.0, "_time": 19.5039063}, {"$id": 29, "sounds": [{"d": 0.686109543, "p": 76, "v": 98}], "pos": 1.5, "size": 1.0, "_time": 19.5546875}, {"$id": 30, "sounds": [{"d": 0.06111145, "p": 64, "v": 68}], "pos": -0.5, "size": 1.30000007, "_time": 20.4453125}, {"$id": 31, "sounds": [{"d": 0.0564823151, "p": 66, "v": 43}], "pos": 0.5, "size": 1.30000007, "_time": 20.6679688}, {"$id": 32, "sounds": [{"d": 0.0453701019, "p": 60, "v": 78}], "pos": -0.5, "size": 1.30000007, "_time": 20.890625}, {"$id": 33, "sounds": [{"d": 0.08703613, "p": 69, "v": 70}], "pos": 1.5, "size": 1.30000007, "_time": 21.109375}, {"$id": 34, "sounds": [{"d": 0.3916664, "p": 71, "v": 100}], "pos": -1.5, "size": 1.0, "_time": 21.3320313}, {"$id": 35, "sounds": [{"d": 0.114814758, "p": 78, "v": 113}], "pos": -0.5, "size": 1.0, "_time": 21.7773438}, {"$id": 36, "sounds": [{"d": 0.100925446, "p": 79, "v": 106}], "pos": 0.5, "size": 1.0, "_time": 22.2226563}, {"$id": 37, "sounds": [{"d": 0.09351921, "p": 81, "v": 104}], "pos": 1.5, "size": 1.0, "_time": 22.6679688}, {"$id": 38, "sounds": [{"d": 0.4259243, "p": 71, "v": 95}], "pos": -0.5, "size": 1.0, "_time": 23.0703125}, {"$id": 39, "sounds": [{"d": 0.53518486, "p": 78, "v": 109}], "pos": 0.5, "size": 1.0, "_time": 23.109375}, {"$id": 40, "sounds": [{"d": 0.270370483, "p": 74, "v": 81}, {"w": 0.0078125, "d": 0.327777863, "p": 79, "v": 112}], "pos": 1.5, "size": 1.0, "_time": 23.7695313}, {"$id": 41, "sounds": [{"d": 0.2611103, "p": 71, "v": 98}], "pos": -0.5, "size": 1.30000007, "_time": 23.7773438}, {"$id": 42, "sounds": [{"d": 0.0537033081, "p": 64, "v": 77}], "pos": -1.5, "size": 1.30000007, "_time": 24.2226563}, {"$id": 43, "sounds": [{"d": 0.677776337, "p": 64, "v": 95}], "pos": -1.5, "size": 1.30000007, "_time": 24.4453125}, {"$id": 44, "sounds": [{"d": 0.688886642, "p": 71, "v": 110}], "pos": 0.5, "size": 1.0, "_time": 24.4453125}, {"$id": 45, "sounds": [{"d": 0.191667557, "p": 78, "v": 107}], "pos": 0.5, "size": 1.0, "_time": 25.3320313}, {"$id": 46, "sounds": [{"d": 0.432407379, "p": 74, "v": 109}], "pos": -0.5, "size": 1.0, "_time": 25.7773438}, {"$id": 47, "sounds": [{"d": 0.240739822, "p": 76, "v": 100}], "pos": 1.5, "size": 1.0, "_time": 26.2226563}, {"$id": 48, "sounds": [{"d": 0.362035751, "p": 69, "v": 102}], "pos": 0.5, "size": 1.0, "_time": 26.6679688}, {"$id": 49, "sounds": [{"d": 0.410182953, "p": 64, "v": 98}], "pos": -1.5, "size": 1.30000007, "_time": 26.6679688}, {"$id": 50, "sounds": [{"d": 0.312961578, "p": 60, "v": 93}], "pos": -1.5, "size": 1.30000007, "_time": 27.3320313}, {"$id": 51, "sounds": [{"d": 0.4064808, "p": 64, "v": 100}], "pos": -0.5, "size": 1.30000007, "_time": 27.5546875}, {"$id": 52, "sounds": [{"d": 0.353702545, "p": 60, "v": 100}], "pos": -1.5, "size": 1.30000007, "_time": 28.0}, {"$id": 53, "sounds": [{"d": 0.368516922, "p": 67, "v": 95}], "pos": 0.5, "size": 1.0, "_time": 28.0}, {"$id": 54, "sounds": [{"d": 0.238887787, "p": 60, "v": 109}], "pos": -1.5, "size": 1.30000007, "_time": 28.4453125}, {"$id": 55, "sounds": [{"d": 0.310184479, "p": 69, "v": 102}], "pos": 1.5, "size": 1.0, "_time": 28.4453125}, {"$id": 56, "sounds": [{"d": 0.08703613, "p": 60, "v": 76}], "pos": -0.5, "size": 1.30000007, "_time": 28.890625}, {"$id": 57, "sounds": [{"d": 0.5564804, "p": 74, "v": 106}, {"d": 0.507406235, "p": 69, "v": 112}], "pos": 1.5, "size": 1.0, "_time": 29.109375}, {"$id": 58, "sounds": [{"d": 0.359258652, "p": 62, "v": 102}], "pos": -1.5, "size": 1.30000007, "_time": 30.2226563}, {"$id": 59, "sounds": [{"d": 0.3916664, "p": 71, "v": 100}, {"d": 0.337036133, "p": 66, "v": 100}], "pos": 0.5, "size": 1.0, "_time": 30.2226563}, {"$id": 60, "sounds": [{"d": 0.120370865, "p": 62, "v": 112}], "pos": -2.0, "size": 1.0, "_time": 31.7773438}, {"$id": 61, "sounds": [{"d": 0.232406616, "p": 64, "v": 104}], "pos": -1.0, "size": 1.0, "_time": 32.0}, {"$id": 62, "sounds": [{"d": 0.125, "p": 66, "v": 84}], "size": 1.0, "_time": 32.2226563, "pos": 0}, {"$id": 63, "sounds": [{"d": 0.0935173, "p": 67, "v": 102}], "pos": 1.0, "size": 1.0, "_time": 32.4453125}, {"$id": 64, "sounds": [{"d": 0.0851860046, "p": 64, "v": 80}], "pos": -2.0, "size": 1.0, "_time": 32.66797}, {"$id": 65, "sounds": [{"d": 0.0879631042, "p": 69, "v": 95}], "pos": 2.0, "size": 1.0, "_time": 32.66797}, {"$id": 66, "sounds": [{"d": 0.06666565, "p": 71, "v": 104}], "pos": -1.0, "size": 1.0, "_time": 32.890625}, {"$id": 67, "sounds": [{"d": 0.07407379, "p": 66, "v": 77}], "pos": -2.0, "size": 1.0, "_time": 33.109375}, {"$id": 68, "sounds": [{"d": 0.145370483, "p": 74, "v": 100}], "size": 1.0, "_time": 33.109375, "pos": 0}, {"$id": 69, "sounds": [{"d": 0.148147583, "p": 76, "v": 102}], "pos": 1.0, "size": 1.0, "_time": 33.33203}, {"$id": 70, "sounds": [{"d": 0.529628754, "p": 71, "v": 75}], "pos": -1.0, "size": 1.0, "_time": 33.33203}, {"$id": 71, "sounds": [{"d": 0.138889313, "p": 79, "v": 107}], "pos": 2.0, "size": 1.0, "_time": 33.5546875}, {"$id": 72, "sounds": [{"d": 1.19166565, "p": 95, "v": 98}], "pos": 1.0, "size": 1.0, "_time": 33.7773438}, {"$id": 73, "sounds": [{"d": 1.19166565, "p": 83, "v": 108}], "pos": -1.0, "size": 1.0, "_time": 33.7773438}, {"$id": 74, "sounds": [{"d": 1.61296082, "p": 93, "v": 104}], "pos": 1.5, "size": 1.0, "_time": 35.5546875}, {"$id": 75, "sounds": [{"d": 1.61296082, "p": 81, "v": 109}], "pos": -0.5, "size": 1.0, "_time": 35.5546875}, {"$id": 76, "sounds": [{"d": 0.430553436, "p": 78, "v": 69}], "pos": -1.5, "size": 1.0, "_time": 36.4453125}, {"$id": 77, "sounds": [{"d": 1.13981247, "p": 90, "v": 100}], "pos": 1.5, "size": 1.0, "_time": 37.33203}, {"$id": 78, "sounds": [{"d": 1.13981247, "p": 78, "v": 107}], "pos": -0.5, "size": 1.0, "_time": 37.33203}, {"$id": 79, "sounds": [{"d": 0.329628, "p": 71, "v": 102}], "pos": 0.5, "size": 1.0, "_time": 39.078125}, {"$id": 80, "sounds": [{"d": 0.319442749, "p": 79, "v": 108}], "pos": 1.5, "size": 1.0, "_time": 39.109375}, {"$id": 81, "sounds": [{"d": 0.251850128, "p": 78, "v": 122}], "pos": 0.5, "size": 1.0, "_time": 39.5546875}, {"$id": 82, "sounds": [{"d": 0.124073029, "p": 74, "v": 121}], "pos": -0.5, "size": 1.0, "_time": 40.0}, {"$id": 83, "sounds": [{"d": 0.06111145, "p": 76, "v": 127}], "pos": 0.5, "size": 1.0, "_time": 40.4453125}, {"$id": 84, "sounds": [{"d": 0.577777863, "p": 64, "v": 102}], "pos": -0.5, "size": 1.0, "_time": 40.85547}, {"$id": 85, "sounds": [{"d": 1.60832977, "p": 69, "v": 106}, {"d": 0.462036133, "p": 60, "v": 99}], "pos": -1.5, "size": 1.0, "_time": 40.890625}, {"$id": 86, "sounds": [{"d": 0.3185196, "p": 64, "v": 106}], "pos": -1.5, "size": 1.30000007, "_time": 42.66797}, {"$id": 87, "sounds": [{"d": 0.350925446, "p": 66, "v": 113}], "pos": 0.5, "size": 1.0, "_time": 42.66797}, {"$id": 88, "sounds": [{"d": 0.257408142, "p": 74, "v": 102}], "pos": 1.5, "size": 1.0, "_time": 43.5546875}, {"$id": 89, "sounds": [{"d": 0.274074554, "p": 66, "v": 116}, {"d": 0.06018448, "p": 64, "v": 77}], "pos": -0.5, "size": 1.30000007, "_time": 43.5546875}, {"$id": 90, "sounds": [{"d": 0.8555565, "p": 62, "v": 109}], "pos": -1.5, "size": 1.30000007, "_time": 44.4453125}, {"$id": 91, "sounds": [{"d": 0.9324074, "p": 69, "v": 118}], "pos": 1.5, "size": 1.0, "_time": 44.4453125}, {"$id": 92, "sounds": [{"d": 0.0333328247, "p": 64, "v": 86}], "pos": 0.5, "size": 1.0, "_time": 45.5546875}, {"$id": 93, "sounds": [{"d": 0.06481552, "p": 59, "v": 90}], "pos": -1.5, "size": 1.30000007, "_time": 45.5546875}, {"$id": 94, "sounds": [{"d": 0.05555725, "p": 59, "v": 98}], "pos": -1.5, "size": 1.30000007, "_time": 45.7773438}, {"$id": 95, "sounds": [{"d": 0.06111145, "p": 66, "v": 107}], "pos": 1.5, "size": 1.0, "_time": 45.7773438}, {"$id": 96, "sounds": [{"d": 0.192592621, "p": 67, "v": 104}], "pos": 0.5, "size": 1.0, "_time": 46.2226563}, {"$id": 97, "sounds": [{"d": 0.177776337, "p": 69, "v": 109}], "pos": 0.5, "size": 1.0, "_time": 47.109375}, {"$id": 98, "sounds": [{"d": 0.128704071, "p": 66, "v": 107}], "pos": -1.5, "size": 1.30000007, "_time": 47.109375}, {"$id": 99, "sounds": [{"d": 0.187038422, "p": 86, "v": 104}], "pos": 1.5, "size": 1.0, "_time": 47.5546875}, {"$id": 100, "sounds": [{"d": 1.50185013, "p": 76, "v": 115}], "pos": -0.5, "size": 1.0, "_time": 48.0}, {"$id": 101, "sounds": [{"d": 1.65370178, "p": 88, "v": 109}], "pos": 1.5, "size": 1.0, "_time": 48.0}, {"$id": 102, "sounds": [{"d": 0.162963867, "p": 64, "v": 86}], "pos": -1.5, "size": 1.0, "_time": 49.7773438}, {"$id": 103, "sounds": [{"d": 0.07500076, "p": 90, "v": 115}], "pos": 1.5, "size": 1.0, "_time": 50.2226563}, {"$id": 104, "sounds": [{"d": 0.08425903, "p": 86, "v": 102}], "pos": 0.5, "size": 1.0, "_time": 50.66797}, {"$id": 105, "sounds": [{"d": 0.042591095, "p": 76, "v": 94}], "pos": -0.5, "size": 1.0, "_time": 51.109375}, {"$id": 106, "sounds": [{"d": 0.0564804077, "p": 88, "v": 104}], "pos": 1.5, "size": 1.0, "_time": 51.109375}, {"$id": 107, "sounds": [{"d": 0.5064812, "p": 71, "v": 124}], "pos": -1.5, "size": 1.0, "_time": 51.5546875}, {"$id": 108, "sounds": [{"d": 0.546295166, "p": 83, "v": 115}], "pos": 0.5, "size": 1.0, "_time": 51.5546875}, {"$id": 109, "sounds": [{"d": 0.232406616, "p": 62, "v": 99}], "pos": -1.5, "size": 1.30000007, "_time": 52.890625}, {"$id": 110, "sounds": [{"d": 0.203701019, "p": 71, "v": 90}], "pos": 0.5, "size": 1.0, "_time": 53.2734375}, {"$id": 111, "sounds": [{"d": 0.192592621, "p": 74, "v": 90}], "pos": 1.0, "size": 1.0, "_time": 53.3046875}, {"$id": 112, "sounds": [{"d": 0.4379654, "p": 66, "v": 110}], "pos": -0.5, "size": 1.30000007, "_time": 53.3398438}, {"$id": 113, "sounds": [{"d": 0.459262848, "p": 79, "v": 108}], "pos": 1.5, "size": 1.0, "_time": 53.36328}, {"$id": 114, "sounds": [{"d": 0.339817047, "p": 78, "v": 113}], "pos": 0.5, "size": 1.0, "_time": 53.7734375}, {"$id": 115, "sounds": [{"d": 0.109260559, "p": 71, "v": 112}], "pos": -1.5, "size": 1.0, "_time": 54.2226563}, {"$id": 116, "sounds": [{"d": 0.467590332, "p": 74, "v": 110}], "pos": -0.5, "size": 1.0, "_time": 54.66797}, {"$id": 117, "sounds": [{"d": 0.8175926, "p": 64, "v": 75}], "pos": -1.5, "size": 1.30000007, "_time": 55.109375}, {"$id": 118, "sounds": [{"d": 0.8787041, "p": 76, "v": 96}], "pos": 0.5, "size": 1.0, "_time": 55.109375}, {"$id": 119, "sounds": [{"d": 0.1564827, "p": 64, "v": 115}], "pos": -2.0, "size": 1.0, "_time": 56.2226563}, {"$id": 120, "sounds": [{"d": 0.129631042, "p": 66, "v": 95}], "pos": -1.0, "size": 1.0, "_time": 56.4453125}, {"$id": 121, "sounds": [{"d": 0.0916671753, "p": 67, "v": 86}], "size": 1.0, "_time": 56.66797, "pos": 0}, {"$id": 122, "sounds": [{"d": 0.182407379, "p": 66, "v": 88}], "pos": 1.0, "size": 1.0, "_time": 56.828125}, {"$id": 123, "sounds": [{"d": 0.06481552, "p": 71, "v": 102}], "pos": 2.0, "size": 1.0, "_time": 56.890625}, {"$id": 124, "sounds": [{"d": 0.07962799, "p": 74, "v": 98}], "pos": -1.0, "size": 1.0, "_time": 57.109375}, {"$id": 125, "sounds": [{"d": 0.06666565, "p": 76, "v": 86}], "size": 1.0, "_time": 57.33203, "pos": 0}, {"$id": 126, "sounds": [{"d": 0.06851959, "p": 78, "v": 93}], "pos": 1.0, "size": 1.0, "_time": 57.5546875}, {"$id": 127, "sounds": [{"d": 0.142593384, "p": 69, "v": 65}], "pos": -1.0, "size": 1.0, "_time": 57.5546875}, {"$id": 128, "sounds": [{"d": 0.11574173, "p": 66, "v": 73}], "pos": -2.0, "size": 1.0, "_time": 57.7773438}, {"$id": 129, "sounds": [{"d": 0.1166687, "p": 79, "v": 91}], "pos": 2.0, "size": 1.0, "_time": 57.7773438}, {"$id": 130, "sounds": [{"d": 0.06018448, "p": 74, "v": 71}], "pos": -1.0, "size": 1.0, "_time": 58.0}, {"$id": 131, "sounds": [{"d": 0.114814758, "p": 81, "v": 74}], "pos": 1.0, "size": 1.0, "_time": 58.0}, {"$id": 132, "sounds": [{"d": 0.100925446, "p": 83, "v": 75}], "size": 1.0, "_time": 58.2226563, "pos": 0}, {"$id": 133, "sounds": [{"d": 0.161109924, "p": 86, "v": 68}], "pos": 1.0, "size": 1.0, "_time": 58.4453125}, {"$id": 134, "sounds": [{"d": 0.5222206, "p": 90, "v": 35}], "pos": 2.0, "size": 1.0, "_time": 58.66797}, {"$id": 135, "sounds": [{"d": 0.367591858, "p": 95, "v": 115}, {"d": 0.357406616, "p": 83, "v": 120}], "pos": -1.0, "size": 1.0, "_time": 60.890625}, {"$id": 136, "sounds": [{"d": 0.1925888, "p": 98, "v": 115}, {"d": 0.190738678, "p": 86, "v": 107}], "pos": 2.0, "size": 1.0, "_time": 61.33203}, {"$id": 137, "sounds": [{"d": 0.203704834, "p": 95, "v": 108}, {"d": 0.193519592, "p": 83, "v": 111}], "pos": 1.0, "size": 1.0, "_time": 61.7773438}, {"$id": 138, "sounds": [{"d": 0.245368958, "p": 93, "v": 118}, {"d": 0.216667175, "p": 81, "v": 123}], "size": 1.0, "_time": 62.2226563, "pos": 0}, {"$id": 139, "sounds": [{"d": 0.299072266, "p": 67, "v": 98}], "pos": -2.0, "size": 1.30000007, "_time": 62.2226563}, {"$id": 140, "sounds": [{"d": 0.193519592, "p": 95, "v": 108}, {"d": 0.18611145, "p": 83, "v": 100}], "pos": 1.5, "size": 1.0, "_time": 62.890625}, {"$id": 141, "sounds": [{"d": 0.100002289, "p": 60, "v": 79}], "pos": -1.5, "size": 1.30000007, "_time": 63.2226563}, {"$id": 142, "sounds": [{"d": 0.120372772, "p": 64, "v": 78}], "pos": -1.0, "size": 1.30000007, "_time": 63.265625}, {"$id": 143, "sounds": [{"d": 0.07222366, "p": 67, "v": 71}], "pos": -0.5, "size": 1.30000007, "_time": 63.33203}, {"$id": 144, "sounds": [{"d": 0.698143, "p": 88, "v": 112}, {"d": 0.474075317, "p": 76, "v": 106}], "pos": 1.5, "size": 1.0, "_time": 63.5546875}, {"$id": 145, "sounds": [{"d": 0.0999984741, "p": 74, "v": 77}], "pos": -1.0, "size": 1.0, "_time": 64.0}, {"$id": 146, "sounds": [{"d": 0.217590332, "p": 83, "v": 98}, {"d": 0.0379638672, "p": 79, "v": 78}], "pos": 1.0, "size": 1.0, "_time": 64.0}, {"$id": 147, "sounds": [{"d": 0.0592575073, "p": 81, "v": 98}], "pos": 2.0, "size": 1.0, "_time": 64.22266}, {"$id": 148, "sounds": [{"d": 0.06295776, "p": 74, "v": 90}], "pos": -1.0, "size": 1.0, "_time": 64.22266}, {"$id": 149, "sounds": [{"d": 0.0388870239, "p": 74, "v": 82}], "pos": -1.0, "size": 1.0, "_time": 64.44531}, {"$id": 150, "sounds": [{"d": 0.06851959, "p": 81, "v": 102}], "pos": 2.0, "size": 1.0, "_time": 64.44531}, {"$id": 151, "sounds": [{"d": 0.0305557251, "p": 74, "v": 86}], "pos": -1.0, "size": 1.0, "_time": 64.66797}, {"$id": 152, "sounds": [{"d": 0.0574111938, "p": 79, "v": 109}], "pos": 1.0, "size": 1.0, "_time": 64.66797}, {"$id": 153, "sounds": [{"d": 0.224998474, "p": 79, "v": 106}], "pos": 1.0, "size": 1.0, "_time": 64.890625}, {"$id": 154, "sounds": [{"d": 0.06666565, "p": 78, "v": 100}], "size": 1.0, "_time": 65.109375, "pos": 0}, {"$id": 155, "sounds": [{"d": 0.287963867, "p": 71, "v": 75}], "pos": -2.0, "size": 1.0, "_time": 65.33203}, {"$id": 156, "sounds": [{"d": 0.397224426, "p": 78, "v": 89}], "size": 1.0, "_time": 65.33203, "pos": 0}, {"$id": 157, "sounds": [{"d": 0.226860046, "p": 74, "v": 74}], "pos": -1.0, "size": 1.0, "_time": 65.55469}, {"$id": 158, "sounds": [{"d": 0.2925949, "p": 81, "v": 112}], "pos": -1.0, "size": 1.0, "_time": 65.77734}, {"$id": 159, "sounds": [{"d": 0.368522644, "p": 93, "v": 110}], "pos": 1.0, "size": 1.0, "_time": 65.77734}, {"$id": 160, "sounds": [{"d": 0.05555725, "p": 83, "v": 98}], "size": 1.0, "_time": 66.44531, "pos": 0}, {"$id": 161, "sounds": [{"d": 0.0675964355, "p": 95, "v": 106}], "pos": 2.0, "size": 1.0, "_time": 66.44531}, {"$id": 162, "sounds": [{"d": 0.886116, "p": 86, "v": 110}], "pos": 2.0, "size": 1.0, "_time": 67.109375}, {"$id": 163, "sounds": [{"d": 0.349075317, "p": 74, "v": 106}], "size": 1.30000007, "_time": 67.109375, "pos": 0}, {"$id": 164, "sounds": [{"d": 0.158332825, "p": 71, "v": 106}], "pos": -1.0, "size": 1.30000007, "_time": 67.33203}, {"$id": 165, "sounds": [{"d": 0.374076843, "p": 74, "v": 98}], "pos": 1.0, "size": 1.0, "_time": 67.55469}, {"$id": 166, "sounds": [{"d": 0.39630127, "p": 66, "v": 104}], "pos": -2.0, "size": 1.30000007, "_time": 67.55469}, {"$id": 167, "sounds": [{"d": 0.5740738, "p": 62, "v": 100}], "pos": -2.0, "size": 1.30000007, "_time": 68.22266}, {"$id": 168, "sounds": [{"d": 0.598144531, "p": 69, "v": 104}], "size": 1.0, "_time": 68.22266, "pos": 0}, {"$id": 169, "sounds": [{"d": 0.394447327, "p": 91, "v": 104}], "pos": 1.0, "size": 1.0, "_time": 68.890625}, {"$id": 170, "sounds": [{"d": 0.410186768, "p": 79, "v": 104}], "pos": -1.0, "size": 1.0, "_time": 68.890625}, {"$id": 171, "sounds": [{"d": 0.3064804, "p": 93, "v": 106}], "pos": 2.0, "size": 1.0, "_time": 69.33203}, {"$id": 172, "sounds": [{"d": 0.334259033, "p": 81, "v": 109}], "size": 1.0, "_time": 69.33203, "pos": 0}, {"$id": 173, "sounds": [{"d": 0.373146057, "p": 95, "v": 102}, {"d": 0.06111145, "p": 83, "v": 100}], "pos": 2.0, "size": 1.0, "_time": 70.0}, {"$id": 174, "sounds": [{"d": 0.8185196, "p": 72, "v": 84}], "pos": -1.0, "size": 1.30000007, "_time": 70.0}, {"$id": 175, "sounds": [{"d": 0.31388855, "p": 76, "v": 86}], "pos": -1.0, "size": 1.0, "_time": 70.66797}, {"$id": 176, "sounds": [{"d": 0.322219849, "p": 88, "v": 100}], "pos": 1.0, "size": 1.0, "_time": 70.66797}, {"$id": 177, "sounds": [{"d": 0.368515, "p": 64, "v": 93}, {"d": 0.368515, "p": 67, "v": 82}], "pos": -2.0, "size": 1.30000007, "_time": 71.109375}, {"$id": 178, "sounds": [{"d": 0.152778625, "p": 74, "v": 112}], "size": 1.0, "_time": 71.55469, "pos": 0}, {"$id": 179, "sounds": [{"d": 0.1842575, "p": 86, "v": 106}], "pos": 2.0, "size": 1.0, "_time": 71.55469}, {"$id": 180, "sounds": [{"d": 0.3351822, "p": 67, "v": 88}, {"d": 0.296295166, "p": 64, "v": 100}], "pos": -2.0, "size": 1.30000007, "_time": 72.0}, {"$id": 181, "sounds": [{"d": 0.06666565, "p": 71, "v": 104}], "pos": -1.0, "size": 1.0, "_time": 72.44531}, {"$id": 182, "sounds": [{"d": 0.09907532, "p": 83, "v": 104}], "pos": 1.0, "size": 1.0, "_time": 72.44531}, {"$id": 183, "sounds": [{"d": 0.93888855, "p": 74, "v": 118}], "size": 1.0, "_time": 72.890625, "pos": 0}, {"$id": 184, "sounds": [{"d": 1.0138855, "p": 86, "v": 112}], "pos": 2.0, "size": 1.0, "_time": 72.890625}, {"$id": 185, "sounds": [{"d": 0.3129654, "p": 78, "v": 107}], "pos": -1.0, "size": 1.0, "_time": 74.22266}, {"$id": 186, "sounds": [{"d": 0.340744019, "p": 90, "v": 109}], "pos": 1.0, "size": 1.0, "_time": 74.22266}, {"$id": 187, "sounds": [{"d": 0.284255981, "p": 79, "v": 97}], "size": 1.0, "_time": 74.66797, "pos": 0}, {"$id": 188, "sounds": [{"d": 0.354629517, "p": 91, "v": 109}], "pos": 2.0, "size": 1.0, "_time": 74.66797}, {"$id": 189, "sounds": [{"d": 0.319442749, "p": 78, "v": 109}], "pos": -1.0, "size": 1.0, "_time": 75.33203}, {"$id": 190, "sounds": [{"d": 0.327774048, "p": 90, "v": 113}], "pos": 1.0, "size": 1.0, "_time": 75.33203}, {"$id": 191, "sounds": [{"d": 0.3638916, "p": 83, "v": 112}], "size": 1.0, "_time": 76.0, "pos": 0}, {"$id": 192, "sounds": [{"d": 0.6333313, "p": 83, "v": 111}], "size": 1.0, "_time": 76.40625, "pos": 0}, {"$id": 193, "sounds": [{"d": 0.408332825, "p": 71, "v": 95}], "pos": -2.0, "size": 1.0, "_time": 76.47266}, {"$id": 194, "sounds": [{"d": 0.5768509, "p": 95, "v": 115}], "pos": 1.0, "size": 1.0, "_time": 76.48828}, {"$id": 195, "sounds": [{"d": 0.102775574, "p": 60, "v": 97}], "pos": -1.5, "size": 1.30000007, "_time": 77.109375}, {"$id": 196, "sounds": [{"d": 0.4324112, "p": 64, "v": 84}], "pos": -0.5, "size": 1.30000007, "_time": 77.33203}, {"$id": 197, "sounds": [{"d": 0.06296539, "p": 69, "v": 93}], "pos": 0.5, "size": 1.30000007, "_time": 77.55469}, {"$id": 198, "sounds": [{"d": 0.136116028, "p": 72, "v": 35}], "pos": -1.5, "size": 1.30000007, "_time": 77.77734}, {"$id": 199, "sounds": [{"d": 0.3009262, "p": 83, "v": 113}], "pos": 1.5, "size": 1.0, "_time": 77.78516}, {"$id": 200, "sounds": [{"d": 0.3212967, "p": 78, "v": 113}, {"d": 0.331481934, "p": 72, "v": 104}], "pos": 0.5, "size": 1.0, "_time": 78.22266}, {"$id": 201, "sounds": [{"d": 0.427780151, "p": 64, "v": 87}], "pos": -1.5, "size": 1.30000007, "_time": 78.22266}, {"$id": 202, "sounds": [{"d": 0.4518509, "p": 79, "v": 116}, {"d": 0.4231491, "p": 72, "v": 111}], "pos": 1.5, "size": 1.0, "_time": 78.890625}, {"$id": 203, "sounds": [{"d": 0.6870346, "p": 66, "v": 81}], "pos": -0.5, "size": 1.30000007, "_time": 78.890625}, {"$id": 204, "sounds": [{"d": 1.04907227, "p": 90, "v": 102}], "pos": 0.5, "size": 1.0, "_time": 80.0}, {"$id": 205, "sounds": [{"d": 1.06111145, "p": 78, "v": 104}, {"d": 0.473144531, "p": 74, "v": 83}], "pos": -1.5, "size": 1.0, "_time": 80.0}, {"$id": 206, "sounds": [{"d": 0.07407379, "p": 83, "v": 95}], "pos": 2.0, "size": 1.0, "_time": 81.33203}, {"$id": 207, "sounds": [{"d": 0.159263611, "p": 83, "v": 106}], "pos": 2.0, "size": 1.0, "_time": 81.77734}, {"$id": 208, "sounds": [{"d": 0.08333588, "p": 74, "v": 99}], "size": 1.30000007, "_time": 81.79297, "pos": 0}, {"$id": 209, "sounds": [{"d": 0.191665649, "p": 69, "v": 98}, {"d": 0.4888916, "p": 67, "v": 107}], "pos": -1.0, "size": 1.30000007, "_time": 82.44531}, {"$id": 210, "sounds": [{"d": 0.22870636, "p": 81, "v": 106}], "pos": 1.0, "size": 1.0, "_time": 82.44531}, {"$id": 211, "sounds": [{"d": 0.07407379, "p": 69, "v": 83}, {"d": 0.03147888, "p": 62, "v": 81}], "pos": -1.0, "size": 1.30000007, "_time": 82.890625}, {"$id": 212, "sounds": [{"d": 0.288887024, "p": 86, "v": 100}, {"d": 0.293518066, "p": 74, "v": 106}], "pos": 1.0, "size": 1.0, "_time": 83.109375}, {"$id": 213, "sounds": [{"d": 0.7277756, "p": 78, "v": 107}, {"d": 0.725921631, "p": 66, "v": 107}], "size": 1.0, "_time": 83.55469, "pos": 0}, {"$id": 214, "sounds": [{"d": 0.0518493652, "p": 66, "v": 95}], "pos": -2.0, "size": 1.30000007, "_time": 85.109375}, {"$id": 215, "sounds": [{"d": 0.08148193, "p": 67, "v": 73}], "pos": -1.0, "size": 1.30000007, "_time": 85.33203}, {"$id": 216, "sounds": [{"d": 0.06666565, "p": 69, "v": 99}], "size": 1.30000007, "_time": 85.55469, "pos": 0}, {"$id": 217, "sounds": [{"d": 0.0675888062, "p": 64, "v": 90}], "pos": -1.0, "size": 1.30000007, "_time": 85.77734}, {"$id": 218, "sounds": [{"d": 0.0472259521, "p": 74, "v": 93}], "size": 1.0, "_time": 86.0, "pos": 0}, {"$id": 219, "sounds": [{"d": 0.0888900757, "p": 69, "v": 83}], "pos": -1.0, "size": 1.30000007, "_time": 86.22266}, {"$id": 220, "sounds": [{"d": 0.125930786, "p": 76, "v": 107}], "pos": 1.0, "size": 1.0, "_time": 86.22266}, {"$id": 221, "sounds": [{"d": 0.046295166, "p": 67, "v": 31}], "pos": -2.0, "size": 1.30000007, "_time": 86.44531}, {"$id": 222, "sounds": [{"d": 0.0675888062, "p": 67, "v": 100}], "pos": -2.0, "size": 1.30000007, "_time": 86.66797}, {"$id": 223, "sounds": [{"d": 0.0944442749, "p": 79, "v": 104}], "pos": 2.0, "size": 1.0, "_time": 86.66797}, {"$id": 224, "sounds": [{"d": 0.0351867676, "p": 67, "v": 36}], "pos": -2.0, "size": 1.30000007, "_time": 86.890625}, {"$id": 225, "sounds": [{"d": 0.03704071, "p": 78, "v": 92}], "pos": 1.0, "size": 1.0, "_time": 86.890625}, {"$id": 226, "sounds": [{"d": 0.579628, "p": 69, "v": 118}], "pos": -1.0, "size": 1.30000007, "_time": 87.109375}, {"$id": 227, "sounds": [{"d": 0.613884, "p": 81, "v": 115}], "pos": 2.0, "size": 1.0, "_time": 87.109375}, {"$id": 228, "sounds": [{"d": 0.0416641235, "p": 66, "v": 63}], "pos": -1.0, "size": 1.30000007, "_time": 87.77734}, {"$id": 229, "sounds": [{"d": 0.08055115, "p": 79, "v": 101}], "pos": 1.0, "size": 1.0, "_time": 87.77734}, {"$id": 230, "sounds": [{"d": 0.166664124, "p": 79, "v": 110}], "pos": 1.0, "size": 1.0, "_time": 88.0}, {"$id": 231, "sounds": [{"d": 0.166664124, "p": 66, "v": 99}], "pos": -1.0, "size": 1.30000007, "_time": 88.0}, {"$id": 232, "sounds": [{"d": 0.0277786255, "p": 74, "v": 42}, {"d": 0.06944275, "p": 69, "v": 75}], "pos": -2.0, "size": 1.30000007, "_time": 88.44531}, {"$id": 233, "sounds": [{"d": 0.0379638672, "p": 79, "v": 88}], "size": 1.0, "_time": 88.44531, "pos": 0}, {"$id": 234, "sounds": [{"d": 0.356483459, "p": 74, "v": 107}, {"d": 0.203704834, "p": 69, "v": 83}], "pos": -2.0, "size": 1.30000007, "_time": 88.66797}, {"$id": 235, "sounds": [{"d": 0.328704834, "p": 83, "v": 110}], "pos": 2.0, "size": 1.0, "_time": 88.890625}, {"$id": 236, "sounds": [{"d": 0.05833435, "p": 74, "v": 97}], "pos": 1.0, "size": 1.0, "_time": 89.33203}, {"$id": 237, "sounds": [{"d": 0.0620346069, "p": 69, "v": 57}], "pos": -1.0, "size": 1.30000007, "_time": 89.33203}, {"$id": 238, "sounds": [{"d": 0.234260559, "p": 74, "v": 106}], "pos": 1.0, "size": 1.0, "_time": 89.765625}, {"$id": 239, "sounds": [{"d": 0.546295166, "p": 62, "v": 110}], "pos": -2.0, "size": 1.30000007, "_time": 89.77734}, {"$id": 240, "sounds": [{"d": 0.183334351, "p": 67, "v": 75}], "pos": -1.0, "size": 1.30000007, "_time": 90.22266}, {"$id": 241, "sounds": [{"d": 0.16759491, "p": 67, "v": 55}, {"d": 0.104629517, "p": 72, "v": 66}], "size": 1.0, "_time": 90.61719, "pos": 0}, {"$id": 242, "sounds": [{"d": 1.81944275, "p": 76, "v": 99}], "pos": 1.0, "size": 1.0, "_time": 90.66797}, {"$id": 243, "sounds": [{"d": 0.4370346, "p": 64, "v": 79}], "pos": -1.5, "size": 1.0, "_time": 92.44531}, {"$id": 244, "sounds": [{"d": 0.291664124, "p": 78, "v": 89}], "pos": -0.5, "size": 1.0, "_time": 92.890625}, {"$id": 245, "sounds": [{"d": 0.1111145, "p": 79, "v": 104}], "pos": 0.5, "size": 1.0, "_time": 93.33203}, {"$id": 246, "sounds": [{"d": 0.4962921, "p": 81, "v": 96}], "pos": 1.5, "size": 1.0, "_time": 93.77734}, {"$id": 247, "sounds": [{"d": 2.39814, "p": 78, "v": 99}], "pos": -0.5, "size": 1.0, "_time": 94.22266}, {"$id": 248, "sounds": [{"d": 0.472221375, "p": 67, "v": 45}], "pos": -1.5, "size": 1.0, "_time": 96.0}, {"$id": 249, "sounds": [{"d": 0.444442749, "p": 79, "v": 89}], "pos": 1.5, "size": 1.0, "_time": 96.44531}, {"$id": 250, "sounds": [{"d": 0.39629364, "p": 78, "v": 84}], "pos": 0.5, "size": 1.0, "_time": 96.890625}, {"$id": 251, "sounds": [{"d": 0.628700256, "p": 74, "v": 82}], "pos": -0.5, "size": 1.0, "_time": 97.33203}, {"$id": 252, "sounds": [{"d": 2.30555725, "p": 76, "v": 93}], "pos": 0.5, "size": 1.0, "_time": 97.77734}, {"$id": 253, "sounds": [{"d": 0.6907425, "p": 67, "v": 76}], "pos": -0.5, "size": 1.0, "_time": 99.109375}, {"$id": 254, "sounds": [{"d": 0.8166733, "p": 66, "v": 73}], "pos": -1.5, "size": 1.0, "_time": 99.55469}, {"$id": 255, "sounds": [{"d": 0.418518066, "p": 74, "v": 89}], "pos": 0.5, "size": 1.0, "_time": 100.0}, {"$id": 256, "sounds": [{"d": 0.43888855, "p": 76, "v": 97}], "pos": 1.5, "size": 1.0, "_time": 100.445313}, {"$id": 257, "sounds": [{"d": 0.400001526, "p": 69, "v": 91}], "pos": -0.5, "size": 1.0, "_time": 100.890625}, {"$id": 258, "sounds": [{"d": 1.81203461, "p": 67, "v": 72}], "pos": 0.5, "size": 1.0, "_time": 101.261719}, {"$id": 259, "sounds": [{"d": 1.72499847, "p": 71, "v": 80}], "pos": 1.5, "size": 1.0, "_time": 101.371094}, {"$id": 260, "sounds": [{"d": 0.5222168, "p": 83, "v": 112}], "pos": -2.0, "size": 1.0, "_time": 103.554688}, {"$id": 261, "sounds": [{"d": 0.543510437, "p": 95, "v": 106}], "pos": 1.0, "size": 1.0, "_time": 103.554688}, {"$id": 262, "sounds": [{"d": 0.50554657, "p": 98, "v": 102}], "pos": 2.0, "size": 1.0, "_time": 104.0}, {"$id": 263, "sounds": [{"d": 0.508323669, "p": 86, "v": 109}], "pos": -1.0, "size": 1.0, "_time": 104.0}, {"$id": 264, "sounds": [{"d": 0.5111084, "p": 95, "v": 102}], "pos": 2.0, "size": 1.0, "_time": 104.445313}, {"$id": 265, "sounds": [{"d": 0.512031555, "p": 83, "v": 102}], "size": 1.0, "_time": 104.445313, "pos": 0}, {"$id": 266, "sounds": [{"d": 0.757408142, "p": 81, "v": 115}], "pos": -1.0, "size": 1.0, "_time": 104.890625}, {"$id": 267, "sounds": [{"d": 0.801849365, "p": 93, "v": 112}], "pos": 1.0, "size": 1.0, "_time": 104.890625}, {"$id": 268, "sounds": [{"d": 0.507408142, "p": 83, "v": 106}], "pos": -1.0, "size": 1.0, "_time": 105.554688}, {"$id": 269, "sounds": [{"d": 0.5138931, "p": 95, "v": 109}], "pos": 2.0, "size": 1.0, "_time": 105.554688}, {"$id": 270, "sounds": [{"d": 0.112037659, "p": 66, "v": 97}], "size": 1.30000007, "_time": 106.085938, "pos": 0}, {"$id": 271, "sounds": [{"d": 0.551849365, "p": 88, "v": 112}], "pos": 1.0, "size": 1.0, "_time": 106.222656}, {"$id": 272, "sounds": [{"d": 0.4287033, "p": 71, "v": 86}, {"d": 0.4175949, "p": 64, "v": 95}], "pos": -1.0, "size": 1.30000007, "_time": 106.667969}, {"$id": 273, "sounds": [{"d": 0.195373535, "p": 64, "v": 98}], "pos": -2.0, "size": 1.30000007, "_time": 107.109375}, {"$id": 274, "sounds": [{"d": 0.199073792, "p": 90, "v": 100}, {"d": 0.173149109, "p": 78, "v": 90}], "pos": 2.0, "size": 1.0, "_time": 107.332031}, {"$id": 275, "sounds": [{"d": 0.22870636, "p": 81, "v": 112}], "size": 1.0, "_time": 107.554688, "pos": 0}, {"$id": 276, "sounds": [{"d": 0.359260559, "p": 71, "v": 118}], "pos": -1.0, "size": 1.30000007, "_time": 108.0}, {"$id": 277, "sounds": [{"d": 0.3805542, "p": 83, "v": 115}], "pos": 2.0, "size": 1.0, "_time": 108.0}, {"$id": 278, "sounds": [{"d": 0.262039185, "p": 76, "v": 118}], "pos": 1.0, "size": 1.0, "_time": 108.445313}, {"$id": 279, "sounds": [{"d": 0.31388855, "p": 71, "v": 106}], "pos": -1.0, "size": 1.30000007, "_time": 108.445313}, {"$id": 280, "sounds": [{"d": 0.281478882, "p": 71, "v": 125}], "pos": -1.0, "size": 1.30000007, "_time": 109.109375}, {"$id": 281, "sounds": [{"d": 0.301849365, "p": 78, "v": 127}], "pos": 1.0, "size": 1.0, "_time": 109.109375}, {"$id": 282, "sounds": [{"d": 0.05092621, "p": 71, "v": 122}], "pos": -1.0, "size": 1.30000007, "_time": 109.777344}, {"$id": 283, "sounds": [{"d": 0.0759277344, "p": 78, "v": 124}], "pos": 1.0, "size": 1.0, "_time": 109.777344}, {"$id": 284, "sounds": [{"d": 0.3101883, "p": 74, "v": 122}], "size": 1.0, "_time": 110.222656, "pos": 0}, {"$id": 285, "sounds": [{"d": 0.336112976, "p": 66, "v": 104}, {"d": 0.4296341, "p": 71, "v": 112}], "pos": -2.0, "size": 1.30000007, "_time": 110.222656}, {"$id": 286, "sounds": [{"d": 0.213890076, "p": 79, "v": 122}], "pos": 1.0, "size": 1.0, "_time": 110.890625}, {"$id": 287, "sounds": [{"d": 0.2333374, "p": 66, "v": 100}, {"d": 0.204627991, "p": 71, "v": 115}], "pos": -2.0, "size": 1.30000007, "_time": 110.890625}, {"$id": 288, "sounds": [{"d": 0.0564804077, "p": 71, "v": 118}], "pos": -1.0, "size": 1.30000007, "_time": 111.332031}, {"$id": 289, "sounds": [{"d": 0.09814453, "p": 81, "v": 122}], "pos": 2.0, "size": 1.0, "_time": 111.332031}, {"$id": 290, "sounds": [{"d": 0.5648117, "p": 71, "v": 125}], "size": 1.0, "_time": 112.0, "pos": 0}, {"$id": 291, "sounds": [{"d": 0.587036133, "p": 83, "v": 115}], "pos": 2.0, "size": 1.0, "_time": 112.0}, {"$id": 292, "sounds": [{"d": 0.09259033, "p": 62, "v": 78}], "pos": -1.0, "size": 1.0, "_time": 112.667969}, {"$id": 293, "sounds": [{"d": 0.112037659, "p": 67, "v": 102}], "size": 1.0, "_time": 112.890625, "pos": 0}, {"$id": 294, "sounds": [{"d": 0.06111145, "p": 71, "v": 104}], "pos": 1.0, "size": 1.0, "_time": 113.109375}, {"$id": 295, "sounds": [{"d": 0.0574035645, "p": 78, "v": 107}], "pos": 2.0, "size": 1.0, "_time": 113.332031}, {"$id": 296, "sounds": [{"d": 0.07499695, "p": 74, "v": 69}], "pos": -1.0, "size": 1.0, "_time": 113.332031}, {"$id": 297, "sounds": [{"d": 0.05833435, "p": 62, "v": 82}], "pos": -2.0, "size": 1.0, "_time": 113.554688}, {"$id": 298, "sounds": [{"d": 0.2638855, "p": 67, "v": 90}], "size": 1.0, "_time": 113.554688, "pos": 0}, {"$id": 299, "sounds": [{"d": 0.0675888062, "p": 62, "v": 115}], "pos": -2.0, "size": 1.0, "_time": 113.777344}, {"$id": 300, "sounds": [{"d": 0.124992371, "p": 71, "v": 115}], "pos": 1.0, "size": 1.0, "_time": 113.777344}, {"$id": 301, "sounds": [{"d": 0.01851654, "p": 66, "v": 87}, {"w": 0.00390625, "d": 0.06944275, "p": 71, "v": 98}], "pos": 1.0, "size": 1.0, "_time": 114.0}, {"$id": 302, "sounds": [{"d": 0.07406616, "p": 62, "v": 98}], "pos": -2.0, "size": 1.0, "_time": 114.0}, {"$id": 303, "sounds": [{"d": 0.03147888, "p": 79, "v": 104}], "pos": 2.0, "size": 1.0, "_time": 114.222656}, {"$id": 304, "sounds": [{"d": 0.03147888, "p": 71, "v": 102}], "pos": -1.0, "size": 1.0, "_time": 114.222656}, {"$id": 305, "sounds": [{"d": 0.0472259521, "p": 71, "v": 109}], "pos": -1.0, "size": 1.0, "_time": 114.445313}, {"$id": 306, "sounds": [{"d": 0.0277786255, "p": 79, "v": 68}], "pos": 2.0, "size": 1.0, "_time": 114.667969}, {"$id": 307, "sounds": [{"d": 0.06111145, "p": 71, "v": 102}], "pos": -1.0, "size": 1.0, "_time": 114.667969}, {"$id": 308, "sounds": [{"d": 0.06851959, "p": 78, "v": 109}], "pos": 1.0, "size": 1.0, "_time": 114.890625}, {"$id": 309, "sounds": [{"d": 0.06851959, "p": 69, "v": 93}], "pos": -2.0, "size": 1.0, "_time": 114.890625}, {"$id": 310, "sounds": [{"d": 0.0361099243, "p": 69, "v": 93}], "pos": -2.0, "size": 1.0, "_time": 115.109375}, {"$id": 311, "sounds": [{"d": 0.05278015, "p": 74, "v": 102}], "size": 1.0, "_time": 115.109375, "pos": 0}, {"$id": 312, "sounds": [{"d": 0.0203704834, "p": 69, "v": 107}], "pos": -2.0, "size": 1.0, "_time": 115.332031}, {"$id": 313, "sounds": [{"d": 0.03147888, "p": 64, "v": 93}], "pos": 1.0, "size": 1.0, "_time": 115.332031}, {"$id": 314, "sounds": [{"d": 0.08395386, "p": 86, "v": 100}], "size": 1.0, "_time": 115.78125, "pos": 0}, {"$id": 315, "sounds": [{"d": 0.08395386, "p": 98, "v": 100}], "pos": 2.0, "size": 1.0, "_time": 115.78125}, {"$id": 316, "sounds": [{"d": 0.08678436, "p": 81, "v": 110}], "pos": -0.5, "size": 1.0, "_time": 116.007813}, {"$id": 317, "sounds": [{"d": 0.08678436, "p": 93, "v": 110}], "pos": 1.5, "size": 1.0, "_time": 116.007813}, {"$id": 318, "sounds": [{"d": 0.07829285, "p": 91, "v": 106}], "pos": 1.0, "size": 1.0, "_time": 116.234375}, {"$id": 319, "sounds": [{"d": 0.07829285, "p": 79, "v": 106}], "pos": -1.0, "size": 1.0, "_time": 116.234375}, {"$id": 320, "sounds": [{"d": 0.07546234, "p": 90, "v": 113}], "pos": 0.5, "size": 1.0, "_time": 116.460938}, {"$id": 321, "sounds": [{"d": 0.07546234, "p": 78, "v": 113}], "pos": -1.5, "size": 1.0, "_time": 116.460938}, {"$id": 322, "sounds": [{"d": 0.149986267, "p": 86, "v": 112}], "pos": 1.5, "size": 1.0, "_time": 116.6875}, {"$id": 323, "sounds": [{"d": 0.149986267, "p": 74, "v": 112}], "pos": -0.5, "size": 1.0, "_time": 116.6875}, {"$id": 324, "sounds": [{"d": 0.116836548, "p": 81, "v": 106}], "pos": 1.0, "size": 1.0, "_time": 116.914063}, {"$id": 325, "sounds": [{"d": 0.116836548, "p": 69, "v": 106}], "pos": -1.0, "size": 1.0, "_time": 116.914063}, {"$id": 326, "sounds": [{"d": 0.0879364, "p": 79, "v": 98}], "pos": 0.5, "size": 1.0, "_time": 117.136719}, {"$id": 327, "sounds": [{"d": 0.0879364, "p": 67, "v": 98}], "pos": -1.5, "size": 1.0, "_time": 117.136719}, {"$id": 328, "sounds": [{"d": 0.6261673, "p": 62, "v": 96}], "pos": -2.0, "size": 1.0, "_time": 117.363281}, {"$id": 329, "sounds": [{"d": 0.62713623, "p": 74, "v": 115}], "size": 1.0, "_time": 117.363281, "pos": 0}, {"$id": 330, "sounds": [{"d": 0.6619568, "p": 72, "v": 102}], "pos": -0.5, "size": 1.0, "_time": 118.292969}, {"$id": 331, "sounds": [{"d": 0.3156433, "p": 71, "v": 86}], "pos": -1.5, "size": 1.0, "_time": 119.277344}, {"$id": 332, "sounds": [{"d": 0.1610794, "p": 52, "v": 65}], "pos": -0.5, "size": 1.0, "_time": 119.769531}, {"$id": 333, "sounds": [{"d": 0.134078979, "p": 54, "v": 77}], "pos": 0.5, "size": 1.0, "_time": 119.863281}, {"$id": 334, "sounds": [{"d": 0.0446929932, "p": 60, "v": 69}, {"w": 0.01171875, "d": 0.135009766, "p": 64, "v": 59}], "pos": -1.5, "size": 1.0, "_time": 120.371094}, {"$id": 335, "sounds": [{"d": 0.124763489, "p": 66, "v": 82}], "pos": -0.5, "size": 1.0, "_time": 120.472656}, {"$id": 336, "sounds": [{"d": 0.106140137, "p": 67, "v": 60}], "size": 1.0, "_time": 120.59375, "pos": 0}, {"$id": 337, "sounds": [{"d": 0.082862854, "p": 64, "v": 62}], "pos": -0.5, "size": 1.0, "_time": 120.675781}, {"$id": 338, "sounds": [{"d": 0.05027771, "p": 66, "v": 56}], "size": 1.0, "_time": 120.730469, "pos": 0}, {"$id": 339, "sounds": [{"d": 0.07169342, "p": 71, "v": 74}], "pos": 1.0, "size": 1.0, "_time": 120.78125}, {"$id": 340, "sounds": [{"d": 0.09869385, "p": 60, "v": 72}], "pos": -0.5, "size": 1.0, "_time": 120.84375}, {"$id": 341, "sounds": [{"d": 0.0512084961, "p": 64, "v": 82}], "size": 1.0, "_time": 120.933594, "pos": 0}, {"$id": 342, "sounds": [{"d": 0.05773163, "p": 71, "v": 68}], "pos": 0.5, "size": 1.0, "_time": 120.992188}, {"$id": 343, "sounds": [{"d": 0.116386414, "p": 76, "v": 95}], "pos": 1.0, "size": 1.0, "_time": 121.039063}, {"$id": 344, "sounds": [{"d": 0.101486206, "p": 78, "v": 82}], "pos": 1.5, "size": 1.0, "_time": 121.128906}, {"$id": 345, "sounds": [{"d": 0.06238556, "p": 74, "v": 75}], "pos": 1.0, "size": 1.0, "_time": 121.203125}, {"$id": 346, "sounds": [{"d": 0.0567932129, "p": 79, "v": 44}, {"w": 0.01171875, "d": 0.126625061, "p": 76, "v": 47}], "pos": 1.5, "size": 1.0, "_time": 121.273438}, {"$id": 347, "sounds": [{"d": 0.08380127, "p": 79, "v": 49}], "pos": 0.5, "size": 1.0, "_time": 121.457031}, {"$id": 348, "sounds": [{"d": 0.0558624268, "p": 83, "v": 84}], "size": 1.0, "_time": 121.539063, "pos": 0}, {"$id": 349, "sounds": [{"d": 0.09403992, "p": 72, "v": 80}], "pos": -0.5, "size": 1.0, "_time": 121.613281}, {"$id": 350, "sounds": [{"d": 0.09403992, "p": 76, "v": 66}], "pos": -1.0, "size": 1.0, "_time": 121.714844}, {"$id": 351, "sounds": [{"d": 0.0493469238, "p": 79, "v": 65}], "size": 1.0, "_time": 121.808594, "pos": 0}, {"$id": 352, "sounds": [{"d": 0.04748535, "p": 83, "v": 57}], "pos": 1.0, "size": 1.0, "_time": 121.871094}, {"$id": 353, "sounds": [{"d": 0.1545639, "p": 90, "v": 74}], "pos": 0.5, "size": 1.0, "_time": 121.980469}, {"$id": 354, "sounds": [{"d": 0.09310913, "p": 91, "v": 72}], "pos": 1.0, "size": 1.0, "_time": 122.121094}, {"$id": 355, "sounds": [{"d": 0.130355835, "p": 95, "v": 85}], "pos": 2.0, "size": 1.0, "_time": 122.234375}, {"$id": 356, "sounds": [{"d": 0.08566284, "p": 93, "v": 72}], "pos": 1.0, "size": 1.0, "_time": 122.429688}, {"$id": 357, "sounds": [{"d": 0.07727814, "p": 93, "v": 102}], "pos": 1.0, "size": 1.0, "_time": 122.671875}, {"$id": 358, "sounds": [{"d": 0.06983185, "p": 86, "v": 86}], "size": 1.0, "_time": 122.957031, "pos": 0}, {"$id": 359, "sounds": [{"d": 0.0921783447, "p": 86, "v": 93}], "size": 1.0, "_time": 123.257813, "pos": 0}, {"$id": 360, "sounds": [{"d": 0.0446929932, "p": 83, "v": 44}], "pos": -1.0, "size": 1.0, "_time": 123.578125}, {"$id": 361, "sounds": [{"d": 0.07634735, "p": 83, "v": 58}], "pos": -1.0, "size": 1.0, "_time": 123.890625}, {"$id": 362, "sounds": [{"d": 0.104286194, "p": 78, "v": 55}], "pos": -2.0, "size": 1.0, "_time": 124.328125}, {"$id": 363, "sounds": [{"d": 0.6278229, "p": 78, "v": 61}], "pos": -2.0, "size": 1.0, "_time": 124.71875}, {"$id": 364, "sounds": [{"d": 0.737533569, "p": 83, "v": 35}], "pos": -1.0, "size": 1.0, "_time": 125.375}], "links": [{"notes": [{"$ref": 5}, {"$ref": 6}]}, {"notes": [{"$ref": 28}, {"$ref": 29}]}, {"notes": [{"$ref": 38}, {"$ref": 39}]}, {"notes": [{"$ref": 84}, {"$ref": 85}]}, {"notes": [{"$ref": 79}, {"$ref": 80}]}, {"notes": [{"$ref": 110}, {"$ref": 111}, {"$ref": 113}]}, {"notes": [{"$ref": 122}, {"$ref": 123}]}, {"notes": [{"$ref": 141}, {"$ref": 142}, {"$ref": 143}]}, {"notes": [{"$ref": 192}, {"$ref": 194}]}, {"notes": [{"$ref": 241}, {"$ref": 242}]}, {"notes": [{"$ref": 258}, {"$ref": 259}]}, {"notes": [{"$ref": 332}, {"$ref": 333}]}, {"notes": [{"$ref": 347}, {"$ref": 348}, {"$ref": 349}, {"$ref": 350}, {"$ref": 351}, {"$ref": 352}, {"$ref": 353}, {"$ref": 354}, {"$ref": 355}]}, {"notes": [{"$ref": 334}, {"$ref": 335}, {"$ref": 336}, {"$ref": 337}, {"$ref": 338}, {"$ref": 339}, {"$ref": 340}, {"$ref": 341}, {"$ref": 342}, {"$ref": 343}, {"$ref": 344}, {"$ref": 345}, {"$ref": 346}]}]}