{"speed": 10.0, "notes": [{"$id": 1, "sounds": [{"d": 1.20000029, "p": 71, "v": 21}], "pos": 1.5, "size": 1.0, "_time": 7.19921875}, {"$id": 2, "sounds": [{"d": 1.20000029, "p": 56, "v": 7}, {"w": 0.01171875, "d": 1.18750048, "p": 64, "v": 2}], "pos": -1.0, "size": 1.0, "_time": 7.19921875}, {"$id": 3, "sounds": [{"d": 1.19999981, "p": 64, "v": 13}], "pos": 1.0, "size": 1.0, "_time": 8.3984375}, {"$id": 4, "sounds": [{"d": 1.19999981, "p": 52, "v": 13}, {"d": 1.19999981, "p": 59, "v": 15}], "pos": -1.5, "size": 1.0, "_time": 8.3984375}, {"$id": 5, "sounds": [{"d": 1.10624981, "p": 68, "v": 20}], "pos": 1.5, "size": 1.0, "_time": 8.449219}, {"$id": 6, "sounds": [{"d": 1.19999981, "p": 71, "v": 19}, {"w": 0.02734375, "d": 1.19999981, "p": 64, "v": 25}], "pos": 1.5, "size": 1.0, "_time": 9.574219}, {"$id": 7, "sounds": [{"d": 1.19999981, "p": 57, "v": 19}, {"w": 0.00390625, "d": 1.19999981, "p": 52, "v": 17}], "pos": -1.0, "size": 1.0, "_time": 9.6015625}, {"$id": 8, "sounds": [{"d": 1.19999981, "p": 54, "v": 26}, {"w": 0.0234375, "d": 1.20000076, "p": 57, "v": 12}], "pos": -1.5, "size": 1.0, "_time": 10.7773438}, {"$id": 9, "sounds": [{"d": 1.20000076, "p": 66, "v": 14}, {"w": 0.01171875, "d": 1.20000076, "p": 63, "v": 13}], "pos": 1.0, "size": 1.0, "_time": 10.8007813}, {"$id": 10, "sounds": [{"d": 0.600001335, "p": 59, "v": 19}, {"w": 0.01171875, "d": 0.600001335, "p": 56, "v": 25}], "pos": -1.0, "size": 1.0, "_time": 11.9882813}, {"$id": 11, "sounds": [{"d": 0.600001335, "p": 71, "v": 16}], "pos": 1.5, "size": 1.0, "_time": 11.9921875}, {"$id": 12, "sounds": [{"d": 0.5999994, "p": 56, "v": 18}, {"w": 0.01171875, "d": 0.6000004, "p": 59, "v": 26}, {"w": 0.0546875, "d": 0.6000004, "p": 64, "v": 25}], "pos": -1.0, "size": 1.0, "_time": 12.6015625}, {"$id": 13, "sounds": [{"d": 0.6000004, "p": 71, "v": 42}], "pos": 1.0, "size": 1.0, "_time": 12.6132813}, {"$id": 14, "sounds": [{"d": 0.6000004, "p": 51, "v": 35}], "pos": -2.0, "size": 1.0, "_time": 13.1875}, {"$id": 15, "sounds": [{"d": 0.6000004, "p": 66, "v": 20}, {"w": 0.0078125, "d": 0.6000004, "p": 69, "v": 29}], "pos": 0.5, "size": 1.0, "_time": 13.1992188}, {"$id": 16, "sounds": [{"d": 0.6000004, "p": 63, "v": 30}, {"w": 0.01953125, "d": 0.6000004, "p": 66, "v": 10}], "pos": 1.5, "size": 1.0, "_time": 13.78125}, {"$id": 17, "sounds": [{"d": 0.6000004, "p": 57, "v": 24}], "pos": -0.5, "size": 1.0, "_time": 13.8203125}, {"$id": 18, "sounds": [{"d": 0.3000002, "p": 76, "v": 1}], "pos": 0.5, "size": 1.0, "_time": 14.3242188}, {"$id": 19, "sounds": [{"d": 2.40000057, "p": 52, "v": 18}, {"w": 0.03125, "d": 2.40000057, "p": 68, "v": 35}, {"w": 0.03125, "d": 2.40000057, "p": 59, "v": 51}, {"w": 0.05078125, "d": 2.39999962, "p": 64, "v": 35}], "pos": -1.5, "size": 1.0, "_time": 14.3671875}, {"$id": 20, "sounds": [{"d": 0.3000002, "p": 75, "v": 3}, {"d": 0.6000004, "p": 83, "v": 10}], "pos": 1.5, "size": 1.0, "_time": 14.3984375}, {"$id": 21, "sounds": [{"d": 0.5999994, "p": 78, "v": 28}], "pos": -0.5, "size": 1.0, "_time": 15.6015625}, {"$id": 22, "sounds": [{"d": 0.6000004, "p": 83, "v": 36}, {"w": 0.03515625, "d": 1.20000267, "p": 73, "v": 20}], "pos": 1.5, "size": 1.0, "_time": 16.8007813}, {"$id": 23, "sounds": [{"d": 1.20000076, "p": 57, "v": 50}, {"w": 0.0234375, "d": 1.20000267, "p": 69, "v": 14}, {"w": 0.03515625, "d": 1.20000267, "p": 64, "v": 48}], "pos": -1.5, "size": 1.0, "_time": 16.8007813}, {"$id": 24, "sounds": [{"d": 0.300003052, "p": 76, "v": 3}], "pos": 1.0, "size": 1.0, "_time": 17.9257813}, {"$id": 25, "sounds": [{"d": 0.6000023, "p": 78, "v": 42}], "pos": 2.0, "size": 1.0, "_time": 18.0}, {"$id": 26, "sounds": [{"d": 1.20000267, "p": 61, "v": 22}], "pos": -1.5, "size": 1.0, "_time": 18.0}, {"$id": 27, "sounds": [{"d": 1.20000076, "p": 66, "v": 40}, {"d": 0.6000004, "p": 83, "v": 51}], "size": 1.0, "_time": 19.1992188, "pos": 0}, {"$id": 28, "sounds": [{"d": 1.20000076, "p": 57, "v": 40}, {"w": 0.0390625, "d": 1.20000076, "p": 63, "v": 46}], "pos": -1.5, "size": 1.0, "_time": 19.1992188}, {"$id": 29, "sounds": [{"d": 0.300001144, "p": 80, "v": 3}, {"w": 0.01171875, "d": 0.6000004, "p": 78, "v": 65}, {"w": 0.0390625, "d": 1.20000076, "p": 66, "v": 48}], "pos": 1.5, "size": 1.0, "_time": 20.3867188}, {"$id": 30, "sounds": [{"d": 1.20000076, "p": 47, "v": 18}, {"d": 1.20000076, "p": 64, "v": 18}, {"d": 1.20000076, "p": 69, "v": 18}], "pos": -1.0, "size": 1.0, "_time": 20.3984375}, {"$id": 31, "sounds": [{"d": 0.299999237, "p": 81, "v": 3}], "pos": 0.5, "size": 1.0, "_time": 21.6015625}, {"$id": 32, "sounds": [{"d": 2.39999962, "p": 47, "v": 62}, {"w": 0.03515625, "d": 2.39999962, "p": 63, "v": 66}], "pos": -1.5, "size": 1.0, "_time": 21.6015625}, {"$id": 33, "sounds": [{"d": 2.17499924, "p": 83, "v": 73}], "pos": 1.0, "size": 1.0, "_time": 21.6640625}, {"$id": 34, "sounds": [{"d": 2.39999962, "p": 69, "v": 26}, {"w": 0.0234375, "d": 2.39999962, "p": 66, "v": 40}], "pos": -0.5, "size": 1.0, "_time": 21.6640625}, {"$id": 35, "sounds": [{"d": 1.19999886, "p": 52, "v": 106}, {"d": 1.19999886, "p": 56, "v": 85}], "pos": -1.5, "size": 2.0, "_time": 24.0}, {"$id": 36, "sounds": [{"d": 1.79999924, "p": 80, "v": 115}, {"d": 1.79999924, "p": 76, "v": 99}], "pos": 0.5, "size": 2.0, "_time": 24.0}, {"$id": 37, "sounds": [{"d": 1.20000076, "p": 52, "v": 72}, {"w": 0.01953125, "d": 1.18125153, "p": 59, "v": 99}], "pos": -1.0, "size": 1.30000007, "_time": 25.1992188}, {"$id": 38, "sounds": [{"d": 1.125, "p": 68, "v": 105}], "pos": 1.5, "size": 1.0, "_time": 25.2304688}, {"$id": 39, "sounds": [{"d": 0.6000004, "p": 76, "v": 100}], "size": 1.0, "_time": 25.8007813, "pos": 0}, {"$id": 40, "sounds": [{"d": 1.20000076, "p": 71, "v": 115}, {"w": 0.0078125, "d": 1.21250153, "p": 52, "v": 87}], "pos": 1.5, "size": 2.0, "_time": 26.3984375}, {"$id": 41, "sounds": [{"d": 1.20000076, "p": 64, "v": 86}, {"d": 1.80000114, "p": 45, "v": 82}], "pos": -1.5, "size": 2.0, "_time": 26.3984375}, {"$id": 42, "sounds": [{"d": 1.20000076, "p": 78, "v": 112}], "pos": 1.0, "size": 1.69999993, "_time": 27.6015625}, {"$id": 43, "sounds": [{"d": 1.16250038, "p": 54, "v": 94}, {"w": 0.00390625, "d": 1.19375038, "p": 63, "v": 82}, {"w": 0.00390625, "d": 1.20000076, "p": 57, "v": 96}], "pos": -1.5, "size": 1.69999993, "_time": 27.6132813}, {"$id": 44, "sounds": [{"d": 0.6000004, "p": 45, "v": 59}], "pos": -1.0, "size": 1.0, "_time": 28.1992188}, {"$id": 45, "sounds": [{"d": 0.5937519, "p": 59, "v": 72}, {"w": 0.0078125, "d": 1.20000267, "p": 56, "v": 92}, {"w": 0.0078125, "d": 1.20000267, "p": 40, "v": 57}], "pos": -0.5, "size": 1.0, "_time": 28.7929688}, {"$id": 46, "sounds": [{"d": 0.6000023, "p": 68, "v": 91}], "pos": 2.0, "size": 1.0, "_time": 28.8007813}, {"$id": 47, "sounds": [{"d": 0.6625023, "p": 69, "v": 94}], "pos": 1.0, "size": 1.0, "_time": 29.3984375}, {"$id": 48, "sounds": [{"d": 0.581249237, "p": 59, "v": 93}, {"w": 0.01953125, "d": 0.6312523, "p": 64, "v": 100}], "pos": -1.5, "size": 1.0, "_time": 29.40625}, {"$id": 49, "sounds": [{"d": 1.20000267, "p": 42, "v": 68}, {"w": 0.01171875, "d": 1.17500114, "p": 51, "v": 94}], "pos": -1.0, "size": 1.0, "_time": 30.0}, {"$id": 50, "sounds": [{"d": 1.20000267, "p": 71, "v": 101}, {"w": 0.01953125, "d": 1.18125153, "p": 66, "v": 78}, {"w": 0.01953125, "d": 1.18125153, "p": 59, "v": 105}], "pos": 1.5, "size": 1.0, "_time": 30.0}, {"$id": 51, "sounds": [{"d": 1.19999886, "p": 52, "v": 68}, {"w": 0.02734375, "d": 1.20000076, "p": 64, "v": 68}], "pos": -1.5, "size": 1.60000014, "_time": 31.1992188}, {"$id": 52, "sounds": [{"d": 1.19999886, "p": 59, "v": 68}, {"d": 0.6499996, "p": 62, "v": 108}, {"d": 1.19999886, "p": 68, "v": 68}], "pos": 1.0, "size": 1.0, "_time": 31.1992188}, {"$id": 53, "sounds": [{"d": 0.6500015, "p": 71, "v": 74}], "size": 1.0, "_time": 31.8007813, "pos": 0}, {"$id": 54, "sounds": [{"d": 1.20000458, "p": 47, "v": 82}, {"w": 0.0390625, "d": 1.13750076, "p": 64, "v": 100}], "pos": -1.0, "size": 1.0, "_time": 32.3984375}, {"$id": 55, "sounds": [{"d": 0.6000023, "p": 73, "v": 108}, {"d": 1.20000458, "p": 66, "v": 108}], "pos": 1.0, "size": 1.0, "_time": 32.3984375}, {"$id": 56, "sounds": [{"d": 0.299999237, "p": 74, "v": 16}, {"w": 0.0390625, "d": 0.6000023, "p": 75, "v": 119}], "pos": 2.0, "size": 1.0, "_time": 32.9609375}, {"$id": 57, "sounds": [{"d": 1.199997, "p": 59, "v": 122}, {"d": 2.39999771, "p": 64, "v": 122}], "pos": 1.5, "size": 2.0, "_time": 33.6015625}, {"$id": 58, "sounds": [{"d": 2.39999771, "p": 44, "v": 82}, {"d": 1.199997, "p": 76, "v": 116}], "pos": -0.5, "size": 2.0, "_time": 33.6015625}, {"$id": 59, "sounds": [{"d": 1.199997, "p": 88, "v": 116}], "pos": 1.0, "size": 1.0, "_time": 34.19922}, {"$id": 60, "sounds": [{"d": 1.20000076, "p": 59, "v": 100}, {"d": 1.20000076, "p": 52, "v": 66}], "pos": -1.5, "size": 1.0, "_time": 34.80078}, {"$id": 61, "sounds": [{"d": 1.20000076, "p": 71, "v": 100}], "pos": 1.5, "size": 1.0, "_time": 34.80078}, {"$id": 62, "sounds": [{"d": 1.20000458, "p": 88, "v": 121}], "size": 1.0, "_time": 35.3984375, "pos": 0}, {"$id": 63, "sounds": [{"d": 0.100002289, "p": 79, "v": 74}], "pos": 0.5, "size": 1.0, "_time": 35.92578}, {"$id": 64, "sounds": [{"d": 2.40000153, "p": 42, "v": 100}, {"d": 2.40000153, "p": 49, "v": 100}], "pos": -1.5, "size": 1.69999993, "_time": 36.0}, {"$id": 65, "sounds": [{"d": 1.20000076, "p": 80, "v": 118}], "pos": 1.5, "size": 1.0, "_time": 36.0}, {"$id": 66, "sounds": [{"d": 1.199997, "p": 88, "v": 127}], "pos": 2.0, "size": 1.0, "_time": 36.6015625}, {"$id": 67, "sounds": [{"d": 1.79999924, "p": 57, "v": 100}], "pos": -0.5, "size": 1.0, "_time": 36.6015625}, {"$id": 68, "sounds": [{"d": 1.20000076, "p": 64, "v": 100}], "pos": 1.5, "size": 1.0, "_time": 37.19922}, {"$id": 69, "sounds": [{"d": 1.20000076, "p": 81, "v": 115}], "pos": -1.5, "size": 1.0, "_time": 37.19922}, {"$id": 70, "sounds": [{"d": 0.6000023, "p": 71, "v": 73}], "size": 1.0, "_time": 37.80078, "pos": 0}, {"$id": 71, "sounds": [{"d": 1.050003, "p": 88, "v": 127}], "pos": 1.5, "size": 1.0, "_time": 37.80078}, {"$id": 72, "sounds": [{"d": 0.6000023, "p": 80, "v": 104}, {"w": 0.01171875, "d": 0.6000023, "p": 76, "v": 102}], "pos": 1.0, "size": 2.0, "_time": 38.38672}, {"$id": 73, "sounds": [{"d": 0.6000023, "p": 45, "v": 99}, {"w": 0.02734375, "d": 0.9000015, "p": 52, "v": 99}], "pos": -1.5, "size": 2.0, "_time": 38.3984375}, {"$id": 74, "sounds": [{"d": 0.5999985, "p": 45, "v": 82}], "pos": -2.0, "size": 1.0, "_time": 39.6015625}, {"$id": 75, "sounds": [{"d": 0.5999985, "p": 76, "v": 73}, {"d": 0.5999985, "p": 73, "v": 84}], "pos": 1.5, "size": 1.0, "_time": 39.6015625}, {"$id": 76, "sounds": [{"d": 0.5999985, "p": 71, "v": 78}, {"d": 0.5999985, "p": 78, "v": 119}], "pos": 1.0, "size": 2.0, "_time": 40.19922}, {"$id": 77, "sounds": [{"d": 0.5999985, "p": 54, "v": 82}, {"d": 0.5999985, "p": 47, "v": 99}], "pos": -1.0, "size": 2.0, "_time": 40.19922}, {"$id": 78, "sounds": [{"d": 2.39999771, "p": 83, "v": 104}], "pos": 1.5, "size": 1.0, "_time": 40.80078}, {"$id": 79, "sounds": [{"d": 4.799999, "p": 40, "v": 99}], "pos": -1.5, "size": 1.0, "_time": 40.80078}, {"$id": 80, "sounds": [{"d": 2.3125, "p": 47, "v": 46}], "size": 1.0, "_time": 41.0, "pos": 0}, {"$id": 81, "sounds": [{"d": 2.3125, "p": 59, "v": 83}], "pos": 1.0, "size": 1.0, "_time": 41.1015625}, {"$id": 82, "sounds": [{"d": 2.01250076, "p": 64, "v": 87}], "pos": -1.0, "size": 1.0, "_time": 41.19922}, {"$id": 83, "sounds": [{"d": 2.3125, "p": 71, "v": 95}], "pos": 2.0, "size": 1.0, "_time": 41.30078}, {"$id": 84, "sounds": [{"d": 2.3125, "p": 76, "v": 109}], "pos": -2.0, "size": 1.0, "_time": 41.3984375}, {"$id": 85, "sounds": [{"d": 2.3125, "p": 80, "v": 109}], "pos": 1.0, "size": 1.0, "_time": 41.6015625}, {"$id": 86, "sounds": [{"d": 2.3125, "p": 88, "v": 70}], "pos": -0.5, "size": 1.0, "_time": 41.80078}, {"$id": 87, "sounds": [{"d": 2.3125, "p": 95, "v": 78}], "pos": 2.0, "size": 1.0, "_time": 42.0}, {"$id": 88, "sounds": [{"d": 1.199997, "p": 92, "v": 97}], "pos": 0.5, "size": 1.0, "_time": 43.26172}, {"$id": 89, "sounds": [{"d": 1.20000076, "p": 88, "v": 104}], "pos": -1.5, "size": 1.0, "_time": 44.3984375}, {"$id": 90, "sounds": [{"d": 1.16249847, "p": 100, "v": 104}], "pos": 1.5, "size": 1.0, "_time": 44.4140625}, {"$id": 91, "sounds": [{"d": 0.299999237, "p": 76, "v": 108}], "pos": 1.5, "size": 2.0, "_time": 45.6015625}, {"$id": 92, "sounds": [{"d": 2.399994, "p": 49, "v": 108}, {"d": 2.399994, "p": 59, "v": 108}], "pos": -0.5, "size": 2.0, "_time": 45.6015625}, {"$id": 93, "sounds": [{"d": 0.299999237, "p": 75, "v": 108}], "pos": 1.5, "size": 1.0, "_time": 45.8984375}, {"$id": 94, "sounds": [{"d": 1.199997, "p": 52, "v": 13}], "size": 1.0, "_time": 46.19922, "pos": 0}, {"$id": 95, "sounds": [{"d": 0.5999985, "p": 76, "v": 108}], "pos": 1.5, "size": 1.0, "_time": 46.19922}, {"$id": 96, "sounds": [{"d": 1.49999619, "p": 78, "v": 108}], "pos": 1.5, "size": 1.0, "_time": 46.5}, {"$id": 97, "sounds": [{"d": 1.199997, "p": 76, "v": 108}], "pos": 1.5, "size": 1.0, "_time": 46.80078}, {"$id": 98, "sounds": [{"d": 0.5999985, "p": 52, "v": 48}], "pos": -1.5, "size": 1.0, "_time": 47.3984375}, {"$id": 99, "sounds": [{"d": 0.5999985, "p": 71, "v": 108}], "pos": 0.5, "size": 1.0, "_time": 47.3984375}, {"$id": 100, "sounds": [{"d": 0.299999237, "p": 76, "v": 108}], "pos": -1.5, "size": 1.0, "_time": 48.0}, {"$id": 101, "sounds": [{"d": 2.399994, "p": 45, "v": 108}, {"d": 2.399994, "p": 59, "v": 108}], "pos": 1.0, "size": 1.0, "_time": 48.0}, {"$id": 102, "sounds": [{"d": 0.299999237, "p": 75, "v": 108}], "size": 1.0, "_time": 48.30078, "pos": 0}, {"$id": 103, "sounds": [{"d": 1.199997, "p": 52, "v": 30}], "pos": -1.5, "size": 1.0, "_time": 48.6015625}, {"$id": 104, "sounds": [{"d": 0.299999237, "p": 76, "v": 108}], "pos": 1.5, "size": 1.0, "_time": 48.6015625}, {"$id": 105, "sounds": [{"d": 1.49999619, "p": 78, "v": 108}], "pos": 0.5, "size": 1.0, "_time": 48.8984375}, {"$id": 106, "sounds": [{"d": 1.199997, "p": 76, "v": 108}], "pos": -1.5, "size": 1.0, "_time": 49.19922}, {"$id": 107, "sounds": [{"d": 0.5999985, "p": 82, "v": 76}], "pos": 0.5, "size": 1.0, "_time": 49.75}, {"$id": 108, "sounds": [{"d": 0.5999985, "p": 52, "v": 78}], "pos": -1.0, "size": 1.0, "_time": 49.80078}, {"$id": 109, "sounds": [{"d": 0.5999985, "p": 83, "v": 108}], "pos": 1.5, "size": 1.0, "_time": 49.80078}, {"$id": 110, "sounds": [{"d": 0.6000023, "p": 81, "v": 109}], "pos": 1.5, "size": 1.0, "_time": 50.3984375}, {"$id": 111, "sounds": [{"d": 1.20000458, "p": 47, "v": 108}, {"d": 2.40000916, "p": 64, "v": 108}], "pos": -1.5, "size": 1.0, "_time": 50.3984375}, {"$id": 112, "sounds": [{"d": 0.6000023, "p": 76, "v": 109}], "pos": -1.0, "size": 1.0, "_time": 50.6015625}, {"$id": 113, "sounds": [{"d": 0.6000023, "p": 69, "v": 109}], "pos": 0.5, "size": 1.0, "_time": 50.80078}, {"$id": 114, "sounds": [{"d": 0.6000023, "p": 81, "v": 109}], "pos": 1.5, "size": 1.0, "_time": 51.0}, {"$id": 115, "sounds": [{"d": 0.6000023, "p": 57, "v": 53}], "pos": -1.5, "size": 1.0, "_time": 51.0}, {"$id": 116, "sounds": [{"d": 0.6000023, "p": 76, "v": 104}], "pos": 0.5, "size": 1.0, "_time": 51.19922}, {"$id": 117, "sounds": [{"d": 0.6000023, "p": 69, "v": 106}], "pos": -1.0, "size": 1.0, "_time": 51.3984375}, {"$id": 118, "sounds": [{"d": 0.6000023, "p": 80, "v": 85}], "pos": 1.5, "size": 1.0, "_time": 51.6015625}, {"$id": 119, "sounds": [{"d": 1.20000458, "p": 40, "v": 108}], "pos": -2.0, "size": 1.0, "_time": 51.6015625}, {"$id": 120, "sounds": [{"d": 0.6000023, "p": 76, "v": 108}], "pos": -1.0, "size": 1.0, "_time": 51.80078}, {"$id": 121, "sounds": [{"d": 0.6000023, "p": 71, "v": 108}], "pos": 1.0, "size": 1.0, "_time": 52.0}, {"$id": 122, "sounds": [{"d": 0.6000023, "p": 80, "v": 107}], "size": 1.0, "_time": 52.19922, "pos": 0}, {"$id": 123, "sounds": [{"d": 0.6000023, "p": 52, "v": 47}], "pos": -2.0, "size": 1.0, "_time": 52.19922}, {"$id": 124, "sounds": [{"d": 0.6000023, "p": 76, "v": 106}], "pos": -0.5, "size": 1.0, "_time": 52.3984375}, {"$id": 125, "sounds": [{"d": 1.6499939, "p": 74, "v": 68}], "pos": 1.0, "size": 1.0, "_time": 52.6015625}, {"$id": 126, "sounds": [{"d": 0.699996948, "p": 78, "v": 127}], "pos": 0.5, "size": 2.0, "_time": 52.80078}, {"$id": 127, "sounds": [{"d": 1.199997, "p": 43, "v": 108}, {"d": 1.199997, "p": 59, "v": 108}], "pos": -1.5, "size": 2.0, "_time": 52.80078}, {"$id": 128, "sounds": [{"d": 1.449997, "p": 69, "v": 93}], "pos": -0.5, "size": 1.0, "_time": 53.1015625}, {"$id": 129, "sounds": [{"d": 0.5999985, "p": 54, "v": 55}], "pos": 1.0, "size": 1.0, "_time": 53.3984375}, {"$id": 130, "sounds": [{"d": 1.449997, "p": 66, "v": 105}], "size": 1.0, "_time": 53.69922, "pos": 0}, {"$id": 131, "sounds": [{"d": 1.199997, "p": 83, "v": 118}], "pos": 1.5, "size": 1.0, "_time": 54.0}, {"$id": 132, "sounds": [{"d": 1.199997, "p": 45, "v": 108}, {"d": 1.199997, "p": 52, "v": 108}], "pos": -1.0, "size": 1.0, "_time": 54.0}, {"$id": 133, "sounds": [{"d": 0.9000015, "p": 76, "v": 106}], "pos": 0.5, "size": 1.0, "_time": 54.19922}, {"$id": 134, "sounds": [{"d": 0.75, "p": 71, "v": 85}], "pos": -1.5, "size": 1.0, "_time": 54.3984375}, {"$id": 135, "sounds": [{"d": 0.5999985, "p": 56, "v": 52}], "size": 1.0, "_time": 54.6015625, "pos": 0}, {"$id": 136, "sounds": [{"d": 0.5999985, "p": 88, "v": 93}], "pos": 2.0, "size": 1.0, "_time": 54.6015625}, {"$id": 137, "sounds": [{"d": 0.5999985, "p": 80, "v": 110}], "pos": -1.0, "size": 1.0, "_time": 54.80078}, {"$id": 138, "sounds": [{"d": 0.599994659, "p": 92, "v": 127}], "pos": 1.5, "size": 1.0, "_time": 55.0}, {"$id": 139, "sounds": [{"d": 0.299999237, "p": 76, "v": 108}], "pos": 1.5, "size": 1.0, "_time": 55.19922}, {"$id": 140, "sounds": [{"d": 2.399994, "p": 49, "v": 108}, {"d": 2.399994, "p": 59, "v": 108}], "pos": -1.5, "size": 1.0, "_time": 55.19922}, {"$id": 141, "sounds": [{"d": 0.299999237, "p": 75, "v": 108}], "pos": 1.5, "size": 1.0, "_time": 55.5}, {"$id": 142, "sounds": [{"d": 1.199997, "p": 52, "v": 13}], "pos": -0.5, "size": 1.0, "_time": 55.80078}, {"$id": 143, "sounds": [{"d": 0.299999237, "p": 76, "v": 108}], "pos": 1.5, "size": 1.0, "_time": 55.80078}, {"$id": 144, "sounds": [{"d": 1.64999771, "p": 78, "v": 108}], "pos": 1.0, "size": 1.0, "_time": 56.1015625}, {"$id": 145, "sounds": [{"d": 1.199997, "p": 76, "v": 108}], "pos": 1.5, "size": 1.0, "_time": 56.3984375}, {"$id": 146, "sounds": [{"d": 0.5999985, "p": 52, "v": 48}], "pos": -1.5, "size": 1.0, "_time": 57.0}, {"$id": 147, "sounds": [{"d": 0.5999985, "p": 71, "v": 108}], "pos": 1.0, "size": 1.0, "_time": 57.0}, {"$id": 148, "sounds": [{"d": 0.300003052, "p": 76, "v": 108}], "pos": 1.5, "size": 1.0, "_time": 57.6015625}, {"$id": 149, "sounds": [{"d": 2.39999771, "p": 45, "v": 108}, {"d": 2.39999771, "p": 59, "v": 108}], "pos": -1.0, "size": 2.0, "_time": 57.6015625}, {"$id": 150, "sounds": [{"d": 0.299999237, "p": 75, "v": 108}], "size": 1.0, "_time": 57.8984375, "pos": 0}, {"$id": 151, "sounds": [{"d": 1.199997, "p": 52, "v": 30}], "pos": 1.5, "size": 1.0, "_time": 58.19922}, {"$id": 152, "sounds": [{"d": 0.299999237, "p": 76, "v": 108}], "pos": -1.5, "size": 1.0, "_time": 58.19922}, {"$id": 153, "sounds": [{"d": 1.64999771, "p": 78, "v": 108}], "pos": 1.0, "size": 1.0, "_time": 58.5}, {"$id": 154, "sounds": [{"d": 1.199997, "p": 76, "v": 108}], "pos": -0.5, "size": 1.0, "_time": 58.80078}, {"$id": 155, "sounds": [{"d": 0.5999985, "p": 82, "v": 76}, {"w": 0.046875, "d": 0.5999985, "p": 83, "v": 108}], "pos": -1.5, "size": 1.0, "_time": 59.3515625}, {"$id": 156, "sounds": [{"d": 0.5999985, "p": 52, "v": 78}], "pos": 1.5, "size": 1.0, "_time": 59.3984375}, {"$id": 157, "sounds": [{"d": 0.6000023, "p": 81, "v": 109}], "pos": -0.5, "size": 1.0, "_time": 60.0}, {"$id": 158, "sounds": [{"d": 1.20000458, "p": 38, "v": 83}, {"d": 2.40000534, "p": 64, "v": 108}], "pos": 1.5, "size": 1.0, "_time": 60.0}, {"$id": 159, "sounds": [{"d": 0.6000023, "p": 76, "v": 109}], "pos": -0.5, "size": 1.0, "_time": 60.19922}, {"$id": 160, "sounds": [{"d": 0.6000023, "p": 69, "v": 109}], "pos": 1.5, "size": 1.0, "_time": 60.3984375}, {"$id": 161, "sounds": [{"d": 0.6000023, "p": 81, "v": 109}], "pos": -0.5, "size": 1.0, "_time": 60.6015625}, {"$id": 162, "sounds": [{"d": 0.6000023, "p": 57, "v": 53}], "pos": 1.0, "size": 1.0, "_time": 60.6015625}, {"$id": 163, "sounds": [{"d": 0.6000023, "p": 76, "v": 104}], "pos": -0.5, "size": 1.0, "_time": 60.80078}, {"$id": 164, "sounds": [{"d": 0.6000023, "p": 69, "v": 106}], "pos": 0.5, "size": 1.0, "_time": 61.0}, {"$id": 165, "sounds": [{"d": 0.6000023, "p": 80, "v": 85}], "pos": -1.5, "size": 1.0, "_time": 61.19922}, {"$id": 166, "sounds": [{"d": 1.20000076, "p": 40, "v": 85}], "pos": 2.0, "size": 1.0, "_time": 61.19922}, {"$id": 167, "sounds": [{"d": 0.6000023, "p": 76, "v": 108}], "pos": 0.5, "size": 1.0, "_time": 61.3984375}, {"$id": 168, "sounds": [{"d": 0.6000023, "p": 71, "v": 108}], "pos": -0.5, "size": 1.0, "_time": 61.6015625}, {"$id": 169, "sounds": [{"d": 0.5999985, "p": 83, "v": 107}], "pos": 1.5, "size": 1.0, "_time": 61.80078}, {"$id": 170, "sounds": [{"d": 0.5999985, "p": 52, "v": 47}], "pos": -1.5, "size": 1.0, "_time": 61.80078}, {"$id": 171, "sounds": [{"d": 0.299999237, "p": 76, "v": 106}], "size": 1.0, "_time": 62.0, "pos": 0}, {"$id": 172, "sounds": [{"d": 0.299995422, "p": 85, "v": 68}], "pos": -1.0, "size": 1.0, "_time": 62.19922}, {"$id": 173, "sounds": [{"d": 0.299995422, "p": 54, "v": 37}, {"d": 0.299995422, "p": 52, "v": 37}, {"d": 0.299995422, "p": 45, "v": 59}, {"d": 0.299995422, "p": 57, "v": 37}], "pos": -1.5, "size": 2.0, "_time": 62.3984375}, {"$id": 174, "sounds": [{"d": 0.149997711, "p": 90, "v": 29}], "pos": 1.5, "size": 1.0, "_time": 62.3984375}, {"$id": 175, "sounds": [{"d": 0.149997711, "p": 88, "v": 90}], "pos": 1.0, "size": 1.0, "_time": 62.5}, {"$id": 176, "sounds": [{"d": 0.149997711, "p": 90, "v": 45}], "pos": 1.5, "size": 1.0, "_time": 62.6015625}, {"$id": 177, "sounds": [{"d": 0.299995422, "p": 52, "v": 53}, {"d": 0.299995422, "p": 45, "v": 63}, {"d": 0.299995422, "p": 57, "v": 53}, {"d": 0.299995422, "p": 54, "v": 53}], "pos": -1.5, "size": 2.0, "_time": 62.69922}, {"$id": 178, "sounds": [{"d": 0.149997711, "p": 88, "v": 100}], "pos": 1.0, "size": 1.0, "_time": 62.69922}, {"$id": 179, "sounds": [{"d": 0.149997711, "p": 90, "v": 68}], "pos": 1.5, "size": 1.0, "_time": 62.80078}, {"$id": 180, "sounds": [{"d": 0.149997711, "p": 88, "v": 104}], "pos": 1.0, "size": 1.0, "_time": 62.8984375}, {"$id": 181, "sounds": [{"d": 0.299995422, "p": 52, "v": 69}, {"d": 0.299995422, "p": 45, "v": 70}, {"d": 0.299995422, "p": 60, "v": 69}, {"d": 0.299995422, "p": 57, "v": 69}], "pos": -1.5, "size": 2.0, "_time": 63.0}, {"$id": 182, "sounds": [{"d": 0.149997711, "p": 90, "v": 85}], "pos": 1.5, "size": 1.0, "_time": 63.0}, {"$id": 183, "sounds": [{"d": 0.149997711, "p": 88, "v": 110}], "pos": 1.0, "size": 1.0, "_time": 63.1015625}, {"$id": 184, "sounds": [{"d": 0.149997711, "p": 90, "v": 98}], "pos": 1.5, "size": 1.0, "_time": 63.19922}, {"$id": 185, "sounds": [{"d": 0.299999237, "p": 57, "v": 111}, {"d": 0.299999237, "p": 60, "v": 111}, {"d": 0.299999237, "p": 45, "v": 75}, {"d": 0.299999237, "p": 52, "v": 111}, {"w": 0.30078125, "d": 1.199997, "p": 59, "v": 127}, {"w": 0.30078125, "d": 1.199997, "p": 54, "v": 127}, {"w": 0.30078125, "d": 1.199997, "p": 47, "v": 127}], "pos": -1.5, "size": 2.0, "_time": 63.30078}, {"$id": 186, "sounds": [{"d": 0.149997711, "p": 88, "v": 115}], "size": 1.0, "_time": 63.30078, "pos": 0}, {"$id": 187, "sounds": [{"d": 0.149997711, "p": 90, "v": 116}], "pos": 1.0, "size": 1.0, "_time": 63.3984375}, {"$id": 188, "sounds": [{"d": 0.07500076, "p": 88, "v": 103}], "pos": 1.5, "size": 1.0, "_time": 63.5}, {"$id": 189, "sounds": [{"d": 0.574996948, "p": 88, "v": 122}], "pos": 2.0, "size": 1.0, "_time": 63.6015625}, {"$id": 190, "sounds": [{"d": 0.574996948, "p": 87, "v": 123}], "pos": 1.0, "size": 1.0, "_time": 64.19922}, {"$id": 191, "sounds": [{"d": 0.599990845, "p": 68, "v": 95}], "pos": 2.0, "size": 1.0, "_time": 64.80078}, {"$id": 192, "sounds": [{"d": 1.19998169, "p": 40, "v": 107}], "pos": -2.0, "size": 1.0, "_time": 64.80078}, {"$id": 193, "sounds": [{"d": 0.599990845, "p": 64, "v": 96}], "pos": -1.0, "size": 1.0, "_time": 65.0}, {"$id": 194, "sounds": [{"d": 0.599990845, "p": 59, "v": 100}], "pos": 0.5, "size": 1.0, "_time": 65.19922}, {"$id": 195, "sounds": [{"d": 0.599990845, "p": 52, "v": 101}], "pos": -1.5, "size": 1.0, "_time": 65.39844}, {"$id": 196, "sounds": [{"d": 0.599990845, "p": 68, "v": 103}], "pos": 1.5, "size": 1.0, "_time": 65.39844}, {"$id": 197, "sounds": [{"d": 0.599990845, "p": 64, "v": 83}], "pos": 0.5, "size": 1.0, "_time": 65.60156}, {"$id": 198, "sounds": [{"d": 0.599990845, "p": 59, "v": 109}], "pos": -1.5, "size": 1.0, "_time": 65.80078}, {"$id": 199, "sounds": [{"d": 1.19998169, "p": 47, "v": 104}, {"d": 1.19998169, "p": 52, "v": 104}], "pos": -0.5, "size": 1.0, "_time": 66.0}, {"$id": 200, "sounds": [{"d": 1.19998169, "p": 68, "v": 112}], "pos": 1.5, "size": 1.0, "_time": 66.0}, {"$id": 201, "sounds": [{"d": 0.599990845, "p": 64, "v": 104}], "pos": 1.0, "size": 1.0, "_time": 66.19922}, {"$id": 202, "sounds": [{"d": 0.599990845, "p": 59, "v": 116}], "pos": -1.0, "size": 1.0, "_time": 66.39844}, {"$id": 203, "sounds": [{"d": 0.599990845, "p": 56, "v": 101}], "pos": -2.0, "size": 1.0, "_time": 66.60156}, {"$id": 204, "sounds": [{"d": 0.599990845, "p": 71, "v": 100}], "size": 1.0, "_time": 66.60156, "pos": 0}, {"$id": 205, "sounds": [{"d": 0.5999985, "p": 64, "v": 114}], "pos": 1.5, "size": 1.0, "_time": 66.80078}, {"$id": 206, "sounds": [{"d": 0.300003052, "p": 76, "v": 97}], "pos": -0.5, "size": 1.0, "_time": 67.0}, {"$id": 207, "sounds": [{"d": 1.20001221, "p": 42, "v": 82}, {"d": 0.6000061, "p": 71, "v": 104}], "pos": -1.5, "size": 1.0, "_time": 67.19922}, {"$id": 208, "sounds": [{"d": 1.20001221, "p": 52, "v": 101}], "pos": 1.5, "size": 1.0, "_time": 67.21875}, {"$id": 209, "sounds": [{"d": 0.900009155, "p": 66, "v": 127}], "pos": 0.5, "size": 1.0, "_time": 67.5}, {"$id": 210, "sounds": [{"d": 0.6000061, "p": 71, "v": 119}], "pos": 2.0, "size": 1.0, "_time": 67.80078}, {"$id": 211, "sounds": [{"d": 0.6000061, "p": 59, "v": 101}], "pos": -0.5, "size": 1.0, "_time": 67.80078}, {"$id": 212, "sounds": [{"d": 0.300003052, "p": 76, "v": 122}], "size": 1.0, "_time": 68.10156, "pos": 0}, {"$id": 213, "sounds": [{"d": 1.20000458, "p": 42, "v": 45}, {"d": 1.20000458, "p": 78, "v": 116}], "pos": -1.5, "size": 1.0, "_time": 68.39844}, {"$id": 214, "sounds": [{"d": 1.20000458, "p": 47, "v": 101}], "pos": 1.5, "size": 1.0, "_time": 68.41797}, {"$id": 215, "sounds": [{"d": 0.9000015, "p": 71, "v": 121}], "pos": 1.0, "size": 1.0, "_time": 68.69922}, {"$id": 216, "sounds": [{"d": 0.5999985, "p": 54, "v": 101}], "pos": -1.0, "size": 1.0, "_time": 69.0}, {"$id": 217, "sounds": [{"d": 0.5999985, "p": 66, "v": 113}], "pos": 2.0, "size": 1.0, "_time": 69.0}, {"$id": 218, "sounds": [{"d": 0.299995422, "p": 59, "v": 123}], "pos": 1.5, "size": 1.0, "_time": 69.30078}, {"$id": 219, "sounds": [{"d": 0.5999985, "p": 68, "v": 98}], "pos": 1.0, "size": 1.0, "_time": 69.60156}, {"$id": 220, "sounds": [{"d": 1.19998932, "p": 40, "v": 82}], "pos": -1.5, "size": 1.0, "_time": 69.60156}, {"$id": 221, "sounds": [{"d": 0.599990845, "p": 80, "v": 113}], "pos": 1.5, "size": 1.0, "_time": 69.89844}, {"$id": 222, "sounds": [{"d": 0.599990845, "p": 68, "v": 92}], "pos": 1.0, "size": 1.0, "_time": 70.19922}, {"$id": 223, "sounds": [{"d": 0.599990845, "p": 56, "v": 103}, {"w": 0.01171875, "d": 0.599990845, "p": 59, "v": 67}], "pos": -1.5, "size": 1.0, "_time": 70.19922}, {"$id": 224, "sounds": [{"d": 0.599990845, "p": 64, "v": 103}], "pos": -0.5, "size": 1.0, "_time": 70.25781}, {"$id": 225, "sounds": [{"d": 0.599990845, "p": 81, "v": 106}], "pos": 1.5, "size": 1.0, "_time": 70.5}, {"$id": 226, "sounds": [{"d": 1.199997, "p": 51, "v": 104}, {"w": 0.01171875, "d": 1.199997, "p": 42, "v": 82}], "pos": -1.0, "size": 1.0, "_time": 70.78906}, {"$id": 227, "sounds": [{"d": 0.5999985, "p": 71, "v": 109}], "pos": 1.0, "size": 1.0, "_time": 70.80078}, {"$id": 228, "sounds": [{"d": 0.6000061, "p": 83, "v": 120}], "pos": 2.0, "size": 1.0, "_time": 71.10156}, {"$id": 229, "sounds": [{"d": 0.5999985, "p": 71, "v": 114}], "pos": 1.0, "size": 1.0, "_time": 71.39844}, {"$id": 230, "sounds": [{"d": 0.5999985, "p": 59, "v": 77}, {"d": 0.5999985, "p": 66, "v": 77}], "pos": -2.0, "size": 1.0, "_time": 71.39844}, {"$id": 231, "sounds": [{"d": 0.299995422, "p": 83, "v": 121}], "pos": -0.5, "size": 1.0, "_time": 71.69922}, {"$id": 232, "sounds": [{"d": 1.20001221, "p": 54, "v": 86}], "pos": 1.5, "size": 1.0, "_time": 72.0}, {"$id": 233, "sounds": [{"d": 1.20001221, "p": 45, "v": 82}, {"d": 0.900009155, "p": 69, "v": 116}], "pos": -2.0, "size": 1.0, "_time": 72.0}, {"$id": 234, "sounds": [{"d": 0.900009155, "p": 57, "v": 104}], "pos": 2.0, "size": 1.0, "_time": 72.30078}, {"$id": 235, "sounds": [{"d": 0.6000061, "p": 61, "v": 104}], "pos": 0.5, "size": 1.0, "_time": 72.60156}, {"$id": 236, "sounds": [{"d": 0.300003052, "p": 64, "v": 120}], "pos": 1.5, "size": 1.0, "_time": 72.89844}, {"$id": 237, "sounds": [{"d": 0.6000061, "p": 68, "v": 115}], "pos": -2.0, "size": 1.0, "_time": 73.19922}, {"$id": 238, "sounds": [{"d": 1.23751068, "p": 47, "v": 106}, {"d": 1.23751068, "p": 54, "v": 106}], "pos": 1.0, "size": 1.0, "_time": 73.19922}, {"$id": 239, "sounds": [{"d": 0.6000061, "p": 59, "v": 99}], "pos": -0.5, "size": 1.0, "_time": 73.5}, {"$id": 240, "sounds": [{"d": 0.6000061, "p": 71, "v": 123}], "pos": 1.5, "size": 1.0, "_time": 73.80078}, {"$id": 241, "sounds": [{"d": 0.300003052, "p": 64, "v": 79}], "pos": -0.5, "size": 1.0, "_time": 74.10156}, {"$id": 242, "sounds": [{"d": 0.599990845, "p": 73, "v": 126}], "pos": 2.0, "size": 1.0, "_time": 74.39844}, {"$id": 243, "sounds": [{"d": 2.39996338, "p": 45, "v": 101}, {"d": 1.19998169, "p": 52, "v": 118}, {"d": 1.79997253, "p": 61, "v": 118}], "pos": -1.5, "size": 2.0, "_time": 74.39844}, {"$id": 244, "sounds": [{"d": 0.599990845, "p": 69, "v": 95}], "pos": -0.5, "size": 1.0, "_time": 74.60156}, {"$id": 245, "sounds": [{"d": 0.599990845, "p": 64, "v": 88}], "pos": 1.5, "size": 1.0, "_time": 74.80078}, {"$id": 246, "sounds": [{"d": 1.79997253, "p": 57, "v": 118}], "pos": -2.0, "size": 1.0, "_time": 75.0}, {"$id": 247, "sounds": [{"d": 0.599990845, "p": 73, "v": 105}], "pos": 1.0, "size": 1.0, "_time": 75.0}, {"$id": 248, "sounds": [{"d": 0.599990845, "p": 69, "v": 112}], "size": 1.0, "_time": 75.19922, "pos": 0}, {"$id": 249, "sounds": [{"d": 0.599990845, "p": 64, "v": 105}], "pos": 2.0, "size": 1.0, "_time": 75.39844}, {"$id": 250, "sounds": [{"d": 0.599990845, "p": 73, "v": 83}], "pos": 0.5, "size": 1.0, "_time": 75.60156}, {"$id": 251, "sounds": [{"d": 1.19998169, "p": 52, "v": 101}], "pos": -2.0, "size": 1.0, "_time": 75.60156}, {"$id": 252, "sounds": [{"d": 0.599990845, "p": 69, "v": 121}], "pos": -0.5, "size": 1.0, "_time": 75.80078}, {"$id": 253, "sounds": [{"d": 0.599990845, "p": 64, "v": 127}], "pos": 2.0, "size": 1.0, "_time": 76.0}, {"$id": 254, "sounds": [{"d": 0.599990845, "p": 75, "v": 123}], "size": 1.0, "_time": 76.19922, "pos": 0}, {"$id": 255, "sounds": [{"d": 0.599990845, "p": 63, "v": 111}], "pos": -2.0, "size": 1.0, "_time": 76.19922}, {"$id": 256, "sounds": [{"d": 0.599990845, "p": 69, "v": 114}], "pos": 1.0, "size": 1.0, "_time": 76.39844}, {"$id": 257, "sounds": [{"d": 0.299995422, "p": 78, "v": 121}], "pos": -1.0, "size": 1.0, "_time": 76.60156}, {"$id": 258, "sounds": [{"d": 0.899986267, "p": 76, "v": 97}], "pos": 0.5, "size": 1.0, "_time": 76.80078}, {"$id": 259, "sounds": [{"d": 2.40000916, "p": 45, "v": 77}, {"d": 2.40000916, "p": 54, "v": 111}], "pos": -1.5, "size": 1.80000019, "_time": 76.80078}, {"$id": 260, "sounds": [{"d": 1.95000458, "p": 73, "v": 119}], "pos": 1.5, "size": 1.0, "_time": 77.0}, {"$id": 261, "sounds": [{"d": 0.7499924, "p": 69, "v": 110}], "pos": -1.0, "size": 1.0, "_time": 77.19922}, {"$id": 262, "sounds": [{"d": 1.80001831, "p": 61, "v": 111}, {"d": 1.20000458, "p": 64, "v": 95}], "pos": 0.5, "size": 1.0, "_time": 77.39844}, {"$id": 263, "sounds": [{"d": 1.50001526, "p": 71, "v": 101}], "pos": -1.5, "size": 1.0, "_time": 77.60156}, {"$id": 264, "sounds": [{"d": 1.35002136, "p": 76, "v": 120}], "pos": 1.0, "size": 1.0, "_time": 77.80078}, {"$id": 265, "sounds": [{"d": 1.20001984, "p": 57, "v": 99}, {"d": 1.20001984, "p": 69, "v": 120}], "pos": -2.0, "size": 1.0, "_time": 78.0}, {"$id": 266, "sounds": [{"d": 1.05001068, "p": 78, "v": 120}], "pos": 2.0, "size": 1.0, "_time": 78.0}, {"$id": 267, "sounds": [{"d": 0.7500076, "p": 83, "v": 126}], "size": 1.0, "_time": 78.30078, "pos": 0}, {"$id": 268, "sounds": [{"d": 0.600013733, "p": 88, "v": 122}], "pos": 1.0, "size": 1.0, "_time": 78.60156}, {"$id": 269, "sounds": [{"d": 0.600013733, "p": 64, "v": 89}], "pos": -1.0, "size": 1.0, "_time": 78.60156}, {"$id": 270, "sounds": [{"d": 0.300010681, "p": 95, "v": 101}], "pos": 2.0, "size": 1.0, "_time": 78.89844}, {"$id": 271, "sounds": [{"d": 0.5999985, "p": 83, "v": 122}], "pos": -1.5, "size": 1.0, "_time": 79.19922}, {"$id": 272, "sounds": [{"d": 0.5999985, "p": 47, "v": 111}, {"d": 0.5999985, "p": 59, "v": 111}], "pos": 1.5, "size": 1.0, "_time": 79.19922}, {"$id": 273, "sounds": [{"d": 0.299995422, "p": 83, "v": 80}, {"d": 0.299995422, "p": 75, "v": 80}], "pos": 1.5, "size": 0.9, "_time": 79.80078}, {"$id": 274, "sounds": [{"d": 0.6124954, "p": 47, "v": 76}, {"d": 0.287498474, "p": 59, "v": 76}], "pos": -2.0, "size": 1.0, "_time": 79.80078}, {"$id": 275, "sounds": [{"d": 0.300003052, "p": 63, "v": 93}, {"d": 0.300003052, "p": 66, "v": 93}, {"d": 0.300003052, "p": 59, "v": 93}], "pos": -2.0, "size": 1.0, "_time": 80.10156}, {"$id": 276, "sounds": [{"d": 0.300003052, "p": 83, "v": 88}, {"d": 0.300003052, "p": 75, "v": 88}], "size": 0.9, "_time": 80.10156, "pos": 0}, {"$id": 277, "sounds": [{"d": 0.299995422, "p": 57, "v": 107}], "pos": -1.5, "size": 1.60000014, "_time": 80.39844}, {"$id": 278, "sounds": [{"d": 0.299995422, "p": 83, "v": 97}, {"d": 0.299995422, "p": 76, "v": 97}], "pos": 1.0, "size": 1.0, "_time": 80.39844}, {"$id": 279, "sounds": [{"d": 0.900009155, "p": 57, "v": 89}, {"d": 0.300003052, "p": 63, "v": 89}, {"d": 0.300003052, "p": 66, "v": 89}], "pos": -1.5, "size": 1.60000014, "_time": 80.69922}, {"$id": 280, "sounds": [{"d": 0.300003052, "p": 83, "v": 107}, {"d": 0.300003052, "p": 76, "v": 107}], "pos": 0.5, "size": 1.0, "_time": 80.69922}, {"$id": 281, "sounds": [{"d": 0.300003052, "p": 83, "v": 123}, {"d": 0.300003052, "p": 78, "v": 123}], "pos": 1.5, "size": 2.0, "_time": 81.0}, {"$id": 282, "sounds": [{"d": 0.6000061, "p": 63, "v": 108}, {"d": 0.6000061, "p": 66, "v": 108}], "pos": -1.5, "size": 2.0, "_time": 81.0}, {"$id": 283, "sounds": [{"d": 0.300003052, "p": 47, "v": 120}], "pos": -1.5, "size": 2.0, "_time": 81.30078}, {"$id": 284, "sounds": [{"d": 0.300003052, "p": 83, "v": 97}, {"d": 0.300003052, "p": 78, "v": 123}], "pos": 1.5, "size": 2.0, "_time": 81.30078}, {"$id": 285, "sounds": [{"d": 0.599990845, "p": 76, "v": 51}], "pos": 1.0, "size": 1.0, "_time": 81.60156}, {"$id": 286, "sounds": [{"d": 1.19998169, "p": 52, "v": 106}, {"d": 1.19998169, "p": 56, "v": 85}], "pos": -1.5, "size": 1.0, "_time": 81.60156}, {"$id": 287, "sounds": [{"d": 2.09998322, "p": 80, "v": 107}], "pos": 0.5, "size": 1.0, "_time": 81.80078}, {"$id": 288, "sounds": [{"d": 0.599990845, "p": 66, "v": 94}], "pos": -1.0, "size": 1.0, "_time": 82.0}, {"$id": 289, "sounds": [{"d": 0.599990845, "p": 76, "v": 113}], "pos": 1.5, "size": 1.0, "_time": 82.19922}, {"$id": 290, "sounds": [{"d": 1.04999542, "p": 71, "v": 116}], "pos": -2.0, "size": 1.0, "_time": 82.39844}, {"$id": 291, "sounds": [{"d": 0.5999985, "p": 66, "v": 120}], "size": 1.0, "_time": 82.60156, "pos": 0}, {"$id": 292, "sounds": [{"d": 0.9000015, "p": 76, "v": 104}], "pos": 1.0, "size": 1.0, "_time": 82.80078}, {"$id": 293, "sounds": [{"d": 1.199997, "p": 52, "v": 122}, {"w": 0.01953125, "d": 1.1812439, "p": 59, "v": 124}], "pos": -1.5, "size": 1.0, "_time": 82.80078}, {"$id": 294, "sounds": [{"d": 1.04998779, "p": 83, "v": 110}], "pos": 1.5, "size": 1.0, "_time": 83.0}, {"$id": 295, "sounds": [{"d": 0.5999985, "p": 66, "v": 116}], "pos": -0.5, "size": 1.0, "_time": 83.19922}, {"$id": 296, "sounds": [{"d": 0.5999985, "p": 88, "v": 108}], "pos": 2.0, "size": 1.0, "_time": 83.39844}, {"$id": 297, "sounds": [{"d": 0.449989319, "p": 71, "v": 122}], "pos": -2.0, "size": 1.0, "_time": 83.60156}, {"$id": 298, "sounds": [{"d": 0.8999939, "p": 76, "v": 121}], "size": 1.0, "_time": 83.80078, "pos": 0}, {"$id": 299, "sounds": [{"d": 1.79999542, "p": 45, "v": 94}, {"w": 0.0078125, "d": 1.2124939, "p": 52, "v": 87}], "pos": -1.5, "size": 1.0, "_time": 84.0}, {"$id": 300, "sounds": [{"d": 1.199997, "p": 64, "v": 86}], "pos": 1.0, "size": 1.0, "_time": 84.0}, {"$id": 301, "sounds": [{"d": 1.34999847, "p": 66, "v": 126}], "pos": 2.0, "size": 1.0, "_time": 84.30078}, {"$id": 302, "sounds": [{"d": 1.800003, "p": 83, "v": 113}], "pos": -0.5, "size": 1.0, "_time": 84.60156}, {"$id": 303, "sounds": [{"d": 1.3500061, "p": 76, "v": 122}], "pos": 1.5, "size": 1.0, "_time": 84.89844}, {"$id": 304, "sounds": [{"d": 1.20000458, "p": 78, "v": 120}], "pos": 2.0, "size": 1.0, "_time": 85.19922}, {"$id": 305, "sounds": [{"d": 1.1625061, "p": 54, "v": 108}, {"w": 0.0078125, "d": 1.1937561, "p": 63, "v": 82}, {"w": 0.0078125, "d": 1.20000458, "p": 57, "v": 96}], "pos": -1.0, "size": 1.4000001, "_time": 85.21094}, {"$id": 306, "sounds": [{"d": 0.900009155, "p": 71, "v": 127}], "pos": 0.5, "size": 1.0, "_time": 85.5}, {"$id": 307, "sounds": [{"d": 0.6000061, "p": 66, "v": 118}], "pos": 2.0, "size": 1.0, "_time": 85.80078}, {"$id": 308, "sounds": [{"d": 0.6000061, "p": 47, "v": 97}], "pos": -1.5, "size": 1.0, "_time": 85.80078}, {"$id": 309, "sounds": [{"d": 0.300003052, "p": 59, "v": 120}], "pos": -0.5, "size": 1.0, "_time": 86.10156}, {"$id": 310, "sounds": [{"d": 0.599990845, "p": 68, "v": 100}], "pos": 1.0, "size": 1.0, "_time": 86.39844}, {"$id": 311, "sounds": [{"d": 1.19998932, "p": 52, "v": 100}, {"d": 1.49998474, "p": 56, "v": 100}], "pos": -1.5, "size": 1.0, "_time": 86.39844}, {"$id": 312, "sounds": [{"d": 0.5999985, "p": 80, "v": 113}], "pos": 1.5, "size": 1.0, "_time": 86.69922}, {"$id": 313, "sounds": [{"d": 0.5999985, "p": 68, "v": 115}], "pos": 0.5, "size": 1.0, "_time": 87.0}, {"$id": 314, "sounds": [{"d": 0.581253052, "p": 59, "v": 93}, {"w": 0.015625, "d": 0.631240845, "p": 64, "v": 100}], "pos": -1.0, "size": 1.0, "_time": 87.00781}, {"$id": 315, "sounds": [{"d": 0.599990845, "p": 81, "v": 102}], "pos": 1.5, "size": 1.0, "_time": 87.30078}, {"$id": 316, "sounds": [{"d": 1.199997, "p": 42, "v": 101}, {"w": 0.01171875, "d": 1.175003, "p": 51, "v": 94}, {"w": 0.015625, "d": 1.18125153, "p": 66, "v": 78}, {"w": 0.015625, "d": 1.18125153, "p": 59, "v": 105}], "pos": -1.5, "size": 1.4000001, "_time": 87.60156}, {"$id": 317, "sounds": [{"d": 0.5999985, "p": 71, "v": 114}], "pos": 0.5, "size": 1.0, "_time": 87.60156}, {"$id": 318, "sounds": [{"d": 0.6000061, "p": 83, "v": 120}], "pos": 1.0, "size": 1.0, "_time": 87.89844}, {"$id": 319, "sounds": [{"d": 0.5999985, "p": 71, "v": 119}], "pos": -0.5, "size": 1.0, "_time": 88.19922}, {"$id": 320, "sounds": [{"d": 0.299995422, "p": 83, "v": 119}], "pos": 1.0, "size": 1.0, "_time": 88.5}, {"$id": 321, "sounds": [{"d": 0.5499954, "p": 62, "v": 108}], "pos": 0.5, "size": 2.0, "_time": 88.80078}, {"$id": 322, "sounds": [{"d": 1.20001984, "p": 44, "v": 97}, {"d": 1.20001984, "p": 56, "v": 122}], "pos": -1.5, "size": 1.90000021, "_time": 88.80078}, {"$id": 323, "sounds": [{"d": 0.550003052, "p": 64, "v": 108}], "pos": 1.5, "size": 1.0, "_time": 88.89844}, {"$id": 324, "sounds": [{"d": 0.5500107, "p": 68, "v": 82}], "pos": -0.5, "size": 1.0, "_time": 89.10156}, {"$id": 325, "sounds": [{"d": 0.5500183, "p": 71, "v": 97}], "pos": 2.0, "size": 1.0, "_time": 89.19922}, {"$id": 326, "sounds": [{"d": 0.55002594, "p": 76, "v": 88}], "pos": -2.0, "size": 1.0, "_time": 89.30078}, {"$id": 327, "sounds": [{"d": 0.5500183, "p": 78, "v": 107}], "pos": 1.0, "size": 1.0, "_time": 89.39844}, {"$id": 328, "sounds": [{"d": 0.5500183, "p": 83, "v": 95}], "pos": -1.0, "size": 1.0, "_time": 89.5}, {"$id": 329, "sounds": [{"d": 0.5500107, "p": 86, "v": 106}], "pos": 2.0, "size": 1.0, "_time": 89.69922}, {"$id": 330, "sounds": [{"d": 0.550003052, "p": 88, "v": 109}], "pos": -1.5, "size": 1.0, "_time": 89.80078}, {"$id": 331, "sounds": [{"d": 0.5499954, "p": 90, "v": 92}], "pos": 0.5, "size": 1.0, "_time": 90.0}, {"$id": 332, "sounds": [{"d": 1.20000458, "p": 47, "v": 70}, {"d": 1.20000458, "p": 52, "v": 110}], "pos": -1.0, "size": 1.0, "_time": 90.0}, {"$id": 333, "sounds": [{"d": 0.5499954, "p": 95, "v": 100}, {"w": 0.01171875, "d": 0.5499954, "p": 100, "v": 109}], "pos": 1.5, "size": 1.0, "_time": 90.19922}, {"$id": 334, "sounds": [{"d": 0.550003052, "p": 92, "v": 121}], "pos": 1.0, "size": 1.0, "_time": 90.60156}, {"$id": 335, "sounds": [{"d": 0.6000061, "p": 64, "v": 87}], "pos": -2.0, "size": 1.0, "_time": 90.60156}, {"$id": 336, "sounds": [{"d": 0.550003052, "p": 87, "v": 123}], "size": 1.0, "_time": 90.85156, "pos": 0}, {"$id": 337, "sounds": [{"d": 1.199997, "p": 59, "v": 122}, {"d": 2.399994, "p": 64, "v": 122}], "size": 1.0, "_time": 91.19922, "pos": 0}, {"$id": 338, "sounds": [{"d": 2.399994, "p": 44, "v": 82}], "pos": -2.0, "size": 1.0, "_time": 91.19922}, {"$id": 339, "sounds": [{"d": 0.9000015, "p": 83, "v": 118}], "pos": 1.0, "size": 1.0, "_time": 91.5}, {"$id": 340, "sounds": [{"d": 1.20000458, "p": 88, "v": 127}], "pos": 2.0, "size": 1.0, "_time": 91.80078}, {"$id": 341, "sounds": [{"d": 0.9000015, "p": 76, "v": 118}], "pos": -1.0, "size": 1.0, "_time": 91.80078}, {"$id": 342, "sounds": [{"d": 1.199997, "p": 52, "v": 66}, {"d": 1.199997, "p": 59, "v": 100}], "pos": -1.5, "size": 1.0, "_time": 92.39844}, {"$id": 343, "sounds": [{"d": 1.199997, "p": 71, "v": 100}], "pos": 1.0, "size": 1.0, "_time": 92.39844}, {"$id": 344, "sounds": [{"d": 0.300003052, "p": 76, "v": 118}], "pos": -0.5, "size": 1.0, "_time": 92.69922}, {"$id": 345, "sounds": [{"d": 0.599990845, "p": 83, "v": 118}], "pos": -1.0, "size": 1.0, "_time": 93.0}, {"$id": 346, "sounds": [{"d": 1.19998932, "p": 88, "v": 121}], "pos": 1.5, "size": 1.0, "_time": 93.0}, {"$id": 347, "sounds": [{"d": 0.7499924, "p": 92, "v": 119}], "pos": 0.5, "size": 1.0, "_time": 93.26172}, {"$id": 348, "sounds": [{"d": 0.0999984741, "p": 79, "v": 74}], "pos": 0.5, "size": 1.0, "_time": 93.52344}, {"$id": 349, "sounds": [{"d": 1.199997, "p": 80, "v": 118}], "pos": 1.5, "size": 0.999999762, "_time": 93.60156}, {"$id": 350, "sounds": [{"d": 2.399994, "p": 42, "v": 100}, {"d": 2.399994, "p": 49, "v": 100}], "pos": -1.5, "size": 2.0, "_time": 93.60156}, {"$id": 351, "sounds": [{"d": 1.79999542, "p": 57, "v": 100}], "pos": -0.5, "size": 1.0, "_time": 94.19922}, {"$id": 352, "sounds": [{"d": 1.199997, "p": 64, "v": 100}], "pos": -1.0, "size": 1.0, "_time": 94.80078}, {"$id": 353, "sounds": [{"d": 1.199997, "p": 81, "v": 127}], "pos": 1.5, "size": 1.0, "_time": 94.80078}, {"$id": 354, "sounds": [{"d": 0.299995422, "p": 76, "v": 20}], "pos": -0.5, "size": 1.0, "_time": 95.19922}, {"$id": 355, "sounds": [{"d": 0.5999985, "p": 83, "v": 94}], "pos": 0.5, "size": 1.0, "_time": 95.30078}, {"$id": 356, "sounds": [{"d": 0.5999985, "p": 95, "v": 127}], "pos": 1.5, "size": 1.0, "_time": 95.39844}, {"$id": 357, "sounds": [{"d": 0.5999985, "p": 71, "v": 73}], "pos": -1.5, "size": 1.0, "_time": 95.39844}, {"$id": 358, "sounds": [{"d": 0.599990845, "p": 80, "v": 124}, {"w": 0.01171875, "d": 0.599990845, "p": 76, "v": 116}], "pos": 2.0, "size": 1.0, "_time": 95.98828}, {"$id": 359, "sounds": [{"d": 0.3999939, "p": 52, "v": 84}, {"d": 0.599990845, "p": 45, "v": 99}], "pos": -1.5, "size": 1.19999981, "_time": 96.0}, {"$id": 360, "sounds": [{"d": 0.299995422, "p": 59, "v": 68}], "pos": -0.5, "size": 1.30000007, "_time": 96.10156}, {"$id": 361, "sounds": [{"d": 1.0, "p": 64, "v": 58}], "size": 1.0, "_time": 96.30078, "pos": 0}, {"$id": 362, "sounds": [{"d": 0.9000015, "p": 69, "v": 61}], "pos": 1.0, "size": 1.0, "_time": 96.39844}, {"$id": 363, "sounds": [{"d": 1.18750763, "p": 100, "v": 108}], "pos": 2.0, "size": 1.0, "_time": 97.19922}, {"$id": 364, "sounds": [{"d": 1.1625061, "p": 93, "v": 83}], "pos": 1.5, "size": 1.0, "_time": 97.22656}, {"$id": 365, "sounds": [{"d": 1.07500458, "p": 88, "v": 88}], "pos": 1.0, "size": 1.0, "_time": 97.27344}, {"$id": 366, "sounds": [{"d": 1.03749847, "p": 85, "v": 88}, {"w": 0.02734375, "d": 1.0249939, "p": 81, "v": 117}], "pos": -1.5, "size": 1.0, "_time": 97.39844}, {"$id": 367, "sounds": [{"d": 0.8624954, "p": 76, "v": 58}], "pos": 1.5, "size": 1.0, "_time": 97.61328}, {"$id": 368, "sounds": [{"d": 0.699996948, "p": 71, "v": 86}], "pos": 1.0, "size": 1.0, "_time": 97.69922}, {"$id": 369, "sounds": [{"d": 0.8624878, "p": 68, "v": 71}], "pos": 0.5, "size": 1.0, "_time": 97.72656}, {"$id": 370, "sounds": [{"d": 0.8624878, "p": 64, "v": 80}], "size": 1.0, "_time": 97.77344, "pos": 0}, {"$id": 371, "sounds": [{"d": 0.8624878, "p": 61, "v": 72}], "pos": -0.5, "size": 1.0, "_time": 97.82422}, {"$id": 372, "sounds": [{"d": 0.8624878, "p": 57, "v": 73}, {"w": 0.07421875, "d": 0.8624878, "p": 54, "v": 88}], "pos": -1.0, "size": 1.0, "_time": 97.88672}, {"$id": 373, "sounds": [{"d": 0.3624878, "p": 47, "v": 36}], "pos": 0.5, "size": 1.2, "_time": 98.1875}, {"$id": 374, "sounds": [{"d": 12.5437241, "p": 40, "v": 98}], "pos": -1.5, "size": 2.0, "_time": 98.39844}, {"$id": 375, "sounds": [{"d": 16.9062271, "p": 52, "v": 36}], "pos": -1.5, "size": 1.0, "_time": 98.89844}, {"$id": 376, "sounds": [{"d": 16.70623, "p": 68, "v": 36}], "pos": -0.5, "size": 1.0, "_time": 99.27344}, {"$id": 377, "sounds": [{"d": 5.50624847, "p": 76, "v": 36}], "pos": 0.5, "size": 1.0, "_time": 99.8125}, {"$id": 378, "sounds": [{"d": 1.387497, "p": 87, "v": 82}], "pos": -1.0, "size": 1.0, "_time": 99.98828}, {"$id": 379, "sounds": [{"d": 8.606232, "p": 78, "v": 36}], "pos": 2.0, "size": 1.0, "_time": 100.039063}, {"$id": 380, "sounds": [{"d": 1.168747, "p": 83, "v": 90}], "pos": 0.5, "size": 1.0, "_time": 100.355469}, {"$id": 381, "sounds": [{"d": 1.387497, "p": 88, "v": 82}], "pos": 1.0, "size": 1.0, "_time": 100.773438}, {"$id": 382, "sounds": [{"d": 1.168747, "p": 81, "v": 90}], "pos": -2.0, "size": 1.0, "_time": 101.488281}, {"$id": 383, "sounds": [{"d": 8.268738, "p": 80, "v": 78}], "size": 1.0, "_time": 102.605469, "pos": 0}, {"$id": 384, "sounds": [{"d": 0.612503052, "p": 83, "v": 68}], "pos": -0.5, "size": 1.0, "_time": 104.375}, {"$id": 385, "sounds": [{"d": 0.5062485, "p": 95, "v": 88}], "pos": 2.0, "size": 1.0, "_time": 104.429688}, {"$id": 386, "sounds": [{"d": 0.5187454, "p": 88, "v": 16}], "size": 1.0, "_time": 105.023438, "pos": 0}, {"$id": 387, "sounds": [{"d": 0.5374985, "p": 83, "v": 62}], "pos": -1.0, "size": 1.0, "_time": 105.445313}, {"$id": 388, "sounds": [{"d": 0.5812454, "p": 95, "v": 72}], "pos": 2.0, "size": 1.0, "_time": 105.53125}, {"$id": 389, "sounds": [{"d": 0.5499954, "p": 76, "v": 24}], "size": 1.0, "_time": 105.65625, "pos": 0}, {"$id": 390, "sounds": [{"d": 0.6437454, "p": 88, "v": 15}], "pos": 0.5, "size": 1.0, "_time": 106.113281}, {"$id": 391, "sounds": [{"d": 0.6187515, "p": 95, "v": 24}], "pos": 1.5, "size": 1.0, "_time": 106.710938}, {"$id": 392, "sounds": [{"d": 0.5625, "p": 76, "v": 64}], "pos": -1.5, "size": 1.0, "_time": 106.75}, {"$id": 393, "sounds": [{"d": 0.6624985, "p": 88, "v": 9}], "size": 1.0, "_time": 107.3125, "pos": 0}, {"$id": 394, "sounds": [{"d": 9.012489, "p": 76, "v": 58}], "pos": -1.0, "size": 1.0, "_time": 107.804688}, {"$id": 395, "sounds": [{"d": 1.231247, "p": 95, "v": 24}], "pos": 1.5, "size": 1.0, "_time": 107.929688}, {"$id": 396, "sounds": [{"d": 0.71875, "p": 88, "v": 7}], "pos": -2.0, "size": 1.0, "_time": 108.574219}, {"$id": 397, "sounds": [{"d": 0.5374985, "p": 83, "v": 17}], "pos": -1.5, "size": 1.0, "_time": 109.644531}, {"$id": 398, "sounds": [{"d": 0.5812454, "p": 95, "v": 16}], "size": 1.0, "_time": 109.730469, "pos": 0}, {"$id": 399, "sounds": [{"d": 0.6437454, "p": 88, "v": 12}], "pos": 1.5, "size": 1.0, "_time": 110.3125}, {"$id": 400, "sounds": [{"d": 0.6187515, "p": 95, "v": 9}], "pos": -0.5, "size": 1.0, "_time": 110.914063}, {"$id": 401, "sounds": [{"d": 0.6624985, "p": 88, "v": 8}], "pos": 1.0, "size": 1.0, "_time": 111.511719}, {"$id": 402, "sounds": [{"d": 1.231247, "p": 95, "v": 6}], "pos": -1.5, "size": 1.0, "_time": 112.132813}, {"$id": 403, "sounds": [{"d": 0.71875, "p": 88, "v": 4}], "pos": 2.0, "size": 0.9000001, "_time": 112.773438}], "links": [{"notes": [{"$ref": 63}, {"$ref": 65}]}, {"notes": [{"$ref": 32}, {"$ref": 34}]}, {"notes": [{"$ref": 186}, {"$ref": 187}, {"$ref": 188}, {"$ref": 189}]}, {"notes": [{"$ref": 174}, {"$ref": 175}, {"$ref": 176}, {"$ref": 178}, {"$ref": 179}, {"$ref": 180}, {"$ref": 182}, {"$ref": 183}, {"$ref": 184}]}, {"notes": [{"$ref": 223}, {"$ref": 224}]}, {"notes": [{"$ref": 363}, {"$ref": 364}, {"$ref": 365}]}, {"notes": [{"$ref": 367}, {"$ref": 368}, {"$ref": 369}, {"$ref": 370}, {"$ref": 371}, {"$ref": 372}]}, {"notes": [{"$ref": 3}, {"$ref": 5}]}, {"notes": [{"$ref": 18}, {"$ref": 20}]}, {"notes": [{"$ref": 24}, {"$ref": 25}]}, {"notes": [{"$ref": 31}, {"$ref": 33}]}, {"notes": [{"$ref": 107}, {"$ref": 109}]}, {"notes": [{"$ref": 348}, {"$ref": 349}]}, {"notes": [{"$ref": 355}, {"$ref": 356}]}, {"notes": [{"$ref": 359}, {"$ref": 360}]}, {"notes": [{"$ref": 361}, {"$ref": 362}]}]}