{"speed": 9.78, "notes": [{"$id": 1, "sounds": [{"d": 0.127688408, "p": 52, "v": 82}], "pos": 1.0, "size": 1.30000007, "_time": 11.2109375}, {"$id": 2, "sounds": [{"d": 0.174731255, "p": 45, "v": 84}, {"d": 0.208333015, "p": 33, "v": 93}, {"d": 0.127688408, "p": 48, "v": 73}], "pos": -1.0, "size": 1.30000007, "_time": 11.2109375}, {"$id": 3, "sounds": [{"d": 0.05376339, "p": 33, "v": 64}], "pos": -1.0, "size": 1.2, "_time": 11.6953125}, {"$id": 4, "sounds": [{"d": 0.0604839325, "p": 52, "v": 66}], "pos": 1.0, "size": 1.2, "_time": 11.6953125}, {"$id": 5, "sounds": [{"d": 0.0403223038, "p": 52, "v": 61}], "pos": 1.0, "size": 1.2, "_time": 12.1757813}, {"$id": 6, "sounds": [{"d": 0.0470428467, "p": 48, "v": 64}], "pos": -1.0, "size": 1.2, "_time": 12.6601563}, {"$id": 7, "sounds": [{"d": 0.05376339, "p": 52, "v": 73}], "pos": 1.0, "size": 1.2, "_time": 12.6601563}, {"$id": 8, "sounds": [{"d": 0.05376339, "p": 48, "v": 74}], "pos": -1.0, "size": 1.2, "_time": 13.1445313}, {"$id": 9, "sounds": [{"d": 0.08064556, "p": 52, "v": 88}], "pos": 1.0, "size": 1.2, "_time": 13.1445313}, {"$id": 10, "sounds": [{"d": 0.0470428467, "p": 48, "v": 80}], "pos": -1.0, "size": 1.2, "_time": 13.46875}, {"$id": 11, "sounds": [{"d": 0.0604839325, "p": 52, "v": 84}], "pos": 1.0, "size": 1.2, "_time": 13.46875}, {"$id": 12, "sounds": [{"d": 0.1814518, "p": 48, "v": 86}, {"d": 0.288978577, "p": 41, "v": 95}, {"d": 1.82795525, "p": 29, "v": 106}], "pos": -1.5, "size": 1.2, "_time": 13.7890625}, {"$id": 13, "sounds": [{"d": 0.1814518, "p": 52, "v": 93}], "pos": 1.0, "size": 1.2, "_time": 13.7890625}, {"$id": 14, "sounds": [{"d": 0.05376339, "p": 52, "v": 72}], "pos": 1.0, "size": 1.2, "_time": 14.2734375}, {"$id": 15, "sounds": [{"d": 0.05376339, "p": 48, "v": 56}], "pos": -1.5, "size": 1.2, "_time": 14.7578125}, {"$id": 16, "sounds": [{"d": 0.0604839325, "p": 52, "v": 69}], "pos": 1.0, "size": 1.2, "_time": 14.7578125}, {"$id": 17, "sounds": [{"d": 0.0470428467, "p": 52, "v": 73}], "pos": 1.0, "size": 1.2, "_time": 15.2421875}, {"$id": 18, "sounds": [{"d": 0.05376339, "p": 48, "v": 59}], "pos": -1.5, "size": 1.2, "_time": 15.2421875}, {"$id": 19, "sounds": [{"d": 0.0470428467, "p": 48, "v": 59}], "pos": -1.5, "size": 1.2, "_time": 15.7265625}, {"$id": 20, "sounds": [{"d": 0.0604839325, "p": 52, "v": 74}], "pos": 1.0, "size": 1.2, "_time": 15.7265625}, {"$id": 21, "sounds": [{"d": 0.0604839325, "p": 48, "v": 80}], "pos": -1.5, "size": 1.2, "_time": 16.046875}, {"$id": 22, "sounds": [{"d": 0.06720352, "p": 52, "v": 90}], "pos": 1.0, "size": 1.2, "_time": 16.046875}, {"$id": 23, "sounds": [{"d": 0.114248276, "p": 52, "v": 98}], "pos": 1.0, "size": 1.2, "_time": 16.3710938}, {"$id": 24, "sounds": [{"d": 2.31183052, "p": 36, "v": 106}, {"d": 0.168012619, "p": 48, "v": 77}], "pos": -1.0, "size": 1.2, "_time": 16.3710938}, {"$id": 25, "sounds": [{"d": 0.0403232574, "p": 48, "v": 60}], "pos": -1.0, "size": 1.2, "_time": 16.8554688}, {"$id": 26, "sounds": [{"d": 0.0604839325, "p": 52, "v": 75}], "pos": 1.0, "size": 1.2, "_time": 16.8554688}, {"$id": 27, "sounds": [{"d": 0.0604839325, "p": 48, "v": 73}], "pos": -1.0, "size": 1.2, "_time": 17.3398438}, {"$id": 28, "sounds": [{"d": 0.0873661041, "p": 52, "v": 90}], "pos": 1.0, "size": 1.2, "_time": 17.3398438}, {"$id": 29, "sounds": [{"d": 0.06720352, "p": 48, "v": 77}], "pos": -1.0, "size": 1.2, "_time": 17.8242188}, {"$id": 30, "sounds": [{"d": 0.07392311, "p": 52, "v": 90}], "pos": 1.0, "size": 1.2, "_time": 17.8242188}, {"$id": 31, "sounds": [{"d": 0.147850037, "p": 48, "v": 90}], "pos": -1.0, "size": 1.2, "_time": 18.3046875}, {"$id": 32, "sounds": [{"d": 0.154569626, "p": 52, "v": 104}], "pos": 1.0, "size": 1.2, "_time": 18.3046875}, {"$id": 33, "sounds": [{"d": 0.114248276, "p": 48, "v": 98}], "pos": -1.0, "size": 1.2, "_time": 18.6289063}, {"$id": 34, "sounds": [{"d": 0.141130447, "p": 52, "v": 106}], "pos": 1.0, "size": 1.2, "_time": 18.6289063}, {"$id": 35, "sounds": [{"d": 0.235214233, "p": 50, "v": 80}], "pos": 0.5, "size": 1.2, "_time": 18.953125}, {"$id": 36, "sounds": [{"d": 2.30510521, "p": 35, "v": 86}, {"d": 0.309139252, "p": 47, "v": 74}], "pos": -1.5, "size": 1.2, "_time": 18.953125}, {"$id": 37, "sounds": [{"d": 0.120967865, "p": 47, "v": 80}], "pos": -1.5, "size": 1.2, "_time": 19.4335938}, {"$id": 38, "sounds": [{"d": 0.147850037, "p": 50, "v": 90}], "pos": 0.5, "size": 1.2, "_time": 19.4335938}, {"$id": 39, "sounds": [{"d": 0.08064461, "p": 50, "v": 98}], "pos": 0.5, "size": 1.2, "_time": 19.9179688}, {"$id": 40, "sounds": [{"d": 0.0873642, "p": 47, "v": 93}], "pos": -1.5, "size": 1.2, "_time": 19.9179688}, {"$id": 41, "sounds": [{"d": 0.09408569, "p": 50, "v": 102}], "pos": 0.5, "size": 1.2, "_time": 20.4023438}, {"$id": 42, "sounds": [{"d": 0.107526779, "p": 47, "v": 93}], "pos": -1.5, "size": 1.2, "_time": 20.4023438}, {"$id": 43, "sounds": [{"d": 0.10080719, "p": 50, "v": 109}, {"d": 0.107526779, "p": 47, "v": 98}], "pos": -1.5, "size": 1.2, "_time": 20.8867188}, {"$id": 44, "sounds": [{"d": 0.14112854, "p": 55, "v": 104}], "pos": 1.0, "size": 1.2, "_time": 20.8867188}, {"$id": 45, "sounds": [{"d": 0.0873661041, "p": 47, "v": 90}, {"d": 0.120967865, "p": 50, "v": 102}], "pos": -1.5, "size": 1.2, "_time": 21.2109375}, {"$id": 46, "sounds": [{"d": 0.147850037, "p": 55, "v": 100}], "pos": 1.0, "size": 1.2, "_time": 21.2109375}, {"$id": 47, "sounds": [{"d": 0.168010712, "p": 48, "v": 93}, {"d": 0.329301834, "p": 45, "v": 93}, {"d": 2.23790359, "p": 33, "v": 93}], "pos": -1.5, "size": 1.2, "_time": 21.53125}, {"$id": 48, "sounds": [{"d": 0.168010712, "p": 52, "v": 102}], "pos": 0.5, "size": 1.2, "_time": 21.53125}, {"$id": 49, "sounds": [{"d": 0.0604839325, "p": 48, "v": 95}], "pos": -1.0, "size": 1.2, "_time": 22.015625}, {"$id": 50, "sounds": [{"d": 0.10080719, "p": 55, "v": 93}], "pos": 1.0, "size": 1.2, "_time": 22.015625}, {"$id": 51, "sounds": [{"d": 0.0873661041, "p": 55, "v": 88}], "pos": -1.0, "size": 1.2, "_time": 22.5}, {"$id": 52, "sounds": [{"d": 0.09408569, "p": 59, "v": 109}], "pos": 0.5, "size": 1.2, "_time": 22.5}, {"$id": 53, "sounds": [{"d": 0.10080719, "p": 55, "v": 90}], "pos": -1.0, "size": 1.2, "_time": 22.984375}, {"$id": 54, "sounds": [{"d": 0.114248276, "p": 59, "v": 112}], "pos": 0.5, "size": 1.2, "_time": 22.984375}, {"$id": 55, "sounds": [{"d": 0.168010712, "p": 60, "v": 98}], "pos": 1.0, "size": 1.2, "_time": 23.46875}, {"$id": 56, "sounds": [{"d": 0.127687454, "p": 55, "v": 95}, {"d": 0.1814518, "p": 45, "v": 88}], "pos": -1.0, "size": 1.2, "_time": 23.46875}, {"$id": 57, "sounds": [{"d": 0.06720352, "p": 55, "v": 84}], "pos": -1.0, "size": 1.2, "_time": 23.7890625}, {"$id": 58, "sounds": [{"d": 0.107526779, "p": 62, "v": 90}], "pos": 1.5, "size": 1.2, "_time": 23.7890625}, {"$id": 59, "sounds": [{"d": 0.120967865, "p": 59, "v": 112}], "pos": 1.0, "size": 1.2, "_time": 24.1132813}, {"$id": 60, "sounds": [{"d": 2.083334, "p": 29, "v": 106}, {"d": 0.389785767, "p": 41, "v": 100}, {"d": 0.194892883, "p": 55, "v": 98}], "pos": -1.5, "size": 1.2, "_time": 24.1132813}, {"$id": 61, "sounds": [{"d": 0.09408569, "p": 59, "v": 100}, {"d": 0.100805283, "p": 55, "v": 78}], "pos": 1.0, "size": 1.2, "_time": 24.5976563}, {"$id": 62, "sounds": [{"d": 0.0470428467, "p": 59, "v": 63}], "pos": 1.0, "size": 1.2, "_time": 25.0820313}, {"$id": 63, "sounds": [{"d": 0.0403232574, "p": 59, "v": 54}], "pos": 1.0, "size": 1.2, "_time": 25.5664063}, {"$id": 64, "sounds": [{"d": 0.315860748, "p": 41, "v": 70}], "pos": -1.0, "size": 1.2, "_time": 25.8867188}, {"$id": 65, "sounds": [{"d": 0.120967865, "p": 60, "v": 93}], "pos": 1.5, "size": 1.2, "_time": 26.046875}, {"$id": 66, "sounds": [{"d": 0.09408569, "p": 55, "v": 90}], "pos": -0.5, "size": 1.2, "_time": 26.046875}, {"$id": 67, "sounds": [{"d": 0.08064461, "p": 55, "v": 86}], "pos": -0.5, "size": 1.2, "_time": 26.3710938}, {"$id": 68, "sounds": [{"d": 0.100805283, "p": 60, "v": 78}], "pos": 1.5, "size": 1.2, "_time": 26.3710938}, {"$id": 69, "sounds": [{"d": 0.1747303, "p": 55, "v": 95}, {"d": 2.27150536, "p": 36, "v": 109}, {"d": 0.342741, "p": 48, "v": 98}], "pos": -1.5, "size": 1.2, "_time": 26.6953125}, {"$id": 70, "sounds": [{"d": 0.154569626, "p": 60, "v": 90}], "pos": 1.5, "size": 1.2, "_time": 26.6953125}, {"$id": 71, "sounds": [{"d": 0.07392502, "p": 55, "v": 45}], "pos": 1.5, "size": 1.2, "_time": 27.1757813}, {"$id": 72, "sounds": [{"d": 0.127687454, "p": 55, "v": 80}], "pos": 1.5, "size": 1.2, "_time": 27.6601563}, {"$id": 73, "sounds": [{"d": 0.1881733, "p": 48, "v": 63}], "pos": -1.0, "size": 1.2, "_time": 27.984375}, {"$id": 74, "sounds": [{"d": 0.107526779, "p": 55, "v": 82}], "pos": 1.5, "size": 1.2, "_time": 28.1445313}, {"$id": 75, "sounds": [{"d": 0.127687454, "p": 55, "v": 98}], "pos": 1.5, "size": 1.2, "_time": 28.6289063}, {"$id": 76, "sounds": [{"d": 0.3494625, "p": 55, "v": 98}], "pos": 1.5, "size": 1.2, "_time": 28.953125}, {"$id": 77, "sounds": [{"d": 2.45967484, "p": 35, "v": 107}], "pos": -1.5, "size": 1.4000001, "_time": 29.2734375}, {"$id": 78, "sounds": [{"d": 0.114248276, "p": 55, "v": 95}, {"d": 0.0873661041, "p": 50, "v": 99}], "pos": 1.5, "size": 1.2, "_time": 29.7578125}, {"$id": 79, "sounds": [{"d": 0.09408569, "p": 47, "v": 90}], "pos": -1.5, "size": 1.4000001, "_time": 30.0820313}, {"$id": 80, "sounds": [{"d": 0.0806465149, "p": 55, "v": 97}, {"d": 0.0403232574, "p": 50, "v": 84}], "pos": 1.5, "size": 1.2, "_time": 30.2382813}, {"$id": 81, "sounds": [{"d": 0.07392502, "p": 47, "v": 96}], "pos": -1.5, "size": 1.4000001, "_time": 30.5664063}, {"$id": 82, "sounds": [{"d": 0.114246368, "p": 50, "v": 97}, {"d": 0.127687454, "p": 55, "v": 99}], "pos": 1.5, "size": 1.2, "_time": 30.7265625}, {"$id": 83, "sounds": [{"d": 0.127687454, "p": 47, "v": 83}], "pos": -1.5, "size": 1.4000001, "_time": 30.8867188}, {"$id": 84, "sounds": [{"d": 0.0873642, "p": 59, "v": 104}, {"d": 0.08064461, "p": 55, "v": 80}], "pos": 1.5, "size": 1.2, "_time": 31.046875}, {"$id": 85, "sounds": [{"d": 0.14112854, "p": 47, "v": 95}], "pos": -1.5, "size": 1.4000001, "_time": 31.2109375}, {"$id": 86, "sounds": [{"d": 0.14112854, "p": 62, "v": 88}, {"d": 0.1747303, "p": 67, "v": 88}], "size": 1.2, "_time": 31.3710938, "pos": 0}, {"$id": 87, "sounds": [{"d": 0.1814518, "p": 47, "v": 104}], "pos": -1.5, "size": 1.4000001, "_time": 31.53125}, {"$id": 88, "sounds": [{"d": 0.241933823, "p": 71, "v": 109}, {"d": 0.18144989, "p": 67, "v": 109}, {"d": 0.127687454, "p": 62, "v": 109}], "pos": 1.5, "size": 1.2, "_time": 31.6953125}, {"$id": 89, "sounds": [{"d": 10.10751, "p": 45, "v": 112}], "pos": -1.5, "size": 1.4000001, "_time": 31.8554688}, {"$id": 90, "sounds": [{"d": 0.107528687, "p": 57, "v": 78}], "pos": -1.5, "size": 1.0, "_time": 32.015625}, {"$id": 91, "sounds": [{"d": 0.154571533, "p": 100, "v": 84}], "pos": 2.0, "size": 1.0, "_time": 32.17578}, {"$id": 92, "sounds": [{"d": 0.194892883, "p": 57, "v": 78}], "pos": -1.5, "size": 1.0, "_time": 32.3398438}, {"$id": 93, "sounds": [{"d": 0.20161438, "p": 95, "v": 73}], "pos": 1.0, "size": 1.0, "_time": 32.5}, {"$id": 94, "sounds": [{"d": 0.154567719, "p": 57, "v": 63}], "pos": -1.5, "size": 1.0, "_time": 32.6601563}, {"$id": 95, "sounds": [{"d": 0.194892883, "p": 96, "v": 75}], "pos": 1.5, "size": 1.0, "_time": 32.82422}, {"$id": 96, "sounds": [{"d": 0.154571533, "p": 57, "v": 78}], "pos": -1.5, "size": 1.0, "_time": 32.984375}, {"$id": 97, "sounds": [{"d": 0.1747284, "p": 98, "v": 104}], "pos": 2.0, "size": 1.0, "_time": 33.14453}, {"$id": 98, "sounds": [{"d": 0.134407043, "p": 57, "v": 75}], "pos": -1.5, "size": 1.0, "_time": 33.3046875}, {"$id": 99, "sounds": [{"d": 0.208332062, "p": 88, "v": 77}], "pos": 0.5, "size": 1.0, "_time": 33.46875}, {"$id": 100, "sounds": [{"d": 0.14112854, "p": 57, "v": 72}], "pos": -1.5, "size": 1.0, "_time": 33.6289063}, {"$id": 101, "sounds": [{"d": 0.22177124, "p": 91, "v": 73}], "pos": 1.0, "size": 1.0, "_time": 33.7890625}, {"$id": 102, "sounds": [{"d": 0.127685547, "p": 57, "v": 69}], "pos": -1.5, "size": 1.0, "_time": 33.953125}, {"$id": 103, "sounds": [{"d": 0.188171387, "p": 95, "v": 102}], "pos": 1.5, "size": 1.0, "_time": 34.11328}, {"$id": 104, "sounds": [{"d": 0.134410858, "p": 57, "v": 73}], "pos": -1.5, "size": 1.0, "_time": 34.2734375}, {"$id": 105, "sounds": [{"d": 0.188171387, "p": 86, "v": 65}], "pos": 0.7517159, "size": 1.0, "_time": 34.4335938}, {"$id": 106, "sounds": [{"d": 0.10080719, "p": 57, "v": 50}], "pos": -1.5, "size": 1.0, "_time": 34.5976563}, {"$id": 107, "sounds": [{"d": 0.22177124, "p": 88, "v": 98}], "pos": 1.32036638, "size": 1.0, "_time": 34.7578125}, {"$id": 108, "sounds": [{"d": 0.14112854, "p": 57, "v": 57}], "pos": -1.5, "size": 1.0, "_time": 34.91797}, {"$id": 109, "sounds": [{"d": 0.235214233, "p": 83, "v": 98}], "pos": 0.5, "size": 1.0, "_time": 35.08203}, {"$id": 110, "sounds": [{"d": 0.134407043, "p": 57, "v": 65}], "pos": -1.5, "size": 1.0, "_time": 35.2421875}, {"$id": 111, "sounds": [{"d": 0.235214233, "p": 84, "v": 95}], "pos": 1.0, "size": 1.0, "_time": 35.4023438}, {"$id": 112, "sounds": [{"d": 0.127689362, "p": 57, "v": 62}], "pos": -1.5, "size": 1.0, "_time": 35.5664063}, {"$id": 113, "sounds": [{"d": 0.1747284, "p": 86, "v": 109}], "pos": 1.5, "size": 1.0, "_time": 35.7265625}, {"$id": 114, "sounds": [{"d": 0.134407043, "p": 57, "v": 59}], "pos": -1.5, "size": 1.0, "_time": 35.88672}, {"$id": 115, "sounds": [{"d": 0.22177124, "p": 76, "v": 86}], "size": 1.0, "_time": 36.046875, "pos": 0}, {"$id": 116, "sounds": [{"d": 0.127685547, "p": 57, "v": 53}], "pos": -1.5, "size": 1.0, "_time": 36.2109375}, {"$id": 117, "sounds": [{"d": 0.215053558, "p": 79, "v": 82}], "pos": 0.5, "size": 1.0, "_time": 36.3710938}, {"$id": 118, "sounds": [{"d": 0.127689362, "p": 57, "v": 63}], "pos": -1.5, "size": 1.0, "_time": 36.53125}, {"$id": 119, "sounds": [{"d": 0.194892883, "p": 84, "v": 82}], "pos": 1.5, "size": 1.0, "_time": 36.6953125}, {"$id": 120, "sounds": [{"d": 0.134410858, "p": 57, "v": 40}], "pos": -1.5, "size": 1.0, "_time": 36.85547}, {"$id": 121, "sounds": [{"d": 0.201610565, "p": 74, "v": 70}], "pos": 0.8203665, "size": 1.0, "_time": 37.015625}, {"$id": 122, "sounds": [{"d": 0.134407043, "p": 57, "v": 44}], "pos": -1.5, "size": 1.0, "_time": 37.17578}, {"$id": 123, "sounds": [{"d": 0.22177124, "p": 76, "v": 90}], "pos": 1.5, "size": 1.0, "_time": 37.3398438}, {"$id": 124, "sounds": [{"d": 0.14112854, "p": 57, "v": 50}], "pos": -1.5, "size": 1.0, "_time": 37.5}, {"$id": 125, "sounds": [{"d": 0.215053558, "p": 71, "v": 88}], "pos": 0.5, "size": 1.0, "_time": 37.6601563}, {"$id": 126, "sounds": [{"d": 0.16129303, "p": 57, "v": 66}], "pos": -1.5, "size": 1.0, "_time": 37.82422}, {"$id": 127, "sounds": [{"d": 0.235214233, "p": 72, "v": 98}], "pos": 1.0, "size": 1.0, "_time": 37.984375}, {"$id": 128, "sounds": [{"d": 0.168010712, "p": 57, "v": 75}], "pos": -1.5, "size": 1.0, "_time": 38.14453}, {"$id": 129, "sounds": [{"d": 0.235218048, "p": 74, "v": 104}], "pos": 1.5, "size": 1.0, "_time": 38.3046875}, {"$id": 130, "sounds": [{"d": 0.147850037, "p": 57, "v": 86}], "pos": -1.5, "size": 1.0, "_time": 38.46875}, {"$id": 131, "sounds": [{"d": 0.228492737, "p": 67, "v": 93}], "pos": 0.5, "size": 1.0, "_time": 38.6289063}, {"$id": 132, "sounds": [{"d": 0.168010712, "p": 57, "v": 84}], "pos": -1.5, "size": 1.0, "_time": 38.7890625}, {"$id": 133, "sounds": [{"d": 0.168014526, "p": 71, "v": 106}], "pos": 1.0, "size": 1.0, "_time": 38.953125}, {"$id": 134, "sounds": [{"d": 0.147850037, "p": 57, "v": 80}], "pos": -1.5, "size": 1.0, "_time": 39.11328}, {"$id": 135, "sounds": [{"d": 0.235214233, "p": 62, "v": 100}], "pos": 0.5, "size": 1.0, "_time": 39.2734375}, {"$id": 136, "sounds": [{"d": 0.134407043, "p": 57, "v": 75}], "pos": -1.5, "size": 1.0, "_time": 39.4335938}, {"$id": 137, "sounds": [{"d": 0.1747284, "p": 64, "v": 109}], "pos": 1.0, "size": 1.0, "_time": 39.5976563}, {"$id": 138, "sounds": [{"d": 0.107524872, "p": 57, "v": 72}], "pos": -1.5, "size": 1.0, "_time": 39.7578125}, {"$id": 139, "sounds": [{"d": 0.215053558, "p": 59, "v": 109}], "size": 1.0, "_time": 39.91797, "pos": 0}, {"$id": 140, "sounds": [{"d": 0.147850037, "p": 57, "v": 69}], "pos": -1.5, "size": 1.0, "_time": 40.08203}, {"$id": 141, "sounds": [{"d": 0.208332062, "p": 60, "v": 109}], "pos": 0.5, "size": 1.0, "_time": 40.2421875}, {"$id": 142, "sounds": [{"d": 0.147850037, "p": 57, "v": 78}], "pos": -1.5, "size": 1.0, "_time": 40.4023438}, {"$id": 143, "sounds": [{"d": 0.194892883, "p": 62, "v": 118}], "pos": 1.0, "size": 1.0, "_time": 40.5664063}, {"$id": 144, "sounds": [{"d": 0.120967865, "p": 57, "v": 82}], "pos": -1.5, "size": 1.0, "_time": 40.7265625}, {"$id": 145, "sounds": [{"d": 0.168010712, "p": 59, "v": 125}], "pos": -0.5, "size": 1.0, "_time": 40.88672}, {"$id": 146, "sounds": [{"d": 0.114250183, "p": 57, "v": 80}], "pos": -1.5, "size": 1.0, "_time": 41.046875}, {"$id": 147, "sounds": [{"d": 0.18144989, "p": 60, "v": 115}], "size": 1.0, "_time": 41.2109375, "pos": 0}, {"$id": 148, "sounds": [{"d": 0.14112854, "p": 57, "v": 75}], "pos": -1.5, "size": 1.0, "_time": 41.3710938}, {"$id": 149, "sounds": [{"d": 0.154571533, "p": 62, "v": 122}], "pos": 0.5, "size": 1.0, "_time": 41.53125}, {"$id": 150, "sounds": [{"d": 0.168010712, "p": 57, "v": 98}], "pos": -1.5, "size": 1.0, "_time": 41.6953125}, {"$id": 151, "sounds": [{"d": 0.134410858, "p": 59, "v": 127}], "size": 1.0, "_time": 41.85547, "pos": 0}, {"$id": 152, "sounds": [{"d": 0.134407043, "p": 76, "v": 127}], "pos": 1.5, "size": 1.1, "_time": 42.17578}, {"$id": 153, "sounds": [{"d": 0.241931915, "p": 64, "v": 106}, {"d": 0.248653412, "p": 60, "v": 102}, {"d": 0.241931915, "p": 57, "v": 106}, {"d": 0.201610565, "p": 41, "v": 109}, {"d": 0.248653412, "p": 48, "v": 102}], "pos": -1.0, "size": 1.80000019, "_time": 42.17578}, {"$id": 154, "sounds": [{"d": 0.0806427, "p": 74, "v": 115}], "pos": 0.5, "size": 1.0, "_time": 42.3398438}, {"$id": 155, "sounds": [{"d": 0.0873642, "p": 76, "v": 118}], "pos": 1.5, "size": 1.0, "_time": 42.5}, {"$id": 156, "sounds": [{"d": 0.18144989, "p": 57, "v": 88}, {"d": 0.201610565, "p": 60, "v": 102}, {"d": 0.208332062, "p": 64, "v": 109}, {"d": 0.161289215, "p": 53, "v": 78}, {"d": 0.1747284, "p": 41, "v": 95}, {"d": 0.188171387, "p": 48, "v": 98}], "pos": -1.0, "size": 1.80000019, "_time": 42.5}, {"$id": 157, "sounds": [{"d": 0.322582245, "p": 69, "v": 115}], "pos": -1.0, "size": 1.0, "_time": 42.82422}, {"$id": 158, "sounds": [{"d": 0.0604820251, "p": 72, "v": 118}], "pos": 0.5, "size": 1.0, "_time": 43.14453}, {"$id": 159, "sounds": [{"d": 0.0806465149, "p": 76, "v": 118}], "pos": 1.5, "size": 1.0, "_time": 43.3046875}, {"$id": 160, "sounds": [{"d": 0.07392502, "p": 74, "v": 127}], "pos": 1.0, "size": 1.0, "_time": 43.6289063}, {"$id": 161, "sounds": [{"d": 0.228496552, "p": 53, "v": 109}, {"d": 0.248657227, "p": 57, "v": 106}, {"d": 0.255378723, "p": 64, "v": 106}, {"d": 0.255378723, "p": 48, "v": 100}, {"d": 0.322582245, "p": 41, "v": 109}, {"d": 0.30242157, "p": 60, "v": 104}], "pos": -1.0, "size": 1.80000019, "_time": 43.7890625}, {"$id": 162, "sounds": [{"d": 0.0806427, "p": 76, "v": 127}], "pos": 1.5, "size": 1.0, "_time": 43.953125}, {"$id": 163, "sounds": [{"d": 0.302417755, "p": 69, "v": 122}], "pos": 0.5, "size": 1.0, "_time": 44.2734375}, {"$id": 164, "sounds": [{"d": 0.07392502, "p": 72, "v": 125}], "size": 1.0, "_time": 44.5976563, "pos": 0}, {"$id": 165, "sounds": [{"d": 0.07392502, "p": 76, "v": 106}], "pos": 1.5, "size": 1.0, "_time": 44.7578125}, {"$id": 166, "sounds": [{"d": 0.2553749, "p": 59, "v": 109}, {"d": 0.2553749, "p": 55, "v": 102}, {"d": 0.2553749, "p": 62, "v": 100}, {"d": 0.2620964, "p": 47, "v": 102}, {"d": 0.22177124, "p": 40, "v": 112}, {"d": 0.235214233, "p": 52, "v": 109}], "pos": -1.0, "size": 1.80000019, "_time": 44.7578125}, {"$id": 167, "sounds": [{"d": 0.06720352, "p": 74, "v": 115}], "pos": 0.5, "size": 1.0, "_time": 44.91797}, {"$id": 168, "sounds": [{"d": 0.114250183, "p": 76, "v": 125}], "pos": 1.5, "size": 1.0, "_time": 45.08203}, {"$id": 169, "sounds": [{"d": 0.154571533, "p": 55, "v": 104}, {"d": 0.174732208, "p": 62, "v": 109}, {"d": 0.168010712, "p": 59, "v": 122}, {"d": 0.141132355, "p": 47, "v": 104}, {"d": 0.141132355, "p": 40, "v": 98}, {"d": 0.134410858, "p": 52, "v": 90}], "pos": -1.0, "size": 1.80000019, "_time": 45.08203}, {"$id": 170, "sounds": [{"d": 0.329303741, "p": 69, "v": 122}], "pos": -0.5, "size": 1.0, "_time": 45.4023438}, {"$id": 171, "sounds": [{"d": 0.06720352, "p": 72, "v": 125}], "pos": 1.0, "size": 1.0, "_time": 45.7265625}, {"$id": 172, "sounds": [{"d": 0.0806465149, "p": 76, "v": 127}], "pos": 1.5, "size": 1.0, "_time": 45.88672}, {"$id": 173, "sounds": [{"d": 0.07392502, "p": 74, "v": 127}], "pos": 1.0, "size": 1.0, "_time": 46.2109375}, {"$id": 174, "sounds": [{"d": 0.161289215, "p": 52, "v": 109}, {"d": 0.188171387, "p": 59, "v": 106}, {"d": 0.147850037, "p": 67, "v": 100}, {"d": 0.14112854, "p": 55, "v": 93}, {"d": 0.161289215, "p": 40, "v": 104}, {"d": 0.168010712, "p": 47, "v": 106}], "pos": -1.0, "size": 1.80000019, "_time": 46.3710938}, {"$id": 175, "sounds": [{"d": 0.315860748, "p": 76, "v": 127}], "pos": 1.5, "size": 1.0, "_time": 46.53125}, {"$id": 176, "sounds": [{"d": 0.3696251, "p": 71, "v": 118}], "size": 1.0, "_time": 46.85547, "pos": 0}, {"$id": 177, "sounds": [{"d": 0.09408569, "p": 79, "v": 125}], "pos": 2.0, "size": 1.0, "_time": 47.17578}, {"$id": 178, "sounds": [{"d": 0.0806465149, "p": 76, "v": 127}], "pos": 1.0, "size": 1.0, "_time": 47.3398438}, {"$id": 179, "sounds": [{"d": 0.2688179, "p": 55, "v": 102}, {"d": 0.2688179, "p": 59, "v": 118}, {"d": 0.248657227, "p": 43, "v": 109}, {"d": 0.2688179, "p": 50, "v": 106}], "pos": -1.0, "size": 1.80000019, "_time": 47.3398438}, {"$id": 180, "sounds": [{"d": 0.0739212, "p": 74, "v": 127}], "pos": 0.5, "size": 1.0, "_time": 47.6601563}, {"$id": 181, "sounds": [{"d": 0.1612854, "p": 50, "v": 112}, {"d": 0.181446075, "p": 59, "v": 125}, {"d": 0.174724579, "p": 55, "v": 109}, {"d": 0.1612854, "p": 43, "v": 102}], "pos": -1.0, "size": 1.80000019, "_time": 47.6601563}, {"$id": 182, "sounds": [{"d": 0.0806465149, "p": 76, "v": 127}], "pos": 1.0, "size": 1.0, "_time": 47.984375}, {"$id": 183, "sounds": [{"d": 0.127689362, "p": 79, "v": 125}], "pos": 2.0, "size": 1.0, "_time": 48.3046875}, {"$id": 184, "sounds": [{"d": 0.0873642, "p": 76, "v": 118}], "pos": 1.0, "size": 1.0, "_time": 48.46875}, {"$id": 185, "sounds": [{"d": 0.0873642, "p": 74, "v": 127}], "pos": 0.5, "size": 1.0, "_time": 48.7890625}, {"$id": 186, "sounds": [{"d": 0.470428467, "p": 59, "v": 122}, {"d": 0.376342773, "p": 55, "v": 102}, {"d": 0.376342773, "p": 43, "v": 112}, {"d": 0.396503448, "p": 50, "v": 106}], "pos": -1.0, "size": 1.80000019, "_time": 48.953125}, {"$id": 187, "sounds": [{"d": 0.0806465149, "p": 76, "v": 127}], "pos": 1.0, "size": 1.0, "_time": 49.11328}, {"$id": 188, "sounds": [{"d": 0.483867645, "p": 69, "v": 122}], "pos": -1.0, "size": 1.0, "_time": 49.4335938}, {"$id": 189, "sounds": [{"d": 0.09408569, "p": 76, "v": 127}], "pos": 1.0, "size": 1.0, "_time": 49.91797}, {"$id": 190, "sounds": [{"d": 0.2620964, "p": 60, "v": 112}, {"d": 0.2553749, "p": 55, "v": 102}, {"d": 0.235214233, "p": 45, "v": 115}, {"d": 0.24193573, "p": 52, "v": 106}], "pos": -1.0, "size": 1.80000019, "_time": 49.91797}, {"$id": 191, "sounds": [{"d": 0.174732208, "p": 45, "v": 98}, {"d": 0.1814537, "p": 52, "v": 102}, {"d": 0.174732208, "p": 55, "v": 98}, {"d": 0.1814537, "p": 60, "v": 115}], "pos": -1.0, "size": 1.80000019, "_time": 50.2421875}, {"$id": 192, "sounds": [{"d": 0.10080719, "p": 74, "v": 125}], "pos": 0.5, "size": 1.0, "_time": 50.2421875}, {"$id": 193, "sounds": [{"d": 0.07392502, "p": 76, "v": 125}], "pos": 1.0, "size": 1.0, "_time": 50.5664063}, {"$id": 194, "sounds": [{"d": 0.208332062, "p": 84, "v": 125}], "pos": 1.5, "size": 1.0, "_time": 50.88672}, {"$id": 195, "sounds": [{"d": 0.0806465149, "p": 83, "v": 118}], "pos": 0.5, "size": 1.0, "_time": 51.046875}, {"$id": 196, "sounds": [{"d": 0.0873642, "p": 79, "v": 125}], "size": 1.0, "_time": 51.3710938, "pos": 0}, {"$id": 197, "sounds": [{"d": 0.38306427, "p": 54, "v": 120}, {"d": 0.403224945, "p": 60, "v": 115}, {"d": 0.3696251, "p": 42, "v": 120}], "pos": -1.5, "size": 1.80000019, "_time": 51.53125}, {"$id": 198, "sounds": [{"d": 0.120967865, "p": 86, "v": 127}], "pos": 1.5, "size": 1.0, "_time": 51.6953125}, {"$id": 199, "sounds": [{"d": 0.3696251, "p": 84, "v": 125}], "pos": 0.5, "size": 1.0, "_time": 52.015625}, {"$id": 200, "sounds": [{"d": 0.168010712, "p": 62, "v": 102}, {"d": 0.147850037, "p": 42, "v": 109}, {"d": 0.14112854, "p": 54, "v": 109}], "pos": -1.5, "size": 1.80000019, "_time": 52.015625}, {"$id": 201, "sounds": [{"d": 0.201610565, "p": 41, "v": 109}, {"d": 0.241931915, "p": 64, "v": 106}, {"d": 0.248653412, "p": 60, "v": 102}, {"d": 0.248653412, "p": 48, "v": 102}, {"d": 0.241931915, "p": 57, "v": 106}], "pos": -0.5, "size": 1.80000019, "_time": 52.5}, {"$id": 202, "sounds": [{"d": 0.134407043, "p": 76, "v": 127}], "pos": 2.0, "size": 1.0, "_time": 52.5}, {"$id": 203, "sounds": [{"d": 0.0806427, "p": 74, "v": 115}], "pos": 1.0, "size": 1.0, "_time": 52.6601563}, {"$id": 204, "sounds": [{"d": 0.0873642, "p": 76, "v": 118}], "pos": 2.0, "size": 1.0, "_time": 52.82422}, {"$id": 205, "sounds": [{"d": 0.201610565, "p": 60, "v": 102}, {"d": 0.1747284, "p": 41, "v": 95}, {"d": 0.161289215, "p": 53, "v": 78}, {"d": 0.18144989, "p": 57, "v": 88}, {"d": 0.208332062, "p": 64, "v": 109}, {"d": 0.188171387, "p": 48, "v": 98}], "pos": -0.5, "size": 1.80000019, "_time": 52.82422}, {"$id": 206, "sounds": [{"d": 0.322582245, "p": 69, "v": 115}], "pos": -1.5, "size": 1.0, "_time": 53.14453}, {"$id": 207, "sounds": [{"d": 0.0604820251, "p": 72, "v": 118}], "pos": 0.5, "size": 1.0, "_time": 53.46875}, {"$id": 208, "sounds": [{"d": 0.0806465149, "p": 76, "v": 118}], "pos": 1.5, "size": 1.0, "_time": 53.6289063}, {"$id": 209, "sounds": [{"d": 0.07392502, "p": 74, "v": 127}], "pos": 1.0, "size": 1.0, "_time": 53.953125}, {"$id": 210, "sounds": [{"d": 0.248657227, "p": 57, "v": 106}, {"d": 0.322582245, "p": 41, "v": 109}, {"d": 0.228496552, "p": 53, "v": 109}, {"d": 0.255378723, "p": 48, "v": 100}, {"d": 0.30242157, "p": 60, "v": 104}, {"d": 0.255378723, "p": 64, "v": 106}], "pos": -1.0, "size": 1.80000019, "_time": 54.11328}, {"$id": 211, "sounds": [{"d": 0.0806427, "p": 76, "v": 127}], "pos": 1.5, "size": 1.0, "_time": 54.2734375}, {"$id": 212, "sounds": [{"d": 0.302417755, "p": 69, "v": 122}], "pos": -1.0, "size": 1.0, "_time": 54.5976563}, {"$id": 213, "sounds": [{"d": 0.07392502, "p": 72, "v": 125}], "size": 1.0, "_time": 54.91797, "pos": 0}, {"$id": 214, "sounds": [{"d": 0.07392502, "p": 76, "v": 106}], "pos": 1.5, "size": 1.0, "_time": 55.08203}, {"$id": 215, "sounds": [{"d": 0.2553749, "p": 59, "v": 109}, {"d": 0.2553749, "p": 55, "v": 102}, {"d": 0.235214233, "p": 52, "v": 109}, {"d": 0.2620964, "p": 47, "v": 102}, {"d": 0.22177124, "p": 40, "v": 112}, {"d": 0.2553749, "p": 62, "v": 100}], "pos": -1.0, "size": 1.80000019, "_time": 55.08203}, {"$id": 216, "sounds": [{"d": 0.06720352, "p": 74, "v": 115}], "pos": 0.5, "size": 1.0, "_time": 55.2421875}, {"$id": 217, "sounds": [{"d": 0.114250183, "p": 76, "v": 125}], "pos": 1.5, "size": 1.0, "_time": 55.4023438}, {"$id": 218, "sounds": [{"d": 0.174732208, "p": 62, "v": 109}, {"d": 0.141132355, "p": 40, "v": 98}, {"d": 0.134410858, "p": 52, "v": 90}, {"d": 0.154571533, "p": 55, "v": 104}, {"d": 0.141132355, "p": 47, "v": 104}, {"d": 0.168010712, "p": 59, "v": 122}], "pos": -1.0, "size": 1.80000019, "_time": 55.4023438}, {"$id": 219, "sounds": [{"d": 0.329303741, "p": 69, "v": 122}], "pos": -1.0, "size": 1.0, "_time": 55.7265625}, {"$id": 220, "sounds": [{"d": 0.06720352, "p": 72, "v": 125}], "pos": 0.5, "size": 1.0, "_time": 56.046875}, {"$id": 221, "sounds": [{"d": 0.0806465149, "p": 76, "v": 127}], "pos": 1.5, "size": 1.0, "_time": 56.2109375}, {"$id": 222, "sounds": [{"d": 0.07392502, "p": 74, "v": 127}], "pos": 1.0, "size": 1.0, "_time": 56.53125}, {"$id": 223, "sounds": [{"d": 0.161289215, "p": 40, "v": 104}, {"d": 0.188171387, "p": 59, "v": 106}, {"d": 0.168010712, "p": 47, "v": 106}, {"d": 0.161289215, "p": 52, "v": 109}, {"d": 0.14112854, "p": 55, "v": 93}, {"d": 0.147850037, "p": 67, "v": 100}], "pos": -1.0, "size": 1.80000019, "_time": 56.6953125}, {"$id": 224, "sounds": [{"d": 0.315860748, "p": 76, "v": 127}], "pos": 1.5, "size": 1.0, "_time": 56.85547}, {"$id": 225, "sounds": [{"d": 0.3696251, "p": 71, "v": 118}], "pos": -0.5, "size": 1.0, "_time": 57.17578}, {"$id": 226, "sounds": [{"d": 0.09408569, "p": 79, "v": 125}], "pos": 1.5, "size": 1.0, "_time": 57.5}, {"$id": 227, "sounds": [{"d": 0.248657227, "p": 43, "v": 109}, {"d": 0.2688179, "p": 50, "v": 106}, {"d": 0.2688179, "p": 59, "v": 118}, {"d": 0.2688179, "p": 55, "v": 102}], "pos": -1.0, "size": 1.80000019, "_time": 57.6601563}, {"$id": 228, "sounds": [{"d": 0.0806465149, "p": 76, "v": 127}], "pos": 1.0, "size": 1.0, "_time": 57.6601563}, {"$id": 229, "sounds": [{"d": 0.0739212, "p": 74, "v": 127}], "pos": 0.5, "size": 1.0, "_time": 57.984375}, {"$id": 230, "sounds": [{"d": 0.174724579, "p": 55, "v": 109}, {"d": 0.1612854, "p": 50, "v": 112}, {"d": 0.181446075, "p": 59, "v": 125}, {"d": 0.1612854, "p": 43, "v": 102}], "pos": -1.0, "size": 1.80000019, "_time": 57.984375}, {"$id": 231, "sounds": [{"d": 0.0806465149, "p": 76, "v": 127}], "pos": 1.0, "size": 1.0, "_time": 58.3046875}, {"$id": 232, "sounds": [{"d": 0.127689362, "p": 79, "v": 125}], "pos": 2.0, "size": 1.0, "_time": 58.6289063}, {"$id": 233, "sounds": [{"d": 0.0873642, "p": 76, "v": 118}], "pos": 0.5, "size": 1.0, "_time": 58.7890625}, {"$id": 234, "sounds": [{"d": 0.0873642, "p": 74, "v": 127}], "size": 1.0, "_time": 59.11328, "pos": 0}, {"$id": 235, "sounds": [{"d": 0.396503448, "p": 50, "v": 106}, {"d": 0.376342773, "p": 43, "v": 112}, {"d": 0.470428467, "p": 59, "v": 122}, {"d": 0.376342773, "p": 55, "v": 102}], "pos": -1.5, "size": 1.80000019, "_time": 59.2734375}, {"$id": 236, "sounds": [{"d": 0.0806465149, "p": 76, "v": 127}], "pos": 1.5, "size": 1.0, "_time": 59.4335938}, {"$id": 237, "sounds": [{"d": 0.483867645, "p": 69, "v": 122}], "pos": -1.0, "size": 1.0, "_time": 59.7578125}, {"$id": 238, "sounds": [{"d": 0.09408569, "p": 76, "v": 127}], "pos": 1.0, "size": 1.0, "_time": 60.2421875}, {"$id": 239, "sounds": [{"d": 0.2620964, "p": 60, "v": 112}, {"d": 0.2553749, "p": 55, "v": 102}, {"d": 0.235214233, "p": 45, "v": 115}, {"d": 0.24193573, "p": 52, "v": 106}], "pos": -1.5, "size": 1.80000019, "_time": 60.2421875}, {"$id": 240, "sounds": [{"d": 0.174732208, "p": 45, "v": 98}, {"d": 0.1814537, "p": 60, "v": 115}, {"d": 0.1814537, "p": 52, "v": 102}, {"d": 0.174732208, "p": 55, "v": 98}], "pos": -1.5, "size": 1.80000019, "_time": 60.5664063}, {"$id": 241, "sounds": [{"d": 0.10080719, "p": 74, "v": 125}], "size": 1.0, "_time": 60.5664063, "pos": 0}, {"$id": 242, "sounds": [{"d": 0.07392502, "p": 76, "v": 125}], "pos": 1.0, "size": 1.0, "_time": 60.88672}, {"$id": 243, "sounds": [{"d": 0.208332062, "p": 84, "v": 125}], "pos": 2.0, "size": 1.0, "_time": 61.2109375}, {"$id": 244, "sounds": [{"d": 0.0806465149, "p": 83, "v": 118}], "pos": 1.0, "size": 1.0, "_time": 61.3710938}, {"$id": 245, "sounds": [{"d": 0.0873642, "p": 79, "v": 125}], "pos": 0.5, "size": 1.0, "_time": 61.6953125}, {"$id": 246, "sounds": [{"d": 0.3696251, "p": 42, "v": 120}, {"d": 0.38306427, "p": 54, "v": 120}, {"d": 0.403224945, "p": 60, "v": 115}], "pos": -1.5, "size": 1.80000019, "_time": 61.85547}, {"$id": 247, "sounds": [{"d": 0.120967865, "p": 86, "v": 127}], "pos": 2.0, "size": 1.0, "_time": 62.015625}, {"$id": 248, "sounds": [{"d": 0.147850037, "p": 42, "v": 109}, {"d": 0.14112854, "p": 54, "v": 109}, {"d": 0.168010712, "p": 62, "v": 102}], "pos": -1.0, "size": 1.80000019, "_time": 62.3398438}, {"$id": 249, "sounds": [{"d": 0.3696251, "p": 84, "v": 125}], "pos": 0.5, "size": 1.0, "_time": 62.3398438}, {"$id": 250, "sounds": [{"d": 0.18144989, "p": 60, "v": 86}, {"d": 0.228492737, "p": 67, "v": 109}, {"d": 0.2688141, "p": 72, "v": 125}], "pos": 0.5, "size": 1.0, "_time": 62.4921875}, {"$id": 251, "sounds": [{"d": 0.147846222, "p": 62, "v": 86}, {"d": 0.12096405, "p": 74, "v": 105}], "pos": 1.0, "size": 1.0, "_time": 62.65625}, {"$id": 252, "sounds": [{"d": 0.0806465149, "p": 76, "v": 120}, {"d": 0.07392502, "p": 67, "v": 105}, {"d": 0.08736801, "p": 64, "v": 113}], "pos": 1.0, "size": 1.4000001, "_time": 62.8164063}, {"$id": 253, "sounds": [{"d": 4.428795, "p": 48, "v": 110}, {"d": 4.50943756, "p": 41, "v": 105}, {"d": 0.423389435, "p": 53, "v": 120}], "pos": -1.0, "size": 1.80000019, "_time": 62.82422}, {"$id": 254, "sounds": [{"d": 0.0470428467, "p": 67, "v": 80}], "pos": -1.0, "size": 1.30000007, "_time": 63.13672}, {"$id": 255, "sounds": [{"d": 0.0537643433, "p": 72, "v": 102}, {"d": 0.07392502, "p": 76, "v": 111}], "pos": 1.0, "size": 1.30000007, "_time": 63.13672}, {"$id": 256, "sounds": [{"d": 0.2822609, "p": 72, "v": 111}, {"d": 0.2755394, "p": 67, "v": 98}, {"d": 0.2822609, "p": 76, "v": 105}], "pos": 1.0, "size": 1.30000007, "_time": 63.4609375}, {"$id": 257, "sounds": [{"d": 0.416671753, "p": 53, "v": 99}, {"d": 0.2822609, "p": 60, "v": 85}], "pos": -1.0, "size": 1.30000007, "_time": 63.4609375}, {"$id": 258, "sounds": [{"d": 0.03360367, "p": 74, "v": 94}], "size": 1.0, "_time": 63.7890625, "pos": 0}, {"$id": 259, "sounds": [{"d": 0.0604820251, "p": 67, "v": 104}], "pos": -1.0, "size": 1.30000007, "_time": 63.953125}, {"$id": 260, "sounds": [{"d": 0.07392502, "p": 76, "v": 118}], "pos": 1.0, "size": 1.30000007, "_time": 63.953125}, {"$id": 261, "sounds": [{"d": 0.0537643433, "p": 67, "v": 94}, {"d": 0.0470428467, "p": 72, "v": 114}], "pos": -1.5, "size": 1.30000007, "_time": 64.27344}, {"$id": 262, "sounds": [{"d": 0.06048584, "p": 79, "v": 116}], "pos": 1.5, "size": 1.30000007, "_time": 64.27344}, {"$id": 263, "sounds": [{"d": 0.0806427, "p": 76, "v": 125}], "pos": 1.0, "size": 1.30000007, "_time": 64.59766}, {"$id": 264, "sounds": [{"d": 0.0739212, "p": 67, "v": 113}], "pos": -1.0, "size": 1.30000007, "_time": 64.59766}, {"$id": 265, "sounds": [{"d": 0.235221863, "p": 74, "v": 127}], "pos": 0.5, "size": 1.2, "_time": 64.91797}, {"$id": 266, "sounds": [{"d": 0.215057373, "p": 67, "v": 122}], "pos": -1.5, "size": 1.2, "_time": 64.91797}, {"$id": 267, "sounds": [{"d": 0.336029053, "p": 76, "v": 127}], "pos": 1.0, "size": 1.2, "_time": 65.24219}, {"$id": 268, "sounds": [{"d": 0.362915039, "p": 72, "v": 125}, {"d": 0.342750549, "p": 67, "v": 105}], "pos": -1.0, "size": 1.2, "_time": 65.24219}, {"$id": 269, "sounds": [{"d": 0.3897934, "p": 53, "v": 99}], "pos": -2.0, "size": 1.1, "_time": 65.39453}, {"$id": 270, "sounds": [{"d": 0.194900513, "p": 60, "v": 80}], "pos": -1.5, "size": 1.1, "_time": 65.55859}, {"$id": 271, "sounds": [{"d": 0.141120911, "p": 76, "v": 113}], "pos": 1.0, "size": 1.2, "_time": 65.71875}, {"$id": 272, "sounds": [{"d": 0.1478424, "p": 72, "v": 107}, {"d": 0.141120911, "p": 67, "v": 107}], "pos": -1.0, "size": 1.1, "_time": 65.71875}, {"$id": 273, "sounds": [{"d": 0.06720734, "p": 60, "v": 83}], "pos": -1.5, "size": 1.1, "_time": 65.87891}, {"$id": 274, "sounds": [{"d": 0.08065033, "p": 76, "v": 118}], "pos": 1.0, "size": 1.30000007, "_time": 66.04297}, {"$id": 275, "sounds": [{"d": 0.07392883, "p": 67, "v": 113}, {"d": 0.0537643433, "p": 72, "v": 118}], "pos": -1.0, "size": 1.1, "_time": 66.04297}, {"$id": 276, "sounds": [{"d": 0.12096405, "p": 74, "v": 123}], "pos": 1.0, "size": 1.2, "_time": 66.37109}, {"$id": 277, "sounds": [{"d": 0.2688141, "p": 67, "v": 114}], "pos": -1.0, "size": 1.2, "_time": 66.37109}, {"$id": 278, "sounds": [{"d": 0.107528687, "p": 76, "v": 111}], "pos": 1.5, "size": 1.0, "_time": 66.53125}, {"$id": 279, "sounds": [{"d": 0.194885254, "p": 60, "v": 86}], "pos": -1.5, "size": 1.0, "_time": 66.6875}, {"$id": 280, "sounds": [{"d": 0.2553711, "p": 67, "v": 87}], "pos": -1.5, "size": 1.30000007, "_time": 66.85547}, {"$id": 281, "sounds": [{"d": 0.1747284, "p": 79, "v": 114}], "pos": 1.5, "size": 1.30000007, "_time": 66.85547}, {"$id": 282, "sounds": [{"d": 0.5779648, "p": 53, "v": 114}], "size": 1.30000007, "_time": 67.015625, "pos": 0}, {"$id": 283, "sounds": [{"d": 0.248657227, "p": 67, "v": 109}], "pos": -1.0, "size": 1.30000007, "_time": 67.17578}, {"$id": 284, "sounds": [{"d": 0.268821716, "p": 76, "v": 109}], "pos": 1.0, "size": 1.30000007, "_time": 67.17578}, {"$id": 285, "sounds": [{"d": 0.194892883, "p": 60, "v": 97}], "size": 1.30000007, "_time": 67.33984, "pos": 0}, {"$id": 286, "sounds": [{"d": 0.1680069, "p": 67, "v": 99}], "pos": -0.660183251, "size": 1.30000007, "_time": 67.5}, {"$id": 287, "sounds": [{"d": 0.20160675, "p": 74, "v": 127}], "pos": 0.72883296, "size": 1.30000007, "_time": 67.5}, {"$id": 288, "sounds": [{"d": 0.356170654, "p": 67, "v": 127}], "pos": 1.0, "size": 1.0, "_time": 67.82422}, {"$id": 289, "sounds": [{"d": 0.6249924, "p": 52, "v": 96}, {"d": 4.905937, "p": 47, "v": 96}, {"d": 4.87232971, "p": 40, "v": 100}], "pos": -1.5, "size": 1.70000017, "_time": 67.984375}, {"$id": 290, "sounds": [{"d": 0.497314453, "p": 59, "v": 86}], "pos": -1.5, "size": 1.0, "_time": 68.13672}, {"$id": 291, "sounds": [{"d": 0.28225708, "p": 62, "v": 127}], "pos": -1.0, "size": 1.0, "_time": 68.30469}, {"$id": 292, "sounds": [{"d": 0.329307556, "p": 67, "v": 104}], "pos": -0.5, "size": 1.0, "_time": 68.46875}, {"$id": 293, "sounds": [{"d": 0.16129303, "p": 79, "v": 127}], "pos": 2.0, "size": 1.0, "_time": 68.62891}, {"$id": 294, "sounds": [{"d": 0.12097168, "p": 62, "v": 111}], "pos": -1.0, "size": 1.0, "_time": 68.78516}, {"$id": 295, "sounds": [{"d": 0.40322113, "p": 67, "v": 94}], "pos": -0.5, "size": 1.0, "_time": 68.94531}, {"$id": 296, "sounds": [{"d": 0.268806458, "p": 77, "v": 127}], "pos": 1.5, "size": 1.0, "_time": 69.10547}, {"$id": 297, "sounds": [{"d": 0.1680069, "p": 62, "v": 104}], "pos": -1.0, "size": 1.0, "_time": 69.265625}, {"$id": 298, "sounds": [{"d": 0.3830719, "p": 67, "v": 83}], "pos": -0.5, "size": 1.0, "_time": 69.42969}, {"$id": 299, "sounds": [{"d": 0.228500366, "p": 76, "v": 127}], "pos": 1.0, "size": 1.0, "_time": 69.59766}, {"$id": 300, "sounds": [{"d": 0.268821716, "p": 62, "v": 89}], "pos": -1.0, "size": 1.0, "_time": 69.75}, {"$id": 301, "sounds": [{"d": 0.396507263, "p": 67, "v": 92}], "pos": -0.5, "size": 1.0, "_time": 69.91406}, {"$id": 302, "sounds": [{"d": 0.275535583, "p": 74, "v": 127}], "pos": 0.5, "size": 1.0, "_time": 70.08203}, {"$id": 303, "sounds": [{"d": 0.235214233, "p": 62, "v": 105}], "pos": -1.0, "size": 1.0, "_time": 70.234375}, {"$id": 304, "sounds": [{"d": 0.342750549, "p": 67, "v": 94}], "pos": -0.5, "size": 1.0, "_time": 70.39453}, {"$id": 305, "sounds": [{"d": 0.16129303, "p": 72, "v": 124}], "pos": 1.0, "size": 1.0, "_time": 70.40234}, {"$id": 306, "sounds": [{"d": 0.1612854, "p": 74, "v": 124}], "pos": 1.5, "size": 1.0, "_time": 70.484375}, {"$id": 307, "pos": 1.0, "size": 1.0, "_time": 70.54297, "shift": 0.02734375}, {"$id": 308, "sounds": [{"d": 0.188171387, "p": 62, "v": 104}], "pos": -1.0, "size": 1.0, "_time": 70.71875}, {"$id": 309, "sounds": [{"d": 0.2688141, "p": 67, "v": 111}], "pos": -0.5, "size": 1.0, "_time": 70.87891}, {"$id": 310, "sounds": [{"d": 0.248657227, "p": 71, "v": 127}], "pos": 2.0, "size": 1.0, "_time": 71.04297}, {"$id": 311, "sounds": [{"d": 0.215049744, "p": 62, "v": 111}], "pos": -1.0, "size": 1.0, "_time": 71.203125}, {"$id": 312, "sounds": [{"d": 0.309143066, "p": 67, "v": 114}], "pos": -0.5, "size": 1.0, "_time": 71.36328}, {"$id": 313, "sounds": [{"d": 0.248657227, "p": 72, "v": 127}], "pos": 1.5, "size": 1.0, "_time": 71.52734}, {"$id": 314, "sounds": [{"d": 0.228492737, "p": 62, "v": 107}], "pos": -1.0, "size": 1.0, "_time": 71.6875}, {"$id": 315, "sounds": [{"d": 0.228500366, "p": 67, "v": 125}], "pos": -0.5, "size": 1.0, "_time": 71.84766}, {"$id": 316, "sounds": [{"d": 0.16129303, "p": 74, "v": 127}], "pos": 1.0, "size": 1.0, "_time": 72.00781}, {"$id": 317, "sounds": [{"d": 0.5443649, "p": 59, "v": 89}], "pos": -1.5, "size": 1.0, "_time": 72.33203}, {"$id": 318, "sounds": [{"d": 0.22177887, "p": 62, "v": 120}], "pos": -1.0, "size": 1.0, "_time": 72.49219}, {"$id": 319, "sounds": [{"d": 0.188179016, "p": 76, "v": 123}], "pos": 1.5, "size": 1.0, "_time": 72.49219}, {"$id": 320, "sounds": [{"d": 0.08065033, "p": 62, "v": 74}, {"w": 0.0078125, "d": 0.423400879, "p": 67, "v": 85}], "pos": -1.5, "size": 1.0, "_time": 72.80859}, {"$id": 321, "sounds": [{"d": 0.241943359, "p": 77, "v": 127}], "pos": 2.0, "size": 1.0, "_time": 72.81641}, {"$id": 322, "sounds": [{"d": 0.2889862, "p": 76, "v": 111}], "pos": 1.0, "size": 1.0, "_time": 72.984375}, {"$id": 323, "sounds": [{"d": 2.34544373, "p": 48, "v": 100}, {"d": 2.29167938, "p": 41, "v": 110}], "pos": -1.5, "size": 1.50000012, "_time": 73.14453, "shift": -0.00390625}, {"$id": 324, "sounds": [{"d": 0.4435501, "p": 53, "v": 114}], "pos": 0.5, "size": 1.50000012, "_time": 73.13672, "shift": 0.0078125}, {"$id": 325, "sounds": [{"d": 0.6720581, "p": 60, "v": 82}], "pos": -1.5, "size": 1.0, "_time": 73.30078, "shift": 0.00390625}, {"$id": 326, "sounds": [{"d": 0.18145752, "p": 72, "v": 127}, {"d": 0.188179016, "p": 69, "v": 113}], "pos": 0.5, "size": 1.0, "_time": 73.30859}, {"$id": 327, "sounds": [{"d": 0.3830719, "p": 65, "v": 80}], "pos": -1.5, "size": 1.0, "_time": 73.46875}, {"$id": 328, "sounds": [{"d": 0.16129303, "p": 84, "v": 124}], "pos": 1.0, "size": 1.0, "_time": 73.46875}, {"$id": 329, "sounds": [{"d": 0.16129303, "p": 96, "v": 124}], "pos": 2.0, "size": 1.0, "_time": 73.62891}, {"$id": 330, "sounds": [{"d": 0.201622009, "p": 72, "v": 114}, {"d": 0.2083435, "p": 69, "v": 105}], "pos": -1.5, "size": 1.2, "_time": 73.78906}, {"$id": 331, "sounds": [{"d": 0.161300659, "p": 84, "v": 124}], "pos": 1.5, "size": 1.0, "_time": 73.953125}, {"$id": 332, "sounds": [{"d": 0.09408569, "p": 69, "v": 127}, {"d": 0.288978577, "p": 53, "v": 78}], "pos": -1.5, "size": 1.2, "_time": 74.11328}, {"$id": 333, "sounds": [{"d": 0.10080719, "p": 72, "v": 122}, {"d": 0.134407043, "p": 69, "v": 120}], "pos": 1.0, "size": 1.0, "_time": 74.27344}, {"$id": 334, "sounds": [{"d": 0.154571533, "p": 83, "v": 124}, {"d": 0.18144989, "p": 60, "v": 88}], "size": 1.0, "_time": 74.43359, "pos": 0}, {"$id": 335, "sounds": [{"d": 0.1747284, "p": 71, "v": 116}, {"d": 0.1680069, "p": 67, "v": 109}], "pos": -1.5, "size": 1.2, "_time": 74.58984}, {"$id": 336, "sounds": [{"d": 0.1545639, "p": 84, "v": 124}], "pos": 0.5, "size": 1.0, "_time": 74.75781}, {"$id": 337, "sounds": [{"d": 0.208335876, "p": 72, "v": 127}, {"d": 0.188171387, "p": 67, "v": 118}], "pos": -1.5, "size": 1.2, "_time": 74.91406}, {"$id": 338, "sounds": [{"d": 0.154579163, "p": 86, "v": 124}], "pos": 1.0, "size": 1.0, "_time": 75.08203}, {"$id": 339, "sounds": [{"d": 0.16129303, "p": 67, "v": 127}, {"d": 0.14112854, "p": 74, "v": 127}], "pos": -1.5, "size": 1.2, "_time": 75.234375}, {"$id": 340, "sounds": [{"d": 0.154571533, "p": 96, "v": 124}], "pos": 2.0, "size": 1.0, "_time": 75.40234}, {"$id": 341, "sounds": [{"d": 0.315856934, "p": 71, "v": 127}, {"d": 0.376342773, "p": 67, "v": 122}], "pos": -1.5, "size": 1.2, "_time": 75.55859}, {"$id": 342, "sounds": [{"d": 2.27822876, "p": 41, "v": 110}, {"d": 0.66532135, "p": 53, "v": 118}], "pos": -1.5, "size": 1.60000014, "_time": 75.72656}, {"$id": 343, "sounds": [{"d": 0.1612854, "p": 84, "v": 124}], "pos": 1.0, "size": 1.0, "_time": 75.88672}, {"$id": 344, "sounds": [{"d": 0.16129303, "p": 72, "v": 109}, {"d": 0.147850037, "p": 67, "v": 113}], "pos": -1.5, "size": 1.2, "_time": 76.04297}, {"$id": 345, "sounds": [{"d": 0.154571533, "p": 83, "v": 124}], "pos": 0.5, "size": 1.0, "_time": 76.21094}, {"$id": 346, "sounds": [{"d": 0.22177124, "p": 67, "v": 125}, {"d": 0.22177124, "p": 72, "v": 127}], "pos": -1.5, "size": 1.2, "_time": 76.36328}, {"$id": 347, "sounds": [{"d": 0.16129303, "p": 86, "v": 124}], "pos": 1.0, "size": 1.0, "_time": 76.53125}, {"$id": 348, "sounds": [{"d": 0.114250183, "p": 67, "v": 109}, {"d": 0.127693176, "p": 71, "v": 127}], "pos": -1.5, "size": 1.2, "_time": 76.6875}, {"$id": 349, "sounds": [{"d": 0.168014526, "p": 88, "v": 124}], "pos": 2.0, "size": 1.0, "_time": 76.84766}, {"$id": 350, "sounds": [{"d": 0.154571533, "p": 84, "v": 124}], "pos": 1.5, "size": 1.0, "_time": 77.015625}, {"$id": 351, "sounds": [{"d": 0.14112854, "p": 67, "v": 113}, {"d": 0.1747284, "p": 71, "v": 122}, {"d": 0.1680069, "p": 76, "v": 124}], "pos": -0.5, "size": 1.2, "_time": 77.171875}, {"$id": 352, "sounds": [{"d": 0.16129303, "p": 83, "v": 124}], "pos": 1.0, "size": 1.0, "_time": 77.33984}, {"$id": 353, "sounds": [{"d": 0.06048584, "p": 72, "v": 127}, {"d": 0.06720734, "p": 67, "v": 123}], "pos": -1.0, "size": 1.2, "_time": 77.5}, {"$id": 354, "sounds": [{"d": 0.0873642, "p": 67, "v": 83}], "pos": -1.5, "size": 1.2, "_time": 77.81641}, {"$id": 355, "sounds": [{"d": 0.0873642, "p": 79, "v": 120}], "pos": 1.0, "size": 1.0, "_time": 77.81641}, {"$id": 356, "sounds": [{"d": 0.369621277, "p": 67, "v": 122}], "pos": -1.5, "size": 1.2, "_time": 78.14453}, {"$id": 357, "sounds": [{"d": 0.369621277, "p": 74, "v": 127}], "pos": 0.5, "size": 1.0, "_time": 78.14453}, {"$id": 358, "sounds": [{"d": 0.3830719, "p": 52, "v": 111}], "pos": 1.0, "size": 1.50000012, "_time": 78.30078}, {"$id": 359, "sounds": [{"d": 1.49192047, "p": 40, "v": 110}], "pos": -1.5, "size": 1.50000012, "_time": 78.30469}, {"$id": 360, "sounds": [{"d": 0.470420837, "p": 59, "v": 92}], "pos": 1.0, "size": 1.50000012, "_time": 78.46875}, {"$id": 361, "sounds": [{"d": 1.41127014, "p": 47, "v": 96}], "pos": -1.5, "size": 1.50000012, "_time": 78.46875}, {"$id": 362, "sounds": [{"d": 0.194885254, "p": 64, "v": 104}], "pos": -1.0, "size": 1.0, "_time": 78.62109}, {"$id": 363, "sounds": [{"d": 0.20160675, "p": 67, "v": 127}], "pos": 1.0, "size": 1.0, "_time": 78.78516}, {"$id": 364, "sounds": [{"d": 0.1680069, "p": 71, "v": 127}], "size": 1.0, "_time": 78.94531, "pos": 0}, {"$id": 365, "sounds": [{"d": 0.188171387, "p": 64, "v": 104}], "pos": -1.5, "size": 1.0, "_time": 79.10547}, {"$id": 366, "sounds": [{"d": 0.20160675, "p": 72, "v": 127}], "size": 1.0, "_time": 79.265625, "pos": 0}, {"$id": 367, "sounds": [{"d": 0.228492737, "p": 59, "v": 88}], "pos": -1.5, "size": 1.0, "_time": 79.421875}, {"$id": 368, "sounds": [{"d": 0.16129303, "p": 74, "v": 127}], "pos": 0.5, "size": 1.0, "_time": 79.58984}, {"$id": 369, "sounds": [{"d": 0.1680069, "p": 64, "v": 90}], "pos": -1.5, "size": 1.0, "_time": 79.75781}, {"$id": 370, "sounds": [{"d": 0.134407043, "p": 76, "v": 120}, {"d": 0.09408569, "p": 72, "v": 122}, {"d": 0.0537643433, "p": 67, "v": 105}], "pos": 1.0, "size": 1.0, "_time": 79.91406}, {"$id": 371, "sounds": [{"d": 0.288978577, "p": 59, "v": 82}], "pos": -1.5, "size": 1.0, "_time": 80.07422}, {"$id": 372, "sounds": [{"d": 0.208335876, "p": 83, "v": 127}, {"d": 0.188171387, "p": 79, "v": 127}], "pos": 1.5, "size": 1.0, "_time": 80.234375}, {"$id": 373, "sounds": [{"d": 0.141136169, "p": 64, "v": 73}], "pos": -1.5, "size": 1.0, "_time": 80.40234}, {"$id": 374, "sounds": [{"d": 0.09408569, "p": 79, "v": 127}, {"d": 0.107528687, "p": 84, "v": 118}], "pos": 2.0, "size": 1.0, "_time": 80.55859}, {"$id": 375, "sounds": [{"d": 0.2083435, "p": 59, "v": 124}, {"d": 0.18145752, "p": 47, "v": 115}], "pos": -1.5, "size": 1.2, "_time": 80.88672}, {"$id": 376, "sounds": [{"d": 0.215065, "p": 83, "v": 127}, {"w": 0.0078125, "d": 0.2083435, "p": 71, "v": 111}], "pos": 0.5, "size": 1.2, "_time": 80.89453}, {"$id": 377, "sounds": [{"d": 0.0470504761, "p": 60, "v": 105}, {"d": 0.107536316, "p": 48, "v": 100}], "pos": -1.0, "size": 1.2, "_time": 81.046875}, {"$id": 378, "sounds": [{"d": 0.0873718262, "p": 72, "v": 109}, {"d": 0.07392883, "p": 84, "v": 102}], "pos": 1.0, "size": 1.2, "_time": 81.07422}, {"$id": 379, "sounds": [{"d": 0.09409332, "p": 88, "v": 105}, {"d": 0.114257813, "p": 76, "v": 113}], "pos": 0.5, "size": 1.2, "_time": 81.359375}, {"$id": 380, "sounds": [{"d": 0.06720734, "p": 64, "v": 100}, {"d": 0.08065033, "p": 52, "v": 105}], "pos": -1.5, "size": 1.2, "_time": 81.37109}, {"$id": 381, "sounds": [{"d": 0.06720734, "p": 79, "v": 125}], "pos": 1.0, "size": 1.2, "_time": 81.37109}, {"$id": 382, "sounds": [{"d": 0.09409332, "p": 72, "v": 123}, {"d": 0.08065033, "p": 84, "v": 113}], "pos": 1.0, "size": 1.2, "_time": 81.67969}, {"$id": 383, "sounds": [{"d": 0.07392883, "p": 79, "v": 120}, {"w": 0.0078125, "d": 0.0537643433, "p": 67, "v": 115}], "pos": 1.5, "size": 1.2, "_time": 81.6875}, {"$id": 384, "sounds": [{"d": 0.08065033, "p": 55, "v": 120}], "pos": -1.0, "size": 1.2, "_time": 81.69531}, {"$id": 385, "sounds": [{"d": 0.100814819, "p": 71, "v": 107}], "pos": 0.5, "size": 1.2, "_time": 81.98828}, {"$id": 386, "sounds": [{"d": 0.12097168, "p": 83, "v": 127}, {"d": 0.0873718262, "p": 79, "v": 127}], "pos": 1.0, "size": 1.2, "_time": 82.00781}, {"$id": 387, "sounds": [{"d": 0.06720734, "p": 59, "v": 105}], "pos": -1.5, "size": 1.2, "_time": 82.015625}, {"$id": 388, "sounds": [{"d": 0.06048584, "p": 72, "v": 125}], "size": 1.2, "_time": 82.32031, "pos": 0}, {"$id": 389, "sounds": [{"d": 0.06720734, "p": 79, "v": 127}, {"d": 0.06720734, "p": 84, "v": 120}], "pos": 0.5, "size": 1.2, "_time": 82.32422}, {"$id": 390, "sounds": [{"d": 0.06720734, "p": 60, "v": 120}], "pos": -2.0, "size": 1.2, "_time": 82.33984}, {"$id": 391, "sounds": [{"d": 0.06048584, "p": 67, "v": 97}], "pos": -1.0, "size": 1.2, "_time": 82.640625}, {"$id": 392, "sounds": [{"d": 0.06720734, "p": 79, "v": 127}], "pos": 1.0, "size": 1.2, "_time": 82.640625}, {"$id": 393, "sounds": [{"d": 0.06048584, "p": 76, "v": 115}], "pos": 1.5, "size": 1.2, "_time": 82.66016}, {"$id": 394, "sounds": [{"d": 0.06720734, "p": 64, "v": 105}], "pos": -1.5, "size": 1.2, "_time": 82.66016}, {"$id": 395, "sounds": [{"d": 0.5309143, "p": 62, "v": 127}], "pos": -1.5, "size": 1.2, "_time": 82.94922}, {"$id": 396, "sounds": [{"d": 0.5241928, "p": 74, "v": 127}], "pos": 1.5, "size": 1.2, "_time": 82.95703}, {"$id": 397, "sounds": [{"d": 0.497314453, "p": 67, "v": 124}], "pos": -1.0, "size": 1.2, "_time": 82.984375}, {"$id": 398, "sounds": [{"d": 0.50403595, "p": 79, "v": 127}], "pos": 1.0, "size": 1.2, "_time": 82.984375}, {"$id": 399, "sounds": [{"d": 0.188171387, "p": 76, "v": 90}], "pos": -1.5, "size": 1.0, "_time": 83.46875}, {"$id": 400, "sounds": [{"d": 5.01345825, "p": 69, "v": 96}, {"d": 2.39248657, "p": 57, "v": 75}], "size": 1.80000019, "_time": 83.46875, "pos": 0}, {"$id": 401, "sounds": [{"d": 0.20160675, "p": 81, "v": 80}], "size": 1.0, "_time": 83.62891, "pos": 0}, {"$id": 402, "sounds": [{"d": 0.147850037, "p": 84, "v": 94}], "pos": 1.5, "size": 1.0, "_time": 83.78906}, {"$id": 403, "sounds": [{"d": 2.15055084, "p": 64, "v": 62}], "size": 1.80000019, "_time": 83.78906, "pos": 0}, {"$id": 404, "sounds": [{"d": 0.174736023, "p": 88, "v": 111}], "pos": 2.0, "size": 1.0, "_time": 83.953125}, {"$id": 405, "sounds": [{"d": 0.16129303, "p": 76, "v": 69}], "pos": -1.5, "size": 1.0, "_time": 84.11328}, {"$id": 406, "sounds": [{"d": 0.127685547, "p": 81, "v": 65}], "size": 1.0, "_time": 84.27344, "pos": 0}, {"$id": 407, "sounds": [{"d": 0.194892883, "p": 84, "v": 90}], "pos": 1.0, "size": 1.0, "_time": 84.43359}, {"$id": 408, "sounds": [{"d": 0.1747284, "p": 76, "v": 80}], "pos": -1.5, "size": 1.0, "_time": 84.59766}, {"$id": 409, "sounds": [{"d": 0.09408569, "p": 81, "v": 70}], "size": 1.0, "_time": 84.75781, "pos": 0}, {"$id": 410, "sounds": [{"d": 0.18145752, "p": 86, "v": 127}], "pos": 1.5, "size": 1.0, "_time": 84.91797}, {"$id": 411, "sounds": [{"d": 0.134414673, "p": 76, "v": 73}], "pos": -1.5, "size": 1.0, "_time": 85.08203}, {"$id": 412, "sounds": [{"d": 0.114250183, "p": 81, "v": 76}], "size": 1.0, "_time": 85.24219, "pos": 0}, {"$id": 413, "sounds": [{"d": 0.0134429932, "p": 81, "v": 71}, {"d": 0.188171387, "p": 88, "v": 122}], "pos": 2.0, "size": 1.0, "_time": 85.40234}, {"$id": 414, "sounds": [{"d": 0.228492737, "p": 76, "v": 83}], "pos": -1.5, "size": 1.0, "_time": 85.56641}, {"$id": 415, "sounds": [{"d": 0.228500366, "p": 81, "v": 95}], "size": 1.0, "_time": 85.72656, "pos": 0}, {"$id": 416, "sounds": [{"d": 0.188171387, "p": 86, "v": 114}], "pos": 1.5, "size": 1.0, "_time": 85.88672}, {"$id": 417, "sounds": [{"d": 0.20160675, "p": 76, "v": 87}], "pos": -1.5, "size": 1.0, "_time": 86.046875}, {"$id": 418, "sounds": [{"d": 2.4126358, "p": 57, "v": 77}], "size": 1.80000019, "_time": 86.046875, "pos": 0}, {"$id": 419, "sounds": [{"d": 0.22177124, "p": 81, "v": 104}], "size": 1.0, "_time": 86.21094, "pos": 0}, {"$id": 420, "sounds": [{"d": 0.14112854, "p": 86, "v": 116}], "pos": 1.5, "size": 1.0, "_time": 86.37109}, {"$id": 421, "sounds": [{"d": 2.02957916, "p": 64, "v": 82}], "size": 1.80000019, "_time": 86.37109, "pos": 0}, {"$id": 422, "sounds": [{"d": 0.154571533, "p": 76, "v": 77}], "pos": -1.5, "size": 1.0, "_time": 86.53125}, {"$id": 423, "sounds": [{"d": 0.329307556, "p": 81, "v": 95}], "size": 1.0, "_time": 86.69531, "pos": 0}, {"$id": 424, "sounds": [{"d": 0.18145752, "p": 88, "v": 107}], "pos": 2.0, "size": 1.0, "_time": 86.85547}, {"$id": 425, "sounds": [{"d": 0.20161438, "p": 76, "v": 85}], "pos": -1.5, "size": 1.0, "_time": 87.015625}, {"$id": 426, "sounds": [{"d": 0.2352066, "p": 81, "v": 100}], "size": 1.0, "_time": 87.17578, "pos": 0}, {"$id": 427, "sounds": [{"d": 0.1680069, "p": 86, "v": 127}], "pos": 1.5, "size": 1.0, "_time": 87.33984}, {"$id": 428, "sounds": [{"d": 0.154571533, "p": 76, "v": 77}], "pos": -1.5, "size": 1.0, "_time": 87.5}, {"$id": 429, "sounds": [{"d": 0.248657227, "p": 81, "v": 90}], "size": 1.0, "_time": 87.66016, "pos": 0}, {"$id": 430, "sounds": [{"d": 0.208328247, "p": 84, "v": 125}], "pos": 1.0, "size": 1.0, "_time": 87.82422}, {"$id": 431, "sounds": [{"d": 0.16129303, "p": 76, "v": 85}], "pos": -1.5, "size": 1.0, "_time": 87.984375}, {"$id": 432, "sounds": [{"d": 0.194892883, "p": 81, "v": 104}], "pos": -0.5, "size": 1.0, "_time": 88.14453}, {"$id": 433, "sounds": [{"d": 0.188179016, "p": 83, "v": 127}], "pos": 0.5, "size": 1.0, "_time": 88.30469}, {"$id": 434, "sounds": [{"d": 0.268821716, "p": 81, "v": 111}], "pos": -0.5, "size": 1.0, "_time": 88.46875}, {"$id": 435, "sounds": [{"d": 0.188171387, "p": 76, "v": 90}, {"d": 5.01345825, "p": 69, "v": 96}], "pos": -1.5, "size": 1.0, "_time": 88.62891}, {"$id": 436, "sounds": [{"d": 2.39248657, "p": 57, "v": 75}], "size": 1.80000019, "_time": 88.62891, "pos": 0}, {"$id": 437, "sounds": [{"d": 0.20160675, "p": 81, "v": 80}], "size": 1.0, "_time": 88.78906, "pos": 0}, {"$id": 438, "sounds": [{"d": 0.147850037, "p": 84, "v": 94}], "pos": 1.5, "size": 1.0, "_time": 88.953125}, {"$id": 439, "sounds": [{"d": 2.15055084, "p": 64, "v": 62}], "size": 1.80000019, "_time": 88.953125, "pos": 0}, {"$id": 440, "sounds": [{"d": 0.174736023, "p": 88, "v": 111}], "pos": 2.0, "size": 1.0, "_time": 89.11328}, {"$id": 441, "sounds": [{"d": 0.16129303, "p": 76, "v": 69}], "pos": -1.5, "size": 1.0, "_time": 89.27344}, {"$id": 442, "sounds": [{"d": 0.127685547, "p": 81, "v": 65}], "size": 1.0, "_time": 89.4375, "pos": 0}, {"$id": 443, "sounds": [{"d": 0.194892883, "p": 84, "v": 90}], "pos": 1.0, "size": 1.0, "_time": 89.59766}, {"$id": 444, "sounds": [{"d": 0.1747284, "p": 76, "v": 80}], "pos": -1.5, "size": 1.0, "_time": 89.75781}, {"$id": 445, "sounds": [{"d": 0.09408569, "p": 81, "v": 70}], "size": 1.0, "_time": 89.91797, "pos": 0}, {"$id": 446, "sounds": [{"d": 0.18145752, "p": 86, "v": 127}], "pos": 1.5, "size": 1.0, "_time": 90.08203}, {"$id": 447, "sounds": [{"d": 0.134414673, "p": 76, "v": 73}], "pos": -1.5, "size": 1.0, "_time": 90.24219}, {"$id": 448, "sounds": [{"d": 0.114250183, "p": 81, "v": 76}], "size": 1.0, "_time": 90.40234, "pos": 0}, {"$id": 449, "sounds": [{"d": 0.0134429932, "p": 81, "v": 71}, {"d": 0.188171387, "p": 88, "v": 122}], "pos": 2.0, "size": 1.0, "_time": 90.56641}, {"$id": 450, "sounds": [{"d": 0.228492737, "p": 76, "v": 83}], "pos": -1.5, "size": 1.0, "_time": 90.72656}, {"$id": 451, "sounds": [{"d": 0.228500366, "p": 81, "v": 95}], "size": 1.0, "_time": 90.88672, "pos": 0}, {"$id": 452, "sounds": [{"d": 0.188171387, "p": 86, "v": 114}], "pos": 1.5, "size": 1.0, "_time": 91.046875}, {"$id": 453, "sounds": [{"d": 0.20160675, "p": 76, "v": 87}], "pos": -1.5, "size": 1.0, "_time": 91.21094}, {"$id": 454, "sounds": [{"d": 2.4126358, "p": 57, "v": 77}], "size": 1.80000019, "_time": 91.21094, "pos": 0}, {"$id": 455, "sounds": [{"d": 0.22177124, "p": 81, "v": 104}], "size": 1.0, "_time": 91.37109, "pos": 0}, {"$id": 456, "sounds": [{"d": 0.14112854, "p": 86, "v": 116}], "pos": 1.5, "size": 1.0, "_time": 91.53125}, {"$id": 457, "sounds": [{"d": 2.02957916, "p": 64, "v": 82}], "size": 1.80000019, "_time": 91.53125, "pos": 0}, {"$id": 458, "sounds": [{"d": 0.154571533, "p": 76, "v": 77}], "pos": -1.5, "size": 1.0, "_time": 91.69531}, {"$id": 459, "sounds": [{"d": 0.329307556, "p": 81, "v": 95}], "size": 1.0, "_time": 91.85547, "pos": 0}, {"$id": 460, "sounds": [{"d": 0.18145752, "p": 88, "v": 107}], "pos": 2.0, "size": 1.0, "_time": 92.015625}, {"$id": 461, "sounds": [{"d": 0.20161438, "p": 76, "v": 85}], "pos": -1.5, "size": 1.0, "_time": 92.17578}, {"$id": 462, "sounds": [{"d": 0.2352066, "p": 81, "v": 100}], "size": 1.0, "_time": 92.33984, "pos": 0}, {"$id": 463, "sounds": [{"d": 0.1680069, "p": 86, "v": 127}], "pos": 1.5, "size": 1.0, "_time": 92.5}, {"$id": 464, "sounds": [{"d": 0.154571533, "p": 76, "v": 77}], "pos": -1.5, "size": 1.0, "_time": 92.66016}, {"$id": 465, "sounds": [{"d": 0.248657227, "p": 81, "v": 90}], "size": 1.0, "_time": 92.82422, "pos": 0}, {"$id": 466, "sounds": [{"d": 0.208328247, "p": 84, "v": 125}], "pos": 1.0, "size": 1.0, "_time": 92.984375}, {"$id": 467, "sounds": [{"d": 0.16129303, "p": 76, "v": 85}], "pos": -1.5, "size": 1.0, "_time": 93.14453}, {"$id": 468, "sounds": [{"d": 0.194892883, "p": 81, "v": 104}], "pos": -0.5, "size": 1.0, "_time": 93.30469}, {"$id": 469, "sounds": [{"d": 0.188179016, "p": 83, "v": 127}], "pos": 0.5, "size": 1.0, "_time": 93.46875}, {"$id": 470, "sounds": [{"d": 0.268821716, "p": 81, "v": 111}], "pos": -0.5, "size": 1.0, "_time": 93.62891}, {"$id": 471, "sounds": [{"d": 0.188171387, "p": 76, "v": 90}], "pos": -1.5, "size": 1.0, "_time": 93.78906}, {"$id": 472, "sounds": [{"d": 5.01345825, "p": 69, "v": 96}, {"d": 2.39248657, "p": 57, "v": 75}], "size": 1.80000019, "_time": 93.78906, "pos": 0}, {"$id": 473, "sounds": [{"d": 0.20160675, "p": 81, "v": 80}], "size": 1.0, "_time": 93.953125, "pos": 0}, {"$id": 474, "sounds": [{"d": 0.147850037, "p": 84, "v": 94}], "pos": 1.5, "size": 1.0, "_time": 94.11328}, {"$id": 475, "sounds": [{"d": 2.15055084, "p": 64, "v": 62}], "size": 1.80000019, "_time": 94.11328, "pos": 0}, {"$id": 476, "sounds": [{"d": 0.174736023, "p": 88, "v": 111}], "pos": 2.0, "size": 1.0, "_time": 94.27344}, {"$id": 477, "sounds": [{"d": 0.16129303, "p": 76, "v": 69}], "pos": -1.5, "size": 1.0, "_time": 94.4375}, {"$id": 478, "sounds": [{"d": 0.127685547, "p": 81, "v": 65}], "size": 1.0, "_time": 94.59766, "pos": 0}, {"$id": 479, "sounds": [{"d": 0.194892883, "p": 84, "v": 90}], "pos": 1.0, "size": 1.0, "_time": 94.75781}, {"$id": 480, "sounds": [{"d": 0.1747284, "p": 76, "v": 80}], "pos": -1.5, "size": 1.0, "_time": 94.91797}, {"$id": 481, "sounds": [{"d": 0.09408569, "p": 81, "v": 70}], "size": 1.0, "_time": 95.08203, "pos": 0}, {"$id": 482, "sounds": [{"d": 0.18145752, "p": 86, "v": 127}], "pos": 1.5, "size": 1.0, "_time": 95.24219}, {"$id": 483, "sounds": [{"d": 0.134414673, "p": 76, "v": 73}], "pos": -1.5, "size": 1.0, "_time": 95.40234}, {"$id": 484, "sounds": [{"d": 0.114250183, "p": 81, "v": 76}], "size": 1.0, "_time": 95.56641, "pos": 0}, {"$id": 485, "sounds": [{"d": 0.0134429932, "p": 81, "v": 71}, {"d": 0.188171387, "p": 88, "v": 122}], "pos": 2.0, "size": 1.0, "_time": 95.72656}, {"$id": 486, "sounds": [{"d": 0.228492737, "p": 76, "v": 83}], "pos": -1.5, "size": 1.0, "_time": 95.88672}, {"$id": 487, "sounds": [{"d": 0.228500366, "p": 81, "v": 95}], "size": 1.0, "_time": 96.046875, "pos": 0}, {"$id": 488, "sounds": [{"d": 0.188171387, "p": 86, "v": 114}], "pos": 1.5, "size": 1.0, "_time": 96.21094}, {"$id": 489, "sounds": [{"d": 0.20160675, "p": 76, "v": 87}], "pos": -1.5, "size": 1.0, "_time": 96.37109}, {"$id": 490, "sounds": [{"d": 2.4126358, "p": 57, "v": 77}], "size": 1.80000019, "_time": 96.37109, "pos": 0}, {"$id": 491, "sounds": [{"d": 0.22177124, "p": 81, "v": 104}], "size": 1.0, "_time": 96.53125, "pos": 0}, {"$id": 492, "sounds": [{"d": 0.14112854, "p": 86, "v": 116}], "pos": 1.5, "size": 1.0, "_time": 96.69531}, {"$id": 493, "sounds": [{"d": 2.02957916, "p": 64, "v": 82}], "size": 1.80000019, "_time": 96.69531, "pos": 0}, {"$id": 494, "sounds": [{"d": 0.154571533, "p": 76, "v": 77}], "pos": -1.5, "size": 1.0, "_time": 96.85547}, {"$id": 495, "sounds": [{"d": 0.329307556, "p": 81, "v": 95}], "size": 1.0, "_time": 97.015625, "pos": 0}, {"$id": 496, "sounds": [{"d": 0.18145752, "p": 88, "v": 107}], "pos": 2.0, "size": 1.0, "_time": 97.17578}, {"$id": 497, "sounds": [{"d": 0.20161438, "p": 76, "v": 85}], "pos": -1.5, "size": 1.0, "_time": 97.33984}, {"$id": 498, "sounds": [{"d": 0.2352066, "p": 81, "v": 100}], "size": 1.0, "_time": 97.5, "pos": 0}, {"$id": 499, "sounds": [{"d": 0.1680069, "p": 86, "v": 127}], "pos": 1.5, "size": 1.0, "_time": 97.66016}, {"$id": 500, "sounds": [{"d": 0.154571533, "p": 76, "v": 77}], "pos": -1.5, "size": 1.0, "_time": 97.82422}, {"$id": 501, "sounds": [{"d": 0.248657227, "p": 81, "v": 90}], "size": 1.0, "_time": 97.984375, "pos": 0}, {"$id": 502, "sounds": [{"d": 0.208328247, "p": 84, "v": 125}], "pos": 1.0, "size": 1.0, "_time": 98.14453}, {"$id": 503, "sounds": [{"d": 0.16129303, "p": 76, "v": 85}], "pos": -1.5, "size": 1.0, "_time": 98.30469}, {"$id": 504, "sounds": [{"d": 0.194892883, "p": 81, "v": 104}], "pos": -0.5, "size": 1.0, "_time": 98.46875}, {"$id": 505, "sounds": [{"d": 0.188179016, "p": 83, "v": 127}], "pos": 0.5, "size": 1.0, "_time": 98.62891}, {"$id": 506, "sounds": [{"d": 0.268821716, "p": 81, "v": 111}], "pos": -0.5, "size": 1.0, "_time": 98.78906}, {"$id": 507, "sounds": [{"d": 0.188171387, "p": 76, "v": 90}], "pos": -1.5, "size": 1.0, "_time": 98.953125}, {"$id": 508, "sounds": [{"d": 5.0134964, "p": 69, "v": 96}, {"d": 2.39248657, "p": 57, "v": 75}], "size": 1.80000019, "_time": 98.953125, "pos": 0}, {"$id": 509, "sounds": [{"d": 0.20160675, "p": 81, "v": 80}], "size": 1.0, "_time": 99.11328, "pos": 0}, {"$id": 510, "sounds": [{"d": 0.147850037, "p": 84, "v": 94}], "pos": 1.5, "size": 1.0, "_time": 99.27344}, {"$id": 511, "sounds": [{"d": 2.15055084, "p": 64, "v": 62}], "size": 1.80000019, "_time": 99.27344, "pos": 0}, {"$id": 512, "sounds": [{"d": 0.174736023, "p": 88, "v": 111}], "pos": 2.0, "size": 1.0, "_time": 99.4375}, {"$id": 513, "sounds": [{"d": 0.16129303, "p": 76, "v": 69}], "pos": -1.5, "size": 1.0, "_time": 99.59766}, {"$id": 514, "sounds": [{"d": 0.127685547, "p": 81, "v": 65}], "size": 1.0, "_time": 99.75781, "pos": 0}, {"$id": 515, "sounds": [{"d": 0.194892883, "p": 84, "v": 90}], "pos": 1.0, "size": 1.0, "_time": 99.91797}, {"$id": 516, "sounds": [{"d": 0.1747284, "p": 76, "v": 80}], "pos": -1.5, "size": 1.0, "_time": 100.082031}, {"$id": 517, "sounds": [{"d": 0.09408569, "p": 81, "v": 70}], "size": 1.0, "_time": 100.242188, "pos": 0}, {"$id": 518, "sounds": [{"d": 0.18145752, "p": 86, "v": 127}], "pos": 1.5, "size": 1.0, "_time": 100.402344}, {"$id": 519, "sounds": [{"d": 0.134414673, "p": 76, "v": 73}], "pos": -1.5, "size": 1.0, "_time": 100.566406}, {"$id": 520, "sounds": [{"d": 0.114250183, "p": 81, "v": 76}], "size": 1.0, "_time": 100.726563, "pos": 0}, {"$id": 521, "sounds": [{"d": 0.188171387, "p": 88, "v": 122}, {"d": 0.0134429932, "p": 81, "v": 71}], "pos": 2.0, "size": 1.0, "_time": 100.886719}, {"$id": 522, "sounds": [{"d": 0.228492737, "p": 76, "v": 83}], "pos": -1.5, "size": 1.0, "_time": 101.046875}, {"$id": 523, "sounds": [{"d": 0.228500366, "p": 81, "v": 95}], "size": 1.0, "_time": 101.210938, "pos": 0}, {"$id": 524, "sounds": [{"d": 0.188171387, "p": 86, "v": 114}], "pos": 1.5, "size": 1.0, "_time": 101.371094}, {"$id": 525, "sounds": [{"d": 0.20160675, "p": 76, "v": 87}], "pos": -1.5, "size": 1.0, "_time": 101.53125}, {"$id": 526, "sounds": [{"d": 0.235221863, "p": 84, "v": 88}], "pos": 2.0, "size": 1.0, "_time": 101.6875}, {"$id": 527, "sounds": [{"d": 0.235221863, "p": 72, "v": 88}, {"w": 0.0078125, "d": 0.22177887, "p": 81, "v": 104}], "pos": 0.5, "size": 1.70000017, "_time": 101.6875}, {"$id": 528, "sounds": [{"d": 0.18145752, "p": 71, "v": 95}], "size": 1.0, "_time": 101.839844, "pos": 0}, {"$id": 529, "sounds": [{"d": 0.18145752, "p": 83, "v": 95}, {"w": 0.015625, "d": 0.14112854, "p": 86, "v": 116}], "pos": 1.5, "size": 1.70000017, "_time": 101.839844}, {"$id": 530, "sounds": [{"d": 0.134414673, "p": 67, "v": 96}, {"w": 0.01953125, "d": 0.154571533, "p": 76, "v": 77}], "size": 1.70000017, "_time": 101.996094, "pos": 0}, {"$id": 531, "sounds": [{"d": 0.134414673, "p": 79, "v": 96}], "pos": 1.5, "size": 1.0, "_time": 101.996094}, {"$id": 532, "sounds": [{"d": 0.127693176, "p": 62, "v": 105}], "pos": -0.5, "size": 1.0, "_time": 102.15625}, {"$id": 533, "sounds": [{"d": 0.127693176, "p": 74, "v": 105}, {"w": 0.01953125, "d": 0.329307556, "p": 81, "v": 95}], "pos": 1.0, "size": 1.70000017, "_time": 102.15625}, {"$id": 534, "sounds": [{"d": 0.16129303, "p": 64, "v": 81}, {"d": 0.16129303, "p": 76, "v": 81}], "size": 1.70000017, "_time": 102.324219, "pos": 0}, {"$id": 535, "sounds": [{"d": 0.18145752, "p": 88, "v": 107}], "pos": 1.5, "size": 1.0, "_time": 102.339844}, {"$id": 536, "sounds": [{"d": 0.141136169, "p": 60, "v": 105}], "pos": -0.5, "size": 1.0, "_time": 102.488281}, {"$id": 537, "sounds": [{"d": 0.141136169, "p": 72, "v": 105}, {"w": 0.01171875, "d": 0.20161438, "p": 76, "v": 85}], "pos": 1.0, "size": 1.70000017, "_time": 102.488281}, {"$id": 538, "sounds": [{"d": 0.208328247, "p": 59, "v": 104}, {"d": 0.208328247, "p": 71, "v": 104}], "pos": -0.5, "size": 1.80000019, "_time": 102.632813}, {"$id": 539, "sounds": [{"d": 0.235214233, "p": 81, "v": 100}], "pos": 1.0, "size": 1.0, "_time": 102.660156}, {"$id": 540, "sounds": [{"d": 0.168014526, "p": 72, "v": 105}, {"w": 0.02734375, "d": 0.168022156, "p": 86, "v": 127}], "pos": 1.0, "size": 1.70000017, "_time": 102.796875}, {"$id": 541, "sounds": [{"d": 0.168014526, "p": 60, "v": 105}], "pos": -0.5, "size": 1.0, "_time": 102.796875}, {"$id": 542, "sounds": [{"d": 0.194900513, "p": 79, "v": 108}], "pos": 1.5, "size": 1.0, "_time": 102.96875}, {"$id": 543, "sounds": [{"d": 0.194900513, "p": 67, "v": 108}, {"w": 0.015625, "d": 0.154571533, "p": 76, "v": 77}], "size": 1.70000017, "_time": 102.96875, "pos": 0}, {"$id": 544, "sounds": [{"d": 0.154579163, "p": 60, "v": 89}], "pos": -0.5, "size": 1.0, "_time": 103.125}, {"$id": 545, "sounds": [{"d": 0.154579163, "p": 72, "v": 89}, {"w": 0.01953125, "d": 0.248664856, "p": 81, "v": 90}], "pos": 1.0, "size": 1.70000017, "_time": 103.125}, {"$id": 546, "sounds": [{"d": 0.114250183, "p": 59, "v": 100}, {"d": 0.114250183, "p": 71, "v": 100}], "pos": -0.5, "size": 1.70000017, "_time": 103.285156}, {"$id": 547, "sounds": [{"d": 0.208335876, "p": 84, "v": 125}], "pos": 1.0, "size": 1.0, "_time": 103.304688}, {"$id": 548, "sounds": [{"d": 0.147850037, "p": 67, "v": 106}, {"w": 0.015625, "d": 0.1612854, "p": 76, "v": 85}], "pos": 0.5, "size": 1.70000017, "_time": 103.453125}, {"$id": 549, "sounds": [{"d": 0.147850037, "p": 55, "v": 106}], "pos": -1.0, "size": 1.0, "_time": 103.453125}, {"$id": 550, "sounds": [{"d": 0.20161438, "p": 59, "v": 81}, {"d": 0.20161438, "p": 71, "v": 81}], "pos": -1.5, "size": 1.70000017, "_time": 103.601563}, {"$id": 551, "sounds": [{"d": 0.194900513, "p": 81, "v": 104}], "size": 1.0, "_time": 103.628906, "pos": 0}, {"$id": 552, "sounds": [{"d": 0.147857666, "p": 67, "v": 94}, {"w": 0.01171875, "d": 0.188186646, "p": 83, "v": 127}], "pos": 0.5, "size": 1.70000017, "_time": 103.777344}, {"$id": 553, "sounds": [{"d": 0.147857666, "p": 55, "v": 94}], "pos": -1.0, "size": 1.0, "_time": 103.777344}, {"$id": 554, "sounds": [{"d": 0.16129303, "p": 48, "v": 106}, {"d": 0.16129303, "p": 60, "v": 106}], "pos": -0.5, "size": 1.70000017, "_time": 103.945313}, {"$id": 555, "sounds": [{"d": 0.268821716, "p": 81, "v": 111}], "pos": 1.0, "size": 1.0, "_time": 103.953125}, {"$id": 556, "sounds": [{"d": 0.24193573, "p": 64, "v": 106}, {"d": 0.24193573, "p": 57, "v": 106}, {"d": 0.248657227, "p": 60, "v": 102}], "pos": 1.0, "size": 1.80000019, "_time": 104.113281}, {"$id": 557, "sounds": [{"d": 0.248657227, "p": 48, "v": 102}, {"d": 0.20161438, "p": 41, "v": 109}, {"d": 0.48387146, "p": 53, "v": 127}], "pos": -1.0, "size": 1.80000019, "_time": 104.113281}, {"$id": 558, "sounds": [{"d": 0.154571533, "p": 76, "v": 127}, {"d": 0.201622009, "p": 60, "v": 102}, {"d": 0.18145752, "p": 57, "v": 88}, {"d": 0.147850037, "p": 69, "v": 127}], "pos": -1.0, "size": 1.30000007, "_time": 104.4375}, {"$id": 559, "sounds": [{"d": 0.174736023, "p": 41, "v": 95}, {"d": 0.16129303, "p": 72, "v": 127}, {"d": 0.188179016, "p": 48, "v": 98}, {"d": 0.2083435, "p": 64, "v": 109}], "pos": 1.0, "size": 1.30000007, "_time": 104.4375}, {"$id": 560, "sounds": [{"d": 0.16129303, "p": 69, "v": 127}], "pos": -1.0, "size": 1.30000007, "_time": 104.757813}, {"$id": 561, "sounds": [{"d": 0.18145752, "p": 76, "v": 127}, {"d": 0.18145752, "p": 72, "v": 127}], "pos": 1.0, "size": 1.30000007, "_time": 104.757813}, {"$id": 562, "sounds": [{"d": 0.06720734, "p": 67, "v": 116}, {"d": 0.0873718262, "p": 74, "v": 127}], "pos": -1.5, "size": 1.30000007, "_time": 105.082031}, {"$id": 563, "sounds": [{"d": 0.154571533, "p": 76, "v": 127}, {"d": 0.208335876, "p": 72, "v": 127}, {"d": 0.154571533, "p": 67, "v": 114}], "pos": 0.5, "size": 1.30000007, "_time": 105.242188}, {"$id": 564, "sounds": [{"d": 0.1747284, "p": 72, "v": 125}, {"d": 0.127685547, "p": 79, "v": 127}, {"d": 0.1545639, "p": 67, "v": 127}], "pos": 1.5, "size": 1.1, "_time": 105.566406}, {"$id": 565, "sounds": [{"d": 0.228500366, "p": 53, "v": 109}, {"d": 0.255386353, "p": 48, "v": 100}, {"d": 0.3225937, "p": 41, "v": 109}, {"d": 0.255386353, "p": 64, "v": 106}, {"d": 0.3024292, "p": 60, "v": 104}, {"d": 0.248664856, "p": 57, "v": 106}], "pos": -1.0, "size": 1.70000017, "_time": 105.726563}, {"$id": 566, "sounds": [{"d": 0.235229492, "p": 76, "v": 127}, {"d": 0.228508, "p": 67, "v": 127}], "pos": 1.0, "size": 1.1, "_time": 105.886719}, {"$id": 567, "sounds": [{"d": 0.1680069, "p": 67, "v": 118}, {"d": 0.194885254, "p": 74, "v": 127}], "pos": -0.5, "size": 1.0, "_time": 106.210938}, {"$id": 568, "sounds": [{"d": 0.275535583, "p": 76, "v": 127}, {"d": 0.235214233, "p": 67, "v": 120}], "pos": 0.5, "size": 1.0, "_time": 106.53125}, {"$id": 569, "sounds": [{"d": 0.241943359, "p": 52, "v": 122}, {"w": 0.0078125, "d": 0.255386353, "p": 59, "v": 109}, {"w": 0.0078125, "d": 0.22177887, "p": 40, "v": 112}, {"w": 0.0078125, "d": 0.262107849, "p": 47, "v": 102}], "pos": -1.0, "size": 1.60000014, "_time": 106.6875}, {"$id": 570, "sounds": [{"d": 0.255386353, "p": 62, "v": 100}, {"d": 0.255386353, "p": 55, "v": 102}], "pos": 1.0, "size": 1.60000014, "_time": 106.695313}, {"$id": 571, "sounds": [{"d": 0.134407043, "p": 52, "v": 90}, {"d": 0.168014526, "p": 59, "v": 122}, {"d": 0.18145752, "p": 67, "v": 127}, {"d": 0.0806427, "p": 64, "v": 118}, {"d": 0.14112854, "p": 40, "v": 98}, {"d": 0.14112854, "p": 47, "v": 104}, {"d": 0.154571533, "p": 55, "v": 104}, {"d": 0.174736023, "p": 62, "v": 109}], "pos": -1.0, "size": 1.60000014, "_time": 107.015625}, {"$id": 572, "sounds": [{"d": 0.188179016, "p": 76, "v": 127}], "pos": 1.0, "size": 1.4000001, "_time": 107.015625}, {"$id": 573, "sounds": [{"d": 0.09409332, "p": 64, "v": 107}], "pos": -0.5, "size": 1.0, "_time": 107.175781}, {"$id": 574, "sounds": [{"d": 0.188171387, "p": 67, "v": 127}], "pos": -1.0, "size": 1.30000007, "_time": 107.339844}, {"$id": 575, "sounds": [{"d": 0.194892883, "p": 76, "v": 127}], "pos": 1.0, "size": 1.2, "_time": 107.339844}, {"$id": 576, "sounds": [{"d": 0.10080719, "p": 64, "v": 104}], "pos": 0.5, "size": 1.0, "_time": 107.492188}, {"$id": 577, "sounds": [{"d": 0.14112854, "p": 74, "v": 127}, {"d": 0.12096405, "p": 67, "v": 109}], "pos": -1.0, "size": 1.30000007, "_time": 107.65625}, {"$id": 578, "sounds": [{"d": 0.114250183, "p": 67, "v": 114}, {"d": 0.114250183, "p": 76, "v": 127}], "pos": 1.0, "size": 1.30000007, "_time": 107.824219}, {"$id": 579, "sounds": [{"d": 0.114242554, "p": 64, "v": 100}], "pos": -1.0, "size": 1.30000007, "_time": 107.984375}, {"$id": 580, "sounds": [{"d": 0.114250183, "p": 79, "v": 120}, {"d": 0.12097168, "p": 67, "v": 109}], "pos": 1.5, "size": 1.2, "_time": 108.144531}, {"$id": 581, "sounds": [{"d": 0.07392883, "p": 64, "v": 94}, {"w": 0.0078125, "d": 0.147850037, "p": 67, "v": 100}, {"w": 0.0078125, "d": 0.188179016, "p": 59, "v": 106}, {"w": 0.0078125, "d": 0.14112854, "p": 55, "v": 93}, {"w": 0.0078125, "d": 0.168014526, "p": 47, "v": 106}, {"w": 0.0078125, "d": 0.16129303, "p": 52, "v": 109}, {"w": 0.0078125, "d": 0.16129303, "p": 40, "v": 104}], "pos": -1.0, "size": 1.70000017, "_time": 108.300781}, {"$id": 582, "sounds": [{"d": 0.215057373, "p": 76, "v": 127}, {"d": 0.20161438, "p": 67, "v": 127}], "pos": 1.0, "size": 1.2, "_time": 108.460938}, {"$id": 583, "sounds": [{"d": 0.208328247, "p": 67, "v": 122}, {"d": 0.208328247, "p": 74, "v": 127}], "pos": -0.5, "size": 1.2, "_time": 108.785156}, {"$id": 584, "sounds": [{"d": 0.24193573, "p": 67, "v": 127}, {"d": 0.255378723, "p": 76, "v": 127}], "pos": 1.5, "size": 1.0, "_time": 109.113281}, {"$id": 585, "sounds": [{"d": 0.315864563, "p": 62, "v": 127}, {"d": 0.2755432, "p": 55, "v": 116}, {"w": 0.00390625, "d": 0.268821716, "p": 59, "v": 118}], "pos": 1.0, "size": 1.70000017, "_time": 109.269531}, {"$id": 586, "sounds": [{"d": 0.268821716, "p": 50, "v": 106}, {"d": 0.248657227, "p": 43, "v": 109}], "pos": -1.0, "size": 1.70000017, "_time": 109.273438}, {"$id": 587, "sounds": [{"d": 0.16129303, "p": 50, "v": 112}, {"d": 0.174736023, "p": 55, "v": 109}, {"d": 0.16129303, "p": 43, "v": 102}, {"d": 0.18145752, "p": 59, "v": 125}], "pos": -1.0, "size": 1.4000001, "_time": 109.597656}, {"$id": 588, "sounds": [{"d": 0.194900513, "p": 72, "v": 127}, {"d": 0.194900513, "p": 67, "v": 127}], "pos": 1.0, "size": 1.4000001, "_time": 109.597656}, {"$id": 589, "sounds": [{"d": 0.1747284, "p": 72, "v": 127}], "pos": 1.0, "size": 1.30000007, "_time": 109.917969}, {"$id": 590, "sounds": [{"d": 0.188171387, "p": 67, "v": 127}], "pos": -1.0, "size": 1.30000007, "_time": 109.917969}, {"$id": 591, "sounds": [{"d": 0.0873642, "p": 67, "v": 125}, {"d": 0.09408569, "p": 71, "v": 127}], "pos": -0.5, "size": 1.2, "_time": 110.242188}, {"$id": 592, "sounds": [{"d": 0.188171387, "p": 67, "v": 123}, {"d": 0.20161438, "p": 72, "v": 127}], "pos": 1.0, "size": 1.2, "_time": 110.402344}, {"$id": 593, "sounds": [{"d": 0.16129303, "p": 67, "v": 127}, {"d": 0.18145752, "p": 71, "v": 127}], "pos": 1.5, "size": 1.2, "_time": 110.726563}, {"$id": 594, "sounds": [{"d": 0.3763504, "p": 55, "v": 102}, {"d": 0.3965149, "p": 50, "v": 106}, {"d": 0.4704361, "p": 59, "v": 122}, {"d": 0.3763504, "p": 43, "v": 112}], "pos": -1.0, "size": 1.70000017, "_time": 110.886719}, {"$id": 595, "sounds": [{"d": 0.4906006, "p": 62, "v": 100}, {"d": 0.208335876, "p": 67, "v": 127}], "pos": 1.0, "size": 1.2, "_time": 111.046875}, {"$id": 596, "sounds": [{"d": 0.0335998535, "p": 75, "v": 74}], "pos": 2.0, "size": 1.0, "_time": 111.203125}, {"$id": 597, "sounds": [{"d": 0.14112854, "p": 67, "v": 127}, {"d": 0.154571533, "p": 74, "v": 127}], "pos": 1.5, "size": 1.0, "_time": 111.371094}, {"$id": 598, "sounds": [{"d": 0.06720734, "p": 67, "v": 123}, {"d": 0.06048584, "p": 74, "v": 127}], "pos": 1.5, "size": 1.0, "_time": 111.695313}, {"$id": 599, "sounds": [{"d": 0.235214233, "p": 45, "v": 115}, {"d": 0.24193573, "p": 52, "v": 106}, {"d": 0.26210022, "p": 60, "v": 112}, {"d": 0.255378723, "p": 55, "v": 102}], "pos": -1.0, "size": 1.70000017, "_time": 111.855469}, {"$id": 600, "sounds": [{"d": 0.0739212, "p": 67, "v": 100}, {"d": 0.127685547, "p": 74, "v": 127}], "pos": 1.0, "size": 1.4000001, "_time": 111.855469}, {"$id": 601, "sounds": [{"d": 0.1747284, "p": 55, "v": 98}, {"d": 0.1747284, "p": 45, "v": 98}, {"d": 0.18144989, "p": 52, "v": 102}, {"d": 0.18144989, "p": 60, "v": 115}], "pos": -1.0, "size": 1.70000017, "_time": 112.175781}, {"$id": 602, "sounds": [{"d": 0.194892883, "p": 72, "v": 127}], "pos": 1.0, "size": 1.60000014, "_time": 112.175781}, {"$id": 603, "sounds": [{"d": 0.09409332, "p": 76, "v": 100}], "size": 1.0, "_time": 112.339844, "pos": 0}, {"$id": 604, "sounds": [{"d": 0.114250183, "p": 84, "v": 114}], "pos": 2.0, "size": 1.0, "_time": 112.5}, {"$id": 605, "sounds": [{"d": 0.127685547, "p": 72, "v": 116}], "pos": -1.5, "size": 1.0, "_time": 112.660156}, {"$id": 606, "sounds": [{"d": 0.0806427, "p": 76, "v": 111}], "size": 1.0, "_time": 112.824219, "pos": 0}, {"$id": 607, "sounds": [{"d": 0.12096405, "p": 83, "v": 127}], "pos": 1.5, "size": 1.0, "_time": 112.976563}, {"$id": 608, "sounds": [{"d": 0.107528687, "p": 76, "v": 102}], "size": 1.0, "_time": 113.144531, "pos": 0}, {"$id": 609, "sounds": [{"d": 0.0739212, "p": 72, "v": 113}], "pos": -1.5, "size": 1.0, "_time": 113.308594}, {"$id": 610, "sounds": [{"d": 0.0873642, "p": 84, "v": 113}], "pos": 1.0, "size": 1.2, "_time": 113.46875}, {"$id": 611, "sounds": [{"d": 0.3696289, "p": 42, "v": 120}, {"d": 0.3830719, "p": 54, "v": 120}, {"d": 0.4032364, "p": 60, "v": 115}], "pos": -1.0, "size": 1.70000017, "_time": 113.46875}, {"$id": 612, "sounds": [{"d": 0.10080719, "p": 76, "v": 125}], "pos": 0.5, "size": 1.0, "_time": 113.621094}, {"$id": 613, "sounds": [{"d": 0.04032135, "p": 72, "v": 97}], "pos": -0.5, "size": 1.0, "_time": 113.789063}, {"$id": 614, "sounds": [{"d": 0.147850037, "p": 42, "v": 109}, {"d": 0.14112854, "p": 54, "v": 109}, {"d": 0.168014526, "p": 62, "v": 102}], "pos": -1.0, "size": 1.70000017, "_time": 113.953125}, {"$id": 615, "sounds": [{"d": 0.154571533, "p": 86, "v": 125}], "pos": 1.5, "size": 1.30000007, "_time": 113.953125}, {"$id": 616, "sounds": [{"d": 0.248657227, "p": 60, "v": 102}, {"d": 0.24193573, "p": 64, "v": 106}, {"d": 0.24193573, "p": 57, "v": 106}], "pos": 1.0, "size": 1.70000017, "_time": 114.4375}, {"$id": 617, "sounds": [{"d": 0.248657227, "p": 48, "v": 102}, {"d": 0.20161438, "p": 41, "v": 109}, {"d": 0.48387146, "p": 53, "v": 127}], "pos": -1.0, "size": 1.70000017, "_time": 114.4375}, {"$id": 618, "sounds": [{"d": 0.09408569, "p": 69, "v": 127}, {"d": 0.201622009, "p": 60, "v": 102}, {"d": 0.10080719, "p": 76, "v": 122}, {"d": 0.10080719, "p": 72, "v": 127}], "pos": 1.0, "size": 1.50000012, "_time": 114.757813}, {"$id": 619, "sounds": [{"d": 0.18145752, "p": 57, "v": 88}, {"d": 0.2083435, "p": 64, "v": 109}, {"d": 0.174736023, "p": 41, "v": 95}, {"d": 0.188179016, "p": 48, "v": 98}], "pos": -1.0, "size": 1.50000012, "_time": 114.757813}, {"$id": 620, "sounds": [{"d": 0.0873642, "p": 69, "v": 127}], "pos": -1.0, "size": 1.4000001, "_time": 115.082031}, {"$id": 621, "sounds": [{"d": 0.1612854, "p": 76, "v": 127}, {"d": 0.0873642, "p": 72, "v": 127}], "pos": 1.0, "size": 1.4000001, "_time": 115.082031}, {"$id": 622, "sounds": [{"d": 0.0873718262, "p": 74, "v": 127}, {"d": 0.06720734, "p": 67, "v": 114}], "pos": -1.5, "size": 1.2, "_time": 115.398438}, {"$id": 623, "sounds": [{"d": 0.10080719, "p": 76, "v": 127}, {"d": 0.09408569, "p": 72, "v": 120}], "pos": 0.5, "size": 1.2, "_time": 115.566406}, {"$id": 624, "sounds": [{"d": 0.0470428467, "p": 72, "v": 78}], "pos": -1.5, "size": 1.0, "_time": 115.726563}, {"$id": 625, "sounds": [{"d": 0.107528687, "p": 79, "v": 123}, {"d": 0.517478943, "p": 65, "v": 97}, {"d": 0.09408569, "p": 72, "v": 123}], "pos": 1.5, "size": 1.30000007, "_time": 115.886719}, {"$id": 626, "sounds": [{"d": 0.255378723, "p": 48, "v": 100}, {"d": 0.00672149658, "p": 60, "v": 104}, {"d": 0.228492737, "p": 53, "v": 109}, {"d": 0.248657227, "p": 57, "v": 106}, {"d": 0.32258606, "p": 41, "v": 109}, {"d": 0.255378723, "p": 64, "v": 106}], "pos": -1.0, "size": 1.70000017, "_time": 116.046875}, {"$id": 627, "sounds": [{"d": 0.107536316, "p": 72, "v": 127}, {"d": 0.147857666, "p": 76, "v": 127}], "pos": 1.0, "size": 1.30000007, "_time": 116.210938}, {"$id": 628, "sounds": [{"d": 0.228492737, "p": 74, "v": 127}, {"d": 0.309135437, "p": 60, "v": 69}, {"d": 0.194892883, "p": 67, "v": 122}], "pos": -1.0, "size": 1.30000007, "_time": 116.527344}, {"$id": 629, "sounds": [{"d": 0.376342773, "p": 67, "v": 125}, {"d": 0.376342773, "p": 76, "v": 120}, {"d": 0.0134429932, "p": 74, "v": 92}], "pos": 1.0, "size": 1.30000007, "_time": 116.855469}, {"$id": 630, "sounds": [{"d": 0.235221863, "p": 52, "v": 109}, {"d": 0.262107849, "p": 47, "v": 102}, {"d": 0.22177887, "p": 40, "v": 112}], "pos": -1.0, "size": 1.70000017, "_time": 117.015625}, {"$id": 631, "sounds": [{"d": 0.255386353, "p": 55, "v": 102}, {"d": 0.255386353, "p": 62, "v": 100}, {"d": 0.255386353, "p": 59, "v": 109}], "pos": 1.0, "size": 1.70000017, "_time": 117.015625}, {"$id": 632, "sounds": [{"d": 0.127685547, "p": 67, "v": 122}, {"d": 0.14112854, "p": 76, "v": 127}], "pos": 1.0, "size": 1.60000014, "_time": 117.339844}, {"$id": 633, "sounds": [{"d": 0.154571533, "p": 55, "v": 104}, {"d": 0.14112854, "p": 47, "v": 104}, {"d": 0.174736023, "p": 62, "v": 109}, {"d": 0.168014526, "p": 59, "v": 122}, {"d": 0.32258606, "p": 64, "v": 113}, {"d": 0.14112854, "p": 40, "v": 98}, {"d": 0.134407043, "p": 52, "v": 90}], "pos": -1.0, "size": 1.60000014, "_time": 117.339844}, {"$id": 634, "sounds": [{"d": 0.208335876, "p": 67, "v": 127}], "pos": -1.0, "size": 1.30000007, "_time": 117.660156}, {"$id": 635, "sounds": [{"d": 0.228500366, "p": 76, "v": 127}], "pos": 1.0, "size": 1.30000007, "_time": 117.660156}, {"$id": 636, "sounds": [{"d": 0.134414673, "p": 64, "v": 87}, {"d": 0.08065033, "p": 67, "v": 99}, {"d": 0.09409332, "p": 74, "v": 114}], "pos": -1.5, "size": 1.2, "_time": 117.976563}, {"$id": 637, "sounds": [{"d": 0.0873642, "p": 64, "v": 44}, {"d": 0.0873642, "p": 59, "v": 78}, {"d": 0.0806427, "p": 76, "v": 127}, {"d": 0.0537643433, "p": 67, "v": 105}], "pos": 0.5, "size": 1.2, "_time": 118.144531}, {"$id": 638, "sounds": [{"d": 0.356193542, "p": 59, "v": 80}, {"w": 0.0078125, "d": 0.0873642, "p": 72, "v": 116}, {"w": 0.0078125, "d": 0.09408569, "p": 84, "v": 111}], "pos": 1.5, "size": 1.30000007, "_time": 118.460938, "shift": 0.00390625}, {"$id": 639, "sounds": [{"d": 0.168014526, "p": 47, "v": 106}, {"d": 0.16129303, "p": 40, "v": 104}, {"d": 0.16129303, "p": 52, "v": 109}, {"d": 0.147850037, "p": 67, "v": 100}, {"d": 0.14112854, "p": 55, "v": 93}], "pos": -1.0, "size": 1.70000017, "_time": 118.628906}, {"$id": 640, "sounds": [{"d": 0.0873718262, "p": 83, "v": 127}, {"d": 0.07392883, "p": 71, "v": 127}, {"d": 0.268821716, "p": 64, "v": 107}], "pos": 1.0, "size": 1.30000007, "_time": 118.785156}, {"$id": 641, "sounds": [{"d": 0.09408569, "p": 79, "v": 125}, {"d": 0.0806427, "p": 67, "v": 123}], "size": 1.30000007, "_time": 119.113281, "pos": 0}, {"$id": 642, "sounds": [{"d": 0.0873642, "p": 62, "v": 113}, {"d": 0.0806427, "p": 74, "v": 120}], "pos": -1.0, "size": 1.2, "_time": 119.429688}, {"$id": 643, "sounds": [{"d": 0.235214233, "p": 74, "v": 127}, {"d": 0.20161438, "p": 62, "v": 127}], "pos": 1.0, "size": 1.70000017, "_time": 119.589844}, {"$id": 644, "sounds": [{"d": 0.268821716, "p": 59, "v": 118}, {"d": 0.268821716, "p": 50, "v": 106}, {"d": 0.248657227, "p": 43, "v": 109}, {"d": 0.268821716, "p": 55, "v": 102}], "pos": -1.0, "size": 1.70000017, "_time": 119.597656}, {"$id": 645, "sounds": [{"d": 0.147850037, "p": 62, "v": 123}, {"w": 0.00390625, "d": 0.16129303, "p": 43, "v": 102}, {"w": 0.00390625, "d": 0.16129303, "p": 50, "v": 112}, {"w": 0.00390625, "d": 0.174736023, "p": 55, "v": 109}], "pos": -0.5, "size": 1.30000007, "_time": 119.914063}, {"$id": 646, "sounds": [{"d": 0.201622009, "p": 67, "v": 125}, {"d": 0.2217865, "p": 76, "v": 127}, {"w": 0.00390625, "d": 0.18145752, "p": 59, "v": 125}], "pos": 1.5, "size": 1.30000007, "_time": 119.914063}, {"$id": 647, "sounds": [{"d": 0.1747284, "p": 67, "v": 123}, {"d": 0.1747284, "p": 72, "v": 127}], "pos": 1.0, "size": 1.30000007, "_time": 120.242188}, {"$id": 648, "sounds": [{"d": 0.20160675, "p": 62, "v": 127}], "pos": -1.0, "size": 1.30000007, "_time": 120.242188}, {"$id": 649, "sounds": [{"d": 0.0806427, "p": 67, "v": 111}, {"d": 0.0873642, "p": 71, "v": 127}], "pos": 0.5, "size": 1.30000007, "_time": 120.558594}, {"$id": 650, "sounds": [{"d": 0.10080719, "p": 62, "v": 120}], "pos": -1.5, "size": 1.30000007, "_time": 120.558594}, {"$id": 651, "sounds": [{"d": 0.1680069, "p": 62, "v": 127}], "pos": -1.0, "size": 1.30000007, "_time": 120.71875}, {"$id": 652, "sounds": [{"d": 0.18144989, "p": 67, "v": 114}, {"d": 0.22177124, "p": 72, "v": 127}], "pos": 1.0, "size": 1.30000007, "_time": 120.71875}, {"$id": 653, "sounds": [{"d": 0.188179016, "p": 67, "v": 125}, {"d": 0.18145752, "p": 74, "v": 127}], "pos": 1.5, "size": 1.30000007, "_time": 121.046875}, {"$id": 654, "sounds": [{"d": 0.2083435, "p": 62, "v": 127}], "pos": -0.5, "size": 1.30000007, "_time": 121.046875}, {"$id": 655, "sounds": [{"d": 0.376358032, "p": 55, "v": 102}, {"d": 0.470443726, "p": 59, "v": 122}, {"d": 0.376358032, "p": 43, "v": 112}, {"d": 0.396522522, "p": 50, "v": 106}], "pos": 0.278032422, "size": 2.0, "_time": 121.210938}, {"$id": 656, "sounds": [{"d": 0.16129303, "p": 62, "v": 127}], "pos": -1.0, "size": 1.30000007, "_time": 121.371094}, {"$id": 657, "sounds": [{"d": 0.174736023, "p": 67, "v": 127}, {"d": 0.22177887, "p": 71, "v": 127}], "pos": 1.0, "size": 1.30000007, "_time": 121.371094}, {"$id": 658, "sounds": [{"d": 0.06720734, "p": 67, "v": 127}], "pos": 0.5, "size": 1.30000007, "_time": 121.695313}, {"$id": 659, "sounds": [{"d": 0.127693176, "p": 62, "v": 127}], "pos": -1.5, "size": 1.30000007, "_time": 121.695313}, {"$id": 660, "sounds": [{"d": 0.20161438, "p": 72, "v": 127}], "pos": -1.5, "size": 1.0, "_time": 122.171875}, {"$id": 661, "sounds": [{"d": 0.24193573, "p": 52, "v": 106}, {"d": 0.255378723, "p": 55, "v": 102}, {"d": 0.235214233, "p": 45, "v": 115}, {"d": 0.26210022, "p": 60, "v": 112}], "size": 1.70000017, "_time": 122.175781, "pos": 0}, {"$id": 662, "sounds": [{"d": 0.08065033, "p": 76, "v": 109}], "size": 1.0, "_time": 122.332031, "pos": 0}, {"$id": 663, "sounds": [{"d": 0.10080719, "p": 84, "v": 116}], "pos": 1.5, "size": 1.0, "_time": 122.492188}, {"$id": 664, "sounds": [{"d": 0.174736023, "p": 45, "v": 98}, {"d": 0.174736023, "p": 55, "v": 98}, {"d": 0.18145752, "p": 60, "v": 115}, {"d": 0.18145752, "p": 52, "v": 102}], "size": 1.70000017, "_time": 122.5, "pos": 0}, {"$id": 665, "sounds": [{"d": 0.114250183, "p": 76, "v": 102}], "pos": -1.5, "size": 1.0, "_time": 122.65625}, {"$id": 666, "sounds": [{"d": 0.0806427, "p": 72, "v": 120}], "size": 1.0, "_time": 122.824219, "pos": 0}, {"$id": 667, "sounds": [{"d": 0.12097168, "p": 83, "v": 127}], "pos": 1.0, "size": 1.0, "_time": 122.976563}, {"$id": 668, "sounds": [{"d": 0.107528687, "p": 76, "v": 114}], "size": 1.0, "_time": 123.144531, "pos": 0}, {"$id": 669, "sounds": [{"d": 0.10080719, "p": 72, "v": 116}], "pos": -1.5, "size": 1.0, "_time": 123.308594}, {"$id": 670, "sounds": [{"d": 0.09408569, "p": 84, "v": 111}], "pos": 1.5, "size": 1.0, "_time": 123.46875}, {"$id": 671, "sounds": [{"d": 0.107528687, "p": 76, "v": 107}], "size": 1.0, "_time": 123.621094, "pos": 0}, {"$id": 672, "sounds": [{"d": 0.07392883, "p": 72, "v": 118}], "pos": -1.5, "size": 1.0, "_time": 123.785156}, {"$id": 673, "sounds": [{"d": 0.369621277, "p": 42, "v": 120}, {"d": 0.40322876, "p": 60, "v": 115}, {"d": 0.38306427, "p": 54, "v": 120}], "size": 1.70000017, "_time": 123.789063, "pos": 0}, {"$id": 674, "sounds": [{"d": 0.12096405, "p": 86, "v": 104}], "pos": 1.5, "size": 1.0, "_time": 123.945313}, {"$id": 675, "sounds": [{"d": 0.04032135, "p": 74, "v": 113}], "pos": -1.5, "size": 1.0, "_time": 124.273438}, {"$id": 676, "sounds": [{"d": 0.168014526, "p": 62, "v": 102}, {"d": 0.14112854, "p": 54, "v": 109}, {"d": 0.147850037, "p": 42, "v": 109}], "size": 1.70000017, "_time": 124.273438, "pos": 0}, {"$id": 677, "sounds": [{"d": 0.0873642, "p": 88, "v": 100}, {"d": 0.0134429932, "p": 76, "v": 116}], "pos": 2.0, "size": 1.0, "_time": 124.4375}, {"$id": 678, "sounds": [{"d": 2.59409332, "p": 81, "v": 90}], "pos": 1.5, "size": 1.0, "_time": 124.75}, {"$id": 679, "sounds": [{"d": 2.54032135, "p": 77, "v": 104}], "pos": 1.0, "size": 1.0, "_time": 124.757813}, {"$id": 680, "sounds": [{"d": 2.18413544, "p": 69, "v": 74}], "size": 1.0, "_time": 124.765625, "pos": 0}, {"$id": 681, "sounds": [{"d": 2.55376434, "p": 72, "v": 85}], "pos": 0.5, "size": 1.0, "_time": 124.765625}, {"$id": 682, "sounds": [{"d": 2.31854248, "p": 62, "v": 81}], "pos": -1.0, "size": 1.0, "_time": 124.773438}, {"$id": 683, "sounds": [{"d": 1.56585693, "p": 65, "v": 85}], "pos": -0.5, "size": 1.0, "_time": 124.773438}, {"$id": 684, "sounds": [{"d": 2.5806427, "p": 79, "v": 35}], "pos": 0.5, "size": 1.30000007, "_time": 127.296875}, {"$id": 685, "sounds": [{"d": 2.54704285, "p": 64, "v": 46}, {"d": 2.14382935, "p": 71, "v": 79}], "pos": -1.0, "size": 1.50000012, "_time": 127.3125}, {"$id": 686, "sounds": [{"d": 2.50672913, "p": 83, "v": 62}], "pos": 1.16018319, "size": 1.30000007, "_time": 127.324219}, {"$id": 687, "sounds": [{"d": 4.66395569, "p": 69, "v": 32}], "pos": 1.0, "size": 1.0, "_time": 129.847656}, {"$id": 688, "sounds": [{"d": 2.63439941, "p": 72, "v": 16}], "pos": 1.5, "size": 1.0, "_time": 129.851563}, {"$id": 689, "sounds": [{"d": 4.663971, "p": 81, "v": 59}], "pos": -1.5, "size": 1.0, "_time": 129.859375}], "links": [{"notes": [{"$ref": 269}, {"$ref": 270}, {"$ref": 272}, {"$ref": 273}, {"$ref": 275}]}, {"notes": [{"$ref": 379}, {"$ref": 381}]}, {"notes": [{"$ref": 305}, {"$ref": 306}, {"$ref": 307}]}, {"notes": [{"$ref": 382}, {"$ref": 383}]}, {"notes": [{"$ref": 385}, {"$ref": 386}]}, {"notes": [{"$ref": 388}, {"$ref": 389}]}, {"notes": [{"$ref": 391}, {"$ref": 394}]}, {"notes": [{"$ref": 392}, {"$ref": 393}]}, {"notes": [{"$ref": 396}, {"$ref": 398}]}, {"notes": [{"$ref": 395}, {"$ref": 397}]}, {"notes": [{"$ref": 678}, {"$ref": 679}, {"$ref": 680}, {"$ref": 681}, {"$ref": 682}, {"$ref": 683}]}, {"notes": [{"$ref": 684}, {"$ref": 686}]}, {"notes": [{"$ref": 687}, {"$ref": 688}]}]}