{"speed": 10.64, "notes": [{"$id": 1, "sounds": [{"d": 3.03125, "p": 53, "v": 68}, {"w": 0.0078125, "d": 5.8984375, "p": 46, "v": 72}], "pos": -1.0, "size": 2.0}, {"$id": 2, "sounds": [{"d": 0.3828125, "p": 62, "v": 74}], "pos": 1.0, "size": 2.0}, {"$id": 3, "sounds": [{"d": 0.3828125, "p": 58, "v": 68}], "pos": -1.5, "size": 1.9, "_time": 0.3671875}, {"$id": 4, "sounds": [{"d": 0.3515625, "p": 62, "v": 61}], "pos": 1.5, "size": 1.9, "_time": 0.7265625}, {"$id": 5, "sounds": [{"d": 0.390625, "p": 58, "v": 64}], "pos": -1.5, "size": 1.8, "_time": 1.0546875}, {"$id": 6, "sounds": [{"d": 0.4296875, "p": 62, "v": 66}], "pos": 1.5, "size": 1.8, "_time": 1.4453125}, {"$id": 7, "sounds": [{"d": 0.40625, "p": 58, "v": 78}], "pos": -0.5, "size": 1.69999993, "_time": 1.8359375}, {"$id": 8, "sounds": [{"d": 0.359375, "p": 62, "v": 70}], "pos": 1.0, "size": 1.69999993, "_time": 2.234375}, {"$id": 9, "sounds": [{"d": 0.40625, "p": 58, "v": 87}], "pos": -0.5, "size": 1.5999999, "_time": 2.5859375}, {"$id": 10, "sounds": [{"d": 0.3828125, "p": 62, "v": 78}, {"w": 0.03125, "d": 1.515625, "p": 52, "v": 78}], "pos": 1.0, "size": 1.5999999, "_time": 2.9765625}, {"$id": 11, "sounds": [{"d": 0.3671875, "p": 58, "v": 72}], "pos": -1.0, "size": 1.39999986, "_time": 3.34375}, {"$id": 12, "sounds": [{"d": 0.40625, "p": 62, "v": 72}], "pos": 1.0, "size": 1.39999986, "_time": 3.71875}, {"$id": 13, "sounds": [{"d": 0.3828125, "p": 58, "v": 76}], "pos": -1.5, "size": 1.19999981, "_time": 4.1171875}, {"$id": 14, "sounds": [{"d": 0.3359375, "p": 57, "v": 84}, {"w": 0.015625, "d": 0.7109375, "p": 50, "v": 78}], "pos": 1.5, "size": 1.19999981, "_time": 4.5}, {"$id": 15, "sounds": [{"d": 0.4296875, "p": 58, "v": 82}], "pos": -1.0, "size": 1.09999979, "_time": 4.8359375}, {"$id": 16, "sounds": [{"d": 0.6484375, "p": 48, "v": 87}, {"d": 0.34375, "p": 62, "v": 76}], "pos": 0.5, "size": 1.09999979, "_time": 5.234375}, {"$id": 17, "sounds": [{"d": 0.328125, "p": 64, "v": 76}], "size": 0.999999762, "_time": 5.578125, "pos": 0}, {"$id": 18, "sounds": [{"d": 3.03125, "p": 53, "v": 68}, {"w": 0.0078125, "d": 5.8984375, "p": 46, "v": 72}], "pos": -1.0, "size": 2.0, "_time": 6.0}, {"$id": 19, "sounds": [{"d": 0.3828125, "p": 62, "v": 74}], "pos": 1.0, "size": 2.0, "_time": 6.0}, {"$id": 20, "sounds": [{"d": 0.3828125, "p": 58, "v": 68}], "pos": -1.5, "size": 1.5999999, "_time": 6.3671875}, {"$id": 21, "sounds": [{"d": 0.3515625, "p": 62, "v": 61}], "pos": 1.5, "size": 1.5999999, "_time": 6.7265625}, {"$id": 22, "sounds": [{"d": 0.390625, "p": 58, "v": 64}], "pos": -1.0, "size": 1.49999988, "_time": 7.0546875}, {"$id": 23, "sounds": [{"d": 0.4296875, "p": 62, "v": 66}], "pos": 1.0, "size": 1.49999988, "_time": 7.4453125}, {"$id": 24, "sounds": [{"d": 0.40625, "p": 58, "v": 78}], "pos": -0.5, "size": 1.39999986, "_time": 7.8359375}, {"$id": 25, "sounds": [{"d": 0.359375, "p": 62, "v": 70}], "pos": 0.5, "size": 1.39999986, "_time": 8.234375}, {"$id": 26, "sounds": [{"d": 0.40625, "p": 58, "v": 87}], "pos": -0.5, "size": 1.29999983, "_time": 8.5859375}, {"$id": 27, "sounds": [{"d": 0.3828125, "p": 62, "v": 78}, {"w": 0.03125, "d": 1.515625, "p": 52, "v": 78}], "pos": 1.0, "size": 1.29999983, "_time": 8.9765625}, {"$id": 28, "sounds": [{"d": 0.3671875, "p": 58, "v": 72}], "pos": -1.0, "size": 1.19999981, "_time": 9.34375}, {"$id": 29, "sounds": [{"d": 0.40625, "p": 62, "v": 72}], "pos": 1.5, "size": 1.19999981, "_time": 9.71875}, {"$id": 30, "sounds": [{"d": 0.3828125, "p": 58, "v": 76}], "pos": -1.5, "size": 1.09999979, "_time": 10.1171875}, {"$id": 31, "sounds": [{"d": 0.3359375, "p": 57, "v": 84}, {"w": 0.015625, "d": 0.7109375, "p": 50, "v": 78}], "pos": 2.0, "size": 1.09999979, "_time": 10.5}, {"$id": 32, "sounds": [{"d": 0.4296875, "p": 58, "v": 82}], "pos": -2.0, "size": 0.899999738, "_time": 10.8359375}, {"$id": 33, "sounds": [{"d": 0.34375, "p": 62, "v": 76}, {"d": 0.6484375, "p": 48, "v": 87}], "pos": 1.0, "size": 0.7999997, "_time": 11.234375}, {"$id": 34, "sounds": [{"d": 0.328125, "p": 64, "v": 76}], "pos": -0.5, "size": 0.7999997, "_time": 11.578125}, {"$id": 35, "sounds": [{"d": 3.03125, "p": 53, "v": 68}, {"w": 0.0078125, "d": 5.8984375, "p": 46, "v": 72}], "pos": -1.0, "size": 2.0, "_time": 12.0}, {"$id": 36, "sounds": [{"d": 0.3828125, "p": 62, "v": 74}], "pos": 1.0, "size": 2.0, "_time": 12.0}, {"$id": 37, "sounds": [{"d": 0.3828125, "p": 58, "v": 68}], "size": 1.69999993, "_time": 12.3671875, "pos": 0}, {"$id": 38, "sounds": [{"d": 0.3515625, "p": 62, "v": 61}], "pos": 0.5, "size": 1.69999993, "_time": 12.7265625}, {"$id": 39, "sounds": [{"d": 0.390625, "p": 58, "v": 64}], "size": 1.5999999, "_time": 13.0546875, "pos": 0}, {"$id": 40, "sounds": [{"d": 0.4296875, "p": 62, "v": 66}], "pos": 0.5, "size": 1.5999999, "_time": 13.4453125}, {"$id": 41, "sounds": [{"d": 0.40625, "p": 58, "v": 78}], "size": 1.49999988, "_time": 13.8359375, "pos": 0}, {"$id": 42, "sounds": [{"d": 0.359375, "p": 62, "v": 70}], "pos": 0.5, "size": 1.5999999, "_time": 14.234375}, {"$id": 43, "sounds": [{"d": 0.40625, "p": 58, "v": 87}], "pos": -0.5, "size": 1.39999986, "_time": 14.5859375}, {"$id": 44, "sounds": [{"d": 0.3828125, "p": 62, "v": 78}, {"w": 0.03125, "d": 1.515625, "p": 52, "v": 78}], "pos": 0.5, "size": 1.39999986, "_time": 14.9765625}, {"$id": 45, "sounds": [{"d": 0.3671875, "p": 58, "v": 72}], "size": 1.29999983, "_time": 15.34375, "pos": 0}, {"$id": 46, "sounds": [{"d": 0.40625, "p": 62, "v": 72}], "pos": 0.5, "size": 1.29999983, "_time": 15.71875}, {"$id": 47, "sounds": [{"d": 0.3828125, "p": 58, "v": 76}], "size": 1.19999981, "_time": 16.1171875, "pos": 0}, {"$id": 48, "sounds": [{"d": 0.3359375, "p": 57, "v": 84}, {"w": 0.015625, "d": 0.7109375, "p": 50, "v": 78}], "pos": -0.5, "size": 1.09999979, "_time": 16.5}, {"$id": 49, "sounds": [{"d": 0.4296875, "p": 58, "v": 82}], "size": 0.999999762, "_time": 16.8359375, "pos": 0}, {"$id": 50, "sounds": [{"d": 0.34375, "p": 62, "v": 76}, {"d": 0.6484375, "p": 48, "v": 87}], "pos": 0.5, "size": 0.999999762, "_time": 17.234375}, {"$id": 51, "sounds": [{"d": 0.328125, "p": 64, "v": 76}], "pos": 0.5, "size": 0.6999997, "_time": 17.578125}, {"$id": 52, "sounds": [{"d": 3.03125, "p": 53, "v": 68}, {"w": 0.0078125, "d": 5.8984375, "p": 46, "v": 72}], "pos": -1.0, "size": 2.0, "_time": 18.0}, {"$id": 53, "sounds": [{"d": 0.3828125, "p": 62, "v": 74}], "pos": 1.0, "size": 2.0, "_time": 18.0}, {"$id": 54, "sounds": [{"d": 0.3828125, "p": 58, "v": 68}], "pos": -0.104609489, "size": 1.69999993, "_time": 18.3671875}, {"$id": 55, "sounds": [{"d": 0.3515625, "p": 62, "v": 61}], "pos": 0.3953905, "size": 1.69999993, "_time": 18.7265625}, {"$id": 56, "sounds": [{"d": 0.390625, "p": 58, "v": 64}], "pos": -0.104609489, "size": 1.5999999, "_time": 19.0546875}, {"$id": 57, "sounds": [{"d": 0.4296875, "p": 62, "v": 66}], "pos": 0.3953905, "size": 1.5999999, "_time": 19.4453125}, {"$id": 58, "sounds": [{"d": 0.40625, "p": 58, "v": 78}], "pos": -0.104609489, "size": 1.49999988, "_time": 19.8359375}, {"$id": 59, "sounds": [{"d": 0.359375, "p": 62, "v": 70}], "pos": 0.3953905, "size": 1.49999988, "_time": 20.234375}, {"$id": 60, "sounds": [{"d": 0.40625, "p": 58, "v": 87}], "pos": -0.104609489, "size": 1.39999986, "_time": 20.5859375}, {"$id": 61, "sounds": [{"d": 0.3828125, "p": 62, "v": 78}, {"w": 0.03125, "d": 1.515625, "p": 52, "v": 78}], "pos": 0.3953905, "size": 1.39999986, "_time": 20.9765625}, {"$id": 62, "sounds": [{"d": 0.3671875, "p": 58, "v": 72}], "pos": -0.104609489, "size": 1.29999983, "_time": 21.34375}, {"$id": 63, "sounds": [{"d": 0.40625, "p": 62, "v": 72}], "pos": 0.3953905, "size": 1.29999983, "_time": 21.71875}, {"$id": 64, "sounds": [{"d": 0.3828125, "p": 58, "v": 76}], "pos": -0.104609489, "size": 1.19999981, "_time": 22.1171875}, {"$id": 65, "sounds": [{"d": 0.3359375, "p": 57, "v": 84}, {"w": 0.015625, "d": 0.7109375, "p": 50, "v": 78}], "pos": -0.229609489, "size": 1.19999981, "_time": 22.5}, {"$id": 66, "sounds": [{"d": 0.4296875, "p": 58, "v": 82}], "pos": -0.104609489, "size": 1.09999979, "_time": 22.8359375}, {"$id": 67, "sounds": [{"d": 0.34375, "p": 62, "v": 76}, {"d": 0.6484375, "p": 48, "v": 87}], "pos": 0.3953905, "size": 0.999999762, "_time": 23.234375}, {"$id": 68, "sounds": [{"d": 0.328125, "p": 64, "v": 76}], "pos": 0.6453905, "size": 0.899999738, "_time": 23.578125}, {"$id": 69, "sounds": [{"d": 1.03125, "p": 70, "v": 92}, {"d": 0.7109375, "p": 77, "v": 92}], "pos": -2.0, "size": 0.8000001, "_time": 24.0}, {"$id": 70, "sounds": [{"d": 0.6796875, "p": 89, "v": 92}], "pos": -0.5, "size": 0.799999952, "_time": 24.0}, {"$id": 71, "sounds": [{"d": 0.75, "p": 101, "v": 91}], "pos": 2.0, "size": 0.6, "_time": 24.75}, {"$id": 72, "sounds": [{"d": 0.75, "p": 98, "v": 85}], "pos": 1.0, "size": 0.6, "_time": 25.5}, {"$id": 73, "sounds": [{"d": 0.75, "p": 89, "v": 100}], "size": 0.6, "_time": 26.25, "pos": 0}, {"$id": 74, "sounds": [{"d": 0.75, "p": 101, "v": 85}], "pos": 2.0, "size": 0.6, "_time": 27.1875}, {"$id": 75, "sounds": [{"d": 1.3125, "p": 98, "v": 87}], "pos": -2.0, "size": 0.6, "_time": 28.3125}, {"$id": 76, "sounds": [{"d": 1.03125, "p": 46, "v": 74}], "pos": -2.0, "size": 1.2, "_time": 30.0078125}, {"$id": 77, "sounds": [{"d": 0.6796875, "p": 65, "v": 72}], "pos": 0.288119316, "size": 1.2, "_time": 30.0078125}, {"$id": 78, "sounds": [{"d": 0.34375, "p": 53, "v": 55}], "pos": -1.21188068, "size": 1.0, "_time": 30.375}, {"$id": 79, "sounds": [{"d": 0.765625, "p": 62, "v": 68}, {"d": 0.375, "p": 70, "v": 81}], "pos": 0.5, "size": 0.799999952, "_time": 30.75}, {"$id": 80, "sounds": [{"d": 0.3671875, "p": 58, "v": 55}], "pos": -0.5868807, "size": 0.799999952, "_time": 30.75}, {"$id": 81, "sounds": [{"d": 0.375, "p": 72, "v": 81}], "pos": 1.16311932, "size": 1.0, "_time": 31.125}, {"$id": 82, "sounds": [{"d": 0.375, "p": 53, "v": 58}], "pos": -1.21188068, "size": 1.0, "_time": 31.125}, {"$id": 83, "sounds": [{"d": 0.890625, "p": 46, "v": 74}], "pos": -2.0, "size": 1.1, "_time": 31.5}, {"$id": 84, "sounds": [{"d": 0.6875, "p": 65, "v": 78}, {"d": 0.75, "p": 74, "v": 81}], "pos": 1.5, "size": 1.1, "_time": 31.5}, {"$id": 85, "sounds": [{"d": 0.3359375, "p": 53, "v": 58}], "pos": -1.21188068, "size": 1.30000007, "_time": 31.875}, {"$id": 86, "sounds": [{"d": 0.75, "p": 77, "v": 81}], "pos": 1.78811932, "size": 1.4000001, "_time": 32.25}, {"$id": 87, "sounds": [{"d": 0.3046875, "p": 58, "v": 62}, {"d": 0.4609375, "p": 62, "v": 68}], "pos": -0.5868807, "size": 1.4000001, "_time": 32.25}, {"$id": 88, "sounds": [{"d": 0.1953125, "p": 53, "v": 50}, {"w": 0.015625, "d": 0.1953125, "p": 65, "v": 58}], "pos": -1.21188068, "size": 1.0, "_time": 32.6171875}, {"$id": 89, "sounds": [{"d": 0.90625, "p": 46, "v": 62}], "pos": -2.0, "size": 1.2, "_time": 33.0}, {"$id": 90, "sounds": [{"d": 0.375, "p": 70, "v": 81}, {"w": 0.015625, "d": 1.40625, "p": 62, "v": 50}], "pos": 0.9131193, "size": 1.2, "_time": 33.0}, {"$id": 91, "sounds": [{"d": 0.375, "p": 77, "v": 81}], "pos": 1.78811932, "size": 1.2, "_time": 33.375}, {"$id": 92, "sounds": [{"d": 0.359375, "p": 55, "v": 55}], "pos": -0.9618807, "size": 1.2, "_time": 33.3828125}, {"$id": 93, "sounds": [{"d": 0.375, "p": 72, "v": 81}], "pos": 1.16311932, "size": 0.799999952, "_time": 33.75}, {"$id": 94, "sounds": [{"d": 0.34375, "p": 58, "v": 55}], "pos": -0.5868807, "size": 0.799999952, "_time": 33.7578125}, {"$id": 95, "sounds": [{"d": 0.375, "p": 75, "v": 81}], "pos": 1.53811932, "size": 0.799999952, "_time": 34.125}, {"$id": 96, "sounds": [{"d": 0.3515625, "p": 55, "v": 52}], "pos": -0.9618807, "size": 0.799999952, "_time": 34.125}, {"$id": 97, "sounds": [{"d": 0.375, "p": 74, "v": 81}, {"w": 0.0078125, "d": 1.109375, "p": 62, "v": 15}], "pos": 1.41311932, "size": 1.0, "_time": 34.5}, {"$id": 98, "sounds": [{"d": 0.6875, "p": 46, "v": 70}], "pos": -2.0, "size": 1.0, "_time": 34.5078125}, {"$id": 99, "sounds": [{"d": 0.375, "p": 79, "v": 81}], "pos": 2.03811932, "size": 0.799999952, "_time": 34.875}, {"$id": 100, "sounds": [{"d": 0.3828125, "p": 55, "v": 54}], "pos": -0.9618807, "size": 0.799999952, "_time": 34.8828125}, {"$id": 101, "sounds": [{"d": 0.5625, "p": 77, "v": 81}], "pos": 1.78811932, "size": 1.0, "_time": 35.25}, {"$id": 102, "sounds": [{"d": 0.328125, "p": 58, "v": 74}], "pos": -0.5868807, "size": 1.0, "_time": 35.2578125}, {"$id": 103, "sounds": [{"d": 0.234375, "p": 55, "v": 45}], "pos": -2.0, "size": 1.0, "_time": 35.625}, {"$id": 104, "sounds": [{"d": 1.0703125, "p": 58, "v": 82}], "pos": -1.0, "size": 1.0, "_time": 36.0078125}, {"$id": 105, "sounds": [{"d": 0.3359375, "p": 70, "v": 74}], "size": 1.0, "_time": 36.0078125, "pos": 0}, {"$id": 106, "sounds": [{"d": 0.3203125, "p": 74, "v": 62}, {"d": 0.375, "p": 86, "v": 81}], "pos": 1.0, "size": 1.0, "_time": 36.375}, {"$id": 107, "sounds": [{"d": 0.3828125, "p": 65, "v": 64}], "size": 1.0, "_time": 36.375, "pos": 0}, {"$id": 108, "sounds": [{"d": 0.375, "p": 77, "v": 72}, {"d": 0.375, "p": 84, "v": 81}], "pos": 0.5, "size": 1.0, "_time": 36.75}, {"$id": 109, "sounds": [{"d": 0.3671875, "p": 70, "v": 61}], "pos": -0.5, "size": 1.0, "_time": 36.75}, {"$id": 110, "sounds": [{"d": 0.359375, "p": 65, "v": 72}], "pos": 0.5, "size": 1.0, "_time": 37.125}, {"$id": 111, "sounds": [{"d": 0.34375, "p": 76, "v": 76}, {"d": 0.375, "p": 89, "v": 81}], "pos": 1.5, "size": 1.0, "_time": 37.125}, {"$id": 112, "sounds": [{"d": 0.75, "p": 84, "v": 81}, {"d": 0.3515625, "p": 74, "v": 80}], "pos": 1.0, "size": 1.0, "_time": 37.5}, {"$id": 113, "sounds": [{"d": 1.09375, "p": 58, "v": 78}], "size": 1.0, "_time": 37.5, "pos": 0}, {"$id": 114, "sounds": [{"d": 0.375, "p": 72, "v": 76}, {"w": 0.0078125, "d": 0.3828125, "p": 65, "v": 58}], "pos": -0.5, "size": 0.9, "_time": 37.8671875}, {"$id": 115, "sounds": [{"d": 0.3515625, "p": 74, "v": 80}, {"w": 0.0078125, "d": 0.3515625, "p": 70, "v": 76}], "size": 0.9, "_time": 38.2421875, "pos": 0}, {"$id": 116, "sounds": [{"d": 0.75, "p": 86, "v": 81}], "pos": 1.5, "size": 0.9, "_time": 38.25}, {"$id": 117, "sounds": [{"d": 0.3515625, "p": 65, "v": 68}], "pos": 0.5, "size": 0.9, "_time": 38.6171875}, {"$id": 118, "sounds": [{"d": 0.3671875, "p": 76, "v": 76}], "pos": 2.0, "size": 0.9, "_time": 38.6171875}, {"$id": 119, "sounds": [{"d": 1.171875, "p": 58, "v": 72}], "size": 0.9, "_time": 39.0, "pos": 0}, {"$id": 120, "sounds": [{"d": 2.796875, "p": 74, "v": 84}, {"d": 1.125, "p": 84, "v": 81}], "pos": 1.5, "size": 0.9, "_time": 39.0}, {"$id": 121, "sounds": [{"d": 0.3984375, "p": 67, "v": 68}], "pos": -1.0, "size": 0.799999952, "_time": 39.375}, {"$id": 122, "sounds": [{"d": 0.4609375, "p": 70, "v": 72}], "size": 0.799999952, "_time": 39.75, "pos": 0}, {"$id": 123, "sounds": [{"d": 0.375, "p": 89, "v": 81}], "pos": 1.5, "size": 0.799999952, "_time": 40.125}, {"$id": 124, "sounds": [{"d": 0.3515625, "p": 67, "v": 64}], "pos": -0.5, "size": 0.799999952, "_time": 40.125}, {"$id": 125, "sounds": [{"d": 1.3125, "p": 86, "v": 81}], "pos": 0.5, "size": 0.799999952, "_time": 40.5}, {"$id": 126, "sounds": [{"d": 1.2734375, "p": 58, "v": 72}], "pos": -1.5, "size": 0.799999952, "_time": 40.5}, {"$id": 127, "sounds": [{"d": 0.3671875, "p": 64, "v": 58}], "pos": 0.5, "size": 0.6999999, "_time": 40.875}, {"$id": 128, "sounds": [{"d": 0.3203125, "p": 65, "v": 68}], "pos": 1.0, "size": 0.6999999, "_time": 41.25}, {"$id": 129, "sounds": [{"d": 0.1875, "p": 64, "v": 68}], "pos": 0.5, "size": 0.6999999, "_time": 41.625}, {"$id": 130, "sounds": [{"d": 0.6796875, "p": 65, "v": 72}], "pos": 0.288119316, "size": 1.2, "_time": 42.0078125}, {"$id": 131, "sounds": [{"d": 1.03125, "p": 46, "v": 74}], "pos": -2.0, "size": 1.0, "_time": 42.0078125}, {"$id": 132, "sounds": [{"d": 0.34375, "p": 53, "v": 55}], "pos": -1.21188068, "size": 0.799999952, "_time": 42.375}, {"$id": 133, "sounds": [{"d": 0.375, "p": 70, "v": 81}, {"d": 0.765625, "p": 62, "v": 68}], "pos": 0.5, "size": 1.0, "_time": 42.75}, {"$id": 134, "sounds": [{"d": 0.3671875, "p": 58, "v": 55}], "pos": -0.5868807, "size": 0.799999952, "_time": 42.75}, {"$id": 135, "sounds": [{"d": 0.375, "p": 72, "v": 81}], "pos": 0.744680941, "size": 1.0, "_time": 43.125}, {"$id": 136, "sounds": [{"d": 0.375, "p": 53, "v": 58}], "pos": -1.21188068, "size": 0.799999952, "_time": 43.125}, {"$id": 137, "sounds": [{"d": 0.6875, "p": 65, "v": 78}, {"d": 0.75, "p": 74, "v": 81}], "pos": 1.0, "size": 1.0, "_time": 43.5}, {"$id": 138, "sounds": [{"d": 0.890625, "p": 46, "v": 74}], "pos": -2.0, "size": 0.799999952, "_time": 43.5}, {"$id": 139, "sounds": [{"d": 0.3359375, "p": 53, "v": 58}], "pos": -1.21188068, "size": 1.0, "_time": 43.875}, {"$id": 140, "sounds": [{"d": 0.75, "p": 77, "v": 81}], "pos": 1.78811932, "size": 1.30000007, "_time": 44.25}, {"$id": 141, "sounds": [{"d": 0.3046875, "p": 58, "v": 62}, {"d": 0.4609375, "p": 62, "v": 68}], "pos": -0.5868807, "size": 1.0, "_time": 44.25}, {"$id": 142, "sounds": [{"d": 0.1953125, "p": 53, "v": 50}, {"w": 0.015625, "d": 0.1953125, "p": 65, "v": 58}], "pos": -1.21188068, "size": 1.0, "_time": 44.6171875}, {"$id": 143, "sounds": [{"d": 0.375, "p": 70, "v": 81}, {"w": 0.015625, "d": 1.40625, "p": 62, "v": 50}], "size": 1.0, "_time": 45.0, "pos": 0}, {"$id": 144, "sounds": [{"d": 0.90625, "p": 46, "v": 62}], "pos": -2.0, "size": 1.0, "_time": 45.0}, {"$id": 145, "sounds": [{"d": 0.375, "p": 77, "v": 81}], "pos": 1.78811932, "size": 1.0, "_time": 45.375}, {"$id": 146, "sounds": [{"d": 0.359375, "p": 55, "v": 55}], "pos": -0.9618807, "size": 1.0, "_time": 45.3828125}, {"$id": 147, "sounds": [{"d": 0.375, "p": 72, "v": 81}], "pos": 1.0, "size": 1.0, "_time": 45.75}, {"$id": 148, "sounds": [{"d": 0.34375, "p": 58, "v": 55}], "pos": -0.5868807, "size": 1.0, "_time": 45.7578125}, {"$id": 149, "sounds": [{"d": 0.375, "p": 75, "v": 81}], "pos": 1.53811932, "size": 1.0, "_time": 46.125}, {"$id": 150, "sounds": [{"d": 0.3515625, "p": 55, "v": 52}], "pos": -0.9618807, "size": 1.0, "_time": 46.125}, {"$id": 151, "sounds": [{"d": 1.109375, "p": 62, "v": 15}], "pos": -0.0868806839, "size": 1.0, "_time": 46.5078125}, {"$id": 152, "sounds": [{"d": 0.6875, "p": 46, "v": 70}], "pos": -2.0, "size": 1.0, "_time": 46.5078125}, {"$id": 153, "sounds": [{"d": 0.375, "p": 79, "v": 81}], "pos": 1.5, "size": 1.30000007, "_time": 46.875}, {"$id": 154, "sounds": [{"d": 0.3828125, "p": 55, "v": 54}], "pos": -1.52925754, "size": 1.0, "_time": 46.8828125}, {"$id": 155, "sounds": [{"d": 0.5625, "p": 77, "v": 81}], "pos": 1.0, "size": 1.30000007, "_time": 47.25}, {"$id": 156, "sounds": [{"d": 0.328125, "p": 58, "v": 74}], "pos": -1.15425754, "size": 1.0, "_time": 47.2578125}, {"$id": 157, "sounds": [{"d": 0.234375, "p": 55, "v": 45}], "pos": -1.52925754, "size": 1.0, "_time": 47.625}, {"$id": 158, "sounds": [{"d": 0.3359375, "p": 70, "v": 74}], "size": 1.0, "_time": 48.0078125, "pos": 0}, {"$id": 159, "sounds": [{"d": 1.0703125, "p": 58, "v": 82}], "pos": -1.5, "size": 0.9, "_time": 48.0078125}, {"$id": 160, "sounds": [{"d": 0.3203125, "p": 74, "v": 62}, {"d": 0.375, "p": 86, "v": 81}], "pos": 1.0, "size": 1.0, "_time": 48.375}, {"$id": 161, "sounds": [{"d": 0.3828125, "p": 65, "v": 64}], "pos": -0.5, "size": 0.9, "_time": 48.375}, {"$id": 162, "sounds": [{"d": 0.375, "p": 77, "v": 72}, {"d": 0.375, "p": 84, "v": 81}], "pos": 1.5, "size": 1.0, "_time": 48.75}, {"$id": 163, "sounds": [{"d": 0.3671875, "p": 70, "v": 61}], "size": 0.9, "_time": 48.75, "pos": 0}, {"$id": 164, "sounds": [{"d": 0.375, "p": 89, "v": 81}, {"d": 0.34375, "p": 76, "v": 76}], "pos": 2.0, "size": 1.0, "_time": 49.125}, {"$id": 165, "sounds": [{"d": 0.359375, "p": 65, "v": 72}], "pos": -0.5, "size": 0.9, "_time": 49.125}, {"$id": 166, "sounds": [{"d": 0.3515625, "p": 74, "v": 80}, {"d": 0.75, "p": 84, "v": 81}], "pos": 1.41311932, "size": 1.0, "_time": 49.5}, {"$id": 167, "sounds": [{"d": 1.09375, "p": 58, "v": 78}], "pos": -1.5, "size": 0.9, "_time": 49.5}, {"$id": 168, "sounds": [{"d": 0.375, "p": 72, "v": 76}, {"w": 0.0078125, "d": 0.3828125, "p": 65, "v": 58}], "pos": -0.5, "size": 1.0, "_time": 49.8671875}, {"$id": 169, "sounds": [{"d": 0.75, "p": 86, "v": 81}], "pos": -0.5, "size": 1.30000007, "_time": 50.25}, {"$id": 170, "sounds": [{"d": 0.3515625, "p": 70, "v": 76}], "pos": -2.0, "size": 1.30000007, "_time": 50.25}, {"$id": 171, "sounds": [{"d": 0.3671875, "p": 76, "v": 76}], "pos": 0.5, "size": 1.30000007, "_time": 50.6171875}, {"$id": 172, "sounds": [{"d": 0.3515625, "p": 65, "v": 68}], "pos": -1.5, "size": 1.30000007, "_time": 50.6171875}, {"$id": 173, "sounds": [{"d": 1.125, "p": 84, "v": 81}, {"d": 2.796875, "p": 74, "v": 84}], "pos": 1.5, "size": 0.9, "_time": 51.0}, {"$id": 174, "sounds": [{"d": 1.171875, "p": 58, "v": 72}], "pos": -1.63652706, "size": 0.9, "_time": 51.0}, {"$id": 175, "sounds": [{"d": 0.3984375, "p": 67, "v": 68}], "pos": -0.511527061, "size": 0.9, "_time": 51.375}, {"$id": 176, "sounds": [{"d": 0.4609375, "p": 70, "v": 72}], "pos": -0.136527061, "size": 0.9, "_time": 51.75}, {"$id": 177, "sounds": [{"d": 0.375, "p": 89, "v": 81}], "pos": 1.5, "size": 0.799999952, "_time": 52.125}, {"$id": 178, "sounds": [{"d": 0.3515625, "p": 67, "v": 64}], "pos": -0.511527061, "size": 0.9, "_time": 52.125}, {"$id": 179, "sounds": [{"d": 1.3125, "p": 86, "v": 81}], "pos": 0.5, "size": 0.799999952, "_time": 52.5}, {"$id": 180, "sounds": [{"d": 1.2734375, "p": 58, "v": 72}], "pos": -1.63652706, "size": 0.9, "_time": 52.5}, {"$id": 181, "sounds": [{"d": 0.3671875, "p": 64, "v": 58}], "pos": -0.5, "size": 1.0, "_time": 52.875}, {"$id": 182, "sounds": [{"d": 0.3203125, "p": 65, "v": 68}], "pos": 0.288119316, "size": 1.0, "_time": 53.25}, {"$id": 183, "sounds": [{"d": 0.1875, "p": 64, "v": 68}], "pos": -0.5, "size": 1.0, "_time": 53.625}, {"$id": 184, "sounds": [{"d": 0.6796875, "p": 65, "v": 72}], "pos": 1.0, "size": 1.30000007, "_time": 54.0078125}, {"$id": 185, "sounds": [{"d": 1.03125, "p": 46, "v": 74}], "pos": -2.0, "size": 0.9, "_time": 54.0078125}, {"$id": 186, "sounds": [{"d": 0.34375, "p": 53, "v": 55}], "pos": -1.21188068, "size": 0.9, "_time": 54.375}, {"$id": 187, "sounds": [{"d": 0.765625, "p": 62, "v": 68}, {"d": 0.375, "p": 70, "v": 81}], "pos": 0.5, "size": 1.0, "_time": 54.75}, {"$id": 188, "sounds": [{"d": 0.3671875, "p": 58, "v": 55}], "pos": -0.5868807, "size": 0.9, "_time": 54.75}, {"$id": 189, "sounds": [{"d": 0.375, "p": 72, "v": 81}], "pos": 1.0, "size": 1.0, "_time": 55.125}, {"$id": 190, "sounds": [{"d": 0.375, "p": 53, "v": 58}], "pos": -1.21188068, "size": 0.9, "_time": 55.125}, {"$id": 191, "sounds": [{"d": 0.75, "p": 74, "v": 81}, {"d": 0.6875, "p": 65, "v": 78}], "pos": 1.41311932, "size": 1.0, "_time": 55.5}, {"$id": 192, "sounds": [{"d": 0.890625, "p": 46, "v": 74}], "pos": -2.0, "size": 0.9, "_time": 55.5}, {"$id": 193, "sounds": [{"d": 0.3359375, "p": 53, "v": 58}], "pos": -1.21188068, "size": 1.0, "_time": 55.875}, {"$id": 194, "sounds": [{"d": 0.75, "p": 77, "v": 81}], "pos": 1.78811932, "size": 1.0, "_time": 56.25}, {"$id": 195, "sounds": [{"d": 0.4609375, "p": 62, "v": 68}, {"d": 0.3046875, "p": 58, "v": 62}], "pos": -0.0868806839, "size": 1.0, "_time": 56.25}, {"$id": 196, "sounds": [{"d": 0.1953125, "p": 53, "v": 50}], "pos": -1.21188068, "size": 1.0, "_time": 56.6171875}, {"$id": 197, "sounds": [{"d": 0.1953125, "p": 65, "v": 58}], "pos": 0.5, "size": 1.0, "_time": 56.6328125}, {"$id": 198, "sounds": [{"d": 0.375, "p": 70, "v": 81}, {"w": 0.015625, "d": 1.40625, "p": 62, "v": 50}], "pos": 0.9131193, "size": 1.0, "_time": 57.0}, {"$id": 199, "sounds": [{"d": 0.90625, "p": 46, "v": 62}], "pos": -2.0, "size": 1.0, "_time": 57.0}, {"$id": 200, "sounds": [{"d": 0.375, "p": 77, "v": 81}], "pos": 1.78811932, "size": 1.0, "_time": 57.375}, {"$id": 201, "sounds": [{"d": 0.359375, "p": 55, "v": 55}], "pos": -0.9618807, "size": 1.0, "_time": 57.3828125}, {"$id": 202, "sounds": [{"d": 0.375, "p": 72, "v": 81}], "pos": 1.16311932, "size": 1.0, "_time": 57.75}, {"$id": 203, "sounds": [{"d": 0.34375, "p": 58, "v": 55}], "pos": -0.5868807, "size": 1.0, "_time": 57.7578125}, {"$id": 204, "sounds": [{"d": 0.375, "p": 75, "v": 81}], "pos": 1.53811932, "size": 1.0, "_time": 58.125}, {"$id": 205, "sounds": [{"d": 0.3515625, "p": 55, "v": 52}], "pos": -0.9618807, "size": 1.0, "_time": 58.125}, {"$id": 206, "sounds": [{"d": 1.109375, "p": 62, "v": 15}], "pos": -0.0868806839, "size": 1.0, "_time": 58.5078125}, {"$id": 207, "sounds": [{"d": 0.6875, "p": 46, "v": 70}], "pos": -2.0, "size": 1.0, "_time": 58.5078125}, {"$id": 208, "sounds": [{"d": 0.375, "p": 79, "v": 81}], "pos": 1.5, "size": 1.4000001, "_time": 58.875}, {"$id": 209, "sounds": [{"d": 0.3828125, "p": 55, "v": 54}], "pos": -2.0, "size": 1.0, "_time": 58.8828125}, {"$id": 210, "sounds": [{"d": 0.5625, "p": 77, "v": 81}], "pos": 1.0, "size": 1.4000001, "_time": 59.25}, {"$id": 211, "sounds": [{"d": 0.328125, "p": 58, "v": 74}], "pos": -1.5, "size": 1.0, "_time": 59.2578125}, {"$id": 212, "sounds": [{"d": 0.234375, "p": 55, "v": 45}], "pos": -1.5, "size": 1.0, "_time": 59.625}, {"$id": 213, "sounds": [{"d": 1.0703125, "p": 58, "v": 82}], "pos": -1.0, "size": 1.30000007, "_time": 60.0078125}, {"$id": 214, "sounds": [{"d": 0.3359375, "p": 70, "v": 74}], "pos": 0.5, "size": 1.30000007, "_time": 60.0078125}, {"$id": 215, "sounds": [{"d": 0.3203125, "p": 74, "v": 62}, {"d": 0.3828125, "p": 65, "v": 64}], "size": 1.2, "_time": 60.375, "pos": 0}, {"$id": 216, "sounds": [{"d": 0.375, "p": 86, "v": 81}], "pos": 1.5, "size": 1.2, "_time": 60.375}, {"$id": 217, "sounds": [{"d": 0.375, "p": 84, "v": 81}, {"d": 0.375, "p": 77, "v": 72}], "pos": 1.0, "size": 1.2, "_time": 60.75}, {"$id": 218, "sounds": [{"d": 0.3671875, "p": 70, "v": 61}], "pos": -0.5, "size": 1.2, "_time": 60.75}, {"$id": 219, "sounds": [{"d": 0.375, "p": 89, "v": 81}], "pos": 2.0, "size": 1.2, "_time": 61.125}, {"$id": 220, "sounds": [{"d": 0.359375, "p": 65, "v": 72}, {"d": 0.34375, "p": 76, "v": 76}], "pos": 0.288119316, "size": 1.2, "_time": 61.125}, {"$id": 221, "sounds": [{"d": 1.09375, "p": 58, "v": 78}], "pos": -0.5868807, "size": 1.2, "_time": 61.5}, {"$id": 222, "sounds": [{"d": 0.3515625, "p": 74, "v": 80}, {"d": 0.75, "p": 84, "v": 81}], "pos": 1.0, "size": 1.2, "_time": 61.5}, {"$id": 223, "sounds": [{"d": 0.375, "p": 72, "v": 76}, {"w": 0.0078125, "d": 0.3828125, "p": 65, "v": 58}], "pos": -1.5, "size": 1.0, "_time": 61.8671875}, {"$id": 224, "sounds": [{"d": 0.3515625, "p": 74, "v": 80}, {"w": 0.0078125, "d": 0.3515625, "p": 70, "v": 76}], "pos": -0.5, "size": 1.0, "_time": 62.2421875}, {"$id": 225, "sounds": [{"d": 0.75, "p": 86, "v": 81}], "pos": 1.0, "size": 1.0, "_time": 62.25}, {"$id": 226, "sounds": [{"d": 0.3671875, "p": 76, "v": 76}], "pos": 1.66311932, "size": 1.0, "_time": 62.6171875}, {"$id": 227, "sounds": [{"d": 0.3515625, "p": 65, "v": 68}], "pos": 0.288119316, "size": 1.0, "_time": 62.6171875}, {"$id": 228, "sounds": [{"d": 1.171875, "p": 58, "v": 72}], "pos": 0.5, "size": 1.0, "_time": 63.0}, {"$id": 229, "sounds": [{"d": 1.125, "p": 84, "v": 81}, {"d": 2.796875, "p": 74, "v": 84}], "pos": 2.0, "size": 1.0, "_time": 63.0}, {"$id": 230, "sounds": [{"d": 0.3984375, "p": 67, "v": 68}], "pos": -0.5398946, "size": 1.0, "_time": 63.375}, {"$id": 231, "sounds": [{"d": 0.4609375, "p": 70, "v": 72}], "pos": -0.164894581, "size": 1.0, "_time": 63.75}, {"$id": 232, "sounds": [{"d": 0.375, "p": 89, "v": 81}], "pos": 1.5, "size": 0.799999952, "_time": 64.125}, {"$id": 233, "sounds": [{"d": 0.3515625, "p": 67, "v": 64}], "pos": -0.5398946, "size": 1.0, "_time": 64.125}, {"$id": 234, "sounds": [{"d": 1.3125, "p": 86, "v": 81}], "pos": 0.5, "size": 0.799999952, "_time": 64.5}, {"$id": 235, "sounds": [{"d": 1.2734375, "p": 58, "v": 72}], "pos": -1.66489458, "size": 1.0, "_time": 64.5}, {"$id": 236, "sounds": [{"d": 0.3671875, "p": 64, "v": 58}], "pos": -0.5, "size": 1.0, "_time": 64.875}, {"$id": 237, "sounds": [{"d": 0.3203125, "p": 65, "v": 68}], "pos": 0.288119316, "size": 1.0, "_time": 65.25}, {"$id": 238, "sounds": [{"d": 0.1875, "p": 64, "v": 68}], "pos": -0.5, "size": 1.0, "_time": 65.625}, {"$id": 239, "sounds": [{"d": 0.6796875, "p": 65, "v": 72}], "size": 1.50000012, "_time": 66.00781, "pos": 0}, {"$id": 240, "sounds": [{"d": 1.03125, "p": 46, "v": 74}], "pos": -2.0, "size": 0.9, "_time": 66.00781}, {"$id": 241, "sounds": [{"d": 0.34375, "p": 53, "v": 55}], "pos": -1.21188068, "size": 0.9, "_time": 66.375}, {"$id": 242, "sounds": [{"d": 0.375, "p": 70, "v": 81}, {"d": 0.765625, "p": 62, "v": 68}], "pos": 0.9131193, "size": 1.0, "_time": 66.75}, {"$id": 243, "sounds": [{"d": 0.3671875, "p": 58, "v": 55}], "pos": -0.5868807, "size": 0.9, "_time": 66.75}, {"$id": 244, "sounds": [{"d": 0.375, "p": 72, "v": 81}], "pos": 1.16311932, "size": 1.0, "_time": 67.125}, {"$id": 245, "sounds": [{"d": 0.375, "p": 53, "v": 58}], "pos": -1.21188068, "size": 0.9, "_time": 67.125}, {"$id": 246, "sounds": [{"d": 0.75, "p": 74, "v": 81}, {"d": 0.6875, "p": 65, "v": 78}], "pos": 1.41311932, "size": 1.0, "_time": 67.5}, {"$id": 247, "sounds": [{"d": 0.890625, "p": 46, "v": 74}], "pos": -2.0, "size": 0.9, "_time": 67.5}, {"$id": 248, "sounds": [{"d": 0.3359375, "p": 53, "v": 58}], "pos": -1.21188068, "size": 0.9, "_time": 67.875}, {"$id": 249, "sounds": [{"d": 0.75, "p": 77, "v": 81}], "pos": 1.78811932, "size": 1.0, "_time": 68.25}, {"$id": 250, "sounds": [{"d": 0.3046875, "p": 58, "v": 62}, {"d": 0.4609375, "p": 62, "v": 68}], "pos": -0.5868807, "size": 0.9, "_time": 68.25}, {"$id": 251, "sounds": [{"d": 0.1953125, "p": 53, "v": 50}], "pos": -1.21188068, "size": 0.9, "_time": 68.61719}, {"$id": 252, "sounds": [{"d": 0.375, "p": 70, "v": 81}, {"w": 0.015625, "d": 1.40625, "p": 62, "v": 50}], "pos": 0.9131193, "size": 1.0, "_time": 69.0}, {"$id": 253, "sounds": [{"d": 0.90625, "p": 46, "v": 62}], "pos": -2.0, "size": 0.9, "_time": 69.0}, {"$id": 254, "sounds": [{"d": 0.375, "p": 77, "v": 81}], "pos": 1.78811932, "size": 1.0, "_time": 69.375}, {"$id": 255, "sounds": [{"d": 0.359375, "p": 55, "v": 55}], "pos": -0.9618807, "size": 1.0, "_time": 69.38281}, {"$id": 256, "sounds": [{"d": 0.375, "p": 72, "v": 81}], "pos": 1.16311932, "size": 1.0, "_time": 69.75}, {"$id": 257, "sounds": [{"d": 0.34375, "p": 58, "v": 55}], "pos": -0.5868807, "size": 1.0, "_time": 69.75781}, {"$id": 258, "sounds": [{"d": 0.375, "p": 75, "v": 81}], "pos": 1.53811932, "size": 1.0, "_time": 70.125}, {"$id": 259, "sounds": [{"d": 0.3515625, "p": 55, "v": 52}], "pos": -0.9618807, "size": 1.0, "_time": 70.125}, {"$id": 260, "sounds": [{"d": 1.109375, "p": 62, "v": 15}], "pos": -0.0868806839, "size": 1.0, "_time": 70.50781}, {"$id": 261, "sounds": [{"d": 0.6875, "p": 46, "v": 70}], "pos": -2.0, "size": 1.0, "_time": 70.50781}, {"$id": 262, "sounds": [{"d": 0.375, "p": 79, "v": 81}], "pos": 1.61258626, "size": 1.30000007, "_time": 70.875}, {"$id": 263, "sounds": [{"d": 0.3828125, "p": 55, "v": 54}], "pos": -1.38741374, "size": 1.30000007, "_time": 70.88281}, {"$id": 264, "sounds": [{"d": 0.5625, "p": 77, "v": 81}], "pos": 1.36258626, "size": 1.30000007, "_time": 71.25}, {"$id": 265, "sounds": [{"d": 0.328125, "p": 58, "v": 74}], "pos": -1.01241374, "size": 1.30000007, "_time": 71.25781}, {"$id": 266, "sounds": [{"d": 0.234375, "p": 55, "v": 45}], "pos": -0.9618807, "size": 1.0, "_time": 71.625}, {"$id": 267, "sounds": [{"d": 1.0703125, "p": 58, "v": 82}], "pos": -1.5, "size": 1.0, "_time": 72.00781}, {"$id": 268, "sounds": [{"d": 0.3359375, "p": 70, "v": 74}], "size": 1.0, "_time": 72.00781, "pos": 0}, {"$id": 269, "sounds": [{"d": 0.3828125, "p": 65, "v": 64}, {"d": 0.3203125, "p": 74, "v": 62}], "pos": -0.5, "size": 1.0, "_time": 72.375}, {"$id": 270, "sounds": [{"d": 0.375, "p": 86, "v": 81}], "pos": 1.0, "size": 1.0, "_time": 72.375}, {"$id": 271, "sounds": [{"d": 0.375, "p": 84, "v": 81}, {"d": 0.375, "p": 77, "v": 72}], "pos": 0.5, "size": 1.0, "_time": 72.75}, {"$id": 272, "sounds": [{"d": 0.3671875, "p": 70, "v": 61}], "pos": -1.0, "size": 1.0, "_time": 72.75}, {"$id": 273, "sounds": [{"d": 0.359375, "p": 65, "v": 72}], "pos": 0.288119316, "size": 1.0, "_time": 73.125}, {"$id": 274, "sounds": [{"d": 0.34375, "p": 76, "v": 76}, {"d": 0.375, "p": 89, "v": 81}], "pos": 1.66311932, "size": 1.0, "_time": 73.125}, {"$id": 275, "sounds": [{"d": 0.75, "p": 84, "v": 81}, {"d": 0.3515625, "p": 74, "v": 80}], "pos": 1.0, "size": 1.0, "_time": 73.5}, {"$id": 276, "sounds": [{"d": 1.09375, "p": 58, "v": 78}], "pos": -0.5868807, "size": 1.0, "_time": 73.5}, {"$id": 277, "sounds": [{"d": 0.375, "p": 72, "v": 76}, {"w": 0.0078125, "d": 0.3828125, "p": 65, "v": 58}], "pos": -1.5, "size": 1.0, "_time": 73.86719}, {"$id": 278, "sounds": [{"d": 0.3515625, "p": 74, "v": 80}, {"w": 0.0078125, "d": 0.3515625, "p": 70, "v": 76}], "pos": -0.5, "size": 1.0, "_time": 74.24219}, {"$id": 279, "sounds": [{"d": 0.75, "p": 86, "v": 81}], "pos": 1.0, "size": 1.0, "_time": 74.25}, {"$id": 280, "sounds": [{"d": 0.3515625, "p": 65, "v": 68}], "pos": 0.288119316, "size": 1.0, "_time": 74.61719}, {"$id": 281, "sounds": [{"d": 0.3671875, "p": 76, "v": 76}], "pos": 1.66311932, "size": 1.0, "_time": 74.61719}, {"$id": 282, "sounds": [{"d": 1.171875, "p": 58, "v": 72}], "pos": -0.5868807, "size": 1.0, "_time": 75.0}, {"$id": 283, "sounds": [{"d": 2.796875, "p": 74, "v": 84}, {"d": 1.125, "p": 84, "v": 81}], "pos": 1.0, "size": 1.0, "_time": 75.0}, {"$id": 284, "sounds": [{"d": 0.3984375, "p": 67, "v": 68}], "pos": -0.22783792, "size": 1.0, "_time": 75.375}, {"$id": 285, "sounds": [{"d": 0.4609375, "p": 70, "v": 72}], "pos": 0.14716208, "size": 1.0, "_time": 75.75}, {"$id": 286, "sounds": [{"d": 0.375, "p": 89, "v": 81}], "pos": 1.5, "size": 1.0, "_time": 76.125}, {"$id": 287, "sounds": [{"d": 0.3515625, "p": 67, "v": 64}], "pos": -0.22783792, "size": 1.0, "_time": 76.125}, {"$id": 288, "sounds": [{"d": 1.3125, "p": 86, "v": 81}], "pos": 1.0, "size": 1.0, "_time": 76.5}, {"$id": 289, "sounds": [{"d": 1.2734375, "p": 58, "v": 72}], "pos": -1.35283792, "size": 1.0, "_time": 76.5}, {"$id": 290, "sounds": [{"d": 0.3671875, "p": 64, "v": 58}], "pos": -0.5, "size": 0.799999952, "_time": 76.875}, {"$id": 291, "sounds": [{"d": 0.3203125, "p": 65, "v": 68}], "pos": 0.288119316, "size": 0.799999952, "_time": 77.25}, {"$id": 292, "sounds": [{"d": 0.1875, "p": 64, "v": 68}], "pos": -0.5, "size": 0.799999952, "_time": 77.625}, {"$id": 293, "sounds": [{"d": 2.171875, "p": 65, "v": 80}, {"d": 2.2421875, "p": 58, "v": 80}, {"w": 0.0078125, "d": 2.21875, "p": 70, "v": 80}], "pos": -1.5, "size": 1.0, "_time": 78.015625}, {"$id": 294, "sounds": [{"d": 1.1953125, "p": 74, "v": 76}, {"w": 0.0078125, "d": 1.265625, "p": 77, "v": 82}, {"w": 0.0078125, "d": 0.9609375, "p": 86, "v": 84}], "pos": 1.5, "size": 1.0, "_time": 78.015625}, {"$id": 295, "sounds": [{"d": 0.375, "p": 91, "v": 84}], "pos": 1.5, "size": 1.00000012, "_time": 78.75}, {"$id": 296, "sounds": [{"d": 0.375, "p": 89, "v": 84}], "pos": 0.5, "size": 1.00000012, "_time": 79.125}, {"$id": 297, "sounds": [{"d": 0.75, "p": 88, "v": 84}, {"d": 0.7265625, "p": 84, "v": 90}], "pos": -0.5, "size": 1.00000012, "_time": 79.5}, {"$id": 298, "sounds": [{"d": 0.1640625, "p": 74, "v": 76}, {"w": 0.0078125, "d": 0.6484375, "p": 77, "v": 55}], "pos": -2.0, "size": 1.00000012, "_time": 79.5}, {"$id": 299, "sounds": [{"d": 0.40625, "p": 77, "v": 32}, {"w": 0.0234375, "d": 0.171875, "p": 74, "v": 59}], "size": 0.9, "_time": 80.25, "pos": 0}, {"$id": 300, "sounds": [{"d": 0.390625, "p": 82, "v": 78}, {"d": 0.75, "p": 89, "v": 84}], "pos": 1.5, "size": 0.9, "_time": 80.25}, {"$id": 301, "sounds": [{"d": 1.1171875, "p": 74, "v": 80}], "pos": 0.1932621, "size": 1.0, "_time": 80.984375}, {"$id": 302, "sounds": [{"d": 0.828125, "p": 81, "v": 87}], "pos": 1.0682621, "size": 1.0, "_time": 80.99219}, {"$id": 303, "sounds": [{"d": 2.375, "p": 58, "v": 74}], "pos": -1.8067379, "size": 1.0, "_time": 80.99219}, {"$id": 304, "sounds": [{"d": 0.75, "p": 86, "v": 84}], "pos": 1.6932621, "size": 1.0, "_time": 81.0}, {"$id": 305, "sounds": [{"d": 2.3671875, "p": 64, "v": 74}], "pos": -1.0567379, "size": 1.0, "_time": 81.0}, {"$id": 306, "sounds": [{"d": 2.3359375, "p": 70, "v": 70}], "pos": -0.3067379, "size": 1.0, "_time": 81.00781}, {"$id": 307, "sounds": [{"d": 0.375, "p": 91, "v": 84}, {"w": 0.015625, "d": 0.7109375, "p": 82, "v": 74}], "pos": 1.5, "size": 0.799999952, "_time": 81.75}, {"$id": 308, "sounds": [{"d": 0.375, "p": 89, "v": 84}], "pos": 0.5, "size": 0.799999952, "_time": 82.125}, {"$id": 309, "sounds": [{"d": 0.75, "p": 87, "v": 84}], "size": 0.799999952, "_time": 82.5, "pos": 0}, {"$id": 310, "sounds": [{"d": 0.8515625, "p": 74, "v": 74}, {"w": 0.0078125, "d": 0.8671875, "p": 77, "v": 90}], "pos": -2.0, "size": 0.799999952, "_time": 82.50781}, {"$id": 311, "sounds": [{"d": 0.5625, "p": 89, "v": 84}], "pos": 1.5, "size": 0.799999952, "_time": 83.25}, {"$id": 312, "sounds": [{"d": 2.2421875, "p": 58, "v": 80}, {"d": 2.171875, "p": 65, "v": 80}], "pos": 1.5, "size": 0.9, "_time": 84.015625}, {"$id": 313, "sounds": [{"d": 2.625, "p": 74, "v": 76}, {"w": 0.0078125, "d": 2.21875, "p": 70, "v": 80}, {"w": 0.0078125, "d": 2.625, "p": 77, "v": 82}, {"w": 0.0078125, "d": 2.4375, "p": 86, "v": 84}], "pos": -1.5, "size": 0.9, "_time": 84.015625}, {"$id": 314, "sounds": [{"d": 0.375, "p": 91, "v": 84}], "pos": 1.0, "size": 0.799999952, "_time": 84.75}, {"$id": 315, "sounds": [{"d": 0.375, "p": 89, "v": 84}], "pos": 0.5, "size": 0.799999952, "_time": 85.125}, {"$id": 316, "sounds": [{"d": 0.75, "p": 88, "v": 84}], "size": 0.799999952, "_time": 85.5, "pos": 0}, {"$id": 317, "sounds": [{"d": 0.75, "p": 89, "v": 84}], "pos": 1.5, "size": 0.799999952, "_time": 86.25}, {"$id": 318, "sounds": [{"d": 1.1171875, "p": 74, "v": 80}], "pos": 0.278368, "size": 1.0, "_time": 86.984375}, {"$id": 319, "sounds": [{"d": 0.828125, "p": 81, "v": 87}], "pos": 1.153368, "size": 1.0, "_time": 86.99219}, {"$id": 320, "sounds": [{"d": 2.375, "p": 58, "v": 74}], "pos": -1.721632, "size": 1.0, "_time": 86.99219}, {"$id": 321, "sounds": [{"d": 0.75, "p": 86, "v": 84}], "pos": 1.778368, "size": 1.0, "_time": 87.0}, {"$id": 322, "sounds": [{"d": 2.3671875, "p": 64, "v": 74}], "pos": -0.971632, "size": 1.0, "_time": 87.0}, {"$id": 323, "sounds": [{"d": 2.3359375, "p": 70, "v": 70}], "pos": -0.221632, "size": 1.0, "_time": 87.00781}, {"$id": 324, "sounds": [{"d": 0.5625, "p": 91, "v": 84}, {"d": 0.7109375, "p": 82, "v": 74}], "pos": 1.0, "size": 0.8000001, "_time": 87.75}, {"$id": 325, "sounds": [{"d": 0.75, "p": 89, "v": 84}], "size": 0.8000001, "_time": 88.3125, "pos": 0}, {"$id": 326, "sounds": [{"d": 0.9375, "p": 87, "v": 84}, {"w": 0.0078125, "d": 0.8515625, "p": 74, "v": 74}, {"w": 0.015625, "d": 0.8671875, "p": 77, "v": 90}], "pos": -1.0, "size": 0.8000001, "_time": 89.046875}, {"$id": 327, "sounds": [{"d": 3.03125, "p": 53, "v": 68}, {"w": 0.0078125, "d": 5.8984375, "p": 46, "v": 72}], "pos": -1.070035, "size": 2.0, "_time": 93.0}, {"$id": 328, "sounds": [{"d": 0.3828125, "p": 62, "v": 74}], "pos": 1.0, "size": 2.0, "_time": 93.0}, {"$id": 329, "sounds": [{"d": 0.3828125, "p": 58, "v": 68}], "pos": -0.5, "size": 1.0, "_time": 93.36719}, {"$id": 330, "sounds": [{"d": 0.3515625, "p": 62, "v": 61}], "pos": 0.5, "size": 1.0, "_time": 93.72656}, {"$id": 331, "sounds": [{"d": 0.390625, "p": 58, "v": 64}], "pos": -0.445034981, "size": 1.0, "_time": 94.05469}, {"$id": 332, "sounds": [{"d": 0.4296875, "p": 62, "v": 66}], "pos": 0.5, "size": 1.0, "_time": 94.44531}, {"$id": 333, "sounds": [{"d": 0.40625, "p": 58, "v": 78}], "pos": -0.445034981, "size": 1.0, "_time": 94.83594}, {"$id": 334, "sounds": [{"d": 0.359375, "p": 62, "v": 70}], "pos": 0.5, "size": 1.0, "_time": 95.234375}, {"$id": 335, "sounds": [{"d": 0.40625, "p": 58, "v": 87}], "pos": -0.445034981, "size": 1.0, "_time": 95.58594}, {"$id": 336, "sounds": [{"d": 0.3828125, "p": 62, "v": 78}, {"w": 0.03125, "d": 1.515625, "p": 52, "v": 78}], "pos": 0.5, "size": 1.0, "_time": 95.97656}, {"$id": 337, "sounds": [{"d": 0.3671875, "p": 58, "v": 72}], "pos": -0.445034981, "size": 1.0, "_time": 96.34375}, {"$id": 338, "sounds": [{"d": 0.40625, "p": 62, "v": 72}], "pos": 0.5, "size": 1.0, "_time": 96.71875}, {"$id": 339, "sounds": [{"d": 0.3828125, "p": 58, "v": 76}], "pos": -0.445034981, "size": 1.0, "_time": 97.11719}, {"$id": 340, "sounds": [{"d": 0.3359375, "p": 57, "v": 84}, {"w": 0.015625, "d": 0.7109375, "p": 50, "v": 78}], "pos": -0.5, "size": 1.0, "_time": 97.5}, {"$id": 341, "sounds": [{"d": 0.4296875, "p": 58, "v": 82}], "size": 1.0, "_time": 97.83594, "pos": 0}, {"$id": 342, "sounds": [{"d": 0.6484375, "p": 48, "v": 87}, {"d": 0.34375, "p": 62, "v": 76}], "pos": 0.5, "size": 1.0, "_time": 98.234375}, {"$id": 343, "sounds": [{"d": 0.328125, "p": 64, "v": 76}], "pos": 1.0, "size": 1.0, "_time": 98.578125}, {"$id": 344, "sounds": [{"d": 3.03125, "p": 53, "v": 68}, {"w": 0.0078125, "d": 5.8984375, "p": 46, "v": 72}], "pos": -1.070035, "size": 2.0, "_time": 99.0}, {"$id": 345, "sounds": [{"d": 0.3828125, "p": 62, "v": 74}], "pos": 1.0, "size": 2.0, "_time": 99.0}, {"$id": 346, "sounds": [{"d": 0.3828125, "p": 58, "v": 68}], "pos": -0.445034981, "size": 1.0, "_time": 99.36719}, {"$id": 347, "sounds": [{"d": 0.3515625, "p": 62, "v": 61}], "pos": 0.05496502, "size": 1.0, "_time": 99.72656}, {"$id": 348, "sounds": [{"d": 0.390625, "p": 58, "v": 64}], "pos": -0.445034981, "size": 1.0, "_time": 100.054688}, {"$id": 349, "sounds": [{"d": 0.4296875, "p": 62, "v": 66}], "pos": 0.05496502, "size": 1.0, "_time": 100.445313}, {"$id": 350, "sounds": [{"d": 0.40625, "p": 58, "v": 78}], "pos": -0.445034981, "size": 1.0, "_time": 100.835938}, {"$id": 351, "sounds": [{"d": 0.359375, "p": 62, "v": 70}], "pos": 0.05496502, "size": 1.0, "_time": 101.234375}, {"$id": 352, "sounds": [{"d": 0.40625, "p": 58, "v": 87}], "pos": -0.445034981, "size": 1.0, "_time": 101.585938}, {"$id": 353, "sounds": [{"d": 0.3828125, "p": 62, "v": 78}, {"w": 0.03125, "d": 1.515625, "p": 52, "v": 78}], "pos": 0.05496502, "size": 1.0, "_time": 101.976563}, {"$id": 354, "sounds": [{"d": 0.3671875, "p": 58, "v": 72}], "pos": -0.445034981, "size": 1.0, "_time": 102.34375}, {"$id": 355, "sounds": [{"d": 0.40625, "p": 62, "v": 72}], "pos": 0.05496502, "size": 1.0, "_time": 102.71875}, {"$id": 356, "sounds": [{"d": 0.3828125, "p": 58, "v": 76}], "pos": -0.445034981, "size": 1.0, "_time": 103.117188}, {"$id": 357, "sounds": [{"d": 0.3359375, "p": 57, "v": 84}, {"w": 0.015625, "d": 0.7109375, "p": 50, "v": 78}], "pos": -1.0, "size": 1.0, "_time": 103.5}, {"$id": 358, "sounds": [{"d": 0.4296875, "p": 58, "v": 82}], "pos": -0.445034981, "size": 1.0, "_time": 103.835938}, {"$id": 359, "sounds": [{"d": 0.34375, "p": 62, "v": 76}, {"d": 0.6484375, "p": 48, "v": 87}], "pos": 0.05496502, "size": 1.0, "_time": 104.234375}, {"$id": 360, "sounds": [{"d": 0.328125, "p": 64, "v": 76}], "pos": 0.304965019, "size": 1.0, "_time": 104.578125}, {"$id": 361, "sounds": [{"d": 3.03125, "p": 53, "v": 68}, {"w": 0.0078125, "d": 5.8984375, "p": 46, "v": 72}], "pos": -1.070035, "size": 2.0, "_time": 105.0}, {"$id": 362, "sounds": [{"d": 0.3828125, "p": 62, "v": 74}], "pos": 1.0, "size": 2.0, "_time": 105.0}, {"$id": 363, "sounds": [{"d": 0.3828125, "p": 58, "v": 68}], "pos": -0.445034981, "size": 1.0, "_time": 105.367188}, {"$id": 364, "sounds": [{"d": 0.3515625, "p": 62, "v": 61}], "pos": 0.5, "size": 1.0, "_time": 105.726563}, {"$id": 365, "sounds": [{"d": 0.390625, "p": 58, "v": 64}], "pos": -0.445034981, "size": 1.0, "_time": 106.054688}, {"$id": 366, "sounds": [{"d": 0.4296875, "p": 62, "v": 66}], "pos": 0.5, "size": 1.0, "_time": 106.445313}, {"$id": 367, "sounds": [{"d": 0.40625, "p": 58, "v": 78}], "pos": -0.445034981, "size": 1.0, "_time": 106.835938}, {"$id": 368, "sounds": [{"d": 0.359375, "p": 62, "v": 70}], "pos": 0.5, "size": 1.0, "_time": 107.234375}, {"$id": 369, "sounds": [{"d": 0.40625, "p": 58, "v": 87}], "pos": -0.445034981, "size": 1.0, "_time": 107.585938}, {"$id": 370, "sounds": [{"d": 0.3828125, "p": 62, "v": 78}, {"w": 0.03125, "d": 1.515625, "p": 52, "v": 78}], "pos": 0.5, "size": 1.0, "_time": 107.976563}, {"$id": 371, "sounds": [{"d": 0.3671875, "p": 58, "v": 72}], "pos": -0.445034981, "size": 1.0, "_time": 108.34375}, {"$id": 372, "sounds": [{"d": 0.40625, "p": 62, "v": 72}], "pos": 0.5, "size": 1.0, "_time": 108.71875}, {"$id": 373, "sounds": [{"d": 0.3828125, "p": 58, "v": 76}], "pos": -0.445034981, "size": 1.0, "_time": 109.117188}, {"$id": 374, "sounds": [{"d": 0.3359375, "p": 57, "v": 84}, {"w": 0.015625, "d": 0.7109375, "p": 50, "v": 78}], "pos": -0.570035, "size": 1.0, "_time": 109.5}, {"$id": 375, "sounds": [{"d": 0.4296875, "p": 58, "v": 82}], "size": 1.0, "_time": 109.835938, "pos": 0}, {"$id": 376, "sounds": [{"d": 0.6484375, "p": 48, "v": 87}, {"d": 0.34375, "p": 62, "v": 76}], "pos": 0.5, "size": 1.0, "_time": 110.234375}, {"$id": 377, "sounds": [{"d": 0.328125, "p": 64, "v": 76}], "pos": 1.0, "size": 1.0, "_time": 110.578125}, {"$id": 378, "sounds": [{"d": 3.03125, "p": 53, "v": 68}, {"w": 0.0078125, "d": 5.8984375, "p": 46, "v": 72}], "pos": -1.070035, "size": 2.0, "_time": 111.0}, {"$id": 379, "sounds": [{"d": 0.3828125, "p": 62, "v": 74}], "pos": 1.0, "size": 2.0, "_time": 111.0}, {"$id": 380, "sounds": [{"d": 0.3828125, "p": 58, "v": 68}], "size": 1.0, "_time": 111.367188, "pos": 0}, {"$id": 381, "sounds": [{"d": 0.3515625, "p": 62, "v": 61}], "pos": 0.5, "size": 1.0, "_time": 111.726563}, {"$id": 382, "sounds": [{"d": 0.390625, "p": 58, "v": 64}], "size": 1.0, "_time": 112.054688, "pos": 0}, {"$id": 383, "sounds": [{"d": 0.4296875, "p": 62, "v": 66}], "pos": 0.5, "size": 1.0, "_time": 112.445313}, {"$id": 384, "sounds": [{"d": 0.40625, "p": 58, "v": 78}], "size": 1.0, "_time": 112.835938, "pos": 0}, {"$id": 385, "sounds": [{"d": 0.359375, "p": 62, "v": 70}], "pos": 0.5, "size": 1.0, "_time": 113.234375}, {"$id": 386, "sounds": [{"d": 0.40625, "p": 58, "v": 87}], "size": 1.0, "_time": 113.585938, "pos": 0}, {"$id": 387, "sounds": [{"d": 0.3828125, "p": 62, "v": 78}, {"w": 0.03125, "d": 1.515625, "p": 52, "v": 78}], "pos": 0.5, "size": 1.0, "_time": 113.976563}, {"$id": 388, "sounds": [{"d": 0.3671875, "p": 58, "v": 72}], "size": 1.0, "_time": 114.34375, "pos": 0}, {"$id": 389, "sounds": [{"d": 0.40625, "p": 62, "v": 72}], "pos": 0.5, "size": 1.0, "_time": 114.71875}, {"$id": 390, "sounds": [{"d": 0.3828125, "p": 58, "v": 76}], "size": 1.0, "_time": 115.117188, "pos": 0}, {"$id": 391, "sounds": [{"d": 0.3359375, "p": 57, "v": 84}, {"w": 0.015625, "d": 0.7109375, "p": 50, "v": 78}], "pos": -0.570035, "size": 1.1, "_time": 115.5}, {"$id": 392, "sounds": [{"d": 0.4296875, "p": 58, "v": 82}], "size": 1.1, "_time": 115.835938, "pos": 0}, {"$id": 393, "sounds": [{"d": 0.34375, "p": 62, "v": 76}, {"d": 0.6484375, "p": 48, "v": 87}], "pos": 0.5, "size": 1.1, "_time": 116.234375}, {"$id": 394, "sounds": [{"d": 0.328125, "p": 64, "v": 76}], "pos": 1.0, "size": 1.1, "_time": 116.578125}, {"$id": 395, "sounds": [{"d": 1.5, "p": 94, "v": 81}], "pos": 0.5, "size": 0.9000001, "_time": 117.0}, {"$id": 396, "sounds": [{"d": 0.75, "p": 96, "v": 81}], "pos": 1.0, "size": 0.9000001, "_time": 118.5}, {"$id": 397, "sounds": [{"d": 3.0, "p": 98, "v": 81}], "pos": 1.5, "size": 0.9000001, "_time": 119.25}, {"$id": 398, "sounds": [{"d": 0.75, "p": 96, "v": 81}], "pos": 1.0, "size": 0.9000001, "_time": 122.25}, {"$id": 399, "sounds": [{"d": 1.5, "p": 94, "v": 81}], "size": 0.9000001, "_time": 123.0, "pos": 0}, {"$id": 400, "sounds": [{"d": 0.75, "p": 96, "v": 81}], "pos": 1.0, "size": 0.6, "_time": 124.5}, {"$id": 401, "sounds": [{"d": 3.0, "p": 98, "v": 81}], "pos": 1.5, "size": 0.6, "_time": 125.25}, {"$id": 402, "sounds": [{"d": 0.75, "p": 96, "v": 81}], "size": 0.6, "_time": 128.25, "pos": 0}], "links": [{"notes": [{"$ref": 127}, {"$ref": 128}, {"$ref": 129}]}, {"notes": [{"$ref": 131}, {"$ref": 132}, {"$ref": 134}, {"$ref": 136}, {"$ref": 138}]}, {"notes": [{"$ref": 139}, {"$ref": 141}, {"$ref": 142}, {"$ref": 144}, {"$ref": 146}, {"$ref": 148}, {"$ref": 150}, {"$ref": 152}]}, {"notes": [{"$ref": 159}, {"$ref": 161}, {"$ref": 163}, {"$ref": 165}, {"$ref": 167}]}, {"notes": [{"$ref": 174}, {"$ref": 175}, {"$ref": 176}, {"$ref": 178}, {"$ref": 180}]}, {"notes": [{"$ref": 181}, {"$ref": 182}, {"$ref": 183}]}, {"notes": [{"$ref": 185}, {"$ref": 186}, {"$ref": 188}, {"$ref": 190}, {"$ref": 192}]}, {"notes": [{"$ref": 193}, {"$ref": 195}, {"$ref": 196}, {"$ref": 199}, {"$ref": 201}, {"$ref": 203}, {"$ref": 205}, {"$ref": 207}]}, {"notes": [{"$ref": 230}, {"$ref": 231}, {"$ref": 233}, {"$ref": 235}]}, {"notes": [{"$ref": 236}, {"$ref": 237}, {"$ref": 238}]}, {"notes": [{"$ref": 240}, {"$ref": 241}, {"$ref": 243}, {"$ref": 245}, {"$ref": 247}, {"$ref": 248}, {"$ref": 250}, {"$ref": 251}, {"$ref": 253}]}, {"notes": [{"$ref": 284}, {"$ref": 285}, {"$ref": 287}, {"$ref": 289}]}, {"notes": [{"$ref": 320}, {"$ref": 322}, {"$ref": 323}]}, {"notes": [{"$ref": 303}, {"$ref": 305}, {"$ref": 306}]}, {"notes": [{"$ref": 301}, {"$ref": 302}, {"$ref": 304}]}, {"notes": [{"$ref": 318}, {"$ref": 319}, {"$ref": 321}]}, {"notes": [{"$ref": 374}, {"$ref": 375}, {"$ref": 376}, {"$ref": 377}]}, {"notes": [{"$ref": 391}, {"$ref": 392}, {"$ref": 393}, {"$ref": 394}]}, {"notes": [{"$ref": 357}, {"$ref": 358}, {"$ref": 359}, {"$ref": 360}]}, {"notes": [{"$ref": 340}, {"$ref": 341}, {"$ref": 342}, {"$ref": 343}]}]}