{"speed": 6.0, "notes": [{"$id": 1, "sounds": [{"d": 0.75, "p": 69, "v": 60}, {"d": 1.125, "p": 76, "v": 65}, {"d": 0.75, "p": 61, "v": 68}, {"d": 0.9375, "p": 73, "v": 65}], "pos": 1.0, "size": 1.70000017}, {"$id": 2, "sounds": [{"d": 2.25, "p": 64, "v": 66}, {"d": 0.5625, "p": 66, "v": 63}, {"d": 1.125, "p": 50, "v": 72}, {"d": 0.9375, "p": 57, "v": 62}], "pos": -1.0, "size": 1.70000017}, {"$id": 3, "sounds": [{"d": 0.5625, "p": 62, "v": 60}], "pos": -1.5, "size": 1.0, "_time": 0.5625}, {"$id": 4, "sounds": [{"d": 1.40625, "p": 66, "v": 68}], "pos": 1.28140724, "size": 1.0, "_time": 0.5625}, {"$id": 5, "sounds": [{"d": 1.3125, "p": 69, "v": 63}], "pos": -0.5, "size": 1.0, "_time": 0.75}, {"$id": 6, "sounds": [{"d": 1.3125, "p": 73, "v": 65}], "pos": 0.5, "size": 1.0, "_time": 0.9375}, {"$id": 7, "sounds": [{"d": 0.75, "p": 76, "v": 73}], "pos": 1.5, "size": 1.2, "_time": 1.125}, {"$id": 8, "sounds": [{"d": 1.125, "p": 50, "v": 57}], "pos": -1.5, "size": 1.2, "_time": 1.125}, {"$id": 9, "sounds": [{"d": 0.5625, "p": 61, "v": 60}], "pos": -1.0, "size": 1.0, "_time": 1.6875}, {"$id": 10, "sounds": [{"d": 0.375, "p": 76, "v": 74}], "pos": 0.5, "size": 1.0, "_time": 1.875}, {"$id": 11, "sounds": [{"d": 0.65625, "p": 64, "v": 60}, {"d": 0.75, "p": 71, "v": 56}, {"d": 0.5625, "p": 76, "v": 58}, {"d": 1.125, "p": 69, "v": 50}], "pos": 1.5, "size": 1.50000012, "_time": 2.25}, {"$id": 12, "sounds": [{"d": 1.125, "p": 52, "v": 56}, {"d": 0.375, "p": 57, "v": 54}, {"d": 0.5625, "p": 59, "v": 51}], "pos": -1.5, "size": 1.50000012, "_time": 2.25}, {"$id": 13, "sounds": [{"d": 0.4609375, "p": 57, "v": 57}], "pos": 0.5, "size": 1.0, "_time": 2.625}, {"$id": 14, "sounds": [{"d": 0.28125, "p": 81, "v": 63}], "pos": 1.5, "size": 1.0, "_time": 2.8125}, {"$id": 15, "sounds": [{"d": 1.6875, "p": 59, "v": 59}], "pos": -1.5, "size": 1.0, "_time": 2.8125}, {"$id": 16, "sounds": [{"d": 0.28125, "p": 80, "v": 56}], "pos": 0.5, "size": 1.0, "_time": 3.0}, {"$id": 17, "sounds": [{"d": 0.1875, "p": 76, "v": 58}], "pos": -0.5, "size": 1.0, "_time": 3.1875}, {"$id": 18, "sounds": [{"d": 0.609375, "p": 71, "v": 52}], "pos": 1.5, "size": 1.30000007, "_time": 3.375}, {"$id": 19, "sounds": [{"d": 1.125, "p": 52, "v": 56}], "pos": -1.5, "size": 1.30000007, "_time": 3.375}, {"$id": 20, "sounds": [{"d": 0.5625, "p": 56, "v": 55}], "pos": -1.0, "size": 1.0, "_time": 3.9375}, {"$id": 21, "sounds": [{"d": 0.375, "p": 69, "v": 49}], "pos": 0.5, "size": 1.0, "_time": 4.125}, {"$id": 22, "sounds": [{"d": 1.125, "p": 71, "v": 49}], "pos": 1.5, "size": 1.2, "_time": 4.5}, {"$id": 23, "sounds": [{"d": 2.25, "p": 49, "v": 57}], "pos": -1.5, "size": 1.2, "_time": 4.5}, {"$id": 24, "sounds": [{"d": 1.6875, "p": 52, "v": 49}], "pos": -1.5, "size": 1.0, "_time": 5.0625}, {"$id": 25, "sounds": [{"d": 0.75, "p": 56, "v": 60}], "size": 1.0, "_time": 5.25, "pos": 0}, {"$id": 26, "sounds": [{"d": 1.125, "p": 59, "v": 55}], "pos": -1.0, "size": 1.2, "_time": 5.625}, {"$id": 27, "sounds": [{"d": 1.125, "p": 68, "v": 61}], "pos": 1.5, "size": 1.2, "_time": 5.625}, {"$id": 28, "sounds": [{"d": 0.75, "p": 56, "v": 55}], "pos": -1.5, "size": 1.0, "_time": 6.0}, {"$id": 29, "sounds": [{"d": 0.375, "p": 71, "v": 70}], "size": 1.0, "_time": 6.375, "pos": 0}, {"$id": 30, "sounds": [{"d": 2.25, "p": 50, "v": 69}], "pos": -1.5, "size": 1.30000007, "_time": 6.75}, {"$id": 31, "sounds": [{"d": 0.9375, "p": 69, "v": 67}], "pos": 1.5, "size": 1.30000007, "_time": 6.75}, {"$id": 32, "sounds": [{"d": 0.046875, "p": 69, "v": 51}], "pos": -0.8542711, "size": 1.0, "_time": 7.83984375}, {"$id": 33, "sounds": [{"d": 0.046875, "p": 76, "v": 65}], "pos": -0.3542711, "size": 1.0, "_time": 7.875}, {"$id": 34, "sounds": [{"d": 0.046875, "p": 76, "v": 51}], "pos": 0.5, "size": 0.9, "_time": 8.964844}, {"$id": 35, "sounds": [{"d": 0.046875, "p": 88, "v": 65}], "pos": 1.22361815, "size": 0.9, "_time": 9.0}, {"$id": 36, "sounds": [{"d": 0.140625, "p": 81, "v": 75}], "pos": 1.5, "size": 1.30000007, "_time": 11.25}, {"$id": 37, "sounds": [{"d": 0.375, "p": 50, "v": 71}], "pos": -1.5, "size": 1.30000007, "_time": 11.25}, {"$id": 38, "sounds": [{"d": 0.0625, "p": 64, "v": 79}], "pos": -1.0, "size": 1.1, "_time": 11.625}, {"$id": 39, "sounds": [{"d": 0.1875, "p": 80, "v": 66}], "pos": 1.5, "size": 1.0, "_time": 11.8125}, {"$id": 40, "sounds": [{"d": 0.1875, "p": 76, "v": 62}], "pos": 1.0, "size": 1.0, "_time": 12.0}, {"$id": 41, "sounds": [{"d": 0.375, "p": 64, "v": 77}], "pos": -1.0, "size": 1.1, "_time": 12.0}, {"$id": 42, "sounds": [{"d": 0.1875, "p": 73, "v": 59}], "pos": -0.5, "size": 1.0, "_time": 12.1875}, {"$id": 43, "sounds": [{"d": 0.375, "p": 50, "v": 69}], "pos": -1.5, "size": 1.30000007, "_time": 12.375}, {"$id": 44, "sounds": [{"d": 0.5625, "p": 71, "v": 58}], "pos": 1.5, "size": 1.0, "_time": 12.375}, {"$id": 45, "sounds": [{"d": 0.07421875, "p": 64, "v": 80}], "pos": -0.5, "size": 1.1, "_time": 12.75}, {"$id": 46, "sounds": [{"d": 0.375, "p": 64, "v": 77}], "pos": -0.5, "size": 1.1, "_time": 13.125}, {"$id": 47, "sounds": [{"d": 0.375, "p": 52, "v": 69}], "pos": -1.5, "size": 1.30000007, "_time": 13.5}, {"$id": 48, "sounds": [{"d": 0.5625, "p": 81, "v": 75}], "pos": 1.63756323, "size": 1.0, "_time": 13.5}, {"$id": 49, "sounds": [{"d": 0.07421875, "p": 64, "v": 80}], "pos": -1.0, "size": 1.1, "_time": 13.875}, {"$id": 50, "sounds": [{"d": 0.1875, "p": 80, "v": 67}], "pos": 1.51256323, "size": 1.0, "_time": 14.0625}, {"$id": 51, "sounds": [{"d": 0.1875, "p": 76, "v": 63}], "pos": 1.01256323, "size": 1.0, "_time": 14.25}, {"$id": 52, "sounds": [{"d": 0.375, "p": 64, "v": 77}], "pos": -1.0, "size": 1.1, "_time": 14.25}, {"$id": 53, "sounds": [{"d": 0.1875, "p": 73, "v": 60}], "size": 1.0, "_time": 14.4375, "pos": 0}, {"$id": 54, "sounds": [{"d": 0.1875, "p": 71, "v": 55}], "pos": 1.5, "size": 1.0, "_time": 14.625}, {"$id": 55, "sounds": [{"d": 0.1875, "p": 52, "v": 82}], "pos": -1.623116, "size": 1.30000007, "_time": 14.625}, {"$id": 56, "sounds": [{"d": 0.1875, "p": 56, "v": 83}], "pos": 0.5, "size": 1.0, "_time": 14.8125}, {"$id": 57, "sounds": [{"d": 0.1875, "p": 59, "v": 83}], "pos": -1.09798944, "size": 1.1, "_time": 15.0}, {"$id": 58, "sounds": [{"d": 0.1875, "p": 64, "v": 83}], "pos": 1.5, "size": 1.0, "_time": 15.1875}, {"$id": 59, "sounds": [{"d": 0.1875, "p": 59, "v": 86}], "pos": -1.0, "size": 1.1, "_time": 15.375}, {"$id": 60, "sounds": [{"d": 0.1875, "p": 56, "v": 90}], "pos": 1.0, "size": 1.0, "_time": 15.5625}, {"$id": 61, "sounds": [{"d": 0.375, "p": 49, "v": 69}], "pos": -1.5, "size": 1.30000007, "_time": 15.75}, {"$id": 62, "sounds": [{"d": 0.75, "p": 76, "v": 64}], "pos": 1.5, "size": 1.0, "_time": 15.75}, {"$id": 63, "sounds": [{"d": 0.07421875, "p": 64, "v": 80}], "pos": 1.0, "size": 1.0, "_time": 16.125}, {"$id": 64, "sounds": [{"d": 0.07421875, "p": 59, "v": 80}], "pos": -1.0, "size": 1.1, "_time": 16.125}, {"$id": 65, "sounds": [{"d": 0.375, "p": 59, "v": 76}], "pos": 1.0, "size": 1.0, "_time": 16.5}, {"$id": 66, "sounds": [{"d": 0.375, "p": 64, "v": 77}], "pos": -1.0, "size": 1.1, "_time": 16.5}, {"$id": 67, "sounds": [{"d": 0.375, "p": 49, "v": 69}], "pos": -1.723618, "size": 1.30000007, "_time": 16.875}, {"$id": 68, "sounds": [{"d": 0.07421875, "p": 64, "v": 80}], "pos": -1.0, "size": 1.1, "_time": 17.25}, {"$id": 69, "sounds": [{"d": 0.07421875, "p": 59, "v": 80}], "pos": 1.0, "size": 1.0, "_time": 17.25}, {"$id": 70, "sounds": [{"d": 0.375, "p": 64, "v": 77}], "pos": -1.0, "size": 1.1, "_time": 17.625}, {"$id": 71, "sounds": [{"d": 0.375, "p": 59, "v": 76}], "pos": 1.0, "size": 1.0, "_time": 17.625}, {"$id": 72, "sounds": [{"d": 0.375, "p": 50, "v": 69}], "pos": -1.5, "size": 1.30000007, "_time": 18.0}, {"$id": 73, "sounds": [{"d": 0.07421875, "p": 64, "v": 80}], "pos": -0.5, "size": 1.1, "_time": 18.375}, {"$id": 74, "sounds": [{"d": 0.07421875, "p": 62, "v": 80}], "pos": 1.5, "size": 1.0, "_time": 18.375}, {"$id": 75, "sounds": [{"d": 0.375, "p": 64, "v": 77}], "pos": -0.5, "size": 1.1, "_time": 18.75}, {"$id": 76, "sounds": [{"d": 0.375, "p": 62, "v": 76}], "pos": 1.5, "size": 1.0, "_time": 18.75}, {"$id": 77, "sounds": [{"d": 0.1875, "p": 49, "v": 83}], "pos": -1.5, "size": 1.30000007, "_time": 19.125}, {"$id": 78, "sounds": [{"d": 0.1875, "p": 64, "v": 85}], "pos": 1.5, "size": 1.0, "_time": 19.125}, {"$id": 79, "sounds": [{"d": 0.1875, "p": 57, "v": 78}], "pos": -0.5, "size": 1.1, "_time": 19.3125}, {"$id": 80, "sounds": [{"d": 0.1875, "p": 59, "v": 74}], "pos": 1.0, "size": 1.1, "_time": 19.5}, {"$id": 81, "sounds": [{"d": 0.1875, "p": 61, "v": 69}], "pos": -0.5, "size": 1.1, "_time": 19.6875}, {"$id": 82, "sounds": [{"d": 0.1875, "p": 59, "v": 71}], "pos": 1.5, "size": 1.1, "_time": 19.875}, {"$id": 83, "sounds": [{"d": 0.1875, "p": 57, "v": 77}], "size": 1.1, "_time": 20.0625, "pos": 0}, {"$id": 84, "sounds": [{"d": 0.375, "p": 47, "v": 71}], "pos": -1.5, "size": 1.30000007, "_time": 20.25}, {"$id": 85, "sounds": [{"d": 0.5625, "p": 81, "v": 79}], "pos": 1.5, "size": 1.0, "_time": 20.25}, {"$id": 86, "sounds": [{"d": 0.0625, "p": 54, "v": 78}], "pos": -1.56532669, "size": 1.1, "_time": 20.625}, {"$id": 87, "sounds": [{"d": 0.1875, "p": 80, "v": 68}], "pos": 1.43467331, "size": 1.0, "_time": 20.8125}, {"$id": 88, "sounds": [{"d": 0.1875, "p": 76, "v": 64}], "pos": 0.9346733, "size": 1.0, "_time": 21.0}, {"$id": 89, "sounds": [{"d": 0.375, "p": 62, "v": 77}], "pos": -1.0, "size": 1.1, "_time": 21.0}, {"$id": 90, "sounds": [{"d": 0.1875, "p": 73, "v": 61}], "pos": 0.4346733, "size": 1.0, "_time": 21.1875}, {"$id": 91, "sounds": [{"d": 0.375, "p": 47, "v": 69}], "pos": -1.5, "size": 1.30000007, "_time": 21.375}, {"$id": 92, "sounds": [{"d": 1.125, "p": 71, "v": 61}], "pos": 1.0, "size": 1.0, "_time": 21.375}, {"$id": 93, "sounds": [{"d": 0.07421875, "p": 62, "v": 80}], "pos": -0.5653267, "size": 1.1, "_time": 21.75}, {"$id": 94, "sounds": [{"d": 0.375, "p": 62, "v": 77}], "pos": -0.5653267, "size": 1.1, "_time": 22.125}, {"$id": 95, "sounds": [{"d": 0.375, "p": 52, "v": 69}], "pos": -1.5, "size": 1.30000007, "_time": 22.5}, {"$id": 96, "sounds": [{"d": 0.5625, "p": 81, "v": 63}], "pos": 1.43467331, "size": 1.0, "_time": 22.5}, {"$id": 97, "sounds": [{"d": 0.07421875, "p": 64, "v": 80}], "pos": -1.0, "size": 1.1, "_time": 22.875}, {"$id": 98, "sounds": [{"d": 0.1875, "p": 80, "v": 58}], "pos": 0.5, "size": 1.0, "_time": 23.0625}, {"$id": 99, "sounds": [{"d": 0.1875, "p": 81, "v": 57}], "pos": 1.43467331, "size": 1.0, "_time": 23.25}, {"$id": 100, "sounds": [{"d": 0.375, "p": 64, "v": 77}], "pos": -1.0, "size": 1.1, "_time": 23.25}, {"$id": 101, "sounds": [{"d": 0.1875, "p": 83, "v": 59}], "size": 1.0, "_time": 23.4375, "pos": 0}, {"$id": 102, "sounds": [{"d": 0.375, "p": 85, "v": 66}], "pos": 1.5, "size": 1.0, "_time": 23.625}, {"$id": 103, "sounds": [{"d": 0.375, "p": 52, "v": 69}], "pos": -1.5, "size": 1.30000007, "_time": 23.625}, {"$id": 104, "sounds": [{"d": 0.07421875, "p": 64, "v": 80}], "pos": -1.06532669, "size": 1.1, "_time": 24.0}, {"$id": 105, "sounds": [{"d": 0.375, "p": 83, "v": 67}], "pos": 1.43467331, "size": 1.0, "_time": 24.0}, {"$id": 106, "sounds": [{"d": 0.375, "p": 81, "v": 56}], "pos": 0.9346733, "size": 1.0, "_time": 24.375}, {"$id": 107, "sounds": [{"d": 0.375, "p": 64, "v": 77}], "pos": -1.06532669, "size": 1.1, "_time": 24.375}, {"$id": 108, "sounds": [{"d": 0.1875, "p": 88, "v": 64}], "pos": 1.5, "size": 1.0, "_time": 24.75}, {"$id": 109, "sounds": [{"d": 0.375, "p": 49, "v": 69}], "pos": -1.5, "size": 1.30000007, "_time": 24.75}, {"$id": 110, "sounds": [{"d": 0.07421875, "p": 64, "v": 80}], "pos": -1.27386928, "size": 1.1, "_time": 25.125}, {"$id": 111, "sounds": [{"d": 0.375, "p": 64, "v": 77}], "pos": -1.17336607, "size": 1.1, "_time": 25.5}, {"$id": 112, "sounds": [{"d": 0.1875, "p": 92, "v": 78}], "pos": 1.5, "size": 1.0, "_time": 25.875}, {"$id": 113, "sounds": [{"d": 0.375, "p": 49, "v": 100}], "pos": -1.5, "size": 1.30000007, "_time": 25.875}, {"$id": 114, "sounds": [{"d": 0.375, "p": 62, "v": 75}], "pos": 1.0, "size": 1.2, "_time": 26.25}, {"$id": 115, "sounds": [{"d": 0.375, "p": 61, "v": 82}], "size": 1.2, "_time": 26.625, "pos": 0}, {"$id": 116, "sounds": [{"d": 0.1875, "p": 61, "v": 87}], "pos": -1.70351791, "size": 1.30000007, "_time": 27.0}, {"$id": 117, "sounds": [{"d": 0.5625, "p": 93, "v": 77}], "pos": 1.7054019, "size": 1.1, "_time": 27.0}, {"$id": 118, "sounds": [{"d": 0.1875, "p": 59, "v": 72}], "pos": 1.0, "size": 1.2, "_time": 27.1875}, {"$id": 119, "sounds": [{"d": 0.1875, "p": 61, "v": 68}], "pos": -1.0, "size": 1.2, "_time": 27.375}, {"$id": 120, "sounds": [{"d": 0.1875, "p": 62, "v": 64}], "pos": 1.5, "size": 1.2, "_time": 27.5625}, {"$id": 121, "sounds": [{"d": 0.1875, "p": 61, "v": 63}], "pos": -0.5, "size": 1.2, "_time": 27.75}, {"$id": 122, "sounds": [{"d": 0.1875, "p": 57, "v": 68}], "pos": 1.0, "size": 1.2, "_time": 27.9375}, {"$id": 123, "sounds": [{"d": 0.1875, "p": 57, "v": 67}], "pos": -1.5, "size": 1.30000007, "_time": 28.125}, {"$id": 124, "sounds": [{"d": 0.18359375, "p": 56, "v": 77}], "pos": 1.5, "size": 1.1, "_time": 28.3125}, {"$id": 125, "sounds": [{"d": 0.1875, "p": 57, "v": 78}], "size": 1.1, "_time": 28.5, "pos": 0}, {"$id": 126, "sounds": [{"d": 0.1875, "p": 59, "v": 75}], "pos": -1.5, "size": 1.30000007, "_time": 28.6875}, {"$id": 127, "sounds": [{"d": 0.1875, "p": 61, "v": 75}], "pos": 1.0, "size": 1.1, "_time": 28.875}, {"$id": 128, "sounds": [{"d": 0.1875, "p": 59, "v": 78}], "pos": -0.5, "size": 1.1, "_time": 29.0625}, {"$id": 129, "sounds": [{"d": 0.1875, "p": 85, "v": 70}], "pos": 1.58479834, "size": 1.1, "_time": 29.25}, {"$id": 130, "sounds": [{"d": 0.1875, "p": 83, "v": 62}], "pos": 1.08354306, "size": 1.0, "_time": 29.4375}, {"$id": 131, "sounds": [{"d": 0.1875, "p": 78, "v": 57}], "pos": -1.22487462, "size": 1.1, "_time": 29.4375}, {"$id": 132, "sounds": [{"d": 0.1875, "p": 85, "v": 70}], "pos": 1.43404424, "size": 1.1, "_time": 29.625}, {"$id": 133, "sounds": [{"d": 0.1875, "p": 80, "v": 79}], "pos": -0.7487449, "size": 1.0, "_time": 29.625}, {"$id": 134, "sounds": [{"d": 0.1875, "p": 83, "v": 70}], "pos": 1.00816548, "size": 1.0, "_time": 29.8125}, {"$id": 135, "sounds": [{"d": 0.1875, "p": 78, "v": 60}], "pos": -1.048995, "size": 1.1, "_time": 29.8125}, {"$id": 136, "sounds": [{"d": 0.1875, "p": 80, "v": 80}], "pos": -0.6482417, "size": 1.0, "_time": 30.0}, {"$id": 137, "sounds": [{"d": 0.1875, "p": 85, "v": 87}], "pos": 1.40891969, "size": 1.1, "_time": 30.0}, {"$id": 138, "sounds": [{"d": 0.1875, "p": 83, "v": 72}], "pos": 1.0, "size": 1.0, "_time": 30.1875}, {"$id": 139, "sounds": [{"d": 0.1875, "p": 78, "v": 80}], "pos": -0.9233662, "size": 1.1, "_time": 30.1875}, {"$id": 140, "sounds": [{"d": 1.125, "p": 80, "v": 65}], "pos": -0.522613049, "size": 1.0, "_time": 30.375}, {"$id": 141, "sounds": [{"d": 1.125, "p": 85, "v": 73}], "pos": 1.5, "size": 1.1, "_time": 30.375}, {"$id": 142, "sounds": [{"d": 0.75, "p": 50, "v": 74}], "pos": 0.2361815, "size": 1.1, "_time": 30.75}, {"$id": 143, "sounds": [{"d": 0.5625, "p": 57, "v": 74}], "pos": 0.396357775, "size": 1.0, "_time": 30.9375}, {"$id": 144, "sounds": [{"d": 0.1875, "p": 59, "v": 73}], "pos": 0.6463578, "size": 1.0, "_time": 31.125}, {"$id": 145, "sounds": [{"d": 0.1875, "p": 61, "v": 72}], "pos": 0.8963578, "size": 1.0, "_time": 31.3125}, {"$id": 146, "sounds": [{"d": 0.1875, "p": 80, "v": 58}], "pos": -1.5, "size": 1.1, "_time": 31.5}, {"$id": 147, "sounds": [{"d": 0.1875, "p": 78, "v": 57}], "pos": -1.0, "size": 1.0, "_time": 31.6875}, {"$id": 148, "sounds": [{"d": 0.1875, "p": 83, "v": 62}], "pos": 1.0, "size": 1.1, "_time": 31.6875}, {"$id": 149, "sounds": [{"d": 0.1875, "p": 85, "v": 67}], "pos": 0.5, "size": 1.0, "_time": 31.875}, {"$id": 150, "sounds": [{"d": 0.1875, "p": 80, "v": 75}], "pos": -1.5, "size": 1.1, "_time": 31.875}, {"$id": 151, "sounds": [{"d": 0.1875, "p": 83, "v": 60}], "pos": -1.0, "size": 1.0, "_time": 32.0625}, {"$id": 152, "sounds": [{"d": 0.1875, "p": 88, "v": 70}], "pos": 1.0, "size": 1.1, "_time": 32.0625}, {"$id": 153, "sounds": [{"d": 0.1875, "p": 80, "v": 75}], "pos": -1.5, "size": 1.1, "_time": 32.25}, {"$id": 154, "sounds": [{"d": 0.1875, "p": 85, "v": 81}], "pos": 0.5, "size": 1.0, "_time": 32.25}, {"$id": 155, "sounds": [{"d": 0.1875, "p": 78, "v": 76}], "pos": -1.0, "size": 1.0, "_time": 32.4375}, {"$id": 156, "sounds": [{"d": 0.1875, "p": 83, "v": 68}], "pos": 1.0, "size": 1.1, "_time": 32.4375}, {"$id": 157, "sounds": [{"d": 1.125, "p": 85, "v": 73}], "pos": 0.5, "size": 1.0, "_time": 32.625}, {"$id": 158, "sounds": [{"d": 1.125, "p": 80, "v": 65}], "pos": -1.5, "size": 1.1, "_time": 32.625}, {"$id": 159, "sounds": [{"d": 0.375, "p": 56, "v": 75}], "pos": -1.08542717, "size": 1.0, "_time": 32.8125}, {"$id": 160, "sounds": [{"d": 0.375, "p": 59, "v": 77}], "pos": -0.4089198, "size": 1.0, "_time": 33.0}, {"$id": 161, "sounds": [{"d": 0.375, "p": 56, "v": 75}], "pos": 0.1457279, "size": 1.0, "_time": 33.1875}, {"$id": 162, "sounds": [{"d": 0.375, "p": 59, "v": 77}], "pos": -0.258165658, "size": 1.0, "_time": 33.375}, {"$id": 163, "sounds": [{"d": 0.1875, "p": 56, "v": 75}], "pos": -0.9849251, "size": 1.0, "_time": 33.5625}, {"$id": 164, "sounds": [{"d": 0.1875, "p": 85, "v": 70}], "pos": 1.5, "size": 1.1, "_time": 33.75}, {"$id": 165, "sounds": [{"d": 0.1875, "p": 83, "v": 62}], "pos": 1.0, "size": 1.0, "_time": 33.9375}, {"$id": 166, "sounds": [{"d": 0.1875, "p": 78, "v": 57}], "pos": -1.5, "size": 1.1, "_time": 33.9375}, {"$id": 167, "sounds": [{"d": 0.1875, "p": 80, "v": 79}], "pos": -1.0, "size": 1.0, "_time": 34.125}, {"$id": 168, "sounds": [{"d": 0.1875, "p": 85, "v": 70}], "pos": 1.5, "size": 1.1, "_time": 34.125}, {"$id": 169, "sounds": [{"d": 0.1875, "p": 83, "v": 70}], "pos": 1.0, "size": 1.0, "_time": 34.3125}, {"$id": 170, "sounds": [{"d": 0.1875, "p": 78, "v": 60}], "pos": -1.400753, "size": 1.1, "_time": 34.3125}, {"$id": 171, "sounds": [{"d": 0.1875, "p": 85, "v": 87}], "pos": 1.5, "size": 1.1, "_time": 34.5}, {"$id": 172, "sounds": [{"d": 0.1875, "p": 80, "v": 80}], "pos": -1.0, "size": 1.0, "_time": 34.5}, {"$id": 173, "sounds": [{"d": 0.1875, "p": 78, "v": 80}], "pos": -1.400753, "size": 1.1, "_time": 34.6875}, {"$id": 174, "sounds": [{"d": 0.1875, "p": 83, "v": 72}], "pos": 1.0, "size": 1.0, "_time": 34.6875}, {"$id": 175, "sounds": [{"d": 0.44140625, "p": 80, "v": 63}], "pos": -1.0, "size": 1.0, "_time": 34.875}, {"$id": 176, "sounds": [{"d": 0.44140625, "p": 85, "v": 71}], "pos": 1.5, "size": 1.1, "_time": 34.875}, {"$id": 177, "sounds": [{"d": 0.44140625, "p": 83, "v": 69}], "pos": -1.0, "size": 1.0, "_time": 35.25}, {"$id": 178, "sounds": [{"d": 0.44140625, "p": 88, "v": 79}], "pos": 1.0, "size": 1.0, "_time": 35.25}, {"$id": 179, "sounds": [{"d": 0.44140625, "p": 85, "v": 86}], "pos": -1.5, "size": 1.0, "_time": 35.625}, {"$id": 180, "sounds": [{"d": 0.44140625, "p": 90, "v": 86}], "pos": 1.5, "size": 1.0, "_time": 35.625}, {"$id": 181, "sounds": [{"d": 1.125, "p": 83, "v": 70}], "pos": -0.775753, "size": 1.0, "_time": 36.0}, {"$id": 182, "sounds": [{"d": 1.16796875, "p": 88, "v": 79}], "pos": 1.0, "size": 1.0, "_time": 36.0}, {"$id": 183, "sounds": [{"d": 0.5625, "p": 68, "v": 66}], "pos": 1.5, "size": 1.0, "_time": 36.5625}, {"$id": 184, "sounds": [{"d": 0.5625, "p": 64, "v": 66}], "pos": -1.5, "size": 1.0, "_time": 36.5625}, {"$id": 185, "sounds": [{"d": 0.375, "p": 59, "v": 71}], "pos": 0.5, "size": 1.0, "_time": 36.75}, {"$id": 186, "sounds": [{"d": 0.5625, "p": 56, "v": 75}], "pos": -0.5, "size": 1.0, "_time": 36.9375}, {"$id": 187, "sounds": [{"d": 0.9375, "p": 52, "v": 75}], "pos": -1.5, "size": 1.2, "_time": 37.125}, {"$id": 188, "sounds": [{"d": 1.125, "p": 83, "v": 60}], "pos": 1.5, "size": 1.2, "_time": 37.125}, {"$id": 189, "sounds": [{"d": 0.5625, "p": 68, "v": 66}], "pos": 1.0, "size": 1.1, "_time": 37.6875}, {"$id": 190, "sounds": [{"d": 0.1875, "p": 85, "v": 70}], "pos": 1.5, "size": 1.1, "_time": 38.25}, {"$id": 191, "sounds": [{"d": 0.1875, "p": 80, "v": 62}], "pos": -1.03015089, "size": 1.0, "_time": 38.25}, {"$id": 192, "sounds": [{"d": 0.1875, "p": 83, "v": 62}], "pos": 1.5, "size": 1.1, "_time": 38.4375}, {"$id": 193, "sounds": [{"d": 0.1875, "p": 85, "v": 70}], "pos": 1.5, "size": 1.1, "_time": 38.625}, {"$id": 194, "sounds": [{"d": 0.1875, "p": 80, "v": 79}], "pos": -1.025126, "size": 1.0, "_time": 38.625}, {"$id": 195, "sounds": [{"d": 0.1875, "p": 83, "v": 70}], "pos": 1.5, "size": 1.1, "_time": 38.8125}, {"$id": 196, "sounds": [{"d": 0.1875, "p": 85, "v": 87}], "pos": 1.5, "size": 1.1, "_time": 39.0}, {"$id": 197, "sounds": [{"d": 0.1875, "p": 80, "v": 80}], "pos": -1.025126, "size": 1.0, "_time": 39.0}, {"$id": 198, "sounds": [{"d": 0.1875, "p": 83, "v": 72}], "pos": 1.5, "size": 1.1, "_time": 39.1875}, {"$id": 199, "sounds": [{"d": 0.75, "p": 80, "v": 65}], "pos": -1.025126, "size": 1.0, "_time": 39.375}, {"$id": 200, "sounds": [{"d": 0.75, "p": 85, "v": 73}], "pos": 1.5, "size": 1.1, "_time": 39.375}, {"$id": 201, "sounds": [{"d": 0.375, "p": 71, "v": 67}], "pos": 0.5, "size": 1.1, "_time": 39.75}, {"$id": 202, "sounds": [{"d": 0.375, "p": 69, "v": 67}], "pos": -0.5, "size": 1.1, "_time": 40.125}, {"$id": 203, "sounds": [{"d": 0.1875, "p": 80, "v": 58}], "pos": -1.09547687, "size": 1.1, "_time": 40.5}, {"$id": 204, "sounds": [{"d": 0.1875, "p": 85, "v": 65}], "pos": 1.5, "size": 1.0, "_time": 40.5}, {"$id": 205, "sounds": [{"d": 0.1875, "p": 78, "v": 57}], "pos": -1.09547687, "size": 1.1, "_time": 40.6875}, {"$id": 206, "sounds": [{"d": 0.1875, "p": 85, "v": 67}], "pos": 1.5, "size": 1.0, "_time": 40.875}, {"$id": 207, "sounds": [{"d": 0.1875, "p": 80, "v": 75}], "pos": -1.09547687, "size": 1.1, "_time": 40.875}, {"$id": 208, "sounds": [{"d": 0.1875, "p": 83, "v": 60}], "pos": -1.09547687, "size": 1.1, "_time": 41.0625}, {"$id": 209, "sounds": [{"d": 0.1875, "p": 85, "v": 81}], "pos": 1.5, "size": 1.0, "_time": 41.25}, {"$id": 210, "sounds": [{"d": 0.1875, "p": 80, "v": 75}], "pos": -1.09547687, "size": 1.1, "_time": 41.25}, {"$id": 211, "sounds": [{"d": 0.1875, "p": 78, "v": 76}], "pos": -1.09547687, "size": 1.1, "_time": 41.4375}, {"$id": 212, "sounds": [{"d": 0.40625, "p": 80, "v": 75}], "pos": -1.09547687, "size": 1.1, "_time": 41.625}, {"$id": 213, "sounds": [{"d": 0.40625, "p": 85, "v": 84}], "pos": 1.5, "size": 1.0, "_time": 41.625}, {"$id": 214, "sounds": [{"d": 0.40625, "p": 83, "v": 69}], "pos": -1.5, "size": 1.0, "_time": 42.0}, {"$id": 215, "sounds": [{"d": 0.40625, "p": 88, "v": 78}], "pos": 1.1055274, "size": 1.0, "_time": 42.0}, {"$id": 216, "sounds": [{"d": 0.375, "p": 90, "v": 67}], "pos": 1.53140581, "size": 1.0, "_time": 42.375}, {"$id": 217, "sounds": [{"d": 0.375, "p": 85, "v": 67}], "pos": -1.10364389, "size": 1.0, "_time": 42.375}, {"$id": 218, "sounds": [{"d": 1.02310944, "p": 85, "v": 67}], "pos": -1.07851839, "size": 1.0, "_time": 42.75}, {"$id": 219, "sounds": [{"d": 1.02310944, "p": 90, "v": 76}], "pos": 1.5062803, "size": 1.0, "_time": 42.75}, {"$id": 220, "sounds": [{"d": 0.47851944, "p": 90, "v": 72}], "size": 1.0, "_time": 43.9765625, "pos": 0}, {"$id": 221, "sounds": [{"d": 0.479999542, "p": 93, "v": 81}], "pos": 0.5, "size": 1.0, "_time": 43.9960938}, {"$id": 222, "sounds": [{"d": 0.4107132, "p": 93, "v": 66}], "pos": 1.12814128, "size": 1.0, "_time": 45.53125}, {"$id": 223, "sounds": [{"d": 0.409091949, "p": 100, "v": 75}], "pos": 1.62814128, "size": 1.0, "_time": 45.5703125}, {"$id": 224, "sounds": [{"d": 0.0652160645, "p": 78, "v": 63}], "pos": -1.5, "size": 1.1, "_time": 47.9296875}, {"$id": 225, "sounds": [{"d": 0.0652160645, "p": 79, "v": 63}], "pos": 1.5, "size": 1.1, "_time": 48.0585938}, {"$id": 226, "sounds": [{"d": 0.0652160645, "p": 81, "v": 63}], "pos": -1.5, "size": 1.1, "_time": 48.1914063}, {"$id": 227, "sounds": [{"d": 0.0652160645, "p": 86, "v": 63}], "size": 1.1, "_time": 48.3203125, "pos": 0}, {"$id": 228, "sounds": [{"d": 0.0652160645, "p": 85, "v": 63}], "pos": 1.5, "size": 1.1, "_time": 48.453125}, {"$id": 229, "sounds": [{"d": 0.0652160645, "p": 81, "v": 63}], "pos": -1.5, "size": 1.1, "_time": 48.58203}, {"$id": 230, "sounds": [{"d": 0.0652160645, "p": 78, "v": 63}], "pos": 1.5, "size": 1.1, "_time": 48.7109375}, {"$id": 231, "sounds": [{"d": 0.0652160645, "p": 76, "v": 63}], "pos": -1.0, "size": 1.1, "_time": 48.84375}, {"$id": 232, "sounds": [{"d": 0.0652160645, "p": 78, "v": 63}], "pos": 1.5, "size": 1.1, "_time": 48.9726563}, {"$id": 233, "sounds": [{"d": 0.0652160645, "p": 81, "v": 63}], "pos": -0.5, "size": 1.1, "_time": 49.10547}, {"$id": 234, "sounds": [{"d": 0.0652160645, "p": 76, "v": 63}], "pos": 1.5, "size": 1.1, "_time": 49.234375}, {"$id": 235, "sounds": [{"d": 0.0652160645, "p": 74, "v": 63}], "pos": -0.5188446, "size": 1.1, "_time": 49.36328}, {"$id": 236, "sounds": [{"d": 0.06521988, "p": 73, "v": 64}], "pos": 1.0, "size": 1.1, "_time": 49.4960938}, {"$id": 237, "sounds": [{"d": 0.0652160645, "p": 70, "v": 64}], "pos": -1.5, "size": 1.1, "_time": 49.625}, {"$id": 238, "sounds": [{"d": 0.0652160645, "p": 73, "v": 65}], "pos": 1.5, "size": 1.1, "_time": 49.7578125}, {"$id": 239, "sounds": [{"d": 0.0652160645, "p": 76, "v": 65}], "pos": -1.0, "size": 1.1, "_time": 49.88672}, {"$id": 240, "sounds": [{"d": 0.0652160645, "p": 78, "v": 65}], "pos": 1.0, "size": 1.1, "_time": 50.015625}, {"$id": 241, "sounds": [{"d": 0.0652160645, "p": 82, "v": 65}], "pos": -0.5, "size": 1.1, "_time": 50.1484375}, {"$id": 242, "sounds": [{"d": 0.07336807, "p": 85, "v": 53}], "size": 1.1, "_time": 50.1640625, "pos": 0}, {"$id": 243, "sounds": [{"d": 0.08152008, "p": 86, "v": 58}], "pos": -0.5, "size": 1.1, "_time": 50.2109375}, {"$id": 244, "sounds": [{"d": 0.0652160645, "p": 85, "v": 67}], "pos": -1.0, "size": 1.1, "_time": 50.2773438}, {"$id": 245, "sounds": [{"d": 0.0652160645, "p": 82, "v": 66}], "pos": 1.5, "size": 1.1, "_time": 50.40625}, {"$id": 246, "sounds": [{"d": 0.0652160645, "p": 78, "v": 64}], "pos": -1.0, "size": 1.1, "_time": 50.5390625}, {"$id": 247, "sounds": [{"d": 0.0652160645, "p": 76, "v": 63}], "pos": 1.0, "size": 1.1, "_time": 50.66797}, {"$id": 248, "sounds": [{"d": 0.0652160645, "p": 73, "v": 62}], "pos": -1.5, "size": 1.1, "_time": 50.80078}, {"$id": 249, "sounds": [{"d": 0.0652160645, "p": 70, "v": 61}], "pos": 0.5, "size": 1.1, "_time": 50.9296875}, {"$id": 250, "sounds": [{"d": 0.0652160645, "p": 69, "v": 64}], "pos": -1.1438446, "size": 1.1, "_time": 51.0585938}, {"$id": 251, "sounds": [{"d": 0.0326080322, "p": 65, "v": 64}], "pos": -1.6438446, "size": 1.1, "_time": 51.125}, {"$id": 252, "sounds": [{"d": 0.0326080322, "p": 69, "v": 64}], "pos": -1.1438446, "size": 1.1, "_time": 51.1914063}, {"$id": 253, "sounds": [{"d": 0.0652160645, "p": 72, "v": 64}], "pos": -0.7688446, "size": 1.1, "_time": 51.2578125}, {"$id": 254, "sounds": [{"d": 0.0326080322, "p": 72, "v": 64}], "pos": 0.587939262, "size": 1.1, "_time": 51.38672}, {"$id": 255, "sounds": [{"d": 0.0652160645, "p": 76, "v": 65}], "pos": 1.08793926, "size": 1.1, "_time": 51.453125}, {"$id": 256, "sounds": [{"d": 0.0326080322, "p": 72, "v": 65}], "pos": 0.587939262, "size": 1.1, "_time": 51.515625}, {"$id": 257, "sounds": [{"d": 0.0326080322, "p": 76, "v": 65}], "pos": 1.08793926, "size": 1.1, "_time": 51.58203}, {"$id": 258, "sounds": [{"d": 0.0652160645, "p": 81, "v": 67}], "pos": 1.511935, "size": 1.1, "_time": 51.6484375}, {"$id": 259, "sounds": [{"d": 0.0326080322, "p": 76, "v": 69}], "pos": 0.886935, "size": 1.1, "_time": 51.7109375}, {"$id": 260, "sounds": [{"d": 0.0326080322, "p": 81, "v": 70}], "pos": 1.511935, "size": 1.1, "_time": 51.7773438}, {"$id": 261, "sounds": [{"d": 0.0652160645, "p": 84, "v": 77}], "pos": 1.886935, "size": 1.1, "_time": 51.84375}, {"$id": 262, "sounds": [{"d": 0.0652160645, "p": 81, "v": 65}], "pos": -1.5, "size": 1.1, "_time": 51.9726563}, {"$id": 263, "sounds": [{"d": 0.0652160645, "p": 76, "v": 65}], "pos": -1.5, "size": 1.1, "_time": 52.10547}, {"$id": 264, "sounds": [{"d": 0.0652160645, "p": 81, "v": 65}], "pos": 1.5, "size": 1.1, "_time": 52.234375}, {"$id": 265, "sounds": [{"d": 0.0652160645, "p": 84, "v": 65}], "pos": -1.0, "size": 1.1, "_time": 52.36328}, {"$id": 266, "sounds": [{"d": 0.0652160645, "p": 88, "v": 65}], "pos": 1.2311554, "size": 1.1, "_time": 52.4960938}, {"$id": 267, "sounds": [{"d": 0.0652160645, "p": 90, "v": 62}], "pos": -0.5, "size": 1.1, "_time": 52.625}, {"$id": 268, "sounds": [{"d": 0.0652160645, "p": 86, "v": 62}], "pos": 1.5, "size": 1.1, "_time": 52.7578125}, {"$id": 269, "sounds": [{"d": 0.0652160645, "p": 86, "v": 62}], "pos": 1.5, "size": 1.1, "_time": 52.88672}, {"$id": 270, "sounds": [{"d": 0.0652160645, "p": 83, "v": 62}], "pos": -1.0, "size": 1.1, "_time": 53.015625}, {"$id": 271, "sounds": [{"d": 0.0652160645, "p": 83, "v": 62}], "pos": -1.0, "size": 1.1, "_time": 53.1484375}, {"$id": 272, "sounds": [{"d": 0.0652160645, "p": 79, "v": 62}], "pos": 1.0, "size": 1.1, "_time": 53.2773438}, {"$id": 273, "sounds": [{"d": 0.06521988, "p": 78, "v": 62}], "pos": 1.0, "size": 1.1, "_time": 53.40625}, {"$id": 274, "sounds": [{"d": 0.0652160645, "p": 74, "v": 62}], "pos": -1.5, "size": 1.1, "_time": 53.5390625}, {"$id": 275, "sounds": [{"d": 0.0652160645, "p": 74, "v": 62}], "pos": -1.5, "size": 1.1, "_time": 53.66797}, {"$id": 276, "sounds": [{"d": 0.0652160645, "p": 71, "v": 62}], "pos": 1.5, "size": 1.1, "_time": 53.80078}, {"$id": 277, "sounds": [{"d": 0.0652160645, "p": 71, "v": 62}], "pos": -0.8938446, "size": 1.1, "_time": 53.9296875}, {"$id": 278, "sounds": [{"d": 0.0652160645, "p": 74, "v": 62}], "pos": 1.5, "size": 1.1, "_time": 54.0585938}, {"$id": 279, "sounds": [{"d": 0.06521988, "p": 70, "v": 61}], "pos": 0.5, "size": 1.1, "_time": 54.1914063}, {"$id": 280, "sounds": [{"d": 0.0652160645, "p": 67, "v": 61}], "pos": -1.5, "size": 1.1, "_time": 54.3203125}, {"$id": 281, "sounds": [{"d": 0.0652160645, "p": 74, "v": 61}], "pos": 1.5, "size": 1.1, "_time": 54.453125}, {"$id": 282, "sounds": [{"d": 0.0652160645, "p": 70, "v": 61}], "pos": -1.5, "size": 1.1, "_time": 54.58203}, {"$id": 283, "sounds": [{"d": 0.0652160645, "p": 79, "v": 61}], "pos": 0.5, "size": 1.1, "_time": 54.7109375}, {"$id": 284, "sounds": [{"d": 0.05978012, "p": 78, "v": 50}], "pos": -0.973618865, "size": 1.1, "_time": 54.8398438}, {"$id": 285, "sounds": [{"d": 0.0543441772, "p": 77, "v": 50}], "pos": -1.10552847, "size": 1.1, "_time": 54.890625}, {"$id": 286, "sounds": [{"d": 0.05706024, "p": 76, "v": 50}], "pos": -1.22361887, "size": 1.1, "_time": 54.92578}, {"$id": 287, "sounds": [{"d": 0.130432129, "p": 75, "v": 59}], "pos": -1.34861887, "size": 1.1, "_time": 54.9726563}, {"$id": 288, "sounds": [{"d": 0.0652160645, "p": 79, "v": 50}], "pos": 1.5, "size": 1.1, "_time": 55.10547}, {"$id": 289, "sounds": [{"d": 0.0652160645, "p": 82, "v": 59}], "pos": -0.5, "size": 1.1, "_time": 55.234375}, {"$id": 290, "sounds": [{"d": 0.0652160645, "p": 79, "v": 59}], "pos": 1.5, "size": 1.1, "_time": 55.36328}, {"$id": 291, "sounds": [{"d": 0.0652160645, "p": 86, "v": 59}], "pos": 0.5, "size": 1.1, "_time": 55.4960938}, {"$id": 292, "sounds": [{"d": 0.0652160645, "p": 82, "v": 59}], "pos": -1.0, "size": 1.1, "_time": 55.625}, {"$id": 293, "sounds": [{"d": 0.130435944, "p": 81, "v": 56}], "pos": 1.5, "size": 1.1, "_time": 55.7578125}, {"$id": 294, "sounds": [{"d": 0.130435944, "p": 77, "v": 56}], "pos": -1.5, "size": 1.1, "_time": 55.88672}, {"$id": 295, "sounds": [{"d": 0.130432129, "p": 81, "v": 56}], "pos": 1.0, "size": 1.1, "_time": 56.015625}, {"$id": 296, "sounds": [{"d": 0.130435944, "p": 84, "v": 56}], "pos": -0.5, "size": 1.1, "_time": 56.1484375}, {"$id": 297, "sounds": [{"d": 0.130432129, "p": 88, "v": 56}], "pos": 1.5, "size": 1.1, "_time": 56.2773438}, {"$id": 298, "sounds": [{"d": 0.130435944, "p": 84, "v": 56}], "pos": -1.5, "size": 1.1, "_time": 56.40625}, {"$id": 299, "sounds": [{"d": 0.130435944, "p": 86, "v": 53}], "pos": 1.5, "size": 1.1, "_time": 56.5390625}, {"$id": 300, "sounds": [{"d": 0.130435944, "p": 84, "v": 53}], "pos": -1.0, "size": 1.1, "_time": 56.66797}, {"$id": 301, "sounds": [{"d": 0.130432129, "p": 86, "v": 53}], "pos": 1.5, "size": 1.1, "_time": 56.80078}, {"$id": 302, "sounds": [{"d": 0.130435944, "p": 88, "v": 53}], "size": 1.1, "_time": 56.9296875, "pos": 0}, {"$id": 303, "sounds": [{"d": 0.130432129, "p": 96, "v": 53}], "pos": 1.5, "size": 1.1, "_time": 57.0585938}, {"$id": 304, "sounds": [{"d": 0.130432129, "p": 87, "v": 53}], "pos": -1.0, "size": 1.2, "_time": 57.3203125}, {"$id": 305, "sounds": [{"d": 0.130432129, "p": 91, "v": 56}], "pos": 1.0, "size": 1.2, "_time": 57.3203125}, {"$id": 306, "sounds": [{"d": 0.130432129, "p": 91, "v": 56}], "pos": 1.10050213, "size": 1.0, "_time": 57.453125}, {"$id": 307, "sounds": [{"d": 0.130432129, "p": 91, "v": 56}], "pos": 1.10050213, "size": 1.0, "_time": 57.58203}, {"$id": 308, "sounds": [{"d": 0.130432129, "p": 86, "v": 53}], "pos": -1.5, "size": 1.2, "_time": 58.10547}, {"$id": 309, "sounds": [{"d": 0.130432129, "p": 89, "v": 56}], "pos": 0.5, "size": 1.2, "_time": 58.10547}, {"$id": 310, "sounds": [{"d": 0.130432129, "p": 89, "v": 56}], "pos": 0.625627637, "size": 1.0, "_time": 58.234375}, {"$id": 311, "sounds": [{"d": 0.130432129, "p": 89, "v": 56}], "pos": 0.625627637, "size": 1.0, "_time": 58.36328}, {"$id": 312, "sounds": [{"d": 0.130432129, "p": 84, "v": 53}], "pos": -1.75628138, "size": 1.2, "_time": 58.88672}, {"$id": 313, "sounds": [{"d": 0.130432129, "p": 87, "v": 56}], "size": 1.2, "_time": 58.88672, "pos": 0}, {"$id": 314, "sounds": [{"d": 0.130432129, "p": 87, "v": 56}], "pos": 0.100502133, "size": 1.0, "_time": 59.015625}, {"$id": 315, "sounds": [{"d": 0.130432129, "p": 87, "v": 56}], "pos": 0.100502133, "size": 1.0, "_time": 59.1484375}, {"$id": 316, "sounds": [{"d": 0.1875, "p": 87, "v": 49}], "pos": -1.0, "size": 1.0, "_time": 60.0585938}, {"$id": 317, "sounds": [{"d": 0.1603241, "p": 94, "v": 47}], "pos": 1.5, "size": 1.0, "_time": 60.1914063}, {"$id": 318, "sounds": [{"d": 0.130435944, "p": 92, "v": 49}], "size": 1.0, "_time": 60.3203125, "pos": 0}, {"$id": 319, "sounds": [{"d": 0.130432129, "p": 87, "v": 53}], "pos": -1.5, "size": 1.2, "_time": 60.453125}, {"$id": 320, "sounds": [{"d": 0.130432129, "p": 91, "v": 56}], "pos": 1.5, "size": 1.2, "_time": 60.453125}, {"$id": 321, "sounds": [{"d": 0.130432129, "p": 91, "v": 56}], "pos": 1.6061554, "size": 1.0, "_time": 60.58203}, {"$id": 322, "sounds": [{"d": 0.130432129, "p": 91, "v": 56}], "pos": 1.6061554, "size": 1.0, "_time": 60.7109375}, {"$id": 323, "sounds": [{"d": 0.130432129, "p": 86, "v": 53}], "pos": -1.17587876, "size": 1.2, "_time": 61.234375}, {"$id": 324, "sounds": [{"d": 0.130432129, "p": 89, "v": 56}], "pos": 1.14824045, "size": 1.2, "_time": 61.234375}, {"$id": 325, "sounds": [{"d": 0.130432129, "p": 89, "v": 56}], "pos": 1.223618, "size": 1.0, "_time": 61.36328}, {"$id": 326, "sounds": [{"d": 0.130432129, "p": 89, "v": 56}], "pos": 1.223618, "size": 1.0, "_time": 61.4960938}, {"$id": 327, "sounds": [{"d": 0.130432129, "p": 86, "v": 53}], "pos": 0.726130843, "size": 1.2, "_time": 62.015625}, {"$id": 328, "sounds": [{"d": 0.130432129, "p": 89, "v": 56}], "pos": -1.40200949, "size": 1.2, "_time": 62.015625}, {"$id": 329, "sounds": [{"d": 0.130432129, "p": 86, "v": 53}], "pos": 0.826634, "size": 1.0, "_time": 62.1484375}, {"$id": 330, "sounds": [{"d": 0.130432129, "p": 86, "v": 53}], "pos": 0.826634, "size": 1.0, "_time": 62.2773438}, {"$id": 331, "sounds": [{"d": 0.130432129, "p": 86, "v": 43}], "pos": -1.0, "size": 1.0, "_time": 62.5390625}, {"$id": 332, "sounds": [{"d": 0.130432129, "p": 91, "v": 43}], "pos": 1.5, "size": 1.0, "_time": 62.5390625}, {"$id": 333, "sounds": [{"d": 0.130432129, "p": 86, "v": 53}], "pos": 0.5, "size": 1.0, "_time": 62.80078}, {"$id": 334, "sounds": [{"d": 0.3912964, "p": 83, "v": 53}], "pos": -1.5, "size": 1.0, "_time": 62.80078}, {"$id": 335, "sounds": [{"d": 0.0652160645, "p": 55, "v": 43}], "pos": -1.5, "size": 1.1, "_time": 63.1914063}, {"$id": 336, "sounds": [{"d": 0.0652160645, "p": 59, "v": 45}], "pos": 0.5, "size": 1.1, "_time": 63.3203125}, {"$id": 337, "sounds": [{"d": 0.0630722046, "p": 59, "v": 43}], "pos": -1.0, "size": 1.1, "_time": 63.58203}, {"$id": 338, "sounds": [{"d": 0.0688056946, "p": 62, "v": 43}], "pos": 1.0, "size": 1.1, "_time": 63.71875}, {"$id": 339, "sounds": [{"d": 0.07108688, "p": 62, "v": 43}], "pos": -1.5, "size": 1.1, "_time": 64.0}, {"$id": 340, "sounds": [{"d": 0.0735321045, "p": 67, "v": 42}], "pos": 1.0, "size": 1.1, "_time": 64.140625}, {"$id": 341, "sounds": [{"d": 0.0735321045, "p": 71, "v": 41}], "pos": -1.5, "size": 1.1, "_time": 64.28906}, {"$id": 342, "sounds": [{"d": 0.07614136, "p": 62, "v": 40}], "pos": 0.5, "size": 1.1, "_time": 64.4375}, {"$id": 343, "sounds": [{"d": 0.07614136, "p": 67, "v": 40}], "pos": -1.0, "size": 1.1, "_time": 64.58984}, {"$id": 344, "sounds": [{"d": 0.0789489746, "p": 71, "v": 40}], "pos": 0.5, "size": 1.1, "_time": 64.73828}, {"$id": 345, "sounds": [{"d": 0.0789489746, "p": 67, "v": 40}], "pos": -0.6652012, "size": 1.1, "_time": 64.89844}, {"$id": 346, "sounds": [{"d": 0.163040161, "p": 71, "v": 42}], "pos": 1.5, "size": 1.1, "_time": 65.05469}, {"$id": 347, "sounds": [{"d": 0.163040161, "p": 74, "v": 42}], "pos": -0.5, "size": 1.1, "_time": 65.21875}, {"$id": 348, "sounds": [{"d": 0.16242981, "p": 71, "v": 46}], "pos": 1.0, "size": 1.1, "_time": 65.38281}, {"$id": 349, "sounds": [{"d": 0.169494629, "p": 74, "v": 50}], "pos": -1.0, "size": 1.1, "_time": 65.55078}, {"$id": 350, "sounds": [{"d": 0.1764679, "p": 79, "v": 51}], "pos": 1.0, "size": 1.1, "_time": 65.72266}, {"$id": 351, "sounds": [{"d": 0.1764679, "p": 74, "v": 56}], "pos": -1.5, "size": 1.1, "_time": 65.89844}, {"$id": 352, "sounds": [{"d": 0.184051514, "p": 79, "v": 57}], "pos": 1.5, "size": 1.1, "_time": 66.07422}, {"$id": 353, "sounds": [{"d": 0.184051514, "p": 83, "v": 60}], "pos": -1.0, "size": 1.1, "_time": 66.25781}, {"$id": 354, "sounds": [{"d": 0.140625, "p": 84, "v": 75}], "pos": -1.5, "size": 1.30000007, "_time": 66.44141}, {"$id": 355, "sounds": [{"d": 0.375, "p": 53, "v": 71}], "pos": 1.5, "size": 1.30000007, "_time": 66.44141}, {"$id": 356, "sounds": [{"d": 0.0625, "p": 67, "v": 79}], "pos": 1.00753689, "size": 1.1, "_time": 66.81641}, {"$id": 357, "sounds": [{"d": 0.1875, "p": 83, "v": 66}], "pos": -0.751256, "size": 1.0, "_time": 67.00391}, {"$id": 358, "sounds": [{"d": 0.1875, "p": 79, "v": 62}], "pos": -1.251256, "size": 1.0, "_time": 67.19141}, {"$id": 359, "sounds": [{"d": 0.375, "p": 67, "v": 77}], "pos": 1.00753689, "size": 1.1, "_time": 67.19141}, {"$id": 360, "sounds": [{"d": 0.1875, "p": 76, "v": 59}], "pos": 0.5, "size": 1.0, "_time": 67.37891}, {"$id": 361, "sounds": [{"d": 0.375, "p": 53, "v": 69}], "pos": 1.5, "size": 1.30000007, "_time": 67.56641}, {"$id": 362, "sounds": [{"d": 0.5625, "p": 74, "v": 58}], "pos": -1.34924543, "size": 1.30000007, "_time": 67.56641}, {"$id": 363, "sounds": [{"d": 0.07421875, "p": 67, "v": 80}], "pos": 0.7814071, "size": 1.1, "_time": 67.94141}, {"$id": 364, "sounds": [{"d": 0.375, "p": 67, "v": 77}], "pos": 0.7814071, "size": 1.1, "_time": 68.31641}, {"$id": 365, "sounds": [{"d": 0.375, "p": 55, "v": 69}], "pos": 1.5, "size": 1.30000007, "_time": 68.69141}, {"$id": 366, "sounds": [{"d": 0.5625, "p": 84, "v": 75}], "pos": -1.27638185, "size": 1.30000007, "_time": 68.69141}, {"$id": 367, "sounds": [{"d": 0.07421875, "p": 67, "v": 80}], "pos": 1.51004958, "size": 1.1, "_time": 69.06641}, {"$id": 368, "sounds": [{"d": 0.1875, "p": 83, "v": 67}], "pos": -1.178391, "size": 1.0, "_time": 69.25391}, {"$id": 369, "sounds": [{"d": 0.1875, "p": 79, "v": 63}], "pos": -0.5, "size": 1.0, "_time": 69.44141}, {"$id": 370, "sounds": [{"d": 0.375, "p": 67, "v": 77}], "pos": 1.19849157, "size": 1.1, "_time": 69.44141}, {"$id": 371, "sounds": [{"d": 0.1875, "p": 76, "v": 60}], "pos": -1.0, "size": 1.0, "_time": 69.62891}, {"$id": 372, "sounds": [{"d": 0.1875, "p": 65, "v": 50}], "pos": 1.5, "size": 1.30000007, "_time": 69.81641}, {"$id": 373, "sounds": [{"d": 0.1875, "p": 74, "v": 55}], "pos": -1.57537627, "size": 1.30000007, "_time": 69.81641}, {"$id": 374, "sounds": [{"d": 0.1875, "p": 59, "v": 62}], "pos": -0.5, "size": 1.0, "_time": 70.00391}, {"$id": 375, "sounds": [{"d": 0.1875, "p": 62, "v": 62}], "pos": 1.0, "size": 1.1, "_time": 70.19141}, {"$id": 376, "sounds": [{"d": 0.1875, "p": 67, "v": 62}], "pos": -1.0, "size": 1.0, "_time": 70.37891}, {"$id": 377, "sounds": [{"d": 0.1875, "p": 62, "v": 65}], "pos": -1.5, "size": 1.0, "_time": 70.56641}, {"$id": 378, "sounds": [{"d": 0.265625, "p": 76, "v": 58}], "pos": 1.5, "size": 1.0, "_time": 70.56641}, {"$id": 379, "sounds": [{"d": 0.1875, "p": 59, "v": 67}], "size": 1.0, "_time": 70.75391, "pos": 0}, {"$id": 380, "sounds": [{"d": 0.375, "p": 52, "v": 69}], "pos": -1.5, "size": 1.30000007, "_time": 70.94141}, {"$id": 381, "sounds": [{"d": 2.25, "p": 79, "v": 64}], "pos": 1.5, "size": 1.30000007, "_time": 70.94141}, {"$id": 382, "sounds": [{"d": 0.07421875, "p": 67, "v": 80}], "pos": 0.190954626, "size": 1.1, "_time": 71.31641}, {"$id": 383, "sounds": [{"d": 0.07421875, "p": 62, "v": 80}], "pos": -1.4723618, "size": 1.1, "_time": 71.31641}, {"$id": 384, "sounds": [{"d": 0.375, "p": 67, "v": 77}], "pos": 0.190954626, "size": 1.1, "_time": 71.69141}, {"$id": 385, "sounds": [{"d": 0.375, "p": 62, "v": 76}], "pos": -1.4723618, "size": 1.1, "_time": 71.69141}, {"$id": 386, "sounds": [{"d": 0.375, "p": 52, "v": 69}], "pos": 1.5, "size": 1.30000007, "_time": 72.06641}, {"$id": 387, "sounds": [{"d": 0.07421875, "p": 67, "v": 80}], "pos": -0.110552788, "size": 1.1, "_time": 72.44141}, {"$id": 388, "sounds": [{"d": 0.07421875, "p": 62, "v": 80}], "pos": 1.492462, "size": 1.1, "_time": 72.44141}, {"$id": 389, "sounds": [{"d": 0.375, "p": 67, "v": 77}], "pos": -0.110552788, "size": 1.1, "_time": 72.81641}, {"$id": 390, "sounds": [{"d": 0.375, "p": 62, "v": 76}], "pos": 1.492462, "size": 1.1, "_time": 72.81641}, {"$id": 391, "sounds": [{"d": 0.375, "p": 57, "v": 69}], "pos": -1.11055279, "size": 1.30000007, "_time": 73.19141}, {"$id": 392, "sounds": [{"d": 0.07421875, "p": 60, "v": 78}], "pos": -0.6105528, "size": 1.1, "_time": 73.56641}, {"$id": 393, "sounds": [{"d": 0.07421875, "p": 67, "v": 80}], "pos": 1.5, "size": 1.1, "_time": 73.56641}, {"$id": 394, "sounds": [{"d": 0.375, "p": 67, "v": 77}], "pos": 1.5, "size": 1.1, "_time": 73.94141}, {"$id": 395, "sounds": [{"d": 0.375, "p": 60, "v": 76}], "pos": -0.6105528, "size": 1.1, "_time": 73.94141}, {"$id": 396, "sounds": [{"d": 0.1875, "p": 57, "v": 83}], "pos": -0.532663465, "size": 1.1, "_time": 74.31641}, {"$id": 397, "sounds": [{"d": 0.1875, "p": 67, "v": 85}], "pos": 1.5, "size": 1.1, "_time": 74.31641}, {"$id": 398, "sounds": [{"d": 0.1875, "p": 60, "v": 73}], "pos": -1.5, "size": 1.1, "_time": 74.50391}, {"$id": 399, "sounds": [{"d": 0.1875, "p": 62, "v": 76}], "pos": 1.5, "size": 1.1, "_time": 74.69141}, {"$id": 400, "sounds": [{"d": 0.1875, "p": 64, "v": 76}], "pos": -1.0, "size": 1.1, "_time": 74.87891}, {"$id": 401, "sounds": [{"d": 0.1875, "p": 62, "v": 76}], "pos": 1.5, "size": 1.1, "_time": 75.06641}, {"$id": 402, "sounds": [{"d": 0.1875, "p": 60, "v": 70}], "pos": -0.5, "size": 1.1, "_time": 75.25391}, {"$id": 403, "sounds": [{"d": 0.375, "p": 53, "v": 71}], "pos": 1.5, "size": 1.1, "_time": 75.44141}, {"$id": 404, "sounds": [{"d": 0.0625, "p": 67, "v": 79}], "pos": -1.0, "size": 1.1, "_time": 75.81641}, {"$id": 405, "sounds": [{"d": 0.1875, "p": 83, "v": 68}], "pos": 1.82412124, "size": 1.0, "_time": 76.00391}, {"$id": 406, "sounds": [{"d": 0.1875, "p": 79, "v": 64}], "pos": 1.34924674, "size": 1.0, "_time": 76.19141}, {"$id": 407, "sounds": [{"d": 0.375, "p": 67, "v": 77}], "pos": -1.0, "size": 1.1, "_time": 76.19141}, {"$id": 408, "sounds": [{"d": 0.1875, "p": 76, "v": 61}], "pos": -0.5, "size": 1.0, "_time": 76.37891}, {"$id": 409, "sounds": [{"d": 0.375, "p": 53, "v": 69}], "pos": -1.686557, "size": 1.1, "_time": 76.56641}, {"$id": 410, "sounds": [{"d": 1.125, "p": 74, "v": 61}], "pos": 0.801506341, "size": 1.0, "_time": 76.56641}, {"$id": 411, "sounds": [{"d": 0.07421875, "p": 67, "v": 80}], "pos": -0.0621857643, "size": 1.1, "_time": 76.94141}, {"$id": 412, "sounds": [{"d": 0.375, "p": 67, "v": 77}], "pos": -0.0621857643, "size": 1.1, "_time": 77.31641}, {"$id": 413, "sounds": [{"d": 0.375, "p": 55, "v": 69}], "pos": -1.56218576, "size": 1.2, "_time": 77.69141}, {"$id": 414, "sounds": [{"d": 0.5625, "p": 84, "v": 63}], "pos": 1.5, "size": 1.0, "_time": 77.69141}, {"$id": 415, "sounds": [{"d": 0.07421875, "p": 67, "v": 80}], "pos": -1.0, "size": 1.1, "_time": 78.06641}, {"$id": 416, "sounds": [{"d": 0.1875, "p": 83, "v": 58}], "pos": 1.0, "size": 1.0, "_time": 78.25391}, {"$id": 417, "sounds": [{"d": 0.1875, "p": 84, "v": 57}], "pos": 0.726130843, "size": 1.0, "_time": 78.44141}, {"$id": 418, "sounds": [{"d": 0.375, "p": 67, "v": 77}], "pos": -1.0, "size": 1.1, "_time": 78.44141}, {"$id": 419, "sounds": [{"d": 0.1875, "p": 86, "v": 59}], "pos": 1.0, "size": 1.0, "_time": 78.62891}, {"$id": 420, "sounds": [{"d": 0.375, "p": 88, "v": 66}], "pos": 1.72613084, "size": 1.0, "_time": 78.81641}, {"$id": 421, "sounds": [{"d": 0.375, "p": 55, "v": 69}], "pos": -1.56218576, "size": 1.2, "_time": 78.81641}, {"$id": 422, "sounds": [{"d": 0.07421875, "p": 67, "v": 80}], "pos": -0.5, "size": 1.1, "_time": 79.19141}, {"$id": 423, "sounds": [{"d": 0.375, "p": 86, "v": 67}], "pos": 1.0, "size": 1.0, "_time": 79.19141}, {"$id": 424, "sounds": [{"d": 0.375, "p": 84, "v": 56}], "pos": 1.5, "size": 1.0, "_time": 79.56641}, {"$id": 425, "sounds": [{"d": 0.375, "p": 67, "v": 77}], "pos": -1.0, "size": 1.1, "_time": 79.56641}, {"$id": 426, "sounds": [{"d": 0.1875, "p": 91, "v": 65}], "pos": 1.5, "size": 1.0, "_time": 79.94141}, {"$id": 427, "sounds": [{"d": 0.375, "p": 52, "v": 69}], "pos": -1.5, "size": 1.2, "_time": 79.94141}, {"$id": 428, "sounds": [{"d": 0.07421875, "p": 67, "v": 80}], "pos": -0.0621857643, "size": 1.1, "_time": 80.31641}, {"$id": 429, "sounds": [{"d": 0.375, "p": 67, "v": 77}], "pos": -0.0621857643, "size": 1.1, "_time": 80.69141}, {"$id": 430, "sounds": [{"d": 0.375, "p": 52, "v": 69}], "pos": -1.5, "size": 1.30000007, "_time": 81.06641}, {"$id": 431, "sounds": [{"d": 0.375, "p": 67, "v": 74}], "pos": 1.5, "size": 1.30000007, "_time": 81.06641}, {"$id": 432, "sounds": [{"d": 0.375, "p": 65, "v": 75}], "pos": -0.312185764, "size": 1.0, "_time": 81.44141}, {"$id": 433, "sounds": [{"d": 0.25390625, "p": 89, "v": 74}], "pos": 1.55716038, "size": 1.0, "_time": 81.62891}, {"$id": 434, "sounds": [{"d": 0.25390625, "p": 88, "v": 75}], "pos": 1.0, "size": 1.0, "_time": 81.81641}, {"$id": 435, "sounds": [{"d": 0.375, "p": 64, "v": 82}], "pos": -1.5, "size": 1.0, "_time": 81.81641}, {"$id": 436, "sounds": [{"d": 0.25390625, "p": 86, "v": 71}], "pos": -0.5, "size": 1.0, "_time": 82.00391}, {"$id": 437, "sounds": [{"d": 0.1875, "p": 57, "v": 85}], "pos": -1.5, "size": 1.1, "_time": 82.19141}, {"$id": 438, "sounds": [{"d": 0.30078125, "p": 84, "v": 64}], "pos": 1.5, "size": 1.1, "_time": 82.19141}, {"$id": 439, "sounds": [{"d": 0.1875, "p": 62, "v": 72}], "pos": 0.748743653, "size": 1.1, "_time": 82.37891}, {"$id": 440, "sounds": [{"d": 0.1875, "p": 64, "v": 68}], "pos": -1.0, "size": 1.1, "_time": 82.56641}, {"$id": 441, "sounds": [{"d": 0.1875, "p": 65, "v": 64}], "pos": 1.24874365, "size": 1.1, "_time": 82.75391}, {"$id": 442, "sounds": [{"d": 0.1875, "p": 64, "v": 63}], "pos": -0.336683273, "size": 1.1, "_time": 82.94141}, {"$id": 443, "sounds": [{"d": 0.1875, "p": 60, "v": 68}], "pos": 1.74874365, "size": 1.1, "_time": 83.12891}, {"$id": 444, "sounds": [{"d": 0.1875, "p": 60, "v": 67}], "pos": -0.5, "size": 1.1, "_time": 83.31641}, {"$id": 445, "sounds": [{"d": 0.18359375, "p": 59, "v": 77}], "pos": 1.5, "size": 1.1, "_time": 83.50391}, {"$id": 446, "sounds": [{"d": 0.1875, "p": 60, "v": 78}], "pos": -1.0, "size": 1.1, "_time": 83.69141}, {"$id": 447, "sounds": [{"d": 0.1875, "p": 62, "v": 75}], "pos": 1.0, "size": 1.1, "_time": 83.87891}, {"$id": 448, "sounds": [{"d": 0.1875, "p": 64, "v": 75}], "pos": -1.5, "size": 1.30000007, "_time": 84.06641}, {"$id": 449, "sounds": [{"d": 0.375, "p": 79, "v": 69}], "pos": 1.53831673, "size": 1.30000007, "_time": 84.06641}, {"$id": 450, "sounds": [{"d": 0.1875, "p": 76, "v": 70}], "pos": -1.0, "size": 2.0, "_time": 84.44141}, {"$id": 451, "sounds": [{"d": 2.25, "p": 46, "v": 77}], "pos": 1.0, "size": 2.0, "_time": 84.44141}, {"$id": 452, "sounds": [{"d": 0.1875, "p": 74, "v": 62}], "pos": -1.396985, "size": 1.30000007, "_time": 84.62891}, {"$id": 453, "sounds": [{"d": 0.1875, "p": 76, "v": 70}], "pos": -1.396985, "size": 1.30000007, "_time": 84.81641}, {"$id": 454, "sounds": [{"d": 0.1875, "p": 74, "v": 70}], "pos": -1.396985, "size": 1.30000007, "_time": 85.00391}, {"$id": 455, "sounds": [{"d": 0.1875, "p": 76, "v": 87}], "pos": -1.396985, "size": 1.30000007, "_time": 85.19141}, {"$id": 456, "sounds": [{"d": 0.1875, "p": 74, "v": 72}], "pos": -1.396985, "size": 1.30000007, "_time": 85.37891}, {"$id": 457, "sounds": [{"d": 0.375, "p": 76, "v": 73}], "pos": -1.396985, "size": 1.30000007, "_time": 85.56641}, {"$id": 458, "sounds": [{"d": 0.1875, "p": 76, "v": 65}], "pos": -0.100502133, "size": 1.4000001, "_time": 86.69141}, {"$id": 459, "sounds": [{"d": 0.1875, "p": 74, "v": 62}], "pos": -0.6507542, "size": 1.1, "_time": 86.87891}, {"$id": 460, "sounds": [{"d": 0.1875, "p": 69, "v": 57}], "pos": 0.57537663, "size": 1.1, "_time": 86.87891}, {"$id": 461, "sounds": [{"d": 0.1875, "p": 71, "v": 75}], "pos": -0.9246244, "size": 1.1, "_time": 87.06641}, {"$id": 462, "sounds": [{"d": 0.1875, "p": 76, "v": 67}], "pos": 0.8241213, "size": 1.1, "_time": 87.06641}, {"$id": 463, "sounds": [{"d": 0.1875, "p": 79, "v": 70}], "pos": -1.17839229, "size": 1.1, "_time": 87.25391}, {"$id": 464, "sounds": [{"d": 0.1875, "p": 74, "v": 60}], "pos": 1.12562752, "size": 1.1, "_time": 87.25391}, {"$id": 465, "sounds": [{"d": 0.1875, "p": 71, "v": 75}], "pos": -1.47738707, "size": 1.1, "_time": 87.44141}, {"$id": 466, "sounds": [{"d": 0.1875, "p": 76, "v": 81}], "pos": 1.376884, "size": 1.1, "_time": 87.44141}, {"$id": 467, "sounds": [{"d": 0.1875, "p": 69, "v": 76}], "pos": -1.70603061, "size": 1.1, "_time": 87.62891}, {"$id": 468, "sounds": [{"d": 0.1875, "p": 74, "v": 68}], "pos": 1.65075314, "size": 1.1, "_time": 87.62891}, {"$id": 469, "sounds": [{"d": 0.375, "p": 76, "v": 73}], "pos": 1.85427117, "size": 1.1, "_time": 87.81641}, {"$id": 470, "sounds": [{"d": 0.375, "p": 71, "v": 65}], "pos": -1.90452206, "size": 1.1, "_time": 87.81641}, {"$id": 471, "sounds": [{"d": 0.1875, "p": 76, "v": 70}], "pos": 0.100503132, "size": 1.4000001, "_time": 88.94141}, {"$id": 472, "sounds": [{"d": 0.1875, "p": 69, "v": 57}], "pos": 1.15075433, "size": 1.1, "_time": 89.12891}, {"$id": 473, "sounds": [{"d": 0.1875, "p": 74, "v": 62}], "pos": -1.0, "size": 1.1, "_time": 89.12891}, {"$id": 474, "sounds": [{"d": 0.1875, "p": 71, "v": 79}], "pos": -1.376884, "size": 1.1, "_time": 89.31641}, {"$id": 475, "sounds": [{"d": 0.1875, "p": 76, "v": 70}], "pos": 1.5276382, "size": 1.1, "_time": 89.31641}, {"$id": 476, "sounds": [{"d": 0.1875, "p": 74, "v": 70}], "pos": -1.78391981, "size": 1.1, "_time": 89.50391}, {"$id": 477, "sounds": [{"d": 0.1875, "p": 69, "v": 60}], "pos": 1.79585457, "size": 1.1, "_time": 89.50391}, {"$id": 478, "sounds": [{"d": 0.1875, "p": 76, "v": 87}], "pos": 1.62814033, "size": 1.1, "_time": 89.69141}, {"$id": 479, "sounds": [{"d": 0.1875, "p": 71, "v": 80}], "pos": -1.47738719, "size": 1.1, "_time": 89.69141}, {"$id": 480, "sounds": [{"d": 0.1875, "p": 69, "v": 80}], "pos": -1.14824057, "size": 1.1, "_time": 89.87891}, {"$id": 481, "sounds": [{"d": 0.1875, "p": 74, "v": 72}], "pos": 1.24874365, "size": 1.1, "_time": 89.87891}, {"$id": 482, "sounds": [{"d": 0.44140625, "p": 76, "v": 71}], "pos": 0.02010125, "size": 1.4000001, "_time": 90.06641}, {"$id": 483, "sounds": [{"d": 0.44140625, "p": 79, "v": 79}], "pos": 1.5, "size": 1.0, "_time": 90.44141}, {"$id": 484, "sounds": [{"d": 0.44140625, "p": 81, "v": 86}], "pos": 1.5, "size": 1.0, "_time": 90.81641}, {"$id": 485, "sounds": [{"d": 0.79296875, "p": 79, "v": 79}], "pos": 1.5, "size": 1.4000001, "_time": 91.19141}, {"$id": 486, "sounds": [{"d": 0.75, "p": 74, "v": 70}], "pos": -1.5, "size": 1.4000001, "_time": 91.19141}, {"$id": 487, "sounds": [{"d": 0.75, "p": 74, "v": 60}], "pos": 1.0, "size": 1.4000001, "_time": 92.31641}, {"$id": 488, "sounds": [{"d": 0.75, "p": 71, "v": 67}], "pos": -1.29899466, "size": 1.4000001, "_time": 92.31641}, {"$id": 489, "sounds": [{"d": 0.1875, "p": 76, "v": 70}], "pos": 1.33165824, "size": 1.2, "_time": 93.44141}, {"$id": 490, "sounds": [{"d": 2.25, "p": 46, "v": 77}], "pos": -1.5, "size": 1.30000007, "_time": 93.44141}, {"$id": 491, "sounds": [{"d": 0.1875, "p": 69, "v": 57}], "pos": -1.0, "size": 1.2, "_time": 93.62891}, {"$id": 492, "sounds": [{"d": 0.1875, "p": 74, "v": 62}], "pos": 1.33165824, "size": 1.2, "_time": 93.62891}, {"$id": 493, "sounds": [{"d": 0.1875, "p": 71, "v": 79}], "pos": -0.5, "size": 1.1, "_time": 93.81641}, {"$id": 494, "sounds": [{"d": 0.1875, "p": 76, "v": 70}], "pos": 1.33165824, "size": 1.2, "_time": 93.81641}, {"$id": 495, "sounds": [{"d": 0.1875, "p": 69, "v": 60}], "pos": -0.214195728, "size": 1.0, "_time": 94.00391}, {"$id": 496, "sounds": [{"d": 0.1875, "p": 74, "v": 70}], "pos": 1.33165824, "size": 1.2, "_time": 94.00391}, {"$id": 497, "sounds": [{"d": 0.1875, "p": 71, "v": 80}], "pos": -0.5, "size": 1.1, "_time": 94.19141}, {"$id": 498, "sounds": [{"d": 0.1875, "p": 76, "v": 87}], "pos": 1.33165824, "size": 1.2, "_time": 94.19141}, {"$id": 499, "sounds": [{"d": 0.1875, "p": 74, "v": 72}], "pos": 1.33165824, "size": 1.2, "_time": 94.37891}, {"$id": 500, "sounds": [{"d": 0.1875, "p": 69, "v": 80}], "pos": -1.0, "size": 1.2, "_time": 94.37891}, {"$id": 501, "sounds": [{"d": 0.375, "p": 76, "v": 73}], "pos": 1.33165824, "size": 1.2, "_time": 94.56641}, {"$id": 502, "sounds": [{"d": 0.375, "p": 71, "v": 65}], "pos": -1.5, "size": 1.2, "_time": 94.56641}, {"$id": 503, "sounds": [{"d": 0.1875, "p": 76, "v": 65}], "pos": -1.40703487, "size": 1.2, "_time": 95.69141}, {"$id": 504, "sounds": [{"d": 2.25, "p": 48, "v": 77}], "pos": 1.72613084, "size": 1.30000007, "_time": 95.69141}, {"$id": 505, "sounds": [{"d": 0.1875, "p": 74, "v": 62}], "pos": -1.40703487, "size": 1.2, "_time": 95.87891}, {"$id": 506, "sounds": [{"d": 0.1875, "p": 69, "v": 57}], "pos": 1.22613084, "size": 1.2, "_time": 95.87891}, {"$id": 507, "sounds": [{"d": 0.1875, "p": 76, "v": 67}], "pos": -1.40703487, "size": 1.2, "_time": 96.06641}, {"$id": 508, "sounds": [{"d": 0.1875, "p": 71, "v": 75}], "pos": 0.6758797, "size": 1.1, "_time": 96.06641}, {"$id": 509, "sounds": [{"d": 0.1875, "p": 79, "v": 70}], "pos": -1.40703487, "size": 1.2, "_time": 96.25391}, {"$id": 510, "sounds": [{"d": 0.1875, "p": 74, "v": 60}], "size": 1.0, "_time": 96.25391, "pos": 0}, {"$id": 511, "sounds": [{"d": 0.1875, "p": 76, "v": 81}], "pos": -1.40703487, "size": 1.2, "_time": 96.44141}, {"$id": 512, "sounds": [{"d": 0.1875, "p": 71, "v": 75}], "pos": 0.5, "size": 1.1, "_time": 96.44141}, {"$id": 513, "sounds": [{"d": 0.1875, "p": 69, "v": 76}], "pos": 1.0, "size": 1.2, "_time": 96.62891}, {"$id": 514, "sounds": [{"d": 0.1875, "p": 74, "v": 68}], "pos": -1.40703487, "size": 1.2, "_time": 96.62891}, {"$id": 515, "sounds": [{"d": 0.40625, "p": 76, "v": 84}], "pos": -1.40703487, "size": 1.2, "_time": 96.81641}, {"$id": 516, "sounds": [{"d": 0.40625, "p": 71, "v": 75}], "pos": 1.5, "size": 1.2, "_time": 96.81641}, {"$id": 517, "sounds": [{"d": 0.40625, "p": 74, "v": 69}], "pos": -1.5, "size": 1.1, "_time": 97.19141}, {"$id": 518, "sounds": [{"d": 0.375, "p": 76, "v": 67}], "pos": -1.5, "size": 1.1, "_time": 97.56641}, {"$id": 519, "sounds": [{"d": 0.3896103, "p": 76, "v": 60}], "pos": -1.5, "size": 1.2, "_time": 97.94141}, {"$id": 520, "sounds": [{"d": 0.3896103, "p": 81, "v": 69}], "pos": 1.5, "size": 1.2, "_time": 97.94141}, {"$id": 521, "sounds": [{"d": 0.50227356, "p": 81, "v": 72}], "pos": -0.5276382, "size": 1.0, "_time": 99.19141}, {"$id": 522, "sounds": [{"d": 0.5042038, "p": 84, "v": 81}], "pos": -0.0276381969, "size": 1.0, "_time": 99.21094}, {"$id": 523, "sounds": [{"d": 0.497398376, "p": 84, "v": 65}], "pos": 1.0, "size": 0.6, "_time": 100.863281}, {"$id": 524, "sounds": [{"d": 0.5, "p": 96, "v": 72}], "pos": 1.449749, "size": 0.6, "_time": 100.902344}], "links": [{"notes": [{"$ref": 285}, {"$ref": 286}, {"$ref": 287}]}, {"notes": [{"$ref": 242}, {"$ref": 243}, {"$ref": 244}]}, {"notes": [{"$ref": 523}, {"$ref": 524}]}, {"notes": [{"$ref": 521}, {"$ref": 522}]}, {"notes": [{"$ref": 251}, {"$ref": 252}, {"$ref": 253}]}, {"notes": [{"$ref": 255}, {"$ref": 256}, {"$ref": 257}, {"$ref": 258}, {"$ref": 259}, {"$ref": 260}, {"$ref": 261}]}, {"notes": [{"$ref": 32}, {"$ref": 33}]}, {"notes": [{"$ref": 34}, {"$ref": 35}]}, {"notes": [{"$ref": 130}, {"$ref": 133}, {"$ref": 134}, {"$ref": 136}, {"$ref": 138}, {"$ref": 140}]}, {"notes": [{"$ref": 143}, {"$ref": 144}, {"$ref": 145}]}, {"notes": [{"$ref": 147}, {"$ref": 149}, {"$ref": 151}, {"$ref": 154}, {"$ref": 155}, {"$ref": 157}]}, {"notes": [{"$ref": 159}, {"$ref": 160}, {"$ref": 161}, {"$ref": 162}, {"$ref": 163}]}, {"notes": [{"$ref": 165}, {"$ref": 167}, {"$ref": 169}, {"$ref": 172}, {"$ref": 174}, {"$ref": 175}]}, {"notes": [{"$ref": 220}, {"$ref": 221}]}, {"notes": [{"$ref": 222}, {"$ref": 223}]}]}