{"speed": 6.0, "notes": [{"$id": 1, "type": 0, "pos": 0.5, "size": 1.0, "_time": 2.03515625, "shift": 0.0, "time": 2.03515625}, {"$id": 2, "type": 0, "pos": 1.0, "size": 1.1, "_time": 2.1015625, "shift": 0.0, "time": 2.1015625}, {"$id": 3, "type": 0, "sounds": [{"w": 0.0, "d": 2.539775, "p": 67, "v": 57}], "pos": 1.51388884, "size": 1.2, "_time": 2.17578125, "shift": 0.0, "time": 2.17578125}, {"$id": 4, "type": 0, "sounds": [{"w": 0.0, "d": 3.45454836, "p": 57, "v": 63}], "pos": -1.5, "size": 1.2, "_time": 2.17578125, "shift": 0.0, "time": 2.17578125}, {"$id": 5, "type": 0, "pos": 1.5, "size": 1.1, "_time": 2.98828125, "shift": 0.0, "time": 2.98828125}, {"$id": 6, "type": 0, "pos": 1.5, "size": 1.1, "_time": 3.265625, "shift": 0.0, "time": 3.265625}, {"$id": 7, "type": 0, "pos": 0.5, "size": 1.2, "_time": 4.0625, "shift": 0.0, "time": 4.0625}, {"$id": 8, "type": 0, "pos": 0.5, "size": 1.2, "_time": 4.3515625, "shift": 0.0, "time": 4.3515625}, {"$id": 9, "type": 0, "pos": -0.5, "size": 1.0, "_time": 5.12109375, "shift": 0.0, "time": 5.12109375}, {"$id": 10, "type": 0, "pos": -1.638888, "size": 1.0, "_time": 5.421875, "shift": 0.0, "time": 5.421875}, {"$id": 11, "type": 0, "pos": -1.0, "size": 1.1, "_time": 5.9609375, "shift": 0.0, "time": 5.9609375}, {"$id": 12, "type": 0, "pos": 1.0, "size": 1.1, "_time": 6.23828125, "shift": 0.0, "time": 6.23828125}, {"$id": 13, "type": 0, "sounds": [{"w": 0.0, "d": 4.22159433, "p": 55, "v": 34}], "pos": -1.5, "size": 1.1, "_time": 6.55078125, "shift": 0.0, "time": 6.55078125}, {"$id": 14, "type": 0, "sounds": [{"w": 0.0, "d": 1.085228, "p": 64, "v": 30}], "pos": 1.13888884, "size": 1.1, "_time": 6.5625, "shift": 0.0, "time": 6.5625}, {"$id": 15, "type": 0, "pos": 0.5, "size": 1.1, "_time": 7.37109375, "shift": 0.0, "time": 7.37109375}, {"$id": 16, "type": 0, "pos": 1.0, "size": 1.1, "_time": 7.921875, "shift": 0.0, "time": 7.921875}, {"$id": 17, "type": 0, "pos": -1.0, "size": 1.1, "_time": 8.175781, "shift": 0.0, "time": 8.175781}, {"$id": 18, "type": 0, "pos": 1.0, "size": 1.1, "_time": 8.4765625, "shift": 0.0, "time": 8.4765625}, {"$id": 19, "type": 0, "pos": -1.5, "size": 1.1, "_time": 10.3125, "shift": 0.0, "time": 10.3125}, {"$id": 20, "type": 0, "pos": 0.0, "size": 1.1, "_time": 10.5742188, "shift": 0.0, "time": 10.5742188}, {"$id": 21, "type": 0, "sounds": [{"w": 0.0, "d": 3.82954979, "p": 53, "v": 39}], "pos": -1.5, "size": 1.1, "_time": 10.8632813, "shift": 0.0, "time": 10.8632813}, {"$id": 22, "type": 0, "sounds": [{"w": 0.0, "d": 0.5681839, "p": 64, "v": 54}], "pos": 1.5, "size": 1.1, "_time": 10.8710938, "shift": 0.0, "time": 10.8710938}, {"$id": 23, "type": 0, "pos": 1.0, "size": 1.1, "_time": 11.421875, "shift": 0.0, "time": 11.421875}, {"$id": 24, "type": 0, "pos": 0.0, "size": 1.1, "_time": 11.984375, "shift": 0.0, "time": 11.984375}, {"$id": 25, "type": 0, "pos": -1.5, "size": 1.1, "_time": 12.5390625, "shift": 0.0, "time": 12.5390625}, {"$id": 26, "type": 0, "pos": 0.0, "size": 1.1, "_time": 12.8085938, "shift": 0.0, "time": 12.8085938}, {"$id": 27, "type": 0, "pos": 1.0, "size": 1.1, "_time": 13.3867188, "shift": 0.0, "time": 13.3867188}, {"$id": 28, "type": 0, "pos": 0.0, "size": 1.1, "_time": 13.9335938, "shift": 0.0, "time": 13.9335938}, {"$id": 29, "type": 0, "pos": 1.0, "size": 1.1, "_time": 14.0390625, "shift": 0.0, "time": 14.0390625}, {"$id": 30, "type": 0, "pos": 1.5, "size": 1.1, "_time": 14.171875, "shift": 0.0, "time": 14.171875}, {"$id": 31, "type": 0, "pos": 1.0, "size": 1.1, "_time": 14.5625, "shift": 0.0, "time": 14.5625}, {"$id": 32, "type": 0, "pos": 0.0, "size": 1.1, "_time": 14.8867188, "shift": 0.0, "time": 14.8867188}, {"$id": 33, "type": 0, "pos": -1.5, "size": 1.2, "_time": 15.2382813, "shift": 0.0, "time": 15.2382813}, {"$id": 34, "type": 0, "sounds": [{"w": 0.0, "d": 2.420457, "p": 55, "v": 46}, {"w": 0.0, "d": 1.7215929, "p": 62, "v": 52}], "pos": 1.0, "size": 1.2, "_time": 15.2382813, "shift": 0.0, "time": 15.2382813}, {"$id": 35, "type": 0, "sounds": [{"w": 0.0, "d": 1.545454, "p": 62, "v": 39}], "pos": 0.5, "size": 1.2, "_time": 17.4609375, "shift": 0.0, "time": 17.4609375}, {"$id": 36, "type": 0, "sounds": [{"w": 0.0, "d": 1.28409, "p": 59, "v": 47}], "pos": -1.72222233, "size": 1.2, "_time": 17.4765625, "shift": 0.0, "time": 17.4765625}, {"$id": 37, "type": 0, "sounds": [{"w": 0.0, "d": 0.340908051, "p": 55, "v": 39}], "pos": -1.0, "size": 1.0, "_time": 18.5390625, "shift": 0.0, "time": 18.5390625}, {"$id": 38, "type": 0, "sounds": [{"w": 0.0, "d": 0.215909958, "p": 72, "v": 40}], "pos": -1.0, "size": 1.0, "_time": 19.0507813, "shift": 0.0, "time": 19.0507813}, {"$id": 39, "type": 0, "sounds": [{"w": 0.0, "d": 0.215909958, "p": 74, "v": 56}], "pos": 0.5, "size": 1.0, "_time": 19.3359375, "shift": 0.0, "time": 19.3359375}, {"$id": 40, "type": 0, "sounds": [{"w": 0.0, "d": 0.301137924, "p": 57, "v": 42}], "pos": -1.31944513, "size": 1.1, "_time": 19.5898438, "shift": 0.0, "time": 19.5898438}, {"$id": 41, "type": 0, "sounds": [{"w": 0.0, "d": 0.3125019, "p": 76, "v": 64}], "pos": 1.58333313, "size": 1.1, "_time": 19.6015625, "shift": 0.0, "time": 19.6015625}, {"$id": 42, "type": 0, "sounds": [{"w": 0.0, "d": 0.329547882, "p": 72, "v": 45}], "pos": 1.08333313, "size": 1.1, "_time": 19.609375, "shift": 0.0, "time": 19.609375}, {"$id": 43, "type": 0, "sounds": [{"w": 0.0, "d": 0.227275848, "p": 60, "v": 34}], "pos": 0.5, "size": 1.0, "_time": 19.8710938, "shift": 0.0, "time": 19.8710938}, {"$id": 44, "type": 0, "sounds": [{"w": 0.0, "d": 0.221591949, "p": 64, "v": 48}], "pos": -0.444445133, "size": 1.0, "_time": 20.1523438, "shift": 0.0, "time": 20.1523438}, {"$id": 45, "type": 0, "sounds": [{"w": 0.0, "d": 0.102273941, "p": 79, "v": 69}], "pos": 1.43055487, "size": 1.0, "_time": 20.3984375, "shift": 0.0, "time": 20.3984375}, {"$id": 46, "type": 0, "sounds": [{"w": 0.0, "d": 0.07386398, "p": 72, "v": 39}], "pos": 0.8333327, "size": 1.0, "_time": 20.4257813, "shift": 0.0, "time": 20.4257813}, {"$id": 47, "type": 0, "sounds": [{"w": 0.0, "d": 0.238636017, "p": 60, "v": 36}], "pos": -1.5, "size": 1.1, "_time": 20.4335938, "shift": 0.0, "time": 20.4335938}, {"$id": 48, "type": 0, "sounds": [{"w": 0.0, "d": 0.6988659, "p": 79, "v": 82}], "pos": 1.43055487, "size": 1.1, "_time": 20.6757813, "shift": 0.0, "time": 20.6757813}, {"$id": 49, "type": 0, "sounds": [{"w": 0.0, "d": 0.295455933, "p": 72, "v": 61}], "pos": -0.5, "size": 1.0, "_time": 20.6757813, "shift": 0.0, "time": 20.6757813}, {"$id": 50, "type": 0, "sounds": [{"w": 0.0, "d": 0.193181992, "p": 67, "v": 43}], "pos": -1.0, "size": 1.0, "_time": 20.6914063, "shift": 0.0, "time": 20.6914063}, {"$id": 51, "type": 0, "sounds": [{"w": 0.0, "d": 0.102272034, "p": 81, "v": 56}], "pos": -1.5, "size": 1.0, "_time": 21.5234375, "shift": 0.0, "time": 21.5234375}, {"$id": 52, "type": 0, "sounds": [{"w": 0.0, "d": 0.136363983, "p": 84, "v": 73}], "pos": 1.5, "size": 1.1, "_time": 21.7890625, "shift": 0.0, "time": 21.7890625}, {"$id": 53, "type": 0, "sounds": [{"w": 0.0, "d": 0.09659195, "p": 72, "v": 30}], "pos": -0.472223282, "size": 1.1, "_time": 21.796875, "shift": 0.0, "time": 21.796875}, {"$id": 54, "type": 0, "sounds": [{"w": 0.0, "d": 0.227272034, "p": 81, "v": 62}], "pos": 0.513888359, "size": 1.0, "_time": 22.6367188, "shift": 0.0, "time": 22.6367188}, {"$id": 55, "type": 0, "sounds": [{"w": 0.0, "d": 0.471591949, "p": 64, "v": 11}], "pos": -1.61111164, "size": 1.2, "_time": 22.8984375, "shift": 0.0, "time": 22.8984375}, {"$id": 56, "type": 0, "sounds": [{"w": 0.0, "d": 0.369318, "p": 79, "v": 72}], "pos": 0.263888359, "size": 1.2, "_time": 22.9140625, "shift": 0.0, "time": 22.9140625}, {"$id": 57, "type": 0, "sounds": [{"w": 0.0, "d": 0.170454025, "p": 72, "v": 50}], "pos": 0.19444418, "size": 1.0, "_time": 23.4648438, "shift": 0.0, "time": 23.4648438}, {"$id": 58, "type": 0, "sounds": [{"w": 0.0, "d": 0.232954025, "p": 76, "v": 62}], "pos": 0.6944442, "size": 1.0, "_time": 23.7226563, "shift": 0.0, "time": 23.7226563}, {"$id": 59, "type": 0, "sounds": [{"w": 0.0, "d": 0.369319916, "p": 74, "v": 48}], "pos": 0.44444418, "size": 1.1, "_time": 23.9960938, "shift": 0.0, "time": 23.9960938}, {"$id": 60, "type": 0, "sounds": [{"w": 0.0, "d": 0.721591949, "p": 55, "v": 28}], "pos": -1.59722221, "size": 1.1, "_time": 24.0, "shift": 0.0, "time": 24.0}, {"$id": 61, "type": 0, "sounds": [{"w": 0.0, "d": 0.215909958, "p": 59, "v": 6}], "pos": -0.7638898, "size": 1.1, "_time": 24.296875, "shift": 0.0, "time": 24.296875}, {"$id": 62, "type": 0, "sounds": [{"w": 0.0, "d": 0.534090042, "p": 64, "v": 28}], "pos": 0.361111164, "size": 1.1, "_time": 24.546875, "shift": 0.0, "time": 24.546875}, {"$id": 63, "type": 0, "sounds": [{"w": 0.0, "d": 0.244318008, "p": 71, "v": 57}], "pos": 1.3194443, "size": 1.1, "_time": 24.8242188, "shift": 0.0, "time": 24.8242188}, {"$id": 64, "type": 0, "sounds": [{"w": 0.0, "d": 0.113636017, "p": 67, "v": 47}], "pos": 1.5, "size": 1.1, "_time": 25.3515625, "shift": 0.0, "time": 25.3515625}, {"$id": 65, "type": 0, "sounds": [{"w": 0.0, "d": 0.181818008, "p": 62, "v": 41}], "pos": -1.5, "size": 1.1, "_time": 25.6484375, "shift": 0.0, "time": 25.6484375}, {"$id": 66, "type": 0, "sounds": [{"w": 0.0, "d": 1.18181992, "p": 64, "v": 33}], "pos": 0.305556178, "size": 1.1, "_time": 25.921875, "shift": 0.0, "time": 25.921875}, {"$id": 67, "type": 0, "sounds": [{"w": 0.0, "d": 0.1875, "p": 71, "v": 67}], "pos": 0.8472214, "size": 1.1, "_time": 27.7890625, "shift": 0.0, "time": 27.7890625}, {"$id": 68, "type": 0, "sounds": [{"w": 0.0, "d": 0.357955933, "p": 67, "v": 56}], "pos": 0.347221375, "size": 1.1, "_time": 28.0585938, "shift": 0.0, "time": 28.0585938}, {"$id": 69, "type": 0, "sounds": [{"w": 0.0, "d": 3.88069153, "p": 60, "v": 26}], "pos": -0.5277786, "size": 1.1, "_time": 28.140625, "shift": 0.0, "time": 28.140625}, {"$id": 70, "type": 0, "sounds": [{"w": 0.0, "d": 0.25, "p": 57, "v": 29}], "pos": -0.9027786, "size": 1.1, "_time": 28.2773438, "shift": 0.0, "time": 28.2773438}, {"$id": 71, "type": 0, "sounds": [{"w": 0.0, "d": 3.61364365, "p": 53, "v": 30}], "pos": -1.40277863, "size": 1.1, "_time": 28.3125, "shift": 0.0, "time": 28.3125}, {"$id": 72, "type": 0, "sounds": [{"w": 0.0, "d": 0.443182, "p": 69, "v": 66}], "pos": 1.5, "size": 1.1, "_time": 28.3476563, "shift": 0.0, "time": 28.3476563}, {"$id": 73, "type": 0, "sounds": [{"w": 0.0, "d": 0.4488659, "p": 76, "v": 72}], "pos": 1.722221, "size": 1.1, "_time": 28.8515625, "shift": 0.0, "time": 28.8515625}, {"$id": 74, "type": 0, "sounds": [{"w": 0.0, "d": 0.409091949, "p": 64, "v": 23}], "pos": -1.0, "size": 1.1, "_time": 28.8632813, "shift": 0.0, "time": 28.8632813}, {"$id": 75, "type": 0, "sounds": [{"w": 0.0, "d": 0.409091949, "p": 69, "v": 67}], "pos": 0.8749994, "size": 1.1, "_time": 29.421875, "shift": 0.0, "time": 29.421875}, {"$id": 76, "type": 0, "sounds": [{"w": 0.0, "d": 0.261363983, "p": 67, "v": 41}], "pos": -1.38888931, "size": 1.1, "_time": 29.984375, "shift": 0.0, "time": 29.984375}, {"$id": 77, "type": 0, "sounds": [{"w": 0.0, "d": 0.346591949, "p": 69, "v": 65}], "pos": 0.291665375, "size": 1.1, "_time": 30.2617188, "shift": 0.0, "time": 30.2617188}, {"$id": 78, "type": 0, "sounds": [{"w": 0.0, "d": 0.181818008, "p": 76, "v": 63}], "pos": 1.00000024, "size": 1.1, "_time": 30.8085938, "shift": 0.0, "time": 30.8085938}, {"$id": 79, "type": 0, "sounds": [{"w": 0.0, "d": 0.130681992, "p": 72, "v": 43}], "pos": -1.47222173, "size": 1.1, "_time": 31.3164063, "shift": 0.0, "time": 31.3164063}, {"$id": 80, "type": 0, "sounds": [{"w": 0.0, "d": 0.204545975, "p": 74, "v": 53}], "pos": -0.472221464, "size": 1.1, "_time": 31.4609375, "shift": 0.0, "time": 31.4609375}, {"$id": 81, "type": 0, "sounds": [{"w": 0.0, "d": 0.392045975, "p": 76, "v": 87}], "pos": 0.111111045, "size": 1.1, "_time": 31.6210938, "shift": 0.0, "time": 31.6210938}, {"$id": 82, "type": 0, "sounds": [{"w": 0.0, "d": 0.386363983, "p": 74, "v": 72}], "pos": -0.500000954, "size": 1.1, "_time": 32.01172, "shift": 0.0, "time": 32.01172}, {"$id": 83, "type": 0, "sounds": [{"w": 0.0, "d": 0.272727966, "p": 72, "v": 67}], "pos": 1.38888919, "size": 1.1, "_time": 32.42578, "shift": 0.0, "time": 32.42578}, {"$id": 84, "type": 0, "sounds": [{"w": 0.0, "d": 3.38635254, "p": 71, "v": 61}], "pos": 0.8472226, "size": 1.1, "_time": 32.73828, "shift": 0.0, "time": 32.73828}, {"$id": 85, "type": 0, "sounds": [{"w": 0.0, "d": 1.69318008, "p": 62, "v": 25}], "pos": -1.08333337, "size": 1.1, "_time": 32.7460938, "shift": 0.0, "time": 32.7460938}, {"$id": 86, "type": 0, "sounds": [{"w": 0.0, "d": 1.71022415, "p": 60, "v": 38}], "pos": -1.49999952, "size": 1.1, "_time": 32.7539063, "shift": 0.0, "time": 32.7539063}, {"$id": 87, "type": 0, "sounds": [{"w": 0.0, "d": 0.3124962, "p": 55, "v": 34}], "pos": -1.736111, "size": 1.2, "_time": 34.88672, "shift": 0.0, "time": 34.88672}, {"$id": 88, "type": 0, "sounds": [{"w": 0.0, "d": 0.3749962, "p": 62, "v": 30}], "pos": 0.388889, "size": 1.2, "_time": 34.88672, "shift": 0.0, "time": 34.88672}, {"$id": 89, "type": 0, "sounds": [{"w": 0.0, "d": 0.335224152, "p": 59, "v": 30}], "pos": 1.13888907, "size": 1.2, "_time": 34.9023438, "shift": 0.0, "time": 34.9023438}, {"$id": 90, "type": 0, "sounds": [{"w": 0.0, "d": 0.3068161, "p": 62, "v": 23}], "pos": 0.24999997, "size": 1.2, "_time": 36.0351563, "shift": 0.0, "time": 36.0351563}, {"$id": 91, "type": 0, "sounds": [{"w": 0.0, "d": 0.323860168, "p": 52, "v": 43}], "pos": -1.75000024, "size": 1.2, "_time": 36.046875, "shift": 0.0, "time": 36.046875}, {"$id": 92, "type": 0, "sounds": [{"w": 0.0, "d": 0.221591949, "p": 64, "v": 52}], "pos": -0.5, "size": 1.1, "_time": 36.5859375, "shift": 0.0, "time": 36.5859375}, {"$id": 93, "type": 0, "sounds": [{"w": 0.0, "d": 0.193180084, "p": 67, "v": 71}], "pos": 0.5, "size": 1.1, "_time": 36.8398438, "shift": 0.0, "time": 36.8398438}, {"$id": 94, "type": 0, "sounds": [{"w": 0.0, "d": 0.2954483, "p": 65, "v": 52}], "pos": 0.79166615, "size": 1.1, "_time": 37.109375, "shift": 0.0, "time": 37.109375}, {"$id": 95, "type": 0, "sounds": [{"w": 0.0, "d": 0.329540253, "p": 69, "v": 70}], "pos": 1.29166615, "size": 1.1, "_time": 37.1210938, "shift": 0.0, "time": 37.1210938}, {"$id": 96, "type": 0, "sounds": [{"w": 0.0, "d": 0.272724152, "p": 50, "v": 48}], "pos": -1.50000048, "size": 1.1, "_time": 37.125, "shift": 0.0, "time": 37.125}, {"$id": 97, "type": 0, "sounds": [{"w": 0.0, "d": 0.267040253, "p": 57, "v": 52}], "pos": -0.6250005, "size": 1.1, "_time": 37.375, "shift": 0.0, "time": 37.375}, {"$id": 98, "type": 0, "sounds": [{"w": 0.0, "d": 0.181819916, "p": 60, "v": 39}], "pos": 0.5, "size": 1.1, "_time": 37.67578, "shift": 0.0, "time": 37.67578}, {"$id": 99, "type": 0, "sounds": [{"w": 0.0, "d": 2.03409576, "p": 65, "v": 44}], "pos": -1.38888824, "size": 1.1, "_time": 37.8710938, "shift": 0.0, "time": 37.8710938}, {"$id": 100, "type": 0, "sounds": [{"w": 0.0, "d": 0.107952118, "p": 69, "v": 59}], "pos": 0.8749995, "size": 1.1, "_time": 37.8789063, "shift": 0.0, "time": 37.8789063}, {"$id": 101, "type": 0, "sounds": [{"w": 0.0, "d": 2.35795975, "p": 74, "v": 82}], "pos": 1.49999952, "size": 1.1, "_time": 37.921875, "shift": 0.0, "time": 37.921875}, {"$id": 102, "type": 0, "sounds": [{"w": 0.0, "d": 0.244319916, "p": 57, "v": 39}], "pos": -0.0138893127, "size": 1.1, "_time": 38.44922, "shift": 0.0, "time": 38.44922}, {"$id": 103, "type": 0, "sounds": [{"w": 0.0, "d": 0.2556839, "p": 60, "v": 40}], "pos": 1.5, "size": 1.1, "_time": 38.7226563, "shift": 0.0, "time": 38.7226563}, {"$id": 104, "type": 0, "sounds": [{"w": 0.0, "d": 0.272727966, "p": 57, "v": 45}], "pos": -0.0138893127, "size": 1.1, "_time": 38.9765625, "shift": 0.0, "time": 38.9765625}, {"$id": 105, "type": 0, "sounds": [{"w": 0.0, "d": 0.232955933, "p": 50, "v": 47}], "pos": -1.5, "size": 1.1, "_time": 39.265625, "shift": 0.0, "time": 39.265625}, {"$id": 106, "type": 0, "sounds": [{"w": 0.0, "d": 0.2556839, "p": 57, "v": 49}], "pos": -0.5, "size": 1.1, "_time": 39.5351563, "shift": 0.0, "time": 39.5351563}, {"$id": 107, "type": 0, "sounds": [{"w": 0.0, "d": 0.232955933, "p": 60, "v": 53}], "pos": 1.5, "size": 1.1, "_time": 39.8085938, "shift": 0.0, "time": 39.8085938}, {"$id": 108, "type": 0, "sounds": [{"w": 0.0, "d": 0.306819916, "p": 57, "v": 50}], "pos": -0.0138893127, "size": 1.1, "_time": 40.0585938, "shift": 0.0, "time": 40.0585938}, {"$id": 109, "type": 0, "sounds": [{"w": 0.0, "d": 0.238636017, "p": 57, "v": 39}], "pos": -0.541667, "size": 1.1, "_time": 40.6484375, "shift": 0.0, "time": 40.6484375}, {"$id": 110, "type": 0, "sounds": [{"w": 0.0, "d": 0.153408051, "p": 72, "v": 62}], "pos": 1.333333, "size": 1.0, "_time": 40.9023438, "shift": 0.0, "time": 40.9023438}, {"$id": 111, "type": 0, "sounds": [{"w": 0.0, "d": 0.119319916, "p": 60, "v": 47}], "pos": -0.166666985, "size": 1.1, "_time": 40.9101563, "shift": 0.0, "time": 40.9101563}, {"$id": 112, "type": 0, "sounds": [{"w": 0.0, "d": 0.261363983, "p": 67, "v": 48}], "pos": 0.708333, "size": 1.1, "_time": 41.1835938, "shift": 0.0, "time": 41.1835938}, {"$id": 113, "type": 0, "sounds": [{"w": 0.0, "d": 0.295452118, "p": 45, "v": 60}], "pos": -1.30555546, "size": 1.1, "_time": 41.4609375, "shift": 0.0, "time": 41.4609375}, {"$id": 114, "type": 0, "sounds": [{"w": 0.0, "d": 0.335227966, "p": 69, "v": 63}], "pos": 0.958333, "size": 1.1, "_time": 41.4648438, "shift": 0.0, "time": 41.4648438}, {"$id": 115, "type": 0, "sounds": [{"w": 0.0, "d": 0.204544067, "p": 52, "v": 46}], "pos": -0.194444716, "size": 1.1, "_time": 41.7265625, "shift": 0.0, "time": 41.7265625}, {"$id": 116, "type": 0, "sounds": [{"w": 0.0, "d": 0.193180084, "p": 55, "v": 41}], "pos": -1.597223, "size": 1.1, "_time": 41.9726563, "shift": 0.0, "time": 41.9726563}, {"$id": 117, "type": 0, "sounds": [{"w": 0.0, "d": 2.2386322, "p": 60, "v": 36}], "pos": -0.972223043, "size": 1.1, "_time": 42.0625, "shift": 0.0, "time": 42.0625}, {"$id": 118, "type": 0, "sounds": [{"w": 0.0, "d": 0.204544067, "p": 64, "v": 36}], "pos": -0.472223043, "size": 1.1, "_time": 42.11328, "shift": 0.0, "time": 42.11328}, {"$id": 119, "type": 0, "sounds": [{"w": 0.0, "d": 0.164772034, "p": 67, "v": 52}], "pos": -0.09722304, "size": 1.1, "_time": 42.1835938, "shift": 0.0, "time": 42.1835938}, {"$id": 120, "type": 0, "sounds": [{"w": 0.0, "d": 2.392044, "p": 76, "v": 86}], "pos": 1.833333, "size": 1.0, "_time": 42.26172, "shift": 0.0, "time": 42.26172}, {"$id": 121, "type": 0, "sounds": [{"w": 0.0, "d": 0.284091949, "p": 52, "v": 34}], "pos": -0.3333335, "size": 1.1, "_time": 42.80078, "shift": 0.0, "time": 42.80078}, {"$id": 122, "type": 0, "sounds": [{"w": 0.0, "d": 0.261363983, "p": 55, "v": 35}], "pos": 1.0, "size": 1.1, "_time": 43.1015625, "shift": 0.0, "time": 43.1015625}, {"$id": 123, "type": 0, "sounds": [{"w": 0.0, "d": 0.2556839, "p": 52, "v": 37}], "pos": -0.3333335, "size": 1.1, "_time": 43.3710938, "shift": 0.0, "time": 43.3710938}, {"$id": 124, "type": 0, "sounds": [{"w": 0.0, "d": 0.25, "p": 45, "v": 47}], "pos": -1.79166651, "size": 1.1, "_time": 43.61328, "shift": 0.0, "time": 43.61328}, {"$id": 125, "type": 0, "sounds": [{"w": 0.0, "d": 0.244319916, "p": 52, "v": 38}], "pos": -0.80555594, "size": 1.1, "_time": 43.890625, "shift": 0.0, "time": 43.890625}, {"$id": 126, "type": 0, "sounds": [{"w": 0.0, "d": 0.329544067, "p": 55, "v": 40}], "pos": 0.513888955, "size": 1.1, "_time": 44.1601563, "shift": 0.0, "time": 44.1601563}, {"$id": 127, "type": 0, "sounds": [{"w": 0.0, "d": 0.221588135, "p": 52, "v": 53}], "pos": -0.41666767, "size": 1.1, "_time": 44.4375, "shift": 0.0, "time": 44.4375}, {"$id": 128, "type": 0, "sounds": [{"w": 0.0, "d": 0.227272034, "p": 52, "v": 43}], "pos": -1.27777767, "size": 1.1, "_time": 45.01172, "shift": 0.0, "time": 45.01172}, {"$id": 129, "type": 0, "sounds": [{"w": 0.0, "d": 0.278411865, "p": 60, "v": 52}], "pos": -0.277777672, "size": 1.1, "_time": 45.25, "shift": 0.0, "time": 45.25}, {"$id": 130, "type": 0, "sounds": [{"w": 0.0, "d": 0.2556839, "p": 79, "v": 77}], "pos": 1.62499988, "size": 1.0, "_time": 45.2734375, "shift": 0.0, "time": 45.2734375}, {"$id": 131, "type": 0, "sounds": [{"w": 0.0, "d": 0.335224152, "p": 76, "v": 80}], "pos": 1.24999988, "size": 1.0, "_time": 45.5351563, "shift": 0.0, "time": 45.5351563}, {"$id": 132, "type": 0, "sounds": [{"w": 0.0, "d": 0.255680084, "p": 55, "v": 52}], "pos": -0.9027777, "size": 1.1, "_time": 45.55078, "shift": 0.0, "time": 45.55078}, {"$id": 133, "type": 0, "sounds": [{"w": 0.0, "d": 0.238636017, "p": 41, "v": 67}], "pos": -1.44444442, "size": 1.1, "_time": 45.796875, "shift": 0.0, "time": 45.796875}, {"$id": 134, "type": 0, "sounds": [{"w": 0.0, "d": 0.636364, "p": 74, "v": 75}], "pos": 0.9999999, "size": 1.0, "_time": 45.8085938, "shift": 0.0, "time": 45.8085938}, {"$id": 135, "type": 0, "sounds": [{"w": 0.0, "d": 0.221591949, "p": 48, "v": 55}], "pos": -1.77777767, "size": 1.1, "_time": 46.0625, "shift": 0.0, "time": 46.0625}, {"$id": 136, "type": 0, "sounds": [{"w": 0.0, "d": 0.1931839, "p": 57, "v": 50}], "pos": 0.0, "size": 1.1, "_time": 46.359375, "shift": 0.0, "time": 46.359375}, {"$id": 137, "type": 0, "sounds": [{"w": 0.0, "d": 1.971592, "p": 79, "v": 94}], "pos": 1.0, "size": 1.0, "_time": 46.6015625, "shift": 0.0, "time": 46.6015625}, {"$id": 138, "type": 0, "sounds": [{"w": 0.0, "d": 2.017048, "p": 72, "v": 72}], "pos": 1.5, "size": 1.0, "_time": 46.609375, "shift": 0.0, "time": 46.609375}, {"$id": 139, "type": 0, "sounds": [{"w": 0.0, "d": 0.221591949, "p": 48, "v": 38}], "pos": -1.77777767, "size": 1.1, "_time": 46.6210938, "shift": 0.0, "time": 46.6210938}, {"$id": 140, "type": 0, "sounds": [{"w": 0.0, "d": 0.198863983, "p": 48, "v": 44}], "pos": 0.0, "size": 1.1, "_time": 47.1640625, "shift": 0.0, "time": 47.1640625}, {"$id": 141, "type": 0, "sounds": [{"w": 0.0, "d": 0.198863983, "p": 57, "v": 46}], "pos": 1.5, "size": 1.1, "_time": 47.453125, "shift": 0.0, "time": 47.453125}, {"$id": 142, "type": 0, "sounds": [{"w": 0.0, "d": 0.221591949, "p": 48, "v": 46}], "pos": 0.5, "size": 1.1, "_time": 47.7226563, "shift": 0.0, "time": 47.7226563}, {"$id": 143, "type": 0, "sounds": [{"w": 0.0, "d": 0.238636017, "p": 41, "v": 38}], "pos": -1.5, "size": 1.0, "_time": 47.9765625, "shift": 0.0, "time": 47.9765625}, {"$id": 144, "type": 0, "sounds": [{"w": 0.0, "d": 0.261363983, "p": 48, "v": 43}], "pos": -0.5, "size": 1.1, "_time": 48.25, "shift": 0.0, "time": 48.25}, {"$id": 145, "type": 0, "sounds": [{"w": 0.0, "d": 0.210227966, "p": 53, "v": 47}], "pos": 1.5, "size": 1.1, "_time": 48.5390625, "shift": 0.0, "time": 48.5390625}, {"$id": 146, "type": 0, "sounds": [{"w": 0.0, "d": 0.25, "p": 48, "v": 58}], "pos": 0.5, "size": 1.1, "_time": 48.8085938, "shift": 0.0, "time": 48.8085938}, {"$id": 147, "type": 0, "sounds": [{"w": 0.0, "d": 0.136363983, "p": 69, "v": 76}], "pos": 1.541666, "size": 1.0, "_time": 49.07422, "shift": 0.0, "time": 49.07422}, {"$id": 148, "type": 0, "sounds": [{"w": 0.0, "d": 0.09659195, "p": 60, "v": 58}], "pos": -1.0, "size": 1.1, "_time": 49.078125, "shift": 0.0, "time": 49.078125}, {"$id": 149, "type": 0, "sounds": [{"w": 0.0, "d": 0.261363983, "p": 48, "v": 55}], "pos": -1.0, "size": 1.1, "_time": 49.3398438, "shift": 0.0, "time": 49.3398438}, {"$id": 150, "type": 0, "sounds": [{"w": 0.0, "d": 0.09659195, "p": 72, "v": 62}], "pos": 1.75, "size": 1.0, "_time": 49.61328, "shift": 0.0, "time": 49.61328}, {"$id": 151, "type": 0, "sounds": [{"w": 0.0, "d": 0.295452118, "p": 53, "v": 33}], "pos": -0.5, "size": 1.1, "_time": 49.63672, "shift": 0.0, "time": 49.63672}, {"$id": 152, "type": 0, "sounds": [{"w": 0.0, "d": 0.801136, "p": 72, "v": 78}], "pos": 1.75, "size": 1.0, "_time": 49.8984375, "shift": 0.0, "time": 49.8984375}, {"$id": 153, "type": 0, "sounds": [{"w": 0.0, "d": 0.852272034, "p": 64, "v": 65}], "pos": 0.9999994, "size": 1.0, "_time": 49.9101563, "shift": 0.0, "time": 49.9101563}, {"$id": 154, "type": 0, "sounds": [{"w": 0.0, "d": 0.232955933, "p": 48, "v": 58}], "pos": -1.25, "size": 1.1, "_time": 49.92578, "shift": 0.0, "time": 49.92578}, {"$id": 155, "type": 0, "sounds": [{"w": 0.0, "d": 0.261363983, "p": 43, "v": 54}], "pos": -1.652777, "size": 1.1, "_time": 50.1640625, "shift": 0.0, "time": 50.1640625}, {"$id": 156, "type": 0, "sounds": [{"w": 0.0, "d": 0.2556839, "p": 50, "v": 49}], "pos": 0.0, "size": 1.1, "_time": 50.4414063, "shift": 0.0, "time": 50.4414063}, {"$id": 157, "type": 0, "sounds": [{"w": 0.0, "d": 0.181819916, "p": 55, "v": 54}], "pos": 1.5, "size": 1.1, "_time": 50.7265625, "shift": 0.0, "time": 50.7265625}, {"$id": 158, "type": 0, "sounds": [{"w": 0.0, "d": 0.255680084, "p": 50, "v": 46}], "pos": -1.0, "size": 1.1, "_time": 51.0039063, "shift": 0.0, "time": 51.0039063}, {"$id": 159, "type": 0, "sounds": [{"w": 0.0, "d": 0.204544067, "p": 60, "v": 65}], "pos": 1.0, "size": 1.1, "_time": 51.2539063, "shift": 0.0, "time": 51.2539063}, {"$id": 160, "type": 0, "sounds": [{"w": 0.0, "d": 0.2556839, "p": 50, "v": 47}], "pos": -1.69444561, "size": 1.1, "_time": 51.5390625, "shift": 0.0, "time": 51.5390625}, {"$id": 161, "type": 0, "sounds": [{"w": 0.0, "d": 0.159091949, "p": 55, "v": 46}], "pos": -1.0, "size": 1.1, "_time": 51.82422, "shift": 0.0, "time": 51.82422}, {"$id": 162, "type": 0, "sounds": [{"w": 0.0, "d": 0.9204521, "p": 62, "v": 49}], "pos": 0.1944437, "size": 1.1, "_time": 52.0039063, "shift": 0.0, "time": 52.0039063}, {"$id": 163, "type": 0, "sounds": [{"w": 0.0, "d": 0.8749962, "p": 67, "v": 52}], "pos": 0.8194437, "size": 1.1, "_time": 52.05078, "shift": 0.0, "time": 52.05078}, {"$id": 164, "type": 0, "sounds": [{"w": 0.0, "d": 0.954536438, "p": 74, "v": 75}], "pos": 1.6944437, "size": 1.1, "_time": 52.0859375, "shift": 0.0, "time": 52.0859375}, {"$id": 165, "type": 0, "sounds": [{"w": 0.0, "d": 0.107952118, "p": 55, "v": 33}], "pos": 1.20833206, "size": 1.4000001, "_time": 52.359375, "shift": 0.0, "time": 52.359375}, {"$id": 166, "type": 0, "sounds": [{"w": 0.0, "d": 0.102272034, "p": 43, "v": 49}], "pos": -1.180556, "size": 1.4000001, "_time": 52.359375, "shift": 0.0, "time": 52.359375}, {"$id": 167, "type": 0, "sounds": [{"w": 0.0, "d": 0.107952118, "p": 55, "v": 60}], "pos": 1.20833206, "size": 1.50000012, "_time": 52.6210938, "shift": 0.0, "time": 52.6210938}, {"$id": 168, "type": 0, "sounds": [{"w": 0.0, "d": 0.09090805, "p": 43, "v": 57}], "pos": -1.180556, "size": 1.50000012, "_time": 52.6210938, "shift": 0.0, "time": 52.6210938}, {"$id": 169, "type": 0, "sounds": [{"w": 0.0, "d": 0.221588135, "p": 43, "v": 75}], "pos": -1.180556, "size": 1.60000014, "_time": 52.9023438, "shift": 0.0, "time": 52.9023438}, {"$id": 170, "type": 0, "sounds": [{"w": 0.0, "d": 0.210224152, "p": 55, "v": 80}], "pos": 1.20833206, "size": 1.60000014, "_time": 52.9140625, "shift": 0.0, "time": 52.9140625}, {"$id": 171, "type": 0, "sounds": [{"w": 0.0, "d": 0.375, "p": 76, "v": 99}], "pos": 0.4444449, "size": 1.0, "_time": 53.44922, "shift": 0.0, "time": 53.44922}, {"$id": 172, "type": 0, "sounds": [{"w": 0.0, "d": 0.198863983, "p": 74, "v": 82}], "pos": -0.0555551052, "size": 1.0, "_time": 54.0, "shift": 0.0, "time": 54.0}, {"$id": 173, "type": 0, "sounds": [{"w": 0.0, "d": 0.130680084, "p": 76, "v": 46}], "pos": 2.0, "size": 1.0, "_time": 54.38672, "shift": 0.0, "time": 54.38672}, {"$id": 174, "type": 0, "sounds": [{"w": 0.0, "d": 0.142040253, "p": 74, "v": 60}], "pos": 1.5, "size": 1.0, "_time": 54.44922, "shift": 0.0, "time": 54.44922}, {"$id": 175, "type": 0, "sounds": [{"w": 0.0, "d": 1.06249237, "p": 72, "v": 79}], "pos": 1.0, "size": 1.1, "_time": 54.5351563, "shift": 0.0, "time": 54.5351563}, {"$id": 176, "type": 0, "sounds": [{"w": 0.0, "d": 0.278404236, "p": 41, "v": 56}], "pos": -1.49999917, "size": 1.1, "_time": 54.55078, "shift": 0.0, "time": 54.55078}, {"$id": 177, "type": 0, "sounds": [{"w": 0.0, "d": 0.232952118, "p": 48, "v": 45}], "pos": -0.5, "size": 1.0, "_time": 54.82422, "shift": 0.0, "time": 54.82422}, {"$id": 178, "type": 0, "sounds": [{"w": 0.0, "d": 0.164772034, "p": 53, "v": 48}], "pos": 1.5, "size": 1.0, "_time": 55.0898438, "shift": 0.0, "time": 55.0898438}, {"$id": 179, "type": 0, "sounds": [{"w": 0.0, "d": 0.221591949, "p": 48, "v": 49}], "pos": -0.5, "size": 1.0, "_time": 55.3359375, "shift": 0.0, "time": 55.3359375}, {"$id": 180, "type": 0, "sounds": [{"w": 0.0, "d": 0.767044067, "p": 74, "v": 86}], "pos": 1.6944437, "size": 1.1, "_time": 55.625, "shift": 0.0, "time": 55.625}, {"$id": 181, "type": 0, "sounds": [{"w": 0.0, "d": 0.159091949, "p": 57, "v": 54}], "pos": -1.5, "size": 1.1, "_time": 55.6289063, "shift": 0.0, "time": 55.6289063}, {"$id": 182, "type": 0, "sounds": [{"w": 0.0, "d": 0.25, "p": 48, "v": 46}], "pos": -0.5, "size": 1.0, "_time": 55.8789063, "shift": 0.0, "time": 55.8789063}, {"$id": 183, "type": 0, "sounds": [{"w": 0.0, "d": 0.2443161, "p": 53, "v": 45}], "pos": 0.5, "size": 1.0, "_time": 56.1875, "shift": 0.0, "time": 56.1875}, {"$id": 184, "type": 0, "sounds": [{"w": 0.0, "d": 0.301139832, "p": 72, "v": 59}], "pos": 1.4444437, "size": 1.1, "_time": 56.44922, "shift": 0.0, "time": 56.44922}, {"$id": 185, "type": 0, "sounds": [{"w": 0.0, "d": 0.181819916, "p": 48, "v": 45}], "pos": -1.0, "size": 1.1, "_time": 56.453125, "shift": 0.0, "time": 56.453125}, {"$id": 186, "type": 0, "sounds": [{"w": 0.0, "d": 0.244319916, "p": 43, "v": 51}], "pos": -1.5, "size": 1.2, "_time": 56.7148438, "shift": 0.0, "time": 56.7148438}, {"$id": 187, "type": 0, "sounds": [{"w": 0.0, "d": 0.5681839, "p": 74, "v": 74}], "pos": 1.6944437, "size": 1.2, "_time": 56.73828, "shift": 0.0, "time": 56.73828}, {"$id": 188, "type": 0, "sounds": [{"w": 0.0, "d": 0.238636017, "p": 50, "v": 41}], "pos": 0.5, "size": 1.0, "_time": 56.984375, "shift": 0.0, "time": 56.984375}, {"$id": 189, "type": 0, "sounds": [{"w": 0.0, "d": 0.204547882, "p": 55, "v": 45}], "pos": -0.6805563, "size": 1.2, "_time": 57.26172, "shift": 0.0, "time": 57.26172}, {"$id": 190, "type": 0, "sounds": [{"w": 0.0, "d": 0.392047882, "p": 76, "v": 80}], "pos": 1.5, "size": 1.2, "_time": 57.26172, "shift": 0.0, "time": 57.26172}, {"$id": 191, "type": 0, "sounds": [{"w": 0.0, "d": 0.238636017, "p": 50, "v": 45}], "pos": -1.3055563, "size": 1.0, "_time": 57.51172, "shift": 0.0, "time": 57.51172}, {"$id": 192, "type": 0, "sounds": [{"w": 0.0, "d": 0.721588135, "p": 79, "v": 93}], "pos": 1.5, "size": 1.2, "_time": 57.8085938, "shift": 0.0, "time": 57.8085938}, {"$id": 193, "type": 0, "sounds": [{"w": 0.0, "d": 0.170455933, "p": 59, "v": 41}], "pos": -0.430555344, "size": 1.2, "_time": 57.8164063, "shift": 0.0, "time": 57.8164063}, {"$id": 194, "type": 0, "sounds": [{"w": 0.0, "d": 0.215908051, "p": 50, "v": 53}], "pos": -1.55555534, "size": 1.0, "_time": 58.078125, "shift": 0.0, "time": 58.078125}, {"$id": 195, "type": 0, "sounds": [{"w": 0.0, "d": 0.1931839, "p": 55, "v": 44}], "pos": 0.5, "size": 1.0, "_time": 58.3710938, "shift": 0.0, "time": 58.3710938}, {"$id": 196, "type": 0, "sounds": [{"w": 0.0, "d": 0.284088135, "p": 76, "v": 72}], "pos": 1.58333421, "size": 1.1, "_time": 58.625, "shift": 0.0, "time": 58.625}, {"$id": 197, "type": 0, "sounds": [{"w": 0.0, "d": 0.07954407, "p": 50, "v": 38}], "pos": -1.58333266, "size": 1.1, "_time": 58.640625, "shift": 0.0, "time": 58.640625}, {"$id": 198, "type": 0, "sounds": [{"w": 0.0, "d": 0.284088135, "p": 40, "v": 45}], "pos": -0.972222, "size": 1.1, "_time": 58.9101563, "shift": 0.0, "time": 58.9101563}, {"$id": 199, "type": 0, "sounds": [{"w": 0.0, "d": 0.539772034, "p": 74, "v": 71}], "pos": 1.22222269, "size": 1.1, "_time": 58.9140625, "shift": 0.0, "time": 58.9140625}, {"$id": 200, "type": 0, "sounds": [{"w": 0.0, "d": 0.238636017, "p": 47, "v": 49}], "pos": 1.0, "size": 1.0, "_time": 59.1835938, "shift": 0.0, "time": 59.1835938}, {"$id": 201, "type": 0, "sounds": [{"w": 0.0, "d": 0.210227966, "p": 52, "v": 41}], "pos": -0.5, "size": 1.0, "_time": 59.4609375, "shift": 0.0, "time": 59.4609375}, {"$id": 202, "type": 0, "sounds": [{"w": 0.0, "d": 0.221591949, "p": 47, "v": 39}], "pos": -1.54166591, "size": 1.1, "_time": 59.703125, "shift": 0.0, "time": 59.703125}, {"$id": 203, "type": 0, "sounds": [{"w": 0.0, "d": 0.261363983, "p": 76, "v": 62}], "pos": 1.69444466, "size": 1.1, "_time": 59.7148438, "shift": 0.0, "time": 59.7148438}, {"$id": 204, "type": 0, "sounds": [{"w": 0.0, "d": 0.170452118, "p": 55, "v": 46}], "pos": -1.19444454, "size": 1.1, "_time": 59.9960938, "shift": 0.0, "time": 59.9960938}, {"$id": 205, "type": 0, "sounds": [{"w": 0.0, "d": 0.113636017, "p": 74, "v": 74}], "pos": 1.0, "size": 1.1, "_time": 60.0, "shift": 0.0, "time": 60.0}, {"$id": 206, "type": 0, "sounds": [{"w": 0.0, "d": 0.198863983, "p": 47, "v": 28}], "pos": 0.0, "size": 1.0, "_time": 60.2773438, "shift": 0.0, "time": 60.2773438}, {"$id": 207, "type": 0, "sounds": [{"w": 0.0, "d": 0.176136017, "p": 52, "v": 34}], "pos": -0.861111641, "size": 1.0, "_time": 60.5390625, "shift": 0.0, "time": 60.5390625}, {"$id": 208, "type": 0, "sounds": [{"w": 0.0, "d": 0.176136017, "p": 69, "v": 59}], "pos": 1.26388836, "size": 1.1, "_time": 60.8085938, "shift": 0.0, "time": 60.8085938}, {"$id": 209, "type": 0, "sounds": [{"w": 0.0, "d": 0.09659195, "p": 47, "v": 46}], "pos": -1.18055654, "size": 1.1, "_time": 60.82422, "shift": 0.0, "time": 60.82422}, {"$id": 210, "type": 0, "sounds": [{"w": 0.0, "d": 0.4943123, "p": 72, "v": 68}], "pos": 1.27777636, "size": 1.1, "_time": 61.07422, "shift": 0.0, "time": 61.07422}, {"$id": 211, "type": 0, "sounds": [{"w": 0.0, "d": 0.301136017, "p": 45, "v": 37}], "pos": -1.402778, "size": 1.1, "_time": 61.0859375, "shift": 0.0, "time": 61.0859375}, {"$id": 212, "type": 0, "sounds": [{"w": 0.0, "d": 0.272727966, "p": 52, "v": 46}], "pos": -0.861111641, "size": 1.0, "_time": 61.3398438, "shift": 0.0, "time": 61.3398438}, {"$id": 213, "type": 0, "sounds": [{"w": 0.0, "d": 0.244319916, "p": 57, "v": 50}], "pos": 1.0, "size": 1.0, "_time": 61.6289063, "shift": 0.0, "time": 61.6289063}, {"$id": 214, "type": 0, "sounds": [{"w": 0.0, "d": 0.204544067, "p": 52, "v": 40}], "pos": 0.0, "size": 1.0, "_time": 61.88672, "shift": 0.0, "time": 61.88672}, {"$id": 215, "type": 0, "sounds": [{"w": 0.0, "d": 0.386360168, "p": 76, "v": 83}], "pos": 1.63888836, "size": 1.0, "_time": 62.17578, "shift": 0.0, "time": 62.17578}, {"$id": 216, "type": 0, "sounds": [{"w": 0.0, "d": 0.3693161, "p": 72, "v": 44}], "pos": 1.13888836, "size": 1.0, "_time": 62.1875, "shift": 0.0, "time": 62.1875}, {"$id": 217, "type": 0, "sounds": [{"w": 0.0, "d": 0.2386322, "p": 52, "v": 46}], "pos": -1.36111164, "size": 1.2, "_time": 62.453125, "shift": 0.0, "time": 62.453125}, {"$id": 218, "type": 0, "sounds": [{"w": 0.0, "d": 0.267044067, "p": 57, "v": 52}], "pos": -0.736111641, "size": 1.2, "_time": 62.7109375, "shift": 0.0, "time": 62.7109375}, {"$id": 219, "type": 0, "sounds": [{"w": 0.0, "d": 0.278408051, "p": 74, "v": 77}], "pos": 1.38888836, "size": 1.0, "_time": 62.7148438, "shift": 0.0, "time": 62.7148438}, {"$id": 220, "type": 0, "sounds": [{"w": 0.0, "d": 0.0454559326, "p": 52, "v": 41}], "pos": -1.13888955, "size": 1.2, "_time": 62.9960938, "shift": 0.0, "time": 62.9960938}, {"$id": 221, "type": 0, "sounds": [{"w": 0.0, "d": 0.07386398, "p": 76, "v": 38}], "pos": 1.63888836, "size": 1.0, "_time": 63.1835938, "shift": 0.0, "time": 63.1835938}, {"$id": 222, "type": 0, "sounds": [{"w": 0.0, "d": 0.136356354, "p": 74, "v": 58}], "pos": 1.38888836, "size": 1.0, "_time": 63.23828, "shift": 0.0, "time": 63.23828}, {"$id": 223, "type": 0, "sounds": [{"w": 0.0, "d": 1.08521271, "p": 72, "v": 70}], "pos": 1.13888836, "size": 1.0, "_time": 63.26172, "shift": 0.0, "time": 63.26172}, {"$id": 224, "type": 0, "sounds": [{"w": 0.0, "d": 0.3011284, "p": 41, "v": 53}], "pos": -1.58333325, "size": 1.2, "_time": 63.2773438, "shift": 0.0, "time": 63.2773438}, {"$id": 225, "type": 0, "sounds": [{"w": 0.0, "d": 0.221588135, "p": 48, "v": 37}], "pos": -0.861111641, "size": 1.0, "_time": 63.57422, "shift": 0.0, "time": 63.57422}, {"$id": 226, "type": 0, "sounds": [{"w": 0.0, "d": 0.210227966, "p": 53, "v": 29}], "pos": 0.347222328, "size": 1.0, "_time": 63.8164063, "shift": 0.0, "time": 63.8164063}, {"$id": 227, "type": 0, "sounds": [{"w": 0.0, "d": 0.227272034, "p": 48, "v": 41}], "pos": 1.19444442, "size": 1.0, "_time": 64.08594, "shift": 0.0, "time": 64.08594}, {"$id": 228, "type": 0, "sounds": [{"w": 0.0, "d": 0.698860168, "p": 74, "v": 82}], "pos": 1.0, "size": 1.0, "_time": 64.35156, "shift": 0.0, "time": 64.35156}, {"$id": 229, "type": 0, "sounds": [{"w": 0.0, "d": 0.147727966, "p": 57, "v": 49}], "pos": -1.06944478, "size": 1.1, "_time": 64.36328, "shift": 0.0, "time": 64.36328}, {"$id": 230, "type": 0, "sounds": [{"w": 0.0, "d": 0.210227966, "p": 48, "v": 50}], "pos": -1.333333, "size": 1.1, "_time": 64.62109, "shift": 0.0, "time": 64.62109}, {"$id": 231, "type": 0, "sounds": [{"w": 0.0, "d": 0.2443161, "p": 53, "v": 45}], "pos": -0.708333, "size": 1.1, "_time": 64.91016, "shift": 0.0, "time": 64.91016}, {"$id": 232, "type": 0, "sounds": [{"w": 0.0, "d": 0.284095764, "p": 72, "v": 68}], "pos": 1.666667, "size": 1.0, "_time": 65.171875, "shift": 0.0, "time": 65.171875}, {"$id": 233, "type": 0, "sounds": [{"w": 0.0, "d": 0.215911865, "p": 48, "v": 43}], "pos": -1.333333, "size": 1.1, "_time": 65.17578, "shift": 0.0, "time": 65.17578}, {"$id": 234, "type": 0, "sounds": [{"w": 0.0, "d": 0.261352539, "p": 43, "v": 48}], "pos": -1.70833254, "size": 1.1, "_time": 65.43359, "shift": 0.0, "time": 65.43359}, {"$id": 235, "type": 0, "sounds": [{"w": 0.0, "d": 0.56816864, "p": 74, "v": 64}], "pos": 1.30555665, "size": 1.0, "_time": 65.453125, "shift": 0.0, "time": 65.453125}, {"$id": 236, "type": 0, "sounds": [{"w": 0.0, "d": 0.312492371, "p": 71, "v": 49}], "pos": 0.930556655, "size": 1.0, "_time": 65.46484, "shift": 0.0, "time": 65.46484}, {"$id": 237, "type": 0, "sounds": [{"w": 0.0, "d": 0.24432373, "p": 50, "v": 32}], "pos": -0.5, "size": 1.1, "_time": 65.72656, "shift": 0.0, "time": 65.72656}, {"$id": 238, "type": 0, "sounds": [{"w": 0.0, "d": 0.06249237, "p": 76, "v": 80}], "pos": 1.583333, "size": 1.0, "_time": 65.99609, "shift": 0.0, "time": 65.99609}, {"$id": 239, "type": 0, "sounds": [{"w": 0.0, "d": 0.210220337, "p": 55, "v": 45}], "pos": -1.041667, "size": 1.1, "_time": 65.99609, "shift": 0.0, "time": 65.99609}, {"$id": 240, "type": 0, "sounds": [{"w": 0.0, "d": 0.0511322021, "p": 71, "v": 66}], "pos": 0.958333, "size": 1.0, "_time": 66.00391, "shift": 0.0, "time": 66.00391}, {"$id": 241, "type": 0, "sounds": [{"w": 0.0, "d": 0.204544067, "p": 50, "v": 48}], "pos": -1.666667, "size": 1.1, "_time": 66.24609, "shift": 0.0, "time": 66.24609}, {"$id": 242, "type": 0, "sounds": [{"w": 0.0, "d": 0.18182373, "p": 59, "v": 52}], "pos": -0.541667, "size": 1.1, "_time": 66.52734, "shift": 0.0, "time": 66.52734}, {"$id": 243, "type": 0, "sounds": [{"w": 0.0, "d": 0.5113678, "p": 79, "v": 94}], "pos": 1.958333, "size": 1.0, "_time": 66.52734, "shift": 0.0, "time": 66.52734}, {"$id": 244, "type": 0, "sounds": [{"w": 0.0, "d": 0.215911865, "p": 50, "v": 48}], "pos": 1.0, "size": 1.2, "_time": 66.78906, "shift": 0.0, "time": 66.78906}, {"$id": 245, "type": 0, "sounds": [{"w": 0.0, "d": 0.164772034, "p": 55, "v": 48}], "pos": -0.5, "size": 1.2, "_time": 67.08594, "shift": 0.0, "time": 67.08594}, {"$id": 246, "type": 0, "sounds": [{"w": 0.0, "d": 0.159088135, "p": 76, "v": 72}], "pos": 1.583333, "size": 1.0, "_time": 67.36328, "shift": 0.0, "time": 67.36328}, {"$id": 247, "type": 0, "sounds": [{"w": 0.0, "d": 0.07954407, "p": 50, "v": 43}], "pos": -1.36111188, "size": 1.0, "_time": 67.37109, "shift": 0.0, "time": 67.37109}, {"$id": 248, "type": 0, "sounds": [{"w": 0.0, "d": 0.295455933, "p": 74, "v": 54}], "pos": 1.0, "size": 1.2, "_time": 67.625, "shift": 0.0, "time": 67.625}, {"$id": 249, "type": 0, "sounds": [{"w": 0.0, "d": 0.249992371, "p": 40, "v": 39}], "pos": -1.72222233, "size": 1.2, "_time": 67.62891, "shift": 0.0, "time": 67.62891}, {"$id": 250, "type": 0, "sounds": [{"w": 0.0, "d": 0.278404236, "p": 81, "v": 77}], "pos": 1.5, "size": 1.2, "_time": 67.63672, "shift": 0.0, "time": 67.63672}, {"$id": 251, "type": 0, "sounds": [{"w": 0.0, "d": 0.221588135, "p": 47, "v": 44}], "pos": -0.263888955, "size": 1.1, "_time": 67.91016, "shift": 0.0, "time": 67.91016}, {"$id": 252, "type": 0, "sounds": [{"w": 0.0, "d": 0.1818161, "p": 52, "v": 43}], "pos": -1.27777719, "size": 1.30000007, "_time": 68.171875, "shift": 0.0, "time": 68.171875}, {"$id": 253, "type": 0, "sounds": [{"w": 0.0, "d": 0.164772034, "p": 79, "v": 87}], "pos": 1.0, "size": 1.2, "_time": 68.17578, "shift": 0.0, "time": 68.17578}, {"$id": 254, "type": 0, "sounds": [{"w": 0.0, "d": 0.215911865, "p": 47, "v": 47}], "pos": -0.263887763, "size": 1.1, "_time": 68.453125, "shift": 0.0, "time": 68.453125}, {"$id": 255, "type": 0, "sounds": [{"w": 0.0, "d": 0.0965957642, "p": 76, "v": 73}], "pos": 1.72222281, "size": 1.30000007, "_time": 68.72266, "shift": 0.0, "time": 68.72266}, {"$id": 256, "type": 0, "sounds": [{"w": 0.0, "d": 0.1420517, "p": 55, "v": 42}], "pos": -1.263888, "size": 1.4000001, "_time": 68.72656, "shift": 0.0, "time": 68.72656}, {"$id": 257, "type": 0, "sounds": [{"w": 0.0, "d": 0.0909118652, "p": 71, "v": 60}], "pos": 1.09722281, "size": 1.30000007, "_time": 68.734375, "shift": 0.0, "time": 68.734375}, {"$id": 258, "type": 0, "sounds": [{"w": 0.0, "d": 0.1931839, "p": 47, "v": 51}], "pos": 0.0, "size": 1.1, "_time": 68.984375, "shift": 0.0, "time": 68.984375}, {"$id": 259, "type": 0, "sounds": [{"w": 0.0, "d": 0.1761322, "p": 52, "v": 39}], "pos": -1.27777719, "size": 1.2, "_time": 69.265625, "shift": 0.0, "time": 69.265625}, {"$id": 260, "type": 0, "sounds": [{"w": 0.0, "d": 0.335227966, "p": 74, "v": 75}], "pos": 1.47222281, "size": 1.1, "_time": 69.27734, "shift": 0.0, "time": 69.27734}, {"$id": 261, "type": 0, "sounds": [{"w": 0.0, "d": 0.0625, "p": 47, "v": 44}], "pos": 0.0, "size": 1.1, "_time": 69.546875, "shift": 0.0, "time": 69.546875}, {"$id": 262, "type": 0, "sounds": [{"w": 0.0, "d": 0.187492371, "p": 69, "v": 33}], "pos": 0.8472228, "size": 1.0, "_time": 69.72266, "shift": 0.0, "time": 69.72266}, {"$id": 263, "type": 0, "sounds": [{"w": 0.0, "d": 0.1193161, "p": 72, "v": 54}], "pos": 1.22222281, "size": 1.0, "_time": 69.765625, "shift": 0.0, "time": 69.765625}, {"$id": 264, "type": 0, "sounds": [{"w": 0.0, "d": 0.272720337, "p": 45, "v": 40}], "pos": -1.47222173, "size": 1.2, "_time": 69.80078, "shift": 0.0, "time": 69.80078}, {"$id": 265, "type": 0, "sounds": [{"w": 0.0, "d": 0.9999924, "p": 76, "v": 79}], "pos": 1.72222281, "size": 1.2, "_time": 69.8125, "shift": 0.0, "time": 69.8125}, {"$id": 266, "type": 0, "sounds": [{"w": 0.0, "d": 0.2443161, "p": 52, "v": 48}], "pos": -0.361111, "size": 1.1, "_time": 70.07422, "shift": 0.0, "time": 70.07422}, {"$id": 267, "type": 0, "sounds": [{"w": 0.0, "d": 0.2556839, "p": 57, "v": 51}], "pos": 1.2638886, "size": 1.0, "_time": 70.359375, "shift": 0.0, "time": 70.359375}, {"$id": 268, "type": 0, "sounds": [{"w": 0.0, "d": 0.238639832, "p": 52, "v": 46}], "pos": -0.3333336, "size": 1.0, "_time": 70.640625, "shift": 0.0, "time": 70.640625}, {"$id": 269, "type": 0, "sounds": [{"w": 0.0, "d": 0.25, "p": 67, "v": 69}], "pos": 0.9027777, "size": 1.0, "_time": 70.90234, "shift": 0.0, "time": 70.90234}, {"$id": 270, "type": 0, "sounds": [{"w": 0.0, "d": 0.352272034, "p": 43, "v": 41}], "pos": -1.58333337, "size": 1.1, "_time": 70.91406, "shift": 0.0, "time": 70.91406}, {"$id": 271, "type": 0, "sounds": [{"w": 0.0, "d": 0.295455933, "p": 69, "v": 66}], "pos": 1.15277767, "size": 1.0, "_time": 71.1875, "shift": 0.0, "time": 71.1875}, {"$id": 272, "type": 0, "sounds": [{"w": 0.0, "d": 0.1136322, "p": 43, "v": 31}], "pos": -1.30555558, "size": 1.1, "_time": 71.44922, "shift": 0.0, "time": 71.44922}, {"$id": 273, "type": 0, "sounds": [{"w": 0.0, "d": 0.278404236, "p": 72, "v": 77}], "pos": 1.52777767, "size": 1.0, "_time": 71.44922, "shift": 0.0, "time": 71.44922}, {"$id": 274, "type": 0, "sounds": [{"w": 0.0, "d": 0.238639832, "p": 74, "v": 81}], "pos": 1.11111057, "size": 1.0, "_time": 71.73828, "shift": 0.0, "time": 71.73828}, {"$id": 275, "type": 0, "sounds": [{"w": 0.0, "d": 0.147720337, "p": 53, "v": 14}], "pos": -0.8472223, "size": 1.2, "_time": 71.890625, "shift": 0.0, "time": 71.890625}, {"$id": 276, "type": 0, "sounds": [{"w": 0.0, "d": 0.119308472, "p": 48, "v": 35}], "pos": -1.47222233, "size": 1.2, "_time": 71.94141, "shift": 0.0, "time": 71.94141}, {"$id": 277, "type": 0, "sounds": [{"w": 0.0, "d": 0.7897644, "p": 69, "v": 42}], "pos": 1.15277767, "size": 1.1, "_time": 71.96094, "shift": 0.0, "time": 71.96094}, {"$id": 278, "type": 0, "sounds": [{"w": 0.0, "d": 0.3522644, "p": 41, "v": 52}], "pos": -2.0, "size": 1.2, "_time": 71.98828, "shift": 0.0, "time": 71.98828}, {"$id": 279, "type": 0, "sounds": [{"w": 0.0, "d": 0.721588135, "p": 72, "v": 58}], "pos": 1.52777767, "size": 1.1, "_time": 72.0, "shift": 0.0, "time": 72.0}, {"$id": 280, "type": 0, "sounds": [{"w": 0.0, "d": 0.7784195, "p": 76, "v": 84}], "pos": 2.02777767, "size": 1.1, "_time": 72.03516, "shift": 0.0, "time": 72.03516}, {"$id": 281, "type": 0, "sounds": [{"w": 0.0, "d": 0.227272034, "p": 48, "v": 43}], "pos": 0.3888893, "size": 1.1, "_time": 72.30859, "shift": 0.0, "time": 72.30859}, {"$id": 282, "type": 0, "sounds": [{"w": 0.0, "d": 0.1988678, "p": 53, "v": 44}], "pos": 1.01388931, "size": 1.1, "_time": 72.55859, "shift": 0.0, "time": 72.55859}, {"$id": 283, "type": 0, "sounds": [{"w": 0.0, "d": 0.24432373, "p": 48, "v": 43}], "pos": 0.3888893, "size": 1.1, "_time": 72.80859, "shift": 0.0, "time": 72.80859}, {"$id": 284, "type": 0, "sounds": [{"w": 0.0, "d": 0.159088135, "p": 74, "v": 84}], "pos": -1.63889027, "size": 1.0, "_time": 73.078125, "shift": 0.0, "time": 73.078125}, {"$id": 285, "type": 0, "sounds": [{"w": 0.0, "d": 0.164772034, "p": 57, "v": 45}], "pos": 1.51388931, "size": 1.1, "_time": 73.08984, "shift": 0.0, "time": 73.08984}, {"$id": 286, "type": 0, "sounds": [{"w": 0.0, "d": 0.261360168, "p": 48, "v": 52}], "pos": -0.5, "size": 1.1, "_time": 73.34766, "shift": 0.0, "time": 73.34766}, {"$id": 287, "type": 0, "sounds": [{"w": 0.0, "d": 0.3011322, "p": 53, "v": 50}], "pos": 1.51388907, "size": 1.1, "_time": 73.62891, "shift": 0.0, "time": 73.62891}, {"$id": 288, "type": 0, "sounds": [{"w": 0.0, "d": 0.2443161, "p": 48, "v": 45}], "pos": 0.805556, "size": 1.1, "_time": 73.890625, "shift": 0.0, "time": 73.890625}, {"$id": 289, "type": 0, "sounds": [{"w": 0.0, "d": 0.267036438, "p": 72, "v": 65}], "pos": -1.61111248, "size": 1.0, "_time": 73.91406, "shift": 0.0, "time": 73.91406}, {"$id": 290, "type": 0, "sounds": [{"w": 0.0, "d": 0.232955933, "p": 43, "v": 48}], "pos": 1.09722352, "size": 1.1, "_time": 74.171875, "shift": 0.0, "time": 74.171875}, {"$id": 291, "type": 0, "sounds": [{"w": 0.0, "d": 0.528404236, "p": 74, "v": 72}], "pos": -1.36111248, "size": 1.0, "_time": 74.1875, "shift": 0.0, "time": 74.1875}, {"$id": 292, "type": 0, "sounds": [{"w": 0.0, "d": 0.2443161, "p": 50, "v": 45}], "pos": 0.6388893, "size": 1.1, "_time": 74.44922, "shift": 0.0, "time": 74.44922}, {"$id": 293, "type": 0, "sounds": [{"w": 0.0, "d": 0.210227966, "p": 55, "v": 46}], "pos": 1.26388931, "size": 1.1, "_time": 74.703125, "shift": 0.0, "time": 74.703125}, {"$id": 294, "type": 0, "sounds": [{"w": 0.0, "d": 0.278411865, "p": 76, "v": 76}], "pos": -1.38889027, "size": 1.0, "_time": 74.72266, "shift": 0.0, "time": 74.72266}, {"$id": 295, "type": 0, "sounds": [{"w": 0.0, "d": 0.25, "p": 50, "v": 40}], "pos": 0.6388893, "size": 1.1, "_time": 74.99609, "shift": 0.0, "time": 74.99609}, {"$id": 296, "type": 0, "sounds": [{"w": 0.0, "d": 0.596595764, "p": 79, "v": 89}], "pos": -1.01389027, "size": 1.0, "_time": 75.25, "shift": 0.0, "time": 75.25}, {"$id": 297, "type": 0, "sounds": [{"w": 0.0, "d": 0.1931839, "p": 59, "v": 42}], "pos": 1.76388931, "size": 1.1, "_time": 75.27344, "shift": 0.0, "time": 75.27344}, {"$id": 298, "type": 0, "sounds": [{"w": 0.0, "d": 0.232955933, "p": 50, "v": 44}], "pos": -0.5, "size": 1.1, "_time": 75.546875, "shift": 0.0, "time": 75.546875}, {"$id": 299, "type": 0, "sounds": [{"w": 0.0, "d": 0.25567627, "p": 55, "v": 39}], "pos": 0.5, "size": 1.1, "_time": 75.8125, "shift": 0.0, "time": 75.8125}, {"$id": 300, "type": 0, "sounds": [{"w": 0.0, "d": 0.0909118652, "p": 50, "v": 44}], "pos": 1.08333349, "size": 1.1, "_time": 76.08984, "shift": 0.0, "time": 76.08984}, {"$id": 301, "type": 0, "sounds": [{"w": 0.0, "d": 0.267044067, "p": 76, "v": 58}], "pos": -1.38889027, "size": 1.0, "_time": 76.09766, "shift": 0.0, "time": 76.09766}, {"$id": 302, "type": 0, "sounds": [{"w": 0.0, "d": 0.2613678, "p": 40, "v": 36}], "pos": 1.5, "size": 1.1, "_time": 76.33984, "shift": 0.0, "time": 76.33984}, {"$id": 303, "type": 0, "sounds": [{"w": 0.0, "d": 0.363639832, "p": 81, "v": 73}], "pos": -0.763890266, "size": 1.0, "_time": 76.36328, "shift": 0.0, "time": 76.36328}, {"$id": 304, "type": 0, "sounds": [{"w": 0.0, "d": 0.25567627, "p": 47, "v": 48}], "pos": 0.2638893, "size": 1.1, "_time": 76.62891, "shift": 0.0, "time": 76.62891}, {"$id": 305, "type": 0, "sounds": [{"w": 0.0, "d": 0.210227966, "p": 52, "v": 50}], "pos": 0.8888893, "size": 1.1, "_time": 76.89844, "shift": 0.0, "time": 76.89844}, {"$id": 306, "type": 0, "sounds": [{"w": 0.0, "d": 0.08522797, "p": 79, "v": 87}], "pos": -1.01389027, "size": 1.0, "_time": 76.91016, "shift": 0.0, "time": 76.91016}, {"$id": 307, "type": 0, "sounds": [{"w": 0.0, "d": 0.238639832, "p": 47, "v": 48}], "pos": 0.2638893, "size": 1.1, "_time": 77.171875, "shift": 0.0, "time": 77.171875}, {"$id": 308, "type": 0, "sounds": [{"w": 0.0, "d": 0.159088135, "p": 55, "v": 41}], "pos": 1.26388931, "size": 1.1, "_time": 77.44141, "shift": 0.0, "time": 77.44141}, {"$id": 309, "type": 0, "sounds": [{"w": 0.0, "d": 0.357955933, "p": 76, "v": 84}], "pos": -1.38889027, "size": 1.0, "_time": 77.453125, "shift": 0.0, "time": 77.453125}, {"$id": 310, "type": 0, "sounds": [{"w": 0.0, "d": 0.221588135, "p": 47, "v": 46}], "pos": 0.2638893, "size": 1.1, "_time": 77.71484, "shift": 0.0, "time": 77.71484}, {"$id": 311, "type": 0, "sounds": [{"w": 0.0, "d": 0.482955933, "p": 74, "v": 72}], "pos": -1.63889027, "size": 1.0, "_time": 77.99609, "shift": 0.0, "time": 77.99609}, {"$id": 312, "type": 0, "sounds": [{"w": 0.0, "d": 0.5056839, "p": 52, "v": 35}], "pos": 0.8888893, "size": 1.1, "_time": 77.99609, "shift": 0.0, "time": 77.99609}, {"$id": 313, "type": 0, "sounds": [{"w": 0.0, "d": 0.0681839, "p": 47, "v": 51}], "pos": 0.2638893, "size": 1.1, "_time": 78.27344, "shift": 0.0, "time": 78.27344}, {"$id": 314, "type": 0, "sounds": [{"w": 0.0, "d": 0.2613678, "p": 45, "v": 53}], "pos": 0.0138893127, "size": 1.0, "_time": 78.546875, "shift": 0.0, "time": 78.546875}, {"$id": 315, "type": 0, "sounds": [{"w": 0.0, "d": 0.613639832, "p": 72, "v": 71}], "pos": -1.88889027, "size": 1.0, "_time": 78.55078, "shift": 0.0, "time": 78.55078}, {"$id": 316, "type": 0, "sounds": [{"w": 0.0, "d": 0.2556839, "p": 52, "v": 40}], "pos": 0.8888893, "size": 1.1, "_time": 78.82422, "shift": 0.0, "time": 78.82422}, {"$id": 317, "type": 0, "sounds": [{"w": 0.0, "d": 0.221588135, "p": 57, "v": 47}], "pos": -1.0, "size": 1.1, "_time": 79.078125, "shift": 0.0, "time": 79.078125}, {"$id": 318, "type": 0, "sounds": [{"w": 0.0, "d": 0.221588135, "p": 52, "v": 53}], "pos": 0.8888893, "size": 1.1, "_time": 79.359375, "shift": 0.0, "time": 79.359375}, {"$id": 319, "type": 0, "sounds": [{"w": 0.0, "d": 0.2613678, "p": 64, "v": 65}], "pos": -1.61111152, "size": 1.2, "_time": 79.62109, "shift": 0.0, "time": 79.62109}, {"$id": 320, "type": 0, "sounds": [{"w": 0.0, "d": 0.346588135, "p": 43, "v": 54}], "pos": 0.402778029, "size": 1.2, "_time": 79.625, "shift": 0.0, "time": 79.625}, {"$id": 321, "type": 0, "sounds": [{"w": 0.0, "d": 0.284088135, "p": 67, "v": 60}], "pos": -1.361111, "size": 1.2, "_time": 79.89844, "shift": 0.0, "time": 79.89844}, {"$id": 322, "type": 0, "sounds": [{"w": 0.0, "d": 0.25, "p": 52, "v": 46}], "pos": 0.7500004, "size": 1.2, "_time": 79.91016, "shift": 0.0, "time": 79.91016}, {"$id": 323, "type": 0, "sounds": [{"w": 0.0, "d": 0.284095764, "p": 69, "v": 68}], "pos": -0.9166671, "size": 1.2, "_time": 80.16406, "shift": 0.0, "time": 80.16406}, {"$id": 324, "type": 0, "sounds": [{"w": 0.0, "d": 0.238639832, "p": 55, "v": 48}], "pos": 1.1805563, "size": 1.2, "_time": 80.1875, "shift": 0.0, "time": 80.1875}, {"$id": 325, "type": 0, "sounds": [{"w": 0.0, "d": 0.187507629, "p": 72, "v": 74}], "pos": -0.5833334, "size": 1.2, "_time": 80.44922, "shift": 0.0, "time": 80.44922}, {"$id": 326, "type": 0, "sounds": [{"w": 0.0, "d": 0.176139832, "p": 52, "v": 48}], "pos": 1.47222328, "size": 1.2, "_time": 80.453125, "shift": 0.0, "time": 80.453125}, {"$id": 327, "type": 0, "sounds": [{"w": 0.0, "d": 0.227272034, "p": 41, "v": 50}], "pos": 1.77777743, "size": 1.2, "_time": 80.72656, "shift": 0.0, "time": 80.72656}, {"$id": 328, "type": 0, "sounds": [{"w": 0.0, "d": 0.363639832, "p": 76, "v": 84}], "pos": -0.2500018, "size": 1.2, "_time": 80.734375, "shift": 0.0, "time": 80.734375}, {"$id": 329, "type": 0, "sounds": [{"w": 0.0, "d": 0.232955933, "p": 48, "v": 43}], "pos": -1.0, "size": 1.0, "_time": 81.00391, "shift": 0.0, "time": 81.00391}, {"$id": 330, "type": 0, "sounds": [{"w": 0.0, "d": 0.232955933, "p": 53, "v": 45}], "pos": 1.5, "size": 1.0, "_time": 81.27734, "shift": 0.0, "time": 81.27734}, {"$id": 331, "type": 0, "sounds": [{"w": 0.0, "d": 0.2443161, "p": 48, "v": 47}], "pos": 0.5, "size": 1.0, "_time": 81.55859, "shift": 0.0, "time": 81.55859}, {"$id": 332, "type": 0, "sounds": [{"w": 0.0, "d": 0.107955933, "p": 72, "v": 41}], "pos": -1.19444692, "size": 1.0, "_time": 81.703125, "shift": 0.0, "time": 81.703125}, {"$id": 333, "type": 0, "sounds": [{"w": 0.0, "d": 0.0852355957, "p": 74, "v": 53}], "pos": -0.9444469, "size": 1.0, "_time": 81.76172, "shift": 0.0, "time": 81.76172}, {"$id": 334, "type": 0, "sounds": [{"w": 0.0, "d": 0.1420517, "p": 57, "v": 51}], "pos": 1.73611021, "size": 1.2, "_time": 81.80859, "shift": 0.0, "time": 81.80859}, {"$id": 335, "type": 0, "sounds": [{"w": 0.0, "d": 0.215911865, "p": 79, "v": 89}], "pos": -0.319446921, "size": 1.2, "_time": 81.81641, "shift": 0.0, "time": 81.81641}, {"$id": 336, "type": 0, "sounds": [{"w": 0.0, "d": 0.2443161, "p": 76, "v": 71}], "pos": -0.722224236, "size": 1.2, "_time": 82.08984, "shift": 0.0, "time": 82.08984}, {"$id": 337, "type": 0, "sounds": [{"w": 0.0, "d": 0.204544067, "p": 48, "v": 52}], "pos": 1.388889, "size": 1.2, "_time": 82.10156, "shift": 0.0, "time": 82.10156}, {"$id": 338, "type": 0, "sounds": [{"w": 0.0, "d": 0.2556839, "p": 53, "v": 40}], "pos": 1.01388931, "size": 1.2, "_time": 82.359375, "shift": 0.0, "time": 82.359375}, {"$id": 339, "type": 0, "sounds": [{"w": 0.0, "d": 0.278411865, "p": 74, "v": 65}], "pos": -1.16666782, "size": 1.2, "_time": 82.359375, "shift": 0.0, "time": 82.359375}, {"$id": 340, "type": 0, "sounds": [{"w": 0.0, "d": 0.210227966, "p": 48, "v": 46}], "pos": 0.5555556, "size": 1.2, "_time": 82.640625, "shift": 0.0, "time": 82.640625}, {"$id": 341, "type": 0, "sounds": [{"w": 0.0, "d": 0.238639832, "p": 72, "v": 59}], "pos": -1.50000083, "size": 1.2, "_time": 82.640625, "shift": 0.0, "time": 82.640625}, {"$id": 342, "type": 0, "sounds": [{"w": 0.0, "d": 0.232955933, "p": 43, "v": 47}], "pos": 0.2361118, "size": 1.2, "_time": 82.890625, "shift": 0.0, "time": 82.890625}, {"$id": 343, "type": 0, "sounds": [{"w": 0.0, "d": 0.3295517, "p": 74, "v": 62}], "pos": -1.7777791, "size": 1.2, "_time": 82.91016, "shift": 0.0, "time": 82.91016}, {"$id": 344, "type": 0, "sounds": [{"w": 0.0, "d": 0.2613678, "p": 50, "v": 45}], "pos": 0.25, "size": 1.0, "_time": 83.1875, "shift": 0.0, "time": 83.1875}, {"$id": 345, "type": 0, "sounds": [{"w": 0.0, "d": 0.215911865, "p": 55, "v": 44}], "pos": -1.0, "size": 1.0, "_time": 83.44141, "shift": 0.0, "time": 83.44141}, {"$id": 346, "type": 0, "sounds": [{"w": 0.0, "d": 0.08522797, "p": 71, "v": 66}], "pos": -1.55555487, "size": 1.0, "_time": 83.703125, "shift": 0.0, "time": 83.703125}, {"$id": 347, "type": 0, "sounds": [{"w": 0.0, "d": 0.24432373, "p": 50, "v": 39}], "pos": 0.750000834, "size": 1.0, "_time": 83.73828, "shift": 0.0, "time": 83.73828}, {"$id": 348, "type": 0, "sounds": [{"w": 0.0, "d": 0.44316864, "p": 71, "v": 89}], "pos": -1.55555487, "size": 1.0, "_time": 83.984375, "shift": 0.0, "time": 83.984375}, {"$id": 349, "type": 0, "sounds": [{"w": 0.0, "d": 0.136360168, "p": 59, "v": 49}], "pos": 1.65277863, "size": 1.0, "_time": 84.00391, "shift": 0.0, "time": 84.00391}, {"$id": 350, "type": 0, "sounds": [{"w": 0.0, "d": 0.2386322, "p": 50, "v": 39}], "pos": 0.750000834, "size": 1.0, "_time": 84.27734, "shift": 0.0, "time": 84.27734}, {"$id": 351, "type": 0, "sounds": [{"w": 0.0, "d": 0.3068161, "p": 69, "v": 70}], "pos": -1.55555487, "size": 1.0, "_time": 84.41406, "shift": 0.0, "time": 84.41406}, {"$id": 352, "type": 0, "sounds": [{"w": 0.0, "d": 0.238639832, "p": 55, "v": 37}], "pos": 1.37500072, "size": 1.0, "_time": 84.53516, "shift": 0.0, "time": 84.53516}, {"$id": 353, "type": 0, "sounds": [{"w": 0.0, "d": 0.272727966, "p": 67, "v": 72}], "pos": -1.55555487, "size": 1.0, "_time": 84.78906, "shift": 0.0, "time": 84.78906}, {"$id": 354, "type": 0, "sounds": [{"w": 0.0, "d": 0.215911865, "p": 50, "v": 43}], "pos": 0.750000834, "size": 1.0, "_time": 84.82422, "shift": 0.0, "time": 84.82422}, {"$id": 355, "type": 0, "sounds": [{"w": 0.0, "d": 1.5454483, "p": 71, "v": 79}], "pos": -1.55555487, "size": 1.2, "_time": 85.06641, "shift": 0.0, "time": 85.06641}, {"$id": 356, "type": 0, "sounds": [{"w": 0.0, "d": 0.3125, "p": 45, "v": 54}], "pos": 0.125000834, "size": 1.2, "_time": 85.078125, "shift": 0.0, "time": 85.078125}, {"$id": 357, "type": 0, "sounds": [{"w": 0.0, "d": 0.261360168, "p": 52, "v": 51}], "pos": -0.5, "size": 1.0, "_time": 85.35156, "shift": 0.0, "time": 85.35156}, {"$id": 358, "type": 0, "sounds": [{"w": 0.0, "d": 0.170455933, "p": 57, "v": 59}], "pos": 1.125, "size": 1.0, "_time": 85.63672, "shift": 0.0, "time": 85.63672}, {"$id": 359, "type": 0, "sounds": [{"w": 0.0, "d": 0.261360168, "p": 52, "v": 59}], "pos": -1.0, "size": 1.0, "_time": 85.88672, "shift": 0.0, "time": 85.88672}, {"$id": 360, "type": 0, "sounds": [{"w": 0.0, "d": 0.1306839, "p": 62, "v": 39}], "pos": 1.75, "size": 1.0, "_time": 86.18359, "shift": 0.0, "time": 86.18359}, {"$id": 361, "type": 0, "sounds": [{"w": 0.0, "d": 0.24432373, "p": 52, "v": 43}], "pos": -1.0, "size": 1.0, "_time": 86.421875, "shift": 0.0, "time": 86.421875}, {"$id": 362, "type": 0, "sounds": [{"w": 0.0, "d": 0.261360168, "p": 57, "v": 48}], "pos": 1.125, "size": 1.0, "_time": 86.734375, "shift": 0.0, "time": 86.734375}, {"$id": 363, "type": 0, "sounds": [{"w": 0.0, "d": 0.125, "p": 52, "v": 36}], "pos": -1.0, "size": 1.0, "_time": 87.02344, "shift": 0.0, "time": 87.02344}, {"$id": 364, "type": 0, "sounds": [{"w": 0.0, "d": 0.403411865, "p": 69, "v": 70}], "pos": -1.13888884, "size": 1.2, "_time": 87.26172, "shift": 0.0, "time": 87.26172}, {"$id": 365, "type": 0, "sounds": [{"w": 0.0, "d": 0.176139832, "p": 45, "v": 62}], "pos": 1.1388886, "size": 1.2, "_time": 87.27344, "shift": 0.0, "time": 87.27344}, {"$id": 366, "type": 0, "sounds": [{"w": 0.0, "d": 0.301139832, "p": 60, "v": 57}], "pos": -1.5, "size": 1.2, "_time": 87.27344, "shift": 0.0, "time": 87.27344}, {"$id": 367, "type": 0, "sounds": [{"w": 0.0, "d": 0.164772034, "p": 57, "v": 37}], "pos": -1.83333266, "size": 1.2, "_time": 87.28516, "shift": 0.0, "time": 87.28516}, {"$id": 368, "type": 0, "sounds": [{"w": 0.0, "d": 0.284095764, "p": 52, "v": 46}], "pos": 0.5, "size": 1.0, "_time": 87.55859, "shift": 0.0, "time": 87.55859}, {"$id": 369, "type": 0, "sounds": [{"w": 0.0, "d": 0.113639832, "p": 60, "v": 45}], "pos": -0.5, "size": 1.0, "_time": 87.81641, "shift": 0.0, "time": 87.81641}, {"$id": 370, "type": 0, "sounds": [{"w": 0.0, "d": 0.125, "p": 52, "v": 34}], "pos": 0.5, "size": 1.0, "_time": 88.09766, "shift": 0.0, "time": 88.09766}, {"$id": 371, "type": 0, "sounds": [{"w": 0.0, "d": 0.136360168, "p": 45, "v": 56}], "pos": -1.8194437, "size": 1.1, "_time": 88.36328, "shift": 0.0, "time": 88.36328}, {"$id": 372, "type": 0, "sounds": [{"w": 0.0, "d": 0.136360168, "p": 47, "v": 46}], "pos": 0.5, "size": 1.1, "_time": 88.5, "shift": 0.0, "time": 88.5}, {"$id": 373, "type": 0, "sounds": [{"w": 0.0, "d": 0.136360168, "p": 50, "v": 46}], "pos": -1.1944437, "size": 1.1, "_time": 88.63672, "shift": 0.0, "time": 88.63672}, {"$id": 374, "type": 0, "sounds": [{"w": 0.0, "d": 0.136360168, "p": 52, "v": 47}], "pos": 1.16666627, "size": 1.1, "_time": 88.77344, "shift": 0.0, "time": 88.77344}, {"$id": 375, "type": 0, "sounds": [{"w": 0.0, "d": 0.136360168, "p": 55, "v": 60}], "pos": -0.708332658, "size": 1.1, "_time": 88.91016, "shift": 0.0, "time": 88.91016}, {"$id": 376, "type": 0, "sounds": [{"w": 0.0, "d": 0.136360168, "p": 57, "v": 55}], "pos": 0.7500008, "size": 1.1, "_time": 89.046875, "shift": 0.0, "time": 89.046875}, {"$id": 377, "type": 0, "sounds": [{"w": 0.0, "d": 0.1363678, "p": 59, "v": 62}], "pos": -1.27777767, "size": 1.1, "_time": 89.18359, "shift": 0.0, "time": 89.18359}, {"$id": 378, "type": 0, "sounds": [{"w": 0.0, "d": 0.1363678, "p": 62, "v": 73}], "pos": -0.7777777, "size": 1.30000007, "_time": 89.30859, "shift": 0.0, "time": 89.30859}, {"$id": 379, "type": 0, "sounds": [{"w": 0.0, "d": 0.5624695, "p": 63, "v": 49}], "pos": -0.277777672, "size": 1.30000007, "_time": 89.35156, "shift": 0.0, "time": 89.35156}, {"$id": 380, "type": 0, "sounds": [{"w": 0.0, "d": 0.5397415, "p": 68, "v": 80}], "pos": 0.222222328, "size": 1.30000007, "_time": 89.390625, "shift": 0.0, "time": 89.390625}, {"$id": 381, "type": 0, "sounds": [{"w": 0.0, "d": 0.426116943, "p": 72, "v": 78}], "pos": 0.7222223, "size": 1.30000007, "_time": 89.421875, "shift": 0.0, "time": 89.421875}, {"$id": 382, "type": 0, "sounds": [{"w": 0.0, "d": 0.5567932, "p": 75, "v": 88}], "pos": 1.22222233, "size": 1.30000007, "_time": 89.44922, "shift": 0.0, "time": 89.44922}, {"$id": 383, "type": 0, "sounds": [{"w": 0.0, "d": 0.215911865, "p": 56, "v": 82}], "pos": -1.38888884, "size": 1.0, "_time": 89.99609, "shift": 0.0, "time": 89.99609}, {"$id": 384, "type": 0, "sounds": [{"w": 0.0, "d": 0.63066864, "p": 77, "v": 103}], "pos": 1.11111116, "size": 1.30000007, "_time": 90.53516, "shift": 0.0, "time": 90.53516}, {"$id": 385, "type": 0, "sounds": [{"w": 0.0, "d": 0.176139832, "p": 60, "v": 81}], "pos": -0.888888836, "size": 1.30000007, "_time": 90.55078, "shift": 0.0, "time": 90.55078}, {"$id": 386, "type": 0, "sounds": [{"w": 0.0, "d": 0.2556839, "p": 56, "v": 86}], "pos": -1.38888884, "size": 1.0, "_time": 91.08594, "shift": 0.0, "time": 91.08594}, {"$id": 387, "type": 0, "sounds": [{"w": 0.0, "d": 0.232955933, "p": 75, "v": 83}], "pos": 1.11111116, "size": 1.0, "_time": 91.33984, "shift": 0.0, "time": 91.33984}, {"$id": 388, "type": 0, "sounds": [{"w": 0.0, "d": 0.25567627, "p": 46, "v": 75}], "pos": -1.16666663, "size": 1.2, "_time": 91.62891, "shift": 0.0, "time": 91.62891}, {"$id": 389, "type": 0, "sounds": [{"w": 0.0, "d": 0.448860168, "p": 77, "v": 75}], "pos": 1.11111116, "size": 1.2, "_time": 91.62891, "shift": 0.0, "time": 91.62891}, {"$id": 390, "type": 0, "sounds": [{"w": 0.0, "d": 0.25, "p": 53, "v": 63}], "pos": -1.1920929e-07, "size": 1.0, "_time": 91.91016, "shift": 0.0, "time": 91.91016}, {"$id": 391, "type": 0, "sounds": [{"w": 0.0, "d": 0.05113983, "p": 74, "v": 79}], "pos": -0.5, "size": 1.2, "_time": 92.16406, "shift": 0.0, "time": 92.16406}, {"$id": 392, "type": 0, "sounds": [{"w": 0.0, "d": 0.0795517, "p": 79, "v": 102}], "pos": 1.61111116, "size": 1.2, "_time": 92.16406, "shift": 0.0, "time": 92.16406}, {"$id": 393, "type": 0, "sounds": [{"w": 0.0, "d": 0.261360168, "p": 53, "v": 66}], "pos": 0.666667, "size": 1.0, "_time": 92.44141, "shift": 0.0, "time": 92.44141}, {"$id": 394, "type": 0, "sounds": [{"w": 0.0, "d": 0.3579483, "p": 82, "v": 93}], "pos": 1.61111116, "size": 1.2, "_time": 92.71094, "shift": 0.0, "time": 92.71094}, {"$id": 395, "type": 0, "sounds": [{"w": 0.0, "d": 0.397720337, "p": 74, "v": 88}], "pos": -1.5, "size": 1.2, "_time": 92.72656, "shift": 0.0, "time": 92.72656}, {"$id": 396, "type": 0, "sounds": [{"w": 0.0, "d": 0.170455933, "p": 58, "v": 62}], "pos": -1.38888884, "size": 1.0, "_time": 93.25391, "shift": 0.0, "time": 93.25391}, {"$id": 397, "type": 0, "sounds": [{"w": 0.0, "d": 0.24432373, "p": 79, "v": 87}], "pos": 1.61111116, "size": 1.0, "_time": 93.52734, "shift": 0.0, "time": 93.52734}, {"$id": 398, "type": 0, "sounds": [{"w": 0.0, "d": 0.4658966, "p": 70, "v": 44}], "pos": -1.0, "size": 1.2, "_time": 93.796875, "shift": 0.0, "time": 93.796875}, {"$id": 399, "type": 0, "sounds": [{"w": 0.0, "d": 0.5340805, "p": 77, "v": 83}], "pos": 1.11111116, "size": 1.2, "_time": 93.8125, "shift": 0.0, "time": 93.8125}, {"$id": 400, "type": 0, "sounds": [{"w": 0.0, "d": 0.210220337, "p": 53, "v": 58}], "pos": -0.888889253, "size": 1.0, "_time": 94.35156, "shift": 0.0, "time": 94.35156}, {"$id": 401, "type": 0, "sounds": [{"w": 0.0, "d": 0.147720337, "p": 79, "v": 76}], "pos": 1.61111116, "size": 1.0, "_time": 94.625, "shift": 0.0, "time": 94.625}, {"$id": 402, "type": 0, "sounds": [{"w": 0.0, "d": 0.75567627, "p": 77, "v": 91}], "pos": 1.11111116, "size": 1.30000007, "_time": 94.890625, "shift": 0.0, "time": 94.890625}, {"$id": 403, "type": 0, "sounds": [{"w": 0.0, "d": 0.1875, "p": 58, "v": 75}], "pos": -1.13888884, "size": 1.30000007, "_time": 94.89844, "shift": 0.0, "time": 94.89844}, {"$id": 404, "type": 0, "sounds": [{"w": 0.0, "d": 0.2443161, "p": 53, "v": 66}], "pos": 0.9583335, "size": 1.0, "_time": 95.4375, "shift": 0.0, "time": 95.4375}, {"$id": 405, "type": 0, "sounds": [{"w": 0.0, "d": 0.1931839, "p": 72, "v": 68}], "pos": -0.7777778, "size": 1.0, "_time": 95.734375, "shift": 0.0, "time": 95.734375}, {"$id": 406, "type": 0, "sounds": [{"w": 0.0, "d": 0.3636322, "p": 48, "v": 70}], "pos": -1.50000024, "size": 1.1, "_time": 95.98828, "shift": 0.0, "time": 95.98828}, {"$id": 407, "type": 0, "sounds": [{"w": 0.0, "d": 0.494308472, "p": 75, "v": 78}], "pos": 0.986111164, "size": 1.1, "_time": 95.99609, "shift": 0.0, "time": 95.99609}, {"$id": 408, "type": 0, "sounds": [{"w": 0.0, "d": 0.215904236, "p": 60, "v": 64}], "pos": -0.888888836, "size": 1.0, "_time": 96.546875, "shift": 0.0, "time": 96.546875}, {"$id": 409, "type": 0, "sounds": [{"w": 0.0, "d": 0.346595764, "p": 79, "v": 91}], "pos": 1.48611116, "size": 1.30000007, "_time": 97.0625, "shift": 0.0, "time": 97.0625}, {"$id": 410, "type": 0, "sounds": [{"w": 0.0, "d": 0.1875, "p": 63, "v": 67}], "pos": -0.513888836, "size": 1.30000007, "_time": 97.09766, "shift": 0.0, "time": 97.09766}, {"$id": 411, "type": 0, "sounds": [{"w": 0.0, "d": 0.215904236, "p": 77, "v": 90}], "pos": 1.23611116, "size": 1.30000007, "_time": 97.62109, "shift": 0.0, "time": 97.62109}, {"$id": 412, "type": 0, "sounds": [{"w": 0.0, "d": 0.204544067, "p": 60, "v": 65}], "pos": -0.888888836, "size": 1.30000007, "_time": 97.62891, "shift": 0.0, "time": 97.62891}, {"$id": 413, "type": 0, "sounds": [{"w": 0.0, "d": 0.0625, "p": 79, "v": 38}], "pos": 1.48611116, "size": 1.30000007, "_time": 98.03516, "shift": 0.0, "time": 98.03516}, {"$id": 414, "type": 0, "sounds": [{"w": 0.0, "d": 0.113639832, "p": 77, "v": 76}], "pos": 1.23611116, "size": 1.30000007, "_time": 98.08984, "shift": 0.0, "time": 98.08984}, {"$id": 415, "type": 0, "sounds": [{"w": 0.0, "d": 0.960227966, "p": 75, "v": 81}], "pos": 0.986111164, "size": 1.30000007, "_time": 98.16016, "shift": 0.0, "time": 98.16016}, {"$id": 416, "type": 0, "sounds": [{"w": 0.0, "d": 0.2556839, "p": 44, "v": 63}], "pos": -1.5, "size": 1.30000007, "_time": 98.171875, "shift": 0.0, "time": 98.171875}, {"$id": 417, "type": 0, "sounds": [{"w": 0.0, "d": 0.863639832, "p": 72, "v": 75}], "pos": 0.611111164, "size": 1.30000007, "_time": 98.17578, "shift": 0.0, "time": 98.17578}, {"$id": 418, "type": 0, "sounds": [{"w": 0.0, "d": 0.136360168, "p": 56, "v": 62}], "pos": 0.0, "size": 1.0, "_time": 98.72656, "shift": 0.0, "time": 98.72656}, {"$id": 419, "type": 0, "sounds": [{"w": 0.0, "d": 0.6647644, "p": 72, "v": 55}], "pos": -1.0, "size": 1.2, "_time": 99.26172, "shift": 0.0, "time": 99.26172}, {"$id": 420, "type": 0, "sounds": [{"w": 0.0, "d": 0.5852127, "p": 77, "v": 102}], "pos": 1.5, "size": 1.2, "_time": 99.26172, "shift": 0.0, "time": 99.26172}, {"$id": 421, "type": 0, "sounds": [{"w": 0.0, "d": 0.2102356, "p": 56, "v": 76}], "pos": -1.16666758, "size": 1.0, "_time": 99.80859, "shift": 0.0, "time": 99.80859}, {"$id": 422, "type": 0, "sounds": [{"w": 0.0, "d": 0.232955933, "p": 75, "v": 76}], "pos": 1.48611021, "size": 1.0, "_time": 100.085938, "shift": 0.0, "time": 100.085938}, {"$id": 423, "type": 0, "sounds": [{"w": 0.0, "d": 0.3522644, "p": 77, "v": 77}], "pos": 0.8194437, "size": 1.2, "_time": 100.347656, "shift": 0.0, "time": 100.347656}, {"$id": 424, "type": 0, "sounds": [{"w": 0.0, "d": 0.2386322, "p": 46, "v": 74}], "pos": -1.499999, "size": 1.2, "_time": 100.363281, "shift": 0.0, "time": 100.363281}, {"$id": 425, "type": 0, "sounds": [{"w": 0.0, "d": 0.3238678, "p": 79, "v": 99}], "pos": 1.0694437, "size": 1.30000007, "_time": 100.898438, "shift": 0.0, "time": 100.898438}, {"$id": 426, "type": 0, "sounds": [{"w": 0.0, "d": 0.164772034, "p": 58, "v": 61}], "pos": -1.0277791, "size": 1.30000007, "_time": 100.902344, "shift": 0.0, "time": 100.902344}, {"$id": 427, "type": 0, "sounds": [{"w": 0.0, "d": 0.659095764, "p": 82, "v": 93}], "pos": 1.4444437, "size": 1.2, "_time": 101.4375, "shift": 0.0, "time": 101.4375}, {"$id": 428, "type": 0, "sounds": [{"w": 0.0, "d": 0.198860168, "p": 62, "v": 71}], "pos": -0.666667, "size": 1.2, "_time": 101.449219, "shift": 0.0, "time": 101.449219}, {"$id": 429, "type": 0, "sounds": [{"w": 0.0, "d": 0.125, "p": 58, "v": 53}], "pos": -1.5555563, "size": 1.0, "_time": 101.996094, "shift": 0.0, "time": 101.996094}, {"$id": 430, "type": 0, "sounds": [{"w": 0.0, "d": 0.1818161, "p": 79, "v": 81}], "pos": 1.0694437, "size": 1.0, "_time": 102.277344, "shift": 0.0, "time": 102.277344}, {"$id": 431, "type": 0, "sounds": [{"w": 0.0, "d": 0.198860168, "p": 43, "v": 56}], "pos": -1.08333361, "size": 1.2, "_time": 102.539063, "shift": 0.0, "time": 102.539063}, {"$id": 432, "type": 0, "sounds": [{"w": 0.0, "d": 0.329544067, "p": 84, "v": 80}], "pos": 1.6944437, "size": 1.2, "_time": 102.546875, "shift": 0.0, "time": 102.546875}, {"$id": 433, "type": 0, "sounds": [{"w": 0.0, "d": 0.176139832, "p": 53, "v": 61}], "pos": -1.08333361, "size": 1.30000007, "_time": 103.074219, "shift": 0.0, "time": 103.074219}, {"$id": 434, "type": 0, "sounds": [{"w": 0.0, "d": 0.0738678, "p": 82, "v": 82}], "pos": 1.4444437, "size": 1.30000007, "_time": 103.085938, "shift": 0.0, "time": 103.085938}, {"$id": 435, "type": 0, "sounds": [{"w": 0.0, "d": 0.1306839, "p": 58, "v": 51}], "pos": -1.0, "size": 1.30000007, "_time": 103.636719, "shift": 0.0, "time": 103.636719}, {"$id": 436, "type": 0, "sounds": [{"w": 0.0, "d": 0.3636322, "p": 79, "v": 99}], "pos": 1.0694437, "size": 1.30000007, "_time": 103.640625, "shift": 0.0, "time": 103.640625}, {"$id": 437, "type": 0, "sounds": [{"w": 0.0, "d": 0.267044067, "p": 50, "v": 59}], "pos": -1.08333361, "size": 1.0, "_time": 103.902344, "shift": 0.0, "time": 103.902344}, {"$id": 438, "type": 0, "sounds": [{"w": 0.0, "d": 0.204544067, "p": 77, "v": 86}], "pos": 0.8194437, "size": 1.0, "_time": 104.183594, "shift": 0.0, "time": 104.183594}, {"$id": 439, "type": 0, "sounds": [{"w": 0.0, "d": 0.1079483, "p": 50, "v": 68}], "pos": -1.08333361, "size": 1.0, "_time": 104.453125, "shift": 0.0, "time": 104.453125}, {"$id": 440, "type": 0, "sounds": [{"w": 0.0, "d": 0.5965805, "p": 79, "v": 72}], "pos": 1.5, "size": 1.4000001, "_time": 104.710938, "shift": 0.0, "time": 104.710938}, {"$id": 441, "type": 0, "sounds": [{"w": 0.0, "d": 0.2158966, "p": 48, "v": 66}], "pos": -1.52777863, "size": 1.4000001, "_time": 104.726563, "shift": 0.0, "time": 104.726563}, {"$id": 442, "type": 0, "sounds": [{"w": 0.0, "d": 0.301124573, "p": 60, "v": 65}], "pos": 1.0, "size": 1.0, "_time": 105.238281, "shift": 0.0, "time": 105.238281}, {"$id": 443, "type": 0, "sounds": [{"w": 0.0, "d": 0.221588135, "p": 51, "v": 68}], "pos": -1.3888886, "size": 1.2, "_time": 105.816406, "shift": 0.0, "time": 105.816406}, {"$id": 444, "type": 0, "sounds": [{"w": 0.0, "d": 0.227272034, "p": 70, "v": 70}], "pos": 0.5555551, "size": 1.2, "_time": 105.816406, "shift": 0.0, "time": 105.816406}, {"$id": 445, "type": 0, "sounds": [{"w": 0.0, "d": 0.278411865, "p": 72, "v": 78}], "pos": -0.5, "size": 1.2, "_time": 106.085938, "shift": 0.0, "time": 106.085938}, {"$id": 446, "type": 0, "sounds": [{"w": 0.0, "d": 0.2783966, "p": 75, "v": 79}], "pos": 0.5, "size": 1.2, "_time": 106.351563, "shift": 0.0, "time": 106.351563}, {"$id": 447, "type": 0, "sounds": [{"w": 0.0, "d": 0.232955933, "p": 77, "v": 92}], "pos": 1.43055511, "size": 1.2, "_time": 106.625, "shift": 0.0, "time": 106.625}, {"$id": 448, "type": 0, "sounds": [{"w": 0.0, "d": 0.795455933, "p": 72, "v": 60}], "pos": 0.8055551, "size": 1.2, "_time": 106.875, "shift": 0.0, "time": 106.875}, {"$id": 449, "type": 0, "sounds": [{"w": 0.0, "d": 0.125, "p": 56, "v": 53}], "pos": -1.19444489, "size": 1.2, "_time": 106.878906, "shift": 0.0, "time": 106.878906}, {"$id": 450, "type": 0, "sounds": [{"w": 0.0, "d": 0.767044067, "p": 75, "v": 61}], "pos": 1.18055511, "size": 1.2, "_time": 106.898438, "shift": 0.0, "time": 106.898438}, {"$id": 451, "type": 0, "sounds": [{"w": 0.0, "d": 0.767044067, "p": 79, "v": 97}], "pos": 1.68055511, "size": 1.2, "_time": 106.960938, "shift": 0.0, "time": 106.960938}, {"$id": 452, "type": 0, "sounds": [{"w": 0.0, "d": 0.2556839, "p": 51, "v": 64}], "pos": -0.5, "size": 1.0, "_time": 107.175781, "shift": 0.0, "time": 107.175781}, {"$id": 453, "type": 0, "sounds": [{"w": 0.0, "d": 0.1761322, "p": 56, "v": 76}], "pos": 1.0, "size": 1.0, "_time": 107.453125, "shift": 0.0, "time": 107.453125}, {"$id": 454, "type": 0, "sounds": [{"w": 0.0, "d": 0.227272034, "p": 51, "v": 72}], "pos": 0.0, "size": 1.0, "_time": 107.714844, "shift": 0.0, "time": 107.714844}, {"$id": 455, "type": 0, "sounds": [{"w": 0.0, "d": 0.607955933, "p": 77, "v": 94}], "pos": 1.40277719, "size": 1.2, "_time": 107.984375, "shift": 0.0, "time": 107.984375}, {"$id": 456, "type": 0, "sounds": [{"w": 0.0, "d": 0.7386322, "p": 72, "v": 52}], "pos": 0.7777772, "size": 1.2, "_time": 107.988281, "shift": 0.0, "time": 107.988281}, {"$id": 457, "type": 0, "sounds": [{"w": 0.0, "d": 0.170455933, "p": 60, "v": 78}], "pos": -1.0, "size": 1.2, "_time": 108.0, "shift": 0.0, "time": 108.0}, {"$id": 458, "type": 0, "sounds": [{"w": 0.0, "d": 0.1818161, "p": 51, "v": 69}], "pos": 1.0, "size": 1.0, "_time": 108.277344, "shift": 0.0, "time": 108.277344}, {"$id": 459, "type": 0, "sounds": [{"w": 0.0, "d": 0.215904236, "p": 56, "v": 81}], "pos": 0.0, "size": 1.0, "_time": 108.546875, "shift": 0.0, "time": 108.546875}, {"$id": 460, "type": 0, "sounds": [{"w": 0.0, "d": 0.2216034, "p": 51, "v": 67}], "pos": -1.84722281, "size": 1.2, "_time": 108.8125, "shift": 0.0, "time": 108.8125}, {"$id": 461, "type": 0, "sounds": [{"w": 0.0, "d": 0.238647461, "p": 75, "v": 74}], "pos": 1.15277719, "size": 1.2, "_time": 108.816406, "shift": 0.0, "time": 108.816406}, {"$id": 462, "type": 0, "sounds": [{"w": 0.0, "d": 0.511352539, "p": 77, "v": 78}], "pos": 1.0, "size": 1.2, "_time": 109.074219, "shift": 0.0, "time": 109.074219}, {"$id": 463, "type": 0, "sounds": [{"w": 0.0, "d": 0.2215805, "p": 46, "v": 70}], "pos": -1.44444442, "size": 1.2, "_time": 109.078125, "shift": 0.0, "time": 109.078125}, {"$id": 464, "type": 0, "sounds": [{"w": 0.0, "d": 0.5340805, "p": 74, "v": 74}], "pos": 1.5, "size": 1.2, "_time": 109.089844, "shift": 0.0, "time": 109.089844}, {"$id": 465, "type": 0, "sounds": [{"w": 0.0, "d": 0.215911865, "p": 53, "v": 60}], "pos": -0.5, "size": 1.0, "_time": 109.359375, "shift": 0.0, "time": 109.359375}, {"$id": 466, "type": 0, "sounds": [{"w": 0.0, "d": 0.07386017, "p": 79, "v": 88}], "pos": 1.65277719, "size": 1.2, "_time": 109.625, "shift": 0.0, "time": 109.625}, {"$id": 467, "type": 0, "sounds": [{"w": 0.0, "d": 0.164772034, "p": 58, "v": 72}], "pos": -0.9722228, "size": 1.2, "_time": 109.636719, "shift": 0.0, "time": 109.636719}, {"$id": 468, "type": 0, "sounds": [{"w": 0.0, "d": 0.164772034, "p": 53, "v": 59}], "pos": 0.5, "size": 1.0, "_time": 109.910156, "shift": 0.0, "time": 109.910156}, {"$id": 469, "type": 0, "sounds": [{"w": 0.0, "d": 0.102272034, "p": 82, "v": 90}], "pos": 1.63888776, "size": 1.2, "_time": 110.164063, "shift": 0.0, "time": 110.164063}, {"$id": 470, "type": 0, "sounds": [{"w": 0.0, "d": 0.0909118652, "p": 77, "v": 73}], "pos": 1.01388776, "size": 1.2, "_time": 110.183594, "shift": 0.0, "time": 110.183594}, {"$id": 471, "type": 0, "sounds": [{"w": 0.0, "d": 0.11932373, "p": 62, "v": 70}], "pos": -0.861112237, "size": 1.2, "_time": 110.183594, "shift": 0.0, "time": 110.183594}, {"$id": 472, "type": 0, "sounds": [{"w": 0.0, "d": 0.221588135, "p": 53, "v": 69}], "pos": -1.59722281, "size": 1.0, "_time": 110.453125, "shift": 0.0, "time": 110.453125}, {"$id": 473, "type": 0, "sounds": [{"w": 0.0, "d": 0.215911865, "p": 58, "v": 68}], "pos": -0.9722228, "size": 1.0, "_time": 110.722656, "shift": 0.0, "time": 110.722656}, {"$id": 474, "type": 0, "sounds": [{"w": 0.0, "d": 0.170455933, "p": 84, "v": 86}], "pos": 1.24999928, "size": 1.0, "_time": 110.734375, "shift": 0.0, "time": 110.734375}, {"$id": 475, "type": 0, "sounds": [{"w": 0.0, "d": 0.102272034, "p": 86, "v": 72}], "pos": 1.49999928, "size": 1.0, "_time": 110.976563, "shift": 0.0, "time": 110.976563}, {"$id": 476, "type": 0, "sounds": [{"w": 0.0, "d": 0.2386322, "p": 53, "v": 75}], "pos": -1.59722281, "size": 1.0, "_time": 110.984375, "shift": 0.0, "time": 110.984375}, {"$id": 477, "type": 0, "sounds": [{"w": 0.0, "d": 0.124992371, "p": 87, "v": 85}], "pos": 1.62499928, "size": 1.1, "_time": 111.261719, "shift": 0.0, "time": 111.261719}, {"$id": 478, "type": 0, "sounds": [{"w": 0.0, "d": 0.1193161, "p": 79, "v": 65}], "pos": 0.0, "size": 1.1, "_time": 111.449219, "shift": 0.0, "time": 111.449219}, {"$id": 479, "type": 0, "sounds": [{"w": 0.0, "d": 0.1193161, "p": 75, "v": 64}], "pos": -1.0, "size": 1.1, "_time": 111.628906, "shift": 0.0, "time": 111.628906}, {"$id": 480, "type": 0, "sounds": [{"w": 0.0, "d": 0.164772034, "p": 86, "v": 83}], "pos": 1.49999928, "size": 1.1, "_time": 111.8125, "shift": 0.0, "time": 111.8125}, {"$id": 481, "type": 0, "sounds": [{"w": 0.0, "d": 0.147727966, "p": 77, "v": 61}], "pos": 0.374999285, "size": 1.1, "_time": 112.015625, "shift": 0.0, "time": 112.015625}, {"$id": 482, "type": 0, "sounds": [{"w": 0.0, "d": 0.11932373, "p": 74, "v": 61}], "pos": -1.5, "size": 1.1, "_time": 112.160156, "shift": 0.0, "time": 112.160156}, {"$id": 483, "type": 0, "sounds": [{"w": 0.0, "d": 0.25, "p": 79, "v": 72}], "pos": 1.0, "size": 1.1, "_time": 112.363281, "shift": 0.0, "time": 112.363281}, {"$id": 484, "type": 0, "sounds": [{"w": 0.0, "d": 0.113639832, "p": 75, "v": 63}], "pos": 0.124999285, "size": 1.1, "_time": 112.625, "shift": 0.0, "time": 112.625}, {"$id": 485, "type": 0, "sounds": [{"w": 0.0, "d": 0.210220337, "p": 59, "v": 64}], "pos": -1.5, "size": 1.30000007, "_time": 112.902344, "shift": 0.0, "time": 112.902344}, {"$id": 486, "type": 0, "sounds": [{"w": 0.0, "d": 0.1875, "p": 82, "v": 87}], "pos": 0.9999993, "size": 1.30000007, "_time": 112.914063, "shift": 0.0, "time": 112.914063}, {"$id": 487, "type": 0, "sounds": [{"w": 0.0, "d": 0.0965805054, "p": 74, "v": 63}], "pos": -7.15255737e-07, "size": 1.0, "_time": 113.171875, "shift": 0.0, "time": 113.171875}, {"$id": 488, "type": 0, "sounds": [{"w": 0.0, "d": 0.5681839, "p": 79, "v": 58}], "pos": 0.6249993, "size": 1.2, "_time": 113.4375, "shift": 0.0, "time": 113.4375}, {"$id": 489, "type": 0, "sounds": [{"w": 0.0, "d": 0.5625, "p": 72, "v": 53}], "pos": -1.5, "size": 1.2, "_time": 113.441406, "shift": 0.0, "time": 113.441406}, {"$id": 490, "type": 0, "sounds": [{"w": 0.0, "d": 0.528404236, "p": 84, "v": 94}], "pos": 1.24999928, "size": 1.2, "_time": 113.460938, "shift": 0.0, "time": 113.460938}, {"$id": 491, "type": 0, "sounds": [{"w": 0.0, "d": 0.4204483, "p": 60, "v": 63}], "pos": 0.0, "size": 1.0, "_time": 114.0, "shift": 0.0, "time": 114.0}, {"$id": 492, "type": 0, "sounds": [{"w": 0.0, "d": 0.488639832, "p": 82, "v": 85}], "pos": 1.5, "size": 1.1, "_time": 114.527344, "shift": 0.0, "time": 114.527344}, {"$id": 493, "type": 0, "sounds": [{"w": 0.0, "d": 0.312507629, "p": 51, "v": 71}], "pos": -1.569445, "size": 1.1, "_time": 114.539063, "shift": 0.0, "time": 114.539063}, {"$id": 494, "type": 0, "sounds": [{"w": 0.0, "d": 0.3806839, "p": 73, "v": 79}], "pos": 0.9027772, "size": 1.1, "_time": 114.546875, "shift": 0.0, "time": 114.546875}, {"$id": 495, "type": 0, "sounds": [{"w": 0.0, "d": 0.232955933, "p": 58, "v": 46}], "pos": -0.9722228, "size": 1.0, "_time": 114.800781, "shift": 0.0, "time": 114.800781}, {"$id": 496, "type": 0, "sounds": [{"w": 0.0, "d": 0.07954407, "p": 61, "v": 68}], "pos": -0.5972228, "size": 1.1, "_time": 115.074219, "shift": 0.0, "time": 115.074219}, {"$id": 497, "type": 0, "sounds": [{"w": 0.0, "d": 0.1988678, "p": 79, "v": 88}], "pos": 1.65277719, "size": 1.1, "_time": 115.078125, "shift": 0.0, "time": 115.078125}, {"$id": 498, "type": 0, "sounds": [{"w": 0.0, "d": 0.8011322, "p": 72, "v": 66}], "pos": 0.7777772, "size": 1.1, "_time": 115.625, "shift": 0.0, "time": 115.625}, {"$id": 499, "type": 0, "sounds": [{"w": 0.0, "d": 0.3238678, "p": 44, "v": 68}], "pos": -1.61111069, "size": 1.1, "_time": 115.636719, "shift": 0.0, "time": 115.636719}, {"$id": 500, "type": 0, "sounds": [{"w": 0.0, "d": 0.8011246, "p": 77, "v": 93}], "pos": 1.40277719, "size": 1.1, "_time": 115.664063, "shift": 0.0, "time": 115.664063}, {"$id": 501, "type": 0, "sounds": [{"w": 0.0, "d": 0.232955933, "p": 51, "v": 61}], "pos": -0.736111641, "size": 1.0, "_time": 115.914063, "shift": 0.0, "time": 115.914063}, {"$id": 502, "type": 0, "sounds": [{"w": 0.0, "d": 0.147727966, "p": 56, "v": 57}], "pos": 0.9999995, "size": 1.0, "_time": 116.175781, "shift": 0.0, "time": 116.175781}, {"$id": 503, "type": 0, "sounds": [{"w": 0.0, "d": 0.272743225, "p": 51, "v": 64}], "pos": -0.236111879, "size": 1.0, "_time": 116.441406, "shift": 0.0, "time": 116.441406}, {"$id": 504, "type": 0, "sounds": [{"w": 0.0, "d": 0.07954407, "p": 72, "v": 72}], "pos": 0.7777772, "size": 1.1, "_time": 116.726563, "shift": 0.0, "time": 116.726563}, {"$id": 505, "type": 0, "sounds": [{"w": 0.0, "d": 0.0625, "p": 79, "v": 88}], "pos": 1.65277719, "size": 1.1, "_time": 116.734375, "shift": 0.0, "time": 116.734375}, {"$id": 506, "type": 0, "sounds": [{"w": 0.0, "d": 0.272720337, "p": 60, "v": 61}], "pos": -1.5, "size": 1.1, "_time": 116.734375, "shift": 0.0, "time": 116.734375}, {"$id": 507, "type": 0, "sounds": [{"w": 0.0, "d": 0.170463562, "p": 82, "v": 74}], "pos": 1.41666579, "size": 1.0, "_time": 117.0, "shift": 0.0, "time": 117.0}, {"$id": 508, "type": 0, "sounds": [{"w": 0.0, "d": 0.2613678, "p": 79, "v": 79}], "pos": -0.06944418, "size": 1.0, "_time": 117.265625, "shift": 0.0, "time": 117.265625}, {"$id": 509, "type": 0, "sounds": [{"w": 0.0, "d": 0.210220337, "p": 75, "v": 72}], "pos": -1.06944513, "size": 1.0, "_time": 117.546875, "shift": 0.0, "time": 117.546875}, {"$id": 510, "type": 0, "sounds": [{"w": 0.0, "d": 0.2329483, "p": 46, "v": 46}], "pos": -1.5, "size": 1.2, "_time": 117.808594, "shift": 0.0, "time": 117.808594}, {"$id": 511, "type": 0, "sounds": [{"w": 0.0, "d": 0.642044067, "p": 77, "v": 71}], "pos": 1.40277719, "size": 1.2, "_time": 117.8125, "shift": 0.0, "time": 117.8125}, {"$id": 512, "type": 0, "sounds": [{"w": 0.0, "d": 0.659088135, "p": 72, "v": 56}], "pos": 0.7777772, "size": 1.2, "_time": 117.828125, "shift": 0.0, "time": 117.828125}, {"$id": 513, "type": 0, "sounds": [{"w": 0.0, "d": 0.210227966, "p": 53, "v": 52}], "pos": 1.0, "size": 1.1, "_time": 118.089844, "shift": 0.0, "time": 118.089844}, {"$id": 514, "type": 0, "sounds": [{"w": 0.0, "d": 0.215904236, "p": 58, "v": 55}], "pos": 0.0, "size": 1.1, "_time": 118.351563, "shift": 0.0, "time": 118.351563}, {"$id": 515, "type": 0, "sounds": [{"w": 0.0, "d": 0.221588135, "p": 53, "v": 59}], "pos": -1.0, "size": 1.1, "_time": 118.636719, "shift": 0.0, "time": 118.636719}, {"$id": 516, "type": 0, "sounds": [{"w": 0.0, "d": 0.1761322, "p": 62, "v": 63}], "pos": -1.5, "size": 1.2, "_time": 118.902344, "shift": 0.0, "time": 118.902344}, {"$id": 517, "type": 0, "sounds": [{"w": 0.0, "d": 0.267036438, "p": 79, "v": 94}], "pos": 1.56944346, "size": 1.2, "_time": 118.902344, "shift": 0.0, "time": 118.902344}, {"$id": 518, "type": 0, "sounds": [{"w": 0.0, "d": 0.198860168, "p": 77, "v": 80}], "pos": 0.624999046, "size": 1.0, "_time": 119.183594, "shift": 0.0, "time": 119.183594}, {"$id": 519, "type": 0, "sounds": [{"w": 0.0, "d": 0.267044067, "p": 72, "v": 67}], "pos": -9.536743e-07, "size": 1.0, "_time": 119.449219, "shift": 0.0, "time": 119.449219}, {"$id": 520, "type": 0, "sounds": [{"w": 0.0, "d": 0.1306839, "p": 70, "v": 68}], "pos": -1.0, "size": 1.0, "_time": 119.738281, "shift": 0.0, "time": 119.738281}, {"$id": 521, "type": 0, "sounds": [{"w": 0.0, "d": 1.50567627, "p": 65, "v": 44}], "pos": -1.0, "size": 1.1, "_time": 119.996094, "shift": 0.0, "time": 119.996094}, {"$id": 522, "type": 0, "sounds": [{"w": 0.0, "d": 1.4943161, "p": 67, "v": 63}], "pos": 0.9166667, "size": 1.1, "_time": 119.996094, "shift": 0.0, "time": 119.996094}, {"$id": 523, "type": 0, "sounds": [{"w": 0.0, "d": 1.48295593, "p": 74, "v": 62}], "pos": 1.41666675, "size": 1.1, "_time": 120.003906, "shift": 0.0, "time": 120.003906}, {"$id": 524, "type": 0, "sounds": [{"w": 0.0, "d": 1.3693161, "p": 60, "v": 57}], "pos": -1.500001, "size": 1.1, "_time": 120.011719, "shift": 0.0, "time": 120.011719}, {"$id": 525, "type": 0, "sounds": [{"w": 0.0, "d": 0.170455933, "p": 72, "v": 48}], "pos": 1.0, "size": 0.9, "_time": 122.074219, "shift": 0.0, "time": 122.074219}, {"$id": 526, "type": 0, "sounds": [{"w": 0.0, "d": 5.471634, "p": 48, "v": 36}], "pos": -0.8333347, "size": 1.2, "_time": 122.5625, "shift": 0.0, "time": 122.5625}, {"$id": 527, "type": 0, "sounds": [{"w": 0.0, "d": 0.147727966, "p": 43, "v": 48}], "pos": -1.45833468, "size": 1.2, "_time": 122.660156, "shift": 0.0, "time": 122.660156}, {"$id": 528, "type": 0, "sounds": [{"w": 0.0, "d": 0.698860168, "p": 60, "v": 38}], "pos": 0.499999046, "size": 1.2, "_time": 122.699219, "shift": 0.0, "time": 122.699219}, {"$id": 529, "type": 0, "sounds": [{"w": 0.0, "d": 0.607955933, "p": 64, "v": 64}], "pos": 0.8055544, "size": 1.2, "_time": 122.773438, "shift": 0.0, "time": 122.773438}, {"$id": 530, "type": 0, "sounds": [{"w": 0.0, "d": 0.607955933, "p": 67, "v": 71}], "pos": 1.18055439, "size": 1.2, "_time": 122.796875, "shift": 0.0, "time": 122.796875}, {"$id": 531, "type": 0, "sounds": [{"w": 0.0, "d": 5.221634, "p": 36, "v": 73}], "pos": -1.63888907, "size": 1.2, "_time": 122.808594, "shift": 0.0, "time": 122.808594}, {"$id": 532, "type": 0, "sounds": [{"w": 0.0, "d": 0.573860168, "p": 72, "v": 72}], "pos": 1.80555439, "size": 1.2, "_time": 122.851563, "shift": 0.0, "time": 122.851563}], "links": [{"notes": [{"$ref": 522}, {"$ref": 521}, {"$ref": 523}, {"$ref": 524}]}, {"notes": [{"$ref": 527}, {"$ref": 529}, {"$ref": 530}, {"$ref": 531}, {"$ref": 532}]}, {"notes": [{"$ref": 378}, {"$ref": 379}, {"$ref": 380}, {"$ref": 381}, {"$ref": 382}]}, {"notes": [{"$ref": 41}, {"$ref": 42}]}, {"notes": [{"$ref": 49}, {"$ref": 50}]}, {"notes": [{"$ref": 45}, {"$ref": 46}]}, {"notes": [{"$ref": 70}, {"$ref": 71}]}, {"notes": [{"$ref": 68}, {"$ref": 69}]}, {"notes": [{"$ref": 85}, {"$ref": 86}]}, {"notes": [{"$ref": 88}, {"$ref": 89}]}, {"notes": [{"$ref": 94}, {"$ref": 95}]}, {"notes": [{"$ref": 100}, {"$ref": 101}]}, {"notes": [{"$ref": 116}, {"$ref": 117}, {"$ref": 118}, {"$ref": 119}]}, {"notes": [{"$ref": 137}, {"$ref": 138}]}, {"notes": [{"$ref": 173}, {"$ref": 174}, {"$ref": 175}]}, {"notes": [{"$ref": 152}, {"$ref": 153}]}, {"notes": [{"$ref": 162}, {"$ref": 163}, {"$ref": 164}]}, {"notes": [{"$ref": 215}, {"$ref": 216}]}, {"notes": [{"$ref": 221}, {"$ref": 222}, {"$ref": 223}]}, {"notes": [{"$ref": 248}, {"$ref": 250}]}, {"notes": [{"$ref": 235}, {"$ref": 236}]}, {"notes": [{"$ref": 255}, {"$ref": 257}]}, {"notes": [{"$ref": 275}, {"$ref": 276}, {"$ref": 277}, {"$ref": 278}, {"$ref": 279}, {"$ref": 280}]}, {"notes": [{"$ref": 262}, {"$ref": 263}, {"$ref": 265}]}, {"notes": [{"$ref": 332}, {"$ref": 333}, {"$ref": 335}]}, {"notes": [{"$ref": 364}, {"$ref": 366}, {"$ref": 367}]}, {"notes": [{"$ref": 413}, {"$ref": 414}, {"$ref": 415}, {"$ref": 417}]}, {"notes": [{"$ref": 448}, {"$ref": 450}, {"$ref": 451}]}, {"notes": [{"$ref": 455}, {"$ref": 456}]}, {"notes": [{"$ref": 462}, {"$ref": 464}]}, {"notes": [{"$ref": 469}, {"$ref": 470}]}, {"notes": [{"$ref": 488}, {"$ref": 490}]}, {"notes": [{"$ref": 492}, {"$ref": 494}]}, {"notes": [{"$ref": 498}, {"$ref": 500}]}, {"notes": [{"$ref": 504}, {"$ref": 505}]}, {"notes": [{"$ref": 511}, {"$ref": 512}]}, {"notes": [{"$ref": 1}, {"$ref": 2}, {"$ref": 3}]}, {"notes": [{"$ref": 28}, {"$ref": 29}, {"$ref": 30}]}, {"notes": [{"$ref": 79}, {"$ref": 80}, {"$ref": 81}]}, {"notes": [{"$ref": 238}, {"$ref": 240}]}]}