{"speed": 6.0, "notes": [{"$id": 1, "sounds": [{"d": 0.5078124, "p": 61, "v": 62}], "pos": -1.5, "size": 1.2, "_time": 1.36328125}, {"$id": 2, "sounds": [{"d": 0.166903377, "p": 77, "v": 62}], "pos": 0.5, "size": 1.0, "_time": 1.36328125}, {"$id": 3, "sounds": [{"d": 0.166903377, "p": 78, "v": 66}], "pos": 1.0, "size": 1.0, "_time": 1.53515625}, {"$id": 4, "sounds": [{"d": 0.166903377, "p": 80, "v": 64}], "pos": 1.5, "size": 1.0, "_time": 1.703125}, {"$id": 5, "sounds": [{"d": 0.166903257, "p": 68, "v": 64}], "pos": 1.0, "size": 1.2, "_time": 1.875}, {"$id": 6, "sounds": [{"d": 0.848721266, "p": 61, "v": 68}], "pos": -1.5, "size": 1.2, "_time": 1.875}, {"$id": 7, "sounds": [{"d": 0.166903257, "p": 65, "v": 64}], "pos": -1.0, "size": 1.0, "_time": 2.046875}, {"$id": 8, "sounds": [{"d": 0.166903257, "p": 73, "v": 64}], "pos": -0.5, "size": 1.0, "_time": 2.21484375}, {"$id": 9, "sounds": [{"d": 0.166903257, "p": 72, "v": 64}], "size": 1.0, "_time": 2.38671875, "pos": 0}, {"$id": 10, "sounds": [{"d": 0.166903257, "p": 68, "v": 64}], "pos": -0.5, "size": 1.0, "_time": 2.55859375}, {"$id": 11, "sounds": [{"d": 0.507812262, "p": 63, "v": 68}], "pos": -1.5, "size": 1.0, "_time": 2.7265625}, {"$id": 12, "sounds": [{"d": 0.166903257, "p": 75, "v": 64}], "pos": 1.5, "size": 1.2, "_time": 2.7265625}, {"$id": 13, "sounds": [{"d": 0.166903257, "p": 68, "v": 64}], "pos": -1.0, "size": 1.0, "_time": 2.8984375}, {"$id": 14, "sounds": [{"d": 0.166903257, "p": 77, "v": 64}], "pos": -0.5, "size": 1.0, "_time": 3.06640625}, {"$id": 15, "sounds": [{"d": 0.166903257, "p": 73, "v": 64}], "pos": 1.5, "size": 1.2, "_time": 3.23828125}, {"$id": 16, "sounds": [{"d": 0.8487215, "p": 65, "v": 68}], "pos": -1.0, "size": 1.2, "_time": 3.23828125}, {"$id": 17, "sounds": [{"d": 0.166903257, "p": 72, "v": 64}], "pos": 1.0, "size": 1.0, "_time": 3.41015625}, {"$id": 18, "sounds": [{"d": 0.166903257, "p": 68, "v": 64}], "pos": 0.5, "size": 1.0, "_time": 3.578125}, {"$id": 19, "sounds": [{"d": 0.166903257, "p": 73, "v": 64}], "size": 1.0, "_time": 3.75, "pos": 0}, {"$id": 20, "sounds": [{"d": 0.1669035, "p": 77, "v": 77}], "pos": 0.5, "size": 1.0, "_time": 3.921875}, {"$id": 21, "sounds": [{"d": 0.1669035, "p": 78, "v": 75}], "pos": 1.0, "size": 1.0, "_time": 4.08984375}, {"$id": 22, "sounds": [{"d": 0.5078125, "p": 47, "v": 78}], "pos": -1.5, "size": 1.2, "_time": 4.08984375}, {"$id": 23, "sounds": [{"d": 0.1669035, "p": 77, "v": 79}], "pos": 0.5, "size": 1.0, "_time": 4.26171875}, {"$id": 24, "sounds": [{"d": 0.1669035, "p": 73, "v": 79}], "size": 1.0, "_time": 4.43359375, "pos": 0}, {"$id": 25, "sounds": [{"d": 0.1669035, "p": 68, "v": 79}], "pos": -0.5, "size": 1.0, "_time": 4.6015625}, {"$id": 26, "sounds": [{"d": 0.1669035, "p": 66, "v": 79}], "pos": -1.0, "size": 1.0, "_time": 4.7734375}, {"$id": 27, "sounds": [{"d": 0.1669035, "p": 75, "v": 102}], "pos": 1.0, "size": 1.2, "_time": 4.94140625}, {"$id": 28, "sounds": [{"d": 0.1669035, "p": 73, "v": 72}], "pos": -0.5, "size": 1.2, "_time": 5.11328125}, {"$id": 29, "sounds": [{"d": 0.1669035, "p": 68, "v": 84}], "pos": 1.5, "size": 1.2, "_time": 5.28515625}, {"$id": 30, "sounds": [{"d": 0.848720551, "p": 56, "v": 62}], "pos": -1.5, "size": 1.2, "_time": 5.28515625}, {"$id": 31, "sounds": [{"d": 0.110085011, "p": 80, "v": 50}], "pos": 2.0, "size": 1.0, "_time": 5.68359375}, {"$id": 32, "sounds": [{"d": 0.110085011, "p": 75, "v": 82}], "pos": 1.42713583, "size": 1.0, "_time": 5.796875}, {"$id": 33, "sounds": [{"d": 0.110085011, "p": 73, "v": 66}], "pos": 0.924622357, "size": 1.0, "_time": 5.91015625}, {"$id": 34, "sounds": [{"d": 0.110085011, "p": 68, "v": 70}], "pos": 0.5, "size": 1.0, "_time": 6.0234375}, {"$id": 35, "sounds": [{"d": 0.110085011, "p": 66, "v": 56}], "pos": -0.0753767, "size": 1.0, "_time": 6.13671875}, {"$id": 36, "sounds": [{"d": 0.102983, "p": 33, "v": 72}], "pos": -1.5, "size": 1.30000007, "_time": 6.30859375}, {"$id": 37, "sounds": [{"d": 0.8487215, "p": 58, "v": 78}, {"d": 0.8487215, "p": 63, "v": 78}, {"d": 0.8487215, "p": 54, "v": 78}], "pos": 1.5, "size": 1.50000012, "_time": 6.6484375}, {"$id": 38, "sounds": [{"d": 0.8487215, "p": 32, "v": 78}], "pos": -1.0, "size": 1.50000012, "_time": 6.6484375}, {"$id": 39, "sounds": [{"d": 1.178976, "p": 80, "v": 60}], "size": 1.0, "_time": 8.011719, "pos": 0}, {"$id": 40, "sounds": [{"d": 1.122158, "p": 85, "v": 66}], "pos": 0.5, "size": 1.0, "_time": 8.066406}, {"$id": 41, "sounds": [{"d": 1.06534, "p": 87, "v": 78}], "pos": 1.0, "size": 1.0, "_time": 8.125}, {"$id": 42, "sounds": [{"d": 1.008522, "p": 92, "v": 96}], "pos": 1.5, "size": 1.0, "_time": 8.183594}, {"$id": 43, "sounds": [{"d": 0.102982521, "p": 65, "v": 111}], "pos": -1.0, "size": 1.2, "_time": 10.0546875}, {"$id": 44, "sounds": [{"d": 0.0426139832, "p": 65, "v": 96}], "pos": -1.0, "size": 1.2, "_time": 10.3984375}, {"$id": 45, "sounds": [{"d": 0.0674715042, "p": 66, "v": 111}], "pos": 1.0, "size": 1.2, "_time": 10.5664063}, {"$id": 46, "sounds": [{"d": 0.887784, "p": 65, "v": 106}], "pos": -1.0, "size": 1.2, "_time": 10.7148438}, {"$id": 47, "sounds": [{"d": 0.188210487, "p": 63, "v": 106}], "pos": 0.5, "size": 1.2, "_time": 11.8164063}, {"$id": 48, "sounds": [{"d": 0.152698517, "p": 61, "v": 106}], "pos": -1.0, "size": 1.2, "_time": 12.0390625}, {"$id": 49, "sounds": [{"d": 0.230823517, "p": 63, "v": 114}], "pos": 0.5, "size": 1.2, "_time": 12.2929688}, {"$id": 50, "sounds": [{"d": 0.09943199, "p": 65, "v": 88}], "pos": 1.5, "size": 1.2, "_time": 12.6054688}, {"$id": 51, "sounds": [{"d": 0.5078125, "p": 56, "v": 100}], "pos": -1.5, "size": 1.2, "_time": 12.7851563}, {"$id": 52, "sounds": [{"d": 0.585938454, "p": 56, "v": 91}], "pos": -1.0, "size": 1.2, "_time": 14.3164063}, {"$id": 53, "sounds": [{"d": 0.568182, "p": 63, "v": 91}], "pos": 1.5, "size": 1.2, "_time": 14.328125}, {"$id": 54, "sounds": [{"d": 0.337358475, "p": 58, "v": 77}], "pos": -0.5, "size": 1.2, "_time": 15.0}, {"$id": 55, "sounds": [{"d": 0.319602, "p": 65, "v": 77}], "pos": 1.79899514, "size": 1.2, "_time": 15.0117188}, {"$id": 56, "sounds": [{"d": 0.188210487, "p": 56, "v": 114}], "pos": -1.5, "size": 1.2, "_time": 15.515625}, {"$id": 57, "sounds": [{"d": 0.05681801, "p": 61, "v": 104}], "pos": 1.0, "size": 1.2, "_time": 15.8554688}, {"$id": 58, "sounds": [{"d": 0.05681801, "p": 61, "v": 115}], "pos": 1.0, "size": 1.2, "_time": 16.0273438}, {"$id": 59, "sounds": [{"d": 0.269886017, "p": 60, "v": 106}], "pos": -0.5, "size": 1.2, "_time": 16.1914063}, {"$id": 60, "sounds": [{"d": 0.177556992, "p": 56, "v": 91}], "pos": -1.5, "size": 1.2, "_time": 16.5351563}, {"$id": 61, "sounds": [{"d": 0.305397034, "p": 63, "v": 108}], "size": 1.2, "_time": 16.8710938, "pos": 0}, {"$id": 62, "sounds": [{"d": 0.09588051, "p": 56, "v": 98}], "pos": -1.5, "size": 1.2, "_time": 17.2148438}, {"$id": 63, "sounds": [{"d": 0.1171875, "p": 63, "v": 112}], "pos": 1.5, "size": 1.2, "_time": 17.3789063}, {"$id": 64, "sounds": [{"d": 0.166902542, "p": 61, "v": 84}], "pos": 0.5, "size": 1.2, "_time": 17.5585938}, {"$id": 65, "sounds": [{"d": 0.276987076, "p": 60, "v": 101}], "pos": -1.0, "size": 1.2, "_time": 17.7148438}, {"$id": 66, "sounds": [{"d": 0.15625, "p": 61, "v": 89}], "pos": 0.547737956, "size": 1.2, "_time": 18.0546875}, {"$id": 67, "sounds": [{"d": 0.319602966, "p": 68, "v": 114}], "pos": 1.505025, "size": 1.2, "_time": 18.2226563}, {"$id": 68, "sounds": [{"d": 0.3125, "p": 72, "v": 90}], "pos": -1.5, "size": 1.0, "_time": 19.0898438}, {"$id": 69, "sounds": [{"d": 0.316051483, "p": 84, "v": 116}], "pos": 1.0, "size": 1.0, "_time": 19.09375}, {"$id": 70, "sounds": [{"d": 0.1171875, "p": 85, "v": 116}], "pos": 0.321607828, "size": 1.0, "_time": 19.4492188}, {"$id": 71, "sounds": [{"d": 0.316051483, "p": 80, "v": 90}], "pos": -0.7814077, "size": 1.0, "_time": 19.5976563}, {"$id": 72, "sounds": [{"d": 0.316051483, "p": 92, "v": 116}], "pos": 2.0, "size": 1.0, "_time": 19.6054688}, {"$id": 73, "sounds": [{"d": 0.166902542, "p": 78, "v": 100}], "pos": 1.27638149, "size": 1.0, "_time": 19.9414063}, {"$id": 74, "sounds": [{"d": 0.166902542, "p": 77, "v": 100}], "pos": 0.427135885, "size": 1.0, "_time": 20.1132813}, {"$id": 75, "sounds": [{"d": 0.166904449, "p": 73, "v": 100}], "pos": -0.5, "size": 1.0, "_time": 20.2851563}, {"$id": 76, "sounds": [{"d": 0.319602966, "p": 61, "v": 68}], "pos": -1.6482408, "size": 1.2, "_time": 20.453125}, {"$id": 77, "sounds": [{"d": 0.337358475, "p": 68, "v": 100}], "pos": 1.16080379, "size": 1.2, "_time": 20.453125}, {"$id": 78, "sounds": [{"d": 0.102983475, "p": 65, "v": 110}], "pos": -1.0, "size": 1.2, "_time": 20.9609375}, {"$id": 79, "sounds": [{"d": 0.0461654663, "p": 65, "v": 104}], "pos": -1.0, "size": 1.2, "_time": 21.296875}, {"$id": 80, "sounds": [{"d": 0.06747246, "p": 66, "v": 120}], "pos": 1.0, "size": 1.2, "_time": 21.4726563}, {"$id": 81, "sounds": [{"d": 0.891336441, "p": 65, "v": 106}], "pos": -1.0, "size": 1.2, "_time": 21.640625}, {"$id": 82, "sounds": [{"d": 0.188209534, "p": 63, "v": 106}], "pos": 0.5, "size": 1.2, "_time": 22.6914063}, {"$id": 83, "sounds": [{"d": 0.152698517, "p": 61, "v": 106}], "pos": -1.14824176, "size": 1.2, "_time": 22.984375}, {"$id": 84, "sounds": [{"d": 0.230823517, "p": 63, "v": 114}], "pos": 0.5, "size": 1.2, "_time": 23.1875}, {"$id": 85, "sounds": [{"d": 0.102983475, "p": 65, "v": 88}], "pos": -0.5, "size": 1.2, "_time": 23.5195313}, {"$id": 86, "sounds": [{"d": 0.46875, "p": 68, "v": 97}], "pos": 1.5, "size": 1.2, "_time": 23.6914063}, {"$id": 87, "sounds": [{"d": 0.3906231, "p": 56, "v": 103}], "pos": -1.5, "size": 1.2, "_time": 24.375}, {"$id": 88, "sounds": [{"d": 0.230821609, "p": 63, "v": 114}], "pos": 0.5, "size": 1.2, "_time": 24.546875}, {"$id": 89, "sounds": [{"d": 0.102983475, "p": 65, "v": 88}], "pos": 1.5, "size": 1.2, "_time": 24.8789063}, {"$id": 90, "sounds": [{"d": 0.46875, "p": 61, "v": 97}], "pos": -1.0, "size": 1.2, "_time": 25.0507813}, {"$id": 91, "sounds": [{"d": 0.308950424, "p": 65, "v": 58}], "pos": 1.1507535, "size": 1.2, "_time": 25.9023438}, {"$id": 92, "sounds": [{"d": 0.308950424, "p": 54, "v": 58}], "pos": -1.00251257, "size": 1.2, "_time": 25.9023438}, {"$id": 93, "sounds": [{"d": 0.209516525, "p": 58, "v": 86}], "pos": -0.326632977, "size": 1.2, "_time": 26.40625}, {"$id": 94, "sounds": [{"d": 0.163352966, "p": 70, "v": 111}], "pos": 1.5, "size": 1.2, "_time": 26.5898438}, {"$id": 95, "sounds": [{"d": 0.181108475, "p": 58, "v": 100}], "pos": -0.3517592, "size": 1.2, "_time": 26.7617188}, {"$id": 96, "sounds": [{"d": 0.241477966, "p": 68, "v": 98}], "pos": 0.67336607, "size": 1.2, "_time": 27.1015625}, {"$id": 97, "sounds": [{"d": 0.308948517, "p": 53, "v": 58}], "pos": -1.45226121, "size": 1.2, "_time": 27.1015625}, {"$id": 98, "sounds": [{"d": 0.177556992, "p": 63, "v": 106}], "pos": 1.0, "size": 1.2, "_time": 27.7851563}, {"$id": 99, "sounds": [{"d": 0.259233475, "p": 60, "v": 109}], "pos": -1.0, "size": 1.2, "_time": 28.125}, {"$id": 100, "sounds": [{"d": 0.458095551, "p": 61, "v": 91}], "pos": 1.37688434, "size": 1.2, "_time": 28.4804688}, {"$id": 101, "sounds": [{"d": 0.458095551, "p": 57, "v": 99}], "pos": -1.5, "size": 1.2, "_time": 28.4804688}, {"$id": 102, "sounds": [{"d": 0.397727966, "p": 49, "v": 80}, {"d": 0.397727966, "p": 54, "v": 80}], "pos": -1.12814069, "size": 1.50000012, "_time": 29.1445313}, {"$id": 103, "sounds": [{"d": 0.397727966, "p": 59, "v": 96}], "pos": 0.9020107, "size": 1.50000012, "_time": 29.1484375}, {"$id": 104, "sounds": [{"d": 0.284090042, "p": 54, "v": 79}, {"d": 0.284090042, "p": 58, "v": 99}], "pos": -0.4698496, "size": 1.50000012, "_time": 29.8359375}, {"$id": 105, "sounds": [{"d": 0.280538559, "p": 61, "v": 91}], "pos": 1.45477366, "size": 1.50000012, "_time": 29.8398438}, {"$id": 106, "sounds": [{"d": 0.166902542, "p": 53, "v": 100}], "pos": 1.0, "size": 1.0, "_time": 30.5117188}, {"$id": 107, "sounds": [{"d": 0.166902542, "p": 54, "v": 100}], "pos": -1.5, "size": 1.0, "_time": 30.6835938}, {"$id": 108, "sounds": [{"d": 0.124290466, "p": 56, "v": 84}], "pos": 1.5, "size": 1.0, "_time": 30.8515625}, {"$id": 109, "sounds": [{"d": 0.166902542, "p": 58, "v": 110}], "pos": -1.0, "size": 1.0, "_time": 31.0234375}, {"$id": 110, "sounds": [{"d": 0.09943199, "p": 61, "v": 100}], "pos": 0.6758796, "size": 1.0, "_time": 31.1914063}, {"$id": 111, "sounds": [{"d": 0.149148941, "p": 30, "v": 101}], "pos": -1.5, "size": 1.4000001, "_time": 31.3632813}, {"$id": 112, "sounds": [{"d": 0.340911865, "p": 65, "v": 80}, {"d": 0.340911865, "p": 58, "v": 80}, {"d": 0.340911865, "p": 61, "v": 80}], "pos": 1.5, "size": 1.4000001, "_time": 31.3632813}, {"$id": 113, "sounds": [{"d": 0.06747246, "p": 30, "v": 101}], "pos": -1.5, "size": 1.4000001, "_time": 31.5351563}, {"$id": 114, "sounds": [{"d": 0.06036949, "p": 42, "v": 101}], "pos": 1.0, "size": 1.4000001, "_time": 31.5429688}, {"$id": 115, "sounds": [{"d": 0.06747246, "p": 30, "v": 101}], "pos": -1.5, "size": 1.4000001, "_time": 31.703125}, {"$id": 116, "sounds": [{"d": 0.06036949, "p": 42, "v": 101}], "pos": 1.0, "size": 1.4000001, "_time": 31.7109375}, {"$id": 117, "sounds": [{"d": 0.07102394, "p": 65, "v": 80}, {"d": 0.07102394, "p": 58, "v": 80}, {"d": 0.07102394, "p": 61, "v": 80}], "pos": 1.5, "size": 1.4000001, "_time": 31.875}, {"$id": 118, "sounds": [{"d": 0.09233093, "p": 30, "v": 101}], "pos": -1.5, "size": 1.4000001, "_time": 31.875}, {"$id": 119, "sounds": [{"d": 0.220169067, "p": 80, "v": 78}], "pos": -1.0, "size": 1.0, "_time": 32.95703}, {"$id": 120, "sounds": [{"d": 0.220169067, "p": 89, "v": 78}], "pos": 1.67587864, "size": 1.0, "_time": 33.1835938}, {"$id": 121, "sounds": [{"d": 0.220169067, "p": 85, "v": 78}], "pos": 1.0, "size": 1.0, "_time": 33.4140625}, {"$id": 122, "sounds": [{"d": 0.220169067, "p": 82, "v": 71}], "size": 1.0, "_time": 33.640625, "pos": 0}, {"$id": 123, "sounds": [{"d": 0.220169067, "p": 78, "v": 54}], "pos": -1.0, "size": 1.0, "_time": 33.8671875}, {"$id": 124, "sounds": [{"d": 0.340904236, "p": 54, "v": 80}, {"d": 0.340904236, "p": 61, "v": 80}, {"d": 0.340904236, "p": 65, "v": 80}], "pos": 1.5, "size": 1.4000001, "_time": 34.0898438}, {"$id": 125, "sounds": [{"d": 0.149147034, "p": 30, "v": 101}], "pos": -1.5, "size": 1.4000001, "_time": 34.0898438}, {"$id": 126, "sounds": [{"d": 0.06747055, "p": 30, "v": 101}], "pos": -1.5, "size": 1.4000001, "_time": 34.26172}, {"$id": 127, "sounds": [{"d": 0.0603675842, "p": 42, "v": 101}], "pos": 1.0, "size": 1.4000001, "_time": 34.26953}, {"$id": 128, "sounds": [{"d": 0.06747055, "p": 30, "v": 101}], "pos": 1.0, "size": 1.4000001, "_time": 34.4335938}, {"$id": 129, "sounds": [{"d": 0.0603675842, "p": 42, "v": 101}], "pos": -1.5, "size": 1.4000001, "_time": 34.4375}, {"$id": 130, "sounds": [{"d": 0.07102203, "p": 58, "v": 80}, {"d": 0.07102203, "p": 65, "v": 80}, {"d": 0.07102203, "p": 61, "v": 80}], "pos": 1.5, "size": 1.4000001, "_time": 34.6015625}, {"$id": 131, "sounds": [{"d": 0.09232712, "p": 30, "v": 101}], "pos": -1.5, "size": 1.4000001, "_time": 34.6015625}, {"$id": 132, "sounds": [{"d": 0.131393433, "p": 68, "v": 46}], "pos": -1.5, "size": 1.0, "_time": 35.609375}, {"$id": 133, "sounds": [{"d": 0.181110382, "p": 78, "v": 56}], "pos": 1.5, "size": 1.0, "_time": 35.78125}, {"$id": 134, "sounds": [{"d": 0.106536865, "p": 77, "v": 56}], "pos": -1.0, "size": 1.0, "_time": 35.953125}, {"$id": 135, "sounds": [{"d": 0.09233093, "p": 85, "v": 80}], "pos": 1.5, "size": 1.0, "_time": 36.13672}, {"$id": 136, "sounds": [{"d": 0.138492584, "p": 80, "v": 80}], "pos": -0.5, "size": 1.0, "_time": 36.3085938}, {"$id": 137, "sounds": [{"d": 0.110084534, "p": 82, "v": 76}], "pos": 1.0, "size": 1.0, "_time": 36.4765625}, {"$id": 138, "sounds": [{"d": 0.1171875, "p": 73, "v": 72}], "pos": -1.0, "size": 1.0, "_time": 36.6484375}, {"$id": 139, "sounds": [{"d": 0.149147034, "p": 30, "v": 101}], "pos": -1.5, "size": 1.4000001, "_time": 36.8164063}, {"$id": 140, "sounds": [{"d": 0.340904236, "p": 54, "v": 80}, {"d": 0.340904236, "p": 61, "v": 80}, {"d": 0.340904236, "p": 65, "v": 80}], "pos": 1.5, "size": 1.4000001, "_time": 36.8164063}, {"$id": 141, "sounds": [{"d": 0.06747055, "p": 30, "v": 101}], "pos": -1.5, "size": 1.4000001, "_time": 36.98828}, {"$id": 142, "sounds": [{"d": 0.0603675842, "p": 42, "v": 101}], "pos": 1.0, "size": 1.4000001, "_time": 36.9960938}, {"$id": 143, "sounds": [{"d": 0.06747055, "p": 30, "v": 101}], "pos": -1.5, "size": 1.4000001, "_time": 37.1601563}, {"$id": 144, "sounds": [{"d": 0.0603675842, "p": 42, "v": 101}], "pos": 1.0, "size": 1.4000001, "_time": 37.16797}, {"$id": 145, "sounds": [{"d": 0.09232712, "p": 30, "v": 101}], "pos": -1.5, "size": 1.4000001, "_time": 37.328125}, {"$id": 146, "sounds": [{"d": 0.07102203, "p": 54, "v": 80}, {"d": 0.07102203, "p": 61, "v": 80}, {"d": 0.07102203, "p": 65, "v": 80}], "pos": 1.5, "size": 1.4000001, "_time": 37.328125}, {"$id": 147, "sounds": [{"d": 0.166904449, "p": 85, "v": 84}], "pos": 1.5, "size": 1.0, "_time": 38.3515625}, {"$id": 148, "sounds": [{"d": 0.166904449, "p": 84, "v": 80}], "pos": -0.5, "size": 1.0, "_time": 38.5234375}, {"$id": 149, "sounds": [{"d": 0.166904449, "p": 80, "v": 74}], "pos": 1.0, "size": 1.0, "_time": 38.6914063}, {"$id": 150, "sounds": [{"d": 0.166904449, "p": 75, "v": 70}], "pos": -1.0, "size": 1.0, "_time": 38.86328}, {"$id": 151, "sounds": [{"d": 0.166904449, "p": 73, "v": 66}], "pos": 0.5, "size": 1.0, "_time": 39.0351563}, {"$id": 152, "sounds": [{"d": 0.166900635, "p": 68, "v": 66}], "pos": -1.5, "size": 1.0, "_time": 39.203125}, {"$id": 153, "sounds": [{"d": 0.6818199, "p": 61, "v": 80}, {"d": 0.6818199, "p": 65, "v": 80}], "pos": 1.5, "size": 1.30000007, "_time": 39.375}, {"$id": 154, "sounds": [{"d": 0.6818199, "p": 54, "v": 80}, {"d": 0.6818199, "p": 58, "v": 80}], "pos": -0.5, "size": 1.30000007, "_time": 39.375}, {"$id": 155, "sounds": [{"d": 0.6285515, "p": 63, "v": 80}, {"d": 0.6285515, "p": 60, "v": 80}], "pos": 1.226131, "size": 1.30000007, "_time": 40.0585938}, {"$id": 156, "sounds": [{"d": 0.6285515, "p": 56, "v": 80}, {"d": 0.6285515, "p": 55, "v": 80}], "pos": -0.776382446, "size": 1.30000007, "_time": 40.0585938}, {"$id": 157, "sounds": [{"d": 0.68182373, "p": 53, "v": 80}, {"d": 0.68182373, "p": 50, "v": 80}], "pos": -1.5, "size": 1.30000007, "_time": 40.73828}, {"$id": 158, "sounds": [{"d": 0.68182373, "p": 58, "v": 80}, {"d": 0.68182373, "p": 57, "v": 80}], "pos": 0.9246233, "size": 1.30000007, "_time": 40.73828}, {"$id": 159, "sounds": [{"d": 0.08167648, "p": 63, "v": 85}], "pos": -1.5, "size": 1.0, "_time": 41.078125}, {"$id": 160, "sounds": [{"d": 0.08167648, "p": 62, "v": 69}], "pos": -1.22864366, "size": 1.0, "_time": 41.1640625}, {"$id": 161, "sounds": [{"d": 0.08167648, "p": 63, "v": 77}], "pos": -0.87688446, "size": 1.0, "_time": 41.25}, {"$id": 162, "sounds": [{"d": 0.08167648, "p": 65, "v": 77}], "pos": -0.4773864, "size": 1.0, "_time": 41.3359375}, {"$id": 163, "sounds": [{"d": 0.08167648, "p": 67, "v": 84}], "pos": -0.125628144, "size": 1.0, "_time": 41.421875}, {"$id": 164, "sounds": [{"d": 0.08167648, "p": 69, "v": 78}], "pos": 0.273869932, "size": 1.0, "_time": 41.5039063}, {"$id": 165, "sounds": [{"d": 0.08167648, "p": 70, "v": 94}], "pos": 0.6758796, "size": 1.0, "_time": 41.5898438}, {"$id": 166, "sounds": [{"d": 0.08167648, "p": 65, "v": 86}], "pos": -1.17839217, "size": 1.0, "_time": 41.67578}, {"$id": 167, "sounds": [{"d": 0.08167648, "p": 69, "v": 102}], "pos": -0.904522359, "size": 1.0, "_time": 41.76172}, {"$id": 168, "sounds": [{"d": 0.08167648, "p": 70, "v": 96}], "pos": -0.5778893, "size": 1.0, "_time": 41.8476563}, {"$id": 169, "sounds": [{"d": 0.08167648, "p": 72, "v": 95}], "pos": -0.226131067, "size": 1.0, "_time": 41.9335938}, {"$id": 170, "sounds": [{"d": 0.08167648, "p": 74, "v": 87}], "pos": 0.198492229, "size": 1.0, "_time": 42.015625}, {"$id": 171, "sounds": [{"d": 0.08167648, "p": 75, "v": 99}], "pos": 0.5251252, "size": 1.0, "_time": 42.1015625}, {"$id": 172, "sounds": [{"d": 0.08167648, "p": 76, "v": 84}], "pos": 0.776381552, "size": 1.0, "_time": 42.1875}, {"$id": 173, "sounds": [{"d": 1.3103714, "p": 49, "v": 49}, {"d": 0.5078125, "p": 67, "v": 88}], "pos": -1.5, "size": 1.30000007, "_time": 42.2734375}, {"$id": 174, "sounds": [{"d": 0.497158051, "p": 77, "v": 90}], "pos": 1.20351827, "size": 1.0, "_time": 42.2851563}, {"$id": 175, "sounds": [{"d": 0.7670479, "p": 60, "v": 50}], "pos": -1.0, "size": 1.2, "_time": 42.7890625}, {"$id": 176, "sounds": [{"d": 0.745739, "p": 65, "v": 78}], "pos": 1.0, "size": 1.2, "_time": 42.79297}, {"$id": 177, "sounds": [{"d": 0.142044067, "p": 75, "v": 88}], "pos": 1.5, "size": 1.0, "_time": 43.1835938}, {"$id": 178, "sounds": [{"d": 0.142047882, "p": 73, "v": 62}], "pos": -0.349246621, "size": 1.0, "_time": 43.4101563}, {"$id": 179, "sounds": [{"d": 0.656967163, "p": 64, "v": 76}], "pos": -1.20100486, "size": 1.2, "_time": 43.6328125}, {"$id": 180, "sounds": [{"d": 0.635658264, "p": 67, "v": 78}], "pos": 1.0, "size": 1.2, "_time": 43.64453}, {"$id": 181, "sounds": [{"d": 0.678268433, "p": 33, "v": 66}], "pos": 3.125, "size": 1.0, "_time": 44.3164063}, {"$id": 182, "sounds": [{"d": 0.166904449, "p": 82, "v": 80}], "pos": -1.0, "size": 1.0, "_time": 44.546875}, {"$id": 183, "sounds": [{"d": 0.166904449, "p": 87, "v": 56}], "pos": 1.77638149, "size": 1.0, "_time": 44.7734375}, {"$id": 184, "sounds": [{"d": 0.5078201, "p": 39, "v": 70}], "pos": -1.673367, "size": 1.4000001, "_time": 45.0}, {"$id": 185, "sounds": [{"d": 0.4723053, "p": 79, "v": 76}], "pos": 0.9798999, "size": 1.1, "_time": 45.01953}, {"$id": 186, "sounds": [{"d": 0.5078125, "p": 77, "v": 76}], "pos": -1.0, "size": 1.0, "_time": 45.51172}, {"$id": 187, "sounds": [{"d": 0.337360382, "p": 84, "v": 88}], "pos": 1.02763784, "size": 1.0, "_time": 46.0234375}, {"$id": 188, "sounds": [{"d": 0.248584747, "p": 72, "v": 70}], "pos": 0.5, "size": 1.0, "_time": 46.3398438}, {"$id": 189, "sounds": [{"d": 0.120738983, "p": 75, "v": 70}], "pos": 1.0, "size": 1.0, "_time": 46.3515625}, {"$id": 190, "sounds": [{"d": 1.18963623, "p": 32, "v": 50}], "pos": -1.74874365, "size": 1.50000012, "_time": 46.36328}, {"$id": 191, "sounds": [{"d": 0.4723053, "p": 79, "v": 76}], "pos": 1.5, "size": 1.0, "_time": 46.36328}, {"$id": 192, "sounds": [{"d": 0.301849365, "p": 75, "v": 70}], "pos": -1.5, "size": 1.0, "_time": 46.4765625}, {"$id": 193, "sounds": [{"d": 0.230823517, "p": 72, "v": 70}], "pos": -1.1758796, "size": 1.0, "_time": 46.5898438}, {"$id": 194, "sounds": [{"d": 0.110084534, "p": 68, "v": 56}], "pos": -0.8015077, "size": 1.0, "_time": 46.703125}, {"$id": 195, "sounds": [{"d": 0.110088348, "p": 75, "v": 64}], "pos": -0.301506758, "size": 1.0, "_time": 46.8164063}, {"$id": 196, "sounds": [{"d": 0.110084534, "p": 82, "v": 78}], "pos": 0.447235972, "size": 1.0, "_time": 46.9335938}, {"$id": 197, "sounds": [{"d": 0.110084534, "p": 79, "v": 78}], "pos": 0.097990334, "size": 1.0, "_time": 47.046875}, {"$id": 198, "sounds": [{"d": 0.166904449, "p": 84, "v": 66}], "pos": 1.5, "size": 1.1, "_time": 47.2148438}, {"$id": 199, "sounds": [{"d": 0.166904449, "p": 82, "v": 84}], "pos": -1.0, "size": 1.1, "_time": 47.38672}, {"$id": 200, "sounds": [{"d": 0.166904449, "p": 80, "v": 48}], "pos": 1.5, "size": 1.1, "_time": 47.5585938}, {"$id": 201, "sounds": [{"d": 1.32102585, "p": 60, "v": 76}], "pos": -1.0, "size": 1.30000007, "_time": 47.7265625}, {"$id": 202, "sounds": [{"d": 1.3103714, "p": 67, "v": 76}], "pos": 1.0, "size": 1.30000007, "_time": 47.73828}, {"$id": 203, "sounds": [{"d": 0.337356567, "p": 81, "v": 100}], "pos": 1.0, "size": 1.0, "_time": 48.23828}, {"$id": 204, "sounds": [{"d": 0.166904449, "p": 79, "v": 91}], "pos": 0.5, "size": 1.0, "_time": 48.63672}, {"$id": 205, "sounds": [{"d": 0.0532684326, "p": 77, "v": 88}], "pos": 1.40201068, "size": 1.2, "_time": 48.8085938}, {"$id": 206, "sounds": [{"d": 0.0532684326, "p": 79, "v": 66}], "pos": 1.70603108, "size": 1.2, "_time": 48.86328}, {"$id": 207, "sounds": [{"d": 0.166904449, "p": 77, "v": 81}], "pos": 1.40201068, "size": 1.2, "_time": 48.921875}, {"$id": 208, "sounds": [{"d": 0.269889832, "p": 76, "v": 96}], "pos": 0.5, "size": 1.2, "_time": 49.0898438}, {"$id": 209, "sounds": [{"d": 0.656959534, "p": 61, "v": 55}], "pos": -1.5, "size": 1.2, "_time": 49.10547}, {"$id": 210, "sounds": [{"d": 0.223720551, "p": 74, "v": 60}], "pos": 1.25125623, "size": 1.0, "_time": 49.546875}, {"$id": 211, "sounds": [{"d": 0.209518433, "p": 69, "v": 60}], "pos": 0.7512562, "size": 1.0, "_time": 49.7734375}, {"$id": 212, "sounds": [{"d": 0.653411865, "p": 65, "v": 52}], "pos": -1.0, "size": 1.0, "_time": 49.7773438}, {"$id": 213, "sounds": [{"d": 0.205966949, "p": 74, "v": 89}], "pos": 1.25125623, "size": 1.0, "_time": 50.0}, {"$id": 214, "sounds": [{"d": 0.166904449, "p": 76, "v": 76}], "pos": 1.25125623, "size": 1.2, "_time": 50.2265625}, {"$id": 215, "sounds": [{"d": 0.2556839, "p": 56, "v": 73}], "pos": -1.5, "size": 1.30000007, "_time": 50.44922}, {"$id": 216, "sounds": [{"d": 0.241477966, "p": 77, "v": 80}], "pos": 1.75125623, "size": 1.30000007, "_time": 50.4648438}, {"$id": 217, "sounds": [{"d": 0.2556839, "p": 51, "v": 64}], "pos": -1.64824176, "size": 1.30000007, "_time": 50.7109375}, {"$id": 218, "sounds": [{"d": 0.230823517, "p": 70, "v": 66}], "pos": 1.42964852, "size": 1.30000007, "_time": 50.7226563}, {"$id": 219, "sounds": [{"d": 0.2556839, "p": 48, "v": 73}], "pos": -1.778895, "size": 1.4000001, "_time": 50.9609375}, {"$id": 220, "sounds": [{"d": 0.191761017, "p": 63, "v": 74}], "pos": 1.08291447, "size": 1.4000001, "_time": 50.98047}, {"$id": 221, "sounds": [{"d": 0.223724365, "p": 45, "v": 64}], "pos": -1.6482408, "size": 1.4000001, "_time": 51.2226563}, {"$id": 222, "sounds": [{"d": 0.159801483, "p": 60, "v": 74}], "pos": 0.6834173, "size": 1.4000001, "_time": 51.23828}, {"$id": 223, "sounds": [{"d": 0.1384964, "p": 33, "v": 82}], "pos": -1.572864, "size": 1.50000012, "_time": 51.4765625}, {"$id": 224, "sounds": [{"d": 0.159801483, "p": 65, "v": 82}], "pos": 0.404523224, "size": 1.50000012, "_time": 51.484375}, {"$id": 225, "sounds": [{"d": 0.1775589, "p": 37, "v": 72}], "pos": -1.47236121, "size": 1.60000014, "_time": 51.734375}, {"$id": 226, "sounds": [{"d": 0.198863983, "p": 66, "v": 78}], "pos": 1.0, "size": 1.60000014, "_time": 51.73828}, {"$id": 227, "sounds": [{"d": 0.337360382, "p": 82, "v": 110}], "pos": 1.5, "size": 1.0, "_time": 52.328125}, {"$id": 228, "sounds": [{"d": 0.337360382, "p": 78, "v": 94}], "size": 1.0, "_time": 52.5, "pos": 0}, {"$id": 229, "sounds": [{"d": 0.337360382, "p": 73, "v": 74}], "pos": -1.5, "size": 1.0, "_time": 52.671875}, {"$id": 230, "sounds": [{"d": 0.166904449, "p": 85, "v": 115}], "pos": 1.5, "size": 1.0, "_time": 52.8398438}, {"$id": 231, "sounds": [{"d": 0.678272247, "p": 80, "v": 112}], "size": 1.0, "_time": 53.01172, "pos": 0}, {"$id": 232, "sounds": [{"d": 0.678272247, "p": 47, "v": 100}], "pos": -1.8241204, "size": 1.2, "_time": 53.1835938}, {"$id": 233, "sounds": [{"d": 0.166904449, "p": 82, "v": 99}], "pos": 1.5, "size": 1.0, "_time": 53.6914063}, {"$id": 234, "sounds": [{"d": 0.166904449, "p": 78, "v": 96}], "size": 1.0, "_time": 53.86328, "pos": 0}, {"$id": 235, "sounds": [{"d": 0.337356567, "p": 73, "v": 109}], "pos": -1.0, "size": 1.0, "_time": 54.0351563}, {"$id": 236, "sounds": [{"d": 0.166904449, "p": 75, "v": 87}], "size": 1.0, "_time": 54.203125, "pos": 0}, {"$id": 237, "sounds": [{"d": 0.678272247, "p": 80, "v": 119}], "pos": 1.5, "size": 1.0, "_time": 54.375}, {"$id": 238, "sounds": [{"d": 1.36009979, "p": 49, "v": 100}], "pos": -1.5, "size": 1.2, "_time": 54.546875}, {"$id": 239, "sounds": [{"d": 0.166908264, "p": 80, "v": 113}], "pos": 1.5, "size": 1.0, "_time": 55.0585938}, {"$id": 240, "sounds": [{"d": 0.166904449, "p": 78, "v": 114}], "pos": 0.5, "size": 1.0, "_time": 55.2265625}, {"$id": 241, "sounds": [{"d": 0.166904449, "p": 70, "v": 97}], "pos": -1.0, "size": 1.0, "_time": 55.3984375}, {"$id": 242, "sounds": [{"d": 0.166904449, "p": 73, "v": 118}], "size": 1.0, "_time": 55.5664063, "pos": 0}, {"$id": 243, "sounds": [{"d": 0.166908264, "p": 80, "v": 92}], "pos": 1.5, "size": 1.0, "_time": 55.73828}, {"$id": 244, "sounds": [{"d": 0.337368, "p": 77, "v": 104}], "pos": 0.8015078, "size": 1.2, "_time": 55.9101563}, {"$id": 245, "sounds": [{"d": 0.5078354, "p": 51, "v": 79}], "pos": -1.39698458, "size": 1.2, "_time": 55.9101563}, {"$id": 246, "sounds": [{"d": 0.1669159, "p": 75, "v": 99}], "size": 1.0, "_time": 56.25, "pos": 0}, {"$id": 247, "sounds": [{"d": 0.337356567, "p": 77, "v": 99}], "pos": 1.0, "size": 1.2, "_time": 56.421875}, {"$id": 248, "sounds": [{"d": 0.848724365, "p": 66, "v": 74}], "pos": -1.052764, "size": 1.2, "_time": 56.421875}, {"$id": 249, "sounds": [{"d": 0.3373642, "p": 78, "v": 89}], "pos": 0.7512563, "size": 1.0, "_time": 56.76172}, {"$id": 250, "sounds": [{"d": 0.337360382, "p": 51, "v": 74}], "pos": -1.29648256, "size": 1.2, "_time": 56.9335938}, {"$id": 251, "sounds": [{"d": 0.337360382, "p": 80, "v": 121}], "pos": 0.851758242, "size": 1.0, "_time": 57.1015625}, {"$id": 252, "sounds": [{"d": 0.678276062, "p": 54, "v": 70}], "pos": -1.673367, "size": 1.2, "_time": 57.2734375}, {"$id": 253, "sounds": [{"d": 0.678276062, "p": 85, "v": 121}], "pos": 2.0, "size": 1.0, "_time": 57.4414063}, {"$id": 254, "sounds": [{"d": 0.166908264, "p": 82, "v": 122}], "pos": 1.5, "size": 1.0, "_time": 57.7851563}, {"$id": 255, "sounds": [{"d": 0.166908264, "p": 78, "v": 115}], "size": 1.0, "_time": 57.953125, "pos": 0}, {"$id": 256, "sounds": [{"d": 0.337356567, "p": 73, "v": 97}], "pos": -1.5, "size": 1.0, "_time": 58.125}, {"$id": 257, "sounds": [{"d": 0.166900635, "p": 85, "v": 122}], "pos": 1.5, "size": 1.0, "_time": 58.296875}, {"$id": 258, "sounds": [{"d": 0.678276062, "p": 80, "v": 111}], "size": 1.0, "_time": 58.4648438, "pos": 0}, {"$id": 259, "sounds": [{"d": 0.678272247, "p": 47, "v": 96}], "pos": -1.673367, "size": 1.2, "_time": 58.63672}, {"$id": 260, "sounds": [{"d": 0.166900635, "p": 82, "v": 122}], "pos": 1.5, "size": 1.0, "_time": 59.1484375}, {"$id": 261, "sounds": [{"d": 0.166904449, "p": 78, "v": 124}], "size": 1.0, "_time": 59.3164063, "pos": 0}, {"$id": 262, "sounds": [{"d": 0.337360382, "p": 73, "v": 108}], "pos": -1.0, "size": 1.0, "_time": 59.48828}, {"$id": 263, "sounds": [{"d": 0.166904449, "p": 75, "v": 111}], "size": 1.0, "_time": 59.6601563, "pos": 0}, {"$id": 264, "sounds": [{"d": 0.678268433, "p": 80, "v": 106}], "pos": 1.5, "size": 1.0, "_time": 59.828125}, {"$id": 265, "sounds": [{"d": 1.36008835, "p": 49, "v": 85}], "pos": -1.64824092, "size": 1.2, "_time": 60.0}, {"$id": 266, "sounds": [{"d": 0.166904449, "p": 78, "v": 106}], "pos": 1.67587948, "size": 1.0, "_time": 60.51172}, {"$id": 267, "sounds": [{"d": 0.166900635, "p": 77, "v": 112}], "pos": 0.726130068, "size": 1.0, "_time": 60.6835938}, {"$id": 268, "sounds": [{"d": 0.166904449, "p": 75, "v": 105}], "pos": -0.07789025, "size": 1.0, "_time": 60.8515625}, {"$id": 269, "sounds": [{"d": 0.166904449, "p": 73, "v": 112}], "pos": -0.8768844, "size": 1.0, "_time": 61.0234375}, {"$id": 270, "sounds": [{"d": 0.166904449, "p": 82, "v": 92}], "pos": 1.72613108, "size": 1.0, "_time": 61.1914063}, {"$id": 271, "sounds": [{"d": 0.337360382, "p": 80, "v": 112}], "pos": 1.12311554, "size": 1.2, "_time": 61.36328}, {"$id": 272, "sounds": [{"d": 0.5078163, "p": 56, "v": 87}], "pos": -1.5, "size": 1.2, "_time": 61.36328}, {"$id": 273, "sounds": [{"d": 0.166904449, "p": 78, "v": 111}], "pos": 0.5, "size": 1.0, "_time": 61.703125}, {"$id": 274, "sounds": [{"d": 0.337360382, "p": 85, "v": 127}], "pos": 1.59799039, "size": 1.2, "_time": 61.875}, {"$id": 275, "sounds": [{"d": 0.337360382, "p": 65, "v": 103}], "pos": -1.07789028, "size": 1.2, "_time": 61.875}, {"$id": 276, "sounds": [{"d": 0.337360382, "p": 73, "v": 101}], "pos": -1.5, "size": 1.0, "_time": 62.2148438}, {"$id": 277, "sounds": [{"d": 0.3373642, "p": 49, "v": 92}], "pos": -1.346734, "size": 1.2, "_time": 62.5585938}, {"$id": 278, "sounds": [{"d": 0.3373642, "p": 77, "v": 117}], "pos": 1.0, "size": 1.0, "_time": 62.5585938}, {"$id": 279, "sounds": [{"d": 0.337368, "p": 51, "v": 99}], "pos": -1.8241204, "size": 1.30000007, "_time": 62.8984375}, {"$id": 280, "pos": -1.75125718, "size": 1.2, "_time": 62.984375}, {"$id": 281, "pos": -1.37688446, "size": 1.2, "_time": 63.0664063}, {"$id": 282, "pos": -1.00251257, "size": 1.2, "_time": 63.1523438}, {"$id": 283, "pos": -0.6281407, "size": 1.2, "_time": 63.23828}, {"$id": 284, "pos": -0.253768861, "size": 1.1, "_time": 63.32422}, {"$id": 285, "pos": 0.04773791, "size": 1.1, "_time": 63.4101563}, {"$id": 286, "pos": 0.3467331, "size": 1.1, "_time": 63.4960938}, {"$id": 287, "pos": 0.64572835, "size": 1.1, "_time": 63.578125}, {"$id": 288, "pos": 0.944723368, "size": 1.0, "_time": 63.6640625}, {"$id": 289, "pos": 1.22110486, "size": 1.0, "_time": 63.75}, {"$id": 290, "pos": 1.47236133, "size": 1.0, "_time": 63.8359375}, {"$id": 291, "pos": 1.74874377, "size": 1.0, "_time": 63.921875}, {"$id": 292, "pos": 1.94974852, "size": 1.0, "_time": 64.00391}, {"$id": 293, "sounds": [{"d": 0.6782608, "p": 47, "v": 89}], "pos": -1.0, "size": 1.50000012, "_time": 64.08984}, {"$id": 294, "sounds": [{"d": 0.6782608, "p": 58, "v": 89}], "pos": 1.5, "size": 1.50000012, "_time": 64.08984}, {"$id": 295, "sounds": [{"d": 0.166900635, "p": 82, "v": 121}], "pos": 1.5, "size": 1.0, "_time": 64.60156}, {"$id": 296, "sounds": [{"d": 0.166900635, "p": 78, "v": 113}], "size": 1.0, "_time": 64.77344, "pos": 0}, {"$id": 297, "sounds": [{"d": 0.3373642, "p": 73, "v": 101}], "pos": -1.0, "size": 1.0, "_time": 64.94141}, {"$id": 298, "sounds": [{"d": 0.166908264, "p": 75, "v": 113}], "size": 1.0, "_time": 65.11328, "pos": 0}, {"$id": 299, "sounds": [{"d": 0.6782532, "p": 80, "v": 116}], "pos": 1.5, "size": 1.0, "_time": 65.28516}, {"$id": 300, "sounds": [{"d": 1.36006165, "p": 59, "v": 91}], "pos": 0.5, "size": 1.30000007, "_time": 65.453125}, {"$id": 301, "sounds": [{"d": 1.36006165, "p": 49, "v": 91}], "pos": -1.447236, "size": 1.30000007, "_time": 65.453125}, {"$id": 302, "sounds": [{"d": 0.166900635, "p": 80, "v": 111}], "pos": 1.0, "size": 1.0, "_time": 65.96484}, {"$id": 303, "sounds": [{"d": 0.166908264, "p": 78, "v": 127}], "size": 1.0, "_time": 66.13672, "pos": 0}, {"$id": 304, "sounds": [{"d": 0.166893, "p": 70, "v": 109}], "pos": -1.5, "size": 1.0, "_time": 66.30859}, {"$id": 305, "sounds": [{"d": 0.166900635, "p": 73, "v": 127}], "size": 1.0, "_time": 66.47656, "pos": 0}, {"$id": 306, "sounds": [{"d": 0.166900635, "p": 80, "v": 116}], "pos": 1.5, "size": 1.0, "_time": 66.64844}, {"$id": 307, "sounds": [{"d": 0.3373413, "p": 77, "v": 125}], "pos": 0.5, "size": 1.2, "_time": 66.81641}, {"$id": 308, "sounds": [{"d": 0.507782, "p": 61, "v": 100}], "pos": -1.5, "size": 1.2, "_time": 66.81641}, {"$id": 309, "sounds": [{"d": 0.166893, "p": 75, "v": 109}], "pos": 0.5, "size": 1.0, "_time": 67.16016}, {"$id": 310, "sounds": [{"d": 0.337356567, "p": 77, "v": 123}], "pos": 1.5, "size": 1.2, "_time": 67.328125}, {"$id": 311, "sounds": [{"d": 0.337356567, "p": 65, "v": 98}], "pos": -1.0, "size": 1.2, "_time": 67.328125}, {"$id": 312, "sounds": [{"d": 0.3373413, "p": 78, "v": 109}], "pos": 1.0, "size": 1.0, "_time": 67.671875}, {"$id": 313, "sounds": [{"d": 0.340881348, "p": 68, "v": 84}], "pos": -0.85427177, "size": 1.2, "_time": 68.00781}, {"$id": 314, "sounds": [{"d": 0.337333679, "p": 80, "v": 106}], "pos": 1.5, "size": 1.2, "_time": 68.01172}, {"$id": 315, "sounds": [{"d": 0.340904236, "p": 73, "v": 104}], "pos": -0.379397035, "size": 1.2, "_time": 68.34766}, {"$id": 316, "sounds": [{"d": 0.6782608, "p": 85, "v": 127}], "pos": 2.0, "size": 1.2, "_time": 68.35156}, {"$id": 317, "sounds": [{"d": 0.337356567, "p": 82, "v": 113}], "pos": 1.5, "size": 1.2, "_time": 68.69141}, {"$id": 318, "sounds": [{"d": 0.5078049, "p": 61, "v": 88}], "pos": -0.974874735, "size": 1.2, "_time": 68.69141}, {"$id": 319, "sounds": [{"d": 0.337356567, "p": 75, "v": 104}], "pos": 1.0, "size": 1.2, "_time": 69.03516}, {"$id": 320, "sounds": [{"d": 0.5078049, "p": 66, "v": 79}], "pos": -1.6582911, "size": 1.2, "_time": 69.03516}, {"$id": 321, "sounds": [{"d": 0.678245544, "p": 73, "v": 88}], "pos": -1.23366868, "size": 1.2, "_time": 69.375}, {"$id": 322, "sounds": [{"d": 0.678245544, "p": 78, "v": 113}], "pos": 1.5, "size": 1.2, "_time": 69.375}, {"$id": 323, "sounds": [{"d": 0.848724365, "p": 59, "v": 100}], "pos": 1.0, "size": 1.2, "_time": 70.05859}, {"$id": 324, "sounds": [{"d": 0.848724365, "p": 63, "v": 100}], "pos": -1.5, "size": 1.2, "_time": 70.05859}, {"$id": 325, "sounds": [{"d": 0.166908264, "p": 82, "v": 125}], "pos": 1.5, "size": 1.0, "_time": 70.22656}, {"$id": 326, "sounds": [{"d": 0.166908264, "p": 80, "v": 125}], "pos": 0.5, "size": 1.0, "_time": 70.39844}, {"$id": 327, "sounds": [{"d": 0.166908264, "p": 78, "v": 125}], "pos": -0.5, "size": 1.0, "_time": 70.56641}, {"$id": 328, "sounds": [{"d": 0.848716736, "p": 73, "v": 125}], "pos": -1.5, "size": 1.0, "_time": 70.73828}, {"$id": 329, "sounds": [{"d": 1.18960571, "p": 56, "v": 100}], "pos": 1.28140759, "size": 1.2, "_time": 70.91016}, {"$id": 330, "sounds": [{"d": 1.18960571, "p": 49, "v": 100}], "pos": -1.82914555, "size": 1.2, "_time": 70.91016}, {"$id": 331, "sounds": [{"d": 0.166900635, "p": 65, "v": 100}], "pos": 1.5, "size": 1.30000007, "_time": 71.421875}, {"$id": 332, "sounds": [{"d": 0.166900635, "p": 61, "v": 100}], "pos": -1.5, "size": 1.30000007, "_time": 71.421875}, {"$id": 333, "sounds": [{"d": 0.166900635, "p": 82, "v": 125}], "pos": 1.80150688, "size": 1.0, "_time": 71.58984}, {"$id": 334, "sounds": [{"d": 0.166900635, "p": 80, "v": 125}], "pos": 0.5, "size": 1.0, "_time": 71.76172}, {"$id": 335, "sounds": [{"d": 0.166893, "p": 78, "v": 125}], "pos": -1.085427, "size": 1.0, "_time": 71.93359}, {"$id": 336, "sounds": [{"d": 0.252037048, "p": 77, "v": 102}], "pos": 1.0, "size": 1.30000007, "_time": 72.10156}, {"$id": 337, "sounds": [{"d": 0.678138733, "p": 39, "v": 100}, {"d": 0.252037048, "p": 70, "v": 77}], "pos": -1.77889514, "size": 1.50000012, "_time": 72.10156}, {"$id": 338, "sounds": [{"d": 0.6782303, "p": 72, "v": 70}], "size": 1.0, "_time": 72.44141, "pos": 0}, {"$id": 339, "sounds": [{"d": 0.507797241, "p": 74, "v": 91}], "pos": 1.5, "size": 1.0, "_time": 72.61328}, {"$id": 340, "sounds": [{"d": 0.6782532, "p": 65, "v": 59}], "pos": -1.0, "size": 1.0, "_time": 72.78516}, {"$id": 341, "sounds": [{"d": 0.507797241, "p": 70, "v": 60}], "pos": 1.0, "size": 1.0, "_time": 73.125}, {"$id": 342, "sounds": [{"d": 0.166900635, "p": 65, "v": 42}], "pos": -1.5, "size": 1.0, "_time": 73.46484}, {"$id": 343, "sounds": [{"d": 0.166893, "p": 72, "v": 69}], "size": 1.0, "_time": 73.63672, "pos": 0}, {"$id": 344, "sounds": [{"d": 0.166900635, "p": 74, "v": 54}], "pos": 1.0, "size": 1.0, "_time": 73.80469}, {"$id": 345, "sounds": [{"d": 0.166885376, "p": 77, "v": 66}], "pos": 1.74874365, "size": 1.0, "_time": 73.97656}, {"$id": 346, "sounds": [{"d": 0.337333679, "p": 69, "v": 67}], "pos": -0.5, "size": 1.0, "_time": 74.14844}, {"$id": 347, "sounds": [{"d": 0.166900635, "p": 70, "v": 40}], "pos": 0.5, "size": 1.0, "_time": 74.48828}, {"$id": 348, "sounds": [{"d": 0.166885376, "p": 72, "v": 77}], "pos": 1.5, "size": 1.0, "_time": 74.66016}, {"$id": 349, "sounds": [{"d": 0.3373413, "p": 69, "v": 62}], "pos": -1.0, "size": 1.0, "_time": 74.828125}, {"$id": 350, "sounds": [{"d": 0.166900635, "p": 65, "v": 67}], "pos": -1.5, "size": 1.0, "_time": 75.171875}, {"$id": 351, "sounds": [{"d": 0.166900635, "p": 70, "v": 74}], "pos": 1.5, "size": 1.0, "_time": 75.33984}, {"$id": 352, "sounds": [{"d": 0.166893, "p": 69, "v": 66}], "pos": 1.0, "size": 1.0, "_time": 75.51172}, {"$id": 353, "sounds": [{"d": 0.166900635, "p": 65, "v": 69}], "pos": 0.5, "size": 1.0, "_time": 75.67969}, {"$id": 354, "sounds": [{"d": 0.166900635, "p": 70, "v": 79}], "size": 1.0, "_time": 75.85156, "pos": 0}, {"$id": 355, "sounds": [{"d": 0.166900635, "p": 77, "v": 84}], "pos": -1.0, "size": 1.0, "_time": 76.02344}, {"$id": 356, "sounds": [{"d": 0.166900635, "p": 72, "v": 88}], "pos": -1.47487473, "size": 1.0, "_time": 76.19141}, {"$id": 357, "sounds": [{"d": 0.166900635, "p": 74, "v": 72}], "pos": -1.17336714, "size": 1.0, "_time": 76.36328}, {"$id": 358, "sounds": [{"d": 0.166900635, "p": 77, "v": 57}], "pos": -0.726131, "size": 1.0, "_time": 76.53516}, {"$id": 359, "sounds": [{"d": 0.166900635, "p": 82, "v": 82}], "pos": -0.326632977, "size": 1.0, "_time": 76.703125}, {"$id": 360, "sounds": [{"d": 0.337348938, "p": 81, "v": 52}], "pos": -0.798995137, "size": 1.0, "_time": 76.875}, {"$id": 361, "sounds": [{"d": 0.166900635, "p": 79, "v": 82}], "pos": 1.5, "size": 1.0, "_time": 77.21484}, {"$id": 362, "sounds": [{"d": 0.166900635, "p": 70, "v": 86}], "pos": -0.5, "size": 1.0, "_time": 77.38672}, {"$id": 363, "sounds": [{"d": 0.678245544, "p": 65, "v": 69}], "pos": -1.5, "size": 1.0, "_time": 77.55469}, {"$id": 364, "sounds": [{"d": 0.422569275, "p": 70, "v": 77}], "pos": 0.9321611, "size": 1.0, "_time": 77.640625}, {"$id": 365, "sounds": [{"d": 0.2095108, "p": 72, "v": 82}], "pos": 1.43216109, "size": 1.0, "_time": 77.68359}, {"$id": 366, "sounds": [{"d": 1.360054, "p": 77, "v": 82}], "pos": 1.93216109, "size": 1.0, "_time": 77.72656}, {"$id": 367, "sounds": [{"d": 1.18960571, "p": 72, "v": 82}], "pos": -1.0, "size": 1.0, "_time": 77.89844}, {"$id": 368, "sounds": [{"d": 1.01915741, "p": 70, "v": 81}], "pos": 1.0, "size": 1.0, "_time": 78.06641}, {"$id": 369, "sounds": [{"d": 0.337356567, "p": 65, "v": 70}], "pos": -1.0, "size": 1.0, "_time": 78.23828}, {"$id": 370, "sounds": [{"d": 0.5078049, "p": 65, "v": 77}], "pos": 1.5, "size": 1.1, "_time": 78.578125}, {"$id": 371, "sounds": [{"d": 0.166900635, "p": 60, "v": 78}], "pos": -1.5, "size": 1.1, "_time": 78.75}, {"$id": 372, "sounds": [{"d": 0.166900635, "p": 62, "v": 76}], "size": 1.1, "_time": 78.921875, "pos": 0}, {"$id": 373, "sounds": [{"d": 0.166900635, "p": 65, "v": 76}], "pos": 1.5, "size": 1.1, "_time": 79.08984}, {"$id": 374, "sounds": [{"d": 0.166900635, "p": 77, "v": 72}], "pos": 1.5, "size": 1.0, "_time": 79.42969}, {"$id": 375, "sounds": [{"d": 0.166900635, "p": 69, "v": 59}], "pos": -0.5, "size": 1.0, "_time": 79.60156}, {"$id": 376, "sounds": [{"d": 0.166900635, "p": 70, "v": 40}], "pos": 0.5, "size": 1.0, "_time": 79.77344}, {"$id": 377, "sounds": [{"d": 0.166900635, "p": 65, "v": 72}], "pos": -1.5, "size": 1.0, "_time": 79.94141}, {"$id": 378, "sounds": [{"d": 0.166900635, "p": 74, "v": 39}], "pos": 1.20351744, "size": 1.0, "_time": 80.11328}, {"$id": 379, "sounds": [{"d": 0.166900635, "p": 69, "v": 86}], "pos": -0.5, "size": 1.0, "_time": 80.28516}, {"$id": 380, "sounds": [{"d": 0.166900635, "p": 70, "v": 52}], "pos": 0.5, "size": 1.0, "_time": 80.453125}, {"$id": 381, "sounds": [{"d": 0.166900635, "p": 65, "v": 75}], "pos": -1.62814069, "size": 1.0, "_time": 80.625}, {"$id": 382, "sounds": [{"d": 0.166900635, "p": 77, "v": 73}], "pos": 1.5, "size": 1.0, "_time": 80.796875}, {"$id": 383, "sounds": [{"d": 0.166900635, "p": 75, "v": 70}], "pos": 1.0, "size": 1.0, "_time": 80.96484}, {"$id": 384, "sounds": [{"d": 0.166900635, "p": 74, "v": 70}], "pos": 0.5, "size": 1.0, "_time": 81.13672}, {"$id": 385, "sounds": [{"d": 0.166900635, "p": 70, "v": 86}], "pos": -1.5, "size": 1.0, "_time": 81.30469}, {"$id": 386, "sounds": [{"d": 0.166900635, "p": 72, "v": 85}], "pos": -1.12562811, "size": 1.0, "_time": 81.47656}, {"$id": 387, "sounds": [{"d": 0.166900635, "p": 81, "v": 75}], "pos": -0.675878644, "size": 1.0, "_time": 81.64844}, {"$id": 388, "sounds": [{"d": 0.166900635, "p": 77, "v": 70}], "pos": -1.02512527, "size": 1.0, "_time": 81.81641}, {"$id": 389, "sounds": [{"d": 0.166900635, "p": 74, "v": 67}], "pos": -1.5, "size": 1.0, "_time": 81.98828}, {"$id": 390, "sounds": [{"d": 0.166900635, "p": 82, "v": 67}], "pos": 1.5, "size": 1.0, "_time": 82.16016}, {"$id": 391, "sounds": [{"d": 0.166900635, "p": 81, "v": 63}], "pos": -0.5, "size": 1.0, "_time": 82.328125}, {"$id": 392, "sounds": [{"d": 0.166900635, "p": 77, "v": 65}], "pos": 0.8768844, "size": 1.0, "_time": 82.5}, {"$id": 393, "sounds": [{"d": 0.166900635, "p": 72, "v": 61}], "pos": -1.0, "size": 1.0, "_time": 82.66797}, {"$id": 394, "sounds": [{"d": 0.166900635, "p": 69, "v": 72}], "pos": 0.5, "size": 1.0, "_time": 82.83984}, {"$id": 395, "sounds": [{"d": 0.166900635, "p": 70, "v": 78}], "pos": -1.5, "size": 1.0, "_time": 83.01172}, {"$id": 396, "sounds": [{"d": 0.6782532, "p": 72, "v": 70}], "size": 1.0, "_time": 83.35156, "pos": 0}, {"$id": 397, "sounds": [{"d": 0.507797241, "p": 74, "v": 91}], "pos": 1.5, "size": 1.0, "_time": 83.52344}, {"$id": 398, "sounds": [{"d": 0.6782608, "p": 65, "v": 59}], "pos": -1.5, "size": 1.0, "_time": 83.69141}, {"$id": 399, "sounds": [{"d": 0.5078125, "p": 70, "v": 60}], "size": 1.0, "_time": 84.03516, "pos": 0}, {"$id": 400, "sounds": [{"d": 0.166900635, "p": 65, "v": 42}], "pos": -1.5, "size": 1.0, "_time": 84.375}, {"$id": 401, "sounds": [{"d": 0.166908264, "p": 72, "v": 69}], "size": 1.0, "_time": 84.54297, "pos": 0}, {"$id": 402, "sounds": [{"d": 0.166900635, "p": 74, "v": 54}], "pos": 1.5, "size": 1.0, "_time": 84.71484}, {"$id": 403, "sounds": [{"d": 0.166908264, "p": 77, "v": 66}], "pos": -1.0, "size": 1.0, "_time": 84.88672}, {"$id": 404, "sounds": [{"d": 0.166900635, "p": 69, "v": 82}], "pos": 1.0, "size": 1.0, "_time": 85.05469}, {"$id": 405, "sounds": [{"d": 0.166900635, "p": 70, "v": 86}], "pos": -1.5, "size": 1.0, "_time": 85.22656}, {"$id": 406, "sounds": [{"d": 0.166900635, "p": 65, "v": 62}], "pos": 1.5, "size": 1.0, "_time": 85.39844}, {"$id": 407, "sounds": [{"d": 0.1669159, "p": 77, "v": 79}], "pos": -1.226131, "size": 1.0, "_time": 85.56641}, {"$id": 408, "sounds": [{"d": 0.166893, "p": 82, "v": 69}], "size": 1.0, "_time": 85.73828, "pos": 0}, {"$id": 409, "sounds": [{"d": 1.36004639, "p": 27, "v": 60}], "pos": 3.0, "size": 1.0, "_time": 85.91016}, {"$id": 410, "sounds": [{"d": 0.110084534, "p": 89, "v": 60}], "pos": 1.5, "size": 1.1, "_time": 85.91016}, {"$id": 411, "sounds": [{"d": 0.110084534, "p": 87, "v": 77}], "pos": 0.899497151, "size": 1.1, "_time": 86.02344}, {"$id": 412, "sounds": [{"d": 0.110084534, "p": 86, "v": 55}], "pos": 0.3241204, "size": 1.1, "_time": 86.13672}, {"$id": 413, "sounds": [{"d": 0.110084534, "p": 87, "v": 77}], "pos": 0.8241204, "size": 1.1, "_time": 86.25}, {"$id": 414, "sounds": [{"d": 0.110084534, "p": 86, "v": 66}], "pos": 0.399498075, "size": 1.1, "_time": 86.36328}, {"$id": 415, "sounds": [{"d": 0.110084534, "p": 84, "v": 62}], "pos": -0.226131052, "size": 1.1, "_time": 86.47656}, {"$id": 416, "sounds": [{"d": 0.110084534, "p": 86, "v": 79}], "pos": 0.374371856, "size": 1.1, "_time": 86.58984}, {"$id": 417, "sounds": [{"d": 0.110084534, "p": 84, "v": 64}], "pos": -0.201004833, "size": 1.1, "_time": 86.703125}, {"$id": 418, "sounds": [{"d": 0.110084534, "p": 82, "v": 52}], "pos": -0.701004863, "size": 1.1, "_time": 86.81641}, {"$id": 419, "sounds": [{"d": 0.110084534, "p": 84, "v": 72}], "size": 1.1, "_time": 86.92969, "pos": 0}, {"$id": 420, "sounds": [{"d": 0.110084534, "p": 82, "v": 59}], "pos": -0.324120343, "size": 1.1, "_time": 87.04297}, {"$id": 421, "sounds": [{"d": 0.110092163, "p": 81, "v": 54}], "pos": -0.62311554, "size": 1.1, "_time": 87.16016}, {"$id": 422, "sounds": [{"d": 0.110084534, "p": 82, "v": 59}], "pos": -0.0477378964, "size": 1.2, "_time": 87.27344}, {"$id": 423, "sounds": [{"d": 0.110084534, "p": 77, "v": 69}], "pos": -0.497487426, "size": 1.2, "_time": 87.38672}, {"$id": 424, "sounds": [{"d": 0.110092163, "p": 74, "v": 60}], "pos": -1.04522634, "size": 1.2, "_time": 87.5}, {"$id": 425, "sounds": [{"d": 0.110092163, "p": 72, "v": 66}], "pos": -1.5, "size": 1.2, "_time": 87.61328}, {"$id": 426, "sounds": [{"d": 0.110084534, "p": 77, "v": 62}], "pos": 1.0, "size": 1.2, "_time": 87.72656}, {"$id": 427, "sounds": [{"d": 0.110092163, "p": 69, "v": 66}], "pos": -1.5, "size": 1.2, "_time": 87.83984}, {"$id": 428, "sounds": [{"d": 0.110092163, "p": 70, "v": 66}], "pos": 1.5, "size": 1.2, "_time": 87.953125}, {"$id": 429, "sounds": [{"d": 0.110084534, "p": 72, "v": 77}], "pos": -1.0, "size": 1.2, "_time": 88.06641}, {"$id": 430, "sounds": [{"d": 0.110084534, "p": 79, "v": 69}], "pos": 1.5, "size": 1.2, "_time": 88.17969}, {"$id": 431, "sounds": [{"d": 0.110084534, "p": 74, "v": 74}], "pos": -0.5, "size": 1.2, "_time": 88.29297}, {"$id": 432, "sounds": [{"d": 0.110084534, "p": 77, "v": 76}], "pos": 2.0, "size": 1.2, "_time": 88.41016}, {"$id": 433, "sounds": [{"d": 0.110084534, "p": 89, "v": 98}], "pos": -0.5, "size": 1.2, "_time": 88.52344}, {"$id": 434, "sounds": [{"d": 0.110084534, "p": 77, "v": 91}], "pos": -1.273869, "size": 1.30000007, "_time": 88.63672}, {"$id": 435, "sounds": [{"d": 0.110084534, "p": 84, "v": 91}], "pos": 1.359296, "size": 1.30000007, "_time": 88.63672}, {"$id": 436, "sounds": [{"d": 0.5078049, "p": 65, "v": 82}], "pos": 1.0, "size": 1.2, "_time": 89.48828}, {"$id": 437, "sounds": [{"d": 0.166900635, "p": 60, "v": 100}], "pos": -1.5, "size": 1.2, "_time": 89.66016}, {"$id": 438, "sounds": [{"d": 0.166900635, "p": 62, "v": 100}], "pos": -0.273868978, "size": 1.2, "_time": 89.828125}, {"$id": 439, "sounds": [{"d": 0.166900635, "p": 65, "v": 100}], "pos": 1.0, "size": 1.2, "_time": 90.0}, {"$id": 440, "sounds": [{"d": 0.166900635, "p": 77, "v": 100}], "pos": 1.82412136, "size": 1.1, "_time": 90.33984}, {"$id": 441, "sounds": [{"d": 0.166900635, "p": 69, "v": 100}], "pos": -1.36180949, "size": 1.1, "_time": 90.51172}, {"$id": 442, "sounds": [{"d": 0.166900635, "p": 70, "v": 100}], "pos": 1.0, "size": 1.1, "_time": 90.67969}, {"$id": 443, "sounds": [{"d": 0.166900635, "p": 65, "v": 100}], "pos": -1.5, "size": 1.1, "_time": 90.85156}, {"$id": 444, "sounds": [{"d": 0.166900635, "p": 72, "v": 100}], "pos": -0.0301513672, "size": 1.1, "_time": 91.02344}, {"$id": 445, "sounds": [{"d": 0.166900635, "p": 74, "v": 100}], "pos": 1.5, "size": 1.1, "_time": 91.19141}, {"$id": 446, "sounds": [{"d": 0.496948242, "p": 69, "v": 113}, {"d": 0.496948242, "p": 60, "v": 113}, {"d": 0.496948242, "p": 65, "v": 113}], "pos": 1.0, "size": 1.30000007, "_time": 91.36328}, {"$id": 447, "sounds": [{"d": 0.337272644, "p": 31, "v": 113}, {"d": 0.496948242, "p": 43, "v": 113}], "pos": -1.74874377, "size": 1.30000007, "_time": 91.36328}, {"$id": 448, "sounds": [{"d": 0.15612793, "p": 31, "v": 113}], "pos": 3.0, "size": 1.0, "_time": 91.703125}, {"$id": 449, "sounds": [{"d": 0.4969635, "p": 70, "v": 111}, {"d": 0.4969635, "p": 62, "v": 111}, {"d": 0.4969635, "p": 65, "v": 111}], "pos": 1.5, "size": 1.30000007, "_time": 91.875}, {"$id": 450, "sounds": [{"d": 0.337272644, "p": 31, "v": 111}, {"d": 0.4969635, "p": 43, "v": 111}], "pos": -1.5, "size": 1.30000007, "_time": 91.875}, {"$id": 451, "sounds": [{"d": 0.156143188, "p": 31, "v": 111}], "pos": -1.5, "size": 1.1, "_time": 92.21484}, {"$id": 452, "sounds": [{"d": 0.497085571, "p": 72, "v": 115}, {"d": 0.497085571, "p": 68, "v": 115}, {"d": 0.497085571, "p": 63, "v": 115}], "pos": 1.5, "size": 1.30000007, "_time": 92.38672}, {"$id": 453, "sounds": [{"d": 0.497085571, "p": 29, "v": 115}, {"d": 0.497085571, "p": 41, "v": 115}], "pos": -1.0, "size": 1.30000007, "_time": 92.38672}, {"$id": 454, "sounds": [{"d": 0.497062683, "p": 74, "v": 111}, {"d": 0.497062683, "p": 70, "v": 111}, {"d": 0.497062683, "p": 65, "v": 111}], "pos": 1.84924662, "size": 1.30000007, "_time": 92.89453}, {"$id": 455, "sounds": [{"d": 0.497062683, "p": 34, "v": 111}, {"d": 0.497062683, "p": 46, "v": 111}], "pos": -0.5, "size": 1.30000007, "_time": 92.89453}, {"$id": 456, "sounds": [{"d": 0.166816711, "p": 41, "v": 100}], "pos": 0.5, "size": 1.2, "_time": 93.23828}, {"$id": 457, "sounds": [{"d": 0.667526245, "p": 26, "v": 111}], "pos": -1.0, "size": 1.2, "_time": 93.40625}, {"$id": 458, "sounds": [{"d": 0.497161865, "p": 70, "v": 111}], "pos": 1.427136, "size": 1.30000007, "_time": 93.578125}, {"$id": 459, "sounds": [{"d": 0.497161865, "p": 60, "v": 111}], "pos": -0.5, "size": 1.30000007, "_time": 93.578125}, {"$id": 460, "sounds": [{"d": 0.2095108, "p": 25, "v": 100}], "pos": 3.0, "size": 1.0, "_time": 94.08984}, {"$id": 461, "sounds": [{"d": 0.3266983, "p": 77, "v": 100}], "pos": 1.0, "size": 1.0, "_time": 94.10156}, {"$id": 462, "sounds": [{"d": 0.198860168, "p": 37, "v": 100}], "pos": -1.0, "size": 1.30000007, "_time": 94.10156}, {"$id": 463, "sounds": [{"d": 0.07102203, "p": 75, "v": 78}], "pos": 1.0, "size": 1.2, "_time": 94.44141}, {"$id": 464, "sounds": [{"d": 0.127838135, "p": 25, "v": 101}], "pos": 3.0, "size": 1.0, "_time": 94.60156}, {"$id": 465, "sounds": [{"d": 0.1171875, "p": 37, "v": 101}], "pos": -1.0, "size": 1.2, "_time": 94.61328}, {"$id": 466, "sounds": [{"d": 0.1349411, "p": 75, "v": 104}], "pos": 1.0, "size": 1.2, "_time": 94.61328}, {"$id": 467, "sounds": [{"d": 0.1313858, "p": 65, "v": 61}], "pos": -1.0, "size": 1.30000007, "_time": 94.93359}, {"$id": 468, "sounds": [{"d": 0.124282837, "p": 70, "v": 75}], "pos": 1.0, "size": 1.30000007, "_time": 94.94141}, {"$id": 469, "sounds": [{"d": 0.610786438, "p": 25, "v": 80}], "pos": 3.0, "size": 1.0, "_time": 95.109375}, {"$id": 470, "sounds": [{"d": 0.6001358, "p": 37, "v": 80}], "pos": -1.17587876, "size": 1.30000007, "_time": 95.11328}, {"$id": 471, "sounds": [{"d": 0.7315216, "p": 70, "v": 83}], "pos": 0.8241204, "size": 1.30000007, "_time": 95.11328}, {"$id": 472, "sounds": [{"d": 0.166900635, "p": 63, "v": 44}], "pos": -1.6758796, "size": 1.0, "_time": 95.625}, {"$id": 473, "sounds": [{"d": 0.337348938, "p": 25, "v": 67}], "pos": 3.0, "size": 1.0, "_time": 95.79297}, {"$id": 474, "sounds": [{"d": 0.166900635, "p": 65, "v": 83}], "pos": 0.753768861, "size": 1.0, "_time": 95.79297}, {"$id": 475, "sounds": [{"d": 0.166900635, "p": 68, "v": 88}], "pos": -1.1758796, "size": 1.0, "_time": 95.96484}, {"$id": 476, "sounds": [{"d": 0.166900635, "p": 70, "v": 88}], "pos": 1.25376892, "size": 1.0, "_time": 96.13672}, {"$id": 477, "sounds": [{"d": 0.166900635, "p": 72, "v": 88}], "pos": -0.6758796, "size": 1.0, "_time": 96.30469}, {"$id": 478, "sounds": [{"d": 0.337356567, "p": 25, "v": 67}], "pos": 3.0, "size": 1.0, "_time": 96.47656}, {"$id": 479, "sounds": [{"d": 0.166900635, "p": 80, "v": 88}], "pos": 1.75376892, "size": 1.0, "_time": 96.47656}, {"$id": 480, "sounds": [{"d": 0.166908264, "p": 75, "v": 88}], "pos": -0.1758796, "size": 1.0, "_time": 96.64453}, {"$id": 481, "sounds": [{"d": 0.3266983, "p": 77, "v": 100}], "pos": 1.5, "size": 1.2, "_time": 96.828125}, {"$id": 482, "sounds": [{"d": 0.198860168, "p": 42, "v": 110}], "pos": -1.5, "size": 1.2, "_time": 96.828125}, {"$id": 483, "sounds": [{"d": 0.07102203, "p": 75, "v": 78}], "pos": 1.0, "size": 1.1, "_time": 97.16797}, {"$id": 484, "sounds": [{"d": 0.1349411, "p": 75, "v": 104}], "pos": 1.0, "size": 1.30000007, "_time": 97.33984}, {"$id": 485, "sounds": [{"d": 0.09233093, "p": 42, "v": 95}], "pos": -1.5, "size": 1.2, "_time": 97.33984}, {"$id": 486, "sounds": [{"d": 0.131393433, "p": 65, "v": 61}], "pos": -1.5, "size": 1.30000007, "_time": 97.66016}, {"$id": 487, "sounds": [{"d": 0.124290466, "p": 70, "v": 75}], "pos": 0.5, "size": 1.30000007, "_time": 97.66797}, {"$id": 488, "sounds": [{"d": 0.458099365, "p": 70, "v": 83}], "pos": 0.5, "size": 1.30000007, "_time": 97.83984}, {"$id": 489, "sounds": [{"d": 0.170455933, "p": 42, "v": 95}], "pos": -1.5, "size": 1.30000007, "_time": 97.84766}, {"$id": 490, "sounds": [{"d": 0.166900635, "p": 77, "v": 100}], "pos": -1.0, "size": 1.1, "_time": 98.35156}, {"$id": 491, "sounds": [{"d": 0.337348938, "p": 30, "v": 67}], "pos": 3.0, "size": 1.0, "_time": 98.51953}, {"$id": 492, "sounds": [{"d": 0.110084534, "p": 85, "v": 110}], "pos": 1.69849229, "size": 1.0, "_time": 98.51953}, {"$id": 493, "sounds": [{"d": 0.110084534, "p": 84, "v": 58}], "pos": 1.19849229, "size": 1.0, "_time": 98.63672}, {"$id": 494, "sounds": [{"d": 0.110084534, "p": 80, "v": 60}], "pos": 0.6984923, "size": 1.0, "_time": 98.75}, {"$id": 495, "sounds": [{"d": 0.110084534, "p": 75, "v": 66}], "pos": 0.3241204, "size": 1.0, "_time": 98.86328}, {"$id": 496, "sounds": [{"d": 0.110084534, "p": 70, "v": 72}], "pos": -0.175879568, "size": 1.0, "_time": 99.03125}, {"$id": 497, "sounds": [{"d": 0.110084534, "p": 72, "v": 127}], "pos": -1.52763784, "size": 1.1, "_time": 99.203125}, {"$id": 498, "sounds": [{"d": 0.166908264, "p": 73, "v": 92}], "pos": 1.5, "size": 1.1, "_time": 99.375}, {"$id": 499, "sounds": [{"d": 0.3089447, "p": 31, "v": 100}], "pos": 3.0, "size": 1.0, "_time": 99.54297}, {"$id": 500, "sounds": [{"d": 0.337356567, "p": 64, "v": 78}], "pos": -1.22613108, "size": 1.2, "_time": 99.54297}, {"$id": 501, "sounds": [{"d": 0.3338089, "p": 72, "v": 80}], "pos": 1.0, "size": 1.2, "_time": 99.546875}, {"$id": 502, "sounds": [{"d": 0.5078125, "p": 43, "v": 68}], "pos": -0.5, "size": 1.2, "_time": 100.394531}, {"$id": 503, "sounds": [{"d": 0.5078049, "p": 31, "v": 100}], "pos": -1.5, "size": 1.30000007, "_time": 100.90625}, {"$id": 504, "sounds": [{"d": 0.33380127, "p": 69, "v": 80}, {"d": 0.33380127, "p": 72, "v": 80}], "pos": 1.30150771, "size": 1.30000007, "_time": 100.910156}, {"$id": 505, "sounds": [{"d": 0.5042572, "p": 69, "v": 80}, {"d": 0.5042572, "p": 72, "v": 80}], "pos": 1.27386987, "size": 1.30000007, "_time": 101.421875}, {"$id": 506, "sounds": [{"d": 0.337356567, "p": 43, "v": 100}], "pos": -1.0, "size": 1.30000007, "_time": 101.589844}, {"$id": 507, "sounds": [{"d": 0.3373642, "p": 31, "v": 100}], "pos": -1.57286417, "size": 1.30000007, "_time": 101.929688}, {"$id": 508, "sounds": [{"d": 0.3089447, "p": 33, "v": 100}], "pos": -0.567839861, "size": 1.30000007, "_time": 102.269531}, {"$id": 509, "sounds": [{"d": 0.3338089, "p": 71, "v": 80}, {"d": 0.3338089, "p": 74, "v": 80}], "pos": 1.80150771, "size": 1.30000007, "_time": 102.273438}, {"$id": 510, "sounds": [{"d": 0.166900635, "p": 33, "v": 100}], "pos": -0.5, "size": 1.30000007, "_time": 102.613281}, {"$id": 511, "sounds": [{"d": 0.337356567, "p": 67, "v": 80}, {"d": 0.337356567, "p": 64, "v": 78}], "pos": -1.5, "size": 1.30000007, "_time": 102.78125}, {"$id": 512, "sounds": [{"d": 0.3338089, "p": 71, "v": 80}, {"d": 0.3338089, "p": 74, "v": 80}], "pos": 1.73115635, "size": 1.30000007, "_time": 102.785156}, {"$id": 513, "sounds": [{"d": 0.5078049, "p": 45, "v": 96}], "pos": 0.5, "size": 1.30000007, "_time": 103.125}, {"$id": 514, "sounds": [{"d": 0.2876358, "p": 33, "v": 100}], "pos": -1.62311554, "size": 1.30000007, "_time": 103.292969}, {"$id": 515, "sounds": [{"d": 0.429679871, "p": 76, "v": 78}], "pos": 0.457286239, "size": 1.0, "_time": 103.535156}, {"$id": 516, "sounds": [{"d": 0.3870697, "p": 79, "v": 80}], "pos": 0.957286239, "size": 1.0, "_time": 103.578125}, {"$id": 517, "sounds": [{"d": 0.344459534, "p": 83, "v": 80}], "pos": 1.45728624, "size": 1.0, "_time": 103.621094}, {"$id": 518, "sounds": [{"d": 0.305397034, "p": 86, "v": 80}], "pos": 1.95728624, "size": 1.0, "_time": 103.660156}, {"$id": 519, "sounds": [{"d": 0.166900635, "p": 88, "v": 82}], "pos": 1.5, "size": 1.0, "_time": 104.144531}, {"$id": 520, "sounds": [{"d": 0.166900635, "p": 84, "v": 86}], "size": 1.0, "_time": 104.316406, "pos": 0}, {"$id": 521, "sounds": [{"d": 0.166900635, "p": 79, "v": 48}], "pos": -1.5, "size": 1.0, "_time": 104.488281}, {"$id": 522, "sounds": [{"d": 0.166900635, "p": 91, "v": 100}], "pos": 1.20100486, "size": 1.0, "_time": 104.65625}, {"$id": 523, "sounds": [{"d": 0.166900635, "p": 86, "v": 46}], "pos": -0.8517592, "size": 1.0, "_time": 104.828125}, {"$id": 524, "sounds": [{"d": 0.166900635, "p": 88, "v": 99}], "pos": 1.5, "size": 1.0, "_time": 105.507813}, {"$id": 525, "sounds": [{"d": 0.166900635, "p": 84, "v": 71}], "size": 1.0, "_time": 105.679688, "pos": 0}, {"$id": 526, "sounds": [{"d": 0.337356567, "p": 79, "v": 84}], "pos": -1.5, "size": 1.0, "_time": 105.851563}, {"$id": 527, "sounds": [{"d": 0.166900635, "p": 81, "v": 62}], "size": 1.0, "_time": 106.019531, "pos": 0}, {"$id": 528, "sounds": [{"d": 0.678268433, "p": 86, "v": 94}], "pos": 1.5, "size": 1.0, "_time": 106.191406}, {"$id": 529, "sounds": [{"d": 0.166900635, "p": 86, "v": 88}], "pos": 1.5, "size": 1.0, "_time": 106.875}, {"$id": 530, "sounds": [{"d": 0.166900635, "p": 84, "v": 89}], "size": 1.0, "_time": 107.042969, "pos": 0}, {"$id": 531, "sounds": [{"d": 0.166900635, "p": 76, "v": 72}], "pos": -1.5, "size": 1.0, "_time": 107.214844}, {"$id": 532, "sounds": [{"d": 0.166900635, "p": 79, "v": 93}], "size": 1.0, "_time": 107.382813, "pos": 0}, {"$id": 533, "sounds": [{"d": 0.166900635, "p": 86, "v": 67}], "pos": 1.5, "size": 1.0, "_time": 107.554688}, {"$id": 534, "sounds": [{"d": 0.337356567, "p": 83, "v": 79}], "pos": -1.0, "size": 1.0, "_time": 107.726563}, {"$id": 535, "sounds": [{"d": 0.166900635, "p": 81, "v": 74}], "pos": -1.5, "size": 1.0, "_time": 108.066406}, {"$id": 536, "sounds": [{"d": 0.337356567, "p": 83, "v": 74}], "pos": 0.5, "size": 1.0, "_time": 108.238281}, {"$id": 537, "sounds": [{"d": 0.337356567, "p": 84, "v": 64}], "pos": -1.0, "size": 1.0, "_time": 108.578125}, {"$id": 538, "sounds": [{"d": 0.337356567, "p": 86, "v": 96}], "pos": 0.5, "size": 1.0, "_time": 108.917969}, {"$id": 539, "sounds": [{"d": 0.6782608, "p": 91, "v": 96}], "pos": 1.77386987, "size": 1.0, "_time": 109.257813}, {"$id": 540, "sounds": [{"d": 0.166900635, "p": 88, "v": 97}], "pos": 1.5, "size": 1.0, "_time": 109.601563}, {"$id": 541, "sounds": [{"d": 0.166900635, "p": 84, "v": 90}], "size": 1.0, "_time": 109.769531, "pos": 0}, {"$id": 542, "sounds": [{"d": 0.166900635, "p": 79, "v": 56}], "pos": -1.5, "size": 1.0, "_time": 109.941406}, {"$id": 543, "sounds": [{"d": 0.166900635, "p": 91, "v": 97}], "pos": 1.22613, "size": 1.0, "_time": 110.113281}, {"$id": 544, "sounds": [{"d": 0.6782608, "p": 86, "v": 86}], "pos": -0.4045232, "size": 1.0, "_time": 110.28125}, {"$id": 545, "sounds": [{"d": 0.166900635, "p": 88, "v": 97}], "pos": 1.5, "size": 1.0, "_time": 110.964844}, {"$id": 546, "sounds": [{"d": 0.166900635, "p": 84, "v": 99}], "size": 1.0, "_time": 111.132813, "pos": 0}, {"$id": 547, "sounds": [{"d": 0.337356567, "p": 79, "v": 83}], "pos": -1.5, "size": 1.0, "_time": 111.304688}, {"$id": 548, "sounds": [{"d": 0.166900635, "p": 81, "v": 86}], "pos": -0.326632977, "size": 1.0, "_time": 111.476563}, {"$id": 549, "sounds": [{"d": 0.678268433, "p": 86, "v": 81}], "pos": 1.09799027, "size": 1.0, "_time": 111.644531}, {"$id": 550, "sounds": [{"d": 0.166900635, "p": 84, "v": 81}], "pos": 1.5, "size": 1.0, "_time": 112.328125}, {"$id": 551, "sounds": [{"d": 0.166900635, "p": 83, "v": 87}], "pos": 0.273869932, "size": 1.0, "_time": 112.5}, {"$id": 552, "sounds": [{"d": 0.166900635, "p": 81, "v": 80}], "pos": -0.7311553, "size": 1.0, "_time": 112.667969}, {"$id": 553, "sounds": [{"d": 0.166900635, "p": 79, "v": 87}], "pos": -1.73366785, "size": 1.0, "_time": 112.839844}, {"$id": 554, "sounds": [{"d": 0.166900635, "p": 88, "v": 67}], "pos": 1.0, "size": 1.0, "_time": 113.007813}, {"$id": 555, "sounds": [{"d": 0.337356567, "p": 86, "v": 87}], "pos": -1.0, "size": 1.0, "_time": 113.179688}, {"$id": 556, "sounds": [{"d": 0.166900635, "p": 84, "v": 86}], "pos": -1.35427177, "size": 1.0, "_time": 113.519531}, {"$id": 557, "sounds": [{"d": 0.337356567, "p": 91, "v": 103}], "pos": 1.5, "size": 1.0, "_time": 113.691406}, {"$id": 558, "sounds": [{"d": 0.337356567, "p": 79, "v": 76}], "pos": -1.60301542, "size": 1.0, "_time": 114.03125}, {"$id": 559, "sounds": [{"d": 0.337356567, "p": 83, "v": 92}], "pos": -0.374371856, "size": 1.0, "_time": 114.375}, {"$id": 560, "sounds": [{"d": 0.337356567, "p": 84, "v": 99}], "pos": 1.20854259, "size": 1.0, "_time": 114.714844}, {"$id": 561, "sounds": [{"d": 0.166900635, "p": 84, "v": 77}], "pos": 1.5, "size": 1.0, "_time": 115.054688}, {"$id": 562, "sounds": [{"d": 0.166900635, "p": 79, "v": 93}], "size": 1.0, "_time": 115.226563, "pos": 0}, {"$id": 563, "sounds": [{"d": 0.166900635, "p": 81, "v": 67}], "pos": -1.5, "size": 1.0, "_time": 115.394531}, {"$id": 564, "sounds": [{"d": 0.166900635, "p": 91, "v": 113}], "pos": 1.0, "size": 1.0, "_time": 115.566406}, {"$id": 565, "sounds": [{"d": 0.6782608, "p": 86, "v": 76}], "pos": -0.349246621, "size": 1.0, "_time": 115.738281}, {"$id": 566, "sounds": [{"d": 1.18961334, "p": 57, "v": 53}, {"d": 1.18961334, "p": 53, "v": 53}, {"d": 1.18961334, "p": 64, "v": 53}, {"d": 1.18961334, "p": 60, "v": 53}], "pos": -1.77638149, "size": 1.4000001, "_time": 115.90625}, {"$id": 567, "sounds": [{"d": 0.166900635, "p": 88, "v": 96}], "pos": 1.5, "size": 1.0, "_time": 116.417969}, {"$id": 568, "sounds": [{"d": 0.166900635, "p": 84, "v": 88}], "size": 1.0, "_time": 116.589844, "pos": 0}, {"$id": 569, "sounds": [{"d": 0.337356567, "p": 79, "v": 76}], "pos": -1.5, "size": 1.0, "_time": 116.757813}, {"$id": 570, "sounds": [{"d": 0.166900635, "p": 81, "v": 88}], "size": 1.0, "_time": 116.929688, "pos": 0}, {"$id": 571, "sounds": [{"d": 0.678268433, "p": 86, "v": 91}], "pos": 1.5, "size": 1.0, "_time": 117.101563}, {"$id": 572, "sounds": [{"d": 1.53051, "p": 65, "v": 53}, {"d": 1.53051, "p": 60, "v": 53}, {"d": 1.53051, "p": 57, "v": 53}, {"d": 1.53051, "p": 55, "v": 53}], "pos": -1.5, "size": 1.4000001, "_time": 117.101563}, {"$id": 573, "sounds": [{"d": 0.166900635, "p": 86, "v": 86}], "pos": 1.5, "size": 1.0, "_time": 117.78125}, {"$id": 574, "sounds": [{"d": 0.166900635, "p": 84, "v": 106}], "pos": 0.5, "size": 1.0, "_time": 117.953125}, {"$id": 575, "sounds": [{"d": 0.166900635, "p": 76, "v": 74}], "pos": -1.50502515, "size": 1.0, "_time": 118.125}, {"$id": 576, "sounds": [{"d": 0.166900635, "p": 79, "v": 103}], "size": 1.0, "_time": 118.292969, "pos": 0}, {"$id": 577, "sounds": [{"d": 0.166900635, "p": 86, "v": 91}], "pos": 1.67839217, "size": 1.0, "_time": 118.464844}, {"$id": 578, "sounds": [{"d": 0.337356567, "p": 83, "v": 100}], "pos": 1.0, "size": 1.0, "_time": 118.632813}, {"$id": 579, "sounds": [{"d": 1.18961334, "p": 64, "v": 53}, {"d": 1.18961334, "p": 67, "v": 53}, {"d": 1.18961334, "p": 60, "v": 53}, {"d": 1.18961334, "p": 57, "v": 53}], "pos": -1.5, "size": 1.4000001, "_time": 118.632813}, {"$id": 580, "sounds": [{"d": 0.166900635, "p": 81, "v": 84}], "pos": -1.0, "size": 1.0, "_time": 118.976563}, {"$id": 581, "sounds": [{"d": 0.337356567, "p": 83, "v": 98}], "pos": 0.5, "size": 1.0, "_time": 119.144531}, {"$id": 582, "sounds": [{"d": 0.337356567, "p": 84, "v": 84}], "pos": 1.0, "size": 1.0, "_time": 119.488281}, {"$id": 583, "sounds": [{"d": 1.53052521, "p": 55, "v": 53}, {"d": 1.53052521, "p": 60, "v": 53}, {"d": 1.53052521, "p": 62, "v": 53}, {"d": 1.53052521, "p": 52, "v": 53}], "pos": -1.37688446, "size": 1.30000007, "_time": 119.828125}, {"$id": 584, "sounds": [{"d": 0.337356567, "p": 86, "v": 81}], "pos": 1.0, "size": 1.30000007, "_time": 119.828125}, {"$id": 585, "sounds": [{"d": 0.678268433, "p": 91, "v": 113}], "pos": 1.5, "size": 1.30000007, "_time": 120.167969}, {"$id": 586, "sounds": [{"d": 0.678268433, "p": 79, "v": 62}], "pos": -0.929648459, "size": 1.30000007, "_time": 120.167969}, {"$id": 587, "sounds": [{"d": 0.337356567, "p": 76, "v": 54}], "pos": -1.20351744, "size": 1.30000007, "_time": 120.507813}, {"$id": 588, "sounds": [{"d": 0.337356567, "p": 88, "v": 88}], "pos": 1.326633, "size": 1.30000007, "_time": 120.507813}, {"$id": 589, "sounds": [{"d": 0.337356567, "p": 69, "v": 72}], "pos": -1.62814081, "size": 1.30000007, "_time": 120.851563}, {"$id": 590, "sounds": [{"d": 0.337356567, "p": 81, "v": 79}], "pos": 1.02763879, "size": 1.30000007, "_time": 120.851563}, {"$id": 591, "sounds": [{"d": 0.337348938, "p": 72, "v": 72}], "pos": -1.45226121, "size": 1.30000007, "_time": 121.191406}, {"$id": 592, "sounds": [{"d": 0.6782532, "p": 84, "v": 88}], "pos": 1.0, "size": 1.30000007, "_time": 121.191406}, {"$id": 593, "sounds": [{"d": 0.166900635, "p": 76, "v": 100}], "pos": -1.5, "size": 1.0, "_time": 121.871094}, {"$id": 594, "sounds": [{"d": 0.166908264, "p": 88, "v": 100}], "pos": 1.5, "size": 1.0, "_time": 122.042969}, {"$id": 595, "sounds": [{"d": 0.166900635, "p": 86, "v": 100}], "size": 1.0, "_time": 122.214844, "pos": 0}, {"$id": 596, "sounds": [{"d": 0.166900635, "p": 84, "v": 100}], "pos": -1.5, "size": 1.0, "_time": 122.382813}, {"$id": 597, "sounds": [{"d": 0.166900635, "p": 86, "v": 100}], "pos": 0.427135855, "size": 1.0, "_time": 122.554688}, {"$id": 598, "sounds": [{"d": 0.337356567, "p": 76, "v": 126}], "pos": -0.223618478, "size": 1.1, "_time": 123.238281}, {"$id": 599, "sounds": [{"d": 0.337348938, "p": 72, "v": 126}], "pos": -0.5, "size": 1.0, "_time": 123.40625}, {"$id": 600, "sounds": [{"d": 0.166900635, "p": 67, "v": 108}], "pos": -1.0, "size": 1.0, "_time": 123.578125}, {"$id": 601, "sounds": [{"d": 0.166900635, "p": 79, "v": 127}], "pos": 1.5, "size": 1.0, "_time": 123.746094}, {"$id": 602, "sounds": [{"d": 0.166900635, "p": 67, "v": 76}], "pos": -1.5, "size": 1.0, "_time": 123.746094}, {"$id": 603, "sounds": [{"d": 0.678268433, "p": 74, "v": 127}], "pos": 1.0, "size": 1.0, "_time": 123.917969}, {"$id": 604, "sounds": [{"d": 0.678268433, "p": 67, "v": 93}], "pos": -1.18090475, "size": 1.0, "_time": 123.917969}, {"$id": 605, "sounds": [{"d": 0.6782608, "p": 41, "v": 113}], "pos": -1.72613108, "size": 1.30000007, "_time": 124.089844}, {"$id": 606, "sounds": [{"d": 0.166900635, "p": 76, "v": 127}], "pos": 1.0, "size": 1.1, "_time": 124.601563}, {"$id": 607, "sounds": [{"d": 0.166900635, "p": 72, "v": 120}], "pos": 0.5, "size": 1.0, "_time": 124.769531}, {"$id": 608, "sounds": [{"d": 0.3373642, "p": 67, "v": 127}], "size": 1.0, "_time": 124.941406, "pos": 0}, {"$id": 609, "sounds": [{"d": 0.166908264, "p": 69, "v": 110}], "pos": 0.5, "size": 1.0, "_time": 125.113281}, {"$id": 610, "sounds": [{"d": 0.6782532, "p": 65, "v": 108}], "pos": -1.0, "size": 1.0, "_time": 125.28125}, {"$id": 611, "sounds": [{"d": 0.6782532, "p": 74, "v": 127}], "pos": 1.5, "size": 1.0, "_time": 125.28125}, {"$id": 612, "sounds": [{"d": 1.36006165, "p": 53, "v": 113}], "pos": 1.5, "size": 1.30000007, "_time": 125.453125}, {"$id": 613, "sounds": [{"d": 1.36006165, "p": 43, "v": 113}], "pos": -1.5, "size": 1.30000007, "_time": 125.453125}, {"$id": 614, "sounds": [{"d": 0.166900635, "p": 74, "v": 127}], "pos": 1.5, "size": 1.0, "_time": 125.964844}, {"$id": 615, "sounds": [{"d": 0.166908264, "p": 72, "v": 127}], "size": 1.0, "_time": 126.132813, "pos": 0}, {"$id": 616, "sounds": [{"d": 0.166893, "p": 64, "v": 120}], "pos": -1.5, "size": 1.0, "_time": 126.304688}, {"$id": 617, "sounds": [{"d": 0.166900635, "p": 67, "v": 127}], "size": 1.0, "_time": 126.476563, "pos": 0}, {"$id": 618, "sounds": [{"d": 0.166900635, "p": 74, "v": 116}], "pos": 1.5, "size": 1.0, "_time": 126.644531}, {"$id": 619, "sounds": [{"d": 0.3373413, "p": 71, "v": 127}], "pos": 1.0, "size": 1.2, "_time": 126.816406}, {"$id": 620, "sounds": [{"d": 0.507782, "p": 55, "v": 97}], "pos": -1.5, "size": 1.2, "_time": 126.816406}, {"$id": 621, "sounds": [{"d": 0.166893, "p": 69, "v": 122}], "size": 1.0, "_time": 127.15625, "pos": 0}, {"$id": 622, "sounds": [{"d": 0.337356567, "p": 71, "v": 122}], "pos": 1.5, "size": 1.2, "_time": 127.328125}, {"$id": 623, "sounds": [{"d": 0.337356567, "p": 59, "v": 93}], "pos": -1.5, "size": 1.2, "_time": 127.328125}, {"$id": 624, "sounds": [{"d": 0.337356567, "p": 72, "v": 112}], "pos": 0.5, "size": 1.0, "_time": 127.667969}, {"$id": 625, "sounds": [{"d": 0.344497681, "p": 62, "v": 100}], "pos": -1.0, "size": 1.2, "_time": 128.0039}, {"$id": 626, "sounds": [{"d": 0.337387085, "p": 74, "v": 127}], "pos": 1.5, "size": 1.2, "_time": 128.007813}, {"$id": 627, "sounds": [{"d": 0.344467163, "p": 67, "v": 100}], "pos": -0.5, "size": 1.2, "_time": 128.34375}, {"$id": 628, "sounds": [{"d": 0.678268433, "p": 79, "v": 127}], "pos": 2.0, "size": 1.2, "_time": 128.351563}, {"$id": 629, "sounds": [{"d": 0.166900635, "p": 76, "v": 127}], "pos": -1.0, "size": 1.1, "_time": 128.6914}, {"$id": 630, "sounds": [{"d": 0.166900635, "p": 72, "v": 127}], "pos": -0.824121356, "size": 1.0, "_time": 128.863281}, {"$id": 631, "sounds": [{"d": 0.337356567, "p": 67, "v": 120}], "pos": 1.5, "size": 1.0, "_time": 129.03125}, {"$id": 632, "sounds": [{"d": 0.5078125, "p": 60, "v": 91}], "pos": -1.32663393, "size": 1.0, "_time": 129.03125}, {"$id": 633, "sounds": [{"d": 0.166900635, "p": 79, "v": 127}], "pos": -1.12814069, "size": 1.0, "_time": 129.203125}, {"$id": 634, "sounds": [{"d": 0.67829895, "p": 74, "v": 127}], "pos": 1.0, "size": 1.0, "_time": 129.3711}, {"$id": 635, "sounds": [{"d": 0.67829895, "p": 69, "v": 102}], "pos": -0.773870766, "size": 1.0, "_time": 129.3711}, {"$id": 636, "sounds": [{"d": 0.67829895, "p": 41, "v": 110}], "pos": -1.27701008, "size": 1.30000007, "_time": 129.542969}, {"$id": 637, "sounds": [{"d": 0.67829895, "p": 52, "v": 110}], "pos": 1.5, "size": 1.30000007, "_time": 129.542969}, {"$id": 638, "sounds": [{"d": 0.166900635, "p": 76, "v": 127}], "pos": 1.0, "size": 1.1, "_time": 130.054688}, {"$id": 639, "sounds": [{"d": 0.1669159, "p": 72, "v": 127}], "pos": 0.527638733, "size": 1.0, "_time": 130.226563}, {"$id": 640, "sounds": [{"d": 0.5078125, "p": 60, "v": 100}], "pos": -0.9974874, "size": 1.0, "_time": 130.394531}, {"$id": 641, "sounds": [{"d": 0.337356567, "p": 67, "v": 117}], "pos": 0.798994243, "size": 1.0, "_time": 130.394531}, {"$id": 642, "sounds": [{"d": 0.166900635, "p": 69, "v": 119}], "pos": 1.24874365, "size": 1.0, "_time": 130.5664}, {"$id": 643, "sounds": [{"d": 0.678268433, "p": 67, "v": 98}], "pos": -1.44974959, "size": 1.0, "_time": 130.738281}, {"$id": 644, "sounds": [{"d": 0.678268433, "p": 74, "v": 115}], "pos": 1.59799027, "size": 1.0, "_time": 130.738281}, {"$id": 645, "sounds": [{"d": 1.36012268, "p": 43, "v": 101}], "pos": -1.72361755, "size": 1.30000007, "_time": 130.90625}, {"$id": 646, "sounds": [{"d": 1.36012268, "p": 50, "v": 101}], "pos": 1.726131, "size": 1.30000007, "_time": 130.90625}, {"$id": 647, "sounds": [{"d": 0.166900635, "p": 72, "v": 115}], "pos": 1.5, "size": 1.0, "_time": 131.417969}, {"$id": 648, "sounds": [{"d": 0.166900635, "p": 71, "v": 120}], "size": 1.0, "_time": 131.589844, "pos": 0}, {"$id": 649, "sounds": [{"d": 0.1669159, "p": 69, "v": 115}], "pos": -1.5, "size": 1.0, "_time": 131.757813}, {"$id": 650, "sounds": [{"d": 0.166900635, "p": 67, "v": 120}], "pos": 0.9798999, "size": 1.30000007, "_time": 131.929688}, {"$id": 651, "sounds": [{"d": 0.337371826, "p": 57, "v": 103}], "pos": -1.0, "size": 1.30000007, "_time": 131.929688}, {"$id": 652, "sounds": [{"d": 0.1669159, "p": 76, "v": 105}], "pos": 1.5, "size": 1.0, "_time": 132.101563}, {"$id": 653, "sounds": [{"d": 0.337371826, "p": 74, "v": 120}], "pos": 0.798995137, "size": 1.2, "_time": 132.269531}, {"$id": 654, "sounds": [{"d": 0.507827759, "p": 40, "v": 103}], "pos": -1.5, "size": 1.2, "_time": 132.269531}, {"$id": 655, "sounds": [{"d": 0.166900635, "p": 72, "v": 119}], "pos": 0.5, "size": 1.1, "_time": 132.613281}, {"$id": 656, "sounds": [{"d": 0.337356567, "p": 79, "v": 127}], "pos": 1.5, "size": 1.2, "_time": 132.78125}, {"$id": 657, "sounds": [{"d": 0.337356567, "p": 59, "v": 115}], "pos": -1.0, "size": 1.2, "_time": 132.78125}, {"$id": 658, "sounds": [{"d": 0.337356567, "p": 67, "v": 111}], "pos": -1.78391933, "size": 1.0, "_time": 133.125}, {"$id": 659, "sounds": [{"d": 0.337356567, "p": 33, "v": 107}], "pos": 3.125, "size": 1.0, "_time": 133.464844}, {"$id": 660, "sounds": [{"d": 0.337356567, "p": 71, "v": 124}], "pos": 1.153266, "size": 1.30000007, "_time": 133.464844}, {"$id": 661, "sounds": [{"d": 0.337356567, "p": 62, "v": 107}], "pos": -1.379397, "size": 1.30000007, "_time": 133.464844}, {"$id": 662, "sounds": [{"d": 0.1953125, "p": 72, "v": 127}], "pos": 1.63065338, "size": 1.30000007, "_time": 133.804688}, {"$id": 663, "sounds": [{"d": 0.1953125, "p": 64, "v": 112}], "pos": -0.9020097, "size": 1.30000007, "_time": 133.804688}, {"$id": 664, "sounds": [{"d": 0.337371826, "p": 33, "v": 107}], "pos": 3.125, "size": 1.0, "_time": 133.976563}, {"$id": 665, "sounds": [{"d": 0.1669159, "p": 72, "v": 127}], "pos": -1.5, "size": 1.1, "_time": 134.144531}, {"$id": 666, "sounds": [{"d": 0.1669159, "p": 67, "v": 124}], "pos": -1.5, "size": 1.0, "_time": 134.3164}, {"$id": 667, "sounds": [{"d": 0.1669159, "p": 69, "v": 105}], "pos": 1.5, "size": 1.0, "_time": 134.488281}, {"$id": 668, "sounds": [{"d": 0.507843, "p": 62, "v": 88}], "pos": -1.0, "size": 1.0, "_time": 134.488281}, {"$id": 669, "sounds": [{"d": 0.1669159, "p": 79, "v": 127}], "pos": -0.5, "size": 1.0, "_time": 134.65625}, {"$id": 670, "sounds": [{"d": 0.6782379, "p": 74, "v": 111}], "pos": 1.0, "size": 1.0, "_time": 134.828125}, {"$id": 671, "sounds": [{"d": 0.6782379, "p": 69, "v": 94}], "pos": -0.9798999, "size": 1.0, "_time": 134.828125}, {"$id": 672, "sounds": [{"d": 0.6782532, "p": 41, "v": 104}], "pos": -1.5, "size": 1.30000007, "_time": 135.0}, {"$id": 673, "sounds": [{"d": 0.6782532, "p": 52, "v": 104}], "pos": 1.34924662, "size": 1.30000007, "_time": 135.0}, {"$id": 674, "sounds": [{"d": 0.1669159, "p": 76, "v": 127}], "pos": 1.5, "size": 1.1, "_time": 135.507813}, {"$id": 675, "sounds": [{"d": 0.166900635, "p": 72, "v": 121}], "pos": 1.0, "size": 1.0, "_time": 135.679688}, {"$id": 676, "sounds": [{"d": 0.507797241, "p": 60, "v": 94}], "pos": -1.5, "size": 1.0, "_time": 135.851563}, {"$id": 677, "sounds": [{"d": 0.33732605, "p": 67, "v": 111}], "pos": 0.5, "size": 1.0, "_time": 135.851563}, {"$id": 678, "sounds": [{"d": 0.166885376, "p": 69, "v": 121}], "pos": 0.5, "size": 1.0, "_time": 136.019531}, {"$id": 679, "sounds": [{"d": 0.678268433, "p": 69, "v": 106}], "pos": -1.0, "size": 1.0, "_time": 136.1914}, {"$id": 680, "sounds": [{"d": 0.678268433, "p": 74, "v": 123}], "pos": 1.0, "size": 1.0, "_time": 136.1914}, {"$id": 681, "sounds": [{"d": 1.36006165, "p": 53, "v": 106}], "pos": 1.5, "size": 1.30000007, "_time": 136.363281}, {"$id": 682, "sounds": [{"d": 1.36006165, "p": 43, "v": 106}], "pos": -1.5, "size": 1.2, "_time": 136.363281}, {"$id": 683, "sounds": [{"d": 0.1669159, "p": 74, "v": 119}], "pos": 1.5, "size": 1.0, "_time": 136.875}, {"$id": 684, "sounds": [{"d": 0.166900635, "p": 72, "v": 127}], "size": 1.0, "_time": 137.042969, "pos": 0}, {"$id": 685, "sounds": [{"d": 0.166900635, "p": 64, "v": 118}], "pos": -1.5, "size": 1.0, "_time": 137.214844}, {"$id": 686, "sounds": [{"d": 0.166900635, "p": 67, "v": 127}], "pos": -0.1482408, "size": 1.0, "_time": 137.382813}, {"$id": 687, "sounds": [{"d": 0.166870117, "p": 74, "v": 123}], "pos": 1.45226121, "size": 1.0, "_time": 137.554688}, {"$id": 688, "sounds": [{"d": 0.337387085, "p": 62, "v": 113}], "pos": -1.5, "size": 1.2, "_time": 137.726563}, {"$id": 689, "sounds": [{"d": 0.337387085, "p": 71, "v": 127}], "pos": 0.751256347, "size": 1.2, "_time": 137.726563}, {"$id": 690, "sounds": [{"d": 0.1669159, "p": 69, "v": 118}], "pos": 0.5, "size": 1.1, "_time": 138.0664}, {"$id": 691, "sounds": [{"d": 0.337356567, "p": 71, "v": 127}], "pos": 1.09798944, "size": 1.2, "_time": 138.238281}, {"$id": 692, "sounds": [{"d": 0.337356567, "p": 59, "v": 111}], "pos": -1.5, "size": 1.2, "_time": 138.238281}, {"$id": 693, "sounds": [{"d": 0.337387085, "p": 72, "v": 118}], "pos": 0.5, "size": 1.1, "_time": 138.578125}, {"$id": 694, "sounds": [{"d": 0.340942383, "p": 62, "v": 101}], "pos": -1.02763867, "size": 1.30000007, "_time": 138.914063}, {"$id": 695, "sounds": [{"d": 0.337387085, "p": 74, "v": 115}], "pos": 1.42713583, "size": 1.30000007, "_time": 138.917969}, {"$id": 696, "sounds": [{"d": 0.678268433, "p": 79, "v": 127}], "pos": 1.74874377, "size": 1.30000007, "_time": 139.257813}, {"$id": 697, "sounds": [{"d": 0.340911865, "p": 67, "v": 116}], "pos": -0.479899883, "size": 1.30000007, "_time": 139.257813}, {"$id": 698, "sounds": [{"d": 0.337356567, "p": 71, "v": 104}], "pos": -0.8844212, "size": 1.30000007, "_time": 139.601563}, {"$id": 699, "sounds": [{"d": 0.337356567, "p": 76, "v": 121}], "pos": 1.75125623, "size": 1.30000007, "_time": 139.601563}, {"$id": 700, "sounds": [{"d": 0.337356567, "p": 69, "v": 114}], "pos": 0.9271358, "size": 1.30000007, "_time": 139.9414}, {"$id": 701, "sounds": [{"d": 0.5078125, "p": 64, "v": 97}], "pos": -1.68341732, "size": 1.30000007, "_time": 139.9414}, {"$id": 702, "sounds": [{"d": 0.67829895, "p": 67, "v": 104}], "pos": -0.8819095, "size": 1.30000007, "_time": 140.28125}, {"$id": 703, "sounds": [{"d": 0.67829895, "p": 72, "v": 121}], "pos": 1.5778892, "size": 1.30000007, "_time": 140.28125}, {"$id": 704, "sounds": [{"d": 0.8487396, "p": 53, "v": 113}], "pos": -1.0, "size": 1.4000001, "_time": 140.964844}, {"$id": 705, "sounds": [{"d": 0.8487396, "p": 57, "v": 113}], "pos": 1.25125623, "size": 1.4000001, "_time": 140.964844}, {"$id": 706, "sounds": [{"d": 0.1669159, "p": 76, "v": 127}], "pos": 1.5, "size": 1.0, "_time": 141.132813}, {"$id": 707, "sounds": [{"d": 0.166900635, "p": 74, "v": 127}], "pos": 1.07286417, "size": 1.0, "_time": 141.304688}, {"$id": 708, "sounds": [{"d": 0.166900635, "p": 72, "v": 127}], "pos": 0.5, "size": 1.0, "_time": 141.476563}, {"$id": 709, "sounds": [{"d": 0.337356567, "p": 67, "v": 127}], "size": 1.0, "_time": 141.644531, "pos": 0}, {"$id": 710, "sounds": [{"d": 0.678268433, "p": 43, "v": 113}], "pos": -1.5, "size": 1.4000001, "_time": 141.8164}, {"$id": 711, "sounds": [{"d": 0.678268433, "p": 50, "v": 113}], "pos": 1.5, "size": 1.4000001, "_time": 141.8164}, {"$id": 712, "sounds": [{"d": 0.482955933, "p": 67, "v": 127}], "pos": -0.776381552, "size": 1.0, "_time": 141.988281}, {"$id": 713, "sounds": [{"d": 0.337356567, "p": 72, "v": 100}], "pos": 1.0, "size": 1.0, "_time": 142.15625}, {"$id": 714, "sounds": [{"d": 0.142044067, "p": 64, "v": 113}], "pos": -0.326632977, "size": 1.0, "_time": 142.328125}, {"$id": 715, "sounds": [{"d": 0.1598053, "p": 43, "v": 113}, {"d": 0.1598053, "p": 50, "v": 113}], "pos": -1.0, "size": 1.50000012, "_time": 142.5}, {"$id": 716, "sounds": [{"d": 0.166900635, "p": 65, "v": 127}, {"d": 0.166900635, "p": 69, "v": 127}, {"d": 0.166900635, "p": 76, "v": 127}], "pos": 1.5, "size": 1.50000012, "_time": 142.5}, {"$id": 717, "sounds": [{"d": 0.06034851, "p": 65, "v": 127}, {"d": 0.06034851, "p": 69, "v": 127}, {"d": 0.06034851, "p": 72, "v": 127}], "pos": 1.5, "size": 1.50000012, "_time": 142.667969}, {"$id": 718, "sounds": [{"d": 0.06390381, "p": 43, "v": 113}, {"d": 0.06390381, "p": 50, "v": 113}], "pos": -1.0, "size": 1.50000012, "_time": 142.675781}, {"$id": 719, "sounds": [{"d": 0.6783142, "p": 41, "v": 113}], "pos": -1.5, "size": 1.50000012, "_time": 143.007813}, {"$id": 720, "sounds": [{"d": 0.252197266, "p": 64, "v": 95}, {"d": 0.252197266, "p": 69, "v": 95}, {"d": 0.252197266, "p": 74, "v": 127}], "pos": 1.5, "size": 1.50000012, "_time": 143.007813}, {"$id": 721, "sounds": [{"d": 0.08166504, "p": 67, "v": 100}], "pos": -2.0, "size": 1.2, "_time": 143.519531}, {"$id": 722, "sounds": [{"d": 0.0816803, "p": 69, "v": 100}], "size": 1.2, "_time": 143.632813, "pos": 0}, {"$id": 723, "sounds": [{"d": 0.110092163, "p": 72, "v": 92}], "pos": -1.5, "size": 1.1, "_time": 143.75}, {"$id": 724, "sounds": [{"d": 0.08166504, "p": 67, "v": 88}], "pos": 0.5, "size": 1.1, "_time": 143.863281}, {"$id": 725, "sounds": [{"d": 0.0816803, "p": 69, "v": 88}], "pos": -1.0, "size": 1.1, "_time": 143.945313}, {"$id": 726, "sounds": [{"d": 0.0816803, "p": 72, "v": 88}], "pos": 1.0, "size": 1.1, "_time": 144.03125}, {"$id": 727, "sounds": [{"d": 0.0816803, "p": 79, "v": 88}], "pos": -0.5, "size": 1.1, "_time": 144.117188}, {"$id": 728, "sounds": [{"d": 0.0816803, "p": 74, "v": 88}], "pos": 1.5, "size": 1.1, "_time": 144.203125}, {"$id": 729, "sounds": [{"d": 0.08166504, "p": 76, "v": 88}], "size": 1.1, "_time": 144.289063, "pos": 0}, {"$id": 730, "sounds": [{"d": 0.08166504, "p": 79, "v": 88}], "pos": 2.0, "size": 1.1, "_time": 144.375}, {"$id": 731, "sounds": [{"d": 0.08166504, "p": 84, "v": 88}], "pos": 0.5, "size": 1.1, "_time": 144.457031}, {"$id": 732, "sounds": [{"d": 0.0816803, "p": 86, "v": 88}], "pos": 0.326632947, "size": 1.0, "_time": 144.542969}, {"$id": 733, "sounds": [{"d": 0.0816803, "p": 83, "v": 90}], "pos": 0.0527640581, "size": 1.0, "_time": 144.6289}, {"$id": 734, "sounds": [{"d": 0.0816803, "p": 84, "v": 84}], "pos": -0.5, "size": 1.0, "_time": 144.714844}, {"$id": 735, "sounds": [{"d": 0.08164978, "p": 91, "v": 82}], "size": 1.0, "_time": 144.800781, "pos": 0}, {"$id": 736, "sounds": [{"d": 0.110076904, "p": 88, "v": 80}], "pos": -0.5, "size": 1.0, "_time": 144.882813}, {"$id": 737, "sounds": [{"d": 0.110107422, "p": 95, "v": 80}], "pos": 0.271357358, "size": 1.0, "_time": 145.0}, {"$id": 738, "sounds": [{"d": 0.110092163, "p": 91, "v": 78}], "pos": -0.0276387334, "size": 1.0, "_time": 145.113281}, {"$id": 739, "sounds": [{"d": 0.166900635, "p": 96, "v": 76}], "pos": 0.798995137, "size": 1.0, "_time": 145.226563}, {"$id": 740, "sounds": [{"d": 0.166885376, "p": 98, "v": 64}], "pos": 1.09798944, "size": 0.9, "_time": 145.394531}, {"$id": 741, "sounds": [{"d": 0.1669159, "p": 103, "v": 70}], "pos": 1.52261353, "size": 0.799999952, "_time": 145.738281}, {"$id": 742, "sounds": [{"d": 0.166900635, "p": 107, "v": 50}], "pos": 2.0, "size": 0.799999952, "_time": 146.417969}], "links": [{"notes": [{"$ref": 31}, {"$ref": 32}, {"$ref": 33}, {"$ref": 34}, {"$ref": 35}]}, {"notes": [{"$ref": 39}, {"$ref": 40}, {"$ref": 41}, {"$ref": 42}]}, {"notes": [{"$ref": 159}, {"$ref": 160}, {"$ref": 161}, {"$ref": 162}, {"$ref": 163}, {"$ref": 164}, {"$ref": 165}]}, {"notes": [{"$ref": 166}, {"$ref": 167}, {"$ref": 168}, {"$ref": 169}, {"$ref": 170}, {"$ref": 171}, {"$ref": 172}, {"$ref": 174}]}, {"notes": [{"$ref": 188}, {"$ref": 189}, {"$ref": 191}]}, {"notes": [{"$ref": 192}, {"$ref": 193}, {"$ref": 194}, {"$ref": 195}, {"$ref": 196}, {"$ref": 197}]}, {"notes": [{"$ref": 205}, {"$ref": 206}, {"$ref": 207}]}, {"notes": [{"$ref": 280}, {"$ref": 281}, {"$ref": 282}, {"$ref": 283}, {"$ref": 284}, {"$ref": 285}, {"$ref": 286}, {"$ref": 287}, {"$ref": 288}, {"$ref": 289}, {"$ref": 290}, {"$ref": 291}, {"$ref": 292}]}, {"notes": [{"$ref": 732}, {"$ref": 733}, {"$ref": 734}, {"$ref": 735}, {"$ref": 736}, {"$ref": 737}, {"$ref": 738}, {"$ref": 739}, {"$ref": 740}, {"$ref": 741}]}, {"notes": [{"$ref": 515}, {"$ref": 516}, {"$ref": 517}, {"$ref": 518}]}, {"notes": [{"$ref": 410}, {"$ref": 411}, {"$ref": 412}, {"$ref": 413}, {"$ref": 414}, {"$ref": 415}, {"$ref": 416}, {"$ref": 417}, {"$ref": 418}, {"$ref": 419}, {"$ref": 420}, {"$ref": 421}, {"$ref": 422}, {"$ref": 423}, {"$ref": 424}]}, {"notes": [{"$ref": 364}, {"$ref": 365}, {"$ref": 366}]}, {"notes": [{"$ref": 2}, {"$ref": 3}, {"$ref": 4}]}, {"notes": [{"$ref": 351}, {"$ref": 352}, {"$ref": 353}, {"$ref": 354}]}, {"notes": [{"$ref": 17}, {"$ref": 18}, {"$ref": 19}, {"$ref": 20}, {"$ref": 21}, {"$ref": 23}, {"$ref": 24}, {"$ref": 25}, {"$ref": 26}]}, {"notes": [{"$ref": 382}, {"$ref": 383}, {"$ref": 384}]}, {"notes": [{"$ref": 7}, {"$ref": 8}, {"$ref": 9}, {"$ref": 10}, {"$ref": 11}, {"$ref": 13}, {"$ref": 14}]}, {"notes": [{"$ref": 355}, {"$ref": 356}, {"$ref": 357}, {"$ref": 358}, {"$ref": 359}, {"$ref": 360}]}, {"notes": [{"$ref": 385}, {"$ref": 386}, {"$ref": 387}, {"$ref": 388}, {"$ref": 389}]}, {"notes": [{"$ref": 492}, {"$ref": 493}, {"$ref": 494}, {"$ref": 495}, {"$ref": 496}]}, {"notes": [{"$ref": 706}, {"$ref": 707}, {"$ref": 708}, {"$ref": 709}]}, {"notes": [{"$ref": 599}, {"$ref": 600}, {"$ref": 602}, {"$ref": 604}]}, {"notes": [{"$ref": 607}, {"$ref": 608}, {"$ref": 609}, {"$ref": 611}]}, {"notes": [{"$ref": 630}, {"$ref": 632}, {"$ref": 633}, {"$ref": 635}]}, {"notes": [{"$ref": 639}, {"$ref": 641}, {"$ref": 642}, {"$ref": 644}]}, {"notes": [{"$ref": 666}, {"$ref": 668}, {"$ref": 669}, {"$ref": 671}]}, {"notes": [{"$ref": 675}, {"$ref": 677}, {"$ref": 678}, {"$ref": 680}]}]}