{"speed": 6.0, "notes": [{"$id": 1, "sounds": [{"d": 1.40625, "p": 61, "v": 127}], "pos": 1.5, "size": 1.30000007}, {"$id": 2, "sounds": [{"d": 1.640625, "p": 30, "v": 127}], "pos": -1.0, "size": 1.30000007}, {"$id": 3, "pos": 1.5, "size": 1.1, "_time": 0.46875}, {"$id": 4, "pos": 1.5, "size": 1.1, "_time": 0.9375}, {"$id": 5, "sounds": [{"d": 0.234375, "p": 53, "v": 127}], "pos": -1.5, "size": 1.1, "_time": 1.40625}, {"$id": 6, "sounds": [{"d": 2.109375, "p": 32, "v": 127}], "pos": 3.0, "size": 1.0, "_time": 1.640625}, {"$id": 7, "sounds": [{"d": 2.109375, "p": 44, "v": 127}], "pos": -1.0, "size": 1.2, "_time": 1.640625}, {"$id": 8, "sounds": [{"d": 0.9375, "p": 61, "v": 127}], "pos": 1.5, "size": 1.2, "_time": 1.640625}, {"$id": 9, "pos": 1.5, "size": 1.1, "_time": 1.875}, {"$id": 10, "pos": -1.5, "size": 1.1, "_time": 2.34375}, {"$id": 11, "sounds": [{"d": 0.703125, "p": 60, "v": 127}], "pos": 0.5, "size": 1.0, "_time": 2.578125}, {"$id": 12, "pos": -1.5, "size": 1.1, "_time": 2.8125}, {"$id": 13, "sounds": [{"d": 0.234375, "p": 58, "v": 127}], "pos": -1.5, "size": 1.0, "_time": 3.28125}, {"$id": 14, "sounds": [{"d": 0.234375, "p": 60, "v": 127}], "size": 1.0, "_time": 3.515625, "pos": 0}, {"$id": 15, "sounds": [{"d": 1.640625, "p": 46, "v": 127}], "pos": -1.0, "size": 1.2, "_time": 3.75}, {"$id": 16, "sounds": [{"d": 1.40625, "p": 61, "v": 127}], "pos": 1.5, "size": 1.2, "_time": 3.75}, {"$id": 17, "sounds": [{"d": 1.640625, "p": 34, "v": 127}], "pos": 3.25, "size": 1.0, "_time": 3.75}, {"$id": 18, "pos": 1.5, "size": 1.1, "_time": 4.21875}, {"$id": 19, "pos": 1.5, "size": 1.1, "_time": 4.6875}, {"$id": 20, "sounds": [{"d": 0.234375, "p": 56, "v": 127}], "pos": -1.5, "size": 1.1, "_time": 5.15625}, {"$id": 21, "sounds": [{"d": 2.109375, "p": 49, "v": 127}], "pos": -0.5, "size": 1.2, "_time": 5.390625}, {"$id": 22, "sounds": [{"d": 0.9375, "p": 63, "v": 127}], "pos": 1.5, "size": 1.2, "_time": 5.390625}, {"$id": 23, "pos": 1.5, "size": 1.1, "_time": 5.625}, {"$id": 24, "pos": -1.5, "size": 1.1, "_time": 6.09375}, {"$id": 25, "sounds": [{"d": 0.703125, "p": 65, "v": 127}], "pos": 0.5, "size": 1.0, "_time": 6.328125}, {"$id": 26, "pos": -1.5, "size": 1.1, "_time": 6.5625}, {"$id": 27, "sounds": [{"d": 0.46875, "p": 68, "v": 127}], "pos": 1.5, "size": 1.1, "_time": 7.03125}, {"$id": 28, "sounds": [{"d": 1.875, "p": 30, "v": 127}], "pos": 3.0, "size": 1.0, "_time": 7.5}, {"$id": 29, "sounds": [{"d": 1.171875, "p": 61, "v": 127}], "pos": 1.0, "size": 1.2, "_time": 7.5}, {"$id": 30, "sounds": [{"d": 1.875, "p": 42, "v": 127}], "pos": -1.5, "size": 1.2, "_time": 7.5}, {"$id": 31, "pos": -1.5, "size": 1.1, "_time": 7.96875}, {"$id": 32, "pos": -1.5, "size": 1.1, "_time": 8.4375}, {"$id": 33, "sounds": [{"d": 0.234375, "p": 68, "v": 127}], "pos": 1.0, "size": 1.0, "_time": 8.671875}, {"$id": 34, "sounds": [{"d": 0.234375, "p": 66, "v": 127}], "size": 1.0, "_time": 8.90625, "pos": 0}, {"$id": 35, "sounds": [{"d": 0.234375, "p": 65, "v": 127}], "pos": -0.5, "size": 1.0, "_time": 9.140625}, {"$id": 36, "sounds": [{"d": 1.875, "p": 33, "v": 127}], "pos": 3.125, "size": 1.0, "_time": 9.375}, {"$id": 37, "sounds": [{"d": 0.703125, "p": 63, "v": 127}], "pos": 1.5, "size": 1.1, "_time": 9.375}, {"$id": 38, "sounds": [{"d": 1.875, "p": 45, "v": 127}], "pos": -1.5, "size": 1.1, "_time": 9.375}, {"$id": 39, "pos": 1.5, "size": 1.0, "_time": 9.84375}, {"$id": 40, "sounds": [{"d": 0.703125, "p": 65, "v": 127}], "pos": -1.0, "size": 1.0, "_time": 10.078125}, {"$id": 41, "pos": 1.5, "size": 1.0, "_time": 10.3125}, {"$id": 42, "pos": 1.5, "size": 1.0, "_time": 10.78125}, {"$id": 43, "sounds": [{"d": 0.46875, "p": 66, "v": 127}], "pos": -0.5, "size": 1.0, "_time": 10.78125}, {"$id": 44, "sounds": [{"d": 3.75, "p": 46, "v": 127}], "pos": -1.5, "size": 1.2, "_time": 11.25}, {"$id": 45, "sounds": [{"d": 0.46875, "p": 65, "v": 127}], "pos": 1.5, "size": 1.2, "_time": 11.25}, {"$id": 46, "sounds": [{"d": 0.234375, "p": 66, "v": 127}], "pos": -1.02848053, "size": 1.0, "_time": 11.71875}, {"$id": 47, "sounds": [{"d": 0.703125, "p": 68, "v": 127}], "pos": 1.0, "size": 1.0, "_time": 11.953125}, {"$id": 48, "pos": -0.5, "size": 1.0, "_time": 12.1875}, {"$id": 49, "sounds": [{"d": 0.234375, "p": 72, "v": 127}], "pos": -0.27848053, "size": 1.0, "_time": 12.65625}, {"$id": 50, "sounds": [{"d": 0.234375, "p": 73, "v": 127}], "pos": 1.5, "size": 1.0, "_time": 12.890625}, {"$id": 51, "sounds": [{"d": 0.234375, "p": 84, "v": 127}], "pos": -1.0, "size": 1.0, "_time": 13.359375}, {"$id": 52, "sounds": [{"d": 0.234375, "p": 85, "v": 127}], "pos": 1.5, "size": 1.0, "_time": 13.59375}, {"$id": 53, "sounds": [{"d": 0.234375, "p": 84, "v": 127}], "size": 1.0, "_time": 13.828125, "pos": 0}, {"$id": 54, "sounds": [{"d": 0.234375, "p": 80, "v": 127}], "pos": -1.0, "size": 1.0, "_time": 14.0625}, {"$id": 55, "sounds": [{"d": 0.1171875, "p": 75, "v": 127}], "pos": -1.5, "size": 1.0, "_time": 14.296875}, {"$id": 56, "sounds": [{"d": 0.1171875, "p": 80, "v": 127}], "pos": 1.5, "size": 1.0, "_time": 14.4140625}, {"$id": 57, "sounds": [{"d": 0.1171875, "p": 75, "v": 127}], "pos": -1.0, "size": 1.0, "_time": 14.53125}, {"$id": 58, "sounds": [{"d": 0.1171875, "p": 73, "v": 127}], "pos": 1.0, "size": 1.0, "_time": 14.6484375}, {"$id": 59, "sounds": [{"d": 0.1171875, "p": 70, "v": 127}], "pos": -0.5, "size": 1.0, "_time": 14.765625}, {"$id": 60, "sounds": [{"d": 0.1171875, "p": 72, "v": 127}], "pos": 1.5, "size": 1.0, "_time": 14.8828125}, {"$id": 61, "sounds": [{"d": 1.875, "p": 30, "v": 127}], "pos": 3.0, "size": 1.0, "_time": 15.0}, {"$id": 62, "sounds": [{"d": 0.3515625, "p": 73, "v": 127}], "pos": -1.5, "size": 1.2, "_time": 15.0}, {"$id": 63, "sounds": [{"d": 0.3515625, "p": 77, "v": 127}], "pos": 1.0, "size": 1.2, "_time": 15.0}, {"$id": 64, "sounds": [{"d": 0.3515625, "p": 72, "v": 127}], "pos": -1.75949371, "size": 1.2, "_time": 15.3515625}, {"$id": 65, "pos": 0.5, "size": 1.0, "_time": 15.46875}, {"$id": 66, "sounds": [{"d": 0.703125, "p": 73, "v": 127}], "pos": -0.9810128, "size": 1.2, "_time": 15.703125}, {"$id": 67, "sounds": [{"d": 0.703125, "p": 77, "v": 127}], "pos": 1.5, "size": 1.2, "_time": 15.703125}, {"$id": 68, "pos": 1.5, "size": 1.0, "_time": 15.9375}, {"$id": 69, "pos": 1.5, "size": 1.0, "_time": 16.40625}, {"$id": 70, "sounds": [{"d": 0.1171875, "p": 70, "v": 127}], "pos": -1.5, "size": 1.2, "_time": 16.640625}, {"$id": 71, "sounds": [{"d": 0.1171875, "p": 72, "v": 127}], "size": 1.1, "_time": 16.7578125, "pos": 0}, {"$id": 72, "sounds": [{"d": 1.875, "p": 32, "v": 127}], "pos": 3.0, "size": 1.0, "_time": 16.875}, {"$id": 73, "sounds": [{"d": 0.3515625, "p": 77, "v": 127}], "pos": 1.5, "size": 1.2, "_time": 16.875}, {"$id": 74, "sounds": [{"d": 0.3515625, "p": 73, "v": 127}], "pos": -1.5, "size": 1.2, "_time": 16.875}, {"$id": 75, "sounds": [{"d": 0.3515625, "p": 72, "v": 127}], "pos": 1.0, "size": 1.0, "_time": 17.2265625}, {"$id": 76, "pos": -1.0, "size": 1.0, "_time": 17.34375}, {"$id": 77, "sounds": [{"d": 0.703125, "p": 73, "v": 127}], "pos": -1.19145584, "size": 1.2, "_time": 17.578125}, {"$id": 78, "sounds": [{"d": 0.703125, "p": 77, "v": 127}], "pos": 1.5, "size": 1.2, "_time": 17.578125}, {"$id": 79, "pos": -1.25316465, "size": 1.0, "_time": 17.8125}, {"$id": 80, "pos": -1.25316465, "size": 1.0, "_time": 18.28125}, {"$id": 81, "sounds": [{"d": 0.1171875, "p": 72, "v": 127}], "pos": 1.0, "size": 1.0, "_time": 18.515625}, {"$id": 82, "sounds": [{"d": 0.1171875, "p": 73, "v": 127}], "pos": -0.5, "size": 1.0, "_time": 18.6328125}, {"$id": 83, "sounds": [{"d": 1.875, "p": 34, "v": 127}], "pos": 3.25, "size": 1.0, "_time": 18.75}, {"$id": 84, "sounds": [{"d": 0.703125, "p": 84, "v": 127}], "pos": 1.5, "size": 1.1, "_time": 18.75}, {"$id": 85, "sounds": [{"d": 0.703125, "p": 80, "v": 127}], "pos": -1.5, "size": 1.1, "_time": 18.75}, {"$id": 86, "pos": 1.5, "size": 1.0, "_time": 19.21875}, {"$id": 87, "sounds": [{"d": 0.703125, "p": 82, "v": 127}], "pos": -1.5, "size": 1.1, "_time": 19.453125}, {"$id": 88, "pos": 1.5, "size": 1.0, "_time": 19.6875}, {"$id": 89, "sounds": [{"d": 0.46875, "p": 84, "v": 127}], "pos": 1.5, "size": 1.1, "_time": 20.15625}, {"$id": 90, "sounds": [{"d": 0.46875, "p": 80, "v": 127}], "pos": -1.0, "size": 1.1, "_time": 20.15625}, {"$id": 91, "sounds": [{"d": 1.875, "p": 34, "v": 127}], "pos": 3.25, "size": 1.0, "_time": 20.625}, {"$id": 92, "sounds": [{"d": 0.3515625, "p": 85, "v": 127}], "pos": 1.5, "size": 1.1, "_time": 20.625}, {"$id": 93, "sounds": [{"d": 0.3515625, "p": 82, "v": 127}], "pos": -1.5, "size": 1.1, "_time": 20.625}, {"$id": 94, "sounds": [{"d": 0.3515625, "p": 77, "v": 127}], "pos": -1.0, "size": 1.1, "_time": 20.9765625}, {"$id": 95, "sounds": [{"d": 0.3515625, "p": 80, "v": 127}], "pos": 1.0, "size": 1.1, "_time": 20.9765625}, {"$id": 96, "sounds": [{"d": 0.9375, "p": 73, "v": 127}], "pos": -0.761075, "size": 1.1, "_time": 21.328125}, {"$id": 97, "sounds": [{"d": 0.9375, "p": 77, "v": 127}], "pos": 1.0, "size": 1.1, "_time": 21.328125}, {"$id": 98, "pos": -1.5, "size": 1.0, "_time": 21.5625}, {"$id": 99, "pos": -1.5, "size": 1.0, "_time": 22.03125}, {"$id": 100, "sounds": [{"d": 0.1171875, "p": 75, "v": 127}], "pos": 1.0, "size": 1.0, "_time": 22.265625}, {"$id": 101, "sounds": [{"d": 0.1171875, "p": 77, "v": 127}], "pos": -0.944620132, "size": 1.0, "_time": 22.3828125}, {"$id": 102, "sounds": [{"d": 1.875, "p": 30, "v": 127}], "pos": 3.0, "size": 1.0, "_time": 22.5}, {"$id": 103, "sounds": [{"d": 0.3515625, "p": 82, "v": 127}], "pos": 1.5, "size": 1.1, "_time": 22.5}, {"$id": 104, "sounds": [{"d": 0.3515625, "p": 78, "v": 127}], "pos": -1.5, "size": 1.1, "_time": 22.5}, {"$id": 105, "sounds": [{"d": 0.3515625, "p": 80, "v": 127}], "pos": -1.0, "size": 1.1, "_time": 22.8515625}, {"$id": 106, "pos": 1.5, "size": 1.0, "_time": 22.96875}, {"$id": 107, "sounds": [{"d": 0.234375, "p": 82, "v": 127}], "pos": -0.319620132, "size": 1.1, "_time": 23.203125}, {"$id": 108, "pos": 1.5, "size": 1.0, "_time": 23.4375}, {"$id": 109, "sounds": [{"d": 0.234375, "p": 77, "v": 127}], "pos": -0.5, "size": 1.1, "_time": 23.671875}, {"$id": 110, "sounds": [{"d": 0.234375, "p": 72, "v": 127}], "pos": -1.56962013, "size": 1.1, "_time": 23.90625}, {"$id": 111, "sounds": [{"d": 0.234375, "p": 75, "v": 127}], "pos": 1.5, "size": 1.1, "_time": 23.90625}, {"$id": 112, "sounds": [{"d": 0.234375, "p": 77, "v": 127}], "pos": 1.0, "size": 1.1, "_time": 24.140625}, {"$id": 113, "sounds": [{"d": 0.234375, "p": 73, "v": 127}], "pos": -1.0, "size": 1.1, "_time": 24.140625}, {"$id": 114, "sounds": [{"d": 1.875, "p": 32, "v": 127}], "pos": 3.0, "size": 1.0, "_time": 24.375}, {"$id": 115, "sounds": [{"d": 0.234375, "p": 80, "v": 127}], "pos": 1.5, "size": 1.1, "_time": 24.375}, {"$id": 116, "sounds": [{"d": 0.234375, "p": 75, "v": 127}], "pos": -0.5, "size": 1.1, "_time": 24.375}, {"$id": 117, "sounds": [{"d": 0.234375, "p": 75, "v": 127}], "pos": -1.19462013, "size": 1.0, "_time": 24.7265625}, {"$id": 118, "pos": 1.0, "size": 1.0, "_time": 24.84375}, {"$id": 119, "sounds": [{"d": 0.234375, "p": 77, "v": 127}], "pos": -0.944620132, "size": 1.0, "_time": 25.078125}, {"$id": 120, "sounds": [{"d": 0.234375, "p": 72, "v": 127}], "pos": -1.56962013, "size": 1.2, "_time": 25.3125}, {"$id": 121, "sounds": [{"d": 0.234375, "p": 77, "v": 127}], "pos": 1.5, "size": 1.2, "_time": 25.3125}, {"$id": 122, "sounds": [{"d": 0.234375, "p": 75, "v": 127}], "pos": 1.5, "size": 1.0, "_time": 25.78125}, {"$id": 123, "sounds": [{"d": 0.234375, "p": 72, "v": 127}], "pos": -1.56962013, "size": 1.0, "_time": 25.78125}, {"$id": 124, "sounds": [{"d": 0.234375, "p": 77, "v": 127}], "pos": 0.5, "size": 1.0, "_time": 26.015625}, {"$id": 125, "sounds": [{"d": 0.234375, "p": 73, "v": 127}], "pos": -1.44462013, "size": 1.0, "_time": 26.015625}, {"$id": 126, "sounds": [{"d": 1.875, "p": 34, "v": 127}], "pos": 3.25, "size": 1.0, "_time": 26.25}, {"$id": 127, "sounds": [{"d": 0.46875, "p": 87, "v": 127}], "pos": 1.724898, "size": 1.0, "_time": 26.25}, {"$id": 128, "sounds": [{"d": 0.46875, "p": 84, "v": 127}], "pos": -0.4751963, "size": 1.0, "_time": 26.25}, {"$id": 129, "pos": -1.5, "size": 1.0, "_time": 26.71875}, {"$id": 130, "sounds": [{"d": 0.3515625, "p": 84, "v": 127}], "pos": 0.5, "size": 1.0, "_time": 26.953125}, {"$id": 131, "pos": -1.5, "size": 1.0, "_time": 27.1875}, {"$id": 132, "sounds": [{"d": 0.234375, "p": 82, "v": 127}], "size": 1.0, "_time": 27.421875, "pos": 0}, {"$id": 133, "sounds": [{"d": 0.234375, "p": 84, "v": 127}], "pos": 1.0, "size": 1.1, "_time": 27.7734375}, {"$id": 134, "sounds": [{"d": 0.234375, "p": 80, "v": 127}], "pos": -1.0, "size": 1.1, "_time": 27.7734375}, {"$id": 135, "sounds": [{"d": 0.234375, "p": 72, "v": 106}], "pos": -0.5, "size": 1.1, "_time": 28.125}, {"$id": 136, "sounds": [{"d": 1.875, "p": 34, "v": 127}], "pos": 3.25, "size": 1.0, "_time": 28.125}, {"$id": 137, "sounds": [{"d": 0.234375, "p": 85, "v": 127}], "pos": 1.6016413, "size": 1.1, "_time": 28.125}, {"$id": 138, "sounds": [{"d": 0.234375, "p": 70, "v": 106}], "pos": -1.5, "size": 1.1, "_time": 28.4765625}, {"$id": 139, "sounds": [{"d": 0.234375, "p": 72, "v": 106}], "pos": -0.5, "size": 1.0, "_time": 28.828125}, {"$id": 140, "sounds": [{"d": 0.05859375, "p": 84, "v": 127}], "pos": 0.7668817, "size": 1.0, "_time": 28.9453125}, {"$id": 141, "sounds": [{"d": 0.05859375, "p": 87, "v": 127}], "pos": 1.1418817, "size": 1.0, "_time": 29.0039063}, {"$id": 142, "sounds": [{"d": 0.234375, "p": 65, "v": 106}], "pos": -1.67046916, "size": 1.1, "_time": 29.0625}, {"$id": 143, "sounds": [{"d": 0.234375, "p": 92, "v": 127}], "pos": 1.7668817, "size": 1.0, "_time": 29.0625}, {"$id": 144, "sounds": [{"d": 0.234375, "p": 63, "v": 106}], "pos": -0.757921934, "size": 1.0, "_time": 29.4140625}, {"$id": 145, "sounds": [{"d": 0.234375, "p": 65, "v": 106}], "pos": 0.4841571, "size": 1.0, "_time": 29.765625}, {"$id": 146, "sounds": [{"d": 0.46875, "p": 61, "v": 127}], "size": 1.0, "_time": 30.46875, "pos": 0}, {"$id": 147, "sounds": [{"d": 0.46875, "p": 61, "v": 127}], "size": 1.0, "_time": 30.9375, "pos": 0}, {"$id": 148, "sounds": [{"d": 0.46875, "p": 61, "v": 127}], "size": 1.0, "_time": 31.40625, "pos": 0}, {"$id": 149, "sounds": [{"d": 0.234375, "p": 60, "v": 127}], "pos": -1.0, "size": 1.0, "_time": 31.875}, {"$id": 150, "sounds": [{"d": 0.234375, "p": 61, "v": 127}], "pos": 1.23259544, "size": 1.0, "_time": 32.109375}, {"$id": 151, "sounds": [{"d": 0.234375, "p": 63, "v": 127}], "pos": 1.48259544, "size": 1.0, "_time": 32.578125}, {"$id": 152, "sounds": [{"d": 0.234375, "p": 61, "v": 127}], "pos": 0.5, "size": 1.0, "_time": 33.046875}, {"$id": 153, "sounds": [{"d": 0.234375, "p": 56, "v": 127}], "pos": -1.0, "size": 1.0, "_time": 33.28125}, {"$id": 154, "sounds": [{"d": 3.75, "p": 41, "v": 127}], "pos": -1.5, "size": 1.2, "_time": 33.75}, {"$id": 155, "sounds": [{"d": 0.46875, "p": 61, "v": 127}], "size": 1.0, "_time": 34.21875, "pos": 0}, {"$id": 156, "sounds": [{"d": 0.46875, "p": 61, "v": 127}], "size": 1.0, "_time": 34.6875, "pos": 0}, {"$id": 157, "sounds": [{"d": 0.46875, "p": 61, "v": 127}], "size": 1.0, "_time": 35.15625, "pos": 0}, {"$id": 158, "sounds": [{"d": 0.234375, "p": 60, "v": 127}], "pos": -1.34810019, "size": 1.0, "_time": 35.625}, {"$id": 159, "sounds": [{"d": 0.234375, "p": 61, "v": 127}], "pos": 0.5, "size": 1.0, "_time": 35.859375}, {"$id": 160, "sounds": [{"d": 0.234375, "p": 63, "v": 127}], "pos": -0.9731002, "size": 1.0, "_time": 36.328125}, {"$id": 161, "sounds": [{"d": 0.234375, "p": 65, "v": 127}], "pos": 1.0, "size": 1.0, "_time": 36.796875}, {"$id": 162, "sounds": [{"d": 0.234375, "p": 65, "v": 127}], "pos": 1.0, "size": 1.0, "_time": 37.03125}, {"$id": 163, "sounds": [{"d": 3.75, "p": 39, "v": 127}], "pos": -1.5, "size": 1.2, "_time": 37.5}, {"$id": 164, "sounds": [{"d": 0.46875, "p": 61, "v": 127}], "pos": 0.5, "size": 1.0, "_time": 37.96875}, {"$id": 165, "sounds": [{"d": 0.46875, "p": 60, "v": 127}], "pos": -1.0, "size": 1.0, "_time": 38.4375}, {"$id": 166, "sounds": [{"d": 0.234375, "p": 61, "v": 127}], "pos": -0.5, "size": 1.0, "_time": 38.90625}, {"$id": 167, "sounds": [{"d": 0.234375, "p": 61, "v": 127}], "pos": -0.5, "size": 1.0, "_time": 39.140625}, {"$id": 168, "sounds": [{"d": 0.234375, "p": 80, "v": 127}], "pos": 1.5, "size": 1.0, "_time": 39.375}, {"$id": 169, "sounds": [{"d": 0.234375, "p": 78, "v": 127}], "pos": 0.6234188, "size": 1.0, "_time": 39.7265625}, {"$id": 170, "sounds": [{"d": 0.703125, "p": 80, "v": 127}], "pos": 1.5, "size": 1.0, "_time": 40.078125}, {"$id": 171, "sounds": [{"d": 0.234375, "p": 61, "v": 127}], "pos": -1.50158119, "size": 1.1, "_time": 40.078125}, {"$id": 172, "sounds": [{"d": 0.234375, "p": 66, "v": 127}], "pos": -0.8765812, "size": 1.1, "_time": 40.3125}, {"$id": 173, "sounds": [{"d": 0.234375, "p": 65, "v": 127}], "pos": -1.00158119, "size": 1.1, "_time": 40.546875}, {"$id": 174, "sounds": [{"d": 0.46875, "p": 85, "v": 127}], "pos": 1.49841881, "size": 1.0, "_time": 40.78125}, {"$id": 175, "sounds": [{"d": 0.234375, "p": 63, "v": 127}], "pos": -1.25158119, "size": 1.1, "_time": 40.78125}, {"$id": 176, "sounds": [{"d": 0.234375, "p": 61, "v": 127}], "pos": -1.50158119, "size": 1.1, "_time": 41.015625}, {"$id": 177, "sounds": [{"d": 1.875, "p": 32, "v": 127}], "pos": 3.0, "size": 1.0, "_time": 41.25}, {"$id": 178, "sounds": [{"d": 0.234375, "p": 61, "v": 127}], "pos": -1.50158119, "size": 1.1, "_time": 41.25}, {"$id": 179, "sounds": [{"d": 0.46875, "p": 87, "v": 127}], "pos": 1.74841881, "size": 1.0, "_time": 41.25}, {"$id": 180, "sounds": [{"d": 0.46875, "p": 80, "v": 127}], "pos": 0.8734188, "size": 1.0, "_time": 41.953125}, {"$id": 181, "sounds": [{"d": 0.46875, "p": 73, "v": 127}], "pos": 0.5, "size": 1.0, "_time": 42.65625}, {"$id": 182, "sounds": [{"d": 0.234375, "p": 61, "v": 127}], "pos": -1.50158119, "size": 1.0, "_time": 42.890625}, {"$id": 183, "sounds": [{"d": 1.875, "p": 32, "v": 127}], "pos": 3.0, "size": 1.0, "_time": 43.125}, {"$id": 184, "sounds": [{"d": 1.875, "p": 68, "v": 127}], "pos": 1.5, "size": 1.30000007, "_time": 43.125}, {"$id": 185, "sounds": [{"d": 0.234375, "p": 63, "v": 127}], "pos": -1.25158119, "size": 1.30000007, "_time": 43.125}, {"$id": 186, "sounds": [{"d": 0.1171875, "p": 87, "v": 127}], "pos": -1.5, "size": 1.0, "_time": 44.0625}, {"$id": 187, "sounds": [{"d": 0.1171875, "p": 89, "v": 127}], "pos": 1.0, "size": 1.0, "_time": 44.1796875}, {"$id": 188, "sounds": [{"d": 0.1171875, "p": 92, "v": 127}], "pos": -0.5, "size": 1.0, "_time": 44.296875}, {"$id": 189, "sounds": [{"d": 0.1171875, "p": 94, "v": 127}], "pos": 1.636076, "size": 1.0, "_time": 44.4140625}, {"$id": 190, "sounds": [{"d": 0.1171875, "p": 89, "v": 127}], "pos": 0.5, "size": 1.0, "_time": 44.6484375}, {"$id": 191, "sounds": [{"d": 0.1171875, "p": 87, "v": 127}], "pos": -1.5, "size": 1.0, "_time": 44.765625}, {"$id": 192, "sounds": [{"d": 0.1171875, "p": 89, "v": 127}], "pos": 0.5, "size": 1.0, "_time": 44.8828125}, {"$id": 193, "sounds": [{"d": 0.234375, "p": 84, "v": 127}], "pos": -1.0, "size": 1.0, "_time": 45.234375}, {"$id": 194, "sounds": [{"d": 0.234375, "p": 85, "v": 127}], "pos": 1.5, "size": 1.1, "_time": 45.46875}, {"$id": 195, "sounds": [{"d": 0.234375, "p": 84, "v": 127}], "pos": 0.735107064, "size": 1.1, "_time": 45.703125}, {"$id": 196, "sounds": [{"d": 0.234375, "p": 80, "v": 127}], "pos": -0.0367548466, "size": 1.1, "_time": 45.9375}, {"$id": 197, "sounds": [{"d": 0.234375, "p": 75, "v": 127}], "pos": -0.771863, "size": 1.1, "_time": 46.171875}, {"$id": 198, "sounds": [{"d": 0.234375, "p": 73, "v": 127}], "pos": -1.54659188, "size": 1.1, "_time": 46.40625}, {"$id": 199, "sounds": [{"d": 0.1171875, "p": 72, "v": 127}], "pos": -1.0, "size": 1.0, "_time": 46.640625}, {"$id": 200, "sounds": [{"d": 0.1171875, "p": 75, "v": 127}], "pos": 0.221166074, "size": 1.0, "_time": 46.7578125}, {"$id": 201, "sounds": [{"d": 0.1171875, "p": 80, "v": 127}], "pos": 1.5, "size": 1.0, "_time": 46.875}, {"$id": 202, "sounds": [{"d": 0.1171875, "p": 75, "v": 127}], "pos": 0.2750169, "size": 1.0, "_time": 46.9921875}, {"$id": 203, "sounds": [{"d": 0.1171875, "p": 73, "v": 127}], "pos": 1.5, "size": 1.1, "_time": 47.2265625}, {"$id": 204, "sounds": [{"d": 0.1171875, "p": 72, "v": 127}], "pos": -1.113924, "size": 1.1, "_time": 47.34375}, {"$id": 205, "sounds": [{"d": 0.1171875, "p": 73, "v": 127}], "pos": 1.0, "size": 1.1, "_time": 47.578125}, {"$id": 206, "sounds": [{"d": 0.1171875, "p": 68, "v": 127}], "pos": -1.613924, "size": 1.1, "_time": 47.6953125}, {"$id": 207, "sounds": [{"d": 0.1171875, "p": 73, "v": 127}], "pos": -1.24208832, "size": 1.0, "_time": 48.046875}, {"$id": 208, "sounds": [{"d": 0.1171875, "p": 75, "v": 127}], "pos": 0.85487926, "size": 1.0, "_time": 48.1640625}, {"$id": 209, "sounds": [{"d": 0.1171875, "p": 77, "v": 127}], "pos": -0.7420883, "size": 1.0, "_time": 48.28125}, {"$id": 210, "sounds": [{"d": 0.1171875, "p": 78, "v": 127}], "pos": 1.35487926, "size": 1.0, "_time": 48.3984375}, {"$id": 211, "sounds": [{"d": 0.1171875, "p": 80, "v": 127}], "size": 1.0, "_time": 48.515625, "pos": 0}, {"$id": 212, "sounds": [{"d": 0.1171875, "p": 80, "v": 127}], "pos": -1.5, "size": 1.0, "_time": 48.75}, {"$id": 213, "sounds": [{"d": 0.1171875, "p": 82, "v": 127}], "pos": 1.0, "size": 1.0, "_time": 48.8671875}, {"$id": 214, "sounds": [{"d": 0.1171875, "p": 84, "v": 127}], "pos": -1.0, "size": 1.0, "_time": 48.984375}, {"$id": 215, "sounds": [{"d": 0.1171875, "p": 87, "v": 127}], "pos": 1.5, "size": 1.0, "_time": 49.1015625}, {"$id": 216, "sounds": [{"d": 0.1171875, "p": 84, "v": 127}], "pos": -0.5, "size": 1.0, "_time": 49.3359375}, {"$id": 217, "sounds": [{"d": 0.1171875, "p": 85, "v": 127}], "pos": 1.0, "size": 1.0, "_time": 49.5703125}, {"$id": 218, "sounds": [{"d": 0.1171875, "p": 84, "v": 127}], "pos": 1.5, "size": 1.0, "_time": 49.921875}, {"$id": 219, "sounds": [{"d": 0.1171875, "p": 82, "v": 127}], "pos": 0.5, "size": 1.0, "_time": 50.15625}, {"$id": 220, "sounds": [{"d": 0.1171875, "p": 80, "v": 127}], "pos": -0.5, "size": 1.0, "_time": 50.390625}, {"$id": 221, "sounds": [{"d": 0.46875, "p": 77, "v": 127}], "pos": -1.5, "size": 1.0, "_time": 50.625}, {"$id": 222, "sounds": [{"d": 0.0537109375, "p": 92, "v": 1}], "pos": 1.05696273, "size": 0.9, "_time": 51.328125}, {"$id": 223, "sounds": [{"d": 0.0537109375, "p": 104, "v": 11}], "pos": 1.6455698, "size": 0.9, "_time": 51.38672}, {"$id": 224, "sounds": [{"d": 0.0537109375, "p": 92, "v": 22}], "pos": 1.05696273, "size": 0.9, "_time": 51.4453125}, {"$id": 225, "sounds": [{"d": 0.0537109375, "p": 104, "v": 34}], "pos": 1.6455698, "size": 0.9, "_time": 51.5039063}, {"$id": 226, "sounds": [{"d": 0.0537109375, "p": 92, "v": 48}], "pos": 1.05696273, "size": 0.9, "_time": 51.5625}, {"$id": 227, "sounds": [{"d": 0.0537109375, "p": 104, "v": 61}], "pos": 1.6455698, "size": 0.9, "_time": 51.6210938}, {"$id": 228, "sounds": [{"d": 0.0537109375, "p": 92, "v": 71}], "pos": 1.05696273, "size": 0.9, "_time": 51.6796875}, {"$id": 229, "sounds": [{"d": 0.0537109375, "p": 104, "v": 79}], "pos": 1.6455698, "size": 0.9, "_time": 51.73828}, {"$id": 230, "sounds": [{"d": 0.0537109375, "p": 92, "v": 93}], "pos": 1.05696273, "size": 0.9, "_time": 51.796875}, {"$id": 231, "sounds": [{"d": 0.0537109375, "p": 104, "v": 103}], "pos": 1.6455698, "size": 0.9, "_time": 51.85547}, {"$id": 232, "sounds": [{"d": 0.0537109375, "p": 92, "v": 111}], "pos": 1.05696273, "size": 0.9, "_time": 51.9140625}, {"$id": 233, "sounds": [{"d": 0.0537109375, "p": 104, "v": 111}], "pos": 1.6455698, "size": 0.9, "_time": 51.9726563}, {"$id": 234, "sounds": [{"d": 0.1171875, "p": 82, "v": 127}], "pos": -1.45931041, "size": 1.0, "_time": 52.03125}, {"$id": 235, "sounds": [{"d": 0.1171875, "p": 84, "v": 127}], "pos": -1.03187037, "size": 1.0, "_time": 52.1484375}, {"$id": 236, "sounds": [{"d": 0.1171875, "p": 85, "v": 127}], "pos": -0.5773385, "size": 1.0, "_time": 52.265625}, {"$id": 237, "sounds": [{"d": 0.112304688, "p": 89, "v": 127}], "pos": 1.5, "size": 1.0, "_time": 52.3828125}, {"$id": 238, "sounds": [{"d": 0.239257813, "p": 85, "v": 127}], "pos": -1.0, "size": 1.0, "_time": 52.4960938}, {"$id": 239, "sounds": [{"d": 0.1171875, "p": 84, "v": 127}], "pos": -1.5, "size": 1.0, "_time": 52.734375}, {"$id": 240, "sounds": [{"d": 0.1171875, "p": 85, "v": 127}], "pos": 1.0, "size": 1.0, "_time": 52.8515625}, {"$id": 241, "sounds": [{"d": 0.1171875, "p": 84, "v": 127}], "pos": -0.8544302, "size": 1.0, "_time": 53.0859375}, {"$id": 242, "sounds": [{"d": 0.1171875, "p": 82, "v": 127}], "pos": 0.5, "size": 1.0, "_time": 53.3203125}, {"$id": 243, "sounds": [{"d": 0.234375, "p": 68, "v": 127}], "pos": -1.56907439, "size": 1.0, "_time": 53.4375}, {"$id": 244, "sounds": [{"d": 0.1171875, "p": 92, "v": 127}], "pos": -1.55766892, "size": 1.0, "_time": 53.7890625}, {"$id": 245, "sounds": [{"d": 0.1171875, "p": 97, "v": 127}], "pos": 1.5, "size": 1.0, "_time": 53.90625}, {"$id": 246, "sounds": [{"d": 0.1171875, "p": 96, "v": 127}], "pos": -1.05766892, "size": 1.0, "_time": 54.0234375}, {"$id": 247, "sounds": [{"d": 0.1171875, "p": 94, "v": 127}], "pos": 1.5, "size": 1.0, "_time": 54.140625}, {"$id": 248, "sounds": [{"d": 0.1171875, "p": 92, "v": 127}], "pos": -0.488369942, "size": 1.0, "_time": 54.2578125}, {"$id": 249, "sounds": [{"d": 0.3515625, "p": 89, "v": 127}], "pos": 1.5, "size": 1.1, "_time": 54.375}, {"$id": 250, "sounds": [{"d": 0.3515625, "p": 84, "v": 127}], "pos": -1.5, "size": 1.1, "_time": 54.375}, {"$id": 251, "sounds": [{"d": 0.3515625, "p": 80, "v": 127}], "pos": -1.20278847, "size": 1.1, "_time": 54.7265625}, {"$id": 252, "sounds": [{"d": 0.3515625, "p": 90, "v": 127}], "pos": 1.36882126, "size": 1.1, "_time": 54.7265625}, {"$id": 253, "sounds": [{"d": 0.234375, "p": 92, "v": 127}], "pos": 1.6153357, "size": 1.1, "_time": 55.078125}, {"$id": 254, "sounds": [{"d": 0.234375, "p": 84, "v": 127}], "pos": -0.804182351, "size": 1.1, "_time": 55.078125}, {"$id": 255, "sounds": [{"d": 0.3515625, "p": 92, "v": 127}], "pos": 1.792776, "size": 1.1, "_time": 55.3125}, {"$id": 256, "sounds": [{"d": 0.3515625, "p": 84, "v": 127}], "pos": -0.373257756, "size": 1.1, "_time": 55.3125}, {"$id": 257, "sounds": [{"d": 0.234375, "p": 73, "v": 127}], "pos": -1.5, "size": 1.0, "_time": 55.546875}, {"$id": 258, "sounds": [{"d": 0.234375, "p": 75, "v": 127}], "pos": 1.0, "size": 1.0, "_time": 55.78125}, {"$id": 259, "sounds": [{"d": 0.234375, "p": 77, "v": 127}], "pos": -1.0, "size": 1.0, "_time": 56.015625}, {"$id": 260, "sounds": [{"d": 0.05859375, "p": 81, "v": 127}], "pos": 0.930925667, "size": 1.0, "_time": 56.1328125}, {"$id": 261, "sounds": [{"d": 0.05859375, "p": 85, "v": 127}], "pos": 1.34780335, "size": 1.0, "_time": 56.1914063}, {"$id": 262, "sounds": [{"d": 1.875, "p": 30, "v": 127}], "pos": 3.12974644, "size": 1.0, "_time": 56.25}, {"$id": 263, "sounds": [{"d": 0.3515625, "p": 92, "v": 127}], "pos": 1.79187775, "size": 1.0, "_time": 56.25}, {"$id": 264, "sounds": [{"d": 0.234375, "p": 73, "v": 127}], "pos": -1.5, "size": 1.0, "_time": 56.25}, {"$id": 265, "sounds": [{"d": 0.1171875, "p": 109, "v": 127}], "pos": 1.5, "size": 1.0, "_time": 56.8359375}, {"$id": 266, "sounds": [{"d": 0.1171875, "p": 108, "v": 127}], "pos": 1.0, "size": 1.0, "_time": 56.953125}, {"$id": 267, "sounds": [{"d": 0.1171875, "p": 104, "v": 127}], "pos": 0.531551, "size": 1.0, "_time": 57.0703125}, {"$id": 268, "sounds": [{"d": 0.1171875, "p": 105, "v": 127}], "pos": -0.0278600454, "size": 1.0, "_time": 57.1875}, {"$id": 269, "sounds": [{"d": 0.1171875, "p": 101, "v": 127}], "pos": -0.4771632, "size": 1.0, "_time": 57.3046875}, {"$id": 270, "sounds": [{"d": 0.1171875, "p": 99, "v": 127}], "pos": -0.777860045, "size": 1.0, "_time": 57.421875}, {"$id": 271, "sounds": [{"d": 0.1171875, "p": 101, "v": 127}], "pos": -0.14763236, "size": 1.0, "_time": 57.5390625}, {"$id": 272, "sounds": [{"d": 0.1171875, "p": 99, "v": 127}], "pos": -1.5, "size": 1.0, "_time": 57.65625}, {"$id": 273, "sounds": [{"d": 0.1171875, "p": 94, "v": 127}], "pos": 0.5, "size": 1.0, "_time": 57.7734375}, {"$id": 274, "sounds": [{"d": 0.1171875, "p": 92, "v": 127}], "pos": -0.8924036, "size": 1.0, "_time": 57.890625}, {"$id": 275, "sounds": [{"d": 0.1171875, "p": 99, "v": 127}], "pos": 1.5, "size": 1.0, "_time": 58.0078125}, {"$id": 276, "sounds": [{"d": 0.46875, "p": 32, "v": 127}], "pos": 3.0, "size": 1.0, "_time": 58.125}, {"$id": 277, "sounds": [{"d": 0.234375, "p": 87, "v": 127}], "pos": -1.5174036, "size": 1.1, "_time": 58.359375}, {"$id": 278, "sounds": [{"d": 0.05859375, "p": 92, "v": 113}], "pos": -1.19658589, "size": 1.1, "_time": 58.41797}, {"$id": 279, "sounds": [{"d": 0.05859375, "p": 94, "v": 113}], "pos": -0.946585953, "size": 1.1, "_time": 58.4765625}, {"$id": 280, "sounds": [{"d": 0.1171875, "p": 96, "v": 113}], "pos": -0.696585953, "size": 1.0, "_time": 58.5351563}, {"$id": 281, "sounds": [{"d": 0.46875, "p": 32, "v": 127}], "pos": 3.0, "size": 1.0, "_time": 58.59375}, {"$id": 282, "sounds": [{"d": 1.40625, "p": 87, "v": 127}], "pos": -0.304182351, "size": 1.0, "_time": 58.59375}, {"$id": 283, "sounds": [{"d": 0.05859375, "p": 94, "v": 113}], "pos": 1.18269169, "size": 1.1, "_time": 58.76953}, {"$id": 284, "sounds": [{"d": 0.05859375, "p": 96, "v": 113}], "pos": 0.7097596, "size": 1.1, "_time": 58.828125}, {"$id": 285, "sounds": [{"d": 0.05859375, "p": 99, "v": 113}], "pos": 0.2867788, "size": 1.1, "_time": 58.88672}, {"$id": 286, "sounds": [{"d": 0.05859375, "p": 96, "v": 113}], "pos": -0.3924036, "size": 1.1, "_time": 58.9414063}, {"$id": 287, "sounds": [{"d": 0.05859375, "p": 99, "v": 113}], "pos": -0.0174036026, "size": 1.1, "_time": 59.0}, {"$id": 288, "sounds": [{"d": 0.05859375, "p": 104, "v": 113}], "pos": 0.6075964, "size": 1.1, "_time": 59.0585938}, {"$id": 289, "sounds": [{"d": 0.068359375, "p": 108, "v": 113}], "pos": 1.1075964, "size": 1.0, "_time": 59.1171875}, {"$id": 290, "sounds": [{"d": 0.05859375, "p": 111, "v": 113}], "pos": 1.4825964, "size": 1.0, "_time": 59.1835938}, {"$id": 291, "sounds": [{"d": 0.05859375, "p": 108, "v": 104}], "pos": 1.1075964, "size": 1.0, "_time": 59.2421875}, {"$id": 292, "sounds": [{"d": 0.05859375, "p": 104, "v": 104}], "pos": 0.6075964, "size": 1.0, "_time": 59.296875}, {"$id": 293, "sounds": [{"d": 0.05859375, "p": 99, "v": 104}], "pos": -0.0174036026, "size": 1.0, "_time": 59.35547}, {"$id": 294, "sounds": [{"d": 0.05859375, "p": 92, "v": 104}], "pos": -1.55146623, "size": 1.1, "_time": 59.4140625}, {"$id": 295, "sounds": [{"d": 0.05859375, "p": 93, "v": 104}], "pos": -1.22367764, "size": 1.1, "_time": 59.4726563}, {"$id": 296, "sounds": [{"d": 0.46875, "p": 94, "v": 113}], "pos": -0.591706753, "size": 1.0, "_time": 59.53125}, {"$id": 297, "sounds": [{"d": 1.40625, "p": 80, "v": 127}], "pos": 1.40506363, "size": 1.0, "_time": 60.0}, {"$id": 298, "pos": -1.51898623, "size": 1.2, "_time": 60.0}, {"$id": 299, "pos": -1.51898623, "size": 1.2, "_time": 60.46875}, {"$id": 300, "pos": -1.51898623, "size": 1.2, "_time": 60.9375}, {"$id": 301, "pos": -1.51898623, "size": 1.2, "_time": 61.40625}, {"$id": 302, "sounds": [{"d": 0.234375, "p": 73, "v": 127}], "pos": 0.5300636, "size": 1.0, "_time": 61.40625}, {"$id": 303, "sounds": [{"d": 0.234375, "p": 29, "v": 127}], "pos": 3.0, "size": 1.0, "_time": 61.40625}, {"$id": 304, "sounds": [{"d": 0.703125, "p": 80, "v": 127}], "pos": 1.40506363, "size": 1.0, "_time": 61.640625}, {"$id": 305, "pos": -1.51898623, "size": 1.2, "_time": 61.875}, {"$id": 306, "pos": -1.51898623, "size": 1.2, "_time": 62.34375}, {"$id": 307, "sounds": [{"d": 0.46875, "p": 78, "v": 127}], "pos": 1.5, "size": 1.0, "_time": 62.34375}, {"$id": 308, "pos": -1.51898623, "size": 1.2, "_time": 62.8125}, {"$id": 309, "sounds": [{"d": 0.46875, "p": 77, "v": 127}], "pos": 0.9816226, "size": 1.0, "_time": 62.8125}, {"$id": 310, "sounds": [{"d": 0.46875, "p": 75, "v": 127}], "pos": 0.5, "size": 1.0, "_time": 63.28125}, {"$id": 311, "pos": -1.51898623, "size": 1.2, "_time": 63.28125}, {"$id": 312, "sounds": [{"d": 1.171875, "p": 75, "v": 127}], "pos": 1.0, "size": 1.0, "_time": 63.75}, {"$id": 313, "pos": -1.51898623, "size": 1.2, "_time": 63.75}, {"$id": 314, "pos": -1.5, "size": 1.2, "_time": 64.21875}, {"$id": 315, "sounds": [{"d": 0.1171875, "p": 96, "v": 113}], "pos": 1.5, "size": 1.0, "_time": 64.453125}, {"$id": 316, "sounds": [{"d": 0.1171875, "p": 96, "v": 113}], "pos": 1.5, "size": 1.0, "_time": 64.57031}, {"$id": 317, "sounds": [{"d": 0.234375, "p": 96, "v": 113}], "pos": 1.5, "size": 1.0, "_time": 64.6875}, {"$id": 318, "sounds": [{"d": 0.234375, "p": 87, "v": 113}], "pos": -0.5, "size": 1.0, "_time": 64.6875}, {"$id": 319, "sounds": [{"d": 0.234375, "p": 73, "v": 127}], "pos": -1.5, "size": 1.0, "_time": 64.921875}, {"$id": 320, "sounds": [{"d": 0.234375, "p": 75, "v": 127}], "pos": -0.5, "size": 1.0, "_time": 65.15625}, {"$id": 321, "sounds": [{"d": 1.40625, "p": 77, "v": 127}], "pos": 0.5, "size": 1.0, "_time": 65.390625}, {"$id": 322, "sounds": [{"d": 0.234375, "p": 85, "v": 113}], "pos": 1.463245, "size": 1.0, "_time": 65.625}, {"$id": 323, "sounds": [{"d": 0.234375, "p": 84, "v": 113}], "pos": 0.5, "size": 1.0, "_time": 65.859375}, {"$id": 324, "sounds": [{"d": 0.234375, "p": 82, "v": 113}], "size": 1.0, "_time": 66.09375, "pos": 0}, {"$id": 325, "sounds": [{"d": 0.234375, "p": 75, "v": 113}], "pos": -0.5, "size": 1.0, "_time": 66.328125}, {"$id": 326, "sounds": [{"d": 0.46875, "p": 68, "v": 113}], "pos": -1.5, "size": 1.0, "_time": 66.5625}, {"$id": 327, "pos": 1.5, "size": 1.2, "_time": 66.5625}, {"$id": 328, "sounds": [{"d": 0.234375, "p": 75, "v": 113}], "pos": 1.0, "size": 1.0, "_time": 66.796875}, {"$id": 329, "sounds": [{"d": 0.234375, "p": 73, "v": 113}], "pos": -1.5, "size": 1.0, "_time": 67.03125}, {"$id": 330, "sounds": [{"d": 0.234375, "p": 80, "v": 113}], "size": 1.0, "_time": 67.265625, "pos": 0}, {"$id": 331, "sounds": [{"d": 1.171875, "p": 80, "v": 127}], "pos": 1.5, "size": 1.0, "_time": 67.5}, {"$id": 332, "pos": 1.0, "size": 1.2, "_time": 67.96875}, {"$id": 333, "sounds": [{"d": 0.703125, "p": 63, "v": 113}], "pos": -1.5, "size": 1.0, "_time": 68.203125}, {"$id": 334, "pos": 1.0, "size": 1.2, "_time": 68.4375}, {"$id": 335, "sounds": [{"d": 0.234375, "p": 72, "v": 127}], "pos": -1.772152, "size": 1.0, "_time": 68.671875}, {"$id": 336, "sounds": [{"d": 0.234375, "p": 73, "v": 127}], "size": 1.0, "_time": 68.90625, "pos": 0}, {"$id": 337, "sounds": [{"d": 0.1171875, "p": 87, "v": 113}], "pos": -1.0, "size": 1.0, "_time": 69.25781}, {"$id": 338, "sounds": [{"d": 0.234375, "p": 99, "v": 113}], "pos": 1.602848, "size": 1.0, "_time": 69.375}, {"$id": 339, "sounds": [{"d": 0.234375, "p": 96, "v": 113}], "pos": -0.5, "size": 1.0, "_time": 69.609375}, {"$id": 340, "sounds": [{"d": 0.234375, "p": 97, "v": 113}], "pos": 1.0, "size": 1.0, "_time": 69.84375}, {"$id": 341, "sounds": [{"d": 0.185546875, "p": 92, "v": 113}], "pos": -1.5, "size": 1.0, "_time": 70.078125}, {"$id": 342, "sounds": [{"d": 0.06347656, "p": 93, "v": 113}], "pos": 0.852848053, "size": 1.0, "_time": 70.25391}, {"$id": 343, "sounds": [{"d": 0.234375, "p": 94, "v": 113}], "pos": 0.977848053, "size": 1.0, "_time": 70.3125}, {"$id": 344, "sounds": [{"d": 0.234375, "p": 89, "v": 113}], "pos": 1.0, "size": 1.0, "_time": 70.546875}, {"$id": 345, "sounds": [{"d": 0.234375, "p": 87, "v": 113}], "pos": -1.5, "size": 1.0, "_time": 70.78125}, {"$id": 346, "sounds": [{"d": 2.109375, "p": 89, "v": 113}], "pos": 1.0, "size": 1.0, "_time": 71.015625}, {"$id": 347, "sounds": [{"d": 0.1171875, "p": 85, "v": 113}], "pos": 1.5, "size": 1.0, "_time": 71.25}, {"$id": 348, "sounds": [{"d": 0.1171875, "p": 84, "v": 113}], "pos": -0.5, "size": 1.0, "_time": 71.36719}, {"$id": 349, "sounds": [{"d": 0.234375, "p": 80, "v": 113}], "pos": 0.5, "size": 1.0, "_time": 71.484375}, {"$id": 350, "sounds": [{"d": 0.1171875, "p": 77, "v": 113}], "pos": -1.5, "size": 1.0, "_time": 71.60156}, {"$id": 351, "sounds": [{"d": 0.234375, "p": 80, "v": 113}], "pos": -0.772151947, "size": 1.0, "_time": 71.83594}, {"$id": 352, "sounds": [{"d": 0.9375, "p": 65, "v": 100}], "pos": 1.0, "size": 1.0, "_time": 71.953125}, {"$id": 353, "sounds": [{"d": 0.234375, "p": 75, "v": 113}], "pos": 1.03322887, "size": 1.1, "_time": 72.1875}, {"$id": 354, "sounds": [{"d": 0.234375, "p": 80, "v": 113}], "pos": -1.2537744, "size": 1.1, "_time": 72.1875}, {"$id": 355, "sounds": [{"d": 0.234375, "p": 75, "v": 113}], "pos": 1.03322887, "size": 1.1, "_time": 72.53906}, {"$id": 356, "sounds": [{"d": 0.234375, "p": 80, "v": 113}], "pos": -1.2537744, "size": 1.1, "_time": 72.53906}, {"$id": 357, "sounds": [{"d": 2.109375, "p": 34, "v": 127}], "pos": 3.25, "size": 1.0, "_time": 72.890625}, {"$id": 358, "sounds": [{"d": 0.234375, "p": 75, "v": 113}], "pos": 1.03322887, "size": 1.1, "_time": 72.890625}, {"$id": 359, "sounds": [{"d": 0.234375, "p": 80, "v": 113}], "pos": -1.2537744, "size": 1.1, "_time": 72.890625}, {"$id": 360, "sounds": [{"d": 0.1171875, "p": 73, "v": 113}], "pos": 0.9365077, "size": 1.0, "_time": 73.125}, {"$id": 361, "sounds": [{"d": 0.1171875, "p": 75, "v": 113}], "pos": 1.1865077, "size": 1.0, "_time": 73.24219}, {"$id": 362, "sounds": [{"d": 0.1171875, "p": 77, "v": 113}], "pos": -1.0, "size": 1.1, "_time": 73.359375}, {"$id": 363, "sounds": [{"d": 0.234375, "p": 87, "v": 113}], "pos": 1.735108, "size": 1.1, "_time": 73.359375}, {"$id": 364, "sounds": [{"d": 0.234375, "p": 84, "v": 113}], "pos": 1.228137, "size": 1.1, "_time": 73.71094}, {"$id": 365, "sounds": [{"d": 0.234375, "p": 75, "v": 113}], "pos": -1.5, "size": 1.1, "_time": 73.71094}, {"$id": 366, "sounds": [{"d": 0.234375, "p": 72, "v": 113}], "pos": -1.5, "size": 1.1, "_time": 74.0625}, {"$id": 367, "sounds": [{"d": 0.234375, "p": 80, "v": 113}], "pos": 0.829530835, "size": 1.1, "_time": 74.0625}, {"$id": 368, "sounds": [{"d": 0.234375, "p": 75, "v": 113}], "pos": -1.5, "size": 1.1, "_time": 74.41406}, {"$id": 369, "sounds": [{"d": 0.234375, "p": 72, "v": 113}], "pos": 0.5, "size": 1.1, "_time": 74.41406}, {"$id": 370, "sounds": [{"d": 0.1171875, "p": 87, "v": 127}], "pos": 0.5, "size": 1.0, "_time": 74.765625}, {"$id": 371, "sounds": [{"d": 0.1171875, "p": 89, "v": 127}], "pos": 1.0, "size": 1.0, "_time": 74.88281}, {"$id": 372, "sounds": [{"d": 1.40625, "p": 90, "v": 127}], "pos": 1.228137, "size": 1.0, "_time": 75.0}, {"$id": 373, "sounds": [{"d": 1.875, "p": 42, "v": 127}], "pos": -1.5, "size": 1.2, "_time": 75.0}, {"$id": 374, "sounds": [{"d": 1.640625, "p": 49, "v": 113}], "pos": -1.15209174, "size": 1.2, "_time": 75.234375}, {"$id": 375, "sounds": [{"d": 1.40625, "p": 56, "v": 113}], "pos": -0.804182351, "size": 1.2, "_time": 75.46875}, {"$id": 376, "sounds": [{"d": 0.703125, "p": 57, "v": 113}], "pos": -0.456274062, "size": 1.2, "_time": 75.703125}, {"$id": 377, "sounds": [{"d": 0.703125, "p": 61, "v": 113}], "pos": 1.62674224, "size": 1.2, "_time": 75.703125}, {"$id": 378, "sounds": [{"d": 0.46875, "p": 93, "v": 127}], "pos": 1.67744017, "size": 1.0, "_time": 76.40625}, {"$id": 379, "sounds": [{"d": 0.46875, "p": 81, "v": 127}], "pos": -1.0, "size": 1.0, "_time": 76.40625}, {"$id": 380, "sounds": [{"d": 0.703125, "p": 92, "v": 127}], "pos": 1.35488033, "size": 1.0, "_time": 76.875}, {"$id": 381, "sounds": [{"d": 1.875, "p": 47, "v": 127}], "pos": -1.65664577, "size": 1.2, "_time": 76.875}, {"$id": 382, "sounds": [{"d": 1.2890625, "p": 51, "v": 113}], "pos": -1.15664577, "size": 1.2, "_time": 77.109375}, {"$id": 383, "sounds": [{"d": 1.0546875, "p": 54, "v": 113}], "pos": -0.7816458, "size": 1.2, "_time": 77.34375}, {"$id": 384, "sounds": [{"d": 0.703125, "p": 88, "v": 127}], "pos": 1.13901544, "size": 1.0, "_time": 77.578125}, {"$id": 385, "sounds": [{"d": 0.703125, "p": 59, "v": 113}], "pos": -0.5, "size": 1.2, "_time": 77.578125}, {"$id": 386, "sounds": [{"d": 0.46875, "p": 80, "v": 127}], "pos": -1.0, "size": 1.0, "_time": 78.28125}, {"$id": 387, "sounds": [{"d": 0.46875, "p": 92, "v": 127}], "pos": 1.0, "size": 1.0, "_time": 78.28125}, {"$id": 388, "sounds": [{"d": 0.703125, "p": 95, "v": 127}], "pos": 1.760531, "size": 1.0, "_time": 78.75}, {"$id": 389, "sounds": [{"d": 1.875, "p": 44, "v": 127}], "pos": -1.54372585, "size": 1.2, "_time": 78.75}, {"$id": 390, "sounds": [{"d": 1.171875, "p": 51, "v": 113}], "pos": -1.10594893, "size": 1.2, "_time": 78.984375}, {"$id": 391, "sounds": [{"d": 0.9375, "p": 56, "v": 113}], "pos": -0.6076911, "size": 1.2, "_time": 79.21875}, {"$id": 392, "sounds": [{"d": 0.703125, "p": 92, "v": 127}], "pos": 1.41087842, "size": 1.0, "_time": 79.453125}, {"$id": 393, "sounds": [{"d": 0.703125, "p": 58, "v": 113}], "pos": -0.281645775, "size": 1.2, "_time": 79.453125}, {"$id": 394, "sounds": [{"d": 0.46875, "p": 95, "v": 127}], "pos": 1.5, "size": 1.0, "_time": 80.15625}, {"$id": 395, "sounds": [{"d": 0.46875, "p": 59, "v": 113}], "pos": -1.0, "size": 1.2, "_time": 80.15625}, {"$id": 396, "sounds": [{"d": 1.171875, "p": 100, "v": 127}], "pos": 1.82255983, "size": 1.0, "_time": 80.625}, {"$id": 397, "sounds": [{"d": 0.9375, "p": 59, "v": 113}], "pos": -1.5, "size": 1.2, "_time": 80.625}, {"$id": 398, "pos": -1.5, "size": 1.2, "_time": 81.09375}, {"$id": 399, "pos": -1.5, "size": 1.2, "_time": 81.5625}, {"$id": 400, "sounds": [{"d": 0.234375, "p": 85, "v": 127}], "pos": 1.37183475, "size": 1.0, "_time": 81.796875}, {"$id": 401, "sounds": [{"d": 0.234375, "p": 83, "v": 127}], "pos": 0.5, "size": 1.0, "_time": 82.03125}, {"$id": 402, "sounds": [{"d": 0.234375, "p": 78, "v": 127}], "pos": -1.0, "size": 1.0, "_time": 82.265625}, {"$id": 403, "sounds": [{"d": 0.9375, "p": 57, "v": 113}], "pos": -1.5, "size": 1.1, "_time": 82.5}, {"$id": 404, "sounds": [{"d": 0.46875, "p": 80, "v": 127}], "pos": 1.43124485, "size": 1.1, "_time": 82.5}, {"$id": 405, "sounds": [{"d": 0.234375, "p": 81, "v": 127}], "pos": -0.9787359, "size": 1.0, "_time": 82.96875}, {"$id": 406, "sounds": [{"d": 0.46875, "p": 83, "v": 127}], "pos": 0.23450911, "size": 1.0, "_time": 83.203125}, {"$id": 407, "sounds": [{"d": 0.9375, "p": 66, "v": 113}], "pos": 1.48086476, "size": 1.1, "_time": 83.4375}, {"$id": 408, "sounds": [{"d": 0.9375, "p": 59, "v": 113}], "pos": -1.77689838, "size": 1.1, "_time": 83.4375}, {"$id": 409, "sounds": [{"d": 0.46875, "p": 76, "v": 127}], "pos": 0.652283967, "size": 1.0, "_time": 83.671875}, {"$id": 410, "pos": -1.5, "size": 1.1, "_time": 83.90625}, {"$id": 411, "sounds": [{"d": 1.40625, "p": 76, "v": 127}], "pos": 0.7283293, "size": 1.0, "_time": 84.140625}, {"$id": 412, "sounds": [{"d": 0.46875, "p": 73, "v": 113}], "pos": 1.46866512, "size": 1.1, "_time": 84.375}, {"$id": 413, "sounds": [{"d": 3.046875, "p": 61, "v": 113}], "pos": -1.52689838, "size": 1.1, "_time": 84.375}, {"$id": 414, "sounds": [{"d": 0.234375, "p": 71, "v": 113}], "pos": -0.276898384, "size": 1.0, "_time": 84.84375}, {"$id": 415, "sounds": [{"d": 0.234375, "p": 69, "v": 113}], "pos": -1.41409814, "size": 1.1, "_time": 85.546875}, {"$id": 416, "sounds": [{"d": 0.234375, "p": 88, "v": 127}], "pos": 1.84810162, "size": 1.1, "_time": 85.546875}, {"$id": 417, "sounds": [{"d": 0.234375, "p": 87, "v": 127}], "pos": 1.14008427, "size": 1.0, "_time": 85.78125}, {"$id": 418, "sounds": [{"d": 1.171875, "p": 83, "v": 127}], "pos": -0.272462845, "size": 1.0, "_time": 86.015625}, {"$id": 419, "pos": -1.5, "size": 1.1, "_time": 86.25}, {"$id": 420, "pos": -1.5, "size": 1.1, "_time": 86.71875}, {"$id": 421, "pos": -1.5, "size": 1.1, "_time": 87.1875}, {"$id": 422, "sounds": [{"d": 0.703125, "p": 68, "v": 113}], "pos": -1.53749216, "size": 1.0, "_time": 87.421875}, {"$id": 423, "sounds": [{"d": 0.234375, "p": 80, "v": 127}], "pos": 0.722963333, "size": 1.0, "_time": 87.421875}, {"$id": 424, "sounds": [{"d": 0.234375, "p": 81, "v": 127}], "pos": -0.4177208, "size": 1.0, "_time": 87.65625}, {"$id": 425, "sounds": [{"d": 0.46875, "p": 83, "v": 127}], "pos": 1.07087278, "size": 1.0, "_time": 87.890625}, {"$id": 426, "sounds": [{"d": 0.9375, "p": 65, "v": 113}], "pos": -1.44233215, "size": 1.0, "_time": 88.125}, {"$id": 427, "sounds": [{"d": 0.234375, "p": 74, "v": 127}], "pos": -1.41772079, "size": 1.2, "_time": 88.359375}, {"$id": 428, "sounds": [{"d": 0.234375, "p": 86, "v": 127}], "pos": 0.2850678, "size": 1.2, "_time": 88.359375}, {"$id": 429, "sounds": [{"d": 0.234375, "p": 77, "v": 127}], "pos": -0.9177208, "size": 1.2, "_time": 88.59375}, {"$id": 430, "sounds": [{"d": 0.234375, "p": 89, "v": 127}], "pos": 0.709022462, "size": 1.2, "_time": 88.59375}, {"$id": 431, "sounds": [{"d": 0.234375, "p": 91, "v": 127}], "pos": 1.183672, "size": 1.2, "_time": 88.828125}, {"$id": 432, "sounds": [{"d": 0.234375, "p": 79, "v": 127}], "pos": -0.5427208, "size": 1.2, "_time": 88.828125}, {"$id": 433, "sounds": [{"d": 0.234375, "p": 96, "v": 127}], "pos": 1.58227921, "size": 1.2, "_time": 89.0625}, {"$id": 434, "sounds": [{"d": 0.234375, "p": 84, "v": 127}], "pos": -0.247252643, "size": 1.2, "_time": 89.0625}, {"$id": 435, "sounds": [{"d": 0.234375, "p": 83, "v": 127}], "pos": -1.5, "size": 1.0, "_time": 89.53125}, {"$id": 436, "sounds": [{"d": 0.234375, "p": 95, "v": 127}], "pos": 1.0, "size": 1.0, "_time": 89.53125}, {"$id": 437, "sounds": [{"d": 1.40625, "p": 61, "v": 127}], "pos": -1.59442282, "size": 1.1, "_time": 90.0}, {"$id": 438, "sounds": [{"d": 0.234375, "p": 84, "v": 127}], "pos": 0.665295541, "size": 1.1, "_time": 90.0}, {"$id": 439, "sounds": [{"d": 0.234375, "p": 85, "v": 127}], "pos": 1.72819209, "size": 1.0, "_time": 90.234375}, {"$id": 440, "sounds": [{"d": 0.234375, "p": 80, "v": 127}], "pos": 1.02714574, "size": 1.0, "_time": 90.46875}, {"$id": 441, "sounds": [{"d": 1.40625, "p": 65, "v": 127}], "pos": -1.36628675, "size": 1.1, "_time": 90.703125}, {"$id": 442, "sounds": [{"d": 0.703125, "p": 77, "v": 127}], "pos": 0.449358225, "size": 1.1, "_time": 90.703125}, {"$id": 443, "sounds": [{"d": 0.234375, "p": 78, "v": 127}], "pos": 0.8512659, "size": 1.0, "_time": 91.40625}, {"$id": 444, "sounds": [{"d": 2.109375, "p": 32, "v": 127}], "pos": 3.0, "size": 1.0, "_time": 91.640625}, {"$id": 445, "sounds": [{"d": 2.109375, "p": 80, "v": 127}], "pos": 1.10126591, "size": 1.1, "_time": 91.640625}, {"$id": 446, "sounds": [{"d": 0.9375, "p": 61, "v": 127}], "pos": -1.27373409, "size": 1.1, "_time": 91.640625}, {"$id": 447, "sounds": [{"d": 0.703125, "p": 60, "v": 127}], "size": 1.0, "_time": 92.578125, "pos": 0}, {"$id": 448, "sounds": [{"d": 0.234375, "p": 58, "v": 127}], "pos": -1.0, "size": 1.0, "_time": 93.28125}, {"$id": 449, "sounds": [{"d": 0.234375, "p": 60, "v": 127}], "pos": 0.5, "size": 1.0, "_time": 93.515625}, {"$id": 450, "sounds": [{"d": 1.40625, "p": 61, "v": 127}], "pos": -1.17246819, "size": 1.1, "_time": 93.75}, {"$id": 451, "sounds": [{"d": 1.640625, "p": 34, "v": 127}], "pos": 3.25, "size": 1.0, "_time": 93.75}, {"$id": 452, "sounds": [{"d": 0.234375, "p": 84, "v": 127}], "pos": 1.70253181, "size": 1.1, "_time": 93.75}, {"$id": 453, "sounds": [{"d": 0.234375, "p": 85, "v": 127}], "pos": 1.5, "size": 1.0, "_time": 93.984375}, {"$id": 454, "sounds": [{"d": 0.234375, "p": 80, "v": 127}], "pos": 0.5, "size": 1.0, "_time": 94.21875}, {"$id": 455, "sounds": [{"d": 0.703125, "p": 77, "v": 127}], "pos": -1.0, "size": 1.0, "_time": 94.453125}, {"$id": 456, "sounds": [{"d": 0.234375, "p": 87, "v": 127}], "pos": 1.39398861, "size": 1.0, "_time": 95.15625}, {"$id": 457, "sounds": [{"d": 0.9375, "p": 87, "v": 127}], "pos": 1.39398861, "size": 1.1, "_time": 95.390625}, {"$id": 458, "sounds": [{"d": 0.9375, "p": 63, "v": 127}], "pos": -1.60601139, "size": 1.1, "_time": 95.390625}, {"$id": 459, "sounds": [{"d": 0.703125, "p": 65, "v": 127}], "pos": -1.1028471, "size": 1.1, "_time": 96.328125}, {"$id": 460, "sounds": [{"d": 0.703125, "p": 85, "v": 127}], "pos": 1.3971529, "size": 1.1, "_time": 96.328125}, {"$id": 461, "sounds": [{"d": 0.46875, "p": 84, "v": 127}], "pos": 1.2721529, "size": 1.1, "_time": 97.03125}, {"$id": 462, "sounds": [{"d": 0.46875, "p": 68, "v": 127}], "pos": -0.7278471, "size": 1.1, "_time": 97.03125}, {"$id": 463, "sounds": [{"d": 1.171875, "p": 61, "v": 127}], "pos": -1.5, "size": 1.1, "_time": 97.5}, {"$id": 464, "sounds": [{"d": 0.234375, "p": 84, "v": 127}], "pos": 0.6392412, "size": 1.1, "_time": 97.5}, {"$id": 465, "sounds": [{"d": 0.234375, "p": 85, "v": 127}], "pos": 1.5, "size": 1.0, "_time": 97.734375}, {"$id": 466, "sounds": [{"d": 0.234375, "p": 80, "v": 127}], "pos": 0.5, "size": 1.0, "_time": 97.96875}, {"$id": 467, "sounds": [{"d": 0.703125, "p": 77, "v": 127}], "size": 1.0, "_time": 98.203125, "pos": 0}, {"$id": 468, "sounds": [{"d": 0.234375, "p": 68, "v": 127}], "pos": -0.4735601, "size": 1.1, "_time": 98.671875}, {"$id": 469, "sounds": [{"d": 0.234375, "p": 66, "v": 127}], "pos": -0.7235601, "size": 1.1, "_time": 98.90625}, {"$id": 470, "sounds": [{"d": 0.234375, "p": 78, "v": 127}], "pos": 1.28341091, "size": 1.0, "_time": 98.90625}, {"$id": 471, "sounds": [{"d": 1.40625, "p": 80, "v": 127}], "pos": 1.53341091, "size": 1.0, "_time": 99.140625}, {"$id": 472, "sounds": [{"d": 0.234375, "p": 65, "v": 127}], "pos": -0.8485601, "size": 1.1, "_time": 99.140625}, {"$id": 473, "sounds": [{"d": 1.875, "p": 33, "v": 127}], "pos": 3.125, "size": 1.0, "_time": 99.375}, {"$id": 474, "sounds": [{"d": 0.703125, "p": 63, "v": 127}], "pos": -1.09856009, "size": 1.1, "_time": 99.375}, {"$id": 475, "sounds": [{"d": 0.234375, "p": 92, "v": 127}], "pos": 1.63924122, "size": 1.0, "_time": 99.609375}, {"$id": 476, "sounds": [{"d": 0.234375, "p": 90, "v": 127}], "pos": -0.5, "size": 1.0, "_time": 99.84375}, {"$id": 477, "sounds": [{"d": 0.234375, "p": 89, "v": 127}], "pos": 1.0, "size": 1.0, "_time": 100.078125}, {"$id": 478, "sounds": [{"d": 0.46875, "p": 87, "v": 127}], "pos": -1.5, "size": 1.0, "_time": 100.3125}, {"$id": 479, "sounds": [{"d": 0.234375, "p": 72, "v": 127}], "pos": -1.69726062, "size": 1.1, "_time": 100.546875}, {"$id": 480, "sounds": [{"d": 0.234375, "p": 80, "v": 127}], "pos": 0.7983039, "size": 1.1, "_time": 100.546875}, {"$id": 481, "sounds": [{"d": 0.234375, "p": 84, "v": 127}], "pos": -0.5774894, "size": 1.1, "_time": 100.78125}, {"$id": 482, "sounds": [{"d": 0.234375, "p": 87, "v": 127}], "pos": 1.01424122, "size": 1.1, "_time": 101.015625}, {"$id": 483, "sounds": [{"d": 0.46875, "p": 65, "v": 127}], "pos": -1.0, "size": 1.2, "_time": 101.25}, {"$id": 484, "sounds": [{"d": 0.46875, "p": 34, "v": 127}], "pos": 3.25, "size": 1.0, "_time": 101.25}, {"$id": 485, "sounds": [{"d": 0.234375, "p": 80, "v": 127}], "pos": 1.5, "size": 1.2, "_time": 101.25}, {"$id": 486, "sounds": [{"d": 0.234375, "p": 97, "v": 127}], "pos": 1.5, "size": 1.2, "_time": 101.484375}, {"$id": 487, "sounds": [{"d": 0.234375, "p": 89, "v": 127}], "pos": -1.0, "size": 1.2, "_time": 101.484375}, {"$id": 488, "sounds": [{"d": 0.46875, "p": 33, "v": 127}], "pos": 3.125, "size": 1.0, "_time": 101.71875}, {"$id": 489, "sounds": [{"d": 0.234375, "p": 87, "v": 127}], "pos": 0.406646729, "size": 1.2, "_time": 101.71875}, {"$id": 490, "sounds": [{"d": 0.234375, "p": 78, "v": 127}], "pos": -1.75632763, "size": 1.2, "_time": 101.71875}, {"$id": 491, "sounds": [{"d": 0.234375, "p": 96, "v": 127}], "pos": 1.70886135, "size": 1.2, "_time": 101.953125}, {"$id": 492, "sounds": [{"d": 0.234375, "p": 87, "v": 127}], "pos": -0.5047455, "size": 1.2, "_time": 101.953125}, {"$id": 493, "sounds": [{"d": 0.4638672, "p": 32, "v": 127}], "pos": 3.0, "size": 1.0, "_time": 102.1875}, {"$id": 494, "sounds": [{"d": 0.1171875, "p": 85, "v": 127}], "pos": -0.856012344, "size": 1.2, "_time": 102.1875}, {"$id": 495, "sounds": [{"d": 0.1171875, "p": 94, "v": 127}], "pos": 1.7373414, "size": 1.2, "_time": 102.304688}, {"$id": 496, "sounds": [{"d": 0.1171875, "p": 85, "v": 127}], "pos": -0.856012344, "size": 1.2, "_time": 102.421875}, {"$id": 497, "sounds": [{"d": 0.112304688, "p": 93, "v": 127}], "pos": 1.38449419, "size": 1.2, "_time": 102.539063}, {"$id": 498, "sounds": [{"d": 0.4736328, "p": 31, "v": 127}], "pos": 2.875, "size": 1.0, "_time": 102.652344}, {"$id": 499, "sounds": [{"d": 0.122070313, "p": 85, "v": 127}], "pos": -0.856012344, "size": 1.2, "_time": 102.652344}, {"$id": 500, "sounds": [{"d": 0.1171875, "p": 92, "v": 127}], "pos": 0.803797841, "size": 1.2, "_time": 102.773438}, {"$id": 501, "sounds": [{"d": 0.1171875, "p": 85, "v": 127}], "pos": -0.856012344, "size": 1.2, "_time": 102.890625}, {"$id": 502, "sounds": [{"d": 0.1171875, "p": 91, "v": 127}], "pos": 1.31170881, "size": 1.2, "_time": 103.007813}, {"$id": 503, "sounds": [{"d": 1.875, "p": 29, "v": 127}], "pos": 3.0, "size": 1.0, "_time": 103.125}, {"$id": 504, "sounds": [{"d": 0.05859375, "p": 80, "v": 103}], "pos": -1.12693453, "size": 1.2, "_time": 103.125}, {"$id": 505, "sounds": [{"d": 0.05859375, "p": 89, "v": 103}], "pos": 1.0, "size": 1.2, "_time": 103.125}, {"$id": 506, "sounds": [{"d": 0.05859375, "p": 85, "v": 90}], "pos": 0.5, "size": 1.0, "_time": 103.183594}, {"$id": 507, "sounds": [{"d": 0.05859375, "p": 77, "v": 90}], "pos": -1.5, "size": 1.0, "_time": 103.183594}, {"$id": 508, "sounds": [{"d": 0.05859375, "p": 82, "v": 79}], "pos": 0.237342179, "size": 1.0, "_time": 103.242188}, {"$id": 509, "sounds": [{"d": 0.05859375, "p": 73, "v": 79}], "pos": -1.72310066, "size": 1.0, "_time": 103.242188}, {"$id": 510, "sounds": [{"d": 0.05859375, "p": 85, "v": 90}], "pos": 0.487341, "size": 1.0, "_time": 103.300781}, {"$id": 511, "sounds": [{"d": 0.05859375, "p": 77, "v": 90}], "pos": -1.22310066, "size": 1.0, "_time": 103.300781}, {"$id": 512, "sounds": [{"d": 0.05859375, "p": 80, "v": 103}], "pos": -0.848100662, "size": 1.0, "_time": 103.359375}, {"$id": 513, "sounds": [{"d": 0.05859375, "p": 89, "v": 103}], "pos": 0.8481009, "size": 1.0, "_time": 103.359375}, {"$id": 514, "sounds": [{"d": 0.05859375, "p": 85, "v": 90}], "pos": 0.511075735, "size": 1.0, "_time": 103.417969}, {"$id": 515, "sounds": [{"d": 0.05859375, "p": 77, "v": 90}], "pos": -1.22310066, "size": 1.0, "_time": 103.417969}, {"$id": 516, "sounds": [{"d": 0.05859375, "p": 82, "v": 79}], "pos": 0.08544403, "size": 1.0, "_time": 103.476563}, {"$id": 517, "sounds": [{"d": 0.05859375, "p": 73, "v": 79}], "pos": -1.72310066, "size": 1.0, "_time": 103.476563}, {"$id": 518, "sounds": [{"d": 0.05859375, "p": 77, "v": 90}], "pos": -1.22310066, "size": 1.0, "_time": 103.535156}, {"$id": 519, "sounds": [{"d": 0.05859375, "p": 85, "v": 90}], "pos": 0.63765955, "size": 1.0, "_time": 103.535156}, {"$id": 520, "sounds": [{"d": 0.05859375, "p": 89, "v": 110}], "pos": 1.16297483, "size": 1.0, "_time": 103.59375}, {"$id": 521, "sounds": [{"d": 0.05859375, "p": 80, "v": 110}], "pos": -0.848100662, "size": 1.0, "_time": 103.59375}, {"$id": 522, "sounds": [{"d": 0.05859375, "p": 85, "v": 97}], "pos": 0.738925, "size": 1.0, "_time": 103.652344}, {"$id": 523, "sounds": [{"d": 0.05859375, "p": 77, "v": 97}], "pos": -1.22310066, "size": 1.0, "_time": 103.652344}, {"$id": 524, "sounds": [{"d": 0.05859375, "p": 73, "v": 86}], "pos": -1.72310066, "size": 1.0, "_time": 103.710938}, {"$id": 525, "sounds": [{"d": 0.05859375, "p": 82, "v": 86}], "pos": 0.2879759, "size": 1.0, "_time": 103.710938}, {"$id": 526, "sounds": [{"d": 0.05859375, "p": 77, "v": 97}], "pos": -1.22310066, "size": 1.0, "_time": 103.769531}, {"$id": 527, "sounds": [{"d": 0.05859375, "p": 85, "v": 97}], "pos": 0.7895577, "size": 1.0, "_time": 103.769531}, {"$id": 528, "sounds": [{"d": 0.05859375, "p": 80, "v": 110}], "pos": -0.848100662, "size": 1.0, "_time": 103.828125}, {"$id": 529, "sounds": [{"d": 0.05859375, "p": 89, "v": 110}], "pos": 1.10759461, "size": 1.0, "_time": 103.828125}, {"$id": 530, "sounds": [{"d": 0.05859375, "p": 77, "v": 97}], "pos": -1.22310066, "size": 1.0, "_time": 103.886719}, {"$id": 531, "sounds": [{"d": 0.05859375, "p": 85, "v": 97}], "pos": 0.814874053, "size": 1.0, "_time": 103.886719}, {"$id": 532, "sounds": [{"d": 0.05859375, "p": 82, "v": 86}], "pos": 0.4651894, "size": 1.0, "_time": 103.945313}, {"$id": 533, "sounds": [{"d": 0.05859375, "p": 73, "v": 86}], "pos": -1.72310066, "size": 1.0, "_time": 103.945313}, {"$id": 534, "sounds": [{"d": 0.05859375, "p": 77, "v": 97}], "pos": -1.22310066, "size": 1.0, "_time": 104.003906}, {"$id": 535, "sounds": [{"d": 0.05859375, "p": 85, "v": 97}], "pos": 0.865506649, "size": 1.0, "_time": 104.003906}, {"$id": 536, "sounds": [{"d": 0.05859375, "p": 73, "v": 112}], "pos": -1.72310066, "size": 1.0, "_time": 104.0625}, {"$id": 537, "sounds": [{"d": 0.05859375, "p": 82, "v": 112}], "pos": 0.4145577, "size": 1.0, "_time": 104.0625}, {"$id": 538, "sounds": [{"d": 0.05859375, "p": 77, "v": 99}], "pos": -1.22310066, "size": 1.0, "_time": 104.121094}, {"$id": 539, "sounds": [{"d": 0.05859375, "p": 85, "v": 99}], "pos": 0.9667733, "size": 1.0, "_time": 104.121094}, {"$id": 540, "sounds": [{"d": 0.05859375, "p": 89, "v": 88}], "pos": 1.36550784, "size": 1.0, "_time": 104.179688}, {"$id": 541, "sounds": [{"d": 0.05859375, "p": 80, "v": 88}], "pos": -0.848100662, "size": 1.0, "_time": 104.179688}, {"$id": 542, "sounds": [{"d": 0.05859375, "p": 77, "v": 99}], "pos": -1.22310066, "size": 1.0, "_time": 104.238281}, {"$id": 543, "sounds": [{"d": 0.05859375, "p": 85, "v": 99}], "pos": 1.04272223, "size": 1.0, "_time": 104.238281}, {"$id": 544, "sounds": [{"d": 0.05859375, "p": 89, "v": 115}], "pos": 1.39082313, "size": 1.1, "_time": 104.296875}, {"$id": 545, "sounds": [{"d": 0.05859375, "p": 80, "v": 115}], "pos": -0.848100662, "size": 1.1, "_time": 104.296875}, {"$id": 546, "sounds": [{"d": 0.05859375, "p": 94, "v": 102}], "pos": 1.73734212, "size": 1.1, "_time": 104.355469}, {"$id": 547, "sounds": [{"d": 0.05859375, "p": 85, "v": 102}], "pos": -0.400539815, "size": 1.1, "_time": 104.355469}, {"$id": 548, "sounds": [{"d": 0.05859375, "p": 97, "v": 91}], "pos": 2.0, "size": 1.2, "_time": 104.414063}, {"$id": 549, "sounds": [{"d": 0.05859375, "p": 89, "v": 91}], "pos": 0.0234138668, "size": 1.2, "_time": 104.414063}, {"$id": 550, "sounds": [{"d": 0.05859375, "p": 101, "v": 102}], "pos": 1.92886162, "size": 1.2, "_time": 104.472656}, {"$id": 551, "sounds": [{"d": 0.05859375, "p": 92, "v": 102}], "pos": 0.39841485, "size": 1.2, "_time": 104.472656}, {"$id": 552, "sounds": [{"d": 0.4638672, "p": 97, "v": 102}], "pos": 1.79721153, "size": 1.2, "_time": 104.53125}, {"$id": 553, "sounds": [{"d": 0.0244140625, "p": 93, "v": 120}], "pos": 0.6755045, "size": 1.2, "_time": 104.53125}, {"$id": 554, "sounds": [{"d": 0.0244140625, "p": 89, "v": 114}], "pos": 0.961310446, "size": 1.2, "_time": 104.589844}, {"$id": 555, "sounds": [{"d": 0.0244140625, "p": 86, "v": 108}], "pos": 0.408870339, "size": 1.2, "_time": 104.648438}, {"$id": 556, "sounds": [{"d": 0.0244140625, "p": 83, "v": 102}], "pos": 0.008521885, "size": 1.2, "_time": 104.707031}, {"$id": 557, "sounds": [{"d": 0.0244140625, "p": 79, "v": 96}], "pos": -0.440780252, "size": 1.30000007, "_time": 104.765625}, {"$id": 558, "sounds": [{"d": 0.0244140625, "p": 76, "v": 90}], "pos": -0.815780163, "size": 1.4000001, "_time": 104.824219}, {"$id": 559, "sounds": [{"d": 0.0244140625, "p": 72, "v": 84}], "pos": -1.214611, "size": 1.4000001, "_time": 104.882813}, {"$id": 560, "sounds": [{"d": 0.0244140625, "p": 69, "v": 78}], "pos": -1.69591284, "size": 1.30000007, "_time": 104.941406}, {"$id": 561, "sounds": [{"d": 1.875, "p": 30, "v": 127}], "pos": 3.0, "size": 1.0, "_time": 105.0}, {"$id": 562, "sounds": [{"d": 1.875, "p": 42, "v": 127}, {"d": 0.234375, "p": 77, "v": 127}, {"d": 0.234375, "p": 73, "v": 127}], "pos": 1.5, "size": 1.50000012, "_time": 105.0}, {"$id": 563, "sounds": [{"d": 0.234375, "p": 77, "v": 127}], "pos": -0.5, "size": 1.1, "_time": 105.351563}, {"$id": 564, "sounds": [{"d": 0.234375, "p": 82, "v": 127}], "pos": 1.5, "size": 1.1, "_time": 105.351563}, {"$id": 565, "sounds": [{"d": 0.234375, "p": 73, "v": 127}], "pos": -1.5, "size": 1.1, "_time": 105.703125}, {"$id": 566, "sounds": [{"d": 0.234375, "p": 77, "v": 127}], "pos": 1.0, "size": 1.1, "_time": 105.703125}, {"$id": 567, "sounds": [{"d": 0.234375, "p": 73, "v": 127}], "pos": -1.5, "size": 1.1, "_time": 106.171875}, {"$id": 568, "sounds": [{"d": 0.234375, "p": 77, "v": 127}], "pos": 1.0, "size": 1.1, "_time": 106.171875}, {"$id": 569, "sounds": [{"d": 0.234375, "p": 72, "v": 127}], "pos": -1.74683571, "size": 1.1, "_time": 106.40625}, {"$id": 570, "sounds": [{"d": 0.234375, "p": 75, "v": 127}], "pos": 0.3750012, "size": 1.1, "_time": 106.40625}, {"$id": 571, "sounds": [{"d": 0.234375, "p": 73, "v": 127}], "pos": -1.01423991, "size": 1.1, "_time": 106.640625}, {"$id": 572, "sounds": [{"d": 0.234375, "p": 77, "v": 127}], "pos": 1.03006387, "size": 1.1, "_time": 106.640625}, {"$id": 573, "sounds": [{"d": 1.875, "p": 32, "v": 127}], "pos": 3.0, "size": 1.0, "_time": 106.875}, {"$id": 574, "sounds": [{"d": 0.234375, "p": 72, "v": 127}], "pos": -1.41765785, "size": 1.1, "_time": 106.875}, {"$id": 575, "sounds": [{"d": 0.234375, "p": 75, "v": 127}], "pos": 0.778972864, "size": 1.1, "_time": 106.875}, {"$id": 576, "sounds": [{"d": 0.234375, "p": 77, "v": 127}], "pos": -0.86867106, "size": 1.1, "_time": 107.226563}, {"$id": 577, "sounds": [{"d": 0.234375, "p": 80, "v": 127}], "pos": 1.45614588, "size": 1.1, "_time": 107.226563}, {"$id": 578, "sounds": [{"d": 0.234375, "p": 80, "v": 127}], "pos": 1.5, "size": 1.1, "_time": 107.578125}, {"$id": 579, "sounds": [{"d": 0.234375, "p": 77, "v": 127}], "pos": -1.0, "size": 1.1, "_time": 107.578125}, {"$id": 580, "pos": -1.5, "size": 1.2, "_time": 107.8125}, {"$id": 581, "pos": -1.5, "size": 1.2, "_time": 108.28125}, {"$id": 582, "sounds": [{"d": 1.875, "p": 34, "v": 127}], "pos": 3.25, "size": 1.0, "_time": 108.75}, {"$id": 583, "sounds": [{"d": 0.234375, "p": 77, "v": 127}], "pos": 0.928798437, "size": 1.1, "_time": 108.75}, {"$id": 584, "sounds": [{"d": 0.234375, "p": 73, "v": 127}], "pos": -1.5712018, "size": 1.1, "_time": 108.75}, {"$id": 585, "sounds": [{"d": 0.234375, "p": 77, "v": 127}], "pos": -1.19778466, "size": 1.1, "_time": 109.21875}, {"$id": 586, "sounds": [{"d": 0.234375, "p": 82, "v": 127}], "pos": 1.376583, "size": 1.1, "_time": 109.21875}, {"$id": 587, "sounds": [{"d": 0.234375, "p": 80, "v": 127}], "pos": -0.6708855, "size": 1.1, "_time": 109.6875}, {"$id": 588, "sounds": [{"d": 0.234375, "p": 84, "v": 127}], "pos": 1.702532, "size": 1.1, "_time": 109.6875}, {"$id": 589, "sounds": [{"d": 0.234375, "p": 82, "v": 127}], "pos": 1.30063391, "size": 1.1, "_time": 110.15625}, {"$id": 590, "sounds": [{"d": 0.234375, "p": 77, "v": 127}], "pos": -1.147151, "size": 1.1, "_time": 110.15625}, {"$id": 591, "sounds": [{"d": 0.234375, "p": 80, "v": 127}], "pos": -0.772150934, "size": 1.1, "_time": 110.390625}, {"$id": 592, "sounds": [{"d": 0.234375, "p": 84, "v": 127}], "pos": 1.55063391, "size": 1.1, "_time": 110.390625}, {"$id": 593, "sounds": [{"d": 1.875, "p": 34, "v": 127}], "pos": 3.25, "size": 1.0, "_time": 110.625}, {"$id": 594, "sounds": [{"d": 0.234375, "p": 82, "v": 127}], "pos": -0.522150934, "size": 1.1, "_time": 110.625}, {"$id": 595, "sounds": [{"d": 0.234375, "p": 85, "v": 127}], "pos": 1.67563391, "size": 1.1, "_time": 110.625}, {"$id": 596, "sounds": [{"d": 0.234375, "p": 80, "v": 127}], "pos": -0.772150934, "size": 1.1, "_time": 110.859375}, {"$id": 597, "sounds": [{"d": 0.234375, "p": 84, "v": 127}], "pos": 1.55063391, "size": 1.1, "_time": 110.859375}, {"$id": 598, "sounds": [{"d": 0.234375, "p": 82, "v": 127}], "pos": 1.30063391, "size": 1.1, "_time": 111.09375}, {"$id": 599, "sounds": [{"d": 0.234375, "p": 77, "v": 127}], "pos": -1.147151, "size": 1.1, "_time": 111.09375}, {"$id": 600, "sounds": [{"d": 0.234375, "p": 75, "v": 127}], "pos": -1.397151, "size": 1.1, "_time": 111.328125}, {"$id": 601, "sounds": [{"d": 0.234375, "p": 80, "v": 127}], "pos": 1.05063391, "size": 1.1, "_time": 111.328125}, {"$id": 602, "sounds": [{"d": 0.234375, "p": 73, "v": 127}], "pos": -1.647151, "size": 1.1, "_time": 111.5625}, {"$id": 603, "sounds": [{"d": 0.234375, "p": 77, "v": 127}], "pos": 0.675633967, "size": 1.1, "_time": 111.5625}, {"$id": 604, "pos": -1.5, "size": 1.2, "_time": 112.03125}, {"$id": 605, "sounds": [{"d": 0.234375, "p": 77, "v": 127}], "pos": -1.5, "size": 1.1, "_time": 112.5}, {"$id": 606, "sounds": [{"d": 0.234375, "p": 82, "v": 127}], "pos": 1.5, "size": 1.1, "_time": 112.5}, {"$id": 607, "sounds": [{"d": 0.234375, "p": 77, "v": 127}], "pos": 1.0, "size": 1.1, "_time": 112.851563}, {"$id": 608, "sounds": [{"d": 0.234375, "p": 73, "v": 127}], "pos": -1.0, "size": 1.1, "_time": 112.851563}, {"$id": 609, "sounds": [{"d": 0.234375, "p": 77, "v": 127}], "pos": 1.0, "size": 1.1, "_time": 113.203125}, {"$id": 610, "sounds": [{"d": 0.234375, "p": 73, "v": 127}], "pos": -1.0, "size": 1.1, "_time": 113.203125}, {"$id": 611, "sounds": [{"d": 0.234375, "p": 73, "v": 127}], "pos": -1.0, "size": 1.1, "_time": 113.671875}, {"$id": 612, "sounds": [{"d": 0.234375, "p": 77, "v": 127}], "pos": 1.0, "size": 1.1, "_time": 113.671875}, {"$id": 613, "sounds": [{"d": 0.234375, "p": 72, "v": 127}], "pos": -1.6212796, "size": 1.1, "_time": 113.90625}, {"$id": 614, "sounds": [{"d": 0.234375, "p": 75, "v": 127}], "pos": 0.5788157, "size": 1.1, "_time": 113.90625}, {"$id": 615, "sounds": [{"d": 0.234375, "p": 73, "v": 127}], "pos": -0.6851263, "size": 1.1, "_time": 114.140625}, {"$id": 616, "sounds": [{"d": 0.234375, "p": 77, "v": 127}], "pos": 1.5, "size": 1.1, "_time": 114.140625}, {"$id": 617, "sounds": [{"d": 1.875, "p": 32, "v": 127}], "pos": 3.0, "size": 1.0, "_time": 114.375}, {"$id": 618, "sounds": [{"d": 0.234375, "p": 72, "v": 127}], "pos": -1.5, "size": 1.1, "_time": 114.375}, {"$id": 619, "sounds": [{"d": 0.234375, "p": 75, "v": 127}], "pos": 0.83230114, "size": 1.1, "_time": 114.375}, {"$id": 620, "sounds": [{"d": 0.234375, "p": 77, "v": 127}], "pos": -0.844188, "size": 1.1, "_time": 114.726563}, {"$id": 621, "sounds": [{"d": 0.234375, "p": 80, "v": 127}], "pos": 1.76148343, "size": 1.1, "_time": 114.726563}, {"$id": 622, "sounds": [{"d": 0.234375, "p": 72, "v": 127}], "pos": -1.59593117, "size": 1.1, "_time": 115.078125}, {"$id": 623, "sounds": [{"d": 0.234375, "p": 75, "v": 127}], "pos": 0.8829981, "size": 1.1, "_time": 115.078125}, {"$id": 624, "sounds": [{"d": 0.234375, "p": 72, "v": 127}], "pos": -0.8101263, "size": 1.1, "_time": 115.3125}, {"$id": 625, "sounds": [{"d": 0.234375, "p": 77, "v": 127}], "pos": 1.5, "size": 1.1, "_time": 115.3125}, {"$id": 626, "pos": -1.5, "size": 1.1, "_time": 115.78125}, {"$id": 627, "sounds": [{"d": 0.1171875, "p": 75, "v": 127}], "pos": 1.23787832, "size": 1.0, "_time": 116.015625}, {"$id": 628, "sounds": [{"d": 0.1171875, "p": 77, "v": 127}], "pos": -0.5, "size": 1.0, "_time": 116.132813}, {"$id": 629, "sounds": [{"d": 1.875, "p": 33, "v": 127}], "pos": 3.125, "size": 1.0, "_time": 116.25}, {"$id": 630, "sounds": [{"d": 0.234375, "p": 80, "v": 127}], "pos": 1.63474023, "size": 1.0, "_time": 116.25}, {"$id": 631, "pos": -1.5, "size": 1.1, "_time": 116.71875}, {"$id": 632, "sounds": [{"d": 0.234375, "p": 73, "v": 127}], "pos": -1.64837146, "size": 1.1, "_time": 116.953125}, {"$id": 633, "sounds": [{"d": 0.234375, "p": 77, "v": 127}], "pos": 0.8288157, "size": 1.1, "_time": 116.953125}, {"$id": 634, "sounds": [{"d": 0.234375, "p": 77, "v": 127}], "pos": -0.945582747, "size": 1.1, "_time": 117.65625}, {"$id": 635, "sounds": [{"d": 0.234375, "p": 81, "v": 127}], "pos": 1.404861, "size": 1.1, "_time": 117.65625}, {"$id": 636, "sounds": [{"d": 1.875, "p": 34, "v": 127}], "pos": 3.25, "size": 1.0, "_time": 118.125}, {"$id": 637, "sounds": [{"d": 0.234375, "p": 82, "v": 127}], "pos": 1.808695, "size": 1.1, "_time": 118.125}, {"$id": 638, "sounds": [{"d": 0.234375, "p": 77, "v": 127}], "size": 1.1, "_time": 118.125, "pos": 0}, {"$id": 639, "pos": -1.5, "size": 1.0, "_time": 118.59375}, {"$id": 640, "sounds": [{"d": 0.234375, "p": 80, "v": 127}], "pos": -1.45778143, "size": 1.4000001, "_time": 119.0625}, {"$id": 641, "sounds": [{"d": 0.234375, "p": 84, "v": 127}], "pos": 0.6898737, "size": 1.4000001, "_time": 119.0625}, {"$id": 642, "sounds": [{"d": 0.234375, "p": 85, "v": 127}], "pos": 0.8148737, "size": 1.4000001, "_time": 119.414063}, {"$id": 643, "sounds": [{"d": 0.234375, "p": 80, "v": 127}], "pos": -1.40708447, "size": 1.4000001, "_time": 119.414063}, {"$id": 644, "sounds": [{"d": 0.234375, "p": 92, "v": 127}], "pos": 1.5124346, "size": 1.4000001, "_time": 119.765625}, {"$id": 645, "sounds": [{"d": 0.234375, "p": 80, "v": 127}], "pos": -0.7480229, "size": 1.4000001, "_time": 119.765625}, {"$id": 646, "sounds": [{"d": 0.1171875, "p": 89, "v": 127}], "pos": 1.06170845, "size": 1.0, "_time": 120.0}, {"$id": 647, "sounds": [{"d": 0.1171875, "p": 89, "v": 127}], "pos": 1.06170845, "size": 1.0, "_time": 120.117188}, {"$id": 648, "sounds": [{"d": 0.1171875, "p": 87, "v": 127}], "pos": -1.5, "size": 1.0, "_time": 120.234375}, {"$id": 649, "sounds": [{"d": 0.1171875, "p": 89, "v": 127}], "pos": 1.5, "size": 1.0, "_time": 120.351563}, {"$id": 650, "sounds": [{"d": 0.1171875, "p": 87, "v": 127}], "pos": -1.0, "size": 1.0, "_time": 120.46875}, {"$id": 651, "sounds": [{"d": 0.1171875, "p": 84, "v": 127}], "pos": 1.0, "size": 1.0, "_time": 120.585938}, {"$id": 652, "sounds": [{"d": 0.1171875, "p": 85, "v": 127}], "pos": -1.5, "size": 1.0, "_time": 120.703125}, {"$id": 653, "sounds": [{"d": 0.1171875, "p": 84, "v": 127}], "pos": 1.5, "size": 1.0, "_time": 120.820313}, {"$id": 654, "sounds": [{"d": 0.1171875, "p": 82, "v": 127}], "pos": -0.5, "size": 1.0, "_time": 120.9375}, {"$id": 655, "sounds": [{"d": 0.1171875, "p": 80, "v": 127}], "pos": 1.0, "size": 1.0, "_time": 121.054688}, {"$id": 656, "sounds": [{"d": 0.1171875, "p": 82, "v": 127}], "pos": -1.0, "size": 1.0, "_time": 121.171875}, {"$id": 657, "sounds": [{"d": 0.1171875, "p": 80, "v": 127}], "pos": 0.5, "size": 1.0, "_time": 121.289063}, {"$id": 658, "sounds": [{"d": 0.1171875, "p": 77, "v": 127}], "pos": -1.5, "size": 1.0, "_time": 121.40625}, {"$id": 659, "sounds": [{"d": 0.1171875, "p": 75, "v": 127}], "pos": 0.5, "size": 1.0, "_time": 121.523438}, {"$id": 660, "sounds": [{"d": 0.1171875, "p": 77, "v": 127}], "pos": -0.5, "size": 1.0, "_time": 121.640625}, {"$id": 661, "sounds": [{"d": 0.1171875, "p": 80, "v": 127}], "pos": 1.48296976, "size": 1.0, "_time": 121.757813}, {"$id": 662, "sounds": [{"d": 1.875, "p": 32, "v": 127}], "pos": 3.0, "size": 1.0, "_time": 121.875}, {"$id": 663, "sounds": [{"d": 0.1171875, "p": 77, "v": 127}], "pos": 0.5, "size": 1.1, "_time": 122.109375}, {"$id": 664, "sounds": [{"d": 0.1171875, "p": 75, "v": 127}], "pos": -1.5, "size": 1.1, "_time": 122.226563}, {"$id": 665, "sounds": [{"d": 0.1171875, "p": 77, "v": 127}], "pos": 1.5, "size": 1.1, "_time": 122.34375}, {"$id": 666, "sounds": [{"d": 0.1171875, "p": 80, "v": 127}], "pos": -0.5, "size": 1.1, "_time": 122.460938}, {"$id": 667, "sounds": [{"d": 0.1171875, "p": 82, "v": 127}], "pos": 1.5, "size": 1.1, "_time": 122.578125}, {"$id": 668, "sounds": [{"d": 0.1171875, "p": 75, "v": 127}], "pos": -1.0, "size": 1.1, "_time": 122.695313}, {"$id": 669, "sounds": [{"d": 0.1171875, "p": 77, "v": 127}], "pos": 0.5, "size": 1.1, "_time": 122.8125}, {"$id": 670, "sounds": [{"d": 0.1171875, "p": 80, "v": 127}], "pos": 1.5, "size": 1.1, "_time": 122.929688}, {"$id": 671, "sounds": [{"d": 0.1171875, "p": 77, "v": 127}], "pos": -0.5, "size": 1.1, "_time": 123.046875}, {"$id": 672, "sounds": [{"d": 0.1171875, "p": 75, "v": 127}], "pos": 1.0, "size": 1.1, "_time": 123.164063}, {"$id": 673, "sounds": [{"d": 0.1171875, "p": 77, "v": 127}], "pos": -1.5, "size": 1.1, "_time": 123.28125}, {"$id": 674, "sounds": [{"d": 0.1171875, "p": 80, "v": 127}], "pos": 1.5, "size": 1.1, "_time": 123.398438}, {"$id": 675, "sounds": [{"d": 0.1171875, "p": 82, "v": 127}], "size": 1.1, "_time": 123.515625, "pos": 0}, {"$id": 676, "sounds": [{"d": 0.1171875, "p": 84, "v": 127}], "pos": -1.5, "size": 1.1, "_time": 123.632813}, {"$id": 677, "sounds": [{"d": 1.875, "p": 34, "v": 127}], "pos": 3.25, "size": 1.0, "_time": 123.75}, {"$id": 678, "sounds": [{"d": 0.1171875, "p": 86, "v": 127}], "pos": 1.5, "size": 1.0, "_time": 123.75}, {"$id": 679, "sounds": [{"d": 0.1171875, "p": 77, "v": 127}], "pos": -0.159457624, "size": 1.0, "_time": 123.867188}, {"$id": 680, "sounds": [{"d": 0.1171875, "p": 85, "v": 127}], "pos": 1.5, "size": 1.0, "_time": 123.984375}, {"$id": 681, "sounds": [{"d": 0.1171875, "p": 77, "v": 127}], "pos": -0.641080141, "size": 1.0, "_time": 124.101563}, {"$id": 682, "sounds": [{"d": 0.1171875, "p": 84, "v": 127}], "pos": 1.5, "size": 1.0, "_time": 124.21875}, {"$id": 683, "sounds": [{"d": 0.1171875, "p": 77, "v": 127}], "pos": -1.09735322, "size": 1.0, "_time": 124.335938}, {"$id": 684, "sounds": [{"d": 0.1171875, "p": 82, "v": 127}], "pos": 1.5, "size": 1.0, "_time": 124.453125}, {"$id": 685, "sounds": [{"d": 0.1171875, "p": 77, "v": 127}], "pos": -1.705719, "size": 1.0, "_time": 124.570313}, {"$id": 686, "sounds": [{"d": 0.1171875, "p": 75, "v": 127}], "pos": 0.8155899, "size": 1.0, "_time": 124.6875}, {"$id": 687, "sounds": [{"d": 0.1171875, "p": 80, "v": 127}], "pos": -1.0, "size": 1.0, "_time": 124.804688}, {"$id": 688, "sounds": [{"d": 0.1171875, "p": 81, "v": 127}], "pos": 1.5, "size": 1.0, "_time": 124.921875}, {"$id": 689, "sounds": [{"d": 0.1171875, "p": 80, "v": 127}], "pos": -0.5, "size": 1.0, "_time": 125.039063}, {"$id": 690, "sounds": [{"d": 0.1171875, "p": 81, "v": 127}], "pos": 0.5, "size": 1.0, "_time": 125.15625}, {"$id": 691, "sounds": [{"d": 0.1171875, "p": 82, "v": 127}], "pos": 1.5, "size": 1.0, "_time": 125.273438}, {"$id": 692, "sounds": [{"d": 0.1171875, "p": 84, "v": 127}], "pos": -1.5, "size": 1.0, "_time": 125.390625}, {"$id": 693, "sounds": [{"d": 0.1171875, "p": 85, "v": 127}], "pos": 1.0, "size": 1.0, "_time": 125.507813}, {"$id": 694, "sounds": [{"d": 1.875, "p": 34, "v": 127}], "pos": 3.25, "size": 1.0, "_time": 125.625}, {"$id": 695, "sounds": [{"d": 0.1171875, "p": 86, "v": 127}], "pos": -1.0, "size": 1.0, "_time": 125.625}, {"$id": 696, "sounds": [{"d": 0.1171875, "p": 87, "v": 127}], "pos": 1.5, "size": 1.0, "_time": 125.742188}, {"$id": 697, "sounds": [{"d": 0.1171875, "p": 89, "v": 127}], "pos": -0.5, "size": 1.0, "_time": 125.859375}, {"$id": 698, "sounds": [{"d": 0.1171875, "p": 92, "v": 127}], "pos": 1.43670845, "size": 1.0, "_time": 125.976563}, {"$id": 699, "sounds": [{"d": 0.1171875, "p": 91, "v": 127}], "pos": -1.5, "size": 1.0, "_time": 126.09375}, {"$id": 700, "sounds": [{"d": 0.0439453125, "p": 92, "v": 127}], "pos": 0.5, "size": 1.0, "_time": 126.210938}, {"$id": 701, "sounds": [{"d": 0.048828125, "p": 91, "v": 127}], "pos": -1.0, "size": 1.0, "_time": 126.273438}, {"$id": 702, "sounds": [{"d": 0.1171875, "p": 89, "v": 127}], "pos": 1.5, "size": 1.0, "_time": 126.328125}, {"$id": 703, "sounds": [{"d": 0.1171875, "p": 87, "v": 127}], "pos": -1.5, "size": 1.0, "_time": 126.445313}, {"$id": 704, "sounds": [{"d": 0.1171875, "p": 85, "v": 127}], "pos": 1.0, "size": 1.0, "_time": 126.5625}, {"$id": 705, "sounds": [{"d": 0.1171875, "p": 84, "v": 127}], "pos": -0.5, "size": 1.0, "_time": 126.679688}, {"$id": 706, "sounds": [{"d": 0.1171875, "p": 80, "v": 127}], "pos": 1.0, "size": 1.0, "_time": 126.796875}, {"$id": 707, "sounds": [{"d": 0.1171875, "p": 77, "v": 127}], "pos": -1.5, "size": 1.0, "_time": 126.914063}, {"$id": 708, "sounds": [{"d": 0.1171875, "p": 75, "v": 127}], "pos": 0.5, "size": 1.0, "_time": 127.03125}, {"$id": 709, "sounds": [{"d": 0.1171875, "p": 77, "v": 127}], "pos": -1.0, "size": 1.0, "_time": 127.148438}, {"$id": 710, "sounds": [{"d": 0.1171875, "p": 80, "v": 127}], "pos": 1.0, "size": 1.0, "_time": 127.265625}, {"$id": 711, "sounds": [{"d": 0.1171875, "p": 82, "v": 127}], "pos": -0.5, "size": 1.0, "_time": 127.382813}, {"$id": 712, "sounds": [{"d": 1.40625, "p": 84, "v": 127}], "pos": 1.5, "size": 1.1, "_time": 127.5}, {"$id": 713, "sounds": [{"d": 0.1171875, "p": 77, "v": 127}], "pos": -1.0, "size": 1.1, "_time": 127.617188}, {"$id": 714, "sounds": [{"d": 0.1171875, "p": 75, "v": 127}], "pos": 1.0, "size": 1.1, "_time": 127.734375}, {"$id": 715, "sounds": [{"d": 0.1171875, "p": 77, "v": 127}], "pos": 1.0, "size": 1.1, "_time": 127.851563}, {"$id": 716, "sounds": [{"d": 0.1171875, "p": 80, "v": 127}], "pos": -1.5, "size": 1.1, "_time": 127.96875}, {"$id": 717, "sounds": [{"d": 0.1171875, "p": 85, "v": 127}], "pos": 0.56170845, "size": 1.1, "_time": 128.085938}, {"$id": 718, "sounds": [{"d": 0.1171875, "p": 82, "v": 127}], "pos": -1.0, "size": 1.1, "_time": 128.203125}, {"$id": 719, "sounds": [{"d": 0.1171875, "p": 87, "v": 127}], "pos": 1.0, "size": 1.1, "_time": 128.320313}, {"$id": 720, "sounds": [{"d": 0.1171875, "p": 85, "v": 127}], "pos": -0.5, "size": 1.1, "_time": 128.4375}, {"$id": 721, "sounds": [{"d": 0.1171875, "p": 89, "v": 127}], "pos": 1.5, "size": 1.1, "_time": 128.554688}, {"$id": 722, "sounds": [{"d": 0.1171875, "p": 87, "v": 127}], "pos": -1.0, "size": 1.1, "_time": 128.671875}, {"$id": 723, "sounds": [{"d": 0.1171875, "p": 92, "v": 127}], "pos": 1.5, "size": 1.1, "_time": 128.789063}, {"$id": 724, "sounds": [{"d": 0.1171875, "p": 89, "v": 127}], "pos": -1.0, "size": 1.1, "_time": 128.90625}, {"$id": 725, "sounds": [{"d": 0.1171875, "p": 92, "v": 127}], "pos": 0.5, "size": 1.1, "_time": 129.023438}, {"$id": 726, "sounds": [{"d": 0.1171875, "p": 94, "v": 127}], "pos": -1.5, "size": 1.1, "_time": 129.140625}, {"$id": 727, "sounds": [{"d": 0.1171875, "p": 87, "v": 127}], "pos": 1.5, "size": 1.1, "_time": 129.257813}, {"$id": 728, "sounds": [{"d": 0.9375, "p": 80, "v": 127}], "pos": -0.5, "size": 1.1, "_time": 129.375}, {"$id": 729, "sounds": [{"d": 1.875, "p": 32, "v": 127}], "pos": 3.0, "size": 1.0, "_time": 129.375}, {"$id": 730, "sounds": [{"d": 0.068359375, "p": 89, "v": 127}], "pos": 1.0, "size": 1.0, "_time": 129.609375}, {"$id": 731, "sounds": [{"d": 0.068359375, "p": 87, "v": 127}], "pos": -1.0, "size": 1.0, "_time": 129.6875}, {"$id": 732, "sounds": [{"d": 0.068359375, "p": 84, "v": 127}], "pos": 0.5, "size": 1.0, "_time": 129.765625}, {"$id": 733, "sounds": [{"d": 0.1171875, "p": 85, "v": 127}], "pos": -1.5, "size": 1.0, "_time": 129.84375}, {"$id": 734, "sounds": [{"d": 0.1171875, "p": 84, "v": 127}], "pos": 0.5, "size": 1.0, "_time": 129.960938}, {"$id": 735, "sounds": [{"d": 0.068359375, "p": 82, "v": 127}], "pos": -1.5, "size": 1.0, "_time": 130.078125}, {"$id": 736, "sounds": [{"d": 0.068359375, "p": 87, "v": 127}], "pos": 1.0, "size": 1.0, "_time": 130.15625}, {"$id": 737, "sounds": [{"d": 0.068359375, "p": 92, "v": 127}], "pos": -1.0, "size": 1.0, "_time": 130.234375}, {"$id": 738, "sounds": [{"d": 0.1171875, "p": 84, "v": 127}], "pos": 1.0, "size": 1.0, "_time": 130.3125}, {"$id": 739, "sounds": [{"d": 0.1171875, "p": 85, "v": 127}], "pos": -1.5, "size": 1.0, "_time": 130.429688}, {"$id": 740, "sounds": [{"d": 0.068359375, "p": 87, "v": 127}], "pos": 0.5, "size": 1.0, "_time": 130.546875}, {"$id": 741, "sounds": [{"d": 0.068359375, "p": 92, "v": 127}], "pos": -1.0, "size": 1.0, "_time": 130.625}, {"$id": 742, "sounds": [{"d": 0.068359375, "p": 96, "v": 127}], "pos": 1.5, "size": 1.0, "_time": 130.703125}, {"$id": 743, "sounds": [{"d": 0.1171875, "p": 87, "v": 127}], "pos": -0.378164351, "size": 1.0, "_time": 130.78125}, {"$id": 744, "sounds": [{"d": 0.1171875, "p": 92, "v": 127}], "pos": 1.5, "size": 1.0, "_time": 130.898438}, {"$id": 745, "sounds": [{"d": 0.1171875, "p": 97, "v": 127}], "pos": -1.5, "size": 1.0, "_time": 131.015625}, {"$id": 746, "sounds": [{"d": 0.1171875, "p": 99, "v": 127}], "size": 1.0, "_time": 131.132813, "pos": 0}, {"$id": 747, "sounds": [{"d": 1.875, "p": 34, "v": 127}], "pos": 3.25, "size": 1.0, "_time": 131.25}, {"$id": 748, "sounds": [{"d": 0.1171875, "p": 101, "v": 127}], "pos": 1.37183571, "size": 1.1, "_time": 131.25}, {"$id": 749, "sounds": [{"d": 0.1171875, "p": 99, "v": 127}], "pos": -1.0, "size": 1.1, "_time": 131.367188}, {"$id": 750, "sounds": [{"d": 0.1171875, "p": 101, "v": 127}], "pos": 0.456274122, "size": 1.1, "_time": 131.484375}, {"$id": 751, "sounds": [{"d": 0.1171875, "p": 104, "v": 127}], "pos": 1.7122941, "size": 1.1, "_time": 131.601563}, {"$id": 752, "sounds": [{"d": 0.1171875, "p": 99, "v": 127}], "pos": -1.5, "size": 1.1, "_time": 131.71875}, {"$id": 753, "sounds": [{"d": 0.1171875, "p": 104, "v": 127}], "pos": 0.5, "size": 1.1, "_time": 131.835938}, {"$id": 754, "sounds": [{"d": 0.1171875, "p": 106, "v": 127}], "pos": -0.5, "size": 1.1, "_time": 131.953125}, {"$id": 755, "sounds": [{"d": 0.1171875, "p": 104, "v": 127}], "pos": 1.5, "size": 1.1, "_time": 132.070313}, {"$id": 756, "sounds": [{"d": 0.1171875, "p": 108, "v": 127}], "pos": 1.5, "size": 1.1, "_time": 132.1875}, {"$id": 757, "sounds": [{"d": 0.1171875, "p": 104, "v": 127}], "pos": -0.5, "size": 1.1, "_time": 132.304688}, {"$id": 758, "sounds": [{"d": 0.1171875, "p": 106, "v": 127}], "pos": 0.8548803, "size": 1.1, "_time": 132.421875}, {"$id": 759, "sounds": [{"d": 0.1171875, "p": 104, "v": 127}], "pos": -1.12674332, "size": 1.1, "_time": 132.539063}, {"$id": 760, "sounds": [{"d": 0.1171875, "p": 99, "v": 127}], "pos": 1.5, "size": 1.2, "_time": 132.65625}, {"$id": 761, "sounds": [{"d": 0.1171875, "p": 101, "v": 127}], "pos": -0.5, "size": 1.2, "_time": 132.773438}, {"$id": 762, "sounds": [{"d": 0.1171875, "p": 99, "v": 127}], "pos": 0.9309246, "size": 1.2, "_time": 132.890625}, {"$id": 763, "sounds": [{"d": 0.1171875, "p": 96, "v": 127}], "pos": -1.53453374, "size": 1.2, "_time": 133.007813}, {"$id": 764, "sounds": [{"d": 1.87011719, "p": 34, "v": 127}], "pos": 3.25, "size": 1.0, "_time": 133.125}, {"$id": 765, "sounds": [{"d": 0.1171875, "p": 89, "v": 127}], "pos": -1.015363, "size": 1.2, "_time": 133.125}, {"$id": 766, "sounds": [{"d": 0.1171875, "p": 97, "v": 127}], "pos": 1.45485187, "size": 1.2, "_time": 133.125}, {"$id": 767, "sounds": [{"d": 0.1171875, "p": 87, "v": 127}], "pos": -0.758393049, "size": 1.2, "_time": 133.242188}, {"$id": 768, "sounds": [{"d": 0.1171875, "p": 96, "v": 127}], "pos": 1.0, "size": 1.2, "_time": 133.242188}, {"$id": 769, "sounds": [{"d": 0.1171875, "p": 84, "v": 127}], "pos": -0.905256033, "size": 1.1, "_time": 133.359375}, {"$id": 770, "sounds": [{"d": 0.1171875, "p": 92, "v": 127}], "pos": 0.627064347, "size": 1.1, "_time": 133.359375}, {"$id": 771, "sounds": [{"d": 0.1171875, "p": 94, "v": 127}], "pos": 0.9531098, "size": 1.1, "_time": 133.476563}, {"$id": 772, "sounds": [{"d": 0.1171875, "p": 85, "v": 127}], "pos": -1.0590899, "size": 1.1, "_time": 133.476563}, {"$id": 773, "sounds": [{"d": 0.1171875, "p": 84, "v": 127}], "pos": -1.14511967, "size": 1.0, "_time": 133.59375}, {"$id": 774, "sounds": [{"d": 0.1171875, "p": 92, "v": 127}], "pos": 1.28612614, "size": 1.0, "_time": 133.59375}, {"$id": 775, "sounds": [{"d": 0.1171875, "p": 80, "v": 127}], "pos": -1.582695, "size": 1.0, "_time": 133.710938}, {"$id": 776, "sounds": [{"d": 0.1171875, "p": 87, "v": 127}], "pos": 1.675068, "size": 1.0, "_time": 133.710938}, {"$id": 777, "sounds": [{"d": 0.1171875, "p": 89, "v": 127}], "pos": 1.82367218, "size": 1.0, "_time": 133.828125}, {"$id": 778, "sounds": [{"d": 0.1171875, "p": 87, "v": 127}], "pos": 1.5, "size": 1.0, "_time": 133.945313}, {"$id": 779, "sounds": [{"d": 0.1171875, "p": 80, "v": 127}], "pos": -1.5, "size": 1.0, "_time": 133.945313}, {"$id": 780, "sounds": [{"d": 0.1171875, "p": 75, "v": 127}], "pos": -1.04166245, "size": 1.1, "_time": 134.0625}, {"$id": 781, "sounds": [{"d": 0.1171875, "p": 84, "v": 127}], "pos": 1.14797628, "size": 1.1, "_time": 134.0625}, {"$id": 782, "sounds": [{"d": 0.1171875, "p": 77, "v": 127}], "pos": -0.4621327, "size": 1.1, "_time": 134.179688}, {"$id": 783, "sounds": [{"d": 0.1171875, "p": 85, "v": 127}], "pos": 0.6139137, "size": 1.1, "_time": 134.179688}, {"$id": 784, "sounds": [{"d": 0.1171875, "p": 75, "v": 127}], "pos": -1.39654183, "size": 1.2, "_time": 134.296875}, {"$id": 785, "sounds": [{"d": 0.1171875, "p": 84, "v": 127}], "pos": 1.02123308, "size": 1.2, "_time": 134.296875}, {"$id": 786, "sounds": [{"d": 0.1171875, "p": 72, "v": 127}], "pos": -1.72116506, "size": 1.2, "_time": 134.414063}, {"$id": 787, "sounds": [{"d": 0.1171875, "p": 80, "v": 127}], "pos": 1.35773587, "size": 1.2, "_time": 134.414063}, {"$id": 788, "sounds": [{"d": 0.1171875, "p": 73, "v": 127}], "pos": -1.442332, "size": 1.2, "_time": 134.53125}, {"$id": 789, "sounds": [{"d": 0.1171875, "p": 82, "v": 127}], "pos": 1.07541656, "size": 1.2, "_time": 134.53125}, {"$id": 790, "sounds": [{"d": 0.1171875, "p": 80, "v": 127}], "pos": 0.7240227, "size": 1.1, "_time": 134.648438}, {"$id": 791, "sounds": [{"d": 0.1171875, "p": 72, "v": 127}], "pos": -0.808619, "size": 1.1, "_time": 134.648438}, {"$id": 792, "sounds": [{"d": 0.1171875, "p": 77, "v": 127}], "pos": 0.4504155, "size": 1.1, "_time": 134.765625}, {"$id": 793, "sounds": [{"d": 0.1171875, "p": 68, "v": 127}], "pos": -0.6058303, "size": 1.1, "_time": 134.765625}, {"$id": 794, "sounds": [{"d": 0.112304688, "p": 66, "v": 127}], "pos": -0.960710645, "size": 1.0, "_time": 134.882813}, {"$id": 795, "sounds": [{"d": 0.112304688, "p": 75, "v": 127}], "pos": 0.8594791, "size": 1.0, "_time": 134.882813}, {"$id": 796, "sounds": [{"d": 1.87988281, "p": 30, "v": 127}], "pos": 3.0, "size": 1.0, "_time": 134.9961}, {"$id": 797, "sounds": [{"d": 1.41113281, "p": 77, "v": 127}], "pos": 1.59110272, "size": 1.0, "_time": 134.9961}, {"$id": 798, "sounds": [{"d": 1.41113281, "p": 65, "v": 127}], "pos": -1.82255983, "size": 1.0, "_time": 134.9961}, {"$id": 799, "sounds": [{"d": 0.234375, "p": 68, "v": 127}], "pos": -1.72116613, "size": 1.1, "_time": 136.40625}, {"$id": 800, "sounds": [{"d": 0.234375, "p": 80, "v": 127}], "pos": 0.8181243, "size": 1.1, "_time": 136.40625}, {"$id": 801, "sounds": [{"d": 1.171875, "p": 82, "v": 127}], "pos": 1.31812429, "size": 1.1, "_time": 136.640625}, {"$id": 802, "sounds": [{"d": 1.171875, "p": 70, "v": 127}], "pos": -0.9169837, "size": 1.1, "_time": 136.640625}, {"$id": 803, "sounds": [{"d": 1.875, "p": 32, "v": 127}], "pos": 3.0, "size": 1.0, "_time": 136.875}, {"$id": 804, "sounds": [{"d": 0.46875, "p": 72, "v": 127}], "pos": -1.5, "size": 1.1, "_time": 137.8125}, {"$id": 805, "sounds": [{"d": 0.46875, "p": 84, "v": 127}], "pos": 0.5, "size": 1.1, "_time": 137.8125}, {"$id": 806, "sounds": [{"d": 0.46875, "p": 87, "v": 127}], "pos": 1.0, "size": 1.1, "_time": 138.28125}, {"$id": 807, "sounds": [{"d": 0.46875, "p": 75, "v": 127}], "pos": -1.0, "size": 1.1, "_time": 138.28125}, {"$id": 808, "sounds": [{"d": 3.75, "p": 34, "v": 127}], "pos": 3.25, "size": 1.0, "_time": 138.75}, {"$id": 809, "sounds": [{"d": 1.40625, "p": 77, "v": 127}], "pos": -0.39163518, "size": 1.1, "_time": 138.75}, {"$id": 810, "sounds": [{"d": 1.40625, "p": 89, "v": 127}], "pos": 1.62674224, "size": 1.1, "_time": 138.75}, {"$id": 811, "sounds": [{"d": 0.234375, "p": 96, "v": 127}], "pos": 1.5, "size": 1.1, "_time": 140.15625}, {"$id": 812, "sounds": [{"d": 0.234375, "p": 84, "v": 127}], "pos": -0.4309256, "size": 1.1, "_time": 140.15625}, {"$id": 813, "sounds": [{"d": 2.109375, "p": 82, "v": 127}], "pos": -1.15906262, "size": 1.1, "_time": 140.390625}, {"$id": 814, "sounds": [{"d": 2.109375, "p": 94, "v": 127}], "pos": 1.0, "size": 1.1, "_time": 140.390625}, {"$id": 815, "pos": -1.67088556, "size": 1.30000007, "_time": 140.625}, {"$id": 816, "pos": -1.36708832, "size": 1.30000007, "_time": 140.6836}, {"$id": 817, "pos": -0.9620245, "size": 1.30000007, "_time": 140.742188}, {"$id": 818, "pos": -1.26582289, "size": 1.30000007, "_time": 140.800781}, {"$id": 819, "pos": -0.911391735, "size": 1.30000007, "_time": 140.859375}, {"$id": 820, "pos": -0.5569618, "size": 1.30000007, "_time": 140.917969}, {"$id": 821, "pos": -0.8607591, "size": 1.30000007, "_time": 140.976563}, {"$id": 822, "pos": -0.5822792, "size": 1.30000007, "_time": 141.035156}, {"$id": 823, "pos": -0.2784809, "size": 1.30000007, "_time": 141.09375}, {"$id": 824, "pos": -0.582278252, "size": 1.30000007, "_time": 141.152344}, {"$id": 825, "pos": -0.35442996, "size": 1.30000007, "_time": 141.210938}, {"$id": 826, "pos": -0.050632596, "size": 1.30000007, "_time": 141.269531}, {"$id": 827, "pos": -0.3797462, "size": 1.30000007, "_time": 141.328125}, {"$id": 828, "pos": -0.1518979, "size": 1.30000007, "_time": 141.386719}, {"$id": 829, "pos": 0.202531934, "size": 1.30000007, "_time": 141.445313}, {"$id": 830, "pos": -0.126582742, "size": 1.30000007, "_time": 141.5039}, {"$id": 831, "pos": 0.202533, "size": 1.30000007, "_time": 141.5625}, {"$id": 832, "pos": 0.556962967, "size": 1.30000007, "_time": 141.6211}, {"$id": 833, "pos": 0.227849483, "size": 1.30000007, "_time": 141.679688}, {"$id": 834, "pos": 0.556962, "size": 1.30000007, "_time": 141.738281}, {"$id": 835, "pos": 0.835444, "size": 1.30000007, "_time": 141.796875}, {"$id": 836, "pos": 0.6075947, "size": 1.30000007, "_time": 141.855469}, {"$id": 837, "pos": 0.8860755, "size": 1.30000007, "_time": 141.914063}, {"$id": 838, "pos": 1.26582289, "size": 1.30000007, "_time": 141.972656}, {"$id": 839, "pos": 0.8860767, "size": 1.30000007, "_time": 142.03125}, {"$id": 840, "pos": 1.26582289, "size": 1.30000007, "_time": 142.089844}, {"$id": 841, "pos": 1.72151947, "size": 1.30000007, "_time": 142.148438}, {"$id": 842, "sounds": [{"d": 1.875, "p": 42, "v": 127}], "pos": -1.59810066, "size": 1.4000001, "_time": 142.5}, {"$id": 843, "sounds": [{"d": 1.875, "p": 30, "v": 127}], "pos": 1.5, "size": 1.4000001, "_time": 142.5}, {"$id": 844, "sounds": [{"d": 0.234375, "p": 63, "v": 107}], "pos": 1.02689934, "size": 1.0, "_time": 142.734375}, {"$id": 845, "sounds": [{"d": 0.234375, "p": 63, "v": 107}], "pos": 1.02689934, "size": 1.0, "_time": 143.085938}, {"$id": 846, "sounds": [{"d": 0.234375, "p": 56, "v": 107}], "pos": -1.0, "size": 1.0, "_time": 143.4375}, {"$id": 847, "sounds": [{"d": 0.234375, "p": 63, "v": 107}], "pos": 1.02689934, "size": 1.0, "_time": 143.4375}, {"$id": 848, "sounds": [{"d": 0.234375, "p": 63, "v": 107}], "pos": 1.02689934, "size": 1.0, "_time": 143.789063}, {"$id": 849, "sounds": [{"d": 0.234375, "p": 56, "v": 107}], "pos": -1.0, "size": 1.0, "_time": 143.789063}, {"$id": 850, "sounds": [{"d": 0.234375, "p": 56, "v": 107}], "pos": -1.0, "size": 1.0, "_time": 144.140625}, {"$id": 851, "sounds": [{"d": 0.234375, "p": 63, "v": 107}], "pos": 1.02689934, "size": 1.0, "_time": 144.140625}, {"$id": 852, "sounds": [{"d": 1.875, "p": 44, "v": 127}], "pos": -1.62693453, "size": 1.30000007, "_time": 144.375}, {"$id": 853, "sounds": [{"d": 1.875, "p": 32, "v": 127}], "pos": 3.0, "size": 1.0, "_time": 144.375}, {"$id": 854, "sounds": [{"d": 0.234375, "p": 63, "v": 107}], "pos": 1.02689934, "size": 1.0, "_time": 144.609375}, {"$id": 855, "sounds": [{"d": 0.234375, "p": 63, "v": 107}], "pos": 1.02689934, "size": 1.0, "_time": 144.960938}, {"$id": 856, "sounds": [{"d": 0.234375, "p": 56, "v": 107}], "pos": -1.0, "size": 1.0, "_time": 145.3125}, {"$id": 857, "sounds": [{"d": 0.234375, "p": 63, "v": 107}], "pos": 1.0, "size": 1.0, "_time": 145.3125}, {"$id": 858, "sounds": [{"d": 0.234375, "p": 63, "v": 107}], "pos": 1.02689934, "size": 1.0, "_time": 145.664063}, {"$id": 859, "sounds": [{"d": 0.234375, "p": 56, "v": 107}], "pos": -1.0, "size": 1.0, "_time": 145.664063}, {"$id": 860, "sounds": [{"d": 0.234375, "p": 56, "v": 107}], "pos": -1.0, "size": 1.0, "_time": 146.015625}, {"$id": 861, "sounds": [{"d": 0.234375, "p": 63, "v": 107}], "pos": 1.02689934, "size": 1.0, "_time": 146.015625}, {"$id": 862, "sounds": [{"d": 1.875, "p": 34, "v": 127}], "pos": 3.25, "size": 1.0, "_time": 146.25}, {"$id": 863, "sounds": [{"d": 1.875, "p": 46, "v": 127}], "pos": -1.70278764, "size": 1.30000007, "_time": 146.25}, {"$id": 864, "sounds": [{"d": 0.234375, "p": 63, "v": 107}], "pos": 1.02689934, "size": 1.0, "_time": 146.484375}, {"$id": 865, "sounds": [{"d": 0.234375, "p": 63, "v": 107}], "pos": 1.02689934, "size": 1.0, "_time": 146.835938}, {"$id": 866, "sounds": [{"d": 0.234375, "p": 63, "v": 107}], "pos": 1.02689934, "size": 1.0, "_time": 147.1875}, {"$id": 867, "sounds": [{"d": 0.234375, "p": 56, "v": 107}], "pos": -1.0, "size": 1.0, "_time": 147.1875}, {"$id": 868, "sounds": [{"d": 0.234375, "p": 63, "v": 107}], "pos": 1.02689934, "size": 1.0, "_time": 147.539063}, {"$id": 869, "sounds": [{"d": 0.234375, "p": 56, "v": 107}], "pos": -1.0, "size": 1.0, "_time": 147.539063}, {"$id": 870, "sounds": [{"d": 0.234375, "p": 56, "v": 107}], "pos": -1.0, "size": 1.0, "_time": 147.890625}, {"$id": 871, "sounds": [{"d": 0.234375, "p": 63, "v": 107}], "pos": 1.02689934, "size": 1.0, "_time": 147.890625}, {"$id": 872, "sounds": [{"d": 1.875, "p": 34, "v": 127}], "pos": 3.25, "size": 1.0, "_time": 148.125}, {"$id": 873, "sounds": [{"d": 1.875, "p": 46, "v": 127}], "pos": -1.5, "size": 1.30000007, "_time": 148.125}, {"$id": 874, "sounds": [{"d": 0.234375, "p": 63, "v": 107}], "pos": 1.02689934, "size": 1.0, "_time": 148.359375}, {"$id": 875, "sounds": [{"d": 0.234375, "p": 63, "v": 107}], "pos": 1.02689934, "size": 1.0, "_time": 148.710938}, {"$id": 876, "sounds": [{"d": 0.234375, "p": 63, "v": 107}], "pos": 1.02689934, "size": 1.0, "_time": 149.0625}, {"$id": 877, "sounds": [{"d": 0.234375, "p": 58, "v": 107}], "pos": -0.5, "size": 1.0, "_time": 149.0625}, {"$id": 878, "sounds": [{"d": 0.234375, "p": 63, "v": 107}], "pos": 1.02689934, "size": 1.0, "_time": 149.414063}, {"$id": 879, "sounds": [{"d": 0.234375, "p": 58, "v": 107}], "pos": -0.5, "size": 1.0, "_time": 149.414063}, {"$id": 880, "sounds": [{"d": 0.234375, "p": 58, "v": 107}], "pos": -0.5, "size": 1.0, "_time": 149.765625}, {"$id": 881, "sounds": [{"d": 0.234375, "p": 63, "v": 107}], "pos": 1.02689934, "size": 1.0, "_time": 149.765625}], "links": [{"notes": [{"$ref": 507}, {"$ref": 506}, {"$ref": 509}, {"$ref": 508}, {"$ref": 511}, {"$ref": 510}, {"$ref": 513}, {"$ref": 512}, {"$ref": 515}, {"$ref": 514}, {"$ref": 517}, {"$ref": 516}, {"$ref": 519}, {"$ref": 518}, {"$ref": 521}, {"$ref": 520}, {"$ref": 523}, {"$ref": 522}, {"$ref": 525}, {"$ref": 524}, {"$ref": 527}, {"$ref": 526}, {"$ref": 529}, {"$ref": 528}, {"$ref": 531}, {"$ref": 530}, {"$ref": 533}, {"$ref": 532}, {"$ref": 535}, {"$ref": 534}, {"$ref": 537}, {"$ref": 536}, {"$ref": 539}, {"$ref": 538}, {"$ref": 541}, {"$ref": 540}, {"$ref": 543}, {"$ref": 542}, {"$ref": 545}, {"$ref": 544}, {"$ref": 547}, {"$ref": 546}, {"$ref": 549}, {"$ref": 548}, {"$ref": 551}, {"$ref": 550}, {"$ref": 553}, {"$ref": 552}, {"$ref": 554}, {"$ref": 555}, {"$ref": 556}, {"$ref": 557}, {"$ref": 558}, {"$ref": 559}, {"$ref": 560}]}, {"notes": [{"$ref": 222}, {"$ref": 223}, {"$ref": 224}, {"$ref": 225}, {"$ref": 226}, {"$ref": 227}, {"$ref": 228}, {"$ref": 229}, {"$ref": 230}, {"$ref": 231}, {"$ref": 232}, {"$ref": 233}]}, {"notes": [{"$ref": 360}, {"$ref": 361}, {"$ref": 363}]}, {"notes": [{"$ref": 260}, {"$ref": 261}, {"$ref": 263}]}, {"notes": [{"$ref": 235}, {"$ref": 236}]}, {"notes": [{"$ref": 278}, {"$ref": 279}, {"$ref": 280}, {"$ref": 282}]}, {"notes": [{"$ref": 284}, {"$ref": 285}, {"$ref": 286}, {"$ref": 287}, {"$ref": 288}, {"$ref": 289}, {"$ref": 290}, {"$ref": 291}, {"$ref": 292}, {"$ref": 293}, {"$ref": 294}, {"$ref": 295}, {"$ref": 296}]}, {"notes": [{"$ref": 815}, {"$ref": 816}, {"$ref": 817}, {"$ref": 818}, {"$ref": 819}, {"$ref": 820}, {"$ref": 821}, {"$ref": 822}, {"$ref": 823}, {"$ref": 824}, {"$ref": 825}, {"$ref": 826}, {"$ref": 827}, {"$ref": 828}, {"$ref": 829}, {"$ref": 830}, {"$ref": 831}, {"$ref": 832}, {"$ref": 833}, {"$ref": 834}, {"$ref": 835}, {"$ref": 836}, {"$ref": 837}, {"$ref": 838}, {"$ref": 839}, {"$ref": 840}, {"$ref": 841}]}, {"notes": [{"$ref": 765}, {"$ref": 766}, {"$ref": 768}, {"$ref": 767}, {"$ref": 769}, {"$ref": 770}, {"$ref": 771}, {"$ref": 772}, {"$ref": 774}, {"$ref": 773}, {"$ref": 776}, {"$ref": 775}]}, {"notes": [{"$ref": 777}, {"$ref": 778}, {"$ref": 781}, {"$ref": 783}, {"$ref": 785}, {"$ref": 787}, {"$ref": 789}, {"$ref": 790}, {"$ref": 792}, {"$ref": 795}, {"$ref": 797}]}, {"notes": [{"$ref": 779}, {"$ref": 780}, {"$ref": 782}, {"$ref": 784}, {"$ref": 786}, {"$ref": 788}, {"$ref": 791}, {"$ref": 793}, {"$ref": 794}, {"$ref": 798}]}, {"notes": [{"$ref": 140}, {"$ref": 141}, {"$ref": 143}]}, {"notes": [{"$ref": 266}, {"$ref": 267}, {"$ref": 268}, {"$ref": 269}, {"$ref": 270}, {"$ref": 271}]}, {"notes": [{"$ref": 342}, {"$ref": 343}]}, {"notes": [{"$ref": 370}, {"$ref": 371}, {"$ref": 372}]}]}