{"speed": 10.0, "notes": [{"$id": 1, "sounds": [{"d": 0.740740061, "p": 65, "v": 103}], "pos": -1.0, "size": 1.0, "_time": 2.96484375}, {"$id": 2, "sounds": [{"d": 0.7407398, "p": 66, "v": 102}], "pos": 1.0, "size": 1.0, "_time": 3.703125}, {"$id": 3, "sounds": [{"d": 1.11111021, "p": 73, "v": 100}], "pos": 2.0, "size": 1.0, "_time": 4.4453125}, {"$id": 4, "sounds": [{"d": 2.96295977, "p": 47, "v": 102}, {"d": 2.96295977, "p": 35, "v": 103}], "pos": -2.0, "size": 1.30000007, "_time": 4.4453125}, {"$id": 5, "sounds": [{"d": 1.11110973, "p": 54, "v": 80}], "pos": -1.0, "size": 1.30000007, "_time": 4.81640625}, {"$id": 6, "sounds": [{"d": 0.7407398, "p": 59, "v": 81}], "size": 1.30000007, "_time": 5.18359375, "pos": 0}, {"$id": 7, "sounds": [{"d": 0.3703699, "p": 73, "v": 101}], "pos": 2.0, "size": 1.0, "_time": 5.5546875}, {"$id": 8, "sounds": [{"d": 0.3703699, "p": 61, "v": 79}], "pos": -1.0, "size": 1.30000007, "_time": 5.5546875}, {"$id": 9, "sounds": [{"d": 0.3703699, "p": 71, "v": 99}], "pos": 1.0, "size": 1.0, "_time": 5.92578125}, {"$id": 10, "sounds": [{"d": 1.48148012, "p": 63, "v": 79}], "pos": -2.0, "size": 1.30000007, "_time": 5.92578125}, {"$id": 11, "sounds": [{"d": 0.3703699, "p": 70, "v": 99}], "size": 1.0, "_time": 6.296875, "pos": 0}, {"$id": 12, "sounds": [{"d": 0.3703699, "p": 68, "v": 100}], "pos": -1.0, "size": 1.0, "_time": 6.66796875}, {"$id": 13, "sounds": [{"d": 0.3703699, "p": 66, "v": 100}], "size": 1.0, "_time": 7.03515625, "pos": 0}, {"$id": 14, "sounds": [{"d": 1.11111021, "p": 68, "v": 100}], "pos": 1.0, "size": 1.0, "_time": 7.40625}, {"$id": 15, "sounds": [{"d": 2.96295977, "p": 42, "v": 100}, {"d": 2.96295977, "p": 30, "v": 100}], "pos": -2.0, "size": 1.30000007, "_time": 7.40625}, {"$id": 16, "sounds": [{"d": 1.11111021, "p": 49, "v": 80}], "pos": -1.0, "size": 1.30000007, "_time": 7.77734375}, {"$id": 17, "sounds": [{"d": 0.7407398, "p": 53, "v": 82}], "size": 1.30000007, "_time": 8.1484375, "pos": 0}, {"$id": 18, "sounds": [{"d": 0.3703699, "p": 70, "v": 102}], "pos": 2.0, "size": 1.0, "_time": 8.519531}, {"$id": 19, "sounds": [{"d": 0.3703699, "p": 56, "v": 78}], "pos": -1.0, "size": 1.30000007, "_time": 8.519531}, {"$id": 20, "sounds": [{"d": 1.48147964, "p": 65, "v": 78}, {"d": 1.48147964, "p": 61, "v": 80}, {"d": 1.48147964, "p": 58, "v": 82}], "pos": -2.0, "size": 1.30000007, "_time": 8.890625}, {"$id": 21, "sounds": [{"d": 1.11110973, "p": 70, "v": 98}], "pos": 2.0, "size": 1.0, "_time": 8.890625}, {"$id": 22, "sounds": [{"d": 1.48147964, "p": 65, "v": 98}, {"d": 1.48147964, "p": 63, "v": 100}, {"d": 1.11110973, "p": 70, "v": 102}], "pos": 1.0, "size": 1.0, "_time": 10.3710938}, {"$id": 23, "sounds": [{"d": 1.48147964, "p": 46, "v": 100}, {"d": 1.48147964, "p": 34, "v": 101}], "pos": -2.0, "size": 1.30000007, "_time": 10.3710938}, {"$id": 24, "sounds": [{"d": 1.01851749, "p": 51, "v": 81}], "pos": -1.0, "size": 1.30000007, "_time": 10.7421875}, {"$id": 25, "sounds": [{"d": 0.7407398, "p": 53, "v": 77}], "size": 1.30000007, "_time": 11.109375, "pos": 0}, {"$id": 26, "sounds": [{"d": 0.3703699, "p": 70, "v": 101}], "pos": 1.0, "size": 1.0, "_time": 11.4804688}, {"$id": 27, "sounds": [{"d": 0.3703699, "p": 58, "v": 81}], "pos": -2.0, "size": 1.30000007, "_time": 11.4804688}, {"$id": 28, "sounds": [{"d": 0.3703699, "p": 74, "v": 97}, {"d": 1.48147964, "p": 65, "v": 100}, {"d": 1.48147964, "p": 68, "v": 101}], "pos": 2.0, "size": 1.0, "_time": 11.8515625}, {"$id": 29, "sounds": [{"d": 1.48147964, "p": 50, "v": 100}, {"d": 1.48147964, "p": 38, "v": 99}], "pos": -1.0, "size": 1.30000007, "_time": 11.8515625}, {"$id": 30, "sounds": [{"d": 0.3703699, "p": 70, "v": 101}], "size": 1.0, "_time": 12.2226563, "pos": 0}, {"$id": 31, "sounds": [{"d": 0.3703699, "p": 58, "v": 82}], "pos": -2.0, "size": 1.30000007, "_time": 12.2226563}, {"$id": 32, "sounds": [{"d": 0.3703699, "p": 77, "v": 100}], "pos": 1.0, "size": 1.0, "_time": 12.59375}, {"$id": 33, "sounds": [{"d": 0.3703699, "p": 62, "v": 80}], "pos": -1.0, "size": 1.30000007, "_time": 12.59375}, {"$id": 34, "sounds": [{"d": 0.3703699, "p": 80, "v": 99}], "pos": 2.0, "size": 1.0, "_time": 12.9648438}, {"$id": 35, "sounds": [{"d": 0.3703699, "p": 58, "v": 77}], "size": 1.30000007, "_time": 12.9648438, "pos": 0}, {"$id": 36, "sounds": [{"d": 1.11110973, "p": 80, "v": 100}, {"d": 1.4814806, "p": 75, "v": 102}], "pos": 2.0, "size": 1.0, "_time": 13.3320313}, {"$id": 37, "sounds": [{"d": 2.96295929, "p": 39, "v": 102}, {"d": 2.96295929, "p": 51, "v": 100}], "size": 1.30000007, "_time": 13.3320313, "pos": 0}, {"$id": 38, "sounds": [{"d": 1.11110973, "p": 58, "v": 81}], "pos": -1.0, "size": 1.30000007, "_time": 13.703125}, {"$id": 39, "sounds": [{"d": 0.7407398, "p": 63, "v": 79}], "size": 1.30000007, "_time": 14.0742188, "pos": 0}, {"$id": 40, "sounds": [{"d": 0.185185432, "p": 78, "v": 97}], "pos": 1.0, "size": 1.0, "_time": 14.4453125}, {"$id": 41, "sounds": [{"d": 0.3703699, "p": 66, "v": 79}], "pos": -1.0, "size": 1.30000007, "_time": 14.4453125}, {"$id": 42, "sounds": [{"d": 0.185185432, "p": 77, "v": 100}], "size": 1.0, "_time": 14.6289063, "pos": 0}, {"$id": 43, "sounds": [{"d": 0.7407398, "p": 78, "v": 102}], "pos": 1.0, "size": 1.0, "_time": 14.8164063}, {"$id": 44, "sounds": [{"d": 0.3703699, "p": 70, "v": 77}], "pos": -1.0, "size": 1.30000007, "_time": 14.8164063}, {"$id": 45, "sounds": [{"d": 0.3703699, "p": 58, "v": 78}], "pos": -2.0, "size": 1.30000007, "_time": 15.1835938}, {"$id": 46, "sounds": [{"d": 0.7407408, "p": 78, "v": 101}], "pos": 1.0, "size": 1.0, "_time": 15.5546875}, {"$id": 47, "sounds": [{"d": 0.3703699, "p": 63, "v": 78}], "pos": -1.0, "size": 1.30000007, "_time": 15.5546875}, {"$id": 48, "sounds": [{"d": 0.3703699, "p": 54, "v": 77}], "size": 1.30000007, "_time": 15.9257813, "pos": 0}, {"$id": 49, "sounds": [{"d": 1.48147964, "p": 69, "v": 99}, {"d": 1.48147964, "p": 73, "v": 97}, {"d": 1.48147964, "p": 78, "v": 99}], "pos": 1.0, "size": 1.0, "_time": 16.296875}, {"$id": 50, "sounds": [{"d": 2.962963, "p": 50, "v": 99}, {"d": 2.962963, "p": 38, "v": 100}], "pos": -2.0, "size": 1.30000007, "_time": 16.296875}, {"$id": 51, "sounds": [{"d": 1.11111259, "p": 57, "v": 77}], "pos": -1.0, "size": 1.30000007, "_time": 16.6679688}, {"$id": 52, "sounds": [{"d": 0.370370865, "p": 64, "v": 80}], "size": 1.30000007, "_time": 17.0351563, "pos": 0}, {"$id": 53, "sounds": [{"d": 0.370370865, "p": 66, "v": 79}], "pos": -1.0, "size": 1.30000007, "_time": 17.40625}, {"$id": 54, "sounds": [{"d": 0.370370865, "p": 85, "v": 98}], "pos": 2.0, "size": 1.0, "_time": 17.7773438}, {"$id": 55, "sounds": [{"d": 0.7407398, "p": 69, "v": 80}], "pos": -2.0, "size": 1.30000007, "_time": 17.7773438}, {"$id": 56, "sounds": [{"d": 0.370370865, "p": 83, "v": 98}], "pos": 1.0, "size": 1.0, "_time": 18.1484375}, {"$id": 57, "sounds": [{"d": 0.370370865, "p": 83, "v": 97}], "pos": 1.0, "size": 1.0, "_time": 18.5195313}, {"$id": 58, "sounds": [{"d": 0.7407398, "p": 61, "v": 82}], "pos": -1.0, "size": 1.30000007, "_time": 18.5195313}, {"$id": 59, "sounds": [{"d": 0.370370865, "p": 81, "v": 100}], "size": 1.0, "_time": 18.890625, "pos": 0}, {"$id": 60, "sounds": [{"d": 1.48147964, "p": 80, "v": 99}], "pos": 1.0, "size": 1.0, "_time": 19.2578125}, {"$id": 61, "sounds": [{"d": 2.962963, "p": 52, "v": 100}, {"d": 2.962963, "p": 40, "v": 97}], "pos": -2.0, "size": 1.30000007, "_time": 19.2578125}, {"$id": 62, "sounds": [{"d": 1.11111259, "p": 59, "v": 80}], "pos": -1.0, "size": 1.30000007, "_time": 19.6289063}, {"$id": 63, "sounds": [{"d": 0.370370865, "p": 66, "v": 82}], "size": 1.30000007, "_time": 20.0, "pos": 0}, {"$id": 64, "sounds": [{"d": 0.370370865, "p": 68, "v": 82}], "pos": -1.0, "size": 1.30000007, "_time": 20.3710938}, {"$id": 65, "sounds": [{"d": 0.7407398, "p": 76, "v": 97}], "pos": 1.0, "size": 1.0, "_time": 20.7421875}, {"$id": 66, "sounds": [{"d": 0.7407398, "p": 71, "v": 77}], "pos": -2.0, "size": 1.30000007, "_time": 20.7421875}, {"$id": 67, "sounds": [{"d": 0.7407398, "p": 80, "v": 100}], "pos": 2.0, "size": 1.0, "_time": 21.4804688}, {"$id": 68, "sounds": [{"d": 0.7407398, "p": 64, "v": 81}], "pos": -1.0, "size": 1.30000007, "_time": 21.4804688}, {"$id": 69, "sounds": [{"d": 2.96295929, "p": 78, "v": 99}, {"d": 2.96295929, "p": 71, "v": 102}, {"d": 2.96295929, "p": 73, "v": 100}], "pos": 1.0, "size": 1.1, "_time": 22.2226563}, {"$id": 70, "sounds": [{"d": 2.962967, "p": 42, "v": 102}, {"d": 0.370370865, "p": 54, "v": 83}], "pos": -2.0, "size": 1.30000007, "_time": 22.2226563}, {"$id": 71, "sounds": [{"d": 1.11111259, "p": 49, "v": 79}], "pos": -1.0, "size": 1.30000007, "_time": 22.59375}, {"$id": 72, "sounds": [{"d": 0.7407417, "p": 54, "v": 82}], "size": 1.30000007, "_time": 22.9648438, "pos": 0}, {"$id": 73, "sounds": [{"d": 0.370370865, "p": 59, "v": 78}], "pos": 1.0, "size": 1.30000007, "_time": 23.3320313}, {"$id": 74, "sounds": [{"d": 0.370370865, "p": 66, "v": 78}], "pos": 2.0, "size": 1.30000007, "_time": 23.703125}, {"$id": 75, "sounds": [{"d": 0.370370865, "p": 61, "v": 80}], "pos": 1.0, "size": 1.30000007, "_time": 24.0742188}, {"$id": 76, "sounds": [{"d": 0.370370865, "p": 59, "v": 81}], "size": 1.30000007, "_time": 24.4453125, "pos": 0}, {"$id": 77, "sounds": [{"d": 0.370370865, "p": 61, "v": 82}], "pos": -1.0, "size": 1.30000007, "_time": 24.8164063}, {"$id": 78, "sounds": [{"d": 2.59259033, "p": 70, "v": 68}, {"d": 2.59259033, "p": 73, "v": 65}, {"d": 2.59259033, "p": 78, "v": 68}], "pos": 2.0, "size": 1.0, "_time": 25.1835938}, {"$id": 79, "sounds": [{"d": 2.96295929, "p": 42, "v": 103}, {"d": 2.96295929, "p": 58, "v": 102}], "pos": -2.0, "size": 1.30000007, "_time": 25.1835938}, {"$id": 80, "sounds": [{"d": 0.370370865, "p": 90, "v": 86}], "pos": 1.5, "size": 1.0, "_time": 27.7773438}, {"$id": 81, "sounds": [{"d": 1.11111069, "p": 90, "v": 86}], "pos": 1.5, "size": 1.0, "_time": 28.1484375}, {"$id": 82, "sounds": [{"d": 0.7407417, "p": 66, "v": 66}, {"d": 0.7407417, "p": 68, "v": 62}, {"d": 0.7407417, "p": 73, "v": 62}], "pos": -2.0, "size": 1.30000007, "_time": 28.1484375}, {"$id": 83, "sounds": [{"d": 0.7407398, "p": 66, "v": 64}, {"d": 0.7407398, "p": 68, "v": 66}, {"d": 0.7407398, "p": 73, "v": 63}], "pos": -2.0, "size": 1.30000007, "_time": 28.890625}, {"$id": 84, "sounds": [{"d": 0.370370865, "p": 85, "v": 81}], "pos": 0.5, "size": 1.0, "_time": 29.2578125}, {"$id": 85, "sounds": [{"d": 1.11111069, "p": 85, "v": 85}], "pos": 0.5, "size": 1.0, "_time": 29.6289063}, {"$id": 86, "sounds": [{"d": 0.7407398, "p": 73, "v": 65}, {"d": 0.7407398, "p": 70, "v": 66}, {"d": 0.7407398, "p": 66, "v": 62}], "pos": -1.5, "size": 1.30000007, "_time": 29.6289063}, {"$id": 87, "sounds": [{"d": 0.7407398, "p": 66, "v": 66}, {"d": 0.7407398, "p": 70, "v": 63}, {"d": 0.7407398, "p": 73, "v": 65}], "pos": -1.5, "size": 1.30000007, "_time": 30.3710938}, {"$id": 88, "sounds": [{"d": 0.370370865, "p": 92, "v": 86}], "pos": 2.0, "size": 1.0, "_time": 30.7421875}, {"$id": 89, "sounds": [{"d": 1.11110878, "p": 92, "v": 87}], "pos": 2.0, "size": 1.0, "_time": 31.109375}, {"$id": 90, "sounds": [{"d": 0.7407417, "p": 73, "v": 65}, {"d": 0.7407417, "p": 68, "v": 62}, {"d": 0.7407417, "p": 65, "v": 62}, {"d": 0.7407417, "p": 70, "v": 66}], "pos": -1.0, "size": 1.30000007, "_time": 31.109375}, {"$id": 91, "sounds": [{"d": 0.7407417, "p": 68, "v": 62}, {"d": 0.7407417, "p": 73, "v": 63}, {"d": 0.7407417, "p": 65, "v": 62}, {"d": 0.7407417, "p": 70, "v": 66}], "pos": -1.0, "size": 1.30000007, "_time": 31.8515625}, {"$id": 92, "sounds": [{"d": 0.370368958, "p": 85, "v": 83}], "pos": 1.0, "size": 1.0, "_time": 32.2226563}, {"$id": 93, "sounds": [{"d": 1.11111069, "p": 85, "v": 86}], "pos": 1.0, "size": 1.0, "_time": 32.59375}, {"$id": 94, "sounds": [{"d": 0.7407417, "p": 68, "v": 62}, {"d": 0.7407417, "p": 73, "v": 65}, {"d": 0.7407417, "p": 61, "v": 63}, {"d": 0.7407417, "p": 70, "v": 63}], "pos": -1.5, "size": 1.30000007, "_time": 32.59375}, {"$id": 95, "sounds": [{"d": 0.7407417, "p": 68, "v": 65}, {"d": 0.7407417, "p": 61, "v": 61}, {"d": 0.7407417, "p": 73, "v": 62}, {"d": 0.7407417, "p": 70, "v": 63}], "pos": -1.5, "size": 1.30000007, "_time": 33.33203}, {"$id": 96, "sounds": [{"d": 0.370368958, "p": 97, "v": 82}], "pos": 2.0, "size": 1.0, "_time": 33.703125}, {"$id": 97, "sounds": [{"d": 1.8518486, "p": 97, "v": 82}], "pos": 2.0, "size": 1.0, "_time": 34.07422}, {"$id": 98, "sounds": [{"d": 0.7407379, "p": 68, "v": 64}, {"d": 0.7407379, "p": 64, "v": 65}, {"d": 0.7407379, "p": 73, "v": 63}, {"d": 0.7407379, "p": 70, "v": 62}], "pos": -0.5, "size": 1.30000007, "_time": 34.07422}, {"$id": 99, "sounds": [{"d": 0.7407417, "p": 73, "v": 62}, {"d": 0.7407417, "p": 68, "v": 61}, {"d": 0.7407417, "p": 64, "v": 63}, {"d": 0.7407417, "p": 70, "v": 63}], "pos": -0.5, "size": 1.30000007, "_time": 34.8164063}, {"$id": 100, "sounds": [{"d": 0.7407417, "p": 61, "v": 66}, {"d": 0.7407417, "p": 66, "v": 66}, {"d": 0.7407417, "p": 73, "v": 61}, {"d": 0.7407417, "p": 70, "v": 64}], "pos": -2.0, "size": 1.30000007, "_time": 35.5546875}, {"$id": 101, "sounds": [{"d": 0.185184479, "p": 99, "v": 84}], "pos": -1.0, "size": 1.0, "_time": 35.92578}, {"$id": 102, "sounds": [{"d": 0.185184479, "p": 97, "v": 85}], "pos": 1.0, "size": 1.0, "_time": 36.109375}, {"$id": 103, "sounds": [{"d": 0.185184479, "p": 95, "v": 86}], "size": 1.0, "_time": 36.296875, "pos": 0}, {"$id": 104, "sounds": [{"d": 0.7407417, "p": 70, "v": 67}, {"d": 0.7407417, "p": 66, "v": 66}, {"d": 0.7407417, "p": 61, "v": 66}, {"d": 0.7407417, "p": 73, "v": 65}], "pos": -2.0, "size": 1.30000007, "_time": 36.296875}, {"$id": 105, "sounds": [{"d": 0.185184479, "p": 94, "v": 87}], "pos": -1.0, "size": 1.0, "_time": 36.48047}, {"$id": 106, "sounds": [{"d": 0.185184479, "p": 92, "v": 86}], "size": 1.0, "_time": 36.66797, "pos": 0}, {"$id": 107, "sounds": [{"d": 0.185184479, "p": 94, "v": 86}], "pos": 1.0, "size": 1.0, "_time": 36.8515625}, {"$id": 108, "sounds": [{"d": 0.7407417, "p": 95, "v": 82}], "pos": 2.0, "size": 1.0, "_time": 37.0351563}, {"$id": 109, "sounds": [{"d": 0.7407417, "p": 68, "v": 65}, {"d": 0.7407417, "p": 61, "v": 64}, {"d": 0.7407417, "p": 64, "v": 62}, {"d": 0.7407417, "p": 70, "v": 63}], "pos": -1.0, "size": 1.30000007, "_time": 37.0351563}, {"$id": 110, "sounds": [{"d": 0.7407417, "p": 94, "v": 82}], "pos": 1.0, "size": 1.0, "_time": 37.7773438}, {"$id": 111, "sounds": [{"d": 0.7407417, "p": 70, "v": 65}, {"d": 0.7407417, "p": 68, "v": 63}, {"d": 0.7407417, "p": 61, "v": 63}, {"d": 0.7407417, "p": 64, "v": 65}], "pos": -1.0, "size": 1.30000007, "_time": 37.7773438}, {"$id": 112, "sounds": [{"d": 0.7407417, "p": 92, "v": 82}], "size": 1.0, "_time": 38.51953, "pos": 0}, {"$id": 113, "sounds": [{"d": 0.7407417, "p": 64, "v": 62}, {"d": 0.7407417, "p": 70, "v": 66}, {"d": 0.7407417, "p": 66, "v": 62}, {"d": 0.7407417, "p": 61, "v": 65}], "pos": -2.0, "size": 1.30000007, "_time": 38.51953}, {"$id": 114, "sounds": [{"d": 0.7407417, "p": 94, "v": 84}], "pos": 1.0, "size": 1.0, "_time": 39.2578125}, {"$id": 115, "sounds": [{"d": 0.7407417, "p": 66, "v": 63}, {"d": 0.7407417, "p": 64, "v": 67}, {"d": 0.7407417, "p": 70, "v": 66}, {"d": 0.7407417, "p": 61, "v": 63}], "pos": -2.0, "size": 1.30000007, "_time": 39.2578125}, {"$id": 116, "sounds": [{"d": 1.8518486, "p": 90, "v": 83}], "pos": 0.5, "size": 1.0, "_time": 40.0}, {"$id": 117, "sounds": [{"d": 0.7407379, "p": 70, "v": 65}, {"d": 0.7407379, "p": 73, "v": 65}, {"d": 0.7407379, "p": 63, "v": 62}, {"d": 0.7407379, "p": 66, "v": 65}], "pos": -0.5, "size": 1.30000007, "_time": 40.0}, {"$id": 118, "sounds": [{"d": 0.7407417, "p": 73, "v": 65}, {"d": 0.7407417, "p": 63, "v": 65}, {"d": 0.7407417, "p": 66, "v": 66}, {"d": 0.7407417, "p": 70, "v": 62}], "pos": -0.5, "size": 1.30000007, "_time": 40.7421875}, {"$id": 119, "sounds": [{"d": 0.7407417, "p": 63, "v": 64}, {"d": 0.7407417, "p": 70, "v": 65}, {"d": 0.7407417, "p": 73, "v": 62}, {"d": 0.7407417, "p": 66, "v": 67}], "pos": -0.5, "size": 1.30000007, "_time": 41.48047}, {"$id": 120, "sounds": [{"d": 0.370368958, "p": 99, "v": 86}], "pos": -1.5, "size": 1.0, "_time": 41.8515625}, {"$id": 121, "sounds": [{"d": 0.370368958, "p": 101, "v": 82}], "pos": 1.0, "size": 1.0, "_time": 42.2226563}, {"$id": 122, "sounds": [{"d": 0.7407417, "p": 66, "v": 66}, {"d": 0.7407417, "p": 70, "v": 63}, {"d": 0.7407417, "p": 73, "v": 66}, {"d": 0.7407417, "p": 63, "v": 61}], "pos": -0.5, "size": 1.30000007, "_time": 42.2226563}, {"$id": 123, "sounds": [{"d": 0.370368958, "p": 102, "v": 85}], "pos": 2.0, "size": 1.0, "_time": 42.59375}, {"$id": 124, "sounds": [{"d": 0.7407417, "p": 101, "v": 86}], "pos": 1.0, "size": 1.0, "_time": 42.9648438}, {"$id": 125, "sounds": [{"d": 0.7407417, "p": 61, "v": 62}, {"d": 0.7407417, "p": 65, "v": 62}, {"d": 0.7407417, "p": 68, "v": 65}, {"d": 0.7407417, "p": 73, "v": 66}], "pos": -1.5, "size": 1.30000007, "_time": 42.9648438}, {"$id": 126, "sounds": [{"d": 0.7407417, "p": 97, "v": 86}], "size": 1.0, "_time": 43.703125, "pos": 0}, {"$id": 127, "sounds": [{"d": 0.7407417, "p": 65, "v": 65}, {"d": 0.7407417, "p": 61, "v": 65}, {"d": 0.7407417, "p": 68, "v": 64}, {"d": 0.7407417, "p": 73, "v": 62}], "pos": -1.5, "size": 1.30000007, "_time": 43.703125}, {"$id": 128, "sounds": [{"d": 0.7407417, "p": 102, "v": 85}], "pos": 2.0, "size": 1.0, "_time": 44.4453125}, {"$id": 129, "sounds": [{"d": 0.7407417, "p": 63, "v": 64}, {"d": 0.7407417, "p": 66, "v": 63}, {"d": 0.7407417, "p": 73, "v": 66}, {"d": 0.7407417, "p": 70, "v": 64}], "pos": -0.5, "size": 1.30000007, "_time": 44.4453125}, {"$id": 130, "sounds": [{"d": 0.370368958, "p": 101, "v": 83}], "pos": 2.0, "size": 1.0, "_time": 45.1835938}, {"$id": 131, "sounds": [{"d": 0.7407417, "p": 66, "v": 66}, {"d": 0.7407417, "p": 70, "v": 62}, {"d": 0.7407417, "p": 73, "v": 64}, {"d": 0.7407417, "p": 63, "v": 62}], "pos": -0.5, "size": 1.30000007, "_time": 45.1835938}, {"$id": 132, "sounds": [{"d": 0.370368958, "p": 99, "v": 82}], "pos": 1.5, "size": 1.0, "_time": 45.5546875}, {"$id": 133, "sounds": [{"d": 1.11111069, "p": 97, "v": 85}], "pos": 1.0, "size": 1.0, "_time": 45.92578}, {"$id": 134, "sounds": [{"d": 0.7407417, "p": 73, "v": 62}, {"d": 0.7407417, "p": 66, "v": 62}, {"d": 0.7407417, "p": 63, "v": 61}], "pos": -1.0, "size": 1.30000007, "_time": 45.92578}, {"$id": 135, "sounds": [{"d": 0.7407417, "p": 73, "v": 66}, {"d": 0.7407417, "p": 66, "v": 64}, {"d": 0.7407417, "p": 63, "v": 63}], "pos": -1.0, "size": 1.30000007, "_time": 46.66797}, {"$id": 136, "sounds": [{"d": 0.370368958, "p": 90, "v": 86}], "pos": 0.5, "size": 1.0, "_time": 47.0351563}, {"$id": 137, "sounds": [{"d": 1.11111069, "p": 90, "v": 82}], "pos": 0.5, "size": 1.0, "_time": 47.40625}, {"$id": 138, "sounds": [{"d": 0.7407417, "p": 63, "v": 62}, {"d": 0.7407417, "p": 66, "v": 61}, {"d": 0.7407417, "p": 71, "v": 65}], "pos": -1.5, "size": 1.30000007, "_time": 47.40625}, {"$id": 139, "sounds": [{"d": 0.7407417, "p": 71, "v": 63}, {"d": 0.7407417, "p": 63, "v": 65}, {"d": 0.7407417, "p": 66, "v": 63}], "pos": -1.5, "size": 1.30000007, "_time": 48.1484375}, {"$id": 140, "sounds": [{"d": 0.370368958, "p": 97, "v": 75}], "pos": 1.5, "size": 1.0, "_time": 48.51953}, {"$id": 141, "sounds": [{"d": 2.59259033, "p": 97, "v": 73}], "pos": 1.5, "size": 1.0, "_time": 48.890625}, {"$id": 142, "sounds": [{"d": 2.96295929, "p": 63, "v": 62}, {"d": 2.96295929, "p": 66, "v": 64}, {"d": 2.96295929, "p": 71, "v": 63}], "pos": -1.5, "size": 1.30000007, "_time": 48.890625}, {"$id": 143, "sounds": [{"d": 0.370368958, "p": 66, "v": 90}], "pos": 0.5, "size": 1.0, "_time": 51.48047}, {"$id": 144, "sounds": [{"d": 1.11111069, "p": 66, "v": 94}], "pos": 0.5, "size": 1.0, "_time": 51.8515625}, {"$id": 145, "sounds": [{"d": 0.7407417, "p": 58, "v": 67}, {"d": 0.7407417, "p": 61, "v": 65}], "pos": -2.0, "size": 1.30000007, "_time": 51.8515625}, {"$id": 146, "sounds": [{"d": 0.7407379, "p": 58, "v": 63}, {"d": 0.7407379, "p": 61, "v": 64}, {"d": 0.7407379, "p": 66, "v": 66}], "pos": -2.0, "size": 1.30000007, "_time": 52.59375}, {"$id": 147, "sounds": [{"d": 0.370368958, "p": 73, "v": 98}], "pos": 1.0, "size": 1.0, "_time": 52.9648438}, {"$id": 148, "sounds": [{"d": 0.7407417, "p": 66, "v": 66}, {"d": 0.7407417, "p": 61, "v": 62}, {"d": 0.7407417, "p": 58, "v": 62}], "pos": -2.0, "size": 1.30000007, "_time": 53.33203}, {"$id": 149, "sounds": [{"d": 1.11111069, "p": 73, "v": 101}], "pos": 1.0, "size": 1.0, "_time": 53.33203}, {"$id": 150, "sounds": [{"d": 0.7407417, "p": 66, "v": 67}, {"d": 0.7407417, "p": 61, "v": 64}, {"d": 0.7407417, "p": 58, "v": 66}], "pos": -2.0, "size": 1.30000007, "_time": 54.07422}, {"$id": 151, "sounds": [{"d": 0.370368958, "p": 80, "v": 105}], "pos": 1.5, "size": 1.0, "_time": 54.4453125}, {"$id": 152, "sounds": [{"d": 1.8518486, "p": 80, "v": 105}], "pos": 1.5, "size": 1.0, "_time": 54.8164063}, {"$id": 153, "sounds": [{"d": 0.7407417, "p": 59, "v": 67}, {"d": 0.7407417, "p": 63, "v": 64}, {"d": 0.7407417, "p": 68, "v": 63}], "pos": -1.5, "size": 1.30000007, "_time": 54.8164063}, {"$id": 154, "sounds": [{"d": 0.7407379, "p": 68, "v": 63}, {"d": 0.7407379, "p": 59, "v": 61}, {"d": 0.7407379, "p": 63, "v": 63}], "pos": -1.5, "size": 1.30000007, "_time": 55.5546875}, {"$id": 155, "sounds": [{"d": 0.7407417, "p": 68, "v": 67}, {"d": 0.7407417, "p": 65, "v": 62}, {"d": 0.7407417, "p": 58, "v": 64}, {"d": 0.7407417, "p": 62, "v": 63}], "pos": -1.0, "size": 1.30000007, "_time": 56.296875}, {"$id": 156, "sounds": [{"d": 0.370368958, "p": 83, "v": 99}], "pos": 2.0, "size": 1.0, "_time": 56.66797}, {"$id": 157, "sounds": [{"d": 0.370368958, "p": 82, "v": 98}], "pos": 1.0, "size": 1.0, "_time": 57.0351563}, {"$id": 158, "sounds": [{"d": 0.7407417, "p": 62, "v": 67}, {"d": 0.7407417, "p": 58, "v": 63}, {"d": 0.7407417, "p": 68, "v": 63}, {"d": 0.7407417, "p": 65, "v": 64}], "pos": -1.0, "size": 1.30000007, "_time": 57.0351563}, {"$id": 159, "sounds": [{"d": 0.370368958, "p": 80, "v": 97}], "size": 1.0, "_time": 57.40625, "pos": 0}, {"$id": 160, "sounds": [{"d": 0.7407417, "p": 61, "v": 64}, {"d": 0.7407417, "p": 66, "v": 66}, {"d": 0.7407417, "p": 70, "v": 64}], "pos": -1.5, "size": 1.30000007, "_time": 57.7773438}, {"$id": 161, "sounds": [{"d": 1.11111069, "p": 80, "v": 101}], "size": 1.0, "_time": 57.7773438, "pos": 0}, {"$id": 162, "sounds": [{"d": 0.7407417, "p": 70, "v": 62}, {"d": 0.7407417, "p": 66, "v": 65}, {"d": 0.7407417, "p": 61, "v": 63}], "pos": -1.5, "size": 1.30000007, "_time": 58.51953}, {"$id": 163, "sounds": [{"d": 0.370368958, "p": 78, "v": 87}], "pos": 1.0, "size": 1.0, "_time": 58.890625}, {"$id": 164, "sounds": [{"d": 0.7407417, "p": 61, "v": 64}, {"d": 0.7407417, "p": 66, "v": 65}, {"d": 0.7407417, "p": 70, "v": 65}], "pos": -1.5, "size": 1.30000007, "_time": 59.2578125}, {"$id": 165, "sounds": [{"d": 2.96295929, "p": 78, "v": 93}], "pos": 1.0, "size": 1.0, "_time": 59.2578125}, {"$id": 166, "sounds": [{"d": 0.7407417, "p": 61, "v": 66}, {"d": 0.7407417, "p": 66, "v": 63}, {"d": 0.7407417, "p": 70, "v": 62}], "pos": -1.5, "size": 1.30000007, "_time": 60.0}, {"$id": 167, "sounds": [{"d": 0.7407417, "p": 68, "v": 64}, {"d": 0.7407417, "p": 59, "v": 66}, {"d": 0.7407417, "p": 70, "v": 65}, {"d": 0.7407417, "p": 64, "v": 66}], "pos": -1.0, "size": 1.30000007, "_time": 60.7421875}, {"$id": 168, "sounds": [{"d": 0.7407417, "p": 64, "v": 62}, {"d": 0.7407417, "p": 59, "v": 61}, {"d": 0.7407417, "p": 70, "v": 63}, {"d": 0.7407417, "p": 68, "v": 65}], "pos": -1.0, "size": 1.30000007, "_time": 61.48047}, {"$id": 169, "sounds": [{"d": 0.370368958, "p": 87, "v": 99}], "pos": 2.0, "size": 1.0, "_time": 62.2226563}, {"$id": 170, "sounds": [{"d": 0.7407417, "p": 70, "v": 62}, {"d": 0.7407417, "p": 64, "v": 62}, {"d": 0.7407417, "p": 61, "v": 67}, {"d": 0.7407417, "p": 66, "v": 67}], "pos": -1.5, "size": 1.30000007, "_time": 62.2226563}, {"$id": 171, "sounds": [{"d": 0.370368958, "p": 85, "v": 100}], "pos": 1.0, "size": 1.0, "_time": 62.59375}, {"$id": 172, "sounds": [{"d": 0.7407417, "p": 64, "v": 62}, {"d": 0.7407417, "p": 70, "v": 61}, {"d": 0.7407417, "p": 61, "v": 66}, {"d": 0.7407417, "p": 66, "v": 62}], "pos": -1.5, "size": 1.30000007, "_time": 62.9648438}, {"$id": 173, "sounds": [{"d": 0.370368958, "p": 83, "v": 92}], "size": 1.0, "_time": 62.9648438, "pos": 0}, {"$id": 174, "sounds": [{"d": 0.370368958, "p": 85, "v": 88}], "pos": 2.0, "size": 1.0, "_time": 63.33203}, {"$id": 175, "sounds": [{"d": 1.11111069, "p": 82, "v": 90}], "pos": 1.0, "size": 1.0, "_time": 63.703125}, {"$id": 176, "sounds": [{"d": 0.7407379, "p": 59, "v": 64}, {"d": 0.7407379, "p": 63, "v": 62}, {"d": 0.7407379, "p": 70, "v": 65}, {"d": 0.7407379, "p": 66, "v": 64}], "pos": -1.0, "size": 1.30000007, "_time": 63.703125}, {"$id": 177, "sounds": [{"d": 0.7407379, "p": 66, "v": 63}, {"d": 0.7407379, "p": 70, "v": 64}, {"d": 0.7407379, "p": 59, "v": 65}, {"d": 0.7407379, "p": 63, "v": 63}], "pos": -1.0, "size": 1.30000007, "_time": 64.44531}, {"$id": 178, "sounds": [{"d": 0.370368958, "p": 78, "v": 86}], "pos": 0.5, "size": 1.0, "_time": 64.81641}, {"$id": 179, "sounds": [{"d": 0.7407379, "p": 78, "v": 86}], "pos": 0.5, "size": 1.0, "_time": 65.18359}, {"$id": 180, "sounds": [{"d": 0.7407379, "p": 59, "v": 66}, {"d": 0.7407379, "p": 66, "v": 65}, {"d": 0.7407379, "p": 70, "v": 64}, {"d": 0.7407379, "p": 63, "v": 63}], "pos": -1.0, "size": 1.30000007, "_time": 65.18359}, {"$id": 181, "sounds": [{"d": 0.7407379, "p": 90, "v": 99}], "pos": 1.0, "size": 1.0, "_time": 65.92578}, {"$id": 182, "sounds": [{"d": 0.7407379, "p": 66, "v": 63}, {"d": 0.7407379, "p": 70, "v": 63}, {"d": 0.7407379, "p": 59, "v": 61}, {"d": 0.7407379, "p": 63, "v": 64}], "pos": -1.0, "size": 1.30000007, "_time": 65.92578}, {"$id": 183, "sounds": [{"d": 0.7407379, "p": 89, "v": 100}], "pos": 0.5, "size": 1.0, "_time": 66.66797}, {"$id": 184, "sounds": [{"d": 0.7407379, "p": 58, "v": 62}, {"d": 0.7407379, "p": 61, "v": 66}, {"d": 0.7407379, "p": 68, "v": 63}, {"d": 0.7407379, "p": 65, "v": 64}], "pos": -1.5, "size": 1.30000007, "_time": 66.66797}, {"$id": 185, "sounds": [{"d": 0.7407379, "p": 61, "v": 62}, {"d": 0.7407379, "p": 58, "v": 66}, {"d": 0.7407379, "p": 68, "v": 66}, {"d": 0.7407379, "p": 65, "v": 62}], "pos": -1.5, "size": 1.30000007, "_time": 67.40625}, {"$id": 186, "sounds": [{"d": 0.7407379, "p": 92, "v": 102}], "pos": 2.0, "size": 1.0, "_time": 67.40625}, {"$id": 187, "sounds": [{"d": 0.7407379, "p": 90, "v": 97}], "pos": 0.5, "size": 1.0, "_time": 68.14844}, {"$id": 188, "sounds": [{"d": 0.7407379, "p": 63, "v": 62}, {"d": 0.7407379, "p": 61, "v": 65}, {"d": 0.7407379, "p": 66, "v": 63}, {"d": 0.7407379, "p": 58, "v": 61}], "pos": -2.0, "size": 1.30000007, "_time": 68.14844}, {"$id": 189, "sounds": [{"d": 0.370368958, "p": 89, "v": 94}], "pos": 2.0, "size": 1.0, "_time": 68.890625}, {"$id": 190, "sounds": [{"d": 0.7407379, "p": 66, "v": 66}, {"d": 0.7407379, "p": 63, "v": 64}, {"d": 0.7407379, "p": 61, "v": 64}, {"d": 0.7407379, "p": 58, "v": 65}], "pos": -2.0, "size": 1.30000007, "_time": 68.890625}, {"$id": 191, "sounds": [{"d": 0.370368958, "p": 87, "v": 92}], "pos": 1.0, "size": 1.0, "_time": 69.25781}, {"$id": 192, "sounds": [{"d": 1.11110687, "p": 85, "v": 92}], "size": 1.0, "_time": 69.62891, "pos": 0}, {"$id": 193, "sounds": [{"d": 0.7407379, "p": 56, "v": 66}, {"d": 0.7407379, "p": 66, "v": 64}, {"d": 0.7407379, "p": 63, "v": 63}, {"d": 0.7407379, "p": 59, "v": 63}], "pos": -1.5, "size": 1.30000007, "_time": 69.62891}, {"$id": 194, "sounds": [{"d": 0.7407379, "p": 63, "v": 66}, {"d": 0.7407379, "p": 59, "v": 62}, {"d": 0.7407379, "p": 66, "v": 65}, {"d": 0.7407379, "p": 56, "v": 67}], "pos": -1.5, "size": 1.30000007, "_time": 70.37109}, {"$id": 195, "sounds": [{"d": 0.370368958, "p": 78, "v": 84}], "pos": 0.5, "size": 1.0, "_time": 70.74219}, {"$id": 196, "sounds": [{"d": 0.7407379, "p": 59, "v": 67}, {"d": 0.7407379, "p": 63, "v": 65}, {"d": 0.7407379, "p": 56, "v": 63}, {"d": 0.7407379, "p": 66, "v": 67}], "pos": -2.0, "size": 1.30000007, "_time": 71.109375}, {"$id": 197, "sounds": [{"d": 1.11110687, "p": 78, "v": 84}], "pos": 0.5, "size": 1.0, "_time": 71.109375}, {"$id": 198, "sounds": [{"d": 0.7407379, "p": 66, "v": 63}, {"d": 0.7407379, "p": 63, "v": 66}, {"d": 0.7407379, "p": 56, "v": 65}, {"d": 0.7407379, "p": 59, "v": 62}], "pos": -1.5, "size": 1.30000007, "_time": 71.85156}, {"$id": 199, "sounds": [{"d": 0.370368958, "p": 85, "v": 89}], "pos": 2.0, "size": 1.0, "_time": 72.22266}, {"$id": 200, "sounds": [{"d": 2.22222137, "p": 85, "v": 88}], "pos": 2.0, "size": 1.0, "_time": 72.59375}, {"$id": 201, "sounds": [{"d": 2.96295929, "p": 59, "v": 61}, {"d": 2.96295929, "p": 56, "v": 65}, {"d": 2.96295929, "p": 66, "v": 64}, {"d": 2.96295929, "p": 61, "v": 66}], "pos": -2.0, "size": 1.30000007, "_time": 72.59375}, {"$id": 202, "sounds": [{"d": 0.7407379, "p": 85, "v": 98}], "pos": 0.5, "size": 1.0, "_time": 74.81641}, {"$id": 203, "sounds": [{"d": 2.96295929, "p": 62, "v": 33}], "pos": -2.0, "size": 1.30000007, "_time": 75.55469}, {"$id": 204, "sounds": [{"d": 1.11110687, "p": 74, "v": 88}], "pos": 0.5, "size": 1.0, "_time": 75.55469}, {"$id": 205, "sounds": [{"d": 1.080246, "p": 78, "v": 89}], "pos": 1.0, "size": 1.0, "_time": 75.578125}, {"$id": 206, "sounds": [{"d": 1.04166412, "p": 81, "v": 87}], "pos": 1.5, "size": 1.0, "_time": 75.609375}, {"$id": 207, "sounds": [{"d": 1.0146637, "p": 85, "v": 101}], "pos": 2.0, "size": 1.0, "_time": 75.640625}, {"$id": 208, "sounds": [{"d": 2.59259033, "p": 69, "v": 39}], "pos": -1.0, "size": 1.30000007, "_time": 75.92578}, {"$id": 209, "sounds": [{"d": 2.22222137, "p": 74, "v": 35}], "size": 1.30000007, "_time": 76.296875, "pos": 0}, {"$id": 210, "sounds": [{"d": 0.370368958, "p": 85, "v": 99}], "pos": 2.0, "size": 1.0, "_time": 76.66797}, {"$id": 211, "sounds": [{"d": 0.370368958, "p": 80, "v": 65}, {"d": 0.370368958, "p": 83, "v": 98}], "pos": 2.0, "size": 1.0, "_time": 77.03516}, {"$id": 212, "sounds": [{"d": 0.370368958, "p": 81, "v": 102}, {"d": 0.370368958, "p": 78, "v": 62}], "pos": 1.0, "size": 1.0, "_time": 77.40625}, {"$id": 213, "sounds": [{"d": 0.370368958, "p": 80, "v": 103}, {"d": 0.370368958, "p": 76, "v": 63}], "size": 1.0, "_time": 77.77734, "pos": 0}, {"$id": 214, "sounds": [{"d": 0.370368958, "p": 81, "v": 102}, {"d": 0.370368958, "p": 78, "v": 63}], "pos": 1.0, "size": 1.0, "_time": 78.14844}, {"$id": 215, "sounds": [{"d": 0.7407379, "p": 83, "v": 98}, {"d": 0.7407379, "p": 80, "v": 65}], "pos": 2.0, "size": 1.0, "_time": 78.51953}, {"$id": 216, "sounds": [{"d": 1.48147583, "p": 64, "v": 40}], "pos": -2.0, "size": 1.30000007, "_time": 78.51953}, {"$id": 217, "sounds": [{"d": 0.7407379, "p": 76, "v": 65}], "pos": -1.0, "size": 1.30000007, "_time": 79.25781}, {"$id": 218, "sounds": [{"d": 0.7407379, "p": 80, "v": 101}, {"d": 0.7407379, "p": 76, "v": 32}], "pos": 1.0, "size": 1.0, "_time": 79.25781}, {"$id": 219, "sounds": [{"d": 0.7407379, "p": 73, "v": 62}, {"d": 0.7407379, "p": 78, "v": 101}], "size": 1.0, "_time": 80.0, "pos": 0}, {"$id": 220, "sounds": [{"d": 1.48148346, "p": 66, "v": 41}, {"d": 1.48148346, "p": 70, "v": 31}], "pos": -2.0, "size": 1.30000007, "_time": 80.0}, {"$id": 221, "sounds": [{"d": 0.7407379, "p": 85, "v": 102}], "pos": 1.0, "size": 1.0, "_time": 80.74219}, {"$id": 222, "sounds": [{"d": 1.48147583, "p": 62, "v": 45}], "pos": -2.0, "size": 1.30000007, "_time": 81.48047}, {"$id": 223, "sounds": [{"d": 1.11110687, "p": 74, "v": 82}], "pos": 0.5, "size": 1.0, "_time": 81.48047}, {"$id": 224, "sounds": [{"d": 1.080246, "p": 78, "v": 85}], "pos": 1.0, "size": 1.0, "_time": 81.50391}, {"$id": 225, "sounds": [{"d": 1.04166412, "p": 81, "v": 85}], "pos": 1.5, "size": 1.0, "_time": 81.53516}, {"$id": 226, "sounds": [{"d": 1.0146637, "p": 85, "v": 100}], "pos": 2.0, "size": 1.0, "_time": 81.56641}, {"$id": 227, "sounds": [{"d": 1.11110687, "p": 69, "v": 42}], "pos": -1.0, "size": 1.30000007, "_time": 81.85156}, {"$id": 228, "sounds": [{"d": 0.7407379, "p": 74, "v": 42}], "size": 1.30000007, "_time": 82.22266, "pos": 0}, {"$id": 229, "sounds": [{"d": 0.370368958, "p": 85, "v": 103}], "pos": 1.0, "size": 1.0, "_time": 82.59375}, {"$id": 230, "sounds": [{"d": 0.370368958, "p": 80, "v": 62}, {"d": 0.370368958, "p": 83, "v": 97}], "size": 1.0, "_time": 82.96094, "pos": 0}, {"$id": 231, "sounds": [{"d": 1.48147583, "p": 54, "v": 25}], "pos": -2.0, "size": 1.30000007, "_time": 82.96484}, {"$id": 232, "sounds": [{"d": 0.370368958, "p": 81, "v": 99}, {"d": 0.370368958, "p": 78, "v": 66}], "pos": 1.0, "size": 1.0, "_time": 83.33203}, {"$id": 233, "sounds": [{"d": 0.370368958, "p": 80, "v": 98}, {"d": 0.370368958, "p": 76, "v": 66}], "pos": 2.0, "size": 1.0, "_time": 83.703125}, {"$id": 234, "sounds": [{"d": 0.7407379, "p": 57, "v": 38}, {"d": 0.7407379, "p": 61, "v": 37}], "pos": -1.0, "size": 1.30000007, "_time": 83.703125}, {"$id": 235, "sounds": [{"d": 0.370368958, "p": 78, "v": 66}, {"d": 0.370368958, "p": 81, "v": 101}], "pos": 1.0, "size": 1.0, "_time": 84.07422}, {"$id": 236, "sounds": [{"d": 0.7407379, "p": 83, "v": 101}, {"d": 0.7407379, "p": 80, "v": 82}], "size": 1.0, "_time": 84.44531, "pos": 0}, {"$id": 237, "sounds": [{"d": 0.7407379, "p": 59, "v": 43}, {"d": 1.48147583, "p": 49, "v": 41}, {"d": 1.48147583, "p": 56, "v": 45}], "pos": -2.0, "size": 1.30000007, "_time": 84.44531}, {"$id": 238, "sounds": [{"d": 0.7407379, "p": 88, "v": 100}, {"d": 0.7407379, "p": 83, "v": 65}], "pos": 1.0, "size": 1.0, "_time": 85.18359}, {"$id": 239, "sounds": [{"d": 0.7407379, "p": 59, "v": 43}], "pos": -1.0, "size": 1.30000007, "_time": 85.18359}, {"$id": 240, "sounds": [{"d": 1.48148346, "p": 58, "v": 52}, {"d": 1.48148346, "p": 54, "v": 54}, {"d": 1.48148346, "p": 61, "v": 51}], "pos": -2.0, "size": 1.30000007, "_time": 85.92578}, {"$id": 241, "sounds": [{"d": 0.7407379, "p": 90, "v": 100}, {"d": 0.7407379, "p": 82, "v": 78}], "pos": 2.0, "size": 1.0, "_time": 85.92578}, {"$id": 242, "sounds": [{"d": 0.7407379, "p": 73, "v": 99}], "pos": 1.0, "size": 1.0, "_time": 86.66797}, {"$id": 243, "sounds": [{"d": 1.11110687, "p": 73, "v": 102}, {"d": 1.11110687, "p": 62, "v": 76}, {"d": 1.11110687, "p": 69, "v": 74}, {"d": 1.11110687, "p": 66, "v": 78}], "pos": 1.0, "size": 1.0, "_time": 87.40625}, {"$id": 244, "sounds": [{"d": 1.48147583, "p": 50, "v": 47}], "pos": -2.0, "size": 1.30000007, "_time": 87.40625}, {"$id": 245, "sounds": [{"d": 0.7407379, "p": 57, "v": 53}], "pos": -1.0, "size": 1.30000007, "_time": 87.77734}, {"$id": 246, "sounds": [{"d": 0.7407379, "p": 62, "v": 50}], "size": 1.30000007, "_time": 88.14844, "pos": 0}, {"$id": 247, "sounds": [{"d": 0.370368958, "p": 73, "v": 97}, {"d": 0.370368958, "p": 66, "v": 76}, {"d": 0.370368958, "p": 69, "v": 74}], "pos": 1.0, "size": 1.0, "_time": 88.51953}, {"$id": 248, "sounds": [{"d": 0.370368958, "p": 54, "v": 53}], "pos": -1.0, "size": 1.30000007, "_time": 88.51953}, {"$id": 249, "sounds": [{"d": 0.370368958, "p": 76, "v": 99}, {"d": 0.7407379, "p": 66, "v": 74}, {"d": 0.7407379, "p": 69, "v": 74}], "pos": 2.0, "size": 1.0, "_time": 88.890625}, {"$id": 250, "sounds": [{"d": 0.7407379, "p": 57, "v": 46}, {"d": 0.7407379, "p": 62, "v": 52}], "pos": -2.0, "size": 1.30000007, "_time": 88.890625}, {"$id": 251, "sounds": [{"d": 0.370368958, "p": 74, "v": 100}], "size": 1.0, "_time": 89.25781, "pos": 0}, {"$id": 252, "sounds": [{"d": 0.370368958, "p": 73, "v": 97}, {"d": 0.7407379, "p": 66, "v": 74}, {"d": 0.7407379, "p": 69, "v": 78}], "pos": 1.0, "size": 1.0, "_time": 89.62891}, {"$id": 253, "sounds": [{"d": 0.7407379, "p": 54, "v": 40}, {"d": 0.7407379, "p": 57, "v": 38}], "pos": -1.0, "size": 1.30000007, "_time": 89.62891}, {"$id": 254, "sounds": [{"d": 0.370368958, "p": 74, "v": 101}], "pos": 2.0, "size": 1.0, "_time": 90.0}, {"$id": 255, "sounds": [{"d": 1.11110687, "p": 71, "v": 101}], "pos": 1.0, "size": 1.0, "_time": 90.37109}, {"$id": 256, "sounds": [{"d": 1.48147583, "p": 49, "v": 66}], "pos": -2.0, "size": 1.30000007, "_time": 90.37109}, {"$id": 257, "sounds": [{"d": 1.11110687, "p": 56, "v": 50}], "pos": -1.0, "size": 1.30000007, "_time": 90.74219}, {"$id": 258, "sounds": [{"d": 0.7407379, "p": 61, "v": 52}], "size": 1.30000007, "_time": 91.109375, "pos": 0}, {"$id": 259, "sounds": [{"d": 0.370368958, "p": 64, "v": 99}], "pos": 1.0, "size": 1.0, "_time": 91.48047}, {"$id": 260, "sounds": [{"d": 0.7407379, "p": 64, "v": 99}], "pos": 1.0, "size": 1.0, "_time": 91.85156}, {"$id": 261, "sounds": [{"d": 0.7407379, "p": 56, "v": 53}], "pos": -1.0, "size": 1.30000007, "_time": 91.85156}, {"$id": 262, "sounds": [{"d": 0.7407379, "p": 68, "v": 78}, {"d": 0.7407379, "p": 71, "v": 100}], "pos": 2.0, "size": 1.0, "_time": 92.59375}, {"$id": 263, "sounds": [{"d": 0.7407379, "p": 56, "v": 46}, {"d": 0.7407379, "p": 59, "v": 47}, {"d": 0.7407379, "p": 64, "v": 62}], "pos": -1.0, "size": 1.30000007, "_time": 92.59375}, {"$id": 264, "sounds": [{"d": 1.48147583, "p": 69, "v": 102}, {"d": 1.48147583, "p": 66, "v": 81}, {"d": 1.01851654, "p": 59, "v": 79}, {"d": 1.48147583, "p": 62, "v": 83}], "pos": 1.0, "size": 1.0, "_time": 93.33203}, {"$id": 265, "sounds": [{"d": 0.7407379, "p": 55, "v": 66}, {"d": 1.48147583, "p": 43, "v": 63}], "pos": -2.0, "size": 1.30000007, "_time": 93.33203}, {"$id": 266, "sounds": [{"d": 1.11110687, "p": 50, "v": 63}], "pos": -1.0, "size": 1.30000007, "_time": 93.703125}, {"$id": 267, "sounds": [{"d": 0.7407379, "p": 55, "v": 62}], "size": 1.30000007, "_time": 94.07422, "pos": 0}, {"$id": 268, "sounds": [{"d": 0.370368958, "p": 59, "v": 66}], "pos": -1.0, "size": 1.30000007, "_time": 94.44531}, {"$id": 269, "sounds": [{"d": 0.370368958, "p": 66, "v": 79}], "pos": 2.0, "size": 1.0, "_time": 94.81641}, {"$id": 270, "sounds": [{"d": 1.48148346, "p": 62, "v": 67}], "pos": -2.0, "size": 1.30000007, "_time": 94.81641}, {"$id": 271, "sounds": [{"d": 0.370368958, "p": 66, "v": 68}, {"d": 0.370368958, "p": 69, "v": 94}], "pos": 1.0, "size": 1.0, "_time": 95.18359}, {"$id": 272, "sounds": [{"d": 0.7407379, "p": 74, "v": 98}, {"d": 0.7407379, "p": 66, "v": 66}, {"d": 0.7407379, "p": 69, "v": 74}], "size": 1.0, "_time": 95.55469, "pos": 0}, {"$id": 273, "sounds": [{"d": 0.370368958, "p": 78, "v": 100}], "pos": 1.0, "size": 1.0, "_time": 95.92578}, {"$id": 274, "sounds": [{"d": 1.48148346, "p": 78, "v": 100}, {"d": 1.48148346, "p": 73, "v": 75}, {"d": 1.48148346, "p": 66, "v": 74}, {"d": 1.48148346, "p": 68, "v": 75}], "pos": 2.0, "size": 1.0, "_time": 96.296875}, {"$id": 275, "sounds": [{"d": 1.48148346, "p": 49, "v": 63}], "pos": -2.0, "size": 1.30000007, "_time": 96.296875}, {"$id": 276, "sounds": [{"d": 3.7036972, "p": 77, "v": 99}, {"d": 3.7036972, "p": 73, "v": 71}, {"d": 3.7036972, "p": 65, "v": 71}, {"d": 3.7036972, "p": 68, "v": 69}], "pos": 1.5, "size": 1.0, "_time": 97.77734}, {"$id": 277, "sounds": [{"d": 4.44444275, "p": 49, "v": 46}, {"d": 4.44444275, "p": 37, "v": 61}], "pos": -1.5, "size": 1.30000007, "_time": 97.77734}, {"$id": 278, "sounds": [{"d": 0.370368958, "p": 90, "v": 81}], "pos": 0.5, "size": 1.0, "_time": 101.851563}, {"$id": 279, "sounds": [{"d": 1.11110687, "p": 90, "v": 81}], "pos": 0.5, "size": 1.0, "_time": 102.222656}, {"$id": 280, "sounds": [{"d": 0.7407379, "p": 73, "v": 65}, {"d": 0.7407379, "p": 66, "v": 63}, {"d": 0.7407379, "p": 68, "v": 64}], "pos": -1.0, "size": 1.30000007, "_time": 102.222656}, {"$id": 281, "sounds": [{"d": 0.7407379, "p": 73, "v": 61}, {"d": 0.7407379, "p": 68, "v": 61}, {"d": 0.7407379, "p": 66, "v": 63}], "pos": -1.0, "size": 1.30000007, "_time": 102.960938}, {"$id": 282, "sounds": [{"d": 0.370368958, "p": 85, "v": 81}], "size": 1.0, "_time": 103.332031, "pos": 0}, {"$id": 283, "sounds": [{"d": 1.11110687, "p": 97, "v": 88}], "pos": 2.0, "size": 1.0, "_time": 103.703125}, {"$id": 284, "sounds": [{"d": 0.7407379, "p": 66, "v": 61}, {"d": 0.7407379, "p": 68, "v": 63}, {"d": 0.7407379, "p": 73, "v": 63}], "pos": -1.0, "size": 1.30000007, "_time": 103.703125}, {"$id": 285, "sounds": [{"d": 0.7407379, "p": 73, "v": 61}, {"d": 0.7407379, "p": 68, "v": 63}, {"d": 0.7407379, "p": 66, "v": 62}], "pos": -1.0, "size": 1.30000007, "_time": 104.445313}, {"$id": 286, "sounds": [{"d": 0.370368958, "p": 92, "v": 76}], "pos": 1.5, "size": 1.0, "_time": 104.816406}, {"$id": 287, "sounds": [{"d": 1.11110687, "p": 92, "v": 76}], "pos": 1.5, "size": 1.0, "_time": 105.183594}, {"$id": 288, "sounds": [{"d": 0.7407379, "p": 73, "v": 66}, {"d": 0.7407379, "p": 68, "v": 65}, {"d": 0.7407379, "p": 65, "v": 61}], "pos": -1.5, "size": 1.30000007, "_time": 105.183594}, {"$id": 289, "sounds": [{"d": 0.7407379, "p": 73, "v": 63}, {"d": 0.7407379, "p": 68, "v": 66}, {"d": 0.7407379, "p": 65, "v": 67}], "pos": -1.5, "size": 1.30000007, "_time": 105.925781}, {"$id": 290, "sounds": [{"d": 0.370368958, "p": 85, "v": 84}], "size": 1.0, "_time": 106.296875, "pos": 0}, {"$id": 291, "sounds": [{"d": 1.11110687, "p": 97, "v": 86}], "pos": 2.0, "size": 1.0, "_time": 106.667969}, {"$id": 292, "sounds": [{"d": 0.7407379, "p": 70, "v": 62}, {"d": 0.7407379, "p": 61, "v": 62}, {"d": 0.7407379, "p": 68, "v": 61}], "pos": -2.0, "size": 1.30000007, "_time": 106.667969}, {"$id": 293, "sounds": [{"d": 0.7407379, "p": 61, "v": 63}, {"d": 0.7407379, "p": 70, "v": 61}, {"d": 0.7407379, "p": 68, "v": 62}], "pos": -2.0, "size": 1.30000007, "_time": 107.40625}, {"$id": 294, "sounds": [{"d": 0.370368958, "p": 99, "v": 82}], "pos": 2.0, "size": 1.0, "_time": 107.777344}, {"$id": 295, "sounds": [{"d": 1.85185242, "p": 97, "v": 81}], "pos": 1.0, "size": 1.0, "_time": 108.148438}, {"$id": 296, "sounds": [{"d": 0.7407379, "p": 73, "v": 61}, {"d": 0.7407379, "p": 64, "v": 66}, {"d": 0.7407379, "p": 68, "v": 64}], "pos": -1.5, "size": 1.30000007, "_time": 108.148438}, {"$id": 297, "sounds": [{"d": 0.7407379, "p": 73, "v": 64}, {"d": 0.7407379, "p": 64, "v": 64}, {"d": 0.7407379, "p": 68, "v": 64}], "pos": -1.5, "size": 1.30000007, "_time": 108.890625}, {"$id": 298, "sounds": [{"d": 0.7407379, "p": 73, "v": 61}, {"d": 0.7407379, "p": 66, "v": 62}, {"d": 0.7407379, "p": 61, "v": 65}, {"d": 0.7407379, "p": 70, "v": 62}], "pos": -1.0, "size": 1.30000007, "_time": 109.628906}, {"$id": 299, "sounds": [{"d": 0.1851883, "p": 102, "v": 76}], "pos": 2.0, "size": 1.0, "_time": 110.0}, {"$id": 300, "sounds": [{"d": 0.1851883, "p": 101, "v": 76}], "size": 1.0, "_time": 110.183594, "pos": 0}, {"$id": 301, "sounds": [{"d": 0.7407379, "p": 73, "v": 66}, {"d": 0.7407379, "p": 66, "v": 65}, {"d": 0.7407379, "p": 70, "v": 65}, {"d": 0.7407379, "p": 61, "v": 64}], "pos": -1.0, "size": 1.30000007, "_time": 110.371094}, {"$id": 302, "sounds": [{"d": 0.1851883, "p": 99, "v": 77}], "pos": 1.0, "size": 1.0, "_time": 110.371094}, {"$id": 303, "sounds": [{"d": 0.1851883, "p": 97, "v": 78}], "pos": 2.0, "size": 1.0, "_time": 110.554688}, {"$id": 304, "sounds": [{"d": 0.1851883, "p": 95, "v": 78}], "pos": 1.0, "size": 1.0, "_time": 110.742188}, {"$id": 305, "sounds": [{"d": 0.1851883, "p": 94, "v": 79}], "size": 1.0, "_time": 110.925781, "pos": 0}, {"$id": 306, "sounds": [{"d": 0.7407379, "p": 61, "v": 66}, {"d": 0.7407379, "p": 71, "v": 65}, {"d": 0.7407379, "p": 64, "v": 66}, {"d": 0.7407379, "p": 68, "v": 62}], "pos": -1.5, "size": 1.30000007, "_time": 111.109375}, {"$id": 307, "sounds": [{"d": 0.7407379, "p": 92, "v": 80}], "pos": 1.0, "size": 1.0, "_time": 111.109375}, {"$id": 308, "sounds": [{"d": 0.7407379, "p": 90, "v": 79}], "pos": 1.0, "size": 1.0, "_time": 111.851563}, {"$id": 309, "sounds": [{"d": 0.7407379, "p": 71, "v": 62}, {"d": 0.7407379, "p": 64, "v": 66}, {"d": 0.7407379, "p": 68, "v": 62}, {"d": 0.7407379, "p": 61, "v": 66}], "pos": -1.5, "size": 1.30000007, "_time": 111.851563}, {"$id": 310, "sounds": [{"d": 0.7407379, "p": 89, "v": 76}], "size": 1.0, "_time": 112.59375, "pos": 0}, {"$id": 311, "sounds": [{"d": 0.7407379, "p": 70, "v": 67}, {"d": 0.7407379, "p": 66, "v": 62}, {"d": 0.7407379, "p": 61, "v": 64}, {"d": 0.7407379, "p": 64, "v": 65}], "pos": -2.0, "size": 1.30000007, "_time": 112.59375}, {"$id": 312, "sounds": [{"d": 0.7407379, "p": 90, "v": 71}], "pos": 1.0, "size": 1.0, "_time": 113.332031}, {"$id": 313, "sounds": [{"d": 0.7407379, "p": 66, "v": 62}, {"d": 0.7407379, "p": 61, "v": 65}, {"d": 0.7407379, "p": 64, "v": 63}, {"d": 0.7407379, "p": 70, "v": 66}], "pos": -2.0, "size": 1.30000007, "_time": 113.332031}, {"$id": 314, "sounds": [{"d": 1.85185242, "p": 102, "v": 86}], "pos": 2.0, "size": 1.0, "_time": 114.074219}, {"$id": 315, "sounds": [{"d": 0.7407379, "p": 63, "v": 66}, {"d": 0.7407379, "p": 73, "v": 66}, {"d": 0.7407379, "p": 70, "v": 65}, {"d": 0.7407379, "p": 66, "v": 62}], "pos": -1.0, "size": 1.30000007, "_time": 114.074219}, {"$id": 316, "sounds": [{"d": 0.7407379, "p": 73, "v": 65}, {"d": 0.7407379, "p": 70, "v": 62}, {"d": 0.7407379, "p": 63, "v": 66}, {"d": 0.7407379, "p": 66, "v": 66}], "pos": -1.0, "size": 1.30000007, "_time": 114.816406}, {"$id": 317, "sounds": [{"d": 0.7407379, "p": 73, "v": 63}, {"d": 0.7407379, "p": 70, "v": 62}, {"d": 0.7407379, "p": 63, "v": 66}, {"d": 0.7407379, "p": 66, "v": 63}], "pos": -1.0, "size": 1.30000007, "_time": 115.554688}, {"$id": 318, "sounds": [{"d": 0.370368958, "p": 99, "v": 79}], "size": 1.0, "_time": 115.925781, "pos": 0}, {"$id": 319, "sounds": [{"d": 0.370368958, "p": 101, "v": 87}], "pos": 1.0, "size": 1.0, "_time": 116.296875}, {"$id": 320, "sounds": [{"d": 0.7407379, "p": 63, "v": 64}, {"d": 0.7407379, "p": 70, "v": 66}, {"d": 0.7407379, "p": 66, "v": 65}, {"d": 0.7407379, "p": 73, "v": 65}], "pos": -1.0, "size": 1.30000007, "_time": 116.296875}, {"$id": 321, "sounds": [{"d": 0.370368958, "p": 102, "v": 90}], "pos": 2.0, "size": 1.0, "_time": 116.667969}, {"$id": 322, "sounds": [{"d": 0.7407379, "p": 101, "v": 88}], "pos": 1.0, "size": 1.0, "_time": 117.035156}, {"$id": 323, "sounds": [{"d": 0.7407379, "p": 68, "v": 66}, {"d": 0.7407379, "p": 65, "v": 61}, {"d": 0.7407379, "p": 61, "v": 65}, {"d": 0.7407379, "p": 73, "v": 63}], "pos": -1.5, "size": 1.30000007, "_time": 117.035156}, {"$id": 324, "sounds": [{"d": 0.7407379, "p": 104, "v": 97}], "pos": 2.0, "size": 1.0, "_time": 117.777344}, {"$id": 325, "sounds": [{"d": 0.7407379, "p": 73, "v": 65}, {"d": 0.7407379, "p": 61, "v": 64}, {"d": 0.7407379, "p": 68, "v": 67}, {"d": 0.7407379, "p": 65, "v": 66}], "pos": -1.5, "size": 1.30000007, "_time": 117.777344}, {"$id": 326, "sounds": [{"d": 0.7407379, "p": 102, "v": 89}], "pos": 1.0, "size": 1.0, "_time": 118.519531}, {"$id": 327, "sounds": [{"d": 0.7407379, "p": 66, "v": 67}, {"d": 0.7407379, "p": 73, "v": 65}, {"d": 0.7407379, "p": 63, "v": 66}, {"d": 0.7407379, "p": 70, "v": 63}], "pos": -1.0, "size": 1.30000007, "_time": 118.519531}, {"$id": 328, "sounds": [{"d": 0.370368958, "p": 101, "v": 86}], "pos": 2.0, "size": 1.0, "_time": 119.257813}, {"$id": 329, "sounds": [{"d": 0.7407379, "p": 73, "v": 65}, {"d": 0.7407379, "p": 63, "v": 62}, {"d": 0.7407379, "p": 66, "v": 65}, {"d": 0.7407379, "p": 70, "v": 63}], "pos": -1.0, "size": 1.30000007, "_time": 119.257813}, {"$id": 330, "sounds": [{"d": 0.370368958, "p": 99, "v": 85}], "pos": 1.5, "size": 1.0, "_time": 119.628906}, {"$id": 331, "sounds": [{"d": 1.11110687, "p": 97, "v": 86}], "pos": 1.0, "size": 1.0, "_time": 120.0}, {"$id": 332, "sounds": [{"d": 0.7407379, "p": 63, "v": 66}, {"d": 0.7407379, "p": 66, "v": 63}, {"d": 0.7407379, "p": 73, "v": 64}, {"d": 0.7407379, "p": 70, "v": 63}], "pos": -1.0, "size": 1.30000007, "_time": 120.0}, {"$id": 333, "sounds": [{"d": 0.7407379, "p": 70, "v": 66}, {"d": 0.7407379, "p": 73, "v": 66}, {"d": 0.7407379, "p": 66, "v": 65}, {"d": 0.7407379, "p": 63, "v": 63}], "pos": -1.0, "size": 1.30000007, "_time": 120.742188}, {"$id": 334, "sounds": [{"d": 0.370368958, "p": 90, "v": 83}], "pos": 0.5, "size": 1.0, "_time": 121.109375}, {"$id": 335, "sounds": [{"d": 1.11110687, "p": 90, "v": 81}], "pos": 0.5, "size": 1.0, "_time": 121.480469}, {"$id": 336, "sounds": [{"d": 0.7407379, "p": 71, "v": 63}, {"d": 0.7407379, "p": 66, "v": 65}, {"d": 0.7407379, "p": 63, "v": 66}], "pos": -1.5, "size": 1.30000007, "_time": 121.480469}, {"$id": 337, "sounds": [{"d": 0.7407379, "p": 71, "v": 66}, {"d": 0.7407379, "p": 66, "v": 63}, {"d": 0.7407379, "p": 63, "v": 64}], "pos": -1.5, "size": 1.30000007, "_time": 122.222656}, {"$id": 338, "sounds": [{"d": 0.370368958, "p": 97, "v": 73}], "pos": 2.0, "size": 1.0, "_time": 122.59375}, {"$id": 339, "sounds": [{"d": 2.59259033, "p": 97, "v": 78}], "pos": 2.0, "size": 1.0, "_time": 122.960938}, {"$id": 340, "sounds": [{"d": 2.96295929, "p": 71, "v": 62}, {"d": 2.96295929, "p": 61, "v": 66}, {"d": 2.96295929, "p": 66, "v": 62}, {"d": 2.96295929, "p": 63, "v": 63}], "pos": -1.5, "size": 1.30000007, "_time": 122.960938}, {"$id": 341, "sounds": [{"d": 0.370368958, "p": 66, "v": 83}], "size": 1.0, "_time": 125.554688, "pos": 0}, {"$id": 342, "sounds": [{"d": 1.11110687, "p": 78, "v": 95}], "pos": 2.0, "size": 1.0, "_time": 125.925781}, {"$id": 343, "sounds": [{"d": 0.7407379, "p": 61, "v": 62}, {"d": 0.7407379, "p": 58, "v": 61}], "pos": -2.0, "size": 1.30000007, "_time": 125.925781}, {"$id": 344, "sounds": [{"d": 0.7407379, "p": 66, "v": 64}, {"d": 0.7407379, "p": 58, "v": 65}, {"d": 0.7407379, "p": 61, "v": 67}], "pos": -2.0, "size": 1.30000007, "_time": 126.667969}, {"$id": 345, "sounds": [{"d": 0.1851883, "p": 77, "v": 89}], "pos": 1.0, "size": 1.0, "_time": 127.035156}, {"$id": 346, "sounds": [{"d": 0.1851883, "p": 75, "v": 89}], "size": 1.0, "_time": 127.222656, "pos": 0}, {"$id": 347, "sounds": [{"d": 1.11110687, "p": 73, "v": 89}], "pos": 1.0, "size": 1.0, "_time": 127.40625}, {"$id": 348, "sounds": [{"d": 0.740745544, "p": 61, "v": 66}, {"d": 0.740745544, "p": 66, "v": 64}, {"d": 0.740745544, "p": 58, "v": 67}], "pos": -2.0, "size": 1.30000007, "_time": 127.40625}, {"$id": 349, "sounds": [{"d": 0.7407379, "p": 66, "v": 66}, {"d": 0.7407379, "p": 58, "v": 66}, {"d": 0.7407379, "p": 61, "v": 66}], "pos": -2.0, "size": 1.30000007, "_time": 128.148438}, {"$id": 350, "sounds": [{"d": 0.3703766, "p": 80, "v": 95}], "pos": 2.0, "size": 1.0, "_time": 128.519531}, {"$id": 351, "sounds": [{"d": 1.85185242, "p": 80, "v": 100}], "pos": 2.0, "size": 1.0, "_time": 128.886719}, {"$id": 352, "sounds": [{"d": 0.7407379, "p": 63, "v": 63}, {"d": 0.7407379, "p": 68, "v": 64}, {"d": 0.7407379, "p": 59, "v": 65}], "pos": -1.5, "size": 1.30000007, "_time": 128.890625}, {"$id": 353, "sounds": [{"d": 0.7407532, "p": 63, "v": 65}, {"d": 0.7407532, "p": 68, "v": 64}, {"d": 0.7407532, "p": 59, "v": 62}], "pos": -1.5, "size": 1.30000007, "_time": 129.6289}, {"$id": 354, "sounds": [{"d": 0.7407379, "p": 68, "v": 65}, {"d": 0.7407379, "p": 58, "v": 63}, {"d": 0.7407379, "p": 65, "v": 66}, {"d": 0.7407379, "p": 62, "v": 62}], "pos": -1.0, "size": 1.30000007, "_time": 130.3711}, {"$id": 355, "sounds": [{"d": 0.185180664, "p": 82, "v": 92}], "size": 1.0, "_time": 130.742188, "pos": 0}, {"$id": 356, "sounds": [{"d": 0.185180664, "p": 83, "v": 99}], "pos": 2.0, "size": 1.0, "_time": 130.925781}, {"$id": 357, "sounds": [{"d": 0.185180664, "p": 82, "v": 99}], "pos": 1.0, "size": 1.0, "_time": 131.109375}, {"$id": 358, "sounds": [{"d": 0.7407379, "p": 65, "v": 66}, {"d": 0.7407379, "p": 68, "v": 62}, {"d": 0.7407379, "p": 58, "v": 62}, {"d": 0.7407379, "p": 62, "v": 62}], "pos": -1.0, "size": 1.30000007, "_time": 131.109375}, {"$id": 359, "sounds": [{"d": 0.185180664, "p": 77, "v": 101}], "size": 1.0, "_time": 131.296875, "pos": 0}, {"$id": 360, "sounds": [{"d": 0.185180664, "p": 78, "v": 100}], "pos": -1.0, "size": 1.0, "_time": 131.480469}, {"$id": 361, "sounds": [{"d": 0.185180664, "p": 80, "v": 101}], "pos": 1.0, "size": 1.0, "_time": 131.667969}, {"$id": 362, "sounds": [{"d": 1.1111145, "p": 80, "v": 99}], "pos": 1.0, "size": 1.0, "_time": 131.851563}, {"$id": 363, "sounds": [{"d": 0.7407379, "p": 66, "v": 65}, {"d": 0.7407379, "p": 70, "v": 62}, {"d": 0.7407379, "p": 58, "v": 63}, {"d": 0.7407379, "p": 63, "v": 61}], "pos": -1.5, "size": 1.30000007, "_time": 131.851563}, {"$id": 364, "sounds": [{"d": 0.7407379, "p": 70, "v": 67}, {"d": 0.7407379, "p": 58, "v": 65}, {"d": 0.7407379, "p": 66, "v": 64}, {"d": 0.7407379, "p": 63, "v": 67}], "pos": -1.5, "size": 1.30000007, "_time": 132.59375}, {"$id": 365, "sounds": [{"d": 0.185180664, "p": 78, "v": 102}], "pos": 1.0, "size": 1.0, "_time": 132.960938}, {"$id": 366, "sounds": [{"d": 0.185180664, "p": 77, "v": 99}], "size": 1.0, "_time": 133.148438, "pos": 0}, {"$id": 367, "sounds": [{"d": 1.1111145, "p": 78, "v": 99}], "pos": 1.0, "size": 1.0, "_time": 133.332031}, {"$id": 368, "sounds": [{"d": 0.7407379, "p": 63, "v": 63}, {"d": 0.7407379, "p": 70, "v": 63}, {"d": 0.7407379, "p": 66, "v": 62}, {"d": 0.7407379, "p": 58, "v": 65}], "pos": -1.5, "size": 1.30000007, "_time": 133.332031}, {"$id": 369, "sounds": [{"d": 0.7407379, "p": 66, "v": 63}, {"d": 0.7407379, "p": 63, "v": 61}, {"d": 0.7407379, "p": 70, "v": 63}, {"d": 0.7407379, "p": 58, "v": 62}], "pos": -1.5, "size": 1.30000007, "_time": 134.074219}, {"$id": 370, "sounds": [{"d": 0.3703766, "p": 90, "v": 102}], "pos": 1.0, "size": 1.0, "_time": 134.445313}, {"$id": 371, "sounds": [{"d": 0.185180664, "p": 90, "v": 113}], "pos": 1.0, "size": 1.0, "_time": 134.8164}, {"$id": 372, "sounds": [{"d": 0.7407379, "p": 64, "v": 62}, {"d": 0.7407379, "p": 68, "v": 67}, {"d": 0.7407379, "p": 59, "v": 65}, {"d": 0.7407379, "p": 70, "v": 65}], "pos": -1.0, "size": 1.30000007, "_time": 134.8164}, {"$id": 373, "sounds": [{"d": 0.185180664, "p": 89, "v": 109}], "size": 1.0, "_time": 135.0, "pos": 0}, {"$id": 374, "sounds": [{"d": 0.185180664, "p": 90, "v": 111}], "pos": 1.0, "size": 1.0, "_time": 135.1836}, {"$id": 375, "sounds": [{"d": 0.185180664, "p": 92, "v": 111}], "pos": 2.0, "size": 1.0, "_time": 135.3711}, {"$id": 376, "sounds": [{"d": 0.7407379, "p": 68, "v": 65}, {"d": 0.7407379, "p": 70, "v": 67}, {"d": 0.7407379, "p": 64, "v": 64}, {"d": 0.7407379, "p": 59, "v": 64}], "pos": -1.0, "size": 1.30000007, "_time": 135.554688}, {"$id": 377, "sounds": [{"d": 0.185180664, "p": 90, "v": 109}], "pos": 1.0, "size": 1.0, "_time": 135.554688}, {"$id": 378, "sounds": [{"d": 0.185180664, "p": 89, "v": 111}], "size": 1.0, "_time": 135.742188, "pos": 0}, {"$id": 379, "sounds": [{"d": 0.185180664, "p": 87, "v": 112}], "pos": 1.0, "size": 1.0, "_time": 135.925781}, {"$id": 380, "sounds": [{"d": 0.185180664, "p": 85, "v": 114}], "size": 1.0, "_time": 136.109375, "pos": 0}, {"$id": 381, "sounds": [{"d": 0.185180664, "p": 83, "v": 115}], "pos": 1.0, "size": 1.0, "_time": 136.296875}, {"$id": 382, "sounds": [{"d": 0.7407379, "p": 61, "v": 65}, {"d": 0.7407379, "p": 70, "v": 62}, {"d": 0.7407379, "p": 64, "v": 64}, {"d": 0.7407379, "p": 66, "v": 64}], "pos": -1.5, "size": 1.30000007, "_time": 136.296875}, {"$id": 383, "sounds": [{"d": 0.185180664, "p": 82, "v": 114}], "size": 1.0, "_time": 136.480469, "pos": 0}, {"$id": 384, "sounds": [{"d": 0.185180664, "p": 94, "v": 113}], "pos": 1.0, "size": 1.0, "_time": 136.667969}, {"$id": 385, "sounds": [{"d": 0.185180664, "p": 95, "v": 111}], "pos": 2.0, "size": 1.0, "_time": 136.851563}, {"$id": 386, "sounds": [{"d": 0.7407379, "p": 61, "v": 64}, {"d": 0.7407379, "p": 64, "v": 66}, {"d": 0.7407379, "p": 70, "v": 63}, {"d": 0.7407379, "p": 66, "v": 62}], "pos": -1.5, "size": 1.30000007, "_time": 137.035156}, {"$id": 387, "sounds": [{"d": 0.185180664, "p": 94, "v": 111}], "pos": 2.0, "size": 1.0, "_time": 137.035156}, {"$id": 388, "sounds": [{"d": 0.185180664, "p": 90, "v": 111}], "pos": 1.0, "size": 1.0, "_time": 137.222656}, {"$id": 389, "sounds": [{"d": 0.185180664, "p": 89, "v": 109}], "size": 1.0, "_time": 137.40625, "pos": 0}, {"$id": 390, "sounds": [{"d": 0.185180664, "p": 85, "v": 105}], "pos": -1.0, "size": 1.0, "_time": 137.59375}, {"$id": 391, "sounds": [{"d": 1.1111145, "p": 82, "v": 105}], "pos": 1.0, "size": 1.0, "_time": 137.777344}, {"$id": 392, "sounds": [{"d": 0.7407379, "p": 59, "v": 65}, {"d": 0.7407379, "p": 70, "v": 64}, {"d": 0.7407379, "p": 63, "v": 62}, {"d": 0.7407379, "p": 66, "v": 66}], "pos": -1.0, "size": 1.30000007, "_time": 137.777344}, {"$id": 393, "sounds": [{"d": 0.7407379, "p": 63, "v": 66}, {"d": 0.7407379, "p": 59, "v": 62}, {"d": 0.7407379, "p": 70, "v": 65}, {"d": 0.7407379, "p": 66, "v": 63}], "pos": -1.0, "size": 1.30000007, "_time": 138.519531}, {"$id": 394, "sounds": [{"d": 0.3703766, "p": 78, "v": 100}], "size": 1.0, "_time": 138.886719, "pos": 0}, {"$id": 395, "sounds": [{"d": 0.7407379, "p": 90, "v": 105}], "pos": 2.0, "size": 1.0, "_time": 139.257813}, {"$id": 396, "sounds": [{"d": 0.7407379, "p": 66, "v": 61}, {"d": 0.7407379, "p": 63, "v": 62}, {"d": 0.7407379, "p": 59, "v": 62}, {"d": 0.7407379, "p": 70, "v": 64}], "pos": -1.0, "size": 1.30000007, "_time": 139.257813}, {"$id": 397, "sounds": [{"d": 0.7407379, "p": 90, "v": 109}], "pos": 2.0, "size": 1.0, "_time": 140.0}, {"$id": 398, "sounds": [{"d": 0.7407379, "p": 59, "v": 66}, {"d": 0.7407379, "p": 63, "v": 65}, {"d": 0.7407379, "p": 70, "v": 67}, {"d": 0.7407379, "p": 66, "v": 65}], "pos": -1.0, "size": 1.30000007, "_time": 140.0}, {"$id": 399, "sounds": [{"d": 0.7407379, "p": 89, "v": 109}], "size": 1.0, "_time": 140.742188, "pos": 0}, {"$id": 400, "sounds": [{"d": 0.7407379, "p": 58, "v": 61}, {"d": 0.7407379, "p": 68, "v": 63}, {"d": 0.7407379, "p": 61, "v": 65}, {"d": 0.7407379, "p": 65, "v": 67}], "pos": -1.5, "size": 1.30000007, "_time": 140.742188}, {"$id": 401, "sounds": [{"d": 0.7407379, "p": 92, "v": 109}], "pos": 1.0, "size": 1.0, "_time": 141.480469}, {"$id": 402, "sounds": [{"d": 0.7407379, "p": 58, "v": 67}, {"d": 0.7407379, "p": 61, "v": 63}, {"d": 0.7407379, "p": 68, "v": 67}, {"d": 0.7407379, "p": 65, "v": 62}], "pos": -1.5, "size": 1.30000007, "_time": 141.480469}, {"$id": 403, "sounds": [{"d": 0.3703766, "p": 94, "v": 116}], "pos": 2.0, "size": 1.0, "_time": 142.222656}, {"$id": 404, "sounds": [{"d": 0.7407379, "p": 63, "v": 66}, {"d": 0.7407379, "p": 58, "v": 62}, {"d": 0.7407379, "p": 66, "v": 64}, {"d": 0.7407379, "p": 61, "v": 67}], "pos": -2.0, "size": 1.30000007, "_time": 142.222656}, {"$id": 405, "sounds": [{"d": 0.3703766, "p": 90, "v": 110}], "pos": 1.0, "size": 1.0, "_time": 142.59375}, {"$id": 406, "sounds": [{"d": 0.3703766, "p": 89, "v": 106}], "size": 1.0, "_time": 142.960938, "pos": 0}, {"$id": 407, "sounds": [{"d": 0.7407379, "p": 66, "v": 61}, {"d": 0.7407379, "p": 61, "v": 65}, {"d": 0.7407379, "p": 58, "v": 62}, {"d": 0.7407379, "p": 63, "v": 66}], "pos": -2.0, "size": 1.30000007, "_time": 142.960938}, {"$id": 408, "sounds": [{"d": 0.3703766, "p": 87, "v": 103}], "pos": 2.0, "size": 1.0, "_time": 143.332031}, {"$id": 409, "sounds": [{"d": 1.1111145, "p": 85, "v": 101}], "pos": 1.0, "size": 1.0, "_time": 143.703125}, {"$id": 410, "sounds": [{"d": 0.7407379, "p": 56, "v": 61}, {"d": 0.7407379, "p": 59, "v": 65}, {"d": 0.7407379, "p": 66, "v": 61}, {"d": 0.7407379, "p": 63, "v": 65}], "pos": -1.5, "size": 1.30000007, "_time": 143.703125}, {"$id": 411, "sounds": [{"d": 0.7407379, "p": 59, "v": 63}, {"d": 0.7407379, "p": 63, "v": 66}, {"d": 0.7407379, "p": 56, "v": 64}, {"d": 0.7407379, "p": 66, "v": 61}], "pos": -1.5, "size": 1.30000007, "_time": 144.445313}, {"$id": 412, "sounds": [{"d": 0.3703766, "p": 78, "v": 103}], "size": 1.0, "_time": 144.8164, "pos": 0}, {"$id": 413, "sounds": [{"d": 1.1111145, "p": 90, "v": 116}], "pos": 1.0, "size": 1.0, "_time": 145.1836}, {"$id": 414, "sounds": [{"d": 0.7407379, "p": 63, "v": 64}, {"d": 0.7407379, "p": 59, "v": 67}, {"d": 0.7407379, "p": 66, "v": 62}, {"d": 0.7407379, "p": 56, "v": 63}], "pos": -1.5, "size": 1.30000007, "_time": 145.1836}, {"$id": 415, "sounds": [{"d": 0.7407379, "p": 59, "v": 64}, {"d": 0.7407379, "p": 56, "v": 62}, {"d": 0.7407379, "p": 63, "v": 66}, {"d": 0.7407379, "p": 66, "v": 67}], "pos": -1.5, "size": 1.30000007, "_time": 145.925781}, {"$id": 416, "sounds": [{"d": 0.3703766, "p": 92, "v": 108}], "pos": 2.0, "size": 1.0, "_time": 146.296875}, {"$id": 417, "sounds": [{"d": 1.1111145, "p": 92, "v": 111}], "pos": 2.0, "size": 1.0, "_time": 146.667969}, {"$id": 418, "sounds": [{"d": 2.96295166, "p": 56, "v": 66}, {"d": 1.48147583, "p": 66, "v": 62}, {"d": 2.96295166, "p": 59, "v": 67}, {"d": 2.96295166, "p": 61, "v": 61}], "pos": -1.0, "size": 1.30000007, "_time": 146.667969}, {"$id": 419, "sounds": [{"d": 0.3703766, "p": 85, "v": 99}], "pos": 1.0, "size": 1.0, "_time": 147.777344}, {"$id": 420, "sounds": [{"d": 0.7407379, "p": 85, "v": 116}], "pos": 1.0, "size": 1.0, "_time": 148.148438}, {"$id": 421, "sounds": [{"d": 1.48147583, "p": 65, "v": 64}], "pos": -0.5, "size": 1.30000007, "_time": 148.148438}, {"$id": 422, "sounds": [{"d": 0.7407379, "p": 97, "v": 115}], "pos": 2.0, "size": 1.0, "_time": 148.886719}, {"$id": 423, "sounds": [{"d": 2.962967, "p": 90, "v": 102}], "pos": 1.0, "size": 1.0, "_time": 149.6289}, {"$id": 424, "sounds": [{"d": 0.7407532, "p": 58, "v": 63}, {"d": 0.7407532, "p": 61, "v": 66}, {"d": 0.7407532, "p": 66, "v": 67}], "pos": -1.5, "size": 1.30000007, "_time": 149.6289}, {"$id": 425, "sounds": [{"d": 0.7407379, "p": 61, "v": 66}, {"d": 0.7407379, "p": 58, "v": 67}, {"d": 0.7407379, "p": 66, "v": 62}], "pos": -1.5, "size": 1.30000007, "_time": 150.3711}, {"$id": 426, "sounds": [{"d": 0.7407379, "p": 58, "v": 67}, {"d": 0.7407379, "p": 61, "v": 63}, {"d": 0.7407379, "p": 66, "v": 66}], "pos": -1.5, "size": 1.30000007, "_time": 151.109375}, {"$id": 427, "sounds": [{"d": 0.7407379, "p": 61, "v": 64}, {"d": 0.7407379, "p": 66, "v": 63}, {"d": 0.7407379, "p": 58, "v": 66}], "pos": -1.5, "size": 1.30000007, "_time": 151.851563}, {"$id": 428, "sounds": [{"d": 2.962967, "p": 90, "v": 95}], "pos": 2.0, "size": 1.0, "_time": 152.59375}, {"$id": 429, "sounds": [{"d": 0.7407532, "p": 59, "v": 66}, {"d": 0.7407532, "p": 62, "v": 67}, {"d": 0.7407532, "p": 66, "v": 66}], "pos": -1.0, "size": 1.30000007, "_time": 152.59375}, {"$id": 430, "sounds": [{"d": 0.7407379, "p": 66, "v": 62}, {"d": 0.7407379, "p": 62, "v": 67}, {"d": 0.7407379, "p": 59, "v": 61}], "pos": -1.0, "size": 1.30000007, "_time": 153.332031}, {"$id": 431, "sounds": [{"d": 0.7407379, "p": 59, "v": 62}, {"d": 0.7407379, "p": 66, "v": 66}, {"d": 0.7407379, "p": 62, "v": 62}], "pos": 1.0, "size": 1.30000007, "_time": 154.074219}, {"$id": 432, "sounds": [{"d": 0.7407379, "p": 59, "v": 62}, {"d": 0.7407379, "p": 62, "v": 64}, {"d": 0.7407379, "p": 66, "v": 62}], "pos": 1.0, "size": 1.30000007, "_time": 154.8164}, {"$id": 433, "sounds": [{"d": 5.92591858, "p": 54, "v": 63}], "pos": -1.0, "size": 1.30000007, "_time": 155.554688}, {"$id": 434, "sounds": [{"d": 5.92591858, "p": 66, "v": 66}, {"d": 5.92591858, "p": 61, "v": 66}, {"d": 5.92591858, "p": 58, "v": 64}], "pos": 1.0, "size": 1.30000007, "_time": 155.554688}], "links": [{"notes": [{"$ref": 204}, {"$ref": 205}, {"$ref": 206}, {"$ref": 207}]}, {"notes": [{"$ref": 223}, {"$ref": 224}, {"$ref": 225}, {"$ref": 226}]}]}