{"speed": 6.0, "notes": [{"$id": 1, "type": 0, "sounds": [{"w": 0.0, "d": 0.3862358, "p": 54, "v": 91}], "pos": -1.0, "size": 1.0, "_time": 0.0, "shift": 0.0, "time": 0.0}, {"$id": 2, "type": 0, "sounds": [{"w": 0.0, "d": 0.379213333, "p": 58, "v": 84}], "pos": 1.0, "size": 1.0, "_time": 0.0, "shift": 0.0, "time": 0.0}, {"$id": 3, "type": 0, "sounds": [{"w": 0.0, "d": 0.3581457, "p": 61, "v": 75}], "pos": 1.0, "size": 1.0, "_time": 2.6953125, "shift": 0.0, "time": 2.6953125}, {"$id": 4, "type": 0, "sounds": [{"w": 0.0, "d": 0.330055952, "p": 41, "v": 58}], "pos": -1.0, "size": 1.0, "_time": 2.6953125, "shift": 0.0, "time": 2.6953125}, {"$id": 5, "type": 0, "sounds": [{"w": 0.0, "d": 0.2949438, "p": 43, "v": 74}], "pos": -1.5, "size": 1.0, "_time": 3.70703125, "shift": 0.0, "time": 3.70703125}, {"$id": 6, "type": 0, "sounds": [{"w": 0.0, "d": 0.2949438, "p": 63, "v": 80}], "pos": 1.5, "size": 1.0, "_time": 3.70703125, "shift": 0.0, "time": 3.70703125}, {"$id": 7, "type": 0, "sounds": [{"w": 0.0, "d": 0.582865238, "p": 58, "v": 86}], "pos": 1.0, "size": 1.0, "_time": 5.39453125, "shift": 0.0, "time": 5.39453125}, {"$id": 8, "type": 0, "sounds": [{"w": 0.0, "d": 0.575842857, "p": 54, "v": 97}], "pos": -1.0, "size": 1.0, "_time": 5.39453125, "shift": 0.0, "time": 5.39453125}, {"$id": 9, "type": 0, "pos": -1.0, "size": 1.0, "_time": 7.96484375, "shift": 0.0, "time": 7.96484375}, {"$id": 10, "type": 0, "pos": 1.0, "size": 1.0, "_time": 8.089844, "shift": 0.0, "time": 8.089844}, {"$id": 11, "type": 0, "pos": 1.0, "size": 1.0, "_time": 8.636719, "shift": 0.0, "time": 8.636719}, {"$id": 12, "type": 0, "pos": -1.0, "size": 1.0, "_time": 8.765625, "shift": 0.0, "time": 8.765625}, {"$id": 13, "type": 0, "sounds": [{"w": 0.0, "d": 0.252809525, "p": 63, "v": 79}], "pos": 1.0, "size": 1.4000001, "_time": 9.1015625, "shift": 0.0, "time": 9.1015625}, {"$id": 14, "type": 0, "pos": -1.0, "size": 1.0, "_time": 9.3125, "shift": 0.0, "time": 9.3125}, {"$id": 15, "type": 0, "pos": 1.0, "size": 1.0, "_time": 9.4375, "shift": 0.0, "time": 9.4375}, {"$id": 16, "type": 0, "sounds": [{"w": 0.0, "d": 0.5337086, "p": 68, "v": 88}], "pos": 1.5, "size": 1.30000007, "_time": 9.7734375, "shift": 0.0, "time": 9.7734375}, {"$id": 17, "type": 0, "sounds": [{"w": 0.0, "d": 0.5266857, "p": 63, "v": 106}], "pos": -1.5, "size": 1.30000007, "_time": 9.7734375, "shift": 0.0, "time": 9.7734375}, {"$id": 18, "type": 0, "pos": 1.5, "size": 1.0, "_time": 10.1132813, "shift": 0.0, "time": 10.1132813}, {"$id": 19, "type": 0, "pos": -1.5, "size": 1.0, "_time": 10.1132813, "shift": 0.0, "time": 10.1132813}, {"$id": 20, "type": 0, "pos": 1.0, "size": 1.0, "_time": 10.3242188, "shift": 0.0, "time": 10.3242188}, {"$id": 21, "type": 0, "pos": -1.0, "size": 1.0, "_time": 10.4492188, "shift": 0.0, "time": 10.4492188}, {"$id": 22, "type": 0, "sounds": [{"w": 0.0, "d": 0.365168571, "p": 35, "v": 81}], "pos": 3.375, "size": 1.0, "_time": 10.7851563, "shift": 0.0, "time": 10.7851563}, {"$id": 23, "type": 0, "pos": 1.0, "size": 1.30000007, "_time": 10.7851563, "shift": 0.0, "time": 10.7851563}, {"$id": 24, "type": 0, "pos": -1.5, "size": 1.30000007, "_time": 10.7851563, "shift": 0.0, "time": 10.7851563}, {"$id": 25, "type": 0, "pos": -1.5, "size": 1.0, "_time": 10.9960938, "shift": 0.0, "time": 10.9960938}, {"$id": 26, "type": 0, "pos": 1.5, "size": 1.0, "_time": 11.4609375, "shift": 0.0, "time": 11.4609375}, {"$id": 27, "type": 0, "pos": -1.0, "size": 1.0, "_time": 11.796875, "shift": 0.0, "time": 11.796875}, {"$id": 28, "type": 0, "pos": 0.5, "size": 1.0, "_time": 12.0078125, "shift": 0.0, "time": 12.0078125}, {"$id": 29, "type": 0, "pos": -0.5, "size": 1.0, "_time": 12.1367188, "shift": 0.0, "time": 12.1367188}, {"$id": 30, "type": 0, "pos": 0.5, "size": 1.0, "_time": 12.34375, "shift": 0.0, "time": 12.34375}, {"$id": 31, "type": 0, "pos": -0.5, "size": 1.0, "_time": 12.4726563, "shift": 0.0, "time": 12.4726563}, {"$id": 32, "type": 0, "pos": 1.5, "size": 1.0, "_time": 12.8085938, "shift": 0.0, "time": 12.8085938}, {"$id": 33, "type": 0, "pos": -1.0, "size": 1.0, "_time": 13.1445313, "shift": 0.0, "time": 13.1445313}, {"$id": 34, "type": 0, "sounds": [{"w": 0.0, "d": 0.3581457, "p": 61, "v": 75}], "pos": 0.0, "size": 1.30000007, "_time": 13.484375, "shift": 0.0, "time": 13.484375}, {"$id": 35, "type": 0, "pos": -1.5, "size": 1.0, "_time": 13.484375, "shift": 0.0, "time": 13.484375}, {"$id": 36, "type": 0, "pos": -1.5, "size": 1.0, "_time": 13.6953125, "shift": 0.0, "time": 13.6953125}, {"$id": 37, "type": 0, "pos": -0.5, "size": 1.0, "_time": 14.03125, "shift": 0.0, "time": 14.03125}, {"$id": 38, "type": 0, "pos": 0.5, "size": 1.0, "_time": 14.15625, "shift": 0.0, "time": 14.15625}, {"$id": 39, "type": 0, "pos": -0.5, "size": 1.0, "_time": 14.3671875, "shift": 0.0, "time": 14.3671875}, {"$id": 40, "type": 0, "sounds": [{"w": 0.0, "d": 0.2949438, "p": 43, "v": 74}], "pos": 3.0, "size": 1.0, "_time": 14.4960938, "shift": 0.0, "time": 14.4960938}, {"$id": 41, "type": 0, "sounds": [{"w": 0.0, "d": 0.2949438, "p": 63, "v": 80}], "pos": 1.0, "size": 1.30000007, "_time": 14.4960938, "shift": 0.0, "time": 14.4960938}, {"$id": 42, "type": 0, "pos": 1.0, "size": 1.0, "_time": 14.703125, "shift": 0.0, "time": 14.703125}, {"$id": 43, "type": 0, "pos": -1.5, "size": 1.0, "_time": 14.8320313, "shift": 0.0, "time": 14.8320313}, {"$id": 44, "type": 0, "pos": 1.5, "size": 1.0, "_time": 15.1679688, "shift": 0.0, "time": 15.1679688}, {"$id": 45, "type": 0, "pos": 0.5, "size": 1.0, "_time": 15.3789063, "shift": 0.0, "time": 15.3789063}, {"$id": 46, "type": 0, "pos": -0.5, "size": 1.0, "_time": 15.5039063, "shift": 0.0, "time": 15.5039063}, {"$id": 47, "type": 0, "pos": 0.5, "size": 1.0, "_time": 15.7148438, "shift": 0.0, "time": 15.7148438}, {"$id": 48, "type": 0, "pos": -0.5, "size": 1.0, "_time": 15.84375, "shift": 0.0, "time": 15.84375}, {"$id": 49, "type": 0, "sounds": [{"w": 0.0, "d": 0.582864761, "p": 58, "v": 86}], "pos": 1.0, "size": 1.30000007, "_time": 16.1796875, "shift": 0.0, "time": 16.1796875}, {"$id": 50, "type": 0, "sounds": [{"w": 0.0, "d": 0.5758419, "p": 35, "v": 72}], "pos": 3.375, "size": 1.0, "_time": 16.1796875, "shift": 0.0, "time": 16.1796875}, {"$id": 51, "type": 0, "pos": -1.5, "size": 1.30000007, "_time": 16.1796875, "shift": 0.0, "time": 16.1796875}, {"$id": 52, "type": 0, "pos": -1.5, "size": 1.0, "_time": 16.390625, "shift": 0.0, "time": 16.390625}, {"$id": 53, "type": 0, "pos": -0.5, "size": 1.0, "_time": 16.7265625, "shift": 0.0, "time": 16.7265625}, {"$id": 54, "type": 0, "pos": 0.5, "size": 1.0, "_time": 16.8554688, "shift": 0.0, "time": 16.8554688}, {"$id": 55, "type": 0, "pos": 1.5, "size": 1.0, "_time": 17.1914063, "shift": 0.0, "time": 17.1914063}, {"$id": 56, "type": 0, "pos": 1.5, "size": 1.0, "_time": 17.4023438, "shift": 0.0, "time": 17.4023438}, {"$id": 57, "type": 0, "pos": -1.5, "size": 1.0, "_time": 17.5273438, "shift": 0.0, "time": 17.5273438}, {"$id": 58, "type": 0, "pos": -1.5, "size": 1.0, "_time": 17.8632813, "shift": 0.0, "time": 17.8632813}, {"$id": 59, "type": 0, "pos": 1.5, "size": 1.0, "_time": 18.203125, "shift": 0.0, "time": 18.203125}, {"$id": 60, "type": 0, "pos": 0.5, "size": 1.0, "_time": 18.4140625, "shift": 0.0, "time": 18.4140625}, {"$id": 61, "type": 0, "pos": -0.5, "size": 1.0, "_time": 18.5390625, "shift": 0.0, "time": 18.5390625}, {"$id": 62, "type": 0, "sounds": [{"w": 0.0, "d": 0.294944763, "p": 61, "v": 80}], "pos": 1.0, "size": 1.30000007, "_time": 18.875, "shift": 0.0, "time": 18.875}, {"$id": 63, "type": 0, "pos": -1.5, "size": 1.30000007, "_time": 18.875, "shift": 0.0, "time": 18.875}, {"$id": 64, "type": 0, "pos": 0.5, "size": 1.0, "_time": 19.2148438, "shift": 0.0, "time": 19.2148438}, {"$id": 65, "type": 0, "pos": -0.5, "size": 1.0, "_time": 19.4257813, "shift": 0.0, "time": 19.4257813}, {"$id": 66, "type": 0, "pos": 0.5, "size": 1.0, "_time": 19.5507813, "shift": 0.0, "time": 19.5507813}, {"$id": 67, "type": 0, "pos": -0.5, "size": 1.0, "_time": 19.7617188, "shift": 0.0, "time": 19.7617188}, {"$id": 68, "type": 0, "sounds": [{"w": 0.0, "d": 0.252809525, "p": 63, "v": 79}], "pos": 1.0, "size": 1.30000007, "_time": 19.8867188, "shift": 0.0, "time": 19.8867188}, {"$id": 69, "type": 0, "pos": 1.0, "size": 1.0, "_time": 20.0976563, "shift": 0.0, "time": 20.0976563}, {"$id": 70, "type": 0, "pos": -1.5, "size": 1.0, "_time": 20.2265625, "shift": 0.0, "time": 20.2265625}, {"$id": 71, "type": 0, "sounds": [{"w": 0.0, "d": 0.5337086, "p": 68, "v": 88}], "pos": 0.5, "size": 1.4000001, "_time": 20.5625, "shift": 0.0, "time": 20.5625}, {"$id": 72, "type": 0, "pos": -1.5, "size": 1.4000001, "_time": 20.5625, "shift": 0.0, "time": 20.5625}, {"$id": 73, "type": 0, "pos": -1.5, "size": 1.0, "_time": 20.7734375, "shift": 0.0, "time": 20.7734375}, {"$id": 74, "type": 0, "pos": 0.5, "size": 1.0, "_time": 20.8984375, "shift": 0.0, "time": 20.8984375}, {"$id": 75, "type": 0, "pos": -1.0, "size": 1.0, "_time": 21.234375, "shift": 0.0, "time": 21.234375}, {"$id": 76, "type": 0, "sounds": [{"w": 0.0, "d": 0.37921524, "p": 58, "v": 84}], "pos": 1.5, "size": 1.30000007, "_time": 21.5742188, "shift": 0.0, "time": 21.5742188}, {"$id": 77, "type": 0, "pos": -0.5, "size": 1.30000007, "_time": 21.5742188, "shift": 0.0, "time": 21.5742188}, {"$id": 78, "type": 0, "pos": -0.5, "size": 1.0, "_time": 21.7851563, "shift": 0.0, "time": 21.7851563}, {"$id": 79, "type": 0, "pos": -0.5, "size": 1.0, "_time": 22.1210938, "shift": 0.0, "time": 22.1210938}, {"$id": 80, "type": 0, "pos": 1.5, "size": 1.0, "_time": 22.2460938, "shift": 0.0, "time": 22.2460938}, {"$id": 81, "type": 0, "pos": 0.5, "size": 1.0, "_time": 22.5859375, "shift": 0.0, "time": 22.5859375}, {"$id": 82, "type": 0, "pos": -0.5, "size": 1.0, "_time": 22.796875, "shift": 0.0, "time": 22.796875}, {"$id": 83, "type": 0, "pos": 0.5, "size": 1.0, "_time": 22.921875, "shift": 0.0, "time": 22.921875}, {"$id": 84, "type": 0, "pos": -0.5, "size": 1.0, "_time": 23.1328125, "shift": 0.0, "time": 23.1328125}, {"$id": 85, "type": 0, "pos": 0.5, "size": 1.0, "_time": 23.2578125, "shift": 0.0, "time": 23.2578125}, {"$id": 86, "type": 0, "pos": 1.5, "size": 1.0, "_time": 23.59375, "shift": 0.0, "time": 23.59375}, {"$id": 87, "type": 0, "pos": 1.0, "size": 1.0, "_time": 23.9335938, "shift": 0.0, "time": 23.9335938}, {"$id": 88, "type": 0, "sounds": [{"w": 0.0, "d": 0.35814476, "p": 61, "v": 75}], "pos": 2.0, "size": 1.30000007, "_time": 24.2695313, "shift": 0.0, "time": 24.2695313}, {"$id": 89, "type": 0, "pos": -0.5, "size": 1.30000007, "_time": 24.2695313, "shift": 0.0, "time": 24.2695313}, {"$id": 90, "type": 0, "pos": -0.5, "size": 1.0, "_time": 24.6054688, "shift": 0.0, "time": 24.6054688}, {"$id": 91, "type": 0, "pos": -0.5, "size": 1.0, "_time": 24.8164063, "shift": 0.0, "time": 24.8164063}, {"$id": 92, "type": 0, "pos": 0.5, "size": 1.0, "_time": 24.9453125, "shift": 0.0, "time": 24.9453125}, {"$id": 93, "type": 0, "pos": -0.5, "size": 1.0, "_time": 25.15625, "shift": 0.0, "time": 25.15625}, {"$id": 94, "type": 0, "sounds": [{"w": 0.0, "d": 0.294942856, "p": 63, "v": 80}], "pos": -1.5, "size": 1.30000007, "_time": 25.28125, "shift": 0.0, "time": 25.28125}, {"$id": 95, "type": 0, "pos": 1.0, "size": 1.0, "_time": 25.4921875, "shift": 0.0, "time": 25.4921875}, {"$id": 96, "type": 0, "pos": -1.5, "size": 1.0, "_time": 25.6171875, "shift": 0.0, "time": 25.6171875}, {"$id": 97, "type": 0, "pos": -1.5, "size": 1.0, "_time": 25.9570313, "shift": 0.0, "time": 25.9570313}, {"$id": 98, "type": 0, "pos": -0.5, "size": 1.0, "_time": 26.1640625, "shift": 0.0, "time": 26.1640625}, {"$id": 99, "type": 0, "pos": 0.5, "size": 1.0, "_time": 26.2929688, "shift": 0.0, "time": 26.2929688}, {"$id": 100, "type": 0, "pos": 0.5, "size": 1.0, "_time": 26.5039063, "shift": 0.0, "time": 26.5039063}, {"$id": 101, "type": 0, "pos": -0.5, "size": 1.0, "_time": 26.6289063, "shift": 0.0, "time": 26.6289063}, {"$id": 102, "type": 0, "pos": -0.5, "size": 1.0, "_time": 26.8398438, "shift": 0.0, "time": 26.8398438}, {"$id": 103, "type": 0, "sounds": [{"w": 0.0, "d": 0.5758438, "p": 35, "v": 72}], "pos": 3.375, "size": 1.0, "_time": 26.9648438, "shift": 0.0, "time": 26.9648438}, {"$id": 104, "type": 0, "pos": 1.5, "size": 1.4000001, "_time": 26.9648438, "shift": 0.0, "time": 26.9648438}, {"$id": 105, "type": 0, "pos": -1.0, "size": 1.0, "_time": 27.1757813, "shift": 0.0, "time": 27.1757813}, {"$id": 106, "type": 0, "pos": -1.0, "size": 1.0, "_time": 27.515625, "shift": 0.0, "time": 27.515625}, {"$id": 107, "type": 0, "pos": 1.0, "size": 1.0, "_time": 27.640625, "shift": 0.0, "time": 27.640625}, {"$id": 108, "type": 0, "pos": 1.0, "size": 1.0, "_time": 27.9765625, "shift": 0.0, "time": 27.9765625}, {"$id": 109, "type": 0, "pos": -0.5, "size": 1.0, "_time": 28.1875, "shift": 0.0, "time": 28.1875}, {"$id": 110, "type": 0, "pos": 0.5, "size": 1.0, "_time": 28.3164063, "shift": 0.0, "time": 28.3164063}, {"$id": 111, "type": 0, "pos": -1.5, "size": 1.0, "_time": 28.6523438, "shift": 0.0, "time": 28.6523438}, {"$id": 112, "type": 0, "pos": 0.5, "size": 1.0, "_time": 28.9882813, "shift": 0.0, "time": 28.9882813}, {"$id": 113, "type": 0, "pos": -0.5, "size": 1.0, "_time": 29.1992188, "shift": 0.0, "time": 29.1992188}, {"$id": 114, "type": 0, "pos": 0.5, "size": 1.0, "_time": 29.3242188, "shift": 0.0, "time": 29.3242188}, {"$id": 115, "type": 0, "pos": -0.5, "size": 1.0, "_time": 29.5351563, "shift": 0.0, "time": 29.5351563}, {"$id": 116, "type": 0, "sounds": [{"w": 0.0, "d": 0.294944763, "p": 61, "v": 80}], "pos": 1.5, "size": 1.30000007, "_time": 29.6640625, "shift": 0.0, "time": 29.6640625}, {"$id": 117, "type": 0, "pos": -1.5, "size": 1.0, "_time": 30.0, "shift": 0.0, "time": 30.0}, {"$id": 118, "type": 0, "pos": 1.5, "size": 1.0, "_time": 30.3359375, "shift": 0.0, "time": 30.3359375}, {"$id": 119, "type": 0, "pos": 1.5, "size": 1.0, "_time": 30.546875, "shift": 0.0, "time": 30.546875}, {"$id": 120, "type": 0, "pos": -0.5, "size": 1.0, "_time": 30.6757813, "shift": 0.0, "time": 30.6757813}, {"$id": 121, "type": 0, "pos": -0.5, "size": 1.0, "_time": 30.8867188, "shift": 0.0, "time": 30.8867188}, {"$id": 122, "type": 0, "pos": 0.5, "size": 1.0, "_time": 31.0117188, "shift": 0.0, "time": 31.0117188}, {"$id": 123, "type": 0, "pos": 1.5, "size": 1.0, "_time": 31.2226563, "shift": 0.0, "time": 31.2226563}, {"$id": 124, "type": 0, "pos": -0.5, "size": 1.0, "_time": 31.3476563, "shift": 0.0, "time": 31.3476563}, {"$id": 125, "type": 0, "pos": -1.5, "size": 1.0, "_time": 31.5585938, "shift": 0.0, "time": 31.5585938}, {"$id": 126, "type": 0, "pos": 1.5, "size": 1.0, "_time": 31.6835938, "shift": 0.0, "time": 31.6835938}, {"$id": 127, "type": 0, "pos": 1.5, "size": 1.0, "_time": 31.8945313, "shift": 0.0, "time": 31.8945313}, {"$id": 128, "type": 0, "pos": -1.5, "size": 1.0, "_time": 32.0234375, "shift": 0.0, "time": 32.0234375}, {"$id": 129, "type": 0, "sounds": [{"w": 0.0, "d": 0.266864777, "p": 77, "v": 105}], "pos": 1.5, "size": 1.4000001, "_time": 32.359375, "shift": 0.0, "time": 32.359375}, {"$id": 130, "type": 0, "pos": -1.0, "size": 1.4000001, "_time": 32.359375, "shift": 0.0, "time": 32.359375}, {"$id": 131, "type": 0, "pos": -1.0, "size": 1.0, "_time": 32.6953125, "shift": 0.0, "time": 32.6953125}, {"$id": 132, "type": 0, "sounds": [{"w": 0.0, "d": 0.1474762, "p": 75, "v": 79}], "pos": 1.0, "size": 1.0, "_time": 32.90625, "shift": 0.0, "time": 32.90625}, {"$id": 133, "type": 0, "pos": -1.52777815, "size": 1.0, "_time": 33.0351563, "shift": 0.0, "time": 33.0351563}, {"$id": 134, "type": 0, "sounds": [{"w": 0.0, "d": 0.238765717, "p": 73, "v": 76}], "pos": 0.5, "size": 1.0, "_time": 33.0351563, "shift": 0.0, "time": 33.0351563}, {"$id": 135, "type": 0, "sounds": [{"w": 0.0, "d": 0.119384766, "p": 71, "v": 77}], "pos": 0.5, "size": 1.0, "_time": 33.2460938, "shift": 0.0, "time": 33.2460938}, {"$id": 136, "type": 0, "pos": -1.52777815, "size": 1.0, "_time": 33.3710938, "shift": 0.0, "time": 33.3710938}, {"$id": 137, "type": 0, "sounds": [{"w": 0.0, "d": 0.639057159, "p": 70, "v": 89}], "pos": 0.0, "size": 1.0, "_time": 33.3710938, "shift": 0.0, "time": 33.3710938}, {"$id": 138, "type": 0, "pos": -1.5, "size": 1.0, "_time": 33.70703, "shift": 0.0, "time": 33.70703}, {"$id": 139, "type": 0, "sounds": [{"w": 0.0, "d": 0.330055237, "p": 68, "v": 76}], "pos": 0.5, "size": 1.0, "_time": 34.046875, "shift": 0.0, "time": 34.046875}, {"$id": 140, "type": 0, "pos": -1.0, "size": 1.0, "_time": 34.046875, "shift": 0.0, "time": 34.046875}, {"$id": 141, "type": 0, "sounds": [{"w": 0.0, "d": 0.330059052, "p": 70, "v": 76}], "pos": 1.0, "size": 1.0, "_time": 34.3828125, "shift": 0.0, "time": 34.3828125}, {"$id": 142, "type": 0, "pos": -0.5, "size": 1.0, "_time": 34.3828125, "shift": 0.0, "time": 34.3828125}, {"$id": 143, "type": 0, "sounds": [{"w": 0.0, "d": 0.393264771, "p": 71, "v": 79}], "pos": 1.5, "size": 1.0, "_time": 34.71875, "shift": 0.0, "time": 34.71875}, {"$id": 144, "type": 0, "pos": -1.0, "size": 1.0, "_time": 34.71875, "shift": 0.0, "time": 34.71875}, {"$id": 145, "type": 0, "sounds": [{"w": 0.0, "d": 0.287929535, "p": 70, "v": 84}], "pos": 1.0, "size": 1.0, "_time": 35.0546875, "shift": 0.0, "time": 35.0546875}, {"$id": 146, "type": 0, "pos": -1.5, "size": 1.0, "_time": 35.0546875, "shift": 0.0, "time": 35.0546875}, {"$id": 147, "type": 0, "pos": -1.0, "size": 1.0, "_time": 35.39453, "shift": 0.0, "time": 35.39453}, {"$id": 148, "type": 0, "sounds": [{"w": 0.0, "d": 0.449443817, "p": 63, "v": 79}], "pos": 0.5, "size": 1.0, "_time": 35.60547, "shift": 0.0, "time": 35.60547}, {"$id": 149, "type": 0, "pos": -1.0, "size": 1.0, "_time": 35.73047, "shift": 0.0, "time": 35.73047}, {"$id": 150, "type": 0, "sounds": [{"w": 0.0, "d": 0.37922287, "p": 70, "v": 79}], "pos": 1.5, "size": 1.0, "_time": 36.0664063, "shift": 0.0, "time": 36.0664063}, {"$id": 151, "type": 0, "pos": -1.5, "size": 1.0, "_time": 36.0664063, "shift": 0.0, "time": 36.0664063}, {"$id": 152, "type": 0, "pos": -1.0, "size": 1.0, "_time": 36.40625, "shift": 0.0, "time": 36.40625}, {"$id": 153, "type": 0, "sounds": [{"w": 0.0, "d": 0.08427048, "p": 61, "v": 89}], "pos": 0.5, "size": 1.0, "_time": 36.61328, "shift": 0.0, "time": 36.61328}, {"$id": 154, "type": 0, "pos": -0.5, "size": 1.0, "_time": 36.7421875, "shift": 0.0, "time": 36.7421875}, {"$id": 155, "type": 0, "pos": -0.5, "size": 1.0, "_time": 37.078125, "shift": 0.0, "time": 37.078125}, {"$id": 156, "type": 0, "pos": -0.5, "size": 1.0, "_time": 37.4140625, "shift": 0.0, "time": 37.4140625}, {"$id": 157, "type": 0, "sounds": [{"w": 0.0, "d": 0.5688286, "p": 77, "v": 94}], "pos": -1.0, "size": 1.4000001, "_time": 37.7539063, "shift": 0.0, "time": 37.7539063}, {"$id": 158, "type": 0, "pos": 1.0, "size": 1.4000001, "_time": 37.7539063, "shift": 0.0, "time": 37.7539063}, {"$id": 159, "type": 0, "pos": -0.5, "size": 1.0, "_time": 37.9648438, "shift": 0.0, "time": 37.9648438}, {"$id": 160, "type": 0, "pos": 1.0, "size": 1.0, "_time": 38.0898438, "shift": 0.0, "time": 38.0898438}, {"$id": 161, "type": 0, "sounds": [{"w": 0.0, "d": 0.133430481, "p": 75, "v": 78}], "pos": 0.0, "size": 1.0, "_time": 38.30078, "shift": 0.0, "time": 38.30078}, {"$id": 162, "type": 0, "pos": 1.0, "size": 1.0, "_time": 38.42578, "shift": 0.0, "time": 38.42578}, {"$id": 163, "type": 0, "sounds": [{"w": 0.0, "d": 0.238765717, "p": 73, "v": 80}], "pos": -0.5, "size": 1.0, "_time": 38.42578, "shift": 0.0, "time": 38.42578}, {"$id": 164, "type": 0, "sounds": [{"w": 0.0, "d": 0.133430481, "p": 71, "v": 75}], "pos": -1.0, "size": 1.0, "_time": 38.63672, "shift": 0.0, "time": 38.63672}, {"$id": 165, "type": 0, "pos": 1.0, "size": 1.0, "_time": 38.765625, "shift": 0.0, "time": 38.765625}, {"$id": 166, "type": 0, "sounds": [{"w": 0.0, "d": 0.6531029, "p": 70, "v": 81}], "pos": -1.5, "size": 1.0, "_time": 38.765625, "shift": 0.0, "time": 38.765625}, {"$id": 167, "type": 0, "pos": -1.0, "size": 1.0, "_time": 38.9765625, "shift": 0.0, "time": 38.9765625}, {"$id": 168, "type": 0, "pos": 0.5, "size": 1.0, "_time": 39.1015625, "shift": 0.0, "time": 39.1015625}, {"$id": 169, "type": 0, "sounds": [{"w": 0.0, "d": 0.344100952, "p": 68, "v": 78}], "pos": -1.5, "size": 1.0, "_time": 39.4375, "shift": 0.0, "time": 39.4375}, {"$id": 170, "type": 0, "pos": 1.0, "size": 1.0, "_time": 39.4375, "shift": 0.0, "time": 39.4375}, {"$id": 171, "type": 0, "sounds": [{"w": 0.0, "d": 0.301967621, "p": 70, "v": 77}], "pos": -1.0, "size": 1.0, "_time": 39.7734375, "shift": 0.0, "time": 39.7734375}, {"$id": 172, "type": 0, "pos": 1.5, "size": 1.0, "_time": 39.7734375, "shift": 0.0, "time": 39.7734375}, {"$id": 173, "type": 0, "sounds": [{"w": 0.0, "d": 0.365169525, "p": 71, "v": 93}], "pos": -0.5, "size": 1.0, "_time": 40.11328, "shift": 0.0, "time": 40.11328}, {"$id": 174, "type": 0, "pos": 1.0, "size": 1.0, "_time": 40.11328, "shift": 0.0, "time": 40.11328}, {"$id": 175, "type": 0, "sounds": [{"w": 0.0, "d": 0.4353981, "p": 70, "v": 84}], "pos": -1.0, "size": 1.0, "_time": 40.44922, "shift": 0.0, "time": 40.44922}, {"$id": 176, "type": 0, "pos": 0.5, "size": 1.0, "_time": 40.44922, "shift": 0.0, "time": 40.44922}, {"$id": 177, "type": 0, "pos": 1.0, "size": 1.0, "_time": 40.7851563, "shift": 0.0, "time": 40.7851563}, {"$id": 178, "type": 0, "sounds": [{"w": 0.0, "d": 0.08427048, "p": 70, "v": 92}], "pos": -1.0, "size": 1.0, "_time": 40.9960938, "shift": 0.0, "time": 40.9960938}, {"$id": 179, "type": 0, "pos": 1.5, "size": 1.0, "_time": 41.125, "shift": 0.0, "time": 41.125}, {"$id": 180, "type": 0, "sounds": [{"w": 0.0, "d": 0.330062866, "p": 75, "v": 108}], "pos": -0.5, "size": 1.0, "_time": 41.4609375, "shift": 0.0, "time": 41.4609375}, {"$id": 181, "type": 0, "pos": 1.0, "size": 1.0, "_time": 41.4609375, "shift": 0.0, "time": 41.4609375}, {"$id": 182, "type": 0, "pos": -0.5, "size": 1.0, "_time": 41.671875, "shift": 0.0, "time": 41.671875}, {"$id": 183, "type": 0, "pos": 1.5, "size": 1.0, "_time": 41.796875, "shift": 0.0, "time": 41.796875}, {"$id": 184, "type": 0, "sounds": [{"w": 0.0, "d": 0.154495239, "p": 80, "v": 115}], "pos": -1.0, "size": 1.0, "_time": 42.13672, "shift": 0.0, "time": 42.13672}, {"$id": 185, "type": 0, "pos": 1.0, "size": 1.0, "_time": 42.13672, "shift": 0.0, "time": 42.13672}, {"$id": 186, "type": 0, "pos": 1.5, "size": 1.0, "_time": 42.4726563, "shift": 0.0, "time": 42.4726563}, {"$id": 187, "type": 0, "sounds": [{"w": 0.0, "d": 0.0632019043, "p": 82, "v": 107}], "pos": -0.5, "size": 1.0, "_time": 42.6835938, "shift": 0.0, "time": 42.6835938}, {"$id": 188, "type": 0, "pos": 0.5, "size": 1.0, "_time": 42.8085938, "shift": 0.0, "time": 42.8085938}, {"$id": 189, "type": 0, "sounds": [{"w": 0.0, "d": 0.266864777, "p": 77, "v": 105}], "pos": -1.5, "size": 1.4000001, "_time": 43.14453, "shift": 0.0, "time": 43.14453}, {"$id": 190, "type": 0, "pos": 1.5, "size": 1.4000001, "_time": 43.14453, "shift": 0.0, "time": 43.14453}, {"$id": 191, "type": 0, "pos": 0.5, "size": 1.0, "_time": 43.35547, "shift": 0.0, "time": 43.35547}, {"$id": 192, "type": 0, "pos": -1.44444406, "size": 1.0, "_time": 43.484375, "shift": 0.0, "time": 43.484375}, {"$id": 193, "type": 0, "sounds": [{"w": 0.0, "d": 0.1474762, "p": 75, "v": 79}], "pos": 1.5, "size": 1.0, "_time": 43.6953125, "shift": 0.0, "time": 43.6953125}, {"$id": 194, "type": 0, "pos": -1.44444406, "size": 1.0, "_time": 43.8203125, "shift": 0.0, "time": 43.8203125}, {"$id": 195, "type": 0, "sounds": [{"w": 0.0, "d": 0.238765717, "p": 73, "v": 76}], "pos": 1.0, "size": 1.0, "_time": 43.8203125, "shift": 0.0, "time": 43.8203125}, {"$id": 196, "type": 0, "sounds": [{"w": 0.0, "d": 0.119384766, "p": 71, "v": 77}], "pos": 0.5, "size": 1.0, "_time": 44.03125, "shift": 0.0, "time": 44.03125}, {"$id": 197, "type": 0, "pos": -1.44444406, "size": 1.0, "_time": 44.15625, "shift": 0.0, "time": 44.15625}, {"$id": 198, "type": 0, "sounds": [{"w": 0.0, "d": 0.639057159, "p": 70, "v": 89}], "pos": 0.0, "size": 1.0, "_time": 44.15625, "shift": 0.0, "time": 44.15625}, {"$id": 199, "type": 0, "pos": 0.5, "size": 1.0, "_time": 44.3671875, "shift": 0.0, "time": 44.3671875}, {"$id": 200, "type": 0, "pos": -1.0, "size": 1.0, "_time": 44.4960938, "shift": 0.0, "time": 44.4960938}, {"$id": 201, "type": 0, "sounds": [{"w": 0.0, "d": 0.330055237, "p": 68, "v": 76}], "pos": 0.5, "size": 1.0, "_time": 44.83203, "shift": 0.0, "time": 44.83203}, {"$id": 202, "type": 0, "pos": -1.5, "size": 1.0, "_time": 44.83203, "shift": 0.0, "time": 44.83203}, {"$id": 203, "type": 0, "sounds": [{"w": 0.0, "d": 0.330059052, "p": 70, "v": 76}], "pos": 1.0, "size": 1.0, "_time": 45.16797, "shift": 0.0, "time": 45.16797}, {"$id": 204, "type": 0, "pos": -1.0, "size": 1.0, "_time": 45.16797, "shift": 0.0, "time": 45.16797}, {"$id": 205, "type": 0, "sounds": [{"w": 0.0, "d": 0.393260956, "p": 71, "v": 79}], "pos": 1.5, "size": 1.0, "_time": 45.5039063, "shift": 0.0, "time": 45.5039063}, {"$id": 206, "type": 0, "pos": -0.5, "size": 1.0, "_time": 45.5039063, "shift": 0.0, "time": 45.5039063}, {"$id": 207, "type": 0, "sounds": [{"w": 0.0, "d": 0.287929535, "p": 70, "v": 84}], "pos": 1.0, "size": 1.0, "_time": 45.84375, "shift": 0.0, "time": 45.84375}, {"$id": 208, "type": 0, "pos": -1.0, "size": 1.0, "_time": 45.84375, "shift": 0.0, "time": 45.84375}, {"$id": 209, "type": 0, "pos": 1.0, "size": 1.0, "_time": 46.0546875, "shift": 0.0, "time": 46.0546875}, {"$id": 210, "type": 0, "pos": -1.5, "size": 1.0, "_time": 46.1796875, "shift": 0.0, "time": 46.1796875}, {"$id": 211, "type": 0, "sounds": [{"w": 0.0, "d": 0.449443817, "p": 63, "v": 79}], "pos": 0.5, "size": 1.0, "_time": 46.390625, "shift": 0.0, "time": 46.390625}, {"$id": 212, "type": 0, "pos": -1.0, "size": 1.0, "_time": 46.515625, "shift": 0.0, "time": 46.515625}, {"$id": 213, "type": 0, "sounds": [{"w": 0.0, "d": 0.37922287, "p": 70, "v": 79}], "pos": 1.0, "size": 1.0, "_time": 46.85547, "shift": 0.0, "time": 46.85547}, {"$id": 214, "type": 0, "pos": -1.0, "size": 1.0, "_time": 46.85547, "shift": 0.0, "time": 46.85547}, {"$id": 215, "type": 0, "pos": -1.5, "size": 1.0, "_time": 47.1914063, "shift": 0.0, "time": 47.1914063}, {"$id": 216, "type": 0, "sounds": [{"w": 0.0, "d": 0.08427048, "p": 61, "v": 89}], "pos": 0.5, "size": 1.0, "_time": 47.4023438, "shift": 0.0, "time": 47.4023438}, {"$id": 217, "type": 0, "pos": -1.0, "size": 1.0, "_time": 47.5273438, "shift": 0.0, "time": 47.5273438}, {"$id": 218, "type": 0, "pos": -0.5, "size": 1.0, "_time": 47.8671875, "shift": 0.0, "time": 47.8671875}, {"$id": 219, "type": 0, "pos": -0.5, "size": 1.0, "_time": 48.203125, "shift": 0.0, "time": 48.203125}, {"$id": 220, "type": 0, "sounds": [{"w": 0.0, "d": 0.5688286, "p": 77, "v": 94}], "pos": 1.5, "size": 1.4000001, "_time": 48.5390625, "shift": 0.0, "time": 48.5390625}, {"$id": 221, "type": 0, "pos": -0.5, "size": 1.4000001, "_time": 48.5390625, "shift": 0.0, "time": 48.5390625}, {"$id": 222, "type": 0, "pos": -1.0, "size": 1.0, "_time": 48.75, "shift": 0.0, "time": 48.75}, {"$id": 223, "type": 0, "pos": 1.0, "size": 1.0, "_time": 48.875, "shift": 0.0, "time": 48.875}, {"$id": 224, "type": 0, "sounds": [{"w": 0.0, "d": 0.133430481, "p": 75, "v": 78}], "pos": 0.0, "size": 1.0, "_time": 49.0859375, "shift": 0.0, "time": 49.0859375}, {"$id": 225, "type": 0, "pos": 1.0, "size": 1.0, "_time": 49.2148438, "shift": 0.0, "time": 49.2148438}, {"$id": 226, "type": 0, "sounds": [{"w": 0.0, "d": 0.238765717, "p": 73, "v": 80}], "pos": -0.5, "size": 1.0, "_time": 49.2148438, "shift": 0.0, "time": 49.2148438}, {"$id": 227, "type": 0, "sounds": [{"w": 0.0, "d": 0.133430481, "p": 71, "v": 75}], "pos": -1.0, "size": 1.0, "_time": 49.42578, "shift": 0.0, "time": 49.42578}, {"$id": 228, "type": 0, "pos": 1.0, "size": 1.0, "_time": 49.55078, "shift": 0.0, "time": 49.55078}, {"$id": 229, "type": 0, "sounds": [{"w": 0.0, "d": 0.65309906, "p": 70, "v": 81}], "pos": -1.5, "size": 1.0, "_time": 49.55078, "shift": 0.0, "time": 49.55078}, {"$id": 230, "type": 0, "pos": -1.0, "size": 1.0, "_time": 49.76172, "shift": 0.0, "time": 49.76172}, {"$id": 231, "type": 0, "pos": 0.5, "size": 1.0, "_time": 49.88672, "shift": 0.0, "time": 49.88672}, {"$id": 232, "type": 0, "sounds": [{"w": 0.0, "d": 0.344100952, "p": 68, "v": 78}], "pos": -1.5, "size": 1.0, "_time": 50.2265625, "shift": 0.0, "time": 50.2265625}, {"$id": 233, "type": 0, "pos": 1.0, "size": 1.0, "_time": 50.2265625, "shift": 0.0, "time": 50.2265625}, {"$id": 234, "type": 0, "sounds": [{"w": 0.0, "d": 0.301967621, "p": 70, "v": 77}], "pos": -1.0, "size": 1.0, "_time": 50.5625, "shift": 0.0, "time": 50.5625}, {"$id": 235, "type": 0, "pos": 1.5, "size": 1.0, "_time": 50.5625, "shift": 0.0, "time": 50.5625}, {"$id": 236, "type": 0, "sounds": [{"w": 0.0, "d": 0.365169525, "p": 71, "v": 93}], "pos": -0.5, "size": 1.0, "_time": 50.8984375, "shift": 0.0, "time": 50.8984375}, {"$id": 237, "type": 0, "pos": 1.0, "size": 1.0, "_time": 50.8984375, "shift": 0.0, "time": 50.8984375}, {"$id": 238, "type": 0, "sounds": [{"w": 0.0, "d": 0.4353981, "p": 70, "v": 84}], "pos": -1.0, "size": 1.0, "_time": 51.234375, "shift": 0.0, "time": 51.234375}, {"$id": 239, "type": 0, "pos": 0.5, "size": 1.0, "_time": 51.234375, "shift": 0.0, "time": 51.234375}, {"$id": 240, "type": 0, "pos": 1.0, "size": 1.0, "_time": 51.57422, "shift": 0.0, "time": 51.57422}, {"$id": 241, "type": 0, "sounds": [{"w": 0.0, "d": 0.08427048, "p": 70, "v": 92}], "pos": -1.5, "size": 1.0, "_time": 51.7851563, "shift": 0.0, "time": 51.7851563}, {"$id": 242, "type": 0, "pos": 1.0, "size": 1.0, "_time": 51.9101563, "shift": 0.0, "time": 51.9101563}, {"$id": 243, "type": 0, "sounds": [{"w": 0.0, "d": 0.330062866, "p": 75, "v": 108}], "pos": -1.0, "size": 1.50000012, "_time": 52.2460938, "shift": 0.0, "time": 52.2460938}, {"$id": 244, "type": 0, "pos": 0.5, "size": 1.50000012, "_time": 52.2460938, "shift": 0.0, "time": 52.2460938}, {"$id": 245, "type": 0, "sounds": [{"w": 0.0, "d": 0.154495239, "p": 80, "v": 115}], "pos": 0.0, "size": 1.0, "_time": 52.921875, "shift": 0.0, "time": 52.921875}, {"$id": 246, "type": 0, "sounds": [{"w": 0.0, "d": 0.0632019043, "p": 82, "v": 107}], "pos": 1.5, "size": 1.0, "_time": 53.46875, "shift": 0.0, "time": 53.46875}, {"$id": 247, "type": 0, "sounds": [{"w": 0.0, "d": 0.695224762, "p": 39, "v": 83}], "pos": -1.5, "size": 1.50000012, "_time": 53.9335938, "shift": 0.0, "time": 53.9335938}, {"$id": 248, "type": 0, "sounds": [{"w": 0.0, "d": 0.6109543, "p": 82, "v": 98}], "pos": 2.0, "size": 1.50000012, "_time": 53.9335938, "shift": 0.0, "time": 53.9335938}, {"$id": 249, "type": 0, "pos": 1.0, "size": 1.0, "_time": 54.14453, "shift": 0.0, "time": 54.14453}, {"$id": 250, "type": 0, "pos": -1.5, "size": 1.0, "_time": 54.26953, "shift": 0.0, "time": 54.26953}, {"$id": 251, "type": 0, "pos": 2.0, "size": 1.0, "_time": 54.60547, "shift": 0.0, "time": 54.60547}, {"$id": 252, "type": 0, "pos": -1.5, "size": 1.0, "_time": 54.60547, "shift": 0.0, "time": 54.60547}, {"$id": 253, "type": 0, "pos": -1.5, "size": 1.0, "_time": 54.9453125, "shift": 0.0, "time": 54.9453125}, {"$id": 254, "type": 0, "pos": 1.5, "size": 1.0, "_time": 55.15625, "shift": 0.0, "time": 55.15625}, {"$id": 255, "type": 0, "pos": 1.0, "size": 1.0, "_time": 55.28125, "shift": 0.0, "time": 55.28125}, {"$id": 256, "type": 0, "pos": -1.0, "size": 1.0, "_time": 55.28125, "shift": 0.0, "time": 55.28125}, {"$id": 257, "type": 0, "pos": 1.0, "size": 1.0, "_time": 55.6171875, "shift": 0.0, "time": 55.6171875}, {"$id": 258, "type": 0, "pos": -1.0, "size": 1.0, "_time": 55.6171875, "shift": 0.0, "time": 55.6171875}, {"$id": 259, "type": 0, "pos": 2.0, "size": 1.30000007, "_time": 55.95703, "shift": 0.0, "time": 55.95703}, {"$id": 260, "type": 0, "pos": -1.5, "size": 1.30000007, "_time": 55.95703, "shift": 0.0, "time": 55.95703}, {"$id": 261, "type": 0, "pos": -1.0, "size": 1.0, "_time": 56.29297, "shift": 0.0, "time": 56.29297}, {"$id": 262, "type": 0, "pos": 1.0, "size": 1.0, "_time": 56.6289063, "shift": 0.0, "time": 56.6289063}, {"$id": 263, "type": 0, "pos": -0.5, "size": 1.0, "_time": 56.6289063, "shift": 0.0, "time": 56.6289063}, {"$id": 264, "type": 0, "pos": -0.5, "size": 1.0, "_time": 56.9648438, "shift": 0.0, "time": 56.9648438}, {"$id": 265, "type": 0, "pos": 1.0, "size": 1.0, "_time": 57.17578, "shift": 0.0, "time": 57.17578}, {"$id": 266, "type": 0, "pos": -0.5, "size": 1.0, "_time": 57.3046875, "shift": 0.0, "time": 57.3046875}, {"$id": 267, "type": 0, "pos": 2.0, "size": 1.0, "_time": 57.515625, "shift": 0.0, "time": 57.515625}, {"$id": 268, "type": 0, "pos": -1.0, "size": 1.0, "_time": 57.640625, "shift": 0.0, "time": 57.640625}, {"$id": 269, "type": 0, "pos": 1.5, "size": 1.0, "_time": 57.8515625, "shift": 0.0, "time": 57.8515625}, {"$id": 270, "type": 0, "pos": 1.0, "size": 1.0, "_time": 57.9765625, "shift": 0.0, "time": 57.9765625}, {"$id": 271, "type": 0, "pos": -1.5, "size": 1.0, "_time": 57.9765625, "shift": 0.0, "time": 57.9765625}, {"$id": 272, "type": 0, "pos": -1.0, "size": 1.0, "_time": 58.3164063, "shift": 0.0, "time": 58.3164063}, {"$id": 273, "type": 0, "pos": 2.0, "size": 1.0, "_time": 58.5273438, "shift": 0.0, "time": 58.5273438}, {"$id": 274, "type": 0, "pos": -0.5, "size": 1.4000001, "_time": 58.6523438, "shift": 0.0, "time": 58.6523438}, {"$id": 275, "type": 0, "pos": 1.5, "size": 1.0, "_time": 58.98828, "shift": 0.0, "time": 58.98828}, {"$id": 276, "type": 0, "pos": -1.0, "size": 1.0, "_time": 58.98828, "shift": 0.0, "time": 58.98828}, {"$id": 277, "type": 0, "pos": 1.5, "size": 1.0, "_time": 59.32422, "shift": 0.0, "time": 59.32422}, {"$id": 278, "type": 0, "pos": -1.5, "size": 1.0, "_time": 59.32422, "shift": 0.0, "time": 59.32422}, {"$id": 279, "type": 0, "pos": 1.5, "size": 1.0, "_time": 59.5351563, "shift": 0.0, "time": 59.5351563}, {"$id": 280, "type": 0, "pos": -1.5, "size": 1.0, "_time": 59.6640625, "shift": 0.0, "time": 59.6640625}, {"$id": 281, "type": 0, "pos": 2.0, "size": 1.30000007, "_time": 60.0, "shift": 0.0, "time": 60.0}, {"$id": 282, "type": 0, "pos": -1.5, "size": 1.0, "_time": 60.0, "shift": 0.0, "time": 60.0}, {"$id": 283, "type": 0, "pos": -1.5, "size": 1.0, "_time": 60.3359375, "shift": 0.0, "time": 60.3359375}, {"$id": 284, "type": 0, "pos": 1.5, "size": 1.0, "_time": 60.546875, "shift": 0.0, "time": 60.546875}, {"$id": 285, "type": 0, "pos": 1.0, "size": 1.0, "_time": 60.67578, "shift": 0.0, "time": 60.67578}, {"$id": 286, "type": 0, "pos": -1.0, "size": 1.0, "_time": 60.67578, "shift": 0.0, "time": 60.67578}, {"$id": 287, "type": 0, "pos": 1.0, "size": 1.0, "_time": 61.01172, "shift": 0.0, "time": 61.01172}, {"$id": 288, "type": 0, "pos": -1.0, "size": 1.0, "_time": 61.01172, "shift": 0.0, "time": 61.01172}, {"$id": 289, "type": 0, "pos": 2.0, "size": 1.30000007, "_time": 61.3476563, "shift": 0.0, "time": 61.3476563}, {"$id": 290, "type": 0, "pos": -1.0, "size": 1.0, "_time": 61.3476563, "shift": 0.0, "time": 61.3476563}, {"$id": 291, "type": 0, "sounds": [{"w": 0.0, "d": 0.126407623, "p": 78, "v": 70}], "pos": 0.416666031, "size": 1.0, "_time": 61.5585938, "shift": 0.0, "time": 61.5585938}, {"$id": 292, "type": 0, "sounds": [{"w": 0.0, "d": 0.210674286, "p": 77, "v": 95}], "pos": -1.16666651, "size": 1.0, "_time": 61.6875, "shift": 0.0, "time": 61.6875}, {"$id": 293, "type": 0, "sounds": [{"w": 0.0, "d": 0.126403809, "p": 78, "v": 64}], "pos": 1.5, "size": 1.0, "_time": 61.89453, "shift": 0.0, "time": 61.89453}, {"$id": 294, "type": 0, "pos": 1.5, "size": 1.0, "_time": 62.0234375, "shift": 0.0, "time": 62.0234375}, {"$id": 295, "type": 0, "pos": -0.5, "size": 1.0, "_time": 62.0234375, "shift": 0.0, "time": 62.0234375}, {"$id": 296, "type": 0, "pos": -0.5, "size": 1.0, "_time": 62.359375, "shift": 0.0, "time": 62.359375}, {"$id": 297, "type": 0, "pos": 2.0, "size": 1.30000007, "_time": 62.6953125, "shift": 0.0, "time": 62.6953125}, {"$id": 298, "type": 0, "pos": -0.5, "size": 1.30000007, "_time": 62.6953125, "shift": 0.0, "time": 62.6953125}, {"$id": 299, "type": 0, "pos": 1.5, "size": 1.0, "_time": 62.90625, "shift": 0.0, "time": 62.90625}, {"$id": 300, "type": 0, "pos": -1.0, "size": 1.0, "_time": 63.0351563, "shift": 0.0, "time": 63.0351563}, {"$id": 301, "type": 0, "pos": 1.5, "size": 1.0, "_time": 63.2460938, "shift": 0.0, "time": 63.2460938}, {"$id": 302, "type": 0, "pos": 1.0, "size": 1.0, "_time": 63.3710938, "shift": 0.0, "time": 63.3710938}, {"$id": 303, "type": 0, "pos": -1.5, "size": 1.0, "_time": 63.3710938, "shift": 0.0, "time": 63.3710938}, {"$id": 304, "type": 0, "pos": -1.0, "size": 1.0, "_time": 63.70703, "shift": 0.0, "time": 63.70703}, {"$id": 305, "type": 0, "pos": 2.0, "size": 1.30000007, "_time": 64.046875, "shift": 0.0, "time": 64.046875}, {"$id": 306, "type": 0, "pos": -0.5, "size": 1.0, "_time": 64.046875, "shift": 0.0, "time": 64.046875}, {"$id": 307, "type": 0, "pos": 1.5, "size": 1.0, "_time": 64.38281, "shift": 0.0, "time": 64.38281}, {"$id": 308, "type": 0, "pos": -1.0, "size": 1.0, "_time": 64.38281, "shift": 0.0, "time": 64.38281}, {"$id": 309, "type": 0, "sounds": [{"w": 0.0, "d": 0.316009521, "p": 75, "v": 113}], "pos": 0.0, "size": 1.0, "_time": 64.71875, "shift": 0.0, "time": 64.71875}, {"$id": 310, "type": 0, "pos": -1.5, "size": 1.0, "_time": 64.71875, "shift": 0.0, "time": 64.71875}, {"$id": 311, "type": 0, "pos": -1.5, "size": 1.0, "_time": 64.92969, "shift": 0.0, "time": 64.92969}, {"$id": 312, "type": 0, "sounds": [{"w": 0.0, "d": 0.365158081, "p": 77, "v": 118}], "pos": 0.694444, "size": 1.0, "_time": 65.05469, "shift": 0.0, "time": 65.05469}, {"$id": 313, "type": 0, "sounds": [{"w": 0.0, "d": 0.323028564, "p": 78, "v": 113}], "pos": 1.5, "size": 1.0, "_time": 65.39453, "shift": 0.0, "time": 65.39453}, {"$id": 314, "type": 0, "pos": -0.5, "size": 1.30000007, "_time": 65.39453, "shift": 0.0, "time": 65.39453}, {"$id": 315, "type": 0, "sounds": [{"w": 0.0, "d": 1.144661, "p": 80, "v": 106}], "pos": 2.0, "size": 1.0, "_time": 65.73047, "shift": 0.0, "time": 65.73047}, {"$id": 316, "type": 0, "pos": -1.0, "size": 1.0, "_time": 65.94141, "shift": 0.0, "time": 65.94141}, {"$id": 317, "type": 0, "pos": -0.5, "size": 1.0, "_time": 66.06641, "shift": 0.0, "time": 66.06641}, {"$id": 318, "type": 0, "pos": 1.5, "size": 1.0, "_time": 66.06641, "shift": 0.0, "time": 66.06641}, {"$id": 319, "type": 0, "pos": -0.5, "size": 1.0, "_time": 66.40625, "shift": 0.0, "time": 66.40625}, {"$id": 320, "type": 0, "pos": 1.5, "size": 1.0, "_time": 66.40625, "shift": 0.0, "time": 66.40625}, {"$id": 321, "type": 0, "pos": -1.5, "size": 1.30000007, "_time": 66.74219, "shift": 0.0, "time": 66.74219}, {"$id": 322, "type": 0, "pos": 1.5, "size": 1.0, "_time": 66.74219, "shift": 0.0, "time": 66.74219}, {"$id": 323, "type": 0, "sounds": [{"w": 0.0, "d": 0.266860962, "p": 78, "v": 112}], "pos": -1.72222328, "size": 1.0, "_time": 67.078125, "shift": 0.0, "time": 67.078125}, {"$id": 324, "type": 0, "pos": 1.5, "size": 1.0, "_time": 67.078125, "shift": 0.0, "time": 67.078125}, {"$id": 325, "type": 0, "sounds": [{"w": 0.0, "d": 0.119384766, "p": 80, "v": 78}], "pos": -1.47222328, "size": 1.0, "_time": 67.28906, "shift": 0.0, "time": 67.28906}, {"$id": 326, "type": 0, "sounds": [{"w": 0.0, "d": 0.463485718, "p": 82, "v": 99}], "pos": -1.22222328, "size": 1.0, "_time": 67.41406, "shift": 0.0, "time": 67.41406}, {"$id": 327, "type": 0, "pos": 1.0, "size": 1.0, "_time": 67.41406, "shift": 0.0, "time": 67.41406}, {"$id": 328, "type": 0, "pos": 1.0, "size": 1.0, "_time": 67.75391, "shift": 0.0, "time": 67.75391}, {"$id": 329, "type": 0, "sounds": [{"w": 0.0, "d": 0.17556, "p": 83, "v": 85}], "pos": -1.5, "size": 1.0, "_time": 67.96484, "shift": 0.0, "time": 67.96484}, {"$id": 330, "type": 0, "pos": -1.5, "size": 1.0, "_time": 68.08984, "shift": 0.0, "time": 68.08984}, {"$id": 331, "type": 0, "pos": 1.0, "size": 1.30000007, "_time": 68.08984, "shift": 0.0, "time": 68.08984}, {"$id": 332, "type": 0, "pos": -1.5, "size": 1.0, "_time": 68.30078, "shift": 0.0, "time": 68.30078}, {"$id": 333, "type": 0, "sounds": [{"w": 0.0, "d": 1.27106476, "p": 80, "v": 111}], "pos": 1.0, "size": 1.0, "_time": 68.42578, "shift": 0.0, "time": 68.42578}, {"$id": 334, "type": 0, "pos": -1.0, "size": 1.0, "_time": 68.63672, "shift": 0.0, "time": 68.63672}, {"$id": 335, "type": 0, "pos": -0.5, "size": 1.0, "_time": 68.765625, "shift": 0.0, "time": 68.765625}, {"$id": 336, "type": 0, "pos": 2.0, "size": 1.0, "_time": 68.765625, "shift": 0.0, "time": 68.765625}, {"$id": 337, "type": 0, "pos": 1.5, "size": 1.0, "_time": 69.10156, "shift": 0.0, "time": 69.10156}, {"$id": 338, "type": 0, "pos": -1.5, "size": 1.30000007, "_time": 69.4375, "shift": 0.0, "time": 69.4375}, {"$id": 339, "type": 0, "pos": 1.0, "size": 1.0, "_time": 69.4375, "shift": 0.0, "time": 69.4375}, {"$id": 340, "type": 0, "pos": -0.5, "size": 1.0, "_time": 69.77344, "shift": 0.0, "time": 69.77344}, {"$id": 341, "type": 0, "pos": 1.5, "size": 1.0, "_time": 69.77344, "shift": 0.0, "time": 69.77344}, {"$id": 342, "type": 0, "sounds": [{"w": 0.0, "d": 0.316009521, "p": 75, "v": 113}], "pos": 1.01388836, "size": 1.0, "_time": 70.11328, "shift": 0.0, "time": 70.11328}, {"$id": 343, "type": 0, "pos": -0.5, "size": 1.0, "_time": 70.11328, "shift": 0.0, "time": 70.11328}, {"$id": 344, "type": 0, "pos": -0.5, "size": 1.0, "_time": 70.32422, "shift": 0.0, "time": 70.32422}, {"$id": 345, "type": 0, "sounds": [{"w": 0.0, "d": 0.3932495, "p": 77, "v": 106}], "pos": 1.26388836, "size": 1.0, "_time": 70.44922, "shift": 0.0, "time": 70.44922}, {"$id": 346, "type": 0, "sounds": [{"w": 0.0, "d": 0.379211426, "p": 78, "v": 116}], "pos": 1.38888836, "size": 1.0, "_time": 70.78516, "shift": 0.0, "time": 70.78516}, {"$id": 347, "type": 0, "pos": -1.0, "size": 1.30000007, "_time": 70.78516, "shift": 0.0, "time": 70.78516}, {"$id": 348, "type": 0, "sounds": [{"w": 0.0, "d": 0.6601181, "p": 80, "v": 100}], "pos": 1.63888836, "size": 1.0, "_time": 71.125, "shift": 0.0, "time": 71.125}, {"$id": 349, "type": 0, "pos": -1.0, "size": 1.0, "_time": 71.33594, "shift": 0.0, "time": 71.33594}, {"$id": 350, "type": 0, "pos": -0.5, "size": 1.0, "_time": 71.46094, "shift": 0.0, "time": 71.46094}, {"$id": 351, "type": 0, "pos": 1.5, "size": 1.0, "_time": 71.46094, "shift": 0.0, "time": 71.46094}, {"$id": 352, "type": 0, "pos": -0.5, "size": 1.0, "_time": 71.796875, "shift": 0.0, "time": 71.796875}, {"$id": 353, "type": 0, "pos": 1.5, "size": 1.0, "_time": 71.796875, "shift": 0.0, "time": 71.796875}, {"$id": 354, "type": 0, "pos": -1.5, "size": 1.30000007, "_time": 72.13672, "shift": 0.0, "time": 72.13672}, {"$id": 355, "type": 0, "pos": 1.5, "size": 1.0, "_time": 72.13672, "shift": 0.0, "time": 72.13672}, {"$id": 356, "type": 0, "pos": 1.0, "size": 1.0, "_time": 72.47266, "shift": 0.0, "time": 72.47266}, {"$id": 357, "type": 0, "sounds": [{"w": 0.0, "d": 0.08426666, "p": 80, "v": 96}], "pos": -1.0, "size": 1.0, "_time": 72.68359, "shift": 0.0, "time": 72.68359}, {"$id": 358, "type": 0, "pos": -1.0, "size": 1.0, "_time": 72.80859, "shift": 0.0, "time": 72.80859}, {"$id": 359, "type": 0, "pos": 1.0, "size": 1.0, "_time": 72.80859, "shift": 0.0, "time": 72.80859}, {"$id": 360, "type": 0, "sounds": [{"w": 0.0, "d": 0.344093323, "p": 83, "v": 114}], "pos": 0.5, "size": 1.0, "_time": 73.14453, "shift": 0.0, "time": 73.14453}, {"$id": 361, "type": 0, "pos": -1.0, "size": 1.0, "_time": 73.35547, "shift": 0.0, "time": 73.35547}, {"$id": 362, "type": 0, "sounds": [{"w": 0.0, "d": 0.33707428, "p": 85, "v": 113}], "pos": 1.5, "size": 1.0, "_time": 73.484375, "shift": 0.0, "time": 73.484375}, {"$id": 363, "type": 0, "pos": -0.5, "size": 1.0, "_time": 73.484375, "shift": 0.0, "time": 73.484375}, {"$id": 364, "type": 0, "sounds": [{"w": 0.0, "d": 1.57302856, "p": 87, "v": 113}], "pos": 2.0, "size": 1.30000007, "_time": 73.82031, "shift": 0.0, "time": 73.82031}, {"$id": 365, "type": 0, "pos": -1.5, "size": 1.4000001, "_time": 73.82031, "shift": 0.0, "time": 73.82031}, {"$id": 366, "type": 0, "pos": 1.0, "size": 1.0, "_time": 74.83203, "shift": 0.0, "time": 74.83203}, {"$id": 367, "type": 0, "pos": -0.5, "size": 1.0, "_time": 74.83203, "shift": 0.0, "time": 74.83203}, {"$id": 368, "type": 0, "pos": 1.0, "size": 1.0, "_time": 75.04297, "shift": 0.0, "time": 75.04297}, {"$id": 369, "type": 0, "pos": -1.0, "size": 1.0, "_time": 75.16797, "shift": 0.0, "time": 75.16797}, {"$id": 370, "type": 0, "sounds": [{"w": 0.0, "d": 0.119384766, "p": 85, "v": 107}], "pos": 1.5, "size": 1.0, "_time": 75.37891, "shift": 0.0, "time": 75.37891}, {"$id": 371, "type": 0, "sounds": [{"w": 0.0, "d": 0.379211426, "p": 58, "v": 84}], "pos": -1.5, "size": 1.0, "_time": 75.50391, "shift": 0.0, "time": 75.50391}, {"$id": 372, "type": 0, "sounds": [{"w": 0.0, "d": 2.67555237, "p": 87, "v": 119}], "pos": 2.0, "size": 1.0, "_time": 75.50391, "shift": 0.0, "time": 75.50391}, {"$id": 373, "type": 0, "sounds": [{"w": 0.0, "d": 0.3651657, "p": 35, "v": 81}], "pos": 3.375, "size": 1.0, "_time": 75.50391, "shift": 0.0, "time": 75.50391}, {"$id": 374, "type": 0, "sounds": [{"w": 0.0, "d": 0.358139038, "p": 61, "v": 75}], "pos": -0.5, "size": 1.0, "_time": 78.203125, "shift": 0.0, "time": 78.203125}, {"$id": 375, "type": 0, "sounds": [{"w": 0.0, "d": 0.330055237, "p": 41, "v": 58}], "pos": -2.0, "size": 1.0, "_time": 78.203125, "shift": 0.0, "time": 78.203125}, {"$id": 376, "type": 0, "sounds": [{"w": 0.0, "d": 0.294944763, "p": 43, "v": 74}], "pos": -1.5, "size": 1.0, "_time": 79.21484, "shift": 0.0, "time": 79.21484}, {"$id": 377, "type": 0, "sounds": [{"w": 0.0, "d": 0.294944763, "p": 63, "v": 80}], "pos": 0.5, "size": 1.0, "_time": 79.21484, "shift": 0.0, "time": 79.21484}, {"$id": 378, "type": 0, "sounds": [{"w": 0.0, "d": 0.5828552, "p": 58, "v": 86}], "pos": -0.5, "size": 1.0, "_time": 80.89844, "shift": 0.0, "time": 80.89844}, {"$id": 379, "type": 0, "sounds": [{"w": 0.0, "d": 0.5758362, "p": 35, "v": 72}], "pos": -2.0, "size": 1.0, "_time": 80.89844, "shift": 0.0, "time": 80.89844}, {"$id": 380, "type": 0, "pos": -1.0, "size": 1.0, "_time": 83.46875, "shift": 0.0, "time": 83.46875}, {"$id": 381, "type": 0, "pos": 1.0, "size": 1.0, "_time": 83.59375, "shift": 0.0, "time": 83.59375}, {"$id": 382, "type": 0, "pos": 1.0, "size": 1.0, "_time": 84.14453, "shift": 0.0, "time": 84.14453}, {"$id": 383, "type": 0, "pos": -1.0, "size": 1.0, "_time": 84.26953, "shift": 0.0, "time": 84.26953}, {"$id": 384, "type": 0, "pos": -1.0, "size": 1.0, "_time": 84.81641, "shift": 0.0, "time": 84.81641}, {"$id": 385, "type": 0, "pos": 1.0, "size": 1.0, "_time": 84.94531, "shift": 0.0, "time": 84.94531}, {"$id": 386, "type": 0, "sounds": [{"w": 0.0, "d": 0.52668, "p": 63, "v": 106}], "pos": -0.5, "size": 1.0, "_time": 85.28125, "shift": 0.0, "time": 85.28125}, {"$id": 387, "type": 0, "sounds": [{"w": 0.0, "d": 0.25982666, "p": 75, "v": 116}], "pos": 2.0, "size": 1.0, "_time": 85.28125, "shift": 0.0, "time": 85.28125}, {"$id": 388, "type": 0, "sounds": [{"w": 0.0, "d": 0.2668457, "p": 77, "v": 123}], "pos": 1.0, "size": 1.0, "_time": 85.61719, "shift": 0.0, "time": 85.61719}, {"$id": 389, "type": 0, "sounds": [{"w": 0.0, "d": 0.27388, "p": 78, "v": 118}], "pos": 1.5, "size": 1.0, "_time": 85.95703, "shift": 0.0, "time": 85.95703}, {"$id": 390, "type": 0, "sounds": [{"w": 0.0, "d": 0.27388, "p": 80, "v": 111}], "pos": 2.0, "size": 1.0, "_time": 86.29297, "shift": 0.0, "time": 86.29297}, {"$id": 391, "type": 0, "sounds": [{"w": 0.0, "d": 0.36517334, "p": 35, "v": 81}], "pos": 3.375, "size": 1.0, "_time": 86.29297, "shift": 0.0, "time": 86.29297}, {"$id": 392, "type": 0, "pos": -1.5, "size": 1.30000007, "_time": 86.29297, "shift": 0.0, "time": 86.29297}, {"$id": 393, "type": 0, "sounds": [{"w": 0.0, "d": 0.168533325, "p": 78, "v": 108}], "pos": 1.0, "size": 1.0, "_time": 86.62891, "shift": 0.0, "time": 86.62891}, {"$id": 394, "type": 0, "sounds": [{"w": 0.0, "d": 0.189605713, "p": 82, "v": 106}], "pos": 2.0, "size": 1.0, "_time": 86.875, "shift": 0.0, "time": 86.875}, {"$id": 395, "type": 0, "pos": -0.5, "size": 1.30000007, "_time": 86.96484, "shift": 0.0, "time": 86.96484}, {"$id": 396, "type": 0, "sounds": [{"w": 0.0, "d": 0.07724762, "p": 80, "v": 104}], "pos": 1.5, "size": 1.0, "_time": 87.21094, "shift": 0.0, "time": 87.21094}, {"$id": 397, "type": 0, "sounds": [{"w": 0.0, "d": 0.3370819, "p": 85, "v": 123}], "pos": 2.0, "size": 1.0, "_time": 87.55078, "shift": 0.0, "time": 87.55078}, {"$id": 398, "type": 0, "pos": -1.5, "size": 1.30000007, "_time": 87.640625, "shift": 0.0, "time": 87.640625}, {"$id": 399, "type": 0, "sounds": [{"w": 0.0, "d": 0.07724762, "p": 83, "v": 79}], "pos": 2.0, "size": 1.0, "_time": 87.88672, "shift": 0.0, "time": 87.88672}, {"$id": 400, "type": 0, "pos": -1.5, "size": 1.30000007, "_time": 87.97656, "shift": 0.0, "time": 87.97656}, {"$id": 401, "type": 0, "sounds": [{"w": 0.0, "d": 0.266853333, "p": 82, "v": 85}], "pos": 1.5, "size": 1.0, "_time": 87.97656, "shift": 0.0, "time": 87.97656}, {"$id": 402, "type": 0, "sounds": [{"w": 0.0, "d": 0.07724762, "p": 80, "v": 101}], "pos": 1.0, "size": 1.0, "_time": 88.22266, "shift": 0.0, "time": 88.22266}, {"$id": 403, "type": 0, "pos": -0.5, "size": 1.30000007, "_time": 88.31641, "shift": 0.0, "time": 88.31641}, {"$id": 404, "type": 0, "sounds": [{"w": 0.0, "d": 0.189605713, "p": 82, "v": 115}], "pos": 2.0, "size": 1.0, "_time": 88.89844, "shift": 0.0, "time": 88.89844}, {"$id": 405, "type": 0, "pos": -1.5, "size": 1.30000007, "_time": 88.98828, "shift": 0.0, "time": 88.98828}, {"$id": 406, "type": 0, "sounds": [{"w": 0.0, "d": 0.0632019043, "p": 80, "v": 86}], "pos": 2.0, "size": 1.0, "_time": 89.234375, "shift": 0.0, "time": 89.234375}, {"$id": 407, "type": 0, "sounds": [{"w": 0.0, "d": 0.25982666, "p": 78, "v": 107}], "pos": 1.5, "size": 1.0, "_time": 89.32422, "shift": 0.0, "time": 89.32422}, {"$id": 408, "type": 0, "sounds": [{"w": 0.0, "d": 0.09831238, "p": 77, "v": 115}], "pos": 1.0, "size": 1.0, "_time": 89.57031, "shift": 0.0, "time": 89.57031}, {"$id": 409, "type": 0, "pos": -0.5, "size": 1.30000007, "_time": 89.66406, "shift": 0.0, "time": 89.66406}, {"$id": 410, "type": 0, "sounds": [{"w": 0.0, "d": 0.091293335, "p": 78, "v": 126}], "pos": 1.5, "size": 1.0, "_time": 89.91016, "shift": 0.0, "time": 89.91016}, {"$id": 411, "type": 0, "sounds": [{"w": 0.0, "d": 0.435386658, "p": 79, "v": 124}], "pos": 1.0, "size": 1.0, "_time": 90.24609, "shift": 0.0, "time": 90.24609}, {"$id": 412, "type": 0, "pos": -1.5, "size": 1.30000007, "_time": 90.33594, "shift": 0.0, "time": 90.33594}, {"$id": 413, "type": 0, "sounds": [{"w": 0.0, "d": 0.273872375, "p": 80, "v": 103}], "pos": 1.5, "size": 1.0, "_time": 90.67578, "shift": 0.0, "time": 90.67578}, {"$id": 414, "type": 0, "sounds": [{"w": 0.0, "d": 0.252807617, "p": 82, "v": 115}], "pos": 1.5, "size": 1.0, "_time": 91.01172, "shift": 0.0, "time": 91.01172}, {"$id": 415, "type": 0, "pos": -0.5, "size": 1.30000007, "_time": 91.01172, "shift": 0.0, "time": 91.01172}, {"$id": 416, "type": 0, "sounds": [{"w": 0.0, "d": 0.266853333, "p": 83, "v": 121}], "pos": 2.0, "size": 1.0, "_time": 91.34766, "shift": 0.0, "time": 91.34766}, {"$id": 417, "type": 0, "pos": -1.5, "size": 1.30000007, "_time": 91.34766, "shift": 0.0, "time": 91.34766}, {"$id": 418, "type": 0, "sounds": [{"w": 0.0, "d": 0.5758438, "p": 35, "v": 72}], "pos": 3.375, "size": 1.0, "_time": 91.68359, "shift": 0.0, "time": 91.68359}, {"$id": 419, "type": 0, "sounds": [{"w": 0.0, "d": 0.2598343, "p": 82, "v": 107}], "pos": 1.0, "size": 1.0, "_time": 91.68359, "shift": 0.0, "time": 91.68359}, {"$id": 420, "type": 0, "pos": -1.5, "size": 1.30000007, "_time": 91.68359, "shift": 0.0, "time": 91.68359}, {"$id": 421, "type": 0, "pos": -1.5, "size": 1.30000007, "_time": 91.89453, "shift": 0.0, "time": 91.89453}, {"$id": 422, "type": 0, "sounds": [{"w": 0.0, "d": 0.294937134, "p": 87, "v": 121}], "pos": 2.0, "size": 1.0, "_time": 92.02344, "shift": 0.0, "time": 92.02344}, {"$id": 423, "type": 0, "pos": -0.5, "size": 1.30000007, "_time": 92.359375, "shift": 0.0, "time": 92.359375}, {"$id": 424, "type": 0, "sounds": [{"w": 0.0, "d": 0.252807617, "p": 85, "v": 119}], "pos": 1.5, "size": 1.0, "_time": 92.69531, "shift": 0.0, "time": 92.69531}, {"$id": 425, "type": 0, "sounds": [{"w": 0.0, "d": 0.112358093, "p": 87, "v": 106}], "pos": 2.0, "size": 1.0, "_time": 92.94141, "shift": 0.0, "time": 92.94141}, {"$id": 426, "type": 0, "pos": -1.5, "size": 1.30000007, "_time": 93.03516, "shift": 0.0, "time": 93.03516}, {"$id": 427, "type": 0, "pos": -1.5, "size": 1.30000007, "_time": 93.37109, "shift": 0.0, "time": 93.37109}, {"$id": 428, "type": 0, "sounds": [{"w": 0.0, "d": 0.07724762, "p": 83, "v": 107}], "pos": 1.5, "size": 1.0, "_time": 93.61719, "shift": 0.0, "time": 93.61719}, {"$id": 429, "type": 0, "pos": -0.5, "size": 1.30000007, "_time": 93.70703, "shift": 0.0, "time": 93.70703}, {"$id": 430, "type": 0, "sounds": [{"w": 0.0, "d": 0.2598343, "p": 85, "v": 111}], "pos": 2.0, "size": 1.0, "_time": 93.70703, "shift": 0.0, "time": 93.70703}, {"$id": 431, "type": 0, "sounds": [{"w": 0.0, "d": 0.08426666, "p": 83, "v": 82}], "pos": 1.5, "size": 1.0, "_time": 93.953125, "shift": 0.0, "time": 93.953125}, {"$id": 432, "type": 0, "sounds": [{"w": 0.0, "d": 0.245788574, "p": 82, "v": 94}], "pos": 1.0, "size": 1.0, "_time": 94.046875, "shift": 0.0, "time": 94.046875}, {"$id": 433, "type": 0, "sounds": [{"w": 0.0, "d": 0.294944763, "p": 80, "v": 105}], "pos": 1.5, "size": 1.0, "_time": 94.28906, "shift": 0.0, "time": 94.28906}, {"$id": 434, "type": 0, "pos": -1.5, "size": 1.30000007, "_time": 94.38281, "shift": 0.0, "time": 94.38281}, {"$id": 435, "type": 0, "sounds": [{"w": 0.0, "d": 0.189598083, "p": 77, "v": 108}], "pos": 1.0, "size": 1.0, "_time": 94.62891, "shift": 0.0, "time": 94.62891}, {"$id": 436, "type": 0, "sounds": [{"w": 0.0, "d": 0.294944763, "p": 75, "v": 111}], "pos": 0.5, "size": 1.0, "_time": 94.71875, "shift": 0.0, "time": 94.71875}, {"$id": 437, "type": 0, "sounds": [{"w": 0.0, "d": 0.280899048, "p": 77, "v": 114}], "pos": 1.0, "size": 1.0, "_time": 95.05469, "shift": 0.0, "time": 95.05469}, {"$id": 438, "type": 0, "pos": -0.5, "size": 1.30000007, "_time": 95.05469, "shift": 0.0, "time": 95.05469}, {"$id": 439, "type": 0, "pos": -1.5, "size": 1.30000007, "_time": 95.265625, "shift": 0.0, "time": 95.265625}, {"$id": 440, "type": 0, "sounds": [{"w": 0.0, "d": 1.01824188, "p": 79, "v": 119}], "pos": 1.5, "size": 1.0, "_time": 95.39453, "shift": 0.0, "time": 95.39453}, {"$id": 441, "type": 0, "pos": -1.0, "size": 1.30000007, "_time": 95.73047, "shift": 0.0, "time": 95.73047}, {"$id": 442, "type": 0, "pos": 1.0, "size": 1.30000007, "_time": 96.06641, "shift": 0.0, "time": 96.06641}, {"$id": 443, "type": 0, "pos": 1.5, "size": 1.30000007, "_time": 96.40625, "shift": 0.0, "time": 96.40625}, {"$id": 444, "type": 0, "sounds": [{"w": 0.0, "d": 0.6179733, "p": 75, "v": 124}], "pos": -0.5, "size": 1.0, "_time": 96.42578, "shift": 0.0, "time": 96.42578}, {"$id": 445, "type": 0, "pos": 1.0, "size": 1.30000007, "_time": 96.74219, "shift": 0.0, "time": 96.74219}, {"$id": 446, "type": 0, "sounds": [{"w": 0.0, "d": 0.330055237, "p": 82, "v": 112}], "pos": -0.5, "size": 1.0, "_time": 97.078125, "shift": 0.0, "time": 97.078125}, {"$id": 447, "type": 0, "sounds": [{"w": 0.0, "d": 0.3651657, "p": 35, "v": 81}], "pos": 3.375, "size": 1.0, "_time": 97.078125, "shift": 0.0, "time": 97.078125}, {"$id": 448, "type": 0, "pos": 2.0, "size": 1.30000007, "_time": 97.078125, "shift": 0.0, "time": 97.078125}, {"$id": 449, "type": 0, "pos": 2.0, "size": 1.30000007, "_time": 97.28906, "shift": 0.0, "time": 97.28906}, {"$id": 450, "type": 0, "sounds": [{"w": 0.0, "d": 0.273872375, "p": 80, "v": 112}], "pos": -1.5, "size": 1.0, "_time": 97.41406, "shift": 0.0, "time": 97.41406}, {"$id": 451, "type": 0, "sounds": [{"w": 0.0, "d": 0.119384766, "p": 83, "v": 114}], "pos": -1.0, "size": 1.0, "_time": 97.66016, "shift": 0.0, "time": 97.66016}, {"$id": 452, "type": 0, "pos": 1.0, "size": 1.30000007, "_time": 97.75391, "shift": 0.0, "time": 97.75391}, {"$id": 453, "type": 0, "sounds": [{"w": 0.0, "d": 0.133430481, "p": 85, "v": 116}], "pos": -1.5, "size": 1.0, "_time": 98.0, "shift": 0.0, "time": 98.0}, {"$id": 454, "type": 0, "sounds": [{"w": 0.0, "d": 0.161514282, "p": 87, "v": 113}], "pos": -1.0, "size": 1.0, "_time": 98.33594, "shift": 0.0, "time": 98.33594}, {"$id": 455, "type": 0, "pos": 2.0, "size": 1.30000007, "_time": 98.42578, "shift": 0.0, "time": 98.42578}, {"$id": 456, "type": 0, "sounds": [{"w": 0.0, "d": 0.210670471, "p": 92, "v": 113}], "pos": -0.5, "size": 1.0, "_time": 98.671875, "shift": 0.0, "time": 98.671875}, {"$id": 457, "type": 0, "pos": 2.0, "size": 1.30000007, "_time": 98.765625, "shift": 0.0, "time": 98.765625}, {"$id": 458, "type": 0, "sounds": [{"w": 0.0, "d": 0.18258667, "p": 90, "v": 111}], "pos": -1.0, "size": 1.0, "_time": 99.01172, "shift": 0.0, "time": 99.01172}, {"$id": 459, "type": 0, "pos": 1.0, "size": 1.30000007, "_time": 99.10156, "shift": 0.0, "time": 99.10156}, {"$id": 460, "type": 0, "sounds": [{"w": 0.0, "d": 0.119384766, "p": 89, "v": 116}], "pos": -1.5, "size": 1.0, "_time": 99.34766, "shift": 0.0, "time": 99.34766}, {"$id": 461, "type": 0, "sounds": [{"w": 0.0, "d": 0.344100952, "p": 87, "v": 104}], "pos": -0.5, "size": 1.0, "_time": 99.68359, "shift": 0.0, "time": 99.68359}, {"$id": 462, "type": 0, "pos": 2.0, "size": 1.30000007, "_time": 99.77344, "shift": 0.0, "time": 99.77344}, {"$id": 463, "type": 0, "sounds": [{"w": 0.0, "d": 0.0561752319, "p": 85, "v": 103}], "pos": 0.0, "size": 1.0, "_time": 100.019531, "shift": 0.0, "time": 100.019531}, {"$id": 464, "type": 0, "sounds": [{"w": 0.0, "d": 0.245780945, "p": 83, "v": 90}], "pos": -0.5, "size": 1.0, "_time": 100.113281, "shift": 0.0, "time": 100.113281}, {"$id": 465, "type": 0, "sounds": [{"w": 0.0, "d": 0.08426666, "p": 85, "v": 91}], "pos": -0.5, "size": 1.0, "_time": 100.359375, "shift": 0.0, "time": 100.359375}, {"$id": 466, "type": 0, "pos": 1.0, "size": 1.30000007, "_time": 100.449219, "shift": 0.0, "time": 100.449219}, {"$id": 467, "type": 0, "sounds": [{"w": 0.0, "d": 0.2598343, "p": 83, "v": 93}], "pos": -1.0, "size": 1.0, "_time": 100.449219, "shift": 0.0, "time": 100.449219}, {"$id": 468, "type": 0, "pos": 2.0, "size": 1.30000007, "_time": 100.660156, "shift": 0.0, "time": 100.660156}, {"$id": 469, "type": 0, "sounds": [{"w": 0.0, "d": 0.0632019043, "p": 82, "v": 92}], "pos": -1.0, "size": 1.0, "_time": 100.695313, "shift": 0.0, "time": 100.695313}, {"$id": 470, "type": 0, "sounds": [{"w": 0.0, "d": 0.6741562, "p": 80, "v": 103}], "pos": -1.5, "size": 1.0, "_time": 100.785156, "shift": 0.0, "time": 100.785156}, {"$id": 471, "type": 0, "pos": 2.0, "size": 1.30000007, "_time": 101.125, "shift": 0.0, "time": 101.125}, {"$id": 472, "type": 0, "pos": 2.0, "size": 1.30000007, "_time": 101.460938, "shift": 0.0, "time": 101.460938}, {"$id": 473, "type": 0, "sounds": [{"w": 0.0, "d": 0.0632019043, "p": 80, "v": 82}], "pos": 0.0, "size": 1.0, "_time": 101.734375, "shift": 0.0, "time": 101.734375}, {"$id": 474, "type": 0, "pos": 1.5, "size": 1.30000007, "_time": 101.796875, "shift": 0.0, "time": 101.796875}, {"$id": 475, "type": 0, "sounds": [{"w": 0.0, "d": 0.18258667, "p": 82, "v": 91}], "pos": -0.5, "size": 1.0, "_time": 101.796875, "shift": 0.0, "time": 101.796875}, {"$id": 476, "type": 0, "sounds": [{"w": 0.0, "d": 0.091293335, "p": 80, "v": 64}], "pos": -0.5, "size": 1.0, "_time": 101.980469, "shift": 0.0, "time": 101.980469}, {"$id": 477, "type": 0, "sounds": [{"w": 0.0, "d": 0.0632019043, "p": 78, "v": 114}], "pos": -1.0, "size": 1.0, "_time": 102.070313, "shift": 0.0, "time": 102.070313}, {"$id": 478, "type": 0, "pos": 2.0, "size": 1.30000007, "_time": 102.132813, "shift": 0.0, "time": 102.132813}, {"$id": 479, "type": 0, "sounds": [{"w": 0.0, "d": 0.27388, "p": 77, "v": 126}], "pos": -1.5, "size": 1.0, "_time": 102.136719, "shift": 0.0, "time": 102.136719}, {"$id": 480, "type": 0, "sounds": [{"w": 0.0, "d": 0.0632019043, "p": 78, "v": 94}], "pos": -1.0, "size": 1.0, "_time": 102.410156, "shift": 0.0, "time": 102.410156}, {"$id": 481, "type": 0, "pos": 2.0, "size": 1.30000007, "_time": 102.472656, "shift": 0.0, "time": 102.472656}, {"$id": 482, "type": 0, "sounds": [{"w": 0.0, "d": 0.245780945, "p": 77, "v": 93}], "pos": -1.5, "size": 1.0, "_time": 102.472656, "shift": 0.0, "time": 102.472656}, {"$id": 483, "type": 0, "sounds": [{"w": 0.0, "d": 0.5758362, "p": 35, "v": 72}], "pos": 3.375, "size": 1.0, "_time": 102.472656, "shift": 0.0, "time": 102.472656}, {"$id": 484, "type": 0, "sounds": [{"w": 0.0, "d": 0.04915619, "p": 75, "v": 104}], "pos": -1.0, "size": 1.0, "_time": 102.71875, "shift": 0.0, "time": 102.71875}, {"$id": 485, "type": 0, "sounds": [{"w": 0.0, "d": 0.04915619, "p": 73, "v": 100}], "pos": 0.7222227, "size": 1.0, "_time": 103.054688, "shift": 0.0, "time": 103.054688}, {"$id": 486, "type": 0, "sounds": [{"w": 0.0, "d": 0.0632019043, "p": 71, "v": 113}], "pos": -1.0, "size": 1.0, "_time": 103.390625, "shift": 0.0, "time": 103.390625}, {"$id": 487, "type": 0, "pos": 2.0, "size": 1.30000007, "_time": 103.695313, "shift": 0.0, "time": 103.695313}, {"$id": 488, "type": 0, "sounds": [{"w": 0.0, "d": 0.393257141, "p": 70, "v": 98}], "pos": -1.5, "size": 1.0, "_time": 103.730469, "shift": 0.0, "time": 103.730469}, {"$id": 489, "type": 0, "sounds": [{"w": 0.0, "d": 0.2387619, "p": 68, "v": 103}], "pos": -1.0, "size": 1.0, "_time": 104.15625, "shift": 0.0, "time": 104.15625}, {"$id": 490, "type": 0, "pos": 2.0, "size": 1.30000007, "_time": 104.15625, "shift": 0.0, "time": 104.15625}, {"$id": 491, "type": 0, "sounds": [{"w": 0.0, "d": 0.231742859, "p": 73, "v": 121}], "pos": -0.5, "size": 1.0, "_time": 104.480469, "shift": 0.0, "time": 104.480469}, {"$id": 492, "type": 0, "pos": 1.0, "size": 1.30000007, "_time": 104.492188, "shift": 0.0, "time": 104.492188}, {"$id": 493, "type": 0, "sounds": [{"w": 0.0, "d": 0.154495239, "p": 73, "v": 111}], "pos": -0.5, "size": 1.0, "_time": 104.761719, "shift": 0.0, "time": 104.761719}, {"$id": 494, "type": 0, "sounds": [{"w": 0.0, "d": 0.091293335, "p": 75, "v": 104}], "pos": 1.0, "size": 1.0, "_time": 105.050781, "shift": 0.0, "time": 105.050781}, {"$id": 495, "type": 0, "sounds": [{"w": 0.0, "d": 0.2949524, "p": 61, "v": 80}], "pos": 3.0, "size": 1.0, "_time": 105.167969, "shift": 0.0, "time": 105.167969}, {"$id": 496, "type": 0, "sounds": [{"w": 0.0, "d": 0.175567627, "p": 75, "v": 101}], "pos": 1.0, "size": 1.0, "_time": 105.230469, "shift": 0.0, "time": 105.230469}, {"$id": 497, "type": 0, "sounds": [{"w": 0.0, "d": 0.119384766, "p": 77, "v": 119}], "pos": -1.0, "size": 1.0, "_time": 105.46875, "shift": 0.0, "time": 105.46875}, {"$id": 498, "type": 0, "sounds": [{"w": 0.0, "d": 0.09831238, "p": 77, "v": 77}], "pos": -1.0, "size": 1.0, "_time": 105.695313, "shift": 0.0, "time": 105.695313}, {"$id": 499, "type": 0, "sounds": [{"w": 0.0, "d": 0.17556, "p": 78, "v": 121}], "pos": 1.5, "size": 1.0, "_time": 105.890625, "shift": 0.0, "time": 105.890625}, {"$id": 500, "type": 0, "sounds": [{"w": 0.0, "d": 0.147468567, "p": 78, "v": 92}], "pos": 1.5, "size": 1.0, "_time": 106.117188, "shift": 0.0, "time": 106.117188}, {"$id": 501, "type": 0, "sounds": [{"w": 0.0, "d": 0.0631942749, "p": 80, "v": 90}], "pos": -0.5, "size": 1.0, "_time": 106.390625, "shift": 0.0, "time": 106.390625}, {"$id": 502, "type": 0, "sounds": [{"w": 0.0, "d": 0.154495239, "p": 80, "v": 82}], "pos": 1.0, "size": 1.0, "_time": 106.53125, "shift": 0.0, "time": 106.53125}, {"$id": 503, "type": 0, "sounds": [{"w": 0.0, "d": 0.133422852, "p": 82, "v": 100}], "pos": -1.0, "size": 1.0, "_time": 106.785156, "shift": 0.0, "time": 106.785156}, {"$id": 504, "type": 0, "sounds": [{"w": 0.0, "d": 0.17556, "p": 85, "v": 115}], "pos": 1.5, "size": 1.0, "_time": 107.042969, "shift": 0.0, "time": 107.042969}, {"$id": 505, "type": 0, "sounds": [{"w": 0.0, "d": 0.44241333, "p": 87, "v": 112}], "pos": 2.0, "size": 1.0, "_time": 107.324219, "shift": 0.0, "time": 107.324219}, {"$id": 506, "type": 0, "sounds": [{"w": 0.0, "d": 0.386230469, "p": 54, "v": 91}], "pos": -1.0, "size": 1.30000007, "_time": 107.863281, "shift": 0.0, "time": 107.863281}, {"$id": 507, "type": 0, "sounds": [{"w": 0.0, "d": 0.3651657, "p": 35, "v": 81}], "pos": 1.0, "size": 1.30000007, "_time": 107.863281, "shift": 0.0, "time": 107.863281}, {"$id": 508, "type": 0, "pos": 1.0, "size": 1.0, "_time": 108.203125, "shift": 0.0, "time": 108.203125}, {"$id": 509, "type": 0, "pos": 1.0, "size": 1.0, "_time": 108.414063, "shift": 0.0, "time": 108.414063}, {"$id": 510, "type": 0, "pos": -1.5, "size": 1.0, "_time": 108.539063, "shift": 0.0, "time": 108.539063}, {"$id": 511, "type": 0, "pos": 2.0, "size": 1.0, "_time": 108.875, "shift": 0.0, "time": 108.875}, {"$id": 512, "type": 0, "pos": -0.5, "size": 1.0, "_time": 109.085938, "shift": 0.0, "time": 109.085938}, {"$id": 513, "type": 0, "pos": 1.0, "size": 1.0, "_time": 109.214844, "shift": 0.0, "time": 109.214844}, {"$id": 514, "type": 0, "pos": -0.5, "size": 1.0, "_time": 109.421875, "shift": 0.0, "time": 109.421875}, {"$id": 515, "type": 0, "pos": 1.0, "size": 1.0, "_time": 109.550781, "shift": 0.0, "time": 109.550781}, {"$id": 516, "type": 0, "pos": -1.5, "size": 1.0, "_time": 109.886719, "shift": 0.0, "time": 109.886719}, {"$id": 517, "type": 0, "pos": 1.0, "size": 1.0, "_time": 110.222656, "shift": 0.0, "time": 110.222656}, {"$id": 518, "type": 0, "pos": 0.0, "size": 1.30000007, "_time": 110.5625, "shift": 0.0, "time": 110.5625}, {"$id": 519, "type": 0, "pos": 1.0, "size": 1.0, "_time": 111.109375, "shift": 0.0, "time": 111.109375}, {"$id": 520, "type": 0, "pos": -0.5, "size": 1.0, "_time": 111.234375, "shift": 0.0, "time": 111.234375}, {"$id": 521, "type": 0, "pos": -1.0, "size": 1.0, "_time": 111.445313, "shift": 0.0, "time": 111.445313}, {"$id": 522, "type": 0, "pos": 0.5, "size": 1.0, "_time": 111.574219, "shift": 0.0, "time": 111.574219}, {"$id": 523, "type": 0, "pos": 1.0, "size": 1.0, "_time": 111.785156, "shift": 0.0, "time": 111.785156}, {"$id": 524, "type": 0, "pos": -0.5, "size": 1.0, "_time": 111.910156, "shift": 0.0, "time": 111.910156}, {"$id": 525, "type": 0, "pos": -1.5, "size": 1.0, "_time": 112.246094, "shift": 0.0, "time": 112.246094}, {"$id": 526, "type": 0, "pos": 1.0, "size": 1.0, "_time": 112.457031, "shift": 0.0, "time": 112.457031}, {"$id": 527, "type": 0, "pos": -0.5, "size": 1.0, "_time": 112.582031, "shift": 0.0, "time": 112.582031}, {"$id": 528, "type": 0, "pos": -0.5, "size": 1.0, "_time": 112.792969, "shift": 0.0, "time": 112.792969}, {"$id": 529, "type": 0, "pos": 1.0, "size": 1.0, "_time": 112.921875, "shift": 0.0, "time": 112.921875}, {"$id": 530, "type": 0, "sounds": [{"w": 0.0, "d": 0.5758362, "p": 35, "v": 72}], "pos": 3.375, "size": 1.0, "_time": 113.257813, "shift": 0.0, "time": 113.257813}, {"$id": 531, "type": 0, "pos": -1.5, "size": 1.30000007, "_time": 113.257813, "shift": 0.0, "time": 113.257813}, {"$id": 532, "type": 0, "pos": -1.5, "size": 1.0, "_time": 113.59375, "shift": 0.0, "time": 113.59375}, {"$id": 533, "type": 0, "pos": 1.0, "size": 1.0, "_time": 113.804688, "shift": 0.0, "time": 113.804688}, {"$id": 534, "type": 0, "pos": -0.5, "size": 1.0, "_time": 113.933594, "shift": 0.0, "time": 113.933594}, {"$id": 535, "type": 0, "pos": -1.5, "size": 1.0, "_time": 114.269531, "shift": 0.0, "time": 114.269531}, {"$id": 536, "type": 0, "pos": -1.5, "size": 1.0, "_time": 114.480469, "shift": 0.0, "time": 114.480469}, {"$id": 537, "type": 0, "pos": 1.0, "size": 1.0, "_time": 114.605469, "shift": 0.0, "time": 114.605469}, {"$id": 538, "type": 0, "pos": 1.0, "size": 1.0, "_time": 114.945313, "shift": 0.0, "time": 114.945313}, {"$id": 539, "type": 0, "pos": -1.5, "size": 1.0, "_time": 115.28125, "shift": 0.0, "time": 115.28125}, {"$id": 540, "type": 0, "pos": 1.0, "size": 1.0, "_time": 115.492188, "shift": 0.0, "time": 115.492188}, {"$id": 541, "type": 0, "pos": -0.5, "size": 1.0, "_time": 115.617188, "shift": 0.0, "time": 115.617188}, {"$id": 542, "type": 0, "sounds": [{"w": 0.0, "d": 0.294944763, "p": 61, "v": 80}], "pos": 1.5, "size": 1.30000007, "_time": 115.953125, "shift": 0.0, "time": 115.953125}, {"$id": 543, "type": 0, "pos": -1.0, "size": 1.30000007, "_time": 115.953125, "shift": 0.0, "time": 115.953125}, {"$id": 544, "type": 0, "pos": -1.5, "size": 1.0, "_time": 116.292969, "shift": 0.0, "time": 116.292969}, {"$id": 545, "type": 0, "pos": -1.5, "size": 1.0, "_time": 116.503906, "shift": 0.0, "time": 116.503906}, {"$id": 546, "type": 0, "pos": 1.0, "size": 1.0, "_time": 116.628906, "shift": 0.0, "time": 116.628906}, {"$id": 547, "type": 0, "pos": -1.0, "size": 1.0, "_time": 116.839844, "shift": 0.0, "time": 116.839844}, {"$id": 548, "type": 0, "sounds": [{"w": 0.0, "d": 0.2528, "p": 63, "v": 79}], "pos": -1.5, "size": 1.30000007, "_time": 116.964844, "shift": 0.0, "time": 116.964844}, {"$id": 549, "type": 0, "pos": 0.5, "size": 1.30000007, "_time": 116.964844, "shift": 0.0, "time": 116.964844}, {"$id": 550, "type": 0, "pos": 1.5, "size": 1.0, "_time": 117.175781, "shift": 0.0, "time": 117.175781}, {"$id": 551, "type": 0, "pos": -1.5, "size": 1.0, "_time": 117.304688, "shift": 0.0, "time": 117.304688}, {"$id": 552, "type": 0, "sounds": [{"w": 0.0, "d": 0.52668, "p": 63, "v": 106}], "pos": -1.0, "size": 1.30000007, "_time": 117.640625, "shift": 0.0, "time": 117.640625}, {"$id": 553, "type": 0, "pos": 1.0, "size": 1.0, "_time": 117.640625, "shift": 0.0, "time": 117.640625}, {"$id": 554, "type": 0, "pos": -1.5, "size": 1.0, "_time": 117.851563, "shift": 0.0, "time": 117.851563}, {"$id": 555, "type": 0, "pos": 1.0, "size": 1.0, "_time": 117.976563, "shift": 0.0, "time": 117.976563}, {"$id": 556, "type": 0, "pos": -1.5, "size": 1.0, "_time": 118.3125, "shift": 0.0, "time": 118.3125}, {"$id": 557, "type": 0, "sounds": [{"w": 0.0, "d": 0.386230469, "p": 54, "v": 91}], "pos": 2.0, "size": 1.30000007, "_time": 118.652344, "shift": 0.0, "time": 118.652344}, {"$id": 558, "type": 0, "sounds": [{"w": 0.0, "d": 0.3651657, "p": 35, "v": 81}], "pos": 3.375, "size": 1.0, "_time": 118.652344, "shift": 0.0, "time": 118.652344}, {"$id": 559, "type": 0, "pos": -0.5, "size": 1.30000007, "_time": 118.652344, "shift": 0.0, "time": 118.652344}, {"$id": 560, "type": 0, "pos": 1.0, "size": 1.0, "_time": 118.863281, "shift": 0.0, "time": 118.863281}, {"$id": 561, "type": 0, "pos": -0.5, "size": 1.0, "_time": 118.988281, "shift": 0.0, "time": 118.988281}, {"$id": 562, "type": 0, "pos": 2.0, "size": 1.0, "_time": 119.324219, "shift": 0.0, "time": 119.324219}, {"$id": 563, "type": 0, "pos": -0.5, "size": 1.0, "_time": 119.664063, "shift": 0.0, "time": 119.664063}, {"$id": 564, "type": 0, "pos": 1.0, "size": 1.0, "_time": 119.875, "shift": 0.0, "time": 119.875}, {"$id": 565, "type": 0, "pos": -0.5, "size": 1.0, "_time": 120.0, "shift": 0.0, "time": 120.0}, {"$id": 566, "type": 0, "pos": -0.5, "size": 1.0, "_time": 120.335938, "shift": 0.0, "time": 120.335938}, {"$id": 567, "type": 0, "pos": 2.0, "size": 1.0, "_time": 120.671875, "shift": 0.0, "time": 120.671875}, {"$id": 568, "type": 0, "pos": 1.0, "size": 1.0, "_time": 121.011719, "shift": 0.0, "time": 121.011719}, {"$id": 569, "type": 0, "pos": -1.0, "size": 1.0, "_time": 121.222656, "shift": 0.0, "time": 121.222656}, {"$id": 570, "type": 0, "sounds": [{"w": 0.0, "d": 0.330055237, "p": 41, "v": 58}], "pos": -1.5, "size": 1.30000007, "_time": 121.347656, "shift": 0.0, "time": 121.347656}, {"$id": 571, "type": 0, "pos": 0.5, "size": 1.0, "_time": 121.347656, "shift": 0.0, "time": 121.347656}, {"$id": 572, "type": 0, "pos": -0.5, "size": 1.0, "_time": 121.683594, "shift": 0.0, "time": 121.683594}, {"$id": 573, "type": 0, "pos": -0.5, "size": 1.0, "_time": 121.894531, "shift": 0.0, "time": 121.894531}, {"$id": 574, "type": 0, "pos": 2.0, "size": 1.0, "_time": 122.023438, "shift": 0.0, "time": 122.023438}, {"$id": 575, "type": 0, "pos": 2.0, "size": 1.0, "_time": 122.234375, "shift": 0.0, "time": 122.234375}, {"$id": 576, "type": 0, "sounds": [{"w": 0.0, "d": 0.294944763, "p": 63, "v": 80}], "pos": 1.5, "size": 1.30000007, "_time": 122.359375, "shift": 0.0, "time": 122.359375}, {"$id": 577, "type": 0, "pos": -1.0, "size": 1.0, "_time": 122.359375, "shift": 0.0, "time": 122.359375}, {"$id": 578, "type": 0, "pos": -1.0, "size": 1.0, "_time": 122.570313, "shift": 0.0, "time": 122.570313}, {"$id": 579, "type": 0, "pos": 1.5, "size": 1.0, "_time": 122.695313, "shift": 0.0, "time": 122.695313}, {"$id": 580, "type": 0, "pos": -1.5, "size": 1.0, "_time": 123.03125, "shift": 0.0, "time": 123.03125}, {"$id": 581, "type": 0, "pos": -0.5, "size": 1.0, "_time": 123.242188, "shift": 0.0, "time": 123.242188}, {"$id": 582, "type": 0, "pos": 1.0, "size": 1.0, "_time": 123.371094, "shift": 0.0, "time": 123.371094}, {"$id": 583, "type": 0, "pos": 1.0, "size": 1.0, "_time": 123.582031, "shift": 0.0, "time": 123.582031}, {"$id": 584, "type": 0, "pos": -0.5, "size": 1.0, "_time": 123.707031, "shift": 0.0, "time": 123.707031}, {"$id": 585, "type": 0, "sounds": [{"w": 0.0, "d": 0.582862854, "p": 58, "v": 86}], "pos": -2.0, "size": 1.30000007, "_time": 124.042969, "shift": 0.0, "time": 124.042969}, {"$id": 586, "type": 0, "sounds": [{"w": 0.0, "d": 0.5758438, "p": 35, "v": 72}], "pos": 3.375, "size": 1.0, "_time": 124.042969, "shift": 0.0, "time": 124.042969}, {"$id": 587, "type": 0, "pos": 0.5, "size": 1.30000007, "_time": 124.042969, "shift": 0.0, "time": 124.042969}, {"$id": 588, "type": 0, "pos": -1.5, "size": 1.0, "_time": 124.257813, "shift": 0.0, "time": 124.257813}, {"$id": 589, "type": 0, "pos": -0.5, "size": 1.0, "_time": 124.59375, "shift": 0.0, "time": 124.59375}, {"$id": 590, "type": 0, "pos": 2.0, "size": 1.0, "_time": 124.71875, "shift": 0.0, "time": 124.71875}, {"$id": 591, "type": 0, "pos": -0.5, "size": 1.0, "_time": 125.054688, "shift": 0.0, "time": 125.054688}, {"$id": 592, "type": 0, "pos": -0.5, "size": 1.0, "_time": 125.265625, "shift": 0.0, "time": 125.265625}, {"$id": 593, "type": 0, "pos": 1.0, "size": 1.0, "_time": 125.394531, "shift": 0.0, "time": 125.394531}, {"$id": 594, "type": 0, "pos": 1.0, "size": 1.0, "_time": 125.730469, "shift": 0.0, "time": 125.730469}, {"$id": 595, "type": 0, "pos": -1.5, "size": 1.0, "_time": 126.066406, "shift": 0.0, "time": 126.066406}, {"$id": 596, "type": 0, "pos": -1.5, "size": 1.0, "_time": 126.402344, "shift": 0.0, "time": 126.402344}, {"$id": 597, "type": 0, "pos": 1.5, "size": 1.0, "_time": 126.613281, "shift": 0.0, "time": 126.613281}, {"$id": 598, "type": 0, "sounds": [{"w": 0.0, "d": 0.294944763, "p": 56, "v": 92}], "pos": 1.5, "size": 1.30000007, "_time": 126.742188, "shift": 0.0, "time": 126.742188}, {"$id": 599, "type": 0, "pos": -0.5, "size": 1.0, "_time": 126.742188, "shift": 0.0, "time": 126.742188}, {"$id": 600, "type": 0, "pos": -0.5, "size": 1.0, "_time": 127.078125, "shift": 0.0, "time": 127.078125}, {"$id": 601, "type": 0, "pos": -0.5, "size": 1.0, "_time": 127.289063, "shift": 0.0, "time": 127.289063}, {"$id": 602, "type": 0, "pos": 1.0, "size": 1.0, "_time": 127.414063, "shift": 0.0, "time": 127.414063}, {"$id": 603, "type": 0, "pos": 0.5, "size": 1.0, "_time": 127.625, "shift": 0.0, "time": 127.625}, {"$id": 604, "type": 0, "pos": -1.0, "size": 1.0, "_time": 127.753906, "shift": 0.0, "time": 127.753906}, {"$id": 605, "type": 0, "pos": -1.0, "size": 1.0, "_time": 127.960938, "shift": 0.0, "time": 127.960938}, {"$id": 606, "type": 0, "pos": 1.0, "size": 1.0, "_time": 128.089844, "shift": 0.0, "time": 128.089844}, {"$id": 607, "type": 0, "pos": -1.5, "size": 1.0, "_time": 128.300781, "shift": 0.0, "time": 128.300781}, {"$id": 608, "type": 0, "sounds": [{"w": 0.0, "d": 0.533706665, "p": 68, "v": 88}], "pos": 1.5, "size": 1.4000001, "_time": 128.425781, "shift": 0.0, "time": 128.425781}, {"$id": 609, "type": 0, "pos": -0.5, "size": 1.0, "_time": 128.636719, "shift": 0.0, "time": 128.636719}, {"$id": 610, "type": 0, "pos": 1.0, "size": 1.0, "_time": 128.761719, "shift": 0.0, "time": 128.761719}, {"$id": 611, "type": 0, "pos": 1.0, "size": 1.0, "_time": 128.972656, "shift": 0.0, "time": 128.972656}, {"$id": 612, "type": 0, "pos": -0.5, "size": 1.0, "_time": 129.101563, "shift": 0.0, "time": 129.101563}, {"$id": 613, "type": 0, "sounds": [{"w": 0.0, "d": 0.322952271, "p": 77, "v": 85}], "pos": 2.0, "size": 0.799999952, "_time": 129.4375, "shift": 0.0, "time": 129.4375}, {"$id": 614, "type": 0, "sounds": [{"w": 0.0, "d": 0.596801758, "p": 61, "v": 67}], "pos": -1.5, "size": 0.799999952, "_time": 129.4375, "shift": 0.0, "time": 129.4375}, {"$id": 615, "type": 0, "sounds": [{"w": 0.0, "d": 0.414291382, "p": 75, "v": 76}], "pos": 1.5, "size": 0.799999952, "_time": 129.773438, "shift": 0.0, "time": 129.773438}, {"$id": 616, "type": 0, "sounds": [{"w": 0.0, "d": 0.3440857, "p": 73, "v": 73}], "pos": 1.0, "size": 0.799999952, "_time": 130.113281, "shift": 0.0, "time": 130.113281}, {"$id": 617, "type": 0, "sounds": [{"w": 0.0, "d": 1.20071411, "p": 71, "v": 86}], "pos": 1.5, "size": 0.799999952, "_time": 130.449219, "shift": 0.0, "time": 130.449219}, {"$id": 618, "type": 0, "sounds": [{"w": 0.0, "d": 1.09536743, "p": 59, "v": 66}], "pos": -1.0, "size": 0.799999952, "_time": 130.449219, "shift": 0.0, "time": 130.449219}, {"$id": 619, "type": 0, "sounds": [{"w": 0.0, "d": 0.9409027, "p": 58, "v": 66}], "pos": -1.5, "size": 0.799999952, "_time": 132.132813, "shift": 0.0, "time": 132.132813}, {"$id": 620, "type": 0, "sounds": [{"w": 0.0, "d": 0.322952271, "p": 70, "v": 77}], "pos": 2.0, "size": 0.799999952, "_time": 132.132813, "shift": 0.0, "time": 132.132813}, {"$id": 621, "type": 0, "sounds": [{"w": 0.0, "d": 0.3440857, "p": 63, "v": 78}], "pos": -0.5, "size": 0.799999952, "_time": 132.472656, "shift": 0.0, "time": 132.472656}, {"$id": 622, "type": 0, "sounds": [{"w": 0.0, "d": 0.351104736, "p": 70, "v": 70}], "pos": 1.5, "size": 0.799999952, "_time": 132.8086, "shift": 0.0, "time": 132.8086}, {"$id": 623, "type": 0, "sounds": [{"w": 0.0, "d": 1.12350464, "p": 58, "v": 59}], "pos": -1.0, "size": 0.799999952, "_time": 133.144531, "shift": 0.0, "time": 133.144531}, {"$id": 624, "type": 0, "sounds": [{"w": 0.0, "d": 0.379135132, "p": 68, "v": 75}], "pos": 1.0, "size": 0.799999952, "_time": 133.144531, "shift": 0.0, "time": 133.144531}, {"$id": 625, "type": 0, "sounds": [{"w": 0.0, "d": 0.6039276, "p": 75, "v": 72}], "pos": 2.0, "size": 0.799999952, "_time": 133.820313, "shift": 0.0, "time": 133.820313}, {"$id": 626, "type": 0, "sounds": [{"w": 0.0, "d": 0.617904663, "p": 61, "v": 68}], "pos": 1.0, "size": 0.799999952, "_time": 134.832031, "shift": 0.0, "time": 134.832031}, {"$id": 627, "type": 0, "sounds": [{"w": 0.0, "d": 0.372131348, "p": 77, "v": 90}], "pos": -0.5, "size": 0.799999952, "_time": 134.832031, "shift": 0.0, "time": 134.832031}, {"$id": 628, "type": 0, "sounds": [{"w": 0.0, "d": 0.400268555, "p": 75, "v": 77}], "pos": -1.0, "size": 0.799999952, "_time": 135.167969, "shift": 0.0, "time": 135.167969}, {"$id": 629, "type": 0, "sounds": [{"w": 0.0, "d": 0.372192383, "p": 73, "v": 74}], "pos": -1.5, "size": 0.799999952, "_time": 135.5039, "shift": 0.0, "time": 135.5039}, {"$id": 630, "type": 0, "sounds": [{"w": 0.0, "d": 1.01811218, "p": 71, "v": 78}], "pos": -1.0, "size": 0.799999952, "_time": 135.84375, "shift": 0.0, "time": 135.84375}, {"$id": 631, "type": 0, "sounds": [{"w": 0.0, "d": 1.0040741, "p": 59, "v": 64}], "pos": 0.5, "size": 0.799999952, "_time": 135.84375, "shift": 0.0, "time": 135.84375}, {"$id": 632, "type": 0, "sounds": [{"w": 0.0, "d": 0.730316162, "p": 73, "v": 90}], "pos": -0.5, "size": 0.799999952, "_time": 136.851563, "shift": 0.0, "time": 136.851563}, {"$id": 633, "type": 0, "sounds": [{"w": 0.0, "d": 0.955001831, "p": 58, "v": 63}], "pos": -1.5, "size": 0.799999952, "_time": 137.527344, "shift": 0.0, "time": 137.527344}, {"$id": 634, "type": 0, "sounds": [{"w": 0.0, "d": 0.27381897, "p": 75, "v": 86}], "pos": 1.0, "size": 0.799999952, "_time": 137.527344, "shift": 0.0, "time": 137.527344}, {"$id": 635, "type": 0, "sounds": [{"w": 0.0, "d": 0.6741333, "p": 80, "v": 88}], "pos": 1.5, "size": 0.799999952, "_time": 138.203125, "shift": 0.0, "time": 138.203125}, {"$id": 636, "type": 0, "sounds": [{"w": 0.0, "d": 4.04483032, "p": 58, "v": 69}], "pos": -0.5, "size": 0.799999952, "_time": 138.875, "shift": 0.0, "time": 138.875}, {"$id": 637, "type": 0, "sounds": [{"w": 0.0, "d": 0.336959839, "p": 82, "v": 82}], "pos": 1.0, "size": 0.799999952, "_time": 138.875, "shift": 0.0, "time": 138.875}, {"$id": 638, "type": 0, "sounds": [{"w": 0.0, "d": 0.266860962, "p": 85, "v": 106}], "pos": 0.6388893, "size": 0.799999952, "_time": 139.550781, "shift": 0.0, "time": 139.550781}, {"$id": 639, "type": 0, "sounds": [{"w": 0.0, "d": 2.69662476, "p": 87, "v": 77}], "pos": 2.0, "size": 0.799999952, "_time": 140.222656, "shift": 0.0, "time": 140.222656}], "links": [{"notes": [{"$ref": 135}, {"$ref": 137}]}, {"notes": [{"$ref": 132}, {"$ref": 134}]}, {"notes": [{"$ref": 161}, {"$ref": 163}]}, {"notes": [{"$ref": 164}, {"$ref": 166}]}, {"notes": [{"$ref": 227}, {"$ref": 229}]}, {"notes": [{"$ref": 224}, {"$ref": 226}]}, {"notes": [{"$ref": 399}, {"$ref": 401}]}, {"notes": [{"$ref": 406}, {"$ref": 407}]}, {"notes": [{"$ref": 431}, {"$ref": 432}]}, {"notes": [{"$ref": 428}, {"$ref": 430}]}, {"notes": [{"$ref": 435}, {"$ref": 436}]}, {"notes": [{"$ref": 463}, {"$ref": 464}]}, {"notes": [{"$ref": 465}, {"$ref": 467}]}, {"notes": [{"$ref": 469}, {"$ref": 470}]}, {"notes": [{"$ref": 473}, {"$ref": 475}]}, {"notes": [{"$ref": 476}, {"$ref": 477}, {"$ref": 479}]}, {"notes": [{"$ref": 480}, {"$ref": 482}]}, {"notes": [{"$ref": 196}, {"$ref": 198}]}, {"notes": [{"$ref": 193}, {"$ref": 195}]}, {"notes": [{"$ref": 370}, {"$ref": 372}]}, {"notes": [{"$ref": 325}, {"$ref": 326}]}]}