{"speed": 10.0, "notes": [{"$id": 1, "sounds": [{"d": 0.08203125, "p": 71, "v": 62}], "pos": -1.5, "size": 1.0, "_time": 3.0}, {"$id": 2, "sounds": [{"d": 0.046875, "p": 74, "v": 63}], "pos": 0.5, "size": 1.0, "_time": 3.375}, {"$id": 3, "sounds": [{"d": 0.08984375, "p": 71, "v": 65}], "pos": -1.5, "size": 1.0, "_time": 3.75}, {"$id": 4, "sounds": [{"d": 0.05078125, "p": 74, "v": 63}], "pos": 0.5, "size": 1.0, "_time": 4.125}, {"$id": 5, "sounds": [{"d": 0.08203125, "p": 71, "v": 65}], "pos": -0.5, "size": 1.0, "_time": 4.3125}, {"$id": 6, "sounds": [{"d": 0.05859375, "p": 74, "v": 65}], "pos": 0.5, "size": 1.0, "_time": 4.6875}, {"$id": 7, "sounds": [{"d": 0.15625, "p": 79, "v": 68}], "pos": 1.5, "size": 1.0, "_time": 5.0625}, {"$id": 8, "sounds": [{"d": 0.19140625, "p": 71, "v": 60}], "pos": -0.5, "size": 1.0, "_time": 5.4375}, {"$id": 9, "sounds": [{"d": 0.078125, "p": 74, "v": 73}], "pos": 0.5, "size": 1.0, "_time": 5.625}, {"$id": 10, "sounds": [{"d": 0.078125, "p": 71, "v": 65}], "pos": -0.5, "size": 1.0, "_time": 6.0}, {"$id": 11, "sounds": [{"d": 0.0546875, "p": 74, "v": 67}], "pos": 1.5, "size": 1.0, "_time": 6.375}, {"$id": 12, "sounds": [{"d": 0.1328125, "p": 71, "v": 62}], "pos": -0.5, "size": 1.0, "_time": 6.75}, {"$id": 13, "sounds": [{"d": 0.1015625, "p": 74, "v": 70}], "pos": 1.5, "size": 1.0, "_time": 6.9375}, {"$id": 14, "sounds": [{"d": 0.14453125, "p": 69, "v": 65}], "pos": -1.5, "size": 1.0, "_time": 7.3125}, {"$id": 15, "sounds": [{"d": 0.05859375, "p": 71, "v": 62}], "pos": 0.5, "size": 1.0, "_time": 7.875}, {"$id": 16, "sounds": [{"d": 0.09765625, "p": 69, "v": 59}], "pos": -0.5, "size": 1.0, "_time": 8.25}, {"$id": 17, "sounds": [{"d": 0.05078125, "p": 71, "v": 62}], "pos": 0.5, "size": 1.0, "_time": 8.625}, {"$id": 18, "sounds": [{"d": 0.125, "p": 71, "v": 64}], "pos": -1.5, "size": 1.0, "_time": 9.0}, {"$id": 19, "sounds": [{"d": 0.05859375, "p": 74, "v": 68}], "pos": 0.5, "size": 1.0, "_time": 9.375}, {"$id": 20, "sounds": [{"d": 0.125, "p": 71, "v": 65}], "pos": -1.5, "size": 1.0, "_time": 9.75}, {"$id": 21, "sounds": [{"d": 0.0703125, "p": 74, "v": 63}], "pos": 0.5, "size": 1.0, "_time": 9.9375}, {"$id": 22, "sounds": [{"d": 0.13671875, "p": 71, "v": 62}], "pos": -0.5, "size": 1.0, "_time": 10.3125}, {"$id": 23, "sounds": [{"d": 0.07421875, "p": 74, "v": 68}], "pos": 0.5, "size": 1.0, "_time": 10.6875}, {"$id": 24, "sounds": [{"d": 0.1328125, "p": 79, "v": 67}], "pos": 1.5, "size": 1.0, "_time": 11.0625}, {"$id": 25, "sounds": [{"d": 0.171875, "p": 71, "v": 60}], "pos": -0.5, "size": 1.0, "_time": 11.4375}, {"$id": 26, "sounds": [{"d": 0.08203125, "p": 74, "v": 69}], "pos": 0.5, "size": 1.0, "_time": 11.625}, {"$id": 27, "sounds": [{"d": 0.12109375, "p": 71, "v": 65}], "pos": -0.5, "size": 1.0, "_time": 12.0}, {"$id": 28, "sounds": [{"d": 0.08203125, "p": 74, "v": 69}], "pos": 1.5, "size": 1.0, "_time": 12.375}, {"$id": 29, "sounds": [{"d": 0.1328125, "p": 71, "v": 62}], "pos": -0.5, "size": 1.0, "_time": 12.75}, {"$id": 30, "sounds": [{"d": 0.1015625, "p": 74, "v": 70}], "pos": 1.5, "size": 1.0, "_time": 12.9375}, {"$id": 31, "sounds": [{"d": 0.14453125, "p": 69, "v": 65}], "pos": -1.5, "size": 1.0, "_time": 13.3125}, {"$id": 32, "sounds": [{"d": 0.10546875, "p": 71, "v": 75}], "pos": 0.5, "size": 1.0, "_time": 13.875}, {"$id": 33, "sounds": [{"d": 0.34375, "p": 69, "v": 68}], "pos": -0.5, "size": 1.0, "_time": 14.25}, {"$id": 34, "sounds": [{"d": 0.08984375, "p": 71, "v": 75}], "pos": 0.5, "size": 1.0, "_time": 14.625}, {"$id": 35, "sounds": [{"d": 0.18359375, "p": 71, "v": 71}], "pos": 0.5, "size": 1.0, "_time": 15.0}, {"$id": 36, "sounds": [{"d": 0.17578125, "p": 57, "v": 71}], "pos": -1.5, "size": 1.30000007, "_time": 15.0}, {"$id": 37, "sounds": [{"d": 0.109375, "p": 74, "v": 73}], "pos": 1.5, "size": 1.0, "_time": 15.375}, {"$id": 38, "sounds": [{"d": 0.09765625, "p": 64, "v": 73}], "pos": -0.5, "size": 1.30000007, "_time": 15.375}, {"$id": 39, "sounds": [{"d": 0.20703125, "p": 71, "v": 71}], "pos": 0.5, "size": 1.0, "_time": 15.75}, {"$id": 40, "sounds": [{"d": 0.1328125, "p": 57, "v": 68}], "pos": -1.5, "size": 1.30000007, "_time": 15.75}, {"$id": 41, "sounds": [{"d": 0.15234375, "p": 74, "v": 85}], "pos": 1.5, "size": 1.0, "_time": 15.9375}, {"$id": 42, "sounds": [{"d": 0.1171875, "p": 64, "v": 70}], "pos": -1.0, "size": 1.30000007, "_time": 16.125}, {"$id": 43, "sounds": [{"d": 0.1953125, "p": 71, "v": 82}], "size": 1.0, "_time": 16.3125, "pos": 0}, {"$id": 44, "sounds": [{"d": 0.16796875, "p": 57, "v": 78}], "pos": -1.5, "size": 1.30000007, "_time": 16.5}, {"$id": 45, "sounds": [{"d": 0.1484375, "p": 74, "v": 82}], "pos": 1.0, "size": 1.0, "_time": 16.6875}, {"$id": 46, "sounds": [{"d": 0.109375, "p": 64, "v": 65}], "pos": -0.5, "size": 1.30000007, "_time": 16.875}, {"$id": 47, "sounds": [{"d": 0.21484375, "p": 79, "v": 81}], "pos": 2.0, "size": 1.0, "_time": 17.0625}, {"$id": 48, "sounds": [{"d": 0.3828125, "p": 57, "v": 70}], "pos": -1.5, "size": 1.30000007, "_time": 17.25}, {"$id": 49, "sounds": [{"d": 0.20703125, "p": 71, "v": 67}], "pos": 0.5, "size": 1.0, "_time": 17.4375}, {"$id": 50, "sounds": [{"d": 0.08984375, "p": 64, "v": 77}], "pos": -0.5, "size": 1.30000007, "_time": 17.625}, {"$id": 51, "sounds": [{"d": 0.08203125, "p": 74, "v": 77}], "pos": 1.5, "size": 1.0, "_time": 17.625}, {"$id": 52, "sounds": [{"d": 0.19921875, "p": 55, "v": 78}], "pos": -2.0, "size": 1.30000007, "_time": 18.0}, {"$id": 53, "sounds": [{"d": 0.17578125, "p": 71, "v": 78}], "pos": 0.5, "size": 1.0, "_time": 18.0}, {"$id": 54, "sounds": [{"d": 0.10546875, "p": 62, "v": 76}], "pos": -1.0, "size": 1.30000007, "_time": 18.375}, {"$id": 55, "sounds": [{"d": 0.09375, "p": 74, "v": 76}], "pos": 1.5, "size": 1.0, "_time": 18.375}, {"$id": 56, "sounds": [{"d": 0.1875, "p": 71, "v": 76}], "pos": 0.5, "size": 1.0, "_time": 18.75}, {"$id": 57, "sounds": [{"d": 0.18359375, "p": 55, "v": 76}], "pos": -2.0, "size": 1.30000007, "_time": 18.75}, {"$id": 58, "sounds": [{"d": 0.08984375, "p": 74, "v": 76}], "pos": 1.5, "size": 1.0, "_time": 18.9375}, {"$id": 59, "sounds": [{"d": 0.09765625, "p": 62, "v": 79}], "pos": -1.0, "size": 1.30000007, "_time": 19.125}, {"$id": 60, "sounds": [{"d": 0.10546875, "p": 66, "v": 76}], "size": 1.0, "_time": 19.3125, "pos": 0}, {"$id": 61, "sounds": [{"d": 0.13671875, "p": 55, "v": 69}], "pos": -2.0, "size": 1.30000007, "_time": 19.5}, {"$id": 62, "sounds": [{"d": 0.16015625, "p": 67, "v": 83}], "pos": 0.5, "size": 1.0, "_time": 19.6875}, {"$id": 63, "sounds": [{"d": 0.09765625, "p": 62, "v": 77}], "pos": -1.0, "size": 1.30000007, "_time": 19.875}, {"$id": 64, "sounds": [{"d": 0.17578125, "p": 69, "v": 88}], "pos": 1.0, "size": 1.0, "_time": 20.0625}, {"$id": 65, "sounds": [{"d": 0.40234375, "p": 55, "v": 87}], "pos": -2.0, "size": 1.30000007, "_time": 20.25}, {"$id": 66, "sounds": [{"d": 0.16796875, "p": 71, "v": 78}], "pos": 1.5, "size": 1.0, "_time": 20.4375}, {"$id": 67, "sounds": [{"d": 0.125, "p": 69, "v": 81}], "pos": 0.5, "size": 1.0, "_time": 20.625}, {"$id": 68, "sounds": [{"d": 0.09375, "p": 62, "v": 84}], "pos": -1.0, "size": 1.30000007, "_time": 20.625}, {"$id": 69, "sounds": [{"d": 0.10546875, "p": 71, "v": 71}], "pos": 1.5, "size": 1.0, "_time": 20.8125}, {"$id": 70, "sounds": [{"d": 0.1796875, "p": 57, "v": 76}], "pos": -1.5, "size": 1.30000007, "_time": 21.0}, {"$id": 71, "sounds": [{"d": 0.12890625, "p": 71, "v": 76}], "pos": 1.5, "size": 1.0, "_time": 21.0}, {"$id": 72, "sounds": [{"d": 0.09765625, "p": 64, "v": 76}], "pos": -0.5, "size": 1.30000007, "_time": 21.375}, {"$id": 73, "sounds": [{"d": 0.0859375, "p": 74, "v": 76}], "pos": 2.0, "size": 1.0, "_time": 21.375}, {"$id": 74, "sounds": [{"d": 0.16796875, "p": 57, "v": 69}], "pos": -1.5, "size": 1.30000007, "_time": 21.75}, {"$id": 75, "sounds": [{"d": 0.15625, "p": 71, "v": 69}], "pos": 0.5, "size": 1.0, "_time": 21.75}, {"$id": 76, "sounds": [{"d": 0.1328125, "p": 74, "v": 79}], "pos": 1.5, "size": 1.0, "_time": 21.9375}, {"$id": 77, "sounds": [{"d": 0.109375, "p": 64, "v": 73}], "pos": -1.0, "size": 1.30000007, "_time": 22.125}, {"$id": 78, "sounds": [{"d": 0.171875, "p": 71, "v": 73}], "size": 1.0, "_time": 22.3125, "pos": 0}, {"$id": 79, "sounds": [{"d": 0.1640625, "p": 57, "v": 65}], "pos": -1.5, "size": 1.30000007, "_time": 22.5}, {"$id": 80, "sounds": [{"d": 0.12109375, "p": 74, "v": 72}], "pos": 1.0, "size": 1.0, "_time": 22.6875}, {"$id": 81, "sounds": [{"d": 0.109375, "p": 64, "v": 72}], "pos": -0.5, "size": 1.30000007, "_time": 22.875}, {"$id": 82, "sounds": [{"d": 0.25, "p": 79, "v": 76}], "pos": 2.0, "size": 1.0, "_time": 23.0625}, {"$id": 83, "sounds": [{"d": 0.3984375, "p": 57, "v": 78}], "pos": -1.5, "size": 1.30000007, "_time": 23.25}, {"$id": 84, "sounds": [{"d": 0.18359375, "p": 71, "v": 71}], "pos": 0.5, "size": 1.0, "_time": 23.4375}, {"$id": 85, "sounds": [{"d": 0.08984375, "p": 64, "v": 79}], "pos": -0.5, "size": 1.30000007, "_time": 23.625}, {"$id": 86, "sounds": [{"d": 0.08984375, "p": 74, "v": 79}], "pos": 1.5, "size": 1.0, "_time": 23.625}, {"$id": 87, "sounds": [{"d": 0.1640625, "p": 55, "v": 73}], "pos": -1.5, "size": 1.30000007, "_time": 24.0}, {"$id": 88, "sounds": [{"d": 0.15234375, "p": 71, "v": 73}], "pos": 0.5, "size": 1.0, "_time": 24.0}, {"$id": 89, "sounds": [{"d": 0.09765625, "p": 74, "v": 71}], "pos": 1.5, "size": 1.0, "_time": 24.375}, {"$id": 90, "sounds": [{"d": 0.08984375, "p": 62, "v": 64}], "pos": -1.0, "size": 1.30000007, "_time": 24.375}, {"$id": 91, "sounds": [{"d": 0.1796875, "p": 71, "v": 68}], "pos": 0.5, "size": 1.0, "_time": 24.75}, {"$id": 92, "sounds": [{"d": 0.13671875, "p": 55, "v": 65}], "pos": -2.0, "size": 1.30000007, "_time": 24.75}, {"$id": 93, "sounds": [{"d": 0.08203125, "p": 74, "v": 77}], "pos": 1.5, "size": 1.0, "_time": 24.9375}, {"$id": 94, "sounds": [{"d": 0.12109375, "p": 62, "v": 69}], "pos": -1.0, "size": 1.30000007, "_time": 25.125}, {"$id": 95, "sounds": [{"d": 0.09765625, "p": 66, "v": 73}], "size": 1.0, "_time": 25.3125, "pos": 0}, {"$id": 96, "sounds": [{"d": 0.1484375, "p": 55, "v": 60}], "pos": -2.0, "size": 1.30000007, "_time": 25.5}, {"$id": 97, "sounds": [{"d": 0.17578125, "p": 67, "v": 65}], "pos": 0.5, "size": 1.0, "_time": 25.6875}, {"$id": 98, "sounds": [{"d": 0.12890625, "p": 62, "v": 62}], "pos": -1.0, "size": 1.30000007, "_time": 25.875}, {"$id": 99, "sounds": [{"d": 0.140625, "p": 69, "v": 67}], "pos": 1.0, "size": 1.0, "_time": 26.0625}, {"$id": 100, "sounds": [{"d": 0.30078125, "p": 55, "v": 61}], "pos": -2.0, "size": 1.30000007, "_time": 26.25}, {"$id": 101, "sounds": [{"d": 0.05859375, "p": 71, "v": 70}], "pos": 1.5, "size": 1.0, "_time": 26.4375}, {"$id": 102, "sounds": [{"d": 0.046875, "p": 62, "v": 68}], "pos": -1.0, "size": 1.30000007, "_time": 26.625}, {"$id": 103, "sounds": [{"d": 0.1171875, "p": 64, "v": 78}], "pos": -0.5, "size": 1.0, "_time": 27.0}, {"$id": 104, "sounds": [{"d": 0.05859375, "p": 67, "v": 74}], "pos": 1.5, "size": 1.0, "_time": 27.375}, {"$id": 105, "sounds": [{"d": 0.18359375, "p": 64, "v": 66}], "pos": -0.5, "size": 1.0, "_time": 27.75}, {"$id": 106, "sounds": [{"d": 0.14453125, "p": 67, "v": 78}], "pos": 1.5, "size": 1.0, "_time": 27.9375}, {"$id": 107, "sounds": [{"d": 0.0859375, "p": 71, "v": 73}], "pos": 0.5, "size": 1.0, "_time": 28.3125}, {"$id": 108, "sounds": [{"d": 0.12109375, "p": 74, "v": 81}], "pos": 1.5, "size": 1.0, "_time": 28.875}, {"$id": 109, "sounds": [{"d": 0.328125, "p": 71, "v": 73}], "pos": 0.5, "size": 1.0, "_time": 29.25}, {"$id": 110, "sounds": [{"d": 0.12109375, "p": 67, "v": 72}], "pos": -0.5, "size": 1.0, "_time": 29.625}, {"$id": 111, "sounds": [{"d": 0.15625, "p": 62, "v": 78}], "pos": -1.5, "size": 1.0, "_time": 30.0}, {"$id": 112, "sounds": [{"d": 0.109375, "p": 67, "v": 80}], "pos": 0.5, "size": 1.0, "_time": 30.375}, {"$id": 113, "sounds": [{"d": 0.171875, "p": 62, "v": 73}], "pos": -1.5, "size": 1.0, "_time": 30.75}, {"$id": 114, "sounds": [{"d": 0.16796875, "p": 67, "v": 73}], "pos": 0.5, "size": 1.0, "_time": 30.9375}, {"$id": 115, "sounds": [{"d": 0.125, "p": 71, "v": 81}], "pos": -0.5, "size": 1.0, "_time": 31.3125}, {"$id": 116, "sounds": [{"d": 0.15234375, "p": 74, "v": 75}], "pos": 1.5, "size": 1.0, "_time": 31.875}, {"$id": 117, "sounds": [{"d": 0.34375, "p": 71, "v": 71}], "pos": 0.5, "size": 1.0, "_time": 32.25}, {"$id": 118, "sounds": [{"d": 0.1484375, "p": 67, "v": 69}], "pos": -1.5, "size": 1.0, "_time": 32.625}, {"$id": 119, "sounds": [{"d": 0.14453125, "p": 64, "v": 64}], "pos": -0.5, "size": 1.0, "_time": 33.0}, {"$id": 120, "sounds": [{"d": 0.07421875, "p": 67, "v": 71}], "pos": 1.5, "size": 1.0, "_time": 33.375}, {"$id": 121, "sounds": [{"d": 0.20703125, "p": 64, "v": 69}], "pos": -0.5, "size": 1.0, "_time": 33.75}, {"$id": 122, "sounds": [{"d": 0.13671875, "p": 67, "v": 72}], "pos": 1.5, "size": 1.0, "_time": 33.9375}, {"$id": 123, "sounds": [{"d": 0.125, "p": 71, "v": 78}], "pos": 0.5, "size": 1.0, "_time": 34.3125}, {"$id": 124, "sounds": [{"d": 0.3046875, "p": 74, "v": 73}], "pos": 1.5, "size": 1.0, "_time": 34.875}, {"$id": 125, "sounds": [{"d": 0.34375, "p": 71, "v": 62}], "pos": 0.5, "size": 1.0, "_time": 35.25}, {"$id": 126, "sounds": [{"d": 0.390625, "p": 67, "v": 69}], "pos": -0.5, "size": 1.0, "_time": 35.625}, {"$id": 127, "sounds": [{"d": 0.74609375, "p": 62, "v": 68}], "pos": 1.5, "size": 1.0, "_time": 36.0}, {"$id": 128, "sounds": [{"d": 0.3515625, "p": 31, "v": 59}], "pos": -1.5, "size": 1.30000007, "_time": 36.0}, {"$id": 129, "sounds": [{"d": 0.4921875, "p": 60, "v": 68}], "pos": 1.0, "size": 1.0, "_time": 36.75}, {"$id": 130, "sounds": [{"d": 0.25, "p": 31, "v": 43}], "pos": -1.5, "size": 1.30000007, "_time": 36.75}, {"$id": 131, "sounds": [{"d": 0.2109375, "p": 31, "v": 39}], "pos": -1.5, "size": 1.30000007, "_time": 37.5}, {"$id": 132, "sounds": [{"d": 0.1015625, "p": 59, "v": 64}], "pos": 0.5, "size": 1.0, "_time": 37.5}, {"$id": 133, "sounds": [{"d": 0.09765625, "p": 43, "v": 57}], "pos": 0.5, "size": 1.30000007, "_time": 37.875}, {"$id": 134, "sounds": [{"d": 0.3203125, "p": 31, "v": 66}], "pos": -1.0, "size": 1.30000007, "_time": 38.25}, {"$id": 135, "sounds": [{"d": 0.0625, "p": 43, "v": 60}], "pos": 0.5, "size": 1.30000007, "_time": 38.625}, {"$id": 136, "sounds": [{"d": 0.34375, "p": 48, "v": 71}], "pos": -1.0, "size": 1.30000007, "_time": 39.0}, {"$id": 137, "sounds": [{"d": 0.32421875, "p": 64, "v": 71}], "pos": 1.0, "size": 1.0, "_time": 39.0}, {"$id": 138, "sounds": [{"d": 0.10546875, "p": 55, "v": 73}], "size": 1.30000007, "_time": 39.375, "pos": 0}, {"$id": 139, "sounds": [{"d": 0.1015625, "p": 67, "v": 73}], "pos": 2.0, "size": 1.0, "_time": 39.375}, {"$id": 140, "sounds": [{"d": 0.23046875, "p": 48, "v": 74}], "pos": -1.0, "size": 1.30000007, "_time": 39.75}, {"$id": 141, "sounds": [{"d": 0.19140625, "p": 64, "v": 74}], "pos": 1.0, "size": 1.0, "_time": 39.75}, {"$id": 142, "sounds": [{"d": 0.15625, "p": 67, "v": 82}], "pos": 2.0, "size": 1.0, "_time": 39.9375}, {"$id": 143, "sounds": [{"d": 0.1015625, "p": 55, "v": 69}], "size": 1.30000007, "_time": 40.125, "pos": 0}, {"$id": 144, "sounds": [{"d": 0.12109375, "p": 71, "v": 79}], "pos": 1.0, "size": 1.0, "_time": 40.3125}, {"$id": 145, "sounds": [{"d": 0.28515625, "p": 48, "v": 72}], "pos": -1.0, "size": 1.30000007, "_time": 40.5}, {"$id": 146, "sounds": [{"d": 0.24609375, "p": 74, "v": 77}], "pos": 2.0, "size": 1.0, "_time": 40.875}, {"$id": 147, "sounds": [{"d": 0.1015625, "p": 55, "v": 77}], "size": 1.30000007, "_time": 40.875, "pos": 0}, {"$id": 148, "sounds": [{"d": 0.3828125, "p": 48, "v": 71}], "pos": -1.0, "size": 1.30000007, "_time": 41.25}, {"$id": 149, "sounds": [{"d": 0.3515625, "p": 71, "v": 71}], "pos": 1.0, "size": 1.0, "_time": 41.25}, {"$id": 150, "sounds": [{"d": 0.1171875, "p": 67, "v": 73}], "size": 1.0, "_time": 41.625, "pos": 0}, {"$id": 151, "sounds": [{"d": 0.078125, "p": 55, "v": 73}], "pos": -2.0, "size": 1.30000007, "_time": 41.625}, {"$id": 152, "sounds": [{"d": 0.328125, "p": 43, "v": 65}], "pos": -1.5, "size": 1.30000007, "_time": 42.0}, {"$id": 153, "sounds": [{"d": 0.26171875, "p": 62, "v": 65}], "pos": 0.5, "size": 1.0, "_time": 42.0}, {"$id": 154, "sounds": [{"d": 0.10546875, "p": 67, "v": 74}], "pos": 1.5, "size": 1.0, "_time": 42.375}, {"$id": 155, "sounds": [{"d": 0.0703125, "p": 55, "v": 51}], "pos": -0.5, "size": 1.30000007, "_time": 42.375}, {"$id": 156, "sounds": [{"d": 0.26171875, "p": 43, "v": 65}], "pos": -1.5, "size": 1.30000007, "_time": 42.75}, {"$id": 157, "sounds": [{"d": 0.1875, "p": 62, "v": 71}], "pos": 0.5, "size": 1.0, "_time": 42.75}, {"$id": 158, "sounds": [{"d": 0.1640625, "p": 67, "v": 76}], "pos": 1.5, "size": 1.0, "_time": 42.9375}, {"$id": 159, "sounds": [{"d": 0.09375, "p": 55, "v": 61}], "pos": -0.5, "size": 1.30000007, "_time": 43.125}, {"$id": 160, "sounds": [{"d": 0.10546875, "p": 71, "v": 72}], "pos": 0.5, "size": 1.0, "_time": 43.3125}, {"$id": 161, "sounds": [{"d": 0.16015625, "p": 43, "v": 66}], "pos": -1.5, "size": 1.30000007, "_time": 43.5}, {"$id": 162, "sounds": [{"d": 0.22265625, "p": 74, "v": 74}], "pos": 2.0, "size": 1.0, "_time": 43.875}, {"$id": 163, "sounds": [{"d": 0.0859375, "p": 55, "v": 58}], "size": 1.30000007, "_time": 43.875, "pos": 0}, {"$id": 164, "sounds": [{"d": 0.359375, "p": 71, "v": 66}], "pos": 1.0, "size": 1.0, "_time": 44.25}, {"$id": 165, "sounds": [{"d": 0.28515625, "p": 43, "v": 62}], "pos": -1.0, "size": 1.30000007, "_time": 44.25}, {"$id": 166, "sounds": [{"d": 0.14453125, "p": 67, "v": 71}], "size": 1.0, "_time": 44.625, "pos": 0}, {"$id": 167, "sounds": [{"d": 0.05078125, "p": 55, "v": 59}], "pos": -2.0, "size": 1.30000007, "_time": 44.625}, {"$id": 168, "sounds": [{"d": 0.1953125, "p": 36, "v": 58}], "pos": -1.5, "size": 1.30000007, "_time": 45.0}, {"$id": 169, "sounds": [{"d": 0.1796875, "p": 64, "v": 63}], "pos": 0.5, "size": 1.0, "_time": 45.0}, {"$id": 170, "sounds": [{"d": 0.109375, "p": 43, "v": 60}], "pos": -1.0, "size": 1.30000007, "_time": 45.375}, {"$id": 171, "sounds": [{"d": 0.1015625, "p": 67, "v": 71}], "pos": 1.5, "size": 1.0, "_time": 45.375}, {"$id": 172, "sounds": [{"d": 0.21875, "p": 36, "v": 63}], "pos": -2.0, "size": 1.30000007, "_time": 45.75}, {"$id": 173, "sounds": [{"d": 0.18359375, "p": 64, "v": 68}], "pos": 0.5, "size": 1.0, "_time": 45.75}, {"$id": 174, "sounds": [{"d": 0.13671875, "p": 67, "v": 78}], "pos": 1.5, "size": 1.0, "_time": 45.9375}, {"$id": 175, "sounds": [{"d": 0.1171875, "p": 43, "v": 65}], "pos": -1.0, "size": 1.30000007, "_time": 46.125}, {"$id": 176, "sounds": [{"d": 0.140625, "p": 71, "v": 82}], "pos": 0.5, "size": 1.0, "_time": 46.3125}, {"$id": 177, "sounds": [{"d": 0.3203125, "p": 36, "v": 73}], "pos": -2.0, "size": 1.30000007, "_time": 46.5}, {"$id": 178, "sounds": [{"d": 0.23828125, "p": 74, "v": 81}], "pos": 2.0, "size": 1.0, "_time": 46.875}, {"$id": 179, "sounds": [{"d": 0.11328125, "p": 43, "v": 72}], "size": 1.30000007, "_time": 46.875, "pos": 0}, {"$id": 180, "sounds": [{"d": 0.359375, "p": 36, "v": 68}], "pos": -1.0, "size": 1.30000007, "_time": 47.25}, {"$id": 181, "sounds": [{"d": 0.35546875, "p": 71, "v": 71}], "pos": 1.0, "size": 1.0, "_time": 47.25}, {"$id": 182, "sounds": [{"d": 0.41796875, "p": 67, "v": 71}], "size": 1.0, "_time": 47.625, "pos": 0}, {"$id": 183, "sounds": [{"d": 0.05859375, "p": 43, "v": 62}], "pos": -2.0, "size": 1.30000007, "_time": 47.625}, {"$id": 184, "sounds": [{"d": 0.609375, "p": 62, "v": 76}], "pos": -1.0, "size": 1.0, "_time": 48.0}, {"$id": 185, "sounds": [{"d": 0.16015625, "p": 98, "v": 39}], "pos": 2.0, "size": 1.0, "_time": 48.0}, {"$id": 186, "sounds": [{"d": 0.19921875, "p": 96, "v": 39}], "pos": 1.5, "size": 1.0, "_time": 48.1875}, {"$id": 187, "sounds": [{"d": 0.1796875, "p": 95, "v": 54}], "pos": 1.0, "size": 1.0, "_time": 48.375}, {"$id": 188, "sounds": [{"d": 0.19921875, "p": 91, "v": 39}], "pos": 0.5, "size": 1.0, "_time": 48.5625}, {"$id": 189, "sounds": [{"d": 0.6328125, "p": 60, "v": 67}], "pos": -1.5, "size": 1.0, "_time": 48.75}, {"$id": 190, "sounds": [{"d": 0.296875, "p": 31, "v": 63}], "pos": 2.875, "size": 1.0, "_time": 48.75}, {"$id": 191, "sounds": [{"d": 0.20703125, "p": 94, "v": 44}], "pos": 1.0, "size": 1.0, "_time": 48.75}, {"$id": 192, "sounds": [{"d": 0.16796875, "p": 93, "v": 36}], "pos": 0.5, "size": 1.0, "_time": 48.9375}, {"$id": 193, "sounds": [{"d": 0.1796875, "p": 91, "v": 44}], "size": 1.0, "_time": 49.125, "pos": 0}, {"$id": 194, "sounds": [{"d": 0.1875, "p": 87, "v": 44}], "pos": -0.5, "size": 1.0, "_time": 49.3125}, {"$id": 195, "sounds": [{"d": 0.609375, "p": 86, "v": 48}], "size": 1.0, "_time": 49.5, "pos": 0}, {"$id": 196, "sounds": [{"d": 0.40625, "p": 31, "v": 63}], "pos": 2.875, "size": 1.0, "_time": 49.5}, {"$id": 197, "sounds": [{"d": 0.1875, "p": 59, "v": 73}], "pos": -2.0, "size": 1.0, "_time": 49.5}, {"$id": 198, "sounds": [{"d": 0.1875, "p": 60, "v": 73}], "pos": -1.0, "size": 1.0, "_time": 49.875}, {"$id": 199, "sounds": [{"d": 0.36328125, "p": 31, "v": 74}], "pos": 2.875, "size": 1.0, "_time": 50.25}, {"$id": 200, "sounds": [{"d": 0.1875, "p": 61, "v": 73}], "size": 1.0, "_time": 50.25, "pos": 0}, {"$id": 201, "sounds": [{"d": 0.19140625, "p": 62, "v": 73}], "pos": 1.0, "size": 1.0, "_time": 50.625}, {"$id": 202, "sounds": [{"d": 0.33203125, "p": 64, "v": 70}], "pos": -0.5, "size": 1.0, "_time": 51.0}, {"$id": 203, "sounds": [{"d": 0.08984375, "p": 67, "v": 82}], "pos": 1.5, "size": 1.0, "_time": 51.375}, {"$id": 204, "sounds": [{"d": 0.203125, "p": 64, "v": 66}], "pos": -0.5, "size": 1.0, "_time": 51.75}, {"$id": 205, "sounds": [{"d": 0.1328125, "p": 67, "v": 77}], "pos": 1.5, "size": 1.0, "_time": 51.9375}, {"$id": 206, "sounds": [{"d": 0.1015625, "p": 71, "v": 86}], "pos": 0.5, "size": 1.0, "_time": 52.3125}, {"$id": 207, "sounds": [{"d": 0.234375, "p": 74, "v": 81}], "pos": 1.5, "size": 1.0, "_time": 52.875}, {"$id": 208, "sounds": [{"d": 0.3671875, "p": 71, "v": 77}], "pos": 0.5, "size": 1.0, "_time": 53.25}, {"$id": 209, "sounds": [{"d": 0.23828125, "p": 67, "v": 81}], "pos": -0.5, "size": 1.0, "_time": 53.625}, {"$id": 210, "sounds": [{"d": 0.21484375, "p": 62, "v": 84}], "pos": -1.5, "size": 1.0, "_time": 54.0}, {"$id": 211, "sounds": [{"d": 0.0859375, "p": 67, "v": 73}], "pos": 0.5, "size": 1.0, "_time": 54.375}, {"$id": 212, "sounds": [{"d": 0.18359375, "p": 62, "v": 79}], "pos": -1.5, "size": 1.0, "_time": 54.75}, {"$id": 213, "sounds": [{"d": 0.14453125, "p": 67, "v": 80}], "pos": 0.5, "size": 1.0, "_time": 54.9375}, {"$id": 214, "sounds": [{"d": 0.10546875, "p": 71, "v": 89}], "pos": -0.5, "size": 1.0, "_time": 55.3125}, {"$id": 215, "sounds": [{"d": 0.1953125, "p": 74, "v": 81}], "pos": 1.5, "size": 1.0, "_time": 55.875}, {"$id": 216, "sounds": [{"d": 0.34375, "p": 71, "v": 83}], "pos": 0.5, "size": 1.0, "_time": 56.25}, {"$id": 217, "sounds": [{"d": 0.171875, "p": 67, "v": 75}], "pos": -1.5, "size": 1.0, "_time": 56.625}, {"$id": 218, "sounds": [{"d": 0.2734375, "p": 64, "v": 84}], "pos": -0.5, "size": 1.0, "_time": 57.0}, {"$id": 219, "sounds": [{"d": 0.09375, "p": 67, "v": 84}], "pos": 1.5, "size": 1.0, "_time": 57.375}, {"$id": 220, "sounds": [{"d": 0.171875, "p": 64, "v": 76}], "pos": -0.5, "size": 1.0, "_time": 57.75}, {"$id": 221, "sounds": [{"d": 0.15625, "p": 67, "v": 85}], "pos": 1.5, "size": 1.0, "_time": 57.9375}, {"$id": 222, "sounds": [{"d": 0.1328125, "p": 71, "v": 85}], "pos": 0.5, "size": 1.0, "_time": 58.3125}, {"$id": 223, "sounds": [{"d": 0.26171875, "p": 74, "v": 89}], "pos": 1.5, "size": 1.0, "_time": 58.875}, {"$id": 224, "sounds": [{"d": 0.359375, "p": 71, "v": 73}], "pos": 0.5, "size": 1.0, "_time": 59.2460938}, {"$id": 225, "sounds": [{"d": 0.40234375, "p": 67, "v": 73}], "pos": -0.5, "size": 1.0, "_time": 59.625}, {"$id": 226, "sounds": [{"d": 0.2578125, "p": 62, "v": 82}], "pos": -1.0, "size": 1.0, "_time": 60.0}, {"$id": 227, "sounds": [{"d": 0.06640625, "p": 79, "v": 66}], "pos": 2.0, "size": 1.0, "_time": 60.375}, {"$id": 228, "sounds": [{"d": 0.09765625, "p": 79, "v": 68}], "pos": 2.0, "size": 1.0, "_time": 60.5625}, {"$id": 229, "sounds": [{"d": 0.08984375, "p": 79, "v": 79}], "pos": 2.0, "size": 1.0, "_time": 60.9375}, {"$id": 230, "sounds": [{"d": 0.671875, "p": 79, "v": 78}], "pos": 2.0, "size": 1.0, "_time": 61.125}, {"$id": 231, "sounds": [{"d": 0.109375, "p": 55, "v": 87}], "pos": -2.0, "size": 1.0, "_time": 61.5}, {"$id": 232, "sounds": [{"d": 0.1015625, "p": 79, "v": 69}], "pos": 2.0, "size": 1.0, "_time": 61.875}, {"$id": 233, "sounds": [{"d": 0.28515625, "p": 79, "v": 67}], "pos": 2.0, "size": 1.0, "_time": 62.0625}, {"$id": 234, "sounds": [{"d": 0.265625, "p": 35, "v": 67}], "pos": 3.375, "size": 1.0, "_time": 62.25}, {"$id": 235, "sounds": [{"d": 0.08984375, "p": 79, "v": 62}], "pos": 2.0, "size": 1.0, "_time": 62.4375}, {"$id": 236, "sounds": [{"d": 0.46875, "p": 79, "v": 72}], "pos": 2.0, "size": 1.0, "_time": 62.625}, {"$id": 237, "sounds": [{"d": 0.14453125, "p": 60, "v": 75}], "pos": -1.0, "size": 1.0, "_time": 63.0}, {"$id": 238, "sounds": [{"d": 0.05078125, "p": 79, "v": 79}], "pos": 2.0, "size": 1.0, "_time": 63.375}, {"$id": 239, "sounds": [{"d": 0.10546875, "p": 79, "v": 80}], "pos": 2.0, "size": 1.0, "_time": 63.5625}, {"$id": 240, "sounds": [{"d": 0.1953125, "p": 33, "v": 65}], "pos": 3.125, "size": 1.0, "_time": 63.75}, {"$id": 241, "sounds": [{"d": 0.0625, "p": 79, "v": 79}], "pos": 2.0, "size": 1.0, "_time": 63.9375}, {"$id": 242, "sounds": [{"d": 0.59765625, "p": 79, "v": 83}], "pos": 2.0, "size": 1.0, "_time": 64.125}, {"$id": 243, "sounds": [{"d": 0.15625, "p": 64, "v": 79}], "pos": -0.5, "size": 1.0, "_time": 64.5}, {"$id": 244, "sounds": [{"d": 0.08203125, "p": 79, "v": 76}], "pos": 2.0, "size": 1.0, "_time": 64.875}, {"$id": 245, "sounds": [{"d": 0.2890625, "p": 66, "v": 78}], "size": 1.0, "_time": 65.0625, "pos": 0}, {"$id": 246, "sounds": [{"d": 0.2421875, "p": 79, "v": 68}], "pos": 2.0, "size": 1.0, "_time": 65.0625}, {"$id": 247, "sounds": [{"d": 0.25390625, "p": 33, "v": 73}], "pos": 3.125, "size": 1.0, "_time": 65.25}, {"$id": 248, "sounds": [{"d": 0.08203125, "p": 79, "v": 77}], "pos": 2.0, "size": 1.0, "_time": 65.4375}, {"$id": 249, "sounds": [{"d": 0.53125, "p": 79, "v": 75}], "pos": 2.0, "size": 1.0, "_time": 65.625}, {"$id": 250, "sounds": [{"d": 0.375, "p": 64, "v": 75}], "pos": -0.5, "size": 1.0, "_time": 65.625}, {"$id": 251, "sounds": [{"d": 0.16015625, "p": 62, "v": 81}], "pos": -1.5, "size": 1.0, "_time": 66.0}, {"$id": 252, "sounds": [{"d": 0.05078125, "p": 79, "v": 83}], "pos": 2.0, "size": 1.0, "_time": 66.375}, {"$id": 253, "sounds": [{"d": 0.20703125, "p": 79, "v": 78}], "pos": 2.0, "size": 1.0, "_time": 66.5625}, {"$id": 254, "sounds": [{"d": 0.3828125, "p": 31, "v": 73}], "pos": 2.875, "size": 1.0, "_time": 66.75}, {"$id": 255, "sounds": [{"d": 0.078125, "p": 79, "v": 73}], "pos": 2.0, "size": 1.0, "_time": 66.9375}, {"$id": 256, "sounds": [{"d": 0.55859375, "p": 79, "v": 76}], "pos": 2.0, "size": 1.0, "_time": 67.125}, {"$id": 257, "sounds": [{"d": 0.09765625, "p": 59, "v": 78}], "pos": -2.0, "size": 1.0, "_time": 67.5}, {"$id": 258, "sounds": [{"d": 0.08203125, "p": 79, "v": 79}], "pos": 2.0, "size": 1.0, "_time": 67.875}, {"$id": 259, "sounds": [{"d": 0.23046875, "p": 79, "v": 83}], "pos": 2.0, "size": 1.0, "_time": 68.0625}, {"$id": 260, "sounds": [{"d": 0.078125, "p": 79, "v": 71}], "pos": 2.0, "size": 1.0, "_time": 68.4375}, {"$id": 261, "sounds": [{"d": 0.55078125, "p": 79, "v": 71}], "pos": 2.0, "size": 1.0, "_time": 68.625}, {"$id": 262, "sounds": [{"d": 0.1953125, "p": 60, "v": 69}], "pos": -1.0, "size": 1.0, "_time": 69.0}, {"$id": 263, "sounds": [{"d": 0.05859375, "p": 79, "v": 70}], "pos": 2.0, "size": 1.0, "_time": 69.375}, {"$id": 264, "sounds": [{"d": 0.08984375, "p": 79, "v": 68}], "pos": 2.0, "size": 1.0, "_time": 69.5625}, {"$id": 265, "sounds": [{"d": 0.0546875, "p": 79, "v": 59}], "pos": 2.0, "size": 1.0, "_time": 69.9375}, {"$id": 266, "sounds": [{"d": 0.5, "p": 79, "v": 70}], "pos": 2.0, "size": 1.0, "_time": 70.125}, {"$id": 267, "sounds": [{"d": 0.171875, "p": 64, "v": 73}], "pos": -0.5, "size": 1.0, "_time": 70.5}, {"$id": 268, "sounds": [{"d": 0.0546875, "p": 79, "v": 71}], "pos": 2.0, "size": 1.0, "_time": 70.875}, {"$id": 269, "sounds": [{"d": 0.234375, "p": 79, "v": 71}], "pos": 2.0, "size": 1.0, "_time": 71.0625}, {"$id": 270, "sounds": [{"d": 0.1796875, "p": 66, "v": 71}], "size": 1.0, "_time": 71.0625, "pos": 0}, {"$id": 271, "sounds": [{"d": 0.0703125, "p": 79, "v": 71}], "pos": 2.0, "size": 1.0, "_time": 71.4375}, {"$id": 272, "sounds": [{"d": 0.5078125, "p": 79, "v": 67}], "pos": 2.0, "size": 1.0, "_time": 71.625}, {"$id": 273, "sounds": [{"d": 0.09765625, "p": 64, "v": 67}], "pos": -0.5, "size": 1.0, "_time": 71.625}, {"$id": 274, "sounds": [{"d": 0.1015625, "p": 62, "v": 66}], "pos": -1.5, "size": 1.0, "_time": 72.0}, {"$id": 275, "sounds": [{"d": 0.0703125, "p": 79, "v": 62}], "pos": 2.0, "size": 1.0, "_time": 72.375}, {"$id": 276, "sounds": [{"d": 0.08203125, "p": 79, "v": 65}], "pos": 2.0, "size": 1.0, "_time": 72.5625}, {"$id": 277, "sounds": [{"d": 0.0390625, "p": 79, "v": 62}], "pos": 2.0, "size": 1.0, "_time": 72.9375}, {"$id": 278, "sounds": [{"d": 0.52734375, "p": 79, "v": 62}], "pos": 2.0, "size": 1.0, "_time": 73.125}, {"$id": 279, "sounds": [{"d": 0.11328125, "p": 55, "v": 74}], "pos": -2.0, "size": 1.0, "_time": 73.5}, {"$id": 280, "sounds": [{"d": 0.09375, "p": 79, "v": 80}], "pos": 2.0, "size": 1.0, "_time": 73.875}, {"$id": 281, "sounds": [{"d": 0.04296875, "p": 79, "v": 72}], "pos": 2.0, "size": 1.0, "_time": 74.0625}, {"$id": 282, "sounds": [{"d": 0.0390625, "p": 79, "v": 74}], "pos": 2.0, "size": 1.0, "_time": 74.4375}, {"$id": 283, "sounds": [{"d": 0.4765625, "p": 79, "v": 78}], "pos": 2.0, "size": 1.0, "_time": 74.625}, {"$id": 284, "sounds": [{"d": 0.8515625, "p": 60, "v": 80}], "pos": -1.0, "size": 1.0, "_time": 75.0}, {"$id": 285, "sounds": [{"d": 0.05859375, "p": 79, "v": 84}], "pos": 2.0, "size": 1.0, "_time": 75.375}, {"$id": 286, "sounds": [{"d": 0.06640625, "p": 79, "v": 76}], "pos": 2.0, "size": 1.0, "_time": 75.5625}, {"$id": 287, "sounds": [{"d": 0.3671875, "p": 33, "v": 58}], "pos": 3.125, "size": 1.0, "_time": 75.75}, {"$id": 288, "sounds": [{"d": 0.046875, "p": 79, "v": 81}], "pos": 2.0, "size": 1.0, "_time": 75.9375}, {"$id": 289, "sounds": [{"d": 0.4609375, "p": 79, "v": 62}], "pos": 2.0, "size": 1.0, "_time": 76.125}, {"$id": 290, "sounds": [{"d": 0.09375, "p": 64, "v": 76}], "pos": -2.0, "size": 1.0, "_time": 76.5}, {"$id": 291, "sounds": [{"d": 0.04296875, "p": 79, "v": 67}], "pos": 2.0, "size": 1.0, "_time": 76.875}, {"$id": 292, "sounds": [{"d": 0.26171875, "p": 79, "v": 64}], "pos": 2.0, "size": 1.0, "_time": 77.0625}, {"$id": 293, "sounds": [{"d": 0.16015625, "p": 66, "v": 73}], "pos": -1.0, "size": 1.0, "_time": 77.0625}, {"$id": 294, "sounds": [{"d": 0.34765625, "p": 33, "v": 65}], "pos": 3.125, "size": 1.0, "_time": 77.25}, {"$id": 295, "sounds": [{"d": 0.046875, "p": 79, "v": 68}], "pos": 2.0, "size": 1.0, "_time": 77.4375}, {"$id": 296, "sounds": [{"d": 0.47265625, "p": 79, "v": 62}], "pos": 2.0, "size": 1.0, "_time": 77.625}, {"$id": 297, "sounds": [{"d": 0.08984375, "p": 67, "v": 71}], "size": 1.0, "_time": 77.625, "pos": 0}, {"$id": 298, "sounds": [{"d": 0.09375, "p": 62, "v": 76}], "pos": -1.0, "size": 1.0, "_time": 78.0}, {"$id": 299, "sounds": [{"d": 0.04296875, "p": 79, "v": 73}], "pos": 2.0, "size": 1.0, "_time": 78.375}, {"$id": 300, "sounds": [{"d": 0.0625, "p": 79, "v": 84}], "pos": 2.0, "size": 1.0, "_time": 78.5625}, {"$id": 301, "sounds": [{"d": 0.03515625, "p": 79, "v": 73}], "pos": 2.0, "size": 1.0, "_time": 78.9375}, {"$id": 302, "sounds": [{"d": 0.44921875, "p": 79, "v": 67}], "pos": 2.0, "size": 1.0, "_time": 79.13281}, {"$id": 303, "sounds": [{"d": 0.109375, "p": 59, "v": 76}], "pos": -2.0, "size": 1.0, "_time": 79.5}, {"$id": 304, "sounds": [{"d": 0.04296875, "p": 79, "v": 75}], "pos": 2.0, "size": 1.0, "_time": 79.875}, {"$id": 305, "sounds": [{"d": 0.05859375, "p": 79, "v": 60}], "pos": 2.0, "size": 1.0, "_time": 80.0625}, {"$id": 306, "sounds": [{"d": 0.1015625, "p": 79, "v": 76}], "pos": 2.0, "size": 1.0, "_time": 80.4375}, {"$id": 307, "sounds": [{"d": 0.4375, "p": 79, "v": 81}], "pos": 2.0, "size": 1.0, "_time": 80.625}, {"$id": 308, "sounds": [{"d": 0.3359375, "p": 60, "v": 77}], "pos": -1.0, "size": 1.0, "_time": 81.0}, {"$id": 309, "sounds": [{"d": 0.0390625, "p": 79, "v": 73}], "pos": 2.0, "size": 1.0, "_time": 81.375}, {"$id": 310, "sounds": [{"d": 0.1171875, "p": 79, "v": 73}], "pos": 2.0, "size": 1.0, "_time": 81.5625}, {"$id": 311, "sounds": [{"d": 0.04296875, "p": 79, "v": 62}], "pos": 2.0, "size": 1.0, "_time": 81.9375}, {"$id": 312, "sounds": [{"d": 0.5390625, "p": 79, "v": 73}], "pos": 2.0, "size": 1.0, "_time": 82.125}, {"$id": 313, "sounds": [{"d": 0.11328125, "p": 64, "v": 80}], "pos": -2.0, "size": 1.0, "_time": 82.5}, {"$id": 314, "sounds": [{"d": 0.16015625, "p": 86, "v": 73}], "pos": 2.0, "size": 1.0, "_time": 82.50781}, {"$id": 315, "sounds": [{"d": 0.19921875, "p": 84, "v": 63}], "pos": 1.5, "size": 1.0, "_time": 82.69922}, {"$id": 316, "sounds": [{"d": 0.18359375, "p": 83, "v": 77}], "pos": 1.0, "size": 1.0, "_time": 82.88672}, {"$id": 317, "sounds": [{"d": 0.22265625, "p": 66, "v": 78}], "pos": -1.0, "size": 1.0, "_time": 83.0625}, {"$id": 318, "sounds": [{"d": 0.203125, "p": 79, "v": 56}], "pos": 0.5, "size": 1.0, "_time": 83.06641}, {"$id": 319, "sounds": [{"d": 0.20703125, "p": 82, "v": 62}], "pos": 1.0, "size": 1.0, "_time": 83.26172}, {"$id": 320, "sounds": [{"d": 0.171875, "p": 81, "v": 69}], "pos": 0.5, "size": 1.0, "_time": 83.46484}, {"$id": 321, "sounds": [{"d": 0.2109375, "p": 64, "v": 66}], "pos": -2.0, "size": 1.0, "_time": 83.625}, {"$id": 322, "sounds": [{"d": 0.1796875, "p": 79, "v": 61}], "size": 1.0, "_time": 83.64453, "pos": 0}, {"$id": 323, "sounds": [{"d": 0.19140625, "p": 75, "v": 73}], "pos": -0.5, "size": 1.0, "_time": 83.82031}, {"$id": 324, "sounds": [{"d": 0.16015625, "p": 74, "v": 73}], "pos": 0.5, "size": 1.0, "_time": 84.00391}, {"$id": 325, "sounds": [{"d": 0.19921875, "p": 72, "v": 63}], "size": 1.0, "_time": 84.19531, "pos": 0}, {"$id": 326, "sounds": [{"d": 0.18359375, "p": 71, "v": 77}], "pos": -0.5, "size": 1.0, "_time": 84.38281}, {"$id": 327, "sounds": [{"d": 0.203125, "p": 67, "v": 56}], "pos": -1.0, "size": 1.0, "_time": 84.5625}, {"$id": 328, "sounds": [{"d": 0.21875, "p": 31, "v": 53}], "pos": 2.875, "size": 1.0, "_time": 84.75}, {"$id": 329, "sounds": [{"d": 0.2109375, "p": 70, "v": 62}], "pos": -0.5, "size": 1.0, "_time": 84.75781}, {"$id": 330, "sounds": [{"d": 0.171875, "p": 69, "v": 69}], "pos": -1.0, "size": 1.0, "_time": 84.96094}, {"$id": 331, "sounds": [{"d": 0.18359375, "p": 67, "v": 61}], "pos": -1.5, "size": 1.0, "_time": 85.140625}, {"$id": 332, "sounds": [{"d": 0.1875, "p": 63, "v": 73}], "pos": -2.0, "size": 1.0, "_time": 85.32031}, {"$id": 333, "sounds": [{"d": 0.17578125, "p": 31, "v": 44}], "pos": 2.875, "size": 1.0, "_time": 85.5}, {"$id": 334, "sounds": [{"d": 0.109375, "p": 59, "v": 72}, {"w": 0.0078125, "d": 0.2578125, "p": 62, "v": 77}], "pos": 0.5, "size": 1.0, "_time": 85.5}, {"$id": 335, "sounds": [{"d": 0.2578125, "p": 60, "v": 77}, {"d": 0.17578125, "p": 57, "v": 79}], "pos": -0.5, "size": 1.0, "_time": 85.875}, {"$id": 336, "sounds": [{"d": 0.2578125, "p": 59, "v": 77}, {"w": 0.00390625, "d": 0.3125, "p": 55, "v": 85}], "pos": -1.5, "size": 1.0, "_time": 86.24609}, {"$id": 337, "sounds": [{"d": 0.23828125, "p": 31, "v": 59}], "pos": 2.875, "size": 1.0, "_time": 86.25}, {"$id": 338, "sounds": [{"d": 0.2578125, "p": 59, "v": 77}, {"d": 0.28125, "p": 54, "v": 72}], "pos": -1.5, "size": 1.0, "_time": 86.625}, {"$id": 339, "sounds": [{"d": 0.33203125, "p": 64, "v": 77}], "pos": 1.0, "size": 1.0, "_time": 87.0}, {"$id": 340, "sounds": [{"d": 0.14453125, "p": 40, "v": 71}], "pos": -1.0, "size": 1.30000007, "_time": 87.0}, {"$id": 341, "sounds": [{"d": 0.09765625, "p": 47, "v": 86}], "size": 1.30000007, "_time": 87.375, "pos": 0}, {"$id": 342, "sounds": [{"d": 0.08984375, "p": 67, "v": 76}], "pos": 2.0, "size": 1.0, "_time": 87.375}, {"$id": 343, "sounds": [{"d": 0.203125, "p": 64, "v": 69}], "pos": 1.0, "size": 1.0, "_time": 87.75}, {"$id": 344, "sounds": [{"d": 0.1484375, "p": 40, "v": 62}], "pos": -1.0, "size": 1.30000007, "_time": 87.75}, {"$id": 345, "sounds": [{"d": 0.1328125, "p": 67, "v": 72}], "pos": 2.0, "size": 1.0, "_time": 87.9375}, {"$id": 346, "sounds": [{"d": 0.09765625, "p": 47, "v": 82}], "size": 1.30000007, "_time": 88.125, "pos": 0}, {"$id": 347, "sounds": [{"d": 0.1015625, "p": 71, "v": 75}], "pos": 1.0, "size": 1.0, "_time": 88.3125}, {"$id": 348, "sounds": [{"d": 0.11328125, "p": 40, "v": 70}], "pos": -1.0, "size": 1.30000007, "_time": 88.5}, {"$id": 349, "sounds": [{"d": 0.234375, "p": 74, "v": 81}], "pos": 2.0, "size": 1.0, "_time": 88.875}, {"$id": 350, "sounds": [{"d": 0.11328125, "p": 47, "v": 81}], "size": 1.30000007, "_time": 88.875, "pos": 0}, {"$id": 351, "sounds": [{"d": 0.3671875, "p": 71, "v": 73}], "pos": 1.0, "size": 1.0, "_time": 89.25}, {"$id": 352, "sounds": [{"d": 0.15625, "p": 40, "v": 73}], "pos": -1.0, "size": 1.30000007, "_time": 89.25}, {"$id": 353, "sounds": [{"d": 0.23828125, "p": 67, "v": 62}], "size": 1.0, "_time": 89.625, "pos": 0}, {"$id": 354, "sounds": [{"d": 0.1015625, "p": 47, "v": 62}], "pos": -2.0, "size": 1.30000007, "_time": 89.625}, {"$id": 355, "sounds": [{"d": 0.21484375, "p": 62, "v": 72}], "pos": 0.5, "size": 1.0, "_time": 90.0}, {"$id": 356, "sounds": [{"d": 0.12890625, "p": 38, "v": 74}], "pos": -1.5, "size": 1.30000007, "_time": 90.00781}, {"$id": 357, "sounds": [{"d": 0.11328125, "p": 47, "v": 75}], "pos": -0.5, "size": 1.30000007, "_time": 90.375}, {"$id": 358, "sounds": [{"d": 0.0859375, "p": 67, "v": 65}], "pos": 1.5, "size": 1.0, "_time": 90.375}, {"$id": 359, "sounds": [{"d": 0.18359375, "p": 62, "v": 70}], "pos": 0.5, "size": 1.0, "_time": 90.75}, {"$id": 360, "sounds": [{"d": 0.1015625, "p": 38, "v": 73}], "pos": -1.5, "size": 1.30000007, "_time": 90.75781}, {"$id": 361, "sounds": [{"d": 0.14453125, "p": 67, "v": 70}], "pos": 1.5, "size": 1.0, "_time": 90.9375}, {"$id": 362, "sounds": [{"d": 0.1015625, "p": 47, "v": 73}], "pos": -0.5, "size": 1.30000007, "_time": 91.125}, {"$id": 363, "sounds": [{"d": 0.10546875, "p": 71, "v": 77}], "pos": 0.5, "size": 1.0, "_time": 91.3125}, {"$id": 364, "sounds": [{"d": 0.1328125, "p": 38, "v": 65}], "pos": -1.5, "size": 1.30000007, "_time": 91.50781}, {"$id": 365, "sounds": [{"d": 0.1953125, "p": 74, "v": 78}], "pos": 2.0, "size": 1.0, "_time": 91.875}, {"$id": 366, "sounds": [{"d": 0.109375, "p": 47, "v": 78}], "size": 1.30000007, "_time": 91.875, "pos": 0}, {"$id": 367, "sounds": [{"d": 0.34375, "p": 71, "v": 82}], "pos": 1.0, "size": 1.0, "_time": 92.25}, {"$id": 368, "sounds": [{"d": 0.1328125, "p": 38, "v": 67}], "pos": -1.0, "size": 1.30000007, "_time": 92.25781}, {"$id": 369, "sounds": [{"d": 0.171875, "p": 67, "v": 73}], "size": 1.0, "_time": 92.625, "pos": 0}, {"$id": 370, "sounds": [{"d": 0.09375, "p": 47, "v": 73}], "pos": -2.0, "size": 1.30000007, "_time": 92.625}, {"$id": 371, "sounds": [{"d": 0.1796875, "p": 36, "v": 56}], "pos": -1.5, "size": 1.30000007, "_time": 93.0}, {"$id": 372, "sounds": [{"d": 0.1328125, "p": 64, "v": 69}], "pos": 0.5, "size": 1.0, "_time": 93.0}, {"$id": 373, "sounds": [{"d": 0.109375, "p": 43, "v": 67}], "pos": -1.0, "size": 1.30000007, "_time": 93.375}, {"$id": 374, "sounds": [{"d": 0.09375, "p": 67, "v": 67}], "pos": 1.0, "size": 1.0, "_time": 93.375}, {"$id": 375, "sounds": [{"d": 0.17578125, "p": 36, "v": 52}], "pos": -2.0, "size": 1.30000007, "_time": 93.75}, {"$id": 376, "sounds": [{"d": 0.171875, "p": 64, "v": 68}], "size": 1.0, "_time": 93.75, "pos": 0}, {"$id": 377, "sounds": [{"d": 0.15625, "p": 67, "v": 67}], "pos": 1.0, "size": 1.0, "_time": 93.9375}, {"$id": 378, "sounds": [{"d": 0.1015625, "p": 43, "v": 76}], "pos": -1.0, "size": 1.30000007, "_time": 94.125}, {"$id": 379, "sounds": [{"d": 0.1328125, "p": 71, "v": 71}], "size": 1.0, "_time": 94.3125, "pos": 0}, {"$id": 380, "sounds": [{"d": 0.125, "p": 36, "v": 73}], "pos": -2.0, "size": 1.30000007, "_time": 94.5}, {"$id": 381, "sounds": [{"d": 0.26171875, "p": 74, "v": 69}], "pos": 2.0, "size": 1.0, "_time": 94.875}, {"$id": 382, "sounds": [{"d": 0.125, "p": 43, "v": 78}], "size": 1.30000007, "_time": 94.875, "pos": 0}, {"$id": 383, "sounds": [{"d": 0.35546875, "p": 71, "v": 60}], "pos": 1.0, "size": 1.0, "_time": 95.25}, {"$id": 384, "sounds": [{"d": 0.15625, "p": 36, "v": 72}], "pos": -1.0, "size": 1.30000007, "_time": 95.25}, {"$id": 385, "sounds": [{"d": 0.40234375, "p": 67, "v": 73}], "size": 1.0, "_time": 95.625, "pos": 0}, {"$id": 386, "sounds": [{"d": 0.0859375, "p": 43, "v": 78}], "pos": -2.0, "size": 1.30000007, "_time": 95.625}, {"$id": 387, "sounds": [{"d": 0.609375, "p": 62, "v": 76}], "pos": 1.5, "size": 1.0, "_time": 96.0}, {"$id": 388, "sounds": [{"d": 0.2421875, "p": 31, "v": 71}], "pos": -1.5, "size": 1.30000007, "_time": 96.00781}, {"$id": 389, "sounds": [{"d": 0.6328125, "p": 60, "v": 67}], "pos": 0.5, "size": 1.0, "_time": 96.75}, {"$id": 390, "sounds": [{"d": 0.890625, "p": 59, "v": 73}], "pos": -0.5, "size": 1.0, "_time": 97.5}, {"$id": 391, "sounds": [{"d": 0.390625, "p": 83, "v": 65}], "pos": 1.0, "size": 1.0, "_time": 98.64453}, {"$id": 392, "sounds": [{"d": 0.7265625, "p": 86, "v": 69}], "pos": 2.0, "size": 1.0, "_time": 99.01953}, {"$id": 393, "sounds": [{"d": 0.13671875, "p": 76, "v": 48}], "pos": -2.0, "size": 1.0, "_time": 99.421875}, {"$id": 394, "sounds": [{"d": 0.30078125, "p": 79, "v": 52}], "pos": -1.0, "size": 1.0, "_time": 99.78906}, {"$id": 395, "sounds": [{"d": 0.12890625, "p": 76, "v": 45}], "pos": -2.0, "size": 1.0, "_time": 100.175781}, {"$id": 396, "sounds": [{"d": 0.11328125, "p": 84, "v": 63}], "size": 1.0, "_time": 100.519531, "pos": 0}, {"$id": 397, "sounds": [{"d": 0.11328125, "p": 76, "v": 50}], "pos": -2.0, "size": 1.0, "_time": 100.890625}, {"$id": 398, "sounds": [{"d": 0.30078125, "p": 86, "v": 63}], "pos": 2.0, "size": 1.0, "_time": 101.269531}, {"$id": 399, "sounds": [{"d": 0.08984375, "p": 76, "v": 54}], "pos": -2.0, "size": 1.0, "_time": 101.625}, {"$id": 400, "sounds": [{"d": 0.0546875, "p": 86, "v": 52}], "pos": 2.0, "size": 1.0, "_time": 101.804688}, {"$id": 401, "sounds": [{"d": 0.12109375, "p": 86, "v": 58}], "pos": 2.0, "size": 1.0, "_time": 101.964844}, {"$id": 402, "sounds": [{"d": 0.078125, "p": 83, "v": 63}], "pos": 1.0, "size": 1.0, "_time": 102.347656}, {"$id": 403, "sounds": [{"d": 0.13671875, "p": 67, "v": 62}], "pos": -2.0, "size": 1.0, "_time": 102.707031}, {"$id": 404, "sounds": [{"d": 0.0703125, "p": 74, "v": 48}], "size": 1.0, "_time": 103.089844, "pos": 0}, {"$id": 405, "sounds": [{"d": 0.07421875, "p": 67, "v": 60}], "pos": -2.0, "size": 1.0, "_time": 103.484375}, {"$id": 406, "sounds": [{"d": 0.078125, "p": 74, "v": 52}], "size": 1.0, "_time": 103.855469, "pos": 0}, {"$id": 407, "sounds": [{"d": 0.12890625, "p": 67, "v": 58}], "pos": -2.0, "size": 1.0, "_time": 104.242188}, {"$id": 408, "sounds": [{"d": 0.06640625, "p": 79, "v": 71}], "pos": -1.0, "size": 1.0, "_time": 104.605469}, {"$id": 409, "sounds": [{"d": 0.13671875, "p": 79, "v": 51}], "pos": -1.0, "size": 1.0, "_time": 104.769531}, {"$id": 410, "sounds": [{"d": 0.0859375, "p": 84, "v": 72}], "pos": 1.0, "size": 1.0, "_time": 104.984375}, {"$id": 411, "sounds": [{"d": 0.0703125, "p": 84, "v": 70}], "pos": 1.0, "size": 1.0, "_time": 105.382813}, {"$id": 412, "sounds": [{"d": 0.08203125, "p": 69, "v": 57}], "pos": -2.0, "size": 1.0, "_time": 105.734375}, {"$id": 413, "sounds": [{"d": 0.09375, "p": 76, "v": 57}], "size": 1.0, "_time": 106.113281, "pos": 0}, {"$id": 414, "sounds": [{"d": 0.06640625, "p": 69, "v": 49}], "pos": -2.0, "size": 1.0, "_time": 106.476563}, {"$id": 415, "sounds": [{"d": 0.05859375, "p": 76, "v": 57}], "size": 1.0, "_time": 106.824219, "pos": 0}, {"$id": 416, "sounds": [{"d": 0.08203125, "p": 79, "v": 55}], "pos": -1.0, "size": 1.0, "_time": 107.019531}, {"$id": 417, "sounds": [{"d": 0.10546875, "p": 86, "v": 68}], "pos": 1.0, "size": 1.0, "_time": 107.210938}, {"$id": 418, "sounds": [{"d": 0.06640625, "p": 88, "v": 59}], "pos": 2.0, "size": 1.0, "_time": 107.609375}, {"$id": 419, "sounds": [{"d": 1.9296875, "p": 86, "v": 66}], "pos": 1.0, "size": 1.0, "_time": 107.996094}, {"$id": 420, "sounds": [{"d": 0.09375, "p": 74, "v": 47}], "size": 1.0, "_time": 108.390625, "pos": 0}, {"$id": 421, "sounds": [{"d": 0.1328125, "p": 67, "v": 62}], "pos": -2.0, "size": 1.0, "_time": 108.765625}, {"$id": 422, "sounds": [{"d": 0.06640625, "p": 74, "v": 56}], "size": 1.0, "_time": 109.144531, "pos": 0}, {"$id": 423, "sounds": [{"d": 0.12890625, "p": 67, "v": 66}], "pos": -2.0, "size": 1.0, "_time": 109.53125}, {"$id": 424, "sounds": [{"d": 0.11328125, "p": 74, "v": 65}], "size": 1.0, "_time": 109.902344, "pos": 0}, {"$id": 425, "sounds": [{"d": 0.12890625, "p": 67, "v": 57}], "pos": -2.0, "size": 1.0, "_time": 110.285156}, {"$id": 426, "sounds": [{"d": 0.12890625, "p": 83, "v": 63}], "pos": 1.0, "size": 1.0, "_time": 110.660156}, {"$id": 427, "sounds": [{"d": 0.2890625, "p": 86, "v": 75}], "pos": 2.0, "size": 1.0, "_time": 111.046875}, {"$id": 428, "sounds": [{"d": 0.11328125, "p": 76, "v": 69}], "pos": -2.0, "size": 1.0, "_time": 111.417969}, {"$id": 429, "sounds": [{"d": 0.109375, "p": 79, "v": 69}], "pos": -1.0, "size": 1.0, "_time": 111.777344}, {"$id": 430, "sounds": [{"d": 0.10546875, "p": 76, "v": 60}], "pos": -2.0, "size": 1.0, "_time": 112.140625}, {"$id": 431, "sounds": [{"d": 0.109375, "p": 84, "v": 71}], "size": 1.0, "_time": 112.515625, "pos": 0}, {"$id": 432, "sounds": [{"d": 0.1015625, "p": 76, "v": 63}], "pos": -2.0, "size": 1.0, "_time": 112.855469}, {"$id": 433, "sounds": [{"d": 0.16015625, "p": 86, "v": 71}], "pos": 1.0, "size": 1.0, "_time": 113.253906}, {"$id": 434, "sounds": [{"d": 0.09375, "p": 76, "v": 57}], "pos": -2.0, "size": 1.0, "_time": 113.59375}, {"$id": 435, "sounds": [{"d": 0.109375, "p": 88, "v": 56}], "pos": 2.0, "size": 1.0, "_time": 113.777344}, {"$id": 436, "sounds": [{"d": 0.14453125, "p": 86, "v": 63}], "pos": 1.0, "size": 1.0, "_time": 113.972656}, {"$id": 437, "sounds": [{"d": 0.19921875, "p": 83, "v": 64}], "size": 1.0, "_time": 114.355469, "pos": 0}, {"$id": 438, "sounds": [{"d": 0.1015625, "p": 67, "v": 44}], "pos": -2.0, "size": 1.0, "_time": 114.738281}, {"$id": 439, "sounds": [{"d": 0.08203125, "p": 74, "v": 40}], "size": 1.0, "_time": 115.132813, "pos": 0}, {"$id": 440, "sounds": [{"d": 0.12890625, "p": 67, "v": 50}], "pos": -2.0, "size": 1.0, "_time": 115.472656}, {"$id": 441, "sounds": [{"d": 0.1015625, "p": 74, "v": 43}], "size": 1.0, "_time": 115.871094, "pos": 0}, {"$id": 442, "sounds": [{"d": 0.08203125, "p": 67, "v": 54}], "pos": -2.0, "size": 1.0, "_time": 116.238281}, {"$id": 443, "sounds": [{"d": 0.11328125, "p": 79, "v": 65}], "pos": -1.0, "size": 1.0, "_time": 116.617188}, {"$id": 444, "sounds": [{"d": 0.390625, "p": 84, "v": 62}], "pos": 1.0, "size": 1.0, "_time": 117.0}, {"$id": 445, "sounds": [{"d": 0.078125, "p": 76, "v": 50}], "size": 1.0, "_time": 117.417969, "pos": 0}, {"$id": 446, "sounds": [{"d": 0.2734375, "p": 84, "v": 62}], "pos": 1.0, "size": 1.0, "_time": 117.753906}, {"$id": 447, "sounds": [{"d": 0.09765625, "p": 76, "v": 57}], "size": 1.0, "_time": 118.148438, "pos": 0}, {"$id": 448, "sounds": [{"d": 0.06640625, "p": 69, "v": 49}], "pos": -2.0, "size": 1.0, "_time": 118.515625}, {"$id": 449, "sounds": [{"d": 0.05859375, "p": 76, "v": 57}], "size": 1.0, "_time": 118.863281, "pos": 0}, {"$id": 450, "sounds": [{"d": 0.10546875, "p": 83, "v": 57}], "pos": -1.0, "size": 1.0, "_time": 119.089844}, {"$id": 451, "sounds": [{"d": 0.23828125, "p": 84, "v": 56}], "pos": 1.0, "size": 1.0, "_time": 119.296875}, {"$id": 452, "sounds": [{"d": 0.125, "p": 83, "v": 60}], "size": 1.0, "_time": 119.648438, "pos": 0}, {"$id": 453, "sounds": [{"d": 0.66015625, "p": 79, "v": 53}], "pos": -1.0, "size": 1.0, "_time": 120.105469}, {"$id": 454, "sounds": [{"d": 0.1796875, "p": 74, "v": 34}], "size": 1.0, "_time": 120.5, "pos": 0}, {"$id": 455, "sounds": [{"d": 0.21484375, "p": 67, "v": 47}], "pos": -2.0, "size": 1.0, "_time": 120.914063}, {"$id": 456, "sounds": [{"d": 0.19140625, "p": 74, "v": 29}], "size": 1.0, "_time": 121.332031, "pos": 0}, {"$id": 457, "sounds": [{"d": 0.6484375, "p": 91, "v": 58}], "pos": 2.0, "size": 1.0, "_time": 121.714844}], "links": [{"notes": [{"$ref": 185}, {"$ref": 186}, {"$ref": 187}, {"$ref": 188}]}, {"notes": [{"$ref": 314}, {"$ref": 315}, {"$ref": 316}, {"$ref": 318}]}, {"notes": [{"$ref": 324}, {"$ref": 325}, {"$ref": 326}, {"$ref": 327}]}, {"notes": [{"$ref": 329}, {"$ref": 330}, {"$ref": 331}, {"$ref": 332}]}, {"notes": [{"$ref": 191}, {"$ref": 192}, {"$ref": 193}, {"$ref": 194}, {"$ref": 195}]}, {"notes": [{"$ref": 319}, {"$ref": 320}, {"$ref": 322}, {"$ref": 323}]}]}