{"speed": 10.0, "notes": [{"$id": 1, "pos": -1.5, "size": 1.0, "_time": 3.76171875}, {"$id": 2, "size": 1.0, "_time": 3.99609375, "pos": 0}, {"$id": 3, "size": 1.0, "_time": 4.23046875, "pos": 0}, {"$id": 4, "pos": 1.5, "size": 1.0, "_time": 4.46484375}, {"$id": 5, "pos": 1.5, "size": 1.0, "_time": 4.69921875}, {"$id": 6, "pos": 1.0, "size": 1.0, "_time": 4.81640625}, {"$id": 7, "size": 1.0, "_time": 4.9296875, "pos": 0}, {"$id": 8, "pos": -1.5, "size": 1.0, "_time": 5.1640625}, {"$id": 9, "pos": 1.5, "size": 1.0, "_time": 5.3984375}, {"$id": 10, "pos": -1.5, "size": 1.0, "_time": 5.6328125}, {"$id": 11, "pos": -0.5, "size": 1.0, "_time": 5.8671875}, {"$id": 12, "pos": 0.5, "size": 1.0, "_time": 6.1015625}, {"$id": 13, "pos": 1.5, "size": 1.0, "_time": 6.3359375}, {"$id": 14, "pos": 1.5, "size": 1.0, "_time": 6.5703125}, {"$id": 15, "pos": 1.0, "size": 1.0, "_time": 6.6875}, {"$id": 16, "size": 1.0, "_time": 6.8046875, "pos": 0}, {"$id": 17, "pos": -1.5, "size": 1.0, "_time": 7.03515625}, {"$id": 18, "pos": 0.5, "size": 1.0, "_time": 7.26953125}, {"$id": 19, "pos": -1.5, "size": 1.0, "_time": 7.50390625}, {"$id": 20, "size": 1.0, "_time": 7.73828125, "pos": 0}, {"$id": 21, "size": 1.0, "_time": 7.97265625, "pos": 0}, {"$id": 22, "pos": 1.5, "size": 1.0, "_time": 8.207031}, {"$id": 23, "pos": 1.5, "size": 1.0, "_time": 8.4375}, {"$id": 24, "pos": 1.0, "size": 1.0, "_time": 8.5546875}, {"$id": 25, "size": 1.0, "_time": 8.671875, "pos": 0}, {"$id": 26, "pos": -1.5, "size": 1.0, "_time": 8.90625}, {"$id": 27, "pos": 1.5, "size": 1.0, "_time": 9.140625}, {"$id": 28, "pos": -1.5, "size": 1.0, "_time": 9.375}, {"$id": 29, "pos": -0.5, "size": 1.0, "_time": 9.609375}, {"$id": 30, "pos": 0.5, "size": 1.0, "_time": 9.84375}, {"$id": 31, "pos": 1.5, "size": 1.0, "_time": 10.078125}, {"$id": 32, "pos": 1.5, "size": 1.0, "_time": 10.3125}, {"$id": 33, "pos": 1.0, "size": 1.0, "_time": 10.4296875}, {"$id": 34, "size": 1.0, "_time": 10.546875, "pos": 0}, {"$id": 35, "pos": -1.5, "size": 1.0, "_time": 10.78125}, {"$id": 36, "pos": -1.5, "size": 1.0, "_time": 11.25}, {"$id": 37, "size": 1.0, "_time": 11.25, "pos": 0}, {"$id": 38, "pos": 1.5, "size": 1.0, "_time": 11.484375}, {"$id": 39, "pos": -1.5, "size": 1.0, "_time": 11.71875}, {"$id": 40, "size": 1.0, "_time": 12.1875, "pos": 0}, {"$id": 41, "pos": -1.5, "size": 1.0, "_time": 12.1875}, {"$id": 42, "pos": 1.5, "size": 1.0, "_time": 12.421875}, {"$id": 43, "pos": -1.5, "size": 1.0, "_time": 12.65625}, {"$id": 44, "pos": -1.5, "size": 1.0, "_time": 13.125}, {"$id": 45, "size": 1.0, "_time": 13.125, "pos": 0}, {"$id": 46, "pos": 1.5, "size": 1.0, "_time": 13.359375}, {"$id": 47, "pos": -1.5, "size": 1.0, "_time": 13.59375}, {"$id": 48, "pos": -1.5, "size": 1.0, "_time": 14.0625}, {"$id": 49, "size": 1.0, "_time": 14.0625, "pos": 0}, {"$id": 50, "pos": 1.5, "size": 1.0, "_time": 14.296875}, {"$id": 51, "pos": -1.5, "size": 1.0, "_time": 14.53125}, {"$id": 52, "pos": -1.5, "size": 1.0, "_time": 15.0}, {"$id": 53, "pos": 1.5, "size": 1.0, "_time": 15.0}, {"$id": 54, "size": 1.0, "_time": 15.234375, "pos": 0}, {"$id": 55, "pos": -1.5, "size": 1.0, "_time": 15.46875}, {"$id": 56, "pos": -1.5, "size": 1.0, "_time": 15.9375}, {"$id": 57, "pos": 1.5, "size": 1.0, "_time": 15.9375}, {"$id": 58, "size": 1.0, "_time": 16.171875, "pos": 0}, {"$id": 59, "pos": -1.5, "size": 1.0, "_time": 16.40625}, {"$id": 60, "pos": -1.5, "size": 1.0, "_time": 16.875}, {"$id": 61, "pos": 1.5, "size": 1.0, "_time": 16.875}, {"$id": 62, "size": 1.0, "_time": 17.109375, "pos": 0}, {"$id": 63, "pos": -1.5, "size": 1.0, "_time": 17.34375}, {"$id": 64, "pos": -1.5, "size": 1.0, "_time": 17.8125}, {"$id": 65, "pos": 1.5, "size": 1.0, "_time": 17.8125}, {"$id": 66, "sounds": [{"d": 0.248046875, "p": 83, "v": 66}], "pos": 1.5, "size": 1.0, "_time": 18.046875}, {"$id": 67, "sounds": [{"d": 0.194335938, "p": 81, "v": 64}], "size": 1.0, "_time": 18.28125, "pos": 0}, {"$id": 68, "sounds": [{"d": 0.264648438, "p": 83, "v": 72}], "pos": 1.5, "size": 1.0, "_time": 18.515625}, {"$id": 69, "pos": -1.5, "size": 1.0, "_time": 18.75}, {"$id": 70, "sounds": [{"d": 1.67089844, "p": 76, "v": 59}], "pos": 1.5, "size": 1.0, "_time": 18.75}, {"$id": 71, "pos": -1.5, "size": 1.0, "_time": 19.21875}, {"$id": 72, "pos": -1.5, "size": 1.0, "_time": 19.6875}, {"$id": 73, "pos": -1.5, "size": 1.0, "_time": 20.15625}, {"$id": 74, "sounds": [{"d": 1.61328125, "p": 79, "v": 68}], "pos": 1.0, "size": 1.0, "_time": 20.390625}, {"$id": 75, "pos": -1.5, "size": 1.0, "_time": 20.625}, {"$id": 76, "pos": -1.5, "size": 1.0, "_time": 21.09375}, {"$id": 77, "pos": -1.5, "size": 1.0, "_time": 21.5625}, {"$id": 78, "pos": -1.5, "size": 1.0, "_time": 22.03125}, {"$id": 79, "sounds": [{"d": 0.247070313, "p": 78, "v": 57}], "size": 1.0, "_time": 22.03125, "pos": 0}, {"$id": 80, "sounds": [{"d": 1.87304688, "p": 86, "v": 64}], "pos": 2.0, "size": 1.0, "_time": 22.265625}, {"$id": 81, "pos": -1.5, "size": 1.0, "_time": 22.5}, {"$id": 82, "pos": -1.5, "size": 1.0, "_time": 22.96875}, {"$id": 83, "pos": -1.5, "size": 1.0, "_time": 23.4375}, {"$id": 84, "pos": -1.5, "size": 1.0, "_time": 23.90625}, {"$id": 85, "sounds": [{"d": 0.247070313, "p": 81, "v": 57}], "size": 1.0, "_time": 23.90625, "pos": 0}, {"$id": 86, "sounds": [{"d": 1.171875, "p": 83, "v": 72}], "pos": 1.0, "size": 1.0, "_time": 24.140625}, {"$id": 87, "pos": -1.5, "size": 1.0, "_time": 24.375}, {"$id": 88, "sounds": [{"d": 1.63867188, "p": 57, "v": 84}], "pos": 1.0, "size": 1.0, "_time": 24.609375}, {"$id": 89, "pos": -1.5, "size": 1.0, "_time": 24.84375}, {"$id": 90, "sounds": [{"d": 1.16992188, "p": 66, "v": 84}], "size": 1.0, "_time": 25.078125, "pos": 0}, {"$id": 91, "pos": -1.5, "size": 1.0, "_time": 25.3125}, {"$id": 92, "sounds": [{"d": 0.2265625, "p": 83, "v": 82}], "pos": 1.5, "size": 1.0, "_time": 25.546875}, {"$id": 93, "sounds": [{"d": 0.163085938, "p": 81, "v": 70}], "size": 1.0, "_time": 25.78125, "pos": 0}, {"$id": 94, "sounds": [{"d": 0.243164063, "p": 83, "v": 74}], "pos": 1.5, "size": 1.0, "_time": 26.015625}, {"$id": 95, "pos": -1.5, "size": 1.0, "_time": 26.25}, {"$id": 96, "sounds": [{"d": 1.28710938, "p": 76, "v": 84}], "pos": 1.5, "size": 1.0, "_time": 26.25}, {"$id": 97, "pos": -1.5, "size": 1.0, "_time": 26.71875}, {"$id": 98, "pos": -1.5, "size": 1.0, "_time": 27.1875}, {"$id": 99, "pos": -1.5, "size": 1.0, "_time": 27.65625}, {"$id": 100, "sounds": [{"d": 0.170898438, "p": 76, "v": 90}], "size": 1.0, "_time": 27.65625, "pos": 0}, {"$id": 101, "sounds": [{"d": 1.14648438, "p": 79, "v": 84}], "pos": 1.0, "size": 1.0, "_time": 27.890625}, {"$id": 102, "pos": -1.5, "size": 1.0, "_time": 28.125}, {"$id": 103, "pos": -1.5, "size": 1.0, "_time": 28.59375}, {"$id": 104, "pos": -1.5, "size": 1.0, "_time": 29.0625}, {"$id": 105, "pos": -1.5, "size": 1.0, "_time": 29.53125}, {"$id": 106, "sounds": [{"d": 0.1953125, "p": 76, "v": 80}], "size": 1.0, "_time": 29.53125, "pos": 0}, {"$id": 107, "sounds": [{"d": 1.63964844, "p": 81, "v": 87}], "pos": 2.0, "size": 1.0, "_time": 29.765625}, {"$id": 108, "pos": -1.5, "size": 1.0, "_time": 30.0}, {"$id": 109, "pos": 1.5, "size": 1.0, "_time": 30.234375}, {"$id": 110, "pos": -1.5, "size": 1.0, "_time": 30.46875}, {"$id": 111, "pos": 1.5, "size": 1.0, "_time": 30.703125}, {"$id": 112, "pos": -1.5, "size": 1.0, "_time": 30.9375}, {"$id": 113, "pos": 1.5, "size": 1.0, "_time": 31.171875}, {"$id": 114, "pos": -1.5, "size": 1.0, "_time": 31.40625}, {"$id": 115, "pos": 1.5, "size": 1.0, "_time": 31.640625}, {"$id": 116, "pos": -1.5, "size": 1.0, "_time": 31.875}, {"$id": 117, "pos": 1.5, "size": 1.0, "_time": 32.109375}, {"$id": 118, "pos": -1.5, "size": 1.0, "_time": 32.34375}, {"$id": 119, "pos": 1.5, "size": 1.0, "_time": 32.578125}, {"$id": 120, "pos": -1.5, "size": 1.0, "_time": 32.8125}, {"$id": 121, "pos": 1.5, "size": 1.0, "_time": 33.05078}, {"$id": 122, "pos": -1.0, "size": 1.0, "_time": 33.28125}, {"$id": 123, "pos": 1.0, "size": 1.0, "_time": 33.3984375}, {"$id": 124, "pos": -1.0, "size": 1.0, "_time": 33.51953}, {"$id": 125, "pos": 1.0, "size": 1.0, "_time": 33.63672}, {"$id": 126, "sounds": [{"d": 1.63867188, "p": 59, "v": 84}], "pos": -1.5, "size": 1.0, "_time": 33.984375}, {"$id": 127, "sounds": [{"d": 0.313476563, "p": 72, "v": 75}], "size": 1.0, "_time": 34.453125, "pos": 0}, {"$id": 128, "sounds": [{"d": 0.3408203, "p": 79, "v": 67}], "pos": 1.5, "size": 1.0, "_time": 34.921875}, {"$id": 129, "sounds": [{"d": 0.3408203, "p": 78, "v": 79}], "pos": -1.5, "size": 1.0, "_time": 35.390625}, {"$id": 130, "sounds": [{"d": 0.2939453, "p": 79, "v": 74}], "size": 1.0, "_time": 35.859375, "pos": 0}, {"$id": 131, "sounds": [{"d": 0.186523438, "p": 81, "v": 88}], "pos": 1.5, "size": 1.0, "_time": 36.328125}, {"$id": 132, "sounds": [{"d": 0.28125, "p": 79, "v": 67}], "pos": 0.5, "size": 1.0, "_time": 36.5625}, {"$id": 133, "sounds": [{"d": 0.227539063, "p": 78, "v": 84}], "pos": -0.5, "size": 1.0, "_time": 36.796875}, {"$id": 134, "sounds": [{"d": 0.180664063, "p": 74, "v": 84}], "pos": -1.5, "size": 1.0, "_time": 37.03125}, {"$id": 135, "sounds": [{"d": 0.295898438, "p": 79, "v": 79}], "pos": 1.5, "size": 1.0, "_time": 37.265625}, {"$id": 136, "sounds": [{"d": 1.63867188, "p": 59, "v": 84}], "pos": -1.5, "size": 1.30000007, "_time": 37.734375}, {"$id": 137, "sounds": [{"d": 2.234375, "p": 76, "v": 82}], "pos": 1.5, "size": 1.0, "_time": 37.734375}, {"$id": 138, "sounds": [{"d": 0.9355469, "p": 64, "v": 90}], "size": 1.30000007, "_time": 37.96875, "pos": 0}, {"$id": 139, "sounds": [{"d": 0.466796875, "p": 66, "v": 105}], "pos": 1.0, "size": 1.30000007, "_time": 38.203125}, {"$id": 140, "sounds": [{"d": 0.232421875, "p": 67, "v": 105}], "pos": 1.5, "size": 1.30000007, "_time": 38.4375}, {"$id": 141, "sounds": [{"d": 0.232421875, "p": 66, "v": 106}], "pos": -0.5, "size": 1.30000007, "_time": 38.671875}, {"$id": 142, "sounds": [{"d": 0.232421875, "p": 64, "v": 106}], "pos": -1.5, "size": 1.30000007, "_time": 38.90625}, {"$id": 143, "sounds": [{"d": 0.232421875, "p": 67, "v": 109}], "pos": 0.5, "size": 1.30000007, "_time": 39.140625}, {"$id": 144, "sounds": [{"d": 1.63867188, "p": 59, "v": 84}], "pos": -1.5, "size": 1.30000007, "_time": 39.609375}, {"$id": 145, "sounds": [{"d": 0.9355469, "p": 64, "v": 90}], "size": 1.30000007, "_time": 39.84375, "pos": 0}, {"$id": 146, "sounds": [{"d": 0.466796875, "p": 66, "v": 105}], "pos": 1.0, "size": 1.30000007, "_time": 40.078125}, {"$id": 147, "sounds": [{"d": 0.234375, "p": 71, "v": 64}], "pos": -1.0, "size": 1.0, "_time": 40.078125}, {"$id": 148, "sounds": [{"d": 0.232421875, "p": 67, "v": 97}], "pos": 1.5, "size": 1.30000007, "_time": 40.3125}, {"$id": 149, "sounds": [{"d": 0.266601563, "p": 74, "v": 82}], "pos": -1.5, "size": 1.0, "_time": 40.3125}, {"$id": 150, "sounds": [{"d": 0.22265625, "p": 76, "v": 57}], "pos": 1.0, "size": 1.0, "_time": 40.546875}, {"$id": 151, "sounds": [{"d": 0.232421875, "p": 66, "v": 92}], "pos": -1.0, "size": 1.30000007, "_time": 40.546875}, {"$id": 152, "sounds": [{"d": 0.232421875, "p": 79, "v": 81}], "pos": 2.0, "size": 1.0, "_time": 40.78125}, {"$id": 153, "sounds": [{"d": 0.232421875, "p": 64, "v": 101}], "pos": -2.0, "size": 1.30000007, "_time": 40.78125}, {"$id": 154, "sounds": [{"d": 0.349609375, "p": 78, "v": 72}], "pos": 1.0, "size": 1.0, "_time": 41.015625}, {"$id": 155, "sounds": [{"d": 0.232421875, "p": 67, "v": 106}], "pos": -1.0, "size": 1.30000007, "_time": 41.015625}, {"$id": 156, "sounds": [{"d": 0.294921875, "p": 71, "v": 84}], "pos": -1.5, "size": 1.0, "_time": 41.484375}, {"$id": 157, "sounds": [{"d": 0.327148438, "p": 72, "v": 88}], "size": 1.0, "_time": 41.953125, "pos": 0}, {"$id": 158, "sounds": [{"d": 0.295898438, "p": 79, "v": 88}], "pos": 1.5, "size": 1.0, "_time": 42.421875}, {"$id": 159, "sounds": [{"d": 0.236328125, "p": 78, "v": 95}], "pos": -1.5, "size": 1.0, "_time": 42.890625}, {"$id": 160, "sounds": [{"d": 0.3408203, "p": 79, "v": 90}], "size": 1.0, "_time": 43.125, "pos": 0}, {"$id": 161, "sounds": [{"d": 0.349609375, "p": 81, "v": 90}], "pos": 1.5, "size": 1.0, "_time": 43.359375}, {"$id": 162, "sounds": [{"d": 0.326171875, "p": 79, "v": 88}], "size": 1.0, "_time": 43.828125, "pos": 0}, {"$id": 163, "sounds": [{"d": 0.282226563, "p": 78, "v": 93}], "pos": 1.0, "size": 1.0, "_time": 44.296875}, {"$id": 164, "sounds": [{"d": 0.24609375, "p": 74, "v": 93}], "pos": -1.0, "size": 1.0, "_time": 44.53125}, {"$id": 165, "sounds": [{"d": 1.171875, "p": 79, "v": 86}], "pos": 1.0, "size": 1.0, "_time": 44.765625}, {"$id": 166, "sounds": [{"d": 1.63867188, "p": 59, "v": 84}], "pos": -1.5, "size": 1.30000007, "_time": 45.234375}, {"$id": 167, "sounds": [{"d": 0.9355469, "p": 64, "v": 90}], "size": 1.30000007, "_time": 45.46875, "pos": 0}, {"$id": 168, "sounds": [{"d": 0.466796875, "p": 66, "v": 105}], "pos": 1.0, "size": 1.30000007, "_time": 45.703125}, {"$id": 169, "sounds": [{"d": 0.232421875, "p": 67, "v": 105}], "pos": 1.5, "size": 1.30000007, "_time": 45.9375}, {"$id": 170, "sounds": [{"d": 0.232421875, "p": 66, "v": 106}], "pos": -1.0, "size": 1.30000007, "_time": 46.171875}, {"$id": 171, "sounds": [{"d": 0.20703125, "p": 74, "v": 86}], "pos": 1.0, "size": 1.0, "_time": 46.171875}, {"$id": 172, "sounds": [{"d": 0.265625, "p": 81, "v": 93}], "pos": 2.0, "size": 1.0, "_time": 46.4023438}, {"$id": 173, "sounds": [{"d": 0.232421875, "p": 64, "v": 106}], "pos": -2.0, "size": 1.30000007, "_time": 46.40625}, {"$id": 174, "sounds": [{"d": 1.171875, "p": 76, "v": 88}], "pos": 1.0, "size": 1.0, "_time": 46.640625}, {"$id": 175, "sounds": [{"d": 0.232421875, "p": 67, "v": 109}], "pos": -1.0, "size": 1.30000007, "_time": 46.640625}, {"$id": 176, "sounds": [{"d": 1.63867188, "p": 59, "v": 84}], "pos": -1.5, "size": 1.30000007, "_time": 47.109375}, {"$id": 177, "sounds": [{"d": 0.9355469, "p": 64, "v": 90}], "size": 1.30000007, "_time": 47.34375, "pos": 0}, {"$id": 178, "sounds": [{"d": 0.466796875, "p": 66, "v": 105}], "pos": 1.0, "size": 1.30000007, "_time": 47.578125}, {"$id": 179, "sounds": [{"d": 0.232421875, "p": 67, "v": 97}], "pos": 1.5, "size": 1.30000007, "_time": 47.8125}, {"$id": 180, "sounds": [{"d": 0.232421875, "p": 66, "v": 92}], "pos": -2.0, "size": 1.30000007, "_time": 48.046875}, {"$id": 181, "sounds": [{"d": 0.23046875, "p": 83, "v": 77}], "pos": 2.0, "size": 1.0, "_time": 48.046875}, {"$id": 182, "sounds": [{"d": 0.23046875, "p": 81, "v": 87}], "pos": 1.0, "size": 1.0, "_time": 48.28125}, {"$id": 183, "sounds": [{"d": 0.232421875, "p": 64, "v": 101}], "pos": -1.0, "size": 1.30000007, "_time": 48.28125}, {"$id": 184, "sounds": [{"d": 0.232421875, "p": 67, "v": 106}], "pos": -2.0, "size": 1.30000007, "_time": 48.515625}, {"$id": 185, "sounds": [{"d": 0.23046875, "p": 83, "v": 87}], "pos": 2.0, "size": 1.0, "_time": 48.515625}, {"$id": 186, "sounds": [{"d": 0.350585938, "p": 76, "v": 87}], "pos": -1.0, "size": 1.0, "_time": 48.75}, {"$id": 187, "sounds": [{"d": 0.23046875, "p": 83, "v": 87}], "pos": 2.0, "size": 1.0, "_time": 49.21875}, {"$id": 188, "sounds": [{"d": 0.5449219, "p": 81, "v": 87}], "size": 1.0, "_time": 49.453125, "pos": 0}, {"$id": 189, "sounds": [{"d": 0.23046875, "p": 83, "v": 87}], "pos": -1.0, "size": 1.0, "_time": 50.15625}, {"$id": 190, "sounds": [{"d": 0.5175781, "p": 86, "v": 79}], "pos": 1.0, "size": 1.0, "_time": 50.390625}, {"$id": 191, "sounds": [{"d": 0.23046875, "p": 83, "v": 87}], "size": 1.0, "_time": 51.09375, "pos": 0}, {"$id": 192, "sounds": [{"d": 0.610351563, "p": 81, "v": 84}], "pos": -2.0, "size": 1.0, "_time": 51.328125}, {"$id": 193, "sounds": [{"d": 0.23046875, "p": 83, "v": 92}], "pos": 1.0, "size": 1.0, "_time": 52.03125}, {"$id": 194, "sounds": [{"d": 0.461914063, "p": 76, "v": 94}], "pos": -1.0, "size": 1.0, "_time": 52.265625}, {"$id": 195, "sounds": [{"d": 0.396484375, "p": 79, "v": 91}], "pos": 2.0, "size": 1.0, "_time": 52.734375}, {"$id": 196, "sounds": [{"d": 0.43359375, "p": 78, "v": 100}], "pos": 1.0, "size": 1.0, "_time": 53.203125}, {"$id": 197, "sounds": [{"d": 0.3623047, "p": 74, "v": 97}], "size": 1.0, "_time": 53.671875, "pos": 0}, {"$id": 198, "sounds": [{"d": 0.232421875, "p": 71, "v": 86}], "pos": -1.5, "size": 1.0, "_time": 53.90625}, {"$id": 199, "sounds": [{"d": 0.384765625, "p": 76, "v": 89}], "pos": 1.0, "size": 1.0, "_time": 54.140625}, {"$id": 200, "sounds": [{"d": 0.4267578, "p": 71, "v": 89}], "pos": -1.0, "size": 1.0, "_time": 54.609375}, {"$id": 201, "sounds": [{"d": 0.232421875, "p": 69, "v": 89}], "pos": -1.0, "size": 1.0, "_time": 55.078125}, {"$id": 202, "sounds": [{"d": 0.224609375, "p": 74, "v": 79}], "pos": 1.0, "size": 1.0, "_time": 55.3203125}, {"$id": 203, "sounds": [{"d": 0.322265625, "p": 69, "v": 84}], "pos": -1.0, "size": 1.0, "_time": 55.546875}, {"$id": 204, "sounds": [{"d": 0.8886719, "p": 71, "v": 81}], "pos": -1.5, "size": 1.0, "_time": 56.015625}, {"$id": 205, "sounds": [{"d": 0.5332031, "p": 74, "v": 86}], "size": 1.0, "_time": 57.1875, "pos": 0}, {"$id": 206, "sounds": [{"d": 0.5332031, "p": 76, "v": 100}], "pos": 1.5, "size": 1.0, "_time": 58.125}, {"$id": 207, "sounds": [{"d": 0.23046875, "p": 79, "v": 89}], "pos": 0.5, "size": 1.0, "_time": 58.828125}, {"$id": 208, "sounds": [{"d": 0.38671875, "p": 78, "v": 91}], "pos": -0.5, "size": 1.0, "_time": 59.296875}, {"$id": 209, "sounds": [{"d": 0.38671875, "p": 74, "v": 102}], "pos": -1.5, "size": 1.0, "_time": 59.765625}, {"$id": 210, "sounds": [{"d": 0.366210938, "p": 86, "v": 102}], "pos": 1.5, "size": 1.0, "_time": 59.7851563}, {"$id": 211, "sounds": [{"d": 0.375976563, "p": 83, "v": 84}], "pos": -2.0, "size": 1.0, "_time": 61.40625}, {"$id": 212, "sounds": [{"d": 0.23046875, "p": 84, "v": 90}], "pos": -1.0, "size": 1.0, "_time": 61.875}, {"$id": 213, "sounds": [{"d": 0.23046875, "p": 88, "v": 90}], "size": 1.0, "_time": 62.34375, "pos": 0}, {"$id": 214, "sounds": [{"d": 0.232421875, "p": 83, "v": 100}], "pos": -1.0, "size": 1.0, "_time": 62.578125}, {"$id": 215, "sounds": [{"d": 0.23046875, "p": 90, "v": 98}], "pos": 1.0, "size": 1.0, "_time": 62.8125}, {"$id": 216, "sounds": [{"d": 0.41015625, "p": 91, "v": 88}], "pos": 2.0, "size": 1.0, "_time": 63.28125}, {"$id": 217, "sounds": [{"d": 2.8125, "p": 40, "v": 96}, {"d": 2.8125, "p": 52, "v": 84}, {"d": 2.8125, "p": 59, "v": 90}], "pos": -1.5, "size": 1.30000007, "_time": 63.75}, {"$id": 218, "size": 1.0, "_time": 63.984375, "pos": 0}, {"$id": 219, "pos": 1.5, "size": 1.0, "_time": 64.21875}, {"$id": 220, "pos": 1.5, "size": 1.0, "_time": 64.453125}, {"$id": 221, "pos": -1.5, "size": 1.0, "_time": 64.6875}, {"$id": 222, "pos": -1.5, "size": 1.0, "_time": 65.15625}, {"$id": 223, "size": 1.0, "_time": 65.625, "pos": 0}, {"$id": 224, "size": 1.0, "_time": 66.09375, "pos": 0}, {"$id": 225, "pos": 1.5, "size": 1.0, "_time": 66.328125}, {"$id": 226, "pos": 1.5, "size": 1.0, "_time": 66.5625}, {"$id": 227, "sounds": [{"d": 0.5371094, "p": 52, "v": 76}], "size": 1.30000007, "_time": 66.796875, "pos": 0}, {"$id": 228, "sounds": [{"d": 0.3330078, "p": 59, "v": 66}], "pos": 1.5, "size": 1.30000007, "_time": 67.03125}, {"$id": 229, "sounds": [{"d": 0.282226563, "p": 40, "v": 66}], "pos": -1.5, "size": 1.30000007, "_time": 67.265625}, {"$id": 230, "sounds": [{"d": 1.87304688, "p": 60, "v": 99}, {"d": 1.87304688, "p": 55, "v": 59}, {"d": 1.87304688, "p": 48, "v": 82}], "size": 1.30000007, "_time": 67.5, "pos": 0}, {"$id": 231, "pos": -1.5, "size": 1.0, "_time": 67.734375}, {"$id": 232, "pos": 1.5, "size": 1.0, "_time": 67.96875}, {"$id": 233, "pos": 1.5, "size": 1.0, "_time": 68.203125}, {"$id": 234, "pos": -1.5, "size": 1.0, "_time": 68.4375}, {"$id": 235, "pos": -1.5, "size": 1.0, "_time": 68.90625}, {"$id": 236, "pos": -1.5, "size": 1.0, "_time": 69.375}, {"$id": 237, "sounds": [{"d": 1.87304688, "p": 62, "v": 93}, {"d": 1.87304688, "p": 50, "v": 93}, {"d": 1.87304688, "p": 57, "v": 80}], "pos": 1.5, "size": 1.30000007, "_time": 69.375}, {"$id": 238, "size": 1.0, "_time": 69.609375, "pos": 0}, {"$id": 239, "size": 1.0, "_time": 69.84375, "pos": 0}, {"$id": 240, "pos": -1.5, "size": 1.0, "_time": 70.3125}, {"$id": 241, "sounds": [{"d": 0.23046875, "p": 83, "v": 77}], "pos": 1.5, "size": 1.0, "_time": 70.546875}, {"$id": 242, "sounds": [{"d": 0.23046875, "p": 81, "v": 87}], "size": 1.0, "_time": 70.78125, "pos": 0}, {"$id": 243, "sounds": [{"d": 0.23046875, "p": 83, "v": 87}], "pos": 1.5, "size": 1.0, "_time": 71.015625}, {"$id": 244, "sounds": [{"d": 2.8125, "p": 40, "v": 96}, {"d": 2.8125, "p": 52, "v": 84}, {"d": 2.8125, "p": 59, "v": 90}], "pos": -1.5, "size": 1.30000007, "_time": 71.25}, {"$id": 245, "sounds": [{"d": 0.23046875, "p": 76, "v": 87}], "pos": 1.5, "size": 1.0, "_time": 71.25}, {"$id": 246, "size": 1.0, "_time": 71.484375, "pos": 0}, {"$id": 247, "pos": 1.5, "size": 1.0, "_time": 71.71875}, {"$id": 248, "pos": 1.5, "size": 1.0, "_time": 71.953125}, {"$id": 249, "pos": -1.5, "size": 1.0, "_time": 72.1875}, {"$id": 250, "pos": -1.5, "size": 1.0, "_time": 72.65625}, {"$id": 251, "size": 1.0, "_time": 73.125, "pos": 0}, {"$id": 252, "size": 1.0, "_time": 73.59375, "pos": 0}, {"$id": 253, "pos": 1.5, "size": 1.0, "_time": 73.828125}, {"$id": 254, "pos": 1.5, "size": 1.0, "_time": 74.0625}, {"$id": 255, "sounds": [{"d": 0.5371094, "p": 52, "v": 76}], "size": 1.30000007, "_time": 74.296875, "pos": 0}, {"$id": 256, "sounds": [{"d": 0.3330078, "p": 59, "v": 66}], "pos": 1.5, "size": 1.30000007, "_time": 74.53125}, {"$id": 257, "sounds": [{"d": 0.232421875, "p": 40, "v": 66}], "pos": -1.5, "size": 1.30000007, "_time": 74.765625}, {"$id": 258, "sounds": [{"d": 1.87304688, "p": 60, "v": 99}], "size": 1.30000007, "_time": 75.0, "pos": 0}, {"$id": 259, "pos": -1.5, "size": 1.0, "_time": 75.234375}, {"$id": 260, "pos": 1.5, "size": 1.0, "_time": 75.46875}, {"$id": 261, "pos": 1.5, "size": 1.0, "_time": 75.703125}, {"$id": 262, "pos": -1.5, "size": 1.0, "_time": 75.9375}, {"$id": 263, "pos": -1.5, "size": 1.0, "_time": 76.40625}, {"$id": 264, "pos": -1.5, "size": 1.0, "_time": 76.875}, {"$id": 265, "sounds": [{"d": 1.87304688, "p": 62, "v": 93}, {"d": 1.87304688, "p": 57, "v": 80}, {"d": 1.87304688, "p": 50, "v": 93}], "pos": 1.5, "size": 1.30000007, "_time": 76.875}, {"$id": 266, "size": 1.0, "_time": 77.109375, "pos": 0}, {"$id": 267, "size": 1.0, "_time": 77.34375, "pos": 0}, {"$id": 268, "pos": -1.5, "size": 1.0, "_time": 77.8125}, {"$id": 269, "sounds": [{"d": 0.23046875, "p": 83, "v": 77}], "pos": 1.5, "size": 1.0, "_time": 78.046875}, {"$id": 270, "sounds": [{"d": 0.23046875, "p": 81, "v": 87}], "size": 1.0, "_time": 78.28125, "pos": 0}, {"$id": 271, "sounds": [{"d": 0.23046875, "p": 83, "v": 87}], "pos": 1.5, "size": 1.0, "_time": 78.515625}, {"$id": 272, "sounds": [{"d": 1.87304688, "p": 40, "v": 93}, {"d": 1.87304688, "p": 52, "v": 93}, {"d": 1.87304688, "p": 59, "v": 93}], "pos": -1.5, "size": 1.30000007, "_time": 78.75}, {"$id": 273, "sounds": [{"d": 0.23046875, "p": 76, "v": 87}], "pos": 1.5, "size": 1.0, "_time": 78.75}, {"$id": 274, "sounds": [{"d": 0.23046875, "p": 83, "v": 77}], "pos": 1.5, "size": 1.0, "_time": 79.921875}, {"$id": 275, "sounds": [{"d": 0.23046875, "p": 81, "v": 87}], "size": 1.0, "_time": 80.15625, "pos": 0}, {"$id": 276, "sounds": [{"d": 0.23046875, "p": 83, "v": 87}], "pos": 1.5, "size": 1.0, "_time": 80.390625}, {"$id": 277, "sounds": [{"d": 1.87304688, "p": 40, "v": 86}, {"d": 1.87304688, "p": 52, "v": 86}, {"d": 1.87304688, "p": 59, "v": 86}], "pos": -1.5, "size": 1.30000007, "_time": 80.625}, {"$id": 278, "sounds": [{"d": 0.23046875, "p": 76, "v": 87}], "pos": 1.5, "size": 1.0, "_time": 80.625}, {"$id": 279, "sounds": [{"d": 0.23046875, "p": 83, "v": 77}], "pos": 1.5, "size": 1.0, "_time": 81.796875}, {"$id": 280, "sounds": [{"d": 0.23046875, "p": 81, "v": 87}], "size": 1.0, "_time": 82.03125, "pos": 0}, {"$id": 281, "sounds": [{"d": 0.23046875, "p": 83, "v": 87}], "pos": 1.5, "size": 1.0, "_time": 82.265625}, {"$id": 282, "sounds": [{"d": 1.87304688, "p": 59, "v": 80}, {"d": 1.87304688, "p": 52, "v": 80}, {"d": 1.87304688, "p": 40, "v": 80}], "pos": -1.5, "size": 1.30000007, "_time": 82.5}, {"$id": 283, "sounds": [{"d": 0.23046875, "p": 76, "v": 87}], "pos": 1.5, "size": 1.0, "_time": 82.5}, {"$id": 284, "sounds": [{"d": 0.23046875, "p": 83, "v": 77}], "pos": 1.5, "size": 1.0, "_time": 83.671875}, {"$id": 285, "sounds": [{"d": 0.23046875, "p": 81, "v": 87}], "size": 1.0, "_time": 83.90625, "pos": 0}, {"$id": 286, "sounds": [{"d": 0.23046875, "p": 83, "v": 87}], "pos": 1.5, "size": 1.0, "_time": 84.140625}, {"$id": 287, "sounds": [{"d": 1.87304688, "p": 59, "v": 73}, {"d": 1.87304688, "p": 52, "v": 73}, {"d": 1.87304688, "p": 40, "v": 73}], "pos": -1.5, "size": 1.30000007, "_time": 84.375}, {"$id": 288, "sounds": [{"d": 0.23046875, "p": 76, "v": 87}], "pos": 1.5, "size": 1.0, "_time": 84.375}, {"$id": 289, "sounds": [{"d": 0.23046875, "p": 83, "v": 77}], "pos": 1.5, "size": 1.0, "_time": 85.546875}, {"$id": 290, "sounds": [{"d": 0.23046875, "p": 81, "v": 87}], "size": 1.0, "_time": 85.78125, "pos": 0}, {"$id": 291, "sounds": [{"d": 0.23046875, "p": 83, "v": 87}], "pos": 1.5, "size": 1.0, "_time": 86.015625}, {"$id": 292, "sounds": [{"d": 0.23046875, "p": 76, "v": 87}], "pos": 1.5, "size": 1.0, "_time": 86.25}, {"$id": 293, "sounds": [{"d": 0.889648438, "p": 59, "v": 66}, {"d": 0.889648438, "p": 52, "v": 66}, {"d": 0.889648438, "p": 40, "v": 66}], "pos": -1.5, "size": 1.30000007, "_time": 86.25}, {"$id": 294, "pos": 1.5, "size": 1.0, "_time": 86.48828}, {"$id": 295, "pos": 1.5, "size": 1.0, "_time": 86.72656}, {"$id": 296, "pos": 1.5, "size": 1.0, "_time": 86.96484}, {"$id": 297, "sounds": [{"d": 0.889648438, "p": 40, "v": 63}, {"d": 0.889648438, "p": 52, "v": 63}, {"d": 0.889648438, "p": 59, "v": 63}], "pos": -1.5, "size": 1.30000007, "_time": 87.19922}, {"$id": 298, "pos": 1.5, "size": 1.0, "_time": 87.19922}, {"$id": 299, "pos": 1.5, "size": 1.0, "_time": 87.43359}, {"$id": 300, "pos": 1.5, "size": 1.0, "_time": 87.66797}, {"$id": 301, "pos": 1.5, "size": 1.0, "_time": 87.90234}, {"$id": 302, "sounds": [{"d": 0.889648438, "p": 59, "v": 59}, {"d": 0.889648438, "p": 52, "v": 59}, {"d": 0.889648438, "p": 40, "v": 59}], "pos": -1.5, "size": 1.30000007, "_time": 88.140625}, {"$id": 303, "pos": 1.5, "size": 1.0, "_time": 88.140625}, {"$id": 304, "pos": 1.5, "size": 1.0, "_time": 88.375}, {"$id": 305, "pos": 1.5, "size": 1.0, "_time": 88.609375}, {"$id": 306, "pos": 1.5, "size": 1.0, "_time": 88.84375}, {"$id": 307, "sounds": [{"d": 0.889648438, "p": 59, "v": 56}, {"d": 0.889648438, "p": 52, "v": 56}, {"d": 0.889648438, "p": 40, "v": 56}], "pos": -1.5, "size": 1.30000007, "_time": 89.078125}, {"$id": 308, "pos": 1.5, "size": 1.0, "_time": 89.078125}, {"$id": 309, "pos": 1.5, "size": 1.0, "_time": 89.3125}, {"$id": 310, "pos": 1.5, "size": 1.0, "_time": 89.546875}, {"$id": 311, "pos": 1.5, "size": 1.0, "_time": 89.78125}, {"$id": 312, "pos": 1.5, "size": 1.0, "_time": 90.01172}, {"$id": 313, "pos": -1.5, "size": 1.0, "_time": 90.12891}, {"$id": 314, "pos": 1.5, "size": 1.0, "_time": 90.24609}, {"$id": 315, "pos": -1.5, "size": 1.0, "_time": 90.36328}, {"$id": 316, "pos": 1.5, "size": 1.0, "_time": 90.48047}, {"$id": 317, "pos": -1.5, "size": 1.0, "_time": 90.59766}, {"$id": 318, "pos": 1.5, "size": 1.0, "_time": 90.71484}, {"$id": 319, "pos": -1.5, "size": 1.0, "_time": 90.828125}, {"$id": 320, "pos": 1.5, "size": 1.0, "_time": 90.94922}, {"$id": 321, "pos": -1.5, "size": 1.0, "_time": 91.06641}, {"$id": 322, "pos": 1.5, "size": 1.0, "_time": 91.18359}, {"$id": 323, "pos": -1.5, "size": 1.0, "_time": 91.30078}, {"$id": 324, "pos": 1.5, "size": 1.0, "_time": 91.41797}, {"$id": 325, "pos": -1.5, "size": 1.0, "_time": 91.53516}, {"$id": 326, "pos": 1.5, "size": 1.0, "_time": 91.65234}, {"$id": 327, "pos": -1.5, "size": 1.0, "_time": 91.76953}, {"$id": 328, "pos": 2.0, "size": 1.0, "_time": 91.88672}, {"$id": 329, "pos": 1.5, "size": 1.0, "_time": 91.94531}, {"$id": 330, "pos": 1.0, "size": 1.0, "_time": 92.00391}, {"$id": 331, "pos": 0.5, "size": 1.0, "_time": 92.0625}, {"$id": 332, "size": 1.0, "_time": 92.12109, "pos": 0}, {"$id": 333, "pos": -0.5, "size": 1.0, "_time": 92.17969}, {"$id": 334, "pos": -1.0, "size": 1.0, "_time": 92.23828}, {"$id": 335, "pos": -1.5, "size": 1.0, "_time": 92.296875}, {"$id": 336, "pos": -2.0, "size": 1.0, "_time": 92.35547}, {"$id": 337, "pos": -1.5, "size": 1.0, "_time": 92.41406}, {"$id": 338, "pos": -1.0, "size": 1.0, "_time": 92.47266}, {"$id": 339, "pos": -0.5, "size": 1.0, "_time": 92.53125}, {"$id": 340, "size": 1.0, "_time": 92.58984, "pos": 0}, {"$id": 341, "pos": 0.5, "size": 1.0, "_time": 92.64844}, {"$id": 342, "pos": 1.0, "size": 1.0, "_time": 92.70703}, {"$id": 343, "pos": 1.5, "size": 1.0, "_time": 92.765625}, {"$id": 344, "pos": 2.0, "size": 1.0, "_time": 92.82422}, {"$id": 345, "pos": 1.5, "size": 1.0, "_time": 92.88281}, {"$id": 346, "pos": 1.0, "size": 1.0, "_time": 92.94141}, {"$id": 347, "pos": 0.5, "size": 1.0, "_time": 93.0}, {"$id": 348, "size": 1.0, "_time": 93.05859, "pos": 0}, {"$id": 349, "pos": -0.5, "size": 1.0, "_time": 93.11719}, {"$id": 350, "pos": -1.0, "size": 1.0, "_time": 93.17578}, {"$id": 351, "pos": -1.5, "size": 1.0, "_time": 93.234375}, {"$id": 352, "pos": -2.0, "size": 1.0, "_time": 93.29297}, {"$id": 353, "pos": -1.5, "size": 1.0, "_time": 93.35156}, {"$id": 354, "pos": -1.0, "size": 1.0, "_time": 93.41016}, {"$id": 355, "pos": -0.5, "size": 1.0, "_time": 93.46875}, {"$id": 356, "size": 1.0, "_time": 93.52734, "pos": 0}, {"$id": 357, "pos": 0.5, "size": 1.0, "_time": 93.58594}, {"$id": 358, "pos": 1.0, "size": 1.0, "_time": 93.64453}, {"$id": 359, "pos": 1.5, "size": 1.0, "_time": 93.703125}, {"$id": 360, "pos": -2.0, "size": 1.0, "_time": 93.76172}, {"$id": 361, "pos": 2.0, "size": 1.0, "_time": 93.76172}, {"$id": 362, "pos": -1.0, "size": 1.0, "_time": 94.11719, "shift": -0.00390625}, {"$id": 363, "size": 1.0, "_time": 94.46484, "pos": 0}, {"$id": 364, "size": 1.0, "_time": 94.81641, "pos": 0}, {"$id": 365, "size": 1.0, "_time": 95.16797, "pos": 0}, {"$id": 366, "pos": -2.0, "size": 1.0, "_time": 95.63672}, {"$id": 367, "pos": 2.0, "size": 1.0, "_time": 95.63672}, {"$id": 368, "pos": 1.0, "size": 1.0, "_time": 95.98828}, {"$id": 369, "pos": -2.0, "size": 1.0, "_time": 96.10547}, {"$id": 370, "size": 1.0, "_time": 96.33984, "pos": 0}, {"$id": 371, "pos": -2.0, "size": 1.0, "_time": 96.57422}, {"$id": 372, "size": 1.0, "_time": 96.69141, "pos": 0}, {"$id": 373, "pos": -2.0, "size": 1.0, "_time": 97.046875}, {"$id": 374, "size": 1.0, "_time": 97.046875, "pos": 0}, {"$id": 375, "pos": -2.0, "size": 1.0, "_time": 97.51172}, {"$id": 376, "size": 1.0, "_time": 97.51172, "pos": 0}, {"$id": 377, "pos": 1.0, "size": 1.0, "_time": 97.86328}, {"$id": 378, "pos": -2.0, "size": 1.0, "_time": 97.98047}, {"$id": 379, "pos": 2.0, "size": 1.0, "_time": 98.21484}, {"$id": 380, "pos": -2.0, "size": 1.0, "_time": 98.44922}, {"$id": 381, "pos": 2.0, "size": 1.0, "_time": 98.56641}, {"$id": 382, "pos": -2.0, "size": 1.0, "_time": 98.91797}, {"$id": 383, "pos": 2.0, "size": 1.0, "_time": 98.91797}, {"$id": 384, "pos": -2.0, "size": 1.0, "_time": 99.38281}, {"$id": 385, "pos": 2.0, "size": 1.0, "_time": 99.38281}, {"$id": 386, "pos": -1.0, "size": 1.0, "_time": 99.734375}, {"$id": 387, "pos": 2.0, "size": 1.0, "_time": 99.85156}, {"$id": 388, "size": 1.0, "_time": 100.085938, "pos": 0}, {"$id": 389, "pos": 2.0, "size": 1.0, "_time": 100.320313}, {"$id": 390, "size": 1.0, "_time": 100.4375, "pos": 0}, {"$id": 391, "size": 1.0, "_time": 100.789063, "pos": 0}, {"$id": 392, "pos": 2.0, "size": 1.0, "_time": 100.789063}, {"$id": 393, "pos": -1.0, "size": 1.0, "_time": 101.253906}, {"$id": 394, "pos": 2.0, "size": 1.0, "_time": 101.253906}, {"$id": 395, "pos": -2.0, "size": 1.0, "_time": 101.605469}, {"$id": 396, "pos": 2.0, "size": 1.0, "_time": 101.722656}, {"$id": 397, "pos": -1.0, "size": 1.0, "_time": 101.957031}, {"$id": 398, "pos": 2.0, "size": 1.0, "_time": 102.191406}, {"$id": 399, "pos": -1.0, "size": 1.0, "_time": 102.3125}, {"$id": 400, "pos": -1.0, "size": 1.0, "_time": 102.660156}, {"$id": 401, "pos": 2.0, "size": 1.0, "_time": 102.660156}, {"$id": 402, "pos": 2.0, "size": 1.0, "_time": 103.128906}, {"$id": 403, "pos": -2.0, "size": 1.0, "_time": 103.128906}, {"$id": 404, "pos": 1.0, "size": 1.0, "_time": 103.480469}, {"$id": 405, "pos": -2.0, "size": 1.0, "_time": 103.597656}, {"$id": 406, "size": 1.0, "_time": 103.832031, "pos": 0}, {"$id": 407, "pos": -2.0, "size": 1.0, "_time": 104.066406}, {"$id": 408, "size": 1.0, "_time": 104.183594, "pos": 0}, {"$id": 409, "size": 1.0, "_time": 104.535156, "pos": 0}, {"$id": 410, "pos": -2.0, "size": 1.0, "_time": 104.535156}, {"$id": 411, "size": 1.0, "_time": 105.003906, "pos": 0}, {"$id": 412, "pos": -2.0, "size": 1.0, "_time": 105.003906}, {"$id": 413, "pos": 1.0, "size": 1.0, "_time": 105.355469}, {"$id": 414, "pos": -2.0, "size": 1.0, "_time": 105.472656}, {"$id": 415, "pos": 2.0, "size": 1.0, "_time": 105.707031}, {"$id": 416, "pos": -2.0, "size": 1.0, "_time": 105.941406}, {"$id": 417, "pos": 2.0, "size": 1.0, "_time": 106.0625}, {"$id": 418, "pos": -2.0, "size": 1.0, "_time": 106.410156}, {"$id": 419, "pos": 2.0, "size": 1.0, "_time": 106.410156}, {"$id": 420, "pos": -2.0, "size": 1.0, "_time": 106.878906}, {"$id": 421, "pos": 2.0, "size": 1.0, "_time": 106.878906}, {"$id": 422, "pos": -1.0, "size": 1.0, "_time": 107.230469}, {"$id": 423, "pos": 2.0, "size": 1.0, "_time": 107.347656}, {"$id": 424, "size": 1.0, "_time": 107.582031, "pos": 0}, {"$id": 425, "pos": 2.0, "size": 1.0, "_time": 107.816406}, {"$id": 426, "size": 1.0, "_time": 107.933594, "pos": 0}, {"$id": 427, "size": 1.0, "_time": 108.285156, "pos": 0}, {"$id": 428, "pos": 2.0, "size": 1.0, "_time": 108.285156}, {"$id": 429, "pos": -1.0, "size": 1.0, "_time": 108.753906}, {"$id": 430, "pos": 2.0, "size": 1.0, "_time": 108.753906}, {"$id": 431, "pos": -2.0, "size": 1.0, "_time": 109.105469}, {"$id": 432, "pos": 2.0, "size": 1.0, "_time": 109.21875}, {"$id": 433, "pos": -1.0, "size": 1.0, "_time": 109.453125}, {"$id": 434, "pos": 2.0, "size": 1.0, "_time": 109.6875}, {"$id": 435, "pos": -1.0, "size": 1.0, "_time": 109.804688}, {"$id": 436, "pos": 2.0, "size": 1.0, "_time": 109.921875}, {"$id": 437, "pos": 2.0, "size": 1.0, "_time": 110.15625}, {"$id": 438, "pos": -1.0, "size": 1.0, "_time": 110.15625}, {"$id": 439, "pos": 1.0, "size": 1.0, "_time": 110.625}, {"$id": 440, "pos": -2.0, "size": 1.0, "_time": 110.625}, {"$id": 441, "pos": -2.0, "size": 1.0, "_time": 111.328125}, {"$id": 442, "pos": 2.0, "size": 1.0, "_time": 111.5625}, {"$id": 443, "pos": -2.0, "size": 1.0, "_time": 112.265625}, {"$id": 444, "pos": 1.0, "size": 1.0, "_time": 112.5}, {"$id": 445, "pos": -2.0, "size": 1.0, "_time": 112.5}, {"$id": 446, "pos": -2.0, "size": 1.0, "_time": 112.851563}, {"$id": 447, "pos": -2.0, "size": 1.0, "_time": 113.203125}, {"$id": 448, "pos": 2.0, "size": 1.0, "_time": 113.4375}, {"$id": 449, "pos": -2.0, "size": 1.0, "_time": 113.671875}, {"$id": 450, "pos": -2.0, "size": 1.0, "_time": 114.140625}, {"$id": 451, "size": 1.0, "_time": 114.375, "pos": 0}, {"$id": 452, "pos": -2.0, "size": 1.0, "_time": 114.375}, {"$id": 453, "pos": -2.0, "size": 1.0, "_time": 115.078125}, {"$id": 454, "pos": 2.0, "size": 1.0, "_time": 115.3125}, {"$id": 455, "size": 1.0, "_time": 116.25, "pos": 0}, {"$id": 456, "pos": -2.0, "size": 1.0, "_time": 116.25}, {"$id": 457, "pos": -2.0, "size": 1.0, "_time": 116.601563}, {"$id": 458, "pos": -2.0, "size": 1.0, "_time": 116.953125}, {"$id": 459, "pos": 2.0, "size": 1.0, "_time": 117.1875}, {"$id": 460, "sounds": [{"d": 0.271484375, "p": 83, "v": 58}], "pos": 1.0, "size": 1.0, "_time": 117.421875}, {"$id": 461, "sounds": [{"d": 0.211914063, "p": 81, "v": 72}], "pos": -1.0, "size": 1.0, "_time": 117.65625}, {"$id": 462, "sounds": [{"d": 0.247070313, "p": 83, "v": 51}], "pos": 1.0, "size": 1.0, "_time": 117.890625}, {"$id": 463, "pos": 1.0, "size": 1.0, "_time": 118.125}, {"$id": 464, "pos": -2.0, "size": 1.0, "_time": 118.125}, {"$id": 465, "pos": -2.0, "size": 1.0, "_time": 118.828125}, {"$id": 466, "pos": 2.0, "size": 1.0, "_time": 119.0625}, {"$id": 467, "pos": -2.0, "size": 1.0, "_time": 119.648438}, {"$id": 468, "pos": 1.0, "size": 1.0, "_time": 120.0}, {"$id": 469, "pos": -2.0, "size": 1.0, "_time": 120.0}, {"$id": 470, "pos": -2.0, "size": 1.0, "_time": 120.351563}, {"$id": 471, "pos": -2.0, "size": 1.0, "_time": 120.703125}, {"$id": 472, "pos": 2.0, "size": 1.0, "_time": 120.9375}, {"$id": 473, "pos": -2.0, "size": 1.0, "_time": 121.171875}, {"$id": 474, "size": 1.0, "_time": 121.875, "pos": 0}, {"$id": 475, "pos": -2.0, "size": 1.0, "_time": 121.875}, {"$id": 476, "pos": -2.0, "size": 1.0, "_time": 122.578125}, {"$id": 477, "pos": 2.0, "size": 1.0, "_time": 122.8125}, {"$id": 478, "pos": -2.0, "size": 1.0, "_time": 123.046875}, {"$id": 479, "pos": -2.0, "size": 1.0, "_time": 123.515625}, {"$id": 480, "size": 1.0, "_time": 123.75, "pos": 0}, {"$id": 481, "pos": -2.0, "size": 1.0, "_time": 123.75}, {"$id": 482, "pos": 1.0, "size": 1.0, "_time": 123.984375}, {"$id": 483, "pos": -2.0, "size": 1.0, "_time": 124.21875}, {"$id": 484, "pos": 1.0, "size": 1.0, "_time": 124.453125}, {"$id": 485, "pos": -2.0, "size": 1.0, "_time": 124.6875}, {"$id": 486, "pos": 2.0, "size": 1.0, "_time": 124.683594, "shift": 0.00390625}, {"$id": 487, "sounds": [{"d": 0.248046875, "p": 83, "v": 66}], "pos": 1.0, "size": 1.0, "_time": 124.921875}, {"$id": 488, "sounds": [{"d": 0.194335938, "p": 81, "v": 64}], "pos": -1.0, "size": 1.0, "_time": 125.15625}, {"$id": 489, "sounds": [{"d": 0.264648438, "p": 83, "v": 45}], "pos": 1.0, "size": 1.0, "_time": 125.390625}, {"$id": 490, "pos": 1.5, "size": 1.0, "_time": 125.625}, {"$id": 491, "size": 1.0, "_time": 125.625, "pos": 0}, {"$id": 492, "pos": -1.5, "size": 1.0, "_time": 125.859375}, {"$id": 493, "pos": -1.5, "size": 1.0, "_time": 126.09375}, {"$id": 494, "pos": -1.5, "size": 1.0, "_time": 126.5625}, {"$id": 495, "size": 1.0, "_time": 127.03125, "pos": 0}, {"$id": 496, "pos": 1.5, "size": 1.0, "_time": 127.265625}, {"$id": 497, "pos": -1.5, "size": 1.0, "_time": 127.5}, {"$id": 498, "size": 1.0, "_time": 127.734375, "pos": 0}, {"$id": 499, "pos": 1.5, "size": 1.0, "_time": 127.96875}, {"$id": 500, "size": 1.0, "_time": 128.203125, "pos": 0}, {"$id": 501, "size": 1.0, "_time": 128.4375, "pos": 0}], "links": [{"notes": [{"$ref": 328}, {"$ref": 329}, {"$ref": 330}, {"$ref": 331}, {"$ref": 332}, {"$ref": 333}, {"$ref": 334}, {"$ref": 335}, {"$ref": 336}, {"$ref": 337}, {"$ref": 338}, {"$ref": 339}, {"$ref": 340}, {"$ref": 341}, {"$ref": 342}, {"$ref": 343}, {"$ref": 344}, {"$ref": 345}, {"$ref": 346}, {"$ref": 347}, {"$ref": 348}, {"$ref": 349}, {"$ref": 350}, {"$ref": 351}, {"$ref": 352}, {"$ref": 353}, {"$ref": 354}, {"$ref": 355}, {"$ref": 356}, {"$ref": 357}, {"$ref": 358}, {"$ref": 359}, {"$ref": 361}]}, {"notes": [{"$ref": 5}, {"$ref": 6}, {"$ref": 7}]}, {"notes": [{"$ref": 14}, {"$ref": 15}, {"$ref": 16}]}, {"notes": [{"$ref": 23}, {"$ref": 24}, {"$ref": 25}]}, {"notes": [{"$ref": 32}, {"$ref": 33}, {"$ref": 34}]}]}