{"notes": [{"_time": 0.4140625, "$id": 1, "sounds": [{"d": 0.2931034, "p": 65, "v": 40, "w": 0.0}], "pos": -0.875, "size": 1.0}, {"_time": 0.640625, "$id": 2, "sounds": [{"d": 0.202586234, "p": 66, "v": 51, "w": 0.0}], "pos": 0.5, "size": 1.0}, {"_time": 0.83203125, "$id": 3, "sounds": [{"d": 0.293103218, "p": 70, "v": 64, "w": 0.0}], "pos": 1.27027035, "size": 1.0}, {"_time": 1.03125, "$id": 4, "sounds": [{"d": 0.189654946, "p": 58, "v": 27, "w": 0.0}], "pos": -1.46096039, "size": 1.0}, {"_time": 1.05859375, "$id": 5, "sounds": [{"d": 0.2974136, "p": 68, "v": 63, "w": 0.0}], "pos": 0.0, "size": 1.0}, {"_time": 1.109375, "$id": 6, "sounds": [{"d": 0.3103447, "p": 61, "v": 42, "w": 0.0}], "pos": -1.92379761, "size": 1.0}, {"_time": 1.65625, "$id": 7, "sounds": [{"d": 0.228448272, "p": 73, "v": 74, "w": 0.0}], "pos": -1.66216183, "size": 1.0}, {"_time": 1.86328125, "$id": 8, "sounds": [{"d": 0.422414064, "p": 66, "v": 40, "w": 0.0}], "pos": -0.365616322, "size": 1.0}, {"_time": 1.86328125, "$id": 9, "sounds": [{"d": 0.5560348, "p": 75, "v": 72, "w": 0.0}], "pos": 1.61824131, "size": 1.0}, {"_time": 1.8828125, "$id": 10, "sounds": [{"d": 0.48275888, "p": 56, "v": 42, "w": 0.0}], "pos": 0.08108044, "size": 1.0}, {"_time": 2.27734375, "$id": 11, "sounds": [{"d": 0.206896544, "p": 73, "v": 51, "w": 0.0}], "pos": 1.5, "size": 1.0}, {"_time": 2.484375, "$id": 12, "sounds": [{"d": 0.206896544, "p": 70, "v": 51, "w": 0.0}], "pos": 0.5, "size": 1.0}, {"_time": 2.69140625, "$id": 13, "sounds": [{"d": 0.206896544, "p": 68, "v": 51, "w": 0.0}], "pos": -0.5, "size": 1.0}, {"_time": 2.8984375, "$id": 14, "sounds": [{"d": 0.206896544, "p": 66, "v": 65, "w": 0.0}], "pos": -1.5, "size": 1.0}, {"_time": 3.1015625, "$id": 15, "sounds": [{"d": 0.206896544, "p": 68, "v": 51, "w": 0.0}], "pos": -0.5, "size": 1.0}, {"_time": 3.30859375, "$id": 16, "sounds": [{"d": 0.206896544, "p": 70, "v": 51, "w": 0.0}], "pos": 1.0, "size": 1.0}, {"_time": 3.515625, "$id": 17, "sounds": [{"d": 0.206896544, "p": 61, "v": 51, "w": 0.0}], "pos": -2.0, "size": 1.0}, {"_time": 3.72265625, "$id": 18, "sounds": [{"d": 0.2974136, "p": 63, "v": 60, "w": 0.0}], "pos": -1.0, "size": 1.0}, {"_time": 3.74609375, "$id": 19, "sounds": [{"d": 0.3448274, "p": 56, "v": 44, "w": 0.0}], "pos": 1.0, "size": 1.0}, {"_time": 3.97265625, "$id": 20, "sounds": [{"d": 0.181034565, "p": 66, "v": 57, "w": 0.0}], "pos": 0.0, "size": 1.0}, {"_time": 4.15625, "$id": 21, "sounds": [{"d": 0.249999523, "p": 70, "v": 62, "w": 0.0}], "pos": 1.5, "size": 1.0}, {"_time": 4.37109375, "$id": 22, "sounds": [{"d": 0.42672348, "p": 68, "v": 79, "w": 0.0}], "pos": -1.58108044, "size": 1.0}, {"_time": 4.375, "$id": 23, "sounds": [{"d": 0.504309654, "p": 61, "v": 70, "w": 0.0}], "pos": 1.10548019, "size": 1.0}, {"_time": 4.40625, "$id": 24, "sounds": [{"d": 0.435344219, "p": 58, "v": 53, "w": 0.0}], "pos": 0.7304802, "size": 1.0}, {"_time": 4.77734375, "$id": 25, "sounds": [{"d": 0.211206436, "p": 66, "v": 58, "w": 0.0}], "pos": -0.405405045, "size": 1.0}, {"_time": 4.96875, "$id": 26, "sounds": [{"d": 0.0818963051, "p": 68, "v": 63, "w": 0.0}], "pos": 0.594594955, "size": 1.0}, {"_time": 5.171875, "$id": 27, "sounds": [{"d": 2.823275, "p": 73, "v": 62, "w": 0.0}], "pos": 1.719595, "size": 1.0}, {"_time": 5.1796875, "$id": 28, "sounds": [{"d": 2.82327461, "p": 68, "v": 62, "w": 0.0}], "pos": -0.405405045, "size": 1.0}, {"_time": 6.828125, "$id": 29, "sounds": [{"d": 1.10775852, "p": 75, "v": 18, "w": 0.0}], "pos": 0.5, "size": 0.799999952}, {"_time": 6.9296875, "$id": 30, "sounds": [{"d": 1.10775709, "p": 82, "v": 18, "w": 0.0}], "pos": 1.5, "size": 0.799999952}, {"_time": 7.03515625, "$id": 31, "sounds": [{"d": 0.9568963, "p": 85, "v": 18, "w": 0.0}], "pos": 2.0, "size": 0.799999952}, {"_time": 8.277344, "$id": 32, "sounds": [{"d": 0.206896782, "p": 68, "v": 67, "w": 0.0}], "pos": 0.7777772, "size": 1.0}, {"_time": 8.4921875, "$id": 33, "sounds": [{"d": 0.146552086, "p": 63, "v": 41, "w": 0.0}], "pos": -1.041667, "size": 1.0}, {"_time": 8.691406, "$id": 34, "sounds": [{"d": 0.206895828, "p": 70, "v": 67, "w": 0.0}], "pos": 1.02777719, "size": 1.0}, {"_time": 8.8984375, "$id": 35, "sounds": [{"d": 0.7198267, "p": 58, "v": 38, "w": 0.0}], "pos": -1.666667, "size": 1.0}, {"_time": 9.308594, "$id": 36, "sounds": [{"d": 0.6336193, "p": 65, "v": 38, "w": 0.0}], "pos": -0.791667, "size": 1.0}, {"_time": 9.308594, "$id": 37, "sounds": [{"d": 0.5775852, "p": 61, "v": 38, "w": 0.0}], "pos": 1.0, "size": 1.0}, {"_time": 9.9296875, "$id": 38, "sounds": [{"d": 0.206895828, "p": 68, "v": 47, "w": 0.0}], "pos": 0.7777772, "size": 1.0}, {"_time": 10.1640625, "$id": 39, "sounds": [{"d": 0.1508627, "p": 63, "v": 41, "w": 0.0}], "pos": -1.0, "size": 1.0}, {"_time": 10.34375, "$id": 40, "sounds": [{"d": 0.206896782, "p": 70, "v": 50, "w": 0.0}], "pos": 1.02777719, "size": 1.0}, {"_time": 10.5507813, "$id": 41, "sounds": [{"d": 0.7198286, "p": 56, "v": 38, "w": 0.0}], "pos": -2.0, "size": 1.0}, {"_time": 10.7578125, "$id": 42, "sounds": [{"d": 0.206896782, "p": 73, "v": 62, "w": 0.0}], "pos": -0.5, "size": 1.0}, {"_time": 10.9648438, "$id": 43, "sounds": [{"d": 0.206896782, "p": 75, "v": 66, "w": 0.0}], "pos": 1.65277719, "size": 1.0}, {"_time": 11.171875, "$id": 44, "sounds": [{"d": 0.0, "p": 75, "v": 64, "w": 0.0}], "pos": 0.729729652, "size": 1.0}, {"_time": 11.3789063, "$id": 45, "sounds": [{"d": 0.206896782, "p": 73, "v": 61, "w": 0.0}], "pos": 0.0, "size": 1.0}, {"_time": 11.5859375, "$id": 46, "sounds": [{"d": 0.206896782, "p": 70, "v": 36, "w": 0.0}], "pos": -1.0, "size": 1.0}, {"_time": 11.7929688, "$id": 47, "sounds": [{"d": 0.206896782, "p": 68, "v": 36, "w": 0.0}], "pos": 1.0, "size": 1.0}, {"_time": 12.0, "$id": 48, "sounds": [{"d": 1.034481, "p": 48, "v": 38, "w": 0.0}], "pos": -1.5, "size": 1.0}, {"_time": 12.2109375, "$id": 49, "sounds": [{"d": 0.211206436, "p": 63, "v": 64, "w": 0.0}], "pos": 0.1527772, "size": 1.0}, {"_time": 12.6132813, "$id": 50, "sounds": [{"d": 0.633620262, "p": 70, "v": 60, "w": 0.0}], "pos": 1.02777719, "size": 0.9}, {"_time": 12.6210938, "$id": 51, "sounds": [{"d": 0.7931042, "p": 66, "v": 38, "w": 0.0}], "pos": -1.0, "size": 0.9}, {"_time": 13.2421875, "$id": 52, "sounds": [{"d": 0.23706913, "p": 68, "v": 64, "w": 0.0}], "pos": -1.5, "size": 1.0}, {"_time": 13.46875, "$id": 53, "sounds": [{"d": 0.181034088, "p": 66, "v": 64, "w": 0.0}], "pos": -1.5, "size": 1.0}, {"_time": 13.65625, "$id": 54, "sounds": [{"d": 0.8275862, "p": 47, "v": 38, "w": 0.0}], "pos": 0.791667, "size": 1.0}, {"_time": 13.8632813, "$id": 55, "sounds": [{"d": 0.6206894, "p": 58, "v": 38, "w": 0.0}], "pos": -1.0, "size": 1.0}, {"_time": 14.0703125, "$id": 56, "sounds": [{"d": 0.4137926, "p": 66, "v": 38, "w": 0.0}], "pos": 0.0, "size": 0.9}, {"_time": 14.296875, "$id": 57, "sounds": [{"d": 0.172413826, "p": 68, "v": 64, "w": 0.0}], "pos": -1.5, "size": 1.0}, {"_time": 14.484375, "$id": 58, "sounds": [{"d": 0.72413826, "p": 46, "v": 38, "w": 0.0}], "pos": 0.222221851, "size": 1.0}, {"_time": 14.5, "$id": 59, "sounds": [{"d": 0.331896782, "p": 61, "v": 64, "w": 0.0}], "pos": -2.0, "size": 1.0}, {"_time": 14.9023438, "$id": 60, "sounds": [{"d": 0.142241478, "p": 65, "v": 64, "w": 0.0}], "pos": 0.5540533, "size": 1.0}, {"_time": 15.1210938, "$id": 61, "sounds": [{"d": 0.133620262, "p": 66, "v": 64, "w": 0.0}], "pos": 0.5540533, "size": 1.0}, {"_time": 15.3085938, "$id": 62, "sounds": [{"d": 1.03448391, "p": 44, "v": 38, "w": 0.0}], "pos": -1.16291285, "size": 1.0}, {"_time": 15.515625, "$id": 63, "sounds": [{"d": 0.7241392, "p": 51, "v": 38, "w": 0.0}], "pos": 0.135133743, "size": 1.0}, {"_time": 15.7226563, "$id": 64, "sounds": [{"d": 0.31034565, "p": 70, "v": 38, "w": 0.0}], "pos": 1.45945835, "size": 1.0}, {"_time": 16.5507813, "$id": 65, "sounds": [{"d": 0.206893921, "p": 66, "v": 45, "w": 0.0}], "pos": 1.5, "size": 1.0}, {"_time": 16.7578125, "$id": 66, "sounds": [{"d": 0.168104172, "p": 65, "v": 46, "w": 0.0}], "pos": 0.2837839, "size": 1.0}, {"_time": 16.9648438, "$id": 67, "sounds": [{"d": 1.03448677, "p": 49, "v": 38, "w": 0.0}], "pos": -1.08108139, "size": 1.1}, {"_time": 17.1640625, "$id": 68, "sounds": [{"d": 0.206897736, "p": 66, "v": 39, "w": 0.0}], "pos": 0.0135135651, "size": 1.0}, {"_time": 17.3789063, "$id": 69, "sounds": [{"d": 0.163793564, "p": 68, "v": 42, "w": 0.0}], "pos": 1.05405426, "size": 1.0}, {"_time": 17.59375, "$id": 70, "sounds": [{"d": 0.206895828, "p": 73, "v": 71, "w": 0.0}], "pos": 2.0, "size": 1.0}, {"_time": 17.9960938, "$id": 71, "sounds": [{"d": 0.206895828, "p": 71, "v": 53, "w": 0.0}], "pos": 0.5972214, "size": 1.0}, {"_time": 18.203125, "$id": 72, "sounds": [{"d": 0.206897736, "p": 70, "v": 43, "w": 0.0}], "pos": -1.0, "size": 1.0}, {"_time": 18.421875, "$id": 73, "sounds": [{"d": 0.206897736, "p": 68, "v": 52, "w": 0.0}], "pos": 0.243242264, "size": 1.0}, {"_time": 18.6171875, "$id": 74, "sounds": [{"d": 0.137931824, "p": 70, "v": 45, "w": 0.0}], "pos": 1.5, "size": 1.0}, {"_time": 18.6210938, "$id": 75, "sounds": [{"d": 1.03448486, "p": 54, "v": 38, "w": 0.0}], "pos": -1.0, "size": 1.0}, {"_time": 18.828125, "$id": 76, "sounds": [{"d": 0.72413826, "p": 58, "v": 38, "w": 0.0}], "pos": -2.0, "size": 1.0}, {"_time": 19.2421875, "$id": 77, "sounds": [{"d": 1.034483, "p": 66, "v": 38, "w": 0.0}], "pos": -0.5, "size": 1.0}, {"_time": 19.6523438, "$id": 78, "sounds": [{"d": 0.193965912, "p": 75, "v": 64, "w": 0.0}], "pos": 0.819444656, "size": 0.9}, {"_time": 19.8789063, "$id": 79, "sounds": [{"d": 0.241378784, "p": 70, "v": 64, "w": 0.0}], "pos": 2.0, "size": 0.9}, {"_time": 20.046875, "$id": 80, "sounds": [{"d": 0.3017254, "p": 71, "v": 64, "w": 0.0}], "pos": -0.0810823441, "size": 1.0}, {"_time": 20.2773438, "$id": 81, "sounds": [{"d": 0.827589035, "p": 53, "v": 38, "w": 0.0}], "pos": -1.93055534, "size": 1.0}, {"_time": 20.28125, "$id": 82, "sounds": [{"d": 0.7413807, "p": 70, "v": 64, "w": 0.0}], "pos": 1.37087059, "size": 1.0}, {"_time": 20.484375, "$id": 83, "sounds": [{"d": 0.6206913, "p": 58, "v": 38, "w": 0.0}], "pos": -0.7777777, "size": 1.0}, {"_time": 20.6757813, "$id": 84, "sounds": [{"d": 0.413793564, "p": 68, "v": 38, "w": 0.0}], "pos": 0.5, "size": 1.0}, {"_time": 21.1015625, "$id": 85, "sounds": [{"d": 0.72413826, "p": 49, "v": 38, "w": 0.0}], "pos": -0.06944466, "size": 1.0}, {"_time": 21.359375, "$id": 86, "sounds": [{"d": 0.120689392, "p": 58, "v": 64, "w": 0.0}], "pos": -1.39189053, "size": 1.0}, {"_time": 21.5546875, "$id": 87, "sounds": [{"d": 0.168104172, "p": 61, "v": 54, "w": 0.0}], "pos": 0.0, "size": 1.0}, {"_time": 21.7539063, "$id": 88, "sounds": [{"d": 0.19827652, "p": 63, "v": 54, "w": 0.0}], "pos": 1.06756783, "size": 1.1}, {"_time": 21.9296875, "$id": 89, "sounds": [{"d": 0.383621216, "p": 70, "v": 62, "w": 0.0}], "pos": -2.0, "size": 1.1}, {"_time": 21.9296875, "$id": 90, "sounds": [{"d": 1.034483, "p": 51, "v": 38, "w": 0.0}], "pos": 0.180555344, "size": 1.1}, {"_time": 22.1367188, "$id": 91, "sounds": [{"d": 0.72413826, "p": 58, "v": 38, "w": 0.0}], "pos": 1.0, "size": 1.1}, {"_time": 22.5507813, "$id": 92, "sounds": [{"d": 0.465517044, "p": 61, "v": 38, "w": 0.0}], "pos": -1.0, "size": 1.0}, {"_time": 22.5507813, "$id": 93, "sounds": [{"d": 0.5517235, "p": 65, "v": 38, "w": 0.0}], "pos": 1.0, "size": 1.0}, {"_time": 23.171875, "$id": 94, "sounds": [{"d": 0.206897736, "p": 68, "v": 64, "w": 0.0}], "pos": 0.75, "size": 1.0}, {"_time": 23.3671875, "$id": 95, "sounds": [{"d": 0.202587128, "p": 63, "v": 54, "w": 0.0}], "pos": -2.0, "size": 1.0}, {"_time": 23.5859375, "$id": 96, "sounds": [{"d": 0.206895828, "p": 70, "v": 64, "w": 0.0}], "pos": 1.0, "size": 1.0}, {"_time": 23.7929688, "$id": 97, "sounds": [{"d": 0.72413826, "p": 56, "v": 38, "w": 0.0}], "pos": -2.0, "size": 1.1}, {"_time": 24.0, "$id": 98, "sounds": [{"d": 0.206895828, "p": 73, "v": 47, "w": 0.0}], "pos": -0.540541649, "size": 1.0}, {"_time": 24.2070313, "$id": 99, "sounds": [{"d": 0.206895828, "p": 75, "v": 47, "w": 0.0}], "pos": 0.5, "size": 1.0}, {"_time": 24.4140625, "$id": 100, "sounds": [{"d": 0.206895828, "p": 75, "v": 47, "w": 0.0}], "pos": 1.49174213, "size": 1.0}, {"_time": 24.6210938, "$id": 101, "sounds": [{"d": 0.206897736, "p": 73, "v": 47, "w": 0.0}], "pos": -0.351350784, "size": 1.0}, {"_time": 24.828125, "$id": 102, "sounds": [{"d": 0.206897736, "p": 70, "v": 47, "w": 0.0}], "pos": 0.660660744, "size": 1.0}, {"_time": 25.0351563, "$id": 103, "sounds": [{"d": 0.206895828, "p": 68, "v": 47, "w": 0.0}], "pos": -1.0, "size": 1.0}, {"_time": 25.2421875, "$id": 104, "sounds": [{"d": 1.03448486, "p": 48, "v": 38, "w": 0.0}], "pos": -2.0, "size": 1.0}, {"_time": 25.4492188, "$id": 105, "sounds": [{"d": 0.724140167, "p": 58, "v": 38, "w": 0.0}], "pos": -1.0, "size": 1.0}, {"_time": 25.671875, "$id": 106, "sounds": [{"d": 0.133621216, "p": 78, "v": 64, "w": 0.0}], "pos": 1.66666555, "size": 0.9}, {"_time": 25.8515625, "$id": 107, "sounds": [{"d": 0.206897736, "p": 70, "v": 67, "w": 0.0}], "pos": 0.5810814, "size": 0.9}, {"_time": 26.0703125, "$id": 108, "sounds": [{"d": 0.19827652, "p": 75, "v": 64, "w": 0.0}], "pos": 1.66666555, "size": 0.9}, {"_time": 26.2851563, "$id": 109, "sounds": [{"d": 0.405172348, "p": 68, "v": 64, "w": 0.0}], "pos": -0.5, "size": 0.9}, {"_time": 26.6914063, "$id": 110, "sounds": [{"d": 0.392242432, "p": 66, "v": 64, "w": 0.0}], "pos": 0.166665554, "size": 1.0}, {"_time": 26.8984375, "$id": 111, "sounds": [{"d": 0.827589035, "p": 47, "v": 38, "w": 0.0}], "pos": -1.83333445, "size": 1.0}, {"_time": 27.1015625, "$id": 112, "sounds": [{"d": 0.163793564, "p": 65, "v": 64, "w": 0.0}], "pos": 0.0, "size": 1.0}, {"_time": 27.3242188, "$id": 113, "sounds": [{"d": 0.375, "p": 70, "v": 64, "w": 0.0}], "pos": 1.558557, "size": 1.0}, {"_time": 27.703125, "$id": 114, "sounds": [{"d": 0.7974148, "p": 68, "v": 64, "w": 0.0}], "pos": 0.666665554, "size": 0.9}, {"_time": 27.7226563, "$id": 115, "sounds": [{"d": 0.72413826, "p": 46, "v": 38, "w": 0.0}], "pos": -2.0, "size": 0.9}, {"_time": 28.1367188, "$id": 116, "sounds": [{"d": 0.206895828, "p": 61, "v": 47, "w": 0.0}], "pos": -1.01351166, "size": 1.0}, {"_time": 28.34375, "$id": 117, "sounds": [{"d": 0.206897736, "p": 63, "v": 47, "w": 0.0}], "pos": 1.0, "size": 1.0}, {"_time": 28.5507813, "$id": 118, "sounds": [{"d": 0.206897736, "p": 66, "v": 47, "w": 0.0}], "pos": -0.190690517, "size": 1.0}, {"_time": 28.7617188, "$id": 119, "sounds": [{"d": 0.224136353, "p": 63, "v": 64, "w": 0.0}], "pos": 0.5694442, "size": 1.0}, {"_time": 28.9648438, "$id": 120, "sounds": [{"d": 0.8275852, "p": 56, "v": 50, "w": 0.0}], "pos": -1.5, "size": 1.0}, {"_time": 29.7929688, "$id": 121, "sounds": [{"d": 0.206897736, "p": 68, "v": 51, "w": 0.0}], "pos": 0.986486435, "size": 1.0}, {"_time": 30.0, "$id": 122, "sounds": [{"d": 0.206895828, "p": 66, "v": 51, "w": 0.0}], "pos": 1.0, "size": 1.0}, {"_time": 30.2070313, "$id": 123, "sounds": [{"d": 1.034481, "p": 49, "v": 38, "w": 0.0}], "pos": -1.5, "size": 1.0}, {"_time": 30.4140625, "$id": 124, "sounds": [{"d": 0.607757568, "p": 56, "v": 38, "w": 0.0}], "pos": -0.6944442, "size": 1.0}, {"_time": 30.6796875, "$id": 125, "sounds": [{"d": 0.129310608, "p": 61, "v": 49, "w": 0.0}], "pos": 1.77852964, "size": 1.0}, {"_time": 30.828125, "$id": 126, "sounds": [{"d": 0.206897736, "p": 66, "v": 64, "w": 0.0}], "pos": -0.959458351, "size": 1.0}, {"_time": 31.0351563, "$id": 127, "sounds": [{"d": 0.0, "p": 66, "v": 64, "w": 0.0}], "pos": -0.903902531, "size": 1.0}, {"_time": 31.2421875, "$id": 128, "sounds": [{"d": 0.206897736, "p": 65, "v": 64, "w": 0.0}], "pos": 0.648648262, "size": 1.0}, {"_time": 31.4492188, "$id": 129, "sounds": [{"d": 0.206897736, "p": 61, "v": 47, "w": 0.0}], "pos": -0.175676346, "size": 1.0}, {"_time": 31.65625, "$id": 130, "sounds": [{"d": 0.163793564, "p": 58, "v": 47, "w": 0.0}], "pos": -1.0, "size": 1.0}, {"_time": 31.8632813, "$id": 131, "sounds": [{"d": 0.137931824, "p": 63, "v": 47, "w": 0.0}], "pos": 0.18055582, "size": 1.0}, {"_time": 32.09375, "$id": 132, "sounds": [{"d": 0.534484863, "p": 42, "v": 52, "w": 0.0}], "pos": -1.5, "size": 1.1}, {"_time": 32.484375, "$id": 133, "sounds": [{"d": 1.02586746, "p": 61, "v": 38, "w": 0.0}], "pos": -2.0, "size": 0.9}, {"_time": 32.484375, "$id": 134, "sounds": [{"d": 1.03448868, "p": 66, "v": 38, "w": 0.0}], "pos": 0.0, "size": 0.9}, {"_time": 33.1015625, "$id": 135, "sounds": [{"d": 0.413795471, "p": 49, "v": 38, "w": 0.0}], "pos": -0.9722228, "size": 1.0}, {"_time": 33.296875, "$id": 136, "sounds": [{"d": 0.206897736, "p": 56, "v": 64, "w": 0.0}], "pos": 0.0, "size": 1.0}, {"_time": 33.5273438, "$id": 137, "sounds": [{"d": 0.168106079, "p": 65, "v": 64, "w": 0.0}], "pos": 1.15277719, "size": 1.0}, {"_time": 33.5546875, "$id": 138, "sounds": [{"d": 0.107757568, "p": 61, "v": 64, "w": 0.0}], "pos": -1.0, "size": 1.1}, {"_time": 33.9296875, "$id": 139, "sounds": [{"d": 0.413791656, "p": 66, "v": 51, "w": 0.0}], "pos": 1.62912989, "size": 1.1}, {"_time": 34.34375, "$id": 140, "sounds": [{"d": 0.724140167, "p": 46, "v": 38, "w": 0.0}], "pos": -2.0, "size": 1.0}, {"_time": 34.5585938, "$id": 141, "sounds": [{"d": 0.6206894, "p": 53, "v": 38, "w": 0.0}], "pos": -1.0, "size": 1.0}, {"_time": 34.7578125, "$id": 142, "sounds": [{"d": 0.206897736, "p": 65, "v": 49, "w": 0.0}], "pos": 0.06944418, "size": 1.0}, {"_time": 34.9648438, "$id": 143, "sounds": [{"d": 0.206893921, "p": 66, "v": 49, "w": 0.0}], "pos": 1.0, "size": 1.0}, {"_time": 35.171875, "$id": 144, "sounds": [{"d": 1.034481, "p": 44, "v": 38, "w": 0.0}], "pos": -2.0, "size": 1.1}, {"_time": 35.5859375, "$id": 145, "sounds": [{"d": 0.413791656, "p": 73, "v": 49, "w": 0.0}], "pos": 1.06944418, "size": 1.0}, {"_time": 35.8164063, "$id": 146, "sounds": [{"d": 0.60344696, "p": 56, "v": 60, "w": 0.0}], "pos": -1.0, "size": 1.1}, {"_time": 36.0, "$id": 147, "sounds": [{"d": 0.413791656, "p": 71, "v": 49, "w": 0.0}], "pos": 0.8194442, "size": 1.0}, {"_time": 36.4140625, "$id": 148, "sounds": [{"d": 0.206893921, "p": 70, "v": 49, "w": 0.0}], "pos": 0.6944442, "size": 1.0}, {"_time": 36.6210938, "$id": 149, "sounds": [{"d": 0.0, "p": 68, "v": 49, "w": 0.0}], "pos": 0.0, "size": 1.0}, {"_time": 36.828125, "$id": 150, "sounds": [{"d": 1.034481, "p": 49, "v": 38, "w": 0.0}], "pos": -1.93055582, "size": 1.0}, {"_time": 37.0351563, "$id": 151, "sounds": [{"d": 0.724136353, "p": 56, "v": 38, "w": 0.0}], "pos": -1.0, "size": 1.0}, {"_time": 37.2578125, "$id": 152, "sounds": [{"d": 0.232757568, "p": 58, "v": 60, "w": 0.0}], "pos": 0.0, "size": 1.0}, {"_time": 37.4453125, "$id": 153, "sounds": [{"d": 1.03878784, "p": 68, "v": 58, "w": 0.0}], "pos": 1.0, "size": 1.0}, {"_time": 37.65625, "$id": 154, "sounds": [{"d": 0.413791656, "p": 63, "v": 49, "w": 0.0}], "pos": -1.0, "size": 1.0}, {"_time": 38.0703125, "$id": 155, "sounds": [{"d": 0.357757568, "p": 65, "v": 49, "w": 0.0}], "pos": 0.5, "size": 1.0}, {"_time": 38.3164063, "$id": 156, "sounds": [{"d": 0.181034088, "p": 61, "v": 60, "w": 0.0}], "pos": -0.5, "size": 1.0}, {"_time": 38.484375, "$id": 157, "sounds": [{"d": 1.03448868, "p": 46, "v": 38, "w": 0.0}], "pos": -2.0, "size": 1.0}, {"_time": 38.8984375, "$id": 158, "sounds": [{"d": 0.413795471, "p": 66, "v": 49, "w": 0.0}], "pos": 0.5, "size": 1.0}, {"_time": 39.3085938, "$id": 159, "sounds": [{"d": 0.413795471, "p": 68, "v": 49, "w": 0.0}], "pos": -0.5, "size": 1.0}, {"_time": 39.4960938, "$id": 160, "sounds": [{"d": 0.215518951, "p": 56, "v": 42, "w": 0.0}], "pos": 1.5, "size": 1.0}, {"_time": 39.7226563, "$id": 161, "sounds": [{"d": 0.4137993, "p": 70, "v": 49, "w": 0.0}], "pos": -0.5, "size": 1.0}, {"_time": 40.13672, "$id": 162, "sounds": [{"d": 0.3103447, "p": 68, "v": 49, "w": 0.0}], "pos": 1.0, "size": 1.0}, {"_time": 40.13672, "$id": 163, "sounds": [{"d": 0.8275833, "p": 51, "v": 38, "w": 0.0}], "pos": -2.0, "size": 1.0}, {"_time": 40.34375, "$id": 164, "sounds": [{"d": 0.6206856, "p": 58, "v": 38, "w": 0.0}], "pos": -1.0, "size": 1.0}, {"_time": 40.55078, "$id": 165, "sounds": [{"d": 0.413791656, "p": 66, "v": 38, "w": 0.0}], "pos": 0.0, "size": 1.0}, {"_time": 40.9648438, "$id": 166, "sounds": [{"d": 0.724136353, "p": 46, "v": 38, "w": 0.0}], "pos": -0.5, "size": 1.0}, {"_time": 41.20703, "$id": 167, "sounds": [{"d": 0.6206856, "p": 53, "v": 38, "w": 0.0}], "pos": 1.5, "size": 1.0}, {"_time": 41.3789063, "$id": 168, "sounds": [{"d": 0.206897736, "p": 65, "v": 61, "w": 0.0}], "pos": 0.0, "size": 1.0}, {"_time": 41.79297, "$id": 169, "sounds": [{"d": 0.206893921, "p": 65, "v": 61, "w": 0.0}], "pos": -0.4166665, "size": 1.0}, {"_time": 42.0, "$id": 170, "sounds": [{"d": 0.724140167, "p": 51, "v": 38, "w": 0.0}], "pos": -2.0, "size": 1.0}, {"_time": 42.20703, "$id": 171, "sounds": [{"d": 0.413795471, "p": 73, "v": 49, "w": 0.0}], "pos": 0.5833335, "size": 1.0}, {"_time": 42.41797, "$id": 172, "sounds": [{"d": 0.594825745, "p": 56, "v": 64, "w": 0.0}], "pos": -1.5, "size": 1.0}, {"_time": 42.6210938, "$id": 173, "sounds": [{"d": 0.413791656, "p": 71, "v": 49, "w": 0.0}], "pos": 0.5833335, "size": 1.0}, {"_time": 43.0351563, "$id": 174, "sounds": [{"d": 0.202583313, "p": 70, "v": 49, "w": 0.0}], "pos": -0.5, "size": 1.0}, {"_time": 43.2421875, "$id": 175, "sounds": [{"d": 0.20690155, "p": 68, "v": 49, "w": 0.0}], "pos": 1.5, "size": 1.0}, {"_time": 43.44922, "$id": 176, "sounds": [{"d": 0.413795471, "p": 70, "v": 49, "w": 0.0}], "pos": 0.0, "size": 1.0}, {"_time": 43.6601563, "$id": 177, "sounds": [{"d": 0.1853447, "p": 61, "v": 64, "w": 0.0}], "pos": -1.0, "size": 1.0}, {"_time": 43.86328, "$id": 178, "sounds": [{"d": 0.413795471, "p": 71, "v": 49, "w": 0.0}], "pos": 1.0, "size": 1.0}, {"_time": 44.0703125, "$id": 179, "sounds": [{"d": 1.034481, "p": 68, "v": 38, "w": 0.0}], "pos": -1.5, "size": 1.0}, {"_time": 44.2773438, "$id": 180, "sounds": [{"d": 0.413791656, "p": 70, "v": 49, "w": 0.0}], "pos": 0.333333015, "size": 1.0}, {"_time": 44.67578, "$id": 181, "sounds": [{"d": 0.3146553, "p": 65, "v": 64, "w": 0.0}], "pos": -2.0, "size": 1.0}, {"_time": 44.9101563, "$id": 182, "sounds": [{"d": 0.19827652, "p": 61, "v": 64, "w": 0.0}], "pos": -2.0, "size": 1.0}, {"_time": 45.1015625, "$id": 183, "sounds": [{"d": 0.409484863, "p": 63, "v": 49, "w": 0.0}], "pos": -0.166666985, "size": 1.0}, {"_time": 45.515625, "$id": 184, "sounds": [{"d": 0.413795471, "p": 66, "v": 49, "w": 0.0}], "pos": 0.0, "size": 1.0}, {"_time": 45.7226563, "$id": 185, "sounds": [{"d": 1.03448486, "p": 63, "v": 38, "w": 0.0}], "pos": -1.0, "size": 1.0}, {"_time": 45.9296875, "$id": 186, "sounds": [{"d": 0.413795471, "p": 68, "v": 49, "w": 0.0}], "pos": -0.388888836, "size": 1.0}, {"_time": 46.1640625, "$id": 187, "sounds": [{"d": 0.14655304, "p": 58, "v": 64, "w": 0.0}], "pos": -2.0, "size": 1.0}, {"_time": 46.34375, "$id": 188, "sounds": [{"d": 0.413791656, "p": 70, "v": 49, "w": 0.0}], "pos": 0.5, "size": 1.0}, {"_time": 46.7578125, "$id": 189, "sounds": [{"d": 0.3103447, "p": 68, "v": 49, "w": 0.0}], "pos": -0.388888836, "size": 1.0}, {"_time": 46.7578125, "$id": 190, "sounds": [{"d": 0.8275795, "p": 51, "v": 38, "w": 0.0}], "pos": -2.0, "size": 1.0}, {"_time": 47.171875, "$id": 191, "sounds": [{"d": 0.10344696, "p": 90, "v": 64, "w": 0.0}], "pos": 2.0, "size": 0.799999952}, {"_time": 47.3789063, "$id": 192, "sounds": [{"d": 0.366374969, "p": 85, "v": 64, "w": 0.0}], "pos": 0.06944466, "size": 0.9}, {"_time": 47.5859375, "$id": 193, "sounds": [{"d": 0.10344696, "p": 89, "v": 64, "w": 0.0}], "pos": 1.21621513, "size": 0.9}, {"_time": 47.79297, "$id": 194, "sounds": [{"d": 0.181034088, "p": 82, "v": 64, "w": 0.0}], "pos": -0.305555344, "size": 0.9}, {"_time": 48.0, "$id": 195, "sounds": [{"d": 0.172412872, "p": 85, "v": 64, "w": 0.0}], "pos": 0.4305544, "size": 1.0}, {"_time": 48.2148438, "$id": 196, "sounds": [{"d": 0.17672348, "p": 78, "v": 64, "w": 0.0}], "pos": -0.805555344, "size": 1.0}, {"_time": 48.421875, "$id": 197, "sounds": [{"d": 0.327587128, "p": 77, "v": 64, "w": 0.0}], "pos": -2.0, "size": 1.0}, {"_time": 48.828125, "$id": 198, "sounds": [{"d": 0.413795471, "p": 78, "v": 86, "w": 0.0}], "pos": -2.0, "size": 1.0}, {"_time": 48.828125, "$id": 199, "sounds": [{"d": 0.413795471, "p": 70, "v": 38, "w": 0.0}], "pos": 2.0, "size": 1.0}, {"_time": 49.2421875, "$id": 200, "sounds": [{"d": 0.413795471, "p": 68, "v": 38, "w": 0.0}], "pos": 1.0, "size": 1.0}, {"_time": 49.2421875, "$id": 201, "sounds": [{"d": 0.413795471, "p": 77, "v": 78, "w": 0.0}], "pos": -1.0, "size": 1.0}, {"_time": 49.65625, "$id": 202, "sounds": [{"d": 0.224136353, "p": 73, "v": 49, "w": 0.0}], "pos": 0.0, "size": 1.0}, {"_time": 50.0703125, "$id": 203, "sounds": [{"d": 0.413791656, "p": 70, "v": 49, "w": 0.0}], "pos": -1.44444561, "size": 1.1}, {"_time": 50.07422, "$id": 204, "sounds": [{"d": 0.3146553, "p": 61, "v": 64, "w": 0.0}], "pos": 1.5, "size": 1.1}, {"_time": 50.484375, "$id": 205, "sounds": [{"d": 0.409484863, "p": 68, "v": 49, "w": 0.0}], "pos": -2.0, "size": 1.1}, {"_time": 50.4921875, "$id": 206, "sounds": [{"d": 0.17672348, "p": 71, "v": 64, "w": 0.0}], "pos": 0.0, "size": 1.1}, {"_time": 50.8984375, "$id": 207, "sounds": [{"d": 0.413795471, "p": 70, "v": 49, "w": 0.0}], "pos": 2.0, "size": 1.0}, {"_time": 51.3085938, "$id": 208, "sounds": [{"d": 0.125, "p": 77, "v": 64, "w": 0.0}], "pos": 0.9072809, "size": 1.0}, {"_time": 51.3085938, "$id": 209, "sounds": [{"d": 0.4137993, "p": 73, "v": 49, "w": 0.0}], "pos": -2.0, "size": 1.0}, {"_time": 51.4453125, "$id": 210, "sounds": [{"d": 0.1163826, "p": 78, "v": 64, "w": 0.0}], "pos": 0.1944437, "size": 1.0}, {"_time": 51.5859375, "$id": 211, "sounds": [{"d": 0.112068176, "p": 80, "v": 64, "w": 0.0}], "pos": 0.6066055, "size": 1.0}, {"_time": 51.7148438, "$id": 212, "sounds": [{"d": 0.1853447, "p": 82, "v": 64, "w": 0.0}], "pos": 1.01876831, "size": 1.0}, {"_time": 51.7226563, "$id": 213, "sounds": [{"d": 0.413795471, "p": 75, "v": 49, "w": 0.0}], "pos": -1.5, "size": 1.0}, {"_time": 52.13672, "$id": 214, "sounds": [{"d": 0.163791656, "p": 80, "v": 64, "w": 0.0}], "pos": 1.0, "size": 1.0}, {"_time": 52.13672, "$id": 215, "sounds": [{"d": 0.409477234, "p": 73, "v": 49, "w": 0.0}], "pos": -1.5, "size": 1.0}, {"_time": 52.3398438, "$id": 216, "sounds": [{"d": 0.155170441, "p": 78, "v": 64, "w": 0.0}], "pos": 1.0, "size": 1.0}, {"_time": 52.578125, "$id": 217, "sounds": [{"d": 0.3706894, "p": 77, "v": 64, "w": 0.0}], "pos": -0.959835052, "size": 1.0}, {"_time": 52.7578125, "$id": 218, "sounds": [{"d": 0.6163826, "p": 61, "v": 38, "w": 0.0}], "pos": -1.0, "size": 1.0}, {"_time": 52.984375, "$id": 219, "sounds": [{"d": 0.224140167, "p": 78, "v": 64, "w": 0.0}], "pos": 1.0, "size": 1.0}, {"_time": 53.390625, "$id": 220, "sounds": [{"d": 0.07327652, "p": 77, "v": 64, "w": 0.0}], "pos": -0.743618965, "size": 1.0}, {"_time": 53.4960938, "$id": 221, "sounds": [{"d": 0.0818977356, "p": 78, "v": 64, "w": 0.0}], "pos": 1.0, "size": 1.0}, {"_time": 53.59375, "$id": 222, "sounds": [{"d": 0.181034088, "p": 77, "v": 64, "w": 0.0}], "pos": -1.0, "size": 1.0}, {"_time": 53.8046875, "$id": 223, "sounds": [{"d": 0.168102264, "p": 73, "v": 64, "w": 0.0}], "pos": -0.135133743, "size": 1.0}, {"_time": 54.01172, "$id": 224, "sounds": [{"d": 0.193969727, "p": 70, "v": 64, "w": 0.0}], "pos": -2.0, "size": 1.0}, {"_time": 54.2148438, "$id": 225, "sounds": [{"d": 0.224136353, "p": 75, "v": 64, "w": 0.0}], "pos": -0.2638893, "size": 1.0}, {"_time": 54.453125, "$id": 226, "sounds": [{"d": 0.168102264, "p": 67, "v": 64, "w": 0.0}], "pos": 0.5, "size": 1.0}, {"_time": 54.6171875, "$id": 227, "sounds": [{"d": 0.340518951, "p": 61, "v": 38, "w": 0.0}], "pos": -1.04054165, "size": 1.0}, {"_time": 54.82422, "$id": 228, "sounds": [{"d": 0.129310608, "p": 70, "v": 64, "w": 0.0}], "pos": 1.5, "size": 1.0}, {"_time": 55.0351563, "$id": 229, "sounds": [{"d": 0.409484863, "p": 66, "v": 64, "w": 0.0}], "pos": -2.0, "size": 1.2}, {"_time": 55.0585938, "$id": 230, "sounds": [{"d": 0.387931824, "p": 73, "v": 64, "w": 0.0}], "pos": -0.000376701355, "size": 1.2}, {"_time": 55.44922, "$id": 231, "sounds": [{"d": 0.400863647, "p": 65, "v": 38, "w": 0.0}], "pos": -0.5, "size": 1.0}, {"_time": 55.6523438, "$id": 232, "sounds": [{"d": 0.133621216, "p": 75, "v": 64, "w": 0.0}], "pos": 1.0, "size": 1.0}, {"_time": 55.86328, "$id": 233, "sounds": [{"d": 0.413791656, "p": 66, "v": 49, "w": 0.0}], "pos": -2.0, "size": 1.2}, {"_time": 55.875, "$id": 234, "sounds": [{"d": 0.400859833, "p": 73, "v": 64, "w": 0.0}], "pos": 0.0135126114, "size": 1.2}, {"_time": 56.2773438, "$id": 235, "sounds": [{"d": 0.400859833, "p": 65, "v": 38, "w": 0.0}], "pos": -1.0, "size": 1.0}, {"_time": 56.4921875, "$id": 236, "sounds": [{"d": 0.1853447, "p": 75, "v": 64, "w": 0.0}], "pos": -1.5, "size": 1.0}, {"_time": 56.6914063, "$id": 237, "sounds": [{"d": 0.206897736, "p": 66, "v": 49, "w": 0.0}], "pos": -0.486485481, "size": 1.1}, {"_time": 56.6953125, "$id": 238, "sounds": [{"d": 0.17672348, "p": 73, "v": 64, "w": 0.0}], "pos": 1.87837791, "size": 1.1}, {"_time": 56.9023438, "$id": 239, "sounds": [{"d": 0.159481049, "p": 75, "v": 67, "w": 0.0}], "pos": 0.5, "size": 1.0}, {"_time": 57.109375, "$id": 240, "sounds": [{"d": 0.107757568, "p": 77, "v": 67, "w": 0.0}], "pos": -0.648648262, "size": 1.0}, {"_time": 57.33203, "$id": 241, "sounds": [{"d": 0.116378784, "p": 78, "v": 78, "w": 0.0}], "pos": 1.4594593, "size": 1.0}, {"_time": 57.5273438, "$id": 242, "sounds": [{"d": 0.206897736, "p": 68, "v": 62, "w": 0.0}], "pos": 0.8175659, "size": 1.0}, {"_time": 57.55078, "$id": 243, "sounds": [{"d": 0.120689392, "p": 73, "v": 75, "w": 0.0}], "pos": 1.30743122, "size": 0.9}, {"_time": 57.5664063, "$id": 244, "sounds": [{"d": 0.142238617, "p": 80, "v": 88, "w": 0.0}], "pos": 2.0, "size": 0.799999952}, {"_time": 57.94922, "$id": 245, "sounds": [{"d": 0.379314423, "p": 70, "v": 74, "w": 0.0}], "pos": 0.0, "size": 1.0}, {"_time": 58.15625, "$id": 246, "sounds": [{"d": 0.193969727, "p": 66, "v": 64, "w": 0.0}], "pos": 0.5, "size": 1.0}, {"_time": 58.359375, "$id": 247, "sounds": [{"d": 0.39655304, "p": 68, "v": 74, "w": 0.0}], "pos": -0.750000954, "size": 1.0}, {"_time": 58.7578125, "$id": 248, "sounds": [{"d": 0.4137993, "p": 63, "v": 49, "w": 0.0}], "pos": 0.0, "size": 1.1}, {"_time": 58.76172, "$id": 249, "sounds": [{"d": 0.284484863, "p": 66, "v": 74, "w": 0.0}], "pos": -2.0, "size": 1.1}, {"_time": 59.171875, "$id": 250, "sounds": [{"d": 0.413795471, "p": 65, "v": 49, "w": 0.0}], "pos": 1.06756783, "size": 1.1}, {"_time": 59.1953125, "$id": 251, "sounds": [{"d": 0.366378784, "p": 68, "v": 74, "w": 0.0}], "pos": -1.29054165, "size": 1.1}, {"_time": 59.58203, "$id": 252, "sounds": [{"d": 0.19827652, "p": 70, "v": 74, "w": 0.0}], "pos": -1.55405426, "size": 1.1}, {"_time": 59.5859375, "$id": 253, "sounds": [{"d": 0.413795471, "p": 66, "v": 49, "w": 0.0}], "pos": -0.0135145187, "size": 1.1}, {"_time": 59.9921875, "$id": 254, "sounds": [{"d": 1.2413826, "p": 70, "v": 64, "w": 0.0}], "pos": -0.500000954, "size": 1.2}, {"_time": 60.0039063, "$id": 255, "sounds": [{"d": 1.2413826, "p": 46, "v": 47, "w": 0.0}], "pos": 2.0, "size": 1.2}, {"_time": 61.65625, "$id": 256, "sounds": [{"d": 0.6853485, "p": 65, "v": 74, "w": 0.0}], "pos": 1.5, "size": 1.1}, {"_time": 61.6640625, "$id": 257, "sounds": [{"d": 0.461208344, "p": 51, "v": 51, "w": 0.0}], "pos": -1.0, "size": 1.1}, {"_time": 62.2773438, "$id": 258, "sounds": [{"d": 0.211208344, "p": 63, "v": 60, "w": 0.0}], "pos": -0.5, "size": 1.0}, {"_time": 62.484375, "$id": 259, "sounds": [{"d": 0.3060341, "p": 65, "v": 74, "w": 0.0}], "pos": 0.375, "size": 1.2}, {"_time": 62.4960938, "$id": 260, "sounds": [{"d": 0.39655304, "p": 51, "v": 48, "w": 0.0}], "pos": -1.375, "size": 1.2}, {"_time": 62.6914063, "$id": 261, "sounds": [{"d": 0.1853447, "p": 63, "v": 66, "w": 0.0}], "pos": -0.5, "size": 1.0}, {"_time": 63.10547, "$id": 262, "sounds": [{"d": 0.3017273, "p": 65, "v": 83, "w": 0.0}], "pos": 0.0, "size": 1.0}, {"_time": 63.33203, "$id": 263, "sounds": [{"d": 0.5086212, "p": 49, "v": 44, "w": 0.0}], "pos": -1.625, "size": 1.0}, {"_time": 63.51172, "$id": 264, "sounds": [{"d": 0.70690155, "p": 66, "v": 61, "w": 0.0}], "pos": 0.5, "size": 1.0}, {"_time": 64.13672, "$id": 265, "sounds": [{"d": 0.20690155, "p": 65, "v": 95, "w": 0.0}], "pos": 1.05067539, "size": 1.1}, {"_time": 64.140625, "$id": 266, "sounds": [{"d": 0.409484863, "p": 49, "v": 51, "w": 0.0}], "pos": -0.796546936, "size": 1.1}, {"_time": 64.55078, "$id": 267, "sounds": [{"d": 0.418106079, "p": 66, "v": 73, "w": 0.0}], "pos": 0.148649216, "size": 1.1}, {"_time": 64.96484, "$id": 268, "sounds": [{"d": 0.517242432, "p": 48, "v": 31, "w": 0.0}], "pos": -0.337086678, "size": 1.0}, {"_time": 64.96484, "$id": 269, "sounds": [{"d": 0.642250061, "p": 68, "v": 71, "w": 0.0}], "pos": 1.88513565, "size": 1.0}, {"_time": 64.98828, "$id": 270, "sounds": [{"d": 0.487068176, "p": 51, "v": 36, "w": 0.0}], "pos": 0.0379133224, "size": 1.0}, {"_time": 65.00391, "$id": 271, "sounds": [{"d": 0.5043106, "p": 54, "v": 33, "w": 0.0}], "pos": 0.412913322, "size": 1.0}, {"_time": 65.58594, "$id": 272, "sounds": [{"d": 0.211212158, "p": 66, "v": 48, "w": 0.0}], "pos": 0.7837839, "size": 1.0}, {"_time": 65.80078, "$id": 273, "sounds": [{"d": 0.198280334, "p": 65, "v": 77, "w": 0.0}], "pos": 1.51013565, "size": 1.0}, {"_time": 65.828125, "$id": 274, "sounds": [{"d": 0.314659119, "p": 48, "v": 42, "w": 0.0}], "pos": -1.75, "size": 1.0}, {"_time": 66.0, "$id": 275, "sounds": [{"d": 0.4138031, "p": 66, "v": 56, "w": 0.0}], "pos": -1.0, "size": 1.0}, {"_time": 66.41406, "$id": 276, "sounds": [{"d": 0.4094925, "p": 68, "v": 64, "w": 0.0}], "pos": 0.5, "size": 1.0}, {"_time": 66.62109, "$id": 277, "sounds": [{"d": 0.5000076, "p": 47, "v": 38, "w": 0.0}], "pos": -1.875, "size": 1.0}, {"_time": 66.82422, "$id": 278, "sounds": [{"d": 0.211212158, "p": 70, "v": 64, "w": 0.0}], "pos": 1.5, "size": 1.0}, {"_time": 67.03516, "$id": 279, "sounds": [{"d": 0.3706894, "p": 63, "v": 76, "w": 0.0}], "pos": -0.5, "size": 1.0}, {"_time": 67.44141, "$id": 280, "sounds": [{"d": 0.4224167, "p": 63, "v": 69, "w": 0.0}], "pos": 0.125, "size": 1.1}, {"_time": 67.44531, "$id": 281, "sounds": [{"d": 0.357757568, "p": 46, "v": 66, "w": 0.0}], "pos": -2.0, "size": 1.1}, {"_time": 67.859375, "$id": 282, "sounds": [{"d": 0.418106079, "p": 66, "v": 77, "w": 0.0}], "pos": -0.513513565, "size": 1.1}, {"_time": 68.27734, "$id": 283, "sounds": [{"d": 0.4353485, "p": 70, "v": 76, "w": 0.0}], "pos": 1.64489365, "size": 1.1}, {"_time": 68.296875, "$id": 284, "sounds": [{"d": 0.4224167, "p": 66, "v": 64, "w": 0.0}], "pos": -0.216217041, "size": 1.1}, {"_time": 69.10547, "$id": 285, "sounds": [{"d": 0.5000076, "p": 47, "v": 64, "w": 0.0}], "pos": -2.0, "size": 1.1}, {"_time": 69.12891, "$id": 286, "sounds": [{"d": 0.1810379, "p": 63, "v": 76, "w": 0.0}], "pos": -0.0138893127, "size": 1.1}, {"_time": 69.30859, "$id": 287, "sounds": [{"d": 0.20690155, "p": 66, "v": 76, "w": 0.0}], "pos": 0.0, "size": 1.1}, {"_time": 69.72266, "$id": 288, "sounds": [{"d": 0.4138031, "p": 70, "v": 76, "w": 0.0}], "pos": 0.5, "size": 1.1}, {"_time": 69.92969, "$id": 289, "sounds": [{"d": 0.5388031, "p": 58, "v": 54, "w": 0.0}], "pos": -0.6388893, "size": 1.1}, {"_time": 70.13672, "$id": 290, "sounds": [{"d": 0.534484863, "p": 73, "v": 76, "w": 0.0}], "pos": 2.0, "size": 1.1}, {"_time": 70.75781, "$id": 291, "sounds": [{"d": 0.409484863, "p": 49, "v": 64, "w": 0.0}], "pos": 1.0, "size": 1.1}, {"_time": 70.96484, "$id": 292, "sounds": [{"d": 0.206893921, "p": 68, "v": 76, "w": 0.0}], "pos": 1.0, "size": 1.1}, {"_time": 71.171875, "$id": 293, "sounds": [{"d": 0.20690155, "p": 66, "v": 76, "w": 0.0}], "pos": -1.39189243, "size": 1.1}, {"_time": 71.375, "$id": 294, "sounds": [{"d": 1.0388031, "p": 70, "v": 76, "w": 0.0}], "pos": 0.378379822, "size": 1.1}, {"_time": 71.58594, "$id": 295, "sounds": [{"d": 0.5387955, "p": 66, "v": 54, "w": 0.0}], "pos": 0.3611107, "size": 1.1}, {"_time": 71.60547, "$id": 296, "sounds": [{"d": 0.5086212, "p": 54, "v": 67, "w": 0.0}], "pos": -2.0, "size": 1.1}, {"_time": 72.40625, "$id": 297, "sounds": [{"d": 0.461212158, "p": 66, "v": 49, "w": 0.0}], "pos": 1.55405331, "size": 1.0}, {"_time": 72.41406, "$id": 298, "sounds": [{"d": 0.409484863, "p": 54, "v": 74, "w": 0.0}], "pos": -0.444444656, "size": 1.0}, {"_time": 72.640625, "$id": 299, "sounds": [{"d": 0.1810379, "p": 73, "v": 64, "w": 0.0}], "pos": -1.083334, "size": 1.0}, {"_time": 72.86328, "$id": 300, "sounds": [{"d": 0.150863647, "p": 78, "v": 64, "w": 0.0}], "pos": -0.09684849, "size": 1.0}, {"_time": 73.03906, "$id": 301, "sounds": [{"d": 0.193969727, "p": 82, "v": 64, "w": 0.0}], "pos": 0.7274761, "size": 0.9}, {"_time": 73.234375, "$id": 302, "sounds": [{"d": 0.25, "p": 80, "v": 64, "w": 0.0}], "pos": 1.37612534, "size": 0.9}, {"_time": 73.24219, "$id": 303, "sounds": [{"d": 0.538787842, "p": 53, "v": 64, "w": 0.0}], "pos": -1.5, "size": 1.0}, {"_time": 73.45703, "$id": 304, "sounds": [{"d": 0.155174255, "p": 85, "v": 64, "w": 0.0}], "pos": 2.0, "size": 0.9}, {"_time": 73.67578, "$id": 305, "sounds": [{"d": 0.155174255, "p": 80, "v": 64, "w": 0.0}], "pos": 0.8633623, "size": 0.9}, {"_time": 73.828125, "$id": 306, "sounds": [{"d": 0.09914398, "p": 78, "v": 64, "w": 0.0}], "pos": -0.0555562973, "size": 1.0}, {"_time": 74.046875, "$id": 307, "sounds": [{"d": 0.14655304, "p": 77, "v": 64, "w": 0.0}], "pos": -1.25901031, "size": 0.9}, {"_time": 74.1875, "$id": 308, "sounds": [{"d": 0.133621216, "p": 78, "v": 64, "w": 0.0}], "pos": 0.7552538, "size": 0.9}, {"_time": 74.34375, "$id": 309, "sounds": [{"d": 0.142242432, "p": 77, "v": 64, "w": 0.0}], "pos": -1.5, "size": 0.9}, {"_time": 74.47266, "$id": 310, "sounds": [{"d": 0.245697021, "p": 73, "v": 64, "w": 0.0}], "pos": 0.0, "size": 1.0}, {"_time": 74.70703, "$id": 311, "sounds": [{"d": 0.193969727, "p": 70, "v": 64, "w": 0.0}], "pos": -0.9324322, "size": 1.0}, {"_time": 74.89844, "$id": 312, "sounds": [{"d": 0.6853409, "p": 65, "v": 74, "w": 0.0}], "pos": -1.958334, "size": 1.0}, {"_time": 74.90625, "$id": 313, "sounds": [{"d": 0.461204529, "p": 51, "v": 51, "w": 0.0}], "pos": 0.5, "size": 1.0}, {"_time": 75.515625, "$id": 314, "sounds": [{"d": 0.211204529, "p": 63, "v": 60, "w": 0.0}], "pos": 0.0, "size": 1.0}, {"_time": 75.72266, "$id": 315, "sounds": [{"d": 0.3060379, "p": 65, "v": 74, "w": 0.0}], "pos": 1.12499952, "size": 1.2}, {"_time": 75.73828, "$id": 316, "sounds": [{"d": 0.39655304, "p": 51, "v": 48, "w": 0.0}], "pos": -1.0405407, "size": 1.2}, {"_time": 75.92969, "$id": 317, "sounds": [{"d": 0.185348511, "p": 63, "v": 66, "w": 0.0}], "pos": 0.0, "size": 1.0}, {"_time": 76.34766, "$id": 318, "sounds": [{"d": 0.327590942, "p": 68, "v": 64, "w": 0.0}], "pos": 0.7837839, "size": 1.0}, {"_time": 76.57422, "$id": 319, "sounds": [{"d": 0.5086212, "p": 49, "v": 44, "w": 0.0}], "pos": -0.199325085, "size": 1.1}, {"_time": 76.75391, "$id": 320, "sounds": [{"d": 0.7069092, "p": 66, "v": 61, "w": 0.0}], "pos": 1.48648548, "size": 1.0}, {"_time": 77.37891, "$id": 321, "sounds": [{"d": 0.20690155, "p": 65, "v": 95, "w": 0.0}], "pos": 0.179051876, "size": 1.2}, {"_time": 77.38281, "$id": 322, "sounds": [{"d": 0.409484863, "p": 49, "v": 51, "w": 0.0}], "pos": -1.82094812, "size": 1.2}, {"_time": 77.79297, "$id": 323, "sounds": [{"d": 0.418106079, "p": 66, "v": 73, "w": 0.0}], "pos": 1.0405407, "size": 1.2}, {"_time": 78.20703, "$id": 324, "sounds": [{"d": 0.517242432, "p": 48, "v": 31, "w": 0.0}], "pos": -0.378379345, "size": 1.2}, {"_time": 78.20703, "$id": 325, "sounds": [{"d": 0.642250061, "p": 68, "v": 71, "w": 0.0}], "pos": 1.67567539, "size": 1.2}, {"_time": 78.625, "$id": 326, "sounds": [{"d": 0.1767273, "p": 75, "v": 64, "w": 0.0}], "pos": 0.5, "size": 1.0}, {"_time": 78.86719, "$id": 327, "sounds": [{"d": 0.3534546, "p": 70, "v": 64, "w": 0.0}], "pos": 0.0, "size": 1.0}, {"_time": 79.07031, "$id": 328, "sounds": [{"d": 0.314659119, "p": 48, "v": 42, "w": 0.0}], "pos": -1.00000048, "size": 1.0}, {"_time": 79.24609, "$id": 329, "sounds": [{"d": 0.1810379, "p": 75, "v": 64, "w": 0.0}], "pos": 0.0, "size": 1.0}, {"_time": 79.46875, "$id": 330, "sounds": [{"d": 0.168106079, "p": 77, "v": 64, "w": 0.0}], "pos": 1.5, "size": 1.0}, {"_time": 79.66797, "$id": 331, "sounds": [{"d": 0.241386414, "p": 78, "v": 64, "w": 0.0}], "pos": 0.5, "size": 1.0}, {"_time": 79.86328, "$id": 332, "sounds": [{"d": 0.5000076, "p": 47, "v": 38, "w": 0.0}], "pos": -2.0, "size": 1.0}, {"_time": 80.08984, "$id": 333, "sounds": [{"d": 0.172416687, "p": 82, "v": 84, "w": 0.0}], "pos": 2.0, "size": 1.0}, {"_time": 80.27344, "$id": 334, "sounds": [{"d": 0.413795471, "p": 75, "v": 84, "w": 0.0}], "pos": 0.0, "size": 1.2}, {"_time": 80.67969, "$id": 335, "sounds": [{"d": 0.418106079, "p": 63, "v": 69, "w": 0.0}], "pos": 0.8749995, "size": 1.0}, {"_time": 80.6875, "$id": 336, "sounds": [{"d": 0.357757568, "p": 46, "v": 66, "w": 0.0}], "pos": -1.25000048, "size": 1.2}, {"_time": 81.09766, "$id": 337, "sounds": [{"d": 0.418106079, "p": 66, "v": 77, "w": 0.0}], "pos": -0.5, "size": 1.2}, {"_time": 81.11328, "$id": 338, "sounds": [{"d": 0.409484863, "p": 78, "v": 87, "w": 0.0}], "pos": 1.0, "size": 1.0}, {"_time": 81.515625, "$id": 339, "sounds": [{"d": 0.3793106, "p": 51, "v": 52, "w": 0.0}], "pos": 1.5, "size": 1.0}, {"_time": 81.53516, "$id": 340, "sounds": [{"d": 0.409484863, "p": 80, "v": 87, "w": 0.0}], "pos": -0.0555562973, "size": 1.2}, {"_time": 81.546875, "$id": 341, "sounds": [{"d": 0.5043106, "p": 54, "v": 29, "w": 0.0}], "pos": 2.0, "size": 1.0}, {"_time": 81.92969, "$id": 342, "sounds": [{"d": 0.4353485, "p": 70, "v": 76, "w": 0.0}], "pos": 1.583333, "size": 1.0}, {"_time": 81.92969, "$id": 343, "sounds": [{"d": 0.362068176, "p": 82, "v": 87, "w": 0.0}], "pos": 0.1944437, "size": 1.2}, {"_time": 82.34375, "$id": 344, "sounds": [{"d": 0.3793106, "p": 51, "v": 52, "w": 0.0}], "pos": -2.0, "size": 1.0}, {"_time": 82.34766, "$id": 345, "sounds": [{"d": 0.4224167, "p": 75, "v": 87, "w": 0.0}], "pos": 0.643769264, "size": 1.2}, {"_time": 82.375, "$id": 346, "sounds": [{"d": 0.504318237, "p": 54, "v": 29, "w": 0.0}], "pos": -1.63888931, "size": 1.0}, {"_time": 82.76172, "$id": 347, "sounds": [{"d": 0.413795471, "p": 66, "v": 77, "w": 0.0}], "pos": 1.083333, "size": 1.2}, {"_time": 82.78906, "$id": 348, "sounds": [{"d": 0.3103485, "p": 78, "v": 87, "w": 0.0}], "pos": -0.3055563, "size": 1.0}, {"_time": 83.171875, "$id": 349, "sounds": [{"d": 0.5388031, "p": 58, "v": 54, "w": 0.0}], "pos": 0.8273258, "size": 1.0}, {"_time": 83.19531, "$id": 350, "sounds": [{"d": 0.340515137, "p": 80, "v": 87, "w": 0.0}], "pos": -1.65014935, "size": 1.2}, {"_time": 83.19922, "$id": 351, "sounds": [{"d": 0.4827652, "p": 56, "v": 42, "w": 0.0}], "pos": 0.5773258, "size": 1.0}, {"_time": 83.57422, "$id": 352, "sounds": [{"d": 0.4138031, "p": 82, "v": 87, "w": 0.0}], "pos": 0.1944437, "size": 1.0}, {"_time": 83.58984, "$id": 353, "sounds": [{"d": 0.439666748, "p": 70, "v": 76, "w": 0.0}], "pos": 1.583333, "size": 1.2}, {"_time": 84.0, "$id": 354, "sounds": [{"d": 0.409484863, "p": 49, "v": 64, "w": 0.0}], "pos": 0.8378382, "size": 1.0}, {"_time": 84.00781, "$id": 355, "sounds": [{"d": 0.409484863, "p": 73, "v": 87, "w": 0.0}], "pos": -1.60172653, "size": 1.0}, {"_time": 84.41406, "$id": 356, "sounds": [{"d": 0.327590942, "p": 78, "v": 87, "w": 0.0}], "pos": -0.138889313, "size": 1.0}, {"_time": 84.84375, "$id": 357, "sounds": [{"d": 0.5086212, "p": 46, "v": 44, "w": 0.0}], "pos": -2.0, "size": 1.2}, {"_time": 84.84766, "$id": 358, "sounds": [{"d": 1.974144, "p": 77, "v": 87, "w": 0.0}], "pos": -0.2638893, "size": 1.2}, {"_time": 85.69531, "$id": 359, "sounds": [{"d": 0.5043106, "p": 50, "v": 29, "w": 0.0}], "pos": -2.0, "size": 1.1}, {"_time": 86.5, "$id": 360, "sounds": [{"d": 0.5086212, "p": 46, "v": 44, "w": 0.0}], "pos": -2.0, "size": 1.0}, {"_time": 88.13672, "$id": 361, "sounds": [{"d": 0.10344696, "p": 47, "v": 64, "w": 0.0}], "pos": -2.0, "size": 1.0}, {"_time": 88.13672, "$id": 362, "sounds": [{"d": 0.211204529, "p": 65, "v": 73, "w": 0.0}], "pos": -0.319445133, "size": 1.0}, {"_time": 88.34375, "$id": 363, "sounds": [{"d": 0.211204529, "p": 66, "v": 73, "w": 0.0}], "pos": 0.400149822, "size": 1.0}, {"_time": 88.55078, "$id": 364, "sounds": [{"d": 0.211204529, "p": 70, "v": 73, "w": 0.0}], "pos": 1.25150061, "size": 1.0}, {"_time": 88.75781, "$id": 365, "sounds": [{"d": 0.211212158, "p": 68, "v": 73, "w": 0.0}], "pos": 0.0555548668, "size": 1.0}, {"_time": 88.96484, "$id": 366, "sounds": [{"d": 0.10344696, "p": 49, "v": 64, "w": 0.0}], "pos": -1.50187731, "size": 0.9}, {"_time": 89.171875, "$id": 367, "sounds": [{"d": 0.10344696, "p": 56, "v": 64, "w": 0.0}], "pos": -1.14039087, "size": 0.9}, {"_time": 89.37891, "$id": 368, "sounds": [{"d": 0.10344696, "p": 61, "v": 64, "w": 0.0}], "pos": -0.65052557, "size": 0.9}, {"_time": 89.37891, "$id": 369, "sounds": [{"d": 0.211204529, "p": 73, "v": 73, "w": 0.0}], "pos": 1.01351357, "size": 1.0}, {"_time": 89.58594, "$id": 370, "sounds": [{"d": 0.211212158, "p": 75, "v": 73, "w": 0.0}], "pos": 2.0, "size": 1.0}, {"_time": 89.79297, "$id": 371, "sounds": [{"d": 0.10344696, "p": 51, "v": 64, "w": 0.0}], "pos": -1.02702713, "size": 1.0}, {"_time": 90.0, "$id": 372, "sounds": [{"d": 0.211204529, "p": 73, "v": 73, "w": 0.0}], "pos": 1.4594593, "size": 1.0}, {"_time": 90.20703, "$id": 373, "sounds": [{"d": 0.211204529, "p": 70, "v": 73, "w": 0.0}], "pos": -0.5277796, "size": 1.0}, {"_time": 90.41406, "$id": 374, "sounds": [{"d": 0.211212158, "p": 68, "v": 73, "w": 0.0}], "pos": 0.141139984, "size": 1.0}, {"_time": 90.62109, "$id": 375, "sounds": [{"d": 0.10344696, "p": 54, "v": 64, "w": 0.0}], "pos": -1.25675678, "size": 0.9}, {"_time": 90.62109, "$id": 376, "sounds": [{"d": 0.211204529, "p": 66, "v": 73, "w": 0.0}], "pos": 1.0803299, "size": 1.0}, {"_time": 90.828125, "$id": 377, "sounds": [{"d": 0.10344696, "p": 58, "v": 64, "w": 0.0}], "pos": -0.8363366, "size": 0.9}, {"_time": 91.03516, "$id": 378, "sounds": [{"d": 0.10344696, "p": 61, "v": 61, "w": 0.0}], "pos": -0.4883647, "size": 0.9}, {"_time": 91.03516, "$id": 379, "sounds": [{"d": 0.211204529, "p": 70, "v": 73, "w": 0.0}], "pos": 1.47222137, "size": 1.0}, {"_time": 91.24219, "$id": 380, "sounds": [{"d": 0.211212158, "p": 61, "v": 73, "w": 0.0}], "pos": -1.5, "size": 1.0}, {"_time": 91.44922, "$id": 381, "sounds": [{"d": 0.211204529, "p": 63, "v": 73, "w": 0.0}], "pos": -1.83783817, "size": 1.0}, {"_time": 91.453125, "$id": 382, "sounds": [{"d": 0.10344696, "p": 47, "v": 49, "w": 0.0}], "pos": 0.9594593, "size": 1.0}, {"_time": 91.65625, "$id": 383, "sounds": [{"d": 0.211204529, "p": 66, "v": 73, "w": 0.0}], "pos": -0.9729724, "size": 1.0}, {"_time": 91.86328, "$id": 384, "sounds": [{"d": 0.211204529, "p": 70, "v": 73, "w": 0.0}], "pos": -0.25, "size": 1.0}, {"_time": 92.07031, "$id": 385, "sounds": [{"d": 0.211204529, "p": 68, "v": 73, "w": 0.0}], "pos": 0.7027025, "size": 1.0}, {"_time": 92.28125, "$id": 386, "sounds": [{"d": 0.10344696, "p": 49, "v": 49, "w": 0.0}], "pos": -1.12500048, "size": 1.0}, {"_time": 92.484375, "$id": 387, "sounds": [{"d": 0.211204529, "p": 66, "v": 73, "w": 0.0}], "pos": -0.75, "size": 1.0}, {"_time": 92.69141, "$id": 388, "sounds": [{"d": 0.211204529, "p": 68, "v": 73, "w": 0.0}], "pos": 1.0, "size": 1.0}, {"_time": 92.89844, "$id": 389, "sounds": [{"d": 0.211212158, "p": 73, "v": 73, "w": 0.0}], "pos": 0.125, "size": 1.0}, {"_time": 93.09375, "$id": 390, "sounds": [{"d": 0.10344696, "p": 54, "v": 49, "w": 0.0}], "pos": -0.5000005, "size": 1.0}, {"_time": 93.3125, "$id": 391, "sounds": [{"d": 0.211204529, "p": 71, "v": 73, "w": 0.0}], "pos": 1.5, "size": 1.0}, {"_time": 93.515625, "$id": 392, "sounds": [{"d": 0.211204529, "p": 70, "v": 73, "w": 0.0}], "pos": -1.0, "size": 1.0}, {"_time": 93.70703, "$id": 393, "sounds": [{"d": 0.1982727, "p": 78, "v": 60, "w": 0.0}], "pos": 2.0, "size": 0.9}, {"_time": 93.91797, "$id": 394, "sounds": [{"d": 0.211212158, "p": 77, "v": 60, "w": 0.0}], "pos": 0.5401654, "size": 0.9}, {"_time": 94.12891, "$id": 395, "sounds": [{"d": 0.1939621, "p": 73, "v": 60, "w": 0.0}], "pos": 0.986111164, "size": 0.9}, {"_time": 94.32422, "$id": 396, "sounds": [{"d": 0.181030273, "p": 68, "v": 60, "w": 0.0}], "pos": -0.422672749, "size": 0.9}, {"_time": 94.56641, "$id": 397, "sounds": [{"d": 0.10345459, "p": 70, "v": 60, "w": 0.0}], "pos": 1.0, "size": 1.0}, {"_time": 94.75781, "$id": 398, "sounds": [{"d": 0.211204529, "p": 65, "v": 73, "w": 0.0}], "pos": -0.0138888359, "size": 1.1}, {"_time": 94.75781, "$id": 399, "sounds": [{"d": 0.10344696, "p": 47, "v": 64, "w": 0.0}], "pos": -2.0, "size": 1.1}, {"_time": 94.96484, "$id": 400, "sounds": [{"d": 0.211204529, "p": 66, "v": 73, "w": 0.0}], "pos": 1.0, "size": 1.0}, {"_time": 95.171875, "$id": 401, "sounds": [{"d": 0.211204529, "p": 70, "v": 73, "w": 0.0}], "pos": 0.0675678253, "size": 1.0}, {"_time": 95.37891, "$id": 402, "sounds": [{"d": 0.211212158, "p": 68, "v": 73, "w": 0.0}], "pos": -0.729729652, "size": 1.0}, {"_time": 95.58594, "$id": 403, "sounds": [{"d": 0.10344696, "p": 49, "v": 64, "w": 0.0}], "pos": 0.422297955, "size": 0.9}, {"_time": 95.79297, "$id": 404, "sounds": [{"d": 0.10344696, "p": 56, "v": 64, "w": 0.0}], "pos": 1.05405378, "size": 0.9}, {"_time": 96.0, "$id": 405, "sounds": [{"d": 0.10344696, "p": 61, "v": 64, "w": 0.0}], "pos": 1.67905378, "size": 0.9}, {"_time": 96.00781, "$id": 406, "sounds": [{"d": 0.206893921, "p": 77, "v": 60, "w": 0.0}], "pos": -1.5, "size": 1.0}, {"_time": 96.20703, "$id": 407, "sounds": [{"d": 0.211212158, "p": 75, "v": 73, "w": 0.0}], "pos": 0.418919563, "size": 1.0}, {"_time": 96.41406, "$id": 408, "sounds": [{"d": 0.10344696, "p": 51, "v": 64, "w": 0.0}], "pos": -2.0, "size": 1.0}, {"_time": 96.609375, "$id": 409, "sounds": [{"d": 0.1939621, "p": 80, "v": 60, "w": 0.0}], "pos": 0.85886, "size": 1.0}, {"_time": 96.84766, "$id": 410, "sounds": [{"d": 0.133621216, "p": 77, "v": 60, "w": 0.0}], "pos": -0.08370972, "size": 1.0}, {"_time": 97.03516, "$id": 411, "sounds": [{"d": 0.211212158, "p": 68, "v": 73, "w": 0.0}], "pos": -1.18168163, "size": 1.0}, {"_time": 97.24219, "$id": 412, "sounds": [{"d": 0.10344696, "p": 54, "v": 64, "w": 0.0}], "pos": 1.236485, "size": 0.9}, {"_time": 97.25391, "$id": 413, "sounds": [{"d": 0.120689392, "p": 70, "v": 60, "w": 0.0}], "pos": -2.0, "size": 1.0}, {"_time": 97.44922, "$id": 414, "sounds": [{"d": 0.211204529, "p": 68, "v": 73, "w": 0.0}], "pos": -1.1351347, "size": 1.0}, {"_time": 97.44922, "$id": 415, "sounds": [{"d": 0.10344696, "p": 58, "v": 64, "w": 0.0}], "pos": 0.7364869, "size": 0.9}, {"_time": 97.65625, "$id": 416, "sounds": [{"d": 0.10344696, "p": 61, "v": 61, "w": 0.0}], "pos": 0.4087844, "size": 0.9}, {"_time": 97.65625, "$id": 417, "sounds": [{"d": 0.211204529, "p": 70, "v": 73, "w": 0.0}], "pos": -2.0, "size": 1.0}, {"_time": 97.86328, "$id": 418, "sounds": [{"d": 0.10344696, "p": 61, "v": 73, "w": 0.0}], "pos": -1.0, "size": 1.0}, {"_time": 98.07031, "$id": 419, "sounds": [{"d": 0.211204529, "p": 66, "v": 73, "w": 0.0}], "pos": 1.38888884, "size": 1.1}, {"_time": 98.48047, "$id": 420, "sounds": [{"d": 0.215515137, "p": 66, "v": 73, "w": 0.0}], "pos": 1.5, "size": 1.1}, {"_time": 98.6875, "$id": 421, "sounds": [{"d": 0.215522766, "p": 65, "v": 73, "w": 0.0}], "pos": -0.7361121, "size": 1.1}, {"_time": 99.09375, "$id": 422, "sounds": [{"d": 0.215515137, "p": 65, "v": 38, "w": 0.0}], "pos": 0.7567568, "size": 1.1}, {"_time": 99.31641, "$id": 423, "sounds": [{"d": 0.10344696, "p": 61, "v": 49, "w": 0.0}], "pos": 0.7567568, "size": 1.1}, {"_time": 99.49609, "$id": 424, "sounds": [{"d": 0.3060379, "p": 65, "v": 38, "w": 0.0}], "pos": -0.7361121, "size": 1.1}, {"_time": 99.71875, "$id": 425, "sounds": [{"d": 0.10344696, "p": 51, "v": 49, "w": 0.0}], "pos": -2.0, "size": 1.1}, {"_time": 99.96484, "$id": 426, "sounds": [{"d": 0.10344696, "p": 63, "v": 38, "w": 0.0}], "pos": 1.5, "size": 1.1}, {"_time": 100.148438, "$id": 427, "sounds": [{"d": 0.08621216, "p": 58, "v": 49, "w": 0.0}], "pos": 1.5, "size": 1.1}, {"_time": 100.171875, "$id": 428, "sounds": [{"d": 0.340515137, "p": 63, "v": 38, "w": 0.0}], "pos": -1.0, "size": 1.1}, {"_time": 100.363281, "$id": 429, "sounds": [{"d": 0.1422348, "p": 65, "v": 64, "w": 0.0}], "pos": -0.166291237, "size": 1.0}, {"_time": 100.566406, "$id": 430, "sounds": [{"d": 0.163795471, "p": 66, "v": 64, "w": 0.0}], "pos": 0.931681633, "size": 1.0}, {"_time": 100.75, "$id": 431, "sounds": [{"d": 0.185340881, "p": 68, "v": 64, "w": 0.0}], "pos": -0.764266, "size": 1.0}, {"_time": 100.96875, "$id": 432, "sounds": [{"d": 0.112068176, "p": 70, "v": 64, "w": 0.0}], "pos": -0.0277786255, "size": 1.0}, {"_time": 101.164063, "$id": 433, "sounds": [{"d": 0.142242432, "p": 73, "v": 64, "w": 0.0}], "pos": 0.7796545, "size": 1.0}, {"_time": 101.375, "$id": 434, "sounds": [{"d": 0.10344696, "p": 77, "v": 60, "w": 0.0}], "pos": 1.5, "size": 1.2}, {"_time": 101.375, "$id": 435, "sounds": [{"d": 0.10344696, "p": 47, "v": 64, "w": 0.0}], "pos": -1.375, "size": 1.2}, {"_time": 101.597656, "$id": 436, "sounds": [{"d": 0.10344696, "p": 70, "v": 60, "w": 0.0}], "pos": 0.0, "size": 1.0}, {"_time": 101.804688, "$id": 437, "sounds": [{"d": 0.10344696, "p": 73, "v": 60, "w": 0.0}], "pos": 0.0, "size": 1.0}, {"_time": 102.023438, "$id": 438, "sounds": [{"d": 0.10344696, "p": 78, "v": 60, "w": 0.0}], "pos": 1.0, "size": 1.0}, {"_time": 102.203125, "$id": 439, "sounds": [{"d": 0.10344696, "p": 49, "v": 64, "w": 0.0}], "pos": -1.125, "size": 1.0}, {"_time": 102.4375, "$id": 440, "sounds": [{"d": 0.125, "p": 77, "v": 64, "w": 0.0}], "pos": 1.5, "size": 1.0}, {"_time": 102.617188, "$id": 441, "sounds": [{"d": 0.10344696, "p": 73, "v": 73, "w": 0.0}], "pos": 0.0, "size": 1.0}, {"_time": 102.824219, "$id": 442, "sounds": [{"d": 0.10345459, "p": 75, "v": 73, "w": 0.0}], "pos": 0.0, "size": 1.0}, {"_time": 103.03125, "$id": 443, "sounds": [{"d": 0.10344696, "p": 51, "v": 64, "w": 0.0}], "pos": -1.63175583, "size": 1.0}, {"_time": 103.238281, "$id": 444, "sounds": [{"d": 0.10344696, "p": 73, "v": 73, "w": 0.0}], "pos": 1.5, "size": 1.0}, {"_time": 103.238281, "$id": 445, "sounds": [{"d": 0.10344696, "p": 58, "v": 64, "w": 0.0}], "pos": 0.0, "size": 1.0}, {"_time": 103.445313, "$id": 446, "sounds": [{"d": 0.10344696, "p": 63, "v": 64, "w": 0.0}], "pos": -0.753378868, "size": 1.0}, {"_time": 103.46875, "$id": 447, "sounds": [{"d": 0.0732727051, "p": 75, "v": 64, "w": 0.0}], "pos": 2.0, "size": 1.0}, {"_time": 103.652344, "$id": 448, "sounds": [{"d": 0.10344696, "p": 68, "v": 73, "w": 0.0}], "pos": -1.5, "size": 1.0}, {"_time": 103.859375, "$id": 449, "sounds": [{"d": 0.10344696, "p": 54, "v": 64, "w": 0.0}], "pos": -0.5, "size": 1.0}, {"_time": 104.066406, "$id": 450, "sounds": [{"d": 0.10344696, "p": 68, "v": 73, "w": 0.0}], "pos": 1.0, "size": 1.0}, {"_time": 104.273438, "$id": 451, "sounds": [{"d": 0.10344696, "p": 61, "v": 61, "w": 0.0}], "pos": 0.375, "size": 1.0}, {"_time": 104.480469, "$id": 452, "sounds": [{"d": 0.10344696, "p": 73, "v": 73, "w": 0.0}], "pos": 2.0, "size": 1.0}, {"_time": 104.679688, "$id": 453, "sounds": [{"d": 0.125, "p": 87, "v": 64, "w": 0.0}], "pos": 0.5, "size": 1.2}, {"_time": 104.695313, "$id": 454, "sounds": [{"d": 0.10344696, "p": 47, "v": 49, "w": 0.0}], "pos": -1.375, "size": 1.2}, {"_time": 104.890625, "$id": 455, "sounds": [{"d": 0.07758331, "p": 78, "v": 64, "w": 0.0}], "pos": -0.5, "size": 1.0}, {"_time": 105.089844, "$id": 456, "sounds": [{"d": 0.0517272949, "p": 82, "v": 64, "w": 0.0}], "pos": 0.0, "size": 1.0}, {"_time": 105.304688, "$id": 457, "sounds": [{"d": 0.10344696, "p": 90, "v": 73, "w": 0.0}], "pos": 1.0, "size": 0.9}, {"_time": 105.523438, "$id": 458, "sounds": [{"d": 0.10344696, "p": 49, "v": 49, "w": 0.0}], "pos": -1.0, "size": 1.0}, {"_time": 105.707031, "$id": 459, "sounds": [{"d": 0.10344696, "p": 89, "v": 73, "w": 0.0}], "pos": 1.67229748, "size": 0.9}, {"_time": 105.921875, "$id": 460, "sounds": [{"d": 0.10344696, "p": 85, "v": 73, "w": 0.0}], "pos": 0.5, "size": 0.9}, {"_time": 106.140625, "$id": 461, "sounds": [{"d": 0.10344696, "p": 80, "v": 73, "w": 0.0}], "pos": -0.75, "size": 1.0}, {"_time": 106.335938, "$id": 462, "sounds": [{"d": 0.10344696, "p": 54, "v": 49, "w": 0.0}], "pos": -2.0, "size": 1.0}, {"_time": 106.554688, "$id": 463, "sounds": [{"d": 0.112068176, "p": 77, "v": 64, "w": 0.0}], "pos": -0.0168924332, "size": 1.0}, {"_time": 106.773438, "$id": 464, "sounds": [{"d": 0.116378784, "p": 77, "v": 64, "w": 0.0}], "pos": -1.03340912, "size": 1.0}, {"_time": 106.984375, "$id": 465, "sounds": [{"d": 0.07758331, "p": 80, "v": 64, "w": 0.0}], "pos": 0.990239143, "size": 1.0}, {"_time": 107.179688, "$id": 466, "sounds": [{"d": 0.08190155, "p": 82, "v": 64, "w": 0.0}], "pos": -1.59759808, "size": 1.0}, {"_time": 107.382813, "$id": 467, "sounds": [{"d": 0.06034851, "p": 85, "v": 64, "w": 0.0}], "pos": -0.384760857, "size": 1.0}, {"_time": 107.589844, "$id": 468, "sounds": [{"d": 0.06465912, "p": 87, "v": 64, "w": 0.0}], "pos": 0.540914536, "size": 0.9}, {"_time": 107.804688, "$id": 469, "sounds": [{"d": 0.06465912, "p": 89, "v": 64, "w": 0.0}], "pos": 1.25037479, "size": 0.9}, {"_time": 108.0, "$id": 470, "sounds": [{"d": 0.1077652, "p": 89, "v": 69, "w": 0.0}], "pos": 2.0, "size": 0.9}, {"_time": 108.0, "$id": 471, "sounds": [{"d": 0.10345459, "p": 47, "v": 64, "w": 0.0}], "pos": 0.170794487, "size": 1.0}, {"_time": 108.207031, "$id": 472, "sounds": [{"d": 0.10344696, "p": 54, "v": 64, "w": 0.0}], "pos": -0.305555344, "size": 1.0}, {"_time": 108.210938, "$id": 473, "sounds": [{"d": 0.08620453, "p": 90, "v": 69, "w": 0.0}], "pos": 2.0, "size": 0.9}, {"_time": 108.414063, "$id": 474, "sounds": [{"d": 0.10344696, "p": 59, "v": 64, "w": 0.0}], "pos": -0.9237995, "size": 1.0}, {"_time": 108.429688, "$id": 475, "sounds": [{"d": 0.07758331, "p": 87, "v": 69, "w": 0.0}], "pos": 1.5, "size": 0.9}, {"_time": 108.628906, "$id": 476, "sounds": [{"d": 0.09051514, "p": 89, "v": 69, "w": 0.0}], "pos": 1.0, "size": 1.0}, {"_time": 108.828125, "$id": 477, "sounds": [{"d": 0.0948257446, "p": 85, "v": 69, "w": 0.0}], "pos": 0.544669151, "size": 1.0}, {"_time": 108.828125, "$id": 478, "sounds": [{"d": 0.10344696, "p": 49, "v": 64, "w": 0.0}], "pos": -0.930555344, "size": 1.0}, {"_time": 109.035156, "$id": 479, "sounds": [{"d": 0.10344696, "p": 56, "v": 64, "w": 0.0}], "pos": 1.0, "size": 1.0}, {"_time": 109.039063, "$id": 480, "sounds": [{"d": 0.09913635, "p": 87, "v": 69, "w": 0.0}], "pos": -1.4594593, "size": 1.0}, {"_time": 109.242188, "$id": 481, "sounds": [{"d": 0.10344696, "p": 61, "v": 64, "w": 0.0}], "pos": 1.54241657, "size": 1.0}, {"_time": 109.25, "$id": 482, "sounds": [{"d": 0.16809845, "p": 82, "v": 69, "w": 0.0}], "pos": -0.587087631, "size": 1.0}, {"_time": 109.429688, "$id": 483, "sounds": [{"d": 0.06465912, "p": 85, "v": 69, "w": 0.0}], "pos": 0.3554802, "size": 1.0}, {"_time": 109.648438, "$id": 484, "sounds": [{"d": 0.172416687, "p": 80, "v": 64, "w": 0.0}], "pos": 1.54129124, "size": 1.0}, {"_time": 109.65625, "$id": 485, "sounds": [{"d": 0.10344696, "p": 51, "v": 64, "w": 0.0}], "pos": -1.55405331, "size": 1.0}, {"_time": 109.863281, "$id": 486, "sounds": [{"d": 0.10344696, "p": 58, "v": 64, "w": 0.0}], "pos": 1.0052557, "size": 1.0}, {"_time": 109.867188, "$id": 487, "sounds": [{"d": 0.159484863, "p": 82, "v": 64, "w": 0.0}], "pos": -0.7027035, "size": 1.0}, {"_time": 110.070313, "$id": 488, "sounds": [{"d": 0.10344696, "p": 63, "v": 64, "w": 0.0}], "pos": 0.5762005, "size": 1.0}, {"_time": 110.089844, "$id": 489, "sounds": [{"d": 0.133621216, "p": 78, "v": 64, "w": 0.0}], "pos": -1.357358, "size": 1.0}, {"_time": 110.277344, "$id": 490, "sounds": [{"d": 0.198280334, "p": 80, "v": 64, "w": 0.0}], "pos": -0.391891479, "size": 1.1}, {"_time": 110.484375, "$id": 491, "sounds": [{"d": 0.10344696, "p": 54, "v": 64, "w": 0.0}], "pos": 0.5, "size": 1.1}, {"_time": 110.691406, "$id": 492, "sounds": [{"d": 0.10344696, "p": 58, "v": 64, "w": 0.0}], "pos": -1.5, "size": 1.1}, {"_time": 110.925781, "$id": 493, "sounds": [{"d": 0.107757568, "p": 75, "v": 64, "w": 0.0}], "pos": 1.41891766, "size": 1.1}, {"_time": 111.121094, "$id": 494, "sounds": [{"d": 0.116378784, "p": 77, "v": 64, "w": 0.0}], "pos": 1.41891766, "size": 1.1}, {"_time": 111.316406, "$id": 495, "sounds": [{"d": 0.10344696, "p": 47, "v": 49, "w": 0.0}], "pos": -2.0, "size": 1.1}, {"_time": 111.328125, "$id": 496, "sounds": [{"d": 0.07758331, "p": 78, "v": 64, "w": 0.0}], "pos": -0.305555344, "size": 1.1}, {"_time": 111.730469, "$id": 497, "sounds": [{"d": 0.09913635, "p": 78, "v": 64, "w": 0.0}], "pos": -0.716218, "size": 1.0}, {"_time": 111.9375, "$id": 498, "sounds": [{"d": 0.10345459, "p": 54, "v": 49, "w": 0.0}], "pos": -1.37837791, "size": 1.0}, {"_time": 111.945313, "$id": 499, "sounds": [{"d": 0.09914398, "p": 80, "v": 64, "w": 0.0}], "pos": 1.16741848, "size": 1.0}, {"_time": 112.316406, "$id": 500, "sounds": [{"d": 0.0905227661, "p": 80, "v": 64, "w": 0.0}], "pos": 0.194444656, "size": 1.0}, {"_time": 112.570313, "$id": 501, "sounds": [{"d": 0.10344696, "p": 58, "v": 38, "w": 0.0}], "pos": -1.189188, "size": 1.0}, {"_time": 112.757813, "$id": 502, "sounds": [{"d": 0.288795471, "p": 82, "v": 64, "w": 0.0}], "pos": 1.25525475, "size": 1.0}, {"_time": 113.175781, "$id": 503, "sounds": [{"d": 0.07759094, "p": 80, "v": 64, "w": 0.0}], "pos": -1.810811, "size": 1.0}, {"_time": 113.382813, "$id": 504, "sounds": [{"d": 0.09051514, "p": 58, "v": 49, "w": 0.0}], "pos": 1.02702808, "size": 1.0}, {"_time": 113.597656, "$id": 505, "sounds": [{"d": 0.09051514, "p": 85, "v": 64, "w": 0.0}], "pos": 1.02702808, "size": 1.0}, {"_time": 113.804688, "$id": 506, "sounds": [{"d": 0.150871277, "p": 87, "v": 64, "w": 0.0}], "pos": -1.0, "size": 1.0}, {"_time": 114.007813, "$id": 507, "sounds": [{"d": 0.08620453, "p": 77, "v": 64, "w": 0.0}], "pos": -1.0, "size": 1.0}, {"_time": 114.210938, "$id": 508, "sounds": [{"d": 0.189651489, "p": 78, "v": 64, "w": 0.0}], "pos": 0.108108521, "size": 1.0}, {"_time": 114.425781, "$id": 509, "sounds": [{"d": 0.10345459, "p": 82, "v": 64, "w": 0.0}], "pos": 0.108108521, "size": 1.0}, {"_time": 114.597656, "$id": 510, "sounds": [{"d": 0.862083435, "p": 80, "v": 64, "w": 0.0}], "pos": 1.32432365, "size": 1.2}, {"_time": 114.628906, "$id": 511, "sounds": [{"d": 0.150863647, "p": 47, "v": 55, "w": 0.0}], "pos": -2.0, "size": 1.0}, {"_time": 114.769531, "$id": 512, "sounds": [{"d": 0.155174255, "p": 54, "v": 33, "w": 0.0}], "pos": -1.5405407, "size": 1.0}, {"_time": 114.925781, "$id": 513, "sounds": [{"d": 0.0517272949, "p": 58, "v": 49, "w": 0.0}], "pos": 0.378379822, "size": 1.2}, {"_time": 115.03125, "$id": 514, "sounds": [{"d": 0.120689392, "p": 59, "v": 30, "w": 0.0}], "pos": -1.16216183, "size": 1.0}, {"_time": 115.167969, "$id": 515, "sounds": [{"d": 0.09051514, "p": 66, "v": 41, "w": 0.0}], "pos": -0.729729652, "size": 1.0}, {"_time": 115.28125, "$id": 516, "sounds": [{"d": 0.09051514, "p": 70, "v": 41, "w": 0.0}], "pos": 1.0, "size": 1.2}, {"_time": 115.457031, "$id": 517, "sounds": [{"d": 0.107757568, "p": 56, "v": 64, "w": 0.0}], "pos": -2.0, "size": 1.0}, {"_time": 115.609375, "$id": 518, "sounds": [{"d": 0.07759094, "p": 61, "v": 39, "w": 0.0}], "pos": -2.0, "size": 1.0}, {"_time": 115.742188, "$id": 519, "sounds": [{"d": 0.10344696, "p": 68, "v": 39, "w": 0.0}], "pos": 1.48648739, "size": 1.2}, {"_time": 115.863281, "$id": 520, "sounds": [{"d": 0.07758331, "p": 61, "v": 64, "w": 0.0}], "pos": 0.540539742, "size": 1.1}, {"_time": 116.0, "$id": 521, "sounds": [{"d": 0.0732803345, "p": 68, "v": 56, "w": 0.0}], "pos": -1.0, "size": 1.0}, {"_time": 116.136719, "$id": 522, "sounds": [{"d": 0.0948257446, "p": 75, "v": 56, "w": 0.0}], "pos": 1.37837982, "size": 1.2}, {"_time": 116.289063, "$id": 523, "sounds": [{"d": 0.06465912, "p": 73, "v": 47, "w": 0.0}], "pos": 0.229729652, "size": 1.1}, {"_time": 116.414063, "$id": 524, "sounds": [{"d": 0.0689621, "p": 63, "v": 64, "w": 0.0}], "pos": -0.7567558, "size": 1.0}, {"_time": 116.570313, "$id": 525, "sounds": [{"d": 0.07758331, "p": 66, "v": 46, "w": 0.0}], "pos": -1.35135078, "size": 1.0}, {"_time": 116.679688, "$id": 526, "sounds": [{"d": 0.10344696, "p": 89, "v": 76, "w": 0.0}], "pos": 0.958333, "size": 1.0}, {"_time": 116.710938, "$id": 527, "sounds": [{"d": 0.06465149, "p": 70, "v": 45, "w": 0.0}], "pos": -1.82732773, "size": 1.0}, {"_time": 116.84375, "$id": 528, "sounds": [{"d": 0.10344696, "p": 90, "v": 64, "w": 0.0}], "pos": 0.0, "size": 1.0}, {"_time": 116.863281, "$id": 529, "sounds": [{"d": 0.09051514, "p": 71, "v": 32, "w": 0.0}], "pos": -2.0, "size": 1.0}, {"_time": 116.96875, "$id": 530, "sounds": [{"d": 0.10344696, "p": 89, "v": 64, "w": 0.0}], "pos": 0.0, "size": 1.0}, {"_time": 116.996094, "$id": 531, "sounds": [{"d": 0.0732727051, "p": 73, "v": 34, "w": 0.0}], "pos": -1.64151764, "size": 1.0}, {"_time": 117.121094, "$id": 532, "sounds": [{"d": 0.047416687, "p": 75, "v": 64, "w": 0.0}], "pos": -0.986111641, "size": 1.0}, {"_time": 117.125, "$id": 533, "sounds": [{"d": 0.10345459, "p": 87, "v": 64, "w": 0.0}], "pos": 1.16779137, "size": 1.0}, {"_time": 117.277344, "$id": 534, "sounds": [{"d": 0.10344696, "p": 82, "v": 64, "w": 0.0}], "pos": -1.5, "size": 1.0}, {"_time": 117.410156, "$id": 535, "sounds": [{"d": 0.0732803345, "p": 80, "v": 64, "w": 0.0}], "pos": 0.944444656, "size": 1.0}, {"_time": 117.507813, "$id": 536, "sounds": [{"d": 0.112068176, "p": 78, "v": 66, "w": 0.0}], "pos": -1.06531525, "size": 1.0}, {"_time": 117.664063, "$id": 537, "sounds": [{"d": 0.112068176, "p": 80, "v": 64, "w": 0.0}], "pos": -0.13663578, "size": 1.0}, {"_time": 117.816406, "$id": 538, "sounds": [{"d": 0.10345459, "p": 77, "v": 64, "w": 0.0}], "pos": 1.5, "size": 1.0}, {"_time": 117.929688, "$id": 539, "sounds": [{"d": 0.10345459, "p": 75, "v": 77, "w": 0.0}], "pos": -1.0, "size": 1.0}, {"_time": 117.941406, "$id": 540, "sounds": [{"d": 0.06465912, "p": 47, "v": 64, "w": 0.0}], "pos": 0.891892433, "size": 1.0}, {"_time": 118.074219, "$id": 541, "sounds": [{"d": 0.107757568, "p": 68, "v": 64, "w": 0.0}], "pos": -1.0, "size": 1.0}, {"_time": 118.203125, "$id": 542, "sounds": [{"d": 0.08620453, "p": 70, "v": 64, "w": 0.0}], "pos": 0.420420647, "size": 1.0}, {"_time": 118.367188, "$id": 543, "sounds": [{"d": 0.0948257446, "p": 75, "v": 67, "w": 0.0}], "pos": -0.197822571, "size": 1.0}, {"_time": 118.480469, "$id": 544, "sounds": [{"d": 0.133621216, "p": 77, "v": 72, "w": 0.0}], "pos": 1.43055534, "size": 1.0}, {"_time": 118.597656, "$id": 545, "sounds": [{"d": 0.112075806, "p": 78, "v": 72, "w": 0.0}], "pos": 0.0, "size": 1.0}, {"_time": 118.769531, "$id": 546, "sounds": [{"d": 0.10345459, "p": 80, "v": 86, "w": 0.0}], "pos": -0.7777777, "size": 1.2}, {"_time": 118.773438, "$id": 547, "sounds": [{"d": 0.0517272949, "p": 49, "v": 64, "w": 0.0}], "pos": 1.41891861, "size": 1.2}, {"_time": 118.894531, "$id": 548, "sounds": [{"d": 0.0905227661, "p": 78, "v": 75, "w": 0.0}], "pos": 1.0, "size": 1.0}, {"_time": 119.011719, "$id": 549, "sounds": [{"d": 0.0948257446, "p": 77, "v": 70, "w": 0.0}], "pos": -0.2901659, "size": 1.0}, {"_time": 119.175781, "$id": 550, "sounds": [{"d": 0.08621216, "p": 75, "v": 64, "w": 0.0}], "pos": 0.8652382, "size": 1.0}, {"_time": 119.304688, "$id": 551, "sounds": [{"d": 0.0732727051, "p": 77, "v": 72, "w": 0.0}], "pos": -1.23611164, "size": 1.0}, {"_time": 119.4375, "$id": 552, "sounds": [{"d": 0.09913635, "p": 80, "v": 79, "w": 0.0}], "pos": -0.5908413, "size": 1.0}, {"_time": 119.609375, "$id": 553, "sounds": [{"d": 0.125, "p": 82, "v": 93, "w": 0.0}], "pos": 1.36411381, "size": 1.30000007}, {"_time": 119.75, "$id": 554, "sounds": [{"d": 0.08190155, "p": 73, "v": 68, "w": 0.0}], "pos": -1.63100624, "size": 1.0}, {"_time": 119.871094, "$id": 555, "sounds": [{"d": 0.112068176, "p": 75, "v": 64, "w": 0.0}], "pos": -0.00262737274, "size": 1.0}, {"_time": 120.007813, "$id": 556, "sounds": [{"d": 0.08190155, "p": 77, "v": 67, "w": 0.0}], "pos": -0.914790154, "size": 1.0}, {"_time": 120.144531, "$id": 557, "sounds": [{"d": 0.0732803345, "p": 78, "v": 64, "w": 0.0}], "pos": 0.7777777, "size": 1.0}, {"_time": 120.257813, "$id": 558, "sounds": [{"d": 0.120689392, "p": 82, "v": 67, "w": 0.0}], "pos": 0.0, "size": 1.0}, {"_time": 120.421875, "$id": 559, "sounds": [{"d": 0.112068176, "p": 80, "v": 55, "w": 0.0}], "pos": 1.10810757, "size": 1.0}, {"_time": 120.574219, "$id": 560, "sounds": [{"d": 0.120689392, "p": 82, "v": 54, "w": 0.0}], "pos": -0.25, "size": 1.0}, {"_time": 120.6875, "$id": 561, "sounds": [{"d": 0.08621216, "p": 85, "v": 64, "w": 0.0}], "pos": 1.63851357, "size": 1.0}, {"_time": 120.84375, "$id": 562, "sounds": [{"d": 0.08189392, "p": 82, "v": 70, "w": 0.0}], "pos": -1.31155968, "size": 1.0}, {"_time": 120.980469, "$id": 563, "sounds": [{"d": 0.07758331, "p": 89, "v": 66, "w": 0.0}], "pos": -1.05067635, "size": 1.0}, {"_time": 121.0625, "$id": 564, "sounds": [{"d": 0.10345459, "p": 90, "v": 78, "w": 0.0}], "pos": 0.8581085, "size": 1.0}, {"_time": 121.253906, "$id": 565, "sounds": [{"d": 0.07759094, "p": 92, "v": 88, "w": 0.0}], "pos": 1.58108044, "size": 1.30000007}, {"_time": 121.351563, "$id": 566, "sounds": [{"d": 0.06034851, "p": 90, "v": 64, "w": 0.0}], "pos": 1.18843555, "size": 1.1}, {"_time": 121.476563, "$id": 567, "sounds": [{"d": 0.094833374, "p": 89, "v": 78, "w": 0.0}], "pos": 0.685059547, "size": 1.0}, {"_time": 121.582031, "$id": 568, "sounds": [{"d": 0.06465912, "p": 87, "v": 72, "w": 0.0}], "pos": 0.137761116, "size": 1.0}, {"_time": 121.664063, "$id": 569, "sounds": [{"d": 0.06034851, "p": 58, "v": 64, "w": 0.0}], "pos": -2.0, "size": 1.0}, {"_time": 121.679688, "$id": 570, "sounds": [{"d": 0.0905227661, "p": 85, "v": 65, "w": 0.0}], "pos": -0.490617752, "size": 1.30000007}, {"_time": 121.761719, "$id": 571, "sounds": [{"d": 0.07759094, "p": 82, "v": 50, "w": 0.0}], "pos": 0.0262746811, "size": 1.1}, {"_time": 121.875, "$id": 572, "sounds": [{"d": 0.06465912, "p": 80, "v": 64, "w": 0.0}], "pos": 0.56005764, "size": 1.0}, {"_time": 121.964844, "$id": 573, "sounds": [{"d": 0.06896973, "p": 78, "v": 56, "w": 0.0}], "pos": 0.985734, "size": 1.0}, {"_time": 122.070313, "$id": 574, "sounds": [{"d": 0.047416687, "p": 65, "v": 64, "w": 0.0}], "pos": 1.65277672, "size": 1.0}, {"_time": 122.105469, "$id": 575, "sounds": [{"d": 0.08620453, "p": 92, "v": 89, "w": 0.0}], "pos": -1.72372627, "size": 1.30000007}, {"_time": 122.191406, "$id": 576, "sounds": [{"d": 0.07759094, "p": 90, "v": 71, "w": 0.0}], "pos": -1.325077, "size": 1.1}, {"_time": 122.277344, "$id": 577, "sounds": [{"d": 0.1077652, "p": 89, "v": 64, "w": 0.0}], "pos": -0.855481148, "size": 1.0}, {"_time": 122.394531, "$id": 578, "sounds": [{"d": 0.0732803345, "p": 87, "v": 85, "w": 0.0}], "pos": -0.294672, "size": 1.0}, {"_time": 122.480469, "$id": 579, "sounds": [{"d": 0.06034851, "p": 61, "v": 64, "w": 0.0}], "pos": 2.0, "size": 1.0}, {"_time": 122.503906, "$id": 580, "sounds": [{"d": 0.094833374, "p": 85, "v": 47, "w": 0.0}], "pos": 0.401275635, "size": 1.30000007}, {"_time": 122.605469, "$id": 581, "sounds": [{"d": 0.06465912, "p": 82, "v": 44, "w": 0.0}], "pos": -0.1899414, "size": 1.1}, {"_time": 122.703125, "$id": 582, "sounds": [{"d": 0.06034851, "p": 80, "v": 50, "w": 0.0}], "pos": -0.6291294, "size": 1.0}, {"_time": 122.804688, "$id": 583, "sounds": [{"d": 0.0517272949, "p": 78, "v": 64, "w": 0.0}], "pos": -1.12237358, "size": 1.0}, {"_time": 122.898438, "$id": 584, "sounds": [{"d": 0.0517272949, "p": 66, "v": 64, "w": 0.0}], "pos": 1.77777672, "size": 1.0}, {"_time": 122.90625, "$id": 585, "sounds": [{"d": 0.0905227661, "p": 94, "v": 85, "w": 0.0}], "pos": -0.243242264, "size": 1.0}, {"_time": 123.019531, "$id": 586, "sounds": [{"d": 0.06034851, "p": 82, "v": 64, "w": 0.0}], "pos": 1.5, "size": 1.0}, {"_time": 123.109375, "$id": 587, "sounds": [{"d": 0.0905227661, "p": 85, "v": 54, "w": 0.0}], "pos": -1.22184467, "size": 1.0}, {"_time": 123.207031, "$id": 588, "sounds": [{"d": 0.120689392, "p": 87, "v": 58, "w": 0.0}], "pos": 0.21734333, "size": 1.0}, {"_time": 123.316406, "$id": 589, "sounds": [{"d": 0.08621216, "p": 89, "v": 72, "w": 0.0}], "pos": -0.7218456, "size": 1.0}, {"_time": 123.421875, "$id": 590, "sounds": [{"d": 0.08190155, "p": 90, "v": 60, "w": 0.0}], "pos": 0.916667938, "size": 1.0}, {"_time": 123.527344, "$id": 591, "sounds": [{"d": 0.0905227661, "p": 94, "v": 49, "w": 0.0}], "pos": -1.394144, "size": 1.0}, {"_time": 123.621094, "$id": 592, "sounds": [{"d": 0.07759094, "p": 97, "v": 89, "w": 0.0}], "pos": 1.6295042, "size": 1.1}, {"_time": 123.71875, "$id": 593, "sounds": [{"d": 0.08621216, "p": 99, "v": 87, "w": 0.0}], "pos": 2.0, "size": 0.9}, {"_time": 123.820313, "$id": 594, "sounds": [{"d": 0.10345459, "p": 97, "v": 73, "w": 0.0}], "pos": -0.343468666, "size": 1.0}, {"_time": 123.941406, "$id": 595, "sounds": [{"d": 0.06034851, "p": 94, "v": 66, "w": 0.0}], "pos": 0.7139635, "size": 1.0}, {"_time": 124.042969, "$id": 596, "sounds": [{"d": 0.08621216, "p": 92, "v": 64, "w": 0.0}], "pos": -1.4549551, "size": 1.1}, {"_time": 124.144531, "$id": 597, "sounds": [{"d": 0.07759094, "p": 90, "v": 50, "w": 0.0}], "pos": -0.515766144, "size": 1.1}, {"_time": 124.285156, "$id": 598, "sounds": [{"d": 0.107757568, "p": 89, "v": 64, "w": 0.0}], "pos": 1.03490925, "size": 1.1}, {"_time": 124.421875, "$id": 599, "sounds": [{"d": 0.09051514, "p": 85, "v": 46, "w": 0.0}], "pos": -0.708333, "size": 1.1}, {"_time": 124.550781, "$id": 600, "sounds": [{"d": 0.138381958, "p": 82, "v": 72, "w": 0.0}], "pos": 0.433182716, "size": 1.1}, {"_time": 124.652344, "$id": 601, "sounds": [{"d": 0.116065979, "p": 73, "v": 62, "w": 0.0}], "pos": -1.74587154, "size": 1.0}, {"_time": 124.753906, "$id": 602, "sounds": [{"d": 0.1294632, "p": 75, "v": 56, "w": 0.0}], "pos": 0.6933193, "size": 1.0}, {"_time": 124.949219, "$id": 603, "sounds": [{"d": 0.116073608, "p": 77, "v": 49, "w": 0.0}], "pos": -0.543169, "size": 0.9}, {"_time": 125.109375, "$id": 604, "sounds": [{"d": 0.0491104126, "p": 80, "v": 36, "w": 0.0}], "pos": 0.4864874, "size": 0.9}, {"_time": 125.214844, "$id": 605, "sounds": [{"d": 0.120193481, "p": 85, "v": 77, "w": 0.0}], "pos": -2.0, "size": 0.9}, {"_time": 125.65625, "$id": 606, "sounds": [{"d": 0.240379333, "p": 77, "v": 64, "w": 0.0}], "pos": -1.52702713, "size": 0.9}, {"_time": 125.886719, "$id": 607, "sounds": [{"d": 0.110572815, "p": 78, "v": 64, "w": 0.0}], "pos": 0.9594593, "size": 0.9}, {"_time": 126.117188, "$id": 608, "sounds": [{"d": 0.302085876, "p": 87, "v": 54, "w": 0.0}], "pos": -1.0, "size": 0.9}, {"_time": 126.144531, "$id": 609, "sounds": [{"d": 0.244789124, "p": 61, "v": 59, "w": 0.0}], "pos": 1.69294167, "size": 0.9}, {"_time": 126.164063, "$id": 610, "sounds": [{"d": 0.249992371, "p": 58, "v": 37, "w": 0.0}], "pos": 2.0, "size": 0.9}, {"_time": 126.625, "$id": 611, "sounds": [{"d": 0.108695984, "p": 82, "v": 42, "w": 0.0}], "pos": 0.0, "size": 0.9}, {"_time": 126.890625, "$id": 612, "sounds": [{"d": 0.489120483, "p": 89, "v": 55, "w": 0.0}], "pos": 2.0, "size": 0.799999952}, {"_time": 126.894531, "$id": 613, "sounds": [{"d": 0.5108566, "p": 54, "v": 44, "w": 0.0}], "pos": -1.65915918, "size": 0.799999952}, {"_time": 126.921875, "$id": 614, "sounds": [{"d": 0.46194458, "p": 56, "v": 31, "w": 0.0}], "pos": -2.0, "size": 0.799999952}], "links": [{"notes": [{"$ref": 29}, {"$ref": 30}, {"$ref": 31}]}, {"notes": [{"$ref": 581}, {"$ref": 582}, {"$ref": 583}]}, {"notes": [{"$ref": 208}, {"$ref": 210}, {"$ref": 211}, {"$ref": 212}]}, {"notes": [{"$ref": 242}, {"$ref": 243}, {"$ref": 244}]}, {"notes": [{"$ref": 8}, {"$ref": 10}]}, {"notes": [{"$ref": 367}, {"$ref": 368}]}, {"notes": [{"$ref": 377}, {"$ref": 378}]}, {"notes": [{"$ref": 404}, {"$ref": 405}]}, {"notes": [{"$ref": 415}, {"$ref": 416}]}, {"notes": [{"$ref": 525}, {"$ref": 527}, {"$ref": 529}, {"$ref": 531}, {"$ref": 532}]}, {"notes": [{"$ref": 472}, {"$ref": 474}]}, {"notes": [{"$ref": 479}, {"$ref": 481}]}, {"notes": [{"$ref": 486}, {"$ref": 488}]}, {"notes": [{"$ref": 23}, {"$ref": 24}]}, {"notes": [{"$ref": 268}, {"$ref": 270}, {"$ref": 271}]}, {"notes": [{"$ref": 566}, {"$ref": 567}, {"$ref": 568}]}, {"notes": [{"$ref": 576}, {"$ref": 577}, {"$ref": 578}]}, {"notes": [{"$ref": 4}, {"$ref": 6}]}, {"notes": [{"$ref": 339}, {"$ref": 341}]}, {"notes": [{"$ref": 344}, {"$ref": 346}]}, {"notes": [{"$ref": 349}, {"$ref": 351}]}, {"notes": [{"$ref": 609}, {"$ref": 610}]}, {"notes": [{"$ref": 613}, {"$ref": 614}]}, {"notes": [{"$ref": 571}, {"$ref": 572}, {"$ref": 573}]}], "speed": 6.0}