{"speed": 6.0, "notes": [{"$id": 1, "type": 0, "sounds": [{"w": 0.0, "d": 1.60816693, "p": 71, "v": 54}], "pos": -1.45833373, "size": 1.2, "_time": 0.328125, "shift": 0.0, "time": 0.328125}, {"$id": 2, "type": 0, "sounds": [{"w": 0.0, "d": 1.35410929, "p": 40, "v": 44}], "pos": -0.861111164, "size": 1.0, "_time": 1.9375, "shift": 0.0, "time": 1.9375}, {"$id": 3, "type": 0, "sounds": [{"w": 0.0, "d": 0.398566484, "p": 80, "v": 44}], "pos": 1.30555582, "size": 1.0, "_time": 1.9375, "shift": 0.0, "time": 1.9375}, {"$id": 4, "type": 0, "sounds": [{"w": 0.0, "d": 0.4198122, "p": 47, "v": 55}], "pos": -1.59722328, "size": 1.0, "_time": 2.3359375, "shift": 0.0, "time": 2.3359375}, {"$id": 5, "type": 0, "sounds": [{"w": 0.0, "d": 0.384300947, "p": 78, "v": 55}], "pos": 0.4722228, "size": 1.0, "_time": 2.3359375, "shift": 0.0, "time": 2.3359375}, {"$id": 6, "type": 0, "sounds": [{"w": 0.0, "d": 0.336263418, "p": 80, "v": 70}], "pos": -0.4722228, "size": 1.0, "_time": 2.71875, "shift": 0.0, "time": 2.71875}, {"$id": 7, "type": 0, "sounds": [{"w": 0.0, "d": 0.3254707, "p": 81, "v": 80}], "pos": 0.625000656, "size": 1.0, "_time": 3.0546875, "shift": 0.0, "time": 3.0546875}, {"$id": 8, "type": 0, "sounds": [{"w": 0.0, "d": 1.55677485, "p": 83, "v": 64}], "pos": 1.76388884, "size": 1.1, "_time": 3.37890625, "shift": 0.0, "time": 3.37890625}, {"$id": 9, "type": 0, "sounds": [{"w": 0.0, "d": 0.466189384, "p": 56, "v": 67}], "pos": -0.8333341, "size": 1.0, "_time": 3.37890625, "shift": 0.0, "time": 3.37890625}, {"$id": 10, "type": 0, "sounds": [{"w": 0.0, "d": 0.485817432, "p": 52, "v": 47}], "pos": 0.527777, "size": 1.0, "_time": 3.8515625, "shift": 0.0, "time": 3.8515625}, {"$id": 11, "type": 0, "sounds": [{"w": 0.0, "d": 0.3115921, "p": 47, "v": 37}], "pos": -0.402778149, "size": 1.0, "_time": 4.30859375, "shift": 0.0, "time": 4.30859375}, {"$id": 12, "type": 0, "sounds": [{"w": 0.0, "d": 1.24294758, "p": 40, "v": 80}], "pos": -1.66666746, "size": 1.0, "_time": 4.62109375, "shift": 0.0, "time": 4.62109375}, {"$id": 13, "type": 0, "sounds": [{"w": 0.0, "d": 0.665487766, "p": 47, "v": 80}], "pos": -1.15277815, "size": 1.1, "_time": 4.9375, "shift": 0.0, "time": 4.9375}, {"$id": 14, "type": 0, "sounds": [{"w": 0.0, "d": 0.272909164, "p": 83, "v": 86}], "pos": 1.51388848, "size": 1.1, "_time": 4.95703125, "shift": 0.0, "time": 4.95703125}, {"$id": 15, "type": 0, "sounds": [{"w": 0.0, "d": 0.3945222, "p": 52, "v": 93}], "pos": -1.16666651, "size": 1.1, "_time": 5.2578125, "shift": 0.0, "time": 5.2578125}, {"$id": 16, "type": 0, "sounds": [{"w": 0.0, "d": 0.2682495, "p": 83, "v": 90}], "pos": 1.5138886, "size": 1.1, "_time": 5.27734375, "shift": 0.0, "time": 5.27734375}, {"$id": 17, "type": 0, "sounds": [{"w": 0.0, "d": 0.261895657, "p": 81, "v": 95}], "pos": 0.569443047, "size": 1.1, "_time": 5.58984375, "shift": 0.0, "time": 5.58984375}, {"$id": 18, "type": 0, "sounds": [{"w": 0.0, "d": 0.261434555, "p": 80, "v": 102}], "pos": -0.611111343, "size": 1.1, "_time": 5.89453125, "shift": 0.0, "time": 5.89453125}, {"$id": 19, "type": 0, "sounds": [{"w": 0.0, "d": 0.264960766, "p": 78, "v": 104}], "pos": 1.08333313, "size": 1.1, "_time": 6.203125, "shift": 0.0, "time": 6.203125}, {"$id": 20, "type": 0, "sounds": [{"w": 0.0, "d": 0.268795, "p": 77, "v": 96}], "pos": -1.43055642, "size": 1.0, "_time": 6.51171875, "shift": 0.0, "time": 6.51171875}, {"$id": 21, "type": 0, "sounds": [{"w": 0.0, "d": 0.331549644, "p": 68, "v": 86}], "pos": -0.19444418, "size": 1.0, "_time": 6.8125, "shift": 0.0, "time": 6.8125}, {"$id": 22, "type": 0, "sounds": [{"w": 0.0, "d": 0.3269863, "p": 80, "v": 89}], "pos": 1.63888836, "size": 1.0, "_time": 6.83984375, "shift": 0.0, "time": 6.83984375}, {"$id": 23, "type": 0, "sounds": [{"w": 0.0, "d": 0.6101756, "p": 66, "v": 91}], "pos": -1.22222233, "size": 1.1, "_time": 7.1953125, "shift": 0.0, "time": 7.1953125}, {"$id": 24, "type": 0, "sounds": [{"w": 0.0, "d": 0.6203089, "p": 78, "v": 91}], "pos": 0.499999225, "size": 1.0, "_time": 7.21484375, "shift": 0.0, "time": 7.21484375}, {"$id": 25, "type": 0, "sounds": [{"w": 0.0, "d": 0.417117119, "p": 49, "v": 78}], "pos": -0.7083348, "size": 1.0, "_time": 7.5234375, "shift": 0.0, "time": 7.5234375}, {"$id": 26, "type": 0, "sounds": [{"w": 0.0, "d": 0.334699154, "p": 54, "v": 59}], "pos": -0.0833348, "size": 1.0, "_time": 7.8515625, "shift": 0.0, "time": 7.8515625}, {"$id": 27, "type": 0, "sounds": [{"w": 0.0, "d": 0.327868462, "p": 73, "v": 75}], "pos": 1.15277863, "size": 1.2, "_time": 8.1796875, "shift": 0.0, "time": 8.1796875}, {"$id": 28, "type": 0, "sounds": [{"w": 0.0, "d": 1.31147575, "p": 73, "v": 58}], "pos": 1.15277863, "size": 1.2, "_time": 8.5078125, "shift": 0.0, "time": 8.5078125}, {"$id": 29, "type": 0, "sounds": [{"w": 0.0, "d": 0.676230431, "p": 42, "v": 74}], "pos": -1.666667, "size": 1.0, "_time": 9.8203125, "shift": 0.0, "time": 9.8203125}, {"$id": 30, "type": 0, "sounds": [{"w": 0.0, "d": 0.327869415, "p": 71, "v": 59}], "pos": 0.430554628, "size": 1.2, "_time": 10.1445313, "shift": 0.0, "time": 10.1445313}, {"$id": 31, "type": 0, "sounds": [{"w": 0.0, "d": 0.327868462, "p": 71, "v": 61}], "pos": 0.430554628, "size": 1.2, "_time": 10.4726563, "shift": 0.0, "time": 10.4726563}, {"$id": 32, "type": 0, "sounds": [{"w": 0.0, "d": 0.327868462, "p": 54, "v": 57}], "pos": -1.08333445, "size": 1.0, "_time": 10.4726563, "shift": 0.0, "time": 10.4726563}, {"$id": 33, "type": 0, "sounds": [{"w": 0.0, "d": 0.327869415, "p": 83, "v": 68}], "pos": 1.65277684, "size": 1.1, "_time": 10.8007813, "shift": 0.0, "time": 10.8007813}, {"$id": 34, "type": 0, "sounds": [{"w": 0.0, "d": 0.327869415, "p": 83, "v": 92}], "pos": 1.65277684, "size": 1.1, "_time": 11.1289063, "shift": 0.0, "time": 11.1289063}, {"$id": 35, "type": 0, "sounds": [{"w": 0.0, "d": 0.314208031, "p": 57, "v": 57}], "pos": -0.402778149, "size": 1.0, "_time": 11.1289063, "shift": 0.0, "time": 11.1289063}, {"$id": 36, "type": 0, "sounds": [{"w": 0.0, "d": 0.3316164, "p": 81, "v": 81}], "pos": 0.6249982, "size": 1.1, "_time": 11.4570313, "shift": 0.0, "time": 11.4570313}, {"$id": 37, "type": 0, "sounds": [{"w": 0.0, "d": 0.364942551, "p": 80, "v": 87}], "pos": -0.5555562, "size": 1.1, "_time": 11.7890625, "shift": 0.0, "time": 11.7890625}, {"$id": 38, "type": 0, "sounds": [{"w": 0.0, "d": 0.3629141, "p": 78, "v": 93}], "pos": -1.5277791, "size": 1.1, "_time": 12.15625, "shift": 0.0, "time": 12.15625}, {"$id": 39, "type": 0, "sounds": [{"w": 0.0, "d": 0.97826004, "p": 75, "v": 105}], "pos": 1.01388884, "size": 1.1, "_time": 12.515625, "shift": 0.0, "time": 12.515625}, {"$id": 40, "type": 0, "sounds": [{"w": 0.0, "d": 0.288723, "p": 44, "v": 101}], "pos": -0.8333336, "size": 1.1, "_time": 12.515625, "shift": 0.0, "time": 12.515625}, {"$id": 41, "type": 0, "sounds": [{"w": 0.0, "d": 0.377038, "p": 51, "v": 97}], "pos": -0.31944418, "size": 1.0, "_time": 12.84375, "shift": 0.0, "time": 12.84375}, {"$id": 42, "type": 0, "sounds": [{"w": 0.0, "d": 0.319293022, "p": 56, "v": 80}], "pos": 0.30555582, "size": 1.0, "_time": 13.1679688, "shift": 0.0, "time": 13.1679688}, {"$id": 43, "type": 0, "sounds": [{"w": 0.0, "d": 0.251359, "p": 68, "v": 73}], "pos": -1.083334, "size": 1.2, "_time": 13.4960938, "shift": 0.0, "time": 13.4960938}, {"$id": 44, "type": 0, "sounds": [{"w": 0.0, "d": 0.251359, "p": 71, "v": 73}], "pos": 1.04166651, "size": 1.1, "_time": 13.4960938, "shift": 0.0, "time": 13.4960938}, {"$id": 45, "type": 0, "sounds": [{"w": 0.0, "d": 1.304348, "p": 71, "v": 71}], "pos": 1.04166651, "size": 1.1, "_time": 13.8203125, "shift": 0.0, "time": 13.8203125}, {"$id": 46, "type": 0, "sounds": [{"w": 0.0, "d": 1.304348, "p": 68, "v": 69}], "pos": -1.083334, "size": 1.2, "_time": 13.8203125, "shift": 0.0, "time": 13.8203125}, {"$id": 47, "type": 0, "sounds": [{"w": 0.0, "d": 0.183424, "p": 44, "v": 88}], "pos": -2.0, "size": 1.0, "_time": 15.125, "shift": 0.0, "time": 15.125}, {"$id": 48, "type": 0, "sounds": [{"w": 0.0, "d": 0.32269, "p": 51, "v": 98}], "pos": 0.152777672, "size": 1.2, "_time": 15.453125, "shift": 0.0, "time": 15.453125}, {"$id": 49, "type": 0, "sounds": [{"w": 0.0, "d": 0.30231, "p": 71, "v": 89}], "pos": -1.56944346, "size": 1.2, "_time": 15.453125, "shift": 0.0, "time": 15.453125}, {"$id": 50, "type": 0, "sounds": [{"w": 0.0, "d": 0.32269, "p": 56, "v": 81}], "pos": 0.7777777, "size": 1.2, "_time": 15.7773438, "shift": 0.0, "time": 15.7773438}, {"$id": 51, "type": 0, "sounds": [{"w": 0.0, "d": 0.30231, "p": 71, "v": 74}], "pos": -1.56944346, "size": 1.2, "_time": 15.7773438, "shift": 0.0, "time": 15.7773438}, {"$id": 52, "type": 0, "sounds": [{"w": 0.0, "d": 0.302309036, "p": 83, "v": 79}], "pos": 1.70833373, "size": 1.1, "_time": 16.125, "shift": 0.0, "time": 16.125}, {"$id": 53, "type": 0, "sounds": [{"w": 0.0, "d": 0.302309036, "p": 71, "v": 90}], "pos": 0.0, "size": 1.0, "_time": 16.4296875, "shift": 0.0, "time": 16.4296875}, {"$id": 54, "type": 0, "sounds": [{"w": 0.0, "d": 0.302309036, "p": 83, "v": 92}], "pos": 1.70833373, "size": 1.1, "_time": 16.4492188, "shift": 0.0, "time": 16.4492188}, {"$id": 55, "type": 0, "sounds": [{"w": 0.0, "d": 0.302309036, "p": 81, "v": 66}], "pos": -0.5416665, "size": 1.1, "_time": 16.7773438, "shift": 0.0, "time": 16.7773438}, {"$id": 56, "type": 0, "sounds": [{"w": 0.0, "d": 0.302309036, "p": 80, "v": 65}], "pos": 0.833333969, "size": 1.1, "_time": 17.1015625, "shift": 0.0, "time": 17.1015625}, {"$id": 57, "type": 0, "sounds": [{"w": 0.0, "d": 0.302309036, "p": 66, "v": 70}], "pos": 0.138888359, "size": 1.1, "_time": 17.4101563, "shift": 0.0, "time": 17.4101563}, {"$id": 58, "type": 0, "sounds": [{"w": 0.0, "d": 0.302309036, "p": 78, "v": 73}], "pos": -1.49999952, "size": 1.1, "_time": 17.4296875, "shift": 0.0, "time": 17.4296875}, {"$id": 59, "type": 0, "sounds": [{"w": 0.0, "d": 1.32133293, "p": 66, "v": 83}, {"w": 0.01953125, "d": 1.32133293, "p": 78, "v": 83}], "pos": 0.138888359, "size": 1.1, "_time": 17.734375, "shift": 0.0, "time": 17.734375}, {"$id": 60, "type": 0, "sounds": [{"w": 0.0, "d": 0.404212952, "p": 43, "v": 78}], "pos": -1.541667, "size": 1.1, "_time": 17.734375, "shift": 0.0, "time": 17.734375}, {"$id": 61, "type": 0, "sounds": [{"w": 0.0, "d": 0.34986496, "p": 50, "v": 85}], "pos": -0.666667, "size": 1.1, "_time": 18.0507813, "shift": 0.0, "time": 18.0507813}, {"$id": 62, "type": 0, "sounds": [{"w": 0.0, "d": 0.3125, "p": 55, "v": 82}], "pos": -0.0416669846, "size": 1.1, "_time": 18.3867188, "shift": 0.0, "time": 18.3867188}, {"$id": 63, "type": 0, "sounds": [{"w": 0.0, "d": 0.326087952, "p": 57, "v": 81}], "pos": 0.208333015, "size": 1.1, "_time": 18.7148438, "shift": 0.0, "time": 18.7148438}, {"$id": 64, "type": 0, "sounds": [{"w": 0.0, "d": 0.3723259, "p": 59, "v": 74}], "pos": 0.458333015, "size": 1.1, "_time": 19.0390625, "shift": 0.0, "time": 19.0390625}, {"$id": 65, "type": 0, "sounds": [{"w": 0.0, "d": 0.3328724, "p": 57, "v": 67}], "pos": 0.208333015, "size": 1.1, "_time": 19.3671875, "shift": 0.0, "time": 19.3671875}, {"$id": 66, "type": 0, "sounds": [{"w": 0.0, "d": 0.363286972, "p": 55, "v": 61}], "pos": -0.0416669846, "size": 1.1, "_time": 19.6992188, "shift": 0.0, "time": 19.6992188}, {"$id": 67, "type": 0, "sounds": [{"w": 0.0, "d": 0.3663578, "p": 50, "v": 56}], "pos": -0.666667, "size": 1.1, "_time": 20.0351563, "shift": 0.0, "time": 20.0351563}, {"$id": 68, "type": 0, "sounds": [{"w": 0.0, "d": 1.39709282, "p": 43, "v": 53}], "pos": -1.541667, "size": 1.1, "_time": 20.3710938, "shift": 0.0, "time": 20.3710938}, {"$id": 69, "type": 0, "sounds": [{"w": 0.0, "d": 1.31277657, "p": 71, "v": 53}], "pos": -0.8472223, "size": 1.2, "_time": 21.7460938, "shift": 0.0, "time": 21.7460938}, {"$id": 70, "type": 0, "sounds": [{"w": 0.0, "d": 0.428434372, "p": 40, "v": 63}], "pos": -1.02777767, "size": 1.0, "_time": 23.0585938, "shift": 0.0, "time": 23.0585938}, {"$id": 71, "type": 0, "sounds": [{"w": 0.0, "d": 0.335842133, "p": 76, "v": 65}], "pos": 1.08333349, "size": 1.1, "_time": 23.0585938, "shift": 0.0, "time": 23.0585938}, {"$id": 72, "type": 0, "sounds": [{"w": 0.0, "d": 0.335647583, "p": 80, "v": 78}], "pos": 1.58333349, "size": 1.1, "_time": 23.1054688, "shift": 0.0, "time": 23.1054688}, {"$id": 73, "type": 0, "sounds": [{"w": 0.0, "d": 0.332813263, "p": 78, "v": 73}], "pos": 0.0277776718, "size": 1.1, "_time": 23.4296875, "shift": 0.0, "time": 23.4296875}, {"$id": 74, "type": 0, "sounds": [{"w": 0.0, "d": 0.336278915, "p": 52, "v": 85}], "pos": 0.388888359, "size": 1.0, "_time": 23.7929688, "shift": 0.0, "time": 23.7929688}, {"$id": 75, "type": 0, "sounds": [{"w": 0.0, "d": 0.295516968, "p": 80, "v": 83}], "pos": -1.6944443, "size": 1.1, "_time": 23.7929688, "shift": 0.0, "time": 23.7929688}, {"$id": 76, "type": 0, "sounds": [{"w": 0.0, "d": 0.295516968, "p": 81, "v": 93}], "pos": -0.624999344, "size": 1.1, "_time": 24.1171875, "shift": 0.0, "time": 24.1171875}, {"$id": 77, "type": 0, "sounds": [{"w": 0.0, "d": 1.297554, "p": 80, "v": 76}], "pos": 0.222221375, "size": 1.2, "_time": 24.4453125, "shift": 0.0, "time": 24.4453125}, {"$id": 78, "type": 0, "sounds": [{"w": 0.0, "d": 1.297554, "p": 83, "v": 74}], "pos": 1.90277767, "size": 1.1, "_time": 24.4453125, "shift": 0.0, "time": 24.4453125}, {"$id": 79, "type": 0, "sounds": [{"w": 0.0, "d": 0.326087952, "p": 47, "v": 62}], "pos": -0.541666031, "size": 1.0, "_time": 25.421875, "shift": 0.0, "time": 25.421875}, {"$id": 80, "type": 0, "sounds": [{"w": 0.0, "d": 0.319293976, "p": 40, "v": 83}], "pos": -1.416666, "size": 1.0, "_time": 25.75, "shift": 0.0, "time": 25.75}, {"$id": 81, "type": 0, "sounds": [{"w": 0.0, "d": 0.343069077, "p": 47, "v": 83}], "pos": -0.6805558, "size": 1.0, "_time": 26.0742188, "shift": 0.0, "time": 26.0742188}, {"$id": 82, "type": 0, "sounds": [{"w": 0.0, "d": 0.305706024, "p": 83, "v": 82}], "pos": 1.95833278, "size": 1.1, "_time": 26.0976563, "shift": 0.0, "time": 26.0976563}, {"$id": 83, "type": 0, "sounds": [{"w": 0.0, "d": 0.4336872, "p": 52, "v": 90}], "pos": -0.05555582, "size": 1.0, "_time": 26.4023438, "shift": 0.0, "time": 26.4023438}, {"$id": 84, "type": 0, "sounds": [{"w": 0.0, "d": 0.3085575, "p": 83, "v": 92}], "pos": 1.95833278, "size": 1.1, "_time": 26.421875, "shift": 0.0, "time": 26.421875}, {"$id": 85, "type": 0, "sounds": [{"w": 0.0, "d": 0.315881729, "p": 74, "v": 96}], "pos": -0.777777851, "size": 1.0, "_time": 26.7304688, "shift": 0.0, "time": 26.7304688}, {"$id": 86, "type": 0, "sounds": [{"w": 0.0, "d": 0.31611824, "p": 86, "v": 97}], "pos": 1.194443, "size": 1.1, "_time": 26.75, "shift": 0.0, "time": 26.75}, {"$id": 87, "type": 0, "sounds": [{"w": 0.0, "d": 0.320947647, "p": 74, "v": 103}], "pos": -0.777777851, "size": 1.0, "_time": 27.0664063, "shift": 0.0, "time": 27.0664063}, {"$id": 88, "type": 0, "sounds": [{"w": 0.0, "d": 0.3212719, "p": 86, "v": 101}], "pos": 1.194443, "size": 1.1, "_time": 27.0898438, "shift": 0.0, "time": 27.0898438}, {"$id": 89, "type": 0, "sounds": [{"w": 0.0, "d": 0.326475143, "p": 85, "v": 101}], "pos": 0.291665316, "size": 1.0, "_time": 27.4335938, "shift": 0.0, "time": 27.4335938}, {"$id": 90, "type": 0, "sounds": [{"w": 0.0, "d": 0.347673416, "p": 85, "v": 93}], "pos": 0.291665316, "size": 1.0, "_time": 27.78125, "shift": 0.0, "time": 27.78125}, {"$id": 91, "type": 0, "sounds": [{"w": 0.0, "d": 0.3359909, "p": 83, "v": 90}], "pos": -0.3750012, "size": 1.0, "_time": 28.1523438, "shift": 0.0, "time": 28.1523438}, {"$id": 92, "type": 0, "sounds": [{"w": 0.0, "d": 1.033781, "p": 69, "v": 92}], "pos": 0.236110687, "size": 1.0, "_time": 28.4882813, "shift": 0.0, "time": 28.4882813}, {"$id": 93, "type": 0, "sounds": [{"w": 0.0, "d": 0.952701569, "p": 81, "v": 94}], "pos": -1.5416677, "size": 1.0, "_time": 28.5078125, "shift": 0.0, "time": 28.5078125}, {"$id": 94, "type": 0, "sounds": [{"w": 0.0, "d": 0.3581066, "p": 49, "v": 78}], "pos": 0.763888836, "size": 1.0, "_time": 28.8125, "shift": 0.0, "time": 28.8125}, {"$id": 95, "type": 0, "sounds": [{"w": 0.0, "d": 0.337837219, "p": 54, "v": 74}], "pos": 1.38888884, "size": 1.0, "_time": 29.1367188, "shift": 0.0, "time": 29.1367188}, {"$id": 96, "type": 0, "sounds": [{"w": 0.0, "d": 0.324323654, "p": 56, "v": 91}], "pos": 1.63888884, "size": 1.0, "_time": 29.4609375, "shift": 0.0, "time": 29.4609375}, {"$id": 97, "type": 0, "sounds": [{"w": 0.0, "d": 0.341215134, "p": 57, "v": 95}], "pos": 1.76388884, "size": 1.0, "_time": 29.7851563, "shift": 0.0, "time": 29.7851563}, {"$id": 98, "type": 0, "sounds": [{"w": 0.0, "d": 0.327701569, "p": 54, "v": 78}], "pos": 1.38888884, "size": 1.0, "_time": 30.109375, "shift": 0.0, "time": 30.109375}, {"$id": 99, "type": 0, "sounds": [{"w": 0.0, "d": 0.341215134, "p": 49, "v": 77}], "pos": 0.763888836, "size": 1.0, "_time": 30.4335938, "shift": 0.0, "time": 30.4335938}, {"$id": 100, "type": 0, "sounds": [{"w": 0.0, "d": 0.324323654, "p": 45, "v": 63}], "pos": 0.263888836, "size": 1.0, "_time": 30.7578125, "shift": 0.0, "time": 30.7578125}, {"$id": 101, "type": 0, "sounds": [{"w": 0.0, "d": 0.373409271, "p": 42, "v": 89}], "pos": -0.111111164, "size": 1.0, "_time": 31.0820313, "shift": 0.0, "time": 31.0820313}, {"$id": 102, "type": 0, "sounds": [{"w": 0.0, "d": 0.304004669, "p": 69, "v": 63}], "pos": 0.569444656, "size": 1.1, "_time": 31.4570313, "shift": 0.0, "time": 31.4570313}, {"$id": 103, "type": 0, "sounds": [{"w": 0.0, "d": 0.300580978, "p": 81, "v": 67}], "pos": -1.347222, "size": 1.2, "_time": 31.4804688, "shift": 0.0, "time": 31.4804688}, {"$id": 104, "type": 0, "sounds": [{"w": 0.0, "d": 0.272176743, "p": 69, "v": 76}], "pos": 0.569444656, "size": 1.1, "_time": 31.8085938, "shift": 0.0, "time": 31.8085938}, {"$id": 105, "type": 0, "sounds": [{"w": 0.0, "d": 0.272176743, "p": 81, "v": 78}], "pos": -1.347222, "size": 1.2, "_time": 31.8320313, "shift": 0.0, "time": 31.8320313}, {"$id": 106, "type": 0, "sounds": [{"w": 0.0, "d": 0.27217865, "p": 72, "v": 84}], "pos": -0.3611107, "size": 1.0, "_time": 32.1328125, "shift": 0.0, "time": 32.1328125}, {"$id": 107, "type": 0, "sounds": [{"w": 0.0, "d": 0.27217865, "p": 84, "v": 85}], "pos": 1.61111128, "size": 1.0, "_time": 32.1523438, "shift": 0.0, "time": 32.1523438}, {"$id": 108, "type": 0, "sounds": [{"w": 0.0, "d": 0.273139954, "p": 72, "v": 97}], "pos": -0.3611107, "size": 1.0, "_time": 32.45703, "shift": 0.0, "time": 32.45703}, {"$id": 109, "type": 0, "sounds": [{"w": 0.0, "d": 0.2738037, "p": 84, "v": 99}], "pos": 1.61111128, "size": 1.0, "_time": 32.484375, "shift": 0.0, "time": 32.484375}, {"$id": 110, "type": 0, "sounds": [{"w": 0.0, "d": 0.31640625, "p": 71, "v": 105}], "pos": -1.2083329, "size": 1.1, "_time": 32.78125, "shift": 0.0, "time": 32.78125}, {"$id": 111, "type": 0, "sounds": [{"w": 0.0, "d": 0.31640625, "p": 83, "v": 106}], "pos": 0.430556953, "size": 1.0, "_time": 32.8164063, "shift": 0.0, "time": 32.8164063}, {"$id": 112, "type": 0, "sounds": [{"w": 0.0, "d": 0.317165375, "p": 71, "v": 88}], "pos": -1.2083329, "size": 1.1, "_time": 33.15625, "shift": 0.0, "time": 33.15625}, {"$id": 113, "type": 0, "sounds": [{"w": 0.0, "d": 0.317623138, "p": 83, "v": 86}], "pos": 0.430556953, "size": 1.0, "_time": 33.16797, "shift": 0.0, "time": 33.16797}, {"$id": 114, "type": 0, "sounds": [{"w": 0.0, "d": 0.2863388, "p": 81, "v": 83}], "pos": -0.6944445, "size": 1.0, "_time": 33.5585938, "shift": 0.0, "time": 33.5585938}, {"$id": 115, "type": 0, "sounds": [{"w": 0.0, "d": 0.1470604, "p": 68, "v": 42}], "pos": 0.111111164, "size": 1.0, "_time": 33.875, "shift": 0.0, "time": 33.875}, {"$id": 116, "type": 0, "sounds": [{"w": 0.0, "d": 0.133796692, "p": 71, "v": 43}], "pos": 0.486111164, "size": 1.0, "_time": 33.953125, "shift": 0.0, "time": 33.953125}, {"$id": 117, "type": 0, "sounds": [{"w": 0.0, "d": 0.110527039, "p": 78, "v": 58}], "pos": 1.08333337, "size": 1.0, "_time": 34.0, "shift": 0.0, "time": 34.0}, {"$id": 118, "type": 0, "sounds": [{"w": 0.0, "d": 0.295593262, "p": 80, "v": 98}], "pos": 1.80555558, "size": 1.0, "_time": 34.046875, "shift": 0.0, "time": 34.046875}, {"$id": 119, "type": 0, "sounds": [{"w": 0.0, "d": 0.323432922, "p": 76, "v": 61}], "pos": -1.333334, "size": 1.0, "_time": 34.3125, "shift": 0.0, "time": 34.3125}, {"$id": 120, "type": 0, "sounds": [{"w": 0.0, "d": 1.04509354, "p": 88, "v": 93}], "pos": 1.805556, "size": 1.2, "_time": 34.5703125, "shift": 0.0, "time": 34.5703125}, {"$id": 121, "type": 0, "sounds": [{"w": 0.0, "d": 0.403564453, "p": 56, "v": 78}], "pos": -0.8888893, "size": 0.799999952, "_time": 35.1796875, "shift": 0.0, "time": 35.1796875}, {"$id": 122, "type": 0, "sounds": [{"w": 0.0, "d": 0.453674316, "p": 52, "v": 52}], "pos": -1.38888931, "size": 0.799999952, "_time": 35.5273438, "shift": 0.0, "time": 35.5273438}, {"$id": 123, "type": 0, "sounds": [{"w": 0.0, "d": 0.407424927, "p": 64, "v": 74}], "pos": 0.111110687, "size": 0.799999952, "_time": 35.875, "shift": 0.0, "time": 35.875}, {"$id": 124, "type": 0, "sounds": [{"w": 0.0, "d": 0.191082, "p": 80, "v": 66}], "pos": -1.38888943, "size": 1.2, "_time": 36.2539063, "shift": 0.0, "time": 36.2539063}, {"$id": 125, "type": 0, "sounds": [{"w": 0.0, "d": 0.408908844, "p": 81, "v": 98}], "pos": 1.09722173, "size": 1.2, "_time": 36.64453, "shift": 0.0, "time": 36.64453}, {"$id": 126, "type": 0, "sounds": [{"w": 0.0, "d": 0.320529938, "p": 76, "v": 59}], "pos": -0.416667938, "size": 1.0, "_time": 37.0039063, "shift": 0.0, "time": 37.0039063}, {"$id": 127, "type": 0, "sounds": [{"w": 0.0, "d": 1.335186, "p": 88, "v": 87}], "pos": 1.80555439, "size": 1.0, "_time": 37.265625, "shift": 0.0, "time": 37.265625}, {"$id": 128, "type": 0, "sounds": [{"w": 0.0, "d": 0.329624176, "p": 59, "v": 66}], "pos": 0.097222805, "size": 0.799999952, "_time": 37.578125, "shift": 0.0, "time": 37.578125}, {"$id": 129, "type": 0, "sounds": [{"w": 0.0, "d": 0.4714775, "p": 60, "v": 78}], "pos": 1.25000072, "size": 0.799999952, "_time": 37.90625, "shift": 0.0, "time": 37.90625}, {"$id": 130, "type": 0, "sounds": [{"w": 0.0, "d": 0.605056763, "p": 57, "v": 56}], "pos": -0.9861106, "size": 0.799999952, "_time": 38.25, "shift": 0.0, "time": 38.25}, {"$id": 131, "type": 0, "sounds": [{"w": 0.0, "d": 0.7020302, "p": 64, "v": 43}], "pos": 0.7222228, "size": 0.799999952, "_time": 38.59375, "shift": 0.0, "time": 38.59375}, {"$id": 132, "type": 0, "sounds": [{"w": 0.0, "d": 0.285903931, "p": 80, "v": 73}], "pos": -0.5, "size": 1.1, "_time": 39.328125, "shift": 0.0, "time": 39.328125}, {"$id": 133, "type": 0, "sounds": [{"w": 0.0, "d": 0.3186226, "p": 76, "v": 61}], "pos": -1.75000024, "size": 1.1, "_time": 39.61328, "shift": 0.0, "time": 39.61328}, {"$id": 134, "type": 0, "sounds": [{"w": 0.0, "d": 1.10277939, "p": 88, "v": 81}], "pos": 1.47222233, "size": 1.0, "_time": 39.9335938, "shift": 0.0, "time": 39.9335938}, {"$id": 135, "type": 0, "sounds": [{"w": 0.0, "d": 0.342208862, "p": 54, "v": 86}], "pos": -1.083333, "size": 0.799999952, "_time": 40.2734375, "shift": 0.0, "time": 40.2734375}, {"$id": 136, "type": 0, "sounds": [{"w": 0.0, "d": 0.406929016, "p": 56, "v": 92}], "pos": -0.1944443, "size": 0.799999952, "_time": 40.61328, "shift": 0.0, "time": 40.61328}, {"$id": 137, "type": 0, "sounds": [{"w": 0.0, "d": 0.355575562, "p": 52, "v": 69}], "pos": -1.333333, "size": 0.799999952, "_time": 40.9609375, "shift": 0.0, "time": 40.9609375}, {"$id": 138, "type": 0, "sounds": [{"w": 0.0, "d": 0.6708069, "p": 64, "v": 76}], "pos": 0.8055557, "size": 0.799999952, "_time": 41.3085938, "shift": 0.0, "time": 41.3085938}, {"$id": 139, "type": 0, "sounds": [{"w": 0.0, "d": 0.339946747, "p": 80, "v": 65}], "pos": -1.527777, "size": 1.0, "_time": 41.671875, "shift": 0.0, "time": 41.671875}, {"$id": 140, "type": 0, "sounds": [{"w": 0.0, "d": 0.335769653, "p": 81, "v": 77}], "pos": 0.958334267, "size": 1.0, "_time": 42.0273438, "shift": 0.0, "time": 42.0273438}, {"$id": 141, "type": 0, "sounds": [{"w": 0.0, "d": 0.365272522, "p": 76, "v": 56}], "pos": -0.138889313, "size": 1.0, "_time": 42.34375, "shift": 0.0, "time": 42.34375}, {"$id": 142, "type": 0, "sounds": [{"w": 0.0, "d": 0.348537445, "p": 88, "v": 64}], "pos": -1.22222257, "size": 1.0, "_time": 42.6640625, "shift": 0.0, "time": 42.6640625}, {"$id": 143, "type": 0, "sounds": [{"w": 0.0, "d": 0.334129333, "p": 64, "v": 55}], "pos": 0.44444418, "size": 1.0, "_time": 42.6640625, "shift": 0.0, "time": 42.6640625}, {"$id": 144, "type": 0, "sounds": [{"w": 0.0, "d": 0.347557068, "p": 66, "v": 45}], "pos": 0.9722229, "size": 1.0, "_time": 43.0, "shift": 0.0, "time": 43.0}, {"$id": 145, "type": 0, "sounds": [{"w": 0.0, "d": 0.347557068, "p": 90, "v": 51}], "pos": -0.722221, "size": 1.0, "_time": 43.0, "shift": 0.0, "time": 43.0}, {"$id": 146, "type": 0, "sounds": [{"w": 0.0, "d": 0.749259949, "p": 68, "v": 36}], "pos": 1.41666675, "size": 1.0, "_time": 43.3476563, "shift": 0.0, "time": 43.3476563}, {"$id": 147, "type": 0, "sounds": [{"w": 0.0, "d": 0.7278557, "p": 92, "v": 52}], "pos": -0.333333135, "size": 1.0, "_time": 43.3476563, "shift": 0.0, "time": 43.3476563}, {"$id": 148, "type": 0, "sounds": [{"w": 0.0, "d": 0.804100037, "p": 99, "v": 72}], "pos": 2.0, "size": 0.9, "_time": 44.0703125, "shift": 0.0, "time": 44.0703125}, {"$id": 149, "type": 0, "sounds": [{"w": 0.0, "d": 0.08333588, "p": 99, "v": 55}], "pos": 0.5972214, "size": 0.9, "_time": 44.890625, "shift": 0.0, "time": 44.890625}, {"$id": 150, "type": 0, "sounds": [{"w": 0.0, "d": 0.333332062, "p": 100, "v": 80}], "pos": 1.11110961, "size": 0.9, "_time": 44.9453125, "shift": 0.0, "time": 44.9453125}, {"$id": 151, "type": 0, "sounds": [{"w": 0.0, "d": 0.333332062, "p": 99, "v": 67}], "pos": -0.5138898, "size": 0.9, "_time": 45.2226563, "shift": 0.0, "time": 45.2226563}, {"$id": 152, "type": 0, "sounds": [{"w": 0.0, "d": 1.17361069, "p": 64, "v": 35}], "pos": 0.3333335, "size": 1.0, "_time": 45.5585938, "shift": 0.0, "time": 45.5585938}, {"$id": 153, "type": 0, "sounds": [{"w": 0.0, "d": 0.78125, "p": 95, "v": 58}], "pos": -1.68055689, "size": 0.9, "_time": 45.5585938, "shift": 0.0, "time": 45.5585938}, {"$id": 154, "type": 0, "sounds": [{"w": 0.0, "d": 0.333332062, "p": 92, "v": 55}], "pos": 0.6388893, "size": 0.9, "_time": 47.2226563, "shift": 0.0, "time": 47.2226563}, {"$id": 155, "type": 0, "sounds": [{"w": 0.0, "d": 0.364582062, "p": 71, "v": 64}], "pos": 1.76388836, "size": 1.0, "_time": 47.5351563, "shift": 0.0, "time": 47.5351563}, {"$id": 156, "type": 0, "sounds": [{"w": 0.0, "d": 1.22222519, "p": 90, "v": 49}], "pos": -0.7777777, "size": 0.9, "_time": 47.5585938, "shift": 0.0, "time": 47.5585938}, {"$id": 157, "type": 0, "sounds": [{"w": 0.0, "d": 0.3611145, "p": 66, "v": 50}], "pos": 1.13888836, "size": 1.0, "_time": 47.890625, "shift": 0.0, "time": 47.890625}, {"$id": 158, "type": 0, "sounds": [{"w": 0.0, "d": 1.16319656, "p": 63, "v": 46}], "pos": 0.763888359, "size": 1.0, "_time": 48.2226563, "shift": 0.0, "time": 48.2226563}, {"$id": 159, "type": 0, "sounds": [{"w": 0.0, "d": 0.333332062, "p": 78, "v": 66}], "pos": -1.05555677, "size": 1.0, "_time": 49.1523438, "shift": 0.0, "time": 49.1523438}, {"$id": 160, "type": 0, "sounds": [{"w": 0.0, "d": 0.333332062, "p": 80, "v": 84}], "pos": 0.499999046, "size": 1.0, "_time": 49.51953, "shift": 0.0, "time": 49.51953}, {"$id": 161, "type": 0, "sounds": [{"w": 0.0, "d": 0.333332062, "p": 81, "v": 93}], "pos": 1.26388776, "size": 1.0, "_time": 49.890625, "shift": 0.0, "time": 49.890625}, {"$id": 162, "type": 0, "sounds": [{"w": 0.0, "d": 0.08333206, "p": 78, "v": 57}], "pos": -0.555556953, "size": 1.0, "_time": 50.2226563, "shift": 0.0, "time": 50.2226563}, {"$id": 163, "type": 0, "sounds": [{"w": 0.0, "d": 0.243053436, "p": 80, "v": 75}], "pos": 1.86111057, "size": 1.0, "_time": 50.2734375, "shift": 0.0, "time": 50.2734375}, {"$id": 164, "type": 0, "sounds": [{"w": 0.0, "d": 0.3402748, "p": 76, "v": 88}], "pos": -1.250001, "size": 1.0, "_time": 50.5585938, "shift": 0.0, "time": 50.5585938}, {"$id": 165, "type": 0, "sounds": [{"w": 0.0, "d": 0.333332062, "p": 64, "v": 79}], "pos": 1.916667, "size": 1.0, "_time": 50.890625, "shift": 0.0, "time": 50.890625}, {"$id": 166, "type": 0, "sounds": [{"w": 0.0, "d": 0.333332062, "p": 71, "v": 76}], "pos": 0.347221315, "size": 1.0, "_time": 50.890625, "shift": 0.0, "time": 50.890625}, {"$id": 167, "type": 0, "sounds": [{"w": 0.0, "d": 0.333332062, "p": 69, "v": 51}], "pos": -1.902779, "size": 1.0, "_time": 51.2226563, "shift": 0.0, "time": 51.2226563}, {"$id": 168, "type": 0, "sounds": [{"w": 0.0, "d": 1.07342911, "p": 68, "v": 50}], "pos": -0.222224414, "size": 1.0, "_time": 51.5585938, "shift": 0.0, "time": 51.5585938}, {"$id": 169, "type": 0, "sounds": [{"w": 0.0, "d": 0.19536972, "p": 64, "v": 68}], "pos": -1.55555463, "size": 1.0, "_time": 52.6289063, "shift": 0.0, "time": 52.6289063}, {"$id": 170, "type": 0, "sounds": [{"w": 0.0, "d": 0.196113586, "p": 66, "v": 83}], "pos": -0.58333385, "size": 1.1, "_time": 52.82422, "shift": 0.0, "time": 52.82422}, {"$id": 171, "type": 0, "sounds": [{"w": 0.0, "d": 0.0828743, "p": 66, "v": 76}], "pos": 0.44444418, "size": 1.2, "_time": 53.0234375, "shift": 0.0, "time": 53.0234375}, {"$id": 172, "type": 0, "sounds": [{"w": 0.0, "d": 0.331493378, "p": 67, "v": 101}], "pos": 1.84722257, "size": 1.2, "_time": 53.0546875, "shift": 0.0, "time": 53.0546875}, {"$id": 173, "type": 0, "sounds": [{"w": 0.0, "d": 0.331493378, "p": 64, "v": 71}], "pos": -0.583333969, "size": 1.0, "_time": 53.3515625, "shift": 0.0, "time": 53.3515625}, {"$id": 174, "type": 0, "sounds": [{"w": 0.0, "d": 1.616497, "p": 64, "v": 98}], "pos": 0.333333135, "size": 1.2, "_time": 53.6835938, "shift": 0.0, "time": 53.6835938}, {"$id": 175, "type": 0, "sounds": [{"w": 0.0, "d": 0.334941864, "p": 60, "v": 81}], "pos": -1.69444466, "size": 1.2, "_time": 53.6835938, "shift": 0.0, "time": 53.6835938}, {"$id": 176, "type": 0, "sounds": [{"w": 0.0, "d": 0.5143471, "p": 47, "v": 82}], "pos": 0.31944406, "size": 1.0, "_time": 54.3476563, "shift": 0.0, "time": 54.3476563}, {"$id": 177, "type": 0, "sounds": [{"w": 0.0, "d": 0.5540161, "p": 45, "v": 99}], "pos": -0.569444656, "size": 1.2, "_time": 54.86328, "shift": 0.0, "time": 54.86328}, {"$id": 178, "type": 0, "sounds": [{"w": 0.0, "d": 0.3546028, "p": 44, "v": 108}], "pos": -1.75, "size": 1.30000007, "_time": 55.41797, "shift": 0.0, "time": 55.41797}, {"$id": 179, "type": 0, "sounds": [{"w": 0.0, "d": 0.171825409, "p": 66, "v": 90}], "pos": 0.6944437, "size": 1.1, "_time": 55.5976563, "shift": 0.0, "time": 55.5976563}, {"$id": 180, "type": 0, "sounds": [{"w": 0.0, "d": 1.27429962, "p": 56, "v": 117}], "pos": -1.416667, "size": 1.2, "_time": 55.76953, "shift": 0.0, "time": 55.76953}, {"$id": 181, "type": 0, "sounds": [{"w": 0.0, "d": 1.27429962, "p": 68, "v": 121}], "pos": 1.41666615, "size": 1.2, "_time": 55.796875, "shift": 0.0, "time": 55.796875}, {"$id": 182, "type": 0, "sounds": [{"w": 0.0, "d": 0.336803436, "p": 47, "v": 80}], "pos": -0.625000954, "size": 1.2, "_time": 56.10547, "shift": 0.0, "time": 56.10547}, {"$id": 183, "type": 0, "sounds": [{"w": 0.0, "d": 0.350692749, "p": 52, "v": 107}], "pos": 0.9999987, "size": 1.2, "_time": 56.4375, "shift": 0.0, "time": 56.4375}, {"$id": 184, "type": 0, "sounds": [{"w": 0.0, "d": 0.333332062, "p": 47, "v": 88}], "pos": -0.625000954, "size": 1.2, "_time": 56.76953, "shift": 0.0, "time": 56.76953}, {"$id": 185, "type": 0, "sounds": [{"w": 0.0, "d": 0.4791603, "p": 68, "v": 97}], "pos": -0.944444358, "size": 1.2, "_time": 57.1328125, "shift": 0.0, "time": 57.1328125}, {"$id": 186, "type": 0, "sounds": [{"w": 0.0, "d": 0.479164124, "p": 69, "v": 102}], "pos": 0.458333015, "size": 1.2, "_time": 57.6328125, "shift": 0.0, "time": 57.6328125}, {"$id": 187, "type": 0, "sounds": [{"w": 0.0, "d": 0.3124962, "p": 59, "v": 114}], "pos": -0.8194442, "size": 1.30000007, "_time": 58.10547, "shift": 0.0, "time": 58.10547}, {"$id": 188, "type": 0, "sounds": [{"w": 0.0, "d": 0.3124962, "p": 71, "v": 112}], "pos": 1.62499952, "size": 1.2, "_time": 58.1328125, "shift": 0.0, "time": 58.1328125}, {"$id": 189, "type": 0, "sounds": [{"w": 0.0, "d": 0.663192749, "p": 64, "v": 102}], "pos": -1.63888907, "size": 1.2, "_time": 58.46875, "shift": 0.0, "time": 58.46875}, {"$id": 190, "type": 0, "sounds": [{"w": 0.0, "d": 0.333332062, "p": 44, "v": 62}], "pos": -0.750000656, "size": 1.0, "_time": 58.76953, "shift": 0.0, "time": 58.76953}, {"$id": 191, "type": 0, "sounds": [{"w": 0.0, "d": 0.3611107, "p": 49, "v": 90}], "pos": 0.180555522, "size": 1.0, "_time": 59.10547, "shift": 0.0, "time": 59.10547}, {"$id": 192, "type": 0, "sounds": [{"w": 0.0, "d": 0.215274811, "p": 83, "v": 77}], "pos": 1.29166555, "size": 1.0, "_time": 59.4375, "shift": 0.0, "time": 59.4375}, {"$id": 193, "type": 0, "sounds": [{"w": 0.0, "d": 0.319442749, "p": 83, "v": 89}], "pos": 1.29166555, "size": 1.0, "_time": 59.76953, "shift": 0.0, "time": 59.76953}, {"$id": 194, "type": 0, "sounds": [{"w": 0.0, "d": 0.319446564, "p": 81, "v": 94}], "pos": -0.680557, "size": 1.0, "_time": 60.10547, "shift": 0.0, "time": 60.10547}, {"$id": 195, "type": 0, "sounds": [{"w": 0.0, "d": 0.319442749, "p": 80, "v": 81}], "pos": 0.7499993, "size": 1.0, "_time": 60.4375, "shift": 0.0, "time": 60.4375}, {"$id": 196, "type": 0, "sounds": [{"w": 0.0, "d": 0.319442749, "p": 78, "v": 86}], "pos": -0.4166683, "size": 1.0, "_time": 60.76953, "shift": 0.0, "time": 60.76953}, {"$id": 197, "type": 0, "sounds": [{"w": 0.0, "d": 0.6597214, "p": 76, "v": 90}], "pos": 0.277777672, "size": 1.0, "_time": 61.10547, "shift": 0.0, "time": 61.10547}, {"$id": 198, "type": 0, "sounds": [{"w": 0.0, "d": 0.333332062, "p": 45, "v": 88}], "pos": -1.61111164, "size": 1.0, "_time": 61.10547, "shift": 0.0, "time": 61.10547}, {"$id": 199, "type": 0, "sounds": [{"w": 0.0, "d": 0.6666641, "p": 71, "v": 58}], "pos": 0.6805563, "size": 1.0, "_time": 61.76953, "shift": 0.0, "time": 61.76953}, {"$id": 200, "type": 0, "sounds": [{"w": 0.0, "d": 0.333332062, "p": 45, "v": 80}], "pos": -1.06944513, "size": 1.0, "_time": 61.76953, "shift": 0.0, "time": 61.76953}, {"$id": 201, "type": 0, "sounds": [{"w": 0.0, "d": 0.333332062, "p": 83, "v": 68}], "pos": 1.76388955, "size": 1.0, "_time": 62.10547, "shift": 0.0, "time": 62.10547}, {"$id": 202, "type": 0, "sounds": [{"w": 0.0, "d": 0.333332062, "p": 83, "v": 79}], "pos": 1.76388955, "size": 1.0, "_time": 62.4375, "shift": 0.0, "time": 62.4375}, {"$id": 203, "type": 0, "sounds": [{"w": 0.0, "d": 0.333332062, "p": 81, "v": 65}], "pos": 0.513888836, "size": 1.0, "_time": 62.76953, "shift": 0.0, "time": 62.76953}, {"$id": 204, "type": 0, "sounds": [{"w": 0.0, "d": 0.333332062, "p": 80, "v": 57}], "pos": -0.805555344, "size": 1.0, "_time": 63.10547, "shift": 0.0, "time": 63.10547}, {"$id": 205, "type": 0, "sounds": [{"w": 0.0, "d": 0.114582062, "p": 76, "v": 66}], "pos": 0.6111109, "size": 1.0, "_time": 63.4375, "shift": 0.0, "time": 63.4375}, {"$id": 206, "type": 0, "sounds": [{"w": 0.0, "d": 0.315971375, "p": 78, "v": 80}], "pos": 1.36111152, "size": 1.0, "_time": 63.48828, "shift": 0.0, "time": 63.48828}, {"$id": 207, "type": 0, "sounds": [{"w": 0.0, "d": 1.33332825, "p": 76, "v": 85}], "pos": -1.61111164, "size": 1.0, "_time": 63.76953, "shift": 0.0, "time": 63.76953}, {"$id": 208, "type": 0, "sounds": [{"w": 0.0, "d": 0.319442749, "p": 46, "v": 85}], "pos": 0.388888359, "size": 1.0, "_time": 63.76953, "shift": 0.0, "time": 63.76953}, {"$id": 209, "type": 0, "sounds": [{"w": 0.0, "d": 0.319442749, "p": 42, "v": 72}], "pos": -0.9444442, "size": 1.0, "_time": 64.078125, "shift": 0.0, "time": 64.078125}, {"$id": 210, "type": 0, "sounds": [{"w": 0.0, "d": 0.319442749, "p": 46, "v": 79}], "pos": -0.222221076, "size": 1.0, "_time": 64.42969, "shift": 0.0, "time": 64.42969}, {"$id": 211, "type": 0, "sounds": [{"w": 0.0, "d": 0.319442749, "p": 49, "v": 66}], "pos": 0.430556685, "size": 1.0, "_time": 64.78516, "shift": 0.0, "time": 64.78516}, {"$id": 212, "type": 0, "sounds": [{"w": 0.0, "d": 0.319442749, "p": 52, "v": 60}], "pos": 0.972221851, "size": 1.0, "_time": 65.109375, "shift": 0.0, "time": 65.109375}, {"$id": 213, "type": 0, "sounds": [{"w": 0.0, "d": 0.333328247, "p": 71, "v": 56}], "pos": -1.51388872, "size": 1.0, "_time": 65.421875, "shift": 0.0, "time": 65.421875}, {"$id": 214, "type": 0, "sounds": [{"w": 0.0, "d": 0.333328247, "p": 76, "v": 74}], "pos": 0.861111164, "size": 1.0, "_time": 65.76953, "shift": 0.0, "time": 65.76953}, {"$id": 215, "type": 0, "sounds": [{"w": 0.0, "d": 0.333328247, "p": 78, "v": 97}], "pos": 0.194444656, "size": 1.0, "_time": 66.10547, "shift": 0.0, "time": 66.10547}, {"$id": 216, "type": 0, "sounds": [{"w": 0.0, "d": 0.4201355, "p": 40, "v": 98}], "pos": -2.0, "size": 1.30000007, "_time": 66.4375, "shift": 0.0, "time": 66.4375}, {"$id": 217, "type": 0, "sounds": [{"w": 0.0, "d": 0.340278625, "p": 80, "v": 102}], "pos": 1.66666627, "size": 1.0, "_time": 66.4375, "shift": 0.0, "time": 66.4375}, {"$id": 218, "type": 0, "sounds": [{"w": 0.0, "d": 0.333328247, "p": 68, "v": 33}], "pos": -1.24999988, "size": 1.0, "_time": 66.76953, "shift": 0.0, "time": 66.76953}, {"$id": 219, "type": 0, "sounds": [{"w": 0.0, "d": 0.333328247, "p": 71, "v": 59}], "pos": -0.347222626, "size": 1.0, "_time": 67.10547, "shift": 0.0, "time": 67.10547}, {"$id": 220, "type": 0, "sounds": [{"w": 0.0, "d": 0.333335876, "p": 75, "v": 81}], "pos": 0.319444656, "size": 1.0, "_time": 67.4375, "shift": 0.0, "time": 67.4375}, {"$id": 221, "type": 0, "sounds": [{"w": 0.0, "d": 0.322914124, "p": 76, "v": 91}], "pos": 0.944444537, "size": 1.0, "_time": 67.76953, "shift": 0.0, "time": 67.76953}, {"$id": 222, "type": 0, "sounds": [{"w": 0.0, "d": 0.283332825, "p": 80, "v": 102}], "pos": 0.5555562, "size": 1.1, "_time": 68.10547, "shift": 0.0, "time": 68.10547}, {"$id": 223, "type": 0, "sounds": [{"w": 0.0, "d": 0.283332825, "p": 76, "v": 102}], "pos": -1.24999869, "size": 1.1, "_time": 68.10547, "shift": 0.0, "time": 68.10547}, {"$id": 224, "type": 0, "sounds": [{"w": 0.0, "d": 0.358329773, "p": 80, "v": 90}], "pos": -0.05555415, "size": 1.1, "_time": 68.47266, "shift": 0.0, "time": 68.47266}, {"$id": 225, "type": 0, "sounds": [{"w": 0.0, "d": 0.358329773, "p": 76, "v": 91}], "pos": -1.72222233, "size": 1.1, "_time": 68.47266, "shift": 0.0, "time": 68.47266}, {"$id": 226, "type": 0, "sounds": [{"w": 0.0, "d": 0.471412659, "p": 81, "v": 83}], "pos": 1.86110973, "size": 1.0, "_time": 68.88281, "shift": 0.0, "time": 68.88281}, {"$id": 227, "type": 0, "sounds": [{"w": 0.0, "d": 0.471412659, "p": 78, "v": 86}], "pos": -0.611111641, "size": 1.1, "_time": 68.88281, "shift": 0.0, "time": 68.88281}, {"$id": 228, "type": 0, "sounds": [{"w": 0.0, "d": 0.37815094, "p": 75, "v": 94}], "pos": -1.62500012, "size": 1.2, "_time": 69.35547, "shift": 0.0, "time": 69.35547}, {"$id": 229, "type": 0, "sounds": [{"w": 0.0, "d": 0.37815094, "p": 78, "v": 92}], "pos": 0.194444656, "size": 1.2, "_time": 69.35547, "shift": 0.0, "time": 69.35547}, {"$id": 230, "type": 0, "sounds": [{"w": 0.0, "d": 0.37815094, "p": 71, "v": 58}], "pos": -0.5972233, "size": 1.0, "_time": 69.734375, "shift": 0.0, "time": 69.734375}, {"$id": 231, "type": 0, "sounds": [{"w": 0.0, "d": 0.5042038, "p": 76, "v": 64}], "pos": 1.52777719, "size": 1.0, "_time": 70.11328, "shift": 0.0, "time": 70.11328}, {"$id": 232, "type": 0, "sounds": [{"w": 0.0, "d": 0.49974823, "p": 71, "v": 55}], "pos": -0.5972233, "size": 1.0, "_time": 70.61719, "shift": 0.0, "time": 70.61719}, {"$id": 233, "type": 0, "sounds": [{"w": 0.0, "d": 0.6038513, "p": 75, "v": 79}], "pos": 0.7638885, "size": 1.0, "_time": 71.11719, "shift": 0.0, "time": 71.11719}, {"$id": 234, "type": 0, "sounds": [{"w": 0.0, "d": 0.2407074, "p": 35, "v": 99}], "pos": -2.0, "size": 1.30000007, "_time": 71.71875, "shift": 0.0, "time": 71.71875}, {"$id": 235, "type": 0, "sounds": [{"w": 0.0, "d": 1.05134583, "p": 71, "v": 97}], "pos": -0.1527785, "size": 1.30000007, "_time": 72.125, "shift": 0.0, "time": 72.125}, {"$id": 236, "type": 0, "sounds": [{"w": 0.0, "d": 1.03240967, "p": 35, "v": 112}], "pos": -2.0, "size": 1.30000007, "_time": 72.125, "shift": 0.0, "time": 72.125}, {"$id": 237, "type": 0, "sounds": [{"w": 0.0, "d": 0.4335327, "p": 79, "v": 109}], "pos": 1.18055677, "size": 1.30000007, "_time": 73.17578, "shift": 0.0, "time": 73.17578}, {"$id": 238, "type": 0, "sounds": [{"w": 0.0, "d": 0.402938843, "p": 40, "v": 101}], "pos": -2.0, "size": 1.30000007, "_time": 73.17578, "shift": 0.0, "time": 73.17578}, {"$id": 239, "type": 0, "sounds": [{"w": 0.0, "d": 0.399276733, "p": 78, "v": 78}], "pos": -0.7222216, "size": 1.0, "_time": 73.609375, "shift": 0.0, "time": 73.609375}, {"$id": 240, "type": 0, "sounds": [{"w": 0.0, "d": 0.339149475, "p": 79, "v": 91}], "pos": 0.125001311, "size": 1.0, "_time": 74.00781, "shift": 0.0, "time": 74.00781}, {"$id": 241, "type": 0, "sounds": [{"w": 0.0, "d": 0.3173294, "p": 81, "v": 90}], "pos": 0.9861126, "size": 1.0, "_time": 74.34766, "shift": 0.0, "time": 74.34766}, {"$id": 242, "type": 0, "sounds": [{"w": 0.0, "d": 1.61308289, "p": 83, "v": 73}], "pos": 1.7916671, "size": 1.0, "_time": 74.66406, "shift": 0.0, "time": 74.66406}, {"$id": 243, "type": 0, "sounds": [{"w": 0.0, "d": 0.487838745, "p": 52, "v": 66}], "pos": 0.166666687, "size": 1.0, "_time": 75.13672, "shift": 0.0, "time": 75.13672}, {"$id": 244, "type": 0, "sounds": [{"w": 0.0, "d": 0.327507019, "p": 47, "v": 82}], "pos": -0.875, "size": 1.0, "_time": 75.625, "shift": 0.0, "time": 75.625}, {"$id": 245, "type": 0, "sounds": [{"w": 0.0, "d": 0.323280334, "p": 40, "v": 98}], "pos": -1.75, "size": 1.0, "_time": 75.953125, "shift": 0.0, "time": 75.953125}, {"$id": 246, "type": 0, "sounds": [{"w": 0.0, "d": 0.285255432, "p": 71, "v": 95}], "pos": -0.500000834, "size": 1.2, "_time": 76.27734, "shift": 0.0, "time": 76.27734}, {"$id": 247, "type": 0, "sounds": [{"w": 0.0, "d": 0.284935, "p": 83, "v": 97}], "pos": 1.12499928, "size": 1.1, "_time": 76.30078, "shift": 0.0, "time": 76.30078}, {"$id": 248, "type": 0, "sounds": [{"w": 0.0, "d": 0.279891968, "p": 71, "v": 104}], "pos": -0.500000834, "size": 1.2, "_time": 76.60156, "shift": 0.0, "time": 76.60156}, {"$id": 249, "type": 0, "sounds": [{"w": 0.0, "d": 0.279518127, "p": 83, "v": 101}], "pos": 1.12499928, "size": 1.1, "_time": 76.62109, "shift": 0.0, "time": 76.62109}, {"$id": 250, "type": 0, "sounds": [{"w": 0.0, "d": 0.2743454, "p": 81, "v": 113}], "pos": 1.84722161, "size": 1.0, "_time": 76.9375, "shift": 0.0, "time": 76.9375}, {"$id": 251, "type": 0, "sounds": [{"w": 0.0, "d": 0.272262573, "p": 79, "v": 118}], "pos": 0.597224236, "size": 1.0, "_time": 77.24609, "shift": 0.0, "time": 77.24609}, {"$id": 252, "type": 0, "sounds": [{"w": 0.0, "d": 0.281684875, "p": 78, "v": 119}], "pos": -0.6111127, "size": 1.0, "_time": 77.55469, "shift": 0.0, "time": 77.55469}, {"$id": 253, "type": 0, "sounds": [{"w": 0.0, "d": 0.3421173, "p": 76, "v": 110}], "pos": -1.72222257, "size": 1.0, "_time": 77.87109, "shift": 0.0, "time": 77.87109}, {"$id": 254, "type": 0, "sounds": [{"w": 0.0, "d": 0.3594284, "p": 67, "v": 102}], "pos": -0.8333331, "size": 1.2, "_time": 78.234375, "shift": 0.0, "time": 78.234375}, {"$id": 255, "type": 0, "sounds": [{"w": 0.0, "d": 0.360031128, "p": 79, "v": 100}], "pos": 1.68055463, "size": 1.2, "_time": 78.26172, "shift": 0.0, "time": 78.26172}, {"$id": 256, "type": 0, "sounds": [{"w": 0.0, "d": 0.6349182, "p": 66, "v": 108}, {"w": 0.01953125, "d": 0.952384949, "p": 78, "v": 108}], "pos": 0.861109555, "size": 1.2, "_time": 78.640625, "shift": 0.0, "time": 78.640625}, {"$id": 257, "type": 0, "sounds": [{"w": 0.0, "d": 0.3240738, "p": 42, "v": 98}], "pos": -1.27777767, "size": 1.1, "_time": 78.640625, "shift": 0.0, "time": 78.640625}, {"$id": 258, "type": 0, "sounds": [{"w": 0.0, "d": 0.343917847, "p": 47, "v": 89}], "pos": -0.6527777, "size": 1.1, "_time": 78.96094, "shift": 0.0, "time": 78.96094}, {"$id": 259, "type": 0, "sounds": [{"w": 0.0, "d": 0.317466736, "p": 51, "v": 71}], "pos": -0.152777672, "size": 1.1, "_time": 79.27734, "shift": 0.0, "time": 79.27734}, {"$id": 260, "type": 0, "sounds": [{"w": 0.0, "d": 0.241401672, "p": 71, "v": 85}], "pos": -1.52777839, "size": 1.2, "_time": 79.59375, "shift": 0.0, "time": 79.59375}, {"$id": 261, "type": 0, "sounds": [{"w": 0.0, "d": 1.26983643, "p": 54, "v": 55}], "pos": 0.7222214, "size": 1.0, "_time": 79.91016, "shift": 0.0, "time": 79.91016}, {"$id": 262, "type": 0, "sounds": [{"w": 0.0, "d": 1.26983643, "p": 71, "v": 67}], "pos": -1.52777839, "size": 1.2, "_time": 79.91016, "shift": 0.0, "time": 79.91016}, {"$id": 263, "type": 0, "sounds": [{"w": 0.0, "d": 0.3240738, "p": 42, "v": 74}], "pos": -0.1944437, "size": 1.1, "_time": 81.18359, "shift": 0.0, "time": 81.18359}, {"$id": 264, "type": 0, "sounds": [{"w": 0.0, "d": 0.3240738, "p": 47, "v": 65}], "pos": 0.4305563, "size": 1.1, "_time": 81.5, "shift": 0.0, "time": 81.5}, {"$id": 265, "type": 0, "sounds": [{"w": 0.0, "d": 0.241401672, "p": 71, "v": 69}], "pos": -1.68055558, "size": 1.1, "_time": 81.5, "shift": 0.0, "time": 81.5}, {"$id": 266, "type": 0, "sounds": [{"w": 0.0, "d": 0.3174591, "p": 51, "v": 57}], "pos": 0.9305563, "size": 1.1, "_time": 81.81641, "shift": 0.0, "time": 81.81641}, {"$id": 267, "type": 0, "sounds": [{"w": 0.0, "d": 0.3174591, "p": 71, "v": 72}], "pos": -1.68055558, "size": 1.1, "_time": 81.81641, "shift": 0.0, "time": 81.81641}, {"$id": 268, "type": 0, "sounds": [{"w": 0.0, "d": 0.261245728, "p": 81, "v": 76}], "pos": 1.65277672, "size": 1.0, "_time": 82.13281, "shift": 0.0, "time": 82.13281}, {"$id": 269, "type": 0, "sounds": [{"w": 0.0, "d": 0.3540039, "p": 81, "v": 105}], "pos": 1.62499952, "size": 1.0, "_time": 82.453125, "shift": 0.0, "time": 82.453125}, {"$id": 270, "type": 0, "sounds": [{"w": 0.0, "d": 0.262710571, "p": 80, "v": 96}], "pos": -0.6111114, "size": 1.0, "_time": 82.76953, "shift": 0.0, "time": 82.76953}, {"$id": 271, "type": 0, "sounds": [{"w": 0.0, "d": 0.37928772, "p": 80, "v": 100}], "pos": -0.6111114, "size": 1.0, "_time": 83.08984, "shift": 0.0, "time": 83.08984}, {"$id": 272, "type": 0, "sounds": [{"w": 0.0, "d": 0.364547729, "p": 78, "v": 109}], "pos": 1.0, "size": 1.0, "_time": 83.42969, "shift": 0.0, "time": 83.42969}, {"$id": 273, "type": 0, "sounds": [{"w": 0.0, "d": 0.9628601, "p": 75, "v": 121}], "pos": -1.20833409, "size": 1.30000007, "_time": 83.79297, "shift": 0.0, "time": 83.79297}, {"$id": 274, "type": 0, "sounds": [{"w": 0.0, "d": 0.294403076, "p": 44, "v": 113}], "pos": 0.638888836, "size": 1.30000007, "_time": 83.79297, "shift": 0.0, "time": 83.79297}, {"$id": 275, "type": 0, "sounds": [{"w": 0.0, "d": 0.2941208, "p": 48, "v": 101}], "pos": -1.52777815, "size": 1.0, "_time": 84.11328, "shift": 0.0, "time": 84.11328}, {"$id": 276, "type": 0, "sounds": [{"w": 0.0, "d": 0.2941208, "p": 54, "v": 85}], "pos": -1.02777863, "size": 1.0, "_time": 84.44531, "shift": 0.0, "time": 84.44531}, {"$id": 277, "type": 0, "sounds": [{"w": 0.0, "d": 0.2941208, "p": 56, "v": 86}], "pos": -0.527778149, "size": 1.0, "_time": 84.75391, "shift": 0.0, "time": 84.75391}, {"$id": 278, "type": 0, "sounds": [{"w": 0.0, "d": 0.247329712, "p": 72, "v": 83}], "pos": 1.08333325, "size": 1.1, "_time": 84.75391, "shift": 0.0, "time": 84.75391}, {"$id": 279, "type": 0, "sounds": [{"w": 0.0, "d": 1.28342438, "p": 72, "v": 80}], "pos": 1.08333325, "size": 1.1, "_time": 85.07422, "shift": 0.0, "time": 85.07422}, {"$id": 280, "type": 0, "sounds": [{"w": 0.0, "d": 0.454544067, "p": 56, "v": 79}], "pos": 0.611110032, "size": 1.0, "_time": 85.55859, "shift": 0.0, "time": 85.55859}, {"$id": 281, "type": 0, "sounds": [{"w": 0.0, "d": 0.2941208, "p": 54, "v": 102}], "pos": -0.19444555, "size": 1.0, "_time": 86.03906, "shift": 0.0, "time": 86.03906}, {"$id": 282, "type": 0, "sounds": [{"w": 0.0, "d": 0.3208542, "p": 44, "v": 107}], "pos": -1.19444513, "size": 1.0, "_time": 86.359375, "shift": 0.0, "time": 86.359375}, {"$id": 283, "type": 0, "sounds": [{"w": 0.0, "d": 0.320861816, "p": 48, "v": 88}], "pos": -1.88888931, "size": 1.1, "_time": 86.67969, "shift": 0.0, "time": 86.67969}, {"$id": 284, "type": 0, "sounds": [{"w": 0.0, "d": 0.2941208, "p": 72, "v": 100}], "pos": 0.05555606, "size": 1.2, "_time": 86.67969, "shift": 0.0, "time": 86.67969}, {"$id": 285, "type": 0, "sounds": [{"w": 0.0, "d": 0.2941208, "p": 72, "v": 81}], "pos": 0.05555606, "size": 1.1, "_time": 87.0, "shift": 0.0, "time": 87.0}, {"$id": 286, "type": 0, "sounds": [{"w": 0.0, "d": 0.254005432, "p": 72, "v": 91}], "pos": -0.5, "size": 1.2, "_time": 87.32031, "shift": 0.0, "time": 87.32031}, {"$id": 287, "type": 0, "sounds": [{"w": 0.0, "d": 0.254005432, "p": 84, "v": 91}], "pos": 1.694444, "size": 1.2, "_time": 87.34375, "shift": 0.0, "time": 87.34375}, {"$id": 288, "type": 0, "sounds": [{"w": 0.0, "d": 0.26877594, "p": 72, "v": 103}], "pos": -0.5, "size": 1.2, "_time": 87.64453, "shift": 0.0, "time": 87.64453}, {"$id": 289, "type": 0, "sounds": [{"w": 0.0, "d": 0.269561768, "p": 84, "v": 106}], "pos": 1.694444, "size": 1.2, "_time": 87.66406, "shift": 0.0, "time": 87.66406}, {"$id": 290, "type": 0, "sounds": [{"w": 0.0, "d": 0.283203125, "p": 81, "v": 84}], "pos": 1.04166615, "size": 1.0, "_time": 87.99219, "shift": 0.0, "time": 87.99219}, {"$id": 291, "type": 0, "sounds": [{"w": 0.0, "d": 0.2983017, "p": 80, "v": 100}], "pos": 0.249998033, "size": 1.0, "_time": 88.33594, "shift": 0.0, "time": 88.33594}, {"$id": 292, "type": 0, "sounds": [{"w": 0.0, "d": 0.315109253, "p": 78, "v": 103}], "pos": -0.6111113, "size": 1.0, "_time": 88.703125, "shift": 0.0, "time": 88.703125}, {"$id": 293, "type": 0, "sounds": [{"w": 0.0, "d": 1.29704285, "p": 64, "v": 104}, {"w": 0.0, "d": 0.305786133, "p": 49, "v": 95}], "pos": 0.611110866, "size": 1.0, "_time": 89.05859, "shift": 0.0, "time": 89.05859}, {"$id": 294, "type": 0, "sounds": [{"w": 0.0, "d": 1.29704285, "p": 76, "v": 113}], "pos": -1.38888943, "size": 1.30000007, "_time": 89.078125, "shift": 0.0, "time": 89.078125}, {"$id": 295, "type": 0, "sounds": [{"w": 0.0, "d": 0.32257843, "p": 49, "v": 95}], "pos": -0.652778, "size": 1.0, "_time": 89.37891, "shift": 0.0, "time": 89.37891}, {"$id": 296, "type": 0, "sounds": [{"w": 0.0, "d": 0.32257843, "p": 52, "v": 83}], "pos": 0.0833328962, "size": 1.0, "_time": 89.703125, "shift": 0.0, "time": 89.703125}, {"$id": 297, "type": 0, "sounds": [{"w": 0.0, "d": 0.32257843, "p": 54, "v": 95}], "pos": 0.6388891, "size": 1.0, "_time": 90.02344, "shift": 0.0, "time": 90.02344}, {"$id": 298, "type": 0, "sounds": [{"w": 0.0, "d": 0.324813843, "p": 56, "v": 105}], "pos": 0.222221971, "size": 1.0, "_time": 90.34766, "shift": 0.0, "time": 90.34766}, {"$id": 299, "type": 0, "sounds": [{"w": 0.0, "d": 0.332870483, "p": 52, "v": 95}], "pos": -0.277778029, "size": 1.0, "_time": 90.671875, "shift": 0.0, "time": 90.671875}, {"$id": 300, "type": 0, "sounds": [{"w": 0.0, "d": 0.335197449, "p": 47, "v": 78}], "pos": -0.902778, "size": 1.0, "_time": 91.00391, "shift": 0.0, "time": 91.00391}, {"$id": 301, "type": 0, "sounds": [{"w": 0.0, "d": 0.338233948, "p": 78, "v": 89}], "pos": -1.44444561, "size": 1.2, "_time": 91.36328, "shift": 0.0, "time": 91.36328}, {"$id": 302, "type": 0, "sounds": [{"w": 0.0, "d": 1.38368988, "p": 68, "v": 104}], "pos": -0.416666627, "size": 1.30000007, "_time": 91.67969, "shift": 0.0, "time": 91.67969}, {"$id": 303, "type": 0, "sounds": [{"w": 0.0, "d": 1.38305664, "p": 80, "v": 106}], "pos": 1.5, "size": 1.2, "_time": 91.69922, "shift": 0.0, "time": 91.69922}, {"$id": 304, "type": 0, "sounds": [{"w": 0.0, "d": 0.345169067, "p": 47, "v": 99}], "pos": 0.347221851, "size": 1.0, "_time": 92.01953, "shift": 0.0, "time": 92.01953}, {"$id": 305, "type": 0, "sounds": [{"w": 0.0, "d": 0.348510742, "p": 52, "v": 99}], "pos": 0.972221851, "size": 1.0, "_time": 92.36719, "shift": 0.0, "time": 92.36719}, {"$id": 306, "type": 0, "sounds": [{"w": 0.0, "d": 0.352149963, "p": 54, "v": 91}], "pos": 1.41666651, "size": 1.0, "_time": 92.71484, "shift": 0.0, "time": 92.71484}, {"$id": 307, "type": 0, "sounds": [{"w": 0.0, "d": 0.370361328, "p": 56, "v": 104}], "pos": 1.77777815, "size": 1.0, "_time": 93.06641, "shift": 0.0, "time": 93.06641}, {"$id": 308, "type": 0, "sounds": [{"w": 0.0, "d": 0.270927429, "p": 68, "v": 89}], "pos": 0.4444437, "size": 1.2, "_time": 93.390625, "shift": 0.0, "time": 93.390625}, {"$id": 309, "type": 0, "sounds": [{"w": 0.0, "d": 0.2724762, "p": 80, "v": 89}], "pos": -1.44444561, "size": 1.2, "_time": 93.41406, "shift": 0.0, "time": 93.41406}, {"$id": 310, "type": 0, "sounds": [{"w": 0.0, "d": 0.357330322, "p": 68, "v": 95}], "pos": 0.4444437, "size": 1.2, "_time": 93.72656, "shift": 0.0, "time": 93.72656}, {"$id": 311, "type": 0, "sounds": [{"w": 0.0, "d": 0.357955933, "p": 80, "v": 103}], "pos": -1.41666818, "size": 1.2, "_time": 93.74609, "shift": 0.0, "time": 93.74609}, {"$id": 312, "type": 0, "sounds": [{"w": 0.0, "d": 0.343833923, "p": 81, "v": 113}], "pos": 1.01388836, "size": 1.2, "_time": 94.10547, "shift": 0.0, "time": 94.10547}, {"$id": 313, "type": 0, "sounds": [{"w": 0.0, "d": 0.349739075, "p": 45, "v": 104}], "pos": -1.73611164, "size": 1.0, "_time": 94.44922, "shift": 0.0, "time": 94.44922}, {"$id": 314, "type": 0, "sounds": [{"w": 0.0, "d": 0.2885666, "p": 71, "v": 79}, {"w": 0.04296875, "d": 0.287460327, "p": 83, "v": 115}], "pos": 1.62499857, "size": 1.2, "_time": 94.44922, "shift": 0.0, "time": 94.44922}, {"$id": 315, "type": 0, "sounds": [{"w": 0.0, "d": 0.339653015, "p": 52, "v": 82}], "pos": -0.861111641, "size": 1.0, "_time": 94.80078, "shift": 0.0, "time": 94.80078}, {"$id": 316, "type": 0, "sounds": [{"w": 0.0, "d": 0.2794342, "p": 83, "v": 88}], "pos": 1.70833123, "size": 1.0, "_time": 94.83203, "shift": 0.0, "time": 94.83203}, {"$id": 317, "type": 0, "sounds": [{"w": 0.0, "d": 0.330116272, "p": 57, "v": 91}], "pos": -0.236111641, "size": 1.0, "_time": 95.13672, "shift": 0.0, "time": 95.13672}, {"$id": 318, "type": 0, "sounds": [{"w": 0.0, "d": 0.2717514, "p": 83, "v": 94}], "pos": 1.70833123, "size": 1.0, "_time": 95.16406, "shift": 0.0, "time": 95.16406}, {"$id": 319, "type": 0, "sounds": [{"w": 0.0, "d": 0.326423645, "p": 52, "v": 86}], "pos": -0.861111641, "size": 1.0, "_time": 95.46875, "shift": 0.0, "time": 95.46875}, {"$id": 320, "type": 0, "sounds": [{"w": 0.0, "d": 0.268562317, "p": 83, "v": 106}], "pos": 1.70833123, "size": 1.0, "_time": 95.484375, "shift": 0.0, "time": 95.484375}, {"$id": 321, "type": 0, "sounds": [{"w": 0.0, "d": 0.326080322, "p": 60, "v": 91}], "pos": 0.138888359, "size": 1.0, "_time": 95.796875, "shift": 0.0, "time": 95.796875}, {"$id": 322, "type": 0, "sounds": [{"w": 0.0, "d": 0.326080322, "p": 83, "v": 122}], "pos": 1.70833123, "size": 1.0, "_time": 95.80078, "shift": 0.0, "time": 95.80078}, {"$id": 323, "type": 0, "sounds": [{"w": 0.0, "d": 0.6521759, "p": 76, "v": 98}], "pos": -1.47222233, "size": 1.0, "_time": 96.140625, "shift": 0.0, "time": 96.140625}, {"$id": 324, "type": 0, "sounds": [{"w": 0.0, "d": 0.326087952, "p": 68, "v": 102}], "pos": -1.083334, "size": 1.30000007, "_time": 96.77344, "shift": 0.0, "time": 96.77344}, {"$id": 325, "type": 0, "sounds": [{"w": 0.0, "d": 0.326087952, "p": 80, "v": 107}], "pos": 1.52777708, "size": 1.2, "_time": 96.79297, "shift": 0.0, "time": 96.79297}, {"$id": 326, "type": 0, "sounds": [{"w": 0.0, "d": 1.30774689, "p": 66, "v": 85}], "pos": -1.11111188, "size": 1.30000007, "_time": 97.09766, "shift": 0.0, "time": 97.09766}, {"$id": 327, "type": 0, "sounds": [{"w": 0.0, "d": 1.30774689, "p": 78, "v": 91}], "pos": 0.999999344, "size": 1.2, "_time": 97.12109, "shift": 0.0, "time": 97.12109}, {"$id": 328, "type": 0, "sounds": [{"w": 0.0, "d": 0.326087952, "p": 80, "v": 57}], "pos": -1.333334, "size": 1.1, "_time": 99.078125, "shift": 0.0, "time": 99.078125}, {"$id": 329, "type": 0, "sounds": [{"w": 0.0, "d": 0.326087952, "p": 81, "v": 69}], "pos": 0.0694435239, "size": 1.1, "_time": 99.40234, "shift": 0.0, "time": 99.40234}, {"$id": 330, "type": 0, "sounds": [{"w": 0.0, "d": 0.295516968, "p": 44, "v": 80}], "pos": -1.69444513, "size": 1.0, "_time": 99.71484, "shift": 0.0, "time": 99.71484}, {"$id": 331, "type": 0, "sounds": [{"w": 0.0, "d": 0.234375, "p": 83, "v": 63}], "pos": 1.51388884, "size": 1.1, "_time": 99.74609, "shift": 0.0, "time": 99.74609}, {"$id": 332, "type": 0, "sounds": [{"w": 0.0, "d": 0.295516968, "p": 51, "v": 76}], "pos": -0.819445133, "size": 1.0, "_time": 100.042969, "shift": 0.0, "time": 100.042969}, {"$id": 333, "type": 0, "sounds": [{"w": 0.0, "d": 0.234375, "p": 83, "v": 71}], "pos": 1.51388884, "size": 1.0, "_time": 100.066406, "shift": 0.0, "time": 100.066406}, {"$id": 334, "type": 0, "sounds": [{"w": 0.0, "d": 0.295516968, "p": 56, "v": 82}], "pos": -0.194445133, "size": 1.0, "_time": 100.367188, "shift": 0.0, "time": 100.367188}, {"$id": 335, "type": 0, "sounds": [{"w": 0.0, "d": 0.234375, "p": 83, "v": 89}], "pos": 1.51388884, "size": 1.1, "_time": 100.367188, "shift": 0.0, "time": 100.367188}, {"$id": 336, "type": 0, "sounds": [{"w": 0.0, "d": 0.234375, "p": 71, "v": 104}], "pos": -1.375, "size": 1.30000007, "_time": 100.6875, "shift": 0.0, "time": 100.6875}, {"$id": 337, "type": 0, "sounds": [{"w": 0.0, "d": 0.234375, "p": 83, "v": 114}], "pos": 1.51388884, "size": 1.2, "_time": 100.691406, "shift": 0.0, "time": 100.691406}, {"$id": 338, "type": 0, "sounds": [{"w": 0.0, "d": 0.326087952, "p": 71, "v": 114}], "pos": -1.375, "size": 1.4000001, "_time": 101.011719, "shift": 0.0, "time": 101.011719}, {"$id": 339, "type": 0, "sounds": [{"w": 0.0, "d": 0.326087952, "p": 83, "v": 116}], "pos": 1.51388884, "size": 1.30000007, "_time": 101.019531, "shift": 0.0, "time": 101.019531}, {"$id": 340, "type": 0, "sounds": [{"w": 0.0, "d": 0.6521759, "p": 78, "v": 101}], "pos": -0.222222388, "size": 1.0, "_time": 101.359375, "shift": 0.0, "time": 101.359375}, {"$id": 341, "type": 0, "sounds": [{"w": 0.0, "d": 0.326087952, "p": 75, "v": 89}], "pos": -1.70833349, "size": 1.0, "_time": 102.011719, "shift": 0.0, "time": 102.011719}, {"$id": 342, "type": 0, "sounds": [{"w": 0.0, "d": 0.5231018, "p": 76, "v": 89}], "pos": 0.2499994, "size": 1.0, "_time": 102.320313, "shift": 0.0, "time": 102.320313}, {"$id": 343, "type": 0, "sounds": [{"w": 0.0, "d": 0.0543441772, "p": 76, "v": 45}], "pos": 0.0, "size": 1.90000021, "_time": 103.296875, "shift": 0.0, "time": 103.296875}, {"$id": 344, "type": 0, "sounds": [{"w": 0.0, "d": 0.0543441772, "p": 76, "v": 64}], "pos": 0.0, "size": 1.90000021, "_time": 103.402344, "shift": 0.0, "time": 103.402344}, {"$id": 345, "type": 0, "sounds": [{"w": 0.0, "d": 0.0543441772, "p": 76, "v": 84}], "pos": 0.0, "size": 1.90000021, "_time": 103.511719, "shift": 0.0, "time": 103.511719}, {"$id": 346, "type": 0, "sounds": [{"w": 0.0, "d": 0.210594177, "p": 76, "v": 117}], "pos": 0.0, "size": 1.90000021, "_time": 103.621094, "shift": 0.0, "time": 103.621094}, {"$id": 347, "type": 0, "sounds": [{"w": 0.0, "d": 0.210594177, "p": 68, "v": 104}], "pos": 1.86111116, "size": 1.0, "_time": 103.628906, "shift": 0.0, "time": 103.628906}, {"$id": 348, "type": 0, "sounds": [{"w": 0.0, "d": 0.210594177, "p": 75, "v": 98}], "pos": 0.861109734, "size": 1.0, "_time": 103.949219, "shift": 0.0, "time": 103.949219}, {"$id": 349, "type": 0, "sounds": [{"w": 0.0, "d": 0.210594177, "p": 73, "v": 101}], "pos": -1.31944537, "size": 1.1, "_time": 104.265625, "shift": 0.0, "time": 104.265625}, {"$id": 350, "type": 0, "sounds": [{"w": 0.0, "d": 0.210594177, "p": 75, "v": 101}], "pos": -0.29166773, "size": 1.1, "_time": 104.605469, "shift": 0.0, "time": 104.605469}, {"$id": 351, "type": 0, "sounds": [{"w": 0.0, "d": 0.7540817, "p": 76, "v": 105}], "pos": 0.6388883, "size": 1.1, "_time": 104.9375, "shift": 0.0, "time": 104.9375}, {"$id": 352, "type": 0, "sounds": [{"w": 0.0, "d": 0.0373687744, "p": 76, "v": 46}], "pos": 0.0, "size": 1.90000021, "_time": 105.902344, "shift": 0.0, "time": 105.902344}, {"$id": 353, "type": 0, "sounds": [{"w": 0.0, "d": 0.037361145, "p": 76, "v": 68}], "pos": 0.0, "size": 1.90000021, "_time": 106.011719, "shift": 0.0, "time": 106.011719}, {"$id": 354, "type": 0, "sounds": [{"w": 0.0, "d": 0.037361145, "p": 76, "v": 84}], "pos": 0.0, "size": 1.90000021, "_time": 106.121094, "shift": 0.0, "time": 106.121094}, {"$id": 355, "type": 0, "sounds": [{"w": 0.0, "d": 0.275138855, "p": 68, "v": 105}], "pos": -1.8055563, "size": 1.0, "_time": 106.230469, "shift": 0.0, "time": 106.230469}, {"$id": 356, "type": 0, "sounds": [{"w": 0.0, "d": 0.275138855, "p": 76, "v": 118}], "pos": 0.0, "size": 1.90000021, "_time": 106.230469, "shift": 0.0, "time": 106.230469}, {"$id": 357, "type": 0, "sounds": [{"w": 0.0, "d": 0.275138855, "p": 75, "v": 100}], "pos": -1.0, "size": 1.0, "_time": 106.554688, "shift": 0.0, "time": 106.554688}, {"$id": 358, "type": 0, "sounds": [{"w": 0.0, "d": 0.275131226, "p": 78, "v": 81}], "pos": 0.611109436, "size": 1.1, "_time": 106.878906, "shift": 0.0, "time": 106.878906}, {"$id": 359, "type": 0, "sounds": [{"w": 0.0, "d": 0.275138855, "p": 80, "v": 102}], "pos": 1.63888693, "size": 1.1, "_time": 107.21875, "shift": 0.0, "time": 107.21875}, {"$id": 360, "type": 0, "sounds": [{"w": 0.0, "d": 1.25340271, "p": 75, "v": 99}], "pos": -0.9027791, "size": 1.1, "_time": 107.535156, "shift": 0.0, "time": 107.535156}, {"$id": 361, "type": 0, "sounds": [{"w": 0.0, "d": 0.326087952, "p": 54, "v": 69}], "pos": 0.30555582, "size": 1.0, "_time": 107.859375, "shift": 0.0, "time": 107.859375}, {"$id": 362, "type": 0, "sounds": [{"w": 0.0, "d": 0.326087952, "p": 63, "v": 96}], "pos": 1.43055582, "size": 1.0, "_time": 108.1875, "shift": 0.0, "time": 108.1875}, {"$id": 363, "type": 0, "sounds": [{"w": 0.0, "d": 0.326087952, "p": 54, "v": 89}], "pos": -0.5000002, "size": 1.0, "_time": 108.523438, "shift": 0.0, "time": 108.523438}, {"$id": 364, "type": 0, "sounds": [{"w": 0.0, "d": 0.326087952, "p": 61, "v": 80}], "pos": 0.374999821, "size": 1.0, "_time": 108.839844, "shift": 0.0, "time": 108.839844}, {"$id": 365, "type": 0, "sounds": [{"w": 0.0, "d": 0.326087952, "p": 68, "v": 61}], "pos": -1.6944437, "size": 1.0, "_time": 109.164063, "shift": 0.0, "time": 109.164063}, {"$id": 366, "type": 0, "sounds": [{"w": 0.0, "d": 0.326087952, "p": 73, "v": 75}], "pos": 0.680556059, "size": 1.0, "_time": 109.492188, "shift": 0.0, "time": 109.492188}, {"$id": 367, "type": 0, "sounds": [{"w": 0.0, "d": 0.326087952, "p": 75, "v": 90}], "pos": -0.680554867, "size": 1.0, "_time": 109.816406, "shift": 0.0, "time": 109.816406}, {"$id": 368, "type": 0, "sounds": [{"w": 0.0, "d": 0.458564758, "p": 76, "v": 93}], "pos": 1.55555689, "size": 1.0, "_time": 110.144531, "shift": 0.0, "time": 110.144531}, {"$id": 369, "type": 0, "sounds": [{"w": 0.0, "d": 0.326087952, "p": 45, "v": 74}], "pos": -0.263888836, "size": 1.0, "_time": 110.144531, "shift": 0.0, "time": 110.144531}, {"$id": 370, "type": 0, "sounds": [{"w": 0.0, "d": 0.285331726, "p": 64, "v": 65}], "pos": 0.388888836, "size": 1.0, "_time": 110.46875, "shift": 0.0, "time": 110.46875}, {"$id": 371, "type": 0, "sounds": [{"w": 0.0, "d": 0.326087952, "p": 69, "v": 82}], "pos": -1.23611021, "size": 1.0, "_time": 110.773438, "shift": 0.0, "time": 110.773438}, {"$id": 372, "type": 0, "sounds": [{"w": 0.0, "d": 0.190216064, "p": 76, "v": 80}], "pos": -0.416666985, "size": 1.0, "_time": 111.121094, "shift": 0.0, "time": 111.121094}, {"$id": 373, "type": 0, "sounds": [{"w": 0.0, "d": 0.190216064, "p": 80, "v": 78}], "pos": 1.7222234, "size": 1.0, "_time": 111.128906, "shift": 0.0, "time": 111.128906}, {"$id": 374, "type": 0, "sounds": [{"w": 0.0, "d": 0.2921219, "p": 76, "v": 74}], "pos": -0.444445729, "size": 1.0, "_time": 111.449219, "shift": 0.0, "time": 111.449219}, {"$id": 375, "type": 0, "sounds": [{"w": 0.0, "d": 0.2921219, "p": 80, "v": 74}], "pos": 1.7222209, "size": 1.0, "_time": 111.492188, "shift": 0.0, "time": 111.492188}, {"$id": 376, "type": 0, "sounds": [{"w": 0.0, "d": 0.2921219, "p": 78, "v": 61}], "pos": 0.8333323, "size": 1.0, "_time": 111.773438, "shift": 0.0, "time": 111.773438}, {"$id": 377, "type": 0, "sounds": [{"w": 0.0, "d": 0.293403625, "p": 76, "v": 48}], "pos": -1.22222328, "size": 0.9, "_time": 112.097656, "shift": 0.0, "time": 112.097656}, {"$id": 378, "type": 0, "sounds": [{"w": 0.0, "d": 0.298728943, "p": 78, "v": 64}], "pos": -0.08333415, "size": 0.9, "_time": 112.425781, "shift": 0.0, "time": 112.425781}, {"$id": 379, "type": 0, "sounds": [{"w": 0.0, "d": 1.3952179, "p": 80, "v": 52}], "pos": 0.91666615, "size": 0.9, "_time": 112.761719, "shift": 0.0, "time": 112.761719}, {"$id": 380, "type": 0, "sounds": [{"w": 0.0, "d": 0.2026062, "p": 80, "v": 51}], "pos": -0.416666746, "size": 1.0, "_time": 114.511719, "shift": 0.0, "time": 114.511719}, {"$id": 381, "type": 0, "sounds": [{"w": 0.0, "d": 0.33140564, "p": 80, "v": 76}], "pos": -0.416666746, "size": 1.0, "_time": 114.839844, "shift": 0.0, "time": 114.839844}, {"$id": 382, "type": 0, "sounds": [{"w": 0.0, "d": 0.308769226, "p": 81, "v": 73}], "pos": 0.9166665, "size": 1.0, "_time": 115.171875, "shift": 0.0, "time": 115.171875}, {"$id": 383, "type": 0, "sounds": [{"w": 0.0, "d": 0.329666138, "p": 57, "v": 64}], "pos": -1.73611152, "size": 1.0, "_time": 115.480469, "shift": 0.0, "time": 115.480469}, {"$id": 384, "type": 0, "sounds": [{"w": 0.0, "d": 0.07898712, "p": 83, "v": 57}], "pos": 1.81944561, "size": 1.0, "_time": 115.5, "shift": 0.0, "time": 115.5}, {"$id": 385, "type": 0, "sounds": [{"w": 0.0, "d": 0.329673767, "p": 64, "v": 48}], "pos": -1.05555522, "size": 1.0, "_time": 115.808594, "shift": 0.0, "time": 115.808594}, {"$id": 386, "type": 0, "sounds": [{"w": 0.0, "d": 0.161399841, "p": 83, "v": 55}], "pos": 1.81944561, "size": 1.0, "_time": 115.832031, "shift": 0.0, "time": 115.832031}, {"$id": 387, "type": 0, "sounds": [{"w": 0.0, "d": 0.329673767, "p": 69, "v": 66}], "pos": -0.291666269, "size": 1.0, "_time": 116.140625, "shift": 0.0, "time": 116.140625}, {"$id": 388, "type": 0, "sounds": [{"w": 0.0, "d": 0.216346741, "p": 83, "v": 58}], "pos": 1.81944561, "size": 1.0, "_time": 116.160156, "shift": 0.0, "time": 116.160156}, {"$id": 389, "type": 0, "sounds": [{"w": 0.0, "d": 0.329673767, "p": 64, "v": 60}], "pos": -1.47222281, "size": 1.0, "_time": 116.46875, "shift": 0.0, "time": 116.46875}, {"$id": 390, "type": 0, "sounds": [{"w": 0.0, "d": 0.250686646, "p": 83, "v": 78}], "pos": 1.81944561, "size": 1.0, "_time": 116.492188, "shift": 0.0, "time": 116.492188}, {"$id": 391, "type": 0, "sounds": [{"w": 0.0, "d": 0.33997345, "p": 73, "v": 51}], "pos": -0.208333135, "size": 1.0, "_time": 116.765625, "shift": 0.0, "time": 116.765625}, {"$id": 392, "type": 0, "sounds": [{"w": 0.0, "d": 0.329666138, "p": 83, "v": 88}], "pos": 1.81944561, "size": 1.0, "_time": 116.832031, "shift": 0.0, "time": 116.832031}, {"$id": 393, "type": 0, "sounds": [{"w": 0.0, "d": 0.329673767, "p": 64, "v": 65}], "pos": -0.277778655, "size": 1.0, "_time": 117.164063, "shift": 0.0, "time": 117.164063}, {"$id": 394, "type": 0, "sounds": [{"w": 0.0, "d": 0.329666138, "p": 69, "v": 56}], "pos": 1.06944418, "size": 1.0, "_time": 117.46875, "shift": 0.0, "time": 117.46875}, {"$id": 395, "type": 0, "sounds": [{"w": 0.0, "d": 0.329666138, "p": 64, "v": 69}], "pos": -0.3333344, "size": 1.0, "_time": 117.789063, "shift": 0.0, "time": 117.789063}, {"$id": 396, "type": 0, "sounds": [{"w": 0.0, "d": 0.329673767, "p": 80, "v": 57}], "pos": 1.77777672, "size": 1.0, "_time": 117.808594, "shift": 0.0, "time": 117.808594}, {"$id": 397, "type": 0, "sounds": [{"w": 0.0, "d": 0.315933228, "p": 59, "v": 81}], "pos": -1.375, "size": 1.0, "_time": 118.117188, "shift": 0.0, "time": 118.117188}, {"$id": 398, "type": 0, "sounds": [{"w": 0.0, "d": 1.685646, "p": 78, "v": 73}], "pos": 0.6111088, "size": 1.0, "_time": 118.136719, "shift": 0.0, "time": 118.136719}, {"$id": 399, "type": 0, "sounds": [{"w": 0.0, "d": 0.329673767, "p": 66, "v": 64}], "pos": -0.222223341, "size": 1.0, "_time": 118.449219, "shift": 0.0, "time": 118.449219}, {"$id": 400, "type": 0, "sounds": [{"w": 0.0, "d": 0.295440674, "p": 75, "v": 51}], "pos": 1.81944418, "size": 1.0, "_time": 118.789063, "shift": 0.0, "time": 118.789063}, {"$id": 401, "type": 0, "sounds": [{"w": 0.0, "d": 0.337890625, "p": 66, "v": 44}], "pos": 0.3611107, "size": 1.0, "_time": 119.105469, "shift": 0.0, "time": 119.105469}, {"$id": 402, "type": 0, "sounds": [{"w": 0.0, "d": 0.333351135, "p": 59, "v": 36}], "pos": -0.7916671, "size": 1.0, "_time": 119.445313, "shift": 0.0, "time": 119.445313}, {"$id": 403, "type": 0, "sounds": [{"w": 0.0, "d": 0.229972839, "p": 35, "v": 74}], "pos": 3.375, "size": 1.0, "_time": 119.800781, "shift": 0.0, "time": 119.800781}, {"$id": 404, "type": 0, "sounds": [{"w": 0.0, "d": 0.7020874, "p": 75, "v": 75}], "pos": -1.59722281, "size": 1.0, "_time": 119.824219, "shift": 0.0, "time": 119.824219}, {"$id": 405, "type": 0, "sounds": [{"w": 0.0, "d": 0.6914139, "p": 35, "v": 111}], "pos": 3.375, "size": 1.0, "_time": 120.167969, "shift": 0.0, "time": 120.167969}, {"$id": 406, "type": 0, "sounds": [{"w": 0.0, "d": 0.6900482, "p": 47, "v": 109}], "pos": -0.4444437, "size": 1.50000012, "_time": 120.179688, "shift": 0.0, "time": 120.179688}, {"$id": 407, "type": 0, "sounds": [{"w": 0.0, "d": 0.3555374, "p": 87, "v": 102}], "pos": 1.73611009, "size": 1.50000012, "_time": 120.191406, "shift": 0.0, "time": 120.191406}, {"$id": 408, "type": 0, "sounds": [{"w": 0.0, "d": 0.33441925, "p": 73, "v": 117}], "pos": -0.958333969, "size": 1.0, "_time": 120.527344, "shift": 0.0, "time": 120.527344}, {"$id": 409, "type": 0, "sounds": [{"w": 0.0, "d": 0.3331375, "p": 85, "v": 113}], "pos": 0.9861103, "size": 1.30000007, "_time": 120.546875, "shift": 0.0, "time": 120.546875}, {"$id": 410, "type": 0, "sounds": [{"w": 0.0, "d": 0.30405426, "p": 71, "v": 112}], "pos": -1.31944525, "size": 1.50000012, "_time": 120.867188, "shift": 0.0, "time": 120.867188}, {"$id": 411, "type": 0, "sounds": [{"w": 0.0, "d": 0.324317932, "p": 83, "v": 109}], "pos": 0.2916662, "size": 1.50000012, "_time": 120.886719, "shift": 0.0, "time": 120.886719}, {"$id": 412, "type": 0, "sounds": [{"w": 0.0, "d": 0.162155151, "p": 85, "v": 80}], "pos": 1.51388741, "size": 1.0, "_time": 121.171875, "shift": 0.0, "time": 121.171875}, {"$id": 413, "type": 0, "sounds": [{"w": 0.0, "d": 0.405403137, "p": 83, "v": 96}], "pos": -0.236111283, "size": 1.0, "_time": 121.375, "shift": 0.0, "time": 121.375}, {"$id": 414, "type": 0, "sounds": [{"w": 0.0, "d": 0.2297287, "p": 83, "v": 70}], "pos": -0.208333969, "size": 1.0, "_time": 121.855469, "shift": 0.0, "time": 121.855469}, {"$id": 415, "type": 0, "sounds": [{"w": 0.0, "d": 0.324325562, "p": 83, "v": 86}], "pos": -0.208333969, "size": 1.0, "_time": 122.179688, "shift": 0.0, "time": 122.179688}, {"$id": 416, "type": 0, "sounds": [{"w": 0.0, "d": 0.283782959, "p": 80, "v": 110}], "pos": -1.72222257, "size": 1.30000007, "_time": 122.503906, "shift": 0.0, "time": 122.503906}, {"$id": 417, "type": 0, "sounds": [{"w": 0.0, "d": 0.168922424, "p": 71, "v": 80}], "pos": -1.84722233, "size": 1.4000001, "_time": 123.050781, "shift": 0.0, "time": 123.050781}, {"$id": 418, "type": 0, "sounds": [{"w": 0.0, "d": 0.168922424, "p": 83, "v": 82}], "pos": 0.208332717, "size": 1.30000007, "_time": 123.070313, "shift": 0.0, "time": 123.070313}, {"$id": 419, "type": 0, "sounds": [{"w": 0.0, "d": 0.162162781, "p": 73, "v": 104}], "pos": -1.09722257, "size": 1.4000001, "_time": 123.292969, "shift": 0.0, "time": 123.292969}, {"$id": 420, "type": 0, "sounds": [{"w": 0.0, "d": 0.162162781, "p": 85, "v": 104}], "pos": 1.0, "size": 1.30000007, "_time": 123.3125, "shift": 0.0, "time": 123.3125}, {"$id": 421, "type": 0, "sounds": [{"w": 0.0, "d": 0.6283798, "p": 74, "v": 117}], "pos": -0.5, "size": 1.4000001, "_time": 123.457031, "shift": 0.0, "time": 123.457031}, {"$id": 422, "type": 0, "sounds": [{"w": 0.0, "d": 0.614868164, "p": 86, "v": 115}], "pos": 1.47222185, "size": 1.30000007, "_time": 123.476563, "shift": 0.0, "time": 123.476563}, {"$id": 423, "type": 0, "sounds": [{"w": 0.0, "d": 0.5598068, "p": 88, "v": 97}], "pos": 1.833334, "size": 1.0, "_time": 124.164063, "shift": 0.0, "time": 124.164063}, {"$id": 424, "type": 0, "sounds": [{"w": 0.0, "d": 0.176689148, "p": 80, "v": 78}], "pos": -1.72222281, "size": 1.0, "_time": 124.601563, "shift": 0.0, "time": 124.601563}, {"$id": 425, "type": 0, "sounds": [{"w": 0.0, "d": 0.08647919, "p": 81, "v": 96}], "pos": 1.62499988, "size": 1.2, "_time": 124.789063, "shift": 0.0, "time": 124.789063}, {"$id": 426, "type": 0, "sounds": [{"w": 0.0, "d": 0.125, "p": 74, "v": 91}], "pos": 1.08333278, "size": 1.0, "_time": 124.914063, "shift": 0.0, "time": 124.914063}, {"$id": 427, "type": 0, "sounds": [{"w": 0.0, "d": 0.124320984, "p": 81, "v": 90}], "pos": 1.72222209, "size": 1.0, "_time": 125.039063, "shift": 0.0, "time": 125.039063}, {"$id": 428, "type": 0, "sounds": [{"w": 0.0, "d": 0.08509064, "p": 80, "v": 84}], "pos": -0.611111, "size": 1.2, "_time": 125.164063, "shift": 0.0, "time": 125.164063}, {"$id": 429, "type": 0, "sounds": [{"w": 0.0, "d": 0.123023987, "p": 74, "v": 77}], "pos": -1.25000107, "size": 1.0, "_time": 125.285156, "shift": 0.0, "time": 125.285156}, {"$id": 430, "type": 0, "sounds": [{"w": 0.0, "d": 0.122375488, "p": 80, "v": 84}], "pos": -0.5, "size": 1.0, "_time": 125.410156, "shift": 0.0, "time": 125.410156}, {"$id": 431, "type": 0, "sounds": [{"w": 0.0, "d": 0.0838470459, "p": 81, "v": 91}], "pos": 1.125, "size": 1.2, "_time": 125.53125, "shift": 0.0, "time": 125.53125}, {"$id": 432, "type": 0, "sounds": [{"w": 0.0, "d": 0.121124268, "p": 74, "v": 96}], "pos": 0.388888359, "size": 1.0, "_time": 125.652344, "shift": 0.0, "time": 125.652344}, {"$id": 433, "type": 0, "sounds": [{"w": 0.0, "d": 0.120475769, "p": 81, "v": 100}], "pos": 1.0, "size": 1.0, "_time": 125.773438, "shift": 0.0, "time": 125.773438}, {"$id": 434, "type": 0, "sounds": [{"w": 0.0, "d": 0.082359314, "p": 83, "v": 107}], "pos": -0.4027784, "size": 1.2, "_time": 125.894531, "shift": 0.0, "time": 125.894531}, {"$id": 435, "type": 0, "sounds": [{"w": 0.0, "d": 0.119178772, "p": 74, "v": 116}], "pos": -1.05555642, "size": 1.0, "_time": 126.015625, "shift": 0.0, "time": 126.015625}, {"$id": 436, "type": 0, "sounds": [{"w": 0.0, "d": 0.11252594, "p": 83, "v": 112}], "pos": -0.5, "size": 1.0, "_time": 126.132813, "shift": 0.0, "time": 126.132813}, {"$id": 437, "type": 0, "sounds": [{"w": 0.0, "d": 0.353263855, "p": 81, "v": 120}], "pos": 1.20833254, "size": 1.0, "_time": 126.246094, "shift": 0.0, "time": 126.246094}, {"$id": 438, "type": 0, "sounds": [{"w": 0.0, "d": 0.329483032, "p": 78, "v": 80}], "pos": -1.0555563, "size": 1.0, "_time": 126.574219, "shift": 0.0, "time": 126.574219}, {"$id": 439, "type": 0, "sounds": [{"w": 0.0, "d": 0.356658936, "p": 90, "v": 92}], "pos": 1.83333313, "size": 1.0, "_time": 126.898438, "shift": 0.0, "time": 126.898438}, {"$id": 440, "type": 0, "sounds": [{"w": 0.0, "d": 0.329483032, "p": 78, "v": 68}], "pos": -1.0555563, "size": 1.0, "_time": 127.226563, "shift": 0.0, "time": 127.226563}, {"$id": 441, "type": 0, "sounds": [{"w": 0.0, "d": 0.356071472, "p": 88, "v": 86}], "pos": 0.8888887, "size": 1.0, "_time": 127.550781, "shift": 0.0, "time": 127.550781}, {"$id": 442, "type": 0, "sounds": [{"w": 0.0, "d": 0.33846283, "p": 78, "v": 65}], "pos": -1.0555563, "size": 1.0, "_time": 127.875, "shift": 0.0, "time": 127.875}, {"$id": 443, "type": 0, "sounds": [{"w": 0.0, "d": 0.298583984, "p": 86, "v": 75}], "pos": 0.166666269, "size": 1.0, "_time": 128.203125, "shift": 0.0, "time": 128.203125}, {"$id": 444, "type": 0, "sounds": [{"w": 0.0, "d": 0.374649048, "p": 85, "v": 70}], "pos": -0.8194445, "size": 1.0, "_time": 128.539063, "shift": 0.0, "time": 128.539063}, {"$id": 445, "type": 0, "sounds": [{"w": 0.0, "d": 2.542328, "p": 47, "v": 57}], "pos": 0.7361102, "size": 1.0, "_time": 128.8789, "shift": 0.0, "time": 128.8789}, {"$id": 446, "type": 0, "sounds": [{"w": 0.0, "d": 0.8913269, "p": 83, "v": 45}], "pos": -1.65277851, "size": 1.0, "_time": 128.8789, "shift": 0.0, "time": 128.8789}, {"$id": 447, "type": 0, "sounds": [{"w": 0.0, "d": 2.462906, "p": 51, "v": 49}], "pos": 1.23611021, "size": 1.0, "_time": 128.9961, "shift": 0.0, "time": 128.9961}, {"$id": 448, "type": 0, "sounds": [{"w": 0.0, "d": 2.32829285, "p": 54, "v": 58}], "pos": 1.61111021, "size": 1.0, "_time": 129.109375, "shift": 0.0, "time": 129.109375}, {"$id": 449, "type": 0, "sounds": [{"w": 0.0, "d": 0.223724365, "p": 71, "v": 41}], "pos": -0.402777672, "size": 1.0, "_time": 129.898438, "shift": 0.0, "time": 129.898438}, {"$id": 450, "type": 0, "sounds": [{"w": 0.0, "d": 1.1703186, "p": 71, "v": 56}], "pos": -0.402777672, "size": 1.0, "_time": 130.273438, "shift": 0.0, "time": 130.273438}, {"$id": 451, "type": 0, "sounds": [{"w": 0.0, "d": 0.3985443, "p": 80, "v": 41}], "pos": 1.36111021, "size": 1.0, "_time": 131.847656, "shift": 0.0, "time": 131.847656}, {"$id": 452, "type": 0, "sounds": [{"w": 0.0, "d": 0.3862152, "p": 40, "v": 42}], "pos": -1.5555563, "size": 1.2, "_time": 131.847656, "shift": 0.0, "time": 131.847656}, {"$id": 453, "type": 0, "sounds": [{"w": 0.0, "d": 0.384307861, "p": 78, "v": 56}], "pos": 0.166666865, "size": 1.0, "_time": 132.2461, "shift": 0.0, "time": 132.2461}, {"$id": 454, "type": 0, "sounds": [{"w": 0.0, "d": 0.3362732, "p": 80, "v": 67}], "pos": -0.8055553, "size": 1.0, "_time": 132.632813, "shift": 0.0, "time": 132.632813}, {"$id": 455, "type": 0, "sounds": [{"w": 0.0, "d": 0.325469971, "p": 81, "v": 80}], "pos": 0.597222149, "size": 1.0, "_time": 132.96875, "shift": 0.0, "time": 132.96875}, {"$id": 456, "type": 0, "sounds": [{"w": 0.0, "d": 0.460281372, "p": 56, "v": 67}], "pos": -0.500000954, "size": 1.2, "_time": 133.285156, "shift": 0.0, "time": 133.285156}, {"$id": 457, "type": 0, "sounds": [{"w": 0.0, "d": 1.56530762, "p": 83, "v": 63}], "pos": 1.73611128, "size": 1.0, "_time": 133.292969, "shift": 0.0, "time": 133.292969}, {"$id": 458, "type": 0, "sounds": [{"w": 0.0, "d": 0.450378418, "p": 52, "v": 48}], "pos": 0.9722223, "size": 1.0, "_time": 133.761719, "shift": 0.0, "time": 133.761719}, {"$id": 459, "type": 0, "sounds": [{"w": 0.0, "d": 0.30178833, "p": 47, "v": 37}], "pos": -0.291666269, "size": 1.0, "_time": 134.222656, "shift": 0.0, "time": 134.222656}, {"$id": 460, "type": 0, "sounds": [{"w": 0.0, "d": 0.3242798, "p": 40, "v": 82}], "pos": -1.72222185, "size": 1.0, "_time": 134.535156, "shift": 0.0, "time": 134.535156}, {"$id": 461, "type": 0, "sounds": [{"w": 0.0, "d": 0.19984436, "p": 71, "v": 83}], "pos": -0.569444656, "size": 1.30000007, "_time": 134.859375, "shift": 0.0, "time": 134.859375}, {"$id": 462, "type": 0, "sounds": [{"w": 0.0, "d": 0.19921875, "p": 83, "v": 86}], "pos": 1.48611093, "size": 1.2, "_time": 134.8789, "shift": 0.0, "time": 134.8789}, {"$id": 463, "type": 0, "sounds": [{"w": 0.0, "d": 0.307952881, "p": 71, "v": 89}], "pos": -0.569444656, "size": 1.30000007, "_time": 135.1875, "shift": 0.0, "time": 135.1875}, {"$id": 464, "type": 0, "sounds": [{"w": 0.0, "d": 0.3080902, "p": 83, "v": 89}], "pos": 1.48611093, "size": 1.2, "_time": 135.207031, "shift": 0.0, "time": 135.207031}, {"$id": 465, "type": 0, "sounds": [{"w": 0.0, "d": 0.2987976, "p": 81, "v": 94}], "pos": 0.2916671, "size": 1.2, "_time": 135.542969, "shift": 0.0, "time": 135.542969}, {"$id": 466, "type": 0, "sounds": [{"w": 0.0, "d": 0.319396973, "p": 80, "v": 104}], "pos": -1.22222185, "size": 1.1, "_time": 135.8711, "shift": 0.0, "time": 135.8711}, {"$id": 467, "type": 0, "sounds": [{"w": 0.0, "d": 0.320098877, "p": 78, "v": 103}], "pos": 0.583333254, "size": 1.1, "_time": 136.222656, "shift": 0.0, "time": 136.222656}, {"$id": 468, "type": 0, "sounds": [{"w": 0.0, "d": 0.328735352, "p": 77, "v": 92}], "pos": -1.79166651, "size": 1.1, "_time": 136.574219, "shift": 0.0, "time": 136.574219}, {"$id": 469, "type": 0, "sounds": [{"w": 0.0, "d": 0.3662262, "p": 80, "v": 86}], "pos": 1.333334, "size": 1.1, "_time": 136.9375, "shift": 0.0, "time": 136.9375}, {"$id": 470, "type": 0, "sounds": [{"w": 0.0, "d": 0.7391052, "p": 66, "v": 92}], "pos": -1.13888931, "size": 1.1, "_time": 137.3125, "shift": 0.0, "time": 137.3125}, {"$id": 471, "type": 0, "sounds": [{"w": 0.0, "d": 0.754394531, "p": 78, "v": 90}], "pos": 0.5555558, "size": 1.1, "_time": 137.339844, "shift": 0.0, "time": 137.339844}, {"$id": 472, "type": 0, "sounds": [{"w": 0.0, "d": 0.303955078, "p": 73, "v": 78}], "pos": -0.5416671, "size": 1.0, "_time": 138.398438, "shift": 0.0, "time": 138.398438}, {"$id": 473, "type": 0, "sounds": [{"w": 0.0, "d": 1.31147766, "p": 73, "v": 70}], "pos": -0.5416671, "size": 1.0, "_time": 138.726563, "shift": 0.0, "time": 138.726563}, {"$id": 474, "type": 0, "sounds": [{"w": 0.0, "d": 0.3278656, "p": 42, "v": 76}], "pos": -0.583333, "size": 1.0, "_time": 140.039063, "shift": 0.0, "time": 140.039063}, {"$id": 475, "type": 0, "sounds": [{"w": 0.0, "d": 0.23223877, "p": 71, "v": 59}], "pos": -1.45833421, "size": 1.0, "_time": 140.355469, "shift": 0.0, "time": 140.355469}, {"$id": 476, "type": 0, "sounds": [{"w": 0.0, "d": 0.327880859, "p": 49, "v": 66}], "pos": 0.291666985, "size": 1.0, "_time": 140.367188, "shift": 0.0, "time": 140.367188}, {"$id": 477, "type": 0, "sounds": [{"w": 0.0, "d": 0.3278656, "p": 54, "v": 54}], "pos": 0.916667, "size": 1.0, "_time": 140.695313, "shift": 0.0, "time": 140.695313}, {"$id": 478, "type": 0, "sounds": [{"w": 0.0, "d": 0.3278656, "p": 71, "v": 63}], "pos": -1.45833421, "size": 1.0, "_time": 140.695313, "shift": 0.0, "time": 140.695313}, {"$id": 479, "type": 0, "sounds": [{"w": 0.0, "d": 0.242492676, "p": 83, "v": 67}], "pos": 1.18055439, "size": 1.0, "_time": 141.023438, "shift": 0.0, "time": 141.023438}, {"$id": 480, "type": 0, "sounds": [{"w": 0.0, "d": 0.327850342, "p": 83, "v": 93}], "pos": 1.18055439, "size": 1.1, "_time": 141.351563, "shift": 0.0, "time": 141.351563}, {"$id": 481, "type": 0, "sounds": [{"w": 0.0, "d": 0.331130981, "p": 81, "v": 82}], "pos": -0.152778387, "size": 1.1, "_time": 141.667969, "shift": 0.0, "time": 141.667969}, {"$id": 482, "type": 0, "sounds": [{"w": 0.0, "d": 0.364944458, "p": 49, "v": 91}], "pos": -0.763889551, "size": 1.2, "_time": 142.011719, "shift": 0.0, "time": 142.011719}, {"$id": 483, "type": 0, "sounds": [{"w": 0.0, "d": 0.364944458, "p": 80, "v": 90}], "pos": 1.222221, "size": 1.1, "_time": 142.011719, "shift": 0.0, "time": 142.011719}, {"$id": 484, "type": 0, "sounds": [{"w": 0.0, "d": 0.362915039, "p": 45, "v": 97}], "pos": -1.291668, "size": 1.2, "_time": 142.375, "shift": 0.0, "time": 142.375}, {"$id": 485, "type": 0, "sounds": [{"w": 0.0, "d": 0.362915039, "p": 78, "v": 96}], "pos": 0.444442868, "size": 1.1, "_time": 142.375, "shift": 0.0, "time": 142.375}, {"$id": 486, "type": 0, "sounds": [{"w": 0.0, "d": 0.9544678, "p": 75, "v": 102}], "pos": -0.152779162, "size": 1.1, "_time": 142.738281, "shift": 0.0, "time": 142.738281}, {"$id": 487, "type": 0, "sounds": [{"w": 0.0, "d": 0.326080322, "p": 44, "v": 101}], "pos": -1.75000048, "size": 1.2, "_time": 142.738281, "shift": 0.0, "time": 142.738281}, {"$id": 488, "type": 0, "sounds": [{"w": 0.0, "d": 0.326080322, "p": 51, "v": 99}], "pos": -1.15277767, "size": 1.0, "_time": 143.0625, "shift": 0.0, "time": 143.0625}, {"$id": 489, "type": 0, "sounds": [{"w": 0.0, "d": 0.326080322, "p": 56, "v": 79}], "pos": -0.249999881, "size": 1.0, "_time": 143.390625, "shift": 0.0, "time": 143.390625}, {"$id": 490, "type": 0, "sounds": [{"w": 0.0, "d": 0.251358032, "p": 68, "v": 75}], "pos": 0.638888836, "size": 1.0, "_time": 143.714844, "shift": 0.0, "time": 143.714844}, {"$id": 491, "type": 0, "sounds": [{"w": 0.0, "d": 0.251358032, "p": 71, "v": 71}], "pos": -0.8750012, "size": 1.0, "_time": 143.714844, "shift": 0.0, "time": 143.714844}, {"$id": 492, "type": 0, "sounds": [{"w": 0.0, "d": 1.30435181, "p": 68, "v": 69}], "pos": 0.638888836, "size": 1.0, "_time": 144.042969, "shift": 0.0, "time": 144.042969}, {"$id": 493, "type": 0, "sounds": [{"w": 0.0, "d": 1.30435181, "p": 71, "v": 67}], "pos": -0.8750012, "size": 1.0, "_time": 144.042969, "shift": 0.0, "time": 144.042969}, {"$id": 494, "type": 0, "sounds": [{"w": 0.0, "d": 0.326080322, "p": 44, "v": 100}], "pos": -1.77777767, "size": 1.0, "_time": 145.347656, "shift": 0.0, "time": 145.347656}, {"$id": 495, "type": 0, "sounds": [{"w": 0.0, "d": 0.326095581, "p": 51, "v": 93}], "pos": -1.73611093, "size": 1.0, "_time": 145.671875, "shift": 0.0, "time": 145.671875}, {"$id": 496, "type": 0, "sounds": [{"w": 0.0, "d": 0.298919678, "p": 71, "v": 89}], "pos": 0.583333731, "size": 1.0, "_time": 145.671875, "shift": 0.0, "time": 145.671875}, {"$id": 497, "type": 0, "sounds": [{"w": 0.0, "d": 0.326095581, "p": 56, "v": 82}], "pos": -1.11111093, "size": 1.0, "_time": 146.0, "shift": 0.0, "time": 146.0}, {"$id": 498, "type": 0, "sounds": [{"w": 0.0, "d": 0.298919678, "p": 71, "v": 71}], "pos": 0.583333731, "size": 1.0, "_time": 146.0, "shift": 0.0, "time": 146.0}, {"$id": 499, "type": 0, "sounds": [{"w": 0.0, "d": 0.203811646, "p": 71, "v": 80}], "pos": -0.291666985, "size": 1.0, "_time": 146.324219, "shift": 0.0, "time": 146.324219}, {"$id": 500, "type": 0, "sounds": [{"w": 0.0, "d": 0.203811646, "p": 83, "v": 82}], "pos": 1.65277767, "size": 1.0, "_time": 146.34375, "shift": 0.0, "time": 146.34375}, {"$id": 501, "type": 0, "sounds": [{"w": 0.0, "d": 0.3023224, "p": 71, "v": 93}], "pos": -0.291666985, "size": 1.0, "_time": 146.652344, "shift": 0.0, "time": 146.652344}, {"$id": 502, "type": 0, "sounds": [{"w": 0.0, "d": 0.302307129, "p": 83, "v": 91}], "pos": 1.65277767, "size": 1.0, "_time": 146.671875, "shift": 0.0, "time": 146.671875}, {"$id": 503, "type": 0, "sounds": [{"w": 0.0, "d": 0.302307129, "p": 81, "v": 70}], "pos": 0.263889074, "size": 1.0, "_time": 146.9961, "shift": 0.0, "time": 146.9961}, {"$id": 504, "type": 0, "sounds": [{"w": 0.0, "d": 0.302307129, "p": 80, "v": 63}], "pos": -1.30555558, "size": 1.0, "_time": 147.324219, "shift": 0.0, "time": 147.324219}, {"$id": 505, "type": 0, "sounds": [{"w": 0.0, "d": 0.203811646, "p": 78, "v": 73}], "pos": 0.7499999, "size": 1.0, "_time": 147.648438, "shift": 0.0, "time": 147.648438}, {"$id": 506, "type": 0, "sounds": [{"w": 0.0, "d": 0.3294983, "p": 43, "v": 80}], "pos": -1.18055534, "size": 1.30000007, "_time": 147.957031, "shift": 0.0, "time": 147.957031}, {"$id": 507, "type": 0, "sounds": [{"w": 0.0, "d": 1.34172058, "p": 78, "v": 77}], "pos": 0.69444406, "size": 1.0, "_time": 147.976563, "shift": 0.0, "time": 147.976563}, {"$id": 508, "type": 0, "sounds": [{"w": 0.0, "d": 0.326095581, "p": 50, "v": 84}], "pos": -0.5277772, "size": 1.2, "_time": 148.28125, "shift": 0.0, "time": 148.28125}, {"$id": 509, "type": 0, "sounds": [{"w": 0.0, "d": 0.326080322, "p": 55, "v": 79}], "pos": 0.236111522, "size": 1.1, "_time": 148.609375, "shift": 0.0, "time": 148.609375}, {"$id": 510, "type": 0, "sounds": [{"w": 0.0, "d": 0.326080322, "p": 57, "v": 84}], "pos": 0.569444656, "size": 1.0, "_time": 148.9336, "shift": 0.0, "time": 148.9336}, {"$id": 511, "type": 0, "sounds": [{"w": 0.0, "d": 0.327438354, "p": 59, "v": 73}], "pos": 0.819444656, "size": 1.0, "_time": 149.257813, "shift": 0.0, "time": 149.257813}, {"$id": 512, "type": 0, "sounds": [{"w": 0.0, "d": 0.332870483, "p": 57, "v": 68}], "pos": 0.486111522, "size": 1.0, "_time": 149.585938, "shift": 0.0, "time": 149.585938}, {"$id": 513, "type": 0, "sounds": [{"w": 0.0, "d": 0.335205078, "p": 55, "v": 52}], "pos": -0.180556238, "size": 1.0, "_time": 149.921875, "shift": 0.0, "time": 149.921875}, {"$id": 514, "type": 0, "sounds": [{"w": 0.0, "d": 0.339111328, "p": 43, "v": 77}], "pos": -1.18055534, "size": 1.30000007, "_time": 150.2539, "shift": 0.0, "time": 150.2539}, {"$id": 515, "type": 0, "sounds": [{"w": 0.0, "d": 0.35289, "p": 45, "v": 85}], "pos": -0.124999344, "size": 1.30000007, "_time": 150.59375, "shift": 0.0, "time": 150.59375}, {"$id": 516, "type": 0, "sounds": [{"w": 0.0, "d": 0.3674469, "p": 52, "v": 77}], "pos": 0.194444031, "size": 1.1, "_time": 150.945313, "shift": 0.0, "time": 150.945313}, {"$id": 517, "type": 0, "sounds": [{"w": 0.0, "d": 0.383239746, "p": 57, "v": 57}], "pos": 0.6527778, "size": 1.0, "_time": 151.3164, "shift": 0.0, "time": 151.3164}, {"$id": 518, "type": 0, "sounds": [{"w": 0.0, "d": 0.400482178, "p": 59, "v": 47}], "pos": 1.18055451, "size": 1.0, "_time": 151.699219, "shift": 0.0, "time": 151.699219}, {"$id": 519, "type": 0, "sounds": [{"w": 0.0, "d": 2.01231384, "p": 61, "v": 48}], "pos": 1.56944561, "size": 1.0, "_time": 152.097656, "shift": 0.0, "time": 152.097656}, {"$id": 520, "type": 0, "sounds": [{"w": 0.0, "d": 2.01231384, "p": 69, "v": 33}], "pos": -1.12500036, "size": 0.9, "_time": 152.097656, "shift": 0.0, "time": 152.097656}, {"$id": 521, "type": 0, "sounds": [{"w": 0.0, "d": 2.02009583, "p": 71, "v": 45}], "pos": -0.569445252, "size": 0.9, "_time": 152.132813, "shift": 0.0, "time": 152.132813}, {"$id": 522, "type": 0, "sounds": [{"w": 0.0, "d": 0.3242035, "p": 38, "v": 29}], "pos": -2.0, "size": 1.2, "_time": 155.792969, "shift": 0.0, "time": 155.792969}, {"$id": 523, "type": 0, "sounds": [{"w": 0.0, "d": 0.37953186, "p": 45, "v": 30}], "pos": 0.3611107, "size": 1.2, "_time": 156.070313, "shift": 0.0, "time": 156.070313}, {"$id": 524, "type": 0, "sounds": [{"w": 0.0, "d": 0.3215332, "p": 50, "v": 38}], "pos": -1.47222245, "size": 1.2, "_time": 156.351563, "shift": 0.0, "time": 156.351563}, {"$id": 525, "type": 0, "sounds": [{"w": 0.0, "d": 0.411849976, "p": 52, "v": 42}], "pos": -0.111111283, "size": 1.1, "_time": 156.671875, "shift": 0.0, "time": 156.671875}, {"$id": 526, "type": 0, "sounds": [{"w": 0.0, "d": 0.466033936, "p": 54, "v": 56}], "pos": -0.972221434, "size": 1.1, "_time": 157.085938, "shift": 0.0, "time": 157.085938}, {"$id": 527, "type": 0, "sounds": [{"w": 0.0, "d": 0.476882935, "p": 55, "v": 51}], "pos": 1.01388907, "size": 1.0, "_time": 157.550781, "shift": 0.0, "time": 157.550781}, {"$id": 528, "type": 0, "sounds": [{"w": 0.0, "d": 0.545516968, "p": 57, "v": 43}], "pos": 0.26388824, "size": 1.0, "_time": 158.027344, "shift": 0.0, "time": 158.027344}, {"$id": 529, "type": 0, "sounds": [{"w": 0.0, "d": 0.8670502, "p": 62, "v": 28}], "pos": 1.25000024, "size": 1.0, "_time": 158.574219, "shift": 0.0, "time": 158.574219}, {"$id": 530, "type": 0, "sounds": [{"w": 0.0, "d": 0.9537506, "p": 64, "v": 21}], "pos": 1.3333329, "size": 1.0, "_time": 159.4414, "shift": 0.0, "time": 159.4414}, {"$id": 531, "type": 0, "sounds": [{"w": 0.0, "d": 8.070801, "p": 66, "v": 10}], "pos": 1.63888872, "size": 0.6999999, "_time": 160.394531, "shift": 0.0, "time": 160.394531}, {"$id": 532, "type": 0, "sounds": [{"w": 0.0, "d": 6.849701, "p": 78, "v": 20}], "pos": 1.333334, "size": 0.700000048, "_time": 161.703125, "shift": 0.0, "time": 161.703125}, {"$id": 533, "type": 0, "sounds": [{"w": 0.0, "d": 6.849701, "p": 86, "v": 31}], "pos": 1.88888812, "size": 0.6999999, "_time": 161.730469, "shift": 0.0, "time": 161.730469}], "links": [{"notes": [{"$ref": 71}, {"$ref": 72}]}, {"notes": [{"$ref": 149}, {"$ref": 150}]}, {"notes": [{"$ref": 205}, {"$ref": 206}]}, {"notes": [{"$ref": 429}, {"$ref": 430}]}, {"notes": [{"$ref": 521}, {"$ref": 533}]}, {"notes": [{"$ref": 419}, {"$ref": 420}, {"$ref": 421}, {"$ref": 422}]}, {"notes": [{"$ref": 25}, {"$ref": 26}]}, {"notes": [{"$ref": 41}, {"$ref": 42}]}, {"notes": [{"$ref": 61}, {"$ref": 62}, {"$ref": 63}, {"$ref": 64}, {"$ref": 65}, {"$ref": 66}, {"$ref": 67}, {"$ref": 68}]}, {"notes": [{"$ref": 81}, {"$ref": 83}]}, {"notes": [{"$ref": 94}, {"$ref": 95}, {"$ref": 96}, {"$ref": 97}, {"$ref": 98}, {"$ref": 99}, {"$ref": 100}, {"$ref": 101}]}, {"notes": [{"$ref": 115}, {"$ref": 116}, {"$ref": 117}, {"$ref": 118}]}, {"notes": [{"$ref": 144}, {"$ref": 146}]}, {"notes": [{"$ref": 209}, {"$ref": 210}, {"$ref": 211}, {"$ref": 212}]}, {"notes": [{"$ref": 258}, {"$ref": 259}]}, {"notes": [{"$ref": 264}, {"$ref": 266}]}, {"notes": [{"$ref": 275}, {"$ref": 276}, {"$ref": 277}]}, {"notes": [{"$ref": 295}, {"$ref": 296}, {"$ref": 297}, {"$ref": 298}, {"$ref": 299}, {"$ref": 300}]}, {"notes": [{"$ref": 304}, {"$ref": 305}, {"$ref": 306}, {"$ref": 307}]}, {"notes": [{"$ref": 315}, {"$ref": 317}, {"$ref": 319}, {"$ref": 321}]}, {"notes": [{"$ref": 332}, {"$ref": 334}]}, {"notes": [{"$ref": 432}, {"$ref": 433}]}, {"notes": [{"$ref": 426}, {"$ref": 427}]}, {"notes": [{"$ref": 435}, {"$ref": 436}]}, {"notes": [{"$ref": 445}, {"$ref": 447}, {"$ref": 448}]}, {"notes": [{"$ref": 476}, {"$ref": 477}]}, {"notes": [{"$ref": 488}, {"$ref": 489}]}, {"notes": [{"$ref": 508}, {"$ref": 509}, {"$ref": 510}, {"$ref": 511}, {"$ref": 512}, {"$ref": 513}]}, {"notes": [{"$ref": 516}, {"$ref": 517}, {"$ref": 518}, {"$ref": 519}]}]}