{"speed": 11.74, "notes": [{"$id": 1, "sounds": [{"d": 0.0548782349, "p": 33, "v": 104}], "pos": -1.5, "size": 2.0, "_time": 7.46875}, {"$id": 2, "sounds": [{"d": 0.07317066, "p": 45, "v": 100}], "pos": 1.0, "size": 2.0, "_time": 7.4765625}, {"$id": 3, "sounds": [{"d": 0.7698164, "p": 74, "v": 98}, {"w": 0.0078125, "d": 0.652438164, "p": 57, "v": 88}, {"w": 0.0078125, "d": 0.7637186, "p": 83, "v": 95}, {"w": 0.01171875, "d": 0.634145737, "p": 69, "v": 98}, {"w": 0.015625, "d": 0.754572868, "p": 88, "v": 84}, {"w": 0.015625, "d": 0.7469511, "p": 81, "v": 93}], "pos": 1.5, "size": 2.0, "_time": 8.421875}, {"$id": 4, "sounds": [{"d": 0.144815445, "p": 63, "v": 104}], "pos": -1.5, "size": 2.0, "_time": 10.5820313}, {"$id": 5, "sounds": [{"d": 0.160059929, "p": 58, "v": 95}, {"d": 0.07012081, "p": 67, "v": 73}, {"w": 0.00390625, "d": 0.175304413, "p": 46, "v": 104}, {"w": 0.00390625, "d": 0.190547943, "p": 75, "v": 95}], "pos": 1.5, "size": 2.0, "_time": 10.59375}, {"$id": 6, "sounds": [{"d": 0.231707573, "p": 63, "v": 102}], "pos": -1.5, "size": 2.0, "_time": 11.2695313}, {"$id": 7, "sounds": [{"d": 0.198170662, "p": 67, "v": 90}, {"w": 0.00390625, "d": 0.2621956, "p": 79, "v": 104}, {"w": 0.00390625, "d": 0.207317352, "p": 72, "v": 100}, {"w": 0.0078125, "d": 0.300305367, "p": 51, "v": 100}], "pos": 1.5, "size": 2.0, "_time": 11.2734375}, {"$id": 8, "sounds": [{"d": 0.05945015, "p": 65, "v": 106}, {"w": 0.0078125, "d": 0.106706619, "p": 77, "v": 102}, {"w": 0.0078125, "d": 0.0624990463, "p": 72, "v": 104}, {"w": 0.015625, "d": 0.06402397, "p": 61, "v": 104}, {"w": 0.01953125, "d": 0.06707287, "p": 49, "v": 109}], "size": 2.0, "_time": 12.0546875, "pos": 0}, {"$id": 9, "sounds": [{"d": 1.12347412, "p": 76, "v": 102}, {"w": 0.00390625, "d": 0.9832306, "p": 69, "v": 104}, {"w": 0.0078125, "d": 1.03048611, "p": 64, "v": 106}], "pos": 1.5, "size": 2.0, "_time": 13.1171875}, {"$id": 10, "sounds": [{"d": 1.46798611, "p": 33, "v": 109}, {"d": 0.408535957, "p": 45, "v": 95}], "pos": -1.5, "size": 2.0, "_time": 13.125}, {"$id": 11, "sounds": [{"d": 0.5792675, "p": 45, "v": 112}], "pos": 1.0, "size": 1.0, "_time": 13.6523438}, {"$id": 12, "sounds": [{"d": 0.239329338, "p": 52, "v": 109}], "pos": -2.0, "size": 1.0, "_time": 14.1210938}, {"$id": 13, "sounds": [{"d": 0.182926178, "p": 59, "v": 98}], "pos": 1.0, "size": 1.0, "_time": 14.4648438}, {"$id": 14, "sounds": [{"d": 0.149390221, "p": 57, "v": 90}], "pos": -1.0, "size": 1.0, "_time": 14.7304688}, {"$id": 15, "sounds": [{"d": 0.176829338, "p": 52, "v": 102}], "pos": 0.5, "size": 1.0, "_time": 14.9726563}, {"$id": 16, "sounds": [{"d": 0.137194633, "p": 57, "v": 90}], "pos": -2.0, "size": 1.0, "_time": 15.1875}, {"$id": 17, "sounds": [{"d": 0.05792713, "p": 59, "v": 93}], "size": 1.0, "_time": 15.3710938, "pos": 0}, {"$id": 18, "sounds": [{"d": 0.144817352, "p": 71, "v": 106}], "pos": -1.5, "size": 1.0, "_time": 15.578125}, {"$id": 19, "sounds": [{"d": 0.117378235, "p": 69, "v": 86}], "pos": 1.5, "size": 1.0, "_time": 15.7578125}, {"$id": 20, "sounds": [{"d": 0.149390221, "p": 64, "v": 106}], "pos": -0.5, "size": 1.0, "_time": 15.953125}, {"$id": 21, "sounds": [{"d": 0.103658676, "p": 69, "v": 104}], "pos": 1.0, "size": 1.0, "_time": 16.1015625}, {"$id": 22, "sounds": [{"d": 0.1478653, "p": 71, "v": 102}], "pos": -2.0, "size": 1.0, "_time": 16.234375}, {"$id": 23, "sounds": [{"d": 0.135671616, "p": 83, "v": 93}], "pos": 1.5, "size": 1.0, "_time": 16.4023438}, {"$id": 24, "sounds": [{"d": 0.17225647, "p": 81, "v": 103}], "pos": -1.0, "size": 1.0, "_time": 16.53125}, {"$id": 25, "sounds": [{"d": 0.146341324, "p": 76, "v": 93}], "pos": 0.5, "size": 1.0, "_time": 16.6875}, {"$id": 26, "sounds": [{"d": 0.135671616, "p": 81, "v": 100}], "pos": -1.5, "size": 1.0, "_time": 16.8203125}, {"$id": 27, "sounds": [{"d": 0.129573822, "p": 83, "v": 90}], "pos": 1.0, "size": 1.0, "_time": 16.9140625}, {"$id": 28, "sounds": [{"d": 0.146341324, "p": 95, "v": 84}], "pos": -0.5, "size": 1.0, "_time": 17.078125}, {"$id": 29, "sounds": [{"d": 0.114328384, "p": 93, "v": 73}], "pos": 2.0, "size": 1.0, "_time": 17.2148438}, {"$id": 30, "sounds": [{"d": 0.13719368, "p": 86, "v": 119}], "pos": -2.0, "size": 1.0, "_time": 17.359375}, {"$id": 31, "sounds": [{"d": 0.134145737, "p": 91, "v": 93}], "pos": 0.5, "size": 1.0, "_time": 17.46875}, {"$id": 32, "sounds": [{"d": 0.06402397, "p": 93, "v": 95}], "pos": -1.5, "size": 1.0, "_time": 17.609375}, {"$id": 33, "sounds": [{"d": 0.07164574, "p": 100, "v": 118}], "pos": 1.5, "size": 1.0, "_time": 17.7773438}, {"$id": 34, "sounds": [{"d": 0.06554794, "p": 107, "v": 118}], "size": 1.0, "_time": 17.984375, "pos": 0}, {"$id": 35, "sounds": [{"d": 0.0625, "p": 105, "v": 122}], "pos": -2.0, "size": 1.0, "_time": 18.2617188}, {"$id": 36, "sounds": [{"d": 0.057926178, "p": 100, "v": 125}], "pos": 1.0, "size": 1.0, "_time": 18.609375}, {"$id": 37, "sounds": [{"d": 0.7149391, "p": 41, "v": 85}], "pos": -1.0, "size": 1.0, "_time": 20.4375}, {"$id": 38, "sounds": [{"d": 0.152439117, "p": 74, "v": 101}], "pos": 1.0, "size": 1.0, "_time": 21.9335938}, {"$id": 39, "sounds": [{"d": 0.2606697, "p": 79, "v": 104}], "pos": -0.5, "size": 1.0, "_time": 22.5}, {"$id": 40, "sounds": [{"d": 0.9192085, "p": 71, "v": 107}], "pos": -0.5, "size": 1.0, "_time": 23.2304688}, {"$id": 41, "sounds": [{"d": 0.417682648, "p": 62, "v": 61}], "pos": 1.5, "size": 1.0, "_time": 23.3945313}, {"$id": 42, "sounds": [{"d": 0.6067085, "p": 45, "v": 67}], "pos": -1.5, "size": 1.0, "_time": 23.421875}, {"$id": 43, "sounds": [{"d": 0.0426826477, "p": 57, "v": 48}], "pos": -2.0, "size": 1.0, "_time": 24.1445313}, {"$id": 44, "sounds": [{"d": 0.144817352, "p": 62, "v": 64}], "pos": -0.5, "size": 1.0, "_time": 24.328125}, {"$id": 45, "sounds": [{"d": 0.160060883, "p": 67, "v": 54}], "pos": 0.5, "size": 1.0, "_time": 24.5117188}, {"$id": 46, "sounds": [{"d": 0.0381088257, "p": 71, "v": 74}], "pos": 1.5, "size": 1.0, "_time": 24.6953125}, {"$id": 47, "sounds": [{"d": 0.0381088257, "p": 76, "v": 67}], "pos": 0.5, "size": 1.0, "_time": 24.8789063}, {"$id": 48, "sounds": [{"d": 0.06859779, "p": 79, "v": 94}], "pos": -0.5, "size": 1.0, "_time": 25.0625}, {"$id": 49, "sounds": [{"d": 0.07774353, "p": 83, "v": 104}], "pos": -2.0, "size": 1.0, "_time": 25.2421875}, {"$id": 50, "sounds": [{"d": 0.08231735, "p": 81, "v": 107}], "pos": -0.5, "size": 1.0, "_time": 25.4257813}, {"$id": 51, "sounds": [{"d": 0.03353691, "p": 79, "v": 72}], "pos": 0.5, "size": 1.0, "_time": 25.609375}, {"$id": 52, "sounds": [{"d": 0.057926178, "p": 76, "v": 78}], "pos": -1.5, "size": 1.0, "_time": 25.7929688}, {"$id": 53, "sounds": [{"d": 0.09298706, "p": 72, "v": 90}], "pos": 1.0, "size": 1.0, "_time": 25.9765625}, {"$id": 54, "sounds": [{"d": 0.0564022064, "p": 71, "v": 72}], "pos": -0.5, "size": 1.0, "_time": 26.1601563}, {"$id": 55, "sounds": [{"d": 1.07164574, "p": 69, "v": 94}], "pos": -2.0, "size": 1.0, "_time": 26.3398438}, {"$id": 56, "sounds": [{"d": 0.2560978, "p": 41, "v": 90}], "pos": 1.5, "size": 1.0, "_time": 26.3398438}, {"$id": 57, "sounds": [{"d": 0.393293381, "p": 67, "v": 98}], "pos": 1.0, "size": 1.0, "_time": 27.8046875}, {"$id": 58, "sounds": [{"d": 0.355182648, "p": 74, "v": 92}], "pos": -1.0, "size": 1.0, "_time": 28.3554688}, {"$id": 59, "sounds": [{"d": 0.355182648, "p": 77, "v": 107}], "pos": 1.5, "size": 1.0, "_time": 28.71875}, {"$id": 60, "pos": 1.0, "size": 2.0, "_time": 29.28125}, {"$id": 61, "sounds": [{"d": 1.35060883, "p": 53, "v": 64}], "pos": -1.0, "size": 2.0, "_time": 29.2851563}, {"$id": 62, "sounds": [{"d": 1.56707191, "p": 52, "v": 62}], "pos": -1.0, "size": 1.0, "_time": 30.7304688}, {"$id": 63, "sounds": [{"d": 1.25762177, "p": 71, "v": 98}], "pos": 1.5, "size": 1.0, "_time": 30.7539063}, {"$id": 64, "size": 1.0, "_time": 30.9804688, "pos": 0}, {"$id": 65, "pos": -2.0, "size": 1.0, "_time": 31.1289063}, {"$id": 66, "pos": 1.5, "size": 1.0, "_time": 31.3085938}, {"$id": 67, "pos": -0.5, "size": 1.0, "_time": 31.5507813}, {"$id": 68, "pos": -1.0, "size": 1.0, "_time": 32.2109375}, {"$id": 69, "pos": 1.5, "size": 1.0, "_time": 32.3984375}, {"$id": 70, "pos": -1.0, "size": 1.0, "_time": 32.5703125}, {"$id": 71, "pos": 0.5, "size": 1.0, "_time": 32.76172}, {"$id": 72, "pos": -1.0, "size": 1.0, "_time": 32.9414063}, {"$id": 73, "pos": 1.5, "size": 1.0, "_time": 33.1210938}, {"$id": 74, "pos": -1.0, "size": 1.0, "_time": 33.30078}, {"$id": 75, "pos": 0.5, "size": 1.0, "_time": 33.48828}, {"$id": 76, "pos": -1.0, "size": 1.0, "_time": 33.671875}, {"$id": 77, "pos": 1.0, "size": 1.0, "_time": 33.8710938}, {"$id": 78, "pos": -1.0, "size": 1.0, "_time": 34.03125}, {"$id": 79, "pos": 0.5, "size": 1.0, "_time": 34.21875}, {"$id": 80, "pos": 2.0, "size": 1.0, "_time": 34.4023438}, {"$id": 81, "pos": -1.0, "size": 1.0, "_time": 34.4101563}, {"$id": 82, "pos": 1.5, "size": 1.0, "_time": 34.76953}, {"$id": 83, "pos": -1.0, "size": 1.0, "_time": 34.94922}, {"$id": 84, "pos": 1.5, "size": 1.0, "_time": 35.1289063}, {"$id": 85, "pos": -0.5, "size": 1.0, "_time": 35.328125}, {"$id": 86, "pos": 1.5, "size": 1.0, "_time": 35.5}, {"$id": 87, "pos": -1.5, "size": 1.0, "_time": 35.6914063}, {"$id": 88, "pos": 1.5, "size": 1.0, "_time": 35.8710938}, {"$id": 89, "size": 1.0, "_time": 36.05078, "pos": 0}, {"$id": 90, "pos": 1.5, "size": 1.0, "_time": 36.23047}, {"$id": 91, "pos": -1.0, "size": 1.0, "_time": 36.4101563}, {"$id": 92, "pos": 1.5, "size": 1.0, "_time": 36.5898438}, {"$id": 93, "pos": 0.5, "size": 1.0, "_time": 36.78125}, {"$id": 94, "pos": 1.5, "size": 1.0, "_time": 36.9609375}, {"$id": 95, "pos": -0.5, "size": 1.0, "_time": 37.1484375}, {"$id": 96, "pos": 1.5, "size": 1.0, "_time": 37.32422}, {"$id": 97, "pos": -2.0, "size": 1.0, "_time": 37.328125}, {"$id": 98, "pos": 2.0, "size": 1.0, "_time": 37.69922}, {"$id": 99, "pos": 2.0, "size": 1.0, "_time": 37.8710938}, {"$id": 100, "pos": 1.5, "size": 1.0, "_time": 38.0546875}, {"$id": 101, "pos": -1.5, "size": 1.0, "_time": 38.0585938}, {"$id": 102, "pos": -1.0, "size": 1.0, "_time": 38.25}, {"$id": 103, "pos": 1.0, "size": 1.0, "_time": 38.42578}, {"$id": 104, "pos": -1.0, "size": 1.0, "_time": 38.4296875}, {"$id": 105, "pos": -2.0, "size": 1.0, "_time": 38.609375}, {"$id": 106, "size": 1.0, "_time": 38.7890625, "pos": 0}, {"$id": 107, "pos": 2.0, "size": 1.0, "_time": 38.7890625}, {"$id": 108, "pos": -2.0, "size": 1.0, "_time": 38.98047}, {"$id": 109, "pos": 1.0, "size": 1.0, "_time": 39.15625}, {"$id": 110, "pos": -0.5, "size": 1.0, "_time": 39.1601563}, {"$id": 111, "pos": -2.0, "size": 1.0, "_time": 39.3398438}, {"$id": 112, "pos": 1.5, "size": 1.0, "_time": 39.51172}, {"$id": 113, "size": 1.0, "_time": 39.51953, "pos": 0}, {"$id": 114, "pos": 2.0, "size": 1.0, "_time": 39.7109375}, {"$id": 115, "pos": 2.0, "size": 1.0, "_time": 39.8828125}, {"$id": 116, "pos": -1.0, "size": 1.0, "_time": 39.890625}, {"$id": 117, "pos": 0.5, "size": 1.0, "_time": 40.078125}, {"$id": 118, "pos": -1.5, "size": 1.0, "_time": 40.2539063}, {"$id": 119, "pos": 1.5, "size": 1.0, "_time": 40.26172}, {"$id": 120, "pos": 1.0, "size": 1.0, "_time": 40.44922}, {"$id": 121, "pos": -1.0, "size": 1.0, "_time": 40.6171875}, {"$id": 122, "pos": 1.5, "size": 1.0, "_time": 40.6210938}, {"$id": 123, "pos": 1.0, "size": 1.0, "_time": 40.80078}, {"$id": 124, "pos": 1.5, "size": 1.0, "_time": 40.98828}, {"$id": 125, "pos": -0.5, "size": 1.0, "_time": 40.98828}, {"$id": 126, "pos": -1.0, "size": 1.0, "_time": 41.171875}, {"$id": 127, "pos": -1.5, "size": 1.0, "_time": 41.5390625}, {"$id": 128, "pos": 1.5, "size": 1.0, "_time": 41.71875}, {"$id": 129, "pos": 1.5, "size": 1.0, "_time": 42.078125}, {"$id": 130, "pos": -1.5, "size": 1.0, "_time": 42.26953}, {"$id": 131, "pos": 1.0, "size": 1.0, "_time": 42.640625}, {"$id": 132, "pos": -1.0, "size": 1.0, "_time": 42.8203125}, {"$id": 133, "pos": -1.5, "size": 1.0, "_time": 43.1796875}, {"$id": 134, "pos": 2.0, "size": 1.0, "_time": 43.359375}, {"$id": 135, "pos": 1.0, "size": 1.0, "_time": 43.73047}, {"$id": 136, "pos": -2.0, "size": 1.0, "_time": 43.9414063}, {"$id": 137, "sounds": [{"d": 0.6371918, "p": 76, "v": 75}], "pos": -2.0, "size": 1.0, "_time": 45.359375}, {"$id": 138, "sounds": [{"d": 0.58688736, "p": 69, "v": 84}], "pos": -1.5, "size": 1.0, "_time": 45.390625}, {"$id": 139, "sounds": [{"d": 0.5121956, "p": 57, "v": 62}], "pos": -1.0, "size": 1.0, "_time": 45.40625}, {"$id": 140, "sounds": [{"d": 0.5381088, "p": 45, "v": 70}], "pos": -0.5, "size": 1.0, "_time": 45.41797}, {"$id": 141, "pos": 1.5, "size": 1.0, "_time": 45.5585938}, {"$id": 142, "pos": -1.5, "size": 1.0, "_time": 45.73828}, {"$id": 143, "pos": 2.0, "size": 1.0, "_time": 45.9296875}, {"$id": 144, "pos": -0.5, "size": 1.0, "_time": 46.109375}, {"$id": 145, "pos": 1.0, "size": 1.0, "_time": 46.30078}, {"$id": 146, "pos": -2.0, "size": 1.0, "_time": 46.48047}, {"$id": 147, "pos": 1.5, "size": 1.0, "_time": 46.6601563}, {"$id": 148, "sounds": [{"d": 0.542686462, "p": 44, "v": 61}], "pos": -1.5, "size": 1.0, "_time": 46.8125}, {"$id": 149, "pos": 1.5, "size": 1.0, "_time": 47.03125}, {"$id": 150, "pos": -1.0, "size": 1.0, "_time": 47.2109375}, {"$id": 151, "pos": 1.0, "size": 1.0, "_time": 47.30078}, {"$id": 152, "pos": -1.0, "size": 1.0, "_time": 47.390625}, {"$id": 153, "pos": 2.0, "size": 1.0, "_time": 47.578125}, {"$id": 154, "pos": -2.0, "size": 1.0, "_time": 47.76172}, {"$id": 155, "pos": 1.0, "size": 1.0, "_time": 47.9414063}, {"$id": 156, "pos": -1.0, "size": 1.0, "_time": 48.1210938}, {"$id": 157, "sounds": [{"d": 1.375, "p": 65, "v": 72}], "pos": -2.0, "size": 1.0, "_time": 48.3085938}, {"$id": 158, "pos": 2.0, "size": 1.0, "_time": 48.48828}, {"$id": 159, "size": 1.0, "_time": 48.671875, "pos": 0}, {"$id": 160, "pos": 1.5, "size": 1.0, "_time": 48.859375}, {"$id": 161, "pos": -1.5, "size": 1.0, "_time": 49.0390625}, {"$id": 162, "pos": 1.0, "size": 1.0, "_time": 49.21875}, {"$id": 163, "pos": -1.0, "size": 1.0, "_time": 49.4101563}, {"$id": 164, "size": 1.0, "_time": 49.5898438, "pos": 0}, {"$id": 165, "sounds": [{"d": 0.565551758, "p": 60, "v": 77}], "pos": 2.0, "size": 1.0, "_time": 49.734375}, {"$id": 166, "sounds": [{"d": 1.466465, "p": 71, "v": 74}], "pos": -2.0, "size": 1.0, "_time": 49.73828}, {"$id": 167, "pos": -0.5, "size": 1.0, "_time": 49.9609375}, {"$id": 168, "pos": 1.5, "size": 1.0, "_time": 50.1289063}, {"$id": 169, "pos": 0.5, "size": 1.0, "_time": 50.3203125}, {"$id": 170, "pos": -2.0, "size": 1.0, "_time": 50.51172}, {"$id": 171, "pos": -0.5, "size": 1.0, "_time": 50.6015625}, {"$id": 172, "pos": -2.0, "size": 1.0, "_time": 50.6796875}, {"$id": 173, "pos": 1.5, "size": 1.0, "_time": 50.8710938}, {"$id": 174, "size": 1.0, "_time": 51.05078, "pos": 0}, {"$id": 175, "sounds": [{"d": 0.121955872, "p": 69, "v": 78}, {"w": 0.00390625, "d": 1.48171234, "p": 81, "v": 82}, {"w": 0.0078125, "d": 1.85366058, "p": 76, "v": 72}, {"w": 0.0390625, "d": 0.8429909, "p": 57, "v": 83}, {"w": 0.0546875, "d": 0.724086761, "p": 72, "v": 115}], "pos": -1.5, "size": 1.0, "_time": 51.1601563}, {"$id": 176, "pos": -1.0, "size": 1.0, "_time": 51.4101563}, {"$id": 177, "pos": 1.0, "size": 1.0, "_time": 51.6015625}, {"$id": 178, "size": 1.0, "_time": 51.7890625, "pos": 0}, {"$id": 179, "sounds": [{"d": 0.684452057, "p": 64, "v": 100}], "pos": 1.5, "size": 1.0, "_time": 51.953125}, {"$id": 180, "pos": -2.0, "size": 1.0, "_time": 51.96875}, {"$id": 181, "size": 1.0, "_time": 52.1484375, "pos": 0}, {"$id": 182, "pos": 1.0, "size": 1.0, "_time": 52.328125}, {"$id": 183, "pos": -1.5, "size": 1.0, "_time": 52.51172}, {"$id": 184, "sounds": [{"d": 1.53353119, "p": 83, "v": 74}, {"w": 0.0078125, "d": 1.55791855, "p": 68, "v": 87}, {"w": 0.0234375, "d": 1.51676178, "p": 80, "v": 80}, {"w": 0.03125, "d": 1.21493149, "p": 63, "v": 112}, {"w": 0.03515625, "d": 1.20730972, "p": 56, "v": 84}, {"w": 0.04296875, "d": 0.373474121, "p": 75, "v": 111}], "pos": 1.0, "size": 1.0, "_time": 52.640625}, {"$id": 185, "pos": 2.0, "size": 1.0, "_time": 52.94922}, {"$id": 186, "pos": -2.0, "size": 1.0, "_time": 53.0703125}, {"$id": 187, "pos": -0.5, "size": 1.0, "_time": 53.1484375}, {"$id": 188, "pos": -2.0, "size": 1.0, "_time": 53.2226563}, {"$id": 189, "pos": 1.0, "size": 1.0, "_time": 53.4296875}, {"$id": 190, "pos": -1.0, "size": 1.0, "_time": 53.609375}, {"$id": 191, "pos": 1.5, "size": 1.0, "_time": 53.80078}, {"$id": 192, "pos": -2.0, "size": 1.0, "_time": 53.98047}, {"$id": 193, "sounds": [{"d": 0.350608826, "p": 76, "v": 89}, {"d": 0.875, "p": 56, "v": 74}, {"d": 1.18902206, "p": 81, "v": 105}, {"d": 0.9603653, "p": 71, "v": 78}, {"w": 0.05078125, "d": 1.483223, "p": 86, "v": 53}, {"w": 0.0546875, "d": 1.32316589, "p": 77, "v": 90}, {"w": 0.05859375, "d": 1.36127472, "p": 65, "v": 90}], "pos": 0.5, "size": 1.0, "_time": 54.14453}, {"$id": 194, "pos": 1.5, "size": 1.0, "_time": 54.53125}, {"$id": 195, "size": 1.0, "_time": 54.7109375, "pos": 0}, {"$id": 196, "pos": 1.0, "size": 1.0, "_time": 54.890625}, {"$id": 197, "pos": -1.5, "size": 1.0, "_time": 55.078125}, {"$id": 198, "pos": 0.5, "size": 1.0, "_time": 55.26172}, {"$id": 199, "pos": -1.0, "size": 1.0, "_time": 55.4414063}, {"$id": 200, "pos": 0.5, "size": 1.0, "_time": 55.60547}, {"$id": 201, "sounds": [{"d": 0.1981659, "p": 65, "v": 76}, {"d": 0.1981659, "p": 53, "v": 76}, {"d": 0.17987442, "p": 59, "v": 78}, {"w": 0.03125, "d": 0.216461182, "p": 64, "v": 93}, {"w": 0.03515625, "d": 0.7713394, "p": 84, "v": 86}, {"w": 0.06640625, "d": 0.559448242, "p": 76, "v": 48}], "pos": -1.5, "size": 1.0, "_time": 55.609375}, {"$id": 202, "sounds": [{"d": 0.06402588, "p": 52, "v": 71}], "pos": 0.5, "size": 1.0, "_time": 55.79297}, {"$id": 203, "sounds": [{"d": 0.155487061, "p": 57, "v": 104}, {"d": 0.155487061, "p": 69, "v": 104}], "pos": 2.0, "size": 1.0, "_time": 56.1601563}, {"$id": 204, "pos": -1.0, "size": 1.0, "_time": 56.1640625}, {"$id": 205, "sounds": [{"d": 0.08231735, "p": 56, "v": 93}, {"d": 0.08231735, "p": 68, "v": 93}], "pos": -1.0, "size": 1.0, "_time": 56.3398438}, {"$id": 206, "pos": 1.5, "size": 1.0, "_time": 56.703125}, {"$id": 207, "sounds": [{"d": 0.181404114, "p": 64, "v": 104}], "size": 1.0, "_time": 56.70703, "pos": 0}, {"$id": 208, "sounds": [{"d": 0.08231735, "p": 75, "v": 102}, {"d": 0.08231735, "p": 63, "v": 102}], "pos": 1.5, "size": 1.0, "_time": 56.890625}, {"$id": 209, "pos": 0.5, "size": 1.0, "_time": 57.2539063}, {"$id": 210, "sounds": [{"d": 0.182926178, "p": 81, "v": 113}, {"d": 0.182926178, "p": 69, "v": 113}], "pos": -1.5, "size": 1.0, "_time": 57.2578125}, {"$id": 211, "sounds": [{"d": 0.117378235, "p": 80, "v": 110}, {"d": 0.117378235, "p": 68, "v": 110}], "pos": 0.5, "size": 1.0, "_time": 57.4375}, {"$id": 212, "sounds": [{"d": 0.240852356, "p": 76, "v": 94}, {"d": 0.253047943, "p": 88, "v": 104}, {"d": 0.240852356, "p": 64, "v": 94}], "pos": 1.5, "size": 1.0, "_time": 57.8046875}, {"$id": 213, "pos": -1.0, "size": 1.0, "_time": 57.8085938}, {"$id": 214, "sounds": [{"d": 0.242378235, "p": 75, "v": 110}, {"d": 0.233230591, "p": 87, "v": 110}, {"d": 0.242378235, "p": 63, "v": 110}], "pos": -1.0, "size": 1.0, "_time": 57.98828}, {"$id": 215, "sounds": [{"d": 0.0548782349, "p": 81, "v": 89}, {"d": 0.0503044128, "p": 93, "v": 113}], "pos": 0.5, "size": 1.0, "_time": 58.35547}, {"$id": 216, "pos": -1.5, "size": 1.0, "_time": 58.35547}, {"$id": 217, "sounds": [{"d": 1.25457382, "p": 80, "v": 110}, {"d": 1.278965, "p": 92, "v": 110}], "pos": -1.5, "size": 1.0, "_time": 58.5351563}, {"$id": 218, "sounds": [{"d": 0.126525879, "p": 76, "v": 96}], "pos": 1.0, "size": 1.0, "_time": 60.0}, {"$id": 219, "sounds": [{"d": 0.123477936, "p": 72, "v": 93}], "pos": -1.0, "size": 1.0, "_time": 60.1210938}, {"$id": 220, "sounds": [{"d": 0.10061264, "p": 69, "v": 75}], "pos": -1.0, "size": 1.0, "_time": 60.2421875}, {"$id": 221, "sounds": [{"d": 0.134147644, "p": 76, "v": 94}], "pos": 1.0, "size": 1.0, "_time": 60.3671875}, {"$id": 222, "sounds": [{"d": 0.128047943, "p": 72, "v": 93}], "pos": -1.5, "size": 1.0, "_time": 60.48828}, {"$id": 223, "sounds": [{"d": 0.123474121, "p": 69, "v": 93}], "pos": -1.5, "size": 1.0, "_time": 60.609375}, {"$id": 224, "sounds": [{"d": 0.114330292, "p": 77, "v": 108}], "pos": 2.0, "size": 1.0, "_time": 60.73047}, {"$id": 225, "sounds": [{"d": 0.135669708, "p": 72, "v": 100}], "pos": -0.5, "size": 1.0, "_time": 60.85547}, {"$id": 226, "sounds": [{"d": 0.0853652954, "p": 69, "v": 78}], "pos": -0.5, "size": 1.0, "_time": 60.9765625}, {"$id": 227, "sounds": [{"d": 0.1310997, "p": 77, "v": 98}], "pos": 1.0, "size": 1.0, "_time": 61.0976563}, {"$id": 228, "sounds": [{"d": 0.112804413, "p": 72, "v": 90}], "pos": -2.0, "size": 1.0, "_time": 61.21875}, {"$id": 229, "sounds": [{"d": 0.160060883, "p": 69, "v": 82}], "pos": -2.0, "size": 1.0, "_time": 61.3398438}, {"$id": 230, "sounds": [{"d": 0.129573822, "p": 79, "v": 108}], "pos": 0.5, "size": 1.0, "_time": 61.4648438}, {"$id": 231, "sounds": [{"d": 0.146343231, "p": 72, "v": 83}], "pos": -1.0, "size": 1.0, "_time": 61.5859375}, {"$id": 232, "sounds": [{"d": 0.129573822, "p": 69, "v": 76}], "pos": -1.0, "size": 1.0, "_time": 61.70703}, {"$id": 233, "sounds": [{"d": 0.117378235, "p": 79, "v": 105}], "pos": 1.5, "size": 1.0, "_time": 61.828125}, {"$id": 234, "sounds": [{"d": 0.134147644, "p": 72, "v": 84}], "pos": -0.5, "size": 1.0, "_time": 61.953125}, {"$id": 235, "sounds": [{"d": 0.09908676, "p": 69, "v": 90}], "pos": -0.5, "size": 1.0, "_time": 62.07422}, {"$id": 236, "sounds": [{"d": 0.114330292, "p": 77, "v": 105}], "pos": 0.5, "size": 1.0, "_time": 62.1953125}, {"$id": 237, "sounds": [{"d": 0.120426178, "p": 72, "v": 93}], "pos": -2.0, "size": 1.0, "_time": 62.3164063}, {"$id": 238, "sounds": [{"d": 0.111278534, "p": 69, "v": 77}], "pos": -2.0, "size": 1.0, "_time": 62.4375}, {"$id": 239, "sounds": [{"d": 0.228660583, "p": 77, "v": 90}], "pos": 1.5, "size": 1.0, "_time": 62.5625}, {"$id": 240, "sounds": [{"d": 0.153965, "p": 72, "v": 69}], "pos": -1.0, "size": 1.0, "_time": 62.6835938}, {"$id": 241, "sounds": [{"d": 0.091465, "p": 69, "v": 70}], "pos": -1.0, "size": 1.0, "_time": 62.8046875}, {"$id": 242, "sounds": [{"d": 0.111278534, "p": 74, "v": 99}], "pos": 0.5, "size": 1.0, "_time": 62.92578}, {"$id": 243, "sounds": [{"d": 0.112804413, "p": 71, "v": 85}], "pos": -0.5, "size": 1.0, "_time": 63.046875}, {"$id": 244, "sounds": [{"d": 0.108230591, "p": 62, "v": 83}], "pos": -0.5, "size": 1.0, "_time": 63.171875}, {"$id": 245, "sounds": [{"d": 0.106708527, "p": 74, "v": 117}], "pos": 1.5, "size": 1.0, "_time": 63.29297}, {"$id": 246, "sounds": [{"d": 0.118904114, "p": 71, "v": 93}], "pos": -1.5, "size": 1.0, "_time": 63.4140625}, {"$id": 247, "sounds": [{"d": 0.123477936, "p": 62, "v": 84}], "pos": -1.5, "size": 1.0, "_time": 63.5351563}, {"$id": 248, "sounds": [{"d": 0.138721466, "p": 79, "v": 121}], "pos": 1.0, "size": 1.0, "_time": 63.6601563}, {"$id": 249, "sounds": [{"d": 0.09298706, "p": 71, "v": 73}], "pos": -1.0, "size": 1.0, "_time": 63.78125}, {"$id": 250, "sounds": [{"d": 0.120429993, "p": 64, "v": 80}], "pos": -1.0, "size": 1.0, "_time": 63.9023438}, {"$id": 251, "sounds": [{"d": 0.134140015, "p": 74, "v": 127}], "pos": 2.0, "size": 1.0, "_time": 64.02344}, {"$id": 252, "sounds": [{"d": 0.09755707, "p": 71, "v": 64}], "pos": -0.5, "size": 1.0, "_time": 64.14453}, {"$id": 253, "sounds": [{"d": 0.166152954, "p": 64, "v": 79}], "pos": -0.5, "size": 1.0, "_time": 64.26953}, {"$id": 254, "sounds": [{"d": 0.108230591, "p": 72, "v": 125}], "pos": 1.0, "size": 1.0, "_time": 64.390625}, {"$id": 255, "sounds": [{"d": 0.123474121, "p": 69, "v": 88}], "pos": -1.5, "size": 1.0, "_time": 64.51172}, {"$id": 256, "sounds": [{"d": 0.102134705, "p": 64, "v": 61}], "pos": -1.5, "size": 1.0, "_time": 64.63281}, {"$id": 257, "sounds": [{"d": 0.121948242, "p": 79, "v": 98}], "pos": 1.5, "size": 1.0, "_time": 64.75781}, {"$id": 258, "sounds": [{"d": 0.132621765, "p": 71, "v": 85}], "pos": -0.5, "size": 1.0, "_time": 64.87891}, {"$id": 259, "sounds": [{"d": 0.129577637, "p": 67, "v": 98}], "pos": -0.5, "size": 1.0, "_time": 65.0}, {"$id": 260, "sounds": [{"d": 0.100608826, "p": 79, "v": 103}], "pos": 1.0, "size": 1.0, "_time": 65.12109}, {"$id": 261, "sounds": [{"d": 0.111282349, "p": 71, "v": 95}], "pos": -2.0, "size": 1.0, "_time": 65.24219}, {"$id": 262, "sounds": [{"d": 0.12651825, "p": 67, "v": 100}], "pos": -2.0, "size": 1.0, "_time": 65.36719}, {"$id": 263, "sounds": [{"d": 0.09755707, "p": 79, "v": 105}], "pos": 1.0, "size": 1.0, "_time": 65.48828}, {"$id": 264, "sounds": [{"d": 0.09451294, "p": 71, "v": 103}], "pos": -1.5, "size": 1.0, "_time": 65.609375}, {"$id": 265, "sounds": [{"d": 0.09298706, "p": 67, "v": 103}], "pos": -1.5, "size": 1.0, "_time": 65.73047}, {"$id": 266, "sounds": [{"d": 0.221038818, "p": 76, "v": 127}], "pos": 0.5, "size": 1.0, "_time": 65.85547}, {"$id": 267, "sounds": [{"d": 0.117378235, "p": 71, "v": 103}], "pos": 2.0, "size": 1.0, "_time": 66.03516}, {"$id": 268, "sounds": [{"d": 0.103660583, "p": 72, "v": 95}], "pos": -1.5, "size": 1.0, "_time": 66.21875}, {"$id": 269, "sounds": [{"d": 0.103660583, "p": 74, "v": 100}], "pos": 1.5, "size": 1.0, "_time": 66.40234}, {"$id": 270, "sounds": [{"d": 0.07926941, "p": 76, "v": 103}], "pos": -0.5, "size": 1.0, "_time": 66.58594}, {"$id": 271, "sounds": [{"d": 0.07469177, "p": 77, "v": 108}], "pos": 1.0, "size": 1.0, "_time": 66.76953}, {"$id": 272, "sounds": [{"d": 0.04725647, "p": 79, "v": 105}], "pos": -1.5, "size": 1.0, "_time": 66.953125}, {"$id": 273, "sounds": [{"d": 0.0503082275, "p": 81, "v": 108}], "pos": 2.0, "size": 1.0, "_time": 67.13281}, {"$id": 274, "sounds": [{"d": 0.205795288, "p": 83, "v": 108}], "pos": -1.0, "size": 1.0, "_time": 67.31641}, {"$id": 275, "sounds": [{"d": 0.103660583, "p": 81, "v": 98}], "pos": 0.5, "size": 1.0, "_time": 67.5}, {"$id": 276, "sounds": [{"d": 0.07621765, "p": 83, "v": 105}], "pos": -2.0, "size": 1.0, "_time": 67.68359}, {"$id": 277, "sounds": [{"d": 0.0685958862, "p": 84, "v": 116}], "pos": 1.0, "size": 1.0, "_time": 67.86719}, {"$id": 278, "sounds": [{"d": 0.0975647, "p": 86, "v": 108}], "pos": -1.0, "size": 1.0, "_time": 68.046875}, {"$id": 279, "sounds": [{"d": 0.09298706, "p": 84, "v": 85}], "pos": 1.5, "size": 1.0, "_time": 68.23047}, {"$id": 280, "sounds": [{"d": 0.07317352, "p": 83, "v": 93}], "pos": -1.5, "size": 1.0, "_time": 68.41406}, {"$id": 281, "sounds": [{"d": 0.0625, "p": 81, "v": 88}], "size": 1.0, "_time": 68.59766, "pos": 0}, {"$id": 282, "sounds": [{"d": 0.1600647, "p": 83, "v": 116}], "pos": -2.0, "size": 1.0, "_time": 68.78125}, {"$id": 283, "sounds": [{"d": 0.09146118, "p": 77, "v": 100}], "pos": 1.0, "size": 1.0, "_time": 68.96484}, {"$id": 284, "sounds": [{"d": 0.14024353, "p": 77, "v": 84}], "pos": -1.5, "size": 1.0, "_time": 69.14453}, {"$id": 285, "sounds": [{"d": 0.0685958862, "p": 76, "v": 105}], "pos": 0.5, "size": 1.0, "_time": 69.328125}, {"$id": 286, "sounds": [{"d": 0.07469177, "p": 76, "v": 105}], "pos": -1.0, "size": 1.0, "_time": 69.51172}, {"$id": 287, "sounds": [{"d": 0.07621765, "p": 74, "v": 95}], "pos": 1.5, "size": 1.0, "_time": 69.69531}, {"$id": 288, "sounds": [{"d": 0.08841705, "p": 74, "v": 100}], "pos": -0.5, "size": 1.0, "_time": 69.87891}, {"$id": 289, "sounds": [{"d": 0.0625, "p": 72, "v": 105}], "pos": -2.0, "size": 1.0, "_time": 70.0625}, {"$id": 290, "sounds": [{"d": 0.09603882, "p": 72, "v": 108}], "pos": 2.0, "size": 1.0, "_time": 70.24219}, {"$id": 291, "sounds": [{"d": 0.1875, "p": 71, "v": 118}], "pos": 0.5, "size": 1.0, "_time": 70.98828}, {"$id": 292, "sounds": [{"d": 0.2225647, "p": 41, "v": 104}], "pos": -1.0, "size": 1.0, "_time": 71.66406}, {"$id": 293, "sounds": [{"d": 0.08231354, "p": 53, "v": 86}], "pos": -2.0, "size": 1.0, "_time": 71.90234}, {"$id": 294, "sounds": [{"d": 0.224090576, "p": 57, "v": 88}], "pos": -0.5, "size": 1.0, "_time": 72.07422}, {"$id": 295, "sounds": [{"d": 0.173782349, "p": 59, "v": 70}], "pos": -1.5, "size": 1.0, "_time": 72.265625}, {"$id": 296, "sounds": [{"d": 0.137191772, "p": 60, "v": 109}], "pos": 0.5, "size": 1.0, "_time": 72.44141}, {"$id": 297, "sounds": [{"d": 0.08079529, "p": 64, "v": 115}], "pos": 2.0, "size": 1.0, "_time": 72.62109}, {"$id": 298, "sounds": [{"d": 0.219512939, "p": 71, "v": 74}], "pos": -1.5, "size": 1.0, "_time": 72.80469}, {"$id": 299, "sounds": [{"d": 0.09298706, "p": 62, "v": 100}], "pos": 1.5, "size": 1.0, "_time": 72.98828}, {"$id": 300, "sounds": [{"d": 0.347557068, "p": 74, "v": 93}, {"d": 0.298782349, "p": 65, "v": 90}, {"d": 0.211891174, "p": 68, "v": 107}], "pos": 1.0, "size": 1.0, "_time": 73.171875}, {"$id": 301, "sounds": [{"d": 0.292686462, "p": 56, "v": 97}], "pos": -1.0, "size": 1.0, "_time": 73.171875}, {"$id": 302, "sounds": [{"d": 0.12957, "p": 59, "v": 60}], "pos": -0.5, "size": 1.0, "_time": 73.53516}, {"$id": 303, "sounds": [{"d": 0.4146347, "p": 62, "v": 86}, {"w": 0.015625, "d": 0.5655441, "p": 68, "v": 104}], "pos": -1.0, "size": 1.0, "_time": 73.84766}, {"$id": 304, "sounds": [{"d": 0.6463394, "p": 79, "v": 109}], "pos": 1.0, "size": 1.0, "_time": 73.87891}, {"$id": 305, "sounds": [{"d": 0.0685958862, "p": 57, "v": 49}], "size": 1.0, "_time": 74.26953, "pos": 0}, {"$id": 306, "sounds": [{"d": 0.2393341, "p": 52, "v": 93}, {"d": 0.37043, "p": 74, "v": 106}, {"d": 0.30336, "p": 67, "v": 100}], "pos": -1.5, "size": 1.0, "_time": 74.63281}, {"$id": 307, "sounds": [{"d": 0.152442932, "p": 55, "v": 77}], "pos": 1.5, "size": 1.0, "_time": 74.81641}, {"$id": 308, "sounds": [{"d": 0.06401825, "p": 59, "v": 95}], "pos": -0.5, "size": 1.0, "_time": 75.0}, {"$id": 309, "sounds": [{"d": 0.365852356, "p": 67, "v": 104}], "pos": 1.0, "size": 1.0, "_time": 75.18359}, {"$id": 310, "sounds": [{"d": 0.346038818, "p": 62, "v": 112}], "pos": -2.0, "size": 1.0, "_time": 75.18359}, {"$id": 311, "sounds": [{"d": 0.0350646973, "p": 59, "v": 62}], "size": 1.0, "_time": 75.36719, "pos": 0}, {"$id": 312, "sounds": [{"d": 0.304878235, "p": 71, "v": 109}, {"d": 0.283538818, "p": 62, "v": 82}], "size": 1.0, "_time": 75.73047, "pos": 0}, {"$id": 313, "sounds": [{"d": 0.378051758, "p": 45, "v": 98}, {"w": 0.00390625, "d": 0.181404114, "p": 62, "v": 109}, {"w": 0.01953125, "d": 0.128051758, "p": 71, "v": 98}], "pos": -2.0, "size": 1.0, "_time": 76.09375}, {"$id": 314, "sounds": [{"d": 0.181404114, "p": 50, "v": 78}], "pos": 1.5, "size": 1.0, "_time": 76.36328}, {"$id": 315, "sounds": [{"d": 0.146347046, "p": 52, "v": 72}, {"w": 0.03125, "d": 0.31098175, "p": 72, "v": 115}, {"w": 0.03125, "d": 0.35823822, "p": 62, "v": 118}], "pos": 1.5, "size": 1.0, "_time": 76.61328}, {"$id": 316, "sounds": [{"d": 0.44207, "p": 57, "v": 90}, {"d": 0.455787659, "p": 64, "v": 112}, {"d": 1.13414764, "p": 41, "v": 104}, {"d": 0.08383942, "p": 53, "v": 100}], "size": 1.0, "_time": 77.5625, "pos": 0}, {"$id": 317, "sounds": [{"d": 0.143287659, "p": 48, "v": 69}], "pos": -1.5, "size": 1.0, "_time": 77.92578}, {"$id": 318, "sounds": [{"d": 0.0396347046, "p": 53, "v": 35}], "pos": 1.5, "size": 1.0, "_time": 78.109375}, {"$id": 319, "sounds": [{"d": 0.3307953, "p": 57, "v": 104}], "pos": -1.0, "size": 1.0, "_time": 78.29297}, {"$id": 320, "sounds": [{"d": 0.179878235, "p": 55, "v": 98}], "size": 1.0, "_time": 78.66016, "pos": 0}, {"$id": 321, "sounds": [{"d": 0.44207, "p": 64, "v": 88}, {"d": 0.426826477, "p": 68, "v": 109}, {"d": 0.344512939, "p": 44, "v": 100}], "pos": 1.0, "size": 1.0, "_time": 79.02344}, {"$id": 322, "sounds": [{"d": 0.158531189, "p": 47, "v": 84}], "size": 1.0, "_time": 79.390625, "pos": 0}, {"$id": 323, "sounds": [{"d": 0.466461182, "p": 60, "v": 98}], "pos": -1.5, "size": 1.0, "_time": 79.57422}, {"$id": 324, "sounds": [{"d": 0.45274353, "p": 65, "v": 100}], "pos": 1.5, "size": 1.0, "_time": 79.57422}, {"$id": 325, "sounds": [{"d": 0.07774353, "p": 52, "v": 77}], "pos": 0.5, "size": 1.0, "_time": 80.12109}, {"$id": 326, "sounds": [{"d": 0.29725647, "p": 40, "v": 112}, {"w": 0.01171875, "d": 0.525917053, "p": 64, "v": 125}, {"w": 0.01171875, "d": 0.615852356, "p": 72, "v": 122}], "pos": 1.5, "size": 2.0, "_time": 80.453125}, {"$id": 327, "sounds": [{"d": 0.0548782349, "p": 53, "v": 62}], "pos": -1.5, "size": 1.0, "_time": 80.80469}, {"$id": 328, "sounds": [{"d": 0.190544128, "p": 52, "v": 84}], "pos": 1.5, "size": 1.0, "_time": 81.03516}, {"$id": 329, "sounds": [{"d": 0.131095886, "p": 56, "v": 89}], "pos": -1.0, "size": 1.0, "_time": 81.21875}, {"$id": 330, "sounds": [{"d": 0.053352356, "p": 65, "v": 70}], "pos": 0.5, "size": 1.0, "_time": 81.40234}, {"$id": 331, "sounds": [{"d": 0.10975647, "p": 68, "v": 107}], "pos": -2.0, "size": 1.0, "_time": 81.54297}, {"$id": 332, "sounds": [{"d": 0.06402588, "p": 76, "v": 95}], "pos": 2.0, "size": 1.0, "_time": 81.58594}, {"$id": 333, "sounds": [{"d": 0.24543, "p": 59, "v": 113}], "pos": -1.5, "size": 2.0, "_time": 81.92969}, {"$id": 334, "sounds": [{"d": 0.0685958862, "p": 68, "v": 104}, {"w": 0.0078125, "d": 0.111282349, "p": 84, "v": 127}, {"w": 0.01953125, "d": 0.236282349, "p": 80, "v": 116}, {"w": 0.01953125, "d": 0.211891174, "p": 77, "v": 106}, {"w": 0.01953125, "d": 0.288108826, "p": 91, "v": 102}], "pos": 1.0, "size": 2.0, "_time": 81.93359}, {"$id": 335, "sounds": [{"d": 0.118896484, "p": 71, "v": 82}, {"d": 0.1128006, "p": 89, "v": 102}], "pos": -1.5, "size": 2.0, "_time": 82.31641}, {"$id": 336, "sounds": [{"d": 0.08383942, "p": 80, "v": 113}], "pos": 1.0, "size": 2.0, "_time": 82.31641}, {"$id": 337, "sounds": [{"d": 0.06249237, "p": 68, "v": 113}], "pos": -1.5, "size": 2.0, "_time": 82.66797}, {"$id": 338, "sounds": [{"d": 0.0563964844, "p": 74, "v": 102}, {"w": 0.01171875, "d": 0.09603119, "p": 80, "v": 118}, {"w": 0.01171875, "d": 0.181396484, "p": 88, "v": 109}], "pos": 1.0, "size": 2.0, "_time": 82.671875}, {"$id": 339, "sounds": [{"d": 0.06555176, "p": 84, "v": 115}], "pos": 1.0, "size": 2.0, "_time": 83.046875}, {"$id": 340, "sounds": [{"d": 0.04878235, "p": 76, "v": 104}], "pos": -1.5, "size": 2.0, "_time": 83.046875}, {"$id": 341, "sounds": [{"d": 0.333847046, "p": 57, "v": 80}, {"d": 0.292686462, "p": 81, "v": 118}, {"d": 0.352142334, "p": 45, "v": 100}, {"d": 0.350616455, "p": 76, "v": 112}], "pos": -2.0, "size": 1.09999979, "_time": 83.41406}, {"$id": 342, "sounds": [{"d": 0.362808228, "p": 76, "v": 93}], "pos": 1.5, "size": 1.0, "_time": 83.78125}, {"$id": 343, "sounds": [{"d": 0.3826294, "p": 48, "v": 62}], "pos": -1.0, "size": 1.0, "_time": 83.78125}, {"$id": 344, "sounds": [{"d": 0.336891174, "p": 75, "v": 116}], "pos": 1.5, "size": 1.0, "_time": 84.14453}, {"$id": 345, "sounds": [{"d": 0.304878235, "p": 52, "v": 72}], "pos": -1.0, "size": 1.0, "_time": 84.14453}, {"$id": 346, "sounds": [{"d": 0.253044128, "p": 76, "v": 95}], "pos": 0.5, "size": 1.0, "_time": 84.51172}, {"$id": 347, "sounds": [{"d": 0.100608826, "p": 48, "v": 63}], "pos": -2.0, "size": 1.0, "_time": 84.51172}, {"$id": 348, "sounds": [{"d": 0.5640259, "p": 77, "v": 102}], "pos": 0.5, "size": 1.0, "_time": 84.69531}, {"$id": 349, "sounds": [{"d": 0.29725647, "p": 44, "v": 75}], "pos": -2.0, "size": 1.0, "_time": 84.87891}, {"$id": 350, "sounds": [{"d": 0.39024353, "p": 76, "v": 102}, {"d": 0.303352356, "p": 47, "v": 70}], "pos": 2.0, "size": 1.0, "_time": 85.24219}, {"$id": 351, "sounds": [{"d": 0.3810959, "p": 75, "v": 116}, {"d": 0.321647644, "p": 50, "v": 57}], "size": 1.0, "_time": 85.609375, "pos": 0}, {"$id": 352, "sounds": [{"d": 0.440544128, "p": 76, "v": 106}], "pos": -1.5, "size": 1.0, "_time": 85.97656}, {"$id": 353, "sounds": [{"d": 0.08078766, "p": 43, "v": 104}], "pos": -2.0, "size": 1.0, "_time": 86.33984}, {"$id": 354, "sounds": [{"d": 0.39024353, "p": 55, "v": 75}, {"d": 0.0899353, "p": 69, "v": 86}], "pos": -1.5, "size": 1.0, "_time": 86.70703}, {"$id": 355, "sounds": [{"d": 0.3353653, "p": 76, "v": 95}], "pos": 1.5, "size": 1.0, "_time": 86.70703}, {"$id": 356, "sounds": [{"d": 0.341461182, "p": 75, "v": 109}], "pos": 1.5, "size": 1.0, "_time": 87.07422}, {"$id": 357, "sounds": [{"d": 0.157012939, "p": 59, "v": 59}], "pos": -1.5, "size": 1.0, "_time": 87.07422}, {"$id": 358, "sounds": [{"d": 0.17225647, "p": 76, "v": 90}], "pos": -0.5, "size": 1.0, "_time": 87.4375}, {"$id": 359, "sounds": [{"d": 0.532012939, "p": 77, "v": 98}, {"d": 0.399391174, "p": 69, "v": 77}], "pos": 1.5, "size": 1.0, "_time": 87.62109}, {"$id": 360, "sounds": [{"d": 0.416160583, "p": 64, "v": 47}], "pos": 0.5, "size": 1.0, "_time": 87.80469}, {"$id": 361, "sounds": [{"d": 0.382621765, "p": 54, "v": 53}], "pos": -2.0, "size": 1.0, "_time": 87.80469}, {"$id": 362, "sounds": [{"d": 0.315551758, "p": 76, "v": 102}, {"d": 0.251525879, "p": 69, "v": 90}], "pos": -1.0, "size": 1.0, "_time": 88.171875}, {"$id": 363, "sounds": [{"d": 0.294212341, "p": 74, "v": 100}, {"d": 0.493911743, "p": 60, "v": 75}], "pos": 1.5, "size": 1.0, "_time": 88.53516}, {"$id": 364, "sounds": [{"d": 0.908546448, "p": 69, "v": 100}], "pos": -0.5, "size": 1.0, "_time": 88.90234}, {"$id": 365, "sounds": [{"d": 0.45274353, "p": 53, "v": 77}], "pos": -2.0, "size": 1.0, "_time": 89.26953}, {"$id": 366, "sounds": [{"d": 0.411582947, "p": 64, "v": 65}], "pos": 1.5, "size": 1.0, "_time": 89.26953}, {"$id": 367, "sounds": [{"d": 0.30336, "p": 72, "v": 102}, {"d": 0.173782349, "p": 57, "v": 53}], "pos": -1.0, "size": 1.0, "_time": 89.63281}, {"$id": 368, "sounds": [{"d": 0.2728653, "p": 71, "v": 102}], "pos": 1.0, "size": 1.0, "_time": 90.0}, {"$id": 369, "sounds": [{"d": 0.411582947, "p": 72, "v": 90}], "pos": -2.0, "size": 1.0, "_time": 90.36719}, {"$id": 370, "sounds": [{"d": 0.417678833, "p": 69, "v": 104}], "pos": 1.5, "size": 1.0, "_time": 90.70703}, {"$id": 371, "sounds": [{"d": 0.39024353, "p": 62, "v": 84}, {"d": 0.126525879, "p": 56, "v": 92}], "pos": -1.5, "size": 1.0, "_time": 90.73047}, {"$id": 372, "sounds": [{"d": 0.435974121, "p": 68, "v": 97}], "pos": -0.5, "size": 1.0, "_time": 91.09766}, {"$id": 373, "sounds": [{"d": 0.217987061, "p": 59, "v": 84}, {"d": 0.347557068, "p": 69, "v": 98}, {"d": 0.216461182, "p": 62, "v": 88}], "pos": 1.0, "size": 1.0, "_time": 91.46484}, {"$id": 374, "sounds": [{"d": 0.205795288, "p": 65, "v": 100}], "pos": -1.0, "size": 1.0, "_time": 91.828125}, {"$id": 375, "sounds": [{"d": 0.198173523, "p": 53, "v": 107}], "pos": -1.5, "size": 1.0, "_time": 92.19531}, {"$id": 376, "sounds": [{"d": 0.198173523, "p": 65, "v": 107}], "pos": 1.5, "size": 1.0, "_time": 92.19531}, {"$id": 377, "sounds": [{"d": 0.06402588, "p": 52, "v": 82}], "pos": -1.5, "size": 1.0, "_time": 92.37891}, {"$id": 378, "sounds": [{"d": 0.06402588, "p": 64, "v": 82}], "pos": 1.5, "size": 1.0, "_time": 92.37891}, {"$id": 379, "sounds": [{"d": 0.155487061, "p": 57, "v": 115}], "pos": -1.0, "size": 1.0, "_time": 92.74219}, {"$id": 380, "sounds": [{"d": 0.155487061, "p": 69, "v": 115}], "pos": 2.0, "size": 1.0, "_time": 92.74219}, {"$id": 381, "sounds": [{"d": 0.08231354, "p": 68, "v": 104}], "pos": 2.0, "size": 1.0, "_time": 92.92578}, {"$id": 382, "sounds": [{"d": 0.08231354, "p": 56, "v": 104}], "pos": -1.0, "size": 1.0, "_time": 92.92578}, {"$id": 383, "sounds": [{"d": 0.181404114, "p": 76, "v": 115}], "pos": 0.5, "size": 1.0, "_time": 93.29297}, {"$id": 384, "sounds": [{"d": 0.181404114, "p": 64, "v": 115}], "pos": -1.5, "size": 1.0, "_time": 93.29297}, {"$id": 385, "sounds": [{"d": 0.08231354, "p": 63, "v": 113}], "pos": -1.5, "size": 1.0, "_time": 93.47656}, {"$id": 386, "sounds": [{"d": 0.08231354, "p": 75, "v": 113}], "pos": 0.5, "size": 1.0, "_time": 93.47656}, {"$id": 387, "sounds": [{"d": 0.18293, "p": 81, "v": 124}], "pos": 1.5, "size": 1.0, "_time": 93.83984}, {"$id": 388, "sounds": [{"d": 0.18293, "p": 69, "v": 124}], "pos": -1.0, "size": 1.0, "_time": 93.83984}, {"$id": 389, "sounds": [{"d": 0.117378235, "p": 80, "v": 121}], "pos": 1.5, "size": 1.0, "_time": 94.02344}, {"$id": 390, "sounds": [{"d": 0.117378235, "p": 68, "v": 121}], "pos": -1.0, "size": 1.0, "_time": 94.02344}, {"$id": 391, "sounds": [{"d": 0.253051758, "p": 88, "v": 115}], "pos": 1.0, "size": 1.0, "_time": 94.390625}, {"$id": 392, "sounds": [{"d": 0.240859985, "p": 76, "v": 105}, {"d": 0.240859985, "p": 64, "v": 105}], "pos": -1.5, "size": 1.0, "_time": 94.390625}, {"$id": 393, "sounds": [{"d": 0.233230591, "p": 87, "v": 121}], "pos": 1.0, "size": 1.0, "_time": 94.57422}, {"$id": 394, "sounds": [{"d": 0.242378235, "p": 75, "v": 121}, {"d": 0.242378235, "p": 63, "v": 121}], "pos": -1.5, "size": 1.0, "_time": 94.57422}, {"$id": 395, "sounds": [{"d": 0.0503082275, "p": 93, "v": 124}], "pos": 1.5, "size": 1.0, "_time": 94.9375}, {"$id": 396, "sounds": [{"d": 0.0548782349, "p": 81, "v": 100}], "pos": -1.0, "size": 1.0, "_time": 94.9375}, {"$id": 397, "sounds": [{"d": 1.25457, "p": 80, "v": 121}], "pos": -1.0, "size": 1.0, "_time": 95.12109}, {"$id": 398, "sounds": [{"d": 1.27896118, "p": 92, "v": 121}], "pos": 1.5, "size": 1.0, "_time": 95.12109}, {"$id": 399, "sounds": [{"d": 0.153961182, "p": 76, "v": 78}], "pos": -1.5, "size": 1.0, "_time": 96.58594}, {"$id": 400, "sounds": [{"d": 0.150909424, "p": 72, "v": 75}], "pos": 0.5, "size": 1.0, "_time": 96.70703}, {"$id": 401, "sounds": [{"d": 0.128044128, "p": 69, "v": 57}], "pos": -1.5, "size": 1.0, "_time": 96.828125}, {"$id": 402, "sounds": [{"d": 0.161582947, "p": 76, "v": 76}], "pos": 2.0, "size": 1.0, "_time": 96.953125}, {"$id": 403, "sounds": [{"d": 0.155487061, "p": 72, "v": 75}], "pos": -0.5, "size": 1.0, "_time": 97.07422}, {"$id": 404, "sounds": [{"d": 0.150917053, "p": 69, "v": 75}], "pos": 2.0, "size": 1.0, "_time": 97.19531}, {"$id": 405, "sounds": [{"d": 0.14176178, "p": 77, "v": 90}], "pos": -2.0, "size": 1.0, "_time": 97.31641}, {"$id": 406, "sounds": [{"d": 0.161582947, "p": 72, "v": 82}], "pos": 0.5, "size": 1.0, "_time": 97.4375}, {"$id": 407, "sounds": [{"d": 0.112808228, "p": 69, "v": 60}], "pos": -2.0, "size": 1.0, "_time": 97.5625}, {"$id": 408, "sounds": [{"d": 0.158531189, "p": 77, "v": 80}], "pos": 1.5, "size": 1.0, "_time": 97.68359}, {"$id": 409, "sounds": [{"d": 0.14024353, "p": 72, "v": 72}], "pos": -1.0, "size": 1.0, "_time": 97.80469}, {"$id": 410, "sounds": [{"d": 0.187507629, "p": 69, "v": 64}], "pos": 1.5, "size": 1.0, "_time": 97.92578}, {"$id": 411, "sounds": [{"d": 0.157020569, "p": 79, "v": 90}], "pos": -1.5, "size": 1.0, "_time": 98.046875}, {"$id": 412, "sounds": [{"d": 0.173782349, "p": 72, "v": 65}], "pos": 2.0, "size": 1.0, "_time": 98.171875}, {"$id": 413, "sounds": [{"d": 0.157012939, "p": 69, "v": 58}], "pos": -1.5, "size": 1.0, "_time": 98.29297}, {"$id": 414, "sounds": [{"d": 0.144821167, "p": 79, "v": 87}], "pos": 1.0, "size": 1.0, "_time": 98.41406}, {"$id": 415, "sounds": [{"d": 0.161582947, "p": 72, "v": 66}], "pos": -2.0, "size": 1.0, "_time": 98.53516}, {"$id": 416, "sounds": [{"d": 0.12651825, "p": 69, "v": 72}], "pos": 1.0, "size": 1.0, "_time": 98.66016}, {"$id": 417, "sounds": [{"d": 0.14176178, "p": 77, "v": 87}], "pos": -1.0, "size": 1.0, "_time": 98.78125}, {"$id": 418, "sounds": [{"d": 0.1478653, "p": 72, "v": 75}], "pos": 2.0, "size": 1.0, "_time": 98.90234}, {"$id": 419, "sounds": [{"d": 0.138725281, "p": 69, "v": 59}], "pos": -1.0, "size": 1.0, "_time": 99.02344}, {"$id": 420, "sounds": [{"d": 0.2560959, "p": 77, "v": 72}], "pos": 0.5, "size": 1.0, "_time": 99.14453}, {"$id": 421, "sounds": [{"d": 0.181396484, "p": 72, "v": 71}], "pos": -1.5, "size": 1.0, "_time": 99.26953}, {"$id": 422, "sounds": [{"d": 0.118896484, "p": 69, "v": 67}], "pos": 0.5, "size": 1.0, "_time": 99.390625}, {"$id": 423, "sounds": [{"d": 0.138717651, "p": 74, "v": 81}], "pos": -2.0, "size": 1.0, "_time": 99.51172}, {"$id": 424, "sounds": [{"d": 0.14025116, "p": 71, "v": 67}], "pos": 1.5, "size": 1.0, "_time": 99.63281}, {"$id": 425, "sounds": [{"d": 0.135673523, "p": 62, "v": 65}], "pos": -2.0, "size": 1.0, "_time": 99.75781}, {"$id": 426, "sounds": [{"d": 0.134140015, "p": 74, "v": 92}], "pos": 1.0, "size": 1.0, "_time": 99.87891}, {"$id": 427, "sounds": [{"d": 0.146339417, "p": 71, "v": 75}], "pos": -0.5, "size": 1.0, "_time": 100.0}, {"$id": 428, "sounds": [{"d": 0.150917053, "p": 62, "v": 66}], "pos": 1.0, "size": 1.0, "_time": 100.121094}, {"$id": 429, "sounds": [{"d": 0.1646347, "p": 79, "v": 103}], "pos": -2.0, "size": 1.0, "_time": 100.242188}, {"$id": 430, "sounds": [{"d": 0.120429993, "p": 71, "v": 77}], "pos": 1.5, "size": 1.0, "_time": 100.367188}, {"$id": 431, "sounds": [{"d": 0.1478653, "p": 64, "v": 62}], "pos": -2.0, "size": 1.0, "_time": 100.488281}, {"$id": 432, "sounds": [{"d": 0.161590576, "p": 74, "v": 109}], "pos": 0.5, "size": 1.0, "_time": 100.609375}, {"$id": 433, "sounds": [{"d": 0.125, "p": 71, "v": 78}], "pos": -0.5, "size": 1.0, "_time": 100.730469}, {"$id": 434, "sounds": [{"d": 0.193603516, "p": 64, "v": 61}], "pos": 0.5, "size": 1.0, "_time": 100.855469}, {"$id": 435, "sounds": [{"d": 0.135673523, "p": 72, "v": 107}], "pos": -1.5, "size": 1.0, "_time": 100.976563}, {"$id": 436, "sounds": [{"d": 0.150909424, "p": 69, "v": 79}], "pos": 1.5, "size": 1.0, "_time": 101.097656}, {"$id": 437, "sounds": [{"d": 0.12957, "p": 64, "v": 56}], "pos": -1.5, "size": 1.0, "_time": 101.21875}, {"$id": 438, "sounds": [{"d": 0.149383545, "p": 79, "v": 80}], "pos": 2.0, "size": 1.0, "_time": 101.339844}, {"$id": 439, "sounds": [{"d": 0.160057068, "p": 71, "v": 67}], "pos": -0.5, "size": 1.0, "_time": 101.464844}, {"$id": 440, "sounds": [{"d": 0.157012939, "p": 67, "v": 80}], "pos": 2.0, "size": 1.0, "_time": 101.585938}, {"$id": 441, "sounds": [{"d": 0.128051758, "p": 79, "v": 85}], "pos": -2.0, "size": 1.0, "_time": 101.707031}, {"$id": 442, "sounds": [{"d": 0.138717651, "p": 71, "v": 77}], "pos": 1.0, "size": 1.0, "_time": 101.828125}, {"$id": 443, "sounds": [{"d": 0.153968811, "p": 67, "v": 82}], "pos": -2.0, "size": 1.0, "_time": 101.953125}, {"$id": 444, "sounds": [{"d": 0.125, "p": 79, "v": 87}], "pos": 2.0, "size": 1.0, "_time": 102.074219}, {"$id": 445, "sounds": [{"d": 0.121955872, "p": 71, "v": 85}], "pos": -0.5, "size": 1.0, "_time": 102.195313}, {"$id": 446, "sounds": [{"d": 0.120429993, "p": 67, "v": 85}], "pos": 2.0, "size": 1.0, "_time": 102.316406}, {"$id": 447, "sounds": [{"d": 0.128051758, "p": 76, "v": 108}], "pos": -2.0, "size": 1.0, "_time": 102.4375}, {"$id": 448, "sounds": [{"d": 0.144813538, "p": 71, "v": 103}], "pos": 0.5, "size": 1.0, "_time": 102.621094}, {"$id": 449, "sounds": [{"d": 0.103660583, "p": 72, "v": 95}], "pos": -2.0, "size": 1.0, "_time": 102.804688}, {"$id": 450, "sounds": [{"d": 0.103660583, "p": 74, "v": 100}], "pos": 1.0, "size": 1.0, "_time": 102.988281}, {"$id": 451, "sounds": [{"d": 0.07926941, "p": 76, "v": 103}], "pos": -1.0, "size": 1.0, "_time": 103.171875}, {"$id": 452, "sounds": [{"d": 0.07469177, "p": 77, "v": 108}], "pos": 1.5, "size": 1.0, "_time": 103.355469}, {"$id": 453, "sounds": [{"d": 0.04725647, "p": 79, "v": 105}], "pos": -2.0, "size": 1.0, "_time": 103.535156}, {"$id": 454, "sounds": [{"d": 0.0503082275, "p": 81, "v": 108}], "size": 1.0, "_time": 103.71875, "pos": 0}, {"$id": 455, "sounds": [{"d": 0.205795288, "p": 83, "v": 108}], "pos": -1.5, "size": 1.0, "_time": 103.902344}, {"$id": 456, "sounds": [{"d": 0.103660583, "p": 81, "v": 98}], "pos": 1.0, "size": 1.0, "_time": 104.085938}, {"$id": 457, "sounds": [{"d": 0.07621765, "p": 83, "v": 105}], "pos": -1.5, "size": 1.0, "_time": 104.269531}, {"$id": 458, "sounds": [{"d": 0.0685958862, "p": 84, "v": 116}], "pos": 1.5, "size": 1.0, "_time": 104.453125}, {"$id": 459, "sounds": [{"d": 0.0975647, "p": 86, "v": 108}], "pos": -0.5, "size": 1.0, "_time": 104.632813}, {"$id": 460, "sounds": [{"d": 0.09298706, "p": 84, "v": 85}], "pos": 1.0, "size": 1.0, "_time": 104.816406}, {"$id": 461, "sounds": [{"d": 0.07317352, "p": 83, "v": 93}], "pos": -2.0, "size": 1.0, "_time": 105.0}, {"$id": 462, "sounds": [{"d": 0.0625, "p": 81, "v": 88}], "pos": 1.5, "size": 1.0, "_time": 105.183594}, {"$id": 463, "sounds": [{"d": 0.1600647, "p": 83, "v": 116}], "pos": -1.0, "size": 1.0, "_time": 105.367188}, {"$id": 464, "sounds": [{"d": 0.09146118, "p": 77, "v": 100}], "pos": 1.0, "size": 1.0, "_time": 105.546875}, {"$id": 465, "sounds": [{"d": 0.14024353, "p": 77, "v": 84}], "pos": -2.0, "size": 1.0, "_time": 105.730469}, {"$id": 466, "sounds": [{"d": 0.0685958862, "p": 76, "v": 105}], "pos": 1.5, "size": 1.0, "_time": 105.914063}, {"$id": 467, "sounds": [{"d": 0.07469177, "p": 76, "v": 105}], "pos": -1.0, "size": 1.0, "_time": 106.097656}, {"$id": 468, "sounds": [{"d": 0.07621765, "p": 74, "v": 95}], "pos": 2.0, "size": 1.0, "_time": 106.28125}, {"$id": 469, "sounds": [{"d": 0.08841705, "p": 74, "v": 100}], "pos": -0.5, "size": 1.0, "_time": 106.464844}, {"$id": 470, "sounds": [{"d": 0.0625, "p": 72, "v": 105}], "pos": -2.0, "size": 1.0, "_time": 106.644531}, {"$id": 471, "sounds": [{"d": 0.09603882, "p": 72, "v": 108}], "pos": 2.0, "size": 1.0, "_time": 106.828125}, {"$id": 472, "sounds": [{"d": 0.1875, "p": 71, "v": 118}], "size": 1.0, "_time": 107.574219, "pos": 0}, {"$id": 473, "sounds": [{"d": 0.5121994, "p": 67, "v": 88}], "pos": -1.0, "size": 1.0, "_time": 108.230469}, {"$id": 474, "sounds": [{"d": 0.2225647, "p": 41, "v": 104}], "size": 1.0, "_time": 108.25, "pos": 0}, {"$id": 475, "sounds": [{"d": 0.419212341, "p": 72, "v": 90}], "pos": 1.0, "size": 1.0, "_time": 108.265625}, {"$id": 476, "sounds": [{"d": 1.15854645, "p": 76, "v": 100}], "pos": 2.0, "size": 1.0, "_time": 108.28125}, {"$id": 477, "sounds": [{"d": 0.08231354, "p": 53, "v": 86}], "pos": -1.5, "size": 1.0, "_time": 108.488281}, {"$id": 478, "sounds": [{"d": 0.224090576, "p": 57, "v": 88}], "pos": 0.5, "size": 1.0, "_time": 108.660156}, {"$id": 479, "sounds": [{"d": 0.173782349, "p": 59, "v": 70}], "pos": -1.0, "size": 1.0, "_time": 108.847656}, {"$id": 480, "sounds": [{"d": 0.137191772, "p": 60, "v": 109}], "pos": 1.0, "size": 1.0, "_time": 109.027344}, {"$id": 481, "sounds": [{"d": 0.08079529, "p": 64, "v": 115}], "pos": -1.5, "size": 1.0, "_time": 109.207031}, {"$id": 482, "sounds": [{"d": 0.219512939, "p": 71, "v": 74}], "pos": 2.0, "size": 1.0, "_time": 109.390625}, {"$id": 483, "sounds": [{"d": 0.09298706, "p": 62, "v": 100}], "size": 1.0, "_time": 109.574219, "pos": 0}, {"$id": 484, "sounds": [{"d": 0.292686462, "p": 56, "v": 97}, {"d": 0.211891174, "p": 68, "v": 107}, {"d": 0.298782349, "p": 65, "v": 90}], "pos": -1.5, "size": 1.0, "_time": 109.757813}, {"$id": 485, "sounds": [{"d": 0.347557068, "p": 74, "v": 93}], "pos": 1.5, "size": 1.0, "_time": 109.757813}, {"$id": 486, "sounds": [{"d": 0.12957, "p": 59, "v": 60}], "pos": -1.5, "size": 1.0, "_time": 110.121094}, {"$id": 487, "sounds": [{"d": 0.4146347, "p": 62, "v": 86}, {"w": 0.01953125, "d": 0.5655441, "p": 68, "v": 104}, {"w": 0.03515625, "d": 0.6463394, "p": 79, "v": 109}], "pos": 1.5, "size": 1.0, "_time": 110.429688}, {"$id": 488, "sounds": [{"d": 0.0685958862, "p": 57, "v": 49}], "pos": -0.5, "size": 1.0, "_time": 110.855469}, {"$id": 489, "sounds": [{"d": 0.37043, "p": 74, "v": 106}, {"d": 0.2393341, "p": 52, "v": 93}, {"d": 0.30336, "p": 67, "v": 100}], "pos": -1.5, "size": 1.0, "_time": 111.21875}, {"$id": 490, "sounds": [{"d": 0.152442932, "p": 55, "v": 77}], "pos": 1.0, "size": 1.0, "_time": 111.402344}, {"$id": 491, "sounds": [{"d": 0.06401825, "p": 59, "v": 95}], "pos": -0.5, "size": 1.0, "_time": 111.585938}, {"$id": 492, "sounds": [{"d": 0.346038818, "p": 62, "v": 112}], "pos": -2.0, "size": 1.0, "_time": 111.769531}, {"$id": 493, "sounds": [{"d": 0.365852356, "p": 67, "v": 104}], "pos": 2.0, "size": 1.0, "_time": 111.769531}, {"$id": 494, "sounds": [{"d": 0.0350646973, "p": 59, "v": 62}], "pos": 0.5, "size": 1.0, "_time": 111.953125}, {"$id": 495, "sounds": [{"d": 0.283538818, "p": 62, "v": 82}, {"d": 0.304878235, "p": 71, "v": 109}], "pos": 0.5, "size": 1.0, "_time": 112.316406}, {"$id": 496, "sounds": [{"d": 0.378051758, "p": 45, "v": 98}], "pos": -1.5, "size": 1.0, "_time": 112.679688}, {"$id": 497, "sounds": [{"d": 0.181404114, "p": 62, "v": 109}, {"w": 0.015625, "d": 0.128051758, "p": 71, "v": 98}], "pos": 1.5, "size": 1.0, "_time": 112.683594}, {"$id": 498, "sounds": [{"d": 0.181404114, "p": 50, "v": 78}], "size": 1.0, "_time": 112.949219, "pos": 0}, {"$id": 499, "sounds": [{"d": 0.146347046, "p": 52, "v": 72}], "pos": -1.5, "size": 1.0, "_time": 113.199219}, {"$id": 500, "sounds": [{"d": 0.35823822, "p": 62, "v": 118}, {"d": 0.31098175, "p": 72, "v": 115}], "pos": 1.5, "size": 1.0, "_time": 113.230469}, {"$id": 501, "sounds": [{"d": 0.44207, "p": 57, "v": 90}, {"d": 0.08383942, "p": 53, "v": 100}, {"d": 0.455787659, "p": 64, "v": 112}, {"d": 1.13414764, "p": 41, "v": 104}], "size": 1.0, "_time": 114.144531, "pos": 0}, {"$id": 502, "sounds": [{"d": 0.143287659, "p": 48, "v": 69}], "pos": -1.5, "size": 1.0, "_time": 114.511719}, {"$id": 503, "sounds": [{"d": 0.0396347046, "p": 53, "v": 35}], "pos": 1.0, "size": 1.0, "_time": 114.695313}, {"$id": 504, "sounds": [{"d": 0.3307953, "p": 57, "v": 104}], "pos": -1.5, "size": 1.0, "_time": 114.878906}, {"$id": 505, "sounds": [{"d": 0.179878235, "p": 55, "v": 98}], "pos": 0.5, "size": 1.0, "_time": 115.242188}, {"$id": 506, "sounds": [{"d": 0.44207, "p": 64, "v": 88}, {"d": 0.426826477, "p": 68, "v": 109}], "pos": 1.0, "size": 1.0, "_time": 115.609375}, {"$id": 507, "sounds": [{"d": 0.344512939, "p": 44, "v": 100}], "pos": -1.0, "size": 1.0, "_time": 115.609375}, {"$id": 508, "sounds": [{"d": 0.158531189, "p": 47, "v": 84}], "size": 1.0, "_time": 115.976563, "pos": 0}, {"$id": 509, "sounds": [{"d": 0.466461182, "p": 60, "v": 98}], "pos": -1.5, "size": 1.0, "_time": 116.160156}, {"$id": 510, "sounds": [{"d": 0.45274353, "p": 65, "v": 100}], "pos": 1.5, "size": 1.0, "_time": 116.160156}, {"$id": 511, "sounds": [{"d": 0.07774353, "p": 52, "v": 77}], "size": 1.0, "_time": 116.707031, "pos": 0}, {"$id": 512, "sounds": [{"d": 0.29725647, "p": 40, "v": 112}], "pos": -1.0, "size": 2.0, "_time": 117.039063}, {"$id": 513, "sounds": [{"d": 0.525917053, "p": 64, "v": 125}, {"d": 0.615852356, "p": 72, "v": 122}], "pos": 1.5, "size": 2.0, "_time": 117.050781}, {"$id": 514, "sounds": [{"d": 0.0548782349, "p": 53, "v": 62}], "pos": 0.5, "size": 1.0, "_time": 117.390625}, {"$id": 515, "sounds": [{"d": 0.190544128, "p": 52, "v": 84}], "pos": -1.5, "size": 1.0, "_time": 117.621094}, {"$id": 516, "sounds": [{"d": 0.131095886, "p": 56, "v": 89}], "pos": 2.0, "size": 1.0, "_time": 117.804688}, {"$id": 517, "sounds": [{"d": 0.053352356, "p": 65, "v": 70}], "pos": -2.0, "size": 1.0, "_time": 117.988281}, {"$id": 518, "sounds": [{"d": 0.10975647, "p": 68, "v": 107}], "pos": -1.0, "size": 1.0, "_time": 118.128906}, {"$id": 519, "sounds": [{"d": 0.06402588, "p": 76, "v": 95}], "size": 1.0, "_time": 118.171875, "pos": 0}, {"$id": 520, "sounds": [{"d": 0.03353882, "p": 68, "v": 89}, {"d": 0.03048706, "p": 77, "v": 90}, {"d": 0.06097412, "p": 72, "v": 86}, {"d": 0.08078766, "p": 80, "v": 84}], "pos": 2.0, "size": 1.0, "_time": 118.355469}, {"$id": 521, "sounds": [{"d": 0.2850647, "p": 59, "v": 113}, {"w": 0.00390625, "d": 0.228660583, "p": 68, "v": 104}, {"w": 0.01171875, "d": 0.2972641, "p": 84, "v": 127}, {"w": 0.01953125, "d": 0.253051758, "p": 77, "v": 106}, {"w": 0.01953125, "d": 0.288116455, "p": 91, "v": 102}, {"w": 0.01953125, "d": 0.275917053, "p": 80, "v": 116}], "size": 2.0, "_time": 118.515625, "pos": 0}, {"$id": 522, "sounds": [{"d": 0.08383942, "p": 80, "v": 113}, {"d": 0.1128006, "p": 89, "v": 102}, {"d": 0.118896484, "p": 71, "v": 82}], "size": 2.0, "_time": 118.902344, "pos": 0}, {"$id": 523, "sounds": [{"d": 0.06249237, "p": 68, "v": 113}, {"w": 0.00390625, "d": 0.0563964844, "p": 74, "v": 102}, {"w": 0.015625, "d": 0.181396484, "p": 88, "v": 109}, {"w": 0.015625, "d": 0.09603119, "p": 80, "v": 118}], "size": 2.0, "_time": 119.253906, "pos": 0}, {"$id": 524, "sounds": [{"d": 0.06555176, "p": 84, "v": 115}, {"d": 0.04878235, "p": 76, "v": 104}], "size": 2.0, "_time": 119.632813, "pos": 0}, {"$id": 525, "sounds": [{"d": 0.352142334, "p": 45, "v": 100}, {"d": 0.350616455, "p": 76, "v": 112}, {"d": 0.292686462, "p": 81, "v": 118}, {"d": 0.333847046, "p": 57, "v": 80}], "pos": -2.0, "size": 1.0, "_time": 120.0}, {"$id": 526, "sounds": [{"d": 0.362808228, "p": 76, "v": 93}, {"d": 0.3826294, "p": 48, "v": 62}], "pos": 2.0, "size": 1.0, "_time": 120.367188}, {"$id": 527, "sounds": [{"d": 0.304878235, "p": 52, "v": 72}, {"d": 0.336891174, "p": 75, "v": 116}], "size": 1.0, "_time": 120.730469, "pos": 0}, {"$id": 528, "sounds": [{"d": 0.100608826, "p": 48, "v": 63}, {"d": 0.253044128, "p": 76, "v": 95}], "pos": -2.0, "size": 1.0, "_time": 121.097656}, {"$id": 529, "sounds": [{"d": 0.5640259, "p": 77, "v": 102}], "pos": 0.5, "size": 1.0, "_time": 121.28125}, {"$id": 530, "sounds": [{"d": 0.29725647, "p": 44, "v": 75}, {"d": 0.3689041, "p": 69, "v": 74}], "pos": -2.0, "size": 1.0, "_time": 121.464844}, {"$id": 531, "sounds": [{"d": 0.39024353, "p": 76, "v": 102}], "pos": 1.0, "size": 1.0, "_time": 121.828125}, {"$id": 532, "sounds": [{"d": 0.303352356, "p": 47, "v": 70}], "pos": -1.0, "size": 1.0, "_time": 121.828125}, {"$id": 533, "sounds": [{"d": 0.321647644, "p": 50, "v": 57}], "size": 1.0, "_time": 122.195313, "pos": 0}, {"$id": 534, "sounds": [{"d": 0.3810959, "p": 75, "v": 116}], "pos": 2.0, "size": 1.0, "_time": 122.195313}, {"$id": 535, "sounds": [{"d": 0.440544128, "p": 76, "v": 106}], "pos": 0.5, "size": 1.0, "_time": 122.5625}, {"$id": 536, "sounds": [{"d": 0.08078766, "p": 43, "v": 104}], "pos": -2.0, "size": 1.0, "_time": 122.925781}, {"$id": 537, "sounds": [{"d": 0.0899353, "p": 69, "v": 86}, {"d": 0.3353653, "p": 76, "v": 95}, {"d": 0.39024353, "p": 55, "v": 75}], "pos": -1.0, "size": 1.0, "_time": 123.292969}, {"$id": 538, "sounds": [{"d": 0.341461182, "p": 75, "v": 109}, {"d": 0.157012939, "p": 59, "v": 59}], "pos": 1.0, "size": 1.0, "_time": 123.660156}, {"$id": 539, "sounds": [{"d": 0.17225647, "p": 76, "v": 90}], "pos": 2.0, "size": 1.0, "_time": 124.023438}, {"$id": 540, "sounds": [{"d": 0.399391174, "p": 69, "v": 77}, {"d": 0.532012939, "p": 77, "v": 98}], "pos": -1.5, "size": 1.0, "_time": 124.207031}, {"$id": 541, "sounds": [{"d": 0.382621765, "p": 54, "v": 53}, {"d": 0.416160583, "p": 64, "v": 47}], "pos": 2.0, "size": 1.0, "_time": 124.390625}, {"$id": 542, "sounds": [{"d": 0.315551758, "p": 76, "v": 102}, {"d": 0.251525879, "p": 69, "v": 90}], "pos": -0.5, "size": 1.0, "_time": 124.757813}, {"$id": 543, "sounds": [{"d": 0.294212341, "p": 74, "v": 100}, {"d": 0.493911743, "p": 60, "v": 75}], "pos": 2.0, "size": 1.0, "_time": 125.121094}, {"$id": 544, "sounds": [{"d": 0.908546448, "p": 69, "v": 100}], "pos": -2.0, "size": 1.0, "_time": 125.488281}, {"$id": 545, "sounds": [{"d": 0.45274353, "p": 53, "v": 77}], "pos": -0.5, "size": 1.0, "_time": 125.855469}, {"$id": 546, "sounds": [{"d": 0.411582947, "p": 64, "v": 65}], "pos": 2.0, "size": 1.0, "_time": 125.855469}, {"$id": 547, "sounds": [{"d": 0.30336, "p": 72, "v": 102}], "pos": 0.5, "size": 1.0, "_time": 126.21875}, {"$id": 548, "sounds": [{"d": 0.173782349, "p": 57, "v": 53}], "pos": -1.5, "size": 1.0, "_time": 126.21875}, {"$id": 549, "sounds": [{"d": 0.2728653, "p": 71, "v": 102}], "size": 1.0, "_time": 126.585938, "pos": 0}, {"$id": 550, "sounds": [{"d": 0.411590576, "p": 72, "v": 90}], "pos": 2.0, "size": 1.0, "_time": 126.953125}, {"$id": 551, "sounds": [{"d": 0.429878235, "p": 69, "v": 104}], "pos": 1.5, "size": 1.0, "_time": 127.28125}, {"$id": 552, "sounds": [{"d": 0.126525879, "p": 56, "v": 92}, {"d": 0.39024353, "p": 62, "v": 84}], "pos": -1.5, "size": 1.0, "_time": 127.316406}, {"$id": 553, "sounds": [{"d": 0.43598175, "p": 68, "v": 97}], "size": 1.0, "_time": 127.683594, "pos": 0}, {"$id": 554, "sounds": [{"d": 0.347579956, "p": 69, "v": 98}, {"d": 0.21647644, "p": 62, "v": 88}, {"d": 0.218002319, "p": 59, "v": 84}], "pos": 1.0, "size": 1.0, "_time": 128.046875}, {"$id": 555, "sounds": [{"d": 0.205795288, "p": 65, "v": 100}], "pos": -1.5, "size": 1.0, "_time": 128.414063}, {"$id": 556, "sounds": [{"d": 0.1981659, "p": 53, "v": 107}], "size": 1.0, "_time": 128.78125, "pos": 0}, {"$id": 557, "sounds": [{"d": 0.1981659, "p": 65, "v": 107}], "pos": 1.5, "size": 1.0, "_time": 128.78125}, {"$id": 558, "sounds": [{"d": 0.06402588, "p": 64, "v": 82}], "pos": 1.5, "size": 1.0, "_time": 128.964844}, {"$id": 559, "sounds": [{"d": 0.06402588, "p": 52, "v": 82}], "size": 1.0, "_time": 128.964844, "pos": 0}, {"$id": 560, "sounds": [{"d": 0.155487061, "p": 57, "v": 115}], "pos": -1.5, "size": 1.0, "_time": 129.328125}, {"$id": 561, "sounds": [{"d": 0.155487061, "p": 69, "v": 115}], "pos": 0.5, "size": 1.0, "_time": 129.328125}, {"$id": 562, "sounds": [{"d": 0.08232117, "p": 68, "v": 104}], "pos": 0.5, "size": 1.0, "_time": 129.511719}, {"$id": 563, "sounds": [{"d": 0.08232117, "p": 56, "v": 104}], "pos": -1.5, "size": 1.0, "_time": 129.511719}, {"$id": 564, "sounds": [{"d": 0.181396484, "p": 76, "v": 115}], "pos": -0.5, "size": 1.0, "_time": 129.8789}, {"$id": 565, "sounds": [{"d": 0.181396484, "p": 64, "v": 115}], "pos": -2.0, "size": 1.0, "_time": 129.8789}, {"$id": 566, "sounds": [{"d": 0.08232117, "p": 63, "v": 113}], "pos": -2.0, "size": 1.0, "_time": 130.0625}, {"$id": 567, "sounds": [{"d": 0.08232117, "p": 75, "v": 113}], "pos": -0.5, "size": 1.0, "_time": 130.0625}, {"$id": 568, "sounds": [{"d": 0.182922363, "p": 69, "v": 124}], "pos": -1.0, "size": 1.0, "_time": 130.425781}, {"$id": 569, "sounds": [{"d": 0.182922363, "p": 81, "v": 124}], "pos": 1.0, "size": 1.0, "_time": 130.425781}, {"$id": 570, "sounds": [{"d": 0.117370605, "p": 68, "v": 121}], "pos": -1.0, "size": 1.0, "_time": 130.609375}, {"$id": 571, "sounds": [{"d": 0.117370605, "p": 80, "v": 121}], "pos": 1.0, "size": 1.0, "_time": 130.609375}, {"$id": 572, "sounds": [{"d": 0.240844727, "p": 64, "v": 105}, {"d": 0.240844727, "p": 76, "v": 105}], "pos": -2.0, "size": 1.0, "_time": 130.976563}, {"$id": 573, "sounds": [{"d": 0.2530365, "p": 88, "v": 115}], "pos": 2.0, "size": 1.0, "_time": 130.976563}, {"$id": 574, "sounds": [{"d": 0.233230591, "p": 87, "v": 121}], "pos": 2.0, "size": 1.0, "_time": 131.160156}, {"$id": 575, "sounds": [{"d": 0.2423706, "p": 63, "v": 121}, {"d": 0.2423706, "p": 75, "v": 121}], "pos": -2.0, "size": 1.0, "_time": 131.160156}, {"$id": 576, "sounds": [{"d": 0.0548858643, "p": 81, "v": 100}], "pos": -0.5, "size": 1.4000001, "_time": 131.523438}, {"$id": 577, "sounds": [{"d": 0.0503082275, "p": 93, "v": 124}], "pos": 1.0, "size": 1.4000001, "_time": 131.523438}, {"$id": 578, "sounds": [{"d": 0.54422, "p": 92, "v": 106}], "pos": 1.0, "size": 1.4000001, "_time": 131.707031}, {"$id": 579, "sounds": [{"d": 0.378051758, "p": 52, "v": 118}, {"d": 0.3048706, "p": 80, "v": 127}, {"d": 0.379577637, "p": 40, "v": 127}], "pos": -0.5, "size": 1.4000001, "_time": 131.707031}, {"$id": 580, "sounds": [{"d": 0.3170929, "p": 56, "v": 79}], "pos": -2.0, "size": 1.0, "_time": 132.054688}, {"$id": 581, "sounds": [{"d": 0.315567017, "p": 80, "v": 79}], "pos": 0.5, "size": 1.0, "_time": 132.078125}, {"$id": 582, "sounds": [{"d": 0.315551758, "p": 68, "v": 79}], "pos": 2.0, "size": 1.0, "_time": 132.089844}, {"$id": 583, "sounds": [{"d": 0.205795288, "p": 52, "v": 90}], "pos": -2.0, "size": 1.0, "_time": 132.460938}, {"$id": 584, "sounds": [{"d": 0.205795288, "p": 76, "v": 90}], "pos": -0.5, "size": 1.0, "_time": 132.480469}, {"$id": 585, "sounds": [{"d": 0.207321167, "p": 64, "v": 90}], "pos": 2.0, "size": 1.0, "_time": 132.492188}, {"$id": 586, "sounds": [{"d": 0.182937622, "p": 47, "v": 55}], "pos": -2.0, "size": 1.0, "_time": 132.847656}, {"$id": 587, "sounds": [{"d": 0.1844635, "p": 71, "v": 55}], "pos": 0.5, "size": 1.0, "_time": 132.867188}, {"$id": 588, "sounds": [{"d": 0.182937622, "p": 59, "v": 55}], "pos": 2.0, "size": 1.0, "_time": 132.882813}, {"$id": 589, "sounds": [{"d": 0.221038818, "p": 44, "v": 79}], "pos": -2.0, "size": 1.0, "_time": 133.230469}, {"$id": 590, "sounds": [{"d": 0.2225647, "p": 68, "v": 79}], "pos": -0.5, "size": 1.0, "_time": 133.25}, {"$id": 591, "sounds": [{"d": 0.2225647, "p": 56, "v": 79}], "pos": 2.0, "size": 1.0, "_time": 133.261719}, {"$id": 592, "sounds": [{"d": 0.434448242, "p": 41, "v": 67}], "pos": -2.0, "size": 1.0, "_time": 133.6289}, {"$id": 593, "sounds": [{"d": 0.435974121, "p": 65, "v": 59}], "pos": 0.5, "size": 1.0, "_time": 133.648438}, {"$id": 594, "sounds": [{"d": 0.434448242, "p": 53, "v": 59}], "pos": 2.0, "size": 1.0, "_time": 133.664063}, {"$id": 595, "sounds": [{"d": 0.07469177, "p": 40, "v": 88}], "pos": -1.5, "size": 1.0, "_time": 134.105469}, {"$id": 596, "sounds": [{"d": 0.07469177, "p": 52, "v": 88}], "pos": 1.5, "size": 1.0, "_time": 134.140625}, {"$id": 597, "sounds": [{"d": 0.55336, "p": 35, "v": 106}], "pos": -2.0, "size": 1.0, "_time": 134.605469}, {"$id": 598, "sounds": [{"d": 0.554885864, "p": 47, "v": 106}], "pos": 1.5, "size": 1.0, "_time": 134.640625}, {"$id": 599, "sounds": [{"d": 2.948166, "p": 45, "v": 90}, {"w": 0.00390625, "d": 2.94358826, "p": 48, "v": 82}, {"w": 0.02734375, "d": 2.89175415, "p": 33, "v": 84}], "pos": -0.5, "size": 2.0, "_time": 135.398438}], "links": [{"notes": [{"$ref": 518}, {"$ref": 519}]}, {"notes": [{"$ref": 137}, {"$ref": 138}, {"$ref": 139}, {"$ref": 140}]}, {"notes": [{"$ref": 473}, {"$ref": 474}, {"$ref": 475}, {"$ref": 476}]}, {"notes": [{"$ref": 593}, {"$ref": 594}]}, {"notes": [{"$ref": 589}, {"$ref": 590}]}, {"notes": [{"$ref": 587}, {"$ref": 588}]}, {"notes": [{"$ref": 583}, {"$ref": 584}]}, {"notes": [{"$ref": 581}, {"$ref": 582}]}]}