{"speed": 10.0, "notes": [{"$id": 1, "sounds": [{"d": 1.51422811, "p": 44, "v": 53}], "pos": -1.5, "size": 1.30000007, "_time": 3.90234375}, {"$id": 2, "sounds": [{"d": 0.1727643, "p": 51, "v": 44}], "pos": -0.5, "size": 1.30000007, "_time": 4.14453125}, {"$id": 3, "sounds": [{"d": 0.147357941, "p": 53, "v": 43}], "pos": 0.5, "size": 1.30000007, "_time": 4.390625}, {"$id": 4, "sounds": [{"d": 0.198170662, "p": 51, "v": 53}], "pos": -0.5, "size": 1.30000007, "_time": 4.6328125}, {"$id": 5, "sounds": [{"d": 0.23882103, "p": 58, "v": 61}], "pos": 1.5, "size": 1.30000007, "_time": 4.87890625}, {"$id": 6, "sounds": [{"d": 0.198170662, "p": 51, "v": 48}], "pos": -0.5, "size": 1.30000007, "_time": 5.12109375}, {"$id": 7, "sounds": [{"d": 0.188008308, "p": 53, "v": 47}], "pos": 0.5, "size": 1.30000007, "_time": 5.3671875}, {"$id": 8, "sounds": [{"d": 0.218495846, "p": 51, "v": 54}], "pos": -0.5, "size": 1.30000007, "_time": 5.609375}, {"$id": 9, "sounds": [{"d": 1.473578, "p": 46, "v": 55}], "pos": -1.5, "size": 1.30000007, "_time": 5.85546875}, {"$id": 10, "sounds": [{"d": 0.198170662, "p": 51, "v": 57}], "pos": -0.5, "size": 1.30000007, "_time": 6.09765625}, {"$id": 11, "sounds": [{"d": 0.177845478, "p": 53, "v": 47}], "pos": 0.5, "size": 1.30000007, "_time": 6.33984375}, {"$id": 12, "sounds": [{"d": 0.203252316, "p": 51, "v": 50}], "pos": -0.5, "size": 1.30000007, "_time": 6.5859375}, {"$id": 13, "sounds": [{"d": 0.2540655, "p": 58, "v": 64}], "pos": 1.5, "size": 1.30000007, "_time": 6.828125}, {"$id": 14, "sounds": [{"d": 0.198171139, "p": 51, "v": 53}], "pos": -0.5, "size": 1.30000007, "_time": 7.07421875}, {"$id": 15, "sounds": [{"d": 0.23374033, "p": 53, "v": 38}], "pos": 0.5, "size": 1.30000007, "_time": 7.31640625}, {"$id": 16, "sounds": [{"d": 0.243901253, "p": 51, "v": 44}], "pos": -0.5, "size": 1.30000007, "_time": 7.5625}, {"$id": 17, "sounds": [{"d": 1.20934963, "p": 48, "v": 50}], "pos": -1.5, "size": 1.30000007, "_time": 7.8046875}, {"$id": 18, "sounds": [{"d": 2.78455257, "p": 60, "v": 58}, {"d": 2.48983669, "p": 67, "v": 71}], "pos": 1.0, "size": 1.0, "_time": 7.8046875}, {"$id": 19, "sounds": [{"d": 0.177845955, "p": 51, "v": 55}], "pos": -0.5, "size": 1.30000007, "_time": 8.046875}, {"$id": 20, "sounds": [{"d": 0.162601471, "p": 53, "v": 37}], "pos": 0.5, "size": 1.30000007, "_time": 8.292969}, {"$id": 21, "sounds": [{"d": 0.193089485, "p": 51, "v": 47}], "pos": -0.5, "size": 1.30000007, "_time": 8.535156}, {"$id": 22, "sounds": [{"d": 0.218496323, "p": 58, "v": 54}], "pos": 1.5, "size": 1.30000007, "_time": 8.78125}, {"$id": 23, "sounds": [{"d": 0.172763824, "p": 51, "v": 53}], "pos": -0.5, "size": 1.30000007, "_time": 9.0234375}, {"$id": 24, "sounds": [{"d": 0.188008308, "p": 53, "v": 52}], "pos": 0.5, "size": 1.30000007, "_time": 9.269531}, {"$id": 25, "sounds": [{"d": 0.264227867, "p": 51, "v": 45}], "pos": -0.5, "size": 1.30000007, "_time": 9.511719}, {"$id": 26, "sounds": [{"d": 0.6199188, "p": 48, "v": 51}], "pos": -1.5, "size": 1.30000007, "_time": 9.7578125}, {"$id": 27, "sounds": [{"d": 0.208333015, "p": 51, "v": 49}], "pos": -0.5, "size": 1.30000007, "_time": 10.0}, {"$id": 28, "sounds": [{"d": 0.182926178, "p": 53, "v": 52}], "pos": 0.5, "size": 1.30000007, "_time": 10.2421875}, {"$id": 29, "sounds": [{"d": 0.218495369, "p": 51, "v": 46}], "pos": -0.5, "size": 1.30000007, "_time": 10.4882813}, {"$id": 30, "sounds": [{"d": 0.218494415, "p": 62, "v": 85}, {"d": 0.274389267, "p": 58, "v": 71}], "pos": -1.5, "size": 1.0, "_time": 10.7304688}, {"$id": 31, "sounds": [{"d": 0.203252792, "p": 60, "v": 57}, {"d": 0.223578453, "p": 63, "v": 79}], "pos": -0.5, "size": 1.0, "_time": 10.9765625}, {"$id": 32, "sounds": [{"d": 0.1575203, "p": 91, "v": 44}], "pos": 2.0, "size": 1.0, "_time": 11.21875}, {"$id": 33, "sounds": [{"d": 0.172764778, "p": 89, "v": 63}], "pos": 1.0, "size": 1.0, "_time": 11.3398438}, {"$id": 34, "sounds": [{"d": 0.172763824, "p": 87, "v": 43}], "pos": 0.5, "size": 1.0, "_time": 11.4648438}, {"$id": 35, "sounds": [{"d": 0.172763824, "p": 86, "v": 62}], "pos": 0.5, "size": 1.0, "_time": 11.5859375}, {"$id": 36, "sounds": [{"d": 1.44308758, "p": 44, "v": 56}], "pos": -1.5, "size": 1.30000007, "_time": 11.7070313}, {"$id": 37, "sounds": [{"d": 3.76524162, "p": 87, "v": 48}], "pos": 1.0, "size": 1.0, "_time": 11.7070313}, {"$id": 38, "sounds": [{"d": 0.177845, "p": 51, "v": 58}], "pos": -0.5, "size": 1.30000007, "_time": 11.953125}, {"$id": 39, "sounds": [{"d": 0.172763824, "p": 53, "v": 45}], "pos": 0.5, "size": 1.30000007, "_time": 12.1953125}, {"$id": 40, "sounds": [{"d": 0.198170662, "p": 51, "v": 44}], "pos": -0.5, "size": 1.30000007, "_time": 12.4375}, {"$id": 41, "sounds": [{"d": 0.304877281, "p": 63, "v": 98}], "pos": -1.5, "size": 1.0, "_time": 12.6835938}, {"$id": 42, "sounds": [{"d": 0.23882103, "p": 58, "v": 65}], "pos": 1.5, "size": 1.30000007, "_time": 12.6835938}, {"$id": 43, "sounds": [{"d": 0.193088531, "p": 51, "v": 50}], "pos": -0.5, "size": 1.30000007, "_time": 12.9257813}, {"$id": 44, "sounds": [{"d": 0.208333015, "p": 53, "v": 44}], "pos": 0.5, "size": 1.30000007, "_time": 13.171875}, {"$id": 45, "sounds": [{"d": 0.233739853, "p": 51, "v": 52}], "pos": -0.5, "size": 1.30000007, "_time": 13.4140625}, {"$id": 46, "sounds": [{"d": 4.339427, "p": 94, "v": 65}], "pos": 1.5, "size": 1.0, "_time": 13.6601563}, {"$id": 47, "sounds": [{"d": 2.09857655, "p": 46, "v": 62}], "pos": -1.5, "size": 1.30000007, "_time": 13.6640625}, {"$id": 48, "sounds": [{"d": 0.213415146, "p": 51, "v": 60}], "pos": -0.5, "size": 1.30000007, "_time": 13.9023438}, {"$id": 49, "sounds": [{"d": 0.198170662, "p": 68, "v": 82}], "pos": 1.5, "size": 1.0, "_time": 14.1445313}, {"$id": 50, "sounds": [{"d": 0.167682648, "p": 67, "v": 77}], "pos": 0.5, "size": 1.0, "_time": 14.390625}, {"$id": 51, "sounds": [{"d": 0.802845, "p": 68, "v": 83}], "pos": 1.5, "size": 1.0, "_time": 14.6328125}, {"$id": 52, "sounds": [{"d": 0.188008308, "p": 51, "v": 45}], "pos": -0.5, "size": 1.30000007, "_time": 14.8789063}, {"$id": 53, "sounds": [{"d": 0.193089485, "p": 53, "v": 52}], "pos": 0.5, "size": 1.30000007, "_time": 15.1210938}, {"$id": 54, "sounds": [{"d": 0.23882103, "p": 51, "v": 52}], "pos": -0.5, "size": 1.30000007, "_time": 15.3671875}, {"$id": 55, "sounds": [{"d": 1.05690956, "p": 48, "v": 70}], "pos": -1.5, "size": 1.30000007, "_time": 15.625}, {"$id": 56, "sounds": [{"d": 0.172763824, "p": 51, "v": 57}], "pos": -0.5, "size": 1.30000007, "_time": 15.8554688}, {"$id": 57, "sounds": [{"d": 0.162601471, "p": 53, "v": 57}], "pos": 0.5, "size": 1.30000007, "_time": 16.0976563}, {"$id": 58, "sounds": [{"d": 0.198169708, "p": 51, "v": 54}], "pos": -0.5, "size": 1.30000007, "_time": 16.3398438}, {"$id": 59, "sounds": [{"d": 0.188007355, "p": 58, "v": 71}], "pos": 1.5, "size": 1.30000007, "_time": 16.5859375}, {"$id": 60, "sounds": [{"d": 0.188007355, "p": 51, "v": 53}], "pos": -0.5, "size": 1.30000007, "_time": 16.828125}, {"$id": 61, "sounds": [{"d": 0.177845, "p": 53, "v": 53}], "pos": 0.5, "size": 1.30000007, "_time": 17.0742188}, {"$id": 62, "sounds": [{"d": 0.2235775, "p": 51, "v": 58}], "pos": -0.5, "size": 1.30000007, "_time": 17.3164063}, {"$id": 63, "sounds": [{"d": 0.569105148, "p": 48, "v": 60}], "pos": -1.5, "size": 1.30000007, "_time": 17.5625}, {"$id": 64, "sounds": [{"d": 0.182926178, "p": 51, "v": 62}], "pos": -0.5, "size": 1.30000007, "_time": 17.8046875}, {"$id": 65, "sounds": [{"d": 0.188007355, "p": 53, "v": 57}], "pos": 0.5, "size": 1.30000007, "_time": 18.046875}, {"$id": 66, "sounds": [{"d": 0.223575592, "p": 51, "v": 59}], "pos": -0.5, "size": 1.30000007, "_time": 18.2929688}, {"$id": 67, "sounds": [{"d": 0.365854263, "p": 46, "v": 69}], "pos": -1.5, "size": 1.30000007, "_time": 18.5351563}, {"$id": 68, "sounds": [{"d": 0.213415146, "p": 51, "v": 60}], "pos": -0.5, "size": 1.30000007, "_time": 18.78125}, {"$id": 69, "sounds": [{"d": 0.188007355, "p": 55, "v": 57}], "pos": 0.5, "size": 1.30000007, "_time": 19.0234375}, {"$id": 70, "sounds": [{"d": 0.2235775, "p": 51, "v": 59}], "pos": -0.5, "size": 1.30000007, "_time": 19.2695313}, {"$id": 71, "sounds": [{"d": 0.40650177, "p": 63, "v": 96}], "pos": 1.5, "size": 1.0, "_time": 19.5117188}, {"$id": 72, "sounds": [{"d": 1.2703228, "p": 56, "v": 73}], "pos": -1.5, "size": 1.30000007, "_time": 19.5117188}, {"$id": 73, "sounds": [{"d": 0.167682648, "p": 58, "v": 83}], "pos": -0.5, "size": 1.0, "_time": 20.2421875}, {"$id": 74, "sounds": [{"d": 0.304878235, "p": 63, "v": 98}], "pos": 0.5, "size": 1.0, "_time": 20.4882813}, {"$id": 75, "sounds": [{"d": 0.177846909, "p": 75, "v": 77}], "pos": 1.5, "size": 1.0, "_time": 21.4648438}, {"$id": 76, "sounds": [{"d": 0.6504078, "p": 58, "v": 62}], "pos": -1.5, "size": 1.0, "_time": 21.4648438}, {"$id": 77, "sounds": [{"d": 0.1575203, "p": 70, "v": 74}], "pos": 0.5, "size": 1.0, "_time": 21.7070313}, {"$id": 78, "sounds": [{"d": 0.198169708, "p": 68, "v": 82}], "pos": -0.5, "size": 1.0, "_time": 21.953125}, {"$id": 79, "sounds": [{"d": 0.167682648, "p": 67, "v": 77}], "pos": 0.5, "size": 1.0, "_time": 22.1953125}, {"$id": 80, "sounds": [{"d": 0.172763824, "p": 68, "v": 83}], "pos": 1.5, "size": 1.0, "_time": 22.4375}, {"$id": 81, "sounds": [{"d": 0.101625443, "p": 63, "v": 69}], "pos": -1.5, "size": 1.0, "_time": 22.4375}, {"$id": 82, "sounds": [{"d": 0.411584854, "p": 67, "v": 85}], "pos": -1.5, "size": 1.0, "_time": 23.171875}, {"$id": 83, "sounds": [{"d": 0.284553528, "p": 70, "v": 76}], "pos": -0.5, "size": 1.0, "_time": 23.4140625}, {"$id": 84, "sounds": [{"d": 2.17479324, "p": 91, "v": 57}], "pos": 1.5, "size": 1.0, "_time": 23.9140625}, {"$id": 85, "sounds": [{"d": 1.90040207, "p": 87, "v": 34}], "pos": 0.5, "size": 1.0, "_time": 24.1875}, {"$id": 86, "sounds": [{"d": 0.2235775, "p": 58, "v": 76}], "pos": -1.0, "size": 1.0, "_time": 25.3671875}, {"$id": 87, "sounds": [{"d": 0.147357941, "p": 62, "v": 84}], "pos": 1.0, "size": 1.0, "_time": 25.3671875}, {"$id": 88, "sounds": [{"d": 0.167682648, "p": 63, "v": 83}], "pos": 1.0, "size": 1.0, "_time": 25.609375}, {"$id": 89, "sounds": [{"d": 0.259145737, "p": 60, "v": 72}], "pos": -1.0, "size": 1.0, "_time": 25.609375}, {"$id": 90, "sounds": [{"d": 0.157518387, "p": 62, "v": 76}], "pos": -2.0, "size": 1.0, "_time": 25.8554688}, {"$id": 91, "sounds": [{"d": 0.12195015, "p": 65, "v": 82}], "pos": 2.0, "size": 1.0, "_time": 25.8554688}, {"$id": 92, "sounds": [{"d": 0.162603378, "p": 63, "v": 87}], "pos": -2.0, "size": 1.0, "_time": 26.0976563}, {"$id": 93, "sounds": [{"d": 0.177846909, "p": 67, "v": 80}], "pos": 2.0, "size": 1.0, "_time": 26.0976563}, {"$id": 94, "sounds": [{"d": 0.127033234, "p": 56, "v": 75}], "pos": -1.5, "size": 1.0, "_time": 26.3398438}, {"$id": 95, "sounds": [{"d": 0.127031326, "p": 58, "v": 72}], "pos": -0.5, "size": 1.0, "_time": 26.5859375}, {"$id": 96, "sounds": [{"d": 0.101625443, "p": 60, "v": 80}], "pos": 0.5, "size": 1.0, "_time": 26.828125}, {"$id": 97, "sounds": [{"d": 0.325202942, "p": 63, "v": 92}], "pos": 1.5, "size": 1.0, "_time": 27.0742188}, {"$id": 98, "sounds": [{"d": 1.51422691, "p": 56, "v": 67}], "pos": -2.0, "size": 1.0, "_time": 27.3164063}, {"$id": 99, "sounds": [{"d": 0.162601471, "p": 63, "v": 53}], "pos": -1.0, "size": 1.0, "_time": 27.5625}, {"$id": 100, "sounds": [{"d": 0.208332062, "p": 65, "v": 65}], "size": 1.0, "_time": 27.8046875, "pos": 0}, {"$id": 101, "sounds": [{"d": 0.198171616, "p": 67, "v": 74}], "pos": 1.0, "size": 1.0, "_time": 28.046875}, {"$id": 102, "sounds": [{"d": 0.299797058, "p": 70, "v": 90}], "pos": 2.0, "size": 1.0, "_time": 28.2929688}, {"$id": 103, "sounds": [{"d": 3.831293, "p": 39, "v": 51}, {"w": 0.00390625, "d": 3.80588722, "p": 36, "v": 60}], "pos": -1.0, "size": 1.50000012, "_time": 31.2148438}, {"$id": 104, "sounds": [{"d": 3.83637428, "p": 43, "v": 63}], "pos": 1.5, "size": 1.50000012, "_time": 31.21875}, {"$id": 105, "sounds": [{"d": 1.9004097, "p": 31, "v": 49}], "pos": -0.5, "size": 2.0, "_time": 33.171875}, {"$id": 106, "sounds": [{"d": 1.59552765, "p": 44, "v": 56}], "pos": -1.0, "size": 1.30000007, "_time": 35.1210938}, {"$id": 107, "sounds": [{"d": 0.188007355, "p": 51, "v": 62}], "size": 1.30000007, "_time": 35.3671875, "pos": 0}, {"$id": 108, "sounds": [{"d": 0.1575203, "p": 53, "v": 58}], "pos": 1.0, "size": 1.30000007, "_time": 35.609375}, {"$id": 109, "sounds": [{"d": 0.21849823, "p": 51, "v": 52}], "size": 1.30000007, "_time": 35.85547, "pos": 0}, {"$id": 110, "sounds": [{"d": 0.208332062, "p": 58, "v": 66}], "pos": 2.0, "size": 1.30000007, "_time": 36.0976563}, {"$id": 111, "sounds": [{"d": 0.172763824, "p": 51, "v": 52}], "size": 1.30000007, "_time": 36.3398438, "pos": 0}, {"$id": 112, "sounds": [{"d": 0.188007355, "p": 53, "v": 53}], "pos": 1.0, "size": 1.30000007, "_time": 36.5859375}, {"$id": 113, "sounds": [{"d": 0.228660583, "p": 51, "v": 54}], "size": 1.30000007, "_time": 36.828125, "pos": 0}, {"$id": 114, "sounds": [{"d": 1.36178589, "p": 39, "v": 55}], "pos": -2.0, "size": 1.30000007, "_time": 37.07422}, {"$id": 115, "sounds": [{"d": 0.203250885, "p": 51, "v": 57}], "pos": -1.0, "size": 1.30000007, "_time": 37.3164063}, {"$id": 116, "sounds": [{"d": 0.198169708, "p": 53, "v": 62}], "size": 1.30000007, "_time": 37.5625, "pos": 0}, {"$id": 117, "sounds": [{"d": 0.259147644, "p": 51, "v": 67}], "pos": -1.0, "size": 1.30000007, "_time": 37.8046875}, {"$id": 118, "sounds": [{"d": 0.259143829, "p": 58, "v": 73}], "pos": 2.0, "size": 1.30000007, "_time": 38.046875}, {"$id": 119, "sounds": [{"d": 0.228656769, "p": 51, "v": 64}], "size": 1.30000007, "_time": 38.29297, "pos": 0}, {"$id": 120, "sounds": [{"d": 0.269306183, "p": 53, "v": 64}], "pos": 1.0, "size": 1.30000007, "_time": 38.5351563}, {"$id": 121, "sounds": [{"d": 0.198169708, "p": 51, "v": 77}], "size": 1.30000007, "_time": 38.78125, "pos": 0}, {"$id": 122, "sounds": [{"d": 1.45324326, "p": 48, "v": 69}], "pos": -1.0, "size": 1.30000007, "_time": 39.0234375}, {"$id": 123, "sounds": [{"d": 0.223571777, "p": 51, "v": 68}], "size": 1.30000007, "_time": 39.26953, "pos": 0}, {"$id": 124, "sounds": [{"d": 0.208332062, "p": 53, "v": 67}], "pos": 1.0, "size": 1.30000007, "_time": 39.51172}, {"$id": 125, "sounds": [{"d": 0.238822937, "p": 51, "v": 68}], "size": 1.30000007, "_time": 39.7578125, "pos": 0}, {"$id": 126, "sounds": [{"d": 0.248985291, "p": 58, "v": 78}], "pos": 2.0, "size": 1.30000007, "_time": 40.0}, {"$id": 127, "sounds": [{"d": 0.223575592, "p": 51, "v": 69}], "size": 1.30000007, "_time": 40.2421875, "pos": 0}, {"$id": 128, "sounds": [{"d": 0.223575592, "p": 53, "v": 65}], "pos": 1.0, "size": 1.30000007, "_time": 40.48828}, {"$id": 129, "sounds": [{"d": 0.248985291, "p": 51, "v": 65}], "size": 1.30000007, "_time": 40.73047, "pos": 0}, {"$id": 130, "sounds": [{"d": 1.22458267, "p": 46, "v": 71}], "pos": -2.0, "size": 1.30000007, "_time": 40.9765625}, {"$id": 131, "sounds": [{"d": 0.208328247, "p": 51, "v": 68}], "pos": -1.0, "size": 1.30000007, "_time": 41.21875}, {"$id": 132, "sounds": [{"d": 0.172763824, "p": 53, "v": 71}], "size": 1.30000007, "_time": 41.4648438, "pos": 0}, {"$id": 133, "sounds": [{"d": 0.208332062, "p": 51, "v": 69}], "pos": -1.0, "size": 1.30000007, "_time": 41.70703}, {"$id": 134, "sounds": [{"d": 0.208332062, "p": 58, "v": 78}], "pos": 2.0, "size": 1.30000007, "_time": 41.94922}, {"$id": 135, "sounds": [{"d": 0.213417053, "p": 51, "v": 62}], "size": 1.30000007, "_time": 42.1953125, "pos": 0}, {"$id": 136, "sounds": [{"d": 0.2235794, "p": 53, "v": 68}], "pos": 1.0, "size": 1.30000007, "_time": 42.4375}, {"$id": 137, "sounds": [{"d": 0.238822937, "p": 51, "v": 70}], "pos": -1.0, "size": 1.30000007, "_time": 42.6835938}, {"$id": 138, "sounds": [{"d": 0.238822937, "p": 80, "v": 45}], "pos": -2.0, "size": 1.0, "_time": 42.92578}, {"$id": 139, "sounds": [{"d": 0.23374176, "p": 82, "v": 51}], "pos": -1.0, "size": 1.0, "_time": 43.171875}, {"$id": 140, "sounds": [{"d": 0.188007355, "p": 84, "v": 45}], "size": 1.0, "_time": 43.4140625, "pos": 0}, {"$id": 141, "sounds": [{"d": 1.75304413, "p": 87, "v": 58}], "pos": 1.0, "size": 1.0, "_time": 43.6601563}, {"$id": 142, "sounds": [{"d": 0.228660583, "p": 58, "v": 86}], "pos": 2.0, "size": 1.30000007, "_time": 43.9023438}, {"$id": 143, "sounds": [{"d": 0.172763824, "p": 51, "v": 62}], "size": 1.30000007, "_time": 44.14453, "pos": 0}, {"$id": 144, "sounds": [{"d": 0.2032547, "p": 53, "v": 67}], "pos": 1.0, "size": 1.30000007, "_time": 44.390625}, {"$id": 145, "sounds": [{"d": 0.228656769, "p": 51, "v": 68}], "size": 1.30000007, "_time": 44.6328125, "pos": 0}, {"$id": 146, "sounds": [{"d": 1.51930618, "p": 39, "v": 68}], "pos": -2.0, "size": 1.30000007, "_time": 44.8789063}, {"$id": 147, "sounds": [{"d": 0.162601471, "p": 51, "v": 70}], "pos": -1.0, "size": 1.30000007, "_time": 45.1210938}, {"$id": 148, "sounds": [{"d": 0.177845, "p": 53, "v": 65}], "size": 1.30000007, "_time": 45.3671875, "pos": 0}, {"$id": 149, "sounds": [{"d": 0.152439117, "p": 51, "v": 63}], "pos": -1.0, "size": 1.30000007, "_time": 45.609375}, {"$id": 150, "sounds": [{"d": 0.177848816, "p": 58, "v": 80}], "pos": 2.0, "size": 1.30000007, "_time": 45.85547}, {"$id": 151, "sounds": [{"d": 0.177845, "p": 51, "v": 72}], "size": 1.30000007, "_time": 46.0976563, "pos": 0}, {"$id": 152, "sounds": [{"d": 0.188007355, "p": 53, "v": 67}], "pos": 1.0, "size": 1.30000007, "_time": 46.3398438}, {"$id": 153, "sounds": [{"d": 0.193088531, "p": 51, "v": 66}], "size": 1.30000007, "_time": 46.5859375, "pos": 0}, {"$id": 154, "sounds": [{"d": 1.31096268, "p": 48, "v": 69}], "pos": -1.0, "size": 1.30000007, "_time": 46.828125}, {"$id": 155, "sounds": [{"d": 0.172763824, "p": 51, "v": 65}], "size": 1.30000007, "_time": 47.07422, "pos": 0}, {"$id": 156, "sounds": [{"d": 0.152439117, "p": 53, "v": 62}], "pos": 1.0, "size": 1.30000007, "_time": 47.3164063}, {"$id": 157, "sounds": [{"d": 0.188007355, "p": 51, "v": 57}], "size": 1.30000007, "_time": 47.5625, "pos": 0}, {"$id": 158, "sounds": [{"d": 0.228656769, "p": 58, "v": 88}], "pos": 2.0, "size": 1.30000007, "_time": 47.8046875}, {"$id": 159, "sounds": [{"d": 0.182926178, "p": 51, "v": 55}], "size": 1.30000007, "_time": 48.046875, "pos": 0}, {"$id": 160, "sounds": [{"d": 0.182926178, "p": 53, "v": 66}], "pos": 1.0, "size": 1.30000007, "_time": 48.29297}, {"$id": 161, "sounds": [{"d": 0.218494415, "p": 51, "v": 64}], "size": 1.30000007, "_time": 48.5351563, "pos": 0}, {"$id": 162, "sounds": [{"d": 1.300808, "p": 46, "v": 75}], "pos": -2.0, "size": 1.30000007, "_time": 48.78125}, {"$id": 163, "sounds": [{"d": 0.193088531, "p": 51, "v": 68}], "pos": -1.0, "size": 1.30000007, "_time": 49.0234375}, {"$id": 164, "sounds": [{"d": 0.172763824, "p": 53, "v": 60}], "size": 1.30000007, "_time": 49.26953, "pos": 0}, {"$id": 165, "sounds": [{"d": 0.238819122, "p": 51, "v": 74}], "pos": -1.0, "size": 1.30000007, "_time": 49.51172}, {"$id": 166, "sounds": [{"d": 0.26931, "p": 58, "v": 84}], "pos": 2.0, "size": 1.30000007, "_time": 49.7578125}, {"$id": 167, "sounds": [{"d": 0.188007355, "p": 51, "v": 65}], "pos": -1.0, "size": 1.30000007, "_time": 50.0}, {"$id": 168, "sounds": [{"d": 0.106708527, "p": 94, "v": 59}], "pos": 1.5, "size": 1.0, "_time": 50.2421875}, {"$id": 169, "sounds": [{"d": 0.177845, "p": 92, "v": 46}], "pos": 2.0, "size": 1.0, "_time": 50.3671875}, {"$id": 170, "sounds": [{"d": 0.116867065, "p": 91, "v": 28}], "pos": 2.0, "size": 1.0, "_time": 50.48828}, {"$id": 171, "sounds": [{"d": 0.147357941, "p": 89, "v": 42}], "pos": 1.5, "size": 1.0, "_time": 50.609375}, {"$id": 172, "sounds": [{"d": 1.72763443, "p": 44, "v": 73}], "pos": -2.0, "size": 1.30000007, "_time": 50.73047}, {"$id": 173, "sounds": [{"d": 2.96746826, "p": 87, "v": 55}], "pos": 0.5, "size": 1.0, "_time": 50.73047}, {"$id": 174, "sounds": [{"d": 0.152439117, "p": 51, "v": 66}], "pos": -1.0, "size": 1.30000007, "_time": 50.9765625}, {"$id": 175, "sounds": [{"d": 0.203250885, "p": 53, "v": 62}], "size": 1.30000007, "_time": 51.21875, "pos": 0}, {"$id": 176, "sounds": [{"d": 0.228656769, "p": 51, "v": 67}], "pos": -1.0, "size": 1.30000007, "_time": 51.4648438}, {"$id": 177, "sounds": [{"d": 0.218494415, "p": 58, "v": 85}], "pos": 2.0, "size": 1.30000007, "_time": 51.70703}, {"$id": 178, "sounds": [{"d": 0.162601471, "p": 51, "v": 67}], "size": 1.30000007, "_time": 51.94922, "pos": 0}, {"$id": 179, "sounds": [{"d": 0.208332062, "p": 53, "v": 70}], "pos": 1.0, "size": 1.30000007, "_time": 52.1953125}, {"$id": 180, "sounds": [{"d": 0.182926178, "p": 51, "v": 71}], "size": 1.30000007, "_time": 52.4375, "pos": 0}, {"$id": 181, "sounds": [{"d": 1.41767883, "p": 39, "v": 78}], "pos": -2.0, "size": 1.30000007, "_time": 52.6835938}, {"$id": 182, "sounds": [{"d": 0.193088531, "p": 51, "v": 67}], "pos": -1.0, "size": 1.30000007, "_time": 52.92578}, {"$id": 183, "sounds": [{"d": 0.223575592, "p": 53, "v": 69}], "pos": 1.0, "size": 1.30000007, "_time": 53.171875}, {"$id": 184, "sounds": [{"d": 0.254066467, "p": 51, "v": 73}], "pos": -1.0, "size": 1.30000007, "_time": 53.4140625}, {"$id": 185, "sounds": [{"d": 0.294712067, "p": 58, "v": 84}], "pos": 2.0, "size": 1.30000007, "_time": 53.6601563}, {"$id": 186, "sounds": [{"d": 0.208332062, "p": 51, "v": 60}], "size": 1.30000007, "_time": 53.9023438, "pos": 0}, {"$id": 187, "sounds": [{"d": 0.203250885, "p": 53, "v": 57}], "pos": 1.0, "size": 1.30000007, "_time": 54.14453}, {"$id": 188, "sounds": [{"d": 0.228656769, "p": 51, "v": 69}], "pos": -1.0, "size": 1.30000007, "_time": 54.390625}, {"$id": 189, "sounds": [{"d": 0.213417053, "p": 84, "v": 50}], "pos": -2.0, "size": 1.0, "_time": 54.6328125}, {"$id": 190, "sounds": [{"d": 0.223575592, "p": 86, "v": 48}], "pos": -1.0, "size": 1.0, "_time": 54.8789063}, {"$id": 191, "sounds": [{"d": 0.23374176, "p": 87, "v": 34}], "size": 1.0, "_time": 55.1210938, "pos": 0}, {"$id": 192, "sounds": [{"d": 1.57012177, "p": 91, "v": 35}], "pos": 1.0, "size": 1.0, "_time": 55.3671875}, {"$id": 193, "sounds": [{"d": 0.248985291, "p": 58, "v": 86}], "pos": 2.0, "size": 1.30000007, "_time": 55.609375}, {"$id": 194, "sounds": [{"d": 0.193088531, "p": 51, "v": 59}], "size": 1.30000007, "_time": 55.85547, "pos": 0}, {"$id": 195, "sounds": [{"d": 0.203250885, "p": 53, "v": 62}], "pos": 1.0, "size": 1.30000007, "_time": 56.0976563}, {"$id": 196, "sounds": [{"d": 0.2235794, "p": 51, "v": 61}], "size": 1.30000007, "_time": 56.3398438, "pos": 0}, {"$id": 197, "sounds": [{"d": 1.37194061, "p": 46, "v": 62}], "pos": -2.0, "size": 1.30000007, "_time": 56.5859375}, {"$id": 198, "sounds": [{"d": 0.167682648, "p": 51, "v": 64}], "pos": -1.0, "size": 1.30000007, "_time": 56.828125}, {"$id": 199, "sounds": [{"d": 0.188007355, "p": 53, "v": 62}], "size": 1.30000007, "_time": 57.07422, "pos": 0}, {"$id": 200, "sounds": [{"d": 0.228656769, "p": 51, "v": 66}], "pos": -1.0, "size": 1.30000007, "_time": 57.3164063}, {"$id": 201, "sounds": [{"d": 0.32011795, "p": 58, "v": 88}], "pos": 2.0, "size": 1.30000007, "_time": 57.5625}, {"$id": 202, "sounds": [{"d": 0.17276001, "p": 51, "v": 61}], "size": 1.30000007, "_time": 57.8046875, "pos": 0}, {"$id": 203, "sounds": [{"d": 0.213413239, "p": 53, "v": 67}], "pos": 1.0, "size": 1.30000007, "_time": 58.046875}, {"$id": 204, "sounds": [{"d": 0.264228821, "p": 51, "v": 70}], "size": 1.30000007, "_time": 58.29297, "pos": 0}, {"$id": 205, "sounds": [{"d": 1.6768074, "p": 44, "v": 68}], "pos": -1.0, "size": 1.30000007, "_time": 58.5351563}, {"$id": 206, "sounds": [{"d": 0.162601471, "p": 51, "v": 67}], "size": 1.30000007, "_time": 58.78125, "pos": 0}, {"$id": 207, "sounds": [{"d": 0.182926178, "p": 53, "v": 65}], "pos": 1.0, "size": 1.30000007, "_time": 59.0234375}, {"$id": 208, "sounds": [{"d": 0.228656769, "p": 51, "v": 62}], "size": 1.30000007, "_time": 59.26953, "pos": 0}, {"$id": 209, "sounds": [{"d": 0.279468536, "p": 58, "v": 78}], "pos": 2.0, "size": 1.30000007, "_time": 59.51172}, {"$id": 210, "sounds": [{"d": 0.182922363, "p": 51, "v": 57}], "size": 1.30000007, "_time": 59.7578125, "pos": 0}, {"$id": 211, "sounds": [{"d": 0.208328247, "p": 53, "v": 66}], "pos": 1.0, "size": 1.30000007, "_time": 60.0}, {"$id": 212, "sounds": [{"d": 0.238815308, "p": 51, "v": 63}], "size": 1.30000007, "_time": 60.2421875, "pos": 0}, {"$id": 213, "sounds": [{"d": 1.20424271, "p": 39, "v": 71}], "pos": -2.0, "size": 1.30000007, "_time": 60.48828}, {"$id": 214, "sounds": [{"d": 0.162597656, "p": 51, "v": 65}], "pos": -1.0, "size": 1.30000007, "_time": 60.73047}, {"$id": 215, "sounds": [{"d": 0.167678833, "p": 53, "v": 58}], "size": 1.30000007, "_time": 60.9765625, "pos": 0}, {"$id": 216, "sounds": [{"d": 0.193088531, "p": 51, "v": 62}], "pos": -1.0, "size": 1.30000007, "_time": 61.21875}, {"$id": 217, "sounds": [{"d": 0.1981659, "p": 58, "v": 84}], "pos": 2.0, "size": 1.30000007, "_time": 61.4648438}, {"$id": 218, "sounds": [{"d": 0.1321106, "p": 51, "v": 58}], "size": 1.30000007, "_time": 61.70703, "pos": 0}, {"$id": 219, "sounds": [{"d": 0.208328247, "p": 53, "v": 65}], "pos": 1.0, "size": 1.30000007, "_time": 61.94922}, {"$id": 220, "sounds": [{"d": 0.2845459, "p": 51, "v": 67}], "pos": -1.0, "size": 1.30000007, "_time": 62.1953125}, {"$id": 221, "sounds": [{"d": 0.2184906, "p": 84, "v": 45}], "pos": -2.0, "size": 1.0, "_time": 62.4375}, {"$id": 222, "sounds": [{"d": 0.213409424, "p": 86, "v": 43}], "pos": -1.0, "size": 1.0, "_time": 62.6835938}, {"$id": 223, "sounds": [{"d": 0.254062653, "p": 87, "v": 47}], "size": 1.0, "_time": 62.92578, "pos": 0}, {"$id": 224, "sounds": [{"d": 3.170704, "p": 91, "v": 51}], "pos": 1.0, "size": 1.0, "_time": 63.171875}, {"$id": 225, "sounds": [{"d": 0.203250885, "p": 58, "v": 83}], "pos": 2.0, "size": 1.30000007, "_time": 63.4140625}, {"$id": 226, "sounds": [{"d": 0.21849823, "p": 51, "v": 62}], "size": 1.30000007, "_time": 63.6601563, "pos": 0}, {"$id": 227, "sounds": [{"d": 0.208332062, "p": 53, "v": 69}], "pos": 1.0, "size": 1.30000007, "_time": 63.9023438}, {"$id": 228, "sounds": [{"d": 0.23374176, "p": 51, "v": 61}], "size": 1.30000007, "_time": 64.14453, "pos": 0}, {"$id": 229, "sounds": [{"d": 2.79467773, "p": 46, "v": 69}], "pos": -2.0, "size": 1.30000007, "_time": 64.390625}, {"$id": 230, "sounds": [{"d": 0.147354126, "p": 51, "v": 63}], "pos": -1.0, "size": 1.30000007, "_time": 64.63281}, {"$id": 231, "sounds": [{"d": 0.147354126, "p": 53, "v": 62}], "pos": 1.0, "size": 1.30000007, "_time": 64.87891}, {"$id": 232, "sounds": [{"d": 0.208335876, "p": 51, "v": 57}], "pos": -1.0, "size": 1.30000007, "_time": 65.12109}, {"$id": 233, "sounds": [{"d": 0.18293, "p": 58, "v": 65}], "pos": 2.0, "size": 1.30000007, "_time": 65.36719}, {"$id": 234, "sounds": [{"d": 0.208335876, "p": 51, "v": 56}], "pos": -1.0, "size": 1.30000007, "_time": 65.609375}, {"$id": 235, "sounds": [{"d": 0.193084717, "p": 53, "v": 58}], "pos": 1.0, "size": 1.30000007, "_time": 65.85156}, {"$id": 236, "sounds": [{"d": 0.213409424, "p": 51, "v": 60}], "pos": -1.0, "size": 1.30000007, "_time": 66.09766}, {"$id": 237, "sounds": [{"d": 0.182922363, "p": 58, "v": 62}], "pos": 2.0, "size": 1.30000007, "_time": 66.33984}, {"$id": 238, "sounds": [{"d": 0.213409424, "p": 51, "v": 57}], "pos": -1.0, "size": 1.30000007, "_time": 66.58594}, {"$id": 239, "sounds": [{"d": 0.208335876, "p": 53, "v": 62}], "pos": 1.0, "size": 1.30000007, "_time": 66.828125}, {"$id": 240, "sounds": [{"d": 0.248977661, "p": 51, "v": 52}], "pos": -1.0, "size": 1.30000007, "_time": 67.07422}, {"$id": 241, "sounds": [{"d": 0.193084717, "p": 58, "v": 74}], "pos": 2.0, "size": 1.30000007, "_time": 67.31641}, {"$id": 242, "sounds": [{"d": 0.106704712, "p": 41, "v": 104}], "pos": -1.5, "size": 1.30000007, "_time": 68.29297}, {"$id": 243, "sounds": [{"d": 0.177841187, "p": 53, "v": 104}, {"d": 0.157516479, "p": 63, "v": 87}, {"d": 0.193084717, "p": 56, "v": 79}], "pos": 1.0, "size": 1.30000007, "_time": 68.29297}, {"$id": 244, "sounds": [{"d": 0.45224, "p": 65, "v": 93}], "pos": -0.5, "size": 1.0, "_time": 68.78125}, {"$id": 245, "sounds": [{"d": 0.21849823, "p": 41, "v": 97}], "pos": -1.5, "size": 1.2, "_time": 69.02344}, {"$id": 246, "sounds": [{"d": 0.3150406, "p": 67, "v": 102}], "pos": 0.5, "size": 1.0, "_time": 69.26953}, {"$id": 247, "sounds": [{"d": 0.07621765, "p": 70, "v": 104}], "pos": 1.5, "size": 1.0, "_time": 69.75391}, {"$id": 248, "sounds": [{"d": 0.09654236, "p": 41, "v": 104}], "pos": -1.5, "size": 1.2, "_time": 69.75391}, {"$id": 249, "sounds": [{"d": 0.0863800049, "p": 43, "v": 102}], "pos": -1.0, "size": 1.30000007, "_time": 70.24219}, {"$id": 250, "sounds": [{"d": 0.0508117676, "p": 55, "v": 102}, {"d": 0.09654236, "p": 58, "v": 102}, {"d": 0.157516479, "p": 63, "v": 102}], "pos": 1.0, "size": 1.30000007, "_time": 70.24219}, {"$id": 251, "sounds": [{"d": 0.23374176, "p": 63, "v": 102}], "size": 1.0, "_time": 70.73047, "pos": 0}, {"$id": 252, "sounds": [{"d": 0.1321106, "p": 43, "v": 102}], "pos": -1.0, "size": 1.30000007, "_time": 70.97656}, {"$id": 253, "sounds": [{"d": 0.25914, "p": 65, "v": 102}], "pos": 1.0, "size": 1.0, "_time": 70.97656}, {"$id": 254, "sounds": [{"d": 0.442062378, "p": 67, "v": 99}], "pos": 2.0, "size": 1.0, "_time": 71.21875}, {"$id": 255, "sounds": [{"d": 0.08129883, "p": 70, "v": 93}], "pos": 1.5, "size": 1.0, "_time": 71.70703}, {"$id": 256, "sounds": [{"d": 0.09146118, "p": 43, "v": 93}], "pos": -1.0, "size": 1.30000007, "_time": 71.70703}, {"$id": 257, "sounds": [{"d": 0.147354126, "p": 63, "v": 104}, {"d": 0.0558929443, "p": 55, "v": 104}, {"d": 0.04573059, "p": 58, "v": 104}], "pos": 1.0, "size": 1.30000007, "_time": 72.19531}, {"$id": 258, "sounds": [{"d": 0.116867065, "p": 48, "v": 104}], "pos": -0.5, "size": 1.30000007, "_time": 72.19922}, {"$id": 259, "sounds": [{"d": 0.477638245, "p": 65, "v": 106}], "pos": -0.5, "size": 1.0, "_time": 72.68359}, {"$id": 260, "sounds": [{"d": 0.35569, "p": 67, "v": 106}], "pos": 0.5, "size": 1.0, "_time": 73.171875}, {"$id": 261, "sounds": [{"d": 0.07621765, "p": 70, "v": 104}], "pos": 1.5, "size": 1.0, "_time": 73.66016}, {"$id": 262, "sounds": [{"d": 0.0660553, "p": 55, "v": 97}, {"d": 0.162597656, "p": 63, "v": 97}, {"d": 0.111785889, "p": 58, "v": 97}], "pos": 1.0, "size": 1.30000007, "_time": 74.14453}, {"$id": 263, "sounds": [{"d": 0.111785889, "p": 39, "v": 97}], "pos": -2.0, "size": 1.30000007, "_time": 74.14453}, {"$id": 264, "sounds": [{"d": 0.228660583, "p": 67, "v": 97}], "pos": 1.0, "size": 1.0, "_time": 74.63281}, {"$id": 265, "sounds": [{"d": 0.101623535, "p": 39, "v": 96}], "pos": -2.0, "size": 1.30000007, "_time": 74.87891}, {"$id": 266, "sounds": [{"d": 0.243896484, "p": 63, "v": 96}], "size": 1.0, "_time": 74.87891, "pos": 0}, {"$id": 267, "sounds": [{"d": 0.21849823, "p": 67, "v": 100}], "pos": 1.0, "size": 1.0, "_time": 75.12109}, {"$id": 268, "sounds": [{"d": 0.294715881, "p": 63, "v": 98}], "size": 1.0, "_time": 75.36719, "pos": 0}, {"$id": 269, "sounds": [{"d": 0.0711364746, "p": 39, "v": 104}], "pos": -2.0, "size": 1.30000007, "_time": 75.609375}, {"$id": 270, "sounds": [{"d": 0.208328247, "p": 67, "v": 104}], "pos": 1.0, "size": 1.0, "_time": 75.609375}, {"$id": 271, "sounds": [{"d": 0.09146118, "p": 63, "v": 100}], "size": 1.0, "_time": 75.85156, "pos": 0}, {"$id": 272, "sounds": [{"d": 0.0863800049, "p": 53, "v": 100}, {"d": 0.04573059, "p": 56, "v": 100}, {"d": 0.157516479, "p": 63, "v": 100}], "pos": 1.0, "size": 1.30000007, "_time": 76.09766}, {"$id": 273, "sounds": [{"d": 0.106704712, "p": 41, "v": 100}], "pos": -1.5, "size": 1.30000007, "_time": 76.09766}, {"$id": 274, "sounds": [{"d": 0.45224, "p": 65, "v": 109}], "pos": -0.5, "size": 1.0, "_time": 76.58594}, {"$id": 275, "sounds": [{"d": 0.21849823, "p": 41, "v": 108}], "pos": -1.5, "size": 1.30000007, "_time": 76.828125}, {"$id": 276, "sounds": [{"d": 0.3150406, "p": 67, "v": 107}], "pos": 0.5, "size": 1.0, "_time": 77.07422}, {"$id": 277, "sounds": [{"d": 0.07621765, "p": 70, "v": 102}], "pos": 1.5, "size": 1.0, "_time": 77.5625}, {"$id": 278, "sounds": [{"d": 0.09654236, "p": 41, "v": 102}], "pos": -1.5, "size": 1.30000007, "_time": 77.5625}, {"$id": 279, "sounds": [{"d": 0.0863800049, "p": 43, "v": 94}], "pos": -1.0, "size": 1.30000007, "_time": 78.046875}, {"$id": 280, "sounds": [{"d": 0.157516479, "p": 63, "v": 94}, {"d": 0.0508117676, "p": 55, "v": 94}, {"d": 0.09654236, "p": 58, "v": 94}], "pos": 1.0, "size": 1.30000007, "_time": 78.046875}, {"$id": 281, "sounds": [{"d": 0.23374176, "p": 63, "v": 97}], "size": 1.0, "_time": 78.53516, "pos": 0}, {"$id": 282, "sounds": [{"d": 0.1321106, "p": 43, "v": 102}], "pos": -1.0, "size": 1.30000007, "_time": 78.78125}, {"$id": 283, "sounds": [{"d": 0.25914, "p": 65, "v": 102}], "pos": 1.0, "size": 1.0, "_time": 78.78125}, {"$id": 284, "sounds": [{"d": 0.44207, "p": 67, "v": 102}], "pos": 2.0, "size": 1.0, "_time": 79.02344}, {"$id": 285, "sounds": [{"d": 0.08129883, "p": 70, "v": 101}], "pos": 1.5, "size": 1.0, "_time": 79.51172}, {"$id": 286, "sounds": [{"d": 0.09146118, "p": 43, "v": 101}], "pos": -1.0, "size": 1.30000007, "_time": 79.51172}, {"$id": 287, "sounds": [{"d": 0.04573059, "p": 58, "v": 88}, {"d": 0.0558929443, "p": 55, "v": 88}, {"d": 0.147354126, "p": 63, "v": 88}], "pos": 1.0, "size": 1.30000007, "_time": 80.0}, {"$id": 288, "sounds": [{"d": 0.111785889, "p": 36, "v": 88}], "pos": -2.0, "size": 1.30000007, "_time": 80.0}, {"$id": 289, "sounds": [{"d": 0.477645874, "p": 65, "v": 103}], "pos": -0.5, "size": 1.0, "_time": 80.48828}, {"$id": 290, "sounds": [{"d": 0.172767639, "p": 36, "v": 109}], "pos": -2.0, "size": 1.30000007, "_time": 80.73047}, {"$id": 291, "sounds": [{"d": 0.35569, "p": 67, "v": 108}], "pos": 0.5, "size": 1.0, "_time": 80.97656}, {"$id": 292, "sounds": [{"d": 0.07621765, "p": 70, "v": 102}], "pos": 1.5, "size": 1.0, "_time": 81.46484}, {"$id": 293, "sounds": [{"d": 0.116867065, "p": 36, "v": 102}], "pos": -2.0, "size": 1.30000007, "_time": 81.46484}, {"$id": 294, "sounds": [{"d": 0.111785889, "p": 58, "v": 92}, {"d": 0.0660553, "p": 55, "v": 92}, {"d": 0.162597656, "p": 63, "v": 92}], "pos": 1.0, "size": 1.30000007, "_time": 81.94922}, {"$id": 295, "sounds": [{"d": 0.111785889, "p": 39, "v": 70}], "pos": -1.5, "size": 1.30000007, "_time": 81.94922}, {"$id": 296, "sounds": [{"d": 0.213417053, "p": 70, "v": 73}, {"w": 0.00390625, "d": 0.264228821, "p": 58, "v": 95}], "pos": -0.5, "size": 1.0, "_time": 82.43359}, {"$id": 297, "sounds": [{"d": 0.2642212, "p": 72, "v": 78}, {"w": 0.01953125, "d": 0.269302368, "p": 60, "v": 99}], "pos": 0.5, "size": 1.0, "_time": 82.66406}, {"$id": 298, "sounds": [{"d": 0.101623535, "p": 39, "v": 99}], "pos": -1.5, "size": 1.30000007, "_time": 82.68359}, {"$id": 299, "sounds": [{"d": 0.228660583, "p": 74, "v": 79}, {"w": 0.00390625, "d": 0.188011169, "p": 62, "v": 100}], "pos": 1.5, "size": 1.0, "_time": 82.921875}, {"$id": 300, "sounds": [{"d": 0.243904114, "p": 72, "v": 81}, {"w": 0.01171875, "d": 0.213417053, "p": 60, "v": 102}], "size": 1.0, "_time": 83.16016, "pos": 0}, {"$id": 301, "sounds": [{"d": 0.233734131, "p": 74, "v": 80}, {"w": 0.015625, "d": 0.20324707, "p": 62, "v": 102}], "pos": 1.0, "size": 1.0, "_time": 83.39844}, {"$id": 302, "sounds": [{"d": 0.0711364746, "p": 39, "v": 102}], "pos": -1.5, "size": 1.30000007, "_time": 83.41406}, {"$id": 303, "sounds": [{"d": 2.27133942, "p": 75, "v": 81}, {"w": 0.00390625, "d": 0.172767639, "p": 63, "v": 100}], "pos": 2.0, "size": 1.0, "_time": 83.65234}, {"$id": 304, "sounds": [{"d": 0.106704712, "p": 41, "v": 104}], "pos": -1.0, "size": 1.30000007, "_time": 83.90234}, {"$id": 305, "sounds": [{"d": 0.157516479, "p": 63, "v": 104}, {"d": 0.04573059, "p": 56, "v": 104}, {"d": 0.0863800049, "p": 53, "v": 104}], "pos": 1.0, "size": 1.30000007, "_time": 83.90234}, {"$id": 306, "sounds": [{"d": 0.45224, "p": 65, "v": 102}], "size": 1.0, "_time": 84.390625, "pos": 0}, {"$id": 307, "sounds": [{"d": 0.21849823, "p": 41, "v": 103}], "pos": -1.0, "size": 1.30000007, "_time": 84.63281}, {"$id": 308, "sounds": [{"d": 0.3150406, "p": 67, "v": 105}], "pos": 1.0, "size": 1.0, "_time": 84.87891}, {"$id": 309, "sounds": [{"d": 0.07621765, "p": 70, "v": 107}], "pos": 2.0, "size": 1.0, "_time": 85.36719}, {"$id": 310, "sounds": [{"d": 0.09654236, "p": 41, "v": 107}], "pos": -1.0, "size": 1.30000007, "_time": 85.36719}, {"$id": 311, "sounds": [{"d": 0.0863800049, "p": 43, "v": 106}], "pos": -0.5, "size": 1.30000007, "_time": 85.85156}, {"$id": 312, "sounds": [{"d": 0.0508117676, "p": 55, "v": 106}, {"d": 0.09654236, "p": 58, "v": 106}, {"d": 0.157516479, "p": 63, "v": 106}], "pos": 1.0, "size": 1.30000007, "_time": 85.85156}, {"$id": 313, "sounds": [{"d": 0.23374176, "p": 63, "v": 98}], "pos": -1.5, "size": 1.0, "_time": 86.33984}, {"$id": 314, "sounds": [{"d": 0.1321106, "p": 43, "v": 109}], "pos": -0.5, "size": 1.30000007, "_time": 86.58594}, {"$id": 315, "sounds": [{"d": 0.25914, "p": 65, "v": 109}], "pos": 1.0, "size": 1.0, "_time": 86.58594}, {"$id": 316, "sounds": [{"d": 0.44207, "p": 67, "v": 106}], "pos": 2.0, "size": 1.0, "_time": 86.828125}, {"$id": 317, "sounds": [{"d": 0.08129883, "p": 70, "v": 106}], "pos": 1.5, "size": 1.0, "_time": 87.31641}, {"$id": 318, "sounds": [{"d": 0.09146118, "p": 43, "v": 106}], "pos": -0.5, "size": 1.30000007, "_time": 87.31641}, {"$id": 319, "sounds": [{"d": 0.147354126, "p": 63, "v": 106}, {"d": 0.04573059, "p": 58, "v": 106}, {"d": 0.0558929443, "p": 55, "v": 106}], "pos": 1.0, "size": 1.30000007, "_time": 87.80469}, {"$id": 320, "sounds": [{"d": 0.111785889, "p": 36, "v": 106}], "pos": -2.0, "size": 1.30000007, "_time": 87.80469}, {"$id": 321, "sounds": [{"d": 0.477645874, "p": 65, "v": 105}], "pos": -0.5, "size": 1.0, "_time": 88.29297}, {"$id": 322, "sounds": [{"d": 0.401428223, "p": 36, "v": 97}], "pos": -2.0, "size": 1.30000007, "_time": 88.53516}, {"$id": 323, "sounds": [{"d": 0.355697632, "p": 67, "v": 102}], "pos": 0.5, "size": 1.0, "_time": 88.78125}, {"$id": 324, "sounds": [{"d": 0.07621765, "p": 70, "v": 102}], "pos": 1.5, "size": 1.0, "_time": 89.26953}, {"$id": 325, "sounds": [{"d": 0.116867065, "p": 36, "v": 102}], "pos": -2.0, "size": 1.30000007, "_time": 89.26953}, {"$id": 326, "sounds": [{"d": 0.0660553, "p": 55, "v": 97}, {"d": 0.162597656, "p": 63, "v": 97}, {"d": 0.111785889, "p": 58, "v": 97}], "pos": 1.0, "size": 1.30000007, "_time": 89.75391}, {"$id": 327, "sounds": [{"d": 0.111785889, "p": 39, "v": 97}], "pos": -1.5, "size": 1.30000007, "_time": 89.75391}, {"$id": 328, "sounds": [{"d": 0.23374176, "p": 82, "v": 82}], "pos": 1.5, "size": 1.0, "_time": 90.23828}, {"$id": 329, "sounds": [{"d": 0.228660583, "p": 67, "v": 101}], "pos": -0.5, "size": 1.0, "_time": 90.24219}, {"$id": 330, "sounds": [{"d": 0.269302368, "p": 79, "v": 71}], "pos": 0.5, "size": 1.0, "_time": 90.46875}, {"$id": 331, "sounds": [{"d": 0.243896484, "p": 63, "v": 106}], "pos": -1.5, "size": 1.0, "_time": 90.48828}, {"$id": 332, "sounds": [{"d": 0.2235794, "p": 82, "v": 70}], "pos": 1.5, "size": 1.0, "_time": 90.73047}, {"$id": 333, "sounds": [{"d": 0.21849823, "p": 67, "v": 106}], "pos": -0.5, "size": 1.0, "_time": 90.73047}, {"$id": 334, "sounds": [{"d": 0.2235794, "p": 79, "v": 67}], "pos": 0.5, "size": 1.0, "_time": 90.96875}, {"$id": 335, "sounds": [{"d": 0.294715881, "p": 63, "v": 104}], "pos": -1.5, "size": 1.0, "_time": 90.97656}, {"$id": 336, "sounds": [{"d": 0.238815308, "p": 82, "v": 73}], "pos": 1.5, "size": 1.0, "_time": 91.19922}, {"$id": 337, "sounds": [{"d": 0.208328247, "p": 67, "v": 100}], "pos": -0.5, "size": 1.0, "_time": 91.21875}, {"$id": 338, "sounds": [{"d": 2.12397766, "p": 79, "v": 70}], "pos": 0.5, "size": 1.0, "_time": 91.44141}, {"$id": 339, "sounds": [{"d": 0.09146118, "p": 63, "v": 103}], "pos": -1.5, "size": 1.0, "_time": 91.46484}, {"$id": 340, "sounds": [{"d": 0.04573059, "p": 56, "v": 104}, {"d": 0.157516479, "p": 63, "v": 104}, {"d": 0.0863800049, "p": 53, "v": 104}], "pos": 1.0, "size": 1.30000007, "_time": 91.70703}, {"$id": 341, "sounds": [{"d": 0.106704712, "p": 41, "v": 104}], "pos": -1.0, "size": 1.30000007, "_time": 91.70703}, {"$id": 342, "sounds": [{"d": 0.45224, "p": 65, "v": 102}], "size": 1.0, "_time": 92.19531, "pos": 0}, {"$id": 343, "sounds": [{"d": 0.21849823, "p": 41, "v": 102}], "pos": -1.0, "size": 1.30000007, "_time": 92.4375}, {"$id": 344, "sounds": [{"d": 0.3150406, "p": 67, "v": 100}], "pos": 1.0, "size": 1.0, "_time": 92.68359}, {"$id": 345, "sounds": [{"d": 0.07621765, "p": 70, "v": 93}], "pos": 2.0, "size": 1.0, "_time": 93.171875}, {"$id": 346, "sounds": [{"d": 0.09654236, "p": 41, "v": 93}], "pos": -1.0, "size": 1.30000007, "_time": 93.171875}, {"$id": 347, "sounds": [{"d": 0.0863800049, "p": 43, "v": 97}], "pos": -0.5, "size": 1.30000007, "_time": 93.65625}, {"$id": 348, "sounds": [{"d": 0.157516479, "p": 63, "v": 97}, {"d": 0.0508117676, "p": 55, "v": 97}, {"d": 0.09654236, "p": 58, "v": 97}], "pos": 1.0, "size": 1.30000007, "_time": 93.65625}, {"$id": 349, "sounds": [{"d": 0.23374176, "p": 63, "v": 97}], "pos": -1.5, "size": 1.0, "_time": 94.14453}, {"$id": 350, "sounds": [{"d": 0.1321106, "p": 43, "v": 100}], "pos": -0.5, "size": 1.30000007, "_time": 94.390625}, {"$id": 351, "sounds": [{"d": 0.25914, "p": 65, "v": 100}], "pos": 1.0, "size": 1.0, "_time": 94.390625}, {"$id": 352, "sounds": [{"d": 0.44207, "p": 67, "v": 102}], "pos": 2.0, "size": 1.0, "_time": 94.63281}, {"$id": 353, "sounds": [{"d": 0.08129883, "p": 70, "v": 99}], "pos": 1.5, "size": 1.0, "_time": 95.12109}, {"$id": 354, "sounds": [{"d": 0.09146118, "p": 43, "v": 99}], "pos": -0.5, "size": 1.30000007, "_time": 95.12109}, {"$id": 355, "sounds": [{"d": 0.04573059, "p": 58, "v": 93}, {"d": 0.0558929443, "p": 55, "v": 93}, {"d": 0.147354126, "p": 63, "v": 93}], "pos": 1.0, "size": 1.30000007, "_time": 95.609375}, {"$id": 356, "sounds": [{"d": 0.111785889, "p": 36, "v": 93}], "pos": -2.0, "size": 1.30000007, "_time": 95.609375}, {"$id": 357, "sounds": [{"d": 0.477645874, "p": 65, "v": 95}], "pos": -0.5, "size": 1.0, "_time": 96.09766}, {"$id": 358, "sounds": [{"d": 0.401428223, "p": 36, "v": 95}], "pos": -2.0, "size": 1.30000007, "_time": 96.33984}, {"$id": 359, "sounds": [{"d": 0.355697632, "p": 67, "v": 95}], "pos": 0.5, "size": 1.0, "_time": 96.58594}, {"$id": 360, "sounds": [{"d": 0.07621765, "p": 70, "v": 97}], "pos": 1.5, "size": 1.0, "_time": 97.07422}, {"$id": 361, "sounds": [{"d": 0.116867065, "p": 36, "v": 97}], "pos": -2.0, "size": 1.30000007, "_time": 97.07422}, {"$id": 362, "sounds": [{"d": 0.0660553, "p": 55, "v": 97}, {"d": 0.162597656, "p": 63, "v": 97}, {"d": 0.111785889, "p": 58, "v": 97}], "pos": 1.0, "size": 1.30000007, "_time": 97.5625}, {"$id": 363, "sounds": [{"d": 0.111785889, "p": 39, "v": 97}], "pos": -1.5, "size": 1.30000007, "_time": 97.5625}, {"$id": 364, "sounds": [{"d": 0.264228821, "p": 58, "v": 89}, {"w": 0.015625, "d": 0.198173523, "p": 70, "v": 55}], "pos": -0.5, "size": 1.0, "_time": 98.046875}, {"$id": 365, "sounds": [{"d": 0.254058838, "p": 72, "v": 62}, {"w": 0.01953125, "d": 0.269302368, "p": 60, "v": 86}], "pos": 0.5, "size": 1.0, "_time": 98.27344}, {"$id": 366, "sounds": [{"d": 0.101623535, "p": 39, "v": 86}], "pos": -1.5, "size": 1.30000007, "_time": 98.29297}, {"$id": 367, "sounds": [{"d": 0.248985291, "p": 74, "v": 65}, {"w": 0.01953125, "d": 0.188011169, "p": 62, "v": 86}], "pos": 1.5, "size": 1.0, "_time": 98.515625}, {"$id": 368, "sounds": [{"d": 0.23374176, "p": 72, "v": 66}, {"w": 0.0078125, "d": 0.213417053, "p": 60, "v": 93}], "size": 1.0, "_time": 98.77344, "pos": 0}, {"$id": 369, "sounds": [{"d": 0.299789429, "p": 74, "v": 75}, {"w": 0.015625, "d": 0.20324707, "p": 62, "v": 91}], "pos": 1.0, "size": 1.0, "_time": 99.00781}, {"$id": 370, "sounds": [{"d": 0.0711364746, "p": 39, "v": 91}], "pos": -1.5, "size": 1.30000007, "_time": 99.02344}, {"$id": 371, "sounds": [{"d": 0.17276001, "p": 63, "v": 89}, {"w": 0.0078125, "d": 1.50406647, "p": 75, "v": 69}], "pos": 2.0, "size": 1.0, "_time": 99.26953}, {"$id": 372, "sounds": [{"d": 0.259147644, "p": 82, "v": 66}], "pos": 1.5, "size": 1.0, "_time": 99.51172}, {"$id": 373, "sounds": [{"d": 9.56813049, "p": 32, "v": 62}, {"d": 9.532562, "p": 44, "v": 57}], "pos": -1.5, "size": 1.30000007, "_time": 99.51172}, {"$id": 374, "sounds": [{"d": 0.264228821, "p": 79, "v": 52}], "size": 1.0, "_time": 99.75391, "pos": 0}, {"$id": 375, "sounds": [{"d": 0.248985291, "p": 82, "v": 63}], "pos": 1.5, "size": 1.0, "_time": 100.0}, {"$id": 376, "sounds": [{"d": 0.228660583, "p": 79, "v": 43}], "size": 1.0, "_time": 100.242188, "pos": 0}, {"$id": 377, "sounds": [{"d": 0.198173523, "p": 77, "v": 34}], "pos": -1.0, "size": 1.0, "_time": 100.488281}, {"$id": 378, "sounds": [{"d": 0.23374176, "p": 79, "v": 46}], "size": 1.0, "_time": 100.730469, "pos": 0}, {"$id": 379, "sounds": [{"d": 0.264228821, "p": 77, "v": 36}], "pos": -1.0, "size": 1.0, "_time": 100.976563}, {"$id": 380, "sounds": [{"d": 0.330284119, "p": 75, "v": 30}], "pos": -2.0, "size": 1.0, "_time": 101.21875}, {"$id": 381, "sounds": [{"d": 0.248985291, "p": 82, "v": 50}], "pos": 1.5, "size": 1.0, "_time": 101.464844}, {"$id": 382, "sounds": [{"d": 0.248985291, "p": 79, "v": 32}], "size": 1.0, "_time": 101.707031, "pos": 0}, {"$id": 383, "sounds": [{"d": 0.248985291, "p": 82, "v": 44}], "pos": 1.5, "size": 1.0, "_time": 101.949219}, {"$id": 384, "sounds": [{"d": 0.21849823, "p": 79, "v": 36}], "size": 1.0, "_time": 102.195313, "pos": 0}, {"$id": 385, "sounds": [{"d": 0.198173523, "p": 77, "v": 33}], "pos": -1.0, "size": 1.0, "_time": 102.4375}, {"$id": 386, "sounds": [{"d": 0.213417053, "p": 79, "v": 33}], "size": 1.0, "_time": 102.683594, "pos": 0}, {"$id": 387, "sounds": [{"d": 0.23374176, "p": 77, "v": 29}], "pos": -1.0, "size": 1.0, "_time": 102.925781}, {"$id": 388, "sounds": [{"d": 0.416671753, "p": 75, "v": 32}], "pos": -2.0, "size": 1.0, "_time": 103.171875}, {"$id": 389, "sounds": [{"d": 0.259147644, "p": 82, "v": 50}], "pos": 1.5, "size": 1.0, "_time": 103.414063}, {"$id": 390, "sounds": [{"d": 0.279472351, "p": 79, "v": 35}], "size": 1.0, "_time": 103.65625, "pos": 0}, {"$id": 391, "sounds": [{"d": 0.248985291, "p": 82, "v": 44}], "pos": 1.5, "size": 1.0, "_time": 103.902344}, {"$id": 392, "sounds": [{"d": 0.23374176, "p": 79, "v": 40}], "size": 1.0, "_time": 104.144531, "pos": 0}, {"$id": 393, "sounds": [{"d": 0.193092346, "p": 77, "v": 29}], "pos": -1.0, "size": 1.0, "_time": 104.390625}, {"$id": 394, "sounds": [{"d": 0.21849823, "p": 79, "v": 35}], "size": 1.0, "_time": 104.632813, "pos": 0}, {"$id": 395, "sounds": [{"d": 0.330284119, "p": 77, "v": 30}], "pos": -1.0, "size": 1.0, "_time": 104.878906}, {"$id": 396, "sounds": [{"d": 0.238815308, "p": 75, "v": 24}], "pos": -2.0, "size": 1.0, "_time": 105.121094}, {"$id": 397, "sounds": [{"d": 0.238822937, "p": 82, "v": 26}], "pos": 1.5, "size": 1.0, "_time": 105.367188}, {"$id": 398, "sounds": [{"d": 0.243904114, "p": 79, "v": 26}], "size": 1.0, "_time": 105.609375, "pos": 0}, {"$id": 399, "sounds": [{"d": 0.238822937, "p": 82, "v": 22}], "pos": 1.5, "size": 1.0, "_time": 105.851563}, {"$id": 400, "sounds": [{"d": 0.23374176, "p": 79, "v": 25}], "size": 1.0, "_time": 106.097656, "pos": 0}, {"$id": 401, "sounds": [{"d": 0.188011169, "p": 77, "v": 18}], "pos": -1.0, "size": 1.0, "_time": 106.339844}, {"$id": 402, "sounds": [{"d": 0.208335876, "p": 79, "v": 26}], "size": 1.0, "_time": 106.585938, "pos": 0}, {"$id": 403, "sounds": [{"d": 0.26931, "p": 77, "v": 24}], "pos": -1.0, "size": 1.0, "_time": 106.828125}, {"$id": 404, "sounds": [{"d": 2.08840942, "p": 75, "v": 21}], "pos": -2.0, "size": 1.0, "_time": 107.074219}], "links": [{"notes": [{"$ref": 168}, {"$ref": 169}, {"$ref": 170}, {"$ref": 171}, {"$ref": 173}]}, {"notes": [{"$ref": 32}, {"$ref": 33}, {"$ref": 34}, {"$ref": 35}, {"$ref": 37}]}]}