{"notes": [{"_time": 1.6796875, "$id": 1, "sounds": [{"d": 0.21875, "p": 57, "v": 61, "w": 0.0}], "pos": -2.0, "size": 1.0}, {"_time": 2.0546875, "$id": 2, "sounds": [{"d": 0.21875, "p": 60, "v": 74, "w": 0.0}], "pos": -0.8742347, "size": 1.0}, {"_time": 2.4375, "$id": 3, "sounds": [{"d": 0.21875, "p": 64, "v": 78, "w": 0.0}], "pos": 0.221163273, "size": 1.0}, {"_time": 2.8046875, "$id": 4, "sounds": [{"d": 1.6171875, "p": 69, "v": 70, "w": 0.0}], "pos": 1.44156408, "size": 1.0}, {"_time": 3.0, "$id": 5, "pos": -2.0, "size": 1.0}, {"_time": 3.515625, "$id": 6, "pos": 0.139849663, "size": 1.0}, {"_time": 4.125, "$id": 7, "pos": 2.0, "size": 1.0}, {"_time": 4.6796875, "$id": 8, "sounds": [{"d": 0.21875, "p": 57, "v": 67, "w": 0.0}], "pos": -0.6538358, "size": 1.0}, {"_time": 5.0546875, "$id": 9, "sounds": [{"d": 0.2109375, "p": 60, "v": 74, "w": 0.0}], "pos": 0.3436265, "size": 1.0}, {"_time": 5.0625, "$id": 10, "pos": -1.2894125, "size": 1.0}, {"_time": 5.4375, "$id": 11, "sounds": [{"d": 0.2109375, "p": 64, "v": 66, "w": 0.0}], "pos": 1.24958086, "size": 1.0}, {"_time": 5.59375, "$id": 12, "pos": -2.0, "size": 1.0}, {"_time": 5.8125, "$id": 13, "sounds": [{"d": 1.578125, "p": 69, "v": 70, "w": 0.0}], "pos": 2.0, "size": 1.0}, {"_time": 6.5859375, "$id": 14, "pos": -0.02380991, "size": 1.0}, {"_time": 7.140625, "$id": 15, "pos": 2.0, "size": 1.0}, {"_time": 7.6640625, "$id": 16, "sounds": [{"d": 0.234375, "p": 57, "v": 88, "w": 0.0}], "pos": -2.0, "size": 1.1}, {"_time": 7.6796875, "$id": 17, "sounds": [{"d": 0.2265625, "p": 69, "v": 88, "w": 0.0}], "pos": -0.000420570374, "size": 1.1}, {"_time": 8.0625, "$id": 18, "sounds": [{"d": 0.21875, "p": 60, "v": 66, "w": 0.0}], "pos": -0.9986477, "size": 1.1}, {"_time": 8.0625, "$id": 19, "sounds": [{"d": 0.2109375, "p": 72, "v": 85, "w": 0.0}], "pos": 1.05116844, "size": 1.1}, {"_time": 8.4375, "$id": 20, "sounds": [{"d": 0.1953125, "p": 76, "v": 82, "w": 0.0}], "pos": 0.5768795, "size": 1.1}, {"_time": 8.6015625, "$id": 21, "pos": -2.0, "size": 1.1}, {"_time": 8.8046875, "$id": 22, "sounds": [{"d": 1.5390625, "p": 81, "v": 82, "w": 0.0}], "pos": 2.0, "size": 1.1}, {"_time": 9.5390625, "$id": 23, "pos": -0.161680222, "size": 1.0}, {"_time": 10.109375, "$id": 24, "pos": 2.0, "size": 1.0}, {"_time": 10.6796875, "$id": 25, "sounds": [{"d": 0.203125, "p": 57, "v": 78, "w": 0.0}], "pos": -2.0, "size": 1.1}, {"_time": 10.6796875, "$id": 26, "sounds": [{"d": 0.2109375, "p": 69, "v": 82, "w": 0.0}], "pos": 0.02629757, "size": 1.1}, {"_time": 11.046875, "$id": 27, "sounds": [{"d": 0.1875, "p": 60, "v": 80, "w": 0.0}], "pos": -1.10690117, "size": 1.1}, {"_time": 11.0546875, "$id": 28, "sounds": [{"d": 0.1953125, "p": 72, "v": 90, "w": 0.0}], "pos": 1.07788754, "size": 1.1}, {"_time": 11.421875, "$id": 29, "sounds": [{"d": 0.1796875, "p": 76, "v": 89, "w": 0.0}], "pos": 0.1435175, "size": 1.1}, {"_time": 11.5859375, "$id": 30, "pos": -2.0, "size": 1.1}, {"_time": 11.796875, "$id": 31, "sounds": [{"d": 0.4765625, "p": 81, "v": 91, "w": 0.0}], "pos": 1.49923325, "size": 1.1}, {"_time": 12.171875, "$id": 32, "sounds": [{"d": 0.1484375, "p": 72, "v": 85, "w": 0.0}], "pos": -0.361030579, "size": 1.1}, {"_time": 12.359375, "$id": 33, "sounds": [{"d": 0.1328125, "p": 76, "v": 90, "w": 0.0}], "pos": 0.7343674, "size": 1.1}, {"_time": 12.546875, "$id": 34, "sounds": [{"d": 0.234375, "p": 81, "v": 96, "w": 0.0}], "pos": 2.0, "size": 1.1}, {"_time": 12.546875, "$id": 35, "sounds": [{"d": 0.2734375, "p": 69, "v": 76, "w": 0.0}], "pos": -0.498645782, "size": 1.1}, {"_time": 12.9296875, "$id": 36, "sounds": [{"d": 0.140625, "p": 76, "v": 100, "w": 0.0}], "pos": -2.0, "size": 1.0}, {"_time": 13.3046875, "$id": 37, "sounds": [{"d": 0.6015625, "p": 83, "v": 100, "w": 0.0}], "pos": 2.0, "size": 1.30000007}, {"_time": 13.3125, "$id": 38, "sounds": [{"d": 0.6015625, "p": 80, "v": 91, "w": 0.0}], "pos": -0.5, "size": 1.30000007}, {"_time": 14.0625, "$id": 39, "sounds": [{"d": 0.3359375, "p": 76, "v": 90, "w": 0.0}], "pos": -2.0, "size": 1.30000007}, {"_time": 14.0625, "$id": 40, "sounds": [{"d": 0.3203125, "p": 80, "v": 90, "w": 0.0}], "pos": 0.5562191, "size": 1.30000007}, {"_time": 14.6015625, "$id": 41, "sounds": [{"d": 0.7890625, "p": 69, "v": 92, "w": 0.0}], "pos": -0.412828445, "size": 1.50000012}, {"_time": 14.609375, "$id": 42, "sounds": [{"d": 0.7890625, "p": 81, "v": 97, "w": 0.0}], "pos": 2.0, "size": 1.50000012}, {"_time": 15.5546875, "$id": 43, "sounds": [{"d": 0.2109375, "p": 57, "v": 54, "w": 0.0}], "pos": -2.0, "size": 1.0}, {"_time": 15.75, "$id": 44, "sounds": [{"d": 0.1953125, "p": 59, "v": 68, "w": 0.0}], "pos": -0.646820068, "size": 1.0}, {"_time": 15.9296875, "$id": 45, "sounds": [{"d": 0.15625, "p": 60, "v": 78, "w": 0.0}], "pos": 0.508628845, "size": 1.0}, {"_time": 16.3046875, "$id": 46, "sounds": [{"d": 0.203125, "p": 62, "v": 66, "w": 0.0}], "pos": -1.03479385, "size": 1.0}, {"_time": 16.6796875, "$id": 47, "sounds": [{"d": 0.1796875, "p": 64, "v": 62, "w": 0.0}], "pos": 1.56973934, "size": 1.0}, {"_time": 17.046875, "$id": 48, "sounds": [{"d": 0.1953125, "p": 65, "v": 66, "w": 0.0}], "pos": -0.0102672577, "size": 1.0}, {"_time": 17.390625, "$id": 49, "sounds": [{"d": 0.0625, "p": 64, "v": 71, "w": 0.0}], "pos": -1.45798206, "size": 1.0}, {"_time": 17.4296875, "$id": 50, "sounds": [{"d": 0.1015625, "p": 65, "v": 63, "w": 0.0}], "pos": -0.9871464, "size": 1.0}, {"_time": 17.4609375, "$id": 51, "sounds": [{"d": 0.1171875, "p": 64, "v": 58, "w": 0.0}], "pos": -1.45798206, "size": 1.0}, {"_time": 17.6171875, "$id": 52, "sounds": [{"d": 0.21875, "p": 62, "v": 81, "w": 0.0}], "pos": 0.770634651, "size": 1.0}, {"_time": 17.8046875, "$id": 53, "sounds": [{"d": 0.15625, "p": 60, "v": 74, "w": 0.0}], "pos": -0.863328, "size": 1.0}, {"_time": 17.984375, "$id": 54, "sounds": [{"d": 0.078125, "p": 62, "v": 68, "w": 0.0}], "pos": 1.5, "size": 1.0}, {"_time": 18.0234375, "$id": 55, "sounds": [{"d": 0.1171875, "p": 64, "v": 73, "w": 0.0}], "pos": 2.0, "size": 1.0}, {"_time": 18.3671875, "$id": 56, "sounds": [{"d": 2.9453125, "p": 59, "v": 80, "w": 0.0}], "pos": -2.0, "size": 1.0}, {"_time": 18.9375, "$id": 57, "pos": 2.0, "size": 1.0}, {"_time": 19.5, "$id": 58, "pos": 0.0, "size": 1.0}, {"_time": 20.0625, "$id": 59, "pos": -2.0, "size": 1.0}, {"_time": 20.625, "$id": 60, "pos": -2.0, "size": 1.1}, {"_time": 20.9921875, "$id": 61, "pos": -2.0, "size": 1.1}, {"_time": 21.0, "$id": 62, "pos": 0.5, "size": 1.1}, {"_time": 21.5625, "$id": 63, "sounds": [{"d": 0.1171875, "p": 64, "v": 71, "w": 0.0}], "pos": 0.6342592, "size": 1.0}, {"_time": 21.7421875, "$id": 64, "sounds": [{"d": 0.171875, "p": 64, "v": 87, "w": 0.0}], "pos": 0.6342592, "size": 1.0}, {"_time": 21.9296875, "$id": 65, "sounds": [{"d": 0.1953125, "p": 62, "v": 72, "w": 0.0}], "pos": -1.0, "size": 1.0}, {"_time": 22.125, "$id": 66, "sounds": [{"d": 0.1875, "p": 64, "v": 87, "w": 0.0}], "pos": 0.6342592, "size": 1.0}, {"_time": 22.3125, "$id": 67, "sounds": [{"d": 0.5859375, "p": 62, "v": 59, "w": 0.0}], "pos": -1.0, "size": 1.0}, {"_time": 22.4921875, "$id": 68, "pos": -2.0, "size": 1.0}, {"_time": 23.046875, "$id": 69, "sounds": [{"d": 0.2109375, "p": 52, "v": 70, "w": 0.0}], "pos": -2.0, "size": 1.0}, {"_time": 23.2421875, "$id": 70, "sounds": [{"d": 0.234375, "p": 59, "v": 87, "w": 0.0}], "pos": 0.496404648, "size": 1.0}, {"_time": 23.4375, "$id": 71, "sounds": [{"d": 0.171875, "p": 57, "v": 58, "w": 0.0}], "pos": -1.35034847, "size": 1.0}, {"_time": 23.609375, "$id": 72, "sounds": [{"d": 0.328125, "p": 59, "v": 72, "w": 0.0}], "pos": 0.009259224, "size": 1.0}, {"_time": 23.8203125, "$id": 73, "sounds": [{"d": 1.59375, "p": 60, "v": 67, "w": 0.0}], "pos": 1.24386692, "size": 1.0}, {"_time": 24.0078125, "$id": 74, "sounds": [{"d": 1.484375, "p": 57, "v": 32, "w": 0.0}], "pos": -1.16090393, "size": 1.0}, {"_time": 24.375, "$id": 75, "pos": 0.3105545, "size": 1.0}, {"_time": 24.75, "$id": 76, "pos": -1.571043, "size": 1.0}, {"_time": 24.9375, "$id": 77, "pos": -0.228010178, "size": 1.0}, {"_time": 25.125, "$id": 78, "pos": 0.918808, "size": 1.0}, {"_time": 25.5, "$id": 79, "pos": 2.0, "size": 1.0}, {"_time": 25.875, "$id": 80, "sounds": [{"d": 1.1015625, "p": 52, "v": 72, "w": 0.0}], "pos": -2.0, "size": 1.50000012}, {"_time": 25.875, "$id": 81, "sounds": [{"d": 1.15625, "p": 68, "v": 84, "w": 0.0}], "pos": 2.0, "size": 1.50000012}, {"_time": 26.0625, "$id": 82, "pos": -2.0, "size": 1.0}, {"_time": 26.25, "$id": 83, "pos": 0.729365349, "size": 1.0}, {"_time": 26.9921875, "$id": 84, "pos": -1.5, "size": 1.0}, {"_time": 27.0, "$id": 85, "pos": 1.5, "size": 1.0}, {"_time": 27.5546875, "$id": 86, "sounds": [{"d": 0.1875, "p": 69, "v": 87, "w": 0.0}], "pos": -0.754629135, "size": 1.0}, {"_time": 27.7421875, "$id": 87, "sounds": [{"d": 0.171875, "p": 71, "v": 86, "w": 0.0}], "pos": 0.5, "size": 1.0}, {"_time": 27.9296875, "$id": 88, "sounds": [{"d": 0.2265625, "p": 72, "v": 74, "w": 0.0}], "pos": 1.74195385, "size": 1.0}, {"_time": 28.1171875, "$id": 89, "sounds": [{"d": 0.9140625, "p": 60, "v": 53, "w": 0.0}], "pos": 1.73680687, "size": 1.1}, {"_time": 28.1171875, "$id": 90, "sounds": [{"d": 0.734375, "p": 64, "v": 41, "w": 0.0}], "pos": -1.121109, "size": 1.1}, {"_time": 28.3046875, "$id": 91, "sounds": [{"d": 0.171875, "p": 74, "v": 78, "w": 0.0}], "pos": -0.2990532, "size": 1.0}, {"_time": 28.6875, "$id": 92, "sounds": [{"d": 0.1484375, "p": 76, "v": 75, "w": 0.0}], "pos": 0.9864063, "size": 1.0}, {"_time": 29.046875, "$id": 93, "sounds": [{"d": 0.2734375, "p": 74, "v": 78, "w": 0.0}], "pos": -0.661028862, "size": 1.0}, {"_time": 29.0546875, "$id": 94, "sounds": [{"d": 0.2890625, "p": 77, "v": 81, "w": 0.0}], "pos": 2.0, "size": 1.0}, {"_time": 29.390625, "$id": 95, "sounds": [{"d": 0.078125, "p": 76, "v": 58, "w": 0.0}], "pos": 1.1673851, "size": 1.0}, {"_time": 29.4375, "$id": 96, "sounds": [{"d": 0.09375, "p": 77, "v": 66, "w": 0.0}], "pos": 1.68170738, "size": 1.0}, {"_time": 29.5, "$id": 97, "sounds": [{"d": 0.09375, "p": 76, "v": 81, "w": 0.0}], "pos": 1.1673851, "size": 1.0}, {"_time": 29.609375, "$id": 98, "sounds": [{"d": 0.2265625, "p": 74, "v": 86, "w": 0.0}], "pos": -1.48084354, "size": 1.0}, {"_time": 29.796875, "$id": 99, "sounds": [{"d": 0.1484375, "p": 72, "v": 74, "w": 0.0}], "pos": 0.542499542, "size": 1.0}, {"_time": 29.9921875, "$id": 100, "sounds": [{"d": 0.046875, "p": 64, "v": 47, "w": 0.0}], "pos": -2.0, "size": 1.0}, {"_time": 30.3671875, "$id": 101, "sounds": [{"d": 1.7421875, "p": 56, "v": 57, "w": 0.0}], "pos": -0.7361107, "size": 1.1}, {"_time": 30.3671875, "$id": 102, "sounds": [{"d": 1.75, "p": 64, "v": 40, "w": 0.0}], "pos": 1.5, "size": 1.1}, {"_time": 30.9375, "$id": 103, "pos": 2.0, "size": 0.9}, {"_time": 31.3125, "$id": 104, "pos": 1.136672, "size": 0.9}, {"_time": 31.6875, "$id": 105, "pos": 0.12246418, "size": 0.9}, {"_time": 32.0625, "$id": 106, "pos": -0.743572235, "size": 0.9}, {"_time": 32.4375, "$id": 107, "pos": -2.0, "size": 0.9}, {"_time": 32.625, "$id": 108, "pos": 1.17679214, "size": 0.9}, {"_time": 33.0, "$id": 109, "pos": -2.0, "size": 0.9}, {"_time": 33.5546875, "$id": 110, "sounds": [{"d": 0.109375, "p": 76, "v": 79, "w": 0.0}], "pos": 2.0, "size": 1.1}, {"_time": 33.5625, "$id": 111, "sounds": [{"d": 0.0859375, "p": 72, "v": 53, "w": 0.0}], "pos": -0.5, "size": 1.1}, {"_time": 33.7421875, "$id": 112, "sounds": [{"d": 0.1640625, "p": 76, "v": 86, "w": 0.0}], "pos": 2.0, "size": 1.0}, {"_time": 33.9375, "$id": 113, "sounds": [{"d": 0.109375, "p": 74, "v": 81, "w": 0.0}], "pos": 0.5, "size": 1.0}, {"_time": 34.125, "$id": 114, "sounds": [{"d": 0.1640625, "p": 76, "v": 92, "w": 0.0}], "pos": 2.0, "size": 1.0}, {"_time": 34.3125, "$id": 115, "sounds": [{"d": 0.6484375, "p": 74, "v": 96, "w": 0.0}], "pos": 0.5, "size": 1.0}, {"_time": 35.0546875, "$id": 116, "sounds": [{"d": 0.1796875, "p": 64, "v": 76, "w": 0.0}], "pos": -2.0, "size": 1.0}, {"_time": 35.2265625, "$id": 117, "sounds": [{"d": 0.125, "p": 68, "v": 81, "w": 0.0}], "pos": -2.0, "size": 1.2}, {"_time": 35.234375, "$id": 118, "sounds": [{"d": 0.234375, "p": 71, "v": 91, "w": 0.0}], "pos": -0.180555344, "size": 1.2}, {"_time": 35.421875, "$id": 119, "sounds": [{"d": 0.1796875, "p": 72, "v": 75, "w": 0.0}], "pos": 0.648098946, "size": 1.0}, {"_time": 35.609375, "$id": 120, "sounds": [{"d": 0.1796875, "p": 71, "v": 71, "w": 0.0}], "pos": -1.26309872, "size": 1.0}, {"_time": 35.8046875, "$id": 121, "sounds": [{"d": 1.625, "p": 69, "v": 61, "w": 0.0}], "pos": 0.002462387, "size": 1.0}, {"_time": 35.8125, "$id": 122, "sounds": [{"d": 1.5078125, "p": 52, "v": 49, "w": 0.0}], "pos": -2.0, "size": 1.0}, {"_time": 36.5625, "$id": 123, "pos": -2.0, "size": 1.0}, {"_time": 36.9375, "$id": 124, "pos": -0.878890038, "size": 1.0}, {"_time": 37.3125, "$id": 125, "pos": 0.0, "size": 1.0}, {"_time": 37.6875, "$id": 126, "pos": 0.5, "size": 1.0}, {"_time": 37.8671875, "$id": 127, "sounds": [{"d": 0.9453125, "p": 71, "v": 88, "w": 0.0}], "pos": -2.0, "size": 1.70000017}, {"_time": 37.875, "$id": 128, "sounds": [{"d": 0.0390625, "p": 82, "v": 77, "w": 0.0}], "pos": 0.0, "size": 1.70000017}, {"_time": 38.0625, "$id": 129, "pos": 1.0, "size": 1.0}, {"_time": 38.4375, "$id": 130, "pos": 1.5, "size": 1.0}, {"_time": 38.8125, "$id": 131, "pos": 2.0, "size": 1.0}, {"_time": 38.9921875, "$id": 132, "sounds": [{"d": 0.34375, "p": 69, "v": 88, "w": 0.0}], "pos": 0.0, "size": 1.1}, {"_time": 38.9921875, "$id": 133, "sounds": [{"d": 0.3828125, "p": 81, "v": 88, "w": 0.0}], "pos": 2.0, "size": 1.1}, {"_time": 39.3671875, "$id": 134, "sounds": [{"d": 0.2421875, "p": 72, "v": 87, "w": 0.0}], "pos": -2.0, "size": 1.1}, {"_time": 39.5546875, "$id": 135, "sounds": [{"d": 0.2265625, "p": 52, "v": 81, "w": 0.0}], "pos": -2.0, "size": 1.1}, {"_time": 39.5546875, "$id": 136, "sounds": [{"d": 0.15625, "p": 76, "v": 89, "w": 0.0}], "pos": 0.166667938, "size": 1.1}, {"_time": 39.9296875, "$id": 137, "sounds": [{"d": 0.1796875, "p": 81, "v": 88, "w": 0.0}], "pos": 0.5, "size": 1.1}, {"_time": 40.3046875, "$id": 138, "sounds": [{"d": 0.2109375, "p": 53, "v": 81, "w": 0.0}], "pos": -0.9986458, "size": 1.1}, {"_time": 40.3046875, "$id": 139, "sounds": [{"d": 0.234375, "p": 84, "v": 97, "w": 0.0}], "pos": 2.0, "size": 1.1}, {"_time": 40.6796875, "$id": 140, "sounds": [{"d": 0.1875, "p": 60, "v": 92, "w": 0.0}], "pos": 1.5, "size": 1.30000007}, {"_time": 40.6796875, "$id": 141, "sounds": [{"d": 0.2265625, "p": 81, "v": 92, "w": 0.0}], "pos": -0.498645782, "size": 1.30000007}, {"_time": 41.0546875, "$id": 142, "sounds": [{"d": 0.25, "p": 52, "v": 80, "w": 0.0}], "pos": -0.9986458, "size": 1.1}, {"_time": 41.0546875, "$id": 143, "sounds": [{"d": 0.2734375, "p": 83, "v": 82, "w": 0.0}], "pos": 2.0, "size": 1.1}, {"_time": 41.4296875, "$id": 144, "sounds": [{"d": 0.171875, "p": 59, "v": 79, "w": 0.0}], "pos": 1.5, "size": 1.30000007}, {"_time": 41.4296875, "$id": 145, "sounds": [{"d": 0.2578125, "p": 80, "v": 93, "w": 0.0}], "pos": -0.498645782, "size": 1.30000007}, {"_time": 41.8046875, "$id": 146, "sounds": [{"d": 0.1171875, "p": 81, "v": 86, "w": 0.0}], "pos": -2.0, "size": 1.1}, {"_time": 41.9921875, "$id": 147, "sounds": [{"d": 0.234375, "p": 69, "v": 76, "w": 0.0}], "pos": -2.0, "size": 1.1}, {"_time": 41.9921875, "$id": 148, "sounds": [{"d": 0.2421875, "p": 45, "v": 74, "w": 0.0}], "pos": 0.0, "size": 1.1}, {"_time": 42.3671875, "$id": 149, "sounds": [{"d": 0.125, "p": 72, "v": 63, "w": 0.0}], "pos": 2.0, "size": 1.1}, {"_time": 42.5546875, "$id": 150, "sounds": [{"d": 0.1484375, "p": 76, "v": 77, "w": 0.0}], "pos": 2.0, "size": 1.1}, {"_time": 42.5546875, "$id": 151, "sounds": [{"d": 0.1953125, "p": 52, "v": 77, "w": 0.0}], "pos": 0.0, "size": 1.1}, {"_time": 42.9296875, "$id": 152, "sounds": [{"d": 0.1796875, "p": 81, "v": 96, "w": 0.0}], "pos": -0.5, "size": 1.1}, {"_time": 43.3046875, "$id": 153, "sounds": [{"d": 0.234375, "p": 53, "v": 78, "w": 0.0}], "pos": -2.0, "size": 1.1}, {"_time": 43.3046875, "$id": 154, "sounds": [{"d": 0.234375, "p": 84, "v": 84, "w": 0.0}], "pos": 1.16666794, "size": 1.1}, {"_time": 43.6796875, "$id": 155, "sounds": [{"d": 0.171875, "p": 60, "v": 94, "w": 0.0}], "pos": -1.5, "size": 1.30000007}, {"_time": 43.6796875, "$id": 156, "sounds": [{"d": 0.1875, "p": 81, "v": 98, "w": 0.0}], "pos": 0.5, "size": 1.30000007}, {"_time": 44.0546875, "$id": 157, "sounds": [{"d": 0.2265625, "p": 52, "v": 82, "w": 0.0}], "pos": -2.0, "size": 1.1}, {"_time": 44.0546875, "$id": 158, "sounds": [{"d": 0.2734375, "p": 83, "v": 95, "w": 0.0}], "pos": 1.04166794, "size": 1.1}, {"_time": 44.4296875, "$id": 159, "sounds": [{"d": 0.171875, "p": 80, "v": 93, "w": 0.0}], "pos": 0.5, "size": 1.30000007}, {"_time": 44.4375, "$id": 160, "sounds": [{"d": 0.109375, "p": 59, "v": 68, "w": 0.0}], "pos": -1.5, "size": 1.30000007}, {"_time": 44.8125, "$id": 161, "sounds": [{"d": 0.125, "p": 81, "v": 84, "w": 0.0}], "pos": 2.0, "size": 1.1}, {"_time": 44.9921875, "$id": 162, "sounds": [{"d": 0.2890625, "p": 81, "v": 53, "w": 0.0}], "pos": 2.0, "size": 1.1}, {"_time": 44.9921875, "$id": 163, "sounds": [{"d": 0.265625, "p": 45, "v": 86, "w": 0.0}], "pos": 0.0, "size": 1.1}, {"_time": 45.3671875, "$id": 164, "sounds": [{"d": 0.1640625, "p": 72, "v": 79, "w": 0.0}], "pos": -2.0, "size": 1.1}, {"_time": 45.5625, "$id": 165, "sounds": [{"d": 0.140625, "p": 76, "v": 88, "w": 0.0}], "pos": -2.0, "size": 1.1}, {"_time": 45.5625, "$id": 166, "sounds": [{"d": 0.1640625, "p": 52, "v": 89, "w": 0.0}], "pos": 0.0, "size": 1.1}, {"_time": 45.9296875, "$id": 167, "sounds": [{"d": 0.1953125, "p": 81, "v": 91, "w": 0.0}], "pos": 0.5, "size": 1.1}, {"_time": 46.3046875, "$id": 168, "sounds": [{"d": 0.2734375, "p": 53, "v": 78, "w": 0.0}], "pos": -1.0, "size": 1.1}, {"_time": 46.3046875, "$id": 169, "sounds": [{"d": 0.265625, "p": 84, "v": 92, "w": 0.0}], "pos": 2.0, "size": 1.1}, {"_time": 46.6796875, "$id": 170, "sounds": [{"d": 0.203125, "p": 81, "v": 95, "w": 0.0}], "pos": -0.5, "size": 1.30000007}, {"_time": 46.6796875, "$id": 171, "sounds": [{"d": 0.1328125, "p": 60, "v": 89, "w": 0.0}], "pos": 1.5, "size": 1.30000007}, {"_time": 47.0546875, "$id": 172, "sounds": [{"d": 0.3515625, "p": 83, "v": 85, "w": 0.0}], "pos": 2.0, "size": 1.1}, {"_time": 47.0546875, "$id": 173, "sounds": [{"d": 0.359375, "p": 52, "v": 84, "w": 0.0}], "pos": -1.0, "size": 1.1}, {"_time": 47.4296875, "$id": 174, "sounds": [{"d": 0.21875, "p": 80, "v": 97, "w": 0.0}], "pos": -0.5, "size": 1.30000007}, {"_time": 47.4296875, "$id": 175, "sounds": [{"d": 0.2109375, "p": 59, "v": 94, "w": 0.0}], "pos": 1.5, "size": 1.30000007}, {"_time": 47.8046875, "$id": 176, "sounds": [{"d": 0.1015625, "p": 81, "v": 85, "w": 0.0}], "pos": -2.0, "size": 1.1}, {"_time": 47.9921875, "$id": 177, "sounds": [{"d": 0.265625, "p": 45, "v": 83, "w": 0.0}], "pos": -2.0, "size": 1.1}, {"_time": 47.9921875, "$id": 178, "sounds": [{"d": 0.265625, "p": 81, "v": 91, "w": 0.0}], "pos": 0.0, "size": 1.1}, {"_time": 48.3671875, "$id": 179, "sounds": [{"d": 0.171875, "p": 72, "v": 81, "w": 0.0}], "pos": 2.0, "size": 1.1}, {"_time": 48.5546875, "$id": 180, "sounds": [{"d": 0.1640625, "p": 76, "v": 95, "w": 0.0}], "pos": 0.0, "size": 1.1}, {"_time": 48.5625, "$id": 181, "sounds": [{"d": 0.1875, "p": 52, "v": 81, "w": 0.0}], "pos": 2.0, "size": 1.1}, {"_time": 48.9375, "$id": 182, "sounds": [{"d": 0.1484375, "p": 81, "v": 80, "w": 0.0}], "pos": 3.0, "size": 1.0}, {"_time": 48.9375, "$id": 183, "pos": -1.0, "size": 1.0}, {"_time": 49.125, "$id": 184, "pos": 0.0953989, "size": 1.0}, {"_time": 49.3125, "$id": 185, "sounds": [{"d": 0.1015625, "p": 52, "v": 69, "w": 0.0}], "pos": -2.0, "size": 1.0}, {"_time": 49.3125, "$id": 186, "pos": 1.09675312, "size": 1.0}, {"_time": 49.6953125, "$id": 187, "sounds": [{"d": 0.234375, "p": 69, "v": 82, "w": 0.0}], "pos": 0.13064003, "size": 1.0}, {"_time": 49.6953125, "$id": 188, "sounds": [{"d": 0.2421875, "p": 57, "v": 88, "w": 0.0}], "pos": 2.0, "size": 1.0}, {"_time": 50.0546875, "$id": 189, "sounds": [{"d": 0.25, "p": 60, "v": 88, "w": 0.0}], "pos": 2.0, "size": 1.1}, {"_time": 50.0625, "$id": 190, "sounds": [{"d": 0.234375, "p": 72, "v": 97, "w": 0.0}], "pos": -0.5227766, "size": 1.1}, {"_time": 50.4375, "$id": 191, "sounds": [{"d": 0.1875, "p": 76, "v": 101, "w": 0.0}], "pos": -1.3218298, "size": 1.2}, {"_time": 50.4375, "$id": 192, "sounds": [{"d": 0.2578125, "p": 64, "v": 88, "w": 0.0}], "pos": 2.0, "size": 1.2}, {"_time": 50.8203125, "$id": 193, "sounds": [{"d": 1.296875, "p": 69, "v": 80, "w": 0.0}], "pos": 2.0, "size": 1.30000007}, {"_time": 50.8359375, "$id": 194, "sounds": [{"d": 1.1953125, "p": 81, "v": 97, "w": 0.0}], "pos": -2.0, "size": 1.30000007}, {"_time": 51.0, "$id": 195, "pos": -2.0, "size": 1.0}, {"_time": 51.375, "$id": 196, "pos": 2.0, "size": 1.0}, {"_time": 51.75, "$id": 197, "pos": 2.0, "size": 1.0}, {"_time": 52.125, "$id": 198, "pos": 2.0, "size": 1.0}, {"_time": 52.3125, "$id": 199, "pos": -0.487143517, "size": 1.0}, {"_time": 52.5, "$id": 200, "pos": 0.9715824, "size": 1.0}, {"_time": 52.6328125, "$id": 201, "sounds": [{"d": 0.8125, "p": 62, "v": 50, "w": 0.0}], "pos": -2.0, "size": 1.1}, {"_time": 52.6796875, "$id": 202, "sounds": [{"d": 0.2421875, "p": 74, "v": 61, "w": 0.0}], "pos": -1.3504734, "size": 1.1}, {"_time": 52.6953125, "$id": 203, "sounds": [{"d": 0.2109375, "p": 81, "v": 94, "w": 0.0}], "pos": 2.0, "size": 1.1}, {"_time": 52.734375, "$id": 204, "sounds": [{"d": 0.15625, "p": 77, "v": 59, "w": 0.0}], "pos": -0.7744379, "size": 1.1}, {"_time": 53.0, "$id": 205, "sounds": [{"d": 0.1328125, "p": 81, "v": 67, "w": 0.0}], "pos": 2.0, "size": 1.1}, {"_time": 53.25, "$id": 206, "sounds": [{"d": 0.1640625, "p": 81, "v": 83, "w": 0.0}], "pos": 0.726826668, "size": 1.1}, {"_time": 53.5234375, "$id": 207, "sounds": [{"d": 0.1640625, "p": 79, "v": 102, "w": 0.0}], "pos": -0.351826668, "size": 1.1}, {"_time": 53.78125, "$id": 208, "sounds": [{"d": 0.1328125, "p": 77, "v": 81, "w": 0.0}], "pos": -1.136672, "size": 1.1}, {"_time": 53.9375, "$id": 209, "sounds": [{"d": 1.2265625, "p": 60, "v": 24, "w": 0.0}], "pos": -1.62111, "size": 1.1}, {"_time": 53.96875, "$id": 210, "sounds": [{"d": 1.1328125, "p": 64, "v": 48, "w": 0.0}], "pos": -1.72936344, "size": 1.1}, {"_time": 54.0234375, "$id": 211, "sounds": [{"d": 1.296875, "p": 72, "v": 45, "w": 0.0}], "pos": 1.06326008, "size": 1.1}, {"_time": 54.078125, "$id": 212, "sounds": [{"d": 1.1796875, "p": 76, "v": 51, "w": 0.0}], "pos": 1.56326008, "size": 1.1}, {"_time": 54.09375, "$id": 213, "sounds": [{"d": 1.234375, "p": 67, "v": 24, "w": 0.0}], "pos": -1.94605827, "size": 1.1}, {"_time": 54.1015625, "$id": 214, "sounds": [{"d": 1.1953125, "p": 79, "v": 67, "w": 0.0}], "pos": 1.93826008, "size": 1.1}, {"_time": 54.375, "$id": 215, "pos": -2.0, "size": 1.0}, {"_time": 54.75, "$id": 216, "pos": -2.0, "size": 1.0}, {"_time": 55.0859375, "$id": 217, "pos": -2.0, "size": 1.0}, {"_time": 55.3125, "$id": 218, "pos": 0.5, "size": 1.0}, {"_time": 55.5, "$id": 219, "pos": -1.0, "size": 1.0}, {"_time": 55.703125, "$id": 220, "sounds": [{"d": 0.21875, "p": 79, "v": 72, "w": 0.0}], "pos": 2.0, "size": 1.2}, {"_time": 55.7265625, "$id": 221, "sounds": [{"d": 0.171875, "p": 57, "v": 54, "w": 0.0}], "pos": -2.0, "size": 1.2}, {"_time": 56.015625, "$id": 222, "sounds": [{"d": 0.15625, "p": 79, "v": 67, "w": 0.0}], "pos": 2.0, "size": 1.2}, {"_time": 56.0234375, "$id": 223, "sounds": [{"d": 0.140625, "p": 57, "v": 63, "w": 0.0}], "pos": -2.0, "size": 1.2}, {"_time": 56.2734375, "$id": 224, "sounds": [{"d": 0.203125, "p": 79, "v": 79, "w": 0.0}], "pos": 2.0, "size": 1.2}, {"_time": 56.2890625, "$id": 225, "sounds": [{"d": 0.1484375, "p": 57, "v": 67, "w": 0.0}], "pos": -2.0, "size": 1.2}, {"_time": 56.5390625, "$id": 226, "sounds": [{"d": 0.15625, "p": 77, "v": 96, "w": 0.0}], "pos": 0.458727837, "size": 1.0}, {"_time": 56.7890625, "$id": 227, "sounds": [{"d": 0.171875, "p": 76, "v": 79, "w": 0.0}], "pos": -0.9073067, "size": 1.0}, {"_time": 57.0078125, "$id": 228, "sounds": [{"d": 1.453125, "p": 71, "v": 64, "w": 0.0}], "pos": 1.06575012, "size": 1.0}, {"_time": 57.046875, "$id": 229, "sounds": [{"d": 1.421875, "p": 74, "v": 57, "w": 0.0}], "pos": 1.44075012, "size": 1.0}, {"_time": 57.0703125, "$id": 230, "sounds": [{"d": 1.3984375, "p": 77, "v": 68, "w": 0.0}], "pos": 1.81575012, "size": 1.0}, {"_time": 57.375, "$id": 231, "pos": 2.0, "size": 1.0}, {"_time": 57.75, "$id": 232, "pos": 2.0, "size": 1.0}, {"_time": 58.078125, "$id": 233, "pos": 2.0, "size": 1.0}, {"_time": 58.3125, "$id": 234, "pos": -0.5, "size": 1.0}, {"_time": 58.5, "$id": 235, "pos": 1.0, "size": 1.0}, {"_time": 58.6484375, "$id": 236, "sounds": [{"d": 0.2421875, "p": 56, "v": 59, "w": 0.0}], "pos": -2.0, "size": 1.2}, {"_time": 58.65625, "$id": 237, "sounds": [{"d": 0.234375, "p": 77, "v": 83, "w": 0.0}], "pos": 2.0, "size": 1.2}, {"_time": 58.9765625, "$id": 238, "sounds": [{"d": 0.15625, "p": 77, "v": 77, "w": 0.0}], "pos": 2.00135231, "size": 1.2}, {"_time": 58.9765625, "$id": 239, "sounds": [{"d": 0.140625, "p": 56, "v": 61, "w": 0.0}], "pos": -2.0, "size": 1.2}, {"_time": 59.234375, "$id": 240, "sounds": [{"d": 0.1640625, "p": 56, "v": 62, "w": 0.0}], "pos": -2.0, "size": 1.2}, {"_time": 59.234375, "$id": 241, "sounds": [{"d": 0.1875, "p": 77, "v": 89, "w": 0.0}], "pos": 2.0, "size": 1.2}, {"_time": 59.5078125, "$id": 242, "sounds": [{"d": 0.15625, "p": 76, "v": 103, "w": 0.0}], "pos": 0.9971237, "size": 1.2}, {"_time": 59.765625, "$id": 243, "sounds": [{"d": 0.1953125, "p": 74, "v": 81, "w": 0.0}], "pos": -0.528416634, "size": 1.2}, {"_time": 60.0, "$id": 244, "sounds": [{"d": 0.484375, "p": 69, "v": 59, "w": 0.0}], "pos": 0.471583366, "size": 1.4000001}, {"_time": 60.0078125, "$id": 245, "sounds": [{"d": 0.390625, "p": 72, "v": 63, "w": 0.0}], "pos": -2.0, "size": 1.4000001}, {"_time": 60.375, "$id": 246, "pos": -1.313261, "size": 1.0}, {"_time": 60.5390625, "$id": 247, "sounds": [{"d": 0.5390625, "p": 74, "v": 96, "w": 0.0}], "pos": 1.05011177, "size": 1.2}, {"_time": 60.75, "$id": 248, "pos": -1.313261, "size": 1.0}, {"_time": 61.1171875, "$id": 249, "sounds": [{"d": 0.5, "p": 72, "v": 82, "w": 0.0}], "pos": 2.0, "size": 1.2}, {"_time": 61.140625, "$id": 250, "sounds": [{"d": 0.4921875, "p": 76, "v": 79, "w": 0.0}], "pos": -0.134259224, "size": 1.2}, {"_time": 61.3125, "$id": 251, "pos": 1.202301, "size": 1.0}, {"_time": 61.5, "$id": 252, "pos": -0.0142087936, "size": 1.0}, {"_time": 61.703125, "$id": 253, "sounds": [{"d": 0.1875, "p": 69, "v": 86, "w": 0.0}], "pos": -2.0, "size": 1.1}, {"_time": 62.0625, "$id": 254, "sounds": [{"d": 0.1640625, "p": 60, "v": 87, "w": 0.0}], "pos": 0.401036263, "size": 1.1}, {"_time": 62.0703125, "$id": 255, "sounds": [{"d": 0.1640625, "p": 72, "v": 87, "w": 0.0}], "pos": -1.33791161, "size": 1.1}, {"_time": 62.4375, "$id": 256, "sounds": [{"d": 0.2265625, "p": 64, "v": 82, "w": 0.0}], "pos": 0.901036263, "size": 1.30000007}, {"_time": 62.4375, "$id": 257, "sounds": [{"d": 0.15625, "p": 76, "v": 100, "w": 0.0}], "pos": -0.9191036, "size": 1.30000007}, {"_time": 62.7578125, "$id": 258, "sounds": [{"d": 1.4375, "p": 72, "v": 60, "w": 0.0}], "pos": 0.594045639, "size": 1.0}, {"_time": 62.78125, "$id": 259, "sounds": [{"d": 1.3203125, "p": 69, "v": 60, "w": 0.0}], "pos": 1.22833824, "size": 1.0}, {"_time": 62.8125, "$id": 260, "sounds": [{"d": 1.2265625, "p": 81, "v": 81, "w": 0.0}], "pos": 2.0, "size": 1.0}, {"_time": 63.0, "$id": 261, "pos": -1.58254242, "size": 1.0}, {"_time": 63.375, "$id": 262, "pos": 0.5825434, "size": 1.0}, {"_time": 63.75, "$id": 263, "pos": -2.0, "size": 1.2}, {"_time": 63.9765625, "$id": 264, "pos": 2.0, "size": 1.2}, {"_time": 64.0, "$id": 265, "pos": -2.0, "size": 1.2}, {"_time": 64.25, "$id": 266, "pos": -2.0, "size": 1.2}, {"_time": 64.25781, "$id": 267, "pos": 2.0, "size": 1.2}, {"_time": 64.5, "$id": 268, "pos": -2.0, "size": 1.2}, {"_time": 64.5, "$id": 269, "pos": 2.0, "size": 1.2}, {"_time": 64.71875, "$id": 270, "sounds": [{"d": 0.1953125, "p": 57, "v": 69, "w": 0.0}], "pos": -1.0, "size": 1.30000007}, {"_time": 64.72656, "$id": 271, "sounds": [{"d": 0.203125, "p": 81, "v": 89, "w": 0.0}], "pos": 1.0, "size": 1.30000007}, {"_time": 64.99219, "$id": 272, "sounds": [{"d": 0.15625, "p": 81, "v": 80, "w": 0.0}], "pos": 1.0, "size": 1.30000007}, {"_time": 64.99219, "$id": 273, "sounds": [{"d": 0.125, "p": 57, "v": 69, "w": 0.0}], "pos": -1.0, "size": 1.30000007}, {"_time": 65.25781, "$id": 274, "sounds": [{"d": 0.2109375, "p": 81, "v": 72, "w": 0.0}], "pos": 2.0, "size": 1.0}, {"_time": 65.5, "$id": 275, "sounds": [{"d": 0.1796875, "p": 79, "v": 100, "w": 0.0}], "pos": 0.121109009, "size": 1.1}, {"_time": 65.74219, "$id": 276, "sounds": [{"d": 0.15625, "p": 77, "v": 91, "w": 0.0}], "pos": -1.434372, "size": 1.1}, {"_time": 65.96875, "$id": 277, "sounds": [{"d": 0.515625, "p": 71, "v": 50, "w": 0.0}], "pos": -0.5, "size": 1.2}, {"_time": 65.97656, "$id": 278, "sounds": [{"d": 0.5703125, "p": 79, "v": 82, "w": 0.0}], "pos": 1.74492455, "size": 1.2}, {"_time": 66.375, "$id": 279, "pos": -1.474289, "size": 1.0}, {"_time": 66.75, "$id": 280, "pos": 2.0, "size": 1.0}, {"_time": 67.08594, "$id": 281, "pos": 0.868741035, "size": 1.0}, {"_time": 67.3125, "$id": 282, "pos": -1.0, "size": 1.0}, {"_time": 67.5, "$id": 283, "pos": 0.760487556, "size": 1.0}, {"_time": 67.671875, "$id": 284, "sounds": [{"d": 0.21875, "p": 79, "v": 81, "w": 0.0}], "pos": 1.59404659, "size": 1.2}, {"_time": 67.6875, "$id": 285, "sounds": [{"d": 0.171875, "p": 55, "v": 63, "w": 0.0}], "pos": -1.5, "size": 1.2}, {"_time": 67.96094, "$id": 286, "sounds": [{"d": 0.15625, "p": 79, "v": 81, "w": 0.0}], "pos": 1.59404659, "size": 1.2}, {"_time": 67.97656, "$id": 287, "sounds": [{"d": 0.1328125, "p": 55, "v": 47, "w": 0.0}], "pos": -1.5, "size": 1.2}, {"_time": 68.21875, "$id": 288, "sounds": [{"d": 0.1875, "p": 79, "v": 90, "w": 0.0}], "pos": 1.59404659, "size": 1.2}, {"_time": 68.22656, "$id": 289, "sounds": [{"d": 0.1796875, "p": 55, "v": 60, "w": 0.0}], "pos": -1.5, "size": 1.2}, {"_time": 68.46875, "$id": 290, "sounds": [{"d": 0.15625, "p": 77, "v": 97, "w": 0.0}], "pos": 0.562727, "size": 1.1}, {"_time": 68.71875, "$id": 291, "sounds": [{"d": 0.1640625, "p": 76, "v": 93, "w": 0.0}], "pos": -0.757781, "size": 1.1}, {"_time": 68.96875, "$id": 292, "sounds": [{"d": 1.4609375, "p": 71, "v": 73, "w": 0.0}], "pos": -2.0, "size": 1.2}, {"_time": 68.97656, "$id": 293, "sounds": [{"d": 1.453125, "p": 74, "v": 91, "w": 0.0}], "pos": 0.02435875, "size": 1.2}, {"_time": 69.375, "$id": 294, "pos": 1.02841759, "size": 1.0}, {"_time": 69.75, "$id": 295, "pos": -1.65087891, "size": 1.0}, {"_time": 70.078125, "$id": 296, "pos": -0.9942446, "size": 1.0}, {"_time": 70.3125, "$id": 297, "pos": 0.5, "size": 1.0}, {"_time": 70.5, "$id": 298, "pos": -1.0, "size": 1.0}, {"_time": 70.671875, "$id": 299, "sounds": [{"d": 0.2734375, "p": 76, "v": 73, "w": 0.0}], "pos": 2.0, "size": 1.30000007}, {"_time": 70.67969, "$id": 300, "sounds": [{"d": 0.2265625, "p": 52, "v": 65, "w": 0.0}], "pos": -2.0, "size": 1.30000007}, {"_time": 70.96875, "$id": 301, "sounds": [{"d": 0.1015625, "p": 52, "v": 63, "w": 0.0}], "pos": -2.0, "size": 1.30000007}, {"_time": 70.97656, "$id": 302, "sounds": [{"d": 0.140625, "p": 76, "v": 40, "w": 0.0}], "pos": 2.0, "size": 1.30000007}, {"_time": 71.21094, "$id": 303, "sounds": [{"d": 0.1875, "p": 76, "v": 66, "w": 0.0}], "pos": 2.0, "size": 1.30000007}, {"_time": 71.21875, "$id": 304, "sounds": [{"d": 0.0859375, "p": 52, "v": 65, "w": 0.0}], "pos": -2.0, "size": 1.30000007}, {"_time": 71.47656, "$id": 305, "sounds": [{"d": 0.3046875, "p": 74, "v": 90, "w": 0.0}], "pos": -0.448578835, "size": 1.0}, {"_time": 71.75, "$id": 306, "sounds": [{"d": 0.234375, "p": 72, "v": 77, "w": 0.0}], "pos": 1.0, "size": 1.0}, {"_time": 72.00781, "$id": 307, "sounds": [{"d": 0.6171875, "p": 57, "v": 53, "w": 0.0}], "pos": -0.574151039, "size": 1.0}, {"_time": 72.03906, "$id": 308, "sounds": [{"d": 0.5703125, "p": 60, "v": 45, "w": 0.0}], "pos": -1.254631, "size": 1.0}, {"_time": 72.07031, "$id": 309, "sounds": [{"d": 0.5625, "p": 69, "v": 63, "w": 0.0}], "pos": -2.0, "size": 1.0}, {"_time": 72.375, "$id": 310, "pos": -1.0, "size": 1.0}, {"_time": 72.75, "$id": 311, "pos": 2.0, "size": 1.0}, {"_time": 73.046875, "$id": 312, "pos": 1.0, "size": 1.0}, {"_time": 73.3125, "$id": 313, "pos": -0.5, "size": 1.0}, {"_time": 73.5, "$id": 314, "pos": 1.0, "size": 1.0}, {"_time": 73.6875, "$id": 315, "sounds": [{"d": 0.1796875, "p": 69, "v": 75, "w": 0.0}], "pos": -2.0, "size": 1.0}, {"_time": 73.703125, "$id": 316, "sounds": [{"d": 0.171875, "p": 57, "v": 76, "w": 0.0}], "pos": -0.122462273, "size": 1.0}, {"_time": 74.046875, "$id": 317, "sounds": [{"d": 0.21875, "p": 72, "v": 83, "w": 0.0}], "pos": -1.13396454, "size": 1.1}, {"_time": 74.05469, "$id": 318, "sounds": [{"d": 0.171875, "p": 60, "v": 86, "w": 0.0}], "pos": 0.6623831, "size": 1.1}, {"_time": 74.421875, "$id": 319, "sounds": [{"d": 0.1796875, "p": 64, "v": 79, "w": 0.0}], "pos": 1.62246227, "size": 1.30000007}, {"_time": 74.421875, "$id": 320, "sounds": [{"d": 0.1953125, "p": 76, "v": 84, "w": 0.0}], "pos": -0.575922, "size": 1.30000007}, {"_time": 74.78906, "$id": 321, "sounds": [{"d": 0.2265625, "p": 81, "v": 81, "w": 0.0}], "pos": -2.0, "size": 1.0}, {"_time": 75.0, "$id": 322, "sounds": [{"d": 0.203125, "p": 69, "v": 74, "w": 0.0}], "pos": 1.00135231, "size": 1.30000007}, {"_time": 75.0, "$id": 323, "sounds": [{"d": 0.3046875, "p": 57, "v": 89, "w": 0.0}], "pos": -2.0, "size": 1.30000007}, {"_time": 75.1875, "$id": 324, "sounds": [{"d": 0.1171875, "p": 72, "v": 64, "w": 0.0}], "pos": -0.6096077, "size": 1.0}, {"_time": 75.36719, "$id": 325, "sounds": [{"d": 0.1484375, "p": 76, "v": 68, "w": 0.0}], "pos": 0.5128565, "size": 1.2}, {"_time": 75.55469, "$id": 326, "sounds": [{"d": 0.21875, "p": 57, "v": 81, "w": 0.0}], "pos": 2.0, "size": 1.2}, {"_time": 75.55469, "$id": 327, "sounds": [{"d": 0.21875, "p": 81, "v": 69, "w": 0.0}], "pos": -0.8981476, "size": 1.2}, {"_time": 75.92969, "$id": 328, "sounds": [{"d": 0.125, "p": 60, "v": 77, "w": 0.0}], "pos": -1.0, "size": 1.0}, {"_time": 75.92969, "$id": 329, "sounds": [{"d": 0.15625, "p": 76, "v": 74, "w": 0.0}], "pos": 0.4857912, "size": 1.0}, {"_time": 76.296875, "$id": 330, "sounds": [{"d": 0.2109375, "p": 84, "v": 82, "w": 0.0}], "pos": -2.0, "size": 1.2}, {"_time": 76.296875, "$id": 331, "sounds": [{"d": 0.2109375, "p": 53, "v": 75, "w": 0.0}], "pos": 2.0, "size": 1.2}, {"_time": 76.5, "$id": 332, "pos": -1.0, "size": 1.0}, {"_time": 76.671875, "$id": 333, "sounds": [{"d": 0.1796875, "p": 81, "v": 80, "w": 0.0}], "pos": 0.7963476, "size": 1.0}, {"_time": 76.875, "$id": 334, "pos": -0.5, "size": 1.0}, {"_time": 77.05469, "$id": 335, "sounds": [{"d": 0.21875, "p": 52, "v": 62, "w": 0.0}], "pos": 1.0, "size": 1.2}, {"_time": 77.05469, "$id": 336, "sounds": [{"d": 0.2421875, "p": 83, "v": 83, "w": 0.0}], "pos": -1.5, "size": 1.2}, {"_time": 77.25, "$id": 337, "pos": -0.5, "size": 1.0}, {"_time": 77.42969, "$id": 338, "sounds": [{"d": 0.2578125, "p": 80, "v": 77, "w": 0.0}], "pos": 0.4844656, "size": 1.0}, {"_time": 77.578125, "$id": 339, "pos": -1.0, "size": 1.0}, {"_time": 77.796875, "$id": 340, "sounds": [{"d": 0.1015625, "p": 81, "v": 87, "w": 0.0}], "pos": 1.04248333, "size": 1.0}, {"_time": 77.984375, "$id": 341, "sounds": [{"d": 0.296875, "p": 81, "v": 77, "w": 0.0}], "pos": -2.0, "size": 1.2}, {"_time": 77.99219, "$id": 342, "sounds": [{"d": 0.2890625, "p": 57, "v": 73, "w": 0.0}], "pos": 2.0, "size": 1.2}, {"_time": 78.359375, "$id": 343, "sounds": [{"d": 0.171875, "p": 76, "v": 79, "w": 0.0}], "pos": -0.0155344009, "size": 1.0}, {"_time": 78.546875, "$id": 344, "sounds": [{"d": 0.2109375, "p": 81, "v": 73, "w": 0.0}], "pos": -0.8981476, "size": 1.30000007}, {"_time": 78.55469, "$id": 345, "sounds": [{"d": 0.2421875, "p": 57, "v": 77, "w": 0.0}], "pos": 1.0, "size": 1.30000007}, {"_time": 78.92969, "$id": 346, "sounds": [{"d": 0.1640625, "p": 76, "v": 84, "w": 0.0}], "pos": -0.0155344009, "size": 1.0}, {"_time": 79.296875, "$id": 347, "sounds": [{"d": 0.21875, "p": 53, "v": 73, "w": 0.0}], "pos": 2.0, "size": 1.30000007}, {"_time": 79.296875, "$id": 348, "sounds": [{"d": 0.203125, "p": 84, "v": 78, "w": 0.0}], "pos": -2.0, "size": 1.30000007}, {"_time": 79.5, "$id": 349, "pos": 1.232069, "size": 1.0}, {"_time": 79.671875, "$id": 350, "sounds": [{"d": 0.203125, "p": 81, "v": 82, "w": 0.0}], "pos": -0.823411, "size": 1.0}, {"_time": 79.875, "$id": 351, "pos": 0.7036543, "size": 1.0}, {"_time": 80.046875, "$id": 352, "sounds": [{"d": 0.234375, "p": 83, "v": 83, "w": 0.0}], "pos": -1.25642776, "size": 1.2}, {"_time": 80.05469, "$id": 353, "sounds": [{"d": 0.2265625, "p": 52, "v": 73, "w": 0.0}], "pos": 1.5, "size": 1.2}, {"_time": 80.25, "$id": 354, "pos": 0.649525642, "size": 1.0}, {"_time": 80.42969, "$id": 355, "sounds": [{"d": 0.21875, "p": 80, "v": 84, "w": 0.0}], "pos": -0.85047245, "size": 1.0}, {"_time": 80.60156, "$id": 356, "pos": 1.50135231, "size": 1.0}, {"_time": 80.78906, "$id": 357, "sounds": [{"d": 0.4609375, "p": 81, "v": 87, "w": 0.0}], "pos": -2.0, "size": 1.2}, {"_time": 80.82031, "$id": 358, "sounds": [{"d": 0.5, "p": 57, "v": 83, "w": 0.0}], "pos": 2.0, "size": 1.2}, {"_time": 81.0, "$id": 359, "pos": -1.5, "size": 1.0}, {"_time": 81.1875, "$id": 360, "sounds": [{"d": 0.1171875, "p": 69, "v": 69, "w": 0.0}], "pos": -0.351826668, "size": 1.0}, {"_time": 81.35156, "$id": 361, "sounds": [{"d": 0.140625, "p": 72, "v": 78, "w": 0.0}], "pos": 0.878890038, "size": 1.0}, {"_time": 81.5625, "$id": 362, "sounds": [{"d": 0.203125, "p": 81, "v": 80, "w": 0.0}], "pos": -0.7087021, "size": 1.2}, {"_time": 81.5625, "$id": 363, "sounds": [{"d": 0.21875, "p": 57, "v": 83, "w": 0.0}], "pos": 2.0, "size": 1.2}, {"_time": 81.92969, "$id": 364, "sounds": [{"d": 0.125, "p": 60, "v": 80, "w": 0.0}], "pos": -2.0, "size": 1.2}, {"_time": 81.9375, "$id": 365, "sounds": [{"d": 0.140625, "p": 76, "v": 85, "w": 0.0}], "pos": 0.106901169, "size": 1.4000001}, {"_time": 82.30469, "$id": 366, "sounds": [{"d": 0.1875, "p": 53, "v": 71, "w": 0.0}], "pos": 2.0, "size": 1.2}, {"_time": 82.30469, "$id": 367, "sounds": [{"d": 0.2109375, "p": 84, "v": 84, "w": 0.0}], "pos": -0.5231476, "size": 1.2}, {"_time": 82.5, "$id": 368, "pos": 0.2706356, "size": 1.0}, {"_time": 82.671875, "$id": 369, "sounds": [{"d": 0.1875, "p": 81, "v": 74, "w": 0.0}], "pos": 1.5, "size": 1.2}, {"_time": 82.875, "$id": 370, "pos": -0.433017731, "size": 1.0}, {"_time": 83.046875, "$id": 371, "sounds": [{"d": 0.21875, "p": 52, "v": 73, "w": 0.0}], "pos": 1.0, "size": 1.2}, {"_time": 83.046875, "$id": 372, "sounds": [{"d": 0.2421875, "p": 83, "v": 86, "w": 0.0}], "pos": -1.16235447, "size": 1.2}, {"_time": 83.25, "$id": 373, "pos": 0.5, "size": 1.0}, {"_time": 83.421875, "$id": 374, "sounds": [{"d": 0.1875, "p": 80, "v": 71, "w": 0.0}], "pos": -0.989851, "size": 1.2}, {"_time": 83.625, "$id": 375, "pos": 0.1096077, "size": 1.0}, {"_time": 83.796875, "$id": 376, "sounds": [{"d": 0.1328125, "p": 81, "v": 72, "w": 0.0}], "pos": -1.53112316, "size": 1.2}, {"_time": 83.984375, "$id": 377, "sounds": [{"d": 0.2578125, "p": 81, "v": 93, "w": 0.0}], "pos": -2.0, "size": 1.2}, {"_time": 83.984375, "$id": 378, "sounds": [{"d": 0.28125, "p": 57, "v": 70, "w": 0.0}], "pos": 0.02571106, "size": 1.2}, {"_time": 84.1875, "$id": 379, "pos": -1.0, "size": 1.0}, {"_time": 84.36719, "$id": 380, "sounds": [{"d": 0.1484375, "p": 76, "v": 76, "w": 0.0}], "pos": 0.4857931, "size": 1.2}, {"_time": 84.55469, "$id": 381, "sounds": [{"d": 0.1953125, "p": 57, "v": 78, "w": 0.0}], "pos": 1.44722652, "size": 1.2}, {"_time": 84.55469, "$id": 382, "sounds": [{"d": 0.1875, "p": 81, "v": 79, "w": 0.0}], "pos": -1.16878223, "size": 1.2}, {"_time": 84.75, "$id": 383, "pos": 0.866035461, "size": 1.0}, {"_time": 84.92969, "$id": 384, "sounds": [{"d": 0.1484375, "p": 76, "v": 88, "w": 0.0}], "pos": -0.271989822, "size": 1.2}, {"_time": 85.125, "$id": 385, "pos": 1.434371, "size": 1.0}, {"_time": 85.30469, "$id": 386, "sounds": [{"d": 0.1953125, "p": 53, "v": 66, "w": 0.0}], "pos": 2.0, "size": 1.2}, {"_time": 85.30469, "$id": 387, "sounds": [{"d": 0.21875, "p": 84, "v": 90, "w": 0.0}], "pos": -0.5231476, "size": 1.2}, {"_time": 85.5, "$id": 388, "pos": -2.0, "size": 1.0}, {"_time": 85.671875, "$id": 389, "sounds": [{"d": 0.1796875, "p": 81, "v": 80, "w": 0.0}], "pos": 1.5, "size": 1.0}, {"_time": 86.046875, "$id": 390, "sounds": [{"d": 0.53125, "p": 52, "v": 72, "w": 0.0}], "pos": -0.177944183, "size": 1.4000001}, {"_time": 86.11719, "$id": 391, "pos": 2.0, "size": 1.4000001}, {"_time": 86.17969, "$id": 392, "pos": -0.177944183, "size": 1.4000001}, {"_time": 86.25, "$id": 393, "pos": 2.0, "size": 1.4000001}, {"_time": 86.4375, "$id": 394, "pos": 2.0, "size": 1.0}, {"_time": 87.0, "$id": 395, "pos": -0.4573002, "size": 1.1}, {"_time": 87.375, "$id": 396, "pos": 1.2811985, "size": 1.1}, {"_time": 87.5625, "$id": 397, "pos": -1.50270653, "size": 1.1}, {"_time": 87.9375, "$id": 398, "pos": 0.6548462, "size": 1.1}, {"_time": 88.3125, "$id": 399, "pos": -1.23317814, "size": 1.1}, {"_time": 88.71875, "$id": 400, "pos": 1.5, "size": 1.0}, {"_time": 89.03906, "$id": 401, "pos": 1.5, "size": 1.0}, {"_time": 89.25781, "$id": 402, "pos": 1.5, "size": 1.0}, {"_time": 89.546875, "$id": 403, "pos": -0.784845352, "size": 1.0}, {"_time": 89.62109, "$id": 404, "pos": 1.11096, "size": 1.0}, {"_time": 89.78906, "$id": 405, "pos": -1.67794418, "size": 1.0}, {"_time": 90.0, "$id": 406, "pos": 0.192227364, "size": 1.1}, {"_time": 90.375, "$id": 407, "pos": 1.389452, "size": 1.1}, {"_time": 90.5625, "$id": 408, "pos": -2.0, "size": 1.1}, {"_time": 90.9375, "$id": 409, "pos": 0.6007185, "size": 1.1}, {"_time": 91.3125, "$id": 410, "pos": -1.44968891, "size": 1.1}, {"_time": 91.6875, "$id": 411, "pos": 1.5, "size": 1.0}, {"_time": 92.0625, "$id": 412, "pos": 1.5, "size": 1.0}, {"_time": 92.27344, "$id": 413, "pos": 1.5, "size": 1.0}, {"_time": 92.54297, "$id": 414, "pos": -0.840325356, "size": 1.0}, {"_time": 92.625, "$id": 415, "pos": 0.569687843, "size": 1.0}, {"_time": 92.8125, "$id": 416, "pos": -1.6251688, "size": 1.0}, {"_time": 93.0, "$id": 417, "pos": 1.19357967, "size": 1.2}, {"_time": 93.375, "$id": 418, "pos": 1.24357224, "size": 1.2}, {"_time": 93.5625, "$id": 419, "pos": -0.7550745, "size": 1.2}, {"_time": 93.9375, "$id": 420, "pos": 1.35849762, "size": 1.2}, {"_time": 94.3125, "$id": 421, "pos": -2.0, "size": 1.2}, {"_time": 94.6875, "$id": 422, "pos": -0.5, "size": 1.0}, {"_time": 95.0625, "$id": 423, "pos": -0.5, "size": 1.0}, {"_time": 95.24609, "$id": 424, "pos": 1.5, "size": 1.0}, {"_time": 95.53125, "$id": 425, "pos": 0.9316654, "size": 1.0}, {"_time": 95.625, "$id": 426, "pos": -1.0, "size": 1.0}, {"_time": 95.80859, "$id": 427, "pos": 1.73071766, "size": 1.0}, {"_time": 95.99609, "$id": 428, "pos": -2.0, "size": 1.2}, {"_time": 96.00391, "$id": 429, "pos": 0.269282341, "size": 1.2}, {"_time": 96.375, "$id": 430, "pos": -1.28984356, "size": 1.0}, {"_time": 96.5625, "$id": 431, "pos": 0.9228697, "size": 1.0}, {"_time": 96.9375, "$id": 432, "pos": -1.26667023, "size": 1.0}, {"_time": 97.125, "$id": 433, "pos": 1.5, "size": 1.0}, {"_time": 97.3125, "$id": 434, "pos": -0.06944466, "size": 1.0}, {"_time": 97.5, "$id": 435, "pos": 1.474289, "size": 1.0}, {"_time": 97.6875, "$id": 436, "pos": -1.89309883, "size": 1.1}, {"_time": 97.875, "$id": 437, "pos": 1.474289, "size": 1.0}, {"_time": 98.0625, "$id": 438, "pos": -1.04127216, "size": 1.1}, {"_time": 98.25391, "$id": 439, "pos": 1.474289, "size": 1.0}, {"_time": 98.4375, "$id": 440, "pos": -0.06698322, "size": 1.1}, {"_time": 98.59766, "$id": 441, "pos": 1.4756422, "size": 1.0}, {"_time": 98.8125, "$id": 442, "pos": 0.0, "size": 1.2}, {"_time": 99.0, "$id": 443, "pos": -2.0, "size": 1.2}, {"_time": 99.1875, "$id": 444, "sounds": [{"d": 0.1875, "p": 77, "v": 76, "w": 0.0}], "pos": 1.025711, "size": 1.0}, {"_time": 99.36719, "$id": 445, "sounds": [{"d": 0.15625, "p": 74, "v": 69, "w": 0.0}], "pos": -0.769284248, "size": 1.0}, {"_time": 99.55469, "$id": 446, "sounds": [{"d": 0.1484375, "p": 69, "v": 78, "w": 0.0}], "pos": -2.0, "size": 1.2}, {"_time": 99.55469, "$id": 447, "sounds": [{"d": 0.1484375, "p": 57, "v": 69, "w": 0.0}], "pos": 0.7178631, "size": 1.2}, {"_time": 99.92969, "$id": 448, "sounds": [{"d": 0.1796875, "p": 68, "v": 77, "w": 0.0}], "pos": -0.6285715, "size": 1.2}, {"_time": 99.9375, "$id": 449, "sounds": [{"d": 0.1875, "p": 60, "v": 67, "w": 0.0}], "pos": 1.757781, "size": 1.2}, {"_time": 100.304688, "$id": 450, "sounds": [{"d": 0.296875, "p": 67, "v": 98, "w": 0.0}], "pos": -2.0, "size": 1.2}, {"_time": 100.3125, "$id": 451, "sounds": [{"d": 0.34375, "p": 59, "v": 82, "w": 0.0}], "pos": 0.5940466, "size": 1.2}, {"_time": 100.671875, "$id": 452, "sounds": [{"d": 0.1328125, "p": 74, "v": 76, "w": 0.0}], "pos": -0.9611149, "size": 1.0}, {"_time": 100.851563, "$id": 453, "sounds": [{"d": 0.203125, "p": 71, "v": 71, "w": 0.0}], "pos": 0.6197586, "size": 1.0}, {"_time": 101.046875, "$id": 454, "sounds": [{"d": 0.21875, "p": 67, "v": 83, "w": 0.0}], "pos": -0.6650877, "size": 1.2}, {"_time": 101.046875, "$id": 455, "sounds": [{"d": 0.2578125, "p": 55, "v": 74, "w": 0.0}], "pos": 2.0, "size": 1.2}, {"_time": 101.414063, "$id": 456, "sounds": [{"d": 0.234375, "p": 65, "v": 75, "w": 0.0}], "pos": 0.7151556, "size": 1.2}, {"_time": 101.421875, "$id": 457, "sounds": [{"d": 0.21875, "p": 74, "v": 90, "w": 0.0}], "pos": -1.7449255, "size": 1.2}, {"_time": 101.789063, "$id": 458, "sounds": [{"d": 0.3125, "p": 64, "v": 73, "w": 0.0}], "pos": 1.89309883, "size": 1.2}, {"_time": 101.789063, "$id": 459, "sounds": [{"d": 0.4375, "p": 72, "v": 83, "w": 0.0}], "pos": -0.64277935, "size": 1.2}, {"_time": 102.164063, "$id": 460, "sounds": [{"d": 0.1796875, "p": 67, "v": 65, "w": 0.0}], "pos": 0.5184183, "size": 1.0}, {"_time": 102.351563, "$id": 461, "sounds": [{"d": 0.1484375, "p": 64, "v": 73, "w": 0.0}], "pos": -0.889071465, "size": 1.0}, {"_time": 102.539063, "$id": 462, "sounds": [{"d": 0.2421875, "p": 72, "v": 87, "w": 0.0}], "pos": 0.246247292, "size": 1.2}, {"_time": 102.539063, "$id": 463, "sounds": [{"d": 0.25, "p": 60, "v": 71, "w": 0.0}], "pos": -2.0, "size": 1.2}, {"_time": 102.921875, "$id": 464, "sounds": [{"d": 0.1640625, "p": 66, "v": 88, "w": 0.0}], "pos": -0.457374573, "size": 1.2}, {"_time": 102.921875, "$id": 465, "sounds": [{"d": 0.203125, "p": 54, "v": 71, "w": 0.0}], "pos": 1.54262543, "size": 1.2}, {"_time": 103.296875, "$id": 466, "sounds": [{"d": 0.3125, "p": 65, "v": 77, "w": 0.0}], "pos": -2.0, "size": 1.2}, {"_time": 103.296875, "$id": 467, "sounds": [{"d": 0.3125, "p": 53, "v": 69, "w": 0.0}], "pos": 0.216507912, "size": 1.2}, {"_time": 103.671875, "$id": 468, "sounds": [{"d": 0.140625, "p": 72, "v": 77, "w": 0.0}], "pos": 0.0, "size": 1.1}, {"_time": 103.859375, "$id": 469, "sounds": [{"d": 0.1484375, "p": 69, "v": 73, "w": 0.0}], "pos": 1.0, "size": 0.9}, {"_time": 104.046875, "$id": 470, "sounds": [{"d": 0.203125, "p": 65, "v": 71, "w": 0.0}], "pos": 0.0, "size": 1.2}, {"_time": 104.046875, "$id": 471, "sounds": [{"d": 0.2421875, "p": 57, "v": 65, "w": 0.0}], "pos": 2.0, "size": 1.2}, {"_time": 104.421875, "$id": 472, "sounds": [{"d": 0.1953125, "p": 72, "v": 86, "w": 0.0}], "pos": 0.0, "size": 1.1}, {"_time": 104.601563, "$id": 473, "sounds": [{"d": 0.1484375, "p": 69, "v": 73, "w": 0.0}], "pos": -1.0, "size": 0.9}, {"_time": 104.796875, "$id": 474, "sounds": [{"d": 0.359375, "p": 59, "v": 85, "w": 0.0}], "pos": 0.0, "size": 1.2}, {"_time": 104.796875, "$id": 475, "sounds": [{"d": 0.40625, "p": 71, "v": 97, "w": 0.0}], "pos": -2.0, "size": 1.2}, {"_time": 105.171875, "$id": 476, "sounds": [{"d": 0.1796875, "p": 65, "v": 77, "w": 0.0}], "pos": 0.0, "size": 1.1}, {"_time": 105.367188, "$id": 477, "sounds": [{"d": 0.15625, "p": 62, "v": 69, "w": 0.0}], "pos": 1.0, "size": 0.9}, {"_time": 105.554688, "$id": 478, "sounds": [{"d": 0.2265625, "p": 71, "v": 82, "w": 0.0}], "pos": 0.0, "size": 1.2}, {"_time": 105.554688, "$id": 479, "sounds": [{"d": 0.234375, "p": 59, "v": 70, "w": 0.0}], "pos": 2.0, "size": 1.2}, {"_time": 105.929688, "$id": 480, "sounds": [{"d": 0.1640625, "p": 69, "v": 89, "w": 0.0}], "pos": -1.00135231, "size": 1.2}, {"_time": 105.9375, "$id": 481, "sounds": [{"d": 0.1484375, "p": 57, "v": 68, "w": 0.0}], "pos": 1.12111, "size": 1.2}, {"_time": 106.273438, "$id": 482, "sounds": [{"d": 0.3125, "p": 68, "v": 92, "w": 0.0}], "pos": 0.0, "size": 1.2}, {"_time": 106.289063, "$id": 483, "sounds": [{"d": 0.2890625, "p": 62, "v": 78, "w": 0.0}], "pos": -2.0, "size": 1.2}, {"_time": 106.664063, "$id": 484, "sounds": [{"d": 0.203125, "p": 64, "v": 86, "w": 0.0}], "pos": -0.5, "size": 1.0}, {"_time": 106.851563, "$id": 485, "sounds": [{"d": 0.1640625, "p": 59, "v": 85, "w": 0.0}], "pos": 0.838971138, "size": 1.0}, {"_time": 107.046875, "$id": 486, "sounds": [{"d": 0.1875, "p": 68, "v": 79, "w": 0.0}], "pos": 2.0, "size": 1.2}, {"_time": 107.046875, "$id": 487, "sounds": [{"d": 0.21875, "p": 56, "v": 72, "w": 0.0}], "pos": -0.8917465, "size": 1.2}, {"_time": 107.421875, "$id": 488, "sounds": [{"d": 0.203125, "p": 62, "v": 84, "w": 0.0}], "pos": 0.5, "size": 1.2}, {"_time": 107.421875, "$id": 489, "sounds": [{"d": 0.203125, "p": 59, "v": 84, "w": 0.0}], "pos": -2.0, "size": 1.2}, {"_time": 107.789063, "$id": 490, "sounds": [{"d": 0.3828125, "p": 69, "v": 88, "w": 0.0}], "pos": -0.865424156, "size": 1.2}, {"_time": 107.804688, "$id": 491, "sounds": [{"d": 0.3515625, "p": 60, "v": 79, "w": 0.0}], "pos": 2.0, "size": 1.2}, {"_time": 108.15625, "$id": 492, "sounds": [{"d": 0.1875, "p": 64, "v": 74, "w": 0.0}], "pos": 0.3004055, "size": 1.0}, {"_time": 108.34375, "$id": 493, "sounds": [{"d": 0.171875, "p": 60, "v": 78, "w": 0.0}], "pos": -0.853179, "size": 1.0}, {"_time": 108.539063, "$id": 494, "sounds": [{"d": 0.21875, "p": 69, "v": 78, "w": 0.0}], "pos": 0.769284248, "size": 1.2}, {"_time": 108.539063, "$id": 495, "sounds": [{"d": 0.1953125, "p": 57, "v": 79, "w": 0.0}], "pos": -2.0, "size": 1.2}, {"_time": 108.914063, "$id": 496, "sounds": [{"d": 0.25, "p": 62, "v": 80, "w": 0.0}], "pos": 1.66373444, "size": 1.2}, {"_time": 108.921875, "$id": 497, "sounds": [{"d": 0.203125, "p": 71, "v": 98, "w": 0.0}], "pos": -0.3447876, "size": 1.2}, {"_time": 109.3125, "$id": 498, "sounds": [{"d": 0.1953125, "p": 64, "v": 84, "w": 0.0}], "pos": 0.323411, "size": 1.2}, {"_time": 109.3125, "$id": 499, "sounds": [{"d": 0.234375, "p": 72, "v": 95, "w": 0.0}], "pos": -2.0, "size": 1.2}, {"_time": 109.6875, "$id": 500, "sounds": [{"d": 0.2265625, "p": 81, "v": 84, "w": 0.0}], "pos": 2.0, "size": 1.2}, {"_time": 109.695313, "$id": 501, "sounds": [{"d": 0.203125, "p": 69, "v": 85, "w": 0.0}], "pos": -0.5, "size": 1.2}, {"_time": 110.046875, "$id": 502, "sounds": [{"d": 0.2109375, "p": 72, "v": 87, "w": 0.0}], "pos": -2.0, "size": 1.2}, {"_time": 110.046875, "$id": 503, "sounds": [{"d": 0.2109375, "p": 84, "v": 100, "w": 0.0}], "pos": 0.0, "size": 1.2}, {"_time": 110.40625, "$id": 504, "sounds": [{"d": 0.21875, "p": 88, "v": 104, "w": 0.0}], "pos": 1.0, "size": 1.2}, {"_time": 110.414063, "$id": 505, "sounds": [{"d": 0.203125, "p": 76, "v": 99, "w": 0.0}], "pos": -1.0, "size": 1.2}, {"_time": 110.773438, "$id": 506, "sounds": [{"d": 0.6328125, "p": 81, "v": 112, "w": 0.0}], "pos": -2.0, "size": 1.2}, {"_time": 110.796875, "$id": 507, "sounds": [{"d": 0.421875, "p": 93, "v": 118, "w": 0.0}], "pos": 2.0, "size": 1.2}, {"_time": 111.1875, "$id": 508, "pos": -1.00270748, "size": 1.0}, {"_time": 111.375, "$id": 509, "pos": 1.0, "size": 1.0}, {"_time": 111.5625, "$id": 510, "pos": -1.0, "size": 1.0}, {"_time": 111.75, "$id": 511, "pos": 1.0, "size": 1.0}, {"_time": 111.9375, "$id": 512, "pos": 1.0, "size": 1.0}, {"_time": 112.125, "$id": 513, "pos": 1.0, "size": 1.0}, {"_time": 112.3125, "$id": 514, "pos": 1.0, "size": 1.0}, {"_time": 112.5, "$id": 515, "pos": -1.5, "size": 1.0}, {"_time": 112.6875, "$id": 516, "sounds": [{"d": 0.171875, "p": 69, "v": 71, "w": 0.0}], "pos": 0.860283852, "size": 1.1}, {"_time": 112.710938, "$id": 517, "sounds": [{"d": 0.1953125, "p": 74, "v": 86, "w": 0.0}], "pos": 1.48528385, "size": 1.1}, {"_time": 112.726563, "$id": 518, "sounds": [{"d": 0.1484375, "p": 77, "v": 79, "w": 0.0}], "pos": 1.86028385, "size": 1.1}, {"_time": 112.976563, "$id": 519, "sounds": [{"d": 0.109375, "p": 69, "v": 67, "w": 0.0}], "pos": -1.06123066, "size": 1.1}, {"_time": 113.007813, "$id": 520, "sounds": [{"d": 0.171875, "p": 74, "v": 66, "w": 0.0}], "pos": -1.6811552, "size": 1.1}, {"_time": 113.023438, "$id": 521, "sounds": [{"d": 0.109375, "p": 77, "v": 84, "w": 0.0}], "pos": -2.0, "size": 1.1}, {"_time": 113.234375, "$id": 522, "sounds": [{"d": 0.1328125, "p": 69, "v": 50, "w": 0.0}], "pos": 0.5355215, "size": 1.1}, {"_time": 113.265625, "$id": 523, "sounds": [{"d": 0.171875, "p": 74, "v": 78, "w": 0.0}], "pos": 1.10960674, "size": 1.1}, {"_time": 113.289063, "$id": 524, "sounds": [{"d": 0.09375, "p": 77, "v": 86, "w": 0.0}], "pos": 1.81190872, "size": 1.1}, {"_time": 113.523438, "$id": 525, "sounds": [{"d": 0.28125, "p": 91, "v": 99, "w": 0.0}], "pos": 0.0, "size": 1.1}, {"_time": 113.796875, "$id": 526, "sounds": [{"d": 0.2421875, "p": 86, "v": 93, "w": 0.0}], "pos": -1.0, "size": 1.1}, {"_time": 114.078125, "$id": 527, "sounds": [{"d": 0.2421875, "p": 76, "v": 78, "w": 0.0}], "pos": -0.132611275, "size": 1.1}, {"_time": 114.085938, "$id": 528, "sounds": [{"d": 0.3203125, "p": 91, "v": 96, "w": 0.0}], "pos": 2.0, "size": 1.1}, {"_time": 114.375, "$id": 529, "pos": 1.0, "size": 1.0}, {"_time": 114.5625, "$id": 530, "pos": -1.12931442, "size": 1.0}, {"_time": 114.75, "$id": 531, "pos": 0.9983921, "size": 1.0}, {"_time": 114.9375, "$id": 532, "pos": -1.0, "size": 1.0}, {"_time": 115.125, "$id": 533, "pos": -1.0, "size": 1.0}, {"_time": 115.3125, "$id": 534, "pos": -1.0, "size": 1.0}, {"_time": 115.5, "$id": 535, "pos": -1.0, "size": 1.0}, {"_time": 115.695313, "$id": 536, "sounds": [{"d": 0.1875, "p": 91, "v": 99, "w": 0.0}], "pos": 2.0, "size": 1.30000007}, {"_time": 115.703125, "$id": 537, "sounds": [{"d": 0.171875, "p": 79, "v": 85, "w": 0.0}], "pos": -2.0, "size": 1.30000007}, {"_time": 115.96875, "$id": 538, "sounds": [{"d": 0.140625, "p": 79, "v": 69, "w": 0.0}], "pos": -2.0, "size": 1.30000007}, {"_time": 115.96875, "$id": 539, "sounds": [{"d": 0.15625, "p": 91, "v": 86, "w": 0.0}], "pos": 2.0, "size": 1.30000007}, {"_time": 116.210938, "$id": 540, "sounds": [{"d": 0.1953125, "p": 91, "v": 85, "w": 0.0}], "pos": 2.0, "size": 1.30000007}, {"_time": 116.21875, "$id": 541, "sounds": [{"d": 0.140625, "p": 79, "v": 83, "w": 0.0}], "pos": -2.0, "size": 1.30000007}, {"_time": 116.492188, "$id": 542, "sounds": [{"d": 0.15625, "p": 89, "v": 108, "w": 0.0}], "pos": 0.9073067, "size": 1.1}, {"_time": 116.742188, "$id": 543, "sounds": [{"d": 0.2109375, "p": 88, "v": 104, "w": 0.0}], "pos": 0.0142087936, "size": 1.1}, {"_time": 117.039063, "$id": 544, "sounds": [{"d": 0.40625, "p": 86, "v": 86, "w": 0.0}], "pos": -1.27198887, "size": 1.1}, {"_time": 117.039063, "$id": 545, "sounds": [{"d": 0.3359375, "p": 74, "v": 80, "w": 0.0}], "pos": 1.38294888, "size": 1.1}, {"_time": 117.09375, "$id": 546, "sounds": [{"d": 0.3203125, "p": 83, "v": 56, "w": 0.0}], "pos": -2.0, "size": 1.1}, {"_time": 117.375, "$id": 547, "pos": -1.0, "size": 1.0}, {"_time": 117.5625, "$id": 548, "pos": 1.0, "size": 1.0}, {"_time": 117.75, "$id": 549, "pos": -1.0, "size": 1.0}, {"_time": 117.9375, "$id": 550, "pos": 1.00405884, "size": 1.0}, {"_time": 118.125, "$id": 551, "pos": 1.00405884, "size": 1.0}, {"_time": 118.3125, "$id": 552, "pos": 1.00405884, "size": 1.0}, {"_time": 118.5, "$id": 553, "pos": 1.00405884, "size": 1.0}, {"_time": 118.664063, "$id": 554, "sounds": [{"d": 0.1953125, "p": 64, "v": 64, "w": 0.0}], "pos": -2.0, "size": 1.30000007}, {"_time": 118.671875, "$id": 555, "sounds": [{"d": 0.2109375, "p": 89, "v": 79, "w": 0.0}], "pos": 2.0, "size": 1.30000007}, {"_time": 118.96875, "$id": 556, "sounds": [{"d": 0.1875, "p": 89, "v": 56, "w": 0.0}], "pos": 2.0, "size": 1.30000007}, {"_time": 118.984375, "$id": 557, "sounds": [{"d": 0.1328125, "p": 64, "v": 66, "w": 0.0}], "pos": -2.0, "size": 1.30000007}, {"_time": 119.21875, "$id": 558, "sounds": [{"d": 0.1640625, "p": 89, "v": 89, "w": 0.0}], "pos": 2.0, "size": 1.30000007}, {"_time": 119.226563, "$id": 559, "sounds": [{"d": 0.109375, "p": 64, "v": 56, "w": 0.0}], "pos": -2.0, "size": 1.30000007}, {"_time": 119.484375, "$id": 560, "sounds": [{"d": 0.1328125, "p": 88, "v": 87, "w": 0.0}], "pos": 1.5, "size": 1.0}, {"_time": 119.75, "$id": 561, "sounds": [{"d": 0.1640625, "p": 86, "v": 85, "w": 0.0}], "pos": -0.313261032, "size": 1.0}, {"_time": 120.0, "$id": 562, "sounds": [{"d": 0.328125, "p": 84, "v": 88, "w": 0.0}], "pos": -1.85640717, "size": 1.2}, {"_time": 120.015625, "$id": 563, "sounds": [{"d": 0.328125, "p": 76, "v": 76, "w": 0.0}], "pos": 0.0, "size": 1.2}, {"_time": 120.5625, "$id": 564, "sounds": [{"d": 0.34375, "p": 86, "v": 109, "w": 0.0}], "pos": -1.21254158, "size": 1.2}, {"_time": 120.5625, "$id": 565, "sounds": [{"d": 0.3828125, "p": 83, "v": 100, "w": 0.0}], "pos": 0.702301, "size": 1.2}, {"_time": 121.101563, "$id": 566, "sounds": [{"d": 0.2734375, "p": 88, "v": 103, "w": 0.0}], "pos": -0.313015938, "size": 1.2}, {"_time": 121.117188, "$id": 567, "sounds": [{"d": 0.2734375, "p": 84, "v": 103, "w": 0.0}], "pos": 1.67659, "size": 1.2}, {"_time": 121.3125, "$id": 568, "pos": 1.0, "size": 1.0}, {"_time": 121.5, "$id": 569, "pos": 0.0, "size": 1.0}, {"_time": 121.679688, "$id": 570, "sounds": [{"d": 0.2109375, "p": 81, "v": 100, "w": 0.0}], "pos": -2.0, "size": 1.2}, {"_time": 121.875, "$id": 571, "pos": 0.487146378, "size": 1.0}, {"_time": 122.054688, "$id": 572, "sounds": [{"d": 0.2265625, "p": 84, "v": 114, "w": 0.0}], "pos": -1.19444561, "size": 1.2}, {"_time": 122.25, "$id": 573, "pos": 1.09539986, "size": 1.0}, {"_time": 122.4375, "$id": 574, "sounds": [{"d": 0.1640625, "p": 88, "v": 108, "w": 0.0}], "pos": -0.423809052, "size": 1.2}, {"_time": 122.625, "$id": 575, "pos": 1.58254433, "size": 1.0}, {"_time": 122.804688, "$id": 576, "sounds": [{"d": 1.0703125, "p": 81, "v": 97, "w": 0.0}], "pos": 2.0, "size": 1.2}, {"_time": 122.804688, "$id": 577, "sounds": [{"d": 1.0859375, "p": 93, "v": 115, "w": 0.0}], "pos": 0.309445381, "size": 1.2}, {"_time": 123.0, "$id": 578, "pos": -2.0, "size": 1.0}, {"_time": 123.1875, "$id": 579, "pos": 1.0, "size": 1.0}, {"_time": 123.375, "$id": 580, "pos": 1.0, "size": 1.0}, {"_time": 123.5625, "$id": 581, "pos": -0.9221802, "size": 1.0}, {"_time": 123.75, "$id": 582, "pos": 1.0, "size": 1.0}, {"_time": 123.9375, "$id": 583, "pos": 1.0, "size": 1.0}, {"_time": 124.125, "$id": 584, "pos": 1.0, "size": 1.0}, {"_time": 124.3125, "$id": 585, "pos": 1.0, "size": 1.0}, {"_time": 124.5, "$id": 586, "sounds": [{"d": 0.921875, "p": 69, "v": 67, "w": 0.0}], "pos": -2.0, "size": 1.0}, {"_time": 124.734375, "$id": 587, "sounds": [{"d": 0.1484375, "p": 72, "v": 74, "w": 0.0}], "pos": 0.06600571, "size": 1.1}, {"_time": 124.765625, "$id": 588, "sounds": [{"d": 0.15625, "p": 74, "v": 81, "w": 0.0}], "pos": 0.478387833, "size": 1.1}, {"_time": 124.789063, "$id": 589, "sounds": [{"d": 0.1171875, "p": 77, "v": 93, "w": 0.0}], "pos": 0.9075146, "size": 1.1}, {"_time": 125.046875, "$id": 590, "sounds": [{"d": 0.1328125, "p": 72, "v": 65, "w": 0.0}], "pos": -0.312884331, "size": 1.1}, {"_time": 125.0625, "$id": 591, "sounds": [{"d": 0.1484375, "p": 74, "v": 79, "w": 0.0}], "pos": -0.8477297, "size": 1.1}, {"_time": 125.101563, "$id": 592, "sounds": [{"d": 0.0859375, "p": 77, "v": 84, "w": 0.0}], "pos": -1.09519291, "size": 1.1}, {"_time": 125.3125, "$id": 593, "sounds": [{"d": 0.109375, "p": 83, "v": 104, "w": 0.0}], "pos": 1.015562, "size": 1.1}, {"_time": 125.335938, "$id": 594, "sounds": [{"d": 0.1328125, "p": 86, "v": 80, "w": 0.0}], "pos": 1.37190151, "size": 1.1}, {"_time": 125.414063, "$id": 595, "sounds": [{"d": 0.125, "p": 95, "v": 124, "w": 0.0}], "pos": 2.0, "size": 1.1}, {"_time": 125.609375, "$id": 596, "sounds": [{"d": 0.21875, "p": 76, "v": 81, "w": 0.0}], "pos": 0.00135231018, "size": 1.1}, {"_time": 125.835938, "$id": 597, "sounds": [{"d": 0.1796875, "p": 74, "v": 80, "w": 0.0}], "pos": -1.70365238, "size": 1.1}, {"_time": 126.125, "$id": 598, "sounds": [{"d": 0.234375, "p": 84, "v": 76, "w": 0.0}], "pos": 0.009260178, "size": 1.1}, {"_time": 126.148438, "$id": 599, "sounds": [{"d": 0.265625, "p": 88, "v": 82, "w": 0.0}], "pos": 0.5092602, "size": 1.1}, {"_time": 126.164063, "$id": 600, "sounds": [{"d": 0.265625, "p": 91, "v": 106, "w": 0.0}], "pos": 0.8842602, "size": 1.1}, {"_time": 126.53125, "$id": 601, "sounds": [{"d": 0.2265625, "p": 84, "v": 53, "w": 0.0}], "pos": -1.5, "size": 0.9}, {"_time": 126.554688, "$id": 602, "sounds": [{"d": 0.265625, "p": 88, "v": 57, "w": 0.0}], "pos": -2.0, "size": 0.9}, {"_time": 126.75, "$id": 603, "pos": 1.0, "size": 1.0}, {"_time": 126.9375, "$id": 604, "pos": -0.5, "size": 1.0}, {"_time": 127.125, "$id": 605, "pos": -0.5, "size": 1.0}, {"_time": 127.3125, "$id": 606, "pos": -0.5, "size": 1.0}, {"_time": 127.5, "$id": 607, "pos": 1.0, "size": 1.0}, {"_time": 127.679688, "$id": 608, "sounds": [{"d": 0.1640625, "p": 91, "v": 109, "w": 0.0}], "pos": 2.0, "size": 1.2}, {"_time": 127.6875, "$id": 609, "sounds": [{"d": 0.140625, "p": 67, "v": 88, "w": 0.0}], "pos": -2.0, "size": 1.2}, {"_time": 127.96875, "$id": 610, "sounds": [{"d": 0.140625, "p": 91, "v": 120, "w": 0.0}], "pos": 2.0, "size": 1.2}, {"_time": 127.976563, "$id": 611, "sounds": [{"d": 0.1328125, "p": 67, "v": 101, "w": 0.0}], "pos": -2.0, "size": 1.2}, {"_time": 128.234375, "$id": 612, "sounds": [{"d": 0.15625, "p": 84, "v": 123, "w": 0.0}], "pos": 1.00957775, "size": 1.2}, {"_time": 128.25, "$id": 613, "sounds": [{"d": 0.1640625, "p": 67, "v": 104, "w": 0.0}], "pos": -1.37753582, "size": 1.2}, {"_time": 128.335938, "$id": 614, "sounds": [{"d": 0.171875, "p": 93, "v": 121, "w": 0.0}], "pos": 1.51420879, "size": 1.2}, {"_time": 128.515625, "$id": 615, "sounds": [{"d": 0.1484375, "p": 86, "v": 104, "w": 0.0}], "pos": -0.121109009, "size": 1.2}, {"_time": 128.765625, "$id": 616, "sounds": [{"d": 0.1953125, "p": 88, "v": 117, "w": 0.0}], "pos": 1.5, "size": 1.2}, {"_time": 129.0, "$id": 617, "sounds": [{"d": 0.3671875, "p": 65, "v": 63, "w": 0.0}], "pos": -0.9594698, "size": 1.2}, {"_time": 129.015625, "$id": 618, "sounds": [{"d": 0.359375, "p": 71, "v": 64, "w": 0.0}], "pos": -1.508522, "size": 1.2}, {"_time": 129.039063, "$id": 619, "sounds": [{"d": 0.3046875, "p": 74, "v": 47, "w": 0.0}], "pos": -2.0, "size": 1.2}, {"_time": 129.484375, "$id": 620, "sounds": [{"d": 0.359375, "p": 80, "v": 36, "w": 0.0}], "pos": 1.0, "size": 0.9}, {"_time": 129.5, "$id": 621, "sounds": [{"d": 0.3515625, "p": 86, "v": 65, "w": 0.0}], "pos": 1.5, "size": 0.9}, {"_time": 129.75, "$id": 622, "pos": -0.5, "size": 1.0}, {"_time": 129.9375, "$id": 623, "pos": -0.5, "size": 1.0}, {"_time": 130.125, "$id": 624, "pos": 1.5, "size": 1.0}, {"_time": 130.3125, "$id": 625, "pos": -1.0, "size": 1.0}, {"_time": 130.5, "$id": 626, "pos": -1.0, "size": 1.0}, {"_time": 130.664063, "$id": 627, "sounds": [{"d": 0.203125, "p": 88, "v": 101, "w": 0.0}], "pos": 2.0, "size": 1.2}, {"_time": 130.671875, "$id": 628, "sounds": [{"d": 0.1171875, "p": 68, "v": 92, "w": 0.0}], "pos": -2.0, "size": 1.2}, {"_time": 130.953125, "$id": 629, "sounds": [{"d": 0.1484375, "p": 88, "v": 77, "w": 0.0}], "pos": 2.0, "size": 1.2}, {"_time": 130.953125, "$id": 630, "sounds": [{"d": 0.125, "p": 68, "v": 82, "w": 0.0}], "pos": -2.0, "size": 1.2}, {"_time": 131.195313, "$id": 631, "sounds": [{"d": 0.1484375, "p": 88, "v": 92, "w": 0.0}], "pos": 2.0, "size": 1.2}, {"_time": 131.226563, "$id": 632, "sounds": [{"d": 0.1640625, "p": 68, "v": 85, "w": 0.0}], "pos": -2.0, "size": 1.2}, {"_time": 131.515625, "$id": 633, "sounds": [{"d": 0.171875, "p": 86, "v": 101, "w": 0.0}], "pos": 0.5967531, "size": 1.1}, {"_time": 131.789063, "$id": 634, "sounds": [{"d": 0.1171875, "p": 84, "v": 85, "w": 0.0}], "pos": -0.9857912, "size": 1.1}, {"_time": 132.015625, "$id": 635, "sounds": [{"d": 1.40625, "p": 69, "v": 97, "w": 0.0}], "pos": 0.854902267, "size": 1.1}, {"_time": 132.0625, "$id": 636, "sounds": [{"d": 1.4140625, "p": 72, "v": 68, "w": 0.0}], "pos": 1.39228344, "size": 1.1}, {"_time": 132.101563, "$id": 637, "sounds": [{"d": 1.359375, "p": 81, "v": 91, "w": 0.0}], "pos": 1.92188454, "size": 1.1}, {"_time": 132.375, "$id": 638, "pos": -1.5, "size": 1.0}, {"_time": 132.5625, "$id": 639, "pos": -1.5, "size": 1.0}, {"_time": 132.75, "$id": 640, "pos": 0.5, "size": 1.0}, {"_time": 132.9375, "$id": 641, "pos": -1.5, "size": 1.0}, {"_time": 133.125, "$id": 642, "pos": 0.0, "size": 1.0}, {"_time": 133.3125, "$id": 643, "pos": 1.0, "size": 1.0}, {"_time": 133.476563, "$id": 644, "sounds": [{"d": 0.2421875, "p": 69, "v": 71, "w": 0.0}], "pos": -1.5, "size": 1.30000007}, {"_time": 133.484375, "$id": 645, "sounds": [{"d": 0.203125, "p": 81, "v": 91, "w": 0.0}], "pos": 1.5, "size": 1.30000007}, {"_time": 133.6875, "$id": 646, "pos": 0.0297708511, "size": 1.0}, {"_time": 133.859375, "$id": 647, "sounds": [{"d": 0.1953125, "p": 84, "v": 104, "w": 0.0}], "pos": 1.0, "size": 1.2}, {"_time": 133.859375, "$id": 648, "sounds": [{"d": 0.2265625, "p": 72, "v": 97, "w": 0.0}], "pos": -1.0, "size": 1.2}, {"_time": 134.0625, "$id": 649, "pos": 0.0, "size": 1.0}, {"_time": 134.25, "$id": 650, "sounds": [{"d": 0.1796875, "p": 88, "v": 107, "w": 0.0}], "pos": 1.5, "size": 1.4000001}, {"_time": 134.265625, "$id": 651, "sounds": [{"d": 0.171875, "p": 76, "v": 100, "w": 0.0}], "pos": -1.5, "size": 1.4000001}, {"_time": 134.609375, "$id": 652, "sounds": [{"d": 0.1953125, "p": 81, "v": 93, "w": 0.0}], "pos": -2.0, "size": 1.4000001}, {"_time": 134.617188, "$id": 653, "sounds": [{"d": 0.21875, "p": 93, "v": 109, "w": 0.0}], "pos": 2.0, "size": 1.4000001}], "links": [{"notes": [{"$ref": 522}, {"$ref": 523}, {"$ref": 524}]}, {"notes": [{"$ref": 519}, {"$ref": 520}, {"$ref": 521}]}, {"notes": [{"$ref": 516}, {"$ref": 517}, {"$ref": 518}]}, {"notes": [{"$ref": 209}, {"$ref": 210}, {"$ref": 213}]}, {"notes": [{"$ref": 201}, {"$ref": 202}, {"$ref": 204}]}, {"notes": [{"$ref": 54}, {"$ref": 55}]}, {"notes": [{"$ref": 601}, {"$ref": 602}]}, {"notes": [{"$ref": 95}, {"$ref": 96}, {"$ref": 97}]}, {"notes": [{"$ref": 211}, {"$ref": 212}, {"$ref": 214}]}, {"notes": [{"$ref": 228}, {"$ref": 229}, {"$ref": 230}]}, {"notes": [{"$ref": 307}, {"$ref": 308}, {"$ref": 309}]}, {"notes": [{"$ref": 598}, {"$ref": 599}, {"$ref": 600}]}, {"notes": [{"$ref": 617}, {"$ref": 618}, {"$ref": 619}]}, {"notes": [{"$ref": 635}, {"$ref": 636}, {"$ref": 637}]}, {"notes": [{"$ref": 49}, {"$ref": 50}, {"$ref": 51}]}, {"notes": [{"$ref": 544}, {"$ref": 546}]}, {"notes": [{"$ref": 593}, {"$ref": 594}, {"$ref": 595}]}, {"notes": [{"$ref": 587}, {"$ref": 588}, {"$ref": 589}]}, {"notes": [{"$ref": 590}, {"$ref": 591}, {"$ref": 592}]}, {"notes": [{"$ref": 258}, {"$ref": 259}, {"$ref": 260}]}, {"notes": [{"$ref": 612}, {"$ref": 614}]}, {"notes": [{"$ref": 620}, {"$ref": 621}]}], "speed": 6.0}