{"notes": [{"_time": 1.4296875, "$id": 1, "sounds": [{"d": 0.905161262, "p": 53, "v": 35, "w": 0.0}], "pos": -2.0, "size": 1.0}, {"_time": 1.6796875, "$id": 2, "sounds": [{"d": 0.284999847, "p": 60, "v": 20, "w": 0.0}], "pos": 0.0176582336, "size": 1.0}, {"_time": 1.92578125, "$id": 3, "sounds": [{"d": 0.184999943, "p": 68, "v": 42, "w": 0.0}], "pos": -0.979678154, "size": 1.0}, {"_time": 2.16796875, "$id": 4, "sounds": [{"d": 0.11500001, "p": 67, "v": 7, "w": 0.0}], "pos": 0.999183655, "size": 1.0}, {"_time": 2.40625, "$id": 5, "sounds": [{"d": 0.214999914, "p": 70, "v": 39, "w": 0.0}], "pos": -0.170424461, "size": 1.0}, {"_time": 2.63671875, "$id": 6, "sounds": [{"d": 0.160000086, "p": 68, "v": 30, "w": 0.0}], "pos": 1.76332951, "size": 1.0}, {"_time": 2.8828125, "$id": 7, "sounds": [{"d": 0.245000124, "p": 53, "v": 27, "w": 0.0}], "pos": -2.0, "size": 1.0}, {"_time": 3.125, "$id": 8, "sounds": [{"d": 0.114370108, "p": 60, "v": 23, "w": 0.0}], "pos": -0.1421299, "size": 1.0}, {"_time": 3.359375, "$id": 9, "sounds": [{"d": 0.220418692, "p": 67, "v": 49, "w": 0.0}], "pos": -1.21120358, "size": 1.0}, {"_time": 3.58984375, "$id": 10, "sounds": [{"d": 0.161132813, "p": 65, "v": 27, "w": 0.0}], "pos": 0.988863, "size": 1.0}, {"_time": 3.82421875, "$id": 11, "sounds": [{"d": 0.513398647, "p": 68, "v": 45, "w": 0.0}], "pos": 0.1920929, "size": 1.0}, {"_time": 4.06640625, "$id": 12, "sounds": [{"d": 0.161132813, "p": 64, "v": 25, "w": 0.0}], "pos": -0.7340059, "size": 1.0}, {"_time": 4.296875, "$id": 13, "sounds": [{"d": 0.239766121, "p": 55, "v": 46, "w": 0.0}], "pos": -1.51280117, "size": 1.0}, {"_time": 4.53515625, "$id": 14, "sounds": [{"d": 0.190000057, "p": 58, "v": 21, "w": 0.0}], "pos": 0.32691288, "size": 1.0}, {"_time": 4.78125, "$id": 15, "sounds": [{"d": 0.179999828, "p": 69, "v": 18, "w": 0.0}], "pos": -0.854680061, "size": 1.0}, {"_time": 5.0234375, "$id": 16, "sounds": [{"d": 0.135000229, "p": 67, "v": 30, "w": 0.0}], "pos": 1.18560028, "size": 1.0}, {"_time": 5.26171875, "$id": 17, "sounds": [{"d": 0.15500021, "p": 70, "v": 27, "w": 0.0}], "pos": 0.0159931183, "size": 1.0}, {"_time": 5.5078125, "$id": 18, "sounds": [{"d": 0.07999992, "p": 69, "v": 17, "w": 0.0}], "pos": 2.0, "size": 1.0}, {"_time": 5.73828125, "$id": 19, "sounds": [{"d": 0.210000038, "p": 55, "v": 19, "w": 0.0}], "pos": 0.617692, "size": 1.0}, {"_time": 6.21875, "$id": 20, "sounds": [{"d": 0.144999981, "p": 69, "v": 16, "w": 0.0}], "pos": -0.348688126, "size": 1.0}, {"_time": 6.22265625, "$id": 21, "sounds": [{"d": 0.230000019, "p": 79, "v": 79, "w": 0.0}], "pos": 1.3007803, "size": 1.0}, {"_time": 6.703125, "$id": 22, "sounds": [{"d": 0.167682648, "p": 72, "v": 53, "w": 0.0}], "pos": 0.106206894, "size": 1.0}, {"_time": 6.7109375, "$id": 23, "sounds": [{"d": 0.1219511, "p": 62, "v": 16, "w": 0.0}], "pos": -1.48999786, "size": 1.0}, {"_time": 7.19921875, "$id": 24, "sounds": [{"d": 0.366735935, "p": 53, "v": 7, "w": 0.0}], "pos": 2.0, "size": 1.0}, {"_time": 7.44140625, "$id": 25, "sounds": [{"d": 0.21177721, "p": 60, "v": 23, "w": 0.0}], "pos": 0.09065533, "size": 1.0}, {"_time": 7.68359375, "$id": 26, "sounds": [{"d": 0.213455677, "p": 68, "v": 45, "w": 0.0}], "pos": 1.17054939, "size": 1.0}, {"_time": 7.94921875, "$id": 27, "sounds": [{"d": 0.192708492, "p": 67, "v": 32, "w": 0.0}], "pos": -1.08494377, "size": 1.0}, {"_time": 8.191406, "$id": 28, "sounds": [{"d": 0.15625, "p": 70, "v": 48, "w": 0.0}], "pos": 0.3553028, "size": 1.0}, {"_time": 8.441406, "$id": 29, "sounds": [{"d": 0.119791985, "p": 68, "v": 21, "w": 0.0}], "pos": -1.73224735, "size": 1.0}, {"_time": 8.691406, "$id": 30, "sounds": [{"d": 0.151377678, "p": 53, "v": 17, "w": 0.0}], "pos": 2.0, "size": 1.0}, {"_time": 8.941406, "$id": 31, "sounds": [{"d": 0.100806236, "p": 60, "v": 15, "w": 0.0}], "pos": 0.2238102, "size": 1.0}, {"_time": 9.167969, "$id": 32, "sounds": [{"d": 0.191532135, "p": 67, "v": 49, "w": 0.0}], "pos": 1.3651228, "size": 1.0}, {"_time": 9.417969, "$id": 33, "sounds": [{"d": 0.15625, "p": 65, "v": 30, "w": 0.0}], "pos": -0.7490587, "size": 1.0}, {"_time": 9.65625, "$id": 34, "sounds": [{"d": 0.45362854, "p": 68, "v": 59, "w": 0.0}], "pos": 0.0520391464, "size": 1.0}, {"_time": 9.886719, "$id": 35, "sounds": [{"d": 0.1814518, "p": 64, "v": 41, "w": 0.0}], "pos": 0.7770748, "size": 1.0}, {"_time": 10.140625, "$id": 36, "sounds": [{"d": 0.2715826, "p": 55, "v": 52, "w": 0.0}], "pos": 1.44074345, "size": 1.0}, {"_time": 10.3828125, "$id": 37, "sounds": [{"d": 0.196969986, "p": 58, "v": 43, "w": 0.0}], "pos": -0.425656319, "size": 1.0}, {"_time": 10.6210938, "$id": 38, "sounds": [{"d": 0.142716408, "p": 69, "v": 27, "w": 0.0}], "pos": 0.7362957, "size": 1.0}, {"_time": 10.8554688, "$id": 39, "sounds": [{"d": 0.09288883, "p": 67, "v": 19, "w": 0.0}], "pos": -1.27136326, "size": 1.0}, {"_time": 11.0898438, "$id": 40, "sounds": [{"d": 0.141601563, "p": 70, "v": 40, "w": 0.0}], "pos": 0.03572941, "size": 1.0}, {"_time": 11.3203125, "$id": 41, "sounds": [{"d": 0.05859375, "p": 69, "v": 27, "w": 0.0}], "pos": -2.0, "size": 1.0}, {"_time": 11.5585938, "$id": 42, "sounds": [{"d": 0.21484375, "p": 55, "v": 37, "w": 0.0}], "pos": 0.497683525, "size": 1.0}, {"_time": 11.7929688, "$id": 43, "sounds": [{"d": 0.205078125, "p": 58, "v": 21, "w": 0.0}], "pos": -1.39096642, "size": 1.0}, {"_time": 12.0273438, "$id": 44, "sounds": [{"d": 0.194432259, "p": 79, "v": 66, "w": 0.0}], "pos": 2.0, "size": 1.0}, {"_time": 12.0390625, "$id": 45, "sounds": [{"d": 0.179303169, "p": 69, "v": 41, "w": 0.0}], "pos": -0.0159664154, "size": 1.0}, {"_time": 12.5234375, "$id": 46, "sounds": [{"d": 0.223872185, "p": 72, "v": 39, "w": 0.0}], "pos": 0.758501053, "size": 1.0}, {"_time": 12.5273438, "$id": 47, "sounds": [{"d": 0.187457085, "p": 62, "v": 28, "w": 0.0}], "pos": -0.9708605, "size": 1.0}, {"_time": 13.0273438, "$id": 48, "sounds": [{"d": 0.8675022, "p": 53, "v": 49, "w": 0.0}], "pos": -2.0, "size": 1.0}, {"_time": 13.2851563, "$id": 49, "sounds": [{"d": 0.226246834, "p": 60, "v": 20, "w": 0.0}], "pos": -1.1071043, "size": 1.0}, {"_time": 13.5429688, "$id": 50, "sounds": [{"d": 0.202991486, "p": 79, "v": 59, "w": 0.0}], "pos": 2.0, "size": 1.0}, {"_time": 13.5429688, "$id": 51, "sounds": [{"d": 0.235042572, "p": 68, "v": 32, "w": 0.0}], "pos": -0.18699646, "size": 1.0}, {"_time": 13.8046875, "$id": 52, "sounds": [{"d": 0.138888359, "p": 67, "v": 7, "w": 0.0}], "pos": -2.0, "size": 0.799999952}, {"_time": 14.0507813, "$id": 53, "sounds": [{"d": 0.528010368, "p": 80, "v": 79, "w": 0.0}], "pos": 2.0, "size": 1.0}, {"_time": 14.0507813, "$id": 54, "sounds": [{"d": 0.486344337, "p": 70, "v": 44, "w": 0.0}], "pos": -0.123415947, "size": 1.0}, {"_time": 14.3125, "$id": 55, "sounds": [{"d": 0.177083015, "p": 68, "v": 28, "w": 0.0}], "pos": 0.8782501, "size": 1.0}, {"_time": 14.5585938, "$id": 56, "sounds": [{"d": 1.04528236, "p": 56, "v": 41, "w": 0.0}], "pos": -0.142388344, "size": 1.0}, {"_time": 14.8085938, "$id": 57, "sounds": [{"d": 0.201446533, "p": 63, "v": 37, "w": 0.0}], "pos": -1.0516777, "size": 1.0}, {"_time": 15.0507813, "$id": 58, "sounds": [{"d": 0.20661068, "p": 82, "v": 80, "w": 0.0}], "pos": -2.0, "size": 1.0}, {"_time": 15.0625, "$id": 59, "sounds": [{"d": 0.185950279, "p": 71, "v": 21, "w": 0.0}], "pos": 0.18800354, "size": 1.0}, {"_time": 15.3046875, "$id": 60, "sounds": [{"d": 0.144628525, "p": 70, "v": 34, "w": 0.0}], "pos": 2.0, "size": 0.799999952}, {"_time": 15.546875, "$id": 61, "sounds": [{"d": 0.490702629, "p": 83, "v": 67, "w": 0.0}], "pos": -2.0, "size": 1.0}, {"_time": 15.5507813, "$id": 62, "sounds": [{"d": 0.227272987, "p": 73, "v": 32, "w": 0.0}], "pos": 0.224955559, "size": 1.0}, {"_time": 15.8007813, "$id": 63, "sounds": [{"d": 0.09814072, "p": 71, "v": 27, "w": 0.0}], "pos": -0.877243042, "size": 1.0}, {"_time": 16.0429688, "$id": 64, "sounds": [{"d": 1.06654739, "p": 59, "v": 63, "w": 0.0}], "pos": -0.09223366, "size": 1.0}, {"_time": 16.2890625, "$id": 65, "sounds": [{"d": 0.278924942, "p": 66, "v": 45, "w": 0.0}], "pos": 0.942552567, "size": 1.0}, {"_time": 16.5390625, "$id": 66, "sounds": [{"d": 0.247932434, "p": 85, "v": 82, "w": 0.0}], "pos": 2.0, "size": 1.0}, {"_time": 16.546875, "$id": 67, "sounds": [{"d": 0.165288925, "p": 74, "v": 41, "w": 0.0}], "pos": -0.08141518, "size": 1.0}, {"_time": 16.78125, "$id": 68, "sounds": [{"d": 0.148607254, "p": 73, "v": 25, "w": 0.0}], "pos": -2.0, "size": 0.799999952}, {"_time": 17.03125, "$id": 69, "sounds": [{"d": 0.754066467, "p": 86, "v": 75, "w": 0.0}], "pos": 2.0, "size": 1.0}, {"_time": 17.0390625, "$id": 70, "sounds": [{"d": 0.179304123, "p": 76, "v": 50, "w": 0.0}], "pos": -0.0178346634, "size": 1.0}, {"_time": 17.3046875, "$id": 71, "sounds": [{"d": 0.169057846, "p": 74, "v": 50, "w": 0.0}], "pos": 0.877306938, "size": 1.0}, {"_time": 17.5273438, "$id": 72, "sounds": [{"d": 0.478912354, "p": 62, "v": 39, "w": 0.0}], "pos": -0.09006977, "size": 1.0}, {"_time": 17.7695313, "$id": 73, "sounds": [{"d": 0.216733932, "p": 69, "v": 24, "w": 0.0}], "pos": -1.052619, "size": 1.0}, {"_time": 18.0078125, "$id": 74, "sounds": [{"d": 0.2873001, "p": 88, "v": 82, "w": 0.0}], "pos": -2.0, "size": 1.0}, {"_time": 18.0117188, "$id": 75, "sounds": [{"d": 0.216733932, "p": 78, "v": 24, "w": 0.0}], "pos": 0.152273178, "size": 1.0}, {"_time": 18.4882813, "$id": 76, "sounds": [{"d": 0.322580338, "p": 89, "v": 53, "w": 0.0}], "pos": 2.0, "size": 0.799999952}, {"_time": 18.9804688, "$id": 77, "sounds": [{"d": 0.473791122, "p": 42, "v": 37, "w": 0.0}], "pos": -2.0, "size": 1.1}, {"_time": 19.2226563, "$id": 78, "sounds": [{"d": 0.2066536, "p": 54, "v": 46, "w": 0.0}], "pos": -0.717200756, "size": 1.1}, {"_time": 19.4609375, "$id": 79, "sounds": [{"d": 0.2066555, "p": 69, "v": 48, "w": 0.0}], "pos": 2.0, "size": 1.0}, {"_time": 19.4648438, "$id": 80, "sounds": [{"d": 0.161291122, "p": 61, "v": 37, "w": 0.0}], "pos": 0.157799244, "size": 1.0}, {"_time": 19.7148438, "$id": 81, "sounds": [{"d": 0.11592865, "p": 57, "v": 21, "w": 0.0}], "pos": -0.6351447, "size": 1.0}, {"_time": 19.9570313, "$id": 82, "sounds": [{"d": 0.1814518, "p": 73, "v": 55, "w": 0.0}], "pos": 2.0, "size": 1.30000007}, {"_time": 19.9570313, "$id": 83, "sounds": [{"d": 0.110887527, "p": 66, "v": 58, "w": 0.0}], "pos": -1.53411245, "size": 1.0}, {"_time": 20.4257813, "$id": 84, "sounds": [{"d": 0.433467865, "p": 45, "v": 55, "w": 0.0}], "pos": 2.0, "size": 1.1}, {"_time": 20.6679688, "$id": 85, "sounds": [{"d": 0.216733932, "p": 52, "v": 38, "w": 0.0}], "pos": 0.7904563, "size": 1.1}, {"_time": 20.9101563, "$id": 86, "sounds": [{"d": 0.115926743, "p": 60, "v": 51, "w": 0.0}], "pos": 0.0327992439, "size": 1.0}, {"_time": 20.9101563, "$id": 87, "sounds": [{"d": 0.15625, "p": 64, "v": 61, "w": 0.0}], "pos": -2.0, "size": 1.0}, {"_time": 21.1523438, "$id": 88, "sounds": [{"d": 0.17137146, "p": 57, "v": 39, "w": 0.0}], "pos": 0.6431508, "size": 1.0}, {"_time": 21.390625, "$id": 89, "sounds": [{"d": 0.4939537, "p": 64, "v": 76, "w": 0.0}], "pos": 1.46489, "size": 1.0}, {"_time": 21.390625, "$id": 90, "sounds": [{"d": 0.534275055, "p": 69, "v": 79, "w": 0.0}], "pos": -2.0, "size": 1.30000007}, {"_time": 21.8789063, "$id": 91, "sounds": [{"d": 0.403224945, "p": 36, "v": 62, "w": 0.0}], "pos": -2.0, "size": 1.1}, {"_time": 22.1210938, "$id": 92, "sounds": [{"d": 0.246976852, "p": 48, "v": 40, "w": 0.0}], "pos": -0.7537379, "size": 1.1}, {"_time": 22.3632813, "$id": 93, "sounds": [{"d": 0.141130447, "p": 60, "v": 42, "w": 0.0}], "pos": 0.240270138, "size": 1.0}, {"_time": 22.3671875, "$id": 94, "sounds": [{"d": 0.176412582, "p": 63, "v": 43, "w": 0.0}], "pos": 2.0, "size": 1.0}, {"_time": 22.6054688, "$id": 95, "sounds": [{"d": 0.185699463, "p": 55, "v": 34, "w": 0.0}], "pos": -0.6510415, "size": 1.0}, {"_time": 22.8515625, "$id": 96, "sounds": [{"d": 0.318593979, "p": 67, "v": 45, "w": 0.0}], "pos": 2.0, "size": 1.30000007}, {"_time": 22.8632813, "$id": 97, "sounds": [{"d": 0.2605934, "p": 63, "v": 45, "w": 0.0}], "pos": -1.3820672, "size": 1.0}, {"_time": 23.3554688, "$id": 98, "sounds": [{"d": 0.64632225, "p": 40, "v": 59, "w": 0.0}], "pos": -0.235761166, "size": 1.1}, {"_time": 23.6132813, "$id": 99, "sounds": [{"d": 0.331197739, "p": 52, "v": 24, "w": 0.0}], "pos": 1.29087019, "size": 1.1}, {"_time": 23.859375, "$id": 100, "sounds": [{"d": 0.3049488, "p": 79, "v": 70, "w": 0.0}], "pos": -2.0, "size": 0.9}, {"_time": 23.8789063, "$id": 101, "sounds": [{"d": 0.154914856, "p": 59, "v": 18, "w": 0.0}], "pos": 0.00874567, "size": 0.9}, {"_time": 24.390625, "$id": 102, "sounds": [{"d": 0.409482956, "p": 84, "v": 57, "w": 0.0}], "pos": -0.165298939, "size": 0.799999952}, {"_time": 24.3945313, "$id": 103, "sounds": [{"d": 0.371767044, "p": 96, "v": 51, "w": 0.0}], "pos": 2.0, "size": 0.799999952}, {"_time": 24.9023438, "$id": 104, "sounds": [{"d": 0.484460831, "p": 41, "v": 51, "w": 0.0}], "pos": -2.0, "size": 1.1}, {"_time": 25.1640625, "$id": 105, "sounds": [{"d": 0.241596222, "p": 53, "v": 43, "w": 0.0}], "pos": -0.5088072, "size": 1.0}, {"_time": 25.4179688, "$id": 106, "sounds": [{"d": 0.128072739, "p": 91, "v": 69, "w": 0.0}], "pos": -1.0, "size": 1.30000007}, {"_time": 25.4179688, "$id": 107, "sounds": [{"d": 0.09221268, "p": 60, "v": 31, "w": 0.0}], "pos": 0.7922907, "size": 1.0}, {"_time": 25.6640625, "$id": 108, "sounds": [{"d": 0.138319016, "p": 55, "v": 52, "w": 0.0}], "pos": 1.3923254, "size": 1.0}, {"_time": 25.9023438, "$id": 109, "sounds": [{"d": 0.174179077, "p": 60, "v": 47, "w": 0.0}], "pos": 2.0, "size": 1.0}, {"_time": 25.9023438, "$id": 110, "sounds": [{"d": 0.138319016, "p": 92, "v": 58, "w": 0.0}], "pos": -1.0, "size": 1.30000007}, {"_time": 26.1445313, "$id": 111, "sounds": [{"d": 0.0563526154, "p": 53, "v": 35, "w": 0.0}], "pos": -0.08270931, "size": 1.0}, {"_time": 26.390625, "$id": 112, "sounds": [{"d": 0.143442154, "p": 41, "v": 47, "w": 0.0}], "pos": -2.0, "size": 1.1}, {"_time": 26.6484375, "$id": 113, "sounds": [{"d": 0.138319016, "p": 53, "v": 43, "w": 0.0}], "pos": -0.2957592, "size": 1.0}, {"_time": 26.8789063, "$id": 114, "sounds": [{"d": 0.2561493, "p": 79, "v": 79, "w": 0.0}], "pos": -1.0, "size": 1.30000007}, {"_time": 26.8984375, "$id": 115, "sounds": [{"d": 0.133195877, "p": 60, "v": 57, "w": 0.0}], "pos": 0.792291641, "size": 1.0}, {"_time": 27.1328125, "$id": 116, "sounds": [{"d": 0.122951508, "p": 55, "v": 43, "w": 0.0}], "pos": 1.52548122, "size": 1.0}, {"_time": 27.3789063, "$id": 117, "sounds": [{"d": 0.491802216, "p": 72, "v": 80, "w": 0.0}], "pos": -1.0, "size": 1.30000007}, {"_time": 27.3789063, "$id": 118, "sounds": [{"d": 0.138319016, "p": 60, "v": 67, "w": 0.0}], "pos": 2.0, "size": 1.0}, {"_time": 27.625, "$id": 119, "sounds": [{"d": 0.143442154, "p": 56, "v": 45, "w": 0.0}], "pos": 0.2922907, "size": 1.0}, {"_time": 27.8671875, "$id": 120, "sounds": [{"d": 0.4354515, "p": 43, "v": 74, "w": 0.0}], "pos": 2.0, "size": 1.1}, {"_time": 28.1171875, "$id": 121, "sounds": [{"d": 0.204917908, "p": 55, "v": 42, "w": 0.0}], "pos": 0.7265444, "size": 1.0}, {"_time": 28.3632813, "$id": 122, "sounds": [{"d": 0.204919815, "p": 91, "v": 90, "w": 0.0}], "pos": 1.0, "size": 1.30000007}, {"_time": 28.3632813, "$id": 123, "sounds": [{"d": 0.153690338, "p": 58, "v": 48, "w": 0.0}], "pos": -0.5229559, "size": 1.0}, {"_time": 28.609375, "$id": 124, "sounds": [{"d": 0.133195877, "p": 57, "v": 33, "w": 0.0}], "pos": -1.34036446, "size": 1.0}, {"_time": 28.859375, "$id": 125, "sounds": [{"d": 0.579719543, "p": 93, "v": 85, "w": 0.0}], "pos": 1.0, "size": 1.30000007}, {"_time": 28.859375, "$id": 126, "sounds": [{"d": 0.146251678, "p": 58, "v": 38, "w": 0.0}], "pos": -2.0, "size": 1.0}, {"_time": 29.0976563, "$id": 127, "sounds": [{"d": 0.110887527, "p": 55, "v": 21, "w": 0.0}], "pos": 0.0, "size": 1.0}, {"_time": 29.34375, "$id": 128, "sounds": [{"d": 0.136089325, "p": 43, "v": 25, "w": 0.0}], "pos": 2.0, "size": 1.1}, {"_time": 29.5859375, "$id": 129, "sounds": [{"d": 0.151208878, "p": 55, "v": 24, "w": 0.0}], "pos": 0.5134964, "size": 1.0}, {"_time": 29.8242188, "$id": 130, "sounds": [{"d": 0.13105011, "p": 58, "v": 38, "w": 0.0}], "pos": -0.736006737, "size": 1.0}, {"_time": 29.828125, "$id": 131, "sounds": [{"d": 0.267139435, "p": 79, "v": 70, "w": 0.0}], "pos": 1.0, "size": 1.30000007}, {"_time": 30.0703125, "$id": 132, "sounds": [{"d": 0.05544281, "p": 57, "v": 7, "w": 0.0}], "pos": -1.48335648, "size": 1.0}, {"_time": 30.3085938, "$id": 133, "sounds": [{"d": 0.604841232, "p": 72, "v": 40, "w": 0.0}], "pos": 1.0, "size": 1.30000007}, {"_time": 30.3125, "$id": 134, "sounds": [{"d": 0.10080719, "p": 58, "v": 38, "w": 0.0}], "pos": -2.0, "size": 1.0}, {"_time": 30.7890625, "$id": 135, "sounds": [{"d": 0.378025055, "p": 41, "v": 66, "w": 0.0}], "pos": -1.88190413, "size": 1.1}, {"_time": 31.03125, "$id": 136, "sounds": [{"d": 0.211694717, "p": 53, "v": 33, "w": 0.0}], "pos": -0.2487464, "size": 1.0}, {"_time": 31.2734375, "$id": 137, "sounds": [{"d": 0.1814518, "p": 60, "v": 31, "w": 0.0}], "pos": 0.798934, "size": 1.0}, {"_time": 31.2851563, "$id": 138, "sounds": [{"d": 0.226812363, "p": 91, "v": 72, "w": 0.0}], "pos": -1.0, "size": 1.2}, {"_time": 31.5234375, "$id": 139, "sounds": [{"d": 0.15625, "p": 55, "v": 35, "w": 0.0}], "pos": 1.81217051, "size": 1.0}, {"_time": 31.7617188, "$id": 140, "sounds": [{"d": 0.105848312, "p": 60, "v": 45, "w": 0.0}], "pos": 1.30758858, "size": 1.0}, {"_time": 31.7695313, "$id": 141, "sounds": [{"d": 0.3377056, "p": 92, "v": 87, "w": 0.0}], "pos": -1.0, "size": 1.2}, {"_time": 32.0, "$id": 142, "sounds": [{"d": 0.13609314, "p": 53, "v": 28, "w": 0.0}], "pos": 0.09745836, "size": 1.0}, {"_time": 32.2460938, "$id": 143, "sounds": [{"d": 0.07339859, "p": 41, "v": 27, "w": 0.0}], "pos": -1.88190413, "size": 1.1}, {"_time": 32.48047, "$id": 144, "sounds": [{"d": 0.112304688, "p": 53, "v": 9, "w": 0.0}], "pos": -0.2487483, "size": 1.0}, {"_time": 32.7148438, "$id": 145, "sounds": [{"d": 0.112304688, "p": 60, "v": 32, "w": 0.0}], "pos": 0.919193745, "size": 1.0}, {"_time": 32.7226563, "$id": 146, "sounds": [{"d": 0.17578125, "p": 79, "v": 81, "w": 0.0}], "pos": -1.0, "size": 1.2}, {"_time": 32.9453125, "$id": 147, "sounds": [{"d": 0.08300781, "p": 55, "v": 43, "w": 0.0}], "pos": 1.67901373, "size": 1.0}, {"_time": 33.1796875, "$id": 148, "sounds": [{"d": 0.161132813, "p": 60, "v": 42, "w": 0.0}], "pos": 1.21213675, "size": 1.0}, {"_time": 33.1796875, "$id": 149, "sounds": [{"d": 0.288085938, "p": 72, "v": 57, "w": 0.0}], "pos": -1.0, "size": 1.2}, {"_time": 33.4140625, "$id": 150, "sounds": [{"d": 0.126953125, "p": 56, "v": 41, "w": 0.0}], "pos": 0.01972723, "size": 1.0}, {"_time": 33.6484375, "$id": 151, "sounds": [{"d": 0.458984375, "p": 43, "v": 64, "w": 0.0}], "pos": 1.0, "size": 1.1}, {"_time": 33.88672, "$id": 152, "sounds": [{"d": 0.185546875, "p": 55, "v": 35, "w": 0.0}], "pos": -0.2916913, "size": 1.0}, {"_time": 34.1210938, "$id": 153, "sounds": [{"d": 0.112304688, "p": 58, "v": 45, "w": 0.0}], "pos": -1.51456118, "size": 1.0}, {"_time": 34.1484375, "$id": 154, "sounds": [{"d": 0.219726563, "p": 91, "v": 73, "w": 0.0}], "pos": 0.944074631, "size": 1.2}, {"_time": 34.35547, "$id": 155, "sounds": [{"d": 0.102539063, "p": 57, "v": 21, "w": 0.0}], "pos": -2.0, "size": 1.0}, {"_time": 34.5898438, "$id": 156, "sounds": [{"d": 0.112304688, "p": 58, "v": 25, "w": 0.0}], "pos": -1.48793077, "size": 1.0}, {"_time": 34.640625, "$id": 157, "sounds": [{"d": 0.29296875, "p": 93, "v": 86, "w": 0.0}], "pos": 0.944074631, "size": 1.2}, {"_time": 34.8203125, "$id": 158, "sounds": [{"d": 0.087890625, "p": 55, "v": 30, "w": 0.0}], "pos": -0.7976823, "size": 1.0}, {"_time": 35.0585938, "$id": 159, "sounds": [{"d": 0.13671875, "p": 43, "v": 16, "w": 0.0}], "pos": 0.0724902153, "size": 1.1}, {"_time": 35.5273438, "$id": 160, "sounds": [{"d": 0.09765625, "p": 69, "v": 9, "w": 0.0}], "pos": -0.8155737, "size": 1.0}, {"_time": 35.5351563, "$id": 161, "sounds": [{"d": 1.06045151, "p": 79, "v": 81, "w": 0.0}], "pos": 1.52630234, "size": 1.0}, {"_time": 35.9921875, "$id": 162, "sounds": [{"d": 0.72441864, "p": 72, "v": 57, "w": 0.0}], "pos": 0.651302338, "size": 1.0}, {"_time": 35.9960938, "$id": 163, "sounds": [{"d": 0.131835938, "p": 67, "v": 29, "w": 0.0}], "pos": -1.385149, "size": 1.0}, {"_time": 36.4726563, "$id": 164, "sounds": [{"d": 0.4200821, "p": 41, "v": 49, "w": 0.0}], "pos": -2.0, "size": 1.1}, {"_time": 36.7109375, "$id": 165, "sounds": [{"d": 0.215164185, "p": 53, "v": 35, "w": 0.0}], "pos": -0.7041149, "size": 1.1}, {"_time": 36.953125, "$id": 166, "sounds": [{"d": 0.174179077, "p": 60, "v": 46, "w": 0.0}], "pos": 0.0059928894, "size": 1.0}, {"_time": 36.95703, "$id": 167, "sounds": [{"d": 0.194671631, "p": 91, "v": 47, "w": 0.0}], "pos": 1.73368835, "size": 1.2}, {"_time": 37.19922, "$id": 168, "sounds": [{"d": 0.153690338, "p": 59, "v": 58, "w": 0.0}], "pos": 0.498613358, "size": 1.0}, {"_time": 37.4375, "$id": 169, "sounds": [{"d": 0.599391937, "p": 60, "v": 53, "w": 0.0}], "pos": 0.117621422, "size": 1.0}, {"_time": 37.44922, "$id": 170, "sounds": [{"d": 0.5122986, "p": 92, "v": 83, "w": 0.0}], "pos": 1.73368835, "size": 1.2}, {"_time": 37.6953125, "$id": 171, "sounds": [{"d": 0.235656738, "p": 53, "v": 39, "w": 0.0}], "pos": -0.8639021, "size": 1.1}, {"_time": 37.9375, "$id": 172, "sounds": [{"d": 0.8760376, "p": 44, "v": 58, "w": 0.0}], "pos": -1.82911491, "size": 1.1}, {"_time": 38.1835938, "$id": 173, "sounds": [{"d": 0.2305336, "p": 47, "v": 37, "w": 0.0}], "pos": -0.5486555, "size": 1.0}, {"_time": 38.4335938, "$id": 174, "sounds": [{"d": 0.133197784, "p": 51, "v": 42, "w": 0.0}], "pos": 0.404073715, "size": 1.0}, {"_time": 38.4375, "$id": 175, "sounds": [{"d": 0.204921722, "p": 94, "v": 89, "w": 0.0}], "pos": -1.65379429, "size": 1.2}, {"_time": 38.6796875, "$id": 176, "sounds": [{"d": 0.169059753, "p": 55, "v": 57, "w": 0.0}], "pos": 1.143755, "size": 1.1}, {"_time": 38.921875, "$id": 177, "sounds": [{"d": 0.133197784, "p": 56, "v": 62, "w": 0.0}], "pos": 1.98779678, "size": 1.1}, {"_time": 38.921875, "$id": 178, "sounds": [{"d": 0.486679077, "p": 95, "v": 75, "w": 0.0}], "pos": -1.65379429, "size": 1.2}, {"_time": 39.4101563, "$id": 179, "sounds": [{"d": 1.09894562, "p": 47, "v": 73, "w": 0.0}], "pos": 1.06791019, "size": 1.1}, {"_time": 39.6601563, "$id": 180, "sounds": [{"d": 0.25201416, "p": 54, "v": 50, "w": 0.0}], "pos": 0.04820299, "size": 1.0}, {"_time": 39.88672, "$id": 181, "sounds": [{"d": 0.2419281, "p": 97, "v": 89, "w": 0.0}], "pos": 1.5, "size": 1.2}, {"_time": 39.90625, "$id": 182, "sounds": [{"d": 0.156246185, "p": 57, "v": 33, "w": 0.0}], "pos": -0.8550916, "size": 1.0}, {"_time": 40.14453, "$id": 183, "sounds": [{"d": 0.15625, "p": 56, "v": 58, "w": 0.0}], "pos": -1.27303362, "size": 1.1}, {"_time": 40.375, "$id": 184, "sounds": [{"d": 0.7402458, "p": 98, "v": 63, "w": 0.0}], "pos": 1.5, "size": 1.2}, {"_time": 40.3828125, "$id": 185, "sounds": [{"d": 0.10080719, "p": 57, "v": 38, "w": 0.0}], "pos": -1.65402651, "size": 1.1}, {"_time": 40.86328, "$id": 186, "sounds": [{"d": 0.8000374, "p": 38, "v": 70, "w": 0.0}], "pos": -1.04127884, "size": 1.1}, {"_time": 41.1015625, "$id": 187, "sounds": [{"d": 0.237857819, "p": 45, "v": 37, "w": 0.0}], "pos": 0.1482358, "size": 1.0}, {"_time": 41.34375, "$id": 188, "sounds": [{"d": 0.314556122, "p": 100, "v": 69, "w": 0.0}], "pos": -1.5, "size": 1.2}, {"_time": 41.3476563, "$id": 189, "sounds": [{"d": 0.219303131, "p": 50, "v": 39, "w": 0.0}], "pos": 0.8797631, "size": 1.0}, {"_time": 41.6289063, "$id": 190, "sounds": [{"d": 0.157707214, "p": 52, "v": 27, "w": 0.0}], "pos": 1.42270327, "size": 1.0}, {"_time": 41.890625, "$id": 191, "sounds": [{"d": 0.151351929, "p": 50, "v": 27, "w": 0.0}], "pos": 1.62543535, "size": 1.0}, {"_time": 41.8984375, "$id": 192, "sounds": [{"d": 0.388118744, "p": 101, "v": 64, "w": 0.0}], "pos": -1.5, "size": 1.2}, {"_time": 42.17578, "$id": 193, "sounds": [{"d": 0.309467316, "p": 44, "v": 40, "w": 0.0}], "pos": 0.7422776, "size": 1.0}, {"_time": 42.48047, "$id": 194, "sounds": [{"d": 0.847602844, "p": 42, "v": 60, "w": 0.0}], "pos": -0.626229763, "size": 1.0}, {"_time": 42.71875, "$id": 195, "sounds": [{"d": 0.2263794, "p": 54, "v": 49, "w": 0.0}], "pos": 1.70173073, "size": 1.0}, {"_time": 42.94922, "$id": 196, "sounds": [{"d": 0.250980377, "p": 97, "v": 77, "w": 0.0}], "pos": 0.782732, "size": 1.30000007}, {"_time": 42.95703, "$id": 197, "sounds": [{"d": 0.250980377, "p": 93, "v": 64, "w": 0.0}], "pos": -1.15534878, "size": 1.0}, {"_time": 43.1796875, "$id": 198, "sounds": [{"d": 0.182086945, "p": 56, "v": 38, "w": 0.0}], "pos": -0.5029063, "size": 1.0}, {"_time": 43.421875, "$id": 199, "sounds": [{"d": 0.403541565, "p": 102, "v": 75, "w": 0.0}], "pos": 0.189080238, "size": 1.0}, {"_time": 43.4296875, "$id": 200, "sounds": [{"d": 0.3986206, "p": 95, "v": 62, "w": 0.0}], "pos": -2.0, "size": 1.30000007}, {"_time": 43.65625, "$id": 201, "sounds": [{"d": 0.04921341, "p": 54, "v": 41, "w": 0.0}], "pos": -0.7033825, "size": 1.0}, {"_time": 43.89453, "$id": 202, "sounds": [{"d": 0.8710594, "p": 45, "v": 69, "w": 0.0}], "pos": -1.74848938, "size": 1.0}, {"_time": 44.1289063, "$id": 203, "sounds": [{"d": 0.231300354, "p": 52, "v": 61, "w": 0.0}], "pos": -0.207710266, "size": 1.0}, {"_time": 44.3710938, "$id": 204, "sounds": [{"d": 0.236221313, "p": 95, "v": 68, "w": 0.0}], "pos": 1.30503559, "size": 1.0}, {"_time": 44.375, "$id": 205, "sounds": [{"d": 0.236221313, "p": 91, "v": 57, "w": 0.0}], "pos": -0.952619553, "size": 1.30000007}, {"_time": 44.6015625, "$id": 206, "sounds": [{"d": 0.201770782, "p": 54, "v": 54, "w": 0.0}], "pos": 0.734699249, "size": 1.0}, {"_time": 44.8515625, "$id": 207, "sounds": [{"d": 0.516731262, "p": 93, "v": 67, "w": 0.0}], "pos": -0.196627617, "size": 1.0}, {"_time": 44.859375, "$id": 208, "sounds": [{"d": 0.516731262, "p": 100, "v": 80, "w": 0.0}], "pos": 2.0, "size": 1.30000007}, {"_time": 45.07422, "$id": 209, "sounds": [{"d": 0.132873535, "p": 52, "v": 34, "w": 0.0}], "pos": -1.37948227, "size": 1.0}, {"_time": 45.3125, "$id": 210, "sounds": [{"d": 0.9497986, "p": 48, "v": 61, "w": 0.0}], "pos": 2.0, "size": 1.0}, {"_time": 45.546875, "$id": 211, "sounds": [{"d": 0.2608261, "p": 55, "v": 50, "w": 0.0}], "pos": 0.300445557, "size": 1.0}, {"_time": 45.7890625, "$id": 212, "sounds": [{"d": 0.231296539, "p": 88, "v": 62, "w": 0.0}], "pos": -1.38088226, "size": 1.0}, {"_time": 45.796875, "$id": 213, "sounds": [{"d": 0.22637558, "p": 93, "v": 74, "w": 0.0}], "pos": 0.841986656, "size": 1.30000007}, {"_time": 46.01953, "$id": 214, "sounds": [{"d": 0.191925049, "p": 57, "v": 56, "w": 0.0}], "pos": -0.621326447, "size": 1.0}, {"_time": 46.265625, "$id": 215, "sounds": [{"d": 0.5916405, "p": 98, "v": 81, "w": 0.0}], "pos": 0.2685852, "size": 1.0}, {"_time": 46.265625, "$id": 216, "sounds": [{"d": 0.5916405, "p": 91, "v": 67, "w": 0.0}], "pos": -2.0, "size": 1.30000007}, {"_time": 46.7460938, "$id": 217, "sounds": [{"d": 1.09954071, "p": 47, "v": 56, "w": 0.0}], "pos": -2.0, "size": 1.0}, {"_time": 47.0039063, "$id": 218, "sounds": [{"d": 0.2966156, "p": 55, "v": 63, "w": 0.0}], "pos": -0.6842632, "size": 1.0}, {"_time": 47.28125, "$id": 219, "sounds": [{"d": 0.267192841, "p": 95, "v": 74, "w": 0.0}], "pos": 0.567909241, "size": 1.0}, {"_time": 47.2890625, "$id": 220, "sounds": [{"d": 0.273311615, "p": 88, "v": 62, "w": 0.0}], "pos": -1.5939312, "size": 1.4000001}, {"_time": 47.55078, "$id": 221, "sounds": [{"d": 0.233036041, "p": 57, "v": 38, "w": 0.0}], "pos": 0.178254128, "size": 1.0}, {"_time": 47.84375, "$id": 222, "sounds": [{"d": 0.7326317, "p": 100, "v": 75, "w": 0.0}], "pos": 2.0, "size": 1.4000001}, {"_time": 47.84375, "$id": 223, "sounds": [{"d": 0.7326317, "p": 91, "v": 62, "w": 0.0}], "pos": -0.3933668, "size": 1.0}, {"_time": 48.453125, "$id": 224, "sounds": [{"d": 0.2909584, "p": 41, "v": 70, "w": 0.0}], "pos": -2.0, "size": 1.1}, {"_time": 48.7148438, "$id": 225, "sounds": [{"d": 0.2872963, "p": 67, "v": 59, "w": 0.0}], "pos": -1.419013, "size": 1.1}, {"_time": 48.94922, "$id": 226, "sounds": [{"d": 0.27722168, "p": 55, "v": 52, "w": 0.0}], "pos": 1.0, "size": 1.0}, {"_time": 48.95703, "$id": 227, "sounds": [{"d": 0.196575165, "p": 70, "v": 59, "w": 0.0}], "pos": -0.8575945, "size": 1.0}, {"_time": 49.1953125, "$id": 228, "sounds": [{"d": 0.17137146, "p": 72, "v": 63, "w": 0.0}], "pos": -0.3146515, "size": 1.0}, {"_time": 49.4023438, "$id": 229, "sounds": [{"d": 0.176410675, "p": 75, "v": 76, "w": 0.0}], "pos": -1.32447338, "size": 1.0}, {"_time": 49.42578, "$id": 230, "sounds": [{"d": 0.1814537, "p": 63, "v": 79, "w": 0.0}], "pos": 1.60652542, "size": 1.0}, {"_time": 49.59375, "$id": 231, "sounds": [{"d": 0.17641449, "p": 77, "v": 73, "w": 0.0}], "pos": 0.01740551, "size": 1.0}, {"_time": 49.7460938, "$id": 232, "sounds": [{"d": 0.156253815, "p": 79, "v": 77, "w": 0.0}], "pos": 1.09297085, "size": 1.0}, {"_time": 49.9335938, "$id": 233, "sounds": [{"d": 0.115924835, "p": 77, "v": 77, "w": 0.0}], "pos": 0.2570858, "size": 0.799999952}, {"_time": 49.98828, "$id": 234, "sounds": [{"d": 1.00302124, "p": 89, "v": 92, "w": 0.0}], "pos": 2.0, "size": 0.799999952}, {"_time": 50.1484375, "$id": 235, "sounds": [{"d": 0.2872963, "p": 48, "v": 55, "w": 0.0}], "pos": -0.7190409, "size": 1.0}, {"_time": 50.390625, "$id": 236, "sounds": [{"d": 0.19152832, "p": 70, "v": 66, "w": 0.0}], "pos": -0.884225845, "size": 1.0}, {"_time": 50.6171875, "$id": 237, "sounds": [{"d": 0.21169281, "p": 72, "v": 80, "w": 0.0}], "pos": 1.60279274, "size": 1.0}, {"_time": 50.8671875, "$id": 238, "sounds": [{"d": 0.17641449, "p": 68, "v": 62, "w": 0.0}], "pos": 0.54353714, "size": 0.9}, {"_time": 51.0664063, "$id": 239, "sounds": [{"d": 0.13105011, "p": 70, "v": 76, "w": 0.0}], "pos": -0.271707535, "size": 0.9}, {"_time": 51.20703, "$id": 240, "sounds": [{"d": 0.161289215, "p": 67, "v": 64, "w": 0.0}], "pos": -1.23259449, "size": 0.9}, {"_time": 51.36328, "$id": 241, "sounds": [{"d": 0.28225708, "p": 47, "v": 45, "w": 0.0}], "pos": 0.5472708, "size": 1.1}, {"_time": 51.39453, "$id": 242, "sounds": [{"d": 0.1260109, "p": 65, "v": 64, "w": 0.0}], "pos": -2.0, "size": 1.1}, {"_time": 51.5976563, "$id": 243, "sounds": [{"d": 0.2570572, "p": 62, "v": 60, "w": 0.0}], "pos": -1.53802109, "size": 1.1}, {"_time": 51.8476563, "$id": 244, "sounds": [{"d": 0.221775055, "p": 55, "v": 65, "w": 0.0}], "pos": 1.35219574, "size": 1.0}, {"_time": 51.8515625, "$id": 245, "sounds": [{"d": 0.24697876, "p": 65, "v": 58, "w": 0.0}], "pos": -0.9233389, "size": 1.0}, {"_time": 52.08203, "$id": 246, "sounds": [{"d": 0.15625, "p": 67, "v": 74, "w": 0.0}], "pos": -0.08745384, "size": 1.0}, {"_time": 52.2773438, "$id": 247, "sounds": [{"d": 0.18649292, "p": 69, "v": 74, "w": 0.0}], "pos": -1.43532467, "size": 1.0}, {"_time": 52.328125, "$id": 248, "sounds": [{"d": 0.191532135, "p": 62, "v": 92, "w": 0.0}], "pos": 1.50258827, "size": 1.0}, {"_time": 52.4765625, "$id": 249, "sounds": [{"d": 0.18649292, "p": 74, "v": 70, "w": 0.0}], "pos": -0.7304306, "size": 1.0}, {"_time": 52.6601563, "$id": 250, "sounds": [{"d": 0.11088562, "p": 77, "v": 79, "w": 0.0}], "pos": 0.01740551, "size": 1.0}, {"_time": 52.8164063, "$id": 251, "sounds": [{"d": 1.22983551, "p": 81, "v": 76, "w": 0.0}], "pos": 0.623930931, "size": 0.799999952}, {"_time": 52.9453125, "$id": 252, "sounds": [{"d": 0.992939, "p": 93, "v": 99, "w": 0.0}], "pos": 2.0, "size": 0.799999952}, {"_time": 53.046875, "$id": 253, "sounds": [{"d": 0.272174835, "p": 53, "v": 43, "w": 0.0}], "pos": -0.5, "size": 1.0}, {"_time": 53.3164063, "$id": 254, "sounds": [{"d": 0.272174835, "p": 69, "v": 68, "w": 0.0}], "pos": -1.05164051, "size": 1.0}, {"_time": 53.53125, "$id": 255, "sounds": [{"d": 0.15625, "p": 71, "v": 74, "w": 0.0}], "pos": 1.3022213, "size": 1.0}, {"_time": 53.7539063, "$id": 256, "sounds": [{"d": 0.13608551, "p": 67, "v": 79, "w": 0.0}], "pos": -0.316288948, "size": 1.0}, {"_time": 53.9296875, "$id": 257, "sounds": [{"d": 0.136089325, "p": 69, "v": 88, "w": 0.0}], "pos": 0.253286362, "size": 1.0}, {"_time": 54.1015625, "$id": 258, "sounds": [{"d": 0.136089325, "p": 65, "v": 84, "w": 0.0}], "pos": -1.55164051, "size": 1.0}, {"_time": 54.26953, "$id": 259, "sounds": [{"d": 0.29737854, "p": 48, "v": 35, "w": 0.0}], "pos": 1.09453964, "size": 1.1}, {"_time": 54.3125, "$id": 260, "sounds": [{"d": 0.3679428, "p": 64, "v": 77, "w": 0.0}], "pos": -0.398345, "size": 1.1}, {"_time": 54.5234375, "$id": 261, "sounds": [{"d": 0.24193573, "p": 60, "v": 73, "w": 0.0}], "pos": -2.0, "size": 1.1}, {"_time": 54.75, "$id": 262, "sounds": [{"d": 0.257061, "p": 53, "v": 61, "w": 0.0}], "pos": 1.53861523, "size": 1.0}, {"_time": 54.765625, "$id": 263, "sounds": [{"d": 0.196575165, "p": 65, "v": 61, "w": 0.0}], "pos": -0.9923868, "size": 1.0}, {"_time": 55.0078125, "$id": 264, "sounds": [{"d": 0.176410675, "p": 67, "v": 81, "w": 0.0}], "pos": 0.269598, "size": 1.0}, {"_time": 55.2148438, "$id": 265, "sounds": [{"d": 0.191532135, "p": 71, "v": 61, "w": 0.0}], "pos": -1.54731369, "size": 1.0}, {"_time": 55.234375, "$id": 266, "sounds": [{"d": 0.2066536, "p": 62, "v": 74, "w": 0.0}], "pos": 2.0, "size": 1.0}, {"_time": 55.390625, "$id": 267, "sounds": [{"d": 0.191532135, "p": 72, "v": 86, "w": 0.0}], "pos": -1.02284431, "size": 1.0}, {"_time": 55.578125, "$id": 268, "sounds": [{"d": 0.13608551, "p": 76, "v": 84, "w": 0.0}], "pos": -0.176641464, "size": 1.0}, {"_time": 55.71875, "$id": 269, "sounds": [{"d": 1.19959641, "p": 79, "v": 82, "w": 0.0}], "pos": 0.571194649, "size": 0.799999952}, {"_time": 55.8515625, "$id": 270, "sounds": [{"d": 1.07862854, "p": 91, "v": 101, "w": 0.0}], "pos": 2.0, "size": 0.799999952}, {"_time": 55.95703, "$id": 271, "sounds": [{"d": 0.22681427, "p": 52, "v": 40, "w": 0.0}], "pos": 0.0, "size": 1.0}, {"_time": 56.1796875, "$id": 272, "sounds": [{"d": 0.32762146, "p": 67, "v": 69, "w": 0.0}], "pos": -0.5421457, "size": 1.0}, {"_time": 56.4414063, "$id": 273, "sounds": [{"d": 0.221775055, "p": 69, "v": 72, "w": 0.0}], "pos": 1.43888, "size": 1.0}, {"_time": 56.6601563, "$id": 274, "sounds": [{"d": 0.26713562, "p": 65, "v": 67, "w": 0.0}], "pos": -0.7921457, "size": 1.0}, {"_time": 56.8476563, "$id": 275, "sounds": [{"d": 0.191532135, "p": 67, "v": 74, "w": 0.0}], "pos": 0.416577339, "size": 1.0}, {"_time": 57.01953, "$id": 276, "sounds": [{"d": 0.22177124, "p": 63, "v": 59, "w": 0.0}], "pos": -0.2698431, "size": 1.1}, {"_time": 57.171875, "$id": 277, "sounds": [{"d": 0.282253265, "p": 44, "v": 40, "w": 0.0}], "pos": -1.89347553, "size": 1.2}, {"_time": 57.2109375, "$id": 278, "sounds": [{"d": 0.519145966, "p": 62, "v": 70, "w": 0.0}], "pos": 0.270936966, "size": 1.2}, {"_time": 57.45703, "$id": 279, "sounds": [{"d": 0.25201416, "p": 65, "v": 57, "w": 0.0}], "pos": 0.725832, "size": 1.1}, {"_time": 57.65625, "$id": 280, "sounds": [{"d": 0.27722168, "p": 53, "v": 46, "w": 0.0}], "pos": -0.615179062, "size": 1.1}, {"_time": 57.67578, "$id": 281, "sounds": [{"d": 0.24697876, "p": 67, "v": 80, "w": 0.0}], "pos": 1.401928, "size": 1.1}, {"_time": 57.90625, "$id": 282, "sounds": [{"d": 0.156253815, "p": 70, "v": 65, "w": 0.0}], "pos": -1.39217758, "size": 1.0}, {"_time": 58.1328125, "$id": 283, "sounds": [{"d": 0.2066536, "p": 60, "v": 68, "w": 0.0}], "pos": -2.0, "size": 1.0}, {"_time": 58.140625, "$id": 284, "sounds": [{"d": 0.151210785, "p": 74, "v": 84, "w": 0.0}], "pos": -0.0666132, "size": 1.0}, {"_time": 58.3046875, "$id": 285, "sounds": [{"d": 0.151210785, "p": 75, "v": 84, "w": 0.0}], "pos": 0.724164963, "size": 1.0}, {"_time": 58.4609375, "$id": 286, "sounds": [{"d": 0.161289215, "p": 79, "v": 78, "w": 0.0}], "pos": 1.4105835, "size": 1.0}, {"_time": 58.609375, "$id": 287, "sounds": [{"d": 1.00806046, "p": 72, "v": 64, "w": 0.0}], "pos": 0.08285427, "size": 0.9}, {"_time": 58.66797, "$id": 288, "sounds": [{"d": 0.9677391, "p": 84, "v": 64, "w": 0.0}], "pos": 2.0, "size": 0.9}, {"_time": 58.859375, "$id": 289, "sounds": [{"d": 0.277217865, "p": 51, "v": 50, "w": 0.0}], "pos": -0.7190418, "size": 1.0}, {"_time": 59.1171875, "$id": 290, "sounds": [{"d": 0.277217865, "p": 65, "v": 50, "w": 0.0}], "pos": -1.82781792, "size": 1.0}, {"_time": 59.3476563, "$id": 291, "sounds": [{"d": 0.161289215, "p": 67, "v": 77, "w": 0.0}], "pos": 1.32497787, "size": 1.0}, {"_time": 59.5703125, "$id": 292, "sounds": [{"d": 0.14112854, "p": 63, "v": 80, "w": 0.0}], "pos": -0.9613848, "size": 1.0}, {"_time": 59.7460938, "$id": 293, "sounds": [{"d": 0.176410675, "p": 65, "v": 84, "w": 0.0}], "pos": 0.2760439, "size": 1.0}, {"_time": 59.921875, "$id": 294, "sounds": [{"d": 0.0907249451, "p": 62, "v": 81, "w": 0.0}], "pos": -1.17443466, "size": 1.0}, {"_time": 60.0703125, "$id": 295, "sounds": [{"d": 0.30242157, "p": 46, "v": 33, "w": 0.0}], "pos": 0.458721161, "size": 1.2}, {"_time": 60.11328, "$id": 296, "sounds": [{"d": 0.4183464, "p": 60, "v": 78, "w": 0.0}], "pos": -2.0, "size": 1.0}, {"_time": 60.30078, "$id": 297, "sounds": [{"d": 0.277217865, "p": 65, "v": 63, "w": 0.0}], "pos": -1.34845829, "size": 1.0}, {"_time": 60.5585938, "$id": 298, "sounds": [{"d": 0.297382355, "p": 55, "v": 47, "w": 0.0}], "pos": 1.16577911, "size": 1.1}, {"_time": 60.5664063, "$id": 299, "sounds": [{"d": 0.221775055, "p": 67, "v": 83, "w": 0.0}], "pos": -0.778883, "size": 1.0}, {"_time": 60.7734375, "$id": 300, "sounds": [{"d": 0.1260109, "p": 70, "v": 73, "w": 0.0}], "pos": -0.0843086243, "size": 1.0}, {"_time": 61.01172, "$id": 301, "sounds": [{"d": 0.196575165, "p": 74, "v": 79, "w": 0.0}], "pos": -1.20881081, "size": 1.0}, {"_time": 61.04297, "$id": 302, "sounds": [{"d": 0.26713562, "p": 62, "v": 76, "w": 0.0}], "pos": 1.5, "size": 1.1}, {"_time": 61.2578125, "$id": 303, "sounds": [{"d": 0.211689, "p": 82, "v": 81, "w": 0.0}], "pos": 0.0308694839, "size": 1.1}, {"_time": 61.3125, "$id": 304, "sounds": [{"d": 0.18144989, "p": 94, "v": 81, "w": 0.0}], "pos": 1.79718208, "size": 0.9}, {"_time": 61.5273438, "$id": 305, "sounds": [{"d": 0.458667755, "p": 81, "v": 84, "w": 0.0}], "pos": 0.331967354, "size": 1.1}, {"_time": 61.5976563, "$id": 306, "sounds": [{"d": 0.42842865, "p": 93, "v": 95, "w": 0.0}], "pos": -1.25724506, "size": 0.9}, {"_time": 61.98828, "$id": 307, "sounds": [{"d": 0.20665741, "p": 91, "v": 86, "w": 0.0}], "pos": 0.197148323, "size": 0.9}, {"_time": 62.17578, "$id": 308, "sounds": [{"d": 0.146167755, "p": 93, "v": 74, "w": 0.0}], "pos": 1.67218208, "size": 0.9}, {"_time": 62.328125, "$id": 309, "sounds": [{"d": 0.14617157, "p": 89, "v": 62, "w": 0.0}], "pos": 0.133566856, "size": 0.9}, {"_time": 62.4726563, "$id": 310, "sounds": [{"d": 0.16632843, "p": 84, "v": 91, "w": 0.0}], "pos": -0.6512203, "size": 0.9}, {"_time": 62.64453, "$id": 311, "sounds": [{"d": 0.176410675, "p": 86, "v": 80, "w": 0.0}], "pos": 1.11675739, "size": 0.9}, {"_time": 62.7890625, "$id": 312, "sounds": [{"d": 0.166332245, "p": 81, "v": 74, "w": 0.0}], "pos": -0.653383255, "size": 1.0}, {"_time": 62.953125, "$id": 313, "sounds": [{"d": 0.176410675, "p": 79, "v": 72, "w": 0.0}], "pos": 0.934165, "size": 1.0}, {"_time": 63.1171875, "$id": 314, "sounds": [{"d": 0.221775055, "p": 74, "v": 72, "w": 0.0}], "pos": -0.06367016, "size": 1.0}, {"_time": 63.2890625, "$id": 315, "sounds": [{"d": 0.17137146, "p": 72, "v": 60, "w": 0.0}], "pos": -0.9528179, "size": 1.1}, {"_time": 63.4453125, "$id": 316, "sounds": [{"d": 0.282253265, "p": 67, "v": 72, "w": 0.0}], "pos": -1.57781792, "size": 1.1}, {"_time": 63.6796875, "$id": 317, "sounds": [{"d": 0.226810455, "p": 69, "v": 65, "w": 0.0}], "pos": -0.615179062, "size": 1.1}, {"_time": 63.9335938, "$id": 318, "sounds": [{"d": 0.176410675, "p": 77, "v": 74, "w": 0.0}], "pos": -1.89841175, "size": 1.0}, {"_time": 63.9453125, "$id": 319, "sounds": [{"d": 0.20664978, "p": 62, "v": 78, "w": 0.0}], "pos": 0.366844177, "size": 1.0}, {"_time": 64.18359, "$id": 320, "sounds": [{"d": 0.2318573, "p": 96, "v": 81, "w": 0.0}], "pos": -0.934865, "size": 1.0}, {"_time": 64.42969, "$id": 321, "sounds": [{"d": 0.61492157, "p": 98, "v": 101, "w": 0.0}], "pos": 2.0, "size": 0.9}, {"_time": 64.42969, "$id": 322, "sounds": [{"d": 0.6905365, "p": 86, "v": 84, "w": 0.0}], "pos": -0.0543718338, "size": 0.9}, {"_time": 64.91406, "$id": 323, "sounds": [{"d": 0.16633606, "p": 82, "v": 85, "w": 0.0}], "pos": -0.00201320648, "size": 1.0}, {"_time": 65.07422, "$id": 324, "sounds": [{"d": 0.131057739, "p": 84, "v": 79, "w": 0.0}], "pos": 1.286602, "size": 1.0}, {"_time": 65.234375, "$id": 325, "sounds": [{"d": 0.11592865, "p": 81, "v": 77, "w": 0.0}], "pos": -0.1270132, "size": 1.0}, {"_time": 65.39844, "$id": 326, "sounds": [{"d": 0.17137146, "p": 77, "v": 80, "w": 0.0}], "pos": -0.6270132, "size": 1.0}, {"_time": 65.55469, "$id": 327, "sounds": [{"d": 0.17640686, "p": 79, "v": 74, "w": 0.0}], "pos": 0.581709862, "size": 1.1}, {"_time": 65.71875, "$id": 328, "sounds": [{"d": 0.12600708, "p": 76, "v": 74, "w": 0.0}], "pos": -0.7520132, "size": 1.1}, {"_time": 65.875, "$id": 329, "sounds": [{"d": 0.383056641, "p": 43, "v": 81, "w": 0.0}], "pos": 1.0, "size": 1.1}, {"_time": 65.875, "$id": 330, "sounds": [{"d": 0.22177124, "p": 74, "v": 84, "w": 0.0}], "pos": -1.428113, "size": 1.1}, {"_time": 66.04297, "$id": 331, "sounds": [{"d": 0.17640686, "p": 72, "v": 72, "w": 0.0}], "pos": -0.3465538, "size": 1.1}, {"_time": 66.203125, "$id": 332, "sounds": [{"d": 0.19152832, "p": 71, "v": 82, "w": 0.0}], "pos": -1.74984932, "size": 1.1}, {"_time": 66.35547, "$id": 333, "sounds": [{"d": 0.20664978, "p": 62, "v": 55, "w": 0.0}], "pos": 1.16577911, "size": 1.1}, {"_time": 66.37109, "$id": 334, "sounds": [{"d": 0.19152832, "p": 74, "v": 63, "w": 0.0}], "pos": -1.00201321, "size": 1.1}, {"_time": 66.58984, "$id": 335, "sounds": [{"d": 0.19153595, "p": 76, "v": 67, "w": 0.0}], "pos": -0.0596027374, "size": 1.0}, {"_time": 66.85156, "$id": 336, "sounds": [{"d": 0.18649292, "p": 78, "v": 82, "w": 0.0}], "pos": 0.936068535, "size": 1.0}, {"_time": 67.08984, "$id": 337, "sounds": [{"d": 0.16129303, "p": 93, "v": 87, "w": 0.0}], "pos": 1.15993881, "size": 0.9}, {"_time": 67.08984, "$id": 338, "sounds": [{"d": 0.16129303, "p": 81, "v": 87, "w": 0.0}], "pos": -0.8460531, "size": 0.9}, {"_time": 67.33203, "$id": 339, "sounds": [{"d": 0.400764465, "p": 83, "v": 86, "w": 0.0}], "pos": 0.122986794, "size": 0.9}, {"_time": 67.33203, "$id": 340, "sounds": [{"d": 0.476852417, "p": 95, "v": 88, "w": 0.0}], "pos": 2.0, "size": 0.9}, {"_time": 67.83594, "$id": 341, "sounds": [{"d": 0.154815674, "p": 86, "v": 88, "w": 0.0}], "pos": 0.2763872, "size": 1.2}, {"_time": 67.83594, "$id": 342, "sounds": [{"d": 0.154815674, "p": 93, "v": 88, "w": 0.0}], "pos": 1.89706135, "size": 1.2}, {"_time": 68.11328, "$id": 343, "sounds": [{"d": 0.182037354, "p": 90, "v": 92, "w": 0.0}], "pos": 0.7231264, "size": 1.1}, {"_time": 68.11328, "$id": 344, "sounds": [{"d": 0.182037354, "p": 83, "v": 92, "w": 0.0}], "pos": -0.8975477, "size": 1.1}, {"_time": 68.390625, "$id": 345, "sounds": [{"d": 0.148200989, "p": 81, "v": 89, "w": 0.0}], "pos": -1.57364559, "size": 1.1}, {"_time": 68.40234, "$id": 346, "sounds": [{"d": 0.154647827, "p": 88, "v": 89, "w": 0.0}], "pos": 0.04702854, "size": 1.1}, {"_time": 68.71484, "$id": 347, "sounds": [{"d": 0.147384644, "p": 69, "v": 86, "w": 0.0}], "pos": -2.0, "size": 1.0}, {"_time": 68.71875, "$id": 348, "sounds": [{"d": 0.140518188, "p": 81, "v": 89, "w": 0.0}], "pos": -0.5, "size": 1.0}, {"_time": 69.07031, "$id": 349, "sounds": [{"d": 0.235908508, "p": 86, "v": 84, "w": 0.0}], "pos": 1.28837109, "size": 1.2}, {"_time": 69.07031, "$id": 350, "sounds": [{"d": 0.241119385, "p": 74, "v": 84, "w": 0.0}], "pos": -2.0, "size": 1.2}, {"_time": 69.26172, "$id": 351, "sounds": [{"d": 0.1720581, "p": 76, "v": 82, "w": 0.0}], "pos": -1.00024223, "size": 1.1}, {"_time": 69.42969, "$id": 352, "sounds": [{"d": 0.09698486, "p": 78, "v": 82, "w": 0.0}], "pos": 0.022061348, "size": 1.0}, {"_time": 69.58594, "$id": 353, "sounds": [{"d": 0.158370972, "p": 81, "v": 90, "w": 0.0}], "pos": 1.0362072, "size": 1.0}, {"_time": 69.75, "$id": 354, "sounds": [{"d": 0.0892868042, "p": 78, "v": 85, "w": 0.0}], "pos": -0.617087364, "size": 1.0}, {"_time": 69.91406, "$id": 355, "sounds": [{"d": 0.167205811, "p": 81, "v": 89, "w": 0.0}], "pos": 0.5568476, "size": 1.0}, {"_time": 70.09766, "$id": 356, "sounds": [{"d": 0.1701355, "p": 79, "v": 87, "w": 0.0}], "pos": -1.0, "size": 1.0}, {"_time": 70.13672, "$id": 357, "sounds": [{"d": 0.129623413, "p": 86, "v": 85, "w": 0.0}], "pos": -1.5, "size": 1.0}, {"_time": 70.19531, "$id": 358, "sounds": [{"d": 0.178573608, "p": 93, "v": 87, "w": 0.0}], "pos": -2.0, "size": 1.0}, {"_time": 70.68359, "$id": 359, "sounds": [{"d": 0.232849121, "p": 90, "v": 85, "w": 0.0}], "pos": 0.145140648, "size": 1.0}, {"_time": 70.69922, "$id": 360, "sounds": [{"d": 0.232849121, "p": 93, "v": 85, "w": 0.0}], "pos": 1.61560917, "size": 0.799999952}, {"_time": 70.73047, "$id": 361, "sounds": [{"d": 0.315834045, "p": 102, "v": 99, "w": 0.0}], "pos": 2.0, "size": 0.799999952}, {"_time": 70.99609, "$id": 362, "sounds": [{"d": 0.235710144, "p": 86, "v": 90, "w": 0.0}], "pos": 1.39946747, "size": 1.0}, {"_time": 71.00391, "$id": 363, "sounds": [{"d": 0.255714417, "p": 90, "v": 85, "w": 0.0}], "pos": -0.4105215, "size": 0.799999952}, {"_time": 71.03516, "$id": 364, "sounds": [{"d": 0.335998535, "p": 98, "v": 100, "w": 0.0}], "pos": -0.688818, "size": 0.799999952}, {"_time": 71.30469, "$id": 365, "sounds": [{"d": 0.2829666, "p": 81, "v": 90, "w": 0.0}], "pos": -1.03262615, "size": 1.0}, {"_time": 71.32422, "$id": 366, "sounds": [{"d": 0.24949646, "p": 86, "v": 90, "w": 0.0}], "pos": 1.0, "size": 0.799999952}, {"_time": 71.33594, "$id": 367, "sounds": [{"d": 0.3609314, "p": 93, "v": 96, "w": 0.0}], "pos": 1.26031876, "size": 0.799999952}, {"_time": 71.62109, "$id": 368, "sounds": [{"d": 0.268058777, "p": 81, "v": 90, "w": 0.0}], "pos": -1.13315582, "size": 0.799999952}, {"_time": 71.62109, "$id": 369, "sounds": [{"d": 0.298919678, "p": 78, "v": 90, "w": 0.0}], "pos": 0.520638466, "size": 1.1}, {"_time": 71.64453, "$id": 370, "sounds": [{"d": 0.417198181, "p": 90, "v": 88, "w": 0.0}], "pos": -1.55566216, "size": 0.799999952}, {"_time": 71.96875, "$id": 371, "sounds": [{"d": 0.460845947, "p": 86, "v": 93, "w": 0.0}], "pos": -2.0, "size": 1.2}, {"_time": 71.96875, "$id": 372, "sounds": [{"d": 0.286972046, "p": 78, "v": 90, "w": 0.0}], "pos": 0.0, "size": 0.799999952}, {"_time": 71.97656, "$id": 373, "sounds": [{"d": 0.5078201, "p": 74, "v": 90, "w": 0.0}], "pos": 0.393474579, "size": 0.799999952}, {"_time": 72.671875, "$id": 374, "sounds": [{"d": 1.23460388, "p": 33, "v": 102, "w": 0.0}], "pos": -2.0, "size": 1.60000014}, {"_time": 72.71875, "$id": 375, "sounds": [{"d": 0.193351746, "p": 90, "v": 89, "w": 0.0}], "pos": 0.100403786, "size": 1.0}, {"_time": 72.94531, "$id": 376, "sounds": [{"d": 0.1264801, "p": 86, "v": 88, "w": 0.0}], "pos": -0.985481262, "size": 1.0}, {"_time": 73.14844, "$id": 377, "sounds": [{"d": 0.1424408, "p": 90, "v": 93, "w": 0.0}], "pos": 0.819446564, "size": 1.0}, {"_time": 73.328125, "$id": 378, "sounds": [{"d": 0.172531128, "p": 88, "v": 81, "w": 0.0}], "pos": -0.149596214, "size": 1.0}, {"_time": 73.33594, "$id": 379, "sounds": [{"d": 0.1719284, "p": 93, "v": 95, "w": 0.0}], "pos": 1.70043659, "size": 1.2}, {"_time": 73.51172, "$id": 380, "sounds": [{"d": 0.174072266, "p": 86, "v": 79, "w": 0.0}], "pos": -0.8789568, "size": 1.0}, {"_time": 73.66797, "$id": 381, "sounds": [{"d": 0.131835938, "p": 88, "v": 76, "w": 0.0}], "pos": 0.596076965, "size": 1.0}, {"_time": 73.82422, "$id": 382, "sounds": [{"d": 0.122070313, "p": 79, "v": 70, "w": 0.0}], "pos": -1.27459621, "size": 1.0}, {"_time": 73.984375, "$id": 383, "sounds": [{"d": 0.161132813, "p": 86, "v": 76, "w": 0.0}], "pos": 0.266181, "size": 1.0}, {"_time": 74.13672, "$id": 384, "sounds": [{"d": 0.126953125, "p": 81, "v": 72, "w": 0.0}], "pos": -1.02459621, "size": 1.0}, {"_time": 74.29297, "$id": 385, "sounds": [{"d": 0.185546875, "p": 90, "v": 73, "w": 0.0}], "pos": 1.1123867, "size": 1.0}, {"_time": 74.44922, "$id": 386, "sounds": [{"d": 0.141601563, "p": 86, "v": 68, "w": 0.0}], "pos": -0.3995962, "size": 1.0}, {"_time": 74.60547, "$id": 387, "sounds": [{"d": 0.141601563, "p": 90, "v": 74, "w": 0.0}], "pos": 0.6684418, "size": 1.0}, {"_time": 74.76172, "$id": 388, "sounds": [{"d": 0.126953125, "p": 88, "v": 68, "w": 0.0}], "pos": -1.10831928, "size": 1.0}, {"_time": 74.76172, "$id": 389, "sounds": [{"d": 0.131835938, "p": 93, "v": 76, "w": 0.0}], "pos": 2.0, "size": 1.2}, {"_time": 74.91797, "$id": 390, "sounds": [{"d": 0.166343689, "p": 86, "v": 58, "w": 0.0}], "pos": -0.106651306, "size": 1.0}, {"_time": 75.08203, "$id": 391, "sounds": [{"d": 0.166671753, "p": 88, "v": 65, "w": 0.0}], "pos": 0.9689131, "size": 1.0}, {"_time": 75.24609, "$id": 392, "sounds": [{"d": 0.140625, "p": 79, "v": 93, "w": 0.0}], "pos": -0.3425064, "size": 1.0}, {"_time": 75.41016, "$id": 393, "sounds": [{"d": 0.17956543, "p": 86, "v": 60, "w": 0.0}], "pos": 1.70426655, "size": 1.0}, {"_time": 75.58984, "$id": 394, "sounds": [{"d": 0.182037354, "p": 81, "v": 54, "w": 0.0}], "pos": -0.0392436981, "size": 1.0}, {"_time": 75.75391, "$id": 395, "sounds": [{"d": 0.7833328, "p": 26, "v": 97, "w": 0.0}], "pos": -2.0, "size": 1.60000014}, {"_time": 75.77344, "$id": 396, "sounds": [{"d": 0.177711487, "p": 90, "v": 62, "w": 0.0}], "pos": 0.6330271, "size": 1.0}, {"_time": 75.92969, "$id": 397, "sounds": [{"d": 0.12688446, "p": 81, "v": 51, "w": 0.0}], "pos": -0.172400475, "size": 1.0}, {"_time": 76.08203, "$id": 398, "sounds": [{"d": 0.112785339, "p": 90, "v": 61, "w": 0.0}], "pos": 1.11238766, "size": 1.0}, {"_time": 76.23047, "$id": 399, "sounds": [{"d": 0.126876831, "p": 93, "v": 90, "w": 0.0}], "pos": 1.99337864, "size": 1.30000007}, {"_time": 76.23047, "$id": 400, "sounds": [{"d": 0.136276245, "p": 88, "v": 63, "w": 0.0}], "pos": -0.7088499, "size": 1.0}, {"_time": 76.38281, "$id": 401, "sounds": [{"d": 0.09868622, "p": 86, "v": 80, "w": 0.0}], "pos": -0.0533914566, "size": 1.0}, {"_time": 76.53906, "$id": 402, "sounds": [{"d": 0.155075073, "p": 88, "v": 77, "w": 0.0}], "pos": 0.9955435, "size": 1.0}, {"_time": 76.6875, "$id": 403, "sounds": [{"d": 0.107383728, "p": 79, "v": 53, "w": 0.0}], "pos": -1.30122757, "size": 1.0}, {"_time": 76.84766, "$id": 404, "sounds": [{"d": 0.1397171, "p": 86, "v": 71, "w": 0.0}], "pos": 0.346076, "size": 1.0}, {"_time": 77.00391, "$id": 405, "sounds": [{"d": 0.121948242, "p": 81, "v": 51, "w": 0.0}], "pos": -1.18438339, "size": 1.0}, {"_time": 77.16797, "$id": 406, "sounds": [{"d": 0.1383667, "p": 90, "v": 46, "w": 0.0}], "pos": 0.526503563, "size": 1.2}, {"_time": 77.33594, "$id": 407, "sounds": [{"d": 0.1342926, "p": 86, "v": 43, "w": 0.0}], "pos": -0.6925392, "size": 1.0}, {"_time": 77.51172, "$id": 408, "sounds": [{"d": 0.125, "p": 90, "v": 73, "w": 0.0}], "pos": 2.0, "size": 1.0}, {"_time": 77.68359, "$id": 409, "sounds": [{"d": 0.109649658, "p": 88, "v": 63, "w": 0.0}], "pos": 0.249872208, "size": 1.0}, {"_time": 77.859375, "$id": 410, "sounds": [{"d": 0.182975769, "p": 86, "v": 58, "w": 0.0}], "pos": 1.1982708, "size": 1.0}, {"_time": 78.03516, "$id": 411, "sounds": [{"d": 0.162025452, "p": 88, "v": 63, "w": 0.0}], "pos": 0.143345833, "size": 1.0}, {"_time": 78.21484, "$id": 412, "sounds": [{"d": 0.152023315, "p": 79, "v": 57, "w": 0.0}], "pos": -1.64743328, "size": 1.0}, {"_time": 78.39453, "$id": 413, "sounds": [{"d": 0.16002655, "p": 86, "v": 59, "w": 0.0}], "pos": 0.319444656, "size": 1.0}, {"_time": 78.578125, "$id": 414, "sounds": [{"d": 0.150909424, "p": 81, "v": 54, "w": 0.0}], "pos": -0.891441345, "size": 1.0}, {"_time": 78.75, "$id": 415, "sounds": [{"d": 1.31034851, "p": 31, "v": 92, "w": 0.0}], "pos": -2.0, "size": 1.60000014}, {"_time": 78.75781, "$id": 416, "sounds": [{"d": 0.127548218, "p": 90, "v": 90, "w": 0.0}], "pos": 0.9792309, "size": 1.0}, {"_time": 78.92578, "$id": 417, "sounds": [{"d": 0.104515076, "p": 86, "v": 86, "w": 0.0}], "pos": -0.3995962, "size": 1.0}, {"_time": 79.08203, "$id": 418, "sounds": [{"d": 0.09690094, "p": 90, "v": 86, "w": 0.0}], "pos": 0.712921143, "size": 1.0}, {"_time": 79.23828, "$id": 419, "sounds": [{"d": 0.1695633, "p": 54, "v": 76, "w": 0.0}], "pos": 1.07390213, "size": 1.0}, {"_time": 79.23828, "$id": 420, "sounds": [{"d": 0.116271973, "p": 88, "v": 72, "w": 0.0}], "pos": -0.73548317, "size": 1.0}, {"_time": 79.25781, "$id": 421, "sounds": [{"d": 0.150184631, "p": 55, "v": 76, "w": 0.0}], "pos": 1.5, "size": 1.0}, {"_time": 79.27344, "$id": 422, "sounds": [{"d": 0.2422409, "p": 57, "v": 69, "w": 0.0}], "pos": 2.0, "size": 1.0}, {"_time": 79.39453, "$id": 423, "sounds": [{"d": 0.1453476, "p": 86, "v": 89, "w": 0.0}], "pos": -1.14527035, "size": 1.0}, {"_time": 79.546875, "$id": 424, "sounds": [{"d": 0.121124268, "p": 88, "v": 87, "w": 0.0}], "pos": 0.5694437, "size": 1.0}, {"_time": 79.70703, "$id": 425, "sounds": [{"d": 0.08236694, "p": 79, "v": 32, "w": 0.0}], "pos": -2.0, "size": 1.0}, {"_time": 79.859375, "$id": 426, "sounds": [{"d": 0.121124268, "p": 86, "v": 86, "w": 0.0}], "pos": -0.186547279, "size": 1.0}, {"_time": 80.01172, "$id": 427, "sounds": [{"d": 0.111427307, "p": 81, "v": 56, "w": 0.0}], "pos": -1.39743233, "size": 1.0}, {"_time": 80.16406, "$id": 428, "sounds": [{"d": 0.169570923, "p": 90, "v": 72, "w": 0.0}], "pos": 0.925971031, "size": 1.0}, {"_time": 80.32422, "$id": 429, "sounds": [{"d": 0.14050293, "p": 86, "v": 71, "w": 0.0}], "pos": -0.7458, "size": 1.0}, {"_time": 80.47656, "$id": 430, "sounds": [{"d": 0.125968933, "p": 90, "v": 73, "w": 0.0}], "pos": 0.26019, "size": 1.0}, {"_time": 80.63281, "$id": 431, "sounds": [{"d": 0.118026733, "p": 93, "v": 70, "w": 0.0}], "pos": -1.36214828, "size": 1.0}, {"_time": 80.63281, "$id": 432, "sounds": [{"d": 0.137710571, "p": 88, "v": 47, "w": 0.0}], "pos": 2.0, "size": 1.0}, {"_time": 80.78516, "$id": 433, "sounds": [{"d": 0.160926819, "p": 86, "v": 65, "w": 0.0}], "pos": -0.3995962, "size": 1.0}, {"_time": 80.95703, "$id": 434, "sounds": [{"d": 0.153411865, "p": 88, "v": 61, "w": 0.0}], "pos": 0.782492638, "size": 1.0}, {"_time": 81.13281, "$id": 435, "sounds": [{"d": 0.15776062, "p": 79, "v": 70, "w": 0.0}], "pos": -1.27459621, "size": 1.0}, {"_time": 81.328125, "$id": 436, "sounds": [{"d": 0.193855286, "p": 86, "v": 69, "w": 0.0}], "pos": -0.133284569, "size": 1.0}, {"_time": 81.52734, "$id": 437, "sounds": [{"d": 0.162757874, "p": 81, "v": 78, "w": 0.0}], "pos": -1.02459621, "size": 1.0}, {"_time": 81.73828, "$id": 438, "sounds": [{"d": 0.139968872, "p": 90, "v": 89, "w": 0.0}], "pos": 0.4199772, "size": 1.0}, {"_time": 81.74219, "$id": 439, "sounds": [{"d": 0.8233185, "p": 24, "v": 95, "w": 0.0}], "pos": -2.0, "size": 1.60000014}, {"_time": 81.90234, "$id": 440, "sounds": [{"d": 0.09777069, "p": 86, "v": 88, "w": 0.0}], "pos": -0.3995962, "size": 1.0}, {"_time": 82.05859, "$id": 441, "sounds": [{"d": 0.118110657, "p": 90, "v": 93, "w": 0.0}], "pos": 0.846076965, "size": 1.0}, {"_time": 82.21094, "$id": 442, "sounds": [{"d": 0.219680786, "p": 88, "v": 55, "w": 0.0}], "pos": -1.4811554, "size": 1.0}, {"_time": 82.21484, "$id": 443, "sounds": [{"d": 0.154762268, "p": 93, "v": 99, "w": 0.0}], "pos": 2.0, "size": 1.30000007}, {"_time": 82.375, "$id": 444, "sounds": [{"d": 0.181221008, "p": 86, "v": 79, "w": 0.0}], "pos": 0.106395721, "size": 1.0}, {"_time": 82.53516, "$id": 445, "sounds": [{"d": 0.137191772, "p": 88, "v": 76, "w": 0.0}], "pos": 1.63469124, "size": 1.0}, {"_time": 82.69922, "$id": 446, "sounds": [{"d": 0.122703552, "p": 79, "v": 70, "w": 0.0}], "pos": -0.795235634, "size": 1.0}, {"_time": 82.86328, "$id": 447, "sounds": [{"d": 0.169906616, "p": 86, "v": 76, "w": 0.0}], "pos": 0.2661829, "size": 1.0}, {"_time": 83.04297, "$id": 448, "sounds": [{"d": 0.135414124, "p": 93, "v": 72, "w": 0.0}], "pos": 1.514018, "size": 1.0}, {"_time": 83.19531, "$id": 449, "sounds": [{"d": 0.152008057, "p": 86, "v": 81, "w": 0.0}], "pos": -0.000128746033, "size": 1.2}, {"_time": 83.21484, "$id": 450, "sounds": [{"d": 0.1521759, "p": 98, "v": 101, "w": 0.0}], "pos": 2.0, "size": 1.2}, {"_time": 83.34766, "$id": 451, "sounds": [{"d": 0.199562073, "p": 95, "v": 80, "w": 0.0}], "pos": 0.9917164, "size": 1.0}, {"_time": 83.50781, "$id": 452, "sounds": [{"d": 0.147041321, "p": 86, "v": 76, "w": 0.0}], "pos": -0.05339241, "size": 1.2}, {"_time": 83.53125, "$id": 453, "sounds": [{"d": 0.173400879, "p": 98, "v": 89, "w": 0.0}], "pos": 2.0, "size": 1.2}, {"_time": 83.68359, "$id": 454, "sounds": [{"d": 0.181350708, "p": 81, "v": 87, "w": 0.0}], "pos": -0.8934765, "size": 1.2}, {"_time": 83.86328, "$id": 455, "sounds": [{"d": 0.162231445, "p": 91, "v": 71, "w": 0.0}], "pos": 0.571608543, "size": 1.0}, {"_time": 84.02734, "$id": 456, "sounds": [{"d": 0.115127563, "p": 90, "v": 72, "w": 0.0}], "pos": -0.911581039, "size": 1.2}, {"_time": 84.20703, "$id": 457, "sounds": [{"d": 0.170455933, "p": 86, "v": 94, "w": 0.0}], "pos": 1.33143139, "size": 1.2}, {"_time": 84.41016, "$id": 458, "sounds": [{"d": 0.225662231, "p": 81, "v": 101, "w": 0.0}], "pos": -0.11913681, "size": 1.0}, {"_time": 84.63672, "$id": 459, "sounds": [{"d": 0.240882874, "p": 86, "v": 95, "w": 0.0}], "pos": 1.33142853, "size": 1.2}, {"_time": 84.88281, "$id": 460, "sounds": [{"d": 0.308883667, "p": 78, "v": 86, "w": 0.0}], "pos": -2.0, "size": 1.0}, {"_time": 84.89844, "$id": 461, "sounds": [{"d": 0.243782043, "p": 90, "v": 104, "w": 0.0}], "pos": 0.100403786, "size": 1.0}, {"_time": 85.10547, "$id": 462, "sounds": [{"d": 0.1627655, "p": 86, "v": 90, "w": 0.0}], "pos": -0.8523264, "size": 0.9}, {"_time": 85.29297, "$id": 463, "sounds": [{"d": 0.165161133, "p": 90, "v": 98, "w": 0.0}], "pos": 0.100403786, "size": 0.9}, {"_time": 85.46094, "$id": 464, "sounds": [{"d": 0.101348877, "p": 55, "v": 62, "w": 0.0}], "pos": -2.0, "size": 0.9}, {"_time": 85.47266, "$id": 465, "sounds": [{"d": 0.146194458, "p": 93, "v": 101, "w": 0.0}], "pos": 1.0, "size": 1.2}, {"_time": 85.65234, "$id": 466, "sounds": [{"d": 0.1793518, "p": 86, "v": 77, "w": 0.0}], "pos": -0.6392765, "size": 0.9}, {"_time": 85.72656, "$id": 467, "sounds": [{"d": 0.0652160645, "p": 59, "v": 81, "w": 0.0}], "pos": 1.82556534, "size": 1.2}, {"_time": 85.82031, "$id": 468, "sounds": [{"d": 0.168479919, "p": 88, "v": 87, "w": 0.0}], "pos": -0.229491234, "size": 0.9}, {"_time": 85.98047, "$id": 469, "sounds": [{"d": 0.119789124, "p": 57, "v": 65, "w": 0.0}], "pos": 1.28695107, "size": 1.2}, {"_time": 85.99609, "$id": 470, "sounds": [{"d": 0.140281677, "p": 79, "v": 93, "w": 0.0}], "pos": -1.78058624, "size": 0.9}, {"_time": 86.15625, "$id": 471, "sounds": [{"d": 0.169059753, "p": 86, "v": 80, "w": 0.0}], "pos": -0.8523264, "size": 0.9}, {"_time": 86.22656, "$id": 472, "sounds": [{"d": 0.0819702148, "p": 50, "v": 60, "w": 0.0}], "pos": 0.5, "size": 1.2}, {"_time": 86.32422, "$id": 473, "sounds": [{"d": 0.1536789, "p": 81, "v": 67, "w": 0.0}], "pos": -1.34417152, "size": 0.9}, {"_time": 86.45703, "$id": 474, "sounds": [{"d": 0.194328308, "p": 90, "v": 96, "w": 0.0}], "pos": 0.739551544, "size": 0.9}, {"_time": 86.47266, "$id": 475, "sounds": [{"d": 0.14339447, "p": 85, "v": 63, "w": 0.0}], "pos": 1.17979813, "size": 0.9}, {"_time": 86.47266, "$id": 476, "sounds": [{"d": 0.250099182, "p": 78, "v": 76, "w": 0.0}], "pos": -1.71917057, "size": 1.2}, {"_time": 86.62109, "$id": 477, "sounds": [{"d": 0.142860413, "p": 86, "v": 81, "w": 0.0}], "pos": -0.8256941, "size": 0.9}, {"_time": 86.71875, "$id": 478, "sounds": [{"d": 0.149620056, "p": 45, "v": 64, "w": 0.0}], "pos": 1.5, "size": 1.2}, {"_time": 86.78125, "$id": 479, "sounds": [{"d": 0.1497879, "p": 90, "v": 89, "w": 0.0}], "pos": 0.100403786, "size": 0.9}, {"_time": 86.94531, "$id": 480, "sounds": [{"d": 0.1385727, "p": 93, "v": 91, "w": 0.0}], "pos": -1.28225422, "size": 0.9}, {"_time": 86.96484, "$id": 481, "sounds": [{"d": 0.1332779, "p": 88, "v": 80, "w": 0.0}], "pos": -1.8007288, "size": 0.9}, {"_time": 86.97656, "$id": 482, "sounds": [{"d": 0.13319397, "p": 57, "v": 63, "w": 0.0}], "pos": 1.2223711, "size": 1.2}, {"_time": 87.11328, "$id": 483, "sounds": [{"d": 0.16859436, "p": 86, "v": 70, "w": 0.0}], "pos": -0.02675724, "size": 0.9}, {"_time": 87.22266, "$id": 484, "sounds": [{"d": 0.132148743, "p": 61, "v": 74, "w": 0.0}], "pos": -1.54727077, "size": 1.2}, {"_time": 87.296875, "$id": 485, "sounds": [{"d": 0.162597656, "p": 88, "v": 79, "w": 0.0}], "pos": 1.4216423, "size": 0.9}, {"_time": 87.44141, "$id": 486, "sounds": [{"d": 0.136375427, "p": 79, "v": 93, "w": 0.0}], "pos": 0.562953949, "size": 0.9}, {"_time": 87.46484, "$id": 487, "sounds": [{"d": 0.0555267334, "p": 55, "v": 53, "w": 0.0}], "pos": -0.801600456, "size": 1.2}, {"_time": 87.59766, "$id": 488, "sounds": [{"d": 0.166046143, "p": 86, "v": 80, "w": 0.0}], "pos": 1.41132259, "size": 0.9}, {"_time": 87.703125, "$id": 489, "sounds": [{"d": 0.150192261, "p": 49, "v": 79, "w": 0.0}], "pos": -0.2956066, "size": 1.2}, {"_time": 87.75781, "$id": 490, "sounds": [{"d": 0.1499939, "p": 81, "v": 67, "w": 0.0}], "pos": 1.53199482, "size": 0.9}, {"_time": 87.9375, "$id": 491, "sounds": [{"d": 0.197471619, "p": 85, "v": 63, "w": 0.0}], "pos": 1.5, "size": 0.9}, {"_time": 87.94141, "$id": 492, "sounds": [{"d": 0.24168396, "p": 78, "v": 98, "w": 0.0}], "pos": -1.786952, "size": 1.2}, {"_time": 87.95703, "$id": 493, "sounds": [{"d": 0.1873169, "p": 90, "v": 101, "w": 0.0}], "pos": 2.0, "size": 0.9}, {"_time": 88.11719, "$id": 494, "sounds": [{"d": 0.142715454, "p": 86, "v": 88, "w": 0.0}], "pos": -0.6126461, "size": 0.9}, {"_time": 88.16406, "$id": 495, "sounds": [{"d": 0.157478333, "p": 50, "v": 87, "w": 0.0}], "pos": 1.36684418, "size": 1.2}, {"_time": 88.27344, "$id": 496, "sounds": [{"d": 0.142715454, "p": 90, "v": 97, "w": 0.0}], "pos": 0.100403786, "size": 0.9}, {"_time": 88.41016, "$id": 497, "sounds": [{"d": 0.137214661, "p": 88, "v": 78, "w": 0.0}], "pos": -1.374629, "size": 0.9}, {"_time": 88.42969, "$id": 498, "sounds": [{"d": 0.13217926, "p": 93, "v": 102, "w": 0.0}], "pos": -1.81487751, "size": 0.9}, {"_time": 88.42969, "$id": 499, "sounds": [{"d": 0.244483948, "p": 38, "v": 96, "w": 0.0}], "pos": 2.0, "size": 1.2}, {"_time": 88.58594, "$id": 500, "sounds": [{"d": 0.165786743, "p": 86, "v": 86, "w": 0.0}], "pos": 0.212921143, "size": 0.9}, {"_time": 88.67969, "$id": 501, "sounds": [{"d": 0.16506958, "p": 57, "v": 99, "w": 0.0}], "pos": 1.73968124, "size": 1.2}, {"_time": 88.734375, "$id": 502, "sounds": [{"d": 0.155036926, "p": 88, "v": 94, "w": 0.0}], "pos": -0.6289587, "size": 0.9}, {"_time": 88.89844, "$id": 503, "sounds": [{"d": 0.212142944, "p": 52, "v": 96, "w": 0.0}], "pos": 0.195074081, "size": 1.2}, {"_time": 88.90234, "$id": 504, "sounds": [{"d": 0.125564575, "p": 79, "v": 102, "w": 0.0}], "pos": -1.59417152, "size": 0.9}, {"_time": 89.05469, "$id": 505, "sounds": [{"d": 0.158653259, "p": 86, "v": 89, "w": 0.0}], "pos": -1.17190075, "size": 0.9}, {"_time": 89.12109, "$id": 506, "sounds": [{"d": 0.209152222, "p": 54, "v": 97, "w": 0.0}], "pos": 0.7543268, "size": 1.2}, {"_time": 89.20703, "$id": 507, "sounds": [{"d": 0.141410828, "p": 81, "v": 86, "w": 0.0}], "pos": -1.956686, "size": 0.9}, {"_time": 89.328125, "$id": 508, "sounds": [{"d": 0.177841187, "p": 90, "v": 109, "w": 0.0}], "pos": -0.9648428, "size": 1.2}, {"_time": 89.33594, "$id": 509, "sounds": [{"d": 0.16381073, "p": 85, "v": 77, "w": 0.0}], "pos": 1.5, "size": 0.9}, {"_time": 89.34766, "$id": 510, "sounds": [{"d": 0.2290039, "p": 78, "v": 102, "w": 0.0}], "pos": 2.0, "size": 0.9}, {"_time": 89.48047, "$id": 511, "sounds": [{"d": 0.13634491, "p": 86, "v": 101, "w": 0.0}], "pos": 0.2129221, "size": 0.9}, {"_time": 89.62891, "$id": 512, "sounds": [{"d": 0.14050293, "p": 90, "v": 105, "w": 0.0}], "pos": -0.8583183, "size": 0.9}, {"_time": 89.78516, "$id": 513, "sounds": [{"d": 0.2361145, "p": 43, "v": 108, "w": 0.0}], "pos": 1.79560471, "size": 0.9}, {"_time": 89.78516, "$id": 514, "sounds": [{"d": 0.135307312, "p": 93, "v": 109, "w": 0.0}], "pos": -1.5, "size": 0.9}, {"_time": 89.80078, "$id": 515, "sounds": [{"d": 0.191337585, "p": 88, "v": 93, "w": 0.0}], "pos": -2.0, "size": 0.9}, {"_time": 89.94531, "$id": 516, "sounds": [{"d": 0.168876648, "p": 86, "v": 94, "w": 0.0}], "pos": 0.452600479, "size": 0.9}, {"_time": 90.015625, "$id": 517, "sounds": [{"d": 0.13507843, "p": 59, "v": 99, "w": 0.0}], "pos": -0.9276085, "size": 1.2}, {"_time": 90.125, "$id": 518, "sounds": [{"d": 0.168067932, "p": 88, "v": 98, "w": 0.0}], "pos": 0.7962713, "size": 0.9}, {"_time": 90.25781, "$id": 519, "sounds": [{"d": 0.193664551, "p": 49, "v": 112, "w": 0.0}], "pos": -1.77563286, "size": 1.2}, {"_time": 90.27734, "$id": 520, "sounds": [{"d": 0.150131226, "p": 79, "v": 107, "w": 0.0}], "pos": 0.190116882, "size": 0.9}, {"_time": 90.45703, "$id": 521, "sounds": [{"d": 0.18586731, "p": 86, "v": 105, "w": 0.0}], "pos": 1.25153732, "size": 0.9}, {"_time": 90.5, "$id": 522, "sounds": [{"d": 0.09274292, "p": 45, "v": 115, "w": 0.0}], "pos": -0.402132034, "size": 1.2}, {"_time": 90.640625, "$id": 523, "sounds": [{"d": 0.184120178, "p": 81, "v": 107, "w": 0.0}], "pos": 2.0, "size": 0.9}, {"_time": 90.87891, "$id": 524, "sounds": [{"d": 0.15625, "p": 80, "v": 109, "w": 0.0}], "pos": -1.5, "size": 1.60000014}, {"_time": 90.88672, "$id": 525, "sounds": [{"d": 0.1841507, "p": 91, "v": 114, "w": 0.0}], "pos": 0.225403786, "size": 1.0}, {"_time": 91.26172, "$id": 526, "sounds": [{"d": 0.07683563, "p": 67, "v": 101, "w": 0.0}], "pos": 0.0, "size": 1.50000012}, {"_time": 91.28125, "$id": 527, "sounds": [{"d": 0.0709991455, "p": 65, "v": 75, "w": 0.0}], "pos": 2.0, "size": 1.50000012}, {"_time": 91.36719, "$id": 528, "sounds": [{"d": 0.131835938, "p": 89, "v": 93, "w": 0.0}], "pos": 0.0, "size": 1.50000012}, {"_time": 91.375, "$id": 529, "sounds": [{"d": 0.126953125, "p": 94, "v": 105, "w": 0.0}], "pos": 2.0, "size": 1.50000012}, {"_time": 91.84375, "$id": 530, "sounds": [{"d": 0.126953125, "p": 80, "v": 96, "w": 0.0}], "pos": -2.0, "size": 1.0}, {"_time": 92.30469, "$id": 531, "sounds": [{"d": 0.112304688, "p": 86, "v": 80, "w": 0.0}], "pos": -0.7218065, "size": 1.2}, {"_time": 92.30469, "$id": 532, "sounds": [{"d": 0.185546875, "p": 91, "v": 100, "w": 0.0}], "pos": 2.0, "size": 1.2}, {"_time": 92.53516, "$id": 533, "sounds": [{"d": 0.1171875, "p": 56, "v": 85, "w": 0.0}], "pos": 0.66577816, "size": 1.1}, {"_time": 92.78516, "$id": 534, "sounds": [{"d": 0.15625, "p": 49, "v": 90, "w": 0.0}], "pos": -0.6537962, "size": 1.1}, {"_time": 92.99609, "$id": 535, "sounds": [{"d": 0.078125, "p": 58, "v": 91, "w": 0.0}], "pos": 1.0, "size": 1.2}, {"_time": 93.00781, "$id": 536, "sounds": [{"d": 0.122070313, "p": 65, "v": 73, "w": 0.0}], "pos": -1.508399, "size": 1.2}, {"_time": 93.24219, "$id": 537, "sounds": [{"d": 0.107421875, "p": 51, "v": 91, "w": 0.0}], "pos": 0.0, "size": 1.1}, {"_time": 93.45703, "$id": 538, "sounds": [{"d": 0.09765625, "p": 44, "v": 90, "w": 0.0}], "pos": -1.00599289, "size": 1.0}, {"_time": 93.71875, "$id": 539, "sounds": [{"d": 0.1171875, "p": 86, "v": 86, "w": 0.0}], "pos": -1.65389633, "size": 1.4000001}, {"_time": 93.71875, "$id": 540, "sounds": [{"d": 0.185546875, "p": 91, "v": 100, "w": 0.0}], "pos": 1.5, "size": 1.0}, {"_time": 93.875, "$id": 541, "sounds": [{"d": 0.13671875, "p": 87, "v": 93, "w": 0.0}], "pos": -0.410388947, "size": 1.0}, {"_time": 94.03125, "$id": 542, "sounds": [{"d": 0.141601563, "p": 91, "v": 109, "w": 0.0}], "pos": 0.835284233, "size": 1.0}, {"_time": 94.17969, "$id": 543, "sounds": [{"d": 0.131835938, "p": 89, "v": 113, "w": 0.0}], "pos": 1.99673462, "size": 1.4000001}, {"_time": 94.34375, "$id": 544, "sounds": [{"d": 0.161132813, "p": 87, "v": 80, "w": 0.0}], "pos": 0.681488037, "size": 1.0}, {"_time": 94.5, "$id": 545, "sounds": [{"d": 0.15625, "p": 89, "v": 89, "w": 0.0}], "pos": -0.346806526, "size": 1.0}, {"_time": 94.62109, "$id": 546, "sounds": [{"d": 0.078125, "p": 67, "v": 85, "w": 0.0}], "pos": 1.0, "size": 1.4000001}, {"_time": 94.65625, "$id": 547, "sounds": [{"d": 0.126953125, "p": 80, "v": 96, "w": 0.0}], "pos": -1.47180653, "size": 1.4000001}, {"_time": 94.8125, "$id": 548, "sounds": [{"d": 0.15625, "p": 87, "v": 83, "w": 0.0}], "pos": -0.5968065, "size": 1.0}, {"_time": 94.96875, "$id": 549, "sounds": [{"d": 0.146484375, "p": 82, "v": 68, "w": 0.0}], "pos": -2.0, "size": 1.0}, {"_time": 95.11719, "$id": 550, "sounds": [{"d": 0.185546875, "p": 91, "v": 100, "w": 0.0}], "pos": 1.44780064, "size": 1.4000001}, {"_time": 95.125, "$id": 551, "sounds": [{"d": 0.09277344, "p": 86, "v": 84, "w": 0.0}], "pos": -0.908223152, "size": 1.0}, {"_time": 95.27344, "$id": 552, "sounds": [{"d": 0.141601563, "p": 87, "v": 93, "w": 0.0}], "pos": 0.335283279, "size": 1.0}, {"_time": 95.42969, "$id": 553, "sounds": [{"d": 0.141601563, "p": 91, "v": 109, "w": 0.0}], "pos": 1.79400539, "size": 1.0}, {"_time": 95.58203, "$id": 554, "sounds": [{"d": 0.087890625, "p": 89, "v": 118, "w": 0.0}], "pos": -1.36085224, "size": 1.4000001}, {"_time": 95.58594, "$id": 555, "sounds": [{"d": 0.131835938, "p": 94, "v": 120, "w": 0.0}], "pos": 0.7575531, "size": 1.0}, {"_time": 95.74219, "$id": 556, "sounds": [{"d": 0.166015625, "p": 87, "v": 111, "w": 0.0}], "pos": -0.330497742, "size": 1.0}, {"_time": 95.90625, "$id": 557, "sounds": [{"d": 0.151367188, "p": 89, "v": 124, "w": 0.0}], "pos": 2.0, "size": 1.0}, {"_time": 96.05469, "$id": 558, "sounds": [{"d": 0.131835938, "p": 80, "v": 110, "w": 0.0}], "pos": -1.47180653, "size": 1.0}, {"_time": 96.07031, "$id": 559, "sounds": [{"d": 0.068359375, "p": 70, "v": 106, "w": 0.0}], "pos": 1.085885, "size": 1.4000001}, {"_time": 96.21094, "$id": 560, "sounds": [{"d": 0.160865784, "p": 87, "v": 116, "w": 0.0}], "pos": -0.197339058, "size": 1.0}, {"_time": 96.36719, "$id": 561, "sounds": [{"d": 0.150192261, "p": 82, "v": 113, "w": 0.0}], "pos": -1.22180653, "size": 1.0}, {"_time": 96.51953, "$id": 562, "sounds": [{"d": 0.2968979, "p": 87, "v": 83, "w": 0.0}], "pos": 0.5, "size": 1.0}, {"_time": 96.52344, "$id": 563, "sounds": [{"d": 0.230033875, "p": 83, "v": 89, "w": 0.0}], "pos": -2.0, "size": 1.4000001}, {"_time": 96.52734, "$id": 564, "sounds": [{"d": 0.1774826, "p": 92, "v": 89, "w": 0.0}], "pos": 1.0, "size": 1.0}, {"_time": 96.67969, "$id": 565, "sounds": [{"d": 0.133583069, "p": 88, "v": 89, "w": 0.0}], "pos": -1.5, "size": 1.2}, {"_time": 96.83594, "$id": 566, "sounds": [{"d": 0.1316452, "p": 92, "v": 113, "w": 0.0}], "pos": -1.0, "size": 1.0}, {"_time": 96.984375, "$id": 567, "sounds": [{"d": 0.1926651, "p": 90, "v": 109, "w": 0.0}], "pos": -0.5, "size": 1.0}, {"_time": 96.984375, "$id": 568, "sounds": [{"d": 0.122177124, "p": 95, "v": 117, "w": 0.0}], "pos": 2.0, "size": 1.30000007}, {"_time": 97.13672, "$id": 569, "sounds": [{"d": 0.155075073, "p": 88, "v": 113, "w": 0.0}], "pos": -1.0, "size": 1.0}, {"_time": 97.28516, "$id": 570, "sounds": [{"d": 0.150383, "p": 90, "v": 102, "w": 0.0}], "pos": -0.5, "size": 1.0}, {"_time": 97.42578, "$id": 571, "sounds": [{"d": 0.06578827, "p": 54, "v": 83, "w": 0.0}], "pos": 1.5, "size": 1.30000007}, {"_time": 97.4375, "$id": 572, "sounds": [{"d": 0.122177124, "p": 81, "v": 88, "w": 0.0}], "pos": 0.0, "size": 1.0}, {"_time": 97.58594, "$id": 573, "sounds": [{"d": 0.150375366, "p": 88, "v": 83, "w": 0.0}], "pos": -0.5, "size": 1.0}, {"_time": 97.73828, "$id": 574, "sounds": [{"d": 0.140975952, "p": 83, "v": 75, "w": 0.0}], "pos": -1.0, "size": 1.0}, {"_time": 97.87891, "$id": 575, "sounds": [{"d": 0.183273315, "p": 87, "v": 78, "w": 0.0}], "pos": -1.5, "size": 1.0}, {"_time": 97.88281, "$id": 576, "sounds": [{"d": 0.178573608, "p": 92, "v": 97, "w": 0.0}], "pos": 2.0, "size": 1.30000007}, {"_time": 98.03125, "$id": 577, "sounds": [{"d": 0.136283875, "p": 88, "v": 83, "w": 0.0}], "pos": -0.8402128, "size": 1.0}, {"_time": 98.18359, "$id": 578, "sounds": [{"d": 0.136276245, "p": 92, "v": 83, "w": 0.0}], "pos": -0.133155823, "size": 1.0}, {"_time": 98.328125, "$id": 579, "sounds": [{"d": 0.12147522, "p": 90, "v": 78, "w": 0.0}], "pos": 0.5, "size": 1.0}, {"_time": 98.33203, "$id": 580, "sounds": [{"d": 0.131538391, "p": 95, "v": 89, "w": 0.0}], "pos": -2.0, "size": 1.30000007}, {"_time": 98.48828, "$id": 581, "sounds": [{"d": 0.169136047, "p": 88, "v": 79, "w": 0.0}], "pos": -0.127162933, "size": 1.0}, {"_time": 98.64844, "$id": 582, "sounds": [{"d": 0.1639328, "p": 90, "v": 75, "w": 0.0}], "pos": -0.8728361, "size": 1.0}, {"_time": 98.8125, "$id": 583, "sounds": [{"d": 0.141670227, "p": 81, "v": 73, "w": 0.0}], "pos": -1.5, "size": 1.0}, {"_time": 98.82422, "$id": 584, "sounds": [{"d": 0.0577697754, "p": 54, "v": 59, "w": 0.0}], "pos": 1.0, "size": 1.0}, {"_time": 98.98047, "$id": 585, "sounds": [{"d": 0.177238464, "p": 88, "v": 64, "w": 0.0}], "pos": -0.7396784, "size": 1.0}, {"_time": 99.15234, "$id": 586, "sounds": [{"d": 0.164482117, "p": 83, "v": 71, "w": 0.0}], "pos": 0.07390022, "size": 1.0}, {"_time": 99.328125, "$id": 587, "sounds": [{"d": 0.3748932, "p": 33, "v": 97, "w": 0.0}], "pos": -2.0, "size": 1.30000007}, {"_time": 99.33203, "$id": 588, "sounds": [{"d": 0.210174561, "p": 92, "v": 77, "w": 0.0}], "pos": 2.0, "size": 1.30000007}, {"_time": 99.51172, "$id": 589, "sounds": [{"d": 0.153999329, "p": 88, "v": 77, "w": 0.0}], "pos": -0.871273041, "size": 1.0}, {"_time": 99.6875, "$id": 590, "sounds": [{"d": 0.158294678, "p": 92, "v": 92, "w": 0.0}], "pos": 0.374397278, "size": 1.0}, {"_time": 99.85547, "$id": 591, "sounds": [{"d": 0.181617737, "p": 90, "v": 79, "w": 0.0}], "pos": -1.207161, "size": 1.0}, {"_time": 99.859375, "$id": 592, "sounds": [{"d": 0.1388855, "p": 95, "v": 90, "w": 0.0}], "pos": 1.52170277, "size": 1.50000012}, {"_time": 100.03125, "$id": 593, "sounds": [{"d": 0.16835022, "p": 88, "v": 106, "w": 0.0}], "pos": 0.167340279, "size": 1.0}, {"_time": 100.195313, "$id": 594, "sounds": [{"d": 0.154029846, "p": 90, "v": 92, "w": 0.0}], "pos": 2.0, "size": 1.0}, {"_time": 100.324219, "$id": 595, "sounds": [{"d": 0.110572815, "p": 37, "v": 83, "w": 0.0}], "pos": -0.0113625526, "size": 1.0}, {"_time": 100.335938, "$id": 596, "sounds": [{"d": 0.110572815, "p": 40, "v": 92, "w": 0.0}], "pos": 0.363637447, "size": 0.9}, {"_time": 100.347656, "$id": 597, "sounds": [{"d": 0.0817337, "p": 45, "v": 89, "w": 0.0}], "pos": 0.988637447, "size": 0.9}, {"_time": 100.347656, "$id": 598, "sounds": [{"d": 0.125, "p": 81, "v": 93, "w": 0.0}], "pos": -1.746274, "size": 1.50000012}, {"_time": 100.378906, "$id": 599, "sounds": [{"d": 0.0769195557, "p": 49, "v": 88, "w": 0.0}], "pos": 1.48863745, "size": 0.799999952}, {"_time": 100.503906, "$id": 600, "sounds": [{"d": 0.153846741, "p": 88, "v": 96, "w": 0.0}], "pos": -0.471806526, "size": 1.0}, {"_time": 100.65625, "$id": 601, "sounds": [{"d": 0.1442337, "p": 83, "v": 80, "w": 0.0}], "pos": 0.7940054, "size": 1.0}, {"_time": 100.773438, "$id": 602, "sounds": [{"d": 0.139419556, "p": 52, "v": 87, "w": 0.0}], "pos": -0.629855633, "size": 1.0}, {"_time": 100.800781, "$id": 603, "sounds": [{"d": 0.09133911, "p": 57, "v": 89, "w": 0.0}], "pos": -1.04347086, "size": 1.0}, {"_time": 100.804688, "$id": 604, "sounds": [{"d": 0.182693481, "p": 92, "v": 105, "w": 0.0}], "pos": 2.0, "size": 1.50000012}, {"_time": 100.820313, "$id": 605, "sounds": [{"d": 0.07211304, "p": 61, "v": 82, "w": 0.0}], "pos": -1.63534784, "size": 0.9}, {"_time": 100.847656, "$id": 606, "sounds": [{"d": 0.0625, "p": 64, "v": 94, "w": 0.0}], "pos": -2.0, "size": 0.6999999}, {"_time": 100.960938, "$id": 607, "sounds": [{"d": 0.139427185, "p": 88, "v": 105, "w": 0.0}], "pos": 0.806488037, "size": 1.0}, {"_time": 101.117188, "$id": 608, "sounds": [{"d": 0.163452148, "p": 92, "v": 105, "w": 0.0}], "pos": -0.416321754, "size": 1.0}, {"_time": 101.257813, "$id": 609, "sounds": [{"d": 0.129798889, "p": 69, "v": 103, "w": 0.0}], "pos": 1.21105862, "size": 0.9}, {"_time": 101.261719, "$id": 610, "sounds": [{"d": 0.153831482, "p": 85, "v": 117, "w": 0.0}], "pos": -1.63752747, "size": 1.50000012}, {"_time": 101.273438, "$id": 611, "sounds": [{"d": 0.110572815, "p": 71, "v": 97, "w": 0.0}], "pos": 1.46737766, "size": 0.9}, {"_time": 101.28125, "$id": 612, "sounds": [{"d": 0.120185852, "p": 76, "v": 94, "w": 0.0}], "pos": 1.92609882, "size": 0.9}, {"_time": 101.425781, "$id": 613, "sounds": [{"d": 0.125, "p": 93, "v": 116, "w": 0.0}], "pos": -0.6108961, "size": 1.1}, {"_time": 101.574219, "$id": 614, "sounds": [{"d": 0.158653259, "p": 100, "v": 117, "w": 0.0}], "pos": 0.63694, "size": 1.1}, {"_time": 101.703125, "$id": 615, "sounds": [{"d": 0.1490326, "p": 83, "v": 108, "w": 0.0}], "pos": -0.7690182, "size": 0.9}, {"_time": 101.734375, "$id": 616, "sounds": [{"d": 0.144226074, "p": 107, "v": 112, "w": 0.0}], "pos": 2.0, "size": 1.50000012}, {"_time": 101.738281, "$id": 617, "sounds": [{"d": 0.115379333, "p": 85, "v": 94, "w": 0.0}], "pos": -1.23806, "size": 1.0}, {"_time": 101.753906, "$id": 618, "sounds": [{"d": 0.144226074, "p": 90, "v": 101, "w": 0.0}], "pos": -1.65167522, "size": 0.9}, {"_time": 101.777344, "$id": 619, "sounds": [{"d": 0.110572815, "p": 95, "v": 118, "w": 0.0}], "pos": -2.0, "size": 0.799999952}, {"_time": 106.351563, "$id": 620, "sounds": [{"d": 1.52780914, "p": 45, "v": 46, "w": 0.0}], "pos": -2.0, "size": 0.9}, {"_time": 106.621094, "$id": 621, "sounds": [{"d": 0.4861145, "p": 60, "v": 18, "w": 0.0}], "pos": 0.0327978134, "size": 0.9}, {"_time": 106.898438, "$id": 622, "sounds": [{"d": 0.248847961, "p": 65, "v": 22, "w": 0.0}], "pos": -1.15312, "size": 0.9}, {"_time": 107.179688, "$id": 623, "sounds": [{"d": 0.9664459, "p": 69, "v": 8, "w": 0.0}], "pos": 1.15779781, "size": 0.9}, {"_time": 107.460938, "$id": 624, "sounds": [{"d": 0.190979, "p": 67, "v": 16, "w": 0.0}], "pos": -0.0242929459, "size": 0.9}, {"_time": 107.710938, "$id": 625, "sounds": [{"d": 0.1388855, "p": 64, "v": 18, "w": 0.0}], "pos": 1.81109428, "size": 0.9}, {"_time": 108.011719, "$id": 626, "sounds": [{"d": 0.4803238, "p": 53, "v": 25, "w": 0.0}], "pos": -1.48135, "size": 0.9}, {"_time": 108.296875, "$id": 627, "sounds": [{"d": 0.497695923, "p": 60, "v": 8, "w": 0.0}], "pos": 0.5387907, "size": 0.9}, {"_time": 108.566406, "$id": 628, "sounds": [{"d": 0.24306488, "p": 65, "v": 21, "w": 0.0}], "pos": -0.487340927, "size": 0.9}, {"_time": 108.84375, "$id": 629, "sounds": [{"d": 0.5208359, "p": 69, "v": 9, "w": 0.0}], "pos": 1.317585, "size": 0.9}, {"_time": 109.097656, "$id": 630, "sounds": [{"d": 0.561347961, "p": 81, "v": 49, "w": 0.0}], "pos": -2.0, "size": 0.9}, {"_time": 109.121094, "$id": 631, "sounds": [{"d": 0.15045929, "p": 64, "v": 7, "w": 0.0}], "pos": 0.298934937, "size": 0.9}, {"_time": 109.679688, "$id": 632, "sounds": [{"d": 0.960662842, "p": 55, "v": 39, "w": 0.0}], "pos": -1.44439888, "size": 0.9}, {"_time": 109.960938, "$id": 633, "sounds": [{"d": 0.254631042, "p": 62, "v": 21, "w": 0.0}], "pos": -0.116669655, "size": 0.9}, {"_time": 110.25, "$id": 634, "sounds": [{"d": 0.133102417, "p": 64, "v": 31, "w": 0.0}], "pos": 0.799109459, "size": 0.9}, {"_time": 110.492188, "$id": 635, "sounds": [{"d": 0.109962463, "p": 66, "v": 8, "w": 0.0}], "pos": 1.79478168, "size": 0.9}, {"_time": 110.777344, "$id": 636, "sounds": [{"d": 0.09838104, "p": 64, "v": 20, "w": 0.0}], "pos": 0.8257408, "size": 0.9}, {"_time": 111.066406, "$id": 637, "sounds": [{"d": 0.15045929, "p": 61, "v": 8, "w": 0.0}], "pos": -0.428089142, "size": 0.9}, {"_time": 111.34375, "$id": 638, "sounds": [{"d": 0.6134262, "p": 57, "v": 34, "w": 0.0}], "pos": -1.567235, "size": 0.9}, {"_time": 111.621094, "$id": 639, "sounds": [{"d": 0.15625, "p": 62, "v": 15, "w": 0.0}], "pos": -0.462873459, "size": 0.9}, {"_time": 111.898438, "$id": 640, "sounds": [{"d": 0.09838104, "p": 66, "v": 24, "w": 0.0}], "pos": 0.7827978, "size": 0.9}, {"_time": 112.179688, "$id": 641, "sounds": [{"d": 0.1851883, "p": 62, "v": 9, "w": 0.0}], "pos": -1.07539082, "size": 0.9}, {"_time": 112.460938, "$id": 642, "sounds": [{"d": 0.1851883, "p": 64, "v": 9, "w": 0.0}], "pos": 1.30510139, "size": 0.9}, {"_time": 112.46875, "$id": 643, "sounds": [{"d": 0.6018524, "p": 81, "v": 37, "w": 0.0}], "pos": -1.0, "size": 0.9}, {"_time": 113.011719, "$id": 644, "sounds": [{"d": 0.214126587, "p": 65, "v": 15, "w": 0.0}], "pos": 2.0, "size": 0.9}, {"_time": 113.015625, "$id": 645, "sounds": [{"d": 1.52781677, "p": 45, "v": 46, "w": 0.0}], "pos": -2.0, "size": 0.9}, {"_time": 113.289063, "$id": 646, "sounds": [{"d": 0.4803238, "p": 60, "v": 18, "w": 0.0}], "pos": -2.0, "size": 0.9}, {"_time": 113.550781, "$id": 647, "sounds": [{"d": 0.150466919, "p": 88, "v": 75, "w": 0.0}], "pos": 1.19743919, "size": 1.0}, {"_time": 113.566406, "$id": 648, "sounds": [{"d": 0.277786255, "p": 81, "v": 8, "w": 0.0}], "pos": -0.7603197, "size": 1.0}, {"_time": 113.851563, "$id": 649, "sounds": [{"d": 0.9317322, "p": 81, "v": 49, "w": 0.0}], "pos": 0.109390259, "size": 0.9}, {"_time": 114.121094, "$id": 650, "sounds": [{"d": 0.381958, "p": 84, "v": 43, "w": 0.0}], "pos": -0.9673767, "size": 1.0}, {"_time": 114.144531, "$id": 651, "sounds": [{"d": 0.572921753, "p": 89, "v": 62, "w": 0.0}], "pos": 1.40233231, "size": 1.0}, {"_time": 114.378906, "$id": 652, "sounds": [{"d": 0.138893127, "p": 64, "v": 18, "w": 0.0}], "pos": 0.6475048, "size": 0.9}, {"_time": 114.683594, "$id": 653, "sounds": [{"d": 1.14585114, "p": 53, "v": 22, "w": 0.0}], "pos": -0.2157116, "size": 0.9}, {"_time": 114.957031, "$id": 654, "sounds": [{"d": 0.4976883, "p": 60, "v": 8, "w": 0.0}], "pos": -1.20106506, "size": 0.9}, {"_time": 115.214844, "$id": 655, "sounds": [{"d": 0.08680725, "p": 88, "v": 74, "w": 0.0}], "pos": 2.0, "size": 1.0}, {"_time": 115.234375, "$id": 656, "sounds": [{"d": 0.23727417, "p": 65, "v": 21, "w": 0.0}], "pos": -1.97050381, "size": 1.0}, {"_time": 115.789063, "$id": 657, "sounds": [{"d": 0.150466919, "p": 64, "v": 7, "w": 0.0}], "pos": -1.72266769, "size": 1.0}, {"_time": 115.789063, "$id": 658, "sounds": [{"d": 0.2199173, "p": 81, "v": 34, "w": 0.0}], "pos": 1.41431618, "size": 1.0}, {"_time": 116.054688, "$id": 659, "sounds": [{"d": 0.15045929, "p": 57, "v": 7, "w": 0.0}], "pos": -1.06816959, "size": 0.9}, {"_time": 116.351563, "$id": 660, "sounds": [{"d": 1.30211639, "p": 55, "v": 31, "w": 0.0}], "pos": -0.11977005, "size": 0.9}, {"_time": 116.621094, "$id": 661, "sounds": [{"d": 0.254631042, "p": 62, "v": 21, "w": 0.0}], "pos": 0.6487074, "size": 0.9}, {"_time": 116.894531, "$id": 662, "sounds": [{"d": 0.335662842, "p": 88, "v": 75, "w": 0.0}], "pos": 1.36939144, "size": 1.0}, {"_time": 116.917969, "$id": 663, "sounds": [{"d": 0.133102417, "p": 64, "v": 31, "w": 0.0}], "pos": -1.20515633, "size": 1.0}, {"_time": 117.160156, "$id": 664, "sounds": [{"d": 0.109962463, "p": 66, "v": 8, "w": 0.0}], "pos": 0.003566742, "size": 0.9}, {"_time": 117.445313, "$id": 665, "sounds": [{"d": 0.09838104, "p": 64, "v": 20, "w": 0.0}], "pos": -1.23178673, "size": 1.0}, {"_time": 117.503906, "$id": 666, "sounds": [{"d": 0.486122131, "p": 90, "v": 71, "w": 0.0}], "pos": 1.61939144, "size": 1.0}, {"_time": 117.726563, "$id": 667, "sounds": [{"d": 0.15625, "p": 61, "v": 8, "w": 0.0}], "pos": 0.7633877, "size": 0.9}, {"_time": 118.011719, "$id": 668, "sounds": [{"d": 0.9664459, "p": 57, "v": 20, "w": 0.0}], "pos": 0.05033779, "size": 0.9}, {"_time": 118.289063, "$id": 669, "sounds": [{"d": 0.15625, "p": 62, "v": 15, "w": 0.0}], "pos": -0.789376259, "size": 0.9}, {"_time": 118.566406, "$id": 670, "sounds": [{"d": 0.09259796, "p": 66, "v": 24, "w": 0.0}], "pos": -2.0, "size": 1.1}, {"_time": 118.574219, "$id": 671, "sounds": [{"d": 0.09838104, "p": 88, "v": 69, "w": 0.0}], "pos": 2.0, "size": 1.1}, {"_time": 118.84375, "$id": 672, "sounds": [{"d": 0.1851883, "p": 62, "v": 9, "w": 0.0}], "pos": -0.0437040329, "size": 0.9}, {"_time": 119.117188, "$id": 673, "sounds": [{"d": 0.370384216, "p": 81, "v": 42, "w": 0.0}], "pos": 1.266695, "size": 1.0}, {"_time": 119.128906, "$id": 674, "sounds": [{"d": 0.1851883, "p": 64, "v": 9, "w": 0.0}], "pos": -1.25841808, "size": 1.0}, {"_time": 119.679688, "$id": 675, "sounds": [{"d": 1.09720612, "p": 51, "v": 50, "w": 0.0}], "pos": -2.0, "size": 0.9}, {"_time": 119.957031, "$id": 676, "sounds": [{"d": 0.312507629, "p": 58, "v": 32, "w": 0.0}], "pos": -1.2094841, "size": 0.9}, {"_time": 120.234375, "$id": 677, "sounds": [{"d": 0.184394836, "p": 62, "v": 7, "w": 0.0}], "pos": -0.3899088, "size": 0.9}, {"_time": 120.238281, "$id": 678, "sounds": [{"d": 0.293281555, "p": 96, "v": 71, "w": 0.0}], "pos": 1.24098587, "size": 1.1}, {"_time": 120.511719, "$id": 679, "sounds": [{"d": 0.149772644, "p": 58, "v": 19, "w": 0.0}], "pos": 0.5215416, "size": 0.9}, {"_time": 120.785156, "$id": 680, "sounds": [{"d": 0.127319336, "p": 62, "v": 9, "w": 0.0}], "pos": -1.02905655, "size": 0.9}, {"_time": 120.792969, "$id": 681, "sounds": [{"d": 0.476272583, "p": 101, "v": 79, "w": 0.0}], "pos": 1.99913979, "size": 1.1}, {"_time": 121.351563, "$id": 682, "sounds": [{"d": 0.9918976, "p": 55, "v": 46, "w": 0.0}], "pos": 2.0, "size": 0.9}, {"_time": 121.632813, "$id": 683, "sounds": [{"d": 0.271896362, "p": 62, "v": 22, "w": 0.0}], "pos": 1.18362808, "size": 0.9}, {"_time": 121.917969, "$id": 684, "sounds": [{"d": 0.154762268, "p": 66, "v": 29, "w": 0.0}], "pos": -1.5, "size": 1.1}, {"_time": 121.917969, "$id": 685, "sounds": [{"d": 0.196708679, "p": 69, "v": 24, "w": 0.0}], "pos": 0.366843224, "size": 0.9}, {"_time": 122.199219, "$id": 686, "sounds": [{"d": 0.162261963, "p": 62, "v": 24, "w": 0.0}], "pos": -0.5, "size": 0.9}, {"_time": 122.488281, "$id": 687, "sounds": [{"d": 0.16897583, "p": 78, "v": 50, "w": 0.0}], "pos": -2.0, "size": 1.1}, {"_time": 122.492188, "$id": 688, "sounds": [{"d": 0.08413696, "p": 69, "v": 33, "w": 0.0}], "pos": 1.0, "size": 0.9}, {"_time": 123.070313, "$id": 689, "sounds": [{"d": 1.00469208, "p": 59, "v": 42, "w": 0.0}], "pos": -2.0, "size": 0.9}, {"_time": 123.367188, "$id": 690, "sounds": [{"d": 0.2540207, "p": 66, "v": 27, "w": 0.0}], "pos": -1.03670216, "size": 0.9}, {"_time": 123.65625, "$id": 691, "sounds": [{"d": 0.293754578, "p": 94, "v": 72, "w": 0.0}], "pos": 1.54367828, "size": 1.1}, {"_time": 123.664063, "$id": 692, "sounds": [{"d": 0.143753052, "p": 70, "v": 13, "w": 0.0}], "pos": -0.190498352, "size": 0.9}, {"_time": 123.964844, "$id": 693, "sounds": [{"d": 0.2323227, "p": 66, "v": 27, "w": 0.0}], "pos": 0.774214745, "size": 0.9}, {"_time": 124.257813, "$id": 694, "sounds": [{"d": 0.7374115, "p": 99, "v": 61, "w": 0.0}], "pos": 2.0, "size": 1.1}, {"_time": 124.265625, "$id": 695, "sounds": [{"d": 0.151512146, "p": 70, "v": 23, "w": 0.0}], "pos": -0.6964903, "size": 0.9}, {"_time": 124.871094, "$id": 696, "sounds": [{"d": 1.439621, "p": 63, "v": 40, "w": 0.0}], "pos": -0.029294014, "size": 0.9}, {"_time": 125.5, "$id": 697, "sounds": [{"d": 0.319854736, "p": 86, "v": 44, "w": 0.0}], "pos": -1.54112148, "size": 0.9}, {"_time": 125.507813, "$id": 698, "sounds": [{"d": 0.327713, "p": 93, "v": 65, "w": 0.0}], "pos": 0.6388054, "size": 0.9}, {"_time": 126.234375, "$id": 699, "sounds": [{"d": 0.636772156, "p": 98, "v": 53, "w": 0.0}], "pos": 2.0, "size": 0.799999952}, {"_time": 126.234375, "$id": 700, "sounds": [{"d": 0.636772156, "p": 89, "v": 44, "w": 0.0}], "pos": -0.04761219, "size": 0.799999952}, {"_time": 127.246094, "$id": 701, "sounds": [{"d": 0.8952713, "p": 51, "v": 14, "w": 0.0}], "pos": -0.428761482, "size": 0.9}, {"_time": 128.363281, "$id": 702, "sounds": [{"d": 0.5089569, "p": 53, "v": 27, "w": 0.0}], "pos": 1.75499344, "size": 0.9}, {"_time": 129.800781, "$id": 703, "sounds": [{"d": 2.12910461, "p": 28, "v": 39, "w": 0.0}], "pos": -2.0, "size": 1.0}, {"_time": 131.105469, "$id": 704, "sounds": [{"d": 2.36264038, "p": 62, "v": 13, "w": 0.0}], "pos": -1.21483135, "size": 1.0}, {"_time": 131.214844, "$id": 705, "sounds": [{"d": 2.19093323, "p": 68, "v": 5, "w": 0.0}], "pos": -0.251779556, "size": 1.1}, {"_time": 131.285156, "$id": 706, "sounds": [{"d": 2.156601, "p": 78, "v": 25, "w": 0.0}], "pos": 0.359070778, "size": 1.2}, {"_time": 131.347656, "$id": 707, "sounds": [{"d": 2.01235962, "p": 83, "v": 29, "w": 0.0}], "pos": 0.93081, "size": 1.30000007}, {"_time": 131.414063, "$id": 708, "sounds": [{"d": 2.06730652, "p": 85, "v": 40, "w": 0.0}], "pos": 1.473752, "size": 1.1}, {"_time": 131.476563, "$id": 709, "sounds": [{"d": 1.53158569, "p": 90, "v": 42, "w": 0.0}], "pos": 2.0, "size": 0.9}], "links": [{"notes": [{"$ref": 372}, {"$ref": 373}]}, {"notes": [{"$ref": 368}, {"$ref": 370}]}, {"notes": [{"$ref": 366}, {"$ref": 367}]}, {"notes": [{"$ref": 363}, {"$ref": 364}]}, {"notes": [{"$ref": 360}, {"$ref": 361}]}, {"notes": [{"$ref": 356}, {"$ref": 357}, {"$ref": 358}]}, {"notes": [{"$ref": 491}, {"$ref": 493}]}, {"notes": [{"$ref": 497}, {"$ref": 498}]}, {"notes": [{"$ref": 509}, {"$ref": 510}]}, {"notes": [{"$ref": 514}, {"$ref": 515}]}, {"notes": [{"$ref": 474}, {"$ref": 475}]}, {"notes": [{"$ref": 480}, {"$ref": 481}]}, {"notes": [{"$ref": 562}, {"$ref": 564}]}, {"notes": [{"$ref": 595}, {"$ref": 596}, {"$ref": 597}, {"$ref": 599}]}, {"notes": [{"$ref": 602}, {"$ref": 603}, {"$ref": 605}, {"$ref": 606}]}, {"notes": [{"$ref": 609}, {"$ref": 611}, {"$ref": 612}]}, {"notes": [{"$ref": 615}, {"$ref": 617}, {"$ref": 618}, {"$ref": 619}]}, {"notes": [{"$ref": 704}, {"$ref": 705}, {"$ref": 706}, {"$ref": 707}, {"$ref": 708}, {"$ref": 709}]}, {"notes": [{"$ref": 565}, {"$ref": 566}, {"$ref": 567}, {"$ref": 569}, {"$ref": 570}, {"$ref": 572}, {"$ref": 573}, {"$ref": 574}, {"$ref": 575}, {"$ref": 577}, {"$ref": 578}, {"$ref": 579}, {"$ref": 581}, {"$ref": 582}, {"$ref": 583}, {"$ref": 585}, {"$ref": 586}]}, {"notes": [{"$ref": 419}, {"$ref": 421}, {"$ref": 422}]}], "speed": 6.0}