{"speed": 12.0, "notes": [{"$id": 1, "sounds": [{"d": 0.200000018, "p": 69, "v": 58}], "pos": -1.0, "size": 1.0, "_time": 0.0390625}, {"$id": 2, "sounds": [{"d": 0.199999988, "p": 76, "v": 55}], "size": 1.0, "_time": 0.23828125, "pos": 0}, {"$id": 3, "sounds": [{"d": 0.199999988, "p": 81, "v": 64}], "pos": 1.0, "size": 1.0, "_time": 0.4375}, {"$id": 4, "sounds": [{"d": 0.6000002, "p": 86, "v": 62}], "pos": 2.0, "size": 1.0, "_time": 0.63671875}, {"$id": 5, "sounds": [{"d": 0.200000167, "p": 67, "v": 61}], "pos": -1.0, "size": 1.0, "_time": 1.23828125}, {"$id": 6, "sounds": [{"d": 0.200000048, "p": 76, "v": 47}], "size": 1.0, "_time": 1.4375, "pos": 0}, {"$id": 7, "sounds": [{"d": 0.200000048, "p": 81, "v": 62}], "pos": 1.0, "size": 1.0, "_time": 1.63671875}, {"$id": 8, "sounds": [{"d": 0.199999928, "p": 86, "v": 69}], "pos": 2.0, "size": 1.0, "_time": 1.8359375}, {"$id": 9, "sounds": [{"d": 0.200000048, "p": 81, "v": 55}], "pos": 1.0, "size": 1.0, "_time": 2.0390625}, {"$id": 10, "sounds": [{"d": 0.199999571, "p": 76, "v": 56}], "size": 1.0, "_time": 2.23828125, "pos": 0}, {"$id": 11, "sounds": [{"d": 0.199999571, "p": 65, "v": 57}], "pos": -1.0, "size": 1.30000007, "_time": 2.4375}, {"$id": 12, "sounds": [{"d": 0.199999571, "p": 84, "v": 67}], "pos": 2.0, "size": 1.0, "_time": 2.4375}, {"$id": 13, "sounds": [{"d": 0.200000048, "p": 81, "v": 52}], "pos": 1.0, "size": 1.0, "_time": 2.63671875}, {"$id": 14, "sounds": [{"d": 0.200000048, "p": 77, "v": 56}], "size": 1.0, "_time": 2.8359375, "pos": 0}, {"$id": 15, "sounds": [{"d": 0.200000048, "p": 81, "v": 50}], "pos": 1.0, "size": 1.0, "_time": 3.0390625}, {"$id": 16, "sounds": [{"d": 0.200000048, "p": 77, "v": 60}], "size": 1.0, "_time": 3.23828125, "pos": 0}, {"$id": 17, "sounds": [{"d": 0.199999332, "p": 74, "v": 63}], "pos": -1.0, "size": 1.0, "_time": 3.4375}, {"$id": 18, "sounds": [{"d": 0.199999571, "p": 64, "v": 58}], "pos": -2.0, "size": 1.30000007, "_time": 3.63671875}, {"$id": 19, "sounds": [{"d": 0.199999571, "p": 79, "v": 62}], "pos": 1.0, "size": 1.0, "_time": 3.63671875}, {"$id": 20, "sounds": [{"d": 0.199999809, "p": 76, "v": 55}], "size": 1.0, "_time": 3.8359375, "pos": 0}, {"$id": 21, "sounds": [{"d": 0.199999809, "p": 74, "v": 47}], "pos": -1.0, "size": 1.0, "_time": 4.0390625}, {"$id": 22, "sounds": [{"d": 0.199999809, "p": 72, "v": 63}], "size": 1.0, "_time": 4.23828125, "pos": 0}, {"$id": 23, "sounds": [{"d": 0.199999809, "p": 67, "v": 50}], "pos": -1.0, "size": 1.0, "_time": 4.4375}, {"$id": 24, "sounds": [{"d": 0.199999809, "p": 69, "v": 66}], "pos": -2.0, "size": 1.0, "_time": 4.63671875}, {"$id": 25, "sounds": [{"d": 0.199998856, "p": 62, "v": 68}], "pos": -1.0, "size": 1.30000007, "_time": 4.8359375}, {"$id": 26, "sounds": [{"d": 0.199998856, "p": 72, "v": 62}], "pos": 2.0, "size": 1.0, "_time": 4.8359375}, {"$id": 27, "sounds": [{"d": 0.199999809, "p": 69, "v": 59}], "pos": 1.0, "size": 1.0, "_time": 5.0390625}, {"$id": 28, "sounds": [{"d": 0.199999809, "p": 65, "v": 49}], "size": 1.0, "_time": 5.23828125, "pos": 0}, {"$id": 29, "sounds": [{"d": 0.5999999, "p": 77, "v": 62}], "pos": 2.0, "size": 1.0, "_time": 5.4375}, {"$id": 30, "sounds": [{"d": 0.199999332, "p": 58, "v": 66}], "pos": -2.0, "size": 1.30000007, "_time": 6.0390625}, {"$id": 31, "sounds": [{"d": 0.199999809, "p": 74, "v": 58}], "pos": 1.0, "size": 1.0, "_time": 6.23828125}, {"$id": 32, "sounds": [{"d": 0.199999809, "p": 70, "v": 57}], "size": 1.0, "_time": 6.4375, "pos": 0}, {"$id": 33, "sounds": [{"d": 0.199999809, "p": 65, "v": 52}], "pos": -1.0, "size": 1.0, "_time": 6.63671875}, {"$id": 34, "sounds": [{"d": 0.199999809, "p": 70, "v": 65}], "size": 1.0, "_time": 6.8359375, "pos": 0}, {"$id": 35, "sounds": [{"d": 0.199999332, "p": 77, "v": 54}], "pos": 2.0, "size": 1.0, "_time": 7.0390625}, {"$id": 36, "sounds": [{"d": 0.199999332, "p": 59, "v": 72}], "pos": -1.0, "size": 1.30000007, "_time": 7.23828125}, {"$id": 37, "sounds": [{"d": 0.199999332, "p": 76, "v": 65}], "pos": 1.0, "size": 1.0, "_time": 7.23828125}, {"$id": 38, "sounds": [{"d": 0.199999809, "p": 47, "v": 79}], "pos": -2.0, "size": 1.30000007, "_time": 7.8359375}, {"$id": 39, "sounds": [{"d": 0.200000763, "p": 77, "v": 80}], "pos": 2.0, "size": 1.0, "_time": 8.238281}, {"$id": 40, "sounds": [{"d": 0.200001717, "p": 64, "v": 51}, {"d": 0.200001717, "p": 52, "v": 75}], "pos": -1.0, "size": 1.30000007, "_time": 8.4375}, {"$id": 41, "sounds": [{"d": 0.200001717, "p": 76, "v": 80}], "pos": 1.0, "size": 1.0, "_time": 8.4375}, {"$id": 42, "sounds": [{"d": 0.199999809, "p": 40, "v": 70}, {"d": 0.199999809, "p": 28, "v": 79}], "pos": -2.0, "size": 1.30000007, "_time": 9.0390625}, {"$id": 43, "sounds": [{"d": 0.199999809, "p": 76, "v": 87}], "pos": 2.0, "size": 1.0, "_time": 9.636719}, {"$id": 44, "sounds": [{"d": 0.199999809, "p": 60, "v": 70}, {"d": 0.199999809, "p": 64, "v": 74}], "pos": -1.0, "size": 1.30000007, "_time": 9.636719}, {"$id": 45, "sounds": [{"d": 0.199999809, "p": 60, "v": 71}, {"d": 0.199999809, "p": 64, "v": 71}], "pos": -1.0, "size": 1.30000007, "_time": 10.0390625}, {"$id": 46, "sounds": [{"d": 0.199999809, "p": 72, "v": 87}], "pos": 1.0, "size": 1.0, "_time": 10.2382813}, {"$id": 47, "sounds": [{"d": 0.199999809, "p": 64, "v": 54}, {"d": 0.199999809, "p": 60, "v": 57}], "pos": -1.0, "size": 1.30000007, "_time": 10.4375}, {"$id": 48, "sounds": [{"d": 0.199999809, "p": 74, "v": 85}], "size": 1.0, "_time": 10.6367188, "pos": 0}, {"$id": 49, "sounds": [{"d": 0.199999809, "p": 59, "v": 65}, {"d": 0.199999809, "p": 64, "v": 62}], "pos": -2.0, "size": 1.30000007, "_time": 10.8359375}, {"$id": 50, "sounds": [{"d": 0.199999809, "p": 76, "v": 83}], "pos": 1.0, "size": 1.0, "_time": 10.8359375}, {"$id": 51, "sounds": [{"d": 0.199999809, "p": 59, "v": 69}, {"d": 0.199999809, "p": 62, "v": 71}], "pos": -2.0, "size": 1.30000007, "_time": 11.2382813}, {"$id": 52, "sounds": [{"d": 0.199999809, "p": 59, "v": 67}, {"d": 0.199999809, "p": 64, "v": 66}], "pos": -2.0, "size": 1.30000007, "_time": 11.6367188}, {"$id": 53, "sounds": [{"d": 0.199999809, "p": 81, "v": 85}], "pos": 1.0, "size": 1.0, "_time": 11.8359375}, {"$id": 54, "sounds": [{"d": 0.200000763, "p": 60, "v": 67}, {"d": 0.200000763, "p": 64, "v": 60}], "pos": -1.0, "size": 1.30000007, "_time": 12.0390625}, {"$id": 55, "sounds": [{"d": 0.200000763, "p": 83, "v": 89}], "pos": 2.0, "size": 1.0, "_time": 12.0390625}, {"$id": 56, "sounds": [{"d": 0.199999809, "p": 60, "v": 57}], "pos": -1.0, "size": 1.30000007, "_time": 12.4375}, {"$id": 57, "sounds": [{"d": 0.199999809, "p": 60, "v": 58}, {"d": 0.199999809, "p": 64, "v": 64}], "pos": -1.0, "size": 1.30000007, "_time": 12.8359375}, {"$id": 58, "sounds": [{"d": 0.199999809, "p": 81, "v": 84}], "pos": 2.0, "size": 1.0, "_time": 13.0390625}, {"$id": 59, "sounds": [{"d": 0.199999809, "p": 79, "v": 80}], "pos": 1.0, "size": 1.0, "_time": 13.2382813}, {"$id": 60, "sounds": [{"d": 0.199999809, "p": 62, "v": 63}, {"d": 0.199999809, "p": 64, "v": 75}, {"d": 0.199999809, "p": 59, "v": 63}], "pos": -2.0, "size": 1.30000007, "_time": 13.2382813}, {"$id": 61, "sounds": [{"d": 0.199999809, "p": 64, "v": 64}, {"d": 0.199999809, "p": 52, "v": 72}], "pos": -2.0, "size": 1.30000007, "_time": 13.8359375}, {"$id": 62, "sounds": [{"d": 0.199999809, "p": 72, "v": 87}], "pos": 1.0, "size": 1.0, "_time": 14.4375}, {"$id": 63, "sounds": [{"d": 0.199999809, "p": 60, "v": 73}, {"d": 0.199999809, "p": 65, "v": 70}, {"d": 0.199999809, "p": 69, "v": 50}], "pos": -1.0, "size": 1.30000007, "_time": 14.4375}, {"$id": 64, "sounds": [{"d": 0.199999809, "p": 71, "v": 82}], "size": 1.0, "_time": 15.4375, "pos": 0}, {"$id": 65, "sounds": [{"d": 0.199999809, "p": 60, "v": 72}, {"d": 0.199999809, "p": 65, "v": 57}], "pos": -1.0, "size": 1.30000007, "_time": 15.6367188}, {"$id": 66, "sounds": [{"d": 0.199999809, "p": 34, "v": 81}], "pos": 3.25, "size": 1.0, "_time": 15.6367188}, {"$id": 67, "sounds": [{"d": 0.199999809, "p": 72, "v": 82}], "pos": 1.0, "size": 1.0, "_time": 15.6367188}, {"$id": 68, "sounds": [{"d": 0.200000763, "p": 69, "v": 63}], "pos": 1.0, "size": 1.0, "_time": 16.2382813}, {"$id": 69, "sounds": [{"d": 0.200000763, "p": 60, "v": 64}, {"d": 0.200000763, "p": 65, "v": 68}], "pos": -1.0, "size": 1.30000007, "_time": 16.2382813}, {"$id": 70, "sounds": [{"d": 0.200000763, "p": 72, "v": 80}], "size": 1.0, "_time": 16.4375, "pos": 0}, {"$id": 71, "sounds": [{"d": 0.200000763, "p": 74, "v": 80}], "pos": 1.0, "size": 1.0, "_time": 16.6367188}, {"$id": 72, "sounds": [{"d": 0.200000763, "p": 64, "v": 73}, {"d": 0.200000763, "p": 69, "v": 72}], "pos": -1.0, "size": 1.30000007, "_time": 16.8359375}, {"$id": 73, "sounds": [{"d": 0.200000763, "p": 35, "v": 80}], "pos": 3.375, "size": 1.0, "_time": 16.8359375}, {"$id": 74, "sounds": [{"d": 0.200000763, "p": 76, "v": 83}], "pos": 2.0, "size": 1.0, "_time": 16.8359375}, {"$id": 75, "sounds": [{"d": 0.200000763, "p": 77, "v": 85}], "pos": 2.0, "size": 1.0, "_time": 17.8359375}, {"$id": 76, "sounds": [{"d": 0.200000763, "p": 76, "v": 86}], "pos": 1.0, "size": 1.0, "_time": 18.0390625}, {"$id": 77, "sounds": [{"d": 0.200000763, "p": 64, "v": 78}, {"d": 0.200000763, "p": 62, "v": 66}, {"d": 0.200000763, "p": 71, "v": 65}], "pos": -1.0, "size": 1.30000007, "_time": 18.0390625}, {"$id": 78, "sounds": [{"d": 0.200000763, "p": 62, "v": 59}, {"d": 0.200000763, "p": 68, "v": 37}], "size": 1.30000007, "_time": 18.6367188, "pos": 0}, {"$id": 79, "sounds": [{"d": 0.200000763, "p": 76, "v": 85}], "pos": 2.0, "size": 1.0, "_time": 19.2382813}, {"$id": 80, "sounds": [{"d": 0.200000763, "p": 60, "v": 66}, {"d": 0.200000763, "p": 64, "v": 68}], "pos": -1.0, "size": 1.30000007, "_time": 19.2382813}, {"$id": 81, "sounds": [{"d": 0.200000763, "p": 60, "v": 65}, {"d": 0.200000763, "p": 64, "v": 68}], "pos": -1.0, "size": 1.30000007, "_time": 19.6367188}, {"$id": 82, "sounds": [{"d": 0.200000763, "p": 72, "v": 85}], "pos": 1.0, "size": 1.0, "_time": 19.8359375}, {"$id": 83, "sounds": [{"d": 0.200000763, "p": 60, "v": 67}, {"d": 0.200000763, "p": 64, "v": 70}], "pos": -1.0, "size": 1.30000007, "_time": 20.0390625}, {"$id": 84, "sounds": [{"d": 0.200000763, "p": 74, "v": 85}], "size": 1.0, "_time": 20.2382813, "pos": 0}, {"$id": 85, "sounds": [{"d": 0.200000763, "p": 59, "v": 71}, {"d": 0.200000763, "p": 64, "v": 74}], "pos": -2.0, "size": 1.30000007, "_time": 20.4375}, {"$id": 86, "sounds": [{"d": 0.200000763, "p": 76, "v": 85}], "pos": 1.0, "size": 1.0, "_time": 20.4375}, {"$id": 87, "sounds": [{"d": 0.200000763, "p": 59, "v": 69}, {"d": 0.200000763, "p": 64, "v": 34}], "pos": -2.0, "size": 1.30000007, "_time": 20.8359375}, {"$id": 88, "sounds": [{"d": 0.200000763, "p": 59, "v": 69}, {"d": 0.200000763, "p": 64, "v": 58}], "pos": -2.0, "size": 1.30000007, "_time": 21.2382813}, {"$id": 89, "sounds": [{"d": 0.200000763, "p": 81, "v": 85}], "pos": 1.0, "size": 1.0, "_time": 21.4375}, {"$id": 90, "sounds": [{"d": 0.200000763, "p": 83, "v": 86}], "pos": 2.0, "size": 1.0, "_time": 21.6367188}, {"$id": 91, "sounds": [{"d": 0.200000763, "p": 64, "v": 69}, {"d": 0.200000763, "p": 60, "v": 71}, {"d": 0.200000763, "p": 69, "v": 69}], "pos": -1.0, "size": 1.30000007, "_time": 21.6367188}, {"$id": 92, "sounds": [{"d": 0.200000763, "p": 64, "v": 24}, {"d": 0.200000763, "p": 60, "v": 69}], "pos": -1.0, "size": 1.30000007, "_time": 22.0390625}, {"$id": 93, "sounds": [{"d": 0.200000763, "p": 83, "v": 87}], "size": 1.0, "_time": 22.4375, "pos": 0}, {"$id": 94, "sounds": [{"d": 0.200000763, "p": 65, "v": 74}, {"d": 0.200000763, "p": 69, "v": 65}], "pos": -1.0, "size": 1.30000007, "_time": 22.4375}, {"$id": 95, "sounds": [{"d": 0.200000763, "p": 84, "v": 86}], "pos": 1.0, "size": 1.0, "_time": 22.6367188}, {"$id": 96, "sounds": [{"d": 0.199998856, "p": 62, "v": 71}, {"d": 0.199998856, "p": 64, "v": 73}, {"d": 0.199998856, "p": 67, "v": 73}], "pos": -2.0, "size": 1.30000007, "_time": 22.8359375}, {"$id": 97, "sounds": [{"d": 0.199998856, "p": 86, "v": 88}], "pos": 2.0, "size": 1.0, "_time": 22.8359375}, {"$id": 98, "sounds": [{"d": 0.200000763, "p": 62, "v": 69}, {"d": 0.200000763, "p": 64, "v": 69}], "pos": -2.0, "size": 1.30000007, "_time": 23.4375}, {"$id": 99, "sounds": [{"d": 0.200000763, "p": 84, "v": 88}], "pos": 1.0, "size": 1.0, "_time": 24.0390625}, {"$id": 100, "sounds": [{"d": 0.200000763, "p": 60, "v": 71}, {"d": 0.200000763, "p": 65, "v": 76}], "pos": -2.0, "size": 1.30000007, "_time": 24.0390625}, {"$id": 101, "sounds": [{"d": 0.200000763, "p": 81, "v": 85}], "pos": 2.0, "size": 1.0, "_time": 25.0390625}, {"$id": 102, "sounds": [{"d": 0.199998856, "p": 64, "v": 76}, {"d": 0.199998856, "p": 62, "v": 74}], "pos": -1.0, "size": 1.30000007, "_time": 25.2382813}, {"$id": 103, "sounds": [{"d": 0.199998856, "p": 79, "v": 85}], "pos": 1.0, "size": 1.0, "_time": 25.2382813}, {"$id": 104, "sounds": [{"d": 0.200000763, "p": 76, "v": 84}], "size": 1.0, "_time": 25.8359375, "pos": 0}, {"$id": 105, "sounds": [{"d": 0.199998856, "p": 77, "v": 83}], "pos": 1.0, "size": 1.0, "_time": 26.4375}, {"$id": 106, "sounds": [{"d": 0.199998856, "p": 35, "v": 81}], "pos": 3.375, "size": 1.0, "_time": 26.4375}, {"$id": 107, "sounds": [{"d": 0.199998856, "p": 62, "v": 68}, {"d": 0.199998856, "p": 65, "v": 74}], "pos": -1.0, "size": 1.30000007, "_time": 26.4375}, {"$id": 108, "sounds": [{"d": 0.200000763, "p": 74, "v": 83}], "pos": 1.0, "size": 1.0, "_time": 27.4375}, {"$id": 109, "sounds": [{"d": 0.200000763, "p": 64, "v": 81}], "pos": -2.0, "size": 1.30000007, "_time": 27.6367188}, {"$id": 110, "sounds": [{"d": 0.200000763, "p": 72, "v": 83}], "size": 1.0, "_time": 27.6367188, "pos": 0}, {"$id": 111, "sounds": [{"d": 0.200000763, "p": 68, "v": 68}, {"d": 0.200000763, "p": 64, "v": 71}], "pos": -2.0, "size": 1.30000007, "_time": 28.2382813}, {"$id": 112, "sounds": [{"d": 0.200000763, "p": 52, "v": 88}], "size": 1.30000007, "_time": 28.8359375, "pos": 0}, {"$id": 113, "sounds": [{"d": 0.200000763, "p": 32, "v": 80}, {"d": 0.200000763, "p": 44, "v": 68}], "pos": -1.0, "size": 1.30000007, "_time": 29.0390625}, {"$id": 114, "sounds": [{"d": 0.200000763, "p": 89, "v": 80}], "pos": 2.0, "size": 1.0, "_time": 29.2382813}, {"$id": 115, "sounds": [{"d": 0.200000763, "p": 45, "v": 76}, {"d": 0.200000763, "p": 33, "v": 86}], "pos": -1.0, "size": 1.30000007, "_time": 29.4375}, {"$id": 116, "sounds": [{"d": 0.200000763, "p": 88, "v": 80}], "pos": 1.0, "size": 1.0, "_time": 29.4375}, {"$id": 117, "sounds": [{"d": 0.200000763, "p": 64, "v": 83}], "pos": -2.0, "size": 1.0, "_time": 29.6367188}, {"$id": 118, "sounds": [{"d": 0.200000763, "p": 72, "v": 68}], "pos": -1.0, "size": 1.0, "_time": 29.8359375}, {"$id": 119, "sounds": [{"d": 0.200000763, "p": 72, "v": 87}], "pos": -1.0, "size": 1.0, "_time": 30.0390625}, {"$id": 120, "sounds": [{"d": 0.200000763, "p": 76, "v": 81}], "size": 1.0, "_time": 30.2382813, "pos": 0}, {"$id": 121, "sounds": [{"d": 0.200000763, "p": 84, "v": 73}], "pos": 1.0, "size": 1.0, "_time": 30.4375}, {"$id": 122, "sounds": [{"d": 0.20000267, "p": 76, "v": 86}], "pos": -1.0, "size": 1.0, "_time": 30.6367188}, {"$id": 123, "sounds": [{"d": 0.20000267, "p": 83, "v": 93}], "pos": 2.0, "size": 1.0, "_time": 30.6367188}, {"$id": 124, "sounds": [{"d": 0.200000763, "p": 76, "v": 78}], "pos": -1.0, "size": 1.0, "_time": 31.0390625}, {"$id": 125, "sounds": [{"d": 0.200000763, "p": 79, "v": 82}], "pos": 1.0, "size": 1.0, "_time": 31.0390625}, {"$id": 126, "sounds": [{"d": 0.200000763, "p": 76, "v": 80}], "pos": -1.0, "size": 1.0, "_time": 31.4375}, {"$id": 127, "sounds": [{"d": 0.200000763, "p": 57, "v": 83}], "pos": -2.0, "size": 1.0, "_time": 31.8359375}, {"$id": 128, "sounds": [{"d": 0.199989319, "p": 60, "v": 71}], "pos": -1.0, "size": 1.0, "_time": 32.0390625}, {"$id": 129, "sounds": [{"d": 0.200000763, "p": 69, "v": 78}], "size": 1.0, "_time": 32.23828, "pos": 0}, {"$id": 130, "sounds": [{"d": 0.200000763, "p": 69, "v": 70}], "size": 1.0, "_time": 32.4375, "pos": 0}, {"$id": 131, "sounds": [{"d": 0.200000763, "p": 72, "v": 81}], "pos": 1.0, "size": 1.0, "_time": 32.63672}, {"$id": 132, "sounds": [{"d": 0.200000763, "p": 81, "v": 78}], "pos": 2.0, "size": 1.0, "_time": 32.8359375}, {"$id": 133, "sounds": [{"d": 0.1999855, "p": 79, "v": 87}], "pos": 1.0, "size": 1.0, "_time": 33.0390625}, {"$id": 134, "sounds": [{"d": 0.200000763, "p": 71, "v": 83}], "pos": -1.0, "size": 1.0, "_time": 33.63672}, {"$id": 135, "sounds": [{"d": 0.200000763, "p": 72, "v": 73}], "size": 1.0, "_time": 33.8359375, "pos": 0}, {"$id": 136, "sounds": [{"d": 0.200000763, "p": 74, "v": 78}], "pos": 1.0, "size": 1.0, "_time": 34.0390625}, {"$id": 137, "sounds": [{"d": 0.199993134, "p": 76, "v": 86}], "pos": 2.0, "size": 1.0, "_time": 34.23828}, {"$id": 138, "sounds": [{"d": 0.199993134, "p": 72, "v": 56}], "pos": 1.0, "size": 1.0, "_time": 34.4375}, {"$id": 139, "sounds": [{"d": 0.200000763, "p": 69, "v": 65}], "size": 1.0, "_time": 34.63672, "pos": 0}, {"$id": 140, "sounds": [{"d": 0.200000763, "p": 65, "v": 68}], "pos": -1.0, "size": 1.0, "_time": 34.8359375}, {"$id": 141, "sounds": [{"d": 0.200000763, "p": 69, "v": 73}], "size": 1.0, "_time": 35.0390625, "pos": 0}, {"$id": 142, "sounds": [{"d": 0.200000763, "p": 72, "v": 68}], "pos": 1.0, "size": 1.0, "_time": 35.23828}, {"$id": 143, "sounds": [{"d": 0.199993134, "p": 34, "v": 86}], "pos": 3.25, "size": 1.0, "_time": 35.4375}, {"$id": 144, "sounds": [{"d": 0.199993134, "p": 76, "v": 85}], "pos": 2.0, "size": 1.0, "_time": 35.4375}, {"$id": 145, "sounds": [{"d": 0.200000763, "p": 65, "v": 66}], "pos": -2.0, "size": 1.0, "_time": 36.0390625}, {"$id": 146, "sounds": [{"d": 0.200000763, "p": 69, "v": 74}], "pos": -1.0, "size": 1.0, "_time": 36.23828}, {"$id": 147, "sounds": [{"d": 0.200000763, "p": 74, "v": 73}], "size": 1.0, "_time": 36.4375, "pos": 0}, {"$id": 148, "sounds": [{"d": 0.200000763, "p": 35, "v": 87}], "pos": 3.375, "size": 1.0, "_time": 36.63672}, {"$id": 149, "sounds": [{"d": 0.200000763, "p": 76, "v": 86}], "pos": 1.0, "size": 1.0, "_time": 36.63672}, {"$id": 150, "sounds": [{"d": 0.199989319, "p": 71, "v": 52}], "size": 1.0, "_time": 36.8359375, "pos": 0}, {"$id": 151, "sounds": [{"d": 0.200000763, "p": 69, "v": 52}], "pos": -1.0, "size": 1.0, "_time": 37.0390625}, {"$id": 152, "sounds": [{"d": 0.200000763, "p": 64, "v": 67}], "pos": -2.0, "size": 1.0, "_time": 37.23828}, {"$id": 153, "sounds": [{"d": 0.200000763, "p": 69, "v": 75}], "pos": -1.0, "size": 1.0, "_time": 37.4375}, {"$id": 154, "sounds": [{"d": 0.200000763, "p": 74, "v": 74}], "size": 1.0, "_time": 37.63672, "pos": 0}, {"$id": 155, "sounds": [{"d": 0.1999855, "p": 71, "v": 88}], "pos": -1.0, "size": 1.0, "_time": 37.8359375}, {"$id": 156, "sounds": [{"d": 0.200000763, "p": 68, "v": 78}], "size": 1.30000007, "_time": 38.4375, "pos": 0}, {"$id": 157, "sounds": [{"d": 0.199989319, "p": 60, "v": 80}], "pos": -2.0, "size": 1.0, "_time": 39.0390625}, {"$id": 158, "sounds": [{"d": 0.200000763, "p": 64, "v": 70}], "pos": -1.0, "size": 1.0, "_time": 39.23828}, {"$id": 159, "sounds": [{"d": 0.200000763, "p": 72, "v": 65}], "size": 1.0, "_time": 39.4375, "pos": 0}, {"$id": 160, "sounds": [{"d": 0.200000763, "p": 72, "v": 79}], "size": 1.0, "_time": 39.63672, "pos": 0}, {"$id": 161, "sounds": [{"d": 0.200000763, "p": 76, "v": 82}], "pos": 1.0, "size": 1.0, "_time": 39.8359375}, {"$id": 162, "sounds": [{"d": 0.200000763, "p": 84, "v": 87}], "pos": 2.0, "size": 1.0, "_time": 40.0390625}, {"$id": 163, "sounds": [{"d": 0.1999855, "p": 71, "v": 81}, {"d": 0.1999855, "p": 76, "v": 75}], "pos": -1.0, "size": 1.30000007, "_time": 40.23828}, {"$id": 164, "sounds": [{"d": 0.1999855, "p": 83, "v": 89}], "pos": 2.0, "size": 1.0, "_time": 40.23828}, {"$id": 165, "sounds": [{"d": 0.200000763, "p": 79, "v": 84}], "pos": 1.0, "size": 1.0, "_time": 40.63672}, {"$id": 166, "sounds": [{"d": 0.200000763, "p": 71, "v": 67}, {"d": 0.200000763, "p": 76, "v": 58}], "pos": -1.0, "size": 1.30000007, "_time": 40.63672}, {"$id": 167, "sounds": [{"d": 0.200000763, "p": 81, "v": 80}], "size": 1.0, "_time": 41.0390625, "pos": 0}, {"$id": 168, "sounds": [{"d": 0.200000763, "p": 71, "v": 40}], "pos": -2.0, "size": 1.30000007, "_time": 41.0390625}, {"$id": 169, "sounds": [{"d": 0.199996948, "p": 83, "v": 84}], "pos": 1.0, "size": 1.0, "_time": 41.23828}, {"$id": 170, "sounds": [{"d": 0.1999855, "p": 83, "v": 92}], "pos": 1.0, "size": 1.0, "_time": 41.4375}, {"$id": 171, "sounds": [{"d": 0.1999855, "p": 76, "v": 85}, {"d": 0.1999855, "p": 72, "v": 88}], "pos": -2.0, "size": 1.30000007, "_time": 41.4375}, {"$id": 172, "sounds": [{"d": 0.200000763, "p": 81, "v": 82}], "size": 1.0, "_time": 41.8359375, "pos": 0}, {"$id": 173, "sounds": [{"d": 0.200000763, "p": 76, "v": 66}, {"d": 0.200000763, "p": 72, "v": 73}], "pos": -2.0, "size": 1.30000007, "_time": 41.8359375}, {"$id": 174, "sounds": [{"d": 0.200000763, "p": 86, "v": 91}], "pos": 1.0, "size": 1.0, "_time": 42.23828}, {"$id": 175, "sounds": [{"d": 0.200000763, "p": 76, "v": 30}, {"d": 0.200000763, "p": 74, "v": 27}], "pos": -1.0, "size": 1.30000007, "_time": 42.23828}, {"$id": 176, "sounds": [{"d": 0.199993134, "p": 86, "v": 91}], "pos": 1.0, "size": 1.0, "_time": 42.63672}, {"$id": 177, "sounds": [{"d": 0.199993134, "p": 79, "v": 81}, {"d": 0.199993134, "p": 76, "v": 81}], "pos": -1.0, "size": 1.30000007, "_time": 42.63672}, {"$id": 178, "sounds": [{"d": 0.200000763, "p": 84, "v": 87}], "size": 1.0, "_time": 43.0390625, "pos": 0}, {"$id": 179, "sounds": [{"d": 0.200000763, "p": 79, "v": 71}, {"d": 0.200000763, "p": 76, "v": 71}], "pos": -1.0, "size": 1.30000007, "_time": 43.0390625}, {"$id": 180, "sounds": [{"d": 0.200000763, "p": 91, "v": 90}], "pos": 2.0, "size": 1.0, "_time": 43.4375}, {"$id": 181, "sounds": [{"d": 0.200000763, "p": 84, "v": 61}, {"d": 0.200000763, "p": 79, "v": 72}], "size": 1.30000007, "_time": 43.4375, "pos": 0}, {"$id": 182, "sounds": [{"d": 0.199993134, "p": 91, "v": 91}], "pos": 2.0, "size": 1.0, "_time": 43.8359375}, {"$id": 183, "sounds": [{"d": 0.199993134, "p": 84, "v": 80}, {"d": 0.199993134, "p": 81, "v": 78}], "size": 1.30000007, "_time": 43.8359375, "pos": 0}, {"$id": 184, "sounds": [{"d": 0.200000763, "p": 89, "v": 86}], "pos": 1.0, "size": 1.0, "_time": 44.23828}, {"$id": 185, "sounds": [{"d": 0.200000763, "p": 81, "v": 65}, {"d": 0.200000763, "p": 84, "v": 73}], "pos": -1.0, "size": 1.30000007, "_time": 44.23828}, {"$id": 186, "sounds": [{"d": 0.200000763, "p": 84, "v": 87}], "size": 1.0, "_time": 44.63672, "pos": 0}, {"$id": 187, "sounds": [{"d": 0.200000763, "p": 81, "v": 69}], "pos": -2.0, "size": 1.30000007, "_time": 44.63672}, {"$id": 188, "sounds": [{"d": 0.200000763, "p": 89, "v": 86}], "pos": 1.0, "size": 1.0, "_time": 44.8359375}, {"$id": 189, "sounds": [{"d": 0.199993134, "p": 89, "v": 87}], "pos": 1.0, "size": 1.0, "_time": 45.0390625}, {"$id": 190, "sounds": [{"d": 0.199993134, "p": 84, "v": 78}, {"d": 0.199993134, "p": 79, "v": 71}], "pos": -2.0, "size": 1.30000007, "_time": 45.0390625}, {"$id": 191, "sounds": [{"d": 0.200000763, "p": 88, "v": 84}], "size": 1.0, "_time": 45.4375, "pos": 0}, {"$id": 192, "sounds": [{"d": 0.200000763, "p": 84, "v": 73}, {"d": 0.200000763, "p": 79, "v": 64}], "pos": -2.0, "size": 1.30000007, "_time": 45.4375}, {"$id": 193, "sounds": [{"d": 0.200000763, "p": 84, "v": 84}], "pos": 1.0, "size": 1.0, "_time": 45.8359375}, {"$id": 194, "sounds": [{"d": 0.200000763, "p": 79, "v": 78}], "pos": -2.0, "size": 1.30000007, "_time": 45.8359375}, {"$id": 195, "sounds": [{"d": 0.200000763, "p": 88, "v": 80}], "pos": 2.0, "size": 1.0, "_time": 46.0390625}, {"$id": 196, "sounds": [{"d": 0.199993134, "p": 35, "v": 87}], "pos": 3.375, "size": 1.0, "_time": 46.23828}, {"$id": 197, "sounds": [{"d": 0.199993134, "p": 88, "v": 88}], "pos": 2.0, "size": 1.0, "_time": 46.23828}, {"$id": 198, "sounds": [{"d": 0.1999855, "p": 79, "v": 54}, {"d": 0.1999855, "p": 83, "v": 62}, {"d": 0.1999855, "p": 81, "v": 57}], "pos": -1.0, "size": 1.30000007, "_time": 46.4375}, {"$id": 199, "sounds": [{"d": 0.1999855, "p": 86, "v": 58}], "pos": 1.0, "size": 1.0, "_time": 46.4375}, {"$id": 200, "sounds": [{"d": 0.200000763, "p": 83, "v": 78}, {"d": 0.200000763, "p": 81, "v": 68}], "pos": -1.0, "size": 1.30000007, "_time": 46.63672}, {"$id": 201, "sounds": [{"d": 0.200000763, "p": 86, "v": 82}], "pos": 1.0, "size": 1.0, "_time": 46.63672}, {"$id": 202, "sounds": [{"d": 0.200000763, "p": 81, "v": 84}], "size": 1.0, "_time": 47.0390625, "pos": 0}, {"$id": 203, "sounds": [{"d": 0.200000763, "p": 86, "v": 79}], "pos": 2.0, "size": 1.0, "_time": 47.23828}, {"$id": 204, "sounds": [{"d": 0.199989319, "p": 83, "v": 84}], "pos": 1.0, "size": 1.0, "_time": 47.4375}, {"$id": 205, "sounds": [{"d": 0.199989319, "p": 81, "v": 75}, {"d": 0.199989319, "p": 76, "v": 72}], "pos": -1.0, "size": 1.30000007, "_time": 47.4375}, {"$id": 206, "sounds": [{"d": 0.19997406, "p": 76, "v": 55}, {"d": 0.19997406, "p": 80, "v": 58}], "size": 1.30000007, "_time": 48.0390625, "pos": 0}, {"$id": 207, "sounds": [{"d": 0.200000763, "p": 72, "v": 84}], "size": 1.0, "_time": 49.23828, "pos": 0}, {"$id": 208, "sounds": [{"d": 0.200000763, "p": 76, "v": 84}], "pos": 1.0, "size": 1.0, "_time": 49.4375}, {"$id": 209, "sounds": [{"d": 0.199989319, "p": 84, "v": 86}], "pos": 2.0, "size": 1.0, "_time": 49.63672}, {"$id": 210, "sounds": [{"d": 0.200000763, "p": 79, "v": 74}, {"d": 0.200000763, "p": 83, "v": 86}], "pos": 1.0, "size": 1.0, "_time": 50.0390625}, {"$id": 211, "sounds": [{"d": 0.400001526, "p": 83, "v": 86}, {"d": 0.400001526, "p": 79, "v": 46}], "pos": 1.0, "size": 1.0, "_time": 50.4375}, {"$id": 212, "sounds": [{"d": 0.199993134, "p": 79, "v": 86}], "pos": -1.0, "size": 1.0, "_time": 50.8359375}, {"$id": 213, "sounds": [{"d": 0.199989319, "p": 81, "v": 83}], "size": 1.0, "_time": 51.0390625, "pos": 0}, {"$id": 214, "sounds": [{"d": 0.199989319, "p": 60, "v": 81}, {"d": 0.199989319, "p": 65, "v": 77}], "pos": -2.0, "size": 1.30000007, "_time": 51.0390625}, {"$id": 215, "sounds": [{"d": 0.200000763, "p": 72, "v": 84}], "pos": -2.0, "size": 1.0, "_time": 51.8359375}, {"$id": 216, "sounds": [{"d": 0.200000763, "p": 76, "v": 81}], "pos": -1.0, "size": 1.0, "_time": 52.0390625}, {"$id": 217, "sounds": [{"d": 0.400001526, "p": 77, "v": 84}], "size": 1.0, "_time": 52.23828, "pos": 0}, {"$id": 218, "sounds": [{"d": 0.199989319, "p": 81, "v": 80}], "pos": -1.0, "size": 1.0, "_time": 52.63672}, {"$id": 219, "sounds": [{"d": 0.1999855, "p": 86, "v": 86}], "pos": 2.0, "size": 1.0, "_time": 52.8359375}, {"$id": 220, "sounds": [{"d": 0.200000763, "p": 84, "v": 83}], "pos": 1.0, "size": 1.0, "_time": 53.0390625}, {"$id": 221, "sounds": [{"d": 0.199993134, "p": 83, "v": 88}], "size": 1.0, "_time": 53.23828, "pos": 0}, {"$id": 222, "sounds": [{"d": 0.199989319, "p": 81, "v": 82}], "pos": 1.0, "size": 1.0, "_time": 53.4375}, {"$id": 223, "sounds": [{"d": 0.199989319, "p": 72, "v": 79}, {"d": 0.199989319, "p": 64, "v": 64}], "pos": -1.0, "size": 1.30000007, "_time": 53.4375}, {"$id": 224, "sounds": [{"d": 0.199989319, "p": 76, "v": 79}], "pos": -2.0, "size": 1.0, "_time": 54.4375}, {"$id": 225, "sounds": [{"d": 0.200000763, "p": 79, "v": 81}], "pos": -1.0, "size": 1.0, "_time": 54.8359375}, {"$id": 226, "sounds": [{"d": 0.200000763, "p": 83, "v": 87}], "pos": 2.0, "size": 1.0, "_time": 54.8359375}, {"$id": 227, "sounds": [{"d": 0.400001526, "p": 76, "v": 85}], "size": 1.0, "_time": 55.23828, "pos": 0}, {"$id": 228, "sounds": [{"d": 0.199993134, "p": 71, "v": 80}], "pos": -1.0, "size": 1.0, "_time": 55.63672}, {"$id": 229, "sounds": [{"d": 0.1999855, "p": 41, "v": 74}], "pos": -2.0, "size": 1.30000007, "_time": 55.8359375}, {"$id": 230, "sounds": [{"d": 0.1999855, "p": 72, "v": 78}], "pos": 1.0, "size": 1.0, "_time": 55.8359375}, {"$id": 231, "sounds": [{"d": 0.200000763, "p": 48, "v": 66}], "pos": -1.5, "size": 1.30000007, "_time": 56.0390625}, {"$id": 232, "sounds": [{"d": 0.200000763, "p": 52, "v": 55}], "pos": -1.0, "size": 1.30000007, "_time": 56.23828}, {"$id": 233, "sounds": [{"d": 0.200000763, "p": 60, "v": 65}], "pos": -0.5, "size": 1.30000007, "_time": 56.4375}, {"$id": 234, "sounds": [{"d": 0.200000763, "p": 64, "v": 57}], "size": 1.30000007, "_time": 56.63672, "pos": 0}, {"$id": 235, "sounds": [{"d": 0.200000763, "p": 65, "v": 60}], "pos": 0.5, "size": 1.30000007, "_time": 56.8359375}, {"$id": 236, "sounds": [{"d": 0.6000023, "p": 69, "v": 59}], "pos": 1.0, "size": 1.30000007, "_time": 57.0390625}, {"$id": 237, "sounds": [{"d": 0.6062279, "p": 68, "v": 75}], "pos": -1.0, "size": 1.30000007, "_time": 57.63672}, {"$id": 238, "sounds": [{"d": 0.200000763, "p": 76, "v": 80}], "size": 1.0, "_time": 58.2421875, "pos": 0}, {"$id": 239, "sounds": [{"d": 0.400001526, "p": 69, "v": 80}, {"d": 0.400001526, "p": 72, "v": 80}], "pos": -2.0, "size": 1.0, "_time": 59.84375}, {"$id": 240, "sounds": [{"d": 0.200000763, "p": 72, "v": 80}, {"d": 0.200000763, "p": 69, "v": 80}], "pos": -2.0, "size": 1.0, "_time": 60.2421875}, {"$id": 241, "sounds": [{"d": 0.199993134, "p": 81, "v": 80}], "pos": 1.0, "size": 1.0, "_time": 60.4453125}, {"$id": 242, "sounds": [{"d": 0.199993134, "p": 83, "v": 80}], "pos": 2.0, "size": 1.0, "_time": 60.64453}, {"$id": 243, "sounds": [{"d": 0.199989319, "p": 79, "v": 80}], "pos": 1.0, "size": 1.0, "_time": 61.84375}, {"$id": 244, "sounds": [{"d": 0.400001526, "p": 67, "v": 80}], "pos": -1.0, "size": 1.0, "_time": 62.04297}, {"$id": 245, "sounds": [{"d": 0.200000763, "p": 64, "v": 80}], "pos": -2.0, "size": 1.0, "_time": 62.4453125}, {"$id": 246, "sounds": [{"d": 0.200000763, "p": 65, "v": 80}], "pos": -1.0, "size": 1.0, "_time": 62.64453}, {"$id": 247, "sounds": [{"d": 0.199989319, "p": 67, "v": 80}], "size": 1.0, "_time": 62.84375, "pos": 0}, {"$id": 248, "sounds": [{"d": 0.199993134, "p": 72, "v": 80}], "pos": 1.0, "size": 1.0, "_time": 63.04297}, {"$id": 249, "sounds": [{"d": 0.199996948, "p": 71, "v": 80}], "pos": -1.0, "size": 1.0, "_time": 64.04297}, {"$id": 250, "sounds": [{"d": 0.199981689, "p": 72, "v": 80}], "size": 1.0, "_time": 64.24219, "pos": 0}, {"$id": 251, "sounds": [{"d": 0.400001526, "p": 65, "v": 80}, {"d": 0.400001526, "p": 62, "v": 80}], "pos": -2.0, "size": 1.30000007, "_time": 64.64453}, {"$id": 252, "sounds": [{"d": 0.199996948, "p": 72, "v": 80}], "size": 1.0, "_time": 65.04297, "pos": 0}, {"$id": 253, "sounds": [{"d": 0.199996948, "p": 65, "v": 80}, {"d": 0.199996948, "p": 62, "v": 80}], "pos": -2.0, "size": 1.30000007, "_time": 65.04297}, {"$id": 254, "sounds": [{"d": 0.199989319, "p": 74, "v": 80}], "pos": 1.0, "size": 1.0, "_time": 65.24219}, {"$id": 255, "sounds": [{"d": 0.199989319, "p": 76, "v": 80}], "pos": 2.0, "size": 1.0, "_time": 65.44141}, {"$id": 256, "sounds": [{"d": 0.399978638, "p": 62, "v": 80}, {"d": 0.399978638, "p": 64, "v": 80}, {"d": 0.399978638, "p": 71, "v": 80}], "pos": -1.0, "size": 1.30000007, "_time": 65.84375}, {"$id": 257, "sounds": [{"d": 0.199989319, "p": 77, "v": 80}], "pos": 2.0, "size": 1.0, "_time": 66.44141}, {"$id": 258, "sounds": [{"d": 0.399986267, "p": 76, "v": 80}], "pos": 1.0, "size": 1.0, "_time": 66.64453}, {"$id": 259, "sounds": [{"d": 0.400001526, "p": 68, "v": 80}, {"d": 0.400001526, "p": 62, "v": 80}, {"d": 0.400001526, "p": 64, "v": 80}], "pos": -1.0, "size": 1.30000007, "_time": 67.04297}, {"$id": 260, "sounds": [{"d": 0.199989319, "p": 71, "v": 80}], "pos": -1.0, "size": 1.0, "_time": 67.64453}, {"$id": 261, "sounds": [{"d": 0.199989319, "p": 72, "v": 80}], "size": 1.0, "_time": 67.84375, "pos": 0}, {"$id": 262, "sounds": [{"d": 0.199989319, "p": 33, "v": 80}], "pos": 3.125, "size": 1.0, "_time": 67.84375}, {"$id": 263, "sounds": [{"d": 0.199996948, "p": 69, "v": 80}], "pos": -2.0, "size": 1.30000007, "_time": 68.24219}, {"$id": 264, "sounds": [{"d": 0.199996948, "p": 72, "v": 80}], "size": 1.0, "_time": 68.24219, "pos": 0}, {"$id": 265, "sounds": [{"d": 0.400001526, "p": 72, "v": 80}], "size": 1.0, "_time": 68.44141, "pos": 0}, {"$id": 266, "sounds": [{"d": 0.199989319, "p": 74, "v": 80}], "pos": -1.0, "size": 1.0, "_time": 68.84375}, {"$id": 267, "sounds": [{"d": 0.199996948, "p": 71, "v": 80}, {"d": 0.199996948, "p": 67, "v": 80}], "pos": -2.0, "size": 1.30000007, "_time": 69.04297}, {"$id": 268, "sounds": [{"d": 0.199996948, "p": 76, "v": 80}], "pos": 1.0, "size": 1.0, "_time": 69.04297}, {"$id": 269, "sounds": [{"d": 0.199989319, "p": 81, "v": 80}], "pos": 1.0, "size": 1.0, "_time": 70.04297}, {"$id": 270, "sounds": [{"d": 0.199989319, "p": 83, "v": 80}], "pos": 2.0, "size": 1.0, "_time": 70.24219}, {"$id": 271, "sounds": [{"d": 0.399986267, "p": 69, "v": 80}, {"d": 0.399986267, "p": 65, "v": 80}, {"d": 0.399986267, "p": 60, "v": 80}], "pos": -1.0, "size": 1.30000007, "_time": 70.64453}, {"$id": 272, "sounds": [{"d": 0.199996948, "p": 83, "v": 80}], "size": 1.0, "_time": 71.04297, "pos": 0}, {"$id": 273, "sounds": [{"d": 0.199996948, "p": 84, "v": 80}], "pos": 1.0, "size": 1.0, "_time": 71.24219}, {"$id": 274, "sounds": [{"d": 0.199981689, "p": 86, "v": 80}], "pos": 2.0, "size": 1.0, "_time": 71.44141}, {"$id": 275, "sounds": [{"d": 0.400001526, "p": 67, "v": 80}, {"d": 0.400001526, "p": 64, "v": 80}, {"d": 0.400001526, "p": 60, "v": 80}], "pos": -1.0, "size": 1.30000007, "_time": 71.84375}, {"$id": 276, "sounds": [{"d": 0.3999939, "p": 60, "v": 80}, {"d": 0.3999939, "p": 64, "v": 80}, {"d": 0.3999939, "p": 67, "v": 80}], "pos": -1.0, "size": 1.30000007, "_time": 72.24219}, {"$id": 277, "sounds": [{"d": 0.199989319, "p": 84, "v": 80}], "pos": 2.0, "size": 1.0, "_time": 72.64453}, {"$id": 278, "sounds": [{"d": 0.400001526, "p": 62, "v": 80}, {"d": 0.400001526, "p": 72, "v": 80}, {"d": 0.400001526, "p": 65, "v": 80}], "pos": -2.0, "size": 1.30000007, "_time": 73.04297}, {"$id": 279, "sounds": [{"d": 0.199996948, "p": 62, "v": 80}, {"d": 0.199996948, "p": 65, "v": 80}], "pos": -2.0, "size": 1.30000007, "_time": 73.44141}, {"$id": 280, "sounds": [{"d": 0.199989319, "p": 81, "v": 80}], "pos": 1.0, "size": 1.0, "_time": 73.64453}, {"$id": 281, "sounds": [{"d": 0.199996948, "p": 79, "v": 80}], "size": 1.0, "_time": 73.84375, "pos": 0}, {"$id": 282, "sounds": [{"d": 0.199996948, "p": 72, "v": 80}, {"d": 0.199996948, "p": 69, "v": 80}, {"d": 0.199996948, "p": 64, "v": 80}], "pos": -1.0, "size": 1.30000007, "_time": 74.24219}, {"$id": 283, "sounds": [{"d": 0.199996948, "p": 76, "v": 80}], "size": 1.0, "_time": 74.44141, "pos": 0}, {"$id": 284, "sounds": [{"d": 0.3999939, "p": 64, "v": 80}, {"d": 0.3999939, "p": 69, "v": 80}], "pos": -1.0, "size": 1.30000007, "_time": 74.64453}, {"$id": 285, "sounds": [{"d": 0.199981689, "p": 35, "v": 80}], "pos": 3.375, "size": 1.0, "_time": 75.04297}, {"$id": 286, "sounds": [{"d": 0.199981689, "p": 77, "v": 80}], "pos": 1.0, "size": 1.0, "_time": 75.04297}, {"$id": 287, "sounds": [{"d": 0.199996948, "p": 74, "v": 80}], "size": 1.0, "_time": 76.04297, "pos": 0}, {"$id": 288, "sounds": [{"d": 0.5999756, "p": 72, "v": 80}], "pos": -1.0, "size": 1.0, "_time": 76.24219}, {"$id": 289, "sounds": [{"d": 0.3999939, "p": 71, "v": 80}], "pos": -2.0, "size": 1.0, "_time": 77.04297}, {"$id": 290, "sounds": [{"d": 0.199996948, "p": 72, "v": 80}], "pos": -1.0, "size": 1.0, "_time": 77.44141}, {"$id": 291, "sounds": [{"d": 0.199996948, "p": 71, "v": 80}], "pos": -2.0, "size": 1.0, "_time": 78.44141}, {"$id": 292, "sounds": [{"d": 0.399986267, "p": 71, "v": 80}], "pos": -2.0, "size": 1.0, "_time": 78.64453}, {"$id": 293, "sounds": [{"d": 0.400001526, "p": 72, "v": 80}], "pos": -1.0, "size": 1.0, "_time": 79.04297}, {"$id": 294, "sounds": [{"d": 0.199996948, "p": 74, "v": 80}], "pos": -1.0, "size": 1.0, "_time": 79.44141}, {"$id": 295, "sounds": [{"d": 0.199996948, "p": 79, "v": 80}], "pos": 1.0, "size": 1.0, "_time": 79.64453}, {"$id": 296, "sounds": [{"d": 0.199981689, "p": 76, "v": 80}], "size": 1.0, "_time": 79.84375, "pos": 0}, {"$id": 297, "sounds": [{"d": 0.19997406, "p": 76, "v": 80}], "size": 1.0, "_time": 81.04297, "pos": 0}, {"$id": 298, "sounds": [{"d": 0.199996948, "p": 77, "v": 80}], "pos": 1.0, "size": 1.0, "_time": 81.24219}, {"$id": 299, "sounds": [{"d": 0.199996948, "p": 76, "v": 80}], "size": 1.0, "_time": 81.44141, "pos": 0}, {"$id": 300, "sounds": [{"d": 0.199996948, "p": 74, "v": 80}], "pos": -1.0, "size": 1.0, "_time": 81.64453}, {"$id": 301, "sounds": [{"d": 0.199996948, "p": 71, "v": 80}], "pos": -2.0, "size": 1.0, "_time": 81.84375}, {"$id": 302, "sounds": [{"d": 0.199996948, "p": 72, "v": 80}], "pos": -1.0, "size": 1.0, "_time": 82.04297}, {"$id": 303, "sounds": [{"d": 0.199996948, "p": 71, "v": 80}], "pos": -2.0, "size": 1.0, "_time": 83.24219}, {"$id": 304, "sounds": [{"d": 0.399978638, "p": 71, "v": 80}], "pos": -2.0, "size": 1.0, "_time": 83.44141}, {"$id": 305, "sounds": [{"d": 0.199996948, "p": 72, "v": 80}], "pos": -1.0, "size": 1.0, "_time": 83.84375}, {"$id": 306, "sounds": [{"d": 0.199996948, "p": 74, "v": 80}], "size": 1.0, "_time": 84.04297, "pos": 0}, {"$id": 307, "sounds": [{"d": 0.199996948, "p": 79, "v": 80}], "pos": 1.0, "size": 1.0, "_time": 84.24219}, {"$id": 308, "sounds": [{"d": 0.199989319, "p": 83, "v": 80}], "pos": 2.0, "size": 1.0, "_time": 84.44141}, {"$id": 309, "sounds": [{"d": 0.199996948, "p": 84, "v": 80}], "pos": 2.0, "size": 1.0, "_time": 85.64453}, {"$id": 310, "sounds": [{"d": 0.199981689, "p": 83, "v": 80}], "pos": 1.0, "size": 1.0, "_time": 85.84375}, {"$id": 311, "sounds": [{"d": 0.199996948, "p": 79, "v": 80}], "size": 1.0, "_time": 86.04297, "pos": 0}, {"$id": 312, "sounds": [{"d": 0.199996948, "p": 76, "v": 80}], "pos": -1.0, "size": 1.0, "_time": 86.24219}, {"$id": 313, "sounds": [{"d": 0.5999985, "p": 74, "v": 80}], "pos": -2.0, "size": 1.0, "_time": 86.44141}, {"$id": 314, "sounds": [{"d": 0.199996948, "p": 71, "v": 80}], "pos": -2.0, "size": 1.0, "_time": 88.04297}, {"$id": 315, "sounds": [{"d": 0.3999939, "p": 71, "v": 80}], "pos": -2.0, "size": 1.0, "_time": 88.24219}, {"$id": 316, "sounds": [{"d": 0.199996948, "p": 72, "v": 80}], "pos": -1.0, "size": 1.0, "_time": 88.64453}, {"$id": 317, "sounds": [{"d": 0.199996948, "p": 74, "v": 80}], "size": 1.0, "_time": 88.84375, "pos": 0}, {"$id": 318, "sounds": [{"d": 0.199996948, "p": 79, "v": 80}], "pos": 1.0, "size": 1.0, "_time": 89.04297}, {"$id": 319, "sounds": [{"d": 0.199989319, "p": 76, "v": 80}], "size": 1.0, "_time": 89.24219, "pos": 0}, {"$id": 320, "sounds": [{"d": 0.400001526, "p": 83, "v": 80}], "pos": 1.0, "size": 1.0, "_time": 90.04297}, {"$id": 321, "sounds": [{"d": 0.199989319, "p": 86, "v": 80}], "pos": 2.0, "size": 1.0, "_time": 90.44141}, {"$id": 322, "sounds": [{"d": 0.399986267, "p": 84, "v": 80}], "pos": 1.0, "size": 1.0, "_time": 90.64453}, {"$id": 323, "sounds": [{"d": 0.199996948, "p": 83, "v": 80}], "size": 1.0, "_time": 91.04297, "pos": 0}, {"$id": 324, "sounds": [{"d": 0.199996948, "p": 69, "v": 80}], "pos": -2.0, "size": 1.0, "_time": 91.24219}, {"$id": 325, "sounds": [{"d": 0.199996948, "p": 79, "v": 80}], "size": 1.0, "_time": 91.44141, "pos": 0}, {"$id": 326, "sounds": [{"d": 0.199996948, "p": 76, "v": 80}], "pos": -1.0, "size": 1.0, "_time": 91.64453}, {"$id": 327, "sounds": [{"d": 0.199981689, "p": 77, "v": 80}], "size": 1.0, "_time": 91.84375, "pos": 0}, {"$id": 328, "sounds": [{"d": 0.199996948, "p": 76, "v": 80}], "pos": -2.0, "size": 1.0, "_time": 92.64453}, {"$id": 329, "sounds": [{"d": 0.199996948, "p": 77, "v": 80}], "pos": -1.0, "size": 1.0, "_time": 92.84375}, {"$id": 330, "sounds": [{"d": 0.199989319, "p": 79, "v": 80}], "size": 1.0, "_time": 93.04297, "pos": 0}, {"$id": 331, "sounds": [{"d": 0.199996948, "p": 76, "v": 80}], "pos": -1.0, "size": 1.0, "_time": 93.84375}, {"$id": 332, "sounds": [{"d": 0.199989319, "p": 79, "v": 80}], "size": 1.0, "_time": 94.04297, "pos": 0}, {"$id": 333, "sounds": [{"d": 0.199989319, "p": 81, "v": 80}], "pos": 1.0, "size": 1.0, "_time": 94.24219}, {"$id": 334, "sounds": [{"d": 0.400001526, "p": 76, "v": 80}], "pos": -1.0, "size": 1.0, "_time": 94.64453}, {"$id": 335, "sounds": [{"d": 0.199996948, "p": 81, "v": 80}], "size": 1.0, "_time": 95.04297, "pos": 0}, {"$id": 336, "sounds": [{"d": 0.199989319, "p": 86, "v": 80}], "pos": 2.0, "size": 1.0, "_time": 95.24219}, {"$id": 337, "sounds": [{"d": 1.19998932, "p": 83, "v": 80}], "pos": 1.0, "size": 1.0, "_time": 95.44141}, {"$id": 338, "sounds": [{"d": 1.9937439, "p": 56, "v": 80}, {"d": 1.9937439, "p": 52, "v": 80}, {"d": 1.9937439, "p": 59, "v": 80}], "pos": -1.0, "size": 1.30000007, "_time": 96.640625}, {"$id": 339, "sounds": [{"d": 0.400001526, "p": 76, "v": 52}], "pos": 1.0, "size": 1.0, "_time": 98.63672}, {"$id": 340, "sounds": [{"d": 0.400001526, "p": 60, "v": 68}, {"d": 0.400001526, "p": 65, "v": 68}, {"d": 0.400001526, "p": 57, "v": 68}], "pos": -2.0, "size": 1.30000007, "_time": 98.63672}, {"$id": 341, "sounds": [{"d": 0.449996948, "p": 66, "v": 71}, {"d": 0.449996948, "p": 71, "v": 70}], "pos": -1.0, "size": 1.30000007, "_time": 99.03516}, {"$id": 342, "sounds": [{"d": 0.449996948, "p": 78, "v": 91}], "pos": 2.0, "size": 1.0, "_time": 99.03516}, {"$id": 343, "sounds": [{"d": 0.1499939, "p": 66, "v": 67}, {"d": 0.1499939, "p": 71, "v": 60}], "pos": -1.0, "size": 1.30000007, "_time": 99.484375}, {"$id": 344, "sounds": [{"d": 0.44997406, "p": 66, "v": 61}], "pos": -1.0, "size": 1.30000007, "_time": 99.63672}, {"$id": 345, "sounds": [{"d": 0.44997406, "p": 74, "v": 89}], "pos": 1.0, "size": 1.0, "_time": 99.63672}, {"$id": 346, "sounds": [{"d": 0.150001526, "p": 76, "v": 91}], "size": 1.0, "_time": 100.085938, "pos": 0}, {"$id": 347, "sounds": [{"d": 0.449996948, "p": 66, "v": 69}, {"d": 0.449996948, "p": 69, "v": 70}], "pos": -2.0, "size": 1.30000007, "_time": 100.234375}, {"$id": 348, "sounds": [{"d": 0.449996948, "p": 78, "v": 91}], "pos": 1.0, "size": 1.0, "_time": 100.234375}, {"$id": 349, "sounds": [{"d": 0.2999878, "p": 66, "v": 55}, {"d": 0.2999878, "p": 69, "v": 71}], "pos": -2.0, "size": 1.30000007, "_time": 100.6875}, {"$id": 350, "sounds": [{"d": 0.299995422, "p": 69, "v": 73}, {"d": 0.299995422, "p": 66, "v": 54}], "pos": -2.0, "size": 1.30000007, "_time": 100.984375}, {"$id": 351, "sounds": [{"d": 0.150001526, "p": 83, "v": 91}], "pos": 1.0, "size": 1.0, "_time": 101.285156}, {"$id": 352, "sounds": [{"d": 0.449996948, "p": 67, "v": 68}, {"d": 0.449996948, "p": 71, "v": 76}], "pos": -1.0, "size": 1.30000007, "_time": 101.4375}, {"$id": 353, "sounds": [{"d": 0.449996948, "p": 85, "v": 91}], "pos": 2.0, "size": 1.0, "_time": 101.4375}, {"$id": 354, "sounds": [{"d": 0.2999878, "p": 71, "v": 68}, {"d": 0.2999878, "p": 67, "v": 67}], "pos": -1.0, "size": 1.30000007, "_time": 101.886719}, {"$id": 355, "sounds": [{"d": 0.2999878, "p": 67, "v": 20}, {"d": 0.2999878, "p": 71, "v": 71}], "pos": -1.0, "size": 1.30000007, "_time": 102.1875}, {"$id": 356, "sounds": [{"d": 0.150001526, "p": 83, "v": 91}], "pos": 2.0, "size": 1.0, "_time": 102.484375}, {"$id": 357, "sounds": [{"d": 0.449996948, "p": 69, "v": 68}, {"d": 0.449996948, "p": 64, "v": 71}], "pos": -2.0, "size": 1.30000007, "_time": 102.636719}, {"$id": 358, "sounds": [{"d": 0.449996948, "p": 81, "v": 91}], "pos": 1.0, "size": 1.0, "_time": 102.636719}, {"$id": 359, "sounds": [{"d": 0.1499939, "p": 64, "v": 66}, {"d": 0.1499939, "p": 69, "v": 70}], "pos": -2.0, "size": 1.30000007, "_time": 103.085938}, {"$id": 360, "sounds": [{"d": 0.299995422, "p": 61, "v": 49}, {"d": 0.299995422, "p": 67, "v": 62}], "pos": -2.0, "size": 1.30000007, "_time": 103.386719}, {"$id": 361, "sounds": [{"d": 0.449996948, "p": 74, "v": 90}], "size": 1.0, "_time": 103.835938, "pos": 0}, {"$id": 362, "sounds": [{"d": 0.449996948, "p": 67, "v": 60}, {"d": 0.449996948, "p": 71, "v": 50}], "pos": -1.0, "size": 1.30000007, "_time": 103.835938}, {"$id": 363, "sounds": [{"d": 0.1499939, "p": 71, "v": 62}, {"d": 0.1499939, "p": 62, "v": 74}], "pos": -1.0, "size": 1.30000007, "_time": 104.285156}, {"$id": 364, "sounds": [{"d": 0.300003052, "p": 62, "v": 48}, {"d": 0.300003052, "p": 67, "v": 69}], "pos": -1.0, "size": 1.30000007, "_time": 104.585938}, {"$id": 365, "sounds": [{"d": 0.150001526, "p": 73, "v": 90}], "size": 1.0, "_time": 104.886719, "pos": 0}, {"$id": 366, "sounds": [{"d": 0.449996948, "p": 64, "v": 73}, {"d": 0.449996948, "p": 67, "v": 70}], "pos": -2.0, "size": 1.30000007, "_time": 105.035156}, {"$id": 367, "sounds": [{"d": 0.449996948, "p": 74, "v": 90}], "pos": 1.0, "size": 1.0, "_time": 105.035156}, {"$id": 368, "sounds": [{"d": 0.1499939, "p": 67, "v": 69}, {"d": 0.1499939, "p": 64, "v": 59}], "pos": -2.0, "size": 1.30000007, "_time": 105.484375}, {"$id": 369, "sounds": [{"d": 0.300003052, "p": 74, "v": 90}], "size": 1.0, "_time": 105.785156, "pos": 0}, {"$id": 370, "sounds": [{"d": 0.300003052, "p": 64, "v": 55}, {"d": 0.300003052, "p": 67, "v": 73}], "pos": -2.0, "size": 1.30000007, "_time": 105.785156}, {"$id": 371, "sounds": [{"d": 0.150001526, "p": 76, "v": 90}], "pos": 1.0, "size": 1.0, "_time": 106.085938}, {"$id": 372, "sounds": [{"d": 0.449996948, "p": 64, "v": 59}, {"d": 0.449996948, "p": 66, "v": 70}], "pos": -1.0, "size": 1.30000007, "_time": 106.234375}, {"$id": 373, "sounds": [{"d": 0.449996948, "p": 78, "v": 90}], "pos": 2.0, "size": 1.0, "_time": 106.234375}, {"$id": 374, "sounds": [{"d": 0.1499939, "p": 71, "v": 70}, {"d": 0.1499939, "p": 66, "v": 65}], "pos": -1.0, "size": 1.30000007, "_time": 106.6875}, {"$id": 375, "sounds": [{"d": 0.299995422, "p": 66, "v": 56}], "pos": -1.0, "size": 1.30000007, "_time": 106.984375}, {"$id": 376, "sounds": [{"d": 0.150001526, "p": 79, "v": 90}], "pos": 2.0, "size": 1.0, "_time": 107.285156}, {"$id": 377, "sounds": [{"d": 0.449996948, "p": 70, "v": 68}, {"d": 0.449996948, "p": 66, "v": 67}], "pos": -2.0, "size": 1.30000007, "_time": 107.4375}, {"$id": 378, "sounds": [{"d": 0.449996948, "p": 78, "v": 90}], "pos": 1.0, "size": 1.0, "_time": 107.4375}, {"$id": 379, "sounds": [{"d": 0.1499939, "p": 70, "v": 67}, {"d": 0.1499939, "p": 64, "v": 61}], "pos": -2.0, "size": 1.30000007, "_time": 107.886719}, {"$id": 380, "sounds": [{"d": 0.1499939, "p": 66, "v": 73}], "pos": -1.0, "size": 1.0, "_time": 107.886719}, {"$id": 381, "sounds": [{"d": 0.1499939, "p": 70, "v": 45}], "size": 1.0, "_time": 108.035156, "pos": 0}, {"$id": 382, "sounds": [{"d": 0.299995422, "p": 66, "v": 28}, {"d": 0.299995422, "p": 71, "v": 70}], "pos": -2.0, "size": 1.30000007, "_time": 108.1875}, {"$id": 383, "sounds": [{"d": 0.150001526, "p": 73, "v": 71}], "pos": 1.0, "size": 1.0, "_time": 108.484375}, {"$id": 384, "sounds": [{"d": 0.150001526, "p": 35, "v": 71}], "pos": 3.375, "size": 1.0, "_time": 108.636719}, {"$id": 385, "sounds": [{"d": 0.150001526, "p": 78, "v": 90}], "pos": 2.0, "size": 1.0, "_time": 108.636719}, {"$id": 386, "sounds": [{"d": 0.150001526, "p": 66, "v": 71}, {"d": 0.150001526, "p": 71, "v": 67}], "pos": -1.0, "size": 1.30000007, "_time": 108.636719}, {"$id": 387, "sounds": [{"d": 0.1499939, "p": 71, "v": 69}, {"d": 0.1499939, "p": 66, "v": 73}], "pos": -1.0, "size": 1.30000007, "_time": 109.085938}, {"$id": 388, "sounds": [{"d": 0.1499939, "p": 74, "v": 90}], "pos": 1.0, "size": 1.0, "_time": 109.234375}, {"$id": 389, "sounds": [{"d": 0.299995422, "p": 71, "v": 65}, {"d": 0.299995422, "p": 66, "v": 68}], "pos": -1.0, "size": 1.30000007, "_time": 109.386719}, {"$id": 390, "sounds": [{"d": 0.150001526, "p": 76, "v": 90}], "size": 1.0, "_time": 109.6875, "pos": 0}, {"$id": 391, "sounds": [{"d": 0.150001526, "p": 66, "v": 68}, {"d": 0.150001526, "p": 69, "v": 63}], "pos": -2.0, "size": 1.30000007, "_time": 109.835938}, {"$id": 392, "sounds": [{"d": 0.150001526, "p": 78, "v": 90}], "pos": 1.0, "size": 1.0, "_time": 109.835938}, {"$id": 393, "sounds": [{"d": 0.1499939, "p": 69, "v": 61}, {"d": 0.1499939, "p": 66, "v": 71}], "pos": -2.0, "size": 1.30000007, "_time": 110.285156}, {"$id": 394, "sounds": [{"d": 0.299995422, "p": 66, "v": 71}, {"d": 0.299995422, "p": 69, "v": 71}], "pos": -2.0, "size": 1.30000007, "_time": 110.585938}, {"$id": 395, "sounds": [{"d": 0.150001526, "p": 83, "v": 90}], "pos": 1.0, "size": 1.0, "_time": 110.886719}, {"$id": 396, "sounds": [{"d": 0.150001526, "p": 85, "v": 90}], "pos": 2.0, "size": 1.0, "_time": 111.035156}, {"$id": 397, "sounds": [{"d": 0.150001526, "p": 71, "v": 64}, {"d": 0.150001526, "p": 67, "v": 66}], "pos": -1.0, "size": 1.30000007, "_time": 111.035156}, {"$id": 398, "sounds": [{"d": 0.1499939, "p": 67, "v": 73}, {"d": 0.1499939, "p": 71, "v": 66}], "pos": -1.0, "size": 1.30000007, "_time": 111.484375}, {"$id": 399, "sounds": [{"d": 0.300003052, "p": 85, "v": 90}], "size": 1.0, "_time": 111.785156, "pos": 0}, {"$id": 400, "sounds": [{"d": 0.300003052, "p": 67, "v": 70}, {"d": 0.300003052, "p": 62, "v": 53}], "pos": -1.0, "size": 1.30000007, "_time": 111.785156}, {"$id": 401, "sounds": [{"d": 0.150001526, "p": 86, "v": 93}], "pos": 1.0, "size": 1.0, "_time": 112.085938}, {"$id": 402, "sounds": [{"d": 0.150001526, "p": 88, "v": 90}], "pos": 2.0, "size": 1.0, "_time": 112.234375}, {"$id": 403, "sounds": [{"d": 0.150001526, "p": 66, "v": 70}, {"d": 0.150001526, "p": 69, "v": 72}], "pos": -2.0, "size": 1.30000007, "_time": 112.234375}, {"$id": 404, "sounds": [{"d": 0.1499939, "p": 66, "v": 61}, {"d": 0.1499939, "p": 69, "v": 66}], "pos": -2.0, "size": 1.30000007, "_time": 112.6875}, {"$id": 405, "sounds": [{"d": 0.449996948, "p": 74, "v": 60}, {"d": 0.449996948, "p": 69, "v": 70}], "pos": -2.0, "size": 1.30000007, "_time": 112.984375}, {"$id": 406, "sounds": [{"d": 0.150001526, "p": 71, "v": 73}, {"d": 0.150001526, "p": 74, "v": 63}], "pos": -1.0, "size": 1.30000007, "_time": 113.4375}, {"$id": 407, "sounds": [{"d": 0.150001526, "p": 86, "v": 93}], "pos": 2.0, "size": 1.0, "_time": 113.4375}, {"$id": 408, "sounds": [{"d": 0.1499939, "p": 67, "v": 63}, {"d": 0.1499939, "p": 71, "v": 73}], "pos": -1.0, "size": 1.30000007, "_time": 113.886719}, {"$id": 409, "sounds": [{"d": 0.299995422, "p": 64, "v": 53}, {"d": 0.299995422, "p": 67, "v": 72}], "pos": -1.0, "size": 1.30000007, "_time": 114.1875}, {"$id": 410, "sounds": [{"d": 0.150001526, "p": 83, "v": 90}], "pos": 1.0, "size": 1.0, "_time": 114.484375}, {"$id": 411, "sounds": [{"d": 0.150001526, "p": 81, "v": 90}], "size": 1.0, "_time": 114.636719, "pos": 0}, {"$id": 412, "sounds": [{"d": 0.150001526, "p": 71, "v": 58}, {"d": 0.150001526, "p": 74, "v": 75}], "pos": -2.0, "size": 1.30000007, "_time": 114.636719}, {"$id": 413, "sounds": [{"d": 0.1499939, "p": 66, "v": 79}, {"d": 0.1499939, "p": 71, "v": 66}], "pos": -2.0, "size": 1.30000007, "_time": 115.085938}, {"$id": 414, "sounds": [{"d": 0.149986267, "p": 78, "v": 90}], "pos": -1.0, "size": 1.0, "_time": 115.234375}, {"$id": 415, "sounds": [{"d": 0.300003052, "p": 71, "v": 77}, {"d": 0.300003052, "p": 66, "v": 23}], "pos": -2.0, "size": 1.30000007, "_time": 115.386719}, {"$id": 416, "sounds": [{"d": 0.150001526, "p": 66, "v": 78}, {"d": 0.150001526, "p": 71, "v": 79}], "pos": -1.0, "size": 1.30000007, "_time": 115.835938}, {"$id": 417, "sounds": [{"d": 0.150001526, "p": 79, "v": 90}], "pos": 1.0, "size": 1.0, "_time": 115.835938}, {"$id": 418, "sounds": [{"d": 0.1499939, "p": 66, "v": 78}, {"d": 0.1499939, "p": 71, "v": 70}], "pos": -1.0, "size": 1.30000007, "_time": 116.285156}, {"$id": 419, "sounds": [{"d": 0.299995422, "p": 59, "v": 30}, {"d": 0.299995422, "p": 66, "v": 78}], "pos": -1.0, "size": 1.30000007, "_time": 116.585938}, {"$id": 420, "sounds": [{"d": 0.150001526, "p": 76, "v": 90}], "pos": 2.0, "size": 1.0, "_time": 116.886719}, {"$id": 421, "sounds": [{"d": 0.150001526, "p": 73, "v": 79}, {"d": 0.150001526, "p": 66, "v": 84}], "pos": -2.0, "size": 1.30000007, "_time": 117.035156}, {"$id": 422, "sounds": [{"d": 0.150001526, "p": 74, "v": 90}], "pos": 1.0, "size": 1.0, "_time": 117.035156}, {"$id": 423, "sounds": [{"d": 0.149971008, "p": 66, "v": 61}, {"d": 0.149971008, "p": 71, "v": 51}], "pos": -2.0, "size": 1.30000007, "_time": 117.484375}, {"$id": 424, "sounds": [{"d": 0.300003052, "p": 70, "v": 69}, {"d": 0.300003052, "p": 66, "v": 65}], "pos": -2.0, "size": 1.30000007, "_time": 117.785156}, {"$id": 425, "sounds": [{"d": 0.150001526, "p": 35, "v": 71}], "pos": 3.375, "size": 1.0, "_time": 118.234375}, {"$id": 426, "sounds": [{"d": 0.150001526, "p": 78, "v": 93}], "pos": 2.0, "size": 1.0, "_time": 118.234375}, {"$id": 427, "sounds": [{"d": 0.150001526, "p": 66, "v": 71}, {"d": 0.150001526, "p": 71, "v": 60}, {"d": 0.150001526, "p": 74, "v": 66}], "pos": -1.0, "size": 1.30000007, "_time": 118.234375}, {"$id": 428, "sounds": [{"d": 0.1499939, "p": 66, "v": 67}, {"d": 0.1499939, "p": 71, "v": 56}], "pos": -1.0, "size": 1.30000007, "_time": 118.6875}, {"$id": 429, "sounds": [{"d": 0.44997406, "p": 59, "v": 73}, {"d": 0.44997406, "p": 66, "v": 61}], "pos": -1.0, "size": 1.30000007, "_time": 118.835938}, {"$id": 430, "sounds": [{"d": 0.44997406, "p": 74, "v": 90}], "pos": 1.0, "size": 1.0, "_time": 118.835938}, {"$id": 431, "sounds": [{"d": 0.150001526, "p": 76, "v": 90}], "size": 1.0, "_time": 119.285156, "pos": 0}, {"$id": 432, "sounds": [{"d": 0.150001526, "p": 78, "v": 90}], "pos": 1.0, "size": 1.0, "_time": 119.4375}, {"$id": 433, "sounds": [{"d": 0.150001526, "p": 69, "v": 68}, {"d": 0.150001526, "p": 73, "v": 79}], "pos": -2.0, "size": 1.30000007, "_time": 119.4375}, {"$id": 434, "sounds": [{"d": 0.1499939, "p": 66, "v": 59}, {"d": 0.1499939, "p": 69, "v": 66}], "pos": -2.0, "size": 1.30000007, "_time": 119.886719}, {"$id": 435, "sounds": [{"d": 0.299995422, "p": 69, "v": 73}, {"d": 0.299995422, "p": 66, "v": 54}], "pos": -2.0, "size": 1.30000007, "_time": 120.1875}, {"$id": 436, "sounds": [{"d": 0.150001526, "p": 83, "v": 90}], "pos": 1.0, "size": 1.0, "_time": 120.484375}, {"$id": 437, "sounds": [{"d": 0.150001526, "p": 85, "v": 90}], "pos": 2.0, "size": 1.0, "_time": 120.636719}, {"$id": 438, "sounds": [{"d": 0.150001526, "p": 71, "v": 75}, {"d": 0.150001526, "p": 67, "v": 68}], "pos": -1.0, "size": 1.30000007, "_time": 120.636719}, {"$id": 439, "sounds": [{"d": 0.1499939, "p": 67, "v": 67}, {"d": 0.1499939, "p": 71, "v": 68}], "pos": -1.0, "size": 1.30000007, "_time": 121.085938}, {"$id": 440, "sounds": [{"d": 0.2999878, "p": 67, "v": 20}, {"d": 0.2999878, "p": 71, "v": 71}], "pos": -1.0, "size": 1.30000007, "_time": 121.386719}, {"$id": 441, "sounds": [{"d": 0.150001526, "p": 83, "v": 90}], "pos": 1.0, "size": 1.0, "_time": 121.6875}, {"$id": 442, "sounds": [{"d": 0.150001526, "p": 64, "v": 68}, {"d": 0.150001526, "p": 69, "v": 73}], "pos": -2.0, "size": 1.30000007, "_time": 121.835938}, {"$id": 443, "sounds": [{"d": 0.150001526, "p": 81, "v": 90}], "size": 1.0, "_time": 121.835938, "pos": 0}, {"$id": 444, "sounds": [{"d": 0.1499939, "p": 64, "v": 66}, {"d": 0.1499939, "p": 69, "v": 70}], "pos": -2.0, "size": 1.30000007, "_time": 122.285156}, {"$id": 445, "sounds": [{"d": 0.299995422, "p": 67, "v": 62}, {"d": 0.299995422, "p": 61, "v": 49}], "pos": -2.0, "size": 1.30000007, "_time": 122.585938}, {"$id": 446, "sounds": [{"d": 0.150001526, "p": 74, "v": 89}], "pos": 1.0, "size": 1.0, "_time": 123.035156}, {"$id": 447, "sounds": [{"d": 0.150001526, "p": 71, "v": 80}, {"d": 0.150001526, "p": 67, "v": 60}], "pos": -1.0, "size": 1.30000007, "_time": 123.035156}, {"$id": 448, "sounds": [{"d": 0.1499939, "p": 71, "v": 78}, {"d": 0.1499939, "p": 62, "v": 74}], "pos": -1.0, "size": 1.30000007, "_time": 123.484375}, {"$id": 449, "sounds": [{"d": 0.300003052, "p": 62, "v": 48}, {"d": 0.300003052, "p": 67, "v": 69}], "pos": -1.0, "size": 1.30000007, "_time": 123.785156}, {"$id": 450, "sounds": [{"d": 0.150001526, "p": 73, "v": 89}], "size": 1.0, "_time": 124.085938, "pos": 0}, {"$id": 451, "sounds": [{"d": 0.150001526, "p": 74, "v": 89}], "pos": 1.0, "size": 1.0, "_time": 124.234375}, {"$id": 452, "sounds": [{"d": 0.150001526, "p": 71, "v": 79}, {"d": 0.150001526, "p": 67, "v": 80}], "pos": -2.0, "size": 1.30000007, "_time": 124.234375}, {"$id": 453, "sounds": [{"d": 0.1499939, "p": 67, "v": 69}, {"d": 0.1499939, "p": 71, "v": 67}], "pos": -2.0, "size": 1.30000007, "_time": 124.6875}, {"$id": 454, "sounds": [{"d": 0.300003052, "p": 74, "v": 89}, {"d": 0.300003052, "p": 67, "v": 73}], "pos": -2.0, "size": 1.30000007, "_time": 124.984375}, {"$id": 455, "sounds": [{"d": 0.150001526, "p": 71, "v": 69}, {"d": 0.150001526, "p": 76, "v": 90}], "pos": 1.0, "size": 1.0, "_time": 125.285156}, {"$id": 456, "sounds": [{"d": 0.5999985, "p": 83, "v": 90}, {"d": 0.5999985, "p": 90, "v": 90}], "pos": 2.0, "size": 1.0, "_time": 125.4375}, {"$id": 457, "sounds": [{"d": 0.5999985, "p": 66, "v": 81}, {"d": 0.5999985, "p": 73, "v": 81}, {"d": 0.5999985, "p": 64, "v": 70}], "pos": -1.0, "size": 1.30000007, "_time": 125.4375}, {"$id": 458, "sounds": [{"d": 0.599990845, "p": 59, "v": 78}, {"d": 0.599990845, "p": 64, "v": 73}, {"d": 0.599990845, "p": 66, "v": 76}], "pos": -2.0, "size": 1.30000007, "_time": 126.035156}, {"$id": 459, "sounds": [{"d": 0.599990845, "p": 78, "v": 90}, {"d": 0.599990845, "p": 73, "v": 73}, {"d": 0.599990845, "p": 71, "v": 70}], "pos": 1.0, "size": 1.0, "_time": 126.035156}, {"$id": 460, "sounds": [{"d": 0.300003052, "p": 70, "v": 80}, {"d": 0.300003052, "p": 66, "v": 67}, {"d": 0.300003052, "p": 64, "v": 76}, {"d": 0.300003052, "p": 73, "v": 79}], "pos": -2.0, "size": 1.30000007, "_time": 126.636719}, {"$id": 461, "sounds": [{"d": 0.300003052, "p": 82, "v": 90}], "pos": 2.0, "size": 1.0, "_time": 126.636719}, {"$id": 462, "sounds": [{"d": 0.299995422, "p": 64, "v": 61}, {"d": 0.299995422, "p": 66, "v": 73}, {"d": 0.299995422, "p": 70, "v": 67}], "pos": -1.0, "size": 1.30000007, "_time": 126.9375}, {"$id": 463, "sounds": [{"d": 0.299995422, "p": 78, "v": 90}], "pos": 1.0, "size": 1.0, "_time": 126.9375}, {"$id": 464, "sounds": [{"d": 0.1499939, "p": 70, "v": 45}, {"d": 0.1499939, "p": 66, "v": 51}, {"d": 0.1499939, "p": 61, "v": 59}], "pos": -2.0, "size": 1.30000007, "_time": 127.234375}, {"$id": 465, "sounds": [{"d": 0.1499939, "p": 82, "v": 90}, {"d": 0.1499939, "p": 90, "v": 90}], "pos": 2.0, "size": 1.0, "_time": 127.234375}, {"$id": 466, "sounds": [{"d": 0.150001526, "p": 35, "v": 71}], "pos": 3.375, "size": 1.0, "_time": 127.835938}, {"$id": 467, "sounds": [{"d": 0.150001526, "p": 78, "v": 90}], "pos": 2.0, "size": 1.0, "_time": 127.835938}, {"$id": 468, "sounds": [{"d": 0.150001526, "p": 74, "v": 78}, {"d": 0.150001526, "p": 66, "v": 72}, {"d": 0.150001526, "p": 62, "v": 72}], "pos": -1.0, "size": 1.30000007, "_time": 127.835938}, {"$id": 469, "sounds": [{"d": 0.150024414, "p": 62, "v": 69}, {"d": 0.150024414, "p": 66, "v": 75}], "pos": -1.0, "size": 1.30000007, "_time": 128.285156}, {"$id": 470, "sounds": [{"d": 0.150039673, "p": 74, "v": 91}], "pos": 1.0, "size": 1.0, "_time": 128.4375}, {"$id": 471, "sounds": [{"d": 0.3000183, "p": 66, "v": 65}, {"d": 0.3000183, "p": 71, "v": 73}], "pos": -1.0, "size": 1.30000007, "_time": 128.585938}, {"$id": 472, "sounds": [{"d": 0.1499939, "p": 74, "v": 42}, {"d": 0.1499939, "p": 76, "v": 90}], "size": 1.0, "_time": 128.886719, "pos": 0}, {"$id": 473, "sounds": [{"d": 0.1499939, "p": 73, "v": 72}, {"d": 0.1499939, "p": 78, "v": 90}], "pos": 1.0, "size": 1.0, "_time": 129.035156}, {"$id": 474, "sounds": [{"d": 0.1499939, "p": 69, "v": 73}, {"d": 0.1499939, "p": 66, "v": 70}], "pos": -2.0, "size": 1.30000007, "_time": 129.035156}, {"$id": 475, "sounds": [{"d": 0.150024414, "p": 66, "v": 61}, {"d": 0.150024414, "p": 69, "v": 63}], "pos": -2.0, "size": 1.30000007, "_time": 129.484375}, {"$id": 476, "sounds": [{"d": 0.300003052, "p": 69, "v": 71}, {"d": 0.300003052, "p": 66, "v": 72}], "pos": -2.0, "size": 1.30000007, "_time": 129.785156}, {"$id": 477, "sounds": [{"d": 0.1499939, "p": 83, "v": 90}], "pos": 1.0, "size": 1.0, "_time": 130.085938}, {"$id": 478, "sounds": [{"d": 0.1499939, "p": 85, "v": 90}], "pos": 2.0, "size": 1.0, "_time": 130.234375}, {"$id": 479, "sounds": [{"d": 0.1499939, "p": 71, "v": 80}, {"d": 0.1499939, "p": 67, "v": 75}], "pos": -1.0, "size": 1.30000007, "_time": 130.234375}, {"$id": 480, "sounds": [{"d": 0.150024414, "p": 71, "v": 76}, {"d": 0.150024414, "p": 67, "v": 73}, {"d": 0.150024414, "p": 62, "v": 67}], "pos": -1.0, "size": 1.30000007, "_time": 130.6875}, {"$id": 481, "sounds": [{"d": 0.300003052, "p": 85, "v": 90}], "size": 1.0, "_time": 130.984375, "pos": 0}, {"$id": 482, "sounds": [{"d": 0.300003052, "p": 67, "v": 80}], "pos": -1.0, "size": 1.30000007, "_time": 130.984375}, {"$id": 483, "sounds": [{"d": 0.1499939, "p": 86, "v": 93}, {"d": 0.1499939, "p": 71, "v": 63}], "pos": 1.0, "size": 1.0, "_time": 131.285156}, {"$id": 484, "sounds": [{"d": 0.1499939, "p": 64, "v": 59}, {"d": 0.1499939, "p": 66, "v": 69}], "pos": -2.0, "size": 1.30000007, "_time": 131.4375}, {"$id": 485, "sounds": [{"d": 0.1499939, "p": 69, "v": 81}, {"d": 0.1499939, "p": 88, "v": 90}], "pos": 2.0, "size": 1.0, "_time": 131.4375}, {"$id": 486, "sounds": [{"d": 0.150024414, "p": 66, "v": 76}, {"d": 0.150024414, "p": 69, "v": 81}], "pos": -2.0, "size": 1.30000007, "_time": 131.886719}, {"$id": 487, "sounds": [{"d": 0.449996948, "p": 66, "v": 71}, {"d": 0.449996948, "p": 74, "v": 78}, {"d": 0.449996948, "p": 69, "v": 70}], "pos": -2.0, "size": 1.30000007, "_time": 132.1875}, {"$id": 488, "sounds": [{"d": 0.1499939, "p": 71, "v": 72}, {"d": 0.1499939, "p": 67, "v": 74}, {"d": 0.1499939, "p": 74, "v": 74}], "pos": -1.0, "size": 1.30000007, "_time": 132.636719}, {"$id": 489, "sounds": [{"d": 0.1499939, "p": 86, "v": 93}], "pos": 1.0, "size": 1.0, "_time": 132.636719}, {"$id": 490, "sounds": [{"d": 0.150024414, "p": 67, "v": 57}, {"d": 0.150024414, "p": 71, "v": 66}, {"d": 0.150024414, "p": 74, "v": 69}], "pos": -1.0, "size": 1.30000007, "_time": 133.085938}, {"$id": 491, "sounds": [{"d": 0.300003052, "p": 61, "v": 28}, {"d": 0.300003052, "p": 64, "v": 53}, {"d": 0.300003052, "p": 67, "v": 72}], "pos": -1.0, "size": 1.30000007, "_time": 133.386719}, {"$id": 492, "sounds": [{"d": 0.1499939, "p": 83, "v": 90}, {"d": 0.1499939, "p": 76, "v": 76}], "pos": 1.0, "size": 1.0, "_time": 133.6875}, {"$id": 493, "sounds": [{"d": 0.1499939, "p": 66, "v": 70}, {"d": 0.1499939, "p": 71, "v": 58}], "pos": -2.0, "size": 1.30000007, "_time": 133.835938}, {"$id": 494, "sounds": [{"d": 0.1499939, "p": 81, "v": 90}, {"d": 0.1499939, "p": 74, "v": 75}], "size": 1.0, "_time": 133.835938, "pos": 0}, {"$id": 495, "sounds": [{"d": 0.150024414, "p": 66, "v": 73}, {"d": 0.150024414, "p": 71, "v": 66}, {"d": 0.150024414, "p": 74, "v": 79}], "pos": -2.0, "size": 1.30000007, "_time": 134.285156}, {"$id": 496, "sounds": [{"d": 0.150054932, "p": 78, "v": 90}], "pos": -1.0, "size": 1.0, "_time": 134.4375}, {"$id": 497, "sounds": [{"d": 0.300003052, "p": 66, "v": 23}, {"d": 0.300003052, "p": 71, "v": 71}], "pos": -2.0, "size": 1.30000007, "_time": 134.585938}, {"$id": 498, "sounds": [{"d": 0.1499939, "p": 79, "v": 90}], "pos": 1.0, "size": 1.0, "_time": 135.035156}, {"$id": 499, "sounds": [{"d": 0.1499939, "p": 73, "v": 72}, {"d": 0.1499939, "p": 71, "v": 77}, {"d": 0.1499939, "p": 66, "v": 78}], "pos": -1.0, "size": 1.30000007, "_time": 135.035156}, {"$id": 500, "sounds": [{"d": 0.150024414, "p": 66, "v": 67}, {"d": 0.150024414, "p": 71, "v": 66}, {"d": 0.150024414, "p": 73, "v": 73}], "pos": -1.0, "size": 1.30000007, "_time": 135.488281}, {"$id": 501, "sounds": [{"d": 0.3000183, "p": 66, "v": 78}], "pos": -1.0, "size": 1.30000007, "_time": 135.785156}, {"$id": 502, "sounds": [{"d": 0.1499939, "p": 76, "v": 89}], "pos": 2.0, "size": 1.0, "_time": 136.085938}, {"$id": 503, "sounds": [{"d": 0.1499939, "p": 66, "v": 72}, {"d": 0.1499939, "p": 73, "v": 74}], "pos": -2.0, "size": 1.30000007, "_time": 136.238281}, {"$id": 504, "sounds": [{"d": 0.1499939, "p": 74, "v": 89}], "pos": 1.0, "size": 1.0, "_time": 136.238281}, {"$id": 505, "sounds": [{"d": 0.150100708, "p": 71, "v": 51}, {"d": 0.150100708, "p": 66, "v": 61}], "pos": -2.0, "size": 1.30000007, "_time": 136.6875}, {"$id": 506, "sounds": [{"d": 0.449996948, "p": 78, "v": 82}], "size": 1.0, "_time": 136.988281, "pos": 0}, {"$id": 507, "sounds": [{"d": 0.449996948, "p": 70, "v": 73}, {"d": 0.449996948, "p": 73, "v": 87}, {"d": 0.449996948, "p": 66, "v": 65}], "pos": -2.0, "size": 1.30000007, "_time": 136.988281}, {"$id": 508, "sounds": [{"d": 0.1499939, "p": 83, "v": 85}], "pos": 1.0, "size": 1.0, "_time": 137.4375}, {"$id": 509, "sounds": [{"d": 0.1499939, "p": 74, "v": 65}], "pos": -2.0, "size": 1.0, "_time": 137.886719}, {"$id": 510, "sounds": [{"d": 0.150024414, "p": 74, "v": 79}], "pos": -2.0, "size": 1.0, "_time": 138.035156}, {"$id": 511, "sounds": [{"d": 0.300033569, "p": 78, "v": 86}], "size": 1.0, "_time": 138.1875, "pos": 0}, {"$id": 512, "sounds": [{"d": 0.1499939, "p": 86, "v": 91}], "pos": 2.0, "size": 1.0, "_time": 138.488281}, {"$id": 513, "sounds": [{"d": 0.1499939, "p": 85, "v": 87}], "pos": 1.0, "size": 1.0, "_time": 138.636719}, {"$id": 514, "sounds": [{"d": 0.1499939, "p": 78, "v": 75}], "pos": -1.0, "size": 1.30000007, "_time": 138.636719}, {"$id": 515, "sounds": [{"d": 0.150024414, "p": 81, "v": 86}], "pos": 1.0, "size": 1.0, "_time": 139.085938}, {"$id": 516, "sounds": [{"d": 0.150024414, "p": 78, "v": 58}], "pos": -1.0, "size": 1.30000007, "_time": 139.085938}, {"$id": 517, "sounds": [{"d": 0.300048828, "p": 83, "v": 84}], "size": 1.0, "_time": 139.386719, "pos": 0}, {"$id": 518, "sounds": [{"d": 0.300048828, "p": 73, "v": 47}], "pos": -2.0, "size": 1.30000007, "_time": 139.386719}, {"$id": 519, "sounds": [{"d": 0.1499939, "p": 85, "v": 89}], "pos": 1.0, "size": 1.0, "_time": 139.6875}, {"$id": 520, "sounds": [{"d": 0.1499939, "p": 78, "v": 76}, {"d": 0.1499939, "p": 74, "v": 78}], "pos": -1.0, "size": 1.30000007, "_time": 139.835938}, {"$id": 521, "sounds": [{"d": 0.1499939, "p": 85, "v": 90}], "pos": 1.0, "size": 1.0, "_time": 139.835938}, {"$id": 522, "sounds": [{"d": 0.1499939, "p": 83, "v": 89}], "size": 1.0, "_time": 140.285156, "pos": 0}, {"$id": 523, "sounds": [{"d": 0.1499939, "p": 74, "v": 70}, {"d": 0.1499939, "p": 78, "v": 66}], "pos": -2.0, "size": 1.30000007, "_time": 140.285156}, {"$id": 524, "sounds": [{"d": 0.300048828, "p": 88, "v": 91}], "pos": 1.0, "size": 1.0, "_time": 140.585938}, {"$id": 525, "sounds": [{"d": 0.300048828, "p": 76, "v": 68}, {"d": 0.300048828, "p": 78, "v": 55}, {"d": 0.300048828, "p": 83, "v": 67}], "pos": -1.0, "size": 1.30000007, "_time": 140.585938}, {"$id": 526, "sounds": [{"d": 0.1499939, "p": 88, "v": 90}], "pos": 1.0, "size": 1.0, "_time": 141.035156}, {"$id": 527, "sounds": [{"d": 0.1499939, "p": 78, "v": 81}, {"d": 0.1499939, "p": 81, "v": 81}], "pos": -1.0, "size": 1.30000007, "_time": 141.035156}, {"$id": 528, "sounds": [{"d": 0.1499939, "p": 86, "v": 94}], "size": 1.0, "_time": 141.488281, "pos": 0}, {"$id": 529, "sounds": [{"d": 0.1499939, "p": 78, "v": 71}, {"d": 0.1499939, "p": 81, "v": 71}], "pos": -2.0, "size": 1.30000007, "_time": 141.488281}, {"$id": 530, "sounds": [{"d": 0.300033569, "p": 93, "v": 93}], "pos": 2.0, "size": 1.0, "_time": 141.785156}, {"$id": 531, "sounds": [{"d": 0.300033569, "p": 86, "v": 70}, {"d": 0.300033569, "p": 81, "v": 72}], "pos": -1.0, "size": 1.30000007, "_time": 141.785156}, {"$id": 532, "sounds": [{"d": 0.1499939, "p": 93, "v": 94}], "pos": 2.0, "size": 1.0, "_time": 142.238281}, {"$id": 533, "sounds": [{"d": 0.1499939, "p": 86, "v": 79}, {"d": 0.1499939, "p": 83, "v": 74}], "size": 1.30000007, "_time": 142.238281, "pos": 0}, {"$id": 534, "sounds": [{"d": 0.1499939, "p": 91, "v": 92}], "pos": 1.0, "size": 1.0, "_time": 142.6875}, {"$id": 535, "sounds": [{"d": 0.1499939, "p": 83, "v": 67}, {"d": 0.1499939, "p": 86, "v": 76}], "pos": -1.0, "size": 1.30000007, "_time": 142.6875}, {"$id": 536, "sounds": [{"d": 0.3000641, "p": 86, "v": 87}], "size": 1.0, "_time": 142.988281, "pos": 0}, {"$id": 537, "sounds": [{"d": 0.3000641, "p": 83, "v": 69}], "pos": -2.0, "size": 1.30000007, "_time": 142.988281}, {"$id": 538, "sounds": [{"d": 0.1499939, "p": 91, "v": 90}], "pos": 1.0, "size": 1.0, "_time": 143.285156}, {"$id": 539, "sounds": [{"d": 0.1499939, "p": 86, "v": 78}, {"d": 0.1499939, "p": 81, "v": 78}], "pos": -1.0, "size": 1.30000007, "_time": 143.4375}, {"$id": 540, "sounds": [{"d": 0.1499939, "p": 91, "v": 94}], "pos": 1.0, "size": 1.0, "_time": 143.4375}, {"$id": 541, "sounds": [{"d": 0.1499939, "p": 90, "v": 88}], "pos": 1.0, "size": 1.0, "_time": 143.886719}, {"$id": 542, "sounds": [{"d": 0.1499939, "p": 81, "v": 64}, {"d": 0.1499939, "p": 86, "v": 76}], "pos": -1.0, "size": 1.30000007, "_time": 143.886719}, {"$id": 543, "sounds": [{"d": 0.300048828, "p": 86, "v": 87}], "size": 1.0, "_time": 144.1875, "pos": 0}, {"$id": 544, "sounds": [{"d": 0.300048828, "p": 81, "v": 78}], "pos": -2.0, "size": 1.30000007, "_time": 144.1875}, {"$id": 545, "sounds": [{"d": 0.1499939, "p": 90, "v": 87}], "pos": 2.0, "size": 1.0, "_time": 144.488281}, {"$id": 546, "sounds": [{"d": 0.1499939, "p": 90, "v": 91}], "pos": 2.0, "size": 1.0, "_time": 144.636719}, {"$id": 547, "sounds": [{"d": 0.300003052, "p": 88, "v": 85}], "size": 1.0, "_time": 144.785156, "pos": 0}, {"$id": 548, "sounds": [{"d": 0.300003052, "p": 85, "v": 62}, {"d": 0.300003052, "p": 83, "v": 57}, {"d": 0.300003052, "p": 81, "v": 54}], "pos": -2.0, "size": 1.0, "_time": 144.785156}, {"$id": 549, "sounds": [{"d": 0.1499939, "p": 83, "v": 68}, {"d": 0.1499939, "p": 85, "v": 78}], "pos": -2.0, "size": 1.0, "_time": 145.085938}, {"$id": 550, "sounds": [{"d": 0.1499939, "p": 88, "v": 85}], "size": 1.0, "_time": 145.085938, "pos": 0}, {"$id": 551, "sounds": [{"d": 0.300048828, "p": 83, "v": 88}], "pos": -1.0, "size": 1.0, "_time": 145.386719}, {"$id": 552, "sounds": [{"d": 0.1499939, "p": 88, "v": 87}], "size": 1.0, "_time": 145.6875, "pos": 0}, {"$id": 553, "sounds": [{"d": 0.150054932, "p": 78, "v": 67}, {"d": 0.150054932, "p": 83, "v": 70}], "pos": -1.0, "size": 1.30000007, "_time": 145.835938}, {"$id": 554, "sounds": [{"d": 0.150054932, "p": 85, "v": 87}], "pos": 1.0, "size": 1.0, "_time": 145.835938}, {"$id": 555, "sounds": [{"d": 0.1499939, "p": 82, "v": 58}], "size": 1.0, "_time": 146.4375, "pos": 0}, {"$id": 556, "sounds": [{"d": 0.1499939, "p": 78, "v": 55}], "pos": -2.0, "size": 1.30000007, "_time": 146.4375}, {"$id": 557, "sounds": [{"d": 0.300003052, "p": 66, "v": 71}], "pos": -1.0, "size": 1.0, "_time": 147.1875}, {"$id": 558, "sounds": [{"d": 0.1499939, "p": 71, "v": 73}], "pos": -2.0, "size": 1.0, "_time": 147.488281}, {"$id": 559, "sounds": [{"d": 0.1499939, "p": 74, "v": 73}], "pos": -1.0, "size": 1.0, "_time": 147.636719}, {"$id": 560, "sounds": [{"d": 0.300003052, "p": 76, "v": 74}], "size": 1.0, "_time": 147.785156, "pos": 0}, {"$id": 561, "sounds": [{"d": 0.1499939, "p": 78, "v": 75}], "pos": 1.0, "size": 1.0, "_time": 148.085938}, {"$id": 562, "sounds": [{"d": 0.1499939, "p": 81, "v": 80}], "pos": 2.0, "size": 1.0, "_time": 148.238281}, {"$id": 563, "sounds": [{"d": 0.300003052, "p": 69, "v": 58}], "pos": -2.0, "size": 1.0, "_time": 148.386719}, {"$id": 564, "sounds": [{"d": 0.1499939, "p": 78, "v": 79}], "pos": 1.0, "size": 1.0, "_time": 148.6875}, {"$id": 565, "sounds": [{"d": 0.1499939, "p": 76, "v": 78}], "size": 1.0, "_time": 148.835938, "pos": 0}, {"$id": 566, "sounds": [{"d": 0.300003052, "p": 73, "v": 75}], "pos": -1.0, "size": 1.0, "_time": 148.988281}, {"$id": 567, "sounds": [{"d": 0.1499939, "p": 74, "v": 75}], "size": 1.0, "_time": 149.285156, "pos": 0}, {"$id": 568, "sounds": [{"d": 0.1499939, "p": 71, "v": 69}], "pos": -2.0, "size": 1.0, "_time": 149.4375}, {"$id": 569, "sounds": [{"d": 0.300003052, "p": 79, "v": 75}], "pos": 1.0, "size": 1.0, "_time": 149.585938}, {"$id": 570, "sounds": [{"d": 0.1499939, "p": 83, "v": 76}], "size": 1.0, "_time": 149.886719, "pos": 0}, {"$id": 571, "sounds": [{"d": 0.1499939, "p": 91, "v": 80}], "pos": 2.0, "size": 1.0, "_time": 150.035156}, {"$id": 572, "sounds": [{"d": 0.300003052, "p": 88, "v": 73}], "pos": 1.0, "size": 1.0, "_time": 150.1875}, {"$id": 573, "sounds": [{"d": 0.1499939, "p": 85, "v": 71}], "pos": 1.0, "size": 1.0, "_time": 150.488281}, {"$id": 574, "sounds": [{"d": 0.1499939, "p": 83, "v": 72}], "size": 1.0, "_time": 150.636719, "pos": 0}, {"$id": 575, "sounds": [{"d": 0.300003052, "p": 76, "v": 60}], "pos": -1.0, "size": 1.0, "_time": 150.785156}, {"$id": 576, "sounds": [{"d": 0.1499939, "p": 81, "v": 70}], "size": 1.0, "_time": 151.085938, "pos": 0}, {"$id": 577, "sounds": [{"d": 0.150009155, "p": 78, "v": 71}], "pos": -1.0, "size": 1.0, "_time": 151.238281}, {"$id": 578, "sounds": [{"d": 0.300003052, "p": 74, "v": 66}], "pos": -2.0, "size": 1.0, "_time": 151.386719}, {"$id": 579, "sounds": [{"d": 0.1499939, "p": 69, "v": 63}], "size": 1.0, "_time": 151.6875, "pos": 0}, {"$id": 580, "sounds": [{"d": 0.1499939, "p": 71, "v": 65}], "pos": 1.0, "size": 1.0, "_time": 151.835938}, {"$id": 581, "sounds": [{"d": 0.300003052, "p": 66, "v": 66}], "pos": -1.0, "size": 1.0, "_time": 151.988281}, {"$id": 582, "sounds": [{"d": 0.1499939, "p": 59, "v": 62}], "pos": -2.0, "size": 1.0, "_time": 152.285156}, {"$id": 583, "sounds": [{"d": 0.1499939, "p": 62, "v": 64}], "pos": -1.0, "size": 1.0, "_time": 152.4375}, {"$id": 584, "sounds": [{"d": 0.375, "p": 69, "v": 67}], "size": 1.0, "_time": 152.585938, "pos": 0}, {"$id": 585, "sounds": [{"d": 0.375, "p": 78, "v": 69}], "pos": 2.0, "size": 1.0, "_time": 152.960938}, {"$id": 586, "sounds": [{"d": 0.300003052, "p": 76, "v": 65}], "pos": 1.0, "size": 1.0, "_time": 153.335938}, {"$id": 587, "sounds": [{"d": 0.300003052, "p": 69, "v": 62}], "size": 1.0, "_time": 153.636719, "pos": 0}, {"$id": 588, "sounds": [{"d": 0.300003052, "p": 67, "v": 60}], "pos": -1.0, "size": 1.0, "_time": 153.9375}, {"$id": 589, "sounds": [{"d": 0.4125061, "p": 64, "v": 57}], "pos": 1.0, "size": 1.0, "_time": 154.238281}, {"$id": 590, "sounds": [{"d": 0.4125061, "p": 33, "v": 54}], "pos": 3.125, "size": 1.0, "_time": 154.238281}, {"$id": 591, "sounds": [{"d": 0.5, "p": 57, "v": 60}], "size": 1.0, "_time": 154.648438, "pos": 0}, {"$id": 592, "sounds": [{"d": 0.8812561, "p": 55, "v": 59}], "pos": -1.0, "size": 1.0, "_time": 155.148438}, {"$id": 593, "sounds": [{"d": 0.0250091553, "p": 50, "v": 50}], "pos": 1.0, "size": 1.0, "_time": 156.03125}, {"$id": 594, "sounds": [{"d": 0.0375061035, "p": 38, "v": 59}], "pos": -2.0, "size": 1.30000007, "_time": 156.035156}, {"$id": 595, "sounds": [{"d": 0.34375, "p": 52, "v": 45}], "pos": 1.5, "size": 1.0, "_time": 156.054688}, {"$id": 596, "sounds": [{"d": 0.324996948, "p": 54, "v": 60}], "pos": 2.0, "size": 1.0, "_time": 156.074219}, {"$id": 597, "sounds": [{"d": 0.356246948, "p": 45, "v": 60}], "pos": -1.0, "size": 1.30000007, "_time": 156.398438}, {"$id": 598, "sounds": [{"d": 0.418746948, "p": 52, "v": 53}], "size": 1.30000007, "_time": 156.7539, "pos": 0}, {"$id": 599, "sounds": [{"d": 0.4375, "p": 54, "v": 51}], "pos": 1.0, "size": 1.30000007, "_time": 157.175781}, {"$id": 600, "sounds": [{"d": 0.4624939, "p": 57, "v": 55}], "pos": -1.0, "size": 1.30000007, "_time": 157.613281}, {"$id": 601, "sounds": [{"d": 0.543746948, "p": 62, "v": 58}], "size": 1.30000007, "_time": 158.074219, "pos": 0}, {"$id": 602, "sounds": [{"d": 0.5874939, "p": 64, "v": 63}], "pos": 1.0, "size": 1.30000007, "_time": 158.617188}, {"$id": 603, "sounds": [{"d": 0.762496948, "p": 66, "v": 50}], "pos": 2.0, "size": 1.30000007, "_time": 159.207031}, {"$id": 604, "sounds": [{"d": 1.1499939, "p": 69, "v": 44}], "pos": 2.0, "size": 1.30000007, "_time": 159.96875}, {"$id": 605, "sounds": [{"d": 1.2124939, "p": 26, "v": 53}], "pos": -2.0, "size": 1.30000007, "_time": 159.96875}], "links": [{"notes": [{"$ref": 593}, {"$ref": 595}, {"$ref": 596}]}, {"notes": [{"$ref": 380}, {"$ref": 381}]}, {"notes": [{"$ref": 229}, {"$ref": 231}, {"$ref": 232}, {"$ref": 233}, {"$ref": 234}, {"$ref": 235}, {"$ref": 236}]}]}