{"speed": 6.0, "notes": [{"$id": 1, "type": 0, "sounds": [{"w": 0.0, "d": 3.0, "p": 81, "v": 70}], "pos": 1.0, "size": 1.2, "_time": 0.5625, "shift": 0.0, "time": 0.5625}, {"$id": 2, "type": 0, "sounds": [{"w": 0.0, "d": 0.1875, "p": 50, "v": 73}], "pos": -2.0, "size": 1.2, "_time": 0.5625, "shift": 0.0, "time": 0.5625}, {"$id": 3, "type": 0, "sounds": [{"w": 0.0, "d": 0.1875, "p": 57, "v": 57}], "pos": -1.06944442, "size": 0.799999952, "_time": 0.75, "shift": 0.0, "time": 0.75}, {"$id": 4, "type": 0, "sounds": [{"w": 0.0, "d": 0.1875, "p": 62, "v": 62}], "pos": -0.138888225, "size": 0.9, "_time": 0.9375, "shift": 0.0, "time": 0.9375}, {"$id": 5, "type": 0, "sounds": [{"w": 0.0, "d": 0.1875, "p": 64, "v": 60}], "pos": 0.361111164, "size": 1.0, "_time": 1.125, "shift": 0.0, "time": 1.125}, {"$id": 6, "type": 0, "sounds": [{"w": 0.0, "d": 0.1875, "p": 65, "v": 65}], "pos": 0.5555556, "size": 1.1, "_time": 1.3125, "shift": 0.0, "time": 1.3125}, {"$id": 7, "type": 0, "sounds": [{"w": 0.0, "d": 0.1875, "p": 64, "v": 64}], "pos": 0.361111164, "size": 1.0, "_time": 1.5, "shift": 0.0, "time": 1.5}, {"$id": 8, "type": 0, "sounds": [{"w": 0.0, "d": 0.1875, "p": 62, "v": 60}], "pos": -0.138888225, "size": 0.9, "_time": 1.6875, "shift": 0.0, "time": 1.6875}, {"$id": 9, "type": 0, "sounds": [{"w": 0.0, "d": 0.1875, "p": 57, "v": 68}], "pos": -1.06944442, "size": 0.799999952, "_time": 1.875, "shift": 0.0, "time": 1.875}, {"$id": 10, "type": 0, "sounds": [{"w": 0.0, "d": 0.1875, "p": 50, "v": 73}], "pos": -2.0, "size": 1.2, "_time": 2.0625, "shift": 0.0, "time": 2.0625}, {"$id": 11, "type": 0, "sounds": [{"w": 0.0, "d": 0.1875, "p": 57, "v": 57}], "pos": -1.06944442, "size": 0.799999952, "_time": 2.25, "shift": 0.0, "time": 2.25}, {"$id": 12, "type": 0, "sounds": [{"w": 0.0, "d": 0.1875, "p": 62, "v": 62}], "pos": -0.138888225, "size": 0.9, "_time": 2.4375, "shift": 0.0, "time": 2.4375}, {"$id": 13, "type": 0, "sounds": [{"w": 0.0, "d": 0.1875, "p": 64, "v": 60}], "pos": 0.361111164, "size": 1.0, "_time": 2.625, "shift": 0.0, "time": 2.625}, {"$id": 14, "type": 0, "sounds": [{"w": 0.0, "d": 0.1875, "p": 65, "v": 65}], "pos": 0.5555556, "size": 1.1, "_time": 2.8125, "shift": 0.0, "time": 2.8125}, {"$id": 15, "type": 0, "sounds": [{"w": 0.0, "d": 0.1875, "p": 64, "v": 64}], "pos": 0.361111164, "size": 1.0, "_time": 3.0, "shift": 0.0, "time": 3.0}, {"$id": 16, "type": 0, "sounds": [{"w": 0.0, "d": 0.1875, "p": 62, "v": 60}], "pos": -0.138888225, "size": 0.9, "_time": 3.1875, "shift": 0.0, "time": 3.1875}, {"$id": 17, "type": 0, "sounds": [{"w": 0.0, "d": 0.1875, "p": 57, "v": 68}], "pos": -1.06944442, "size": 0.799999952, "_time": 3.375, "shift": 0.0, "time": 3.375}, {"$id": 18, "type": 0, "sounds": [{"w": 0.0, "d": 0.1875, "p": 50, "v": 73}], "pos": -2.0, "size": 1.2, "_time": 3.5625, "shift": 0.0, "time": 3.5625}, {"$id": 19, "type": 0, "sounds": [{"w": 0.0, "d": 0.1875, "p": 57, "v": 57}], "pos": -1.06944442, "size": 0.799999952, "_time": 3.75, "shift": 0.0, "time": 3.75}, {"$id": 20, "type": 0, "sounds": [{"w": 0.0, "d": 0.1875, "p": 62, "v": 62}], "pos": -0.138888225, "size": 0.9, "_time": 3.9375, "shift": 0.0, "time": 3.9375}, {"$id": 21, "type": 0, "sounds": [{"w": 0.0, "d": 0.1875, "p": 64, "v": 60}], "pos": 0.361111164, "size": 1.0, "_time": 4.125, "shift": 0.0, "time": 4.125}, {"$id": 22, "type": 0, "sounds": [{"w": 0.0, "d": 0.1875, "p": 65, "v": 65}], "pos": 0.555554867, "size": 1.1, "_time": 4.3125, "shift": 0.0, "time": 4.3125}, {"$id": 23, "type": 0, "sounds": [{"w": 0.0, "d": 0.1875, "p": 64, "v": 64}], "pos": 0.361111164, "size": 1.0, "_time": 4.5, "shift": 0.0, "time": 4.5}, {"$id": 24, "type": 0, "sounds": [{"w": 0.0, "d": 0.1875, "p": 62, "v": 60}], "pos": -0.138888225, "size": 0.9, "_time": 4.6875, "shift": 0.0, "time": 4.6875}, {"$id": 25, "type": 0, "sounds": [{"w": 0.0, "d": 0.1875, "p": 57, "v": 68}], "pos": -1.06944442, "size": 0.799999952, "_time": 4.875, "shift": 0.0, "time": 4.875}, {"$id": 26, "type": 0, "sounds": [{"w": 0.0, "d": 0.5625, "p": 77, "v": 70}], "pos": -2.0, "size": 1.2, "_time": 5.0625, "shift": 0.0, "time": 5.0625}, {"$id": 27, "type": 0, "sounds": [{"w": 0.0, "d": 0.1875, "p": 62, "v": 62}], "pos": -0.5, "size": 1.0, "_time": 5.4375, "shift": 0.0, "time": 5.4375}, {"$id": 28, "type": 0, "sounds": [{"w": 0.0, "d": 0.5625, "p": 79, "v": 70}], "pos": 1.68055582, "size": 1.2, "_time": 5.625, "shift": 0.0, "time": 5.625}, {"$id": 29, "type": 0, "sounds": [{"w": 0.0, "d": 0.375, "p": 77, "v": 70}], "pos": -0.0138878822, "size": 1.2, "_time": 6.1875, "shift": 0.0, "time": 6.1875}, {"$id": 30, "type": 0, "sounds": [{"w": 0.0, "d": 3.0, "p": 76, "v": 70}], "pos": -1.11111116, "size": 1.2, "_time": 6.5625, "shift": 0.0, "time": 6.5625}, {"$id": 31, "type": 0, "sounds": [{"w": 0.0, "d": 0.1875, "p": 50, "v": 73}], "pos": 1.5, "size": 1.0, "_time": 6.5625, "shift": 0.0, "time": 6.5625}, {"$id": 32, "type": 0, "sounds": [{"w": 0.0, "d": 0.1875, "p": 57, "v": 57}], "pos": -0.6249992, "size": 0.799999952, "_time": 6.75, "shift": 0.0, "time": 6.75}, {"$id": 33, "type": 0, "sounds": [{"w": 0.0, "d": 0.1875, "p": 62, "v": 62}], "pos": 0.222221762, "size": 0.9, "_time": 6.9375, "shift": 0.0, "time": 6.9375}, {"$id": 34, "type": 0, "sounds": [{"w": 0.0, "d": 0.1875, "p": 64, "v": 60}], "pos": 0.7500006, "size": 1.0, "_time": 7.125, "shift": 0.0, "time": 7.125}, {"$id": 35, "type": 0, "sounds": [{"w": 0.0, "d": 0.1875, "p": 65, "v": 65}], "pos": 0.9166667, "size": 1.1, "_time": 7.3125, "shift": 0.0, "time": 7.3125}, {"$id": 36, "type": 0, "sounds": [{"w": 0.0, "d": 0.1875, "p": 64, "v": 64}], "pos": 0.7500006, "size": 1.0, "_time": 7.5, "shift": 0.0, "time": 7.5}, {"$id": 37, "type": 0, "sounds": [{"w": 0.0, "d": 0.1875, "p": 62, "v": 60}], "pos": 0.222221762, "size": 0.9, "_time": 7.6875, "shift": 0.0, "time": 7.6875}, {"$id": 38, "type": 0, "sounds": [{"w": 0.0, "d": 0.1875, "p": 57, "v": 68}], "pos": -0.708333433, "size": 0.799999952, "_time": 7.875, "shift": 0.0, "time": 7.875}, {"$id": 39, "type": 0, "sounds": [{"w": 0.0, "d": 0.1875, "p": 50, "v": 73}], "pos": -2.0, "size": 1.2, "_time": 8.0625, "shift": 0.0, "time": 8.0625}, {"$id": 40, "type": 0, "sounds": [{"w": 0.0, "d": 0.1875, "p": 57, "v": 57}], "pos": -1.12500012, "size": 0.799999952, "_time": 8.25, "shift": 0.0, "time": 8.25}, {"$id": 41, "type": 0, "sounds": [{"w": 0.0, "d": 0.1875, "p": 62, "v": 62}], "pos": -0.194444925, "size": 0.9, "_time": 8.4375, "shift": 0.0, "time": 8.4375}, {"$id": 42, "type": 0, "sounds": [{"w": 0.0, "d": 0.1875, "p": 64, "v": 60}], "pos": 0.3333339, "size": 1.0, "_time": 8.625, "shift": 0.0, "time": 8.625}, {"$id": 43, "type": 0, "sounds": [{"w": 0.0, "d": 0.1875, "p": 65, "v": 65}], "pos": 0.5, "size": 1.1, "_time": 8.8125, "shift": 0.0, "time": 8.8125}, {"$id": 44, "type": 0, "sounds": [{"w": 0.0, "d": 0.1875, "p": 64, "v": 64}], "pos": 0.3333339, "size": 1.0, "_time": 9.0, "shift": 0.0, "time": 9.0}, {"$id": 45, "type": 0, "sounds": [{"w": 0.0, "d": 0.1875, "p": 62, "v": 60}], "pos": -0.194444925, "size": 0.9, "_time": 9.1875, "shift": 0.0, "time": 9.1875}, {"$id": 46, "type": 0, "sounds": [{"w": 0.0, "d": 0.1875, "p": 57, "v": 68}], "pos": -1.12500012, "size": 0.799999952, "_time": 9.375, "shift": 0.0, "time": 9.375}, {"$id": 47, "type": 0, "sounds": [{"w": 0.0, "d": 0.1875, "p": 50, "v": 73}], "pos": -2.0, "size": 1.2, "_time": 9.5625, "shift": 0.0, "time": 9.5625}, {"$id": 48, "type": 0, "sounds": [{"w": 0.0, "d": 0.1875, "p": 57, "v": 57}], "pos": -1.12500012, "size": 0.799999952, "_time": 9.75, "shift": 0.0, "time": 9.75}, {"$id": 49, "type": 0, "sounds": [{"w": 0.0, "d": 0.1875, "p": 62, "v": 62}], "pos": -0.194444925, "size": 0.9, "_time": 9.9375, "shift": 0.0, "time": 9.9375}, {"$id": 50, "type": 0, "sounds": [{"w": 0.0, "d": 0.1875, "p": 64, "v": 60}], "pos": 0.3333339, "size": 1.0, "_time": 10.125, "shift": 0.0, "time": 10.125}, {"$id": 51, "type": 0, "sounds": [{"w": 0.0, "d": 0.1875, "p": 65, "v": 65}], "pos": 0.5, "size": 1.1, "_time": 10.3125, "shift": 0.0, "time": 10.3125}, {"$id": 52, "type": 0, "sounds": [{"w": 0.0, "d": 0.1875, "p": 64, "v": 64}], "pos": 0.3333339, "size": 1.0, "_time": 10.5, "shift": 0.0, "time": 10.5}, {"$id": 53, "type": 0, "sounds": [{"w": 0.0, "d": 0.1875, "p": 62, "v": 60}], "pos": -0.194444925, "size": 0.9, "_time": 10.6875, "shift": 0.0, "time": 10.6875}, {"$id": 54, "type": 0, "sounds": [{"w": 0.0, "d": 0.1875, "p": 57, "v": 68}], "pos": -1.12500012, "size": 0.799999952, "_time": 10.875, "shift": 0.0, "time": 10.875}, {"$id": 55, "type": 0, "sounds": [{"w": 0.0, "d": 0.1875, "p": 50, "v": 73}], "pos": -2.0, "size": 1.2, "_time": 11.0625, "shift": 0.0, "time": 11.0625}, {"$id": 56, "type": 0, "sounds": [{"w": 0.0, "d": 0.1875, "p": 57, "v": 57}], "pos": -1.12500012, "size": 0.799999952, "_time": 11.25, "shift": 0.0, "time": 11.25}, {"$id": 57, "type": 0, "sounds": [{"w": 0.0, "d": 0.1875, "p": 62, "v": 62}], "pos": -0.194444925, "size": 0.9, "_time": 11.4375, "shift": 0.0, "time": 11.4375}, {"$id": 58, "type": 0, "sounds": [{"w": 0.0, "d": 0.1875, "p": 64, "v": 60}], "pos": 0.3333339, "size": 1.0, "_time": 11.625, "shift": 0.0, "time": 11.625}, {"$id": 59, "type": 0, "sounds": [{"w": 0.0, "d": 0.1875, "p": 65, "v": 65}], "pos": 0.5, "size": 1.1, "_time": 11.8125, "shift": 0.0, "time": 11.8125}, {"$id": 60, "type": 0, "sounds": [{"w": 0.0, "d": 0.1875, "p": 64, "v": 64}], "pos": 0.3333339, "size": 1.0, "_time": 12.0, "shift": 0.0, "time": 12.0}, {"$id": 61, "type": 0, "sounds": [{"w": 0.0, "d": 0.1875, "p": 62, "v": 60}], "pos": -0.194444925, "size": 0.9, "_time": 12.1875, "shift": 0.0, "time": 12.1875}, {"$id": 62, "type": 0, "sounds": [{"w": 0.0, "d": 0.1875, "p": 57, "v": 68}], "pos": -1.12500012, "size": 0.799999952, "_time": 12.375, "shift": 0.0, "time": 12.375}, {"$id": 63, "type": 0, "sounds": [{"w": 0.0, "d": 3.0, "p": 81, "v": 70}], "pos": 2.0, "size": 1.2, "_time": 12.5625, "shift": 0.0, "time": 12.5625}, {"$id": 64, "type": 0, "sounds": [{"w": 0.0, "d": 0.1875, "p": 50, "v": 73}], "pos": -2.0, "size": 1.2, "_time": 12.5625, "shift": 0.0, "time": 12.5625}, {"$id": 65, "type": 0, "sounds": [{"w": 0.0, "d": 0.1875, "p": 57, "v": 57}], "pos": 1.15277672, "size": 0.9, "_time": 12.75, "shift": 0.0, "time": 12.75}, {"$id": 66, "type": 0, "sounds": [{"w": 0.0, "d": 0.1875, "p": 62, "v": 62}], "pos": 0.1388885, "size": 0.9, "_time": 12.9375, "shift": 0.0, "time": 12.9375}, {"$id": 67, "type": 0, "sounds": [{"w": 0.0, "d": 0.1875, "p": 64, "v": 60}], "pos": -0.527779043, "size": 1.0, "_time": 13.125, "shift": 0.0, "time": 13.125}, {"$id": 68, "type": 0, "sounds": [{"w": 0.0, "d": 0.1875, "p": 65, "v": 65}], "pos": -0.6944445, "size": 1.1, "_time": 13.3125, "shift": 0.0, "time": 13.3125}, {"$id": 69, "type": 0, "sounds": [{"w": 0.0, "d": 0.1875, "p": 64, "v": 64}], "pos": -0.527779043, "size": 1.0, "_time": 13.5, "shift": 0.0, "time": 13.5}, {"$id": 70, "type": 0, "sounds": [{"w": 0.0, "d": 0.1875, "p": 62, "v": 60}], "pos": 0.1388885, "size": 0.9, "_time": 13.6875, "shift": 0.0, "time": 13.6875}, {"$id": 71, "type": 0, "sounds": [{"w": 0.0, "d": 0.1875, "p": 57, "v": 68}], "pos": 1.15277672, "size": 0.9, "_time": 13.875, "shift": 0.0, "time": 13.875}, {"$id": 72, "type": 0, "sounds": [{"w": 0.0, "d": 0.1875, "p": 50, "v": 73}], "pos": 2.0, "size": 1.2, "_time": 14.0625, "shift": 0.0, "time": 14.0625}, {"$id": 73, "type": 0, "sounds": [{"w": 0.0, "d": 0.1875, "p": 57, "v": 57}], "pos": 1.15277672, "size": 0.9, "_time": 14.25, "shift": 0.0, "time": 14.25}, {"$id": 74, "type": 0, "sounds": [{"w": 0.0, "d": 0.1875, "p": 62, "v": 62}], "pos": 0.1388885, "size": 0.9, "_time": 14.4375, "shift": 0.0, "time": 14.4375}, {"$id": 75, "type": 0, "sounds": [{"w": 0.0, "d": 0.1875, "p": 64, "v": 60}], "pos": -0.527779043, "size": 1.0, "_time": 14.625, "shift": 0.0, "time": 14.625}, {"$id": 76, "type": 0, "sounds": [{"w": 0.0, "d": 0.1875, "p": 65, "v": 65}], "pos": -0.6944445, "size": 1.1, "_time": 14.8125, "shift": 0.0, "time": 14.8125}, {"$id": 77, "type": 0, "sounds": [{"w": 0.0, "d": 0.1875, "p": 64, "v": 64}], "pos": -0.527779043, "size": 1.0, "_time": 15.0, "shift": 0.0, "time": 15.0}, {"$id": 78, "type": 0, "sounds": [{"w": 0.0, "d": 0.1875, "p": 62, "v": 60}], "pos": 0.1388885, "size": 0.9, "_time": 15.1875, "shift": 0.0, "time": 15.1875}, {"$id": 79, "type": 0, "sounds": [{"w": 0.0, "d": 0.1875, "p": 57, "v": 68}], "pos": 1.15277672, "size": 0.9, "_time": 15.375, "shift": 0.0, "time": 15.375}, {"$id": 80, "type": 0, "sounds": [{"w": 0.0, "d": 0.1875, "p": 50, "v": 73}], "pos": 2.0, "size": 1.2, "_time": 15.5625, "shift": 0.0, "time": 15.5625}, {"$id": 81, "type": 0, "sounds": [{"w": 0.0, "d": 0.1875, "p": 57, "v": 57}], "pos": 1.15277672, "size": 0.9, "_time": 15.75, "shift": 0.0, "time": 15.75}, {"$id": 82, "type": 0, "sounds": [{"w": 0.0, "d": 0.1875, "p": 62, "v": 62}], "pos": 0.1388885, "size": 0.9, "_time": 15.9375, "shift": 0.0, "time": 15.9375}, {"$id": 83, "type": 0, "sounds": [{"w": 0.0, "d": 0.1875, "p": 64, "v": 60}], "pos": -0.527779043, "size": 1.0, "_time": 16.125, "shift": 0.0, "time": 16.125}, {"$id": 84, "type": 0, "sounds": [{"w": 0.0, "d": 0.1875, "p": 65, "v": 65}], "pos": -0.6944445, "size": 1.1, "_time": 16.3125, "shift": 0.0, "time": 16.3125}, {"$id": 85, "type": 0, "sounds": [{"w": 0.0, "d": 0.1875, "p": 64, "v": 64}], "pos": -0.527779043, "size": 1.0, "_time": 16.5, "shift": 0.0, "time": 16.5}, {"$id": 86, "type": 0, "sounds": [{"w": 0.0, "d": 0.1875, "p": 62, "v": 60}], "pos": 0.1388885, "size": 0.9, "_time": 16.6875, "shift": 0.0, "time": 16.6875}, {"$id": 87, "type": 0, "sounds": [{"w": 0.0, "d": 0.1875, "p": 57, "v": 68}], "pos": 1.15277672, "size": 0.9, "_time": 16.875, "shift": 0.0, "time": 16.875}, {"$id": 88, "type": 0, "sounds": [{"w": 0.0, "d": 0.5625, "p": 79, "v": 70}], "pos": -0.5, "size": 1.2, "_time": 17.0625, "shift": 0.0, "time": 17.0625}, {"$id": 89, "type": 0, "sounds": [{"w": 0.0, "d": 0.1875, "p": 62, "v": 62}], "pos": 0.5, "size": 1.0, "_time": 17.4375, "shift": 0.0, "time": 17.4375}, {"$id": 90, "type": 0, "sounds": [{"w": 0.0, "d": 0.5625, "p": 84, "v": 70}], "pos": -1.5, "size": 1.2, "_time": 17.625, "shift": 0.0, "time": 17.625}, {"$id": 91, "type": 0, "sounds": [{"w": 0.0, "d": 0.375, "p": 83, "v": 70}], "pos": 0.708333, "size": 1.2, "_time": 18.1875, "shift": 0.0, "time": 18.1875}, {"$id": 92, "type": 0, "sounds": [{"w": 0.0, "d": 3.0, "p": 81, "v": 70}], "pos": 2.0, "size": 1.2, "_time": 18.5625, "shift": 0.0, "time": 18.5625}, {"$id": 93, "type": 0, "sounds": [{"w": 0.0, "d": 0.1875, "p": 50, "v": 73}], "pos": -2.0, "size": 1.2, "_time": 18.5625, "shift": 0.0, "time": 18.5625}, {"$id": 94, "type": 0, "sounds": [{"w": 0.0, "d": 0.1875, "p": 57, "v": 57}], "pos": -0.902778268, "size": 0.9, "_time": 18.75, "shift": 0.0, "time": 18.75}, {"$id": 95, "type": 0, "sounds": [{"w": 0.0, "d": 0.1875, "p": 62, "v": 62}], "pos": 0.0277778655, "size": 0.9, "_time": 18.9375, "shift": 0.0, "time": 18.9375}, {"$id": 96, "type": 0, "sounds": [{"w": 0.0, "d": 0.1875, "p": 64, "v": 60}], "pos": 0.6111114, "size": 1.0, "_time": 19.125, "shift": 0.0, "time": 19.125}, {"$id": 97, "type": 0, "sounds": [{"w": 0.0, "d": 0.1875, "p": 65, "v": 65}], "pos": 1.0, "size": 1.1, "_time": 19.3125, "shift": 0.0, "time": 19.3125}, {"$id": 98, "type": 0, "sounds": [{"w": 0.0, "d": 0.1875, "p": 64, "v": 64}], "pos": 0.7222219, "size": 1.0, "_time": 19.5, "shift": 0.0, "time": 19.5}, {"$id": 99, "type": 0, "sounds": [{"w": 0.0, "d": 0.1875, "p": 62, "v": 60}], "pos": 0.0277778655, "size": 0.9, "_time": 19.6875, "shift": 0.0, "time": 19.6875}, {"$id": 100, "type": 0, "sounds": [{"w": 0.0, "d": 0.1875, "p": 57, "v": 68}], "pos": -1.01388884, "size": 0.9, "_time": 19.875, "shift": 0.0, "time": 19.875}, {"$id": 101, "type": 0, "sounds": [{"w": 0.0, "d": 0.1875, "p": 50, "v": 73}], "pos": -2.0, "size": 1.2, "_time": 20.0625, "shift": 0.0, "time": 20.0625}, {"$id": 102, "type": 0, "sounds": [{"w": 0.0, "d": 0.1875, "p": 57, "v": 57}], "pos": -1.01388884, "size": 0.9, "_time": 20.25, "shift": 0.0, "time": 20.25}, {"$id": 103, "type": 0, "sounds": [{"w": 0.0, "d": 0.1875, "p": 62, "v": 62}], "pos": 0.0277778655, "size": 0.9, "_time": 20.4375, "shift": 0.0, "time": 20.4375}, {"$id": 104, "type": 0, "sounds": [{"w": 0.0, "d": 0.1875, "p": 64, "v": 60}], "pos": 0.7222219, "size": 1.0, "_time": 20.625, "shift": 0.0, "time": 20.625}, {"$id": 105, "type": 0, "sounds": [{"w": 0.0, "d": 0.1875, "p": 65, "v": 65}], "pos": 1.0, "size": 1.1, "_time": 20.8125, "shift": 0.0, "time": 20.8125}, {"$id": 106, "type": 0, "sounds": [{"w": 0.0, "d": 0.1875, "p": 64, "v": 64}], "pos": 0.7222219, "size": 1.0, "_time": 21.0, "shift": 0.0, "time": 21.0}, {"$id": 107, "type": 0, "sounds": [{"w": 0.0, "d": 0.1875, "p": 62, "v": 60}], "pos": 0.0277778655, "size": 0.9, "_time": 21.1875, "shift": 0.0, "time": 21.1875}, {"$id": 108, "type": 0, "sounds": [{"w": 0.0, "d": 0.1875, "p": 57, "v": 68}], "pos": -1.01388884, "size": 0.9, "_time": 21.375, "shift": 0.0, "time": 21.375}, {"$id": 109, "type": 0, "sounds": [{"w": 0.0, "d": 0.1875, "p": 50, "v": 73}], "pos": -2.0, "size": 1.2, "_time": 21.5625, "shift": 0.0, "time": 21.5625}, {"$id": 110, "type": 0, "sounds": [{"w": 0.0, "d": 0.1875, "p": 57, "v": 57}], "pos": -1.01388884, "size": 0.9, "_time": 21.75, "shift": 0.0, "time": 21.75}, {"$id": 111, "type": 0, "sounds": [{"w": 0.0, "d": 0.1875, "p": 62, "v": 62}], "pos": 0.0277778655, "size": 0.9, "_time": 21.9375, "shift": 0.0, "time": 21.9375}, {"$id": 112, "type": 0, "sounds": [{"w": 0.0, "d": 0.1875, "p": 64, "v": 60}], "pos": 0.7222219, "size": 1.0, "_time": 22.125, "shift": 0.0, "time": 22.125}, {"$id": 113, "type": 0, "sounds": [{"w": 0.0, "d": 0.1875, "p": 65, "v": 65}], "pos": 1.0, "size": 1.1, "_time": 22.3125, "shift": 0.0, "time": 22.3125}, {"$id": 114, "type": 0, "sounds": [{"w": 0.0, "d": 0.1875, "p": 64, "v": 64}], "pos": 0.7222219, "size": 1.0, "_time": 22.5, "shift": 0.0, "time": 22.5}, {"$id": 115, "type": 0, "sounds": [{"w": 0.0, "d": 0.1875, "p": 62, "v": 60}], "pos": 0.0277778655, "size": 0.9, "_time": 22.6875, "shift": 0.0, "time": 22.6875}, {"$id": 116, "type": 0, "sounds": [{"w": 0.0, "d": 0.1875, "p": 57, "v": 68}], "pos": -1.01388884, "size": 0.9, "_time": 22.875, "shift": 0.0, "time": 22.875}, {"$id": 117, "type": 0, "sounds": [{"w": 0.0, "d": 0.1875, "p": 50, "v": 73}], "pos": -2.0, "size": 1.2, "_time": 23.0625, "shift": 0.0, "time": 23.0625}, {"$id": 118, "type": 0, "sounds": [{"w": 0.0, "d": 0.1875, "p": 57, "v": 57}], "pos": -1.01388884, "size": 0.9, "_time": 23.25, "shift": 0.0, "time": 23.25}, {"$id": 119, "type": 0, "sounds": [{"w": 0.0, "d": 0.1875, "p": 62, "v": 62}], "pos": 0.0277778655, "size": 0.9, "_time": 23.4375, "shift": 0.0, "time": 23.4375}, {"$id": 120, "type": 0, "sounds": [{"w": 0.0, "d": 0.1875, "p": 64, "v": 60}], "pos": 0.7222219, "size": 1.0, "_time": 23.625, "shift": 0.0, "time": 23.625}, {"$id": 121, "type": 0, "sounds": [{"w": 0.0, "d": 0.1875, "p": 65, "v": 65}], "pos": 1.0, "size": 1.1, "_time": 23.8125, "shift": 0.0, "time": 23.8125}, {"$id": 122, "type": 0, "sounds": [{"w": 0.0, "d": 0.1875, "p": 64, "v": 64}], "pos": 0.7222219, "size": 1.0, "_time": 24.0, "shift": 0.0, "time": 24.0}, {"$id": 123, "type": 0, "sounds": [{"w": 0.0, "d": 0.1875, "p": 62, "v": 60}], "pos": 0.0277778655, "size": 0.9, "_time": 24.1875, "shift": 0.0, "time": 24.1875}, {"$id": 124, "type": 0, "sounds": [{"w": 0.0, "d": 0.1875, "p": 57, "v": 68}], "pos": -1.01388884, "size": 0.9, "_time": 24.375, "shift": 0.0, "time": 24.375}, {"$id": 125, "type": 0, "sounds": [{"w": 0.0, "d": 2.33203125, "p": 72, "v": 54}], "pos": 0.805555344, "size": 1.2, "_time": 24.5703125, "shift": 0.0, "time": 24.5703125}, {"$id": 126, "type": 0, "sounds": [{"w": 0.0, "d": 2.17578125, "p": 50, "v": 26}], "pos": -2.0, "size": 1.0, "_time": 24.5703125, "shift": 0.0, "time": 24.5703125}, {"$id": 127, "type": 0, "sounds": [{"w": 0.0, "d": 2.2265625, "p": 55, "v": 33}], "pos": -0.5, "size": 1.2, "_time": 27.5625, "shift": 0.0, "time": 27.5625}, {"$id": 128, "type": 0, "sounds": [{"w": 0.0, "d": 2.27734375, "p": 76, "v": 38}], "pos": 2.0, "size": 1.0, "_time": 27.5859375, "shift": 0.0, "time": 27.5859375}, {"$id": 129, "type": 0, "sounds": [{"w": 0.0, "d": 5.14453125, "p": 48, "v": 53}], "pos": -0.44444418, "size": 1.0, "_time": 30.359375, "shift": 0.0, "time": 30.359375}, {"$id": 130, "type": 0, "sounds": [{"w": 0.0, "d": 5.17578125, "p": 64, "v": 35}], "pos": -2.0, "size": 1.0, "_time": 30.46875, "shift": 0.0, "time": 30.46875}, {"$id": 131, "type": 0, "sounds": [{"w": 0.0, "d": 5.0078125, "p": 57, "v": 12}], "pos": 0.277778149, "size": 1.0, "_time": 30.4882813, "shift": 0.0, "time": 30.4882813}, {"$id": 132, "type": 0, "sounds": [{"w": 0.0, "d": 5.12109375, "p": 71, "v": 50}], "pos": 1.05555582, "size": 1.0, "_time": 30.5625, "shift": 0.0, "time": 30.5625}, {"$id": 133, "type": 0, "sounds": [{"w": 0.0, "d": 2.546875, "p": 78, "v": 49}], "pos": 0.5, "size": 1.0, "_time": 33.546875, "shift": 0.0, "time": 33.546875}, {"$id": 134, "type": 0, "sounds": [{"w": 0.0, "d": 2.515625, "p": 83, "v": 44}], "pos": 2.0, "size": 1.0, "_time": 33.5625, "shift": 0.0, "time": 33.5625}, {"$id": 135, "type": 0, "sounds": [{"w": 0.0, "d": 2.7578125, "p": 76, "v": 63}], "pos": 0.861110747, "size": 1.30000007, "_time": 36.5625, "shift": 0.0, "time": 36.5625}, {"$id": 136, "type": 0, "sounds": [{"w": 0.0, "d": 0.1875, "p": 41, "v": 60}], "pos": -1.13888931, "size": 1.30000007, "_time": 36.5625, "shift": 0.0, "time": 36.5625}, {"$id": 137, "type": 0, "sounds": [{"w": 0.0, "d": 0.1875, "p": 53, "v": 54}], "pos": -0.597222745, "size": 1.0, "_time": 36.75, "shift": 0.0, "time": 36.75}, {"$id": 138, "type": 0, "sounds": [{"w": 0.0, "d": 0.1875, "p": 57, "v": 48}], "pos": 0.319443882, "size": 1.0, "_time": 36.9375, "shift": 0.0, "time": 36.9375}, {"$id": 139, "type": 0, "sounds": [{"w": 0.0, "d": 0.1875, "p": 59, "v": 54}], "pos": 1.01388788, "size": 1.0, "_time": 37.125, "shift": 0.0, "time": 37.125}, {"$id": 140, "type": 0, "sounds": [{"w": 0.0, "d": 0.1875, "p": 60, "v": 54}], "pos": 1.55555534, "size": 1.0, "_time": 37.3125, "shift": 0.0, "time": 37.3125}, {"$id": 141, "type": 0, "sounds": [{"w": 0.0, "d": 0.1875, "p": 64, "v": 57}], "pos": 2.0, "size": 1.0, "_time": 37.5, "shift": 0.0, "time": 37.5}, {"$id": 142, "type": 0, "sounds": [{"w": 0.0, "d": 0.1875, "p": 41, "v": 57}], "pos": -1.41666591, "size": 1.0, "_time": 37.6875, "shift": 0.0, "time": 37.6875}, {"$id": 143, "type": 0, "sounds": [{"w": 0.0, "d": 0.1875, "p": 53, "v": 51}], "pos": -0.402779251, "size": 1.0, "_time": 37.875, "shift": 0.0, "time": 37.875}, {"$id": 144, "type": 0, "sounds": [{"w": 0.0, "d": 0.1875, "p": 57, "v": 52}], "pos": 0.333331555, "size": 1.0, "_time": 38.0625, "shift": 0.0, "time": 38.0625}, {"$id": 145, "type": 0, "sounds": [{"w": 0.0, "d": 0.1875, "p": 59, "v": 49}], "pos": 0.8472205, "size": 1.0, "_time": 38.25, "shift": 0.0, "time": 38.25}, {"$id": 146, "type": 0, "sounds": [{"w": 0.0, "d": 0.1875, "p": 60, "v": 51}], "pos": 1.19444335, "size": 1.0, "_time": 38.4375, "shift": 0.0, "time": 38.4375}, {"$id": 147, "type": 0, "sounds": [{"w": 0.0, "d": 0.1875, "p": 64, "v": 55}], "pos": 1.41666591, "size": 1.0, "_time": 38.625, "shift": 0.0, "time": 38.625}, {"$id": 148, "type": 0, "sounds": [{"w": 0.0, "d": 0.1875, "p": 41, "v": 54}], "pos": 0.750000358, "size": 1.0, "_time": 38.8125, "shift": 0.0, "time": 38.8125}, {"$id": 149, "type": 0, "sounds": [{"w": 0.0, "d": 0.1875, "p": 53, "v": 57}], "pos": -0.236110866, "size": 1.0, "_time": 39.0, "shift": 0.0, "time": 39.0}, {"$id": 150, "type": 0, "sounds": [{"w": 0.0, "d": 0.1875, "p": 57, "v": 55}], "pos": -0.875001431, "size": 1.0, "_time": 39.1875, "shift": 0.0, "time": 39.1875}, {"$id": 151, "type": 0, "sounds": [{"w": 0.0, "d": 0.1875, "p": 59, "v": 58}], "pos": -1.31944382, "size": 1.0, "_time": 39.375, "shift": 0.0, "time": 39.375}, {"$id": 152, "type": 0, "sounds": [{"w": 0.0, "d": 0.1875, "p": 41, "v": 57}], "pos": -0.5, "size": 1.30000007, "_time": 39.5625, "shift": 0.0, "time": 39.5625}, {"$id": 153, "type": 0, "sounds": [{"w": 0.0, "d": 2.76953125, "p": 74, "v": 63}], "pos": 2.0, "size": 1.30000007, "_time": 39.5625, "shift": 0.0, "time": 39.5625}, {"$id": 154, "type": 0, "sounds": [{"w": 0.0, "d": 0.1875, "p": 53, "v": 39}], "pos": 1.5, "size": 1.0, "_time": 39.75, "shift": 0.0, "time": 39.75}, {"$id": 155, "type": 0, "sounds": [{"w": 0.0, "d": 0.1875, "p": 57, "v": 45}], "pos": 0.5555552, "size": 1.0, "_time": 39.9375, "shift": 0.0, "time": 39.9375}, {"$id": 156, "type": 0, "sounds": [{"w": 0.0, "d": 0.1875, "p": 59, "v": 54}], "pos": -0.152776927, "size": 1.0, "_time": 40.125, "shift": 0.0, "time": 40.125}, {"$id": 157, "type": 0, "sounds": [{"w": 0.0, "d": 0.1875, "p": 60, "v": 47}], "pos": -0.5833329, "size": 1.0, "_time": 40.3125, "shift": 0.0, "time": 40.3125}, {"$id": 158, "type": 0, "sounds": [{"w": 0.0, "d": 0.1875, "p": 64, "v": 42}], "pos": -0.8611121, "size": 1.0, "_time": 40.5, "shift": 0.0, "time": 40.5}, {"$id": 159, "type": 0, "sounds": [{"w": 0.0, "d": 0.1875, "p": 41, "v": 58}], "pos": 0.958332539, "size": 1.0, "_time": 40.6875, "shift": 0.0, "time": 40.6875}, {"$id": 160, "type": 0, "sounds": [{"w": 0.0, "d": 0.1875, "p": 53, "v": 54}], "pos": 0.124999031, "size": 1.0, "_time": 40.875, "shift": 0.0, "time": 40.875}, {"$id": 161, "type": 0, "sounds": [{"w": 0.0, "d": 0.1875, "p": 57, "v": 49}], "pos": -0.4722222, "size": 1.0, "_time": 41.0625, "shift": 0.0, "time": 41.0625}, {"$id": 162, "type": 0, "sounds": [{"w": 0.0, "d": 0.1875, "p": 59, "v": 54}], "pos": -0.875000834, "size": 1.0, "_time": 41.25, "shift": 0.0, "time": 41.25}, {"$id": 163, "type": 0, "sounds": [{"w": 0.0, "d": 0.1875, "p": 60, "v": 58}], "pos": -1.19444418, "size": 1.0, "_time": 41.4375, "shift": 0.0, "time": 41.4375}, {"$id": 164, "type": 0, "sounds": [{"w": 0.0, "d": 0.1875, "p": 64, "v": 56}], "pos": -1.38888931, "size": 1.0, "_time": 41.625, "shift": 0.0, "time": 41.625}, {"$id": 165, "type": 0, "sounds": [{"w": 0.0, "d": 0.1875, "p": 41, "v": 60}], "pos": -0.43055737, "size": 1.0, "_time": 41.8125, "shift": 0.0, "time": 41.8125}, {"$id": 166, "type": 0, "sounds": [{"w": 0.0, "d": 0.1875, "p": 53, "v": 59}], "pos": 0.43055737, "size": 1.0, "_time": 42.0, "shift": 0.0, "time": 42.0}, {"$id": 167, "type": 0, "sounds": [{"w": 0.0, "d": 0.1875, "p": 57, "v": 63}], "pos": 0.9583337, "size": 1.0, "_time": 42.1875, "shift": 0.0, "time": 42.1875}, {"$id": 168, "type": 0, "sounds": [{"w": 0.0, "d": 0.1875, "p": 59, "v": 54}], "pos": 1.33333468, "size": 1.0, "_time": 42.375, "shift": 0.0, "time": 42.375}, {"$id": 169, "type": 0, "sounds": [{"w": 0.0, "d": 0.1875, "p": 40, "v": 60}], "pos": -2.0, "size": 1.30000007, "_time": 42.5625, "shift": 0.0, "time": 42.5625}, {"$id": 170, "type": 0, "sounds": [{"w": 0.0, "d": 2.7578125, "p": 74, "v": 63}], "pos": 0.5, "size": 1.2, "_time": 42.5625, "shift": 0.0, "time": 42.5625}, {"$id": 171, "type": 0, "sounds": [{"w": 0.0, "d": 0.1875, "p": 52, "v": 54}], "pos": 0.5, "size": 1.0, "_time": 42.75, "shift": 0.0, "time": 42.75}, {"$id": 172, "type": 0, "sounds": [{"w": 0.0, "d": 0.1875, "p": 55, "v": 48}], "pos": -1.33333254, "size": 1.0, "_time": 42.9375, "shift": 0.0, "time": 42.9375}, {"$id": 173, "type": 0, "sounds": [{"w": 0.0, "d": 0.1875, "p": 59, "v": 54}], "pos": 1.11111093, "size": 1.0, "_time": 43.125, "shift": 0.0, "time": 43.125}, {"$id": 174, "type": 0, "sounds": [{"w": 0.0, "d": 0.1875, "p": 62, "v": 54}], "pos": -0.6666661, "size": 1.0, "_time": 43.3125, "shift": 0.0, "time": 43.3125}, {"$id": 175, "type": 0, "sounds": [{"w": 0.0, "d": 0.1875, "p": 64, "v": 57}], "pos": 2.0, "size": 1.0, "_time": 43.5, "shift": 0.0, "time": 43.5}, {"$id": 176, "type": 0, "sounds": [{"w": 0.0, "d": 0.1875, "p": 40, "v": 57}], "pos": -2.0, "size": 1.0, "_time": 43.6875, "shift": 0.0, "time": 43.6875}, {"$id": 177, "type": 0, "sounds": [{"w": 0.0, "d": 0.1875, "p": 52, "v": 51}], "pos": 0.222221851, "size": 1.0, "_time": 43.875, "shift": 0.0, "time": 43.875}, {"$id": 178, "type": 0, "sounds": [{"w": 0.0, "d": 0.1875, "p": 55, "v": 52}], "pos": -0.8055558, "size": 1.0, "_time": 44.0625, "shift": 0.0, "time": 44.0625}, {"$id": 179, "type": 0, "sounds": [{"w": 0.0, "d": 0.1875, "p": 59, "v": 49}], "pos": 1.319444, "size": 1.0, "_time": 44.25, "shift": 0.0, "time": 44.25}, {"$id": 180, "type": 0, "sounds": [{"w": 0.0, "d": 0.1875, "p": 62, "v": 51}], "pos": 0.05555594, "size": 1.0, "_time": 44.4375, "shift": 0.0, "time": 44.4375}, {"$id": 181, "type": 0, "sounds": [{"w": 0.0, "d": 0.1875, "p": 64, "v": 55}], "pos": 2.0, "size": 1.0, "_time": 44.625, "shift": 0.0, "time": 44.625}, {"$id": 182, "type": 0, "sounds": [{"w": 0.0, "d": 0.1875, "p": 40, "v": 54}], "pos": -1.8055563, "size": 1.0, "_time": 44.8125, "shift": 0.0, "time": 44.8125}, {"$id": 183, "type": 0, "sounds": [{"w": 0.0, "d": 0.1875, "p": 52, "v": 57}], "pos": -0.555556059, "size": 1.0, "_time": 45.0, "shift": 0.0, "time": 45.0}, {"$id": 184, "type": 0, "sounds": [{"w": 0.0, "d": 0.1875, "p": 55, "v": 55}], "pos": 0.5416658, "size": 1.0, "_time": 45.1875, "shift": 0.0, "time": 45.1875}, {"$id": 185, "type": 0, "sounds": [{"w": 0.0, "d": 0.1875, "p": 59, "v": 58}], "pos": 1.52777767, "size": 1.0, "_time": 45.375, "shift": 0.0, "time": 45.375}, {"$id": 186, "type": 0, "sounds": [{"w": 0.0, "d": 1.3125, "p": 72, "v": 63}], "pos": -0.5, "size": 1.2, "_time": 45.5625, "shift": 0.0, "time": 45.5625}, {"$id": 187, "type": 0, "sounds": [{"w": 0.0, "d": 0.1875, "p": 40, "v": 57}], "pos": 2.0, "size": 1.0, "_time": 45.5625, "shift": 0.0, "time": 45.5625}, {"$id": 188, "type": 0, "sounds": [{"w": 0.0, "d": 0.1875, "p": 52, "v": 39}], "pos": -0.5, "size": 1.0, "_time": 45.75, "shift": 0.0, "time": 45.75}, {"$id": 189, "type": 0, "sounds": [{"w": 0.0, "d": 0.1875, "p": 55, "v": 45}], "pos": 1.38888955, "size": 1.0, "_time": 45.9375, "shift": 0.0, "time": 45.9375}, {"$id": 190, "type": 0, "sounds": [{"w": 0.0, "d": 0.1875, "p": 59, "v": 54}], "pos": -0.9999995, "size": 1.0, "_time": 46.125, "shift": 0.0, "time": 46.125}, {"$id": 191, "type": 0, "sounds": [{"w": 0.0, "d": 0.1875, "p": 62, "v": 47}], "pos": 0.6388904, "size": 1.0, "_time": 46.3125, "shift": 0.0, "time": 46.3125}, {"$id": 192, "type": 0, "sounds": [{"w": 0.0, "d": 0.1875, "p": 64, "v": 42}], "pos": -1.74999964, "size": 1.0, "_time": 46.5, "shift": 0.0, "time": 46.5}, {"$id": 193, "type": 0, "sounds": [{"w": 0.0, "d": 0.1875, "p": 40, "v": 58}], "pos": 1.36111212, "size": 1.0, "_time": 46.6875, "shift": 0.0, "time": 46.6875}, {"$id": 194, "type": 0, "sounds": [{"w": 0.0, "d": 0.1875, "p": 52, "v": 54}], "pos": -0.44444555, "size": 1.0, "_time": 46.875, "shift": 0.0, "time": 46.875}, {"$id": 195, "type": 0, "sounds": [{"w": 0.0, "d": 1.16796875, "p": 74, "v": 46}], "pos": 1.0, "size": 1.2, "_time": 47.046875, "shift": 0.0, "time": 47.046875}, {"$id": 196, "type": 0, "sounds": [{"w": 0.0, "d": 0.1875, "p": 59, "v": 54}], "pos": -1.01388919, "size": 1.0, "_time": 47.25, "shift": 0.0, "time": 47.25}, {"$id": 197, "type": 0, "sounds": [{"w": 0.0, "d": 0.1875, "p": 62, "v": 58}], "pos": 0.24999997, "size": 1.0, "_time": 47.4375, "shift": 0.0, "time": 47.4375}, {"$id": 198, "type": 0, "sounds": [{"w": 0.0, "d": 0.1875, "p": 64, "v": 56}], "pos": -1.8888886, "size": 1.0, "_time": 47.625, "shift": 0.0, "time": 47.625}, {"$id": 199, "type": 0, "sounds": [{"w": 0.0, "d": 0.1875, "p": 40, "v": 60}], "pos": 1.19444466, "size": 1.0, "_time": 47.8125, "shift": 0.0, "time": 47.8125}, {"$id": 200, "type": 0, "sounds": [{"w": 0.0, "d": 0.1875, "p": 52, "v": 59}], "pos": 0.138888478, "size": 1.0, "_time": 48.0, "shift": 0.0, "time": 48.0}, {"$id": 201, "type": 0, "sounds": [{"w": 0.0, "d": 0.1875, "p": 55, "v": 63}], "pos": -0.986112, "size": 1.0, "_time": 48.1875, "shift": 0.0, "time": 48.1875}, {"$id": 202, "type": 0, "sounds": [{"w": 0.0, "d": 0.1875, "p": 59, "v": 54}], "pos": -2.0, "size": 1.0, "_time": 48.375, "shift": 0.0, "time": 48.375}, {"$id": 203, "type": 0, "sounds": [{"w": 0.0, "d": 2.7578125, "p": 76, "v": 63}], "pos": 2.0, "size": 1.30000007, "_time": 48.5625, "shift": 0.0, "time": 48.5625}, {"$id": 204, "type": 0, "sounds": [{"w": 0.0, "d": 0.1875, "p": 41, "v": 60}], "pos": -1.0, "size": 1.2, "_time": 48.5625, "shift": 0.0, "time": 48.5625}, {"$id": 205, "type": 0, "sounds": [{"w": 0.0, "d": 0.1875, "p": 53, "v": 54}], "pos": -0.430556, "size": 1.0, "_time": 48.75, "shift": 0.0, "time": 48.75}, {"$id": 206, "type": 0, "sounds": [{"w": 0.0, "d": 0.1875, "p": 57, "v": 48}], "pos": 0.374999166, "size": 1.0, "_time": 48.9375, "shift": 0.0, "time": 48.9375}, {"$id": 207, "type": 0, "sounds": [{"w": 0.0, "d": 0.1875, "p": 59, "v": 54}], "pos": 1.06944311, "size": 1.0, "_time": 49.125, "shift": 0.0, "time": 49.125}, {"$id": 208, "type": 0, "sounds": [{"w": 0.0, "d": 0.1875, "p": 60, "v": 54}], "pos": 1.611112, "size": 1.0, "_time": 49.3125, "shift": 0.0, "time": 49.3125}, {"$id": 209, "type": 0, "sounds": [{"w": 0.0, "d": 0.1875, "p": 64, "v": 57}], "pos": 2.0, "size": 1.0, "_time": 49.5, "shift": 0.0, "time": 49.5}, {"$id": 210, "type": 0, "sounds": [{"w": 0.0, "d": 0.1875, "p": 41, "v": 57}], "pos": -1.52777743, "size": 1.0, "_time": 49.6875, "shift": 0.0, "time": 49.6875}, {"$id": 211, "type": 0, "sounds": [{"w": 0.0, "d": 0.1875, "p": 53, "v": 51}], "pos": -0.5972218, "size": 1.0, "_time": 49.875, "shift": 0.0, "time": 49.875}, {"$id": 212, "type": 0, "sounds": [{"w": 0.0, "d": 0.1875, "p": 57, "v": 52}], "pos": 0.111111537, "size": 1.0, "_time": 50.0625, "shift": 0.0, "time": 50.0625}, {"$id": 213, "type": 0, "sounds": [{"w": 0.0, "d": 0.1875, "p": 59, "v": 49}], "pos": 0.7083337, "size": 1.0, "_time": 50.25, "shift": 0.0, "time": 50.25}, {"$id": 214, "type": 0, "sounds": [{"w": 0.0, "d": 0.1875, "p": 60, "v": 51}], "pos": 1.13888955, "size": 1.0, "_time": 50.4375, "shift": 0.0, "time": 50.4375}, {"$id": 215, "type": 0, "sounds": [{"w": 0.0, "d": 0.1875, "p": 64, "v": 55}], "pos": 1.5, "size": 1.0, "_time": 50.625, "shift": 0.0, "time": 50.625}, {"$id": 216, "type": 0, "sounds": [{"w": 0.0, "d": 0.1875, "p": 41, "v": 54}], "pos": 0.305555344, "size": 1.0, "_time": 50.8125, "shift": 0.0, "time": 50.8125}, {"$id": 217, "type": 0, "sounds": [{"w": 0.0, "d": 0.1875, "p": 53, "v": 57}], "pos": -0.597222865, "size": 1.0, "_time": 51.0, "shift": 0.0, "time": 51.0}, {"$id": 218, "type": 0, "sounds": [{"w": 0.0, "d": 0.1875, "p": 57, "v": 55}], "pos": -1.06944513, "size": 1.0, "_time": 51.1875, "shift": 0.0, "time": 51.1875}, {"$id": 219, "type": 0, "sounds": [{"w": 0.0, "d": 0.1875, "p": 59, "v": 58}], "pos": -1.34722233, "size": 1.0, "_time": 51.375, "shift": 0.0, "time": 51.375}, {"$id": 220, "type": 0, "sounds": [{"w": 0.0, "d": 0.1875, "p": 41, "v": 57}], "pos": -0.5, "size": 1.30000007, "_time": 51.5625, "shift": 0.0, "time": 51.5625}, {"$id": 221, "type": 0, "sounds": [{"w": 0.0, "d": 0.9375, "p": 81, "v": 63}], "pos": 2.0, "size": 1.2, "_time": 51.5625, "shift": 0.0, "time": 51.5625}, {"$id": 222, "type": 0, "sounds": [{"w": 0.0, "d": 0.1875, "p": 53, "v": 39}], "pos": 1.26388931, "size": 1.0, "_time": 51.75, "shift": 0.0, "time": 51.75}, {"$id": 223, "type": 0, "sounds": [{"w": 0.0, "d": 0.1875, "p": 57, "v": 45}], "pos": 0.416667283, "size": 1.0, "_time": 51.9375, "shift": 0.0, "time": 51.9375}, {"$id": 224, "type": 0, "sounds": [{"w": 0.0, "d": 0.1875, "p": 59, "v": 54}], "pos": -0.18055582, "size": 1.0, "_time": 52.125, "shift": 0.0, "time": 52.125}, {"$id": 225, "type": 0, "sounds": [{"w": 0.0, "d": 0.1875, "p": 60, "v": 47}], "pos": -0.5277777, "size": 1.0, "_time": 52.3125, "shift": 0.0, "time": 52.3125}, {"$id": 226, "type": 0, "sounds": [{"w": 0.0, "d": 0.1875, "p": 64, "v": 42}], "pos": -0.722222, "size": 1.0, "_time": 52.5, "shift": 0.0, "time": 52.5}, {"$id": 227, "type": 0, "sounds": [{"w": 0.0, "d": 0.1875, "p": 41, "v": 58}], "pos": 1.1111114, "size": 1.0, "_time": 52.6875, "shift": 0.0, "time": 52.6875}, {"$id": 228, "type": 0, "sounds": [{"w": 0.0, "d": 0.1875, "p": 53, "v": 54}], "pos": 0.09722322, "size": 1.0, "_time": 52.875, "shift": 0.0, "time": 52.875}, {"$id": 229, "type": 0, "sounds": [{"w": 0.0, "d": 0.61328125, "p": 79, "v": 51}], "pos": 2.0, "size": 1.2, "_time": 53.0625, "shift": 0.0, "time": 53.0625}, {"$id": 230, "type": 0, "sounds": [{"w": 0.0, "d": 0.1875, "p": 57, "v": 49}], "pos": -0.486110449, "size": 1.0, "_time": 53.0625, "shift": 0.0, "time": 53.0625}, {"$id": 231, "type": 0, "sounds": [{"w": 0.0, "d": 0.1875, "p": 59, "v": 54}], "pos": -0.9583334, "size": 1.0, "_time": 53.25, "shift": 0.0, "time": 53.25}, {"$id": 232, "type": 0, "sounds": [{"w": 0.0, "d": 0.1875, "p": 60, "v": 58}], "pos": -1.22222161, "size": 1.0, "_time": 53.4375, "shift": 0.0, "time": 53.4375}, {"$id": 233, "type": 0, "sounds": [{"w": 0.0, "d": 0.1875, "p": 64, "v": 56}], "pos": -1.36111093, "size": 1.0, "_time": 53.625, "shift": 0.0, "time": 53.625}, {"$id": 234, "type": 0, "sounds": [{"w": 0.0, "d": 0.7578125, "p": 84, "v": 72}], "pos": -2.0, "size": 1.2, "_time": 53.8125, "shift": 0.0, "time": 53.8125}, {"$id": 235, "type": 0, "sounds": [{"w": 0.0, "d": 0.1875, "p": 41, "v": 60}], "pos": 0.0277782083, "size": 1.0, "_time": 53.8125, "shift": 0.0, "time": 53.8125}, {"$id": 236, "type": 0, "sounds": [{"w": 0.0, "d": 0.1875, "p": 53, "v": 59}], "pos": 0.874999046, "size": 1.0, "_time": 54.0, "shift": 0.0, "time": 54.0}, {"$id": 237, "type": 0, "sounds": [{"w": 0.0, "d": 0.1875, "p": 57, "v": 63}], "pos": 1.374999, "size": 1.0, "_time": 54.1875, "shift": 0.0, "time": 54.1875}, {"$id": 238, "type": 0, "sounds": [{"w": 0.0, "d": 0.1875, "p": 59, "v": 54}], "pos": 1.73611057, "size": 1.0, "_time": 54.375, "shift": 0.0, "time": 54.375}, {"$id": 239, "type": 0, "sounds": [{"w": 0.0, "d": 0.1875, "p": 45, "v": 60}], "pos": 1.0, "size": 1.0, "_time": 54.5625, "shift": 0.0, "time": 54.5625}, {"$id": 240, "type": 0, "sounds": [{"w": 0.0, "d": 2.7578125, "p": 81, "v": 63}], "pos": -2.0, "size": 1.2, "_time": 54.5625, "shift": 0.0, "time": 54.5625}, {"$id": 241, "type": 0, "sounds": [{"w": 0.0, "d": 0.1875, "p": 52, "v": 54}], "pos": 1.0, "size": 1.0, "_time": 54.75, "shift": 0.0, "time": 54.75}, {"$id": 242, "type": 0, "sounds": [{"w": 0.0, "d": 0.1875, "p": 57, "v": 48}], "pos": -1.44444466, "size": 1.0, "_time": 54.9375, "shift": 0.0, "time": 54.9375}, {"$id": 243, "type": 0, "sounds": [{"w": 0.0, "d": 0.1875, "p": 59, "v": 54}], "pos": 1.51389027, "size": 1.0, "_time": 55.125, "shift": 0.0, "time": 55.125}, {"$id": 244, "type": 0, "sounds": [{"w": 0.0, "d": 0.1875, "p": 60, "v": 54}], "pos": -0.777776837, "size": 1.0, "_time": 55.3125, "shift": 0.0, "time": 55.3125}, {"$id": 245, "type": 0, "sounds": [{"w": 0.0, "d": 0.1875, "p": 62, "v": 57}], "pos": 2.0, "size": 1.0, "_time": 55.5, "shift": 0.0, "time": 55.5}, {"$id": 246, "type": 0, "sounds": [{"w": 0.0, "d": 0.1875, "p": 45, "v": 57}], "pos": -2.0, "size": 1.0, "_time": 55.6875, "shift": 0.0, "time": 55.6875}, {"$id": 247, "type": 0, "sounds": [{"w": 0.0, "d": 0.1875, "p": 52, "v": 51}], "pos": 0.3333329, "size": 1.0, "_time": 55.875, "shift": 0.0, "time": 55.875}, {"$id": 248, "type": 0, "sounds": [{"w": 0.0, "d": 0.1875, "p": 57, "v": 52}], "pos": -1.30555594, "size": 1.0, "_time": 56.0625, "shift": 0.0, "time": 56.0625}, {"$id": 249, "type": 0, "sounds": [{"w": 0.0, "d": 0.1875, "p": 59, "v": 49}], "pos": 1.15277827, "size": 1.0, "_time": 56.25, "shift": 0.0, "time": 56.25}, {"$id": 250, "type": 0, "sounds": [{"w": 0.0, "d": 0.1875, "p": 60, "v": 51}], "pos": -0.5277782, "size": 1.0, "_time": 56.4375, "shift": 0.0, "time": 56.4375}, {"$id": 251, "type": 0, "sounds": [{"w": 0.0, "d": 0.1875, "p": 62, "v": 55}], "pos": 2.0, "size": 1.0, "_time": 56.625, "shift": 0.0, "time": 56.625}, {"$id": 252, "type": 0, "sounds": [{"w": 0.0, "d": 0.1875, "p": 45, "v": 54}], "pos": -1.5, "size": 1.0, "_time": 56.8125, "shift": 0.0, "time": 56.8125}, {"$id": 253, "type": 0, "sounds": [{"w": 0.0, "d": 0.1875, "p": 52, "v": 57}], "pos": -0.30555588, "size": 1.0, "_time": 57.0, "shift": 0.0, "time": 57.0}, {"$id": 254, "type": 0, "sounds": [{"w": 0.0, "d": 0.1875, "p": 57, "v": 55}], "pos": 0.56944555, "size": 1.0, "_time": 57.1875, "shift": 0.0, "time": 57.1875}, {"$id": 255, "type": 0, "sounds": [{"w": 0.0, "d": 0.1875, "p": 59, "v": 58}], "pos": 1.34722185, "size": 1.0, "_time": 57.375, "shift": 0.0, "time": 57.375}, {"$id": 256, "type": 0, "sounds": [{"w": 0.0, "d": 1.3125, "p": 79, "v": 63}], "pos": -0.7222222, "size": 1.2, "_time": 57.5625, "shift": 0.0, "time": 57.5625}, {"$id": 257, "type": 0, "sounds": [{"w": 0.0, "d": 0.1875, "p": 45, "v": 57}], "pos": 2.0, "size": 1.0, "_time": 57.5625, "shift": 0.0, "time": 57.5625}, {"$id": 258, "type": 0, "sounds": [{"w": 0.0, "d": 0.1875, "p": 52, "v": 39}], "pos": -0.7222222, "size": 1.0, "_time": 57.75, "shift": 0.0, "time": 57.75}, {"$id": 259, "type": 0, "sounds": [{"w": 0.0, "d": 0.1875, "p": 57, "v": 45}], "pos": 1.30555618, "size": 1.0, "_time": 57.9375, "shift": 0.0, "time": 57.9375}, {"$id": 260, "type": 0, "sounds": [{"w": 0.0, "d": 0.1875, "p": 59, "v": 54}], "pos": -1.22222221, "size": 1.0, "_time": 58.125, "shift": 0.0, "time": 58.125}, {"$id": 261, "type": 0, "sounds": [{"w": 0.0, "d": 0.1875, "p": 60, "v": 47}], "pos": 0.8055562, "size": 1.0, "_time": 58.3125, "shift": 0.0, "time": 58.3125}, {"$id": 262, "type": 0, "sounds": [{"w": 0.0, "d": 0.1875, "p": 62, "v": 42}], "pos": -1.72222221, "size": 1.0, "_time": 58.5, "shift": 0.0, "time": 58.5}, {"$id": 263, "type": 0, "sounds": [{"w": 0.0, "d": 0.1875, "p": 45, "v": 58}], "pos": 1.5, "size": 1.0, "_time": 58.6875, "shift": 0.0, "time": 58.6875}, {"$id": 264, "type": 0, "sounds": [{"w": 0.0, "d": 0.1875, "p": 52, "v": 54}], "pos": -0.361111045, "size": 1.0, "_time": 58.875, "shift": 0.0, "time": 58.875}, {"$id": 265, "type": 0, "sounds": [{"w": 0.0, "d": 0.1875, "p": 57, "v": 49}], "pos": 1.0, "size": 1.0, "_time": 59.0625, "shift": 0.0, "time": 59.0625}, {"$id": 266, "type": 0, "sounds": [{"w": 0.0, "d": 0.1875, "p": 59, "v": 54}], "pos": -0.861111045, "size": 1.0, "_time": 59.25, "shift": 0.0, "time": 59.25}, {"$id": 267, "type": 0, "sounds": [{"w": 0.0, "d": 0.1875, "p": 60, "v": 58}], "pos": 0.5, "size": 1.0, "_time": 59.4375, "shift": 0.0, "time": 59.4375}, {"$id": 268, "type": 0, "sounds": [{"w": 0.0, "d": 0.1875, "p": 62, "v": 56}], "pos": -1.361111, "size": 1.0, "_time": 59.625, "shift": 0.0, "time": 59.625}, {"$id": 269, "type": 0, "sounds": [{"w": 0.0, "d": 0.1875, "p": 45, "v": 60}], "pos": 1.22222209, "size": 1.0, "_time": 59.8125, "shift": 0.0, "time": 59.8125}, {"$id": 270, "type": 0, "sounds": [{"w": 0.0, "d": 0.1875, "p": 52, "v": 59}], "pos": 0.16666764, "size": 1.0, "_time": 60.0, "shift": 0.0, "time": 60.0}, {"$id": 271, "type": 0, "sounds": [{"w": 0.0, "d": 0.1875, "p": 57, "v": 63}], "pos": -0.6249987, "size": 1.0, "_time": 60.1875, "shift": 0.0, "time": 60.1875}, {"$id": 272, "type": 0, "sounds": [{"w": 0.0, "d": 0.1875, "p": 59, "v": 54}], "pos": -1.40277791, "size": 1.0, "_time": 60.375, "shift": 0.0, "time": 60.375}, {"$id": 273, "type": 0, "sounds": [{"w": 0.0, "d": 1.0859375, "p": 53, "v": 47}], "pos": -2.0, "size": 1.0, "_time": 60.5390625, "shift": 0.0, "time": 60.5390625}, {"$id": 274, "type": 0, "sounds": [{"w": 0.0, "d": 1.19140625, "p": 74, "v": 59}], "pos": 0.5, "size": 1.2, "_time": 60.5625, "shift": 0.0, "time": 60.5625}, {"$id": 275, "type": 0, "sounds": [{"w": 0.0, "d": 1.05859375, "p": 55, "v": 59}], "pos": -1.25000083, "size": 1.0, "_time": 63.5390625, "shift": 0.0, "time": 63.5390625}, {"$id": 276, "type": 0, "sounds": [{"w": 0.0, "d": 1.09375, "p": 76, "v": 58}], "pos": 0.749999166, "size": 1.2, "_time": 63.5625, "shift": 0.0, "time": 63.5625}, {"$id": 277, "type": 0, "sounds": [{"w": 0.0, "d": 1.99609375, "p": 57, "v": 57}], "pos": -1.5, "size": 1.2, "_time": 66.55078, "shift": 0.0, "time": 66.55078}, {"$id": 278, "type": 0, "sounds": [{"w": 0.0, "d": 1.92578125, "p": 81, "v": 77}], "pos": 1.0, "size": 1.0, "_time": 66.5625, "shift": 0.0, "time": 66.5625}, {"$id": 279, "type": 0, "sounds": [{"w": 0.0, "d": 2.30859375, "p": 59, "v": 42}], "pos": 0.0, "size": 1.0, "_time": 69.578125, "shift": 0.0, "time": 69.578125}, {"$id": 280, "type": 0, "sounds": [{"w": 0.0, "d": 2.28125, "p": 83, "v": 38}], "pos": 2.0, "size": 1.2, "_time": 69.60156, "shift": 0.0, "time": 69.60156}, {"$id": 281, "type": 0, "sounds": [{"w": 0.0, "d": 2.46484375, "p": 36, "v": 70}], "pos": 2.0, "size": 1.0, "_time": 72.55078, "shift": 0.0, "time": 72.55078}, {"$id": 282, "type": 0, "sounds": [{"w": 0.0, "d": 0.38671875, "p": 83, "v": 70}], "pos": -0.5, "size": 1.0, "_time": 72.55469, "shift": 0.0, "time": 72.55469}, {"$id": 283, "type": 0, "sounds": [{"w": 0.0, "d": 0.44921875, "p": 81, "v": 65}], "pos": -1.5, "size": 1.0, "_time": 72.9375, "shift": 0.0, "time": 72.9375}, {"$id": 284, "type": 0, "sounds": [{"w": 0.0, "d": 1.5859375, "p": 86, "v": 63}], "pos": 1.47222185, "size": 1.0, "_time": 73.3125, "shift": 0.0, "time": 73.3125}, {"$id": 285, "type": 0, "sounds": [{"w": 0.0, "d": 1.2578125, "p": 83, "v": 72}], "pos": -0.5, "size": 1.0, "_time": 73.6875, "shift": 0.0, "time": 73.6875}, {"$id": 286, "type": 0, "pos": 1.0, "size": 0.799999952, "_time": 73.875, "shift": 0.0, "time": 73.875}, {"$id": 287, "type": 0, "pos": -0.5, "size": 0.799999952, "_time": 74.0625, "shift": 0.0, "time": 74.0625}, {"$id": 288, "type": 0, "pos": 1.5, "size": 0.799999952, "_time": 74.4375, "shift": 0.0, "time": 74.4375}, {"$id": 289, "type": 0, "pos": 0.6944445, "size": 0.799999952, "_time": 74.8125, "shift": 0.0, "time": 74.8125}, {"$id": 290, "type": 0, "pos": -1.08333385, "size": 0.799999952, "_time": 75.0, "shift": 0.0, "time": 75.0}, {"$id": 291, "type": 0, "pos": 2.0, "size": 0.799999952, "_time": 75.1875, "shift": 0.0, "time": 75.1875}, {"$id": 292, "type": 0, "sounds": [{"w": 0.0, "d": 2.3984375, "p": 35, "v": 63}], "pos": 1.5, "size": 1.0, "_time": 75.546875, "shift": 0.0, "time": 75.546875}, {"$id": 293, "type": 0, "sounds": [{"w": 0.0, "d": 0.4453125, "p": 81, "v": 79}], "pos": -0.5277792, "size": 1.0, "_time": 75.5625, "shift": 0.0, "time": 75.5625}, {"$id": 294, "type": 0, "sounds": [{"w": 0.0, "d": 0.38671875, "p": 79, "v": 55}], "pos": -2.0, "size": 1.0, "_time": 75.9375, "shift": 0.0, "time": 75.9375}, {"$id": 295, "type": 0, "sounds": [{"w": 0.0, "d": 0.4453125, "p": 86, "v": 70}], "pos": 0.5, "size": 1.0, "_time": 76.3125, "shift": 0.0, "time": 76.3125}, {"$id": 296, "type": 0, "sounds": [{"w": 0.0, "d": 1.09375, "p": 78, "v": 50}], "pos": -1.0, "size": 1.0, "_time": 76.6875, "shift": 0.0, "time": 76.6875}, {"$id": 297, "type": 0, "pos": 0.25, "size": 0.799999952, "_time": 77.0625, "shift": 0.0, "time": 77.0625}, {"$id": 298, "type": 0, "pos": 1.416667, "size": 0.799999952, "_time": 77.4375, "shift": 0.0, "time": 77.4375}, {"$id": 299, "type": 0, "pos": -1.0, "size": 0.799999952, "_time": 77.625, "shift": 0.0, "time": 77.625}, {"$id": 300, "type": 0, "pos": 0.7499999, "size": 0.799999952, "_time": 77.8125, "shift": 0.0, "time": 77.8125}, {"$id": 301, "type": 0, "pos": -2.0, "size": 0.799999952, "_time": 78.0, "shift": 0.0, "time": 78.0}, {"$id": 302, "type": 0, "pos": -2.0, "size": 0.799999952, "_time": 78.1875, "shift": 0.0, "time": 78.1875}, {"$id": 303, "type": 0, "sounds": [{"w": 0.0, "d": 2.24609375, "p": 36, "v": 63}], "pos": -0.2777786, "size": 1.0, "_time": 78.5625, "shift": 0.0, "time": 78.5625}, {"$id": 304, "type": 0, "sounds": [{"w": 0.0, "d": 0.4140625, "p": 83, "v": 81}], "pos": 1.49999976, "size": 1.0, "_time": 78.5625, "shift": 0.0, "time": 78.5625}, {"$id": 305, "type": 0, "sounds": [{"w": 0.0, "d": 0.359375, "p": 81, "v": 63}], "pos": -1.0, "size": 1.0, "_time": 78.9375, "shift": 0.0, "time": 78.9375}, {"$id": 306, "type": 0, "sounds": [{"w": 0.0, "d": 0.359375, "p": 86, "v": 53}], "pos": 1.0, "size": 1.0, "_time": 79.3125, "shift": 0.0, "time": 79.3125}, {"$id": 307, "type": 0, "sounds": [{"w": 0.0, "d": 1.05859375, "p": 83, "v": 47}], "pos": -1.5, "size": 1.0, "_time": 79.6875, "shift": 0.0, "time": 79.6875}, {"$id": 308, "type": 0, "pos": 0.5, "size": 0.799999952, "_time": 79.875, "shift": 0.0, "time": 79.875}, {"$id": 309, "type": 0, "pos": -1.5, "size": 0.799999952, "_time": 80.0625, "shift": 0.0, "time": 80.0625}, {"$id": 310, "type": 0, "pos": 2.0, "size": 0.799999952, "_time": 80.4375, "shift": 0.0, "time": 80.4375}, {"$id": 311, "type": 0, "sounds": [{"w": 0.0, "d": 0.4453125, "p": 78, "v": 59}], "pos": -0.138888359, "size": 1.0, "_time": 80.8125, "shift": 0.0, "time": 80.8125}, {"$id": 312, "type": 0, "sounds": [{"w": 0.0, "d": 0.5625, "p": 79, "v": 63}], "pos": 1.5, "size": 1.0, "_time": 81.1875, "shift": 0.0, "time": 81.1875}, {"$id": 313, "type": 0, "sounds": [{"w": 0.0, "d": 2.60546875, "p": 40, "v": 50}], "pos": -0.5, "size": 1.0, "_time": 81.53906, "shift": 0.0, "time": 81.53906}, {"$id": 314, "type": 0, "sounds": [{"w": 0.0, "d": 0.8046875, "p": 78, "v": 84}], "pos": -2.0, "size": 1.0, "_time": 81.5625, "shift": 0.0, "time": 81.5625}, {"$id": 315, "type": 0, "sounds": [{"w": 0.0, "d": 0.7421875, "p": 79, "v": 79}], "pos": -0.319445252, "size": 1.0, "_time": 82.3125, "shift": 0.0, "time": 82.3125}, {"$id": 316, "type": 0, "sounds": [{"w": 0.0, "d": 1.1953125, "p": 86, "v": 93}], "pos": 1.388888, "size": 1.0, "_time": 83.0625, "shift": 0.0, "time": 83.0625}, {"$id": 317, "type": 0, "pos": -2.0, "size": 0.9, "_time": 83.25, "shift": 0.0, "time": 83.25}, {"$id": 318, "type": 0, "pos": -1.222223, "size": 0.9, "_time": 83.3125, "shift": 0.0, "time": 83.3125}, {"$id": 319, "type": 0, "pos": -0.583333254, "size": 0.9, "_time": 83.375, "shift": 0.0, "time": 83.375}, {"$id": 320, "type": 0, "pos": -0.0833345652, "size": 1.0, "_time": 83.4375, "shift": 0.0, "time": 83.4375}, {"$id": 321, "type": 0, "pos": 0.388888955, "size": 1.1, "_time": 83.5, "shift": 0.0, "time": 83.5}, {"$id": 322, "type": 0, "pos": 0.7499999, "size": 1.1, "_time": 83.5625, "shift": 0.0, "time": 83.5625}, {"$id": 323, "type": 0, "pos": 1.08333445, "size": 1.2, "_time": 83.625, "shift": 0.0, "time": 83.625}, {"$id": 324, "type": 0, "pos": 1.30555534, "size": 1.30000007, "_time": 83.6875, "shift": 0.0, "time": 83.6875}, {"$id": 325, "type": 0, "pos": 1.416667, "size": 1.30000007, "_time": 83.75, "shift": 0.0, "time": 83.75}, {"$id": 326, "type": 0, "pos": 1.00000024, "size": 1.2, "_time": 83.8125, "shift": 0.0, "time": 83.8125}, {"$id": 327, "type": 0, "pos": 0.361111641, "size": 1.1, "_time": 83.875, "shift": 0.0, "time": 83.875}, {"$id": 328, "type": 0, "pos": -0.22222136, "size": 1.1, "_time": 83.9375, "shift": 0.0, "time": 83.9375}, {"$id": 329, "type": 0, "pos": -0.6111106, "size": 1.2, "_time": 84.0, "shift": 0.0, "time": 84.0}, {"$id": 330, "type": 0, "pos": -0.805556357, "size": 1.2, "_time": 84.0625, "shift": 0.0, "time": 84.0625}, {"$id": 331, "type": 0, "pos": -0.527777553, "size": 1.1, "_time": 84.125, "shift": 0.0, "time": 84.125}, {"$id": 332, "type": 0, "pos": -0.194445044, "size": 1.1, "_time": 84.1875, "shift": 0.0, "time": 84.1875}, {"$id": 333, "type": 0, "pos": 0.444444776, "size": 1.0, "_time": 84.25, "shift": 0.0, "time": 84.25}, {"$id": 334, "type": 0, "pos": 1.16666865, "size": 0.9, "_time": 84.3125, "shift": 0.0, "time": 84.3125}, {"$id": 335, "type": 0, "pos": 2.0, "size": 0.9, "_time": 84.375, "shift": 0.0, "time": 84.375}, {"$id": 336, "type": 0, "sounds": [{"w": 0.0, "d": 2.4609375, "p": 36, "v": 70}], "pos": 0.416666925, "size": 1.30000007, "_time": 84.5625, "shift": 0.0, "time": 84.5625}, {"$id": 337, "type": 0, "sounds": [{"w": 0.0, "d": 0.3828125, "p": 83, "v": 70}], "pos": -1.5, "size": 1.2, "_time": 84.56641, "shift": 0.0, "time": 84.56641}, {"$id": 338, "type": 0, "pos": 0.888889432, "size": 1.0, "_time": 84.65625, "shift": 0.0, "time": 84.65625}, {"$id": 339, "type": 0, "pos": 1.47222149, "size": 0.9, "_time": 84.75, "shift": 0.0, "time": 84.75}, {"$id": 340, "type": 0, "pos": 1.83333325, "size": 0.9, "_time": 84.84375, "shift": 0.0, "time": 84.84375}, {"$id": 341, "type": 0, "pos": 2.0, "size": 0.799999952, "_time": 84.9375, "shift": 0.0, "time": 84.9375}, {"$id": 342, "type": 0, "sounds": [{"w": 0.0, "d": 0.44921875, "p": 81, "v": 65}], "pos": -0.277777553, "size": 1.2, "_time": 84.96094, "shift": 0.0, "time": 84.96094}, {"$id": 343, "type": 0, "pos": -0.611112, "size": 1.0, "_time": 85.03125, "shift": 0.0, "time": 85.03125}, {"$id": 344, "type": 0, "pos": -1.08333421, "size": 1.0, "_time": 85.125, "shift": 0.0, "time": 85.125}, {"$id": 345, "type": 0, "pos": -0.5, "size": 1.0, "_time": 85.21875, "shift": 0.0, "time": 85.21875}, {"$id": 346, "type": 0, "sounds": [{"w": 0.0, "d": 1.5859375, "p": 86, "v": 63}], "pos": 2.0, "size": 1.2, "_time": 85.3125, "shift": 0.0, "time": 85.3125}, {"$id": 347, "type": 0, "pos": 0.0, "size": 1.0, "_time": 85.3125, "shift": 0.0, "time": 85.3125}, {"$id": 348, "type": 0, "pos": 1.58333516, "size": 1.0, "_time": 85.40625, "shift": 0.0, "time": 85.40625}, {"$id": 349, "type": 0, "pos": 1.08333325, "size": 1.0, "_time": 85.5, "shift": 0.0, "time": 85.5}, {"$id": 350, "type": 0, "pos": 0.6944439, "size": 0.799999952, "_time": 85.59375, "shift": 0.0, "time": 85.59375}, {"$id": 351, "type": 0, "sounds": [{"w": 0.0, "d": 1.2578125, "p": 83, "v": 72}], "pos": -1.56944752, "size": 1.2, "_time": 85.6875, "shift": 0.0, "time": 85.6875}, {"$id": 352, "type": 0, "pos": 0.305555463, "size": 0.9, "_time": 85.6875, "shift": 0.0, "time": 85.6875}, {"$id": 353, "type": 0, "pos": -1.0833329, "size": 1.0, "_time": 85.78125, "shift": 0.0, "time": 85.78125}, {"$id": 354, "type": 0, "pos": -0.5277774, "size": 1.1, "_time": 85.875, "shift": 0.0, "time": 85.875}, {"$id": 355, "type": 0, "pos": -0.305555344, "size": 1.2, "_time": 85.96875, "shift": 0.0, "time": 85.96875}, {"$id": 356, "type": 0, "pos": 1.0, "size": 1.0, "_time": 86.0625, "shift": 0.0, "time": 86.0625}, {"$id": 357, "type": 0, "pos": -0.527778447, "size": 1.1, "_time": 86.0625, "shift": 0.0, "time": 86.0625}, {"$id": 358, "type": 0, "pos": -0.9999998, "size": 1.0, "_time": 86.15625, "shift": 0.0, "time": 86.15625}, {"$id": 359, "type": 0, "pos": -1.61111009, "size": 1.1, "_time": 86.25, "shift": 0.0, "time": 86.25}, {"$id": 360, "type": 0, "pos": -1.94444418, "size": 1.1, "_time": 86.34375, "shift": 0.0, "time": 86.34375}, {"$id": 361, "type": 0, "pos": 1.5, "size": 1.0, "_time": 86.4375, "shift": 0.0, "time": 86.4375}, {"$id": 362, "type": 0, "pos": -1.86111283, "size": 1.2, "_time": 86.4375, "shift": 0.0, "time": 86.4375}, {"$id": 363, "type": 0, "pos": -1.611111, "size": 1.1, "_time": 86.53125, "shift": 0.0, "time": 86.53125}, {"$id": 364, "type": 0, "pos": -1.02777815, "size": 1.0, "_time": 86.625, "shift": 0.0, "time": 86.625}, {"$id": 365, "type": 0, "pos": -0.333332717, "size": 1.0, "_time": 86.71875, "shift": 0.0, "time": 86.71875}, {"$id": 366, "type": 0, "pos": 1.0, "size": 1.0, "_time": 86.8125, "shift": 0.0, "time": 86.8125}, {"$id": 367, "type": 0, "pos": -0.999998748, "size": 1.0, "_time": 86.8125, "shift": 0.0, "time": 86.8125}, {"$id": 368, "type": 0, "pos": -1.49999964, "size": 1.1, "_time": 86.90625, "shift": 0.0, "time": 86.90625}, {"$id": 369, "type": 0, "pos": 2.0, "size": 1.0, "_time": 87.0, "shift": 0.0, "time": 87.0}, {"$id": 370, "type": 0, "pos": -1.83333421, "size": 1.2, "_time": 87.0, "shift": 0.0, "time": 87.0}, {"$id": 371, "type": 0, "pos": -2.0, "size": 1.2, "_time": 87.09375, "shift": 0.0, "time": 87.09375}, {"$id": 372, "type": 0, "pos": 2.0, "size": 1.0, "_time": 87.1875, "shift": 0.0, "time": 87.1875}, {"$id": 373, "type": 0, "pos": -1.61111116, "size": 1.1, "_time": 87.1875, "shift": 0.0, "time": 87.1875}, {"$id": 374, "type": 0, "pos": -1.083334, "size": 1.0, "_time": 87.28125, "shift": 0.0, "time": 87.28125}, {"$id": 375, "type": 0, "pos": -0.111110672, "size": 1.0, "_time": 87.375, "shift": 0.0, "time": 87.375}, {"$id": 376, "type": 0, "sounds": [{"w": 0.0, "d": 2.40234375, "p": 35, "v": 63}], "pos": -1.0, "size": 1.30000007, "_time": 87.55469, "shift": 0.0, "time": 87.55469}, {"$id": 377, "type": 0, "sounds": [{"w": 0.0, "d": 0.44921875, "p": 81, "v": 79}], "pos": 1.25, "size": 1.2, "_time": 87.57031, "shift": 0.0, "time": 87.57031}, {"$id": 378, "type": 0, "pos": 0.722222865, "size": 1.0, "_time": 87.65625, "shift": 0.0, "time": 87.65625}, {"$id": 379, "type": 0, "pos": 0.1388889, "size": 1.0, "_time": 87.75, "shift": 0.0, "time": 87.75}, {"$id": 380, "type": 0, "pos": 0.583333969, "size": 1.0, "_time": 87.84375, "shift": 0.0, "time": 87.84375}, {"$id": 381, "type": 0, "pos": 0.9722223, "size": 0.9, "_time": 87.9375, "shift": 0.0, "time": 87.9375}, {"$id": 382, "type": 0, "sounds": [{"w": 0.0, "d": 0.38671875, "p": 79, "v": 55}], "pos": -2.0, "size": 1.2, "_time": 87.94531, "shift": 0.0, "time": 87.94531}, {"$id": 383, "type": 0, "pos": -1.47222173, "size": 1.0, "_time": 88.03125, "shift": 0.0, "time": 88.03125}, {"$id": 384, "type": 0, "pos": -0.972223, "size": 1.0, "_time": 88.125, "shift": 0.0, "time": 88.125}, {"$id": 385, "type": 0, "pos": -0.555554152, "size": 0.9, "_time": 88.21875, "shift": 0.0, "time": 88.21875}, {"$id": 386, "type": 0, "pos": -0.36111182, "size": 0.9, "_time": 88.3125, "shift": 0.0, "time": 88.3125}, {"$id": 387, "type": 0, "sounds": [{"w": 0.0, "d": 0.44921875, "p": 86, "v": 70}], "pos": 2.0, "size": 1.2, "_time": 88.32031, "shift": 0.0, "time": 88.32031}, {"$id": 388, "type": 0, "pos": 1.55555558, "size": 1.0, "_time": 88.40625, "shift": 0.0, "time": 88.40625}, {"$id": 389, "type": 0, "pos": 0.8888883, "size": 1.0, "_time": 88.5, "shift": 0.0, "time": 88.5}, {"$id": 390, "type": 0, "pos": 0.38888967, "size": 1.0, "_time": 88.59375, "shift": 0.0, "time": 88.59375}, {"$id": 391, "type": 0, "pos": 0.0555550754, "size": 0.9, "_time": 88.6875, "shift": 0.0, "time": 88.6875}, {"$id": 392, "type": 0, "sounds": [{"w": 0.0, "d": 1.09765625, "p": 78, "v": 50}], "pos": -2.0, "size": 1.2, "_time": 88.69531, "shift": 0.0, "time": 88.69531}, {"$id": 393, "type": 0, "pos": -1.5000006, "size": 1.0, "_time": 88.78125, "shift": 0.0, "time": 88.78125}, {"$id": 394, "type": 0, "pos": -0.722221851, "size": 1.0, "_time": 88.875, "shift": 0.0, "time": 88.875}, {"$id": 395, "type": 0, "pos": -0.333333582, "size": 1.2, "_time": 88.96875, "shift": 0.0, "time": 88.96875}, {"$id": 396, "type": 0, "pos": 2.0, "size": 1.0, "_time": 89.0625, "shift": 0.0, "time": 89.0625}, {"$id": 397, "type": 0, "pos": -0.05555579, "size": 1.2, "_time": 89.0625, "shift": 0.0, "time": 89.0625}, {"$id": 398, "type": 0, "pos": -0.222221017, "size": 1.2, "_time": 89.15625, "shift": 0.0, "time": 89.15625}, {"$id": 399, "type": 0, "pos": -0.555555642, "size": 1.1, "_time": 89.25, "shift": 0.0, "time": 89.25}, {"$id": 400, "type": 0, "pos": -1.22222281, "size": 1.0, "_time": 89.34375, "shift": 0.0, "time": 89.34375}, {"$id": 401, "type": 0, "pos": 0.5, "size": 1.0, "_time": 89.4375, "shift": 0.0, "time": 89.4375}, {"$id": 402, "type": 0, "pos": -1.88888884, "size": 1.2, "_time": 89.4375, "shift": 0.0, "time": 89.4375}, {"$id": 403, "type": 0, "pos": -1.69444513, "size": 1.1, "_time": 89.53125, "shift": 0.0, "time": 89.53125}, {"$id": 404, "type": 0, "pos": -1.33333218, "size": 1.1, "_time": 89.625, "shift": 0.0, "time": 89.625}, {"$id": 405, "type": 0, "pos": -0.888889134, "size": 1.0, "_time": 89.71875, "shift": 0.0, "time": 89.71875}, {"$id": 406, "type": 0, "pos": 2.0, "size": 1.0, "_time": 89.8125, "shift": 0.0, "time": 89.8125}, {"$id": 407, "type": 0, "pos": -0.361112, "size": 0.9, "_time": 89.8125, "shift": 0.0, "time": 89.8125}, {"$id": 408, "type": 0, "pos": 0.277777672, "size": 0.9, "_time": 89.90625, "shift": 0.0, "time": 89.90625}, {"$id": 409, "type": 0, "pos": 0.916666746, "size": 0.799999952, "_time": 90.0, "shift": 0.0, "time": 90.0}, {"$id": 410, "type": 0, "sounds": [{"w": 0.0, "d": 0.21875, "p": 74, "v": 65}], "pos": -1.08333373, "size": 1.0, "_time": 90.1875, "shift": 0.0, "time": 90.1875}, {"$id": 411, "type": 0, "sounds": [{"w": 0.0, "d": 0.08203125, "p": 76, "v": 65}], "pos": 0.5, "size": 1.0, "_time": 90.375, "shift": 0.0, "time": 90.375}, {"$id": 412, "type": 0, "sounds": [{"w": 0.0, "d": 2.37109375, "p": 53, "v": 56}], "pos": -1.5, "size": 1.2, "_time": 90.546875, "shift": 0.0, "time": 90.546875}, {"$id": 413, "type": 0, "sounds": [{"w": 0.0, "d": 1.71484375, "p": 76, "v": 84}], "pos": 1.5, "size": 1.2, "_time": 90.55078, "shift": 0.0, "time": 90.55078}, {"$id": 414, "type": 0, "pos": 0.9999999, "size": 1.0, "_time": 90.65625, "shift": 0.0, "time": 90.65625}, {"$id": 415, "type": 0, "pos": 0.416666836, "size": 1.1, "_time": 90.75, "shift": 0.0, "time": 90.75}, {"$id": 416, "type": 0, "pos": 0.05555594, "size": 1.2, "_time": 90.84375, "shift": 0.0, "time": 90.84375}, {"$id": 417, "type": 0, "pos": -2.0, "size": 1.0, "_time": 90.9375, "shift": 0.0, "time": 90.9375}, {"$id": 418, "type": 0, "pos": -0.16666609, "size": 1.2, "_time": 90.9375, "shift": 0.0, "time": 90.9375}, {"$id": 419, "type": 0, "pos": 0.0277775526, "size": 1.2, "_time": 91.03125, "shift": 0.0, "time": 91.03125}, {"$id": 420, "type": 0, "pos": 0.5, "size": 1.1, "_time": 91.125, "shift": 0.0, "time": 91.125}, {"$id": 421, "type": 0, "pos": 1.05555558, "size": 1.0, "_time": 91.21875, "shift": 0.0, "time": 91.21875}, {"$id": 422, "type": 0, "pos": -1.0, "size": 1.0, "_time": 91.3125, "shift": 0.0, "time": 91.3125}, {"$id": 423, "type": 0, "pos": 1.61111116, "size": 1.0, "_time": 91.3125, "shift": 0.0, "time": 91.3125}, {"$id": 424, "type": 0, "pos": 0.9166656, "size": 1.0, "_time": 91.40625, "shift": 0.0, "time": 91.40625}, {"$id": 425, "type": 0, "pos": 0.444445252, "size": 1.1, "_time": 91.5, "shift": 0.0, "time": 91.5}, {"$id": 426, "type": 0, "pos": 0.138888091, "size": 1.2, "_time": 91.59375, "shift": 0.0, "time": 91.59375}, {"$id": 427, "type": 0, "pos": -1.41666651, "size": 1.0, "_time": 91.6875, "shift": 0.0, "time": 91.6875}, {"$id": 428, "type": 0, "pos": -0.0833328962, "size": 1.2, "_time": 91.6875, "shift": 0.0, "time": 91.6875}, {"$id": 429, "type": 0, "pos": 0.08333334, "size": 1.2, "_time": 91.78125, "shift": 0.0, "time": 91.78125}, {"$id": 430, "type": 0, "pos": 0.416666865, "size": 1.1, "_time": 91.875, "shift": 0.0, "time": 91.875}, {"$id": 431, "type": 0, "pos": 0.861111, "size": 1.0, "_time": 91.96875, "shift": 0.0, "time": 91.96875}, {"$id": 432, "type": 0, "pos": -1.94444466, "size": 1.0, "_time": 92.0625, "shift": 0.0, "time": 92.0625}, {"$id": 433, "type": 0, "pos": 1.5, "size": 1.0, "_time": 92.0625, "shift": 0.0, "time": 92.0625}, {"$id": 434, "type": 0, "pos": 0.972222447, "size": 1.0, "_time": 92.15625, "shift": 0.0, "time": 92.15625}, {"$id": 435, "type": 0, "pos": 0.527778447, "size": 1.1, "_time": 92.25, "shift": 0.0, "time": 92.25}, {"$id": 436, "type": 0, "pos": 0.305556357, "size": 1.1, "_time": 92.34375, "shift": 0.0, "time": 92.34375}, {"$id": 437, "type": 0, "pos": -1.33333325, "size": 1.0, "_time": 92.4375, "shift": 0.0, "time": 92.4375}, {"$id": 438, "type": 0, "pos": 0.6111105, "size": 1.0, "_time": 92.4375, "shift": 0.0, "time": 92.4375}, {"$id": 439, "type": 0, "pos": 1.19444346, "size": 1.0, "_time": 92.53125, "shift": 0.0, "time": 92.53125}, {"$id": 440, "type": 0, "pos": 2.0, "size": 1.0, "_time": 92.625, "shift": 0.0, "time": 92.625}, {"$id": 441, "type": 0, "sounds": [{"w": 0.0, "d": 0.5, "p": 79, "v": 72}], "pos": 1.66666734, "size": 1.0, "_time": 92.8125, "shift": 0.0, "time": 92.8125}, {"$id": 442, "type": 0, "pos": 0.8888894, "size": 1.0, "_time": 92.90625, "shift": 0.0, "time": 92.90625}, {"$id": 443, "type": 0, "pos": 0.11111065, "size": 1.0, "_time": 93.0, "shift": 0.0, "time": 93.0}, {"$id": 444, "type": 0, "pos": -0.499999642, "size": 0.9, "_time": 93.09375, "shift": 0.0, "time": 93.09375}, {"$id": 445, "type": 0, "pos": -0.916667461, "size": 0.799999952, "_time": 93.1875, "shift": 0.0, "time": 93.1875}, {"$id": 446, "type": 0, "pos": -1.11111, "size": 0.799999952, "_time": 93.28125, "shift": 0.0, "time": 93.28125}, {"$id": 447, "type": 0, "pos": -1.22222245, "size": 0.799999952, "_time": 93.375, "shift": 0.0, "time": 93.375}, {"$id": 448, "type": 0, "sounds": [{"w": 0.0, "d": 2.60546875, "p": 43, "v": 50}], "pos": -2.0, "size": 1.0, "_time": 93.55078, "shift": 0.0, "time": 93.55078}, {"$id": 449, "type": 0, "sounds": [{"w": 0.0, "d": 1.3125, "p": 74, "v": 61}], "pos": 1.0, "size": 1.0, "_time": 93.5625, "shift": 0.0, "time": 93.5625}, {"$id": 450, "type": 0, "pos": -1.44444454, "size": 1.0, "_time": 93.65625, "shift": 0.0, "time": 93.65625}, {"$id": 451, "type": 0, "pos": -0.74999994, "size": 1.1, "_time": 93.75, "shift": 0.0, "time": 93.75}, {"$id": 452, "type": 0, "pos": -0.305555522, "size": 1.1, "_time": 93.84375, "shift": 0.0, "time": 93.84375}, {"$id": 453, "type": 0, "pos": 2.0, "size": 1.0, "_time": 93.9375, "shift": 0.0, "time": 93.9375}, {"$id": 454, "type": 0, "pos": 0.0, "size": 1.2, "_time": 93.9375, "shift": 0.0, "time": 93.9375}, {"$id": 455, "type": 0, "pos": -0.0555553436, "size": 1.2, "_time": 94.03125, "shift": 0.0, "time": 94.03125}, {"$id": 456, "type": 0, "pos": -0.36111176, "size": 1.1, "_time": 94.125, "shift": 0.0, "time": 94.125}, {"$id": 457, "type": 0, "pos": -0.833333135, "size": 1.1, "_time": 94.21875, "shift": 0.0, "time": 94.21875}, {"$id": 458, "type": 0, "pos": 1.0, "size": 1.0, "_time": 94.3125, "shift": 0.0, "time": 94.3125}, {"$id": 459, "type": 0, "pos": -1.555556, "size": 1.1, "_time": 94.3125, "shift": 0.0, "time": 94.3125}, {"$id": 460, "type": 0, "pos": -1.86111116, "size": 1.2, "_time": 94.40625, "shift": 0.0, "time": 94.40625}, {"$id": 461, "type": 0, "pos": -1.80555642, "size": 1.2, "_time": 94.5, "shift": 0.0, "time": 94.5}, {"$id": 462, "type": 0, "pos": -1.61111069, "size": 1.2, "_time": 94.59375, "shift": 0.0, "time": 94.59375}, {"$id": 463, "type": 0, "pos": 1.0, "size": 1.0, "_time": 94.6875, "shift": 0.0, "time": 94.6875}, {"$id": 464, "type": 0, "pos": -1.16666651, "size": 1.1, "_time": 94.6875, "shift": 0.0, "time": 94.6875}, {"$id": 465, "type": 0, "pos": -0.666666865, "size": 1.0, "_time": 94.78125, "shift": 0.0, "time": 94.78125}, {"$id": 466, "type": 0, "pos": 1.5, "size": 1.0, "_time": 94.875, "shift": 0.0, "time": 94.875}, {"$id": 467, "type": 0, "pos": 2.38418579e-07, "size": 1.0, "_time": 94.875, "shift": 0.0, "time": 94.875}, {"$id": 468, "type": 0, "sounds": [{"w": 0.0, "d": 0.6875, "p": 72, "v": 70}], "pos": 1.5, "size": 1.0, "_time": 95.0625, "shift": 0.0, "time": 95.0625}, {"$id": 469, "type": 0, "pos": 0.94444406, "size": 1.0, "_time": 95.15625, "shift": 0.0, "time": 95.15625}, {"$id": 470, "type": 0, "pos": 0.444445252, "size": 1.1, "_time": 95.25, "shift": 0.0, "time": 95.25}, {"$id": 471, "type": 0, "pos": 0.05555597, "size": 1.2, "_time": 95.34375, "shift": 0.0, "time": 95.34375}, {"$id": 472, "type": 0, "pos": -0.1666671, "size": 1.2, "_time": 95.4375, "shift": 0.0, "time": 95.4375}, {"$id": 473, "type": 0, "pos": 0.0277775228, "size": 1.2, "_time": 95.53125, "shift": 0.0, "time": 95.53125}, {"$id": 474, "type": 0, "pos": 0.5, "size": 1.1, "_time": 95.625, "shift": 0.0, "time": 95.625}, {"$id": 475, "type": 0, "pos": 1.13888872, "size": 1.0, "_time": 95.71875, "shift": 0.0, "time": 95.71875}, {"$id": 476, "type": 0, "sounds": [{"w": 0.0, "d": 0.75, "p": 71, "v": 59}], "pos": -1.5, "size": 1.0, "_time": 95.8125, "shift": 0.0, "time": 95.8125}, {"$id": 477, "type": 0, "pos": -0.94444406, "size": 1.0, "_time": 95.90625, "shift": 0.0, "time": 95.90625}, {"$id": 478, "type": 0, "pos": -0.388889521, "size": 1.1, "_time": 96.0, "shift": 0.0, "time": 96.0}, {"$id": 479, "type": 0, "pos": -1.78813934e-07, "size": 1.2, "_time": 96.09375, "shift": 0.0, "time": 96.09375}, {"$id": 480, "type": 0, "pos": 0.111111343, "size": 1.2, "_time": 96.1875, "shift": 0.0, "time": 96.1875}, {"$id": 481, "type": 0, "pos": -0.08333331, "size": 1.1, "_time": 96.28125, "shift": 0.0, "time": 96.28125}, {"$id": 482, "type": 0, "pos": -0.5, "size": 1.1, "_time": 96.375, "shift": 0.0, "time": 96.375}, {"$id": 483, "type": 0, "pos": -1.0833329, "size": 1.0, "_time": 96.46875, "shift": 0.0, "time": 96.46875}, {"$id": 484, "type": 0, "sounds": [{"w": 0.0, "d": 2.98828125, "p": 69, "v": 56}], "pos": -2.0, "size": 1.50000012, "_time": 96.5625, "shift": 0.0, "time": 96.5625}, {"$id": 485, "type": 0, "sounds": [{"w": 0.0, "d": 0.35546875, "p": 64, "v": 52}], "pos": 2.0, "size": 1.2, "_time": 96.58203, "shift": 0.0, "time": 96.58203}, {"$id": 486, "type": 0, "sounds": [{"w": 0.0, "d": 0.1875, "p": 53, "v": 54}], "pos": -1.5, "size": 1.0, "_time": 96.75, "shift": 0.0, "time": 96.75}, {"$id": 487, "type": 0, "sounds": [{"w": 0.0, "d": 0.1875, "p": 57, "v": 48}], "pos": 0.0, "size": 1.0, "_time": 96.9375, "shift": 0.0, "time": 96.9375}, {"$id": 488, "type": 0, "sounds": [{"w": 0.0, "d": 0.1875, "p": 59, "v": 54}], "pos": -1.5, "size": 1.0, "_time": 97.125, "shift": 0.0, "time": 97.125}, {"$id": 489, "type": 0, "sounds": [{"w": 0.0, "d": 0.1875, "p": 60, "v": 54}], "pos": 0.0, "size": 1.0, "_time": 97.3125, "shift": 0.0, "time": 97.3125}, {"$id": 490, "type": 0, "sounds": [{"w": 0.0, "d": 0.1875, "p": 64, "v": 57}], "pos": 1.5, "size": 1.0, "_time": 97.5, "shift": 0.0, "time": 97.5}, {"$id": 491, "type": 0, "sounds": [{"w": 0.0, "d": 0.1875, "p": 41, "v": 57}], "pos": -1.30555522, "size": 1.2, "_time": 97.6875, "shift": 0.0, "time": 97.6875}, {"$id": 492, "type": 0, "sounds": [{"w": 0.0, "d": 0.1875, "p": 53, "v": 51}], "pos": -1.0, "size": 1.0, "_time": 97.875, "shift": 0.0, "time": 97.875}, {"$id": 493, "type": 0, "sounds": [{"w": 0.0, "d": 0.1875, "p": 57, "v": 52}], "pos": 0.5, "size": 1.0, "_time": 98.0625, "shift": 0.0, "time": 98.0625}, {"$id": 494, "type": 0, "sounds": [{"w": 0.0, "d": 0.1875, "p": 59, "v": 49}], "pos": -1.0, "size": 1.0, "_time": 98.25, "shift": 0.0, "time": 98.25}, {"$id": 495, "type": 0, "sounds": [{"w": 0.0, "d": 0.1875, "p": 60, "v": 51}], "pos": 0.5, "size": 1.0, "_time": 98.4375, "shift": 0.0, "time": 98.4375}, {"$id": 496, "type": 0, "sounds": [{"w": 0.0, "d": 0.1875, "p": 64, "v": 55}], "pos": 2.0, "size": 1.0, "_time": 98.625, "shift": 0.0, "time": 98.625}, {"$id": 497, "type": 0, "sounds": [{"w": 0.0, "d": 0.1875, "p": 41, "v": 54}], "pos": -2.0, "size": 1.2, "_time": 98.8125, "shift": 0.0, "time": 98.8125}, {"$id": 498, "type": 0, "sounds": [{"w": 0.0, "d": 0.1875, "p": 53, "v": 57}], "pos": 0.5, "size": 1.0, "_time": 99.0, "shift": 0.0, "time": 99.0}, {"$id": 499, "type": 0, "sounds": [{"w": 0.0, "d": 0.1875, "p": 57, "v": 55}], "pos": 0.5, "size": 1.0, "_time": 99.1875, "shift": 0.0, "time": 99.1875}, {"$id": 500, "type": 0, "sounds": [{"w": 0.0, "d": 0.1875, "p": 59, "v": 58}], "pos": -1.0, "size": 1.0, "_time": 99.375, "shift": 0.0, "time": 99.375}, {"$id": 501, "type": 0, "sounds": [{"w": 0.0, "d": 0.1875, "p": 41, "v": 57}], "pos": 2.0, "size": 1.2, "_time": 99.5625, "shift": 0.0, "time": 99.5625}, {"$id": 502, "type": 0, "sounds": [{"w": 0.0, "d": 0.1875, "p": 53, "v": 39}], "pos": 1.5, "size": 1.0, "_time": 99.75, "shift": 0.0, "time": 99.75}, {"$id": 503, "type": 0, "sounds": [{"w": 0.0, "d": 0.1875, "p": 57, "v": 45}], "pos": 0.0, "size": 1.0, "_time": 99.9375, "shift": 0.0, "time": 99.9375}, {"$id": 504, "type": 0, "sounds": [{"w": 0.0, "d": 0.1875, "p": 59, "v": 54}], "pos": 1.5, "size": 1.0, "_time": 100.125, "shift": 0.0, "time": 100.125}, {"$id": 505, "type": 0, "sounds": [{"w": 0.0, "d": 0.1875, "p": 60, "v": 47}], "pos": 0.0, "size": 1.0, "_time": 100.3125, "shift": 0.0, "time": 100.3125}, {"$id": 506, "type": 0, "sounds": [{"w": 0.0, "d": 0.1875, "p": 64, "v": 42}], "pos": -1.5, "size": 1.0, "_time": 100.5, "shift": 0.0, "time": 100.5}, {"$id": 507, "type": 0, "sounds": [{"w": 0.0, "d": 0.1875, "p": 41, "v": 58}], "pos": 1.0, "size": 1.2, "_time": 100.6875, "shift": 0.0, "time": 100.6875}, {"$id": 508, "type": 0, "sounds": [{"w": 0.0, "d": 0.1875, "p": 53, "v": 54}], "pos": 1.0, "size": 1.0, "_time": 100.875, "shift": 0.0, "time": 100.875}, {"$id": 509, "type": 0, "sounds": [{"w": 0.0, "d": 0.1875, "p": 57, "v": 49}], "pos": -0.5, "size": 1.0, "_time": 101.0625, "shift": 0.0, "time": 101.0625}, {"$id": 510, "type": 0, "sounds": [{"w": 0.0, "d": 0.1875, "p": 59, "v": 54}], "pos": 1.0, "size": 1.0, "_time": 101.25, "shift": 0.0, "time": 101.25}, {"$id": 511, "type": 0, "sounds": [{"w": 0.0, "d": 0.1875, "p": 60, "v": 58}], "pos": -0.5, "size": 1.0, "_time": 101.4375, "shift": 0.0, "time": 101.4375}, {"$id": 512, "type": 0, "sounds": [{"w": 0.0, "d": 0.1875, "p": 64, "v": 56}], "pos": -2.0, "size": 1.0, "_time": 101.625, "shift": 0.0, "time": 101.625}, {"$id": 513, "type": 0, "sounds": [{"w": 0.0, "d": 0.1875, "p": 41, "v": 60}], "pos": 0.5, "size": 1.2, "_time": 101.8125, "shift": 0.0, "time": 101.8125}, {"$id": 514, "type": 0, "sounds": [{"w": 0.0, "d": 0.1875, "p": 53, "v": 59}], "pos": -1.0, "size": 1.0, "_time": 102.0, "shift": 0.0, "time": 102.0}, {"$id": 515, "type": 0, "sounds": [{"w": 0.0, "d": 0.1875, "p": 57, "v": 63}], "pos": -1.0, "size": 1.0, "_time": 102.1875, "shift": 0.0, "time": 102.1875}, {"$id": 516, "type": 0, "sounds": [{"w": 0.0, "d": 0.1875, "p": 59, "v": 54}], "pos": 1.5, "size": 1.0, "_time": 102.375, "shift": 0.0, "time": 102.375}, {"$id": 517, "type": 0, "sounds": [{"w": 0.0, "d": 2.98828125, "p": 74, "v": 56}], "pos": -2.0, "size": 1.0, "_time": 102.5625, "shift": 0.0, "time": 102.5625}, {"$id": 518, "type": 0, "sounds": [{"w": 0.0, "d": 0.1875, "p": 41, "v": 60}], "pos": 0.5, "size": 1.0, "_time": 102.5625, "shift": 0.0, "time": 102.5625}, {"$id": 519, "type": 0, "sounds": [{"w": 0.0, "d": 0.1875, "p": 53, "v": 54}], "pos": -1.52777755, "size": 1.0, "_time": 102.75, "shift": 0.0, "time": 102.75}, {"$id": 520, "type": 0, "sounds": [{"w": 0.0, "d": 0.1875, "p": 57, "v": 48}], "pos": -0.0277775228, "size": 1.0, "_time": 102.9375, "shift": 0.0, "time": 102.9375}, {"$id": 521, "type": 0, "sounds": [{"w": 0.0, "d": 0.1875, "p": 59, "v": 54}], "pos": -1.52777755, "size": 1.0, "_time": 103.125, "shift": 0.0, "time": 103.125}, {"$id": 522, "type": 0, "sounds": [{"w": 0.0, "d": 0.1875, "p": 60, "v": 54}], "pos": -0.0277775228, "size": 1.0, "_time": 103.3125, "shift": 0.0, "time": 103.3125}, {"$id": 523, "type": 0, "sounds": [{"w": 0.0, "d": 0.1875, "p": 64, "v": 57}], "pos": 1.38888931, "size": 1.0, "_time": 103.5, "shift": 0.0, "time": 103.5}, {"$id": 524, "type": 0, "sounds": [{"w": 0.0, "d": 0.1875, "p": 41, "v": 57}], "pos": -1.55555594, "size": 1.2, "_time": 103.6875, "shift": 0.0, "time": 103.6875}, {"$id": 525, "type": 0, "sounds": [{"w": 0.0, "d": 0.1875, "p": 53, "v": 51}], "pos": -0.9305554, "size": 1.0, "_time": 103.875, "shift": 0.0, "time": 103.875}, {"$id": 526, "type": 0, "sounds": [{"w": 0.0, "d": 0.1875, "p": 57, "v": 52}], "pos": 0.5, "size": 1.0, "_time": 104.0625, "shift": 0.0, "time": 104.0625}, {"$id": 527, "type": 0, "sounds": [{"w": 0.0, "d": 0.1875, "p": 59, "v": 49}], "pos": -1.0, "size": 1.0, "_time": 104.25, "shift": 0.0, "time": 104.25}, {"$id": 528, "type": 0, "sounds": [{"w": 0.0, "d": 0.1875, "p": 60, "v": 51}], "pos": 0.5, "size": 1.0, "_time": 104.4375, "shift": 0.0, "time": 104.4375}, {"$id": 529, "type": 0, "sounds": [{"w": 0.0, "d": 0.1875, "p": 64, "v": 55}], "pos": 2.0, "size": 1.0, "_time": 104.625, "shift": 0.0, "time": 104.625}, {"$id": 530, "type": 0, "sounds": [{"w": 0.0, "d": 0.1875, "p": 41, "v": 54}], "pos": -1.5, "size": 1.2, "_time": 104.8125, "shift": 0.0, "time": 104.8125}, {"$id": 531, "type": 0, "sounds": [{"w": 0.0, "d": 0.1875, "p": 53, "v": 57}], "pos": 0.5, "size": 1.0, "_time": 105.0, "shift": 0.0, "time": 105.0}, {"$id": 532, "type": 0, "sounds": [{"w": 0.0, "d": 0.1875, "p": 57, "v": 55}], "pos": 0.5, "size": 1.0, "_time": 105.1875, "shift": 0.0, "time": 105.1875}, {"$id": 533, "type": 0, "sounds": [{"w": 0.0, "d": 0.1875, "p": 59, "v": 58}], "pos": -0.486111641, "size": 1.0, "_time": 105.375, "shift": 0.0, "time": 105.375}, {"$id": 534, "type": 0, "sounds": [{"w": 0.0, "d": 2.98828125, "p": 76, "v": 56}], "pos": 2.0, "size": 1.2, "_time": 105.5625, "shift": 0.0, "time": 105.5625}, {"$id": 535, "type": 0, "sounds": [{"w": 0.0, "d": 0.1875, "p": 53, "v": 39}], "pos": 1.33333254, "size": 1.0, "_time": 105.75, "shift": 0.0, "time": 105.75}, {"$id": 536, "type": 0, "sounds": [{"w": 0.0, "d": 0.1875, "p": 57, "v": 45}], "pos": 0.0277771354, "size": 1.0, "_time": 105.9375, "shift": 0.0, "time": 105.9375}, {"$id": 537, "type": 0, "sounds": [{"w": 0.0, "d": 0.1875, "p": 59, "v": 54}], "pos": 1.33333254, "size": 1.0, "_time": 106.125, "shift": 0.0, "time": 106.125}, {"$id": 538, "type": 0, "sounds": [{"w": 0.0, "d": 0.1875, "p": 60, "v": 47}], "pos": 0.0277771354, "size": 1.0, "_time": 106.3125, "shift": 0.0, "time": 106.3125}, {"$id": 539, "type": 0, "sounds": [{"w": 0.0, "d": 0.1875, "p": 64, "v": 42}], "pos": -1.19444382, "size": 1.0, "_time": 106.5, "shift": 0.0, "time": 106.5}, {"$id": 540, "type": 0, "sounds": [{"w": 0.0, "d": 0.1875, "p": 41, "v": 58}], "pos": 1.5, "size": 1.2, "_time": 106.6875, "shift": 0.0, "time": 106.6875}, {"$id": 541, "type": 0, "sounds": [{"w": 0.0, "d": 0.1875, "p": 53, "v": 54}], "pos": 1.0, "size": 1.0, "_time": 106.875, "shift": 0.0, "time": 106.875}, {"$id": 542, "type": 0, "sounds": [{"w": 0.0, "d": 0.1875, "p": 57, "v": 49}], "pos": -0.5, "size": 1.0, "_time": 107.0625, "shift": 0.0, "time": 107.0625}, {"$id": 543, "type": 0, "sounds": [{"w": 0.0, "d": 0.1875, "p": 59, "v": 54}], "pos": 1.0, "size": 1.0, "_time": 107.25, "shift": 0.0, "time": 107.25}, {"$id": 544, "type": 0, "sounds": [{"w": 0.0, "d": 0.1875, "p": 60, "v": 58}], "pos": -0.5, "size": 1.0, "_time": 107.4375, "shift": 0.0, "time": 107.4375}, {"$id": 545, "type": 0, "sounds": [{"w": 0.0, "d": 0.1875, "p": 64, "v": 56}], "pos": -2.0, "size": 1.0, "_time": 107.625, "shift": 0.0, "time": 107.625}, {"$id": 546, "type": 0, "sounds": [{"w": 0.0, "d": 0.1875, "p": 41, "v": 60}], "pos": 0.5, "size": 1.0, "_time": 107.8125, "shift": 0.0, "time": 107.8125}, {"$id": 547, "type": 0, "sounds": [{"w": 0.0, "d": 0.1875, "p": 53, "v": 59}], "pos": -1.0, "size": 1.0, "_time": 108.0, "shift": 0.0, "time": 108.0}, {"$id": 548, "type": 0, "sounds": [{"w": 0.0, "d": 0.1875, "p": 57, "v": 63}], "pos": 0.5, "size": 1.0, "_time": 108.1875, "shift": 0.0, "time": 108.1875}, {"$id": 549, "type": 0, "sounds": [{"w": 0.0, "d": 0.1875, "p": 59, "v": 54}], "pos": -1.0, "size": 1.0, "_time": 108.375, "shift": 0.0, "time": 108.375}, {"$id": 550, "type": 0, "sounds": [{"w": 0.0, "d": 2.98828125, "p": 69, "v": 56}], "pos": 0.125000417, "size": 1.2, "_time": 108.5625, "shift": 0.0, "time": 108.5625}, {"$id": 551, "type": 0, "sounds": [{"w": 0.0, "d": 0.3671875, "p": 62, "v": 36}], "pos": -2.0, "size": 1.0, "_time": 108.570313, "shift": 0.0, "time": 108.570313}, {"$id": 552, "type": 0, "sounds": [{"w": 0.0, "d": 0.1875, "p": 53, "v": 54}], "pos": -1.2083348, "size": 1.0, "_time": 108.75, "shift": 0.0, "time": 108.75}, {"$id": 553, "type": 0, "sounds": [{"w": 0.0, "d": 0.1875, "p": 57, "v": 48}], "pos": -0.333334625, "size": 1.0, "_time": 108.9375, "shift": 0.0, "time": 108.9375}, {"$id": 554, "type": 0, "sounds": [{"w": 0.0, "d": 0.1875, "p": 59, "v": 54}], "pos": 1.06944406, "size": 1.0, "_time": 109.125, "shift": 0.0, "time": 109.125}, {"$id": 555, "type": 0, "sounds": [{"w": 0.0, "d": 0.1875, "p": 60, "v": 54}], "pos": 0.38888824, "size": 1.0, "_time": 109.3125, "shift": 0.0, "time": 109.3125}, {"$id": 556, "type": 0, "sounds": [{"w": 0.0, "d": 0.1875, "p": 64, "v": 57}], "pos": 2.0, "size": 1.0, "_time": 109.5, "shift": 0.0, "time": 109.5}, {"$id": 557, "type": 0, "sounds": [{"w": 0.0, "d": 0.1875, "p": 41, "v": 57}], "pos": -2.0, "size": 1.2, "_time": 109.6875, "shift": 0.0, "time": 109.6875}, {"$id": 558, "type": 0, "sounds": [{"w": 0.0, "d": 0.1875, "p": 53, "v": 51}], "pos": -0.9583334, "size": 1.0, "_time": 109.875, "shift": 0.0, "time": 109.875}, {"$id": 559, "type": 0, "sounds": [{"w": 0.0, "d": 0.1875, "p": 57, "v": 52}], "pos": -0.0138892978, "size": 1.0, "_time": 110.0625, "shift": 0.0, "time": 110.0625}, {"$id": 560, "type": 0, "sounds": [{"w": 0.0, "d": 0.1875, "p": 59, "v": 49}], "pos": 1.37500036, "size": 1.0, "_time": 110.25, "shift": 0.0, "time": 110.25}, {"$id": 561, "type": 0, "sounds": [{"w": 0.0, "d": 0.1875, "p": 60, "v": 51}], "pos": 0.277776361, "size": 1.0, "_time": 110.4375, "shift": 0.0, "time": 110.4375}, {"$id": 562, "type": 0, "sounds": [{"w": 0.0, "d": 0.1875, "p": 64, "v": 55}], "pos": 2.0, "size": 1.0, "_time": 110.625, "shift": 0.0, "time": 110.625}, {"$id": 563, "type": 0, "sounds": [{"w": 0.0, "d": 0.1875, "p": 41, "v": 54}], "pos": -1.26389027, "size": 1.2, "_time": 110.8125, "shift": 0.0, "time": 110.8125}, {"$id": 564, "type": 0, "sounds": [{"w": 0.0, "d": 0.1875, "p": 53, "v": 57}], "pos": 0.430555582, "size": 1.0, "_time": 111.0, "shift": 0.0, "time": 111.0}, {"$id": 565, "type": 0, "sounds": [{"w": 0.0, "d": 0.1875, "p": 57, "v": 55}], "pos": -0.611112237, "size": 1.0, "_time": 111.1875, "shift": 0.0, "time": 111.1875}, {"$id": 566, "type": 0, "sounds": [{"w": 0.0, "d": 0.1875, "p": 59, "v": 58}], "pos": 1.26388764, "size": 1.0, "_time": 111.375, "shift": 0.0, "time": 111.375}, {"$id": 567, "type": 0, "sounds": [{"w": 0.0, "d": 0.1875, "p": 41, "v": 57}], "pos": 2.0, "size": 1.2, "_time": 111.5625, "shift": 0.0, "time": 111.5625}, {"$id": 568, "type": 0, "sounds": [{"w": 0.0, "d": 0.1875, "p": 53, "v": 39}], "pos": 1.0694443, "size": 1.0, "_time": 111.75, "shift": 0.0, "time": 111.75}, {"$id": 569, "type": 0, "sounds": [{"w": 0.0, "d": 0.1875, "p": 57, "v": 45}], "pos": 0.138887629, "size": 1.0, "_time": 111.9375, "shift": 0.0, "time": 111.9375}, {"$id": 570, "type": 0, "sounds": [{"w": 0.0, "d": 0.1875, "p": 59, "v": 54}], "pos": -1.2916671, "size": 1.0, "_time": 112.125, "shift": 0.0, "time": 112.125}, {"$id": 571, "type": 0, "sounds": [{"w": 0.0, "d": 0.1875, "p": 60, "v": 47}], "pos": -0.416666865, "size": 1.0, "_time": 112.3125, "shift": 0.0, "time": 112.3125}, {"$id": 572, "type": 0, "sounds": [{"w": 0.0, "d": 0.1875, "p": 64, "v": 42}], "pos": -2.0, "size": 1.0, "_time": 112.5, "shift": 0.0, "time": 112.5}, {"$id": 573, "type": 0, "sounds": [{"w": 0.0, "d": 0.1875, "p": 41, "v": 58}], "pos": 2.0, "size": 1.2, "_time": 112.6875, "shift": 0.0, "time": 112.6875}, {"$id": 574, "type": 0, "sounds": [{"w": 0.0, "d": 0.1875, "p": 53, "v": 54}], "pos": 1.20833218, "size": 1.0, "_time": 112.875, "shift": 0.0, "time": 112.875}, {"$id": 575, "type": 0, "sounds": [{"w": 0.0, "d": 0.1875, "p": 57, "v": 49}], "pos": 0.291665852, "size": 1.0, "_time": 113.0625, "shift": 0.0, "time": 113.0625}, {"$id": 576, "type": 0, "sounds": [{"w": 0.0, "d": 0.1875, "p": 59, "v": 54}], "pos": -1.26388991, "size": 1.0, "_time": 113.25, "shift": 0.0, "time": 113.25}, {"$id": 577, "type": 0, "sounds": [{"w": 0.0, "d": 0.1875, "p": 60, "v": 58}], "pos": -0.305556774, "size": 1.0, "_time": 113.4375, "shift": 0.0, "time": 113.4375}, {"$id": 578, "type": 0, "sounds": [{"w": 0.0, "d": 0.1875, "p": 64, "v": 56}], "pos": -2.0, "size": 1.0, "_time": 113.625, "shift": 0.0, "time": 113.625}, {"$id": 579, "type": 0, "sounds": [{"w": 0.0, "d": 0.1875, "p": 41, "v": 60}], "pos": 2.0, "size": 1.2, "_time": 113.8125, "shift": 0.0, "time": 113.8125}, {"$id": 580, "type": 0, "sounds": [{"w": 0.0, "d": 0.1875, "p": 53, "v": 59}], "pos": -0.4305562, "size": 1.0, "_time": 114.0, "shift": 0.0, "time": 114.0}, {"$id": 581, "type": 0, "sounds": [{"w": 0.0, "d": 0.1875, "p": 57, "v": 63}], "pos": 0.8749999, "size": 1.0, "_time": 114.1875, "shift": 0.0, "time": 114.1875}, {"$id": 582, "type": 0, "sounds": [{"w": 0.0, "d": 0.1875, "p": 59, "v": 54}], "pos": -1.09722245, "size": 1.0, "_time": 114.375, "shift": 0.0, "time": 114.375}, {"$id": 583, "type": 0, "sounds": [{"w": 0.0, "d": 2.98828125, "p": 74, "v": 56}], "pos": 0.277777821, "size": 1.2, "_time": 114.5625, "shift": 0.0, "time": 114.5625}, {"$id": 584, "type": 0, "sounds": [{"w": 0.0, "d": 0.1875, "p": 41, "v": 60}], "pos": -2.0, "size": 1.0, "_time": 114.5625, "shift": 0.0, "time": 114.5625}, {"$id": 585, "type": 0, "sounds": [{"w": 0.0, "d": 0.1875, "p": 53, "v": 54}], "pos": 1.0, "size": 1.0, "_time": 114.75, "shift": 0.0, "time": 114.75}, {"$id": 586, "type": 0, "sounds": [{"w": 0.0, "d": 0.1875, "p": 57, "v": 48}], "pos": -0.6805564, "size": 1.0, "_time": 114.9375, "shift": 0.0, "time": 114.9375}, {"$id": 587, "type": 0, "sounds": [{"w": 0.0, "d": 0.1875, "p": 59, "v": 54}], "pos": 0.5416668, "size": 1.0, "_time": 115.125, "shift": 0.0, "time": 115.125}, {"$id": 588, "type": 0, "sounds": [{"w": 0.0, "d": 0.1875, "p": 60, "v": 54}], "pos": -1.00000048, "size": 1.0, "_time": 115.3125, "shift": 0.0, "time": 115.3125}, {"$id": 589, "type": 0, "sounds": [{"w": 0.0, "d": 0.1875, "p": 64, "v": 57}], "pos": 0.222221971, "size": 1.0, "_time": 115.5, "shift": 0.0, "time": 115.5}, {"$id": 590, "type": 0, "sounds": [{"w": 0.0, "d": 0.1875, "p": 41, "v": 57}], "pos": -2.0, "size": 1.0, "_time": 115.6875, "shift": 0.0, "time": 115.6875}, {"$id": 591, "type": 0, "sounds": [{"w": 0.0, "d": 0.1875, "p": 53, "v": 51}], "pos": 1.06944323, "size": 1.0, "_time": 115.875, "shift": 0.0, "time": 115.875}, {"$id": 592, "type": 0, "sounds": [{"w": 0.0, "d": 0.1875, "p": 57, "v": 52}], "pos": -0.916667, "size": 1.0, "_time": 116.0625, "shift": 0.0, "time": 116.0625}, {"$id": 593, "type": 0, "sounds": [{"w": 0.0, "d": 0.1875, "p": 59, "v": 49}], "pos": 0.569444239, "size": 1.0, "_time": 116.25, "shift": 0.0, "time": 116.25}, {"$id": 594, "type": 0, "sounds": [{"w": 0.0, "d": 0.1875, "p": 60, "v": 51}], "pos": -1.25000048, "size": 1.0, "_time": 116.4375, "shift": 0.0, "time": 116.4375}, {"$id": 595, "type": 0, "sounds": [{"w": 0.0, "d": 0.1875, "p": 64, "v": 55}], "pos": -0.05555582, "size": 1.0, "_time": 116.625, "shift": 0.0, "time": 116.625}, {"$id": 596, "type": 0, "sounds": [{"w": 0.0, "d": 0.1875, "p": 41, "v": 54}], "pos": -2.0, "size": 1.2, "_time": 116.8125, "shift": 0.0, "time": 116.8125}, {"$id": 597, "type": 0, "sounds": [{"w": 0.0, "d": 0.1875, "p": 53, "v": 57}], "pos": -0.708333969, "size": 1.0, "_time": 117.0, "shift": 0.0, "time": 117.0}, {"$id": 598, "type": 0, "sounds": [{"w": 0.0, "d": 0.1875, "p": 57, "v": 55}], "pos": 0.458333135, "size": 1.0, "_time": 117.1875, "shift": 0.0, "time": 117.1875}, {"$id": 599, "type": 0, "sounds": [{"w": 0.0, "d": 0.1875, "p": 59, "v": 58}], "pos": 1.45833349, "size": 1.0, "_time": 117.375, "shift": 0.0, "time": 117.375}, {"$id": 600, "type": 0, "sounds": [{"w": 0.0, "d": 2.98828125, "p": 76, "v": 56}], "pos": 2.0, "size": 1.0, "_time": 117.5625, "shift": 0.0, "time": 117.5625}, {"$id": 601, "type": 0, "sounds": [{"w": 0.0, "d": 0.1875, "p": 41, "v": 57}], "pos": -0.222221673, "size": 1.0, "_time": 117.5625, "shift": 0.0, "time": 117.5625}, {"$id": 602, "type": 0, "sounds": [{"w": 0.0, "d": 0.1875, "p": 53, "v": 39}], "pos": -1.18055642, "size": 1.0, "_time": 117.75, "shift": 0.0, "time": 117.75}, {"$id": 603, "type": 0, "sounds": [{"w": 0.0, "d": 0.1875, "p": 57, "v": 45}], "pos": 0.9305546, "size": 1.0, "_time": 117.9375, "shift": 0.0, "time": 117.9375}, {"$id": 604, "type": 0, "sounds": [{"w": 0.0, "d": 0.1875, "p": 59, "v": 54}], "pos": -0.597223759, "size": 1.0, "_time": 118.125, "shift": 0.0, "time": 118.125}, {"$id": 605, "type": 0, "sounds": [{"w": 0.0, "d": 0.1875, "p": 60, "v": 47}], "pos": 1.5277766, "size": 1.0, "_time": 118.3125, "shift": 0.0, "time": 118.3125}, {"$id": 606, "type": 0, "sounds": [{"w": 0.0, "d": 0.1875, "p": 64, "v": 42}], "pos": 0.083332, "size": 1.0, "_time": 118.5, "shift": 0.0, "time": 118.5}, {"$id": 607, "type": 0, "sounds": [{"w": 0.0, "d": 0.1875, "p": 41, "v": 58}], "pos": 2.0, "size": 1.0, "_time": 118.6875, "shift": 0.0, "time": 118.6875}, {"$id": 608, "type": 0, "sounds": [{"w": 0.0, "d": 0.1875, "p": 53, "v": 54}], "pos": -1.0, "size": 1.0, "_time": 118.875, "shift": 0.0, "time": 118.875}, {"$id": 609, "type": 0, "sounds": [{"w": 0.0, "d": 0.1875, "p": 57, "v": 49}], "pos": 1.0, "size": 1.0, "_time": 119.0625, "shift": 0.0, "time": 119.0625}, {"$id": 610, "type": 0, "sounds": [{"w": 0.0, "d": 0.1875, "p": 59, "v": 54}], "pos": -0.5, "size": 1.0, "_time": 119.25, "shift": 0.0, "time": 119.25}, {"$id": 611, "type": 0, "sounds": [{"w": 0.0, "d": 0.1875, "p": 60, "v": 58}], "pos": 0.777777135, "size": 1.1, "_time": 119.4375, "shift": 0.0, "time": 119.4375}, {"$id": 612, "type": 0, "sounds": [{"w": 0.0, "d": 0.1875, "p": 64, "v": 56}], "pos": 2.0, "size": 1.0, "_time": 119.625, "shift": 0.0, "time": 119.625}, {"$id": 613, "type": 0, "sounds": [{"w": 0.0, "d": 0.1875, "p": 41, "v": 60}], "pos": -1.00000048, "size": 1.1, "_time": 119.8125, "shift": 0.0, "time": 119.8125}, {"$id": 614, "type": 0, "sounds": [{"w": 0.0, "d": 0.1875, "p": 53, "v": 59}], "pos": -1.0, "size": 1.1, "_time": 120.0, "shift": 0.0, "time": 120.0}, {"$id": 615, "type": 0, "sounds": [{"w": 0.0, "d": 0.1875, "p": 57, "v": 63}], "pos": 1.0, "size": 1.1, "_time": 120.1875, "shift": 0.0, "time": 120.1875}, {"$id": 616, "type": 0, "sounds": [{"w": 0.0, "d": 0.1875, "p": 59, "v": 54}], "pos": 0.9999995, "size": 1.1, "_time": 120.375, "shift": 0.0, "time": 120.375}], "links": [{"notes": [{"$ref": 129}, {"$ref": 131}, {"$ref": 132}]}, {"notes": [{"$ref": 442}, {"$ref": 443}, {"$ref": 444}, {"$ref": 445}, {"$ref": 446}, {"$ref": 447}]}, {"notes": [{"$ref": 317}, {"$ref": 318}, {"$ref": 319}, {"$ref": 320}, {"$ref": 321}, {"$ref": 322}, {"$ref": 323}, {"$ref": 324}, {"$ref": 325}, {"$ref": 326}, {"$ref": 327}, {"$ref": 328}, {"$ref": 329}, {"$ref": 330}, {"$ref": 331}, {"$ref": 332}, {"$ref": 333}, {"$ref": 334}, {"$ref": 335}]}, {"notes": [{"$ref": 338}, {"$ref": 339}, {"$ref": 340}, {"$ref": 341}]}, {"notes": [{"$ref": 348}, {"$ref": 349}, {"$ref": 350}, {"$ref": 352}]}, {"notes": [{"$ref": 414}, {"$ref": 415}, {"$ref": 416}, {"$ref": 418}, {"$ref": 419}, {"$ref": 420}, {"$ref": 421}, {"$ref": 423}, {"$ref": 424}, {"$ref": 425}, {"$ref": 426}, {"$ref": 428}, {"$ref": 429}, {"$ref": 430}, {"$ref": 431}, {"$ref": 433}, {"$ref": 434}, {"$ref": 435}, {"$ref": 436}, {"$ref": 438}, {"$ref": 439}, {"$ref": 440}]}, {"notes": [{"$ref": 353}, {"$ref": 354}, {"$ref": 355}, {"$ref": 357}, {"$ref": 358}, {"$ref": 359}, {"$ref": 360}, {"$ref": 362}, {"$ref": 363}, {"$ref": 364}, {"$ref": 365}, {"$ref": 367}, {"$ref": 368}, {"$ref": 370}, {"$ref": 371}, {"$ref": 373}, {"$ref": 374}, {"$ref": 375}]}, {"notes": [{"$ref": 343}, {"$ref": 344}, {"$ref": 345}, {"$ref": 347}]}, {"notes": [{"$ref": 383}, {"$ref": 384}, {"$ref": 385}, {"$ref": 386}]}, {"notes": [{"$ref": 388}, {"$ref": 389}, {"$ref": 390}, {"$ref": 391}]}, {"notes": [{"$ref": 378}, {"$ref": 379}, {"$ref": 380}, {"$ref": 381}]}, {"notes": [{"$ref": 393}, {"$ref": 394}, {"$ref": 395}, {"$ref": 397}, {"$ref": 398}, {"$ref": 399}, {"$ref": 400}, {"$ref": 402}, {"$ref": 403}, {"$ref": 404}, {"$ref": 405}, {"$ref": 407}, {"$ref": 408}, {"$ref": 409}]}, {"notes": [{"$ref": 450}, {"$ref": 451}, {"$ref": 452}, {"$ref": 454}, {"$ref": 455}, {"$ref": 456}, {"$ref": 457}, {"$ref": 459}, {"$ref": 460}, {"$ref": 461}, {"$ref": 462}, {"$ref": 464}, {"$ref": 465}, {"$ref": 467}]}, {"notes": [{"$ref": 469}, {"$ref": 470}, {"$ref": 471}, {"$ref": 472}, {"$ref": 473}, {"$ref": 474}, {"$ref": 475}]}, {"notes": [{"$ref": 477}, {"$ref": 478}, {"$ref": 479}, {"$ref": 480}, {"$ref": 481}, {"$ref": 482}, {"$ref": 483}]}, {"notes": [{"$ref": 56}, {"$ref": 57}, {"$ref": 58}, {"$ref": 59}, {"$ref": 60}, {"$ref": 61}, {"$ref": 62}]}, {"notes": [{"$ref": 48}, {"$ref": 49}, {"$ref": 50}, {"$ref": 51}, {"$ref": 52}, {"$ref": 53}, {"$ref": 54}]}, {"notes": [{"$ref": 40}, {"$ref": 41}, {"$ref": 42}, {"$ref": 43}, {"$ref": 44}, {"$ref": 45}, {"$ref": 46}]}, {"notes": [{"$ref": 32}, {"$ref": 33}, {"$ref": 34}, {"$ref": 35}, {"$ref": 36}, {"$ref": 37}, {"$ref": 38}]}, {"notes": [{"$ref": 19}, {"$ref": 20}, {"$ref": 21}, {"$ref": 22}, {"$ref": 23}, {"$ref": 24}, {"$ref": 25}]}, {"notes": [{"$ref": 11}, {"$ref": 12}, {"$ref": 13}, {"$ref": 14}, {"$ref": 15}, {"$ref": 16}, {"$ref": 17}]}, {"notes": [{"$ref": 3}, {"$ref": 4}, {"$ref": 5}, {"$ref": 6}, {"$ref": 7}, {"$ref": 8}, {"$ref": 9}]}, {"notes": [{"$ref": 65}, {"$ref": 66}, {"$ref": 67}, {"$ref": 68}, {"$ref": 69}, {"$ref": 70}, {"$ref": 71}]}, {"notes": [{"$ref": 73}, {"$ref": 74}, {"$ref": 75}, {"$ref": 76}, {"$ref": 77}, {"$ref": 78}, {"$ref": 79}]}, {"notes": [{"$ref": 81}, {"$ref": 82}, {"$ref": 83}, {"$ref": 84}, {"$ref": 85}, {"$ref": 86}, {"$ref": 87}]}, {"notes": [{"$ref": 94}, {"$ref": 95}, {"$ref": 96}, {"$ref": 97}, {"$ref": 98}, {"$ref": 99}, {"$ref": 100}]}, {"notes": [{"$ref": 102}, {"$ref": 103}, {"$ref": 104}, {"$ref": 105}, {"$ref": 106}, {"$ref": 107}, {"$ref": 108}]}, {"notes": [{"$ref": 110}, {"$ref": 111}, {"$ref": 112}, {"$ref": 113}, {"$ref": 114}, {"$ref": 115}, {"$ref": 116}]}, {"notes": [{"$ref": 118}, {"$ref": 119}, {"$ref": 120}, {"$ref": 121}, {"$ref": 122}, {"$ref": 123}, {"$ref": 124}]}, {"notes": [{"$ref": 137}, {"$ref": 138}, {"$ref": 139}, {"$ref": 140}, {"$ref": 141}]}, {"notes": [{"$ref": 142}, {"$ref": 143}, {"$ref": 144}, {"$ref": 145}, {"$ref": 146}, {"$ref": 147}]}, {"notes": [{"$ref": 148}, {"$ref": 149}, {"$ref": 150}, {"$ref": 151}]}, {"notes": [{"$ref": 154}, {"$ref": 155}, {"$ref": 156}, {"$ref": 157}, {"$ref": 158}]}, {"notes": [{"$ref": 159}, {"$ref": 160}, {"$ref": 161}, {"$ref": 162}, {"$ref": 163}, {"$ref": 164}]}, {"notes": [{"$ref": 165}, {"$ref": 166}, {"$ref": 167}, {"$ref": 168}]}, {"notes": [{"$ref": 205}, {"$ref": 206}, {"$ref": 207}, {"$ref": 208}, {"$ref": 209}]}, {"notes": [{"$ref": 210}, {"$ref": 211}, {"$ref": 212}, {"$ref": 213}, {"$ref": 214}, {"$ref": 215}]}, {"notes": [{"$ref": 216}, {"$ref": 217}, {"$ref": 218}, {"$ref": 219}]}, {"notes": [{"$ref": 222}, {"$ref": 223}, {"$ref": 224}, {"$ref": 225}, {"$ref": 226}]}, {"notes": [{"$ref": 227}, {"$ref": 228}, {"$ref": 230}, {"$ref": 231}, {"$ref": 232}, {"$ref": 233}]}, {"notes": [{"$ref": 235}, {"$ref": 236}, {"$ref": 237}, {"$ref": 238}]}]}