{"speed": 6.0, "notes": [{"$id": 1, "type": 0, "sounds": [{"w": 0.0, "d": 1.999998, "p": 62, "v": 74}], "pos": -1.583334, "size": 1.2, "_time": 1.453125, "shift": 0.0, "time": 1.453125}, {"$id": 2, "type": 0, "pos": -1.00000072, "size": 0.9, "_time": 1.81640625, "shift": 0.0, "time": 1.81640625}, {"$id": 3, "type": 0, "pos": 1.13888848, "size": 0.9, "_time": 2.0, "shift": 0.0, "time": 2.0}, {"$id": 4, "type": 0, "pos": -0.250000447, "size": 0.9, "_time": 2.18359375, "shift": 0.0, "time": 2.18359375}, {"$id": 5, "type": 0, "pos": -0.9444449, "size": 0.9, "_time": 2.36328125, "shift": 0.0, "time": 2.36328125}, {"$id": 6, "type": 0, "pos": 0.6944445, "size": 0.9, "_time": 2.546875, "shift": 0.0, "time": 2.546875}, {"$id": 7, "type": 0, "pos": -1.388889, "size": 0.9, "_time": 2.91015625, "shift": 0.0, "time": 2.91015625}, {"$id": 8, "type": 0, "pos": 0.0, "size": 0.9, "_time": 3.08984375, "shift": 0.0, "time": 3.08984375}, {"$id": 9, "type": 0, "pos": -0.999999642, "size": 0.9, "_time": 3.2734375, "shift": 0.0, "time": 3.2734375}, {"$id": 10, "type": 0, "pos": 0.722221851, "size": 0.9, "_time": 3.453125, "shift": 0.0, "time": 3.453125}, {"$id": 11, "type": 0, "pos": 0.0, "size": 0.9, "_time": 3.63671875, "shift": 0.0, "time": 3.63671875}, {"$id": 12, "type": 0, "pos": -0.722221851, "size": 0.9, "_time": 3.81640625, "shift": 0.0, "time": 3.81640625}, {"$id": 13, "type": 0, "pos": 0.999999642, "size": 0.9, "_time": 4.0, "shift": 0.0, "time": 4.0}, {"$id": 14, "type": 0, "sounds": [{"w": 0.0, "d": 1.99999809, "p": 64, "v": 74}], "pos": -0.7222237, "size": 1.2, "_time": 4.36328125, "shift": 0.0, "time": 4.36328125}, {"$id": 15, "type": 0, "pos": -0.3888895, "size": 0.9, "_time": 4.7265625, "shift": 0.0, "time": 4.7265625}, {"$id": 16, "type": 0, "pos": 1.22222149, "size": 0.9, "_time": 4.91015625, "shift": 0.0, "time": 4.91015625}, {"$id": 17, "type": 0, "pos": 0.416667581, "size": 0.9, "_time": 5.08984375, "shift": 0.0, "time": 5.08984375}, {"$id": 18, "type": 0, "pos": -0.5, "size": 0.9, "_time": 5.2734375, "shift": 0.0, "time": 5.2734375}, {"$id": 19, "type": 0, "pos": 1.08333361, "size": 0.9, "_time": 5.453125, "shift": 0.0, "time": 5.453125}, {"$id": 20, "type": 0, "pos": -1.25000024, "size": 0.9, "_time": 5.81640625, "shift": 0.0, "time": 5.81640625}, {"$id": 21, "type": 0, "pos": 0.5833328, "size": 0.9, "_time": 6.0, "shift": 0.0, "time": 6.0}, {"$id": 22, "type": 0, "pos": -0.5, "size": 0.9, "_time": 6.18359375, "shift": 0.0, "time": 6.18359375}, {"$id": 23, "type": 0, "pos": 1.38888979, "size": 0.9, "_time": 6.36328125, "shift": 0.0, "time": 6.36328125}, {"$id": 24, "type": 0, "pos": 0.305556, "size": 0.9, "_time": 6.546875, "shift": 0.0, "time": 6.546875}, {"$id": 25, "type": 0, "pos": -0.5, "size": 0.9, "_time": 6.7265625, "shift": 0.0, "time": 6.7265625}, {"$id": 26, "type": 0, "pos": 1.63888931, "size": 0.9, "_time": 6.91015625, "shift": 0.0, "time": 6.91015625}, {"$id": 27, "type": 0, "sounds": [{"w": 0.0, "d": 1.99999762, "p": 65, "v": 74}], "pos": -0.097222805, "size": 1.2, "_time": 7.2734375, "shift": 0.0, "time": 7.2734375}, {"$id": 28, "type": 0, "pos": -1.05555558, "size": 0.9, "_time": 7.63671875, "shift": 0.0, "time": 7.63671875}, {"$id": 29, "type": 0, "pos": 1.11111093, "size": 0.9, "_time": 7.81640625, "shift": 0.0, "time": 7.81640625}, {"$id": 30, "type": 0, "pos": 0.305555, "size": 0.9, "_time": 8.0, "shift": 0.0, "time": 8.0}, {"$id": 31, "type": 0, "pos": -0.5, "size": 0.9, "_time": 8.183594, "shift": 0.0, "time": 8.183594}, {"$id": 32, "type": 0, "pos": 1.08333349, "size": 0.9, "_time": 8.363281, "shift": 0.0, "time": 8.363281}, {"$id": 33, "type": 0, "pos": -1.58333373, "size": 0.9, "_time": 8.7265625, "shift": 0.0, "time": 8.7265625}, {"$id": 34, "type": 0, "pos": 0.4444449, "size": 0.9, "_time": 8.910156, "shift": 0.0, "time": 8.910156}, {"$id": 35, "type": 0, "pos": -0.972222447, "size": 0.9, "_time": 9.089844, "shift": 0.0, "time": 9.089844}, {"$id": 36, "type": 0, "pos": 0.833333254, "size": 0.9, "_time": 9.2734375, "shift": 0.0, "time": 9.2734375}, {"$id": 37, "type": 0, "pos": 0.222222924, "size": 0.9, "_time": 9.453125, "shift": 0.0, "time": 9.453125}, {"$id": 38, "type": 0, "pos": -1.083333, "size": 0.9, "_time": 9.636719, "shift": 0.0, "time": 9.636719}, {"$id": 39, "type": 0, "pos": 0.833333254, "size": 0.9, "_time": 9.816406, "shift": 0.0, "time": 9.816406}, {"$id": 40, "type": 0, "sounds": [{"w": 0.0, "d": 1.45454407, "p": 46, "v": 74}], "pos": -2.0, "size": 1.2, "_time": 10.1835938, "shift": 0.0, "time": 10.1835938}, {"$id": 41, "type": 0, "pos": 1.27777815, "size": 0.9, "_time": 10.546875, "shift": 0.0, "time": 10.546875}, {"$id": 42, "type": 0, "pos": -1.0, "size": 0.9, "_time": 10.7265625, "shift": 0.0, "time": 10.7265625}, {"$id": 43, "type": 0, "pos": 0.5, "size": 0.9, "_time": 10.9101563, "shift": 0.0, "time": 10.9101563}, {"$id": 44, "type": 0, "pos": -1.38888836, "size": 0.9, "_time": 11.0898438, "shift": 0.0, "time": 11.0898438}, {"$id": 45, "type": 0, "pos": -0.166666627, "size": 0.9, "_time": 11.2734375, "shift": 0.0, "time": 11.2734375}, {"$id": 46, "type": 0, "sounds": [{"w": 0.0, "d": 1.090908, "p": 50, "v": 74}], "pos": 0.8611109, "size": 1.2, "_time": 11.6367188, "shift": 0.0, "time": 11.6367188}, {"$id": 47, "type": 0, "pos": -1.0, "size": 0.9, "_time": 11.8164063, "shift": 0.0, "time": 11.8164063}, {"$id": 48, "type": 0, "pos": -1.0, "size": 0.9, "_time": 12.0, "shift": 0.0, "time": 12.0}, {"$id": 49, "type": 0, "pos": 2.0, "size": 0.9, "_time": 12.1835938, "shift": 0.0, "time": 12.1835938}, {"$id": 50, "type": 0, "sounds": [{"w": 0.0, "d": 0.727272034, "p": 74, "v": 74}], "pos": -1.5, "size": 1.0, "_time": 12.3632813, "shift": 0.0, "time": 12.3632813}, {"$id": 51, "type": 0, "sounds": [{"w": 0.0, "d": 1.090908, "p": 76, "v": 74}], "pos": 0.249999166, "size": 1.0, "_time": 12.7265625, "shift": 0.0, "time": 12.7265625}, {"$id": 52, "type": 0, "sounds": [{"w": 0.0, "d": 1.090908, "p": 50, "v": 74}], "pos": -0.666666448, "size": 1.2, "_time": 13.0898438, "shift": 0.0, "time": 13.0898438}, {"$id": 53, "type": 0, "sounds": [{"w": 0.0, "d": 1.090908, "p": 77, "v": 74}], "pos": 1.40277719, "size": 1.2, "_time": 13.0898438, "shift": 0.0, "time": 13.0898438}, {"$id": 54, "type": 0, "sounds": [{"w": 0.0, "d": 1.090908, "p": 74, "v": 74}], "pos": -2.0, "size": 1.0, "_time": 13.6367188, "shift": 0.0, "time": 13.6367188}, {"$id": 55, "type": 0, "sounds": [{"w": 0.0, "d": 0.727272034, "p": 74, "v": 74}], "pos": -1.5555563, "size": 1.0, "_time": 15.2734375, "shift": 0.0, "time": 15.2734375}, {"$id": 56, "type": 0, "sounds": [{"w": 0.0, "d": 0.7272711, "p": 76, "v": 74}], "pos": -0.333334029, "size": 1.0, "_time": 15.6367188, "shift": 0.0, "time": 15.6367188}, {"$id": 57, "type": 0, "sounds": [{"w": 0.0, "d": 1.45454311, "p": 52, "v": 74}], "pos": -1.0, "size": 1.2, "_time": 16.0, "shift": 0.0, "time": 16.0}, {"$id": 58, "type": 0, "sounds": [{"w": 0.0, "d": 0.7272711, "p": 77, "v": 74}], "pos": 0.5694436, "size": 1.2, "_time": 16.0, "shift": 0.0, "time": 16.0}, {"$id": 59, "type": 0, "sounds": [{"w": 0.0, "d": 0.727272034, "p": 79, "v": 74}], "pos": 1.291666, "size": 1.0, "_time": 16.546875, "shift": 0.0, "time": 16.546875}, {"$id": 60, "type": 0, "sounds": [{"w": 0.0, "d": 0.909090042, "p": 74, "v": 74}], "pos": -2.0, "size": 1.0, "_time": 18.1835938, "shift": 0.0, "time": 18.1835938}, {"$id": 61, "type": 0, "sounds": [{"w": 0.0, "d": 0.909090042, "p": 86, "v": 74}], "pos": 1.77777767, "size": 1.0, "_time": 18.546875, "shift": 0.0, "time": 18.546875}, {"$id": 62, "type": 0, "sounds": [{"w": 0.0, "d": 1.45454407, "p": 53, "v": 74}], "pos": -1.5, "size": 1.2, "_time": 18.9101563, "shift": 0.0, "time": 18.9101563}, {"$id": 63, "type": 0, "sounds": [{"w": 0.0, "d": 0.909090042, "p": 84, "v": 74}], "pos": 0.8333332, "size": 1.2, "_time": 18.9101563, "shift": 0.0, "time": 18.9101563}, {"$id": 64, "type": 0, "sounds": [{"w": 0.0, "d": 0.909090042, "p": 81, "v": 74}], "pos": -0.736111164, "size": 1.0, "_time": 19.453125, "shift": 0.0, "time": 19.453125}, {"$id": 65, "type": 0, "sounds": [{"w": 0.0, "d": 0.727272034, "p": 84, "v": 74}], "pos": 2.0, "size": 1.0, "_time": 21.453125, "shift": 0.0, "time": 21.453125}, {"$id": 66, "type": 0, "sounds": [{"w": 0.0, "d": 1.45454407, "p": 55, "v": 74}], "pos": 1.0, "size": 1.1, "_time": 21.8164063, "shift": 0.0, "time": 21.8164063}, {"$id": 67, "type": 0, "sounds": [{"w": 0.0, "d": 0.727272034, "p": 83, "v": 74}], "pos": -0.7083334, "size": 1.1, "_time": 21.8164063, "shift": 0.0, "time": 21.8164063}, {"$id": 68, "type": 0, "sounds": [{"w": 0.0, "d": 0.909090042, "p": 84, "v": 74}], "pos": 0.833332956, "size": 1.0, "_time": 22.9101563, "shift": 0.0, "time": 22.9101563}, {"$id": 69, "type": 0, "sounds": [{"w": 0.0, "d": 0.909090042, "p": 83, "v": 74}], "pos": -0.763889134, "size": 1.0, "_time": 23.2734375, "shift": 0.0, "time": 23.2734375}, {"$id": 70, "type": 0, "sounds": [{"w": 0.0, "d": 0.909090042, "p": 81, "v": 74}], "pos": -1.31944418, "size": 1.0, "_time": 23.8164063, "shift": 0.0, "time": 23.8164063}, {"$id": 71, "type": 0, "sounds": [{"w": 0.0, "d": 0.909090042, "p": 79, "v": 74}], "pos": -2.0, "size": 1.0, "_time": 24.3632813, "shift": 0.0, "time": 24.3632813}, {"$id": 72, "type": 0, "pos": -2.0, "size": 1.0, "_time": 24.7265625, "shift": 0.0, "time": 24.7265625}, {"$id": 73, "type": 0, "pos": 0.0, "size": 2.0, "_time": 24.7265625, "shift": 0.0, "time": 24.7265625}, {"$id": 74, "type": 0, "pos": 1.5, "size": 1.0, "_time": 25.8164063, "shift": 0.0, "time": 25.8164063}, {"$id": 75, "type": 0, "pos": -1.0, "size": 1.30000007, "_time": 26.1835938, "shift": 0.0, "time": 26.1835938}, {"$id": 76, "type": 0, "pos": -1.0, "size": 1.30000007, "_time": 26.7265625, "shift": 0.0, "time": 26.7265625}, {"$id": 77, "type": 0, "pos": -1.0, "size": 1.30000007, "_time": 26.9101563, "shift": 0.0, "time": 26.9101563}, {"$id": 78, "type": 0, "pos": 1.5, "size": 1.0, "_time": 27.2734375, "shift": 0.0, "time": 27.2734375}, {"$id": 79, "type": 0, "pos": -2.0, "size": 1.0, "_time": 27.6367188, "shift": 0.0, "time": 27.6367188}, {"$id": 80, "type": 0, "pos": 0.0, "size": 2.0, "_time": 27.6367188, "shift": 0.0, "time": 27.6367188}, {"$id": 81, "type": 0, "pos": -1.0, "size": 1.2, "_time": 28.3632813, "shift": 0.0, "time": 28.3632813}, {"$id": 82, "type": 0, "pos": 1.5, "size": 1.0, "_time": 28.7265625, "shift": 0.0, "time": 28.7265625}, {"$id": 83, "type": 0, "pos": 1.30555522, "size": 0.9, "_time": 29.0898438, "shift": 0.0, "time": 29.0898438}, {"$id": 84, "type": 0, "pos": 1.222222, "size": 1.70000017, "_time": 29.1835938, "shift": 0.0, "time": 29.1835938}, {"$id": 85, "type": 0, "pos": 1.13888848, "size": 1.30000007, "_time": 29.2734375, "shift": 0.0, "time": 29.2734375}, {"$id": 86, "type": 0, "pos": 1.05555534, "size": 0.6999999, "_time": 29.3632813, "shift": 0.0, "time": 29.3632813}, {"$id": 87, "type": 0, "pos": 0.972222269, "size": 1.70000017, "_time": 29.453125, "shift": 0.0, "time": 29.453125}, {"$id": 88, "type": 0, "pos": 0.8611119, "size": 0.6999999, "_time": 29.546875, "shift": 0.0, "time": 29.546875}, {"$id": 89, "type": 0, "pos": 0.7777776, "size": 0.9, "_time": 29.6367188, "shift": 0.0, "time": 29.6367188}, {"$id": 90, "type": 0, "pos": 0.6944445, "size": 1.30000007, "_time": 29.7265625, "shift": 0.0, "time": 29.7265625}, {"$id": 91, "type": 0, "pos": 0.583332956, "size": 0.9, "_time": 29.8164063, "shift": 0.0, "time": 29.8164063}, {"$id": 92, "type": 0, "pos": 0.499999821, "size": 1.70000017, "_time": 29.9101563, "shift": 0.0, "time": 29.9101563}, {"$id": 93, "type": 0, "pos": 0.4166667, "size": 0.6999999, "_time": 30.0, "shift": 0.0, "time": 30.0}, {"$id": 94, "type": 0, "pos": 0.333333582, "size": 1.30000007, "_time": 30.0898438, "shift": 0.0, "time": 30.0898438}, {"$id": 95, "type": 0, "pos": 0.250000417, "size": 0.9, "_time": 30.1835938, "shift": 0.0, "time": 30.1835938}, {"$id": 96, "type": 0, "pos": 0.16666624, "size": 1.30000007, "_time": 30.2734375, "shift": 0.0, "time": 30.2734375}, {"$id": 97, "type": 0, "sounds": [{"w": 0.0, "d": 1.45454407, "p": 69, "v": 88}], "pos": -0.375, "size": 1.0, "_time": 30.546875, "shift": 0.0, "time": 30.546875}, {"$id": 98, "type": 0, "sounds": [{"w": 0.0, "d": 1.45454407, "p": 81, "v": 108}], "pos": 1.54166663, "size": 1.0, "_time": 30.546875, "shift": 0.0, "time": 30.546875}, {"$id": 99, "type": 0, "pos": 1.5, "size": 1.2, "_time": 30.9101563, "shift": 0.0, "time": 30.9101563}, {"$id": 100, "type": 0, "pos": 1.5, "size": 1.2, "_time": 31.2734375, "shift": 0.0, "time": 31.2734375}, {"$id": 101, "type": 0, "pos": 1.5, "size": 1.2, "_time": 31.6367188, "shift": 0.0, "time": 31.6367188}, {"$id": 102, "type": 0, "sounds": [{"w": 0.0, "d": 0.7272701, "p": 79, "v": 81}], "pos": -1.88888812, "size": 1.0, "_time": 32.0, "shift": 0.0, "time": 32.0}, {"$id": 103, "type": 0, "sounds": [{"w": 0.0, "d": 0.7272701, "p": 67, "v": 61}], "pos": -0.0972203, "size": 1.0, "_time": 32.0, "shift": 0.0, "time": 32.0}, {"$id": 104, "type": 0, "pos": 1.5, "size": 1.2, "_time": 32.36328, "shift": 0.0, "time": 32.36328}, {"$id": 105, "type": 0, "sounds": [{"w": 0.0, "d": 0.727272034, "p": 84, "v": 108}], "pos": 2.0, "size": 1.0, "_time": 32.7265625, "shift": 0.0, "time": 32.7265625}, {"$id": 106, "type": 0, "sounds": [{"w": 0.0, "d": 0.727272034, "p": 72, "v": 88}], "pos": 0.0, "size": 1.0, "_time": 32.7265625, "shift": 0.0, "time": 32.7265625}, {"$id": 107, "type": 0, "pos": -2.0, "size": 1.2, "_time": 33.0898438, "shift": 0.0, "time": 33.0898438}, {"$id": 108, "type": 0, "sounds": [{"w": 0.0, "d": 0.5454521, "p": 77, "v": 99}], "pos": -1.0, "size": 1.0, "_time": 33.453125, "shift": 0.0, "time": 33.453125}, {"$id": 109, "type": 0, "sounds": [{"w": 0.0, "d": 0.5454521, "p": 65, "v": 79}], "pos": 0.597222447, "size": 1.0, "_time": 33.453125, "shift": 0.0, "time": 33.453125}, {"$id": 110, "type": 0, "pos": 1.0, "size": 1.2, "_time": 33.8164063, "shift": 0.0, "time": 33.8164063}, {"$id": 111, "type": 0, "sounds": [{"w": 0.0, "d": 1.63636017, "p": 76, "v": 97}], "pos": -1.5, "size": 1.0, "_time": 34.0, "shift": 0.0, "time": 34.0}, {"$id": 112, "type": 0, "pos": 1.0, "size": 1.2, "_time": 34.1835938, "shift": 0.0, "time": 34.1835938}, {"$id": 113, "type": 0, "pos": 1.0, "size": 1.2, "_time": 34.546875, "shift": 0.0, "time": 34.546875}, {"$id": 114, "type": 0, "pos": -0.5, "size": 1.2, "_time": 34.9101563, "shift": 0.0, "time": 34.9101563}, {"$id": 115, "type": 0, "pos": -0.5, "size": 1.2, "_time": 35.2734375, "shift": 0.0, "time": 35.2734375}, {"$id": 116, "type": 0, "pos": 1.0, "size": 1.2, "_time": 35.63672, "shift": 0.0, "time": 35.63672}, {"$id": 117, "type": 0, "sounds": [{"w": 0.0, "d": 0.1818161, "p": 74, "v": 108}], "pos": -1.5277797, "size": 1.0, "_time": 35.8164063, "shift": 0.0, "time": 35.8164063}, {"$id": 118, "type": 0, "sounds": [{"w": 0.0, "d": 0.1818161, "p": 76, "v": 108}], "pos": -0.361111283, "size": 1.0, "_time": 36.0, "shift": 0.0, "time": 36.0}, {"$id": 119, "type": 0, "sounds": [{"w": 0.0, "d": 0.1818161, "p": 77, "v": 108}], "pos": 0.833333135, "size": 1.0, "_time": 36.1835938, "shift": 0.0, "time": 36.1835938}, {"$id": 120, "type": 0, "sounds": [{"w": 0.0, "d": 0.5454521, "p": 74, "v": 94}], "pos": -1.00000143, "size": 1.0, "_time": 36.36328, "shift": 0.0, "time": 36.36328}, {"$id": 121, "type": 0, "pos": 1.5, "size": 1.2, "_time": 36.7265625, "shift": 0.0, "time": 36.7265625}, {"$id": 122, "type": 0, "sounds": [{"w": 0.0, "d": 1.99999619, "p": 69, "v": 88}], "pos": -0.5, "size": 1.0, "_time": 36.9101563, "shift": 0.0, "time": 36.9101563}, {"$id": 123, "type": 0, "pos": 1.5, "size": 1.2, "_time": 37.0898438, "shift": 0.0, "time": 37.0898438}, {"$id": 124, "type": 0, "pos": -1.5, "size": 1.2, "_time": 37.453125, "shift": 0.0, "time": 37.453125}, {"$id": 125, "type": 0, "pos": -1.5, "size": 1.2, "_time": 37.8164063, "shift": 0.0, "time": 37.8164063}, {"$id": 126, "type": 0, "pos": 1.0, "size": 1.2, "_time": 38.1835938, "shift": 0.0, "time": 38.1835938}, {"$id": 127, "type": 0, "pos": 1.0, "size": 1.2, "_time": 38.546875, "shift": 0.0, "time": 38.546875}, {"$id": 128, "type": 0, "pos": -1.41666675, "size": 1.0, "_time": 38.7265625, "shift": 0.0, "time": 38.7265625}, {"$id": 129, "type": 0, "pos": 1.78813934e-07, "size": 1.0, "_time": 38.9101563, "shift": 0.0, "time": 38.9101563}, {"$id": 130, "type": 0, "pos": 1.36111116, "size": 1.0, "_time": 39.0898438, "shift": 0.0, "time": 39.0898438}, {"$id": 131, "type": 0, "pos": -0.5, "size": 1.0, "_time": 39.2734375, "shift": 0.0, "time": 39.2734375}, {"$id": 132, "type": 0, "pos": -1.5, "size": 1.2, "_time": 39.63672, "shift": 0.0, "time": 39.63672}, {"$id": 133, "type": 0, "pos": 0.5555563, "size": 1.0, "_time": 39.8164063, "shift": 0.0, "time": 39.8164063}, {"$id": 134, "type": 0, "pos": -1.5, "size": 1.2, "_time": 40.0, "shift": 0.0, "time": 40.0}, {"$id": 135, "type": 0, "pos": 2.0, "size": 1.2, "_time": 40.36328, "shift": 0.0, "time": 40.36328}, {"$id": 136, "type": 0, "pos": 1.0, "size": 1.4000001, "_time": 40.7265625, "shift": 0.0, "time": 40.7265625}, {"$id": 137, "type": 0, "pos": -2.0, "size": 1.2, "_time": 40.7265625, "shift": 0.0, "time": 40.7265625}, {"$id": 138, "type": 0, "pos": -2.0, "size": 1.2, "_time": 40.9101563, "shift": 0.0, "time": 40.9101563}, {"$id": 139, "type": 0, "pos": -2.0, "size": 1.2, "_time": 41.0898438, "shift": 0.0, "time": 41.0898438}, {"$id": 140, "type": 0, "pos": 1.0, "size": 1.4000001, "_time": 41.2734375, "shift": 0.0, "time": 41.2734375}, {"$id": 141, "type": 0, "pos": -0.5, "size": 1.2, "_time": 41.453125, "shift": 0.0, "time": 41.453125}, {"$id": 142, "type": 0, "pos": -0.5, "size": 1.2, "_time": 41.546875, "shift": 0.0, "time": 41.546875}, {"$id": 143, "type": 0, "pos": -1.0, "size": 1.4000001, "_time": 41.8164063, "shift": 0.0, "time": 41.8164063}, {"$id": 144, "type": 0, "pos": 1.0, "size": 1.2, "_time": 41.8164063, "shift": 0.0, "time": 41.8164063}, {"$id": 145, "type": 0, "sounds": [{"w": 0.0, "d": 1.45454407, "p": 81, "v": 108}], "pos": 1.5, "size": 1.2, "_time": 42.1835938, "shift": 0.0, "time": 42.1835938}, {"$id": 146, "type": 0, "pos": -1.5, "size": 1.30000007, "_time": 42.1835938, "shift": 0.0, "time": 42.1835938}, {"$id": 147, "type": 0, "pos": 0.5, "size": 1.0, "_time": 42.36328, "shift": 0.0, "time": 42.36328}, {"$id": 148, "type": 0, "pos": -1.5, "size": 1.30000007, "_time": 42.546875, "shift": 0.0, "time": 42.546875}, {"$id": 149, "type": 0, "pos": 0.5, "size": 1.0, "_time": 42.7265625, "shift": 0.0, "time": 42.7265625}, {"$id": 150, "type": 0, "pos": -1.5, "size": 1.30000007, "_time": 42.9101563, "shift": 0.0, "time": 42.9101563}, {"$id": 151, "type": 0, "pos": 0.5, "size": 1.0, "_time": 43.0898438, "shift": 0.0, "time": 43.0898438}, {"$id": 152, "type": 0, "pos": -1.5, "size": 1.30000007, "_time": 43.2734375, "shift": 0.0, "time": 43.2734375}, {"$id": 153, "type": 0, "pos": 0.5, "size": 1.0, "_time": 43.453125, "shift": 0.0, "time": 43.453125}, {"$id": 154, "type": 0, "sounds": [{"w": 0.0, "d": 0.727272034, "p": 79, "v": 94}], "pos": 1.5, "size": 1.2, "_time": 43.63672, "shift": 0.0, "time": 43.63672}, {"$id": 155, "type": 0, "pos": -0.249999583, "size": 1.0, "_time": 43.8164063, "shift": 0.0, "time": 43.8164063}, {"$id": 156, "type": 0, "pos": -1.5, "size": 1.2, "_time": 44.0, "shift": 0.0, "time": 44.0}, {"$id": 157, "type": 0, "pos": -0.249999583, "size": 1.0, "_time": 44.1835938, "shift": 0.0, "time": 44.1835938}, {"$id": 158, "type": 0, "sounds": [{"w": 0.0, "d": 0.727272034, "p": 84, "v": 108}], "pos": 2.0, "size": 1.2, "_time": 44.36328, "shift": 0.0, "time": 44.36328}, {"$id": 159, "type": 0, "pos": -0.249999583, "size": 1.0, "_time": 44.546875, "shift": 0.0, "time": 44.546875}, {"$id": 160, "type": 0, "pos": -1.5, "size": 1.2, "_time": 44.7265625, "shift": 0.0, "time": 44.7265625}, {"$id": 161, "type": 0, "pos": -0.249999583, "size": 1.0, "_time": 44.9101563, "shift": 0.0, "time": 44.9101563}, {"$id": 162, "type": 0, "sounds": [{"w": 0.0, "d": 0.5454521, "p": 77, "v": 104}], "pos": 0.624999046, "size": 1.2, "_time": 45.0898438, "shift": 0.0, "time": 45.0898438}, {"$id": 163, "type": 0, "pos": -1.27777779, "size": 1.0, "_time": 45.2734375, "shift": 0.0, "time": 45.2734375}, {"$id": 164, "type": 0, "pos": -1.27777779, "size": 1.0, "_time": 45.453125, "shift": 0.0, "time": 45.453125}, {"$id": 165, "type": 0, "sounds": [{"w": 0.0, "d": 1.63636017, "p": 76, "v": 104}], "pos": 0.5277772, "size": 1.2, "_time": 45.63672, "shift": 0.0, "time": 45.63672}, {"$id": 166, "type": 0, "pos": -0.9722228, "size": 1.2, "_time": 45.8164063, "shift": 0.0, "time": 45.8164063}, {"$id": 167, "type": 0, "pos": 0.2777766, "size": 1.0, "_time": 46.0, "shift": 0.0, "time": 46.0}, {"$id": 168, "type": 0, "pos": 1.52777719, "size": 1.2, "_time": 46.1835938, "shift": 0.0, "time": 46.1835938}, {"$id": 169, "type": 0, "pos": 0.2777766, "size": 1.0, "_time": 46.36328, "shift": 0.0, "time": 46.36328}, {"$id": 170, "type": 0, "pos": -0.9722228, "size": 1.2, "_time": 46.546875, "shift": 0.0, "time": 46.546875}, {"$id": 171, "type": 0, "pos": 0.2777766, "size": 1.0, "_time": 46.7265625, "shift": 0.0, "time": 46.7265625}, {"$id": 172, "type": 0, "pos": 1.52777719, "size": 1.2, "_time": 46.9101563, "shift": 0.0, "time": 46.9101563}, {"$id": 173, "type": 0, "pos": 0.2777766, "size": 1.0, "_time": 47.0898438, "shift": 0.0, "time": 47.0898438}, {"$id": 174, "type": 0, "pos": 1.52777719, "size": 1.2, "_time": 47.2734375, "shift": 0.0, "time": 47.2734375}, {"$id": 175, "type": 0, "sounds": [{"w": 0.0, "d": 0.1818161, "p": 74, "v": 108}], "pos": -2.0, "size": 1.0, "_time": 47.453125, "shift": 0.0, "time": 47.453125}, {"$id": 176, "type": 0, "sounds": [{"w": 0.0, "d": 0.1818161, "p": 76, "v": 108}], "pos": -0.3333329, "size": 1.0, "_time": 47.63672, "shift": 0.0, "time": 47.63672}, {"$id": 177, "type": 0, "sounds": [{"w": 0.0, "d": 0.1818161, "p": 77, "v": 108}], "pos": 0.944444656, "size": 1.0, "_time": 47.8164063, "shift": 0.0, "time": 47.8164063}, {"$id": 178, "type": 0, "sounds": [{"w": 0.0, "d": 0.5454521, "p": 74, "v": 108}], "pos": -1.0, "size": 1.4000001, "_time": 48.0, "shift": 0.0, "time": 48.0}, {"$id": 179, "type": 0, "sounds": [{"w": 0.0, "d": 0.5454521, "p": 62, "v": 88}], "pos": 1.5, "size": 1.0, "_time": 48.0, "shift": 0.0, "time": 48.0}, {"$id": 180, "type": 0, "pos": -1.5, "size": 1.0, "_time": 48.36328, "shift": 0.0, "time": 48.36328}, {"$id": 181, "type": 0, "sounds": [{"w": 0.0, "d": 0.5454521, "p": 81, "v": 108}], "pos": 1.51388884, "size": 1.2, "_time": 48.546875, "shift": 0.0, "time": 48.546875}, {"$id": 182, "type": 0, "pos": -1.5, "size": 1.0, "_time": 48.7265625, "shift": 0.0, "time": 48.7265625}, {"$id": 183, "type": 0, "sounds": [{"w": 0.0, "d": 0.363636017, "p": 79, "v": 108}], "pos": -0.5, "size": 1.2, "_time": 49.0898438, "shift": 0.0, "time": 49.0898438}, {"$id": 184, "type": 0, "sounds": [{"w": 0.0, "d": 0.5454521, "p": 77, "v": 108}], "pos": 0.5, "size": 1.2, "_time": 49.453125, "shift": 0.0, "time": 49.453125}, {"$id": 185, "type": 0, "pos": -1.5, "size": 1.0, "_time": 49.63672, "shift": 0.0, "time": 49.63672}, {"$id": 186, "type": 0, "pos": 0.5, "size": 1.0, "_time": 49.8164063, "shift": 0.0, "time": 49.8164063}, {"$id": 187, "type": 0, "sounds": [{"w": 0.0, "d": 0.5454521, "p": 76, "v": 108}], "pos": -1.0277791, "size": 1.2, "_time": 50.0, "shift": 0.0, "time": 50.0}, {"$id": 188, "type": 0, "pos": 1.5, "size": 1.0, "_time": 50.1835938, "shift": 0.0, "time": 50.1835938}, {"$id": 189, "type": 0, "pos": -0.5, "size": 1.0, "_time": 50.36328, "shift": 0.0, "time": 50.36328}, {"$id": 190, "type": 0, "sounds": [{"w": 0.0, "d": 0.363636017, "p": 65, "v": 88}], "pos": -1.0, "size": 1.2, "_time": 50.546875, "shift": 0.0, "time": 50.546875}, {"$id": 191, "type": 0, "sounds": [{"w": 0.0, "d": 0.363636017, "p": 77, "v": 108}], "pos": 0.9583323, "size": 1.2, "_time": 50.546875, "shift": 0.0, "time": 50.546875}, {"$id": 192, "type": 0, "sounds": [{"w": 0.0, "d": 2.3636322, "p": 62, "v": 88}], "pos": 0.0, "size": 1.2, "_time": 50.9101563, "shift": 0.0, "time": 50.9101563}, {"$id": 193, "type": 0, "sounds": [{"w": 0.0, "d": 2.3636322, "p": 74, "v": 108}], "pos": -2.0, "size": 1.2, "_time": 50.9101563, "shift": 0.0, "time": 50.9101563}, {"$id": 194, "type": 0, "pos": -2.0, "size": 1.0, "_time": 51.0898438, "shift": 0.0, "time": 51.0898438}, {"$id": 195, "type": 0, "pos": 0.722223043, "size": 1.2, "_time": 51.2734375, "shift": 0.0, "time": 51.2734375}, {"$id": 196, "type": 0, "pos": -2.0, "size": 1.0, "_time": 51.453125, "shift": 0.0, "time": 51.453125}, {"$id": 197, "type": 0, "pos": 0.0, "size": 1.2, "_time": 51.63672, "shift": 0.0, "time": 51.63672}, {"$id": 198, "type": 0, "pos": -2.0, "size": 1.0, "_time": 51.8164063, "shift": 0.0, "time": 51.8164063}, {"$id": 199, "type": 0, "pos": 0.722223043, "size": 1.2, "_time": 52.0, "shift": 0.0, "time": 52.0}, {"$id": 200, "type": 0, "pos": -2.0, "size": 1.0, "_time": 52.1835938, "shift": 0.0, "time": 52.1835938}, {"$id": 201, "type": 0, "pos": 0.0, "size": 1.90000021, "_time": 52.36328, "shift": 0.0, "time": 52.36328}, {"$id": 202, "type": 0, "pos": 0.388889134, "size": 1.0, "_time": 52.453125, "shift": 0.0, "time": 52.453125}, {"$id": 203, "type": 0, "pos": 0.638889551, "size": 1.0, "_time": 52.546875, "shift": 0.0, "time": 52.546875}, {"$id": 204, "type": 0, "pos": 0.916666269, "size": 1.2, "_time": 52.63672, "shift": 0.0, "time": 52.63672}, {"$id": 205, "type": 0, "pos": -1.5, "size": 1.2, "_time": 52.7265625, "shift": 0.0, "time": 52.7265625}, {"$id": 206, "type": 0, "pos": 1.16666675, "size": 1.2, "_time": 52.7265625, "shift": 0.0, "time": 52.7265625}, {"$id": 207, "type": 0, "pos": 1.38888764, "size": 1.4000001, "_time": 52.8164063, "shift": 0.0, "time": 52.8164063}, {"$id": 208, "type": 0, "pos": 1.61111093, "size": 1.4000001, "_time": 52.9101563, "shift": 0.0, "time": 52.9101563}, {"$id": 209, "type": 0, "pos": 1.80555546, "size": 1.4000001, "_time": 53.0, "shift": 0.0, "time": 53.0}, {"$id": 210, "type": 0, "pos": -1.5, "size": 1.2, "_time": 53.0898438, "shift": 0.0, "time": 53.0898438}, {"$id": 211, "type": 0, "pos": 2.0, "size": 1.4000001, "_time": 53.0898438, "shift": 0.0, "time": 53.0898438}, {"$id": 212, "type": 0, "pos": 1.58333242, "size": 1.4000001, "_time": 53.1835938, "shift": 0.0, "time": 53.1835938}, {"$id": 213, "type": 0, "pos": 1.16666663, "size": 1.4000001, "_time": 53.2734375, "shift": 0.0, "time": 53.2734375}, {"$id": 214, "type": 0, "pos": 0.75000006, "size": 1.2, "_time": 53.36328, "shift": 0.0, "time": 53.36328}, {"$id": 215, "type": 0, "pos": -1.5, "size": 1.2, "_time": 53.453125, "shift": 0.0, "time": 53.453125}, {"$id": 216, "type": 0, "pos": 0.333333373, "size": 1.0, "_time": 53.453125, "shift": 0.0, "time": 53.453125}, {"$id": 217, "type": 0, "pos": -0.138889074, "size": 1.0, "_time": 53.546875, "shift": 0.0, "time": 53.546875}, {"$id": 218, "type": 0, "pos": -0.6111115, "size": 1.0, "_time": 53.63672, "shift": 0.0, "time": 53.63672}, {"$id": 219, "type": 0, "pos": 1.75000072, "size": 1.30000007, "_time": 53.8164063, "shift": 0.0, "time": 53.8164063}, {"$id": 220, "type": 0, "pos": -1.80555522, "size": 1.30000019, "_time": 53.8164063, "shift": 0.0, "time": 53.8164063}, {"$id": 221, "type": 0, "pos": 1.75000072, "size": 1.30000007, "_time": 54.0, "shift": 0.0, "time": 54.0}, {"$id": 222, "type": 0, "pos": -1.80555522, "size": 1.30000019, "_time": 54.0, "shift": 0.0, "time": 54.0}, {"$id": 223, "type": 0, "pos": -1.80555522, "size": 1.30000019, "_time": 54.1796875, "shift": 0.0, "time": 54.1796875}, {"$id": 224, "type": 0, "pos": 1.75000072, "size": 1.30000007, "_time": 54.1835938, "shift": 0.0, "time": 54.1835938}, {"$id": 225, "type": 0, "pos": -1.80555522, "size": 1.30000007, "_time": 54.546875, "shift": 0.0, "time": 54.546875}, {"$id": 226, "type": 0, "pos": 1.75000072, "size": 1.30000019, "_time": 54.546875, "shift": 0.0, "time": 54.546875}, {"$id": 227, "type": 0, "pos": 0.0, "size": 1.50000012, "_time": 54.9101563, "shift": 0.0, "time": 54.9101563}, {"$id": 228, "type": 0, "pos": -1.0, "size": 1.30000007, "_time": 55.453125, "shift": 0.0, "time": 55.453125}, {"$id": 229, "type": 0, "pos": 1.0, "size": 1.30000007, "_time": 55.453125, "shift": 0.0, "time": 55.453125}, {"$id": 230, "type": 0, "pos": 0.0, "size": 1.30000007, "_time": 55.63672, "shift": 0.0, "time": 55.63672}, {"$id": 231, "type": 0, "pos": -1.0, "size": 1.30000007, "_time": 55.8164063, "shift": 0.0, "time": 55.8164063}, {"$id": 232, "type": 0, "pos": 1.0, "size": 1.30000007, "_time": 55.8203125, "shift": 0.0, "time": 55.8203125}, {"$id": 233, "type": 0, "pos": 0.0, "size": 1.30000007, "_time": 56.0, "shift": 0.0, "time": 56.0}, {"$id": 234, "type": 0, "pos": 1.30555511, "size": 1.30000007, "_time": 56.36328, "shift": 0.0, "time": 56.36328}, {"$id": 235, "type": 0, "pos": -1.25000048, "size": 1.30000007, "_time": 56.36328, "shift": 0.0, "time": 56.36328}, {"$id": 236, "type": 0, "pos": -2.0, "size": 1.30000007, "_time": 56.7265625, "shift": 0.0, "time": 56.7265625}, {"$id": 237, "type": 0, "pos": 2.0, "size": 1.30000007, "_time": 56.7265625, "shift": 0.0, "time": 56.7265625}, {"$id": 238, "type": 0, "pos": -2.0, "size": 1.30000007, "_time": 56.9101563, "shift": 0.0, "time": 56.9101563}, {"$id": 239, "type": 0, "pos": 2.0, "size": 1.30000007, "_time": 56.9101563, "shift": 0.0, "time": 56.9101563}, {"$id": 240, "type": 0, "pos": -2.0, "size": 1.30000007, "_time": 57.0898438, "shift": 0.0, "time": 57.0898438}, {"$id": 241, "type": 0, "pos": 2.0, "size": 1.30000007, "_time": 57.0898438, "shift": 0.0, "time": 57.0898438}, {"$id": 242, "type": 0, "pos": 2.0, "size": 1.30000007, "_time": 57.453125, "shift": 0.0, "time": 57.453125}, {"$id": 243, "type": 0, "pos": -2.0, "size": 1.30000007, "_time": 57.453125, "shift": 0.0, "time": 57.453125}, {"$id": 244, "type": 0, "pos": 0.0, "size": 1.50000012, "_time": 57.8164063, "shift": 0.0, "time": 57.8164063}, {"$id": 245, "type": 0, "pos": -1.5, "size": 1.4000001, "_time": 58.36328, "shift": 0.0, "time": 58.36328}, {"$id": 246, "type": 0, "pos": 1.5, "size": 1.1, "_time": 58.36328, "shift": 0.0, "time": 58.36328}, {"$id": 247, "type": 0, "pos": -0.5, "size": 1.1, "_time": 58.546875, "shift": 0.0, "time": 58.546875}, {"$id": 248, "type": 0, "pos": 1.0, "size": 1.1, "_time": 58.7265625, "shift": 0.0, "time": 58.7265625}, {"$id": 249, "type": 0, "pos": -1.0, "size": 1.1, "_time": 58.9101563, "shift": 0.0, "time": 58.9101563}, {"$id": 250, "type": 0, "pos": 0.5, "size": 1.1, "_time": 59.0898438, "shift": 0.0, "time": 59.0898438}, {"$id": 251, "type": 0, "pos": -1.5, "size": 1.1, "_time": 59.2734375, "shift": 0.0, "time": 59.2734375}, {"$id": 252, "type": 0, "pos": 1.69444466, "size": 1.30000007, "_time": 59.63672, "shift": 0.0, "time": 59.63672}, {"$id": 253, "type": 0, "pos": -1.722222, "size": 1.30000007, "_time": 59.63672, "shift": 0.0, "time": 59.63672}, {"$id": 254, "type": 0, "pos": 1.69444466, "size": 1.30000007, "_time": 59.8164063, "shift": 0.0, "time": 59.8164063}, {"$id": 255, "type": 0, "pos": -1.722222, "size": 1.30000007, "_time": 59.8203125, "shift": 0.0, "time": 59.8203125}, {"$id": 256, "type": 0, "pos": 1.69444466, "size": 1.30000007, "_time": 60.0, "shift": 0.0, "time": 60.0}, {"$id": 257, "type": 0, "pos": -1.722222, "size": 1.30000007, "_time": 60.0, "shift": 0.0, "time": 60.0}, {"$id": 258, "type": 0, "pos": -1.722222, "size": 1.30000007, "_time": 60.36328, "shift": 0.0, "time": 60.36328}, {"$id": 259, "type": 0, "pos": 1.69444466, "size": 1.4000001, "_time": 60.36328, "shift": 0.0, "time": 60.36328}, {"$id": 260, "type": 0, "pos": 0.0, "size": 1.50000012, "_time": 60.7265625, "shift": 0.0, "time": 60.7265625}, {"$id": 261, "type": 0, "pos": 0.0, "size": 1.2, "_time": 61.2734375, "shift": 0.0, "time": 61.2734375}, {"$id": 262, "type": 0, "pos": 1.0, "size": 1.30000007, "_time": 61.453125, "shift": 0.0, "time": 61.453125}, {"$id": 263, "type": 0, "pos": -1.0, "size": 1.2, "_time": 61.453125, "shift": 0.0, "time": 61.453125}, {"$id": 264, "type": 0, "pos": 0.0, "size": 1.2, "_time": 61.63672, "shift": 0.0, "time": 61.63672}, {"$id": 265, "type": 0, "pos": 1.0, "size": 1.30000007, "_time": 61.8164063, "shift": 0.0, "time": 61.8164063}, {"$id": 266, "type": 0, "pos": -1.0, "size": 1.2, "_time": 61.8203125, "shift": 0.0, "time": 61.8203125}, {"$id": 267, "type": 0, "pos": 1.33333254, "size": 1.30000007, "_time": 62.1796875, "shift": 0.0, "time": 62.1796875}, {"$id": 268, "type": 0, "pos": -1.33333349, "size": 1.2, "_time": 62.1835938, "shift": 0.0, "time": 62.1835938}, {"$id": 269, "type": 0, "pos": -2.0, "size": 1.30000007, "_time": 62.546875, "shift": 0.0, "time": 62.546875}, {"$id": 270, "type": 0, "pos": 2.0, "size": 1.30000007, "_time": 62.546875, "shift": 0.0, "time": 62.546875}, {"$id": 271, "type": 0, "pos": -2.0, "size": 1.30000007, "_time": 62.7265625, "shift": 0.0, "time": 62.7265625}, {"$id": 272, "type": 0, "pos": 2.0, "size": 1.30000007, "_time": 62.7265625, "shift": 0.0, "time": 62.7265625}, {"$id": 273, "type": 0, "pos": -2.0, "size": 1.30000007, "_time": 62.9101563, "shift": 0.0, "time": 62.9101563}, {"$id": 274, "type": 0, "pos": 2.0, "size": 1.30000007, "_time": 62.9101563, "shift": 0.0, "time": 62.9101563}, {"$id": 275, "type": 0, "pos": 2.0, "size": 1.30000007, "_time": 63.2734375, "shift": 0.0, "time": 63.2734375}, {"$id": 276, "type": 0, "pos": -2.0, "size": 1.30000007, "_time": 63.2734375, "shift": 0.0, "time": 63.2734375}, {"$id": 277, "type": 0, "pos": 0.0, "size": 1.50000012, "_time": 63.63672, "shift": 0.0, "time": 63.63672}, {"$id": 278, "type": 0, "pos": -1.0, "size": 1.30000007, "_time": 64.0, "shift": 0.0, "time": 64.0}, {"$id": 279, "type": 0, "pos": 1.0, "size": 1.30000007, "_time": 64.18359, "shift": 0.0, "time": 64.18359}, {"$id": 280, "type": 0, "pos": 1.0, "size": 1.30000007, "_time": 64.36328, "shift": 0.0, "time": 64.36328}, {"$id": 281, "type": 0, "pos": -1.5, "size": 1.30000007, "_time": 64.546875, "shift": 0.0, "time": 64.546875}, {"$id": 282, "type": 0, "sounds": [{"w": 0.0, "d": 0.390144348, "p": 86, "v": 62}], "pos": -1.0, "size": 1.0, "_time": 64.72656, "shift": 0.0, "time": 64.72656}, {"$id": 283, "type": 0, "pos": 0.5, "size": 1.0, "_time": 64.81641, "shift": 0.0, "time": 64.81641}, {"$id": 284, "type": 0, "pos": -1.0, "size": 1.0, "_time": 64.91016, "shift": 0.0, "time": 64.91016}, {"$id": 285, "type": 0, "sounds": [{"w": 0.0, "d": 0.3560562, "p": 88, "v": 61}], "pos": -2.0, "size": 1.0, "_time": 65.08984, "shift": 0.0, "time": 65.08984}, {"$id": 286, "type": 0, "sounds": [{"w": 0.0, "d": 1.45453644, "p": 50, "v": 88}], "pos": -1.0, "size": 1.0, "_time": 65.453125, "shift": 0.0, "time": 65.453125}, {"$id": 287, "type": 0, "sounds": [{"w": 0.0, "d": 0.534095764, "p": 89, "v": 61}], "pos": 1.5, "size": 1.0, "_time": 65.453125, "shift": 0.0, "time": 65.453125}, {"$id": 288, "type": 0, "sounds": [{"w": 0.0, "d": 0.1818161, "p": 67, "v": 52}], "pos": 0.8888898, "size": 1.0, "_time": 65.63672, "shift": 0.0, "time": 65.63672}, {"$id": 289, "type": 0, "sounds": [{"w": 0.0, "d": 0.1818161, "p": 69, "v": 71}], "pos": 0.361110568, "size": 1.0, "_time": 65.81641, "shift": 0.0, "time": 65.81641}, {"$id": 290, "type": 0, "sounds": [{"w": 0.0, "d": 1.53786469, "p": 86, "v": 59}], "pos": -2.0, "size": 1.0, "_time": 66.0, "shift": 0.0, "time": 66.0}, {"$id": 291, "type": 0, "sounds": [{"w": 0.0, "d": 1.53786469, "p": 74, "v": 59}], "pos": -0.138889313, "size": 1.0, "_time": 66.0, "shift": 0.0, "time": 66.0}, {"$id": 292, "type": 0, "sounds": [{"w": 0.0, "d": 0.1818161, "p": 71, "v": 77}], "pos": 0.5694446, "size": 1.0, "_time": 66.18359, "shift": 0.0, "time": 66.18359}, {"$id": 293, "type": 0, "sounds": [{"w": 0.0, "d": 0.1818161, "p": 67, "v": 50}], "pos": -0.06944436, "size": 1.0, "_time": 66.36328, "shift": 0.0, "time": 66.36328}, {"$id": 294, "type": 0, "sounds": [{"w": 0.0, "d": 0.1818161, "p": 69, "v": 71}], "pos": 0.5972223, "size": 1.0, "_time": 66.546875, "shift": 0.0, "time": 66.546875}, {"$id": 295, "type": 0, "sounds": [{"w": 0.0, "d": 0.1818161, "p": 64, "v": 55}], "pos": -0.1111108, "size": 1.0, "_time": 66.72656, "shift": 0.0, "time": 66.72656}, {"$id": 296, "type": 0, "sounds": [{"w": 0.0, "d": 0.1818161, "p": 62, "v": 75}], "pos": -0.805554867, "size": 1.0, "_time": 66.91016, "shift": 0.0, "time": 66.91016}, {"$id": 297, "type": 0, "sounds": [{"w": 0.0, "d": 0.1818161, "p": 67, "v": 58}], "pos": 0.04166615, "size": 1.0, "_time": 67.08984, "shift": 0.0, "time": 67.08984}, {"$id": 298, "type": 0, "sounds": [{"w": 0.0, "d": 0.1818161, "p": 69, "v": 70}], "pos": 0.6527781, "size": 1.0, "_time": 67.27344, "shift": 0.0, "time": 67.27344}, {"$id": 299, "type": 0, "sounds": [{"w": 0.0, "d": 0.18182373, "p": 72, "v": 81}], "pos": 1.11111116, "size": 1.0, "_time": 67.453125, "shift": 0.0, "time": 67.453125}, {"$id": 300, "type": 0, "sounds": [{"w": 0.0, "d": 0.405296326, "p": 86, "v": 60}], "pos": -0.2777783, "size": 1.0, "_time": 67.63672, "shift": 0.0, "time": 67.63672}, {"$id": 301, "type": 0, "sounds": [{"w": 0.0, "d": 0.1818161, "p": 71, "v": 83}], "pos": 1.430555, "size": 1.0, "_time": 67.63672, "shift": 0.0, "time": 67.63672}, {"$id": 302, "type": 0, "sounds": [{"w": 0.0, "d": 0.1818161, "p": 67, "v": 69}], "pos": -0.7777768, "size": 1.0, "_time": 67.81641, "shift": 0.0, "time": 67.81641}, {"$id": 303, "type": 0, "sounds": [{"w": 0.0, "d": 0.1818161, "p": 69, "v": 77}], "pos": -1.34722149, "size": 1.0, "_time": 68.0, "shift": 0.0, "time": 68.0}, {"$id": 304, "type": 0, "sounds": [{"w": 0.0, "d": 0.4242401, "p": 88, "v": 62}], "pos": 0.472222149, "size": 1.0, "_time": 68.0, "shift": 0.0, "time": 68.0}, {"$id": 305, "type": 0, "sounds": [{"w": 0.0, "d": 0.1818161, "p": 64, "v": 65}], "pos": -1.777778, "size": 1.0, "_time": 68.18359, "shift": 0.0, "time": 68.18359}, {"$id": 306, "type": 0, "sounds": [{"w": 0.0, "d": 0.465911865, "p": 77, "v": 66}], "pos": -2.0, "size": 1.0, "_time": 68.36328, "shift": 0.0, "time": 68.36328}, {"$id": 307, "type": 0, "sounds": [{"w": 0.0, "d": 0.465911865, "p": 89, "v": 66}], "pos": 1.333334, "size": 1.0, "_time": 68.36328, "shift": 0.0, "time": 68.36328}, {"$id": 308, "type": 0, "sounds": [{"w": 0.0, "d": 0.1818161, "p": 67, "v": 60}], "pos": -1.56944513, "size": 1.0, "_time": 68.546875, "shift": 0.0, "time": 68.546875}, {"$id": 309, "type": 0, "sounds": [{"w": 0.0, "d": 0.1818161, "p": 69, "v": 72}], "pos": -0.791665852, "size": 1.0, "_time": 68.72656, "shift": 0.0, "time": 68.72656}, {"$id": 310, "type": 0, "sounds": [{"w": 0.0, "d": 1.62119293, "p": 91, "v": 69}], "pos": 1.8333329, "size": 1.0, "_time": 68.91016, "shift": 0.0, "time": 68.91016}, {"$id": 311, "type": 0, "sounds": [{"w": 0.0, "d": 1.62119293, "p": 79, "v": 69}], "pos": 0.0, "size": 1.0, "_time": 68.91016, "shift": 0.0, "time": 68.91016}, {"$id": 312, "type": 0, "sounds": [{"w": 0.0, "d": 0.1818161, "p": 71, "v": 78}], "pos": -0.5138884, "size": 1.0, "_time": 69.08984, "shift": 0.0, "time": 69.08984}, {"$id": 313, "type": 0, "sounds": [{"w": 0.0, "d": 0.1818161, "p": 67, "v": 62}], "pos": 0.06944418, "size": 1.0, "_time": 69.27344, "shift": 0.0, "time": 69.27344}, {"$id": 314, "type": 0, "sounds": [{"w": 0.0, "d": 0.1818161, "p": 69, "v": 73}], "pos": -0.875, "size": 1.0, "_time": 69.453125, "shift": 0.0, "time": 69.453125}, {"$id": 315, "type": 0, "sounds": [{"w": 0.0, "d": 0.1818161, "p": 64, "v": 50}], "pos": -0.416667223, "size": 1.0, "_time": 69.63672, "shift": 0.0, "time": 69.63672}, {"$id": 316, "type": 0, "sounds": [{"w": 0.0, "d": 0.1818161, "p": 62, "v": 72}], "pos": 0.6111113, "size": 1.0, "_time": 69.81641, "shift": 0.0, "time": 69.81641}, {"$id": 317, "type": 0, "sounds": [{"w": 0.0, "d": 0.1818161, "p": 67, "v": 59}], "pos": 1.12500072, "size": 1.0, "_time": 70.0, "shift": 0.0, "time": 70.0}, {"$id": 318, "type": 0, "sounds": [{"w": 0.0, "d": 0.1818161, "p": 69, "v": 73}], "pos": 1.51388967, "size": 1.0, "_time": 70.18359, "shift": 0.0, "time": 70.18359}, {"$id": 319, "type": 0, "sounds": [{"w": 0.0, "d": 0.1818161, "p": 72, "v": 78}], "pos": 1.80555427, "size": 1.0, "_time": 70.36328, "shift": 0.0, "time": 70.36328}, {"$id": 320, "type": 0, "sounds": [{"w": 0.0, "d": 0.272727966, "p": 74, "v": 67}], "pos": -1.0, "size": 1.0, "_time": 70.546875, "shift": 0.0, "time": 70.546875}, {"$id": 321, "type": 0, "sounds": [{"w": 0.0, "d": 0.272727966, "p": 86, "v": 67}], "pos": 2.0, "size": 1.0, "_time": 70.546875, "shift": 0.0, "time": 70.546875}, {"$id": 322, "type": 0, "sounds": [{"w": 0.0, "d": 0.18182373, "p": 67, "v": 66}], "pos": 0.5, "size": 1.0, "_time": 70.72656, "shift": 0.0, "time": 70.72656}, {"$id": 323, "type": 0, "sounds": [{"w": 0.0, "d": 0.272727966, "p": 98, "v": 67}], "pos": 2.0, "size": 1.0, "_time": 70.91016, "shift": 0.0, "time": 70.91016}, {"$id": 324, "type": 0, "sounds": [{"w": 0.0, "d": 0.18182373, "p": 64, "v": 79}], "pos": 0.0, "size": 1.0, "_time": 71.08984, "shift": 0.0, "time": 71.08984}, {"$id": 325, "type": 0, "sounds": [{"w": 0.0, "d": 0.507576, "p": 84, "v": 65}], "pos": -1.0, "size": 1.0, "_time": 71.27344, "shift": 0.0, "time": 71.27344}, {"$id": 326, "type": 0, "sounds": [{"w": 0.0, "d": 0.507576, "p": 96, "v": 65}], "pos": 1.05555558, "size": 1.0, "_time": 71.27344, "shift": 0.0, "time": 71.27344}, {"$id": 327, "type": 0, "sounds": [{"w": 0.0, "d": 0.1818161, "p": 67, "v": 61}], "pos": 0.5694444, "size": 1.0, "_time": 71.453125, "shift": 0.0, "time": 71.453125}, {"$id": 328, "type": 0, "sounds": [{"w": 0.0, "d": 0.1818161, "p": 69, "v": 72}], "pos": 0.06944418, "size": 1.0, "_time": 71.63672, "shift": 0.0, "time": 71.63672}, {"$id": 329, "type": 0, "sounds": [{"w": 0.0, "d": 2.02648926, "p": 81, "v": 65}], "pos": -2.0, "size": 1.0, "_time": 71.81641, "shift": 0.0, "time": 71.81641}, {"$id": 330, "type": 0, "sounds": [{"w": 0.0, "d": 2.02648926, "p": 93, "v": 65}], "pos": 0.805554867, "size": 1.0, "_time": 71.81641, "shift": 0.0, "time": 71.81641}, {"$id": 331, "type": 0, "sounds": [{"w": 0.0, "d": 0.1818161, "p": 71, "v": 66}], "pos": 0.31944418, "size": 1.0, "_time": 72.0, "shift": 0.0, "time": 72.0}, {"$id": 332, "type": 0, "sounds": [{"w": 0.0, "d": 0.1818161, "p": 67, "v": 77}], "pos": -0.486110955, "size": 1.0, "_time": 72.18359, "shift": 0.0, "time": 72.18359}, {"$id": 333, "type": 0, "sounds": [{"w": 0.0, "d": 0.1818161, "p": 69, "v": 66}], "pos": 0.263888836, "size": 1.0, "_time": 72.36328, "shift": 0.0, "time": 72.36328}, {"$id": 334, "type": 0, "sounds": [{"w": 0.0, "d": 0.1818161, "p": 64, "v": 76}], "pos": -0.444444269, "size": 1.0, "_time": 72.546875, "shift": 0.0, "time": 72.546875}, {"$id": 335, "type": 0, "sounds": [{"w": 0.0, "d": 0.1818161, "p": 62, "v": 76}], "pos": -1.00000048, "size": 1.0, "_time": 72.72656, "shift": 0.0, "time": 72.72656}, {"$id": 336, "type": 0, "sounds": [{"w": 0.0, "d": 0.1818161, "p": 67, "v": 70}], "pos": -0.18055582, "size": 1.0, "_time": 72.91016, "shift": 0.0, "time": 72.91016}, {"$id": 337, "type": 0, "sounds": [{"w": 0.0, "d": 0.1818161, "p": 69, "v": 72}], "pos": 0.374999344, "size": 1.0, "_time": 73.08984, "shift": 0.0, "time": 73.08984}, {"$id": 338, "type": 0, "sounds": [{"w": 0.0, "d": 0.1818161, "p": 72, "v": 77}], "pos": 0.694444656, "size": 1.0, "_time": 73.27344, "shift": 0.0, "time": 73.27344}, {"$id": 339, "type": 0, "sounds": [{"w": 0.0, "d": 0.1818161, "p": 71, "v": 69}], "pos": 0.486111462, "size": 1.0, "_time": 73.453125, "shift": 0.0, "time": 73.453125}, {"$id": 340, "type": 0, "sounds": [{"w": 0.0, "d": 0.1818161, "p": 67, "v": 70}], "pos": -0.18055582, "size": 1.0, "_time": 73.63672, "shift": 0.0, "time": 73.63672}, {"$id": 341, "type": 0, "sounds": [{"w": 0.0, "d": 0.325752258, "p": 98, "v": 69}], "pos": 1.69444466, "size": 1.0, "_time": 73.81641, "shift": 0.0, "time": 73.81641}, {"$id": 342, "type": 0, "sounds": [{"w": 0.0, "d": 0.1818161, "p": 69, "v": 70}], "pos": -1.0, "size": 1.0, "_time": 73.81641, "shift": 0.0, "time": 73.81641}, {"$id": 343, "type": 0, "sounds": [{"w": 0.0, "d": 0.1818161, "p": 64, "v": 72}], "pos": -2.0, "size": 1.0, "_time": 74.0, "shift": 0.0, "time": 74.0}, {"$id": 344, "type": 0, "sounds": [{"w": 0.0, "d": 0.534095764, "p": 96, "v": 70}], "pos": 0.9722223, "size": 1.0, "_time": 74.18359, "shift": 0.0, "time": 74.18359}, {"$id": 345, "type": 0, "sounds": [{"w": 0.0, "d": 0.18182373, "p": 62, "v": 77}], "pos": -1.16666639, "size": 1.0, "_time": 74.18359, "shift": 0.0, "time": 74.18359}, {"$id": 346, "type": 0, "sounds": [{"w": 0.0, "d": 1.45454407, "p": 31, "v": 88}], "pos": 2.875, "size": 1.0, "_time": 74.18359, "shift": 0.0, "time": 74.18359}, {"$id": 347, "type": 0, "sounds": [{"w": 0.0, "d": 0.1818161, "p": 67, "v": 81}], "pos": -1.5, "size": 1.0, "_time": 74.36328, "shift": 0.0, "time": 74.36328}, {"$id": 348, "type": 0, "sounds": [{"w": 0.0, "d": 0.1818161, "p": 69, "v": 77}], "pos": -0.638889253, "size": 1.0, "_time": 74.546875, "shift": 0.0, "time": 74.546875}, {"$id": 349, "type": 0, "sounds": [{"w": 0.0, "d": 0.1818161, "p": 72, "v": 76}], "pos": -0.8055551, "size": 1.0, "_time": 74.72656, "shift": 0.0, "time": 74.72656}, {"$id": 350, "type": 0, "sounds": [{"w": 0.0, "d": 0.4393921, "p": 95, "v": 71}], "pos": 2.0, "size": 1.0, "_time": 74.72656, "shift": 0.0, "time": 74.72656}, {"$id": 351, "type": 0, "sounds": [{"w": 0.0, "d": 0.1818161, "p": 71, "v": 77}], "pos": 1.38888812, "size": 1.0, "_time": 74.91016, "shift": 0.0, "time": 74.91016}, {"$id": 352, "type": 0, "sounds": [{"w": 0.0, "d": 0.18182373, "p": 67, "v": 81}], "pos": 0.583332956, "size": 1.0, "_time": 75.08984, "shift": 0.0, "time": 75.08984}, {"$id": 353, "type": 0, "sounds": [{"w": 0.0, "d": 1.11362457, "p": 91, "v": 71}], "pos": -2.0, "size": 1.0, "_time": 75.27344, "shift": 0.0, "time": 75.27344}, {"$id": 354, "type": 0, "sounds": [{"w": 0.0, "d": 1.11362457, "p": 79, "v": 71}], "pos": 0.0277775824, "size": 1.0, "_time": 75.27344, "shift": 0.0, "time": 75.27344}, {"$id": 355, "type": 0, "sounds": [{"w": 0.0, "d": 0.1818161, "p": 64, "v": 87}], "pos": -0.444445133, "size": 1.0, "_time": 75.453125, "shift": 0.0, "time": 75.453125}, {"$id": 356, "type": 0, "sounds": [{"w": 0.0, "d": 0.1818161, "p": 62, "v": 79}], "pos": -0.694445133, "size": 1.0, "_time": 75.63672, "shift": 0.0, "time": 75.63672}, {"$id": 357, "type": 0, "sounds": [{"w": 0.0, "d": 0.1818161, "p": 67, "v": 79}], "pos": -0.347222924, "size": 1.0, "_time": 75.81641, "shift": 0.0, "time": 75.81641}, {"$id": 358, "type": 0, "sounds": [{"w": 0.0, "d": 0.1818161, "p": 69, "v": 88}], "pos": 0.4027779, "size": 1.0, "_time": 76.0, "shift": 0.0, "time": 76.0}, {"$id": 359, "type": 0, "sounds": [{"w": 0.0, "d": 0.1818161, "p": 74, "v": 75}], "pos": 1.41666627, "size": 1.0, "_time": 76.18359, "shift": 0.0, "time": 76.18359}, {"$id": 360, "type": 0, "sounds": [{"w": 0.0, "d": 0.287879944, "p": 86, "v": 72}], "pos": -1.91666818, "size": 1.0, "_time": 76.36328, "shift": 0.0, "time": 76.36328}, {"$id": 361, "type": 0, "sounds": [{"w": 0.0, "d": 0.18182373, "p": 67, "v": 81}], "pos": -0.5, "size": 1.0, "_time": 76.546875, "shift": 0.0, "time": 76.546875}, {"$id": 362, "type": 0, "sounds": [{"w": 0.0, "d": 0.337120056, "p": 88, "v": 72}], "pos": 1.0, "size": 1.0, "_time": 76.72656, "shift": 0.0, "time": 76.72656}, {"$id": 363, "type": 0, "sounds": [{"w": 0.0, "d": 0.1818161, "p": 65, "v": 65}], "pos": -1.0, "size": 1.0, "_time": 76.91016, "shift": 0.0, "time": 76.91016}, {"$id": 364, "type": 0, "sounds": [{"w": 0.0, "d": 0.534095764, "p": 77, "v": 72}], "pos": 0.0, "size": 1.2, "_time": 77.08984, "shift": 0.0, "time": 77.08984}, {"$id": 365, "type": 0, "sounds": [{"w": 0.0, "d": 0.534095764, "p": 89, "v": 72}], "pos": 1.65277624, "size": 1.2, "_time": 77.08984, "shift": 0.0, "time": 77.08984}, {"$id": 366, "type": 0, "sounds": [{"w": 0.0, "d": 1.54544067, "p": 86, "v": 72}], "pos": -0.666668236, "size": 1.2, "_time": 77.63672, "shift": 0.0, "time": 77.63672}, {"$id": 367, "type": 0, "sounds": [{"w": 0.0, "d": 1.54544067, "p": 74, "v": 72}], "pos": 1.0, "size": 1.2, "_time": 77.63672, "shift": 0.0, "time": 77.63672}, {"$id": 368, "type": 0, "sounds": [{"w": 0.0, "d": 0.1818161, "p": 71, "v": 77}], "pos": 0.04166603, "size": 1.0, "_time": 77.81641, "shift": 0.0, "time": 77.81641}, {"$id": 369, "type": 0, "sounds": [{"w": 0.0, "d": 0.1818161, "p": 67, "v": 50}], "pos": -1.68055677, "size": 1.0, "_time": 78.0, "shift": 0.0, "time": 78.0}, {"$id": 370, "type": 0, "sounds": [{"w": 0.0, "d": 0.1818161, "p": 69, "v": 71}], "pos": -0.208333969, "size": 1.0, "_time": 78.18359, "shift": 0.0, "time": 78.18359}, {"$id": 371, "type": 0, "sounds": [{"w": 0.0, "d": 0.1818161, "p": 64, "v": 55}], "pos": -2.0, "size": 1.0, "_time": 78.36328, "shift": 0.0, "time": 78.36328}, {"$id": 372, "type": 0, "sounds": [{"w": 0.0, "d": 0.1818161, "p": 62, "v": 75}], "pos": 1.83333206, "size": 1.0, "_time": 78.546875, "shift": 0.0, "time": 78.546875}, {"$id": 373, "type": 0, "sounds": [{"w": 0.0, "d": 0.1818161, "p": 67, "v": 58}], "pos": -1.125, "size": 1.0, "_time": 78.72656, "shift": 0.0, "time": 78.72656}, {"$id": 374, "type": 0, "sounds": [{"w": 0.0, "d": 0.1818161, "p": 69, "v": 70}], "pos": 0.0, "size": 1.0, "_time": 78.91016, "shift": 0.0, "time": 78.91016}, {"$id": 375, "type": 0, "sounds": [{"w": 0.0, "d": 0.18182373, "p": 72, "v": 81}], "pos": 1.11111093, "size": 1.0, "_time": 79.08984, "shift": 0.0, "time": 79.08984}, {"$id": 376, "type": 0, "sounds": [{"w": 0.0, "d": 0.405296326, "p": 86, "v": 72}], "pos": -1.33333278, "size": 1.0, "_time": 79.27344, "shift": 0.0, "time": 79.27344}, {"$id": 377, "type": 0, "sounds": [{"w": 0.0, "d": 0.1818161, "p": 67, "v": 69}], "pos": 1.5, "size": 1.0, "_time": 79.453125, "shift": 0.0, "time": 79.453125}, {"$id": 378, "type": 0, "sounds": [{"w": 0.0, "d": 0.261360168, "p": 88, "v": 74}], "pos": -0.194444656, "size": 1.0, "_time": 79.63672, "shift": 0.0, "time": 79.63672}, {"$id": 379, "type": 0, "sounds": [{"w": 0.0, "d": 0.1818161, "p": 64, "v": 65}], "pos": 1.0, "size": 1.0, "_time": 79.81641, "shift": 0.0, "time": 79.81641}, {"$id": 380, "type": 0, "sounds": [{"w": 0.0, "d": 0.5681839, "p": 89, "v": 74}], "pos": 0.486110866, "size": 1.2, "_time": 80.0, "shift": 0.0, "time": 80.0}, {"$id": 381, "type": 0, "sounds": [{"w": 0.0, "d": 0.5681839, "p": 77, "v": 74}], "pos": -1.22222209, "size": 1.2, "_time": 80.0, "shift": 0.0, "time": 80.0}, {"$id": 382, "type": 0, "sounds": [{"w": 0.0, "d": 1.64770508, "p": 79, "v": 74}], "pos": -0.5, "size": 1.2, "_time": 80.546875, "shift": 0.0, "time": 80.546875}, {"$id": 383, "type": 0, "sounds": [{"w": 0.0, "d": 1.64770508, "p": 91, "v": 74}], "pos": 1.12500036, "size": 1.2, "_time": 80.546875, "shift": 0.0, "time": 80.546875}, {"$id": 384, "type": 0, "sounds": [{"w": 0.0, "d": 0.1818161, "p": 71, "v": 78}], "pos": 1.5, "size": 1.0, "_time": 80.72656, "shift": 0.0, "time": 80.72656}, {"$id": 385, "type": 0, "sounds": [{"w": 0.0, "d": 0.1818161, "p": 67, "v": 62}], "pos": -1.47222292, "size": 1.0, "_time": 80.91016, "shift": 0.0, "time": 80.91016}, {"$id": 386, "type": 0, "sounds": [{"w": 0.0, "d": 0.1818161, "p": 69, "v": 73}], "pos": 1.0, "size": 1.0, "_time": 81.08984, "shift": 0.0, "time": 81.08984}, {"$id": 387, "type": 0, "sounds": [{"w": 0.0, "d": 0.1818161, "p": 64, "v": 50}], "pos": -1.13888967, "size": 1.0, "_time": 81.27344, "shift": 0.0, "time": 81.27344}, {"$id": 388, "type": 0, "sounds": [{"w": 0.0, "d": 0.1818161, "p": 62, "v": 72}], "pos": 0.5, "size": 1.0, "_time": 81.453125, "shift": 0.0, "time": 81.453125}, {"$id": 389, "type": 0, "sounds": [{"w": 0.0, "d": 0.1818161, "p": 67, "v": 59}], "pos": -0.555555344, "size": 1.0, "_time": 81.63672, "shift": 0.0, "time": 81.63672}, {"$id": 390, "type": 0, "sounds": [{"w": 0.0, "d": 0.1818161, "p": 69, "v": 73}], "pos": 1.0, "size": 1.0, "_time": 81.81641, "shift": 0.0, "time": 81.81641}, {"$id": 391, "type": 0, "sounds": [{"w": 0.0, "d": 0.1818161, "p": 72, "v": 78}], "pos": -2.0, "size": 1.0, "_time": 82.0, "shift": 0.0, "time": 82.0}, {"$id": 392, "type": 0, "sounds": [{"w": 0.0, "d": 0.272727966, "p": 86, "v": 73}], "pos": 1.05555487, "size": 1.0, "_time": 82.17969, "shift": 0.0, "time": 82.17969}, {"$id": 393, "type": 0, "sounds": [{"w": 0.0, "d": 0.18182373, "p": 67, "v": 66}], "pos": -1.13888836, "size": 1.0, "_time": 82.36328, "shift": 0.0, "time": 82.36328}, {"$id": 394, "type": 0, "sounds": [{"w": 0.0, "d": 0.329544067, "p": 98, "v": 73}], "pos": 1.8333329, "size": 1.0, "_time": 82.546875, "shift": 0.0, "time": 82.546875}, {"$id": 395, "type": 0, "sounds": [{"w": 0.0, "d": 0.1818161, "p": 64, "v": 79}], "pos": 0.5, "size": 1.0, "_time": 82.72656, "shift": 0.0, "time": 82.72656}, {"$id": 396, "type": 0, "sounds": [{"w": 0.0, "d": 0.473487854, "p": 84, "v": 73}], "pos": -1.5, "size": 1.2, "_time": 82.91016, "shift": 0.0, "time": 82.91016}, {"$id": 397, "type": 0, "sounds": [{"w": 0.0, "d": 0.473487854, "p": 96, "v": 73}], "pos": 0.4166667, "size": 1.2, "_time": 82.91016, "shift": 0.0, "time": 82.91016}, {"$id": 398, "type": 0, "sounds": [{"w": 0.0, "d": 1.99619293, "p": 81, "v": 74}], "pos": -2.0, "size": 1.2, "_time": 83.453125, "shift": 0.0, "time": 83.453125}, {"$id": 399, "type": 0, "sounds": [{"w": 0.0, "d": 1.99619293, "p": 93, "v": 74}], "pos": -0.375000656, "size": 1.2, "_time": 83.453125, "shift": 0.0, "time": 83.453125}, {"$id": 400, "type": 0, "sounds": [{"w": 0.0, "d": 0.1818161, "p": 71, "v": 66}], "pos": 0.625, "size": 1.0, "_time": 83.63672, "shift": 0.0, "time": 83.63672}, {"$id": 401, "type": 0, "sounds": [{"w": 0.0, "d": 0.1818161, "p": 67, "v": 77}], "pos": -1.81944442, "size": 1.0, "_time": 83.81641, "shift": 0.0, "time": 83.81641}, {"$id": 402, "type": 0, "sounds": [{"w": 0.0, "d": 0.1818161, "p": 69, "v": 66}], "pos": 0.375, "size": 1.0, "_time": 84.0, "shift": 0.0, "time": 84.0}, {"$id": 403, "type": 0, "sounds": [{"w": 0.0, "d": 0.1818161, "p": 64, "v": 76}], "pos": -0.25, "size": 1.0, "_time": 84.17969, "shift": 0.0, "time": 84.17969}, {"$id": 404, "type": 0, "sounds": [{"w": 0.0, "d": 0.1818161, "p": 62, "v": 76}], "pos": 1.66666627, "size": 1.0, "_time": 84.36328, "shift": 0.0, "time": 84.36328}, {"$id": 405, "type": 0, "sounds": [{"w": 0.0, "d": 0.1818161, "p": 67, "v": 70}], "pos": 0.125, "size": 1.0, "_time": 84.546875, "shift": 0.0, "time": 84.546875}, {"$id": 406, "type": 0, "sounds": [{"w": 0.0, "d": 0.1818161, "p": 69, "v": 72}], "pos": -1.26388824, "size": 1.0, "_time": 84.72656, "shift": 0.0, "time": 84.72656}, {"$id": 407, "type": 0, "sounds": [{"w": 0.0, "d": 0.1818161, "p": 72, "v": 77}], "pos": 0.75, "size": 1.0, "_time": 84.91016, "shift": 0.0, "time": 84.91016}, {"$id": 408, "type": 0, "sounds": [{"w": 0.0, "d": 0.1818161, "p": 71, "v": 69}], "pos": -0.263889134, "size": 1.0, "_time": 85.08984, "shift": 0.0, "time": 85.08984}, {"$id": 409, "type": 0, "sounds": [{"w": 0.0, "d": 0.1818161, "p": 67, "v": 70}], "pos": -1.0694443, "size": 1.0, "_time": 85.27344, "shift": 0.0, "time": 85.27344}, {"$id": 410, "type": 0, "sounds": [{"w": 0.0, "d": 0.31817627, "p": 84, "v": 72}], "pos": -1.66666651, "size": 1.2, "_time": 85.453125, "shift": 0.0, "time": 85.453125}, {"$id": 411, "type": 0, "sounds": [{"w": 0.0, "d": 0.31817627, "p": 96, "v": 72}], "pos": 1.83333349, "size": 1.2, "_time": 85.453125, "shift": 0.0, "time": 85.453125}, {"$id": 412, "type": 0, "sounds": [{"w": 0.0, "d": 1.45454407, "p": 31, "v": 88}], "pos": 2.875, "size": 1.0, "_time": 85.81641, "shift": 0.0, "time": 85.81641}, {"$id": 413, "type": 0, "sounds": [{"w": 0.0, "d": 1.14393616, "p": 95, "v": 70}], "pos": -0.708334148, "size": 1.2, "_time": 85.81641, "shift": 0.0, "time": 85.81641}, {"$id": 414, "type": 0, "sounds": [{"w": 0.0, "d": 1.14393616, "p": 83, "v": 70}], "pos": 0.833333552, "size": 1.2, "_time": 85.81641, "shift": 0.0, "time": 85.81641}, {"$id": 415, "type": 0, "sounds": [{"w": 0.0, "d": 0.1818161, "p": 67, "v": 81}], "pos": 0.041666925, "size": 1.0, "_time": 86.0, "shift": 0.0, "time": 86.0}, {"$id": 416, "type": 0, "sounds": [{"w": 0.0, "d": 0.1818161, "p": 69, "v": 77}], "pos": 1.5138886, "size": 1.0, "_time": 86.17969, "shift": 0.0, "time": 86.17969}, {"$id": 417, "type": 0, "sounds": [{"w": 0.0, "d": 0.1818161, "p": 72, "v": 76}], "pos": -0.222222209, "size": 1.0, "_time": 86.36328, "shift": 0.0, "time": 86.36328}, {"$id": 418, "type": 0, "sounds": [{"w": 0.0, "d": 0.1818161, "p": 71, "v": 77}], "pos": -1.43055487, "size": 1.0, "_time": 86.546875, "shift": 0.0, "time": 86.546875}, {"$id": 419, "type": 0, "sounds": [{"w": 0.0, "d": 0.1818161, "p": 67, "v": 81}], "pos": 0.18055582, "size": 1.0, "_time": 86.72656, "shift": 0.0, "time": 86.72656}, {"$id": 420, "type": 0, "sounds": [{"w": 0.0, "d": 0.25, "p": 96, "v": 70}], "pos": -2.0, "size": 1.2, "_time": 86.91016, "shift": 0.0, "time": 86.91016}, {"$id": 421, "type": 0, "sounds": [{"w": 0.0, "d": 0.1818161, "p": 69, "v": 87}], "pos": 0.43055582, "size": 1.2, "_time": 86.91016, "shift": 0.0, "time": 86.91016}, {"$id": 422, "type": 0, "sounds": [{"w": 0.0, "d": 0.515144348, "p": 83, "v": 69}], "pos": 1.5, "size": 1.2, "_time": 87.27344, "shift": 0.0, "time": 87.27344}, {"$id": 423, "type": 0, "sounds": [{"w": 0.0, "d": 0.515144348, "p": 95, "v": 69}], "pos": -0.208333343, "size": 1.2, "_time": 87.27344, "shift": 0.0, "time": 87.27344}, {"$id": 424, "type": 0, "sounds": [{"w": 0.0, "d": 0.374992371, "p": 81, "v": 67}], "pos": 1.0, "size": 1.2, "_time": 87.81641, "shift": 0.0, "time": 87.81641}, {"$id": 425, "type": 0, "sounds": [{"w": 0.0, "d": 0.374992371, "p": 93, "v": 67}], "pos": -0.87500006, "size": 1.2, "_time": 87.81641, "shift": 0.0, "time": 87.81641}, {"$id": 426, "type": 0, "sounds": [{"w": 0.0, "d": 2.59090424, "p": 79, "v": 65}], "pos": 0.5, "size": 1.2, "_time": 88.36328, "shift": 0.0, "time": 88.36328}, {"$id": 427, "type": 0, "sounds": [{"w": 0.0, "d": 2.59090424, "p": 91, "v": 65}], "pos": -1.45833361, "size": 1.2, "_time": 88.36328, "shift": 0.0, "time": 88.36328}, {"$id": 428, "type": 0, "pos": 2.0, "size": 1.0, "_time": 88.72656, "shift": 0.0, "time": 88.72656}, {"$id": 429, "type": 0, "pos": 0.0, "size": 1.90000021, "_time": 88.72656, "shift": 0.0, "time": 88.72656}, {"$id": 430, "type": 0, "pos": 1.5, "size": 1.0, "_time": 89.81641, "shift": 0.0, "time": 89.81641}, {"$id": 431, "type": 0, "pos": -1.5, "size": 1.30000007, "_time": 90.18359, "shift": 0.0, "time": 90.18359}, {"$id": 432, "type": 0, "pos": -1.5, "size": 1.30000007, "_time": 90.72656, "shift": 0.0, "time": 90.72656}, {"$id": 433, "type": 0, "pos": -1.5, "size": 1.30000007, "_time": 90.91016, "shift": 0.0, "time": 90.91016}, {"$id": 434, "type": 0, "pos": 1.5, "size": 1.0, "_time": 91.27344, "shift": 0.0, "time": 91.27344}, {"$id": 435, "type": 0, "pos": 0.0, "size": 2.0, "_time": 91.63672, "shift": 0.0, "time": 91.63672}, {"$id": 436, "type": 0, "pos": 2.0, "size": 1.0, "_time": 91.63672, "shift": 0.0, "time": 91.63672}, {"$id": 437, "type": 0, "pos": -1.0, "size": 1.30000007, "_time": 92.36328, "shift": 0.0, "time": 92.36328}, {"$id": 438, "type": 0, "pos": 1.5, "size": 1.0, "_time": 92.72656, "shift": 0.0, "time": 92.72656}, {"$id": 439, "type": 0, "sounds": [{"w": 0.0, "d": 0.3636322, "p": 86, "v": 76}], "pos": 0.222222567, "size": 1.0, "_time": 93.08984, "shift": 0.0, "time": 93.08984}, {"$id": 440, "type": 0, "pos": 1.5, "size": 1.0, "_time": 93.27344, "shift": 0.0, "time": 93.27344}, {"$id": 441, "type": 0, "sounds": [{"w": 0.0, "d": 0.3636322, "p": 84, "v": 76}], "pos": -1.55555534, "size": 1.0, "_time": 93.453125, "shift": 0.0, "time": 93.453125}, {"$id": 442, "type": 0, "pos": 1.5, "size": 1.0, "_time": 93.63672, "shift": 0.0, "time": 93.63672}, {"$id": 443, "type": 0, "sounds": [{"w": 0.0, "d": 0.3636322, "p": 86, "v": 76}], "pos": 0.722222865, "size": 1.30000007, "_time": 93.81641, "shift": 0.0, "time": 93.81641}, {"$id": 444, "type": 0, "pos": -1.27777719, "size": 1.30000007, "_time": 93.82031, "shift": 0.0, "time": 93.82031}, {"$id": 445, "type": 0, "pos": -0.277777135, "size": 1.0, "_time": 94.0, "shift": 0.0, "time": 94.0}, {"$id": 446, "type": 0, "pos": -0.277777135, "size": 1.0, "_time": 94.08984, "shift": 0.0, "time": 94.08984}, {"$id": 447, "type": 0, "sounds": [{"w": 0.0, "d": 0.3636322, "p": 93, "v": 76}], "pos": 1.73611116, "size": 1.30000007, "_time": 94.17969, "shift": 0.0, "time": 94.17969}, {"$id": 448, "type": 0, "pos": -2.0, "size": 1.2, "_time": 94.36328, "shift": 0.0, "time": 94.36328}, {"$id": 449, "type": 0, "sounds": [{"w": 0.0, "d": 0.545455933, "p": 91, "v": 76}], "pos": -1.04166615, "size": 1.2, "_time": 94.546875, "shift": 0.0, "time": 94.546875}, {"$id": 450, "type": 0, "sounds": [{"w": 0.0, "d": 0.545455933, "p": 79, "v": 76}], "pos": 1.0, "size": 1.2, "_time": 94.546875, "shift": 0.0, "time": 94.546875}, {"$id": 451, "type": 0, "pos": 0.0, "size": 1.0, "_time": 94.72656, "shift": 0.0, "time": 94.72656}, {"$id": 452, "type": 0, "pos": 1.0, "size": 1.2, "_time": 94.91016, "shift": 0.0, "time": 94.91016}, {"$id": 453, "type": 0, "sounds": [{"w": 0.0, "d": 0.545455933, "p": 93, "v": 76}], "pos": -0.5, "size": 1.2, "_time": 95.08984, "shift": 0.0, "time": 95.08984}, {"$id": 454, "type": 0, "pos": 1.0, "size": 1.2, "_time": 95.27344, "shift": 0.0, "time": 95.27344}, {"$id": 455, "type": 0, "pos": -0.9444451, "size": 1.0, "_time": 95.45703, "shift": 0.0, "time": 95.45703}, {"$id": 456, "type": 0, "pos": 1.305555, "size": 1.2, "_time": 95.63672, "shift": 0.0, "time": 95.63672}, {"$id": 457, "type": 0, "sounds": [{"w": 0.0, "d": 1.09090424, "p": 86, "v": 76}], "pos": -2.0, "size": 1.2, "_time": 95.63672, "shift": 0.0, "time": 95.63672}, {"$id": 458, "type": 0, "pos": -1.0, "size": 1.0, "_time": 95.82031, "shift": 0.0, "time": 95.82031}, {"$id": 459, "type": 0, "pos": 0.5, "size": 1.2, "_time": 96.0, "shift": 0.0, "time": 96.0}, {"$id": 460, "type": 0, "pos": -1.0, "size": 1.0, "_time": 96.18359, "shift": 0.0, "time": 96.18359}, {"$id": 461, "type": 0, "pos": 0.0, "size": 1.2, "_time": 96.36328, "shift": 0.0, "time": 96.36328}, {"$id": 462, "type": 0, "pos": -1.0, "size": 1.0, "_time": 96.546875, "shift": 0.0, "time": 96.546875}, {"$id": 463, "type": 0, "sounds": [{"w": 0.0, "d": 0.1818161, "p": 86, "v": 76}], "pos": -1.5, "size": 1.2, "_time": 96.72656, "shift": 0.0, "time": 96.72656}, {"$id": 464, "type": 0, "sounds": [{"w": 0.0, "d": 0.1818161, "p": 88, "v": 76}], "pos": 0.5, "size": 1.0, "_time": 96.91016, "shift": 0.0, "time": 96.91016}, {"$id": 465, "type": 0, "sounds": [{"w": 0.0, "d": 0.1818161, "p": 89, "v": 76}], "pos": -0.5, "size": 1.2, "_time": 97.08984, "shift": 0.0, "time": 97.08984}, {"$id": 466, "type": 0, "sounds": [{"w": 0.0, "d": 0.1818161, "p": 91, "v": 76}], "pos": 1.0, "size": 1.0, "_time": 97.27344, "shift": 0.0, "time": 97.27344}, {"$id": 467, "type": 0, "sounds": [{"w": 0.0, "d": 0.3636322, "p": 93, "v": 76}], "pos": 0.0, "size": 1.2, "_time": 97.453125, "shift": 0.0, "time": 97.453125}, {"$id": 468, "type": 0, "sounds": [{"w": 0.0, "d": 0.3636322, "p": 81, "v": 76}], "pos": -2.0, "size": 1.30000007, "_time": 97.453125, "shift": 0.0, "time": 97.453125}, {"$id": 469, "type": 0, "sounds": [{"w": 0.0, "d": 0.3636322, "p": 98, "v": 76}], "pos": 2.0, "size": 1.2, "_time": 97.81641, "shift": 0.0, "time": 97.81641}, {"$id": 470, "type": 0, "sounds": [{"w": 0.0, "d": 0.3636322, "p": 86, "v": 76}], "pos": 0.0, "size": 1.30000007, "_time": 97.81641, "shift": 0.0, "time": 97.81641}, {"$id": 471, "type": 0, "sounds": [{"w": 0.0, "d": 0.06060791, "p": 96, "v": 76}], "pos": -1.08333254, "size": 0.9, "_time": 98.17969, "shift": 0.0, "time": 98.17969}, {"$id": 472, "type": 0, "sounds": [{"w": 0.0, "d": 0.06060791, "p": 98, "v": 76}], "pos": 0.416667461, "size": 0.9, "_time": 98.24219, "shift": 0.0, "time": 98.24219}, {"$id": 473, "type": 0, "sounds": [{"w": 0.0, "d": 0.242424011, "p": 96, "v": 76}], "pos": -1.08333254, "size": 0.9, "_time": 98.30469, "shift": 0.0, "time": 98.30469}, {"$id": 474, "type": 0, "sounds": [{"w": 0.0, "d": 0.1818161, "p": 95, "v": 76}], "pos": 0.0, "size": 1.2, "_time": 98.546875, "shift": 0.0, "time": 98.546875}, {"$id": 475, "type": 0, "sounds": [{"w": 0.0, "d": 0.1818161, "p": 91, "v": 76}], "pos": -2.0, "size": 1.2, "_time": 98.72656, "shift": 0.0, "time": 98.72656}, {"$id": 476, "type": 0, "sounds": [{"w": 0.0, "d": 0.727272034, "p": 93, "v": 76}], "pos": 0.0, "size": 1.2, "_time": 98.91016, "shift": 0.0, "time": 98.91016}, {"$id": 477, "type": 0, "pos": 1.55555534, "size": 1.0, "_time": 99.08984, "shift": 0.0, "time": 99.08984}, {"$id": 478, "type": 0, "pos": 0.5, "size": 1.0, "_time": 99.27344, "shift": 0.0, "time": 99.27344}, {"$id": 479, "type": 0, "pos": -0.6944443, "size": 1.0, "_time": 99.45703, "shift": 0.0, "time": 99.45703}, {"$id": 480, "type": 0, "sounds": [{"w": 0.0, "d": 0.3636322, "p": 86, "v": 76}], "pos": -1.47222376, "size": 1.2, "_time": 99.63672, "shift": 0.0, "time": 99.63672}, {"$id": 481, "type": 0, "sounds": [{"w": 0.0, "d": 0.3636322, "p": 74, "v": 76}], "pos": 0.6944454, "size": 1.0, "_time": 99.63672, "shift": 0.0, "time": 99.63672}, {"$id": 482, "type": 0, "sounds": [{"w": 0.0, "d": 0.3636322, "p": 93, "v": 76}], "pos": 1.5, "size": 1.2, "_time": 100.0, "shift": 0.0, "time": 100.0}, {"$id": 483, "type": 0, "sounds": [{"w": 0.0, "d": 0.3636322, "p": 81, "v": 76}], "pos": -0.388889134, "size": 1.0, "_time": 100.0, "shift": 0.0, "time": 100.0}, {"$id": 484, "type": 0, "sounds": [{"w": 0.0, "d": 0.545455933, "p": 79, "v": 76}], "pos": 0.5, "size": 1.0, "_time": 100.363281, "shift": 0.0, "time": 100.363281}, {"$id": 485, "type": 0, "sounds": [{"w": 0.0, "d": 0.545455933, "p": 91, "v": 76}], "pos": -0.9305568, "size": 1.2, "_time": 100.363281, "shift": 0.0, "time": 100.363281}, {"$id": 486, "type": 0, "pos": -0.5, "size": 1.0, "_time": 100.546875, "shift": 0.0, "time": 100.546875}, {"$id": 487, "type": 0, "pos": 1.5, "size": 1.2, "_time": 100.726563, "shift": 0.0, "time": 100.726563}, {"$id": 488, "type": 0, "sounds": [{"w": 0.0, "d": 0.545455933, "p": 93, "v": 76}], "pos": 0.0, "size": 1.2, "_time": 100.910156, "shift": 0.0, "time": 100.910156}, {"$id": 489, "type": 0, "pos": 1.5, "size": 1.2, "_time": 101.089844, "shift": 0.0, "time": 101.089844}, {"$id": 490, "type": 0, "pos": -0.5, "size": 1.0, "_time": 101.273438, "shift": 0.0, "time": 101.273438}, {"$id": 491, "type": 0, "sounds": [{"w": 0.0, "d": 1.09090424, "p": 86, "v": 76}], "pos": -1.5, "size": 1.2, "_time": 101.453125, "shift": 0.0, "time": 101.453125}, {"$id": 492, "type": 0, "pos": -0.5, "size": 1.0, "_time": 101.636719, "shift": 0.0, "time": 101.636719}, {"$id": 493, "type": 0, "pos": 1.0, "size": 1.2, "_time": 101.816406, "shift": 0.0, "time": 101.816406}, {"$id": 494, "type": 0, "pos": -0.5, "size": 1.0, "_time": 102.0, "shift": 0.0, "time": 102.0}, {"$id": 495, "type": 0, "pos": 0.5, "size": 1.2, "_time": 102.183594, "shift": 0.0, "time": 102.183594}, {"$id": 496, "type": 0, "pos": -0.5, "size": 1.0, "_time": 102.363281, "shift": 0.0, "time": 102.363281}, {"$id": 497, "type": 0, "sounds": [{"w": 0.0, "d": 0.1818161, "p": 86, "v": 76}], "pos": -1.52777839, "size": 1.2, "_time": 102.546875, "shift": 0.0, "time": 102.546875}, {"$id": 498, "type": 0, "sounds": [{"w": 0.0, "d": 0.1818161, "p": 88, "v": 76}], "pos": 0.0, "size": 1.0, "_time": 102.726563, "shift": 0.0, "time": 102.726563}, {"$id": 499, "type": 0, "sounds": [{"w": 0.0, "d": 0.1818161, "p": 89, "v": 76}], "pos": -1.0, "size": 1.2, "_time": 102.910156, "shift": 0.0, "time": 102.910156}, {"$id": 500, "type": 0, "sounds": [{"w": 0.0, "d": 0.1818161, "p": 91, "v": 76}], "pos": 0.5, "size": 1.0, "_time": 103.089844, "shift": 0.0, "time": 103.089844}, {"$id": 501, "type": 0, "sounds": [{"w": 0.0, "d": 0.3636322, "p": 93, "v": 76}], "pos": -0.5, "size": 1.2, "_time": 103.273438, "shift": 0.0, "time": 103.273438}, {"$id": 502, "type": 0, "sounds": [{"w": 0.0, "d": 0.3636322, "p": 81, "v": 76}], "pos": 1.5, "size": 1.0, "_time": 103.273438, "shift": 0.0, "time": 103.273438}, {"$id": 503, "type": 0, "sounds": [{"w": 0.0, "d": 0.3636322, "p": 86, "v": 76}], "pos": -1.2777791, "size": 1.2, "_time": 103.636719, "shift": 0.0, "time": 103.636719}, {"$id": 504, "type": 0, "sounds": [{"w": 0.0, "d": 0.3636322, "p": 74, "v": 76}], "pos": 0.5, "size": 1.0, "_time": 103.636719, "shift": 0.0, "time": 103.636719}, {"$id": 505, "type": 0, "sounds": [{"w": 0.0, "d": 0.1818161, "p": 88, "v": 76}], "pos": 0.999999046, "size": 1.2, "_time": 104.0, "shift": 0.0, "time": 104.0}, {"$id": 506, "type": 0, "sounds": [{"w": 0.0, "d": 0.1818161, "p": 86, "v": 76}], "pos": -0.5, "size": 1.1, "_time": 104.179688, "shift": 0.0, "time": 104.179688}, {"$id": 507, "type": 0, "sounds": [{"w": 0.0, "d": 0.3636322, "p": 86, "v": 76}], "pos": -0.5, "size": 1.1, "_time": 104.363281, "shift": 0.0, "time": 104.363281}, {"$id": 508, "type": 0, "pos": 1.5, "size": 0.9, "_time": 104.546875, "shift": 0.0, "time": 104.546875}, {"$id": 509, "type": 0, "pos": 1.5, "size": 0.9, "_time": 104.726563, "shift": 0.0, "time": 104.726563}, {"$id": 510, "type": 0, "sounds": [{"w": 0.0, "d": 0.3636322, "p": 86, "v": 76}], "pos": -0.5, "size": 1.2, "_time": 104.726563, "shift": 0.0, "time": 104.726563}, {"$id": 511, "type": 0, "pos": 1.5, "size": 0.9, "_time": 104.910156, "shift": 0.0, "time": 104.910156}, {"$id": 512, "type": 0, "sounds": [{"w": 0.0, "d": 0.3636322, "p": 84, "v": 76}], "pos": -2.0, "size": 1.2, "_time": 105.089844, "shift": 0.0, "time": 105.089844}, {"$id": 513, "type": 0, "pos": 1.5, "size": 0.9, "_time": 105.09375, "shift": 0.0, "time": 105.09375}, {"$id": 514, "type": 0, "pos": 1.5, "size": 0.9, "_time": 105.273438, "shift": 0.0, "time": 105.273438}, {"$id": 515, "type": 0, "sounds": [{"w": 0.0, "d": 0.3636322, "p": 86, "v": 76}], "pos": -1.0, "size": 1.2, "_time": 105.453125, "shift": 0.0, "time": 105.453125}, {"$id": 516, "type": 0, "pos": 0.0555565357, "size": 1.0, "_time": 105.636719, "shift": 0.0, "time": 105.636719}, {"$id": 517, "type": 0, "pos": 0.0555565357, "size": 1.0, "_time": 105.726563, "shift": 0.0, "time": 105.726563}, {"$id": 518, "type": 0, "sounds": [{"w": 0.0, "d": 0.3636322, "p": 93, "v": 76}], "pos": 1.55555654, "size": 1.2, "_time": 105.816406, "shift": 0.0, "time": 105.816406}, {"$id": 519, "type": 0, "pos": -1.0, "size": 1.0, "_time": 106.0, "shift": 0.0, "time": 106.0}, {"$id": 520, "type": 0, "sounds": [{"w": 0.0, "d": 0.545455933, "p": 91, "v": 76}], "pos": 1.0, "size": 1.2, "_time": 106.179688, "shift": 0.0, "time": 106.179688}, {"$id": 521, "type": 0, "sounds": [{"w": 0.0, "d": 0.545455933, "p": 79, "v": 76}], "pos": -1.5, "size": 1.2, "_time": 106.179688, "shift": 0.0, "time": 106.179688}, {"$id": 522, "type": 0, "pos": 0.0, "size": 1.2, "_time": 106.363281, "shift": 0.0, "time": 106.363281}, {"$id": 523, "type": 0, "pos": -1.5, "size": 1.2, "_time": 106.546875, "shift": 0.0, "time": 106.546875}, {"$id": 524, "type": 0, "sounds": [{"w": 0.0, "d": 0.545455933, "p": 93, "v": 76}], "pos": 1.55555475, "size": 1.2, "_time": 106.726563, "shift": 0.0, "time": 106.726563}, {"$id": 525, "type": 0, "pos": -1.5, "size": 1.2, "_time": 106.910156, "shift": 0.0, "time": 106.910156}, {"$id": 526, "type": 0, "pos": 0.0, "size": 1.2, "_time": 107.09375, "shift": 0.0, "time": 107.09375}, {"$id": 527, "type": 0, "pos": -1.5, "size": 1.2, "_time": 107.273438, "shift": 0.0, "time": 107.273438}, {"$id": 528, "type": 0, "sounds": [{"w": 0.0, "d": 1.09090424, "p": 86, "v": 76}], "pos": 0.5, "size": 1.2, "_time": 107.273438, "shift": 0.0, "time": 107.273438}, {"$id": 529, "type": 0, "pos": 0.0, "size": 1.2, "_time": 107.457031, "shift": 0.0, "time": 107.457031}, {"$id": 530, "type": 0, "pos": -1.0, "size": 1.2, "_time": 107.636719, "shift": 0.0, "time": 107.636719}, {"$id": 531, "type": 0, "pos": 1.61111093, "size": 1.2, "_time": 107.820313, "shift": 0.0, "time": 107.820313}, {"$id": 532, "type": 0, "pos": 0.5, "size": 1.2, "_time": 108.0, "shift": 0.0, "time": 108.0}, {"$id": 533, "type": 0, "pos": -1.0, "size": 1.2, "_time": 108.183594, "shift": 0.0, "time": 108.183594}, {"$id": 534, "type": 0, "sounds": [{"w": 0.0, "d": 0.1818161, "p": 86, "v": 76}], "pos": -2.0, "size": 1.2, "_time": 108.363281, "shift": 0.0, "time": 108.363281}, {"$id": 535, "type": 0, "sounds": [{"w": 0.0, "d": 0.1818161, "p": 88, "v": 76}], "pos": -0.8611103, "size": 1.2, "_time": 108.546875, "shift": 0.0, "time": 108.546875}, {"$id": 536, "type": 0, "sounds": [{"w": 0.0, "d": 0.1818161, "p": 89, "v": 76}], "pos": 0.06944269, "size": 1.2, "_time": 108.726563, "shift": 0.0, "time": 108.726563}, {"$id": 537, "type": 0, "sounds": [{"w": 0.0, "d": 0.1818161, "p": 91, "v": 76}], "pos": 0.805555344, "size": 1.2, "_time": 108.910156, "shift": 0.0, "time": 108.910156}, {"$id": 538, "type": 0, "sounds": [{"w": 0.0, "d": 0.3636322, "p": 93, "v": 76}], "pos": -0.513889, "size": 1.2, "_time": 109.089844, "shift": 0.0, "time": 109.089844}, {"$id": 539, "type": 0, "sounds": [{"w": 0.0, "d": 0.3636322, "p": 81, "v": 76}], "pos": 1.5, "size": 1.2, "_time": 109.089844, "shift": 0.0, "time": 109.089844}, {"$id": 540, "type": 0, "sounds": [{"w": 0.0, "d": 0.3636322, "p": 98, "v": 76}], "pos": 2.0, "size": 1.2, "_time": 109.453125, "shift": 0.0, "time": 109.453125}, {"$id": 541, "type": 0, "sounds": [{"w": 0.0, "d": 0.3636322, "p": 86, "v": 76}], "pos": 0.0, "size": 1.2, "_time": 109.453125, "shift": 0.0, "time": 109.453125}, {"$id": 542, "type": 0, "sounds": [{"w": 0.0, "d": 0.06060791, "p": 96, "v": 76}], "pos": 1.0, "size": 0.9, "_time": 109.816406, "shift": 0.0, "time": 109.816406}, {"$id": 543, "type": 0, "sounds": [{"w": 0.0, "d": 0.06060791, "p": 98, "v": 76}], "pos": -0.5, "size": 0.9, "_time": 109.878906, "shift": 0.0, "time": 109.878906}, {"$id": 544, "type": 0, "sounds": [{"w": 0.0, "d": 0.242424011, "p": 96, "v": 76}], "pos": 1.0, "size": 0.9, "_time": 109.9375, "shift": 0.0, "time": 109.9375}, {"$id": 545, "type": 0, "sounds": [{"w": 0.0, "d": 0.1818161, "p": 95, "v": 76}], "pos": 0.0, "size": 1.2, "_time": 110.179688, "shift": 0.0, "time": 110.179688}, {"$id": 546, "type": 0, "sounds": [{"w": 0.0, "d": 0.1818161, "p": 91, "v": 76}], "pos": 1.5, "size": 1.2, "_time": 110.363281, "shift": 0.0, "time": 110.363281}, {"$id": 547, "type": 0, "sounds": [{"w": 0.0, "d": 0.727272034, "p": 93, "v": 76}], "pos": 0.0, "size": 1.2, "_time": 110.546875, "shift": 0.0, "time": 110.546875}, {"$id": 548, "type": 0, "sounds": [{"w": 0.0, "d": 0.727272034, "p": 81, "v": 76}], "pos": -2.0, "size": 1.0, "_time": 110.546875, "shift": 0.0, "time": 110.546875}, {"$id": 549, "type": 0, "pos": -1.13888872, "size": 1.0, "_time": 110.726563, "shift": 0.0, "time": 110.726563}, {"$id": 550, "type": 0, "pos": 1.0, "size": 1.2, "_time": 110.910156, "shift": 0.0, "time": 110.910156}, {"$id": 551, "type": 0, "pos": -0.111110479, "size": 1.0, "_time": 111.09375, "shift": 0.0, "time": 111.09375}, {"$id": 552, "type": 0, "sounds": [{"w": 0.0, "d": 0.3636322, "p": 86, "v": 76}], "pos": 0.5, "size": 1.2, "_time": 111.273438, "shift": 0.0, "time": 111.273438}, {"$id": 553, "type": 0, "sounds": [{"w": 0.0, "d": 0.3636322, "p": 74, "v": 76}], "pos": -1.0, "size": 1.2, "_time": 111.273438, "shift": 0.0, "time": 111.273438}, {"$id": 554, "type": 0, "sounds": [{"w": 0.0, "d": 0.272727966, "p": 93, "v": 76}], "pos": 1.5, "size": 1.2, "_time": 111.636719, "shift": 0.0, "time": 111.636719}, {"$id": 555, "type": 0, "sounds": [{"w": 0.0, "d": 0.272727966, "p": 81, "v": 76}], "pos": -2.0, "size": 1.30000007, "_time": 111.636719, "shift": 0.0, "time": 111.636719}, {"$id": 556, "type": 0, "sounds": [{"w": 0.0, "d": 0.545455933, "p": 81, "v": 76}], "pos": -2.0, "size": 1.30000007, "_time": 112.0, "shift": 0.0, "time": 112.0}, {"$id": 557, "type": 0, "sounds": [{"w": 0.0, "d": 0.545455933, "p": 93, "v": 76}], "pos": 1.5, "size": 1.2, "_time": 112.0, "shift": 0.0, "time": 112.0}, {"$id": 558, "type": 0, "pos": 1.52777815, "size": 1.20000017, "_time": 112.183594, "shift": 0.0, "time": 112.183594}, {"$id": 559, "type": 0, "pos": 1.52777815, "size": 1.20000017, "_time": 112.363281, "shift": 0.0, "time": 112.363281}, {"$id": 560, "type": 0, "pos": 1.52777815, "size": 1.20000017, "_time": 112.546875, "shift": 0.0, "time": 112.546875}, {"$id": 561, "type": 0, "sounds": [{"w": 0.0, "d": 0.727272034, "p": 91, "v": 76}], "pos": -1.22222233, "size": 1.2, "_time": 112.546875, "shift": 0.0, "time": 112.546875}, {"$id": 562, "type": 0, "pos": 1.52777815, "size": 1.20000017, "_time": 112.726563, "shift": 0.0, "time": 112.726563}, {"$id": 563, "type": 0, "pos": 1.52777815, "size": 1.20000017, "_time": 112.910156, "shift": 0.0, "time": 112.910156}, {"$id": 564, "type": 0, "sounds": [{"w": 0.0, "d": 0.3636322, "p": 98, "v": 76}], "pos": 0.0, "size": 1.2, "_time": 113.089844, "shift": 0.0, "time": 113.089844}, {"$id": 565, "type": 0, "pos": 1.52777815, "size": 1.20000017, "_time": 113.09375, "shift": 0.0, "time": 113.09375}, {"$id": 566, "type": 0, "pos": 1.52777815, "size": 1.20000017, "_time": 113.273438, "shift": 0.0, "time": 113.273438}, {"$id": 567, "type": 0, "pos": 1.52777815, "size": 1.20000017, "_time": 113.453125, "shift": 0.0, "time": 113.453125}, {"$id": 568, "type": 0, "sounds": [{"w": 0.0, "d": 1.63635254, "p": 96, "v": 76}], "pos": -1.0, "size": 1.2, "_time": 113.453125, "shift": 0.0, "time": 113.453125}, {"$id": 569, "type": 0, "pos": 1.02777815, "size": 1.20000017, "_time": 113.636719, "shift": 0.0, "time": 113.636719}, {"$id": 570, "type": 0, "pos": 0.5277782, "size": 1.20000017, "_time": 113.816406, "shift": 0.0, "time": 113.816406}, {"$id": 571, "type": 0, "pos": -0.472222269, "size": 1.20000017, "_time": 114.0, "shift": 0.0, "time": 114.0}, {"$id": 572, "type": 0, "sounds": [{"w": 0.0, "d": 0.3636322, "p": 86, "v": 76}], "pos": -2.0, "size": 1.2, "_time": 114.179688, "shift": 0.0, "time": 114.179688}, {"$id": 573, "type": 0, "sounds": [{"w": 0.0, "d": 0.3636322, "p": 74, "v": 76}], "pos": 0.500000238, "size": 1.2, "_time": 114.179688, "shift": 0.0, "time": 114.179688}, {"$id": 574, "type": 0, "sounds": [{"w": 0.0, "d": 0.3636322, "p": 81, "v": 76}], "pos": -0.7499994, "size": 1.2, "_time": 114.546875, "shift": 0.0, "time": 114.546875}, {"$id": 575, "type": 0, "sounds": [{"w": 0.0, "d": 0.3636322, "p": 93, "v": 76}], "pos": 1.0, "size": 1.2, "_time": 114.546875, "shift": 0.0, "time": 114.546875}, {"$id": 576, "type": 0, "sounds": [{"w": 0.0, "d": 0.5454483, "p": 81, "v": 76}], "pos": 1.0, "size": 1.2, "_time": 114.910156, "shift": 0.0, "time": 114.910156}, {"$id": 577, "type": 0, "sounds": [{"w": 0.0, "d": 0.5454483, "p": 93, "v": 76}], "pos": -1.49999976, "size": 1.2, "_time": 114.910156, "shift": 0.0, "time": 114.910156}, {"$id": 578, "type": 0, "pos": -1.50000048, "size": 1.20000017, "_time": 115.09375, "shift": 0.0, "time": 115.09375}, {"$id": 579, "type": 0, "pos": -1.50000048, "size": 1.20000017, "_time": 115.273438, "shift": 0.0, "time": 115.273438}, {"$id": 580, "type": 0, "sounds": [{"w": 0.0, "d": 0.727272034, "p": 91, "v": 76}], "pos": 0.5, "size": 1.2, "_time": 115.453125, "shift": 0.0, "time": 115.453125}, {"$id": 581, "type": 0, "pos": -1.50000048, "size": 1.20000017, "_time": 115.457031, "shift": 0.0, "time": 115.457031}, {"$id": 582, "type": 0, "pos": -1.50000048, "size": 1.20000017, "_time": 115.636719, "shift": 0.0, "time": 115.636719}, {"$id": 583, "type": 0, "pos": -1.50000048, "size": 1.20000017, "_time": 115.820313, "shift": 0.0, "time": 115.820313}, {"$id": 584, "type": 0, "pos": -1.50000048, "size": 1.20000017, "_time": 116.0, "shift": 0.0, "time": 116.0}, {"$id": 585, "type": 0, "sounds": [{"w": 0.0, "d": 0.3636322, "p": 98, "v": 76}], "pos": 1.5, "size": 1.2, "_time": 116.0, "shift": 0.0, "time": 116.0}, {"$id": 586, "type": 0, "pos": -1.50000048, "size": 1.20000017, "_time": 116.183594, "shift": 0.0, "time": 116.183594}, {"$id": 587, "type": 0, "pos": -1.50000048, "size": 1.20000017, "_time": 116.363281, "shift": 0.0, "time": 116.363281}, {"$id": 588, "type": 0, "sounds": [{"w": 0.0, "d": 1.63635254, "p": 96, "v": 76}], "pos": 0.5, "size": 1.2, "_time": 116.363281, "shift": 0.0, "time": 116.363281}, {"$id": 589, "type": 0, "pos": -1.00000048, "size": 1.20000017, "_time": 116.546875, "shift": 0.0, "time": 116.546875}, {"$id": 590, "type": 0, "pos": -4.76837158e-07, "size": 1.20000017, "_time": 116.726563, "shift": 0.0, "time": 116.726563}, {"$id": 591, "type": 0, "pos": 0.833333135, "size": 1.20000017, "_time": 116.910156, "shift": 0.0, "time": 116.910156}, {"$id": 592, "type": 0, "sounds": [{"w": 0.0, "d": 0.1818161, "p": 74, "v": 76}], "pos": 1.36111093, "size": 1.4000001, "_time": 117.089844, "shift": 0.0, "time": 117.089844}, {"$id": 593, "type": 0, "sounds": [{"w": 0.0, "d": 0.1818161, "p": 86, "v": 76}], "pos": -1.49999976, "size": 1.4000001, "_time": 117.089844, "shift": 0.0, "time": 117.089844}, {"$id": 594, "type": 0, "sounds": [{"w": 0.0, "d": 0.1818161, "p": 88, "v": 76}], "pos": -0.722222, "size": 1.2, "_time": 117.273438, "shift": 0.0, "time": 117.273438}, {"$id": 595, "type": 0, "sounds": [{"w": 0.0, "d": 0.1818161, "p": 76, "v": 76}], "pos": 0.694444656, "size": 1.2, "_time": 117.273438, "shift": 0.0, "time": 117.273438}, {"$id": 596, "type": 0, "sounds": [{"w": 0.0, "d": 0.1818161, "p": 89, "v": 76}], "pos": 0.0, "size": 1.50000012, "_time": 117.453125, "shift": 0.0, "time": 117.453125}, {"$id": 597, "type": 0, "sounds": [{"w": 0.0, "d": 0.1818161, "p": 91, "v": 76}], "pos": -0.722222, "size": 1.2, "_time": 117.636719, "shift": 0.0, "time": 117.636719}, {"$id": 598, "type": 0, "sounds": [{"w": 0.0, "d": 0.1818161, "p": 79, "v": 76}], "pos": 0.694444656, "size": 1.2, "_time": 117.636719, "shift": 0.0, "time": 117.636719}, {"$id": 599, "type": 0, "sounds": [{"w": 0.0, "d": 0.5454483, "p": 81, "v": 76}], "pos": 1.38888824, "size": 1.30000007, "_time": 117.816406, "shift": 0.0, "time": 117.816406}, {"$id": 600, "type": 0, "sounds": [{"w": 0.0, "d": 0.5454483, "p": 93, "v": 76}], "pos": -1.47222233, "size": 1.30000007, "_time": 117.816406, "shift": 0.0, "time": 117.816406}, {"$id": 601, "type": 0, "sounds": [{"w": 0.0, "d": 0.545455933, "p": 91, "v": 76}], "pos": 0.0, "size": 1.0, "_time": 118.363281, "shift": 0.0, "time": 118.363281}, {"$id": 602, "type": 0, "sounds": [{"w": 0.0, "d": 0.3636322, "p": 94, "v": 76}], "pos": 2.0, "size": 1.0, "_time": 118.910156, "shift": 0.0, "time": 118.910156}, {"$id": 603, "type": 0, "sounds": [{"w": 0.0, "d": 0.727272034, "p": 93, "v": 76}], "pos": 1.0, "size": 1.0, "_time": 119.273438, "shift": 0.0, "time": 119.273438}, {"$id": 604, "type": 0, "sounds": [{"w": 0.0, "d": 0.727272034, "p": 81, "v": 76}], "pos": -1.0, "size": 1.0, "_time": 119.273438, "shift": 0.0, "time": 119.273438}, {"$id": 605, "type": 0, "sounds": [{"w": 0.0, "d": 0.727272034, "p": 89, "v": 76}], "pos": -2.0, "size": 1.0, "_time": 120.0, "shift": 0.0, "time": 120.0}, {"$id": 606, "type": 0, "sounds": [{"w": 0.0, "d": 0.727272034, "p": 77, "v": 76}], "pos": 0.0277782083, "size": 1.0, "_time": 120.0, "shift": 0.0, "time": 120.0}, {"$id": 607, "type": 0, "sounds": [{"w": 0.0, "d": 2.90908813, "p": 91, "v": 62}], "pos": 2.0, "size": 1.1, "_time": 120.726563, "shift": 0.0, "time": 120.726563}, {"$id": 608, "type": 0, "sounds": [{"w": 0.0, "d": 2.90908813, "p": 79, "v": 62}], "pos": -1.0, "size": 1.1, "_time": 120.726563, "shift": 0.0, "time": 120.726563}, {"$id": 609, "type": 0, "pos": 1.0, "size": 0.9, "_time": 120.910156, "shift": 0.0, "time": 120.910156}, {"$id": 610, "type": 0, "pos": -1.805556, "size": 0.9, "_time": 121.09375, "shift": 0.0, "time": 121.09375}, {"$id": 611, "type": 0, "pos": -1.805556, "size": 0.9, "_time": 121.273438, "shift": 0.0, "time": 121.273438}, {"$id": 612, "type": 0, "pos": 1.1111114, "size": 0.9, "_time": 121.453125, "shift": 0.0, "time": 121.453125}, {"$id": 613, "type": 0, "pos": -0.333333552, "size": 0.9, "_time": 121.636719, "shift": 0.0, "time": 121.636719}, {"$id": 614, "type": 0, "pos": 0.666666746, "size": 0.9, "_time": 121.820313, "shift": 0.0, "time": 121.820313}, {"$id": 615, "type": 0, "pos": -1.5, "size": 0.9, "_time": 122.0, "shift": 0.0, "time": 122.0}, {"$id": 616, "type": 0, "pos": -1.5, "size": 0.9, "_time": 122.179688, "shift": 0.0, "time": 122.179688}, {"$id": 617, "type": 0, "pos": 0.0555553436, "size": 0.9, "_time": 122.363281, "shift": 0.0, "time": 122.363281}, {"$id": 618, "type": 0, "pos": 1.36111116, "size": 0.9, "_time": 122.546875, "shift": 0.0, "time": 122.546875}, {"$id": 619, "type": 0, "pos": -2.0, "size": 0.9, "_time": 122.730469, "shift": 0.0, "time": 122.730469}, {"$id": 620, "type": 0, "pos": 1.33333337, "size": 0.9, "_time": 122.910156, "shift": 0.0, "time": 122.910156}, {"$id": 621, "type": 0, "pos": 0.05555597, "size": 0.9, "_time": 123.09375, "shift": 0.0, "time": 123.09375}, {"$id": 622, "type": 0, "pos": -1.0, "size": 0.9, "_time": 123.273438, "shift": 0.0, "time": 123.273438}, {"$id": 623, "type": 0, "pos": 2.0, "size": 0.9, "_time": 123.457031, "shift": 0.0, "time": 123.457031}, {"$id": 624, "type": 0, "pos": -1.0, "size": 0.9, "_time": 123.636719, "shift": 0.0, "time": 123.636719}, {"$id": 625, "type": 0, "pos": 0.749999762, "size": 0.9, "_time": 123.820313, "shift": 0.0, "time": 123.820313}, {"$id": 626, "type": 0, "pos": -1.0, "size": 0.9, "_time": 124.0, "shift": 0.0, "time": 124.0}, {"$id": 627, "type": 0, "pos": -2.0, "size": 0.9, "_time": 124.183594, "shift": 0.0, "time": 124.183594}, {"$id": 628, "type": 0, "pos": 1.0, "size": 0.9, "_time": 124.363281, "shift": 0.0, "time": 124.363281}, {"$id": 629, "type": 0, "pos": -0.4999998, "size": 0.9, "_time": 124.546875, "shift": 0.0, "time": 124.546875}, {"$id": 630, "type": 0, "pos": 1.0, "size": 0.9, "_time": 124.730469, "shift": 0.0, "time": 124.730469}, {"$id": 631, "type": 0, "pos": -0.916666567, "size": 0.799999952, "_time": 124.910156, "shift": 0.0, "time": 124.910156}, {"$id": 632, "type": 0, "pos": 1.0, "size": 0.799999952, "_time": 125.089844, "shift": 0.0, "time": 125.089844}, {"$id": 633, "type": 0, "pos": -1.41666651, "size": 0.799999952, "_time": 125.273438, "shift": 0.0, "time": 125.273438}, {"$id": 634, "type": 0, "pos": 1.0, "size": 0.799999952, "_time": 125.457031, "shift": 0.0, "time": 125.457031}, {"$id": 635, "type": 0, "pos": -2.0, "size": 0.799999952, "_time": 125.636719, "shift": 0.0, "time": 125.636719}, {"$id": 636, "type": 0, "pos": 1.0, "size": 0.799999952, "_time": 125.816406, "shift": 0.0, "time": 125.816406}, {"$id": 637, "type": 0, "pos": -0.5, "size": 0.799999952, "_time": 126.0, "shift": 0.0, "time": 126.0}, {"$id": 638, "type": 0, "pos": 0.4999998, "size": 0.799999952, "_time": 126.183594, "shift": 0.0, "time": 126.183594}, {"$id": 639, "type": 0, "pos": 2.0, "size": 0.799999952, "_time": 126.367188, "shift": 0.0, "time": 126.367188}], "links": [{"notes": [{"$ref": 202}, {"$ref": 203}, {"$ref": 204}, {"$ref": 206}, {"$ref": 207}, {"$ref": 208}, {"$ref": 209}, {"$ref": 211}, {"$ref": 212}, {"$ref": 213}, {"$ref": 214}, {"$ref": 216}, {"$ref": 217}, {"$ref": 218}]}, {"notes": [{"$ref": 594}, {"$ref": 596}, {"$ref": 597}, {"$ref": 600}]}, {"notes": [{"$ref": 595}, {"$ref": 598}, {"$ref": 599}]}, {"notes": [{"$ref": 83}, {"$ref": 84}, {"$ref": 85}, {"$ref": 86}, {"$ref": 87}, {"$ref": 88}, {"$ref": 89}, {"$ref": 90}, {"$ref": 91}, {"$ref": 92}, {"$ref": 93}, {"$ref": 94}, {"$ref": 95}, {"$ref": 96}]}, {"notes": [{"$ref": 327}, {"$ref": 328}, {"$ref": 330}, {"$ref": 331}, {"$ref": 332}, {"$ref": 333}, {"$ref": 334}, {"$ref": 335}, {"$ref": 336}, {"$ref": 337}, {"$ref": 338}, {"$ref": 339}, {"$ref": 340}, {"$ref": 342}, {"$ref": 343}, {"$ref": 345}, {"$ref": 347}, {"$ref": 348}, {"$ref": 349}, {"$ref": 351}, {"$ref": 352}, {"$ref": 354}, {"$ref": 355}, {"$ref": 356}, {"$ref": 357}, {"$ref": 358}, {"$ref": 359}]}, {"notes": [{"$ref": 288}, {"$ref": 289}, {"$ref": 291}, {"$ref": 292}, {"$ref": 293}, {"$ref": 294}, {"$ref": 295}, {"$ref": 296}, {"$ref": 297}, {"$ref": 298}, {"$ref": 299}, {"$ref": 301}]}, {"notes": [{"$ref": 302}, {"$ref": 303}, {"$ref": 305}, {"$ref": 306}, {"$ref": 308}, {"$ref": 309}, {"$ref": 311}, {"$ref": 312}, {"$ref": 313}, {"$ref": 314}, {"$ref": 315}]}, {"notes": [{"$ref": 317}, {"$ref": 318}, {"$ref": 319}, {"$ref": 321}]}]}