{"speed": 10.0, "notes": [{"$id": 1, "sounds": [{"d": 0.1923075, "p": 54, "v": 100}], "pos": -2.0, "size": 1.0}, {"$id": 2, "sounds": [{"d": 0.0961537659, "p": 54, "v": 78}], "pos": -2.0, "size": 1.0, "_time": 0.19140625}, {"$id": 3, "sounds": [{"d": 0.0961537361, "p": 54, "v": 78}], "pos": -2.0, "size": 1.0, "_time": 0.3828125}, {"$id": 4, "sounds": [{"d": 0.0961537361, "p": 54, "v": 83}], "pos": -2.0, "size": 1.0, "_time": 0.578125}, {"$id": 5, "sounds": [{"d": 0.192307532, "p": 54, "v": 90}], "pos": -2.0, "size": 1.0, "_time": 0.76953125}, {"$id": 6, "sounds": [{"d": 0.192307472, "p": 55, "v": 94}], "pos": -1.0, "size": 1.0, "_time": 0.9609375}, {"$id": 7, "sounds": [{"d": 0.192307472, "p": 56, "v": 99}], "size": 1.0, "_time": 1.15234375, "pos": 0}, {"$id": 8, "sounds": [{"d": 0.192307472, "p": 57, "v": 100}], "pos": 1.0, "size": 1.0, "_time": 1.34765625}, {"$id": 9, "sounds": [{"d": 0.192307472, "p": 58, "v": 97}], "size": 1.0, "_time": 1.5390625, "pos": 0}, {"$id": 10, "sounds": [{"d": 0.192307472, "p": 62, "v": 90}], "pos": 1.0, "size": 1.0, "_time": 1.73046875}, {"$id": 11, "sounds": [{"d": 0.0961538553, "p": 58, "v": 100}], "size": 1.0, "_time": 1.921875, "pos": 0}, {"$id": 12, "sounds": [{"d": 0.0961538553, "p": 67, "v": 100}], "pos": 2.0, "size": 1.0, "_time": 1.921875}, {"$id": 13, "sounds": [{"d": 0.0961537361, "p": 58, "v": 100}], "size": 1.0, "_time": 2.1171875, "pos": 0}, {"$id": 14, "sounds": [{"d": 0.0961537361, "p": 67, "v": 100}], "pos": 2.0, "size": 1.0, "_time": 2.1171875}, {"$id": 15, "sounds": [{"d": 0.192307472, "p": 57, "v": 106}], "pos": -1.0, "size": 1.0, "_time": 2.30859375}, {"$id": 16, "sounds": [{"d": 0.192307472, "p": 66, "v": 106}], "pos": 1.0, "size": 1.0, "_time": 2.30859375}, {"$id": 17, "sounds": [{"d": 0.192307472, "p": 62, "v": 100}], "size": 1.0, "_time": 2.5, "pos": 0}, {"$id": 18, "sounds": [{"d": 0.192307472, "p": 57, "v": 100}], "pos": -1.0, "size": 1.0, "_time": 2.69140625}, {"$id": 19, "sounds": [{"d": 0.384614944, "p": 53, "v": 100}], "pos": -2.0, "size": 1.0, "_time": 2.8828125}, {"$id": 20, "sounds": [{"d": 0.192307472, "p": 60, "v": 87}], "size": 1.0, "_time": 3.26953125, "pos": 0}, {"$id": 21, "sounds": [{"d": 0.0961537361, "p": 65, "v": 100}], "pos": 2.0, "size": 1.0, "_time": 3.4609375}, {"$id": 22, "sounds": [{"d": 0.0961537361, "p": 57, "v": 100}], "pos": -1.0, "size": 1.0, "_time": 3.4609375}, {"$id": 23, "sounds": [{"d": 0.0961537361, "p": 57, "v": 100}], "pos": -1.0, "size": 1.0, "_time": 3.65234375}, {"$id": 24, "sounds": [{"d": 0.0961537361, "p": 65, "v": 100}], "pos": 2.0, "size": 1.0, "_time": 3.65234375}, {"$id": 25, "sounds": [{"d": 0.192307711, "p": 55, "v": 108}], "pos": -2.0, "size": 1.0, "_time": 3.84765625}, {"$id": 26, "sounds": [{"d": 0.192307711, "p": 64, "v": 108}], "pos": 1.0, "size": 1.0, "_time": 3.84765625}, {"$id": 27, "sounds": [{"d": 0.192307472, "p": 60, "v": 100}], "size": 1.0, "_time": 4.0390625, "pos": 0}, {"$id": 28, "sounds": [{"d": 0.192307472, "p": 55, "v": 100}], "pos": -2.0, "size": 1.0, "_time": 4.23046875}, {"$id": 29, "sounds": [{"d": 0.192307472, "p": 56, "v": 100}], "pos": -1.0, "size": 1.0, "_time": 4.421875}, {"$id": 30, "sounds": [{"d": 0.192307472, "p": 55, "v": 100}], "pos": -2.0, "size": 1.0, "_time": 4.6171875}, {"$id": 31, "sounds": [{"d": 0.192307472, "p": 60, "v": 90}], "size": 1.0, "_time": 4.80859375, "pos": 0}, {"$id": 32, "sounds": [{"d": 0.0961537361, "p": 63, "v": 100}], "pos": 1.0, "size": 1.0, "_time": 5.0}, {"$id": 33, "sounds": [{"d": 0.0961537361, "p": 55, "v": 100}], "pos": -1.0, "size": 1.0, "_time": 5.0}, {"$id": 34, "sounds": [{"d": 0.0961537361, "p": 55, "v": 100}], "pos": -1.0, "size": 1.0, "_time": 5.19140625}, {"$id": 35, "sounds": [{"d": 0.0961537361, "p": 63, "v": 100}], "pos": 1.0, "size": 1.0, "_time": 5.19140625}, {"$id": 36, "sounds": [{"d": 0.192307472, "p": 60, "v": 104}], "size": 1.0, "_time": 5.3828125, "pos": 0}, {"$id": 37, "sounds": [{"d": 0.192307472, "p": 67, "v": 104}], "pos": 2.0, "size": 1.0, "_time": 5.3828125}, {"$id": 38, "sounds": [{"d": 0.192307472, "p": 60, "v": 100}], "pos": 1.0, "size": 1.0, "_time": 5.578125}, {"$id": 39, "sounds": [{"d": 0.192307472, "p": 55, "v": 100}], "pos": -1.0, "size": 1.0, "_time": 5.76953125}, {"$id": 40, "sounds": [{"d": 0.384614944, "p": 54, "v": 100}], "pos": -2.0, "size": 1.0, "_time": 5.9609375}, {"$id": 41, "sounds": [{"d": 0.192307472, "p": 57, "v": 88}], "size": 1.0, "_time": 6.34765625, "pos": 0}, {"$id": 42, "sounds": [{"d": 0.0961537361, "p": 62, "v": 102}], "pos": 1.0, "size": 1.0, "_time": 6.5390625}, {"$id": 43, "sounds": [{"d": 0.0961537361, "p": 54, "v": 102}], "pos": -2.0, "size": 1.0, "_time": 6.5390625}, {"$id": 44, "sounds": [{"d": 0.0961537361, "p": 54, "v": 104}], "pos": -2.0, "size": 1.0, "_time": 6.73046875}, {"$id": 45, "sounds": [{"d": 0.0961537361, "p": 62, "v": 104}], "pos": 1.0, "size": 1.0, "_time": 6.73046875}, {"$id": 46, "sounds": [{"d": 0.192307472, "p": 57, "v": 106}], "pos": -1.0, "size": 1.0, "_time": 6.921875}, {"$id": 47, "sounds": [{"d": 0.192307472, "p": 66, "v": 106}], "pos": 2.0, "size": 1.0, "_time": 6.921875}, {"$id": 48, "sounds": [{"d": 0.192307472, "p": 60, "v": 96}], "pos": 1.0, "size": 1.0, "_time": 7.1171875}, {"$id": 49, "sounds": [{"d": 0.192307472, "p": 58, "v": 92}], "size": 1.0, "_time": 7.30859375, "pos": 0}, {"$id": 50, "sounds": [{"d": 0.192307472, "p": 60, "v": 90}], "pos": 1.0, "size": 1.0, "_time": 7.5}, {"$id": 51, "sounds": [{"d": 0.192307472, "p": 58, "v": 97}], "size": 1.0, "_time": 7.69140625, "pos": 0}, {"$id": 52, "sounds": [{"d": 0.192307949, "p": 62, "v": 90}], "pos": 1.0, "size": 1.0, "_time": 7.8828125}, {"$id": 53, "sounds": [{"d": 0.09615421, "p": 58, "v": 100}], "size": 1.0, "_time": 8.078125, "pos": 0}, {"$id": 54, "sounds": [{"d": 0.09615421, "p": 67, "v": 100}], "pos": 2.0, "size": 1.0, "_time": 8.078125}, {"$id": 55, "sounds": [{"d": 0.09615421, "p": 58, "v": 100}], "size": 1.0, "_time": 8.269531, "pos": 0}, {"$id": 56, "sounds": [{"d": 0.09615421, "p": 67, "v": 100}], "pos": 2.0, "size": 1.0, "_time": 8.269531}, {"$id": 57, "sounds": [{"d": 0.192307472, "p": 57, "v": 106}], "pos": -1.0, "size": 1.0, "_time": 8.4609375}, {"$id": 58, "sounds": [{"d": 0.192307472, "p": 66, "v": 106}], "pos": 1.0, "size": 1.0, "_time": 8.4609375}, {"$id": 59, "sounds": [{"d": 0.192307472, "p": 62, "v": 100}], "size": 1.0, "_time": 8.652344, "pos": 0}, {"$id": 60, "sounds": [{"d": 0.192307472, "p": 57, "v": 100}], "pos": -1.0, "size": 1.0, "_time": 8.847656}, {"$id": 61, "sounds": [{"d": 0.384614944, "p": 53, "v": 100}], "pos": -2.0, "size": 1.0, "_time": 9.0390625}, {"$id": 62, "sounds": [{"d": 0.192307472, "p": 60, "v": 87}], "size": 1.0, "_time": 9.421875, "pos": 0}, {"$id": 63, "sounds": [{"d": 0.09615421, "p": 65, "v": 100}], "pos": 2.0, "size": 1.0, "_time": 9.6171875}, {"$id": 64, "sounds": [{"d": 0.09615421, "p": 57, "v": 100}], "pos": -1.0, "size": 1.0, "_time": 9.6171875}, {"$id": 65, "sounds": [{"d": 0.09615421, "p": 57, "v": 100}], "pos": -1.0, "size": 1.0, "_time": 9.808594}, {"$id": 66, "sounds": [{"d": 0.09615421, "p": 65, "v": 100}], "pos": 2.0, "size": 1.0, "_time": 9.808594}, {"$id": 67, "sounds": [{"d": 0.192307472, "p": 55, "v": 104}], "pos": -2.0, "size": 1.0, "_time": 10.0}, {"$id": 68, "sounds": [{"d": 0.192307472, "p": 64, "v": 104}], "pos": 1.0, "size": 1.0, "_time": 10.0}, {"$id": 69, "sounds": [{"d": 0.192307472, "p": 60, "v": 100}], "size": 1.0, "_time": 10.1914063, "pos": 0}, {"$id": 70, "sounds": [{"d": 0.192307472, "p": 55, "v": 100}], "pos": -2.0, "size": 1.0, "_time": 10.3828125}, {"$id": 71, "sounds": [{"d": 0.192307472, "p": 56, "v": 100}], "pos": -1.0, "size": 1.0, "_time": 10.578125}, {"$id": 72, "sounds": [{"d": 0.192307472, "p": 55, "v": 100}], "pos": -2.0, "size": 1.0, "_time": 10.7695313}, {"$id": 73, "sounds": [{"d": 0.192307472, "p": 60, "v": 90}], "size": 1.0, "_time": 10.9609375, "pos": 0}, {"$id": 74, "sounds": [{"d": 0.09615421, "p": 63, "v": 100}], "pos": 1.0, "size": 1.0, "_time": 11.1523438}, {"$id": 75, "sounds": [{"d": 0.09615421, "p": 55, "v": 100}], "pos": -1.0, "size": 1.0, "_time": 11.1523438}, {"$id": 76, "sounds": [{"d": 0.09615421, "p": 55, "v": 100}], "pos": -1.0, "size": 1.0, "_time": 11.3476563}, {"$id": 77, "sounds": [{"d": 0.09615421, "p": 63, "v": 100}], "pos": 1.0, "size": 1.0, "_time": 11.3476563}, {"$id": 78, "sounds": [{"d": 0.192307472, "p": 60, "v": 105}], "size": 1.0, "_time": 11.5390625, "pos": 0}, {"$id": 79, "sounds": [{"d": 0.192307472, "p": 67, "v": 105}], "pos": 2.0, "size": 1.0, "_time": 11.5390625}, {"$id": 80, "sounds": [{"d": 0.192307472, "p": 60, "v": 99}], "pos": 1.0, "size": 1.0, "_time": 11.7304688}, {"$id": 81, "sounds": [{"d": 0.192307472, "p": 55, "v": 100}], "pos": -1.0, "size": 1.0, "_time": 11.921875}, {"$id": 82, "sounds": [{"d": 0.384614944, "p": 54, "v": 100}], "pos": -2.0, "size": 1.0, "_time": 12.1171875}, {"$id": 83, "sounds": [{"d": 0.192307472, "p": 57, "v": 88}], "size": 1.0, "_time": 12.5, "pos": 0}, {"$id": 84, "sounds": [{"d": 0.09615421, "p": 62, "v": 102}], "pos": 1.0, "size": 1.0, "_time": 12.6914063}, {"$id": 85, "sounds": [{"d": 0.09615421, "p": 54, "v": 102}], "pos": -2.0, "size": 1.0, "_time": 12.6914063}, {"$id": 86, "sounds": [{"d": 0.09615421, "p": 54, "v": 104}], "pos": -2.0, "size": 1.0, "_time": 12.8828125}, {"$id": 87, "sounds": [{"d": 0.09615421, "p": 62, "v": 104}], "pos": 1.0, "size": 1.0, "_time": 12.8828125}, {"$id": 88, "sounds": [{"d": 0.192307472, "p": 57, "v": 106}], "pos": -1.0, "size": 1.0, "_time": 13.078125}, {"$id": 89, "sounds": [{"d": 0.192307472, "p": 66, "v": 106}], "pos": 2.0, "size": 1.0, "_time": 13.078125}, {"$id": 90, "sounds": [{"d": 0.192307472, "p": 60, "v": 96}], "pos": 1.0, "size": 1.0, "_time": 13.2695313}, {"$id": 91, "sounds": [{"d": 0.192307472, "p": 58, "v": 92}], "size": 1.0, "_time": 13.4609375, "pos": 0}, {"$id": 92, "sounds": [{"d": 0.192307472, "p": 60, "v": 90}], "pos": 1.0, "size": 1.0, "_time": 13.6523438}, {"$id": 93, "sounds": [{"d": 0.7692299, "p": 61, "v": 100}, {"d": 0.7692299, "p": 67, "v": 100}], "pos": -1.0, "size": 1.0, "_time": 13.8476563}, {"$id": 94, "sounds": [{"d": 0.384614944, "p": 70, "v": 100}, {"d": 0.384614944, "p": 63, "v": 100}], "size": 1.0, "_time": 14.6171875, "pos": 0}, {"$id": 95, "sounds": [{"d": 0.09615421, "p": 62, "v": 100}, {"d": 0.09615421, "p": 70, "v": 100}], "pos": -1.0, "size": 0.799999952, "_time": 15.1914063}, {"$id": 96, "sounds": [{"d": 0.09615421, "p": 73, "v": 100}, {"d": 0.09615421, "p": 82, "v": 100}], "pos": 2.0, "size": 0.799999952, "_time": 15.1914063}, {"$id": 97, "sounds": [{"d": 0.5769224, "p": 62, "v": 106}, {"d": 0.5769224, "p": 66, "v": 106}, {"d": 0.5769224, "p": 69, "v": 106}], "pos": -2.0, "size": 1.2, "_time": 15.578125}, {"$id": 98, "sounds": [{"d": 0.5769224, "p": 74, "v": 106}, {"d": 0.5769224, "p": 81, "v": 106}, {"d": 0.5769224, "p": 78, "v": 106}], "pos": 1.0, "size": 1.2, "_time": 15.578125}, {"$id": 99, "sounds": [{"d": 0.04807663, "p": 93, "v": 103}], "pos": 2.0, "size": 1.0, "_time": 16.1523438}, {"$id": 100, "sounds": [{"d": 0.04807663, "p": 91, "v": 100}], "pos": 1.725847, "size": 1.0, "_time": 16.203125}, {"$id": 101, "sounds": [{"d": 0.04807663, "p": 89, "v": 96}], "pos": 1.5, "size": 1.0, "_time": 16.25}, {"$id": 102, "sounds": [{"d": 0.04807663, "p": 88, "v": 94}], "pos": 1.30112982, "size": 1.0, "_time": 16.296875}, {"$id": 103, "sounds": [{"d": 0.04807663, "p": 86, "v": 93}], "pos": 1.025095, "size": 1.0, "_time": 16.3476563}, {"$id": 104, "sounds": [{"d": 0.04807663, "p": 84, "v": 92}], "pos": 0.750941, "size": 1.0, "_time": 16.3945313}, {"$id": 105, "sounds": [{"d": 0.04807663, "p": 83, "v": 89}], "pos": 0.5, "size": 1.0, "_time": 16.4414063}, {"$id": 106, "sounds": [{"d": 0.04807663, "p": 81, "v": 87}], "pos": 0.175659269, "size": 1.0, "_time": 16.4921875}, {"$id": 107, "sounds": [{"d": 0.04807663, "p": 79, "v": 84}], "pos": -0.175658286, "size": 1.0, "_time": 16.5390625}, {"$id": 108, "sounds": [{"d": 0.04807663, "p": 77, "v": 83}], "pos": -0.44981122, "size": 1.0, "_time": 16.5859375}, {"$id": 109, "sounds": [{"d": 0.04807663, "p": 76, "v": 79}], "pos": -0.675658345, "size": 1.0, "_time": 16.6328125}, {"$id": 110, "sounds": [{"d": 0.04807663, "p": 74, "v": 77}], "pos": -0.9247184, "size": 1.0, "_time": 16.6835938}, {"$id": 111, "sounds": [{"d": 0.04807663, "p": 72, "v": 73}], "pos": -1.25094092, "size": 1.0, "_time": 16.7304688}, {"$id": 112, "sounds": [{"d": 0.04807663, "p": 71, "v": 71}], "pos": -1.5, "size": 1.0, "_time": 16.7773438}, {"$id": 113, "sounds": [{"d": 0.04807663, "p": 69, "v": 70}], "pos": -1.725846, "size": 1.0, "_time": 16.828125}, {"$id": 114, "sounds": [{"d": 0.04807663, "p": 67, "v": 69}], "pos": -2.0, "size": 1.0, "_time": 16.875}, {"$id": 115, "sounds": [{"d": 0.09615326, "p": 91, "v": 86}, {"d": 0.09615326, "p": 82, "v": 68}], "pos": 2.0, "size": 1.0, "_time": 16.921875}, {"$id": 116, "sounds": [{"d": 0.09615326, "p": 82, "v": 68}, {"d": 0.09615326, "p": 91, "v": 86}], "pos": 2.0, "size": 1.0, "_time": 17.3085938}, {"$id": 117, "sounds": [{"d": 0.09615326, "p": 91, "v": 86}, {"d": 0.09615326, "p": 82, "v": 68}], "pos": 2.0, "size": 1.0, "_time": 17.6914063}, {"$id": 118, "sounds": [{"d": 0.09615326, "p": 91, "v": 86}, {"d": 0.09615326, "p": 82, "v": 68}], "pos": 2.0, "size": 1.0, "_time": 18.078125}, {"$id": 119, "sounds": [{"d": 0.384614944, "p": 90, "v": 86}, {"d": 0.384614944, "p": 81, "v": 68}], "pos": -1.0, "size": 1.0, "_time": 18.2695313}, {"$id": 120, "sounds": [{"d": 0.09615326, "p": 90, "v": 86}, {"d": 0.09615326, "p": 81, "v": 68}], "pos": -1.0, "size": 1.0, "_time": 18.8476563}, {"$id": 121, "sounds": [{"d": 0.09615326, "p": 81, "v": 68}, {"d": 0.09615326, "p": 90, "v": 86}], "pos": -1.0, "size": 1.0, "_time": 19.2304688}, {"$id": 122, "sounds": [{"d": 0.09615326, "p": 90, "v": 86}, {"d": 0.09615326, "p": 82, "v": 68}], "size": 1.0, "_time": 19.6171875, "pos": 0}, {"$id": 123, "sounds": [{"d": 0.09615326, "p": 82, "v": 69}, {"d": 0.09615326, "p": 91, "v": 87}], "pos": 2.0, "size": 1.0, "_time": 20.0}, {"$id": 124, "sounds": [{"d": 0.09615326, "p": 82, "v": 72}, {"d": 0.09615326, "p": 91, "v": 90}], "pos": 2.0, "size": 1.0, "_time": 20.3828125}, {"$id": 125, "sounds": [{"d": 0.09615326, "p": 91, "v": 90}, {"d": 0.09615326, "p": 82, "v": 72}], "pos": 2.0, "size": 1.0, "_time": 20.7695313}, {"$id": 126, "sounds": [{"d": 0.09615326, "p": 82, "v": 68}, {"d": 0.09615326, "p": 91, "v": 86}], "pos": 2.0, "size": 1.0, "_time": 21.1523438}, {"$id": 127, "sounds": [{"d": 0.384614944, "p": 90, "v": 86}, {"d": 0.384614944, "p": 81, "v": 68}], "pos": -1.0, "size": 1.0, "_time": 21.3476563}, {"$id": 128, "sounds": [{"d": 0.192308426, "p": 90, "v": 99}, {"d": 0.192308426, "p": 81, "v": 79}], "pos": -1.0, "size": 1.0, "_time": 21.921875}, {"$id": 129, "sounds": [{"d": 0.09615326, "p": 91, "v": 90}, {"d": 0.09615326, "p": 82, "v": 72}], "size": 1.0, "_time": 22.1171875, "pos": 0}, {"$id": 130, "sounds": [{"d": 0.192308426, "p": 93, "v": 104}, {"d": 0.192308426, "p": 84, "v": 83}], "pos": 1.0, "size": 1.0, "_time": 22.3085938}, {"$id": 131, "sounds": [{"d": 0.09615326, "p": 91, "v": 90}, {"d": 0.09615326, "p": 82, "v": 72}], "size": 1.0, "_time": 22.5, "pos": 0}, {"$id": 132, "sounds": [{"d": 0.192308426, "p": 90, "v": 95}, {"d": 0.192308426, "p": 81, "v": 76}], "pos": -1.0, "size": 1.0, "_time": 22.6914063}, {"$id": 133, "sounds": [{"d": 0.192308426, "p": 74, "v": 107}, {"d": 0.192308426, "p": 86, "v": 107}], "pos": -2.0, "size": 1.0, "_time": 22.8828125}, {"$id": 134, "sounds": [{"d": 0.09615326, "p": 91, "v": 111}, {"d": 0.09615326, "p": 82, "v": 111}], "pos": 2.0, "size": 1.0, "_time": 23.078125}, {"$id": 135, "sounds": [{"d": 0.09615326, "p": 79, "v": 111}], "pos": -1.0, "size": 1.0, "_time": 23.078125}, {"$id": 136, "sounds": [{"d": 0.09615326, "p": 86, "v": 70}], "size": 1.0, "_time": 23.2695313, "pos": 0}, {"$id": 137, "sounds": [{"d": 0.09615326, "p": 91, "v": 86}, {"d": 0.09615326, "p": 82, "v": 68}], "pos": 2.0, "size": 1.0, "_time": 23.4609375}, {"$id": 138, "sounds": [{"d": 0.09615326, "p": 86, "v": 70}], "size": 1.0, "_time": 23.6523438, "pos": 0}, {"$id": 139, "sounds": [{"d": 0.09615326, "p": 91, "v": 86}, {"d": 0.09615326, "p": 82, "v": 68}], "pos": 2.0, "size": 1.0, "_time": 23.8476563}, {"$id": 140, "sounds": [{"d": 0.09615326, "p": 86, "v": 70}], "size": 1.0, "_time": 24.0390625, "pos": 0}, {"$id": 141, "sounds": [{"d": 0.09615326, "p": 82, "v": 68}, {"d": 0.09615326, "p": 91, "v": 86}], "pos": 2.0, "size": 1.0, "_time": 24.2304688}, {"$id": 142, "sounds": [{"d": 0.384614944, "p": 90, "v": 86}, {"d": 0.384614944, "p": 81, "v": 68}], "pos": -1.0, "size": 1.0, "_time": 24.421875}, {"$id": 143, "sounds": [{"d": 0.09615326, "p": 86, "v": 70}], "size": 1.0, "_time": 24.8085938, "pos": 0}, {"$id": 144, "sounds": [{"d": 0.09615326, "p": 90, "v": 86}, {"d": 0.09615326, "p": 81, "v": 68}], "pos": -1.0, "size": 1.0, "_time": 25.0}, {"$id": 145, "sounds": [{"d": 0.09615326, "p": 86, "v": 70}], "size": 1.0, "_time": 25.1914063, "pos": 0}, {"$id": 146, "sounds": [{"d": 0.09615326, "p": 81, "v": 68}, {"d": 0.09615326, "p": 90, "v": 86}], "pos": -1.0, "size": 1.0, "_time": 25.3828125}, {"$id": 147, "sounds": [{"d": 0.09615326, "p": 85, "v": 70}], "size": 1.0, "_time": 25.578125, "pos": 0}, {"$id": 148, "sounds": [{"d": 0.09615326, "p": 90, "v": 86}, {"d": 0.09615326, "p": 81, "v": 68}], "pos": -1.0, "size": 1.0, "_time": 25.7695313}, {"$id": 149, "sounds": [{"d": 0.09615326, "p": 86, "v": 70}], "size": 1.0, "_time": 25.9609375, "pos": 0}, {"$id": 150, "sounds": [{"d": 0.09615326, "p": 91, "v": 87}, {"d": 0.09615326, "p": 82, "v": 69}], "pos": 2.0, "size": 1.0, "_time": 26.1523438}, {"$id": 151, "sounds": [{"d": 0.09615326, "p": 86, "v": 70}], "size": 1.0, "_time": 26.3476563, "pos": 0}, {"$id": 152, "sounds": [{"d": 0.09615326, "p": 91, "v": 90}, {"d": 0.09615326, "p": 82, "v": 72}], "pos": 2.0, "size": 1.0, "_time": 26.5390625}, {"$id": 153, "sounds": [{"d": 0.09615326, "p": 86, "v": 70}], "size": 1.0, "_time": 26.7304688, "pos": 0}, {"$id": 154, "sounds": [{"d": 0.09615326, "p": 82, "v": 72}, {"d": 0.09615326, "p": 91, "v": 90}], "pos": 2.0, "size": 1.0, "_time": 26.921875}, {"$id": 155, "sounds": [{"d": 0.09615326, "p": 86, "v": 70}], "size": 1.0, "_time": 27.1171875, "pos": 0}, {"$id": 156, "sounds": [{"d": 0.09615326, "p": 82, "v": 68}, {"d": 0.09615326, "p": 91, "v": 86}], "pos": 2.0, "size": 1.0, "_time": 27.3085938}, {"$id": 157, "sounds": [{"d": 0.384614944, "p": 90, "v": 86}, {"d": 0.384614944, "p": 81, "v": 68}], "pos": -1.0, "size": 1.0, "_time": 27.5}, {"$id": 158, "sounds": [{"d": 0.192308426, "p": 90, "v": 99}, {"d": 0.192308426, "p": 81, "v": 79}], "pos": -1.0, "size": 1.0, "_time": 28.078125}, {"$id": 159, "sounds": [{"d": 0.09615326, "p": 91, "v": 90}, {"d": 0.09615326, "p": 82, "v": 72}], "size": 1.0, "_time": 28.2695313, "pos": 0}, {"$id": 160, "sounds": [{"d": 0.192308426, "p": 93, "v": 104}, {"d": 0.192308426, "p": 84, "v": 83}], "pos": 1.0, "size": 1.0, "_time": 28.4609375}, {"$id": 161, "sounds": [{"d": 0.09615326, "p": 91, "v": 90}, {"d": 0.09615326, "p": 82, "v": 72}], "size": 1.0, "_time": 28.6523438, "pos": 0}, {"$id": 162, "sounds": [{"d": 0.192308426, "p": 90, "v": 95}, {"d": 0.192308426, "p": 81, "v": 76}], "pos": -1.0, "size": 1.0, "_time": 28.8476563}, {"$id": 163, "sounds": [{"d": 0.09615326, "p": 86, "v": 86}, {"d": 0.09615326, "p": 78, "v": 86}], "pos": -2.0, "size": 1.0, "_time": 29.0390625}, {"$id": 164, "sounds": [{"d": 0.192306519, "p": 55, "v": 96}], "pos": -0.5, "size": 1.30000007, "_time": 29.2304688}, {"$id": 165, "sounds": [{"d": 0.09615326, "p": 62, "v": 96}, {"d": 0.09615326, "p": 58, "v": 96}], "pos": 2.0, "size": 1.30000007, "_time": 29.421875}, {"$id": 166, "sounds": [{"d": 0.09615326, "p": 62, "v": 96}, {"d": 0.09615326, "p": 58, "v": 96}], "pos": 2.0, "size": 1.30000007, "_time": 29.6171875}, {"$id": 167, "sounds": [{"d": 0.192308426, "p": 55, "v": 96}], "pos": -0.5, "size": 1.30000007, "_time": 29.8085938}, {"$id": 168, "sounds": [{"d": 0.09615326, "p": 62, "v": 97}, {"d": 0.09615326, "p": 58, "v": 97}], "pos": 2.0, "size": 1.30000007, "_time": 30.0}, {"$id": 169, "sounds": [{"d": 0.09615326, "p": 62, "v": 97}, {"d": 0.09615326, "p": 58, "v": 97}], "pos": 2.0, "size": 1.30000007, "_time": 30.1914063}, {"$id": 170, "sounds": [{"d": 0.192308426, "p": 55, "v": 97}], "pos": -0.5, "size": 1.30000007, "_time": 30.3828125}, {"$id": 171, "sounds": [{"d": 0.09615326, "p": 62, "v": 97}, {"d": 0.09615326, "p": 58, "v": 97}], "pos": 2.0, "size": 1.30000007, "_time": 30.578125}, {"$id": 172, "sounds": [{"d": 0.192308426, "p": 53, "v": 97}], "pos": -1.0, "size": 1.30000007, "_time": 30.7695313}, {"$id": 173, "sounds": [{"d": 0.09615326, "p": 62, "v": 97}, {"d": 0.09615326, "p": 58, "v": 97}], "pos": 1.0, "size": 1.30000007, "_time": 30.9609375}, {"$id": 174, "sounds": [{"d": 0.09615326, "p": 62, "v": 97}, {"d": 0.09615326, "p": 58, "v": 97}], "pos": 1.0, "size": 1.30000007, "_time": 31.1523438}, {"$id": 175, "sounds": [{"d": 0.192308426, "p": 53, "v": 97}], "pos": -1.0, "size": 1.30000007, "_time": 31.3476563}, {"$id": 176, "sounds": [{"d": 0.09615326, "p": 62, "v": 97}, {"d": 0.09615326, "p": 58, "v": 97}], "pos": 1.0, "size": 1.30000007, "_time": 31.5390625}, {"$id": 177, "sounds": [{"d": 0.09615326, "p": 62, "v": 96}, {"d": 0.09615326, "p": 58, "v": 96}], "pos": 1.0, "size": 1.30000007, "_time": 31.7304688}, {"$id": 178, "sounds": [{"d": 0.192306519, "p": 53, "v": 93}], "pos": -1.0, "size": 1.30000007, "_time": 31.921875}, {"$id": 179, "sounds": [{"d": 0.09615326, "p": 62, "v": 92}, {"d": 0.09615326, "p": 58, "v": 92}], "pos": 1.0, "size": 1.30000007, "_time": 32.1171875}, {"$id": 180, "sounds": [{"d": 0.192306519, "p": 51, "v": 92}], "pos": -1.5, "size": 1.30000007, "_time": 32.3085938}, {"$id": 181, "sounds": [{"d": 0.09615326, "p": 60, "v": 92}, {"d": 0.09615326, "p": 55, "v": 92}], "size": 1.30000007, "_time": 32.5, "pos": 0}, {"$id": 182, "sounds": [{"d": 0.09615326, "p": 60, "v": 92}, {"d": 0.09615326, "p": 55, "v": 92}], "size": 1.30000007, "_time": 32.6914063, "pos": 0}, {"$id": 183, "sounds": [{"d": 0.192306519, "p": 51, "v": 92}], "pos": -1.5, "size": 1.30000007, "_time": 32.8828125}, {"$id": 184, "sounds": [{"d": 0.09615326, "p": 60, "v": 93}, {"d": 0.09615326, "p": 55, "v": 93}], "size": 1.30000007, "_time": 33.078125, "pos": 0}, {"$id": 185, "sounds": [{"d": 0.09615326, "p": 60, "v": 95}, {"d": 0.09615326, "p": 55, "v": 95}], "size": 1.30000007, "_time": 33.26953, "pos": 0}, {"$id": 186, "sounds": [{"d": 0.192306519, "p": 51, "v": 96}], "pos": -1.5, "size": 1.30000007, "_time": 33.4609375}, {"$id": 187, "sounds": [{"d": 0.09615326, "p": 60, "v": 96}, {"d": 0.09615326, "p": 55, "v": 96}], "size": 1.30000007, "_time": 33.6523438, "pos": 0}, {"$id": 188, "sounds": [{"d": 0.192306519, "p": 50, "v": 96}], "pos": -2.0, "size": 1.30000007, "_time": 33.8476563}, {"$id": 189, "sounds": [{"d": 0.09615326, "p": 62, "v": 96}, {"d": 0.09615326, "p": 54, "v": 96}], "pos": 1.0, "size": 1.30000007, "_time": 34.0390625}, {"$id": 190, "sounds": [{"d": 0.09615326, "p": 62, "v": 96}, {"d": 0.09615326, "p": 54, "v": 96}], "pos": 1.0, "size": 1.30000007, "_time": 34.23047}, {"$id": 191, "sounds": [{"d": 0.192306519, "p": 50, "v": 97}], "pos": -2.0, "size": 1.30000007, "_time": 34.421875}, {"$id": 192, "sounds": [{"d": 0.09615326, "p": 62, "v": 97}, {"d": 0.09615326, "p": 54, "v": 97}], "pos": 1.0, "size": 1.30000007, "_time": 34.6171875}, {"$id": 193, "sounds": [{"d": 0.09615326, "p": 62, "v": 99}, {"d": 0.09615326, "p": 54, "v": 99}], "pos": 1.0, "size": 1.30000007, "_time": 34.8085938}, {"$id": 194, "sounds": [{"d": 0.192306519, "p": 50, "v": 99}], "pos": -2.0, "size": 1.30000007, "_time": 35.0}, {"$id": 195, "sounds": [{"d": 0.09615326, "p": 62, "v": 99}, {"d": 0.09615326, "p": 54, "v": 99}], "pos": 1.0, "size": 1.30000007, "_time": 35.1914063}, {"$id": 196, "sounds": [{"d": 0.192306519, "p": 55, "v": 99}], "pos": -0.5, "size": 1.30000007, "_time": 35.3828125}, {"$id": 197, "sounds": [{"d": 0.09615326, "p": 62, "v": 99}, {"d": 0.09615326, "p": 58, "v": 99}], "pos": 2.0, "size": 1.30000007, "_time": 35.578125}, {"$id": 198, "sounds": [{"d": 0.09615326, "p": 62, "v": 99}, {"d": 0.09615326, "p": 58, "v": 99}], "pos": 2.0, "size": 1.30000007, "_time": 35.76953}, {"$id": 199, "sounds": [{"d": 0.192306519, "p": 55, "v": 99}], "pos": -0.5, "size": 1.30000007, "_time": 35.9609375}, {"$id": 200, "sounds": [{"d": 0.09615326, "p": 62, "v": 99}, {"d": 0.09615326, "p": 58, "v": 99}], "pos": 2.0, "size": 1.30000007, "_time": 36.1523438}, {"$id": 201, "sounds": [{"d": 0.09615326, "p": 62, "v": 99}, {"d": 0.09615326, "p": 58, "v": 99}], "pos": 2.0, "size": 1.30000007, "_time": 36.3476563}, {"$id": 202, "sounds": [{"d": 0.192306519, "p": 55, "v": 99}], "pos": -0.5, "size": 1.30000007, "_time": 36.5390625}, {"$id": 203, "sounds": [{"d": 0.09615326, "p": 62, "v": 99}, {"d": 0.09615326, "p": 58, "v": 99}], "pos": 2.0, "size": 1.30000007, "_time": 36.73047}, {"$id": 204, "sounds": [{"d": 0.192306519, "p": 53, "v": 99}], "pos": -1.0, "size": 1.30000007, "_time": 36.921875}, {"$id": 205, "sounds": [{"d": 0.09615326, "p": 62, "v": 99}, {"d": 0.09615326, "p": 58, "v": 99}], "pos": 1.0, "size": 1.30000007, "_time": 37.1171875}, {"$id": 206, "sounds": [{"d": 0.09615326, "p": 62, "v": 99}, {"d": 0.09615326, "p": 58, "v": 99}], "pos": 1.0, "size": 1.30000007, "_time": 37.3085938}, {"$id": 207, "sounds": [{"d": 0.192306519, "p": 53, "v": 96}], "pos": -1.0, "size": 1.30000007, "_time": 37.5}, {"$id": 208, "sounds": [{"d": 0.09615326, "p": 62, "v": 98}, {"d": 0.09615326, "p": 58, "v": 98}], "pos": 1.0, "size": 1.30000007, "_time": 37.6914063}, {"$id": 209, "sounds": [{"d": 0.09615326, "p": 62, "v": 98}, {"d": 0.09615326, "p": 58, "v": 98}], "pos": 1.0, "size": 1.30000007, "_time": 37.8828125}, {"$id": 210, "sounds": [{"d": 0.192306519, "p": 53, "v": 98}], "pos": -1.0, "size": 1.30000007, "_time": 38.078125}, {"$id": 211, "sounds": [{"d": 0.09615326, "p": 62, "v": 98}, {"d": 0.09615326, "p": 58, "v": 98}], "pos": 1.0, "size": 1.30000007, "_time": 38.26953}, {"$id": 212, "sounds": [{"d": 0.192306519, "p": 51, "v": 98}], "pos": -1.5, "size": 1.30000007, "_time": 38.4609375}, {"$id": 213, "sounds": [{"d": 0.09615326, "p": 60, "v": 98}, {"d": 0.09615326, "p": 55, "v": 98}], "size": 1.30000007, "_time": 38.6523438, "pos": 0}, {"$id": 214, "sounds": [{"d": 0.09615326, "p": 60, "v": 98}, {"d": 0.09615326, "p": 55, "v": 98}], "size": 1.30000007, "_time": 38.8476563, "pos": 0}, {"$id": 215, "sounds": [{"d": 0.192306519, "p": 51, "v": 98}], "pos": -1.5, "size": 1.30000007, "_time": 39.0390625}, {"$id": 216, "sounds": [{"d": 0.09615326, "p": 60, "v": 98}, {"d": 0.09615326, "p": 55, "v": 98}], "size": 1.30000007, "_time": 39.23047, "pos": 0}, {"$id": 217, "sounds": [{"d": 0.09615326, "p": 60, "v": 98}, {"d": 0.09615326, "p": 55, "v": 98}], "size": 1.30000007, "_time": 39.421875, "pos": 0}, {"$id": 218, "sounds": [{"d": 0.192306519, "p": 51, "v": 98}], "pos": -1.5, "size": 1.30000007, "_time": 39.6171875}, {"$id": 219, "sounds": [{"d": 0.09615326, "p": 60, "v": 98}, {"d": 0.09615326, "p": 55, "v": 98}], "size": 1.30000007, "_time": 39.8085938, "pos": 0}, {"$id": 220, "sounds": [{"d": 0.192306519, "p": 50, "v": 98}], "pos": -2.0, "size": 1.30000007, "_time": 40.0}, {"$id": 221, "sounds": [{"d": 0.09615326, "p": 62, "v": 98}, {"d": 0.09615326, "p": 54, "v": 98}], "pos": 1.0, "size": 1.30000007, "_time": 40.1914063}, {"$id": 222, "sounds": [{"d": 0.09615326, "p": 62, "v": 98}, {"d": 0.09615326, "p": 54, "v": 98}], "pos": 1.0, "size": 1.30000007, "_time": 40.3828125}, {"$id": 223, "sounds": [{"d": 0.192306519, "p": 50, "v": 97}], "pos": -2.0, "size": 1.30000007, "_time": 40.578125}, {"$id": 224, "sounds": [{"d": 0.09615326, "p": 62, "v": 97}, {"d": 0.09615326, "p": 54, "v": 97}], "pos": 1.0, "size": 1.30000007, "_time": 40.76953}, {"$id": 225, "sounds": [{"d": 0.09615326, "p": 62, "v": 97}, {"d": 0.09615326, "p": 54, "v": 97}], "pos": 1.0, "size": 1.30000007, "_time": 40.9609375}, {"$id": 226, "sounds": [{"d": 0.192306519, "p": 50, "v": 97}], "pos": -2.0, "size": 1.30000007, "_time": 41.1523438}, {"$id": 227, "sounds": [{"d": 1.7307663, "p": 27, "v": 97}, {"d": 1.7307663, "p": 39, "v": 97}], "pos": -1.5, "size": 1.60000014, "_time": 41.3476563}, {"$id": 228, "sounds": [{"d": 0.09615326, "p": 62, "v": 97}, {"d": 0.09615326, "p": 54, "v": 97}], "pos": 1.0, "size": 1.30000007, "_time": 41.3476563}, {"$id": 229, "sounds": [{"d": 0.5769234, "p": 85, "v": 92}], "size": 1.0, "_time": 42.3085938, "pos": 0}, {"$id": 230, "sounds": [{"d": 0.5769234, "p": 86, "v": 84}], "pos": 1.0, "size": 1.0, "_time": 42.8828125}, {"$id": 231, "sounds": [{"d": 1.7307663, "p": 39, "v": 100}, {"d": 1.7307663, "p": 27, "v": 100}], "pos": -1.5, "size": 1.60000014, "_time": 44.421875}, {"$id": 232, "sounds": [{"d": 0.5769234, "p": 88, "v": 92}, {"d": 0.384616852, "p": 91, "v": 92}, {"d": 0.5769234, "p": 85, "v": 92}], "size": 1.0, "_time": 45.3828125, "pos": 0}, {"$id": 233, "sounds": [{"d": 0.192306519, "p": 92, "v": 86}], "pos": -1.0, "size": 1.0, "_time": 45.76953}, {"$id": 234, "sounds": [{"d": 0.5769234, "p": 86, "v": 84}, {"d": 0.5769234, "p": 90, "v": 84}, {"d": 0.5769234, "p": 93, "v": 84}], "pos": 1.0, "size": 1.0, "_time": 45.9609375}, {"$id": 235, "sounds": [{"d": 1.7307663, "p": 39, "v": 115}, {"d": 1.7307663, "p": 27, "v": 115}], "pos": -1.5, "size": 1.60000014, "_time": 47.5}, {"$id": 236, "sounds": [{"d": 0.5769234, "p": 85, "v": 92}, {"d": 0.5769234, "p": 88, "v": 92}], "pos": -1.0, "size": 1.0, "_time": 48.4609375}, {"$id": 237, "sounds": [{"d": 0.5769234, "p": 97, "v": 92}], "pos": 1.0, "size": 1.0, "_time": 48.4609375}, {"$id": 238, "sounds": [{"d": 0.5769234, "p": 86, "v": 98}, {"d": 0.5769234, "p": 90, "v": 98}], "size": 1.0, "_time": 49.0390625, "pos": 0}, {"$id": 239, "sounds": [{"d": 0.5769234, "p": 98, "v": 98}], "pos": 2.0, "size": 1.0, "_time": 49.0390625}, {"$id": 240, "sounds": [{"d": 1.7307663, "p": 27, "v": 115}, {"d": 1.7307663, "p": 39, "v": 115}], "pos": -1.5, "size": 1.60000014, "_time": 50.578125}, {"$id": 241, "sounds": [{"d": 0.5769234, "p": 97, "v": 92}], "pos": 1.0, "size": 1.0, "_time": 51.5390625}, {"$id": 242, "sounds": [{"d": 0.5769234, "p": 88, "v": 92}, {"d": 0.5769234, "p": 85, "v": 92}], "pos": -1.0, "size": 1.0, "_time": 51.5390625}, {"$id": 243, "sounds": [{"d": 0.384613037, "p": 86, "v": 98}, {"d": 0.384613037, "p": 90, "v": 98}], "size": 1.0, "_time": 52.1171875, "pos": 0}, {"$id": 244, "sounds": [{"d": 0.384613037, "p": 98, "v": 98}], "pos": 2.0, "size": 1.0, "_time": 52.1171875}, {"$id": 245, "sounds": [{"d": 0.09615326, "p": 57, "v": 90}], "pos": -2.0, "size": 1.0, "_time": 52.5}, {"$id": 246, "sounds": [{"d": 0.09615326, "p": 58, "v": 87}], "pos": -1.5, "size": 1.0, "_time": 52.5976563}, {"$id": 247, "sounds": [{"d": 0.09615326, "p": 60, "v": 84}], "pos": -1.0, "size": 1.0, "_time": 52.6914063}, {"$id": 248, "sounds": [{"d": 0.09615326, "p": 62, "v": 83}], "pos": -0.5, "size": 1.0, "_time": 52.7890625}, {"$id": 249, "sounds": [{"d": 0.09615326, "p": 63, "v": 83}], "size": 1.0, "_time": 52.8828125, "pos": 0}, {"$id": 250, "sounds": [{"d": 0.09615326, "p": 65, "v": 83}], "pos": 0.5, "size": 1.0, "_time": 52.98047}, {"$id": 251, "sounds": [{"d": 0.09615326, "p": 67, "v": 83}], "pos": -0.5, "size": 1.0, "_time": 53.078125}, {"$id": 252, "sounds": [{"d": 0.09615326, "p": 69, "v": 83}], "size": 1.0, "_time": 53.171875, "pos": 0}, {"$id": 253, "sounds": [{"d": 0.09615326, "p": 70, "v": 84}], "pos": 0.5, "size": 1.0, "_time": 53.26953}, {"$id": 254, "sounds": [{"d": 0.09615326, "p": 72, "v": 89}], "pos": 1.0, "size": 1.0, "_time": 53.3671875}, {"$id": 255, "sounds": [{"d": 0.09615326, "p": 74, "v": 91}], "size": 1.0, "_time": 53.4609375, "pos": 0}, {"$id": 256, "sounds": [{"d": 0.09615326, "p": 78, "v": 95}], "pos": 0.5, "size": 1.0, "_time": 53.5585938}, {"$id": 257, "sounds": [{"d": 0.09615326, "p": 81, "v": 100}], "pos": 1.0, "size": 1.0, "_time": 53.6523438}, {"$id": 258, "sounds": [{"d": 0.09615326, "p": 86, "v": 105}], "pos": 1.5, "size": 1.0, "_time": 53.75}, {"$id": 259, "sounds": [{"d": 0.09615326, "p": 79, "v": 105}, {"d": 0.09615326, "p": 82, "v": 105}, {"d": 0.09615326, "p": 86, "v": 105}], "pos": -1.0, "size": 1.30000007, "_time": 53.8476563}, {"$id": 260, "sounds": [{"d": 0.09615326, "p": 91, "v": 105}], "pos": 2.0, "size": 1.0, "_time": 53.8476563}, {"$id": 261, "sounds": [{"d": 0.192306519, "p": 62, "v": 90}], "pos": 1.0, "size": 1.0, "_time": 54.0390625}, {"$id": 262, "sounds": [{"d": 0.09615326, "p": 58, "v": 100}], "size": 1.0, "_time": 54.23047, "pos": 0}, {"$id": 263, "sounds": [{"d": 0.09615326, "p": 67, "v": 100}], "pos": 2.0, "size": 1.0, "_time": 54.23047}, {"$id": 264, "sounds": [{"d": 0.09615326, "p": 58, "v": 100}], "size": 1.0, "_time": 54.421875, "pos": 0}, {"$id": 265, "sounds": [{"d": 0.09615326, "p": 67, "v": 100}], "pos": 2.0, "size": 1.0, "_time": 54.421875}, {"$id": 266, "sounds": [{"d": 0.192306519, "p": 57, "v": 106}], "pos": -1.0, "size": 1.0, "_time": 54.6171875}, {"$id": 267, "sounds": [{"d": 0.192306519, "p": 66, "v": 106}], "pos": 1.0, "size": 1.0, "_time": 54.6171875}, {"$id": 268, "sounds": [{"d": 0.192306519, "p": 62, "v": 100}], "size": 1.0, "_time": 54.8085938, "pos": 0}, {"$id": 269, "sounds": [{"d": 0.192306519, "p": 57, "v": 100}], "pos": -1.0, "size": 1.0, "_time": 55.0}, {"$id": 270, "sounds": [{"d": 0.384616852, "p": 53, "v": 100}], "pos": -2.0, "size": 1.0, "_time": 55.1914063}, {"$id": 271, "sounds": [{"d": 0.192306519, "p": 60, "v": 87}], "size": 1.0, "_time": 55.578125, "pos": 0}, {"$id": 272, "sounds": [{"d": 0.09615326, "p": 65, "v": 100}], "pos": 2.0, "size": 1.0, "_time": 55.76953}, {"$id": 273, "sounds": [{"d": 0.09615326, "p": 57, "v": 100}], "pos": -1.0, "size": 1.0, "_time": 55.76953}, {"$id": 274, "sounds": [{"d": 0.09615326, "p": 57, "v": 100}], "pos": -1.0, "size": 1.0, "_time": 55.9609375}, {"$id": 275, "sounds": [{"d": 0.09615326, "p": 65, "v": 100}], "pos": 2.0, "size": 1.0, "_time": 55.9609375}, {"$id": 276, "sounds": [{"d": 0.192306519, "p": 55, "v": 108}], "pos": -2.0, "size": 1.0, "_time": 56.1523438}, {"$id": 277, "sounds": [{"d": 0.192306519, "p": 64, "v": 108}], "pos": 1.0, "size": 1.0, "_time": 56.1523438}, {"$id": 278, "sounds": [{"d": 0.192306519, "p": 60, "v": 100}], "size": 1.0, "_time": 56.3476563, "pos": 0}, {"$id": 279, "sounds": [{"d": 0.192306519, "p": 55, "v": 100}], "pos": -2.0, "size": 1.0, "_time": 56.5390625}, {"$id": 280, "sounds": [{"d": 0.192306519, "p": 56, "v": 100}], "pos": -1.0, "size": 1.0, "_time": 56.73047}, {"$id": 281, "sounds": [{"d": 0.192306519, "p": 55, "v": 100}], "pos": -2.0, "size": 1.0, "_time": 56.921875}, {"$id": 282, "sounds": [{"d": 0.192306519, "p": 60, "v": 90}], "size": 1.0, "_time": 57.1171875, "pos": 0}, {"$id": 283, "sounds": [{"d": 0.09615326, "p": 63, "v": 100}], "pos": 1.0, "size": 1.0, "_time": 57.3085938}, {"$id": 284, "sounds": [{"d": 0.09615326, "p": 55, "v": 100}], "pos": -1.0, "size": 1.0, "_time": 57.3085938}, {"$id": 285, "sounds": [{"d": 0.09615326, "p": 55, "v": 100}], "pos": -1.0, "size": 1.0, "_time": 57.5}, {"$id": 286, "sounds": [{"d": 0.09615326, "p": 63, "v": 100}], "pos": 1.0, "size": 1.0, "_time": 57.5}, {"$id": 287, "sounds": [{"d": 0.192306519, "p": 60, "v": 104}], "size": 1.0, "_time": 57.6914063, "pos": 0}, {"$id": 288, "sounds": [{"d": 0.192306519, "p": 67, "v": 104}], "pos": 2.0, "size": 1.0, "_time": 57.6914063}, {"$id": 289, "sounds": [{"d": 0.192306519, "p": 60, "v": 100}], "pos": 1.0, "size": 1.0, "_time": 57.8828125}, {"$id": 290, "sounds": [{"d": 0.192306519, "p": 55, "v": 100}], "size": 1.0, "_time": 58.078125, "pos": 0}, {"$id": 291, "sounds": [{"d": 0.384616852, "p": 54, "v": 100}], "pos": -1.0, "size": 1.0, "_time": 58.26953}, {"$id": 292, "sounds": [{"d": 0.192306519, "p": 57, "v": 88}], "size": 1.0, "_time": 58.6523438, "pos": 0}, {"$id": 293, "sounds": [{"d": 0.09615326, "p": 62, "v": 102}], "pos": 1.0, "size": 1.0, "_time": 58.8476563}, {"$id": 294, "sounds": [{"d": 0.09615326, "p": 54, "v": 102}], "pos": -2.0, "size": 1.0, "_time": 58.8476563}, {"$id": 295, "sounds": [{"d": 0.09615326, "p": 54, "v": 104}], "pos": -2.0, "size": 1.0, "_time": 59.0390625}, {"$id": 296, "sounds": [{"d": 0.09615326, "p": 62, "v": 104}], "pos": 1.0, "size": 1.0, "_time": 59.0390625}, {"$id": 297, "sounds": [{"d": 0.192306519, "p": 57, "v": 106}], "pos": -1.0, "size": 1.0, "_time": 59.23047}, {"$id": 298, "sounds": [{"d": 0.192306519, "p": 66, "v": 106}], "pos": 2.0, "size": 1.0, "_time": 59.23047}, {"$id": 299, "sounds": [{"d": 0.192306519, "p": 60, "v": 96}], "pos": 1.0, "size": 1.0, "_time": 59.421875}, {"$id": 300, "sounds": [{"d": 0.192306519, "p": 58, "v": 92}], "size": 1.0, "_time": 59.61328, "pos": 0}, {"$id": 301, "sounds": [{"d": 0.192306519, "p": 60, "v": 90}], "pos": 1.0, "size": 1.0, "_time": 59.8085938}, {"$id": 302, "sounds": [{"d": 0.192306519, "p": 58, "v": 97}], "size": 1.0, "_time": 60.0, "pos": 0}, {"$id": 303, "sounds": [{"d": 0.192306519, "p": 62, "v": 90}], "pos": 1.0, "size": 1.0, "_time": 60.1914063}, {"$id": 304, "sounds": [{"d": 0.09615326, "p": 58, "v": 100}], "size": 1.0, "_time": 60.3828125, "pos": 0}, {"$id": 305, "sounds": [{"d": 0.09615326, "p": 67, "v": 100}], "pos": 2.0, "size": 1.0, "_time": 60.3828125}, {"$id": 306, "sounds": [{"d": 0.09615326, "p": 58, "v": 100}], "size": 1.0, "_time": 60.578125, "pos": 0}, {"$id": 307, "sounds": [{"d": 0.09615326, "p": 67, "v": 100}], "pos": 2.0, "size": 1.0, "_time": 60.578125}, {"$id": 308, "sounds": [{"d": 0.192306519, "p": 66, "v": 106}], "pos": 1.0, "size": 1.0, "_time": 60.76953}, {"$id": 309, "sounds": [{"d": 0.192306519, "p": 57, "v": 106}], "pos": -1.0, "size": 1.0, "_time": 60.76953}, {"$id": 310, "sounds": [{"d": 0.192306519, "p": 62, "v": 100}], "size": 1.0, "_time": 60.9609375, "pos": 0}, {"$id": 311, "sounds": [{"d": 0.192306519, "p": 57, "v": 100}], "pos": -1.0, "size": 1.0, "_time": 61.1523438}, {"$id": 312, "sounds": [{"d": 0.384613037, "p": 53, "v": 100}], "pos": -2.0, "size": 1.0, "_time": 61.3476563}, {"$id": 313, "sounds": [{"d": 0.192306519, "p": 60, "v": 87}], "size": 1.0, "_time": 61.73047, "pos": 0}, {"$id": 314, "sounds": [{"d": 0.09615326, "p": 65, "v": 100}], "pos": 2.0, "size": 1.0, "_time": 61.921875}, {"$id": 315, "sounds": [{"d": 0.09615326, "p": 57, "v": 100}], "pos": -1.0, "size": 1.0, "_time": 61.921875}, {"$id": 316, "sounds": [{"d": 0.09615326, "p": 57, "v": 100}], "pos": -1.0, "size": 1.0, "_time": 62.11328}, {"$id": 317, "sounds": [{"d": 0.09615326, "p": 65, "v": 100}], "pos": 2.0, "size": 1.0, "_time": 62.11328}, {"$id": 318, "sounds": [{"d": 0.192306519, "p": 64, "v": 104}], "pos": 1.0, "size": 1.0, "_time": 62.3085938}, {"$id": 319, "sounds": [{"d": 0.192306519, "p": 55, "v": 104}], "pos": -2.0, "size": 1.0, "_time": 62.3085938}, {"$id": 320, "sounds": [{"d": 0.192306519, "p": 60, "v": 100}], "size": 1.0, "_time": 62.5, "pos": 0}, {"$id": 321, "sounds": [{"d": 0.192306519, "p": 55, "v": 100}], "pos": -2.0, "size": 1.0, "_time": 62.6914063}, {"$id": 322, "sounds": [{"d": 0.192306519, "p": 56, "v": 100}], "pos": -1.0, "size": 1.0, "_time": 62.8828125}, {"$id": 323, "sounds": [{"d": 0.192306519, "p": 55, "v": 100}], "pos": -2.0, "size": 1.0, "_time": 63.078125}, {"$id": 324, "sounds": [{"d": 0.192306519, "p": 60, "v": 90}], "size": 1.0, "_time": 63.26953, "pos": 0}, {"$id": 325, "sounds": [{"d": 0.09615326, "p": 63, "v": 100}], "pos": 1.0, "size": 1.0, "_time": 63.4609375}, {"$id": 326, "sounds": [{"d": 0.09615326, "p": 55, "v": 100}], "pos": -1.0, "size": 1.0, "_time": 63.4609375}, {"$id": 327, "sounds": [{"d": 0.09615326, "p": 55, "v": 100}], "pos": -1.0, "size": 1.0, "_time": 63.6523438}, {"$id": 328, "sounds": [{"d": 0.09615326, "p": 63, "v": 100}], "pos": 1.0, "size": 1.0, "_time": 63.6523438}, {"$id": 329, "sounds": [{"d": 0.192310333, "p": 60, "v": 105}], "size": 1.0, "_time": 63.8476563, "pos": 0}, {"$id": 330, "sounds": [{"d": 0.192310333, "p": 67, "v": 105}], "pos": 2.0, "size": 1.0, "_time": 63.8476563}, {"$id": 331, "sounds": [{"d": 0.192306519, "p": 60, "v": 99}], "pos": 1.0, "size": 1.0, "_time": 64.03906}, {"$id": 332, "sounds": [{"d": 0.192306519, "p": 55, "v": 100}], "size": 1.0, "_time": 64.23047, "pos": 0}, {"$id": 333, "sounds": [{"d": 0.384613037, "p": 54, "v": 100}], "pos": -1.0, "size": 1.0, "_time": 64.421875}, {"$id": 334, "sounds": [{"d": 0.192306519, "p": 57, "v": 88}], "size": 1.0, "_time": 64.80859, "pos": 0}, {"$id": 335, "sounds": [{"d": 0.09615326, "p": 62, "v": 102}], "pos": 1.0, "size": 1.0, "_time": 65.0}, {"$id": 336, "sounds": [{"d": 0.09615326, "p": 54, "v": 102}], "pos": -2.0, "size": 1.0, "_time": 65.0}, {"$id": 337, "sounds": [{"d": 0.09615326, "p": 54, "v": 104}], "pos": -2.0, "size": 1.0, "_time": 65.19141}, {"$id": 338, "sounds": [{"d": 0.09615326, "p": 62, "v": 104}], "pos": 1.0, "size": 1.0, "_time": 65.19141}, {"$id": 339, "sounds": [{"d": 0.192306519, "p": 57, "v": 106}], "pos": -1.0, "size": 1.0, "_time": 65.38281}, {"$id": 340, "sounds": [{"d": 0.192306519, "p": 66, "v": 106}], "pos": 2.0, "size": 1.0, "_time": 65.38281}, {"$id": 341, "sounds": [{"d": 0.192306519, "p": 60, "v": 96}], "pos": 1.0, "size": 1.0, "_time": 65.578125}, {"$id": 342, "sounds": [{"d": 0.192306519, "p": 58, "v": 92}], "size": 1.0, "_time": 65.76953, "pos": 0}, {"$id": 343, "sounds": [{"d": 0.192306519, "p": 60, "v": 90}], "pos": 1.0, "size": 1.0, "_time": 65.96094}, {"$id": 344, "sounds": [{"d": 0.7692261, "p": 61, "v": 100}, {"d": 0.7692261, "p": 67, "v": 100}], "pos": -2.0, "size": 1.30000007, "_time": 66.15234}, {"$id": 345, "sounds": [{"d": 0.384613037, "p": 82, "v": 97}], "pos": 2.0, "size": 1.0, "_time": 66.15234}, {"$id": 346, "sounds": [{"d": 0.192306519, "p": 79, "v": 97}], "size": 1.0, "_time": 66.53906, "pos": 0}, {"$id": 347, "sounds": [{"d": 0.384613037, "p": 82, "v": 97}], "pos": 2.0, "size": 1.0, "_time": 66.73047}, {"$id": 348, "sounds": [{"d": 0.384613037, "p": 63, "v": 100}, {"d": 0.384613037, "p": 70, "v": 100}], "pos": -1.5, "size": 1.30000007, "_time": 66.921875}, {"$id": 349, "sounds": [{"d": 0.192306519, "p": 79, "v": 97}], "size": 1.0, "_time": 67.11328, "pos": 0}, {"$id": 350, "sounds": [{"d": 0.09615326, "p": 70, "v": 100}, {"d": 0.09615326, "p": 73, "v": 100}, {"d": 0.09615326, "p": 62, "v": 100}], "pos": -1.0, "size": 1.30000007, "_time": 67.5}, {"$id": 351, "sounds": [{"d": 0.09615326, "p": 82, "v": 100}], "pos": 2.0, "size": 1.0, "_time": 67.5}, {"$id": 352, "sounds": [{"d": 0.576919556, "p": 78, "v": 106}, {"d": 0.576919556, "p": 74, "v": 106}, {"d": 0.576919556, "p": 62, "v": 106}, {"d": 0.576919556, "p": 66, "v": 106}, {"d": 0.576919556, "p": 69, "v": 106}], "pos": -0.5, "size": 1.30000007, "_time": 67.88281}, {"$id": 353, "sounds": [{"d": 0.576919556, "p": 81, "v": 106}], "pos": 1.0, "size": 1.0, "_time": 67.88281}, {"$id": 354, "sounds": [{"d": 0.0480804443, "p": 93, "v": 103}], "pos": 2.0, "size": 1.0, "_time": 68.46094}, {"$id": 355, "sounds": [{"d": 0.0480804443, "p": 91, "v": 100}], "pos": 1.70075309, "size": 1.0, "_time": 68.50781}, {"$id": 356, "sounds": [{"d": 0.0480804443, "p": 89, "v": 96}], "pos": 1.37452948, "size": 1.0, "_time": 68.55859}, {"$id": 357, "sounds": [{"d": 0.0480804443, "p": 88, "v": 94}], "pos": 1.12547052, "size": 1.0, "_time": 68.60547}, {"$id": 358, "sounds": [{"d": 0.0480804443, "p": 86, "v": 93}], "pos": 0.8745295, "size": 1.0, "_time": 68.65234}, {"$id": 359, "sounds": [{"d": 0.0480804443, "p": 84, "v": 92}], "pos": 0.6505644, "size": 1.0, "_time": 68.703125}, {"$id": 360, "sounds": [{"d": 0.0480804443, "p": 83, "v": 89}], "pos": 0.4247173, "size": 1.0, "_time": 68.75}, {"$id": 361, "sounds": [{"d": 0.0480804443, "p": 81, "v": 87}], "pos": 0.150564373, "size": 1.0, "_time": 68.796875}, {"$id": 362, "sounds": [{"d": 0.0480804443, "p": 79, "v": 84}], "pos": -0.125470489, "size": 1.0, "_time": 68.84766}, {"$id": 363, "sounds": [{"d": 0.0480804443, "p": 77, "v": 83}], "pos": -0.349435627, "size": 1.0, "_time": 68.89453}, {"$id": 364, "sounds": [{"d": 0.0480804443, "p": 76, "v": 79}], "pos": -0.600375652, "size": 1.0, "_time": 68.94141}, {"$id": 365, "sounds": [{"d": 0.0480804443, "p": 74, "v": 77}], "pos": -0.8745295, "size": 1.0, "_time": 68.98828}, {"$id": 366, "sounds": [{"d": 0.0480804443, "p": 72, "v": 73}], "pos": -1.17566025, "size": 1.0, "_time": 69.03906}, {"$id": 367, "sounds": [{"d": 0.0480804443, "p": 71, "v": 71}], "pos": -1.39962351, "size": 1.0, "_time": 69.08594}, {"$id": 368, "sounds": [{"d": 0.0480804443, "p": 69, "v": 70}], "pos": -1.70075309, "size": 1.0, "_time": 69.13281}, {"$id": 369, "sounds": [{"d": 0.0480804443, "p": 67, "v": 69}], "pos": -2.0, "size": 1.0, "_time": 69.18359}, {"$id": 370, "sounds": [{"d": 0.192306519, "p": 74, "v": 72}, {"d": 0.192306519, "p": 82, "v": 81}, {"d": 0.192306519, "p": 79, "v": 72}], "size": 1.0, "_time": 69.421875, "pos": 0}, {"$id": 371, "sounds": [{"d": 0.192306519, "p": 79, "v": 72}, {"d": 0.192306519, "p": 74, "v": 72}, {"d": 0.192306519, "p": 82, "v": 80}], "size": 1.0, "_time": 69.80859, "pos": 0}, {"$id": 372, "sounds": [{"d": 0.192306519, "p": 82, "v": 80}, {"d": 0.192306519, "p": 74, "v": 72}, {"d": 0.192306519, "p": 79, "v": 72}], "size": 1.0, "_time": 70.19141, "pos": 0}, {"$id": 373, "sounds": [{"d": 0.192306519, "p": 79, "v": 72}, {"d": 0.192306519, "p": 74, "v": 72}, {"d": 0.192306519, "p": 82, "v": 80}], "size": 1.0, "_time": 70.578125, "pos": 0}, {"$id": 374, "sounds": [{"d": 0.192306519, "p": 79, "v": 72}, {"d": 0.192306519, "p": 73, "v": 72}, {"d": 0.192306519, "p": 82, "v": 80}], "pos": -1.0, "size": 1.0, "_time": 70.96094}, {"$id": 375, "sounds": [{"d": 0.192306519, "p": 73, "v": 70}, {"d": 0.192306519, "p": 82, "v": 78}, {"d": 0.192306519, "p": 79, "v": 70}], "pos": -1.0, "size": 1.0, "_time": 71.34766}, {"$id": 376, "sounds": [{"d": 0.192306519, "p": 73, "v": 69}, {"d": 0.192306519, "p": 82, "v": 77}, {"d": 0.192306519, "p": 79, "v": 69}], "pos": -1.0, "size": 1.0, "_time": 71.73047}, {"$id": 377, "sounds": [{"d": 0.192306519, "p": 79, "v": 69}, {"d": 0.192306519, "p": 73, "v": 69}, {"d": 0.192306519, "p": 82, "v": 77}], "pos": -1.0, "size": 1.0, "_time": 72.11328}, {"$id": 378, "sounds": [{"d": 0.192306519, "p": 74, "v": 69}, {"d": 0.192306519, "p": 79, "v": 69}, {"d": 0.192306519, "p": 82, "v": 77}], "size": 1.0, "_time": 72.5, "pos": 0}, {"$id": 379, "sounds": [{"d": 0.192306519, "p": 74, "v": 68}, {"d": 0.192306519, "p": 79, "v": 68}, {"d": 0.192306519, "p": 82, "v": 76}], "size": 1.0, "_time": 72.88281, "pos": 0}, {"$id": 380, "sounds": [{"d": 0.192306519, "p": 74, "v": 68}, {"d": 0.192306519, "p": 79, "v": 68}, {"d": 0.192306519, "p": 82, "v": 76}], "size": 1.0, "_time": 73.26953, "pos": 0}, {"$id": 381, "sounds": [{"d": 0.192306519, "p": 79, "v": 72}, {"d": 0.192306519, "p": 76, "v": 72}, {"d": 0.192306519, "p": 84, "v": 81}], "pos": 1.0, "size": 1.0, "_time": 73.65234}, {"$id": 382, "sounds": [{"d": 0.192306519, "p": 76, "v": 72}, {"d": 0.192306519, "p": 84, "v": 81}, {"d": 0.192306519, "p": 79, "v": 72}], "pos": 1.0, "size": 1.0, "_time": 74.03906}, {"$id": 383, "sounds": [{"d": 0.192306519, "p": 84, "v": 82}, {"d": 0.192306519, "p": 79, "v": 73}, {"d": 0.192306519, "p": 76, "v": 73}], "pos": 1.0, "size": 1.0, "_time": 74.421875}, {"$id": 384, "sounds": [{"d": 0.09615326, "p": 67, "v": 79}], "pos": -2.0, "size": 1.0, "_time": 74.61328}, {"$id": 385, "sounds": [{"d": 0.09615326, "p": 69, "v": 69}], "pos": -1.5, "size": 1.0, "_time": 74.71094}, {"$id": 386, "sounds": [{"d": 0.09615326, "p": 72, "v": 72}], "pos": -1.0, "size": 1.0, "_time": 74.80859}, {"$id": 387, "sounds": [{"d": 0.09615326, "p": 74, "v": 74}], "pos": -0.5, "size": 1.0, "_time": 74.90234}, {"$id": 388, "sounds": [{"d": 0.09615326, "p": 76, "v": 77}], "size": 1.0, "_time": 75.0, "pos": 0}, {"$id": 389, "sounds": [{"d": 0.09615326, "p": 79, "v": 81}], "pos": 0.5, "size": 1.0, "_time": 75.09766}, {"$id": 390, "sounds": [{"d": 0.09615326, "p": 81, "v": 81}], "pos": 1.0, "size": 1.0, "_time": 75.19141}, {"$id": 391, "sounds": [{"d": 0.09615326, "p": 84, "v": 86}], "pos": 1.5, "size": 1.0, "_time": 75.28906}, {"$id": 392, "sounds": [{"d": 0.09615326, "p": 86, "v": 85}], "pos": 2.0, "size": 1.0, "_time": 75.38281}, {"$id": 393, "sounds": [{"d": 0.192306519, "p": 74, "v": 72}, {"d": 0.192306519, "p": 79, "v": 72}, {"d": 0.192306519, "p": 82, "v": 81}], "size": 1.0, "_time": 75.578125, "pos": 0}, {"$id": 394, "sounds": [{"d": 0.192306519, "p": 82, "v": 80}, {"d": 0.192306519, "p": 79, "v": 72}, {"d": 0.192306519, "p": 74, "v": 72}], "size": 1.0, "_time": 75.96094, "pos": 0}, {"$id": 395, "sounds": [{"d": 0.192306519, "p": 74, "v": 72}, {"d": 0.192306519, "p": 79, "v": 72}, {"d": 0.192306519, "p": 82, "v": 80}], "size": 1.0, "_time": 76.34766, "pos": 0}, {"$id": 396, "sounds": [{"d": 0.192306519, "p": 74, "v": 70}, {"d": 0.192306519, "p": 79, "v": 70}, {"d": 0.192306519, "p": 82, "v": 78}], "size": 1.0, "_time": 76.73047, "pos": 0}, {"$id": 397, "sounds": [{"d": 0.192306519, "p": 79, "v": 72}, {"d": 0.192306519, "p": 76, "v": 72}, {"d": 0.192306519, "p": 85, "v": 80}], "pos": 1.0, "size": 1.0, "_time": 77.11328}, {"$id": 398, "sounds": [{"d": 0.192306519, "p": 76, "v": 70}, {"d": 0.192306519, "p": 79, "v": 70}, {"d": 0.192306519, "p": 85, "v": 78}], "pos": 1.0, "size": 1.0, "_time": 77.5}, {"$id": 399, "sounds": [{"d": 0.192306519, "p": 85, "v": 77}, {"d": 0.192306519, "p": 79, "v": 69}, {"d": 0.192306519, "p": 76, "v": 69}], "pos": 1.0, "size": 1.0, "_time": 77.88281}, {"$id": 400, "sounds": [{"d": 0.192306519, "p": 76, "v": 69}, {"d": 0.192306519, "p": 79, "v": 69}, {"d": 0.192306519, "p": 85, "v": 77}], "pos": 1.0, "size": 1.0, "_time": 78.26953}, {"$id": 401, "sounds": [{"d": 0.192306519, "p": 79, "v": 72}, {"d": 0.192306519, "p": 86, "v": 81}, {"d": 0.192306519, "p": 82, "v": 72}], "pos": 2.0, "size": 1.0, "_time": 78.65234}, {"$id": 402, "sounds": [{"d": 0.192306519, "p": 79, "v": 72}, {"d": 0.192306519, "p": 82, "v": 72}, {"d": 0.192306519, "p": 86, "v": 80}], "pos": 2.0, "size": 1.0, "_time": 79.03906}, {"$id": 403, "sounds": [{"d": 0.192306519, "p": 81, "v": 80}, {"d": 0.192306519, "p": 74, "v": 72}, {"d": 0.192306519, "p": 77, "v": 72}], "pos": -1.0, "size": 1.0, "_time": 79.421875}, {"$id": 404, "sounds": [{"d": 0.192306519, "p": 82, "v": 78}, {"d": 0.192306519, "p": 74, "v": 70}, {"d": 0.192306519, "p": 79, "v": 70}], "size": 1.0, "_time": 79.80859, "pos": 0}, {"$id": 405, "sounds": [{"d": 0.384613037, "p": 19, "v": 87}, {"d": 0.384613037, "p": 31, "v": 87}], "pos": -2.0, "size": 1.30000007, "_time": 80.0}, {"$id": 406, "sounds": [{"d": 0.192306519, "p": 58, "v": 74}, {"d": 0.192306519, "p": 55, "v": 74}, {"d": 0.192306519, "p": 50, "v": 74}], "pos": 0.5, "size": 1.30000007, "_time": 80.19141}, {"$id": 407, "sounds": [{"d": 0.384613037, "p": 31, "v": 85}, {"d": 0.384613037, "p": 43, "v": 85}], "pos": -1.5, "size": 1.30000007, "_time": 80.38281}, {"$id": 408, "sounds": [{"d": 0.192306519, "p": 62, "v": 80}, {"d": 0.192306519, "p": 67, "v": 80}, {"d": 0.192306519, "p": 70, "v": 80}], "pos": 1.0, "size": 1.30000007, "_time": 80.578125}, {"$id": 409, "sounds": [{"d": 0.384613037, "p": 37, "v": 80}, {"d": 0.384613037, "p": 49, "v": 80}], "pos": -1.0, "size": 1.30000007, "_time": 80.76953}, {"$id": 410, "sounds": [{"d": 0.192306519, "p": 86, "v": 86}, {"d": 0.192306519, "p": 81, "v": 86}, {"d": 0.192306519, "p": 74, "v": 86}, {"d": 0.192306519, "p": 78, "v": 86}], "pos": 1.5, "size": 1.30000007, "_time": 80.96094}, {"$id": 411, "sounds": [{"d": 0.384613037, "p": 62, "v": 80}, {"d": 0.384613037, "p": 50, "v": 80}], "pos": -0.5, "size": 1.30000007, "_time": 81.15234}, {"$id": 412, "sounds": [{"d": 0.192306519, "p": 86, "v": 91}, {"d": 0.192306519, "p": 93, "v": 91}, {"d": 0.192306519, "p": 90, "v": 91}, {"d": 0.192306519, "p": 98, "v": 91}], "pos": 2.0, "size": 1.30000007, "_time": 81.34766}, {"$id": 413, "sounds": [{"d": 0.192306519, "p": 82, "v": 81}, {"d": 0.192306519, "p": 74, "v": 72}, {"d": 0.192306519, "p": 79, "v": 72}], "size": 1.0, "_time": 81.73047, "pos": 0}, {"$id": 414, "sounds": [{"d": 0.192306519, "p": 74, "v": 72}, {"d": 0.192306519, "p": 79, "v": 72}, {"d": 0.192306519, "p": 82, "v": 80}], "size": 1.0, "_time": 82.11328, "pos": 0}, {"$id": 415, "sounds": [{"d": 0.192306519, "p": 74, "v": 72}, {"d": 0.192306519, "p": 79, "v": 72}, {"d": 0.192306519, "p": 82, "v": 80}], "size": 1.0, "_time": 82.5, "pos": 0}, {"$id": 416, "sounds": [{"d": 0.192306519, "p": 74, "v": 72}, {"d": 0.192306519, "p": 82, "v": 80}, {"d": 0.192306519, "p": 79, "v": 72}], "size": 1.0, "_time": 82.88281, "pos": 0}, {"$id": 417, "sounds": [{"d": 0.192306519, "p": 79, "v": 72}, {"d": 0.192306519, "p": 73, "v": 72}, {"d": 0.192306519, "p": 82, "v": 80}], "pos": -1.0, "size": 1.0, "_time": 83.26953}, {"$id": 418, "sounds": [{"d": 0.192306519, "p": 73, "v": 70}, {"d": 0.192306519, "p": 79, "v": 70}, {"d": 0.192306519, "p": 82, "v": 78}], "pos": -1.0, "size": 1.0, "_time": 83.65234}, {"$id": 419, "sounds": [{"d": 0.192306519, "p": 73, "v": 69}, {"d": 0.192306519, "p": 82, "v": 77}, {"d": 0.192306519, "p": 79, "v": 69}], "pos": -1.0, "size": 1.0, "_time": 84.03906}, {"$id": 420, "sounds": [{"d": 0.192306519, "p": 82, "v": 77}, {"d": 0.192306519, "p": 73, "v": 69}, {"d": 0.192306519, "p": 79, "v": 69}], "pos": -1.0, "size": 1.0, "_time": 84.421875}, {"$id": 421, "sounds": [{"d": 0.192306519, "p": 79, "v": 69}, {"d": 0.192306519, "p": 74, "v": 69}, {"d": 0.192306519, "p": 82, "v": 77}], "size": 1.0, "_time": 84.80859, "pos": 0}, {"$id": 422, "sounds": [{"d": 0.192306519, "p": 79, "v": 68}, {"d": 0.192306519, "p": 74, "v": 68}, {"d": 0.192306519, "p": 82, "v": 76}], "size": 1.0, "_time": 85.19141, "pos": 0}, {"$id": 423, "sounds": [{"d": 0.192306519, "p": 74, "v": 68}, {"d": 0.192306519, "p": 82, "v": 76}, {"d": 0.192306519, "p": 79, "v": 68}], "size": 1.0, "_time": 85.578125, "pos": 0}, {"$id": 424, "sounds": [{"d": 0.192306519, "p": 76, "v": 72}, {"d": 0.192306519, "p": 79, "v": 72}, {"d": 0.192306519, "p": 84, "v": 81}], "pos": 1.0, "size": 1.0, "_time": 85.96094}, {"$id": 425, "sounds": [{"d": 0.192306519, "p": 76, "v": 72}, {"d": 0.192306519, "p": 79, "v": 72}, {"d": 0.192306519, "p": 84, "v": 81}], "pos": 1.0, "size": 1.0, "_time": 86.34766}, {"$id": 426, "sounds": [{"d": 0.192306519, "p": 76, "v": 73}, {"d": 0.192306519, "p": 79, "v": 73}, {"d": 0.192306519, "p": 84, "v": 82}], "pos": 1.0, "size": 1.0, "_time": 86.73047}, {"$id": 427, "sounds": [{"d": 0.09615326, "p": 67, "v": 79}], "pos": -2.0, "size": 1.0, "_time": 86.921875}, {"$id": 428, "sounds": [{"d": 0.09615326, "p": 69, "v": 69}], "pos": -1.5, "size": 1.0, "_time": 87.01953}, {"$id": 429, "sounds": [{"d": 0.09615326, "p": 72, "v": 72}], "pos": -1.0, "size": 1.0, "_time": 87.11328}, {"$id": 430, "sounds": [{"d": 0.09615326, "p": 74, "v": 74}], "pos": -0.5, "size": 1.0, "_time": 87.21094}, {"$id": 431, "sounds": [{"d": 0.09615326, "p": 76, "v": 77}], "size": 1.0, "_time": 87.30859, "pos": 0}, {"$id": 432, "sounds": [{"d": 0.09615326, "p": 79, "v": 81}], "pos": 0.5, "size": 1.0, "_time": 87.40234}, {"$id": 433, "sounds": [{"d": 0.09615326, "p": 81, "v": 81}], "pos": 1.0, "size": 1.0, "_time": 87.5}, {"$id": 434, "sounds": [{"d": 0.09615326, "p": 84, "v": 86}], "pos": 1.5, "size": 1.0, "_time": 87.59766}, {"$id": 435, "sounds": [{"d": 0.09615326, "p": 86, "v": 85}], "pos": 2.0, "size": 1.0, "_time": 87.69141}, {"$id": 436, "sounds": [{"d": 0.192306519, "p": 74, "v": 72}, {"d": 0.192306519, "p": 79, "v": 72}, {"d": 0.192306519, "p": 82, "v": 81}], "size": 1.0, "_time": 87.88281, "pos": 0}, {"$id": 437, "sounds": [{"d": 0.192306519, "p": 74, "v": 72}, {"d": 0.192306519, "p": 79, "v": 72}, {"d": 0.192306519, "p": 82, "v": 80}], "size": 1.0, "_time": 88.26953, "pos": 0}, {"$id": 438, "sounds": [{"d": 0.192306519, "p": 79, "v": 72}, {"d": 0.192306519, "p": 74, "v": 72}, {"d": 0.192306519, "p": 82, "v": 80}], "size": 1.0, "_time": 88.65234, "pos": 0}, {"$id": 439, "sounds": [{"d": 0.192306519, "p": 74, "v": 70}, {"d": 0.192306519, "p": 82, "v": 78}, {"d": 0.192306519, "p": 79, "v": 70}], "size": 1.0, "_time": 89.03906, "pos": 0}, {"$id": 440, "sounds": [{"d": 0.192306519, "p": 79, "v": 72}, {"d": 0.192306519, "p": 85, "v": 80}, {"d": 0.192306519, "p": 76, "v": 72}], "pos": 1.0, "size": 1.0, "_time": 89.421875}, {"$id": 441, "sounds": [{"d": 0.192306519, "p": 79, "v": 70}, {"d": 0.192306519, "p": 85, "v": 78}, {"d": 0.192306519, "p": 76, "v": 70}], "pos": 1.0, "size": 1.0, "_time": 89.80859}, {"$id": 442, "sounds": [{"d": 0.192306519, "p": 79, "v": 69}, {"d": 0.192306519, "p": 76, "v": 69}, {"d": 0.192306519, "p": 85, "v": 77}], "pos": 1.0, "size": 1.0, "_time": 90.19141}, {"$id": 443, "sounds": [{"d": 0.192306519, "p": 85, "v": 77}, {"d": 0.192306519, "p": 79, "v": 69}, {"d": 0.192306519, "p": 76, "v": 69}], "pos": 1.0, "size": 1.0, "_time": 90.578125}, {"$id": 444, "sounds": [{"d": 0.192306519, "p": 86, "v": 81}, {"d": 0.192306519, "p": 79, "v": 72}, {"d": 0.192306519, "p": 82, "v": 72}], "pos": 2.0, "size": 1.0, "_time": 90.96094}, {"$id": 445, "sounds": [{"d": 0.192306519, "p": 79, "v": 72}, {"d": 0.192306519, "p": 86, "v": 80}, {"d": 0.192306519, "p": 82, "v": 72}], "pos": 2.0, "size": 1.0, "_time": 91.34766}, {"$id": 446, "sounds": [{"d": 0.192306519, "p": 77, "v": 72}, {"d": 0.192306519, "p": 81, "v": 80}, {"d": 0.192306519, "p": 74, "v": 72}], "pos": -1.0, "size": 1.0, "_time": 91.73047}, {"$id": 447, "sounds": [{"d": 0.192306519, "p": 74, "v": 70}, {"d": 0.192306519, "p": 82, "v": 78}, {"d": 0.192306519, "p": 79, "v": 70}], "size": 1.0, "_time": 92.11328, "pos": 0}, {"$id": 448, "sounds": [{"d": 0.192306519, "p": 74, "v": 87}, {"d": 0.192306519, "p": 82, "v": 87}, {"d": 0.192306519, "p": 79, "v": 87}], "size": 1.0, "_time": 92.5, "pos": 0}, {"$id": 449, "sounds": [{"d": 0.192306519, "p": 79, "v": 89}, {"d": 0.192306519, "p": 74, "v": 89}, {"d": 0.192306519, "p": 86, "v": 89}], "pos": 1.0, "size": 1.0, "_time": 92.88281}, {"$id": 450, "sounds": [{"d": 0.192306519, "p": 80, "v": 87}, {"d": 0.192306519, "p": 85, "v": 87}], "size": 1.0, "_time": 93.078125, "pos": 0}, {"$id": 451, "sounds": [{"d": 0.192306519, "p": 86, "v": 92}, {"d": 0.192306519, "p": 81, "v": 92}], "pos": 1.0, "size": 1.0, "_time": 93.26953}, {"$id": 452, "sounds": [{"d": 0.192306519, "p": 87, "v": 93}, {"d": 0.192306519, "p": 82, "v": 93}], "pos": 2.0, "size": 1.0, "_time": 93.46094}, {"$id": 453, "sounds": [{"d": 0.192306519, "p": 86, "v": 94}, {"d": 0.192306519, "p": 81, "v": 94}], "pos": 1.0, "size": 1.0, "_time": 93.65234}, {"$id": 454, "sounds": [{"d": 4.69230652, "p": 42, "v": 89}, {"d": 4.69230652, "p": 55, "v": 89}], "pos": -1.0, "size": 1.30000007, "_time": 94.03906}, {"$id": 455, "sounds": [{"d": 4.69230652, "p": 86, "v": 89}, {"d": 4.69230652, "p": 77, "v": 89}, {"d": 4.69230652, "p": 81, "v": 89}, {"d": 4.69230652, "p": 74, "v": 89}], "pos": 1.0, "size": 1.0, "_time": 94.03906}], "links": [{"notes": [{"$ref": 99}, {"$ref": 100}, {"$ref": 101}, {"$ref": 102}, {"$ref": 103}, {"$ref": 104}, {"$ref": 105}, {"$ref": 106}, {"$ref": 107}, {"$ref": 108}, {"$ref": 109}, {"$ref": 110}, {"$ref": 111}, {"$ref": 112}, {"$ref": 113}, {"$ref": 114}]}, {"notes": [{"$ref": 384}, {"$ref": 385}, {"$ref": 386}, {"$ref": 387}, {"$ref": 388}, {"$ref": 389}, {"$ref": 390}, {"$ref": 391}, {"$ref": 392}]}, {"notes": [{"$ref": 427}, {"$ref": 428}, {"$ref": 429}, {"$ref": 430}, {"$ref": 431}, {"$ref": 432}, {"$ref": 433}, {"$ref": 434}, {"$ref": 435}]}, {"notes": [{"$ref": 245}, {"$ref": 246}]}, {"notes": [{"$ref": 255}, {"$ref": 256}, {"$ref": 257}, {"$ref": 258}, {"$ref": 260}]}, {"notes": [{"$ref": 247}, {"$ref": 248}, {"$ref": 249}, {"$ref": 250}]}, {"notes": [{"$ref": 251}, {"$ref": 252}, {"$ref": 253}, {"$ref": 254}]}, {"notes": [{"$ref": 354}, {"$ref": 355}, {"$ref": 356}, {"$ref": 357}, {"$ref": 358}, {"$ref": 359}, {"$ref": 360}, {"$ref": 361}, {"$ref": 362}, {"$ref": 363}, {"$ref": 364}, {"$ref": 365}, {"$ref": 366}, {"$ref": 367}, {"$ref": 368}, {"$ref": 369}]}]}