{"speed": 10.0, "notes": [{"$id": 1, "sounds": [{"d": 0.493394852, "p": 96, "v": 87}], "pos": 1.5, "size": 1.0, "_time": 6.234375}, {"$id": 2, "sounds": [{"d": 0.4743805, "p": 91, "v": 79}], "pos": 0.5, "size": 1.0, "_time": 6.7265625}, {"$id": 3, "sounds": [{"d": 2.12013149, "p": 89, "v": 71}], "pos": -0.5, "size": 1.0, "_time": 7.203125}, {"$id": 4, "sounds": [{"d": 0.19376564, "p": 79, "v": 74}], "pos": 2.0, "size": 1.0, "_time": 9.3203125}, {"$id": 5, "sounds": [{"d": 0.194805145, "p": 77, "v": 83}], "pos": 1.5, "size": 1.0, "_time": 9.515625}, {"$id": 6, "sounds": [{"d": 3.11688423, "p": 29, "v": 94}, {"d": 3.11688423, "p": 36, "v": 94}], "pos": -1.5, "size": 1.30000007, "_time": 9.7109375}, {"$id": 7, "sounds": [{"d": 3.11688423, "p": 72, "v": 90}], "pos": 1.0, "size": 1.0, "_time": 9.7109375}, {"$id": 8, "sounds": [{"d": 0.403018, "p": 72, "v": 115}], "pos": 1.5, "size": 1.0, "_time": 12.828125}, {"$id": 9, "sounds": [{"d": 3.60394287, "p": 41, "v": 97}], "pos": -1.5, "size": 1.30000007, "_time": 12.828125}, {"$id": 10, "sounds": [{"d": 0.43918705, "p": 67, "v": 115}], "pos": 0.5, "size": 1.0, "_time": 13.2304688}, {"$id": 11, "sounds": [{"d": 2.53846169, "p": 65, "v": 103}], "pos": -0.5, "size": 1.0, "_time": 13.6679688}, {"$id": 12, "sounds": [{"d": 0.223276138, "p": 57, "v": 108}], "pos": 0.5, "size": 1.0, "_time": 16.2070313}, {"$id": 13, "sounds": [{"d": 0.209789276, "p": 62, "v": 114}], "pos": 1.0, "size": 1.0, "_time": 16.2929688}, {"$id": 14, "sounds": [{"d": 0.78531456, "p": 65, "v": 119}], "pos": 1.5, "size": 1.0, "_time": 16.3710938}, {"$id": 15, "sounds": [{"d": 0.7830658, "p": 53, "v": 120}, {"d": 0.7830658, "p": 45, "v": 120}, {"d": 0.7830658, "p": 50, "v": 120}], "pos": -1.0, "size": 1.60000014, "_time": 16.4296875}, {"$id": 16, "sounds": [{"d": 0.7830658, "p": 69, "v": 125}], "pos": 2.0, "size": 1.0, "_time": 16.4296875}, {"$id": 17, "sounds": [{"d": 0.3934555, "p": 60, "v": 115}], "pos": 0.5, "size": 1.0, "_time": 16.8203125}, {"$id": 18, "sounds": [{"d": 0.79737854, "p": 48, "v": 111}, {"d": 0.79737854, "p": 52, "v": 111}, {"d": 0.79737854, "p": 43, "v": 111}], "pos": -1.0, "size": 1.60000014, "_time": 17.2148438}, {"$id": 19, "sounds": [{"d": 0.79737854, "p": 67, "v": 124}, {"d": 0.79737854, "p": 64, "v": 119}], "pos": 1.5, "size": 1.0, "_time": 17.2148438}, {"$id": 20, "sounds": [{"d": 0.400449753, "p": 60, "v": 103}], "size": 1.0, "_time": 17.609375, "pos": 0}, {"$id": 21, "sounds": [{"d": 0.814975739, "p": 46, "v": 101}, {"d": 0.814975739, "p": 50, "v": 101}, {"d": 0.814975739, "p": 41, "v": 101}], "pos": -1.5, "size": 1.60000014, "_time": 18.0117188}, {"$id": 22, "sounds": [{"d": 0.814975739, "p": 65, "v": 98}, {"d": 0.814975739, "p": 62, "v": 119}], "pos": 1.0, "size": 1.0, "_time": 18.0117188}, {"$id": 23, "sounds": [{"d": 0.4095707, "p": 58, "v": 92}], "pos": -0.5, "size": 1.0, "_time": 18.4179688}, {"$id": 24, "sounds": [{"d": 0.8284359, "p": 64, "v": 102}, {"d": 0.8284359, "p": 60, "v": 119}], "pos": 0.5, "size": 1.1, "_time": 18.828125}, {"$id": 25, "sounds": [{"d": 0.8284359, "p": 48, "v": 92}, {"d": 0.8284359, "p": 40, "v": 92}, {"d": 0.8284359, "p": 45, "v": 92}], "pos": -1.5, "size": 1.60000014, "_time": 18.828125}, {"$id": 26, "sounds": [{"d": 0.4150982, "p": 57, "v": 91}], "pos": -1.0, "size": 1.0, "_time": 19.2382813}, {"$id": 27, "sounds": [{"d": 3.16087341, "p": 34, "v": 84}, {"d": 0.7792244, "p": 46, "v": 84}, {"d": 0.7792244, "p": 38, "v": 84}], "pos": -2.0, "size": 1.60000014, "_time": 19.65625}, {"$id": 28, "sounds": [{"d": 0.170455933, "p": 55, "v": 96}], "size": 1.0, "_time": 19.6640625, "pos": 0}, {"$id": 29, "sounds": [{"d": 0.706171036, "p": 58, "v": 102}], "pos": 0.5, "size": 1.0, "_time": 19.7265625}, {"$id": 30, "sounds": [{"d": 0.6331177, "p": 62, "v": 108}], "pos": 1.0, "size": 1.0, "_time": 19.7929688}, {"$id": 31, "sounds": [{"d": 0.7832813, "p": 43, "v": 66}], "pos": -1.0, "size": 1.30000007, "_time": 20.0429688}, {"$id": 32, "sounds": [{"d": 0.393669128, "p": 62, "v": 63}], "size": 1.0, "_time": 20.4335938, "pos": 0}, {"$id": 33, "sounds": [{"d": 0.394737244, "p": 62, "v": 67}, {"d": 0.394737244, "p": 58, "v": 67}], "pos": 0.5, "size": 1.0, "_time": 20.828125}, {"$id": 34, "sounds": [{"d": 0.3980255, "p": 58, "v": 78}, {"d": 0.3980255, "p": 62, "v": 78}], "pos": 0.5, "size": 1.0, "_time": 21.2226563}, {"$id": 35, "sounds": [{"d": 0.399999619, "p": 58, "v": 89}, {"d": 0.399999619, "p": 62, "v": 89}], "pos": 0.5, "size": 1.0, "_time": 21.6210938}, {"$id": 36, "sounds": [{"d": 0.399999619, "p": 58, "v": 100}, {"d": 0.399999619, "p": 62, "v": 100}], "pos": 0.5, "size": 1.0, "_time": 22.0195313}, {"$id": 37, "sounds": [{"d": 0.3952179, "p": 62, "v": 112}, {"d": 0.3952179, "p": 58, "v": 112}], "pos": 0.5, "size": 1.0, "_time": 22.421875}, {"$id": 38, "sounds": [{"d": 0.3896103, "p": 64, "v": 88}, {"d": 0.3896103, "p": 60, "v": 88}, {"d": 0.3896103, "p": 55, "v": 88}], "pos": 1.5, "size": 1.0, "_time": 22.8164063}, {"$id": 39, "sounds": [{"d": 3.57331848, "p": 36, "v": 84}, {"d": 0.7792206, "p": 40, "v": 84}, {"d": 0.7792206, "p": 48, "v": 84}], "pos": -1.0, "size": 1.60000014, "_time": 22.8164063}, {"$id": 40, "sounds": [{"d": 0.3896103, "p": 72, "v": 63}, {"d": 0.3896103, "p": 60, "v": 63}, {"d": 0.3896103, "p": 64, "v": 63}], "pos": 1.5, "size": 1.0, "_time": 23.2070313}, {"$id": 41, "sounds": [{"d": 0.3917637, "p": 64, "v": 72}, {"d": 0.3917637, "p": 72, "v": 72}, {"d": 0.3917637, "p": 60, "v": 72}], "pos": 1.5, "size": 1.0, "_time": 23.59375}, {"$id": 42, "sounds": [{"d": 0.4198799, "p": 72, "v": 79}, {"d": 0.4198799, "p": 64, "v": 79}, {"d": 0.4198799, "p": 60, "v": 79}], "pos": 1.5, "size": 1.0, "_time": 23.9882813}, {"$id": 43, "sounds": [{"d": 1.9824543, "p": 72, "v": 84}, {"d": 1.9824543, "p": 60, "v": 84}, {"d": 1.9824543, "p": 64, "v": 84}], "pos": 1.5, "size": 1.0, "_time": 24.40625}, {"$id": 44, "sounds": [{"d": 1.9824543, "p": 52, "v": 74}, {"d": 1.9824543, "p": 48, "v": 74}], "pos": -0.5, "size": 1.30000007, "_time": 24.40625}, {"$id": 45, "sounds": [{"d": 0.3896103, "p": 69, "v": 54}], "pos": -2.0, "size": 1.0, "_time": 26.390625}, {"$id": 46, "sounds": [{"d": 0.3896103, "p": 72, "v": 59}], "pos": -1.0, "size": 1.0, "_time": 26.7773438}, {"$id": 47, "sounds": [{"d": 0.3896103, "p": 81, "v": 93}], "size": 1.0, "_time": 27.1679688, "pos": 0}, {"$id": 48, "sounds": [{"d": 0.3896103, "p": 82, "v": 98}], "pos": 1.0, "size": 1.0, "_time": 27.5585938}, {"$id": 49, "sounds": [{"d": 1.16883278, "p": 76, "v": 72}], "pos": 1.0, "size": 1.0, "_time": 27.9492188}, {"$id": 50, "sounds": [{"d": 1.09578133, "p": 81, "v": 77}], "pos": 1.5, "size": 1.0, "_time": 27.9882813}, {"$id": 51, "sounds": [{"d": 1.16883087, "p": 84, "v": 98}], "pos": 2.0, "size": 1.0, "_time": 28.0351563}, {"$id": 52, "sounds": [{"d": 0.3896103, "p": 81, "v": 74}], "size": 1.0, "_time": 29.1171875, "pos": 0}, {"$id": 53, "sounds": [{"d": 0.3896103, "p": 69, "v": 54}], "pos": -2.0, "size": 1.0, "_time": 29.5078125}, {"$id": 54, "sounds": [{"d": 0.3896103, "p": 74, "v": 59}], "pos": -1.0, "size": 1.0, "_time": 29.8945313}, {"$id": 55, "sounds": [{"d": 0.3896103, "p": 81, "v": 93}], "size": 1.0, "_time": 30.2851563, "pos": 0}, {"$id": 56, "sounds": [{"d": 0.3896103, "p": 82, "v": 90}], "pos": 1.0, "size": 1.0, "_time": 30.6757813}, {"$id": 57, "sounds": [{"d": 0.584415436, "p": 84, "v": 98}], "pos": 2.0, "size": 1.0, "_time": 31.0625}, {"$id": 58, "sounds": [{"d": 0.584415436, "p": 81, "v": 85}], "size": 1.0, "_time": 31.6484375, "pos": 0}, {"$id": 59, "sounds": [{"d": 0.3896103, "p": 77, "v": 98}], "pos": -1.0, "size": 1.0, "_time": 32.234375}, {"$id": 60, "sounds": [{"d": 0.3896103, "p": 74, "v": 90}], "pos": -2.0, "size": 1.0, "_time": 32.6210938}, {"$id": 61, "sounds": [{"d": 0.194805145, "p": 77, "v": 78}, {"d": 0.194805145, "p": 74, "v": 78}], "pos": 1.0, "size": 1.0, "_time": 33.01172}, {"$id": 62, "sounds": [{"d": 0.7792206, "p": 53, "v": 84}, {"d": 0.7792206, "p": 58, "v": 84}], "pos": -1.0, "size": 1.30000007, "_time": 33.01172}, {"$id": 63, "sounds": [{"d": 0.3896103, "p": 77, "v": 81}, {"d": 0.3896103, "p": 74, "v": 81}], "pos": 1.0, "size": 1.0, "_time": 33.20703}, {"$id": 64, "sounds": [{"d": 0.194805145, "p": 74, "v": 96}, {"d": 0.194805145, "p": 79, "v": 96}], "pos": 2.0, "size": 1.0, "_time": 33.5976563}, {"$id": 65, "sounds": [{"d": 0.3896103, "p": 77, "v": 78}, {"d": 0.3896103, "p": 74, "v": 78}], "pos": 1.0, "size": 1.0, "_time": 33.79297}, {"$id": 66, "sounds": [{"d": 0.3896103, "p": 58, "v": 77}, {"d": 0.3896103, "p": 53, "v": 77}], "pos": -1.0, "size": 1.30000007, "_time": 33.79297}, {"$id": 67, "sounds": [{"d": 0.7792206, "p": 45, "v": 81}, {"d": 0.7792206, "p": 52, "v": 81}, {"d": 0.7792206, "p": 57, "v": 81}], "pos": -1.5, "size": 1.60000014, "_time": 34.1796875}, {"$id": 68, "sounds": [{"d": 1.55844116, "p": 72, "v": 80}, {"d": 1.55844116, "p": 69, "v": 80}], "pos": 1.5, "size": 1.0, "_time": 34.1796875}, {"$id": 69, "sounds": [{"d": 0.3896103, "p": 53, "v": 66}, {"d": 0.7792206, "p": 60, "v": 66}, {"d": 0.7792206, "p": 65, "v": 66}], "pos": -0.5, "size": 1.30000007, "_time": 34.9609375}, {"$id": 70, "sounds": [{"d": 0.3896103, "p": 54, "v": 76}], "pos": 0.5, "size": 1.30000007, "_time": 35.3515625}, {"$id": 71, "sounds": [{"d": 0.3928299, "p": 72, "v": 77}], "pos": 1.5, "size": 1.0, "_time": 35.73828}, {"$id": 72, "sounds": [{"d": 1.63055038, "p": 55, "v": 87}, {"d": 1.63055038, "p": 60, "v": 80}], "pos": -1.5, "size": 1.30000007, "_time": 35.73828}, {"$id": 73, "sounds": [{"d": 0.201011658, "p": 72, "v": 78}, {"d": 0.201011658, "p": 76, "v": 78}], "size": 1.0, "_time": 36.1328125, "pos": 0}, {"$id": 74, "sounds": [{"d": 0.411708832, "p": 72, "v": 81}, {"d": 0.411708832, "p": 76, "v": 81}], "size": 1.0, "_time": 36.33203, "pos": 0}, {"$id": 75, "sounds": [{"d": 0.208332062, "p": 72, "v": 96}, {"d": 0.208332062, "p": 77, "v": 96}], "pos": 1.0, "size": 1.0, "_time": 36.7460938}, {"$id": 76, "sounds": [{"d": 0.416667938, "p": 76, "v": 78}, {"d": 0.416667938, "p": 72, "v": 78}], "size": 1.0, "_time": 36.953125, "pos": 0}, {"$id": 77, "sounds": [{"d": 1.66666412, "p": 52, "v": 64}, {"d": 1.66666412, "p": 43, "v": 64}, {"d": 1.66666412, "p": 48, "v": 64}], "pos": -1.5, "size": 1.30000007, "_time": 37.3710938}, {"$id": 78, "sounds": [{"d": 1.66666412, "p": 67, "v": 64}], "pos": 0.5, "size": 1.0, "_time": 37.3710938}, {"$id": 79, "sounds": [{"d": 1.66497421, "p": 72, "v": 72}], "pos": 1.0, "size": 1.0, "_time": 37.421875}, {"$id": 80, "sounds": [{"d": 1.66215515, "p": 76, "v": 82}], "pos": 1.5, "size": 1.0, "_time": 37.4648438}, {"$id": 81, "sounds": [{"d": 0.3913002, "p": 69, "v": 61}], "pos": -2.0, "size": 1.0, "_time": 39.0351563}, {"$id": 82, "sounds": [{"d": 0.3896103, "p": 72, "v": 67}], "pos": -1.0, "size": 1.0, "_time": 39.4296875}, {"$id": 83, "sounds": [{"d": 0.3896103, "p": 81, "v": 105}], "size": 1.0, "_time": 39.8164063, "pos": 0}, {"$id": 84, "sounds": [{"d": 0.3896103, "p": 82, "v": 115}], "pos": 1.0, "size": 1.0, "_time": 40.20703}, {"$id": 85, "sounds": [{"d": 1.16883087, "p": 76, "v": 85}], "pos": 1.0, "size": 1.0, "_time": 40.5976563}, {"$id": 86, "sounds": [{"d": 1.09577942, "p": 81, "v": 90}], "pos": 1.5, "size": 1.0, "_time": 40.63672}, {"$id": 87, "sounds": [{"d": 1.16883087, "p": 84, "v": 115}], "pos": 2.0, "size": 1.0, "_time": 40.6875}, {"$id": 88, "sounds": [{"d": 0.194805145, "p": 86, "v": 99}], "pos": 1.0, "size": 1.0, "_time": 41.765625}, {"$id": 89, "sounds": [{"d": 0.9740257, "p": 84, "v": 96}], "pos": -1.0, "size": 1.0, "_time": 41.9609375}, {"$id": 90, "sounds": [{"d": 0.3896103, "p": 84, "v": 105}], "pos": -1.0, "size": 1.0, "_time": 42.9335938}, {"$id": 91, "sounds": [{"d": 0.3896103, "p": 86, "v": 102}], "pos": 1.0, "size": 1.0, "_time": 43.32422}, {"$id": 92, "sounds": [{"d": 0.162338257, "p": 86, "v": 80}], "pos": 1.0, "size": 1.0, "_time": 43.7148438}, {"$id": 93, "sounds": [{"d": 0.584415436, "p": 87, "v": 111}], "pos": 2.0, "size": 1.0, "_time": 43.76953}, {"$id": 94, "sounds": [{"d": 0.584415436, "p": 86, "v": 100}], "pos": 1.0, "size": 1.0, "_time": 44.296875}, {"$id": 95, "sounds": [{"d": 0.275974274, "p": 81, "v": 107}], "pos": -2.0, "size": 1.0, "_time": 44.8828125}, {"$id": 96, "sounds": [{"d": 0.170459747, "p": 77, "v": 78}], "size": 1.0, "_time": 45.1601563, "pos": 0}, {"$id": 97, "sounds": [{"d": 0.170459747, "p": 81, "v": 83}], "pos": 0.5, "size": 1.0, "_time": 45.2148438}, {"$id": 98, "sounds": [{"d": 0.3896141, "p": 84, "v": 120}], "pos": 1.0, "size": 1.0, "_time": 45.2734375}, {"$id": 99, "sounds": [{"d": 0.194805145, "p": 82, "v": 104}], "size": 1.0, "_time": 45.6601563, "pos": 0}, {"$id": 100, "sounds": [{"d": 0.3896103, "p": 82, "v": 111}], "size": 1.0, "_time": 45.85547, "pos": 0}, {"$id": 101, "sounds": [{"d": 0.194805145, "p": 81, "v": 75}], "pos": -1.0, "size": 1.0, "_time": 46.2460938}, {"$id": 102, "sounds": [{"d": 0.194805145, "p": 82, "v": 93}], "size": 1.0, "_time": 46.4414063, "pos": 0}, {"$id": 103, "sounds": [{"d": 0.584415436, "p": 89, "v": 110}], "pos": 1.0, "size": 1.0, "_time": 46.63672}, {"$id": 104, "sounds": [{"d": 0.194805145, "p": 89, "v": 100}], "pos": 1.0, "size": 1.0, "_time": 47.21875}, {"$id": 105, "sounds": [{"d": 0.3896103, "p": 89, "v": 95}], "pos": 1.0, "size": 1.0, "_time": 47.4140625}, {"$id": 106, "sounds": [{"d": 0.194805145, "p": 89, "v": 84}], "size": 1.0, "_time": 47.8046875, "pos": 0}, {"$id": 107, "sounds": [{"d": 0.194805145, "p": 91, "v": 93}], "pos": 2.0, "size": 1.0, "_time": 48.0}, {"$id": 108, "sounds": [{"d": 0.3896103, "p": 89, "v": 83}], "size": 1.0, "_time": 48.1953125, "pos": 0}, {"$id": 109, "sounds": [{"d": 0.194805145, "p": 89, "v": 111}], "pos": 1.0, "size": 1.0, "_time": 48.5859375}, {"$id": 110, "sounds": [{"d": 0.194805145, "p": 88, "v": 103}], "size": 1.0, "_time": 48.7773438, "pos": 0}, {"$id": 111, "sounds": [{"d": 0.3896103, "p": 84, "v": 81}], "pos": -2.0, "size": 1.0, "_time": 48.9726563}, {"$id": 112, "sounds": [{"d": 0.194805145, "p": 89, "v": 96}], "pos": 2.0, "size": 1.0, "_time": 49.16797}, {"$id": 113, "sounds": [{"d": 0.194805145, "p": 88, "v": 79}], "pos": 1.0, "size": 1.0, "_time": 49.36328}, {"$id": 114, "sounds": [{"d": 0.3896103, "p": 84, "v": 75}], "pos": -1.0, "size": 1.0, "_time": 49.5585938}, {"$id": 115, "sounds": [{"d": 0.194805145, "p": 89, "v": 91}], "pos": 1.0, "size": 1.0, "_time": 49.7539063}, {"$id": 116, "sounds": [{"d": 0.3896103, "p": 88, "v": 103}], "size": 1.0, "_time": 49.94922, "pos": 0}, {"$id": 117, "sounds": [{"d": 0.3896103, "p": 84, "v": 83}], "pos": -2.0, "size": 1.0, "_time": 50.140625}, {"$id": 118, "sounds": [{"d": 0.3896103, "p": 86, "v": 88}], "pos": 2.0, "size": 1.0, "_time": 50.3359375}, {"$id": 119, "sounds": [{"d": 0.3896103, "p": 81, "v": 93}], "pos": -1.0, "size": 1.0, "_time": 50.53125}, {"$id": 120, "sounds": [{"d": 0.3896103, "p": 84, "v": 98}], "pos": 1.5, "size": 1.0, "_time": 50.7265625}, {"$id": 121, "sounds": [{"d": 0.3896103, "p": 79, "v": 103}], "pos": -1.5, "size": 1.0, "_time": 50.921875}, {"$id": 122, "sounds": [{"d": 0.3896103, "p": 81, "v": 108}], "pos": 1.0, "size": 1.0, "_time": 51.1171875}, {"$id": 123, "sounds": [{"d": 0.194805145, "p": 76, "v": 113}], "pos": -2.0, "size": 1.0, "_time": 51.3125}, {"$id": 124, "sounds": [{"d": 0.3896103, "p": 72, "v": 109}], "pos": -1.5, "size": 1.0, "_time": 51.5078125}, {"$id": 125, "sounds": [{"d": 1.94805145, "p": 77, "v": 109}], "pos": 0.5, "size": 1.0, "_time": 51.5078125}, {"$id": 126, "sounds": [{"d": 0.194805145, "p": 70, "v": 104}], "pos": 0.5, "size": 1.0, "_time": 51.89453}, {"$id": 127, "sounds": [{"d": 0.3896103, "p": 70, "v": 111}], "pos": 0.5, "size": 1.0, "_time": 52.0898438}, {"$id": 128, "sounds": [{"d": 0.194805145, "p": 69, "v": 75}], "pos": -0.5, "size": 1.0, "_time": 52.48047}, {"$id": 129, "sounds": [{"d": 0.194805145, "p": 70, "v": 93}], "pos": 0.5, "size": 1.0, "_time": 52.67578}, {"$id": 130, "sounds": [{"d": 0.9740257, "p": 72, "v": 97}, {"d": 0.9740257, "p": 69, "v": 97}], "pos": 1.5, "size": 1.0, "_time": 52.8710938}, {"$id": 131, "sounds": [{"d": 0.194805145, "p": 62, "v": 52}], "pos": -1.0, "size": 1.0, "_time": 53.453125}, {"$id": 132, "sounds": [{"d": 0.194805145, "p": 65, "v": 58}], "pos": -0.5, "size": 1.0, "_time": 53.6484375}, {"$id": 133, "sounds": [{"d": 0.3896103, "p": 58, "v": 88}, {"d": 0.3896103, "p": 52, "v": 89}, {"d": 0.3896103, "p": 46, "v": 88}], "pos": -2.0, "size": 1.60000014, "_time": 53.84375}, {"$id": 134, "sounds": [{"d": 0.194805145, "p": 67, "v": 64}], "size": 1.0, "_time": 53.84375, "pos": 0}, {"$id": 135, "sounds": [{"d": 0.194805145, "p": 69, "v": 71}], "pos": 0.5, "size": 1.0, "_time": 54.0390625}, {"$id": 136, "sounds": [{"d": 0.3896103, "p": 60, "v": 91}, {"d": 0.3896103, "p": 53, "v": 89}, {"d": 0.3896103, "p": 48, "v": 91}], "pos": -1.0, "size": 1.60000014, "_time": 54.234375}, {"$id": 137, "sounds": [{"d": 0.194805145, "p": 70, "v": 89}], "pos": 1.0, "size": 1.0, "_time": 54.234375}, {"$id": 138, "sounds": [{"d": 0.194805145, "p": 72, "v": 95}], "pos": 1.5, "size": 1.0, "_time": 54.4296875}, {"$id": 139, "sounds": [{"d": 0.810535431, "p": 55, "v": 97}, {"d": 1.7097702, "p": 50, "v": 97}, {"d": 1.7097702, "p": 62, "v": 97}, {"d": 1.7097702, "p": 69, "v": 100}], "size": 1.60000014, "_time": 54.625, "pos": 0}, {"$id": 140, "sounds": [{"d": 1.7097702, "p": 74, "v": 100}], "pos": 2.0, "size": 1.0, "_time": 54.625}, {"$id": 141, "sounds": [{"d": 1.60482788, "p": 45, "v": 94}, {"d": 1.60482788, "p": 50, "v": 94}, {"d": 1.60482788, "p": 54, "v": 94}], "size": 1.60000014, "_time": 56.33203, "pos": 0}, {"$id": 142, "sounds": [{"d": 0.19588089, "p": 69, "v": 75}], "pos": -1.0, "size": 1.0, "_time": 56.76953}, {"$id": 143, "sounds": [{"d": 0.194805145, "p": 72, "v": 85}], "pos": -0.5, "size": 1.0, "_time": 56.9648438}, {"$id": 144, "sounds": [{"d": 0.194805145, "p": 74, "v": 92}], "size": 1.0, "_time": 57.1601563, "pos": 0}, {"$id": 145, "sounds": [{"d": 0.194805145, "p": 76, "v": 100}], "pos": 0.5, "size": 1.0, "_time": 57.3515625}, {"$id": 146, "sounds": [{"d": 0.194805145, "p": 77, "v": 107}], "pos": 1.0, "size": 1.0, "_time": 57.546875}, {"$id": 147, "sounds": [{"d": 0.194805145, "p": 79, "v": 116}], "pos": 1.5, "size": 1.0, "_time": 57.7421875}, {"$id": 148, "sounds": [{"d": 0.07305145, "p": 34, "v": 103}], "pos": 3.25, "size": 1.0, "_time": 57.9375}, {"$id": 149, "sounds": [{"d": 0.194805145, "p": 79, "v": 103}], "pos": 1.0, "size": 1.0, "_time": 57.9375}, {"$id": 150, "sounds": [{"d": 0.3003235, "p": 81, "v": 118}], "pos": 2.0, "size": 1.0, "_time": 57.9765625}, {"$id": 151, "sounds": [{"d": 0.129871368, "p": 81, "v": 122}], "pos": 2.0, "size": 1.0, "_time": 58.328125}, {"$id": 152, "sounds": [{"d": 0.3246765, "p": 81, "v": 116}], "pos": 2.0, "size": 1.0, "_time": 58.5234375}, {"$id": 153, "sounds": [{"d": 0.129871368, "p": 79, "v": 84}], "pos": 1.0, "size": 1.0, "_time": 58.9101563}, {"$id": 154, "sounds": [{"d": 0.129871368, "p": 77, "v": 95}], "size": 1.0, "_time": 59.10547, "pos": 0}, {"$id": 155, "sounds": [{"d": 1.55844116, "p": 79, "v": 112}], "pos": 1.0, "size": 1.0, "_time": 59.30078}, {"$id": 156, "sounds": [{"d": 0.194805145, "p": 67, "v": 75}], "pos": -1.5, "size": 1.0, "_time": 59.88672}, {"$id": 157, "sounds": [{"d": 0.194805145, "p": 69, "v": 85}], "pos": -1.0, "size": 1.0, "_time": 60.08203}, {"$id": 158, "sounds": [{"d": 0.194805145, "p": 72, "v": 92}], "pos": -0.5, "size": 1.0, "_time": 60.2734375}, {"$id": 159, "sounds": [{"d": 0.194805145, "p": 74, "v": 100}], "size": 1.0, "_time": 60.46875, "pos": 0}, {"$id": 160, "sounds": [{"d": 0.194805145, "p": 76, "v": 109}], "pos": 0.5, "size": 1.0, "_time": 60.6640625}, {"$id": 161, "sounds": [{"d": 0.194805145, "p": 77, "v": 117}], "pos": 1.0, "size": 1.0, "_time": 60.859375}, {"$id": 162, "sounds": [{"d": 0.07305145, "p": 33, "v": 100}], "pos": 3.125, "size": 1.0, "_time": 61.0546875}, {"$id": 163, "sounds": [{"d": 0.194805145, "p": 77, "v": 97}], "size": 1.0, "_time": 61.0546875, "pos": 0}, {"$id": 164, "sounds": [{"d": 0.340908051, "p": 79, "v": 121}], "pos": 1.0, "size": 1.0, "_time": 61.09375}, {"$id": 165, "sounds": [{"d": 0.105518341, "p": 79, "v": 118}], "pos": 1.0, "size": 1.0, "_time": 61.4453125}, {"$id": 166, "sounds": [{"d": 0.3003235, "p": 79, "v": 107}], "pos": 1.0, "size": 1.0, "_time": 61.640625}, {"$id": 167, "sounds": [{"d": 0.105518341, "p": 77, "v": 98}], "size": 1.0, "_time": 62.0273438, "pos": 0}, {"$id": 168, "sounds": [{"d": 0.105518341, "p": 76, "v": 104}], "pos": -1.0, "size": 1.0, "_time": 62.2226563}, {"$id": 169, "sounds": [{"d": 1.55844116, "p": 77, "v": 109}], "size": 1.0, "_time": 62.41797, "pos": 0}, {"$id": 170, "sounds": [{"d": 0.194805145, "p": 65, "v": 73}], "pos": -2.0, "size": 1.0, "_time": 63.0039063}, {"$id": 171, "sounds": [{"d": 0.194805145, "p": 67, "v": 77}], "pos": -1.5, "size": 1.0, "_time": 63.19922}, {"$id": 172, "sounds": [{"d": 0.194805145, "p": 69, "v": 83}], "pos": -1.0, "size": 1.0, "_time": 63.390625}, {"$id": 173, "sounds": [{"d": 0.194805145, "p": 72, "v": 94}], "pos": -0.5, "size": 1.0, "_time": 63.5859375}, {"$id": 174, "sounds": [{"d": 0.194805145, "p": 74, "v": 100}], "size": 1.0, "_time": 63.78125, "pos": 0}, {"$id": 175, "sounds": [{"d": 0.194805145, "p": 76, "v": 109}], "pos": 0.5, "size": 1.0, "_time": 63.9765625}, {"$id": 176, "sounds": [{"d": 0.07305145, "p": 34, "v": 101}], "pos": 3.25, "size": 1.0, "_time": 64.171875}, {"$id": 177, "sounds": [{"d": 0.3896103, "p": 77, "v": 112}], "size": 1.0, "_time": 64.171875, "pos": 0}, {"$id": 178, "sounds": [{"d": 0.105522156, "p": 77, "v": 95}], "size": 1.0, "_time": 64.5625, "pos": 0}, {"$id": 179, "sounds": [{"d": 0.300331116, "p": 77, "v": 107}], "size": 1.0, "_time": 64.75781, "pos": 0}, {"$id": 180, "sounds": [{"d": 0.19480896, "p": 76, "v": 104}], "pos": -1.0, "size": 1.0, "_time": 65.14453}, {"$id": 181, "sounds": [{"d": 0.06493378, "p": 74, "v": 98}], "pos": -2.0, "size": 1.0, "_time": 65.33984}, {"$id": 182, "sounds": [{"d": 0.58441925, "p": 76, "v": 110}], "pos": -1.0, "size": 1.0, "_time": 65.53516}, {"$id": 183, "sounds": [{"d": 0.3896103, "p": 76, "v": 112}], "pos": -1.0, "size": 1.0, "_time": 66.12109}, {"$id": 184, "sounds": [{"d": 0.105522156, "p": 76, "v": 99}], "size": 1.0, "_time": 66.50781, "pos": 0}, {"$id": 185, "sounds": [{"d": 0.137992859, "p": 79, "v": 118}], "pos": 1.0, "size": 1.0, "_time": 66.56641}, {"$id": 186, "sounds": [{"d": 0.19480896, "p": 76, "v": 112}], "size": 1.0, "_time": 66.703125, "pos": 0}, {"$id": 187, "sounds": [{"d": 0.170455933, "p": 74, "v": 104}], "pos": -1.0, "size": 1.0, "_time": 66.89844}, {"$id": 188, "sounds": [{"d": 0.170455933, "p": 69, "v": 96}], "pos": -2.0, "size": 1.0, "_time": 67.09375}, {"$id": 189, "sounds": [{"d": 0.07305145, "p": 33, "v": 103}], "pos": 3.125, "size": 1.0, "_time": 67.28906}, {"$id": 190, "sounds": [{"d": 0.202919, "p": 74, "v": 112}], "size": 1.0, "_time": 67.28906, "pos": 0}, {"$id": 191, "sounds": [{"d": 0.0568161, "p": 72, "v": 97}], "pos": -1.0, "size": 1.0, "_time": 67.484375}, {"$id": 192, "sounds": [{"d": 0.07305145, "p": 72, "v": 102}], "pos": -1.0, "size": 1.0, "_time": 67.67969}, {"$id": 193, "sounds": [{"d": 0.3896103, "p": 72, "v": 112}], "pos": -1.0, "size": 1.0, "_time": 67.87109}, {"$id": 194, "sounds": [{"d": 0.09740448, "p": 72, "v": 101}], "pos": -1.0, "size": 1.0, "_time": 68.26172}, {"$id": 195, "sounds": [{"d": 0.105522156, "p": 74, "v": 106}], "size": 1.0, "_time": 68.45703, "pos": 0}, {"$id": 196, "sounds": [{"d": 1.903305, "p": 75, "v": 108}], "pos": 1.0, "size": 1.0, "_time": 68.65234}, {"$id": 197, "sounds": [{"d": 1.68414307, "p": 42, "v": 109}, {"d": 1.68414307, "p": 38, "v": 109}], "pos": -1.5, "size": 1.60000014, "_time": 68.84766}, {"$id": 198, "sounds": [{"d": 0.228294373, "p": 45, "v": 75}], "pos": -2.0, "size": 1.0, "_time": 69.27344}, {"$id": 199, "sounds": [{"d": 0.228294373, "p": 57, "v": 78}], "size": 1.0, "_time": 69.27344, "pos": 0}, {"$id": 200, "sounds": [{"d": 0.222923279, "p": 60, "v": 84}], "pos": 0.5, "size": 1.0, "_time": 69.50391}, {"$id": 201, "sounds": [{"d": 0.222923279, "p": 48, "v": 84}], "pos": -1.5, "size": 1.0, "_time": 69.50391}, {"$id": 202, "sounds": [{"d": 0.2167511, "p": 50, "v": 91}], "pos": -1.0, "size": 1.0, "_time": 69.72656}, {"$id": 203, "sounds": [{"d": 0.2167511, "p": 62, "v": 91}], "pos": 1.0, "size": 1.0, "_time": 69.72656}, {"$id": 204, "sounds": [{"d": 0.210906982, "p": 64, "v": 98}], "pos": 0.5, "size": 1.0, "_time": 69.94141}, {"$id": 205, "sounds": [{"d": 0.210906982, "p": 52, "v": 98}], "pos": -1.5, "size": 1.0, "_time": 69.94141}, {"$id": 206, "sounds": [{"d": 0.205856323, "p": 65, "v": 105}], "pos": 1.0, "size": 1.0, "_time": 70.15234}, {"$id": 207, "sounds": [{"d": 0.205856323, "p": 53, "v": 105}], "pos": -1.0, "size": 1.0, "_time": 70.15234}, {"$id": 208, "sounds": [{"d": 0.195785522, "p": 55, "v": 112}], "pos": -0.5, "size": 1.0, "_time": 70.359375}, {"$id": 209, "sounds": [{"d": 0.195785522, "p": 67, "v": 112}], "pos": 1.5, "size": 1.0, "_time": 70.359375}, {"$id": 210, "sounds": [{"d": 0.381500244, "p": 65, "v": 119}], "pos": -1.5, "size": 1.0, "_time": 70.55469}, {"$id": 211, "sounds": [{"d": 0.381500244, "p": 69, "v": 119}], "pos": 0.5, "size": 1.0, "_time": 70.55469}, {"$id": 212, "sounds": [{"d": 0.186691284, "p": 65, "v": 115}], "pos": -1.5, "size": 1.0, "_time": 70.94531}, {"$id": 213, "sounds": [{"d": 0.186691284, "p": 69, "v": 115}], "pos": 0.5, "size": 1.0, "_time": 70.94531}, {"$id": 214, "sounds": [{"d": 0.381500244, "p": 69, "v": 112}], "pos": 0.5, "size": 1.0, "_time": 71.140625}, {"$id": 215, "sounds": [{"d": 0.381500244, "p": 65, "v": 112}], "pos": -1.5, "size": 1.0, "_time": 71.140625}, {"$id": 216, "sounds": [{"d": 0.186691284, "p": 67, "v": 118}], "pos": 0.5, "size": 1.0, "_time": 71.53125}, {"$id": 217, "sounds": [{"d": 0.186691284, "p": 65, "v": 119}], "pos": -1.5, "size": 1.0, "_time": 71.72266}, {"$id": 218, "sounds": [{"d": 0.771118164, "p": 67, "v": 118}, {"d": 0.5763092, "p": 64, "v": 118}], "pos": 0.5, "size": 1.0, "_time": 71.91797}, {"$id": 219, "sounds": [{"d": 0.186691284, "p": 64, "v": 93}], "pos": -2.0, "size": 1.0, "_time": 72.50391}, {"$id": 220, "sounds": [{"d": 0.186691284, "p": 65, "v": 99}], "pos": -1.5, "size": 1.0, "_time": 72.69922}, {"$id": 221, "sounds": [{"d": 0.186691284, "p": 67, "v": 106}], "pos": -1.0, "size": 1.0, "_time": 72.89453}, {"$id": 222, "sounds": [{"d": 0.186691284, "p": 69, "v": 112}], "pos": -0.5, "size": 1.0, "_time": 73.08594}, {"$id": 223, "sounds": [{"d": 0.186691284, "p": 70, "v": 117}], "size": 1.0, "_time": 73.28125, "pos": 0}, {"$id": 224, "sounds": [{"d": 0.186691284, "p": 71, "v": 109}], "pos": 0.5, "size": 1.0, "_time": 73.47656}, {"$id": 225, "sounds": [{"d": 0.381500244, "p": 67, "v": 103}], "pos": -1.0, "size": 1.0, "_time": 73.671875}, {"$id": 226, "sounds": [{"d": 0.381500244, "p": 72, "v": 103}], "pos": 1.0, "size": 1.0, "_time": 73.671875}, {"$id": 227, "sounds": [{"d": 0.186691284, "p": 67, "v": 87}], "pos": -1.0, "size": 1.0, "_time": 74.0625}, {"$id": 228, "sounds": [{"d": 0.186691284, "p": 72, "v": 87}], "pos": 1.0, "size": 1.0, "_time": 74.0625}, {"$id": 229, "sounds": [{"d": 0.381500244, "p": 72, "v": 99}], "pos": 1.0, "size": 1.0, "_time": 74.25781}, {"$id": 230, "sounds": [{"d": 0.381500244, "p": 67, "v": 99}], "pos": -1.0, "size": 1.0, "_time": 74.25781}, {"$id": 231, "sounds": [{"d": 0.105514526, "p": 69, "v": 90}], "pos": 1.0, "size": 1.0, "_time": 74.64453}, {"$id": 232, "sounds": [{"d": 0.186683655, "p": 70, "v": 116}], "pos": 2.0, "size": 1.0, "_time": 74.69531}, {"$id": 233, "sounds": [{"d": 0.186683655, "p": 68, "v": 95}], "pos": -1.0, "size": 1.0, "_time": 74.83984}, {"$id": 234, "sounds": [{"d": 1.16073608, "p": 69, "v": 108}, {"d": 0.9659271, "p": 65, "v": 108}], "pos": 1.0, "size": 1.0, "_time": 75.03516}, {"$id": 235, "sounds": [{"d": 0.186691284, "p": 69, "v": 107}], "pos": -0.5, "size": 1.0, "_time": 76.203125}, {"$id": 236, "sounds": [{"d": 0.381500244, "p": 70, "v": 102}], "pos": 0.5, "size": 1.0, "_time": 76.39844}, {"$id": 237, "sounds": [{"d": 0.381500244, "p": 69, "v": 119}], "pos": -0.5, "size": 1.0, "_time": 76.78906}, {"$id": 238, "sounds": [{"d": 0.186691284, "p": 70, "v": 114}], "pos": 1.5, "size": 1.0, "_time": 77.17969}, {"$id": 239, "sounds": [{"d": 0.381500244, "p": 69, "v": 112}], "pos": -0.5, "size": 1.0, "_time": 77.375}, {"$id": 240, "sounds": [{"d": 0.381500244, "p": 65, "v": 108}], "pos": -1.5, "size": 1.0, "_time": 77.76172}, {"$id": 241, "sounds": [{"d": 0.186691284, "p": 62, "v": 115}], "pos": 0.5, "size": 1.0, "_time": 78.15234}, {"$id": 242, "sounds": [{"d": 0.381500244, "p": 60, "v": 103}], "pos": -1.5, "size": 1.0, "_time": 78.34766}, {"$id": 243, "sounds": [{"d": 0.186691284, "p": 65, "v": 105}], "pos": -0.5, "size": 1.0, "_time": 78.73828}, {"$id": 244, "sounds": [{"d": 0.381500244, "p": 65, "v": 117}], "pos": -0.5, "size": 1.0, "_time": 78.93359}, {"$id": 245, "sounds": [{"d": 0.186691284, "p": 65, "v": 100}], "pos": -0.5, "size": 1.0, "_time": 79.32031}, {"$id": 246, "sounds": [{"d": 0.186691284, "p": 67, "v": 106}], "pos": 0.5, "size": 1.0, "_time": 79.515625}, {"$id": 247, "sounds": [{"d": 0.186691284, "p": 65, "v": 111}], "pos": -0.5, "size": 1.0, "_time": 79.71094}, {"$id": 248, "sounds": [{"d": 0.381500244, "p": 69, "v": 117}], "pos": 1.5, "size": 1.0, "_time": 79.90625}, {"$id": 249, "sounds": [{"d": 0.1887207, "p": 69, "v": 111}], "pos": 1.5, "size": 1.0, "_time": 80.296875}, {"$id": 250, "sounds": [{"d": 0.388816833, "p": 69, "v": 110}], "pos": 1.5, "size": 1.0, "_time": 80.49219}, {"$id": 251, "sounds": [{"d": 0.394142151, "p": 67, "v": 116}], "pos": 0.5, "size": 1.0, "_time": 80.890625}, {"$id": 252, "sounds": [{"d": 0.1941452, "p": 65, "v": 83}], "pos": -0.5, "size": 1.0, "_time": 81.08984}, {"$id": 253, "sounds": [{"d": 0.628677368, "p": 67, "v": 94}], "pos": 0.5, "size": 1.0, "_time": 81.29297}, {"$id": 254, "sounds": [{"d": 1.881134, "p": 48, "v": 88}, {"d": 1.881134, "p": 55, "v": 88}, {"d": 1.881134, "p": 52, "v": 88}], "pos": -1.5, "size": 1.30000007, "_time": 81.49609}, {"$id": 255, "sounds": [{"d": 1.881134, "p": 60, "v": 88}], "pos": 1.5, "size": 1.0, "_time": 81.49609}, {"$id": 256, "sounds": [{"d": 0.467262268, "p": 65, "v": 90}], "pos": 0.5, "size": 1.0, "_time": 81.92969}, {"$id": 257, "sounds": [{"d": 0.968765259, "p": 64, "v": 88}], "pos": -0.5, "size": 1.0, "_time": 82.39844}, {"$id": 258, "sounds": [{"d": 0.477790833, "p": 77, "v": 83}], "pos": 1.0, "size": 1.0, "_time": 82.88672}, {"$id": 259, "sounds": [{"d": 0.4542694, "p": 76, "v": 91}], "pos": -2.0, "size": 1.0, "_time": 83.375}, {"$id": 260, "sounds": [{"d": 0.441635132, "p": 77, "v": 74}], "pos": -1.0, "size": 1.0, "_time": 83.61328}, {"$id": 261, "sounds": [{"d": 0.4297943, "p": 84, "v": 96}], "pos": 1.0, "size": 1.0, "_time": 83.83984}, {"$id": 262, "sounds": [{"d": 0.4188385, "p": 76, "v": 91}], "pos": -1.0, "size": 1.0, "_time": 84.0625}, {"$id": 263, "sounds": [{"d": 0.408432, "p": 77, "v": 74}], "size": 1.0, "_time": 84.27734, "pos": 0}, {"$id": 264, "sounds": [{"d": 0.398521423, "p": 84, "v": 98}], "pos": 2.0, "size": 1.0, "_time": 84.48828}, {"$id": 265, "sounds": [{"d": 0.387802124, "p": 76, "v": 84}], "pos": -2.0, "size": 1.0, "_time": 84.69531}, {"$id": 266, "sounds": [{"d": 0.381599426, "p": 77, "v": 74}], "pos": -1.0, "size": 1.0, "_time": 84.89844}, {"$id": 267, "sounds": [{"d": 0.381500244, "p": 84, "v": 100}], "pos": 1.0, "size": 1.0, "_time": 85.08984}, {"$id": 268, "sounds": [{"d": 0.381500244, "p": 76, "v": 80}], "pos": -1.0, "size": 1.0, "_time": 85.28516}, {"$id": 269, "sounds": [{"d": 0.381500244, "p": 77, "v": 74}], "size": 1.0, "_time": 85.48047, "pos": 0}, {"$id": 270, "sounds": [{"d": 0.381500244, "p": 84, "v": 103}], "pos": 2.0, "size": 1.0, "_time": 85.67578}, {"$id": 271, "sounds": [{"d": 0.381500244, "p": 76, "v": 84}], "pos": -2.0, "size": 1.0, "_time": 85.87109}, {"$id": 272, "sounds": [{"d": 0.381500244, "p": 77, "v": 80}], "pos": -1.0, "size": 1.0, "_time": 86.06641}, {"$id": 273, "sounds": [{"d": 0.19480896, "p": 84, "v": 88}], "size": 1.0, "_time": 86.26172, "pos": 0}, {"$id": 274, "sounds": [{"d": 0.121749878, "p": 84, "v": 65}, {"w": 0.0546875, "d": 0.3814926, "p": 86, "v": 95}], "pos": 2.0, "size": 1.0, "_time": 86.45703}, {"$id": 275, "sounds": [{"d": 0.3814926, "p": 84, "v": 100}], "size": 1.0, "_time": 86.64844, "pos": 0}, {"$id": 276, "sounds": [{"d": 0.186691284, "p": 79, "v": 84}], "pos": -1.0, "size": 1.0, "_time": 87.03906}, {"$id": 277, "sounds": [{"d": 0.3814926, "p": 79, "v": 79}], "pos": -1.0, "size": 1.0, "_time": 87.234375}, {"$id": 278, "sounds": [{"d": 0.3814926, "p": 82, "v": 75}], "pos": 1.0, "size": 1.0, "_time": 87.625}, {"$id": 279, "sounds": [{"d": 1.60038, "p": 81, "v": 60}], "size": 1.0, "_time": 88.01172, "pos": 0}, {"$id": 280, "sounds": [{"d": 0.7711029, "p": 65, "v": 65}], "pos": 2.0, "size": 1.30000007, "_time": 88.20703}, {"$id": 281, "sounds": [{"d": 0.8565445, "p": 64, "v": 64}], "size": 1.30000007, "_time": 88.98828, "pos": 0}, {"$id": 282, "sounds": [{"d": 0.444061279, "p": 77, "v": 83}], "pos": 1.0, "size": 1.0, "_time": 89.39844}, {"$id": 283, "sounds": [{"d": 0.441986084, "p": 76, "v": 96}], "pos": -2.0, "size": 1.0, "_time": 89.85547}, {"$id": 284, "sounds": [{"d": 0.434608459, "p": 77, "v": 81}], "pos": -1.0, "size": 1.0, "_time": 90.08203}, {"$id": 285, "sounds": [{"d": 0.427734375, "p": 84, "v": 99}], "pos": 1.0, "size": 1.0, "_time": 90.30469}, {"$id": 286, "sounds": [{"d": 0.421089172, "p": 76, "v": 77}], "pos": -1.0, "size": 1.0, "_time": 90.52344}, {"$id": 287, "sounds": [{"d": 0.4145279, "p": 77, "v": 78}], "size": 1.0, "_time": 90.74219, "pos": 0}, {"$id": 288, "sounds": [{"d": 0.408149719, "p": 84, "v": 98}], "pos": 2.0, "size": 1.0, "_time": 90.953125}, {"$id": 289, "sounds": [{"d": 0.402084351, "p": 76, "v": 78}], "pos": -2.0, "size": 1.0, "_time": 91.16406}, {"$id": 290, "sounds": [{"d": 0.396194458, "p": 77, "v": 95}], "pos": -1.0, "size": 1.0, "_time": 91.37109}, {"$id": 291, "sounds": [{"d": 0.3904724, "p": 84, "v": 100}], "pos": 1.0, "size": 1.0, "_time": 91.57422}, {"$id": 292, "sounds": [{"d": 0.384819031, "p": 76, "v": 78}], "pos": -1.0, "size": 1.0, "_time": 91.77734}, {"$id": 293, "sounds": [{"d": 0.381713867, "p": 77, "v": 96}], "size": 1.0, "_time": 91.97266, "pos": 0}, {"$id": 294, "sounds": [{"d": 0.381500244, "p": 84, "v": 99}], "pos": 2.0, "size": 1.0, "_time": 92.16797}, {"$id": 295, "sounds": [{"d": 0.381500244, "p": 76, "v": 74}], "pos": -2.0, "size": 1.0, "_time": 92.36328}, {"$id": 296, "sounds": [{"d": 0.381500244, "p": 77, "v": 80}], "pos": -1.0, "size": 1.0, "_time": 92.55859}, {"$id": 297, "sounds": [{"d": 0.381500244, "p": 84, "v": 88}], "pos": 1.0, "size": 1.0, "_time": 92.75391}, {"$id": 298, "sounds": [{"d": 0.381500244, "p": 82, "v": 96}], "size": 1.0, "_time": 92.94922, "pos": 0}, {"$id": 299, "sounds": [{"d": 0.381500244, "p": 81, "v": 107}], "pos": -1.0, "size": 1.0, "_time": 93.14453}, {"$id": 300, "sounds": [{"d": 0.186691284, "p": 82, "v": 110}], "pos": 1.0, "size": 1.0, "_time": 93.53125}, {"$id": 301, "sounds": [{"d": 0.3814926, "p": 81, "v": 81}], "size": 1.0, "_time": 93.72656, "pos": 0}, {"$id": 302, "sounds": [{"d": 0.3814926, "p": 79, "v": 102}], "pos": -1.0, "size": 1.0, "_time": 94.11719}, {"$id": 303, "sounds": [{"d": 1.35552216, "p": 77, "v": 95}], "pos": -2.0, "size": 1.0, "_time": 94.50781}, {"$id": 304, "sounds": [{"d": 0.7711029, "p": 41, "v": 111}, {"d": 0.7711029, "p": 53, "v": 111}], "pos": 2.0, "size": 1.60000014, "_time": 94.703125}, {"$id": 305, "sounds": [{"d": 0.7711029, "p": 55, "v": 111}, {"d": 0.7711029, "p": 43, "v": 111}, {"d": 0.7711029, "p": 52, "v": 111}], "size": 1.60000014, "_time": 95.48047, "pos": 0}, {"$id": 306, "sounds": [{"d": 0.3814926, "p": 65, "v": 91}, {"w": 0.0234375, "d": 0.3814926, "p": 77, "v": 102}], "pos": 1.0, "size": 1.0, "_time": 95.87109}, {"$id": 307, "sounds": [{"d": 0.186691284, "p": 64, "v": 100}, {"w": 0.0234375, "d": 0.186691284, "p": 76, "v": 107}], "size": 1.0, "_time": 96.26172, "pos": 0}, {"$id": 308, "sounds": [{"d": 0.771118164, "p": 45, "v": 118}, {"d": 0.771118164, "p": 50, "v": 118}, {"d": 0.771118164, "p": 57, "v": 118}], "pos": -2.0, "size": 1.60000014, "_time": 96.26172}, {"$id": 309, "sounds": [{"d": 0.186691284, "p": 65, "v": 107}, {"w": 0.02734375, "d": 0.186691284, "p": 77, "v": 113}], "pos": 1.0, "size": 1.0, "_time": 96.453125}, {"$id": 310, "sounds": [{"d": 0.186691284, "p": 72, "v": 90}, {"w": 0.02734375, "d": 0.186691284, "p": 84, "v": 120}], "pos": 2.0, "size": 1.0, "_time": 96.64844}, {"$id": 311, "sounds": [{"d": 0.186691284, "p": 64, "v": 100}, {"w": 0.0234375, "d": 0.186691284, "p": 76, "v": 104}], "size": 1.0, "_time": 96.84375, "pos": 0}, {"$id": 312, "sounds": [{"d": 0.186691284, "p": 65, "v": 107}, {"w": 0.0234375, "d": 0.186691284, "p": 77, "v": 107}], "pos": 1.0, "size": 1.0, "_time": 97.03906}, {"$id": 313, "sounds": [{"d": 0.771118164, "p": 50, "v": 107}, {"d": 0.771118164, "p": 45, "v": 107}, {"d": 0.771118164, "p": 57, "v": 107}], "pos": -2.0, "size": 1.60000014, "_time": 97.03906}, {"$id": 314, "sounds": [{"d": 0.186691284, "p": 72, "v": 108}, {"w": 0.0234375, "d": 0.186691284, "p": 84, "v": 121}], "pos": 2.0, "size": 1.0, "_time": 97.234375}, {"$id": 315, "sounds": [{"d": 0.186691284, "p": 64, "v": 98}, {"w": 0.0234375, "d": 0.186691284, "p": 76, "v": 104}], "size": 1.0, "_time": 97.42969, "pos": 0}, {"$id": 316, "sounds": [{"d": 0.186691284, "p": 65, "v": 100}, {"w": 0.0234375, "d": 0.186691284, "p": 77, "v": 107}], "pos": 1.0, "size": 1.0, "_time": 97.625}, {"$id": 317, "sounds": [{"d": 0.186691284, "p": 72, "v": 102}, {"w": 0.0234375, "d": 0.186691284, "p": 84, "v": 120}], "pos": 2.0, "size": 1.0, "_time": 97.82031}, {"$id": 318, "sounds": [{"d": 0.771118164, "p": 58, "v": 116}, {"d": 0.771118164, "p": 53, "v": 116}, {"d": 0.771118164, "p": 50, "v": 116}], "pos": -2.0, "size": 1.60000014, "_time": 97.82031}, {"$id": 319, "sounds": [{"d": 0.186691284, "p": 64, "v": 96}, {"w": 0.02734375, "d": 0.186691284, "p": 76, "v": 107}], "size": 1.0, "_time": 98.01172, "pos": 0}, {"$id": 320, "sounds": [{"d": 0.186691284, "p": 65, "v": 98}, {"w": 0.02734375, "d": 0.186691284, "p": 77, "v": 111}], "pos": 1.0, "size": 1.0, "_time": 98.20703}, {"$id": 321, "sounds": [{"d": 0.186691284, "p": 72, "v": 113}, {"w": 0.0234375, "d": 0.186691284, "p": 84, "v": 122}], "pos": 2.0, "size": 1.0, "_time": 98.40234}, {"$id": 322, "sounds": [{"d": 0.186691284, "p": 64, "v": 92}, {"w": 0.03125, "d": 0.186691284, "p": 76, "v": 102}], "size": 1.0, "_time": 98.59766, "pos": 0}, {"$id": 323, "sounds": [{"d": 0.771118164, "p": 53, "v": 112}, {"d": 0.771118164, "p": 50, "v": 112}, {"d": 0.771118164, "p": 58, "v": 112}], "pos": -2.0, "size": 1.60000014, "_time": 98.59766}, {"$id": 324, "sounds": [{"d": 0.186691284, "p": 65, "v": 96}, {"w": 0.03125, "d": 0.186691284, "p": 77, "v": 107}], "pos": 1.0, "size": 1.0, "_time": 98.79297}, {"$id": 325, "sounds": [{"d": 0.186691284, "p": 72, "v": 100}, {"w": 0.03125, "d": 0.186691284, "p": 84, "v": 112}], "pos": 2.0, "size": 1.0, "_time": 98.98828}, {"$id": 326, "sounds": [{"d": 0.186691284, "p": 74, "v": 106}, {"w": 0.03125, "d": 0.186691284, "p": 86, "v": 116}], "pos": 2.0, "size": 1.0, "_time": 99.18359}, {"$id": 327, "sounds": [{"d": 0.259742737, "p": 72, "v": 99}, {"w": 0.03125, "d": 0.259742737, "p": 84, "v": 112}], "pos": 1.0, "size": 1.0, "_time": 99.37891}, {"$id": 328, "sounds": [{"d": 0.771110535, "p": 55, "v": 116}, {"d": 0.771110535, "p": 52, "v": 116}, {"d": 0.771110535, "p": 60, "v": 116}], "pos": -1.0, "size": 1.60000014, "_time": 99.37891}, {"$id": 329, "sounds": [{"d": 0.259742737, "p": 77, "v": 117}, {"w": 0.03125, "d": 0.259742737, "p": 89, "v": 127}], "pos": 2.0, "size": 1.0, "_time": 99.63672}, {"$id": 330, "sounds": [{"d": 0.259742737, "p": 76, "v": 110}, {"w": 0.03515625, "d": 0.259742737, "p": 88, "v": 122}], "pos": 1.0, "size": 1.0, "_time": 99.89453}, {"$id": 331, "sounds": [{"d": 0.259742737, "p": 74, "v": 101}, {"w": 0.03125, "d": 0.259742737, "p": 86, "v": 113}], "size": 1.0, "_time": 100.15625, "pos": 0}, {"$id": 332, "sounds": [{"d": 0.771110535, "p": 60, "v": 112}, {"d": 0.771110535, "p": 52, "v": 112}, {"d": 0.771110535, "p": 55, "v": 112}], "pos": -2.0, "size": 1.60000014, "_time": 100.15625}, {"$id": 333, "sounds": [{"d": 0.259742737, "p": 72, "v": 101}, {"w": 0.03515625, "d": 0.259742737, "p": 84, "v": 113}], "pos": 1.0, "size": 1.0, "_time": 100.414063}, {"$id": 334, "sounds": [{"d": 0.259742737, "p": 67, "v": 101}, {"w": 0.03125, "d": 0.259742737, "p": 79, "v": 102}], "size": 1.0, "_time": 100.675781, "pos": 0}, {"$id": 335, "sounds": [{"d": 0.4545517, "p": 69, "v": 111}, {"d": 0.4545517, "p": 81, "v": 111}], "pos": 2.0, "size": 1.0, "_time": 100.933594}, {"$id": 336, "sounds": [{"d": 0.771110535, "p": 53, "v": 102}, {"d": 0.771110535, "p": 57, "v": 102}, {"d": 0.771110535, "p": 62, "v": 102}], "pos": -1.0, "size": 1.60000014, "_time": 100.933594}, {"$id": 337, "sounds": [{"d": 0.5925369, "p": 72, "v": 74}], "pos": 0.5, "size": 1.0, "_time": 101.128906}, {"$id": 338, "sounds": [{"d": 0.202919, "p": 79, "v": 81}], "pos": 1.5, "size": 1.0, "_time": 101.324219}, {"$id": 339, "sounds": [{"d": 0.592544556, "p": 81, "v": 90}], "pos": 2.0, "size": 1.0, "_time": 101.519531}, {"$id": 340, "sounds": [{"d": 0.771118164, "p": 60, "v": 81}, {"d": 0.771118164, "p": 55, "v": 81}, {"d": 0.771118164, "p": 52, "v": 81}], "pos": -2.0, "size": 1.60000014, "_time": 101.714844}, {"$id": 341, "sounds": [{"d": 0.357147217, "p": 76, "v": 96}], "pos": 1.0, "size": 1.0, "_time": 101.714844}, {"$id": 342, "sounds": [{"d": 0.592544556, "p": 72, "v": 72}], "pos": 0.5, "size": 1.0, "_time": 101.910156}, {"$id": 343, "sounds": [{"d": 0.202926636, "p": 76, "v": 74}], "pos": 1.0, "size": 1.0, "_time": 102.105469}, {"$id": 344, "sounds": [{"d": 0.162338257, "p": 77, "v": 82}], "size": 1.0, "_time": 102.300781, "pos": 0}, {"$id": 345, "sounds": [{"d": 0.397727966, "p": 77, "v": 87}], "size": 1.0, "_time": 102.492188, "pos": 0}, {"$id": 346, "sounds": [{"d": 0.187431335, "p": 72, "v": 68}], "pos": -2.0, "size": 1.0, "_time": 102.882813}, {"$id": 347, "sounds": [{"d": 0.802185059, "p": 72, "v": 75}], "pos": -2.0, "size": 1.0, "_time": 103.078125}, {"$id": 348, "sounds": [{"d": 0.208328247, "p": 77, "v": 73}], "size": 1.0, "_time": 103.871094, "pos": 0}, {"$id": 349, "sounds": [{"d": 0.617355347, "p": 79, "v": 80}], "pos": 1.0, "size": 1.0, "_time": 104.074219}, {"$id": 350, "sounds": [{"d": 0.194946289, "p": 72, "v": 68}], "pos": -1.0, "size": 1.0, "_time": 104.476563}, {"$id": 351, "sounds": [{"d": 0.835121155, "p": 72, "v": 77}], "pos": -1.0, "size": 1.0, "_time": 104.683594}, {"$id": 352, "sounds": [{"d": 0.217018127, "p": 79, "v": 65}], "size": 1.0, "_time": 105.507813, "pos": 0}, {"$id": 353, "sounds": [{"d": 0.4317627, "p": 81, "v": 69}], "pos": 1.0, "size": 1.0, "_time": 105.714844}, {"$id": 354, "sounds": [{"d": 0.226394653, "p": 82, "v": 77}], "pos": 2.0, "size": 1.0, "_time": 106.140625}, {"$id": 355, "sounds": [{"d": 0.460021973, "p": 81, "v": 81}], "size": 1.0, "_time": 106.355469, "pos": 0}, {"$id": 356, "sounds": [{"d": 0.4835968, "p": 79, "v": 73}], "pos": 1.0, "size": 1.0, "_time": 106.808594}, {"$id": 357, "sounds": [{"d": 2.50509644, "p": 77, "v": 59}], "size": 1.0, "_time": 107.28125, "pos": 0}, {"$id": 358, "sounds": [{"d": 2.258957, "p": 41, "v": 51}, {"d": 2.258957, "p": 45, "v": 51}], "pos": -2.0, "size": 1.60000014, "_time": 107.527344}, {"$id": 359, "sounds": [{"d": 0.491165161, "p": 69, "v": 54}], "pos": -2.0, "size": 1.0, "_time": 109.773438}, {"$id": 360, "sounds": [{"d": 0.419792175, "p": 72, "v": 59}], "pos": -1.0, "size": 1.0, "_time": 110.265625}, {"$id": 361, "sounds": [{"d": 0.389602661, "p": 81, "v": 93}], "size": 1.0, "_time": 110.683594, "pos": 0}, {"$id": 362, "sounds": [{"d": 0.3896103, "p": 82, "v": 98}], "pos": 1.0, "size": 1.0, "_time": 111.074219}, {"$id": 363, "sounds": [{"d": 1.16882324, "p": 76, "v": 72}], "pos": 1.0, "size": 1.0, "_time": 111.464844}, {"$id": 364, "sounds": [{"d": 1.09577179, "p": 81, "v": 77}], "pos": 1.5, "size": 1.0, "_time": 111.503906}, {"$id": 365, "sounds": [{"d": 1.16883087, "p": 84, "v": 98}], "pos": 2.0, "size": 1.0, "_time": 111.554688}, {"$id": 366, "sounds": [{"d": 0.3896103, "p": 81, "v": 74}], "size": 1.0, "_time": 112.632813, "pos": 0}, {"$id": 367, "sounds": [{"d": 0.3896103, "p": 69, "v": 54}], "pos": -2.0, "size": 1.0, "_time": 113.023438}, {"$id": 368, "sounds": [{"d": 0.3896103, "p": 74, "v": 59}], "pos": -1.0, "size": 1.0, "_time": 113.414063}, {"$id": 369, "sounds": [{"d": 0.3896103, "p": 81, "v": 93}], "size": 1.0, "_time": 113.800781, "pos": 0}, {"$id": 370, "sounds": [{"d": 0.3896103, "p": 82, "v": 90}], "pos": 1.0, "size": 1.0, "_time": 114.191406}, {"$id": 371, "sounds": [{"d": 0.58441925, "p": 84, "v": 98}], "pos": 2.0, "size": 1.0, "_time": 114.582031}, {"$id": 372, "sounds": [{"d": 0.58441925, "p": 81, "v": 85}], "size": 1.0, "_time": 115.164063, "pos": 0}, {"$id": 373, "sounds": [{"d": 0.3896103, "p": 77, "v": 98}], "pos": -1.0, "size": 1.0, "_time": 115.75}, {"$id": 374, "sounds": [{"d": 0.3896103, "p": 74, "v": 90}], "pos": -2.0, "size": 1.0, "_time": 116.140625}, {"$id": 375, "sounds": [{"d": 0.19480896, "p": 74, "v": 78}, {"d": 0.19480896, "p": 77, "v": 78}], "pos": 1.0, "size": 1.0, "_time": 116.53125}, {"$id": 376, "sounds": [{"d": 0.77923584, "p": 53, "v": 84}, {"d": 0.77923584, "p": 58, "v": 84}], "pos": -1.0, "size": 1.30000007, "_time": 116.53125}, {"$id": 377, "sounds": [{"d": 0.38961792, "p": 74, "v": 81}, {"d": 0.38961792, "p": 77, "v": 81}], "pos": 1.0, "size": 1.0, "_time": 116.722656}, {"$id": 378, "sounds": [{"d": 0.19480896, "p": 79, "v": 96}, {"d": 0.19480896, "p": 74, "v": 96}], "pos": 2.0, "size": 1.0, "_time": 117.113281}, {"$id": 379, "sounds": [{"d": 0.3896103, "p": 74, "v": 78}, {"d": 0.3896103, "p": 77, "v": 78}], "pos": 1.0, "size": 1.0, "_time": 117.308594}, {"$id": 380, "sounds": [{"d": 0.3896103, "p": 58, "v": 77}, {"d": 0.3896103, "p": 53, "v": 77}], "pos": -1.0, "size": 1.30000007, "_time": 117.308594}, {"$id": 381, "sounds": [{"d": 1.55844116, "p": 69, "v": 80}, {"d": 1.55844116, "p": 72, "v": 80}], "pos": 1.5, "size": 1.0, "_time": 117.699219}, {"$id": 382, "sounds": [{"d": 0.7792206, "p": 57, "v": 81}, {"d": 0.7792206, "p": 52, "v": 81}, {"d": 0.7792206, "p": 45, "v": 81}], "pos": -1.5, "size": 1.60000014, "_time": 117.699219}, {"$id": 383, "sounds": [{"d": 0.7792206, "p": 65, "v": 66}, {"d": 0.3896103, "p": 53, "v": 66}, {"d": 0.7792206, "p": 60, "v": 66}], "pos": -0.5, "size": 1.30000007, "_time": 118.476563}, {"$id": 384, "sounds": [{"d": 0.3896103, "p": 54, "v": 76}], "pos": 0.5, "size": 1.30000007, "_time": 118.867188}, {"$id": 385, "sounds": [{"d": 0.3897171, "p": 72, "v": 77}], "pos": 1.5, "size": 1.0, "_time": 119.257813}, {"$id": 386, "sounds": [{"d": 1.61700439, "p": 55, "v": 87}, {"d": 1.61700439, "p": 60, "v": 80}], "pos": -1.5, "size": 1.30000007, "_time": 119.257813}, {"$id": 387, "sounds": [{"d": 0.197914124, "p": 76, "v": 78}, {"d": 0.197914124, "p": 72, "v": 78}], "size": 1.0, "_time": 119.648438, "pos": 0}, {"$id": 388, "sounds": [{"d": 0.4052124, "p": 72, "v": 81}, {"d": 0.4052124, "p": 76, "v": 81}], "size": 1.0, "_time": 119.84375, "pos": 0}, {"$id": 389, "sounds": [{"d": 0.207496643, "p": 72, "v": 96}, {"d": 0.207496643, "p": 77, "v": 96}], "pos": 1.0, "size": 1.0, "_time": 120.25}, {"$id": 390, "sounds": [{"d": 0.416664124, "p": 72, "v": 78}, {"d": 0.416664124, "p": 76, "v": 78}], "size": 1.0, "_time": 120.457031, "pos": 0}, {"$id": 391, "sounds": [{"d": 1.66667175, "p": 52, "v": 64}, {"d": 1.66667175, "p": 48, "v": 64}, {"d": 1.66667175, "p": 43, "v": 64}], "pos": -1.5, "size": 1.30000007, "_time": 120.875}, {"$id": 392, "sounds": [{"d": 1.66667175, "p": 67, "v": 64}], "pos": 0.5, "size": 1.0, "_time": 120.875}, {"$id": 393, "sounds": [{"d": 1.664978, "p": 72, "v": 72}], "pos": 1.0, "size": 1.0, "_time": 120.925781}, {"$id": 394, "sounds": [{"d": 1.66215515, "p": 76, "v": 82}], "pos": 1.5, "size": 1.0, "_time": 120.96875}, {"$id": 395, "sounds": [{"d": 0.3912964, "p": 69, "v": 61}], "pos": -2.0, "size": 1.0, "_time": 122.539063}, {"$id": 396, "sounds": [{"d": 0.3896103, "p": 72, "v": 67}], "pos": -1.0, "size": 1.0, "_time": 122.933594}, {"$id": 397, "sounds": [{"d": 0.3896103, "p": 81, "v": 105}], "size": 1.0, "_time": 123.320313, "pos": 0}, {"$id": 398, "sounds": [{"d": 0.3896103, "p": 82, "v": 115}], "pos": 1.0, "size": 1.0, "_time": 123.710938}, {"$id": 399, "sounds": [{"d": 1.16882324, "p": 76, "v": 85}], "pos": 1.0, "size": 1.0, "_time": 124.101563}, {"$id": 400, "sounds": [{"d": 1.09577179, "p": 81, "v": 90}], "pos": 1.5, "size": 1.0, "_time": 124.140625}, {"$id": 401, "sounds": [{"d": 1.16883087, "p": 84, "v": 115}], "pos": 2.0, "size": 1.0, "_time": 124.191406}, {"$id": 402, "sounds": [{"d": 0.19480896, "p": 86, "v": 99}], "pos": 1.0, "size": 1.0, "_time": 125.269531}, {"$id": 403, "sounds": [{"d": 0.974029541, "p": 84, "v": 96}], "pos": -1.0, "size": 1.0, "_time": 125.464844}, {"$id": 404, "sounds": [{"d": 0.3896103, "p": 84, "v": 105}], "pos": -1.0, "size": 1.0, "_time": 126.4375}, {"$id": 405, "sounds": [{"d": 0.3896103, "p": 86, "v": 102}], "pos": 1.0, "size": 1.0, "_time": 126.828125}, {"$id": 406, "sounds": [{"d": 0.162338257, "p": 86, "v": 80}], "pos": 1.0, "size": 1.0, "_time": 127.21875}, {"$id": 407, "sounds": [{"d": 0.58441925, "p": 87, "v": 111}], "pos": 2.0, "size": 1.0, "_time": 127.273438}, {"$id": 408, "sounds": [{"d": 0.5844116, "p": 86, "v": 100}], "pos": 1.0, "size": 1.0, "_time": 127.800781}, {"$id": 409, "sounds": [{"d": 0.275970459, "p": 81, "v": 107}], "pos": -2.0, "size": 1.0, "_time": 128.386719}, {"$id": 410, "sounds": [{"d": 0.170471191, "p": 77, "v": 78}], "size": 1.0, "_time": 128.664063, "pos": 0}, {"$id": 411, "sounds": [{"d": 0.170471191, "p": 81, "v": 83}], "pos": 0.5, "size": 1.0, "_time": 128.71875}, {"$id": 412, "sounds": [{"d": 0.38961792, "p": 84, "v": 120}], "pos": 1.0, "size": 1.0, "_time": 128.777344}, {"$id": 413, "sounds": [{"d": 0.19480896, "p": 82, "v": 104}], "size": 1.0, "_time": 129.164063, "pos": 0}, {"$id": 414, "sounds": [{"d": 0.38961792, "p": 82, "v": 111}], "size": 1.0, "_time": 129.359375, "pos": 0}, {"$id": 415, "sounds": [{"d": 0.19480896, "p": 81, "v": 75}], "pos": -1.0, "size": 1.0, "_time": 129.75}, {"$id": 416, "sounds": [{"d": 0.19480896, "p": 82, "v": 93}], "size": 1.0, "_time": 129.945313, "pos": 0}, {"$id": 417, "sounds": [{"d": 0.5844269, "p": 89, "v": 110}], "pos": 1.0, "size": 1.0, "_time": 130.140625}, {"$id": 418, "sounds": [{"d": 0.19480896, "p": 89, "v": 100}], "pos": 1.0, "size": 1.0, "_time": 130.722656}, {"$id": 419, "sounds": [{"d": 0.38961792, "p": 89, "v": 95}], "pos": 1.0, "size": 1.0, "_time": 130.917969}, {"$id": 420, "sounds": [{"d": 0.19480896, "p": 89, "v": 84}], "size": 1.0, "_time": 131.3086, "pos": 0}, {"$id": 421, "sounds": [{"d": 0.19480896, "p": 91, "v": 93}], "pos": 2.0, "size": 1.0, "_time": 131.5039}, {"$id": 422, "sounds": [{"d": 0.38961792, "p": 89, "v": 83}], "size": 1.0, "_time": 131.699219, "pos": 0}, {"$id": 423, "sounds": [{"d": 0.19480896, "p": 89, "v": 111}], "pos": 1.0, "size": 1.0, "_time": 132.085938}, {"$id": 424, "sounds": [{"d": 0.19480896, "p": 88, "v": 103}], "size": 1.0, "_time": 132.28125, "pos": 0}, {"$id": 425, "sounds": [{"d": 0.38961792, "p": 84, "v": 81}], "pos": -2.0, "size": 1.0, "_time": 132.476563}, {"$id": 426, "sounds": [{"d": 0.19480896, "p": 89, "v": 96}], "pos": 2.0, "size": 1.0, "_time": 132.671875}, {"$id": 427, "sounds": [{"d": 0.19480896, "p": 88, "v": 79}], "pos": 1.0, "size": 1.0, "_time": 132.867188}, {"$id": 428, "sounds": [{"d": 0.38961792, "p": 84, "v": 75}], "pos": -1.0, "size": 1.0, "_time": 133.0625}, {"$id": 429, "sounds": [{"d": 0.19480896, "p": 89, "v": 91}], "pos": 1.0, "size": 1.0, "_time": 133.257813}, {"$id": 430, "sounds": [{"d": 0.38961792, "p": 88, "v": 103}], "size": 1.0, "_time": 133.453125, "pos": 0}, {"$id": 431, "sounds": [{"d": 0.38961792, "p": 84, "v": 83}], "pos": -2.0, "size": 1.0, "_time": 133.644531}, {"$id": 432, "sounds": [{"d": 0.38961792, "p": 86, "v": 88}], "pos": 2.0, "size": 1.0, "_time": 133.839844}, {"$id": 433, "sounds": [{"d": 0.38961792, "p": 81, "v": 93}], "pos": -1.0, "size": 1.0, "_time": 134.035156}, {"$id": 434, "sounds": [{"d": 0.38961792, "p": 84, "v": 98}], "pos": 1.5, "size": 1.0, "_time": 134.230469}, {"$id": 435, "sounds": [{"d": 0.38961792, "p": 79, "v": 103}], "pos": -1.5, "size": 1.0, "_time": 134.425781}, {"$id": 436, "sounds": [{"d": 0.38961792, "p": 81, "v": 108}], "pos": 1.0, "size": 1.0, "_time": 134.6211}, {"$id": 437, "sounds": [{"d": 0.19480896, "p": 76, "v": 113}], "pos": -2.0, "size": 1.0, "_time": 134.8164}, {"$id": 438, "sounds": [{"d": 0.38961792, "p": 72, "v": 109}], "pos": -1.5, "size": 1.0, "_time": 135.011719}, {"$id": 439, "sounds": [{"d": 1.9480896, "p": 77, "v": 109}], "pos": 0.5, "size": 1.0, "_time": 135.011719}, {"$id": 440, "sounds": [{"d": 0.19480896, "p": 70, "v": 104}], "pos": 0.5, "size": 1.0, "_time": 135.398438}, {"$id": 441, "sounds": [{"d": 0.38961792, "p": 70, "v": 111}], "pos": 0.5, "size": 1.0, "_time": 135.59375}, {"$id": 442, "sounds": [{"d": 0.19480896, "p": 69, "v": 75}], "pos": -0.5, "size": 1.0, "_time": 135.984375}, {"$id": 443, "sounds": [{"d": 0.19480896, "p": 70, "v": 93}], "pos": 0.5, "size": 1.0, "_time": 136.179688}, {"$id": 444, "sounds": [{"d": 0.9740448, "p": 72, "v": 97}], "pos": 1.5, "size": 1.0, "_time": 136.375}, {"$id": 445, "sounds": [{"d": 0.19480896, "p": 62, "v": 52}], "pos": -1.0, "size": 1.0, "_time": 136.957031}, {"$id": 446, "sounds": [{"d": 0.19480896, "p": 65, "v": 58}], "pos": -0.5, "size": 1.0, "_time": 137.152344}, {"$id": 447, "sounds": [{"d": 0.38961792, "p": 52, "v": 89}, {"d": 0.38961792, "p": 46, "v": 88}, {"d": 0.38961792, "p": 58, "v": 88}], "pos": -2.0, "size": 1.60000014, "_time": 137.347656}, {"$id": 448, "sounds": [{"d": 0.19480896, "p": 67, "v": 64}], "size": 1.0, "_time": 137.347656, "pos": 0}, {"$id": 449, "sounds": [{"d": 0.19480896, "p": 69, "v": 71}], "pos": 0.5, "size": 1.0, "_time": 137.542969}, {"$id": 450, "sounds": [{"d": 0.38961792, "p": 53, "v": 89}, {"d": 0.38961792, "p": 60, "v": 91}, {"d": 0.38961792, "p": 48, "v": 91}], "pos": -1.0, "size": 1.60000014, "_time": 137.738281}, {"$id": 451, "sounds": [{"d": 0.19480896, "p": 70, "v": 89}], "pos": 1.0, "size": 1.0, "_time": 137.738281}, {"$id": 452, "sounds": [{"d": 0.19480896, "p": 72, "v": 95}], "pos": 1.5, "size": 1.0, "_time": 137.9336}, {"$id": 453, "sounds": [{"d": 1.70979309, "p": 62, "v": 97}, {"d": 0.8105469, "p": 55, "v": 97}, {"d": 1.70979309, "p": 69, "v": 100}, {"d": 1.70979309, "p": 50, "v": 97}], "size": 1.60000014, "_time": 138.125, "pos": 0}, {"$id": 454, "sounds": [{"d": 1.70979309, "p": 74, "v": 100}], "pos": 2.0, "size": 1.0, "_time": 138.125}, {"$id": 455, "sounds": [{"d": 1.6048584, "p": 50, "v": 94}, {"d": 1.6048584, "p": 54, "v": 94}, {"d": 1.6048584, "p": 45, "v": 94}], "size": 1.60000014, "_time": 139.835938, "pos": 0}, {"$id": 456, "sounds": [{"d": 0.195877075, "p": 69, "v": 84}], "pos": -1.0, "size": 1.0, "_time": 140.273438}, {"$id": 457, "sounds": [{"d": 0.19480896, "p": 72, "v": 90}], "pos": -0.5, "size": 1.0, "_time": 140.46875}, {"$id": 458, "sounds": [{"d": 0.19480896, "p": 74, "v": 96}], "size": 1.0, "_time": 140.664063, "pos": 0}, {"$id": 459, "sounds": [{"d": 0.19480896, "p": 76, "v": 100}], "pos": 0.5, "size": 1.0, "_time": 140.855469}, {"$id": 460, "sounds": [{"d": 0.19480896, "p": 77, "v": 107}], "pos": 1.0, "size": 1.0, "_time": 141.050781}, {"$id": 461, "sounds": [{"d": 0.19480896, "p": 79, "v": 109}], "pos": 1.5, "size": 1.0, "_time": 141.2461}, {"$id": 462, "sounds": [{"d": 0.19480896, "p": 79, "v": 100}], "pos": 1.0, "size": 1.0, "_time": 141.4414}, {"$id": 463, "sounds": [{"d": 0.3003235, "p": 81, "v": 116}], "pos": 2.0, "size": 1.0, "_time": 141.480469}, {"$id": 464, "sounds": [{"d": 0.202926636, "p": 82, "v": 114}], "pos": 2.0, "size": 1.0, "_time": 141.832031}, {"$id": 465, "sounds": [{"d": 0.3977356, "p": 81, "v": 109}], "size": 1.0, "_time": 142.027344, "pos": 0}, {"$id": 466, "sounds": [{"d": 0.202926636, "p": 79, "v": 78}], "pos": 1.0, "size": 1.0, "_time": 142.414063}, {"$id": 467, "sounds": [{"d": 0.202926636, "p": 77, "v": 88}], "size": 1.0, "_time": 142.609375, "pos": 0}, {"$id": 468, "sounds": [{"d": 1.55847168, "p": 79, "v": 104}], "pos": 1.0, "size": 1.0, "_time": 142.804688}, {"$id": 469, "sounds": [{"d": 0.19480896, "p": 67, "v": 70}], "pos": -1.5, "size": 1.0, "_time": 143.390625}, {"$id": 470, "sounds": [{"d": 0.19480896, "p": 69, "v": 79}], "pos": -1.0, "size": 1.0, "_time": 143.585938}, {"$id": 471, "sounds": [{"d": 0.19480896, "p": 72, "v": 85}], "pos": -0.5, "size": 1.0, "_time": 143.777344}, {"$id": 472, "sounds": [{"d": 0.19480896, "p": 74, "v": 93}], "size": 1.0, "_time": 143.972656, "pos": 0}, {"$id": 473, "sounds": [{"d": 0.19480896, "p": 76, "v": 102}], "pos": 0.5, "size": 1.0, "_time": 144.167969}, {"$id": 474, "sounds": [{"d": 0.19480896, "p": 77, "v": 110}], "pos": 1.0, "size": 1.0, "_time": 144.363281}, {"$id": 475, "sounds": [{"d": 0.19480896, "p": 77, "v": 99}], "size": 1.0, "_time": 144.5586, "pos": 0}, {"$id": 476, "sounds": [{"d": 0.340911865, "p": 79, "v": 114}], "pos": 1.0, "size": 1.0, "_time": 144.597656}, {"$id": 477, "sounds": [{"d": 0.178573608, "p": 81, "v": 111}], "pos": 1.0, "size": 1.0, "_time": 144.949219}, {"$id": 478, "sounds": [{"d": 0.373382568, "p": 79, "v": 101}], "size": 1.0, "_time": 145.144531, "pos": 0}, {"$id": 479, "sounds": [{"d": 0.178573608, "p": 77, "v": 92}], "size": 1.0, "_time": 145.53125, "pos": 0}, {"$id": 480, "sounds": [{"d": 0.178573608, "p": 76, "v": 98}], "pos": -1.0, "size": 1.0, "_time": 145.726563}, {"$id": 481, "sounds": [{"d": 1.55847168, "p": 77, "v": 102}], "size": 1.0, "_time": 145.921875, "pos": 0}, {"$id": 482, "sounds": [{"d": 0.19480896, "p": 65, "v": 77}], "pos": -2.0, "size": 1.0, "_time": 146.507813}, {"$id": 483, "sounds": [{"d": 0.19480896, "p": 67, "v": 81}], "pos": -1.5, "size": 1.0, "_time": 146.703125}, {"$id": 484, "sounds": [{"d": 0.19480896, "p": 69, "v": 82}], "pos": -1.0, "size": 1.0, "_time": 146.894531}, {"$id": 485, "sounds": [{"d": 0.19480896, "p": 72, "v": 87}], "pos": -0.5, "size": 1.0, "_time": 147.089844}, {"$id": 486, "sounds": [{"d": 0.19480896, "p": 74, "v": 93}], "size": 1.0, "_time": 147.285156, "pos": 0}, {"$id": 487, "sounds": [{"d": 0.1947937, "p": 76, "v": 102}], "pos": 0.5, "size": 1.0, "_time": 147.480469}, {"$id": 488, "sounds": [{"d": 0.38961792, "p": 77, "v": 104}], "size": 1.0, "_time": 147.675781, "pos": 0}, {"$id": 489, "sounds": [{"d": 0.178573608, "p": 77, "v": 108}], "size": 1.0, "_time": 148.0664, "pos": 0}, {"$id": 490, "sounds": [{"d": 0.373382568, "p": 77, "v": 95}], "size": 1.0, "_time": 148.261719, "pos": 0}, {"$id": 491, "sounds": [{"d": 0.178573608, "p": 76, "v": 98}], "pos": -1.0, "size": 1.0, "_time": 148.648438}, {"$id": 492, "sounds": [{"d": 0.178573608, "p": 74, "v": 89}], "pos": -2.0, "size": 1.0, "_time": 148.84375}, {"$id": 493, "sounds": [{"d": 0.5844269, "p": 76, "v": 106}], "pos": -1.0, "size": 1.0, "_time": 149.039063}, {"$id": 494, "sounds": [{"d": 0.38961792, "p": 76, "v": 96}], "pos": -1.0, "size": 1.0, "_time": 149.625}, {"$id": 495, "sounds": [{"d": 0.105529785, "p": 76, "v": 92}], "size": 1.0, "_time": 150.011719, "pos": 0}, {"$id": 496, "sounds": [{"d": 0.137985229, "p": 79, "v": 111}], "pos": 1.0, "size": 1.0, "_time": 150.070313}, {"$id": 497, "sounds": [{"d": 0.19480896, "p": 76, "v": 104}], "size": 1.0, "_time": 150.207031, "pos": 0}, {"$id": 498, "sounds": [{"d": 0.170455933, "p": 74, "v": 98}], "pos": -1.0, "size": 1.0, "_time": 150.402344}, {"$id": 499, "sounds": [{"d": 0.170455933, "p": 69, "v": 89}], "pos": -2.0, "size": 1.0, "_time": 150.597656}, {"$id": 500, "sounds": [{"d": 0.178573608, "p": 74, "v": 111}], "size": 1.0, "_time": 150.792969, "pos": 0}, {"$id": 501, "sounds": [{"d": 0.09739685, "p": 72, "v": 92}], "pos": -1.0, "size": 1.0, "_time": 150.988281}, {"$id": 502, "sounds": [{"d": 0.1461029, "p": 72, "v": 103}], "pos": -1.0, "size": 1.0, "_time": 151.1836}, {"$id": 503, "sounds": [{"d": 0.373382568, "p": 72, "v": 110}], "pos": -1.0, "size": 1.0, "_time": 151.375}, {"$id": 504, "sounds": [{"d": 0.170455933, "p": 72, "v": 85}], "pos": -1.0, "size": 1.0, "_time": 151.765625}, {"$id": 505, "sounds": [{"d": 0.178573608, "p": 74, "v": 99}], "size": 1.0, "_time": 151.960938, "pos": 0}, {"$id": 506, "sounds": [{"d": 1.07398987, "p": 75, "v": 113}], "pos": 1.0, "size": 1.0, "_time": 152.15625}, {"$id": 507, "sounds": [{"d": 0.8516083, "p": 50, "v": 107}, {"d": 0.8516083, "p": 54, "v": 107}], "pos": -1.5, "size": 1.70000017, "_time": 152.351563}, {"$id": 508, "sounds": [{"d": 0.228286743, "p": 45, "v": 78}], "pos": -2.0, "size": 1.0, "_time": 152.777344}, {"$id": 509, "sounds": [{"d": 0.228286743, "p": 57, "v": 81}], "size": 1.0, "_time": 152.777344, "pos": 0}, {"$id": 510, "sounds": [{"d": 0.222915649, "p": 48, "v": 88}], "pos": -1.5, "size": 1.0, "_time": 153.007813}, {"$id": 511, "sounds": [{"d": 0.222915649, "p": 60, "v": 88}], "pos": 0.5, "size": 1.0, "_time": 153.007813}, {"$id": 512, "sounds": [{"d": 0.2167511, "p": 62, "v": 95}], "pos": 1.0, "size": 1.0, "_time": 153.230469}, {"$id": 513, "sounds": [{"d": 0.2167511, "p": 50, "v": 95}], "pos": -1.0, "size": 1.0, "_time": 153.230469}, {"$id": 514, "sounds": [{"d": 0.210922241, "p": 64, "v": 102}], "pos": 0.5, "size": 1.0, "_time": 153.445313}, {"$id": 515, "sounds": [{"d": 0.210922241, "p": 52, "v": 102}], "pos": -1.5, "size": 1.0, "_time": 153.445313}, {"$id": 516, "sounds": [{"d": 0.205856323, "p": 53, "v": 110}], "pos": -1.0, "size": 1.0, "_time": 153.65625}, {"$id": 517, "sounds": [{"d": 0.205856323, "p": 65, "v": 110}], "pos": 1.0, "size": 1.0, "_time": 153.65625}, {"$id": 518, "sounds": [{"d": 0.19581604, "p": 67, "v": 117}], "pos": 1.5, "size": 1.0, "_time": 153.863281}, {"$id": 519, "sounds": [{"d": 0.19581604, "p": 55, "v": 117}], "pos": -0.5, "size": 1.0, "_time": 153.863281}, {"$id": 520, "sounds": [{"d": 0.381500244, "p": 69, "v": 122}], "size": 1.0, "_time": 154.0586, "pos": 0}, {"$id": 521, "sounds": [{"d": 0.381500244, "p": 65, "v": 122}], "pos": -2.0, "size": 1.0, "_time": 154.0586}, {"$id": 522, "sounds": [{"d": 0.186691284, "p": 65, "v": 114}], "pos": -2.0, "size": 1.0, "_time": 154.449219}, {"$id": 523, "sounds": [{"d": 0.186691284, "p": 69, "v": 114}], "size": 1.0, "_time": 154.449219, "pos": 0}, {"$id": 524, "sounds": [{"d": 0.381500244, "p": 69, "v": 119}], "size": 1.0, "_time": 154.644531, "pos": 0}, {"$id": 525, "sounds": [{"d": 0.381500244, "p": 65, "v": 119}], "pos": -2.0, "size": 1.0, "_time": 154.644531}, {"$id": 526, "sounds": [{"d": 0.186691284, "p": 67, "v": 119}], "size": 1.0, "_time": 155.035156, "pos": 0}, {"$id": 527, "sounds": [{"d": 0.186691284, "p": 65, "v": 102}], "pos": -2.0, "size": 1.0, "_time": 155.226563}, {"$id": 528, "sounds": [{"d": 0.771118164, "p": 67, "v": 112}, {"d": 0.5763092, "p": 64, "v": 112}], "size": 1.0, "_time": 155.421875, "pos": 0}, {"$id": 529, "sounds": [{"d": 0.186691284, "p": 64, "v": 100}], "pos": -2.0, "size": 1.0, "_time": 156.007813}, {"$id": 530, "sounds": [{"d": 0.186691284, "p": 65, "v": 106}], "pos": -1.5, "size": 1.0, "_time": 156.203125}, {"$id": 531, "sounds": [{"d": 0.186691284, "p": 67, "v": 113}], "pos": -1.0, "size": 1.0, "_time": 156.398438}, {"$id": 532, "sounds": [{"d": 0.186691284, "p": 69, "v": 119}], "pos": -0.5, "size": 1.0, "_time": 156.589844}, {"$id": 533, "sounds": [{"d": 0.186691284, "p": 70, "v": 124}], "size": 1.0, "_time": 156.785156, "pos": 0}, {"$id": 534, "sounds": [{"d": 0.186691284, "p": 71, "v": 116}], "pos": 0.5, "size": 1.0, "_time": 156.980469}, {"$id": 535, "sounds": [{"d": 0.381500244, "p": 67, "v": 109}], "pos": -1.0, "size": 1.0, "_time": 157.175781}, {"$id": 536, "sounds": [{"d": 0.381500244, "p": 72, "v": 109}], "pos": 1.0, "size": 1.0, "_time": 157.175781}, {"$id": 537, "sounds": [{"d": 0.186691284, "p": 67, "v": 93}], "pos": -1.0, "size": 1.0, "_time": 157.5664}, {"$id": 538, "sounds": [{"d": 0.186691284, "p": 72, "v": 93}], "pos": 1.0, "size": 1.0, "_time": 157.5664}, {"$id": 539, "sounds": [{"d": 0.381500244, "p": 67, "v": 106}], "pos": -1.0, "size": 1.0, "_time": 157.761719}, {"$id": 540, "sounds": [{"d": 0.381500244, "p": 72, "v": 106}], "pos": 1.0, "size": 1.0, "_time": 157.761719}, {"$id": 541, "sounds": [{"d": 0.105529785, "p": 69, "v": 96}], "pos": 1.0, "size": 1.0, "_time": 158.148438}, {"$id": 542, "sounds": [{"d": 0.186691284, "p": 70, "v": 122}], "pos": 2.0, "size": 1.0, "_time": 158.199219}, {"$id": 543, "sounds": [{"d": 0.186691284, "p": 68, "v": 102}], "pos": -1.0, "size": 1.0, "_time": 158.34375}, {"$id": 544, "sounds": [{"d": 1.16073608, "p": 69, "v": 115}, {"d": 0.9659271, "p": 65, "v": 115}], "pos": 1.0, "size": 1.0, "_time": 158.539063}, {"$id": 545, "sounds": [{"d": 0.186691284, "p": 69, "v": 114}], "pos": -0.5, "size": 1.0, "_time": 159.707031}, {"$id": 546, "sounds": [{"d": 0.381500244, "p": 70, "v": 108}], "pos": 0.5, "size": 1.0, "_time": 159.902344}, {"$id": 547, "sounds": [{"d": 0.381500244, "p": 69, "v": 127}], "pos": -0.5, "size": 1.0, "_time": 160.292969}, {"$id": 548, "sounds": [{"d": 0.186691284, "p": 70, "v": 120}], "pos": 1.5, "size": 1.0, "_time": 160.6836}, {"$id": 549, "sounds": [{"d": 0.381500244, "p": 69, "v": 119}], "pos": -0.5, "size": 1.0, "_time": 160.8789}, {"$id": 550, "sounds": [{"d": 0.381500244, "p": 65, "v": 115}], "pos": -1.5, "size": 1.0, "_time": 161.265625}, {"$id": 551, "sounds": [{"d": 0.186691284, "p": 62, "v": 121}], "pos": 0.5, "size": 1.0, "_time": 161.65625}, {"$id": 552, "sounds": [{"d": 0.381500244, "p": 60, "v": 109}], "pos": -1.5, "size": 1.0, "_time": 161.851563}, {"$id": 553, "sounds": [{"d": 0.186691284, "p": 65, "v": 112}], "pos": -0.5, "size": 1.0, "_time": 162.242188}, {"$id": 554, "sounds": [{"d": 0.381500244, "p": 65, "v": 124}], "pos": -0.5, "size": 1.0, "_time": 162.4375}, {"$id": 555, "sounds": [{"d": 0.186691284, "p": 65, "v": 107}], "pos": -0.5, "size": 1.0, "_time": 162.824219}, {"$id": 556, "sounds": [{"d": 0.186691284, "p": 67, "v": 113}], "pos": 0.5, "size": 1.0, "_time": 163.019531}, {"$id": 557, "sounds": [{"d": 0.186691284, "p": 65, "v": 118}], "pos": -0.5, "size": 1.0, "_time": 163.214844}, {"$id": 558, "sounds": [{"d": 0.381500244, "p": 69, "v": 115}], "pos": 1.5, "size": 1.0, "_time": 163.410156}, {"$id": 559, "sounds": [{"d": 0.1887207, "p": 69, "v": 110}], "pos": 1.5, "size": 1.0, "_time": 163.800781}, {"$id": 560, "sounds": [{"d": 0.388824463, "p": 69, "v": 109}], "pos": 1.5, "size": 1.0, "_time": 163.9961}, {"$id": 561, "sounds": [{"d": 0.394134521, "p": 67, "v": 114}], "pos": 0.5, "size": 1.0, "_time": 164.394531}, {"$id": 562, "sounds": [{"d": 0.194137573, "p": 65, "v": 106}], "pos": -0.5, "size": 1.0, "_time": 164.59375}, {"$id": 563, "sounds": [{"d": 0.405410767, "p": 67, "v": 115}], "pos": 0.5, "size": 1.0, "_time": 164.796875}, {"$id": 564, "sounds": [{"d": 0.208328247, "p": 52, "v": 118}, {"d": 0.208328247, "p": 55, "v": 118}, {"d": 0.208328247, "p": 48, "v": 118}, {"d": 0.208328247, "p": 60, "v": 118}], "pos": -1.5, "size": 0.6999999, "_time": 165.0039}, {"$id": 565, "sounds": [{"d": 0.204437256, "p": 43, "v": 84}], "pos": -2.0, "size": 1.0, "_time": 165.417969}, {"$id": 566, "sounds": [{"d": 0.204437256, "p": 55, "v": 87}], "size": 1.0, "_time": 165.417969, "pos": 0}, {"$id": 567, "sounds": [{"d": 0.202697754, "p": 46, "v": 93}], "pos": -1.5, "size": 1.0, "_time": 165.6211}, {"$id": 568, "sounds": [{"d": 0.202697754, "p": 58, "v": 93}], "pos": 0.5, "size": 1.0, "_time": 165.6211}, {"$id": 569, "sounds": [{"d": 0.200454712, "p": 48, "v": 101}], "pos": -1.0, "size": 1.0, "_time": 165.824219}, {"$id": 570, "sounds": [{"d": 0.200454712, "p": 60, "v": 101}], "pos": 1.0, "size": 1.0, "_time": 165.824219}, {"$id": 571, "sounds": [{"d": 0.19934082, "p": 50, "v": 109}], "pos": -1.5, "size": 1.0, "_time": 166.023438}, {"$id": 572, "sounds": [{"d": 0.19934082, "p": 62, "v": 109}], "pos": 0.5, "size": 1.0, "_time": 166.023438}, {"$id": 573, "sounds": [{"d": 0.197372437, "p": 51, "v": 117}], "pos": -1.0, "size": 1.0, "_time": 166.222656}, {"$id": 574, "sounds": [{"d": 0.197372437, "p": 63, "v": 117}], "pos": 1.0, "size": 1.0, "_time": 166.222656}, {"$id": 575, "sounds": [{"d": 0.195556641, "p": 53, "v": 124}], "pos": -0.5, "size": 1.0, "_time": 166.421875}, {"$id": 576, "sounds": [{"d": 0.195556641, "p": 65, "v": 124}], "pos": 1.5, "size": 1.0, "_time": 166.421875}, {"$id": 577, "sounds": [{"d": 0.381500244, "p": 67, "v": 127}], "size": 1.0, "_time": 166.617188, "pos": 0}, {"$id": 578, "sounds": [{"d": 0.381500244, "p": 63, "v": 127}], "pos": -2.0, "size": 1.0, "_time": 166.617188}, {"$id": 579, "sounds": [{"d": 0.186691284, "p": 63, "v": 121}], "pos": -2.0, "size": 1.0, "_time": 167.0039}, {"$id": 580, "sounds": [{"d": 0.186691284, "p": 67, "v": 121}], "size": 1.0, "_time": 167.0039, "pos": 0}, {"$id": 581, "sounds": [{"d": 0.381500244, "p": 63, "v": 119}], "pos": -2.0, "size": 1.0, "_time": 167.199219}, {"$id": 582, "sounds": [{"d": 0.381500244, "p": 67, "v": 119}], "size": 1.0, "_time": 167.199219, "pos": 0}, {"$id": 583, "sounds": [{"d": 0.186691284, "p": 65, "v": 126}], "size": 1.0, "_time": 167.589844, "pos": 0}, {"$id": 584, "sounds": [{"d": 0.186691284, "p": 63, "v": 127}], "pos": -2.0, "size": 1.0, "_time": 167.785156}, {"$id": 585, "sounds": [{"d": 0.5763092, "p": 65, "v": 126}, {"d": 0.5763092, "p": 62, "v": 126}], "size": 1.0, "_time": 167.980469, "pos": 0}, {"$id": 586, "sounds": [{"d": 0.186691284, "p": 62, "v": 100}], "pos": -2.0, "size": 1.0, "_time": 168.5625}, {"$id": 587, "sounds": [{"d": 0.186691284, "p": 63, "v": 106}], "pos": -1.5, "size": 1.0, "_time": 168.757813}, {"$id": 588, "sounds": [{"d": 0.186691284, "p": 65, "v": 106}], "pos": -1.0, "size": 1.0, "_time": 168.953125}, {"$id": 589, "sounds": [{"d": 0.186691284, "p": 67, "v": 112}], "pos": -0.5, "size": 1.0, "_time": 169.148438}, {"$id": 590, "sounds": [{"d": 0.186691284, "p": 70, "v": 117}], "size": 1.0, "_time": 169.34375, "pos": 0}, {"$id": 591, "sounds": [{"d": 0.186691284, "p": 72, "v": 109}], "pos": 0.5, "size": 1.0, "_time": 169.539063}, {"$id": 592, "sounds": [{"d": 0.381500244, "p": 65, "v": 119}], "pos": -1.0, "size": 1.0, "_time": 169.734375}, {"$id": 593, "sounds": [{"d": 0.381500244, "p": 74, "v": 119}, {"d": 0.381500244, "p": 70, "v": 119}], "pos": 1.0, "size": 1.0, "_time": 169.734375}, {"$id": 594, "sounds": [{"d": 0.186691284, "p": 65, "v": 102}], "pos": -1.0, "size": 1.0, "_time": 170.1211}, {"$id": 595, "sounds": [{"d": 0.186691284, "p": 72, "v": 102}, {"d": 0.186691284, "p": 75, "v": 102}], "pos": 2.0, "size": 1.0, "_time": 170.1211}, {"$id": 596, "sounds": [{"d": 0.381500244, "p": 70, "v": 116}, {"d": 0.381500244, "p": 74, "v": 116}], "pos": 1.0, "size": 1.0, "_time": 170.3164}, {"$id": 597, "sounds": [{"d": 0.381500244, "p": 65, "v": 116}], "pos": -1.0, "size": 1.0, "_time": 170.3164}, {"$id": 598, "sounds": [{"d": 0.105529785, "p": 63, "v": 105}, {"w": 0.046875, "d": 0.186691284, "p": 65, "v": 120}], "pos": 1.0, "size": 1.0, "_time": 170.707031}, {"$id": 599, "sounds": [{"d": 0.186691284, "p": 62, "v": 111}], "pos": -1.0, "size": 1.0, "_time": 170.902344}, {"$id": 600, "sounds": [{"d": 1.16073608, "p": 67, "v": 126}, {"d": 0.9659271, "p": 63, "v": 126}], "pos": 1.0, "size": 1.0, "_time": 171.097656}, {"$id": 601, "sounds": [{"d": 0.186691284, "p": 67, "v": 124}], "pos": -0.5, "size": 1.0, "_time": 172.265625}, {"$id": 602, "sounds": [{"d": 0.381500244, "p": 68, "v": 118}], "pos": 0.5, "size": 1.0, "_time": 172.460938}, {"$id": 603, "sounds": [{"d": 0.381500244, "p": 70, "v": 118}], "pos": 1.5, "size": 1.0, "_time": 172.851563}, {"$id": 604, "sounds": [{"d": 0.381500244, "p": 67, "v": 118}], "pos": -0.5, "size": 1.0, "_time": 172.851563}, {"$id": 605, "sounds": [{"d": 0.186691284, "p": 67, "v": 123}], "pos": 0.5, "size": 1.0, "_time": 173.238281}, {"$id": 606, "sounds": [{"d": 0.186691284, "p": 63, "v": 123}], "pos": -1.5, "size": 1.0, "_time": 173.238281}, {"$id": 607, "sounds": [{"d": 0.381500244, "p": 67, "v": 127}], "pos": 0.5, "size": 1.0, "_time": 173.4336}, {"$id": 608, "sounds": [{"d": 0.381500244, "p": 63, "v": 127}], "pos": -1.5, "size": 1.0, "_time": 173.4336}, {"$id": 609, "sounds": [{"d": 0.381500244, "p": 63, "v": 108}], "pos": -1.5, "size": 1.0, "_time": 173.824219}, {"$id": 610, "sounds": [{"d": 0.381500244, "p": 67, "v": 108}], "pos": 0.5, "size": 1.0, "_time": 173.824219}, {"$id": 611, "sounds": [{"d": 0.186691284, "p": 60, "v": 114}], "pos": 1.5, "size": 1.0, "_time": 174.214844}, {"$id": 612, "sounds": [{"d": 0.381500244, "p": 58, "v": 102}], "pos": -0.5, "size": 1.0, "_time": 174.410156}, {"$id": 613, "sounds": [{"d": 0.186691284, "p": 67, "v": 105}], "pos": 0.5, "size": 1.0, "_time": 174.796875}, {"$id": 614, "sounds": [{"d": 0.186691284, "p": 63, "v": 105}], "pos": -1.5, "size": 1.0, "_time": 174.796875}, {"$id": 615, "sounds": [{"d": 0.381500244, "p": 67, "v": 117}], "pos": 0.5, "size": 1.0, "_time": 174.992188}, {"$id": 616, "sounds": [{"d": 0.381500244, "p": 63, "v": 117}], "pos": -1.5, "size": 1.0, "_time": 174.992188}, {"$id": 617, "sounds": [{"d": 0.186691284, "p": 63, "v": 100}], "pos": -0.5, "size": 1.0, "_time": 175.382813}, {"$id": 618, "sounds": [{"d": 0.186691284, "p": 65, "v": 106}], "pos": 0.5, "size": 1.0, "_time": 175.578125}, {"$id": 619, "sounds": [{"d": 0.186691284, "p": 63, "v": 111}], "pos": -0.5, "size": 1.0, "_time": 175.773438}, {"$id": 620, "sounds": [{"d": 0.381500244, "p": 67, "v": 108}], "pos": 1.5, "size": 1.0, "_time": 175.964844}, {"$id": 621, "sounds": [{"d": 0.186691284, "p": 67, "v": 103}], "pos": 1.5, "size": 1.0, "_time": 176.355469}, {"$id": 622, "sounds": [{"d": 0.381500244, "p": 67, "v": 102}], "pos": 1.5, "size": 1.0, "_time": 176.550781}, {"$id": 623, "sounds": [{"d": 0.381500244, "p": 65, "v": 107}], "pos": 0.5, "size": 1.0, "_time": 176.9414}, {"$id": 624, "sounds": [{"d": 0.186691284, "p": 63, "v": 78}], "pos": -0.5, "size": 1.0, "_time": 177.136719}, {"$id": 625, "sounds": [{"d": 0.5763092, "p": 65, "v": 89}], "pos": 0.5, "size": 1.0, "_time": 177.332031}, {"$id": 626, "sounds": [{"d": 1.55847168, "p": 50, "v": 90}, {"d": 1.55847168, "p": 58, "v": 90}, {"d": 1.55847168, "p": 53, "v": 90}, {"d": 1.55847168, "p": 46, "v": 90}], "pos": -1.5, "size": 1.30000007, "_time": 177.523438}, {"$id": 627, "sounds": [{"d": 0.38961792, "p": 63, "v": 80}], "pos": 0.5, "size": 1.0, "_time": 177.914063}, {"$id": 628, "sounds": [{"d": 0.381500244, "p": 62, "v": 76}], "pos": -0.5, "size": 1.0, "_time": 178.304688}, {"$id": 629, "sounds": [{"d": 0.381500244, "p": 63, "v": 87}], "pos": 0.5, "size": 1.0, "_time": 178.695313}, {"$id": 630, "sounds": [{"d": 0.381500244, "p": 62, "v": 89}], "pos": -2.0, "size": 1.0, "_time": 179.082031}, {"$id": 631, "sounds": [{"d": 0.381500244, "p": 63, "v": 79}], "pos": -1.0, "size": 1.0, "_time": 179.277344}, {"$id": 632, "sounds": [{"d": 0.381500244, "p": 70, "v": 94}], "pos": 1.0, "size": 1.0, "_time": 179.472656}, {"$id": 633, "sounds": [{"d": 0.381500244, "p": 62, "v": 89}], "pos": -1.0, "size": 1.0, "_time": 179.667969}, {"$id": 634, "sounds": [{"d": 0.3829956, "p": 63, "v": 72}], "size": 1.0, "_time": 179.863281, "pos": 0}, {"$id": 635, "sounds": [{"d": 0.385559082, "p": 70, "v": 95}], "pos": 2.0, "size": 1.0, "_time": 180.0586}, {"$id": 636, "sounds": [{"d": 0.3865204, "p": 62, "v": 82}], "pos": -2.0, "size": 1.0, "_time": 180.2539}, {"$id": 637, "sounds": [{"d": 0.3865204, "p": 63, "v": 77}], "pos": -1.0, "size": 1.0, "_time": 180.453125}, {"$id": 638, "sounds": [{"d": 0.3865204, "p": 70, "v": 98}], "pos": 1.0, "size": 1.0, "_time": 180.648438}, {"$id": 639, "sounds": [{"d": 0.387390137, "p": 62, "v": 78}], "pos": -1.0, "size": 1.0, "_time": 180.847656}, {"$id": 640, "sounds": [{"d": 0.390014648, "p": 63, "v": 72}], "size": 1.0, "_time": 181.042969, "pos": 0}, {"$id": 641, "sounds": [{"d": 0.3916626, "p": 70, "v": 101}], "pos": 2.0, "size": 1.0, "_time": 181.242188}, {"$id": 642, "sounds": [{"d": 0.3916626, "p": 62, "v": 82}], "pos": -2.0, "size": 1.0, "_time": 181.4414}, {"$id": 643, "sounds": [{"d": 0.3916626, "p": 63, "v": 78}], "pos": -1.0, "size": 1.0, "_time": 181.640625}, {"$id": 644, "sounds": [{"d": 0.191665649, "p": 70, "v": 86}], "size": 1.0, "_time": 181.84375, "pos": 0}, {"$id": 645, "sounds": [{"d": 0.125, "p": 70, "v": 80}], "pos": 1.0, "size": 1.0, "_time": 182.042969}, {"$id": 646, "sounds": [{"d": 0.395401, "p": 72, "v": 93}], "pos": 2.0, "size": 1.0, "_time": 182.101563}, {"$id": 647, "sounds": [{"d": 0.396972656, "p": 70, "v": 98}], "size": 1.0, "_time": 182.242188, "pos": 0}, {"$id": 648, "sounds": [{"d": 0.194259644, "p": 65, "v": 82}], "pos": -1.0, "size": 1.0, "_time": 182.648438}, {"$id": 649, "sounds": [{"d": 0.3969574, "p": 65, "v": 77}], "pos": -1.0, "size": 1.0, "_time": 182.851563}, {"$id": 650, "sounds": [{"d": 0.3969574, "p": 68, "v": 73}], "pos": 1.0, "size": 1.0, "_time": 183.257813}, {"$id": 651, "sounds": [{"d": 1.61322021, "p": 67, "v": 59}], "size": 1.0, "_time": 183.660156, "pos": 0}, {"$id": 652, "sounds": [{"d": 0.802368164, "p": 48, "v": 66}, {"w": 0.01953125, "d": 0.8023834, "p": 51, "v": 66}], "pos": 2.0, "size": 1.30000007, "_time": 183.863281}, {"$id": 653, "sounds": [{"d": 0.8023834, "p": 46, "v": 69}, {"w": 0.015625, "d": 0.8023834, "p": 50, "v": 69}], "size": 1.30000007, "_time": 184.675781, "pos": 0}, {"$id": 654, "sounds": [{"d": 0.3969574, "p": 63, "v": 81}], "pos": 1.0, "size": 1.0, "_time": 185.082031}, {"$id": 655, "sounds": [{"d": 0.396972656, "p": 62, "v": 94}], "pos": -2.0, "size": 1.0, "_time": 185.484375}, {"$id": 656, "sounds": [{"d": 0.397674561, "p": 63, "v": 79}], "pos": -1.0, "size": 1.0, "_time": 185.6875}, {"$id": 657, "sounds": [{"d": 0.4004364, "p": 70, "v": 96}], "pos": 1.0, "size": 1.0, "_time": 185.890625}, {"$id": 658, "sounds": [{"d": 0.402389526, "p": 62, "v": 75}], "pos": -1.0, "size": 1.0, "_time": 186.09375}, {"$id": 659, "sounds": [{"d": 0.4041748, "p": 63, "v": 76}], "size": 1.0, "_time": 186.300781, "pos": 0}, {"$id": 660, "sounds": [{"d": 0.4070282, "p": 70, "v": 95}], "pos": 2.0, "size": 1.0, "_time": 186.5039}, {"$id": 661, "sounds": [{"d": 0.407974243, "p": 62, "v": 76}], "pos": -2.0, "size": 1.0, "_time": 186.714844}, {"$id": 662, "sounds": [{"d": 0.4109192, "p": 63, "v": 93}], "pos": -1.0, "size": 1.0, "_time": 186.921875}, {"$id": 663, "sounds": [{"d": 0.413742065, "p": 70, "v": 98}], "pos": 1.0, "size": 1.0, "_time": 187.1289}, {"$id": 664, "sounds": [{"d": 0.414871216, "p": 62, "v": 76}], "pos": -1.0, "size": 1.0, "_time": 187.339844}, {"$id": 665, "sounds": [{"d": 0.4178772, "p": 63, "v": 94}], "size": 1.0, "_time": 187.550781, "pos": 0}, {"$id": 666, "sounds": [{"d": 0.419631958, "p": 70, "v": 96}], "pos": 2.0, "size": 1.0, "_time": 187.765625}, {"$id": 667, "sounds": [{"d": 0.421966553, "p": 62, "v": 72}], "pos": -2.0, "size": 1.0, "_time": 187.980469}, {"$id": 668, "sounds": [{"d": 0.425079346, "p": 63, "v": 78}], "pos": -1.0, "size": 1.0, "_time": 188.195313}, {"$id": 669, "sounds": [{"d": 0.423782349, "p": 70, "v": 86}], "pos": 1.0, "size": 1.0, "_time": 188.410156}, {"$id": 670, "sounds": [{"d": 0.420669556, "p": 68, "v": 87}], "size": 1.0, "_time": 188.6289, "pos": 0}, {"$id": 671, "sounds": [{"d": 0.4223938, "p": 67, "v": 88}], "pos": -1.0, "size": 1.0, "_time": 188.84375}, {"$id": 672, "sounds": [{"d": 0.205352783, "p": 68, "v": 81}], "pos": 1.0, "size": 1.0, "_time": 189.273438}, {"$id": 673, "sounds": [{"d": 0.423141479, "p": 67, "v": 77}], "size": 1.0, "_time": 189.488281, "pos": 0}, {"$id": 674, "sounds": [{"d": 0.429733276, "p": 65, "v": 70}], "pos": -1.0, "size": 1.0, "_time": 189.921875}, {"$id": 675, "sounds": [{"d": 1.118515, "p": 63, "v": 63}], "pos": -2.0, "size": 1.0, "_time": 190.359375}, {"$id": 676, "sounds": [{"d": 2.04260254, "p": 48, "v": 56}, {"w": 0.02734375, "d": 2.038971, "p": 51, "v": 56}], "pos": 2.0, "size": 1.60000014, "_time": 190.582031}, {"$id": 677, "sounds": [{"d": 1.13642883, "p": 65, "v": 46}], "pos": 1.0, "size": 1.0, "_time": 191.488281}, {"$id": 678, "sounds": [{"d": 5.64122, "p": 44, "v": 56}], "pos": -1.0, "size": 1.0, "_time": 192.632813}, {"$id": 679, "sounds": [{"d": 5.64122, "p": 48, "v": 47}], "pos": -0.5, "size": 1.0, "_time": 192.738281}, {"$id": 680, "sounds": [{"d": 5.64122, "p": 56, "v": 50}], "size": 1.0, "_time": 192.859375, "pos": 0}, {"$id": 681, "sounds": [{"d": 5.64122, "p": 60, "v": 53}], "pos": 0.5, "size": 1.0, "_time": 193.0039}, {"$id": 682, "sounds": [{"d": 5.64122, "p": 63, "v": 56}], "pos": 1.0, "size": 1.0, "_time": 193.167969}, {"$id": 683, "sounds": [{"d": 5.64122, "p": 67, "v": 60}], "pos": 1.5, "size": 1.0, "_time": 193.339844}], "links": [{"notes": [{"$ref": 4}, {"$ref": 5}, {"$ref": 7}]}, {"notes": [{"$ref": 49}, {"$ref": 50}, {"$ref": 51}]}, {"notes": [{"$ref": 12}, {"$ref": 13}, {"$ref": 14}, {"$ref": 16}]}, {"notes": [{"$ref": 28}, {"$ref": 29}, {"$ref": 30}]}, {"notes": [{"$ref": 78}, {"$ref": 79}, {"$ref": 80}]}, {"notes": [{"$ref": 85}, {"$ref": 86}, {"$ref": 87}]}, {"notes": [{"$ref": 92}, {"$ref": 93}]}, {"notes": [{"$ref": 96}, {"$ref": 97}, {"$ref": 98}]}, {"notes": [{"$ref": 142}, {"$ref": 143}, {"$ref": 144}, {"$ref": 145}, {"$ref": 146}, {"$ref": 147}]}, {"notes": [{"$ref": 482}, {"$ref": 483}, {"$ref": 484}, {"$ref": 485}, {"$ref": 486}, {"$ref": 487}]}, {"notes": [{"$ref": 156}, {"$ref": 157}, {"$ref": 158}, {"$ref": 159}, {"$ref": 160}, {"$ref": 161}]}, {"notes": [{"$ref": 469}, {"$ref": 470}, {"$ref": 471}, {"$ref": 472}, {"$ref": 473}, {"$ref": 474}]}, {"notes": [{"$ref": 170}, {"$ref": 171}, {"$ref": 172}, {"$ref": 173}, {"$ref": 174}, {"$ref": 175}]}, {"notes": [{"$ref": 529}, {"$ref": 530}, {"$ref": 531}, {"$ref": 532}, {"$ref": 533}, {"$ref": 534}, {"$ref": 536}]}, {"notes": [{"$ref": 131}, {"$ref": 132}, {"$ref": 134}, {"$ref": 135}, {"$ref": 137}, {"$ref": 138}, {"$ref": 140}]}, {"notes": [{"$ref": 219}, {"$ref": 220}, {"$ref": 221}, {"$ref": 222}, {"$ref": 223}, {"$ref": 224}, {"$ref": 226}]}, {"notes": [{"$ref": 363}, {"$ref": 364}, {"$ref": 365}]}, {"notes": [{"$ref": 392}, {"$ref": 393}, {"$ref": 394}]}, {"notes": [{"$ref": 399}, {"$ref": 400}, {"$ref": 401}]}, {"notes": [{"$ref": 406}, {"$ref": 407}]}, {"notes": [{"$ref": 410}, {"$ref": 411}, {"$ref": 412}]}, {"notes": [{"$ref": 445}, {"$ref": 446}, {"$ref": 448}, {"$ref": 449}, {"$ref": 451}, {"$ref": 452}, {"$ref": 454}]}, {"notes": [{"$ref": 678}, {"$ref": 679}, {"$ref": 680}, {"$ref": 681}, {"$ref": 682}, {"$ref": 683}]}, {"notes": [{"$ref": 586}, {"$ref": 587}, {"$ref": 588}, {"$ref": 589}, {"$ref": 590}, {"$ref": 591}, {"$ref": 593}]}, {"notes": [{"$ref": 566}, {"$ref": 568}, {"$ref": 570}, {"$ref": 572}, {"$ref": 574}, {"$ref": 576}]}, {"notes": [{"$ref": 149}, {"$ref": 150}]}, {"notes": [{"$ref": 163}, {"$ref": 164}]}, {"notes": [{"$ref": 184}, {"$ref": 185}]}, {"notes": [{"$ref": 198}, {"$ref": 201}, {"$ref": 202}, {"$ref": 205}, {"$ref": 207}, {"$ref": 208}]}, {"notes": [{"$ref": 199}, {"$ref": 200}, {"$ref": 203}, {"$ref": 204}, {"$ref": 206}, {"$ref": 209}]}, {"notes": [{"$ref": 231}, {"$ref": 232}]}, {"notes": [{"$ref": 311}, {"$ref": 312}, {"$ref": 314}]}, {"notes": [{"$ref": 307}, {"$ref": 309}, {"$ref": 310}]}, {"notes": [{"$ref": 315}, {"$ref": 316}, {"$ref": 317}]}, {"notes": [{"$ref": 319}, {"$ref": 320}, {"$ref": 321}]}, {"notes": [{"$ref": 322}, {"$ref": 324}, {"$ref": 325}]}, {"notes": [{"$ref": 337}, {"$ref": 338}, {"$ref": 339}, {"$ref": 341}, {"$ref": 342}, {"$ref": 343}]}, {"notes": [{"$ref": 456}, {"$ref": 457}, {"$ref": 458}, {"$ref": 459}, {"$ref": 460}, {"$ref": 461}]}, {"notes": [{"$ref": 462}, {"$ref": 463}]}, {"notes": [{"$ref": 475}, {"$ref": 476}]}, {"notes": [{"$ref": 495}, {"$ref": 496}]}, {"notes": [{"$ref": 509}, {"$ref": 511}, {"$ref": 512}, {"$ref": 514}, {"$ref": 517}, {"$ref": 518}]}, {"notes": [{"$ref": 508}, {"$ref": 510}, {"$ref": 513}, {"$ref": 515}, {"$ref": 516}, {"$ref": 519}]}, {"notes": [{"$ref": 541}, {"$ref": 542}]}, {"notes": [{"$ref": 565}, {"$ref": 567}, {"$ref": 569}, {"$ref": 571}, {"$ref": 573}, {"$ref": 575}]}, {"notes": [{"$ref": 645}, {"$ref": 646}]}]}