{"speed": 10.0, "notes": [{"$id": 1, "sounds": [{"d": 0.289773, "p": 83, "v": 64}], "pos": 1.0, "size": 1.0}, {"$id": 2, "sounds": [{"d": 1.062501, "p": 66, "v": 47}, {"d": 1.00568271, "p": 55, "v": 65}], "pos": -1.5, "size": 1.30000007}, {"$id": 3, "sounds": [{"d": 0.3011366, "p": 79, "v": 56}], "pos": 0.5, "size": 1.0, "_time": 0.26171875}, {"$id": 4, "sounds": [{"d": 0.323863924, "p": 74, "v": 56}], "pos": -0.5, "size": 1.0, "_time": 0.53515625}, {"$id": 5, "sounds": [{"d": 0.193181992, "p": 81, "v": 59}], "pos": 0.5, "size": 1.0, "_time": 0.8125}, {"$id": 6, "sounds": [{"d": 0.835227966, "p": 61, "v": 48}, {"w": 0.01171875, "d": 0.7613642, "p": 67, "v": 47}, {"w": 0.01171875, "d": 0.767046, "p": 55, "v": 44}], "pos": -1.5, "size": 1.30000007, "_time": 2.1484375}, {"$id": 7, "sounds": [{"d": 0.289773, "p": 85, "v": 62}], "pos": 1.0, "size": 1.0, "_time": 2.171875}, {"$id": 8, "sounds": [{"d": 0.3011365, "p": 79, "v": 59}], "pos": 0.5, "size": 1.0, "_time": 2.4375}, {"$id": 9, "sounds": [{"d": 0.3352275, "p": 74, "v": 51}], "pos": -0.5, "size": 1.0, "_time": 2.7109375}, {"$id": 10, "sounds": [{"d": 0.164772987, "p": 83, "v": 64}], "pos": 1.0, "size": 1.0, "_time": 2.98828125}, {"$id": 11, "sounds": [{"d": 1.01136446, "p": 62, "v": 66}, {"d": 1.02841, "p": 66, "v": 47}, {"d": 1.068183, "p": 61, "v": 47}], "pos": -1.5, "size": 1.30000007, "_time": 4.34765625}, {"$id": 12, "sounds": [{"d": 0.284091, "p": 85, "v": 67}], "pos": 1.5, "size": 1.0, "_time": 4.359375}, {"$id": 13, "sounds": [{"d": 0.289773, "p": 78, "v": 61}], "pos": 0.5, "size": 1.0, "_time": 4.62890625}, {"$id": 14, "sounds": [{"d": 0.3125, "p": 74, "v": 51}], "size": 1.0, "_time": 4.890625, "pos": 0}, {"$id": 15, "sounds": [{"d": 0.147727489, "p": 81, "v": 61}], "pos": 1.0, "size": 1.0, "_time": 5.17578125}, {"$id": 16, "sounds": [{"d": 0.363636971, "p": 76, "v": 68}], "pos": 0.5, "size": 1.0, "_time": 6.52734375}, {"$id": 17, "sounds": [{"d": 0.505682, "p": 50, "v": 55}], "pos": -1.5, "size": 1.30000007, "_time": 6.546875}, {"$id": 18, "sounds": [{"d": 0.295454979, "p": 78, "v": 62}], "pos": 1.0, "size": 1.0, "_time": 6.80859375}, {"$id": 19, "sounds": [{"d": 0.125, "p": 85, "v": 65}], "pos": 1.5, "size": 1.0, "_time": 7.07421875}, {"$id": 20, "sounds": [{"d": 0.295455456, "p": 74, "v": 60}], "pos": -1.0, "size": 1.0, "_time": 7.3515625}, {"$id": 21, "sounds": [{"d": 0.238636971, "p": 78, "v": 56}], "size": 1.0, "_time": 7.625, "pos": 0}, {"$id": 22, "sounds": [{"d": 0.1079545, "p": 86, "v": 52}], "pos": 1.0, "size": 1.0, "_time": 7.8984375}, {"$id": 23, "sounds": [{"d": 0.295454025, "p": 83, "v": 74}], "pos": 1.0, "size": 1.0, "_time": 8.7265625}, {"$id": 24, "sounds": [{"d": 1.068183, "p": 55, "v": 50}, {"d": 1.034092, "p": 66, "v": 53}], "pos": -1.5, "size": 1.30000007, "_time": 8.738281}, {"$id": 25, "sounds": [{"d": 0.272727, "p": 79, "v": 57}], "size": 1.0, "_time": 9.003906, "pos": 0}, {"$id": 26, "sounds": [{"d": 0.346591949, "p": 74, "v": 57}], "pos": -1.0, "size": 1.0, "_time": 9.2734375}, {"$id": 27, "sounds": [{"d": 0.164772987, "p": 81, "v": 56}], "size": 1.0, "_time": 9.546875, "pos": 0}, {"$id": 28, "sounds": [{"d": 0.272727, "p": 85, "v": 65}], "pos": 1.0, "size": 1.0, "_time": 10.8867188}, {"$id": 29, "sounds": [{"d": 0.937500954, "p": 61, "v": 47}, {"w": 0.0078125, "d": 0.869318962, "p": 55, "v": 54}, {"w": 0.0078125, "d": 0.892046, "p": 67, "v": 50}], "pos": -1.5, "size": 1.30000007, "_time": 10.9023438}, {"$id": 30, "sounds": [{"d": 0.363636971, "p": 79, "v": 54}], "size": 1.0, "_time": 11.1640625, "pos": 0}, {"$id": 31, "sounds": [{"d": 0.284091, "p": 74, "v": 59}], "pos": -1.0, "size": 1.0, "_time": 11.4375}, {"$id": 32, "sounds": [{"d": 0.130681992, "p": 83, "v": 44}], "pos": 0.5, "size": 1.0, "_time": 11.7226563}, {"$id": 33, "sounds": [{"d": 0.3125, "p": 85, "v": 70}], "pos": 1.0, "size": 1.0, "_time": 13.078125}, {"$id": 34, "sounds": [{"d": 0.857955, "p": 61, "v": 39}, {"w": 0.0078125, "d": 0.8125, "p": 66, "v": 35}, {"w": 0.0078125, "d": 0.795455, "p": 62, "v": 57}], "pos": -1.5, "size": 1.30000007, "_time": 13.0898438}, {"$id": 35, "sounds": [{"d": 0.312500954, "p": 78, "v": 65}], "size": 1.0, "_time": 13.359375, "pos": 0}, {"$id": 36, "sounds": [{"d": 0.232954979, "p": 74, "v": 52}], "pos": -1.0, "size": 1.0, "_time": 13.625}, {"$id": 37, "sounds": [{"d": 0.125, "p": 85, "v": 52}], "pos": 0.5, "size": 1.0, "_time": 13.9023438}, {"$id": 38, "sounds": [{"d": 0.340909958, "p": 50, "v": 57}], "pos": -1.5, "size": 1.0, "_time": 15.2617188}, {"$id": 39, "sounds": [{"d": 0.306818, "p": 76, "v": 61}], "size": 1.0, "_time": 15.2734375, "pos": 0}, {"$id": 40, "sounds": [{"d": 0.261363983, "p": 57, "v": 57}], "pos": -1.0, "size": 1.0, "_time": 15.5273438}, {"$id": 41, "sounds": [{"d": 0.278409958, "p": 78, "v": 62}], "pos": 0.5, "size": 1.0, "_time": 15.5390625}, {"$id": 42, "sounds": [{"d": 0.159091, "p": 62, "v": 55}], "pos": -0.5, "size": 1.0, "_time": 15.8007813}, {"$id": 43, "sounds": [{"d": 0.102272987, "p": 85, "v": 65}], "pos": 1.0, "size": 1.0, "_time": 15.8085938}, {"$id": 44, "sounds": [{"d": 0.142045975, "p": 64, "v": 64}], "pos": -1.0, "size": 1.0, "_time": 16.0664063}, {"$id": 45, "sounds": [{"d": 0.25, "p": 74, "v": 59}], "pos": 0.5, "size": 1.0, "_time": 16.078125}, {"$id": 46, "sounds": [{"d": 0.107954025, "p": 78, "v": 67}], "pos": 1.0, "size": 1.0, "_time": 16.3398438}, {"$id": 47, "sounds": [{"d": 0.142045975, "p": 66, "v": 52}], "pos": -0.5, "size": 1.0, "_time": 16.3398438}, {"$id": 48, "sounds": [{"d": 0.09090996, "p": 88, "v": 84}], "pos": 1.5, "size": 1.0, "_time": 16.6289063}, {"$id": 49, "sounds": [{"d": 0.272727966, "p": 55, "v": 74}], "pos": -1.5, "size": 1.30000007, "_time": 17.453125}, {"$id": 50, "sounds": [{"d": 0.221591949, "p": 83, "v": 61}], "pos": 1.0, "size": 1.0, "_time": 17.4609375}, {"$id": 51, "sounds": [{"d": 0.295454025, "p": 79, "v": 55}], "size": 1.0, "_time": 17.7148438, "pos": 0}, {"$id": 52, "sounds": [{"d": 0.204545975, "p": 74, "v": 50}], "pos": -1.0, "size": 1.0, "_time": 18.0039063}, {"$id": 53, "sounds": [{"d": 0.130681992, "p": 81, "v": 60}], "size": 1.0, "_time": 18.2773438, "pos": 0}, {"$id": 54, "sounds": [{"d": 0.130681992, "p": 71, "v": 55}], "pos": 0.5, "size": 1.0, "_time": 18.5390625}, {"$id": 55, "sounds": [{"d": 0.289773941, "p": 74, "v": 56}], "pos": 1.0, "size": 1.0, "_time": 18.8125}, {"$id": 56, "sounds": [{"d": 0.136363983, "p": 83, "v": 54}], "pos": 1.5, "size": 1.0, "_time": 19.078125}, {"$id": 57, "sounds": [{"d": 0.323863983, "p": 55, "v": 67}], "pos": -1.5, "size": 1.30000007, "_time": 19.6289063}, {"$id": 58, "sounds": [{"d": 0.244318008, "p": 85, "v": 74}], "pos": 1.0, "size": 1.0, "_time": 19.640625}, {"$id": 59, "sounds": [{"d": 0.267045975, "p": 79, "v": 51}], "pos": -0.5, "size": 1.0, "_time": 19.9140625}, {"$id": 60, "sounds": [{"d": 0.238636017, "p": 74, "v": 54}], "pos": -1.5, "size": 1.0, "_time": 20.1875}, {"$id": 61, "sounds": [{"d": 0.142045975, "p": 83, "v": 66}], "pos": -0.5, "size": 1.0, "_time": 20.4492188}, {"$id": 62, "sounds": [{"d": 0.119318008, "p": 71, "v": 56}], "pos": -1.0, "size": 1.0, "_time": 20.7226563}, {"$id": 63, "sounds": [{"d": 0.295455933, "p": 74, "v": 52}], "pos": -0.5, "size": 1.0, "_time": 20.9960938}, {"$id": 64, "sounds": [{"d": 0.113637924, "p": 81, "v": 59}], "size": 1.0, "_time": 21.265625, "pos": 0}, {"$id": 65, "sounds": [{"d": 0.267045975, "p": 85, "v": 71}], "pos": 0.5, "size": 1.0, "_time": 21.8125}, {"$id": 66, "sounds": [{"d": 0.306818, "p": 50, "v": 61}], "pos": -1.5, "size": 1.30000007, "_time": 21.8164063}, {"$id": 67, "sounds": [{"d": 0.278409958, "p": 78, "v": 62}], "pos": -0.5, "size": 1.0, "_time": 22.0859375}, {"$id": 68, "sounds": [{"d": 0.295455933, "p": 74, "v": 47}], "pos": -1.0, "size": 1.0, "_time": 22.3632813}, {"$id": 69, "sounds": [{"d": 0.102273941, "p": 81, "v": 74}], "size": 1.0, "_time": 22.640625, "pos": 0}, {"$id": 70, "sounds": [{"d": 0.136363983, "p": 85, "v": 60}], "pos": 0.5, "size": 1.0, "_time": 23.7265625}, {"$id": 71, "sounds": [{"d": 0.136363983, "p": 86, "v": 60}], "pos": 1.5, "size": 1.0, "_time": 23.8632813}, {"$id": 72, "sounds": [{"d": 0.221591949, "p": 76, "v": 74}, {"w": 0.00390625, "d": 0.323863983, "p": 50, "v": 59}], "pos": -1.5, "size": 1.30000007, "_time": 23.9960938}, {"$id": 73, "sounds": [{"d": 0.136363983, "p": 85, "v": 60}], "pos": 0.5, "size": 1.0, "_time": 24.0}, {"$id": 74, "sounds": [{"d": 0.102272034, "p": 78, "v": 74}], "size": 1.0, "_time": 24.2617188, "pos": 0}, {"$id": 75, "sounds": [{"d": 0.07386398, "p": 88, "v": 64}], "pos": 1.0, "size": 1.0, "_time": 24.5390625}, {"$id": 76, "sounds": [{"d": 0.198863983, "p": 74, "v": 61}], "pos": -1.0, "size": 1.0, "_time": 24.8007813}, {"$id": 77, "sounds": [{"d": 0.113636017, "p": 78, "v": 76}], "pos": -0.5, "size": 1.0, "_time": 25.078125}, {"$id": 78, "sounds": [{"d": 0.09090996, "p": 86, "v": 67}], "pos": 0.5, "size": 1.0, "_time": 25.3632813}, {"$id": 79, "sounds": [{"d": 0.255682, "p": 83, "v": 74}], "pos": 1.0, "size": 1.0, "_time": 26.1757813}, {"$id": 80, "sounds": [{"d": 0.329545975, "p": 55, "v": 68}], "pos": -1.5, "size": 1.30000007, "_time": 26.1757813}, {"$id": 81, "sounds": [{"d": 0.238636017, "p": 79, "v": 66}], "size": 1.0, "_time": 26.4414063, "pos": 0}, {"$id": 82, "sounds": [{"d": 0.227272034, "p": 74, "v": 50}], "pos": -1.0, "size": 1.0, "_time": 26.7226563}, {"$id": 83, "sounds": [{"d": 0.130681992, "p": 81, "v": 53}], "size": 1.0, "_time": 26.9960938, "pos": 0}, {"$id": 84, "sounds": [{"d": 0.107954025, "p": 71, "v": 54}], "pos": -1.0, "size": 1.0, "_time": 27.265625}, {"$id": 85, "sounds": [{"d": 0.232954025, "p": 85, "v": 74}], "pos": 0.5, "size": 1.0, "_time": 28.3476563}, {"$id": 86, "sounds": [{"d": 0.301137924, "p": 55, "v": 70}], "pos": -1.5, "size": 1.30000007, "_time": 28.3515625}, {"$id": 87, "sounds": [{"d": 0.289773941, "p": 79, "v": 72}], "pos": -0.5, "size": 1.0, "_time": 28.609375}, {"$id": 88, "sounds": [{"d": 0.204545975, "p": 74, "v": 53}], "pos": -1.0, "size": 1.0, "_time": 28.890625}, {"$id": 89, "sounds": [{"d": 0.153409958, "p": 83, "v": 56}], "size": 1.0, "_time": 29.1601563, "pos": 0}, {"$id": 90, "sounds": [{"d": 0.147727966, "p": 71, "v": 55}], "pos": -1.0, "size": 1.0, "_time": 29.4375}, {"$id": 91, "sounds": [{"d": 0.267045975, "p": 74, "v": 50}], "size": 1.0, "_time": 29.703125, "pos": 0}, {"$id": 92, "sounds": [{"d": 0.142045975, "p": 81, "v": 61}], "pos": 1.0, "size": 1.0, "_time": 29.9726563}, {"$id": 93, "sounds": [{"d": 0.267045975, "p": 85, "v": 81}], "pos": 0.5, "size": 1.0, "_time": 30.5234375}, {"$id": 94, "sounds": [{"d": 0.289773941, "p": 50, "v": 74}], "pos": -1.5, "size": 1.30000007, "_time": 30.5664063}, {"$id": 95, "sounds": [{"d": 0.289773941, "p": 78, "v": 66}], "pos": -0.5, "size": 1.0, "_time": 30.8085938}, {"$id": 96, "sounds": [{"d": 0.323863983, "p": 74, "v": 41}], "pos": -1.0, "size": 1.0, "_time": 31.0859375}, {"$id": 97, "sounds": [{"d": 0.164772034, "p": 81, "v": 67}], "size": 1.0, "_time": 31.3710938, "pos": 0}, {"$id": 98, "sounds": [{"d": 0.147727966, "p": 66, "v": 44}], "pos": -1.5, "size": 1.0, "_time": 31.6523438}, {"$id": 99, "sounds": [{"d": 0.3181839, "p": 50, "v": 62}], "pos": -1.5, "size": 1.30000007, "_time": 32.7148438}, {"$id": 100, "sounds": [{"d": 0.267044067, "p": 76, "v": 66}], "pos": 0.5, "size": 1.0, "_time": 32.7226563}, {"$id": 101, "sounds": [{"d": 0.09090805, "p": 78, "v": 72}], "pos": 1.0, "size": 1.0, "_time": 32.9960938}, {"$id": 102, "sounds": [{"d": 0.176136017, "p": 88, "v": 85}], "pos": 1.5, "size": 1.0, "_time": 33.265625}, {"$id": 103, "sounds": [{"d": 0.142044067, "p": 86, "v": 77}], "pos": 1.0, "size": 1.0, "_time": 33.5390625}, {"$id": 104, "sounds": [{"d": 0.136363983, "p": 85, "v": 74}], "pos": 1.5, "size": 1.0, "_time": 33.8125}, {"$id": 105, "sounds": [{"d": 0.107955933, "p": 81, "v": 76}], "pos": 0.5, "size": 1.0, "_time": 34.078125}, {"$id": 106, "sounds": [{"d": 0.142044067, "p": 78, "v": 59}], "pos": -0.5, "size": 1.0, "_time": 34.36328}, {"$id": 107, "sounds": [{"d": 0.159091949, "p": 74, "v": 54}], "pos": -1.5, "size": 1.0, "_time": 34.625}, {"$id": 108, "sounds": [{"d": 0.159088135, "p": 83, "v": 53}], "pos": 1.5, "size": 1.0, "_time": 34.9101563}, {"$id": 109, "sounds": [{"d": 0.181819916, "p": 81, "v": 66}], "pos": 1.0, "size": 1.0, "_time": 35.0390625}, {"$id": 110, "sounds": [{"d": 0.159091949, "p": 76, "v": 65}], "pos": 0.5, "size": 1.0, "_time": 35.17578}, {"$id": 111, "sounds": [{"d": 0.153408051, "p": 74, "v": 62}], "size": 1.0, "_time": 35.3125, "pos": 0}, {"$id": 112, "sounds": [{"d": 0.1875, "p": 76, "v": 62}], "pos": 0.5, "size": 1.0, "_time": 35.44922}, {"$id": 113, "sounds": [{"d": 0.113636017, "p": 74, "v": 53}], "size": 1.0, "_time": 35.5859375, "pos": 0}, {"$id": 114, "sounds": [{"d": 0.142044067, "p": 71, "v": 61}], "pos": -0.5, "size": 1.0, "_time": 35.7226563}, {"$id": 115, "sounds": [{"d": 0.1761322, "p": 69, "v": 59}], "pos": -1.0, "size": 1.0, "_time": 35.859375}, {"$id": 116, "sounds": [{"d": 0.176136017, "p": 71, "v": 54}], "pos": 0.5, "size": 1.0, "_time": 35.9960938}, {"$id": 117, "sounds": [{"d": 0.1875, "p": 76, "v": 65}], "pos": 1.5, "size": 1.0, "_time": 36.1289063}, {"$id": 118, "sounds": [{"d": 0.159088135, "p": 71, "v": 61}], "pos": 0.5, "size": 1.0, "_time": 36.265625}, {"$id": 119, "sounds": [{"d": 0.153408051, "p": 69, "v": 64}], "size": 1.0, "_time": 36.4101563, "pos": 0}, {"$id": 120, "sounds": [{"d": 0.153408051, "p": 71, "v": 62}], "pos": -1.0, "size": 1.0, "_time": 36.5390625}, {"$id": 121, "sounds": [{"d": 0.1931839, "p": 76, "v": 67}], "size": 1.0, "_time": 36.67578, "pos": 0}, {"$id": 122, "sounds": [{"d": 0.136363983, "p": 71, "v": 54}], "pos": -1.0, "size": 1.0, "_time": 36.8125}, {"$id": 123, "sounds": [{"d": 0.147727966, "p": 69, "v": 74}], "pos": -1.5, "size": 1.0, "_time": 36.94922}, {"$id": 124, "sounds": [{"d": 0.164772034, "p": 71, "v": 60}], "pos": 0.5, "size": 1.0, "_time": 37.0859375}, {"$id": 125, "sounds": [{"d": 0.130680084, "p": 69, "v": 74}], "pos": -0.5, "size": 1.0, "_time": 37.2226563}, {"$id": 126, "sounds": [{"d": 0.147724152, "p": 64, "v": 61}], "pos": -1.5, "size": 1.0, "_time": 37.36328}, {"$id": 127, "sounds": [{"d": 0.142044067, "p": 69, "v": 72}], "pos": -0.5, "size": 1.0, "_time": 37.4960938}, {"$id": 128, "sounds": [{"d": 0.147724152, "p": 71, "v": 70}], "size": 1.0, "_time": 37.6289063, "pos": 0}, {"$id": 129, "sounds": [{"d": 0.170455933, "p": 69, "v": 65}], "pos": -1.0, "size": 1.0, "_time": 37.765625}, {"$id": 130, "sounds": [{"d": 0.164772034, "p": 71, "v": 66}], "size": 1.0, "_time": 37.9023438, "pos": 0}, {"$id": 131, "sounds": [{"d": 0.142044067, "p": 72, "v": 76}], "pos": 1.0, "size": 1.0, "_time": 38.0390625}, {"$id": 132, "sounds": [{"d": 0.107952118, "p": 71, "v": 74}], "pos": -1.0, "size": 1.0, "_time": 38.19922}, {"$id": 133, "sounds": [{"d": 0.0965881348, "p": 72, "v": 82}], "pos": 1.0, "size": 1.0, "_time": 38.30078}, {"$id": 134, "sounds": [{"d": 0.0965881348, "p": 71, "v": 77}], "pos": -1.0, "size": 1.0, "_time": 38.3710938}, {"$id": 135, "sounds": [{"d": 0.07954407, "p": 72, "v": 77}], "pos": 1.0, "size": 1.0, "_time": 38.4765625}, {"$id": 136, "sounds": [{"d": 0.107952118, "p": 71, "v": 76}], "pos": -1.0, "size": 1.0, "_time": 38.5390625}, {"$id": 137, "sounds": [{"d": 0.1306839, "p": 72, "v": 88}], "pos": 1.0, "size": 1.0, "_time": 38.6523438}, {"$id": 138, "sounds": [{"d": 0.2443161, "p": 71, "v": 88}], "pos": -1.0, "size": 1.0, "_time": 38.73828}, {"$id": 139, "sounds": [{"d": 0.289772034, "p": 69, "v": 79}], "size": 1.0, "_time": 38.9765625, "pos": 0}, {"$id": 140, "sounds": [{"d": 0.136363983, "p": 71, "v": 70}], "pos": -0.5, "size": 1.0, "_time": 39.2734375}, {"$id": 141, "sounds": [{"d": 0.159088135, "p": 69, "v": 74}], "pos": -1.5, "size": 1.0, "_time": 39.4101563}, {"$id": 142, "sounds": [{"d": 0.176136017, "p": 71, "v": 70}], "pos": -0.5, "size": 1.0, "_time": 39.546875}, {"$id": 143, "sounds": [{"d": 0.07954407, "p": 76, "v": 79}], "pos": 0.5, "size": 1.0, "_time": 39.6835938}, {"$id": 144, "sounds": [{"d": 0.147727966, "p": 83, "v": 85}], "size": 1.0, "_time": 39.8164063, "pos": 0}, {"$id": 145, "sounds": [{"d": 0.153411865, "p": 81, "v": 84}], "pos": -1.0, "size": 1.0, "_time": 39.953125}, {"$id": 146, "sounds": [{"d": 0.176136017, "p": 83, "v": 85}], "size": 1.0, "_time": 40.0859375, "pos": 0}, {"$id": 147, "sounds": [{"d": 0.164772034, "p": 88, "v": 88}], "pos": 1.0, "size": 1.0, "_time": 40.2226563}, {"$id": 148, "sounds": [{"d": 0.136363983, "p": 76, "v": 81}], "pos": 0.5, "size": 1.0, "_time": 40.359375}, {"$id": 149, "sounds": [{"d": 0.176136017, "p": 74, "v": 79}], "pos": -0.5, "size": 1.0, "_time": 40.4960938}, {"$id": 150, "sounds": [{"d": 0.1818161, "p": 76, "v": 74}], "pos": 0.5, "size": 1.0, "_time": 40.6289063}, {"$id": 151, "sounds": [{"d": 0.107952118, "p": 83, "v": 77}], "pos": 1.5, "size": 1.0, "_time": 40.7734375}, {"$id": 152, "sounds": [{"d": 0.113636017, "p": 88, "v": 77}], "pos": 1.0, "size": 1.0, "_time": 40.9023438}, {"$id": 153, "sounds": [{"d": 0.164772034, "p": 86, "v": 77}], "size": 1.0, "_time": 41.0351563, "pos": 0}, {"$id": 154, "sounds": [{"d": 0.170455933, "p": 88, "v": 81}], "pos": 1.0, "size": 1.0, "_time": 41.17578}, {"$id": 155, "sounds": [{"d": 0.1306839, "p": 95, "v": 82}], "pos": 2.0, "size": 1.0, "_time": 41.3125}, {"$id": 156, "sounds": [{"d": 0.0681800842, "p": 95, "v": 85}], "size": 1.0, "_time": 41.453125, "pos": 0}, {"$id": 157, "sounds": [{"d": 0.07954407, "p": 96, "v": 89}], "pos": 1.5, "size": 1.0, "_time": 41.5273438}, {"$id": 158, "sounds": [{"d": 0.09659195, "p": 95, "v": 59}], "size": 1.0, "_time": 41.625, "pos": 0}, {"$id": 159, "sounds": [{"d": 0.0625, "p": 96, "v": 88}], "pos": 1.5, "size": 1.0, "_time": 41.7226563}, {"$id": 160, "sounds": [{"d": 0.07386398, "p": 95, "v": 71}], "size": 1.0, "_time": 41.80078, "pos": 0}, {"$id": 161, "sounds": [{"d": 0.08522797, "p": 96, "v": 98}], "pos": 1.5, "size": 1.0, "_time": 41.8789063}, {"$id": 162, "sounds": [{"d": 0.07386398, "p": 95, "v": 87}], "size": 1.0, "_time": 41.9648438, "pos": 0}, {"$id": 163, "sounds": [{"d": 0.0568199158, "p": 93, "v": 81}], "pos": -1.0, "size": 1.0, "_time": 42.26172}, {"$id": 164, "sounds": [{"d": 0.0681800842, "p": 88, "v": 87}], "pos": -0.5, "size": 1.0, "_time": 42.515625}, {"$id": 165, "sounds": [{"d": 0.102272034, "p": 89, "v": 62}], "pos": 1.0, "size": 1.0, "_time": 42.5898438}, {"$id": 166, "sounds": [{"d": 0.0965881348, "p": 88, "v": 62}], "pos": -0.5, "size": 1.0, "_time": 42.6875}, {"$id": 167, "sounds": [{"d": 0.07386017, "p": 89, "v": 62}], "pos": 1.0, "size": 1.0, "_time": 42.796875}, {"$id": 168, "sounds": [{"d": 0.09090805, "p": 88, "v": 62}], "pos": -0.5, "size": 1.0, "_time": 42.86328}, {"$id": 169, "sounds": [{"d": 0.107955933, "p": 89, "v": 64}], "pos": 1.0, "size": 1.0, "_time": 42.9648438}, {"$id": 170, "sounds": [{"d": 0.102272034, "p": 88, "v": 91}], "pos": -0.5, "size": 1.0, "_time": 43.0390625}, {"$id": 171, "sounds": [{"d": 0.07386398, "p": 86, "v": 81}], "pos": -1.5, "size": 1.0, "_time": 43.3359375}, {"$id": 172, "sounds": [{"d": 0.164772034, "p": 95, "v": 60}], "pos": 2.0, "size": 1.0, "_time": 43.63672}, {"$id": 173, "sounds": [{"d": 0.125, "p": 93, "v": 58}], "pos": 1.5, "size": 1.0, "_time": 43.765625}, {"$id": 174, "sounds": [{"d": 0.113636017, "p": 88, "v": 57}], "pos": 1.0, "size": 1.0, "_time": 43.9023438}, {"$id": 175, "sounds": [{"d": 0.107955933, "p": 86, "v": 57}], "pos": 0.5, "size": 1.0, "_time": 44.0390625}, {"$id": 176, "sounds": [{"d": 0.164772034, "p": 88, "v": 67}], "pos": 1.5, "size": 1.0, "_time": 44.1640625}, {"$id": 177, "sounds": [{"d": 0.107955933, "p": 86, "v": 72}], "pos": 1.0, "size": 1.0, "_time": 44.3164063}, {"$id": 178, "sounds": [{"d": 0.159091949, "p": 83, "v": 72}], "pos": 0.5, "size": 1.0, "_time": 44.44922}, {"$id": 179, "sounds": [{"d": 0.159091949, "p": 81, "v": 55}], "size": 1.0, "_time": 44.5859375, "pos": 0}, {"$id": 180, "sounds": [{"d": 0.193180084, "p": 83, "v": 56}], "pos": 0.5, "size": 1.0, "_time": 44.7148438}, {"$id": 181, "sounds": [{"d": 0.176136017, "p": 88, "v": 58}], "pos": 1.5, "size": 1.0, "_time": 44.859375}, {"$id": 182, "sounds": [{"d": 0.164772034, "p": 83, "v": 52}], "pos": 0.5, "size": 1.0, "_time": 44.9960938}, {"$id": 183, "sounds": [{"d": 0.170455933, "p": 81, "v": 51}], "pos": -0.5, "size": 1.0, "_time": 45.13672}, {"$id": 184, "sounds": [{"d": 0.153408051, "p": 83, "v": 54}], "size": 1.0, "_time": 45.2539063, "pos": 0}, {"$id": 185, "sounds": [{"d": 0.176136017, "p": 86, "v": 46}], "pos": 1.0, "size": 1.0, "_time": 45.390625}, {"$id": 186, "sounds": [{"d": 0.136363983, "p": 83, "v": 46}], "size": 1.0, "_time": 45.5273438, "pos": 0}, {"$id": 187, "sounds": [{"d": 0.153408051, "p": 81, "v": 45}], "pos": -1.0, "size": 1.0, "_time": 45.6640625}, {"$id": 188, "sounds": [{"d": 0.176136017, "p": 83, "v": 52}], "size": 1.0, "_time": 45.80078, "pos": 0}, {"$id": 189, "sounds": [{"d": 0.107955933, "p": 81, "v": 64}], "pos": -0.5, "size": 1.0, "_time": 45.9414063}, {"$id": 190, "sounds": [{"d": 0.142044067, "p": 76, "v": 56}], "pos": -1.0, "size": 1.0, "_time": 46.078125}, {"$id": 191, "sounds": [{"d": 0.142044067, "p": 74, "v": 72}], "pos": -1.5, "size": 1.0, "_time": 46.2148438}, {"$id": 192, "sounds": [{"d": 0.119319916, "p": 76, "v": 76}], "pos": -0.5, "size": 1.0, "_time": 46.36328}, {"$id": 193, "sounds": [{"d": 0.142044067, "p": 83, "v": 60}], "pos": 0.5, "size": 1.0, "_time": 46.5039063}, {"$id": 194, "sounds": [{"d": 0.142047882, "p": 76, "v": 77}], "pos": -0.5, "size": 1.0, "_time": 46.63672}, {"$id": 195, "sounds": [{"d": 0.176136017, "p": 74, "v": 80}], "pos": -1.5, "size": 1.0, "_time": 46.765625}, {"$id": 196, "sounds": [{"d": 0.170455933, "p": 76, "v": 89}], "pos": 0.5, "size": 1.0, "_time": 46.9023438}, {"$id": 197, "sounds": [{"d": 0.170455933, "p": 81, "v": 60}], "pos": 1.5, "size": 1.0, "_time": 47.0390625}, {"$id": 198, "sounds": [{"d": 0.159091949, "p": 76, "v": 66}], "pos": 0.5, "size": 1.0, "_time": 47.17578}, {"$id": 199, "sounds": [{"d": 0.181819916, "p": 74, "v": 68}], "pos": -0.5, "size": 1.0, "_time": 47.3125}, {"$id": 200, "sounds": [{"d": 0.1875, "p": 76, "v": 76}], "size": 1.0, "_time": 47.44922, "pos": 0}, {"$id": 201, "sounds": [{"d": 0.153408051, "p": 79, "v": 57}], "pos": 1.0, "size": 1.0, "_time": 47.5859375}, {"$id": 202, "sounds": [{"d": 0.147727966, "p": 76, "v": 74}], "size": 1.0, "_time": 47.7226563, "pos": 0}, {"$id": 203, "sounds": [{"d": 0.113636017, "p": 74, "v": 56}], "pos": -1.0, "size": 1.0, "_time": 47.859375}, {"$id": 204, "sounds": [{"d": 0.136363983, "p": 76, "v": 72}], "pos": 0.5, "size": 1.0, "_time": 48.0}, {"$id": 205, "sounds": [{"d": 0.1761322, "p": 74, "v": 81}], "size": 1.0, "_time": 48.1289063, "pos": 0}, {"$id": 206, "sounds": [{"d": 0.147727966, "p": 71, "v": 65}], "pos": -0.5, "size": 1.0, "_time": 48.265625}, {"$id": 207, "sounds": [{"d": 0.176136017, "p": 69, "v": 84}], "pos": -1.0, "size": 1.0, "_time": 48.4023438}, {"$id": 208, "sounds": [{"d": 0.147727966, "p": 71, "v": 67}], "pos": -0.5, "size": 1.0, "_time": 48.5390625}, {"$id": 209, "sounds": [{"d": 0.136363983, "p": 74, "v": 80}], "size": 1.0, "_time": 48.67578, "pos": 0}, {"$id": 210, "sounds": [{"d": 0.164772034, "p": 76, "v": 81}], "pos": 0.5, "size": 1.0, "_time": 48.8125}, {"$id": 211, "sounds": [{"d": 0.187503815, "p": 81, "v": 56}], "pos": 1.0, "size": 1.0, "_time": 48.9414063}, {"$id": 212, "sounds": [{"d": 0.113636017, "p": 83, "v": 77}], "pos": 1.5, "size": 1.0, "_time": 49.0859375}, {"$id": 213, "sounds": [{"d": 0.136363983, "p": 89, "v": 76}], "pos": 1.0, "size": 1.0, "_time": 50.1835938}, {"$id": 214, "sounds": [{"d": 0.1818161, "p": 83, "v": 81}], "pos": 0.5, "size": 1.0, "_time": 50.3125}, {"$id": 215, "sounds": [{"d": 0.1306839, "p": 81, "v": 80}], "size": 1.0, "_time": 50.44922, "pos": 0}, {"$id": 216, "sounds": [{"d": 0.153408051, "p": 76, "v": 82}], "pos": -0.5, "size": 1.0, "_time": 50.5664063}, {"$id": 217, "sounds": [{"d": 0.130680084, "p": 81, "v": 76}], "size": 1.0, "_time": 50.7226563, "pos": 0}, {"$id": 218, "sounds": [{"d": 0.1193161, "p": 76, "v": 81}], "pos": -0.5, "size": 1.0, "_time": 50.8476563}, {"$id": 219, "sounds": [{"d": 0.159091949, "p": 81, "v": 74}], "size": 1.0, "_time": 50.98828, "pos": 0}, {"$id": 220, "sounds": [{"d": 0.210227966, "p": 83, "v": 72}], "pos": 0.5, "size": 1.0, "_time": 51.125}, {"$id": 221, "sounds": [{"d": 0.130680084, "p": 88, "v": 68}], "pos": 2.0, "size": 1.0, "_time": 51.265625}, {"$id": 222, "sounds": [{"d": 0.335227966, "p": 43, "v": 82}], "pos": -1.5, "size": 1.0, "_time": 52.3398438}, {"$id": 223, "sounds": [{"d": 1.0, "p": 79, "v": 88}, {"d": 1.0, "p": 82, "v": 74}, {"d": 1.073864, "p": 74, "v": 74}], "pos": 1.5, "size": 1.0, "_time": 52.3710938}, {"$id": 224, "sounds": [{"d": 0.107952118, "p": 74, "v": 65}, {"d": 0.107952118, "p": 70, "v": 59}, {"w": 0.0078125, "d": 0.07954407, "p": 67, "v": 55}], "pos": 1.0, "size": 1.30000007, "_time": 54.2148438}, {"$id": 225, "sounds": [{"d": 0.289772034, "p": 50, "v": 87}], "pos": -1.0, "size": 1.0, "_time": 54.26172}, {"$id": 226, "sounds": [{"d": 0.721588135, "p": 74, "v": 81}, {"w": 0.00390625, "d": 0.625, "p": 67, "v": 79}, {"w": 0.00390625, "d": 0.625, "p": 70, "v": 71}], "pos": 1.0, "size": 1.30000007, "_time": 54.5234375}, {"$id": 227, "sounds": [{"d": 0.301136017, "p": 43, "v": 77}], "pos": -1.0, "size": 1.0, "_time": 54.5390625}, {"$id": 228, "sounds": [{"d": 0.454547882, "p": 67, "v": 74}], "pos": 0.5, "size": 1.0, "_time": 55.515625}, {"$id": 229, "sounds": [{"d": 0.4375038, "p": 70, "v": 87}], "pos": 1.0, "size": 1.0, "_time": 55.5585938}, {"$id": 230, "sounds": [{"d": 0.204544067, "p": 57, "v": 76}], "pos": -1.0, "size": 1.0, "_time": 55.63672}, {"$id": 231, "sounds": [{"d": 0.340911865, "p": 76, "v": 98}], "pos": 2.0, "size": 1.30000007, "_time": 55.6523438}, {"$id": 232, "sounds": [{"d": 0.278408051, "p": 74, "v": 84}, {"d": 0.261363983, "p": 70, "v": 81}, {"w": 0.0078125, "d": 0.289772034, "p": 67, "v": 79}], "pos": 1.5, "size": 1.30000007, "_time": 56.17578}, {"$id": 233, "sounds": [{"d": 0.204544067, "p": 53, "v": 72}], "pos": -0.5, "size": 1.0, "_time": 56.1875}, {"$id": 234, "sounds": [{"d": 0.5568161, "p": 66, "v": 76}, {"w": 0.00390625, "d": 0.551136, "p": 69, "v": 85}, {"w": 0.01171875, "d": 0.522727966, "p": 73, "v": 74}], "pos": 0.5, "size": 1.30000007, "_time": 56.7226563}, {"$id": 235, "sounds": [{"d": 0.3125, "p": 38, "v": 87}], "pos": -1.5, "size": 1.0, "_time": 56.7226563}, {"$id": 236, "sounds": [{"d": 0.124996185, "p": 76, "v": 76}, {"w": 0.00390625, "d": 0.113636017, "p": 66, "v": 61}, {"w": 0.015625, "d": 0.0681800842, "p": 69, "v": 81}], "pos": 0.5, "size": 1.30000007, "_time": 57.51172}, {"$id": 237, "sounds": [{"d": 0.306819916, "p": 52, "v": 57}], "pos": -1.5, "size": 1.0, "_time": 57.5234375}, {"$id": 238, "sounds": [{"d": 0.238636017, "p": 54, "v": 77}], "pos": -1.5, "size": 1.0, "_time": 57.8085938}, {"$id": 239, "sounds": [{"d": 0.357955933, "p": 76, "v": 88}, {"d": 0.289772034, "p": 66, "v": 71}, {"w": 0.00390625, "d": 0.306819916, "p": 69, "v": 92}], "pos": 0.5, "size": 1.30000007, "_time": 57.8125}, {"$id": 240, "sounds": [{"d": 0.07954407, "p": 61, "v": 84}], "pos": -1.0, "size": 1.0, "_time": 58.609375}, {"$id": 241, "sounds": [{"d": 0.125, "p": 81, "v": 72}, {"d": 0.102272034, "p": 78, "v": 77}, {"w": 0.01171875, "d": 0.07386398, "p": 73, "v": 45}], "pos": 1.0, "size": 1.30000007, "_time": 58.61328}, {"$id": 242, "sounds": [{"d": 0.238636017, "p": 73, "v": 85}, {"w": 0.00390625, "d": 0.272727966, "p": 78, "v": 85}, {"w": 0.00390625, "d": 0.284091949, "p": 81, "v": 87}], "pos": 1.0, "size": 1.30000007, "_time": 58.88672}, {"$id": 243, "sounds": [{"d": 0.3125, "p": 38, "v": 87}], "pos": -1.0, "size": 1.0, "_time": 58.8984375}, {"$id": 244, "sounds": [{"d": 0.1193161, "p": 78, "v": 76}, {"w": 0.00390625, "d": 0.142044067, "p": 85, "v": 74}, {"w": 0.015625, "d": 0.0681800842, "p": 81, "v": 85}], "pos": 1.5, "size": 1.30000007, "_time": 59.6835938}, {"$id": 245, "sounds": [{"d": 0.267044067, "p": 52, "v": 64}], "pos": -0.5, "size": 1.0, "_time": 59.7148438}, {"$id": 246, "sounds": [{"d": 0.6704521, "p": 78, "v": 81}, {"d": 0.710224152, "p": 85, "v": 84}, {"w": 0.0078125, "d": 0.676136, "p": 81, "v": 92}], "pos": 1.5, "size": 1.30000007, "_time": 59.9765625}, {"$id": 247, "sounds": [{"d": 0.227272034, "p": 54, "v": 71}], "pos": -0.5, "size": 1.0, "_time": 59.98828}, {"$id": 248, "sounds": [{"d": 0.323863983, "p": 69, "v": 110}], "pos": -0.5, "size": 1.0, "_time": 62.1835938}, {"$id": 249, "sounds": [{"d": 0.3181839, "p": 74, "v": 97}], "pos": 0.5, "size": 1.0, "_time": 62.4609375}, {"$id": 250, "sounds": [{"d": 0.340911865, "p": 79, "v": 110}], "pos": 1.5, "size": 1.0, "_time": 62.7460938}, {"$id": 251, "sounds": [{"d": 0.585224152, "p": 76, "v": 101}], "pos": 0.5, "size": 1.0, "_time": 63.05078}, {"$id": 252, "sounds": [{"d": 0.511360168, "p": 74, "v": 98}], "size": 1.0, "_time": 63.6210938, "pos": 0}, {"$id": 253, "sounds": [{"d": 0.579544067, "p": 69, "v": 93}], "pos": -1.0, "size": 1.0, "_time": 64.12891}, {"$id": 254, "sounds": [{"d": 0.579544067, "p": 67, "v": 104}], "pos": -2.0, "size": 1.0, "_time": 64.67578}, {"$id": 255, "sounds": [{"d": 0.3068161, "p": 69, "v": 98}], "pos": -1.0, "size": 1.0, "_time": 65.21484}, {"$id": 256, "sounds": [{"d": 0.403411865, "p": 67, "v": 100}], "pos": -2.0, "size": 1.0, "_time": 65.52344}, {"$id": 257, "sounds": [{"d": 0.4431839, "p": 69, "v": 101}], "pos": -1.0, "size": 1.0, "_time": 65.90234}, {"$id": 258, "sounds": [{"d": 1.17045593, "p": 74, "v": 97}], "pos": 0.5, "size": 1.0, "_time": 66.34766}, {"$id": 259, "sounds": [{"d": 0.613639832, "p": 76, "v": 98}], "pos": -1.0, "size": 1.0, "_time": 68.46484}, {"$id": 260, "sounds": [{"d": 0.68182373, "p": 81, "v": 90}], "pos": 1.0, "size": 1.0, "_time": 69.03516}, {"$id": 261, "sounds": [{"d": 0.0965881348, "p": 66, "v": 96}], "pos": -2.0, "size": 1.0, "_time": 69.82422}, {"$id": 262, "sounds": [{"d": 0.147727966, "p": 67, "v": 89}], "pos": -1.5, "size": 1.0, "_time": 69.96094}, {"$id": 263, "sounds": [{"d": 0.159088135, "p": 69, "v": 105}], "pos": -1.0, "size": 1.0, "_time": 70.078125}, {"$id": 264, "sounds": [{"d": 0.1818161, "p": 74, "v": 83}], "pos": -0.5, "size": 1.0, "_time": 70.203125}, {"$id": 265, "sounds": [{"d": 0.1193161, "p": 73, "v": 104}], "pos": -1.5, "size": 1.0, "_time": 70.37109}, {"$id": 266, "sounds": [{"d": 0.159088135, "p": 74, "v": 96}], "pos": -1.0, "size": 1.0, "_time": 70.5}, {"$id": 267, "sounds": [{"d": 0.1647644, "p": 76, "v": 107}], "pos": -0.5, "size": 1.0, "_time": 70.625}, {"$id": 268, "sounds": [{"d": 0.164772034, "p": 81, "v": 74}], "size": 1.0, "_time": 70.75391, "pos": 0}, {"$id": 269, "sounds": [{"d": 0.18182373, "p": 79, "v": 83}], "pos": -0.5, "size": 1.0, "_time": 70.890625}, {"$id": 270, "sounds": [{"d": 0.1193161, "p": 78, "v": 114}], "pos": -1.5, "size": 1.0, "_time": 71.03516}, {"$id": 271, "sounds": [{"d": 0.164772034, "p": 79, "v": 90}], "pos": -0.5, "size": 1.0, "_time": 71.16016}, {"$id": 272, "sounds": [{"d": 0.164772034, "p": 81, "v": 108}], "pos": 0.5, "size": 1.0, "_time": 71.30078}, {"$id": 273, "sounds": [{"d": 0.164779663, "p": 83, "v": 89}], "pos": -0.5, "size": 1.0, "_time": 71.44141}, {"$id": 274, "sounds": [{"d": 0.11932373, "p": 85, "v": 91}], "size": 1.0, "_time": 71.578125, "pos": 0}, {"$id": 275, "sounds": [{"d": 0.147727966, "p": 86, "v": 89}], "pos": 0.5, "size": 1.0, "_time": 71.72266}, {"$id": 276, "sounds": [{"d": 0.176139832, "p": 88, "v": 99}], "pos": 1.0, "size": 1.0, "_time": 71.87109}, {"$id": 277, "sounds": [{"d": 0.5170517, "p": 93, "v": 105}], "pos": 1.5, "size": 1.0, "_time": 72.02344}, {"$id": 278, "sounds": [{"d": 0.30682373, "p": 91, "v": 63}, {"d": 0.8806915, "p": 86, "v": 86}], "pos": 1.5, "size": 1.30000007, "_time": 72.53516}, {"$id": 279, "sounds": [{"d": 0.227272034, "p": 55, "v": 60}], "pos": -0.5, "size": 1.0, "_time": 72.53906}, {"$id": 280, "sounds": [{"d": 0.6363678, "p": 90, "v": 99}], "pos": 0.5, "size": 1.30000007, "_time": 72.81641}, {"$id": 281, "sounds": [{"d": 0.2443161, "p": 50, "v": 71}], "pos": -1.5, "size": 1.0, "_time": 72.81641}, {"$id": 282, "sounds": [{"d": 0.3238678, "p": 38, "v": 74}], "pos": -1.0, "size": 1.0, "_time": 74.171875}, {"$id": 283, "sounds": [{"d": 0.301139832, "p": 91, "v": 108}, {"d": 0.659095764, "p": 86, "v": 100}], "pos": 1.5, "size": 1.30000007, "_time": 74.18359}, {"$id": 284, "sounds": [{"d": 0.25, "p": 45, "v": 77}], "pos": -1.5, "size": 1.0, "_time": 74.44922}, {"$id": 285, "sounds": [{"d": 0.3920517, "p": 90, "v": 114}], "pos": 1.0, "size": 1.30000007, "_time": 74.453125}, {"$id": 286, "sounds": [{"d": 0.5113678, "p": 93, "v": 105}, {"w": 0.00390625, "d": 0.5, "p": 88, "v": 100}], "pos": 1.5, "size": 1.30000007, "_time": 74.94922}, {"$id": 287, "sounds": [{"d": 0.221588135, "p": 45, "v": 81}], "pos": -1.0, "size": 1.0, "_time": 74.99609}, {"$id": 288, "sounds": [{"d": 0.4318161, "p": 91, "v": 95}, {"d": 0.454544067, "p": 86, "v": 98}], "pos": 1.0, "size": 1.30000007, "_time": 75.53516}, {"$id": 289, "sounds": [{"d": 0.147727966, "p": 45, "v": 64}], "pos": -1.0, "size": 1.0, "_time": 75.53906}, {"$id": 290, "sounds": [{"d": 0.295455933, "p": 62, "v": 75}], "pos": -1.5, "size": 1.0, "_time": 76.06641}, {"$id": 291, "sounds": [{"d": 0.272727966, "p": 67, "v": 72}], "pos": -0.5, "size": 1.0, "_time": 76.36328}, {"$id": 292, "sounds": [{"d": 0.295455933, "p": 69, "v": 91}], "pos": 0.5, "size": 1.0, "_time": 76.63672}, {"$id": 293, "sounds": [{"d": 0.301139832, "p": 74, "v": 98}], "pos": 1.5, "size": 1.0, "_time": 76.87891}, {"$id": 294, "sounds": [{"d": 0.596588135, "p": 73, "v": 100}], "pos": 0.5, "size": 1.0, "_time": 77.171875}, {"$id": 295, "sounds": [{"d": 0.340904236, "p": 43, "v": 72}], "pos": -1.5, "size": 1.30000007, "_time": 78.53906}, {"$id": 296, "sounds": [{"d": 0.3125, "p": 83, "v": 84}], "pos": 1.5, "size": 1.0, "_time": 78.56641}, {"$id": 297, "sounds": [{"d": 0.278404236, "p": 79, "v": 72}], "pos": 0.5, "size": 1.0, "_time": 78.83984}, {"$id": 298, "sounds": [{"d": 0.573860168, "p": 74, "v": 74}], "pos": -0.5, "size": 1.0, "_time": 79.109375}, {"$id": 299, "sounds": [{"d": 0.392044067, "p": 81, "v": 66}], "pos": 0.5, "size": 1.0, "_time": 79.375}, {"$id": 300, "sounds": [{"d": 0.221588135, "p": 59, "v": 55}], "pos": -2.0, "size": 1.0, "_time": 80.171875}, {"$id": 301, "sounds": [{"d": 0.3125, "p": 74, "v": 53}], "size": 1.0, "_time": 80.19922, "pos": 0}, {"$id": 302, "sounds": [{"d": 0.323860168, "p": 43, "v": 79}], "pos": -1.0, "size": 1.30000007, "_time": 80.71094}, {"$id": 303, "sounds": [{"d": 0.227272034, "p": 85, "v": 84}], "pos": 1.5, "size": 1.0, "_time": 80.72266}, {"$id": 304, "sounds": [{"d": 0.215911865, "p": 79, "v": 72}], "pos": 0.5, "size": 1.0, "_time": 80.98828}, {"$id": 305, "sounds": [{"d": 0.164772034, "p": 74, "v": 56}], "pos": -0.5, "size": 1.0, "_time": 81.27344}, {"$id": 306, "sounds": [{"d": 0.1818161, "p": 83, "v": 74}], "pos": 0.5, "size": 1.0, "_time": 81.546875}, {"$id": 307, "sounds": [{"d": 0.272727966, "p": 74, "v": 59}], "pos": -0.5, "size": 1.0, "_time": 82.10156}, {"$id": 308, "sounds": [{"d": 0.176139832, "p": 81, "v": 67}], "pos": 0.5, "size": 1.0, "_time": 82.375}, {"$id": 309, "sounds": [{"d": 0.164772034, "p": 74, "v": 47}], "pos": -0.5, "size": 1.0, "_time": 82.625}, {"$id": 310, "sounds": [{"d": 0.232955933, "p": 85, "v": 88}], "pos": 1.0, "size": 1.0, "_time": 82.89844}, {"$id": 311, "sounds": [{"d": 0.267044067, "p": 78, "v": 61}], "size": 1.0, "_time": 83.16016, "pos": 0}, {"$id": 312, "sounds": [{"d": 0.232955933, "p": 74, "v": 57}], "pos": -1.5, "size": 1.0, "_time": 83.44922}, {"$id": 313, "sounds": [{"d": 0.136360168, "p": 81, "v": 70}], "size": 1.0, "_time": 83.74609, "pos": 0}, {"$id": 314, "sounds": [{"d": 0.164772034, "p": 45, "v": 68}], "pos": -1.5, "size": 1.0, "_time": 84.265625}, {"$id": 315, "sounds": [{"d": 0.272727966, "p": 74, "v": 55}], "pos": 1.0, "size": 1.0, "_time": 84.296875}, {"$id": 316, "sounds": [{"d": 0.215911865, "p": 54, "v": 71}], "pos": -0.5, "size": 1.0, "_time": 84.53906}, {"$id": 317, "sounds": [{"d": 0.1306839, "p": 78, "v": 70}], "pos": 1.5, "size": 1.0, "_time": 84.5625}, {"$id": 318, "sounds": [{"d": 0.267044067, "p": 38, "v": 74}], "pos": -1.5, "size": 1.0, "_time": 85.078125}, {"$id": 319, "sounds": [{"d": 0.295455933, "p": 76, "v": 81}], "pos": 0.5, "size": 1.0, "_time": 85.08984}, {"$id": 320, "sounds": [{"d": 0.159088135, "p": 78, "v": 71}], "pos": 1.0, "size": 1.0, "_time": 85.35156}, {"$id": 321, "sounds": [{"d": 0.261360168, "p": 45, "v": 77}], "pos": -1.0, "size": 1.0, "_time": 85.35156}, {"$id": 322, "sounds": [{"d": 0.0965881348, "p": 88, "v": 81}], "pos": 2.0, "size": 1.0, "_time": 85.625}, {"$id": 323, "sounds": [{"d": 0.2443161, "p": 50, "v": 48}], "pos": -0.5, "size": 1.0, "_time": 85.625}, {"$id": 324, "sounds": [{"d": 0.198860168, "p": 45, "v": 81}], "pos": -1.5, "size": 1.0, "_time": 85.89844}, {"$id": 325, "sounds": [{"d": 0.289772034, "p": 74, "v": 82}], "pos": 0.5, "size": 1.0, "_time": 85.91016}, {"$id": 326, "sounds": [{"d": 0.210227966, "p": 52, "v": 61}], "pos": -1.0, "size": 1.0, "_time": 86.16406}, {"$id": 327, "sounds": [{"d": 0.159088135, "p": 78, "v": 68}], "pos": 1.0, "size": 1.0, "_time": 86.18359}, {"$id": 328, "sounds": [{"d": 0.113639832, "p": 86, "v": 79}], "pos": 1.5, "size": 1.0, "_time": 86.43359}, {"$id": 329, "sounds": [{"d": 0.1931839, "p": 45, "v": 60}], "pos": -1.5, "size": 1.0, "_time": 86.43359}, {"$id": 330, "sounds": [{"d": 0.159088135, "p": 85, "v": 85}], "pos": 0.5, "size": 1.0, "_time": 86.72656}, {"$id": 331, "sounds": [{"d": 0.147720337, "p": 86, "v": 77}], "pos": 1.5, "size": 1.0, "_time": 86.875}, {"$id": 332, "sounds": [{"d": 0.153404236, "p": 85, "v": 74}], "pos": 0.5, "size": 1.0, "_time": 86.984375}, {"$id": 333, "sounds": [{"d": 0.1193161, "p": 81, "v": 72}], "pos": -0.5, "size": 1.0, "_time": 87.12109}, {"$id": 334, "sounds": [{"d": 0.2045517, "p": 74, "v": 64}, {"d": 0.289779663, "p": 83, "v": 72}, {"w": 0.00390625, "d": 0.232955933, "p": 78, "v": 82}], "pos": -1.5, "size": 1.30000007, "_time": 87.27344}, {"$id": 335, "sounds": [{"d": 0.3863678, "p": 83, "v": 66}], "pos": -0.5, "size": 1.0, "_time": 87.98828}, {"$id": 336, "sounds": [{"d": 0.102272034, "p": 86, "v": 64}], "pos": 0.5, "size": 1.0, "_time": 88.03906}, {"$id": 337, "sounds": [{"d": 0.30682373, "p": 90, "v": 96}], "pos": 1.0, "size": 1.0, "_time": 88.12109}, {"$id": 338, "sounds": [{"d": 0.164772034, "p": 90, "v": 74}], "pos": -1.0, "size": 1.0, "_time": 89.1875}, {"$id": 339, "sounds": [{"d": 0.159088135, "p": 91, "v": 89}], "pos": 1.5, "size": 1.0, "_time": 89.328125}, {"$id": 340, "sounds": [{"d": 0.102272034, "p": 90, "v": 98}], "pos": -1.0, "size": 1.0, "_time": 89.453125}, {"$id": 341, "sounds": [{"d": 0.136360168, "p": 90, "v": 84}], "pos": -1.0, "size": 1.0, "_time": 90.27344}, {"$id": 342, "sounds": [{"d": 0.142044067, "p": 91, "v": 91}], "pos": 1.5, "size": 1.0, "_time": 90.41016}, {"$id": 343, "sounds": [{"d": 0.0965957642, "p": 90, "v": 88}], "pos": -1.0, "size": 1.0, "_time": 90.546875}, {"$id": 344, "sounds": [{"d": 0.102272034, "p": 86, "v": 74}], "pos": 1.0, "size": 1.0, "_time": 90.8125}, {"$id": 345, "sounds": [{"d": 0.0965881348, "p": 83, "v": 70}], "size": 1.0, "_time": 91.078125, "pos": 0}, {"$id": 346, "sounds": [{"d": 0.07954407, "p": 79, "v": 72}], "pos": -1.0, "size": 1.0, "_time": 91.359375}, {"$id": 347, "sounds": [{"d": 0.323860168, "p": 78, "v": 74}], "pos": -1.5, "size": 1.0, "_time": 91.62891}, {"$id": 348, "sounds": [{"d": 0.1136322, "p": 76, "v": 57}], "pos": -1.0, "size": 1.0, "_time": 92.36328}, {"$id": 349, "sounds": [{"d": 0.0965881348, "p": 78, "v": 67}], "size": 1.0, "_time": 92.40234, "pos": 0}, {"$id": 350, "sounds": [{"d": 0.0681839, "p": 83, "v": 84}], "pos": 0.5, "size": 1.0, "_time": 92.46094}, {"$id": 351, "sounds": [{"d": 0.0681839, "p": 86, "v": 71}, {"w": 0.0078125, "d": 0.0454559326, "p": 88, "v": 79}], "pos": -0.5, "size": 1.0, "_time": 93.078125}, {"$id": 352, "sounds": [{"d": 0.0568161, "p": 93, "v": 82}], "pos": 1.5, "size": 1.0, "_time": 93.08594}, {"$id": 353, "sounds": [{"d": 0.0681839, "p": 81, "v": 57}, {"d": 0.0625, "p": 83, "v": 76}], "pos": -1.0, "size": 1.0, "_time": 93.46094}, {"$id": 354, "sounds": [{"d": 0.07954407, "p": 88, "v": 81}], "pos": 1.0, "size": 1.0, "_time": 93.46094}, {"$id": 355, "sounds": [{"d": 0.0681839, "p": 83, "v": 76}], "pos": 0.5, "size": 1.0, "_time": 93.81641}, {"$id": 356, "sounds": [{"d": 0.0681839, "p": 78, "v": 74}, {"d": 0.0738678, "p": 76, "v": 53}], "pos": -1.5, "size": 1.0, "_time": 93.81641}, {"$id": 357, "sounds": [{"d": 0.0625, "p": 76, "v": 68}, {"d": 0.0625, "p": 74, "v": 48}], "pos": -2.0, "size": 1.0, "_time": 94.1875}, {"$id": 358, "sounds": [{"d": 0.07954407, "p": 81, "v": 57}], "size": 1.0, "_time": 94.1875, "pos": 0}, {"$id": 359, "sounds": [{"d": 0.0909118652, "p": 83, "v": 68}], "pos": 0.5, "size": 1.0, "_time": 94.55078}, {"$id": 360, "sounds": [{"d": 0.0568161, "p": 76, "v": 52}, {"d": 0.0568161, "p": 78, "v": 76}], "pos": -1.5, "size": 1.0, "_time": 94.55859}, {"$id": 361, "sounds": [{"d": 0.147720337, "p": 85, "v": 66}], "pos": -0.5, "size": 1.0, "_time": 95.18359}, {"$id": 362, "sounds": [{"d": 0.159088135, "p": 86, "v": 77}], "pos": 0.5, "size": 1.0, "_time": 95.31641}, {"$id": 363, "sounds": [{"d": 0.301139832, "p": 85, "v": 80}], "pos": -0.5, "size": 1.0, "_time": 95.453125}, {"$id": 364, "sounds": [{"d": 0.30682373, "p": 81, "v": 71}], "size": 1.0, "_time": 95.72656, "pos": 0}, {"$id": 365, "sounds": [{"d": 0.1136322, "p": 83, "v": 82}], "pos": 1.0, "size": 1.0, "_time": 96.015625}, {"$id": 366, "sounds": [{"d": 0.8750076, "p": 83, "v": 53}], "size": 1.0, "_time": 96.703125, "pos": 0}, {"$id": 367, "sounds": [{"d": 0.113639832, "p": 85, "v": 62}], "pos": 1.0, "size": 1.0, "_time": 96.734375}, {"$id": 368, "sounds": [{"d": 0.710227966, "p": 90, "v": 89}], "pos": 1.5, "size": 1.0, "_time": 96.82422}, {"$id": 369, "sounds": [{"d": 0.3295517, "p": 85, "v": 74}], "pos": 1.0, "size": 1.0, "_time": 98.44922}, {"$id": 370, "sounds": [{"d": 0.2045517, "p": 83, "v": 76}], "size": 1.0, "_time": 98.72656, "pos": 0}, {"$id": 371, "sounds": [{"d": 0.215911865, "p": 78, "v": 66}], "pos": -1.0, "size": 1.0, "_time": 98.98828}, {"$id": 372, "sounds": [{"d": 0.1931839, "p": 83, "v": 81}], "size": 1.0, "_time": 99.265625, "pos": 0}, {"$id": 373, "sounds": [{"d": 0.198860168, "p": 85, "v": 79}], "pos": 1.0, "size": 1.0, "_time": 99.53906}, {"$id": 374, "sounds": [{"d": 0.08522797, "p": 90, "v": 77}], "pos": 1.5, "size": 1.0, "_time": 99.8125}, {"$id": 375, "sounds": [{"d": 0.210227966, "p": 91, "v": 60}], "pos": 2.0, "size": 1.0, "_time": 100.085938}, {"$id": 376, "sounds": [{"d": 0.08522797, "p": 86, "v": 71}], "pos": -1.0, "size": 1.0, "_time": 100.363281}, {"$id": 377, "sounds": [{"d": 0.102272034, "p": 90, "v": 87}], "pos": 1.5, "size": 1.0, "_time": 100.363281}, {"$id": 378, "sounds": [{"d": 0.125, "p": 81, "v": 39}], "pos": -0.5, "size": 1.0, "_time": 101.125}, {"$id": 379, "sounds": [{"d": 0.1136322, "p": 85, "v": 61}], "pos": 0.5, "size": 1.0, "_time": 101.171875}, {"$id": 380, "sounds": [{"d": 0.102272034, "p": 90, "v": 88}], "pos": 1.5, "size": 1.0, "_time": 101.246094}, {"$id": 381, "sounds": [{"d": 0.113639832, "p": 85, "v": 80}], "pos": 2.0, "size": 1.0, "_time": 101.589844}, {"$id": 382, "sounds": [{"d": 0.08522797, "p": 85, "v": 79}], "pos": 2.0, "size": 1.0, "_time": 101.878906}, {"$id": 383, "sounds": [{"d": 0.07954407, "p": 81, "v": 67}], "pos": 1.0, "size": 1.0, "_time": 102.089844}, {"$id": 384, "sounds": [{"d": 0.113639832, "p": 81, "v": 70}], "pos": 1.0, "size": 1.0, "_time": 102.289063}, {"$id": 385, "sounds": [{"d": 0.08522034, "p": 78, "v": 59}], "size": 1.0, "_time": 102.453125, "pos": 0}, {"$id": 386, "sounds": [{"d": 0.07954407, "p": 78, "v": 76}], "size": 1.0, "_time": 102.660156, "pos": 0}, {"$id": 387, "sounds": [{"d": 0.07386017, "p": 74, "v": 59}], "pos": -1.0, "size": 1.0, "_time": 102.847656}, {"$id": 388, "sounds": [{"d": 0.102272034, "p": 74, "v": 72}], "pos": -1.0, "size": 1.0, "_time": 103.035156}, {"$id": 389, "sounds": [{"d": 0.07386017, "p": 73, "v": 80}], "pos": -2.0, "size": 1.0, "_time": 103.175781}, {"$id": 390, "sounds": [{"d": 0.125, "p": 73, "v": 80}], "pos": -2.0, "size": 1.0, "_time": 103.339844}, {"$id": 391, "sounds": [{"d": 0.0909118652, "p": 74, "v": 76}], "size": 1.0, "_time": 103.5, "pos": 0}, {"$id": 392, "sounds": [{"d": 0.164772034, "p": 74, "v": 77}], "size": 1.0, "_time": 103.6875, "pos": 0}, {"$id": 393, "sounds": [{"d": 0.0909118652, "p": 78, "v": 74}], "pos": -1.0, "size": 1.0, "_time": 103.851563}, {"$id": 394, "sounds": [{"d": 0.1193161, "p": 81, "v": 76}], "pos": 1.0, "size": 1.0, "_time": 104.0625}, {"$id": 395, "sounds": [{"d": 0.164772034, "p": 85, "v": 67}], "size": 1.0, "_time": 104.324219, "pos": 0}, {"$id": 396, "sounds": [{"d": 0.2443161, "p": 86, "v": 71}], "pos": 2.0, "size": 1.0, "_time": 104.527344}, {"$id": 397, "sounds": [{"d": 0.335227966, "p": 85, "v": 77}], "size": 1.0, "_time": 104.726563, "pos": 0}, {"$id": 398, "sounds": [{"d": 0.414772034, "p": 74, "v": 52}], "pos": -1.0, "size": 1.0, "_time": 106.847656}, {"$id": 399, "sounds": [{"d": 0.403404236, "p": 78, "v": 77}], "pos": -0.5, "size": 1.0, "_time": 106.871094}, {"$id": 400, "sounds": [{"d": 0.375, "p": 83, "v": 85}], "pos": 0.5, "size": 1.0, "_time": 106.949219}, {"$id": 401, "sounds": [{"d": 0.4488678, "p": 79, "v": 61}], "pos": 0.5, "size": 1.0, "_time": 107.652344}, {"$id": 402, "sounds": [{"d": 0.3181839, "p": 83, "v": 74}], "pos": 1.0, "size": 1.0, "_time": 107.699219}, {"$id": 403, "sounds": [{"d": 0.392044067, "p": 90, "v": 87}], "pos": 2.0, "size": 1.0, "_time": 107.75}, {"$id": 404, "sounds": [{"d": 0.272727966, "p": 88, "v": 81}], "pos": 1.5, "size": 1.0, "_time": 108.261719}, {"$id": 405, "sounds": [{"d": 0.0965881348, "p": 86, "v": 76}], "pos": 1.0, "size": 1.0, "_time": 108.761719}, {"$id": 406, "sounds": [{"d": 0.4943161, "p": 81, "v": 65}], "pos": -1.5, "size": 1.0, "_time": 109.058594}, {"$id": 407, "sounds": [{"d": 0.4318161, "p": 85, "v": 81}], "pos": 0.5, "size": 1.0, "_time": 109.0625}, {"$id": 408, "sounds": [{"d": 0.272727966, "p": 86, "v": 79}], "pos": 1.0, "size": 1.0, "_time": 109.488281}, {"$id": 409, "sounds": [{"d": 0.153411865, "p": 85, "v": 70}], "pos": 0.5, "size": 1.0, "_time": 109.851563}, {"$id": 410, "sounds": [{"d": 0.0909118652, "p": 81, "v": 50}], "pos": -1.5, "size": 1.0, "_time": 110.183594}, {"$id": 411, "sounds": [{"d": 0.176139832, "p": 81, "v": 77}], "pos": -1.0, "size": 1.0, "_time": 111.261719}, {"$id": 412, "sounds": [{"d": 0.1761322, "p": 85, "v": 74}], "size": 1.0, "_time": 111.398438, "pos": 0}, {"$id": 413, "sounds": [{"d": 0.1875, "p": 86, "v": 79}], "pos": 1.0, "size": 1.0, "_time": 111.535156}, {"$id": 414, "sounds": [{"d": 0.1420517, "p": 85, "v": 68}], "size": 1.0, "_time": 111.671875, "pos": 0}, {"$id": 415, "sounds": [{"d": 0.153404236, "p": 81, "v": 68}], "pos": -1.0, "size": 1.0, "_time": 111.8125}, {"$id": 416, "sounds": [{"d": 0.170455933, "p": 85, "v": 70}], "size": 1.0, "_time": 111.949219, "pos": 0}, {"$id": 417, "sounds": [{"d": 0.278411865, "p": 86, "v": 84}], "pos": 1.0, "size": 1.0, "_time": 112.078125}, {"$id": 418, "sounds": [{"d": 0.1875, "p": 93, "v": 74}], "pos": 2.0, "size": 1.0, "_time": 112.359375}, {"$id": 419, "sounds": [{"d": 0.215911865, "p": 91, "v": 68}], "pos": 1.0, "size": 1.0, "_time": 112.765625}, {"$id": 420, "sounds": [{"d": 0.102272034, "p": 90, "v": 74}], "size": 1.0, "_time": 113.171875, "pos": 0}, {"$id": 421, "sounds": [{"d": 0.357955933, "p": 91, "v": 71}], "pos": 1.0, "size": 1.0, "_time": 113.441406}, {"$id": 422, "sounds": [{"d": 0.363639832, "p": 86, "v": 74}], "pos": -1.5, "size": 1.0, "_time": 113.441406}, {"$id": 423, "sounds": [{"d": 0.125, "p": 83, "v": 71}], "pos": 0.5, "size": 1.0, "_time": 114.738281}, {"$id": 424, "sounds": [{"d": 0.136360168, "p": 86, "v": 74}], "pos": 1.0, "size": 1.0, "_time": 114.777344}, {"$id": 425, "sounds": [{"d": 0.136360168, "p": 91, "v": 92}], "pos": 2.0, "size": 1.0, "_time": 114.875}, {"$id": 426, "sounds": [{"d": 0.125, "p": 90, "v": 87}], "pos": 1.5, "size": 1.0, "_time": 115.089844}, {"$id": 427, "sounds": [{"d": 0.102272034, "p": 86, "v": 74}], "pos": 1.0, "size": 1.0, "_time": 115.277344}, {"$id": 428, "sounds": [{"d": 0.07954407, "p": 83, "v": 76}], "pos": -1.0, "size": 1.0, "_time": 115.460938}, {"$id": 429, "sounds": [{"d": 0.0909042358, "p": 79, "v": 67}], "pos": 1.0, "size": 1.0, "_time": 115.640625}, {"$id": 430, "sounds": [{"d": 0.0909118652, "p": 78, "v": 89}], "size": 1.0, "_time": 115.828125, "pos": 0}, {"$id": 431, "sounds": [{"d": 0.107955933, "p": 74, "v": 82}], "pos": -1.0, "size": 1.0, "_time": 116.011719}, {"$id": 432, "sounds": [{"d": 0.113639832, "p": 78, "v": 92}], "size": 1.0, "_time": 116.1875, "pos": 0}, {"$id": 433, "sounds": [{"d": 0.113639832, "p": 79, "v": 91}], "pos": 1.0, "size": 1.0, "_time": 116.371094}, {"$id": 434, "sounds": [{"d": 0.0965881348, "p": 78, "v": 95}], "size": 1.0, "_time": 116.550781, "pos": 0}, {"$id": 435, "sounds": [{"d": 0.07954407, "p": 74, "v": 79}], "pos": -1.0, "size": 1.0, "_time": 116.734375}, {"$id": 436, "sounds": [{"d": 0.0909118652, "p": 71, "v": 84}], "pos": -2.0, "size": 1.0, "_time": 116.921875}, {"$id": 437, "sounds": [{"d": 0.07954407, "p": 67, "v": 80}], "size": 1.0, "_time": 117.101563, "pos": 0}, {"$id": 438, "sounds": [{"d": 0.113639832, "p": 66, "v": 81}], "pos": -1.0, "size": 1.0, "_time": 117.273438}, {"$id": 439, "sounds": [{"d": 0.125, "p": 67, "v": 74}], "pos": -2.0, "size": 1.0, "_time": 117.453125}, {"$id": 440, "sounds": [{"d": 0.113639832, "p": 74, "v": 79}], "pos": 1.0, "size": 1.0, "_time": 117.636719}, {"$id": 441, "sounds": [{"d": 0.715911865, "p": 73, "v": 82}], "pos": -1.0, "size": 1.0, "_time": 117.816406}, {"$id": 442, "sounds": [{"d": 0.3693161, "p": 69, "v": 70}], "pos": -2.0, "size": 1.0, "_time": 118.636719}, {"$id": 443, "sounds": [{"d": 0.232955933, "p": 69, "v": 84}], "pos": -1.5, "size": 1.0, "_time": 120.0}, {"$id": 444, "sounds": [{"d": 0.1931839, "p": 71, "v": 81}], "pos": -1.5, "size": 1.0, "_time": 120.183594}, {"$id": 445, "sounds": [{"d": 0.06817627, "p": 76, "v": 79}], "pos": 0.5, "size": 1.0, "_time": 120.363281}, {"$id": 446, "sounds": [{"d": 0.176139832, "p": 76, "v": 79}], "pos": -0.5, "size": 1.0, "_time": 120.546875}, {"$id": 447, "sounds": [{"d": 0.159088135, "p": 78, "v": 80}], "pos": 1.5, "size": 1.0, "_time": 120.726563}, {"$id": 448, "sounds": [{"d": 0.07386017, "p": 83, "v": 81}], "pos": 1.5, "size": 1.0, "_time": 120.910156}, {"$id": 449, "sounds": [{"d": 0.153404236, "p": 81, "v": 67}], "pos": -1.5, "size": 1.0, "_time": 121.089844}, {"$id": 450, "sounds": [{"d": 0.1818161, "p": 83, "v": 80}], "pos": -0.5, "size": 1.0, "_time": 121.226563}, {"$id": 451, "sounds": [{"d": 0.1420517, "p": 88, "v": 88}], "pos": 0.5, "size": 1.0, "_time": 121.363281}, {"$id": 452, "sounds": [{"d": 0.125, "p": 78, "v": 59}], "pos": -0.5, "size": 1.0, "_time": 121.5}, {"$id": 453, "sounds": [{"d": 0.159088135, "p": 81, "v": 65}], "size": 1.0, "_time": 121.636719, "pos": 0}, {"$id": 454, "sounds": [{"d": 0.187507629, "p": 83, "v": 74}], "pos": 0.5, "size": 1.0, "_time": 121.773438}, {"$id": 455, "sounds": [{"d": 0.153411865, "p": 88, "v": 85}], "pos": 1.0, "size": 1.0, "_time": 121.910156}, {"$id": 456, "sounds": [{"d": 0.13067627, "p": 83, "v": 59}], "pos": 0.5, "size": 1.0, "_time": 122.046875}, {"$id": 457, "sounds": [{"d": 0.3806839, "p": 90, "v": 61}], "pos": 1.5, "size": 1.0, "_time": 122.183594}, {"$id": 458, "sounds": [{"d": 0.1761322, "p": 98, "v": 104}], "pos": 2.0, "size": 1.0, "_time": 124.363281}, {"$id": 459, "sounds": [{"d": 0.125, "p": 97, "v": 92}], "pos": 1.5, "size": 1.0, "_time": 124.5}, {"$id": 460, "sounds": [{"d": 0.102272034, "p": 93, "v": 82}], "pos": 1.0, "size": 1.0, "_time": 124.636719}, {"$id": 461, "sounds": [{"d": 0.198860168, "p": 88, "v": 84}], "pos": 0.5, "size": 1.0, "_time": 124.773438}, {"$id": 462, "sounds": [{"d": 0.142044067, "p": 86, "v": 74}], "size": 1.0, "_time": 124.910156, "pos": 0}, {"$id": 463, "sounds": [{"d": 0.204544067, "p": 90, "v": 84}], "pos": 0.5, "size": 1.0, "_time": 125.089844}, {"$id": 464, "sounds": [{"d": 0.147727966, "p": 88, "v": 76}], "size": 1.0, "_time": 125.273438, "pos": 0}, {"$id": 465, "sounds": [{"d": 0.125, "p": 83, "v": 61}], "pos": -0.5, "size": 1.0, "_time": 125.453125}, {"$id": 466, "sounds": [{"d": 0.153411865, "p": 85, "v": 67}], "size": 1.0, "_time": 125.636719, "pos": 0}, {"$id": 467, "sounds": [{"d": 0.19317627, "p": 86, "v": 76}], "pos": 1.0, "size": 1.0, "_time": 125.816406}, {"$id": 468, "sounds": [{"d": 0.142044067, "p": 88, "v": 72}], "pos": 1.5, "size": 1.0, "_time": 126.0}, {"$id": 469, "sounds": [{"d": 0.102272034, "p": 81, "v": 65}], "size": 1.0, "_time": 126.136719, "pos": 0}, {"$id": 470, "sounds": [{"d": 0.1306839, "p": 85, "v": 61}], "pos": -0.5, "size": 1.0, "_time": 126.273438}, {"$id": 471, "sounds": [{"d": 0.159088135, "p": 86, "v": 89}], "pos": 0.5, "size": 1.0, "_time": 126.410156}, {"$id": 472, "sounds": [{"d": 0.125, "p": 88, "v": 74}], "pos": 1.5, "size": 1.0, "_time": 126.546875}, {"$id": 473, "sounds": [{"d": 0.113639832, "p": 81, "v": 72}], "pos": -0.5, "size": 1.0, "_time": 126.683594}, {"$id": 474, "sounds": [{"d": 0.164772034, "p": 85, "v": 66}], "size": 1.0, "_time": 126.816406, "pos": 0}, {"$id": 475, "sounds": [{"d": 0.187507629, "p": 86, "v": 76}], "pos": 0.5, "size": 1.0, "_time": 126.953125}, {"$id": 476, "sounds": [{"d": 0.221595764, "p": 88, "v": 66}], "pos": 1.0, "size": 1.0, "_time": 127.089844}, {"$id": 477, "sounds": [{"d": 0.176139832, "p": 86, "v": 61}], "pos": 0.5, "size": 1.0, "_time": 127.226563}, {"$id": 478, "sounds": [{"d": 0.198860168, "p": 85, "v": 72}], "size": 1.0, "_time": 127.363281, "pos": 0}, {"$id": 479, "sounds": [{"d": 0.136360168, "p": 81, "v": 57}], "pos": -0.5, "size": 1.0, "_time": 127.5}, {"$id": 480, "sounds": [{"d": 0.3636322, "p": 83, "v": 72}], "size": 1.0, "_time": 127.636719, "pos": 0}, {"$id": 481, "sounds": [{"d": 0.3636322, "p": 81, "v": 72}], "pos": 1.0, "size": 1.0, "_time": 128.0}, {"$id": 482, "sounds": [{"d": 0.369308472, "p": 78, "v": 59}], "size": 1.0, "_time": 128.363281, "pos": 0}, {"$id": 483, "sounds": [{"d": 0.732955933, "p": 76, "v": 67}], "pos": -1.0, "size": 1.0, "_time": 128.761719}, {"$id": 484, "sounds": [{"d": 0.1761322, "p": 74, "v": 59}], "pos": -1.5, "size": 1.0, "_time": 129.527344}, {"$id": 485, "sounds": [{"d": 0.295455933, "p": 73, "v": 64}], "pos": -2.0, "size": 1.0, "_time": 130.101563}, {"$id": 486, "sounds": [{"d": 0.153411865, "p": 74, "v": 68}], "pos": -0.5, "size": 1.0, "_time": 130.636719}, {"$id": 487, "sounds": [{"d": 1.89204407, "p": 76, "v": 67}], "pos": 1.0, "size": 1.0, "_time": 130.910156}, {"$id": 488, "sounds": [{"d": 0.3238678, "p": 55, "v": 65}, {"w": 0.00390625, "d": 0.30682373, "p": 64, "v": 60}], "pos": -1.5, "size": 1.30000007, "_time": 130.910156}], "links": [{"notes": [{"$ref": 70}, {"$ref": 71}, {"$ref": 73}]}, {"notes": [{"$ref": 108}, {"$ref": 109}, {"$ref": 110}, {"$ref": 111}]}, {"notes": [{"$ref": 112}, {"$ref": 113}, {"$ref": 114}, {"$ref": 115}]}, {"notes": [{"$ref": 116}, {"$ref": 117}, {"$ref": 118}, {"$ref": 119}]}, {"notes": [{"$ref": 120}, {"$ref": 121}, {"$ref": 122}, {"$ref": 123}]}, {"notes": [{"$ref": 124}, {"$ref": 125}, {"$ref": 126}, {"$ref": 127}]}, {"notes": [{"$ref": 128}, {"$ref": 129}, {"$ref": 130}, {"$ref": 131}]}, {"notes": [{"$ref": 144}, {"$ref": 145}, {"$ref": 146}, {"$ref": 147}]}, {"notes": [{"$ref": 140}, {"$ref": 141}, {"$ref": 142}, {"$ref": 143}]}, {"notes": [{"$ref": 148}, {"$ref": 149}, {"$ref": 150}, {"$ref": 151}]}, {"notes": [{"$ref": 152}, {"$ref": 153}, {"$ref": 154}, {"$ref": 155}]}, {"notes": [{"$ref": 172}, {"$ref": 173}, {"$ref": 174}, {"$ref": 175}]}, {"notes": [{"$ref": 176}, {"$ref": 177}, {"$ref": 178}, {"$ref": 179}]}, {"notes": [{"$ref": 180}, {"$ref": 181}, {"$ref": 182}, {"$ref": 183}]}, {"notes": [{"$ref": 184}, {"$ref": 185}, {"$ref": 186}, {"$ref": 187}]}, {"notes": [{"$ref": 188}, {"$ref": 189}, {"$ref": 190}, {"$ref": 191}]}, {"notes": [{"$ref": 192}, {"$ref": 193}, {"$ref": 194}, {"$ref": 195}]}, {"notes": [{"$ref": 196}, {"$ref": 197}, {"$ref": 198}, {"$ref": 199}]}, {"notes": [{"$ref": 200}, {"$ref": 201}, {"$ref": 202}, {"$ref": 203}]}, {"notes": [{"$ref": 213}, {"$ref": 214}, {"$ref": 215}, {"$ref": 216}, {"$ref": 217}, {"$ref": 218}, {"$ref": 219}, {"$ref": 220}, {"$ref": 221}]}, {"notes": [{"$ref": 208}, {"$ref": 209}, {"$ref": 210}, {"$ref": 211}, {"$ref": 212}]}, {"notes": [{"$ref": 261}, {"$ref": 262}, {"$ref": 263}, {"$ref": 264}]}, {"notes": [{"$ref": 265}, {"$ref": 266}, {"$ref": 267}, {"$ref": 268}]}, {"notes": [{"$ref": 269}, {"$ref": 270}, {"$ref": 271}, {"$ref": 272}]}, {"notes": [{"$ref": 273}, {"$ref": 274}, {"$ref": 275}, {"$ref": 276}, {"$ref": 277}]}, {"notes": [{"$ref": 330}, {"$ref": 331}, {"$ref": 332}, {"$ref": 333}]}, {"notes": [{"$ref": 335}, {"$ref": 336}, {"$ref": 337}]}, {"notes": [{"$ref": 348}, {"$ref": 349}, {"$ref": 350}]}, {"notes": [{"$ref": 366}, {"$ref": 367}, {"$ref": 368}]}, {"notes": [{"$ref": 378}, {"$ref": 379}, {"$ref": 380}]}, {"notes": [{"$ref": 398}, {"$ref": 399}, {"$ref": 400}]}, {"notes": [{"$ref": 401}, {"$ref": 402}, {"$ref": 403}]}, {"notes": [{"$ref": 411}, {"$ref": 412}, {"$ref": 413}, {"$ref": 414}, {"$ref": 415}, {"$ref": 416}, {"$ref": 417}]}, {"notes": [{"$ref": 449}, {"$ref": 450}, {"$ref": 451}]}, {"notes": [{"$ref": 452}, {"$ref": 453}, {"$ref": 454}, {"$ref": 455}, {"$ref": 456}, {"$ref": 457}]}, {"notes": [{"$ref": 470}, {"$ref": 471}, {"$ref": 472}]}, {"notes": [{"$ref": 458}, {"$ref": 459}, {"$ref": 460}, {"$ref": 461}, {"$ref": 462}]}, {"notes": [{"$ref": 473}, {"$ref": 474}, {"$ref": 475}, {"$ref": 476}, {"$ref": 477}, {"$ref": 478}, {"$ref": 479}, {"$ref": 480}]}, {"notes": [{"$ref": 423}, {"$ref": 424}, {"$ref": 425}]}, {"notes": [{"$ref": 204}, {"$ref": 205}, {"$ref": 206}, {"$ref": 207}]}, {"notes": [{"$ref": 228}, {"$ref": 229}, {"$ref": 231}]}]}