{"speed": 10.0, "notes": [{"$id": 1, "sounds": [{"d": 0.08380675, "p": 81, "v": 80}, {"d": 0.169034, "p": 48, "v": 80}, {"d": 0.169034, "p": 41, "v": 80}], "size": 1.30000007, "_time": 2.046875, "pos": 0}, {"$id": 2, "sounds": [{"d": 0.08380675, "p": 88, "v": 62}], "pos": 2.0, "size": 1.0, "_time": 2.21484375}, {"$id": 3, "sounds": [{"d": 0.08380675, "p": 64, "v": 78}], "pos": 3.0, "size": 1.0, "_time": 2.38671875}, {"$id": 4, "sounds": [{"d": 0.08380675, "p": 81, "v": 85}], "size": 1.0, "_time": 2.55859375, "pos": 0}, {"$id": 5, "sounds": [{"d": 0.08380675, "p": 86, "v": 90}], "pos": 1.0, "size": 1.0, "_time": 2.7265625}, {"$id": 6, "sounds": [{"d": 0.08380675, "p": 79, "v": 80}], "pos": -1.0, "size": 1.0, "_time": 3.06640625}, {"$id": 7, "sounds": [{"d": 0.08380675, "p": 83, "v": 81}], "size": 1.0, "_time": 3.23828125, "pos": 0}, {"$id": 8, "sounds": [{"d": 0.08380675, "p": 84, "v": 78}, {"d": 0.169034, "p": 50, "v": 78}, {"d": 0.169034, "p": 43, "v": 78}], "pos": 1.0, "size": 1.30000007, "_time": 3.41015625}, {"$id": 9, "sounds": [{"d": 0.08380675, "p": 83, "v": 78}], "size": 1.0, "_time": 3.75, "pos": 0}, {"$id": 10, "sounds": [{"d": 0.08380699, "p": 81, "v": 69}], "pos": -1.0, "size": 1.0, "_time": 4.08984375}, {"$id": 11, "sounds": [{"d": 0.08380699, "p": 74, "v": 69}], "pos": -2.0, "size": 1.0, "_time": 4.43359375}, {"$id": 12, "sounds": [{"d": 0.08380699, "p": 81, "v": 74}], "pos": -1.0, "size": 1.0, "_time": 4.6015625}, {"$id": 13, "sounds": [{"d": 0.08380699, "p": 83, "v": 83}, {"d": 0.169034481, "p": 52, "v": 83}, {"d": 0.169034481, "p": 45, "v": 83}], "size": 1.30000007, "_time": 4.7734375, "pos": 0}, {"$id": 14, "sounds": [{"d": 0.08380699, "p": 81, "v": 66}], "pos": -1.0, "size": 1.0, "_time": 5.11328125}, {"$id": 15, "sounds": [{"d": 0.08380699, "p": 83, "v": 78}], "size": 1.0, "_time": 5.28515625, "pos": 0}, {"$id": 16, "sounds": [{"d": 0.08380699, "p": 84, "v": 81}], "pos": 1.0, "size": 1.0, "_time": 5.453125}, {"$id": 17, "sounds": [{"d": 0.08380699, "p": 84, "v": 74}], "size": 1.0, "_time": 5.796875, "pos": 0}, {"$id": 18, "sounds": [{"d": 0.08380699, "p": 86, "v": 81}], "pos": 1.0, "size": 1.0, "_time": 5.96484375}, {"$id": 19, "sounds": [{"d": 0.08380699, "p": 88, "v": 88}, {"d": 0.169034481, "p": 47, "v": 88}, {"d": 0.169034481, "p": 40, "v": 88}], "pos": 2.0, "size": 1.30000007, "_time": 6.13671875}, {"$id": 20, "sounds": [{"d": 0.08380699, "p": 88, "v": 86}], "pos": -1.0, "size": 1.0, "_time": 6.4765625}, {"$id": 21, "sounds": [{"d": 0.08380699, "p": 91, "v": 95}], "pos": 1.0, "size": 1.0, "_time": 6.6484375}, {"$id": 22, "sounds": [{"d": 0.08380699, "p": 86, "v": 81}], "pos": -2.0, "size": 1.0, "_time": 6.81640625}, {"$id": 23, "sounds": [{"d": 0.08380699, "p": 84, "v": 85}], "pos": 2.0, "size": 1.0, "_time": 7.16015625}, {"$id": 24, "sounds": [{"d": 0.08380699, "p": 83, "v": 78}], "pos": 1.0, "size": 1.0, "_time": 7.328125}, {"$id": 25, "sounds": [{"d": 0.08380699, "p": 81, "v": 80}, {"d": 0.169034481, "p": 48, "v": 80}, {"d": 0.169034481, "p": 41, "v": 80}], "size": 1.30000007, "_time": 7.5, "pos": 0}, {"$id": 26, "sounds": [{"d": 0.08380699, "p": 88, "v": 62}], "pos": 2.0, "size": 1.0, "_time": 7.671875}, {"$id": 27, "sounds": [{"d": 0.08380699, "p": 81, "v": 85}], "size": 1.0, "_time": 8.011719, "pos": 0}, {"$id": 28, "sounds": [{"d": 0.08380699, "p": 86, "v": 90}], "pos": 1.0, "size": 1.0, "_time": 8.183594}, {"$id": 29, "sounds": [{"d": 0.08380699, "p": 79, "v": 80}], "pos": -1.0, "size": 1.0, "_time": 8.5234375}, {"$id": 30, "sounds": [{"d": 0.08380699, "p": 83, "v": 81}], "size": 1.0, "_time": 8.691406, "pos": 0}, {"$id": 31, "sounds": [{"d": 0.08380699, "p": 84, "v": 78}, {"d": 0.169034, "p": 50, "v": 78}, {"d": 0.169034, "p": 43, "v": 78}], "pos": 1.0, "size": 1.30000007, "_time": 8.863281}, {"$id": 32, "sounds": [{"d": 0.08380699, "p": 83, "v": 78}], "size": 1.0, "_time": 9.203125, "pos": 0}, {"$id": 33, "sounds": [{"d": 0.08380699, "p": 81, "v": 69}], "pos": -1.0, "size": 1.0, "_time": 9.546875}, {"$id": 34, "sounds": [{"d": 0.08380699, "p": 74, "v": 69}], "pos": -2.0, "size": 1.0, "_time": 9.886719}, {"$id": 35, "sounds": [{"d": 0.08380699, "p": 81, "v": 74}], "pos": -1.0, "size": 1.0, "_time": 10.0585938}, {"$id": 36, "sounds": [{"d": 0.08380699, "p": 83, "v": 83}, {"d": 0.169034, "p": 52, "v": 83}, {"d": 0.169034, "p": 45, "v": 83}], "size": 1.30000007, "_time": 10.2265625, "pos": 0}, {"$id": 37, "sounds": [{"d": 0.08380699, "p": 81, "v": 66}], "pos": -1.0, "size": 1.0, "_time": 10.5664063}, {"$id": 38, "sounds": [{"d": 0.08380699, "p": 83, "v": 78}], "size": 1.0, "_time": 10.7382813, "pos": 0}, {"$id": 39, "sounds": [{"d": 0.08380699, "p": 84, "v": 81}], "pos": 1.0, "size": 1.0, "_time": 10.9101563}, {"$id": 40, "sounds": [{"d": 0.08380699, "p": 84, "v": 74}], "size": 1.0, "_time": 11.25, "pos": 0}, {"$id": 41, "sounds": [{"d": 0.08380699, "p": 86, "v": 81}], "pos": 1.0, "size": 1.0, "_time": 11.421875}, {"$id": 42, "sounds": [{"d": 0.08380699, "p": 88, "v": 88}, {"d": 0.169034, "p": 47, "v": 88}, {"d": 0.169034, "p": 40, "v": 88}], "pos": 2.0, "size": 1.30000007, "_time": 11.5898438}, {"$id": 43, "sounds": [{"d": 0.08380699, "p": 88, "v": 86}], "pos": -1.0, "size": 1.0, "_time": 11.9335938}, {"$id": 44, "sounds": [{"d": 0.08380699, "p": 91, "v": 78}], "size": 1.0, "_time": 12.1015625, "pos": 0}, {"$id": 45, "sounds": [{"d": 0.08380699, "p": 96, "v": 95}], "pos": 2.0, "size": 1.0, "_time": 12.2734375}, {"$id": 46, "sounds": [{"d": 0.08380699, "p": 95, "v": 104}], "pos": 1.5, "size": 1.0, "_time": 12.4414063}, {"$id": 47, "sounds": [{"d": 0.08380699, "p": 91, "v": 114}], "pos": 1.0, "size": 1.0, "_time": 12.6132813}, {"$id": 48, "sounds": [{"d": 0.08380699, "p": 88, "v": 120}], "pos": 0.5, "size": 1.0, "_time": 12.7851563}, {"$id": 49, "sounds": [{"d": 0.08380699, "p": 81, "v": 116}], "size": 1.0, "_time": 12.953125, "pos": 0}, {"$id": 50, "sounds": [{"d": 0.08380699, "p": 41, "v": 116}, {"d": 0.08380699, "p": 48, "v": 116}], "pos": -2.0, "size": 1.30000007, "_time": 12.953125}, {"$id": 51, "sounds": [{"d": 0.08380699, "p": 88, "v": 102}], "pos": 1.0, "size": 1.0, "_time": 13.125}, {"$id": 52, "sounds": [{"d": 0.08380699, "p": 81, "v": 107}], "pos": -1.0, "size": 1.0, "_time": 13.4648438}, {"$id": 53, "sounds": [{"d": 0.08380699, "p": 86, "v": 116}], "pos": 1.0, "size": 1.0, "_time": 13.6367188}, {"$id": 54, "sounds": [{"d": 0.08380699, "p": 79, "v": 100}], "size": 1.0, "_time": 13.9765625, "pos": 0}, {"$id": 55, "sounds": [{"d": 0.08380699, "p": 83, "v": 109}], "pos": 1.0, "size": 1.0, "_time": 14.1484375}, {"$id": 56, "sounds": [{"d": 0.08380604, "p": 84, "v": 114}], "pos": 2.0, "size": 1.0, "_time": 14.3164063}, {"$id": 57, "sounds": [{"d": 0.08380604, "p": 43, "v": 114}, {"d": 0.08380604, "p": 50, "v": 114}], "pos": -2.0, "size": 1.30000007, "_time": 14.3164063}, {"$id": 58, "sounds": [{"d": 0.08380699, "p": 83, "v": 107}], "pos": 1.0, "size": 1.0, "_time": 14.6601563}, {"$id": 59, "sounds": [{"d": 0.08380699, "p": 81, "v": 109}], "size": 1.0, "_time": 15.0, "pos": 0}, {"$id": 60, "sounds": [{"d": 0.08380699, "p": 74, "v": 99}], "pos": -1.0, "size": 1.0, "_time": 15.3398438}, {"$id": 61, "sounds": [{"d": 0.08380604, "p": 81, "v": 109}], "size": 1.0, "_time": 15.5117188, "pos": 0}, {"$id": 62, "sounds": [{"d": 0.08380699, "p": 83, "v": 113}], "pos": 1.0, "size": 1.0, "_time": 15.6835938}, {"$id": 63, "sounds": [{"d": 0.08380699, "p": 45, "v": 113}, {"d": 0.08380699, "p": 52, "v": 113}], "pos": -2.0, "size": 1.30000007, "_time": 15.6835938}, {"$id": 64, "sounds": [{"d": 0.08380699, "p": 81, "v": 107}], "pos": -0.5, "size": 1.0, "_time": 16.0234375}, {"$id": 65, "sounds": [{"d": 0.08380699, "p": 83, "v": 116}], "pos": 0.5, "size": 1.0, "_time": 16.1914063}, {"$id": 66, "sounds": [{"d": 0.08380699, "p": 84, "v": 104}], "pos": 1.5, "size": 1.0, "_time": 16.3632813}, {"$id": 67, "sounds": [{"d": 0.08380699, "p": 84, "v": 111}], "size": 1.0, "_time": 16.703125, "pos": 0}, {"$id": 68, "sounds": [{"d": 0.08380699, "p": 86, "v": 113}], "pos": 1.0, "size": 1.0, "_time": 16.875}, {"$id": 69, "sounds": [{"d": 0.08380699, "p": 88, "v": 116}], "pos": 2.0, "size": 1.0, "_time": 17.046875}, {"$id": 70, "sounds": [{"d": 0.08380699, "p": 40, "v": 116}, {"d": 0.08380699, "p": 47, "v": 116}], "pos": -2.0, "size": 1.30000007, "_time": 17.046875}, {"$id": 71, "sounds": [{"d": 0.08380699, "p": 88, "v": 102}], "size": 1.0, "_time": 17.3867188, "pos": 0}, {"$id": 72, "sounds": [{"d": 0.08380699, "p": 91, "v": 114}], "pos": 2.0, "size": 1.0, "_time": 17.5585938}, {"$id": 73, "sounds": [{"d": 0.08380699, "p": 86, "v": 114}], "pos": -1.0, "size": 1.0, "_time": 17.7265625}, {"$id": 74, "sounds": [{"d": 0.08380699, "p": 84, "v": 102}], "pos": 1.0, "size": 1.0, "_time": 18.0664063}, {"$id": 75, "sounds": [{"d": 0.08380699, "p": 83, "v": 99}], "pos": -1.0, "size": 1.0, "_time": 18.2382813}, {"$id": 76, "sounds": [{"d": 0.08380699, "p": 81, "v": 104}], "size": 1.0, "_time": 18.4101563, "pos": 0}, {"$id": 77, "sounds": [{"d": 0.08380699, "p": 41, "v": 104}, {"d": 0.08380699, "p": 48, "v": 104}], "pos": -2.0, "size": 1.30000007, "_time": 18.4101563}, {"$id": 78, "sounds": [{"d": 0.08380699, "p": 88, "v": 109}], "pos": 1.0, "size": 1.0, "_time": 18.578125}, {"$id": 79, "sounds": [{"d": 0.08380699, "p": 81, "v": 114}], "pos": -1.0, "size": 1.0, "_time": 18.921875}, {"$id": 80, "sounds": [{"d": 0.08380699, "p": 86, "v": 113}], "pos": 1.0, "size": 1.0, "_time": 19.0898438}, {"$id": 81, "sounds": [{"d": 0.08380699, "p": 79, "v": 102}], "size": 1.0, "_time": 19.4335938, "pos": 0}, {"$id": 82, "sounds": [{"d": 0.08380699, "p": 83, "v": 111}], "pos": 1.0, "size": 1.0, "_time": 19.6015625}, {"$id": 83, "sounds": [{"d": 0.08380699, "p": 84, "v": 116}], "pos": 2.0, "size": 1.0, "_time": 19.7734375}, {"$id": 84, "sounds": [{"d": 0.08380699, "p": 43, "v": 116}, {"d": 0.08380699, "p": 50, "v": 116}], "pos": -2.0, "size": 1.30000007, "_time": 19.7734375}, {"$id": 85, "sounds": [{"d": 0.08380699, "p": 81, "v": 111}], "pos": -1.0, "size": 1.0, "_time": 20.1132813}, {"$id": 86, "sounds": [{"d": 0.08380699, "p": 88, "v": 100}], "pos": 2.0, "size": 1.0, "_time": 20.2851563}, {"$id": 87, "sounds": [{"d": 0.08380699, "p": 86, "v": 106}], "size": 1.0, "_time": 20.453125, "pos": 0}, {"$id": 88, "sounds": [{"d": 0.08380699, "p": 79, "v": 100}], "pos": -1.0, "size": 1.0, "_time": 20.796875}, {"$id": 89, "sounds": [{"d": 0.08380699, "p": 81, "v": 100}], "size": 1.0, "_time": 20.9648438, "pos": 0}, {"$id": 90, "sounds": [{"d": 0.08380699, "p": 83, "v": 107}], "pos": 1.0, "size": 1.0, "_time": 21.1367188}, {"$id": 91, "sounds": [{"d": 0.08380699, "p": 45, "v": 107}, {"d": 0.08380699, "p": 52, "v": 107}], "pos": -2.0, "size": 1.30000007, "_time": 21.1367188}, {"$id": 92, "sounds": [{"d": 0.08380699, "p": 81, "v": 97}], "pos": -0.5, "size": 1.0, "_time": 21.4765625}, {"$id": 93, "sounds": [{"d": 0.08380699, "p": 83, "v": 106}], "pos": 0.5, "size": 1.0, "_time": 21.6484375}, {"$id": 94, "sounds": [{"d": 0.08380699, "p": 84, "v": 99}], "pos": 1.5, "size": 1.0, "_time": 21.8164063}, {"$id": 95, "sounds": [{"d": 0.08380699, "p": 84, "v": 97}], "size": 1.0, "_time": 22.1601563, "pos": 0}, {"$id": 96, "sounds": [{"d": 0.08380699, "p": 60, "v": 97}], "pos": 3.0, "size": 1.30000007, "_time": 22.1601563}, {"$id": 97, "sounds": [{"d": 0.0838050842, "p": 86, "v": 111}], "pos": 1.0, "size": 1.0, "_time": 22.328125}, {"$id": 98, "sounds": [{"d": 0.08380699, "p": 88, "v": 97}, {"d": 0.08380699, "p": 72, "v": 97}], "pos": 2.0, "size": 1.30000007, "_time": 22.5}, {"$id": 99, "sounds": [{"d": 0.08380699, "p": 81, "v": 71}], "pos": -0.5, "size": 1.0, "_time": 22.671875}, {"$id": 100, "sounds": [{"d": 0.08380699, "p": 86, "v": 86}, {"d": 0.08380699, "p": 71, "v": 86}], "pos": 1.5, "size": 1.30000007, "_time": 22.8398438}, {"$id": 101, "sounds": [{"d": 0.08380699, "p": 79, "v": 86}], "pos": -1.0, "size": 1.0, "_time": 23.0117188}, {"$id": 102, "sounds": [{"d": 0.08380699, "p": 84, "v": 111}, {"d": 0.08380699, "p": 67, "v": 111}], "pos": 1.0, "size": 1.30000007, "_time": 23.1835938}, {"$id": 103, "sounds": [{"d": 0.08380699, "p": 76, "v": 107}], "pos": -1.5, "size": 1.0, "_time": 23.3515625}, {"$id": 104, "sounds": [{"d": 0.08380699, "p": 83, "v": 116}, {"d": 0.08380699, "p": 64, "v": 116}], "pos": 0.5, "size": 1.30000007, "_time": 23.5234375}, {"$id": 105, "sounds": [{"d": 0.08380699, "p": 79, "v": 86}], "pos": -2.0, "size": 1.0, "_time": 23.6914063}, {"$id": 106, "sounds": [{"d": 0.0582389832, "p": 81, "v": 81}], "size": 1.0, "_time": 23.8632813, "pos": 0}, {"$id": 107, "sounds": [{"d": 0.0582389832, "p": 88, "v": 92}], "pos": 2.0, "size": 1.0, "_time": 24.0351563}, {"$id": 108, "sounds": [{"d": 0.0582389832, "p": 86, "v": 76}], "pos": 1.0, "size": 1.0, "_time": 24.203125}, {"$id": 109, "sounds": [{"d": 0.0582389832, "p": 79, "v": 57}, {"d": 0.0582389832, "p": 53, "v": 57}], "pos": -1.0, "size": 1.30000007, "_time": 24.375}, {"$id": 110, "sounds": [{"d": 0.169034958, "p": 86, "v": 73}], "pos": 1.5, "size": 1.0, "_time": 24.546875}, {"$id": 111, "sounds": [{"d": 0.0582389832, "p": 84, "v": 57}], "pos": 0.5, "size": 1.0, "_time": 24.7148438}, {"$id": 112, "sounds": [{"d": 0.0582389832, "p": 81, "v": 45}, {"d": 0.0582389832, "p": 50, "v": 45}], "pos": -2.0, "size": 1.30000007, "_time": 24.8867188}, {"$id": 113, "sounds": [{"d": 0.0582370758, "p": 83, "v": 52}], "size": 1.0, "_time": 25.0585938, "pos": 0}, {"$id": 114, "sounds": [{"d": 0.0582389832, "p": 81, "v": 43}, {"d": 0.0582389832, "p": 52, "v": 43}], "pos": -2.0, "size": 1.30000007, "_time": 25.2265625}, {"$id": 115, "sounds": [{"d": 0.169034958, "p": 88, "v": 62}], "pos": 1.5, "size": 1.0, "_time": 25.3984375}, {"$id": 116, "sounds": [{"d": 0.0582389832, "p": 86, "v": 57}], "pos": 0.5, "size": 1.0, "_time": 25.5664063}, {"$id": 117, "sounds": [{"d": 0.0582389832, "p": 81, "v": 64}, {"d": 0.0582389832, "p": 55, "v": 64}], "pos": -1.0, "size": 1.30000007, "_time": 25.7382813}, {"$id": 118, "sounds": [{"d": 0.0582389832, "p": 86, "v": 81}], "size": 1.0, "_time": 25.9101563, "pos": 0}, {"$id": 119, "sounds": [{"d": 0.0582389832, "p": 91, "v": 78}], "pos": 1.0, "size": 1.0, "_time": 26.078125}, {"$id": 120, "sounds": [{"d": 0.169034958, "p": 93, "v": 93}, {"d": 0.169034958, "p": 72, "v": 93}], "pos": 2.0, "size": 1.30000007, "_time": 26.25}, {"$id": 121, "sounds": [{"d": 0.0688915253, "p": 88, "v": 85}], "pos": -1.0, "size": 1.0, "_time": 26.421875}, {"$id": 122, "sounds": [{"d": 0.08380699, "p": 81, "v": 81}, {"d": 0.08380699, "p": 69, "v": 81}], "pos": 1.0, "size": 1.0, "_time": 26.5898438}, {"$id": 123, "sounds": [{"d": 0.08380699, "p": 93, "v": 88}, {"d": 0.08380699, "p": 84, "v": 88}], "size": 1.0, "_time": 26.7617188, "pos": 0}, {"$id": 124, "sounds": [{"d": 0.08380699, "p": 88, "v": 78}, {"d": 0.08380699, "p": 83, "v": 78}, {"d": 0.08380699, "p": 76, "v": 78}, {"d": 0.08380699, "p": 72, "v": 78}], "pos": 2.0, "size": 1.30000007, "_time": 26.9335938}, {"$id": 125, "sounds": [{"d": 0.08380699, "p": 79, "v": 46}], "pos": -1.0, "size": 1.0, "_time": 27.1015625}, {"$id": 126, "sounds": [{"d": 0.08380699, "p": 91, "v": 69}, {"d": 0.08380699, "p": 84, "v": 69}, {"d": 0.08380699, "p": 74, "v": 69}, {"d": 0.08380699, "p": 71, "v": 69}], "pos": 1.0, "size": 1.30000007, "_time": 27.2734375}, {"$id": 127, "sounds": [{"d": 0.08380699, "p": 86, "v": 59}, {"d": 0.08380699, "p": 83, "v": 59}], "size": 1.0, "_time": 27.4414063, "pos": 0}, {"$id": 128, "sounds": [{"d": 0.08380699, "p": 81, "v": 71}, {"d": 0.08380699, "p": 64, "v": 71}], "size": 1.0, "_time": 27.953125, "pos": 0}, {"$id": 129, "sounds": [{"d": 0.08380699, "p": 93, "v": 86}, {"d": 0.08380699, "p": 84, "v": 86}], "pos": -1.0, "size": 1.0, "_time": 28.125}, {"$id": 130, "sounds": [{"d": 0.08380699, "p": 88, "v": 81}, {"d": 0.08380699, "p": 83, "v": 81}, {"d": 0.08380699, "p": 72, "v": 81}, {"d": 0.08380699, "p": 69, "v": 81}], "pos": 1.0, "size": 1.30000007, "_time": 28.296875}, {"$id": 131, "sounds": [{"d": 0.08380699, "p": 79, "v": 52}], "pos": -1.0, "size": 1.0, "_time": 28.4648438}, {"$id": 132, "sounds": [{"d": 0.08380699, "p": 91, "v": 64}, {"d": 0.08380699, "p": 84, "v": 64}, {"d": 0.08380699, "p": 71, "v": 64}, {"d": 0.08380699, "p": 67, "v": 64}], "pos": 2.0, "size": 1.30000007, "_time": 28.6367188}, {"$id": 133, "sounds": [{"d": 0.08380699, "p": 86, "v": 46}, {"d": 0.08380699, "p": 83, "v": 46}], "size": 1.0, "_time": 28.8085938, "pos": 0}, {"$id": 134, "sounds": [{"d": 0.08380699, "p": 81, "v": 71}, {"d": 0.08380699, "p": 65, "v": 71}], "pos": 1.0, "size": 1.0, "_time": 29.3164063}, {"$id": 135, "sounds": [{"d": 0.08380699, "p": 93, "v": 88}, {"d": 0.08380699, "p": 84, "v": 88}], "size": 1.0, "_time": 29.4882813, "pos": 0}, {"$id": 136, "sounds": [{"d": 0.08380699, "p": 88, "v": 81}, {"d": 0.08380699, "p": 83, "v": 81}, {"d": 0.08380699, "p": 76, "v": 81}, {"d": 0.08380699, "p": 72, "v": 81}], "pos": 1.0, "size": 1.30000007, "_time": 29.6601563}, {"$id": 137, "sounds": [{"d": 0.08380699, "p": 83, "v": 67}], "pos": -1.0, "size": 1.0, "_time": 29.828125}, {"$id": 138, "sounds": [{"d": 0.08380699, "p": 96, "v": 92}, {"d": 0.08380699, "p": 88, "v": 92}, {"d": 0.08380699, "p": 79, "v": 92}, {"d": 0.08380699, "p": 71, "v": 92}], "pos": 2.0, "size": 1.30000007, "_time": 30.0}, {"$id": 139, "sounds": [{"d": 0.08380699, "p": 95, "v": 83}, {"d": 0.08380699, "p": 86, "v": 83}], "size": 1.0, "_time": 30.171875, "pos": 0}, {"$id": 140, "sounds": [{"d": 0.08380699, "p": 88, "v": 83}], "pos": -1.0, "size": 1.0, "_time": 30.5117188}, {"$id": 141, "sounds": [{"d": 0.08380699, "p": 96, "v": 100}, {"d": 0.08380699, "p": 76, "v": 100}], "pos": 2.0, "size": 1.30000007, "_time": 30.6835938}, {"$id": 142, "sounds": [{"d": 0.08380699, "p": 88, "v": 78}], "pos": -1.0, "size": 1.0, "_time": 30.8515625}, {"$id": 143, "sounds": [{"d": 0.08380699, "p": 95, "v": 86}, {"d": 0.08380699, "p": 74, "v": 86}], "pos": 1.5, "size": 1.30000007, "_time": 31.0234375}, {"$id": 144, "sounds": [{"d": 0.08380699, "p": 88, "v": 67}], "pos": -1.0, "size": 1.0, "_time": 31.1914063}, {"$id": 145, "sounds": [{"d": 0.08380699, "p": 93, "v": 76}, {"d": 0.08380699, "p": 72, "v": 76}], "pos": 1.0, "size": 1.30000007, "_time": 31.3632813}, {"$id": 146, "sounds": [{"d": 0.08380699, "p": 88, "v": 59}], "pos": -1.0, "size": 1.0, "_time": 31.5351563}, {"$id": 147, "sounds": [{"d": 0.08380699, "p": 91, "v": 67}, {"d": 0.08380699, "p": 71, "v": 67}], "pos": 0.5, "size": 1.30000007, "_time": 31.703125}, {"$id": 148, "sounds": [{"d": 0.08380699, "p": 86, "v": 57}], "pos": -1.0, "size": 1.0, "_time": 31.875}, {"$id": 149, "sounds": [{"d": 0.0838050842, "p": 69, "v": 78}, {"d": 0.0838050842, "p": 57, "v": 78}], "size": 1.0, "_time": 32.046875, "pos": 0}, {"$id": 150, "sounds": [{"d": 0.0838050842, "p": 81, "v": 97}, {"d": 0.0838050842, "p": 72, "v": 97}], "pos": -1.0, "size": 1.0, "_time": 32.2148438}, {"$id": 151, "sounds": [{"d": 0.0838050842, "p": 76, "v": 81}, {"d": 0.0838050842, "p": 71, "v": 81}, {"d": 0.0838050842, "p": 64, "v": 81}, {"d": 0.0838050842, "p": 60, "v": 81}], "pos": 1.0, "size": 1.30000007, "_time": 32.38672}, {"$id": 152, "sounds": [{"d": 0.0838050842, "p": 67, "v": 69}], "pos": -2.0, "size": 1.0, "_time": 32.5585938}, {"$id": 153, "sounds": [{"d": 0.0838050842, "p": 79, "v": 76}, {"d": 0.0838050842, "p": 72, "v": 76}, {"d": 0.0838050842, "p": 62, "v": 76}, {"d": 0.0838050842, "p": 59, "v": 76}], "size": 1.30000007, "_time": 32.7265625, "pos": 0}, {"$id": 154, "sounds": [{"d": 0.0838050842, "p": 74, "v": 59}, {"d": 0.0838050842, "p": 71, "v": 59}], "pos": -1.0, "size": 1.0, "_time": 32.8984375}, {"$id": 155, "sounds": [{"d": 0.0838050842, "p": 69, "v": 69}, {"d": 0.0838050842, "p": 52, "v": 69}], "size": 1.0, "_time": 33.4101563, "pos": 0}, {"$id": 156, "sounds": [{"d": 0.0838050842, "p": 81, "v": 80}, {"d": 0.0838050842, "p": 72, "v": 80}], "pos": -1.0, "size": 1.0, "_time": 33.578125}, {"$id": 157, "sounds": [{"d": 0.0838050842, "p": 76, "v": 71}, {"d": 0.0838050842, "p": 71, "v": 71}, {"d": 0.0838050842, "p": 60, "v": 71}, {"d": 0.0838050842, "p": 57, "v": 71}], "pos": 1.0, "size": 1.30000007, "_time": 33.75}, {"$id": 158, "sounds": [{"d": 0.0838050842, "p": 67, "v": 43}], "pos": -2.0, "size": 1.0, "_time": 33.921875}, {"$id": 159, "sounds": [{"d": 0.0838050842, "p": 79, "v": 66}, {"d": 0.0838050842, "p": 72, "v": 66}, {"d": 0.0838050842, "p": 59, "v": 66}, {"d": 0.0838050842, "p": 55, "v": 66}], "pos": 1.0, "size": 1.30000007, "_time": 34.0898438}, {"$id": 160, "sounds": [{"d": 0.0838050842, "p": 74, "v": 46}, {"d": 0.0838050842, "p": 71, "v": 46}], "pos": -1.0, "size": 1.0, "_time": 34.26172}, {"$id": 161, "sounds": [{"d": 0.0838050842, "p": 69, "v": 64}, {"d": 0.0838050842, "p": 53, "v": 64}], "size": 1.0, "_time": 34.7734375, "pos": 0}, {"$id": 162, "sounds": [{"d": 0.0838050842, "p": 81, "v": 95}, {"d": 0.0838050842, "p": 72, "v": 95}], "pos": -1.0, "size": 1.0, "_time": 34.9414063}, {"$id": 163, "sounds": [{"d": 0.0838050842, "p": 76, "v": 81}, {"d": 0.0838050842, "p": 71, "v": 81}, {"d": 0.0838050842, "p": 64, "v": 81}, {"d": 0.0838050842, "p": 60, "v": 81}], "pos": 1.0, "size": 1.30000007, "_time": 35.11328}, {"$id": 164, "sounds": [{"d": 0.0838050842, "p": 71, "v": 83}], "pos": -2.0, "size": 1.0, "_time": 35.2851563}, {"$id": 165, "sounds": [{"d": 0.0838050842, "p": 84, "v": 95}, {"d": 0.0838050842, "p": 76, "v": 95}, {"d": 0.0838050842, "p": 67, "v": 95}, {"d": 0.0838050842, "p": 59, "v": 95}], "pos": 2.0, "size": 1.30000007, "_time": 35.453125}, {"$id": 166, "sounds": [{"d": 0.0838050842, "p": 83, "v": 93}, {"d": 0.0838050842, "p": 74, "v": 93}], "size": 1.0, "_time": 35.625, "pos": 0}, {"$id": 167, "sounds": [{"d": 0.0838050842, "p": 76, "v": 66}], "pos": -2.0, "size": 1.0, "_time": 35.9648438}, {"$id": 168, "sounds": [{"d": 0.0838050842, "p": 84, "v": 78}, {"d": 0.0838050842, "p": 64, "v": 78}], "pos": 1.5, "size": 1.30000007, "_time": 36.13672}, {"$id": 169, "sounds": [{"d": 0.0838050842, "p": 76, "v": 64}], "pos": -2.0, "size": 1.0, "_time": 36.3085938}, {"$id": 170, "sounds": [{"d": 0.0838050842, "p": 83, "v": 81}, {"d": 0.0838050842, "p": 62, "v": 81}], "pos": 1.0, "size": 1.30000007, "_time": 36.4765625}, {"$id": 171, "sounds": [{"d": 0.0838050842, "p": 76, "v": 80}], "pos": -2.0, "size": 1.0, "_time": 36.6484375}, {"$id": 172, "sounds": [{"d": 0.0838050842, "p": 81, "v": 95}, {"d": 0.0838050842, "p": 60, "v": 95}], "pos": 0.5, "size": 1.30000007, "_time": 36.8164063}, {"$id": 173, "sounds": [{"d": 0.0838050842, "p": 76, "v": 90}], "pos": -2.0, "size": 1.0, "_time": 36.98828}, {"$id": 174, "sounds": [{"d": 0.0838050842, "p": 79, "v": 113}, {"d": 0.0838050842, "p": 59, "v": 113}], "size": 1.30000007, "_time": 37.1601563, "pos": 0}, {"$id": 175, "sounds": [{"d": 0.0838089, "p": 76, "v": 106}], "pos": -2.0, "size": 1.0, "_time": 37.328125}, {"$id": 176, "sounds": [{"d": 0.0838050842, "p": 53, "v": 93}], "pos": -1.5, "size": 1.30000007, "_time": 37.5}, {"$id": 177, "sounds": [{"d": 0.0838050842, "p": 93, "v": 93}, {"d": 0.0838050842, "p": 81, "v": 93}], "pos": 1.0, "size": 1.0, "_time": 37.5}, {"$id": 178, "sounds": [{"d": 0.0838050842, "p": 64, "v": 100}, {"d": 0.0838050842, "p": 57, "v": 100}], "pos": -0.5, "size": 1.30000007, "_time": 37.8398438}, {"$id": 179, "sounds": [{"d": 0.0838050842, "p": 100, "v": 100}, {"d": 0.0838050842, "p": 88, "v": 100}], "pos": 2.0, "size": 1.0, "_time": 37.8398438}, {"$id": 180, "sounds": [{"d": 0.0838050842, "p": 52, "v": 88}], "pos": -2.0, "size": 1.30000007, "_time": 38.86328}, {"$id": 181, "sounds": [{"d": 0.0838050842, "p": 98, "v": 88}, {"d": 0.0838050842, "p": 86, "v": 88}], "pos": 1.5, "size": 1.0, "_time": 38.86328}, {"$id": 182, "sounds": [{"d": 0.0838050842, "p": 62, "v": 93}, {"d": 0.0838050842, "p": 55, "v": 93}], "pos": -1.0, "size": 1.30000007, "_time": 39.203125}, {"$id": 183, "sounds": [{"d": 0.0838050842, "p": 91, "v": 93}, {"d": 0.0838050842, "p": 79, "v": 93}], "pos": 1.0, "size": 1.0, "_time": 39.203125}, {"$id": 184, "sounds": [{"d": 0.0838089, "p": 50, "v": 85}], "pos": -1.5, "size": 1.30000007, "_time": 40.2265625}, {"$id": 185, "sounds": [{"d": 0.0838089, "p": 89, "v": 85}, {"d": 0.0838089, "p": 77, "v": 85}], "pos": 0.5, "size": 1.0, "_time": 40.2265625}, {"$id": 186, "sounds": [{"d": 0.0838050842, "p": 60, "v": 104}, {"d": 0.0838050842, "p": 55, "v": 104}], "pos": -0.5, "size": 1.30000007, "_time": 40.5664063}, {"$id": 187, "sounds": [{"d": 0.0838050842, "p": 96, "v": 104}, {"d": 0.0838050842, "p": 84, "v": 104}], "pos": 1.5, "size": 1.0, "_time": 40.5664063}, {"$id": 188, "sounds": [{"d": 0.0838089, "p": 48, "v": 87}], "pos": -2.0, "size": 1.30000007, "_time": 41.5898438}, {"$id": 189, "sounds": [{"d": 0.0838089, "p": 95, "v": 87}, {"d": 0.0838089, "p": 83, "v": 87}], "pos": 2.0, "size": 1.0, "_time": 41.5898438}, {"$id": 190, "sounds": [{"d": 0.0838050842, "p": 59, "v": 96}, {"d": 0.0838050842, "p": 55, "v": 96}], "pos": -1.0, "size": 1.30000007, "_time": 41.9335938}, {"$id": 191, "sounds": [{"d": 0.0838050842, "p": 88, "v": 96}, {"d": 0.0838050842, "p": 76, "v": 96}], "pos": 1.0, "size": 1.0, "_time": 41.9335938}, {"$id": 192, "sounds": [{"d": 0.0838050842, "p": 47, "v": 106}], "pos": -2.0, "size": 1.30000007, "_time": 42.2734375}, {"$id": 193, "sounds": [{"d": 0.0838050842, "p": 83, "v": 106}, {"d": 0.0838050842, "p": 71, "v": 106}], "size": 1.0, "_time": 42.2734375, "pos": 0}, {"$id": 194, "sounds": [{"d": 0.0838050842, "p": 60, "v": 111}, {"d": 0.0838050842, "p": 52, "v": 111}], "pos": -1.0, "size": 1.30000007, "_time": 42.61328}, {"$id": 195, "sounds": [{"d": 0.0838050842, "p": 84, "v": 111}, {"d": 0.0838050842, "p": 72, "v": 111}], "pos": 1.0, "size": 1.0, "_time": 42.61328}, {"$id": 196, "sounds": [{"d": 0.0838050842, "p": 45, "v": 102}], "pos": -1.5, "size": 1.30000007, "_time": 42.953125}, {"$id": 197, "sounds": [{"d": 0.0838050842, "p": 85, "v": 102}, {"d": 0.0838050842, "p": 73, "v": 102}], "pos": 1.0, "size": 1.0, "_time": 42.953125}, {"$id": 198, "sounds": [{"d": 0.0838050842, "p": 56, "v": 113}, {"d": 0.0838050842, "p": 49, "v": 113}], "pos": -0.5, "size": 1.30000007, "_time": 43.296875}, {"$id": 199, "sounds": [{"d": 0.0838050842, "p": 92, "v": 113}, {"d": 0.0838050842, "p": 80, "v": 113}], "pos": 2.0, "size": 1.30000007, "_time": 43.296875}, {"$id": 200, "sounds": [{"d": 0.0838089, "p": 44, "v": 106}], "pos": -2.0, "size": 1.30000007, "_time": 44.3164063}, {"$id": 201, "sounds": [{"d": 0.0838089, "p": 90, "v": 106}, {"d": 0.0838089, "p": 78, "v": 106}], "pos": 1.5, "size": 1.0, "_time": 44.3164063}, {"$id": 202, "sounds": [{"d": 0.0838050842, "p": 54, "v": 90}, {"d": 0.0838050842, "p": 47, "v": 90}], "pos": -1.0, "size": 1.30000007, "_time": 44.6601563}, {"$id": 203, "sounds": [{"d": 0.0838050842, "p": 83, "v": 90}, {"d": 0.0838050842, "p": 71, "v": 90}], "pos": 1.0, "size": 1.0, "_time": 44.6601563}, {"$id": 204, "sounds": [{"d": 0.0838050842, "p": 42, "v": 97}], "pos": -1.5, "size": 1.30000007, "_time": 45.6835938}, {"$id": 205, "sounds": [{"d": 0.0838050842, "p": 81, "v": 97}, {"d": 0.0838050842, "p": 69, "v": 97}], "pos": 0.5, "size": 1.0, "_time": 45.6835938}, {"$id": 206, "sounds": [{"d": 0.0838050842, "p": 52, "v": 109}, {"d": 0.0838050842, "p": 47, "v": 109}], "pos": -0.5, "size": 1.30000007, "_time": 46.0234375}, {"$id": 207, "sounds": [{"d": 0.0838050842, "p": 88, "v": 109}, {"d": 0.0838050842, "p": 76, "v": 109}], "pos": 1.5, "size": 1.0, "_time": 46.0234375}, {"$id": 208, "sounds": [{"d": 0.0838050842, "p": 40, "v": 107}], "pos": -2.0, "size": 1.0, "_time": 47.046875}, {"$id": 209, "sounds": [{"d": 0.0838050842, "p": 87, "v": 107}, {"d": 0.0838050842, "p": 75, "v": 107}], "pos": 2.0, "size": 1.0, "_time": 47.046875}, {"$id": 210, "sounds": [{"d": 0.0838050842, "p": 51, "v": 95}, {"d": 0.0838050842, "p": 47, "v": 95}], "pos": -1.0, "size": 1.30000007, "_time": 47.38672}, {"$id": 211, "sounds": [{"d": 0.0838050842, "p": 80, "v": 95}, {"d": 0.0838050842, "p": 68, "v": 95}], "pos": 1.0, "size": 1.0, "_time": 47.38672}, {"$id": 212, "sounds": [{"d": 0.0838050842, "p": 75, "v": 76}, {"d": 0.0838050842, "p": 63, "v": 76}], "size": 1.0, "_time": 47.7265625, "pos": 0}, {"$id": 213, "sounds": [{"d": 0.0838050842, "p": 68, "v": 64}, {"d": 0.0838050842, "p": 56, "v": 64}], "pos": -1.0, "size": 1.0, "_time": 48.0664063}, {"$id": 214, "sounds": [{"d": 0.0838050842, "p": 43, "v": 66}], "pos": -2.0, "size": 1.30000007, "_time": 48.4101563}, {"$id": 215, "sounds": [{"d": 0.0838050842, "p": 57, "v": 66}], "pos": 0.5, "size": 1.0, "_time": 48.4101563}, {"$id": 216, "sounds": [{"d": 0.0838050842, "p": 64, "v": 74}], "pos": 1.0, "size": 1.0, "_time": 48.578125}, {"$id": 217, "sounds": [{"d": 0.0838050842, "p": 69, "v": 64}], "pos": 1.0, "size": 1.0, "_time": 48.75}, {"$id": 218, "sounds": [{"d": 0.0838050842, "p": 71, "v": 76}], "size": 1.0, "_time": 48.921875, "pos": 0}, {"$id": 219, "sounds": [{"d": 0.0838050842, "p": 72, "v": 82}], "size": 1.0, "_time": 49.0898438, "pos": 0}, {"$id": 220, "sounds": [{"d": 0.0838050842, "p": 74, "v": 96}], "pos": 0.5, "size": 1.0, "_time": 49.26172}, {"$id": 221, "sounds": [{"d": 0.0838050842, "p": 42, "v": 84}], "pos": -2.0, "size": 1.30000007, "_time": 49.4335938}, {"$id": 222, "sounds": [{"d": 0.0838050842, "p": 76, "v": 84}], "pos": 1.5, "size": 1.0, "_time": 49.4335938}, {"$id": 223, "sounds": [{"d": 0.0838050842, "p": 69, "v": 79}], "pos": 0.5, "size": 1.0, "_time": 49.7734375}, {"$id": 224, "sounds": [{"d": 0.0838050842, "p": 67, "v": 67}], "pos": -0.5, "size": 1.0, "_time": 50.11328}, {"$id": 225, "sounds": [{"d": 0.0838089, "p": 69, "v": 80}], "pos": 0.5, "size": 1.0, "_time": 50.2851563}, {"$id": 226, "sounds": [{"d": 0.0838050842, "p": 43, "v": 69}], "pos": -2.0, "size": 1.30000007, "_time": 50.453125}, {"$id": 227, "sounds": [{"d": 0.0838050842, "p": 57, "v": 69}], "pos": 0.5, "size": 1.0, "_time": 50.453125}, {"$id": 228, "sounds": [{"d": 0.0838050842, "p": 64, "v": 74}], "pos": 1.0, "size": 1.0, "_time": 50.625}, {"$id": 229, "sounds": [{"d": 0.0838050842, "p": 69, "v": 67}], "pos": 1.0, "size": 1.0, "_time": 50.796875}, {"$id": 230, "sounds": [{"d": 0.0838050842, "p": 71, "v": 74}], "size": 1.0, "_time": 50.9648438, "pos": 0}, {"$id": 231, "sounds": [{"d": 0.0838050842, "p": 40, "v": 83}], "pos": -2.0, "size": 1.30000007, "_time": 51.13672}, {"$id": 232, "sounds": [{"d": 0.0838050842, "p": 72, "v": 83}], "size": 1.0, "_time": 51.13672, "pos": 0}, {"$id": 233, "sounds": [{"d": 0.0838050842, "p": 79, "v": 92}], "pos": 0.5, "size": 1.0, "_time": 51.3085938}, {"$id": 234, "sounds": [{"d": 0.0838050842, "p": 45, "v": 84}], "pos": -1.0, "size": 1.30000007, "_time": 51.4765625}, {"$id": 235, "sounds": [{"d": 0.0838050842, "p": 76, "v": 84}], "pos": 1.5, "size": 1.0, "_time": 51.4765625}, {"$id": 236, "sounds": [{"d": 0.0838050842, "p": 57, "v": 89}], "pos": -0.5, "size": 1.30000007, "_time": 51.8164063}, {"$id": 237, "sounds": [{"d": 0.0838050842, "p": 88, "v": 89}, {"d": 0.0838050842, "p": 81, "v": 89}], "pos": 2.0, "size": 1.30000007, "_time": 51.8164063}, {"$id": 238, "sounds": [{"d": 0.0838050842, "p": 57, "v": 96}], "pos": -0.5, "size": 1.30000007, "_time": 52.1601563}, {"$id": 239, "sounds": [{"d": 0.0838050842, "p": 88, "v": 96}, {"d": 0.0838050842, "p": 81, "v": 96}], "pos": 2.0, "size": 1.30000007, "_time": 52.1601563}, {"$id": 240, "sounds": [{"d": 0.0838050842, "p": 55, "v": 66}], "pos": -1.5, "size": 1.30000007, "_time": 52.5}, {"$id": 241, "sounds": [{"d": 0.0838050842, "p": 69, "v": 66}], "pos": 1.0, "size": 1.0, "_time": 52.5}, {"$id": 242, "sounds": [{"d": 0.0838050842, "p": 76, "v": 48}], "pos": 1.5, "size": 1.0, "_time": 52.671875}, {"$id": 243, "sounds": [{"d": 0.0838050842, "p": 81, "v": 57}], "pos": 1.5, "size": 1.0, "_time": 52.8398438}, {"$id": 244, "sounds": [{"d": 0.0838050842, "p": 83, "v": 56}], "pos": 0.5, "size": 1.0, "_time": 53.01172}, {"$id": 245, "sounds": [{"d": 0.0838050842, "p": 84, "v": 67}], "pos": 0.5, "size": 1.0, "_time": 53.1835938}, {"$id": 246, "sounds": [{"d": 0.0838050842, "p": 86, "v": 73}], "pos": 1.0, "size": 1.0, "_time": 53.3515625}, {"$id": 247, "sounds": [{"d": 0.0838050842, "p": 54, "v": 80}], "pos": -1.0, "size": 1.30000007, "_time": 53.5234375}, {"$id": 248, "sounds": [{"d": 0.0838050842, "p": 88, "v": 80}], "pos": 2.0, "size": 1.0, "_time": 53.5234375}, {"$id": 249, "sounds": [{"d": 0.0838050842, "p": 81, "v": 73}], "pos": 1.0, "size": 1.0, "_time": 53.86328}, {"$id": 250, "sounds": [{"d": 0.0838050842, "p": 79, "v": 62}], "size": 1.0, "_time": 54.203125, "pos": 0}, {"$id": 251, "sounds": [{"d": 0.0838050842, "p": 81, "v": 70}], "pos": 1.0, "size": 1.0, "_time": 54.375}, {"$id": 252, "sounds": [{"d": 0.0838050842, "p": 55, "v": 62}], "pos": -1.5, "size": 1.30000007, "_time": 54.546875}, {"$id": 253, "sounds": [{"d": 0.0838050842, "p": 69, "v": 62}], "pos": 1.0, "size": 1.0, "_time": 54.546875}, {"$id": 254, "sounds": [{"d": 0.0838050842, "p": 76, "v": 53}], "pos": 1.5, "size": 1.0, "_time": 54.7148438}, {"$id": 255, "sounds": [{"d": 0.0838050842, "p": 81, "v": 64}], "pos": 1.5, "size": 1.0, "_time": 54.88672}, {"$id": 256, "sounds": [{"d": 0.0838050842, "p": 83, "v": 69}], "pos": 0.5, "size": 1.0, "_time": 55.0585938}, {"$id": 257, "sounds": [{"d": 0.0838050842, "p": 52, "v": 79}], "pos": -2.0, "size": 1.30000007, "_time": 55.2265625}, {"$id": 258, "sounds": [{"d": 0.0838050842, "p": 84, "v": 79}], "pos": 0.5, "size": 1.0, "_time": 55.2265625}, {"$id": 259, "sounds": [{"d": 0.0838050842, "p": 91, "v": 85}], "pos": 1.0, "size": 1.0, "_time": 55.3984375}, {"$id": 260, "sounds": [{"d": 0.0838050842, "p": 57, "v": 84}], "pos": -1.0, "size": 1.30000007, "_time": 55.5664063}, {"$id": 261, "sounds": [{"d": 0.0838050842, "p": 88, "v": 84}], "pos": 2.0, "size": 1.0, "_time": 55.5664063}, {"$id": 262, "sounds": [{"d": 0.0838050842, "p": 76, "v": 82}, {"d": 0.0838050842, "p": 81, "v": 82}], "size": 1.0, "_time": 55.9101563, "pos": 0}, {"$id": 263, "sounds": [{"d": 0.0838050842, "p": 83, "v": 97}, {"d": 0.0838050842, "p": 79, "v": 97}], "pos": 1.0, "size": 1.0, "_time": 56.25}, {"$id": 264, "sounds": [{"d": 0.0838050842, "p": 84, "v": 102}, {"d": 0.0838050842, "p": 81, "v": 102}], "size": 1.0, "_time": 56.5898438, "pos": 0}, {"$id": 265, "sounds": [{"d": 0.0838050842, "p": 64, "v": 92}, {"d": 0.0838050842, "p": 60, "v": 92}], "pos": -1.0, "size": 1.30000007, "_time": 56.9335938}, {"$id": 266, "sounds": [{"d": 0.0838050842, "p": 62, "v": 83}, {"d": 0.0838050842, "p": 59, "v": 83}], "pos": -2.0, "size": 1.30000007, "_time": 57.2734375}, {"$id": 267, "sounds": [{"d": 0.0838050842, "p": 86, "v": 83}], "size": 1.0, "_time": 57.2734375, "pos": 0}, {"$id": 268, "sounds": [{"d": 0.0838050842, "p": 88, "v": 93}], "pos": 1.0, "size": 1.0, "_time": 57.4414063}, {"$id": 269, "sounds": [{"d": 0.0838050842, "p": 86, "v": 97}, {"d": 0.0838050842, "p": 80, "v": 97}], "size": 1.0, "_time": 57.61328, "pos": 0}, {"$id": 270, "sounds": [{"d": 0.0838050842, "p": 62, "v": 84}], "pos": -2.0, "size": 1.30000007, "_time": 57.953125}, {"$id": 271, "sounds": [{"d": 0.0838050842, "p": 64, "v": 92}, {"d": 0.0838050842, "p": 60, "v": 92}], "pos": -1.0, "size": 1.30000007, "_time": 58.296875}, {"$id": 272, "sounds": [{"d": 0.0838050842, "p": 79, "v": 92}], "pos": 1.0, "size": 1.0, "_time": 58.296875}, {"$id": 273, "sounds": [{"d": 0.0838050842, "p": 88, "v": 93}, {"d": 0.0838050842, "p": 84, "v": 93}], "pos": 2.0, "size": 1.0, "_time": 58.63672}, {"$id": 274, "sounds": [{"d": 0.0838050842, "p": 67, "v": 94}, {"d": 0.0838050842, "p": 64, "v": 94}], "pos": -1.0, "size": 1.30000007, "_time": 58.9765625}, {"$id": 275, "sounds": [{"d": 0.0838050842, "p": 66, "v": 93}, {"d": 0.0838050842, "p": 62, "v": 93}], "pos": -2.0, "size": 1.30000007, "_time": 59.3164063}, {"$id": 276, "sounds": [{"d": 0.0838050842, "p": 90, "v": 93}], "pos": 1.0, "size": 1.0, "_time": 59.3164063}, {"$id": 277, "sounds": [{"d": 0.0838050842, "p": 91, "v": 84}], "pos": 2.0, "size": 1.0, "_time": 59.48828}, {"$id": 278, "sounds": [{"d": 0.0838050842, "p": 90, "v": 94}, {"d": 0.0838050842, "p": 86, "v": 94}], "size": 1.0, "_time": 59.6601563, "pos": 0}, {"$id": 279, "sounds": [{"d": 0.0838050842, "p": 66, "v": 87}, {"d": 0.0838050842, "p": 62, "v": 87}], "pos": -2.0, "size": 1.30000007, "_time": 60.0}, {"$id": 280, "sounds": [{"d": 0.0838050842, "p": 69, "v": 92}, {"d": 0.0838050842, "p": 66, "v": 92}], "pos": -1.0, "size": 1.30000007, "_time": 60.3398438}, {"$id": 281, "sounds": [{"d": 0.0838050842, "p": 86, "v": 92}], "pos": 1.0, "size": 1.0, "_time": 60.3398438}, {"$id": 282, "sounds": [{"d": 0.0838050842, "p": 88, "v": 93}, {"d": 0.0838050842, "p": 84, "v": 93}], "size": 1.0, "_time": 60.6796875, "pos": 0}, {"$id": 283, "sounds": [{"d": 0.0838050842, "p": 76, "v": 102}, {"d": 0.0838050842, "p": 67, "v": 102}], "pos": -0.5, "size": 1.30000007, "_time": 61.0234375}, {"$id": 284, "sounds": [{"d": 0.0838050842, "p": 95, "v": 102}], "pos": 2.0, "size": 1.0, "_time": 61.0234375}, {"$id": 285, "sounds": [{"d": 0.0838050842, "p": 74, "v": 93}, {"d": 0.0838050842, "p": 64, "v": 93}], "pos": -1.0, "size": 1.30000007, "_time": 61.36328}, {"$id": 286, "sounds": [{"d": 0.0838050842, "p": 91, "v": 93}], "pos": 1.5, "size": 1.0, "_time": 61.36328}, {"$id": 287, "sounds": [{"d": 0.0838050842, "p": 93, "v": 83}, {"d": 0.0838050842, "p": 86, "v": 83}], "pos": 1.0, "size": 1.0, "_time": 61.703125}, {"$id": 288, "sounds": [{"d": 0.0838050842, "p": 74, "v": 96}, {"d": 0.0838050842, "p": 66, "v": 96}], "size": 1.30000007, "_time": 62.046875, "pos": 0}, {"$id": 289, "sounds": [{"d": 0.0838050842, "p": 90, "v": 96}], "pos": 2.0, "size": 1.0, "_time": 62.046875}, {"$id": 290, "sounds": [{"d": 0.0838050842, "p": 72, "v": 85}, {"d": 0.0838050842, "p": 62, "v": 85}], "pos": -1.0, "size": 1.30000007, "_time": 62.38672}, {"$id": 291, "sounds": [{"d": 0.0838050842, "p": 86, "v": 85}, {"d": 0.0838050842, "p": 81, "v": 85}], "pos": 1.0, "size": 1.0, "_time": 62.38672}, {"$id": 292, "sounds": [{"d": 0.0838050842, "p": 71, "v": 79}, {"d": 0.0838050842, "p": 64, "v": 79}], "pos": -2.0, "size": 1.30000007, "_time": 62.7265625}, {"$id": 293, "sounds": [{"d": 0.0838050842, "p": 88, "v": 79}, {"d": 0.0838050842, "p": 83, "v": 79}], "pos": 2.0, "size": 1.0, "_time": 62.7265625}, {"$id": 294, "sounds": [{"d": 0.0838050842, "p": 76, "v": 100}, {"d": 0.0838050842, "p": 71, "v": 100}], "pos": -1.0, "size": 1.30000007, "_time": 63.4101563}, {"$id": 295, "sounds": [{"d": 0.0838050842, "p": 91, "v": 100}], "pos": 2.0, "size": 1.0, "_time": 63.4101563}, {"$id": 296, "sounds": [{"d": 0.0838050842, "p": 90, "v": 85}], "pos": 1.5, "size": 1.0, "_time": 63.578125}, {"$id": 297, "sounds": [{"d": 0.0838050842, "p": 71, "v": 91}, {"d": 0.0838050842, "p": 64, "v": 91}], "pos": -2.0, "size": 1.30000007, "_time": 63.75}, {"$id": 298, "sounds": [{"d": 0.0838050842, "p": 88, "v": 91}, {"d": 0.0838050842, "p": 80, "v": 91}], "pos": 1.0, "size": 1.0, "_time": 63.75}, {"$id": 299, "sounds": [{"d": 0.0838089, "p": 69, "v": 93}, {"d": 0.0838089, "p": 64, "v": 93}], "pos": -1.0, "size": 1.30000007, "_time": 64.08984}, {"$id": 300, "sounds": [{"d": 0.0838089, "p": 71, "v": 102}, {"d": 0.0838089, "p": 67, "v": 102}], "size": 1.30000007, "_time": 64.42969, "pos": 0}, {"$id": 301, "sounds": [{"d": 0.0838089, "p": 72, "v": 105}, {"d": 0.0838089, "p": 69, "v": 105}], "pos": -1.0, "size": 1.0, "_time": 64.77344}, {"$id": 302, "sounds": [{"d": 0.0838089, "p": 52, "v": 94}, {"d": 0.0838089, "p": 48, "v": 94}], "pos": 2.0, "size": 1.30000007, "_time": 65.11328}, {"$id": 303, "sounds": [{"d": 0.0838089, "p": 50, "v": 96}, {"d": 0.0838089, "p": 47, "v": 96}], "pos": 1.0, "size": 1.30000007, "_time": 65.453125}, {"$id": 304, "sounds": [{"d": 0.0838089, "p": 74, "v": 96}], "pos": -2.0, "size": 1.0, "_time": 65.453125}, {"$id": 305, "sounds": [{"d": 0.0838089, "p": 76, "v": 105}], "size": 1.0, "_time": 65.625, "pos": 0}, {"$id": 306, "sounds": [{"d": 0.0838089, "p": 74, "v": 109}, {"d": 0.0838089, "p": 68, "v": 109}], "pos": -2.0, "size": 1.0, "_time": 65.796875}, {"$id": 307, "sounds": [{"d": 0.0838089, "p": 50, "v": 102}], "pos": 1.0, "size": 1.30000007, "_time": 66.13672}, {"$id": 308, "sounds": [{"d": 0.0838089, "p": 52, "v": 91}, {"d": 0.0838089, "p": 48, "v": 91}], "pos": 2.0, "size": 1.30000007, "_time": 66.47656}, {"$id": 309, "sounds": [{"d": 0.0838089, "p": 67, "v": 91}], "pos": -1.0, "size": 1.0, "_time": 66.47656}, {"$id": 310, "sounds": [{"d": 0.0838089, "p": 76, "v": 102}, {"d": 0.0838089, "p": 72, "v": 102}], "size": 1.0, "_time": 66.81641, "pos": 0}, {"$id": 311, "sounds": [{"d": 0.0838089, "p": 55, "v": 102}, {"d": 0.0838089, "p": 52, "v": 102}], "pos": 2.0, "size": 1.30000007, "_time": 67.16016}, {"$id": 312, "sounds": [{"d": 0.0838089, "p": 54, "v": 96}, {"d": 0.0838089, "p": 50, "v": 96}], "pos": 1.0, "size": 1.30000007, "_time": 67.5}, {"$id": 313, "sounds": [{"d": 0.0838089, "p": 78, "v": 96}], "pos": -1.0, "size": 1.0, "_time": 67.5}, {"$id": 314, "sounds": [{"d": 0.08380127, "p": 79, "v": 101}], "size": 1.0, "_time": 67.671875, "pos": 0}, {"$id": 315, "sounds": [{"d": 0.0838089, "p": 74, "v": 107}, {"d": 0.0838089, "p": 78, "v": 107}], "pos": -2.0, "size": 1.0, "_time": 67.83984}, {"$id": 316, "sounds": [{"d": 0.0838089, "p": 54, "v": 100}, {"d": 0.0838089, "p": 50, "v": 100}], "pos": 1.0, "size": 1.30000007, "_time": 68.18359}, {"$id": 317, "sounds": [{"d": 0.0838089, "p": 57, "v": 100}, {"d": 0.0838089, "p": 54, "v": 100}], "pos": 2.0, "size": 1.30000007, "_time": 68.52344}, {"$id": 318, "sounds": [{"d": 0.0838089, "p": 74, "v": 100}], "pos": -2.0, "size": 1.0, "_time": 68.52344}, {"$id": 319, "sounds": [{"d": 0.0838089, "p": 76, "v": 92}, {"d": 0.0838089, "p": 72, "v": 92}], "pos": -1.0, "size": 1.0, "_time": 68.86328}, {"$id": 320, "sounds": [{"d": 0.0838089, "p": 64, "v": 106}, {"d": 0.0838089, "p": 55, "v": 106}], "pos": 2.0, "size": 1.30000007, "_time": 69.203125}, {"$id": 321, "sounds": [{"d": 0.0838089, "p": 83, "v": 106}], "size": 1.0, "_time": 69.203125, "pos": 0}, {"$id": 322, "sounds": [{"d": 0.0838089, "p": 62, "v": 96}, {"d": 0.0838089, "p": 52, "v": 96}], "pos": 1.0, "size": 1.30000007, "_time": 69.546875}, {"$id": 323, "sounds": [{"d": 0.0838089, "p": 79, "v": 96}], "pos": -1.0, "size": 1.0, "_time": 69.546875}, {"$id": 324, "sounds": [{"d": 0.0838089, "p": 81, "v": 98}, {"d": 0.0838089, "p": 74, "v": 98}], "size": 1.0, "_time": 69.88672, "pos": 0}, {"$id": 325, "sounds": [{"d": 0.0838089, "p": 62, "v": 87}, {"d": 0.0838089, "p": 54, "v": 87}], "pos": 2.0, "size": 1.30000007, "_time": 70.22656}, {"$id": 326, "sounds": [{"d": 0.0838089, "p": 78, "v": 87}], "pos": -1.0, "size": 1.0, "_time": 70.22656}, {"$id": 327, "sounds": [{"d": 0.0838089, "p": 60, "v": 97}, {"d": 0.0838089, "p": 50, "v": 97}], "pos": 1.5, "size": 1.30000007, "_time": 70.56641}, {"$id": 328, "sounds": [{"d": 0.0838089, "p": 74, "v": 97}, {"d": 0.0838089, "p": 69, "v": 97}], "pos": -2.0, "size": 1.0, "_time": 70.56641}, {"$id": 329, "sounds": [{"d": 0.0838089, "p": 59, "v": 102}, {"d": 0.0838089, "p": 52, "v": 102}], "pos": 1.0, "size": 1.30000007, "_time": 70.91016}, {"$id": 330, "sounds": [{"d": 0.0838089, "p": 76, "v": 102}, {"d": 0.0838089, "p": 71, "v": 102}], "pos": -1.0, "size": 1.0, "_time": 70.91016}, {"$id": 331, "sounds": [{"d": 0.0838089, "p": 64, "v": 115}, {"d": 0.0838089, "p": 59, "v": 115}], "pos": 1.0, "size": 1.30000007, "_time": 71.58984}, {"$id": 332, "sounds": [{"d": 0.0838089, "p": 79, "v": 115}], "pos": -1.0, "size": 1.0, "_time": 71.58984}, {"$id": 333, "sounds": [{"d": 0.0838089, "p": 78, "v": 110}], "pos": -1.5, "size": 1.0, "_time": 71.76172}, {"$id": 334, "sounds": [{"d": 0.0838089, "p": 59, "v": 106}, {"d": 0.0838089, "p": 52, "v": 106}], "pos": 1.0, "size": 1.30000007, "_time": 71.93359}, {"$id": 335, "sounds": [{"d": 0.0838089, "p": 76, "v": 106}, {"d": 0.0838089, "p": 68, "v": 106}], "pos": -2.0, "size": 1.0, "_time": 71.93359}, {"$id": 336, "sounds": [{"d": 0.169036865, "p": 44, "v": 80}, {"d": 0.169036865, "p": 37, "v": 80}], "pos": -1.5, "size": 1.30000007, "_time": 72.953125}, {"$id": 337, "sounds": [{"d": 0.0838089, "p": 60, "v": 78}, {"d": 0.0838089, "p": 51, "v": 78}], "size": 1.30000007, "_time": 73.296875, "pos": 0}, {"$id": 338, "sounds": [{"d": 0.169036865, "p": 46, "v": 78}, {"d": 0.169036865, "p": 39, "v": 78}], "pos": -1.0, "size": 1.30000007, "_time": 74.31641}, {"$id": 339, "sounds": [{"d": 0.0838089, "p": 58, "v": 78}, {"d": 0.0838089, "p": 51, "v": 78}], "pos": 0.5, "size": 1.30000007, "_time": 74.66016}, {"$id": 340, "sounds": [{"d": 0.169036865, "p": 48, "v": 83}, {"d": 0.169036865, "p": 41, "v": 83}], "pos": -0.5, "size": 1.30000007, "_time": 75.68359}, {"$id": 341, "sounds": [{"d": 0.0838089, "p": 63, "v": 66}, {"d": 0.0838089, "p": 51, "v": 66}], "pos": 1.0, "size": 1.30000007, "_time": 76.02344}, {"$id": 342, "sounds": [{"d": 0.169036865, "p": 43, "v": 88}, {"d": 0.169036865, "p": 36, "v": 88}], "size": 1.30000007, "_time": 77.046875, "pos": 0}, {"$id": 343, "sounds": [{"d": 0.0838089, "p": 58, "v": 86}, {"d": 0.0838089, "p": 51, "v": 86}], "pos": 1.5, "size": 1.30000007, "_time": 77.38672}, {"$id": 344, "sounds": [{"d": 0.169036865, "p": 44, "v": 80}, {"d": 0.169036865, "p": 37, "v": 80}], "pos": -1.5, "size": 1.30000007, "_time": 78.41016}, {"$id": 345, "sounds": [{"d": 0.0838089, "p": 60, "v": 78}, {"d": 0.0838089, "p": 51, "v": 78}], "size": 1.30000007, "_time": 78.75, "pos": 0}, {"$id": 346, "sounds": [{"d": 0.169036865, "p": 46, "v": 78}, {"d": 0.169036865, "p": 39, "v": 78}], "pos": -1.0, "size": 1.30000007, "_time": 79.77344}, {"$id": 347, "sounds": [{"d": 0.0838089, "p": 58, "v": 78}, {"d": 0.0838089, "p": 51, "v": 78}], "pos": 0.5, "size": 1.30000007, "_time": 80.11328}, {"$id": 348, "sounds": [{"d": 0.169036865, "p": 48, "v": 83}, {"d": 0.169036865, "p": 41, "v": 83}], "pos": -0.5, "size": 1.30000007, "_time": 81.13672}, {"$id": 349, "sounds": [{"d": 0.0838089, "p": 63, "v": 66}, {"d": 0.0838089, "p": 51, "v": 66}], "pos": 1.0, "size": 1.30000007, "_time": 81.47656}, {"$id": 350, "sounds": [{"d": 0.169036865, "p": 36, "v": 88}, {"d": 0.169036865, "p": 43, "v": 88}], "size": 1.30000007, "_time": 82.5, "pos": 0}, {"$id": 351, "sounds": [{"d": 0.0838089, "p": 51, "v": 86}, {"d": 0.0838089, "p": 58, "v": 86}], "pos": 1.5, "size": 1.30000007, "_time": 82.83984}, {"$id": 352, "sounds": [{"d": 0.0838089, "p": 92, "v": 95}], "pos": 2.0, "size": 1.0, "_time": 83.18359}, {"$id": 353, "sounds": [{"d": 0.0838089, "p": 91, "v": 102}], "pos": 1.5, "size": 1.0, "_time": 83.35156}, {"$id": 354, "sounds": [{"d": 0.0838089, "p": 88, "v": 99}], "pos": 1.0, "size": 1.0, "_time": 83.52344}, {"$id": 355, "sounds": [{"d": 0.0838089, "p": 85, "v": 107}], "pos": 0.5, "size": 1.0, "_time": 83.69141}, {"$id": 356, "sounds": [{"d": 0.0838089, "p": 78, "v": 80}, {"d": 0.169036865, "p": 45, "v": 80}, {"d": 0.169036865, "p": 38, "v": 80}], "size": 1.30000007, "_time": 83.86328, "pos": 0}, {"$id": 357, "sounds": [{"d": 0.0838089, "p": 85, "v": 62}], "pos": 2.0, "size": 1.0, "_time": 84.03516}, {"$id": 358, "sounds": [{"d": 0.0838089, "p": 78, "v": 85}], "size": 1.0, "_time": 84.375, "pos": 0}, {"$id": 359, "sounds": [{"d": 0.0838089, "p": 83, "v": 90}], "pos": 1.0, "size": 1.0, "_time": 84.546875}, {"$id": 360, "sounds": [{"d": 0.0838089, "p": 76, "v": 80}], "pos": -1.0, "size": 1.0, "_time": 84.88672}, {"$id": 361, "sounds": [{"d": 0.0838089, "p": 80, "v": 81}], "size": 1.0, "_time": 85.05859, "pos": 0}, {"$id": 362, "sounds": [{"d": 0.0838089, "p": 81, "v": 78}, {"d": 0.169036865, "p": 47, "v": 78}, {"d": 0.169036865, "p": 40, "v": 78}], "pos": 1.0, "size": 1.30000007, "_time": 85.22656}, {"$id": 363, "sounds": [{"d": 0.0838089, "p": 80, "v": 78}], "size": 1.0, "_time": 85.56641, "pos": 0}, {"$id": 364, "sounds": [{"d": 0.0838089, "p": 78, "v": 69}], "pos": -1.0, "size": 1.0, "_time": 85.91016}, {"$id": 365, "sounds": [{"d": 0.0838089, "p": 71, "v": 69}], "pos": -2.0, "size": 1.0, "_time": 86.25}, {"$id": 366, "sounds": [{"d": 0.0838089, "p": 78, "v": 74}], "pos": -1.0, "size": 1.0, "_time": 86.421875}, {"$id": 367, "sounds": [{"d": 0.0838089, "p": 80, "v": 83}, {"d": 0.169036865, "p": 49, "v": 83}, {"d": 0.169036865, "p": 42, "v": 83}], "size": 1.30000007, "_time": 86.58984, "pos": 0}, {"$id": 368, "sounds": [{"d": 0.0838089, "p": 78, "v": 66}], "pos": -1.0, "size": 1.0, "_time": 86.93359}, {"$id": 369, "sounds": [{"d": 0.0838089, "p": 80, "v": 78}], "size": 1.0, "_time": 87.10156, "pos": 0}, {"$id": 370, "sounds": [{"d": 0.0838089, "p": 81, "v": 81}], "pos": 1.0, "size": 1.0, "_time": 87.27344}, {"$id": 371, "sounds": [{"d": 0.0838089, "p": 81, "v": 74}], "size": 1.0, "_time": 87.61328, "pos": 0}, {"$id": 372, "sounds": [{"d": 0.0838089, "p": 83, "v": 81}], "pos": 1.0, "size": 1.0, "_time": 87.78516}, {"$id": 373, "sounds": [{"d": 0.0838089, "p": 85, "v": 88}, {"d": 0.169036865, "p": 44, "v": 88}, {"d": 0.169036865, "p": 37, "v": 88}], "pos": 2.0, "size": 1.30000007, "_time": 87.953125}, {"$id": 374, "sounds": [{"d": 0.0838089, "p": 85, "v": 86}], "pos": -1.0, "size": 1.0, "_time": 88.296875}, {"$id": 375, "sounds": [{"d": 0.0838089, "p": 88, "v": 95}], "pos": 2.0, "size": 1.0, "_time": 88.46484}, {"$id": 376, "sounds": [{"d": 0.0838089, "p": 83, "v": 81}], "pos": -2.0, "size": 1.0, "_time": 88.63672}, {"$id": 377, "sounds": [{"d": 0.0838089, "p": 81, "v": 85}], "pos": 2.0, "size": 1.0, "_time": 88.97656}, {"$id": 378, "sounds": [{"d": 0.0838089, "p": 80, "v": 78}], "pos": 1.0, "size": 1.0, "_time": 89.14844}, {"$id": 379, "sounds": [{"d": 0.0838089, "p": 78, "v": 80}, {"d": 0.169036865, "p": 45, "v": 80}, {"d": 0.169036865, "p": 38, "v": 80}], "size": 1.30000007, "_time": 89.31641, "pos": 0}, {"$id": 380, "sounds": [{"d": 0.0838089, "p": 85, "v": 62}], "pos": 2.0, "size": 1.0, "_time": 89.48828}, {"$id": 381, "sounds": [{"d": 0.0838089, "p": 78, "v": 85}], "size": 1.0, "_time": 89.828125, "pos": 0}, {"$id": 382, "sounds": [{"d": 0.0838089, "p": 83, "v": 90}], "pos": 1.0, "size": 1.0, "_time": 90.0}, {"$id": 383, "sounds": [{"d": 0.0838089, "p": 76, "v": 80}], "pos": -1.0, "size": 1.0, "_time": 90.33984}, {"$id": 384, "sounds": [{"d": 0.08380127, "p": 80, "v": 81}], "size": 1.0, "_time": 90.51172, "pos": 0}, {"$id": 385, "sounds": [{"d": 0.0838089, "p": 81, "v": 78}, {"d": 0.169036865, "p": 47, "v": 78}, {"d": 0.169036865, "p": 40, "v": 78}], "pos": 1.0, "size": 1.30000007, "_time": 90.68359}, {"$id": 386, "sounds": [{"d": 0.0838089, "p": 80, "v": 78}], "size": 1.0, "_time": 91.02344, "pos": 0}, {"$id": 387, "sounds": [{"d": 0.0838089, "p": 78, "v": 69}], "pos": -1.0, "size": 1.0, "_time": 91.36328}, {"$id": 388, "sounds": [{"d": 0.0838089, "p": 71, "v": 69}], "pos": -2.0, "size": 1.0, "_time": 91.703125}, {"$id": 389, "sounds": [{"d": 0.08380127, "p": 78, "v": 74}], "pos": -1.0, "size": 1.0, "_time": 91.875}, {"$id": 390, "sounds": [{"d": 0.0838089, "p": 80, "v": 83}, {"d": 0.169036865, "p": 49, "v": 83}, {"d": 0.169036865, "p": 42, "v": 83}], "size": 1.30000007, "_time": 92.046875, "pos": 0}, {"$id": 391, "sounds": [{"d": 0.0838089, "p": 78, "v": 66}], "pos": -1.0, "size": 1.0, "_time": 92.38672}, {"$id": 392, "sounds": [{"d": 0.0838089, "p": 80, "v": 78}], "size": 1.0, "_time": 92.55859, "pos": 0}, {"$id": 393, "sounds": [{"d": 0.0838089, "p": 81, "v": 81}], "pos": 1.0, "size": 1.0, "_time": 92.72656}, {"$id": 394, "sounds": [{"d": 0.0838089, "p": 81, "v": 74}], "size": 1.0, "_time": 93.06641, "pos": 0}, {"$id": 395, "sounds": [{"d": 0.08380127, "p": 83, "v": 81}], "pos": 1.0, "size": 1.0, "_time": 93.23828}, {"$id": 396, "sounds": [{"d": 0.0838089, "p": 85, "v": 88}, {"d": 0.169036865, "p": 44, "v": 88}, {"d": 0.169036865, "p": 37, "v": 88}], "pos": 2.0, "size": 1.30000007, "_time": 93.41016}, {"$id": 397, "sounds": [{"d": 0.0838089, "p": 85, "v": 86}], "pos": -0.5, "size": 1.0, "_time": 93.75}, {"$id": 398, "sounds": [{"d": 0.0838089, "p": 88, "v": 78}], "pos": 0.5, "size": 1.0, "_time": 93.921875}, {"$id": 399, "pos": -1.5, "size": 1.90000021, "_time": 94.12109, "shift": -0.01953125}, {"$id": 400, "pos": 1.5, "size": 1.90000021, "_time": 94.10156}, {"$id": 401, "sounds": [{"d": 0.0838089, "p": 41, "v": 116}, {"d": 0.0838089, "p": 48, "v": 116}], "pos": -2.0, "size": 1.30000007, "_time": 94.77344}, {"$id": 402, "sounds": [{"d": 0.0838089, "p": 81, "v": 116}], "size": 1.0, "_time": 94.77344, "pos": 0}, {"$id": 403, "sounds": [{"d": 0.0838089, "p": 88, "v": 102}], "pos": 1.0, "size": 1.0, "_time": 94.94531}, {"$id": 404, "sounds": [{"d": 0.0838089, "p": 81, "v": 107}], "pos": -1.0, "size": 1.0, "_time": 95.28516}, {"$id": 405, "sounds": [{"d": 0.0838089, "p": 86, "v": 116}], "pos": 1.0, "size": 1.0, "_time": 95.45703}, {"$id": 406, "sounds": [{"d": 0.0838089, "p": 79, "v": 100}], "size": 1.0, "_time": 95.796875, "pos": 0}, {"$id": 407, "sounds": [{"d": 0.08380127, "p": 83, "v": 109}], "pos": 1.0, "size": 1.0, "_time": 95.96875}, {"$id": 408, "sounds": [{"d": 0.0838089, "p": 43, "v": 114}, {"d": 0.0838089, "p": 50, "v": 114}], "pos": -2.0, "size": 1.30000007, "_time": 96.13672}, {"$id": 409, "sounds": [{"d": 0.0838089, "p": 84, "v": 114}], "pos": 2.0, "size": 1.0, "_time": 96.13672}, {"$id": 410, "sounds": [{"d": 0.0838089, "p": 83, "v": 107}], "pos": 1.0, "size": 1.0, "_time": 96.48047}, {"$id": 411, "sounds": [{"d": 0.0838089, "p": 81, "v": 109}], "size": 1.0, "_time": 96.82031, "pos": 0}, {"$id": 412, "sounds": [{"d": 0.0838089, "p": 74, "v": 99}], "pos": -1.0, "size": 1.0, "_time": 97.16016}, {"$id": 413, "sounds": [{"d": 0.0838089, "p": 81, "v": 109}], "size": 1.0, "_time": 97.33203, "pos": 0}, {"$id": 414, "sounds": [{"d": 0.0838089, "p": 83, "v": 113}], "pos": 1.0, "size": 1.0, "_time": 97.50391}, {"$id": 415, "sounds": [{"d": 0.0838089, "p": 45, "v": 113}, {"d": 0.0838089, "p": 52, "v": 113}], "pos": -2.0, "size": 1.30000007, "_time": 97.50391}, {"$id": 416, "sounds": [{"d": 0.0838089, "p": 81, "v": 107}], "pos": -0.5, "size": 1.0, "_time": 97.84375}, {"$id": 417, "sounds": [{"d": 0.0838089, "p": 83, "v": 116}], "pos": 0.5, "size": 1.0, "_time": 98.01172}, {"$id": 418, "sounds": [{"d": 0.0838089, "p": 84, "v": 104}], "pos": 1.5, "size": 1.0, "_time": 98.18359}, {"$id": 419, "sounds": [{"d": 0.0838089, "p": 84, "v": 111}], "size": 1.0, "_time": 98.52344, "pos": 0}, {"$id": 420, "sounds": [{"d": 0.0838089, "p": 86, "v": 113}], "pos": 1.0, "size": 1.0, "_time": 98.69531}, {"$id": 421, "sounds": [{"d": 0.0838089, "p": 88, "v": 116}], "pos": 2.0, "size": 1.0, "_time": 98.86719}, {"$id": 422, "sounds": [{"d": 0.0838089, "p": 40, "v": 116}, {"d": 0.0838089, "p": 47, "v": 116}], "pos": -2.0, "size": 1.30000007, "_time": 98.86719}, {"$id": 423, "sounds": [{"d": 0.0838089, "p": 88, "v": 102}], "size": 1.0, "_time": 99.20703, "pos": 0}, {"$id": 424, "sounds": [{"d": 0.0838089, "p": 91, "v": 114}], "pos": 2.0, "size": 1.0, "_time": 99.37891}, {"$id": 425, "sounds": [{"d": 0.0838089, "p": 86, "v": 114}], "pos": -1.0, "size": 1.0, "_time": 99.546875}, {"$id": 426, "sounds": [{"d": 0.0838089, "p": 84, "v": 102}], "pos": 1.0, "size": 1.0, "_time": 99.88672}, {"$id": 427, "sounds": [{"d": 0.0838089, "p": 83, "v": 99}], "pos": -1.0, "size": 1.0, "_time": 100.058594}, {"$id": 428, "sounds": [{"d": 0.0838089, "p": 81, "v": 104}], "size": 1.0, "_time": 100.230469, "pos": 0}, {"$id": 429, "sounds": [{"d": 0.0838089, "p": 41, "v": 104}, {"d": 0.0838089, "p": 48, "v": 104}], "pos": -2.0, "size": 1.30000007, "_time": 100.230469}, {"$id": 430, "sounds": [{"d": 0.0838089, "p": 88, "v": 109}], "pos": 1.0, "size": 1.0, "_time": 100.398438}, {"$id": 431, "sounds": [{"d": 0.0838089, "p": 81, "v": 114}], "pos": -1.0, "size": 1.0, "_time": 100.742188}, {"$id": 432, "sounds": [{"d": 0.0838089, "p": 86, "v": 113}], "pos": 1.0, "size": 1.0, "_time": 100.910156}, {"$id": 433, "sounds": [{"d": 0.0838089, "p": 79, "v": 102}], "size": 1.0, "_time": 101.253906, "pos": 0}, {"$id": 434, "sounds": [{"d": 0.0838089, "p": 83, "v": 111}], "pos": 1.0, "size": 1.0, "_time": 101.421875}, {"$id": 435, "sounds": [{"d": 0.0838089, "p": 84, "v": 116}], "pos": 2.0, "size": 1.0, "_time": 101.59375}, {"$id": 436, "sounds": [{"d": 0.0838089, "p": 43, "v": 116}, {"d": 0.0838089, "p": 50, "v": 116}], "pos": -2.0, "size": 1.30000007, "_time": 101.59375}, {"$id": 437, "sounds": [{"d": 0.0838089, "p": 81, "v": 111}], "pos": -1.0, "size": 1.0, "_time": 101.933594}, {"$id": 438, "sounds": [{"d": 0.0838089, "p": 88, "v": 100}], "pos": 2.0, "size": 1.0, "_time": 102.105469}, {"$id": 439, "sounds": [{"d": 0.0838089, "p": 86, "v": 106}], "size": 1.0, "_time": 102.273438, "pos": 0}, {"$id": 440, "sounds": [{"d": 0.0838089, "p": 79, "v": 100}], "pos": -1.0, "size": 1.0, "_time": 102.617188}, {"$id": 441, "sounds": [{"d": 0.0838089, "p": 81, "v": 100}], "size": 1.0, "_time": 102.785156, "pos": 0}, {"$id": 442, "sounds": [{"d": 0.0838089, "p": 83, "v": 107}], "pos": 1.0, "size": 1.0, "_time": 102.957031}, {"$id": 443, "sounds": [{"d": 0.0838089, "p": 45, "v": 107}, {"d": 0.0838089, "p": 52, "v": 107}], "pos": -2.0, "size": 1.30000007, "_time": 102.957031}, {"$id": 444, "sounds": [{"d": 0.0838089, "p": 81, "v": 97}], "pos": -0.5, "size": 1.0, "_time": 103.296875}, {"$id": 445, "sounds": [{"d": 0.0838089, "p": 83, "v": 106}], "pos": 0.5, "size": 1.0, "_time": 103.46875}, {"$id": 446, "sounds": [{"d": 0.0838089, "p": 55, "v": 106}], "pos": 3.0, "size": 1.30000007, "_time": 103.46875}, {"$id": 447, "sounds": [{"d": 0.0838089, "p": 84, "v": 99}], "pos": 1.5, "size": 1.0, "_time": 103.636719}, {"$id": 448, "sounds": [{"d": 0.0838089, "p": 84, "v": 97}], "size": 1.0, "_time": 103.980469, "pos": 0}, {"$id": 449, "sounds": [{"d": 0.0838089, "p": 86, "v": 111}], "pos": 1.0, "size": 1.0, "_time": 104.148438}, {"$id": 450, "sounds": [{"d": 0.0838089, "p": 88, "v": 103}, {"d": 0.0838089, "p": 72, "v": 103}], "pos": 2.0, "size": 1.30000007, "_time": 104.320313}, {"$id": 451, "sounds": [{"d": 0.0838089, "p": 81, "v": 92}], "pos": -0.5, "size": 1.0, "_time": 104.492188}, {"$id": 452, "sounds": [{"d": 0.0838089, "p": 86, "v": 114}, {"d": 0.0838089, "p": 71, "v": 114}], "pos": 1.5, "size": 1.30000007, "_time": 104.660156}, {"$id": 453, "sounds": [{"d": 0.0838089, "p": 79, "v": 94}], "pos": -1.0, "size": 1.0, "_time": 104.832031}, {"$id": 454, "sounds": [{"d": 0.0838089, "p": 84, "v": 107}, {"d": 0.0838089, "p": 67, "v": 107}], "pos": 1.0, "size": 1.30000007, "_time": 105.003906}, {"$id": 455, "sounds": [{"d": 0.0838089, "p": 76, "v": 92}], "pos": -1.5, "size": 1.0, "_time": 105.171875}, {"$id": 456, "sounds": [{"d": 0.0838089, "p": 83, "v": 112}, {"d": 0.0838089, "p": 64, "v": 112}], "pos": 0.5, "size": 1.30000007, "_time": 105.34375}, {"$id": 457, "sounds": [{"d": 0.0838089, "p": 79, "v": 110}], "pos": -2.0, "size": 1.0, "_time": 105.511719}, {"$id": 458, "sounds": [{"d": 0.08380127, "p": 81, "v": 116}, {"d": 0.08380127, "p": 48, "v": 116}, {"d": 0.08380127, "p": 41, "v": 116}], "size": 1.30000007, "_time": 105.683594, "pos": 0}, {"$id": 459, "sounds": [{"d": 0.0838089, "p": 88, "v": 102}], "pos": 1.0, "size": 1.0, "_time": 105.851563}, {"$id": 460, "sounds": [{"d": 0.0838089, "p": 76, "v": 102}], "pos": -1.0, "size": 1.0, "_time": 106.023438}, {"$id": 461, "sounds": [{"d": 0.0838089, "p": 81, "v": 107}], "size": 1.0, "_time": 106.191406, "pos": 0}, {"$id": 462, "sounds": [{"d": 0.0838089, "p": 86, "v": 116}], "pos": 1.0, "size": 1.0, "_time": 106.363281}, {"$id": 463, "sounds": [{"d": 0.0838089, "p": 74, "v": 88}], "pos": -1.0, "size": 1.0, "_time": 106.535156}, {"$id": 464, "sounds": [{"d": 0.0838089, "p": 79, "v": 100}], "size": 1.0, "_time": 106.703125, "pos": 0}, {"$id": 465, "sounds": [{"d": 0.08380127, "p": 83, "v": 109}], "pos": 1.0, "size": 1.0, "_time": 106.875}, {"$id": 466, "sounds": [{"d": 0.0838089, "p": 84, "v": 114}, {"d": 0.0838089, "p": 50, "v": 114}, {"d": 0.0838089, "p": 43, "v": 114}], "pos": 2.0, "size": 1.30000007, "_time": 107.046875}, {"$id": 467, "sounds": [{"d": 0.0838089, "p": 72, "v": 99}], "pos": -2.0, "size": 1.0, "_time": 107.214844}, {"$id": 468, "sounds": [{"d": 0.0838089, "p": 83, "v": 107}], "pos": 1.0, "size": 1.0, "_time": 107.386719}, {"$id": 469, "sounds": [{"d": 0.0838089, "p": 72, "v": 116}], "pos": -2.0, "size": 1.0, "_time": 107.558594}, {"$id": 470, "sounds": [{"d": 0.0838089, "p": 81, "v": 109}], "size": 1.0, "_time": 107.726563, "pos": 0}, {"$id": 471, "sounds": [{"d": 0.0838089, "p": 72, "v": 86}], "pos": -2.0, "size": 1.0, "_time": 107.898438}, {"$id": 472, "sounds": [{"d": 0.0838089, "p": 74, "v": 99}], "pos": -1.0, "size": 1.0, "_time": 108.066406}, {"$id": 473, "sounds": [{"d": 0.0838089, "p": 81, "v": 109}], "size": 1.0, "_time": 108.238281, "pos": 0}, {"$id": 474, "sounds": [{"d": 0.0838089, "p": 83, "v": 113}, {"d": 0.0838089, "p": 52, "v": 113}, {"d": 0.0838089, "p": 45, "v": 113}], "pos": 1.0, "size": 1.30000007, "_time": 108.410156}, {"$id": 475, "sounds": [{"d": 0.0838089, "p": 72, "v": 92}], "pos": -1.5, "size": 1.0, "_time": 108.578125}, {"$id": 476, "sounds": [{"d": 0.0838089, "p": 81, "v": 107}], "pos": -0.5, "size": 1.0, "_time": 108.75}, {"$id": 477, "sounds": [{"d": 0.0838089, "p": 83, "v": 116}], "pos": 0.5, "size": 1.0, "_time": 108.921875}, {"$id": 478, "sounds": [{"d": 0.0838089, "p": 84, "v": 104}], "pos": 1.5, "size": 1.0, "_time": 109.089844}, {"$id": 479, "sounds": [{"d": 0.0838089, "p": 72, "v": 106}], "pos": -1.0, "size": 1.0, "_time": 109.261719}, {"$id": 480, "sounds": [{"d": 0.0838089, "p": 84, "v": 111}], "size": 1.0, "_time": 109.433594, "pos": 0}, {"$id": 481, "sounds": [{"d": 0.0838089, "p": 86, "v": 113}], "pos": 1.0, "size": 1.0, "_time": 109.601563}, {"$id": 482, "sounds": [{"d": 0.0838089, "p": 88, "v": 116}, {"d": 0.0838089, "p": 47, "v": 116}, {"d": 0.0838089, "p": 40, "v": 116}], "pos": 2.0, "size": 1.30000007, "_time": 109.773438}, {"$id": 483, "sounds": [{"d": 0.0838089, "p": 79, "v": 92}], "pos": -2.0, "size": 1.0, "_time": 109.941406}, {"$id": 484, "sounds": [{"d": 0.0838089, "p": 88, "v": 102}], "pos": 1.0, "size": 1.0, "_time": 110.113281}, {"$id": 485, "sounds": [{"d": 0.0838089, "p": 91, "v": 114}], "pos": 2.0, "size": 1.0, "_time": 110.285156}, {"$id": 486, "sounds": [{"d": 0.0838089, "p": 86, "v": 114}], "size": 1.0, "_time": 110.453125, "pos": 0}, {"$id": 487, "sounds": [{"d": 0.0838089, "p": 79, "v": 100}], "pos": -1.0, "size": 1.0, "_time": 110.625}, {"$id": 488, "sounds": [{"d": 0.0838089, "p": 84, "v": 102}], "pos": 2.0, "size": 1.0, "_time": 110.796875}, {"$id": 489, "sounds": [{"d": 0.0838089, "p": 83, "v": 99}], "pos": 1.0, "size": 1.0, "_time": 110.964844}, {"$id": 490, "sounds": [{"d": 0.0838089, "p": 81, "v": 104}, {"d": 0.0838089, "p": 48, "v": 104}, {"d": 0.0838089, "p": 41, "v": 104}], "size": 1.30000007, "_time": 111.136719, "pos": 0}, {"$id": 491, "sounds": [{"d": 0.0838089, "p": 88, "v": 109}], "pos": 2.0, "size": 1.0, "_time": 111.308594}, {"$id": 492, "sounds": [{"d": 0.0838089, "p": 76, "v": 95}], "pos": -1.0, "size": 1.0, "_time": 111.476563}, {"$id": 493, "sounds": [{"d": 0.0838089, "p": 81, "v": 114}], "size": 1.0, "_time": 111.648438, "pos": 0}, {"$id": 494, "sounds": [{"d": 0.0838089, "p": 86, "v": 113}], "pos": 1.0, "size": 1.0, "_time": 111.816406}, {"$id": 495, "sounds": [{"d": 0.0838089, "p": 74, "v": 95}], "pos": -1.0, "size": 1.0, "_time": 111.988281}, {"$id": 496, "sounds": [{"d": 0.0838089, "p": 79, "v": 102}], "size": 1.0, "_time": 112.160156, "pos": 0}, {"$id": 497, "sounds": [{"d": 0.0838089, "p": 83, "v": 111}], "pos": 1.0, "size": 1.0, "_time": 112.328125}, {"$id": 498, "sounds": [{"d": 0.0838089, "p": 84, "v": 116}, {"d": 0.0838089, "p": 50, "v": 116}, {"d": 0.0838089, "p": 43, "v": 116}], "pos": 2.0, "size": 1.30000007, "_time": 112.5}, {"$id": 499, "sounds": [{"d": 0.0838089, "p": 72, "v": 99}], "pos": -1.0, "size": 1.0, "_time": 112.671875}, {"$id": 500, "sounds": [{"d": 0.0838089, "p": 81, "v": 111}], "size": 1.0, "_time": 112.839844, "pos": 0}, {"$id": 501, "sounds": [{"d": 0.0838089, "p": 88, "v": 100}], "pos": 2.0, "size": 1.0, "_time": 113.011719}, {"$id": 502, "sounds": [{"d": 0.0838089, "p": 86, "v": 106}], "pos": 1.0, "size": 1.0, "_time": 113.183594}, {"$id": 503, "sounds": [{"d": 0.0838089, "p": 72, "v": 100}], "pos": -2.0, "size": 1.0, "_time": 113.351563}, {"$id": 504, "sounds": [{"d": 0.0838089, "p": 79, "v": 100}], "pos": -1.0, "size": 1.0, "_time": 113.523438}, {"$id": 505, "sounds": [{"d": 0.0838089, "p": 81, "v": 100}], "size": 1.0, "_time": 113.691406, "pos": 0}, {"$id": 506, "sounds": [{"d": 0.0838089, "p": 83, "v": 107}, {"d": 0.0838089, "p": 52, "v": 107}, {"d": 0.0838089, "p": 45, "v": 107}], "pos": 1.0, "size": 1.30000007, "_time": 113.863281}, {"$id": 507, "sounds": [{"d": 0.0838089, "p": 72, "v": 86}], "pos": -1.0, "size": 1.0, "_time": 114.035156}, {"$id": 508, "sounds": [{"d": 0.0838089, "p": 81, "v": 97}], "size": 1.0, "_time": 114.203125, "pos": 0}, {"$id": 509, "sounds": [{"d": 0.0838089, "p": 83, "v": 106}], "pos": 1.0, "size": 1.0, "_time": 114.375}, {"$id": 510, "sounds": [{"d": 0.0838089, "p": 84, "v": 99}], "pos": 2.0, "size": 1.0, "_time": 114.546875}, {"$id": 511, "sounds": [{"d": 0.0838089, "p": 72, "v": 107}], "pos": -1.0, "size": 1.0, "_time": 114.714844}, {"$id": 512, "sounds": [{"d": 0.0838089, "p": 84, "v": 97}], "size": 1.0, "_time": 114.886719, "pos": 0}, {"$id": 513, "sounds": [{"d": 0.0838089, "p": 86, "v": 111}], "pos": 1.0, "size": 1.0, "_time": 115.058594}, {"$id": 514, "sounds": [{"d": 0.0838089, "p": 88, "v": 103}, {"d": 0.0838089, "p": 72, "v": 103}], "pos": 2.0, "size": 1.30000007, "_time": 115.226563}, {"$id": 515, "sounds": [{"d": 0.0838089, "p": 81, "v": 92}], "pos": -0.5, "size": 1.0, "_time": 115.398438}, {"$id": 516, "sounds": [{"d": 0.0838089, "p": 86, "v": 114}, {"d": 0.0838089, "p": 71, "v": 114}], "pos": 1.5, "size": 1.30000007, "_time": 115.566406}, {"$id": 517, "sounds": [{"d": 0.0838089, "p": 79, "v": 94}], "pos": -1.0, "size": 1.0, "_time": 115.738281}, {"$id": 518, "sounds": [{"d": 0.0838089, "p": 84, "v": 107}, {"d": 0.0838089, "p": 67, "v": 107}], "pos": 1.0, "size": 1.30000007, "_time": 115.910156}, {"$id": 519, "sounds": [{"d": 0.0838089, "p": 76, "v": 92}], "pos": -1.5, "size": 1.0, "_time": 116.078125}, {"$id": 520, "sounds": [{"d": 0.0838089, "p": 83, "v": 112}, {"d": 0.0838089, "p": 64, "v": 112}], "pos": 0.5, "size": 1.30000007, "_time": 116.25}, {"$id": 521, "sounds": [{"d": 0.0838089, "p": 79, "v": 110}], "pos": -2.0, "size": 1.0, "_time": 116.421875}, {"$id": 522, "sounds": [{"d": 0.05823517, "p": 81, "v": 81}, {"d": 0.05823517, "p": 57, "v": 81}], "pos": -1.0, "size": 1.30000007, "_time": 116.589844}, {"$id": 523, "sounds": [{"d": 0.05823517, "p": 88, "v": 92}], "pos": 1.5, "size": 1.0, "_time": 116.761719}, {"$id": 524, "sounds": [{"d": 0.05823517, "p": 86, "v": 76}], "pos": 0.5, "size": 1.0, "_time": 116.933594}, {"$id": 525, "sounds": [{"d": 0.05823517, "p": 79, "v": 57}, {"d": 0.05823517, "p": 53, "v": 57}], "pos": -1.5, "size": 1.30000007, "_time": 117.101563}, {"$id": 526, "sounds": [{"d": 0.169036865, "p": 86, "v": 73}], "pos": 1.0, "size": 1.0, "_time": 117.273438}, {"$id": 527, "sounds": [{"d": 0.05823517, "p": 84, "v": 57}], "size": 1.0, "_time": 117.441406, "pos": 0}, {"$id": 528, "sounds": [{"d": 0.05823517, "p": 81, "v": 45}, {"d": 0.05823517, "p": 50, "v": 45}], "pos": -2.0, "size": 1.30000007, "_time": 117.613281}, {"$id": 529, "sounds": [{"d": 0.05823517, "p": 83, "v": 52}], "size": 1.0, "_time": 117.785156, "pos": 0}, {"$id": 530, "sounds": [{"d": 0.05823517, "p": 81, "v": 43}, {"d": 0.05823517, "p": 52, "v": 43}], "pos": -2.0, "size": 1.30000007, "_time": 117.953125}, {"$id": 531, "sounds": [{"d": 0.169036865, "p": 88, "v": 62}], "pos": 1.0, "size": 1.0, "_time": 118.125}, {"$id": 532, "sounds": [{"d": 0.05823517, "p": 86, "v": 57}], "size": 1.0, "_time": 118.296875, "pos": 0}, {"$id": 533, "sounds": [{"d": 0.05823517, "p": 81, "v": 64}, {"d": 0.05823517, "p": 55, "v": 64}], "pos": -1.5, "size": 1.30000007, "_time": 118.464844}, {"$id": 534, "sounds": [{"d": 0.05823517, "p": 86, "v": 81}], "pos": -0.5, "size": 1.0, "_time": 118.636719}, {"$id": 535, "sounds": [{"d": 0.05823517, "p": 91, "v": 78}], "pos": 0.5, "size": 1.0, "_time": 118.808594}, {"$id": 536, "sounds": [{"d": 0.169036865, "p": 93, "v": 93}, {"d": 0.169036865, "p": 72, "v": 93}], "pos": 1.5, "size": 1.30000007, "_time": 118.976563}, {"$id": 537, "sounds": [{"d": 0.0688858, "p": 88, "v": 85}], "size": 1.0, "_time": 119.148438, "pos": 0}, {"$id": 538, "sounds": [{"d": 0.05823517, "p": 81, "v": 81}, {"d": 0.05823517, "p": 57, "v": 81}], "pos": -1.0, "size": 1.30000007, "_time": 119.316406}, {"$id": 539, "sounds": [{"d": 0.05823517, "p": 88, "v": 92}], "pos": 1.5, "size": 1.0, "_time": 119.488281}, {"$id": 540, "sounds": [{"d": 0.05823517, "p": 86, "v": 76}], "pos": 0.5, "size": 1.0, "_time": 119.660156}, {"$id": 541, "sounds": [{"d": 0.05823517, "p": 79, "v": 57}, {"d": 0.05823517, "p": 53, "v": 57}], "pos": -1.5, "size": 1.30000007, "_time": 119.828125}, {"$id": 542, "sounds": [{"d": 0.169036865, "p": 86, "v": 73}], "pos": 1.0, "size": 1.0, "_time": 120.0}, {"$id": 543, "sounds": [{"d": 0.05823517, "p": 84, "v": 57}], "size": 1.0, "_time": 120.171875, "pos": 0}, {"$id": 544, "sounds": [{"d": 0.05823517, "p": 81, "v": 45}, {"d": 0.05823517, "p": 50, "v": 45}], "pos": -2.0, "size": 1.30000007, "_time": 120.339844}, {"$id": 545, "sounds": [{"d": 0.05823517, "p": 83, "v": 52}], "size": 1.0, "_time": 120.511719, "pos": 0}, {"$id": 546, "sounds": [{"d": 0.05823517, "p": 81, "v": 43}, {"d": 0.05823517, "p": 52, "v": 43}], "pos": -2.0, "size": 1.30000007, "_time": 120.683594}, {"$id": 547, "sounds": [{"d": 0.169036865, "p": 88, "v": 62}], "pos": 1.0, "size": 1.0, "_time": 120.851563}, {"$id": 548, "sounds": [{"d": 0.05823517, "p": 86, "v": 57}], "size": 1.0, "_time": 121.023438, "pos": 0}, {"$id": 549, "sounds": [{"d": 0.05823517, "p": 81, "v": 64}, {"d": 0.05823517, "p": 55, "v": 64}], "pos": -1.5, "size": 1.30000007, "_time": 121.191406}, {"$id": 550, "sounds": [{"d": 0.05823517, "p": 86, "v": 81}], "pos": -0.5, "size": 1.0, "_time": 121.363281}, {"$id": 551, "sounds": [{"d": 0.05823517, "p": 91, "v": 78}], "pos": 0.5, "size": 1.0, "_time": 121.535156}, {"$id": 552, "sounds": [{"d": 0.169036865, "p": 93, "v": 93}, {"d": 0.169036865, "p": 72, "v": 93}], "pos": 1.5, "size": 1.30000007, "_time": 121.703125}, {"$id": 553, "sounds": [{"d": 0.0688858, "p": 88, "v": 85}], "pos": 0.5, "size": 1.0, "_time": 121.875}, {"$id": 554, "sounds": [{"d": 0.05823517, "p": 93, "v": 81}, {"d": 0.05823517, "p": 69, "v": 81}], "pos": -0.5, "size": 1.30000007, "_time": 122.046875}, {"$id": 555, "sounds": [{"d": 0.05823517, "p": 100, "v": 92}], "pos": 2.0, "size": 1.0, "_time": 122.214844}, {"$id": 556, "sounds": [{"d": 0.05823517, "p": 98, "v": 76}], "pos": 1.0, "size": 1.0, "_time": 122.386719}, {"$id": 557, "sounds": [{"d": 0.05823517, "p": 91, "v": 57}, {"d": 0.05823517, "p": 65, "v": 57}], "pos": -1.0, "size": 1.30000007, "_time": 122.558594}, {"$id": 558, "sounds": [{"d": 0.169036865, "p": 98, "v": 73}], "pos": 1.5, "size": 1.0, "_time": 122.726563}, {"$id": 559, "sounds": [{"d": 0.05823517, "p": 96, "v": 57}], "pos": 0.5, "size": 1.0, "_time": 122.898438}, {"$id": 560, "sounds": [{"d": 0.05823517, "p": 93, "v": 45}, {"d": 0.05823517, "p": 62, "v": 45}], "pos": -1.5, "size": 1.30000007, "_time": 123.066406}, {"$id": 561, "sounds": [{"d": 0.05823517, "p": 95, "v": 52}], "pos": 0.5, "size": 1.0, "_time": 123.238281}, {"$id": 562, "sounds": [{"d": 0.05823517, "p": 93, "v": 43}, {"d": 0.05823517, "p": 64, "v": 43}], "pos": -1.5, "size": 1.30000007, "_time": 123.410156}, {"$id": 563, "sounds": [{"d": 0.169036865, "p": 100, "v": 62}], "pos": 1.5, "size": 1.0, "_time": 123.578125}, {"$id": 564, "sounds": [{"d": 0.05823517, "p": 98, "v": 57}], "pos": 0.5, "size": 1.0, "_time": 123.75}, {"$id": 565, "sounds": [{"d": 0.05823517, "p": 93, "v": 64}, {"d": 0.05823517, "p": 67, "v": 64}], "pos": -1.0, "size": 1.30000007, "_time": 123.921875}, {"$id": 566, "sounds": [{"d": 0.05823517, "p": 98, "v": 81}], "size": 1.0, "_time": 124.089844, "pos": 0}, {"$id": 567, "sounds": [{"d": 0.05823517, "p": 103, "v": 78}], "pos": 1.0, "size": 1.0, "_time": 124.261719}, {"$id": 568, "sounds": [{"d": 0.169036865, "p": 105, "v": 93}, {"d": 0.169036865, "p": 84, "v": 93}], "pos": 2.0, "size": 1.30000007, "_time": 124.433594}, {"$id": 569, "sounds": [{"d": 0.0688858, "p": 100, "v": 85}], "size": 1.0, "_time": 124.601563, "pos": 0}, {"$id": 570, "sounds": [{"d": 0.05823517, "p": 93, "v": 81}, {"d": 0.05823517, "p": 69, "v": 81}], "pos": -0.5, "size": 1.30000007, "_time": 124.773438}, {"$id": 571, "sounds": [{"d": 0.05823517, "p": 100, "v": 92}], "pos": 2.0, "size": 1.0, "_time": 124.941406}, {"$id": 572, "sounds": [{"d": 0.05823517, "p": 98, "v": 76}], "pos": 1.0, "size": 1.0, "_time": 125.113281}, {"$id": 573, "sounds": [{"d": 0.05823517, "p": 91, "v": 57}, {"d": 0.05823517, "p": 65, "v": 57}], "pos": -1.0, "size": 1.30000007, "_time": 125.285156}, {"$id": 574, "sounds": [{"d": 0.169036865, "p": 98, "v": 73}], "pos": 1.5, "size": 1.0, "_time": 125.453125}, {"$id": 575, "sounds": [{"d": 0.05823517, "p": 96, "v": 57}], "pos": 0.5, "size": 1.0, "_time": 125.625}, {"$id": 576, "sounds": [{"d": 0.05823517, "p": 93, "v": 45}, {"d": 0.05823517, "p": 62, "v": 45}], "pos": -1.5, "size": 1.30000007, "_time": 125.796875}, {"$id": 577, "sounds": [{"d": 0.05823517, "p": 95, "v": 52}], "pos": 0.5, "size": 1.0, "_time": 125.964844}, {"$id": 578, "sounds": [{"d": 0.05823517, "p": 93, "v": 43}, {"d": 0.05823517, "p": 64, "v": 43}], "pos": -1.5, "size": 1.30000007, "_time": 126.136719}, {"$id": 579, "sounds": [{"d": 0.169036865, "p": 100, "v": 62}], "pos": 1.5, "size": 1.0, "_time": 126.308594}, {"$id": 580, "sounds": [{"d": 0.05823517, "p": 98, "v": 57}], "pos": 0.5, "size": 1.0, "_time": 126.476563}, {"$id": 581, "sounds": [{"d": 0.05823517, "p": 93, "v": 64}, {"d": 0.05823517, "p": 67, "v": 64}], "pos": -1.0, "size": 1.30000007, "_time": 126.648438}, {"$id": 582, "sounds": [{"d": 0.05823517, "p": 98, "v": 81}], "size": 1.0, "_time": 126.816406, "pos": 0}, {"$id": 583, "sounds": [{"d": 0.05823517, "p": 103, "v": 78}], "pos": 1.0, "size": 1.0, "_time": 126.988281}, {"$id": 584, "sounds": [{"d": 0.169036865, "p": 105, "v": 93}, {"d": 0.169036865, "p": 84, "v": 93}], "pos": 2.0, "size": 1.30000007, "_time": 127.160156}, {"$id": 585, "sounds": [{"d": 0.0688858, "p": 100, "v": 85}], "size": 1.0, "_time": 127.328125, "pos": 0}], "links": [{"notes": [{"$ref": 352}, {"$ref": 353}, {"$ref": 354}, {"$ref": 355}]}, {"notes": [{"$ref": 45}, {"$ref": 46}, {"$ref": 47}, {"$ref": 48}]}, {"notes": [{"$ref": 215}, {"$ref": 216}, {"$ref": 217}, {"$ref": 218}, {"$ref": 219}, {"$ref": 220}, {"$ref": 222}]}, {"notes": [{"$ref": 227}, {"$ref": 228}, {"$ref": 229}, {"$ref": 230}, {"$ref": 232}, {"$ref": 233}, {"$ref": 235}]}, {"notes": [{"$ref": 241}, {"$ref": 242}, {"$ref": 243}, {"$ref": 244}, {"$ref": 245}, {"$ref": 246}, {"$ref": 248}]}, {"notes": [{"$ref": 253}, {"$ref": 254}, {"$ref": 255}, {"$ref": 256}, {"$ref": 258}, {"$ref": 259}, {"$ref": 261}]}, {"notes": [{"$ref": 295}, {"$ref": 296}, {"$ref": 298}]}, {"notes": [{"$ref": 332}, {"$ref": 333}, {"$ref": 335}]}]}