{"speed": 12.0, "notes": [{"$id": 1, "sounds": [{"d": 0.4166665, "p": 48, "v": 56}], "pos": -2.0, "size": 1.30000007, "_time": 3.33203125}, {"$id": 2, "sounds": [{"d": 0.4166665, "p": 74, "v": 84}], "pos": 1.5, "size": 1.0, "_time": 3.33203125}, {"$id": 3, "sounds": [{"d": 0.208333254, "p": 67, "v": 66}], "pos": 0.5, "size": 1.0, "_time": 3.75}, {"$id": 4, "sounds": [{"d": 0.208333254, "p": 55, "v": 47}], "pos": -1.0, "size": 1.30000007, "_time": 3.75}, {"$id": 5, "sounds": [{"d": 0.208333254, "p": 72, "v": 78}], "pos": 1.0, "size": 1.0, "_time": 3.95703125}, {"$id": 6, "sounds": [{"d": 0.208333015, "p": 60, "v": 45}], "pos": -0.5, "size": 1.30000007, "_time": 4.16796875}, {"$id": 7, "sounds": [{"d": 0.208333015, "p": 79, "v": 82}], "pos": 2.0, "size": 1.0, "_time": 4.375}, {"$id": 8, "sounds": [{"d": 0.208333015, "p": 55, "v": 44}], "pos": -1.0, "size": 1.30000007, "_time": 4.58203125}, {"$id": 9, "sounds": [{"d": 0.208333492, "p": 67, "v": 55}], "pos": 0.5, "size": 1.0, "_time": 4.79296875}, {"$id": 10, "sounds": [{"d": 0.4166665, "p": 74, "v": 77}], "pos": 1.5, "size": 1.0, "_time": 5.0}, {"$id": 11, "sounds": [{"d": 0.4166665, "p": 48, "v": 53}], "pos": -2.0, "size": 1.30000007, "_time": 5.0}, {"$id": 12, "sounds": [{"d": 0.208333015, "p": 67, "v": 66}], "pos": 0.5, "size": 1.0, "_time": 5.41796875}, {"$id": 13, "sounds": [{"d": 0.208333015, "p": 55, "v": 53}], "pos": -1.0, "size": 1.30000007, "_time": 5.41796875}, {"$id": 14, "sounds": [{"d": 0.208333015, "p": 72, "v": 73}], "pos": 1.0, "size": 1.0, "_time": 5.625}, {"$id": 15, "sounds": [{"d": 0.208333015, "p": 60, "v": 52}], "pos": -0.5, "size": 1.30000007, "_time": 5.83203125}, {"$id": 16, "sounds": [{"d": 0.208333015, "p": 79, "v": 85}], "pos": 2.0, "size": 1.0, "_time": 6.04296875}, {"$id": 17, "sounds": [{"d": 0.208333015, "p": 55, "v": 58}], "pos": -1.0, "size": 1.30000007, "_time": 6.25}, {"$id": 18, "sounds": [{"d": 0.208333015, "p": 67, "v": 59}], "pos": 0.5, "size": 1.0, "_time": 6.45703125}, {"$id": 19, "sounds": [{"d": 0.4166665, "p": 74, "v": 80}], "pos": 1.5, "size": 1.0, "_time": 6.66796875}, {"$id": 20, "sounds": [{"d": 0.4166665, "p": 50, "v": 63}], "pos": -1.5, "size": 1.30000007, "_time": 6.66796875}, {"$id": 21, "sounds": [{"d": 0.208333492, "p": 57, "v": 60}], "pos": -0.5, "size": 1.30000007, "_time": 7.08203125}, {"$id": 22, "sounds": [{"d": 0.208333492, "p": 67, "v": 69}], "pos": 0.5, "size": 1.0, "_time": 7.08203125}, {"$id": 23, "sounds": [{"d": 0.208333015, "p": 72, "v": 79}], "pos": 1.0, "size": 1.0, "_time": 7.29296875}, {"$id": 24, "sounds": [{"d": 0.208333015, "p": 62, "v": 55}], "size": 1.30000007, "_time": 7.5, "pos": 0}, {"$id": 25, "sounds": [{"d": 0.208333015, "p": 79, "v": 89}], "pos": 2.0, "size": 1.0, "_time": 7.70703125}, {"$id": 26, "sounds": [{"d": 0.208333015, "p": 57, "v": 66}], "pos": -0.5, "size": 1.30000007, "_time": 7.91796875}, {"$id": 27, "sounds": [{"d": 0.208333015, "p": 67, "v": 65}], "size": 1.0, "_time": 8.125, "pos": 0}, {"$id": 28, "sounds": [{"d": 0.208333015, "p": 50, "v": 63}], "pos": -1.5, "size": 1.30000007, "_time": 8.332031}, {"$id": 29, "sounds": [{"d": 0.208333015, "p": 69, "v": 78}], "pos": 1.0, "size": 1.0, "_time": 8.332031}, {"$id": 30, "sounds": [{"d": 0.208333015, "p": 71, "v": 81}], "size": 1.0, "_time": 8.542969, "pos": 0}, {"$id": 31, "sounds": [{"d": 0.208333015, "p": 57, "v": 64}], "pos": -0.5, "size": 1.30000007, "_time": 8.75}, {"$id": 32, "sounds": [{"d": 0.208333015, "p": 72, "v": 87}], "pos": 1.0, "size": 1.0, "_time": 8.75}, {"$id": 33, "sounds": [{"d": 0.208333015, "p": 74, "v": 85}], "pos": 2.0, "size": 1.0, "_time": 8.957031}, {"$id": 34, "sounds": [{"d": 0.208333015, "p": 62, "v": 66}], "size": 1.30000007, "_time": 9.167969, "pos": 0}, {"$id": 35, "sounds": [{"d": 0.208333015, "p": 76, "v": 93}], "pos": 1.0, "size": 1.0, "_time": 9.167969}, {"$id": 36, "sounds": [{"d": 0.208333015, "p": 77, "v": 84}], "pos": 2.0, "size": 1.0, "_time": 9.375}, {"$id": 37, "sounds": [{"d": 0.208333015, "p": 57, "v": 70}], "pos": -1.0, "size": 1.30000007, "_time": 9.582031}, {"$id": 38, "sounds": [{"d": 0.208333015, "p": 76, "v": 87}], "pos": 1.0, "size": 1.0, "_time": 9.582031}, {"$id": 39, "sounds": [{"d": 0.208333015, "p": 72, "v": 78}], "size": 1.0, "_time": 9.792969, "pos": 0}, {"$id": 40, "sounds": [{"d": 0.416666985, "p": 52, "v": 65}], "pos": -2.0, "size": 1.30000007, "_time": 10.0}, {"$id": 41, "sounds": [{"d": 0.416666985, "p": 74, "v": 85}], "pos": 1.5, "size": 1.0, "_time": 10.0}, {"$id": 42, "sounds": [{"d": 0.208333015, "p": 67, "v": 66}], "pos": 0.5, "size": 1.0, "_time": 10.4179688}, {"$id": 43, "sounds": [{"d": 0.208333015, "p": 60, "v": 53}], "pos": -1.0, "size": 1.30000007, "_time": 10.4179688}, {"$id": 44, "sounds": [{"d": 0.208333015, "p": 72, "v": 81}], "pos": 1.0, "size": 1.0, "_time": 10.625}, {"$id": 45, "sounds": [{"d": 0.208333015, "p": 64, "v": 58}], "pos": -0.5, "size": 1.30000007, "_time": 10.8320313}, {"$id": 46, "sounds": [{"d": 0.208333015, "p": 79, "v": 83}], "pos": 2.0, "size": 1.0, "_time": 11.0429688}, {"$id": 47, "sounds": [{"d": 0.208333015, "p": 60, "v": 58}], "pos": -1.0, "size": 1.30000007, "_time": 11.25}, {"$id": 48, "sounds": [{"d": 0.208333969, "p": 67, "v": 58}], "pos": 0.5, "size": 1.0, "_time": 11.4570313}, {"$id": 49, "sounds": [{"d": 0.416666031, "p": 74, "v": 79}], "pos": 1.5, "size": 1.0, "_time": 11.6679688}, {"$id": 50, "sounds": [{"d": 0.416666031, "p": 52, "v": 59}], "pos": -2.0, "size": 1.30000007, "_time": 11.6679688}, {"$id": 51, "sounds": [{"d": 0.208333015, "p": 60, "v": 50}], "pos": -1.0, "size": 1.30000007, "_time": 12.0820313}, {"$id": 52, "sounds": [{"d": 0.208333015, "p": 67, "v": 66}], "pos": 0.5, "size": 1.0, "_time": 12.0820313}, {"$id": 53, "sounds": [{"d": 0.208333015, "p": 72, "v": 82}], "pos": 1.0, "size": 1.0, "_time": 12.2929688}, {"$id": 54, "sounds": [{"d": 0.208333015, "p": 64, "v": 54}], "pos": -0.5, "size": 1.30000007, "_time": 12.5}, {"$id": 55, "sounds": [{"d": 0.208333015, "p": 79, "v": 86}], "pos": 2.0, "size": 1.0, "_time": 12.7070313}, {"$id": 56, "sounds": [{"d": 0.208333015, "p": 60, "v": 53}], "pos": -1.0, "size": 1.30000007, "_time": 12.9179688}, {"$id": 57, "sounds": [{"d": 0.208333015, "p": 67, "v": 61}], "pos": 0.5, "size": 1.0, "_time": 13.125}, {"$id": 58, "sounds": [{"d": 0.416666031, "p": 53, "v": 61}], "pos": -1.5, "size": 1.30000007, "_time": 13.3320313}, {"$id": 59, "sounds": [{"d": 0.416666031, "p": 74, "v": 80}], "pos": 1.5, "size": 1.0, "_time": 13.3320313}, {"$id": 60, "sounds": [{"d": 0.208333015, "p": 67, "v": 75}], "pos": 0.5, "size": 1.0, "_time": 13.75}, {"$id": 61, "sounds": [{"d": 0.208333015, "p": 60, "v": 52}], "pos": -0.5, "size": 1.30000007, "_time": 13.75}, {"$id": 62, "sounds": [{"d": 0.208333015, "p": 72, "v": 76}], "pos": 1.0, "size": 1.0, "_time": 13.9570313}, {"$id": 63, "sounds": [{"d": 0.208333015, "p": 65, "v": 60}], "size": 1.30000007, "_time": 14.1679688, "pos": 0}, {"$id": 64, "sounds": [{"d": 0.208333015, "p": 79, "v": 87}], "pos": 2.0, "size": 1.0, "_time": 14.375}, {"$id": 65, "sounds": [{"d": 0.208333015, "p": 72, "v": 81}], "pos": 1.0, "size": 1.0, "_time": 14.5820313}, {"$id": 66, "sounds": [{"d": 0.208333015, "p": 60, "v": 58}], "pos": -0.5, "size": 1.30000007, "_time": 14.5820313}, {"$id": 67, "sounds": [{"d": 0.121527672, "p": 67, "v": 61}], "size": 1.0, "_time": 14.7929688, "pos": 0}, {"$id": 68, "sounds": [{"d": 0.04340267, "p": 67, "v": 47}], "pos": 0.5, "size": 1.0, "_time": 14.9140625}, {"$id": 69, "sounds": [{"d": 0.08680534, "p": 53, "v": 60}], "pos": -1.5, "size": 1.30000007, "_time": 14.9570313}, {"$id": 70, "sounds": [{"d": 0.078125, "p": 72, "v": 80}], "pos": 1.0, "size": 1.0, "_time": 14.9648438}, {"$id": 71, "sounds": [{"d": 0.0520830154, "p": 74, "v": 66}], "pos": 1.5, "size": 1.0, "_time": 15.0429688}, {"$id": 72, "sounds": [{"d": 1.57117939, "p": 79, "v": 80}], "pos": 2.0, "size": 1.0, "_time": 15.09375}, {"$id": 73, "sounds": [{"d": 0.416666031, "p": 74, "v": 72}], "pos": 1.5, "size": 1.0, "_time": 16.6679688}, {"$id": 74, "sounds": [{"d": 0.416666031, "p": 48, "v": 55}], "pos": -2.0, "size": 1.30000007, "_time": 16.6679688}, {"$id": 75, "sounds": [{"d": 0.208333969, "p": 67, "v": 71}], "pos": 0.5, "size": 1.0, "_time": 17.0820313}, {"$id": 76, "sounds": [{"d": 0.208333969, "p": 55, "v": 46}], "pos": -1.0, "size": 1.30000007, "_time": 17.0820313}, {"$id": 77, "sounds": [{"d": 0.208333969, "p": 72, "v": 75}], "pos": 1.0, "size": 1.0, "_time": 17.2929688}, {"$id": 78, "sounds": [{"d": 0.208333969, "p": 60, "v": 54}], "pos": -0.5, "size": 1.30000007, "_time": 17.5}, {"$id": 79, "sounds": [{"d": 0.208333969, "p": 79, "v": 83}], "pos": 2.0, "size": 1.0, "_time": 17.7070313}, {"$id": 80, "sounds": [{"d": 0.208333969, "p": 55, "v": 53}], "pos": -1.0, "size": 1.30000007, "_time": 17.9179688}, {"$id": 81, "sounds": [{"d": 0.208333969, "p": 67, "v": 57}], "pos": 0.5, "size": 1.0, "_time": 18.125}, {"$id": 82, "sounds": [{"d": 0.416666031, "p": 74, "v": 74}], "pos": 1.5, "size": 1.0, "_time": 18.3320313}, {"$id": 83, "sounds": [{"d": 0.416666031, "p": 48, "v": 56}], "pos": -2.0, "size": 1.30000007, "_time": 18.3320313}, {"$id": 84, "sounds": [{"d": 0.208333969, "p": 55, "v": 45}], "pos": -1.0, "size": 1.30000007, "_time": 18.75}, {"$id": 85, "sounds": [{"d": 0.208333969, "p": 67, "v": 74}], "pos": 0.5, "size": 1.0, "_time": 18.75}, {"$id": 86, "sounds": [{"d": 0.208333969, "p": 72, "v": 80}], "pos": 1.0, "size": 1.0, "_time": 18.9570313}, {"$id": 87, "sounds": [{"d": 0.208333969, "p": 60, "v": 59}], "size": 1.30000007, "_time": 19.1679688, "pos": 0}, {"$id": 88, "sounds": [{"d": 0.208333969, "p": 79, "v": 87}], "pos": 2.0, "size": 1.0, "_time": 19.375}, {"$id": 89, "sounds": [{"d": 0.208333969, "p": 55, "v": 57}], "pos": -1.0, "size": 1.30000007, "_time": 19.5820313}, {"$id": 90, "sounds": [{"d": 0.208333969, "p": 67, "v": 50}], "pos": 0.5, "size": 1.0, "_time": 19.7929688}, {"$id": 91, "sounds": [{"d": 0.416666031, "p": 50, "v": 66}], "pos": -1.5, "size": 1.30000007, "_time": 20.0}, {"$id": 92, "sounds": [{"d": 0.416666031, "p": 74, "v": 80}], "pos": 1.5, "size": 1.0, "_time": 20.0}, {"$id": 93, "sounds": [{"d": 0.208333969, "p": 67, "v": 67}], "pos": 0.5, "size": 1.0, "_time": 20.4179688}, {"$id": 94, "sounds": [{"d": 0.208333969, "p": 57, "v": 55}], "pos": -0.5, "size": 1.30000007, "_time": 20.4179688}, {"$id": 95, "sounds": [{"d": 0.208333969, "p": 72, "v": 72}], "pos": 1.0, "size": 1.0, "_time": 20.625}, {"$id": 96, "sounds": [{"d": 0.208333969, "p": 62, "v": 62}], "size": 1.30000007, "_time": 20.8320313, "pos": 0}, {"$id": 97, "sounds": [{"d": 0.208333969, "p": 79, "v": 77}], "pos": 2.0, "size": 1.0, "_time": 21.0429688}, {"$id": 98, "sounds": [{"d": 0.208333969, "p": 57, "v": 63}], "pos": -0.5, "size": 1.30000007, "_time": 21.25}, {"$id": 99, "sounds": [{"d": 0.208333969, "p": 67, "v": 59}], "pos": 0.5, "size": 1.0, "_time": 21.4570313}, {"$id": 100, "sounds": [{"d": 0.416666031, "p": 74, "v": 76}], "pos": 1.5, "size": 1.0, "_time": 21.6679688}, {"$id": 101, "sounds": [{"d": 0.416666031, "p": 50, "v": 59}], "pos": -1.5, "size": 1.30000007, "_time": 21.6679688}, {"$id": 102, "sounds": [{"d": 0.208333969, "p": 57, "v": 55}], "pos": -0.5, "size": 1.30000007, "_time": 22.0820313}, {"$id": 103, "sounds": [{"d": 0.208333969, "p": 67, "v": 70}], "pos": 0.5, "size": 1.0, "_time": 22.0820313}, {"$id": 104, "sounds": [{"d": 0.208333969, "p": 72, "v": 74}], "pos": 1.0, "size": 1.0, "_time": 22.2929688}, {"$id": 105, "sounds": [{"d": 0.208333969, "p": 62, "v": 59}], "size": 1.30000007, "_time": 22.5, "pos": 0}, {"$id": 106, "sounds": [{"d": 0.208333969, "p": 79, "v": 78}], "pos": 2.0, "size": 1.0, "_time": 22.7070313}, {"$id": 107, "sounds": [{"d": 0.208333969, "p": 57, "v": 64}], "pos": -0.5, "size": 1.30000007, "_time": 22.9179688}, {"$id": 108, "sounds": [{"d": 0.208333969, "p": 67, "v": 59}], "pos": 0.5, "size": 1.0, "_time": 23.125}, {"$id": 109, "sounds": [{"d": 0.416666031, "p": 52, "v": 64}], "pos": -2.0, "size": 1.30000007, "_time": 23.3320313}, {"$id": 110, "sounds": [{"d": 0.416666031, "p": 74, "v": 75}], "pos": 1.5, "size": 1.0, "_time": 23.3320313}, {"$id": 111, "sounds": [{"d": 0.208333969, "p": 60, "v": 53}], "pos": -1.0, "size": 1.30000007, "_time": 23.75}, {"$id": 112, "sounds": [{"d": 0.208333969, "p": 67, "v": 67}], "pos": 0.5, "size": 1.0, "_time": 23.75}, {"$id": 113, "sounds": [{"d": 0.208333969, "p": 72, "v": 74}], "pos": 1.0, "size": 1.0, "_time": 23.9570313}, {"$id": 114, "sounds": [{"d": 0.208333969, "p": 64, "v": 60}], "pos": -0.5, "size": 1.30000007, "_time": 24.1679688}, {"$id": 115, "sounds": [{"d": 0.208333969, "p": 79, "v": 79}], "pos": 2.0, "size": 1.0, "_time": 24.375}, {"$id": 116, "sounds": [{"d": 0.208333969, "p": 60, "v": 62}], "pos": -1.0, "size": 1.30000007, "_time": 24.5820313}, {"$id": 117, "sounds": [{"d": 0.208333969, "p": 67, "v": 58}], "pos": 0.5, "size": 1.0, "_time": 24.7929688}, {"$id": 118, "sounds": [{"d": 0.416666031, "p": 52, "v": 60}], "pos": -2.0, "size": 1.30000007, "_time": 25.0}, {"$id": 119, "sounds": [{"d": 0.416666031, "p": 74, "v": 73}], "pos": 1.5, "size": 1.0, "_time": 25.0}, {"$id": 120, "sounds": [{"d": 0.208333969, "p": 67, "v": 61}], "pos": 0.5, "size": 1.0, "_time": 25.4179688}, {"$id": 121, "sounds": [{"d": 0.208333969, "p": 60, "v": 56}], "pos": -1.0, "size": 1.30000007, "_time": 25.4179688}, {"$id": 122, "sounds": [{"d": 0.208333969, "p": 72, "v": 74}], "pos": 1.0, "size": 1.0, "_time": 25.625}, {"$id": 123, "sounds": [{"d": 0.208333969, "p": 64, "v": 56}], "pos": -0.5, "size": 1.30000007, "_time": 25.8320313}, {"$id": 124, "sounds": [{"d": 0.208333969, "p": 79, "v": 81}], "pos": 2.0, "size": 1.0, "_time": 26.0429688}, {"$id": 125, "sounds": [{"d": 0.208333969, "p": 60, "v": 56}], "pos": -1.0, "size": 1.30000007, "_time": 26.25}, {"$id": 126, "sounds": [{"d": 0.208333969, "p": 67, "v": 58}], "pos": 0.5, "size": 1.0, "_time": 26.4570313}, {"$id": 127, "sounds": [{"d": 0.416666031, "p": 74, "v": 73}], "pos": 1.5, "size": 1.0, "_time": 26.6679688}, {"$id": 128, "sounds": [{"d": 0.416666031, "p": 56, "v": 64}], "pos": -1.5, "size": 1.30000007, "_time": 26.6679688}, {"$id": 129, "sounds": [{"d": 0.208333969, "p": 63, "v": 60}], "pos": -0.5, "size": 1.30000007, "_time": 27.0820313}, {"$id": 130, "sounds": [{"d": 0.208333969, "p": 67, "v": 60}], "pos": 0.5, "size": 1.0, "_time": 27.0820313}, {"$id": 131, "sounds": [{"d": 0.208333969, "p": 72, "v": 74}], "pos": 1.0, "size": 1.0, "_time": 27.2929688}, {"$id": 132, "sounds": [{"d": 0.208333969, "p": 68, "v": 69}], "size": 1.30000007, "_time": 27.5, "pos": 0}, {"$id": 133, "sounds": [{"d": 0.208333969, "p": 79, "v": 82}], "pos": 2.0, "size": 1.0, "_time": 27.7070313}, {"$id": 134, "sounds": [{"d": 0.208333969, "p": 63, "v": 64}], "pos": -0.5, "size": 1.30000007, "_time": 27.9179688}, {"$id": 135, "sounds": [{"d": 0.208333969, "p": 67, "v": 58}], "pos": 0.5, "size": 1.0, "_time": 28.125}, {"$id": 136, "sounds": [{"d": 0.416666031, "p": 74, "v": 72}], "pos": 1.5, "size": 1.0, "_time": 28.3320313}, {"$id": 137, "sounds": [{"d": 0.416666031, "p": 56, "v": 64}], "pos": -1.5, "size": 1.30000007, "_time": 28.3320313}, {"$id": 138, "sounds": [{"d": 0.208333969, "p": 67, "v": 60}], "pos": 0.5, "size": 1.0, "_time": 28.75}, {"$id": 139, "sounds": [{"d": 0.208333969, "p": 63, "v": 50}], "pos": -0.5, "size": 1.30000007, "_time": 28.75}, {"$id": 140, "sounds": [{"d": 0.208333969, "p": 72, "v": 77}], "pos": 1.0, "size": 1.0, "_time": 28.9570313}, {"$id": 141, "sounds": [{"d": 0.208333969, "p": 68, "v": 65}], "size": 1.30000007, "_time": 29.1679688, "pos": 0}, {"$id": 142, "sounds": [{"d": 0.208333969, "p": 79, "v": 79}], "pos": 2.0, "size": 1.0, "_time": 29.375}, {"$id": 143, "sounds": [{"d": 0.208333969, "p": 63, "v": 61}], "pos": -0.5, "size": 1.30000007, "_time": 29.5820313}, {"$id": 144, "sounds": [{"d": 0.208333969, "p": 67, "v": 58}], "pos": 0.5, "size": 1.0, "_time": 29.7929688}, {"$id": 145, "sounds": [{"d": 0.416666031, "p": 74, "v": 75}], "pos": 1.5, "size": 1.0, "_time": 30.0}, {"$id": 146, "sounds": [{"d": 0.416666031, "p": 55, "v": 51}], "pos": -1.5, "size": 1.30000007, "_time": 30.0}, {"$id": 147, "sounds": [{"d": 0.208333969, "p": 67, "v": 60}], "pos": 0.5, "size": 1.0, "_time": 30.4179688}, {"$id": 148, "sounds": [{"d": 0.208333969, "p": 64, "v": 51}], "pos": -0.5, "size": 1.30000007, "_time": 30.4179688}, {"$id": 149, "sounds": [{"d": 0.208333969, "p": 72, "v": 71}], "pos": 1.0, "size": 1.0, "_time": 30.625}, {"$id": 150, "sounds": [{"d": 0.208333969, "p": 67, "v": 55}], "size": 1.30000007, "_time": 30.8320313, "pos": 0}, {"$id": 151, "sounds": [{"d": 0.208333969, "p": 79, "v": 79}], "pos": 2.0, "size": 1.0, "_time": 31.0429688}, {"$id": 152, "sounds": [{"d": 0.208333969, "p": 64, "v": 59}], "pos": -0.5, "size": 1.30000007, "_time": 31.25}, {"$id": 153, "sounds": [{"d": 0.208332062, "p": 67, "v": 57}], "pos": 0.5, "size": 1.0, "_time": 31.4570313}, {"$id": 154, "sounds": [{"d": 0.416666031, "p": 55, "v": 55}], "pos": -1.5, "size": 1.30000007, "_time": 31.6679688}, {"$id": 155, "sounds": [{"d": 0.416666031, "p": 74, "v": 74}], "pos": 1.5, "size": 1.0, "_time": 31.6679688}, {"$id": 156, "sounds": [{"d": 0.208332062, "p": 67, "v": 65}], "pos": 0.5, "size": 1.0, "_time": 32.08203}, {"$id": 157, "sounds": [{"d": 0.208332062, "p": 64, "v": 53}], "pos": -0.5, "size": 1.30000007, "_time": 32.08203}, {"$id": 158, "sounds": [{"d": 0.208332062, "p": 72, "v": 73}], "pos": 1.0, "size": 1.0, "_time": 32.29297}, {"$id": 159, "sounds": [{"d": 0.208332062, "p": 67, "v": 59}], "size": 1.30000007, "_time": 32.5, "pos": 0}, {"$id": 160, "sounds": [{"d": 0.208332062, "p": 79, "v": 77}], "pos": 2.0, "size": 1.0, "_time": 32.70703}, {"$id": 161, "sounds": [{"d": 0.208332062, "p": 64, "v": 62}], "pos": -0.5, "size": 1.30000007, "_time": 32.91797}, {"$id": 162, "sounds": [{"d": 0.208335876, "p": 67, "v": 59}], "pos": 0.5, "size": 1.0, "_time": 33.125}, {"$id": 163, "sounds": [{"d": 0.416664124, "p": 76, "v": 75}], "pos": 1.5, "size": 1.0, "_time": 33.33203}, {"$id": 164, "sounds": [{"d": 0.416664124, "p": 54, "v": 61}], "pos": -2.0, "size": 1.30000007, "_time": 33.33203}, {"$id": 165, "sounds": [{"d": 0.208332062, "p": 69, "v": 74}], "size": 1.0, "_time": 33.75, "pos": 0}, {"$id": 166, "sounds": [{"d": 0.208332062, "p": 62, "v": 55}], "pos": -1.0, "size": 1.30000007, "_time": 33.75}, {"$id": 167, "sounds": [{"d": 0.208332062, "p": 74, "v": 75}], "pos": 1.0, "size": 1.0, "_time": 33.95703}, {"$id": 168, "sounds": [{"d": 0.208332062, "p": 66, "v": 56}], "pos": -0.5, "size": 1.30000007, "_time": 34.16797}, {"$id": 169, "sounds": [{"d": 0.208332062, "p": 81, "v": 86}], "pos": 2.0, "size": 1.0, "_time": 34.375}, {"$id": 170, "sounds": [{"d": 0.208332062, "p": 62, "v": 60}], "pos": -1.0, "size": 1.30000007, "_time": 34.58203}, {"$id": 171, "sounds": [{"d": 0.208335876, "p": 69, "v": 63}], "pos": 0.5, "size": 1.0, "_time": 34.79297}, {"$id": 172, "sounds": [{"d": 0.416664124, "p": 76, "v": 81}], "pos": 1.5, "size": 1.0, "_time": 35.0}, {"$id": 173, "sounds": [{"d": 0.416664124, "p": 54, "v": 61}], "pos": -2.0, "size": 1.30000007, "_time": 35.0}, {"$id": 174, "sounds": [{"d": 0.208332062, "p": 62, "v": 59}], "pos": -1.0, "size": 1.30000007, "_time": 35.41797}, {"$id": 175, "sounds": [{"d": 0.208332062, "p": 69, "v": 72}], "size": 1.0, "_time": 35.41797, "pos": 0}, {"$id": 176, "sounds": [{"d": 0.208332062, "p": 74, "v": 73}], "pos": 1.0, "size": 1.0, "_time": 35.625}, {"$id": 177, "sounds": [{"d": 0.208332062, "p": 66, "v": 58}], "pos": -0.5, "size": 1.30000007, "_time": 35.83203}, {"$id": 178, "sounds": [{"d": 0.208332062, "p": 81, "v": 80}], "pos": 2.0, "size": 1.0, "_time": 36.04297}, {"$id": 179, "sounds": [{"d": 0.208332062, "p": 62, "v": 60}], "pos": -1.0, "size": 1.30000007, "_time": 36.25}, {"$id": 180, "sounds": [{"d": 0.208332062, "p": 69, "v": 61}], "pos": 0.5, "size": 1.0, "_time": 36.45703}, {"$id": 181, "sounds": [{"d": 0.416667938, "p": 76, "v": 74}], "pos": 1.5, "size": 1.0, "_time": 36.66797}, {"$id": 182, "sounds": [{"d": 0.416667938, "p": 53, "v": 57}], "pos": -1.5, "size": 1.30000007, "_time": 36.66797}, {"$id": 183, "sounds": [{"d": 0.208332062, "p": 62, "v": 55}], "pos": -0.5, "size": 1.30000007, "_time": 37.08203}, {"$id": 184, "sounds": [{"d": 0.208332062, "p": 69, "v": 59}], "pos": 0.5, "size": 1.0, "_time": 37.08203}, {"$id": 185, "sounds": [{"d": 0.208332062, "p": 74, "v": 74}], "pos": 1.0, "size": 1.0, "_time": 37.29297}, {"$id": 186, "sounds": [{"d": 0.208332062, "p": 65, "v": 54}], "size": 1.30000007, "_time": 37.5, "pos": 0}, {"$id": 187, "sounds": [{"d": 0.208332062, "p": 81, "v": 85}], "pos": 2.0, "size": 1.0, "_time": 37.70703}, {"$id": 188, "sounds": [{"d": 0.208332062, "p": 62, "v": 63}], "pos": -0.5, "size": 1.30000007, "_time": 37.91797}, {"$id": 189, "sounds": [{"d": 0.208332062, "p": 69, "v": 66}], "pos": 0.5, "size": 1.0, "_time": 38.125}, {"$id": 190, "sounds": [{"d": 0.416664124, "p": 52, "v": 63}], "pos": -2.0, "size": 1.30000007, "_time": 38.33203}, {"$id": 191, "sounds": [{"d": 0.416664124, "p": 74, "v": 75}], "pos": 1.5, "size": 1.0, "_time": 38.33203}, {"$id": 192, "sounds": [{"d": 0.208332062, "p": 60, "v": 50}], "pos": -1.0, "size": 1.30000007, "_time": 38.75}, {"$id": 193, "sounds": [{"d": 0.208332062, "p": 67, "v": 66}], "pos": 0.5, "size": 1.0, "_time": 38.75}, {"$id": 194, "sounds": [{"d": 0.208332062, "p": 72, "v": 77}], "pos": 1.0, "size": 1.0, "_time": 38.95703}, {"$id": 195, "sounds": [{"d": 0.208332062, "p": 64, "v": 50}], "pos": -0.5, "size": 1.30000007, "_time": 39.16797}, {"$id": 196, "sounds": [{"d": 0.208332062, "p": 79, "v": 79}], "pos": 2.0, "size": 1.0, "_time": 39.375}, {"$id": 197, "sounds": [{"d": 0.208332062, "p": 60, "v": 57}], "pos": -1.0, "size": 1.30000007, "_time": 39.58203}, {"$id": 198, "sounds": [{"d": 0.208332062, "p": 67, "v": 58}], "pos": 0.5, "size": 1.0, "_time": 39.79297}, {"$id": 199, "sounds": [{"d": 0.416667938, "p": 74, "v": 75}], "pos": 1.5, "size": 1.0, "_time": 40.0}, {"$id": 200, "sounds": [{"d": 0.416667938, "p": 51, "v": 61}], "pos": -2.0, "size": 1.30000007, "_time": 40.0}, {"$id": 201, "sounds": [{"d": 0.208332062, "p": 60, "v": 51}], "pos": -1.0, "size": 1.30000007, "_time": 40.41797}, {"$id": 202, "sounds": [{"d": 0.208332062, "p": 67, "v": 60}], "pos": 0.5, "size": 1.0, "_time": 40.41797}, {"$id": 203, "sounds": [{"d": 0.208332062, "p": 72, "v": 73}], "pos": 1.0, "size": 1.0, "_time": 40.625}, {"$id": 204, "sounds": [{"d": 0.208332062, "p": 63, "v": 62}], "pos": -0.5, "size": 1.30000007, "_time": 40.83203}, {"$id": 205, "sounds": [{"d": 0.208332062, "p": 79, "v": 84}], "pos": 2.0, "size": 1.0, "_time": 41.04297}, {"$id": 206, "sounds": [{"d": 0.208332062, "p": 60, "v": 61}], "pos": -1.0, "size": 1.30000007, "_time": 41.25}, {"$id": 207, "sounds": [{"d": 0.208332062, "p": 67, "v": 59}], "size": 1.0, "_time": 41.45703, "pos": 0}, {"$id": 208, "sounds": [{"d": 0.833332062, "p": 55, "v": 58}], "pos": -1.5, "size": 1.30000007, "_time": 41.66797}, {"$id": 209, "sounds": [{"d": 0.833332062, "p": 67, "v": 63}, {"d": 0.833332062, "p": 72, "v": 76}, {"d": 0.833332062, "p": 74, "v": 74}], "pos": 1.5, "size": 1.0, "_time": 41.66797}, {"$id": 210, "sounds": [{"d": 0.833332062, "p": 71, "v": 74}], "size": 1.0, "_time": 42.5, "pos": 0}, {"$id": 211, "sounds": [{"d": 0.416667938, "p": 53, "v": 54}], "pos": -1.5, "size": 1.30000007, "_time": 43.33203}, {"$id": 212, "sounds": [{"d": 0.416667938, "p": 76, "v": 83}], "pos": 1.5, "size": 1.0, "_time": 43.33203}, {"$id": 213, "sounds": [{"d": 0.208332062, "p": 69, "v": 71}], "pos": 0.5, "size": 1.0, "_time": 43.75}, {"$id": 214, "sounds": [{"d": 0.208332062, "p": 60, "v": 45}], "pos": -0.5, "size": 1.30000007, "_time": 43.75}, {"$id": 215, "sounds": [{"d": 0.208332062, "p": 74, "v": 68}], "pos": 1.0, "size": 1.0, "_time": 43.95703}, {"$id": 216, "sounds": [{"d": 0.208332062, "p": 65, "v": 51}], "size": 1.30000007, "_time": 44.16797, "pos": 0}, {"$id": 217, "sounds": [{"d": 0.208332062, "p": 81, "v": 80}], "pos": 2.0, "size": 1.0, "_time": 44.375}, {"$id": 218, "sounds": [{"d": 0.208332062, "p": 60, "v": 53}], "pos": -0.5, "size": 1.30000007, "_time": 44.58203}, {"$id": 219, "sounds": [{"d": 0.208332062, "p": 69, "v": 57}], "pos": 0.5, "size": 1.0, "_time": 44.79297}, {"$id": 220, "sounds": [{"d": 0.416667938, "p": 76, "v": 74}], "pos": 1.5, "size": 1.0, "_time": 45.0}, {"$id": 221, "sounds": [{"d": 0.416667938, "p": 53, "v": 55}], "pos": -1.5, "size": 1.30000007, "_time": 45.0}, {"$id": 222, "sounds": [{"d": 0.208332062, "p": 69, "v": 70}], "pos": 0.5, "size": 1.0, "_time": 45.41797}, {"$id": 223, "sounds": [{"d": 0.208332062, "p": 60, "v": 53}], "pos": -0.5, "size": 1.30000007, "_time": 45.41797}, {"$id": 224, "sounds": [{"d": 0.208332062, "p": 74, "v": 71}], "pos": 1.0, "size": 1.0, "_time": 45.625}, {"$id": 225, "sounds": [{"d": 0.208332062, "p": 65, "v": 50}], "size": 1.30000007, "_time": 45.83203, "pos": 0}, {"$id": 226, "sounds": [{"d": 0.208332062, "p": 81, "v": 85}], "pos": 2.0, "size": 1.0, "_time": 46.04297}, {"$id": 227, "sounds": [{"d": 0.208332062, "p": 60, "v": 53}], "pos": -0.5, "size": 1.30000007, "_time": 46.25}, {"$id": 228, "sounds": [{"d": 0.208332062, "p": 69, "v": 61}], "size": 1.0, "_time": 46.45703, "pos": 0}, {"$id": 229, "sounds": [{"d": 0.416667938, "p": 52, "v": 56}], "pos": -2.0, "size": 1.30000007, "_time": 46.66797}, {"$id": 230, "sounds": [{"d": 0.416667938, "p": 74, "v": 77}], "pos": 1.0, "size": 1.0, "_time": 46.66797}, {"$id": 231, "sounds": [{"d": 0.208332062, "p": 67, "v": 65}], "size": 1.0, "_time": 47.08203, "pos": 0}, {"$id": 232, "sounds": [{"d": 0.208332062, "p": 60, "v": 47}], "pos": -1.0, "size": 1.30000007, "_time": 47.08203}, {"$id": 233, "sounds": [{"d": 0.208332062, "p": 72, "v": 78}], "pos": 0.5, "size": 1.0, "_time": 47.29297}, {"$id": 234, "sounds": [{"d": 0.208332062, "p": 64, "v": 56}], "pos": -0.5, "size": 1.30000007, "_time": 47.5}, {"$id": 235, "sounds": [{"d": 0.208332062, "p": 79, "v": 83}], "pos": 2.0, "size": 1.0, "_time": 47.70703}, {"$id": 236, "sounds": [{"d": 0.208332062, "p": 60, "v": 53}], "pos": -1.0, "size": 1.30000007, "_time": 47.91797}, {"$id": 237, "sounds": [{"d": 0.208335876, "p": 67, "v": 56}], "size": 1.0, "_time": 48.125, "pos": 0}, {"$id": 238, "sounds": [{"d": 0.416667938, "p": 52, "v": 57}], "pos": -2.0, "size": 1.30000007, "_time": 48.33203}, {"$id": 239, "sounds": [{"d": 0.416667938, "p": 74, "v": 75}], "pos": 1.0, "size": 1.0, "_time": 48.33203}, {"$id": 240, "sounds": [{"d": 0.208332062, "p": 60, "v": 50}], "pos": -1.0, "size": 1.30000007, "_time": 48.75}, {"$id": 241, "sounds": [{"d": 0.208332062, "p": 67, "v": 63}], "size": 1.0, "_time": 48.75, "pos": 0}, {"$id": 242, "sounds": [{"d": 0.208332062, "p": 72, "v": 73}], "pos": 0.5, "size": 1.0, "_time": 48.95703}, {"$id": 243, "sounds": [{"d": 0.208332062, "p": 64, "v": 58}], "pos": -0.5, "size": 1.30000007, "_time": 49.16797}, {"$id": 244, "sounds": [{"d": 0.208332062, "p": 79, "v": 79}], "pos": 2.0, "size": 1.0, "_time": 49.375}, {"$id": 245, "sounds": [{"d": 0.208332062, "p": 60, "v": 63}], "pos": -1.0, "size": 1.30000007, "_time": 49.58203}, {"$id": 246, "sounds": [{"d": 0.208335876, "p": 67, "v": 56}], "pos": 0.5, "size": 1.0, "_time": 49.79297}, {"$id": 247, "sounds": [{"d": 0.416667938, "p": 76, "v": 81}], "pos": 1.5, "size": 1.0, "_time": 50.0}, {"$id": 248, "sounds": [{"d": 0.416667938, "p": 53, "v": 61}], "pos": -1.5, "size": 1.30000007, "_time": 50.0}, {"$id": 249, "sounds": [{"d": 0.208332062, "p": 60, "v": 49}], "pos": -0.5, "size": 1.30000007, "_time": 50.41797}, {"$id": 250, "sounds": [{"d": 0.208332062, "p": 69, "v": 60}], "pos": 0.5, "size": 1.0, "_time": 50.41797}, {"$id": 251, "sounds": [{"d": 0.208332062, "p": 74, "v": 76}], "pos": 1.0, "size": 1.0, "_time": 50.625}, {"$id": 252, "sounds": [{"d": 0.208332062, "p": 65, "v": 50}], "size": 1.30000007, "_time": 50.83203, "pos": 0}, {"$id": 253, "sounds": [{"d": 0.208332062, "p": 81, "v": 82}], "pos": 2.0, "size": 1.0, "_time": 51.04297}, {"$id": 254, "sounds": [{"d": 0.208332062, "p": 60, "v": 54}], "pos": -0.5, "size": 1.30000007, "_time": 51.25}, {"$id": 255, "sounds": [{"d": 0.208332062, "p": 69, "v": 61}], "pos": 0.5, "size": 1.0, "_time": 51.45703}, {"$id": 256, "sounds": [{"d": 0.416667938, "p": 76, "v": 76}], "pos": 1.5, "size": 1.0, "_time": 51.66797}, {"$id": 257, "sounds": [{"d": 0.416667938, "p": 53, "v": 58}], "pos": -1.5, "size": 1.30000007, "_time": 51.66797}, {"$id": 258, "sounds": [{"d": 0.208332062, "p": 60, "v": 56}], "pos": -0.5, "size": 1.30000007, "_time": 52.08203}, {"$id": 259, "sounds": [{"d": 0.208332062, "p": 69, "v": 66}], "pos": 0.5, "size": 1.0, "_time": 52.08203}, {"$id": 260, "sounds": [{"d": 0.208332062, "p": 74, "v": 76}], "pos": 1.0, "size": 1.0, "_time": 52.29297}, {"$id": 261, "sounds": [{"d": 0.208332062, "p": 65, "v": 50}], "size": 1.30000007, "_time": 52.5, "pos": 0}, {"$id": 262, "sounds": [{"d": 0.208332062, "p": 81, "v": 88}], "pos": 2.0, "size": 1.0, "_time": 52.70703}, {"$id": 263, "sounds": [{"d": 0.208332062, "p": 60, "v": 59}], "pos": -0.5, "size": 1.30000007, "_time": 52.91797}, {"$id": 264, "sounds": [{"d": 0.208332062, "p": 69, "v": 61}], "size": 1.0, "_time": 53.125, "pos": 0}, {"$id": 265, "sounds": [{"d": 0.416667938, "p": 52, "v": 61}], "pos": -2.0, "size": 1.30000007, "_time": 53.33203}, {"$id": 266, "sounds": [{"d": 0.416667938, "p": 74, "v": 76}], "pos": 1.0, "size": 1.0, "_time": 53.33203}, {"$id": 267, "sounds": [{"d": 0.208332062, "p": 67, "v": 67}], "size": 1.0, "_time": 53.75, "pos": 0}, {"$id": 268, "sounds": [{"d": 0.208332062, "p": 60, "v": 46}], "pos": -1.0, "size": 1.30000007, "_time": 53.75}, {"$id": 269, "sounds": [{"d": 0.208332062, "p": 72, "v": 74}], "pos": 0.5, "size": 1.0, "_time": 53.95703}, {"$id": 270, "sounds": [{"d": 0.208332062, "p": 64, "v": 46}], "pos": -0.5, "size": 1.30000007, "_time": 54.16797}, {"$id": 271, "sounds": [{"d": 0.208332062, "p": 79, "v": 85}], "pos": 2.0, "size": 1.0, "_time": 54.375}, {"$id": 272, "sounds": [{"d": 0.208332062, "p": 60, "v": 59}], "pos": -1.0, "size": 1.30000007, "_time": 54.58203}, {"$id": 273, "sounds": [{"d": 0.208332062, "p": 67, "v": 56}], "size": 1.0, "_time": 54.79297, "pos": 0}, {"$id": 274, "sounds": [{"d": 0.416664124, "p": 74, "v": 76}], "pos": 1.0, "size": 1.0, "_time": 55.0}, {"$id": 275, "sounds": [{"d": 0.416664124, "p": 52, "v": 56}], "pos": -2.0, "size": 1.30000007, "_time": 55.0}, {"$id": 276, "sounds": [{"d": 0.208332062, "p": 67, "v": 67}], "size": 1.0, "_time": 55.41797, "pos": 0}, {"$id": 277, "sounds": [{"d": 0.208332062, "p": 60, "v": 39}], "pos": -1.0, "size": 1.30000007, "_time": 55.41797}, {"$id": 278, "sounds": [{"d": 0.208332062, "p": 72, "v": 76}], "pos": 0.5, "size": 1.0, "_time": 55.625}, {"$id": 279, "sounds": [{"d": 0.208332062, "p": 64, "v": 55}], "pos": -0.5, "size": 1.30000007, "_time": 55.83203}, {"$id": 280, "sounds": [{"d": 0.208332062, "p": 79, "v": 83}], "pos": 2.0, "size": 1.0, "_time": 56.04297}, {"$id": 281, "sounds": [{"d": 0.208332062, "p": 60, "v": 65}], "pos": -1.0, "size": 1.30000007, "_time": 56.25}, {"$id": 282, "sounds": [{"d": 0.208332062, "p": 67, "v": 69}], "pos": 0.5, "size": 1.0, "_time": 56.45703}, {"$id": 283, "sounds": [{"d": 0.416667938, "p": 69, "v": 74}, {"d": 0.416667938, "p": 72, "v": 81}], "pos": 1.5, "size": 1.0, "_time": 56.66797}, {"$id": 284, "sounds": [{"d": 0.416667938, "p": 50, "v": 61}], "pos": -2.0, "size": 1.30000007, "_time": 56.66797}, {"$id": 285, "sounds": [{"d": 0.208332062, "p": 65, "v": 58}], "pos": 0.5, "size": 1.0, "_time": 57.08203}, {"$id": 286, "sounds": [{"d": 0.208332062, "p": 57, "v": 57}], "pos": -1.0, "size": 1.30000007, "_time": 57.08203}, {"$id": 287, "sounds": [{"d": 0.208332062, "p": 69, "v": 69}], "pos": 1.0, "size": 1.0, "_time": 57.29297}, {"$id": 288, "sounds": [{"d": 0.208332062, "p": 62, "v": 60}], "pos": -0.5, "size": 1.30000007, "_time": 57.5}, {"$id": 289, "sounds": [{"d": 0.208332062, "p": 72, "v": 81}], "pos": 1.5, "size": 1.0, "_time": 57.70703}, {"$id": 290, "sounds": [{"d": 0.208332062, "p": 57, "v": 67}], "pos": -1.0, "size": 1.30000007, "_time": 57.91797}, {"$id": 291, "sounds": [{"d": 0.208335876, "p": 65, "v": 60}], "pos": 1.0, "size": 1.0, "_time": 58.125}, {"$id": 292, "sounds": [{"d": 0.416664124, "p": 72, "v": 76}, {"d": 0.416664124, "p": 76, "v": 80}], "pos": 2.0, "size": 1.0, "_time": 58.33203}, {"$id": 293, "sounds": [{"d": 0.416664124, "p": 52, "v": 61}], "pos": -1.5, "size": 1.30000007, "_time": 58.33203}, {"$id": 294, "sounds": [{"d": 0.208332062, "p": 67, "v": 66}], "pos": 1.0, "size": 1.0, "_time": 58.75}, {"$id": 295, "sounds": [{"d": 0.208332062, "p": 60, "v": 47}], "pos": -0.5, "size": 1.30000007, "_time": 58.75}, {"$id": 296, "sounds": [{"d": 0.208332062, "p": 72, "v": 74}], "pos": 1.5, "size": 1.0, "_time": 58.95703}, {"$id": 297, "sounds": [{"d": 0.208332062, "p": 64, "v": 55}], "size": 1.30000007, "_time": 59.16797, "pos": 0}, {"$id": 298, "sounds": [{"d": 0.208332062, "p": 76, "v": 80}], "pos": 2.0, "size": 1.0, "_time": 59.375}, {"$id": 299, "sounds": [{"d": 0.208332062, "p": 60, "v": 58}], "pos": -0.5, "size": 1.30000007, "_time": 59.58203}, {"$id": 300, "sounds": [{"d": 0.208332062, "p": 67, "v": 55}], "pos": 1.0, "size": 1.0, "_time": 59.79297}, {"$id": 301, "sounds": [{"d": 0.416667938, "p": 53, "v": 64}], "pos": -1.5, "size": 1.30000007, "_time": 60.0}, {"$id": 302, "sounds": [{"d": 0.416667938, "p": 72, "v": 81}, {"d": 0.416667938, "p": 76, "v": 78}], "pos": 2.0, "size": 1.0, "_time": 60.0}, {"$id": 303, "sounds": [{"d": 0.208332062, "p": 60, "v": 53}], "pos": -0.5, "size": 1.30000007, "_time": 60.41797}, {"$id": 304, "sounds": [{"d": 0.208332062, "p": 69, "v": 65}], "pos": 1.0, "size": 1.0, "_time": 60.41797}, {"$id": 305, "sounds": [{"d": 0.208332062, "p": 72, "v": 82}], "pos": 1.5, "size": 1.0, "_time": 60.625}, {"$id": 306, "sounds": [{"d": 0.208332062, "p": 65, "v": 48}], "size": 1.30000007, "_time": 60.83203, "pos": 0}, {"$id": 307, "sounds": [{"d": 0.208332062, "p": 76, "v": 86}], "pos": 2.0, "size": 1.0, "_time": 61.04297}, {"$id": 308, "sounds": [{"d": 0.416667938, "p": 60, "v": 56}], "pos": -0.5, "size": 1.30000007, "_time": 61.25}, {"$id": 309, "sounds": [{"d": 0.416667938, "p": 53, "v": 61}], "pos": -2.0, "size": 1.30000007, "_time": 61.66797}, {"$id": 310, "sounds": [{"d": 0.416667938, "p": 88, "v": 87}, {"d": 0.416667938, "p": 79, "v": 75}], "size": 1.0, "_time": 61.66797, "pos": 0}, {"$id": 311, "sounds": [{"d": 0.416667938, "p": 60, "v": 53}], "pos": -1.0, "size": 1.30000007, "_time": 62.08203}, {"$id": 312, "sounds": [{"d": 0.416667938, "p": 89, "v": 88}, {"d": 0.416667938, "p": 81, "v": 82}], "pos": 1.0, "size": 1.0, "_time": 62.08203}, {"$id": 313, "sounds": [{"d": 0.416667938, "p": 65, "v": 59}], "size": 1.30000007, "_time": 62.5, "pos": 0}, {"$id": 314, "sounds": [{"d": 0.416667938, "p": 91, "v": 103}, {"d": 0.416667938, "p": 84, "v": 91}], "pos": 2.0, "size": 1.0, "_time": 62.5}, {"$id": 315, "sounds": [{"d": 0.416667938, "p": 60, "v": 63}], "pos": -1.0, "size": 1.30000007, "_time": 62.91797}, {"$id": 316, "sounds": [{"d": 0.416667938, "p": 65, "v": 48}, {"d": 0.416667938, "p": 69, "v": 87}, {"d": 0.416667938, "p": 72, "v": 87}], "pos": 1.5, "size": 1.0, "_time": 63.33203}, {"$id": 317, "sounds": [{"d": 0.416667938, "p": 50, "v": 72}], "pos": -2.0, "size": 1.30000007, "_time": 63.33203}, {"$id": 318, "sounds": [{"d": 0.208332062, "p": 57, "v": 63}], "pos": -1.0, "size": 1.30000007, "_time": 63.75}, {"$id": 319, "sounds": [{"d": 0.208332062, "p": 65, "v": 75}], "pos": 0.5, "size": 1.0, "_time": 63.75}, {"$id": 320, "sounds": [{"d": 0.208332062, "p": 69, "v": 75}], "pos": 1.0, "size": 1.0, "_time": 63.95703}, {"$id": 321, "sounds": [{"d": 0.208335876, "p": 62, "v": 71}], "pos": -0.5, "size": 1.30000007, "_time": 64.16797}, {"$id": 322, "sounds": [{"d": 0.208335876, "p": 72, "v": 86}], "pos": 1.5, "size": 1.0, "_time": 64.375}, {"$id": 323, "sounds": [{"d": 0.208335876, "p": 57, "v": 67}], "pos": -1.0, "size": 1.30000007, "_time": 64.58203}, {"$id": 324, "sounds": [{"d": 0.208328247, "p": 65, "v": 52}], "pos": 1.0, "size": 1.0, "_time": 64.79297}, {"$id": 325, "sounds": [{"d": 0.416664124, "p": 52, "v": 67}], "pos": -2.0, "size": 1.30000007, "_time": 65.0}, {"$id": 326, "sounds": [{"d": 0.416664124, "p": 72, "v": 77}, {"d": 0.416664124, "p": 76, "v": 82}], "pos": 2.0, "size": 1.0, "_time": 65.0}, {"$id": 327, "sounds": [{"d": 0.208335876, "p": 60, "v": 56}], "pos": -1.0, "size": 1.30000007, "_time": 65.41797}, {"$id": 328, "sounds": [{"d": 0.208335876, "p": 67, "v": 70}], "pos": 0.5, "size": 1.0, "_time": 65.41797}, {"$id": 329, "sounds": [{"d": 0.208335876, "p": 72, "v": 71}], "pos": 1.5, "size": 1.0, "_time": 65.625}, {"$id": 330, "sounds": [{"d": 0.208335876, "p": 64, "v": 64}], "pos": -0.5, "size": 1.30000007, "_time": 65.83203}, {"$id": 331, "sounds": [{"d": 0.208335876, "p": 76, "v": 88}], "pos": 2.0, "size": 1.0, "_time": 66.04297}, {"$id": 332, "sounds": [{"d": 0.208335876, "p": 60, "v": 60}], "pos": -1.0, "size": 1.30000007, "_time": 66.25}, {"$id": 333, "sounds": [{"d": 0.208335876, "p": 67, "v": 60}], "pos": 1.0, "size": 1.0, "_time": 66.45703}, {"$id": 334, "sounds": [{"d": 0.416671753, "p": 56, "v": 72}], "pos": -1.5, "size": 1.30000007, "_time": 66.66797}, {"$id": 335, "sounds": [{"d": 0.416671753, "p": 75, "v": 82}, {"d": 0.416671753, "p": 72, "v": 88}], "pos": 2.0, "size": 1.0, "_time": 66.66797}, {"$id": 336, "sounds": [{"d": 0.208335876, "p": 68, "v": 81}], "pos": 1.0, "size": 1.0, "_time": 67.08203}, {"$id": 337, "sounds": [{"d": 0.208335876, "p": 63, "v": 67}], "pos": -0.5, "size": 1.30000007, "_time": 67.08203}, {"$id": 338, "sounds": [{"d": 0.208335876, "p": 72, "v": 87}], "pos": 1.5, "size": 1.0, "_time": 67.29297}, {"$id": 339, "sounds": [{"d": 0.208335876, "p": 68, "v": 76}], "size": 1.30000007, "_time": 67.5, "pos": 0}, {"$id": 340, "sounds": [{"d": 0.208335876, "p": 75, "v": 84}], "pos": 2.0, "size": 1.0, "_time": 67.70703}, {"$id": 341, "sounds": [{"d": 0.208335876, "p": 63, "v": 71}], "pos": -0.5, "size": 1.30000007, "_time": 67.91797}, {"$id": 342, "sounds": [{"d": 0.208335876, "p": 68, "v": 76}], "size": 1.0, "_time": 68.125, "pos": 0}, {"$id": 343, "sounds": [{"d": 0.625, "p": 72, "v": 91}, {"d": 0.625, "p": 67, "v": 76}, {"d": 0.625, "p": 74, "v": 89}], "pos": 1.5, "size": 1.0, "_time": 68.33203}, {"$id": 344, "sounds": [{"d": 0.625, "p": 55, "v": 79}], "pos": -1.5, "size": 1.30000007, "_time": 68.33203}, {"$id": 345, "sounds": [{"d": 0.06944275, "p": 71, "v": 86}], "pos": 1.5, "size": 1.0, "_time": 68.95703}, {"$id": 346, "sounds": [{"d": 0.06944275, "p": 72, "v": 93}], "pos": 2.0, "size": 1.0, "_time": 69.02734}, {"$id": 347, "sounds": [{"d": 0.06944275, "p": 71, "v": 75}], "pos": 1.5, "size": 1.0, "_time": 69.09766}, {"$id": 348, "sounds": [{"d": 0.8333359, "p": 67, "v": 104}], "pos": 0.5, "size": 1.0, "_time": 69.16797}, {"$id": 349, "sounds": [{"d": 0.8159714, "p": 43, "v": 88}], "pos": -2.0, "size": 1.30000007, "_time": 69.18359}, {"$id": 350, "sounds": [{"d": 0.416664124, "p": 36, "v": 82}], "pos": -2.0, "size": 1.30000007, "_time": 70.0}, {"$id": 351, "sounds": [{"d": 0.416664124, "p": 64, "v": 90}, {"d": 0.416664124, "p": 55, "v": 72}, {"d": 0.416664124, "p": 60, "v": 82}], "pos": 1.5, "size": 1.0, "_time": 70.0}, {"$id": 352, "sounds": [{"d": 0.208335876, "p": 55, "v": 75}], "pos": -0.5, "size": 1.30000007, "_time": 70.41797}, {"$id": 353, "sounds": [{"d": 0.208335876, "p": 60, "v": 75}], "pos": 0.5, "size": 1.0, "_time": 70.625}, {"$id": 354, "sounds": [{"d": 0.208335876, "p": 48, "v": 64}], "pos": -1.0, "size": 1.30000007, "_time": 70.83203}, {"$id": 355, "sounds": [{"d": 0.208335876, "p": 64, "v": 85}], "pos": 1.5, "size": 1.0, "_time": 71.04297}, {"$id": 356, "sounds": [{"d": 0.208335876, "p": 36, "v": 71}], "pos": -2.0, "size": 1.30000007, "_time": 71.25}, {"$id": 357, "sounds": [{"d": 0.208335876, "p": 55, "v": 69}], "pos": 1.0, "size": 1.0, "_time": 71.45703}, {"$id": 358, "sounds": [{"d": 0.416664124, "p": 38, "v": 80}], "pos": -1.5, "size": 1.30000007, "_time": 71.66797}, {"$id": 359, "sounds": [{"d": 0.416664124, "p": 65, "v": 81}, {"d": 0.416664124, "p": 60, "v": 77}], "pos": 2.0, "size": 1.0, "_time": 71.66797}, {"$id": 360, "sounds": [{"d": 0.208335876, "p": 57, "v": 76}], "size": 1.30000007, "_time": 72.08203, "pos": 0}, {"$id": 361, "sounds": [{"d": 0.208335876, "p": 60, "v": 70}], "pos": 1.0, "size": 1.0, "_time": 72.29297}, {"$id": 362, "sounds": [{"d": 0.208335876, "p": 50, "v": 72}], "pos": -0.5, "size": 1.30000007, "_time": 72.5}, {"$id": 363, "sounds": [{"d": 0.208335876, "p": 65, "v": 79}], "pos": 2.0, "size": 1.0, "_time": 72.70703}, {"$id": 364, "sounds": [{"d": 0.208335876, "p": 38, "v": 81}], "pos": -1.5, "size": 1.30000007, "_time": 72.91797}, {"$id": 365, "sounds": [{"d": 0.208335876, "p": 57, "v": 74}], "pos": 0.5, "size": 1.0, "_time": 73.125}, {"$id": 366, "sounds": [{"d": 0.416664124, "p": 40, "v": 74}], "pos": -2.0, "size": 1.30000007, "_time": 73.33203}, {"$id": 367, "sounds": [{"d": 0.416664124, "p": 60, "v": 76}, {"d": 0.416664124, "p": 64, "v": 75}], "pos": 1.5, "size": 1.0, "_time": 73.33203}, {"$id": 368, "sounds": [{"d": 0.208335876, "p": 55, "v": 68}], "pos": -0.5, "size": 1.30000007, "_time": 73.75}, {"$id": 369, "sounds": [{"d": 0.208335876, "p": 60, "v": 70}], "pos": 0.5, "size": 1.0, "_time": 73.95703}, {"$id": 370, "sounds": [{"d": 0.208335876, "p": 52, "v": 62}], "pos": -1.0, "size": 1.30000007, "_time": 74.16797}, {"$id": 371, "sounds": [{"d": 0.208335876, "p": 64, "v": 80}], "pos": 1.5, "size": 1.0, "_time": 74.375}, {"$id": 372, "sounds": [{"d": 0.208335876, "p": 40, "v": 73}], "pos": -2.0, "size": 1.30000007, "_time": 74.58203}, {"$id": 373, "sounds": [{"d": 0.208335876, "p": 55, "v": 57}], "pos": 1.0, "size": 1.0, "_time": 74.79297}, {"$id": 374, "sounds": [{"d": 0.416664124, "p": 41, "v": 76}], "pos": -1.5, "size": 1.30000007, "_time": 75.0}, {"$id": 375, "sounds": [{"d": 0.416664124, "p": 65, "v": 79}, {"d": 0.416664124, "p": 60, "v": 77}], "pos": 2.0, "size": 1.0, "_time": 75.0}, {"$id": 376, "sounds": [{"d": 0.208335876, "p": 57, "v": 74}], "size": 1.30000007, "_time": 75.41797, "pos": 0}, {"$id": 377, "sounds": [{"d": 0.208335876, "p": 60, "v": 71}], "pos": 1.0, "size": 1.0, "_time": 75.625}, {"$id": 378, "sounds": [{"d": 0.208335876, "p": 53, "v": 68}], "pos": -0.5, "size": 1.30000007, "_time": 75.83203}, {"$id": 379, "sounds": [{"d": 0.208335876, "p": 65, "v": 82}], "pos": 2.0, "size": 1.0, "_time": 76.04297}, {"$id": 380, "sounds": [{"d": 0.208335876, "p": 41, "v": 80}], "pos": -1.5, "size": 1.30000007, "_time": 76.25}, {"$id": 381, "sounds": [{"d": 0.208335876, "p": 57, "v": 72}], "pos": 0.5, "size": 1.0, "_time": 76.45703}, {"$id": 382, "sounds": [{"d": 0.416671753, "p": 60, "v": 82}, {"d": 0.416671753, "p": 64, "v": 85}], "pos": 1.5, "size": 1.0, "_time": 76.66797}, {"$id": 383, "sounds": [{"d": 0.416671753, "p": 36, "v": 74}], "pos": -2.0, "size": 1.30000007, "_time": 76.66797}, {"$id": 384, "sounds": [{"d": 0.208335876, "p": 55, "v": 66}], "pos": -0.5, "size": 1.30000007, "_time": 77.08203}, {"$id": 385, "sounds": [{"d": 0.208335876, "p": 60, "v": 70}], "pos": 0.5, "size": 1.0, "_time": 77.29297}, {"$id": 386, "sounds": [{"d": 0.208335876, "p": 48, "v": 70}], "pos": -1.0, "size": 1.30000007, "_time": 77.5}, {"$id": 387, "sounds": [{"d": 0.208335876, "p": 64, "v": 90}], "pos": 1.5, "size": 1.0, "_time": 77.70703}, {"$id": 388, "sounds": [{"d": 0.208335876, "p": 36, "v": 81}], "pos": -2.0, "size": 1.30000007, "_time": 77.91797}, {"$id": 389, "sounds": [{"d": 0.208335876, "p": 55, "v": 61}], "pos": 1.0, "size": 1.0, "_time": 78.125}, {"$id": 390, "sounds": [{"d": 0.416664124, "p": 65, "v": 83}, {"d": 0.416664124, "p": 60, "v": 80}], "pos": 2.0, "size": 1.0, "_time": 78.33203}, {"$id": 391, "sounds": [{"d": 0.416664124, "p": 38, "v": 82}], "pos": -1.5, "size": 1.30000007, "_time": 78.33203}, {"$id": 392, "sounds": [{"d": 0.208335876, "p": 57, "v": 75}], "size": 1.30000007, "_time": 78.75, "pos": 0}, {"$id": 393, "sounds": [{"d": 0.208335876, "p": 60, "v": 77}], "pos": 1.0, "size": 1.0, "_time": 78.95703}, {"$id": 394, "sounds": [{"d": 0.208335876, "p": 50, "v": 76}], "pos": -0.5, "size": 1.30000007, "_time": 79.16797}, {"$id": 395, "sounds": [{"d": 0.208335876, "p": 65, "v": 84}], "pos": 2.0, "size": 1.0, "_time": 79.375}, {"$id": 396, "sounds": [{"d": 0.208335876, "p": 38, "v": 81}], "pos": -1.5, "size": 1.30000007, "_time": 79.58203}, {"$id": 397, "sounds": [{"d": 0.208335876, "p": 57, "v": 73}], "pos": 0.5, "size": 1.0, "_time": 79.79297}, {"$id": 398, "sounds": [{"d": 0.416671753, "p": 64, "v": 77}, {"d": 0.416671753, "p": 60, "v": 76}], "pos": 1.5, "size": 1.0, "_time": 80.0}, {"$id": 399, "sounds": [{"d": 0.416671753, "p": 40, "v": 75}], "pos": -2.0, "size": 1.30000007, "_time": 80.0}, {"$id": 400, "sounds": [{"d": 0.208335876, "p": 55, "v": 71}], "pos": -0.5, "size": 1.30000007, "_time": 80.41797}, {"$id": 401, "sounds": [{"d": 0.208335876, "p": 60, "v": 70}], "pos": 0.5, "size": 1.0, "_time": 80.625}, {"$id": 402, "sounds": [{"d": 0.208335876, "p": 52, "v": 65}], "pos": -1.0, "size": 1.30000007, "_time": 80.83203}, {"$id": 403, "sounds": [{"d": 0.208335876, "p": 64, "v": 80}], "pos": 1.5, "size": 1.0, "_time": 81.04297}, {"$id": 404, "sounds": [{"d": 0.208335876, "p": 40, "v": 79}], "pos": -2.0, "size": 1.30000007, "_time": 81.25}, {"$id": 405, "sounds": [{"d": 0.208335876, "p": 55, "v": 66}], "pos": 0.5, "size": 1.0, "_time": 81.45703}, {"$id": 406, "sounds": [{"d": 0.7378464, "p": 56, "v": 74}, {"d": 0.7378464, "p": 60, "v": 74}, {"d": 0.7378464, "p": 63, "v": 80}], "pos": 1.5, "size": 1.0, "_time": 81.66797}, {"$id": 407, "sounds": [{"d": 0.7378464, "p": 44, "v": 82}], "pos": -1.5, "size": 1.30000007, "_time": 81.66797}, {"$id": 408, "sounds": [{"d": 0.060760498, "p": 55, "v": 64}], "size": 1.0, "_time": 82.40625, "pos": 0}, {"$id": 409, "sounds": [{"d": 0.0347213745, "p": 59, "v": 88}], "pos": 1.0, "size": 1.0, "_time": 82.46484}, {"$id": 410, "sounds": [{"d": 0.208335876, "p": 43, "v": 83}], "pos": -2.0, "size": 1.30000007, "_time": 82.5}, {"$id": 411, "sounds": [{"d": 0.190971375, "p": 62, "v": 89}], "pos": 2.0, "size": 1.0, "_time": 82.515625}, {"$id": 412, "sounds": [{"d": 0.208335876, "p": 59, "v": 74}], "pos": 1.0, "size": 1.0, "_time": 82.70703}, {"$id": 413, "sounds": [{"d": 0.416671753, "p": 55, "v": 78}], "size": 1.0, "_time": 82.91797, "pos": 0}, {"$id": 414, "sounds": [{"d": 0.416664124, "p": 36, "v": 72}], "pos": -2.0, "size": 1.30000007, "_time": 83.33203}, {"$id": 415, "sounds": [{"d": 0.416664124, "p": 64, "v": 84}, {"d": 0.416664124, "p": 60, "v": 85}], "pos": 1.5, "size": 1.0, "_time": 83.33203}, {"$id": 416, "sounds": [{"d": 0.208335876, "p": 55, "v": 71}], "pos": -0.5, "size": 1.30000007, "_time": 83.75}, {"$id": 417, "sounds": [{"d": 0.208335876, "p": 60, "v": 72}], "pos": 0.5, "size": 1.0, "_time": 83.95703}, {"$id": 418, "sounds": [{"d": 0.208335876, "p": 48, "v": 70}], "pos": -1.0, "size": 1.30000007, "_time": 84.16797}, {"$id": 419, "sounds": [{"d": 0.208335876, "p": 64, "v": 85}], "pos": 1.5, "size": 1.0, "_time": 84.375}, {"$id": 420, "sounds": [{"d": 0.208335876, "p": 36, "v": 74}], "pos": -2.0, "size": 1.30000007, "_time": 84.58203}, {"$id": 421, "sounds": [{"d": 0.208328247, "p": 55, "v": 69}], "pos": 1.0, "size": 1.0, "_time": 84.79297}, {"$id": 422, "sounds": [{"d": 0.416671753, "p": 38, "v": 76}], "pos": -1.5, "size": 1.30000007, "_time": 85.0}, {"$id": 423, "sounds": [{"d": 0.416671753, "p": 60, "v": 77}, {"d": 0.416671753, "p": 65, "v": 76}], "pos": 2.0, "size": 1.0, "_time": 85.0}, {"$id": 424, "sounds": [{"d": 0.208335876, "p": 57, "v": 79}], "size": 1.30000007, "_time": 85.41797, "pos": 0}, {"$id": 425, "sounds": [{"d": 0.208335876, "p": 60, "v": 75}], "pos": 1.0, "size": 1.0, "_time": 85.625}, {"$id": 426, "sounds": [{"d": 0.208335876, "p": 50, "v": 72}], "pos": -0.5, "size": 1.30000007, "_time": 85.83203}, {"$id": 427, "sounds": [{"d": 0.208335876, "p": 65, "v": 79}], "pos": 2.0, "size": 1.0, "_time": 86.04297}, {"$id": 428, "sounds": [{"d": 0.208335876, "p": 38, "v": 77}], "pos": -1.5, "size": 1.30000007, "_time": 86.25}, {"$id": 429, "sounds": [{"d": 0.208335876, "p": 57, "v": 68}], "pos": 0.5, "size": 1.0, "_time": 86.45703}, {"$id": 430, "sounds": [{"d": 0.416664124, "p": 40, "v": 76}], "pos": -2.0, "size": 1.30000007, "_time": 86.66797}, {"$id": 431, "sounds": [{"d": 0.416664124, "p": 60, "v": 77}, {"d": 0.416664124, "p": 64, "v": 75}], "pos": 1.5, "size": 1.0, "_time": 86.66797}, {"$id": 432, "sounds": [{"d": 0.208335876, "p": 55, "v": 68}], "pos": -0.5, "size": 1.30000007, "_time": 87.08203}, {"$id": 433, "sounds": [{"d": 0.208335876, "p": 60, "v": 75}], "pos": 0.5, "size": 1.0, "_time": 87.29297}, {"$id": 434, "sounds": [{"d": 0.208335876, "p": 52, "v": 66}], "pos": -1.0, "size": 1.30000007, "_time": 87.5}, {"$id": 435, "sounds": [{"d": 0.208335876, "p": 64, "v": 84}], "pos": 1.5, "size": 1.0, "_time": 87.70703}, {"$id": 436, "sounds": [{"d": 0.208335876, "p": 40, "v": 73}], "pos": -2.0, "size": 1.30000007, "_time": 87.91797}, {"$id": 437, "sounds": [{"d": 0.208335876, "p": 55, "v": 61}], "pos": 1.0, "size": 1.0, "_time": 88.125}, {"$id": 438, "sounds": [{"d": 0.416664124, "p": 41, "v": 73}], "pos": -1.5, "size": 1.30000007, "_time": 88.33203}, {"$id": 439, "sounds": [{"d": 0.416664124, "p": 60, "v": 80}, {"d": 0.416664124, "p": 65, "v": 81}], "pos": 2.0, "size": 1.0, "_time": 88.33203}, {"$id": 440, "sounds": [{"d": 0.208335876, "p": 57, "v": 68}], "size": 1.30000007, "_time": 88.75, "pos": 0}, {"$id": 441, "sounds": [{"d": 0.208335876, "p": 60, "v": 60}], "pos": 1.0, "size": 1.0, "_time": 88.95703}, {"$id": 442, "sounds": [{"d": 0.208335876, "p": 53, "v": 63}], "pos": -0.5, "size": 1.30000007, "_time": 89.16797}, {"$id": 443, "sounds": [{"d": 0.208335876, "p": 65, "v": 71}], "pos": 2.0, "size": 1.0, "_time": 89.375}, {"$id": 444, "sounds": [{"d": 0.208335876, "p": 41, "v": 73}], "pos": -1.5, "size": 1.30000007, "_time": 89.58203}, {"$id": 445, "sounds": [{"d": 0.208335876, "p": 57, "v": 66}], "pos": 0.5, "size": 1.0, "_time": 89.79297}, {"$id": 446, "sounds": [{"d": 0.416671753, "p": 64, "v": 77}, {"d": 0.416671753, "p": 60, "v": 77}], "pos": 1.5, "size": 1.0, "_time": 90.0}, {"$id": 447, "sounds": [{"d": 0.416671753, "p": 36, "v": 74}], "pos": -2.0, "size": 1.30000007, "_time": 90.0}, {"$id": 448, "sounds": [{"d": 0.208335876, "p": 55, "v": 69}], "pos": -0.5, "size": 1.30000007, "_time": 90.41797}, {"$id": 449, "sounds": [{"d": 0.208335876, "p": 60, "v": 64}], "pos": 0.5, "size": 1.0, "_time": 90.625}, {"$id": 450, "sounds": [{"d": 0.208335876, "p": 48, "v": 70}], "pos": -1.0, "size": 1.30000007, "_time": 90.83203}, {"$id": 451, "sounds": [{"d": 0.208335876, "p": 64, "v": 84}], "pos": 1.5, "size": 1.0, "_time": 91.04297}, {"$id": 452, "sounds": [{"d": 0.208335876, "p": 36, "v": 73}], "pos": -2.0, "size": 1.30000007, "_time": 91.25}, {"$id": 453, "sounds": [{"d": 0.208335876, "p": 55, "v": 62}], "pos": 1.0, "size": 1.0, "_time": 91.45703}, {"$id": 454, "sounds": [{"d": 0.416671753, "p": 38, "v": 72}], "pos": -1.5, "size": 1.30000007, "_time": 91.66797}, {"$id": 455, "sounds": [{"d": 0.416671753, "p": 65, "v": 79}, {"d": 0.416671753, "p": 60, "v": 79}], "pos": 2.0, "size": 1.0, "_time": 91.66797}, {"$id": 456, "sounds": [{"d": 0.208335876, "p": 57, "v": 71}], "size": 1.30000007, "_time": 92.08203, "pos": 0}, {"$id": 457, "sounds": [{"d": 0.208335876, "p": 60, "v": 70}], "pos": 1.0, "size": 1.0, "_time": 92.29297}, {"$id": 458, "sounds": [{"d": 0.208335876, "p": 50, "v": 66}], "pos": -0.5, "size": 1.30000007, "_time": 92.5}, {"$id": 459, "sounds": [{"d": 0.208335876, "p": 65, "v": 76}], "pos": 2.0, "size": 1.0, "_time": 92.70703}, {"$id": 460, "sounds": [{"d": 0.208335876, "p": 38, "v": 82}], "pos": -1.5, "size": 1.30000007, "_time": 92.91797}, {"$id": 461, "sounds": [{"d": 0.208328247, "p": 57, "v": 62}], "pos": 0.5, "size": 1.0, "_time": 93.125}, {"$id": 462, "sounds": [{"d": 0.416664124, "p": 64, "v": 74}, {"d": 0.416664124, "p": 60, "v": 78}], "pos": 1.5, "size": 1.0, "_time": 93.33203}, {"$id": 463, "sounds": [{"d": 0.416664124, "p": 40, "v": 74}], "pos": -2.0, "size": 1.30000007, "_time": 93.33203}, {"$id": 464, "sounds": [{"d": 0.208335876, "p": 55, "v": 68}], "pos": -0.5, "size": 1.30000007, "_time": 93.75}, {"$id": 465, "sounds": [{"d": 0.208335876, "p": 60, "v": 70}], "pos": 0.5, "size": 1.0, "_time": 93.95703}, {"$id": 466, "sounds": [{"d": 0.208335876, "p": 52, "v": 67}], "pos": -1.0, "size": 1.30000007, "_time": 94.16797}, {"$id": 467, "sounds": [{"d": 0.208335876, "p": 64, "v": 84}], "pos": 1.5, "size": 1.0, "_time": 94.375}, {"$id": 468, "sounds": [{"d": 0.416664124, "p": 40, "v": 77}], "pos": -2.0, "size": 1.30000007, "_time": 94.58203}, {"$id": 469, "sounds": [{"d": 1.55381775, "p": 41, "v": 73}], "pos": -1.5, "size": 1.30000007, "_time": 95.0}, {"$id": 470, "sounds": [{"d": 1.55381775, "p": 64, "v": 81}, {"d": 1.55381775, "p": 57, "v": 63}, {"d": 1.55381775, "p": 60, "v": 78}], "pos": 1.5, "size": 1.0, "_time": 95.0}, {"$id": 471, "sounds": [{"d": 0.0434036255, "p": 72, "v": 66}], "pos": 1.0, "size": 1.0, "_time": 96.55469}, {"$id": 472, "sounds": [{"d": 0.0520858765, "p": 75, "v": 78}], "pos": 1.5, "size": 1.0, "_time": 96.59766}, {"$id": 473, "sounds": [{"d": 0.850692749, "p": 79, "v": 85}], "pos": 2.0, "size": 1.0, "_time": 96.64844}, {"$id": 474, "sounds": [{"d": 0.833328247, "p": 63, "v": 54}, {"d": 0.833328247, "p": 56, "v": 64}], "pos": -2.0, "size": 1.30000007, "_time": 96.66797}, {"$id": 475, "sounds": [{"d": 0.208335876, "p": 72, "v": 91}], "pos": -2.0, "size": 1.0, "_time": 97.5}, {"$id": 476, "sounds": [{"d": 0.416664124, "p": 75, "v": 83}], "pos": -1.0, "size": 1.0, "_time": 97.70703}, {"$id": 477, "sounds": [{"d": 0.625, "p": 79, "v": 93}], "pos": 1.0, "size": 1.0, "_time": 98.125}, {"$id": 478, "sounds": [{"d": 0.625, "p": 75, "v": 79}], "pos": -1.0, "size": 1.0, "_time": 98.125}, {"$id": 479, "sounds": [{"d": 0.416664124, "p": 82, "v": 92}], "pos": 2.0, "size": 1.0, "_time": 98.75}, {"$id": 480, "sounds": [{"d": 0.416664124, "p": 75, "v": 87}], "pos": -1.0, "size": 1.0, "_time": 98.75}, {"$id": 481, "sounds": [{"d": 0.416664124, "p": 75, "v": 86}], "pos": -1.0, "size": 1.0, "_time": 99.16797}, {"$id": 482, "sounds": [{"d": 0.416664124, "p": 80, "v": 94}], "pos": 1.5, "size": 1.0, "_time": 99.16797}, {"$id": 483, "sounds": [{"d": 0.416671753, "p": 75, "v": 75}], "pos": -1.0, "size": 1.0, "_time": 99.58203}, {"$id": 484, "sounds": [{"d": 0.416671753, "p": 79, "v": 88}], "pos": 1.0, "size": 1.0, "_time": 99.58203}, {"$id": 485, "sounds": [{"d": 0.208335876, "p": 55, "v": 67}, {"d": 0.208335876, "p": 63, "v": 63}, {"d": 0.208335876, "p": 70, "v": 85}], "pos": -2.0, "size": 1.30000007, "_time": 100.0}, {"$id": 486, "sounds": [{"d": 0.208335876, "p": 77, "v": 92}], "size": 1.0, "_time": 100.0, "pos": 0}, {"$id": 487, "sounds": [{"d": 0.208335876, "p": 79, "v": 75}], "pos": 1.0, "size": 1.0, "_time": 100.207031}, {"$id": 488, "sounds": [{"d": 0.208335876, "p": 77, "v": 73}], "size": 1.0, "_time": 100.417969, "pos": 0}, {"$id": 489, "sounds": [{"d": 0.416664124, "p": 74, "v": 80}], "pos": -1.0, "size": 1.0, "_time": 100.625}, {"$id": 490, "sounds": [{"d": 0.416664124, "p": 75, "v": 91}], "pos": 1.0, "size": 1.0, "_time": 101.042969}, {"$id": 491, "sounds": [{"d": 0.625, "p": 70, "v": 89}], "pos": -2.0, "size": 1.0, "_time": 101.457031}, {"$id": 492, "sounds": [{"d": 0.416664124, "p": 70, "v": 101}], "pos": -2.0, "size": 1.0, "_time": 102.082031}, {"$id": 493, "sounds": [{"d": 0.416664124, "p": 82, "v": 105}], "pos": 2.0, "size": 1.0, "_time": 102.082031}, {"$id": 494, "sounds": [{"d": 0.416664124, "p": 82, "v": 101}], "pos": 2.0, "size": 1.0, "_time": 102.5}, {"$id": 495, "sounds": [{"d": 0.416664124, "p": 70, "v": 96}], "pos": -2.0, "size": 1.0, "_time": 102.5}, {"$id": 496, "sounds": [{"d": 0.416664124, "p": 80, "v": 89}], "pos": 1.0, "size": 1.0, "_time": 102.917969}, {"$id": 497, "sounds": [{"d": 0.208335876, "p": 79, "v": 88}], "size": 1.0, "_time": 103.332031, "pos": 0}, {"$id": 498, "sounds": [{"d": 0.208335876, "p": 56, "v": 73}, {"d": 0.208335876, "p": 63, "v": 73}, {"d": 0.208335876, "p": 75, "v": 83}], "pos": -2.0, "size": 1.30000007, "_time": 103.332031}, {"$id": 499, "sounds": [{"d": 0.208335876, "p": 80, "v": 84}], "pos": 1.0, "size": 1.0, "_time": 103.542969}, {"$id": 500, "sounds": [{"d": 0.208335876, "p": 82, "v": 75}], "pos": 2.0, "size": 1.0, "_time": 103.75}, {"$id": 501, "sounds": [{"d": 1.04166412, "p": 75, "v": 89}], "pos": -1.0, "size": 1.0, "_time": 103.957031}, {"$id": 502, "sounds": [{"d": 0.208335876, "p": 63, "v": 71}], "pos": -2.0, "size": 1.30000007, "_time": 105.0}, {"$id": 503, "sounds": [{"d": 0.208335876, "p": 67, "v": 77}], "size": 1.0, "_time": 105.0, "pos": 0}, {"$id": 504, "sounds": [{"d": 0.208335876, "p": 68, "v": 79}], "pos": 1.0, "size": 1.0, "_time": 105.207031}, {"$id": 505, "sounds": [{"d": 0.208335876, "p": 70, "v": 71}], "pos": 2.0, "size": 1.0, "_time": 105.417969}, {"$id": 506, "sounds": [{"d": 0.416664124, "p": 63, "v": 79}], "pos": -1.0, "size": 1.0, "_time": 105.625}, {"$id": 507, "sounds": [{"d": 0.208335876, "p": 62, "v": 82}], "pos": -2.0, "size": 1.0, "_time": 106.042969}, {"$id": 508, "sounds": [{"d": 0.416664124, "p": 63, "v": 91}], "pos": -1.0, "size": 1.0, "_time": 106.25}, {"$id": 509, "sounds": [{"d": 0.416671753, "p": 65, "v": 84}], "pos": 1.0, "size": 1.0, "_time": 106.667969}, {"$id": 510, "sounds": [{"d": 0.416671753, "p": 55, "v": 74}, {"d": 0.416671753, "p": 58, "v": 84}], "pos": -2.0, "size": 1.30000007, "_time": 106.667969}, {"$id": 511, "sounds": [{"d": 0.208335876, "p": 63, "v": 70}], "size": 1.0, "_time": 107.082031, "pos": 0}, {"$id": 512, "sounds": [{"d": 0.416664124, "p": 62, "v": 78}], "pos": -1.0, "size": 1.0, "_time": 107.292969}, {"$id": 513, "sounds": [{"d": 0.416664124, "p": 63, "v": 79}], "size": 1.0, "_time": 107.707031, "pos": 0}, {"$id": 514, "sounds": [{"d": 1.14583588, "p": 58, "v": 89}], "pos": -2.0, "size": 1.0, "_time": 108.125}, {"$id": 515, "sounds": [{"d": 0.104164124, "p": 70, "v": 67}], "pos": -1.0, "size": 1.0, "_time": 109.269531}, {"$id": 516, "sounds": [{"d": 0.1388855, "p": 74, "v": 69}], "pos": -0.316687435, "size": 1.0, "_time": 109.375}, {"$id": 517, "sounds": [{"d": 0.06944275, "p": 75, "v": 77}], "pos": 0.597442031, "size": 1.0, "_time": 109.515625}, {"$id": 518, "sounds": [{"d": 0.15625, "p": 77, "v": 75}], "pos": 1.0, "size": 1.0, "_time": 109.582031}, {"$id": 519, "sounds": [{"d": 0.104164124, "p": 79, "v": 81}], "size": 1.0, "_time": 109.738281, "pos": 0}, {"$id": 520, "sounds": [{"d": 0.15625, "p": 80, "v": 87}], "pos": 0.5, "size": 1.0, "_time": 109.84375}, {"$id": 521, "sounds": [{"d": 0.416671753, "p": 82, "v": 83}], "pos": 1.0, "size": 1.0, "_time": 110.0}, {"$id": 522, "sounds": [{"d": 0.416671753, "p": 79, "v": 81}, {"d": 0.416671753, "p": 75, "v": 85}], "pos": -2.0, "size": 1.0, "_time": 110.0}, {"$id": 523, "sounds": [{"d": 0.208335876, "p": 75, "v": 78}, {"d": 0.208335876, "p": 79, "v": 73}], "pos": -2.0, "size": 1.0, "_time": 110.417969}, {"$id": 524, "sounds": [{"d": 0.208335876, "p": 82, "v": 80}], "pos": 1.0, "size": 1.0, "_time": 110.417969}, {"$id": 525, "sounds": [{"d": 0.416664124, "p": 82, "v": 73}], "pos": 1.0, "size": 1.0, "_time": 110.625}, {"$id": 526, "sounds": [{"d": 0.416664124, "p": 79, "v": 70}, {"d": 0.416664124, "p": 75, "v": 74}], "pos": -2.0, "size": 1.0, "_time": 110.625}, {"$id": 527, "sounds": [{"d": 0.416664124, "p": 79, "v": 90}, {"d": 0.416664124, "p": 75, "v": 80}], "pos": -2.0, "size": 1.0, "_time": 111.042969}, {"$id": 528, "sounds": [{"d": 0.416664124, "p": 84, "v": 95}], "pos": 2.0, "size": 1.0, "_time": 111.042969}, {"$id": 529, "sounds": [{"d": 0.625, "p": 82, "v": 88}], "pos": 1.0, "size": 1.0, "_time": 111.457031}, {"$id": 530, "sounds": [{"d": 0.625, "p": 75, "v": 78}, {"d": 0.625, "p": 79, "v": 88}], "pos": -2.0, "size": 1.0, "_time": 111.457031}, {"$id": 531, "sounds": [{"d": 0.416664124, "p": 75, "v": 84}, {"d": 0.416664124, "p": 80, "v": 92}], "size": 1.0, "_time": 112.082031, "pos": 0}, {"$id": 532, "sounds": [{"d": 0.416664124, "p": 79, "v": 93}, {"d": 0.416664124, "p": 75, "v": 84}], "pos": -2.0, "size": 1.0, "_time": 112.5}, {"$id": 533, "sounds": [{"d": 0.416664124, "p": 75, "v": 79}, {"d": 0.416664124, "p": 80, "v": 91}], "size": 1.0, "_time": 112.917969, "pos": 0}, {"$id": 534, "sounds": [{"d": 0.416664124, "p": 75, "v": 80}, {"d": 0.416664124, "p": 79, "v": 91}], "pos": -2.0, "size": 1.0, "_time": 113.332031}, {"$id": 535, "sounds": [{"d": 0.416664124, "p": 82, "v": 88}], "pos": 1.0, "size": 1.0, "_time": 113.332031}, {"$id": 536, "sounds": [{"d": 0.208335876, "p": 82, "v": 84}], "pos": 1.0, "size": 1.0, "_time": 113.75}, {"$id": 537, "sounds": [{"d": 0.208335876, "p": 79, "v": 80}, {"d": 0.208335876, "p": 75, "v": 71}], "pos": -2.0, "size": 1.0, "_time": 113.75}, {"$id": 538, "sounds": [{"d": 0.416664124, "p": 75, "v": 76}, {"d": 0.416664124, "p": 79, "v": 81}], "pos": -2.0, "size": 1.0, "_time": 113.957031}, {"$id": 539, "sounds": [{"d": 0.416664124, "p": 82, "v": 81}], "pos": 1.0, "size": 1.0, "_time": 113.957031}, {"$id": 540, "sounds": [{"d": 0.416664124, "p": 75, "v": 77}, {"d": 0.416664124, "p": 79, "v": 85}], "pos": -2.0, "size": 1.0, "_time": 114.375}, {"$id": 541, "sounds": [{"d": 0.416664124, "p": 82, "v": 92}], "pos": 1.0, "size": 1.0, "_time": 114.375}, {"$id": 542, "sounds": [{"d": 0.625, "p": 82, "v": 95}], "pos": 1.0, "size": 1.0, "_time": 114.792969}, {"$id": 543, "sounds": [{"d": 0.625, "p": 75, "v": 86}, {"d": 0.625, "p": 79, "v": 88}], "pos": -2.0, "size": 1.0, "_time": 114.792969}, {"$id": 544, "sounds": [{"d": 0.416664124, "p": 79, "v": 86}, {"d": 0.416664124, "p": 84, "v": 95}], "pos": -1.0, "size": 1.0, "_time": 115.417969}, {"$id": 545, "sounds": [{"d": 0.416664124, "p": 79, "v": 87}, {"d": 0.416664124, "p": 86, "v": 93}], "size": 1.0, "_time": 115.832031, "pos": 0}, {"$id": 546, "sounds": [{"d": 0.416664124, "p": 79, "v": 84}, {"d": 0.416664124, "p": 87, "v": 96}], "pos": 1.0, "size": 1.0, "_time": 116.25}, {"$id": 547, "sounds": [{"d": 0.208335876, "p": 84, "v": 94}], "pos": -1.0, "size": 1.0, "_time": 116.667969}, {"$id": 548, "sounds": [{"d": 0.208335876, "p": 91, "v": 101}], "pos": 2.0, "size": 1.0, "_time": 116.667969}, {"$id": 549, "sounds": [{"d": 0.208335876, "p": 89, "v": 80}], "pos": 1.0, "size": 1.0, "_time": 116.875}, {"$id": 550, "sounds": [{"d": 0.208335876, "p": 87, "v": 80}], "size": 1.0, "_time": 117.082031, "pos": 0}, {"$id": 551, "sounds": [{"d": 0.208335876, "p": 84, "v": 73}], "size": 1.0, "_time": 117.292969, "pos": 0}, {"$id": 552, "sounds": [{"d": 0.208335876, "p": 79, "v": 97}], "pos": 1.5, "size": 1.0, "_time": 117.5}, {"$id": 553, "sounds": [{"d": 0.208335876, "p": 72, "v": 103}], "pos": -1.5, "size": 1.0, "_time": 117.5}, {"$id": 554, "sounds": [{"d": 0.208335876, "p": 77, "v": 80}], "pos": 0.5, "size": 1.0, "_time": 117.707031}, {"$id": 555, "sounds": [{"d": 0.208335876, "p": 75, "v": 74}], "pos": -0.5, "size": 1.0, "_time": 117.917969}, {"$id": 556, "sounds": [{"d": 0.208335876, "p": 72, "v": 66}], "pos": -0.5, "size": 1.0, "_time": 118.125}, {"$id": 557, "sounds": [{"d": 0.208335876, "p": 67, "v": 101}], "pos": 1.0, "size": 1.0, "_time": 118.332031}, {"$id": 558, "sounds": [{"d": 0.208335876, "p": 60, "v": 94}], "pos": -2.0, "size": 1.0, "_time": 118.332031}, {"$id": 559, "sounds": [{"d": 0.208335876, "p": 65, "v": 77}], "size": 1.0, "_time": 118.542969, "pos": 0}, {"$id": 560, "sounds": [{"d": 0.208335876, "p": 63, "v": 84}], "pos": -1.0, "size": 1.0, "_time": 118.75}, {"$id": 561, "sounds": [{"d": 0.416664124, "p": 60, "v": 92}], "pos": -1.0, "size": 1.0, "_time": 118.957031}, {"$id": 562, "sounds": [{"d": 0.208335876, "p": 62, "v": 79}], "size": 1.0, "_time": 119.375, "pos": 0}, {"$id": 563, "sounds": [{"d": 0.416664124, "p": 63, "v": 81}], "pos": 1.0, "size": 1.0, "_time": 119.582031}, {"$id": 564, "sounds": [{"d": 0.8333359, "p": 34, "v": 77}], "pos": -2.0, "size": 1.30000007, "_time": 120.0}, {"$id": 565, "sounds": [{"d": 0.8333359, "p": 58, "v": 98}, {"d": 0.8333359, "p": 63, "v": 96}], "pos": 1.0, "size": 1.0, "_time": 120.0}, {"$id": 566, "sounds": [{"d": 0.208335876, "p": 46, "v": 83}], "pos": -2.0, "size": 1.30000007, "_time": 120.832031}, {"$id": 567, "sounds": [{"d": 0.208335876, "p": 58, "v": 81}], "pos": -1.0, "size": 1.0, "_time": 121.042969}, {"$id": 568, "sounds": [{"d": 0.208335876, "p": 62, "v": 85}], "size": 1.0, "_time": 121.25, "pos": 0}, {"$id": 569, "sounds": [{"d": 0.208328247, "p": 63, "v": 82}], "pos": 1.0, "size": 1.0, "_time": 121.457031}, {"$id": 570, "sounds": [{"d": 0.416664124, "p": 46, "v": 85}, {"d": 0.416664124, "p": 34, "v": 91}], "pos": -1.0, "size": 1.30000007, "_time": 121.667969}, {"$id": 571, "sounds": [{"d": 0.416664124, "p": 58, "v": 87}, {"d": 0.416664124, "p": 62, "v": 97}, {"d": 0.416664124, "p": 65, "v": 92}], "pos": 2.0, "size": 1.0, "_time": 121.667969}, {"$id": 572, "sounds": [{"d": 0.399307251, "p": 58, "v": 88}], "pos": 1.0, "size": 1.0, "_time": 122.082031}, {"$id": 573, "sounds": [{"d": 0.0434036255, "p": 55, "v": 74}], "size": 1.0, "_time": 122.484375, "pos": 0}, {"$id": 574, "sounds": [{"d": 0.0607681274, "p": 43, "v": 80}, {"w": 0.0078125, "d": 0.0520858765, "p": 31, "v": 86}], "pos": -2.0, "size": 1.30000007, "_time": 122.527344}, {"$id": 575, "sounds": [{"d": 0.0607681274, "p": 59, "v": 91}], "pos": 1.0, "size": 1.0, "_time": 122.527344}, {"$id": 576, "sounds": [{"d": 0.199653625, "p": 62, "v": 94}], "pos": 2.0, "size": 1.0, "_time": 122.585938}, {"$id": 577, "sounds": [{"d": 0.234375, "p": 59, "v": 92}], "pos": 1.0, "size": 1.0, "_time": 122.785156}, {"$id": 578, "sounds": [{"d": 0.5208359, "p": 55, "v": 89}], "size": 1.0, "_time": 123.019531, "pos": 0}, {"$id": 579, "sounds": [{"d": 0.416671753, "p": 55, "v": 73}, {"d": 0.416671753, "p": 60, "v": 93}, {"d": 0.416671753, "p": 64, "v": 97}], "pos": 1.5, "size": 1.0, "_time": 123.542969}, {"$id": 580, "sounds": [{"d": 0.416671753, "p": 36, "v": 88}], "pos": -2.0, "size": 1.30000007, "_time": 123.542969}, {"$id": 581, "sounds": [{"d": 0.208335876, "p": 55, "v": 68}], "pos": -0.5, "size": 1.30000007, "_time": 123.957031}, {"$id": 582, "sounds": [{"d": 0.208335876, "p": 60, "v": 75}], "pos": 0.5, "size": 1.0, "_time": 124.167969}, {"$id": 583, "sounds": [{"d": 0.208335876, "p": 48, "v": 74}], "pos": -1.0, "size": 1.30000007, "_time": 124.375}, {"$id": 584, "sounds": [{"d": 0.208335876, "p": 64, "v": 88}], "pos": 1.5, "size": 1.0, "_time": 124.582031}, {"$id": 585, "sounds": [{"d": 0.208335876, "p": 36, "v": 85}], "pos": -2.0, "size": 1.30000007, "_time": 124.792969}, {"$id": 586, "sounds": [{"d": 0.208335876, "p": 55, "v": 66}], "pos": 1.0, "size": 1.0, "_time": 125.0}, {"$id": 587, "sounds": [{"d": 0.416664124, "p": 38, "v": 83}], "pos": -1.5, "size": 1.30000007, "_time": 125.207031}, {"$id": 588, "sounds": [{"d": 0.416664124, "p": 65, "v": 91}, {"d": 0.416664124, "p": 60, "v": 87}], "pos": 2.0, "size": 1.0, "_time": 125.207031}, {"$id": 589, "sounds": [{"d": 0.208335876, "p": 57, "v": 81}], "size": 1.30000007, "_time": 125.625, "pos": 0}, {"$id": 590, "sounds": [{"d": 0.208335876, "p": 60, "v": 68}], "pos": 1.0, "size": 1.0, "_time": 125.832031}, {"$id": 591, "sounds": [{"d": 0.208335876, "p": 50, "v": 80}], "pos": -0.5, "size": 1.30000007, "_time": 126.042969}, {"$id": 592, "sounds": [{"d": 0.208335876, "p": 65, "v": 89}], "pos": 2.0, "size": 1.0, "_time": 126.25}, {"$id": 593, "sounds": [{"d": 0.208335876, "p": 38, "v": 88}], "pos": -1.5, "size": 1.30000007, "_time": 126.457031}, {"$id": 594, "sounds": [{"d": 0.208328247, "p": 57, "v": 80}], "pos": 0.5, "size": 1.0, "_time": 126.667969}, {"$id": 595, "sounds": [{"d": 0.416671753, "p": 64, "v": 87}, {"d": 0.416671753, "p": 60, "v": 86}], "pos": 1.5, "size": 1.0, "_time": 126.875}, {"$id": 596, "sounds": [{"d": 0.416671753, "p": 40, "v": 88}], "pos": -2.0, "size": 1.30000007, "_time": 126.875}, {"$id": 597, "sounds": [{"d": 0.208335876, "p": 55, "v": 74}], "pos": -0.5, "size": 1.30000007, "_time": 127.292969}, {"$id": 598, "sounds": [{"d": 0.208335876, "p": 60, "v": 67}], "pos": 0.5, "size": 1.0, "_time": 127.5}, {"$id": 599, "sounds": [{"d": 0.208335876, "p": 52, "v": 78}], "pos": -1.0, "size": 1.30000007, "_time": 127.707031}, {"$id": 600, "sounds": [{"d": 0.208335876, "p": 64, "v": 85}], "pos": 1.5, "size": 1.0, "_time": 127.917969}, {"$id": 601, "sounds": [{"d": 0.208328247, "p": 40, "v": 80}], "pos": -2.0, "size": 1.30000007, "_time": 128.125}, {"$id": 602, "sounds": [{"d": 0.208328247, "p": 55, "v": 71}], "pos": 1.0, "size": 1.0, "_time": 128.332031}, {"$id": 603, "sounds": [{"d": 0.416671753, "p": 65, "v": 90}, {"d": 0.416671753, "p": 60, "v": 91}], "pos": 2.0, "size": 1.0, "_time": 128.542969}, {"$id": 604, "sounds": [{"d": 0.416671753, "p": 41, "v": 81}], "pos": -1.5, "size": 1.30000007, "_time": 128.542969}, {"$id": 605, "sounds": [{"d": 0.208328247, "p": 57, "v": 79}], "size": 1.30000007, "_time": 128.957031, "pos": 0}, {"$id": 606, "sounds": [{"d": 0.208328247, "p": 60, "v": 73}], "pos": 1.0, "size": 1.0, "_time": 129.167969}, {"$id": 607, "sounds": [{"d": 0.208328247, "p": 53, "v": 68}], "pos": -0.5, "size": 1.30000007, "_time": 129.375}, {"$id": 608, "sounds": [{"d": 0.208328247, "p": 65, "v": 85}], "pos": 2.0, "size": 1.0, "_time": 129.582031}, {"$id": 609, "sounds": [{"d": 0.208328247, "p": 41, "v": 81}], "pos": -1.5, "size": 1.30000007, "_time": 129.792969}, {"$id": 610, "sounds": [{"d": 0.208328247, "p": 57, "v": 84}], "pos": 0.5, "size": 1.0, "_time": 130.0}, {"$id": 611, "sounds": [{"d": 0.4166565, "p": 60, "v": 88}, {"d": 0.4166565, "p": 64, "v": 89}], "pos": 1.5, "size": 1.0, "_time": 130.207031}, {"$id": 612, "sounds": [{"d": 0.4166565, "p": 36, "v": 84}], "pos": -2.0, "size": 1.30000007, "_time": 130.207031}, {"$id": 613, "sounds": [{"d": 0.190979, "p": 55, "v": 67}], "pos": -0.5, "size": 1.30000007, "_time": 130.625}, {"$id": 614, "sounds": [{"d": 0.225692749, "p": 60, "v": 64}], "pos": 0.5, "size": 1.0, "_time": 130.8164}, {"$id": 615, "sounds": [{"d": 0.225692749, "p": 48, "v": 72}], "pos": -1.0, "size": 1.30000007, "_time": 131.042969}, {"$id": 616, "sounds": [{"d": 0.2170105, "p": 64, "v": 87}, {"d": 0.2170105, "p": 60, "v": 89}], "pos": 1.5, "size": 1.0, "_time": 131.265625}, {"$id": 617, "sounds": [{"d": 0.199646, "p": 36, "v": 81}], "pos": -2.0, "size": 1.30000007, "_time": 131.484375}, {"$id": 618, "sounds": [{"d": 0.199646, "p": 55, "v": 69}], "pos": 1.0, "size": 1.0, "_time": 131.6836}, {"$id": 619, "sounds": [{"d": 0.399307251, "p": 38, "v": 88}], "pos": -1.5, "size": 1.30000007, "_time": 131.882813}, {"$id": 620, "sounds": [{"d": 0.399307251, "p": 65, "v": 84}, {"d": 0.399307251, "p": 60, "v": 82}], "pos": 2.0, "size": 1.0, "_time": 131.882813}, {"$id": 621, "sounds": [{"d": 0.243057251, "p": 57, "v": 80}], "size": 1.30000007, "_time": 132.28125, "pos": 0}, {"$id": 622, "sounds": [{"d": 0.190979, "p": 60, "v": 74}], "pos": 1.0, "size": 1.0, "_time": 132.527344}, {"$id": 623, "sounds": [{"d": 0.2170105, "p": 50, "v": 75}], "pos": -0.5, "size": 1.30000007, "_time": 132.71875}, {"$id": 624, "sounds": [{"d": 0.208328247, "p": 65, "v": 88}, {"d": 0.208328247, "p": 60, "v": 88}], "pos": 2.0, "size": 1.0, "_time": 132.9336}, {"$id": 625, "sounds": [{"d": 0.208328247, "p": 38, "v": 82}], "pos": -1.5, "size": 1.30000007, "_time": 133.140625}, {"$id": 626, "sounds": [{"d": 0.208328247, "p": 57, "v": 64}], "pos": 0.5, "size": 1.0, "_time": 133.351563}, {"$id": 627, "sounds": [{"d": 0.434021, "p": 40, "v": 79}], "pos": -2.0, "size": 1.30000007, "_time": 133.5586}, {"$id": 628, "sounds": [{"d": 0.434021, "p": 60, "v": 88}, {"d": 0.434021, "p": 64, "v": 81}], "pos": 1.5, "size": 1.0, "_time": 133.5586}, {"$id": 629, "sounds": [{"d": 0.208328247, "p": 55, "v": 61}], "pos": -0.5, "size": 1.30000007, "_time": 133.992188}, {"$id": 630, "sounds": [{"d": 0.208328247, "p": 60, "v": 72}], "pos": 0.5, "size": 1.0, "_time": 134.203125}, {"$id": 631, "sounds": [{"d": 0.199646, "p": 52, "v": 72}], "pos": -1.0, "size": 1.30000007, "_time": 134.410156}, {"$id": 632, "sounds": [{"d": 0.199646, "p": 64, "v": 87}, {"d": 0.199646, "p": 60, "v": 91}], "pos": 1.5, "size": 1.0, "_time": 134.609375}, {"$id": 633, "sounds": [{"d": 0.208328247, "p": 40, "v": 85}], "pos": -2.0, "size": 1.30000007, "_time": 134.8086}, {"$id": 634, "sounds": [{"d": 0.2170105, "p": 55, "v": 51}], "pos": 0.5, "size": 1.0, "_time": 135.015625}, {"$id": 635, "sounds": [{"d": 0.807296753, "p": 56, "v": 78}, {"d": 0.807296753, "p": 60, "v": 77}, {"d": 0.807296753, "p": 63, "v": 85}], "pos": 1.5, "size": 1.0, "_time": 135.234375}, {"$id": 636, "sounds": [{"d": 0.807296753, "p": 44, "v": 84}], "pos": -1.5, "size": 1.30000007, "_time": 135.234375}, {"$id": 637, "sounds": [{"d": 0.0347290039, "p": 55, "v": 69}], "size": 1.0, "_time": 136.042969, "pos": 0}, {"$id": 638, "sounds": [{"d": 0.060760498, "p": 59, "v": 91}], "pos": 1.0, "size": 1.0, "_time": 136.078125}, {"$id": 639, "sounds": [{"d": 0.0433959961, "p": 43, "v": 81}], "pos": -2.0, "size": 1.30000007, "_time": 136.09375}, {"$id": 640, "sounds": [{"d": 0.1388855, "p": 62, "v": 89}], "pos": 2.0, "size": 1.0, "_time": 136.136719}, {"$id": 641, "sounds": [{"d": 0.2170105, "p": 59, "v": 91}], "pos": 1.0, "size": 1.0, "_time": 136.277344}, {"$id": 642, "sounds": [{"d": 0.425354, "p": 55, "v": 85}], "size": 1.0, "_time": 136.492188, "pos": 0}, {"$id": 643, "sounds": [{"d": 0.416671753, "p": 64, "v": 82}, {"d": 0.416671753, "p": 60, "v": 86}], "pos": 1.5, "size": 1.0, "_time": 136.917969}, {"$id": 644, "sounds": [{"d": 0.416671753, "p": 36, "v": 84}], "pos": -2.0, "size": 1.30000007, "_time": 136.917969}, {"$id": 645, "sounds": [{"d": 0.208328247, "p": 55, "v": 75}], "pos": -0.5, "size": 1.30000007, "_time": 137.335938}, {"$id": 646, "sounds": [{"d": 0.199646, "p": 60, "v": 80}], "pos": 0.5, "size": 1.0, "_time": 137.542969}, {"$id": 647, "sounds": [{"d": 0.2170105, "p": 48, "v": 69}], "pos": -1.0, "size": 1.30000007, "_time": 137.742188}, {"$id": 648, "sounds": [{"d": 0.234375, "p": 64, "v": 90}], "pos": 1.5, "size": 1.0, "_time": 137.960938}, {"$id": 649, "sounds": [{"d": 0.199646, "p": 36, "v": 72}], "pos": -2.0, "size": 1.30000007, "_time": 138.195313}, {"$id": 650, "sounds": [{"d": 0.208328247, "p": 55, "v": 66}], "pos": 1.0, "size": 1.0, "_time": 138.394531}, {"$id": 651, "sounds": [{"d": 0.425354, "p": 60, "v": 85}, {"d": 0.425354, "p": 65, "v": 89}], "pos": 2.0, "size": 1.0, "_time": 138.601563}, {"$id": 652, "sounds": [{"d": 0.425354, "p": 38, "v": 85}], "pos": -1.5, "size": 1.30000007, "_time": 138.601563}, {"$id": 653, "sounds": [{"d": 0.208328247, "p": 57, "v": 71}], "size": 1.30000007, "_time": 139.027344, "pos": 0}, {"$id": 654, "sounds": [{"d": 0.199646, "p": 60, "v": 74}], "pos": 1.0, "size": 1.0, "_time": 139.234375}, {"$id": 655, "sounds": [{"d": 0.208328247, "p": 50, "v": 72}], "pos": -0.5, "size": 1.30000007, "_time": 139.4375}, {"$id": 656, "sounds": [{"d": 0.2170105, "p": 60, "v": 88}, {"d": 0.2170105, "p": 65, "v": 92}], "pos": 2.0, "size": 1.0, "_time": 139.644531}, {"$id": 657, "sounds": [{"d": 0.2170105, "p": 38, "v": 77}], "pos": -1.5, "size": 1.30000007, "_time": 139.859375}, {"$id": 658, "sounds": [{"d": 0.199646, "p": 57, "v": 56}], "pos": 0.5, "size": 1.0, "_time": 140.078125}, {"$id": 659, "sounds": [{"d": 0.425338745, "p": 64, "v": 83}, {"d": 0.425338745, "p": 60, "v": 78}], "pos": 1.5, "size": 1.0, "_time": 140.277344}, {"$id": 660, "sounds": [{"d": 0.425338745, "p": 40, "v": 82}], "pos": -2.0, "size": 1.30000007, "_time": 140.277344}, {"$id": 661, "sounds": [{"d": 0.190979, "p": 55, "v": 75}], "pos": -0.5, "size": 1.30000007, "_time": 140.703125}, {"$id": 662, "sounds": [{"d": 0.225692749, "p": 60, "v": 71}], "pos": 0.5, "size": 1.0, "_time": 140.894531}, {"$id": 663, "sounds": [{"d": 0.208328247, "p": 52, "v": 76}], "pos": -1.0, "size": 1.30000007, "_time": 141.1211}, {"$id": 664, "sounds": [{"d": 0.208328247, "p": 64, "v": 91}], "pos": 1.5, "size": 1.0, "_time": 141.328125}, {"$id": 665, "sounds": [{"d": 0.234375, "p": 40, "v": 77}], "pos": -2.0, "size": 1.30000007, "_time": 141.535156}, {"$id": 666, "sounds": [{"d": 0.199646, "p": 55, "v": 62}], "pos": 1.0, "size": 1.0, "_time": 141.769531}, {"$id": 667, "sounds": [{"d": 0.390625, "p": 41, "v": 80}], "pos": -1.5, "size": 1.30000007, "_time": 141.96875}, {"$id": 668, "sounds": [{"d": 0.390625, "p": 65, "v": 86}, {"d": 0.390625, "p": 60, "v": 85}], "pos": 2.0, "size": 1.0, "_time": 141.96875}, {"$id": 669, "sounds": [{"d": 0.234375, "p": 57, "v": 71}], "size": 1.30000007, "_time": 142.359375, "pos": 0}, {"$id": 670, "sounds": [{"d": 0.208328247, "p": 60, "v": 66}], "pos": 1.0, "size": 1.0, "_time": 142.59375}, {"$id": 671, "sounds": [{"d": 0.2170105, "p": 53, "v": 70}], "pos": -0.5, "size": 1.30000007, "_time": 142.804688}, {"$id": 672, "sounds": [{"d": 0.199646, "p": 65, "v": 81}, {"d": 0.199646, "p": 60, "v": 70}], "pos": 2.0, "size": 1.0, "_time": 143.019531}, {"$id": 673, "sounds": [{"d": 0.208328247, "p": 41, "v": 85}], "pos": -1.5, "size": 1.30000007, "_time": 143.21875}, {"$id": 674, "sounds": [{"d": 0.208328247, "p": 55, "v": 61}], "pos": 0.5, "size": 1.0, "_time": 143.429688}, {"$id": 675, "sounds": [{"d": 0.425354, "p": 36, "v": 82}], "pos": -2.0, "size": 1.30000007, "_time": 143.636719}, {"$id": 676, "sounds": [{"d": 0.425354, "p": 64, "v": 82}, {"d": 0.425354, "p": 60, "v": 88}], "pos": 1.5, "size": 1.0, "_time": 143.636719}, {"$id": 677, "sounds": [{"d": 0.199646, "p": 55, "v": 71}], "pos": -0.5, "size": 1.30000007, "_time": 144.0625}, {"$id": 678, "sounds": [{"d": 0.2170105, "p": 60, "v": 67}], "pos": 0.5, "size": 1.0, "_time": 144.261719}, {"$id": 679, "sounds": [{"d": 0.199646, "p": 48, "v": 69}], "pos": -1.0, "size": 1.30000007, "_time": 144.480469}, {"$id": 680, "sounds": [{"d": 0.208328247, "p": 64, "v": 90}], "pos": 1.5, "size": 1.0, "_time": 144.679688}, {"$id": 681, "sounds": [{"d": 0.190979, "p": 36, "v": 84}], "pos": -2.0, "size": 1.30000007, "_time": 144.886719}, {"$id": 682, "sounds": [{"d": 0.225692749, "p": 55, "v": 66}], "pos": 1.0, "size": 1.0, "_time": 145.078125}, {"$id": 683, "sounds": [{"d": 0.434036255, "p": 38, "v": 87}], "pos": -1.5, "size": 1.30000007, "_time": 145.304688}, {"$id": 684, "sounds": [{"d": 0.434036255, "p": 65, "v": 81}, {"d": 0.434036255, "p": 60, "v": 84}], "pos": 2.0, "size": 1.0, "_time": 145.304688}, {"$id": 685, "sounds": [{"d": 0.208328247, "p": 57, "v": 72}], "size": 1.30000007, "_time": 145.738281, "pos": 0}, {"$id": 686, "sounds": [{"d": 0.2170105, "p": 60, "v": 76}], "pos": 1.0, "size": 1.0, "_time": 145.945313}, {"$id": 687, "sounds": [{"d": 0.208328247, "p": 50, "v": 76}], "pos": -0.5, "size": 1.30000007, "_time": 146.164063}, {"$id": 688, "sounds": [{"d": 0.208328247, "p": 65, "v": 82}, {"d": 0.208328247, "p": 60, "v": 84}], "pos": 2.0, "size": 1.0, "_time": 146.3711}, {"$id": 689, "sounds": [{"d": 0.208328247, "p": 38, "v": 79}], "pos": -1.5, "size": 1.30000007, "_time": 146.578125}, {"$id": 690, "sounds": [{"d": 0.208328247, "p": 55, "v": 66}], "pos": 0.5, "size": 1.0, "_time": 146.789063}, {"$id": 691, "sounds": [{"d": 0.425354, "p": 64, "v": 76}, {"d": 0.425354, "p": 60, "v": 82}], "pos": 1.5, "size": 1.0, "_time": 146.9961}, {"$id": 692, "sounds": [{"d": 0.425354, "p": 40, "v": 83}], "pos": -2.0, "size": 1.30000007, "_time": 146.9961}, {"$id": 693, "sounds": [{"d": 0.208328247, "p": 55, "v": 67}], "pos": -0.5, "size": 1.30000007, "_time": 147.421875}, {"$id": 694, "sounds": [{"d": 0.190979, "p": 60, "v": 78}], "pos": 0.5, "size": 1.0, "_time": 147.6289}, {"$id": 695, "sounds": [{"d": 0.2170105, "p": 52, "v": 70}], "pos": -1.0, "size": 1.30000007, "_time": 147.820313}, {"$id": 696, "sounds": [{"d": 0.208328247, "p": 64, "v": 85}], "pos": 1.5, "size": 1.0, "_time": 148.039063}, {"$id": 697, "sounds": [{"d": 0.4079895, "p": 40, "v": 77}], "pos": -2.0, "size": 1.30000007, "_time": 148.2461}, {"$id": 698, "sounds": [{"d": 3.60243225, "p": 57, "v": 83}, {"d": 3.60243225, "p": 60, "v": 78}, {"d": 3.60243225, "p": 64, "v": 80}], "pos": 1.5, "size": 1.0, "_time": 148.65625}, {"$id": 699, "sounds": [{"d": 3.60243225, "p": 41, "v": 76}], "pos": -1.5, "size": 1.30000007, "_time": 148.65625}, {"$id": 700, "sounds": [{"d": 0.407974243, "p": 86, "v": 82}], "pos": 1.5, "size": 0.6999999, "_time": 152.257813}, {"$id": 701, "sounds": [{"d": 0.407974243, "p": 60, "v": 46}], "pos": -2.0, "size": 1.0, "_time": 152.257813}, {"$id": 702, "sounds": [{"d": 0.182296753, "p": 67, "v": 56}], "pos": -1.0, "size": 1.0, "_time": 152.664063}, {"$id": 703, "sounds": [{"d": 0.182296753, "p": 79, "v": 73}], "pos": 0.5, "size": 0.6999999, "_time": 152.664063}, {"$id": 704, "sounds": [{"d": 0.208328247, "p": 84, "v": 73}], "pos": 1.0, "size": 0.6999999, "_time": 152.847656}, {"$id": 705, "sounds": [{"d": 0.225692749, "p": 72, "v": 65}], "pos": -0.5, "size": 1.0, "_time": 153.054688}, {"$id": 706, "sounds": [{"d": 0.199646, "p": 91, "v": 89}], "pos": 2.0, "size": 0.6999999, "_time": 153.28125}, {"$id": 707, "sounds": [{"d": 0.182296753, "p": 67, "v": 55}], "pos": -1.0, "size": 1.0, "_time": 153.480469}, {"$id": 708, "sounds": [{"d": 0.199646, "p": 79, "v": 65}], "pos": 0.5, "size": 0.6999999, "_time": 153.664063}, {"$id": 709, "sounds": [{"d": 0.4513855, "p": 86, "v": 86}], "pos": 1.5, "size": 0.6999999, "_time": 153.863281}, {"$id": 710, "sounds": [{"d": 0.4513855, "p": 60, "v": 51}], "pos": -2.0, "size": 1.0, "_time": 153.863281}, {"$id": 711, "sounds": [{"d": 0.190979, "p": 67, "v": 58}], "pos": -1.0, "size": 1.0, "_time": 154.3125}, {"$id": 712, "sounds": [{"d": 0.190979, "p": 79, "v": 70}], "pos": 0.5, "size": 0.6999999, "_time": 154.3125}, {"$id": 713, "sounds": [{"d": 0.199646, "p": 84, "v": 72}], "pos": 1.0, "size": 0.6999999, "_time": 154.5039}, {"$id": 714, "sounds": [{"d": 0.199646, "p": 72, "v": 65}], "pos": -0.5, "size": 1.0, "_time": 154.703125}, {"$id": 715, "sounds": [{"d": 0.199646, "p": 91, "v": 80}], "pos": 2.0, "size": 0.6999999, "_time": 154.90625}, {"$id": 716, "sounds": [{"d": 0.208328247, "p": 67, "v": 56}], "pos": -1.0, "size": 1.0, "_time": 155.105469}, {"$id": 717, "sounds": [{"d": 0.199661255, "p": 79, "v": 62}], "pos": 0.5, "size": 0.6999999, "_time": 155.3125}, {"$id": 718, "sounds": [{"d": 0.390625, "p": 62, "v": 67}], "pos": -1.5, "size": 1.0, "_time": 155.511719}, {"$id": 719, "sounds": [{"d": 0.390625, "p": 86, "v": 87}], "pos": 1.5, "size": 0.6999999, "_time": 155.511719}, {"$id": 720, "sounds": [{"d": 0.234375, "p": 69, "v": 63}], "pos": -0.5, "size": 1.0, "_time": 155.902344}, {"$id": 721, "sounds": [{"d": 0.234375, "p": 79, "v": 73}], "pos": 0.5, "size": 0.6999999, "_time": 155.902344}, {"$id": 722, "sounds": [{"d": 0.199646, "p": 84, "v": 75}], "pos": 1.0, "size": 0.6999999, "_time": 156.136719}, {"$id": 723, "sounds": [{"d": 0.190979, "p": 74, "v": 60}], "size": 1.0, "_time": 156.335938, "pos": 0}, {"$id": 724, "sounds": [{"d": 0.190979, "p": 91, "v": 87}], "pos": 2.0, "size": 0.6999999, "_time": 156.527344}, {"$id": 725, "sounds": [{"d": 0.225692749, "p": 69, "v": 66}], "pos": -0.5, "size": 1.0, "_time": 156.71875}, {"$id": 726, "sounds": [{"d": 0.182296753, "p": 79, "v": 69}], "size": 0.6999999, "_time": 156.945313, "pos": 0}, {"$id": 727, "sounds": [{"d": 0.199646, "p": 62, "v": 63}], "pos": -1.5, "size": 1.0, "_time": 157.125}, {"$id": 728, "sounds": [{"d": 0.199646, "p": 81, "v": 74}], "pos": 1.0, "size": 0.6999999, "_time": 157.125}, {"$id": 729, "sounds": [{"d": 0.208328247, "p": 83, "v": 79}], "size": 0.6999999, "_time": 157.328125, "pos": 0}, {"$id": 730, "sounds": [{"d": 0.199646, "p": 69, "v": 65}], "pos": -0.5, "size": 1.0, "_time": 157.535156}, {"$id": 731, "sounds": [{"d": 0.199646, "p": 84, "v": 92}], "pos": 1.0, "size": 0.6999999, "_time": 157.535156}, {"$id": 732, "sounds": [{"d": 0.2170105, "p": 86, "v": 88}], "pos": 2.0, "size": 0.6999999, "_time": 157.734375}, {"$id": 733, "sounds": [{"d": 0.199646, "p": 74, "v": 66}], "size": 1.0, "_time": 157.953125, "pos": 0}, {"$id": 734, "sounds": [{"d": 0.199646, "p": 88, "v": 90}], "pos": 1.0, "size": 0.6999999, "_time": 157.953125}, {"$id": 735, "sounds": [{"d": 0.2170105, "p": 89, "v": 85}], "pos": 2.0, "size": 0.6999999, "_time": 158.152344}, {"$id": 736, "sounds": [{"d": 0.190979, "p": 69, "v": 72}], "pos": -0.5, "size": 1.0, "_time": 158.367188}, {"$id": 737, "sounds": [{"d": 0.190979, "p": 88, "v": 90}], "pos": 1.0, "size": 0.6999999, "_time": 158.367188}, {"$id": 738, "sounds": [{"d": 0.208328247, "p": 84, "v": 79}], "size": 0.6999999, "_time": 158.5586, "pos": 0}, {"$id": 739, "sounds": [{"d": 0.4079895, "p": 64, "v": 67}], "pos": -2.0, "size": 1.0, "_time": 158.765625}, {"$id": 740, "sounds": [{"d": 0.4079895, "p": 86, "v": 92}], "pos": 1.5, "size": 0.6999999, "_time": 158.765625}, {"$id": 741, "sounds": [{"d": 0.199646, "p": 72, "v": 66}], "pos": -1.0, "size": 1.0, "_time": 159.175781}, {"$id": 742, "sounds": [{"d": 0.199646, "p": 79, "v": 74}], "pos": 0.5, "size": 0.6999999, "_time": 159.175781}, {"$id": 743, "sounds": [{"d": 0.2170105, "p": 84, "v": 79}], "pos": 1.0, "size": 0.6999999, "_time": 159.375}, {"$id": 744, "sounds": [{"d": 0.199646, "p": 76, "v": 59}], "pos": -0.5, "size": 1.0, "_time": 159.59375}, {"$id": 745, "sounds": [{"d": 0.199646, "p": 91, "v": 87}], "pos": 2.0, "size": 0.6999999, "_time": 159.792969}, {"$id": 746, "sounds": [{"d": 0.182296753, "p": 72, "v": 67}], "pos": -1.0, "size": 1.0, "_time": 159.992188}, {"$id": 747, "sounds": [{"d": 0.225692749, "p": 79, "v": 60}], "pos": 0.5, "size": 0.6999999, "_time": 160.171875}, {"$id": 748, "sounds": [{"d": 0.399307251, "p": 64, "v": 60}], "pos": -2.0, "size": 1.0, "_time": 160.398438}, {"$id": 749, "sounds": [{"d": 0.399307251, "p": 86, "v": 84}], "pos": 1.5, "size": 0.6999999, "_time": 160.398438}, {"$id": 750, "sounds": [{"d": 0.199646, "p": 79, "v": 72}], "pos": 0.5, "size": 0.6999999, "_time": 160.796875}, {"$id": 751, "sounds": [{"d": 0.199646, "p": 72, "v": 61}], "pos": -1.0, "size": 1.0, "_time": 160.796875}, {"$id": 752, "sounds": [{"d": 0.2170105, "p": 84, "v": 76}], "pos": 1.0, "size": 0.6999999, "_time": 161.0}, {"$id": 753, "sounds": [{"d": 0.199646, "p": 76, "v": 62}], "pos": -0.5, "size": 1.0, "_time": 161.214844}, {"$id": 754, "sounds": [{"d": 0.190979, "p": 91, "v": 89}], "pos": 2.0, "size": 0.6999999, "_time": 161.414063}, {"$id": 755, "sounds": [{"d": 0.208328247, "p": 72, "v": 69}], "pos": -1.0, "size": 1.0, "_time": 161.605469}, {"$id": 756, "sounds": [{"d": 0.164932251, "p": 79, "v": 60}], "pos": 0.5, "size": 0.6999999, "_time": 161.8125}, {"$id": 757, "sounds": [{"d": 0.442703247, "p": 86, "v": 87}], "pos": 1.5, "size": 0.6999999, "_time": 161.980469}, {"$id": 758, "sounds": [{"d": 0.442703247, "p": 65, "v": 69}], "pos": -1.5, "size": 1.0, "_time": 161.980469}, {"$id": 759, "sounds": [{"d": 0.2170105, "p": 79, "v": 76}], "pos": 0.5, "size": 0.6999999, "_time": 162.421875}, {"$id": 760, "sounds": [{"d": 0.2170105, "p": 72, "v": 64}], "pos": -0.5, "size": 1.0, "_time": 162.421875}, {"$id": 761, "sounds": [{"d": 0.182296753, "p": 84, "v": 80}], "pos": 1.0, "size": 0.6999999, "_time": 162.640625}, {"$id": 762, "sounds": [{"d": 0.199646, "p": 77, "v": 59}], "size": 1.0, "_time": 162.820313, "pos": 0}, {"$id": 763, "sounds": [{"d": 0.199646, "p": 91, "v": 90}], "pos": 2.0, "size": 0.6999999, "_time": 163.019531}, {"$id": 764, "sounds": [{"d": 0.199646, "p": 72, "v": 71}], "pos": -0.5, "size": 1.0, "_time": 163.21875}, {"$id": 765, "sounds": [{"d": 0.208328247, "p": 84, "v": 67}], "pos": 0.5, "size": 0.6999999, "_time": 163.421875}, {"$id": 766, "sounds": [{"d": 0.225708008, "p": 65, "v": 61}], "pos": -2.0, "size": 1.0, "_time": 163.6289}, {"$id": 767, "sounds": [{"d": 0.225708008, "p": 91, "v": 73}, {"d": 0.225708008, "p": 96, "v": 78}], "pos": 2.0, "size": 0.6999999, "_time": 163.6289}, {"$id": 768, "sounds": [{"d": 0.190979, "p": 84, "v": 66}], "pos": 0.5, "size": 0.6999999, "_time": 163.855469}, {"$id": 769, "sounds": [{"d": 0.2170105, "p": 91, "v": 77}, {"d": 0.2170105, "p": 95, "v": 88}], "pos": 1.5, "size": 0.6999999, "_time": 164.046875}, {"$id": 770, "sounds": [{"d": 0.2170105, "p": 72, "v": 64}], "pos": -1.5, "size": 1.0, "_time": 164.046875}, {"$id": 771, "sounds": [{"d": 0.190979, "p": 84, "v": 69}], "pos": -0.5, "size": 0.6999999, "_time": 164.261719}, {"$id": 772, "sounds": [{"d": 0.182296753, "p": 77, "v": 61}], "pos": -1.0, "size": 1.0, "_time": 164.453125}, {"$id": 773, "sounds": [{"d": 0.182296753, "p": 93, "v": 90}, {"d": 0.182296753, "p": 89, "v": 85}], "pos": 1.0, "size": 0.6999999, "_time": 164.453125}, {"$id": 774, "sounds": [{"d": 0.199646, "p": 84, "v": 69}], "pos": -0.5, "size": 0.6999999, "_time": 164.636719}, {"$id": 775, "sounds": [{"d": 0.46875, "p": 91, "v": 88}, {"d": 0.46875, "p": 88, "v": 90}], "pos": 0.5, "size": 0.6999999, "_time": 164.835938}, {"$id": 776, "sounds": [{"d": 0.364578247, "p": 74, "v": 90}], "pos": 1.5, "size": 1.0, "_time": 165.304688}, {"$id": 777, "sounds": [{"d": 0.364578247, "p": 48, "v": 70}], "pos": -2.0, "size": 1.30000007, "_time": 165.304688}, {"$id": 778, "sounds": [{"d": 0.2170105, "p": 67, "v": 73}], "pos": 0.5, "size": 1.0, "_time": 165.667969}, {"$id": 779, "sounds": [{"d": 0.2170105, "p": 55, "v": 56}], "pos": -1.0, "size": 1.30000007, "_time": 165.667969}, {"$id": 780, "sounds": [{"d": 0.199646, "p": 72, "v": 84}], "pos": 1.0, "size": 1.0, "_time": 165.886719}, {"$id": 781, "sounds": [{"d": 0.234375, "p": 60, "v": 60}], "pos": -0.5, "size": 1.30000007, "_time": 166.085938}, {"$id": 782, "sounds": [{"d": 0.208328247, "p": 79, "v": 82}], "pos": 2.0, "size": 1.0, "_time": 166.320313}, {"$id": 783, "sounds": [{"d": 0.208328247, "p": 55, "v": 57}], "pos": -1.0, "size": 1.30000007, "_time": 166.527344}, {"$id": 784, "sounds": [{"d": 0.199646, "p": 67, "v": 66}], "pos": 0.5, "size": 1.0, "_time": 166.734375}, {"$id": 785, "sounds": [{"d": 0.416671753, "p": 48, "v": 66}], "pos": -2.0, "size": 1.30000007, "_time": 166.9375}, {"$id": 786, "sounds": [{"d": 0.416671753, "p": 74, "v": 79}], "pos": 1.5, "size": 1.0, "_time": 166.9375}, {"$id": 787, "sounds": [{"d": 0.190979, "p": 67, "v": 72}], "pos": 0.5, "size": 1.0, "_time": 167.351563}, {"$id": 788, "sounds": [{"d": 0.190979, "p": 55, "v": 58}], "pos": -1.0, "size": 1.30000007, "_time": 167.351563}, {"$id": 789, "sounds": [{"d": 0.234375, "p": 72, "v": 77}], "pos": 1.0, "size": 1.0, "_time": 167.542969}, {"$id": 790, "sounds": [{"d": 0.199646, "p": 60, "v": 60}], "pos": -0.5, "size": 1.30000007, "_time": 167.777344}, {"$id": 791, "sounds": [{"d": 0.190979, "p": 79, "v": 87}], "pos": 2.0, "size": 1.0, "_time": 167.976563}, {"$id": 792, "sounds": [{"d": 0.208328247, "p": 55, "v": 63}], "pos": -1.0, "size": 1.30000007, "_time": 168.167969}, {"$id": 793, "sounds": [{"d": 0.208328247, "p": 67, "v": 64}], "pos": 0.5, "size": 1.0, "_time": 168.375}, {"$id": 794, "sounds": [{"d": 0.408004761, "p": 50, "v": 72}], "pos": -1.5, "size": 1.30000007, "_time": 168.585938}, {"$id": 795, "sounds": [{"d": 0.408004761, "p": 74, "v": 83}], "pos": 1.5, "size": 1.0, "_time": 168.585938}, {"$id": 796, "sounds": [{"d": 0.208328247, "p": 57, "v": 63}], "pos": -0.5, "size": 1.30000007, "_time": 168.992188}, {"$id": 797, "sounds": [{"d": 0.208328247, "p": 67, "v": 72}], "pos": 0.5, "size": 1.0, "_time": 168.992188}, {"$id": 798, "sounds": [{"d": 0.208328247, "p": 72, "v": 76}], "pos": 1.0, "size": 1.0, "_time": 169.203125}, {"$id": 799, "sounds": [{"d": 0.208328247, "p": 62, "v": 68}], "size": 1.30000007, "_time": 169.410156, "pos": 0}, {"$id": 800, "sounds": [{"d": 0.190979, "p": 79, "v": 85}], "pos": 2.0, "size": 1.0, "_time": 169.617188}, {"$id": 801, "sounds": [{"d": 0.208328247, "p": 57, "v": 66}], "pos": -0.5, "size": 1.30000007, "_time": 169.8086}, {"$id": 802, "sounds": [{"d": 0.234375, "p": 67, "v": 62}], "size": 1.0, "_time": 170.015625, "pos": 0}, {"$id": 803, "sounds": [{"d": 0.190979, "p": 50, "v": 60}], "pos": -1.5, "size": 1.30000007, "_time": 170.25}, {"$id": 804, "sounds": [{"d": 0.190979, "p": 69, "v": 76}], "pos": 1.0, "size": 1.0, "_time": 170.25}, {"$id": 805, "sounds": [{"d": 0.199646, "p": 71, "v": 82}], "size": 1.0, "_time": 170.4414, "pos": 0}, {"$id": 806, "sounds": [{"d": 0.208328247, "p": 57, "v": 62}], "pos": -0.5, "size": 1.30000007, "_time": 170.640625}, {"$id": 807, "sounds": [{"d": 0.208328247, "p": 72, "v": 87}], "pos": 1.0, "size": 1.0, "_time": 170.640625}, {"$id": 808, "sounds": [{"d": 0.2170105, "p": 74, "v": 84}], "pos": 2.0, "size": 1.0, "_time": 170.851563}, {"$id": 809, "sounds": [{"d": 0.2170105, "p": 62, "v": 66}], "size": 1.30000007, "_time": 171.0664, "pos": 0}, {"$id": 810, "sounds": [{"d": 0.2170105, "p": 76, "v": 91}], "pos": 1.0, "size": 1.0, "_time": 171.0664}, {"$id": 811, "sounds": [{"d": 0.190979, "p": 77, "v": 82}], "pos": 2.0, "size": 1.0, "_time": 171.285156}, {"$id": 812, "sounds": [{"d": 0.2170105, "p": 57, "v": 74}], "pos": -0.5, "size": 1.30000007, "_time": 171.476563}, {"$id": 813, "sounds": [{"d": 0.2170105, "p": 76, "v": 81}], "pos": 1.0, "size": 1.0, "_time": 171.476563}, {"$id": 814, "sounds": [{"d": 0.199646, "p": 72, "v": 69}], "size": 1.0, "_time": 171.6914, "pos": 0}, {"$id": 815, "sounds": [{"d": 0.4079895, "p": 74, "v": 87}], "pos": 1.5, "size": 1.0, "_time": 171.890625}, {"$id": 816, "sounds": [{"d": 0.4079895, "p": 52, "v": 64}], "pos": -2.0, "size": 1.30000007, "_time": 171.890625}, {"$id": 817, "sounds": [{"d": 0.208328247, "p": 67, "v": 70}], "pos": 0.5, "size": 1.0, "_time": 172.300781}, {"$id": 818, "sounds": [{"d": 0.208328247, "p": 60, "v": 58}], "pos": -1.0, "size": 1.30000007, "_time": 172.300781}, {"$id": 819, "sounds": [{"d": 0.208328247, "p": 72, "v": 84}], "pos": 1.0, "size": 1.0, "_time": 172.507813}, {"$id": 820, "sounds": [{"d": 0.208328247, "p": 64, "v": 53}], "pos": -0.5, "size": 1.30000007, "_time": 172.71875}, {"$id": 821, "sounds": [{"d": 0.199646, "p": 79, "v": 86}], "pos": 2.0, "size": 1.0, "_time": 172.925781}, {"$id": 822, "sounds": [{"d": 0.190979, "p": 60, "v": 56}], "pos": -1.0, "size": 1.30000007, "_time": 173.125}, {"$id": 823, "sounds": [{"d": 0.208328247, "p": 67, "v": 55}], "pos": 0.5, "size": 1.0, "_time": 173.3164}, {"$id": 824, "sounds": [{"d": 0.416671753, "p": 52, "v": 63}], "pos": -2.0, "size": 1.30000007, "_time": 173.523438}, {"$id": 825, "sounds": [{"d": 0.416671753, "p": 74, "v": 75}], "pos": 1.5, "size": 1.0, "_time": 173.523438}, {"$id": 826, "sounds": [{"d": 0.2170105, "p": 67, "v": 69}], "pos": 0.5, "size": 1.0, "_time": 173.9414}, {"$id": 827, "sounds": [{"d": 0.2170105, "p": 60, "v": 56}], "pos": -1.0, "size": 1.30000007, "_time": 173.9414}, {"$id": 828, "sounds": [{"d": 0.208328247, "p": 72, "v": 72}], "pos": 1.0, "size": 1.0, "_time": 174.15625}, {"$id": 829, "sounds": [{"d": 0.234375, "p": 64, "v": 53}], "pos": -0.5, "size": 1.30000007, "_time": 174.367188}, {"$id": 830, "sounds": [{"d": 0.234375, "p": 79, "v": 84}], "pos": 2.0, "size": 1.0, "_time": 174.601563}, {"$id": 831, "sounds": [{"d": 0.234375, "p": 60, "v": 55}], "pos": -1.0, "size": 1.30000007, "_time": 174.835938}, {"$id": 832, "sounds": [{"d": 0.234375, "p": 67, "v": 59}], "pos": 0.5, "size": 1.0, "_time": 175.070313}, {"$id": 833, "sounds": [{"d": 0.512161255, "p": 74, "v": 77}], "pos": 1.5, "size": 1.0, "_time": 175.304688}, {"$id": 834, "sounds": [{"d": 0.512161255, "p": 56, "v": 66}], "pos": -1.5, "size": 1.30000007, "_time": 175.304688}, {"$id": 835, "sounds": [{"d": 0.269104, "p": 67, "v": 70}], "pos": 0.5, "size": 1.0, "_time": 175.8164}, {"$id": 836, "sounds": [{"d": 0.269104, "p": 63, "v": 54}], "pos": -0.5, "size": 1.30000007, "_time": 175.8164}, {"$id": 837, "sounds": [{"d": 0.260421753, "p": 72, "v": 76}], "pos": 1.0, "size": 1.0, "_time": 176.085938}, {"$id": 838, "sounds": [{"d": 0.2951355, "p": 68, "v": 60}], "size": 1.30000007, "_time": 176.34375, "pos": 0}, {"$id": 839, "sounds": [{"d": 0.460067749, "p": 79, "v": 79}], "pos": 2.0, "size": 1.0, "_time": 176.640625}, {"$id": 840, "sounds": [{"d": 0.4947815, "p": 72, "v": 85}], "pos": 1.0, "size": 1.0, "_time": 177.101563, "shift": -0.0390625}, {"$id": 841, "sounds": [{"d": 0.4947815, "p": 63, "v": 56}], "pos": -0.5, "size": 1.30000007, "_time": 177.101563, "shift": -0.0390625}, {"$id": 842, "sounds": [{"d": 0.078125, "p": 56, "v": 63}], "pos": -2.0, "size": 1.0, "_time": 177.59375, "shift": -0.0390625}, {"$id": 843, "sounds": [{"d": 0.078125, "p": 63, "v": 61}], "pos": -1.0, "size": 1.0, "_time": 177.671875, "shift": -0.0390625}, {"$id": 844, "sounds": [{"d": 0.06944275, "p": 67, "v": 56}], "pos": -0.5, "size": 1.0, "_time": 177.75, "shift": -0.0390625}, {"$id": 845, "sounds": [{"d": 0.0520782471, "p": 68, "v": 73}], "size": 1.0, "_time": 177.769531, "shift": -0.0390625, "pos": 0}, {"$id": 846, "sounds": [{"d": 0.078125, "p": 72, "v": 77}], "pos": 0.5, "size": 1.0, "_time": 177.820313, "shift": -0.0390625}, {"$id": 847, "sounds": [{"d": 0.060760498, "p": 74, "v": 72}], "pos": 1.5, "size": 1.0, "_time": 177.898438, "shift": -0.0390625}, {"$id": 848, "sounds": [{"d": 0.1736145, "p": 79, "v": 82}], "pos": 2.0, "size": 1.0, "_time": 177.960938, "shift": -0.0390625}], "links": [{"notes": [{"$ref": 68}, {"$ref": 70}, {"$ref": 71}, {"$ref": 72}]}, {"notes": [{"$ref": 345}, {"$ref": 346}, {"$ref": 347}, {"$ref": 348}]}, {"notes": [{"$ref": 408}, {"$ref": 409}, {"$ref": 411}]}, {"notes": [{"$ref": 471}, {"$ref": 472}, {"$ref": 473}]}, {"notes": [{"$ref": 517}, {"$ref": 518}]}, {"notes": [{"$ref": 515}, {"$ref": 516}]}, {"notes": [{"$ref": 519}, {"$ref": 520}, {"$ref": 521}]}, {"notes": [{"$ref": 573}, {"$ref": 575}, {"$ref": 576}]}, {"notes": [{"$ref": 637}, {"$ref": 638}, {"$ref": 640}]}, {"notes": [{"$ref": 842}, {"$ref": 843}, {"$ref": 844}]}, {"notes": [{"$ref": 845}, {"$ref": 846}, {"$ref": 847}, {"$ref": 848}]}, {"notes": [{"$ref": 804}, {"$ref": 805}, {"$ref": 807}, {"$ref": 808}, {"$ref": 810}, {"$ref": 811}, {"$ref": 813}, {"$ref": 814}]}, {"notes": [{"$ref": 728}, {"$ref": 729}, {"$ref": 731}, {"$ref": 732}, {"$ref": 734}, {"$ref": 735}, {"$ref": 737}, {"$ref": 738}]}, {"notes": [{"$ref": 27}, {"$ref": 29}, {"$ref": 30}, {"$ref": 32}, {"$ref": 33}, {"$ref": 35}, {"$ref": 36}, {"$ref": 38}, {"$ref": 39}]}]}