{"speed":9.96,"notes":[{"$id":"1","sounds":[{"d":0.00771594048,"p":62,"v":1}],"pos":6.75,"size":1.0,"_time":2.96484375},{"$id":"2","sounds":[{"d":0.0540123,"p":71,"v":100}],"size":1.0,"_time":7.609375},{"$id":"3","sounds":[{"d":0.1620369,"p":72,"v":82}],"pos":1.86130333,"size":1.0,"_time":7.6328125},{"$id":"4","sounds":[{"d":0.177469254,"p":71,"v":60}],"pos":1.27739239,"size":1.0,"_time":7.80078125},{"$id":"5","sounds":[{"d":0.200616837,"p":67,"v":66}],"pos":-0.222607672,"size":1.0,"_time":7.95703125},{"$id":"6","sounds":[{"d":0.154320717,"p":62,"v":57}],"pos":-1.13592124,"size":1.0,"_time":8.1640625},{"$id":"7","sounds":[{"d":1.82098866,"p":55,"v":73}],"pos":-1.58113647,"size":1.0,"_time":8.535156},{"$id":"8","sounds":[{"d":0.7716055,"p":48,"v":67},{"d":1.39660549,"p":57,"v":70},{"w":0.00390625,"d":2.500001,"p":41,"v":73}],"pos":-1.0,"size":1.4000001,"_time":8.90625},{"$id":"9","sounds":[{"d":1.83642,"p":53,"v":69},{"d":1.40432167,"p":64,"v":75},{"w":0.0078125,"d":1.32716084,"p":60,"v":66}],"pos":0.5,"size":1.4000001,"_time":8.917969},{"$id":"10","sounds":[{"d":0.8101864,"p":48,"v":41}],"pos":-1.40776777,"size":1.0,"_time":10.5703125},{"$id":"11","sounds":[{"d":0.370370865,"p":60,"v":70}],"pos":0.5,"size":1.0,"_time":10.7734375},{"$id":"12","sounds":[{"d":0.2546301,"p":53,"v":65}],"pos":-0.5,"size":1.0,"_time":11.125},{"$id":"13","sounds":[{"d":0.277777672,"p":62,"v":111}],"pos":1.75693452,"size":1.0,"_time":11.34375},{"$id":"14","sounds":[{"d":0.154321671,"p":61,"v":57}],"pos":1.57645643,"size":1.0,"_time":11.6132813},{"$id":"15","sounds":[{"d":0.115740776,"p":60,"v":67}],"pos":0.841192663,"size":0.9,"_time":11.7421875},{"$id":"16","sounds":[{"d":2.11419582,"p":36,"v":67}],"pos":-1.5,"size":1.1,"_time":11.84375},{"$id":"17","sounds":[{"d":0.4243822,"p":59,"v":76}],"pos":0.494278371,"size":0.799999952,"_time":11.859375},{"$id":"18","sounds":[{"d":0.6790123,"p":43,"v":61}],"pos":-1.5,"size":1.0,"_time":12.3984375},{"$id":"19","sounds":[{"d":0.841048241,"p":48,"v":53}],"pos":-0.5,"size":0.9,"_time":12.7851563},{"$id":"20","sounds":[{"d":0.354937553,"p":55,"v":71}],"pos":1.0,"size":0.9,"_time":12.9765625},{"$id":"21","sounds":[{"d":0.192900658,"p":50,"v":57}],"size":0.9,"_time":13.171875},{"$id":"22","sounds":[{"d":0.3009262,"p":43,"v":59}],"pos":-1.75537443,"size":0.9,"_time":13.71875},{"$id":"23","sounds":[{"d":0.177469254,"p":48,"v":58}],"pos":-0.443827569,"size":0.9,"_time":13.9101563},{"$id":"24","sounds":[{"d":0.216050148,"p":55,"v":100}],"pos":0.5,"size":0.9,"_time":14.0976563},{"$id":"25","sounds":[{"d":0.169753075,"p":57,"v":81}],"pos":0.743586063,"size":1.0,"_time":14.2890625},{"$id":"26","sounds":[{"d":2.24537182,"p":41,"v":60}],"pos":-1.63869667,"size":0.799999952,"_time":14.6210938},{"$id":"27","sounds":[{"d":0.7638893,"p":55,"v":63}],"pos":-0.0270471871,"size":0.799999952,"_time":14.6679688},{"$id":"28","sounds":[{"d":0.432099342,"p":48,"v":56}],"pos":-1.055479,"size":0.799999952,"_time":14.7148438},{"$id":"29","sounds":[{"d":0.694444656,"p":57,"v":69}],"pos":0.194868132,"size":0.799999952,"_time":14.7382813},{"$id":"30","sounds":[{"d":0.6944456,"p":53,"v":67}],"pos":-0.5832176,"size":0.799999952,"_time":14.8398438},{"$id":"31","sounds":[{"d":0.6018524,"p":60,"v":60}],"pos":0.9438285,"size":0.799999952,"_time":14.84375},{"$id":"32","sounds":[{"d":0.547839165,"p":64,"v":70}],"pos":1.72121954,"size":0.799999952,"_time":14.8671875},{"$id":"33","sounds":[{"d":1.250001,"p":48,"v":55}],"pos":-1.60194206,"size":1.0,"_time":15.5546875},{"$id":"34","sounds":[{"d":0.640432358,"p":53,"v":57}],"pos":-1.08789921,"size":0.9,"_time":16.1328125},{"$id":"35","sounds":[{"d":0.26234436,"p":62,"v":111}],"pos":-1.0,"size":1.2,"_time":16.6992188},{"$id":"36","sounds":[{"d":0.347221375,"p":67,"v":65}],"pos":0.5,"size":0.9,"_time":16.90625},{"$id":"37","sounds":[{"d":0.401233673,"p":69,"v":71}],"pos":0.9121008,"size":0.9,"_time":17.2695313},{"$id":"38","sounds":[{"d":3.05555534,"p":36,"v":66}],"pos":-2.0,"size":1.0,"_time":17.609375},{"$id":"39","sounds":[{"d":0.7793217,"p":62,"v":56}],"pos":0.3977129,"size":0.9,"_time":17.6171875},{"$id":"40","sounds":[{"d":0.370370865,"p":43,"v":58}],"pos":-0.9231968,"size":0.9,"_time":17.6914063},{"$id":"41","sounds":[{"d":0.717594147,"p":67,"v":70}],"pos":1.35558224,"size":0.9,"_time":17.6914063},{"$id":"42","sounds":[{"d":0.6558666,"p":71,"v":66}],"pos":1.93880093,"size":1.0,"_time":17.7851563},{"$id":"43","sounds":[{"d":0.717596054,"p":48,"v":49}],"pos":-0.5,"size":1.0,"_time":17.7929688},{"$id":"44","sounds":[{"d":2.15277672,"p":43,"v":53}],"pos":-1.36702538,"size":1.0,"_time":18.5117188},{"$id":"45","sounds":[{"d":1.581789,"p":48,"v":57}],"pos":0.0624121428,"size":1.0,"_time":19.0820313},{"$id":"46","sounds":[{"d":0.10802269,"p":71,"v":98}],"pos":-0.156727433,"size":0.799999952,"_time":19.4765625},{"$id":"47","sounds":[{"d":0.2160492,"p":72,"v":97}],"pos":1.56588113,"size":0.9,"_time":19.484375},{"$id":"48","sounds":[{"d":0.200618744,"p":71,"v":56}],"pos":1.27305734,"size":0.799999952,"_time":19.6679688},{"$id":"49","sounds":[{"d":0.185184479,"p":67,"v":64}],"pos":0.416782349,"size":0.799999952,"_time":19.8515625},{"$id":"50","sounds":[{"d":0.1620369,"p":62,"v":48}],"pos":-0.9060341,"size":1.0,"_time":20.03125},{"$id":"51","sounds":[{"d":1.56635666,"p":55,"v":67}],"pos":-1.42042208,"size":1.0,"_time":20.3945313},{"$id":"52","sounds":[{"d":0.4398136,"p":48,"v":49},{"w":0.015625,"d":2.51543045,"p":41,"v":55},{"w":0.0234375,"d":0.725307465,"p":53,"v":64}],"pos":-0.7496539,"size":1.30000007,"_time":20.7421875},{"$id":"53","sounds":[{"d":1.21913338,"p":57,"v":66},{"w":0.0078125,"d":1.20370293,"p":60,"v":64},{"w":0.015625,"d":1.06481552,"p":64,"v":68}],"pos":0.7780868,"size":1.30000007,"_time":20.7578125},{"$id":"54","sounds":[{"d":1.751543,"p":48,"v":60}],"pos":-1.44521523,"size":0.9,"_time":21.4726563},{"$id":"55","sounds":[{"d":0.532407761,"p":53,"v":55}],"pos":-0.7510406,"size":0.9,"_time":22.0507813},{"$id":"56","sounds":[{"d":0.385803223,"p":60,"v":74}],"pos":-0.167128533,"size":0.9,"_time":22.609375},{"$id":"57","sounds":[{"d":0.208333969,"p":53,"v":71}],"pos":-1.02843189,"size":0.9,"_time":23.015625},{"$id":"58","sounds":[{"d":0.293210983,"p":62,"v":109}],"pos":0.5547847,"size":0.9,"_time":23.2109375},{"$id":"59","sounds":[{"d":0.146606445,"p":61,"v":42}],"pos":1.77063036,"size":1.0,"_time":23.4882813},{"$id":"60","sounds":[{"d":0.138889313,"p":60,"v":59}],"pos":1.035367,"size":0.9,"_time":23.6015625},{"$id":"61","sounds":[{"d":2.13734245,"p":36,"v":54}],"pos":-1.63939,"size":1.1,"_time":23.6875},{"$id":"62","sounds":[{"d":0.455245972,"p":59,"v":70}],"pos":0.5,"size":0.9,"_time":23.7265625},{"$id":"63","sounds":[{"d":0.6867275,"p":43,"v":62}],"pos":-1.20059061,"size":1.0,"_time":24.265625},{"$id":"64","sounds":[{"d":0.9027767,"p":48,"v":49}],"pos":-0.7142852,"size":1.0,"_time":24.6445313},{"$id":"65","sounds":[{"d":0.331789017,"p":55,"v":74}],"pos":0.798717,"size":1.0,"_time":24.8320313},{"$id":"66","sounds":[{"d":0.2160492,"p":50,"v":53}],"pos":-0.07593784,"size":1.0,"_time":25.015625},{"$id":"67","sounds":[{"d":0.316356659,"p":43,"v":53}],"pos":-1.50572157,"size":0.9,"_time":25.578125},{"$id":"68","sounds":[{"d":0.208332062,"p":48,"v":60}],"pos":-0.742024839,"size":0.9,"_time":25.765625},{"$id":"69","sounds":[{"d":0.254629135,"p":55,"v":87}],"pos":0.639389038,"size":0.9,"_time":25.9492188},{"$id":"70","sounds":[{"d":0.2160492,"p":57,"v":73}],"pos":1.24289179,"size":0.9,"_time":26.1328125},{"$id":"71","sounds":[{"d":2.23765373,"p":41,"v":61}],"pos":-1.78346157,"size":0.799999952,"_time":26.4570313},{"$id":"72","sounds":[{"d":0.709877,"p":55,"v":61}],"pos":0.354888976,"size":0.799999952,"_time":26.5117188},{"$id":"73","sounds":[{"d":0.470678329,"p":48,"v":60}],"pos":-0.76976496,"size":0.799999952,"_time":26.5585938},{"$id":"74","sounds":[{"d":0.609567642,"p":57,"v":75}],"pos":0.632627964,"size":0.799999952,"_time":26.5898438},{"$id":"75","sounds":[{"d":0.802469254,"p":53,"v":69}],"pos":-0.366679221,"size":0.799999952,"_time":26.6601563},{"$id":"76","sounds":[{"d":0.5709877,"p":60,"v":65}],"pos":1.22954118,"size":0.799999952,"_time":26.6601563},{"$id":"77","sounds":[{"d":0.6327152,"p":64,"v":82}],"pos":1.86823809,"size":0.9,"_time":26.6914063},{"$id":"78","sounds":[{"d":1.20370293,"p":48,"v":51}],"pos":-1.61165142,"size":1.0,"_time":27.421875},{"$id":"79","sounds":[{"d":0.5709877,"p":53,"v":37}],"pos":-1.0,"size":1.1,"_time":28.015625},{"$id":"80","sounds":[{"d":0.331789017,"p":62,"v":98}],"size":1.2,"_time":28.5507813},{"$id":"81","sounds":[{"d":0.3549385,"p":67,"v":43}],"pos":0.9993067,"size":0.799999952,"_time":28.75},{"$id":"82","sounds":[{"d":0.3549385,"p":69,"v":64}],"pos":1.30513191,"size":1.0,"_time":29.1054688},{"$id":"83","sounds":[{"d":1.89042854,"p":36,"v":50}],"pos":-2.0,"size":0.799999952,"_time":29.4375},{"$id":"84","sounds":[{"d":0.3549347,"p":43,"v":45}],"pos":-1.31154633,"size":0.799999952,"_time":29.484375},{"$id":"85","sounds":[{"d":0.509256363,"p":62,"v":51}],"pos":0.508669,"size":0.799999952,"_time":29.484375},{"$id":"86","sounds":[{"d":0.447528839,"p":67,"v":57}],"pos":1.46653938,"size":0.799999952,"_time":29.5585938},{"$id":"87","sounds":[{"d":0.7098751,"p":48,"v":40}],"pos":-0.5755892,"size":1.0,"_time":29.6210938},{"$id":"88","sounds":[{"d":0.401233673,"p":71,"v":73}],"pos":1.994279,"size":1.0,"_time":29.6445313},{"$id":"89","sounds":[{"d":1.00308609,"p":43,"v":50}],"pos":-1.69486809,"size":1.0,"_time":30.3554688},{"$id":"90","sounds":[{"d":0.4089489,"p":48,"v":64}],"pos":-0.332871437,"size":1.0,"_time":30.9726563},{"$id":"91","sounds":[{"d":0.06944275,"p":71,"v":124}],"pos":-0.77964735,"size":1.0,"_time":31.3125},{"$id":"92","sounds":[{"d":0.177467346,"p":72,"v":112}],"pos":1.03744721,"size":1.0,"_time":31.3359375},{"$id":"93","sounds":[{"d":0.169754028,"p":71,"v":64}],"pos":0.579575956,"size":1.0,"_time":31.5117188},{"$id":"94","sounds":[{"d":0.192901611,"p":67,"v":56}],"pos":-0.9745154,"size":0.799999952,"_time":31.6992188},{"$id":"95","sounds":[{"d":0.123455048,"p":62,"v":58}],"pos":-1.57177591,"size":0.799999952,"_time":31.890625},{"$id":"96","sounds":[{"d":0.0540123,"p":79,"v":122}],"pos":1.5,"size":1.0,"_time":32.2539063},{"$id":"97","sounds":[{"d":1.21142578,"p":76,"v":101},{"w":0.0078125,"d":1.18827438,"p":69,"v":109},{"w":0.0078125,"d":1.19599152,"p":72,"v":108},{"w":0.0078125,"d":1.1651268,"p":67,"v":114}],"pos":0.8051319,"size":1.4000001,"_time":32.578125},{"$id":"98","sounds":[{"d":0.447532654,"p":52,"v":96},{"w":0.0078125,"d":0.748458862,"p":57,"v":95},{"w":0.015625,"d":2.45370483,"p":45,"v":96}],"pos":-0.935506463,"size":1.30000007,"_time":32.578125},{"$id":"99","sounds":[{"d":1.73611069,"p":52,"v":62}],"pos":-1.51803112,"size":1.0,"_time":33.3398438},{"$id":"100","sounds":[{"d":0.5092583,"p":57,"v":85}],"pos":0.0223635435,"size":1.0,"_time":33.9101563},{"$id":"101","sounds":[{"d":0.455245972,"p":72,"v":126}],"pos":0.760056138,"size":1.2,"_time":34.4765625},{"$id":"102","sounds":[{"d":0.223766327,"p":57,"v":83}],"pos":-1.475554,"size":1.0,"_time":34.83203},{"$id":"103","sounds":[{"d":0.231483459,"p":74,"v":127}],"pos":1.48162222,"size":1.2,"_time":35.078125},{"$id":"104","sounds":[{"d":0.192901611,"p":73,"v":74}],"pos":1.49531972,"size":1.1,"_time":35.3164063},{"$id":"105","sounds":[{"d":0.123455048,"p":72,"v":100}],"pos":0.704578,"size":1.1,"_time":35.45703},{"$id":"106","sounds":[{"d":2.52314758,"p":43,"v":98}],"pos":-1.5,"size":1.0,"_time":35.515625},{"$id":"107","sounds":[{"d":0.308639526,"p":71,"v":127}],"pos":0.4408803,"size":1.2,"_time":35.5625},{"$id":"108","sounds":[{"d":0.7330246,"p":50,"v":78}],"pos":-1.46289825,"size":1.0,"_time":36.09375},{"$id":"109","sounds":[{"d":0.8950615,"p":55,"v":106}],"pos":-0.5050279,"size":1.0,"_time":36.48828},{"$id":"110","sounds":[{"d":0.586418152,"p":67,"v":127}],"pos":1.57749629,"size":1.2,"_time":36.70703},{"$id":"111","sounds":[{"d":0.331790924,"p":62,"v":73}],"pos":-0.0461158752,"size":1.2,"_time":36.8828125},{"$id":"112","sounds":[{"d":0.625,"p":50,"v":67}],"pos":-1.657073,"size":1.0,"_time":37.40625},{"$id":"113","sounds":[{"d":0.385803223,"p":55,"v":104}],"pos":-1.032073,"size":1.0,"_time":37.6171875},{"$id":"114","sounds":[{"d":0.239200592,"p":67,"v":127}],"pos":0.745319366,"size":1.1,"_time":37.80078},{"$id":"115","sounds":[{"d":0.123458862,"p":69,"v":103}],"pos":1.49462593,"size":1.1,"_time":38.0},{"$id":"116","sounds":[{"d":0.0540123,"p":67,"v":55}],"pos":1.05045116,"size":1.1,"_time":38.1875},{"$id":"117","sounds":[{"d":2.662037,"p":41,"v":82}],"pos":-1.36130333,"size":0.9,"_time":38.30078},{"$id":"118","sounds":[{"d":0.92593,"p":67,"v":85}],"pos":0.218272686,"size":0.9,"_time":38.3789063},{"$id":"119","sounds":[{"d":0.802475,"p":69,"v":103}],"pos":0.8566222,"size":0.9,"_time":38.4414063},{"$id":"120","sounds":[{"d":0.331794739,"p":48,"v":84}],"pos":-1.3044374,"size":1.0,"_time":38.5039063},{"$id":"121","sounds":[{"d":0.7253113,"p":53,"v":102}],"pos":-0.637309968,"size":1.0,"_time":38.5351563},{"$id":"122","sounds":[{"d":0.748458862,"p":72,"v":99}],"pos":1.03744745,"size":1.0,"_time":38.5351563},{"$id":"123","sounds":[{"d":0.8179016,"p":76,"v":103}],"pos":1.87031889,"size":1.0,"_time":38.54297},{"$id":"124","sounds":[{"d":1.72838974,"p":48,"v":58}],"pos":-1.44521523,"size":1.0,"_time":39.2421875},{"$id":"125","sounds":[{"d":0.5941353,"p":53,"v":92}],"pos":-0.311199784,"size":1.2,"_time":39.8398438},{"$id":"126","sounds":[{"d":0.2700615,"p":74,"v":127}],"pos":-0.238211036,"size":1.30000007,"_time":40.4023438},{"$id":"127","sounds":[{"d":0.239196777,"p":79,"v":77}],"pos":1.32992315,"size":1.0,"_time":40.59375},{"$id":"128","sounds":[{"d":0.1620369,"p":53,"v":81}],"pos":-1.58720541,"size":1.0,"_time":40.7851563},{"$id":"129","sounds":[{"d":0.13117218,"p":81,"v":111}],"pos":1.58044434,"size":1.2,"_time":40.98047},{"$id":"130","sounds":[{"d":0.1620369,"p":47,"v":93},{"w":0.0078125,"d":0.7638855,"p":40,"v":99},{"w":0.015625,"d":0.7715988,"p":52,"v":104}],"pos":0.194174767,"size":1.30000007,"_time":41.4726563},{"$id":"131","sounds":[{"d":1.33486938,"p":83,"v":116},{"d":1.30400467,"p":74,"v":121},{"w":0.0078125,"d":1.31943512,"p":79,"v":121}],"pos":1.86130345,"size":1.50000012,"_time":41.48047},{"$id":"132","sounds":[{"d":0.0617256165,"p":47,"v":92}],"pos":-1.5,"size":1.0,"_time":42.19922},{"$id":"133","sounds":[{"d":0.841053,"p":56,"v":123}],"pos":0.341192722,"size":1.1,"_time":42.8085938},{"$id":"134","sounds":[{"d":1.141983,"p":44,"v":111}],"pos":-0.8335648,"size":1.1,"_time":42.8085938},{"$id":"135","sounds":[{"d":0.146606445,"p":84,"v":127}],"pos":1.76074934,"size":1.0,"_time":43.1640625},{"$id":"136","sounds":[{"d":0.26234436,"p":83,"v":79}],"pos":1.60801089,"size":1.1,"_time":43.32422},{"$id":"137","sounds":[{"d":0.138889313,"p":80,"v":76}],"pos":0.900139451,"size":1.2,"_time":43.54297},{"$id":"138","sounds":[{"d":0.0848770142,"p":74,"v":125}],"pos":-0.293689132,"size":1.30000007,"_time":43.703125},{"$id":"139","sounds":[{"d":0.06172943,"p":56,"v":111}],"pos":-1.73925066,"size":1.30000007,"_time":43.8828125},{"$id":"140","sounds":[{"d":0.0848770142,"p":68,"v":111}],"pos":0.5,"size":1.0,"_time":44.08203},{"$id":"141","sounds":[{"d":0.316360474,"p":52,"v":105},{"w":0.0078125,"d":0.709877,"p":57,"v":106},{"w":0.0078125,"d":2.48456573,"p":45,"v":99}],"pos":-0.436200142,"size":1.30000007,"_time":44.453125},{"$id":"142","sounds":[{"d":0.9336395,"p":67,"v":118},{"d":0.88734436,"p":76,"v":105},{"d":0.9027748,"p":69,"v":115},{"d":0.9259224,"p":72,"v":106}],"pos":1.55547917,"size":1.4000001,"_time":44.46875},{"$id":"143","sounds":[{"d":1.73610687,"p":52,"v":80}],"pos":-1.60124826,"size":1.0,"_time":45.19922},{"$id":"144","sounds":[{"d":0.5169754,"p":57,"v":90}],"pos":-1.114944,"size":1.0,"_time":45.75},{"$id":"145","sounds":[{"d":0.3857994,"p":72,"v":127}],"pos":0.732316554,"size":1.0,"_time":46.3203125},{"$id":"146","sounds":[{"d":0.239196777,"p":57,"v":82}],"pos":-0.4492031,"size":1.0,"_time":46.6914063},{"$id":"147","sounds":[{"d":0.316360474,"p":74,"v":127}],"pos":1.14875185,"size":1.0,"_time":46.9296875},{"$id":"148","sounds":[{"d":0.154319763,"p":73,"v":65}],"pos":1.66175413,"size":1.0,"_time":47.2148438},{"$id":"149","sounds":[{"d":0.115737915,"p":72,"v":83}],"pos":1.03744841,"size":1.0,"_time":47.32422},{"$id":"150","sounds":[{"d":2.52314377,"p":43,"v":99}],"pos":-1.55617249,"size":1.0,"_time":47.3984375},{"$id":"151","sounds":[{"d":0.3009262,"p":71,"v":127}],"pos":0.746012032,"size":1.0,"_time":47.4140625},{"$id":"152","sounds":[{"d":0.7407417,"p":50,"v":83}],"pos":-1.57385492,"size":1.0,"_time":47.95703},{"$id":"153","sounds":[{"d":0.64043045,"p":55,"v":111}],"pos":-0.671462536,"size":1.0,"_time":48.35547},{"$id":"154","sounds":[{"d":0.478393555,"p":67,"v":127}],"pos":0.9394946,"size":1.2,"_time":48.5585938},{"$id":"155","sounds":[{"d":0.208332062,"p":62,"v":78}],"pos":-0.129333973,"size":1.0,"_time":48.7421875},{"$id":"156","sounds":[{"d":0.6790123,"p":50,"v":84}],"pos":-1.21324539,"size":1.0,"_time":49.2421875},{"$id":"157","sounds":[{"d":0.393520355,"p":55,"v":107}],"pos":-0.4218102,"size":1.1,"_time":49.46875},{"$id":"158","sounds":[{"d":0.239196777,"p":67,"v":125}],"pos":0.662101746,"size":1.2,"_time":49.63672},{"$id":"159","sounds":[{"d":0.131168365,"p":69,"v":118}],"pos":1.30045021,"size":1.2,"_time":49.8398438},{"$id":"160","sounds":[{"d":0.833332062,"p":76,"v":96},{"d":0.794754,"p":69,"v":118},{"d":0.8179016,"p":67,"v":124},{"d":0.8179016,"p":72,"v":114}],"pos":1.5,"size":1.4000001,"_time":50.39453},{"$id":"161","sounds":[{"d":0.3240738,"p":48,"v":101},{"w":0.0078125,"d":2.17592239,"p":41,"v":96},{"w":0.0078125,"d":0.7407417,"p":53,"v":114}],"pos":-1.5,"size":1.4000001,"_time":50.39453},{"$id":"162","sounds":[{"d":1.489193,"p":48,"v":78}],"pos":-1.61165047,"size":1.0,"_time":51.1328125},{"$id":"163","sounds":[{"d":0.8796272,"p":53,"v":74}],"pos":-0.9459076,"size":1.0,"_time":51.7421875},{"$id":"164","sounds":[{"d":0.555553436,"p":74,"v":127}],"pos":0.2780857,"size":1.0,"_time":52.2851563},{"$id":"165","sounds":[{"d":0.3317871,"p":79,"v":69}],"pos":1.416088,"size":1.0,"_time":52.5},{"$id":"166","sounds":[{"d":0.146606445,"p":81,"v":97}],"pos":1.69417477,"size":1.0,"_time":52.85547},{"$id":"167","sounds":[{"d":2.4228363,"p":43,"v":72}],"pos":-1.4729538,"size":1.0,"_time":53.1796875},{"$id":"168","sounds":[{"d":0.779315948,"p":74,"v":67}],"pos":0.372052252,"size":0.9,"_time":53.21875},{"$id":"169","sounds":[{"d":0.663578033,"p":79,"v":73}],"pos":1.27444458,"size":0.9,"_time":53.3164063},{"$id":"170","sounds":[{"d":2.26079941,"p":50,"v":74}],"pos":-0.9736471,"size":1.0,"_time":53.33203},{"$id":"171","sounds":[{"d":2.206787,"p":55,"v":100}],"pos":-0.421810269,"size":1.0,"_time":53.3789063},{"$id":"172","sounds":[{"d":0.671295166,"p":83,"v":97}],"pos":1.69122708,"size":0.9,"_time":53.4023438},{"$id":"173","sounds":[{"d":0.123458862,"p":79,"v":44}],"pos":0.3035717,"size":1.0,"_time":54.6914063},{"$id":"174","sounds":[{"d":0.0848770142,"p":83,"v":65}],"pos":1.13644314,"size":1.0,"_time":54.7773438},{"$id":"175","sounds":[{"d":0.023147583,"p":91,"v":90}],"pos":1.595007,"size":1.0,"_time":54.8671875},{"$id":"176","sounds":[{"d":0.01543045,"p":91,"v":62}],"pos":1.8035717,"size":1.0,"_time":54.9140625},{"$id":"177","sounds":[{"d":1.8209877,"p":41,"v":48}],"pos":-1.727982,"size":0.9,"_time":56.15625},{"$id":"178","sounds":[{"d":1.46604919,"p":55,"v":54}],"pos":0.2161927,"size":0.9,"_time":56.1640625},{"$id":"179","sounds":[{"d":1.7129631,"p":48,"v":61}],"pos":-0.9452153,"size":0.9,"_time":56.21875},{"$id":"180","sounds":[{"d":1.36574173,"p":57,"v":61}],"pos":0.4107136,"size":0.9,"_time":56.21875},{"$id":"181","sounds":[{"d":1.32715988,"p":60,"v":54}],"pos":0.868932247,"size":0.9,"_time":56.28125},{"$id":"182","sounds":[{"d":1.57407379,"p":53,"v":62}],"pos":-0.583912,"size":0.9,"_time":56.296875},{"$id":"183","sounds":[{"d":1.38117218,"p":64,"v":70}],"pos":1.4521488,"size":0.9,"_time":56.3046875},{"$id":"184","sounds":[{"d":0.231479645,"p":65,"v":65}],"pos":1.19486809,"size":1.0,"_time":59.10547},{"$id":"185","sounds":[{"d":1.23456955,"p":64,"v":61}],"pos":0.584605336,"size":1.0,"_time":59.3125},{"$id":"186","sounds":[{"d":2.12962723,"p":36,"v":65}],"pos":-1.30651855,"size":1.0,"_time":59.3203125},{"$id":"187","sounds":[{"d":0.0848732,"p":60,"v":45}],"pos":0.09223318,"size":1.0,"_time":60.5546875},{"$id":"188","sounds":[{"d":0.146602631,"p":62,"v":41}],"pos":1.285368,"size":1.0,"_time":60.625},{"$id":"189","sounds":[{"d":1.27314758,"p":60,"v":63}],"pos":-0.6289873,"size":1.0,"_time":60.78125},{"$id":"190","sounds":[{"d":0.239196777,"p":59,"v":61}],"pos":1.40967417,"size":1.0,"_time":62.0234375},{"$id":"191","sounds":[{"d":0.7021637,"p":55,"v":68}],"pos":0.8541961,"size":1.0,"_time":62.23047},{"$id":"192","sounds":[{"d":2.31481934,"p":41,"v":57}],"pos":-1.22867537,"size":1.0,"_time":62.2539063},{"$id":"193","sounds":[{"d":0.208335876,"p":57,"v":99}],"pos":1.0,"size":1.0,"_time":63.55078},{"$id":"194","sounds":[{"d":1.18055725,"p":53,"v":42}],"pos":-1.0,"size":1.0,"_time":63.7734375},{"$id":"195","sounds":[{"d":0.231483459,"p":55,"v":49}],"pos":1.63089418,"size":1.0,"_time":64.97656},{"$id":"196","sounds":[{"d":0.154319763,"p":50,"v":78}],"pos":0.617544651,"size":1.0,"_time":65.21484},{"$id":"197","sounds":[{"d":2.61573029,"p":36,"v":51}],"pos":-1.07697523,"size":1.0,"_time":65.27734},{"$id":"198","sounds":[{"d":1.44290161,"p":52,"v":74}],"pos":0.8120656,"size":1.0,"_time":65.33203},{"$id":"199","sounds":[{"d":0.0540084839,"p":51,"v":91}],"pos":0.5,"size":1.0,"_time":66.90625},{"$id":"200","sounds":[{"d":0.23147583,"p":50,"v":89}],"pos":-1.0,"size":1.0,"_time":66.92969},{"$id":"201","sounds":[{"d":0.26234436,"p":48,"v":53}],"pos":-1.74063778,"size":1.0,"_time":67.20703},{"$id":"202","sounds":[{"d":0.115737915,"p":50,"v":52}],"pos":-1.35194111,"size":1.0,"_time":67.46094},{"$id":"203","sounds":[{"d":0.146606445,"p":51,"v":43}],"pos":-0.5,"size":1.0,"_time":67.578125},{"$id":"204","sounds":[{"d":0.100311279,"p":52,"v":51}],"pos":0.590152442,"size":1.0,"_time":67.79297},{"$id":"205","sounds":[{"d":0.154319763,"p":55,"v":54}],"pos":1.658634,"size":1.0,"_time":67.97656},{"$id":"206","sounds":[{"d":2.97839355,"p":41,"v":42}],"pos":-1.17319679,"size":1.0,"_time":68.14844},{"$id":"207","sounds":[{"d":0.3549347,"p":57,"v":66}],"pos":1.79767752,"size":1.0,"_time":68.15625},{"$id":"208","sounds":[{"d":0.2160492,"p":59,"v":66}],"pos":1.798023,"size":1.0,"_time":68.51953},{"$id":"209","sounds":[{"d":0.169754028,"p":60,"v":70}],"pos":-1.5,"size":1.0,"_time":68.91797},{"$id":"210","sounds":[{"d":0.146606445,"p":62,"v":49}],"pos":-0.499306619,"size":0.9,"_time":69.27344},{"$id":"211","sounds":[{"d":0.1851883,"p":63,"v":67}],"pos":0.467233181,"size":0.9,"_time":69.50781},{"$id":"212","sounds":[{"d":0.16204071,"p":64,"v":67}],"pos":-1.23855686,"size":1.0,"_time":69.84375},{"$id":"213","sounds":[{"d":0.177467346,"p":67,"v":73}],"pos":0.356969684,"size":0.9,"_time":70.02344},{"$id":"214","sounds":[{"d":0.192901611,"p":69,"v":67}],"pos":1.18949485,"size":0.9,"_time":70.23047},{"$id":"215","sounds":[{"d":0.26234436,"p":71,"v":55}],"pos":-0.585471153,"size":1.0,"_time":70.546875},{"$id":"216","sounds":[{"d":0.2469101,"p":72,"v":65}],"pos":1.03744745,"size":0.9,"_time":70.83203},{"$id":"217","sounds":[{"d":0.108032227,"p":69,"v":61}],"pos":1.30045116,"size":0.9,"_time":71.109375},{"$id":"218","sounds":[{"d":2.82406616,"p":36,"v":58}],"pos":-1.35436869,"size":1.30000007,"_time":71.125},{"$id":"219","sounds":[{"d":0.254631042,"p":71,"v":70}],"pos":1.96654046,"size":0.9,"_time":71.203125},{"$id":"220","sounds":[{"d":0.2160492,"p":67,"v":65}],"pos":0.0240982771,"size":1.0,"_time":71.46484},{"$id":"221","sounds":[{"d":0.3317871,"p":69,"v":61}],"pos":1.41140723,"size":1.0,"_time":71.69922},{"$id":"222","sounds":[{"d":0.2160492,"p":64,"v":80}],"pos":-0.860610962,"size":1.0,"_time":72.07422},{"$id":"223","sounds":[{"d":0.239196777,"p":65,"v":54}],"pos":0.860609949,"size":1.0,"_time":72.33984},{"$id":"224","sounds":[{"d":0.0617218,"p":62,"v":28}],"pos":-0.5,"size":1.0,"_time":72.60156},{"$id":"225","sounds":[{"d":0.347221375,"p":64,"v":61}],"pos":0.425797462,"size":1.0,"_time":72.63281},{"$id":"226","sounds":[{"d":0.2160492,"p":65,"v":42}],"pos":1.05010414,"size":1.0,"_time":72.97656},{"$id":"227","sounds":[{"d":0.254631042,"p":64,"v":65}],"pos":-0.7115121,"size":1.0,"_time":73.234375},{"$id":"228","sounds":[{"d":0.2469101,"p":65,"v":59}],"pos":1.07784355,"size":0.9,"_time":73.55859},{"$id":"229","sounds":[{"d":0.223762512,"p":67,"v":75}],"pos":1.63297462,"size":0.9,"_time":73.82031},{"$id":"230","sounds":[{"d":0.192909241,"p":62,"v":79}],"pos":0.2590161,"size":1.0,"_time":74.05859},{"$id":"231","sounds":[{"d":2.384262,"p":41,"v":74}],"pos":-1.86667728,"size":1.0,"_time":74.11328},{"$id":"232","sounds":[{"d":0.910491943,"p":64,"v":69}],"pos":0.8973656,"size":1.0,"_time":74.16797},{"$id":"233","sounds":[{"d":0.239196777,"p":62,"v":44}],"pos":0.369972825,"size":1.0,"_time":75.08594},{"$id":"234","sounds":[{"d":0.2700653,"p":60,"v":46}],"pos":-0.684465647,"size":1.0,"_time":75.32422},{"$id":"235","sounds":[{"d":0.208335876,"p":59,"v":57}],"pos":-1.17007565,"size":1.0,"_time":75.60156},{"$id":"236","sounds":[{"d":0.200614929,"p":60,"v":73}],"pos":-0.101942122,"size":1.0,"_time":75.94141},{"$id":"237","sounds":[{"d":0.2392044,"p":55,"v":44}],"pos":-1.00433469,"size":1.0,"_time":76.3125},{"$id":"238","sounds":[{"d":0.115737915,"p":57,"v":71}],"pos":0.2997576,"size":1.0,"_time":76.69141},{"$id":"239","sounds":[{"d":0.09259033,"p":51,"v":75}],"pos":0.576109052,"size":1.0,"_time":77.02344},{"$id":"240","sounds":[{"d":1.165123,"p":36,"v":65}],"pos":-1.54854345,"size":1.0,"_time":77.06641},{"$id":"241","sounds":[{"d":0.578704834,"p":52,"v":51}],"pos":1.089459,"size":1.0,"_time":77.09766},{"$id":"242","sounds":[{"d":0.231483459,"p":53,"v":68}],"pos":-1.08789921,"size":1.0,"_time":78.16406},{"$id":"243","sounds":[{"d":0.177467346,"p":54,"v":55}],"pos":-0.15846014,"size":1.0,"_time":78.34766},{"$id":"244","sounds":[{"d":0.192901611,"p":55,"v":79}],"pos":-0.8101587,"size":1.0,"_time":78.75},{"$id":"245","sounds":[{"d":0.146606445,"p":56,"v":62}],"pos":0.2579746,"size":1.0,"_time":78.94141},{"$id":"246","sounds":[{"d":0.154319763,"p":57,"v":57}],"pos":0.57715,"size":1.0,"_time":79.14453},{"$id":"247","sounds":[{"d":0.200614929,"p":58,"v":60}],"pos":1.25693464,"size":1.0,"_time":79.3125},{"$id":"248","sounds":[{"d":0.1851883,"p":59,"v":71}],"pos":-0.337898731,"size":1.0,"_time":79.58203},{"$id":"249","sounds":[{"d":0.100311279,"p":60,"v":54}],"pos":1.09084654,"size":1.0,"_time":79.85156},{"$id":"250","sounds":[{"d":0.123458862,"p":60,"v":75}],"pos":1.25728226,"size":1.0,"_time":80.03906},{"$id":"251","sounds":[{"d":2.03704834,"p":41,"v":66}],"pos":-1.11771774,"size":1.2,"_time":80.08594},{"$id":"252","sounds":[{"d":0.26234436,"p":62,"v":71}],"pos":1.81241417,"size":1.2,"_time":80.125},{"$id":"253","sounds":[{"d":0.3240738,"p":60,"v":59}],"pos":0.7302356,"size":1.0,"_time":80.42578},{"$id":"254","sounds":[{"d":0.16204071,"p":59,"v":43}],"pos":-1.03138053,"size":1.0,"_time":80.75},{"$id":"255","sounds":[{"d":0.208335876,"p":69,"v":90}],"pos":2.0,"size":1.2,"_time":81.125},{"$id":"256","sounds":[{"d":0.331794739,"p":67,"v":49}],"size":1.0,"_time":81.32031},{"$id":"257","sounds":[{"d":0.2160492,"p":60,"v":51}],"pos":-1.37794733,"size":1.0,"_time":81.68359},{"$id":"258","sounds":[{"d":0.192901611,"p":62,"v":70}],"pos":0.148057342,"size":1.0,"_time":82.05859},{"$id":"259","sounds":[{"d":0.223762512,"p":64,"v":59}],"pos":-0.87794733,"size":1.0,"_time":82.41406},{"$id":"260","sounds":[{"d":0.162033081,"p":65,"v":63}],"pos":1.24427772,"size":1.0,"_time":82.63281},{"$id":"261","sounds":[{"d":0.733016968,"p":67,"v":60}],"pos":1.88262832,"size":1.0,"_time":82.80859},{"$id":"262","sounds":[{"d":0.100311279,"p":62,"v":70}],"pos":0.564147651,"size":1.0,"_time":82.984375},{"$id":"263","sounds":[{"d":2.02159882,"p":36,"v":69}],"pos":-1.80582535,"size":1.0,"_time":83.03125},{"$id":"264","sounds":[{"d":0.270057678,"p":64,"v":62}],"pos":1.00832224,"size":1.0,"_time":83.08594},{"$id":"265","sounds":[{"d":0.1388855,"p":60,"v":57}],"pos":-1.0,"size":1.0,"_time":83.37891},{"$id":"266","sounds":[{"d":1.45061493,"p":72,"v":102}],"pos":1.5,"size":1.30000007,"_time":83.74219},{"$id":"267","sounds":[{"d":1.10339355,"p":71,"v":76}],"pos":0.302184582,"size":1.0,"_time":84.08203},{"$id":"268","sounds":[{"d":0.98765564,"p":67,"v":64}],"pos":-0.2532935,"size":1.0,"_time":84.30469},{"$id":"269","sounds":[{"d":0.192901611,"p":69,"v":108}],"pos":1.0,"size":1.0,"_time":85.78125},{"$id":"270","sounds":[{"d":0.223762512,"p":67,"v":54}],"pos":0.5,"size":1.1,"_time":85.96484},{"$id":"271","sounds":[{"d":2.24536133,"p":41,"v":63}],"pos":-1.66712844,"size":1.2,"_time":85.97266},{"$id":"272","sounds":[{"d":0.162033081,"p":69,"v":69}],"pos":1.38366723,"size":1.0,"_time":86.16406},{"$id":"273","sounds":[{"d":0.1388855,"p":71,"v":59}],"pos":-1.0,"size":1.0,"_time":86.34375},{"$id":"274","sounds":[{"d":0.115737915,"p":72,"v":89}],"pos":0.78779465,"size":1.0,"_time":86.53516},{"$id":"275","sounds":[{"d":0.13117218,"p":74,"v":89}],"pos":-0.210472465,"size":1.0,"_time":86.72656},{"$id":"276","sounds":[{"d":0.115737915,"p":76,"v":84}],"pos":1.312067,"size":1.0,"_time":86.97656},{"$id":"277","sounds":[{"d":0.208335876,"p":77,"v":92}],"pos":1.6347084,"size":1.0,"_time":87.19141},{"$id":"278","sounds":[{"d":0.138877869,"p":74,"v":78}],"pos":-0.305131882,"size":1.0,"_time":87.390625},{"$id":"279","sounds":[{"d":0.277771,"p":76,"v":68}],"pos":0.4001397,"size":1.0,"_time":87.49219},{"$id":"280","sounds":[{"d":0.72530365,"p":72,"v":66}],"pos":-1.04299545,"size":1.0,"_time":87.76172},{"$id":"281","sounds":[{"d":0.223770142,"p":79,"v":59}],"pos":1.0,"size":1.0,"_time":88.140625},{"$id":"282","sounds":[{"d":0.169754028,"p":81,"v":71}],"pos":-0.5,"size":1.0,"_time":88.39453},{"$id":"283","sounds":[{"d":0.2469101,"p":83,"v":62}],"pos":0.194174737,"size":1.1,"_time":88.640625},{"$id":"284","sounds":[{"d":0.779319763,"p":84,"v":73}],"pos":1.5,"size":1.2,"_time":88.89844},{"$id":"285","sounds":[{"d":2.22995758,"p":36,"v":79}],"pos":-1.18793344,"size":1.0,"_time":88.90234},{"$id":"286","sounds":[{"d":0.36265564,"p":83,"v":57}],"pos":1.27513874,"size":1.0,"_time":89.28906},{"$id":"287","sounds":[{"d":0.169754028,"p":79,"v":59}],"pos":0.6087036,"size":1.0,"_time":89.67578},{"$id":"288","sounds":[{"d":0.2392044,"p":79,"v":57}],"pos":0.6364422,"size":1.0,"_time":90.03906},{"$id":"289","sounds":[{"d":0.13117981,"p":74,"v":45}],"pos":-1.15360546,"size":1.0,"_time":90.22266},{"$id":"290","sounds":[{"d":0.169754028,"p":72,"v":65}],"pos":0.9445219,"size":1.1,"_time":90.59375},{"$id":"291","sounds":[{"d":0.277778625,"p":72,"v":67}],"pos":1.00971007,"size":1.1,"_time":90.97266},{"$id":"292","sounds":[{"d":0.239196777,"p":71,"v":68}],"pos":-0.113902926,"size":1.1,"_time":91.328125},{"$id":"293","sounds":[{"d":0.416664124,"p":71,"v":107}],"pos":-0.113905162,"size":1.1,"_time":91.69141},{"$id":"294","sounds":[{"d":2.93979645,"p":41,"v":55}],"pos":-1.56154633,"size":1.0,"_time":91.875},{"$id":"295","sounds":[{"d":0.316360474,"p":67,"v":57}],"pos":-0.63939,"size":1.0,"_time":92.04297},{"$id":"296","sounds":[{"d":0.3780899,"p":65,"v":34}],"pos":-1.27808571,"size":1.0,"_time":92.40625},{"$id":"297","sounds":[{"d":0.285491943,"p":67,"v":62}],"pos":0.6657418,"size":1.0,"_time":92.82422},{"$id":"298","sounds":[{"d":0.231483459,"p":62,"v":57}],"pos":-1.5270462,"size":1.0,"_time":93.15625},{"$id":"299","sounds":[{"d":0.200614929,"p":64,"v":64}],"pos":-0.4715671,"size":1.0,"_time":93.52734},{"$id":"300","sounds":[{"d":0.208328247,"p":65,"v":103}],"pos":0.8836684,"size":1.0,"_time":93.90625},{"$id":"301","sounds":[{"d":0.09259033,"p":62,"v":65}],"pos":-0.6841192,"size":1.0,"_time":94.08984},{"$id":"302","sounds":[{"d":0.223762512,"p":64,"v":63}],"pos":0.5922332,"size":1.0,"_time":94.18359},{"$id":"303","sounds":[{"d":0.177467346,"p":62,"v":44}],"pos":0.06484032,"size":1.0,"_time":94.4375},{"$id":"304","sounds":[{"d":0.231483459,"p":60,"v":48}],"pos":-0.601248264,"size":1.0,"_time":94.64453},{"$id":"305","sounds":[{"d":0.6327133,"p":59,"v":62}],"pos":1.10454226,"size":1.0,"_time":94.83203},{"$id":"306","sounds":[{"d":1.79784393,"p":36,"v":56}],"pos":-1.79819584,"size":1.0,"_time":94.83984},{"$id":"307","sounds":[{"d":0.200614929,"p":55,"v":55}],"pos":0.1052351,"size":1.0,"_time":95.37109},{"$id":"308","sounds":[{"d":0.555557251,"p":48,"v":61}],"pos":-1.57420349,"size":1.0,"_time":95.91016},{"$id":"309","sounds":[{"d":0.223770142,"p":50,"v":74}],"pos":-1.13002992,"size":1.0,"_time":96.51172},{"$id":"310","sounds":[{"d":0.200614929,"p":52,"v":66}],"pos":-0.26976496,"size":1.0,"_time":96.84375},{"$id":"311","sounds":[{"d":0.177467346,"p":53,"v":62}],"pos":0.798370242,"size":1.0,"_time":97.06641},{"$id":"312","sounds":[{"d":0.200614929,"p":55,"v":77}],"pos":1.32576156,"size":1.0,"_time":97.30859},{"$id":"313","sounds":[{"d":0.169754028,"p":57,"v":41}],"pos":1.6312412,"size":1.0,"_time":97.59375},{"$id":"314","sounds":[{"d":0.115737915,"p":55,"v":43}],"pos":-0.310853958,"size":1.0,"_time":97.609375},{"$id":"315","sounds":[{"d":2.962944,"p":41,"v":66}],"pos":-1.39511156,"size":1.0,"_time":97.80078},{"$id":"316","sounds":[{"d":0.2469101,"p":59,"v":79}],"pos":1.6870662,"size":1.0,"_time":97.81641},{"$id":"317","sounds":[{"d":0.231483459,"p":60,"v":61}],"pos":2.0,"size":1.0,"_time":98.13281},{"$id":"318","sounds":[{"d":0.177467346,"p":62,"v":91}],"pos":-0.7395978,"size":1.0,"_time":98.54297},{"$id":"319","sounds":[{"d":0.1388855,"p":64,"v":83}],"pos":-0.3509021,"size":1.0,"_time":98.8125},{"$id":"320","sounds":[{"d":0.123458862,"p":65,"v":78}],"pos":0.7172331,"size":1.0,"_time":99.04297},{"$id":"321","sounds":[{"d":0.200614929,"p":67,"v":93}],"pos":1.21688688,"size":1.0,"_time":99.25781},{"$id":"322","sounds":[{"d":0.208335876,"p":69,"v":114}],"pos":-1.00190639,"size":1.2,"_time":99.61328},{"$id":"323","sounds":[{"d":0.169754028,"p":71,"v":118}],"size":1.30000007,"_time":100.007813},{"$id":"324","sounds":[{"d":0.3549347,"p":72,"v":119}],"pos":1.0,"size":1.30000007,"_time":100.378906},{"$id":"325","sounds":[{"d":0.115737915,"p":69,"v":62}],"pos":0.667128563,"size":1.0,"_time":100.734375},{"$id":"326","sounds":[{"d":1.44290161,"p":36,"v":76}],"pos":-1.63939,"size":1.0,"_time":100.765625},{"$id":"327","sounds":[{"d":0.316352844,"p":71,"v":66}],"pos":1.30582523,"size":0.9,"_time":100.816406},{"$id":"328","sounds":[{"d":0.470680237,"p":67,"v":59}],"pos":-0.5,"size":1.0,"_time":101.132813},{"$id":"329","sounds":[{"d":0.331794739,"p":71,"v":74}],"pos":1.30582523,"size":1.0,"_time":101.503906},{"$id":"330","sounds":[{"d":0.586418152,"p":67,"v":39}],"pos":-0.5,"size":1.0,"_time":101.859375},{"$id":"331","sounds":[{"d":0.393516541,"p":71,"v":122}],"pos":1.22260761,"size":1.0,"_time":102.222656},{"$id":"332","sounds":[{"d":0.52469635,"p":67,"v":53}],"pos":-0.5,"size":1.0,"_time":102.617188},{"$id":"333","sounds":[{"d":0.36265564,"p":71,"v":125}],"pos":1.221221,"size":1.0,"_time":102.976563},{"$id":"334","sounds":[{"d":0.231483459,"p":67,"v":88}],"pos":-0.5584264,"size":1.0,"_time":103.347656},{"$id":"335","sounds":[{"d":0.300918579,"p":52,"v":112},{"d":2.4382782,"p":45,"v":100},{"w":0.0078125,"d":1.72840118,"p":57,"v":113}],"pos":-1.5,"size":1.4000001,"_time":103.703125},{"$id":"336","sounds":[{"d":0.3549347,"p":71,"v":127}],"pos":1.27739239,"size":1.0,"_time":103.710938},{"$id":"337","sounds":[{"d":0.169754028,"p":67,"v":79}],"size":1.0,"_time":104.097656},{"$id":"338","sounds":[{"d":0.455245972,"p":52,"v":92}],"pos":-1.35159492,"size":1.0,"_time":104.265625},{"$id":"339","sounds":[{"d":0.3317871,"p":71,"v":127}],"pos":1.5,"size":1.0,"_time":104.484375},{"$id":"340","sounds":[{"d":0.16204071,"p":67,"v":61}],"size":1.0,"_time":104.832031},{"$id":"341","sounds":[{"d":1.149704,"p":52,"v":89}],"pos":-1.5,"size":1.0,"_time":105.007813},{"$id":"342","sounds":[{"d":0.146606445,"p":67,"v":114},{"d":0.324081421,"p":71,"v":127}],"pos":1.5,"size":1.30000007,"_time":105.191406},{"$id":"343","sounds":[{"d":0.16204071,"p":67,"v":91}],"size":1.0,"_time":105.554688},{"$id":"344","sounds":[{"d":0.347221375,"p":57,"v":91}],"pos":-1.5,"size":1.0,"_time":105.742188},{"$id":"345","sounds":[{"d":0.308639526,"p":71,"v":127},{"w":0.0078125,"d":0.154319763,"p":67,"v":114}],"pos":1.5,"size":1.30000007,"_time":105.957031},{"$id":"346","sounds":[{"d":0.192901611,"p":67,"v":88}],"size":1.0,"_time":106.296875},{"$id":"347","sounds":[{"d":0.2854843,"p":50,"v":97},{"w":0.0078125,"d":2.65432739,"p":43,"v":91},{"w":0.0078125,"d":1.09568024,"p":55,"v":116}],"pos":-1.0,"size":1.30000007,"_time":106.683594},{"$id":"348","sounds":[{"d":0.26234436,"p":71,"v":127},{"d":0.162033081,"p":67,"v":122}],"pos":1.5,"size":1.30000007,"_time":106.699219},{"$id":"349","sounds":[{"d":0.16204071,"p":67,"v":80}],"size":1.0,"_time":107.074219},{"$id":"350","sounds":[{"d":2.12191772,"p":50,"v":91}],"pos":-1.5,"size":1.0,"_time":107.253906},{"$id":"351","sounds":[{"d":0.316360474,"p":71,"v":127},{"d":0.123458862,"p":67,"v":122}],"pos":1.5,"size":1.30000007,"_time":107.445313},{"$id":"352","sounds":[{"d":0.06172943,"p":67,"v":86}],"pos":1.13869667,"size":1.0,"_time":107.808594},{"$id":"353","sounds":[{"d":0.16204071,"p":65,"v":127}],"pos":0.361304343,"size":1.0,"_time":107.976563},{"$id":"354","sounds":[{"d":0.7561722,"p":55,"v":100}],"pos":-1.5,"size":1.0,"_time":108.15625},{"$id":"355","sounds":[{"d":0.115737915,"p":64,"v":127}],"size":1.0,"_time":108.347656},{"$id":"356","sounds":[{"d":0.246917725,"p":65,"v":98}],"pos":0.7503462,"size":1.0,"_time":108.550781},{"$id":"357","sounds":[{"d":0.06944275,"p":67,"v":71}],"pos":1.16140807,"size":1.0,"_time":108.734375},{"$id":"358","sounds":[{"d":0.246917725,"p":67,"v":84}],"pos":1.7295413,"size":1.0,"_time":108.890625},{"$id":"359","sounds":[{"d":0.1080246,"p":62,"v":118}],"pos":1.22954178,"size":1.0,"_time":108.898438},{"$id":"360","sounds":[{"d":0.216056824,"p":64,"v":97}],"pos":0.6456307,"size":1.0,"_time":108.917969},{"$id":"361","sounds":[{"d":0.239196777,"p":55,"v":107}],"pos":-1.27808571,"size":1.0,"_time":109.082031},{"$id":"362","sounds":[{"d":0.933624268,"p":67,"v":111}],"pos":1.49427891,"size":1.0,"_time":109.25},{"$id":"363","sounds":[{"d":0.0540084839,"p":63,"v":112}],"pos":1.02201748,"size":1.0,"_time":109.257813},{"$id":"364","sounds":[{"d":0.208320618,"p":62,"v":120}],"pos":0.480928421,"size":1.0,"_time":109.265625},{"$id":"365","sounds":[{"d":0.285491943,"p":60,"v":105}],"pos":-0.5,"size":1.0,"_time":109.46875},{"$id":"366","sounds":[{"d":2.3225174,"p":41,"v":103}],"pos":-1.5,"size":1.0,"_time":109.621094},{"$id":"367","sounds":[{"d":0.223770142,"p":62,"v":111}],"pos":0.5,"size":1.0,"_time":109.824219},{"$id":"368","sounds":[{"d":0.154319763,"p":60,"v":124}],"pos":1.11858606,"size":1.0,"_time":110.160156},{"$id":"369","sounds":[{"d":1.62036133,"p":48,"v":94}],"pos":-1.574203,"size":1.0,"_time":110.339844},{"$id":"370","sounds":[{"d":0.169754028,"p":59,"v":118}],"pos":0.688453138,"size":1.0,"_time":110.523438},{"$id":"371","sounds":[{"d":0.208328247,"p":53,"v":107}],"pos":-0.6718096,"size":1.0,"_time":110.734375},{"$id":"372","sounds":[{"d":0.185180664,"p":60,"v":121}],"pos":0.6747575,"size":1.0,"_time":110.910156},{"$id":"373","sounds":[{"d":0.169754028,"p":53,"v":95}],"pos":-0.1447655,"size":1.0,"_time":111.109375},{"$id":"374","sounds":[{"d":0.1388855,"p":62,"v":116}],"pos":0.952496052,"size":1.0,"_time":111.289063},{"$id":"375","sounds":[{"d":0.4629593,"p":53,"v":87}],"pos":-0.810506344,"size":1.0,"_time":111.433594},{"$id":"376","sounds":[{"d":0.1080246,"p":64,"v":109}],"pos":1.4521488,"size":1.0,"_time":111.503906},{"$id":"377","sounds":[{"d":0.1080246,"p":65,"v":127}],"size":1.1,"_time":111.851563},{"$id":"378","sounds":[{"d":0.09259033,"p":67,"v":121}],"pos":0.332870424,"size":1.1,"_time":112.113281},{"$id":"379","sounds":[{"d":0.154319763,"p":68,"v":115}],"pos":0.332871437,"size":1.2,"_time":112.375},{"$id":"380","sounds":[{"d":1.00308228,"p":40,"v":111}],"pos":-1.5,"size":1.0,"_time":112.609375},{"$id":"381","sounds":[{"d":0.1697464,"p":69,"v":126}],"pos":0.8011451,"size":1.1,"_time":112.617188},{"$id":"382","sounds":[{"d":0.123458862,"p":71,"v":88}],"pos":1.0,"size":1.1,"_time":112.878906},{"$id":"383","sounds":[{"d":0.7253113,"p":47,"v":92}],"pos":-1.0,"size":1.0,"_time":112.957031},{"$id":"384","sounds":[{"d":0.100311279,"p":72,"v":127}],"pos":1.0,"size":1.2,"_time":113.125},{"$id":"385","sounds":[{"d":0.347221375,"p":52,"v":86}],"pos":-0.5,"size":1.0,"_time":113.308594},{"$id":"386","sounds":[{"d":0.1080246,"p":74,"v":122}],"pos":1.5,"size":1.1,"_time":113.347656},{"$id":"387","sounds":[{"d":0.0848770142,"p":76,"v":127}],"pos":1.72260654,"size":1.1,"_time":113.617188},{"$id":"388","sounds":[{"d":0.0771637,"p":79,"v":97}],"pos":1.74601316,"size":1.2,"_time":113.859375},{"$id":"389","sounds":[{"d":0.331794739,"p":56,"v":106},{"d":0.8564911,"p":44,"v":96}],"pos":-1.0,"size":1.30000007,"_time":114.082031},{"$id":"390","sounds":[{"d":0.208335876,"p":80,"v":127}],"pos":2.0,"size":1.4000001,"_time":114.082031},{"$id":"391","sounds":[{"d":0.1080246,"p":81,"v":127}],"pos":0.5,"size":1.30000007,"_time":114.453125},{"$id":"392","sounds":[{"d":0.169754028,"p":56,"v":100}],"pos":-1.0,"size":1.0,"_time":114.605469},{"$id":"393","sounds":[{"d":0.177474976,"p":83,"v":127}],"pos":1.24965274,"size":1.4000001,"_time":114.816406},{"$id":"394","sounds":[{"d":0.3549347,"p":86,"v":116}],"pos":2.0,"size":1.4000001,"_time":115.222656},{"$id":"395","sounds":[{"d":0.486106873,"p":79,"v":127},{"d":0.486106873,"p":76,"v":127},{"d":0.486106873,"p":84,"v":127}],"pos":1.0,"size":1.60000014,"_time":115.578125},{"$id":"396","sounds":[{"d":2.59259033,"p":45,"v":105}],"pos":-1.5,"size":1.1,"_time":115.609375},{"$id":"397","sounds":[{"d":2.20679474,"p":52,"v":121}],"pos":-0.916089058,"size":1.0,"_time":115.988281},{"$id":"398","sounds":[{"d":1.8441391,"p":57,"v":123}],"pos":-0.4715681,"size":1.0,"_time":116.320313},{"$id":"399","sounds":[{"d":0.254631042,"p":83,"v":127}],"pos":1.5,"size":1.2,"_time":116.535156},{"$id":"400","sounds":[{"d":0.1080246,"p":79,"v":87}],"size":1.1,"_time":116.820313},{"$id":"401","sounds":[{"d":0.231483459,"p":81,"v":127}],"pos":1.19486809,"size":1.1,"_time":117.066406},{"$id":"402","sounds":[{"d":0.200614929,"p":76,"v":54}],"pos":-0.5707351,"size":1.0,"_time":117.316406},{"$id":"403","sounds":[{"d":0.231483459,"p":79,"v":62}],"pos":0.580964863,"size":1.0,"_time":117.585938},{"$id":"404","sounds":[{"d":0.2700653,"p":74,"v":73}],"pos":-1.12586689,"size":1.0,"_time":117.816406},{"$id":"405","sounds":[{"d":0.185180664,"p":79,"v":80}],"pos":0.27583307,"size":1.0,"_time":118.085938},{"$id":"406","sounds":[{"d":0.208335876,"p":72,"v":106}],"pos":-1.54230118,"size":1.0,"_time":118.292969},{"$id":"407","sounds":[{"d":0.3009262,"p":79,"v":127}],"pos":0.332871437,"size":1.2,"_time":118.527344},{"$id":"408","sounds":[{"d":0.277778625,"p":50,"v":101},{"w":0.0078125,"d":0.5401306,"p":55,"v":114},{"w":0.0078125,"d":2.66204071,"p":43,"v":90}],"pos":-2.0,"size":1.4000001,"_time":118.527344},{"$id":"409","sounds":[{"d":0.169754028,"p":71,"v":114}],"pos":-0.5,"size":1.0,"_time":118.875},{"$id":"410","sounds":[{"d":2.160492,"p":50,"v":93}],"pos":-1.657073,"size":1.0,"_time":119.058594},{"$id":"411","sounds":[{"d":1.54320526,"p":55,"v":119}],"pos":-1.032073,"size":1.0,"_time":119.273438},{"$id":"412","sounds":[{"d":0.16204071,"p":69,"v":126}],"pos":0.246359825,"size":1.0,"_time":119.476563},{"$id":"413","sounds":[{"d":0.177467346,"p":71,"v":74}],"pos":1.10662317,"size":1.0,"_time":119.722656},{"$id":"414","sounds":[{"d":0.223762512,"p":72,"v":105}],"pos":1.73092818,"size":1.0,"_time":119.984375},{"$id":"415","sounds":[{"d":0.262336731,"p":67,"v":59}],"pos":-0.6971225,"size":1.0,"_time":120.207031},{"$id":"416","sounds":[{"d":0.2546234,"p":72,"v":79}],"pos":1.92510414,"size":1.0,"_time":120.238281},{"$id":"417","sounds":[{"d":0.200614929,"p":69,"v":94}],"pos":-0.280686319,"size":1.0,"_time":120.261719},{"$id":"418","sounds":[{"d":0.3703766,"p":74,"v":107},{"d":0.2160492,"p":71,"v":112},{"w":0.0078125,"d":0.262352,"p":69,"v":94}],"pos":1.77739227,"size":1.60000014,"_time":120.546875},{"$id":"419","sounds":[{"d":0.1543274,"p":67,"v":77}],"pos":1.0,"size":1.0,"_time":120.800781},{"$id":"420","sounds":[{"d":0.100311279,"p":55,"v":62}],"pos":-1.69417477,"size":1.0,"_time":121.027344},{"$id":"421","sounds":[{"d":0.13117218,"p":64,"v":119}],"pos":-0.0547847152,"size":1.0,"_time":121.066406},{"$id":"422","sounds":[{"d":0.115737915,"p":65,"v":89}],"pos":0.611650467,"size":1.0,"_time":121.289063},{"$id":"423","sounds":[{"d":0.0848693848,"p":62,"v":79}],"pos":0.175797433,"size":1.0,"_time":121.472656},{"$id":"424","sounds":[{"d":1.12654114,"p":67,"v":116}],"pos":0.6066227,"size":1.0,"_time":121.488281},{"$id":"425","sounds":[{"d":1.34259033,"p":48,"v":92},{"w":0.0078125,"d":2.168213,"p":41,"v":91},{"w":0.015625,"d":0.925933838,"p":53,"v":101}],"pos":-1.5,"size":1.4000001,"_time":121.496094},{"$id":"426","sounds":[{"d":0.03857422,"p":63,"v":123}],"pos":1.0097084,"size":1.0,"_time":121.496094},{"$id":"427","sounds":[{"d":0.493835449,"p":64,"v":112}],"pos":1.64840615,"size":1.0,"_time":121.542969},{"$id":"428","sounds":[{"d":0.1080246,"p":63,"v":85}],"pos":0.883321762,"size":1.0,"_time":122.035156},{"$id":"429","sounds":[{"d":0.439819336,"p":62,"v":105}],"pos":-0.51768446,"size":1.0,"_time":122.058594},{"$id":"430","sounds":[{"d":0.200614929,"p":60,"v":99}],"size":1.1,"_time":122.421875},{"$id":"431","sounds":[{"d":0.59413147,"p":53,"v":106}],"pos":-2.0,"size":1.0,"_time":122.617188},{"$id":"432","sounds":[{"d":0.625,"p":67,"v":86}],"pos":1.38332176,"size":1.1,"_time":122.777344},{"$id":"433","sounds":[{"d":0.640434265,"p":60,"v":127}],"size":1.1,"_time":122.785156},{"$id":"434","sounds":[{"d":0.501548767,"p":48,"v":77}],"pos":-1.54646289,"size":1.0,"_time":123.1875},{"$id":"435","sounds":[{"d":0.432113647,"p":53,"v":103}],"pos":-0.699549735,"size":1.0,"_time":123.363281},{"$id":"436","sounds":[{"d":0.192909241,"p":59,"v":127}],"size":1.0,"_time":123.550781},{"$id":"437","sounds":[{"d":0.2160492,"p":60,"v":96}],"size":1.0,"_time":123.902344},{"$id":"438","sounds":[{"d":0.231483459,"p":62,"v":87}],"pos":0.5,"size":1.0,"_time":124.175781},{"$id":"439","sounds":[{"d":2.23766327,"p":50,"v":91},{"w":0.0078125,"d":2.21451569,"p":55,"v":96},{"w":0.0234375,"d":2.23766327,"p":43,"v":87}],"pos":-1.0,"size":1.30000007,"_time":124.414063},{"$id":"440","sounds":[{"d":0.246917725,"p":67,"v":100}],"pos":1.88834941,"size":1.0,"_time":124.421875},{"$id":"441","sounds":[{"d":0.231483459,"p":69,"v":71}],"pos":-0.6657429,"size":1.0,"_time":124.792969},{"$id":"442","sounds":[{"d":0.223762512,"p":71,"v":84}],"pos":-0.141642928,"size":1.0,"_time":125.183594},{"$id":"443","sounds":[{"d":0.1388855,"p":74,"v":64}],"pos":1.370666,"size":1.0,"_time":125.5625},{"$id":"444","sounds":[{"d":0.3009262,"p":79,"v":70}],"pos":-1.277565,"size":1.0,"_time":125.917969},{"$id":"445","sounds":[{"d":0.231483459,"p":81,"v":81}],"pos":-0.859916568,"size":1.0,"_time":126.320313},{"$id":"446","sounds":[{"d":0.16204071,"p":83,"v":52}],"pos":-0.08408353,"size":1.0,"_time":126.699219},{"$id":"447","sounds":[{"d":0.06172943,"p":86,"v":46}],"pos":1.59465981,"size":0.9,"_time":127.050781},{"$id":"448","sounds":[{"d":3.0324173,"p":43,"v":61}],"pos":-2.0,"size":1.1,"_time":127.285156},{"$id":"449","sounds":[{"d":2.98612213,"p":50,"v":59}],"pos":-1.25104046,"size":1.1,"_time":127.351563},{"$id":"450","sounds":[{"d":2.74691772,"p":83,"v":60}],"pos":0.7758322,"size":0.9,"_time":127.359375},{"$id":"451","sounds":[{"d":2.754631,"p":86,"v":70}],"pos":1.289529,"size":0.9,"_time":127.398438},{"$id":"452","sounds":[{"d":2.87037659,"p":55,"v":66}],"pos":-0.6130371,"size":1.1,"_time":127.4375},{"$id":"453","sounds":[{"d":2.68518829,"p":91,"v":66}],"pos":2.0,"size":0.9,"_time":127.515625},{"$id":"454","sounds":[{"d":1.22686768,"p":41,"v":58}],"pos":-1.339632,"size":1.0,"_time":130.363281},{"$id":"455","sounds":[{"d":1.05709839,"p":64,"v":51}],"pos":1.03606129,"size":1.0,"_time":130.402344},{"$id":"456","sounds":[{"d":0.39352417,"p":60,"v":56}],"pos":-1.40568638,"size":0.9,"_time":132.207031},{"$id":"457","sounds":[{"d":0.308639526,"p":62,"v":101}],"pos":0.25901556,"size":0.9,"_time":132.8086},{"$id":"458","sounds":[{"d":0.123458862,"p":61,"v":33}],"pos":1.29906416,"size":0.9,"_time":133.148438},{"$id":"459","sounds":[{"d":0.1388855,"p":60,"v":57}],"pos":0.619278431,"size":0.9,"_time":133.242188},{"$id":"460","sounds":[{"d":2.02931213,"p":36,"v":42}],"pos":-1.49306536,"size":0.9,"_time":133.285156},{"$id":"461","sounds":[{"d":0.43208313,"p":59,"v":54}],"pos":0.272365183,"size":0.9,"_time":133.363281},{"$id":"462","sounds":[{"d":1.419754,"p":43,"v":20}],"pos":-1.117372,"size":0.9,"_time":133.917969},{"$id":"463","sounds":[{"d":1.15740967,"p":48,"v":29}],"pos":-0.2427183,"size":0.9,"_time":134.21875},{"$id":"464","sounds":[{"d":0.501541138,"p":55,"v":59}],"pos":0.8541949,"size":0.9,"_time":134.421875},{"$id":"465","sounds":[{"d":0.277771,"p":50,"v":27}],"pos":-0.880374432,"size":0.9,"_time":134.613281},{"$id":"466","sounds":[{"d":0.378082275,"p":55,"v":57}],"pos":-0.366331577,"size":0.9,"_time":135.523438},{"$id":"467","sounds":[{"d":0.177474976,"p":57,"v":60}],"pos":1.18741322,"size":0.9,"_time":135.734375},{"$id":"468","sounds":[{"d":2.114212,"p":41,"v":35}],"pos":-1.85367537,"size":0.9,"_time":136.089844},{"$id":"469","sounds":[{"d":0.98765564,"p":55,"v":50}],"pos":0.271670818,"size":0.9,"_time":136.117188},{"$id":"470","sounds":[{"d":1.95988464,"p":48,"v":49}],"pos":-0.8536753,"size":0.9,"_time":136.164063},{"$id":"471","sounds":[{"d":0.88734436,"p":57,"v":42}],"pos":0.438453257,"size":0.9,"_time":136.171875},{"$id":"472","sounds":[{"d":1.86729431,"p":53,"v":27}],"pos":-0.3536753,"size":0.9,"_time":136.265625},{"$id":"473","sounds":[{"d":0.7793274,"p":60,"v":40}],"pos":0.9244104,"size":0.9,"_time":136.28125},{"$id":"474","sounds":[{"d":0.825622559,"p":64,"v":57}],"pos":1.56310606,"size":0.9,"_time":136.304688},{"$id":"475","sounds":[{"d":0.671295166,"p":62,"v":42}],"pos":-0.5454235,"size":1.0,"_time":138.140625},{"$id":"476","sounds":[{"d":0.401245117,"p":67,"v":55}],"pos":0.828537,"size":1.0,"_time":138.324219},{"$id":"477","sounds":[{"d":0.26234436,"p":69,"v":49}],"pos":1.411408,"size":1.0,"_time":138.695313},{"$id":"478","sounds":[{"d":2.75466919,"p":36,"v":17}],"pos":-1.4729538,"size":0.9,"_time":139.074219},{"$id":"479","sounds":[{"d":1.00308228,"p":62,"v":47}],"pos":0.869279861,"size":0.9,"_time":139.105469},{"$id":"480","sounds":[{"d":2.708374,"p":43,"v":46}],"pos":-0.923195839,"size":0.9,"_time":139.152344},{"$id":"481","sounds":[{"d":0.9182129,"p":67,"v":38}],"pos":1.49427986,"size":0.9,"_time":139.167969},{"$id":"482","sounds":[{"d":0.4784088,"p":48,"v":38}],"pos":-0.353673935,"size":0.9,"_time":139.207031},{"$id":"483","sounds":[{"d":0.8333435,"p":71,"v":55}],"pos":1.99427986,"size":0.9,"_time":139.28125},{"$id":"484","sounds":[{"d":0.0771637,"p":71,"v":70}],"pos":0.944520831,"size":1.0,"_time":140.925781},{"$id":"485","sounds":[{"d":0.115753174,"p":72,"v":20}],"pos":1.83356476,"size":1.0,"_time":141.011719},{"$id":"486","sounds":[{"d":0.192901611,"p":71,"v":50}],"pos":0.944522858,"size":1.0,"_time":141.125},{"$id":"487","sounds":[{"d":0.177474976,"p":67,"v":49}],"pos":0.221914262,"size":1.0,"_time":141.328125},{"$id":"488","sounds":[{"d":0.1388855,"p":62,"v":37}],"pos":-1.77739239,"size":1.0,"_time":141.5039},{"$id":"489","sounds":[{"d":1.84413147,"p":55,"v":29}],"pos":0.271671772,"size":1.0,"_time":141.890625},{"$id":"490","sounds":[{"d":1.39660645,"p":57,"v":43}],"pos":0.6386967,"size":1.0,"_time":142.230469},{"$id":"491","sounds":[{"d":2.30709839,"p":48,"v":46}],"pos":-0.610957146,"size":1.0,"_time":142.230469},{"$id":"492","sounds":[{"d":1.38117981,"p":60,"v":47}],"pos":1.0,"size":1.0,"_time":142.2461},{"$id":"493","sounds":[{"d":2.32254028,"p":41,"v":43}],"pos":-1.0,"size":1.0,"_time":142.2461},{"$id":"494","sounds":[{"d":0.9413605,"p":53,"v":45}],"pos":-1.5,"size":1.0,"_time":142.2539},{"$id":"495","sounds":[{"d":1.43518066,"p":64,"v":43}],"pos":1.5,"size":1.0,"_time":142.261719},{"$id":"496","sounds":[{"d":0.5632782,"p":53,"v":24}],"pos":-1.58720493,"size":1.0,"_time":143.859375},{"$id":"497","sounds":[{"d":0.439819336,"p":60,"v":57}],"pos":0.00901460648,"size":1.0,"_time":144.097656},{"$id":"498","sounds":[{"d":0.300933838,"p":62,"v":64}],"pos":1.86789179,"size":0.9,"_time":144.675781},{"$id":"499","sounds":[{"d":0.108032227,"p":61,"v":50}],"pos":1.07715034,"size":0.9,"_time":144.96875},{"$id":"500","sounds":[{"d":0.1388855,"p":60,"v":62}],"pos":0.5637988,"size":0.9,"_time":145.070313},{"$id":"501","sounds":[{"d":2.260788,"p":36,"v":50}],"pos":-1.5762825,"size":1.0,"_time":145.117188},{"$id":"502","sounds":[{"d":0.4861145,"p":59,"v":40}],"pos":0.2723646,"size":0.9,"_time":145.160156},{"$id":"503","sounds":[{"d":1.58178711,"p":43,"v":7}],"pos":-1.39476442,"size":0.9,"_time":145.832031},{"$id":"504","sounds":[{"d":0.4552307,"p":48,"v":33}],"pos":-0.825244546,"size":0.9,"_time":146.074219},{"$id":"505","sounds":[{"d":0.5169678,"p":55,"v":61}],"pos":1.13158739,"size":0.9,"_time":146.28125},{"$id":"506","sounds":[{"d":0.2546234,"p":50,"v":53}],"pos":-0.103676379,"size":0.9,"_time":146.488281},{"$id":"507","sounds":[{"d":0.254638672,"p":48,"v":34}],"pos":-0.852982044,"size":0.9,"_time":147.207031},{"$id":"508","sounds":[{"d":0.2700653,"p":55,"v":42}],"pos":0.660021365,"size":0.9,"_time":147.40625},{"$id":"509","sounds":[{"d":0.1388855,"p":57,"v":69}],"pos":1.27063143,"size":0.9,"_time":147.585938},{"$id":"510","sounds":[{"d":2.06788635,"p":41,"v":47}],"pos":-2.0,"size":0.9,"_time":147.949219},{"$id":"511","sounds":[{"d":1.180542,"p":55,"v":54}],"pos":0.2496528,"size":0.799999952,"_time":147.972656},{"$id":"512","sounds":[{"d":1.10339355,"p":57,"v":55}],"pos":0.5,"size":0.799999952,"_time":148.03125},{"$id":"513","sounds":[{"d":0.486099243,"p":48,"v":22}],"pos":-1.04715633,"size":0.799999952,"_time":148.039063},{"$id":"514","sounds":[{"d":1.01080322,"p":60,"v":37}],"pos":1.0,"size":0.799999952,"_time":148.125},{"$id":"515","sounds":[{"d":1.535492,"p":53,"v":52}],"pos":-0.422156334,"size":0.799999952,"_time":148.140625},{"$id":"516","sounds":[{"d":0.956802368,"p":64,"v":47}],"pos":1.5,"size":0.799999952,"_time":148.179688},{"$id":"517","sounds":[{"d":0.4320984,"p":62,"v":38}],"pos":-0.5,"size":1.0,"_time":150.0},{"$id":"518","sounds":[{"d":0.2700653,"p":67,"v":54}],"pos":0.6948681,"size":1.0,"_time":150.1914},{"$id":"519","sounds":[{"d":0.192901611,"p":69,"v":55}],"pos":1.38834941,"size":1.2,"_time":150.570313},{"$id":"520","sounds":[{"d":1.7515564,"p":36,"v":35}],"pos":-1.61165047,"size":0.9,"_time":150.8711},{"$id":"521","sounds":[{"d":0.7870331,"p":62,"v":53}],"pos":1.0079751,"size":0.9,"_time":150.957031},{"$id":"522","sounds":[{"d":1.65124512,"p":43,"v":47}],"pos":-0.7567612,"size":0.9,"_time":150.964844},{"$id":"523","sounds":[{"d":0.694442749,"p":67,"v":43}],"pos":1.6329751,"size":0.9,"_time":151.035156},{"$id":"524","sounds":[{"d":1.51235962,"p":48,"v":29}],"pos":-0.159500688,"size":1.0,"_time":151.097656},{"$id":"525","sounds":[{"d":0.6481476,"p":71,"v":59}],"pos":2.0,"size":1.0,"_time":151.125},{"$id":"526","sounds":[{"d":0.9953766,"p":67,"v":118}],"pos":1.13366938,"size":1.2,"_time":152.617188},{"$id":"527","sounds":[{"d":0.2932129,"p":62,"v":102}],"pos":-1.04472923,"size":1.2,"_time":153.347656}],"links":[{"notes":[{"$ref":"14"},{"$ref":"15"},{"$ref":"17"}]},{"notes":[{"$ref":"27"},{"$ref":"29"},{"$ref":"31"},{"$ref":"32"}]},{"notes":[{"$ref":"26"},{"$ref":"28"},{"$ref":"30"}]},{"notes":[{"$ref":"39"},{"$ref":"41"},{"$ref":"42"}]},{"notes":[{"$ref":"38"},{"$ref":"40"},{"$ref":"43"}]},{"notes":[{"$ref":"59"},{"$ref":"60"},{"$ref":"62"}]},{"notes":[{"$ref":"72"},{"$ref":"74"},{"$ref":"76"},{"$ref":"77"}]},{"notes":[{"$ref":"71"},{"$ref":"73"},{"$ref":"75"}]},{"notes":[{"$ref":"85"},{"$ref":"86"},{"$ref":"88"}]},{"notes":[{"$ref":"83"},{"$ref":"84"},{"$ref":"87"}]},{"notes":[{"$ref":"104"},{"$ref":"105"},{"$ref":"107"}]},{"notes":[{"$ref":"118"},{"$ref":"119"},{"$ref":"122"},{"$ref":"123"}]},{"notes":[{"$ref":"120"},{"$ref":"121"}]},{"notes":[{"$ref":"135"},{"$ref":"136"},{"$ref":"137"},{"$ref":"138"}]},{"notes":[{"$ref":"148"},{"$ref":"149"},{"$ref":"151"}]},{"notes":[{"$ref":"168"},{"$ref":"169"},{"$ref":"172"}]},{"notes":[{"$ref":"167"},{"$ref":"170"},{"$ref":"171"}]},{"notes":[{"$ref":"173"},{"$ref":"174"},{"$ref":"175"},{"$ref":"176"}]},{"notes":[{"$ref":"178"},{"$ref":"180"},{"$ref":"181"},{"$ref":"183"}]},{"notes":[{"$ref":"177"},{"$ref":"179"},{"$ref":"182"}]},{"notes":[{"$ref":"362"},{"$ref":"363"},{"$ref":"364"}]},{"notes":[{"$ref":"278"},{"$ref":"279"}]},{"notes":[{"$ref":"358"},{"$ref":"359"},{"$ref":"360"}]},{"notes":[{"$ref":"415"},{"$ref":"417"}]},{"notes":[{"$ref":"423"},{"$ref":"424"},{"$ref":"426"},{"$ref":"427"}]},{"notes":[{"$ref":"448"},{"$ref":"449"},{"$ref":"452"}]},{"notes":[{"$ref":"450"},{"$ref":"451"},{"$ref":"453"}]},{"notes":[{"$ref":"458"},{"$ref":"459"},{"$ref":"461"}]},{"notes":[{"$ref":"469"},{"$ref":"471"},{"$ref":"473"},{"$ref":"474"}]},{"notes":[{"$ref":"468"},{"$ref":"470"},{"$ref":"472"}]},{"notes":[{"$ref":"479"},{"$ref":"481"},{"$ref":"483"}]},{"notes":[{"$ref":"478"},{"$ref":"480"},{"$ref":"482"}]},{"notes":[{"$ref":"491"},{"$ref":"493"},{"$ref":"494"}]},{"notes":[{"$ref":"490"},{"$ref":"492"},{"$ref":"495"}]},{"notes":[{"$ref":"499"},{"$ref":"500"},{"$ref":"502"}]},{"notes":[{"$ref":"510"},{"$ref":"513"},{"$ref":"515"}]},{"notes":[{"$ref":"511"},{"$ref":"512"},{"$ref":"514"},{"$ref":"516"}]},{"notes":[{"$ref":"521"},{"$ref":"523"},{"$ref":"525"}]},{"notes":[{"$ref":"520"},{"$ref":"522"},{"$ref":"524"}]},{"notes":[{"$ref":"217"},{"$ref":"219"}]},{"notes":[{"$ref":"224"},{"$ref":"225"}]},{"notes":[{"$ref":"230"},{"$ref":"232"}]},{"notes":[{"$ref":"239"},{"$ref":"241"}]},{"notes":[{"$ref":"250"},{"$ref":"252"}]},{"notes":[{"$ref":"262"},{"$ref":"264"}]},{"notes":[{"$ref":"325"},{"$ref":"327"}]}]}