{"speed":1.07,"notes":[{"$id":"1","sounds":[{"d":0.69038415,"p":82,"v":97},{"d":0.69038415,"p":77,"v":97}],"pos":1.0,"size":1.2,"_time":3.69140625},{"$id":"2","sounds":[{"d":1.844229,"p":39,"v":97}],"pos":3.875,"size":1.0,"_time":3.69140625},{"$id":"3","sounds":[{"d":1.61346006,"p":46,"v":80}],"pos":7.5,"size":1.0,"_time":3.921875},{"$id":"4","sounds":[{"d":1.38269091,"p":55,"v":93}],"pos":8.5,"size":1.0,"_time":4.15234375},{"$id":"5","sounds":[{"d":0.6903839,"p":77,"v":95},{"d":0.6903839,"p":82,"v":95}],"pos":1.0,"size":1.2,"_time":4.3828125},{"$id":"6","sounds":[{"d":1.15192175,"p":62,"v":84}],"pos":6.5,"size":1.0,"_time":4.3828125},{"$id":"7","sounds":[{"d":0.459614754,"p":81,"v":90}],"pos":-1.0,"size":1.0,"_time":5.078125},{"$id":"8","sounds":[{"d":0.6903844,"p":82,"v":101},{"d":0.6903844,"p":77,"v":101}],"pos":1.0,"size":1.2,"_time":5.5390625},{"$id":"9","sounds":[{"d":1.84422922,"p":41,"v":99}],"pos":11.5,"size":1.0,"_time":5.5390625},{"$id":"10","sounds":[{"d":1.61346006,"p":46,"v":83}],"pos":8.0,"size":1.0,"_time":5.76953125},{"$id":"11","sounds":[{"d":1.38269091,"p":55,"v":92}],"pos":9.0,"size":1.0,"_time":6.0},{"$id":"12","sounds":[{"d":0.6903839,"p":77,"v":100},{"d":0.6903839,"p":82,"v":100}],"pos":1.0,"size":1.2,"_time":6.23046875},{"$id":"13","sounds":[{"d":1.15192175,"p":62,"v":83}],"pos":15.5,"size":1.0,"_time":6.23046875},{"$id":"14","sounds":[{"d":0.459614754,"p":81,"v":88}],"pos":-1.0,"size":1.0,"_time":6.921875},{"$id":"15","sounds":[{"d":0.921153069,"p":77,"v":90},{"d":0.921153069,"p":82,"v":90}],"size":1.1,"_time":7.3828125},{"$id":"16","sounds":[{"d":0.921153069,"p":41,"v":101}],"pos":4.125,"size":1.0,"_time":7.3828125},{"$id":"17","sounds":[{"d":0.6903839,"p":46,"v":85}],"pos":7.0,"size":1.0,"_time":7.6171875},{"$id":"18","sounds":[{"d":0.459614754,"p":60,"v":94}],"pos":8.0,"size":1.0,"_time":7.84765625},{"$id":"19","sounds":[{"d":0.6903839,"p":84,"v":87},{"d":0.6903839,"p":79,"v":87}],"pos":1.0,"size":1.1,"_time":8.308594},{"$id":"20","sounds":[{"d":0.6903839,"p":42,"v":98}],"pos":4.25,"size":1.0,"_time":8.308594},{"$id":"21","sounds":[{"d":0.459614754,"p":46,"v":85}],"pos":7.0,"size":1.0,"_time":8.5390625},{"$id":"22","sounds":[{"d":0.2288456,"p":60,"v":93}],"pos":8.0,"size":1.0,"_time":8.769531},{"$id":"23","sounds":[{"d":1.15192223,"p":77,"v":85},{"d":1.15192223,"p":82,"v":85}],"size":1.1,"_time":9.0},{"$id":"24","sounds":[{"d":2.074997,"p":50,"v":84}],"pos":5.25,"size":1.0,"_time":9.0},{"$id":"25","sounds":[{"d":2.074997,"p":43,"v":84}],"pos":4.375,"size":1.0,"_time":9.0},{"$id":"26","sounds":[{"d":0.113461494,"p":82,"v":87}],"pos":-0.5,"size":1.0,"_time":10.6171875},{"$id":"27","sounds":[{"d":0.113461494,"p":84,"v":84}],"size":1.0,"_time":10.7304688},{"$id":"28","sounds":[{"d":0.113461494,"p":86,"v":83}],"pos":0.5,"size":1.0,"_time":10.8476563},{"$id":"29","sounds":[{"d":0.2288456,"p":86,"v":84}],"pos":0.5,"size":1.0,"_time":11.078125},{"$id":"30","sounds":[{"d":1.84422588,"p":39,"v":95}],"pos":10.5,"size":1.0,"_time":11.078125},{"$id":"31","sounds":[{"d":0.459614754,"p":77,"v":86},{"d":0.459614754,"p":82,"v":86}],"pos":-1.0,"size":1.2,"_time":11.3085938},{"$id":"32","sounds":[{"d":1.61345768,"p":46,"v":81}],"pos":4.75,"size":1.0,"_time":11.3085938},{"$id":"33","sounds":[{"d":1.38268852,"p":55,"v":91}],"pos":9.5,"size":1.0,"_time":11.5390625},{"$id":"34","sounds":[{"d":0.459614754,"p":79,"v":87},{"d":0.459614754,"p":74,"v":87}],"pos":1.0,"size":1.30000007,"_time":11.7695313},{"$id":"35","sounds":[{"d":1.15192032,"p":62,"v":81}],"pos":4.5,"size":1.0,"_time":11.7695313},{"$id":"36","sounds":[{"d":0.459614754,"p":72,"v":83},{"d":0.459614754,"p":77,"v":83}],"pos":-1.0,"size":1.2,"_time":12.2304688},{"$id":"37","sounds":[{"d":0.4596138,"p":77,"v":82},{"d":0.4596138,"p":72,"v":82}],"pos":-1.0,"size":1.2,"_time":12.6914063},{"$id":"38","sounds":[{"d":1.84422684,"p":38,"v":96}],"pos":9.0,"size":1.0,"_time":12.921875},{"$id":"39","sounds":[{"d":0.459614754,"p":82,"v":87},{"d":0.459614754,"p":77,"v":87}],"pos":1.0,"size":1.2,"_time":13.1523438},{"$id":"40","sounds":[{"d":1.61345863,"p":46,"v":82}],"pos":4.75,"size":1.0,"_time":13.1523438},{"$id":"41","sounds":[{"d":1.38268948,"p":53,"v":98}],"pos":6.0,"size":1.0,"_time":13.3828125},{"$id":"42","sounds":[{"d":0.6903839,"p":82,"v":83},{"d":0.6903839,"p":77,"v":83}],"pos":1.0,"size":1.2,"_time":13.6171875},{"$id":"43","sounds":[{"d":1.15192127,"p":60,"v":81}],"pos":6.5,"size":1.0,"_time":13.6171875},{"$id":"44","sounds":[{"d":0.459614754,"p":79,"v":79},{"d":0.459614754,"p":84,"v":79}],"pos":2.0,"size":1.2,"_time":14.3085938},{"$id":"45","sounds":[{"d":0.921153069,"p":82,"v":82},{"d":0.921153069,"p":77,"v":82},{"d":0.921153069,"p":58,"v":100},{"d":0.921153069,"p":51,"v":100}],"pos":-0.5,"size":1.4000001,"_time":14.7695313},{"$id":"46","sounds":[{"d":0.6903839,"p":60,"v":100},{"d":0.6903839,"p":53,"v":100},{"d":0.6903839,"p":84,"v":88},{"d":0.6903839,"p":79,"v":88}],"pos":0.5,"size":1.4000001,"_time":15.6914063},{"$id":"47","sounds":[{"d":1.38268852,"p":82,"v":91},{"d":1.38268852,"p":77,"v":91},{"d":0.4596157,"p":55,"v":100},{"d":0.4596157,"p":62,"v":100}],"pos":-0.5,"size":1.4000001,"_time":16.3828125},{"$id":"48","sounds":[{"d":0.2288456,"p":50,"v":39},{"d":0.2288456,"p":43,"v":39},{"d":0.113460541,"p":62,"v":39},{"d":0.113460541,"p":65,"v":39},{"d":0.113460541,"p":58,"v":39}],"pos":11.0,"size":1.2,"_time":16.8476563},{"$id":"49","sounds":[{"d":0.113460541,"p":62,"v":63},{"d":0.113460541,"p":58,"v":63},{"d":0.113460541,"p":65,"v":63},{"d":0.2288456,"p":43,"v":63},{"d":0.2288456,"p":50,"v":63}],"pos":12.0,"size":1.2,"_time":17.078125},{"$id":"50","sounds":[{"d":0.113460541,"p":62,"v":74},{"d":0.113460541,"p":58,"v":74},{"d":0.113460541,"p":65,"v":74},{"d":0.2288456,"p":43,"v":74},{"d":0.2288456,"p":50,"v":74}],"pos":11.0,"size":1.2,"_time":17.3085938},{"$id":"51","sounds":[{"d":0.2288456,"p":50,"v":91},{"d":0.2288456,"p":43,"v":91},{"d":0.113460541,"p":58,"v":91},{"d":0.113460541,"p":62,"v":91},{"d":0.113460541,"p":65,"v":91}],"pos":12.0,"size":1.1,"_time":17.5390625},{"$id":"52","sounds":[{"d":0.2288456,"p":43,"v":97},{"d":0.2288456,"p":50,"v":97},{"d":0.113460541,"p":58,"v":97},{"d":0.113460541,"p":62,"v":97},{"d":0.113460541,"p":65,"v":97}],"pos":11.0,"size":1.1,"_time":17.7695313},{"$id":"53","sounds":[{"d":0.113460541,"p":58,"v":101},{"d":0.2288456,"p":43,"v":101},{"d":0.113460541,"p":65,"v":101},{"d":0.113460541,"p":62,"v":101},{"d":0.2288456,"p":50,"v":101}],"pos":11.5,"size":1.4000001,"_time":18.0},{"$id":"54","sounds":[{"d":0.4596119,"p":84,"v":93},{"d":0.4596119,"p":79,"v":93}],"pos":-1.0,"size":1.2,"_time":18.0},{"$id":"55","sounds":[{"d":0.228843689,"p":43,"v":108},{"d":0.228843689,"p":50,"v":108},{"d":0.113460541,"p":62,"v":108},{"d":0.113460541,"p":65,"v":108},{"d":0.113460541,"p":58,"v":108}],"pos":9.0,"size":1.1,"_time":18.2304688},{"$id":"56","sounds":[{"d":0.113460541,"p":85,"v":38}],"pos":5.5,"size":1.2,"_time":18.3476563},{"$id":"57","sounds":[{"d":1.38269043,"p":79,"v":99},{"d":1.38269043,"p":86,"v":99}],"pos":1.0,"size":1.2,"_time":18.4609375},{"$id":"58","sounds":[{"d":1.84422874,"p":39,"v":100}],"pos":8.0,"size":1.0,"_time":18.4609375},{"$id":"59","sounds":[{"d":1.15192223,"p":55,"v":93},{"d":1.15192223,"p":62,"v":93},{"d":1.15192223,"p":58,"v":93}],"pos":8.0,"size":1.30000007,"_time":19.1523438},{"$id":"60","sounds":[{"d":0.4596157,"p":79,"v":86},{"d":0.4596157,"p":84,"v":86}],"pos":-1.0,"size":1.30000007,"_time":19.8476563},{"$id":"61","sounds":[{"d":0.9211521,"p":79,"v":99},{"d":0.9211521,"p":86,"v":99}],"pos":1.0,"size":1.30000007,"_time":20.3085938},{"$id":"62","sounds":[{"d":1.84422684,"p":39,"v":103}],"pos":3.875,"size":1.0,"_time":20.3085938},{"$id":"63","sounds":[{"d":1.15192032,"p":62,"v":91},{"d":1.15192032,"p":58,"v":91},{"d":1.15192032,"p":55,"v":91}],"pos":5.5,"size":1.2,"_time":21.0},{"$id":"64","sounds":[{"d":0.6903839,"p":79,"v":87},{"d":0.6903839,"p":84,"v":87}],"pos":0.5,"size":1.2,"_time":21.2304688},{"$id":"65","sounds":[{"d":0.113460541,"p":83,"v":51}],"pos":0.5,"size":1.1,"_time":21.8085938},{"$id":"66","sounds":[{"d":2.074997,"p":82,"v":96},{"d":2.074997,"p":77,"v":96}],"pos":-0.5,"size":1.1,"_time":21.921875},{"$id":"67","sounds":[{"d":1.84422874,"p":38,"v":102}],"pos":12.0,"size":1.0,"_time":22.1523438},{"$id":"68","sounds":[{"d":1.15192223,"p":58,"v":92},{"d":1.15192223,"p":53,"v":92}],"pos":9.5,"size":1.2,"_time":22.8476563},{"$id":"69","sounds":[{"d":1.15192223,"p":60,"v":92}],"pos":11.5,"size":1.2,"_time":22.8476563},{"$id":"70","sounds":[{"d":1.84422493,"p":43,"v":100}],"pos":9.5,"size":1.0,"_time":24.0},{"$id":"71","sounds":[{"d":1.15191841,"p":58,"v":94}],"pos":12.0,"size":1.2,"_time":24.6914063},{"$id":"72","sounds":[{"d":1.15191841,"p":53,"v":94},{"d":1.15191841,"p":50,"v":94}],"pos":10.0,"size":1.2,"_time":24.6914063},{"$id":"73","sounds":[{"d":0.113460541,"p":82,"v":84}],"pos":-0.7226076,"size":1.0,"_time":25.1523438},{"$id":"74","sounds":[{"d":0.113460541,"p":84,"v":92}],"size":1.0,"_time":25.2695313},{"$id":"75","sounds":[{"d":0.2288456,"p":86,"v":96}],"pos":0.6948681,"size":1.0,"_time":25.3828125},{"$id":"76","sounds":[{"d":0.113460541,"p":89,"v":92}],"pos":1.5,"size":1.0,"_time":25.6171875},{"$id":"77","sounds":[{"d":0.9211521,"p":77,"v":95},{"d":0.9211521,"p":82,"v":95}],"pos":-1.0,"size":1.2,"_time":25.8476563},{"$id":"78","sounds":[{"d":1.84422684,"p":39,"v":102}],"pos":6.5,"size":1.0,"_time":25.8476563},{"$id":"79","sounds":[{"d":1.15192032,"p":55,"v":93},{"d":1.15192032,"p":62,"v":93},{"d":1.15192032,"p":58,"v":93}],"pos":7.5,"size":1.30000007,"_time":26.5390625},{"$id":"80","sounds":[{"d":0.113460541,"p":77,"v":94},{"d":0.113460541,"p":82,"v":94}],"pos":1.0,"size":1.1,"_time":27.0},{"$id":"81","sounds":[{"d":0.113460541,"p":81,"v":82},{"d":0.113460541,"p":77,"v":82}],"pos":-0.5,"size":1.1,"_time":27.2304688},{"$id":"82","sounds":[{"d":0.113460541,"p":77,"v":96},{"d":0.113460541,"p":82,"v":96}],"pos":1.0,"size":1.1,"_time":27.4609375},{"$id":"83","sounds":[{"d":0.2288456,"p":81,"v":94},{"d":0.2288456,"p":77,"v":94}],"pos":-1.0,"size":1.30000007,"_time":27.6914063},{"$id":"84","sounds":[{"d":0.9211521,"p":57,"v":89},{"d":0.9211521,"p":53,"v":101},{"d":0.9211521,"p":60,"v":89}],"pos":6.5,"size":1.30000007,"_time":27.6914063},{"$id":"85","sounds":[{"d":0.113460541,"p":77,"v":88},{"d":0.113460541,"p":81,"v":88}],"pos":-1.0,"size":1.30000007,"_time":28.0390625},{"$id":"86","sounds":[{"d":0.2288456,"p":77,"v":95},{"d":0.2288456,"p":81,"v":95}],"pos":-1.0,"size":1.4000001,"_time":28.3828125},{"$id":"87","sounds":[{"d":0.2288456,"p":79,"v":94},{"d":0.2288456,"p":84,"v":94}],"pos":0.667128563,"size":1.30000007,"_time":28.6171875},{"$id":"88","sounds":[{"d":0.9211521,"p":60,"v":105},{"d":0.9211521,"p":57,"v":105},{"d":0.9211521,"p":54,"v":105}],"pos":9.0,"size":1.2,"_time":28.6171875},{"$id":"89","sounds":[{"d":0.113460541,"p":79,"v":89},{"d":0.113460541,"p":84,"v":89}],"pos":0.667128563,"size":1.30000007,"_time":28.9609375},{"$id":"90","sounds":[{"d":0.2288456,"p":79,"v":98},{"d":0.2288456,"p":84,"v":98}],"pos":0.667128563,"size":1.30000007,"_time":29.3085938},{"$id":"91","sounds":[{"d":1.38269043,"p":79,"v":100},{"d":1.38269043,"p":86,"v":100}],"pos":-1.0,"size":1.30000007,"_time":29.5390625},{"$id":"92","sounds":[{"d":1.84422874,"p":43,"v":100}],"pos":9.5,"size":1.0,"_time":29.5390625},{"$id":"93","sounds":[{"d":1.15192223,"p":55,"v":90},{"d":1.15192223,"p":60,"v":90}],"pos":8.5,"size":1.0,"_time":30.2304688},{"$id":"94","sounds":[{"d":0.4596157,"p":84,"v":83},{"d":0.4596157,"p":79,"v":83}],"size":1.2,"_time":30.921875},{"$id":"95","sounds":[{"d":1.38269234,"p":79,"v":97},{"d":1.38269234,"p":86,"v":97}],"pos":1.0,"size":1.2,"_time":31.3828125},{"$id":"96","sounds":[{"d":1.84422874,"p":55,"v":97},{"d":1.84422874,"p":58,"v":97},{"d":1.84422874,"p":62,"v":97}],"pos":-1.0,"size":1.2,"_time":31.3828125},{"$id":"97","sounds":[{"d":0.4596138,"p":84,"v":90},{"d":0.4596138,"p":79,"v":90}],"pos":-0.5,"size":1.2,"_time":32.76953},{"$id":"98","sounds":[{"d":1.38269043,"p":86,"v":95},{"d":1.38269043,"p":79,"v":95}],"pos":0.5,"size":1.2,"_time":33.23047},{"$id":"99","sounds":[{"d":1.84422684,"p":39,"v":101}],"pos":-1.5,"size":1.1,"_time":33.23047},{"$id":"100","sounds":[{"d":1.15192032,"p":58,"v":91},{"d":1.15192032,"p":55,"v":91},{"d":1.15192032,"p":62,"v":91}],"pos":8.5,"size":1.30000007,"_time":33.921875},{"$id":"101","sounds":[{"d":0.4596138,"p":79,"v":85},{"d":0.4596138,"p":84,"v":85}],"size":1.2,"_time":34.6171875},{"$id":"102","sounds":[{"d":0.921154,"p":86,"v":93},{"d":0.921154,"p":79,"v":93}],"pos":1.0,"size":1.30000007,"_time":35.078125},{"$id":"103","sounds":[{"d":1.84423065,"p":39,"v":101}],"pos":-1.0,"size":1.0,"_time":35.078125},{"$id":"104","sounds":[{"d":1.15192413,"p":58,"v":90},{"d":1.15192413,"p":55,"v":90},{"d":1.15192413,"p":62,"v":90}],"pos":11.5,"size":1.30000007,"_time":35.76953},{"$id":"105","sounds":[{"d":0.6903839,"p":84,"v":83},{"d":0.6903839,"p":79,"v":83}],"pos":1.0,"size":1.0,"_time":36.0},{"$id":"106","sounds":[{"d":0.113460541,"p":83,"v":53}],"pos":0.5,"size":1.2,"_time":36.578125},{"$id":"107","sounds":[{"d":2.074997,"p":77,"v":96},{"d":2.074997,"p":82,"v":96}],"pos":-0.5,"size":1.2,"_time":36.6914063},{"$id":"108","sounds":[{"d":1.84422684,"p":38,"v":102}],"pos":11.5,"size":1.0,"_time":36.921875},{"$id":"109","sounds":[{"d":1.15192032,"p":58,"v":91},{"d":1.15192032,"p":53,"v":91},{"d":1.15192032,"p":60,"v":91}],"pos":8.0,"size":1.30000007,"_time":37.6171875},{"$id":"110","sounds":[{"d":1.844223,"p":43,"v":103}],"pos":12.5,"size":1.0,"_time":38.76953},{"$id":"111","sounds":[{"d":1.1519165,"p":58,"v":90},{"d":1.1519165,"p":50,"v":98},{"d":1.1519165,"p":53,"v":90}],"pos":8.5,"size":1.30000007,"_time":39.4609375},{"$id":"112","sounds":[{"d":0.113460541,"p":82,"v":65}],"size":1.0,"_time":39.921875},{"$id":"113","sounds":[{"d":0.113460541,"p":84,"v":83}],"pos":0.5,"size":1.0,"_time":40.0390625},{"$id":"114","sounds":[{"d":0.2288475,"p":86,"v":93}],"pos":1.0,"size":1.0,"_time":40.1523438},{"$id":"115","sounds":[{"d":0.113460541,"p":82,"v":94}],"pos":-1.5,"size":1.0,"_time":40.3828125},{"$id":"116","sounds":[{"d":0.113460541,"p":83,"v":53}],"pos":10.0,"size":1.0,"_time":40.5},{"$id":"117","sounds":[{"d":0.921154,"p":79,"v":96},{"d":0.921154,"p":84,"v":96}],"pos":0.5,"size":1.30000007,"_time":40.6171875},{"$id":"118","sounds":[{"d":1.844223,"p":39,"v":103}],"pos":3.875,"size":1.0,"_time":40.6171875},{"$id":"119","sounds":[{"d":1.1519165,"p":58,"v":92},{"d":1.1519165,"p":55,"v":92},{"d":1.1519165,"p":62,"v":92}],"pos":10.5,"size":1.30000007,"_time":41.3085938},{"$id":"120","sounds":[{"d":0.113460541,"p":82,"v":85}],"size":1.0,"_time":41.76953},{"$id":"121","sounds":[{"d":0.113460541,"p":84,"v":94}],"pos":1.5,"size":1.0,"_time":42.0},{"$id":"122","sounds":[{"d":0.113460541,"p":82,"v":85}],"size":1.0,"_time":42.23047},{"$id":"123","sounds":[{"d":0.9211502,"p":81,"v":98},{"d":0.9211502,"p":77,"v":98}],"pos":-1.0,"size":1.30000007,"_time":42.4609375},{"$id":"124","sounds":[{"d":1.844223,"p":38,"v":102}],"pos":3.75,"size":1.0,"_time":42.4609375},{"$id":"125","sounds":[{"d":1.1519165,"p":53,"v":92},{"d":1.1519165,"p":60,"v":92},{"d":1.1519165,"p":57,"v":92}],"pos":10.0,"size":1.30000007,"_time":43.1523438},{"$id":"126","sounds":[{"d":0.113460541,"p":85,"v":49}],"size":1.1,"_time":43.26953},{"$id":"127","sounds":[{"d":0.4596138,"p":86,"v":95},{"d":0.4596138,"p":81,"v":95}],"pos":1.0,"size":1.2,"_time":43.3828125},{"$id":"128","sounds":[{"d":0.4596138,"p":84,"v":95},{"d":0.4596138,"p":79,"v":95}],"size":1.2,"_time":43.8476563},{"$id":"129","sounds":[{"d":1.38269043,"p":77,"v":93},{"d":1.38269043,"p":82,"v":93}],"pos":-1.0,"size":1.2,"_time":44.3085938},{"$id":"130","sounds":[{"d":1.61346054,"p":34,"v":92}],"pos":3.25,"size":1.0,"_time":44.3085938},{"$id":"131","sounds":[{"d":0.921154,"p":62,"v":94},{"d":0.921154,"p":58,"v":94},{"d":0.921154,"p":53,"v":94}],"pos":13.5,"size":1.30000007,"_time":45.0},{"$id":"132","sounds":[{"d":2.074997,"p":77,"v":94}],"pos":-0.5,"size":1.0,"_time":45.921875},{"$id":"133","sounds":[{"d":2.074997,"p":82,"v":94}],"pos":1.5,"size":1.0,"_time":45.921875},{"$id":"134","sounds":[{"d":0.2288475,"p":58,"v":92},{"d":0.2288475,"p":62,"v":92}],"pos":14.5,"size":1.0,"_time":46.3828125},{"$id":"135","sounds":[{"d":0.2288475,"p":53,"v":92}],"pos":12.5,"size":1.0,"_time":46.3828125},{"$id":"136","sounds":[{"d":0.4596138,"p":53,"v":84}],"pos":12.5,"size":1.0,"_time":46.6171875},{"$id":"137","sounds":[{"d":0.6903801,"p":62,"v":84},{"d":0.574996948,"p":58,"v":84}],"pos":14.5,"size":1.0,"_time":46.6171875},{"$id":"138","sounds":[{"d":0.921154,"p":53,"v":84}],"pos":8.5,"size":1.0,"_time":47.078125},{"$id":"139","sounds":[{"d":0.8057709,"p":58,"v":91}],"pos":8.5,"size":1.0,"_time":47.1914063},{"$id":"140","sounds":[{"d":0.6903877,"p":62,"v":93}],"pos":9.5,"size":1.0,"_time":47.3085938},{"$id":"141","sounds":[{"d":0.4596176,"p":65,"v":97}],"pos":10.5,"size":1.0,"_time":47.5390625},{"$id":"142","sounds":[{"d":0.2288475,"p":70,"v":85}],"pos":11.5,"size":1.0,"_time":47.76953},{"$id":"143","sounds":[{"d":0.6903839,"p":55,"v":89},{"d":0.6903839,"p":51,"v":89},{"d":0.6903839,"p":58,"v":89}],"pos":-1.5,"size":1.4000001,"_time":48.0},{"$id":"144","sounds":[{"d":0.6903839,"p":62,"v":89},{"d":1.84422684,"p":67,"v":79}],"pos":1.0,"size":1.1,"_time":48.0},{"$id":"145","sounds":[{"d":1.15192032,"p":60,"v":87}],"pos":1.0,"size":1.2,"_time":48.6914063},{"$id":"146","sounds":[{"d":1.15192032,"p":57,"v":87},{"d":1.15192032,"p":53,"v":87}],"pos":-1.5,"size":1.2,"_time":48.6914063},{"$id":"147","sounds":[{"d":0.6903839,"p":57,"v":87},{"d":0.6903839,"p":50,"v":87},{"d":0.6903839,"p":53,"v":87},{"d":0.6903839,"p":60,"v":87}],"pos":-1.0,"size":1.50000012,"_time":49.8476563},{"$id":"148","sounds":[{"d":1.84422684,"p":70,"v":78}],"pos":1.5,"size":1.1,"_time":49.8476563},{"$id":"149","sounds":[{"d":1.15192032,"p":62,"v":87}],"pos":1.5,"size":1.0,"_time":50.5390625},{"$id":"150","sounds":[{"d":1.15192032,"p":58,"v":87},{"d":1.15192032,"p":53,"v":87},{"d":1.15192032,"p":55,"v":87}],"pos":-0.9722605,"size":1.30000007,"_time":50.5390625},{"$id":"151","sounds":[{"d":0.113460541,"p":76,"v":62}],"pos":1.0,"size":1.0,"_time":51.578125},{"$id":"152","sounds":[{"d":0.6903839,"p":55,"v":89},{"d":0.6903839,"p":48,"v":89},{"d":0.6903839,"p":51,"v":89},{"d":0.6903839,"p":58,"v":89}],"pos":11.0,"size":1.50000012,"_time":51.6914063},{"$id":"153","sounds":[{"d":0.921154,"p":77,"v":77}],"pos":1.5,"size":1.0,"_time":51.6914063},{"$id":"154","sounds":[{"d":1.15192413,"p":60,"v":88},{"d":1.15192413,"p":57,"v":88},{"d":1.15192413,"p":53,"v":88}],"pos":9.0,"size":1.30000007,"_time":52.3828125},{"$id":"155","sounds":[{"d":0.921154,"p":74,"v":82}],"size":1.0,"_time":52.6171875},{"$id":"156","sounds":[{"d":0.6903839,"p":53,"v":91},{"d":0.6903839,"p":50,"v":91},{"d":0.6903839,"p":60,"v":91},{"d":0.6903839,"p":57,"v":91}],"pos":11.0,"size":1.30000007,"_time":53.5390625},{"$id":"157","sounds":[{"d":0.921154,"p":72,"v":76}],"pos":-0.5,"size":1.0,"_time":53.5390625},{"$id":"158","sounds":[{"d":1.15192032,"p":62,"v":93},{"d":1.15192032,"p":53,"v":93},{"d":1.15192032,"p":55,"v":93},{"d":1.15192032,"p":58,"v":93}],"pos":11.0,"size":1.30000007,"_time":54.23047},{"$id":"159","sounds":[{"d":0.4596138,"p":74,"v":70}],"pos":2.0,"size":1.0,"_time":54.4609375},{"$id":"160","sounds":[{"d":0.4596138,"p":72,"v":76}],"pos":1.0,"size":1.0,"_time":54.921875},{"$id":"161","sounds":[{"d":0.6903839,"p":55,"v":93},{"d":0.6903839,"p":62,"v":93},{"d":0.6903839,"p":58,"v":93},{"d":0.6903839,"p":51,"v":93}],"pos":-2.0,"size":1.30000007,"_time":55.3828125},{"$id":"162","sounds":[{"d":1.84422684,"p":67,"v":73}],"size":1.0,"_time":55.3828125},{"$id":"163","sounds":[{"d":1.15192032,"p":60,"v":89},{"d":1.15192032,"p":53,"v":89},{"d":1.15192032,"p":57,"v":89}],"pos":-2.0,"size":1.30000007,"_time":56.078125},{"$id":"164","sounds":[{"d":0.6903839,"p":57,"v":90},{"d":0.6903839,"p":50,"v":90},{"d":0.6903839,"p":53,"v":90},{"d":0.6903839,"p":60,"v":90}],"pos":-1.0,"size":1.4000001,"_time":57.23047},{"$id":"165","sounds":[{"d":1.84422684,"p":74,"v":76}],"pos":1.0,"size":1.0,"_time":57.23047},{"$id":"166","sounds":[{"d":1.15192032,"p":62,"v":89}],"pos":1.0,"size":1.0,"_time":57.921875},{"$id":"167","sounds":[{"d":1.15192032,"p":58,"v":89},{"d":1.15192032,"p":55,"v":89},{"d":1.15192032,"p":53,"v":89}],"pos":-1.0,"size":1.2,"_time":57.921875},{"$id":"168","sounds":[{"d":0.6903839,"p":55,"v":89},{"d":0.6903839,"p":48,"v":89},{"d":0.6903839,"p":51,"v":89},{"d":0.6903839,"p":58,"v":89}],"pos":-0.5,"size":1.30000007,"_time":59.078125},{"$id":"169","sounds":[{"d":1.84422684,"p":79,"v":75}],"pos":1.5,"size":1.0,"_time":59.078125},{"$id":"170","sounds":[{"d":1.15192032,"p":57,"v":90},{"d":1.15192032,"p":53,"v":90}],"pos":-0.5,"size":1.0,"_time":59.76953},{"$id":"171","sounds":[{"d":1.15192032,"p":60,"v":90}],"pos":1.5,"size":1.0,"_time":59.76953},{"$id":"172","sounds":[{"d":0.6903839,"p":81,"v":74}],"pos":1.0,"size":1.0,"_time":60.921875},{"$id":"173","sounds":[{"d":0.6903839,"p":57,"v":89},{"d":0.6903839,"p":60,"v":89},{"d":0.6903839,"p":54,"v":89}],"pos":-1.0,"size":1.30000007,"_time":60.921875},{"$id":"174","sounds":[{"d":1.03653717,"p":82,"v":79}],"pos":1.5,"size":1.0,"_time":61.6171875},{"$id":"175","sounds":[{"d":1.15192032,"p":58,"v":96},{"d":1.15192032,"p":55,"v":96},{"d":1.15192032,"p":62,"v":96}],"pos":-1.0,"size":1.30000007,"_time":61.6171875},{"$id":"176","sounds":[{"d":0.4596138,"p":79,"v":86}],"pos":-1.0,"size":1.0,"_time":62.3085938},{"$id":"177","sounds":[{"d":0.113460541,"p":83,"v":31}],"size":1.0,"_time":62.6523438},{"$id":"178","sounds":[{"d":1.84423065,"p":41,"v":97}],"pos":5.0,"size":1.0,"_time":62.76953},{"$id":"179","sounds":[{"d":0.6903877,"p":84,"v":100},{"d":0.6903877,"p":79,"v":100}],"pos":1.0,"size":1.2,"_time":62.76953},{"$id":"180","sounds":[{"d":1.61346054,"p":48,"v":79}],"pos":9.5,"size":1.0,"_time":63.0},{"$id":"181","sounds":[{"d":1.38269043,"p":57,"v":89}],"pos":10.5,"size":1.0,"_time":63.23047},{"$id":"182","sounds":[{"d":0.6903801,"p":84,"v":91},{"d":0.6903801,"p":79,"v":91}],"pos":1.0,"size":1.1,"_time":63.4609375},{"$id":"183","sounds":[{"d":1.15192032,"p":64,"v":84}],"pos":7.5,"size":1.0,"_time":63.4609375},{"$id":"184","sounds":[{"d":0.4596176,"p":83,"v":83}],"pos":-1.0,"size":1.0,"_time":64.15234},{"$id":"185","sounds":[{"d":0.6903763,"p":79,"v":97},{"d":0.6903763,"p":84,"v":97}],"pos":1.0,"size":1.2,"_time":64.61719},{"$id":"186","sounds":[{"d":1.844223,"p":43,"v":94}],"pos":5.0,"size":1.0,"_time":64.61719},{"$id":"187","sounds":[{"d":1.61345673,"p":48,"v":77}],"pos":9.5,"size":1.0,"_time":64.84766},{"$id":"188","sounds":[{"d":1.38269043,"p":57,"v":89}],"pos":10.5,"size":1.0,"_time":65.078125},{"$id":"189","sounds":[{"d":1.15192413,"p":64,"v":80}],"pos":7.5,"size":1.0,"_time":65.30859},{"$id":"190","sounds":[{"d":0.6903839,"p":79,"v":93},{"d":0.6903839,"p":84,"v":93}],"pos":1.0,"size":1.1,"_time":65.30859},{"$id":"191","sounds":[{"d":0.4596176,"p":83,"v":77}],"pos":-1.0,"size":1.0,"_time":66.0},{"$id":"192","sounds":[{"d":0.9211502,"p":79,"v":94},{"d":0.9211502,"p":84,"v":94}],"pos":-0.5,"size":1.30000007,"_time":66.46094},{"$id":"193","sounds":[{"d":0.9211502,"p":43,"v":101}],"pos":5.0,"size":1.0,"_time":66.46094},{"$id":"194","sounds":[{"d":0.6903839,"p":48,"v":78}],"pos":9.5,"size":1.0,"_time":66.69141},{"$id":"195","sounds":[{"d":0.4596176,"p":62,"v":85}],"pos":10.5,"size":1.0,"_time":66.921875},{"$id":"196","sounds":[{"d":0.6903839,"p":81,"v":96},{"d":0.574996948,"p":86,"v":96}],"pos":1.0,"size":1.30000007,"_time":67.38281},{"$id":"197","sounds":[{"d":0.6903839,"p":44,"v":98}],"pos":5.0,"size":1.0,"_time":67.38281},{"$id":"198","sounds":[{"d":0.4596176,"p":48,"v":79}],"pos":9.0,"size":1.0,"_time":67.61719},{"$id":"199","sounds":[{"d":0.228851318,"p":62,"v":99}],"pos":10.5,"size":1.0,"_time":67.84766},{"$id":"200","sounds":[{"d":0.113464355,"p":85,"v":54}],"pos":0.5,"size":1.0,"_time":67.96094},{"$id":"201","sounds":[{"d":2.07501221,"p":45,"v":98}],"pos":4.625,"size":1.0,"_time":68.078125},{"$id":"202","sounds":[{"d":2.07501221,"p":52,"v":98}],"pos":5.5,"size":1.0,"_time":68.078125},{"$id":"203","sounds":[{"d":1.15192413,"p":79,"v":94},{"d":1.15192413,"p":84,"v":94}],"pos":-0.5,"size":1.0,"_time":68.078125},{"$id":"204","sounds":[{"d":0.113464355,"p":84,"v":74}],"size":1.0,"_time":69.69141},{"$id":"205","sounds":[{"d":0.113464355,"p":86,"v":85}],"pos":0.5,"size":1.0,"_time":69.80859},{"$id":"206","sounds":[{"d":0.113464355,"p":88,"v":88}],"pos":1.0,"size":1.0,"_time":69.921875},{"$id":"207","sounds":[{"d":0.228843689,"p":88,"v":94}],"pos":1.0,"size":1.0,"_time":70.15234},{"$id":"208","sounds":[{"d":1.844223,"p":41,"v":100}],"pos":8.0,"size":1.0,"_time":70.15234},{"$id":"209","sounds":[{"d":0.45961,"p":79,"v":84},{"d":0.45961,"p":84,"v":84}],"pos":-0.5,"size":1.2,"_time":70.38281},{"$id":"210","sounds":[{"d":1.61345673,"p":48,"v":78}],"pos":9.0,"size":1.0,"_time":70.38281},{"$id":"211","sounds":[{"d":1.38269043,"p":57,"v":98}],"pos":9.0,"size":1.0,"_time":70.61719},{"$id":"212","sounds":[{"d":0.4596176,"p":76,"v":94},{"d":0.4596176,"p":81,"v":94}],"pos":0.5,"size":1.2,"_time":70.84766},{"$id":"213","sounds":[{"d":1.15192413,"p":64,"v":86}],"pos":11.0,"size":1.0,"_time":70.84766},{"$id":"214","sounds":[{"d":0.4596176,"p":79,"v":95},{"d":0.4596176,"p":74,"v":76}],"pos":-1.5,"size":1.2,"_time":71.30859},{"$id":"215","sounds":[{"d":0.4596176,"p":79,"v":92},{"d":0.4596176,"p":74,"v":79}],"pos":-1.5,"size":1.2,"_time":71.76953},{"$id":"216","sounds":[{"d":1.84423065,"p":40,"v":98}],"pos":7.0,"size":1.0,"_time":72.0},{"$id":"217","sounds":[{"d":0.113464355,"p":83,"v":83}],"pos":0.5,"size":1.0,"_time":72.11719},{"$id":"218","sounds":[{"d":1.61345673,"p":48,"v":85}],"pos":11.0,"size":1.0,"_time":72.23047},{"$id":"219","sounds":[{"d":0.45961,"p":84,"v":93},{"d":0.45961,"p":79,"v":93}],"pos":1.0,"size":1.2,"_time":72.23047},{"$id":"220","sounds":[{"d":1.38269043,"p":55,"v":93}],"pos":10.0,"size":1.0,"_time":72.46094},{"$id":"221","sounds":[{"d":1.15192413,"p":79,"v":92},{"d":1.15192413,"p":84,"v":92}],"pos":1.0,"size":1.2,"_time":72.69141},{"$id":"222","sounds":[{"d":1.15192413,"p":62,"v":88}],"pos":11.0,"size":1.0,"_time":72.69141},{"$id":"223","sounds":[{"d":1.1519165,"p":76,"v":95},{"d":1.1519165,"p":81,"v":95}],"pos":-0.5,"size":1.30000007,"_time":73.84766},{"$id":"224","sounds":[{"d":1.844223,"p":41,"v":96}],"pos":11.5,"size":1.0,"_time":73.84766},{"$id":"225","sounds":[{"d":1.61345673,"p":48,"v":83}],"pos":12.5,"size":1.0,"_time":74.078125},{"$id":"226","sounds":[{"d":1.38269043,"p":57,"v":95}],"pos":13.5,"size":1.0,"_time":74.30859},{"$id":"227","sounds":[{"d":1.15192413,"p":64,"v":83}],"pos":14.5,"size":1.0,"_time":74.53906},{"$id":"228","sounds":[{"d":0.228843689,"p":81,"v":84}],"pos":-1.0,"size":1.0,"_time":75.0},{"$id":"229","sounds":[{"d":0.228843689,"p":84,"v":96}],"size":1.0,"_time":75.23047},{"$id":"230","sounds":[{"d":0.228851318,"p":86,"v":93},{"w":0.1171875,"d":0.113464355,"p":83,"v":57}],"pos":1.0,"size":1.0,"_time":75.46094},{"$id":"231","sounds":[{"d":0.9211502,"p":79,"v":100},{"d":0.9211502,"p":84,"v":100}],"size":1.2,"_time":75.69141},{"$id":"232","sounds":[{"d":0.9211502,"p":55,"v":93}],"pos":5.875,"size":1.0,"_time":75.69141},{"$id":"233","sounds":[{"d":0.9211502,"p":60,"v":93}],"pos":6.5,"size":1.0,"_time":75.69141},{"$id":"234","sounds":[{"d":0.9211502,"p":62,"v":93}],"pos":6.75,"size":1.0,"_time":75.69141},{"$id":"235","sounds":[{"d":0.9211502,"p":83,"v":93},{"d":0.9211502,"p":79,"v":93}],"pos":-1.0,"size":1.30000007,"_time":76.61328},{"$id":"236","sounds":[{"d":0.9211502,"p":62,"v":84},{"d":0.9211502,"p":59,"v":84},{"d":0.9211502,"p":55,"v":84}],"pos":11.0,"size":1.30000007,"_time":76.61328},{"$id":"237","sounds":[{"d":0.6903763,"p":79,"v":97},{"d":0.6903763,"p":84,"v":97}],"pos":1.0,"size":1.2,"_time":77.53906},{"$id":"238","sounds":[{"d":1.844223,"p":41,"v":97}],"pos":4.125,"size":1.0,"_time":77.53906},{"$id":"239","sounds":[{"d":1.61345673,"p":48,"v":80}],"pos":9.0,"size":1.0,"_time":77.76953},{"$id":"240","sounds":[{"d":1.38269043,"p":57,"v":93}],"pos":10.0,"size":1.0,"_time":78.0},{"$id":"241","sounds":[{"d":0.6903839,"p":84,"v":95},{"d":0.6903839,"p":79,"v":95}],"pos":1.0,"size":1.2,"_time":78.23047},{"$id":"242","sounds":[{"d":1.15192413,"p":64,"v":84}],"pos":7.0,"size":1.0,"_time":78.23047},{"$id":"243","sounds":[{"d":0.4596176,"p":83,"v":90}],"pos":-1.0,"size":1.0,"_time":78.921875},{"$id":"244","sounds":[{"d":0.6903763,"p":79,"v":101},{"d":0.6903763,"p":84,"v":101}],"pos":1.0,"size":1.1,"_time":79.38281},{"$id":"245","sounds":[{"d":1.844223,"p":43,"v":99}],"pos":4.375,"size":1.0,"_time":79.38281},{"$id":"246","sounds":[{"d":1.61345673,"p":48,"v":83}],"pos":8.0,"size":1.0,"_time":79.61328},{"$id":"247","sounds":[{"d":1.38269043,"p":57,"v":92}],"pos":9.0,"size":1.0,"_time":79.84766},{"$id":"248","sounds":[{"d":0.6903839,"p":79,"v":100},{"d":0.6903839,"p":84,"v":100}],"pos":1.0,"size":1.1,"_time":80.078125},{"$id":"249","sounds":[{"d":1.15192413,"p":64,"v":83}],"pos":7.0,"size":1.0,"_time":80.078125},{"$id":"250","sounds":[{"d":0.4596176,"p":83,"v":88}],"pos":-1.0,"size":1.0,"_time":80.76953},{"$id":"251","sounds":[{"d":0.9211502,"p":79,"v":96},{"d":0.9211502,"p":84,"v":96}],"size":1.30000007,"_time":81.23047},{"$id":"252","sounds":[{"d":0.9211502,"p":43,"v":101}],"pos":4.375,"size":1.0,"_time":81.23047},{"$id":"253","sounds":[{"d":0.6903839,"p":48,"v":85}],"pos":8.0,"size":1.0,"_time":81.46094},{"$id":"254","sounds":[{"d":0.4596176,"p":62,"v":94}],"pos":9.0,"size":1.0,"_time":81.69141},{"$id":"255","sounds":[{"d":0.6903839,"p":86,"v":87},{"d":0.6903839,"p":81,"v":87}],"pos":0.5,"size":1.2,"_time":82.15234},{"$id":"256","sounds":[{"d":0.6903839,"p":44,"v":98}],"pos":4.5,"size":1.0,"_time":82.15234},{"$id":"257","sounds":[{"d":0.4596176,"p":48,"v":85}],"pos":7.0,"size":1.0,"_time":82.38281},{"$id":"258","sounds":[{"d":0.228851318,"p":62,"v":93}],"pos":8.0,"size":1.0,"_time":82.61328},{"$id":"259","sounds":[{"d":0.113464355,"p":90,"v":39}],"pos":1.0,"size":1.0,"_time":82.73047},{"$id":"260","sounds":[{"d":2.07500458,"p":45,"v":84}],"pos":4.625,"size":1.0,"_time":82.84766},{"$id":"261","sounds":[{"d":2.07500458,"p":52,"v":84}],"pos":5.5,"size":1.0,"_time":82.84766},{"$id":"262","sounds":[{"d":1.15192413,"p":84,"v":94},{"d":1.15192413,"p":91,"v":94}],"pos":1.5,"size":1.1,"_time":82.84766},{"$id":"263","sounds":[{"d":0.4596176,"p":88,"v":90},{"d":0.4596176,"p":81,"v":90}],"pos":1.0,"size":1.2,"_time":84.0},{"$id":"264","sounds":[{"d":0.4596176,"p":86,"v":100},{"d":0.4596176,"p":81,"v":93}],"pos":-1.0,"size":1.2,"_time":84.46094},{"$id":"265","sounds":[{"d":1.844223,"p":81,"v":96},{"d":1.844223,"p":88,"v":96}],"pos":1.0,"size":1.2,"_time":84.921875},{"$id":"266","sounds":[{"d":1.844223,"p":41,"v":95}],"pos":4.125,"size":1.0,"_time":84.921875},{"$id":"267","sounds":[{"d":1.61345673,"p":48,"v":81}],"pos":10.5,"size":1.0,"_time":85.15234},{"$id":"268","sounds":[{"d":1.38269043,"p":57,"v":91}],"pos":11.5,"size":1.0,"_time":85.38281},{"$id":"269","sounds":[{"d":1.15192413,"p":64,"v":81}],"pos":9.5,"size":1.0,"_time":85.61328},{"$id":"270","sounds":[{"d":1.728836,"p":84,"v":83},{"d":1.728836,"p":79,"v":83}],"pos":-1.0,"size":1.2,"_time":86.76953},{"$id":"271","sounds":[{"d":1.844223,"p":40,"v":96}],"pos":4.0,"size":1.0,"_time":86.76953},{"$id":"272","sounds":[{"d":1.61345673,"p":48,"v":82}],"pos":9.5,"size":1.0,"_time":87.0},{"$id":"273","sounds":[{"d":1.38269043,"p":55,"v":98}],"pos":10.5,"size":1.0,"_time":87.23047},{"$id":"274","sounds":[{"d":1.15192413,"p":62,"v":81}],"pos":11.5,"size":1.0,"_time":87.46094},{"$id":"275","sounds":[{"d":0.9211502,"p":79,"v":82},{"d":0.9211502,"p":84,"v":82},{"d":0.9211502,"p":48,"v":100},{"d":0.9211502,"p":41,"v":100}],"pos":-1.0,"size":1.50000012,"_time":88.61328},{"$id":"276","sounds":[{"d":0.6903839,"p":86,"v":94},{"d":0.6903839,"p":81,"v":94},{"d":0.6903839,"p":50,"v":100},{"d":0.6903839,"p":43,"v":100}],"pos":1.0,"size":1.50000012,"_time":89.53906},{"$id":"277","sounds":[{"d":1.38271332,"p":79,"v":91},{"d":1.38271332,"p":84,"v":91},{"d":0.4596176,"p":52,"v":100},{"d":0.4596176,"p":45,"v":100}],"pos":-1.0,"size":1.4000001,"_time":90.23047},{"$id":"278","sounds":[{"d":0.113464355,"p":60,"v":48},{"d":0.113464355,"p":67,"v":48},{"d":0.113464355,"p":64,"v":48},{"d":0.228851318,"p":45,"v":39},{"d":0.228851318,"p":52,"v":39}],"pos":11.0,"size":1.30000007,"_time":90.69141},{"$id":"279","sounds":[{"d":0.113464355,"p":60,"v":50},{"d":0.113464355,"p":67,"v":50},{"d":0.113464355,"p":64,"v":50}],"pos":8.5,"size":1.30000007,"_time":90.80859},{"$id":"280","sounds":[{"d":0.113464355,"p":64,"v":54},{"d":0.113464355,"p":60,"v":54},{"d":0.113464355,"p":67,"v":54},{"d":0.228851318,"p":52,"v":63},{"d":0.228851318,"p":45,"v":63}],"pos":11.0,"size":1.30000007,"_time":90.921875},{"$id":"281","sounds":[{"d":0.113464355,"p":60,"v":57},{"d":0.113464355,"p":67,"v":57},{"d":0.113464355,"p":64,"v":57}],"pos":9.5,"size":1.30000007,"_time":91.03906},{"$id":"282","sounds":[{"d":0.113464355,"p":67,"v":60},{"d":0.113464355,"p":64,"v":60},{"d":0.113464355,"p":60,"v":60},{"d":0.228851318,"p":45,"v":74},{"d":0.228851318,"p":52,"v":74}],"pos":11.0,"size":1.30000007,"_time":91.15234},{"$id":"283","sounds":[{"d":0.113464355,"p":67,"v":64},{"d":0.113464355,"p":60,"v":64},{"d":0.113464355,"p":64,"v":64}],"pos":7.0,"size":1.30000007,"_time":91.26953},{"$id":"284","sounds":[{"d":0.113464355,"p":64,"v":67},{"d":0.113464355,"p":60,"v":67},{"d":0.113464355,"p":67,"v":67},{"d":0.228851318,"p":52,"v":91},{"d":0.228851318,"p":45,"v":91}],"pos":11.0,"size":1.30000007,"_time":91.38281},{"$id":"285","sounds":[{"d":0.113464355,"p":64,"v":72},{"d":0.113464355,"p":60,"v":72},{"d":0.113464355,"p":67,"v":72}],"pos":8.0,"size":1.30000007,"_time":91.5},{"$id":"286","pos":11.5,"size":1.0,"_time":91.50781},{"$id":"287","sounds":[{"d":0.69039917,"p":52,"v":97},{"d":0.69039917,"p":45,"v":97}],"pos":9.5,"size":1.2,"_time":91.61328},{"$id":"288","sounds":[{"d":0.113464355,"p":60,"v":86},{"d":0.113464355,"p":67,"v":86},{"d":0.113464355,"p":64,"v":86}],"pos":11.5,"size":1.30000007,"_time":91.73047},{"$id":"289","sounds":[{"d":0.113464355,"p":60,"v":88},{"d":0.113464355,"p":67,"v":88},{"d":0.113464355,"p":64,"v":88}],"pos":9.5,"size":1.30000007,"_time":91.84766},{"$id":"290","sounds":[{"d":0.113464355,"p":64,"v":95},{"d":0.113464355,"p":67,"v":95},{"d":0.113464355,"p":60,"v":95}],"pos":11.5,"size":1.30000007,"_time":91.96094},{"$id":"291","sounds":[{"d":0.113464355,"p":67,"v":110},{"d":0.113464355,"p":60,"v":110},{"d":0.113464355,"p":64,"v":110}],"pos":11.0,"size":1.30000007,"_time":92.19141},{"$id":"292","sounds":[{"d":0.228843689,"p":79,"v":77}],"pos":0.5,"size":1.0,"_time":92.30859},{"$id":"293","sounds":[{"d":1.84425354,"p":41,"v":97}],"pos":8.5,"size":1.0,"_time":92.30859},{"$id":"294","sounds":[{"d":1.61348724,"p":48,"v":79}],"pos":9.0,"size":1.0,"_time":92.53906},{"$id":"295","sounds":[{"d":0.228851318,"p":79,"v":72}],"pos":0.5,"size":1.0,"_time":92.65234},{"$id":"296","sounds":[{"d":1.38271332,"p":57,"v":89}],"pos":9.5,"size":1.0,"_time":92.76953},{"$id":"297","sounds":[{"d":1.15193939,"p":64,"v":84}],"pos":10.0,"size":1.0,"_time":93.0},{"$id":"298","sounds":[{"d":0.228843689,"p":79,"v":67}],"pos":0.5,"size":1.0,"_time":93.0},{"$id":"299","sounds":[{"d":0.113464355,"p":79,"v":72}],"pos":0.5,"size":1.0,"_time":93.23047},{"$id":"300","sounds":[{"d":0.113464355,"p":76,"v":73}],"pos":10.0,"size":1.0,"_time":93.34766},{"$id":"301","sounds":[{"d":0.113464355,"p":74,"v":74}],"pos":-0.5,"size":1.0,"_time":93.46094},{"$id":"302","sounds":[{"d":0.113464355,"p":76,"v":70}],"pos":10.0,"size":1.0,"_time":93.578125},{"$id":"303","sounds":[{"d":0.113464355,"p":79,"v":80}],"size":1.0,"_time":93.69141},{"$id":"304","sounds":[{"d":0.113464355,"p":81,"v":70}],"pos":8.0,"size":1.0,"_time":93.80859},{"$id":"305","sounds":[{"d":0.113464355,"p":84,"v":80}],"pos":0.5,"size":1.0,"_time":93.921875},{"$id":"306","sounds":[{"d":0.113464355,"p":81,"v":68}],"pos":6.5,"size":1.0,"_time":94.03906},{"$id":"307","sounds":[{"d":1.84425354,"p":43,"v":94}],"pos":9.0,"size":1.0,"_time":94.15234},{"$id":"308","sounds":[{"d":0.228843689,"p":79,"v":64}],"pos":-0.5,"size":1.0,"_time":94.15234},{"$id":"309","sounds":[{"d":1.61348724,"p":48,"v":77}],"pos":11.0,"size":1.0,"_time":94.38281},{"$id":"310","sounds":[{"d":0.228851318,"p":79,"v":70}],"pos":-0.5,"size":1.0,"_time":94.5},{"$id":"311","sounds":[{"d":1.38271332,"p":57,"v":89}],"pos":11.5,"size":1.0,"_time":94.61719},{"$id":"312","sounds":[{"d":1.15193939,"p":64,"v":80}],"pos":12.0,"size":1.0,"_time":94.84766},{"$id":"313","sounds":[{"d":0.228843689,"p":79,"v":62}],"pos":-0.5,"size":1.0,"_time":94.84766},{"$id":"314","sounds":[{"d":0.113464355,"p":80,"v":81}],"pos":-0.5,"size":1.0,"_time":95.078125},{"$id":"315","sounds":[{"d":0.113464355,"p":81,"v":57}],"pos":11.5,"size":1.0,"_time":95.19141},{"$id":"316","sounds":[{"d":0.113464355,"p":84,"v":74}],"pos":0.5,"size":1.0,"_time":95.30859},{"$id":"317","sounds":[{"d":0.113464355,"p":86,"v":56}],"pos":10.5,"size":1.0,"_time":95.421875},{"$id":"318","sounds":[{"d":0.113464355,"p":84,"v":78}],"pos":0.5,"size":1.0,"_time":95.53906},{"$id":"319","sounds":[{"d":0.113464355,"p":81,"v":64}],"pos":10.0,"size":1.0,"_time":95.65234},{"$id":"320","sounds":[{"d":0.113464355,"p":79,"v":78}],"size":1.0,"_time":95.76953},{"$id":"321","sounds":[{"d":0.113464355,"p":86,"v":66}],"pos":7.5,"size":1.0,"_time":95.88281},{"$id":"322","sounds":[{"d":0.9211502,"p":43,"v":101}],"pos":6.5,"size":1.0,"_time":96.0},{"$id":"323","sounds":[{"d":0.344230652,"p":88,"v":78}],"pos":1.0,"size":1.0,"_time":96.0},{"$id":"324","sounds":[{"d":0.6903839,"p":48,"v":78}],"pos":9.0,"size":1.0,"_time":96.23047},{"$id":"325","sounds":[{"d":0.344230652,"p":86,"v":59}],"pos":0.5,"size":1.0,"_time":96.34766},{"$id":"326","sounds":[{"d":0.45961,"p":62,"v":85}],"pos":7.0,"size":1.0,"_time":96.46094},{"$id":"327","sounds":[{"d":0.228843689,"p":84,"v":66}],"pos":-0.5,"size":1.0,"_time":96.69141},{"$id":"328","sounds":[{"d":0.344230652,"p":86,"v":65}],"pos":1.0,"size":1.0,"_time":96.921875},{"$id":"329","sounds":[{"d":0.6903839,"p":44,"v":98}],"pos":7.0,"size":1.0,"_time":96.921875},{"$id":"330","sounds":[{"d":0.4596176,"p":48,"v":79}],"pos":7.5,"size":1.0,"_time":97.15234},{"$id":"331","sounds":[{"d":0.344230652,"p":84,"v":70}],"size":1.0,"_time":97.26953},{"$id":"332","sounds":[{"d":0.228843689,"p":62,"v":99}],"pos":8.0,"size":1.0,"_time":97.38281},{"$id":"333","sounds":[{"d":0.228843689,"p":81,"v":73}],"pos":-1.0,"size":1.0,"_time":97.61719},{"$id":"334","sounds":[{"d":2.07500458,"p":52,"v":98},{"d":2.07500458,"p":45,"v":98}],"pos":8.0,"size":1.2,"_time":97.61719},{"$id":"335","sounds":[{"d":0.228851318,"p":81,"v":63}],"pos":1.0,"size":1.0,"_time":98.078125},{"$id":"336","sounds":[{"d":0.113464355,"p":78,"v":45}],"pos":8.5,"size":1.0,"_time":98.19141},{"$id":"337","sounds":[{"d":0.4596176,"p":79,"v":73}],"pos":0.5,"size":1.0,"_time":98.30859},{"$id":"338","sounds":[{"d":0.113464355,"p":76,"v":75}],"size":1.0,"_time":98.76953},{"$id":"339","sounds":[{"d":0.113464355,"p":75,"v":44}],"pos":10.5,"size":1.0,"_time":98.88281},{"$id":"340","sounds":[{"d":0.228843689,"p":74,"v":74}],"pos":-0.5,"size":1.0,"_time":99.0},{"$id":"341","sounds":[{"d":0.4596176,"p":72,"v":73}],"pos":-1.0,"size":1.0,"_time":99.23047},{"$id":"342","sounds":[{"d":0.113464355,"p":72,"v":69}],"pos":-1.0,"size":1.0,"_time":99.69141},{"$id":"343","sounds":[{"d":1.84425354,"p":41,"v":100}],"pos":4.125,"size":1.0,"_time":99.69141},{"$id":"344","sounds":[{"d":0.113464355,"p":74,"v":76}],"pos":6.5,"size":1.0,"_time":99.80859},{"$id":"345","sounds":[{"d":0.113464355,"p":76,"v":57}],"pos":1.0,"size":1.0,"_time":99.921875},{"$id":"346","sounds":[{"d":1.61347961,"p":48,"v":78}],"pos":5.0,"size":1.0,"_time":99.921875},{"$id":"347","sounds":[{"d":0.228851318,"p":79,"v":75}],"pos":9.0,"size":1.0,"_time":100.039063},{"$id":"348","sounds":[{"d":1.38270569,"p":57,"v":98}],"pos":6.125,"size":1.0,"_time":100.152344},{"$id":"349","sounds":[{"d":0.113464355,"p":72,"v":71}],"pos":-1.0,"size":1.0,"_time":100.269531},{"$id":"350","sounds":[{"d":0.113464355,"p":74,"v":54}],"pos":6.0,"size":1.0,"_time":100.382813},{"$id":"351","sounds":[{"d":1.15193176,"p":64,"v":86}],"pos":7.0,"size":1.0,"_time":100.382813},{"$id":"352","sounds":[{"d":0.113464355,"p":76,"v":71}],"pos":1.0,"size":1.0,"_time":100.5},{"$id":"353","sounds":[{"d":0.228843689,"p":79,"v":62}],"pos":6.0,"size":1.0,"_time":100.617188},{"$id":"354","sounds":[{"d":0.113464355,"p":74,"v":74}],"pos":-0.5,"size":1.0,"_time":100.847656},{"$id":"355","sounds":[{"d":0.113464355,"p":76,"v":63}],"pos":7.0,"size":1.0,"_time":100.960938},{"$id":"356","sounds":[{"d":0.113464355,"p":79,"v":77}],"pos":1.0,"size":1.0,"_time":101.078125},{"$id":"357","sounds":[{"d":0.228843689,"p":81,"v":69}],"pos":8.5,"size":1.0,"_time":101.191406},{"$id":"358","sounds":[{"d":0.113464355,"p":84,"v":74}],"pos":1.5,"size":1.0,"_time":101.421875},{"$id":"359","sounds":[{"d":1.84423828,"p":40,"v":98}],"pos":8.5,"size":1.0,"_time":101.539063},{"$id":"360","sounds":[{"d":1.613472,"p":48,"v":85}],"pos":9.0,"size":1.0,"_time":101.769531},{"$id":"361","sounds":[{"d":0.113464355,"p":81,"v":74}],"pos":-0.5,"size":1.0,"_time":101.769531},{"$id":"362","sounds":[{"d":1.382698,"p":55,"v":93}],"pos":9.5,"size":1.0,"_time":102.0},{"$id":"363","sounds":[{"d":0.113464355,"p":79,"v":74}],"pos":-1.5,"size":1.0,"_time":102.0},{"$id":"364","sounds":[{"d":1.15192413,"p":62,"v":88}],"pos":13.5,"size":1.0,"_time":102.230469},{"$id":"365","sounds":[{"d":0.113464355,"p":74,"v":73}],"pos":-0.5,"size":1.0,"_time":102.230469},{"$id":"366","sounds":[{"d":0.113464355,"p":75,"v":38}],"pos":11.0,"size":1.0,"_time":102.347656},{"$id":"367","sounds":[{"d":0.228843689,"p":76,"v":75}],"pos":0.5,"size":1.0,"_time":102.460938},{"$id":"368","sounds":[{"d":0.228843689,"p":79,"v":69}],"pos":1.5,"size":1.0,"_time":102.691406},{"$id":"369","sounds":[{"d":0.113464355,"p":74,"v":69}],"size":1.0,"_time":102.921875},{"$id":"370","sounds":[{"d":0.113464355,"p":76,"v":34}],"pos":9.0,"size":1.0,"_time":103.039063},{"$id":"371","sounds":[{"d":0.228843689,"p":74,"v":55}],"size":1.0,"_time":103.152344},{"$id":"372","sounds":[{"d":0.45961,"p":72,"v":66}],"pos":-1.5,"size":1.0,"_time":103.382813},{"$id":"373","sounds":[{"d":1.84421539,"p":41,"v":96}],"pos":9.0,"size":1.0,"_time":103.382813},{"$id":"374","sounds":[{"d":1.6134491,"p":48,"v":83}],"pos":9.5,"size":1.0,"_time":103.617188},{"$id":"375","sounds":[{"d":1.3826828,"p":57,"v":95}],"pos":10.0,"size":1.0,"_time":103.847656},{"$id":"376","sounds":[{"d":1.1519165,"p":64,"v":83}],"pos":11.0,"size":1.0,"_time":104.078125},{"$id":"377","sounds":[{"d":0.228843689,"p":72,"v":68}],"pos":-1.0,"size":1.0,"_time":104.308594},{"$id":"378","sounds":[{"d":0.228843689,"p":74,"v":84}],"pos":0.5,"size":1.0,"_time":104.652344},{"$id":"379","sounds":[{"d":0.228843689,"p":75,"v":57}],"pos":-0.5,"size":1.0,"_time":105.0},{"$id":"380","sounds":[{"d":0.9211502,"p":76,"v":86}],"pos":1.5,"size":1.0,"_time":105.230469},{"$id":"381","sounds":[{"d":0.9211502,"p":62,"v":93},{"d":0.9211502,"p":60,"v":93},{"d":0.9211502,"p":55,"v":93}],"pos":12.5,"size":1.30000007,"_time":105.230469},{"$id":"382","sounds":[{"d":0.4596176,"p":76,"v":79}],"pos":-1.0,"size":1.0,"_time":106.152344},{"$id":"383","sounds":[{"d":0.921157837,"p":59,"v":84},{"d":0.921157837,"p":55,"v":84},{"d":0.921157837,"p":62,"v":84}],"pos":10.0,"size":1.30000007,"_time":106.152344},{"$id":"384","sounds":[{"d":0.4596176,"p":79,"v":81}],"size":1.0,"_time":106.617188},{"$id":"385","sounds":[{"d":0.113464355,"p":83,"v":52}],"pos":9.5,"size":1.0,"_time":106.960938},{"$id":"386","sounds":[{"d":1.844223,"p":41,"v":97}],"pos":8.0,"size":1.0,"_time":107.078125},{"$id":"387","sounds":[{"d":3.69036865,"p":79,"v":87},{"d":3.69036865,"p":84,"v":87}],"pos":1.5,"size":1.30000007,"_time":107.078125},{"$id":"388","sounds":[{"d":1.61345673,"p":48,"v":80}],"pos":9.0,"size":1.0,"_time":107.308594},{"$id":"389","sounds":[{"d":1.38269043,"p":57,"v":93}],"pos":10.0,"size":1.0,"_time":107.539063},{"$id":"390","sounds":[{"d":1.15192413,"p":64,"v":84}],"pos":11.0,"size":1.0,"_time":107.769531},{"$id":"391","pos":-1.0,"size":1.0,"_time":108.007813},{"$id":"392","sounds":[{"d":1.844223,"p":43,"v":99}],"pos":11.5,"size":1.0,"_time":108.921875},{"$id":"393","pos":-1.0,"size":1.0,"_time":108.929688},{"$id":"394","sounds":[{"d":1.61345673,"p":48,"v":83}],"pos":10.0,"size":1.0,"_time":109.152344},{"$id":"395","sounds":[{"d":1.38269043,"p":57,"v":92}],"pos":11.0,"size":1.0,"_time":109.382813},{"$id":"396","sounds":[{"d":1.15192413,"p":64,"v":83}],"pos":12.0,"size":1.0,"_time":109.617188},{"$id":"397","pos":-1.0,"size":1.0,"_time":109.855469},{"$id":"398","sounds":[{"d":0.9211502,"p":43,"v":101}],"pos":-1.0,"size":1.0,"_time":110.769531},{"$id":"399","sounds":[{"d":0.6903839,"p":48,"v":85}],"size":1.0,"_time":111.0},{"$id":"400","sounds":[{"d":0.4596176,"p":62,"v":94}],"pos":1.0,"size":1.0,"_time":111.230469},{"$id":"401","sounds":[{"d":0.6903763,"p":44,"v":98}],"pos":-1.0,"size":1.0,"_time":111.691406},{"$id":"402","sounds":[{"d":0.45961,"p":48,"v":85}],"size":1.0,"_time":111.921875},{"$id":"403","sounds":[{"d":0.228843689,"p":62,"v":93}],"pos":1.0,"size":1.0,"_time":112.152344},{"$id":"404","sounds":[{"d":2.074997,"p":45,"v":84}],"pos":-1.0,"size":1.0,"_time":112.382813},{"$id":"405","sounds":[{"d":2.074997,"p":52,"v":84}],"pos":8.5,"size":1.0,"_time":112.382813},{"$id":"406","pos":1.0,"size":1.0,"_time":112.621094},{"$id":"407","pos":1.0,"size":1.0,"_time":113.546875},{"$id":"408","sounds":[{"d":1.844223,"p":41,"v":95}],"pos":8.5,"size":1.0,"_time":114.460938},{"$id":"409","pos":1.0,"size":1.0,"_time":114.46875},{"$id":"410","sounds":[{"d":1.61345673,"p":48,"v":81}],"pos":9.5,"size":1.0,"_time":114.691406},{"$id":"411","sounds":[{"d":1.38269043,"p":57,"v":91}],"pos":10.5,"size":1.0,"_time":114.921875},{"$id":"412","sounds":[{"d":1.15192413,"p":64,"v":81}],"pos":11.0,"size":1.0,"_time":115.152344},{"$id":"413","pos":1.0,"size":1.0,"_time":115.390625},{"$id":"414","sounds":[{"d":1.844223,"p":40,"v":96}],"pos":9.0,"size":1.0,"_time":116.308594},{"$id":"415","pos":1.0,"size":1.0,"_time":116.316406},{"$id":"416","sounds":[{"d":1.61345673,"p":48,"v":82}],"pos":9.5,"size":1.0,"_time":116.539063},{"$id":"417","sounds":[{"d":1.38269043,"p":55,"v":98}],"pos":10.5,"size":1.0,"_time":116.769531},{"$id":"418","sounds":[{"d":1.15192413,"p":62,"v":81}],"pos":11.5,"size":1.0,"_time":117.0},{"$id":"419","pos":1.0,"size":1.0,"_time":117.238281},{"$id":"420","sounds":[{"d":0.9211502,"p":41,"v":100},{"d":0.9211502,"p":48,"v":100}],"pos":-0.5,"size":1.30000007,"_time":118.152344},{"$id":"421","sounds":[{"d":0.6903839,"p":43,"v":100},{"d":0.6903839,"p":50,"v":100}],"size":1.30000007,"_time":119.078125},{"$id":"422","sounds":[{"d":0.4596176,"p":45,"v":100},{"d":0.4596176,"p":52,"v":100}],"pos":0.5,"size":1.4000001,"_time":119.769531},{"$id":"423","sounds":[{"d":0.113464355,"p":64,"v":39},{"d":0.113464355,"p":60,"v":39},{"d":0.113464355,"p":67,"v":39},{"d":0.228851318,"p":52,"v":39},{"d":0.228851318,"p":45,"v":39}],"pos":11.5,"size":1.2,"_time":120.230469},{"$id":"424","sounds":[{"d":0.113464355,"p":67,"v":63},{"d":0.113464355,"p":64,"v":63},{"d":0.113464355,"p":60,"v":63},{"d":0.228851318,"p":52,"v":63},{"d":0.228851318,"p":45,"v":63}],"pos":11.5,"size":1.2,"_time":120.460938},{"$id":"425","sounds":[{"d":0.228851318,"p":52,"v":74},{"d":0.228851318,"p":45,"v":74},{"d":0.113464355,"p":64,"v":74},{"d":0.113464355,"p":67,"v":74},{"d":0.113464355,"p":60,"v":74}],"pos":11.5,"size":1.2,"_time":120.691406},{"$id":"426","sounds":[{"d":0.228851318,"p":45,"v":91},{"d":0.228851318,"p":52,"v":91},{"d":0.113464355,"p":67,"v":91},{"d":0.113464355,"p":60,"v":91},{"d":0.113464355,"p":64,"v":91}],"pos":11.5,"size":1.2,"_time":120.921875},{"$id":"427","sounds":[{"d":0.113464355,"p":64,"v":97},{"d":0.113464355,"p":60,"v":97},{"d":0.113464355,"p":67,"v":97},{"d":0.69039917,"p":52,"v":97},{"d":0.69039917,"p":45,"v":97}],"pos":11.5,"size":1.2,"_time":121.152344},{"$id":"428","sounds":[{"d":0.113464355,"p":67,"v":88},{"d":0.113464355,"p":60,"v":88},{"d":0.113464355,"p":64,"v":88}],"pos":11.5,"size":1.2,"_time":121.382813},{"$id":"429","sounds":[{"d":0.113464355,"p":67,"v":95},{"d":0.113464355,"p":60,"v":95},{"d":0.113464355,"p":64,"v":95}],"pos":12.0,"size":1.2,"_time":121.5},{"$id":"430","sounds":[{"d":0.113464355,"p":67,"v":103},{"d":0.113464355,"p":60,"v":103},{"d":0.113464355,"p":64,"v":103}],"pos":13.5,"size":1.2,"_time":121.617188},{"$id":"431","sounds":[{"d":0.113464355,"p":60,"v":110},{"d":0.113464355,"p":67,"v":110},{"d":0.113464355,"p":64,"v":110}],"pos":14.0,"size":1.2,"_time":121.730469},{"$id":"432","sounds":[{"d":7.382675,"p":41,"v":97}],"pos":0.5,"size":1.0,"_time":121.847656},{"$id":"433","sounds":[{"d":7.151909,"p":48,"v":79}],"pos":-1.5,"size":1.0,"_time":122.078125},{"$id":"434","sounds":[{"d":6.92114258,"p":57,"v":89}],"pos":-0.5,"size":1.0,"_time":122.308594},{"$id":"435","sounds":[{"d":6.69037628,"p":64,"v":84}],"pos":0.5,"size":1.0,"_time":122.539063},{"$id":"436","sounds":[{"d":0.055770874,"p":84,"v":51},{"w":0.0546875,"d":0.055770874,"p":86,"v":59}],"pos":-0.5,"size":1.2,"_time":123.578125},{"$id":"437","sounds":[{"d":1.49807739,"p":91,"v":72}],"pos":0.5,"size":1.2,"_time":123.691406}],"links":[{"notes":[{"$ref":"26"},{"$ref":"27"},{"$ref":"28"}]},{"notes":[{"$ref":"338"},{"$ref":"340"},{"$ref":"341"}]},{"notes":[{"$ref":"73"},{"$ref":"74"},{"$ref":"75"}]},{"notes":[{"$ref":"112"},{"$ref":"113"},{"$ref":"114"}]},{"notes":[{"$ref":"151"},{"$ref":"153"}]},{"notes":[{"$ref":"204"},{"$ref":"205"},{"$ref":"206"}]},{"notes":[{"$ref":"279"},{"$ref":"281"},{"$ref":"283"},{"$ref":"285"}]},{"notes":[{"$ref":"436"},{"$ref":"437"}]},{"notes":[{"$ref":"65"},{"$ref":"66"}]},{"notes":[{"$ref":"106"},{"$ref":"107"}]},{"notes":[{"$ref":"126"},{"$ref":"127"}]},{"notes":[{"$ref":"177"},{"$ref":"179"}]},{"notes":[{"$ref":"200"},{"$ref":"203"}]},{"notes":[{"$ref":"217"},{"$ref":"219"}]},{"notes":[{"$ref":"228"},{"$ref":"229"},{"$ref":"230"}]},{"notes":[{"$ref":"259"},{"$ref":"262"}]},{"notes":[{"$ref":"299"},{"$ref":"301"}]},{"notes":[{"$ref":"303"},{"$ref":"305"},{"$ref":"308"}]},{"notes":[{"$ref":"314"},{"$ref":"316"}]},{"notes":[{"$ref":"318"},{"$ref":"320"},{"$ref":"323"}]},{"notes":[{"$ref":"335"},{"$ref":"337"}]},{"notes":[{"$ref":"367"},{"$ref":"368"}]},{"notes":[{"$ref":"361"},{"$ref":"363"},{"$ref":"365"}]},{"notes":[{"$ref":"430"},{"$ref":"431"}]}]}