{"speed":3.31,"notes":[{"$id":"1","sounds":[{"d":4.005846,"p":45,"v":51}],"size":1.0,"_time":8.082031},{"$id":"2","sounds":[{"d":3.50511551,"p":52,"v":28}],"pos":-1.0,"size":1.0,"_time":8.582031},{"$id":"3","sounds":[{"d":3.004385,"p":57,"v":45}],"pos":1.0,"size":1.0,"_time":9.082031},{"$id":"4","sounds":[{"d":2.50365448,"p":59,"v":37}],"pos":-2.0,"size":1.0,"_time":9.582031},{"$id":"5","sounds":[{"d":2.002924,"p":61,"v":53}],"pos":2.0,"size":1.0,"_time":10.0820313},{"$id":"6","sounds":[{"d":4.005845,"p":50,"v":51}],"size":1.0,"_time":12.0859375},{"$id":"7","sounds":[{"d":3.50511456,"p":57,"v":28}],"pos":1.0,"size":1.0,"_time":12.5859375},{"$id":"8","sounds":[{"d":3.004384,"p":64,"v":45}],"pos":-1.0,"size":1.0,"_time":13.0859375},{"$id":"9","sounds":[{"d":2.50365353,"p":66,"v":37}],"pos":2.0,"size":1.0,"_time":13.5898438},{"$id":"10","sounds":[{"d":2.002923,"p":73,"v":30}],"pos":-2.0,"size":1.0,"_time":14.0898438},{"$id":"11","sounds":[{"d":2.002922,"p":54,"v":49}],"size":1.0,"_time":16.09375},{"$id":"12","sounds":[{"d":1.50219154,"p":61,"v":35}],"pos":-1.0,"size":1.0,"_time":16.59375},{"$id":"13","sounds":[{"d":1.001461,"p":68,"v":42}],"pos":1.0,"size":1.0,"_time":17.09375},{"$id":"14","sounds":[{"d":0.5007305,"p":64,"v":33}],"size":1.0,"_time":17.59375},{"$id":"15","sounds":[{"d":2.002922,"p":49,"v":43}],"pos":1.0,"size":1.0,"_time":18.09375},{"$id":"16","sounds":[{"d":1.50219154,"p":57,"v":29}],"pos":-1.0,"size":1.0,"_time":18.5976563},{"$id":"17","sounds":[{"d":1.001461,"p":64,"v":40}],"pos":2.0,"size":1.0,"_time":19.0976563},{"$id":"18","sounds":[{"d":0.5007305,"p":59,"v":38}],"pos":-2.0,"size":1.0,"_time":19.5976563},{"$id":"19","sounds":[{"d":4.005848,"p":50,"v":51}],"size":1.0,"_time":20.0976563},{"$id":"20","sounds":[{"d":3.50511742,"p":57,"v":28}],"pos":-1.0,"size":1.0,"_time":20.5976563},{"$id":"21","sounds":[{"d":3.004387,"p":64,"v":45}],"pos":1.0,"size":1.0,"_time":21.0976563},{"$id":"22","sounds":[{"d":2.50365639,"p":66,"v":37}],"pos":-2.0,"size":1.0,"_time":21.6015625},{"$id":"23","sounds":[{"d":2.00292587,"p":73,"v":30}],"pos":2.0,"size":1.0,"_time":22.1015625},{"$id":"24","sounds":[{"d":0.5007324,"p":85,"v":67}],"size":1.0,"_time":23.6015625},{"$id":"25","sounds":[{"d":0.2503662,"p":86,"v":31}],"pos":-1.5,"size":1.0,"_time":23.8554688},{"$id":"26","sounds":[{"d":4.005844,"p":45,"v":51}],"pos":7.0,"size":1.0,"_time":24.1054688},{"$id":"27","sounds":[{"d":3.33820343,"p":88,"v":43}],"pos":1.5,"size":1.0,"_time":24.1054688},{"$id":"28","sounds":[{"d":3.5051136,"p":52,"v":28}],"pos":5.0,"size":1.0,"_time":24.6054688},{"$id":"29","sounds":[{"d":3.004383,"p":57,"v":45}],"pos":7.0,"size":1.0,"_time":25.1054688},{"$id":"30","sounds":[{"d":2.50365257,"p":59,"v":37}],"pos":7.0,"size":1.0,"_time":25.6054688},{"$id":"31","sounds":[{"d":2.002922,"p":61,"v":53}],"pos":5.5,"size":1.0,"_time":26.1054688},{"$id":"32","sounds":[{"d":1.001461,"p":85,"v":65}],"size":1.0,"_time":27.109375},{"$id":"33","sounds":[{"d":0.6676407,"p":88,"v":31}],"pos":-1.5,"size":1.0,"_time":27.4414063},{"$id":"34","sounds":[{"d":0.333820343,"p":93,"v":85}],"pos":1.5,"size":1.0,"_time":27.7773438},{"$id":"35","sounds":[{"d":4.005846,"p":50,"v":51}],"pos":6.0,"size":1.0,"_time":28.109375},{"$id":"36","sounds":[{"d":3.33820343,"p":88,"v":43}],"size":1.0,"_time":28.109375},{"$id":"37","sounds":[{"d":3.50511551,"p":57,"v":28}],"pos":6.5,"size":1.0,"_time":28.609375},{"$id":"38","sounds":[{"d":3.004385,"p":64,"v":45}],"pos":6.0,"size":1.0,"_time":29.109375},{"$id":"39","sounds":[{"d":2.50365448,"p":66,"v":37}],"pos":6.0,"size":1.0,"_time":29.6132813},{"$id":"40","sounds":[{"d":2.002924,"p":73,"v":30}],"pos":5.0,"size":1.0,"_time":30.1132813},{"$id":"41","sounds":[{"d":1.00146294,"p":85,"v":65}],"size":1.0,"_time":31.1132813},{"$id":"42","sounds":[{"d":0.6676426,"p":88,"v":31}],"pos":-1.5,"size":1.0,"_time":31.4492188},{"$id":"43","sounds":[{"d":0.33382225,"p":95,"v":85}],"pos":1.5,"size":1.0,"_time":31.78125},{"$id":"44","sounds":[{"d":2.00292969,"p":92,"v":71},{"d":2.00292969,"p":88,"v":50}],"size":1.1,"_time":32.1171875},{"$id":"45","sounds":[{"d":2.00292969,"p":54,"v":49}],"pos":6.0,"size":1.1,"_time":32.1171875},{"$id":"46","sounds":[{"d":1.50219727,"p":61,"v":35}],"pos":4.5,"size":1.0,"_time":32.6171875},{"$id":"47","sounds":[{"d":1.00146484,"p":68,"v":42}],"pos":7.0,"size":1.0,"_time":33.1171875},{"$id":"48","sounds":[{"d":0.5007324,"p":64,"v":33}],"pos":7.0,"size":1.0,"_time":33.6171875},{"$id":"49","sounds":[{"d":2.00292969,"p":49,"v":43}],"pos":-0.5,"size":1.0,"_time":34.1171875},{"$id":"50","sounds":[{"d":1.94033813,"p":93,"v":59},{"d":2.00292969,"p":88,"v":46}],"pos":2.0,"size":0.9,"_time":34.1171875},{"$id":"51","sounds":[{"d":1.50219727,"p":57,"v":29}],"pos":7.0,"size":1.0,"_time":34.6210938},{"$id":"52","sounds":[{"d":1.00146484,"p":64,"v":40}],"pos":6.0,"size":1.0,"_time":35.1210938},{"$id":"53","sounds":[{"d":0.5007324,"p":59,"v":38}],"pos":8.0,"size":1.0,"_time":35.6210938},{"$id":"54","sounds":[{"d":4.048321,"p":93,"v":23}],"pos":7.0,"size":1.0,"_time":36.0585938},{"$id":"55","sounds":[{"d":3.98572922,"p":55,"v":51},{"d":3.98572922,"p":43,"v":38}],"pos":-1.5,"size":1.30000007,"_time":36.1210938},{"$id":"56","sounds":[{"d":3.98572922,"p":95,"v":30},{"w":0.0625,"d":3.92313766,"p":100,"v":63}],"pos":1.5,"size":1.30000007,"_time":36.1210938},{"$id":"57","sounds":[{"d":3.4849968,"p":62,"v":28}],"pos":8.5,"size":1.0,"_time":36.6210938},{"$id":"58","sounds":[{"d":2.98426437,"p":69,"v":45}],"pos":6.5,"size":1.0,"_time":37.1210938},{"$id":"59","sounds":[{"d":2.483532,"p":71,"v":37}],"pos":6.5,"size":1.0,"_time":37.625},{"$id":"60","sounds":[{"d":1.98279953,"p":78,"v":30}],"pos":6.5,"size":1.0,"_time":38.125},{"$id":"61","sounds":[{"d":1.95682907,"p":65,"v":40},{"w":0.00390625,"d":1.89661789,"p":71,"v":40}],"pos":-1.5,"size":1.4000001,"_time":40.1171875},{"$id":"62","sounds":[{"d":1.92672348,"p":69,"v":40},{"w":0.01171875,"d":1.8665123,"p":76,"v":48}],"pos":1.5,"size":1.4000001,"_time":40.1171875,"shift":0.00390625},{"$id":"63","sounds":[{"d":1.92672348,"p":76,"v":45},{"d":1.92672348,"p":71,"v":45}],"pos":1.5,"size":1.50000012,"_time":42.0351563},{"$id":"64","sounds":[{"d":1.92672348,"p":64,"v":45},{"d":1.92672348,"p":68,"v":45}],"pos":-1.5,"size":1.50000012,"_time":42.0351563},{"$id":"65","sounds":[{"d":1.92672348,"p":73,"v":43},{"d":1.92672348,"p":66,"v":43}],"pos":1.0,"size":1.50000012,"_time":43.9609375},{"$id":"66","sounds":[{"d":1.92672348,"p":63,"v":43},{"d":1.92672348,"p":69,"v":43}],"pos":-1.5,"size":1.50000012,"_time":43.9609375},{"$id":"67","sounds":[{"d":1.92672729,"p":50,"v":54}],"pos":-1.5,"size":1.30000007,"_time":45.88672},{"$id":"68","sounds":[{"d":1.92672729,"p":62,"v":54}],"pos":1.0,"size":1.2,"_time":45.88672},{"$id":"69","sounds":[{"d":1.44504547,"p":69,"v":36}],"pos":5.5,"size":1.0,"_time":46.3671875},{"$id":"70","sounds":[{"d":0.963363647,"p":76,"v":42}],"pos":6.5,"size":1.0,"_time":46.8515625},{"$id":"71","sounds":[{"d":0.481681824,"p":64,"v":24}],"pos":6.5,"size":1.0,"_time":47.33203},{"$id":"72","sounds":[{"d":0.963363647,"p":76,"v":54},{"d":0.963363647,"p":88,"v":54}],"pos":1.0,"size":1.2,"_time":47.8125},{"$id":"73","sounds":[{"d":1.95683289,"p":59,"v":29},{"w":0.02734375,"d":1.92672729,"p":62,"v":31},{"w":0.00390625,"d":1.8966217,"p":66,"v":35},{"w":0.03515625,"d":1.86651611,"p":69,"v":38}],"pos":-1.5,"size":1.2,"_time":47.7851563,"shift":0.02734375},{"$id":"74","sounds":[{"d":0.963363647,"p":78,"v":40}],"pos":-1.5,"size":1.1,"_time":48.7773438},{"$id":"75","sounds":[{"d":0.963363647,"p":90,"v":40}],"pos":1.0,"size":1.1,"_time":48.7773438},{"$id":"76","sounds":[{"d":1.98693848,"p":61,"v":39},{"w":0.03125,"d":1.95683289,"p":64,"v":47},{"w":0.01953125,"d":1.92672729,"p":68,"v":47},{"w":0.046875,"d":1.8966217,"p":71,"v":50}],"pos":-1.0,"size":1.1,"_time":49.6796875,"shift":0.0390625},{"$id":"77","sounds":[{"d":0.963363647,"p":93,"v":55},{"d":0.963363647,"p":81,"v":55}],"pos":1.5,"size":1.1,"_time":49.7421875},{"$id":"78","sounds":[{"d":0.963363647,"p":83,"v":59}],"pos":-0.5,"size":1.1,"_time":50.703125},{"$id":"79","sounds":[{"d":0.963363647,"p":95,"v":59}],"pos":1.5,"size":1.1,"_time":50.703125},{"$id":"80","sounds":[{"d":4.306862,"p":62,"v":17},{"w":0.0625,"d":4.2466507,"p":66,"v":20},{"w":0.07421875,"d":4.18804932,"p":69,"v":22},{"w":0.12890625,"d":4.133869,"p":73,"v":23}],"pos":-1.0,"size":1.1,"_time":51.60547,"shift":0.0390625},{"$id":"81","sounds":[{"d":4.2466507,"p":97,"v":37},{"d":4.2466507,"p":85,"v":37}],"pos":2.0,"size":1.1,"_time":51.66797},{"$id":"82","sounds":[{"d":4.16204071,"p":78,"v":62}],"size":1.2,"_time":55.35547},{"$id":"83","sounds":[{"d":3.60491943,"p":90,"v":123},{"d":3.60491943,"p":55,"v":29}],"pos":1.5,"size":1.60000014,"_time":55.9140625},{"$id":"84","sounds":[{"d":3.05555344,"p":83,"v":32}],"pos":-1.0,"size":1.0,"_time":56.4648438},{"$id":"85","sounds":[{"d":2.58240128,"p":85,"v":40}],"pos":1.5,"size":1.0,"_time":56.9375},{"$id":"86","sounds":[{"d":2.1166954,"p":73,"v":24},{"d":2.1166954,"p":66,"v":24},{"d":2.1166954,"p":71,"v":24}],"pos":-1.5,"size":1.60000014,"_time":57.4023438},{"$id":"87","sounds":[{"d":4.055252,"p":76,"v":52}],"size":1.0,"_time":59.51953},{"$id":"88","sounds":[{"d":3.46736145,"p":88,"v":121},{"d":3.46736145,"p":60,"v":35}],"pos":1.5,"size":1.60000014,"_time":60.10547},{"$id":"89","sounds":[{"d":3.03702927,"p":81,"v":77}],"pos":-1.0,"size":1.0,"_time":60.5390625},{"$id":"90","sounds":[{"d":2.58823013,"p":83,"v":88}],"pos":1.5,"size":1.0,"_time":60.984375},{"$id":"91","sounds":[{"d":2.11930084,"p":64,"v":40}],"pos":-1.5,"size":1.60000014,"_time":61.45703},{"$id":"92","sounds":[{"d":1.62836075,"p":71,"v":26}],"pos":9.0,"size":1.0,"_time":61.9453125},{"$id":"93","sounds":[{"d":1.11323166,"p":78,"v":32}],"pos":4.5,"size":1.0,"_time":62.4609375},{"$id":"94","sounds":[{"d":0.5714226,"p":85,"v":42}],"pos":6.5,"size":1.0,"_time":63.0039063},{"$id":"95","sounds":[{"d":4.35419846,"p":93,"v":96}],"pos":4.5,"size":1.0,"_time":63.57422},{"$id":"96","sounds":[{"d":3.75157928,"p":92,"v":71}],"pos":2.0,"size":1.0,"_time":64.17578},{"$id":"97","sounds":[{"d":1.98471069,"p":49,"v":46}],"pos":-2.0,"size":1.2,"_time":64.17578},{"$id":"98","sounds":[{"d":1.415268,"p":56,"v":27}],"pos":-1.5,"size":1.2,"_time":64.74609},{"$id":"99","sounds":[{"d":2.73704529,"p":88,"v":78}],"pos":1.5,"size":1.0,"_time":64.74609},{"$id":"100","sounds":[{"d":2.66740417,"p":83,"v":60}],"pos":1.0,"size":1.0,"_time":65.26172},{"$id":"101","sounds":[{"d":0.9005356,"p":64,"v":32}],"pos":-1.0,"size":1.2,"_time":65.26172},{"$id":"102","sounds":[{"d":1.76686859,"p":50,"v":39}],"size":1.4000001,"_time":66.16016},{"$id":"103","sounds":[{"d":1.33370972,"p":81,"v":56},{"d":1.33370972,"p":57,"v":31}],"pos":-1.5,"size":1.30000007,"_time":66.59375},{"$id":"104","sounds":[{"d":0.8901825,"p":64,"v":39},{"d":0.8901825,"p":76,"v":43}],"pos":1.5,"size":1.4000001,"_time":67.03906},{"$id":"105","sounds":[{"d":0.445091248,"p":88,"v":90}],"pos":5.5,"size":1.0,"_time":67.484375},{"$id":"106","sounds":[{"d":3.631279,"p":55,"v":46},{"d":3.631279,"p":83,"v":78}],"size":1.30000007,"_time":67.92969},{"$id":"107","sounds":[{"d":3.18618774,"p":62,"v":33}],"pos":1.0881,"size":1.30000007,"_time":68.375},{"$id":"108","sounds":[{"d":2.7410965,"p":69,"v":39}],"pos":-1.5,"size":1.30000007,"_time":68.82031},{"$id":"109","sounds":[{"d":2.29600525,"p":76,"v":42}],"pos":1.66018331,"size":1.50000012,"_time":69.265625},{"$id":"110","sounds":[{"d":4.66503143,"p":66,"v":42}],"size":1.0,"_time":71.05078},{"$id":"111","sounds":[{"d":4.156784,"p":78,"v":123},{"d":4.156784,"p":43,"v":29}],"pos":1.5,"size":1.50000012,"_time":71.55859},{"$id":"112","sounds":[{"d":3.630043,"p":71,"v":32}],"pos":-1.0,"size":1.0,"_time":72.08594},{"$id":"113","sounds":[{"d":3.08341217,"p":73,"v":40}],"pos":1.5,"size":1.0,"_time":72.63281},{"$id":"114","sounds":[{"d":2.515335,"p":54,"v":24},{"d":2.515335,"p":59,"v":24},{"d":2.515335,"p":61,"v":24}],"pos":-1.5,"size":1.50000012,"_time":73.203125},{"$id":"115","sounds":[{"d":4.395317,"p":64,"v":52}],"size":1.0,"_time":75.71484},{"$id":"116","sounds":[{"d":3.73112488,"p":76,"v":121},{"d":3.73112488,"p":48,"v":35}],"pos":1.4313494,"size":1.70000017,"_time":76.37891},{"$id":"117","sounds":[{"d":3.29303741,"p":69,"v":77}],"pos":-1.0,"size":1.2,"_time":76.82031},{"$id":"118","sounds":[{"d":2.835579,"p":71,"v":88}],"pos":1.0,"size":1.2,"_time":77.27734},{"$id":"119","sounds":[{"d":2.34802246,"p":52,"v":40}],"pos":-1.5,"size":1.80000019,"_time":77.765625},{"$id":"120","sounds":[{"d":1.826149,"p":59,"v":26}],"pos":4.5,"size":1.2,"_time":78.28516},{"$id":"121","sounds":[{"d":1.26475525,"p":66,"v":32}],"pos":4.0,"size":1.1,"_time":78.84766},{"$id":"122","sounds":[{"d":0.657348633,"p":73,"v":42}],"pos":4.5,"size":1.0,"_time":79.453125},{"$id":"123","sounds":[{"d":4.40731049,"p":81,"v":96}],"pos":4.5,"size":0.9,"_time":80.11328},{"$id":"124","sounds":[{"d":1.88510132,"p":37,"v":46}],"pos":-2.0,"size":1.2,"_time":80.75},{"$id":"125","sounds":[{"d":3.77076721,"p":80,"v":71}],"pos":2.0,"size":1.0,"_time":80.75},{"$id":"126","sounds":[{"d":2.827652,"p":76,"v":78}],"pos":1.5,"size":1.0,"_time":81.21875},{"$id":"127","sounds":[{"d":1.413826,"p":44,"v":27}],"pos":-1.5,"size":1.2,"_time":81.21875},{"$id":"128","sounds":[{"d":2.82821655,"p":71,"v":60}],"pos":1.0,"size":1.0,"_time":81.69141},{"$id":"129","sounds":[{"d":0.942550659,"p":52,"v":32}],"pos":-1.0,"size":1.2,"_time":81.69141},{"$id":"130","sounds":[{"d":1.88566589,"p":38,"v":39}],"size":1.2,"_time":82.63281},{"$id":"131","sounds":[{"d":1.41439056,"p":69,"v":56},{"d":1.41439056,"p":45,"v":31}],"pos":1.5,"size":1.0,"_time":83.10547},{"$id":"132","sounds":[{"d":0.943115234,"p":52,"v":39},{"d":0.943115234,"p":64,"v":43}],"pos":-1.5,"size":1.2,"_time":83.57422},{"$id":"133","sounds":[{"d":0.4718399,"p":76,"v":90}],"pos":1.5,"size":1.2,"_time":84.046875},{"$id":"134","sounds":[{"d":5.225441,"p":43,"v":46},{"d":5.225441,"p":71,"v":78}],"pos":-1.5,"size":1.70000017,"_time":84.51953},{"$id":"135","sounds":[{"d":4.70665741,"p":50,"v":33}],"pos":8.0,"size":1.2,"_time":85.03906},{"$id":"136","sounds":[{"d":4.5144577,"p":73,"v":43}],"pos":1.5,"size":1.50000012,"_time":85.23047},{"$id":"137","sounds":[{"d":4.09252167,"p":57,"v":39}],"pos":8.0,"size":1.30000007,"_time":85.65234},{"$id":"138","sounds":[{"d":3.424881,"p":81,"v":100}],"pos":1.5,"size":1.60000014,"_time":86.32031},{"$id":"139","sounds":[{"d":3.424881,"p":64,"v":42}],"pos":-1.5,"size":1.60000014,"_time":86.32031},{"$id":"140","sounds":[{"d":3.56735229,"p":33,"v":127},{"d":2.01609039,"p":45,"v":127}],"pos":-1.5,"size":1.30000007,"_time":89.74609},{"$id":"141","sounds":[{"d":1.65839386,"p":52,"v":102}],"pos":-1.0,"size":1.0,"_time":89.97266},{"$id":"142","sounds":[{"d":1.31597137,"p":57,"v":111}],"pos":-0.5,"size":1.0,"_time":90.18359},{"$id":"143","sounds":[{"d":0.980278,"p":59,"v":93}],"size":1.0,"_time":90.38281},{"$id":"144","sounds":[{"d":0.6500931,"p":61,"v":102}],"pos":0.5,"size":1.0,"_time":90.57031},{"$id":"145","sounds":[{"d":0.324630737,"p":64,"v":103}],"pos":1.0,"size":1.0,"_time":90.74609},{"$id":"146","sounds":[{"d":2.39981842,"p":69,"v":124},{"d":2.39981842,"p":88,"v":127},{"d":2.39981842,"p":76,"v":127}],"pos":1.5,"size":1.4000001,"_time":90.91406},{"$id":"147","sounds":[{"d":1.33674622,"p":64,"v":91}],"pos":1.0,"size":1.0,"_time":91.07031},{"$id":"148","sounds":[{"d":1.05753326,"p":61,"v":107}],"pos":0.5,"size":1.0,"_time":91.21875},{"$id":"149","sounds":[{"d":0.7849884,"p":59,"v":99}],"size":1.0,"_time":91.36328},{"$id":"150","sounds":[{"d":0.5186157,"p":57,"v":80}],"pos":-0.5,"size":1.0,"_time":91.5},{"$id":"151","sounds":[{"d":0.258544922,"p":52,"v":91}],"pos":-1.0,"size":1.0,"_time":91.63281},{"$id":"152","sounds":[{"d":1.5512619,"p":45,"v":118},{"d":1.5512619,"p":95,"v":127},{"d":1.5512619,"p":83,"v":127}],"pos":-1.5,"size":1.30000007,"_time":91.76172},{"$id":"153","sounds":[{"d":1.29272461,"p":52,"v":87}],"pos":-1.0,"size":1.0,"_time":91.890625},{"$id":"154","sounds":[{"d":1.03417969,"p":57,"v":92}],"pos":-0.5,"size":1.0,"_time":92.01953},{"$id":"155","sounds":[{"d":0.775634766,"p":59,"v":106}],"size":1.0,"_time":92.14844},{"$id":"156","sounds":[{"d":0.517089844,"p":61,"v":102}],"pos":0.5,"size":1.0,"_time":92.27734},{"$id":"157","sounds":[{"d":0.258544922,"p":64,"v":109}],"pos":1.0,"size":1.0,"_time":92.40625},{"$id":"158","sounds":[{"d":0.775627136,"p":81,"v":127},{"d":0.775627136,"p":93,"v":127},{"d":0.775627136,"p":71,"v":120}],"pos":1.5,"size":1.4000001,"_time":92.53516},{"$id":"159","sounds":[{"d":0.6463547,"p":64,"v":99}],"pos":1.0,"size":1.0,"_time":92.66406},{"$id":"160","sounds":[{"d":0.5170822,"p":61,"v":111}],"pos":0.5,"size":1.0,"_time":92.796875},{"$id":"161","sounds":[{"d":0.387809753,"p":59,"v":101}],"size":1.0,"_time":92.92578},{"$id":"162","sounds":[{"d":0.2585373,"p":57,"v":107}],"pos":-0.5,"size":1.0,"_time":93.05469},{"$id":"163","sounds":[{"d":0.129264832,"p":52,"v":100}],"pos":-1.0,"size":1.0,"_time":93.18359},{"$id":"164","sounds":[{"d":3.30168152,"p":38,"v":127},{"d":3.30168152,"p":26,"v":127},{"d":2.150772,"p":88,"v":127},{"d":2.150772,"p":76,"v":127}],"pos":-1.60000038,"size":1.50000012,"_time":93.3125},{"$id":"165","sounds":[{"d":1.33087921,"p":45,"v":102}],"pos":-1.5,"size":1.0,"_time":93.44141},{"$id":"166","sounds":[{"d":1.06466675,"p":50,"v":111}],"pos":-1.0,"size":1.0,"_time":93.57031},{"$id":"167","sounds":[{"d":0.798446655,"p":52,"v":93}],"pos":-0.5,"size":1.0,"_time":93.703125},{"$id":"168","sounds":[{"d":0.532249451,"p":54,"v":102}],"size":1.0,"_time":93.83594},{"$id":"169","sounds":[{"d":0.266159058,"p":57,"v":103}],"pos":0.5,"size":1.0,"_time":93.96484},{"$id":"170","sounds":[{"d":2.51457214,"p":64,"v":124}],"pos":1.5,"size":1.50000012,"_time":94.09766},{"$id":"171","sounds":[{"d":1.37039185,"p":57,"v":91}],"pos":1.0,"size":1.0,"_time":94.234375},{"$id":"172","sounds":[{"d":1.09627533,"p":54,"v":107}],"pos":0.5,"size":1.0,"_time":94.36719},{"$id":"173","sounds":[{"d":0.822143555,"p":52,"v":99}],"size":1.0,"_time":94.5},{"$id":"174","sounds":[{"d":0.548057556,"p":50,"v":80}],"pos":-0.5,"size":1.0,"_time":94.63672},{"$id":"175","sounds":[{"d":0.274055481,"p":45,"v":91}],"pos":-1.0,"size":1.0,"_time":94.77344},{"$id":"176","sounds":[{"d":1.41226959,"p":45,"v":87}],"pos":5.0,"size":1.2,"_time":95.046875},{"$id":"177","sounds":[{"d":1.12981415,"p":50,"v":92}],"pos":5.0,"size":1.0,"_time":95.18359},{"$id":"178","sounds":[{"d":0.847290039,"p":52,"v":106}],"pos":5.5,"size":1.0,"_time":95.32422},{"$id":"179","sounds":[{"d":0.140113831,"p":88,"v":127},{"d":0.140113831,"p":81,"v":127},{"d":0.140113831,"p":76,"v":127},{"d":0.140113831,"p":83,"v":127}],"pos":1.5,"size":1.60000014,"_time":95.46094},{"$id":"180","sounds":[{"d":0.5648117,"p":54,"v":102}],"pos":5.5,"size":1.0,"_time":95.46094},{"$id":"181","sounds":[{"d":0.140869141,"p":81,"v":102},{"d":0.140869141,"p":83,"v":102},{"d":0.140869141,"p":88,"v":102},{"d":0.140869141,"p":76,"v":102}],"pos":-0.5,"size":1.60000014,"_time":95.60156},{"$id":"182","sounds":[{"d":0.282432556,"p":57,"v":109}],"pos":5.5,"size":1.0,"_time":95.60156},{"$id":"183","sounds":[{"d":0.869926453,"p":81,"v":127},{"d":0.869926453,"p":88,"v":127},{"d":0.869926453,"p":83,"v":127},{"d":0.869926453,"p":76,"v":127}],"pos":1.5,"size":1.60000014,"_time":95.74219},{"$id":"184","sounds":[{"d":0.869926453,"p":66,"v":120}],"pos":5.5,"size":1.0,"_time":95.74219},{"$id":"185","sounds":[{"d":0.728363037,"p":57,"v":99}],"pos":5.5,"size":1.0,"_time":95.88672},{"$id":"186","sounds":[{"d":0.5860977,"p":86,"v":99},{"d":0.5860977,"p":74,"v":99}],"pos":0.5,"size":1.60000014,"_time":96.02734},{"$id":"187","sounds":[{"d":0.5860977,"p":54,"v":111}],"pos":5.0,"size":1.0,"_time":96.02734},{"$id":"188","sounds":[{"d":0.44304657,"p":52,"v":101}],"pos":4.5,"size":1.0,"_time":96.171875},{"$id":"189","sounds":[{"d":0.29927063,"p":73,"v":117},{"d":0.29927063,"p":85,"v":117}],"pos":-0.5,"size":1.60000014,"_time":96.31641},{"$id":"190","sounds":[{"d":0.29927063,"p":50,"v":107}],"pos":4.0,"size":1.0,"_time":96.31641},{"$id":"191","sounds":[{"d":0.154830933,"p":45,"v":100}],"pos":4.0,"size":1.0,"_time":96.45703},{"$id":"192","sounds":[{"d":2.44818878,"p":71,"v":127},{"d":2.44818878,"p":81,"v":127},{"d":0.8931198,"p":69,"v":127},{"d":0.8931198,"p":76,"v":127},{"d":1.672554,"p":45,"v":127},{"d":3.223816,"p":33,"v":127}],"pos":-1.5,"size":1.70000017,"_time":96.61328},{"$id":"193","sounds":[{"d":1.3834,"p":52,"v":102}],"pos":-1.5,"size":1.0,"_time":96.77344},{"$id":"194","sounds":[{"d":1.09750366,"p":57,"v":111}],"pos":-1.0,"size":1.0,"_time":96.92969},{"$id":"195","sounds":[{"d":0.821807861,"p":59,"v":93}],"pos":-0.5,"size":1.0,"_time":97.078125},{"$id":"196","sounds":[{"d":0.5472946,"p":61,"v":102}],"size":1.0,"_time":97.22656},{"$id":"197","sounds":[{"d":0.273391724,"p":64,"v":103}],"pos":0.5,"size":1.0,"_time":97.36719},{"$id":"198","sounds":[{"d":2.330696,"p":88,"v":127},{"d":2.330696,"p":76,"v":127},{"d":2.330696,"p":69,"v":124}],"pos":1.5,"size":1.70000017,"_time":97.50781},{"$id":"199","sounds":[{"d":1.29098511,"p":64,"v":91}],"pos":1.5,"size":1.0,"_time":97.640625},{"$id":"200","sounds":[{"d":1.03020477,"p":61,"v":107}],"pos":1.0,"size":1.0,"_time":97.77344},{"$id":"201","sounds":[{"d":0.772697449,"p":59,"v":99}],"pos":0.5,"size":1.0,"_time":97.90234},{"$id":"202","sounds":[{"d":0.5184555,"p":57,"v":80}],"size":1.0,"_time":98.02734},{"$id":"203","sounds":[{"d":0.258544922,"p":52,"v":91}],"pos":-0.5,"size":1.0,"_time":98.15625},{"$id":"204","sounds":[{"d":1.5512619,"p":95,"v":127},{"d":1.5512619,"p":83,"v":127},{"d":1.5512619,"p":45,"v":118}],"pos":-1.5,"size":1.70000017,"_time":98.28516},{"$id":"205","sounds":[{"d":1.29272461,"p":52,"v":87}],"pos":-1.0,"size":1.0,"_time":98.41406},{"$id":"206","sounds":[{"d":1.03417969,"p":57,"v":92}],"pos":-0.5,"size":1.0,"_time":98.54297},{"$id":"207","sounds":[{"d":0.775634766,"p":59,"v":106}],"size":1.0,"_time":98.67578},{"$id":"208","sounds":[{"d":0.517089844,"p":61,"v":102}],"pos":0.5,"size":1.0,"_time":98.80469},{"$id":"209","sounds":[{"d":0.258544922,"p":64,"v":109}],"pos":1.0,"size":1.0,"_time":98.93359},{"$id":"210","sounds":[{"d":0.775627136,"p":93,"v":127},{"d":0.775627136,"p":71,"v":120},{"d":0.775627136,"p":81,"v":127}],"pos":1.5,"size":1.70000017,"_time":99.0625},{"$id":"211","sounds":[{"d":0.6463547,"p":64,"v":99}],"pos":1.5,"size":1.0,"_time":99.19141},{"$id":"212","sounds":[{"d":0.5170822,"p":61,"v":111}],"pos":1.0,"size":1.0,"_time":99.32031},{"$id":"213","sounds":[{"d":0.387809753,"p":59,"v":101}],"pos":0.5,"size":1.0,"_time":99.44922},{"$id":"214","sounds":[{"d":0.2585373,"p":57,"v":107}],"size":1.0,"_time":99.578125},{"$id":"215","sounds":[{"d":0.129264832,"p":52,"v":100}],"pos":-0.5,"size":1.0,"_time":99.70703},{"$id":"216","sounds":[{"d":3.300476,"p":38,"v":127},{"d":3.300476,"p":26,"v":127},{"d":3.300476,"p":100,"v":127},{"d":3.300476,"p":88,"v":127}],"pos":-1.5,"size":1.70000017,"_time":99.83594},{"$id":"217","sounds":[{"d":1.33087921,"p":45,"v":102}],"pos":-1.5,"size":1.0,"_time":99.96875},{"$id":"218","sounds":[{"d":1.06466675,"p":50,"v":111}],"pos":-1.0,"size":1.0,"_time":100.097656},{"$id":"219","sounds":[{"d":0.798446655,"p":52,"v":93}],"pos":-0.5,"size":1.0,"_time":100.226563},{"$id":"220","sounds":[{"d":0.532249451,"p":54,"v":102}],"size":1.0,"_time":100.359375},{"$id":"221","sounds":[{"d":0.266159058,"p":57,"v":103}],"pos":0.5,"size":1.0,"_time":100.492188},{"$id":"222","sounds":[{"d":2.5133667,"p":64,"v":124}],"pos":1.5,"size":1.60000014,"_time":100.625},{"$id":"223","sounds":[{"d":1.37039185,"p":57,"v":91}],"pos":1.0,"size":1.0,"_time":100.757813},{"$id":"224","sounds":[{"d":1.09627533,"p":54,"v":107}],"pos":0.5,"size":1.0,"_time":100.890625},{"$id":"225","sounds":[{"d":0.822143555,"p":52,"v":99}],"size":1.0,"_time":101.027344},{"$id":"226","sounds":[{"d":0.548057556,"p":50,"v":80}],"pos":-0.5,"size":1.0,"_time":101.160156},{"$id":"227","sounds":[{"d":0.274055481,"p":45,"v":91}],"pos":-1.0,"size":1.0,"_time":101.296875},{"$id":"228","sounds":[{"d":1.41226959,"p":45,"v":87}],"pos":-0.5,"size":1.30000007,"_time":101.570313},{"$id":"229","sounds":[{"d":1.12981415,"p":50,"v":92}],"size":1.0,"_time":101.710938},{"$id":"230","sounds":[{"d":0.847290039,"p":52,"v":106}],"pos":0.5,"size":1.0,"_time":101.847656},{"$id":"231","sounds":[{"d":0.5648117,"p":54,"v":102}],"pos":1.0,"size":1.0,"_time":101.988281},{"$id":"232","sounds":[{"d":0.282432556,"p":57,"v":109}],"pos":1.5,"size":1.0,"_time":102.128906},{"$id":"233","sounds":[{"d":0.868721,"p":90,"v":127}],"pos":1.5,"size":1.30000007,"_time":102.269531},{"$id":"234","sounds":[{"d":0.868721,"p":78,"v":127}],"pos":-1.5,"size":1.30000007,"_time":102.269531},{"$id":"235","sounds":[{"d":0.868721,"p":66,"v":120}],"pos":6.0,"size":1.0,"_time":102.269531},{"$id":"236","sounds":[{"d":0.7271576,"p":57,"v":99}],"pos":4.5,"size":1.0,"_time":102.410156},{"$id":"237","sounds":[{"d":0.5848923,"p":54,"v":111}],"pos":6.5,"size":1.0,"_time":102.554688},{"$id":"238","sounds":[{"d":0.441841125,"p":92,"v":127},{"d":0.441841125,"p":80,"v":127}],"size":1.30000007,"_time":102.695313},{"$id":"239","sounds":[{"d":0.441841125,"p":52,"v":101}],"pos":6.5,"size":1.0,"_time":102.695313},{"$id":"240","sounds":[{"d":0.2980652,"p":50,"v":107}],"pos":7.0,"size":1.0,"_time":102.839844},{"$id":"241","sounds":[{"d":0.153625488,"p":45,"v":100}],"pos":5.5,"size":1.0,"_time":102.984375},{"$id":"242","sounds":[{"d":3.40818787,"p":22,"v":127},{"d":3.40818787,"p":34,"v":127}],"pos":-1.5,"size":1.50000012,"_time":103.136719},{"$id":"243","sounds":[{"d":0.8054199,"p":93,"v":127},{"d":0.8054199,"p":81,"v":127}],"pos":1.5,"size":1.4000001,"_time":103.136719},{"$id":"244","sounds":[{"d":1.49175262,"p":41,"v":102}],"pos":4.5,"size":1.0,"_time":103.304688},{"$id":"245","sounds":[{"d":1.19146729,"p":46,"v":111}],"pos":5.0,"size":1.0,"_time":103.472656},{"$id":"246","sounds":[{"d":0.892631531,"p":48,"v":93}],"pos":6.0,"size":1.0,"_time":103.632813},{"$id":"247","sounds":[{"d":0.303970337,"p":91,"v":119},{"d":0.303970337,"p":79,"v":119}],"pos":-1.5,"size":1.30000007,"_time":103.789063},{"$id":"248","sounds":[{"d":0.5946808,"p":50,"v":102}],"pos":5.5,"size":1.0,"_time":103.789063},{"$id":"249","sounds":[{"d":0.297065735,"p":53,"v":103}],"pos":5.5,"size":1.0,"_time":103.945313},{"$id":"250","sounds":[{"d":0.9889679,"p":81,"v":119},{"d":0.9889679,"p":93,"v":119}],"pos":0.5,"size":1.30000007,"_time":103.945313},{"$id":"251","sounds":[{"d":1.64567566,"p":91,"v":120},{"d":1.64567566,"p":79,"v":120}],"pos":-1.5,"size":1.30000007,"_time":104.09375},{"$id":"252","sounds":[{"d":2.45257568,"p":57,"v":124}],"pos":6.5,"size":1.0,"_time":104.09375},{"$id":"253","sounds":[{"d":1.36431885,"p":53,"v":91}],"pos":4.5,"size":1.0,"_time":104.242188},{"$id":"254","sounds":[{"d":1.08599854,"p":50,"v":107}],"pos":5.5,"size":1.0,"_time":104.382813},{"$id":"255","sounds":[{"d":0.8108139,"p":48,"v":99}],"pos":4.0,"size":1.0,"_time":104.523438},{"$id":"256","sounds":[{"d":2.021164,"p":96,"v":124},{"d":2.021164,"p":84,"v":124}],"pos":1.5,"size":1.30000007,"_time":104.523438},{"$id":"257","sounds":[{"d":0.538551331,"p":46,"v":80}],"pos":4.5,"size":1.0,"_time":104.664063},{"$id":"258","sounds":[{"d":0.268966675,"p":41,"v":91}],"pos":6.0,"size":1.0,"_time":104.796875},{"$id":"259","sounds":[{"d":1.21035,"p":93,"v":108},{"d":1.21035,"p":81,"v":108}],"size":1.30000007,"_time":104.933594},{"$id":"260","sounds":[{"d":1.34483337,"p":41,"v":87}],"pos":5.5,"size":1.0,"_time":105.066406},{"$id":"261","sounds":[{"d":1.0758667,"p":46,"v":92}],"pos":5.0,"size":1.0,"_time":105.203125},{"$id":"262","sounds":[{"d":0.8069,"p":48,"v":106}],"pos":5.0,"size":1.0,"_time":105.335938},{"$id":"263","sounds":[{"d":0.53793335,"p":50,"v":102}],"pos":5.5,"size":1.0,"_time":105.46875},{"$id":"264","sounds":[{"d":0.268966675,"p":53,"v":109}],"pos":6.0,"size":1.0,"_time":105.605469},{"$id":"265","sounds":[{"d":0.8069,"p":91,"v":109},{"d":0.8069,"p":79,"v":109}],"size":1.30000007,"_time":105.738281},{"$id":"266","sounds":[{"d":0.8069,"p":60,"v":120}],"pos":4.0,"size":1.0,"_time":105.738281},{"$id":"267","sounds":[{"d":0.6724167,"p":53,"v":99}],"pos":7.5,"size":1.0,"_time":105.875},{"$id":"268","sounds":[{"d":0.53793335,"p":50,"v":111}],"pos":4.5,"size":1.0,"_time":106.007813},{"$id":"269","sounds":[{"d":0.40345,"p":93,"v":124},{"d":0.40345,"p":81,"v":124}],"pos":1.5,"size":1.30000007,"_time":106.144531},{"$id":"270","sounds":[{"d":0.40345,"p":48,"v":101}],"pos":7.0,"size":1.0,"_time":106.144531},{"$id":"271","sounds":[{"d":0.268966675,"p":46,"v":107}],"pos":5.0,"size":1.0,"_time":106.277344},{"$id":"272","sounds":[{"d":0.134483337,"p":41,"v":100}],"pos":6.5,"size":1.0,"_time":106.410156},{"$id":"273","sounds":[{"d":3.44408417,"p":27,"v":127},{"d":3.44408417,"p":39,"v":127}],"pos":6.0,"size":1.80000019,"_time":106.546875},{"$id":"274","sounds":[{"d":3.44408417,"p":72,"v":120},{"d":3.44408417,"p":84,"v":120}],"pos":-1.5,"size":1.30000007,"_time":106.546875},{"$id":"275","sounds":[{"d":1.38623047,"p":46,"v":102}],"pos":7.0,"size":1.0,"_time":106.679688},{"$id":"276","sounds":[{"d":1.10894775,"p":51,"v":111}],"pos":5.0,"size":1.0,"_time":106.816406},{"$id":"277","sounds":[{"d":0.831642151,"p":53,"v":93}],"pos":7.5,"size":1.0,"_time":106.953125},{"$id":"278","sounds":[{"d":0.5543823,"p":55,"v":102}],"pos":5.5,"size":1.0,"_time":107.089844},{"$id":"279","sounds":[{"d":0.27721405,"p":58,"v":103}],"pos":7.5,"size":1.0,"_time":107.226563},{"$id":"280","sounds":[{"d":2.62472534,"p":62,"v":124}],"pos":5.5,"size":1.80000019,"_time":107.367188},{"$id":"281","sounds":[{"d":1.42914581,"p":58,"v":91}],"pos":7.0,"size":1.0,"_time":107.503906},{"$id":"282","sounds":[{"d":1.14326477,"p":55,"v":107}],"pos":5.0,"size":1.0,"_time":107.644531},{"$id":"283","sounds":[{"d":0.8573761,"p":53,"v":99}],"pos":6.5,"size":1.0,"_time":107.785156},{"$id":"284","sounds":[{"d":0.5715332,"p":51,"v":80}],"pos":4.5,"size":1.0,"_time":107.925781},{"$id":"285","sounds":[{"d":0.285804749,"p":46,"v":91}],"pos":6.0,"size":1.0,"_time":108.066406},{"$id":"286","sounds":[{"d":1.47475433,"p":46,"v":87}],"pos":3.5,"size":1.0,"_time":108.351563},{"$id":"287","sounds":[{"d":1.179802,"p":51,"v":92}],"pos":5.5,"size":1.0,"_time":108.496094},{"$id":"288","sounds":[{"d":0.8847809,"p":53,"v":106}],"pos":4.0,"size":1.0,"_time":108.640625},{"$id":"289","sounds":[{"d":0.589798,"p":55,"v":102}],"pos":5.0,"size":1.0,"_time":108.789063},{"$id":"290","sounds":[{"d":0.2949295,"p":58,"v":109}],"pos":3.5,"size":1.0,"_time":108.933594},{"$id":"291","sounds":[{"d":0.909561157,"p":93,"v":120}],"pos":-1.5,"size":1.30000007,"_time":109.082031},{"$id":"292","sounds":[{"d":0.909561157,"p":81,"v":120}],"pos":0.5,"size":1.30000007,"_time":109.082031},{"$id":"293","sounds":[{"d":0.909561157,"p":65,"v":120}],"pos":6.0,"size":1.80000019,"_time":109.082031},{"$id":"294","sounds":[{"d":0.7617111,"p":58,"v":99}],"pos":4.5,"size":1.0,"_time":109.230469},{"$id":"295","sounds":[{"d":0.613098145,"p":55,"v":111}],"pos":6.0,"size":1.0,"_time":109.378906},{"$id":"296","sounds":[{"d":0.463630676,"p":94,"v":121}],"pos":1.0,"size":1.30000007,"_time":109.527344},{"$id":"297","sounds":[{"d":0.463630676,"p":82,"v":121}],"pos":-1.0,"size":1.30000007,"_time":109.527344},{"$id":"298","sounds":[{"d":0.463630676,"p":53,"v":101}],"pos":4.0,"size":1.0,"_time":109.527344},{"$id":"299","sounds":[{"d":0.313385,"p":51,"v":107}],"pos":5.5,"size":1.0,"_time":109.675781},{"$id":"300","sounds":[{"d":0.162406921,"p":46,"v":100}],"pos":3.5,"size":1.0,"_time":109.828125},{"$id":"301","sounds":[{"d":3.35984039,"p":37,"v":127},{"d":3.35984039,"p":25,"v":127}],"pos":4.5,"size":1.60000014,"_time":109.992188},{"$id":"302","sounds":[{"d":0.79039,"p":84,"v":127}],"pos":-0.5,"size":1.30000007,"_time":109.992188},{"$id":"303","sounds":[{"d":0.79039,"p":96,"v":127}],"pos":1.5,"size":1.30000007,"_time":109.992188},{"$id":"304","sounds":[{"d":1.44361877,"p":44,"v":102}],"pos":4.0,"size":1.0,"_time":110.160156},{"$id":"305","sounds":[{"d":1.14479828,"p":49,"v":111}],"pos":6.5,"size":1.0,"_time":110.320313},{"$id":"306","sounds":[{"d":0.8570862,"p":51,"v":93}],"pos":5.0,"size":1.0,"_time":110.480469},{"$id":"307","sounds":[{"d":0.293334961,"p":82,"v":119},{"d":0.293334961,"p":94,"v":119}],"pos":-1.5,"size":1.30000007,"_time":110.632813},{"$id":"308","sounds":[{"d":0.5707245,"p":53,"v":102}],"pos":7.0,"size":1.0,"_time":110.632813},{"$id":"309","sounds":[{"d":0.9556503,"p":84,"v":119},{"d":0.9556503,"p":96,"v":119}],"pos":0.5,"size":1.30000007,"_time":110.78125},{"$id":"310","sounds":[{"d":0.2850647,"p":56,"v":103}],"pos":4.5,"size":1.0,"_time":110.78125},{"$id":"311","sounds":[{"d":1.6179657,"p":82,"v":120},{"d":1.6179657,"p":94,"v":120}],"pos":-1.5,"size":1.30000007,"_time":110.925781},{"$id":"312","sounds":[{"d":2.42486572,"p":60,"v":124}],"pos":7.5,"size":1.30000007,"_time":110.925781},{"$id":"313","sounds":[{"d":1.34300232,"p":56,"v":91}],"pos":4.0,"size":1.0,"_time":111.066406},{"$id":"314","sounds":[{"d":1.0716095,"p":53,"v":107}],"pos":7.0,"size":1.0,"_time":111.203125},{"$id":"315","sounds":[{"d":0.8037491,"p":51,"v":99}],"pos":4.5,"size":1.0,"_time":111.335938},{"$id":"316","sounds":[{"d":2.01409912,"p":99,"v":124},{"d":2.01409912,"p":87,"v":124}],"pos":1.5,"size":1.30000007,"_time":111.335938},{"$id":"317","sounds":[{"d":0.5394211,"p":49,"v":80}],"pos":6.5,"size":1.0,"_time":111.464844},{"$id":"318","sounds":[{"d":0.268966675,"p":44,"v":91}],"pos":5.0,"size":1.0,"_time":111.601563},{"$id":"319","sounds":[{"d":1.21035,"p":96,"v":108},{"d":1.21035,"p":84,"v":108}],"pos":-0.5,"size":1.30000007,"_time":111.738281},{"$id":"320","sounds":[{"d":1.34483337,"p":44,"v":87}],"pos":6.5,"size":1.0,"_time":111.871094},{"$id":"321","sounds":[{"d":1.0758667,"p":49,"v":92}],"pos":5.0,"size":1.0,"_time":112.003906},{"$id":"322","sounds":[{"d":0.8069,"p":51,"v":106}],"pos":7.0,"size":1.0,"_time":112.140625},{"$id":"323","sounds":[{"d":0.53793335,"p":53,"v":102}],"pos":4.5,"size":1.0,"_time":112.273438},{"$id":"324","sounds":[{"d":0.268966675,"p":56,"v":109}],"pos":7.5,"size":1.0,"_time":112.410156},{"$id":"325","sounds":[{"d":0.8069,"p":82,"v":109}],"pos":-1.5,"size":1.4000001,"_time":112.542969},{"$id":"326","sounds":[{"d":0.8069,"p":94,"v":109}],"size":1.4000001,"_time":112.542969},{"$id":"327","sounds":[{"d":0.8069,"p":63,"v":120}],"pos":4.0,"size":1.1,"_time":112.542969},{"$id":"328","sounds":[{"d":0.6724167,"p":56,"v":99}],"pos":7.0,"size":1.0,"_time":112.679688},{"$id":"329","sounds":[{"d":0.53793335,"p":53,"v":111}],"pos":4.5,"size":1.0,"_time":112.8125},{"$id":"330","sounds":[{"d":0.40345,"p":84,"v":124}],"pos":-1.0,"size":1.4000001,"_time":112.945313},{"$id":"331","sounds":[{"d":0.40345,"p":96,"v":124}],"pos":0.5,"size":1.4000001,"_time":112.945313},{"$id":"332","sounds":[{"d":0.40345,"p":51,"v":101}],"pos":6.5,"size":1.0,"_time":112.945313},{"$id":"333","sounds":[{"d":0.268966675,"p":49,"v":107}],"pos":5.0,"size":1.0,"_time":113.082031},{"$id":"334","sounds":[{"d":0.134483337,"p":44,"v":100}],"pos":6.0,"size":1.0,"_time":113.214844},{"$id":"335","sounds":[{"d":2.79499817,"p":91,"v":120}],"size":1.4000001,"_time":113.351563},{"$id":"336","sounds":[{"d":2.79499817,"p":103,"v":120}],"pos":1.5,"size":1.4000001,"_time":113.351563},{"$id":"337","sounds":[{"d":3.44127655,"p":41,"v":127},{"d":3.44127655,"p":29,"v":127}],"pos":5.5,"size":1.80000019,"_time":113.351563},{"$id":"338","sounds":[{"d":1.38623047,"p":48,"v":102}],"pos":6.5,"size":1.0,"_time":113.484375},{"$id":"339","sounds":[{"d":1.10894775,"p":53,"v":111}],"pos":4.5,"size":1.0,"_time":113.621094},{"$id":"340","sounds":[{"d":0.831642151,"p":55,"v":93}],"pos":7.0,"size":1.0,"_time":113.757813},{"$id":"341","sounds":[{"d":0.5543823,"p":56,"v":102}],"pos":5.0,"size":1.0,"_time":113.894531},{"$id":"342","sounds":[{"d":0.27721405,"p":60,"v":103}],"pos":7.5,"size":1.0,"_time":114.03125},{"$id":"343","sounds":[{"d":2.62191772,"p":63,"v":124}],"pos":6.5,"size":1.80000019,"_time":114.167969},{"$id":"344","sounds":[{"d":1.39707947,"p":60,"v":91}],"pos":8.0,"size":1.0,"_time":114.308594},{"$id":"345","sounds":[{"d":1.12037659,"p":56,"v":107}],"pos":5.5,"size":1.0,"_time":114.449219},{"$id":"346","sounds":[{"d":0.847190857,"p":55,"v":99}],"pos":7.5,"size":1.0,"_time":114.589844},{"$id":"347","sounds":[{"d":0.5715332,"p":53,"v":80}],"pos":5.0,"size":1.0,"_time":114.730469},{"$id":"348","sounds":[{"d":0.285804749,"p":48,"v":91}],"pos":7.0,"size":1.0,"_time":114.871094},{"$id":"349","sounds":[{"d":1.47376251,"p":48,"v":87}],"pos":4.0,"size":1.0,"_time":115.15625},{"$id":"350","sounds":[{"d":1.16445923,"p":53,"v":92}],"pos":6.5,"size":1.0,"_time":115.300781},{"$id":"351","sounds":[{"d":0.8665619,"p":55,"v":106}],"pos":4.5,"size":1.0,"_time":115.4375},{"$id":"352","sounds":[{"d":0.5766983,"p":56,"v":102}],"pos":7.5,"size":1.0,"_time":115.570313},{"$id":"353","sounds":[{"d":0.28792572,"p":60,"v":109}],"pos":5.0,"size":1.0,"_time":115.707031},{"$id":"354","sounds":[{"d":0.944465637,"p":104,"v":120}],"pos":2.0,"size":1.2,"_time":115.847656},{"$id":"355","sounds":[{"d":0.944465637,"p":92,"v":120}],"size":1.2,"_time":115.847656},{"$id":"356","sounds":[{"d":0.944465637,"p":68,"v":120}],"pos":7.5,"size":1.80000019,"_time":115.847656},{"$id":"357","sounds":[{"d":0.797973633,"p":60,"v":99}],"pos":5.5,"size":1.0,"_time":115.992188},{"$id":"358","sounds":[{"d":0.6462784,"p":103,"v":120}],"pos":1.5,"size":1.2,"_time":116.144531},{"$id":"359","sounds":[{"d":0.6462784,"p":91,"v":120}],"pos":-0.5,"size":1.2,"_time":116.144531},{"$id":"360","sounds":[{"d":0.6462784,"p":56,"v":111}],"pos":7.5,"size":1.0,"_time":116.144531},{"$id":"361","sounds":[{"d":0.4892273,"p":55,"v":101}],"pos":5.0,"size":1.0,"_time":116.300781},{"$id":"362","sounds":[{"d":0.3259201,"p":99,"v":120}],"pos":1.0,"size":1.2,"_time":116.464844},{"$id":"363","sounds":[{"d":0.3259201,"p":87,"v":120}],"pos":-1.0,"size":1.2,"_time":116.464844},{"$id":"364","sounds":[{"d":0.3259201,"p":53,"v":107}],"pos":7.0,"size":1.0,"_time":116.464844},{"$id":"365","sounds":[{"d":0.160591125,"p":48,"v":127}],"pos":4.5,"size":1.0,"_time":116.628906},{"$id":"366","sounds":[{"d":1.96546173,"p":58,"v":55},{"d":1.96546173,"p":61,"v":55},{"d":1.96546173,"p":68,"v":55},{"d":1.96546173,"p":65,"v":55}],"pos":-1.5,"size":2.0,"_time":116.792969},{"$id":"367","sounds":[{"d":4.265976,"p":96,"v":127},{"d":3.06773376,"p":84,"v":127}],"pos":1.5,"size":2.0,"_time":116.792969},{"$id":"368","sounds":[{"d":0.993240356,"p":82,"v":82}],"pos":-0.5,"size":1.0,"_time":117.414063},{"$id":"369","sounds":[{"d":0.993240356,"p":94,"v":82}],"pos":1.5,"size":1.0,"_time":117.414063},{"$id":"370","sounds":[{"d":0.493400574,"p":80,"v":68}],"pos":-1.0,"size":1.0,"_time":117.574219},{"$id":"371","sounds":[{"d":0.493400574,"p":92,"v":68}],"pos":1.0,"size":1.0,"_time":117.574219},{"$id":"372","sounds":[{"d":3.31893158,"p":79,"v":86}],"pos":-1.5,"size":1.0,"_time":117.738281},{"$id":"373","sounds":[{"d":3.31893158,"p":91,"v":86}],"pos":0.5,"size":1.0,"_time":117.738281},{"$id":"374","sounds":[{"d":2.987915,"p":80,"v":70}],"pos":-1.0,"size":1.0,"_time":118.070313},{"$id":"375","sounds":[{"d":2.987915,"p":92,"v":70}],"pos":1.0,"size":1.0,"_time":118.070313},{"$id":"376","sounds":[{"d":2.64859,"p":82,"v":80}],"pos":-0.5,"size":1.0,"_time":118.410156},{"$id":"377","sounds":[{"d":2.64859,"p":94,"v":80}],"pos":1.5,"size":1.0,"_time":118.410156},{"$id":"378","sounds":[{"d":2.38835144,"p":60,"v":21}],"pos":6.0,"size":1.0,"_time":118.667969},{"$id":"379","sounds":[{"d":2.30051422,"p":87,"v":97},{"d":2.30051422,"p":75,"v":97}],"pos":1.5,"size":1.50000012,"_time":118.757813},{"$id":"380","sounds":[{"d":2.30051422,"p":64,"v":21},{"w":0.0859375,"d":2.211998,"p":67,"v":31},{"w":0.17578125,"d":2.122902,"p":70,"v":40}],"pos":-1.5,"size":1.60000014,"_time":118.757813},{"$id":"381","sounds":[{"d":1.19824219,"p":72,"v":74}],"pos":-1.5,"size":1.30000007,"_time":119.859375},{"$id":"382","sounds":[{"d":1.19824219,"p":84,"v":74}],"pos":0.5,"size":1.30000007,"_time":119.859375},{"$id":"383","sounds":[{"d":4.41127,"p":61,"v":41}],"pos":4.5,"size":1.0,"_time":120.878906},{"$id":"384","sounds":[{"d":4.308632,"p":65,"v":41},{"w":0.1015625,"d":4.20671844,"p":68,"v":41},{"w":0.203125,"d":4.10546875,"p":72,"v":41}],"pos":-1.5,"size":1.50000012,"_time":120.980469,"shift":0.0390625},{"$id":"385","sounds":[{"d":4.23217,"p":89,"v":96},{"d":4.23217,"p":77,"v":96}],"pos":1.5,"size":1.50000012,"_time":121.058594},{"$id":"386","sounds":[{"d":3.75536346,"p":44,"v":65}],"size":1.0,"_time":125.289063},{"$id":"387","sounds":[{"d":3.285942,"p":51,"v":42}],"pos":-1.0,"size":1.0,"_time":125.757813},{"$id":"388","sounds":[{"d":2.81652069,"p":56,"v":59}],"pos":1.0,"size":1.0,"_time":126.226563},{"$id":"389","sounds":[{"d":2.3470993,"p":58,"v":51}],"pos":-2.0,"size":1.0,"_time":126.699219},{"$id":"390","sounds":[{"d":1.87767792,"p":60,"v":67}],"pos":2.0,"size":1.0,"_time":127.167969},{"$id":"391","sounds":[{"d":3.75535583,"p":49,"v":65}],"size":1.0,"_time":129.046875},{"$id":"392","sounds":[{"d":3.28593445,"p":56,"v":42}],"pos":1.0,"size":1.0,"_time":129.515625},{"$id":"393","sounds":[{"d":2.816513,"p":63,"v":59}],"pos":-1.0,"size":1.0,"_time":129.984375},{"$id":"394","sounds":[{"d":2.34709167,"p":65,"v":51}],"pos":2.0,"size":1.0,"_time":130.453125},{"$id":"395","sounds":[{"d":1.87767029,"p":72,"v":44}],"pos":-2.0,"size":1.0,"_time":130.921875},{"$id":"396","sounds":[{"d":3.75535583,"p":44,"v":65}],"size":1.0,"_time":132.800781},{"$id":"397","sounds":[{"d":3.28593445,"p":51,"v":42}],"pos":-1.0,"size":1.0,"_time":133.269531},{"$id":"398","sounds":[{"d":2.816513,"p":56,"v":59}],"pos":1.0,"size":1.0,"_time":133.738281},{"$id":"399","sounds":[{"d":2.34709167,"p":58,"v":51}],"pos":-2.0,"size":1.0,"_time":134.207031},{"$id":"400","sounds":[{"d":1.87767029,"p":60,"v":67}],"pos":2.0,"size":1.0,"_time":134.679688},{"$id":"401","sounds":[{"d":3.75193787,"p":49,"v":65}],"size":1.0,"_time":136.554688},{"$id":"402","sounds":[{"d":3.28251648,"p":56,"v":42}],"pos":1.0,"size":1.0,"_time":137.023438},{"$id":"403","sounds":[{"d":2.813095,"p":63,"v":59}],"pos":-1.0,"size":1.0,"_time":137.4961},{"$id":"404","sounds":[{"d":2.34367371,"p":65,"v":51}],"pos":2.0,"size":1.0,"_time":137.964844},{"$id":"405","sounds":[{"d":1.87425232,"p":72,"v":44}],"pos":-2.0,"size":1.0,"_time":138.4336},{"$id":"406","sounds":[{"d":3.86334229,"p":68,"v":48}],"pos":1.0,"size":0.6999999,"_time":140.3086},{"$id":"407","sounds":[{"d":3.39883423,"p":75,"v":25}],"pos":0.5,"size":0.6999999,"_time":140.773438},{"$id":"408","sounds":[{"d":2.92927551,"p":80,"v":42}],"pos":1.5,"size":0.6999999,"_time":141.242188},{"$id":"409","sounds":[{"d":2.45458984,"p":82,"v":34}],"size":0.6999999,"_time":141.714844},{"$id":"410","sounds":[{"d":1.97465515,"p":84,"v":50}],"pos":2.0,"size":0.6,"_time":142.195313},{"$id":"411","sounds":[{"d":4.241333,"p":73,"v":48}],"pos":-1.0,"size":0.6999999,"_time":144.171875},{"$id":"412","sounds":[{"d":3.73329163,"p":80,"v":25}],"pos":-0.5,"size":0.6999999,"_time":144.679688},{"$id":"413","sounds":[{"d":3.21923828,"p":87,"v":42}],"pos":-1.5,"size":0.6999999,"_time":145.1914},{"$id":"414","sounds":[{"d":2.69900513,"p":89,"v":34}],"size":0.6999999,"_time":145.714844},{"$id":"415","sounds":[{"d":2.17247,"p":96,"v":27}],"pos":-2.0,"size":0.6999999,"_time":146.238281},{"$id":"416","sounds":[{"d":4.70133972,"p":68,"v":48}],"pos":1.0,"size":0.9,"_time":148.414063},{"$id":"417","sounds":[{"d":4.140808,"p":75,"v":25}],"pos":0.5,"size":0.9,"_time":148.972656},{"$id":"418","sounds":[{"d":3.57290649,"p":80,"v":42}],"pos":1.5,"size":0.9,"_time":149.539063},{"$id":"419","sounds":[{"d":2.99749756,"p":82,"v":34}],"size":0.9,"_time":150.117188},{"$id":"420","sounds":[{"d":2.41433716,"p":84,"v":50}],"pos":2.0,"size":0.9,"_time":150.699219},{"$id":"421","sounds":[{"d":7.999405,"p":73,"v":48}],"pos":-1.0,"size":0.799999952,"_time":153.113281},{"$id":"422","sounds":[{"d":7.374222,"p":80,"v":25}],"pos":-0.5,"size":0.799999952,"_time":153.738281},{"$id":"423","sounds":[{"d":6.739914,"p":87,"v":42}],"pos":-1.5,"size":0.799999952,"_time":154.375},{"$id":"424","sounds":[{"d":6.09619141,"p":89,"v":34}],"size":0.799999952,"_time":155.015625},{"$id":"425","sounds":[{"d":5.20097351,"p":96,"v":27}],"pos":-2.0,"size":0.799999952,"_time":155.910156}],"links":[{"notes":[{"$ref":"141"},{"$ref":"142"},{"$ref":"143"},{"$ref":"144"},{"$ref":"145"}]},{"notes":[{"$ref":"147"},{"$ref":"148"},{"$ref":"149"},{"$ref":"150"},{"$ref":"151"}]},{"notes":[{"$ref":"228"},{"$ref":"229"},{"$ref":"230"},{"$ref":"231"},{"$ref":"232"}]},{"notes":[{"$ref":"153"},{"$ref":"154"},{"$ref":"155"},{"$ref":"156"},{"$ref":"157"}]},{"notes":[{"$ref":"159"},{"$ref":"160"},{"$ref":"161"},{"$ref":"162"},{"$ref":"163"}]},{"notes":[{"$ref":"165"},{"$ref":"166"},{"$ref":"167"},{"$ref":"168"},{"$ref":"169"}]},{"notes":[{"$ref":"171"},{"$ref":"172"},{"$ref":"173"},{"$ref":"174"},{"$ref":"175"}]},{"notes":[{"$ref":"193"},{"$ref":"194"},{"$ref":"195"},{"$ref":"196"},{"$ref":"197"}]},{"notes":[{"$ref":"205"},{"$ref":"206"},{"$ref":"207"},{"$ref":"208"},{"$ref":"209"}]},{"notes":[{"$ref":"177"},{"$ref":"178"},{"$ref":"180"},{"$ref":"182"},{"$ref":"184"},{"$ref":"185"},{"$ref":"187"},{"$ref":"188"},{"$ref":"190"},{"$ref":"191"}]},{"notes":[{"$ref":"199"},{"$ref":"200"},{"$ref":"201"},{"$ref":"202"},{"$ref":"203"}]},{"notes":[{"$ref":"211"},{"$ref":"212"},{"$ref":"213"},{"$ref":"214"},{"$ref":"215"}]},{"notes":[{"$ref":"217"},{"$ref":"218"},{"$ref":"219"},{"$ref":"220"},{"$ref":"221"}]},{"notes":[{"$ref":"223"},{"$ref":"224"},{"$ref":"225"},{"$ref":"226"},{"$ref":"227"}]},{"notes":[{"$ref":"368"},{"$ref":"370"},{"$ref":"372"}]},{"notes":[{"$ref":"369"},{"$ref":"371"},{"$ref":"373"}]}]}