{"notes":[{"_time":1.5,"$id":1,"sounds":[{"d":0.5625,"p":70,"v":60,"w":0.0}],"pos":-2.0,"size":1.0},{"_time":1.6875,"$id":2,"sounds":[{"d":0.5625,"p":77,"v":65,"w":0.0}],"pos":8.625,"size":1.0},{"_time":1.875,"$id":3,"sounds":[{"d":0.5625,"p":80,"v":80,"w":0.0}],"pos":7.0,"size":1.0},{"_time":2.0625,"$id":4,"sounds":[{"d":0.5625,"p":70,"v":60,"w":0.0}],"pos":7.75,"size":1.0},{"_time":2.25,"$id":5,"sounds":[{"d":0.5625,"p":77,"v":65,"w":0.0}],"pos":2.0,"size":1.0},{"_time":2.4375,"$id":6,"sounds":[{"d":0.5625,"p":80,"v":88,"w":0.0}],"pos":9.0,"size":1.0},{"_time":2.625,"$id":7,"sounds":[{"d":0.5625,"p":70,"v":60,"w":0.0}],"pos":9.5,"size":1.0},{"_time":2.8125,"$id":8,"sounds":[{"d":0.5625,"p":77,"v":65,"w":0.0}],"pos":8.625,"size":1.0},{"_time":3.0,"$id":9,"sounds":[{"d":0.5625,"p":79,"v":88,"w":0.0}],"pos":0.8927746,"size":1.0},{"_time":3.1875,"$id":10,"sounds":[{"d":0.5625,"p":70,"v":60,"w":0.0}],"pos":7.75,"size":1.0},{"_time":3.375,"$id":11,"sounds":[{"d":0.5625,"p":77,"v":65,"w":0.0}],"pos":-0.0261974335,"size":1.0},{"_time":3.5625,"$id":12,"sounds":[{"d":0.5625,"p":79,"v":88,"w":0.0}],"pos":8.875,"size":1.0},{"_time":3.75,"$id":13,"sounds":[{"d":0.5625,"p":70,"v":60,"w":0.0}],"pos":-1.10881042,"size":1.0},{"_time":3.9375,"$id":14,"sounds":[{"d":0.5625,"p":77,"v":65,"w":0.0}],"pos":8.625,"size":1.0},{"_time":4.125,"$id":15,"sounds":[{"d":0.5625,"p":80,"v":88,"w":0.0}],"pos":8.0,"size":1.0},{"_time":4.3125,"$id":16,"sounds":[{"d":0.5625,"p":75,"v":84,"w":0.0}],"pos":8.375,"size":1.0},{"_time":4.5,"$id":17,"sounds":[{"d":0.5625,"p":70,"v":60,"w":0.0}],"pos":2.0,"size":1.0},{"_time":4.5,"$id":18,"sounds":[{"d":1.125,"p":65,"v":34,"w":0.0}],"pos":7.125,"size":1.0},{"_time":4.6875,"$id":19,"sounds":[{"d":0.5625,"p":77,"v":65,"w":0.0}],"pos":8.625,"size":1.0},{"_time":4.875,"$id":20,"sounds":[{"d":0.5625,"p":80,"v":80,"w":0.0}],"pos":4.5,"size":1.0},{"_time":5.0625,"$id":21,"sounds":[{"d":0.9375,"p":63,"v":40,"w":0.0}],"pos":6.875,"size":1.0},{"_time":5.0625,"$id":22,"sounds":[{"d":0.5625,"p":70,"v":60,"w":0.0}],"pos":7.75,"size":1.0},{"_time":5.25,"$id":23,"sounds":[{"d":0.5625,"p":77,"v":65,"w":0.0}],"pos":-2.0,"size":1.0},{"_time":5.4375,"$id":24,"sounds":[{"d":0.5625,"p":80,"v":88,"w":0.0}],"pos":9.0,"size":1.0},{"_time":5.625,"$id":25,"sounds":[{"d":0.9375,"p":60,"v":46,"w":0.0}],"pos":6.5,"size":1.0},{"_time":5.625,"$id":26,"sounds":[{"d":0.5625,"p":70,"v":60,"w":0.0}],"pos":4.5,"size":1.0},{"_time":5.8125,"$id":27,"sounds":[{"d":0.5625,"p":77,"v":65,"w":0.0}],"pos":8.625,"size":1.0},{"_time":6.0,"$id":28,"sounds":[{"d":0.5625,"p":79,"v":88,"w":0.0}],"pos":2.0,"size":1.0},{"_time":6.1875,"$id":29,"sounds":[{"d":0.9375,"p":56,"v":52,"w":0.0}],"pos":6.0,"size":1.0},{"_time":6.1875,"$id":30,"sounds":[{"d":0.5625,"p":70,"v":60,"w":0.0}],"pos":7.75,"size":1.0},{"_time":6.375,"$id":31,"sounds":[{"d":0.5625,"p":77,"v":65,"w":0.0}],"pos":-0.7719736,"size":1.0},{"_time":6.5625,"$id":32,"sounds":[{"d":0.5625,"p":79,"v":88,"w":0.0}],"pos":8.875,"size":1.0},{"_time":6.75,"$id":33,"sounds":[{"d":0.5625,"p":70,"v":60,"w":0.0}],"pos":0.7059679,"size":1.0},{"_time":6.75,"$id":34,"sounds":[{"d":0.75,"p":51,"v":55,"w":0.0}],"pos":5.375,"size":1.0},{"_time":6.9375,"$id":35,"sounds":[{"d":0.5625,"p":77,"v":65,"w":0.0}],"pos":8.625,"size":1.0},{"_time":7.125,"$id":36,"sounds":[{"d":0.5625,"p":80,"v":88,"w":0.0}],"pos":8.5,"size":1.0},{"_time":7.3125,"$id":37,"sounds":[{"d":0.5625,"p":75,"v":84,"w":0.0}],"pos":8.375,"size":1.0},{"_time":7.5,"$id":38,"sounds":[{"d":6.0,"p":46,"v":52,"w":0.0}],"pos":4.75,"size":1.0},{"_time":7.5,"$id":39,"sounds":[{"d":0.5625,"p":70,"v":60,"w":0.0}],"pos":-2.0,"size":1.2},{"_time":7.5,"$id":40,"sounds":[{"d":6.0,"p":34,"v":68,"w":0.0}],"pos":3.25,"size":1.0},{"_time":7.6875,"$id":41,"sounds":[{"d":0.5625,"p":77,"v":65,"w":0.0}],"pos":9.5,"size":1.0},{"_time":7.875,"$id":42,"sounds":[{"d":0.5625,"p":80,"v":80,"w":0.0}],"pos":10.0,"size":1.0},{"_time":8.0625,"$id":43,"sounds":[{"d":0.5625,"p":70,"v":60,"w":0.0}],"pos":7.0,"size":1.2},{"_time":8.25,"$id":44,"sounds":[{"d":0.5625,"p":77,"v":65,"w":0.0}],"pos":2.0,"size":1.0},{"_time":8.4375,"$id":45,"sounds":[{"d":0.5625,"p":80,"v":88,"w":0.0}],"pos":6.0,"size":1.0},{"_time":8.625,"$id":46,"sounds":[{"d":0.5625,"p":70,"v":60,"w":0.0}],"pos":8.5,"size":1.2},{"_time":8.8125,"$id":47,"sounds":[{"d":0.5625,"p":77,"v":65,"w":0.0}],"pos":9.0,"size":1.0},{"_time":9.0,"$id":48,"sounds":[{"d":0.5625,"p":79,"v":88,"w":0.0}],"pos":0.997353554,"size":1.0},{"_time":9.1875,"$id":49,"sounds":[{"d":0.5625,"p":70,"v":60,"w":0.0}],"pos":7.5,"size":1.2},{"_time":9.375,"$id":50,"sounds":[{"d":0.5625,"p":77,"v":65,"w":0.0}],"pos":-0.5,"size":1.0},{"_time":9.5625,"$id":51,"sounds":[{"d":0.5625,"p":79,"v":88,"w":0.0}],"pos":6.5,"size":1.0},{"_time":9.75,"$id":52,"sounds":[{"d":0.5625,"p":70,"v":60,"w":0.0}],"pos":-1.5,"size":1.0},{"_time":9.9375,"$id":53,"sounds":[{"d":0.5625,"p":77,"v":65,"w":0.0}],"pos":5.0,"size":1.0},{"_time":10.125,"$id":54,"sounds":[{"d":0.5625,"p":80,"v":80,"w":0.0}],"pos":11.5,"size":1.0},{"_time":10.3125,"$id":55,"sounds":[{"d":0.5625,"p":75,"v":84,"w":0.0}],"pos":8.5,"size":1.0},{"_time":10.3125,"$id":56,"sounds":[{"d":0.5625,"p":70,"v":60,"w":0.0}],"pos":4.0,"size":1.0},{"_time":10.5,"$id":57,"sounds":[{"d":0.5625,"p":77,"v":65,"w":0.0}],"pos":2.0,"size":1.0},{"_time":10.6875,"$id":58,"sounds":[{"d":0.5625,"p":80,"v":80,"w":0.0}],"pos":7.5,"size":1.0},{"_time":10.875,"$id":59,"sounds":[{"d":0.5625,"p":70,"v":60,"w":0.0}],"pos":5.5,"size":1.2},{"_time":11.0625,"$id":60,"sounds":[{"d":0.5625,"p":77,"v":65,"w":0.0}],"pos":6.0,"size":1.0},{"_time":11.25,"$id":61,"sounds":[{"d":0.5625,"p":80,"v":88,"w":0.0}],"pos":-2.0,"size":1.0},{"_time":11.4375,"$id":62,"sounds":[{"d":0.5625,"p":70,"v":60,"w":0.0}],"pos":8.0,"size":1.2},{"_time":11.625,"$id":63,"sounds":[{"d":0.5625,"p":77,"v":65,"w":0.0}],"pos":7.5,"size":1.0},{"_time":11.8125,"$id":64,"sounds":[{"d":0.5625,"p":79,"v":88,"w":0.0}],"pos":7.0,"size":1.0},{"_time":12.0,"$id":65,"sounds":[{"d":0.5625,"p":70,"v":60,"w":0.0}],"pos":-1.0,"size":1.0},{"_time":12.1875,"$id":66,"sounds":[{"d":0.5625,"p":77,"v":65,"w":0.0}],"pos":10.0,"size":1.0},{"_time":12.375,"$id":67,"sounds":[{"d":0.5625,"p":79,"v":88,"w":0.0}],"pos":0.238095284,"size":1.0},{"_time":12.5625,"$id":68,"sounds":[{"d":0.5625,"p":70,"v":60,"w":0.0}],"pos":8.5,"size":1.2},{"_time":12.75,"$id":69,"sounds":[{"d":0.5625,"p":77,"v":65,"w":0.0}],"pos":1.5,"size":1.0},{"_time":12.9375,"$id":70,"sounds":[{"d":0.5625,"p":80,"v":88,"w":0.0}],"pos":7.5,"size":1.0},{"_time":13.125,"$id":71,"sounds":[{"d":0.5625,"p":75,"v":84,"w":0.0}],"pos":5.5,"size":1.0},{"_time":13.5,"$id":72,"sounds":[{"d":0.5625,"p":85,"v":73,"w":0.0}],"pos":11.0875034,"size":1.0},{"_time":13.5,"$id":73,"sounds":[{"d":0.5625,"p":94,"v":97,"w":0.0}],"pos":1.82295227,"size":1.0},{"_time":13.5,"$id":74,"sounds":[{"d":0.5625,"p":58,"v":40,"w":0.0}],"pos":6.25,"size":1.0},{"_time":13.6875,"$id":75,"sounds":[{"d":0.5625,"p":65,"v":49,"w":0.0}],"pos":7.125,"size":1.0},{"_time":13.875,"$id":76,"sounds":[{"d":0.5625,"p":89,"v":84,"w":0.0}],"pos":-0.858085632,"size":1.0},{"_time":13.875,"$id":77,"sounds":[{"d":0.5625,"p":68,"v":68,"w":0.0}],"pos":7.5,"size":1.0},{"_time":13.875,"$id":78,"sounds":[{"d":0.5625,"p":80,"v":53,"w":0.0}],"pos":9.464666,"size":1.0},{"_time":14.0625,"$id":79,"sounds":[{"d":0.5625,"p":58,"v":40,"w":0.0}],"pos":6.25,"size":1.0},{"_time":14.25,"$id":80,"sounds":[{"d":0.5625,"p":65,"v":49,"w":0.0}],"pos":7.125,"size":1.0},{"_time":14.25,"$id":81,"sounds":[{"d":0.5625,"p":82,"v":61,"w":0.0}],"pos":10.2645512,"size":1.0},{"_time":14.25,"$id":82,"sounds":[{"d":0.5625,"p":92,"v":89,"w":0.0}],"pos":1.0,"size":1.0},{"_time":14.4375,"$id":83,"sounds":[{"d":0.5625,"p":68,"v":68,"w":0.0}],"pos":7.5,"size":1.0},{"_time":14.625,"$id":84,"sounds":[{"d":0.5625,"p":58,"v":40,"w":0.0}],"pos":6.25,"size":1.0},{"_time":14.625,"$id":85,"sounds":[{"d":0.5625,"p":77,"v":61,"w":0.0}],"pos":8.726488,"size":1.0},{"_time":14.625,"$id":86,"sounds":[{"d":0.5625,"p":87,"v":78,"w":0.0}],"pos":-1.59626389,"size":1.0},{"_time":14.8125,"$id":87,"sounds":[{"d":0.5625,"p":65,"v":49,"w":0.0}],"pos":7.125,"size":1.0},{"_time":15.0,"$id":88,"sounds":[{"d":0.5625,"p":80,"v":73,"w":0.0}],"pos":9.695347,"size":1.0},{"_time":15.0,"$id":89,"sounds":[{"d":0.5625,"p":89,"v":91,"w":0.0}],"pos":0.43079567,"size":1.0},{"_time":15.0,"$id":90,"sounds":[{"d":0.5625,"p":67,"v":68,"w":0.0}],"pos":7.375,"size":1.0},{"_time":15.1875,"$id":91,"sounds":[{"d":0.5625,"p":58,"v":40,"w":0.0}],"pos":6.25,"size":1.0},{"_time":15.375,"$id":92,"sounds":[{"d":0.5625,"p":75,"v":57,"w":0.0}],"pos":8.364897,"size":1.0},{"_time":15.375,"$id":93,"sounds":[{"d":0.5625,"p":65,"v":49,"w":0.0}],"pos":7.125,"size":1.0},{"_time":15.375,"$id":94,"sounds":[{"d":0.5625,"p":82,"v":82,"w":0.0}],"pos":-1.95785522,"size":1.0},{"_time":15.5625,"$id":95,"sounds":[{"d":0.5625,"p":67,"v":68,"w":0.0}],"pos":7.375,"size":1.0},{"_time":15.75,"$id":96,"sounds":[{"d":0.5625,"p":77,"v":61,"w":0.0}],"pos":9.264551,"size":1.0},{"_time":15.75,"$id":97,"sounds":[{"d":0.5625,"p":85,"v":88,"w":0.0}],"pos":0.0,"size":1.0},{"_time":15.75,"$id":98,"sounds":[{"d":0.5625,"p":58,"v":40,"w":0.0}],"pos":6.25,"size":1.0},{"_time":15.9375,"$id":99,"sounds":[{"d":0.5625,"p":65,"v":49,"w":0.0}],"pos":7.125,"size":1.0},{"_time":16.125,"$id":100,"sounds":[{"d":0.5625,"p":80,"v":73,"w":0.0}],"pos":10.1567087,"size":1.0},{"_time":16.125,"$id":101,"sounds":[{"d":0.5625,"p":87,"v":86,"w":0.0}],"pos":0.892157555,"size":1.0},{"_time":16.125,"$id":102,"sounds":[{"d":0.5625,"p":68,"v":68,"w":0.0}],"pos":7.5,"size":1.0},{"_time":16.3125,"$id":103,"sounds":[{"d":0.5625,"p":63,"v":64,"w":0.0}],"pos":6.875,"size":1.0},{"_time":16.3125,"$id":104,"sounds":[{"d":0.5625,"p":89,"v":94,"w":0.0}],"pos":-1.0,"size":1.0},{"_time":16.5,"$id":105,"sounds":[{"d":0.5625,"p":58,"v":40,"w":0.0}],"pos":6.25,"size":1.0},{"_time":16.5,"$id":106,"sounds":[{"d":0.5625,"p":84,"v":86,"w":0.0}],"pos":2.0,"size":1.0},{"_time":16.5,"$id":107,"sounds":[{"d":0.5625,"p":75,"v":65,"w":0.0}],"pos":11.2645512,"size":1.0},{"_time":16.6875,"$id":108,"sounds":[{"d":0.5625,"p":65,"v":49,"w":0.0}],"pos":7.125,"size":1.0},{"_time":16.875,"$id":109,"sounds":[{"d":0.5625,"p":68,"v":68,"w":0.0}],"pos":9.818762,"size":1.0},{"_time":16.875,"$id":110,"sounds":[{"d":0.5625,"p":72,"v":57,"w":0.0}],"pos":8.0,"size":1.0},{"_time":16.875,"$id":111,"sounds":[{"d":0.5625,"p":80,"v":78,"w":0.0}],"pos":0.554210663,"size":1.0},{"_time":17.0625,"$id":112,"sounds":[{"d":0.5625,"p":58,"v":40,"w":0.0}],"pos":6.25,"size":1.0},{"_time":17.25,"$id":113,"sounds":[{"d":0.5625,"p":65,"v":49,"w":0.0}],"pos":7.125,"size":1.0},{"_time":17.25,"$id":114,"sounds":[{"d":0.5625,"p":73,"v":61,"w":0.0}],"pos":10.7645512,"size":1.0},{"_time":17.25,"$id":115,"sounds":[{"d":0.5625,"p":82,"v":82,"w":0.0}],"pos":1.5,"size":1.0},{"_time":17.4375,"$id":116,"sounds":[{"d":0.5625,"p":68,"v":68,"w":0.0}],"pos":7.5,"size":1.0},{"_time":17.625,"$id":117,"sounds":[{"d":0.5625,"p":77,"v":78,"w":0.0}],"pos":-0.5,"size":1.0},{"_time":17.625,"$id":118,"sounds":[{"d":0.5625,"p":58,"v":40,"w":0.0}],"pos":6.25,"size":1.0},{"_time":17.625,"$id":119,"sounds":[{"d":0.5625,"p":70,"v":53,"w":0.0}],"pos":8.764551,"size":1.0},{"_time":17.8125,"$id":120,"sounds":[{"d":0.5625,"p":65,"v":49,"w":0.0}],"pos":7.125,"size":1.0},{"_time":18.0,"$id":121,"sounds":[{"d":0.5625,"p":72,"v":57,"w":0.0}],"pos":9.689487,"size":1.0},{"_time":18.0,"$id":122,"sounds":[{"d":0.5625,"p":80,"v":82,"w":0.0}],"pos":0.4249363,"size":1.0},{"_time":18.0,"$id":123,"sounds":[{"d":0.5625,"p":67,"v":68,"w":0.0}],"pos":7.375,"size":1.0},{"_time":18.1875,"$id":124,"sounds":[{"d":0.5625,"p":58,"v":40,"w":0.0}],"pos":6.25,"size":1.0},{"_time":18.375,"$id":125,"sounds":[{"d":0.5625,"p":77,"v":73,"w":0.0}],"pos":10.7645512,"size":1.0},{"_time":18.375,"$id":126,"sounds":[{"d":0.5625,"p":65,"v":49,"w":0.0}],"pos":7.125,"size":1.0},{"_time":18.375,"$id":127,"sounds":[{"d":0.5625,"p":85,"v":94,"w":0.0}],"pos":1.73015881,"size":1.0},{"_time":18.5625,"$id":128,"sounds":[{"d":0.5625,"p":67,"v":68,"w":0.0}],"pos":7.375,"size":1.0},{"_time":18.75,"$id":129,"sounds":[{"d":0.5625,"p":58,"v":40,"w":0.0}],"pos":6.25,"size":1.0},{"_time":18.75,"$id":130,"sounds":[{"d":0.5625,"p":75,"v":65,"w":0.0}],"pos":9.764551,"size":1.0},{"_time":18.75,"$id":131,"sounds":[{"d":0.5625,"p":84,"v":86,"w":0.0}],"pos":-0.611109734,"size":1.0},{"_time":18.9375,"$id":132,"sounds":[{"d":0.5625,"p":65,"v":49,"w":0.0}],"pos":7.125,"size":1.0},{"_time":19.125,"$id":133,"sounds":[{"d":0.5625,"p":68,"v":68,"w":0.0}],"pos":7.5,"size":1.0},{"_time":19.125,"$id":134,"sounds":[{"d":0.5625,"p":80,"v":78,"w":0.0}],"pos":-0.5,"size":1.0},{"_time":19.125,"$id":135,"sounds":[{"d":0.5625,"p":72,"v":65,"w":0.0}],"pos":8.764551,"size":1.0},{"_time":19.3125,"$id":136,"sounds":[{"d":0.5625,"p":81,"v":86,"w":0.0}],"pos":1.55820084,"size":1.0},{"_time":19.3125,"$id":137,"sounds":[{"d":0.5625,"p":63,"v":64,"w":0.0}],"pos":6.875,"size":1.0},{"_time":19.3125,"$id":138,"sounds":[{"d":0.5625,"p":73,"v":73,"w":0.0}],"pos":3.5,"size":1.0},{"_time":19.5,"$id":139,"sounds":[{"d":0.5625,"p":51,"v":40,"w":0.0}],"pos":5.375,"size":1.0},{"_time":19.5,"$id":140,"sounds":[{"d":0.75,"p":82,"v":86,"w":0.0}],"pos":-2.0,"size":1.2},{"_time":19.5,"$id":141,"sounds":[{"d":0.75,"p":78,"v":70,"w":0.0}],"pos":6.5,"size":1.0},{"_time":19.6875,"$id":142,"sounds":[{"d":0.375,"p":66,"v":42,"w":0.0}],"pos":14.0188522,"size":1.0},{"_time":19.875,"$id":143,"sounds":[{"d":0.5625,"p":61,"v":68,"w":0.0}],"pos":6.625,"size":1.0},{"_time":19.875,"$id":144,"sounds":[{"d":0.75,"p":75,"v":62,"w":0.0}],"pos":2.0,"size":1.2},{"_time":20.0625,"$id":145,"sounds":[{"d":0.5625,"p":51,"v":40,"w":0.0}],"pos":5.375,"size":1.0},{"_time":20.0625,"$id":146,"sounds":[{"d":0.375,"p":66,"v":34,"w":0.0}],"pos":13.3439159,"size":1.0},{"_time":20.25,"$id":147,"sounds":[{"d":0.75,"p":80,"v":74,"w":0.0}],"pos":-2.0,"size":1.2},{"_time":20.25,"$id":148,"sounds":[{"d":0.5625,"p":58,"v":49,"w":0.0}],"pos":6.25,"size":1.0},{"_time":20.25,"$id":149,"sounds":[{"d":0.75,"p":84,"v":90,"w":0.0}],"pos":9.5,"size":1.0},{"_time":20.4375,"$id":150,"sounds":[{"d":0.375,"p":66,"v":42,"w":0.0}],"pos":14.0188522,"size":1.0},{"_time":20.625,"$id":151,"sounds":[{"d":0.5625,"p":51,"v":40,"w":0.0}],"pos":5.375,"size":1.0},{"_time":20.625,"$id":152,"sounds":[{"d":0.75,"p":75,"v":66,"w":0.0}],"pos":1.3460207,"size":1.2},{"_time":20.8125,"$id":153,"sounds":[{"d":0.375,"p":66,"v":34,"w":0.0}],"pos":13.3439159,"size":1.0},{"_time":21.0,"$id":154,"sounds":[{"d":0.5625,"p":60,"v":68,"w":0.0}],"pos":6.5,"size":1.0},{"_time":21.0,"$id":155,"sounds":[{"d":0.75,"p":87,"v":94,"w":0.0}],"pos":9.875,"size":1.0},{"_time":21.0,"$id":156,"sounds":[{"d":0.75,"p":82,"v":78,"w":0.0}],"pos":-1.26984119,"size":1.2},{"_time":21.1875,"$id":157,"sounds":[{"d":0.375,"p":66,"v":42,"w":0.0}],"pos":14.0188522,"size":1.0},{"_time":21.1875,"$id":158,"sounds":[{"d":0.5625,"p":51,"v":40,"w":0.0}],"pos":5.375,"size":1.0},{"_time":21.375,"$id":159,"sounds":[{"d":0.5625,"p":58,"v":49,"w":0.0}],"pos":6.25,"size":1.0},{"_time":21.375,"$id":160,"sounds":[{"d":0.75,"p":75,"v":74,"w":0.0}],"pos":0.7918625,"size":1.2},{"_time":21.5625,"$id":161,"sounds":[{"d":0.375,"p":66,"v":34,"w":0.0}],"pos":13.3439159,"size":1.0},{"_time":21.75,"$id":162,"sounds":[{"d":0.5625,"p":51,"v":40,"w":0.0}],"pos":5.375,"size":1.0},{"_time":21.75,"$id":163,"sounds":[{"d":0.75,"p":88,"v":94,"w":0.0}],"pos":10.0,"size":1.0},{"_time":21.75,"$id":164,"sounds":[{"d":0.75,"p":83,"v":78,"w":0.0}],"pos":-1.18501377,"size":1.2},{"_time":21.9375,"$id":165,"sounds":[{"d":0.375,"p":66,"v":42,"w":0.0}],"pos":14.0188522,"size":1.0},{"_time":22.125,"$id":166,"sounds":[{"d":0.5625,"p":61,"v":68,"w":0.0}],"pos":6.625,"size":1.0},{"_time":22.125,"$id":167,"sounds":[{"d":0.75,"p":75,"v":74,"w":0.0}],"pos":1.27629089,"size":1.2},{"_time":22.3125,"$id":168,"sounds":[{"d":0.375,"p":66,"v":34,"w":0.0}],"pos":13.3439159,"size":1.0},{"_time":22.3125,"$id":169,"sounds":[{"d":0.5625,"p":56,"v":64,"w":0.0}],"pos":6.0,"size":1.0},{"_time":22.5,"$id":170,"sounds":[{"d":3.0,"p":81,"v":74,"w":0.0}],"pos":-1.11148167,"size":1.1},{"_time":22.5,"$id":171,"sounds":[{"d":3.0,"p":57,"v":66,"w":0.0}],"pos":6.125,"size":1.0},{"_time":22.5,"$id":172,"sounds":[{"d":3.0,"p":79,"v":74,"w":0.0}],"pos":8.875,"size":1.0},{"_time":22.5,"$id":173,"sounds":[{"d":3.0,"p":84,"v":74,"w":0.0}],"pos":9.5,"size":1.0},{"_time":22.5,"$id":174,"sounds":[{"d":3.0,"p":89,"v":94,"w":0.0}],"pos":2.0,"size":1.1},{"_time":23.25,"$id":175,"sounds":[{"d":2.25,"p":53,"v":81,"w":0.0}],"pos":-0.297590256,"size":1.2},{"_time":24.0,"$id":176,"sounds":[{"d":1.5,"p":41,"v":95,"w":0.0}],"pos":-1.5,"size":1.4000001},{"_time":25.5,"$id":177,"sounds":[{"d":2.625,"p":41,"v":100,"w":0.0}],"pos":4.125,"size":1.0},{"_time":25.5,"$id":178,"sounds":[{"d":2.625,"p":29,"v":100,"w":0.0}],"pos":6.5,"size":0.9},{"_time":25.5,"$id":179,"sounds":[{"d":0.09375,"p":80,"v":80,"w":0.0}],"pos":8.0,"size":1.0},{"_time":25.5,"$id":180,"sounds":[{"d":0.09375,"p":88,"v":100,"w":0.0}],"pos":-1.88889027,"size":1.0},{"_time":25.5,"$id":181,"sounds":[{"d":2.625,"p":53,"v":100,"w":0.0}],"pos":5.625,"size":1.0},{"_time":25.875,"$id":182,"sounds":[{"d":0.09375,"p":89,"v":100,"w":0.0}],"pos":0.9982414,"size":1.0},{"_time":25.875,"$id":183,"sounds":[{"d":0.09375,"p":81,"v":80,"w":0.0}],"pos":9.0,"size":1.2},{"_time":26.25,"$id":184,"sounds":[{"d":0.09375,"p":86,"v":100,"w":0.0}],"pos":-1.4629631,"size":1.0},{"_time":26.25,"$id":185,"sounds":[{"d":0.09375,"p":78,"v":80,"w":0.0}],"pos":8.5,"size":1.0},{"_time":26.625,"$id":186,"sounds":[{"d":0.09375,"p":87,"v":100,"w":0.0}],"pos":1.0,"size":1.0},{"_time":26.625,"$id":187,"sounds":[{"d":0.09375,"p":79,"v":80,"w":0.0}],"pos":9.0,"size":1.2},{"_time":27.0,"$id":188,"sounds":[{"d":0.09375,"p":76,"v":80,"w":0.0}],"pos":-0.5,"size":1.0},{"_time":27.0,"$id":189,"sounds":[{"d":0.09375,"p":84,"v":100,"w":0.0}],"pos":0.5,"size":1.0},{"_time":27.375,"$id":190,"sounds":[{"d":0.09375,"p":85,"v":100,"w":0.0}],"pos":1.0,"size":1.2},{"_time":27.375,"$id":191,"sounds":[{"d":0.09375,"p":77,"v":80,"w":0.0}],"pos":-0.916984558,"size":1.2},{"_time":27.75,"$id":192,"sounds":[{"d":0.09375,"p":81,"v":100,"w":0.0}],"pos":1.5,"size":1.0},{"_time":27.75,"$id":193,"sounds":[{"d":0.09375,"p":72,"v":80,"w":0.0}],"pos":-1.54198456,"size":1.0},{"_time":28.125,"$id":194,"sounds":[{"d":0.09375,"p":75,"v":80,"w":0.0}],"pos":-2.0,"size":1.2},{"_time":28.125,"$id":195,"sounds":[{"d":0.09375,"p":84,"v":100,"w":0.0}],"pos":2.0,"size":1.2},{"_time":28.5,"$id":196,"sounds":[{"d":0.09375,"p":70,"v":80,"w":0.0}],"pos":-2.0,"size":1.0},{"_time":28.5,"$id":197,"sounds":[{"d":0.09375,"p":58,"v":60,"w":0.0}],"pos":6.25,"size":1.0},{"_time":28.875,"$id":198,"sounds":[{"d":0.09375,"p":82,"v":100,"w":0.0}],"pos":9.25,"size":1.0},{"_time":28.875,"$id":199,"sounds":[{"d":0.09375,"p":72,"v":80,"w":0.0}],"pos":2.0,"size":1.0},{"_time":29.25,"$id":200,"sounds":[{"d":0.09375,"p":76,"v":88,"w":0.0}],"pos":-1.10052776,"size":1.0},{"_time":29.25,"$id":201,"sounds":[{"d":0.09375,"p":69,"v":68,"w":0.0}],"pos":7.0,"size":1.1},{"_time":29.53125,"$id":202,"sounds":[{"d":0.09375,"p":70,"v":72,"w":0.0}],"pos":0.9381132,"size":1.4000001},{"_time":29.53125,"$id":203,"sounds":[{"d":0.09375,"p":77,"v":92,"w":0.0}],"pos":-0.600527763,"size":1.0},{"_time":30.0,"$id":204,"sounds":[{"d":0.09375,"p":58,"v":60,"w":0.0}],"pos":6.25,"size":1.0},{"_time":30.0,"$id":205,"sounds":[{"d":0.09375,"p":70,"v":80,"w":0.0}],"pos":-1.0,"size":1.0},{"_time":30.375,"$id":206,"sounds":[{"d":0.09375,"p":85,"v":100,"w":0.0}],"pos":2.0,"size":1.0},{"_time":30.375,"$id":207,"sounds":[{"d":0.09375,"p":77,"v":80,"w":0.0}],"pos":8.625,"size":1.0},{"_time":30.75,"$id":208,"sounds":[{"d":0.09375,"p":81,"v":88,"w":0.0}],"pos":-2.0,"size":1.0},{"_time":30.75,"$id":209,"sounds":[{"d":0.09375,"p":72,"v":68,"w":0.0}],"pos":6.5,"size":1.1},{"_time":31.03125,"$id":210,"sounds":[{"d":0.09375,"p":73,"v":72,"w":0.0}],"pos":-0.0325565338,"size":1.4000001},{"_time":31.03125,"$id":211,"sounds":[{"d":0.09375,"p":84,"v":92,"w":0.0}],"pos":1.4935379,"size":1.0},{"_time":31.5,"$id":212,"sounds":[{"d":0.09375,"p":82,"v":100,"w":0.0}],"pos":2.0,"size":1.2},{"_time":31.5,"$id":213,"sounds":[{"d":0.09375,"p":72,"v":80,"w":0.0}],"pos":-1.40023041,"size":1.2},{"_time":31.78125,"$id":214,"sounds":[{"d":0.09375,"p":69,"v":64,"w":0.0}],"pos":7.625,"size":1.0},{"_time":31.78125,"$id":215,"sounds":[{"d":0.09375,"p":77,"v":84,"w":0.0}],"pos":0.197360992,"size":1.0},{"_time":32.0625,"$id":216,"sounds":[{"d":0.09375,"p":70,"v":76,"w":0.0}],"pos":7.75,"size":1.0},{"_time":32.0625,"$id":217,"sounds":[{"d":0.09375,"p":78,"v":96,"w":0.0}],"pos":1.75853252,"size":1.0},{"_time":32.25,"$id":218,"sounds":[{"d":0.09375,"p":76,"v":92,"w":0.0}],"pos":-1.5,"size":1.2},{"_time":32.25,"$id":219,"sounds":[{"d":0.09375,"p":66,"v":72,"w":0.0}],"pos":7.718604,"size":1.2},{"_time":32.53125,"$id":220,"sounds":[{"d":0.09375,"p":64,"v":56,"w":0.0}],"pos":7.0,"size":1.0},{"_time":32.53125,"$id":221,"sounds":[{"d":0.09375,"p":72,"v":76,"w":0.0}],"pos":-0.000328063965,"size":1.0},{"_time":32.8125,"$id":222,"sounds":[{"d":0.09375,"p":65,"v":72,"w":0.0}],"pos":7.125,"size":1.0},{"_time":32.8125,"$id":223,"sounds":[{"d":0.09375,"p":73,"v":92,"w":0.0}],"pos":-1.5,"size":1.0},{"_time":33.0,"$id":224,"sounds":[{"d":0.09375,"p":70,"v":92,"w":0.0}],"pos":1.5,"size":1.2},{"_time":33.0,"$id":225,"sounds":[{"d":0.09375,"p":61,"v":72,"w":0.0}],"pos":7.647236,"size":1.2},{"_time":33.28125,"$id":226,"sounds":[{"d":0.09375,"p":60,"v":60,"w":0.0}],"pos":6.5,"size":1.0},{"_time":33.28125,"$id":227,"sounds":[{"d":0.09375,"p":69,"v":80,"w":0.0}],"pos":0.142969131,"size":1.0},{"_time":33.5625,"$id":228,"sounds":[{"d":0.09375,"p":70,"v":92,"w":0.0}],"pos":1.96530056,"size":1.0},{"_time":33.5625,"$id":229,"sounds":[{"d":0.09375,"p":61,"v":72,"w":0.0}],"pos":6.625,"size":1.0},{"_time":33.75,"$id":230,"sounds":[{"d":0.09375,"p":64,"v":88,"w":0.0}],"pos":8.691914,"size":1.2},{"_time":33.75,"$id":231,"sounds":[{"d":0.09375,"p":57,"v":68,"w":0.0}],"pos":-2.0,"size":1.2},{"_time":34.03125,"$id":232,"sounds":[{"d":0.09375,"p":65,"v":92,"w":0.0}],"pos":1.28693581,"size":1.0},{"_time":34.03125,"$id":233,"sounds":[{"d":0.09375,"p":58,"v":72,"w":0.0}],"pos":6.25,"size":1.0},{"_time":34.3125,"$id":234,"sounds":[{"d":0.09375,"p":57,"v":56,"w":0.0}],"pos":6.125,"size":1.0},{"_time":34.3125,"$id":235,"sounds":[{"d":0.09375,"p":64,"v":76,"w":0.0}],"pos":-0.0837402344,"size":1.0},{"_time":34.5,"$id":236,"sounds":[{"d":0.09375,"p":58,"v":72,"w":0.0}],"pos":9.5,"size":1.0},{"_time":34.5,"$id":237,"sounds":[{"d":0.09375,"p":70,"v":92,"w":0.0}],"pos":-1.40022945,"size":1.30000007},{"_time":34.875,"$id":238,"sounds":[{"d":0.09375,"p":72,"v":80,"w":0.0}],"pos":8.0,"size":1.0},{"_time":34.875,"$id":239,"sounds":[{"d":0.09375,"p":82,"v":100,"w":0.0}],"pos":1.5,"size":1.30000007},{"_time":35.25,"$id":240,"sounds":[{"d":0.09375,"p":69,"v":80,"w":0.0}],"pos":7.625,"size":1.0},{"_time":35.25,"$id":241,"sounds":[{"d":0.09375,"p":76,"v":100,"w":0.0}],"pos":-0.5617075,"size":1.0},{"_time":35.53125,"$id":242,"sounds":[{"d":0.09375,"p":77,"v":100,"w":0.0}],"pos":-0.5617075,"size":1.0},{"_time":35.53125,"$id":243,"sounds":[{"d":0.09375,"p":70,"v":80,"w":0.0}],"pos":2.0,"size":1.0},{"_time":36.0,"$id":244,"sounds":[{"d":0.09375,"p":58,"v":72,"w":0.0}],"pos":6.25,"size":1.0},{"_time":36.0,"$id":245,"sounds":[{"d":0.09375,"p":70,"v":88,"w":0.0}],"pos":0.5,"size":1.4000001},{"_time":36.375,"$id":246,"sounds":[{"d":0.09375,"p":80,"v":80,"w":0.0}],"pos":9.0,"size":1.0},{"_time":36.375,"$id":247,"sounds":[{"d":0.09375,"p":89,"v":100,"w":0.0}],"pos":-1.5,"size":1.4000001},{"_time":36.75,"$id":248,"sounds":[{"d":0.09375,"p":88,"v":100,"w":0.0}],"pos":0.515570641,"size":1.0},{"_time":36.75,"$id":249,"sounds":[{"d":0.09375,"p":79,"v":80,"w":0.0}],"pos":8.875,"size":1.0},{"_time":37.03125,"$id":250,"sounds":[{"d":0.09375,"p":89,"v":100,"w":0.0}],"pos":0.515570641,"size":1.0},{"_time":37.03125,"$id":251,"sounds":[{"d":0.09375,"p":80,"v":80,"w":0.0}],"pos":-2.0,"size":1.0},{"_time":37.5,"$id":252,"sounds":[{"d":0.09375,"p":94,"v":88,"w":0.0}],"pos":2.0,"size":1.30000007},{"_time":37.5,"$id":253,"sounds":[{"d":0.09375,"p":82,"v":76,"w":0.0}],"pos":9.25,"size":1.0},{"_time":37.6875,"$id":254,"sounds":[{"d":0.1875,"p":77,"v":61,"w":0.0}],"pos":8.625,"size":1.0},{"_time":37.6875,"$id":255,"sounds":[{"d":0.09375,"p":89,"v":57,"w":0.0}],"pos":-0.300209045,"size":1.0},{"_time":37.78125,"$id":256,"sounds":[{"d":0.09375,"p":90,"v":73,"w":0.0}],"pos":-0.9504862,"size":1.0},{"_time":37.875,"$id":257,"sounds":[{"d":0.09375,"p":92,"v":91,"w":0.0}],"pos":-1.36101532,"size":1.0},{"_time":37.875,"$id":258,"sounds":[{"d":0.09375,"p":80,"v":79,"w":0.0}],"pos":9.0,"size":1.0},{"_time":38.0625,"$id":259,"sounds":[{"d":0.09375,"p":87,"v":60,"w":0.0}],"pos":0.478035927,"size":1.0},{"_time":38.0625,"$id":260,"sounds":[{"d":0.1875,"p":75,"v":64,"w":0.0}],"pos":8.375,"size":1.0},{"_time":38.15625,"$id":261,"sounds":[{"d":0.09375,"p":88,"v":76,"w":0.0}],"pos":1.10913372,"size":1.0},{"_time":38.25,"$id":262,"sounds":[{"d":0.09375,"p":90,"v":94,"w":0.0}],"pos":1.44578838,"size":1.0},{"_time":38.25,"$id":263,"sounds":[{"d":0.09375,"p":78,"v":82,"w":0.0}],"pos":8.75,"size":1.0},{"_time":38.4375,"$id":264,"sounds":[{"d":0.09375,"p":85,"v":63,"w":0.0}],"pos":-0.7592993,"size":1.0},{"_time":38.4375,"$id":265,"sounds":[{"d":0.1875,"p":73,"v":67,"w":0.0}],"pos":8.125,"size":1.0},{"_time":38.53125,"$id":266,"sounds":[{"d":0.09375,"p":87,"v":79,"w":0.0}],"pos":-1.34660244,"size":1.0},{"_time":38.625,"$id":267,"sounds":[{"d":0.1875,"p":77,"v":85,"w":0.0}],"pos":8.625,"size":1.0},{"_time":38.625,"$id":268,"sounds":[{"d":0.1875,"p":89,"v":97,"w":0.0}],"pos":-1.84656048,"size":1.0},{"_time":38.8125,"$id":269,"sounds":[{"d":0.09375,"p":83,"v":91,"w":0.0}],"pos":1.05979538,"size":1.0},{"_time":38.8125,"$id":270,"sounds":[{"d":0.1875,"p":70,"v":79,"w":0.0}],"pos":7.75,"size":1.0},{"_time":38.90625,"$id":271,"sounds":[{"d":0.09375,"p":82,"v":91,"w":0.0}],"pos":1.54127789,"size":1.0},{"_time":39.0,"$id":272,"sounds":[{"d":0.09375,"p":81,"v":92,"w":0.0}],"pos":1.95729733,"size":1.0},{"_time":39.0,"$id":273,"sounds":[{"d":0.09375,"p":69,"v":80,"w":0.0}],"pos":7.625,"size":1.0},{"_time":39.1875,"$id":274,"sounds":[{"d":0.09375,"p":70,"v":82,"w":0.0}],"pos":7.75,"size":1.0},{"_time":39.1875,"$id":275,"sounds":[{"d":0.09375,"p":82,"v":94,"w":0.0}],"pos":14.0,"size":1.0},{"_time":39.375,"$id":276,"sounds":[{"d":0.09375,"p":76,"v":87,"w":0.0}],"pos":0.709513664,"size":1.0},{"_time":39.375,"$id":277,"sounds":[{"d":0.09375,"p":65,"v":75,"w":0.0}],"pos":7.125,"size":1.0},{"_time":39.5625,"$id":278,"sounds":[{"d":0.09375,"p":77,"v":91,"w":0.0}],"pos":13.0,"size":1.0},{"_time":39.5625,"$id":279,"sounds":[{"d":0.09375,"p":66,"v":81,"w":0.0}],"pos":7.25,"size":1.0},{"_time":39.75,"$id":280,"sounds":[{"d":0.09375,"p":72,"v":83,"w":0.0}],"pos":-0.413322449,"size":1.0},{"_time":39.75,"$id":281,"sounds":[{"d":0.09375,"p":64,"v":75,"w":0.0}],"pos":7.0,"size":1.0},{"_time":39.9375,"$id":282,"sounds":[{"d":0.09375,"p":73,"v":87,"w":0.0}],"pos":0.7266722,"size":1.0},{"_time":39.9375,"$id":283,"sounds":[{"d":0.09375,"p":65,"v":80,"w":0.0}],"pos":7.125,"size":1.0},{"_time":40.125,"$id":284,"sounds":[{"d":0.09375,"p":69,"v":83,"w":0.0}],"pos":-1.226615,"size":1.0},{"_time":40.125,"$id":285,"sounds":[{"d":0.09375,"p":61,"v":78,"w":0.0}],"pos":6.625,"size":1.0},{"_time":40.3125,"$id":286,"sounds":[{"d":0.09375,"p":63,"v":79,"w":0.0}],"pos":6.875,"size":1.0},{"_time":40.3125,"$id":287,"sounds":[{"d":0.09375,"p":70,"v":88,"w":0.0}],"pos":0.0517873764,"size":1.0},{"_time":40.5,"$id":288,"sounds":[{"d":0.0703125,"p":70,"v":76,"w":0.0}],"pos":-2.0,"size":1.30000007},{"_time":40.5,"$id":289,"sounds":[{"d":0.0703125,"p":82,"v":100,"w":0.0}],"pos":2.0,"size":1.30000007},{"_time":40.875,"$id":290,"sounds":[{"d":0.0703125,"p":75,"v":84,"w":0.0}],"pos":-0.08428383,"size":1.0},{"_time":40.875,"$id":291,"sounds":[{"d":0.0703125,"p":63,"v":60,"w":0.0}],"pos":6.875,"size":1.0},{"_time":41.0625,"$id":292,"sounds":[{"d":0.0703125,"p":64,"v":72,"w":0.0}],"pos":7.0,"size":1.0},{"_time":41.0625,"$id":293,"sounds":[{"d":0.0703125,"p":76,"v":96,"w":0.0}],"pos":0.8711662,"size":1.0},{"_time":41.25,"$id":294,"sounds":[{"d":0.0703125,"p":77,"v":100,"w":0.0}],"pos":1.82661533,"size":1.0},{"_time":41.25,"$id":295,"sounds":[{"d":0.0703125,"p":65,"v":76,"w":0.0}],"pos":7.125,"size":1.0},{"_time":41.625,"$id":296,"sounds":[{"d":0.0703125,"p":68,"v":84,"w":0.0}],"pos":-1.46678162,"size":1.0},{"_time":41.625,"$id":297,"sounds":[{"d":0.0703125,"p":56,"v":60,"w":0.0}],"pos":6.0,"size":1.0},{"_time":41.8125,"$id":298,"sounds":[{"d":0.0703125,"p":57,"v":72,"w":0.0}],"pos":6.125,"size":1.0},{"_time":41.8125,"$id":299,"sounds":[{"d":0.0703125,"p":69,"v":96,"w":0.0}],"pos":-0.0188474655,"size":1.0},{"_time":42.0,"$id":300,"sounds":[{"d":0.0703125,"p":70,"v":100,"w":0.0}],"pos":1.4053812,"size":1.0},{"_time":42.0,"$id":301,"sounds":[{"d":0.0703125,"p":58,"v":76,"w":0.0}],"pos":6.25,"size":1.0},{"_time":42.1875,"$id":302,"sounds":[{"d":0.0703125,"p":61,"v":76,"w":0.0}],"pos":6.625,"size":1.0},{"_time":42.1875,"$id":303,"sounds":[{"d":0.0703125,"p":73,"v":100,"w":0.0}],"pos":10.5,"size":1.0},{"_time":42.375,"$id":304,"sounds":[{"d":0.0703125,"p":60,"v":72,"w":0.0}],"pos":6.5,"size":1.0},{"_time":42.375,"$id":305,"sounds":[{"d":0.0703125,"p":72,"v":96,"w":0.0}],"pos":2.0,"size":1.0},{"_time":42.5625,"$id":306,"sounds":[{"d":0.0703125,"p":51,"v":56,"w":0.0}],"pos":5.375,"size":1.0},{"_time":42.5625,"$id":307,"sounds":[{"d":0.0703125,"p":63,"v":80,"w":0.0}],"pos":9.5,"size":1.0},{"_time":42.75,"$id":308,"sounds":[{"d":0.0703125,"p":53,"v":60,"w":0.0}],"pos":5.625,"size":1.0},{"_time":42.75,"$id":309,"sounds":[{"d":0.0703125,"p":65,"v":84,"w":0.0}],"pos":-1.55590343,"size":1.0},{"_time":42.9375,"$id":310,"sounds":[{"d":0.0703125,"p":65,"v":76,"w":0.0}],"pos":7.125,"size":1.0},{"_time":42.9375,"$id":311,"sounds":[{"d":0.0703125,"p":77,"v":100,"w":0.0}],"pos":1.04230213,"size":1.0},{"_time":43.125,"$id":312,"sounds":[{"d":0.0703125,"p":64,"v":64,"w":0.0}],"pos":7.0,"size":1.0},{"_time":43.125,"$id":313,"sounds":[{"d":0.0703125,"p":76,"v":88,"w":0.0}],"pos":-0.851337433,"size":1.0},{"_time":43.3125,"$id":314,"sounds":[{"d":0.0703125,"p":65,"v":68,"w":0.0}],"pos":7.125,"size":1.0},{"_time":43.3125,"$id":315,"sounds":[{"d":0.0703125,"p":77,"v":92,"w":0.0}],"pos":1.04230213,"size":1.0},{"_time":43.5,"$id":316,"sounds":[{"d":0.0703125,"p":70,"v":100,"w":0.0}],"pos":6.0,"size":1.0},{"_time":43.5,"$id":317,"sounds":[{"d":0.0703125,"p":63,"v":76,"w":0.0}],"pos":-1.49250412,"size":1.2},{"_time":43.6875,"$id":318,"sounds":[{"d":0.0703125,"p":72,"v":100,"w":0.0}],"pos":7.5,"size":1.1},{"_time":43.6875,"$id":319,"sounds":[{"d":0.0703125,"p":64,"v":76,"w":0.0}],"pos":7.0,"size":1.0},{"_time":43.875,"$id":320,"sounds":[{"d":0.0703125,"p":73,"v":100,"w":0.0}],"pos":0.7960501,"size":1.0},{"_time":43.875,"$id":321,"sounds":[{"d":0.0703125,"p":65,"v":76,"w":0.0}],"pos":3.5,"size":1.0},{"_time":44.0625,"$id":322,"sounds":[{"d":0.0703125,"p":64,"v":100,"w":0.0}],"pos":5.0,"size":1.0},{"_time":44.0625,"$id":323,"sounds":[{"d":0.0703125,"p":56,"v":76,"w":0.0}],"pos":6.0,"size":1.0},{"_time":44.25,"$id":324,"sounds":[{"d":0.0703125,"p":65,"v":100,"w":0.0}],"pos":0.165138245,"size":1.30000007},{"_time":44.25,"$id":325,"sounds":[{"d":0.0703125,"p":58,"v":76,"w":0.0}],"pos":-2.0,"size":1.0},{"_time":44.4375,"$id":326,"sounds":[{"d":0.0703125,"p":77,"v":100,"w":0.0}],"pos":10.0,"size":1.1},{"_time":44.4375,"$id":327,"sounds":[{"d":0.0703125,"p":68,"v":76,"w":0.0}],"pos":7.5,"size":1.0},{"_time":44.625,"$id":328,"sounds":[{"d":0.0703125,"p":66,"v":76,"w":0.0}],"pos":7.25,"size":1.0},{"_time":44.625,"$id":329,"sounds":[{"d":0.0703125,"p":75,"v":100,"w":0.0}],"pos":0.4924183,"size":1.0},{"_time":44.8125,"$id":330,"sounds":[{"d":0.0703125,"p":73,"v":100,"w":0.0}],"pos":-0.6803045,"size":1.0},{"_time":44.8125,"$id":331,"sounds":[{"d":0.0703125,"p":65,"v":76,"w":0.0}],"pos":7.125,"size":1.0},{"_time":45.0,"$id":332,"sounds":[{"d":0.0703125,"p":72,"v":100,"w":0.0}],"pos":10.5,"size":1.1},{"_time":45.0,"$id":333,"sounds":[{"d":0.0703125,"p":64,"v":76,"w":0.0}],"pos":-2.0,"size":1.1},{"_time":45.1875,"$id":334,"sounds":[{"d":0.0703125,"p":65,"v":76,"w":0.0}],"pos":7.125,"size":1.0},{"_time":45.1875,"$id":335,"sounds":[{"d":0.0703125,"p":73,"v":100,"w":0.0}],"pos":7.5,"size":1.0},{"_time":45.375,"$id":336,"sounds":[{"d":0.0703125,"p":58,"v":76,"w":0.0}],"pos":8.0,"size":1.0},{"_time":45.375,"$id":337,"sounds":[{"d":0.0703125,"p":68,"v":100,"w":0.0}],"pos":-0.08269787,"size":1.2},{"_time":45.5625,"$id":338,"sounds":[{"d":0.0703125,"p":60,"v":76,"w":0.0}],"pos":6.5,"size":1.0},{"_time":45.5625,"$id":339,"sounds":[{"d":0.0703125,"p":69,"v":100,"w":0.0}],"pos":9.5,"size":1.2},{"_time":45.75,"$id":340,"sounds":[{"d":0.1875,"p":70,"v":100,"w":0.0}],"pos":2.0,"size":1.2},{"_time":45.75,"$id":341,"sounds":[{"d":0.1875,"p":61,"v":76,"w":0.0}],"pos":-2.0,"size":1.2},{"_time":46.5,"$id":342,"sounds":[{"d":0.0703125,"p":70,"v":76,"w":0.0}],"pos":-1.0,"size":1.2},{"_time":46.5,"$id":343,"sounds":[{"d":0.0703125,"p":82,"v":100,"w":0.0}],"pos":1.28562355,"size":1.2},{"_time":46.875,"$id":344,"sounds":[{"d":0.0703125,"p":75,"v":84,"w":0.0}],"pos":-0.6043701,"size":1.0},{"_time":46.875,"$id":345,"sounds":[{"d":0.0703125,"p":63,"v":60,"w":0.0}],"pos":6.875,"size":1.0},{"_time":47.0625,"$id":346,"sounds":[{"d":0.0703125,"p":64,"v":68,"w":0.0}],"pos":7.0,"size":1.0},{"_time":47.0625,"$id":347,"sounds":[{"d":0.0703125,"p":76,"v":92,"w":0.0}],"pos":0.53562355,"size":1.0},{"_time":47.25,"$id":348,"sounds":[{"d":0.0703125,"p":65,"v":76,"w":0.0}],"pos":7.125,"size":1.0},{"_time":47.25,"$id":349,"sounds":[{"d":0.0703125,"p":77,"v":100,"w":0.0}],"pos":1.60641384,"size":1.0},{"_time":47.625,"$id":350,"sounds":[{"d":0.0703125,"p":68,"v":88,"w":0.0}],"pos":-1.96379948,"size":1.0},{"_time":47.625,"$id":351,"sounds":[{"d":0.0703125,"p":56,"v":64,"w":0.0}],"pos":6.0,"size":1.0},{"_time":47.8125,"$id":352,"sounds":[{"d":0.0703125,"p":57,"v":72,"w":0.0}],"pos":6.125,"size":1.0},{"_time":47.8125,"$id":353,"sounds":[{"d":0.0703125,"p":69,"v":96,"w":0.0}],"pos":-0.754602432,"size":1.0},{"_time":48.0,"$id":354,"sounds":[{"d":0.0703125,"p":58,"v":76,"w":0.0}],"pos":6.25,"size":1.0},{"_time":48.0,"$id":355,"sounds":[{"d":0.0703125,"p":70,"v":100,"w":0.0}],"pos":0.3853941,"size":1.0},{"_time":48.1875,"$id":356,"sounds":[{"d":0.0703125,"p":82,"v":100,"w":0.0}],"pos":8.0,"size":1.0},{"_time":48.1875,"$id":357,"sounds":[{"d":0.0703125,"p":70,"v":76,"w":0.0}],"pos":11.5,"size":1.0},{"_time":48.375,"$id":358,"sounds":[{"d":0.0703125,"p":68,"v":68,"w":0.0}],"pos":7.5,"size":1.0},{"_time":48.375,"$id":359,"sounds":[{"d":0.0703125,"p":80,"v":92,"w":0.0}],"pos":-0.394595146,"size":1.0},{"_time":48.5625,"$id":360,"sounds":[{"d":0.0703125,"p":66,"v":68,"w":0.0}],"pos":7.25,"size":1.0},{"_time":48.5625,"$id":361,"sounds":[{"d":0.0703125,"p":78,"v":92,"w":0.0}],"pos":7.0,"size":1.0},{"_time":48.75,"$id":362,"sounds":[{"d":0.0703125,"p":77,"v":84,"w":0.0}],"pos":-1.25402451,"size":1.0},{"_time":48.75,"$id":363,"sounds":[{"d":0.0703125,"p":65,"v":60,"w":0.0}],"pos":18.0,"size":1.0},{"_time":49.125,"$id":364,"sounds":[{"d":0.0703125,"p":63,"v":64,"w":0.0}],"pos":6.875,"size":1.0},{"_time":49.125,"$id":365,"sounds":[{"d":0.0703125,"p":75,"v":88,"w":0.0}],"pos":2.0,"size":1.0},{"_time":49.3125,"$id":366,"sounds":[{"d":0.0703125,"p":61,"v":60,"w":0.0}],"pos":6.625,"size":1.0},{"_time":49.3125,"$id":367,"sounds":[{"d":0.0703125,"p":73,"v":84,"w":0.0}],"pos":8.5,"size":1.0},{"_time":49.5,"$id":368,"sounds":[{"d":0.0703125,"p":60,"v":56,"w":0.0}],"pos":6.5,"size":1.0},{"_time":49.5,"$id":369,"sounds":[{"d":0.0703125,"p":72,"v":80,"w":0.0}],"pos":-1.06065845,"size":1.0},{"_time":49.6875,"$id":370,"sounds":[{"d":0.0703125,"p":73,"v":84,"w":0.0}],"pos":0.2014513,"size":1.0},{"_time":49.6875,"$id":371,"sounds":[{"d":0.0703125,"p":61,"v":60,"w":0.0}],"pos":6.625,"size":1.0},{"_time":49.875,"$id":372,"sounds":[{"d":0.0703125,"p":75,"v":88,"w":0.0}],"pos":-1.01959419,"size":1.0},{"_time":49.875,"$id":373,"sounds":[{"d":0.0703125,"p":63,"v":64,"w":0.0}],"pos":6.875,"size":1.0},{"_time":50.0625,"$id":374,"sounds":[{"d":0.0703125,"p":76,"v":92,"w":0.0}],"pos":1.2738018,"size":1.0},{"_time":50.0625,"$id":375,"sounds":[{"d":0.0703125,"p":64,"v":68,"w":0.0}],"pos":7.0,"size":1.0},{"_time":50.25,"$id":376,"sounds":[{"d":0.0703125,"p":72,"v":100,"w":0.0}],"pos":7.0,"size":1.1},{"_time":50.25,"$id":377,"sounds":[{"d":0.0703125,"p":65,"v":76,"w":0.0}],"pos":7.125,"size":1.0},{"_time":50.25,"$id":378,"sounds":[{"d":0.0703125,"p":77,"v":100,"w":0.0}],"pos":1.99857044,"size":1.1},{"_time":50.625,"$id":379,"sounds":[{"d":0.0703125,"p":63,"v":76,"w":0.0}],"pos":6.875,"size":1.0},{"_time":50.625,"$id":380,"sounds":[{"d":0.0703125,"p":70,"v":100,"w":0.0}],"pos":-0.560397148,"size":1.2},{"_time":50.625,"$id":381,"sounds":[{"d":0.0703125,"p":75,"v":100,"w":0.0}],"pos":1.19493771,"size":1.2},{"_time":51.0,"$id":382,"sounds":[{"d":1.3359375,"p":58,"v":68,"w":0.0}],"pos":6.25,"size":1.0},{"_time":51.0,"$id":383,"sounds":[{"d":1.3359375,"p":69,"v":80,"w":0.0}],"pos":-1.35437107,"size":1.30000007},{"_time":51.0,"$id":384,"sounds":[{"d":1.3359375,"p":74,"v":92,"w":0.0}],"pos":0.28562355,"size":1.30000007},{"_time":51.0,"$id":385,"sounds":[{"d":1.3359375,"p":72,"v":80,"w":0.0}],"pos":8.0,"size":1.0},{"_time":52.5,"$id":386,"sounds":[{"d":0.09375,"p":65,"v":72,"w":0.0}],"pos":7.125,"size":1.0},{"_time":52.5,"$id":387,"sounds":[{"d":0.09375,"p":77,"v":100,"w":0.0}],"pos":-0.2958374,"size":0.9},{"_time":52.875,"$id":388,"sounds":[{"d":0.09375,"p":82,"v":100,"w":0.0}],"pos":1.25234222,"size":0.9},{"_time":52.875,"$id":389,"sounds":[{"d":0.09375,"p":70,"v":72,"w":0.0}],"pos":4.0,"size":0.9},{"_time":53.25,"$id":390,"sounds":[{"d":0.09375,"p":63,"v":72,"w":0.0}],"pos":6.875,"size":1.0},{"_time":53.25,"$id":391,"sounds":[{"d":0.09375,"p":75,"v":100,"w":0.0}],"pos":-0.8687906,"size":0.9},{"_time":53.625,"$id":392,"sounds":[{"d":0.09375,"p":68,"v":72,"w":0.0}],"pos":3.990817,"size":0.9},{"_time":53.625,"$id":393,"sounds":[{"d":0.09375,"p":80,"v":100,"w":0.0}],"pos":1.00234222,"size":0.9},{"_time":54.0,"$id":394,"sounds":[{"d":0.09375,"p":73,"v":100,"w":0.0}],"pos":-1.11879063,"size":0.9},{"_time":54.0,"$id":395,"sounds":[{"d":0.09375,"p":61,"v":72,"w":0.0}],"pos":6.625,"size":1.0},{"_time":54.375,"$id":396,"sounds":[{"d":0.09375,"p":78,"v":100,"w":0.0}],"pos":0.7523422,"size":0.9},{"_time":54.375,"$id":397,"sounds":[{"d":0.09375,"p":66,"v":72,"w":0.0}],"pos":3.5,"size":0.9},{"_time":54.75,"$id":398,"sounds":[{"d":0.09375,"p":59,"v":72,"w":0.0}],"pos":6.375,"size":1.0},{"_time":54.75,"$id":399,"sounds":[{"d":0.09375,"p":71,"v":100,"w":0.0}],"pos":-1.36879063,"size":0.9},{"_time":55.125,"$id":400,"sounds":[{"d":0.09375,"p":76,"v":100,"w":0.0}],"pos":0.605821133,"size":0.9},{"_time":55.125,"$id":401,"sounds":[{"d":0.09375,"p":64,"v":72,"w":0.0}],"pos":4.0,"size":0.9},{"_time":55.5,"$id":402,"pos":1.5,"size":1.4000001},{"_time":55.5,"$id":403,"pos":-1.5,"size":1.4000001},{"_time":58.40625,"$id":404,"pos":-1.009542,"size":1.1},{"_time":58.59375,"$id":405,"pos":2.0,"size":1.1},{"_time":61.5,"$id":406,"pos":1.0,"size":1.0},{"_time":61.875,"$id":407,"pos":-0.125636578,"size":1.0},{"_time":62.0625,"$id":408,"pos":1.47755194,"size":1.0},{"_time":62.25,"$id":409,"pos":-1.32825422,"size":1.0},{"_time":62.53125,"$id":410,"pos":2.0,"size":1.0},{"_time":62.8125,"$id":411,"pos":-0.5,"size":1.0},{"_time":63.0,"$id":412,"pos":0.76984024,"size":1.0},{"_time":64.125,"$id":413,"pos":0.9685116,"size":1.0},{"_time":64.3125,"$id":414,"pos":-1.12636948,"size":1.0},{"_time":64.5,"$id":415,"pos":0.10484314,"size":1.0},{"_time":64.78125,"$id":416,"pos":-1.81276608,"size":1.0},{"_time":65.0625,"$id":417,"pos":0.7185116,"size":1.0},{"_time":65.25,"$id":418,"pos":-1.0,"size":1.0},{"_time":65.53125,"$id":419,"pos":-1.0,"size":1.0},{"_time":65.8125,"$id":420,"pos":1.38007736,"size":1.0},{"_time":66.0,"$id":421,"pos":-1.461544,"size":1.1},{"_time":66.1875,"$id":422,"pos":0.205776215,"size":1.1},{"_time":66.75,"$id":423,"pos":-1.67272854,"size":1.30000007},{"_time":67.125,"$id":424,"pos":-0.3308649,"size":1.2},{"_time":67.5,"$id":425,"pos":1.32360554,"size":1.2},{"_time":69.0,"$id":426,"pos":1.38383007,"size":1.1},{"_time":69.28125,"$id":427,"pos":-0.7923136,"size":1.1},{"_time":69.5625,"$id":428,"pos":1.0,"size":1.1},{"_time":69.75,"$id":429,"pos":1.0,"size":1.1},{"_time":70.03125,"$id":430,"pos":-1.46620083,"size":1.1},{"_time":70.3125,"$id":431,"pos":1.0,"size":1.1},{"_time":70.5,"$id":432,"pos":-2.0,"size":1.1},{"_time":70.6875,"$id":433,"pos":0.0,"size":1.2},{"_time":72.375,"$id":434,"pos":-2.0,"size":1.2},{"_time":72.375,"$id":435,"pos":0.256042957,"size":1.0},{"_time":72.75,"$id":436,"pos":1.64592266,"size":1.30000007},{"_time":73.125,"$id":437,"pos":-2.0,"size":1.4000001},{"_time":73.5,"$id":438,"pos":1.45327616,"size":1.30000007},{"_time":73.5,"$id":439,"pos":-0.0505409241,"size":1.0},{"_time":75.0,"$id":440,"pos":2.0,"size":1.30000007},{"_time":75.0,"$id":441,"pos":-2.0,"size":1.30000007},{"_time":75.75,"$id":442,"pos":-0.15630722,"size":1.0},{"_time":76.125,"$id":443,"pos":-1.0,"size":1.0},{"_time":76.5,"$id":444,"pos":-0.0224113464,"size":1.2},{"_time":76.5,"$id":445,"pos":-2.0,"size":1.2},{"_time":77.25,"$id":446,"pos":-0.176915169,"size":1.0},{"_time":78.0,"$id":447,"pos":-0.4901533,"size":1.2},{"_time":78.0,"$id":448,"pos":1.5,"size":1.4000001},{"_time":78.375,"$id":449,"pos":0.580705643,"size":1.1},{"_time":78.75,"$id":450,"pos":-0.3944025,"size":1.1},{"_time":79.125,"$id":451,"pos":-1.5,"size":1.1},{"_time":79.5,"$id":452,"pos":1.5,"size":1.30000007},{"_time":79.5,"$id":453,"pos":-0.6652069,"size":1.30000007},{"_time":80.71875,"$id":454,"pos":-1.5,"size":1.0},{"_time":81.0,"$id":455,"pos":2.0,"size":1.2},{"_time":81.375,"$id":456,"pos":-1.11111164,"size":1.0},{"_time":81.75,"$id":457,"pos":0.1843338,"size":1.0},{"_time":82.125,"$id":458,"pos":1.5,"size":1.0},{"_time":82.5,"$id":459,"pos":-2.0,"size":1.30000007},{"_time":82.5,"$id":460,"pos":2.0,"size":1.30000007},{"_time":85.5,"$id":461,"sounds":[{"d":0.09375,"p":70,"v":80,"w":0.0}],"pos":-2.0,"size":1.60000014},{"_time":85.5,"$id":462,"sounds":[{"d":0.09375,"p":58,"v":60,"w":0.0}],"pos":6.25,"size":1.0},{"_time":85.875,"$id":463,"sounds":[{"d":0.09375,"p":82,"v":100,"w":0.0}],"pos":1.0,"size":1.0},{"_time":85.875,"$id":464,"sounds":[{"d":0.09375,"p":72,"v":80,"w":0.0}],"pos":8.0,"size":1.0},{"_time":86.0625,"$id":465,"pos":-0.5,"size":1.0},{"_time":86.25,"$id":466,"sounds":[{"d":0.09375,"p":69,"v":68,"w":0.0}],"pos":7.625,"size":1.0},{"_time":86.25,"$id":467,"sounds":[{"d":0.09375,"p":76,"v":88,"w":0.0}],"pos":-0.5,"size":1.0},{"_time":86.53125,"$id":468,"sounds":[{"d":0.09375,"p":77,"v":92,"w":0.0}],"pos":1.7592802,"size":1.30000007},{"_time":86.53125,"$id":469,"sounds":[{"d":0.09375,"p":70,"v":72,"w":0.0}],"pos":7.75,"size":1.0},{"_time":87.0,"$id":470,"sounds":[{"d":0.09375,"p":58,"v":60,"w":0.0}],"pos":6.25,"size":1.0},{"_time":87.0,"$id":471,"sounds":[{"d":0.09375,"p":70,"v":80,"w":0.0}],"pos":2.0,"size":1.30000007},{"_time":87.375,"$id":472,"sounds":[{"d":0.09375,"p":86,"v":100,"w":0.0}],"pos":-1.0,"size":1.0},{"_time":87.375,"$id":473,"sounds":[{"d":0.09375,"p":77,"v":80,"w":0.0}],"pos":8.625,"size":1.0},{"_time":87.5625,"$id":474,"pos":0.5,"size":1.0},{"_time":87.75,"$id":475,"sounds":[{"d":0.09375,"p":72,"v":68,"w":0.0}],"pos":8.0,"size":1.0},{"_time":87.75,"$id":476,"sounds":[{"d":0.09375,"p":81,"v":88,"w":0.0}],"pos":0.5,"size":1.0},{"_time":88.03125,"$id":477,"sounds":[{"d":0.09375,"p":84,"v":92,"w":0.0}],"pos":-1.56703186,"size":1.2},{"_time":88.03125,"$id":478,"sounds":[{"d":0.09375,"p":74,"v":72,"w":0.0}],"pos":8.25,"size":1.0},{"_time":88.5,"$id":479,"sounds":[{"d":0.09375,"p":72,"v":80,"w":0.0}],"pos":-0.328227043,"size":1.0},{"_time":88.5,"$id":480,"sounds":[{"d":0.09375,"p":82,"v":100,"w":0.0}],"pos":6.5,"size":1.50000012},{"_time":88.78125,"$id":481,"sounds":[{"d":0.09375,"p":69,"v":64,"w":0.0}],"pos":7.625,"size":1.0},{"_time":88.78125,"$id":482,"sounds":[{"d":0.09375,"p":77,"v":84,"w":0.0}],"pos":0.6214256,"size":1.0},{"_time":89.0625,"$id":483,"sounds":[{"d":0.09375,"p":79,"v":96,"w":0.0}],"pos":1.50599861,"size":1.0},{"_time":89.0625,"$id":484,"sounds":[{"d":0.09375,"p":70,"v":76,"w":0.0}],"pos":7.75,"size":1.0},{"_time":89.25,"$id":485,"sounds":[{"d":0.09375,"p":67,"v":80,"w":0.0}],"pos":6.0,"size":1.50000012},{"_time":89.25,"$id":486,"sounds":[{"d":0.09375,"p":74,"v":100,"w":0.0}],"pos":0.0,"size":1.0},{"_time":89.53125,"$id":487,"sounds":[{"d":0.09375,"p":73,"v":84,"w":0.0}],"pos":-0.731966,"size":1.0},{"_time":89.53125,"$id":488,"sounds":[{"d":0.09375,"p":64,"v":64,"w":0.0}],"pos":7.0,"size":1.0},{"_time":89.8125,"$id":489,"sounds":[{"d":0.09375,"p":75,"v":84,"w":0.0}],"pos":-1.48853111,"size":1.0},{"_time":89.8125,"$id":490,"sounds":[{"d":0.09375,"p":65,"v":80,"w":0.0}],"pos":7.125,"size":1.0},{"_time":90.0,"$id":491,"sounds":[{"d":0.09375,"p":74,"v":84,"w":0.0}],"pos":10.0,"size":1.50000012},{"_time":90.0,"$id":492,"sounds":[{"d":0.09375,"p":62,"v":80,"w":0.0}],"pos":0.0,"size":1.0},{"_time":90.28125,"$id":493,"sounds":[{"d":0.09375,"p":60,"v":68,"w":0.0}],"pos":6.5,"size":1.0},{"_time":90.28125,"$id":494,"sounds":[{"d":0.09375,"p":69,"v":88,"w":0.0}],"pos":0.715518951,"size":1.0},{"_time":90.5625,"$id":495,"sounds":[{"d":0.09375,"p":63,"v":80,"w":0.0}],"pos":6.875,"size":1.0},{"_time":90.5625,"$id":496,"sounds":[{"d":0.09375,"p":70,"v":88,"w":0.0}],"pos":1.62826347,"size":1.0},{"_time":90.75,"$id":497,"sounds":[{"d":0.09375,"p":65,"v":96,"w":0.0}],"pos":9.0,"size":1.0},{"_time":90.75,"$id":498,"sounds":[{"d":0.09375,"p":58,"v":76,"w":0.0}],"pos":-1.99427414,"size":1.50000012},{"_time":91.5,"$id":499,"sounds":[{"d":0.09375,"p":70,"v":92,"w":0.0}],"pos":2.0,"size":1.2},{"_time":91.5,"$id":500,"sounds":[{"d":0.09375,"p":58,"v":72,"w":0.0}],"pos":-2.0,"size":1.2},{"_time":91.875,"$id":501,"sounds":[{"d":0.09375,"p":82,"v":100,"w":0.0}],"pos":1.0,"size":1.2},{"_time":91.875,"$id":502,"sounds":[{"d":0.09375,"p":72,"v":80,"w":0.0}],"pos":-1.0,"size":1.2},{"_time":92.25,"$id":503,"sounds":[{"d":0.09375,"p":69,"v":68,"w":0.0}],"pos":8.0,"size":1.0},{"_time":92.25,"$id":504,"sounds":[{"d":0.09375,"p":76,"v":88,"w":0.0}],"pos":2.0,"size":1.0},{"_time":92.53125,"$id":505,"sounds":[{"d":0.09375,"p":70,"v":68,"w":0.0}],"pos":9.0,"size":1.0},{"_time":92.53125,"$id":506,"sounds":[{"d":0.09375,"p":77,"v":88,"w":0.0}],"pos":2.0,"size":1.0},{"_time":93.0,"$id":507,"sounds":[{"d":0.09375,"p":58,"v":92,"w":0.0}],"pos":-2.0,"size":1.2},{"_time":93.0,"$id":508,"sounds":[{"d":0.09375,"p":70,"v":88,"w":0.0}],"pos":2.0,"size":1.2},{"_time":93.375,"$id":509,"sounds":[{"d":0.09375,"p":89,"v":100,"w":0.0}],"pos":1.0,"size":1.2},{"_time":93.375,"$id":510,"sounds":[{"d":0.09375,"p":81,"v":80,"w":0.0}],"pos":-1.0,"size":1.2},{"_time":93.75,"$id":511,"sounds":[{"d":0.09375,"p":88,"v":92,"w":0.0}],"pos":6.5,"size":1.0},{"_time":93.75,"$id":512,"sounds":[{"d":0.09375,"p":79,"v":72,"w":0.0}],"pos":-2.0,"size":1.0},{"_time":94.03125,"$id":513,"sounds":[{"d":0.09375,"p":89,"v":92,"w":0.0}],"pos":5.5,"size":1.0},{"_time":94.03125,"$id":514,"sounds":[{"d":0.09375,"p":81,"v":72,"w":0.0}],"pos":-2.0,"size":1.0},{"_time":94.5,"$id":515,"sounds":[{"d":0.09375,"p":94,"v":88,"w":0.0}],"pos":7.0,"size":1.2},{"_time":94.5,"$id":516,"sounds":[{"d":0.09375,"p":82,"v":76,"w":0.0}],"pos":-1.0,"size":1.0},{"_time":94.6875,"$id":517,"sounds":[{"d":0.09375,"p":87,"v":65,"w":0.0}],"pos":1.0,"size":1.0},{"_time":94.6875,"$id":518,"sounds":[{"d":0.1875,"p":77,"v":57,"w":0.0}],"pos":8.625,"size":1.0},{"_time":94.78125,"$id":519,"sounds":[{"d":0.09375,"p":88,"v":73,"w":0.0}],"pos":1.5,"size":1.0},{"_time":94.875,"$id":520,"sounds":[{"d":0.09375,"p":89,"v":91,"w":0.0}],"pos":2.0,"size":1.0},{"_time":94.875,"$id":521,"sounds":[{"d":0.09375,"p":80,"v":79,"w":0.0}],"pos":9.0,"size":1.0},{"_time":95.0625,"$id":522,"sounds":[{"d":0.1875,"p":75,"v":60,"w":0.0}],"pos":8.375,"size":1.0},{"_time":95.0625,"$id":523,"sounds":[{"d":0.09375,"p":84,"v":68,"w":0.0}],"pos":-1.15317345,"size":1.0},{"_time":95.15625,"$id":524,"sounds":[{"d":0.09375,"p":85,"v":76,"w":0.0}],"pos":-1.5,"size":1.0},{"_time":95.25,"$id":525,"sounds":[{"d":0.09375,"p":86,"v":94,"w":0.0}],"pos":-2.0,"size":1.0},{"_time":95.25,"$id":526,"sounds":[{"d":0.09375,"p":78,"v":82,"w":0.0}],"pos":8.75,"size":1.0},{"_time":95.4375,"$id":527,"sounds":[{"d":0.09375,"p":80,"v":71,"w":0.0}],"pos":0.5045328,"size":1.0},{"_time":95.4375,"$id":528,"sounds":[{"d":0.1875,"p":73,"v":63,"w":0.0}],"pos":8.125,"size":1.0},{"_time":95.53125,"$id":529,"sounds":[{"d":0.09375,"p":81,"v":79,"w":0.0}],"pos":1.0,"size":1.0},{"_time":95.625,"$id":530,"sounds":[{"d":0.1875,"p":82,"v":89,"w":0.0}],"pos":1.5,"size":1.0},{"_time":95.625,"$id":531,"sounds":[{"d":0.1875,"p":77,"v":77,"w":0.0}],"pos":8.625,"size":1.0},{"_time":95.8125,"$id":532,"sounds":[{"d":0.1875,"p":70,"v":67,"w":0.0}],"pos":7.75,"size":1.0},{"_time":95.8125,"$id":533,"sounds":[{"d":0.09375,"p":84,"v":99,"w":0.0}],"pos":-0.5,"size":1.0},{"_time":95.90625,"$id":534,"sounds":[{"d":0.09375,"p":82,"v":91,"w":0.0}],"pos":-1.0,"size":1.0},{"_time":96.0,"$id":535,"sounds":[{"d":0.09375,"p":69,"v":68,"w":0.0}],"pos":7.625,"size":1.0},{"_time":96.0,"$id":536,"sounds":[{"d":0.09375,"p":81,"v":76,"w":0.0}],"pos":-1.50289154,"size":1.0},{"_time":96.1875,"$id":537,"sounds":[{"d":0.09375,"p":82,"v":86,"w":0.0}],"pos":9.0,"size":1.0},{"_time":96.1875,"$id":538,"sounds":[{"d":0.09375,"p":70,"v":70,"w":0.0}],"pos":7.75,"size":1.0},{"_time":96.375,"$id":539,"sounds":[{"d":0.09375,"p":76,"v":79,"w":0.0}],"pos":1.0,"size":1.0},{"_time":96.375,"$id":540,"sounds":[{"d":0.09375,"p":65,"v":67,"w":0.0}],"pos":7.125,"size":1.0},{"_time":96.5625,"$id":541,"sounds":[{"d":0.09375,"p":77,"v":95,"w":0.0}],"pos":6.5,"size":1.0},{"_time":96.5625,"$id":542,"sounds":[{"d":0.09375,"p":67,"v":73,"w":0.0}],"pos":7.375,"size":1.0},{"_time":96.75,"$id":543,"sounds":[{"d":0.09375,"p":64,"v":71,"w":0.0}],"pos":7.0,"size":1.0},{"_time":96.75,"$id":544,"sounds":[{"d":0.09375,"p":73,"v":83,"w":0.0}],"pos":-1.23374557,"size":1.0},{"_time":96.9375,"$id":545,"sounds":[{"d":0.09375,"p":74,"v":95,"w":0.0}],"pos":-0.0146522522,"size":1.0},{"_time":96.9375,"$id":546,"sounds":[{"d":0.09375,"p":65,"v":76,"w":0.0}],"pos":7.125,"size":1.0},{"_time":97.125,"$id":547,"sounds":[{"d":0.09375,"p":69,"v":83,"w":0.0}],"pos":-1.95256424,"size":1.0},{"_time":97.125,"$id":548,"sounds":[{"d":0.09375,"p":61,"v":74,"w":0.0}],"pos":6.625,"size":1.0},{"_time":97.3125,"$id":549,"sounds":[{"d":0.09375,"p":70,"v":96,"w":0.0}],"pos":1.5,"size":1.0},{"_time":97.3125,"$id":550,"sounds":[{"d":0.09375,"p":62,"v":75,"w":0.0}],"pos":6.75,"size":1.0},{"_time":97.5,"$id":551,"sounds":[{"d":0.0703125,"p":70,"v":76,"w":0.0}],"pos":-0.5032816,"size":1.0},{"_time":97.5,"$id":552,"sounds":[{"d":0.0703125,"p":82,"v":100,"w":0.0}],"pos":1.48862839,"size":1.30000007},{"_time":97.875,"$id":553,"sounds":[{"d":0.0703125,"p":75,"v":84,"w":0.0}],"pos":-1.5,"size":1.0},{"_time":97.875,"$id":554,"sounds":[{"d":0.0703125,"p":63,"v":60,"w":0.0}],"pos":6.875,"size":1.0},{"_time":98.0625,"$id":555,"sounds":[{"d":0.0703125,"p":76,"v":96,"w":0.0}],"pos":-0.26812315,"size":1.0},{"_time":98.0625,"$id":556,"sounds":[{"d":0.0703125,"p":64,"v":72,"w":0.0}],"pos":7.0,"size":1.0},{"_time":98.25,"$id":557,"sounds":[{"d":0.1640625,"p":65,"v":76,"w":0.0}],"pos":8.5,"size":1.0},{"_time":98.25,"$id":558,"sounds":[{"d":0.1640625,"p":77,"v":100,"w":0.0}],"pos":1.003242,"size":1.0},{"_time":98.625,"$id":559,"sounds":[{"d":0.0703125,"p":56,"v":52,"w":0.0}],"pos":6.0,"size":1.0},{"_time":98.625,"$id":560,"sounds":[{"d":0.0703125,"p":68,"v":76,"w":0.0}],"pos":0.0307784081,"size":1.0},{"_time":98.8125,"$id":561,"sounds":[{"d":0.0703125,"p":69,"v":80,"w":0.0}],"pos":1.16234159,"size":1.0},{"_time":98.8125,"$id":562,"sounds":[{"d":0.0703125,"p":57,"v":56,"w":0.0}],"pos":6.125,"size":1.0},{"_time":99.0,"$id":563,"sounds":[{"d":0.0703125,"p":58,"v":60,"w":0.0}],"pos":6.25,"size":1.0},{"_time":99.0,"$id":564,"sounds":[{"d":0.0703125,"p":70,"v":84,"w":0.0}],"pos":-1.47764349,"size":1.0},{"_time":99.1875,"$id":565,"sounds":[{"d":0.0703125,"p":74,"v":100,"w":0.0}],"pos":6.5,"size":1.0},{"_time":99.1875,"$id":566,"sounds":[{"d":0.0703125,"p":62,"v":76,"w":0.0}],"pos":6.75,"size":1.0},{"_time":99.375,"$id":567,"sounds":[{"d":0.0703125,"p":72,"v":92,"w":0.0}],"pos":0.377604961,"size":1.0},{"_time":99.375,"$id":568,"sounds":[{"d":0.0703125,"p":60,"v":68,"w":0.0}],"pos":6.5,"size":1.0},{"_time":99.5625,"$id":569,"sounds":[{"d":0.0703125,"p":63,"v":80,"w":0.0}],"pos":8.0,"size":1.0},{"_time":99.5625,"$id":570,"sounds":[{"d":0.0703125,"p":51,"v":56,"w":0.0}],"pos":5.375,"size":1.0},{"_time":99.75,"$id":571,"sounds":[{"d":0.0703125,"p":65,"v":88,"w":0.0}],"pos":8.5,"size":1.0},{"_time":99.75,"$id":572,"sounds":[{"d":0.0703125,"p":53,"v":64,"w":0.0}],"pos":-2.0,"size":1.50000012},{"_time":99.9375,"$id":573,"sounds":[{"d":0.0703125,"p":65,"v":76,"w":0.0}],"pos":7.125,"size":1.0},{"_time":99.9375,"$id":574,"sounds":[{"d":0.0703125,"p":77,"v":100,"w":0.0}],"pos":2.0,"size":1.60000014},{"_time":100.125,"$id":575,"sounds":[{"d":0.0703125,"p":76,"v":84,"w":0.0}],"pos":-2.0,"size":1.50000012},{"_time":100.125,"$id":576,"sounds":[{"d":0.0703125,"p":64,"v":60,"w":0.0}],"pos":7.0,"size":1.0},{"_time":100.3125,"$id":577,"sounds":[{"d":0.0703125,"p":77,"v":100,"w":0.0}],"pos":2.0,"size":1.60000014},{"_time":100.3125,"$id":578,"sounds":[{"d":0.0703125,"p":65,"v":76,"w":0.0}],"pos":7.125,"size":1.0},{"_time":100.5,"$id":579,"sounds":[{"d":0.0703125,"p":63,"v":76,"w":0.0}],"pos":-1.38730812,"size":1.2},{"_time":100.5,"$id":580,"sounds":[{"d":0.0703125,"p":70,"v":89,"w":0.0}],"pos":12.0,"size":1.0},{"_time":100.6875,"$id":581,"sounds":[{"d":0.0703125,"p":64,"v":76,"w":0.0}],"pos":7.0,"size":1.0},{"_time":100.6875,"$id":582,"sounds":[{"d":0.0703125,"p":72,"v":93,"w":0.0}],"pos":12.5,"size":1.0},{"_time":100.875,"$id":583,"sounds":[{"d":0.0703125,"p":74,"v":100,"w":0.0}],"pos":1.50287771,"size":1.0},{"_time":100.875,"$id":584,"sounds":[{"d":0.0703125,"p":65,"v":76,"w":0.0}],"pos":7.125,"size":1.0},{"_time":101.0625,"$id":585,"sounds":[{"d":0.0703125,"p":64,"v":83,"w":0.0}],"pos":7.0,"size":1.0},{"_time":101.0625,"$id":586,"sounds":[{"d":0.0703125,"p":56,"v":76,"w":0.0}],"pos":6.0,"size":1.0},{"_time":101.25,"$id":587,"sounds":[{"d":0.0703125,"p":58,"v":76,"w":0.0}],"pos":6.25,"size":1.0},{"_time":101.25,"$id":588,"sounds":[{"d":0.0703125,"p":65,"v":87,"w":0.0}],"pos":-0.9569135,"size":1.0},{"_time":101.4375,"$id":589,"sounds":[{"d":0.0703125,"p":68,"v":76,"w":0.0}],"pos":7.5,"size":1.0},{"_time":101.4375,"$id":590,"sounds":[{"d":0.0703125,"p":77,"v":100,"w":0.0}],"pos":-1.0,"size":1.0},{"_time":101.625,"$id":591,"sounds":[{"d":0.0703125,"p":67,"v":76,"w":0.0}],"pos":7.375,"size":1.0},{"_time":101.625,"$id":592,"sounds":[{"d":0.0703125,"p":75,"v":95,"w":0.0}],"pos":0.891533852,"size":1.0},{"_time":101.8125,"$id":593,"sounds":[{"d":0.0703125,"p":74,"v":90,"w":0.0}],"pos":0.891533852,"size":1.0},{"_time":101.8125,"$id":594,"sounds":[{"d":0.0703125,"p":65,"v":76,"w":0.0}],"pos":7.125,"size":1.0},{"_time":102.0,"$id":595,"sounds":[{"d":0.0703125,"p":72,"v":89,"w":0.0}],"pos":-0.7602515,"size":1.1},{"_time":102.0,"$id":596,"sounds":[{"d":0.0703125,"p":64,"v":76,"w":0.0}],"pos":7.0,"size":1.0},{"_time":102.1875,"$id":597,"sounds":[{"d":0.0703125,"p":65,"v":76,"w":0.0}],"pos":7.125,"size":1.0},{"_time":102.1875,"$id":598,"sounds":[{"d":0.0703125,"p":74,"v":100,"w":0.0}],"pos":8.5,"size":1.1},{"_time":102.375,"$id":599,"sounds":[{"d":0.0703125,"p":58,"v":76,"w":0.0}],"pos":6.25,"size":1.0},{"_time":102.375,"$id":600,"sounds":[{"d":0.0703125,"p":68,"v":87,"w":0.0}],"pos":1.5,"size":1.2},{"_time":102.5625,"$id":601,"sounds":[{"d":0.0703125,"p":60,"v":76,"w":0.0}],"pos":6.5,"size":1.0},{"_time":102.5625,"$id":602,"sounds":[{"d":0.0703125,"p":69,"v":95,"w":0.0}],"pos":9.5,"size":1.2},{"_time":102.75,"$id":603,"pos":-1.0,"size":0.799999952},{"_time":102.84375,"$id":604,"pos":-0.5,"size":1.2},{"_time":102.9375,"$id":605,"pos":0.0,"size":2.00000024},{"_time":103.03125,"$id":606,"pos":0.5,"size":1.30000007},{"_time":103.125,"$id":607,"pos":1.0,"size":0.799999952},{"_time":103.5,"$id":608,"sounds":[{"d":0.0703125,"p":70,"v":76,"w":0.0}],"pos":-2.0,"size":1.4000001},{"_time":103.5,"$id":609,"sounds":[{"d":0.0703125,"p":82,"v":100,"w":0.0}],"pos":2.0,"size":1.4000001},{"_time":103.875,"$id":610,"sounds":[{"d":0.0703125,"p":63,"v":48,"w":0.0}],"pos":6.875,"size":1.0},{"_time":103.875,"$id":611,"sounds":[{"d":0.0703125,"p":75,"v":72,"w":0.0}],"pos":0.07576847,"size":1.0},{"_time":104.0625,"$id":612,"sounds":[{"d":0.0703125,"p":76,"v":80,"w":0.0}],"pos":-0.8714409,"size":1.0},{"_time":104.0625,"$id":613,"sounds":[{"d":0.0703125,"p":64,"v":56,"w":0.0}],"pos":7.0,"size":1.0},{"_time":104.25,"$id":614,"sounds":[{"d":0.1640625,"p":77,"v":100,"w":0.0}],"pos":-1.84053135,"size":1.0},{"_time":104.25,"$id":615,"sounds":[{"d":0.1640625,"p":65,"v":76,"w":0.0}],"pos":7.125,"size":1.0},{"_time":104.625,"$id":616,"sounds":[{"d":0.0703125,"p":68,"v":80,"w":0.0}],"pos":1.0,"size":1.0},{"_time":104.625,"$id":617,"sounds":[{"d":0.0703125,"p":56,"v":56,"w":0.0}],"pos":6.0,"size":1.0},{"_time":104.8125,"$id":618,"sounds":[{"d":0.0703125,"p":57,"v":64,"w":0.0}],"pos":6.125,"size":1.0},{"_time":104.8125,"$id":619,"sounds":[{"d":0.0703125,"p":69,"v":88,"w":0.0}],"pos":-0.4335308,"size":1.0},{"_time":105.0,"$id":620,"sounds":[{"d":0.0703125,"p":58,"v":68,"w":0.0}],"pos":6.25,"size":1.0},{"_time":105.0,"$id":621,"sounds":[{"d":0.0703125,"p":70,"v":92,"w":0.0}],"pos":1.0,"size":1.0},{"_time":105.1875,"$id":622,"sounds":[{"d":0.0703125,"p":70,"v":76,"w":0.0}],"pos":7.75,"size":1.0},{"_time":105.1875,"$id":623,"sounds":[{"d":0.0703125,"p":82,"v":100,"w":0.0}],"pos":6.0,"size":1.0},{"_time":105.375,"$id":624,"sounds":[{"d":0.0703125,"p":80,"v":92,"w":0.0}],"pos":-0.0377140045,"size":1.0},{"_time":105.375,"$id":625,"sounds":[{"d":0.0703125,"p":68,"v":76,"w":0.0}],"pos":7.5,"size":1.0},{"_time":105.5625,"$id":626,"sounds":[{"d":0.0703125,"p":79,"v":88,"w":0.0}],"pos":13.5,"size":1.0},{"_time":105.5625,"$id":627,"sounds":[{"d":0.0703125,"p":67,"v":64,"w":0.0}],"pos":7.375,"size":1.0},{"_time":105.75,"$id":628,"sounds":[{"d":0.0703125,"p":77,"v":80,"w":0.0}],"pos":-1.49470711,"size":1.0},{"_time":105.75,"$id":629,"sounds":[{"d":0.0703125,"p":65,"v":56,"w":0.0}],"pos":7.125,"size":1.0},{"_time":106.125,"$id":630,"sounds":[{"d":0.0703125,"p":75,"v":88,"w":0.0}],"pos":1.0,"size":1.0},{"_time":106.125,"$id":631,"sounds":[{"d":0.0703125,"p":63,"v":64,"w":0.0}],"pos":6.875,"size":1.0},{"_time":106.3125,"$id":632,"sounds":[{"d":0.0703125,"p":61,"v":60,"w":0.0}],"pos":6.625,"size":1.0},{"_time":106.3125,"$id":633,"sounds":[{"d":0.0703125,"p":73,"v":84,"w":0.0}],"pos":7.994709,"size":1.0},{"_time":106.5,"$id":634,"sounds":[{"d":0.0703125,"p":58,"v":56,"w":0.0}],"pos":6.25,"size":1.0},{"_time":106.5,"$id":635,"sounds":[{"d":0.0703125,"p":70,"v":80,"w":0.0}],"pos":-1.84025955,"size":1.0},{"_time":106.6875,"$id":636,"sounds":[{"d":0.0703125,"p":72,"v":84,"w":0.0}],"pos":0.4447527,"size":1.0},{"_time":106.6875,"$id":637,"sounds":[{"d":0.0703125,"p":60,"v":60,"w":0.0}],"pos":6.5,"size":1.0},{"_time":106.875,"$id":638,"sounds":[{"d":0.0703125,"p":73,"v":88,"w":0.0}],"pos":-0.6775131,"size":1.0},{"_time":106.875,"$id":639,"sounds":[{"d":0.0703125,"p":61,"v":64,"w":0.0}],"pos":6.625,"size":1.0},{"_time":107.0625,"$id":640,"sounds":[{"d":0.0703125,"p":70,"v":68,"w":0.0}],"pos":7.75,"size":1.0},{"_time":107.0625,"$id":641,"sounds":[{"d":0.0703125,"p":82,"v":92,"w":0.0}],"pos":1.69475269,"size":1.0},{"_time":107.25,"$id":642,"sounds":[{"d":0.0703125,"p":73,"v":76,"w":0.0}],"pos":12.50159,"size":1.0},{"_time":107.25,"$id":643,"sounds":[{"d":0.0703125,"p":80,"v":100,"w":0.0}],"pos":-1.26859665,"size":1.2},{"_time":107.625,"$id":644,"sounds":[{"d":0.0703125,"p":78,"v":100,"w":0.0}],"pos":1.21866131,"size":1.2},{"_time":107.625,"$id":645,"sounds":[{"d":0.0703125,"p":72,"v":76,"w":0.0}],"pos":8.5,"size":1.0},{"_time":108.0,"$id":646,"sounds":[{"d":1.125,"p":70,"v":60,"w":0.0}],"pos":-2.0,"size":1.30000007},{"_time":108.0,"$id":647,"sounds":[{"d":1.125,"p":77,"v":92,"w":0.0}],"pos":2.0,"size":1.30000007},{"_time":109.5,"$id":648,"sounds":[{"d":0.09375,"p":51,"v":56,"w":0.0}],"pos":-2.0,"size":1.30000007},{"_time":109.5,"$id":649,"sounds":[{"d":0.375,"p":77,"v":100,"w":0.0}],"pos":0.2092371,"size":1.30000007},{"_time":109.6875,"$id":650,"sounds":[{"d":0.09375,"p":58,"v":68,"w":0.0}],"pos":6.25,"size":1.0},{"_time":109.875,"$id":651,"sounds":[{"d":0.09375,"p":61,"v":68,"w":0.0}],"pos":1.76596165,"size":1.0},{"_time":110.0625,"$id":652,"sounds":[{"d":0.09375,"p":65,"v":68,"w":0.0}],"pos":9.5,"size":1.0},{"_time":110.25,"$id":653,"sounds":[{"d":0.1875,"p":75,"v":94,"w":0.0}],"pos":-1.53272343,"size":1.0},{"_time":110.25,"$id":654,"sounds":[{"d":0.09375,"p":56,"v":56,"w":0.0}],"pos":6.0,"size":1.0},{"_time":110.4375,"$id":655,"sounds":[{"d":0.09375,"p":63,"v":68,"w":0.0}],"pos":10.0,"size":1.0},{"_time":110.625,"$id":656,"sounds":[{"d":0.09375,"p":68,"v":68,"w":0.0}],"pos":7.5,"size":1.0},{"_time":110.625,"$id":657,"sounds":[{"d":0.09375,"p":72,"v":84,"w":0.0}],"pos":-0.6345825,"size":1.0},{"_time":110.8125,"$id":658,"sounds":[{"d":0.09375,"p":73,"v":87,"w":0.0}],"pos":0.628272057,"size":1.0},{"_time":110.8125,"$id":659,"sounds":[{"d":0.09375,"p":70,"v":68,"w":0.0}],"pos":7.75,"size":1.0},{"_time":111.0,"$id":660,"sounds":[{"d":0.09375,"p":49,"v":56,"w":0.0}],"pos":5.125,"size":1.0},{"_time":111.0,"$id":661,"sounds":[{"d":0.1875,"p":75,"v":92,"w":0.0}],"pos":2.0,"size":1.0},{"_time":111.1875,"$id":662,"sounds":[{"d":0.09375,"p":56,"v":68,"w":0.0}],"pos":8.722101,"size":1.0},{"_time":111.375,"$id":663,"sounds":[{"d":0.1875,"p":80,"v":100,"w":0.0}],"pos":0.781172752,"size":1.0},{"_time":111.375,"$id":664,"sounds":[{"d":0.09375,"p":60,"v":68,"w":0.0}],"pos":6.5,"size":1.0},{"_time":111.5625,"$id":665,"sounds":[{"d":0.09375,"p":65,"v":68,"w":0.0}],"pos":6.0,"size":1.0},{"_time":111.75,"$id":666,"sounds":[{"d":0.09375,"p":54,"v":56,"w":0.0}],"pos":5.75,"size":1.0},{"_time":111.75,"$id":667,"sounds":[{"d":0.1875,"p":77,"v":93,"w":0.0}],"pos":-1.04885387,"size":1.0},{"_time":111.9375,"$id":668,"sounds":[{"d":0.09375,"p":61,"v":68,"w":0.0}],"pos":9.222101,"size":1.0},{"_time":112.125,"$id":669,"sounds":[{"d":0.09375,"p":65,"v":68,"w":0.0}],"pos":7.125,"size":1.0},{"_time":112.125,"$id":670,"sounds":[{"d":0.09375,"p":75,"v":87,"w":0.0}],"pos":2.0,"size":1.0},{"_time":112.3125,"$id":671,"sounds":[{"d":0.09375,"p":73,"v":85,"w":0.0}],"pos":7.50200462,"size":1.0},{"_time":112.3125,"$id":672,"sounds":[{"d":0.09375,"p":68,"v":68,"w":0.0}],"pos":7.5,"size":1.0},{"_time":112.5,"$id":673,"sounds":[{"d":0.09375,"p":70,"v":83,"w":0.0}],"pos":14.0,"size":1.0},{"_time":112.5,"$id":674,"sounds":[{"d":0.09375,"p":48,"v":56,"w":0.0}],"pos":-1.3118782,"size":1.0},{"_time":112.6875,"$id":675,"sounds":[{"d":0.09375,"p":51,"v":68,"w":0.0}],"pos":5.375,"size":1.0},{"_time":112.6875,"$id":676,"sounds":[{"d":0.09375,"p":72,"v":87,"w":0.0}],"pos":0.3282194,"size":1.0},{"_time":112.875,"$id":677,"sounds":[{"d":0.09375,"p":73,"v":94,"w":0.0}],"pos":-1.297328,"size":1.0},{"_time":112.875,"$id":678,"sounds":[{"d":0.09375,"p":54,"v":68,"w":0.0}],"pos":5.75,"size":1.0},{"_time":113.0625,"$id":679,"sounds":[{"d":0.09375,"p":77,"v":99,"w":0.0}],"pos":1.30332756,"size":1.0},{"_time":113.0625,"$id":680,"sounds":[{"d":0.09375,"p":58,"v":68,"w":0.0}],"pos":6.25,"size":1.0},{"_time":113.25,"$id":681,"sounds":[{"d":0.09375,"p":75,"v":87,"w":0.0}],"pos":14.5,"size":1.0},{"_time":113.25,"$id":682,"sounds":[{"d":0.09375,"p":53,"v":56,"w":0.0}],"pos":-2.0,"size":1.0},{"_time":113.4375,"$id":683,"sounds":[{"d":0.09375,"p":81,"v":90,"w":0.0}],"pos":5.0,"size":1.0},{"_time":113.4375,"$id":684,"sounds":[{"d":0.09375,"p":57,"v":68,"w":0.0}],"pos":6.125,"size":1.0},{"_time":113.625,"$id":685,"sounds":[{"d":0.09375,"p":63,"v":68,"w":0.0}],"pos":6.875,"size":1.0},{"_time":113.625,"$id":686,"sounds":[{"d":0.09375,"p":82,"v":93,"w":0.0}],"pos":0.0,"size":1.0},{"_time":113.8125,"$id":687,"sounds":[{"d":0.09375,"p":84,"v":97,"w":0.0}],"pos":5.0,"size":1.0},{"_time":113.8125,"$id":688,"sounds":[{"d":0.09375,"p":66,"v":68,"w":0.0}],"pos":7.25,"size":1.0},{"_time":114.0,"$id":689,"sounds":[{"d":0.09375,"p":82,"v":87,"w":0.0}],"pos":1.33068848,"size":1.0},{"_time":114.0,"$id":690,"sounds":[{"d":0.09375,"p":62,"v":56,"w":0.0}],"pos":6.75,"size":1.0},{"_time":114.1875,"$id":691,"sounds":[{"d":0.09375,"p":63,"v":68,"w":0.0}],"pos":-0.36471653,"size":1.1},{"_time":114.375,"$id":692,"sounds":[{"d":0.09375,"p":86,"v":84,"w":0.0}],"pos":9.75,"size":1.0},{"_time":114.375,"$id":693,"sounds":[{"d":0.09375,"p":65,"v":68,"w":0.0}],"pos":1.33068848,"size":1.0},{"_time":114.5625,"$id":694,"sounds":[{"d":0.09375,"p":68,"v":68,"w":0.0}],"pos":-1.25778389,"size":1.1},{"_time":114.75,"$id":695,"sounds":[{"d":0.09375,"p":87,"v":88,"w":0.0}],"pos":9.875,"size":1.0},{"_time":114.75,"$id":696,"sounds":[{"d":0.09375,"p":70,"v":68,"w":0.0}],"pos":2.0,"size":1.0},{"_time":114.9375,"$id":697,"sounds":[{"d":0.09375,"p":74,"v":68,"w":0.0}],"pos":7.5,"size":1.2},{"_time":115.125,"$id":698,"sounds":[{"d":0.09375,"p":82,"v":68,"w":0.0}],"pos":0.0,"size":1.0},{"_time":115.125,"$id":699,"sounds":[{"d":0.09375,"p":89,"v":94,"w":0.0}],"pos":10.125,"size":1.0},{"_time":115.3125,"$id":700,"sounds":[{"d":0.09375,"p":84,"v":68,"w":0.0}],"pos":6.0,"size":1.0},{"_time":115.5,"$id":701,"sounds":[{"d":0.09375,"p":66,"v":56,"w":0.0}],"pos":9.0,"size":1.0},{"_time":115.5,"$id":702,"sounds":[{"d":0.375,"p":89,"v":100,"w":0.0}],"pos":1.68161964,"size":1.0},{"_time":115.6875,"$id":703,"sounds":[{"d":0.09375,"p":68,"v":68,"w":0.0}],"pos":12.0,"size":1.0},{"_time":115.875,"$id":704,"sounds":[{"d":0.09375,"p":70,"v":68,"w":0.0}],"pos":-1.54915714,"size":1.0},{"_time":116.0625,"$id":705,"sounds":[{"d":0.09375,"p":77,"v":68,"w":0.0}],"pos":7.0,"size":1.0},{"_time":116.25,"$id":706,"sounds":[{"d":0.09375,"p":87,"v":95,"w":0.0}],"pos":0.359787941,"size":1.0},{"_time":116.25,"$id":707,"sounds":[{"d":0.09375,"p":75,"v":68,"w":0.0}],"pos":8.375,"size":1.0},{"_time":116.4375,"$id":708,"sounds":[{"d":0.09375,"p":72,"v":68,"w":0.0}],"pos":8.0,"size":1.0},{"_time":116.625,"$id":709,"sounds":[{"d":0.09375,"p":70,"v":68,"w":0.0}],"pos":7.75,"size":1.0},{"_time":116.625,"$id":710,"sounds":[{"d":0.09375,"p":84,"v":91,"w":0.0}],"pos":-1.0065937,"size":1.0},{"_time":116.8125,"$id":711,"sounds":[{"d":0.09375,"p":82,"v":88,"w":0.0}],"pos":0.929389954,"size":1.0},{"_time":116.8125,"$id":712,"sounds":[{"d":0.09375,"p":72,"v":68,"w":0.0}],"pos":8.0,"size":1.0},{"_time":117.0,"$id":713,"sounds":[{"d":0.09375,"p":68,"v":56,"w":0.0}],"pos":7.5,"size":1.0},{"_time":117.0,"$id":714,"sounds":[{"d":0.09375,"p":80,"v":85,"w":0.0}],"pos":-1.04539776,"size":1.0},{"_time":117.1875,"$id":715,"sounds":[{"d":0.09375,"p":65,"v":68,"w":0.0}],"pos":7.125,"size":1.0},{"_time":117.375,"$id":716,"sounds":[{"d":0.09375,"p":75,"v":79,"w":0.0}],"pos":-1.84933,"size":1.0},{"_time":117.375,"$id":717,"sounds":[{"d":0.09375,"p":63,"v":68,"w":0.0}],"pos":6.875,"size":1.0},{"_time":117.5625,"$id":718,"sounds":[{"d":0.09375,"p":60,"v":68,"w":0.0}],"pos":6.5,"size":1.0},{"_time":117.5625,"$id":719,"sounds":[{"d":0.09375,"p":76,"v":81,"w":0.0}],"pos":7.996069,"size":1.0},{"_time":117.75,"$id":720,"sounds":[{"d":0.09375,"p":54,"v":56,"w":0.0}],"pos":5.75,"size":1.0},{"_time":117.75,"$id":721,"sounds":[{"d":0.09375,"p":77,"v":90,"w":0.0}],"pos":1.218566,"size":1.0},{"_time":117.9375,"$id":722,"sounds":[{"d":0.09375,"p":58,"v":68,"w":0.0}],"pos":6.25,"size":1.0},{"_time":118.125,"$id":723,"sounds":[{"d":0.09375,"p":85,"v":100,"w":0.0}],"pos":-0.8181486,"size":1.0},{"_time":118.125,"$id":724,"sounds":[{"d":0.09375,"p":61,"v":68,"w":0.0}],"pos":6.625,"size":1.0},{"_time":118.3125,"$id":725,"sounds":[{"d":0.09375,"p":84,"v":89,"w":0.0}],"pos":-1.402667,"size":1.0},{"_time":118.3125,"$id":726,"sounds":[{"d":0.09375,"p":65,"v":68,"w":0.0}],"pos":7.125,"size":1.0},{"_time":118.5,"$id":727,"sounds":[{"d":0.09375,"p":51,"v":55,"w":0.0}],"pos":5.375,"size":1.0},{"_time":118.5,"$id":728,"sounds":[{"d":0.09375,"p":82,"v":82,"w":0.0}],"pos":-2.0,"size":1.0},{"_time":118.6875,"$id":729,"sounds":[{"d":0.09375,"p":54,"v":67,"w":0.0}],"pos":5.75,"size":1.0},{"_time":118.875,"$id":730,"sounds":[{"d":0.09375,"p":61,"v":67,"w":0.0}],"pos":6.625,"size":1.0},{"_time":118.875,"$id":731,"sounds":[{"d":0.09375,"p":58,"v":67,"w":0.0}],"pos":6.25,"size":1.0},{"_time":118.875,"$id":732,"sounds":[{"d":0.375,"p":89,"v":93,"w":0.0}],"pos":2.0,"size":1.0},{"_time":119.25,"$id":733,"sounds":[{"d":0.09375,"p":81,"v":77,"w":0.0}],"pos":-1.0,"size":1.0},{"_time":119.25,"$id":734,"sounds":[{"d":0.09375,"p":53,"v":55,"w":0.0}],"pos":5.625,"size":1.0},{"_time":119.4375,"$id":735,"sounds":[{"d":0.09375,"p":57,"v":67,"w":0.0}],"pos":6.125,"size":1.0},{"_time":119.625,"$id":736,"sounds":[{"d":0.375,"p":89,"v":100,"w":0.0}],"pos":1.26441383,"size":1.0},{"_time":119.625,"$id":737,"sounds":[{"d":0.09375,"p":63,"v":67,"w":0.0}],"pos":6.875,"size":1.0},{"_time":119.625,"$id":738,"sounds":[{"d":0.09375,"p":60,"v":67,"w":0.0}],"pos":6.5,"size":1.0},{"_time":120.0,"$id":739,"sounds":[{"d":0.375,"p":70,"v":64,"w":0.0}],"pos":-2.0,"size":1.30000007},{"_time":120.0,"$id":740,"sounds":[{"d":0.375,"p":82,"v":84,"w":0.0}],"pos":10.5,"size":1.1},{"_time":120.0,"$id":741,"sounds":[{"d":0.375,"p":46,"v":51,"w":0.0}],"pos":4.75,"size":1.0},{"_time":120.0,"$id":742,"sounds":[{"d":0.375,"p":34,"v":51,"w":0.0}],"pos":3.25,"size":1.0},{"_time":120.375,"$id":743,"sounds":[{"d":0.375,"p":84,"v":88,"w":0.0}],"pos":0.8144703,"size":1.30000007},{"_time":120.375,"$id":744,"sounds":[{"d":0.375,"p":72,"v":68,"w":0.0}],"pos":10.0,"size":1.1},{"_time":120.375,"$id":745,"sounds":[{"d":0.375,"p":48,"v":55,"w":0.0}],"pos":5.0,"size":1.0},{"_time":120.375,"$id":746,"sounds":[{"d":0.375,"p":36,"v":55,"w":0.0}],"pos":3.5,"size":1.0},{"_time":120.75,"$id":747,"sounds":[{"d":0.375,"p":85,"v":96,"w":0.0}],"pos":11.0,"size":1.1},{"_time":120.75,"$id":748,"sounds":[{"d":0.375,"p":73,"v":76,"w":0.0}],"pos":-1.23886681,"size":1.30000007},{"_time":120.75,"$id":749,"sounds":[{"d":0.375,"p":49,"v":63,"w":0.0}],"pos":5.125,"size":1.0},{"_time":120.75,"$id":750,"sounds":[{"d":0.375,"p":37,"v":63,"w":0.0}],"pos":3.625,"size":1.0},{"_time":121.125,"$id":751,"sounds":[{"d":0.375,"p":87,"v":100,"w":0.0}],"pos":1.64898872,"size":1.30000007},{"_time":121.125,"$id":752,"sounds":[{"d":0.375,"p":75,"v":80,"w":0.0}],"pos":10.9955492,"size":1.1},{"_time":121.125,"$id":753,"sounds":[{"d":0.375,"p":51,"v":67,"w":0.0}],"pos":5.375,"size":1.0},{"_time":121.125,"$id":754,"sounds":[{"d":0.375,"p":39,"v":67,"w":0.0}],"pos":3.875,"size":1.0},{"_time":121.5,"$id":755,"pos":2.0,"size":1.4000001},{"_time":121.5,"$id":756,"sounds":[{"d":0.09375,"p":51,"v":56,"w":0.0}],"pos":-0.7566128,"size":1.2},{"_time":121.6875,"$id":757,"sounds":[{"d":0.09375,"p":58,"v":68,"w":0.0}],"pos":7.97089863,"size":1.0},{"_time":121.875,"$id":758,"sounds":[{"d":0.09375,"p":61,"v":68,"w":0.0}],"pos":8.470899,"size":1.0},{"_time":122.0625,"$id":759,"sounds":[{"d":0.09375,"p":65,"v":68,"w":0.0}],"pos":8.970899,"size":1.0},{"_time":122.25,"$id":760,"sounds":[{"d":0.09375,"p":56,"v":56,"w":0.0}],"pos":1.0,"size":1.2},{"_time":122.25,"$id":761,"pos":-1.5,"size":1.4000001},{"_time":122.4375,"$id":762,"sounds":[{"d":0.09375,"p":63,"v":68,"w":0.0}],"pos":9.970899,"size":1.0},{"_time":122.625,"$id":763,"sounds":[{"d":0.09375,"p":68,"v":68,"w":0.0}],"pos":9.470899,"size":1.0},{"_time":122.8125,"$id":764,"sounds":[{"d":0.09375,"p":70,"v":68,"w":0.0}],"pos":8.970899,"size":1.0},{"_time":123.0,"$id":765,"sounds":[{"d":0.09375,"p":49,"v":56,"w":0.0}],"pos":-1.55026436,"size":1.2},{"_time":123.1875,"$id":766,"sounds":[{"d":0.09375,"p":56,"v":68,"w":0.0}],"pos":-1.05026436,"size":1.0},{"_time":123.375,"$id":767,"sounds":[{"d":0.09375,"p":60,"v":68,"w":0.0}],"pos":-0.550264359,"size":1.0},{"_time":123.5625,"$id":768,"sounds":[{"d":0.09375,"p":65,"v":68,"w":0.0}],"pos":-0.135187626,"size":1.0},{"_time":123.75,"$id":769,"sounds":[{"d":0.09375,"p":54,"v":56,"w":0.0}],"pos":1.44973564,"size":1.2},{"_time":123.9375,"$id":770,"sounds":[{"d":0.09375,"p":61,"v":68,"w":0.0}],"pos":0.949735641,"size":1.0},{"_time":124.125,"$id":771,"sounds":[{"d":0.09375,"p":65,"v":68,"w":0.0}],"pos":0.449735641,"size":1.0},{"_time":124.3125,"$id":772,"sounds":[{"d":0.09375,"p":68,"v":68,"w":0.0}],"pos":-0.05026436,"size":1.0},{"_time":124.5,"$id":773,"sounds":[{"d":0.09375,"p":48,"v":56,"w":0.0}],"pos":-2.0,"size":1.2},{"_time":124.6875,"$id":774,"sounds":[{"d":0.09375,"p":51,"v":68,"w":0.0}],"pos":7.0,"size":0.9},{"_time":124.875,"$id":775,"sounds":[{"d":0.09375,"p":54,"v":68,"w":0.0}],"pos":-1.0529108,"size":0.9},{"_time":125.0625,"$id":776,"sounds":[{"d":0.09375,"p":58,"v":68,"w":0.0}],"pos":8.5,"size":1.0},{"_time":125.25,"$id":777,"sounds":[{"d":0.09375,"p":53,"v":56,"w":0.0}],"pos":1.03968143,"size":1.0},{"_time":125.4375,"$id":778,"sounds":[{"d":0.09375,"p":57,"v":68,"w":0.0}],"pos":8.5,"size":0.9},{"_time":125.625,"$id":779,"sounds":[{"d":0.09375,"p":63,"v":68,"w":0.0}],"pos":-0.5,"size":1.0},{"_time":125.8125,"$id":780,"sounds":[{"d":0.09375,"p":66,"v":68,"w":0.0}],"pos":-0.5,"size":1.0},{"_time":126.0,"$id":781,"sounds":[{"d":0.09375,"p":62,"v":56,"w":0.0}],"pos":1.5,"size":1.2},{"_time":126.1875,"$id":782,"sounds":[{"d":0.09375,"p":63,"v":68,"w":0.0}],"pos":9.0,"size":1.0},{"_time":126.375,"$id":783,"sounds":[{"d":0.09375,"p":65,"v":68,"w":0.0}],"pos":-2.0,"size":1.2},{"_time":126.5625,"$id":784,"sounds":[{"d":0.09375,"p":68,"v":68,"w":0.0}],"pos":10.5,"size":1.1},{"_time":126.75,"$id":785,"sounds":[{"d":0.09375,"p":70,"v":56,"w":0.0}],"pos":-0.74767065,"size":1.1},{"_time":126.9375,"$id":786,"sounds":[{"d":0.09375,"p":74,"v":68,"w":0.0}],"pos":1.13088655,"size":1.2},{"_time":127.125,"$id":787,"sounds":[{"d":0.09375,"p":82,"v":68,"w":0.0}],"pos":0.09587526,"size":1.2},{"_time":127.3125,"$id":788,"sounds":[{"d":0.09375,"p":84,"v":68,"w":0.0}],"pos":2.0,"size":1.2},{"_time":127.5,"$id":789,"sounds":[{"d":0.09375,"p":66,"v":56,"w":0.0}],"pos":-2.0,"size":1.4000001},{"_time":127.6875,"$id":790,"sounds":[{"d":0.09375,"p":68,"v":68,"w":0.0}],"pos":8.5,"size":1.0},{"_time":127.875,"$id":791,"sounds":[{"d":0.09375,"p":70,"v":68,"w":0.0}],"pos":0.8497052,"size":1.0},{"_time":128.0625,"$id":792,"sounds":[{"d":0.09375,"p":77,"v":68,"w":0.0}],"pos":9.0,"size":1.0},{"_time":128.25,"$id":793,"sounds":[{"d":0.09375,"p":75,"v":56,"w":0.0}],"pos":-1.22990084,"size":1.2},{"_time":128.4375,"$id":794,"sounds":[{"d":0.09375,"p":72,"v":68,"w":0.0}],"pos":9.0,"size":1.0},{"_time":128.625,"$id":795,"sounds":[{"d":0.09375,"p":70,"v":68,"w":0.0}],"pos":0.782438755,"size":1.1},{"_time":128.8125,"$id":796,"sounds":[{"d":0.09375,"p":72,"v":68,"w":0.0}],"pos":-0.8408885,"size":1.1},{"_time":129.0,"$id":797,"sounds":[{"d":0.09375,"p":68,"v":56,"w":0.0}],"pos":0.7437892,"size":1.1},{"_time":129.1875,"$id":798,"sounds":[{"d":0.09375,"p":65,"v":68,"w":0.0}],"pos":10.5,"size":1.0},{"_time":129.375,"$id":799,"sounds":[{"d":0.09375,"p":63,"v":68,"w":0.0}],"pos":-0.5,"size":1.2},{"_time":129.5625,"$id":800,"sounds":[{"d":0.09375,"p":60,"v":68,"w":0.0}],"pos":12.0,"size":1.0},{"_time":129.75,"$id":801,"sounds":[{"d":0.09375,"p":54,"v":56,"w":0.0}],"pos":2.0,"size":1.2},{"_time":129.9375,"$id":802,"sounds":[{"d":0.09375,"p":58,"v":68,"w":0.0}],"pos":11.0,"size":1.0},{"_time":130.125,"$id":803,"sounds":[{"d":0.09375,"p":61,"v":68,"w":0.0}],"pos":-0.1711545,"size":1.2},{"_time":130.3125,"$id":804,"sounds":[{"d":0.09375,"p":65,"v":68,"w":0.0}],"pos":10.0,"size":1.0},{"_time":130.5,"$id":805,"sounds":[{"d":0.09375,"p":51,"v":55,"w":0.0}],"pos":-2.0,"size":1.0},{"_time":130.6875,"$id":806,"sounds":[{"d":0.09375,"p":54,"v":67,"w":0.0}],"pos":-2.0,"size":1.0},{"_time":130.875,"$id":807,"sounds":[{"d":0.09375,"p":58,"v":67,"w":0.0}],"pos":12.0,"size":1.0},{"_time":130.875,"$id":808,"sounds":[{"d":0.09375,"p":61,"v":67,"w":0.0}],"pos":0.962801933,"size":1.0},{"_time":131.25,"$id":809,"sounds":[{"d":0.09375,"p":53,"v":55,"w":0.0}],"pos":1.5,"size":1.1},{"_time":131.4375,"$id":810,"sounds":[{"d":0.09375,"p":57,"v":67,"w":0.0}],"pos":1.5,"size":1.1},{"_time":131.625,"$id":811,"sounds":[{"d":0.09375,"p":63,"v":67,"w":0.0}],"pos":10.0,"size":1.1},{"_time":131.625,"$id":812,"sounds":[{"d":0.09375,"p":60,"v":67,"w":0.0}],"pos":-0.991105556,"size":1.1},{"_time":132.0,"$id":813,"sounds":[{"d":1.5,"p":34,"v":67,"w":0.0}],"pos":-2.0,"size":1.2},{"_time":132.0,"$id":814,"sounds":[{"d":1.5,"p":46,"v":67,"w":0.0}],"pos":2.0,"size":1.1},{"_time":133.5,"$id":815,"pos":0.0,"size":1.0},{"_time":133.875,"$id":816,"sounds":[{"d":4.125,"p":53,"v":84,"w":0.0}],"pos":5.625,"size":1.0},{"_time":133.875,"$id":817,"sounds":[{"d":4.125,"p":62,"v":84,"w":0.0}],"pos":6.75,"size":1.0},{"_time":133.875,"$id":818,"sounds":[{"d":4.125,"p":34,"v":67,"w":0.0}],"pos":1.21225357,"size":1.0},{"_time":133.875,"$id":819,"sounds":[{"d":4.125,"p":46,"v":67,"w":0.0}],"pos":-1.28774643,"size":1.0},{"_time":133.875,"$id":820,"sounds":[{"d":4.125,"p":57,"v":84,"w":0.0}],"pos":6.125,"size":1.0}],"links":[{"notes":[{"$ref":41},{"$ref":42}]},{"notes":[{"$ref":770},{"$ref":771},{"$ref":772}]},{"notes":[{"$ref":269},{"$ref":271},{"$ref":272}]},{"notes":[{"$ref":59},{"$ref":60}]},{"notes":[{"$ref":62},{"$ref":63},{"$ref":64},{"$ref":66},{"$ref":68},{"$ref":70}]},{"notes":[{"$ref":259},{"$ref":261},{"$ref":262}]},{"notes":[{"$ref":264},{"$ref":266},{"$ref":268}]},{"notes":[{"$ref":255},{"$ref":256},{"$ref":257}]},{"notes":[{"$ref":533},{"$ref":534},{"$ref":536}]},{"notes":[{"$ref":527},{"$ref":529},{"$ref":530}]},{"notes":[{"$ref":603},{"$ref":604},{"$ref":605},{"$ref":606},{"$ref":607}]},{"notes":[{"$ref":523},{"$ref":524},{"$ref":525}]},{"notes":[{"$ref":517},{"$ref":519},{"$ref":520}]},{"notes":[{"$ref":723},{"$ref":725},{"$ref":728}]},{"notes":[{"$ref":757},{"$ref":758},{"$ref":759}]},{"notes":[{"$ref":762},{"$ref":763},{"$ref":764}]},{"notes":[{"$ref":766},{"$ref":767},{"$ref":768}]},{"notes":[{"$ref":46},{"$ref":47},{"$ref":49},{"$ref":51}]}],"speed":6.0}