{"speed":12.0,"notes":[{"$id":"1","sounds":[{"d":1.41469431,"p":53,"v":42}],"pos":-2.0,"size":1.30000007,"_time":7.2890625},{"$id":"2","sounds":[{"d":1.2246604,"p":57,"v":35}],"pos":-1.0,"size":1.30000007,"_time":7.48828125},{"$id":"3","sounds":[{"d":0.8108096,"p":64,"v":41}],"size":1.30000007,"_time":7.90234375},{"$id":"4","sounds":[{"d":0.3969593,"p":67,"v":43}],"pos":2.0,"size":1.30000007,"_time":8.296875},{"$id":"5","sounds":[{"d":1.82009983,"p":51,"v":42}],"pos":-2.0,"size":1.30000007,"_time":8.7109375},{"$id":"6","sounds":[{"d":1.815877,"p":65,"v":41}],"pos":1.0,"size":1.30000007,"_time":8.71875},{"$id":"7","sounds":[{"d":1.42314053,"p":55,"v":38}],"pos":-1.0,"size":1.30000007,"_time":9.121094},{"$id":"8","sounds":[{"d":1.02195835,"p":62,"v":42}],"size":1.30000007,"_time":9.53125},{"$id":"9","sounds":[{"d":0.5996618,"p":72,"v":36}],"pos":2.0,"size":1.30000007,"_time":9.9296875},{"$id":"10","sounds":[{"d":1.42736244,"p":53,"v":38}],"pos":-2.0,"size":1.30000007,"_time":10.53125},{"$id":"11","sounds":[{"d":1.21621513,"p":57,"v":36}],"pos":-1.0,"size":1.30000007,"_time":10.734375},{"$id":"12","sounds":[{"d":0.815032959,"p":64,"v":45}],"size":1.30000007,"_time":11.1484375},{"$id":"13","sounds":[{"d":0.198479652,"p":67,"v":42}],"pos":2.0,"size":1.30000007,"_time":11.5507813},{"$id":"14","sounds":[{"d":0.194256783,"p":66,"v":40}],"pos":1.0,"size":1.30000007,"_time":11.75},{"$id":"15","sounds":[{"d":0.206925392,"p":55,"v":43},{"d":0.202702522,"p":62,"v":38},{"w":0.01171875,"d":0.202702522,"p":51,"v":44}],"pos":-1.5,"size":1.90000021,"_time":11.9453125},{"$id":"16","sounds":[{"d":0.206925392,"p":65,"v":36}],"size":1.30000007,"_time":11.9648438},{"$id":"17","sounds":[{"d":1.22465992,"p":55,"v":45},{"d":1.21199131,"p":60,"v":44},{"w":0.01171875,"d":1.220437,"p":51,"v":36}],"pos":-1.5,"size":1.90000021,"_time":12.5546875},{"$id":"18","sounds":[{"d":0.413850784,"p":72,"v":44}],"pos":-1.0,"size":1.0,"_time":12.765625},{"$id":"19","sounds":[{"d":0.00422287,"p":72,"v":43}],"pos":-1.0,"size":1.0,"_time":12.96875},{"$id":"20","sounds":[{"d":0.206925392,"p":74,"v":40}],"size":1.0,"_time":13.1757813},{"$id":"21","sounds":[{"d":0.202702522,"p":76,"v":44}],"pos":1.0,"size":1.0,"_time":13.3789063},{"$id":"22","sounds":[{"d":0.202702522,"p":77,"v":44}],"pos":2.0,"size":1.0,"_time":13.578125},{"$id":"23","sounds":[{"d":1.4189167,"p":53,"v":38},{"w":0.01171875,"d":0.401182175,"p":64,"v":38},{"w":0.015625,"d":1.41469383,"p":57,"v":38}],"pos":-1.0,"size":1.30000007,"_time":13.7734375},{"$id":"24","sounds":[{"d":0.405405045,"p":76,"v":44}],"pos":1.0,"size":1.0,"_time":13.7851563},{"$id":"25","sounds":[{"d":0.211148262,"p":62,"v":35}],"pos":6.75,"size":1.0,"_time":14.1757813},{"$id":"26","sounds":[{"d":0.202702522,"p":74,"v":47}],"size":1.0,"_time":14.1835938},{"$id":"27","sounds":[{"d":0.8023634,"p":64,"v":38}],"pos":7.0,"size":1.0,"_time":14.3789063},{"$id":"28","sounds":[{"d":0.401182175,"p":76,"v":48}],"pos":1.0,"size":1.0,"_time":14.390625},{"$id":"29","sounds":[{"d":1.83276844,"p":51,"v":37},{"w":0.00390625,"d":1.82854557,"p":55,"v":41}],"pos":-2.0,"size":1.30000007,"_time":15.1914063},{"$id":"30","sounds":[{"d":1.4273634,"p":62,"v":44}],"pos":5.5,"size":1.0,"_time":15.59375},{"$id":"31","sounds":[{"d":0.211149216,"p":72,"v":48}],"pos":-1.0,"size":1.0,"_time":16.0},{"$id":"32","sounds":[{"d":1.01351166,"p":65,"v":36}],"pos":7.125,"size":1.0,"_time":16.0078125},{"$id":"33","sounds":[{"d":0.206924438,"p":72,"v":50}],"pos":-1.0,"size":1.0,"_time":16.2109375},{"$id":"34","sounds":[{"d":0.202701569,"p":74,"v":42}],"size":1.0,"_time":16.4140625},{"$id":"35","sounds":[{"d":0.211147308,"p":76,"v":45}],"pos":1.0,"size":1.0,"_time":16.609375},{"$id":"36","sounds":[{"d":0.1984787,"p":77,"v":40}],"pos":2.0,"size":1.0,"_time":16.8125},{"$id":"37","sounds":[{"d":0.194255829,"p":76,"v":43}],"pos":1.0,"size":1.0,"_time":17.0234375},{"$id":"38","sounds":[{"d":1.410471,"p":55,"v":45},{"w":0.0078125,"d":1.42313957,"p":45,"v":40}],"pos":-1.0,"size":1.30000007,"_time":17.0234375},{"$id":"39","sounds":[{"d":0.405405045,"p":74,"v":45}],"size":1.0,"_time":17.234375},{"$id":"40","sounds":[{"d":0.8108101,"p":64,"v":40}],"pos":7.0,"size":1.0,"_time":17.6210938},{"$id":"41","sounds":[{"d":0.4096279,"p":76,"v":49}],"pos":1.0,"size":1.0,"_time":17.6367188},{"$id":"42","sounds":[{"d":0.413850784,"p":72,"v":48}],"pos":-1.0,"size":1.0,"_time":18.03125},{"$id":"43","sounds":[{"d":0.413850784,"p":60,"v":40}],"pos":6.5,"size":1.0,"_time":18.03125},{"$id":"44","sounds":[{"d":1.82009888,"p":63,"v":36},{"w":0.00390625,"d":1.82854462,"p":54,"v":44}],"pos":-2.0,"size":1.30000007,"_time":18.4375},{"$id":"45","sounds":[{"d":0.8108101,"p":75,"v":40}],"size":1.0,"_time":18.4414063},{"$id":"46","sounds":[{"d":1.83276749,"p":50,"v":45}],"pos":5.25,"size":1.0,"_time":18.4453125},{"$id":"47","sounds":[{"d":1.410471,"p":60,"v":45}],"pos":-1.0,"size":1.30000007,"_time":18.8515625},{"$id":"48","sounds":[{"d":1.01351166,"p":70,"v":38}],"pos":1.0,"size":1.30000007,"_time":19.2539063},{"$id":"49","sounds":[{"d":0.405405045,"p":81,"v":46}],"pos":2.0,"size":1.0,"_time":19.6484375},{"$id":"50","sounds":[{"d":0.00422287,"p":81,"v":40}],"pos":2.0,"size":1.0,"_time":19.859375},{"$id":"51","sounds":[{"d":0.591215134,"p":81,"v":42}],"pos":2.0,"size":1.0,"_time":20.0664063},{"$id":"52","sounds":[{"d":0.00422287,"p":81,"v":49}],"pos":2.0,"size":1.0,"_time":20.2578125},{"$id":"53","sounds":[{"d":3.24323654,"p":69,"v":41}],"pos":7.625,"size":1.0,"_time":20.2578125},{"$id":"54","sounds":[{"d":3.23901367,"p":53,"v":40},{"w":0.00390625,"d":3.24745941,"p":43,"v":40}],"pos":-2.0,"size":1.30000007,"_time":20.265625},{"$id":"55","sounds":[{"d":3.036312,"p":57,"v":42}],"pos":-1.0,"size":1.30000007,"_time":20.4726563},{"$id":"56","sounds":[{"d":2.8378334,"p":58,"v":41}],"size":1.30000007,"_time":20.671875},{"$id":"57","sounds":[{"d":2.63935471,"p":65,"v":41}],"pos":7.125,"size":1.0,"_time":20.8710938},{"$id":"58","sounds":[{"d":0.202701569,"p":77,"v":49}],"pos":1.0,"size":1.0,"_time":20.8789063},{"$id":"59","sounds":[{"d":0.1984787,"p":77,"v":46}],"pos":1.0,"size":1.0,"_time":21.0820313},{"$id":"60","sounds":[{"d":0.405405045,"p":74,"v":43}],"pos":-1.0,"size":1.0,"_time":21.28125},{"$id":"61","sounds":[{"d":2.225504,"p":62,"v":40}],"pos":6.75,"size":1.0,"_time":21.2851563},{"$id":"62","sounds":[{"d":0.00422287,"p":65,"v":37}],"pos":7.125,"size":1.0,"_time":21.6835938},{"$id":"63","sounds":[{"d":0.401182175,"p":77,"v":47}],"size":1.0,"_time":21.6875},{"$id":"64","sounds":[{"d":0.603883743,"p":81,"v":44}],"pos":2.0,"size":1.0,"_time":22.9023438},{"$id":"65","sounds":[{"d":0.00422287,"p":81,"v":48}],"pos":2.0,"size":1.0,"_time":23.1015625},{"$id":"66","sounds":[{"d":0.00844574,"p":81,"v":44}],"pos":2.0,"size":1.0,"_time":23.296875},{"$id":"67","sounds":[{"d":3.2474556,"p":69,"v":35}],"pos":7.625,"size":1.0,"_time":23.5078125},{"$id":"68","sounds":[{"d":0.603883743,"p":81,"v":49}],"pos":2.0,"size":1.0,"_time":23.5117188},{"$id":"69","sounds":[{"d":1.42313576,"p":46,"v":45},{"d":1.41891289,"p":53,"v":36}],"pos":-2.0,"size":1.30000007,"_time":23.5117188},{"$id":"70","sounds":[{"d":3.048977,"p":57,"v":43}],"pos":-1.0,"size":1.30000007,"_time":23.7109375},{"$id":"71","sounds":[{"d":2.82938385,"p":61,"v":41}],"size":1.30000007,"_time":23.9140625},{"$id":"72","sounds":[{"d":0.206924438,"p":77,"v":49}],"pos":1.0,"size":1.0,"_time":24.109375},{"$id":"73","sounds":[{"d":0.202701569,"p":65,"v":37}],"pos":7.125,"size":1.0,"_time":24.1171875},{"$id":"74","sounds":[{"d":0.206926346,"p":77,"v":40}],"pos":1.0,"size":1.0,"_time":24.3242188},{"$id":"75","sounds":[{"d":2.01857758,"p":65,"v":44}],"pos":7.125,"size":1.0,"_time":24.3242188},{"$id":"76","sounds":[{"d":0.00422287,"p":61,"v":44}],"pos":6.625,"size":1.0,"_time":24.71875},{"$id":"77","sounds":[{"d":0.211149216,"p":73,"v":49}],"pos":-1.0,"size":1.0,"_time":24.7265625},{"$id":"78","sounds":[{"d":0.00422287,"p":65,"v":38},{"w":0.0078125,"d":1.83276558,"p":55,"v":45}],"pos":-2.0,"size":1.30000007,"_time":24.9257813},{"$id":"79","sounds":[{"d":1.820097,"p":51,"v":44}],"pos":5.375,"size":1.0,"_time":24.9296875},{"$id":"80","sounds":[{"d":0.5996609,"p":77,"v":50}],"pos":1.0,"size":1.0,"_time":24.9375},{"$id":"81","sounds":[{"d":0.1984787,"p":77,"v":42}],"pos":2.0,"size":1.0,"_time":26.3398438},{"$id":"82","sounds":[{"d":0.206924438,"p":65,"v":41}],"pos":7.125,"size":1.0,"_time":26.34375},{"$id":"83","sounds":[{"d":1.00506592,"p":76,"v":47}],"size":1.0,"_time":26.546875},{"$id":"84","sounds":[{"d":1.0219574,"p":64,"v":44}],"pos":7.0,"size":1.0,"_time":26.546875},{"$id":"85","sounds":[{"d":1.62161827,"p":45,"v":41}],"pos":4.625,"size":1.0,"_time":26.75},{"$id":"86","sounds":[{"d":1.20776749,"p":55,"v":44}],"pos":1.0,"size":1.30000007,"_time":27.1640625},{"$id":"87","sounds":[{"d":1.01773453,"p":52,"v":40}],"pos":-1.0,"size":1.30000007,"_time":27.3554688},{"$id":"88","sounds":[{"d":0.413850784,"p":72,"v":46}],"size":1.0,"_time":27.5546875},{"$id":"89","sounds":[{"d":0.4096279,"p":60,"v":39}],"pos":6.5,"size":1.0,"_time":27.5664063},{"$id":"90","sounds":[{"d":0.194255829,"p":57,"v":36}],"pos":6.125,"size":1.0,"_time":27.9609375},{"$id":"91","sounds":[{"d":0.1984787,"p":69,"v":49}],"pos":-2.0,"size":1.0,"_time":27.9726563},{"$id":"92","sounds":[{"d":0.8065872,"p":75,"v":40}],"size":1.0,"_time":28.1640625},{"$id":"93","sounds":[{"d":0.802362442,"p":63,"v":44}],"pos":6.875,"size":1.0,"_time":28.1796875},{"$id":"94","sounds":[{"d":1.61739731,"p":50,"v":36}],"pos":5.25,"size":1.0,"_time":28.375},{"$id":"95","sounds":[{"d":1.22466087,"p":57,"v":45}],"pos":-1.0,"size":1.30000007,"_time":28.7734375},{"$id":"96","sounds":[{"d":1.01773643,"p":54,"v":44}],"pos":1.0,"size":1.30000007,"_time":28.9765625},{"$id":"97","sounds":[{"d":0.401182175,"p":62,"v":45}],"pos":6.75,"size":1.0,"_time":29.1875},{"$id":"98","sounds":[{"d":0.405405045,"p":74,"v":48}],"size":1.0,"_time":29.1953125},{"$id":"99","sounds":[{"d":0.603883743,"p":72,"v":49}],"pos":1.0,"size":1.0,"_time":29.796875},{"$id":"100","sounds":[{"d":0.202701569,"p":60,"v":36}],"pos":6.5,"size":1.0,"_time":29.796875},{"$id":"101","sounds":[{"d":1.62161827,"p":43,"v":37}],"pos":4.375,"size":1.0,"_time":29.9882813},{"$id":"102","sounds":[{"d":0.00422287,"p":72,"v":48}],"pos":1.0,"size":1.0,"_time":30.0},{"$id":"103","sounds":[{"d":0.4096279,"p":60,"v":45}],"pos":6.5,"size":1.0,"_time":30.0039063},{"$id":"104","sounds":[{"d":0.1984787,"p":58,"v":36}],"pos":6.25,"size":1.0,"_time":30.3945313},{"$id":"105","sounds":[{"d":0.194255829,"p":70,"v":46}],"pos":-1.0,"size":1.0,"_time":30.4023438},{"$id":"106","sounds":[{"d":1.21621323,"p":53,"v":40}],"pos":5.625,"size":1.0,"_time":30.40625},{"$id":"107","sounds":[{"d":0.3969593,"p":77,"v":45}],"pos":2.0,"size":1.0,"_time":30.6015625},{"$id":"108","sounds":[{"d":1.01773453,"p":50,"v":36}],"pos":5.25,"size":1.0,"_time":30.6015625},{"$id":"109","sounds":[{"d":0.413850784,"p":65,"v":38}],"pos":7.125,"size":1.0,"_time":30.609375},{"$id":"110","sounds":[{"d":0.603883743,"p":69,"v":44}],"size":1.0,"_time":31.2109375},{"$id":"111","sounds":[{"d":0.595438,"p":57,"v":36}],"pos":6.125,"size":1.0,"_time":31.21875},{"$id":"112","sounds":[{"d":0.01689148,"p":69,"v":40}],"size":1.0,"_time":31.40625},{"$id":"113","sounds":[{"d":0.01689148,"p":57,"v":38}],"pos":6.125,"size":1.0,"_time":31.40625},{"$id":"114","sounds":[{"d":1.62161636,"p":48,"v":38}],"pos":-2.0,"size":1.30000007,"_time":31.6171875},{"$id":"115","sounds":[{"d":1.42313766,"p":55,"v":37}],"pos":-1.0,"size":1.30000007,"_time":31.8164063},{"$id":"116","sounds":[{"d":0.409629822,"p":67,"v":46}],"pos":1.0,"size":1.0,"_time":31.8242188},{"$id":"117","sounds":[{"d":1.20776749,"p":58,"v":41}],"size":1.30000007,"_time":32.0234375},{"$id":"118","sounds":[{"d":1.01351166,"p":52,"v":41}],"pos":-2.0,"size":1.30000007,"_time":32.2226563},{"$id":"119","sounds":[{"d":0.211147308,"p":77,"v":40}],"pos":2.0,"size":1.0,"_time":32.83203},{"$id":"120","sounds":[{"d":0.206924438,"p":74,"v":37}],"pos":8.25,"size":1.0,"_time":32.83203},{"$id":"121","sounds":[{"d":0.6081047,"p":72,"v":45}],"pos":8.0,"size":1.0,"_time":33.0273438},{"$id":"122","sounds":[{"d":0.6081085,"p":76,"v":46}],"pos":1.0,"size":1.0,"_time":33.0390625},{"$id":"123","sounds":[{"d":1.62161255,"p":45,"v":43}],"pos":-2.0,"size":1.30000007,"_time":33.234375},{"$id":"124","sounds":[{"d":1.42313385,"p":55,"v":38}],"pos":-1.0,"size":1.30000007,"_time":33.4453125},{"$id":"125","sounds":[{"d":1.21620941,"p":52,"v":37}],"pos":-2.0,"size":1.30000007,"_time":33.640625},{"$id":"126","sounds":[{"d":1.02195358,"p":60,"v":41}],"size":1.30000007,"_time":33.8515625},{"$id":"127","sounds":[{"d":0.409629822,"p":72,"v":40}],"pos":1.0,"size":1.0,"_time":34.05078},{"$id":"128","sounds":[{"d":0.409626,"p":67,"v":45}],"pos":7.375,"size":1.0,"_time":34.05078},{"$id":"129","sounds":[{"d":0.211147308,"p":64,"v":45}],"pos":7.0,"size":1.0,"_time":34.44922},{"$id":"130","sounds":[{"d":0.206924438,"p":69,"v":44}],"pos":-1.0,"size":1.0,"_time":34.4609375},{"$id":"131","sounds":[{"d":0.815029144,"p":72,"v":37}],"pos":8.0,"size":1.0,"_time":34.6484375},{"$id":"132","sounds":[{"d":0.8192558,"p":75,"v":48}],"pos":1.0,"size":1.0,"_time":34.6640625},{"$id":"133","sounds":[{"d":1.62583542,"p":50,"v":40}],"pos":-2.0,"size":1.30000007,"_time":34.85547},{"$id":"134","sounds":[{"d":1.42313385,"p":57,"v":42}],"pos":-1.0,"size":1.30000007,"_time":35.0664063},{"$id":"135","sounds":[{"d":1.21620941,"p":54,"v":43}],"pos":-2.0,"size":1.30000007,"_time":35.2578125},{"$id":"136","sounds":[{"d":0.206924438,"p":77,"v":40}],"pos":2.0,"size":1.0,"_time":35.4726563},{"$id":"137","sounds":[{"d":1.009285,"p":60,"v":41}],"size":1.30000007,"_time":35.4726563},{"$id":"138","sounds":[{"d":0.206924438,"p":72,"v":36}],"pos":8.0,"size":1.0,"_time":35.4726563},{"$id":"139","sounds":[{"d":0.401180267,"p":70,"v":36}],"pos":7.75,"size":1.0,"_time":35.6640625},{"$id":"140","sounds":[{"d":0.413848877,"p":74,"v":40}],"pos":1.0,"size":1.0,"_time":35.66797},{"$id":"141","sounds":[{"d":0.1984787,"p":72,"v":44}],"pos":1.0,"size":1.0,"_time":36.26953},{"$id":"142","sounds":[{"d":0.194255829,"p":69,"v":39}],"pos":7.625,"size":1.0,"_time":36.28125},{"$id":"143","sounds":[{"d":0.409626,"p":69,"v":42}],"pos":7.625,"size":1.0,"_time":36.4726563},{"$id":"144","sounds":[{"d":0.409626,"p":72,"v":50}],"pos":1.0,"size":1.0,"_time":36.4765625},{"$id":"145","sounds":[{"d":1.418911,"p":43,"v":35}],"pos":-2.0,"size":1.30000007,"_time":36.48828},{"$id":"146","sounds":[{"d":1.22043228,"p":53,"v":37}],"pos":-1.0,"size":1.30000007,"_time":36.6835938},{"$id":"147","sounds":[{"d":0.211147308,"p":67,"v":43}],"pos":7.375,"size":1.0,"_time":36.8789063},{"$id":"148","sounds":[{"d":0.194255829,"p":70,"v":40}],"size":1.0,"_time":36.8828125},{"$id":"149","sounds":[{"d":1.02617645,"p":50,"v":37}],"pos":-2.0,"size":1.30000007,"_time":36.88672},{"$id":"150","sounds":[{"d":0.3969574,"p":74,"v":35}],"pos":8.25,"size":1.0,"_time":37.0898438},{"$id":"151","sounds":[{"d":0.8065834,"p":58,"v":37}],"size":1.30000007,"_time":37.0898438},{"$id":"152","sounds":[{"d":0.409626,"p":77,"v":49}],"pos":2.0,"size":1.0,"_time":37.0976563},{"$id":"153","sounds":[{"d":0.401180267,"p":70,"v":44}],"pos":-1.0,"size":1.0,"_time":37.4960938},{"$id":"154","sounds":[{"d":0.3969574,"p":67,"v":44}],"pos":7.375,"size":1.0,"_time":37.5039063},{"$id":"155","sounds":[{"d":0.4138527,"p":79,"v":49}],"pos":2.0,"size":1.0,"_time":37.89453},{"$id":"156","sounds":[{"d":0.409626,"p":62,"v":45},{"w":0.00390625,"d":0.409626,"p":58,"v":45},{"w":0.00390625,"d":0.413848877,"p":48,"v":42},{"w":0.0078125,"d":0.3969574,"p":52,"v":37}],"pos":-1.5,"size":1.90000021,"_time":37.89453},{"$id":"157","sounds":[{"d":0.409626,"p":74,"v":35}],"pos":8.25,"size":1.0,"_time":37.90625},{"$id":"158","sounds":[{"d":0.202701569,"p":52,"v":42},{"w":0.00390625,"d":0.00844574,"p":48,"v":44},{"w":0.0078125,"d":0.1984787,"p":62,"v":39},{"w":0.01953125,"d":0.1984787,"p":58,"v":40}],"pos":-1.5,"size":1.90000021,"_time":38.296875},{"$id":"159","sounds":[{"d":0.202701569,"p":77,"v":48}],"pos":-1.0,"size":1.0,"_time":38.7109375},{"$id":"160","sounds":[{"d":0.202701569,"p":77,"v":48}],"pos":-1.0,"size":1.0,"_time":38.91797},{"$id":"161","sounds":[{"d":0.194255829,"p":79,"v":43}],"size":1.0,"_time":39.125},{"$id":"162","sounds":[{"d":0.1984787,"p":81,"v":45}],"pos":1.0,"size":1.0,"_time":39.3125},{"$id":"163","sounds":[{"d":0.202701569,"p":82,"v":40}],"pos":2.0,"size":1.0,"_time":39.5234375},{"$id":"164","sounds":[{"d":1.21621323,"p":57,"v":39},{"d":2.83782959,"p":69,"v":37},{"w":0.01171875,"d":1.42736053,"p":62,"v":43}],"pos":-1.0,"size":1.30000007,"_time":39.71875},{"$id":"165","sounds":[{"d":0.413848877,"p":81,"v":49}],"pos":1.0,"size":1.0,"_time":39.73047},{"$id":"166","sounds":[{"d":3.22211838,"p":46,"v":43}],"pos":9.125,"size":1.0,"_time":39.73047},{"$id":"167","sounds":[{"d":2.84205246,"p":67,"v":37}],"pos":7.375,"size":1.0,"_time":40.1289063},{"$id":"168","sounds":[{"d":0.206924438,"p":79,"v":42}],"size":1.0,"_time":40.13672},{"$id":"169","sounds":[{"d":0.409626,"p":81,"v":50}],"pos":1.0,"size":1.0,"_time":40.32422},{"$id":"170","sounds":[{"d":1.61317062,"p":65,"v":37}],"pos":7.125,"size":1.0,"_time":40.33203},{"$id":"171","sounds":[{"d":0.00422287,"p":62,"v":37}],"size":1.30000007,"_time":40.7421875},{"$id":"172","sounds":[{"d":0.1984787,"p":57,"v":39}],"pos":-1.0,"size":1.30000007,"_time":40.9375},{"$id":"173","sounds":[{"d":0.00422287,"p":46,"v":42}],"pos":4.75,"size":1.30000007,"_time":41.13672},{"$id":"174","sounds":[{"d":3.2474556,"p":55,"v":43}],"pos":-2.0,"size":1.30000007,"_time":41.1484375},{"$id":"175","sounds":[{"d":1.410469,"p":60,"v":41}],"pos":6.5,"size":1.0,"_time":41.55078},{"$id":"176","sounds":[{"d":1.21621323,"p":61,"v":36}],"pos":6.625,"size":1.0,"_time":41.7539063},{"$id":"177","sounds":[{"d":0.211147308,"p":77,"v":48}],"pos":-1.0,"size":1.0,"_time":41.9453125},{"$id":"178","sounds":[{"d":1.00928879,"p":65,"v":35}],"pos":7.125,"size":1.0,"_time":41.95703},{"$id":"179","sounds":[{"d":0.1984787,"p":77,"v":45}],"pos":-1.0,"size":1.0,"_time":42.1601563},{"$id":"180","sounds":[{"d":0.1984787,"p":79,"v":45}],"size":1.0,"_time":42.3515625},{"$id":"181","sounds":[{"d":0.00844574,"p":67,"v":40}],"pos":7.375,"size":1.0,"_time":42.359375},{"$id":"182","sounds":[{"d":0.202701569,"p":81,"v":41}],"pos":1.0,"size":1.0,"_time":42.5546875},{"$id":"183","sounds":[{"d":1.82431793,"p":69,"v":45}],"pos":7.625,"size":1.0,"_time":42.5585938},{"$id":"184","sounds":[{"d":0.206924438,"p":82,"v":40}],"pos":2.0,"size":1.0,"_time":42.7578125},{"$id":"185","sounds":[{"d":0.1984787,"p":70,"v":36}],"pos":7.75,"size":1.0,"_time":42.7734375},{"$id":"186","sounds":[{"d":0.3969574,"p":79,"v":48}],"size":1.0,"_time":42.9609375},{"$id":"187","sounds":[{"d":1.42313766,"p":45,"v":42}],"pos":4.625,"size":1.0,"_time":42.96875},{"$id":"188","sounds":[{"d":0.00844574,"p":55,"v":42},{"w":0.00390625,"d":0.401180267,"p":60,"v":37},{"w":0.0078125,"d":9.514328,"p":67,"v":36}],"pos":-2.0,"size":1.30000007,"_time":42.96875},{"$id":"189","sounds":[{"d":0.202701569,"p":77,"v":48}],"pos":-1.0,"size":1.0,"_time":43.375},{"$id":"190","sounds":[{"d":1.62583923,"p":60,"v":44}],"pos":6.5,"size":1.0,"_time":43.375},{"$id":"191","sounds":[{"d":0.409629822,"p":79,"v":49}],"size":1.0,"_time":43.58203},{"$id":"192","sounds":[{"d":0.01266861,"p":67,"v":44}],"pos":7.375,"size":1.0,"_time":43.58203},{"$id":"193","sounds":[{"d":0.01266861,"p":67,"v":35}],"pos":7.375,"size":1.0,"_time":44.1796875},{"$id":"194","sounds":[{"d":0.211147308,"p":79,"v":49}],"size":1.0,"_time":44.1875},{"$id":"195","sounds":[{"d":0.815029144,"p":65,"v":41}],"pos":7.125,"size":1.0,"_time":44.3828125},{"$id":"196","sounds":[{"d":0.6123314,"p":77,"v":48}],"pos":-1.0,"size":1.0,"_time":44.390625},{"$id":"197","sounds":[{"d":1.82431793,"p":44,"v":44}],"pos":4.5,"size":1.0,"_time":44.390625},{"$id":"198","sounds":[{"d":1.42313766,"p":56,"v":41}],"pos":6.0,"size":1.0,"_time":44.796875},{"$id":"199","sounds":[{"d":2.639351,"p":60,"v":42}],"pos":6.5,"size":1.0,"_time":45.0},{"$id":"200","sounds":[{"d":0.405403137,"p":74,"v":46}],"pos":-2.0,"size":1.0,"_time":45.1914063},{"$id":"201","sounds":[{"d":3.230568,"p":65,"v":37}],"pos":7.125,"size":1.0,"_time":45.203125},{"$id":"202","sounds":[{"d":0.00422287,"p":74,"v":50}],"pos":-2.0,"size":1.0,"_time":45.39453},{"$id":"203","sounds":[{"d":0.211147308,"p":76,"v":42}],"pos":-1.0,"size":1.0,"_time":45.60547},{"$id":"204","sounds":[{"d":0.194255829,"p":77,"v":50}],"size":1.0,"_time":45.80078},{"$id":"205","sounds":[{"d":0.00844574,"p":65,"v":35}],"pos":7.125,"size":1.0,"_time":45.80078},{"$id":"206","sounds":[{"d":0.00422287,"p":67,"v":36}],"pos":7.375,"size":1.0,"_time":46.0},{"$id":"207","sounds":[{"d":0.202701569,"p":79,"v":49}],"pos":1.0,"size":1.0,"_time":46.0039063},{"$id":"208","sounds":[{"d":1.41469193,"p":43,"v":38}],"pos":4.375,"size":1.0,"_time":46.20703},{"$id":"209","sounds":[{"d":0.00844574,"p":65,"v":36},{"w":0.0078125,"d":1.41469193,"p":53,"v":41}],"pos":-2.0,"size":1.30000007,"_time":46.20703},{"$id":"210","sounds":[{"d":0.3969574,"p":77,"v":47}],"size":1.0,"_time":46.2109375},{"$id":"211","sounds":[{"d":2.035469,"p":57,"v":39}],"pos":6.125,"size":1.0,"_time":46.4140625},{"$id":"212","sounds":[{"d":2.854725,"p":58,"v":35}],"pos":6.25,"size":1.0,"_time":46.609375},{"$id":"213","sounds":[{"d":0.1984787,"p":76,"v":40}],"pos":-1.0,"size":1.0,"_time":46.6171875},{"$id":"214","sounds":[{"d":0.00422287,"p":65,"v":44}],"pos":7.125,"size":1.0,"_time":46.8164063},{"$id":"215","sounds":[{"d":0.815032959,"p":77,"v":42}],"size":1.0,"_time":46.8203125},{"$id":"216","sounds":[{"d":0.194255829,"p":64,"v":43}],"pos":1.0,"size":1.0,"_time":47.42578},{"$id":"217","sounds":[{"d":0.8065872,"p":62,"v":37}],"size":1.0,"_time":47.6210938},{"$id":"218","sounds":[{"d":0.00422287,"p":58,"v":41},{"w":0.00390625,"d":1.82009888,"p":48,"v":38},{"w":0.00390625,"d":0.8065872,"p":53,"v":43}],"pos":-2.0,"size":1.30000007,"_time":47.625},{"$id":"219","sounds":[{"d":0.211147308,"p":76,"v":50}],"pos":1.0,"size":1.0,"_time":48.4414063},{"$id":"220","sounds":[{"d":0.00422287,"p":58,"v":41},{"d":1.01773453,"p":61,"v":43},{"d":2.419754,"p":52,"v":41}],"pos":-1.0,"size":1.30000007,"_time":48.4414063},{"$id":"221","sounds":[{"d":0.194255829,"p":76,"v":48}],"pos":1.0,"size":1.0,"_time":48.6523438},{"$id":"222","sounds":[{"d":0.5996628,"p":81,"v":40}],"pos":2.0,"size":1.0,"_time":48.8398438},{"$id":"223","sounds":[{"d":3.243229,"p":41,"v":38}],"pos":4.125,"size":1.0,"_time":49.44922},{"$id":"224","sounds":[{"d":0.5869942,"p":76,"v":48}],"pos":1.0,"size":1.0,"_time":49.4609375},{"$id":"225","sounds":[{"d":0.00422287,"p":52,"v":37}],"pos":5.5,"size":1.0,"_time":49.6523438},{"$id":"226","sounds":[{"d":0.01689148,"p":76,"v":20}],"pos":1.0,"size":1.0,"_time":49.8515625},{"$id":"227","sounds":[{"d":2.83782578,"p":57,"v":44}],"pos":6.125,"size":1.0,"_time":49.8515625},{"$id":"228","sounds":[{"d":0.401180267,"p":59,"v":44}],"pos":6.375,"size":1.0,"_time":50.0585938},{"$id":"229","sounds":[{"d":0.405403137,"p":74,"v":50}],"size":1.0,"_time":50.0664063},{"$id":"230","sounds":[{"d":0.6123314,"p":72,"v":42}],"pos":-1.0,"size":1.0,"_time":50.4609375},{"$id":"231","sounds":[{"d":2.233944,"p":60,"v":43}],"pos":6.5,"size":1.0,"_time":50.4609375},{"$id":"232","sounds":[{"d":0.8192558,"p":50,"v":41},{"d":0.00422287,"p":57,"v":41}],"pos":-2.0,"size":1.30000007,"_time":50.8671875},{"$id":"233","sounds":[{"d":0.00844574,"p":41,"v":43}],"pos":4.125,"size":1.0,"_time":50.8671875},{"$id":"234","sounds":[{"d":0.418071747,"p":62,"v":36}],"pos":6.75,"size":1.0,"_time":51.2851563},{"$id":"235","sounds":[{"d":0.401180267,"p":63,"v":36}],"pos":6.875,"size":1.0,"_time":51.67578},{"$id":"236","sounds":[{"d":0.3969574,"p":77,"v":45}],"pos":-1.0,"size":1.0,"_time":51.6835938},{"$id":"237","sounds":[{"d":1.01350784,"p":51,"v":42}],"pos":5.375,"size":1.0,"_time":51.6875},{"$id":"238","sounds":[{"d":0.00422287,"p":77,"v":43}],"pos":-1.0,"size":1.0,"_time":51.88672},{"$id":"239","sounds":[{"d":0.1984787,"p":79,"v":42}],"size":1.0,"_time":52.08203},{"$id":"240","sounds":[{"d":0.616550446,"p":63,"v":39}],"pos":6.875,"size":1.0,"_time":52.09375},{"$id":"241","sounds":[{"d":0.194255829,"p":81,"v":44}],"pos":1.0,"size":1.0,"_time":52.2851563},{"$id":"242","sounds":[{"d":1.01350784,"p":65,"v":45}],"pos":7.125,"size":1.0,"_time":52.2890625},{"$id":"243","sounds":[{"d":0.211147308,"p":82,"v":47}],"pos":2.0,"size":1.0,"_time":52.48828},{"$id":"244","sounds":[{"d":0.202701569,"p":67,"v":43}],"pos":7.375,"size":1.0,"_time":52.4921875},{"$id":"245","sounds":[{"d":0.405403137,"p":81,"v":47}],"pos":1.0,"size":1.0,"_time":52.69922},{"$id":"246","sounds":[{"d":1.41891479,"p":62,"v":42},{"w":0.0078125,"d":1.410469,"p":57,"v":35},{"w":0.0078125,"d":4.23985672,"p":69,"v":39}],"pos":-1.0,"size":1.30000007,"_time":52.69922},{"$id":"247","sounds":[{"d":3.23901367,"p":46,"v":35}],"pos":4.75,"size":1.0,"_time":52.703125},{"$id":"248","sounds":[{"d":0.206924438,"p":79,"v":45}],"size":1.0,"_time":53.10547},{"$id":"249","sounds":[{"d":4.04982376,"p":67,"v":44}],"pos":7.375,"size":1.0,"_time":53.10547},{"$id":"250","sounds":[{"d":1.62162018,"p":65,"v":38}],"pos":7.125,"size":1.0,"_time":53.30078},{"$id":"251","sounds":[{"d":0.409629822,"p":81,"v":47}],"pos":1.0,"size":1.0,"_time":53.3164063},{"$id":"252","sounds":[{"d":0.00844574,"p":62,"v":41}],"size":1.30000007,"_time":53.70703},{"$id":"253","sounds":[{"d":0.00422287,"p":57,"v":44}],"pos":-1.0,"size":1.30000007,"_time":53.91797},{"$id":"254","sounds":[{"d":1.815876,"p":55,"v":42}],"pos":-2.0,"size":1.30000007,"_time":54.11328},{"$id":"255","sounds":[{"d":0.00422287,"p":46,"v":38}],"pos":4.75,"size":1.0,"_time":54.11328},{"$id":"256","sounds":[{"d":6.279537,"p":60,"v":41}],"pos":6.5,"size":1.0,"_time":54.5273438},{"$id":"257","sounds":[{"d":1.20776749,"p":61,"v":42}],"pos":6.625,"size":1.0,"_time":54.73047},{"$id":"258","sounds":[{"d":1.0219574,"p":65,"v":36}],"pos":7.125,"size":1.0,"_time":54.92578},{"$id":"259","sounds":[{"d":0.392734528,"p":77,"v":47}],"pos":-1.0,"size":1.0,"_time":54.9335938},{"$id":"260","sounds":[{"d":0.00844574,"p":77,"v":47}],"pos":-1.0,"size":1.0,"_time":55.1289063},{"$id":"261","sounds":[{"d":0.1984787,"p":79,"v":44}],"size":1.0,"_time":55.328125},{"$id":"262","sounds":[{"d":0.00422287,"p":67,"v":35}],"pos":7.375,"size":1.0,"_time":55.33203},{"$id":"263","sounds":[{"d":0.1984787,"p":81,"v":48}],"pos":1.0,"size":1.0,"_time":55.5273438},{"$id":"264","sounds":[{"d":0.01689148,"p":69,"v":36}],"pos":7.625,"size":1.0,"_time":55.5273438},{"$id":"265","sounds":[{"d":0.194255829,"p":82,"v":43}],"pos":2.0,"size":1.0,"_time":55.73828},{"$id":"266","sounds":[{"d":0.206924438,"p":70,"v":41}],"pos":7.75,"size":1.0,"_time":55.7460938},{"$id":"267","sounds":[{"d":1.42736053,"p":55,"v":41},{"w":0.00390625,"d":0.01266861,"p":60,"v":36},{"w":0.01171875,"d":0.00422287,"p":67,"v":44}],"pos":-2.0,"size":1.30000007,"_time":55.9335938},{"$id":"268","sounds":[{"d":1.42313766,"p":45,"v":45}],"pos":4.625,"size":1.0,"_time":55.9335938},{"$id":"269","sounds":[{"d":0.1984787,"p":79,"v":45}],"size":1.0,"_time":55.9453125},{"$id":"270","sounds":[{"d":0.00422287,"p":60,"v":42}],"pos":6.5,"size":1.0,"_time":56.140625},{"$id":"271","sounds":[{"d":0.405403137,"p":77,"v":43}],"pos":-1.0,"size":1.0,"_time":56.14453},{"$id":"272","sounds":[{"d":0.00844574,"p":67,"v":37}],"pos":7.375,"size":1.0,"_time":56.546875},{"$id":"273","sounds":[{"d":0.405403137,"p":79,"v":49}],"size":1.0,"_time":56.5546875},{"$id":"274","sounds":[{"d":0.194255829,"p":81,"v":43}],"pos":1.0,"size":1.0,"_time":56.9609375},{"$id":"275","sounds":[{"d":0.409626,"p":69,"v":35}],"pos":7.625,"size":1.0,"_time":56.9609375},{"$id":"276","sounds":[{"d":1.82431412,"p":67,"v":36}],"pos":7.375,"size":1.0,"_time":57.15625},{"$id":"277","sounds":[{"d":0.603885651,"p":79,"v":41}],"size":1.0,"_time":57.16797},{"$id":"278","sounds":[{"d":0.00844574,"p":67,"v":42},{"d":0.819252,"p":56,"v":36},{"w":0.01171875,"d":0.00422287,"p":60,"v":44}],"pos":-2.0,"size":1.30000007,"_time":57.3515625},{"$id":"279","sounds":[{"d":0.00844574,"p":79,"v":46}],"size":1.0,"_time":57.36328},{"$id":"280","sounds":[{"d":1.81586838,"p":44,"v":35}],"pos":4.5,"size":1.0,"_time":57.36328},{"$id":"281","sounds":[{"d":1.41046524,"p":65,"v":42}],"pos":7.125,"size":1.0,"_time":57.765625},{"$id":"282","sounds":[{"d":0.3969574,"p":77,"v":44}],"pos":-1.0,"size":1.0,"_time":57.76953},{"$id":"283","sounds":[{"d":0.413848877,"p":62,"v":43}],"pos":6.75,"size":1.0,"_time":58.1640625},{"$id":"284","sounds":[{"d":1.009285,"p":53,"v":39}],"pos":5.625,"size":1.0,"_time":58.1640625},{"$id":"285","sounds":[{"d":0.409629822,"p":74,"v":44}],"pos":-2.0,"size":1.0,"_time":58.16797},{"$id":"286","sounds":[{"d":1.41468811,"p":58,"v":37}],"pos":6.25,"size":1.0,"_time":58.171875},{"$id":"287","sounds":[{"d":0.00844574,"p":74,"v":40}],"pos":-2.0,"size":1.0,"_time":58.3710938},{"$id":"288","sounds":[{"d":0.202701569,"p":64,"v":35}],"pos":7.0,"size":1.0,"_time":58.57422},{"$id":"289","sounds":[{"d":0.211147308,"p":76,"v":48}],"pos":-1.0,"size":1.0,"_time":58.578125},{"$id":"290","sounds":[{"d":0.00422287,"p":65,"v":41}],"pos":7.125,"size":1.0,"_time":58.7734375},{"$id":"291","sounds":[{"d":0.202701569,"p":77,"v":43}],"size":1.0,"_time":58.7851563},{"$id":"292","sounds":[{"d":0.211147308,"p":79,"v":40}],"pos":1.0,"size":1.0,"_time":58.9765625},{"$id":"293","sounds":[{"d":1.83276367,"p":67,"v":39}],"pos":7.375,"size":1.0,"_time":58.9921875},{"$id":"294","sounds":[{"d":0.413848877,"p":77,"v":45}],"size":1.0,"_time":59.17578},{"$id":"295","sounds":[{"d":1.42313766,"p":43,"v":45}],"pos":4.375,"size":1.0,"_time":59.1835938},{"$id":"296","sounds":[{"d":0.6081047,"p":65,"v":37},{"d":1.62161636,"p":53,"v":38}],"pos":-2.0,"size":1.30000007,"_time":59.1835938},{"$id":"297","sounds":[{"d":1.41469193,"p":57,"v":36}],"pos":6.125,"size":1.0,"_time":59.3828125},{"$id":"298","sounds":[{"d":1.224659,"p":58,"v":44}],"pos":6.25,"size":1.0,"_time":59.5859375},{"$id":"299","sounds":[{"d":0.1984787,"p":76,"v":43}],"pos":-1.0,"size":1.0,"_time":59.5898438},{"$id":"300","sounds":[{"d":0.6123314,"p":77,"v":40}],"size":1.0,"_time":59.7890625},{"$id":"301","sounds":[{"d":1.00506592,"p":65,"v":43}],"pos":7.125,"size":1.0,"_time":59.79297},{"$id":"302","sounds":[{"d":0.206924438,"p":64,"v":37}],"pos":7.0,"size":1.0,"_time":60.4023438},{"$id":"303","sounds":[{"d":0.01266861,"p":53,"v":41},{"w":0.01171875,"d":0.00422287,"p":58,"v":37},{"w":0.015625,"d":0.194255829,"p":48,"v":44},{"w":0.015625,"d":0.1984787,"p":62,"v":37}],"pos":-1.5,"size":1.90000021,"_time":60.59375},{"$id":"304","sounds":[{"d":0.603885651,"p":81,"v":46}],"pos":1.0,"size":1.0,"_time":61.203125},{"$id":"305","sounds":[{"d":1.21199036,"p":53,"v":45},{"d":1.2204361,"p":48,"v":44},{"w":0.0078125,"d":1.21621323,"p":62,"v":42},{"w":0.0078125,"d":1.2204361,"p":58,"v":40}],"pos":-1.5,"size":1.90000021,"_time":61.20703},{"$id":"306","sounds":[{"d":1.21199036,"p":69,"v":39}],"pos":7.625,"size":1.0,"_time":61.2109375},{"$id":"307","sounds":[{"d":0.1984787,"p":74,"v":41}],"pos":-1.0,"size":1.0,"_time":61.8164063},{"$id":"308","sounds":[{"d":0.206924438,"p":76,"v":41}],"size":1.0,"_time":62.01953},{"$id":"309","sounds":[{"d":1.82009888,"p":77,"v":40}],"pos":1.0,"size":1.0,"_time":62.2226563},{"$id":"310","sounds":[{"d":1.41468811,"p":53,"v":41}],"pos":-2.0,"size":1.30000007,"_time":62.4335938},{"$id":"311","sounds":[{"d":1.21198654,"p":57,"v":39}],"pos":-1.0,"size":1.30000007,"_time":62.625},{"$id":"312","sounds":[{"d":0.802360535,"p":64,"v":43}],"size":1.30000007,"_time":63.0273438},{"$id":"313","sounds":[{"d":0.413848877,"p":67,"v":44}],"pos":2.0,"size":1.30000007,"_time":63.4335938},{"$id":"314","sounds":[{"d":1.83276749,"p":51,"v":44}],"pos":-2.0,"size":1.30000007,"_time":63.8476563},{"$id":"315","sounds":[{"d":1.8327713,"p":65,"v":39}],"pos":1.0,"size":1.30000007,"_time":63.8515625},{"$id":"316","sounds":[{"d":1.41468811,"p":55,"v":38}],"pos":-1.0,"size":1.30000007,"_time":64.25},{"$id":"317","sounds":[{"d":1.00506592,"p":62,"v":37}],"size":1.30000007,"_time":64.66016},{"$id":"318","sounds":[{"d":0.603889465,"p":72,"v":41}],"pos":2.0,"size":1.30000007,"_time":65.06641},{"$id":"319","sounds":[{"d":1.414711,"p":53,"v":38}],"pos":-2.0,"size":1.30000007,"_time":65.66797},{"$id":"320","sounds":[{"d":1.20777893,"p":57,"v":36}],"pos":-1.0,"size":1.30000007,"_time":65.87891},{"$id":"321","sounds":[{"d":0.6123352,"p":64,"v":43}],"size":1.30000007,"_time":66.27344},{"$id":"322","sounds":[{"d":0.603889465,"p":72,"v":35}],"pos":2.0,"size":1.30000007,"_time":66.47656},{"$id":"323","sounds":[{"d":0.405410767,"p":69,"v":39}],"pos":1.0,"size":1.30000007,"_time":66.6875},{"$id":"324","sounds":[{"d":0.211158752,"p":64,"v":41}],"size":1.30000007,"_time":66.88672},{"$id":"325","sounds":[{"d":0.202705383,"p":65,"v":43}],"pos":1.0,"size":1.30000007,"_time":67.09375},{"$id":"326","sounds":[{"d":0.202705383,"p":62,"v":44},{"d":0.202705383,"p":51,"v":38},{"d":0.202705383,"p":55,"v":37}],"pos":-1.5,"size":1.90000021,"_time":67.09375},{"$id":"327","sounds":[{"d":1.21920013,"p":55,"v":45},{"d":1.20661163,"p":51,"v":36},{"w":0.00390625,"d":1.21077728,"p":60,"v":42}],"pos":-1.5,"size":1.90000021,"_time":67.69922},{"$id":"328","sounds":[{"d":0.411071777,"p":64,"v":44}],"pos":1.0,"size":1.0,"_time":68.921875},{"$id":"329","sounds":[{"d":0.205535889,"p":62,"v":39}],"size":1.0,"_time":69.32031},{"$id":"330","sounds":[{"d":0.4110794,"p":64,"v":40}],"pos":1.0,"size":1.0,"_time":69.52344},{"$id":"331","sounds":[{"d":0.197151184,"p":57,"v":43}],"pos":6.125,"size":1.0,"_time":69.921875},{"$id":"332","sounds":[{"d":0.008392334,"p":64,"v":35}],"size":1.0,"_time":69.92578},{"$id":"333","sounds":[{"d":0.3984909,"p":55,"v":38}],"pos":5.875,"size":1.0,"_time":70.32422},{"$id":"334","sounds":[{"d":0.411071777,"p":62,"v":44}],"pos":-2.0,"size":1.0,"_time":70.33203},{"$id":"335","sounds":[{"d":0.201339722,"p":60,"v":43}],"pos":-1.0,"size":1.0,"_time":71.13281},{"$id":"336","sounds":[{"d":0.197151184,"p":60,"v":35}],"pos":-1.0,"size":1.0,"_time":71.33203},{"$id":"337","sounds":[{"d":0.209732056,"p":62,"v":35}],"size":1.0,"_time":71.53906},{"$id":"338","sounds":[{"d":0.201339722,"p":64,"v":44}],"pos":1.0,"size":1.0,"_time":71.73047},{"$id":"339","sounds":[{"d":0.192955017,"p":65,"v":35}],"pos":2.0,"size":1.0,"_time":71.92969},{"$id":"340","sounds":[{"d":0.411071777,"p":64,"v":45}],"pos":1.0,"size":1.0,"_time":72.140625},{"$id":"341","sounds":[{"d":0.201347351,"p":62,"v":42}],"size":1.0,"_time":72.74609},{"$id":"342","sounds":[{"d":0.205543518,"p":64,"v":36}],"pos":1.0,"size":1.0,"_time":72.94141},{"$id":"343","sounds":[{"d":0.394294739,"p":60,"v":38}],"pos":-1.0,"size":1.0,"_time":73.14844},{"$id":"344","sounds":[{"d":1.812088,"p":54,"v":35},{"w":0.00390625,"d":1.80369568,"p":50,"v":45}],"pos":-2.0,"size":1.30000007,"_time":73.54297},{"$id":"345","sounds":[{"d":1.82048035,"p":63,"v":45}],"size":1.0,"_time":73.54297},{"$id":"346","sounds":[{"d":1.40520477,"p":60,"v":40}],"pos":-1.0,"size":1.30000007,"_time":73.94141},{"$id":"347","sounds":[{"d":1.00671387,"p":70,"v":42}],"pos":1.0,"size":1.30000007,"_time":74.33594},{"$id":"348","sounds":[{"d":0.201339722,"p":72,"v":42}],"pos":2.0,"size":1.0,"_time":74.74219},{"$id":"349","sounds":[{"d":1.0151062,"p":72,"v":38}],"pos":2.0,"size":1.0,"_time":74.94922},{"$id":"350","sounds":[{"d":0.004196167,"p":72,"v":38}],"pos":2.0,"size":1.0,"_time":75.14844},{"$id":"351","sounds":[{"d":3.21729279,"p":43,"v":39}],"pos":4.375,"size":1.0,"_time":75.34766},{"$id":"352","sounds":[{"d":4.622505,"p":53,"v":44}],"pos":-2.0,"size":1.30000007,"_time":75.34766},{"$id":"353","sounds":[{"d":0.004196167,"p":72,"v":37}],"pos":2.0,"size":1.0,"_time":75.35156},{"$id":"354","sounds":[{"d":3.81292725,"p":69,"v":43}],"pos":7.625,"size":1.0,"_time":75.35547},{"$id":"355","sounds":[{"d":3.0201416,"p":57,"v":45}],"pos":-1.0,"size":1.30000007,"_time":75.55078},{"$id":"356","sounds":[{"d":2.82719421,"p":58,"v":42}],"size":1.30000007,"_time":75.75},{"$id":"357","sounds":[{"d":0.0125808716,"p":69,"v":37}],"pos":1.0,"size":1.0,"_time":75.953125},{"$id":"358","sounds":[{"d":2.613266,"p":65,"v":40}],"pos":7.125,"size":1.0,"_time":75.96094},{"$id":"359","sounds":[{"d":2.214775,"p":62,"v":40}],"pos":-1.0,"size":1.0,"_time":76.359375},{"$id":"360","sounds":[{"d":0.0125808716,"p":65,"v":42}],"size":1.0,"_time":76.75391},{"$id":"361","sounds":[{"d":0.197151184,"p":72,"v":40}],"pos":2.0,"size":1.0,"_time":77.96094},{"$id":"362","sounds":[{"d":0.197151184,"p":72,"v":37}],"pos":2.0,"size":1.0,"_time":78.17578},{"$id":"363","sounds":[{"d":0.004196167,"p":72,"v":42}],"pos":2.0,"size":1.0,"_time":78.36719},{"$id":"364","sounds":[{"d":0.008392334,"p":53,"v":44}],"pos":-2.0,"size":1.30000007,"_time":78.56641},{"$id":"365","sounds":[{"d":0.004196167,"p":69,"v":35}],"pos":7.625,"size":1.0,"_time":78.57031},{"$id":"366","sounds":[{"d":0.608222961,"p":72,"v":45}],"pos":2.0,"size":1.0,"_time":78.57422},{"$id":"367","sounds":[{"d":1.40101624,"p":46,"v":44}],"pos":4.75,"size":1.0,"_time":78.58203},{"$id":"368","sounds":[{"d":3.01902771,"p":57,"v":43}],"pos":-1.0,"size":1.30000007,"_time":78.765625},{"$id":"369","sounds":[{"d":0.8095703,"p":61,"v":38}],"size":1.30000007,"_time":78.96875},{"$id":"370","sounds":[{"d":0.209739685,"p":65,"v":38}],"pos":7.125,"size":1.0,"_time":79.17578},{"$id":"371","sounds":[{"d":0.201347351,"p":69,"v":36}],"pos":1.0,"size":1.0,"_time":79.18359},{"$id":"372","sounds":[{"d":0.004196167,"p":69,"v":40}],"pos":1.0,"size":1.0,"_time":79.37891},{"$id":"373","sounds":[{"d":0.004196167,"p":65,"v":43}],"pos":7.125,"size":1.0,"_time":79.38281},{"$id":"374","sounds":[{"d":0.192947388,"p":70,"v":37}],"size":1.0,"_time":79.57422},{"$id":"375","sounds":[{"d":0.104866028,"p":69,"v":36}],"pos":-1.0,"size":1.0,"_time":79.77344},{"$id":"376","sounds":[{"d":2.00811768,"p":61,"v":38}],"pos":6.625,"size":1.0,"_time":79.77734},{"$id":"377","sounds":[{"d":0.104873657,"p":70,"v":43}],"pos":1.0,"size":1.0,"_time":79.87891},{"$id":"378","sounds":[{"d":1.80680084,"p":69,"v":42}],"pos":-1.0,"size":1.0,"_time":79.97656},{"$id":"379","sounds":[{"d":1.80257416,"p":51,"v":39}],"pos":5.375,"size":1.0,"_time":79.984375},{"$id":"380","sounds":[{"d":1.59004974,"p":65,"v":36}],"pos":7.125,"size":1.0,"_time":79.98828},{"$id":"381","sounds":[{"d":1.810852,"p":55,"v":43}],"pos":5.875,"size":1.0,"_time":79.99219},{"$id":"382","sounds":[{"d":0.008331299,"p":65,"v":35}],"pos":2.0,"size":1.0,"_time":81.38281},{"$id":"383","sounds":[{"d":1.60416412,"p":64,"v":44}],"size":1.0,"_time":81.58594},{"$id":"384","sounds":[{"d":1.60832977,"p":45,"v":36}],"pos":4.625,"size":1.0,"_time":81.78516},{"$id":"385","sounds":[{"d":1.191658,"p":55,"v":44}],"pos":1.0,"size":1.30000007,"_time":82.19922},{"$id":"386","sounds":[{"d":0.9999924,"p":52,"v":40}],"pos":-1.0,"size":1.30000007,"_time":82.39453},{"$id":"387","sounds":[{"d":0.395835876,"p":60,"v":41}],"size":1.0,"_time":82.59375},{"$id":"388","sounds":[{"d":0.4083252,"p":57,"v":35}],"pos":-2.0,"size":1.0,"_time":82.98828},{"$id":"389","sounds":[{"d":1.004158,"p":63,"v":45}],"size":1.0,"_time":83.19531},{"$id":"390","sounds":[{"d":1.59999084,"p":50,"v":36}],"pos":5.25,"size":1.0,"_time":83.390625},{"$id":"391","sounds":[{"d":1.2041626,"p":57,"v":41}],"pos":-1.0,"size":1.30000007,"_time":83.78516},{"$id":"392","sounds":[{"d":0.9958267,"p":54,"v":40}],"pos":1.0,"size":1.30000007,"_time":83.98828},{"$id":"393","sounds":[{"d":0.199996948,"p":62,"v":40}],"size":1.0,"_time":84.1875},{"$id":"394","sounds":[{"d":0.5833359,"p":60,"v":37}],"pos":6.5,"size":1.0,"_time":84.39844},{"$id":"395","sounds":[{"d":0.0124969482,"p":60,"v":41}],"pos":1.0,"size":1.0,"_time":84.78125},{"$id":"396","sounds":[{"d":1.59999084,"p":43,"v":38}],"pos":4.375,"size":1.0,"_time":84.98047},{"$id":"397","sounds":[{"d":1.59165955,"p":60,"v":36}],"pos":1.0,"size":1.0,"_time":84.99219},{"$id":"398","sounds":[{"d":1.19582367,"p":58,"v":36}],"pos":-1.0,"size":1.0,"_time":85.39844},{"$id":"399","sounds":[{"d":1.204155,"p":53,"v":38}],"pos":5.625,"size":1.0,"_time":85.39844},{"$id":"400","sounds":[{"d":1.004158,"p":50,"v":43}],"pos":5.25,"size":1.0,"_time":85.58594},{"$id":"401","sounds":[{"d":1.004158,"p":65,"v":40}],"pos":2.0,"size":1.0,"_time":85.59375},{"$id":"402","sounds":[{"d":0.199996948,"p":57,"v":35}],"size":1.0,"_time":86.19531},{"$id":"403","sounds":[{"d":0.395828247,"p":57,"v":36}],"size":1.0,"_time":86.39453},{"$id":"404","sounds":[{"d":1.59998322,"p":48,"v":35}],"pos":-2.0,"size":1.30000007,"_time":86.58594},{"$id":"405","sounds":[{"d":1.40831757,"p":55,"v":39}],"pos":-1.0,"size":1.30000007,"_time":86.78516},{"$id":"406","sounds":[{"d":1.191658,"p":58,"v":36}],"size":1.30000007,"_time":86.984375},{"$id":"407","sounds":[{"d":1.00832367,"p":52,"v":37}],"pos":-1.0,"size":1.30000007,"_time":87.1875},{"$id":"408","sounds":[{"d":0.199996948,"p":74,"v":45}],"pos":2.0,"size":1.0,"_time":87.78125},{"$id":"409","sounds":[{"d":0.591659546,"p":72,"v":38}],"pos":1.0,"size":1.0,"_time":87.98047},{"$id":"410","sounds":[{"d":0.2041626,"p":45,"v":37},{"w":0.0078125,"d":0.1958313,"p":60,"v":43},{"w":0.01171875,"d":0.208335876,"p":55,"v":43}],"pos":-1.0,"size":1.90000021,"_time":88.1875},{"$id":"411","sounds":[{"d":0.191665649,"p":55,"v":35},{"w":0.00390625,"d":0.1958313,"p":60,"v":45},{"w":0.0078125,"d":0.2041626,"p":45,"v":43}],"pos":-1.0,"size":1.90000021,"_time":88.58594},{"$id":"412","sounds":[{"d":0.391670227,"p":67,"v":44}],"pos":1.0,"size":1.0,"_time":88.98047},{"$id":"413","sounds":[{"d":0.204170227,"p":55,"v":35},{"d":0.6000061,"p":45,"v":41},{"d":0.791671753,"p":60,"v":38}],"pos":-1.0,"size":1.90000021,"_time":88.984375},{"$id":"414","sounds":[{"d":0.00416564941,"p":45,"v":44},{"d":0.008331299,"p":60,"v":37},{"w":0.00390625,"d":0.404167175,"p":55,"v":35}],"pos":-1.0,"size":1.90000021,"_time":89.1875},{"$id":"415","sounds":[{"d":0.1958313,"p":64,"v":45}],"size":1.0,"_time":89.39453},{"$id":"416","sounds":[{"d":0.795822144,"p":72,"v":35}],"pos":1.0,"size":1.0,"_time":89.58203},{"$id":"417","sounds":[{"d":0.2041626,"p":44,"v":35},{"w":0.00390625,"d":0.008331299,"p":60,"v":41},{"w":0.01171875,"d":0.2041626,"p":54,"v":45}],"pos":-1.5,"size":1.90000021,"_time":89.58203},{"$id":"418","sounds":[{"d":0.199996948,"p":44,"v":35},{"d":0.191665649,"p":60,"v":40},{"w":0.0078125,"d":0.191665649,"p":54,"v":36}],"pos":-1.5,"size":1.90000021,"_time":89.98047},{"$id":"419","sounds":[{"d":0.208328247,"p":72,"v":38}],"pos":2.0,"size":1.0,"_time":90.38672},{"$id":"420","sounds":[{"d":0.2041626,"p":44,"v":41},{"w":0.00390625,"d":0.208328247,"p":60,"v":41},{"w":0.01171875,"d":0.208328247,"p":54,"v":40}],"pos":-1.5,"size":1.90000021,"_time":90.38672},{"$id":"421","sounds":[{"d":0.4083252,"p":70,"v":43}],"pos":1.0,"size":1.0,"_time":90.59375},{"$id":"422","sounds":[{"d":0.191665649,"p":54,"v":39},{"w":0.00390625,"d":0.191665649,"p":60,"v":35},{"w":0.015625,"d":0.2041626,"p":44,"v":42}],"pos":-1.5,"size":1.90000021,"_time":90.78125},{"$id":"423","sounds":[{"d":0.0208358765,"p":44,"v":43},{"w":0.01171875,"d":0.395828247,"p":60,"v":35},{"w":0.015625,"d":0.404159546,"p":54,"v":36}],"pos":-1.5,"size":1.90000021,"_time":90.98047},{"$id":"424","sounds":[{"d":0.1958313,"p":69,"v":45}],"size":1.0,"_time":90.984375},{"$id":"425","sounds":[{"d":0.591659546,"p":69,"v":39}],"size":1.0,"_time":91.19531},{"$id":"426","sounds":[{"d":0.1958313,"p":60,"v":39},{"d":0.1958313,"p":43,"v":44},{"w":0.00390625,"d":0.883323669,"p":53,"v":40}],"pos":-1.0,"size":1.90000021,"_time":91.58984},{"$id":"427","sounds":[{"d":0.395828247,"p":58,"v":43},{"w":0.00390625,"d":0.00416564941,"p":53,"v":43},{"w":0.00390625,"d":0.3999939,"p":43,"v":36}],"pos":-2.0,"size":1.90000021,"_time":91.78516},{"$id":"428","sounds":[{"d":0.199996948,"p":77,"v":44}],"size":1.0,"_time":91.78516},{"$id":"429","sounds":[{"d":0.499992371,"p":81,"v":38}],"pos":1.0,"size":1.0,"_time":91.984375},{"$id":"430","sounds":[{"d":0.008331299,"p":53,"v":42},{"w":0.01171875,"d":0.295829773,"p":60,"v":41},{"w":0.01953125,"d":0.5874939,"p":43,"v":40}],"pos":-1.0,"size":1.90000021,"_time":92.17969},{"$id":"431","sounds":[{"d":0.008331299,"p":43,"v":38},{"w":0.00390625,"d":0.304161072,"p":58,"v":36},{"w":0.00390625,"d":0.299995422,"p":53,"v":41}],"pos":-2.0,"size":1.90000021,"_time":92.484375},{"$id":"432","sounds":[{"d":0.299995422,"p":77,"v":38}],"size":1.0,"_time":92.49219},{"$id":"433","sounds":[{"d":0.404159546,"p":62,"v":40},{"d":0.008331299,"p":58,"v":42},{"w":0.00390625,"d":0.395828247,"p":53,"v":41},{"w":0.00390625,"d":0.3999939,"p":48,"v":38}],"size":1.90000021,"_time":92.78516},{"$id":"434","sounds":[{"d":0.3999939,"p":84,"v":45}],"pos":2.0,"size":1.0,"_time":92.78906},{"$id":"435","sounds":[{"d":0.199996948,"p":65,"v":39}],"pos":-1.0,"size":1.0,"_time":93.58203},{"$id":"436","sounds":[{"d":0.2025299,"p":65,"v":40}],"pos":-1.0,"size":1.0,"_time":93.78125},{"$id":"437","sounds":[{"d":0.211151123,"p":67,"v":45}],"size":1.0,"_time":93.99609},{"$id":"438","sounds":[{"d":0.202705383,"p":69,"v":41}],"pos":1.0,"size":1.0,"_time":94.19922},{"$id":"439","sounds":[{"d":0.1984787,"p":70,"v":38}],"pos":2.0,"size":1.0,"_time":94.39453},{"$id":"440","sounds":[{"d":2.83362579,"p":69,"v":45}],"pos":1.0,"size":1.0,"_time":94.59375},{"$id":"441","sounds":[{"d":1.42314148,"p":46,"v":44},{"w":0.0078125,"d":1.01351166,"p":62,"v":36},{"w":0.0078125,"d":1.21199036,"p":57,"v":44}],"pos":-1.0,"size":1.30000007,"_time":94.59375},{"$id":"442","sounds":[{"d":2.233963,"p":67,"v":44}],"pos":1.0,"size":1.0,"_time":95.00391},{"$id":"443","sounds":[{"d":2.6224823,"p":65,"v":41}],"size":1.0,"_time":95.21875},{"$id":"444","sounds":[{"d":0.3969574,"p":62,"v":39}],"size":1.30000007,"_time":95.61328},{"$id":"445","sounds":[{"d":0.202713013,"p":57,"v":36}],"pos":-1.0,"size":1.30000007,"_time":95.82031},{"$id":"446","sounds":[{"d":1.82434082,"p":46,"v":38}],"pos":4.75,"size":1.0,"_time":96.01953},{"$id":"447","sounds":[{"d":3.22636414,"p":55,"v":38}],"pos":-2.0,"size":1.30000007,"_time":96.02344},{"$id":"448","sounds":[{"d":1.42315674,"p":60,"v":37}],"pos":6.0,"size":1.0,"_time":96.421875},{"$id":"449","sounds":[{"d":1.21622467,"p":61,"v":39}],"pos":6.625,"size":1.0,"_time":96.625},{"$id":"450","sounds":[{"d":0.0126724243,"p":65,"v":42}],"pos":-1.0,"size":1.0,"_time":96.83203},{"$id":"451","sounds":[{"d":0.6165695,"p":67,"v":41}],"size":1.0,"_time":97.23828},{"$id":"452","sounds":[{"d":1.82433319,"p":69,"v":35}],"pos":1.0,"size":1.0,"_time":97.42969},{"$id":"453","sounds":[{"d":0.202705383,"p":70,"v":45}],"pos":2.0,"size":1.0,"_time":97.640625},{"$id":"454","sounds":[{"d":0.0211181641,"p":55,"v":35},{"w":0.0078125,"d":4.645302,"p":60,"v":36},{"w":0.01171875,"d":1.42314911,"p":45,"v":42}],"pos":-2.0,"size":1.30000007,"_time":97.83594},{"$id":"455","sounds":[{"d":0.01689148,"p":67,"v":36}],"size":1.0,"_time":97.83984},{"$id":"456","sounds":[{"d":0.0126724243,"p":60,"v":35}],"pos":-1.0,"size":1.0,"_time":98.24609},{"$id":"457","sounds":[{"d":8.914749,"p":67,"v":37}],"size":1.0,"_time":98.45703},{"$id":"458","sounds":[{"d":0.00422668457,"p":67,"v":43}],"size":1.0,"_time":99.05469},{"$id":"459","sounds":[{"d":0.8108139,"p":65,"v":45}],"pos":-1.0,"size":1.0,"_time":99.25781},{"$id":"460","sounds":[{"d":1.81588745,"p":44,"v":38}],"pos":4.5,"size":1.0,"_time":99.25781},{"$id":"461","sounds":[{"d":1.41047668,"p":56,"v":35}],"pos":5.5,"size":1.0,"_time":99.66016},{"$id":"462","sounds":[{"d":0.0126724243,"p":60,"v":36}],"pos":6.5,"size":1.0,"_time":99.86328},{"$id":"463","sounds":[{"d":3.23059845,"p":65,"v":36}],"size":1.0,"_time":100.082031},{"$id":"464","sounds":[{"d":0.00422668457,"p":65,"v":42}],"size":1.0,"_time":100.679688},{"$id":"465","sounds":[{"d":0.00422668457,"p":67,"v":42}],"pos":1.0,"size":1.0,"_time":100.875},{"$id":"466","sounds":[{"d":2.23819733,"p":53,"v":39}],"pos":5.625,"size":1.0,"_time":101.078125},{"$id":"467","sounds":[{"d":1.41470337,"p":43,"v":35}],"pos":4.375,"size":1.0,"_time":101.082031},{"$id":"468","sounds":[{"d":0.00422668457,"p":65,"v":45}],"size":1.0,"_time":101.089844},{"$id":"469","sounds":[{"d":2.02703857,"p":57,"v":39}],"pos":6.125,"size":1.0,"_time":101.285156},{"$id":"470","sounds":[{"d":1.81166077,"p":58,"v":44}],"pos":-1.0,"size":1.0,"_time":101.496094},{"$id":"471","sounds":[{"d":0.00422668457,"p":65,"v":44}],"size":1.0,"_time":101.691406},{"$id":"472","sounds":[{"d":0.198486328,"p":64,"v":45}],"pos":2.0,"size":1.0,"_time":102.304688},{"$id":"473","sounds":[{"d":1.82855988,"p":48,"v":38},{"d":0.0211257935,"p":58,"v":45},{"w":0.00390625,"d":0.00422668457,"p":53,"v":42}],"pos":-1.5,"size":1.90000021,"_time":102.496094},{"$id":"474","sounds":[{"d":0.8150406,"p":62,"v":44}],"pos":1.0,"size":1.0,"_time":102.511719},{"$id":"475","sounds":[{"d":1.21200562,"p":52,"v":36},{"w":0.00390625,"d":1.01351929,"p":61,"v":43},{"w":0.00390625,"d":1.01351929,"p":58,"v":41}],"pos":-0.5,"size":1.90000021,"_time":103.308594},{"$id":"476","sounds":[{"d":1.41047668,"p":41,"v":37}],"pos":-2.0,"size":1.30000007,"_time":104.324219},{"$id":"477","sounds":[{"d":1.211998,"p":52,"v":40}],"pos":-1.0,"size":1.30000007,"_time":104.539063},{"$id":"478","sounds":[{"d":1.01351929,"p":57,"v":36}],"size":1.30000007,"_time":104.726563},{"$id":"479","sounds":[{"d":0.1984787,"p":64,"v":37}],"pos":2.0,"size":1.0,"_time":104.738281},{"$id":"480","sounds":[{"d":0.409629822,"p":62,"v":43}],"pos":1.0,"size":1.0,"_time":104.929688},{"$id":"481","sounds":[{"d":2.22551727,"p":60,"v":36}],"size":1.0,"_time":105.335938},{"$id":"482","sounds":[{"d":0.819259644,"p":50,"v":39}],"pos":5.25,"size":1.0,"_time":105.742188},{"$id":"483","sounds":[{"d":1.8285675,"p":57,"v":38}],"pos":-2.0,"size":1.0,"_time":105.75},{"$id":"484","sounds":[{"d":1.82011414,"p":41,"v":44}],"pos":4.125,"size":1.0,"_time":105.753906},{"$id":"485","sounds":[{"d":0.409629822,"p":62,"v":42}],"size":1.0,"_time":106.148438},{"$id":"486","sounds":[{"d":0.405403137,"p":63,"v":42}],"pos":-1.0,"size":1.0,"_time":106.558594},{"$id":"487","sounds":[{"d":1.0177536,"p":51,"v":40}],"pos":5.375,"size":1.0,"_time":106.558594},{"$id":"488","sounds":[{"d":0.5996704,"p":63,"v":44}],"pos":-1.0,"size":1.0,"_time":106.964844},{"$id":"489","sounds":[{"d":3.66136932,"p":65,"v":44}],"size":1.0,"_time":107.160156},{"$id":"490","sounds":[{"d":0.00422668457,"p":67,"v":44}],"pos":1.0,"size":1.0,"_time":107.367188},{"$id":"491","sounds":[{"d":2.84208679,"p":69,"v":35}],"pos":2.0,"size":1.0,"_time":107.570313},{"$id":"492","sounds":[{"d":1.41893,"p":62,"v":43},{"w":0.00390625,"d":1.41047668,"p":57,"v":40}],"pos":-1.0,"size":1.30000007,"_time":107.574219},{"$id":"493","sounds":[{"d":1.42737579,"p":46,"v":36}],"pos":4.75,"size":1.0,"_time":107.578125},{"$id":"494","sounds":[{"d":2.229744,"p":67,"v":37}],"pos":1.0,"size":1.0,"_time":107.976563},{"$id":"495","sounds":[{"d":0.00422668457,"p":65,"v":41}],"size":1.0,"_time":108.171875},{"$id":"496","sounds":[{"d":0.00422668457,"p":62,"v":37}],"size":1.30000007,"_time":108.589844},{"$id":"497","sounds":[{"d":0.00844574,"p":57,"v":44}],"pos":-1.0,"size":1.30000007,"_time":108.78125},{"$id":"498","sounds":[{"d":0.0211181641,"p":46,"v":45}],"pos":4.75,"size":1.0,"_time":108.984375},{"$id":"499","sounds":[{"d":1.81589508,"p":55,"v":36}],"pos":-2.0,"size":1.30000007,"_time":108.996094},{"$id":"500","sounds":[{"d":1.427391,"p":60,"v":45}],"pos":6.5,"size":1.0,"_time":109.398438},{"$id":"501","sounds":[{"d":1.21201324,"p":61,"v":39}],"pos":6.625,"size":1.0,"_time":109.605469},{"$id":"502","sounds":[{"d":0.00422668457,"p":65,"v":37}],"pos":-1.0,"size":1.0,"_time":109.800781},{"$id":"503","sounds":[{"d":3.63179016,"p":67,"v":36}],"size":1.0,"_time":110.21875},{"$id":"504","sounds":[{"d":1.42738342,"p":69,"v":44}],"pos":1.0,"size":1.0,"_time":110.417969},{"$id":"505","sounds":[{"d":0.211158752,"p":70,"v":38}],"pos":2.0,"size":1.0,"_time":110.605469},{"$id":"506","sounds":[{"d":0.01689148,"p":60,"v":43},{"w":0.01171875,"d":1.41470337,"p":55,"v":37}],"pos":-2.0,"size":1.30000007,"_time":110.808594},{"$id":"507","sounds":[{"d":1.42737579,"p":45,"v":45}],"pos":4.625,"size":1.0,"_time":110.820313},{"$id":"508","sounds":[{"d":0.00422668457,"p":67,"v":39}],"size":1.0,"_time":110.824219},{"$id":"509","sounds":[{"d":6.87928,"p":60,"v":36}],"pos":-1.0,"size":1.0,"_time":111.023438},{"$id":"510","sounds":[{"d":0.00844574,"p":67,"v":36}],"pos":1.0,"size":1.0,"_time":111.425781},{"$id":"511","sounds":[{"d":0.01689148,"p":69,"v":38}],"pos":2.0,"size":1.0,"_time":111.832031},{"$id":"512","sounds":[{"d":0.00422668457,"p":67,"v":44}],"pos":1.0,"size":1.0,"_time":112.023438},{"$id":"513","sounds":[{"d":1.82855988,"p":44,"v":37}],"pos":4.5,"size":1.0,"_time":112.230469},{"$id":"514","sounds":[{"d":0.00422668457,"p":67,"v":40}],"pos":1.0,"size":1.0,"_time":112.230469},{"$id":"515","sounds":[{"d":0.0168991089,"p":60,"v":43},{"d":0.819259644,"p":56,"v":39}],"pos":-1.0,"size":1.30000007,"_time":112.230469},{"$id":"516","sounds":[{"d":1.01773834,"p":65,"v":42}],"size":1.0,"_time":112.636719},{"$id":"517","sounds":[{"d":0.405410767,"p":62,"v":40}],"pos":-2.0,"size":1.0,"_time":113.042969},{"$id":"518","sounds":[{"d":1.414711,"p":58,"v":35}],"pos":6.0,"size":1.0,"_time":113.042969},{"$id":"519","sounds":[{"d":2.42823029,"p":53,"v":45}],"pos":5.0,"size":1.0,"_time":113.042969},{"$id":"520","sounds":[{"d":0.202705383,"p":64,"v":41}],"pos":-1.0,"size":1.0,"_time":113.445313},{"$id":"521","sounds":[{"d":0.401184082,"p":65,"v":39}],"size":1.0,"_time":113.65625},{"$id":"522","sounds":[{"d":3.24325562,"p":67,"v":45}],"pos":1.0,"size":1.0,"_time":113.847656},{"$id":"523","sounds":[{"d":0.0126724243,"p":53,"v":39}],"pos":-2.0,"size":1.30000007,"_time":114.050781},{"$id":"524","sounds":[{"d":1.41893768,"p":43,"v":35}],"pos":4.375,"size":1.0,"_time":114.054688},{"$id":"525","sounds":[{"d":3.23059082,"p":65,"v":36}],"size":1.0,"_time":114.058594},{"$id":"526","sounds":[{"d":3.04901886,"p":57,"v":44}],"pos":-1.0,"size":1.30000007,"_time":114.261719},{"$id":"527","sounds":[{"d":2.83786,"p":58,"v":37}],"size":1.30000007,"_time":114.464844},{"$id":"528","sounds":[{"d":0.0126724243,"p":65,"v":37}],"pos":1.0,"size":1.0,"_time":114.660156},{"$id":"529","sounds":[{"d":0.194259644,"p":64,"v":44}],"pos":2.0,"size":1.0,"_time":115.273438},{"$id":"530","sounds":[{"d":1.82010651,"p":53,"v":44},{"d":1.82010651,"p":48,"v":37},{"w":0.01171875,"d":0.00422668457,"p":58,"v":40}],"pos":-1.0,"size":1.30000007,"_time":115.46875},{"$id":"531","sounds":[{"d":1.83279419,"p":62,"v":42}],"pos":1.0,"size":1.0,"_time":115.484375},{"$id":"532","sounds":[{"d":0.00422668457,"p":62,"v":43}],"pos":-1.0,"size":1.0,"_time":116.292969},{"$id":"533","sounds":[{"d":0.1984787,"p":64,"v":37}],"size":1.0,"_time":116.6875},{"$id":"534","sounds":[{"d":0.00422668457,"p":65,"v":39}],"pos":1.0,"size":1.0,"_time":116.890625},{"$id":"535","sounds":[{"d":0.211166382,"p":67,"v":36}],"pos":2.0,"size":1.0,"_time":117.097656},{"$id":"536","sounds":[{"d":1.427414,"p":45,"v":43}],"pos":4.625,"size":1.0,"_time":117.292969},{"$id":"537","sounds":[{"d":1.41473389,"p":63,"v":41},{"w":0.00390625,"d":0.00422668457,"p":60,"v":35},{"w":0.00390625,"d":0.4011917,"p":55,"v":40}],"pos":-1.0,"size":1.30000007,"_time":117.300781},{"$id":"538","sounds":[{"d":0.00422668457,"p":67,"v":45}],"pos":2.0,"size":1.0,"_time":117.304688},{"$id":"539","sounds":[{"d":0.198486328,"p":66,"v":37}],"size":1.0,"_time":117.703125},{"$id":"540","sounds":[{"d":1.01354218,"p":55,"v":39}],"pos":5.875,"size":1.0,"_time":117.703125},{"$id":"541","sounds":[{"d":0.00422668457,"p":63,"v":45},{"w":0.00390625,"d":0.8066101,"p":60,"v":37}],"pos":-1.0,"size":1.30000007,"_time":117.910156},{"$id":"542","sounds":[{"d":0.4138565,"p":67,"v":36}],"pos":2.0,"size":1.0,"_time":117.917969},{"$id":"543","sounds":[{"d":0.211158752,"p":69,"v":45}],"pos":2.0,"size":1.0,"_time":118.3125},{"$id":"544","sounds":[{"d":0.4054184,"p":51,"v":39}],"pos":5.375,"size":1.0,"_time":118.316406},{"$id":"545","sounds":[{"d":0.2069397,"p":67,"v":37}],"pos":1.0,"size":1.0,"_time":118.519531},{"$id":"546","sounds":[{"d":1.00507355,"p":50,"v":35}],"pos":5.25,"size":1.0,"_time":118.726563},{"$id":"547","sounds":[{"d":1.00930023,"p":66,"v":39}],"size":1.0,"_time":118.726563},{"$id":"548","sounds":[{"d":0.409629822,"p":57,"v":37},{"d":1.00084686,"p":60,"v":42}],"pos":-2.0,"size":1.30000007,"_time":118.730469},{"$id":"549","sounds":[{"d":0.810829163,"p":69,"v":35}],"pos":-1.0,"size":1.0,"_time":119.121094},{"$id":"550","sounds":[{"d":0.01689148,"p":57,"v":43}],"pos":6.125,"size":1.0,"_time":119.125},{"$id":"551","sounds":[{"d":0.0126724243,"p":60,"v":38}],"pos":6.5,"size":1.0,"_time":119.320313},{"$id":"552","sounds":[{"d":0.00844574,"p":66,"v":36}],"pos":7.25,"size":1.0,"_time":119.527344},{"$id":"553","sounds":[{"d":0.6081314,"p":72,"v":35}],"pos":2.0,"size":1.0,"_time":119.542969},{"$id":"554","sounds":[{"d":0.401199341,"p":50,"v":35},{"d":0.405426025,"p":60,"v":37},{"w":0.00390625,"d":0.396972656,"p":57,"v":35}],"pos":-2.0,"size":1.30000007,"_time":119.734375},{"$id":"555","sounds":[{"d":0.194259644,"p":67,"v":37}],"size":1.0,"_time":119.746094},{"$id":"556","sounds":[{"d":0.211158752,"p":69,"v":37}],"pos":1.0,"size":1.0,"_time":119.945313},{"$id":"557","sounds":[{"d":0.405410767,"p":49,"v":42},{"w":0.00390625,"d":0.401184082,"p":59,"v":41},{"w":0.0078125,"d":0.409629822,"p":53,"v":36}],"pos":-2.0,"size":1.30000007,"_time":120.132813},{"$id":"558","sounds":[{"d":0.409637451,"p":63,"v":42}],"size":1.0,"_time":120.132813},{"$id":"559","sounds":[{"d":2.84629059,"p":71,"v":39}],"pos":2.0,"size":1.0,"_time":120.539063},{"$id":"560","sounds":[{"d":1.21199036,"p":59,"v":42},{"d":1.41891479,"p":64,"v":39}],"pos":-1.0,"size":1.30000007,"_time":120.542969},{"$id":"561","sounds":[{"d":3.23903656,"p":48,"v":43}],"pos":5.0,"size":1.0,"_time":120.550781},{"$id":"562","sounds":[{"d":2.83362579,"p":69,"v":35}],"pos":1.0,"size":1.0,"_time":120.953125},{"$id":"563","sounds":[{"d":1.61740112,"p":67,"v":41}],"size":1.0,"_time":121.160156},{"$id":"564","sounds":[{"d":0.00422668457,"p":64,"v":39}],"size":1.30000007,"_time":121.558594},{"$id":"565","sounds":[{"d":0.211151123,"p":59,"v":43}],"pos":-1.0,"size":1.30000007,"_time":121.753906},{"$id":"566","sounds":[{"d":0.00844574,"p":48,"v":42}],"pos":5.0,"size":1.0,"_time":121.957031},{"$id":"567","sounds":[{"d":3.24749756,"p":57,"v":40}],"pos":-2.0,"size":1.30000007,"_time":121.964844},{"$id":"568","sounds":[{"d":1.80323792,"p":62,"v":39}],"pos":6.75,"size":1.0,"_time":122.378906},{"$id":"569","sounds":[{"d":1.21622467,"p":63,"v":42}],"pos":6.875,"size":1.0,"_time":122.566406},{"$id":"570","sounds":[{"d":0.01689148,"p":62,"v":45}],"pos":6.75,"size":1.0,"_time":122.769531},{"$id":"571","sounds":[{"d":1.01353455,"p":67,"v":35}],"pos":-1.0,"size":1.0,"_time":122.785156},{"$id":"572","sounds":[{"d":0.00844574,"p":69,"v":45}],"size":1.0,"_time":123.183594},{"$id":"573","sounds":[{"d":1.82012177,"p":71,"v":39}],"pos":1.0,"size":1.0,"_time":123.390625},{"$id":"574","sounds":[{"d":0.198493958,"p":72,"v":42}],"pos":2.0,"size":1.0,"_time":123.59375},{"$id":"575","sounds":[{"d":0.00844574,"p":62,"v":37},{"w":0.0078125,"d":0.00844574,"p":57,"v":42}],"pos":-2.0,"size":1.30000007,"_time":123.78125},{"$id":"576","sounds":[{"d":3.032135,"p":69,"v":35}],"size":1.0,"_time":123.785156},{"$id":"577","sounds":[{"d":1.41893,"p":47,"v":44}],"pos":4.875,"size":1.0,"_time":123.796875},{"$id":"578","sounds":[{"d":1.63008118,"p":62,"v":37}],"pos":-1.0,"size":1.0,"_time":124.191406},{"$id":"579","sounds":[{"d":0.00422668457,"p":69,"v":39}],"size":1.0,"_time":124.398438},{"$id":"580","sounds":[{"d":0.202713013,"p":66,"v":41}],"pos":-1.0,"size":1.0,"_time":125.015625},{"$id":"581","sounds":[{"d":0.00422668457,"p":69,"v":42}],"size":1.0,"_time":125.199219},{"$id":"582","sounds":[{"d":1.82436371,"p":50,"v":40},{"w":0.00390625,"d":1.81591034,"p":46,"v":42}],"pos":-2.0,"size":1.30000007,"_time":125.214844},{"$id":"583","sounds":[{"d":1.6005249,"p":67,"v":42}],"pos":-1.0,"size":1.0,"_time":125.421875},{"$id":"584","sounds":[{"d":1.410492,"p":55,"v":39}],"pos":5.875,"size":1.0,"_time":125.609375},{"$id":"585","sounds":[{"d":2.643631,"p":62,"v":40}],"pos":6.75,"size":1.0,"_time":125.824219},{"$id":"586","sounds":[{"d":0.401184082,"p":64,"v":45}],"pos":-2.0,"size":1.0,"_time":126.015625},{"$id":"587","sounds":[{"d":1.00930786,"p":60,"v":36}],"pos":6.5,"size":1.0,"_time":126.019531},{"$id":"588","sounds":[{"d":0.202705383,"p":66,"v":40}],"pos":-1.0,"size":1.0,"_time":126.429688},{"$id":"589","sounds":[{"d":0.01689148,"p":67,"v":41}],"size":1.0,"_time":126.625},{"$id":"590","sounds":[{"d":6.47812653,"p":69,"v":43}],"pos":1.0,"size":1.0,"_time":126.835938},{"$id":"591","sounds":[{"d":1.82858276,"p":67,"v":43}],"size":1.0,"_time":127.023438},{"$id":"592","sounds":[{"d":1.42738342,"p":45,"v":44}],"pos":4.625,"size":1.0,"_time":127.039063},{"$id":"593","sounds":[{"d":1.41893,"p":55,"v":43}],"pos":-2.0,"size":1.30000007,"_time":127.039063},{"$id":"594","sounds":[{"d":2.027069,"p":59,"v":42}],"pos":-1.0,"size":1.30000007,"_time":127.226563},{"$id":"595","sounds":[{"d":1.00505829,"p":60,"v":40}],"size":1.30000007,"_time":127.429688},{"$id":"596","sounds":[{"d":0.00844574,"p":67,"v":36}],"pos":1.0,"size":1.0,"_time":127.632813},{"$id":"597","sounds":[{"d":0.2069397,"p":66,"v":37}],"size":1.0,"_time":128.2461},{"$id":"598","sounds":[{"d":0.806625366,"p":60,"v":42},{"w":0.00390625,"d":0.815078735,"p":64,"v":38},{"w":0.01171875,"d":0.815078735,"p":55,"v":43}],"pos":-2.0,"size":1.30000007,"_time":128.445313},{"$id":"599","sounds":[{"d":0.008453369,"p":67,"v":38}],"pos":1.0,"size":1.0,"_time":128.445313},{"$id":"600","sounds":[{"d":1.828598,"p":50,"v":40}],"pos":5.25,"size":1.0,"_time":128.449219},{"$id":"601","sounds":[{"d":1.41471863,"p":66,"v":37}],"size":1.0,"_time":128.863281},{"$id":"602","sounds":[{"d":1.017746,"p":63,"v":45},{"w":0.00390625,"d":1.01351929,"p":60,"v":39},{"w":0.0078125,"d":2.4155426,"p":54,"v":42}],"pos":-1.0,"size":1.30000007,"_time":129.261719},{"$id":"603","sounds":[{"d":0.603881836,"p":71,"v":35}],"pos":2.0,"size":1.0,"_time":129.660156},{"$id":"604","sounds":[{"d":3.24749756,"p":43,"v":42}],"pos":-2.0,"size":1.30000007,"_time":130.277344},{"$id":"605","sounds":[{"d":1.42736816,"p":66,"v":39}],"pos":1.0,"size":1.0,"_time":130.28125},{"$id":"606","sounds":[{"d":0.00422668457,"p":54,"v":41}],"pos":-1.0,"size":1.30000007,"_time":130.480469},{"$id":"607","sounds":[{"d":1.0092926,"p":59,"v":41}],"size":1.30000007,"_time":130.675781},{"$id":"608","sounds":[{"d":0.4096222,"p":61,"v":44}],"pos":1.0,"size":1.30000007,"_time":130.875},{"$id":"609","sounds":[{"d":2.22129822,"p":62,"v":47}],"size":1.0,"_time":131.289063},{"$id":"610","sounds":[{"d":0.00422668457,"p":43,"v":40}],"pos":4.375,"size":1.0,"_time":131.695313},{"$id":"611","sounds":[{"d":0.802368164,"p":52,"v":35}],"pos":5.5,"size":1.0,"_time":131.699219},{"$id":"612","sounds":[{"d":3.0447998,"p":59,"v":45}],"pos":-2.0,"size":1.0,"_time":131.699219},{"$id":"613","sounds":[{"d":0.409637451,"p":64,"v":42}],"pos":1.0,"size":1.0,"_time":132.101563},{"$id":"614","sounds":[{"d":1.01776123,"p":53,"v":37}],"pos":5.625,"size":1.0,"_time":132.4961},{"$id":"615","sounds":[{"d":0.3969574,"p":65,"v":37}],"pos":-1.0,"size":1.0,"_time":132.507813},{"$id":"616","sounds":[{"d":0.616577148,"p":65,"v":37}],"pos":-1.0,"size":1.0,"_time":132.910156},{"$id":"617","sounds":[{"d":3.03215027,"p":67,"v":43}],"size":1.0,"_time":133.109375},{"$id":"618","sounds":[{"d":0.211166382,"p":69,"v":41}],"pos":1.0,"size":1.0,"_time":133.3125},{"$id":"619","sounds":[{"d":3.24754333,"p":48,"v":42}],"pos":5.0,"size":1.0,"_time":133.515625},{"$id":"620","sounds":[{"d":2.833664,"p":71,"v":43}],"pos":2.0,"size":1.0,"_time":133.519531},{"$id":"621","sounds":[{"d":0.008453369,"p":59,"v":38},{"w":0.00390625,"d":1.013504,"p":64,"v":35}],"pos":-1.0,"size":1.30000007,"_time":133.523438},{"$id":"622","sounds":[{"d":1.81590271,"p":69,"v":38}],"pos":1.0,"size":1.0,"_time":133.921875},{"$id":"623","sounds":[{"d":0.00422668457,"p":67,"v":40}],"size":1.0,"_time":134.1211},{"$id":"624","sounds":[{"d":0.0126647949,"p":64,"v":40}],"size":1.30000007,"_time":134.527344},{"$id":"625","sounds":[{"d":0.008453369,"p":59,"v":37}],"pos":-1.0,"size":1.30000007,"_time":134.734375},{"$id":"626","sounds":[{"d":0.008453369,"p":48,"v":39}],"pos":5.0,"size":1.0,"_time":134.929688},{"$id":"627","sounds":[{"d":0.00422668457,"p":71,"v":35}],"pos":2.0,"size":1.0,"_time":134.9414},{"$id":"628","sounds":[{"d":3.234848,"p":57,"v":45}],"pos":-2.0,"size":1.30000007,"_time":134.945313},{"$id":"629","sounds":[{"d":0.008453369,"p":69,"v":40}],"pos":1.0,"size":1.0,"_time":135.136719},{"$id":"630","sounds":[{"d":1.41473389,"p":62,"v":39}],"pos":6.75,"size":1.0,"_time":135.335938},{"$id":"631","sounds":[{"d":1.22471619,"p":63,"v":37}],"pos":6.875,"size":1.0,"_time":135.539063},{"$id":"632","sounds":[{"d":1.01777649,"p":69,"v":42}],"pos":7.625,"size":1.0,"_time":135.742188},{"$id":"633","sounds":[{"d":0.198486328,"p":74,"v":39}],"pos":2.0,"size":1.0,"_time":135.7461},{"$id":"634","sounds":[{"d":0.202713013,"p":74,"v":45}],"pos":2.0,"size":1.0,"_time":135.960938},{"$id":"635","sounds":[{"d":0.612350464,"p":67,"v":36}],"pos":7.375,"size":1.0,"_time":136.144531},{"$id":"636","sounds":[{"d":0.198486328,"p":72,"v":40}],"pos":1.0,"size":1.0,"_time":136.160156},{"$id":"637","sounds":[{"d":1.41893,"p":71,"v":40}],"size":1.0,"_time":136.363281},{"$id":"638","sounds":[{"d":0.198486328,"p":72,"v":42}],"pos":1.0,"size":1.0,"_time":136.550781},{"$id":"639","sounds":[{"d":0.396972656,"p":62,"v":41},{"d":0.0211181641,"p":57,"v":40}],"pos":-2.0,"size":1.4000001,"_time":136.757813},{"$id":"640","sounds":[{"d":0.6081085,"p":69,"v":39}],"size":1.0,"_time":136.761719},{"$id":"641","sounds":[{"d":1.42735291,"p":47,"v":43}],"pos":4.875,"size":1.0,"_time":136.765625},{"$id":"642","sounds":[{"d":1.013504,"p":62,"v":42}],"pos":-1.0,"size":1.0,"_time":137.167969},{"$id":"643","sounds":[{"d":2.432434,"p":69,"v":45}],"size":1.0,"_time":137.3711},{"$id":"644","sounds":[{"d":0.401184082,"p":71,"v":36}],"pos":2.0,"size":1.0,"_time":137.78125},{"$id":"645","sounds":[{"d":1.83279419,"p":46,"v":41}],"pos":4.75,"size":1.0,"_time":138.171875},{"$id":"646","sounds":[{"d":0.8108063,"p":58,"v":41},{"w":0.01171875,"d":3.4599762,"p":62,"v":43}],"pos":-1.0,"size":1.30000007,"_time":138.171875},{"$id":"647","sounds":[{"d":0.0126647949,"p":69,"v":35}],"pos":1.0,"size":1.0,"_time":138.175781},{"$id":"648","sounds":[{"d":1.017746,"p":67,"v":41}],"size":1.0,"_time":138.585938},{"$id":"649","sounds":[{"d":1.41471863,"p":60,"v":42}],"pos":6.0,"size":1.0,"_time":138.988281},{"$id":"650","sounds":[{"d":2.63215637,"p":55,"v":43}],"pos":7.0,"size":1.0,"_time":138.992188},{"$id":"651","sounds":[{"d":0.401184082,"p":64,"v":43}],"pos":-2.0,"size":1.0,"_time":138.9961},{"$id":"652","sounds":[{"d":0.202713013,"p":66,"v":40}],"pos":-1.0,"size":1.0,"_time":139.390625},{"$id":"653","sounds":[{"d":0.0126647949,"p":67,"v":42}],"size":1.0,"_time":139.59375},{"$id":"654","sounds":[{"d":1.82984924,"p":69,"v":44}],"pos":1.0,"size":1.0,"_time":139.804688},{"$id":"655","sounds":[{"d":0.008453369,"p":55,"v":39}],"pos":-2.0,"size":1.30000007,"_time":140.0},{"$id":"656","sounds":[{"d":1.42301941,"p":45,"v":40}],"pos":4.625,"size":1.0,"_time":140.0039},{"$id":"657","sounds":[{"d":1.62290955,"p":67,"v":36}],"size":1.0,"_time":140.011719},{"$id":"658","sounds":[{"d":1.42861938,"p":59,"v":43}],"pos":-1.0,"size":1.30000007,"_time":140.199219},{"$id":"659","sounds":[{"d":1.221695,"p":60,"v":42}],"size":1.30000007,"_time":140.40625},{"$id":"660","sounds":[{"d":0.01689148,"p":67,"v":40}],"pos":1.0,"size":1.0,"_time":140.609375},{"$id":"661","sounds":[{"d":0.8162842,"p":71,"v":44}],"pos":-1.0,"size":1.0,"_time":140.8125},{"$id":"662","sounds":[{"d":0.2040863,"p":72,"v":39}],"size":1.0,"_time":141.015625},{"$id":"663","sounds":[{"d":0.4081726,"p":74,"v":39}],"pos":1.0,"size":1.0,"_time":141.226563},{"$id":"664","sounds":[{"d":0.2040863,"p":76,"v":45}],"pos":2.0,"size":1.0,"_time":141.421875},{"$id":"665","sounds":[{"d":0.0127563477,"p":55,"v":37},{"d":0.004257202,"p":60,"v":36},{"w":0.00390625,"d":0.2040863,"p":64,"v":43},{"w":0.0078125,"d":0.2040863,"p":50,"v":45}],"pos":-1.5,"size":1.90000021,"_time":141.421875},{"$id":"666","sounds":[{"d":1.22450256,"p":50,"v":39},{"w":0.0078125,"d":1.22024536,"p":55,"v":45},{"w":0.0078125,"d":1.22450256,"p":64,"v":38},{"w":0.0078125,"d":1.22450256,"p":60,"v":37}],"pos":-1.5,"size":1.90000021,"_time":142.042969},{"$id":"667","sounds":[{"d":1.22024536,"p":71,"v":41}],"pos":1.0,"size":1.0,"_time":142.046875},{"$id":"668","sounds":[{"d":1.42007446,"p":55,"v":38}],"pos":-2.0,"size":1.30000007,"_time":149.804688},{"$id":"669","sounds":[{"d":1.21598816,"p":59,"v":39}],"pos":-1.0,"size":1.30000007,"_time":150.007813},{"$id":"670","sounds":[{"d":0.820587158,"p":66,"v":41}],"size":1.30000007,"_time":150.417969},{"$id":"671","sounds":[{"d":0.4039154,"p":69,"v":39}],"pos":2.0,"size":1.30000007,"_time":150.8125},{"$id":"672","sounds":[{"d":1.84524536,"p":67,"v":44}],"pos":1.0,"size":1.30000007,"_time":151.222656},{"$id":"673","sounds":[{"d":1.84524536,"p":53,"v":40}],"pos":-2.0,"size":1.30000007,"_time":151.230469},{"$id":"674","sounds":[{"d":1.4200592,"p":57,"v":41}],"pos":-1.0,"size":1.30000007,"_time":151.636719},{"$id":"675","sounds":[{"d":1.0246582,"p":64,"v":44}],"size":1.30000007,"_time":152.039063},{"$id":"676","sounds":[{"d":0.620758057,"p":74,"v":40}],"pos":2.0,"size":1.30000007,"_time":152.449219}],"links":[{"notes":[{"$ref":"171"},{"$ref":"172"},{"$ref":"174"}]},{"notes":[{"$ref":"69"},{"$ref":"70"},{"$ref":"71"}]},{"notes":[{"$ref":"54"},{"$ref":"55"},{"$ref":"56"}]},{"notes":[{"$ref":"252"},{"$ref":"253"},{"$ref":"254"}]},{"notes":[{"$ref":"352"},{"$ref":"355"},{"$ref":"356"}]},{"notes":[{"$ref":"364"},{"$ref":"368"},{"$ref":"369"}]},{"notes":[{"$ref":"444"},{"$ref":"445"},{"$ref":"447"}]},{"notes":[{"$ref":"476"},{"$ref":"477"},{"$ref":"478"}]},{"notes":[{"$ref":"496"},{"$ref":"497"},{"$ref":"499"}]},{"notes":[{"$ref":"564"},{"$ref":"565"},{"$ref":"567"}]},{"notes":[{"$ref":"624"},{"$ref":"625"},{"$ref":"628"}]}]}