{"speed":12.0,"notes":[{"$id":"1","sounds":[{"d":0.333806753,"p":72,"v":93}],"pos":-1.0,"size":1.0,"_time":1.0234375},{"$id":"2","sounds":[{"d":0.681818,"p":67,"v":70},{"d":0.681818,"p":65,"v":69}],"pos":-2.0,"size":1.30000007,"_time":1.35546875},{"$id":"3","sounds":[{"d":0.681818,"p":79,"v":90}],"size":1.0,"_time":1.35546875},{"$id":"4","sounds":[{"d":0.681818,"p":53,"v":72}],"pos":10.0,"size":1.0,"_time":1.35546875},{"$id":"5","sounds":[{"d":0.553977251,"p":79,"v":89}],"size":1.0,"_time":2.0390625},{"$id":"6","sounds":[{"d":0.4616475,"p":81,"v":90}],"pos":1.0,"size":1.0,"_time":2.59375},{"$id":"7","sounds":[{"d":0.454545259,"p":69,"v":67}],"pos":7.625,"size":1.0,"_time":2.59765625},{"$id":"8","sounds":[{"d":0.3551135,"p":53,"v":67}],"pos":-2.0,"size":1.0,"_time":3.0546875},{"$id":"9","sounds":[{"d":0.333806753,"p":65,"v":68}],"pos":-1.0,"size":1.0,"_time":3.41015625},{"$id":"10","sounds":[{"d":0.333806753,"p":72,"v":91}],"size":1.0,"_time":3.7421875},{"$id":"11","sounds":[{"d":0.6889205,"p":79,"v":89}],"pos":1.0,"size":1.0,"_time":4.078125},{"$id":"12","sounds":[{"d":0.6889205,"p":72,"v":72},{"d":0.6889205,"p":75,"v":73},{"w":0.00390625,"d":0.681818,"p":67,"v":70}],"pos":-1.0,"size":1.30000007,"_time":4.078125},{"$id":"13","sounds":[{"d":0.6889205,"p":57,"v":69}],"pos":6.125,"size":1.0,"_time":4.078125},{"$id":"14","sounds":[{"d":0.553977,"p":69,"v":70}],"pos":7.625,"size":1.0,"_time":4.765625},{"$id":"15","sounds":[{"d":0.553977,"p":51,"v":68}],"pos":5.375,"size":1.0,"_time":4.765625},{"$id":"16","sounds":[{"d":0.553977,"p":84,"v":100}],"pos":2.0,"size":1.0,"_time":4.765625},{"$id":"17","sounds":[{"d":0.46875,"p":50,"v":67}],"pos":5.25,"size":1.0,"_time":5.3203125},{"$id":"18","sounds":[{"d":0.46875,"p":74,"v":72},{"d":0.46875,"p":66,"v":68}],"pos":7.5,"size":1.30000007,"_time":5.3203125},{"$id":"19","sounds":[{"d":0.4616475,"p":81,"v":92}],"pos":1.0,"size":1.0,"_time":5.328125},{"$id":"20","sounds":[{"d":0.3338065,"p":50,"v":73}],"pos":5.25,"size":1.0,"_time":5.7890625},{"$id":"21","sounds":[{"d":0.340909,"p":72,"v":70}],"pos":6.5,"size":1.0,"_time":6.12109375},{"$id":"22","sounds":[{"d":0.213068008,"p":81,"v":93}],"size":1.0,"_time":6.46484375},{"$id":"23","sounds":[{"d":0.127841,"p":82,"v":91}],"pos":2.0,"size":1.0,"_time":6.67578125},{"$id":"24","sounds":[{"d":0.340909,"p":69,"v":73},{"d":0.340909,"p":65,"v":67}],"pos":3.5,"size":1.30000007,"_time":6.8046875},{"$id":"25","sounds":[{"d":0.340909,"p":81,"v":89}],"size":1.0,"_time":6.8046875},{"$id":"26","sounds":[{"d":0.3267045,"p":55,"v":70}],"pos":5.875,"size":1.0,"_time":6.81640625},{"$id":"27","sounds":[{"d":0.2201705,"p":77,"v":92}],"pos":1.0,"size":1.0,"_time":7.14453125},{"$id":"28","sounds":[{"d":0.127841,"p":77,"v":92}],"pos":1.0,"size":1.0,"_time":7.36328125},{"$id":"29","sounds":[{"d":0.205966,"p":72,"v":69}],"pos":-1.0,"size":1.0,"_time":7.4921875},{"$id":"30","sounds":[{"d":0.340909,"p":74,"v":90}],"size":1.0,"_time":7.69921875},{"$id":"31","sounds":[{"d":0.134943008,"p":79,"v":88}],"pos":1.0,"size":1.0,"_time":8.0390625},{"$id":"32","sounds":[{"d":0.213068008,"p":67,"v":67},{"w":0.0078125,"d":0.205966,"p":57,"v":73}],"pos":5.5,"size":1.30000007,"_time":8.175781},{"$id":"33","sounds":[{"d":0.46875,"p":81,"v":91}],"pos":2.0,"size":1.0,"_time":8.386719},{"$id":"34","sounds":[{"d":0.220170021,"p":69,"v":73}],"pos":5.5,"size":1.0,"_time":8.855469},{"$id":"35","sounds":[{"d":0.120738983,"p":72,"v":68}],"pos":-2.0,"size":1.0,"_time":9.078125},{"$id":"36","sounds":[{"d":0.205966,"p":57,"v":72}],"pos":6.125,"size":1.0,"_time":9.199219},{"$id":"37","sounds":[{"d":0.205966,"p":81,"v":88}],"size":1.0,"_time":9.199219},{"$id":"38","sounds":[{"d":0.127841,"p":82,"v":89}],"pos":2.0,"size":1.0,"_time":9.402344},{"$id":"39","sounds":[{"d":0.340909,"p":69,"v":72},{"w":0.0078125,"d":0.333807,"p":65,"v":71}],"pos":5.0,"size":1.30000007,"_time":9.53125},{"$id":"40","sounds":[{"d":0.333807,"p":58,"v":67}],"pos":6.25,"size":1.0,"_time":9.5390625},{"$id":"41","sounds":[{"d":0.333807,"p":81,"v":87}],"size":1.0,"_time":9.5390625},{"$id":"42","sounds":[{"d":0.213068008,"p":65,"v":68}],"pos":7.125,"size":1.0,"_time":9.871094},{"$id":"43","sounds":[{"d":0.205966,"p":77,"v":93}],"pos":1.0,"size":1.0,"_time":9.878906},{"$id":"44","sounds":[{"d":0.134943008,"p":77,"v":89}],"pos":1.0,"size":1.0,"_time":10.0859375},{"$id":"45","sounds":[{"d":0.213068008,"p":72,"v":70}],"pos":-1.0,"size":1.0,"_time":10.21875},{"$id":"46","sounds":[{"d":0.340909,"p":74,"v":87}],"size":1.0,"_time":10.4335938},{"$id":"47","sounds":[{"d":0.120738983,"p":79,"v":91}],"pos":1.0,"size":1.0,"_time":10.7734375},{"$id":"48","sounds":[{"d":0.561079,"p":48,"v":72}],"pos":5.0,"size":1.0,"_time":10.8945313},{"$id":"49","sounds":[{"d":0.553977,"p":70,"v":70},{"d":0.553977,"p":60,"v":69}],"pos":8.0,"size":1.30000007,"_time":10.9023438},{"$id":"50","sounds":[{"d":0.546875,"p":84,"v":79}],"pos":2.0,"size":1.0,"_time":10.9101563},{"$id":"51","sounds":[{"d":0.46875,"p":81,"v":91}],"pos":1.0,"size":1.0,"_time":11.4570313},{"$id":"52","sounds":[{"d":0.333807,"p":77,"v":91}],"size":1.0,"_time":11.9257813},{"$id":"53","sounds":[{"d":0.561079,"p":65,"v":82},{"w":0.0078125,"d":0.553977,"p":69,"v":83}],"pos":-1.0,"size":1.30000007,"_time":12.2578125},{"$id":"54","sounds":[{"d":0.553977,"p":53,"v":68}],"pos":5.625,"size":1.0,"_time":12.265625},{"$id":"55","sounds":[{"d":0.546875,"p":41,"v":68}],"pos":4.125,"size":1.0,"_time":12.2734375},{"$id":"56","sounds":[{"d":0.461648,"p":72,"v":77}],"pos":-2.0,"size":1.0,"_time":12.8203125},{"$id":"57","sounds":[{"d":0.561079,"p":72,"v":82},{"d":0.561079,"p":67,"v":80}],"pos":-1.0,"size":1.30000007,"_time":13.28125},{"$id":"58","sounds":[{"d":0.553977,"p":63,"v":77}],"pos":6.875,"size":1.0,"_time":13.2890625},{"$id":"59","sounds":[{"d":0.553977,"p":84,"v":100}],"pos":2.0,"size":1.0,"_time":13.2890625},{"$id":"60","sounds":[{"d":0.120738983,"p":67,"v":89}],"pos":-2.0,"size":1.0,"_time":13.84375},{"$id":"61","sounds":[{"d":0.227272987,"p":72,"v":87}],"pos":-1.0,"size":1.0,"_time":13.9648438},{"$id":"62","sounds":[{"d":0.120738983,"p":79,"v":92}],"pos":1.0,"size":1.0,"_time":14.1914063},{"$id":"63","sounds":[{"d":0.340909,"p":84,"v":100}],"pos":2.0,"size":1.0,"_time":14.3125},{"$id":"64","sounds":[{"d":0.333807,"p":82,"v":87}],"pos":1.0,"size":1.0,"_time":14.6523438},{"$id":"65","sounds":[{"d":0.348011017,"p":62,"v":83},{"d":0.348011017,"p":65,"v":80},{"w":0.015625,"d":0.333807,"p":69,"v":78}],"pos":-2.0,"size":1.30000007,"_time":14.984375},{"$id":"66","sounds":[{"d":0.348011017,"p":58,"v":71}],"pos":6.25,"size":1.0,"_time":14.984375},{"$id":"67","sounds":[{"d":0.340909,"p":81,"v":89}],"size":1.0,"_time":14.9921875},{"$id":"68","sounds":[{"d":0.220170021,"p":82,"v":91}],"pos":1.0,"size":1.0,"_time":15.3320313},{"$id":"69","sounds":[{"d":0.113636017,"p":72,"v":82}],"pos":8.0,"size":1.0,"_time":15.5546875},{"$id":"70","sounds":[{"d":0.340909958,"p":84,"v":100}],"pos":2.0,"size":1.0,"_time":15.6679688},{"$id":"71","sounds":[{"d":0.6818199,"p":65,"v":80},{"d":0.6818199,"p":61,"v":81}],"pos":-2.0,"size":1.30000007,"_time":16.0078125},{"$id":"72","sounds":[{"d":0.674716949,"p":58,"v":73}],"pos":6.25,"size":1.0,"_time":16.015625},{"$id":"73","sounds":[{"d":0.667614,"p":77,"v":91}],"pos":1.0,"size":1.0,"_time":16.0234375},{"$id":"74","sounds":[{"d":0.348011017,"p":72,"v":80}],"pos":-1.0,"size":1.0,"_time":16.6914063},{"$id":"75","sounds":[{"d":0.333807,"p":70,"v":77}],"pos":7.75,"size":1.0,"_time":17.0390625},{"$id":"76","sounds":[{"d":0.326704025,"p":79,"v":91}],"pos":1.0,"size":1.0,"_time":17.046875},{"$id":"77","sounds":[{"d":0.340909958,"p":77,"v":93}],"size":1.0,"_time":17.3710938},{"$id":"78","sounds":[{"d":0.220170975,"p":53,"v":72}],"pos":5.625,"size":1.0,"_time":17.7148438},{"$id":"79","sounds":[{"d":0.220170975,"p":69,"v":77},{"w":0.00390625,"d":0.213068008,"p":65,"v":77}],"pos":9.0,"size":1.30000007,"_time":17.7148438},{"$id":"80","sounds":[{"d":0.127840042,"p":72,"v":93}],"pos":-2.0,"size":1.0,"_time":17.9335938},{"$id":"81","sounds":[{"d":0.213068008,"p":77,"v":91}],"size":1.0,"_time":18.0625},{"$id":"82","sounds":[{"d":0.127840042,"p":79,"v":91}],"pos":-1.0,"size":1.0,"_time":18.2734375},{"$id":"83","sounds":[{"d":0.127840042,"p":72,"v":80}],"pos":8.0,"size":1.0,"_time":18.2734375},{"$id":"84","sounds":[{"d":0.205965042,"p":81,"v":90}],"pos":1.0,"size":1.0,"_time":18.4023438},{"$id":"85","sounds":[{"d":0.127840042,"p":77,"v":89}],"size":1.0,"_time":18.609375},{"$id":"86","sounds":[{"d":0.681818,"p":84,"v":100}],"pos":2.0,"size":1.0,"_time":18.734375},{"$id":"87","sounds":[{"d":0.681818,"p":72,"v":79},{"w":0.0078125,"d":0.674715042,"p":67,"v":83}],"pos":7.0,"size":1.30000007,"_time":18.734375},{"$id":"88","sounds":[{"d":0.674715042,"p":63,"v":81}],"pos":6.875,"size":1.0,"_time":18.7421875},{"$id":"89","sounds":[{"d":0.340909958,"p":74,"v":80}],"pos":8.25,"size":1.0,"_time":19.4179688},{"$id":"90","sounds":[{"d":0.333807,"p":86,"v":100}],"pos":1.0,"size":1.0,"_time":19.4257813},{"$id":"91","sounds":[{"d":0.340909958,"p":72,"v":80}],"pos":8.0,"size":1.0,"_time":19.7578125},{"$id":"92","sounds":[{"d":0.333807,"p":84,"v":100}],"size":1.0,"_time":19.765625},{"$id":"93","sounds":[{"d":0.340909958,"p":82,"v":91}],"pos":-1.0,"size":1.0,"_time":20.0976563},{"$id":"94","sounds":[{"d":0.333807,"p":70,"v":77}],"pos":7.75,"size":1.0,"_time":20.1054688},{"$id":"95","sounds":[{"d":0.340909958,"p":58,"v":72}],"pos":6.25,"size":1.0,"_time":20.4414063},{"$id":"96","sounds":[{"d":0.340909958,"p":65,"v":82},{"w":0.0078125,"d":0.333807,"p":69,"v":79},{"w":0.0078125,"d":0.333807,"p":62,"v":83}],"pos":4.0,"size":1.30000007,"_time":20.4414063},{"$id":"97","sounds":[{"d":0.340909958,"p":81,"v":93}],"pos":-2.0,"size":1.0,"_time":20.4414063},{"$id":"98","sounds":[{"d":0.340909958,"p":70,"v":81}],"pos":7.75,"size":1.0,"_time":20.78125},{"$id":"99","sounds":[{"d":0.333807,"p":82,"v":93}],"pos":-1.0,"size":1.0,"_time":20.7890625},{"$id":"100","sounds":[{"d":0.340909958,"p":62,"v":80}],"pos":6.75,"size":1.0,"_time":21.1210938},{"$id":"101","sounds":[{"d":0.333807,"p":72,"v":77}],"pos":8.0,"size":1.0,"_time":21.1289063},{"$id":"102","sounds":[{"d":0.333807,"p":84,"v":100}],"size":1.0,"_time":21.1289063},{"$id":"103","sounds":[{"d":0.213068008,"p":58,"v":73}],"pos":6.25,"size":1.0,"_time":21.4648438},{"$id":"104","sounds":[{"d":0.213068008,"p":77,"v":83}],"pos":8.625,"size":1.0,"_time":21.4648438},{"$id":"105","sounds":[{"d":0.205965042,"p":89,"v":100}],"pos":2.0,"size":1.0,"_time":21.46875},{"$id":"106","sounds":[{"d":0.46875,"p":89,"v":100}],"pos":2.0,"size":1.0,"_time":21.6757813},{"$id":"107","sounds":[{"d":0.454545975,"p":69,"v":77},{"d":0.454545975,"p":65,"v":77}],"pos":-1.0,"size":1.30000007,"_time":21.6914063},{"$id":"108","sounds":[{"d":0.454545975,"p":62,"v":77}],"pos":5.0,"size":1.0,"_time":21.6914063},{"$id":"109","sounds":[{"d":0.561079,"p":57,"v":71}],"pos":6.125,"size":1.0,"_time":22.1445313},{"$id":"110","sounds":[{"d":0.561079,"p":61,"v":80},{"w":0.015625,"d":0.546875,"p":65,"v":79}],"pos":-2.0,"size":1.30000007,"_time":22.1445313},{"$id":"111","sounds":[{"d":0.561079,"p":72,"v":78}],"pos":1.0,"size":1.0,"_time":22.1445313},{"$id":"112","sounds":[{"d":0.461647034,"p":70,"v":82}],"size":1.0,"_time":22.7070313},{"$id":"113","sounds":[{"d":0.6818199,"p":50,"v":72}],"pos":5.25,"size":1.0,"_time":23.1679688},{"$id":"114","sounds":[{"d":0.674716949,"p":69,"v":73}],"pos":1.0,"size":1.0,"_time":23.1757813},{"$id":"115","sounds":[{"d":0.667614,"p":65,"v":71}],"pos":10.0,"size":1.30000007,"_time":23.1835938},{"$id":"116","sounds":[{"d":0.227272034,"p":77,"v":87}],"pos":2.0,"size":1.0,"_time":23.8476563},{"$id":"117","sounds":[{"d":0.127840042,"p":76,"v":88}],"pos":1.0,"size":1.0,"_time":24.078125},{"$id":"118","sounds":[{"d":0.213068008,"p":72,"v":92}],"pos":-1.0,"size":1.0,"_time":24.203125},{"$id":"119","sounds":[{"d":0.333807,"p":74,"v":92}],"size":1.0,"_time":24.4179688},{"$id":"120","sounds":[{"d":0.461647034,"p":72,"v":92}],"pos":-1.0,"size":1.0,"_time":24.75},{"$id":"121","sounds":[{"d":0.213068008,"p":50,"v":67}],"pos":5.25,"size":1.0,"_time":25.2148438},{"$id":"122","sounds":[{"d":0.340909958,"p":60,"v":70}],"pos":6.5,"size":1.0,"_time":25.4257813},{"$id":"123","sounds":[{"d":0.333807,"p":69,"v":87}],"pos":-2.0,"size":1.0,"_time":25.4335938},{"$id":"124","sounds":[{"d":0.326704025,"p":65,"v":72}],"pos":7.125,"size":1.0,"_time":25.4414063},{"$id":"125","sounds":[{"d":0.127840042,"p":70,"v":93}],"pos":-1.0,"size":1.0,"_time":25.765625},{"$id":"126","sounds":[{"d":0.553977966,"p":64,"v":70},{"d":0.553977966,"p":67,"v":73}],"pos":4.5,"size":1.30000007,"_time":25.8945313},{"$id":"127","sounds":[{"d":0.546875,"p":57,"v":67}],"pos":6.125,"size":1.0,"_time":25.9023438},{"$id":"128","sounds":[{"d":0.546875,"p":72,"v":90}],"pos":1.0,"size":1.0,"_time":25.9023438},{"$id":"129","sounds":[{"d":0.134943008,"p":69,"v":90}],"pos":-2.0,"size":1.0,"_time":26.4492188},{"$id":"130","sounds":[{"d":0.553977966,"p":72,"v":90}],"pos":-1.0,"size":1.0,"_time":26.5820313},{"$id":"131","sounds":[{"d":0.120738983,"p":74,"v":93}],"pos":2.0,"size":1.0,"_time":27.1367188},{"$id":"132","sounds":[{"d":0.340909958,"p":69,"v":88}],"pos":1.0,"size":1.0,"_time":27.2578125},{"$id":"133","sounds":[{"d":0.220170975,"p":67,"v":93}],"pos":-1.0,"size":1.0,"_time":27.5976563},{"$id":"134","sounds":[{"d":0.127840042,"p":69,"v":87}],"pos":1.0,"size":1.0,"_time":27.8203125},{"$id":"135","sounds":[{"d":0.127840042,"p":68,"v":88}],"pos":7.5,"size":1.0,"_time":27.8203125},{"$id":"136","sounds":[{"d":0.213068008,"p":57,"v":73}],"pos":6.125,"size":1.0,"_time":27.9492188},{"$id":"137","sounds":[{"d":0.461647034,"p":64,"v":72}],"pos":7.0,"size":1.0,"_time":28.1601563},{"$id":"138","sounds":[{"d":0.461647034,"p":67,"v":69}],"pos":-1.0,"size":1.0,"_time":28.1601563},{"$id":"139","sounds":[{"d":0.6818199,"p":55,"v":72}],"pos":5.875,"size":1.0,"_time":28.6210938},{"$id":"140","sounds":[{"d":0.674716949,"p":62,"v":73}],"pos":4.5,"size":1.30000007,"_time":28.6289063},{"$id":"141","sounds":[{"d":0.667614,"p":65,"v":68}],"pos":-2.0,"size":1.0,"_time":28.6367188},{"$id":"142","sounds":[{"d":0.220169067,"p":77,"v":90}],"pos":2.0,"size":1.0,"_time":29.3046875},{"$id":"143","sounds":[{"d":0.205965042,"p":76,"v":92}],"pos":8.5,"size":1.0,"_time":29.3164063},{"$id":"144","sounds":[{"d":0.127840042,"p":76,"v":89}],"pos":1.0,"size":1.0,"_time":29.5234375},{"$id":"145","sounds":[{"d":0.205965042,"p":72,"v":92}],"pos":-1.0,"size":1.0,"_time":29.6523438},{"$id":"146","sounds":[{"d":0.348011017,"p":74,"v":93}],"size":1.0,"_time":29.859375},{"$id":"147","sounds":[{"d":0.120738983,"p":72,"v":93}],"pos":-2.0,"size":1.0,"_time":30.2070313},{"$id":"148","sounds":[{"d":0.348011017,"p":72,"v":88}],"pos":-2.0,"size":1.0,"_time":30.328125},{"$id":"149","sounds":[{"d":0.213068008,"p":50,"v":69}],"pos":5.25,"size":1.0,"_time":30.6757813},{"$id":"150","sounds":[{"d":0.348012924,"p":69,"v":69}],"pos":7.625,"size":1.0,"_time":30.8867188},{"$id":"151","sounds":[{"d":0.340909958,"p":65,"v":69}],"pos":7.125,"size":1.0,"_time":30.8945313},{"$id":"152","sounds":[{"d":0.340909958,"p":72,"v":91}],"pos":-2.0,"size":1.0,"_time":30.8945313},{"$id":"153","sounds":[{"d":0.113636017,"p":72,"v":90}],"pos":-2.0,"size":1.0,"_time":31.234375},{"$id":"154","sounds":[{"d":0.348012924,"p":69,"v":72},{"w":0.015625,"d":0.333807,"p":65,"v":67}],"pos":4.5,"size":1.30000007,"_time":31.3476563},{"$id":"155","sounds":[{"d":0.340909958,"p":79,"v":92}],"pos":1.0,"size":1.0,"_time":31.3554688},{"$id":"156","sounds":[{"d":0.333807,"p":53,"v":70}],"pos":5.625,"size":1.0,"_time":31.3632813},{"$id":"157","sounds":[{"d":0.205965042,"p":77,"v":91}],"pos":-1.0,"size":1.0,"_time":31.6992188},{"$id":"158","sounds":[{"d":0.127840042,"p":79,"v":92}],"pos":1.0,"size":1.0,"_time":31.9023438},{"$id":"159","sounds":[{"d":0.213069916,"p":67,"v":73}],"pos":7.375,"size":1.0,"_time":32.03125},{"$id":"160","sounds":[{"d":0.127841949,"p":81,"v":89}],"pos":2.0,"size":1.0,"_time":32.2460938},{"$id":"161","sounds":[{"d":0.213069916,"p":53,"v":68}],"pos":5.625,"size":1.0,"_time":32.3710938},{"$id":"162","sounds":[{"d":0.348011017,"p":69,"v":69}],"pos":7.625,"size":1.0,"_time":32.5859375},{"$id":"163","sounds":[{"d":0.340908051,"p":79,"v":88}],"pos":1.0,"size":1.0,"_time":32.59375},{"$id":"164","sounds":[{"d":0.340908051,"p":65,"v":71}],"pos":7.125,"size":1.0,"_time":32.59375},{"$id":"165","sounds":[{"d":0.120738983,"p":77,"v":91}],"size":1.0,"_time":32.9335938},{"$id":"166","sounds":[{"d":0.553977966,"p":57,"v":70}],"pos":6.125,"size":1.0,"_time":33.0546875},{"$id":"167","sounds":[{"d":0.553977966,"p":72,"v":73}],"pos":1.0,"size":1.0,"_time":33.0546875},{"$id":"168","sounds":[{"d":0.553977966,"p":65,"v":72},{"d":0.553977966,"p":61,"v":71}],"pos":4.5,"size":1.30000007,"_time":33.0546875},{"$id":"169","sounds":[{"d":0.46875,"p":65,"v":73}],"pos":7.125,"size":1.0,"_time":33.609375},{"$id":"170","sounds":[{"d":0.454544067,"p":70,"v":69}],"size":1.0,"_time":33.6210938},{"$id":"171","sounds":[{"d":0.6889229,"p":69,"v":68}],"pos":-1.0,"size":1.0,"_time":34.078125},{"$id":"172","sounds":[{"d":0.6818199,"p":50,"v":68}],"pos":5.25,"size":1.0,"_time":34.08203},{"$id":"173","sounds":[{"d":0.674716949,"p":65,"v":69}],"pos":3.0,"size":1.30000007,"_time":34.0898438},{"$id":"174","sounds":[{"d":0.220169067,"p":77,"v":89}],"pos":2.0,"size":1.0,"_time":34.765625},{"$id":"175","sounds":[{"d":0.326705933,"p":76,"v":93}],"pos":1.0,"size":1.0,"_time":34.984375},{"$id":"176","sounds":[{"d":0.340908051,"p":74,"v":91}],"size":1.0,"_time":35.3125},{"$id":"177","sounds":[{"d":0.134944916,"p":72,"v":87}],"pos":-1.0,"size":1.0,"_time":35.6523438},{"$id":"178","sounds":[{"d":0.333805084,"p":64,"v":69}],"pos":7.0,"size":1.0,"_time":35.7890625},{"$id":"179","sounds":[{"d":0.227272034,"p":50,"v":68}],"pos":5.25,"size":1.0,"_time":36.1210938},{"$id":"180","sounds":[{"d":0.340908051,"p":60,"v":73}],"pos":6.5,"size":1.0,"_time":36.3476563},{"$id":"181","sounds":[{"d":0.340908051,"p":65,"v":67}],"pos":7.125,"size":1.0,"_time":36.3476563},{"$id":"182","sounds":[{"d":0.340908051,"p":69,"v":90}],"pos":-2.0,"size":1.0,"_time":36.3476563},{"$id":"183","sounds":[{"d":0.113636017,"p":70,"v":89}],"pos":-1.0,"size":1.0,"_time":36.6914063},{"$id":"184","sounds":[{"d":0.561080933,"p":57,"v":71}],"pos":6.125,"size":1.0,"_time":36.8046875},{"$id":"185","sounds":[{"d":0.561080933,"p":64,"v":73},{"d":0.561080933,"p":67,"v":69}],"pos":3.5,"size":1.30000007,"_time":36.8046875},{"$id":"186","sounds":[{"d":0.553977966,"p":72,"v":92}],"pos":1.0,"size":1.0,"_time":36.8125},{"$id":"187","sounds":[{"d":0.134944916,"p":69,"v":92}],"pos":-2.0,"size":1.0,"_time":37.36328},{"$id":"188","sounds":[{"d":0.546875,"p":72,"v":89}],"pos":-1.0,"size":1.0,"_time":37.5},{"$id":"189","sounds":[{"d":0.127841949,"p":74,"v":91}],"pos":2.0,"size":1.0,"_time":38.046875},{"$id":"190","sounds":[{"d":0.220169067,"p":69,"v":93}],"pos":1.0,"size":1.0,"_time":38.17578},{"$id":"191","sounds":[{"d":0.340908051,"p":67,"v":91}],"pos":-1.0,"size":1.0,"_time":38.39453},{"$id":"192","sounds":[{"d":0.120738983,"p":68,"v":87}],"pos":7.5,"size":1.0,"_time":38.734375},{"$id":"193","sounds":[{"d":0.120738983,"p":69,"v":90}],"pos":1.0,"size":1.0,"_time":38.734375},{"$id":"194","sounds":[{"d":0.213069916,"p":57,"v":68}],"pos":6.125,"size":1.0,"_time":38.85547},{"$id":"195","sounds":[{"d":0.461647034,"p":67,"v":68}],"pos":-1.0,"size":1.0,"_time":39.0703125},{"$id":"196","sounds":[{"d":0.461647034,"p":64,"v":68}],"pos":7.0,"size":1.0,"_time":39.0703125},{"$id":"197","sounds":[{"d":0.688919067,"p":65,"v":72}],"pos":-2.0,"size":1.0,"_time":39.53125},{"$id":"198","sounds":[{"d":0.688919067,"p":55,"v":73}],"pos":5.875,"size":1.0,"_time":39.53125},{"$id":"199","sounds":[{"d":0.688919067,"p":62,"v":70}],"pos":4.0,"size":1.30000007,"_time":39.53125},{"$id":"200","sounds":[{"d":0.205966949,"p":77,"v":87}],"pos":2.0,"size":1.0,"_time":40.21875},{"$id":"201","sounds":[{"d":0.205966949,"p":76,"v":92}],"pos":8.5,"size":1.0,"_time":40.21875},{"$id":"202","sounds":[{"d":0.355113983,"p":76,"v":91}],"pos":1.0,"size":1.0,"_time":40.42578},{"$id":"203","sounds":[{"d":0.113636017,"p":74,"v":89}],"size":1.0,"_time":40.78125},{"$id":"204","sounds":[{"d":0.213069916,"p":50,"v":67}],"pos":5.25,"size":1.0,"_time":40.89453},{"$id":"205","sounds":[{"d":0.134944916,"p":72,"v":90}],"pos":1.0,"size":1.0,"_time":41.109375},{"$id":"206","sounds":[{"d":0.220169067,"p":65,"v":69}],"pos":7.125,"size":1.0,"_time":41.2421875},{"$id":"207","sounds":[{"d":0.220169067,"p":74,"v":92}],"pos":2.0,"size":1.0,"_time":41.2421875},{"$id":"208","sounds":[{"d":0.127841949,"p":72,"v":92}],"pos":1.0,"size":1.0,"_time":41.4648438},{"$id":"209","sounds":[{"d":0.205966949,"p":67,"v":72}],"pos":-1.0,"size":1.0,"_time":41.5898438},{"$id":"210","sounds":[{"d":0.127841949,"p":72,"v":91}],"pos":1.0,"size":1.0,"_time":41.796875},{"$id":"211","sounds":[{"d":0.205966949,"p":69,"v":71}],"size":1.0,"_time":41.92578},{"$id":"212","sounds":[{"d":0.127841949,"p":72,"v":90}],"pos":1.0,"size":1.0,"_time":42.1289063},{"$id":"213","sounds":[{"d":0.348011017,"p":65,"v":69},{"w":0.0078125,"d":0.340908051,"p":67,"v":67}],"pos":6.5,"size":1.30000007,"_time":42.2578125},{"$id":"214","sounds":[{"d":0.348011017,"p":53,"v":69}],"pos":5.625,"size":1.0,"_time":42.2578125},{"$id":"215","sounds":[{"d":0.340908051,"p":79,"v":92}],"pos":2.0,"size":1.0,"_time":42.265625},{"$id":"216","sounds":[{"d":0.220169067,"p":77,"v":92}],"size":1.0,"_time":42.60547},{"$id":"217","sounds":[{"d":0.120738983,"p":79,"v":90}],"pos":1.0,"size":1.0,"_time":42.828125},{"$id":"218","sounds":[{"d":0.220169067,"p":69,"v":69}],"pos":7.625,"size":1.0,"_time":42.94922},{"$id":"219","sounds":[{"d":0.340908051,"p":81,"v":91}],"pos":2.0,"size":1.0,"_time":43.16797},{"$id":"220","sounds":[{"d":0.340908051,"p":79,"v":91}],"pos":1.0,"size":1.0,"_time":43.5078125},{"$id":"221","sounds":[{"d":0.340908051,"p":72,"v":72}],"pos":8.0,"size":1.0,"_time":43.5078125},{"$id":"222","sounds":[{"d":0.340908051,"p":63,"v":70}],"pos":6.875,"size":1.0,"_time":43.5078125},{"$id":"223","sounds":[{"d":0.454544067,"p":77,"v":87}],"size":1.0,"_time":43.8476563},{"$id":"224","sounds":[{"d":0.348011017,"p":51,"v":72}],"pos":-1.0,"size":1.30000007,"_time":44.3046875},{"$id":"225","sounds":[{"d":0.3338089,"p":72,"v":70}],"pos":8.0,"size":1.0,"_time":44.6523438},{"$id":"226","sounds":[{"d":0.326705933,"p":77,"v":93}],"pos":1.0,"size":1.0,"_time":44.6601563},{"$id":"227","sounds":[{"d":0.561080933,"p":58,"v":68}],"pos":6.25,"size":1.0,"_time":44.984375},{"$id":"228","sounds":[{"d":0.561080933,"p":65,"v":73},{"w":0.015625,"d":0.546875,"p":72,"v":67}],"pos":-2.0,"size":1.30000007,"_time":44.984375},{"$id":"229","sounds":[{"d":0.553977966,"p":84,"v":100}],"pos":2.0,"size":1.0,"_time":44.9921875},{"$id":"230","sounds":[{"d":0.127841949,"p":81,"v":91}],"pos":-1.0,"size":1.0,"_time":45.546875},{"$id":"231","sounds":[{"d":0.546875,"p":69,"v":70}],"pos":7.625,"size":1.0,"_time":45.67578},{"$id":"232","sounds":[{"d":0.539772034,"p":81,"v":89}],"pos":-1.0,"size":1.0,"_time":45.6835938},{"$id":"233","sounds":[{"d":0.127841949,"p":82,"v":90}],"pos":1.0,"size":1.0,"_time":46.2226563},{"$id":"234","sounds":[{"d":0.340911865,"p":72,"v":70}],"pos":8.0,"size":1.0,"_time":46.3476563},{"$id":"235","sounds":[{"d":0.326705933,"p":81,"v":91}],"pos":-1.0,"size":1.0,"_time":46.36328},{"$id":"236","sounds":[{"d":0.220169067,"p":77,"v":87}],"pos":-2.0,"size":1.0,"_time":46.6914063},{"$id":"237","sounds":[{"d":0.220169067,"p":69,"v":73}],"pos":7.625,"size":1.0,"_time":46.6914063},{"$id":"238","sounds":[{"d":0.127841949,"p":79,"v":87}],"size":1.0,"_time":46.9101563},{"$id":"239","sounds":[{"d":0.213069916,"p":58,"v":68}],"pos":6.25,"size":1.0,"_time":47.0390625},{"$id":"240","sounds":[{"d":0.127841949,"p":70,"v":67}],"pos":7.75,"size":1.0,"_time":47.25},{"$id":"241","sounds":[{"d":0.127841949,"p":77,"v":88}],"pos":-2.0,"size":1.0,"_time":47.25},{"$id":"242","sounds":[{"d":0.220169067,"p":79,"v":91}],"size":1.0,"_time":47.3789063},{"$id":"243","sounds":[{"d":0.113636017,"p":77,"v":92}],"pos":-2.0,"size":1.0,"_time":47.5976563},{"$id":"244","sounds":[{"d":0.340908051,"p":57,"v":69}],"pos":6.125,"size":1.0,"_time":47.7148438},{"$id":"245","sounds":[{"d":0.340908051,"p":72,"v":67},{"w":0.00390625,"d":0.333805084,"p":67,"v":73}],"pos":3.5,"size":1.30000007,"_time":47.7148438},{"$id":"246","sounds":[{"d":0.340908051,"p":79,"v":92}],"size":1.0,"_time":47.7148438},{"$id":"247","sounds":[{"d":0.213069916,"p":77,"v":87}],"pos":-1.0,"size":1.0,"_time":48.0546875},{"$id":"248","sounds":[{"d":0.134944916,"p":79,"v":89}],"size":1.0,"_time":48.265625},{"$id":"249","sounds":[{"d":0.213069916,"p":67,"v":70}],"pos":7.375,"size":1.0,"_time":48.4023438},{"$id":"250","sounds":[{"d":0.348011017,"p":81,"v":87}],"pos":1.0,"size":1.0,"_time":48.61328},{"$id":"251","sounds":[{"d":0.461647034,"p":77,"v":88}],"pos":-1.0,"size":1.0,"_time":48.9648438},{"$id":"252","sounds":[{"d":0.461647034,"p":65,"v":68}],"pos":7.125,"size":1.0,"_time":48.9648438},{"$id":"253","sounds":[{"d":0.213069916,"p":72,"v":71}],"pos":-2.0,"size":1.0,"_time":49.42578},{"$id":"254","sounds":[{"d":0.120738983,"p":74,"v":57}],"pos":-1.0,"size":1.0,"_time":49.63672},{"$id":"255","sounds":[{"d":0.340911865,"p":76,"v":60}],"pos":8.5,"size":1.0,"_time":49.7578125},{"$id":"256","sounds":[{"d":0.3338089,"p":77,"v":63}],"pos":1.0,"size":1.0,"_time":49.765625},{"$id":"257","sounds":[{"d":0.326705933,"p":57,"v":72}],"pos":6.125,"size":1.0,"_time":49.7734375},{"$id":"258","sounds":[{"d":0.220169067,"p":74,"v":89}],"pos":-1.0,"size":1.0,"_time":50.0976563},{"$id":"259","sounds":[{"d":0.120738983,"p":74,"v":92}],"pos":-1.0,"size":1.0,"_time":50.3203125},{"$id":"260","sounds":[{"d":0.348011017,"p":55,"v":68}],"pos":5.875,"size":1.0,"_time":50.4414063},{"$id":"261","sounds":[{"d":0.348011017,"p":65,"v":68},{"w":0.0078125,"d":0.340908051,"p":72,"v":68}],"pos":8.0,"size":1.30000007,"_time":50.4414063},{"$id":"262","sounds":[{"d":0.348011017,"p":79,"v":87}],"pos":2.0,"size":1.0,"_time":50.4414063},{"$id":"263","sounds":[{"d":0.213069916,"p":77,"v":89}],"pos":1.0,"size":1.0,"_time":50.7890625},{"$id":"264","sounds":[{"d":0.340908051,"p":77,"v":90}],"pos":1.0,"size":1.0,"_time":51.0},{"$id":"265","sounds":[{"d":0.340908051,"p":69,"v":69}],"pos":7.625,"size":1.0,"_time":51.0},{"$id":"266","sounds":[{"d":0.120738983,"p":74,"v":89}],"pos":-1.0,"size":1.0,"_time":51.34375},{"$id":"267","sounds":[{"d":0.688919067,"p":77,"v":93}],"pos":1.0,"size":1.0,"_time":51.4648438},{"$id":"268","sounds":[{"d":0.688919067,"p":65,"v":71}],"pos":7.125,"size":1.0,"_time":51.4648438},{"$id":"269","sounds":[{"d":0.333805084,"p":69,"v":72}],"pos":7.625,"size":1.0,"_time":52.1523438},{"$id":"270","sounds":[{"d":0.333805084,"p":81,"v":61}],"pos":9.5,"size":0.6999999,"_time":52.1523438},{"$id":"271","sounds":[{"d":0.213069916,"p":55,"v":69}],"pos":5.875,"size":1.0,"_time":52.484375},{"$id":"272","sounds":[{"d":0.134944916,"p":82,"v":60}],"pos":10.5,"size":0.6999999,"_time":52.69922},{"$id":"273","sounds":[{"d":0.120738983,"p":70,"v":67}],"pos":7.75,"size":1.0,"_time":52.7148438},{"$id":"274","sounds":[{"d":0.220169067,"p":74,"v":91}],"pos":-1.0,"size":1.0,"_time":52.83203},{"$id":"275","sounds":[{"d":0.113636017,"p":74,"v":88}],"pos":-1.0,"size":1.0,"_time":53.0546875},{"$id":"276","sounds":[{"d":0.340908051,"p":72,"v":68},{"d":0.340908051,"p":65,"v":67},{"w":0.0078125,"d":0.333805084,"p":68,"v":69},{"w":0.0078125,"d":0.333805084,"p":69,"v":73}],"pos":9.0,"size":1.30000007,"_time":53.16797},{"$id":"277","sounds":[{"d":0.333805084,"p":53,"v":70}],"pos":5.625,"size":1.0,"_time":53.17578},{"$id":"278","sounds":[{"d":0.333805084,"p":79,"v":92}],"pos":2.0,"size":1.0,"_time":53.17578},{"$id":"279","sounds":[{"d":0.220169067,"p":77,"v":88}],"pos":1.0,"size":1.0,"_time":53.5078125},{"$id":"280","sounds":[{"d":0.120738983,"p":65,"v":69}],"pos":7.125,"size":1.0,"_time":53.73047},{"$id":"281","sounds":[{"d":0.113636017,"p":77,"v":91}],"pos":1.0,"size":1.0,"_time":53.734375},{"$id":"282","sounds":[{"d":0.220169067,"p":67,"v":73}],"pos":7.375,"size":1.0,"_time":53.8476563},{"$id":"283","sounds":[{"d":0.127841949,"p":74,"v":90}],"pos":-1.0,"size":1.0,"_time":54.0703125},{"$id":"284","sounds":[{"d":0.205966949,"p":77,"v":90}],"pos":1.0,"size":1.0,"_time":54.19922},{"$id":"285","sounds":[{"d":0.205966949,"p":69,"v":70}],"pos":7.625,"size":1.0,"_time":54.19922},{"$id":"286","sounds":[{"d":0.482955933,"p":63,"v":71},{"d":0.482955933,"p":72,"v":70}],"pos":5.5,"size":1.30000007,"_time":54.4023438},{"$id":"287","sounds":[{"d":0.333805084,"p":79,"v":60}],"pos":7.5,"size":1.0,"_time":54.88672},{"$id":"288","sounds":[{"d":0.213069916,"p":51,"v":73}],"pos":5.375,"size":1.0,"_time":55.21875},{"$id":"289","sounds":[{"d":0.127841949,"p":74,"v":62}],"pos":6.0,"size":1.0,"_time":55.4335938},{"$id":"290","sounds":[{"d":0.333805084,"p":77,"v":87}],"pos":-2.0,"size":1.0,"_time":55.5625},{"$id":"291","sounds":[{"d":0.333805084,"p":65,"v":67}],"pos":7.125,"size":1.0,"_time":55.5625},{"$id":"292","sounds":[{"d":0.553977966,"p":72,"v":71},{"w":0.015625,"d":0.539772034,"p":65,"v":73}],"pos":9.0,"size":1.30000007,"_time":55.89453},{"$id":"293","sounds":[{"d":0.546875,"p":58,"v":68}],"pos":6.25,"size":1.0,"_time":55.9023438},{"$id":"294","sounds":[{"d":0.546875,"p":84,"v":100}],"pos":2.0,"size":1.0,"_time":55.9023438},{"$id":"295","sounds":[{"d":0.127841949,"p":82,"v":100}],"pos":1.0,"size":1.0,"_time":56.44922},{"$id":"296","sounds":[{"d":0.561080933,"p":81,"v":91}],"pos":-1.0,"size":1.0,"_time":56.578125},{"$id":"297","sounds":[{"d":0.553977966,"p":69,"v":73}],"pos":7.625,"size":1.0,"_time":56.58203},{"$id":"298","sounds":[{"d":0.120738983,"p":82,"v":100}],"pos":1.0,"size":1.0,"_time":57.13672},{"$id":"299","sounds":[{"d":0.348011017,"p":72,"v":67}],"pos":8.0,"size":1.0,"_time":57.2578125},{"$id":"300","sounds":[{"d":0.340908051,"p":81,"v":90}],"pos":-1.0,"size":1.0,"_time":57.265625},{"$id":"301","sounds":[{"d":0.205966949,"p":77,"v":93}],"size":1.0,"_time":57.60547},{"$id":"302","sounds":[{"d":0.205966949,"p":69,"v":68}],"pos":7.625,"size":1.0,"_time":57.60547},{"$id":"303","sounds":[{"d":0.142047882,"p":77,"v":91}],"size":1.0,"_time":57.8125},{"$id":"304","sounds":[{"d":0.134944916,"p":65,"v":73}],"pos":7.125,"size":1.0,"_time":57.8203125},{"$id":"305","sounds":[{"d":0.205966949,"p":58,"v":70}],"pos":6.25,"size":1.0,"_time":57.953125},{"$id":"306","sounds":[{"d":0.120738983,"p":70,"v":72}],"pos":-2.0,"size":1.0,"_time":58.1601563},{"$id":"307","sounds":[{"d":0.220169067,"p":77,"v":91}],"size":1.0,"_time":58.28125},{"$id":"308","sounds":[{"d":0.120738983,"p":77,"v":88}],"pos":-1.0,"size":1.0,"_time":58.5},{"$id":"309","sounds":[{"d":0.348011017,"p":57,"v":71}],"pos":6.125,"size":1.0,"_time":58.6210938},{"$id":"310","sounds":[{"d":0.340908051,"p":72,"v":72},{"d":0.340908051,"p":67,"v":68}],"pos":12.5,"size":1.30000007,"_time":58.6289063},{"$id":"311","sounds":[{"d":0.340908051,"p":79,"v":92}],"pos":1.0,"size":1.0,"_time":58.6289063},{"$id":"312","sounds":[{"d":0.220169067,"p":77,"v":93}],"pos":-1.0,"size":1.0,"_time":58.96875},{"$id":"313","sounds":[{"d":0.333805084,"p":67,"v":68}],"pos":7.375,"size":1.0,"_time":59.1914063},{"$id":"314","sounds":[{"d":0.333805084,"p":79,"v":88}],"pos":1.0,"size":1.0,"_time":59.1914063},{"$id":"315","sounds":[{"d":0.348011017,"p":84,"v":100}],"pos":2.0,"size":1.0,"_time":59.5234375},{"$id":"316","sounds":[{"d":0.348011017,"p":72,"v":72}],"pos":8.0,"size":1.0,"_time":59.5234375},{"$id":"317","sounds":[{"d":0.454544067,"p":65,"v":72}],"pos":7.125,"size":1.0,"_time":59.8710938},{"$id":"318","sounds":[{"d":0.454544067,"p":77,"v":90}],"pos":1.0,"size":1.0,"_time":59.8710938},{"$id":"319","sounds":[{"d":0.348011017,"p":79,"v":58}],"size":1.0,"_time":60.328125},{"$id":"320","sounds":[{"d":0.213069916,"p":57,"v":68}],"pos":6.125,"size":1.0,"_time":60.67578},{"$id":"321","sounds":[{"d":0.127841949,"p":77,"v":58}],"pos":1.0,"size":1.0,"_time":60.88672},{"$id":"322","sounds":[{"d":0.220169067,"p":74,"v":89}],"pos":-1.0,"size":1.0,"_time":61.015625},{"$id":"323","sounds":[{"d":0.113636017,"p":76,"v":93}],"size":1.0,"_time":61.234375},{"$id":"324","sounds":[{"d":0.227275848,"p":55,"v":70}],"pos":5.875,"size":1.0,"_time":61.3476563},{"$id":"325","sounds":[{"d":0.227275848,"p":72,"v":69},{"w":0.015625,"d":0.213069916,"p":65,"v":68}],"pos":9.5,"size":1.30000007,"_time":61.3476563},{"$id":"326","sounds":[{"d":0.220172882,"p":77,"v":89}],"pos":1.0,"size":1.0,"_time":61.35547},{"$id":"327","sounds":[{"d":0.333805084,"p":74,"v":89}],"pos":-1.0,"size":1.0,"_time":61.578125},{"$id":"328","sounds":[{"d":0.46875,"p":65,"v":68}],"pos":7.125,"size":1.0,"_time":61.9101563},{"$id":"329","sounds":[{"d":0.461647034,"p":77,"v":87}],"pos":1.0,"size":1.0,"_time":61.91797},{"$id":"330","sounds":[{"d":0.333805084,"p":62,"v":73}],"pos":6.75,"size":1.0,"_time":62.3789063},{"$id":"331","sounds":[{"d":0.333805084,"p":74,"v":90}],"size":1.0,"_time":62.3789063},{"$id":"332","sounds":[{"d":0.340908051,"p":55,"v":67}],"pos":5.875,"size":1.0,"_time":62.7148438},{"$id":"333","sounds":[{"d":0.340908051,"p":77,"v":92}],"pos":1.0,"size":1.0,"_time":62.7148438},{"$id":"334","sounds":[{"d":0.340908051,"p":74,"v":87}],"size":1.0,"_time":63.0546875},{"$id":"335","sounds":[{"d":0.333805084,"p":69,"v":70}],"pos":7.625,"size":1.0,"_time":63.0625},{"$id":"336","sounds":[{"d":0.340908051,"p":70,"v":73}],"pos":7.75,"size":1.0,"_time":63.39453},{"$id":"337","sounds":[{"d":0.340908051,"p":50,"v":67}],"pos":5.25,"size":1.0,"_time":63.39453},{"$id":"338","sounds":[{"d":0.340908051,"p":77,"v":92}],"pos":1.0,"size":1.0,"_time":63.39453},{"$id":"339","sounds":[{"d":0.348014832,"p":84,"v":100}],"pos":2.0,"size":1.0,"_time":63.734375},{"$id":"340","sounds":[{"d":0.348014832,"p":83,"v":100}],"pos":9.375,"size":1.0,"_time":63.734375},{"$id":"341","sounds":[{"d":0.340911865,"p":72,"v":83}],"pos":8.0,"size":1.0,"_time":63.7421875},{"$id":"342","sounds":[{"d":0.3338089,"p":48,"v":80}],"pos":-1.0,"size":1.2,"_time":64.08203},{"$id":"343","sounds":[{"d":0.3338089,"p":62,"v":82}],"pos":1.0,"size":1.2,"_time":64.08203},{"$id":"344","sounds":[{"d":0.348014832,"p":48,"v":77}],"pos":-1.0,"size":1.4000001,"_time":64.41797},{"$id":"345","sounds":[{"d":0.340911865,"p":58,"v":83}],"pos":1.0,"size":1.4000001,"_time":64.42578},{"$id":"346","sounds":[{"d":0.3338089,"p":58,"v":77},{"w":0.0078125,"d":0.326705933,"p":62,"v":79}],"pos":1.0,"size":1.60000014,"_time":64.765625},{"$id":"347","sounds":[{"d":0.326705933,"p":48,"v":77}],"pos":-1.0,"size":1.60000014,"_time":64.77344},{"$id":"348","sounds":[{"d":0.348014832,"p":65,"v":81},{"w":0.0078125,"d":0.340911865,"p":62,"v":82},{"w":0.015625,"d":0.3338089,"p":58,"v":82}],"pos":1.0,"size":1.80000019,"_time":65.09766},{"$id":"349","sounds":[{"d":0.348014832,"p":48,"v":77}],"pos":-1.0,"size":1.80000019,"_time":65.09766},{"$id":"350","sounds":[{"d":1.022728,"p":58,"v":77},{"d":1.022728,"p":62,"v":79},{"w":0.00390625,"d":1.015625,"p":67,"v":77}],"pos":1.0,"size":2.0,"_time":65.44922},{"$id":"351","sounds":[{"d":1.022728,"p":48,"v":77}],"pos":-1.0,"size":2.0,"_time":65.44922},{"$id":"352","sounds":[{"d":0.3338089,"p":72,"v":92}],"pos":-1.0,"size":1.0,"_time":66.46875},{"$id":"353","sounds":[{"d":0.688919067,"p":41,"v":68}],"pos":4.125,"size":1.0,"_time":66.80469},{"$id":"354","sounds":[{"d":0.688919067,"p":53,"v":72}],"pos":5.625,"size":1.0,"_time":66.80469},{"$id":"355","sounds":[{"d":0.688919067,"p":65,"v":80},{"d":0.688919067,"p":67,"v":78}],"pos":-2.0,"size":1.30000007,"_time":66.80469},{"$id":"356","sounds":[{"d":0.674713135,"p":79,"v":100}],"size":1.0,"_time":66.81641},{"$id":"357","sounds":[{"d":0.553977966,"p":79,"v":100}],"size":1.0,"_time":67.49219},{"$id":"358","sounds":[{"d":0.546875,"p":67,"v":83}],"pos":7.375,"size":1.0,"_time":67.5},{"$id":"359","sounds":[{"d":0.46875,"p":81,"v":100}],"pos":1.0,"size":1.0,"_time":68.046875},{"$id":"360","sounds":[{"d":0.46875,"p":69,"v":81}],"pos":7.625,"size":1.0,"_time":68.046875},{"$id":"361","sounds":[{"d":0.348014832,"p":53,"v":69}],"pos":-2.0,"size":1.0,"_time":68.515625},{"$id":"362","sounds":[{"d":0.326705933,"p":69,"v":77}],"pos":-1.0,"size":1.0,"_time":68.86328},{"$id":"363","sounds":[{"d":0.340911865,"p":72,"v":88}],"size":1.0,"_time":69.19141},{"$id":"364","sounds":[{"d":0.6818161,"p":63,"v":83},{"w":0.0078125,"d":0.674713135,"p":67,"v":80}],"pos":-1.0,"size":1.30000007,"_time":69.53125},{"$id":"365","sounds":[{"d":0.674713135,"p":79,"v":100}],"pos":1.0,"size":1.0,"_time":69.53906},{"$id":"366","sounds":[{"d":0.667610168,"p":53,"v":67}],"pos":5.625,"size":1.0,"_time":69.546875},{"$id":"367","sounds":[{"d":0.561080933,"p":67,"v":83}],"pos":7.375,"size":1.0,"_time":70.21484},{"$id":"368","sounds":[{"d":0.553977966,"p":79,"v":100}],"size":1.0,"_time":70.21875},{"$id":"369","sounds":[{"d":0.461647034,"p":69,"v":80}],"pos":7.625,"size":1.0,"_time":70.77344},{"$id":"370","sounds":[{"d":0.461647034,"p":81,"v":100}],"pos":1.0,"size":1.0,"_time":70.77344},{"$id":"371","sounds":[{"d":0.348014832,"p":53,"v":69}],"pos":5.625,"size":1.0,"_time":71.234375},{"$id":"372","sounds":[{"d":0.340911865,"p":63,"v":77}],"pos":8.5,"size":1.0,"_time":71.24219},{"$id":"373","sounds":[{"d":0.348014832,"p":72,"v":77}],"pos":9.5,"size":1.0,"_time":71.58203},{"$id":"374","sounds":[{"d":0.2130661,"p":81,"v":90}],"size":1.0,"_time":71.93359},{"$id":"375","sounds":[{"d":0.113639832,"p":82,"v":91}],"pos":2.0,"size":1.0,"_time":72.14453},{"$id":"376","sounds":[{"d":0.3551178,"p":69,"v":81},{"w":0.015625,"d":0.340911865,"p":65,"v":82}],"pos":9.5,"size":1.30000007,"_time":72.25781},{"$id":"377","sounds":[{"d":0.348014832,"p":81,"v":88}],"size":1.0,"_time":72.265625},{"$id":"378","sounds":[{"d":0.348014832,"p":58,"v":67}],"pos":6.25,"size":1.0,"_time":72.265625},{"$id":"379","sounds":[{"d":0.2130661,"p":77,"v":90}],"pos":1.0,"size":1.0,"_time":72.61328},{"$id":"380","sounds":[{"d":0.127838135,"p":77,"v":89}],"pos":1.0,"size":1.0,"_time":72.828125},{"$id":"381","sounds":[{"d":0.326705933,"p":65,"v":81}],"pos":-2.0,"size":1.0,"_time":72.953125},{"$id":"382","sounds":[{"d":0.220169067,"p":77,"v":88}],"pos":1.0,"size":1.0,"_time":73.28125},{"$id":"383","sounds":[{"d":0.120735168,"p":74,"v":87}],"pos":-1.0,"size":1.0,"_time":73.5},{"$id":"384","sounds":[{"d":0.220169067,"p":57,"v":73}],"pos":6.125,"size":1.0,"_time":73.62109},{"$id":"385","sounds":[{"d":0.220169067,"p":67,"v":82},{"w":0.0078125,"d":0.2130661,"p":72,"v":82}],"pos":8.5,"size":1.30000007,"_time":73.62109},{"$id":"386","sounds":[{"d":0.2130661,"p":79,"v":87}],"pos":1.0,"size":1.0,"_time":73.62891},{"$id":"387","sounds":[{"d":0.461647034,"p":81,"v":87}],"pos":2.0,"size":1.0,"_time":73.84375},{"$id":"388","sounds":[{"d":0.2130661,"p":67,"v":81}],"pos":7.375,"size":1.0,"_time":74.30469},{"$id":"389","sounds":[{"d":0.127838135,"p":72,"v":93}],"pos":-2.0,"size":1.0,"_time":74.515625},{"$id":"390","sounds":[{"d":0.227272034,"p":81,"v":91}],"size":1.0,"_time":74.64453},{"$id":"391","sounds":[{"d":0.113639832,"p":82,"v":88}],"pos":2.0,"size":1.0,"_time":74.87109},{"$id":"392","sounds":[{"d":0.348014832,"p":55,"v":67}],"pos":5.875,"size":1.0,"_time":74.984375},{"$id":"393","sounds":[{"d":0.348014832,"p":65,"v":81}],"pos":8.5,"size":1.30000007,"_time":74.984375},{"$id":"394","sounds":[{"d":0.340911865,"p":81,"v":88}],"size":1.0,"_time":74.99219},{"$id":"395","sounds":[{"d":0.220169067,"p":77,"v":91}],"pos":1.0,"size":1.0,"_time":75.33203},{"$id":"396","sounds":[{"d":0.127838135,"p":77,"v":92}],"pos":1.0,"size":1.0,"_time":75.55469},{"$id":"397","sounds":[{"d":0.2130661,"p":69,"v":78}],"pos":-1.0,"size":1.0,"_time":75.68359},{"$id":"398","sounds":[{"d":0.120735168,"p":74,"v":91}],"size":1.0,"_time":75.89453},{"$id":"399","sounds":[{"d":0.2130661,"p":74,"v":92}],"size":1.0,"_time":76.015625},{"$id":"400","sounds":[{"d":0.127838135,"p":74,"v":89}],"size":1.0,"_time":76.23047},{"$id":"401","sounds":[{"d":0.220169067,"p":60,"v":70}],"pos":6.5,"size":1.0,"_time":76.35547},{"$id":"402","sounds":[{"d":0.220169067,"p":67,"v":78}],"pos":11.5,"size":1.30000007,"_time":76.35547},{"$id":"403","sounds":[{"d":0.113639832,"p":72,"v":92}],"size":1.0,"_time":76.578125},{"$id":"404","sounds":[{"d":0.5681839,"p":70,"v":81}],"pos":-2.0,"size":1.0,"_time":76.69141},{"$id":"405","sounds":[{"d":0.120735168,"p":69,"v":81}],"pos":7.625,"size":1.0,"_time":77.25781},{"$id":"406","sounds":[{"d":0.3338089,"p":72,"v":91}],"pos":-1.0,"size":1.0,"_time":77.37891},{"$id":"407","sounds":[{"d":0.6818161,"p":53,"v":71}],"pos":5.625,"size":1.0,"_time":77.71484},{"$id":"408","sounds":[{"d":0.6818161,"p":79,"v":100}],"size":1.0,"_time":77.71484},{"$id":"409","sounds":[{"d":0.6818161,"p":72,"v":78},{"d":0.6818161,"p":67,"v":83},{"d":0.6818161,"p":65,"v":78}],"pos":-2.0,"size":1.30000007,"_time":77.71484},{"$id":"410","sounds":[{"d":0.5681839,"p":67,"v":82}],"pos":7.375,"size":1.0,"_time":78.39453},{"$id":"411","sounds":[{"d":0.561080933,"p":79,"v":100}],"size":1.0,"_time":78.40234},{"$id":"412","sounds":[{"d":0.461647034,"p":81,"v":100}],"pos":1.0,"size":1.0,"_time":78.96484},{"$id":"413","sounds":[{"d":0.461647034,"p":69,"v":78}],"pos":7.625,"size":1.0,"_time":78.96484},{"$id":"414","sounds":[{"d":0.340911865,"p":53,"v":73}],"pos":-2.0,"size":1.0,"_time":79.42578},{"$id":"415","sounds":[{"d":0.3338089,"p":69,"v":78}],"pos":-1.0,"size":1.0,"_time":79.765625},{"$id":"416","sounds":[{"d":0.340911865,"p":72,"v":92}],"size":1.0,"_time":80.09766},{"$id":"417","sounds":[{"d":0.6818161,"p":67,"v":82},{"d":0.6818161,"p":75,"v":83},{"w":0.0078125,"d":0.674713135,"p":72,"v":78}],"pos":-1.0,"size":1.30000007,"_time":80.44141},{"$id":"418","sounds":[{"d":0.674713135,"p":79,"v":100}],"pos":1.0,"size":1.0,"_time":80.44922},{"$id":"419","sounds":[{"d":0.674713135,"p":57,"v":68}],"pos":6.125,"size":1.0,"_time":80.44922},{"$id":"420","sounds":[{"d":0.561080933,"p":69,"v":78}],"pos":7.625,"size":1.0,"_time":81.12109},{"$id":"421","sounds":[{"d":0.553977966,"p":84,"v":100}],"pos":2.0,"size":1.0,"_time":81.12891},{"$id":"422","sounds":[{"d":0.46875,"p":74,"v":80},{"d":0.46875,"p":66,"v":78}],"pos":14.0,"size":1.30000007,"_time":81.68359},{"$id":"423","sounds":[{"d":0.46875,"p":81,"v":100}],"pos":1.0,"size":1.0,"_time":81.68359},{"$id":"424","sounds":[{"d":0.461647034,"p":50,"v":68}],"pos":5.25,"size":1.0,"_time":81.69141},{"$id":"425","sounds":[{"d":0.340911865,"p":66,"v":80}],"pos":7.25,"size":1.0,"_time":82.15234},{"$id":"426","sounds":[{"d":0.340911865,"p":72,"v":81},{"d":0.340911865,"p":69,"v":78}],"pos":10.5,"size":1.30000007,"_time":82.49219},{"$id":"427","sounds":[{"d":0.2130661,"p":81,"v":91}],"size":1.0,"_time":82.83203},{"$id":"428","sounds":[{"d":0.120735168,"p":82,"v":91}],"pos":2.0,"size":1.0,"_time":83.046875},{"$id":"429","sounds":[{"d":0.348014832,"p":69,"v":77},{"w":0.0078125,"d":0.340911865,"p":65,"v":77}],"pos":10.5,"size":1.30000007,"_time":83.16797},{"$id":"430","sounds":[{"d":0.340911865,"p":55,"v":71}],"pos":5.875,"size":1.0,"_time":83.17578},{"$id":"431","sounds":[{"d":0.340911865,"p":81,"v":93}],"size":1.0,"_time":83.17578},{"$id":"432","sounds":[{"d":0.2130661,"p":77,"v":87}],"pos":1.0,"size":1.0,"_time":83.515625},{"$id":"433","sounds":[{"d":0.127838135,"p":77,"v":87}],"pos":1.0,"size":1.0,"_time":83.73047},{"$id":"434","sounds":[{"d":0.205963135,"p":72,"v":77}],"pos":-2.0,"size":1.0,"_time":83.85547},{"$id":"435","sounds":[{"d":0.348014832,"p":74,"v":90}],"pos":-1.0,"size":1.0,"_time":84.0625},{"$id":"436","sounds":[{"d":0.120735168,"p":79,"v":89}],"pos":1.0,"size":1.0,"_time":84.41016},{"$id":"437","sounds":[{"d":0.220169067,"p":67,"v":79},{"w":0.015625,"d":0.205963135,"p":57,"v":68}],"pos":6.5,"size":1.30000007,"_time":84.53125},{"$id":"438","sounds":[{"d":0.461647034,"p":81,"v":88}],"pos":2.0,"size":1.0,"_time":84.75},{"$id":"439","sounds":[{"d":0.2130661,"p":69,"v":79}],"pos":7.625,"size":1.0,"_time":85.21484},{"$id":"440","sounds":[{"d":0.127838135,"p":72,"v":89}],"pos":-1.0,"size":1.0,"_time":85.42578},{"$id":"441","sounds":[{"d":0.2130661,"p":65,"v":77}],"pos":7.125,"size":1.0,"_time":85.55469},{"$id":"442","sounds":[{"d":0.198860168,"p":81,"v":87}],"pos":1.0,"size":1.0,"_time":85.56641},{"$id":"443","sounds":[{"d":0.127838135,"p":82,"v":90}],"pos":2.0,"size":1.0,"_time":85.765625},{"$id":"444","sounds":[{"d":0.348014832,"p":58,"v":67}],"pos":6.25,"size":1.0,"_time":85.89453},{"$id":"445","sounds":[{"d":0.340911865,"p":81,"v":93}],"size":1.0,"_time":85.90234},{"$id":"446","sounds":[{"d":0.340911865,"p":69,"v":79}],"pos":4.0,"size":1.30000007,"_time":85.90234},{"$id":"447","sounds":[{"d":0.220169067,"p":77,"v":91}],"pos":1.0,"size":1.0,"_time":86.24219},{"$id":"448","sounds":[{"d":0.113639832,"p":77,"v":88}],"pos":1.0,"size":1.0,"_time":86.46484},{"$id":"449","sounds":[{"d":0.227272034,"p":72,"v":83}],"pos":-1.0,"size":1.0,"_time":86.578125},{"$id":"450","sounds":[{"d":0.340911865,"p":74,"v":89}],"size":1.0,"_time":86.80469},{"$id":"451","sounds":[{"d":0.113639832,"p":79,"v":92}],"pos":1.0,"size":1.0,"_time":87.14453},{"$id":"452","sounds":[{"d":0.5681839,"p":67,"v":77}],"pos":12.0,"size":1.30000007,"_time":87.25781},{"$id":"453","sounds":[{"d":0.561080933,"p":48,"v":72}],"pos":5.0,"size":1.0,"_time":87.265625},{"$id":"454","sounds":[{"d":0.113639832,"p":81,"v":88}],"pos":2.0,"size":1.0,"_time":87.828125},{"$id":"455","sounds":[{"d":0.348014832,"p":69,"v":79}],"pos":12.0,"size":1.30000007,"_time":87.94141},{"$id":"456","sounds":[{"d":0.340911865,"p":60,"v":68}],"pos":6.5,"size":1.0,"_time":87.94922},{"$id":"457","sounds":[{"d":0.3338089,"p":65,"v":79}],"pos":7.125,"size":1.0,"_time":88.28906},{"$id":"458","sounds":[{"d":0.326705933,"p":77,"v":88}],"pos":-2.0,"size":1.0,"_time":88.296875},{"$id":"459","sounds":[{"d":0.553977966,"p":63,"v":67},{"d":0.553977966,"p":70,"v":81}],"pos":9.5,"size":1.30000007,"_time":88.62109},{"$id":"460","sounds":[{"d":0.546875,"p":51,"v":72}],"pos":5.375,"size":1.0,"_time":88.62891},{"$id":"461","sounds":[{"d":0.475852966,"p":72,"v":83}],"pos":-1.0,"size":1.0,"_time":89.17578},{"$id":"462","sounds":[{"d":0.2130661,"p":74,"v":89}],"size":1.0,"_time":89.65234},{"$id":"463","sounds":[{"d":0.127838135,"p":74,"v":88}],"size":1.0,"_time":89.86328},{"$id":"464","sounds":[{"d":0.220169067,"p":79,"v":91}],"pos":8.875,"size":1.0,"_time":89.99219},{"$id":"465","sounds":[{"d":0.220169067,"p":80,"v":87}],"pos":2.0,"size":1.0,"_time":89.99219},{"$id":"466","sounds":[{"d":0.113639832,"p":79,"v":91}],"pos":1.0,"size":1.0,"_time":90.21484},{"$id":"467","sounds":[{"d":0.227272034,"p":63,"v":71},{"w":0.00390625,"d":0.220169067,"p":51,"v":73}],"pos":5.0,"size":1.30000007,"_time":90.328125},{"$id":"468","sounds":[{"d":0.340911865,"p":77,"v":92}],"size":1.0,"_time":90.55469},{"$id":"469","sounds":[{"d":0.120735168,"p":74,"v":89}],"pos":-1.0,"size":1.0,"_time":90.89453},{"$id":"470","sounds":[{"d":0.3338089,"p":77,"v":93}],"pos":1.0,"size":1.0,"_time":91.015625},{"$id":"471","sounds":[{"d":0.561080933,"p":70,"v":81}],"pos":-2.0,"size":1.0,"_time":91.34766},{"$id":"472","sounds":[{"d":0.553977966,"p":50,"v":72}],"pos":5.25,"size":1.0,"_time":91.35547},{"$id":"473","sounds":[{"d":0.553977966,"p":62,"v":71},{"d":0.553977966,"p":65,"v":82}],"pos":9.5,"size":1.30000007,"_time":91.35547},{"$id":"474","sounds":[{"d":0.475852966,"p":72,"v":81}],"pos":-1.0,"size":1.0,"_time":91.91016},{"$id":"475","sounds":[{"d":0.205963135,"p":74,"v":89}],"size":1.0,"_time":92.38672},{"$id":"476","sounds":[{"d":0.120735168,"p":74,"v":90}],"size":1.0,"_time":92.59375},{"$id":"477","sounds":[{"d":0.220169067,"p":80,"v":87}],"pos":2.0,"size":1.0,"_time":92.71484},{"$id":"478","sounds":[{"d":0.220169067,"p":79,"v":91}],"pos":8.875,"size":1.0,"_time":92.71484},{"$id":"479","sounds":[{"d":0.127838135,"p":79,"v":91}],"pos":1.0,"size":1.0,"_time":92.93359},{"$id":"480","sounds":[{"d":0.2130661,"p":50,"v":67},{"d":0.2130661,"p":62,"v":67}],"pos":5.0,"size":1.30000007,"_time":93.0625},{"$id":"481","sounds":[{"d":0.348014832,"p":77,"v":88}],"size":1.0,"_time":93.27344},{"$id":"482","sounds":[{"d":0.113639832,"p":74,"v":92}],"pos":-1.0,"size":1.0,"_time":93.62109},{"$id":"483","sounds":[{"d":0.340911865,"p":77,"v":91}],"pos":1.0,"size":1.0,"_time":93.734375},{"$id":"484","sounds":[{"d":0.348014832,"p":61,"v":71},{"d":0.348014832,"p":65,"v":77}],"pos":9.0,"size":1.30000007,"_time":94.078125},{"$id":"485","sounds":[{"d":0.340911865,"p":70,"v":80}],"pos":-2.0,"size":1.0,"_time":94.08203},{"$id":"486","sounds":[{"d":0.3338089,"p":49,"v":73}],"pos":5.125,"size":1.0,"_time":94.08984},{"$id":"487","sounds":[{"d":0.220169067,"p":73,"v":92}],"pos":1.0,"size":1.0,"_time":94.42578},{"$id":"488","sounds":[{"d":0.461647034,"p":72,"v":77}],"pos":-1.0,"size":1.0,"_time":94.64453},{"$id":"489","sounds":[{"d":0.2130661,"p":73,"v":88}],"size":1.0,"_time":95.10547},{"$id":"490","sounds":[{"d":0.127838135,"p":73,"v":87}],"size":1.0,"_time":95.32031},{"$id":"491","sounds":[{"d":0.205963135,"p":79,"v":89}],"pos":8.875,"size":1.0,"_time":95.44922},{"$id":"492","sounds":[{"d":0.198860168,"p":80,"v":90}],"pos":2.0,"size":1.0,"_time":95.453125},{"$id":"493","sounds":[{"d":0.127838135,"p":79,"v":92}],"pos":1.0,"size":1.0,"_time":95.65234},{"$id":"494","sounds":[{"d":0.2130661,"p":49,"v":67},{"d":0.2130661,"p":61,"v":69}],"pos":5.5,"size":1.30000007,"_time":95.78125},{"$id":"495","sounds":[{"d":0.348014832,"p":77,"v":93}],"size":1.0,"_time":95.99609},{"$id":"496","sounds":[{"d":0.348014832,"p":72,"v":93}],"pos":-1.0,"size":1.0,"_time":96.34375},{"$id":"497","sounds":[{"d":0.113639832,"p":72,"v":93}],"pos":-1.0,"size":1.0,"_time":96.69141},{"$id":"498","sounds":[{"d":0.348014832,"p":65,"v":79},{"w":0.0078125,"d":0.340911865,"p":63,"v":73},{"w":0.0078125,"d":0.340911865,"p":72,"v":77}],"pos":7.5,"size":1.30000007,"_time":96.80469},{"$id":"499","sounds":[{"d":0.340911865,"p":51,"v":72}],"pos":5.375,"size":1.0,"_time":96.8125},{"$id":"500","sounds":[{"d":0.3338089,"p":84,"v":101}],"pos":2.0,"size":1.0,"_time":96.81641},{"$id":"501","sounds":[{"d":0.3338089,"p":70,"v":77}],"pos":7.75,"size":1.0,"_time":97.15234},{"$id":"502","sounds":[{"d":0.326705933,"p":82,"v":100}],"pos":1.0,"size":1.0,"_time":97.16016},{"$id":"503","sounds":[{"d":0.220169067,"p":81,"v":100}],"size":1.0,"_time":97.484375},{"$id":"504","sounds":[{"d":0.1349411,"p":72,"v":81}],"pos":-1.0,"size":1.0,"_time":97.70703},{"$id":"505","sounds":[{"d":0.326705933,"p":82,"v":100}],"pos":1.0,"size":1.0,"_time":97.83984},{"$id":"506","sounds":[{"d":0.340911865,"p":81,"v":100}],"pos":1.0,"size":1.0,"_time":98.16797},{"$id":"507","sounds":[{"d":0.340911865,"p":77,"v":81},{"w":0.0078125,"d":0.3338089,"p":69,"v":78}],"pos":-2.0,"size":1.30000007,"_time":98.16797},{"$id":"508","sounds":[{"d":0.340911865,"p":82,"v":100}],"size":1.0,"_time":98.50781},{"$id":"509","sounds":[{"d":0.340911865,"p":70,"v":78}],"pos":8.0,"size":1.30000007,"_time":98.50781},{"$id":"510","sounds":[{"d":3.07528687,"p":51,"v":78}],"pos":5.375,"size":1.0,"_time":98.84766},{"$id":"511","sounds":[{"d":3.07528687,"p":72,"v":77}],"pos":-1.0,"size":1.30000007,"_time":98.84766},{"$id":"512","sounds":[{"d":3.068184,"p":84,"v":101}],"pos":2.0,"size":1.0,"_time":98.85547},{"$id":"513","sounds":[{"d":3.068184,"p":63,"v":82}],"pos":6.875,"size":1.0,"_time":98.85547},{"$id":"514","sounds":[{"d":0.688919067,"p":72,"v":60}],"pos":-1.0,"size":1.0,"_time":101.925781},{"$id":"515","sounds":[{"d":0.340911865,"p":79,"v":59}],"size":1.0,"_time":102.613281},{"$id":"516","sounds":[{"d":0.539772034,"p":79,"v":61}],"size":1.0,"_time":102.953125},{"$id":"517","sounds":[{"d":1.1505661,"p":81,"v":58}],"pos":1.0,"size":1.0,"_time":103.496094},{"$id":"518","sounds":[{"d":0.355110168,"p":72,"v":50}],"pos":-1.0,"size":1.0,"_time":104.644531},{"$id":"519","sounds":[{"d":0.674713135,"p":79,"v":62}],"size":1.0,"_time":105.0},{"$id":"520","sounds":[{"d":0.553977966,"p":79,"v":60}],"size":1.0,"_time":105.675781},{"$id":"521","sounds":[{"d":1.14346313,"p":81,"v":59}],"pos":1.0,"size":1.0,"_time":106.230469},{"$id":"522","sounds":[{"d":0.2130661,"p":81,"v":60}],"size":1.0,"_time":107.371094},{"$id":"523","sounds":[{"d":0.142044067,"p":82,"v":61}],"pos":2.0,"size":1.0,"_time":107.585938},{"$id":"524","sounds":[{"d":0.3338089,"p":81,"v":60}],"size":1.0,"_time":107.726563},{"$id":"525","sounds":[{"d":0.2130661,"p":77,"v":61}],"pos":1.0,"size":1.0,"_time":108.0625},{"$id":"526","sounds":[{"d":0.46875,"p":77,"v":63}],"pos":1.0,"size":1.0,"_time":108.273438},{"$id":"527","sounds":[{"d":0.205963135,"p":77,"v":62}],"pos":1.0,"size":1.0,"_time":108.742188},{"$id":"528","sounds":[{"d":0.127838135,"p":74,"v":58}],"pos":-1.0,"size":1.0,"_time":108.949219},{"$id":"529","sounds":[{"d":0.220169067,"p":79,"v":59}],"pos":1.0,"size":1.0,"_time":109.078125},{"$id":"530","sounds":[{"d":0.6818161,"p":81,"v":57}],"pos":2.0,"size":1.0,"_time":109.296875},{"$id":"531","sounds":[{"d":0.127838135,"p":72,"v":60}],"pos":-2.0,"size":1.0,"_time":109.980469},{"$id":"532","sounds":[{"d":0.220169067,"p":81,"v":60}],"size":1.0,"_time":110.105469},{"$id":"533","sounds":[{"d":0.113639832,"p":82,"v":62}],"pos":2.0,"size":1.0,"_time":110.328125},{"$id":"534","sounds":[{"d":0.340911865,"p":81,"v":60}],"size":1.0,"_time":110.441406},{"$id":"535","sounds":[{"d":0.220169067,"p":77,"v":63}],"pos":1.0,"size":1.0,"_time":110.78125},{"$id":"536","sounds":[{"d":0.3338089,"p":77,"v":60}],"pos":1.0,"size":1.0,"_time":111.0},{"$id":"537","sounds":[{"d":0.142044067,"p":74,"v":58}],"size":1.0,"_time":111.335938},{"$id":"538","sounds":[{"d":0.205963135,"p":74,"v":62}],"size":1.0,"_time":111.476563},{"$id":"539","sounds":[{"d":0.3338089,"p":74,"v":59}],"size":1.0,"_time":111.683594},{"$id":"540","sounds":[{"d":0.816764832,"p":72,"v":58}],"pos":-1.0,"size":1.0,"_time":112.015625},{"$id":"541","sounds":[{"d":0.3338089,"p":72,"v":67}],"pos":-1.0,"size":1.0,"_time":112.832031},{"$id":"542","sounds":[{"d":0.6818161,"p":65,"v":70},{"w":0.0078125,"d":0.674713135,"p":67,"v":71}],"pos":-2.0,"size":1.30000007,"_time":113.167969},{"$id":"543","sounds":[{"d":0.674713135,"p":53,"v":73}],"pos":5.625,"size":1.0,"_time":113.175781},{"$id":"544","sounds":[{"d":0.674713135,"p":79,"v":81}],"size":1.0,"_time":113.175781},{"$id":"545","sounds":[{"d":0.561080933,"p":79,"v":83}],"size":1.0,"_time":113.847656},{"$id":"546","sounds":[{"d":0.46875,"p":81,"v":78}],"pos":1.0,"size":1.0,"_time":114.410156},{"$id":"547","sounds":[{"d":0.46875,"p":69,"v":72}],"pos":7.625,"size":1.0,"_time":114.410156},{"$id":"548","sounds":[{"d":0.3338089,"p":53,"v":72}],"pos":-2.0,"size":1.0,"_time":114.878906},{"$id":"549","sounds":[{"d":0.348014832,"p":76,"v":78}],"pos":7.5,"size":1.0,"_time":115.214844},{"$id":"550","sounds":[{"d":0.348014832,"p":77,"v":78}],"pos":4.0,"size":1.0,"_time":115.214844},{"$id":"551","sounds":[{"d":0.3338089,"p":69,"v":77}],"pos":-1.0,"size":1.0,"_time":115.226563},{"$id":"552","sounds":[{"d":0.3338089,"p":72,"v":91}],"size":1.0,"_time":115.5625},{"$id":"553","sounds":[{"d":0.553977966,"p":79,"v":88}],"pos":1.0,"size":1.0,"_time":115.894531},{"$id":"554","sounds":[{"d":0.546875,"p":67,"v":81},{"d":0.546875,"p":72,"v":78},{"d":0.546875,"p":75,"v":78}],"pos":-1.0,"size":1.30000007,"_time":115.902344},{"$id":"555","sounds":[{"d":0.546875,"p":57,"v":70}],"pos":6.125,"size":1.0,"_time":115.902344},{"$id":"556","sounds":[{"d":0.475852966,"p":51,"v":70}],"pos":5.375,"size":1.0,"_time":116.449219},{"$id":"557","sounds":[{"d":0.475852966,"p":69,"v":81}],"pos":7.625,"size":1.0,"_time":116.449219},{"$id":"558","sounds":[{"d":0.461647034,"p":84,"v":100}],"pos":2.0,"size":1.0,"_time":116.464844},{"$id":"559","sounds":[{"d":0.674713135,"p":81,"v":92}],"pos":1.0,"size":1.0,"_time":116.925781},{"$id":"560","sounds":[{"d":0.674713135,"p":74,"v":78},{"w":0.0078125,"d":0.667610168,"p":66,"v":78}],"pos":8.0,"size":1.30000007,"_time":116.925781},{"$id":"561","sounds":[{"d":0.674713135,"p":50,"v":68}],"pos":5.25,"size":1.0,"_time":116.925781},{"$id":"562","sounds":[{"d":0.340911865,"p":50,"v":69}],"pos":5.25,"size":1.0,"_time":117.597656},{"$id":"563","sounds":[{"d":0.3338089,"p":66,"v":83}],"pos":7.25,"size":1.0,"_time":117.605469},{"$id":"564","sounds":[{"d":0.348014832,"p":72,"v":80}],"pos":8.0,"size":1.0,"_time":117.941406},{"$id":"565","sounds":[{"d":0.348014832,"p":69,"v":79}],"pos":7.625,"size":1.0,"_time":117.941406},{"$id":"566","sounds":[{"d":0.2130661,"p":81,"v":88}],"size":1.0,"_time":118.289063},{"$id":"567","sounds":[{"d":0.120735168,"p":82,"v":91}],"pos":2.0,"size":1.0,"_time":118.5},{"$id":"568","sounds":[{"d":0.340911865,"p":81,"v":89}],"size":1.0,"_time":118.621094},{"$id":"569","sounds":[{"d":0.3338089,"p":55,"v":67}],"pos":5.875,"size":1.0,"_time":118.628906},{"$id":"570","sounds":[{"d":0.3338089,"p":65,"v":79},{"w":0.0078125,"d":0.326705933,"p":69,"v":80}],"pos":4.0,"size":1.30000007,"_time":118.628906},{"$id":"571","sounds":[{"d":0.220169067,"p":77,"v":88}],"pos":1.0,"size":1.0,"_time":118.964844},{"$id":"572","sounds":[{"d":0.127838135,"p":77,"v":89}],"pos":1.0,"size":1.0,"_time":119.183594},{"$id":"573","sounds":[{"d":0.3338089,"p":72,"v":78}],"pos":-2.0,"size":1.0,"_time":119.3125},{"$id":"574","sounds":[{"d":0.220169067,"p":74,"v":91}],"pos":-1.0,"size":1.0,"_time":119.644531},{"$id":"575","sounds":[{"d":0.127838135,"p":79,"v":87}],"pos":1.0,"size":1.0,"_time":119.863281},{"$id":"576","sounds":[{"d":0.220169067,"p":57,"v":70},{"d":0.220169067,"p":67,"v":80}],"pos":6.5,"size":1.30000007,"_time":119.992188},{"$id":"577","sounds":[{"d":0.461647034,"p":81,"v":89}],"pos":2.0,"size":1.0,"_time":120.214844},{"$id":"578","sounds":[{"d":0.2130661,"p":69,"v":83}],"pos":7.625,"size":1.0,"_time":120.675781},{"$id":"579","sounds":[{"d":0.2130661,"p":72,"v":81}],"pos":8.0,"size":1.0,"_time":120.675781},{"$id":"580","sounds":[{"d":0.120735168,"p":81,"v":90}],"pos":-1.0,"size":1.0,"_time":120.886719},{"$id":"581","sounds":[{"d":0.340911865,"p":81,"v":91}],"pos":-1.0,"size":1.0,"_time":121.007813},{"$id":"582","sounds":[{"d":0.348014832,"p":65,"v":78},{"d":0.348014832,"p":70,"v":83}],"pos":4.5,"size":1.30000007,"_time":121.347656},{"$id":"583","sounds":[{"d":0.348014832,"p":58,"v":68}],"pos":6.25,"size":1.0,"_time":121.347656},{"$id":"584","sounds":[{"d":0.340911865,"p":82,"v":100}],"pos":1.0,"size":1.0,"_time":121.355469},{"$id":"585","sounds":[{"d":0.205963135,"p":81,"v":100}],"pos":-1.0,"size":1.0,"_time":121.699219},{"$id":"586","sounds":[{"d":0.205963135,"p":69,"v":82},{"w":0.00390625,"d":0.198860168,"p":65,"v":82}],"pos":7.5,"size":1.30000007,"_time":121.699219},{"$id":"587","sounds":[{"d":0.127845764,"p":82,"v":100}],"pos":1.0,"size":1.0,"_time":121.902344},{"$id":"588","sounds":[{"d":0.113639832,"p":70,"v":78}],"pos":7.75,"size":1.0,"_time":121.917969},{"$id":"589","sounds":[{"d":0.227272034,"p":72,"v":79}],"pos":8.0,"size":1.0,"_time":122.03125},{"$id":"590","sounds":[{"d":0.113639832,"p":74,"v":78}],"pos":8.25,"size":1.0,"_time":122.257813},{"$id":"591","sounds":[{"d":0.113639832,"p":82,"v":100}],"size":1.0,"_time":122.257813},{"$id":"592","sounds":[{"d":0.220169067,"p":77,"v":82}],"pos":8.625,"size":1.0,"_time":122.371094},{"$id":"593","sounds":[{"d":0.220169067,"p":86,"v":101}],"pos":2.0,"size":1.0,"_time":122.371094},{"$id":"594","sounds":[{"d":0.1349411,"p":58,"v":78}],"pos":6.25,"size":1.0,"_time":122.59375},{"$id":"595","sounds":[{"d":0.1349411,"p":72,"v":82},{"w":0.00390625,"d":0.127838135,"p":77,"v":81}],"pos":4.5,"size":1.30000007,"_time":122.59375},{"$id":"596","sounds":[{"d":0.326705933,"p":84,"v":101}],"pos":1.0,"size":1.0,"_time":122.726563},{"$id":"597","sounds":[{"d":0.553977966,"p":78,"v":78}],"size":1.0,"_time":123.054688},{"$id":"598","sounds":[{"d":0.553977966,"p":49,"v":78}],"pos":5.125,"size":1.0,"_time":123.054688},{"$id":"599","sounds":[{"d":0.553977966,"p":66,"v":80},{"d":0.553977966,"p":71,"v":78},{"w":0.0078125,"d":0.546875,"p":61,"v":80}],"pos":-2.0,"size":1.30000007,"_time":123.054688},{"$id":"600","sounds":[{"d":0.127838135,"p":70,"v":77}],"pos":7.75,"size":1.0,"_time":123.609375},{"$id":"601","sounds":[{"d":0.340911865,"p":73,"v":88}],"pos":-1.0,"size":1.0,"_time":123.734375},{"$id":"602","sounds":[{"d":0.6818161,"p":54,"v":67}],"pos":5.75,"size":1.0,"_time":124.078125},{"$id":"603","sounds":[{"d":0.674713135,"p":80,"v":100}],"size":1.0,"_time":124.082031},{"$id":"604","sounds":[{"d":0.667610168,"p":66,"v":81},{"d":0.667610168,"p":68,"v":80}],"pos":-2.0,"size":1.30000007,"_time":124.089844},{"$id":"605","sounds":[{"d":0.553977966,"p":80,"v":100}],"size":1.0,"_time":124.757813},{"$id":"606","sounds":[{"d":0.553977966,"p":68,"v":79}],"pos":7.5,"size":1.0,"_time":124.757813},{"$id":"607","sounds":[{"d":0.46875,"p":82,"v":100}],"pos":1.0,"size":1.0,"_time":125.3125},{"$id":"608","sounds":[{"d":0.454544067,"p":70,"v":78}],"pos":7.75,"size":1.0,"_time":125.328125},{"$id":"609","sounds":[{"d":0.340911865,"p":54,"v":70}],"pos":-2.0,"size":1.0,"_time":125.78125},{"$id":"610","sounds":[{"d":0.348014832,"p":70,"v":81}],"pos":-1.0,"size":1.0,"_time":126.121094},{"$id":"611","sounds":[{"d":0.3338089,"p":73,"v":89}],"pos":8.125,"size":1.0,"_time":126.46875},{"$id":"612","sounds":[{"d":0.3338089,"p":78,"v":78}],"size":1.0,"_time":126.46875},{"$id":"613","sounds":[{"d":0.6818161,"p":68,"v":81},{"d":0.6818161,"p":77,"v":82}],"pos":-1.0,"size":1.30000007,"_time":126.804688},{"$id":"614","sounds":[{"d":0.6818161,"p":80,"v":100}],"pos":1.0,"size":1.0,"_time":126.804688},{"$id":"615","sounds":[{"d":0.674713135,"p":61,"v":82}],"pos":6.625,"size":1.0,"_time":126.8125},{"$id":"616","sounds":[{"d":0.674713135,"p":51,"v":68}],"pos":5.375,"size":1.0,"_time":126.8125},{"$id":"617","sounds":[{"d":0.553977966,"p":68,"v":79}],"pos":7.5,"size":1.0,"_time":127.484375},{"$id":"618","sounds":[{"d":0.553977966,"p":77,"v":81}],"pos":8.625,"size":1.0,"_time":127.484375},{"$id":"619","sounds":[{"d":0.546875,"p":80,"v":100}],"size":1.0,"_time":127.492188},{"$id":"620","sounds":[{"d":0.4758606,"p":78,"v":83}],"pos":8.75,"size":1.0,"_time":128.039063},{"$id":"621","sounds":[{"d":0.4758606,"p":70,"v":82}],"pos":7.75,"size":1.0,"_time":128.039063},{"$id":"622","sounds":[{"d":0.461654663,"p":82,"v":100}],"pos":1.0,"size":1.0,"_time":128.054688},{"$id":"623","sounds":[{"d":0.340911865,"p":51,"v":72}],"pos":5.375,"size":1.0,"_time":128.515625},{"$id":"624","sounds":[{"d":0.3408966,"p":66,"v":77}],"pos":7.25,"size":1.0,"_time":128.855469},{"$id":"625","sounds":[{"d":0.33380127,"p":73,"v":81}],"pos":8.125,"size":1.0,"_time":128.863281},{"$id":"626","sounds":[{"d":0.21307373,"p":82,"v":100}],"size":1.0,"_time":129.199219},{"$id":"627","sounds":[{"d":0.1207428,"p":83,"v":100}],"pos":2.0,"size":1.0,"_time":129.410156},{"$id":"628","sounds":[{"d":0.3480072,"p":59,"v":69}],"pos":6.375,"size":1.0,"_time":129.53125},{"$id":"629","sounds":[{"d":0.3480072,"p":70,"v":80},{"w":0.0078125,"d":0.340911865,"p":66,"v":82}],"pos":4.0,"size":1.30000007,"_time":129.53125},{"$id":"630","sounds":[{"d":0.340911865,"p":82,"v":100}],"size":1.0,"_time":129.539063},{"$id":"631","sounds":[{"d":0.220169067,"p":78,"v":88}],"pos":1.0,"size":1.0,"_time":129.8789},{"$id":"632","sounds":[{"d":0.127838135,"p":78,"v":89}],"pos":1.0,"size":1.0,"_time":130.097656},{"$id":"633","sounds":[{"d":0.326705933,"p":73,"v":82}],"pos":-2.0,"size":1.0,"_time":130.226563},{"$id":"634","sounds":[{"d":0.220169067,"p":78,"v":91}],"pos":1.0,"size":1.0,"_time":130.554688},{"$id":"635","sounds":[{"d":0.1207428,"p":75,"v":87}],"pos":-1.0,"size":1.0,"_time":130.773438},{"$id":"636","sounds":[{"d":0.213058472,"p":80,"v":90}],"pos":1.0,"size":1.0,"_time":130.894531},{"$id":"637","sounds":[{"d":0.213058472,"p":68,"v":81},{"w":0.0078125,"d":0.205963135,"p":73,"v":77}],"pos":4.5,"size":1.30000007,"_time":130.894531},{"$id":"638","sounds":[{"d":0.1988678,"p":58,"v":72}],"pos":6.25,"size":1.0,"_time":130.910156},{"$id":"639","sounds":[{"d":0.475845337,"p":82,"v":100}],"pos":2.0,"size":1.0,"_time":131.109375},{"$id":"640","sounds":[{"d":0.205963135,"p":68,"v":83}],"pos":7.5,"size":1.0,"_time":131.582031},{"$id":"641","sounds":[{"d":0.13494873,"p":73,"v":92}],"pos":-2.0,"size":1.0,"_time":131.789063},{"$id":"642","sounds":[{"d":0.205963135,"p":70,"v":80}],"pos":7.75,"size":1.0,"_time":131.925781},{"$id":"643","sounds":[{"d":0.205963135,"p":82,"v":100}],"size":1.0,"_time":131.925781},{"$id":"644","sounds":[{"d":0.13494873,"p":83,"v":100}],"pos":2.0,"size":1.0,"_time":132.1289},{"$id":"645","sounds":[{"d":0.3408966,"p":66,"v":78}],"pos":3.5,"size":1.30000007,"_time":132.265625},{"$id":"646","sounds":[{"d":0.33380127,"p":56,"v":70}],"pos":6.0,"size":1.0,"_time":132.273438},{"$id":"647","sounds":[{"d":0.33380127,"p":82,"v":100}],"size":1.0,"_time":132.273438},{"$id":"648","sounds":[{"d":0.21307373,"p":78,"v":87}],"pos":1.0,"size":1.0,"_time":132.605469},{"$id":"649","sounds":[{"d":0.127838135,"p":78,"v":88}],"pos":1.0,"size":1.0,"_time":132.820313},{"$id":"650","sounds":[{"d":0.21307373,"p":70,"v":83}],"pos":-1.0,"size":1.0,"_time":132.949219},{"$id":"651","sounds":[{"d":0.127838135,"p":75,"v":88}],"size":1.0,"_time":133.160156},{"$id":"652","sounds":[{"d":0.21307373,"p":75,"v":88}],"size":1.0,"_time":133.289063},{"$id":"653","sounds":[{"d":0.1207428,"p":75,"v":93}],"size":1.0,"_time":133.5},{"$id":"654","sounds":[{"d":0.220169067,"p":61,"v":70}],"pos":6.625,"size":1.0,"_time":133.6211},{"$id":"655","sounds":[{"d":0.21307373,"p":68,"v":80}],"pos":4.5,"size":1.30000007,"_time":133.6289},{"$id":"656","sounds":[{"d":0.127838135,"p":73,"v":90}],"size":1.0,"_time":133.84375},{"$id":"657","sounds":[{"d":0.561080933,"p":71,"v":79}],"pos":-2.0,"size":1.0,"_time":133.96875},{"$id":"658","sounds":[{"d":0.1136322,"p":70,"v":81}],"pos":7.75,"size":1.0,"_time":134.53125},{"$id":"659","sounds":[{"d":0.3408966,"p":85,"v":68}],"pos":5.5,"size":1.0,"_time":134.644531},{"$id":"660","sounds":[{"d":0.33380127,"p":73,"v":92}],"pos":-1.0,"size":1.0,"_time":134.652344},{"$id":"661","sounds":[{"d":0.6889038,"p":80,"v":100}],"size":1.0,"_time":134.984375},{"$id":"662","sounds":[{"d":0.6889038,"p":54,"v":70}],"pos":5.75,"size":1.0,"_time":134.984375},{"$id":"663","sounds":[{"d":0.6889038,"p":66,"v":79},{"w":0.0078125,"d":0.6818085,"p":78,"v":80},{"w":0.015625,"d":0.674713135,"p":68,"v":81}],"pos":-2.0,"size":1.30000007,"_time":134.984375},{"$id":"664","sounds":[{"d":0.561080933,"p":80,"v":100}],"size":1.0,"_time":135.675781},{"$id":"665","sounds":[{"d":0.561080933,"p":68,"v":83}],"pos":7.5,"size":1.0,"_time":135.675781},{"$id":"666","sounds":[{"d":0.461654663,"p":82,"v":100}],"pos":1.0,"size":1.0,"_time":136.234375},{"$id":"667","sounds":[{"d":0.461654663,"p":70,"v":80}],"pos":7.75,"size":1.0,"_time":136.234375},{"$id":"668","sounds":[{"d":0.340911865,"p":54,"v":68}],"pos":-2.0,"size":1.0,"_time":136.699219},{"$id":"669","sounds":[{"d":0.340911865,"p":70,"v":83}],"pos":-1.0,"size":1.0,"_time":137.039063},{"$id":"670","sounds":[{"d":0.340911865,"p":78,"v":82}],"size":1.0,"_time":137.3789},{"$id":"671","sounds":[{"d":0.340911865,"p":73,"v":93}],"pos":8.125,"size":1.0,"_time":137.3789},{"$id":"672","sounds":[{"d":0.546875,"p":76,"v":77},{"w":0.0078125,"d":0.539779663,"p":73,"v":78},{"w":0.0078125,"d":0.539779663,"p":68,"v":79}],"pos":-1.0,"size":1.30000007,"_time":137.71875},{"$id":"673","sounds":[{"d":0.546875,"p":80,"v":100}],"pos":1.0,"size":1.0,"_time":137.71875},{"$id":"674","sounds":[{"d":0.539779663,"p":58,"v":70}],"pos":6.25,"size":1.0,"_time":137.726563},{"$id":"675","sounds":[{"d":0.46875,"p":52,"v":67}],"pos":5.5,"size":1.0,"_time":138.265625},{"$id":"676","sounds":[{"d":0.461654663,"p":70,"v":80}],"pos":7.75,"size":1.0,"_time":138.273438},{"$id":"677","sounds":[{"d":0.461654663,"p":85,"v":100}],"pos":2.0,"size":1.0,"_time":138.273438},{"$id":"678","sounds":[{"d":0.6889038,"p":67,"v":79},{"w":0.0078125,"d":0.6818085,"p":75,"v":77}],"pos":7.0,"size":1.30000007,"_time":138.734375},{"$id":"679","sounds":[{"d":0.674713135,"p":51,"v":72}],"pos":5.375,"size":1.0,"_time":138.75},{"$id":"680","sounds":[{"d":0.674713135,"p":82,"v":100}],"pos":1.0,"size":1.0,"_time":138.75},{"$id":"681","sounds":[{"d":0.33380127,"p":51,"v":68}],"pos":5.375,"size":1.0,"_time":139.425781},{"$id":"682","sounds":[{"d":0.33380127,"p":67,"v":83}],"pos":7.375,"size":1.0,"_time":139.425781},{"$id":"683","sounds":[{"d":0.3480072,"p":73,"v":79}],"pos":8.125,"size":1.0,"_time":139.757813},{"$id":"684","sounds":[{"d":0.340911865,"p":70,"v":80}],"pos":7.75,"size":1.0,"_time":139.765625},{"$id":"685","sounds":[{"d":0.220169067,"p":82,"v":100}],"size":1.0,"_time":140.105469},{"$id":"686","sounds":[{"d":0.1136322,"p":83,"v":100}],"pos":2.0,"size":1.0,"_time":140.328125},{"$id":"687","sounds":[{"d":0.3480072,"p":82,"v":100}],"size":1.0,"_time":140.4414},{"$id":"688","sounds":[{"d":0.3480072,"p":70,"v":78},{"d":0.3480072,"p":66,"v":79}],"pos":4.0,"size":1.30000007,"_time":140.4414},{"$id":"689","sounds":[{"d":0.33380127,"p":56,"v":68}],"pos":6.0,"size":1.0,"_time":140.453125},{"$id":"690","sounds":[{"d":0.21307373,"p":78,"v":91}],"pos":1.0,"size":1.0,"_time":140.789063},{"$id":"691","sounds":[{"d":0.13494873,"p":78,"v":87}],"pos":1.0,"size":1.0,"_time":141.0},{"$id":"692","sounds":[{"d":0.1988678,"p":73,"v":81}],"pos":-1.0,"size":1.0,"_time":141.136719},{"$id":"693","sounds":[{"d":0.3551178,"p":75,"v":91}],"size":1.0,"_time":141.335938},{"$id":"694","sounds":[{"d":0.1136322,"p":80,"v":90}],"pos":1.0,"size":1.0,"_time":141.6914},{"$id":"695","sounds":[{"d":0.220169067,"p":68,"v":83},{"w":0.0078125,"d":0.21307373,"p":58,"v":73}],"pos":5.5,"size":1.30000007,"_time":141.804688},{"$id":"696","sounds":[{"d":0.46875,"p":82,"v":100}],"pos":2.0,"size":1.0,"_time":142.023438},{"$id":"697","sounds":[{"d":0.46875,"p":70,"v":77}],"pos":7.75,"size":1.0,"_time":142.023438},{"$id":"698","sounds":[{"d":0.21307373,"p":58,"v":72}],"pos":6.25,"size":1.0,"_time":142.492188},{"$id":"699","sounds":[{"d":0.127838135,"p":73,"v":93}],"pos":-2.0,"size":1.0,"_time":142.707031},{"$id":"700","sounds":[{"d":0.1207428,"p":66,"v":78}],"pos":7.5,"size":1.0,"_time":142.714844},{"$id":"701","sounds":[{"d":0.220169067,"p":82,"v":100}],"size":1.0,"_time":142.832031},{"$id":"702","sounds":[{"d":0.1136322,"p":83,"v":100}],"pos":2.0,"size":1.0,"_time":143.054688},{"$id":"703","sounds":[{"d":0.3480072,"p":59,"v":73}],"pos":6.375,"size":1.0,"_time":143.167969},{"$id":"704","sounds":[{"d":0.3480072,"p":70,"v":80},{"w":0.0078125,"d":0.340911865,"p":66,"v":82}],"pos":4.0,"size":1.30000007,"_time":143.167969},{"$id":"705","sounds":[{"d":0.3480072,"p":82,"v":100}],"size":1.0,"_time":143.167969},{"$id":"706","sounds":[{"d":0.21307373,"p":78,"v":93}],"pos":1.0,"size":1.0,"_time":143.515625},{"$id":"707","sounds":[{"d":0.13494873,"p":78,"v":91}],"pos":1.0,"size":1.0,"_time":143.730469},{"$id":"708","sounds":[{"d":0.205963135,"p":73,"v":81}],"pos":-1.0,"size":1.0,"_time":143.863281},{"$id":"709","sounds":[{"d":0.205963135,"p":66,"v":83}],"pos":7.25,"size":1.0,"_time":143.863281},{"$id":"710","sounds":[{"d":0.127838135,"p":75,"v":87}],"size":1.0,"_time":144.070313},{"$id":"711","sounds":[{"d":0.21307373,"p":59,"v":73}],"pos":6.375,"size":1.0,"_time":144.199219},{"$id":"712","sounds":[{"d":0.1207428,"p":80,"v":88}],"pos":1.0,"size":1.0,"_time":144.410156},{"$id":"713","sounds":[{"d":0.56817627,"p":49,"v":68}],"pos":5.125,"size":1.0,"_time":144.53125},{"$id":"714","sounds":[{"d":0.561080933,"p":68,"v":79}],"pos":9.0,"size":1.30000007,"_time":144.539063},{"$id":"715","sounds":[{"d":0.1136322,"p":82,"v":100}],"pos":2.0,"size":1.0,"_time":145.097656},{"$id":"716","sounds":[{"d":0.3408966,"p":61,"v":67}],"pos":6.625,"size":1.0,"_time":145.214844},{"$id":"717","sounds":[{"d":0.33380127,"p":70,"v":79}],"pos":9.0,"size":1.30000007,"_time":145.21875},{"$id":"718","sounds":[{"d":0.3408966,"p":66,"v":81}],"pos":7.25,"size":1.0,"_time":145.554688},{"$id":"719","sounds":[{"d":0.33380127,"p":78,"v":87}],"pos":1.0,"size":1.0,"_time":145.5625},{"$id":"720","sounds":[{"d":0.3408966,"p":54,"v":73}],"pos":-2.0,"size":1.0,"_time":145.894531},{"$id":"721","sounds":[{"d":0.33380127,"p":70,"v":81}],"size":1.0,"_time":145.902344},{"$id":"722","sounds":[{"d":0.3480072,"p":61,"v":79}],"pos":-1.0,"size":1.0,"_time":146.234375},{"$id":"723","sounds":[{"d":0.33380127,"p":73,"v":82}],"pos":1.0,"size":1.0,"_time":146.582031},{"$id":"724","sounds":[{"d":0.21307373,"p":66,"v":82}],"size":1.0,"_time":146.917969},{"$id":"725","sounds":[{"d":0.468734741,"p":64,"v":83}],"pos":7.0,"size":1.0,"_time":147.1289},{"$id":"726","sounds":[{"d":0.4616394,"p":70,"v":78}],"pos":1.0,"size":1.0,"_time":147.136719},{"$id":"727","sounds":[{"d":0.454544067,"p":55,"v":71}],"pos":-1.0,"size":1.30000007,"_time":147.144531},{"$id":"728","sounds":[{"d":0.561080933,"p":55,"v":70}],"pos":-1.0,"size":1.30000007,"_time":147.597656},{"$id":"729","sounds":[{"d":0.561080933,"p":73,"v":81}],"pos":2.0,"size":1.0,"_time":147.597656},{"$id":"730","sounds":[{"d":0.120727539,"p":64,"v":79}],"pos":7.0,"size":1.0,"_time":148.160156},{"$id":"731","sounds":[{"d":0.1136322,"p":76,"v":81}],"pos":-2.0,"size":1.0,"_time":148.167969},{"$id":"732","sounds":[{"d":0.21307373,"p":82,"v":100}],"size":1.0,"_time":148.28125},{"$id":"733","sounds":[{"d":0.1988678,"p":73,"v":82}],"pos":8.125,"size":1.0,"_time":148.296875},{"$id":"734","sounds":[{"d":0.127838135,"p":83,"v":100}],"pos":2.0,"size":1.0,"_time":148.4961},{"$id":"735","sounds":[{"d":0.1207428,"p":71,"v":77}],"pos":7.875,"size":1.0,"_time":148.5},{"$id":"736","sounds":[{"d":0.347991943,"p":66,"v":78},{"w":0.0078125,"d":0.3408966,"p":70,"v":83}],"pos":4.5,"size":1.30000007,"_time":148.6211},{"$id":"737","sounds":[{"d":0.3408966,"p":82,"v":100}],"size":1.0,"_time":148.6289},{"$id":"738","sounds":[{"d":0.33380127,"p":56,"v":72}],"pos":6.0,"size":1.0,"_time":148.636719},{"$id":"739","sounds":[{"d":0.205963135,"p":66,"v":77}],"pos":7.25,"size":1.0,"_time":148.96875},{"$id":"740","sounds":[{"d":0.205963135,"p":78,"v":88}],"pos":1.0,"size":1.0,"_time":148.96875},{"$id":"741","sounds":[{"d":0.134933472,"p":78,"v":92}],"pos":1.0,"size":1.0,"_time":149.175781},{"$id":"742","sounds":[{"d":0.127838135,"p":73,"v":80}],"pos":8.125,"size":1.0,"_time":149.1836},{"$id":"743","sounds":[{"d":0.33380127,"p":56,"v":69}],"pos":6.0,"size":1.0,"_time":149.3125},{"$id":"744","sounds":[{"d":0.21307373,"p":75,"v":87}],"pos":-1.0,"size":1.0,"_time":149.644531},{"$id":"745","sounds":[{"d":0.21307373,"p":66,"v":79}],"pos":7.25,"size":1.0,"_time":149.644531},{"$id":"746","sounds":[{"d":0.13494873,"p":80,"v":92}],"pos":1.0,"size":1.0,"_time":149.859375},{"$id":"747","sounds":[{"d":0.220169067,"p":68,"v":83}],"pos":7.5,"size":1.0,"_time":149.992188},{"$id":"748","sounds":[{"d":0.220169067,"p":58,"v":69}],"pos":6.25,"size":1.0,"_time":149.992188},{"$id":"749","sounds":[{"d":0.127838135,"p":82,"v":100}],"pos":2.0,"size":1.0,"_time":150.214844},{"$id":"750","sounds":[{"d":0.326705933,"p":70,"v":79}],"pos":7.75,"size":1.0,"_time":150.339844},{"$id":"751","sounds":[{"d":0.220169067,"p":58,"v":73}],"pos":6.25,"size":1.0,"_time":150.667969},{"$id":"752","sounds":[{"d":0.205963135,"p":73,"v":81}],"pos":8.125,"size":1.0,"_time":150.6836},{"$id":"753","sounds":[{"d":0.1207428,"p":82,"v":100}],"size":1.0,"_time":150.886719},{"$id":"754","sounds":[{"d":0.227279663,"p":70,"v":82}],"pos":7.75,"size":1.0,"_time":151.007813},{"$id":"755","sounds":[{"d":0.227279663,"p":82,"v":100}],"size":1.0,"_time":151.007813},{"$id":"756","sounds":[{"d":0.1136322,"p":82,"v":100}],"size":1.0,"_time":151.234375},{"$id":"757","sounds":[{"d":0.3408966,"p":59,"v":70}],"pos":6.375,"size":1.0,"_time":151.347656},{"$id":"758","sounds":[{"d":0.3408966,"p":83,"v":100}],"pos":2.0,"size":1.0,"_time":151.347656},{"$id":"759","sounds":[{"d":0.33380127,"p":73,"v":78},{"w":0.0078125,"d":0.326705933,"p":66,"v":83}],"pos":5.5,"size":1.30000007,"_time":151.355469},{"$id":"760","sounds":[{"d":0.2272644,"p":70,"v":81}],"pos":7.75,"size":1.0,"_time":151.6914},{"$id":"761","sounds":[{"d":0.220169067,"p":66,"v":83}],"pos":7.25,"size":1.0,"_time":151.699219},{"$id":"762","sounds":[{"d":0.220169067,"p":82,"v":100}],"pos":1.0,"size":1.0,"_time":151.699219},{"$id":"763","sounds":[{"d":0.1136322,"p":78,"v":88}],"pos":-1.0,"size":1.0,"_time":151.917969},{"$id":"764","sounds":[{"d":0.213058472,"p":59,"v":67}],"pos":6.375,"size":1.0,"_time":152.03125},{"$id":"765","sounds":[{"d":0.205963135,"p":73,"v":82}],"pos":-2.0,"size":1.0,"_time":152.039063},{"$id":"766","sounds":[{"d":0.142044067,"p":78,"v":88}],"pos":1.0,"size":1.0,"_time":152.2461},{"$id":"767","sounds":[{"d":0.326690674,"p":68,"v":82}],"pos":7.5,"size":1.0,"_time":152.386719},{"$id":"768","sounds":[{"d":0.319595337,"p":80,"v":92}],"pos":2.0,"size":1.0,"_time":152.394531},{"$id":"769","sounds":[{"d":2.24430847,"p":49,"v":73},{"d":2.24430847,"p":61,"v":80}],"pos":-2.0,"size":1.30000007,"_time":152.714844},{"$id":"770","sounds":[{"d":2.24430847,"p":71,"v":81},{"w":0.00390625,"d":2.23721313,"p":73,"v":81}],"pos":2.0,"size":1.30000007,"_time":152.714844},{"$id":"771","sounds":[{"d":0.49005127,"p":78,"v":69}],"pos":1.0,"size":1.0,"_time":154.957031},{"$id":"772","sounds":[{"d":1.14346313,"p":70,"v":39},{"d":1.14346313,"p":73,"v":39}],"pos":-1.0,"size":1.30000007,"_time":155.449219},{"$id":"773","sounds":[{"d":1.1363678,"p":54,"v":41}],"pos":5.75,"size":1.0,"_time":155.453125},{"$id":"774","sounds":[{"d":1.1363678,"p":78,"v":67}],"pos":1.0,"size":1.0,"_time":155.453125},{"$id":"775","sounds":[{"d":1.66903687,"p":76,"v":42}],"pos":2.0,"size":1.0,"_time":156.589844},{"$id":"776","sounds":[{"d":1.40623474,"p":70,"v":43},{"w":0.01171875,"d":1.39204407,"p":66,"v":39}],"pos":4.5,"size":1.30000007,"_time":158.261719},{"$id":"777","sounds":[{"d":1.3991394,"p":75,"v":42}],"pos":1.0,"size":1.0,"_time":158.265625},{"$id":"778","sounds":[{"d":1.3991394,"p":59,"v":38}],"pos":6.375,"size":1.0,"_time":158.265625},{"$id":"779","sounds":[{"d":0.88067627,"p":74,"v":41}],"size":1.0,"_time":159.667969},{"$id":"780","sounds":[{"d":0.873580933,"p":71,"v":41}],"pos":7.875,"size":1.0,"_time":159.671875},{"$id":"781","sounds":[{"d":1.81817627,"p":68,"v":41}],"pos":-1.0,"size":1.0,"_time":160.546875},{"$id":"782","sounds":[{"d":9.445999,"p":73,"v":40},{"w":0.0078125,"d":0.007095337,"p":66,"v":41},{"w":0.0078125,"d":9.445999,"p":70,"v":41}],"pos":-2.0,"size":1.30000007,"_time":162.363281},{"$id":"783","sounds":[{"d":9.445999,"p":54,"v":38}],"pos":5.75,"size":1.0,"_time":162.3711},{"$id":"784","sounds":[{"d":9.438904,"p":78,"v":41}],"pos":1.0,"size":1.0,"_time":162.3789}],"links":[{"notes":[{"$ref":"766"},{"$ref":"768"}]},{"notes":[{"$ref":"60"},{"$ref":"61"}]},{"notes":[{"$ref":"62"},{"$ref":"63"}]},{"notes":[{"$ref":"129"},{"$ref":"130"}]},{"notes":[{"$ref":"131"},{"$ref":"132"}]},{"notes":[{"$ref":"187"},{"$ref":"188"}]},{"notes":[{"$ref":"189"},{"$ref":"190"}]},{"notes":[{"$ref":"212"},{"$ref":"215"}]},{"notes":[{"$ref":"763"},{"$ref":"765"}]},{"notes":[{"$ref":"205"},{"$ref":"207"}]},{"notes":[{"$ref":"47"},{"$ref":"50"}]}]}