{"speed":12.0,"notes":[{"$id":"1","sounds":[{"d":0.3328805,"p":69,"v":90}],"pos":2.0,"size":1.0,"_time":1.3046875},{"$id":"2","sounds":[{"d":0.4891305,"p":66,"v":90}],"pos":-1.0,"size":1.0,"_time":1.95703125},{"$id":"3","sounds":[{"d":0.1630435,"p":67,"v":90}],"pos":1.0,"size":1.0,"_time":2.4453125},{"$id":"4","sounds":[{"d":0.326087,"p":66,"v":90}],"pos":-1.0,"size":1.0,"_time":2.609375},{"$id":"5","sounds":[{"d":0.326087,"p":62,"v":90}],"pos":-2.0,"size":1.0,"_time":2.93359375},{"$id":"6","sounds":[{"d":0.326087,"p":69,"v":90}],"pos":1.0,"size":1.0,"_time":3.90625},{"$id":"7","sounds":[{"d":0.482337,"p":66,"v":90}],"pos":-2.0,"size":1.0,"_time":4.56640625},{"$id":"8","sounds":[{"d":0.15625,"p":67,"v":90}],"pos":-1.0,"size":1.0,"_time":5.0546875},{"$id":"9","sounds":[{"d":0.3328805,"p":71,"v":90}],"pos":2.0,"size":1.0,"_time":5.2109375},{"$id":"10","sounds":[{"d":0.326087,"p":71,"v":90}],"pos":2.0,"size":1.0,"_time":5.54296875},{"$id":"11","sounds":[{"d":0.326087,"p":69,"v":90}],"size":1.0,"_time":5.87109375},{"$id":"12","sounds":[{"d":0.326087,"p":69,"v":90}],"pos":2.0,"size":1.0,"_time":6.5234375},{"$id":"13","sounds":[{"d":0.4891305,"p":66,"v":90}],"pos":-1.0,"size":1.0,"_time":7.17578125},{"$id":"14","sounds":[{"d":0.1630435,"p":67,"v":90}],"pos":1.0,"size":1.0,"_time":7.65625},{"$id":"15","sounds":[{"d":0.326087,"p":66,"v":90}],"pos":-1.0,"size":1.0,"_time":7.82421875},{"$id":"16","sounds":[{"d":0.33288002,"p":62,"v":90}],"pos":-2.0,"size":1.0,"_time":8.144531},{"$id":"17","sounds":[{"d":0.326087,"p":69,"v":90}],"pos":1.0,"size":1.0,"_time":9.125},{"$id":"18","sounds":[{"d":0.489130974,"p":66,"v":90}],"pos":-2.0,"size":1.0,"_time":9.78125},{"$id":"19","sounds":[{"d":0.163043976,"p":67,"v":90}],"pos":-1.0,"size":1.0,"_time":10.2734375},{"$id":"20","sounds":[{"d":0.332880974,"p":71,"v":90}],"pos":2.0,"size":1.0,"_time":10.4335938},{"$id":"21","sounds":[{"d":0.013586998,"p":71,"v":90}],"pos":2.0,"size":1.0,"_time":10.7539063},{"$id":"22","sounds":[{"d":0.326087,"p":69,"v":90}],"size":1.0,"_time":11.0859375},{"$id":"23","sounds":[{"d":2.615487,"p":69,"v":90}],"pos":2.0,"size":1.0,"_time":11.7304688},{"$id":"24","sounds":[{"d":0.82201004,"p":59,"v":85}],"pos":5.0,"size":1.0,"_time":11.7304688},{"$id":"25","sounds":[{"d":0.652174,"p":66,"v":85}],"pos":10.5,"size":1.0,"_time":11.7304688},{"$id":"26","sounds":[{"d":0.645381,"p":43,"v":85}],"size":1.30000007,"_time":11.7382813},{"$id":"27","sounds":[{"d":0.163043022,"p":43,"v":85}],"pos":-2.0,"size":1.30000007,"_time":12.3828125},{"$id":"28","sounds":[{"d":0.489129066,"p":66,"v":90}],"size":1.0,"_time":12.390625},{"$id":"29","sounds":[{"d":0.115489006,"p":59,"v":85}],"pos":-1.0,"size":1.30000007,"_time":12.5546875},{"$id":"30","sounds":[{"d":0.09510803,"p":61,"v":85}],"pos":6.5,"size":1.0,"_time":12.875},{"$id":"31","sounds":[{"d":0.163043022,"p":67,"v":90}],"pos":2.0,"size":1.0,"_time":12.8789063},{"$id":"32","sounds":[{"d":0.08831501,"p":57,"v":85}],"size":1.30000007,"_time":12.8789063},{"$id":"33","sounds":[{"d":1.311141,"p":66,"v":90}],"pos":1.0,"size":1.0,"_time":13.0351563},{"$id":"34","sounds":[{"d":0.978261,"p":42,"v":85}],"pos":-2.0,"size":1.30000007,"_time":13.3632813},{"$id":"35","sounds":[{"d":0.985054,"p":62,"v":90}],"size":1.0,"_time":13.3710938},{"$id":"36","sounds":[{"d":0.978261,"p":57,"v":85}],"pos":5.0,"size":1.0,"_time":13.3710938},{"$id":"37","sounds":[{"d":0.815216064,"p":55,"v":85}],"pos":5.875,"size":1.0,"_time":14.3398438},{"$id":"38","sounds":[{"d":0.652173042,"p":40,"v":85}],"pos":-1.0,"size":1.30000007,"_time":14.3398438},{"$id":"39","sounds":[{"d":5.05435276,"p":69,"v":90}],"pos":1.0,"size":1.0,"_time":14.3476563},{"$id":"40","sounds":[{"d":0.006793022,"p":62,"v":85}],"pos":6.75,"size":1.0,"_time":14.3476563},{"$id":"41","sounds":[{"d":0.169836044,"p":40,"v":85}],"pos":-2.0,"size":1.30000007,"_time":14.9921875},{"$id":"42","sounds":[{"d":0.489129066,"p":66,"v":90}],"size":1.0,"_time":15.0},{"$id":"43","sounds":[{"d":0.10869503,"p":55,"v":85}],"pos":-1.0,"size":1.30000007,"_time":15.1640625},{"$id":"44","sounds":[{"d":0.006793022,"p":62,"v":85}],"pos":6.75,"size":1.0,"_time":15.1640625},{"$id":"45","sounds":[{"d":0.163043022,"p":67,"v":90}],"pos":1.0,"size":1.0,"_time":15.4804688},{"$id":"46","sounds":[{"d":0.0951089859,"p":57,"v":85}],"pos":-1.0,"size":1.30000007,"_time":15.4882813},{"$id":"47","sounds":[{"d":0.0951089859,"p":61,"v":85}],"pos":6.625,"size":1.0,"_time":15.4882813},{"$id":"48","sounds":[{"d":0.326087,"p":71,"v":100}],"pos":2.0,"size":1.0,"_time":15.6445313},{"$id":"49","sounds":[{"d":0.978261948,"p":57,"v":85}],"pos":6.125,"size":1.0,"_time":15.9726563},{"$id":"50","sounds":[{"d":0.9782629,"p":61,"v":85}],"pos":6.625,"size":1.0,"_time":15.9765625},{"$id":"51","sounds":[{"d":0.326087,"p":71,"v":100}],"pos":2.0,"size":1.0,"_time":15.9765625},{"$id":"52","sounds":[{"d":0.65217495,"p":38,"v":85}],"pos":-2.0,"size":1.30000007,"_time":15.9765625},{"$id":"53","sounds":[{"d":0.0135860443,"p":69,"v":100}],"pos":1.0,"size":1.0,"_time":16.296875},{"$id":"54","sounds":[{"d":0.15625,"p":45,"v":90}],"pos":4.625,"size":1.0,"_time":16.6289063},{"$id":"55","sounds":[{"d":0.163043976,"p":47,"v":90}],"pos":4.875,"size":1.0,"_time":16.7851563},{"$id":"56","sounds":[{"d":0.8152199,"p":48,"v":90}],"pos":5.5,"size":1.0,"_time":16.9492188},{"$id":"57","sounds":[{"d":1.30435181,"p":62,"v":100}],"pos":-1.0,"size":1.0,"_time":16.9570313},{"$id":"58","sounds":[{"d":2.43886375,"p":55,"v":100}],"pos":-2.0,"size":1.0,"_time":17.1210938},{"$id":"59","sounds":[{"d":0.006793976,"p":62,"v":100}],"pos":-1.0,"size":1.0,"_time":17.28125},{"$id":"60","sounds":[{"d":0.326087952,"p":66,"v":100}],"size":1.0,"_time":17.4453125},{"$id":"61","sounds":[{"d":0.978263855,"p":67,"v":100}],"pos":1.0,"size":1.0,"_time":17.7734375},{"$id":"62","sounds":[{"d":0.108695984,"p":48,"v":90}],"pos":5.0,"size":1.0,"_time":17.7734375},{"$id":"63","sounds":[{"d":0.006793976,"p":62,"v":90}],"pos":6.75,"size":1.0,"_time":17.7734375},{"$id":"64","sounds":[{"d":0.108695984,"p":47,"v":90}],"pos":3.5,"size":1.0,"_time":18.0898438},{"$id":"65","sounds":[{"d":0.006793976,"p":69,"v":100}],"pos":2.0,"size":1.0,"_time":18.0976563},{"$id":"66","sounds":[{"d":1.29755592,"p":62,"v":100}],"pos":-1.0,"size":1.0,"_time":18.2617188},{"$id":"67","sounds":[{"d":0.006793976,"p":55,"v":100}],"pos":-2.0,"size":1.0,"_time":18.4179688},{"$id":"68","sounds":[{"d":0.652174,"p":47,"v":90}],"pos":5.5,"size":1.0,"_time":18.5820313},{"$id":"69","sounds":[{"d":0.006793976,"p":62,"v":100}],"pos":-1.0,"size":1.0,"_time":18.5859375},{"$id":"70","sounds":[{"d":0.163043976,"p":66,"v":100}],"size":1.0,"_time":18.7421875},{"$id":"71","sounds":[{"d":0.006793976,"p":55,"v":90}],"pos":7.0,"size":1.0,"_time":18.90625},{"$id":"72","sounds":[{"d":0.169836044,"p":67,"v":100}],"pos":1.0,"size":1.0,"_time":18.90625},{"$id":"73","sounds":[{"d":0.15625,"p":66,"v":100}],"size":1.0,"_time":19.0742188},{"$id":"74","sounds":[{"d":0.006793976,"p":62,"v":90}],"pos":11.0,"size":1.0,"_time":19.2304688},{"$id":"75","sounds":[{"d":0.163043976,"p":43,"v":90}],"pos":5.5,"size":1.0,"_time":19.2382813},{"$id":"76","sounds":[{"d":0.163043976,"p":67,"v":100}],"pos":1.0,"size":1.0,"_time":19.2382813},{"$id":"77","sounds":[{"d":0.163043976,"p":45,"v":90}],"pos":5.5,"size":1.0,"_time":19.4023438},{"$id":"78","sounds":[{"d":1.4605999,"p":69,"v":100}],"pos":2.0,"size":1.0,"_time":19.4023438},{"$id":"79","sounds":[{"d":0.658968,"p":46,"v":90}],"pos":4.0,"size":1.0,"_time":19.5585938},{"$id":"80","sounds":[{"d":0.495924,"p":67,"v":100}],"pos":1.0,"size":1.0,"_time":19.5585938},{"$id":"81","sounds":[{"d":0.978261948,"p":62,"v":90}],"pos":10.0,"size":1.0,"_time":19.5664063},{"$id":"82","sounds":[{"d":0.48913002,"p":55,"v":90}],"pos":6.5,"size":1.0,"_time":19.5664063},{"$id":"83","sounds":[{"d":0.006793976,"p":62,"v":90}],"pos":-1.0,"size":1.0,"_time":19.890625},{"$id":"84","sounds":[{"d":0.006793976,"p":69,"v":100}],"size":1.0,"_time":20.046875},{"$id":"85","sounds":[{"d":0.006793976,"p":62,"v":90},{"d":0.9714699,"p":55,"v":90}],"pos":-2.0,"size":1.30000007,"_time":20.0546875},{"$id":"86","sounds":[{"d":1.29755783,"p":46,"v":85}],"pos":4.75,"size":1.0,"_time":20.21875},{"$id":"87","sounds":[{"d":0.006793976,"p":62,"v":90}],"pos":-1.0,"size":1.0,"_time":20.3789063},{"$id":"88","sounds":[{"d":0.006793976,"p":55,"v":90},{"w":0.0078125,"d":1.63043976,"p":62,"v":90},{"w":0.0078125,"d":0.006793976,"p":69,"v":90}],"pos":-2.0,"size":1.30000007,"_time":20.5351563},{"$id":"89","sounds":[{"d":1.63043976,"p":74,"v":100}],"pos":1.0,"size":1.0,"_time":20.5429688},{"$id":"90","sounds":[{"d":0.169837952,"p":69,"v":90}],"size":1.0,"_time":20.8632813},{"$id":"91","sounds":[{"d":0.006793976,"p":46,"v":85}],"pos":4.75,"size":1.0,"_time":20.8710938},{"$id":"92","sounds":[{"d":1.14810181,"p":55,"v":90},{"w":0.00390625,"d":0.326087952,"p":70,"v":90},{"w":0.00390625,"d":0.006793976,"p":62,"v":90}],"pos":-1.0,"size":1.30000007,"_time":21.0273438},{"$id":"93","sounds":[{"d":1.14810181,"p":76,"v":100}],"pos":2.0,"size":1.0,"_time":21.03125},{"$id":"94","sounds":[{"d":0.169837952,"p":70,"v":90}],"size":1.0,"_time":21.359375},{"$id":"95","sounds":[{"d":0.006793976,"p":55,"v":90},{"w":0.0078125,"d":0.6521759,"p":69,"v":90},{"w":0.0078125,"d":0.006793976,"p":62,"v":90}],"pos":-1.0,"size":1.30000007,"_time":21.515625},{"$id":"96","sounds":[{"d":0.6521759,"p":46,"v":85}],"pos":4.75,"size":1.0,"_time":21.5234375},{"$id":"97","sounds":[{"d":0.006793976,"p":74,"v":100}],"pos":1.0,"size":1.0,"_time":21.5234375},{"$id":"98","sounds":[{"d":0.326087952,"p":81,"v":100}],"pos":2.0,"size":1.0,"_time":21.8476563},{"$id":"99","sounds":[{"d":0.006793976,"p":76,"v":100}],"pos":8.5,"size":1.0,"_time":21.8476563},{"$id":"100","sounds":[{"d":0.6521759,"p":43,"v":90}],"pos":4.375,"size":1.0,"_time":22.1679688},{"$id":"101","sounds":[{"d":0.6521759,"p":78,"v":100}],"pos":1.0,"size":1.0,"_time":22.1679688},{"$id":"102","sounds":[{"d":0.489131927,"p":66,"v":90},{"d":0.8152199,"p":59,"v":90}],"pos":-0.5,"size":1.30000007,"_time":22.1679688},{"$id":"103","sounds":[{"d":0.489131927,"p":66,"v":90}],"pos":-1.0,"size":1.0,"_time":22.6640625},{"$id":"104","sounds":[{"d":0.163043976,"p":43,"v":90}],"pos":6.0,"size":1.0,"_time":22.8242188},{"$id":"105","sounds":[{"d":0.163043976,"p":78,"v":100}],"size":1.0,"_time":22.8242188},{"$id":"106","sounds":[{"d":0.108695984,"p":59,"v":90},{"w":0.0078125,"d":0.108695984,"p":62,"v":90}],"pos":-1.5,"size":1.30000007,"_time":22.9804688},{"$id":"107","sounds":[{"d":0.163043976,"p":79,"v":100}],"pos":1.0,"size":1.0,"_time":22.9882813},{"$id":"108","sounds":[{"d":0.163043976,"p":81,"v":100}],"pos":2.0,"size":1.0,"_time":23.1523438},{"$id":"109","sounds":[{"d":0.101903915,"p":42,"v":90}],"pos":3.5,"size":1.0,"_time":23.3085938},{"$id":"110","sounds":[{"d":0.8152199,"p":76,"v":100}],"pos":1.0,"size":1.0,"_time":23.3085938},{"$id":"111","sounds":[{"d":0.09510994,"p":64,"v":90},{"d":0.0883159637,"p":57,"v":90}],"pos":-0.5,"size":1.30000007,"_time":23.3164063},{"$id":"112","sounds":[{"d":0.978261948,"p":42,"v":90}],"pos":4.0,"size":1.0,"_time":23.796875},{"$id":"113","sounds":[{"d":0.978261948,"p":64,"v":90},{"d":0.9850559,"p":61,"v":90}],"pos":-0.5,"size":1.30000007,"_time":23.8046875},{"$id":"114","sounds":[{"d":0.652174,"p":81,"v":100}],"pos":2.0,"size":1.0,"_time":24.125},{"$id":"115","sounds":[{"d":0.658968,"p":69,"v":90}],"pos":6.0,"size":1.0,"_time":24.1289063},{"$id":"116","sounds":[{"d":0.6589699,"p":74,"v":100}],"pos":0.5,"size":1.0,"_time":24.7773438},{"$id":"117","sounds":[{"d":0.8152199,"p":55,"v":90},{"w":0.00390625,"d":0.489131927,"p":62,"v":90}],"pos":-1.0,"size":1.30000007,"_time":24.7773438},{"$id":"118","sounds":[{"d":0.6521759,"p":40,"v":90}],"pos":3.5,"size":1.0,"_time":24.7773438},{"$id":"119","sounds":[{"d":0.489131927,"p":62,"v":90}],"pos":-1.5,"size":1.0,"_time":25.2734375},{"$id":"120","sounds":[{"d":0.163043976,"p":40,"v":90}],"pos":4.0,"size":1.0,"_time":25.4335938},{"$id":"121","sounds":[{"d":0.163043976,"p":74,"v":100}],"pos":-0.5,"size":1.0,"_time":25.4335938},{"$id":"122","sounds":[{"d":0.11548996,"p":55,"v":90},{"w":0.0078125,"d":0.108695984,"p":59,"v":90}],"pos":-2.0,"size":1.30000007,"_time":25.5898438},{"$id":"123","sounds":[{"d":0.169837952,"p":76,"v":100}],"pos":0.5,"size":1.0,"_time":25.5976563},{"$id":"124","sounds":[{"d":0.163043976,"p":78,"v":100}],"pos":1.5,"size":1.0,"_time":25.7539063},{"$id":"125","sounds":[{"d":1.46739388,"p":73,"v":100}],"pos":0.5,"size":1.0,"_time":25.9179688},{"$id":"126","sounds":[{"d":0.09510803,"p":38,"v":90}],"pos":3.5,"size":1.0,"_time":25.9257813},{"$id":"127","sounds":[{"d":0.09510803,"p":57,"v":90},{"d":0.09510803,"p":61,"v":90}],"pos":-1.0,"size":1.30000007,"_time":25.9257813},{"$id":"128","sounds":[{"d":0.326087952,"p":67,"v":100}],"pos":1.0,"size":1.0,"_time":26.25},{"$id":"129","sounds":[{"d":0.978263855,"p":61,"v":90},{"d":0.978263855,"p":57,"v":90}],"pos":-1.0,"size":1.30000007,"_time":26.4140625},{"$id":"130","sounds":[{"d":0.978263855,"p":38,"v":90}],"pos":3.75,"size":1.0,"_time":26.4140625},{"$id":"131","sounds":[{"d":3.43071175,"p":66,"v":100}],"size":1.0,"_time":26.5703125},{"$id":"132","sounds":[{"d":0.326087952,"p":83,"v":100},{"d":0.326087952,"p":71,"v":100}],"pos":2.0,"size":1.0,"_time":26.9023438},{"$id":"133","sounds":[{"d":1.14130592,"p":69,"v":100},{"w":0.00390625,"d":1.14130592,"p":81,"v":100}],"pos":1.0,"size":1.0,"_time":27.2226563},{"$id":"134","sounds":[{"d":0.822011948,"p":62,"v":90},{"w":0.0078125,"d":0.822011948,"p":59,"v":90}],"pos":-1.5,"size":1.30000007,"_time":27.3828125},{"$id":"135","sounds":[{"d":0.64538,"p":43,"v":90}],"pos":4.375,"size":1.0,"_time":27.390625},{"$id":"136","sounds":[{"d":0.169837952,"p":79,"v":100}],"pos":1.0,"size":1.0,"_time":27.8789063},{"$id":"137","sounds":[{"d":0.169837952,"p":43,"v":90}],"pos":4.0,"size":1.0,"_time":28.0351563},{"$id":"138","sounds":[{"d":0.163043976,"p":78,"v":100}],"size":1.0,"_time":28.0429688},{"$id":"139","sounds":[{"d":0.108695984,"p":62,"v":90},{"d":0.006793976,"p":59,"v":90}],"pos":-1.0,"size":1.30000007,"_time":28.2070313},{"$id":"140","sounds":[{"d":0.169837952,"p":79,"v":100}],"pos":1.0,"size":1.0,"_time":28.2070313},{"$id":"141","sounds":[{"d":0.006793976,"p":81,"v":100}],"pos":2.0,"size":1.0,"_time":28.3632813},{"$id":"142","sounds":[{"d":0.482336044,"p":69,"v":100}],"pos":7.625,"size":1.0,"_time":28.3710938},{"$id":"143","sounds":[{"d":0.815216064,"p":76,"v":100}],"size":1.0,"_time":28.5273438},{"$id":"144","sounds":[{"d":0.09510803,"p":42,"v":90}],"pos":4.0,"size":1.0,"_time":28.53125},{"$id":"145","sounds":[{"d":0.09510803,"p":61,"v":90},{"d":0.09510803,"p":57,"v":90}],"pos":-2.0,"size":1.30000007,"_time":28.53125},{"$id":"146","sounds":[{"d":0.815218,"p":69,"v":100}],"pos":8.5,"size":1.0,"_time":28.8515625},{"$id":"147","sounds":[{"d":0.489131927,"p":57,"v":90},{"d":0.978263855,"p":61,"v":90}],"pos":-2.0,"size":1.30000007,"_time":29.0234375},{"$id":"148","sounds":[{"d":0.006793976,"p":76,"v":100}],"size":1.0,"_time":29.0234375},{"$id":"149","sounds":[{"d":0.978263855,"p":42,"v":90}],"pos":4.25,"size":1.0,"_time":29.0234375},{"$id":"150","sounds":[{"d":0.006793976,"p":81,"v":100}],"pos":2.0,"size":1.0,"_time":29.1796875},{"$id":"151","sounds":[{"d":0.6521759,"p":64,"v":100}],"pos":7.0,"size":1.0,"_time":29.3476563},{"$id":"152","sounds":[{"d":0.6521759,"p":76,"v":100}],"size":1.0,"_time":29.3476563},{"$id":"153","sounds":[{"d":0.006793976,"p":57,"v":90}],"pos":6.125,"size":1.0,"_time":29.5039063},{"$id":"154","sounds":[{"d":0.326087952,"p":69,"v":100}],"pos":-1.0,"size":1.0,"_time":29.6757813},{"$id":"155","sounds":[{"d":0.163043976,"p":57,"v":90}],"pos":6.125,"size":1.0,"_time":29.8320313},{"$id":"156","sounds":[{"d":0.652174,"p":40,"v":90}],"pos":9.5,"size":1.0,"_time":30.0},{"$id":"157","sounds":[{"d":0.652174,"p":74,"v":100}],"size":1.0,"_time":30.0},{"$id":"158","sounds":[{"d":0.652174,"p":62,"v":100},{"d":0.652174,"p":55,"v":90}],"pos":-2.0,"size":1.30000007,"_time":30.0},{"$id":"159","sounds":[{"d":0.658968,"p":57,"v":90},{"w":0.0078125,"d":0.658968,"p":64,"v":100}],"pos":-1.14285707,"size":1.30000007,"_time":30.6445313},{"$id":"160","sounds":[{"d":0.652174,"p":42,"v":90}],"pos":10.0,"size":1.0,"_time":30.6445313},{"$id":"161","sounds":[{"d":0.652174,"p":76,"v":100}],"pos":0.771428764,"size":1.0,"_time":30.6523438},{"$id":"162","sounds":[{"d":0.6589699,"p":67,"v":100},{"d":0.6521759,"p":55,"v":90},{"w":0.0078125,"d":1.30435181,"p":62,"v":90}],"pos":-0.5,"size":1.30000007,"_time":31.296875},{"$id":"163","sounds":[{"d":0.6521759,"p":79,"v":100}],"pos":1.5,"size":1.0,"_time":31.3046875},{"$id":"164","sounds":[{"d":0.6521759,"p":43,"v":90}],"pos":10.5,"size":1.0,"_time":31.3046875},{"$id":"165","sounds":[{"d":0.332881927,"p":66,"v":100},{"w":0.0078125,"d":0.6453819,"p":57,"v":90},{"w":0.0078125,"d":0.6521759,"p":69,"v":90}],"size":1.30000007,"_time":31.9492188},{"$id":"166","sounds":[{"d":0.326087952,"p":78,"v":100}],"pos":2.0,"size":1.0,"_time":31.9492188},{"$id":"167","sounds":[{"d":0.6521759,"p":45,"v":90}],"pos":12.5,"size":1.0,"_time":31.9570313},{"$id":"168","sounds":[{"d":0.326087952,"p":64,"v":100}],"pos":-0.71428597,"size":1.30000007,"_time":32.28125},{"$id":"169","sounds":[{"d":0.332881927,"p":76,"v":100}],"pos":1.19999981,"size":1.0,"_time":32.28125},{"$id":"170","sounds":[{"d":0.326087952,"p":43,"v":90}],"pos":11.5,"size":1.0,"_time":32.6015625},{"$id":"171","sounds":[{"d":0.006793976,"p":62,"v":90},{"w":0.0078125,"d":0.6521759,"p":59,"v":90}],"pos":-1.5,"size":1.30000007,"_time":32.6015625},{"$id":"172","sounds":[{"d":0.6521759,"p":74,"v":80}],"pos":0.5,"size":1.0,"_time":32.6015625},{"$id":"173","sounds":[{"d":0.332881927,"p":43,"v":90}],"pos":5.0,"size":1.30000007,"_time":32.9335938},{"$id":"174","sounds":[{"d":0.326087952,"p":66,"v":100}],"pos":2.0,"size":1.0,"_time":33.2539063},{"$id":"175","sounds":[{"d":0.169837952,"p":59,"v":100}],"pos":-1.0,"size":1.0,"_time":33.5859375},{"$id":"176","sounds":[{"d":0.326087952,"p":62,"v":100}],"pos":1.0,"size":1.0,"_time":33.75},{"$id":"177","sounds":[{"d":0.326087952,"p":59,"v":100}],"pos":-1.0,"size":1.0,"_time":34.23047},{"$id":"178","sounds":[{"d":0.489131927,"p":43,"v":90}],"pos":4.0,"size":1.30000007,"_time":34.5664063},{"$id":"179","sounds":[{"d":0.15625,"p":62,"v":100}],"size":1.0,"_time":34.890625},{"$id":"180","sounds":[{"d":0.006793976,"p":43,"v":90}],"pos":4.0,"size":1.30000007,"_time":35.046875},{"$id":"181","sounds":[{"d":0.163043976,"p":64,"v":100}],"pos":1.0,"size":1.0,"_time":35.0546875},{"$id":"182","sounds":[{"d":0.006793976,"p":64,"v":90}],"pos":1.0,"size":1.0,"_time":35.2109375},{"$id":"183","sounds":[{"d":0.326087952,"p":61,"v":100},{"d":0.6589699,"p":57,"v":90}],"pos":-2.0,"size":1.0,"_time":35.21875},{"$id":"184","sounds":[{"d":0.332881927,"p":42,"v":90}],"pos":4.0,"size":1.30000007,"_time":35.21875},{"$id":"185","sounds":[{"d":0.163043976,"p":62,"v":100}],"size":1.0,"_time":35.5351563},{"$id":"186","sounds":[{"d":0.0135879517,"p":42,"v":90}],"pos":4.25,"size":1.0,"_time":35.5351563},{"$id":"187","sounds":[{"d":0.319293976,"p":61,"v":100}],"pos":-1.0,"size":1.0,"_time":35.70703},{"$id":"188","sounds":[{"d":0.108695984,"p":64,"v":90}],"pos":1.0,"size":1.0,"_time":35.70703},{"$id":"189","sounds":[{"d":0.169837952,"p":57,"v":100}],"pos":-2.0,"size":1.0,"_time":36.0273438},{"$id":"190","sounds":[{"d":0.326087952,"p":59,"v":100}],"size":1.0,"_time":36.1953125},{"$id":"191","sounds":[{"d":0.326087952,"p":57,"v":100}],"pos":-2.0,"size":1.0,"_time":36.5234375},{"$id":"192","sounds":[{"d":0.489131927,"p":59,"v":100}],"size":1.0,"_time":37.01172},{"$id":"193","sounds":[{"d":0.489131927,"p":42,"v":90}],"pos":4.25,"size":1.0,"_time":37.17578},{"$id":"194","sounds":[{"d":0.489131927,"p":57,"v":90}],"pos":-1.0,"size":1.0,"_time":37.3359375},{"$id":"195","sounds":[{"d":0.326087952,"p":64,"v":90}],"pos":2.0,"size":1.0,"_time":37.4921875},{"$id":"196","sounds":[{"d":0.006793976,"p":42,"v":90}],"pos":4.25,"size":1.0,"_time":37.65625},{"$id":"197","sounds":[{"d":0.489131927,"p":62,"v":90},{"w":0.00390625,"d":0.6521759,"p":55,"v":90}],"size":1.0,"_time":37.8203125},{"$id":"198","sounds":[{"d":0.319293976,"p":40,"v":90}],"pos":4.5,"size":1.0,"_time":37.82422},{"$id":"199","sounds":[{"d":0.326087952,"p":40,"v":90}],"pos":4.0,"size":1.0,"_time":38.1523438},{"$id":"200","sounds":[{"d":0.108695984,"p":62,"v":90}],"pos":4.0,"size":1.0,"_time":38.3164063},{"$id":"201","sounds":[{"d":0.332881927,"p":66,"v":100}],"pos":2.0,"size":1.0,"_time":38.4765625},{"$id":"202","sounds":[{"d":0.15625,"p":59,"v":100}],"pos":-1.0,"size":1.0,"_time":38.8046875},{"$id":"203","sounds":[{"d":0.332881927,"p":62,"v":100}],"pos":1.0,"size":1.0,"_time":38.9609375},{"$id":"204","sounds":[{"d":0.332881927,"p":59,"v":100}],"pos":-1.0,"size":1.0,"_time":39.44922},{"$id":"205","sounds":[{"d":0.489131927,"p":40,"v":90}],"pos":8.5,"size":1.0,"_time":39.78125},{"$id":"206","sounds":[{"d":0.163043976,"p":59,"v":100}],"pos":-1.0,"size":1.0,"_time":39.9375},{"$id":"207","sounds":[{"d":0.319293976,"p":59,"v":100}],"pos":-1.0,"size":1.0,"_time":40.109375},{"$id":"208","sounds":[{"d":0.006793976,"p":40,"v":90}],"pos":5.0,"size":1.0,"_time":40.265625},{"$id":"209","sounds":[{"d":0.108695984,"p":54,"v":90},{"d":0.11548996,"p":61,"v":90}],"pos":-2.0,"size":1.30000007,"_time":40.4296875},{"$id":"210","sounds":[{"d":0.11548996,"p":38,"v":90}],"pos":10.0,"size":1.30000007,"_time":40.4335938},{"$id":"211","sounds":[{"d":0.326087952,"p":71,"v":100}],"pos":2.0,"size":1.0,"_time":40.4335938},{"$id":"212","sounds":[{"d":0.326087952,"p":69,"v":100}],"pos":1.0,"size":1.0,"_time":40.7539063},{"$id":"213","sounds":[{"d":0.108695984,"p":45,"v":90}],"pos":5.0,"size":1.0,"_time":40.91797},{"$id":"214","sounds":[{"d":1.95652771,"p":57,"v":90},{"d":1.95652771,"p":61,"v":90}],"pos":-2.0,"size":1.30000007,"_time":41.0859375},{"$id":"215","sounds":[{"d":0.4959259,"p":38,"v":90}],"pos":10.0,"size":1.30000007,"_time":41.0859375},{"$id":"216","sounds":[{"d":0.326087952,"p":67,"v":100}],"size":1.0,"_time":41.0859375},{"$id":"217","sounds":[{"d":0.489131927,"p":66,"v":100}],"pos":-1.0,"size":1.0,"_time":41.4140625},{"$id":"218","sounds":[{"d":0.006793976,"p":38,"v":90}],"pos":3.75,"size":1.0,"_time":41.57422},{"$id":"219","sounds":[{"d":0.169837952,"p":64,"v":100}],"size":1.0,"_time":41.9023438},{"$id":"220","sounds":[{"d":0.822013855,"p":38,"v":90}],"pos":3.75,"size":1.0,"_time":42.0585938},{"$id":"221","sounds":[{"d":0.326087952,"p":62,"v":100}],"pos":-2.0,"size":1.0,"_time":42.0664063},{"$id":"222","sounds":[{"d":0.332881927,"p":62,"v":100}],"pos":-2.0,"size":1.0,"_time":42.390625},{"$id":"223","sounds":[{"d":0.6521759,"p":54,"v":90}],"pos":5.5,"size":1.0,"_time":42.390625},{"$id":"224","sounds":[{"d":0.163043976,"p":45,"v":90}],"pos":4.625,"size":1.0,"_time":42.7109375},{"$id":"225","sounds":[{"d":0.326087952,"p":64,"v":100}],"pos":1.0,"size":1.0,"_time":42.71875},{"$id":"226","sounds":[{"d":0.108695984,"p":38,"v":90}],"pos":3.75,"size":1.0,"_time":42.8789063},{"$id":"227","sounds":[{"d":0.326087952,"p":43,"v":90}],"pos":4.375,"size":1.0,"_time":43.0351563},{"$id":"228","sounds":[{"d":0.489131927,"p":62,"v":90},{"d":0.6521759,"p":59,"v":90}],"size":1.0,"_time":43.04297},{"$id":"229","sounds":[{"d":0.326087952,"p":43,"v":90}],"pos":4.375,"size":1.0,"_time":43.3710938},{"$id":"230","sounds":[{"d":0.006793976,"p":62,"v":90}],"pos":5.0,"size":1.0,"_time":43.5273438},{"$id":"231","sounds":[{"d":0.332881927,"p":66,"v":100}],"pos":2.0,"size":1.0,"_time":43.6953125},{"$id":"232","sounds":[{"d":0.163043976,"p":59,"v":100}],"pos":-1.0,"size":1.0,"_time":44.015625},{"$id":"233","sounds":[{"d":0.4959259,"p":62,"v":100}],"pos":1.0,"size":1.0,"_time":44.1835938},{"$id":"234","sounds":[{"d":0.332881927,"p":59,"v":100}],"pos":-1.0,"size":1.0,"_time":44.67578},{"$id":"235","sounds":[{"d":0.482337952,"p":43,"v":90}],"pos":4.375,"size":1.0,"_time":45.0},{"$id":"236","sounds":[{"d":0.163043976,"p":62,"v":100}],"size":1.0,"_time":45.3203125},{"$id":"237","sounds":[{"d":0.11548996,"p":43,"v":90}],"pos":4.375,"size":1.0,"_time":45.48047},{"$id":"238","sounds":[{"d":0.978263855,"p":64,"v":100}],"pos":1.0,"size":1.0,"_time":45.48828},{"$id":"239","sounds":[{"d":0.006793976,"p":64,"v":90}],"pos":1.0,"size":1.0,"_time":45.64453},{"$id":"240","sounds":[{"d":0.326087952,"p":61,"v":100},{"d":0.4959259,"p":57,"v":90}],"pos":-2.0,"size":1.0,"_time":45.6523438},{"$id":"241","sounds":[{"d":0.326087952,"p":42,"v":90}],"pos":4.0,"size":1.0,"_time":45.6523438},{"$id":"242","sounds":[{"d":0.006793976,"p":42,"v":90}],"pos":4.25,"size":1.0,"_time":45.9726563},{"$id":"243","sounds":[{"d":0.163043976,"p":62,"v":100}],"size":1.0,"_time":45.9765625},{"$id":"244","sounds":[{"d":0.006793976,"p":64,"v":100}],"pos":1.0,"size":1.0,"_time":46.140625},{"$id":"245","sounds":[{"d":0.006793976,"p":57,"v":90}],"pos":-1.0,"size":1.0,"_time":46.140625},{"$id":"246","sounds":[{"d":0.163043976,"p":62,"v":100}],"size":1.0,"_time":46.46875},{"$id":"247","sounds":[{"d":1.63043976,"p":74,"v":90}],"pos":2.0,"size":0.6999999,"_time":46.625},{"$id":"248","sounds":[{"d":0.978263855,"p":69,"v":90}],"pos":6.0,"size":1.0,"_time":46.625},{"$id":"249","sounds":[{"d":0.006793976,"p":62,"v":100}],"size":1.0,"_time":46.625},{"$id":"250","sounds":[{"d":0.8084259,"p":42,"v":90}],"pos":4.25,"size":1.0,"_time":46.6289063},{"$id":"251","sounds":[{"d":0.326087952,"p":59,"v":100}],"pos":-2.0,"size":1.0,"_time":47.28125},{"$id":"252","sounds":[{"d":0.6521759,"p":42,"v":90}],"pos":4.25,"size":1.0,"_time":47.4453125},{"$id":"253","sounds":[{"d":0.6521759,"p":69,"v":90}],"pos":8.5,"size":1.0,"_time":47.6015625},{"$id":"254","sounds":[{"d":0.6521759,"p":76,"v":90}],"pos":2.0,"size":0.6999999,"_time":47.609375},{"$id":"255","sounds":[{"d":0.326087952,"p":59,"v":100}],"pos":-2.0,"size":1.0,"_time":47.9335938},{"$id":"256","sounds":[{"d":0.11548996,"p":42,"v":90}],"pos":4.25,"size":1.0,"_time":48.0976563},{"$id":"257","sounds":[{"d":0.6521759,"p":40,"v":90}],"pos":11.5,"size":1.0,"_time":48.2539063},{"$id":"258","sounds":[{"d":0.6521759,"p":62,"v":90},{"d":0.6521759,"p":55,"v":90}],"pos":-1.0,"size":1.30000007,"_time":48.26172},{"$id":"259","sounds":[{"d":0.319293976,"p":67,"v":100}],"pos":2.0,"size":1.0,"_time":48.26172},{"$id":"260","sounds":[{"d":0.326087952,"p":67,"v":100}],"pos":2.0,"size":1.0,"_time":48.5859375},{"$id":"261","sounds":[{"d":0.6589699,"p":57,"v":90},{"d":0.6521759,"p":54,"v":90}],"pos":-2.0,"size":1.30000007,"_time":48.9140625},{"$id":"262","sounds":[{"d":0.6589699,"p":42,"v":90}],"pos":10.0,"size":1.0,"_time":48.9140625},{"$id":"263","sounds":[{"d":0.326087952,"p":66,"v":100}],"size":1.0,"_time":48.9140625},{"$id":"264","sounds":[{"d":0.332881927,"p":64,"v":100}],"pos":1.0,"size":1.0,"_time":49.23828},{"$id":"265","sounds":[{"d":0.6589699,"p":55,"v":90},{"w":0.0078125,"d":0.6521759,"p":59,"v":90}],"pos":-1.0,"size":1.30000007,"_time":49.5585938},{"$id":"266","sounds":[{"d":0.6521759,"p":43,"v":90}],"pos":11.0,"size":1.0,"_time":49.5664063},{"$id":"267","sounds":[{"d":0.006793976,"p":64,"v":100}],"pos":1.0,"size":1.0,"_time":49.5664063},{"$id":"268","sounds":[{"d":0.326087952,"p":62,"v":100}],"size":1.0,"_time":49.890625},{"$id":"269","sounds":[{"d":2.6086998,"p":45,"v":90}],"pos":10.5,"size":1.0,"_time":50.21875},{"$id":"270","sounds":[{"d":2.56114578,"p":52,"v":90},{"d":0.815216064,"p":57,"v":90}],"pos":-2.0,"size":1.30000007,"_time":50.21875},{"$id":"271","sounds":[{"d":1.63722992,"p":64,"v":100}],"pos":1.0,"size":1.0,"_time":50.21875},{"$id":"272","sounds":[{"d":1.79348373,"p":57,"v":90}],"pos":-1.0,"size":1.0,"_time":51.03125},{"$id":"273","sounds":[{"d":1.62364578,"p":69,"v":90}],"size":1.0,"_time":51.1953125},{"$id":"274","sounds":[{"d":1.47418976,"p":74,"v":90}],"pos":1.0,"size":1.0,"_time":51.3515625},{"$id":"275","sounds":[{"d":1.14130783,"p":62,"v":90}],"pos":-2.0,"size":1.0,"_time":51.6835938},{"$id":"276","sounds":[{"d":0.006793976,"p":64,"v":90}],"pos":-1.0,"size":1.0,"_time":51.8476563},{"$id":"277","sounds":[{"d":0.006793976,"p":69,"v":90}],"size":1.0,"_time":52.01172},{"$id":"278","sounds":[{"d":0.006793976,"p":69,"v":90}],"size":1.0,"_time":52.33203},{"$id":"279","sounds":[{"d":0.4483719,"p":64,"v":90}],"pos":7.0,"size":1.0,"_time":52.3359375},{"$id":"280","sounds":[{"d":0.006793976,"p":74,"v":90}],"pos":1.0,"size":1.0,"_time":52.5},{"$id":"281","sounds":[{"d":0.006793976,"p":45,"v":90}],"pos":4.625,"size":1.0,"_time":52.5},{"$id":"282","sounds":[{"d":0.122283936,"p":76,"v":90}],"pos":2.0,"size":1.0,"_time":52.65625},{"$id":"283","sounds":[{"d":0.006793976,"p":64,"v":90}],"pos":12.5,"size":1.0,"_time":52.65625},{"$id":"284","sounds":[{"d":0.006793976,"p":52,"v":90}],"pos":5.5,"size":1.0,"_time":52.6640625},{"$id":"285","sounds":[{"d":0.489131927,"p":54,"v":90},{"w":0.00390625,"d":0.489131927,"p":62,"v":90},{"w":0.00390625,"d":0.482337952,"p":60,"v":90}],"pos":-1.0,"size":1.30000007,"_time":52.984375},{"$id":"286","sounds":[{"d":0.489131927,"p":44,"v":90}],"pos":4.5,"size":1.0,"_time":52.98828},{"$id":"287","sounds":[{"d":0.163043976,"p":66,"v":100}],"size":1.0,"_time":53.4726563},{"$id":"288","sounds":[{"d":0.006793976,"p":62,"v":90},{"d":0.4959259,"p":59,"v":90}],"pos":-2.0,"size":1.0,"_time":53.4726563},{"$id":"289","sounds":[{"d":0.108695984,"p":43,"v":90}],"pos":4.0,"size":2.0,"_time":53.4765625},{"$id":"290","sounds":[{"d":0.163043976,"p":67,"v":100}],"pos":2.0,"size":1.0,"_time":53.640625},{"$id":"291","sounds":[{"d":0.326087952,"p":43,"v":90}],"pos":4.0,"size":2.0,"_time":53.8046875},{"$id":"292","sounds":[{"d":0.15625,"p":66,"v":100}],"size":1.0,"_time":53.8046875},{"$id":"293","sounds":[{"d":0.163043976,"p":67,"v":100}],"pos":2.0,"size":1.0,"_time":53.9609375},{"$id":"294","sounds":[{"d":0.108695984,"p":59,"v":90}],"pos":6.375,"size":1.0,"_time":53.96875},{"$id":"295","sounds":[{"d":0.169837952,"p":66,"v":100}],"size":1.0,"_time":54.125},{"$id":"296","sounds":[{"d":0.169837952,"p":66,"v":100}],"size":1.0,"_time":54.45703},{"$id":"297","sounds":[{"d":0.163043976,"p":67,"v":100}],"pos":2.0,"size":1.0,"_time":54.61328},{"$id":"298","sounds":[{"d":0.0611419678,"p":43,"v":90}],"pos":10.5,"size":2.0,"_time":54.6210938},{"$id":"299","sounds":[{"d":0.163043976,"p":66,"v":100}],"size":1.0,"_time":54.78125},{"$id":"300","sounds":[{"d":0.163043976,"p":67,"v":100}],"pos":2.0,"size":1.0,"_time":54.9453125},{"$id":"301","sounds":[{"d":0.985057831,"p":59,"v":90},{"w":0.0078125,"d":0.6521759,"p":62,"v":90}],"pos":-2.0,"size":1.0,"_time":55.1015625},{"$id":"302","sounds":[{"d":0.169837952,"p":66,"v":100}],"size":1.0,"_time":55.1015625},{"$id":"303","sounds":[{"d":0.822013855,"p":43,"v":90}],"pos":10.5,"size":2.0,"_time":55.109375},{"$id":"304","sounds":[{"d":0.332881927,"p":64,"v":100}],"pos":1.0,"size":1.0,"_time":55.4335938},{"$id":"305","sounds":[{"d":0.006793976,"p":62,"v":100}],"pos":-1.0,"size":1.0,"_time":55.7539063},{"$id":"306","sounds":[{"d":0.006793976,"p":43,"v":90}],"pos":4.375,"size":1.0,"_time":55.92578},{"$id":"307","sounds":[{"d":0.4959259,"p":64,"v":100}],"pos":1.0,"size":1.0,"_time":56.08203},{"$id":"308","sounds":[{"d":0.11548996,"p":42,"v":90}],"pos":4.25,"size":1.0,"_time":56.08203},{"$id":"309","sounds":[{"d":0.489131927,"p":57,"v":90},{"d":0.4959259,"p":61,"v":90}],"pos":-2.0,"size":1.0,"_time":56.0859375},{"$id":"310","sounds":[{"d":0.326087952,"p":42,"v":90}],"pos":4.25,"size":1.0,"_time":56.4140625},{"$id":"311","sounds":[{"d":0.006793976,"p":61,"v":100}],"size":1.0,"_time":56.57422},{"$id":"312","sounds":[{"d":0.11548996,"p":57,"v":90}],"pos":-2.0,"size":1.0,"_time":56.578125},{"$id":"313","sounds":[{"d":0.489131927,"p":64,"v":100}],"pos":1.0,"size":1.0,"_time":57.0585938},{"$id":"314","sounds":[{"d":0.0543479919,"p":42,"v":90}],"pos":4.25,"size":1.0,"_time":57.2265625},{"$id":"315","sounds":[{"d":0.489131927,"p":62,"v":100}],"size":1.0,"_time":57.546875},{"$id":"316","sounds":[{"d":0.8084259,"p":42,"v":90}],"pos":4.25,"size":1.0,"_time":57.71875},{"$id":"317","sounds":[{"d":0.8152199,"p":54,"v":90}],"pos":-1.0,"size":1.0,"_time":57.8789063},{"$id":"318","sounds":[{"d":0.6521759,"p":57,"v":90}],"size":1.0,"_time":58.04297},{"$id":"319","sounds":[{"d":0.489131927,"p":64,"v":90}],"pos":1.0,"size":1.0,"_time":58.20703},{"$id":"320","sounds":[{"d":0.326087952,"p":69,"v":90}],"pos":2.0,"size":1.0,"_time":58.3710938},{"$id":"321","sounds":[{"d":0.108695984,"p":42,"v":90}],"pos":4.25,"size":1.0,"_time":58.5273438},{"$id":"322","sounds":[{"d":0.4959259,"p":55,"v":90},{"w":0.0078125,"d":0.6453819,"p":59,"v":90}],"pos":-2.0,"size":1.0,"_time":58.6875},{"$id":"323","sounds":[{"d":0.11548996,"p":40,"v":90}],"pos":9.0,"size":2.0,"_time":58.6953125},{"$id":"324","sounds":[{"d":0.15625,"p":66,"v":100}],"size":1.0,"_time":58.6953125},{"$id":"325","sounds":[{"d":0.163043976,"p":67,"v":100}],"pos":2.0,"size":1.0,"_time":58.859375},{"$id":"326","sounds":[{"d":0.15625,"p":66,"v":100}],"size":1.0,"_time":59.015625},{"$id":"327","sounds":[{"d":0.326087952,"p":40,"v":90}],"pos":9.0,"size":2.0,"_time":59.0234375},{"$id":"328","sounds":[{"d":0.006793976,"p":55,"v":90}],"pos":5.875,"size":1.0,"_time":59.1796875},{"$id":"329","sounds":[{"d":0.169837952,"p":67,"v":100}],"pos":2.0,"size":1.0,"_time":59.1835938},{"$id":"330","sounds":[{"d":0.163043976,"p":66,"v":100}],"size":1.0,"_time":59.3476563},{"$id":"331","sounds":[{"d":0.163043976,"p":66,"v":100}],"pos":-2.0,"size":1.0,"_time":59.67578},{"$id":"332","sounds":[{"d":0.163043976,"p":67,"v":100}],"size":1.0,"_time":59.8359375},{"$id":"333","sounds":[{"d":0.0543479919,"p":40,"v":90}],"pos":4.0,"size":2.0,"_time":59.8359375},{"$id":"334","sounds":[{"d":0.163043976,"p":66,"v":100}],"pos":-2.0,"size":1.0,"_time":60.0},{"$id":"335","sounds":[{"d":0.163043976,"p":67,"v":100}],"size":1.0,"_time":60.1640625},{"$id":"336","sounds":[{"d":0.822013855,"p":40,"v":90}],"pos":4.0,"size":2.0,"_time":60.3203125},{"$id":"337","sounds":[{"d":0.6521759,"p":62,"v":90},{"w":0.0078125,"d":0.978263855,"p":59,"v":90}],"pos":2.0,"size":1.0,"_time":60.3203125},{"$id":"338","sounds":[{"d":0.326087952,"p":66,"v":100}],"pos":-2.0,"size":1.0,"_time":60.328125},{"$id":"339","sounds":[{"d":0.326087952,"p":64,"v":100}],"pos":1.0,"size":1.0,"_time":60.6523438},{"$id":"340","sounds":[{"d":0.326087952,"p":62,"v":100}],"pos":-1.0,"size":1.0,"_time":60.9765625},{"$id":"341","sounds":[{"d":0.11548996,"p":40,"v":90}],"pos":4.0,"size":1.0,"_time":61.140625},{"$id":"342","sounds":[{"d":0.6589699,"p":57,"v":90},{"w":0.0078125,"d":0.4959259,"p":61,"v":90}],"pos":-2.0,"size":1.0,"_time":61.296875},{"$id":"343","sounds":[{"d":0.482337952,"p":38,"v":90}],"pos":3.75,"size":1.0,"_time":61.3046875},{"$id":"344","sounds":[{"d":0.4959259,"p":64,"v":100}],"size":1.0,"_time":61.3046875},{"$id":"345","sounds":[{"d":0.169837952,"p":69,"v":100}],"pos":1.0,"size":1.0,"_time":61.79297},{"$id":"346","sounds":[{"d":0.108695984,"p":38,"v":90}],"pos":3.75,"size":1.0,"_time":61.79297},{"$id":"347","sounds":[{"d":0.006793976,"p":61,"v":90}],"pos":-2.0,"size":1.0,"_time":61.79297},{"$id":"348","sounds":[{"d":0.278533936,"p":38,"v":90}],"pos":3.75,"size":1.0,"_time":62.2773438},{"$id":"349","sounds":[{"d":0.4959259,"p":71,"v":100}],"pos":2.0,"size":1.0,"_time":62.2773438},{"$id":"350","sounds":[{"d":0.27173996,"p":54,"v":90},{"w":0.00390625,"d":0.27173996,"p":61,"v":90}],"size":1.0,"_time":62.2773438},{"$id":"351","sounds":[{"d":0.489131927,"p":69,"v":100}],"pos":2.0,"size":1.0,"_time":62.7734375},{"$id":"352","sounds":[{"d":0.27173996,"p":45,"v":90}],"pos":4.625,"size":1.0,"_time":62.9335938},{"$id":"353","sounds":[{"d":0.27173996,"p":60,"v":90},{"d":0.27173996,"p":55,"v":90}],"pos":-1.0,"size":1.0,"_time":62.9335938},{"$id":"354","sounds":[{"d":0.163043976,"p":65,"v":100}],"pos":8.0,"size":1.0,"_time":63.2539063},{"$id":"355","sounds":[{"d":0.006793976,"p":64,"v":90}],"pos":1.0,"size":1.0,"_time":63.26172},{"$id":"356","sounds":[{"d":0.489131927,"p":60,"v":90},{"w":0.0078125,"d":0.489131927,"p":54,"v":90}],"pos":-1.0,"size":1.0,"_time":63.41797},{"$id":"357","sounds":[{"d":0.4959259,"p":44,"v":90}],"pos":4.5,"size":1.0,"_time":63.42578},{"$id":"358","sounds":[{"d":0.163043976,"p":64,"v":100}],"pos":1.0,"size":1.0,"_time":63.42578},{"$id":"359","sounds":[{"d":0.319293976,"p":62,"v":100}],"size":1.0,"_time":63.5859375},{"$id":"360","sounds":[{"d":0.169837952,"p":66,"v":100}],"pos":-2.0,"size":1.0,"_time":63.90625},{"$id":"361","sounds":[{"d":0.6521683,"p":62,"v":90},{"w":0.0078125,"d":0.495914459,"p":59,"v":90}],"pos":2.0,"size":1.0,"_time":63.90625},{"$id":"362","sounds":[{"d":0.1086998,"p":43,"v":90}],"pos":10.5,"size":2.0,"_time":63.9140625},{"$id":"363","sounds":[{"d":0.169830322,"p":67,"v":100}],"size":1.0,"_time":64.078125},{"$id":"364","sounds":[{"d":0.169830322,"p":66,"v":100}],"pos":-2.0,"size":1.0,"_time":64.234375},{"$id":"365","sounds":[{"d":0.3328781,"p":43,"v":90}],"pos":10.5,"size":2.0,"_time":64.23828},{"$id":"366","sounds":[{"d":0.163040161,"p":67,"v":100}],"size":1.0,"_time":64.39453},{"$id":"367","sounds":[{"d":0.006790161,"p":59,"v":90}],"pos":6.375,"size":1.0,"_time":64.40234},{"$id":"368","sounds":[{"d":0.169837952,"p":66,"v":100}],"pos":-2.0,"size":1.0,"_time":64.55859},{"$id":"369","sounds":[{"d":0.163040161,"p":66,"v":100}],"pos":-2.0,"size":1.0,"_time":64.88281},{"$id":"370","sounds":[{"d":0.15625,"p":67,"v":100}],"size":1.0,"_time":65.05469},{"$id":"371","sounds":[{"d":0.0543441772,"p":43,"v":90}],"pos":10.0,"size":2.0,"_time":65.05469},{"$id":"372","sounds":[{"d":0.163040161,"p":66,"v":100}],"pos":-2.0,"size":1.0,"_time":65.21875},{"$id":"373","sounds":[{"d":0.163040161,"p":67,"v":100}],"size":1.0,"_time":65.37891},{"$id":"374","sounds":[{"d":0.815216064,"p":43,"v":90}],"pos":10.0,"size":2.0,"_time":65.53516},{"$id":"375","sounds":[{"d":0.3328781,"p":66,"v":100}],"pos":-2.0,"size":1.0,"_time":65.53516},{"$id":"376","sounds":[{"d":0.658966064,"p":62,"v":90},{"d":0.9850464,"p":59,"v":90}],"pos":2.0,"size":1.0,"_time":65.54297},{"$id":"377","sounds":[{"d":0.326087952,"p":64,"v":100}],"pos":1.0,"size":1.0,"_time":65.87109},{"$id":"378","sounds":[{"d":0.006790161,"p":62,"v":100}],"pos":-1.0,"size":1.0,"_time":66.19531},{"$id":"379","sounds":[{"d":0.108695984,"p":43,"v":90}],"pos":4.375,"size":1.0,"_time":66.35156},{"$id":"380","sounds":[{"d":0.495918274,"p":61,"v":90},{"w":0.0078125,"d":0.495918274,"p":57,"v":90}],"pos":-2.0,"size":1.0,"_time":66.515625},{"$id":"381","sounds":[{"d":0.495918274,"p":42,"v":90}],"pos":4.25,"size":1.0,"_time":66.52344},{"$id":"382","sounds":[{"d":0.495918274,"p":64,"v":100}],"pos":1.0,"size":1.0,"_time":66.52344},{"$id":"383","sounds":[{"d":0.169837952,"p":61,"v":100}],"size":1.0,"_time":67.01172},{"$id":"384","sounds":[{"d":0.006790161,"p":42,"v":90}],"pos":4.25,"size":1.0,"_time":67.01172},{"$id":"385","sounds":[{"d":0.006790161,"p":57,"v":90}],"pos":-2.0,"size":1.0,"_time":67.01172},{"$id":"386","sounds":[{"d":1.637207,"p":69,"v":90}],"pos":2.0,"size":1.0,"_time":67.49219},{"$id":"387","sounds":[{"d":0.815208435,"p":42,"v":90}],"pos":4.25,"size":1.0,"_time":67.49219},{"$id":"388","sounds":[{"d":0.482330322,"p":64,"v":100},{"w":0.0078125,"d":1.63041687,"p":57,"v":90}],"size":1.0,"_time":67.49219},{"$id":"389","sounds":[{"d":1.14128876,"p":62,"v":100}],"pos":1.0,"size":1.0,"_time":67.98828},{"$id":"390","sounds":[{"d":0.6521683,"p":42,"v":90}],"pos":4.25,"size":1.0,"_time":68.31641},{"$id":"391","sounds":[{"d":0.6521683,"p":74,"v":90}],"size":1.0,"_time":68.47266},{"$id":"392","sounds":[{"d":0.326080322,"p":76,"v":90}],"pos":1.0,"size":1.0,"_time":68.80469},{"$id":"393","sounds":[{"d":0.006790161,"p":42,"v":90}],"pos":4.25,"size":1.0,"_time":68.96094},{"$id":"394","sounds":[{"d":0.006790161,"p":62,"v":100},{"w":0.00390625,"d":0.6521683,"p":55,"v":90},{"w":0.00390625,"d":0.6521683,"p":66,"v":90}],"pos":-1.0,"size":1.30000007,"_time":69.125},{"$id":"395","sounds":[{"d":0.658958435,"p":40,"v":90}],"pos":11.0,"size":1.0,"_time":69.12891},{"$id":"396","sounds":[{"d":1.30433655,"p":78,"v":90}],"pos":2.0,"size":1.0,"_time":69.12891},{"$id":"397","sounds":[{"d":0.6453705,"p":59,"v":90},{"w":0.00390625,"d":0.6521683,"p":55,"v":90}],"pos":-2.0,"size":1.30000007,"_time":69.77734},{"$id":"398","sounds":[{"d":0.658958435,"p":74,"v":90}],"size":1.0,"_time":69.78125},{"$id":"399","sounds":[{"d":0.006790161,"p":40,"v":90}],"pos":11.0,"size":1.0,"_time":69.78125},{"$id":"400","sounds":[{"d":0.163040161,"p":61,"v":100}],"pos":-1.0,"size":1.30000007,"_time":70.109375},{"$id":"401","sounds":[{"d":0.163047791,"p":62,"v":100}],"size":1.30000007,"_time":70.27344},{"$id":"402","sounds":[{"d":0.985038757,"p":76,"v":90}],"pos":1.0,"size":1.0,"_time":70.43359},{"$id":"403","sounds":[{"d":0.658958435,"p":57,"v":90},{"d":0.6521683,"p":64,"v":100}],"pos":-1.0,"size":1.30000007,"_time":70.43359},{"$id":"404","sounds":[{"d":0.658958435,"p":42,"v":90}],"pos":12.0,"size":1.0,"_time":70.43359},{"$id":"405","sounds":[{"d":0.652160645,"p":69,"v":90},{"w":0.00390625,"d":0.326080322,"p":62,"v":90},{"w":0.00390625,"d":0.006790161,"p":57,"v":90}],"size":1.30000007,"_time":71.08203},{"$id":"406","sounds":[{"d":0.6589508,"p":81,"v":90}],"pos":2.0,"size":1.0,"_time":71.08203},{"$id":"407","sounds":[{"d":0.006790161,"p":42,"v":90}],"pos":11.0,"size":1.0,"_time":71.08594},{"$id":"408","sounds":[{"d":0.006790161,"p":62,"v":100}],"pos":-2.0,"size":1.30000007,"_time":71.40625},{"$id":"409","sounds":[{"d":0.169830322,"p":74,"v":90}],"size":1.0,"_time":71.40625},{"$id":"410","sounds":[{"d":0.163040161,"p":64,"v":100}],"pos":-1.0,"size":1.30000007,"_time":71.57031},{"$id":"411","sounds":[{"d":0.163040161,"p":76,"v":90}],"pos":1.0,"size":1.0,"_time":71.57422},{"$id":"412","sounds":[{"d":0.652160645,"p":54,"v":90},{"w":0.0078125,"d":0.332870483,"p":66,"v":100},{"w":0.0078125,"d":0.6453705,"p":59,"v":90}],"size":1.30000007,"_time":71.73047},{"$id":"413","sounds":[{"d":0.326080322,"p":78,"v":90}],"pos":2.0,"size":1.0,"_time":71.73047},{"$id":"414","sounds":[{"d":0.6453705,"p":43,"v":90}],"pos":4.375,"size":1.0,"_time":71.73828},{"$id":"415","sounds":[{"d":0.326080322,"p":71,"v":100}],"pos":9.5,"size":1.0,"_time":72.05859},{"$id":"416","sounds":[{"d":0.326080322,"p":83,"v":90}],"pos":1.0,"size":1.0,"_time":72.06641},{"$id":"417","sounds":[{"d":0.332870483,"p":69,"v":100},{"w":0.0078125,"d":0.652160645,"p":62,"v":90},{"w":0.0078125,"d":0.6589508,"p":54,"v":90}],"pos":-2.0,"size":1.30000007,"_time":72.38281},{"$id":"418","sounds":[{"d":0.652160645,"p":44,"v":90}],"pos":8.5,"size":1.0,"_time":72.390625},{"$id":"419","sounds":[{"d":0.319290161,"p":81,"v":90}],"size":1.0,"_time":72.390625},{"$id":"420","sounds":[{"d":0.332870483,"p":74,"v":100}],"pos":6.0,"size":1.0,"_time":72.71094},{"$id":"421","sounds":[{"d":0.326080322,"p":86,"v":90}],"pos":1.5,"size":1.0,"_time":72.71875},{"$id":"422","sounds":[{"d":0.652160645,"p":45,"v":90}],"pos":4.5,"size":1.0,"_time":73.03516},{"$id":"423","sounds":[{"d":0.6589508,"p":64,"v":90},{"d":0.332870483,"p":73,"v":100},{"w":0.0078125,"d":0.6589508,"p":57,"v":90}],"pos":-1.5,"size":1.30000007,"_time":73.03516},{"$id":"424","sounds":[{"d":0.326080322,"p":85,"v":90}],"pos":0.5,"size":1.0,"_time":73.04297},{"$id":"425","sounds":[{"d":0.326080322,"p":76,"v":100}],"pos":7.0,"size":1.0,"_time":73.37109},{"$id":"426","sounds":[{"d":0.319290161,"p":88,"v":90}],"pos":2.0,"size":1.0,"_time":73.37109},{"$id":"427","sounds":[{"d":0.985038757,"p":55,"v":90},{"d":0.9782486,"p":62,"v":90},{"d":0.9782486,"p":74,"v":100},{"w":0.0078125,"d":0.985038757,"p":67,"v":90}],"pos":-1.0,"size":1.30000007,"_time":73.6875},{"$id":"428","sounds":[{"d":0.9782486,"p":86,"v":90}],"pos":1.0,"size":1.0,"_time":73.6875},{"$id":"429","sounds":[{"d":0.815208435,"p":48,"v":90}],"pos":4.0,"size":1.0,"_time":73.69531},{"$id":"430","sounds":[{"d":0.652160645,"p":69,"v":90}],"pos":7.625,"size":1.0,"_time":74.18359},{"$id":"431","sounds":[{"d":0.652160645,"p":81,"v":90}],"size":1.0,"_time":74.18359},{"$id":"432","sounds":[{"d":0.006790161,"p":48,"v":90}],"pos":5.0,"size":1.0,"_time":74.50391},{"$id":"433","sounds":[{"d":0.163040161,"p":74,"v":90},{"w":0.0078125,"d":0.006790161,"p":67,"v":90},{"w":0.0078125,"d":0.163040161,"p":62,"v":90}],"pos":-1.0,"size":1.30000007,"_time":74.66797},{"$id":"434","sounds":[{"d":0.006790161,"p":55,"v":90}],"pos":4.5,"size":1.0,"_time":74.66797},{"$id":"435","sounds":[{"d":0.163040161,"p":86,"v":90}],"pos":2.0,"size":1.0,"_time":74.67578},{"$id":"436","sounds":[{"d":0.326080322,"p":78,"v":90},{"d":0.319290161,"p":66,"v":100}],"pos":-1.0,"size":1.0,"_time":75.0},{"$id":"437","sounds":[{"d":0.326080322,"p":67,"v":100},{"d":0.326080322,"p":79,"v":90}],"size":1.0,"_time":75.32422},{"$id":"438","sounds":[{"d":0.8219986,"p":59,"v":90},{"w":0.0078125,"d":0.8219986,"p":62,"v":90}],"pos":-1.0,"size":1.30000007,"_time":75.64453},{"$id":"439","sounds":[{"d":0.6657486,"p":43,"v":90}],"pos":4.375,"size":1.0,"_time":75.64453},{"$id":"440","sounds":[{"d":0.4891281,"p":69,"v":100},{"d":0.495918274,"p":81,"v":90}],"pos":1.0,"size":1.0,"_time":75.64453},{"$id":"441","sounds":[{"d":0.332870483,"p":66,"v":100},{"d":0.326080322,"p":78,"v":90}],"size":1.0,"_time":76.13281},{"$id":"442","sounds":[{"d":0.006790161,"p":43,"v":90}],"pos":4.375,"size":1.0,"_time":76.30469},{"$id":"443","sounds":[{"d":0.3260727,"p":83,"v":90},{"w":0.0078125,"d":0.3260727,"p":71,"v":100}],"pos":2.0,"size":1.0,"_time":76.46094},{"$id":"444","sounds":[{"d":0.006790161,"p":59,"v":90},{"w":0.0078125,"d":0.006790161,"p":62,"v":90}],"pos":-1.0,"size":1.30000007,"_time":76.46094},{"$id":"445","sounds":[{"d":0.8220062,"p":81,"v":90},{"w":0.0078125,"d":0.815216064,"p":69,"v":100}],"pos":1.0,"size":1.0,"_time":76.78516},{"$id":"446","sounds":[{"d":0.09510803,"p":57,"v":90},{"w":0.0078125,"d":0.101898193,"p":61,"v":90}],"pos":-2.0,"size":1.30000007,"_time":76.78516},{"$id":"447","sounds":[{"d":0.09510803,"p":42,"v":90}],"pos":4.25,"size":1.0,"_time":76.79297},{"$id":"448","sounds":[{"d":0.9782562,"p":57,"v":90},{"d":0.9782562,"p":61,"v":90}],"pos":-2.0,"size":1.30000007,"_time":77.28125},{"$id":"449","sounds":[{"d":0.9850464,"p":42,"v":90}],"pos":4.25,"size":1.0,"_time":77.28125},{"$id":"450","sounds":[{"d":0.326087952,"p":66,"v":100},{"d":0.3328781,"p":78,"v":90}],"pos":-1.0,"size":1.0,"_time":77.609375},{"$id":"451","sounds":[{"d":0.332870483,"p":79,"v":90},{"d":0.332870483,"p":67,"v":100}],"pos":2.0,"size":1.0,"_time":77.93359},{"$id":"452","sounds":[{"d":0.8152008,"p":55,"v":90}],"pos":5.875,"size":1.0,"_time":78.25391},{"$id":"453","sounds":[{"d":0.326080322,"p":66,"v":100},{"w":0.0078125,"d":0.326080322,"p":78,"v":90}],"pos":-1.0,"size":1.0,"_time":78.25391},{"$id":"454","sounds":[{"d":0.6589508,"p":40,"v":90}],"pos":4.0,"size":1.0,"_time":78.26172},{"$id":"455","sounds":[{"d":0.163040161,"p":59,"v":100},{"d":0.163040161,"p":71,"v":90}],"pos":-2.0,"size":1.0,"_time":78.58594},{"$id":"456","sounds":[{"d":0.326080322,"p":62,"v":100},{"w":0.0078125,"d":0.332870483,"p":74,"v":90}],"size":1.0,"_time":78.74219},{"$id":"457","sounds":[{"d":0.006790161,"p":40,"v":90}],"pos":4.0,"size":1.0,"_time":78.91406},{"$id":"458","sounds":[{"d":0.332870483,"p":76,"v":90},{"w":0.00390625,"d":0.332870483,"p":64,"v":100}],"pos":1.0,"size":1.0,"_time":79.07031},{"$id":"459","sounds":[{"d":0.108688354,"p":59,"v":90},{"w":0.00390625,"d":0.115486145,"p":55,"v":90}],"pos":-2.0,"size":1.30000007,"_time":79.07031},{"$id":"460","sounds":[{"d":0.101890564,"p":38,"v":90}],"pos":3.75,"size":1.0,"_time":79.39453},{"$id":"461","sounds":[{"d":0.006790161,"p":76,"v":90},{"w":0.0078125,"d":0.006790161,"p":64,"v":100}],"pos":1.0,"size":1.0,"_time":79.39453},{"$id":"462","sounds":[{"d":0.101890564,"p":57,"v":90},{"d":0.08831024,"p":61,"v":90}],"pos":-1.0,"size":1.30000007,"_time":79.40234},{"$id":"463","sounds":[{"d":0.978240967,"p":38,"v":90}],"pos":3.75,"size":1.0,"_time":79.88281},{"$id":"464","sounds":[{"d":0.9714508,"p":61,"v":90},{"d":0.9714508,"p":54,"v":90}],"pos":-1.0,"size":1.30000007,"_time":79.890625},{"$id":"465","sounds":[{"d":0.332870483,"p":66,"v":100},{"d":0.332870483,"p":78,"v":90}],"pos":2.0,"size":1.0,"_time":79.890625},{"$id":"466","sounds":[{"d":0.006790161,"p":78,"v":90},{"d":0.006790161,"p":66,"v":100}],"pos":-1.0,"size":1.0,"_time":80.21875},{"$id":"467","sounds":[{"d":0.326080322,"p":67,"v":100},{"d":0.326080322,"p":79,"v":90}],"size":1.0,"_time":80.54297},{"$id":"468","sounds":[{"d":0.8219986,"p":62,"v":90},{"w":0.0078125,"d":0.815208435,"p":59,"v":90}],"pos":-1.0,"size":1.30000007,"_time":80.86328},{"$id":"469","sounds":[{"d":0.4891281,"p":69,"v":100},{"w":0.0078125,"d":0.4891281,"p":81,"v":90}],"pos":1.0,"size":1.0,"_time":80.86328},{"$id":"470","sounds":[{"d":0.6521683,"p":43,"v":90}],"pos":4.375,"size":1.0,"_time":80.87109},{"$id":"471","sounds":[{"d":0.326080322,"p":78,"v":90},{"w":0.0078125,"d":0.326080322,"p":66,"v":100}],"size":1.0,"_time":81.35156},{"$id":"472","sounds":[{"d":0.006790161,"p":43,"v":90}],"pos":4.375,"size":1.0,"_time":81.515625},{"$id":"473","sounds":[{"d":0.326080322,"p":83,"v":90},{"w":0.00390625,"d":0.332870483,"p":71,"v":100}],"pos":1.0,"size":1.0,"_time":81.67969},{"$id":"474","sounds":[{"d":0.108695984,"p":62,"v":90},{"d":0.108695984,"p":59,"v":90}],"pos":-1.0,"size":1.30000007,"_time":81.68359},{"$id":"475","sounds":[{"d":0.101890564,"p":42,"v":90}],"pos":4.25,"size":1.0,"_time":82.00391},{"$id":"476","sounds":[{"d":0.489120483,"p":81,"v":90},{"w":0.0078125,"d":0.489120483,"p":69,"v":100}],"size":1.0,"_time":82.00391},{"$id":"477","sounds":[{"d":0.0951004,"p":61,"v":90},{"w":0.0078125,"d":0.0951004,"p":57,"v":90}],"pos":-2.0,"size":1.30000007,"_time":82.00391},{"$id":"478","sounds":[{"d":0.332870483,"p":61,"v":90},{"w":0.0078125,"d":0.978240967,"p":57,"v":90}],"pos":-2.0,"size":1.30000007,"_time":82.49219},{"$id":"479","sounds":[{"d":0.006790161,"p":69,"v":100},{"w":0.0078125,"d":0.326080322,"p":81,"v":90}],"size":1.0,"_time":82.49219},{"$id":"480","sounds":[{"d":0.9850311,"p":42,"v":90}],"pos":4.25,"size":1.0,"_time":82.5},{"$id":"481","sounds":[{"d":0.326080322,"p":74,"v":100},{"w":0.00390625,"d":0.326080322,"p":86,"v":90}],"pos":2.0,"size":1.0,"_time":82.82031},{"$id":"482","sounds":[{"d":0.319290161,"p":62,"v":90}],"pos":6.75,"size":1.0,"_time":82.82422},{"$id":"483","sounds":[{"d":1.14128113,"p":64,"v":90}],"pos":7.0,"size":1.0,"_time":83.15234},{"$id":"484","sounds":[{"d":0.326080322,"p":73,"v":100},{"d":0.319290161,"p":85,"v":90}],"pos":1.0,"size":1.0,"_time":83.15234},{"$id":"485","sounds":[{"d":0.339660645,"p":81,"v":90},{"w":0.00390625,"d":0.319290161,"p":69,"v":100}],"size":1.0,"_time":83.47266},{"$id":"486","sounds":[{"d":0.006790161,"p":57,"v":90},{"d":0.821990967,"p":60,"v":90}],"pos":-2.0,"size":1.30000007,"_time":83.47266},{"$id":"487","sounds":[{"d":0.6589508,"p":41,"v":90}],"pos":4.125,"size":1.0,"_time":83.47656},{"$id":"488","sounds":[{"d":0.163040161,"p":69,"v":100},{"d":0.006790161,"p":81,"v":90}],"size":1.0,"_time":83.80469},{"$id":"489","sounds":[{"d":0.006790161,"p":69,"v":100},{"w":0.0078125,"d":1.47416687,"p":81,"v":90}],"size":1.0,"_time":83.96094},{"$id":"490","sounds":[{"d":0.006790161,"p":41,"v":90}],"pos":4.125,"size":1.0,"_time":84.12891},{"$id":"491","sounds":[{"d":0.006790161,"p":64,"v":90},{"w":0.0078125,"d":0.108695984,"p":60,"v":90}],"pos":-1.0,"size":1.30000007,"_time":84.28516},{"$id":"492","sounds":[{"d":0.101898193,"p":59,"v":90},{"d":0.101898193,"p":62,"v":90}],"pos":-2.0,"size":1.30000007,"_time":84.61328},{"$id":"493","sounds":[{"d":0.09510803,"p":40,"v":90}],"pos":4.0,"size":1.0,"_time":84.62109},{"$id":"494","sounds":[{"d":0.985038757,"p":59,"v":90},{"w":0.0078125,"d":0.9782486,"p":62,"v":90}],"pos":-2.0,"size":1.30000007,"_time":85.10156},{"$id":"495","sounds":[{"d":0.3328781,"p":40,"v":90}],"pos":4.0,"size":1.0,"_time":85.10156},{"$id":"496","sounds":[{"d":0.652160645,"p":45,"v":90}],"pos":4.625,"size":1.0,"_time":85.43359},{"$id":"497","sounds":[{"d":0.326080322,"p":66,"v":100},{"d":0.326080322,"p":78,"v":90}],"pos":-1.0,"size":1.0,"_time":85.43359},{"$id":"498","sounds":[{"d":0.326080322,"p":79,"v":90},{"d":0.326080322,"p":67,"v":100}],"size":1.0,"_time":85.76172},{"$id":"499","sounds":[{"d":0.4891281,"p":81,"v":90},{"w":0.0078125,"d":0.4891281,"p":69,"v":100}],"pos":1.0,"size":1.0,"_time":86.078125},{"$id":"500","sounds":[{"d":0.006790161,"p":59,"v":90},{"w":0.00390625,"d":0.8219986,"p":62,"v":90}],"pos":-1.0,"size":1.30000007,"_time":86.08203},{"$id":"501","sounds":[{"d":0.6521683,"p":43,"v":90}],"pos":4.375,"size":1.0,"_time":86.08594},{"$id":"502","sounds":[{"d":0.332870483,"p":78,"v":90},{"d":0.332870483,"p":66,"v":100}],"size":1.0,"_time":86.57422},{"$id":"503","sounds":[{"d":0.006790161,"p":43,"v":90}],"pos":4.375,"size":1.0,"_time":86.73047},{"$id":"504","sounds":[{"d":0.3260727,"p":83,"v":90},{"w":0.0078125,"d":0.3260727,"p":71,"v":100}],"pos":2.0,"size":1.0,"_time":86.89453},{"$id":"505","sounds":[{"d":0.101898193,"p":59,"v":90},{"d":0.006790161,"p":62,"v":90}],"pos":-1.0,"size":1.30000007,"_time":86.90234},{"$id":"506","sounds":[{"d":0.8219986,"p":81,"v":90},{"w":0.00390625,"d":0.8084183,"p":69,"v":100}],"pos":1.0,"size":1.0,"_time":87.22266},{"$id":"507","sounds":[{"d":0.09510803,"p":61,"v":90},{"d":0.09510803,"p":57,"v":90}],"pos":-2.0,"size":1.30000007,"_time":87.22656},{"$id":"508","sounds":[{"d":0.08831787,"p":42,"v":90}],"pos":4.25,"size":1.0,"_time":87.22656},{"$id":"509","sounds":[{"d":0.978240967,"p":61,"v":90},{"w":0.0078125,"d":0.978240967,"p":57,"v":90}],"pos":-2.0,"size":1.30000007,"_time":87.71094},{"$id":"510","sounds":[{"d":0.9850311,"p":42,"v":90}],"pos":4.25,"size":1.0,"_time":87.71875},{"$id":"511","sounds":[{"d":0.326080322,"p":66,"v":100},{"d":0.319290161,"p":78,"v":90}],"pos":-1.0,"size":1.0,"_time":88.04297},{"$id":"512","sounds":[{"d":0.326080322,"p":79,"v":90},{"d":0.326080322,"p":67,"v":100}],"pos":2.0,"size":1.0,"_time":88.37109},{"$id":"513","sounds":[{"d":0.8152008,"p":55,"v":90}],"pos":5.875,"size":1.0,"_time":88.6875},{"$id":"514","sounds":[{"d":0.652160645,"p":40,"v":90}],"pos":4.0,"size":1.0,"_time":88.69531},{"$id":"515","sounds":[{"d":0.332870483,"p":78,"v":90},{"d":0.319290161,"p":66,"v":100}],"pos":-1.0,"size":1.0,"_time":88.69531},{"$id":"516","sounds":[{"d":0.163040161,"p":71,"v":90},{"w":0.0078125,"d":0.163040161,"p":59,"v":100}],"pos":-2.0,"size":1.0,"_time":89.015625},{"$id":"517","sounds":[{"d":0.332870483,"p":62,"v":100},{"w":0.00390625,"d":0.326080322,"p":74,"v":90}],"size":1.0,"_time":89.17969},{"$id":"518","sounds":[{"d":0.006790161,"p":40,"v":90}],"pos":4.0,"size":1.0,"_time":89.33984},{"$id":"519","sounds":[{"d":0.332870483,"p":76,"v":90}],"pos":1.0,"size":1.0,"_time":89.50391},{"$id":"520","sounds":[{"d":0.108695984,"p":59,"v":90},{"d":0.115486145,"p":55,"v":90},{"d":0.326080322,"p":64,"v":100}],"pos":-1.0,"size":1.30000007,"_time":89.51172},{"$id":"521","sounds":[{"d":0.006790161,"p":76,"v":90}],"pos":1.0,"size":1.0,"_time":89.83203},{"$id":"522","sounds":[{"d":0.326080322,"p":64,"v":100},{"d":0.09510803,"p":57,"v":90},{"d":0.101898193,"p":61,"v":90}],"pos":-1.0,"size":1.30000007,"_time":89.83594},{"$id":"523","sounds":[{"d":0.09510803,"p":38,"v":90}],"pos":3.75,"size":1.0,"_time":89.83594},{"$id":"524","sounds":[{"d":0.163040161,"p":74,"v":90},{"w":0.0078125,"d":0.163040161,"p":62,"v":100}],"size":1.0,"_time":90.15625},{"$id":"525","sounds":[{"d":0.815208435,"p":66,"v":100},{"w":0.00390625,"d":0.8084183,"p":78,"v":90}],"pos":2.0,"size":1.0,"_time":90.32031},{"$id":"526","sounds":[{"d":0.6521683,"p":38,"v":90}],"pos":3.75,"size":1.0,"_time":90.32031},{"$id":"527","sounds":[{"d":0.985038757,"p":61,"v":90},{"w":0.00390625,"d":0.006790161,"p":65,"v":90},{"w":0.00390625,"d":0.9782486,"p":54,"v":90}],"pos":-2.0,"size":1.30000007,"_time":90.32031},{"$id":"528","sounds":[{"d":0.0135803223,"p":78,"v":90},{"d":0.006790161,"p":66,"v":100}],"pos":2.0,"size":1.0,"_time":90.97266},{"$id":"529","sounds":[{"d":0.163040161,"p":45,"v":90}],"pos":4.625,"size":1.0,"_time":90.97656},{"$id":"530","sounds":[{"d":0.163040161,"p":47,"v":90}],"pos":4.875,"size":1.0,"_time":91.140625},{"$id":"531","sounds":[{"d":0.163040161,"p":78,"v":90},{"d":0.163040161,"p":66,"v":100}],"pos":2.0,"size":1.0,"_time":91.140625},{"$id":"532","sounds":[{"d":0.8152008,"p":48,"v":90},{"d":0.8152008,"p":55,"v":90}],"pos":-1.0,"size":1.30000007,"_time":91.296875},{"$id":"533","sounds":[{"d":0.326080322,"p":76,"v":90},{"w":0.0078125,"d":0.332870483,"p":64,"v":100}],"pos":1.0,"size":1.0,"_time":91.296875},{"$id":"534","sounds":[{"d":0.821990967,"p":62,"v":100},{"w":0.00390625,"d":0.15625,"p":74,"v":90}],"size":1.0,"_time":91.625},{"$id":"535","sounds":[{"d":0.006790161,"p":62,"v":100},{"w":0.0078125,"d":0.6589508,"p":74,"v":90}],"size":1.0,"_time":91.78516},{"$id":"536","sounds":[{"d":0.006790161,"p":62,"v":100},{"w":0.0078125,"d":0.006790161,"p":74,"v":90}],"pos":1.0,"size":1.0,"_time":92.11328},{"$id":"537","sounds":[{"d":0.108695984,"p":55,"v":90},{"d":0.115486145,"p":48,"v":90}],"pos":-1.0,"size":1.30000007,"_time":92.12109},{"$id":"538","sounds":[{"d":0.326080322,"p":67,"v":100},{"d":0.319290161,"p":79,"v":90}],"pos":2.0,"size":1.0,"_time":92.44531},{"$id":"539","sounds":[{"d":0.101898193,"p":47,"v":90},{"d":0.09510803,"p":55,"v":90}],"pos":-2.0,"size":1.30000007,"_time":92.44531},{"$id":"540","sounds":[{"d":0.326080322,"p":78,"v":90},{"w":0.00390625,"d":0.326080322,"p":66,"v":100}],"pos":1.0,"size":1.0,"_time":92.765625},{"$id":"541","sounds":[{"d":0.9850311,"p":55,"v":90},{"d":0.652160645,"p":47,"v":90},{"w":0.0078125,"d":0.978240967,"p":59,"v":90}],"pos":-2.0,"size":1.30000007,"_time":92.92578},{"$id":"542","sounds":[{"d":0.326080322,"p":76,"v":90},{"d":0.326080322,"p":64,"v":100}],"size":1.0,"_time":93.09766},{"$id":"543","sounds":[{"d":0.163040161,"p":74,"v":90},{"w":0.00390625,"d":1.46058655,"p":62,"v":100}],"pos":-1.0,"size":1.0,"_time":93.41797},{"$id":"544","sounds":[{"d":0.0135879517,"p":62,"v":100},{"w":0.00390625,"d":2.28259277,"p":74,"v":90}],"pos":-1.0,"size":1.0,"_time":93.58203},{"$id":"545","sounds":[{"d":0.163040161,"p":43,"v":90}],"pos":4.375,"size":1.0,"_time":93.58594},{"$id":"546","sounds":[{"d":0.163040161,"p":45,"v":90}],"pos":4.625,"size":1.0,"_time":93.75},{"$id":"547","sounds":[{"d":1.96330261,"p":67,"v":90}],"pos":-2.0,"size":1.0,"_time":93.90625},{"$id":"548","sounds":[{"d":1.95651245,"p":46,"v":90}],"pos":4.75,"size":1.0,"_time":93.91406},{"$id":"549","sounds":[{"d":1.94972229,"p":55,"v":90}],"pos":7.0,"size":1.0,"_time":93.91406},{"$id":"550","sounds":[{"d":1.46738434,"p":69,"v":90}],"pos":-1.0,"size":1.0,"_time":94.40234},{"$id":"551","sounds":[{"d":0.006790161,"p":46,"v":90}],"pos":4.5,"size":1.0,"_time":94.56641},{"$id":"552","sounds":[{"d":0.006790161,"p":74,"v":90}],"pos":1.0,"size":1.0,"_time":94.88281},{"$id":"553","sounds":[{"d":0.9782562,"p":62,"v":90}],"pos":6.75,"size":1.0,"_time":94.890625},{"$id":"554","sounds":[{"d":0.006790161,"p":46,"v":90}],"pos":5.5,"size":1.0,"_time":95.21094},{"$id":"555","sounds":[{"d":0.4891281,"p":76,"v":90}],"pos":2.0,"size":1.0,"_time":95.375},{"$id":"556","sounds":[{"d":0.006790161,"p":74,"v":90}],"pos":1.0,"size":1.0,"_time":95.69922},{"$id":"557","sounds":[{"d":0.006790161,"p":55,"v":90},{"w":0.0078125,"d":0.006790161,"p":46,"v":90},{"w":0.0078125,"d":0.006790161,"p":62,"v":90}],"pos":-1.0,"size":1.30000007,"_time":95.69922},{"$id":"558","sounds":[{"d":0.4891281,"p":62,"v":90},{"d":0.495918274,"p":60,"v":90},{"w":0.00390625,"d":0.4891281,"p":54,"v":90}],"pos":-1.0,"size":1.30000007,"_time":96.02734},{"$id":"559","sounds":[{"d":0.169837952,"p":66,"v":100}],"size":1.0,"_time":96.51953},{"$id":"560","sounds":[{"d":0.108695984,"p":43,"v":90}],"pos":4.375,"size":1.0,"_time":96.51953},{"$id":"561","sounds":[{"d":0.169837952,"p":67,"v":100}],"pos":2.0,"size":1.0,"_time":96.67578},{"$id":"562","sounds":[{"d":0.332870483,"p":43,"v":90}],"pos":4.375,"size":1.0,"_time":96.83984},{"$id":"563","sounds":[{"d":0.163040161,"p":66,"v":100}],"size":1.0,"_time":96.84766},{"$id":"564","sounds":[{"d":0.163040161,"p":67,"v":100}],"pos":2.0,"size":1.0,"_time":97.00391},{"$id":"565","sounds":[{"d":0.15625,"p":66,"v":100}],"size":1.0,"_time":97.171875},{"$id":"566","sounds":[{"d":0.163040161,"p":66,"v":100}],"size":1.0,"_time":97.5},{"$id":"567","sounds":[{"d":0.169830322,"p":67,"v":100}],"pos":2.0,"size":1.0,"_time":97.65625},{"$id":"568","sounds":[{"d":0.0543441772,"p":43,"v":90}],"pos":4.375,"size":1.0,"_time":97.66406},{"$id":"569","sounds":[{"d":0.163040161,"p":66,"v":100}],"size":1.0,"_time":97.82422},{"$id":"570","sounds":[{"d":0.163040161,"p":67,"v":100}],"pos":2.0,"size":1.0,"_time":97.98828},{"$id":"571","sounds":[{"d":0.8219986,"p":43,"v":90}],"pos":4.375,"size":1.0,"_time":98.14453},{"$id":"572","sounds":[{"d":0.163040161,"p":66,"v":100}],"size":1.0,"_time":98.15234},{"$id":"573","sounds":[{"d":0.326087952,"p":64,"v":100}],"pos":1.0,"size":1.0,"_time":98.47266},{"$id":"574","sounds":[{"d":0.326080322,"p":62,"v":100}],"pos":-1.0,"size":1.0,"_time":98.80469},{"$id":"575","sounds":[{"d":0.006790161,"p":43,"v":90}],"pos":4.375,"size":1.0,"_time":98.96094},{"$id":"576","sounds":[{"d":0.108695984,"p":42,"v":90}],"pos":4.25,"size":1.0,"_time":99.125},{"$id":"577","sounds":[{"d":0.495918274,"p":64,"v":100}],"pos":1.0,"size":1.0,"_time":99.12891},{"$id":"578","sounds":[{"d":0.326080322,"p":42,"v":90}],"pos":4.25,"size":1.0,"_time":99.45703},{"$id":"579","sounds":[{"d":0.326080322,"p":61,"v":100}],"pos":-2.0,"size":1.0,"_time":99.62109},{"$id":"580","sounds":[{"d":0.4891281,"p":64,"v":100}],"pos":1.0,"size":1.0,"_time":100.101563},{"$id":"581","sounds":[{"d":0.0475540161,"p":42,"v":90}],"pos":4.25,"size":1.0,"_time":100.269531},{"$id":"582","sounds":[{"d":0.4891281,"p":62,"v":100}],"size":1.0,"_time":100.589844},{"$id":"583","sounds":[{"d":0.822013855,"p":42,"v":90}],"pos":4.25,"size":1.0,"_time":100.753906},{"$id":"584","sounds":[{"d":0.815216064,"p":54,"v":90}],"pos":-1.0,"size":1.0,"_time":100.921875},{"$id":"585","sounds":[{"d":0.658966064,"p":57,"v":90}],"size":1.0,"_time":101.078125},{"$id":"586","sounds":[{"d":0.4891281,"p":64,"v":90}],"pos":1.0,"size":1.0,"_time":101.25},{"$id":"587","sounds":[{"d":0.3328781,"p":69,"v":90}],"pos":2.0,"size":1.0,"_time":101.40625},{"$id":"588","sounds":[{"d":0.115486145,"p":42,"v":90}],"pos":4.25,"size":1.0,"_time":101.574219},{"$id":"589","sounds":[{"d":0.115486145,"p":40,"v":90}],"pos":4.0,"size":1.0,"_time":101.730469},{"$id":"590","sounds":[{"d":0.163040161,"p":66,"v":100}],"size":1.0,"_time":101.730469},{"$id":"591","sounds":[{"d":0.169830322,"p":67,"v":100}],"pos":2.0,"size":1.0,"_time":101.902344},{"$id":"592","sounds":[{"d":0.326080322,"p":40,"v":90}],"pos":4.0,"size":1.0,"_time":102.058594},{"$id":"593","sounds":[{"d":0.15625,"p":66,"v":100}],"size":1.0,"_time":102.066406},{"$id":"594","sounds":[{"d":0.163040161,"p":67,"v":100}],"pos":2.0,"size":1.0,"_time":102.222656},{"$id":"595","sounds":[{"d":0.163040161,"p":66,"v":100}],"size":1.0,"_time":102.390625},{"$id":"596","sounds":[{"d":0.163040161,"p":66,"v":100}],"pos":-2.0,"size":1.0,"_time":102.71875},{"$id":"597","sounds":[{"d":0.0543441772,"p":40,"v":90}],"pos":4.0,"size":1.0,"_time":102.875},{"$id":"598","sounds":[{"d":0.169830322,"p":67,"v":100}],"size":1.0,"_time":102.875},{"$id":"599","sounds":[{"d":0.15625,"p":66,"v":100}],"pos":-2.0,"size":1.0,"_time":103.042969},{"$id":"600","sounds":[{"d":0.169837952,"p":67,"v":100}],"size":1.0,"_time":103.207031},{"$id":"601","sounds":[{"d":0.815208435,"p":40,"v":90}],"pos":4.0,"size":1.0,"_time":103.363281},{"$id":"602","sounds":[{"d":0.3328781,"p":66,"v":100}],"pos":-2.0,"size":1.0,"_time":103.363281},{"$id":"603","sounds":[{"d":0.326080322,"p":64,"v":100}],"pos":1.0,"size":1.0,"_time":103.695313},{"$id":"604","sounds":[{"d":0.332870483,"p":62,"v":100}],"pos":-1.0,"size":1.0,"_time":104.015625},{"$id":"605","sounds":[{"d":0.115486145,"p":40,"v":90}],"pos":4.0,"size":1.0,"_time":104.175781},{"$id":"606","sounds":[{"d":0.495918274,"p":38,"v":90}],"pos":7.5,"size":1.0,"_time":104.339844},{"$id":"607","sounds":[{"d":0.658966064,"p":57,"v":90},{"d":0.495918274,"p":61,"v":90}],"pos":-2.0,"size":1.0,"_time":104.347656},{"$id":"608","sounds":[{"d":0.4891281,"p":64,"v":100}],"size":1.0,"_time":104.347656},{"$id":"609","sounds":[{"d":0.15625,"p":69,"v":100}],"pos":1.0,"size":1.0,"_time":104.835938},{"$id":"610","sounds":[{"d":0.101898193,"p":38,"v":90}],"pos":3.75,"size":1.0,"_time":104.835938},{"$id":"611","sounds":[{"d":0.006790161,"p":61,"v":90}],"pos":-2.0,"size":1.0,"_time":104.835938},{"$id":"612","sounds":[{"d":0.006790161,"p":70,"v":100},{"w":0.00390625,"d":0.271736145,"p":61,"v":90}],"size":1.0,"_time":105.320313},{"$id":"613","sounds":[{"d":0.489120483,"p":71,"v":100}],"pos":2.0,"size":1.0,"_time":105.324219},{"$id":"614","sounds":[{"d":0.271736145,"p":54,"v":90}],"pos":5.75,"size":1.0,"_time":105.324219},{"$id":"615","sounds":[{"d":0.271736145,"p":38,"v":90}],"pos":3.75,"size":1.0,"_time":105.324219},{"$id":"616","sounds":[{"d":0.495910645,"p":69,"v":100}],"pos":1.0,"size":1.0,"_time":105.808594},{"$id":"617","sounds":[{"d":0.2785263,"p":45,"v":90}],"pos":4.625,"size":1.0,"_time":105.972656},{"$id":"618","sounds":[{"d":0.271736145,"p":60,"v":90},{"d":0.271736145,"p":55,"v":90}],"pos":-1.0,"size":1.0,"_time":105.972656},{"$id":"619","sounds":[{"d":0.169830322,"p":65,"v":100},{"w":0.0078125,"d":0.006790161,"p":64,"v":90}],"pos":2.0,"size":1.0,"_time":106.296875},{"$id":"620","sounds":[{"d":0.495918274,"p":44,"v":90}],"pos":4.5,"size":1.0,"_time":106.460938},{"$id":"621","sounds":[{"d":0.163040161,"p":64,"v":100}],"pos":1.0,"size":1.0,"_time":106.460938},{"$id":"622","sounds":[{"d":0.495918274,"p":54,"v":90},{"d":0.4891281,"p":60,"v":90}],"pos":-1.0,"size":1.0,"_time":106.46875},{"$id":"623","sounds":[{"d":0.326087952,"p":62,"v":100}],"size":1.0,"_time":106.625},{"$id":"624","sounds":[{"d":0.108688354,"p":43,"v":90}],"pos":4.375,"size":1.0,"_time":106.949219},{"$id":"625","sounds":[{"d":0.163032532,"p":66,"v":100}],"pos":-2.0,"size":1.0,"_time":106.957031},{"$id":"626","sounds":[{"d":0.163040161,"p":67,"v":100}],"size":1.0,"_time":107.113281},{"$id":"627","sounds":[{"d":0.326080322,"p":43,"v":90}],"pos":4.375,"size":1.0,"_time":107.273438},{"$id":"628","sounds":[{"d":0.163040161,"p":66,"v":100}],"pos":-2.0,"size":1.0,"_time":107.28125},{"$id":"629","sounds":[{"d":0.163040161,"p":67,"v":100}],"size":1.0,"_time":107.445313},{"$id":"630","sounds":[{"d":0.163040161,"p":66,"v":100}],"pos":-2.0,"size":1.0,"_time":107.609375},{"$id":"631","sounds":[{"d":0.163040161,"p":66,"v":100}],"pos":-2.0,"size":1.0,"_time":107.933594},{"$id":"632","sounds":[{"d":0.06113434,"p":43,"v":90}],"pos":4.375,"size":1.0,"_time":108.089844},{"$id":"633","sounds":[{"d":0.15625,"p":67,"v":100}],"size":1.0,"_time":108.097656},{"$id":"634","sounds":[{"d":0.169830322,"p":66,"v":100}],"pos":-2.0,"size":1.0,"_time":108.253906},{"$id":"635","sounds":[{"d":0.163040161,"p":67,"v":100}],"size":1.0,"_time":108.417969},{"$id":"636","sounds":[{"d":0.326080322,"p":66,"v":100}],"pos":-2.0,"size":1.0,"_time":108.578125},{"$id":"637","sounds":[{"d":0.815208435,"p":43,"v":90}],"pos":4.375,"size":1.0,"_time":108.585938},{"$id":"638","sounds":[{"d":0.3328781,"p":64,"v":100}],"pos":1.0,"size":1.0,"_time":108.90625},{"$id":"639","sounds":[{"d":0.332870483,"p":62,"v":100}],"pos":-1.0,"size":1.0,"_time":109.238281},{"$id":"640","sounds":[{"d":0.006790161,"p":43,"v":90}],"pos":4.375,"size":1.0,"_time":109.394531},{"$id":"641","sounds":[{"d":0.489120483,"p":42,"v":90}],"pos":5.0,"size":1.0,"_time":109.558594},{"$id":"642","sounds":[{"d":0.489120483,"p":64,"v":100}],"pos":1.0,"size":1.0,"_time":109.566406},{"$id":"643","sounds":[{"d":0.15625,"p":61,"v":100}],"pos":-2.0,"size":1.0,"_time":110.054688},{"$id":"644","sounds":[{"d":0.108695984,"p":42,"v":90}],"pos":4.25,"size":1.0,"_time":110.054688},{"$id":"645","sounds":[{"d":0.815208435,"p":42,"v":90}],"pos":4.25,"size":1.0,"_time":110.535156},{"$id":"646","sounds":[{"d":0.4891281,"p":64,"v":100}],"pos":1.0,"size":1.0,"_time":110.535156},{"$id":"647","sounds":[{"d":0.495918274,"p":62,"v":100}],"pos":-1.0,"size":1.0,"_time":111.03125},{"$id":"648","sounds":[{"d":0.6521683,"p":42,"v":90}],"pos":4.25,"size":1.0,"_time":111.359375},{"$id":"649","sounds":[{"d":0.658958435,"p":74,"v":90},{"d":0.0135879517,"p":62,"v":90}],"size":1.0,"_time":111.515625},{"$id":"650","sounds":[{"d":0.319290161,"p":76,"v":90},{"d":0.332870483,"p":64,"v":90}],"pos":1.0,"size":1.0,"_time":111.847656},{"$id":"651","sounds":[{"d":0.108695984,"p":42,"v":90}],"pos":4.25,"size":1.0,"_time":112.011719},{"$id":"652","sounds":[{"d":0.6521683,"p":55,"v":90},{"w":0.00390625,"d":0.6521683,"p":62,"v":100}],"pos":-1.0,"size":1.30000007,"_time":112.167969},{"$id":"653","sounds":[{"d":1.31112671,"p":78,"v":90},{"w":0.00390625,"d":0.658958435,"p":66,"v":90}],"pos":2.0,"size":1.0,"_time":112.167969},{"$id":"654","sounds":[{"d":0.658958435,"p":40,"v":90}],"pos":4.0,"size":1.0,"_time":112.171875},{"$id":"655","sounds":[{"d":0.6521683,"p":55,"v":90},{"w":0.00390625,"d":0.658958435,"p":59,"v":90}],"pos":-2.0,"size":1.30000007,"_time":112.820313},{"$id":"656","sounds":[{"d":0.6521683,"p":74,"v":90}],"size":1.0,"_time":112.824219},{"$id":"657","sounds":[{"d":0.006790161,"p":40,"v":90}],"pos":5.0,"size":1.0,"_time":112.824219},{"$id":"658","sounds":[{"d":0.169837952,"p":61,"v":100}],"pos":-1.0,"size":1.0,"_time":113.152344},{"$id":"659","sounds":[{"d":0.169837952,"p":62,"v":100}],"size":1.0,"_time":113.308594},{"$id":"660","sounds":[{"d":0.9782486,"p":76,"v":90}],"pos":1.0,"size":1.0,"_time":113.472656},{"$id":"661","sounds":[{"d":0.6521683,"p":57,"v":90},{"w":0.00390625,"d":0.6453781,"p":64,"v":100}],"pos":-1.0,"size":1.30000007,"_time":113.472656},{"$id":"662","sounds":[{"d":0.658958435,"p":42,"v":90}],"pos":3.0,"size":1.0,"_time":113.476563},{"$id":"663","sounds":[{"d":0.326080322,"p":62,"v":90},{"d":0.652160645,"p":57,"v":90},{"d":0.652160645,"p":69,"v":90}],"size":1.30000007,"_time":114.128906},{"$id":"664","sounds":[{"d":0.006790161,"p":42,"v":90}],"pos":4.0,"size":1.0,"_time":114.128906},{"$id":"665","sounds":[{"d":0.652160645,"p":81,"v":90}],"pos":2.0,"size":1.0,"_time":114.128906},{"$id":"666","sounds":[{"d":0.006790161,"p":62,"v":100}],"pos":-2.0,"size":1.0,"_time":114.449219},{"$id":"667","sounds":[{"d":0.15625,"p":74,"v":90}],"size":1.0,"_time":114.457031},{"$id":"668","sounds":[{"d":0.163040161,"p":64,"v":100}],"pos":-1.0,"size":1.0,"_time":114.613281},{"$id":"669","sounds":[{"d":0.163040161,"p":76,"v":90}],"pos":1.0,"size":1.0,"_time":114.613281},{"$id":"670","sounds":[{"d":0.652160645,"p":43,"v":90}],"pos":4.375,"size":1.0,"_time":114.773438},{"$id":"671","sounds":[{"d":0.652160645,"p":54,"v":90},{"d":0.652160645,"p":59,"v":90},{"d":0.326080322,"p":66,"v":100}],"size":1.0,"_time":114.78125},{"$id":"672","sounds":[{"d":0.326080322,"p":78,"v":90}],"pos":2.0,"size":1.0,"_time":114.78125},{"$id":"673","sounds":[{"d":0.326080322,"p":83,"v":90},{"d":0.332870483,"p":71,"v":100}],"pos":1.0,"size":1.0,"_time":115.101563},{"$id":"674","sounds":[{"d":0.332870483,"p":81,"v":90},{"d":0.326080322,"p":69,"v":100}],"size":1.0,"_time":115.425781},{"$id":"675","sounds":[{"d":0.6453705,"p":44,"v":90}],"pos":4.5,"size":1.0,"_time":115.433594},{"$id":"676","sounds":[{"d":0.6453705,"p":62,"v":90},{"d":0.652160645,"p":54,"v":90}],"pos":-2.0,"size":1.30000007,"_time":115.433594},{"$id":"677","sounds":[{"d":0.332870483,"p":86,"v":90},{"w":0.0078125,"d":0.326080322,"p":74,"v":100}],"pos":1.5,"size":1.0,"_time":115.753906},{"$id":"678","sounds":[{"d":0.652160645,"p":64,"v":90},{"w":0.0078125,"d":0.6453705,"p":57,"v":90}],"pos":-1.5,"size":1.30000007,"_time":116.078125},{"$id":"679","sounds":[{"d":0.652160645,"p":45,"v":90}],"pos":4.625,"size":1.0,"_time":116.078125},{"$id":"680","sounds":[{"d":0.332870483,"p":85,"v":90},{"w":0.0078125,"d":0.319290161,"p":73,"v":100}],"pos":0.5,"size":1.0,"_time":116.078125},{"$id":"681","sounds":[{"d":0.326080322,"p":76,"v":100},{"w":0.0078125,"d":0.326080322,"p":88,"v":90}],"pos":2.0,"size":1.0,"_time":116.40625},{"$id":"682","sounds":[{"d":2.60868073,"p":48,"v":90}],"pos":5.0,"size":1.0,"_time":116.738281},{"$id":"683","sounds":[{"d":2.27581024,"p":67,"v":90},{"d":2.615471,"p":55,"v":90},{"d":2.60189056,"p":62,"v":90}],"pos":-1.0,"size":1.30000007,"_time":116.738281},{"$id":"684","sounds":[{"d":2.60868073,"p":86,"v":90},{"d":2.60189056,"p":74,"v":100}],"pos":1.0,"size":1.0,"_time":116.738281},{"$id":"685","sounds":[{"d":2.11955261,"p":81,"v":90},{"w":0.00390625,"d":2.43884277,"p":69,"v":90}],"size":1.0,"_time":117.222656},{"$id":"686","sounds":[{"d":0.4891281,"p":66,"v":90},{"d":0.4891281,"p":78,"v":90}],"pos":-2.0,"size":1.0,"_time":117.714844},{"$id":"687","sounds":[{"d":0.0135879517,"p":67,"v":90},{"w":0.0078125,"d":1.14129639,"p":79,"v":90}],"size":1.0,"_time":118.199219},{"$id":"688","sounds":[{"d":0.006790161,"p":81,"v":90},{"w":0.0078125,"d":0.006790161,"p":69,"v":90}],"pos":1.0,"size":1.0,"_time":118.6875},{"$id":"689","sounds":[{"d":0.006790161,"p":48,"v":90}],"pos":5.0,"size":1.0,"_time":118.859375},{"$id":"690","sounds":[{"d":0.006790161,"p":62,"v":90},{"d":0.006790161,"p":74,"v":90},{"w":0.00390625,"d":0.326080322,"p":67,"v":90}],"pos":-1.0,"size":1.0,"_time":119.015625},{"$id":"691","sounds":[{"d":0.006790161,"p":55,"v":90}],"pos":5.875,"size":1.0,"_time":119.023438},{"$id":"692","sounds":[{"d":0.006790161,"p":86,"v":90}],"pos":2.0,"size":1.0,"_time":119.023438},{"$id":"693","sounds":[{"d":0.006790161,"p":69,"v":90}],"pos":-2.0,"size":1.0,"_time":119.339844},{"$id":"694","sounds":[{"d":0.332870483,"p":78,"v":90},{"d":0.326080322,"p":66,"v":100}],"size":1.0,"_time":119.347656},{"$id":"695","sounds":[{"d":0.332870483,"p":71,"v":90}],"pos":-1.0,"size":1.0,"_time":119.667969},{"$id":"696","sounds":[{"d":0.319290161,"p":67,"v":100},{"d":0.326080322,"p":79,"v":90}],"pos":1.0,"size":1.0,"_time":119.671875},{"$id":"697","sounds":[{"d":0.495918274,"p":73,"v":90}],"size":1.0,"_time":119.992188},{"$id":"698","sounds":[{"d":0.6521683,"p":43,"v":90}],"pos":4.375,"size":1.0,"_time":119.992188},{"$id":"699","sounds":[{"d":0.4891281,"p":81,"v":90},{"w":0.0078125,"d":0.4891281,"p":69,"v":100}],"pos":2.0,"size":1.0,"_time":119.992188},{"$id":"700","sounds":[{"d":0.8084183,"p":62,"v":90},{"d":0.815208435,"p":59,"v":90}],"pos":6.0,"size":1.0,"_time":120.0},{"$id":"701","sounds":[{"d":0.332870483,"p":78,"v":90},{"w":0.0078125,"d":0.326080322,"p":66,"v":100}],"pos":1.0,"size":1.0,"_time":120.480469},{"$id":"702","sounds":[{"d":0.006790161,"p":69,"v":90}],"pos":-1.0,"size":1.0,"_time":120.480469},{"$id":"703","sounds":[{"d":0.169830322,"p":43,"v":90}],"pos":4.375,"size":1.0,"_time":120.644531},{"$id":"704","sounds":[{"d":0.326080322,"p":74,"v":90},{"w":0.0078125,"d":0.108695984,"p":62,"v":90}],"size":1.0,"_time":120.808594},{"$id":"705","sounds":[{"d":0.326080322,"p":83,"v":90},{"w":0.0078125,"d":0.326080322,"p":71,"v":100}],"pos":2.0,"size":1.0,"_time":120.808594},{"$id":"706","sounds":[{"d":0.006790161,"p":59,"v":90}],"pos":6.375,"size":1.0,"_time":120.808594},{"$id":"707","sounds":[{"d":0.821990967,"p":69,"v":100},{"w":0.0078125,"d":0.8152008,"p":81,"v":90}],"size":1.0,"_time":121.132813},{"$id":"708","sounds":[{"d":0.09510803,"p":42,"v":90}],"pos":4.25,"size":1.0,"_time":121.132813},{"$id":"709","sounds":[{"d":0.101898193,"p":57,"v":90}],"pos":6.125,"size":1.0,"_time":121.140625},{"$id":"710","sounds":[{"d":0.09510803,"p":61,"v":90},{"d":0.8152008,"p":73,"v":90}],"pos":-2.0,"size":1.0,"_time":121.140625},{"$id":"711","sounds":[{"d":0.978240967,"p":61,"v":90},{"w":0.0078125,"d":0.978240967,"p":57,"v":90}],"pos":-2.0,"size":1.30000007,"_time":121.621094},{"$id":"712","sounds":[{"d":0.978240967,"p":42,"v":90}],"pos":4.5,"size":1.0,"_time":121.628906},{"$id":"713","sounds":[{"d":0.326080322,"p":78,"v":90},{"w":0.0078125,"d":0.332870483,"p":66,"v":100}],"pos":-1.0,"size":1.0,"_time":121.949219},{"$id":"714","sounds":[{"d":0.326080322,"p":79,"v":90},{"d":0.326080322,"p":67,"v":100}],"pos":2.0,"size":1.0,"_time":122.28125},{"$id":"715","sounds":[{"d":0.332870483,"p":78,"v":90},{"w":0.0078125,"d":0.326080322,"p":66,"v":100}],"pos":-1.0,"size":1.0,"_time":122.601563},{"$id":"716","sounds":[{"d":0.6589508,"p":40,"v":90}],"pos":4.0,"size":1.0,"_time":122.609375},{"$id":"717","sounds":[{"d":0.8152008,"p":55,"v":90}],"pos":5.875,"size":1.0,"_time":122.609375},{"$id":"718","sounds":[{"d":0.332870483,"p":71,"v":90},{"d":0.326080322,"p":59,"v":100}],"pos":-2.0,"size":1.0,"_time":122.925781},{"$id":"719","sounds":[{"d":0.3328781,"p":76,"v":90},{"w":0.0078125,"d":0.3328781,"p":64,"v":100}],"pos":1.0,"size":1.0,"_time":123.253906},{"$id":"720","sounds":[{"d":0.006790161,"p":40,"v":90}],"pos":4.0,"size":1.0,"_time":123.261719},{"$id":"721","sounds":[{"d":0.108695984,"p":59,"v":90},{"w":0.00390625,"d":0.115493774,"p":55,"v":90}],"pos":-2.0,"size":1.30000007,"_time":123.417969},{"$id":"722","sounds":[{"d":0.0135803223,"p":64,"v":100},{"d":0.006790161,"p":76,"v":90}],"pos":1.0,"size":1.0,"_time":123.578125},{"$id":"723","sounds":[{"d":0.08831787,"p":38,"v":90}],"pos":3.75,"size":1.0,"_time":123.75},{"$id":"724","sounds":[{"d":0.08831787,"p":57,"v":90},{"d":0.09510803,"p":61,"v":90}],"pos":-1.0,"size":1.30000007,"_time":123.75},{"$id":"725","sounds":[{"d":0.163040161,"p":62,"v":100},{"d":0.163040161,"p":74,"v":90}],"size":1.0,"_time":124.074219},{"$id":"726","sounds":[{"d":0.9850311,"p":61,"v":90},{"w":0.0078125,"d":0.9850311,"p":54,"v":90}],"pos":-1.0,"size":1.30000007,"_time":124.230469},{"$id":"727","sounds":[{"d":0.978240967,"p":38,"v":90}],"pos":3.75,"size":1.0,"_time":124.230469},{"$id":"728","sounds":[{"d":0.326080322,"p":66,"v":100},{"d":0.319290161,"p":78,"v":90}],"pos":2.0,"size":1.0,"_time":124.238281},{"$id":"729","sounds":[{"d":0.326080322,"p":69,"v":90}],"pos":-2.0,"size":1.0,"_time":124.558594},{"$id":"730","sounds":[{"d":0.006790161,"p":66,"v":100},{"w":0.0078125,"d":0.332870483,"p":78,"v":90}],"size":1.0,"_time":124.558594},{"$id":"731","sounds":[{"d":0.332870483,"p":79,"v":90},{"d":0.332870483,"p":67,"v":100}],"pos":1.0,"size":1.0,"_time":124.882813},{"$id":"732","sounds":[{"d":0.326080322,"p":71,"v":90}],"pos":-1.0,"size":1.0,"_time":124.890625},{"$id":"733","sounds":[{"d":0.489120483,"p":81,"v":90},{"d":0.489120483,"p":69,"v":100}],"pos":2.0,"size":1.0,"_time":125.210938},{"$id":"734","sounds":[{"d":0.8152008,"p":62,"v":90}],"pos":6.75,"size":1.0,"_time":125.214844},{"$id":"735","sounds":[{"d":0.8152008,"p":59,"v":90}],"pos":6.375,"size":1.0,"_time":125.214844},{"$id":"736","sounds":[{"d":0.489120483,"p":73,"v":90}],"size":1.0,"_time":125.214844},{"$id":"737","sounds":[{"d":0.652160645,"p":43,"v":90}],"pos":4.375,"size":1.0,"_time":125.214844},{"$id":"738","sounds":[{"d":0.326080322,"p":66,"v":100},{"w":0.0078125,"d":0.326080322,"p":78,"v":90}],"pos":1.0,"size":1.0,"_time":125.699219},{"$id":"739","sounds":[{"d":0.332870483,"p":69,"v":90}],"pos":-1.0,"size":1.0,"_time":125.707031},{"$id":"740","sounds":[{"d":0.169830322,"p":43,"v":90}],"pos":4.375,"size":1.0,"_time":125.867188},{"$id":"741","sounds":[{"d":0.332870483,"p":83,"v":90},{"d":0.326080322,"p":71,"v":100}],"pos":2.0,"size":1.0,"_time":126.023438},{"$id":"742","sounds":[{"d":0.326080322,"p":74,"v":90},{"w":0.0078125,"d":0.108695984,"p":62,"v":90}],"size":1.0,"_time":126.023438},{"$id":"743","sounds":[{"d":0.108695984,"p":59,"v":90}],"pos":6.375,"size":1.0,"_time":126.03125},{"$id":"744","sounds":[{"d":0.4891281,"p":69,"v":100},{"w":0.0078125,"d":0.4891281,"p":81,"v":90}],"size":1.0,"_time":126.351563},{"$id":"745","sounds":[{"d":0.8219986,"p":73,"v":90},{"w":0.0078125,"d":0.09510803,"p":61,"v":90}],"pos":-2.0,"size":1.0,"_time":126.351563},{"$id":"746","sounds":[{"d":0.09510803,"p":57,"v":90}],"pos":6.125,"size":1.0,"_time":126.351563},{"$id":"747","sounds":[{"d":0.09510803,"p":42,"v":90}],"pos":4.25,"size":1.0,"_time":126.359375},{"$id":"748","sounds":[{"d":0.9850311,"p":42,"v":90}],"pos":4.25,"size":1.0,"_time":126.839844},{"$id":"749","sounds":[{"d":0.006790161,"p":81,"v":90},{"w":0.0078125,"d":0.332870483,"p":69,"v":100}],"pos":1.0,"size":1.0,"_time":126.839844},{"$id":"750","sounds":[{"d":0.326080322,"p":61,"v":90},{"d":1.80023193,"p":57,"v":90}],"pos":-1.0,"size":1.30000007,"_time":126.839844},{"$id":"751","sounds":[{"d":0.326080322,"p":62,"v":90}],"pos":5.5,"size":1.0,"_time":127.167969},{"$id":"752","sounds":[{"d":0.326080322,"p":74,"v":100},{"d":0.332870483,"p":86,"v":90}],"pos":2.0,"size":1.0,"_time":127.171875},{"$id":"753","sounds":[{"d":0.332870483,"p":85,"v":90},{"w":0.0078125,"d":0.326080322,"p":73,"v":100}],"pos":1.0,"size":1.0,"_time":127.492188},{"$id":"754","sounds":[{"d":1.24996948,"p":64,"v":90}],"pos":4.5,"size":1.0,"_time":127.5},{"$id":"755","sounds":[{"d":0.8152008,"p":69,"v":100},{"d":0.489120483,"p":81,"v":90}],"size":1.0,"_time":127.820313},{"$id":"756","sounds":[{"d":0.006790161,"p":57,"v":90},{"w":0.00390625,"d":0.808410645,"p":60,"v":90}],"pos":-2.0,"size":1.30000007,"_time":127.820313},{"$id":"757","sounds":[{"d":0.6589508,"p":41,"v":90}],"pos":4.125,"size":1.0,"_time":127.824219},{"$id":"758","sounds":[{"d":0.006790161,"p":81,"v":90},{"w":0.0078125,"d":0.006790161,"p":69,"v":100}],"size":1.0,"_time":128.144531},{"$id":"759","sounds":[{"d":0.006790161,"p":69,"v":100},{"w":0.00390625,"d":0.332870483,"p":81,"v":90}],"size":1.0,"_time":128.3086},{"$id":"760","sounds":[{"d":0.006790161,"p":41,"v":90}],"pos":4.125,"size":1.0,"_time":128.476563},{"$id":"761","sounds":[{"d":0.108688354,"p":60,"v":90},{"d":0.006790161,"p":64,"v":90}],"pos":-1.0,"size":1.30000007,"_time":128.632813},{"$id":"762","sounds":[{"d":0.163040161,"p":67,"v":100},{"d":0.163040161,"p":79,"v":90}],"pos":1.0,"size":1.0,"_time":128.640625},{"$id":"763","sounds":[{"d":0.163040161,"p":66,"v":100},{"d":0.163040161,"p":78,"v":90}],"size":1.0,"_time":128.804688},{"$id":"764","sounds":[{"d":0.09510803,"p":40,"v":90}],"pos":4.0,"size":1.0,"_time":128.960938},{"$id":"765","sounds":[{"d":0.09510803,"p":62,"v":90},{"d":0.101898193,"p":59,"v":90}],"pos":-2.0,"size":1.30000007,"_time":128.964844},{"$id":"766","sounds":[{"d":0.163040161,"p":67,"v":100},{"d":0.15625,"p":79,"v":90}],"pos":1.0,"size":1.0,"_time":128.964844},{"$id":"767","sounds":[{"d":0.652160645,"p":66,"v":100},{"d":0.6589508,"p":78,"v":90}],"size":1.0,"_time":129.1211},{"$id":"768","sounds":[{"d":0.9714508,"p":62,"v":90},{"d":0.978240967,"p":59,"v":90}],"pos":-2.0,"size":1.30000007,"_time":129.457031},{"$id":"769","sounds":[{"d":0.326080322,"p":40,"v":90}],"pos":4.0,"size":1.0,"_time":129.457031},{"$id":"770","sounds":[{"d":0.332870483,"p":66,"v":100},{"w":0.00390625,"d":0.006790161,"p":78,"v":90}],"size":1.0,"_time":129.773438},{"$id":"771","sounds":[{"d":0.652160645,"p":45,"v":90}],"pos":4.625,"size":1.0,"_time":129.78125},{"$id":"772","sounds":[{"d":0.332870483,"p":69,"v":90}],"pos":-2.0,"size":1.0,"_time":129.78125},{"$id":"773","sounds":[{"d":0.326080322,"p":71,"v":90}],"pos":-1.0,"size":1.0,"_time":130.109375},{"$id":"774","sounds":[{"d":0.326080322,"p":67,"v":100},{"d":0.326080322,"p":79,"v":90}],"pos":1.0,"size":1.0,"_time":130.109375},{"$id":"775","sounds":[{"d":0.8152008,"p":62,"v":90}],"pos":6.75,"size":1.0,"_time":130.425781},{"$id":"776","sounds":[{"d":0.6589508,"p":43,"v":90}],"pos":4.375,"size":1.0,"_time":130.425781},{"$id":"777","sounds":[{"d":0.489120483,"p":73,"v":90}],"size":1.0,"_time":130.425781},{"$id":"778","sounds":[{"d":0.821990967,"p":59,"v":90}],"pos":6.375,"size":1.0,"_time":130.4336},{"$id":"779","sounds":[{"d":0.495910645,"p":81,"v":90},{"d":0.495910645,"p":69,"v":100}],"pos":2.0,"size":1.0,"_time":130.4336},{"$id":"780","sounds":[{"d":0.326080322,"p":66,"v":100},{"w":0.00390625,"d":0.326080322,"p":78,"v":90}],"pos":1.0,"size":1.0,"_time":130.917969},{"$id":"781","sounds":[{"d":0.006790161,"p":69,"v":90}],"pos":-1.0,"size":1.0,"_time":130.921875},{"$id":"782","sounds":[{"d":0.006790161,"p":43,"v":90}],"pos":4.375,"size":1.0,"_time":131.078125},{"$id":"783","sounds":[{"d":0.332870483,"p":71,"v":100},{"d":0.332870483,"p":83,"v":90}],"pos":2.0,"size":1.0,"_time":131.242188},{"$id":"784","sounds":[{"d":0.108688354,"p":62,"v":90},{"w":0.0078125,"d":0.326080322,"p":74,"v":90}],"size":1.0,"_time":131.242188},{"$id":"785","sounds":[{"d":0.006790161,"p":59,"v":90}],"pos":6.375,"size":1.0,"_time":131.25},{"$id":"786","sounds":[{"d":0.101898193,"p":61,"v":90},{"w":0.00390625,"d":0.8084259,"p":73,"v":90}],"pos":-2.0,"size":1.0,"_time":131.570313},{"$id":"787","sounds":[{"d":0.09510803,"p":42,"v":90}],"pos":4.25,"size":1.0,"_time":131.570313},{"$id":"788","sounds":[{"d":0.815216064,"p":69,"v":100},{"d":0.8084259,"p":81,"v":90}],"size":1.0,"_time":131.574219},{"$id":"789","sounds":[{"d":0.08831787,"p":57,"v":90}],"pos":6.125,"size":1.0,"_time":131.574219},{"$id":"790","sounds":[{"d":0.9850311,"p":42,"v":90}],"pos":4.25,"size":1.0,"_time":132.0625},{"$id":"791","sounds":[{"d":0.9714508,"p":61,"v":90},{"d":0.978240967,"p":57,"v":90}],"pos":-2.0,"size":1.30000007,"_time":132.0625},{"$id":"792","sounds":[{"d":0.326080322,"p":66,"v":100},{"w":0.0078125,"d":0.326080322,"p":78,"v":90}],"pos":-1.0,"size":1.0,"_time":132.382813},{"$id":"793","sounds":[{"d":0.332870483,"p":67,"v":100},{"w":0.00390625,"d":0.319290161,"p":79,"v":90}],"pos":2.0,"size":1.0,"_time":132.710938},{"$id":"794","sounds":[{"d":0.808410645,"p":55,"v":90}],"pos":5.875,"size":1.0,"_time":133.042969},{"$id":"795","sounds":[{"d":0.652160645,"p":40,"v":90}],"pos":4.0,"size":1.0,"_time":133.042969},{"$id":"796","sounds":[{"d":0.319290161,"p":78,"v":90},{"d":0.326080322,"p":66,"v":100}],"pos":-1.0,"size":1.0,"_time":133.042969},{"$id":"797","sounds":[{"d":0.15625,"p":59,"v":100},{"d":0.15625,"p":71,"v":90}],"pos":-2.0,"size":1.0,"_time":133.367188},{"$id":"798","sounds":[{"d":0.326080322,"p":62,"v":100},{"d":0.326080322,"p":74,"v":90}],"size":1.0,"_time":133.53125},{"$id":"799","sounds":[{"d":0.163040161,"p":40,"v":90}],"pos":4.0,"size":1.0,"_time":133.695313},{"$id":"800","sounds":[{"d":0.319290161,"p":76,"v":90},{"d":0.6589508,"p":64,"v":100}],"pos":1.0,"size":1.0,"_time":133.859375},{"$id":"801","sounds":[{"d":0.108688354,"p":59,"v":90},{"d":0.108688354,"p":55,"v":90}],"pos":-2.0,"size":1.30000007,"_time":133.859375},{"$id":"802","sounds":[{"d":0.09510803,"p":38,"v":90}],"pos":3.75,"size":1.0,"_time":134.1836},{"$id":"803","sounds":[{"d":0.09510803,"p":61,"v":90},{"d":0.09510803,"p":57,"v":90}],"pos":-1.0,"size":1.30000007,"_time":134.1836},{"$id":"804","sounds":[{"d":0.006790161,"p":64,"v":100},{"d":0.319290161,"p":76,"v":90}],"pos":1.0,"size":1.0,"_time":134.1836},{"$id":"805","sounds":[{"d":0.163040161,"p":62,"v":100},{"d":0.169830322,"p":74,"v":90}],"size":1.0,"_time":134.511719},{"$id":"806","sounds":[{"d":0.652160645,"p":38,"v":90}],"pos":3.75,"size":1.0,"_time":134.667969},{"$id":"807","sounds":[{"d":0.9850311,"p":61,"v":90},{"w":0.00390625,"d":0.978240967,"p":57,"v":90},{"w":0.00390625,"d":0.006790161,"p":66,"v":100}],"pos":-1.0,"size":1.30000007,"_time":134.667969},{"$id":"808","sounds":[{"d":0.326080322,"p":67,"v":100},{"d":0.319290161,"p":79,"v":90}],"pos":2.0,"size":1.0,"_time":134.671875},{"$id":"809","sounds":[{"d":0.6589508,"p":78,"v":90},{"w":0.0078125,"d":0.652160645,"p":66,"v":100}],"pos":1.0,"size":1.0,"_time":134.992188},{"$id":"810","sounds":[{"d":0.163040161,"p":45,"v":90}],"pos":4.625,"size":1.0,"_time":135.320313},{"$id":"811","sounds":[{"d":0.169830322,"p":47,"v":90}],"pos":4.875,"size":1.0,"_time":135.480469},{"$id":"812","sounds":[{"d":0.8287811,"p":48,"v":90},{"d":0.821990967,"p":55,"v":90}],"pos":-1.0,"size":1.30000007,"_time":135.644531},{"$id":"813","sounds":[{"d":0.163040161,"p":64,"v":100},{"w":0.0078125,"d":0.163040161,"p":76,"v":90}],"pos":1.0,"size":1.0,"_time":135.644531},{"$id":"814","sounds":[{"d":0.163040161,"p":74,"v":90},{"d":0.169830322,"p":62,"v":100}],"size":1.0,"_time":135.8086},{"$id":"815","sounds":[{"d":0.163040161,"p":76,"v":90},{"d":0.169830322,"p":64,"v":100}],"pos":1.0,"size":1.0,"_time":135.976563},{"$id":"816","sounds":[{"d":0.6589508,"p":74,"v":90},{"w":0.0078125,"d":0.6589508,"p":62,"v":100}],"size":1.0,"_time":136.132813},{"$id":"817","sounds":[{"d":0.006790161,"p":55,"v":90},{"w":0.0078125,"d":0.006790161,"p":48,"v":90}],"pos":-1.0,"size":1.30000007,"_time":136.460938},{"$id":"818","sounds":[{"d":0.169830322,"p":71,"v":90},{"d":0.169830322,"p":59,"v":100}],"size":1.0,"_time":136.792969},{"$id":"819","sounds":[{"d":0.08831787,"p":47,"v":90},{"d":0.08831787,"p":55,"v":90}],"pos":-2.0,"size":1.30000007,"_time":136.792969},{"$id":"820","sounds":[{"d":0.326080322,"p":79,"v":90},{"d":0.332870483,"p":67,"v":100}],"pos":1.0,"size":1.0,"_time":136.957031},{"$id":"821","sounds":[{"d":3.586914,"p":55,"v":90},{"d":0.978240967,"p":59,"v":90},{"w":0.0078125,"d":0.652160645,"p":47,"v":90}],"pos":-2.0,"size":1.30000007,"_time":137.273438},{"$id":"822","sounds":[{"d":0.163040161,"p":69,"v":100},{"d":0.163040161,"p":81,"v":90}],"pos":2.0,"size":1.0,"_time":137.28125},{"$id":"823","sounds":[{"d":0.326080322,"p":76,"v":90},{"w":0.0078125,"d":0.326080322,"p":64,"v":100}],"pos":1.0,"size":1.0,"_time":137.4375},{"$id":"824","sounds":[{"d":0.15625,"p":62,"v":100},{"d":0.163040161,"p":74,"v":90}],"size":1.0,"_time":137.769531},{"$id":"825","sounds":[{"d":2.92796326,"p":74,"v":90},{"d":4.232315,"p":62,"v":100}],"size":1.0,"_time":137.9336},{"$id":"826","sounds":[{"d":0.169830322,"p":43,"v":90}],"pos":4.375,"size":1.0,"_time":137.9336},{"$id":"827","sounds":[{"d":0.169830322,"p":45,"v":90}],"pos":4.625,"size":1.0,"_time":138.097656},{"$id":"828","sounds":[{"d":0.652160645,"p":46,"v":90}],"pos":4.75,"size":1.0,"_time":138.2539},{"$id":"829","sounds":[{"d":0.006790161,"p":55,"v":90}],"pos":-2.0,"size":1.30000007,"_time":138.2539},{"$id":"830","sounds":[{"d":4.891266,"p":67,"v":90}],"pos":1.0,"size":1.0,"_time":138.261719},{"$id":"831","sounds":[{"d":15.00676,"p":69,"v":90}],"size":1.0,"_time":138.90625},{"$id":"832","sounds":[{"d":1.63043213,"p":46,"v":90}],"pos":5.5,"size":1.0,"_time":138.910156},{"$id":"833","sounds":[{"d":0.006790161,"p":74,"v":90}],"pos":1.0,"size":1.0,"_time":139.5586},{"$id":"834","sounds":[{"d":0.006790161,"p":46,"v":90}],"pos":6.0,"size":1.0,"_time":139.5664},{"$id":"835","sounds":[{"d":0.006790161,"p":62,"v":90}],"pos":7.5,"size":1.0,"_time":139.5664},{"$id":"836","sounds":[{"d":0.006790161,"p":46,"v":90}],"pos":5.0,"size":1.0,"_time":140.210938},{"$id":"837","sounds":[{"d":2.28259277,"p":76,"v":90}],"pos":2.0,"size":1.0,"_time":140.214844},{"$id":"838","sounds":[{"d":0.163040161,"p":43,"v":90}],"pos":4.375,"size":1.0,"_time":140.542969},{"$id":"839","sounds":[{"d":0.163040161,"p":45,"v":90}],"pos":4.625,"size":1.0,"_time":140.707031},{"$id":"840","sounds":[{"d":0.6521759,"p":46,"v":90}],"pos":4.0,"size":1.0,"_time":140.863281},{"$id":"841","sounds":[{"d":0.006790161,"p":62,"v":100},{"w":0.00390625,"d":1.30435181,"p":74,"v":90}],"pos":-2.0,"size":1.0,"_time":140.863281},{"$id":"842","sounds":[{"d":2.27580261,"p":79,"v":90}],"pos":1.0,"size":1.0,"_time":140.867188},{"$id":"843","sounds":[{"d":2.27580261,"p":55,"v":90}],"pos":5.875,"size":1.0,"_time":140.867188},{"$id":"844","sounds":[{"d":0.006790161,"p":62,"v":100},{"w":0.0078125,"d":0.006790161,"p":74,"v":90}],"pos":-2.0,"size":1.0,"_time":141.515625},{"$id":"845","sounds":[{"d":1.62362671,"p":46,"v":90}],"pos":4.5,"size":1.0,"_time":141.519531},{"$id":"846","sounds":[{"d":0.9782562,"p":81,"v":90}],"pos":2.0,"size":1.0,"_time":141.519531},{"$id":"847","sounds":[{"d":0.006790161,"p":79,"v":90}],"pos":1.0,"size":1.0,"_time":142.171875},{"$id":"848","sounds":[{"d":0.319290161,"p":64,"v":100},{"d":0.006790161,"p":76,"v":90}],"pos":-1.0,"size":1.0,"_time":142.171875},{"$id":"849","sounds":[{"d":0.006790161,"p":46,"v":90}],"pos":4.75,"size":1.0,"_time":142.171875},{"$id":"850","sounds":[{"d":0.332870483,"p":74,"v":90},{"w":0.0078125,"d":0.332870483,"p":62,"v":100}],"pos":-2.0,"size":1.0,"_time":142.492188},{"$id":"851","sounds":[{"d":11.4130249,"p":81,"v":90}],"pos":2.0,"size":1.0,"_time":142.5},{"$id":"852","sounds":[{"d":0.332870483,"p":64,"v":100},{"w":0.0078125,"d":0.332870483,"p":76,"v":90}],"pos":-1.0,"size":1.0,"_time":142.8164},{"$id":"853","sounds":[{"d":0.006790161,"p":79,"v":90}],"pos":1.0,"size":1.0,"_time":142.820313},{"$id":"854","sounds":[{"d":0.006790161,"p":46,"v":90}],"pos":4.75,"size":1.0,"_time":142.820313},{"$id":"855","sounds":[{"d":10.7676544,"p":57,"v":90}],"pos":6.125,"size":1.0,"_time":143.144531},{"$id":"856","sounds":[{"d":10.7608643,"p":66,"v":100}],"pos":7.25,"size":1.0,"_time":143.144531},{"$id":"857","sounds":[{"d":10.7540741,"p":78,"v":90}],"size":1.0,"_time":143.152344},{"$id":"858","sounds":[{"d":10.7608643,"p":38,"v":90}],"pos":3.75,"size":1.0,"_time":143.152344},{"$id":"859","sounds":[{"d":10.7608643,"p":73,"v":90},{"d":10.7608643,"p":61,"v":90}],"pos":-2.0,"size":1.0,"_time":143.152344}],"links":[{"notes":[{"$ref":"409"},{"$ref":"411"},{"$ref":"413"}]},{"notes":[{"$ref":"667"},{"$ref":"669"},{"$ref":"672"}]},{"notes":[{"$ref":"666"},{"$ref":"668"},{"$ref":"671"}]},{"notes":[{"$ref":"408"},{"$ref":"410"},{"$ref":"412"}]}]}