{"speed":12.0,"notes":[{"$id":"1","sounds":[{"d":1.34722042,"p":77,"v":85}],"size":1.0,"_time":5.2265625},{"$id":"2","sounds":[{"d":1.23148012,"p":80,"v":92}],"pos":1.0,"size":1.0,"_time":5.28125},{"$id":"3","sounds":[{"d":1.19444323,"p":84,"v":99}],"pos":1.5,"size":1.0,"_time":5.30859375},{"$id":"4","sounds":[{"d":1.13425827,"p":89,"v":117}],"pos":2.0,"size":1.0,"_time":5.33203125},{"$id":"5","sounds":[{"d":1.39814711,"p":73,"v":78}],"pos":-0.5,"size":1.0,"_time":6.99609375},{"$id":"6","sounds":[{"d":1.27314711,"p":77,"v":95}],"pos":0.5,"size":1.0,"_time":7.05078125},{"$id":"7","sounds":[{"d":1.23611069,"p":82,"v":97}],"pos":1.25714254,"size":1.0,"_time":7.09375},{"$id":"8","sounds":[{"d":1.162036,"p":85,"v":99}],"pos":1.5,"size":1.0,"_time":7.109375},{"$id":"9","sounds":[{"d":1.4444437,"p":72,"v":75}],"pos":-2.0,"size":1.0,"_time":8.7734375},{"$id":"10","sounds":[{"d":1.32407284,"p":76,"v":91}],"pos":-1.5,"size":1.0,"_time":8.8046875},{"$id":"11","sounds":[{"d":1.25462818,"p":79,"v":97}],"pos":-0.3000002,"size":1.0,"_time":8.871094},{"$id":"12","sounds":[{"d":1.21759129,"p":84,"v":111}],"size":1.0,"_time":8.890625},{"$id":"13","sounds":[{"d":1.57407379,"p":82,"v":92}],"pos":1.5,"size":1.0,"_time":10.4492188},{"$id":"14","sounds":[{"d":1.52314758,"p":79,"v":81}],"pos":-1.0,"size":1.0,"_time":10.5195313},{"$id":"15","sounds":[{"d":1.38888836,"p":75,"v":105}],"pos":0.5,"size":1.0,"_time":10.6289063},{"$id":"16","sounds":[{"d":1.27777672,"p":70,"v":107}],"pos":-2.0,"size":1.0,"_time":10.7070313},{"$id":"17","sounds":[{"d":1.39351845,"p":77,"v":87}],"pos":-1.5,"size":1.0,"_time":12.3554688},{"$id":"18","sounds":[{"d":1.31481361,"p":80,"v":111}],"pos":-1.0,"size":1.0,"_time":12.390625},{"$id":"19","sounds":[{"d":1.31018448,"p":84,"v":101}],"pos":-0.5,"size":1.0,"_time":12.4179688},{"$id":"20","sounds":[{"d":1.28240681,"p":89,"v":109}],"size":1.0,"_time":12.4453125},{"$id":"21","sounds":[{"d":1.03240681,"p":75,"v":50}],"pos":-1.0,"size":1.0,"_time":14.0742188},{"$id":"22","sounds":[{"d":1.09259129,"p":82,"v":73}],"size":1.0,"_time":14.1445313},{"$id":"23","sounds":[{"d":1.12962914,"p":85,"v":95}],"pos":0.5,"size":1.0,"_time":14.171875},{"$id":"24","sounds":[{"d":1.04629517,"p":89,"v":111}],"pos":1.0,"size":1.0,"_time":14.2226563},{"$id":"25","sounds":[{"d":2.287036,"p":77,"v":66},{"d":2.287036,"p":82,"v":66}],"pos":0.5,"size":1.0,"_time":15.890625},{"$id":"26","sounds":[{"d":2.245368,"p":85,"v":95}],"pos":1.0,"size":1.0,"_time":15.921875},{"$id":"27","sounds":[{"d":2.18981266,"p":92,"v":97}],"pos":2.0,"size":1.0,"_time":15.9765625},{"$id":"28","sounds":[{"d":0.407407761,"p":80,"v":97},{"d":0.421297073,"p":92,"v":109},{"d":0.421297073,"p":104,"v":109}],"pos":1.0,"size":1.30000007,"_time":21.7773438},{"$id":"29","sounds":[{"d":0.472221375,"p":79,"v":89},{"d":0.4398136,"p":91,"v":105},{"d":0.4398136,"p":103,"v":105}],"size":1.30000007,"_time":22.2226563},{"$id":"30","sounds":[{"d":0.439815521,"p":87,"v":99},{"d":0.416667938,"p":75,"v":101},{"d":0.439815521,"p":99,"v":99}],"pos":-1.0,"size":1.30000007,"_time":22.6679688},{"$id":"31","pos":-1.0,"size":1.0,"_time":23.109375},{"$id":"32","pos":1.0,"size":1.0,"_time":23.2226563},{"$id":"33","pos":1.5,"size":1.0,"_time":23.3320313},{"$id":"34","pos":2.0,"size":1.0,"_time":23.4453125},{"$id":"35","size":1.30000007,"_time":23.5546875},{"$id":"36","pos":1.0,"size":1.0,"_time":23.6679688},{"$id":"37","pos":1.5,"size":1.0,"_time":23.7773438},{"$id":"38","pos":2.0,"size":1.0,"_time":23.890625},{"$id":"39","pos":-1.0,"size":1.0,"_time":24.0},{"$id":"40","pos":1.0,"size":1.0,"_time":24.109375},{"$id":"41","pos":1.5,"size":1.0,"_time":24.2226563},{"$id":"42","pos":2.0,"size":1.0,"_time":24.3320313},{"$id":"43","size":1.30000007,"_time":24.4453125},{"$id":"44","pos":1.0,"size":1.0,"_time":24.5546875},{"$id":"45","pos":1.5,"size":1.0,"_time":24.6679688},{"$id":"46","pos":2.0,"size":1.0,"_time":24.7773438},{"$id":"47","pos":-2.0,"size":1.0,"_time":24.890625},{"$id":"48","size":1.0,"_time":25.0},{"$id":"49","pos":0.5,"size":1.0,"_time":25.109375},{"$id":"50","pos":1.0,"size":1.0,"_time":25.2226563},{"$id":"51","pos":-1.0,"size":1.30000007,"_time":25.3320313},{"$id":"52","size":1.0,"_time":25.4453125},{"$id":"53","pos":0.5,"size":1.0,"_time":25.5546875},{"$id":"54","pos":1.0,"size":1.0,"_time":25.6679688},{"$id":"55","pos":-2.0,"size":1.0,"_time":25.7773438},{"$id":"56","size":1.0,"_time":25.890625},{"$id":"57","pos":0.5,"size":1.0,"_time":26.0},{"$id":"58","pos":1.0,"size":1.0,"_time":26.109375},{"$id":"59","pos":-1.0,"size":1.30000007,"_time":26.2226563},{"$id":"60","size":1.0,"_time":26.3320313},{"$id":"61","pos":0.5,"size":1.0,"_time":26.4453125},{"$id":"62","pos":1.0,"size":1.0,"_time":26.5546875},{"$id":"63","pos":-2.0,"size":1.0,"_time":26.6679688},{"$id":"64","pos":1.0,"size":1.0,"_time":26.7773438},{"$id":"65","pos":2.0,"size":1.0,"_time":26.890625},{"$id":"66","pos":1.0,"size":1.0,"_time":27.0},{"$id":"67","size":1.30000007,"_time":27.109375},{"$id":"68","pos":1.0,"size":1.0,"_time":27.2226563},{"$id":"69","pos":2.0,"size":1.0,"_time":27.3320313},{"$id":"70","pos":1.0,"size":1.0,"_time":27.4453125},{"$id":"71","pos":-2.0,"size":1.0,"_time":27.5546875},{"$id":"72","pos":1.0,"size":1.0,"_time":27.6679688},{"$id":"73","pos":2.0,"size":1.0,"_time":27.7773438},{"$id":"74","pos":1.0,"size":1.0,"_time":27.890625},{"$id":"75","size":1.30000007,"_time":28.0},{"$id":"76","pos":1.0,"size":1.0,"_time":28.109375},{"$id":"77","pos":2.0,"size":1.0,"_time":28.2226563},{"$id":"78","pos":1.0,"size":1.0,"_time":28.3320313},{"$id":"79","pos":-2.0,"size":1.0,"_time":28.4453125},{"$id":"80","size":1.0,"_time":28.5546875},{"$id":"81","pos":1.0,"size":1.0,"_time":28.6679688},{"$id":"82","size":1.0,"_time":28.7773438},{"$id":"83","sounds":[{"d":0.4398136,"p":72,"v":99},{"d":0.490739822,"p":84,"v":93},{"d":0.490739822,"p":96,"v":93}],"pos":2.0,"size":1.30000007,"_time":28.890625},{"$id":"84","pos":-1.0,"size":1.30000007,"_time":28.890625},{"$id":"85","size":1.0,"_time":29.0},{"$id":"86","pos":1.0,"size":1.0,"_time":29.109375},{"$id":"87","size":1.0,"_time":29.2226563},{"$id":"88","sounds":[{"d":0.458333969,"p":94,"v":91},{"d":0.3888893,"p":70,"v":93},{"d":0.458333969,"p":82,"v":91}],"pos":1.5,"size":1.30000007,"_time":29.328125},{"$id":"89","pos":-1.5,"size":1.0,"_time":29.3320313},{"$id":"90","pos":-0.5,"size":1.0,"_time":29.4453125},{"$id":"91","pos":0.5,"size":1.0,"_time":29.5546875},{"$id":"92","pos":-0.5,"size":1.0,"_time":29.6679688},{"$id":"93","sounds":[{"d":0.444444656,"p":80,"v":101},{"d":0.444444656,"p":92,"v":101},{"d":0.4259262,"p":68,"v":89}],"pos":1.0,"size":1.30000007,"_time":29.7773438},{"$id":"94","pos":-2.0,"size":1.30000007,"_time":29.7773438},{"$id":"95","pos":-1.0,"size":1.0,"_time":29.890625},{"$id":"96","size":1.0,"_time":30.0},{"$id":"97","pos":-1.0,"size":1.0,"_time":30.109375},{"$id":"98","sounds":[{"d":0.3148136,"p":85,"v":125},{"d":0.3148136,"p":73,"v":125},{"d":0.3148136,"p":97,"v":125}],"pos":2.0,"size":1.30000007,"_time":30.2226563},{"$id":"99","pos":-2.0,"size":1.0,"_time":30.2226563},{"$id":"100","pos":-1.5,"size":1.0,"_time":30.3320313},{"$id":"101","pos":-1.0,"size":1.0,"_time":30.4453125},{"$id":"102","sounds":[{"d":1.620369,"p":96,"v":121},{"d":1.620369,"p":72,"v":121},{"d":1.620369,"p":84,"v":121}],"pos":1.5,"size":1.30000007,"_time":30.5546875},{"$id":"103","pos":-0.5,"size":1.0,"_time":30.5546875},{"$id":"104","size":1.30000007,"_time":30.6679688},{"$id":"105","pos":-1.0,"size":1.0,"_time":30.7773438},{"$id":"106","pos":-1.5,"size":1.0,"_time":30.890625},{"$id":"107","pos":-2.0,"size":1.0,"_time":31.0},{"$id":"108","pos":1.0,"size":1.0,"_time":31.109375},{"$id":"109","pos":-1.0,"size":1.0,"_time":31.2226563},{"$id":"110","pos":-1.5,"size":1.0,"_time":31.3320313},{"$id":"111","pos":-2.0,"size":1.0,"_time":31.4453125},{"$id":"112","size":1.30000007,"_time":31.5546875},{"$id":"113","pos":-1.0,"size":1.0,"_time":31.6679688},{"$id":"114","pos":-1.5,"size":1.0,"_time":31.7773438},{"$id":"115","pos":-2.0,"size":1.0,"_time":31.890625},{"$id":"116","pos":2.0,"size":1.0,"_time":32.0},{"$id":"117","size":1.0,"_time":32.109375},{"$id":"118","pos":-0.5,"size":1.0,"_time":32.2226563},{"$id":"119","pos":-1.0,"size":1.0,"_time":32.33203},{"$id":"120","pos":1.0,"size":1.30000007,"_time":32.4453125},{"$id":"121","size":1.0,"_time":32.5546875},{"$id":"122","pos":-0.5,"size":1.0,"_time":32.66797},{"$id":"123","pos":-1.0,"size":1.0,"_time":32.7773438},{"$id":"124","sounds":[{"d":0.328704834,"p":94,"v":113},{"d":0.328704834,"p":70,"v":113},{"d":0.328704834,"p":82,"v":113}],"size":1.30000007,"_time":32.890625},{"$id":"125","pos":2.0,"size":1.0,"_time":32.890625},{"$id":"126","pos":1.5,"size":1.0,"_time":33.0},{"$id":"127","pos":1.0,"size":1.0,"_time":33.109375},{"$id":"128","sounds":[{"d":0.328704834,"p":68,"v":111},{"d":0.328704834,"p":80,"v":111},{"d":0.328704834,"p":92,"v":111}],"pos":-1.0,"size":1.30000007,"_time":33.2226563},{"$id":"129","pos":0.5,"size":1.0,"_time":33.2226563},{"$id":"130","size":1.30000007,"_time":33.33203},{"$id":"131","pos":0.5,"size":1.0,"_time":33.4453125},{"$id":"132","sounds":[{"d":0.217594147,"p":91,"v":101},{"d":0.217594147,"p":79,"v":101},{"d":0.217594147,"p":67,"v":101}],"pos":-2.0,"size":1.30000007,"_time":33.5546875},{"$id":"133","pos":1.0,"size":1.0,"_time":33.5546875},{"$id":"134","pos":1.5,"size":1.0,"_time":33.66797},{"$id":"135","sounds":[{"d":0.8842583,"p":92,"v":111},{"d":0.8842583,"p":80,"v":111},{"d":0.8842583,"p":68,"v":111}],"size":1.30000007,"_time":33.7773438},{"$id":"136","pos":2.0,"size":1.0,"_time":33.7773438},{"$id":"137","pos":-1.0,"size":1.0,"_time":33.890625},{"$id":"138","pos":-2.0,"size":1.0,"_time":34.0},{"$id":"139","pos":-1.0,"size":1.0,"_time":34.109375},{"$id":"140","pos":1.0,"size":1.30000007,"_time":34.2226563},{"$id":"141","pos":-1.0,"size":1.0,"_time":34.33203},{"$id":"142","pos":-2.0,"size":1.0,"_time":34.4453125},{"$id":"143","pos":-1.0,"size":1.0,"_time":34.5546875},{"$id":"144","sounds":[{"d":0.439815521,"p":89,"v":103},{"d":0.439815521,"p":77,"v":103},{"d":0.439815521,"p":65,"v":103}],"size":1.30000007,"_time":34.66797},{"$id":"145","pos":2.0,"size":1.0,"_time":34.66797},{"$id":"146","pos":1.0,"size":1.0,"_time":34.7773438},{"$id":"147","size":1.0,"_time":34.890625},{"$id":"148","pos":1.0,"size":1.0,"_time":35.0},{"$id":"149","sounds":[{"d":0.217594147,"p":79,"v":103},{"d":0.217594147,"p":91,"v":103},{"d":0.217594147,"p":67,"v":103}],"pos":-2.0,"size":1.30000007,"_time":35.109375},{"$id":"150","size":1.30000007,"_time":35.109375},{"$id":"151","pos":1.0,"size":1.0,"_time":35.2226563},{"$id":"152","sounds":[{"d":1.125,"p":68,"v":111},{"d":1.125,"p":80,"v":111},{"d":1.125,"p":92,"v":111}],"pos":-1.0,"size":1.30000007,"_time":35.33203},{"$id":"153","pos":2.0,"size":1.0,"_time":35.33203},{"$id":"154","pos":1.0,"size":1.0,"_time":35.4453125},{"$id":"155","pos":2.0,"size":1.0,"_time":35.5546875},{"$id":"156","size":1.0,"_time":35.66797},{"$id":"157","pos":-1.0,"size":1.0,"_time":35.7773438},{"$id":"158","size":1.0,"_time":35.890625},{"$id":"159","pos":1.0,"size":1.30000007,"_time":36.0},{"$id":"160","size":1.0,"_time":36.109375},{"$id":"161","pos":-1.0,"size":1.0,"_time":36.2226563},{"$id":"162","size":1.0,"_time":36.33203},{"$id":"163","pos":2.0,"size":1.0,"_time":36.4453125},{"$id":"164","pos":-1.0,"size":1.0,"_time":36.5546875},{"$id":"165","size":1.0,"_time":36.66797},{"$id":"166","pos":-1.0,"size":1.0,"_time":36.7773438},{"$id":"167","pos":-2.0,"size":1.30000007,"_time":36.890625},{"$id":"168","sounds":[{"d":0.111110687,"p":67,"v":113},{"d":0.111110687,"p":79,"v":113},{"d":0.111110687,"p":91,"v":113}],"size":1.30000007,"_time":36.890625},{"$id":"169","sounds":[{"d":0.138889313,"p":68,"v":103},{"d":0.138889313,"p":80,"v":103},{"d":0.138889313,"p":92,"v":103}],"pos":0.5,"size":1.30000007,"_time":37.0},{"$id":"170","pos":-1.5,"size":1.0,"_time":37.0},{"$id":"171","sounds":[{"d":0.152778625,"p":70,"v":107},{"d":0.152778625,"p":82,"v":107}],"pos":1.0,"size":1.30000007,"_time":37.109375},{"$id":"172","pos":-1.0,"size":1.0,"_time":37.109375},{"$id":"173","sounds":[{"d":0.101852417,"p":84,"v":115},{"d":0.101852417,"p":72,"v":115},{"d":0.101852417,"p":96,"v":115}],"pos":1.5,"size":1.30000007,"_time":37.2226563},{"$id":"174","pos":-0.5,"size":1.0,"_time":37.2226563},{"$id":"175","sounds":[{"d":0.291667938,"p":97,"v":117},{"d":0.291667938,"p":73,"v":117},{"d":0.291667938,"p":85,"v":117}],"pos":2.0,"size":1.30000007,"_time":37.33203},{"$id":"176","pos":-1.0,"size":1.0,"_time":37.33203},{"$id":"177","pos":-1.5,"size":1.0,"_time":37.4453125},{"$id":"178","pos":-1.0,"size":1.0,"_time":37.5546875},{"$id":"179","sounds":[{"d":1.31018448,"p":96,"v":113},{"d":1.31018448,"p":72,"v":113},{"d":1.31018448,"p":84,"v":113}],"pos":1.0,"size":1.30000007,"_time":37.66797},{"$id":"180","pos":-0.5,"size":1.0,"_time":37.66797},{"$id":"181","size":1.30000007,"_time":37.7773438},{"$id":"182","pos":-0.5,"size":1.0,"_time":37.890625},{"$id":"183","pos":-1.0,"size":1.0,"_time":38.0},{"$id":"184","pos":-1.5,"size":1.0,"_time":38.109375},{"$id":"185","pos":-1.0,"size":1.0,"_time":38.2226563},{"$id":"186","pos":1.0,"size":1.0,"_time":38.33203},{"$id":"187","pos":1.5,"size":1.0,"_time":38.4453125},{"$id":"188","pos":2.0,"size":1.0,"_time":38.5546875},{"$id":"189","size":1.30000007,"_time":38.66797},{"$id":"190","pos":1.0,"size":1.0,"_time":38.7773438},{"$id":"191","pos":1.5,"size":1.0,"_time":38.890625},{"$id":"192","pos":2.0,"size":1.0,"_time":39.0},{"$id":"193","pos":-2.0,"size":1.0,"_time":39.109375},{"$id":"194","size":1.0,"_time":39.2226563},{"$id":"195","pos":0.5,"size":1.0,"_time":39.33203},{"$id":"196","pos":1.0,"size":1.0,"_time":39.4453125},{"$id":"197","pos":-1.0,"size":1.30000007,"_time":39.5546875},{"$id":"198","size":1.0,"_time":39.66797},{"$id":"199","pos":0.5,"size":1.0,"_time":39.7773438},{"$id":"200","pos":1.0,"size":1.0,"_time":39.890625},{"$id":"201","sounds":[{"d":0.8842583,"p":92,"v":121},{"d":0.8842583,"p":80,"v":121},{"d":0.8842583,"p":104,"v":121}],"pos":2.0,"size":1.30000007,"_time":40.0},{"$id":"202","pos":-2.0,"size":1.0,"_time":40.0},{"$id":"203","pos":1.0,"size":1.0,"_time":40.109375},{"$id":"204","pos":0.5,"size":1.0,"_time":40.2226563},{"$id":"205","size":1.0,"_time":40.33203},{"$id":"206","pos":-1.0,"size":1.30000007,"_time":40.4453125},{"$id":"207","size":1.0,"_time":40.5546875},{"$id":"208","pos":0.5,"size":1.0,"_time":40.66797},{"$id":"209","pos":1.0,"size":1.0,"_time":40.7773438},{"$id":"210","sounds":[{"d":1.328701,"p":91,"v":121},{"d":1.328701,"p":103,"v":121},{"d":1.328701,"p":79,"v":121}],"size":1.30000007,"_time":40.890625},{"$id":"211","pos":-2.0,"size":1.0,"_time":40.890625},{"$id":"212","pos":1.0,"size":1.0,"_time":41.0},{"$id":"213","pos":2.0,"size":1.0,"_time":41.109375},{"$id":"214","pos":1.0,"size":1.0,"_time":41.2226563},{"$id":"215","size":1.30000007,"_time":41.33203},{"$id":"216","pos":1.0,"size":1.0,"_time":41.4453125},{"$id":"217","pos":2.0,"size":1.0,"_time":41.5546875},{"$id":"218","pos":1.0,"size":1.0,"_time":41.66797},{"$id":"219","pos":-1.0,"size":1.0,"_time":41.7773438},{"$id":"220","pos":1.0,"size":1.0,"_time":41.890625},{"$id":"221","pos":2.0,"size":1.0,"_time":42.0},{"$id":"222","pos":1.0,"size":1.0,"_time":42.109375},{"$id":"223","sounds":[{"d":1.77314758,"p":72,"v":109},{"d":1.77314758,"p":84,"v":109},{"d":1.77314758,"p":96,"v":109}],"pos":-2.0,"size":1.30000007,"_time":42.2226563},{"$id":"224","size":1.30000007,"_time":42.2226563},{"$id":"225","pos":1.0,"size":1.0,"_time":42.33203},{"$id":"226","pos":2.0,"size":1.0,"_time":42.4453125},{"$id":"227","pos":1.0,"size":1.0,"_time":42.5546875},{"$id":"228","pos":-2.0,"size":1.0,"_time":42.66797},{"$id":"229","size":1.0,"_time":42.7773438},{"$id":"230","pos":1.0,"size":1.0,"_time":42.890625},{"$id":"231","size":1.0,"_time":43.0},{"$id":"232","pos":-1.0,"size":1.30000007,"_time":43.109375},{"$id":"233","size":1.0,"_time":43.2226563},{"$id":"234","pos":1.0,"size":1.0,"_time":43.33203},{"$id":"235","size":1.0,"_time":43.4453125},{"$id":"236","pos":-2.0,"size":1.0,"_time":43.5546875},{"$id":"237","size":1.0,"_time":43.66797},{"$id":"238","pos":1.0,"size":1.0,"_time":43.7773438},{"$id":"239","size":1.0,"_time":43.890625},{"$id":"240","sounds":[{"d":0.217594147,"p":94,"v":113},{"d":0.217594147,"p":70,"v":113},{"d":0.217594147,"p":82,"v":113}],"pos":1.0,"size":1.30000007,"_time":44.0},{"$id":"241","pos":-1.0,"size":1.30000007,"_time":44.0},{"$id":"242","pos":-0.5,"size":1.0,"_time":44.109375},{"$id":"243","sounds":[{"d":0.217594147,"p":96,"v":101},{"d":0.217594147,"p":84,"v":101},{"d":0.217594147,"p":72,"v":101}],"pos":1.5,"size":1.30000007,"_time":44.2226563},{"$id":"244","pos":-1.0,"size":1.0,"_time":44.2226563},{"$id":"245","pos":-1.5,"size":1.0,"_time":44.33203},{"$id":"246","sounds":[{"d":0.328704834,"p":73,"v":115},{"d":0.328704834,"p":85,"v":115},{"d":0.328704834,"p":97,"v":115}],"pos":2.0,"size":1.30000007,"_time":44.4453125},{"$id":"247","pos":-2.0,"size":1.0,"_time":44.4453125},{"$id":"248","pos":-1.5,"size":1.0,"_time":44.5546875},{"$id":"249","pos":-1.0,"size":1.0,"_time":44.66797},{"$id":"250","sounds":[{"d":1.52314758,"p":84,"v":111},{"d":1.52314758,"p":72,"v":111},{"d":1.52314758,"p":96,"v":111}],"pos":1.0,"size":1.30000007,"_time":44.7773438},{"$id":"251","pos":-0.5,"size":1.0,"_time":44.7773438},{"$id":"252","size":1.30000007,"_time":44.890625},{"$id":"253","pos":-1.0,"size":1.0,"_time":45.0},{"$id":"254","pos":-1.5,"size":1.0,"_time":45.109375},{"$id":"255","pos":-2.0,"size":1.0,"_time":45.2226563},{"$id":"256","pos":2.0,"size":1.0,"_time":45.33203},{"$id":"257","pos":-1.0,"size":1.0,"_time":45.4453125},{"$id":"258","pos":-1.5,"size":1.0,"_time":45.5546875},{"$id":"259","pos":-2.0,"size":1.0,"_time":45.66797},{"$id":"260","size":1.30000007,"_time":45.7773438},{"$id":"261","pos":-1.0,"size":1.0,"_time":45.890625},{"$id":"262","pos":-1.5,"size":1.0,"_time":46.0},{"$id":"263","pos":-2.0,"size":1.0,"_time":46.109375},{"$id":"264","pos":2.0,"size":1.0,"_time":46.2226563},{"$id":"265","size":1.0,"_time":46.33203},{"$id":"266","pos":-0.5,"size":1.0,"_time":46.4453125},{"$id":"267","pos":-1.0,"size":1.0,"_time":46.5546875},{"$id":"268","pos":1.0,"size":1.30000007,"_time":46.66797},{"$id":"269","size":1.0,"_time":46.7773438},{"$id":"270","pos":-0.5,"size":1.0,"_time":46.890625},{"$id":"271","pos":-1.0,"size":1.0,"_time":47.0},{"$id":"272","sounds":[{"d":0.25925827,"p":94,"v":117},{"d":0.25925827,"p":82,"v":117},{"d":0.25925827,"p":70,"v":117}],"size":1.2,"_time":47.109375},{"$id":"273","pos":2.0,"size":1.0,"_time":47.109375},{"$id":"274","pos":1.5,"size":1.0,"_time":47.2226563},{"$id":"275","pos":1.0,"size":1.0,"_time":47.33203},{"$id":"276","sounds":[{"d":0.203704834,"p":92,"v":111},{"d":0.203704834,"p":80,"v":111},{"d":0.203704834,"p":68,"v":111}],"pos":-1.0,"size":1.30000007,"_time":47.4453125},{"$id":"277","pos":0.5,"size":1.0,"_time":47.4453125},{"$id":"278","size":1.30000007,"_time":47.5546875},{"$id":"279","pos":0.5,"size":1.0,"_time":47.66797},{"$id":"280","sounds":[{"d":0.199073792,"p":91,"v":109},{"d":0.199073792,"p":67,"v":109},{"d":0.199073792,"p":79,"v":109}],"pos":-2.0,"size":1.30000007,"_time":47.7773438},{"$id":"281","pos":1.0,"size":1.0,"_time":47.7773438},{"$id":"282","pos":1.5,"size":1.0,"_time":47.890625},{"$id":"283","sounds":[{"d":0.6111107,"p":92,"v":113},{"d":0.6111107,"p":68,"v":113},{"d":0.6111107,"p":80,"v":113}],"size":1.30000007,"_time":48.0},{"$id":"284","pos":2.0,"size":1.0,"_time":48.0},{"$id":"285","pos":-1.0,"size":1.0,"_time":48.109375},{"$id":"286","pos":-2.0,"size":1.0,"_time":48.2226563},{"$id":"287","pos":-1.0,"size":1.0,"_time":48.33203},{"$id":"288","size":1.30000007,"_time":48.4453125},{"$id":"289","pos":0.5,"size":1.0,"_time":48.5546875},{"$id":"290","sounds":[{"d":0.6388893,"p":79,"v":113},{"d":0.6388893,"p":67,"v":113},{"d":0.6388893,"p":91,"v":113}],"pos":-1.0,"size":1.30000007,"_time":48.66797},{"$id":"291","pos":1.0,"size":1.0,"_time":48.66797},{"$id":"292","pos":1.5,"size":1.0,"_time":48.7773438},{"$id":"293","pos":2.0,"size":1.0,"_time":48.890625},{"$id":"294","pos":1.0,"size":1.0,"_time":49.0},{"$id":"295","size":1.0,"_time":49.109375},{"$id":"296","pos":1.0,"size":1.0,"_time":49.2226563},{"$id":"297","sounds":[{"d":1.28240585,"p":75,"v":101},{"d":1.28240585,"p":87,"v":101},{"d":1.28240585,"p":63,"v":101}],"pos":-2.0,"size":1.30000007,"_time":49.33203},{"$id":"298","size":1.30000007,"_time":49.33203},{"$id":"299","pos":-1.0,"size":1.0,"_time":49.4453125},{"$id":"300","pos":-2.0,"size":1.0,"_time":49.5546875},{"$id":"301","pos":-1.0,"size":1.0,"_time":49.66797},{"$id":"302","pos":2.0,"size":1.0,"_time":49.7773438},{"$id":"303","size":1.0,"_time":49.890625},{"$id":"304","pos":-1.0,"size":1.0,"_time":50.0},{"$id":"305","size":1.0,"_time":50.109375},{"$id":"306","pos":1.0,"size":1.30000007,"_time":50.2226563},{"$id":"307","size":1.0,"_time":50.33203},{"$id":"308","pos":-1.0,"size":1.0,"_time":50.4453125},{"$id":"309","size":1.0,"_time":50.5546875},{"$id":"310","pos":2.0,"size":1.0,"_time":50.66797},{"$id":"311","size":1.0,"_time":50.7773438},{"$id":"312","pos":-0.5,"size":1.0,"_time":50.890625},{"$id":"313","pos":-1.0,"size":1.0,"_time":51.0},{"$id":"314","pos":-2.0,"size":1.0,"_time":51.109375},{"$id":"315","sounds":[{"d":0.106479645,"p":60,"v":109},{"d":0.106479645,"p":72,"v":109},{"d":0.106479645,"p":84,"v":109}],"size":1.30000007,"_time":51.109375},{"$id":"316","sounds":[{"d":0.106479645,"p":87,"v":78},{"d":0.106479645,"p":63,"v":78},{"d":0.106479645,"p":75,"v":78}],"pos":0.5,"size":1.30000007,"_time":51.2226563},{"$id":"317","pos":-1.5,"size":1.0,"_time":51.2226563},{"$id":"318","sounds":[{"d":0.217594147,"p":79,"v":109},{"d":0.217594147,"p":91,"v":109},{"d":0.217594147,"p":67,"v":109}],"pos":1.0,"size":1.30000007,"_time":51.33203},{"$id":"319","pos":-1.0,"size":1.0,"_time":51.33203},{"$id":"320","pos":-1.5,"size":1.0,"_time":51.4453125},{"$id":"321","sounds":[{"d":0.328704834,"p":97,"v":121},{"d":0.328704834,"p":73,"v":121},{"d":0.328704834,"p":85,"v":121}],"pos":2.0,"size":1.30000007,"_time":51.5546875},{"$id":"322","pos":-2.0,"size":1.0,"_time":51.5546875},{"$id":"323","pos":-1.5,"size":1.0,"_time":51.66797},{"$id":"324","pos":-1.0,"size":1.0,"_time":51.7773438},{"$id":"325","sounds":[{"d":1.14351654,"p":84,"v":115},{"d":1.14351654,"p":96,"v":115},{"d":1.14351654,"p":72,"v":115}],"pos":1.0,"size":1.30000007,"_time":51.890625},{"$id":"326","pos":-0.5,"size":1.0,"_time":51.890625},{"$id":"327","size":1.30000007,"_time":52.0},{"$id":"328","pos":-0.5,"size":1.0,"_time":52.109375},{"$id":"329","pos":-1.0,"size":1.0,"_time":52.2226563},{"$id":"330","pos":-1.5,"size":1.0,"_time":52.33203},{"$id":"331","pos":-1.0,"size":1.0,"_time":52.4453125},{"$id":"332","pos":1.0,"size":1.0,"_time":52.5546875},{"$id":"333","pos":1.5,"size":1.0,"_time":52.66797},{"$id":"334","pos":2.0,"size":1.0,"_time":52.7773438},{"$id":"335","size":1.30000007,"_time":52.890625},{"$id":"336","pos":1.0,"size":1.0,"_time":53.0},{"$id":"337","pos":1.5,"size":1.0,"_time":53.109375},{"$id":"338","pos":2.0,"size":1.0,"_time":53.2226563},{"$id":"339","pos":-2.0,"size":1.0,"_time":53.33203},{"$id":"340","size":1.0,"_time":53.4453125},{"$id":"341","pos":0.5,"size":1.0,"_time":53.5546875},{"$id":"342","pos":1.0,"size":1.0,"_time":53.66797},{"$id":"343","pos":-1.0,"size":1.30000007,"_time":53.7773438},{"$id":"344","pos":-2.0,"size":1.0,"_time":53.890625},{"$id":"345","sounds":[{"d":0.217594147,"p":94,"v":111},{"d":0.217594147,"p":70,"v":111},{"d":0.217594147,"p":82,"v":111}],"size":1.30000007,"_time":54.0},{"$id":"346","pos":-1.5,"size":1.0,"_time":54.0},{"$id":"347","pos":-1.0,"size":1.0,"_time":54.109375},{"$id":"348","sounds":[{"d":0.328704834,"p":106,"v":117},{"d":0.328704834,"p":94,"v":117},{"d":0.328704834,"p":82,"v":117}],"pos":2.0,"size":1.30000007,"_time":54.2226563},{"$id":"349","pos":-2.0,"size":1.0,"_time":54.2226563},{"$id":"350","pos":-1.5,"size":1.0,"_time":54.33203},{"$id":"351","pos":-1.0,"size":1.0,"_time":54.4453125},{"$id":"352","sounds":[{"d":0.328704834,"p":92,"v":107},{"d":0.328704834,"p":80,"v":107},{"d":0.328704834,"p":104,"v":107}],"pos":1.5,"size":1.30000007,"_time":54.5546875},{"$id":"353","pos":-0.5,"size":1.0,"_time":54.5546875},{"$id":"354","size":1.30000007,"_time":54.66797},{"$id":"355","pos":-0.5,"size":1.0,"_time":54.7773438},{"$id":"356","sounds":[{"d":0.217594147,"p":79,"v":111},{"d":0.217594147,"p":91,"v":111},{"d":0.217594147,"p":103,"v":111}],"pos":1.0,"size":1.30000007,"_time":54.890625},{"$id":"357","pos":-1.0,"size":1.0,"_time":54.890625},{"$id":"358","pos":-1.5,"size":1.0,"_time":55.0},{"$id":"359","sounds":[{"d":0.6620369,"p":104,"v":115},{"d":0.6620369,"p":92,"v":115},{"d":0.6620369,"p":80,"v":115}],"pos":2.0,"size":1.30000007,"_time":55.109375},{"$id":"360","pos":-2.0,"size":1.0,"_time":55.109375},{"$id":"361","pos":1.0,"size":1.0,"_time":55.2226563},{"$id":"362","pos":-2.0,"size":1.0,"_time":55.33203},{"$id":"363","pos":1.0,"size":1.0,"_time":55.4453125},{"$id":"364","pos":-2.0,"size":1.0,"_time":55.5546875},{"$id":"365","pos":1.0,"size":1.0,"_time":55.66797},{"$id":"366","sounds":[{"d":0.6620369,"p":103,"v":119},{"d":0.6620369,"p":91,"v":119},{"d":0.6620369,"p":79,"v":119}],"pos":6.0,"size":1.0,"_time":55.7773438},{"$id":"367","pos":-2.0,"size":1.0,"_time":55.7773438},{"$id":"368","pos":1.0,"size":1.0,"_time":55.890625},{"$id":"369","pos":-1.0,"size":1.0,"_time":56.0},{"$id":"370","pos":2.0,"size":1.0,"_time":56.109375},{"$id":"371","pos":-1.0,"size":1.0,"_time":56.2226563},{"$id":"372","pos":2.0,"size":1.0,"_time":56.33203},{"$id":"373","sounds":[{"d":0.217594147,"p":87,"v":113},{"d":0.217594147,"p":99,"v":113},{"d":0.217594147,"p":75,"v":113}],"pos":6.5,"size":1.0,"_time":56.4453125},{"$id":"374","pos":-1.0,"size":1.0,"_time":56.4453125},{"$id":"375","pos":2.0,"size":1.0,"_time":56.5546875},{"$id":"376","sounds":[{"d":0.9027786,"p":96,"v":115},{"d":0.9027786,"p":84,"v":115},{"d":0.9027786,"p":72,"v":115}],"pos":5.5,"size":1.0,"_time":56.66797},{"$id":"377","pos":-1.0,"size":1.0,"_time":56.66797},{"$id":"378","pos":2.0,"size":1.0,"_time":56.7773438},{"$id":"379","pos":-1.5,"size":1.0,"_time":56.890625},{"$id":"380","pos":1.5,"size":1.0,"_time":57.0},{"$id":"381","pos":-1.5,"size":1.0,"_time":57.109375},{"$id":"382","pos":1.5,"size":1.0,"_time":57.2226563},{"$id":"383","pos":-1.5,"size":1.0,"_time":57.33203},{"$id":"384","pos":1.5,"size":1.0,"_time":57.4453125},{"$id":"385","pos":-1.5,"size":1.0,"_time":57.5546875},{"$id":"386","pos":1.5,"size":1.0,"_time":57.66797},{"$id":"387","pos":-2.0,"size":1.0,"_time":57.7773438},{"$id":"388","pos":-1.0,"size":1.0,"_time":57.83203},{"$id":"389","size":1.0,"_time":57.890625},{"$id":"390","pos":1.0,"size":1.0,"_time":57.9609375,"shift":-0.01953125},{"$id":"391","pos":-1.5,"size":1.0,"_time":58.0},{"$id":"392","pos":-0.5,"size":1.0,"_time":58.0625,"shift":-0.01171875},{"$id":"393","pos":0.5,"size":1.0,"_time":58.109375},{"$id":"394","pos":1.5,"size":1.0,"_time":58.16797,"shift":-0.00390625},{"$id":"395","pos":-1.0,"size":1.0,"_time":58.2226563},{"$id":"396","size":1.0,"_time":58.2851563,"shift":-0.0078125},{"$id":"397","pos":1.0,"size":1.0,"_time":58.33203},{"$id":"398","pos":2.0,"size":1.0,"_time":58.3984375,"shift":-0.01171875},{"$id":"399","pos":-1.5,"size":1.0,"_time":58.4453125},{"$id":"400","pos":-0.5,"size":1.0,"_time":58.5},{"$id":"401","pos":0.5,"size":1.0,"_time":58.5546875},{"$id":"402","pos":1.5,"size":1.0,"_time":58.6171875,"shift":-0.0078125},{"$id":"403","pos":-2.0,"size":1.30000007,"_time":58.66797},{"$id":"404","pos":-1.0,"size":0.6999999,"_time":58.890625},{"$id":"405","pos":-2.0,"size":1.30000007,"_time":59.109375},{"$id":"406","size":0.6999999,"_time":59.33203},{"$id":"407","pos":-2.0,"size":1.30000007,"_time":59.5546875},{"$id":"408","pos":-1.0,"size":1.0,"_time":59.7773438},{"$id":"409","size":1.0,"_time":60.0},{"$id":"410","pos":-2.0,"size":1.30000007,"_time":60.0},{"$id":"411","pos":1.0,"size":1.0,"_time":60.2226563},{"$id":"412","pos":2.0,"size":1.0,"_time":60.4453125},{"$id":"413","pos":-2.0,"size":1.30000007,"_time":60.4453125},{"$id":"414","size":0.6999999,"_time":60.66797},{"$id":"415","pos":-2.0,"size":1.30000007,"_time":60.890625},{"$id":"416","pos":1.0,"size":0.6999999,"_time":61.109375},{"$id":"417","pos":-2.0,"size":1.30000007,"_time":61.33203},{"$id":"418","pos":-1.0,"size":1.0,"_time":61.5546875},{"$id":"419","size":1.0,"_time":61.7773438},{"$id":"420","pos":-2.0,"size":1.30000007,"_time":61.7773438},{"$id":"421","pos":1.0,"size":1.0,"_time":62.0},{"$id":"422","pos":2.0,"size":1.0,"_time":62.2226563},{"$id":"423","pos":-2.0,"size":1.30000007,"_time":62.2226563},{"$id":"424","pos":1.0,"size":0.6999999,"_time":62.4453125},{"$id":"425","pos":-2.0,"size":1.4000001,"_time":62.66797},{"$id":"426","pos":2.0,"size":0.6999999,"_time":62.890625},{"$id":"427","pos":-2.0,"size":1.30000007,"_time":63.109375},{"$id":"428","pos":-1.0,"size":1.0,"_time":63.33203},{"$id":"429","size":1.0,"_time":63.5546875},{"$id":"430","pos":-2.0,"size":1.30000007,"_time":63.5546875},{"$id":"431","pos":1.0,"size":1.0,"_time":63.7773438},{"$id":"432","pos":2.0,"size":1.0,"_time":64.0},{"$id":"433","pos":-2.0,"size":1.30000007,"_time":64.0},{"$id":"434","pos":-1.0,"size":0.6999999,"_time":64.22266},{"$id":"435","pos":-2.0,"size":1.30000007,"_time":64.44531},{"$id":"436","pos":2.0,"size":0.6999999,"_time":64.66797},{"$id":"437","pos":-2.0,"size":1.30000007,"_time":64.890625},{"$id":"438","pos":1.0,"size":1.0,"_time":65.109375},{"$id":"439","pos":2.0,"size":1.0,"_time":65.33203},{"$id":"440","pos":-2.0,"size":1.30000007,"_time":65.33203},{"$id":"441","pos":-2.0,"size":1.30000007,"_time":65.55469},{"$id":"442","pos":-2.0,"size":1.30000007,"_time":65.77734},{"$id":"443","size":0.6999999,"_time":66.0},{"$id":"444","pos":-2.0,"size":1.30000007,"_time":66.22266},{"$id":"445","pos":-1.0,"size":1.0,"_time":66.44531},{"$id":"446","pos":1.0,"size":0.6999999,"_time":66.44531},{"$id":"447","pos":-2.0,"size":1.30000007,"_time":66.66797},{"$id":"448","size":1.0,"_time":66.890625},{"$id":"449","pos":0.5,"size":1.0,"_time":67.0},{"$id":"450","pos":-2.0,"size":1.30000007,"_time":67.109375},{"$id":"451","pos":1.0,"size":1.0,"_time":67.109375},{"$id":"452","size":1.0,"_time":67.33203},{"$id":"453","pos":2.0,"size":1.0,"_time":67.55078},{"$id":"454","pos":-2.0,"size":1.30000007,"_time":67.55469},{"$id":"455","pos":1.0,"size":0.6999999,"_time":67.77734},{"$id":"456","pos":-2.0,"size":1.30000007,"_time":68.0},{"$id":"457","pos":-1.0,"size":0.6999999,"_time":68.22266},{"$id":"458","pos":-2.0,"size":1.30000007,"_time":68.44531},{"$id":"459","size":1.0,"_time":68.66797},{"$id":"460","pos":0.5,"size":1.0,"_time":68.77734},{"$id":"461","pos":-2.0,"size":1.30000007,"_time":68.890625},{"$id":"462","pos":1.0,"size":1.0,"_time":68.890625},{"$id":"463","pos":0.5,"size":1.0,"_time":69.0},{"$id":"464","pos":-2.0,"size":1.30000007,"_time":69.109375},{"$id":"465","pos":1.0,"size":1.0,"_time":69.109375},{"$id":"466","pos":1.5,"size":1.0,"_time":69.22266},{"$id":"467","pos":-2.0,"size":1.30000007,"_time":69.33203},{"$id":"468","pos":2.0,"size":1.0,"_time":69.33203},{"$id":"469","pos":1.0,"size":1.0,"_time":69.55469},{"$id":"470","pos":-2.0,"size":1.30000007,"_time":69.77734},{"$id":"471","size":1.0,"_time":69.77734},{"$id":"472","pos":0.5,"size":1.0,"_time":69.890625},{"$id":"473","pos":1.0,"size":1.0,"_time":70.0},{"$id":"474","pos":1.5,"size":1.0,"_time":70.109375},{"$id":"475","pos":-2.0,"size":1.30000007,"_time":70.22266},{"$id":"476","pos":2.0,"size":1.0,"_time":70.22266},{"$id":"477","pos":4.0,"size":1.0,"_time":70.44531},{"$id":"478","pos":-2.0,"size":1.30000007,"_time":70.66797},{"$id":"479","size":1.0,"_time":70.66797},{"$id":"480","pos":0.5,"size":1.0,"_time":70.77734},{"$id":"481","pos":1.0,"size":1.0,"_time":70.890625},{"$id":"482","pos":2.0,"size":1.0,"_time":71.109375},{"$id":"483","pos":-2.0,"size":1.30000007,"_time":71.109375},{"$id":"484","pos":1.0,"size":1.0,"_time":71.33203},{"$id":"485","pos":-2.0,"size":1.30000007,"_time":71.55469},{"$id":"486","size":1.0,"_time":71.55469},{"$id":"487","pos":0.5,"size":1.0,"_time":71.66797},{"$id":"488","pos":1.0,"size":1.0,"_time":71.77734},{"$id":"489","pos":1.5,"size":1.0,"_time":71.890625},{"$id":"490","pos":-2.0,"size":1.30000007,"_time":72.0},{"$id":"491","pos":2.0,"size":1.0,"_time":72.0},{"$id":"492","pos":1.5,"size":1.0,"_time":72.109375},{"$id":"493","pos":1.0,"size":1.0,"_time":72.22266},{"$id":"494","pos":0.5,"size":1.0,"_time":72.33203},{"$id":"495","pos":-2.0,"size":1.30000007,"_time":72.44531},{"$id":"496","size":1.0,"_time":72.44531},{"$id":"497","pos":0.5,"size":1.0,"_time":72.55469},{"$id":"498","pos":1.0,"size":1.0,"_time":72.66797},{"$id":"499","pos":1.5,"size":1.0,"_time":72.77734},{"$id":"500","pos":-2.0,"size":1.30000007,"_time":72.890625},{"$id":"501","pos":2.0,"size":1.0,"_time":72.890625},{"$id":"502","pos":-1.0,"size":0.6999999,"_time":73.109375},{"$id":"503","pos":-2.0,"size":1.30000007,"_time":73.33203},{"$id":"504","size":0.6999999,"_time":73.55469},{"$id":"505","pos":1.0,"size":1.0,"_time":73.77734},{"$id":"506","pos":-2.0,"size":1.30000007,"_time":73.77734},{"$id":"507","pos":4.0,"size":1.0,"_time":74.0},{"$id":"508","pos":2.0,"size":1.0,"_time":74.109375},{"$id":"509","pos":-2.0,"size":1.30000007,"_time":74.22266},{"$id":"510","pos":1.0,"size":1.0,"_time":74.44531},{"$id":"511","size":1.0,"_time":74.66797},{"$id":"512","pos":-2.0,"size":1.30000007,"_time":74.66797},{"$id":"513","size":0.6999999,"_time":74.890625},{"$id":"514","pos":-2.0,"size":1.30000007,"_time":75.109375},{"$id":"515","pos":1.0,"size":0.6999999,"_time":75.33203},{"$id":"516","pos":-2.0,"size":1.30000007,"_time":75.55469},{"$id":"517","pos":2.0,"size":1.0,"_time":75.55469},{"$id":"518","pos":1.5,"size":1.0,"_time":75.66797},{"$id":"519","pos":-2.0,"size":1.30000007,"_time":75.77734},{"$id":"520","pos":1.0,"size":1.0,"_time":75.77734},{"$id":"521","pos":0.5,"size":1.0,"_time":75.890625},{"$id":"522","pos":-2.0,"size":1.30000007,"_time":76.0},{"$id":"523","size":1.0,"_time":76.0},{"$id":"524","pos":6.0,"size":1.0,"_time":76.109375},{"$id":"525","pos":-2.0,"size":1.30000007,"_time":76.22266},{"$id":"526","pos":1.0,"size":1.0,"_time":76.22266},{"$id":"527","pos":1.5,"size":1.0,"_time":76.33203},{"$id":"528","pos":-2.0,"size":1.30000007,"_time":76.44531},{"$id":"529","pos":2.0,"size":1.0,"_time":76.44531},{"$id":"530","pos":1.0,"size":0.6999999,"_time":76.66797},{"$id":"531","pos":-2.0,"size":1.30000007,"_time":76.890625},{"$id":"532","pos":2.0,"size":0.6999999,"_time":77.109375},{"$id":"533","pos":-2.0,"size":1.30000007,"_time":77.33203},{"$id":"534","pos":1.0,"size":1.0,"_time":77.33203},{"$id":"535","pos":4.0,"size":1.0,"_time":77.55469},{"$id":"536","size":1.0,"_time":77.66797},{"$id":"537","pos":-2.0,"size":1.30000007,"_time":77.77734},{"$id":"538","pos":1.0,"size":1.0,"_time":78.0},{"$id":"539","pos":2.0,"size":1.0,"_time":78.22266},{"$id":"540","pos":-2.0,"size":1.30000007,"_time":78.22266},{"$id":"541","pos":-1.0,"size":0.6999999,"_time":78.44531},{"$id":"542","pos":-2.0,"size":1.30000007,"_time":78.66797},{"$id":"543","pos":2.0,"size":0.6999999,"_time":78.890625},{"$id":"544","pos":2.0,"size":1.0,"_time":79.109375},{"$id":"545","pos":-2.0,"size":1.30000007,"_time":79.109375},{"$id":"546","pos":4.0,"size":1.0,"_time":79.33203},{"$id":"547","pos":-2.0,"size":1.30000007,"_time":79.55469},{"$id":"548","pos":-2.0,"size":1.30000007,"_time":79.77734},{"$id":"549","size":1.0,"_time":79.77734},{"$id":"550","pos":0.5,"size":1.0,"_time":79.890625},{"$id":"551","pos":-2.0,"size":1.30000007,"_time":80.0},{"$id":"552","pos":1.0,"size":1.0,"_time":80.0},{"$id":"553","size":0.6999999,"_time":80.22266},{"$id":"554","pos":-2.0,"size":1.30000007,"_time":80.44531},{"$id":"555","pos":1.0,"size":0.6999999,"_time":80.66797},{"$id":"556","pos":-2.0,"size":1.30000007,"_time":80.890625},{"$id":"557","pos":4.0,"size":1.0,"_time":81.109375},{"$id":"558","pos":-2.0,"size":1.30000007,"_time":81.33203},{"$id":"559","pos":0.5,"size":1.0,"_time":81.33203},{"$id":"560","pos":1.0,"size":1.0,"_time":81.44531},{"$id":"561","pos":1.5,"size":1.0,"_time":81.55469},{"$id":"562","pos":2.0,"size":1.0,"_time":81.66797},{"$id":"563","pos":-2.0,"size":1.30000007,"_time":81.77734},{"$id":"564","pos":1.5,"size":1.0,"_time":81.77734},{"$id":"565","pos":1.0,"size":0.6999999,"_time":82.0},{"$id":"566","pos":-2.0,"size":1.30000007,"_time":82.22266},{"$id":"567","pos":-1.0,"size":0.6999999,"_time":82.44531},{"$id":"568","pos":1.0,"size":1.0,"_time":82.66797},{"$id":"569","pos":-2.0,"size":1.30000007,"_time":82.66797},{"$id":"570","pos":4.0,"size":1.0,"_time":82.890625},{"$id":"571","size":1.0,"_time":83.0},{"$id":"572","pos":-2.0,"size":1.30000007,"_time":83.109375},{"$id":"573","pos":-2.0,"size":1.30000007,"_time":83.33203},{"$id":"574","pos":1.0,"size":1.0,"_time":83.33203},{"$id":"575","pos":-2.0,"size":1.30000007,"_time":83.44531},{"$id":"576","pos":2.0,"size":1.0,"_time":83.55469},{"$id":"577","pos":4.5,"size":1.0,"_time":83.55469},{"$id":"578","pos":-2.0,"size":1.0,"_time":83.66797},{"$id":"579","pos":-1.0,"size":1.0,"_time":83.77734},{"$id":"580","pos":1.0,"size":1.0,"_time":83.890625},{"$id":"581","pos":-1.0,"size":1.0,"_time":84.0},{"$id":"582","size":1.0,"_time":84.109375},{"$id":"583","pos":2.0,"size":1.0,"_time":84.22266},{"$id":"584","size":1.0,"_time":84.33203},{"$id":"585","pos":1.0,"size":1.0,"_time":84.44531},{"$id":"586","pos":-2.0,"size":1.0,"_time":84.55469},{"$id":"587","pos":-1.0,"size":1.0,"_time":84.66797},{"$id":"588","size":1.0,"_time":84.77734},{"$id":"589","pos":-1.0,"size":1.0,"_time":84.890625},{"$id":"590","size":1.0,"_time":85.0},{"$id":"591","pos":1.0,"size":1.0,"_time":85.109375},{"$id":"592","pos":-1.0,"size":1.0,"_time":85.22266},{"$id":"593","size":1.0,"_time":85.33203},{"$id":"594","pos":-2.0,"size":1.0,"_time":85.44531},{"$id":"595","pos":-1.0,"size":1.0,"_time":85.55469},{"$id":"596","size":1.0,"_time":85.66797},{"$id":"597","pos":-2.0,"size":1.0,"_time":85.77734},{"$id":"598","pos":-1.0,"size":1.0,"_time":85.890625},{"$id":"599","pos":1.0,"size":1.0,"_time":86.0},{"$id":"600","pos":1.5,"size":1.0,"_time":86.109375},{"$id":"601","size":1.30000007,"_time":86.22266},{"$id":"602","pos":2.0,"size":1.0,"_time":86.22266},{"$id":"603","size":1.30000007,"_time":86.44531},{"$id":"604","pos":-1.5,"size":1.30000007,"_time":86.66797},{"$id":"605","pos":1.5,"size":1.30000007,"_time":86.78125},{"$id":"606","pos":-1.5,"size":1.30000007,"_time":86.890625},{"$id":"607","pos":1.5,"size":1.30000007,"_time":87.0},{"$id":"608","size":1.30000007,"_time":87.109375},{"$id":"609","sounds":[{"d":0.5694504,"p":90,"v":118}],"pos":1.5,"size":1.30000007,"_time":89.77734},{"$id":"610","sounds":[{"d":0.6111145,"p":87,"v":127},{"d":0.5601883,"p":84,"v":127}],"pos":-0.5,"size":1.30000007,"_time":89.77734},{"$id":"611","sounds":[{"d":2.02314758,"p":82,"v":127},{"d":1.995369,"p":85,"v":122}],"pos":-1.5,"size":1.30000007,"_time":90.66797},{"$id":"612","sounds":[{"d":1.92592621,"p":89,"v":127}],"pos":0.5,"size":1.30000007,"_time":90.66797},{"$id":"613","sounds":[{"d":0.1111145,"p":76,"v":127}],"pos":-2.0,"size":1.0,"_time":93.55469},{"$id":"614","sounds":[{"d":0.1111145,"p":80,"v":127}],"pos":-1.0,"size":1.0,"_time":93.66797},{"$id":"615","sounds":[{"d":0.1111145,"p":84,"v":127}],"pos":0.5,"size":1.0,"_time":93.77734},{"$id":"616","sounds":[{"d":0.1111145,"p":85,"v":127}],"pos":-0.5,"size":1.0,"_time":93.890625},{"$id":"617","sounds":[{"d":0.1111145,"p":89,"v":127}],"pos":1.0,"size":1.0,"_time":94.0},{"$id":"618","sounds":[{"d":0.1111145,"p":87,"v":127}],"pos":2.0,"size":1.0,"_time":94.109375},{"$id":"619","sounds":[{"d":2.16666412,"p":89,"v":127}],"pos":1.5,"size":1.30000007,"_time":94.22266},{"$id":"620","sounds":[{"d":2.120369,"p":82,"v":127},{"d":2.16666412,"p":85,"v":127}],"pos":-1.5,"size":1.30000007,"_time":94.22266},{"$id":"621","sounds":[{"d":0.208335876,"p":84,"v":127},{"d":0.2361145,"p":87,"v":127}],"pos":-0.5,"size":1.30000007,"_time":96.890625},{"$id":"622","sounds":[{"d":0.212966919,"p":90,"v":127}],"pos":2.0,"size":1.30000007,"_time":96.890625},{"$id":"623","sounds":[{"d":0.143516541,"p":84,"v":120},{"d":0.263893127,"p":87,"v":120}],"pos":-0.5,"size":1.30000007,"_time":97.22266},{"$id":"624","sounds":[{"d":0.180557251,"p":90,"v":126}],"pos":2.0,"size":1.30000007,"_time":97.22266},{"$id":"625","sounds":[{"d":1.20832825,"p":85,"v":124},{"d":1.34722137,"p":82,"v":118}],"pos":-2.0,"size":1.30000007,"_time":97.55469},{"$id":"626","sounds":[{"d":1.31018066,"p":89,"v":127}],"pos":0.5,"size":1.30000007,"_time":97.55469},{"$id":"627","sounds":[{"d":0.291671753,"p":53,"v":100},{"d":0.291671753,"p":65,"v":100}],"pos":-2.0,"size":1.0,"_time":98.66797},{"$id":"628","sounds":[{"d":0.291664124,"p":58,"v":88},{"d":0.291664124,"p":70,"v":88}],"pos":-1.0,"size":1.0,"_time":98.96484},{"$id":"629","sounds":[{"d":0.291664124,"p":60,"v":88},{"d":0.291664124,"p":72,"v":88}],"size":1.0,"_time":99.25781},{"$id":"630","sounds":[{"d":0.222221375,"p":58,"v":96},{"d":0.222221375,"p":70,"v":96}],"pos":-1.0,"size":1.0,"_time":99.55469},{"$id":"631","sounds":[{"d":0.222221375,"p":72,"v":92},{"d":0.222221375,"p":60,"v":92}],"size":1.0,"_time":99.77734},{"$id":"632","sounds":[{"d":0.222221375,"p":61,"v":94},{"d":0.222221375,"p":73,"v":94}],"pos":1.0,"size":1.0,"_time":100.0},{"$id":"633","sounds":[{"d":0.222221375,"p":75,"v":90},{"d":0.222221375,"p":63,"v":90}],"pos":2.0,"size":1.0,"_time":100.222656},{"$id":"634","sounds":[{"d":0.1111145,"p":60,"v":93}],"pos":-2.0,"size":1.0,"_time":100.445313},{"$id":"635","sounds":[{"d":0.1111145,"p":72,"v":93}],"pos":2.0,"size":1.0,"_time":100.445313},{"$id":"636","sounds":[{"d":0.1111145,"p":61,"v":83}],"pos":-1.5,"size":1.0,"_time":100.554688},{"$id":"637","sounds":[{"d":0.1111145,"p":73,"v":83}],"pos":1.5,"size":1.0,"_time":100.554688},{"$id":"638","sounds":[{"d":0.1111145,"p":63,"v":81}],"pos":-1.0,"size":1.0,"_time":100.667969},{"$id":"639","sounds":[{"d":0.1111145,"p":75,"v":81}],"pos":1.0,"size":1.0,"_time":100.667969},{"$id":"640","sounds":[{"d":0.1111145,"p":65,"v":81}],"pos":-0.5,"size":1.0,"_time":100.777344},{"$id":"641","sounds":[{"d":0.1111145,"p":77,"v":81}],"pos":0.5,"size":1.0,"_time":100.777344},{"$id":"642","sounds":[{"d":0.1111145,"p":66,"v":87}],"pos":7.5,"size":1.0,"_time":100.890625},{"$id":"643","sounds":[{"d":0.1111145,"p":78,"v":87}],"size":1.0,"_time":100.890625},{"$id":"644","sounds":[{"d":0.1111145,"p":69,"v":87}],"pos":-0.5,"size":1.0,"_time":101.0},{"$id":"645","sounds":[{"d":0.1111145,"p":81,"v":87}],"pos":0.5,"size":1.0,"_time":101.0},{"$id":"646","sounds":[{"d":0.1111145,"p":70,"v":79}],"pos":-1.0,"size":1.0,"_time":101.109375},{"$id":"647","sounds":[{"d":0.1111145,"p":82,"v":79}],"pos":1.0,"size":1.0,"_time":101.109375},{"$id":"648","sounds":[{"d":0.1111145,"p":72,"v":85}],"pos":-1.5,"size":1.0,"_time":101.222656},{"$id":"649","sounds":[{"d":0.1111145,"p":84,"v":85}],"pos":1.5,"size":1.0,"_time":101.222656},{"$id":"650","sounds":[{"d":1.77314758,"p":54,"v":126},{"d":1.77314758,"p":42,"v":127}],"pos":6.5,"size":1.0,"_time":101.332031},{"$id":"651","sounds":[{"d":0.328704834,"p":85,"v":127},{"d":0.328704834,"p":73,"v":107}],"pos":2.0,"size":1.0,"_time":101.332031},{"$id":"652","pos":-2.0,"size":1.30000007,"_time":101.332031},{"$id":"653","pos":-1.0,"size":0.6999999,"_time":101.554688},{"$id":"654","sounds":[{"d":0.328704834,"p":72,"v":104},{"d":0.328704834,"p":84,"v":124}],"pos":1.5,"size":1.0,"_time":101.667969},{"$id":"655","pos":-2.0,"size":1.30000007,"_time":101.777344},{"$id":"656","sounds":[{"d":1.995369,"p":77,"v":127},{"d":1.995369,"p":65,"v":107}],"pos":1.0,"size":1.0,"_time":102.0},{"$id":"657","pos":-1.0,"size":0.6999999,"_time":102.0},{"$id":"658","pos":-2.0,"size":1.30000007,"_time":102.222656},{"$id":"659","size":0.6999999,"_time":102.445313},{"$id":"660","sounds":[{"d":0.4398117,"p":49,"v":103}],"pos":5.5,"size":1.0,"_time":102.667969},{"$id":"661","pos":-2.0,"size":1.30000007,"_time":102.667969},{"$id":"662","size":0.6999999,"_time":102.890625},{"$id":"663","sounds":[{"d":1.77315521,"p":44,"v":112}],"pos":4.5,"size":1.0,"_time":103.109375},{"$id":"664","sounds":[{"d":1.77315521,"p":56,"v":112}],"pos":2.0,"size":1.30000007,"_time":103.109375},{"$id":"665","pos":-2.0,"size":1.30000007,"_time":103.109375},{"$id":"666","pos":1.0,"size":0.6999999,"_time":103.332031},{"$id":"667","pos":-2.0,"size":1.30000007,"_time":103.554688},{"$id":"668","pos":1.0,"size":0.6999999,"_time":103.777344},{"$id":"669","sounds":[{"d":0.8842621,"p":51,"v":106}],"pos":5.375,"size":1.0,"_time":104.0},{"$id":"670","sounds":[{"d":0.8842621,"p":63,"v":107},{"d":0.8842621,"p":75,"v":127}],"pos":2.0,"size":1.0,"_time":104.0},{"$id":"671","pos":-2.0,"size":1.30000007,"_time":104.0},{"$id":"672","size":0.6999999,"_time":104.222656},{"$id":"673","pos":-2.0,"size":1.30000007,"_time":104.445313},{"$id":"674","size":0.6999999,"_time":104.667969},{"$id":"675","sounds":[{"d":3.550949,"p":46,"v":108}],"pos":4.75,"size":1.0,"_time":104.890625},{"$id":"676","sounds":[{"d":0.884254456,"p":61,"v":107},{"d":0.884254456,"p":73,"v":127}],"pos":1.0,"size":1.0,"_time":104.890625},{"$id":"677","pos":-2.0,"size":1.30000007,"_time":104.890625},{"$id":"678","pos":-1.0,"size":0.6,"_time":105.109375},{"$id":"679","sounds":[{"d":2.21759033,"p":53,"v":101}],"pos":5.625,"size":1.0,"_time":105.332031},{"$id":"680","pos":-2.0,"size":1.30000007,"_time":105.332031},{"$id":"681","pos":-1.0,"size":0.6999999,"_time":105.554688},{"$id":"682","sounds":[{"d":0.884254456,"p":75,"v":127},{"d":0.884254456,"p":63,"v":107}],"pos":1.5,"size":1.0,"_time":105.777344},{"$id":"683","sounds":[{"d":0.4398117,"p":58,"v":97}],"pos":6.25,"size":1.0,"_time":105.777344},{"$id":"684","pos":-2.0,"size":1.30000007,"_time":105.777344},{"$id":"685","size":0.6999999,"_time":106.0},{"$id":"686","sounds":[{"d":0.4398117,"p":58,"v":76}],"pos":6.25,"size":1.0,"_time":106.222656},{"$id":"687","pos":-2.0,"size":1.30000007,"_time":106.222656},{"$id":"688","size":0.6999999,"_time":106.445313},{"$id":"689","sounds":[{"d":1.7731781,"p":58,"v":109}],"pos":6.25,"size":1.0,"_time":106.667969},{"$id":"690","sounds":[{"d":0.8842621,"p":65,"v":107},{"d":1.21760559,"p":77,"v":127}],"pos":2.0,"size":1.0,"_time":106.667969},{"$id":"691","pos":-2.0,"size":1.30000007,"_time":106.667969},{"$id":"692","pos":1.0,"size":0.6999999,"_time":106.886719},{"$id":"693","pos":-2.0,"size":1.30000007,"_time":107.109375},{"$id":"694","pos":1.0,"size":0.6999999,"_time":107.332031},{"$id":"695","sounds":[{"d":0.884285,"p":53,"v":71}],"pos":5.625,"size":1.0,"_time":107.554688},{"$id":"696","pos":-2.0,"size":1.30000007,"_time":107.554688},{"$id":"697","sounds":[{"d":0.884285,"p":65,"v":88}],"pos":2.0,"size":1.0,"_time":107.554688},{"$id":"698","sounds":[{"d":0.7731705,"p":70,"v":100}],"pos":1.0,"size":1.0,"_time":107.667969},{"$id":"699","pos":4.0,"size":1.0,"_time":107.777344},{"$id":"700","sounds":[{"d":0.217597961,"p":73,"v":84}],"pos":-1.0,"size":1.0,"_time":107.777344},{"$id":"701","sounds":[{"d":0.217597961,"p":77,"v":104}],"pos":1.0,"size":1.0,"_time":107.890625},{"$id":"702","pos":-2.0,"size":1.30000007,"_time":108.0},{"$id":"703","sounds":[{"d":0.439826965,"p":73,"v":102}],"size":1.0,"_time":108.0},{"$id":"704","sounds":[{"d":0.328712463,"p":77,"v":102}],"pos":0.5,"size":1.0,"_time":108.109375},{"$id":"705","pos":-2.0,"size":1.30000007,"_time":108.222656},{"$id":"706","sounds":[{"d":0.1111145,"p":82,"v":102}],"pos":1.0,"size":1.0,"_time":108.222656},{"$id":"707","sounds":[{"d":0.1111145,"p":84,"v":106}],"pos":1.5,"size":1.0,"_time":108.332031},{"$id":"708","sounds":[{"d":1.77314758,"p":42,"v":127}],"pos":4.25,"size":1.0,"_time":108.445313},{"$id":"709","sounds":[{"d":1.77314758,"p":54,"v":116}],"pos":5.75,"size":1.0,"_time":108.445313},{"$id":"710","sounds":[{"d":0.328704834,"p":85,"v":127},{"d":0.328704834,"p":73,"v":109}],"pos":2.0,"size":1.0,"_time":108.445313},{"$id":"711","pos":-2.0,"size":1.30000007,"_time":108.445313},{"$id":"712","pos":-1.0,"size":0.6999999,"_time":108.667969},{"$id":"713","sounds":[{"d":0.328704834,"p":84,"v":122},{"d":0.328704834,"p":72,"v":104}],"pos":1.5,"size":1.0,"_time":108.777344},{"$id":"714","pos":-2.0,"size":1.30000007,"_time":108.886719},{"$id":"715","sounds":[{"d":1.55091858,"p":77,"v":127},{"d":1.55091858,"p":65,"v":109}],"pos":1.0,"size":1.0,"_time":109.109375},{"$id":"716","pos":-1.0,"size":0.6999999,"_time":109.109375},{"$id":"717","pos":-2.0,"size":1.30000007,"_time":109.332031},{"$id":"718","pos":2.0,"size":0.6999999,"_time":109.554688},{"$id":"719","sounds":[{"d":0.4398117,"p":49,"v":110}],"pos":5.125,"size":1.0,"_time":109.777344},{"$id":"720","pos":-2.0,"size":1.30000007,"_time":109.777344},{"$id":"721","pos":2.0,"size":0.6999999,"_time":110.0},{"$id":"722","sounds":[{"d":1.77314758,"p":56,"v":104}],"pos":1.0,"size":1.30000007,"_time":110.222656},{"$id":"723","sounds":[{"d":1.77314758,"p":44,"v":110}],"pos":4.5,"size":1.0,"_time":110.222656},{"$id":"724","pos":-2.0,"size":1.30000007,"_time":110.222656},{"$id":"725","pos":-1.0,"size":0.6999999,"_time":110.445313},{"$id":"726","pos":-2.0,"size":1.30000007,"_time":110.667969},{"$id":"727","sounds":[{"d":0.106483459,"p":70,"v":95},{"d":0.106483459,"p":82,"v":113}],"size":1.0,"_time":110.667969},{"$id":"728","sounds":[{"d":0.106483459,"p":72,"v":101},{"d":0.106483459,"p":84,"v":119}],"pos":0.5,"size":1.0,"_time":110.777344},{"$id":"729","pos":-1.0,"size":0.6999999,"_time":110.886719},{"$id":"730","sounds":[{"d":0.217590332,"p":73,"v":95},{"d":0.217590332,"p":85,"v":113}],"pos":1.0,"size":1.0,"_time":110.890625},{"$id":"731","sounds":[{"d":0.884254456,"p":75,"v":109},{"d":0.884254456,"p":87,"v":127}],"pos":2.0,"size":1.0,"_time":111.109375},{"$id":"732","pos":-2.0,"size":1.30000007,"_time":111.109375},{"$id":"733","sounds":[{"d":0.6620331,"p":63,"v":106}],"pos":-1.0,"size":1.0,"_time":111.332031},{"$id":"734","pos":6.0,"size":0.6999999,"_time":111.332031},{"$id":"735","sounds":[{"d":0.4398117,"p":68,"v":106}],"size":1.0,"_time":111.554688},{"$id":"736","pos":-2.0,"size":1.30000007,"_time":111.554688},{"$id":"737","sounds":[{"d":0.217590332,"p":72,"v":106}],"pos":1.0,"size":1.0,"_time":111.777344},{"$id":"738","pos":6.0,"size":0.6999999,"_time":111.777344},{"$id":"739","sounds":[{"d":0.884285,"p":85,"v":123}],"pos":2.0,"size":1.0,"_time":112.0},{"$id":"740","sounds":[{"d":1.773201,"p":46,"v":124}],"pos":4.75,"size":1.0,"_time":112.0},{"$id":"741","pos":-2.0,"size":1.30000007,"_time":112.0},{"$id":"742","sounds":[{"d":0.439826965,"p":73,"v":106}],"pos":-1.0,"size":1.0,"_time":112.109375},{"$id":"743","pos":4.0,"size":1.0,"_time":112.222656},{"$id":"744","sounds":[{"d":0.439826965,"p":77,"v":104}],"size":1.0,"_time":112.222656},{"$id":"745","sounds":[{"d":0.439826965,"p":82,"v":100}],"pos":1.0,"size":1.0,"_time":112.332031},{"$id":"746","pos":4.0,"size":1.30000007,"_time":112.445313},{"$id":"747","sounds":[{"d":0.439826965,"p":70,"v":98}],"pos":-2.0,"size":1.0,"_time":112.445313},{"$id":"748","sounds":[{"d":2.5510025,"p":53,"v":103}],"pos":5.625,"size":1.0,"_time":112.554688},{"$id":"749","sounds":[{"d":0.328712463,"p":73,"v":98}],"pos":-1.0,"size":1.0,"_time":112.554688},{"$id":"750","pos":4.0,"size":1.0,"_time":112.667969},{"$id":"751","sounds":[{"d":0.217597961,"p":77,"v":100}],"size":1.0,"_time":112.667969},{"$id":"752","sounds":[{"d":0.1111145,"p":82,"v":102}],"pos":-1.0,"size":1.0,"_time":112.777344},{"$id":"753","pos":4.0,"size":1.0,"_time":112.886719},{"$id":"754","sounds":[{"d":0.439826965,"p":58,"v":106}],"pos":6.25,"size":1.0,"_time":112.890625},{"$id":"755","sounds":[{"d":0.7731705,"p":87,"v":123}],"pos":1.5,"size":1.0,"_time":112.890625},{"$id":"756","sounds":[{"d":0.328712463,"p":75,"v":100}],"pos":-2.0,"size":1.0,"_time":113.0},{"$id":"757","pos":4.0,"size":1.0,"_time":113.109375},{"$id":"758","sounds":[{"d":0.328712463,"p":80,"v":102}],"pos":-1.0,"size":1.0,"_time":113.109375},{"$id":"759","sounds":[{"d":0.328712463,"p":84,"v":94}],"size":1.0,"_time":113.222656},{"$id":"760","sounds":[{"d":0.439826965,"p":58,"v":97}],"pos":6.25,"size":1.0,"_time":113.332031},{"$id":"761","pos":4.0,"size":1.0,"_time":113.332031},{"$id":"762","sounds":[{"d":0.439826965,"p":75,"v":102}],"pos":-1.0,"size":1.0,"_time":113.332031},{"$id":"763","sounds":[{"d":0.328712463,"p":80,"v":104}],"size":1.0,"_time":113.445313},{"$id":"764","pos":4.0,"size":1.0,"_time":113.554688},{"$id":"765","sounds":[{"d":0.217597961,"p":84,"v":100}],"pos":1.0,"size":1.0,"_time":113.554688},{"$id":"766","sounds":[{"d":0.1111145,"p":87,"v":104}],"pos":-1.0,"size":1.0,"_time":113.667969},{"$id":"767","pos":4.0,"size":1.0,"_time":113.777344},{"$id":"768","sounds":[{"d":1.328743,"p":46,"v":104}],"pos":4.75,"size":1.0,"_time":113.777344},{"$id":"769","sounds":[{"d":0.884285,"p":58,"v":109}],"pos":-2.0,"size":1.0,"_time":113.777344},{"$id":"770","sounds":[{"d":1.66208649,"p":89,"v":127}],"pos":2.0,"size":1.0,"_time":113.777344},{"$id":"771","sounds":[{"d":1.21762848,"p":65,"v":90}],"pos":0.5,"size":1.0,"_time":113.890625},{"$id":"772","pos":4.0,"size":1.0,"_time":114.0},{"$id":"773","sounds":[{"d":0.217597961,"p":70,"v":100}],"pos":-1.5,"size":1.0,"_time":114.0},{"$id":"774","sounds":[{"d":0.217597961,"p":73,"v":98}],"pos":1.0,"size":1.0,"_time":114.109375},{"$id":"775","pos":3.5,"size":1.30000007,"_time":114.222656},{"$id":"776","sounds":[{"d":0.439826965,"p":70,"v":96}],"pos":-1.0,"size":1.0,"_time":114.222656},{"$id":"777","sounds":[{"d":0.439826965,"p":73,"v":102}],"pos":1.5,"size":1.0,"_time":114.332031},{"$id":"778","pos":4.0,"size":1.0,"_time":114.445313},{"$id":"779","sounds":[{"d":0.439826965,"p":77,"v":102}],"pos":-0.5,"size":1.0,"_time":114.445313},{"$id":"780","sounds":[{"d":0.439826965,"p":82,"v":94}],"pos":2.0,"size":1.0,"_time":114.554688},{"$id":"781","sounds":[{"d":0.439826965,"p":58,"v":99}],"pos":-2.0,"size":1.30000007,"_time":114.667969},{"$id":"782","pos":4.0,"size":1.0,"_time":114.667969},{"$id":"783","sounds":[{"d":0.439826965,"p":70,"v":104}],"pos":0.5,"size":1.0,"_time":114.667969},{"$id":"784","sounds":[{"d":0.328712463,"p":73,"v":102}],"pos":1.0,"size":1.0,"_time":114.777344},{"$id":"785","pos":4.0,"size":1.0,"_time":114.886719},{"$id":"786","sounds":[{"d":0.217597961,"p":77,"v":92}],"pos":-1.0,"size":1.0,"_time":114.890625},{"$id":"787","sounds":[{"d":0.217597961,"p":82,"v":96}],"pos":2.0,"size":1.0,"_time":115.0},{"$id":"788","pos":4.0,"size":1.0,"_time":115.109375},{"$id":"789","sounds":[{"d":0.439826965,"p":44,"v":73},{"d":0.439826965,"p":56,"v":57}],"pos":-2.0,"size":1.30000007,"_time":115.109375},{"$id":"790","sounds":[{"d":0.439826965,"p":77,"v":106}],"pos":0.5,"size":1.0,"_time":115.109375},{"$id":"791","sounds":[{"d":0.328712463,"p":82,"v":102}],"pos":1.0,"size":1.0,"_time":115.222656},{"$id":"792","pos":4.0,"size":1.0,"_time":115.332031},{"$id":"793","sounds":[{"d":0.106483459,"p":85,"v":100}],"pos":-1.0,"size":1.0,"_time":115.332031},{"$id":"794","sounds":[{"d":0.1111145,"p":87,"v":114}],"pos":1.5,"size":1.0,"_time":115.445313},{"$id":"795","sounds":[{"d":1.56943512,"p":54,"v":92}],"pos":5.75,"size":1.0,"_time":115.554688},{"$id":"796","sounds":[{"d":1.402771,"p":42,"v":108}],"pos":4.25,"size":1.0,"_time":115.554688},{"$id":"797","sounds":[{"d":0.217590332,"p":90,"v":127},{"d":0.217590332,"p":78,"v":106}],"pos":2.0,"size":1.0,"_time":115.554688},{"$id":"798","pos":-2.0,"size":1.30000007,"_time":115.554688},{"$id":"799","sounds":[{"d":0.217590332,"p":77,"v":103}],"pos":-0.6857148,"size":1.0,"_time":115.777344},{"$id":"800","pos":7.0,"size":0.6999999,"_time":115.777344},{"$id":"801","sounds":[{"d":0.217590332,"p":89,"v":124}],"pos":1.357143,"size":1.0,"_time":115.777344},{"$id":"802","sounds":[{"d":0.217590332,"p":85,"v":104}],"pos":0.7285712,"size":1.0,"_time":116.0},{"$id":"803","pos":10.0,"size":1.30000007,"_time":116.0},{"$id":"804","sounds":[{"d":0.217590332,"p":73,"v":83}],"pos":-1.37142825,"size":1.0,"_time":116.0},{"$id":"805","sounds":[{"d":0.4398117,"p":70,"v":93}],"pos":-2.0,"size":1.0,"_time":116.222656},{"$id":"806","pos":7.0,"size":0.6999999,"_time":116.222656},{"$id":"807","sounds":[{"d":0.4398117,"p":82,"v":114}],"size":1.0,"_time":116.222656},{"$id":"808","pos":-1.0,"size":1.30000007,"_time":116.445313},{"$id":"809","sounds":[{"d":0.217590332,"p":85,"v":127}],"size":1.0,"_time":116.667969},{"$id":"810","pos":7.5,"size":0.6999999,"_time":116.667969},{"$id":"811","sounds":[{"d":0.217590332,"p":73,"v":106}],"pos":-2.0,"size":1.0,"_time":116.667969},{"$id":"812","pos":5.5,"size":1.30000007,"_time":116.886719},{"$id":"813","sounds":[{"d":0.217590332,"p":87,"v":126}],"pos":1.0,"size":1.0,"_time":116.890625},{"$id":"814","sounds":[{"d":0.217590332,"p":75,"v":105}],"pos":-1.0,"size":1.0,"_time":116.890625},{"$id":"815","sounds":[{"d":0.217590332,"p":77,"v":103}],"size":1.0,"_time":117.109375},{"$id":"816","pos":7.0,"size":0.6999999,"_time":117.109375},{"$id":"817","sounds":[{"d":0.217590332,"p":89,"v":124}],"pos":2.0,"size":1.0,"_time":117.109375},{"$id":"818","sounds":[{"d":1.53703308,"p":56,"v":98}],"pos":6.0,"size":1.0,"_time":117.332031},{"$id":"819","sounds":[{"d":1.67129517,"p":44,"v":102}],"pos":4.5,"size":1.0,"_time":117.332031},{"$id":"820","sounds":[{"d":0.4398117,"p":75,"v":103},{"d":0.4398117,"p":87,"v":124}],"pos":1.0,"size":1.0,"_time":117.332031},{"$id":"821","pos":-2.0,"size":1.30000007,"_time":117.332031},{"$id":"822","size":0.6999999,"_time":117.554688},{"$id":"823","sounds":[{"d":0.4398117,"p":85,"v":124},{"d":0.4398117,"p":73,"v":103}],"pos":2.0,"size":1.0,"_time":117.777344},{"$id":"824","pos":-2.0,"size":1.30000007,"_time":117.777344},{"$id":"825","size":0.6999999,"_time":118.0},{"$id":"826","sounds":[{"d":0.4398117,"p":84,"v":126},{"d":0.4398117,"p":72,"v":105}],"pos":1.0,"size":1.0,"_time":118.222656},{"$id":"827","pos":-2.0,"size":1.30000007,"_time":118.222656},{"$id":"828","pos":-1.0,"size":0.6999999,"_time":118.445313},{"$id":"829","sounds":[{"d":0.217590332,"p":68,"v":93},{"d":0.217590332,"p":80,"v":114}],"size":1.0,"_time":118.667969},{"$id":"830","pos":-2.0,"size":1.30000007,"_time":118.667969},{"$id":"831","pos":-1.0,"size":0.6999999,"_time":118.886719},{"$id":"832","sounds":[{"d":0.106483459,"p":82,"v":112},{"d":0.106483459,"p":70,"v":91}],"pos":1.0,"size":1.0,"_time":118.890625},{"$id":"833","sounds":[{"d":0.106483459,"p":72,"v":91},{"d":0.106483459,"p":84,"v":112}],"pos":1.5,"size":1.0,"_time":119.0},{"$id":"834","sounds":[{"d":3.03239441,"p":46,"v":110}],"pos":4.75,"size":1.0,"_time":119.109375},{"$id":"835","pos":-2.0,"size":1.30000007,"_time":119.109375},{"$id":"836","sounds":[{"d":0.217590332,"p":85,"v":127},{"d":0.217590332,"p":73,"v":106}],"pos":2.0,"size":1.0,"_time":119.109375},{"$id":"837","sounds":[{"d":0.217590332,"p":84,"v":118}],"pos":1.3142854,"size":1.0,"_time":119.332031},{"$id":"838","pos":7.0,"size":0.6999999,"_time":119.332031},{"$id":"839","sounds":[{"d":0.217590332,"p":72,"v":97}],"pos":-0.657143354,"size":1.0,"_time":119.332031},{"$id":"840","sounds":[{"d":0.217590332,"p":82,"v":116}],"pos":0.642857,"size":1.0,"_time":119.554688},{"$id":"841","pos":4.0,"size":1.30000007,"_time":119.554688},{"$id":"842","sounds":[{"d":0.217590332,"p":70,"v":95}],"pos":-1.35714293,"size":1.0,"_time":119.554688},{"$id":"843","sounds":[{"d":0.4398117,"p":77,"v":114}],"size":1.0,"_time":119.777344},{"$id":"844","pos":7.0,"size":0.6999999,"_time":119.777344},{"$id":"845","sounds":[{"d":0.4398117,"p":65,"v":93}],"pos":-2.0,"size":1.0,"_time":119.777344},{"$id":"846","pos":-1.0,"size":1.30000007,"_time":120.0},{"$id":"847","sounds":[{"d":0.217590332,"p":82,"v":118}],"size":1.0,"_time":120.222656},{"$id":"848","pos":4.0,"size":1.0,"_time":120.222656},{"$id":"849","sounds":[{"d":0.217590332,"p":70,"v":97}],"pos":-2.0,"size":1.0,"_time":120.222656},{"$id":"850","sounds":[{"d":0.217590332,"p":72,"v":95}],"pos":-1.0,"size":1.0,"_time":120.445313},{"$id":"851","pos":7.5,"size":1.30000007,"_time":120.445313},{"$id":"852","sounds":[{"d":0.217590332,"p":84,"v":116}],"pos":1.0,"size":1.0,"_time":120.445313},{"$id":"853","sounds":[{"d":0.217590332,"p":85,"v":124}],"pos":2.0,"size":1.0,"_time":120.667969},{"$id":"854","pos":4.0,"size":1.0,"_time":120.667969},{"$id":"855","sounds":[{"d":0.217590332,"p":73,"v":103}],"size":1.0,"_time":120.667969},{"$id":"856","pos":-2.0,"size":1.30000007,"_time":120.886719},{"$id":"857","sounds":[{"d":0.4398117,"p":75,"v":106},{"d":0.4398117,"p":87,"v":127}],"pos":1.0,"size":1.0,"_time":120.890625},{"$id":"858","size":0.6999999,"_time":121.109375},{"$id":"859","sounds":[{"d":0.4398117,"p":85,"v":127},{"d":0.4398117,"p":73,"v":106}],"pos":1.0,"size":1.0,"_time":121.332031},{"$id":"860","pos":-2.0,"size":1.30000007,"_time":121.332031},{"$id":"861","size":0.6999999,"_time":121.554688},{"$id":"862","sounds":[{"d":0.4398117,"p":75,"v":106},{"d":0.4398117,"p":87,"v":127}],"pos":2.0,"size":1.0,"_time":121.777344},{"$id":"863","pos":-2.0,"size":1.30000007,"_time":121.777344},{"$id":"864","pos":-1.0,"size":0.6999999,"_time":122.0},{"$id":"865","sounds":[{"d":0.375,"p":44,"v":127}],"pos":4.5,"size":1.0,"_time":122.222656},{"$id":"866","sounds":[{"d":0.217590332,"p":72,"v":85},{"d":0.217590332,"p":84,"v":106}],"size":1.0,"_time":122.222656},{"$id":"867","pos":-2.0,"size":1.30000007,"_time":122.222656},{"$id":"868","pos":-1.0,"size":0.6999999,"_time":122.445313},{"$id":"869","sounds":[{"d":0.106483459,"p":75,"v":89},{"d":0.106483459,"p":87,"v":110}],"pos":1.0,"size":1.0,"_time":122.445313},{"$id":"870","sounds":[{"d":0.10647583,"p":89,"v":112},{"d":0.10647583,"p":77,"v":91}],"pos":1.5,"size":1.0,"_time":122.554688},{"$id":"871","sounds":[{"d":1.74073792,"p":42,"v":124}],"pos":5.0,"size":1.0,"_time":122.667969},{"$id":"872","pos":-2.0,"size":1.30000007,"_time":122.667969},{"$id":"873","sounds":[{"d":0.217590332,"p":90,"v":127},{"d":0.217590332,"p":78,"v":106}],"pos":2.0,"size":1.0,"_time":122.667969},{"$id":"874","pos":4.0,"size":1.0,"_time":122.886719},{"$id":"875","sounds":[{"d":0.217590332,"p":77,"v":106}],"pos":-0.6999998,"size":1.0,"_time":122.890625},{"$id":"876","sounds":[{"d":0.217590332,"p":89,"v":127}],"pos":1.31428647,"size":1.0,"_time":122.890625},{"$id":"877","sounds":[{"d":0.217590332,"p":75,"v":105}],"pos":-1.41428578,"size":1.0,"_time":123.109375},{"$id":"878","pos":8.5,"size":1.30000007,"_time":123.109375},{"$id":"879","sounds":[{"d":0.217590332,"p":87,"v":126}],"pos":0.642858148,"size":1.0,"_time":123.109375},{"$id":"880","sounds":[{"d":0.4398117,"p":85,"v":126}],"size":1.0,"_time":123.332031},{"$id":"881","pos":4.0,"size":1.0,"_time":123.332031},{"$id":"882","sounds":[{"d":0.4398117,"p":73,"v":105}],"pos":-2.0,"size":1.0,"_time":123.332031},{"$id":"883","pos":-1.0,"size":1.30000007,"_time":123.554688},{"$id":"884","sounds":[{"d":0.217590332,"p":82,"v":127}],"size":1.0,"_time":123.777344},{"$id":"885","pos":4.0,"size":1.0,"_time":123.777344},{"$id":"886","sounds":[{"d":0.217590332,"p":70,"v":106}],"pos":-2.0,"size":1.0,"_time":123.777344},{"$id":"887","sounds":[{"d":0.217590332,"p":87,"v":120}],"pos":1.0,"size":1.0,"_time":124.0},{"$id":"888","pos":6.5,"size":1.30000007,"_time":124.0},{"$id":"889","sounds":[{"d":0.217590332,"p":75,"v":99}],"pos":-1.0,"size":1.0,"_time":124.0},{"$id":"890","sounds":[{"d":0.217597961,"p":77,"v":103}],"size":1.0,"_time":124.222656},{"$id":"891","pos":4.0,"size":1.0,"_time":124.222656},{"$id":"892","sounds":[{"d":0.217597961,"p":89,"v":124}],"pos":2.0,"size":1.0,"_time":124.222656},{"$id":"893","sounds":[{"d":1.77314758,"p":44,"v":116}],"pos":4.5,"size":1.0,"_time":124.445313},{"$id":"894","sounds":[{"d":0.8842621,"p":87,"v":126},{"d":0.8842621,"p":75,"v":105}],"pos":1.0,"size":1.0,"_time":124.445313},{"$id":"895","pos":-2.0,"size":1.30000007,"_time":124.445313},{"$id":"896","size":0.6999999,"_time":124.667969},{"$id":"897","pos":-2.0,"size":1.30000007,"_time":124.886719},{"$id":"898","size":0.6999999,"_time":125.109375},{"$id":"899","sounds":[{"d":0.4398117,"p":84,"v":126},{"d":0.4398117,"p":72,"v":105}],"pos":2.0,"size":1.0,"_time":125.332031},{"$id":"900","pos":-2.0,"size":1.30000007,"_time":125.332031},{"$id":"901","pos":-1.0,"size":0.6999999,"_time":125.554688},{"$id":"902","sounds":[{"d":0.4398117,"p":80,"v":116},{"d":0.4398117,"p":68,"v":95}],"pos":1.0,"size":1.0,"_time":125.777344},{"$id":"903","pos":-2.0,"size":1.30000007,"_time":125.777344},{"$id":"904","pos":-1.0,"size":0.6999999,"_time":126.0},{"$id":"905","sounds":[{"d":1.75467682,"p":78,"v":110},{"d":1.75467682,"p":66,"v":89}],"pos":2.0,"size":1.0,"_time":126.222656},{"$id":"906","pos":8.5,"size":1.30000007,"_time":126.222656},{"$id":"907","sounds":[{"d":0.1111145,"p":46,"v":102}],"pos":-2.0,"size":1.0,"_time":126.222656},{"$id":"908","sounds":[{"d":0.1111145,"p":53,"v":100}],"pos":0.5,"size":1.0,"_time":126.332031},{"$id":"909","pos":4.0,"size":1.0,"_time":126.445313},{"$id":"910","sounds":[{"d":0.1111145,"p":58,"v":92}],"pos":-2.0,"size":1.0,"_time":126.445313},{"$id":"911","sounds":[{"d":0.1111145,"p":61,"v":98}],"pos":1.5,"size":1.0,"_time":126.554688},{"$id":"912","pos":4.0,"size":1.0,"_time":126.667969},{"$id":"913","sounds":[{"d":0.1111145,"p":53,"v":88}],"pos":-2.0,"size":1.0,"_time":126.667969},{"$id":"914","sounds":[{"d":0.1111145,"p":58,"v":98}],"pos":0.5,"size":1.0,"_time":126.777344},{"$id":"915","pos":4.0,"size":1.0,"_time":126.886719},{"$id":"916","sounds":[{"d":0.1111145,"p":61,"v":98}],"pos":-2.0,"size":1.0,"_time":126.890625},{"$id":"917","sounds":[{"d":0.1111145,"p":65,"v":90}],"pos":1.5,"size":1.0,"_time":127.0},{"$id":"918","pos":4.0,"size":1.0,"_time":127.109375},{"$id":"919","sounds":[{"d":0.1111145,"p":58,"v":100}],"pos":-1.0,"size":1.0,"_time":127.109375},{"$id":"920","sounds":[{"d":0.1111145,"p":65,"v":90}],"pos":0.5,"size":1.0,"_time":127.222656},{"$id":"921","pos":4.0,"size":1.0,"_time":127.332031},{"$id":"922","sounds":[{"d":0.1111145,"p":70,"v":98}],"pos":-1.0,"size":1.0,"_time":127.332031},{"$id":"923","sounds":[{"d":0.1111145,"p":73,"v":94}],"pos":1.5,"size":1.0,"_time":127.445313},{"$id":"924","pos":4.0,"size":1.0,"_time":127.554688},{"$id":"925","sounds":[{"d":0.1111145,"p":58,"v":92}],"pos":-1.0,"size":1.0,"_time":127.554688},{"$id":"926","sounds":[{"d":0.1111145,"p":65,"v":94}],"pos":0.5,"size":1.0,"_time":127.667969},{"$id":"927","pos":4.0,"size":1.0,"_time":127.777344},{"$id":"928","sounds":[{"d":0.1111145,"p":70,"v":86}],"pos":-1.0,"size":1.0,"_time":127.777344},{"$id":"929","sounds":[{"d":0.111106873,"p":73,"v":102}],"pos":1.5,"size":1.0,"_time":127.890625},{"$id":"930","pos":4.0,"size":1.0,"_time":128.0},{"$id":"931","sounds":[{"d":0.1111145,"p":46,"v":98}],"pos":-2.0,"size":1.0,"_time":128.0},{"$id":"932","sounds":[{"d":1.111145,"p":77,"v":127}],"pos":2.0,"size":1.0,"_time":128.0},{"$id":"933","sounds":[{"d":0.1111145,"p":53,"v":96}],"pos":-1.0,"size":1.0,"_time":128.109375},{"$id":"934","pos":4.0,"size":1.0,"_time":128.222656},{"$id":"935","sounds":[{"d":0.1111145,"p":58,"v":78}],"pos":1.0,"size":1.0,"_time":128.222656},{"$id":"936","sounds":[{"d":0.1111145,"p":65,"v":94}],"pos":2.0,"size":1.0,"_time":128.332031},{"$id":"937","pos":4.0,"size":1.0,"_time":128.445313},{"$id":"938","sounds":[{"d":0.1111145,"p":61,"v":84}],"pos":-1.0,"size":1.0,"_time":128.445313},{"$id":"939","sounds":[{"d":0.1111145,"p":70,"v":92}],"pos":1.5,"size":1.0,"_time":128.554688},{"$id":"940","pos":4.0,"size":1.0,"_time":128.667969},{"$id":"941","sounds":[{"d":0.1111145,"p":65,"v":92}],"pos":-2.0,"size":1.0,"_time":128.667969},{"$id":"942","sounds":[{"d":0.1111145,"p":70,"v":94}],"pos":0.5,"size":1.0,"_time":128.777344},{"$id":"943","pos":4.0,"size":1.0,"_time":128.886719},{"$id":"944","sounds":[{"d":0.1111145,"p":73,"v":92}],"pos":-0.5,"size":1.0,"_time":128.890625},{"$id":"945","sounds":[{"d":0.1111145,"p":77,"v":90}],"pos":2.0,"size":1.0,"_time":129.0},{"$id":"946","pos":4.0,"size":1.0,"_time":129.109375},{"$id":"947","sounds":[{"d":0.1111145,"p":73,"v":94}],"pos":-1.5,"size":1.0,"_time":129.113281},{"$id":"948","sounds":[{"d":0.1111145,"p":77,"v":94}],"pos":1.0,"size":1.0,"_time":129.222656},{"$id":"949","pos":4.0,"size":1.0,"_time":129.332031},{"$id":"950","sounds":[{"d":0.1111145,"p":70,"v":92}],"pos":-2.0,"size":1.0,"_time":129.332031},{"$id":"951","sounds":[{"d":0.1111145,"p":77,"v":98}],"pos":-1.0,"size":1.0,"_time":129.445313},{"$id":"952","pos":4.0,"size":1.0,"_time":129.554688},{"$id":"953","sounds":[{"d":0.10647583,"p":82,"v":94}],"size":1.0,"_time":129.554688},{"$id":"954","sounds":[{"d":0.115737915,"p":85,"v":102}],"pos":1.0,"size":1.0,"_time":129.664063},{"$id":"955","sounds":[{"d":1.77313232,"p":42,"v":100}],"pos":-2.0,"size":1.30000007,"_time":129.777344},{"$id":"956","sounds":[{"d":0.328704834,"p":73,"v":123}],"pos":2.0,"size":1.0,"_time":129.777344},{"$id":"957","sounds":[{"d":0.328704834,"p":72,"v":119}],"pos":1.0,"size":1.0,"_time":130.113281},{"$id":"958","sounds":[{"d":1.32868958,"p":49,"v":88}],"pos":-1.0,"size":1.30000007,"_time":130.222656},{"$id":"959","sounds":[{"d":1.99537659,"p":65,"v":127}],"size":1.0,"_time":130.445313},{"$id":"960","sounds":[{"d":1.10647583,"p":54,"v":84}],"pos":-2.0,"size":1.30000007,"_time":130.445313},{"$id":"961","sounds":[{"d":1.77316284,"p":44,"v":104}],"pos":-2.0,"size":1.30000007,"_time":131.554688},{"$id":"962","sounds":[{"d":1.55093384,"p":51,"v":92}],"pos":-1.0,"size":1.30000007,"_time":131.777344},{"$id":"963","sounds":[{"d":1.32870483,"p":56,"v":88}],"size":1.30000007,"_time":132.0},{"$id":"964","sounds":[{"d":1.57872009,"p":63,"v":115}],"pos":1.0,"size":1.30000007,"_time":132.445313},{"$id":"965","sounds":[{"d":3.550888,"p":46,"v":102}],"pos":-1.0,"size":1.30000007,"_time":133.332031},{"$id":"966","sounds":[{"d":3.328659,"p":53,"v":88}],"size":1.30000007,"_time":133.554688},{"$id":"967","sounds":[{"d":3.10643,"p":58,"v":88}],"pos":1.0,"size":1.30000007,"_time":133.777344},{"$id":"968","sounds":[{"d":0.222229,"p":61,"v":117}],"pos":-2.0,"size":1.0,"_time":134.0},{"$id":"969","sounds":[{"d":0.09259033,"p":63,"v":67}],"pos":2.0,"size":1.0,"_time":134.113281},{"$id":"970","sounds":[{"d":0.217590332,"p":65,"v":89}],"pos":-1.0,"size":1.0,"_time":134.222656},{"$id":"971","sounds":[{"d":0.217590332,"p":70,"v":109}],"size":1.0,"_time":134.445313},{"$id":"972","sounds":[{"d":0.10647583,"p":70,"v":115}],"size":1.0,"_time":134.667969},{"$id":"973","sounds":[{"d":0.10647583,"p":72,"v":89}],"pos":-1.0,"size":1.0,"_time":134.777344},{"$id":"974","sounds":[{"d":0.217590332,"p":73,"v":74}],"pos":1.0,"size":1.0,"_time":134.890625},{"$id":"975","sounds":[{"d":0.439819336,"p":77,"v":119}],"size":1.0,"_time":135.109375},{"$id":"976","sounds":[{"d":1.55090332,"p":73,"v":99}],"pos":-2.0,"size":1.0,"_time":135.332031},{"$id":"977","sounds":[{"d":0.439819336,"p":77,"v":119}],"pos":-1.0,"size":1.0,"_time":135.554688},{"$id":"978","sounds":[{"d":0.439804077,"p":82,"v":103}],"size":1.0,"_time":135.777344},{"$id":"979","sounds":[{"d":0.8842468,"p":77,"v":119}],"pos":-1.0,"size":1.0,"_time":136.0},{"$id":"980","sounds":[{"d":0.439819336,"p":82,"v":109}],"size":1.0,"_time":136.222656},{"$id":"981","sounds":[{"d":0.217590332,"p":85,"v":57}],"pos":1.0,"size":1.0,"_time":136.445313},{"$id":"982","sounds":[{"d":0.217590332,"p":87,"v":111}],"pos":2.0,"size":1.0,"_time":136.667969},{"$id":"983","sounds":[{"d":1.77316284,"p":42,"v":90}],"pos":-2.0,"size":1.2,"_time":136.890625},{"$id":"984","sounds":[{"d":1.77316284,"p":89,"v":119}],"pos":1.0,"size":1.0,"_time":136.890625},{"$id":"985","sounds":[{"d":1.55093384,"p":49,"v":92}],"pos":-1.0,"size":1.2,"_time":137.109375},{"$id":"986","sounds":[{"d":1.32870483,"p":54,"v":92}],"size":1.2,"_time":137.332031},{"$id":"987","sounds":[{"d":0.439819336,"p":77,"v":92}],"pos":2.0,"size":1.0,"_time":138.222656},{"$id":"988","sounds":[{"d":1.77316284,"p":44,"v":90}],"pos":-2.0,"size":1.30000007,"_time":138.667969},{"$id":"989","sounds":[{"d":1.77316284,"p":63,"v":92},{"d":0.884277344,"p":72,"v":98}],"pos":1.0,"size":1.0,"_time":138.667969},{"$id":"990","sounds":[{"d":1.55093384,"p":51,"v":82}],"pos":-1.0,"size":1.30000007,"_time":138.890625},{"$id":"991","sounds":[{"d":1.32870483,"p":56,"v":84}],"size":1.30000007,"_time":139.109375},{"$id":"992","sounds":[{"d":0.8842621,"p":68,"v":98}],"pos":1.0,"size":1.0,"_time":139.554688},{"$id":"993","sounds":[{"d":1.77314758,"p":46,"v":80}],"pos":-1.0,"size":1.30000007,"_time":140.445313},{"$id":"994","sounds":[{"d":1.77314758,"p":65,"v":92},{"d":1.77314758,"p":61,"v":80},{"d":1.77314758,"p":58,"v":82}],"pos":1.0,"size":1.30000007,"_time":140.445313},{"$id":"995","sounds":[{"d":1.77316284,"p":46,"v":72}],"pos":-2.0,"size":1.30000007,"_time":142.222656},{"$id":"996","sounds":[{"d":0.884277344,"p":61,"v":65},{"d":1.32872009,"p":65,"v":88}],"pos":1.0,"size":1.30000007,"_time":142.222656},{"$id":"997","sounds":[{"d":1.55093384,"p":53,"v":61}],"pos":-1.0,"size":1.30000007,"_time":142.445313},{"$id":"998","sounds":[{"d":1.32870483,"p":58,"v":70}],"size":1.30000007,"_time":142.667969},{"$id":"999","sounds":[{"d":0.8842621,"p":61,"v":84}],"pos":1.0,"size":1.30000007,"_time":143.109375},{"$id":"1000","sounds":[{"d":0.439819336,"p":65,"v":98}],"pos":2.0,"size":1.30000007,"_time":143.554688},{"$id":"1001","sounds":[{"d":7.08329773,"p":46,"v":86}],"pos":-2.0,"size":1.30000007,"_time":144.0},{"$id":"1002","sounds":[{"d":0.666671753,"p":70,"v":92}],"pos":0.5,"size":1.0,"_time":144.0},{"$id":"1003","sounds":[{"d":6.84256,"p":53,"v":75}],"pos":-1.0,"size":1.30000007,"_time":144.226563},{"$id":"1004","sounds":[{"d":0.569442749,"p":73,"v":82}],"pos":1.0,"size":1.0,"_time":144.234375},{"$id":"1005","sounds":[{"d":0.6712799,"p":80,"v":96}],"pos":2.0,"size":1.0,"_time":144.464844},{"$id":"1006","sounds":[{"d":6.564789,"p":58,"v":56}],"pos":-0.5,"size":1.30000007,"_time":144.5},{"$id":"1007","sounds":[{"d":6.43515,"p":70,"v":69}],"pos":-1.0,"size":1.0,"_time":144.671875},{"$id":"1008","sounds":[{"d":6.29626465,"p":73,"v":64}],"pos":1.0,"size":1.0,"_time":144.8086},{"$id":"1009","sounds":[{"d":5.967575,"p":82,"v":92}],"pos":-2.0,"size":1.0,"_time":145.140625},{"$id":"1010","sounds":[{"d":5.759247,"p":85,"v":63}],"pos":0.5,"size":1.0,"_time":145.347656},{"$id":"1011","sounds":[{"d":0.194442749,"p":92,"v":55}],"pos":-0.5,"size":1.0,"_time":145.601563},{"$id":"1012","sounds":[{"d":5.31018066,"p":94,"v":104}],"pos":2.0,"size":1.0,"_time":145.796875},{"$id":"1013","sounds":[{"d":3.509262,"p":58,"v":33},{"d":3.555542,"p":61,"v":32}],"pos":1.0,"size":1.30000007,"_time":147.554688},{"$id":"1014","sounds":[{"d":3.5138855,"p":53,"v":33},{"d":3.527771,"p":46,"v":3}],"pos":-1.0,"size":1.30000007,"_time":147.554688}],"links":[{"notes":[{"$ref":"32"},{"$ref":"33"},{"$ref":"34"}]},{"notes":[{"$ref":"36"},{"$ref":"37"},{"$ref":"38"}]},{"notes":[{"$ref":"40"},{"$ref":"41"},{"$ref":"42"}]},{"notes":[{"$ref":"44"},{"$ref":"45"},{"$ref":"46"}]},{"notes":[{"$ref":"48"},{"$ref":"49"},{"$ref":"50"}]},{"notes":[{"$ref":"52"},{"$ref":"53"},{"$ref":"54"}]},{"notes":[{"$ref":"56"},{"$ref":"57"},{"$ref":"58"}]},{"notes":[{"$ref":"60"},{"$ref":"61"},{"$ref":"62"}]},{"notes":[{"$ref":"64"},{"$ref":"65"},{"$ref":"66"}]},{"notes":[{"$ref":"68"},{"$ref":"69"},{"$ref":"70"}]},{"notes":[{"$ref":"72"},{"$ref":"73"},{"$ref":"74"}]},{"notes":[{"$ref":"76"},{"$ref":"77"},{"$ref":"78"}]},{"notes":[{"$ref":"80"},{"$ref":"81"},{"$ref":"82"}]},{"notes":[{"$ref":"85"},{"$ref":"86"},{"$ref":"87"}]},{"notes":[{"$ref":"95"},{"$ref":"96"},{"$ref":"97"}]},{"notes":[{"$ref":"90"},{"$ref":"91"},{"$ref":"92"}]},{"notes":[{"$ref":"697"},{"$ref":"698"}]},{"notes":[{"$ref":"703"},{"$ref":"704"}]},{"notes":[{"$ref":"706"},{"$ref":"707"},{"$ref":"710"}]},{"notes":[{"$ref":"727"},{"$ref":"728"},{"$ref":"730"}]},{"notes":[{"$ref":"747"},{"$ref":"749"}]},{"notes":[{"$ref":"742"},{"$ref":"744"}]},{"notes":[{"$ref":"756"},{"$ref":"758"}]},{"notes":[{"$ref":"762"},{"$ref":"763"}]},{"notes":[{"$ref":"787"},{"$ref":"790"}]},{"notes":[{"$ref":"832"},{"$ref":"833"},{"$ref":"836"}]},{"notes":[{"$ref":"794"},{"$ref":"797"}]},{"notes":[{"$ref":"869"},{"$ref":"870"},{"$ref":"873"}]},{"notes":[{"$ref":"644"},{"$ref":"646"},{"$ref":"648"},{"$ref":"652"}]},{"notes":[{"$ref":"25"},{"$ref":"26"},{"$ref":"27"}]},{"notes":[{"$ref":"21"},{"$ref":"22"},{"$ref":"23"},{"$ref":"24"}]},{"notes":[{"$ref":"17"},{"$ref":"18"},{"$ref":"19"},{"$ref":"20"}]},{"notes":[{"$ref":"9"},{"$ref":"10"},{"$ref":"11"},{"$ref":"12"}]},{"notes":[{"$ref":"5"},{"$ref":"6"},{"$ref":"7"},{"$ref":"8"}]},{"notes":[{"$ref":"1"},{"$ref":"2"},{"$ref":"3"},{"$ref":"4"}]},{"notes":[{"$ref":"931"},{"$ref":"933"},{"$ref":"935"},{"$ref":"936"}]},{"notes":[{"$ref":"929"},{"$ref":"932"}]},{"notes":[{"$ref":"950"},{"$ref":"951"},{"$ref":"953"},{"$ref":"954"}]},{"notes":[{"$ref":"100"},{"$ref":"101"},{"$ref":"103"}]},{"notes":[{"$ref":"105"},{"$ref":"106"},{"$ref":"107"}]},{"notes":[{"$ref":"109"},{"$ref":"110"},{"$ref":"111"}]},{"notes":[{"$ref":"113"},{"$ref":"114"},{"$ref":"115"}]},{"notes":[{"$ref":"131"},{"$ref":"133"},{"$ref":"134"}]},{"notes":[{"$ref":"126"},{"$ref":"127"},{"$ref":"129"}]},{"notes":[{"$ref":"121"},{"$ref":"122"},{"$ref":"123"}]},{"notes":[{"$ref":"117"},{"$ref":"118"},{"$ref":"119"}]},{"notes":[{"$ref":"137"},{"$ref":"138"},{"$ref":"139"}]},{"notes":[{"$ref":"141"},{"$ref":"142"},{"$ref":"143"}]},{"notes":[{"$ref":"146"},{"$ref":"147"},{"$ref":"148"}]},{"notes":[{"$ref":"151"},{"$ref":"153"},{"$ref":"154"}]},{"notes":[{"$ref":"156"},{"$ref":"157"},{"$ref":"158"}]},{"notes":[{"$ref":"160"},{"$ref":"161"},{"$ref":"162"}]},{"notes":[{"$ref":"164"},{"$ref":"165"},{"$ref":"166"}]},{"notes":[{"$ref":"170"},{"$ref":"172"},{"$ref":"174"}]},{"notes":[{"$ref":"169"},{"$ref":"171"},{"$ref":"173"}]},{"notes":[{"$ref":"190"},{"$ref":"191"},{"$ref":"192"}]},{"notes":[{"$ref":"186"},{"$ref":"187"},{"$ref":"188"}]},{"notes":[{"$ref":"182"},{"$ref":"183"},{"$ref":"184"}]},{"notes":[{"$ref":"177"},{"$ref":"178"},{"$ref":"180"}]},{"notes":[{"$ref":"194"},{"$ref":"195"},{"$ref":"196"}]},{"notes":[{"$ref":"198"},{"$ref":"199"},{"$ref":"200"}]},{"notes":[{"$ref":"203"},{"$ref":"204"},{"$ref":"205"}]},{"notes":[{"$ref":"207"},{"$ref":"208"},{"$ref":"209"}]},{"notes":[{"$ref":"212"},{"$ref":"213"},{"$ref":"214"}]},{"notes":[{"$ref":"216"},{"$ref":"217"},{"$ref":"218"}]},{"notes":[{"$ref":"220"},{"$ref":"221"},{"$ref":"222"}]},{"notes":[{"$ref":"225"},{"$ref":"226"},{"$ref":"227"}]},{"notes":[{"$ref":"229"},{"$ref":"230"},{"$ref":"231"}]},{"notes":[{"$ref":"233"},{"$ref":"234"},{"$ref":"235"}]},{"notes":[{"$ref":"237"},{"$ref":"238"},{"$ref":"239"}]},{"notes":[{"$ref":"242"},{"$ref":"244"},{"$ref":"245"}]},{"notes":[{"$ref":"248"},{"$ref":"249"},{"$ref":"251"}]},{"notes":[{"$ref":"253"},{"$ref":"254"},{"$ref":"255"}]},{"notes":[{"$ref":"261"},{"$ref":"262"},{"$ref":"263"}]},{"notes":[{"$ref":"257"},{"$ref":"258"},{"$ref":"259"}]},{"notes":[{"$ref":"279"},{"$ref":"281"},{"$ref":"282"}]},{"notes":[{"$ref":"274"},{"$ref":"275"},{"$ref":"277"}]},{"notes":[{"$ref":"269"},{"$ref":"270"},{"$ref":"271"}]},{"notes":[{"$ref":"265"},{"$ref":"266"},{"$ref":"267"}]},{"notes":[{"$ref":"285"},{"$ref":"286"},{"$ref":"287"}]},{"notes":[{"$ref":"289"},{"$ref":"291"},{"$ref":"292"}]},{"notes":[{"$ref":"294"},{"$ref":"295"},{"$ref":"296"}]},{"notes":[{"$ref":"299"},{"$ref":"300"},{"$ref":"301"}]},{"notes":[{"$ref":"317"},{"$ref":"319"},{"$ref":"320"}]},{"notes":[{"$ref":"311"},{"$ref":"312"},{"$ref":"313"}]},{"notes":[{"$ref":"307"},{"$ref":"308"},{"$ref":"309"}]},{"notes":[{"$ref":"303"},{"$ref":"304"},{"$ref":"305"}]},{"notes":[{"$ref":"315"},{"$ref":"316"},{"$ref":"318"}]},{"notes":[{"$ref":"328"},{"$ref":"329"},{"$ref":"330"}]},{"notes":[{"$ref":"323"},{"$ref":"324"},{"$ref":"326"}]},{"notes":[{"$ref":"336"},{"$ref":"337"},{"$ref":"338"}]},{"notes":[{"$ref":"332"},{"$ref":"333"},{"$ref":"334"}]},{"notes":[{"$ref":"350"},{"$ref":"351"},{"$ref":"353"}]},{"notes":[{"$ref":"344"},{"$ref":"346"},{"$ref":"347"}]},{"notes":[{"$ref":"340"},{"$ref":"341"},{"$ref":"342"}]},{"notes":[{"$ref":"355"},{"$ref":"357"},{"$ref":"358"}]},{"notes":[{"$ref":"589"},{"$ref":"590"}]},{"notes":[{"$ref":"617"},{"$ref":"618"}]},{"notes":[{"$ref":"635"},{"$ref":"637"},{"$ref":"639"},{"$ref":"641"},{"$ref":"643"},{"$ref":"645"},{"$ref":"647"},{"$ref":"649"},{"$ref":"651"}]},{"notes":[{"$ref":"634"},{"$ref":"636"},{"$ref":"638"},{"$ref":"640"}]},{"notes":[{"$ref":"399"},{"$ref":"400"},{"$ref":"401"},{"$ref":"402"}]},{"notes":[{"$ref":"586"},{"$ref":"587"}]},{"notes":[{"$ref":"395"},{"$ref":"396"},{"$ref":"397"},{"$ref":"398"}]},{"notes":[{"$ref":"391"},{"$ref":"392"},{"$ref":"393"},{"$ref":"394"}]},{"notes":[{"$ref":"448"},{"$ref":"449"},{"$ref":"451"}]},{"notes":[{"$ref":"459"},{"$ref":"460"},{"$ref":"462"},{"$ref":"463"},{"$ref":"465"},{"$ref":"466"},{"$ref":"468"}]},{"notes":[{"$ref":"471"},{"$ref":"472"},{"$ref":"473"},{"$ref":"474"},{"$ref":"476"}]},{"notes":[{"$ref":"479"},{"$ref":"480"},{"$ref":"481"}]},{"notes":[{"$ref":"486"},{"$ref":"487"},{"$ref":"488"},{"$ref":"489"}]},{"notes":[{"$ref":"526"},{"$ref":"527"},{"$ref":"529"}]},{"notes":[{"$ref":"496"},{"$ref":"497"},{"$ref":"498"},{"$ref":"499"},{"$ref":"501"}]},{"notes":[{"$ref":"491"},{"$ref":"492"},{"$ref":"493"},{"$ref":"494"}]},{"notes":[{"$ref":"517"},{"$ref":"518"},{"$ref":"520"},{"$ref":"521"},{"$ref":"523"}]},{"notes":[{"$ref":"549"},{"$ref":"550"},{"$ref":"552"}]},{"notes":[{"$ref":"559"},{"$ref":"560"},{"$ref":"561"},{"$ref":"562"},{"$ref":"564"}]},{"notes":[{"$ref":"613"},{"$ref":"614"}]},{"notes":[{"$ref":"599"},{"$ref":"600"},{"$ref":"602"}]},{"notes":[{"$ref":"581"},{"$ref":"582"}]},{"notes":[{"$ref":"578"},{"$ref":"579"}]},{"notes":[{"$ref":"597"},{"$ref":"598"}]},{"notes":[{"$ref":"594"},{"$ref":"595"}]},{"notes":[{"$ref":"387"},{"$ref":"388"},{"$ref":"389"},{"$ref":"390"}]},{"notes":[{"$ref":"780"},{"$ref":"783"}]}]}