{"speed":12.0,"notes":[{"$id":"1","sounds":[{"d":0.0742573738,"p":79,"v":71}],"pos":-1.5,"size":0.6999999,"_time":6.9296875},{"$id":"2","sounds":[{"d":0.0309405327,"p":82,"v":56}],"pos":-0.801980257,"size":0.6999999,"_time":7.00390625},{"$id":"3","sounds":[{"d":0.05569315,"p":86,"v":83}],"pos":-0.5,"size":0.6999999,"_time":7.03515625},{"$id":"4","sounds":[{"d":1.22524643,"p":89,"v":93}],"size":0.6999999,"_time":7.08984375},{"$id":"5","sounds":[{"d":0.2970295,"p":94,"v":93}],"pos":2.0,"size":0.6999999,"_time":8.316406},{"$id":"6","sounds":[{"d":0.2970295,"p":91,"v":97}],"pos":1.0,"size":0.6999999,"_time":8.613281},{"$id":"7","sounds":[{"d":0.2970295,"p":89,"v":87}],"size":0.6999999,"_time":8.910156},{"$id":"8","sounds":[{"d":0.2970295,"p":86,"v":97}],"pos":-1.0,"size":0.6999999,"_time":9.207031},{"$id":"9","sounds":[{"d":0.2970295,"p":44,"v":74},{"d":0.2970295,"p":56,"v":82}],"pos":-1.5,"size":2.0,"_time":9.503906},{"$id":"10","sounds":[{"d":0.2970295,"p":79,"v":106}],"pos":2.0,"size":1.0,"_time":9.503906},{"$id":"11","sounds":[{"d":0.148514748,"p":70,"v":82}],"pos":-1.0,"size":1.0,"_time":9.800781},{"$id":"12","sounds":[{"d":0.148514748,"p":79,"v":106}],"pos":2.0,"size":1.0,"_time":9.949219},{"$id":"13","sounds":[{"d":0.148514748,"p":67,"v":88}],"pos":7.0,"size":1.0,"_time":10.0976563},{"$id":"14","sounds":[{"d":0.148514748,"p":70,"v":82}],"pos":-1.0,"size":1.0,"_time":10.2460938},{"$id":"15","sounds":[{"d":0.148514748,"p":75,"v":98}],"pos":1.0,"size":1.0,"_time":10.3945313},{"$id":"16","sounds":[{"d":0.2970295,"p":67,"v":88}],"pos":7.0,"size":1.0,"_time":10.5429688},{"$id":"17","sounds":[{"d":0.148514748,"p":75,"v":98}],"pos":1.0,"size":1.0,"_time":10.8398438},{"$id":"18","sounds":[{"d":0.2970295,"p":70,"v":88}],"pos":-1.0,"size":1.0,"_time":10.9882813},{"$id":"19","sounds":[{"d":0.148514748,"p":67,"v":69}],"pos":7.0,"size":1.0,"_time":11.2890625},{"$id":"20","sounds":[{"d":0.148514748,"p":70,"v":88}],"pos":-1.0,"size":1.0,"_time":11.4375},{"$id":"21","sounds":[{"d":0.148514748,"p":74,"v":92}],"size":1.0,"_time":11.5859375},{"$id":"22","sounds":[{"d":0.2970295,"p":67,"v":69}],"pos":7.0,"size":1.0,"_time":11.734375},{"$id":"23","sounds":[{"d":0.148514748,"p":74,"v":92}],"size":1.0,"_time":12.03125},{"$id":"24","sounds":[{"d":0.2970295,"p":70,"v":88}],"pos":-1.0,"size":1.0,"_time":12.1796875},{"$id":"25","sounds":[{"d":0.148514748,"p":67,"v":72}],"pos":7.0,"size":1.0,"_time":12.4765625},{"$id":"26","sounds":[{"d":0.148514748,"p":70,"v":88}],"pos":-1.0,"size":1.0,"_time":12.625},{"$id":"27","sounds":[{"d":0.148514748,"p":75,"v":98}],"pos":1.0,"size":1.0,"_time":12.7734375},{"$id":"28","sounds":[{"d":0.2970295,"p":67,"v":72}],"pos":7.0,"size":1.0,"_time":12.921875},{"$id":"29","sounds":[{"d":0.445544243,"p":75,"v":98}],"pos":1.0,"size":1.0,"_time":13.21875},{"$id":"30","sounds":[{"d":0.148514748,"p":67,"v":96}],"size":1.0,"_time":13.6640625},{"$id":"31","sounds":[{"d":0.148514748,"p":70,"v":96}],"pos":0.5,"size":1.0,"_time":13.8125},{"$id":"32","sounds":[{"d":0.148514748,"p":74,"v":88}],"pos":1.0,"size":1.0,"_time":13.9609375},{"$id":"33","sounds":[{"d":0.148514748,"p":77,"v":100}],"pos":1.5,"size":1.0,"_time":14.109375},{"$id":"34","sounds":[{"d":0.2970295,"p":44,"v":72},{"d":0.2970295,"p":56,"v":80}],"pos":-1.5,"size":2.0,"_time":14.2578125},{"$id":"35","sounds":[{"d":0.2970295,"p":79,"v":98}],"pos":2.0,"size":1.0,"_time":14.2578125},{"$id":"36","sounds":[{"d":0.148514748,"p":72,"v":70}],"pos":-1.0,"size":1.0,"_time":14.5546875},{"$id":"37","sounds":[{"d":0.148514748,"p":79,"v":98}],"pos":2.0,"size":1.0,"_time":14.703125},{"$id":"38","sounds":[{"d":0.148514748,"p":68,"v":72}],"pos":5.5,"size":1.0,"_time":14.8515625},{"$id":"39","sounds":[{"d":0.148514748,"p":72,"v":70}],"pos":-1.0,"size":1.0,"_time":15.0},{"$id":"40","sounds":[{"d":0.148514748,"p":75,"v":90}],"pos":1.0,"size":1.0,"_time":15.1484375},{"$id":"41","sounds":[{"d":0.2970295,"p":68,"v":72}],"pos":5.5,"size":1.0,"_time":15.296875},{"$id":"42","sounds":[{"d":0.148514748,"p":75,"v":90}],"pos":1.0,"size":1.0,"_time":15.59375},{"$id":"43","sounds":[{"d":0.2970295,"p":70,"v":84}],"pos":-2.0,"size":1.0,"_time":15.7421875},{"$id":"44","sounds":[{"d":0.1485157,"p":67,"v":70}],"pos":5.5,"size":1.0,"_time":16.0390625},{"$id":"45","sounds":[{"d":0.1485157,"p":70,"v":84}],"pos":-2.0,"size":1.0,"_time":16.1875},{"$id":"46","sounds":[{"d":0.1485157,"p":75,"v":100}],"pos":1.0,"size":1.0,"_time":16.3359375},{"$id":"47","sounds":[{"d":0.2970295,"p":67,"v":70}],"pos":5.5,"size":1.0,"_time":16.484375},{"$id":"48","sounds":[{"d":0.1485157,"p":75,"v":100}],"pos":1.0,"size":1.0,"_time":16.78125},{"$id":"49","sounds":[{"d":0.2970295,"p":70,"v":82}],"pos":-2.0,"size":1.0,"_time":16.9296875},{"$id":"50","sounds":[{"d":0.1485157,"p":67,"v":72}],"pos":3.5,"size":1.0,"_time":17.2265625},{"$id":"51","sounds":[{"d":0.1485157,"p":70,"v":82}],"pos":-2.0,"size":1.0,"_time":17.375},{"$id":"52","sounds":[{"d":0.1485157,"p":74,"v":90}],"size":1.0,"_time":17.5234375},{"$id":"53","sounds":[{"d":0.2970295,"p":67,"v":72}],"pos":3.5,"size":1.0,"_time":17.671875},{"$id":"54","sounds":[{"d":0.4455452,"p":74,"v":90}],"size":1.0,"_time":17.96875},{"$id":"55","sounds":[{"d":0.1485157,"p":79,"v":96}],"pos":2.0,"size":1.0,"_time":18.4140625},{"$id":"56","sounds":[{"d":0.1485157,"p":70,"v":90}],"pos":4.0,"size":1.0,"_time":18.5625},{"$id":"57","sounds":[{"d":0.1485157,"p":74,"v":86}],"pos":1.0,"size":1.0,"_time":18.7109375},{"$id":"58","sounds":[{"d":0.1485157,"p":75,"v":96}],"pos":1.5,"size":1.0,"_time":18.8632813},{"$id":"59","sounds":[{"d":0.2970295,"p":42,"v":78},{"d":0.2970295,"p":54,"v":70}],"pos":-1.5,"size":2.0,"_time":19.0117188},{"$id":"60","sounds":[{"d":0.2970295,"p":77,"v":100}],"pos":2.0,"size":1.0,"_time":19.0117188},{"$id":"61","sounds":[{"d":0.1485157,"p":70,"v":86}],"pos":-1.0,"size":1.0,"_time":19.3085938},{"$id":"62","sounds":[{"d":0.1485157,"p":77,"v":100}],"pos":2.0,"size":1.0,"_time":19.4570313},{"$id":"63","sounds":[{"d":0.1485157,"p":65,"v":76}],"pos":4.5,"size":1.0,"_time":19.6054688},{"$id":"64","sounds":[{"d":0.1485157,"p":70,"v":86}],"pos":-1.0,"size":1.0,"_time":19.7539063},{"$id":"65","sounds":[{"d":0.1485157,"p":75,"v":90}],"pos":1.0,"size":1.0,"_time":19.9023438},{"$id":"66","sounds":[{"d":0.2970295,"p":65,"v":76}],"pos":4.5,"size":1.0,"_time":20.0507813},{"$id":"67","sounds":[{"d":0.1485157,"p":75,"v":90}],"pos":1.0,"size":1.0,"_time":20.3476563},{"$id":"68","sounds":[{"d":0.2970295,"p":70,"v":82}],"pos":-1.0,"size":1.0,"_time":20.4960938},{"$id":"69","sounds":[{"d":0.1485157,"p":65,"v":70}],"pos":7.0,"size":1.0,"_time":20.7929688},{"$id":"70","sounds":[{"d":0.1485157,"p":70,"v":82}],"pos":-1.0,"size":1.0,"_time":20.9414063},{"$id":"71","sounds":[{"d":0.1485157,"p":73,"v":90}],"size":1.0,"_time":21.0898438},{"$id":"72","sounds":[{"d":0.2970295,"p":65,"v":70}],"pos":7.0,"size":1.0,"_time":21.2382813},{"$id":"73","sounds":[{"d":0.1485157,"p":73,"v":90}],"size":1.0,"_time":21.5351563},{"$id":"74","sounds":[{"d":0.2970295,"p":65,"v":76}],"pos":7.0,"size":1.0,"_time":21.6835938},{"$id":"75","sounds":[{"d":0.1485157,"p":70,"v":78}],"pos":-1.0,"size":1.0,"_time":21.9804688},{"$id":"76","sounds":[{"d":0.1485157,"p":65,"v":76}],"pos":7.0,"size":1.0,"_time":22.1289063},{"$id":"77","sounds":[{"d":0.1485157,"p":75,"v":88}],"pos":1.0,"size":1.0,"_time":22.2773438},{"$id":"78","sounds":[{"d":0.2970295,"p":70,"v":78}],"pos":-1.0,"size":1.0,"_time":22.4257813},{"$id":"79","sounds":[{"d":0.1485157,"p":75,"v":88}],"pos":1.0,"size":1.0,"_time":22.7226563},{"$id":"80","sounds":[{"d":0.1485157,"p":65,"v":90}],"pos":4.0,"size":1.0,"_time":22.8710938},{"$id":"81","sounds":[{"d":0.1485157,"p":70,"v":94}],"pos":5.5,"size":1.0,"_time":23.0195313},{"$id":"82","sounds":[{"d":0.1485157,"p":72,"v":74}],"size":1.0,"_time":23.1679688},{"$id":"83","sounds":[{"d":0.1485157,"p":73,"v":84}],"pos":0.5,"size":1.0,"_time":23.3164063},{"$id":"84","sounds":[{"d":0.1485157,"p":75,"v":86}],"pos":1.0,"size":1.0,"_time":23.4648438},{"$id":"85","sounds":[{"d":0.1485157,"p":76,"v":82}],"pos":1.5,"size":1.0,"_time":23.6132813},{"$id":"86","sounds":[{"d":0.2970295,"p":42,"v":78},{"d":0.2970295,"p":54,"v":76}],"pos":-1.5,"size":2.0,"_time":23.7617188},{"$id":"87","sounds":[{"d":0.2970295,"p":77,"v":102}],"pos":2.0,"size":1.0,"_time":23.7617188},{"$id":"88","sounds":[{"d":0.1485157,"p":70,"v":76}],"pos":-2.0,"size":1.0,"_time":24.0585938},{"$id":"89","sounds":[{"d":0.1485157,"p":77,"v":102}],"pos":2.0,"size":1.0,"_time":24.2070313},{"$id":"90","sounds":[{"d":0.1485157,"p":65,"v":61}],"pos":7.0,"size":1.0,"_time":24.3554688},{"$id":"91","sounds":[{"d":0.1485157,"p":70,"v":76}],"pos":-2.0,"size":1.0,"_time":24.5039063},{"$id":"92","sounds":[{"d":0.1485157,"p":75,"v":94}],"pos":1.0,"size":1.0,"_time":24.6523438},{"$id":"93","sounds":[{"d":0.2970295,"p":65,"v":61}],"pos":7.0,"size":1.0,"_time":24.8007813},{"$id":"94","sounds":[{"d":0.1485157,"p":75,"v":94}],"pos":1.0,"size":1.0,"_time":25.0976563},{"$id":"95","sounds":[{"d":0.2970295,"p":70,"v":76}],"pos":-2.0,"size":1.0,"_time":25.2460938},{"$id":"96","sounds":[{"d":0.1485157,"p":65,"v":65}],"pos":6.5,"size":1.0,"_time":25.5429688},{"$id":"97","sounds":[{"d":0.1485157,"p":70,"v":76}],"pos":-2.0,"size":1.0,"_time":25.6914063},{"$id":"98","sounds":[{"d":0.1485157,"p":73,"v":92}],"size":1.0,"_time":25.8398438},{"$id":"99","sounds":[{"d":0.2970295,"p":65,"v":65}],"pos":6.5,"size":1.0,"_time":25.9882813},{"$id":"100","sounds":[{"d":0.1485157,"p":73,"v":92}],"size":1.0,"_time":26.2890625},{"$id":"101","sounds":[{"d":0.2970295,"p":65,"v":70}],"pos":6.5,"size":1.0,"_time":26.4375},{"$id":"102","sounds":[{"d":0.1485157,"p":70,"v":82}],"pos":-2.0,"size":1.0,"_time":26.734375},{"$id":"103","sounds":[{"d":0.1485157,"p":65,"v":70}],"pos":7.5,"size":1.0,"_time":26.8828125},{"$id":"104","sounds":[{"d":0.1485157,"p":75,"v":100}],"pos":1.0,"size":1.0,"_time":27.03125},{"$id":"105","sounds":[{"d":0.2970295,"p":70,"v":82}],"pos":-2.0,"size":1.0,"_time":27.1796875},{"$id":"106","sounds":[{"d":0.1485157,"p":75,"v":100}],"pos":1.0,"size":1.0,"_time":27.4765625},{"$id":"107","sounds":[{"d":0.1485157,"p":77,"v":96}],"pos":2.0,"size":1.0,"_time":27.625},{"$id":"108","sounds":[{"d":0.1485157,"p":70,"v":90}],"pos":6.5,"size":1.0,"_time":27.7734375},{"$id":"109","sounds":[{"d":0.1485157,"p":73,"v":90}],"size":1.0,"_time":27.921875},{"$id":"110","sounds":[{"d":0.1485157,"p":75,"v":88}],"pos":0.5,"size":1.0,"_time":28.0703125},{"$id":"111","sounds":[{"d":0.1485157,"p":76,"v":82}],"pos":1.0,"size":1.0,"_time":28.21875},{"$id":"112","sounds":[{"d":0.1485157,"p":77,"v":88}],"pos":1.5,"size":1.0,"_time":28.3671875},{"$id":"113","sounds":[{"d":0.594059,"p":56,"v":84},{"d":0.594059,"p":44,"v":78}],"pos":-1.5,"size":2.0,"_time":28.515625},{"$id":"114","sounds":[{"d":0.594059,"p":79,"v":104}],"pos":2.0,"size":1.0,"_time":28.515625},{"$id":"115","sounds":[{"d":0.2970295,"p":72,"v":84}],"pos":-2.0,"size":1.0,"_time":29.109375},{"$id":"116","sounds":[{"d":0.2970295,"p":74,"v":84}],"pos":-1.0,"size":1.0,"_time":29.40625},{"$id":"117","sounds":[{"d":0.594059,"p":75,"v":94}],"size":1.0,"_time":29.703125},{"$id":"118","sounds":[{"d":0.2970295,"p":72,"v":64}],"pos":-2.0,"size":1.0,"_time":30.296875},{"$id":"119","sounds":[{"d":0.2970295,"p":74,"v":88}],"pos":-1.0,"size":1.0,"_time":30.59375},{"$id":"120","sounds":[{"d":0.594059,"p":75,"v":92}],"size":1.0,"_time":30.890625},{"$id":"121","sounds":[{"d":0.2970295,"p":72,"v":82}],"pos":-2.0,"size":1.0,"_time":31.484375},{"$id":"122","sounds":[{"d":0.2970295,"p":74,"v":74}],"pos":-1.0,"size":1.0,"_time":31.78125},{"$id":"123","sounds":[{"d":0.2970314,"p":79,"v":92}],"pos":2.0,"size":1.0,"_time":32.078125},{"$id":"124","sounds":[{"d":0.2970314,"p":77,"v":102}],"pos":1.0,"size":1.0,"_time":32.375},{"$id":"125","sounds":[{"d":0.2970314,"p":75,"v":92}],"size":1.0,"_time":32.671875},{"$id":"126","sounds":[{"d":0.2970314,"p":58,"v":76},{"d":0.2970314,"p":46,"v":76}],"pos":6.0,"size":2.0,"_time":32.671875},{"$id":"127","sounds":[{"d":0.2970314,"p":74,"v":88}],"pos":-1.0,"size":1.0,"_time":32.96875},{"$id":"128","sounds":[{"d":0.2970314,"p":48,"v":72}],"pos":-2.0,"size":1.30000007,"_time":33.265625},{"$id":"129","sounds":[{"d":0.2970314,"p":70,"v":92}],"pos":1.0,"size":1.0,"_time":33.265625},{"$id":"130","sounds":[{"d":0.2970314,"p":55,"v":62}],"pos":-1.0,"size":1.30000007,"_time":33.5625},{"$id":"131","sounds":[{"d":0.2970314,"p":60,"v":74}],"size":1.30000007,"_time":33.86328},{"$id":"132","sounds":[{"d":0.594059,"p":65,"v":78}],"pos":1.0,"size":1.30000007,"_time":34.1601563},{"$id":"133","sounds":[{"d":0.2970314,"p":67,"v":90}],"size":1.0,"_time":34.7539063},{"$id":"134","sounds":[{"d":0.2970314,"p":65,"v":78}],"pos":-1.0,"size":1.0,"_time":35.05078},{"$id":"135","sounds":[{"d":0.594059,"p":63,"v":72},{"d":0.594059,"p":72,"v":84},{"d":0.594059,"p":67,"v":78}],"pos":1.0,"size":1.0,"_time":35.3476563},{"$id":"136","sounds":[{"d":0.594059,"p":48,"v":72}],"pos":6.5,"size":1.30000007,"_time":35.3476563},{"$id":"137","sounds":[{"d":0.2970314,"p":55,"v":74}],"pos":-1.0,"size":1.30000007,"_time":35.9414063},{"$id":"138","sounds":[{"d":0.594059,"p":60,"v":70}],"size":1.30000007,"_time":36.23828},{"$id":"139","sounds":[{"d":0.1485138,"p":63,"v":74}],"pos":5.5,"size":1.0,"_time":36.83203},{"$id":"140","sounds":[{"d":0.1485138,"p":72,"v":84},{"d":0.1485138,"p":67,"v":86}],"pos":2.0,"size":1.0,"_time":36.83203},{"$id":"141","sounds":[{"d":0.1485138,"p":65,"v":83}],"pos":6.0,"size":1.0,"_time":36.98047},{"$id":"142","sounds":[{"d":0.1485138,"p":66,"v":75}],"pos":7.0,"size":1.0,"_time":37.1289063},{"$id":"143","sounds":[{"d":0.1485138,"p":67,"v":86}],"pos":8.0,"size":1.0,"_time":37.2773438},{"$id":"144","sounds":[{"d":0.1485138,"p":70,"v":80}],"size":1.0,"_time":37.42578},{"$id":"145","sounds":[{"d":0.1485138,"p":74,"v":86}],"pos":0.5,"size":1.0,"_time":37.57422},{"$id":"146","sounds":[{"d":0.1485138,"p":75,"v":94}],"pos":1.0,"size":1.0,"_time":37.7226563},{"$id":"147","sounds":[{"d":0.1485138,"p":77,"v":88}],"pos":1.5,"size":1.0,"_time":37.8710938},{"$id":"148","sounds":[{"d":0.2970314,"p":44,"v":86}],"pos":-2.0,"size":1.30000007,"_time":38.01953},{"$id":"149","sounds":[{"d":0.2970314,"p":79,"v":94}],"pos":2.0,"size":1.0,"_time":38.01953},{"$id":"150","sounds":[{"d":0.2970314,"p":51,"v":68}],"pos":-1.0,"size":1.30000007,"_time":38.3164063},{"$id":"151","sounds":[{"d":0.2970314,"p":56,"v":72}],"size":1.30000007,"_time":38.61328},{"$id":"152","sounds":[{"d":0.594059,"p":70,"v":104}],"pos":1.0,"size":1.30000007,"_time":38.9101563},{"$id":"153","sounds":[{"d":0.2970314,"p":72,"v":88}],"size":1.0,"_time":39.5039063},{"$id":"154","sounds":[{"d":0.2970314,"p":75,"v":90}],"pos":2.0,"size":1.0,"_time":39.80078},{"$id":"155","sounds":[{"d":1.188118,"p":67,"v":100},{"d":1.188118,"p":70,"v":78}],"pos":1.0,"size":1.0,"_time":40.0976563},{"$id":"156","sounds":[{"d":1.188118,"p":44,"v":84},{"d":1.188118,"p":56,"v":66}],"pos":-1.0,"size":1.30000007,"_time":40.0976563},{"$id":"157","sounds":[{"d":0.1485138,"p":70,"v":86}],"pos":1.0,"size":1.0,"_time":41.2890625},{"$id":"158","sounds":[{"d":0.1485138,"p":74,"v":86}],"pos":1.5,"size":1.0,"_time":41.4375},{"$id":"159","sounds":[{"d":0.2970314,"p":75,"v":94},{"d":0.2970314,"p":67,"v":5}],"pos":2.0,"size":1.0,"_time":41.5859375},{"$id":"160","sounds":[{"d":0.2970314,"p":74,"v":90}],"pos":1.0,"size":1.0,"_time":41.8828125},{"$id":"161","sounds":[{"d":0.2970314,"p":70,"v":94}],"size":1.0,"_time":42.1796875},{"$id":"162","sounds":[{"d":0.2970314,"p":65,"v":92}],"pos":1.0,"size":1.0,"_time":42.4765625},{"$id":"163","sounds":[{"d":0.2970314,"p":46,"v":74},{"d":0.2970314,"p":58,"v":78}],"pos":-2.0,"size":1.30000007,"_time":42.4765625},{"$id":"164","sounds":[{"d":0.594059,"p":48,"v":86}],"pos":-1.0,"size":1.30000007,"_time":42.7734375},{"$id":"165","sounds":[{"d":0.2970314,"p":55,"v":61}],"size":1.30000007,"_time":43.3671875},{"$id":"166","sounds":[{"d":0.594059,"p":60,"v":68}],"pos":1.0,"size":1.30000007,"_time":43.6640625},{"$id":"167","sounds":[{"d":0.2970314,"p":65,"v":69}],"pos":-1.0,"size":1.30000007,"_time":44.2578125},{"$id":"168","sounds":[{"d":0.1485138,"p":67,"v":68}],"size":1.0,"_time":44.5546875},{"$id":"169","sounds":[{"d":0.1485138,"p":70,"v":68}],"pos":0.5,"size":1.0,"_time":44.703125},{"$id":"170","sounds":[{"d":0.594059,"p":74,"v":94},{"d":0.594059,"p":63,"v":72},{"d":0.594059,"p":67,"v":98}],"pos":1.0,"size":1.0,"_time":44.8515625},{"$id":"171","sounds":[{"d":0.594059,"p":48,"v":74}],"pos":-2.0,"size":1.30000007,"_time":44.8515625},{"$id":"172","sounds":[{"d":0.2970314,"p":55,"v":54}],"pos":-2.0,"size":1.30000007,"_time":45.4453125},{"$id":"173","sounds":[{"d":0.2970314,"p":60,"v":68}],"pos":-1.0,"size":1.30000007,"_time":45.7421875},{"$id":"174","sounds":[{"d":0.594059,"p":75,"v":92},{"d":0.594059,"p":67,"v":72}],"pos":2.0,"size":1.0,"_time":46.0390625},{"$id":"175","sounds":[{"d":0.594059,"p":63,"v":58}],"size":1.30000007,"_time":46.0390625},{"$id":"176","sounds":[{"d":0.1485138,"p":87,"v":99}],"pos":2.0,"size":1.0,"_time":46.6328125},{"$id":"177","sounds":[{"d":0.1485138,"p":86,"v":83}],"pos":1.5,"size":1.0,"_time":46.78125},{"$id":"178","sounds":[{"d":0.1485138,"p":82,"v":93}],"pos":1.0,"size":1.0,"_time":46.9296875},{"$id":"179","sounds":[{"d":0.1485138,"p":79,"v":87}],"pos":0.5,"size":1.0,"_time":47.078125},{"$id":"180","sounds":[{"d":0.1485138,"p":77,"v":85}],"size":1.0,"_time":47.2265625},{"$id":"181","sounds":[{"d":0.1485138,"p":75,"v":83}],"pos":-0.5,"size":1.0,"_time":47.375},{"$id":"182","sounds":[{"d":0.594059,"p":55,"v":64},{"d":0.594059,"p":43,"v":74}],"pos":6.5,"size":1.30000007,"_time":47.5234375},{"$id":"183","sounds":[{"d":0.594059,"p":70,"v":82},{"d":0.594059,"p":65,"v":68},{"d":0.594059,"p":77,"v":88}],"pos":-1.0,"size":1.50000012,"_time":47.5234375},{"$id":"184","sounds":[{"d":0.594059,"p":55,"v":56}],"pos":-1.0,"size":1.30000007,"_time":48.1171875},{"$id":"185","sounds":[{"d":0.2970314,"p":55,"v":64}],"pos":-1.0,"size":1.30000007,"_time":48.7148438},{"$id":"186","sounds":[{"d":0.1485138,"p":70,"v":92},{"d":0.1485138,"p":77,"v":102},{"d":0.1485138,"p":65,"v":76}],"pos":1.5,"size":1.50000012,"_time":49.01172},{"$id":"187","sounds":[{"d":0.4455452,"p":55,"v":55}],"pos":-1.0,"size":1.30000007,"_time":49.1601563},{"$id":"188","sounds":[{"d":0.594059,"p":48,"v":76}],"pos":-2.0,"size":1.30000007,"_time":49.60547},{"$id":"189","sounds":[{"d":0.594059,"p":70,"v":100},{"d":0.594059,"p":67,"v":96},{"d":0.594059,"p":77,"v":100}],"pos":1.5,"size":1.50000012,"_time":49.60547},{"$id":"190","sounds":[{"d":0.2970314,"p":55,"v":70}],"pos":-1.0,"size":1.30000007,"_time":50.19922},{"$id":"191","sounds":[{"d":0.2970314,"p":67,"v":65},{"d":0.2970314,"p":70,"v":88},{"d":0.2970314,"p":75,"v":76}],"pos":1.0,"size":1.50000012,"_time":50.19922},{"$id":"192","sounds":[{"d":0.594059,"p":67,"v":92},{"d":0.594059,"p":70,"v":92},{"d":0.594059,"p":75,"v":96}],"pos":1.0,"size":1.50000012,"_time":50.4960938},{"$id":"193","sounds":[{"d":0.594059,"p":60,"v":23}],"pos":-1.0,"size":1.30000007,"_time":50.4960938},{"$id":"194","sounds":[{"d":0.2970314,"p":60,"v":68}],"pos":-2.0,"size":1.30000007,"_time":51.0898438},{"$id":"195","sounds":[{"d":0.2970314,"p":67,"v":84}],"size":1.0,"_time":51.38672},{"$id":"196","sounds":[{"d":0.1485138,"p":67,"v":100}],"size":1.0,"_time":51.6835938},{"$id":"197","sounds":[{"d":0.1485138,"p":72,"v":94}],"pos":0.5,"size":1.0,"_time":51.83203},{"$id":"198","sounds":[{"d":0.1485138,"p":73,"v":92}],"pos":1.0,"size":1.0,"_time":51.98047},{"$id":"199","sounds":[{"d":0.1485138,"p":74,"v":94}],"pos":1.5,"size":1.0,"_time":52.1289063},{"$id":"200","sounds":[{"d":0.2970314,"p":41,"v":82}],"pos":-2.0,"size":1.30000007,"_time":52.2773438},{"$id":"201","sounds":[{"d":0.2970314,"p":75,"v":96},{"d":0.2970314,"p":68,"v":82}],"pos":2.0,"size":1.0,"_time":52.2773438},{"$id":"202","sounds":[{"d":0.2970314,"p":48,"v":64}],"pos":-1.0,"size":1.30000007,"_time":52.57422},{"$id":"203","sounds":[{"d":0.2970314,"p":53,"v":72}],"size":1.30000007,"_time":52.8710938},{"$id":"204","sounds":[{"d":0.2970314,"p":56,"v":56}],"pos":1.0,"size":1.30000007,"_time":53.16797},{"$id":"205","sounds":[{"d":1.188118,"p":60,"v":64}],"pos":2.0,"size":1.30000007,"_time":53.4648438},{"$id":"206","sounds":[{"d":0.2970314,"p":68,"v":80},{"d":0.2970314,"p":65,"v":78},{"d":0.2970314,"p":75,"v":88},{"d":0.2970314,"p":72,"v":70}],"pos":1.0,"size":1.50000012,"_time":54.6523438},{"$id":"207","sounds":[{"d":0.2970314,"p":46,"v":82}],"pos":-2.0,"size":1.30000007,"_time":54.6523438},{"$id":"208","sounds":[{"d":0.2970314,"p":53,"v":72}],"pos":-1.0,"size":1.30000007,"_time":54.94922},{"$id":"209","sounds":[{"d":0.2970314,"p":58,"v":76}],"size":1.30000007,"_time":55.2460938},{"$id":"210","sounds":[{"d":0.2970314,"p":68,"v":67},{"d":0.2970314,"p":74,"v":77},{"d":0.2970314,"p":71,"v":69},{"d":0.2970314,"p":77,"v":69}],"pos":2.0,"size":1.50000012,"_time":55.54297},{"$id":"211","sounds":[{"d":0.2970314,"p":53,"v":82}],"pos":5.0,"size":1.30000007,"_time":55.54297},{"$id":"212","sounds":[{"d":0.2970314,"p":71,"v":71},{"d":0.2970314,"p":68,"v":79},{"d":0.2970314,"p":77,"v":67},{"d":0.2970314,"p":74,"v":65}],"pos":2.0,"size":1.50000012,"_time":55.8398438},{"$id":"213","sounds":[{"d":0.2970314,"p":58,"v":80}],"pos":6.0,"size":1.30000007,"_time":55.8398438},{"$id":"214","sounds":[{"d":0.2970314,"p":62,"v":80}],"pos":-1.0,"size":1.30000007,"_time":56.140625},{"$id":"215","sounds":[{"d":0.594059,"p":65,"v":76}],"pos":1.0,"size":1.30000007,"_time":56.4375},{"$id":"216","sounds":[{"d":0.594059,"p":44,"v":72}],"pos":-2.0,"size":1.30000007,"_time":57.03125},{"$id":"217","sounds":[{"d":0.594059,"p":72,"v":69},{"d":0.594059,"p":79,"v":92}],"pos":2.0,"size":1.0,"_time":57.03125},{"$id":"218","sounds":[{"d":0.594059,"p":51,"v":76}],"size":1.30000007,"_time":57.625},{"$id":"219","sounds":[{"d":0.2970314,"p":56,"v":56},{"d":0.2970314,"p":44,"v":58}],"pos":-1.0,"size":1.30000007,"_time":58.21875},{"$id":"220","sounds":[{"d":0.594059,"p":79,"v":94},{"d":0.594059,"p":70,"v":96},{"d":0.594059,"p":72,"v":98}],"pos":2.0,"size":1.50000012,"_time":58.515625},{"$id":"221","sounds":[{"d":0.594059,"p":56,"v":84},{"d":0.594059,"p":44,"v":74}],"pos":-1.0,"size":1.30000007,"_time":58.515625},{"$id":"222","sounds":[{"d":1.48514938,"p":74,"v":92},{"d":1.48514938,"p":77,"v":98},{"d":1.48514938,"p":70,"v":94}],"pos":1.0,"size":1.50000012,"_time":59.109375},{"$id":"223","sounds":[{"d":1.48514938,"p":55,"v":74},{"d":1.48514938,"p":43,"v":76}],"pos":-2.0,"size":1.30000007,"_time":59.109375},{"$id":"224","sounds":[{"d":0.2970314,"p":43,"v":58},{"d":0.2970314,"p":55,"v":58}],"pos":-1.0,"size":1.30000007,"_time":60.59375},{"$id":"225","sounds":[{"d":0.594059,"p":77,"v":90},{"d":0.594059,"p":70,"v":86},{"d":0.594059,"p":74,"v":84}],"pos":1.0,"size":1.30000007,"_time":60.890625},{"$id":"226","sounds":[{"d":0.594059,"p":43,"v":62},{"d":0.594059,"p":55,"v":72}],"pos":-1.0,"size":1.30000007,"_time":60.890625},{"$id":"227","sounds":[{"d":2.67326736,"p":68,"v":82},{"d":2.67326736,"p":73,"v":84},{"d":2.67326736,"p":77,"v":90},{"d":2.67326736,"p":70,"v":94}],"pos":1.0,"size":1.30000007,"_time":61.484375},{"$id":"228","sounds":[{"d":2.67326736,"p":42,"v":72},{"d":2.67326736,"p":54,"v":68}],"pos":-2.0,"size":1.30000007,"_time":61.484375},{"$id":"229","sounds":[{"d":0.1485138,"p":48,"v":64},{"d":0.1485138,"p":60,"v":68}],"pos":5.5,"size":1.49999988,"_time":64.16016},{"$id":"230","sounds":[{"d":0.1485138,"p":77,"v":98}],"pos":1.5,"size":1.0,"_time":64.16016},{"$id":"231","sounds":[{"d":0.1485138,"p":74,"v":90}],"pos":1.0,"size":1.0,"_time":64.30859},{"$id":"232","sounds":[{"d":0.1485138,"p":70,"v":94}],"pos":0.5,"size":1.0,"_time":64.45703},{"$id":"233","sounds":[{"d":0.1485138,"p":67,"v":82}],"size":1.0,"_time":64.60547},{"$id":"234","sounds":[{"d":0.1485138,"p":65,"v":78}],"pos":-0.5,"size":1.0,"_time":64.75391},{"$id":"235","sounds":[{"d":0.1485138,"p":60,"v":70}],"pos":-1.0,"size":1.0,"_time":64.90234},{"$id":"236","sounds":[{"d":0.1485138,"p":62,"v":64}],"pos":-1.5,"size":1.0,"_time":65.05078},{"$id":"237","sounds":[{"d":0.1485138,"p":65,"v":68}],"pos":-2.0,"size":1.0,"_time":65.19922},{"$id":"238","sounds":[{"d":0.1485138,"p":67,"v":98}],"pos":-1.5,"size":1.0,"_time":65.34766},{"$id":"239","sounds":[{"d":0.1485138,"p":70,"v":98}],"pos":-1.0,"size":1.0,"_time":65.49609},{"$id":"240","sounds":[{"d":0.1485138,"p":74,"v":90}],"pos":-0.5,"size":1.0,"_time":65.64453},{"$id":"241","sounds":[{"d":0.1485138,"p":77,"v":88}],"size":1.0,"_time":65.79297},{"$id":"242","sounds":[{"d":0.1485138,"p":74,"v":80}],"pos":0.5,"size":1.0,"_time":65.94141},{"$id":"243","sounds":[{"d":0.1485138,"p":77,"v":86}],"pos":1.0,"size":1.0,"_time":66.08984},{"$id":"244","sounds":[{"d":0.1485138,"p":79,"v":92}],"pos":1.5,"size":1.0,"_time":66.23828},{"$id":"245","sounds":[{"d":0.1485138,"p":82,"v":92}],"pos":2.0,"size":1.0,"_time":66.38672},{"$id":"246","sounds":[{"d":0.1485138,"p":48,"v":74}],"pos":7.0,"size":1.49999988,"_time":66.53516},{"$id":"247","sounds":[{"d":0.1485138,"p":76,"v":96}],"pos":1.5,"size":1.0,"_time":66.53516},{"$id":"248","sounds":[{"d":0.1485138,"p":70,"v":86}],"pos":0.5,"size":1.0,"_time":66.68359},{"$id":"249","sounds":[{"d":0.1485138,"p":67,"v":88}],"pos":-0.5,"size":1.0,"_time":66.83203},{"$id":"250","sounds":[{"d":0.1485138,"p":64,"v":66}],"pos":-1.5,"size":1.0,"_time":66.98047},{"$id":"251","sounds":[{"d":0.1485138,"p":55,"v":76}],"pos":5.875,"size":1.0,"_time":67.12891},{"$id":"252","sounds":[{"d":0.1485138,"p":64,"v":84}],"pos":-1.0,"size":1.0,"_time":67.12891},{"$id":"253","sounds":[{"d":0.1485138,"p":67,"v":90}],"pos":-0.5,"size":1.0,"_time":67.27734},{"$id":"254","sounds":[{"d":0.1485138,"p":70,"v":94}],"size":1.0,"_time":67.42578},{"$id":"255","sounds":[{"d":0.1485138,"p":74,"v":90}],"pos":0.5,"size":1.0,"_time":67.57422},{"$id":"256","sounds":[{"d":0.1485138,"p":60,"v":76}],"pos":6.5,"size":1.0,"_time":67.72266},{"$id":"257","sounds":[{"d":0.1485138,"p":48,"v":76}],"pos":5.0,"size":1.0,"_time":67.72266},{"$id":"258","sounds":[{"d":0.1485138,"p":76,"v":96}],"pos":-2.0,"size":1.0,"_time":67.72266},{"$id":"259","sounds":[{"d":0.1485138,"p":79,"v":94}],"size":1.0,"_time":67.87109},{"$id":"260","sounds":[{"d":0.1485138,"p":76,"v":92}],"pos":-2.0,"size":1.0,"_time":68.01953},{"$id":"261","sounds":[{"d":0.1485138,"p":82,"v":90}],"pos":1.0,"size":1.0,"_time":68.16797},{"$id":"262","sounds":[{"d":0.1485138,"p":79,"v":86}],"pos":-1.0,"size":1.0,"_time":68.31641},{"$id":"263","sounds":[{"d":0.1485138,"p":82,"v":88}],"size":1.0,"_time":68.46484},{"$id":"264","sounds":[{"d":0.1485138,"p":86,"v":96}],"pos":1.0,"size":1.0,"_time":68.61328},{"$id":"265","sounds":[{"d":1.813118,"p":88,"v":94}],"pos":2.0,"size":1.0,"_time":68.76172},{"$id":"266","sounds":[{"d":0.0371322632,"p":72,"v":77}],"size":1.0,"_time":70.57422},{"$id":"267","sounds":[{"d":0.0804443359,"p":75,"v":79}],"pos":0.5,"size":1.0,"_time":70.61328},{"$id":"268","sounds":[{"d":1.48514557,"p":84,"v":83}],"pos":1.5,"size":1.0,"_time":70.69141},{"$id":"269","sounds":[{"d":0.1485138,"p":79,"v":77}],"pos":2.0,"size":1.0,"_time":72.17969},{"$id":"270","sounds":[{"d":0.1485138,"p":75,"v":75}],"pos":1.5,"size":1.0,"_time":72.328125},{"$id":"271","sounds":[{"d":0.2970276,"p":72,"v":77}],"pos":1.0,"size":1.0,"_time":72.47656},{"$id":"272","sounds":[{"d":0.1485138,"p":63,"v":59}],"pos":-1.0,"size":1.0,"_time":72.77344},{"$id":"273","sounds":[{"d":0.2970276,"p":67,"v":83}],"pos":1.0,"size":1.0,"_time":72.921875},{"$id":"274","sounds":[{"d":0.1485138,"p":60,"v":59}],"pos":-2.0,"size":1.0,"_time":73.21875},{"$id":"275","sounds":[{"d":0.2970276,"p":63,"v":63}],"size":1.0,"_time":73.36719},{"$id":"276","sounds":[{"d":1.78218079,"p":60,"v":77}],"pos":-2.0,"size":1.0,"_time":73.66406},{"$id":"277","sounds":[{"d":0.1485138,"p":67,"v":75}],"pos":-2.0,"size":1.0,"_time":75.44531},{"$id":"278","sounds":[{"d":0.1485138,"p":72,"v":73}],"pos":-1.5,"size":1.0,"_time":75.59375},{"$id":"279","sounds":[{"d":0.1485138,"p":75,"v":81}],"pos":-1.0,"size":1.0,"_time":75.74219},{"$id":"280","sounds":[{"d":0.1485138,"p":79,"v":87}],"pos":-0.5,"size":1.0,"_time":75.890625},{"$id":"281","sounds":[{"d":0.5940628,"p":67,"v":57}],"pos":5.0,"size":1.0,"_time":76.03906},{"$id":"282","sounds":[{"d":0.1485138,"p":72,"v":57}],"size":1.0,"_time":76.63281},{"$id":"283","sounds":[{"d":0.1485138,"p":75,"v":75}],"pos":0.5,"size":1.0,"_time":76.78125},{"$id":"284","sounds":[{"d":0.2970276,"p":79,"v":67}],"pos":1.0,"size":1.0,"_time":76.92969},{"$id":"285","sounds":[{"d":0.2970276,"p":84,"v":79}],"pos":-1.0,"size":1.0,"_time":77.22656},{"$id":"286","sounds":[{"d":1.33663177,"p":87,"v":81}],"pos":2.0,"size":1.0,"_time":77.52344},{"$id":"287","sounds":[{"d":0.0433197021,"p":77,"v":56}],"pos":0.5,"size":1.0,"_time":78.86328},{"$id":"288","sounds":[{"d":0.105201721,"p":82,"v":65}],"pos":1.0,"size":1.0,"_time":78.90625},{"$id":"289","sounds":[{"d":0.2970276,"p":89,"v":81}],"pos":2.0,"size":1.0,"_time":79.01172},{"$id":"290","sounds":[{"d":0.2970276,"p":85,"v":65}],"size":1.0,"_time":79.30859},{"$id":"291","sounds":[{"d":0.1485138,"p":82,"v":77}],"pos":2.0,"size":1.0,"_time":79.60547},{"$id":"292","sounds":[{"d":0.1485138,"p":77,"v":85}],"pos":1.5,"size":1.0,"_time":79.75391},{"$id":"293","sounds":[{"d":0.1485138,"p":73,"v":71}],"pos":1.0,"size":1.0,"_time":79.90234},{"$id":"294","sounds":[{"d":0.1485138,"p":70,"v":67}],"pos":0.5,"size":1.0,"_time":80.05078},{"$id":"295","sounds":[{"d":0.1485138,"p":65,"v":77}],"size":1.0,"_time":80.19922},{"$id":"296","sounds":[{"d":0.1485138,"p":61,"v":61}],"pos":-0.5,"size":1.0,"_time":80.34766},{"$id":"297","sounds":[{"d":0.1485138,"p":58,"v":61}],"pos":-1.0,"size":1.0,"_time":80.49609},{"$id":"298","sounds":[{"d":0.1485138,"p":53,"v":61}],"pos":-1.5,"size":1.0,"_time":80.64453},{"$id":"299","sounds":[{"d":1.78218079,"p":49,"v":61}],"pos":-2.0,"size":1.0,"_time":80.79297},{"$id":"300","sounds":[{"d":0.1485138,"p":53,"v":75}],"pos":-2.0,"size":1.0,"_time":82.57422},{"$id":"301","sounds":[{"d":0.1485138,"p":58,"v":83}],"pos":-1.5,"size":1.0,"_time":82.72266},{"$id":"302","sounds":[{"d":0.1485138,"p":61,"v":71}],"pos":-1.0,"size":1.0,"_time":82.87109},{"$id":"303","sounds":[{"d":0.1485138,"p":65,"v":79}],"pos":-0.5,"size":1.0,"_time":83.01953},{"$id":"304","sounds":[{"d":0.445541382,"p":58,"v":75}],"pos":-1.0,"size":1.0,"_time":83.16797},{"$id":"305","sounds":[{"d":0.2970276,"p":61,"v":71}],"size":1.0,"_time":83.61328},{"$id":"306","sounds":[{"d":0.2970276,"p":65,"v":67}],"pos":1.0,"size":1.0,"_time":83.91016},{"$id":"307","sounds":[{"d":0.1485138,"p":70,"v":63}],"pos":-0.5,"size":1.0,"_time":84.20703},{"$id":"308","sounds":[{"d":0.1485138,"p":65,"v":77}],"pos":4.0,"size":1.0,"_time":84.35547},{"$id":"309","sounds":[{"d":0.1485138,"p":70,"v":65}],"pos":0.5,"size":1.0,"_time":84.50391},{"$id":"310","sounds":[{"d":0.2970276,"p":73,"v":67}],"pos":1.0,"size":1.0,"_time":84.65234},{"$id":"311","sounds":[{"d":0.2970276,"p":77,"v":73}],"pos":2.0,"size":1.0,"_time":84.94922},{"$id":"312","sounds":[{"d":0.1485138,"p":73,"v":63}],"pos":-2.0,"size":1.0,"_time":85.24609},{"$id":"313","sounds":[{"d":0.1485138,"p":77,"v":75}],"pos":-1.5,"size":1.0,"_time":85.39453},{"$id":"314","sounds":[{"d":0.1485138,"p":82,"v":50}],"pos":1.0,"size":1.0,"_time":85.54297},{"$id":"315","sounds":[{"d":0.1485138,"p":77,"v":65}],"pos":-1.5,"size":1.0,"_time":85.69141},{"$id":"316","sounds":[{"d":0.1485138,"p":82,"v":65}],"pos":1.0,"size":1.0,"_time":85.83984},{"$id":"317","sounds":[{"d":0.1485138,"p":85,"v":56}],"pos":-1.0,"size":1.0,"_time":85.98828},{"$id":"318","sounds":[{"d":0.1485138,"p":82,"v":77}],"pos":1.0,"size":1.0,"_time":86.13672},{"$id":"319","sounds":[{"d":0.1485138,"p":85,"v":77}],"pos":-1.0,"size":1.0,"_time":86.28906},{"$id":"320","sounds":[{"d":0.1485138,"p":89,"v":77}],"pos":1.5,"size":1.0,"_time":86.4375},{"$id":"321","sounds":[{"d":0.1485138,"p":85,"v":62}],"pos":-1.0,"size":1.0,"_time":86.58594},{"$id":"322","sounds":[{"d":1.188118,"p":94,"v":87}],"pos":2.0,"size":1.0,"_time":86.734375},{"$id":"323","sounds":[{"d":0.2970276,"p":47,"v":69}],"pos":-2.0,"size":1.30000007,"_time":87.921875},{"$id":"324","sounds":[{"d":0.2970276,"p":87,"v":95},{"d":0.2970276,"p":82,"v":95}],"pos":1.0,"size":1.0,"_time":87.921875},{"$id":"325","sounds":[{"d":0.2970276,"p":54,"v":45}],"pos":-1.0,"size":1.30000007,"_time":88.21875},{"$id":"326","sounds":[{"d":0.2970276,"p":59,"v":51}],"size":1.30000007,"_time":88.515625},{"$id":"327","sounds":[{"d":0.5940628,"p":82,"v":73},{"d":0.5940628,"p":90,"v":97}],"pos":2.0,"size":1.0,"_time":88.8125},{"$id":"328","sounds":[{"d":0.2970276,"p":89,"v":95},{"d":0.2970276,"p":82,"v":83}],"pos":2.0,"size":1.0,"_time":89.40625},{"$id":"329","sounds":[{"d":0.2970276,"p":87,"v":87},{"d":0.2970276,"p":82,"v":66}],"pos":1.0,"size":1.0,"_time":89.703125},{"$id":"330","sounds":[{"d":0.8910904,"p":80,"v":89},{"d":0.8910904,"p":85,"v":95}],"size":1.0,"_time":90.0},{"$id":"331","sounds":[{"d":0.2970276,"p":59,"v":59}],"pos":-2.0,"size":1.30000007,"_time":90.890625},{"$id":"332","sounds":[{"d":0.1485138,"p":85,"v":63},{"d":0.1485138,"p":80,"v":51}],"pos":1.0,"size":1.0,"_time":91.1875},{"$id":"333","sounds":[{"d":0.1485138,"p":87,"v":81}],"pos":1.5,"size":1.0,"_time":91.33594},{"$id":"334","sounds":[{"d":0.2970276,"p":80,"v":65},{"d":0.2970276,"p":89,"v":93}],"pos":2.0,"size":1.0,"_time":91.484375},{"$id":"335","sounds":[{"d":0.2970276,"p":87,"v":89}],"pos":1.0,"size":1.0,"_time":91.78125},{"$id":"336","sounds":[{"d":0.2970276,"p":59,"v":39}],"pos":7.0,"size":1.30000007,"_time":92.078125},{"$id":"337","sounds":[{"d":0.2970276,"p":85,"v":85}],"size":1.0,"_time":92.078125},{"$id":"338","sounds":[{"d":0.2970276,"p":80,"v":85}],"pos":-1.0,"size":1.0,"_time":92.375},{"$id":"339","sounds":[{"d":0.2970276,"p":46,"v":57}],"pos":-2.0,"size":1.30000007,"_time":92.671875},{"$id":"340","sounds":[{"d":0.2970276,"p":80,"v":81},{"d":0.2970276,"p":77,"v":81},{"d":0.2970276,"p":85,"v":87}],"size":1.50000012,"_time":92.671875},{"$id":"341","sounds":[{"d":0.2970276,"p":53,"v":41}],"pos":-1.0,"size":1.30000007,"_time":92.96875},{"$id":"342","sounds":[{"d":0.5940628,"p":58,"v":53}],"size":1.30000007,"_time":93.265625},{"$id":"343","sounds":[{"d":0.2970276,"p":58,"v":47}],"pos":-1.0,"size":1.30000007,"_time":93.86328},{"$id":"344","sounds":[{"d":0.2970276,"p":80,"v":77}],"size":1.0,"_time":94.16016},{"$id":"345","sounds":[{"d":0.2970276,"p":82,"v":81}],"pos":1.0,"size":1.0,"_time":94.45703},{"$id":"346","sounds":[{"d":0.5940628,"p":51,"v":53}],"pos":-2.0,"size":1.30000007,"_time":94.75391},{"$id":"347","sounds":[{"d":0.5940628,"p":78,"v":85},{"d":0.5940628,"p":82,"v":87},{"d":0.5940628,"p":73,"v":85}],"pos":1.0,"size":1.50000012,"_time":94.75391},{"$id":"348","sounds":[{"d":0.2970276,"p":58,"v":30}],"pos":-1.0,"size":1.0,"_time":95.34766},{"$id":"349","sounds":[{"d":0.2970276,"p":63,"v":53}],"pos":1.0,"size":1.0,"_time":95.64453},{"$id":"350","sounds":[{"d":0.1485138,"p":70,"v":83}],"pos":-2.0,"size":1.0,"_time":95.94141},{"$id":"351","sounds":[{"d":0.1485138,"p":71,"v":93}],"pos":-1.5,"size":1.0,"_time":96.08984},{"$id":"352","sounds":[{"d":0.1485138,"p":73,"v":85}],"pos":-1.0,"size":1.0,"_time":96.23828},{"$id":"353","sounds":[{"d":0.1485138,"p":63,"v":51}],"pos":6.875,"size":1.0,"_time":96.23828},{"$id":"354","sounds":[{"d":0.1485138,"p":75,"v":85}],"pos":4.0,"size":1.0,"_time":96.38672},{"$id":"355","sounds":[{"d":0.1485138,"p":77,"v":83}],"pos":4.5,"size":1.0,"_time":96.53516},{"$id":"356","sounds":[{"d":0.1485138,"p":78,"v":79}],"pos":5.0,"size":1.0,"_time":96.68359},{"$id":"357","sounds":[{"d":0.1485138,"p":80,"v":85}],"size":1.0,"_time":96.83203},{"$id":"358","sounds":[{"d":0.1485138,"p":51,"v":65}],"pos":5.375,"size":1.0,"_time":96.83203},{"$id":"359","sounds":[{"d":0.1485138,"p":63,"v":55}],"pos":6.875,"size":1.0,"_time":96.83203},{"$id":"360","sounds":[{"d":0.1485138,"p":81,"v":87}],"pos":0.5,"size":1.0,"_time":96.98047},{"$id":"361","sounds":[{"d":0.1485138,"p":58,"v":13}],"pos":6.25,"size":1.0,"_time":97.12891},{"$id":"362","sounds":[{"d":0.1485138,"p":82,"v":83}],"pos":1.0,"size":1.0,"_time":97.12891},{"$id":"363","sounds":[{"d":0.1485138,"p":85,"v":83}],"pos":1.5,"size":1.0,"_time":97.27734},{"$id":"364","sounds":[{"d":0.2970276,"p":87,"v":89},{"d":0.2970276,"p":78,"v":81},{"d":0.2970276,"p":82,"v":81}],"pos":2.0,"size":1.50000012,"_time":97.42578},{"$id":"365","sounds":[{"d":0.2970276,"p":44,"v":59}],"pos":-2.0,"size":1.30000007,"_time":97.42578},{"$id":"366","sounds":[{"d":0.2970276,"p":51,"v":39}],"pos":-1.0,"size":1.30000007,"_time":97.72266},{"$id":"367","sounds":[{"d":0.5940628,"p":56,"v":55}],"size":1.30000007,"_time":98.01953},{"$id":"368","sounds":[{"d":0.2970276,"p":56,"v":26},{"d":0.2970276,"p":51,"v":39}],"pos":-2.0,"size":1.2,"_time":98.61328},{"$id":"369","sounds":[{"d":0.2970276,"p":82,"v":85}],"size":1.0,"_time":98.91016},{"$id":"370","sounds":[{"d":0.2970276,"p":87,"v":79}],"pos":1.0,"size":1.0,"_time":99.20703},{"$id":"371","sounds":[{"d":0.5940628,"p":90,"v":83},{"d":0.5940628,"p":78,"v":83},{"d":0.5940628,"p":81,"v":83}],"pos":2.0,"size":1.50000012,"_time":99.50391},{"$id":"372","sounds":[{"d":0.5940628,"p":59,"v":55},{"d":0.5940628,"p":47,"v":55}],"pos":-1.0,"size":1.2,"_time":99.50391},{"$id":"373","sounds":[{"d":0.5940628,"p":88,"v":77},{"d":0.5940628,"p":78,"v":79},{"d":0.5940628,"p":81,"v":79}],"pos":1.0,"size":1.50000012,"_time":100.097656},{"$id":"374","sounds":[{"d":0.8910904,"p":59,"v":41},{"d":0.8910904,"p":47,"v":49}],"pos":-1.0,"size":1.2,"_time":100.691406},{"$id":"375","sounds":[{"d":0.8910904,"p":81,"v":79},{"d":0.8910904,"p":78,"v":79},{"d":0.8910904,"p":88,"v":89}],"pos":1.0,"size":1.50000012,"_time":100.691406},{"$id":"376","sounds":[{"d":0.1485138,"p":59,"v":55}],"pos":6.375,"size":1.0,"_time":101.585938},{"$id":"377","sounds":[{"d":0.1485138,"p":88,"v":41}],"pos":2.0,"size":1.0,"_time":101.585938},{"$id":"378","sounds":[{"d":0.1485138,"p":85,"v":85}],"pos":1.5,"size":1.0,"_time":101.734375},{"$id":"379","sounds":[{"d":0.1485138,"p":81,"v":81}],"pos":1.0,"size":1.0,"_time":101.882813},{"$id":"380","sounds":[{"d":0.1485138,"p":78,"v":75}],"pos":0.5,"size":1.0,"_time":102.03125},{"$id":"381","sounds":[{"d":0.2970276,"p":46,"v":49}],"pos":-2.0,"size":1.30000007,"_time":102.179688},{"$id":"382","sounds":[{"d":0.2970276,"p":80,"v":75},{"d":0.2970276,"p":77,"v":75},{"d":0.2970276,"p":85,"v":83}],"size":1.50000012,"_time":102.179688},{"$id":"383","sounds":[{"d":0.2970276,"p":53,"v":38}],"pos":-1.0,"size":1.30000007,"_time":102.476563},{"$id":"384","sounds":[{"d":0.2970276,"p":58,"v":49}],"size":1.30000007,"_time":102.773438},{"$id":"385","sounds":[{"d":0.2970276,"p":53,"v":51}],"pos":-1.0,"size":1.30000007,"_time":103.070313},{"$id":"386","sounds":[{"d":0.2970276,"p":58,"v":55}],"size":1.30000007,"_time":103.367188},{"$id":"387","sounds":[{"d":0.5940628,"p":80,"v":93},{"d":0.5940628,"p":85,"v":73},{"d":0.5940628,"p":77,"v":73}],"pos":1.0,"size":1.50000012,"_time":103.664063},{"$id":"388","sounds":[{"d":0.5940628,"p":44,"v":59},{"d":0.5940628,"p":56,"v":59}],"pos":-1.5,"size":2.0,"_time":104.257813},{"$id":"389","sounds":[{"d":0.5940628,"p":83,"v":81},{"d":0.5940628,"p":90,"v":89},{"d":0.5940628,"p":78,"v":81}],"pos":2.0,"size":1.50000012,"_time":104.257813},{"$id":"390","sounds":[{"d":0.5940628,"p":89,"v":87}],"pos":1.0,"size":1.0,"_time":104.851563},{"$id":"391","sounds":[{"d":0.8910904,"p":83,"v":71},{"d":0.8910904,"p":86,"v":71},{"d":0.8910904,"p":89,"v":85},{"d":0.8910904,"p":80,"v":73}],"pos":1.0,"size":1.50000012,"_time":105.445313},{"$id":"392","sounds":[{"d":0.8910904,"p":37,"v":49},{"d":0.8910904,"p":49,"v":41}],"pos":-1.0,"size":1.29999983,"_time":105.445313},{"$id":"393","sounds":[{"d":0.5940628,"p":44,"v":51}],"pos":-2.0,"size":1.30000007,"_time":106.335938},{"$id":"394","sounds":[{"d":0.5940628,"p":68,"v":73},{"d":0.5940628,"p":77,"v":81},{"d":0.5940628,"p":71,"v":71}],"pos":2.0,"size":1.0,"_time":106.335938},{"$id":"395","sounds":[{"d":0.2970276,"p":42,"v":73}],"pos":-2.0,"size":1.30000007,"_time":106.929688},{"$id":"396","sounds":[{"d":0.2970276,"p":77,"v":100},{"d":0.2970276,"p":70,"v":98}],"pos":2.0,"size":1.0,"_time":106.929688},{"$id":"397","sounds":[{"d":0.2970276,"p":49,"v":61}],"pos":-1.0,"size":1.30000007,"_time":107.226563},{"$id":"398","sounds":[{"d":0.2970276,"p":54,"v":69}],"pos":1.0,"size":1.30000007,"_time":107.523438},{"$id":"399","sounds":[{"d":0.2970276,"p":49,"v":53}],"pos":-1.0,"size":1.30000007,"_time":107.820313},{"$id":"400","sounds":[{"d":0.2970276,"p":54,"v":67}],"pos":1.0,"size":1.30000007,"_time":108.117188},{"$id":"401","sounds":[{"d":0.2970276,"p":49,"v":51}],"pos":-1.0,"size":1.30000007,"_time":108.414063},{"$id":"402","sounds":[{"d":0.2970276,"p":54,"v":69}],"pos":8.5,"size":1.30000007,"_time":108.710938},{"$id":"403","sounds":[{"d":0.2970276,"p":77,"v":106},{"d":0.2970276,"p":70,"v":102}],"pos":1.0,"size":1.0,"_time":108.710938},{"$id":"404","sounds":[{"d":0.2970276,"p":77,"v":98},{"d":0.2970276,"p":70,"v":80}],"pos":1.0,"size":1.0,"_time":109.011719},{"$id":"405","sounds":[{"d":0.2970276,"p":49,"v":65}],"pos":7.5,"size":1.30000007,"_time":109.011719},{"$id":"406","sounds":[{"d":0.2970276,"p":70,"v":92},{"d":0.2970276,"p":77,"v":104},{"d":0.2970276,"p":66,"v":94}],"pos":1.0,"size":1.0,"_time":109.308594},{"$id":"407","sounds":[{"d":0.2970276,"p":47,"v":69}],"pos":6.5,"size":1.30000007,"_time":109.308594},{"$id":"408","sounds":[{"d":0.2970276,"p":54,"v":63}],"pos":7.5,"size":1.30000007,"_time":109.605469},{"$id":"409","sounds":[{"d":0.2970276,"p":59,"v":65}],"pos":8.5,"size":1.30000007,"_time":109.902344},{"$id":"410","sounds":[{"d":0.5940628,"p":54,"v":59}],"pos":7.5,"size":1.30000007,"_time":110.199219},{"$id":"411","sounds":[{"d":0.5940628,"p":66,"v":84},{"d":0.5940628,"p":75,"v":100},{"d":0.5940628,"p":70,"v":92}],"pos":-1.0,"size":1.0,"_time":110.199219},{"$id":"412","sounds":[{"d":0.2970276,"p":54,"v":67}],"pos":4.5,"size":1.30000007,"_time":110.792969},{"$id":"413","sounds":[{"d":0.2970276,"p":68,"v":85}],"size":1.0,"_time":111.089844},{"$id":"414","sounds":[{"d":0.1485138,"p":70,"v":85}],"pos":0.5,"size":1.0,"_time":111.238281},{"$id":"415","sounds":[{"d":0.1485138,"p":71,"v":87}],"pos":1.0,"size":1.0,"_time":111.386719},{"$id":"416","sounds":[{"d":0.1485138,"p":73,"v":85}],"pos":1.5,"size":1.0,"_time":111.535156},{"$id":"417","sounds":[{"d":0.2970276,"p":40,"v":71}],"pos":-2.0,"size":1.30000007,"_time":111.683594},{"$id":"418","sounds":[{"d":0.2970276,"p":71,"v":80},{"d":0.2970276,"p":68,"v":82},{"d":0.2970276,"p":75,"v":94}],"pos":2.0,"size":1.0,"_time":111.683594},{"$id":"419","sounds":[{"d":0.2970276,"p":47,"v":59}],"pos":-1.0,"size":1.30000007,"_time":111.980469},{"$id":"420","sounds":[{"d":0.2970276,"p":52,"v":67}],"pos":1.0,"size":1.30000007,"_time":112.277344},{"$id":"421","sounds":[{"d":0.2970276,"p":47,"v":57}],"pos":-1.0,"size":1.30000007,"_time":112.574219},{"$id":"422","sounds":[{"d":0.2970276,"p":52,"v":53}],"pos":1.0,"size":1.30000007,"_time":112.871094},{"$id":"423","sounds":[{"d":0.2970276,"p":47,"v":59}],"pos":-1.0,"size":1.30000007,"_time":113.167969},{"$id":"424","sounds":[{"d":0.2970276,"p":73,"v":65},{"d":0.2970276,"p":68,"v":72}],"size":1.0,"_time":113.464844},{"$id":"425","sounds":[{"d":0.2970276,"p":52,"v":61}],"pos":7.5,"size":1.30000007,"_time":113.464844},{"$id":"426","sounds":[{"d":0.2970276,"p":68,"v":39},{"d":0.2970276,"p":75,"v":86}],"pos":1.0,"size":1.0,"_time":113.761719},{"$id":"427","sounds":[{"d":0.2970276,"p":47,"v":67}],"pos":6.5,"size":1.30000007,"_time":113.761719},{"$id":"428","sounds":[{"d":0.2970276,"p":68,"v":84},{"d":0.2970276,"p":76,"v":94}],"pos":2.0,"size":1.0,"_time":114.058594},{"$id":"429","sounds":[{"d":0.2970276,"p":45,"v":69}],"pos":6.0,"size":1.30000007,"_time":114.058594},{"$id":"430","sounds":[{"d":0.2970276,"p":52,"v":59}],"pos":7.5,"size":1.30000007,"_time":114.355469},{"$id":"431","sounds":[{"d":0.2970276,"p":57,"v":67}],"pos":9.5,"size":1.30000007,"_time":114.652344},{"$id":"432","sounds":[{"d":0.2970276,"p":52,"v":51}],"pos":7.5,"size":1.30000007,"_time":114.949219},{"$id":"433","sounds":[{"d":0.2970276,"p":75,"v":92}],"pos":1.0,"size":1.0,"_time":114.949219},{"$id":"434","sounds":[{"d":0.2970276,"p":73,"v":92}],"size":1.0,"_time":115.246094},{"$id":"435","sounds":[{"d":0.2970276,"p":57,"v":59}],"pos":8.5,"size":1.30000007,"_time":115.246094},{"$id":"436","sounds":[{"d":0.1485138,"p":71,"v":96}],"pos":-1.0,"size":1.0,"_time":115.542969},{"$id":"437","sounds":[{"d":0.1485138,"p":68,"v":86}],"pos":-2.0,"size":1.0,"_time":115.691406},{"$id":"438","sounds":[{"d":0.1485138,"p":75,"v":100}],"pos":0.5,"size":1.0,"_time":115.839844},{"$id":"439","sounds":[{"d":0.1485138,"p":76,"v":100}],"pos":1.0,"size":1.0,"_time":115.988281},{"$id":"440","sounds":[{"d":0.1485138,"p":45,"v":51}],"pos":4.625,"size":1.0,"_time":116.136719},{"$id":"441","sounds":[{"d":0.1485138,"p":78,"v":96}],"pos":1.5,"size":1.0,"_time":116.136719},{"$id":"442","sounds":[{"d":0.1485138,"p":76,"v":96}],"pos":1.0,"size":1.0,"_time":116.285156},{"$id":"443","sounds":[{"d":0.2970276,"p":42,"v":61}],"pos":-2.0,"size":1.30000007,"_time":116.433594},{"$id":"444","sounds":[{"d":0.2970276,"p":65,"v":82},{"d":0.2970276,"p":70,"v":88},{"d":0.2970276,"p":77,"v":92}],"pos":2.0,"size":1.0,"_time":116.433594},{"$id":"445","sounds":[{"d":0.2970276,"p":49,"v":61}],"pos":-1.0,"size":1.30000007,"_time":116.734375},{"$id":"446","sounds":[{"d":0.2970276,"p":54,"v":65}],"pos":1.0,"size":1.30000007,"_time":117.03125},{"$id":"447","sounds":[{"d":0.2970276,"p":49,"v":53}],"pos":-1.0,"size":1.30000007,"_time":117.328125},{"$id":"448","sounds":[{"d":0.2970276,"p":54,"v":65}],"pos":1.0,"size":1.30000007,"_time":117.625},{"$id":"449","sounds":[{"d":0.2970276,"p":65,"v":88}],"pos":-1.0,"size":1.0,"_time":117.921875},{"$id":"450","sounds":[{"d":0.2970276,"p":49,"v":53}],"pos":8.0,"size":1.30000007,"_time":117.921875},{"$id":"451","sounds":[{"d":0.2970276,"p":70,"v":92}],"size":1.0,"_time":118.21875},{"$id":"452","sounds":[{"d":0.2970276,"p":54,"v":69}],"pos":9.0,"size":1.30000007,"_time":118.21875},{"$id":"453","sounds":[{"d":0.2970276,"p":77,"v":96}],"pos":1.0,"size":1.0,"_time":118.515625},{"$id":"454","sounds":[{"d":0.2970276,"p":49,"v":61}],"pos":8.0,"size":1.30000007,"_time":118.515625},{"$id":"455","sounds":[{"d":0.2970276,"p":47,"v":69}],"pos":7.5,"size":1.30000007,"_time":118.8125},{"$id":"456","sounds":[{"d":0.2970276,"p":77,"v":92},{"d":0.2970276,"p":70,"v":90},{"d":0.2970276,"p":66,"v":82}],"pos":1.0,"size":1.0,"_time":118.8125},{"$id":"457","sounds":[{"d":0.2970276,"p":54,"v":67}],"pos":5.5,"size":1.30000007,"_time":119.109375},{"$id":"458","sounds":[{"d":0.2970276,"p":59,"v":63}],"pos":6.5,"size":1.30000007,"_time":119.40625},{"$id":"459","sounds":[{"d":0.2970276,"p":75,"v":92},{"d":0.2970276,"p":66,"v":84}],"pos":-1.0,"size":1.0,"_time":119.703125},{"$id":"460","sounds":[{"d":0.8910904,"p":75,"v":102},{"d":0.8910904,"p":66,"v":90},{"d":0.8910904,"p":59,"v":65}],"pos":-1.0,"size":1.0,"_time":120.0},{"$id":"461","sounds":[{"d":0.2970276,"p":54,"v":57}],"pos":4.0,"size":1.30000007,"_time":120.890625},{"$id":"462","sounds":[{"d":0.2970276,"p":68,"v":88},{"d":0.2970276,"p":71,"v":88},{"d":0.2970276,"p":80,"v":96}],"pos":1.5,"size":1.50000012,"_time":121.1875},{"$id":"463","sounds":[{"d":0.2970276,"p":40,"v":92}],"pos":-2.0,"size":1.30000007,"_time":121.1875},{"$id":"464","sounds":[{"d":0.2970276,"p":47,"v":49}],"pos":-1.0,"size":1.30000007,"_time":121.484375},{"$id":"465","sounds":[{"d":0.5940628,"p":52,"v":56}],"size":1.30000007,"_time":121.78125},{"$id":"466","sounds":[{"d":0.2970276,"p":40,"v":62},{"d":0.2970276,"p":52,"v":60}],"pos":-1.5,"size":1.90000021,"_time":122.375},{"$id":"467","sounds":[{"d":0.5940628,"p":68,"v":63},{"d":0.5940628,"p":71,"v":74},{"d":0.5940628,"p":80,"v":80}],"pos":1.5,"size":1.50000012,"_time":122.671875},{"$id":"468","sounds":[{"d":1.03960419,"p":39,"v":82},{"d":1.03960419,"p":51,"v":74}],"pos":-1.5,"size":2.0,"_time":123.265625},{"$id":"469","sounds":[{"d":1.03960419,"p":70,"v":82},{"d":1.03960419,"p":80,"v":92},{"d":1.03960419,"p":73,"v":86}],"pos":1.5,"size":1.50000012,"_time":123.265625},{"$id":"470","sounds":[{"d":0.5940628,"p":46,"v":47}],"pos":-1.0,"size":1.30000007,"_time":124.160156},{"$id":"471","sounds":[{"d":1.188118,"p":51,"v":62}],"size":1.30000007,"_time":124.753906},{"$id":"472","sounds":[{"d":3.56436157,"p":76,"v":80},{"d":3.56436157,"p":82,"v":82},{"d":3.56436157,"p":79,"v":80},{"d":3.56436157,"p":73,"v":67}],"pos":1.5,"size":1.50000012,"_time":125.941406},{"$id":"473","sounds":[{"d":3.56436157,"p":39,"v":67},{"d":3.56436157,"p":51,"v":70}],"pos":-1.5,"size":2.0,"_time":125.941406},{"$id":"474","sounds":[{"d":0.1485138,"p":58,"v":77},{"d":0.1485138,"p":70,"v":77}],"pos":-2.0,"size":0.6999999,"_time":129.5039},{"$id":"475","sounds":[{"d":0.1485138,"p":59,"v":77},{"d":0.1485138,"p":71,"v":77}],"pos":-1.5,"size":0.6999999,"_time":129.652344},{"$id":"476","sounds":[{"d":0.1485138,"p":61,"v":77},{"d":0.1485138,"p":73,"v":77}],"pos":-1.0,"size":0.6999999,"_time":129.800781},{"$id":"477","sounds":[{"d":0.1485138,"p":76,"v":77},{"d":0.1485138,"p":64,"v":77}],"pos":5.0,"size":0.6999999,"_time":129.949219},{"$id":"478","sounds":[{"d":0.1485138,"p":66,"v":83},{"d":0.1485138,"p":78,"v":83}],"size":0.6999999,"_time":130.097656},{"$id":"479","sounds":[{"d":0.1485138,"p":79,"v":91},{"d":0.1485138,"p":67,"v":91}],"pos":0.5,"size":0.6999999,"_time":130.2461},{"$id":"480","sounds":[{"d":0.1485138,"p":68,"v":90},{"d":0.1485138,"p":80,"v":90}],"pos":1.0,"size":0.6999999,"_time":130.394531},{"$id":"481","sounds":[{"d":0.1485138,"p":70,"v":84},{"d":0.1485138,"p":82,"v":84}],"pos":1.5,"size":0.6999999,"_time":130.542969},{"$id":"482","sounds":[{"d":0.2970276,"p":37,"v":78},{"d":0.2970276,"p":49,"v":72}],"pos":-1.5,"size":2.0,"_time":130.6914},{"$id":"483","sounds":[{"d":0.2970276,"p":71,"v":94},{"d":0.2970276,"p":83,"v":94}],"pos":2.0,"size":0.6999999,"_time":130.6914},{"$id":"484","sounds":[{"d":0.2970276,"p":70,"v":92},{"d":0.2970276,"p":82,"v":92}],"pos":1.0,"size":0.6999999,"_time":130.988281},{"$id":"485","sounds":[{"d":0.2970276,"p":51,"v":67}],"pos":6.5,"size":1.0,"_time":131.285156},{"$id":"486","sounds":[{"d":0.2970276,"p":68,"v":92},{"d":0.2970276,"p":80,"v":92}],"size":0.6999999,"_time":131.285156},{"$id":"487","sounds":[{"d":0.5940552,"p":78,"v":92},{"d":0.5940552,"p":66,"v":92}],"pos":1.0,"size":0.6999999,"_time":131.585938},{"$id":"488","sounds":[{"d":0.5940552,"p":51,"v":70},{"d":0.5940552,"p":39,"v":78}],"pos":-1.5,"size":2.0,"_time":131.585938},{"$id":"489","sounds":[{"d":0.2970276,"p":61,"v":68},{"d":0.2970276,"p":73,"v":68}],"pos":-1.0,"size":0.6999999,"_time":132.179688},{"$id":"490","sounds":[{"d":0.2970276,"p":78,"v":76},{"d":0.2970276,"p":66,"v":76}],"pos":1.0,"size":0.6999999,"_time":132.476563},{"$id":"491","sounds":[{"d":0.891082764,"p":80,"v":100},{"d":0.891082764,"p":68,"v":100}],"pos":2.0,"size":0.6999999,"_time":132.773438},{"$id":"492","sounds":[{"d":0.891082764,"p":52,"v":64},{"d":0.891082764,"p":40,"v":64}],"pos":-1.5,"size":2.0,"_time":132.773438},{"$id":"493","sounds":[{"d":0.2970276,"p":47,"v":81}],"pos":-2.0,"size":1.0,"_time":133.664063},{"$id":"494","sounds":[{"d":0.2970276,"p":52,"v":77}],"pos":-1.0,"size":1.0,"_time":133.960938},{"$id":"495","sounds":[{"d":0.2970276,"p":56,"v":79}],"size":1.0,"_time":134.257813},{"$id":"496","sounds":[{"d":0.2970276,"p":59,"v":71}],"pos":1.0,"size":1.0,"_time":134.554688},{"$id":"497","sounds":[{"d":0.2970276,"p":63,"v":71}],"pos":2.0,"size":1.0,"_time":134.851563},{"$id":"498","sounds":[{"d":0.1485138,"p":68,"v":88},{"d":0.1485138,"p":80,"v":88}],"pos":1.0,"size":0.6999999,"_time":135.148438},{"$id":"499","sounds":[{"d":0.1485138,"p":70,"v":92},{"d":0.1485138,"p":82,"v":92}],"pos":1.5,"size":0.6999999,"_time":135.296875},{"$id":"500","sounds":[{"d":0.2970276,"p":44,"v":80},{"d":0.2970276,"p":56,"v":72}],"pos":-1.5,"size":2.0,"_time":135.445313},{"$id":"501","sounds":[{"d":0.2970276,"p":71,"v":90},{"d":0.2970276,"p":83,"v":90}],"pos":2.0,"size":0.6999999,"_time":135.445313},{"$id":"502","sounds":[{"d":0.2970276,"p":70,"v":92},{"d":0.2970276,"p":82,"v":92}],"pos":1.0,"size":0.6999999,"_time":135.742188},{"$id":"503","sounds":[{"d":0.2970276,"p":51,"v":61}],"pos":4.5,"size":1.0,"_time":136.039063},{"$id":"504","sounds":[{"d":0.2970276,"p":80,"v":90},{"d":0.2970276,"p":68,"v":90}],"size":0.6999999,"_time":136.039063},{"$id":"505","sounds":[{"d":0.5940552,"p":42,"v":82},{"d":0.5940552,"p":54,"v":74}],"pos":-1.5,"size":2.0,"_time":136.335938},{"$id":"506","sounds":[{"d":0.5940552,"p":70,"v":94},{"d":0.5940552,"p":82,"v":94}],"pos":1.0,"size":0.6999999,"_time":136.335938},{"$id":"507","sounds":[{"d":0.2970276,"p":66,"v":92},{"d":0.2970276,"p":78,"v":92}],"pos":-1.0,"size":0.6999999,"_time":136.929688},{"$id":"508","sounds":[{"d":0.2970276,"p":87,"v":98},{"d":0.2970276,"p":75,"v":98}],"pos":2.0,"size":0.6999999,"_time":137.226563},{"$id":"509","sounds":[{"d":0.891082764,"p":35,"v":76},{"d":0.891082764,"p":47,"v":70}],"pos":-1.5,"size":2.0,"_time":137.523438},{"$id":"510","sounds":[{"d":0.891082764,"p":85,"v":94},{"d":0.891082764,"p":73,"v":94}],"pos":1.0,"size":0.6999999,"_time":137.523438},{"$id":"511","sounds":[{"d":0.5940552,"p":47,"v":68}],"pos":4.5,"size":1.0,"_time":138.414063},{"$id":"512","sounds":[{"d":0.5940552,"p":47,"v":84}],"pos":4.5,"size":1.0,"_time":139.007813},{"$id":"513","sounds":[{"d":0.2970276,"p":54,"v":76},{"d":0.2970276,"p":42,"v":78}],"pos":-1.5,"size":2.0,"_time":139.605469},{"$id":"514","sounds":[{"d":0.1485138,"p":80,"v":88},{"d":0.1485138,"p":68,"v":88}],"pos":1.0,"size":0.6999999,"_time":139.902344},{"$id":"515","sounds":[{"d":0.1485138,"p":82,"v":84},{"d":0.1485138,"p":70,"v":84}],"pos":1.5,"size":0.6999999,"_time":140.050781},{"$id":"516","sounds":[{"d":0.2970276,"p":44,"v":82},{"d":0.2970276,"p":56,"v":70}],"pos":-1.5,"size":2.0,"_time":140.199219},{"$id":"517","sounds":[{"d":0.2970276,"p":83,"v":92},{"d":0.2970276,"p":71,"v":92}],"pos":2.0,"size":0.6999999,"_time":140.199219},{"$id":"518","sounds":[{"d":0.2970276,"p":70,"v":86},{"d":0.2970276,"p":82,"v":86}],"pos":1.0,"size":0.6999999,"_time":140.4961},{"$id":"519","sounds":[{"d":0.2970276,"p":51,"v":61}],"pos":3.5,"size":1.0,"_time":140.792969},{"$id":"520","sounds":[{"d":0.2970276,"p":68,"v":94},{"d":0.2970276,"p":80,"v":94}],"size":0.6999999,"_time":140.792969},{"$id":"521","sounds":[{"d":0.5940552,"p":54,"v":72},{"d":0.5940552,"p":42,"v":70}],"pos":-1.5,"size":2.0,"_time":141.089844},{"$id":"522","sounds":[{"d":0.5940552,"p":66,"v":82},{"d":0.5940552,"p":78,"v":82}],"pos":1.0,"size":0.6999999,"_time":141.089844},{"$id":"523","sounds":[{"d":0.2970276,"p":73,"v":82},{"d":0.2970276,"p":61,"v":82}],"pos":-1.0,"size":0.6999999,"_time":141.6836},{"$id":"524","sounds":[{"d":0.2970276,"p":66,"v":75},{"d":0.2970276,"p":78,"v":75}],"pos":1.0,"size":0.6999999,"_time":141.980469},{"$id":"525","sounds":[{"d":0.891082764,"p":52,"v":57},{"d":0.891082764,"p":40,"v":68}],"pos":-1.5,"size":2.0,"_time":142.277344},{"$id":"526","sounds":[{"d":0.891082764,"p":80,"v":96},{"d":0.891082764,"p":68,"v":96}],"pos":2.0,"size":0.6999999,"_time":142.277344},{"$id":"527","sounds":[{"d":0.5940552,"p":52,"v":82}],"pos":5.0,"size":1.0,"_time":143.167969},{"$id":"528","sounds":[{"d":0.2970276,"p":52,"v":70}],"pos":5.0,"size":1.0,"_time":143.761719},{"$id":"529","sounds":[{"d":0.2970276,"p":80,"v":92}],"pos":2.0,"size":0.6999999,"_time":144.0586},{"$id":"530","sounds":[{"d":0.2970276,"p":80,"v":68}],"pos":2.0,"size":0.6999999,"_time":144.355469},{"$id":"531","sounds":[{"d":0.891082764,"p":49,"v":67},{"d":0.891082764,"p":37,"v":62}],"pos":-1.5,"size":2.0,"_time":144.652344},{"$id":"532","sounds":[{"d":0.891082764,"p":80,"v":94},{"d":0.891082764,"p":76,"v":80}],"pos":2.0,"size":0.6999999,"_time":144.652344},{"$id":"533","sounds":[{"d":0.5940552,"p":49,"v":72}],"pos":9.5,"size":1.0,"_time":145.542969},{"$id":"534","sounds":[{"d":0.1485138,"p":49,"v":72}],"pos":6.5,"size":1.0,"_time":146.136719},{"$id":"535","sounds":[{"d":0.1485138,"p":68,"v":100}],"pos":-2.0,"size":0.6999999,"_time":146.136719},{"$id":"536","sounds":[{"d":0.1485138,"p":71,"v":86}],"pos":-1.5,"size":0.6999999,"_time":146.285156},{"$id":"537","sounds":[{"d":0.1485138,"p":73,"v":94}],"pos":-1.0,"size":0.6999999,"_time":146.4336},{"$id":"538","sounds":[{"d":0.1485138,"p":75,"v":92}],"pos":-0.5,"size":0.6999999,"_time":146.582031},{"$id":"539","sounds":[{"d":0.1485138,"p":76,"v":94}],"size":0.6999999,"_time":146.730469},{"$id":"540","sounds":[{"d":0.1485138,"p":49,"v":64}],"pos":6.5,"size":1.0,"_time":146.730469},{"$id":"541","sounds":[{"d":0.1485138,"p":78,"v":88}],"pos":0.5,"size":0.6999999,"_time":146.882813},{"$id":"542","sounds":[{"d":0.1485138,"p":80,"v":94}],"pos":1.0,"size":0.6999999,"_time":147.03125},{"$id":"543","sounds":[{"d":0.1485138,"p":82,"v":90}],"pos":1.5,"size":0.6999999,"_time":147.179688},{"$id":"544","sounds":[{"d":0.5940552,"p":42,"v":80}],"pos":6.5,"size":1.0,"_time":147.328125},{"$id":"545","sounds":[{"d":0.5940552,"p":83,"v":88},{"d":0.5940552,"p":76,"v":65},{"d":0.5940552,"p":73,"v":75}],"pos":2.0,"size":0.6999999,"_time":147.328125},{"$id":"546","sounds":[{"d":0.5940552,"p":49,"v":74}],"pos":6.5,"size":1.0,"_time":147.921875},{"$id":"547","sounds":[{"d":0.2970276,"p":73,"v":63},{"d":0.2970276,"p":76,"v":76},{"d":0.2970276,"p":82,"v":94}],"pos":1.0,"size":0.6999999,"_time":148.515625},{"$id":"548","sounds":[{"d":0.2970276,"p":54,"v":61}],"pos":6.5,"size":1.0,"_time":148.515625},{"$id":"549","sounds":[{"d":0.2970276,"p":73,"v":63}],"pos":-1.0,"size":0.6999999,"_time":148.8125},{"$id":"550","sounds":[{"d":0.2970276,"p":76,"v":76}],"size":0.6999999,"_time":149.109375},{"$id":"551","sounds":[{"d":0.2970276,"p":82,"v":94}],"pos":1.0,"size":0.6999999,"_time":149.40625},{"$id":"552","sounds":[{"d":3.56436157,"p":52,"v":56},{"d":3.56436157,"p":40,"v":64}],"pos":-1.5,"size":2.0,"_time":149.703125},{"$id":"553","sounds":[{"d":3.56436157,"p":80,"v":84},{"d":3.56436157,"p":75,"v":70},{"d":3.56436157,"p":87,"v":61}],"pos":2.0,"size":0.6999999,"_time":149.703125},{"$id":"554","sounds":[{"d":2.376236,"p":39,"v":64},{"d":2.376236,"p":51,"v":53}],"size":2.0,"_time":153.265625},{"$id":"555","sounds":[{"d":2.376236,"p":85,"v":74},{"d":2.376236,"p":78,"v":78},{"d":2.376236,"p":73,"v":55}],"pos":1.5,"size":0.6999999,"_time":153.265625},{"$id":"556","sounds":[{"d":1.18812561,"p":71,"v":42},{"d":1.18812561,"p":76,"v":69},{"d":1.18812561,"p":83,"v":74}],"pos":1.0,"size":0.6999999,"_time":155.644531},{"$id":"557","sounds":[{"d":1.18812561,"p":49,"v":55},{"d":1.18812561,"p":37,"v":67}],"pos":-0.5,"size":2.0,"_time":155.644531},{"$id":"558","sounds":[{"d":1.18812561,"p":80,"v":69},{"d":1.18812561,"p":76,"v":42},{"d":1.18812561,"p":82,"v":69},{"d":1.18812561,"p":87,"v":74}],"pos":2.0,"size":0.6999999,"_time":156.832031},{"$id":"559","sounds":[{"d":1.18812561,"p":48,"v":55},{"d":1.18812561,"p":36,"v":67}],"pos":-1.0,"size":2.0,"_time":156.832031},{"$id":"560","sounds":[{"d":2.42573547,"p":82,"v":61},{"d":2.42573547,"p":80,"v":84},{"d":2.42573547,"p":75,"v":70},{"d":2.42573547,"p":87,"v":61}],"pos":2.0,"size":0.6999999,"_time":158.019531},{"$id":"561","sounds":[{"d":2.42573547,"p":35,"v":64},{"d":2.42573547,"p":47,"v":56}],"pos":-1.5,"size":2.0,"_time":158.019531},{"$id":"562","sounds":[{"d":0.0309448242,"p":92,"v":65}],"pos":1.0,"size":0.6999999,"_time":160.445313},{"$id":"563","sounds":[{"d":5.878708,"p":94,"v":49}],"pos":1.5,"size":0.6999999,"_time":160.457031},{"$id":"564","sounds":[{"d":5.860138,"p":99,"v":55}],"pos":2.0,"size":0.6999999,"_time":160.476563}],"links":[{"notes":[{"$ref":"1"},{"$ref":"2"},{"$ref":"3"},{"$ref":"4"}]},{"notes":[{"$ref":"262"},{"$ref":"263"},{"$ref":"264"},{"$ref":"265"}]},{"notes":[{"$ref":"247"},{"$ref":"248"},{"$ref":"249"},{"$ref":"250"},{"$ref":"252"},{"$ref":"253"},{"$ref":"254"},{"$ref":"255"}]},{"notes":[{"$ref":"287"},{"$ref":"288"},{"$ref":"289"}]},{"notes":[{"$ref":"168"},{"$ref":"169"},{"$ref":"170"}]},{"notes":[{"$ref":"266"},{"$ref":"267"},{"$ref":"268"}]},{"notes":[{"$ref":"562"},{"$ref":"563"},{"$ref":"564"}]},{"notes":[{"$ref":"438"},{"$ref":"439"},{"$ref":"441"},{"$ref":"442"},{"$ref":"444"}]},{"notes":[{"$ref":"230"},{"$ref":"231"},{"$ref":"232"},{"$ref":"233"},{"$ref":"234"},{"$ref":"235"},{"$ref":"236"},{"$ref":"237"},{"$ref":"238"},{"$ref":"239"},{"$ref":"240"},{"$ref":"241"},{"$ref":"242"},{"$ref":"243"},{"$ref":"244"},{"$ref":"245"}]},{"notes":[{"$ref":"269"},{"$ref":"270"},{"$ref":"271"}]},{"notes":[{"$ref":"291"},{"$ref":"292"},{"$ref":"293"},{"$ref":"294"},{"$ref":"295"},{"$ref":"296"},{"$ref":"297"},{"$ref":"298"},{"$ref":"299"}]},{"notes":[{"$ref":"157"},{"$ref":"158"},{"$ref":"159"}]},{"notes":[{"$ref":"57"},{"$ref":"58"},{"$ref":"60"}]},{"notes":[{"$ref":"30"},{"$ref":"31"},{"$ref":"32"},{"$ref":"33"},{"$ref":"35"}]},{"notes":[{"$ref":"82"},{"$ref":"83"},{"$ref":"84"},{"$ref":"85"},{"$ref":"87"}]},{"notes":[{"$ref":"106"},{"$ref":"107"}]},{"notes":[{"$ref":"144"},{"$ref":"145"},{"$ref":"146"},{"$ref":"147"},{"$ref":"149"}]},{"notes":[{"$ref":"109"},{"$ref":"110"},{"$ref":"111"},{"$ref":"112"},{"$ref":"114"}]},{"notes":[{"$ref":"176"},{"$ref":"177"},{"$ref":"178"},{"$ref":"179"},{"$ref":"180"},{"$ref":"181"},{"$ref":"183"}]},{"notes":[{"$ref":"196"},{"$ref":"197"},{"$ref":"198"},{"$ref":"199"},{"$ref":"201"}]},{"notes":[{"$ref":"277"},{"$ref":"278"},{"$ref":"279"},{"$ref":"280"}]},{"notes":[{"$ref":"282"},{"$ref":"283"},{"$ref":"284"}]},{"notes":[{"$ref":"309"},{"$ref":"310"}]},{"notes":[{"$ref":"300"},{"$ref":"301"},{"$ref":"302"},{"$ref":"303"},{"$ref":"304"}]},{"notes":[{"$ref":"312"},{"$ref":"313"}]},{"notes":[{"$ref":"332"},{"$ref":"333"},{"$ref":"334"}]},{"notes":[{"$ref":"350"},{"$ref":"351"},{"$ref":"352"}]},{"notes":[{"$ref":"357"},{"$ref":"360"},{"$ref":"362"},{"$ref":"363"},{"$ref":"364"}]},{"notes":[{"$ref":"377"},{"$ref":"378"},{"$ref":"379"},{"$ref":"380"},{"$ref":"382"}]},{"notes":[{"$ref":"413"},{"$ref":"414"},{"$ref":"415"},{"$ref":"416"},{"$ref":"418"}]},{"notes":[{"$ref":"436"},{"$ref":"437"}]},{"notes":[{"$ref":"498"},{"$ref":"499"},{"$ref":"501"}]},{"notes":[{"$ref":"478"},{"$ref":"479"},{"$ref":"480"},{"$ref":"481"},{"$ref":"483"}]},{"notes":[{"$ref":"514"},{"$ref":"515"},{"$ref":"517"}]},{"notes":[{"$ref":"535"},{"$ref":"536"},{"$ref":"537"},{"$ref":"538"},{"$ref":"539"},{"$ref":"541"},{"$ref":"542"},{"$ref":"543"},{"$ref":"545"}]},{"notes":[{"$ref":"474"},{"$ref":"475"},{"$ref":"476"}]}]}