{"speed":10.0,"notes":[{"$id":"1","sounds":[{"d":0.1171875,"p":71,"v":100},{"d":0.173610687,"p":83,"v":99}],"pos":-1.0,"size":1.0,"_time":8.332031},{"$id":"2","sounds":[{"d":0.494791985,"p":71,"v":99},{"d":0.5425358,"p":83,"v":96}],"pos":-1.0,"size":1.0,"_time":8.644531},{"$id":"3","sounds":[{"d":0.125867844,"p":85,"v":104},{"d":0.078125,"p":73,"v":104}],"size":1.0,"_time":9.167969},{"$id":"4","sounds":[{"d":0.434027672,"p":73,"v":91},{"d":0.477430344,"p":85,"v":105}],"size":1.0,"_time":9.480469},{"$id":"5","sounds":[{"d":0.125867844,"p":74,"v":101},{"d":0.169270515,"p":86,"v":101}],"pos":1.0,"size":1.0,"_time":10.0},{"$id":"6","sounds":[{"d":0.421007156,"p":74,"v":93},{"d":0.5164938,"p":86,"v":83}],"pos":1.0,"size":1.0,"_time":10.3125},{"$id":"7","sounds":[{"d":0.3342018,"p":78,"v":103},{"d":0.394966125,"p":90,"v":109}],"pos":2.0,"size":1.0,"_time":10.8320313},{"$id":"8","sounds":[{"d":0.421007156,"p":88,"v":102},{"d":0.386284828,"p":76,"v":105}],"size":1.0,"_time":11.25},{"$id":"9","sounds":[{"d":0.112846375,"p":83,"v":99},{"d":0.06076336,"p":71,"v":102}],"pos":-2.0,"size":1.0,"_time":11.6679688},{"$id":"10","sounds":[{"d":0.460069656,"p":71,"v":94},{"d":0.473090172,"p":83,"v":98}],"pos":-2.0,"size":1.0,"_time":11.9804688},{"$id":"11","sounds":[{"d":0.151909828,"p":73,"v":100},{"d":0.108507156,"p":85,"v":98}],"pos":-1.0,"size":1.0,"_time":12.5},{"$id":"12","sounds":[{"d":0.5121527,"p":85,"v":96},{"d":0.494791985,"p":73,"v":100}],"pos":-1.0,"size":1.0,"_time":12.8125},{"$id":"13","sounds":[{"d":0.0520830154,"p":86,"v":92},{"d":0.0694437,"p":74,"v":94}],"size":1.0,"_time":13.3320313},{"$id":"14","sounds":[{"d":0.442708969,"p":74,"v":94},{"d":0.499132156,"p":86,"v":92}],"size":1.0,"_time":13.6445313},{"$id":"15","sounds":[{"d":0.217014313,"p":85,"v":96}],"pos":2.0,"size":1.0,"_time":14.1679688},{"$id":"16","sounds":[{"d":0.177950859,"p":71,"v":78},{"d":0.190971375,"p":83,"v":93}],"size":1.0,"_time":14.375},{"$id":"17","sounds":[{"d":0.282117844,"p":78,"v":100},{"d":0.282117844,"p":66,"v":100}],"pos":-2.0,"size":1.0,"_time":14.5820313},{"$id":"18","sounds":[{"d":0.164930344,"p":83,"v":93},{"d":0.186632156,"p":71,"v":101}],"pos":-1.0,"size":1.0,"_time":15.0},{"$id":"19","sounds":[{"d":0.4296875,"p":71,"v":95},{"d":0.516492844,"p":83,"v":97}],"pos":-1.0,"size":1.0,"_time":15.3125},{"$id":"20","sounds":[{"d":0.08246517,"p":73,"v":97},{"d":0.1171875,"p":85,"v":106}],"size":1.0,"_time":15.8320313},{"$id":"21","sounds":[{"d":0.494792938,"p":73,"v":97},{"d":0.520833969,"p":85,"v":104}],"size":1.0,"_time":16.1445313},{"$id":"22","sounds":[{"d":0.08246422,"p":74,"v":100},{"d":0.0477428436,"p":86,"v":95}],"pos":1.0,"size":1.0,"_time":16.6679688},{"$id":"23","sounds":[{"d":0.2951393,"p":86,"v":98},{"d":0.2907982,"p":74,"v":91}],"pos":1.0,"size":1.0,"_time":16.9804688},{"$id":"24","sounds":[{"d":0.394966125,"p":78,"v":104},{"d":0.477432251,"p":90,"v":99}],"pos":2.0,"size":1.0,"_time":17.5},{"$id":"25","sounds":[{"d":0.4123268,"p":88,"v":102},{"d":0.386285782,"p":76,"v":104}],"pos":1.0,"size":1.0,"_time":17.9179688},{"$id":"26","sounds":[{"d":0.0607643127,"p":71,"v":101},{"d":0.0607643127,"p":83,"v":75}],"size":1.0,"_time":18.3320313},{"$id":"27","sounds":[{"d":0.516492844,"p":83,"v":102},{"d":0.516492844,"p":71,"v":101}],"size":1.0,"_time":18.6445313},{"$id":"28","sounds":[{"d":0.1171875,"p":85,"v":98},{"d":0.1171875,"p":73,"v":107}],"pos":1.0,"size":1.0,"_time":19.1679688},{"$id":"29","sounds":[{"d":0.4904518,"p":73,"v":103},{"d":0.5121536,"p":85,"v":101}],"pos":1.0,"size":1.0,"_time":19.4804688},{"$id":"30","sounds":[{"d":0.572917938,"p":74,"v":101},{"d":0.5815983,"p":86,"v":96}],"pos":2.0,"size":1.0,"_time":20.0},{"$id":"31","sounds":[{"d":0.09982681,"p":73,"v":87},{"d":0.09982681,"p":85,"v":87}],"size":1.0,"_time":20.625},{"$id":"32","sounds":[{"d":0.09982681,"p":71,"v":88},{"d":0.09982681,"p":83,"v":88}],"pos":-1.0,"size":1.0,"_time":20.7304688},{"$id":"33","sounds":[{"d":0.425348282,"p":69,"v":98},{"d":0.425348282,"p":81,"v":98}],"pos":-2.0,"size":1.0,"_time":20.8320313},{"$id":"34","sounds":[{"d":0.112846375,"p":71,"v":122},{"d":0.112846375,"p":83,"v":122}],"pos":-1.5,"size":1.0,"_time":21.6679688},{"$id":"35","sounds":[{"d":0.108507156,"p":66,"v":83},{"d":0.108507156,"p":78,"v":83}],"pos":-2.0,"size":1.0,"_time":21.7695313},{"$id":"36","sounds":[{"d":0.121528625,"p":83,"v":102},{"d":0.121528625,"p":71,"v":102}],"pos":-1.5,"size":1.0,"_time":21.875},{"$id":"37","sounds":[{"d":0.112846375,"p":85,"v":101},{"d":0.112846375,"p":73,"v":101}],"pos":-0.5,"size":1.0,"_time":21.9804688},{"$id":"38","sounds":[{"d":0.112846375,"p":74,"v":106},{"d":0.112846375,"p":86,"v":106}],"pos":0.5,"size":1.0,"_time":22.0820313},{"$id":"39","sounds":[{"d":0.06510353,"p":76,"v":105},{"d":0.06510353,"p":88,"v":105}],"pos":1.5,"size":1.0,"_time":22.1875},{"$id":"40","sounds":[{"d":0.0607643127,"p":90,"v":115},{"d":0.0607643127,"p":78,"v":115}],"pos":2.0,"size":1.0,"_time":22.2929688},{"$id":"41","sounds":[{"d":0.9375,"p":88,"v":105},{"d":0.9375,"p":76,"v":105}],"pos":1.5,"size":1.0,"_time":22.3945313},{"$id":"42","sounds":[{"d":0.4123268,"p":91,"v":114},{"d":0.4123268,"p":79,"v":114}],"pos":2.0,"size":1.0,"_time":23.3320313},{"$id":"43","sounds":[{"d":0.4123268,"p":78,"v":97},{"d":0.4123268,"p":90,"v":97}],"size":1.0,"_time":23.75},{"$id":"44","sounds":[{"d":0.203992844,"p":76,"v":106},{"d":0.203992844,"p":88,"v":106}],"pos":-2.0,"size":1.0,"_time":24.1679688},{"$id":"45","sounds":[{"d":0.09982681,"p":74,"v":95},{"d":0.09982681,"p":86,"v":95}],"pos":1.0,"size":1.0,"_time":24.375},{"$id":"46","sounds":[{"d":0.516492844,"p":85,"v":99},{"d":0.516492844,"p":73,"v":99}],"pos":-1.0,"size":1.0,"_time":24.4804688},{"$id":"47","sounds":[{"d":0.09982681,"p":71,"v":116},{"d":0.09982681,"p":83,"v":116}],"pos":1.5,"size":1.0,"_time":25.0},{"$id":"48","sounds":[{"d":0.09982681,"p":66,"v":92},{"d":0.09982681,"p":78,"v":92}],"size":1.0,"_time":25.1054688},{"$id":"49","sounds":[{"d":0.09982681,"p":83,"v":101},{"d":0.09982681,"p":71,"v":101}],"pos":-0.5,"size":1.0,"_time":25.2070313},{"$id":"50","sounds":[{"d":0.09982681,"p":85,"v":101},{"d":0.09982681,"p":73,"v":101}],"pos":-0.326086879,"size":1.0,"_time":25.3125},{"$id":"51","sounds":[{"d":0.09982681,"p":86,"v":105},{"d":0.09982681,"p":74,"v":105}],"pos":0.239129722,"size":1.0,"_time":25.4179688},{"$id":"52","sounds":[{"d":0.09982681,"p":88,"v":100},{"d":0.09982681,"p":76,"v":100}],"pos":0.5,"size":1.0,"_time":25.5195313},{"$id":"53","sounds":[{"d":0.09982681,"p":78,"v":106},{"d":0.09982681,"p":90,"v":106}],"size":1.0,"_time":25.625},{"$id":"54","sounds":[{"d":0.6684036,"p":76,"v":107},{"d":0.6684036,"p":88,"v":107}],"pos":-1.5,"size":1.0,"_time":25.7304688},{"$id":"55","sounds":[{"d":0.104166031,"p":76,"v":110},{"d":0.104166031,"p":88,"v":110}],"pos":-2.0,"size":1.0,"_time":26.4570313},{"$id":"56","sounds":[{"d":0.104166031,"p":90,"v":106},{"d":0.104166031,"p":78,"v":106}],"pos":-1.0,"size":1.0,"_time":26.5625},{"$id":"57","sounds":[{"d":0.4123268,"p":79,"v":112},{"d":0.4123268,"p":91,"v":112}],"size":1.0,"_time":26.6679688},{"$id":"58","sounds":[{"d":0.4123268,"p":81,"v":104},{"d":0.4123268,"p":93,"v":104}],"pos":1.0,"size":1.0,"_time":27.0820313},{"$id":"59","sounds":[{"d":0.208333969,"p":83,"v":105},{"d":0.208333969,"p":95,"v":105}],"pos":2.0,"size":1.0,"_time":27.5},{"$id":"60","sounds":[{"d":0.208333969,"p":78,"v":105},{"d":0.208333969,"p":90,"v":105}],"pos":1.0,"size":1.0,"_time":27.7070313},{"$id":"61","sounds":[{"d":0.208333969,"p":76,"v":105},{"d":0.208333969,"p":88,"v":105}],"size":1.0,"_time":27.9179688},{"$id":"62","sounds":[{"d":0.208333969,"p":73,"v":112},{"d":0.208333969,"p":85,"v":112}],"pos":-1.0,"size":1.0,"_time":28.125},{"$id":"63","sounds":[{"d":0.112846375,"p":71,"v":122},{"d":0.112846375,"p":83,"v":122}],"pos":-1.5,"size":1.0,"_time":28.3320313},{"$id":"64","sounds":[{"d":0.108507156,"p":78,"v":83},{"d":0.108507156,"p":66,"v":83}],"pos":-2.0,"size":1.0,"_time":28.4375},{"$id":"65","sounds":[{"d":0.121528625,"p":83,"v":102},{"d":0.121528625,"p":71,"v":102}],"pos":-1.5,"size":1.0,"_time":28.5429688},{"$id":"66","sounds":[{"d":0.112846375,"p":85,"v":101},{"d":0.112846375,"p":73,"v":101}],"pos":-0.5,"size":1.0,"_time":28.6445313},{"$id":"67","sounds":[{"d":0.112846375,"p":74,"v":106},{"d":0.112846375,"p":86,"v":106}],"pos":0.5,"size":1.0,"_time":28.75},{"$id":"68","sounds":[{"d":0.06510353,"p":76,"v":105},{"d":0.06510353,"p":88,"v":105}],"pos":1.5,"size":1.0,"_time":28.8554688},{"$id":"69","sounds":[{"d":0.0607643127,"p":90,"v":115},{"d":0.0607643127,"p":78,"v":115}],"pos":2.0,"size":1.0,"_time":28.9570313},{"$id":"70","sounds":[{"d":0.625,"p":76,"v":105},{"d":0.625,"p":88,"v":105}],"pos":1.5,"size":1.0,"_time":29.0625},{"$id":"71","sounds":[{"d":0.104166031,"p":88,"v":110},{"d":0.104166031,"p":76,"v":110}],"size":1.0,"_time":29.7929688},{"$id":"72","sounds":[{"d":0.104166031,"p":78,"v":106},{"d":0.104166031,"p":90,"v":106}],"pos":1.0,"size":1.0,"_time":29.8945313},{"$id":"73","sounds":[{"d":0.4123268,"p":91,"v":114},{"d":0.4123268,"p":79,"v":114}],"pos":2.0,"size":1.0,"_time":30.0},{"$id":"74","sounds":[{"d":0.4123268,"p":90,"v":97},{"d":0.4123268,"p":78,"v":97}],"size":1.0,"_time":30.4179688},{"$id":"75","sounds":[{"d":0.203992844,"p":76,"v":106},{"d":0.203992844,"p":88,"v":106}],"pos":-2.0,"size":1.0,"_time":30.8320313},{"$id":"76","sounds":[{"d":0.09982681,"p":74,"v":95},{"d":0.09982681,"p":86,"v":95}],"pos":1.0,"size":1.0,"_time":31.0429688},{"$id":"77","sounds":[{"d":0.4861107,"p":85,"v":99},{"d":0.4861107,"p":73,"v":99}],"pos":-1.0,"size":1.0,"_time":31.1445313},{"$id":"78","sounds":[{"d":0.09982681,"p":71,"v":116},{"d":0.09982681,"p":83,"v":116}],"pos":1.5,"size":1.0,"_time":31.6679688},{"$id":"79","sounds":[{"d":0.09982681,"p":66,"v":92},{"d":0.09982681,"p":78,"v":92}],"size":1.0,"_time":31.7695313},{"$id":"80","sounds":[{"d":0.09982681,"p":71,"v":101},{"d":0.09982681,"p":83,"v":101}],"pos":-0.5,"size":1.0,"_time":31.875},{"$id":"81","sounds":[{"d":0.09982681,"p":73,"v":101},{"d":0.09982681,"p":85,"v":101}],"pos":-0.297101557,"size":1.0,"_time":31.9804688},{"$id":"82","sounds":[{"d":0.09982681,"p":86,"v":105},{"d":0.09982681,"p":74,"v":105}],"pos":0.239129722,"size":1.0,"_time":32.08203},{"$id":"83","sounds":[{"d":0.09982681,"p":88,"v":100},{"d":0.09982681,"p":76,"v":100}],"pos":0.5,"size":1.0,"_time":32.1875},{"$id":"84","sounds":[{"d":0.09982681,"p":90,"v":106},{"d":0.09982681,"p":78,"v":106}],"size":1.0,"_time":32.29297},{"$id":"85","sounds":[{"d":0.9331589,"p":88,"v":107},{"d":0.9331589,"p":76,"v":107}],"pos":-1.5,"size":1.0,"_time":32.39453},{"$id":"86","sounds":[{"d":0.09982681,"p":74,"v":102},{"d":0.09982681,"p":86,"v":110}],"pos":2.0,"size":1.0,"_time":33.33203},{"$id":"87","sounds":[{"d":0.09982681,"p":71,"v":92},{"d":0.09982681,"p":83,"v":100}],"pos":1.0,"size":1.0,"_time":33.4375},{"$id":"88","sounds":[{"d":0.203994751,"p":79,"v":96},{"d":0.203994751,"p":67,"v":88}],"pos":-1.0,"size":1.0,"_time":33.54297},{"$id":"89","sounds":[{"d":0.09982681,"p":71,"v":97},{"d":0.09982681,"p":83,"v":105}],"pos":1.0,"size":1.0,"_time":33.75},{"$id":"90","sounds":[{"d":0.09982681,"p":69,"v":86},{"d":0.09982681,"p":81,"v":94}],"size":1.0,"_time":33.85547},{"$id":"91","sounds":[{"d":0.203994751,"p":79,"v":111},{"d":0.203994751,"p":67,"v":103}],"pos":-1.0,"size":1.0,"_time":33.95703},{"$id":"92","sounds":[{"d":0.09982681,"p":78,"v":98},{"d":0.09982681,"p":66,"v":90}],"pos":-1.5,"size":1.0,"_time":34.16797},{"$id":"93","sounds":[{"d":0.09982681,"p":76,"v":87},{"d":0.09982681,"p":64,"v":79}],"pos":-2.0,"size":1.0,"_time":34.26953},{"$id":"94","sounds":[{"d":0.09982681,"p":66,"v":90},{"d":0.09982681,"p":78,"v":98}],"pos":-1.5,"size":1.0,"_time":34.375},{"$id":"95","sounds":[{"d":0.09982681,"p":70,"v":86},{"d":0.09982681,"p":82,"v":94}],"pos":-0.5,"size":1.0,"_time":34.48047},{"$id":"96","sounds":[{"d":0.09982681,"p":85,"v":91},{"d":0.09982681,"p":73,"v":83}],"size":1.0,"_time":34.58203},{"$id":"97","sounds":[{"d":0.09982681,"p":70,"v":85},{"d":0.09982681,"p":82,"v":93}],"pos":-0.5,"size":1.0,"_time":34.6875},{"$id":"98","sounds":[{"d":0.09982681,"p":78,"v":93},{"d":0.09982681,"p":90,"v":101}],"pos":-1.17391312,"size":1.0,"_time":34.79297},{"$id":"99","sounds":[{"d":0.104167938,"p":88,"v":98},{"d":0.104167938,"p":76,"v":90}],"pos":-2.0,"size":1.0,"_time":34.89453},{"$id":"100","sounds":[{"d":0.203994751,"p":86,"v":90},{"d":0.203994751,"p":74,"v":74}],"pos":1.0,"size":1.0,"_time":35.0},{"$id":"101","sounds":[{"d":0.203994751,"p":71,"v":66},{"d":0.203994751,"p":83,"v":82}],"pos":-1.0,"size":1.0,"_time":35.20703},{"$id":"102","sounds":[{"d":0.203994751,"p":86,"v":90},{"d":0.203994751,"p":74,"v":74}],"pos":1.0,"size":1.0,"_time":35.41797},{"$id":"103","sounds":[{"d":0.203994751,"p":83,"v":72},{"d":0.203994751,"p":71,"v":56}],"pos":-1.0,"size":1.0,"_time":35.625},{"$id":"104","sounds":[{"d":0.203994751,"p":90,"v":84},{"d":0.203994751,"p":78,"v":68}],"pos":2.0,"size":1.0,"_time":35.83203},{"$id":"105","sounds":[{"d":0.203994751,"p":69,"v":34},{"d":0.203994751,"p":81,"v":50}],"pos":-2.0,"size":1.0,"_time":36.04297},{"$id":"106","sounds":[{"d":0.203994751,"p":90,"v":85},{"d":0.203994751,"p":78,"v":69}],"pos":2.0,"size":1.0,"_time":36.25},{"$id":"107","sounds":[{"d":0.203994751,"p":81,"v":50},{"d":0.203994751,"p":69,"v":34}],"pos":-2.0,"size":1.0,"_time":36.45703},{"$id":"108","sounds":[{"d":0.203994751,"p":90,"v":72},{"d":0.203994751,"p":78,"v":56}],"pos":2.0,"size":1.0,"_time":36.66797},{"$id":"109","sounds":[{"d":0.203994751,"p":70,"v":37},{"d":0.203994751,"p":82,"v":53}],"pos":-1.0,"size":1.0,"_time":36.875},{"$id":"110","sounds":[{"d":0.203994751,"p":90,"v":90},{"d":0.203994751,"p":78,"v":74}],"pos":2.0,"size":1.0,"_time":37.08203},{"$id":"111","sounds":[{"d":0.203994751,"p":70,"v":38},{"d":0.203994751,"p":82,"v":54}],"pos":-1.0,"size":1.0,"_time":37.29297},{"$id":"112","sounds":[{"d":0.203994751,"p":85,"v":81},{"d":0.203994751,"p":73,"v":65}],"pos":1.0,"size":1.0,"_time":37.5},{"$id":"113","sounds":[{"d":0.09982681,"p":81,"v":67},{"d":0.09982681,"p":69,"v":51}],"pos":-2.0,"size":1.0,"_time":37.70703},{"$id":"114","sounds":[{"d":0.09982681,"p":73,"v":71},{"d":0.09982681,"p":85,"v":87}],"pos":-1.0,"size":1.0,"_time":37.8125},{"$id":"115","sounds":[{"d":0.09982681,"p":88,"v":66},{"d":0.09982681,"p":76,"v":50}],"size":1.0,"_time":37.91797},{"$id":"116","sounds":[{"d":0.09982681,"p":90,"v":65},{"d":0.09982681,"p":78,"v":49}],"pos":0.5,"size":1.0,"_time":38.01953},{"$id":"117","sounds":[{"d":0.09982681,"p":88,"v":60},{"d":0.09982681,"p":76,"v":44}],"size":1.0,"_time":38.125},{"$id":"118","sounds":[{"d":0.09982681,"p":73,"v":65},{"d":0.09982681,"p":85,"v":81}],"pos":-1.0,"size":1.0,"_time":38.23047},{"$id":"119","sounds":[{"d":0.203994751,"p":76,"v":74},{"d":0.203994751,"p":88,"v":90}],"pos":2.0,"size":1.0,"_time":38.33203},{"$id":"120","sounds":[{"d":0.203994751,"p":67,"v":38},{"d":0.203994751,"p":79,"v":54}],"pos":-2.0,"size":1.0,"_time":38.54297},{"$id":"121","sounds":[{"d":0.203994751,"p":88,"v":86},{"d":0.203994751,"p":76,"v":70}],"pos":2.0,"size":1.0,"_time":38.75},{"$id":"122","sounds":[{"d":0.203994751,"p":79,"v":54},{"d":0.203994751,"p":67,"v":38}],"pos":-2.0,"size":1.0,"_time":38.95703},{"$id":"123","sounds":[{"d":0.203994751,"p":88,"v":87},{"d":0.203994751,"p":76,"v":71}],"pos":2.0,"size":1.0,"_time":39.16797},{"$id":"124","sounds":[{"d":0.203994751,"p":67,"v":43},{"d":0.203994751,"p":79,"v":59}],"pos":-2.0,"size":1.0,"_time":39.375},{"$id":"125","sounds":[{"d":0.203994751,"p":86,"v":76},{"d":0.203994751,"p":74,"v":60}],"pos":1.0,"size":1.0,"_time":39.58203},{"$id":"126","sounds":[{"d":0.203994751,"p":79,"v":64},{"d":0.203994751,"p":67,"v":48}],"pos":-2.0,"size":1.0,"_time":39.79297},{"$id":"127","sounds":[{"d":0.203994751,"p":73,"v":61},{"d":0.203994751,"p":85,"v":77}],"size":1.0,"_time":40.0},{"$id":"128","sounds":[{"d":0.203994751,"p":78,"v":69},{"d":0.203994751,"p":66,"v":53}],"pos":-1.0,"size":1.0,"_time":40.20703},{"$id":"129","sounds":[{"d":0.203994751,"p":82,"v":62},{"d":0.203994751,"p":70,"v":46}],"size":1.0,"_time":40.41797},{"$id":"130","sounds":[{"d":0.203994751,"p":73,"v":54},{"d":0.203994751,"p":85,"v":70}],"pos":1.0,"size":1.0,"_time":40.625},{"$id":"131","sounds":[{"d":0.09982681,"p":88,"v":79},{"d":0.09982681,"p":76,"v":63}],"pos":-0.5,"size":1.0,"_time":40.83203},{"$id":"132","sounds":[{"d":0.09982681,"p":91,"v":90},{"d":0.09982681,"p":79,"v":74}],"pos":0.5,"size":1.0,"_time":40.9375},{"$id":"133","sounds":[{"d":0.09982681,"p":78,"v":57},{"d":0.09982681,"p":90,"v":73}],"pos":0.5,"size":1.0,"_time":41.04297},{"$id":"134","sounds":[{"d":0.09982681,"p":88,"v":87},{"d":0.09982681,"p":76,"v":71}],"pos":-0.5,"size":1.0,"_time":41.14453},{"$id":"135","sounds":[{"d":0.09982681,"p":73,"v":57},{"d":0.09982681,"p":85,"v":73}],"pos":-1.5,"size":1.0,"_time":41.25},{"$id":"136","sounds":[{"d":0.09982681,"p":82,"v":89},{"d":0.09982681,"p":70,"v":73}],"pos":-2.0,"size":1.0,"_time":41.35547},{"$id":"137","sounds":[{"d":0.09982681,"p":85,"v":88},{"d":0.09982681,"p":73,"v":72}],"pos":-1.5,"size":1.0,"_time":41.45703},{"$id":"138","sounds":[{"d":0.09982681,"p":88,"v":77},{"d":0.09982681,"p":76,"v":61}],"pos":-0.5,"size":1.0,"_time":41.5625},{"$id":"139","sounds":[{"d":0.203994751,"p":90,"v":76},{"d":0.203994751,"p":78,"v":60}],"pos":2.0,"size":1.0,"_time":41.66797},{"$id":"140","sounds":[{"d":0.203994751,"p":71,"v":35},{"d":0.203994751,"p":83,"v":51}],"size":1.0,"_time":41.875},{"$id":"141","sounds":[{"d":0.203994751,"p":86,"v":72},{"d":0.203994751,"p":74,"v":56}],"pos":1.0,"size":1.0,"_time":42.08203},{"$id":"142","sounds":[{"d":0.203994751,"p":71,"v":46},{"d":0.203994751,"p":83,"v":62}],"size":1.0,"_time":42.29297},{"$id":"143","sounds":[{"d":0.203994751,"p":78,"v":68},{"d":0.203994751,"p":90,"v":84}],"pos":2.0,"size":1.0,"_time":42.5},{"$id":"144","sounds":[{"d":0.203994751,"p":83,"v":52},{"d":0.203994751,"p":71,"v":36}],"size":1.0,"_time":42.70703},{"$id":"145","sounds":[{"d":0.203994751,"p":86,"v":69},{"d":0.203994751,"p":74,"v":53}],"pos":1.0,"size":1.0,"_time":42.91797},{"$id":"146","sounds":[{"d":0.203994751,"p":83,"v":63},{"d":0.203994751,"p":71,"v":47}],"size":1.0,"_time":43.125},{"$id":"147","sounds":[{"d":0.203994751,"p":90,"v":89},{"d":0.203994751,"p":78,"v":73}],"pos":2.0,"size":1.0,"_time":43.33203},{"$id":"148","sounds":[{"d":0.203994751,"p":81,"v":52},{"d":0.203994751,"p":69,"v":36}],"pos":-1.0,"size":1.0,"_time":43.54297},{"$id":"149","sounds":[{"d":0.203994751,"p":73,"v":66},{"d":0.203994751,"p":85,"v":82}],"size":1.0,"_time":43.75},{"$id":"150","sounds":[{"d":0.203994751,"p":81,"v":52},{"d":0.203994751,"p":69,"v":36}],"pos":-1.0,"size":1.0,"_time":43.95703},{"$id":"151","sounds":[{"d":0.203994751,"p":76,"v":68},{"d":0.203994751,"p":88,"v":84}],"pos":1.5,"size":1.0,"_time":44.16797},{"$id":"152","sounds":[{"d":0.203994751,"p":69,"v":36},{"d":0.203994751,"p":81,"v":52}],"pos":-1.0,"size":1.0,"_time":44.375},{"$id":"153","sounds":[{"d":0.203994751,"p":85,"v":82},{"d":0.203994751,"p":73,"v":66}],"size":1.0,"_time":44.58203},{"$id":"154","sounds":[{"d":0.203994751,"p":69,"v":42},{"d":0.203994751,"p":81,"v":58}],"pos":-1.0,"size":1.0,"_time":44.79297},{"$id":"155","sounds":[{"d":0.203994751,"p":74,"v":56},{"d":0.203994751,"p":86,"v":72}],"pos":1.0,"size":1.0,"_time":45.0},{"$id":"156","sounds":[{"d":0.203994751,"p":66,"v":42},{"d":0.203994751,"p":78,"v":58}],"pos":-2.0,"size":1.0,"_time":45.20703},{"$id":"157","sounds":[{"d":0.203994751,"p":83,"v":70},{"d":0.203994751,"p":71,"v":54}],"pos":-0.5,"size":1.0,"_time":45.41797},{"$id":"158","sounds":[{"d":0.203994751,"p":78,"v":57},{"d":0.203994751,"p":66,"v":41}],"pos":-2.0,"size":1.0,"_time":45.625},{"$id":"159","sounds":[{"d":0.203994751,"p":86,"v":81},{"d":0.203994751,"p":74,"v":65}],"pos":1.0,"size":1.0,"_time":45.83203},{"$id":"160","sounds":[{"d":0.203994751,"p":66,"v":43},{"d":0.203994751,"p":78,"v":59}],"pos":-2.0,"size":1.0,"_time":46.04297},{"$id":"161","sounds":[{"d":0.203994751,"p":83,"v":60},{"d":0.203994751,"p":71,"v":44}],"pos":-0.5,"size":1.0,"_time":46.25},{"$id":"162","sounds":[{"d":0.203994751,"p":78,"v":61},{"d":0.203994751,"p":66,"v":45}],"pos":-2.0,"size":1.0,"_time":46.45703},{"$id":"163","sounds":[{"d":0.203994751,"p":74,"v":63},{"d":0.203994751,"p":86,"v":79}],"pos":1.0,"size":1.0,"_time":46.66797},{"$id":"164","sounds":[{"d":0.203994751,"p":79,"v":65},{"d":0.203994751,"p":67,"v":49}],"pos":-1.5,"size":1.0,"_time":46.875},{"$id":"165","sounds":[{"d":0.203994751,"p":71,"v":64},{"d":0.203994751,"p":83,"v":80}],"pos":-0.5,"size":1.0,"_time":47.08203},{"$id":"166","sounds":[{"d":0.203994751,"p":67,"v":41},{"d":0.203994751,"p":79,"v":57}],"pos":-1.5,"size":1.0,"_time":47.29297},{"$id":"167","sounds":[{"d":0.203994751,"p":85,"v":89},{"d":0.203994751,"p":73,"v":73}],"pos":1.0,"size":1.0,"_time":47.5},{"$id":"168","sounds":[{"d":0.203994751,"p":76,"v":26},{"d":0.203994751,"p":64,"v":10}],"pos":-1.0,"size":1.0,"_time":47.70703},{"$id":"169","sounds":[{"d":0.203994751,"p":82,"v":77},{"d":0.203994751,"p":70,"v":61}],"size":1.0,"_time":47.91797},{"$id":"170","sounds":[{"d":0.203994751,"p":85,"v":83},{"d":0.203994751,"p":73,"v":67}],"pos":1.0,"size":1.0,"_time":48.125},{"$id":"171","sounds":[{"d":0.09982681,"p":82,"v":76},{"d":0.09982681,"p":70,"v":60}],"pos":-1.0,"size":1.0,"_time":48.33203},{"$id":"172","sounds":[{"d":0.09982681,"p":64,"v":46},{"d":0.09982681,"p":76,"v":62}],"pos":-2.0,"size":1.0,"_time":48.4375},{"$id":"173","sounds":[{"d":0.09982681,"p":78,"v":64},{"d":0.09982681,"p":66,"v":48}],"pos":-2.0,"size":1.0,"_time":48.54297},{"$id":"174","sounds":[{"d":0.09982681,"p":82,"v":59},{"d":0.09982681,"p":70,"v":43}],"pos":-1.0,"size":1.0,"_time":48.64453},{"$id":"175","sounds":[{"d":0.09982681,"p":83,"v":75},{"d":0.09982681,"p":71,"v":59}],"size":1.0,"_time":48.75},{"$id":"176","sounds":[{"d":0.09982681,"p":85,"v":70},{"d":0.09982681,"p":73,"v":54}],"pos":0.5,"size":1.0,"_time":48.85547},{"$id":"177","sounds":[{"d":0.09982681,"p":86,"v":69},{"d":0.09982681,"p":74,"v":53}],"size":1.0,"_time":48.95703},{"$id":"178","sounds":[{"d":0.09982681,"p":88,"v":63},{"d":0.09982681,"p":76,"v":47}],"pos":-1.0,"size":1.0,"_time":49.0625},{"$id":"179","sounds":[{"d":0.09982681,"p":82,"v":73},{"d":0.09982681,"p":70,"v":57}],"pos":1.0,"size":1.0,"_time":49.16797},{"$id":"180","sounds":[{"d":0.09982681,"p":85,"v":69},{"d":0.09982681,"p":73,"v":53}],"size":1.0,"_time":49.26953},{"$id":"181","sounds":[{"d":0.09982681,"p":88,"v":63},{"d":0.09982681,"p":76,"v":47}],"pos":1.5,"size":1.0,"_time":49.375},{"$id":"182","sounds":[{"d":0.09982681,"p":73,"v":64},{"d":0.09982681,"p":85,"v":80}],"pos":0.5,"size":1.0,"_time":49.48047},{"$id":"183","sounds":[{"d":0.2517357,"p":90,"v":90},{"d":0.2517357,"p":78,"v":74}],"pos":2.0,"size":1.0,"_time":49.58203},{"$id":"184","sounds":[{"d":0.221355438,"p":62,"v":107},{"d":0.217014313,"p":66,"v":117},{"d":0.217014313,"p":71,"v":104}],"pos":2.0,"size":1.30000007,"_time":50.0},{"$id":"185","sounds":[{"d":0.221355438,"p":47,"v":109}],"pos":-2.0,"size":1.4000001,"_time":50.0},{"$id":"186","sounds":[{"d":0.09114456,"p":47,"v":94}],"pos":-1.0,"size":1.30000007,"_time":50.41797},{"$id":"187","sounds":[{"d":0.177951813,"p":47,"v":110}],"pos":18.0,"size":1.0,"_time":50.625},{"$id":"188","sounds":[{"d":0.177951813,"p":66,"v":113},{"d":0.177951813,"p":73,"v":96},{"d":0.177951813,"p":70,"v":101}],"size":1.30000007,"_time":50.625},{"$id":"189","sounds":[{"d":0.09548569,"p":47,"v":106}],"pos":18.0,"size":1.0,"_time":51.04297},{"$id":"190","sounds":[{"d":0.208332062,"p":47,"v":111}],"pos":-2.0,"size":1.30000007,"_time":51.25},{"$id":"191","sounds":[{"d":0.208332062,"p":74,"v":94},{"d":0.208332062,"p":71,"v":102},{"d":0.208332062,"p":66,"v":109}],"pos":2.0,"size":1.30000007,"_time":51.25},{"$id":"192","sounds":[{"d":0.08680725,"p":47,"v":87}],"pos":-1.0,"size":1.30000007,"_time":51.66797},{"$id":"193","sounds":[{"d":0.208332062,"p":47,"v":112}],"pos":18.0,"size":1.0,"_time":51.875},{"$id":"194","sounds":[{"d":0.208332062,"p":71,"v":95},{"d":0.208332062,"p":74,"v":99},{"d":0.208332062,"p":66,"v":107}],"pos":2.0,"size":1.30000007,"_time":51.875},{"$id":"195","sounds":[{"d":0.286460876,"p":73,"v":92},{"d":0.277778625,"p":66,"v":99},{"d":0.2734375,"p":70,"v":102}],"pos":1.0,"size":1.30000007,"_time":52.5},{"$id":"196","sounds":[{"d":0.269096375,"p":47,"v":96}],"pos":18.0,"size":1.0,"_time":52.5},{"$id":"197","sounds":[{"d":0.286460876,"p":70,"v":92},{"d":0.286460876,"p":67,"v":102},{"d":0.290802,"p":64,"v":81}],"pos":-1.0,"size":1.30000007,"_time":52.91797},{"$id":"198","sounds":[{"d":0.260417938,"p":47,"v":89}],"pos":18.0,"size":1.0,"_time":52.91797},{"$id":"199","sounds":[{"d":0.186634064,"p":47,"v":85}],"pos":2.0,"size":1.30000007,"_time":53.33203},{"$id":"200","sounds":[{"d":0.182292938,"p":69,"v":94},{"d":0.186634064,"p":62,"v":88},{"d":0.190975189,"p":66,"v":90}],"pos":-2.0,"size":1.30000007,"_time":53.33203},{"$id":"201","sounds":[{"d":0.108505249,"p":47,"v":88}],"pos":1.0,"size":1.30000007,"_time":53.75},{"$id":"202","sounds":[{"d":0.208332062,"p":47,"v":76}],"pos":18.0,"size":1.0,"_time":53.95703},{"$id":"203","sounds":[{"d":0.208332062,"p":61,"v":100},{"d":0.208332062,"p":64,"v":94},{"d":0.208332062,"p":67,"v":102}],"size":1.30000007,"_time":53.95703},{"$id":"204","sounds":[{"d":0.290802,"p":47,"v":88}],"pos":2.0,"size":1.30000007,"_time":54.58203},{"$id":"205","sounds":[{"d":0.277778625,"p":66,"v":98},{"d":0.2734375,"p":62,"v":88},{"d":0.286460876,"p":59,"v":86}],"pos":-1.0,"size":1.30000007,"_time":54.58203},{"$id":"206","sounds":[{"d":0.182292938,"p":47,"v":93}],"pos":1.0,"size":1.30000007,"_time":55.0},{"$id":"207","sounds":[{"d":0.121528625,"p":59,"v":90},{"d":0.09548569,"p":54,"v":94},{"d":0.151908875,"p":62,"v":109}],"pos":-2.0,"size":1.30000007,"_time":55.20703},{"$id":"208","sounds":[{"d":0.169269562,"p":47,"v":92}],"pos":18.0,"size":1.0,"_time":55.41797},{"$id":"209","sounds":[{"d":0.203994751,"p":66,"v":103},{"d":0.203994751,"p":59,"v":82},{"d":0.203994751,"p":62,"v":94}],"pos":-1.0,"size":1.30000007,"_time":55.625},{"$id":"210","sounds":[{"d":0.186630249,"p":47,"v":88}],"pos":18.0,"size":1.0,"_time":55.83203},{"$id":"211","sounds":[{"d":0.203994751,"p":66,"v":97},{"d":0.203994751,"p":62,"v":97},{"d":0.203994751,"p":69,"v":103}],"size":1.30000007,"_time":56.04297},{"$id":"212","sounds":[{"d":0.15625,"p":47,"v":95}],"pos":18.0,"size":1.0,"_time":56.25},{"$id":"213","sounds":[{"d":0.169269562,"p":66,"v":110},{"d":0.169269562,"p":70,"v":105},{"d":0.169269562,"p":73,"v":97}],"pos":1.0,"size":1.30000007,"_time":56.45703},{"$id":"214","sounds":[{"d":0.238716125,"p":47,"v":109}],"pos":-2.0,"size":1.30000007,"_time":56.66797},{"$id":"215","sounds":[{"d":0.238716125,"p":66,"v":117},{"d":0.238716125,"p":62,"v":107},{"d":0.238716125,"p":71,"v":104}],"pos":2.0,"size":1.30000007,"_time":56.66797},{"$id":"216","sounds":[{"d":0.09114456,"p":47,"v":94}],"pos":-1.0,"size":1.30000007,"_time":57.08203},{"$id":"217","sounds":[{"d":0.190971375,"p":47,"v":110}],"pos":18.0,"size":1.0,"_time":57.29297},{"$id":"218","sounds":[{"d":0.190971375,"p":66,"v":113},{"d":0.190971375,"p":70,"v":101},{"d":0.190971375,"p":73,"v":96}],"size":1.30000007,"_time":57.29297},{"$id":"219","sounds":[{"d":0.09548569,"p":47,"v":106}],"pos":-2.0,"size":1.30000007,"_time":57.70703},{"$id":"220","sounds":[{"d":0.186630249,"p":47,"v":111}],"pos":18.0,"size":1.0,"_time":57.91797},{"$id":"221","sounds":[{"d":0.186630249,"p":74,"v":94},{"d":0.186630249,"p":71,"v":102},{"d":0.186630249,"p":66,"v":109}],"pos":2.0,"size":1.30000007,"_time":57.91797},{"$id":"222","sounds":[{"d":0.08680725,"p":47,"v":87}],"pos":-1.0,"size":1.30000007,"_time":58.33203},{"$id":"223","sounds":[{"d":0.1953125,"p":47,"v":112}],"pos":18.0,"size":1.0,"_time":58.54297},{"$id":"224","sounds":[{"d":0.1953125,"p":71,"v":95},{"d":0.1953125,"p":74,"v":99},{"d":0.1953125,"p":66,"v":107}],"pos":2.0,"size":1.30000007,"_time":58.54297},{"$id":"225","sounds":[{"d":0.186630249,"p":47,"v":96}],"pos":18.0,"size":1.0,"_time":59.16797},{"$id":"226","sounds":[{"d":0.186630249,"p":70,"v":102},{"d":0.186630249,"p":73,"v":92},{"d":0.186630249,"p":66,"v":99}],"pos":1.0,"size":1.30000007,"_time":59.16797},{"$id":"227","sounds":[{"d":0.203994751,"p":70,"v":84},{"d":0.203994751,"p":73,"v":87},{"d":0.203994751,"p":66,"v":85}],"pos":1.0,"size":1.30000007,"_time":59.375},{"$id":"228","sounds":[{"d":0.186630249,"p":47,"v":89}],"pos":18.0,"size":1.0,"_time":59.58203},{"$id":"229","sounds":[{"d":0.186630249,"p":70,"v":92},{"d":0.186630249,"p":67,"v":102},{"d":0.186630249,"p":64,"v":81}],"pos":-1.0,"size":1.30000007,"_time":59.58203},{"$id":"230","sounds":[{"d":0.186630249,"p":47,"v":85}],"pos":2.0,"size":1.30000007,"_time":60.0},{"$id":"231","sounds":[{"d":0.186630249,"p":66,"v":90},{"d":0.186630249,"p":69,"v":94},{"d":0.186630249,"p":62,"v":88}],"pos":-2.0,"size":1.30000007,"_time":60.0},{"$id":"232","sounds":[{"d":0.108505249,"p":47,"v":88}],"pos":1.0,"size":1.30000007,"_time":60.41797},{"$id":"233","sounds":[{"d":0.1953125,"p":47,"v":76}],"pos":18.0,"size":1.0,"_time":60.625},{"$id":"234","sounds":[{"d":0.1953125,"p":67,"v":102},{"d":0.1953125,"p":64,"v":94},{"d":0.1953125,"p":61,"v":100}],"size":1.30000007,"_time":60.625},{"$id":"235","sounds":[{"d":0.203994751,"p":59,"v":86},{"d":0.199653625,"p":66,"v":98},{"d":0.1953125,"p":62,"v":88}],"pos":-1.0,"size":1.30000007,"_time":61.25},{"$id":"236","sounds":[{"d":0.186630249,"p":47,"v":88}],"pos":2.0,"size":1.30000007,"_time":61.25},{"$id":"237","sounds":[{"d":0.182292938,"p":47,"v":93}],"pos":1.0,"size":1.30000007,"_time":61.66797},{"$id":"238","sounds":[{"d":0.203994751,"p":62,"v":109},{"d":0.203994751,"p":59,"v":90},{"d":0.203994751,"p":54,"v":94}],"pos":-2.0,"size":1.30000007,"_time":61.875},{"$id":"239","sounds":[{"d":0.169269562,"p":47,"v":92}],"pos":18.0,"size":1.0,"_time":62.08203},{"$id":"240","sounds":[{"d":0.203994751,"p":59,"v":82},{"d":0.203994751,"p":62,"v":94},{"d":0.203994751,"p":66,"v":103}],"pos":-1.0,"size":1.30000007,"_time":62.29297},{"$id":"241","sounds":[{"d":0.186630249,"p":47,"v":88}],"pos":18.0,"size":1.0,"_time":62.5},{"$id":"242","sounds":[{"d":0.203994751,"p":66,"v":97},{"d":0.203994751,"p":69,"v":103},{"d":0.203994751,"p":62,"v":97}],"size":1.30000007,"_time":62.70703},{"$id":"243","sounds":[{"d":0.15625,"p":47,"v":95}],"pos":18.0,"size":1.0,"_time":62.91797},{"$id":"244","sounds":[{"d":0.182292938,"p":73,"v":97},{"d":0.164932251,"p":70,"v":105},{"d":0.182292938,"p":66,"v":110}],"pos":1.0,"size":1.30000007,"_time":63.125},{"$id":"245","sounds":[{"d":0.203994751,"p":66,"v":106},{"d":0.203994751,"p":78,"v":106}],"pos":-2.0,"size":1.0,"_time":63.33203},{"$id":"246","sounds":[{"d":0.203994751,"p":83,"v":106},{"d":0.203994751,"p":71,"v":106}],"pos":-1.0,"size":1.0,"_time":63.54297},{"$id":"247","sounds":[{"d":0.203994751,"p":85,"v":106},{"d":0.203994751,"p":73,"v":106}],"size":1.0,"_time":63.75},{"$id":"248","sounds":[{"d":0.203990936,"p":74,"v":106},{"d":0.203990936,"p":86,"v":106}],"pos":1.0,"size":1.0,"_time":63.95703},{"$id":"249","sounds":[{"d":0.3125,"p":88,"v":106},{"d":0.3125,"p":76,"v":106}],"pos":2.0,"size":1.0,"_time":64.16797},{"$id":"250","sounds":[{"d":0.203994751,"p":76,"v":106},{"d":0.203994751,"p":88,"v":106}],"pos":2.0,"size":1.0,"_time":64.58203},{"$id":"251","sounds":[{"d":0.099823,"p":86,"v":106},{"d":0.099823,"p":74,"v":106}],"pos":1.0,"size":1.0,"_time":64.79297},{"$id":"252","sounds":[{"d":0.099823,"p":73,"v":106},{"d":0.099823,"p":85,"v":106}],"size":1.0,"_time":64.89453},{"$id":"253","sounds":[{"d":0.6206589,"p":71,"v":106},{"d":0.6206589,"p":83,"v":106}],"pos":-1.0,"size":1.0,"_time":65.0},{"$id":"254","sounds":[{"d":0.099823,"p":85,"v":106},{"d":0.099823,"p":73,"v":106}],"size":1.0,"_time":65.625},{"$id":"255","sounds":[{"d":0.099823,"p":83,"v":106},{"d":0.099823,"p":71,"v":106}],"pos":-1.0,"size":1.0,"_time":65.73047},{"$id":"256","sounds":[{"d":0.828994751,"p":81,"v":106},{"d":0.828994751,"p":69,"v":106}],"pos":-2.0,"size":1.0,"_time":65.83203},{"$id":"257","sounds":[{"d":0.203994751,"p":79,"v":106},{"d":0.203994751,"p":67,"v":106}],"size":1.0,"_time":66.66797},{"$id":"258","sounds":[{"d":0.203994751,"p":78,"v":106},{"d":0.203994751,"p":66,"v":106}],"pos":-1.0,"size":1.0,"_time":66.875},{"$id":"259","sounds":[{"d":0.203994751,"p":79,"v":106},{"d":0.203994751,"p":67,"v":106}],"pos":-2.0,"size":1.0,"_time":67.08203},{"$id":"260","sounds":[{"d":0.203994751,"p":81,"v":106},{"d":0.203994751,"p":69,"v":106}],"pos":-1.0,"size":1.0,"_time":67.29297},{"$id":"261","sounds":[{"d":0.412323,"p":83,"v":106},{"d":0.412323,"p":71,"v":106}],"size":1.0,"_time":67.5},{"$id":"262","sounds":[{"d":0.412323,"p":73,"v":106},{"d":0.412323,"p":85,"v":106}],"pos":1.0,"size":1.0,"_time":67.91797},{"$id":"263","sounds":[{"d":0.6206589,"p":74,"v":106},{"d":0.6206589,"p":86,"v":106}],"pos":2.0,"size":1.0,"_time":68.33203},{"$id":"264","sounds":[{"d":0.099823,"p":73,"v":106},{"d":0.099823,"p":85,"v":106}],"pos":1.0,"size":1.0,"_time":68.95703},{"$id":"265","sounds":[{"d":0.099823,"p":83,"v":106},{"d":0.099823,"p":71,"v":106}],"size":1.0,"_time":69.0625},{"$id":"266","sounds":[{"d":0.7248306,"p":82,"v":106},{"d":0.7248306,"p":70,"v":106}],"pos":-1.0,"size":1.0,"_time":69.16797},{"$id":"267","sounds":[{"d":0.203994751,"p":83,"v":106},{"d":0.203994751,"p":71,"v":106}],"pos":-2.0,"size":1.0,"_time":70.0},{"$id":"268","sounds":[{"d":0.203994751,"p":73,"v":106},{"d":0.203994751,"p":85,"v":106}],"pos":-1.0,"size":1.0,"_time":70.20703},{"$id":"269","sounds":[{"d":0.203994751,"p":86,"v":106},{"d":0.203994751,"p":74,"v":106}],"size":1.0,"_time":70.41797},{"$id":"270","sounds":[{"d":0.203994751,"p":76,"v":106},{"d":0.203994751,"p":88,"v":106}],"pos":1.0,"size":1.0,"_time":70.625},{"$id":"271","sounds":[{"d":0.412323,"p":90,"v":106},{"d":0.412323,"p":78,"v":106}],"pos":2.0,"size":1.0,"_time":70.83203},{"$id":"272","sounds":[{"d":0.203994751,"p":88,"v":106},{"d":0.203994751,"p":76,"v":106}],"pos":1.0,"size":1.0,"_time":71.25},{"$id":"273","sounds":[{"d":0.203994751,"p":86,"v":106},{"d":0.203994751,"p":74,"v":106}],"size":1.0,"_time":71.45703},{"$id":"274","sounds":[{"d":0.828994751,"p":73,"v":106},{"d":0.828994751,"p":85,"v":106}],"pos":-1.0,"size":1.0,"_time":71.66797},{"$id":"275","sounds":[{"d":0.412323,"p":71,"v":106},{"d":0.412323,"p":83,"v":106}],"pos":1.0,"size":1.0,"_time":72.5},{"$id":"276","sounds":[{"d":0.412323,"p":69,"v":106},{"d":0.412323,"p":81,"v":106}],"pos":-2.0,"size":1.0,"_time":72.91797},{"$id":"277","sounds":[{"d":0.203994751,"p":79,"v":106},{"d":0.203994751,"p":67,"v":106}],"size":1.0,"_time":73.33203},{"$id":"278","sounds":[{"d":0.203994751,"p":64,"v":106},{"d":0.203994751,"p":76,"v":106}],"pos":-1.0,"size":1.0,"_time":73.54297},{"$id":"279","sounds":[{"d":0.203994751,"p":67,"v":106},{"d":0.203994751,"p":79,"v":106}],"pos":-2.0,"size":1.0,"_time":73.75},{"$id":"280","sounds":[{"d":0.203994751,"p":81,"v":106},{"d":0.203994751,"p":69,"v":106}],"pos":-1.0,"size":1.0,"_time":73.95703},{"$id":"281","sounds":[{"d":0.308158875,"p":83,"v":106},{"d":0.308158875,"p":71,"v":106}],"size":1.0,"_time":74.16797},{"$id":"282","sounds":[{"d":0.308158875,"p":85,"v":106},{"d":0.308158875,"p":73,"v":106}],"pos":-1.0,"size":1.0,"_time":74.48047},{"$id":"283","sounds":[{"d":0.203994751,"p":74,"v":106},{"d":0.203994751,"p":86,"v":106}],"size":1.0,"_time":74.79297},{"$id":"284","sounds":[{"d":0.828994751,"p":88,"v":106},{"d":0.828994751,"p":76,"v":106}],"pos":1.0,"size":1.0,"_time":75.0},{"$id":"285","sounds":[{"d":0.7942734,"p":78,"v":106},{"d":0.7942734,"p":90,"v":106}],"pos":2.0,"size":1.0,"_time":75.83203},{"$id":"286","sounds":[{"d":0.203994751,"p":83,"v":106},{"d":0.203994751,"p":71,"v":106}],"pos":-2.0,"size":1.0,"_time":76.66797},{"$id":"287","sounds":[{"d":0.203994751,"p":73,"v":106},{"d":0.203994751,"p":85,"v":106}],"pos":-1.0,"size":1.0,"_time":76.875},{"$id":"288","sounds":[{"d":0.203994751,"p":74,"v":106},{"d":0.203994751,"p":86,"v":106}],"size":1.0,"_time":77.08203},{"$id":"289","sounds":[{"d":0.203994751,"p":88,"v":106},{"d":0.203994751,"p":76,"v":106}],"pos":1.0,"size":1.0,"_time":77.29297},{"$id":"290","sounds":[{"d":0.6206589,"p":90,"v":106},{"d":0.6206589,"p":78,"v":106}],"pos":2.0,"size":1.0,"_time":77.5},{"$id":"291","sounds":[{"d":0.099823,"p":88,"v":106},{"d":0.099823,"p":76,"v":106}],"pos":2.0,"size":1.0,"_time":78.125},{"$id":"292","sounds":[{"d":0.099823,"p":74,"v":106},{"d":0.099823,"p":86,"v":106}],"pos":1.0,"size":1.0,"_time":78.23047},{"$id":"293","sounds":[{"d":0.5815964,"p":73,"v":106},{"d":0.5815964,"p":85,"v":106}],"size":1.0,"_time":78.33203},{"$id":"294","sounds":[{"d":0.099823,"p":74,"v":106},{"d":0.099823,"p":86,"v":106}],"pos":1.0,"size":1.0,"_time":78.95703},{"$id":"295","sounds":[{"d":0.099823,"p":73,"v":106},{"d":0.099823,"p":85,"v":106}],"size":1.0,"_time":79.0625},{"$id":"296","sounds":[{"d":0.394966125,"p":71,"v":106},{"d":0.394966125,"p":83,"v":106}],"pos":-1.0,"size":1.0,"_time":79.16797},{"$id":"297","sounds":[{"d":0.403648376,"p":69,"v":106},{"d":0.403648376,"p":81,"v":106}],"pos":-2.0,"size":1.0,"_time":79.58203},{"$id":"298","sounds":[{"d":0.203994751,"p":79,"v":106},{"d":0.203994751,"p":67,"v":106}],"pos":-1.0,"size":1.0,"_time":80.0},{"$id":"299","sounds":[{"d":0.212677,"p":81,"v":106},{"d":0.212677,"p":69,"v":106}],"pos":-2.0,"size":1.0,"_time":80.20703},{"$id":"300","sounds":[{"d":0.186630249,"p":83,"v":106},{"d":0.186630249,"p":71,"v":106}],"pos":-1.0,"size":1.0,"_time":80.41797},{"$id":"301","sounds":[{"d":0.238716125,"p":85,"v":106},{"d":0.238716125,"p":73,"v":106}],"size":1.0,"_time":80.625},{"$id":"302","sounds":[{"d":0.4296875,"p":86,"v":106},{"d":0.4296875,"p":74,"v":106}],"pos":1.0,"size":1.0,"_time":80.83203},{"$id":"303","sounds":[{"d":0.243057251,"p":73,"v":106},{"d":0.243057251,"p":85,"v":106}],"pos":-1.0,"size":1.0,"_time":81.25},{"$id":"304","sounds":[{"d":0.221359253,"p":86,"v":106},{"d":0.221359253,"p":74,"v":106}],"size":1.0,"_time":81.45703},{"$id":"305","sounds":[{"d":0.828994751,"p":88,"v":106},{"d":0.828994751,"p":76,"v":106}],"pos":1.0,"size":1.0,"_time":81.66797},{"$id":"306","sounds":[{"d":0.394966125,"p":90,"v":106},{"d":0.394966125,"p":78,"v":106}],"pos":2.0,"size":1.0,"_time":82.5},{"$id":"307","sounds":[{"d":0.381942749,"p":88,"v":106},{"d":0.381942749,"p":76,"v":106}],"pos":1.0,"size":1.0,"_time":82.91797},{"$id":"308","sounds":[{"d":2.49565887,"p":86,"v":118},{"d":2.49565887,"p":74,"v":118}],"size":1.0,"_time":83.33203},{"$id":"309","sounds":[{"d":0.203994751,"p":71,"v":118},{"d":0.203994751,"p":83,"v":118}],"pos":-2.0,"size":1.0,"_time":85.83203},{"$id":"310","sounds":[{"d":0.203994751,"p":73,"v":118},{"d":0.203994751,"p":85,"v":118}],"pos":-1.0,"size":1.0,"_time":86.04297},{"$id":"311","sounds":[{"d":0.203994751,"p":74,"v":118},{"d":0.203994751,"p":86,"v":118}],"size":1.0,"_time":86.25},{"$id":"312","sounds":[{"d":0.203994751,"p":78,"v":118},{"d":0.203994751,"p":90,"v":118}],"pos":2.0,"size":1.0,"_time":86.45703},{"$id":"313","sounds":[{"d":2.28733063,"p":74,"v":118},{"d":2.28733063,"p":86,"v":118}],"size":1.0,"_time":86.66797},{"$id":"314","sounds":[{"d":0.099823,"p":71,"v":118},{"d":0.099823,"p":83,"v":118}],"pos":-1.0,"size":1.0,"_time":88.95703},{"$id":"315","sounds":[{"d":0.099823,"p":86,"v":118},{"d":0.099823,"p":74,"v":118}],"size":1.0,"_time":89.0625},{"$id":"316","sounds":[{"d":0.412323,"p":88,"v":118},{"d":0.412323,"p":76,"v":118}],"pos":1.0,"size":1.0,"_time":89.16797},{"$id":"317","sounds":[{"d":0.412323,"p":74,"v":118},{"d":0.412323,"p":86,"v":118}],"size":1.0,"_time":89.58203},{"$id":"318","sounds":[{"d":2.45659637,"p":86,"v":118},{"d":2.45659637,"p":74,"v":118}],"size":1.0,"_time":90.0},{"$id":"319","sounds":[{"d":0.099823,"p":76,"v":118},{"d":0.099823,"p":88,"v":118}],"pos":0.5,"size":1.0,"_time":92.5},{"$id":"320","sounds":[{"d":0.099823,"p":73,"v":118},{"d":0.099823,"p":85,"v":118}],"pos":-0.5,"size":1.0,"_time":92.60547},{"$id":"321","sounds":[{"d":0.203994751,"p":74,"v":118},{"d":0.203994751,"p":86,"v":118}],"size":1.0,"_time":92.70703},{"$id":"322","sounds":[{"d":0.099823,"p":76,"v":118},{"d":0.099823,"p":88,"v":118}],"pos":0.5,"size":1.0,"_time":92.91797},{"$id":"323","sounds":[{"d":0.099823,"p":85,"v":118},{"d":0.099823,"p":73,"v":118}],"pos":-0.5,"size":1.0,"_time":93.01953},{"$id":"324","sounds":[{"d":0.099823,"p":86,"v":118},{"d":0.099823,"p":74,"v":118}],"size":1.0,"_time":93.125},{"$id":"325","sounds":[{"d":0.099823,"p":88,"v":118},{"d":0.099823,"p":76,"v":118}],"pos":0.5,"size":1.0,"_time":93.23047},{"$id":"326","sounds":[{"d":0.364585876,"p":78,"v":118},{"d":0.364585876,"p":90,"v":118}],"pos":1.0,"size":1.0,"_time":93.33203},{"$id":"327","sounds":[{"d":1.51475525,"p":81,"v":118},{"d":1.51475525,"p":93,"v":118}],"pos":2.0,"size":1.0,"_time":93.95703},{"$id":"328","sounds":[{"d":0.1388855,"p":79,"v":118},{"d":0.1388855,"p":91,"v":118}],"pos":1.0,"size":1.0,"_time":95.83203},{"$id":"329","sounds":[{"d":0.1388855,"p":79,"v":118},{"d":0.1388855,"p":91,"v":118}],"pos":1.0,"size":1.0,"_time":96.04297},{"$id":"330","sounds":[{"d":3.42014313,"p":78,"v":118},{"d":3.42014313,"p":90,"v":118}],"pos":-1.0,"size":1.0,"_time":96.45703},{"$id":"331","sounds":[{"d":0.164932251,"p":64,"v":100}],"pos":-2.0,"size":1.30000007,"_time":100.0},{"$id":"332","sounds":[{"d":0.186630249,"p":67,"v":93}],"pos":-1.0,"size":1.30000007,"_time":100.207031},{"$id":"333","sounds":[{"d":0.212677,"p":71,"v":103}],"pos":1.0,"size":1.30000007,"_time":100.417969},{"$id":"334","sounds":[{"d":0.134544373,"p":64,"v":67}],"pos":18.0,"size":1.30000007,"_time":100.625},{"$id":"335","sounds":[{"d":0.190971375,"p":67,"v":92}],"pos":-1.0,"size":1.30000007,"_time":100.730469},{"$id":"336","sounds":[{"d":0.160591125,"p":70,"v":92}],"size":1.30000007,"_time":100.9375},{"$id":"337","sounds":[{"d":0.104164124,"p":64,"v":65}],"pos":18.0,"size":1.30000007,"_time":101.144531},{"$id":"338","sounds":[{"d":0.208335876,"p":67,"v":96}],"pos":-1.0,"size":1.30000007,"_time":101.25},{"$id":"339","sounds":[{"d":0.186630249,"p":71,"v":82}],"pos":1.0,"size":1.30000007,"_time":101.457031},{"$id":"340","sounds":[{"d":0.243057251,"p":64,"v":88}],"pos":-2.0,"size":1.30000007,"_time":101.667969},{"$id":"341","sounds":[{"d":0.2517395,"p":67,"v":84}],"pos":-1.0,"size":1.30000007,"_time":101.875},{"$id":"342","sounds":[{"d":0.199653625,"p":72,"v":103}],"size":1.30000007,"_time":102.082031},{"$id":"343","sounds":[{"d":0.169265747,"p":64,"v":63}],"pos":18.0,"size":1.30000007,"_time":102.292969},{"$id":"344","sounds":[{"d":0.2387085,"p":67,"v":95}],"pos":-1.0,"size":1.30000007,"_time":102.394531},{"$id":"345","sounds":[{"d":0.186630249,"p":73,"v":96}],"pos":1.0,"size":1.30000007,"_time":102.605469},{"$id":"346","sounds":[{"d":0.1953125,"p":64,"v":81}],"pos":18.0,"size":1.30000007,"_time":102.8125},{"$id":"347","sounds":[{"d":0.247398376,"p":67,"v":82}],"pos":-1.0,"size":1.30000007,"_time":102.917969},{"$id":"348","sounds":[{"d":0.164932251,"p":74,"v":90}],"pos":2.0,"size":1.30000007,"_time":103.125},{"$id":"349","sounds":[{"d":0.182289124,"p":64,"v":92}],"pos":-2.0,"size":1.30000007,"_time":103.332031},{"$id":"350","sounds":[{"d":0.243057251,"p":67,"v":88}],"pos":-1.0,"size":1.30000007,"_time":103.542969},{"$id":"351","sounds":[{"d":0.208335876,"p":73,"v":97}],"pos":2.0,"size":1.30000007,"_time":103.75},{"$id":"352","sounds":[{"d":0.15625,"p":64,"v":71}],"pos":18.0,"size":1.30000007,"_time":103.957031},{"$id":"353","sounds":[{"d":0.247398376,"p":67,"v":76}],"pos":-1.0,"size":1.30000007,"_time":104.0625},{"$id":"354","sounds":[{"d":0.1736145,"p":72,"v":84}],"pos":1.0,"size":1.30000007,"_time":104.269531},{"$id":"355","sounds":[{"d":0.143226624,"p":64,"v":66}],"pos":18.0,"size":1.30000007,"_time":104.480469},{"$id":"356","sounds":[{"d":0.277778625,"p":67,"v":85}],"pos":-1.0,"size":1.30000007,"_time":104.582031},{"$id":"357","sounds":[{"d":0.230026245,"p":71,"v":82}],"size":1.30000007,"_time":104.792969},{"$id":"358","sounds":[{"d":0.208328247,"p":64,"v":78}],"pos":-2.0,"size":1.30000007,"_time":105.0},{"$id":"359","sounds":[{"d":0.238716125,"p":67,"v":86}],"pos":-1.0,"size":1.30000007,"_time":105.207031},{"$id":"360","sounds":[{"d":0.190971375,"p":70,"v":93}],"size":1.30000007,"_time":105.417969},{"$id":"361","sounds":[{"d":0.147567749,"p":64,"v":61}],"pos":18.0,"size":1.30000007,"_time":105.625},{"$id":"362","sounds":[{"d":0.295143127,"p":67,"v":91}],"pos":-1.0,"size":1.30000007,"_time":105.730469},{"$id":"363","sounds":[{"d":0.208335876,"p":71,"v":86}],"pos":1.0,"size":1.30000007,"_time":105.9375},{"$id":"364","sounds":[{"d":0.104164124,"p":64,"v":75}],"pos":18.0,"size":1.30000007,"_time":106.144531},{"$id":"365","sounds":[{"d":0.177948,"p":72,"v":96}],"pos":2.0,"size":1.30000007,"_time":106.25},{"$id":"366","sounds":[{"d":0.212677,"p":71,"v":81}],"pos":1.0,"size":1.30000007,"_time":106.457031},{"$id":"367","sounds":[{"d":0.190971375,"p":62,"v":88}],"pos":-2.0,"size":1.30000007,"_time":106.667969},{"$id":"368","sounds":[{"d":0.2734375,"p":66,"v":80}],"pos":-1.0,"size":1.30000007,"_time":106.875},{"$id":"369","sounds":[{"d":0.269088745,"p":71,"v":101}],"pos":1.0,"size":1.30000007,"_time":107.082031},{"$id":"370","sounds":[{"d":0.2734375,"p":62,"v":67}],"pos":18.0,"size":1.30000007,"_time":107.292969},{"$id":"371","sounds":[{"d":0.2517395,"p":66,"v":82}],"pos":-1.0,"size":1.30000007,"_time":107.394531},{"$id":"372","sounds":[{"d":0.217018127,"p":70,"v":97}],"size":1.30000007,"_time":107.605469},{"$id":"373","sounds":[{"d":0.277786255,"p":62,"v":68}],"pos":18.0,"size":1.30000007,"_time":107.8125},{"$id":"374","sounds":[{"d":0.316841125,"p":66,"v":87}],"pos":-1.0,"size":1.30000007,"_time":107.917969},{"$id":"375","sounds":[{"d":0.208328247,"p":71,"v":82}],"pos":1.0,"size":1.30000007,"_time":108.125},{"$id":"376","sounds":[{"d":0.455734253,"p":62,"v":91}],"pos":-2.0,"size":1.30000007,"_time":108.332031},{"$id":"377","sounds":[{"d":0.308158875,"p":66,"v":73}],"pos":-1.0,"size":1.30000007,"_time":108.542969},{"$id":"378","sounds":[{"d":0.230026245,"p":71,"v":90}],"size":1.30000007,"_time":108.75},{"$id":"379","sounds":[{"d":0.3515625,"p":62,"v":62}],"pos":18.0,"size":1.30000007,"_time":108.957031},{"$id":"380","sounds":[{"d":0.2734375,"p":66,"v":69}],"pos":-1.0,"size":1.30000007,"_time":109.0625},{"$id":"381","sounds":[{"d":0.160591125,"p":72,"v":97}],"pos":1.0,"size":1.30000007,"_time":109.269531},{"$id":"382","sounds":[{"d":0.143226624,"p":62,"v":85}],"pos":18.0,"size":1.30000007,"_time":109.480469},{"$id":"383","sounds":[{"d":0.125869751,"p":73,"v":94}],"pos":-1.0,"size":1.30000007,"_time":109.582031},{"$id":"384","sounds":[{"d":0.1736145,"p":74,"v":86}],"pos":2.0,"size":1.30000007,"_time":109.792969},{"$id":"385","sounds":[{"d":0.434036255,"p":62,"v":88}],"pos":-2.0,"size":1.30000007,"_time":110.0},{"$id":"386","sounds":[{"d":0.24306488,"p":66,"v":88}],"pos":-1.0,"size":1.30000007,"_time":110.207031},{"$id":"387","sounds":[{"d":0.2083435,"p":71,"v":94}],"pos":1.0,"size":1.30000007,"_time":110.417969},{"$id":"388","sounds":[{"d":0.277778625,"p":62,"v":70}],"pos":18.0,"size":1.30000007,"_time":110.625},{"$id":"389","sounds":[{"d":0.234375,"p":66,"v":75}],"pos":-1.0,"size":1.30000007,"_time":110.730469},{"$id":"390","sounds":[{"d":0.234367371,"p":70,"v":89}],"size":1.30000007,"_time":110.9375},{"$id":"391","sounds":[{"d":0.169265747,"p":62,"v":65}],"pos":18.0,"size":1.30000007,"_time":111.144531},{"$id":"392","sounds":[{"d":0.225692749,"p":66,"v":78}],"pos":-1.0,"size":1.30000007,"_time":111.25},{"$id":"393","sounds":[{"d":0.217018127,"p":71,"v":90}],"pos":1.0,"size":1.30000007,"_time":111.457031},{"$id":"394","sounds":[{"d":0.416671753,"p":62,"v":72}],"pos":-2.0,"size":1.30000007,"_time":111.667969},{"$id":"395","sounds":[{"d":0.282119751,"p":66,"v":68}],"pos":-1.0,"size":1.30000007,"_time":111.875},{"$id":"396","sounds":[{"d":0.212677,"p":71,"v":92}],"size":1.30000007,"_time":112.082031},{"$id":"397","sounds":[{"d":0.1388855,"p":62,"v":65}],"pos":18.0,"size":1.30000007,"_time":112.292969},{"$id":"398","sounds":[{"d":0.1953125,"p":73,"v":99}],"pos":2.0,"size":1.30000007,"_time":112.394531},{"$id":"399","sounds":[{"d":0.112846375,"p":62,"v":71}],"pos":18.0,"size":1.30000007,"_time":112.605469},{"$id":"400","sounds":[{"d":0.199653625,"p":72,"v":92}],"pos":1.0,"size":1.30000007,"_time":112.707031},{"$id":"401","sounds":[{"d":0.234375,"p":62,"v":80}],"pos":-1.0,"size":1.30000007,"_time":112.917969},{"$id":"402","sounds":[{"d":0.186630249,"p":66,"v":98}],"size":1.30000007,"_time":113.125},{"$id":"403","sounds":[{"d":1.67533875,"p":55,"v":108},{"d":1.66231537,"p":43,"v":98}],"pos":18.0,"size":1.0,"_time":113.332031},{"$id":"404","sounds":[{"d":0.182289124,"p":71,"v":120},{"d":0.182289124,"p":83,"v":120}],"pos":2.0,"size":0.6999999,"_time":113.332031},{"$id":"405","sounds":[{"d":0.1736145,"p":74,"v":86},{"d":0.1736145,"p":62,"v":86}],"pos":-1.0,"size":0.6999999,"_time":113.542969},{"$id":"406","sounds":[{"d":0.243057251,"p":78,"v":118},{"d":0.243057251,"p":66,"v":118}],"size":0.6999999,"_time":113.75},{"$id":"407","sounds":[{"d":0.130203247,"p":74,"v":73},{"d":0.130203247,"p":62,"v":73}],"pos":18.0,"size":1.0,"_time":113.957031},{"$id":"408","sounds":[{"d":0.225692749,"p":71,"v":102},{"d":0.225692749,"p":83,"v":102}],"pos":2.0,"size":0.6999999,"_time":114.0625},{"$id":"409","sounds":[{"d":0.125869751,"p":74,"v":70},{"d":0.125869751,"p":62,"v":70}],"pos":18.0,"size":1.0,"_time":114.269531},{"$id":"410","sounds":[{"d":0.2387085,"p":66,"v":109},{"d":0.2387085,"p":78,"v":109}],"size":0.6999999,"_time":114.375},{"$id":"411","sounds":[{"d":0.399299622,"p":74,"v":93},{"d":0.399299622,"p":62,"v":93}],"pos":-1.0,"size":0.6999999,"_time":114.582031},{"$id":"412","sounds":[{"d":0.208335876,"p":66,"v":104},{"d":0.208335876,"p":78,"v":104}],"size":0.6999999,"_time":114.792969},{"$id":"413","sounds":[{"d":1.68405151,"p":52,"v":107}],"pos":18.0,"size":1.0,"_time":115.0},{"$id":"414","sounds":[{"d":0.256080627,"p":83,"v":127},{"d":0.256080627,"p":71,"v":127}],"pos":2.0,"size":0.6999999,"_time":115.0},{"$id":"415","sounds":[{"d":0.1953125,"p":64,"v":91},{"d":0.1953125,"p":76,"v":91}],"pos":-1.0,"size":0.6999999,"_time":115.207031},{"$id":"416","sounds":[{"d":0.221359253,"p":79,"v":118},{"d":0.221359253,"p":67,"v":118}],"pos":1.0,"size":0.6999999,"_time":115.417969},{"$id":"417","sounds":[{"d":0.138893127,"p":64,"v":97},{"d":0.138893127,"p":76,"v":97}],"pos":18.0,"size":1.0,"_time":115.625},{"$id":"418","sounds":[{"d":0.238716125,"p":83,"v":107},{"d":0.238716125,"p":71,"v":107}],"pos":2.0,"size":0.6999999,"_time":115.730469},{"$id":"419","sounds":[{"d":0.104164124,"p":76,"v":78},{"d":0.104164124,"p":64,"v":78}],"pos":18.0,"size":1.0,"_time":115.9375},{"$id":"420","sounds":[{"d":0.286460876,"p":79,"v":90},{"d":0.286460876,"p":67,"v":90}],"pos":1.0,"size":0.6999999,"_time":116.042969},{"$id":"421","sounds":[{"d":0.243057251,"p":76,"v":97},{"d":0.243057251,"p":64,"v":97}],"pos":-1.0,"size":0.6999999,"_time":116.25},{"$id":"422","sounds":[{"d":0.09114838,"p":79,"v":96},{"d":0.09114838,"p":67,"v":96}],"size":0.6999999,"_time":116.457031},{"$id":"423","sounds":[{"d":0.078125,"p":64,"v":31},{"d":0.078125,"p":76,"v":31}],"pos":18.0,"size":1.0,"_time":116.5625},{"$id":"424","sounds":[{"d":1.30641937,"p":45,"v":78},{"d":1.29773712,"p":57,"v":93}],"pos":18.0,"size":1.0,"_time":116.667969},{"$id":"425","sounds":[{"d":0.260421753,"p":81,"v":114},{"d":0.260421753,"p":69,"v":114}],"pos":1.0,"size":0.6999999,"_time":116.667969},{"$id":"426","sounds":[{"d":0.182296753,"p":73,"v":90},{"d":0.182296753,"p":61,"v":90}],"pos":-2.0,"size":0.6999999,"_time":116.875},{"$id":"427","sounds":[{"d":0.238716125,"p":76,"v":92},{"d":0.238716125,"p":64,"v":92}],"pos":-1.0,"size":0.6999999,"_time":117.082031},{"$id":"428","sounds":[{"d":0.134544373,"p":61,"v":83},{"d":0.134544373,"p":73,"v":83}],"pos":18.0,"size":1.0,"_time":117.292969},{"$id":"429","sounds":[{"d":0.147567749,"p":85,"v":106}],"pos":2.0,"size":0.6999999,"_time":117.394531},{"$id":"430","sounds":[{"d":0.130203247,"p":61,"v":85},{"d":0.130203247,"p":73,"v":85}],"pos":18.0,"size":1.0,"_time":117.605469},{"$id":"431","sounds":[{"d":0.251731873,"p":76,"v":94},{"d":0.251731873,"p":64,"v":94}],"pos":-1.0,"size":0.6999999,"_time":117.707031},{"$id":"432","sounds":[{"d":0.364585876,"p":73,"v":110},{"d":0.364585876,"p":61,"v":110}],"pos":-2.0,"size":0.6999999,"_time":117.917969},{"$id":"433","sounds":[{"d":0.182289124,"p":64,"v":88},{"d":0.182289124,"p":76,"v":88}],"pos":-1.0,"size":0.6999999,"_time":118.125},{"$id":"434","sounds":[{"d":1.63626862,"p":42,"v":93},{"d":1.52776337,"p":54,"v":88}],"pos":18.0,"size":1.0,"_time":118.332031},{"$id":"435","sounds":[{"d":0.06944275,"p":81,"v":68},{"d":0.06944275,"p":69,"v":68}],"pos":1.0,"size":0.6999999,"_time":118.332031},{"$id":"436","sounds":[{"d":0.212677,"p":73,"v":78},{"d":0.212677,"p":61,"v":78}],"pos":-2.0,"size":0.6999999,"_time":118.542969},{"$id":"437","sounds":[{"d":0.212677,"p":78,"v":111},{"d":0.212677,"p":66,"v":111}],"size":0.6999999,"_time":118.75},{"$id":"438","sounds":[{"d":0.147567749,"p":73,"v":83},{"d":0.147567749,"p":61,"v":83}],"pos":18.0,"size":1.0,"_time":118.957031},{"$id":"439","sounds":[{"d":0.186630249,"p":70,"v":108},{"d":0.186630249,"p":82,"v":108}],"pos":1.0,"size":0.6999999,"_time":119.0625},{"$id":"440","sounds":[{"d":0.130203247,"p":61,"v":83},{"d":0.130203247,"p":73,"v":83}],"pos":18.0,"size":1.0,"_time":119.269531},{"$id":"441","sounds":[{"d":0.243049622,"p":78,"v":94},{"d":0.243049622,"p":66,"v":94}],"size":0.6999999,"_time":119.375},{"$id":"442","sounds":[{"d":0.238716125,"p":61,"v":94},{"d":0.238716125,"p":73,"v":94}],"pos":-2.0,"size":0.6999999,"_time":119.582031},{"$id":"443","sounds":[{"d":0.177948,"p":85,"v":113}],"pos":2.0,"size":0.6999999,"_time":119.792969},{"$id":"444","sounds":[{"d":1.6579895,"p":52,"v":91}],"pos":18.0,"size":1.0,"_time":120.0},{"$id":"445","sounds":[{"d":0.203994751,"p":83,"v":113},{"d":0.203994751,"p":71,"v":113}],"pos":1.0,"size":0.6999999,"_time":120.0},{"$id":"446","sounds":[{"d":0.186630249,"p":64,"v":85},{"d":0.186630249,"p":76,"v":85}],"pos":-1.0,"size":0.6999999,"_time":120.207031},{"$id":"447","sounds":[{"d":0.243057251,"p":79,"v":91},{"d":0.243057251,"p":67,"v":91}],"size":0.6999999,"_time":120.417969},{"$id":"448","sounds":[{"d":0.121528625,"p":76,"v":88},{"d":0.121528625,"p":64,"v":88}],"pos":18.0,"size":1.0,"_time":120.625},{"$id":"449","sounds":[{"d":0.199653625,"p":88,"v":106}],"pos":2.0,"size":0.6999999,"_time":120.730469},{"$id":"450","sounds":[{"d":0.121528625,"p":76,"v":84},{"d":0.121528625,"p":64,"v":84}],"pos":18.0,"size":1.0,"_time":120.9375},{"$id":"451","sounds":[{"d":0.286460876,"p":71,"v":112},{"d":0.286460876,"p":83,"v":112}],"pos":1.0,"size":0.6999999,"_time":121.042969},{"$id":"452","sounds":[{"d":0.381950378,"p":76,"v":102},{"d":0.381950378,"p":64,"v":102}],"pos":-1.0,"size":0.6999999,"_time":121.25},{"$id":"453","sounds":[{"d":0.203994751,"p":79,"v":90},{"d":0.203994751,"p":67,"v":90}],"size":0.6999999,"_time":121.457031},{"$id":"454","sounds":[{"d":1.67100525,"p":47,"v":107}],"pos":18.0,"size":1.0,"_time":121.664063},{"$id":"455","sounds":[{"d":0.260421753,"p":71,"v":109},{"d":0.260421753,"p":83,"v":109}],"pos":1.0,"size":0.6999999,"_time":121.664063},{"$id":"456","sounds":[{"d":0.208335876,"p":74,"v":73},{"d":0.208335876,"p":62,"v":73}],"pos":-2.0,"size":0.6999999,"_time":121.875},{"$id":"457","sounds":[{"d":0.321182251,"p":66,"v":107},{"d":0.321182251,"p":78,"v":107}],"size":0.6999999,"_time":122.082031},{"$id":"458","sounds":[{"d":0.134544373,"p":62,"v":82},{"d":0.134544373,"p":74,"v":82}],"pos":18.0,"size":1.0,"_time":122.292969},{"$id":"459","sounds":[{"d":0.186630249,"p":86,"v":108}],"pos":2.0,"size":0.6999999,"_time":122.394531},{"$id":"460","sounds":[{"d":0.112846375,"p":62,"v":76},{"d":0.112846375,"p":74,"v":76}],"pos":18.0,"size":1.0,"_time":122.605469},{"$id":"461","sounds":[{"d":0.230033875,"p":71,"v":109},{"d":0.230033875,"p":83,"v":109}],"pos":1.0,"size":0.6999999,"_time":122.707031},{"$id":"462","sounds":[{"d":0.416664124,"p":74,"v":93},{"d":0.416664124,"p":62,"v":93}],"pos":-2.0,"size":0.6999999,"_time":122.917969},{"$id":"463","sounds":[{"d":0.169273376,"p":66,"v":110},{"d":0.169273376,"p":78,"v":110}],"size":0.6999999,"_time":123.125},{"$id":"464","sounds":[{"d":1.53211212,"p":55,"v":95},{"d":1.4670105,"p":43,"v":98}],"pos":18.0,"size":1.0,"_time":123.332031},{"$id":"465","sounds":[{"d":0.264762878,"p":83,"v":120},{"d":0.264762878,"p":71,"v":120}],"pos":1.0,"size":0.6999999,"_time":123.332031},{"$id":"466","sounds":[{"d":0.230033875,"p":62,"v":84},{"d":0.230033875,"p":74,"v":84}],"pos":-2.0,"size":0.6999999,"_time":123.542969},{"$id":"467","sounds":[{"d":0.251731873,"p":66,"v":117},{"d":0.251731873,"p":78,"v":117}],"size":0.6999999,"_time":123.75},{"$id":"468","sounds":[{"d":0.121528625,"p":74,"v":89},{"d":0.121528625,"p":62,"v":89}],"pos":18.0,"size":1.0,"_time":123.957031},{"$id":"469","sounds":[{"d":0.1953125,"p":86,"v":107}],"pos":2.0,"size":0.6999999,"_time":124.0625},{"$id":"470","sounds":[{"d":0.130203247,"p":62,"v":75},{"d":0.130203247,"p":74,"v":75}],"pos":18.0,"size":1.0,"_time":124.269531},{"$id":"471","sounds":[{"d":0.225692749,"p":78,"v":127},{"d":0.225692749,"p":66,"v":127}],"pos":-1.0,"size":0.6999999,"_time":124.375},{"$id":"472","sounds":[{"d":0.438362122,"p":74,"v":97},{"d":0.438362122,"p":62,"v":97}],"pos":-2.0,"size":0.6999999,"_time":124.582031},{"$id":"473","sounds":[{"d":0.160591125,"p":66,"v":122},{"d":0.160591125,"p":78,"v":122}],"size":0.6999999,"_time":124.792969},{"$id":"474","sounds":[{"d":0.186630249,"p":50,"v":77}],"pos":18.0,"size":1.0,"_time":124.792969},{"$id":"475","sounds":[{"d":1.43228912,"p":45,"v":93},{"d":1.49739075,"p":57,"v":92}],"pos":17.5,"size":1.0,"_time":125.0},{"$id":"476","sounds":[{"d":0.234367371,"p":81,"v":104},{"d":0.234367371,"p":69,"v":104}],"pos":1.0,"size":0.6999999,"_time":125.0},{"$id":"477","sounds":[{"d":0.177948,"p":62,"v":81},{"d":0.177948,"p":74,"v":81}],"pos":-2.0,"size":0.6999999,"_time":125.207031},{"$id":"478","sounds":[{"d":0.203994751,"p":76,"v":111},{"d":0.203994751,"p":64,"v":111}],"pos":-1.0,"size":0.6999999,"_time":125.417969},{"$id":"479","sounds":[{"d":0.1388855,"p":74,"v":86},{"d":0.1388855,"p":62,"v":86}],"pos":18.0,"size":1.0,"_time":125.625},{"$id":"480","sounds":[{"d":0.217018127,"p":76,"v":100},{"d":0.217018127,"p":64,"v":100}],"pos":-1.0,"size":0.6999999,"_time":125.730469},{"$id":"481","sounds":[{"d":0.208335876,"p":69,"v":98},{"d":0.208335876,"p":81,"v":98}],"pos":1.0,"size":0.6999999,"_time":125.9375},{"$id":"482","sounds":[{"d":0.2170105,"p":62,"v":77},{"d":0.2170105,"p":74,"v":77}],"pos":18.0,"size":1.0,"_time":126.042969},{"$id":"483","sounds":[{"d":0.203994751,"p":64,"v":115},{"d":0.203994751,"p":76,"v":115}],"pos":-1.0,"size":0.6999999,"_time":126.25},{"$id":"484","sounds":[{"d":0.138893127,"p":52,"v":39}],"pos":18.0,"size":1.0,"_time":126.457031},{"$id":"485","sounds":[{"d":0.134552,"p":81,"v":123},{"d":0.134552,"p":69,"v":123}],"pos":2.0,"size":0.6999999,"_time":126.457031},{"$id":"486","sounds":[{"d":3.24653625,"p":45,"v":110}],"pos":-2.0,"size":1.0,"_time":126.667969},{"$id":"487","sounds":[{"d":0.447052,"p":69,"v":125},{"d":0.447052,"p":81,"v":125}],"pos":2.0,"size":0.6999999,"_time":126.667969},{"$id":"488","sounds":[{"d":3.02951813,"p":52,"v":88}],"pos":18.0,"size":1.0,"_time":126.875},{"$id":"489","sounds":[{"d":2.77778625,"p":57,"v":103}],"pos":18.0,"size":1.0,"_time":127.082031},{"$id":"490","sounds":[{"d":2.54776,"p":69,"v":77},{"d":2.54776,"p":81,"v":77}],"pos":-2.0,"size":0.6999999,"_time":127.292969},{"$id":"491","sounds":[{"d":0.190971375,"p":73,"v":94},{"d":0.190971375,"p":85,"v":94}],"pos":-1.0,"size":0.6999999,"_time":127.5},{"$id":"492","sounds":[{"d":0.208335876,"p":88,"v":83},{"d":0.208335876,"p":76,"v":83}],"size":0.6999999,"_time":127.707031},{"$id":"493","sounds":[{"d":0.169273376,"p":85,"v":87},{"d":0.169273376,"p":73,"v":87}],"pos":-1.0,"size":0.6999999,"_time":127.917969},{"$id":"494","sounds":[{"d":1.76649475,"p":93,"v":83}],"pos":2.0,"size":0.6999999,"_time":128.125},{"$id":"495","sounds":[{"d":0.112854004,"p":84,"v":122},{"d":0.112854004,"p":72,"v":122}],"pos":-1.5,"size":1.0,"_time":130.0},{"$id":"496","sounds":[{"d":0.108505249,"p":67,"v":83},{"d":0.108505249,"p":79,"v":83}],"pos":-2.0,"size":1.0,"_time":130.105469},{"$id":"497","sounds":[{"d":0.121520996,"p":84,"v":102},{"d":0.121520996,"p":72,"v":102}],"pos":-1.5,"size":1.0,"_time":130.207031},{"$id":"498","sounds":[{"d":0.112854004,"p":86,"v":101},{"d":0.112854004,"p":74,"v":101}],"pos":-0.5,"size":1.0,"_time":130.3125},{"$id":"499","sounds":[{"d":0.112854004,"p":75,"v":106},{"d":0.112854004,"p":87,"v":106}],"pos":0.5,"size":1.0,"_time":130.417969},{"$id":"500","sounds":[{"d":0.06510925,"p":77,"v":105},{"d":0.06510925,"p":89,"v":105}],"pos":1.5,"size":1.0,"_time":130.519531},{"$id":"501","sounds":[{"d":0.060760498,"p":79,"v":115},{"d":0.060760498,"p":91,"v":115}],"pos":2.0,"size":1.0,"_time":130.625},{"$id":"502","sounds":[{"d":0.9375,"p":77,"v":105},{"d":0.9375,"p":89,"v":105}],"pos":1.5,"size":1.0,"_time":130.730469},{"$id":"503","sounds":[{"d":0.412323,"p":80,"v":114},{"d":0.412323,"p":92,"v":114}],"pos":2.0,"size":1.0,"_time":131.667969},{"$id":"504","sounds":[{"d":0.412323,"p":91,"v":97},{"d":0.412323,"p":79,"v":97}],"size":1.0,"_time":132.082031},{"$id":"505","sounds":[{"d":0.203994751,"p":89,"v":106},{"d":0.203994751,"p":77,"v":106}],"pos":-2.0,"size":1.0,"_time":132.5},{"$id":"506","sounds":[{"d":0.099823,"p":75,"v":95},{"d":0.099823,"p":87,"v":95}],"pos":1.0,"size":1.0,"_time":132.707031},{"$id":"507","sounds":[{"d":0.516494751,"p":74,"v":99},{"d":0.516494751,"p":86,"v":99}],"pos":-1.0,"size":1.0,"_time":132.8125},{"$id":"508","sounds":[{"d":0.099823,"p":72,"v":116},{"d":0.099823,"p":84,"v":116}],"pos":1.5,"size":1.0,"_time":133.332031},{"$id":"509","sounds":[{"d":0.099823,"p":67,"v":92},{"d":0.099823,"p":79,"v":92}],"size":1.0,"_time":133.4375},{"$id":"510","sounds":[{"d":0.099823,"p":72,"v":101},{"d":0.099823,"p":84,"v":101}],"pos":-0.5,"size":1.0,"_time":133.542969},{"$id":"511","sounds":[{"d":0.099823,"p":74,"v":101},{"d":0.099823,"p":86,"v":101}],"pos":-0.326086879,"size":1.0,"_time":133.644531},{"$id":"512","sounds":[{"d":0.099823,"p":87,"v":105},{"d":0.099823,"p":75,"v":105}],"pos":0.239129722,"size":1.0,"_time":133.75},{"$id":"513","sounds":[{"d":0.099823,"p":89,"v":100},{"d":0.099823,"p":77,"v":100}],"pos":0.5,"size":1.0,"_time":133.855469},{"$id":"514","sounds":[{"d":0.099823,"p":79,"v":106},{"d":0.099823,"p":91,"v":106}],"size":1.0,"_time":133.957031},{"$id":"515","sounds":[{"d":0.668396,"p":89,"v":107},{"d":0.668396,"p":77,"v":107}],"pos":-1.5,"size":1.0,"_time":134.0625},{"$id":"516","sounds":[{"d":0.104171753,"p":77,"v":110},{"d":0.104171753,"p":89,"v":110}],"pos":-2.0,"size":1.0,"_time":134.792969},{"$id":"517","sounds":[{"d":0.104171753,"p":79,"v":106},{"d":0.104171753,"p":91,"v":106}],"pos":-1.0,"size":1.0,"_time":134.894531},{"$id":"518","sounds":[{"d":0.412323,"p":92,"v":112},{"d":0.412323,"p":80,"v":112}],"size":1.0,"_time":135.0},{"$id":"519","sounds":[{"d":0.412323,"p":82,"v":104},{"d":0.412323,"p":94,"v":104}],"pos":1.0,"size":1.0,"_time":135.417969},{"$id":"520","sounds":[{"d":0.208328247,"p":96,"v":105},{"d":0.208328247,"p":84,"v":105}],"pos":2.0,"size":1.0,"_time":135.832031},{"$id":"521","sounds":[{"d":0.208328247,"p":79,"v":105},{"d":0.208328247,"p":91,"v":105}],"pos":1.0,"size":1.0,"_time":136.042969},{"$id":"522","sounds":[{"d":0.208328247,"p":77,"v":105},{"d":0.208328247,"p":89,"v":105}],"size":1.0,"_time":136.25},{"$id":"523","sounds":[{"d":0.208328247,"p":86,"v":112},{"d":0.208328247,"p":74,"v":112}],"pos":-1.0,"size":1.0,"_time":136.457031},{"$id":"524","sounds":[{"d":0.112854004,"p":84,"v":122},{"d":0.112854004,"p":72,"v":122}],"pos":-1.5,"size":1.0,"_time":136.667969},{"$id":"525","sounds":[{"d":0.108505249,"p":79,"v":83},{"d":0.108505249,"p":67,"v":83}],"pos":-2.0,"size":1.0,"_time":136.769531},{"$id":"526","sounds":[{"d":0.121520996,"p":84,"v":102},{"d":0.121520996,"p":72,"v":102}],"pos":-1.5,"size":1.0,"_time":136.875},{"$id":"527","sounds":[{"d":0.112854004,"p":86,"v":101},{"d":0.112854004,"p":74,"v":101}],"pos":-0.5,"size":1.0,"_time":136.980469},{"$id":"528","sounds":[{"d":0.112854004,"p":87,"v":106},{"d":0.112854004,"p":75,"v":106}],"pos":0.5,"size":1.0,"_time":137.082031},{"$id":"529","sounds":[{"d":0.06510925,"p":89,"v":105},{"d":0.06510925,"p":77,"v":105}],"pos":1.5,"size":1.0,"_time":137.1875},{"$id":"530","sounds":[{"d":0.060760498,"p":91,"v":115},{"d":0.060760498,"p":79,"v":115}],"pos":2.0,"size":1.0,"_time":137.292969},{"$id":"531","sounds":[{"d":0.625,"p":77,"v":105},{"d":0.625,"p":89,"v":105}],"pos":1.5,"size":1.0,"_time":137.394531},{"$id":"532","sounds":[{"d":0.104171753,"p":77,"v":110},{"d":0.104171753,"p":89,"v":110}],"pos":1.0,"size":1.0,"_time":138.125},{"$id":"533","sounds":[{"d":0.104171753,"p":79,"v":106},{"d":0.104171753,"p":91,"v":106}],"pos":1.5,"size":1.0,"_time":138.230469},{"$id":"534","sounds":[{"d":0.412323,"p":80,"v":114},{"d":0.412323,"p":92,"v":114}],"pos":2.0,"size":1.0,"_time":138.332031},{"$id":"535","sounds":[{"d":0.412323,"p":91,"v":97},{"d":0.412323,"p":79,"v":97}],"size":1.0,"_time":138.75},{"$id":"536","sounds":[{"d":0.203994751,"p":77,"v":106},{"d":0.203994751,"p":89,"v":106}],"pos":-2.0,"size":1.0,"_time":139.167969},{"$id":"537","sounds":[{"d":0.099823,"p":75,"v":95},{"d":0.099823,"p":87,"v":95}],"pos":1.0,"size":1.0,"_time":139.375},{"$id":"538","sounds":[{"d":0.4861145,"p":86,"v":99},{"d":0.4861145,"p":74,"v":99}],"pos":-1.0,"size":1.0,"_time":139.480469},{"$id":"539","sounds":[{"d":0.099823,"p":84,"v":116},{"d":0.099823,"p":72,"v":116}],"pos":1.5,"size":1.0,"_time":140.0},{"$id":"540","sounds":[{"d":0.099823,"p":67,"v":92},{"d":0.099823,"p":79,"v":92}],"size":1.0,"_time":140.105469},{"$id":"541","sounds":[{"d":0.099823,"p":84,"v":101},{"d":0.099823,"p":72,"v":101}],"pos":-0.5,"size":1.0,"_time":140.207031},{"$id":"542","sounds":[{"d":0.099823,"p":74,"v":101},{"d":0.099823,"p":86,"v":101}],"pos":-0.326086879,"size":1.0,"_time":140.3125},{"$id":"543","sounds":[{"d":0.099823,"p":87,"v":105},{"d":0.099823,"p":75,"v":105}],"pos":0.268116236,"size":1.0,"_time":140.417969},{"$id":"544","sounds":[{"d":0.099823,"p":77,"v":100},{"d":0.099823,"p":89,"v":100}],"pos":0.5,"size":1.0,"_time":140.519531},{"$id":"545","sounds":[{"d":0.099823,"p":79,"v":106},{"d":0.099823,"p":91,"v":106}],"size":1.0,"_time":140.625},{"$id":"546","sounds":[{"d":0.9331665,"p":89,"v":107},{"d":0.9331665,"p":77,"v":107}],"pos":-1.5,"size":1.0,"_time":140.730469},{"$id":"547","sounds":[{"d":0.099823,"p":87,"v":110},{"d":0.099823,"p":75,"v":102}],"pos":2.0,"size":1.0,"_time":141.667969},{"$id":"548","sounds":[{"d":0.099823,"p":84,"v":100},{"d":0.099823,"p":72,"v":92}],"pos":1.0,"size":1.0,"_time":141.769531},{"$id":"549","sounds":[{"d":0.203994751,"p":68,"v":88},{"d":0.203994751,"p":80,"v":96}],"pos":-1.0,"size":1.0,"_time":141.875},{"$id":"550","sounds":[{"d":0.099823,"p":84,"v":105},{"d":0.099823,"p":72,"v":97}],"pos":1.0,"size":1.0,"_time":142.082031},{"$id":"551","sounds":[{"d":0.099823,"p":82,"v":94},{"d":0.099823,"p":70,"v":86}],"size":1.0,"_time":142.1875},{"$id":"552","sounds":[{"d":0.203994751,"p":80,"v":111},{"d":0.203994751,"p":68,"v":103}],"pos":-1.0,"size":1.0,"_time":142.292969},{"$id":"553","sounds":[{"d":0.099823,"p":67,"v":90},{"d":0.099823,"p":79,"v":98}],"pos":-1.5,"size":1.0,"_time":142.5},{"$id":"554","sounds":[{"d":0.099823,"p":65,"v":79},{"d":0.099823,"p":77,"v":87}],"pos":-2.0,"size":1.0,"_time":142.605469},{"$id":"555","sounds":[{"d":0.099823,"p":79,"v":98},{"d":0.099823,"p":67,"v":90}],"pos":-1.5,"size":1.0,"_time":142.707031},{"$id":"556","sounds":[{"d":0.099823,"p":83,"v":94},{"d":0.099823,"p":71,"v":86}],"pos":-0.5,"size":1.0,"_time":142.8125},{"$id":"557","sounds":[{"d":0.099823,"p":74,"v":83},{"d":0.099823,"p":86,"v":91}],"size":1.0,"_time":142.917969},{"$id":"558","sounds":[{"d":0.099823,"p":83,"v":93},{"d":0.099823,"p":71,"v":85}],"pos":-0.5,"size":1.0,"_time":143.019531},{"$id":"559","sounds":[{"d":0.099823,"p":79,"v":93},{"d":0.099823,"p":91,"v":101}],"pos":-1.0869559,"size":1.0,"_time":143.125},{"$id":"560","sounds":[{"d":0.104171753,"p":89,"v":98},{"d":0.104171753,"p":77,"v":90}],"pos":-2.0,"size":1.0,"_time":143.230469},{"$id":"561","sounds":[{"d":0.099823,"p":79,"v":119}],"size":1.0,"_time":143.332031},{"$id":"562","sounds":[{"d":0.099823,"p":82,"v":77}],"pos":0.5,"size":1.0,"_time":143.4375},{"$id":"563","sounds":[{"d":0.099823,"p":84,"v":127}],"pos":1.0,"size":1.0,"_time":143.542969},{"$id":"564","sounds":[{"d":0.099823,"p":86,"v":126}],"pos":1.5,"size":1.0,"_time":143.644531},{"$id":"565","sounds":[{"d":0.3081665,"p":87,"v":127}],"pos":2.0,"size":1.0,"_time":143.75},{"$id":"566","sounds":[{"d":0.3081665,"p":86,"v":122}],"pos":1.0,"size":1.0,"_time":144.0625},{"$id":"567","sounds":[{"d":0.203994751,"p":79,"v":123}],"size":1.0,"_time":144.375},{"$id":"568","sounds":[{"d":0.412323,"p":77,"v":121}],"pos":-1.0,"size":1.0,"_time":144.582031},{"$id":"569","sounds":[{"d":0.3081665,"p":79,"v":127}],"pos":1.0,"size":1.0,"_time":145.0},{"$id":"570","sounds":[{"d":0.3081665,"p":75,"v":104}],"pos":-1.0,"size":1.0,"_time":145.3125},{"$id":"571","sounds":[{"d":0.3081665,"p":77,"v":124}],"pos":1.0,"size":1.0,"_time":145.625},{"$id":"572","sounds":[{"d":0.3081665,"p":74,"v":101}],"pos":-1.0,"size":1.0,"_time":145.9375},{"$id":"573","sounds":[{"d":0.3081665,"p":72,"v":92}],"pos":-2.0,"size":1.0,"_time":146.25},{"$id":"574","sounds":[{"d":0.099823,"p":79,"v":110}],"size":1.0,"_time":146.667969},{"$id":"575","sounds":[{"d":0.099823,"p":82,"v":92}],"pos":0.5,"size":1.0,"_time":146.769531},{"$id":"576","sounds":[{"d":0.203994751,"p":84,"v":122}],"pos":1.0,"size":1.0,"_time":146.875},{"$id":"577","sounds":[{"d":0.099823,"p":86,"v":106}],"pos":1.5,"size":1.0,"_time":146.980469},{"$id":"578","sounds":[{"d":0.3081665,"p":87,"v":127}],"pos":2.0,"size":1.0,"_time":147.082031},{"$id":"579","sounds":[{"d":0.3081665,"p":86,"v":125}],"pos":1.0,"size":1.0,"_time":147.394531},{"$id":"580","sounds":[{"d":0.203994751,"p":79,"v":102}],"size":1.0,"_time":147.707031},{"$id":"581","sounds":[{"d":0.412323,"p":77,"v":112}],"pos":-1.0,"size":1.0,"_time":147.917969},{"$id":"582","sounds":[{"d":0.3081665,"p":87,"v":127}],"pos":1.0,"size":1.0,"_time":148.332031},{"$id":"583","sounds":[{"d":0.3081665,"p":79,"v":91}],"pos":-1.0,"size":1.0,"_time":148.644531},{"$id":"584","sounds":[{"d":0.104171753,"p":91,"v":109}],"pos":2.0,"size":1.0,"_time":148.957031},{"$id":"585","sounds":[{"d":0.104171753,"p":87,"v":108}],"pos":18.0,"size":1.0,"_time":149.0625},{"$id":"586","sounds":[{"d":0.104171753,"p":89,"v":114}],"pos":1.0,"size":1.0,"_time":149.167969},{"$id":"587","sounds":[{"d":0.104171753,"p":86,"v":73}],"pos":18.0,"size":1.0,"_time":149.269531},{"$id":"588","sounds":[{"d":0.203994751,"p":87,"v":117}],"size":1.0,"_time":149.375},{"$id":"589","sounds":[{"d":0.104171753,"p":86,"v":113}],"pos":-1.0,"size":1.0,"_time":149.582031},{"$id":"590","sounds":[{"d":0.104171753,"p":79,"v":97}],"pos":-1.5,"size":1.0,"_time":149.6875},{"$id":"591","sounds":[{"d":0.203994751,"p":74,"v":92}],"pos":-2.0,"size":1.0,"_time":149.792969},{"$id":"592","sounds":[{"d":0.099823,"p":79,"v":117}],"size":1.0,"_time":150.0},{"$id":"593","sounds":[{"d":0.099823,"p":82,"v":106}],"pos":0.5,"size":1.0,"_time":150.105469},{"$id":"594","sounds":[{"d":0.099823,"p":84,"v":115}],"pos":1.0,"size":1.0,"_time":150.207031},{"$id":"595","sounds":[{"d":0.099823,"p":86,"v":120}],"pos":1.5,"size":1.0,"_time":150.3125},{"$id":"596","sounds":[{"d":0.3081665,"p":87,"v":127}],"pos":2.0,"size":1.0,"_time":150.417969},{"$id":"597","sounds":[{"d":0.3081665,"p":86,"v":127}],"pos":1.0,"size":1.0,"_time":150.730469},{"$id":"598","sounds":[{"d":0.203994751,"p":79,"v":117}],"size":1.0,"_time":151.042969},{"$id":"599","sounds":[{"d":0.412323,"p":77,"v":99}],"pos":-1.0,"size":1.0,"_time":151.25},{"$id":"600","sounds":[{"d":0.104171753,"p":84,"v":87}],"pos":1.0,"size":1.0,"_time":151.667969},{"$id":"601","sounds":[{"d":0.104171753,"p":75,"v":91}],"pos":18.0,"size":1.0,"_time":151.769531},{"$id":"602","sounds":[{"d":0.104171753,"p":80,"v":84}],"size":1.0,"_time":151.875},{"$id":"603","sounds":[{"d":0.104171753,"p":72,"v":97}],"pos":18.0,"size":1.0,"_time":151.980469},{"$id":"604","sounds":[{"d":0.104171753,"p":75,"v":101}],"pos":-1.0,"size":1.0,"_time":152.082031},{"$id":"605","sounds":[{"d":0.104171753,"p":68,"v":91}],"pos":18.0,"size":1.0,"_time":152.1875},{"$id":"606","sounds":[{"d":0.104171753,"p":72,"v":95}],"pos":-2.0,"size":1.0,"_time":152.292969},{"$id":"607","sounds":[{"d":0.104171753,"p":75,"v":95}],"pos":18.0,"size":1.0,"_time":152.394531},{"$id":"608","sounds":[{"d":0.104171753,"p":86,"v":105}],"pos":2.0,"size":1.0,"_time":152.5},{"$id":"609","sounds":[{"d":0.104171753,"p":77,"v":90}],"pos":18.0,"size":1.0,"_time":152.605469},{"$id":"610","sounds":[{"d":0.104171753,"p":79,"v":92}],"pos":1.0,"size":1.0,"_time":152.707031},{"$id":"611","sounds":[{"d":0.104171753,"p":74,"v":88}],"pos":18.0,"size":1.0,"_time":152.8125},{"$id":"612","sounds":[{"d":0.104171753,"p":70,"v":100}],"size":1.0,"_time":152.917969},{"$id":"613","sounds":[{"d":0.104171753,"p":65,"v":82}],"pos":18.0,"size":1.0,"_time":153.019531},{"$id":"614","sounds":[{"d":0.104171753,"p":74,"v":88}],"pos":-1.0,"size":1.0,"_time":153.125},{"$id":"615","sounds":[{"d":0.104171753,"p":77,"v":98}],"pos":18.0,"size":1.0,"_time":153.230469},{"$id":"616","sounds":[{"d":0.099823,"p":79,"v":111}],"size":1.0,"_time":153.332031},{"$id":"617","sounds":[{"d":0.099823,"p":82,"v":95}],"pos":0.5,"size":1.0,"_time":153.4375},{"$id":"618","sounds":[{"d":0.099823,"p":84,"v":120}],"pos":1.0,"size":1.0,"_time":153.542969},{"$id":"619","sounds":[{"d":0.099823,"p":86,"v":115}],"pos":1.5,"size":1.0,"_time":153.644531},{"$id":"620","sounds":[{"d":0.3081665,"p":87,"v":118}],"pos":2.0,"size":1.0,"_time":153.75},{"$id":"621","sounds":[{"d":0.3081665,"p":86,"v":122}],"pos":1.0,"size":1.0,"_time":154.0625},{"$id":"622","sounds":[{"d":0.203994751,"p":79,"v":110}],"pos":-1.0,"size":1.0,"_time":154.375},{"$id":"623","sounds":[{"d":0.203994751,"p":84,"v":113}],"size":1.0,"_time":154.582031},{"$id":"624","sounds":[{"d":0.203994751,"p":86,"v":127}],"pos":1.0,"size":1.0,"_time":154.792969},{"$id":"625","sounds":[{"d":0.203994751,"p":91,"v":126}],"pos":2.0,"size":1.0,"_time":155.0},{"$id":"626","sounds":[{"d":0.3081665,"p":89,"v":116}],"size":1.0,"_time":155.207031},{"$id":"627","sounds":[{"d":0.3081665,"p":87,"v":98}],"pos":-1.0,"size":1.0,"_time":155.519531},{"$id":"628","sounds":[{"d":0.3081665,"p":89,"v":118}],"pos":1.0,"size":1.0,"_time":155.832031},{"$id":"629","sounds":[{"d":0.3081665,"p":86,"v":109}],"pos":-1.0,"size":1.0,"_time":156.144531},{"$id":"630","sounds":[{"d":0.203994751,"p":87,"v":115}],"size":1.0,"_time":156.457031},{"$id":"631","sounds":[{"d":0.828994751,"p":84,"v":106}],"pos":-2.0,"size":1.0,"_time":156.667969},{"$id":"632","sounds":[{"d":0.104171753,"p":75,"v":74}],"pos":-2.0,"size":1.0,"_time":157.5},{"$id":"633","sounds":[{"d":0.104171753,"p":77,"v":86}],"pos":-1.5,"size":1.0,"_time":157.605469},{"$id":"634","sounds":[{"d":0.104171753,"p":79,"v":83}],"pos":-1.0,"size":1.0,"_time":157.707031},{"$id":"635","sounds":[{"d":0.104171753,"p":81,"v":80}],"pos":-0.5,"size":1.0,"_time":157.8125},{"$id":"636","sounds":[{"d":0.104171753,"p":84,"v":67}],"size":1.0,"_time":157.917969},{"$id":"637","sounds":[{"d":0.104171753,"p":86,"v":66}],"pos":0.5,"size":1.0,"_time":158.019531},{"$id":"638","sounds":[{"d":0.104171753,"p":87,"v":84}],"pos":1.0,"size":1.0,"_time":158.125},{"$id":"639","sounds":[{"d":0.104171753,"p":89,"v":102}],"pos":1.5,"size":1.0,"_time":158.230469},{"$id":"640","sounds":[{"d":0.828994751,"p":91,"v":103}],"pos":2.0,"size":1.0,"_time":158.332031},{"$id":"641","sounds":[{"d":0.412323,"p":90,"v":97}],"size":1.0,"_time":159.167969},{"$id":"642","sounds":[{"d":0.412323,"p":91,"v":112}],"pos":1.0,"size":1.0,"_time":159.582031},{"$id":"643","sounds":[{"d":1.66230774,"p":93,"v":101}],"pos":2.0,"size":1.0,"_time":160.0},{"$id":"644","sounds":[{"d":1.66230774,"p":31,"v":99}],"pos":18.0,"size":1.30000007,"_time":160.0},{"$id":"645","sounds":[{"d":0.828994751,"p":43,"v":69}],"pos":-2.0,"size":1.30000007,"_time":160.0},{"$id":"646","sounds":[{"d":2.28727722,"p":38,"v":101}],"pos":18.0,"size":1.30000007,"_time":160.207031},{"$id":"647","sounds":[{"d":0.620651245,"p":55,"v":101}],"pos":18.0,"size":1.30000007,"_time":160.625},{"$id":"648","sounds":[{"d":1.03730774,"p":43,"v":98}],"pos":18.0,"size":1.30000007,"_time":160.832031},{"$id":"649","sounds":[{"d":4.578888,"p":50,"v":86}],"pos":18.0,"size":1.30000007,"_time":161.042969},{"$id":"650","sounds":[{"d":0.8289795,"p":55,"v":95}],"pos":18.0,"size":1.30000007,"_time":161.25},{"$id":"651","sounds":[{"d":1.66229248,"p":86,"v":87}],"pos":-1.0,"size":1.0,"_time":161.667969},{"$id":"652","sounds":[{"d":1.03730774,"p":31,"v":99}],"pos":18.0,"size":1.30000007,"_time":161.667969},{"$id":"653","sounds":[{"d":0.8289795,"p":43,"v":97}],"pos":18.0,"size":1.30000007,"_time":161.875},{"$id":"654","sounds":[{"d":0.8289795,"p":55,"v":95}],"pos":18.0,"size":1.30000007,"_time":162.082031},{"$id":"655","sounds":[{"d":0.8289795,"p":62,"v":95}],"pos":18.0,"size":1.30000007,"_time":162.292969},{"$id":"656","sounds":[{"d":1.03730774,"p":38,"v":85}],"pos":18.0,"size":1.30000007,"_time":162.5},{"$id":"657","sounds":[{"d":1.03730774,"p":43,"v":95}],"pos":18.0,"size":1.30000007,"_time":162.707031},{"$id":"658","sounds":[{"d":1.03730774,"p":55,"v":109}],"pos":18.0,"size":1.30000007,"_time":162.917969},{"$id":"659","sounds":[{"d":1.03730774,"p":62,"v":106}],"pos":18.0,"size":1.30000007,"_time":163.125},{"$id":"660","sounds":[{"d":1.62756348,"p":89,"v":87}],"pos":1.0,"size":1.0,"_time":163.332031},{"$id":"661","sounds":[{"d":0.412323,"p":31,"v":99}],"pos":18.0,"size":1.30000007,"_time":163.332031},{"$id":"662","sounds":[{"d":1.66229248,"p":38,"v":99}],"pos":18.0,"size":1.30000007,"_time":163.542969},{"$id":"663","sounds":[{"d":0.620651245,"p":43,"v":93}],"pos":18.0,"size":1.30000007,"_time":163.75},{"$id":"664","sounds":[{"d":0.620651245,"p":55,"v":103}],"pos":18.0,"size":1.30000007,"_time":163.957031},{"$id":"665","sounds":[{"d":0.620651245,"p":62,"v":93}],"pos":18.0,"size":1.30000007,"_time":164.167969},{"$id":"666","sounds":[{"d":1.03730774,"p":43,"v":94}],"pos":18.0,"size":1.30000007,"_time":164.375},{"$id":"667","sounds":[{"d":1.245636,"p":55,"v":91}],"pos":18.0,"size":1.30000007,"_time":164.582031},{"$id":"668","sounds":[{"d":1.245636,"p":62,"v":93}],"pos":18.0,"size":1.30000007,"_time":164.792969},{"$id":"669","sounds":[{"d":1.62756348,"p":74,"v":72},{"d":1.62756348,"p":77,"v":72}],"pos":-2.0,"size":1.0,"_time":165.0},{"$id":"670","sounds":[{"d":0.620651245,"p":31,"v":115}],"pos":18.0,"size":1.30000007,"_time":165.0},{"$id":"671","sounds":[{"d":1.45396423,"p":38,"v":97}],"pos":18.0,"size":1.30000007,"_time":165.207031},{"$id":"672","sounds":[{"d":1.19789124,"p":43,"v":100}],"pos":18.0,"size":1.30000007,"_time":165.417969},{"$id":"673","sounds":[{"d":1.03730774,"p":50,"v":109}],"pos":18.0,"size":1.30000007,"_time":165.625},{"$id":"674","sounds":[{"d":0.8289795,"p":55,"v":99}],"pos":18.0,"size":1.30000007,"_time":165.832031},{"$id":"675","sounds":[{"d":0.620651245,"p":62,"v":100}],"pos":18.0,"size":1.30000007,"_time":166.042969},{"$id":"676","sounds":[{"d":0.412323,"p":67,"v":122}],"pos":18.0,"size":1.30000007,"_time":166.25}],"links":[{"notes":[{"$ref":"31"},{"$ref":"32"},{"$ref":"33"}]},{"notes":[{"$ref":"34"},{"$ref":"35"},{"$ref":"36"},{"$ref":"37"},{"$ref":"38"},{"$ref":"39"},{"$ref":"40"},{"$ref":"41"}]},{"notes":[{"$ref":"47"},{"$ref":"48"},{"$ref":"49"},{"$ref":"50"},{"$ref":"51"},{"$ref":"52"},{"$ref":"53"},{"$ref":"54"}]},{"notes":[{"$ref":"55"},{"$ref":"56"},{"$ref":"57"}]},{"notes":[{"$ref":"63"},{"$ref":"64"},{"$ref":"65"},{"$ref":"66"},{"$ref":"67"},{"$ref":"68"},{"$ref":"69"},{"$ref":"70"}]},{"notes":[{"$ref":"71"},{"$ref":"72"},{"$ref":"73"}]},{"notes":[{"$ref":"78"},{"$ref":"79"},{"$ref":"80"},{"$ref":"81"},{"$ref":"82"},{"$ref":"83"},{"$ref":"84"},{"$ref":"85"}]},{"notes":[{"$ref":"131"},{"$ref":"132"},{"$ref":"133"},{"$ref":"134"},{"$ref":"135"},{"$ref":"136"},{"$ref":"137"},{"$ref":"138"}]},{"notes":[{"$ref":"254"},{"$ref":"255"},{"$ref":"256"}]},{"notes":[{"$ref":"251"},{"$ref":"252"},{"$ref":"253"}]},{"notes":[{"$ref":"86"},{"$ref":"87"}]},{"notes":[{"$ref":"89"},{"$ref":"90"}]},{"notes":[{"$ref":"113"},{"$ref":"114"},{"$ref":"115"},{"$ref":"116"},{"$ref":"117"},{"$ref":"118"}]},{"notes":[{"$ref":"495"},{"$ref":"496"},{"$ref":"497"},{"$ref":"498"},{"$ref":"499"},{"$ref":"500"},{"$ref":"501"},{"$ref":"502"}]},{"notes":[{"$ref":"508"},{"$ref":"509"},{"$ref":"510"},{"$ref":"511"},{"$ref":"512"},{"$ref":"513"},{"$ref":"514"},{"$ref":"515"}]},{"notes":[{"$ref":"516"},{"$ref":"517"},{"$ref":"518"}]},{"notes":[{"$ref":"524"},{"$ref":"525"},{"$ref":"526"},{"$ref":"527"},{"$ref":"528"},{"$ref":"529"},{"$ref":"530"},{"$ref":"531"}]},{"notes":[{"$ref":"532"},{"$ref":"533"},{"$ref":"534"}]},{"notes":[{"$ref":"539"},{"$ref":"540"},{"$ref":"541"},{"$ref":"542"},{"$ref":"543"},{"$ref":"544"},{"$ref":"545"},{"$ref":"546"}]},{"notes":[{"$ref":"547"},{"$ref":"548"}]},{"notes":[{"$ref":"550"},{"$ref":"551"}]},{"notes":[{"$ref":"632"},{"$ref":"633"},{"$ref":"634"},{"$ref":"635"},{"$ref":"636"},{"$ref":"637"},{"$ref":"638"},{"$ref":"639"},{"$ref":"640"}]},{"notes":[{"$ref":"592"},{"$ref":"593"},{"$ref":"594"},{"$ref":"595"},{"$ref":"596"}]},{"notes":[{"$ref":"561"},{"$ref":"562"},{"$ref":"563"},{"$ref":"564"},{"$ref":"565"}]},{"notes":[{"$ref":"574"},{"$ref":"575"},{"$ref":"576"},{"$ref":"577"},{"$ref":"578"}]},{"notes":[{"$ref":"589"},{"$ref":"590"},{"$ref":"591"}]},{"notes":[{"$ref":"616"},{"$ref":"617"},{"$ref":"618"},{"$ref":"619"},{"$ref":"620"}]},{"notes":[{"$ref":"92"},{"$ref":"93"},{"$ref":"94"},{"$ref":"95"},{"$ref":"96"},{"$ref":"97"},{"$ref":"98"},{"$ref":"99"}]},{"notes":[{"$ref":"553"},{"$ref":"554"},{"$ref":"555"},{"$ref":"556"},{"$ref":"557"},{"$ref":"558"},{"$ref":"559"},{"$ref":"560"}]},{"notes":[{"$ref":"171"},{"$ref":"172"},{"$ref":"173"},{"$ref":"174"},{"$ref":"175"},{"$ref":"176"},{"$ref":"177"},{"$ref":"178"}]},{"notes":[{"$ref":"179"},{"$ref":"180"},{"$ref":"181"},{"$ref":"182"},{"$ref":"183"}]},{"notes":[{"$ref":"264"},{"$ref":"265"},{"$ref":"266"}]},{"notes":[{"$ref":"291"},{"$ref":"292"},{"$ref":"293"}]},{"notes":[{"$ref":"294"},{"$ref":"295"},{"$ref":"296"}]},{"notes":[{"$ref":"314"},{"$ref":"315"},{"$ref":"316"}]},{"notes":[{"$ref":"322"},{"$ref":"323"},{"$ref":"324"},{"$ref":"325"},{"$ref":"326"}]},{"notes":[{"$ref":"319"},{"$ref":"320"},{"$ref":"321"}]}]}