{"speed":12.0,"notes":[{"$id":"1","sounds":[{"d":0.104166985,"p":40,"v":105}],"pos":-1.0,"size":1.30000007,"_time":11.6679688},{"$id":"2","sounds":[{"d":0.208333969,"p":47,"v":105}],"pos":1.0,"size":1.30000007,"_time":11.7695313},{"$id":"3","sounds":[{"d":0.104166985,"p":52,"v":123}],"size":1.30000007,"_time":11.9804688},{"$id":"4","sounds":[{"d":1.250001,"p":66,"v":94},{"d":1.250001,"p":59,"v":107},{"d":1.250001,"p":55,"v":125},{"d":1.250001,"p":62,"v":106}],"pos":1.5,"size":2.0,"_time":12.0820313},{"$id":"5","sounds":[{"d":0.104166985,"p":38,"v":107}],"pos":-2.0,"size":1.30000007,"_time":13.3320313},{"$id":"6","sounds":[{"d":0.208333969,"p":45,"v":86}],"size":1.30000007,"_time":13.4375},{"$id":"7","sounds":[{"d":0.104166985,"p":50,"v":119}],"pos":-1.0,"size":1.30000007,"_time":13.6445313},{"$id":"8","sounds":[{"d":1.250001,"p":53,"v":118},{"d":1.250001,"p":60,"v":96},{"d":1.250001,"p":57,"v":110},{"d":1.250001,"p":64,"v":103}],"pos":0.5,"size":2.0,"_time":13.75},{"$id":"9","sounds":[{"d":0.104166985,"p":40,"v":104}],"pos":-1.0,"size":1.30000007,"_time":15.0},{"$id":"10","sounds":[{"d":0.208333969,"p":47,"v":91}],"pos":1.0,"size":1.30000007,"_time":15.1054688},{"$id":"11","sounds":[{"d":0.104166985,"p":52,"v":118}],"size":1.30000007,"_time":15.3125},{"$id":"12","sounds":[{"d":1.25000191,"p":59,"v":107},{"d":1.25000191,"p":62,"v":112},{"d":1.25000191,"p":66,"v":107},{"d":1.25000191,"p":55,"v":124}],"pos":1.5,"size":2.0,"_time":15.4179688},{"$id":"13","sounds":[{"d":0.104166031,"p":38,"v":99}],"pos":-2.0,"size":1.30000007,"_time":16.6679688},{"$id":"14","sounds":[{"d":0.208333969,"p":45,"v":84}],"size":1.30000007,"_time":16.7695313},{"$id":"15","sounds":[{"d":0.104166031,"p":50,"v":112}],"pos":-1.0,"size":1.30000007,"_time":16.9804688},{"$id":"16","sounds":[{"d":1.25000191,"p":60,"v":103},{"d":1.25000191,"p":57,"v":108},{"d":1.25000191,"p":64,"v":109},{"d":1.25000191,"p":53,"v":123}],"pos":0.5,"size":2.0,"_time":17.0820313},{"$id":"17","sounds":[{"d":0.104166031,"p":40,"v":105}],"pos":-1.0,"size":1.30000007,"_time":18.3320313},{"$id":"18","sounds":[{"d":0.208333969,"p":47,"v":105}],"pos":1.0,"size":1.30000007,"_time":18.4375},{"$id":"19","sounds":[{"d":0.104166031,"p":52,"v":123}],"size":1.30000007,"_time":18.6445313},{"$id":"20","sounds":[{"d":1.25000191,"p":62,"v":106},{"d":1.25000191,"p":59,"v":107},{"d":1.25000191,"p":66,"v":94},{"d":1.25000191,"p":55,"v":125}],"pos":1.5,"size":1.90000021,"_time":18.75},{"$id":"21","sounds":[{"d":0.104166031,"p":38,"v":107}],"pos":-2.0,"size":1.30000007,"_time":20.0},{"$id":"22","sounds":[{"d":0.208333969,"p":45,"v":86}],"size":1.30000007,"_time":20.1054688},{"$id":"23","sounds":[{"d":0.104166031,"p":50,"v":119}],"pos":-1.0,"size":1.30000007,"_time":20.3125},{"$id":"24","sounds":[{"d":1.25000191,"p":53,"v":118},{"d":1.25000191,"p":64,"v":103},{"d":1.25000191,"p":57,"v":110},{"d":1.25000191,"p":60,"v":96}],"pos":1.0,"size":2.0,"_time":20.4179688},{"$id":"25","sounds":[{"d":0.104166031,"p":40,"v":104}],"pos":-1.0,"size":1.30000007,"_time":21.6679688},{"$id":"26","sounds":[{"d":0.208333969,"p":47,"v":91}],"pos":1.0,"size":1.30000007,"_time":21.7695313},{"$id":"27","sounds":[{"d":0.104166031,"p":52,"v":118}],"size":1.30000007,"_time":21.9804688},{"$id":"28","sounds":[{"d":1.25000191,"p":59,"v":107},{"d":1.25000191,"p":62,"v":112},{"d":1.25000191,"p":55,"v":124},{"d":1.25000191,"p":66,"v":107}],"pos":1.5,"size":2.0,"_time":22.0820313},{"$id":"29","sounds":[{"d":0.104166031,"p":38,"v":99}],"pos":-2.0,"size":1.30000007,"_time":23.3320313},{"$id":"30","sounds":[{"d":0.208333969,"p":45,"v":84}],"size":1.30000007,"_time":23.4375},{"$id":"31","sounds":[{"d":0.104166031,"p":50,"v":112}],"pos":-1.0,"size":1.30000007,"_time":23.6445313},{"$id":"32","sounds":[{"d":1.25000191,"p":60,"v":103},{"d":1.25000191,"p":64,"v":109},{"d":1.25000191,"p":53,"v":123},{"d":1.25000191,"p":57,"v":108}],"pos":0.5,"size":2.0,"_time":23.75},{"$id":"33","sounds":[{"d":0.104166031,"p":90,"v":98},{"d":0.104166031,"p":78,"v":98}],"size":1.0,"_time":24.7929688},{"$id":"34","sounds":[{"d":0.104166031,"p":91,"v":98},{"d":0.104166031,"p":79,"v":98}],"pos":1.0,"size":1.0,"_time":24.8945313},{"$id":"35","sounds":[{"d":0.104166031,"p":40,"v":96}],"pos":4.0,"size":1.0,"_time":25.0},{"$id":"36","sounds":[{"d":0.3125,"p":93,"v":107},{"d":0.3125,"p":81,"v":107}],"pos":2.0,"size":1.0,"_time":25.0},{"$id":"37","sounds":[{"d":0.208333969,"p":47,"v":96}],"pos":4.875,"size":1.0,"_time":25.1054688},{"$id":"38","sounds":[{"d":0.104166031,"p":52,"v":114}],"pos":5.5,"size":1.0,"_time":25.3125},{"$id":"39","sounds":[{"d":0.3125,"p":91,"v":102},{"d":0.3125,"p":79,"v":102}],"size":1.0,"_time":25.3125},{"$id":"40","sounds":[{"d":1.25000191,"p":59,"v":98}],"pos":6.375,"size":1.0,"_time":25.4179688},{"$id":"41","sounds":[{"d":1.25000191,"p":62,"v":97}],"pos":6.75,"size":1.0,"_time":25.4179688},{"$id":"42","sounds":[{"d":1.25000191,"p":66,"v":85}],"pos":7.25,"size":1.0,"_time":25.4179688},{"$id":"43","sounds":[{"d":1.25000191,"p":55,"v":116}],"pos":5.875,"size":1.0,"_time":25.4179688},{"$id":"44","sounds":[{"d":0.208333969,"p":90,"v":98},{"d":0.208333969,"p":78,"v":98}],"pos":1.0,"size":1.0,"_time":25.625},{"$id":"45","sounds":[{"d":0.3125,"p":86,"v":96},{"d":0.3125,"p":74,"v":96}],"pos":-1.0,"size":1.0,"_time":25.8320313},{"$id":"46","sounds":[{"d":0.3125,"p":83,"v":90},{"d":0.3125,"p":71,"v":90}],"size":1.0,"_time":26.1445313},{"$id":"47","sounds":[{"d":0.208333969,"p":81,"v":95},{"d":0.208333969,"p":69,"v":95}],"pos":-2.0,"size":1.0,"_time":26.4570313},{"$id":"48","sounds":[{"d":0.104166031,"p":38,"v":98}],"pos":3.75,"size":1.0,"_time":26.6679688},{"$id":"49","sounds":[{"d":1.458334,"p":83,"v":104},{"d":1.458334,"p":71,"v":104}],"size":1.0,"_time":26.6679688},{"$id":"50","sounds":[{"d":0.208333969,"p":45,"v":77}],"pos":4.625,"size":1.0,"_time":26.7695313},{"$id":"51","sounds":[{"d":0.104166031,"p":50,"v":110}],"pos":5.25,"size":1.0,"_time":26.9804688},{"$id":"52","sounds":[{"d":1.25000191,"p":57,"v":101}],"pos":6.125,"size":1.0,"_time":27.0820313},{"$id":"53","sounds":[{"d":1.25000191,"p":60,"v":87}],"pos":6.5,"size":1.0,"_time":27.0820313},{"$id":"54","sounds":[{"d":1.25000191,"p":64,"v":94}],"pos":7.0,"size":1.0,"_time":27.0820313},{"$id":"55","sounds":[{"d":1.25000191,"p":53,"v":109}],"pos":5.625,"size":1.0,"_time":27.0820313},{"$id":"56","sounds":[{"d":0.104166031,"p":66,"v":94},{"d":0.104166031,"p":78,"v":94}],"pos":-1.0,"size":1.0,"_time":28.125},{"$id":"57","sounds":[{"d":0.104166031,"p":79,"v":91},{"d":0.104166031,"p":67,"v":91}],"size":1.0,"_time":28.2304688},{"$id":"58","sounds":[{"d":0.104166031,"p":40,"v":95}],"pos":4.0,"size":1.0,"_time":28.3320313},{"$id":"59","sounds":[{"d":0.3125,"p":81,"v":103},{"d":0.3125,"p":69,"v":103}],"pos":1.0,"size":1.0,"_time":28.3320313},{"$id":"60","sounds":[{"d":0.208333969,"p":47,"v":82}],"pos":4.875,"size":1.0,"_time":28.4375},{"$id":"61","sounds":[{"d":0.104166031,"p":52,"v":109}],"pos":5.5,"size":1.0,"_time":28.6445313},{"$id":"62","sounds":[{"d":0.3125,"p":79,"v":92},{"d":0.3125,"p":67,"v":92}],"pos":-1.0,"size":1.0,"_time":28.6445313},{"$id":"63","sounds":[{"d":1.25000191,"p":59,"v":98}],"pos":6.375,"size":1.0,"_time":28.75},{"$id":"64","sounds":[{"d":1.25000191,"p":62,"v":103}],"pos":6.75,"size":1.0,"_time":28.75},{"$id":"65","sounds":[{"d":1.25000191,"p":66,"v":98}],"pos":7.25,"size":1.0,"_time":28.75},{"$id":"66","sounds":[{"d":1.25000191,"p":55,"v":115}],"pos":5.875,"size":1.0,"_time":28.75},{"$id":"67","sounds":[{"d":0.416667938,"p":78,"v":97},{"d":0.416667938,"p":66,"v":97}],"size":1.0,"_time":28.9570313},{"$id":"68","sounds":[{"d":0.416667938,"p":71,"v":89},{"d":0.416667938,"p":59,"v":89}],"pos":-2.0,"size":1.0,"_time":29.375},{"$id":"69","sounds":[{"d":1.66666794,"p":74,"v":95},{"d":1.66666794,"p":62,"v":95}],"pos":-1.0,"size":1.0,"_time":29.7929688},{"$id":"70","sounds":[{"d":0.104166031,"p":38,"v":90}],"pos":3.75,"size":1.0,"_time":30.0},{"$id":"71","sounds":[{"d":0.208333969,"p":45,"v":75}],"pos":4.625,"size":1.0,"_time":30.1054688},{"$id":"72","sounds":[{"d":0.104166031,"p":50,"v":103}],"pos":5.25,"size":1.0,"_time":30.3125},{"$id":"73","sounds":[{"d":1.25000191,"p":57,"v":99}],"pos":6.125,"size":1.0,"_time":30.4179688},{"$id":"74","sounds":[{"d":1.25000191,"p":60,"v":94}],"pos":6.5,"size":1.0,"_time":30.4179688},{"$id":"75","sounds":[{"d":1.25000191,"p":64,"v":100}],"pos":7.0,"size":1.0,"_time":30.4179688},{"$id":"76","sounds":[{"d":1.25000191,"p":53,"v":114}],"pos":5.625,"size":1.0,"_time":30.4179688},{"$id":"77","sounds":[{"d":0.104166031,"p":90,"v":97},{"d":0.104166031,"p":78,"v":97}],"size":1.0,"_time":31.4570313},{"$id":"78","sounds":[{"d":0.104166031,"p":91,"v":96},{"d":0.104166031,"p":79,"v":96}],"pos":1.0,"size":1.0,"_time":31.5625},{"$id":"79","sounds":[{"d":0.104166031,"p":40,"v":96}],"pos":4.0,"size":1.0,"_time":31.6679688},{"$id":"80","sounds":[{"d":0.3125,"p":81,"v":107},{"d":0.3125,"p":93,"v":107}],"pos":2.0,"size":1.0,"_time":31.6679688},{"$id":"81","sounds":[{"d":0.208333969,"p":47,"v":96}],"pos":4.875,"size":1.0,"_time":31.7695313},{"$id":"82","sounds":[{"d":0.104167938,"p":52,"v":114}],"pos":5.5,"size":1.0,"_time":31.9804688},{"$id":"83","sounds":[{"d":0.3125019,"p":91,"v":100},{"d":0.3125019,"p":79,"v":100}],"size":1.0,"_time":31.9804688},{"$id":"84","sounds":[{"d":1.25,"p":59,"v":98}],"pos":6.375,"size":1.0,"_time":32.08203},{"$id":"85","sounds":[{"d":1.25,"p":62,"v":97}],"pos":6.75,"size":1.0,"_time":32.08203},{"$id":"86","sounds":[{"d":1.25,"p":66,"v":85}],"pos":7.25,"size":1.0,"_time":32.08203},{"$id":"87","sounds":[{"d":1.25,"p":55,"v":116}],"pos":5.875,"size":1.0,"_time":32.08203},{"$id":"88","sounds":[{"d":0.208332062,"p":90,"v":93},{"d":0.208332062,"p":78,"v":93}],"pos":1.0,"size":1.0,"_time":32.29297},{"$id":"89","sounds":[{"d":0.3125,"p":86,"v":99},{"d":0.3125,"p":74,"v":99}],"pos":-1.0,"size":1.0,"_time":32.5},{"$id":"90","sounds":[{"d":0.3125,"p":83,"v":95},{"d":0.3125,"p":71,"v":95}],"size":1.0,"_time":32.8125},{"$id":"91","sounds":[{"d":0.208332062,"p":69,"v":96},{"d":0.208332062,"p":81,"v":96}],"pos":-2.0,"size":1.0,"_time":33.125},{"$id":"92","sounds":[{"d":0.104167938,"p":38,"v":98}],"pos":3.75,"size":1.0,"_time":33.33203},{"$id":"93","sounds":[{"d":1.45833588,"p":83,"v":104},{"d":1.45833588,"p":71,"v":104}],"size":1.0,"_time":33.33203},{"$id":"94","sounds":[{"d":0.208332062,"p":45,"v":77}],"pos":4.625,"size":1.0,"_time":33.4375},{"$id":"95","sounds":[{"d":0.104167938,"p":50,"v":110}],"pos":5.25,"size":1.0,"_time":33.64453},{"$id":"96","sounds":[{"d":1.25,"p":57,"v":101}],"pos":6.125,"size":1.0,"_time":33.75},{"$id":"97","sounds":[{"d":1.25,"p":60,"v":87}],"pos":6.5,"size":1.0,"_time":33.75},{"$id":"98","sounds":[{"d":1.25,"p":64,"v":94}],"pos":7.0,"size":1.0,"_time":33.75},{"$id":"99","sounds":[{"d":1.25,"p":53,"v":109}],"pos":5.625,"size":1.0,"_time":33.75},{"$id":"100","sounds":[{"d":0.104167938,"p":83,"v":101},{"d":0.104167938,"p":71,"v":101}],"pos":2.0,"size":1.0,"_time":34.79297},{"$id":"101","sounds":[{"d":0.104167938,"p":69,"v":72},{"d":0.104167938,"p":81,"v":72}],"size":1.0,"_time":34.89453},{"$id":"102","sounds":[{"d":0.104167938,"p":40,"v":95}],"pos":4.0,"size":1.0,"_time":35.0},{"$id":"103","sounds":[{"d":0.625,"p":83,"v":107},{"d":0.625,"p":71,"v":107}],"pos":2.0,"size":1.0,"_time":35.0},{"$id":"104","sounds":[{"d":0.208332062,"p":47,"v":82}],"pos":4.875,"size":1.0,"_time":35.10547},{"$id":"105","sounds":[{"d":0.104167938,"p":52,"v":109}],"pos":5.5,"size":1.0,"_time":35.3125},{"$id":"106","sounds":[{"d":1.25,"p":59,"v":98}],"pos":6.375,"size":1.0,"_time":35.41797},{"$id":"107","sounds":[{"d":1.25,"p":62,"v":103}],"pos":6.75,"size":1.0,"_time":35.41797},{"$id":"108","sounds":[{"d":1.25,"p":66,"v":98}],"pos":7.25,"size":1.0,"_time":35.41797},{"$id":"109","sounds":[{"d":1.25,"p":55,"v":115}],"pos":5.875,"size":1.0,"_time":35.41797},{"$id":"110","sounds":[{"d":0.104167938,"p":81,"v":101},{"d":0.104167938,"p":69,"v":101}],"pos":1.0,"size":1.0,"_time":35.625},{"$id":"111","sounds":[{"d":0.104167938,"p":67,"v":72},{"d":0.104167938,"p":79,"v":72}],"pos":-1.0,"size":1.0,"_time":35.73047},{"$id":"112","sounds":[{"d":0.625,"p":81,"v":103},{"d":0.625,"p":69,"v":103}],"pos":1.0,"size":1.0,"_time":35.83203},{"$id":"113","sounds":[{"d":0.104167938,"p":67,"v":86},{"d":0.104167938,"p":79,"v":86}],"pos":-1.0,"size":1.0,"_time":36.45703},{"$id":"114","sounds":[{"d":0.104167938,"p":78,"v":101},{"d":0.104167938,"p":66,"v":101}],"size":1.0,"_time":36.5625},{"$id":"115","sounds":[{"d":0.104167938,"p":38,"v":90}],"pos":3.75,"size":1.0,"_time":36.66797},{"$id":"116","sounds":[{"d":1.66666794,"p":62,"v":102},{"d":1.66666794,"p":74,"v":102}],"pos":-2.0,"size":1.0,"_time":36.66797},{"$id":"117","sounds":[{"d":0.208332062,"p":45,"v":75}],"pos":4.625,"size":1.0,"_time":36.76953},{"$id":"118","sounds":[{"d":0.104167938,"p":50,"v":103}],"pos":5.25,"size":1.0,"_time":36.98047},{"$id":"119","sounds":[{"d":1.25,"p":57,"v":99}],"pos":6.125,"size":1.0,"_time":37.08203},{"$id":"120","sounds":[{"d":1.25,"p":60,"v":94}],"pos":6.5,"size":1.0,"_time":37.08203},{"$id":"121","sounds":[{"d":1.25,"p":64,"v":100}],"pos":7.0,"size":1.0,"_time":37.08203},{"$id":"122","sounds":[{"d":1.25,"p":53,"v":114}],"pos":5.625,"size":1.0,"_time":37.08203},{"$id":"123","sounds":[{"d":0.104167938,"p":43,"v":105}],"size":1.30000007,"_time":38.33203},{"$id":"124","sounds":[{"d":0.3125,"p":69,"v":115},{"d":0.3125,"p":81,"v":115}],"pos":-1.0,"size":1.0,"_time":38.33203},{"$id":"125","sounds":[{"d":0.208332062,"p":50,"v":105}],"pos":1.0,"size":1.30000007,"_time":38.4375},{"$id":"126","sounds":[{"d":0.104167938,"p":55,"v":123}],"size":1.30000007,"_time":38.64453},{"$id":"127","sounds":[{"d":0.3125,"p":62,"v":85},{"d":0.3125,"p":74,"v":85}],"pos":-2.0,"size":1.0,"_time":38.64453},{"$id":"128","sounds":[{"d":1.25,"p":58,"v":125},{"d":1.25,"p":65,"v":106},{"d":1.25,"p":69,"v":94},{"d":1.25,"p":62,"v":107}],"pos":1.5,"size":2.0,"_time":38.75},{"$id":"129","sounds":[{"d":0.416667938,"p":77,"v":92},{"d":0.416667938,"p":65,"v":92}],"pos":-1.0,"size":1.0,"_time":38.95703},{"$id":"130","sounds":[{"d":0.416667938,"p":81,"v":95},{"d":0.416667938,"p":69,"v":95}],"size":1.0,"_time":39.375},{"$id":"131","sounds":[{"d":1.5625,"p":84,"v":106},{"d":1.5625,"p":72,"v":106}],"pos":1.0,"size":1.0,"_time":39.79297},{"$id":"132","sounds":[{"d":0.104167938,"p":41,"v":107}],"pos":-2.0,"size":1.30000007,"_time":40.0},{"$id":"133","sounds":[{"d":0.208332062,"p":48,"v":86}],"pos":-1.0,"size":1.30000007,"_time":40.10547},{"$id":"134","sounds":[{"d":0.104167938,"p":53,"v":119}],"pos":-2.0,"size":1.30000007,"_time":40.3125},{"$id":"135","sounds":[{"d":1.25,"p":63,"v":96},{"d":1.25,"p":67,"v":103},{"d":1.25,"p":56,"v":118},{"d":1.25,"p":60,"v":110}],"pos":-0.5,"size":2.0,"_time":40.41797},{"$id":"136","sounds":[{"d":0.104167938,"p":69,"v":70},{"d":0.104167938,"p":81,"v":70}],"pos":-2.0,"size":1.0,"_time":41.35547},{"$id":"137","sounds":[{"d":0.104167938,"p":70,"v":96},{"d":0.104167938,"p":82,"v":96}],"pos":-1.5,"size":1.0,"_time":41.45703},{"$id":"138","sounds":[{"d":0.416667938,"p":72,"v":81},{"d":0.416667938,"p":84,"v":81}],"pos":-1.0,"size":1.0,"_time":41.5625},{"$id":"139","sounds":[{"d":0.104167938,"p":43,"v":104}],"size":1.30000007,"_time":41.66797},{"$id":"140","sounds":[{"d":0.208332062,"p":50,"v":91}],"pos":1.0,"size":1.30000007,"_time":41.76953},{"$id":"141","sounds":[{"d":0.104167938,"p":55,"v":118}],"size":1.30000007,"_time":41.98047},{"$id":"142","sounds":[{"d":0.3125,"p":74,"v":107},{"d":0.3125,"p":86,"v":107}],"pos":-1.0,"size":1.0,"_time":41.98047},{"$id":"143","sounds":[{"d":1.25,"p":65,"v":112},{"d":1.25,"p":69,"v":107},{"d":1.25,"p":62,"v":107},{"d":1.25,"p":58,"v":124}],"pos":1.5,"size":2.0,"_time":42.08203},{"$id":"144","sounds":[{"d":0.416667938,"p":72,"v":79},{"d":0.416667938,"p":84,"v":79}],"pos":-2.0,"size":1.0,"_time":42.29297},{"$id":"145","sounds":[{"d":0.416667938,"p":91,"v":100},{"d":0.416667938,"p":79,"v":100}],"pos":2.0,"size":1.0,"_time":42.70703},{"$id":"146","sounds":[{"d":1.875,"p":77,"v":110},{"d":1.875,"p":89,"v":110}],"pos":1.0,"size":1.0,"_time":43.125},{"$id":"147","sounds":[{"d":0.104167938,"p":41,"v":99}],"pos":-2.0,"size":1.30000007,"_time":43.33203},{"$id":"148","sounds":[{"d":0.208332062,"p":48,"v":84}],"pos":-1.0,"size":1.30000007,"_time":43.4375},{"$id":"149","sounds":[{"d":0.104167938,"p":53,"v":112}],"pos":-2.0,"size":1.30000007,"_time":43.64453},{"$id":"150","sounds":[{"d":1.25,"p":56,"v":123},{"d":1.25,"p":60,"v":108},{"d":1.25,"p":67,"v":109},{"d":1.25,"p":63,"v":103}],"pos":-0.5,"size":2.0,"_time":43.75},{"$id":"151","sounds":[{"d":0.104167938,"p":43,"v":105}],"size":1.30000007,"_time":45.0},{"$id":"152","sounds":[{"d":0.3125,"p":81,"v":111},{"d":0.3125,"p":69,"v":111}],"pos":-1.0,"size":1.0,"_time":45.0},{"$id":"153","sounds":[{"d":0.208332062,"p":50,"v":105}],"pos":1.0,"size":1.30000007,"_time":45.10547},{"$id":"154","sounds":[{"d":0.104167938,"p":55,"v":123}],"size":1.30000007,"_time":45.3125},{"$id":"155","sounds":[{"d":0.3125,"p":77,"v":84},{"d":0.3125,"p":65,"v":84}],"pos":-2.0,"size":1.0,"_time":45.3125},{"$id":"156","sounds":[{"d":1.25,"p":58,"v":125},{"d":1.25,"p":65,"v":106},{"d":1.25,"p":69,"v":94},{"d":1.25,"p":62,"v":107}],"pos":1.5,"size":2.0,"_time":45.41797},{"$id":"157","sounds":[{"d":0.416667938,"p":81,"v":90},{"d":0.416667938,"p":69,"v":90}],"pos":-1.0,"size":1.0,"_time":45.625},{"$id":"158","sounds":[{"d":0.416667938,"p":82,"v":100},{"d":0.416667938,"p":70,"v":100}],"size":1.0,"_time":46.04297},{"$id":"159","sounds":[{"d":0.208332062,"p":84,"v":85},{"d":0.208332062,"p":72,"v":85}],"pos":1.0,"size":1.0,"_time":46.45703},{"$id":"160","sounds":[{"d":0.104167938,"p":41,"v":107}],"pos":-2.0,"size":1.30000007,"_time":46.66797},{"$id":"161","sounds":[{"d":1.35416794,"p":86,"v":118},{"d":1.35416794,"p":74,"v":118}],"pos":2.0,"size":1.0,"_time":46.66797},{"$id":"162","sounds":[{"d":0.208332062,"p":48,"v":86}],"pos":-1.0,"size":1.30000007,"_time":46.76953},{"$id":"163","sounds":[{"d":0.104167938,"p":53,"v":119}],"pos":-2.0,"size":1.30000007,"_time":46.98047},{"$id":"164","sounds":[{"d":1.25,"p":60,"v":110},{"d":1.25,"p":56,"v":118},{"d":1.25,"p":67,"v":103},{"d":1.25,"p":63,"v":96}],"pos":-0.5,"size":2.0,"_time":47.08203},{"$id":"165","sounds":[{"d":0.104167938,"p":72,"v":82},{"d":0.104167938,"p":84,"v":82}],"pos":-2.0,"size":1.0,"_time":48.01953},{"$id":"166","sounds":[{"d":0.208332062,"p":74,"v":89},{"d":0.208332062,"p":86,"v":89}],"pos":-1.5,"size":1.0,"_time":48.125},{"$id":"167","sounds":[{"d":0.104167938,"p":43,"v":104}],"size":1.30000007,"_time":48.33203},{"$id":"168","sounds":[{"d":1.45833588,"p":81,"v":117},{"d":1.45833588,"p":93,"v":117}],"pos":-1.0,"size":1.0,"_time":48.33203},{"$id":"169","sounds":[{"d":0.208332062,"p":50,"v":91}],"pos":1.0,"size":1.30000007,"_time":48.4375},{"$id":"170","sounds":[{"d":0.104167938,"p":55,"v":118}],"size":1.30000007,"_time":48.64453},{"$id":"171","sounds":[{"d":1.25,"p":69,"v":107},{"d":1.25,"p":62,"v":107},{"d":1.25,"p":65,"v":112},{"d":1.25,"p":58,"v":124}],"pos":1.5,"size":2.0,"_time":48.75},{"$id":"172","sounds":[{"d":0.104167938,"p":82,"v":91},{"d":0.104167938,"p":94,"v":91}],"pos":2.0,"size":1.0,"_time":49.79297},{"$id":"173","sounds":[{"d":0.104167938,"p":81,"v":85},{"d":0.104167938,"p":93,"v":85}],"pos":1.5,"size":1.0,"_time":49.89453},{"$id":"174","sounds":[{"d":0.104167938,"p":41,"v":99}],"pos":-2.0,"size":1.30000007,"_time":50.0},{"$id":"175","sounds":[{"d":1.84896088,"p":79,"v":105},{"d":1.84896088,"p":91,"v":105}],"pos":1.0,"size":1.0,"_time":50.0},{"$id":"176","sounds":[{"d":0.208332062,"p":48,"v":84}],"pos":-1.0,"size":1.30000007,"_time":50.10547},{"$id":"177","sounds":[{"d":0.104167938,"p":53,"v":112}],"pos":-2.0,"size":1.30000007,"_time":50.3125},{"$id":"178","sounds":[{"d":1.25,"p":60,"v":108},{"d":1.25,"p":67,"v":109},{"d":1.25,"p":56,"v":123},{"d":1.25,"p":63,"v":103}],"pos":-0.5,"size":2.0,"_time":50.41797},{"$id":"179","sounds":[{"d":1.04166794,"p":43,"v":125}],"pos":4.375,"size":1.0,"_time":51.66797},{"$id":"180","sounds":[{"d":1.04166794,"p":58,"v":125},{"d":1.04166794,"p":65,"v":107},{"d":1.04166794,"p":69,"v":113},{"d":1.04166794,"p":62,"v":119}],"pos":-0.5,"size":2.0,"_time":51.66797},{"$id":"181","sounds":[{"d":0.05208206,"p":85,"v":119}],"pos":1.5,"size":1.0,"_time":51.8476563},{"$id":"182","sounds":[{"d":0.182292938,"p":86,"v":119}],"pos":2.0,"size":1.0,"_time":51.9023438},{"$id":"183","sounds":[{"d":0.208332062,"p":84,"v":114}],"pos":1.0,"size":1.0,"_time":52.08203},{"$id":"184","sounds":[{"d":0.208332062,"p":82,"v":104}],"size":1.0,"_time":52.29297},{"$id":"185","sounds":[{"d":0.208332062,"p":79,"v":104}],"pos":-1.0,"size":1.0,"_time":52.5},{"$id":"186","sounds":[{"d":0.416667938,"p":62,"v":100},{"d":0.416667938,"p":69,"v":84},{"d":0.416667938,"p":58,"v":106},{"d":0.416667938,"p":65,"v":90}],"pos":-0.5,"size":2.0,"_time":52.70703},{"$id":"187","sounds":[{"d":0.416667938,"p":43,"v":99}],"pos":4.375,"size":1.0,"_time":52.70703},{"$id":"188","sounds":[{"d":0.208332062,"p":77,"v":96}],"pos":1.5,"size":1.0,"_time":52.70703},{"$id":"189","sounds":[{"d":0.104167938,"p":78,"v":100}],"size":1.0,"_time":52.91797},{"$id":"190","sounds":[{"d":0.104167938,"p":79,"v":110}],"pos":2.0,"size":1.0,"_time":53.01953},{"$id":"191","sounds":[{"d":1.875,"p":50,"v":118}],"pos":5.25,"size":1.0,"_time":53.125},{"$id":"192","sounds":[{"d":0.8333359,"p":77,"v":111}],"pos":1.0,"size":1.0,"_time":53.125},{"$id":"193","sounds":[{"d":1.875,"p":64,"v":105},{"d":1.875,"p":67,"v":90},{"d":1.875,"p":60,"v":110},{"d":1.875,"p":57,"v":124}],"pos":-1.5,"size":2.0,"_time":53.125},{"$id":"194","sounds":[{"d":0.104167938,"p":72,"v":79}],"size":1.0,"_time":53.95703},{"$id":"195","sounds":[{"d":0.104167938,"p":73,"v":66}],"pos":1.0,"size":1.0,"_time":54.0625},{"$id":"196","sounds":[{"d":0.208332062,"p":74,"v":94}],"pos":2.0,"size":1.0,"_time":54.16797},{"$id":"197","sounds":[{"d":0.208332062,"p":72,"v":96}],"size":1.0,"_time":54.375},{"$id":"198","sounds":[{"d":0.104167938,"p":70,"v":97}],"pos":1.0,"size":1.0,"_time":54.58203},{"$id":"199","sounds":[{"d":0.104167938,"p":67,"v":97}],"pos":-1.0,"size":1.0,"_time":54.6875},{"$id":"200","sounds":[{"d":1.14583588,"p":70,"v":97}],"pos":1.0,"size":1.0,"_time":54.79297},{"$id":"201","sounds":[{"d":1.04166794,"p":51,"v":125}],"pos":5.375,"size":1.0,"_time":55.0},{"$id":"202","sounds":[{"d":1.04166794,"p":62,"v":104},{"d":1.04166794,"p":58,"v":110},{"d":1.04166794,"p":65,"v":111},{"d":1.04166794,"p":55,"v":124}],"pos":-1.5,"size":2.0,"_time":55.0},{"$id":"203","sounds":[{"d":0.104167938,"p":65,"v":98}],"size":1.0,"_time":55.9375},{"$id":"204","sounds":[{"d":0.416667938,"p":51,"v":113}],"pos":5.375,"size":1.0,"_time":56.04297},{"$id":"205","sounds":[{"d":0.416667938,"p":55,"v":95},{"d":0.416667938,"p":62,"v":92},{"d":0.416667938,"p":58,"v":85},{"d":0.416667938,"p":65,"v":103}],"pos":-1.5,"size":2.0,"_time":56.04297},{"$id":"206","sounds":[{"d":0.104167938,"p":66,"v":86}],"pos":0.329476178,"size":1.0,"_time":56.04297},{"$id":"207","sounds":[{"d":0.104167938,"p":67,"v":76}],"pos":0.6461635,"size":1.0,"_time":56.14453},{"$id":"208","sounds":[{"d":0.104167938,"p":69,"v":85}],"pos":1.0,"size":1.0,"_time":56.25},{"$id":"209","sounds":[{"d":0.104167938,"p":70,"v":87}],"pos":1.30511594,"size":1.0,"_time":56.35547},{"$id":"210","sounds":[{"d":1.04166794,"p":48,"v":109}],"pos":5.0,"size":1.0,"_time":56.45703},{"$id":"211","sounds":[{"d":1.04166794,"p":63,"v":114},{"d":1.04166794,"p":58,"v":115},{"d":1.04166794,"p":55,"v":111}],"pos":-0.5,"size":2.0,"_time":56.45703},{"$id":"212","sounds":[{"d":0.104167938,"p":72,"v":69}],"pos":1.64616477,"size":1.0,"_time":56.45703},{"$id":"213","sounds":[{"d":0.208332062,"p":74,"v":76}],"pos":2.0,"size":1.0,"_time":56.5625},{"$id":"214","sounds":[{"d":0.104167938,"p":67,"v":105}],"size":1.0,"_time":56.76953},{"$id":"215","sounds":[{"d":0.104167938,"p":69,"v":98}],"pos":0.329476178,"size":1.0,"_time":56.875},{"$id":"216","sounds":[{"d":0.104167938,"p":70,"v":97}],"pos":0.7192443,"size":1.0,"_time":56.98047},{"$id":"217","sounds":[{"d":0.104167938,"p":72,"v":82}],"pos":1.0,"size":1.0,"_time":57.08203},{"$id":"218","sounds":[{"d":0.104167938,"p":74,"v":99}],"pos":1.32947612,"size":1.0,"_time":57.1875},{"$id":"219","sounds":[{"d":0.104167938,"p":75,"v":85}],"pos":1.69488525,"size":1.0,"_time":57.29297},{"$id":"220","sounds":[{"d":0.104167938,"p":77,"v":86}],"pos":2.0,"size":1.0,"_time":57.39453},{"$id":"221","sounds":[{"d":0.416667938,"p":60,"v":102},{"d":0.416667938,"p":57,"v":110},{"d":0.416667938,"p":67,"v":101},{"d":0.416667938,"p":64,"v":95}],"pos":-1.5,"size":2.0,"_time":57.5},{"$id":"222","sounds":[{"d":0.416667938,"p":45,"v":108}],"pos":4.625,"size":1.0,"_time":57.5},{"$id":"223","sounds":[{"d":0.104167938,"p":72,"v":90}],"size":1.0,"_time":57.5},{"$id":"224","sounds":[{"d":0.104167938,"p":73,"v":103}],"pos":0.5,"size":1.0,"_time":57.60547},{"$id":"225","sounds":[{"d":0.104167938,"p":74,"v":92}],"pos":1.0,"size":1.0,"_time":57.70703},{"$id":"226","sounds":[{"d":0.104167938,"p":76,"v":95}],"pos":1.5,"size":1.0,"_time":57.8125},{"$id":"227","sounds":[{"d":0.416667938,"p":44,"v":125}],"pos":4.5,"size":1.0,"_time":57.91797},{"$id":"228","sounds":[{"d":0.416667938,"p":60,"v":119},{"d":0.416667938,"p":66,"v":119},{"d":0.416667938,"p":69,"v":114},{"d":0.416667938,"p":63,"v":119}],"pos":-1.0,"size":2.0,"_time":57.91797},{"$id":"229","sounds":[{"d":0.104167938,"p":75,"v":93}],"pos":0.5,"size":1.0,"_time":57.91797},{"$id":"230","sounds":[{"d":0.104167938,"p":78,"v":91}],"pos":1.0,"size":1.0,"_time":58.01953},{"$id":"231","sounds":[{"d":0.104167938,"p":80,"v":84}],"pos":1.5,"size":1.0,"_time":58.125},{"$id":"232","sounds":[{"d":0.729167938,"p":81,"v":92}],"pos":2.0,"size":1.0,"_time":58.23047},{"$id":"233","sounds":[{"d":1.04166794,"p":43,"v":125}],"pos":4.375,"size":1.0,"_time":58.33203},{"$id":"234","sounds":[{"d":1.04166794,"p":62,"v":115},{"d":1.04166794,"p":69,"v":123},{"d":1.04166794,"p":65,"v":107},{"d":1.04166794,"p":58,"v":125}],"pos":-1.5,"size":2.0,"_time":58.33203},{"$id":"235","sounds":[{"d":0.104167938,"p":84,"v":99}],"pos":-1.0,"size":1.0,"_time":58.95703},{"$id":"236","sounds":[{"d":0.104167938,"p":85,"v":106}],"size":1.0,"_time":59.0625},{"$id":"237","sounds":[{"d":0.416667938,"p":86,"v":111}],"pos":1.0,"size":1.0,"_time":59.16797},{"$id":"238","sounds":[{"d":0.416667938,"p":43,"v":111}],"pos":4.375,"size":1.0,"_time":59.375},{"$id":"239","sounds":[{"d":0.416667938,"p":65,"v":73},{"d":0.416667938,"p":62,"v":102},{"d":0.416667938,"p":69,"v":105},{"d":0.416667938,"p":58,"v":98}],"pos":-1.5,"size":2.0,"_time":59.375},{"$id":"240","sounds":[{"d":0.208332062,"p":89,"v":108}],"pos":2.0,"size":1.0,"_time":59.58203},{"$id":"241","sounds":[{"d":1.66666794,"p":39,"v":125}],"pos":3.875,"size":1.0,"_time":59.79297},{"$id":"242","sounds":[{"d":0.416667938,"p":86,"v":106}],"pos":1.0,"size":1.0,"_time":59.79297},{"$id":"243","sounds":[{"d":1.66666794,"p":67,"v":118},{"d":1.66666794,"p":62,"v":106},{"d":1.66666794,"p":74,"v":119},{"d":1.66666794,"p":65,"v":120}],"pos":-0.5,"size":2.0,"_time":59.79297},{"$id":"244","sounds":[{"d":0.208332062,"p":92,"v":106}],"pos":2.0,"size":1.0,"_time":60.20703},{"$id":"245","sounds":[{"d":0.416667938,"p":91,"v":103}],"pos":1.0,"size":1.0,"_time":60.41797},{"$id":"246","sounds":[{"d":0.208332062,"p":91,"v":106}],"pos":1.0,"size":1.0,"_time":60.83203},{"$id":"247","sounds":[{"d":0.729167938,"p":89,"v":103}],"size":1.0,"_time":61.04297},{"$id":"248","sounds":[{"d":1.66666794,"p":36,"v":118}],"pos":3.5,"size":1.0,"_time":61.45703},{"$id":"249","sounds":[{"d":1.66666794,"p":62,"v":124},{"d":1.66666794,"p":67,"v":110},{"d":1.66666794,"p":74,"v":126},{"d":1.66666794,"p":70,"v":107}],"pos":-0.5,"size":2.0,"_time":61.45703},{"$id":"250","sounds":[{"d":0.104167938,"p":70,"v":85}],"pos":-2.0,"size":1.0,"_time":61.76953},{"$id":"251","sounds":[{"d":0.104167938,"p":74,"v":85}],"pos":-1.79232717,"size":1.0,"_time":61.875},{"$id":"252","sounds":[{"d":0.104167938,"p":75,"v":85}],"pos":-1.26796579,"size":1.0,"_time":61.98047},{"$id":"253","sounds":[{"d":0.104167938,"p":77,"v":85}],"pos":-0.5,"size":1.0,"_time":62.08203},{"$id":"254","sounds":[{"d":0.104167938,"p":78,"v":88}],"pos":0.5,"size":1.0,"_time":62.1875},{"$id":"255","sounds":[{"d":0.104167938,"p":79,"v":83}],"pos":1.36540782,"size":1.0,"_time":62.29297},{"$id":"256","sounds":[{"d":0.104167938,"p":81,"v":83}],"pos":1.86540782,"size":1.0,"_time":62.39453},{"$id":"257","sounds":[{"d":0.104167938,"p":82,"v":94}],"pos":2.0,"size":1.0,"_time":62.5},{"$id":"258","sounds":[{"d":0.104167938,"p":81,"v":89}],"pos":1.889768,"size":1.0,"_time":62.60547},{"$id":"259","sounds":[{"d":0.104167938,"p":79,"v":90}],"pos":1.389768,"size":1.0,"_time":62.70703},{"$id":"260","sounds":[{"d":0.3125,"p":78,"v":82}],"pos":0.389768,"size":1.0,"_time":62.8125},{"$id":"261","sounds":[{"d":1.04166794,"p":41,"v":102}],"pos":4.125,"size":1.0,"_time":63.125},{"$id":"262","sounds":[{"d":1.04166794,"p":60,"v":126},{"d":1.04166794,"p":67,"v":120},{"d":1.04166794,"p":70,"v":117},{"d":1.04166794,"p":63,"v":124}],"pos":-1.5,"size":2.0,"_time":63.125},{"$id":"263","sounds":[{"d":0.625,"p":79,"v":106}],"pos":1.0,"size":1.0,"_time":63.125},{"$id":"264","sounds":[{"d":0.208332062,"p":82,"v":106}],"pos":2.0,"size":1.0,"_time":63.75},{"$id":"265","sounds":[{"d":0.104167938,"p":79,"v":106}],"pos":1.0,"size":1.0,"_time":63.95703},{"$id":"266","sounds":[{"d":0.208335876,"p":75,"v":106}],"size":1.0,"_time":64.0625},{"$id":"267","sounds":[{"d":0.8333359,"p":39,"v":118}],"pos":3.875,"size":1.0,"_time":64.16797},{"$id":"268","sounds":[{"d":0.8333359,"p":63,"v":104},{"d":0.8333359,"p":69,"v":108},{"d":0.8333359,"p":72,"v":109},{"d":0.8333359,"p":66,"v":106}],"pos":-0.694884062,"size":2.0,"_time":64.16797},{"$id":"269","sounds":[{"d":0.104164124,"p":77,"v":106}],"size":1.0,"_time":64.26953},{"$id":"270","sounds":[{"d":0.208335876,"p":78,"v":94}],"pos":1.0,"size":1.0,"_time":64.375},{"$id":"271","sounds":[{"d":0.104164124,"p":79,"v":95}],"pos":-0.5,"size":1.0,"_time":64.58203},{"$id":"272","sounds":[{"d":0.104164124,"p":80,"v":101}],"pos":0.5,"size":1.0,"_time":64.6875},{"$id":"273","sounds":[{"d":0.208335876,"p":81,"v":101}],"pos":1.5,"size":1.0,"_time":64.79297},{"$id":"274","sounds":[{"d":1.66667175,"p":70,"v":109},{"d":1.66667175,"p":77,"v":125},{"d":1.66667175,"p":66,"v":113},{"d":1.66667175,"p":72,"v":110}],"size":2.0,"_time":65.0},{"$id":"275","sounds":[{"d":1.66667175,"p":38,"v":99}],"pos":3.75,"size":1.0,"_time":65.0},{"$id":"276","sounds":[{"d":0.9375,"p":82,"v":114}],"pos":2.0,"size":1.0,"_time":65.0},{"$id":"277","sounds":[{"d":0.104164124,"p":74,"v":92}],"pos":-0.365409017,"size":1.0,"_time":65.9375},{"$id":"278","sounds":[{"d":0.104164124,"p":75,"v":91}],"size":1.0,"_time":66.04297},{"$id":"279","sounds":[{"d":0.104164124,"p":77,"v":90}],"pos":0.329476148,"size":1.0,"_time":66.14453},{"$id":"280","sounds":[{"d":0.104164124,"p":78,"v":110}],"pos":0.6705238,"size":1.0,"_time":66.25},{"$id":"281","sounds":[{"d":0.104164124,"p":80,"v":104}],"pos":1.0,"size":1.0,"_time":66.35547},{"$id":"282","sounds":[{"d":0.104164124,"p":82,"v":89}],"pos":1.32947612,"size":1.0,"_time":66.45703},{"$id":"283","sounds":[{"d":0.104164124,"p":84,"v":114}],"pos":1.67052484,"size":1.0,"_time":66.5625},{"$id":"284","sounds":[{"d":2.91667175,"p":38,"v":81}],"pos":3.75,"size":1.0,"_time":66.66797},{"$id":"285","sounds":[{"d":2.91667175,"p":66,"v":111},{"d":2.91667175,"p":69,"v":115},{"d":2.91667175,"p":75,"v":114},{"d":2.91667175,"p":72,"v":111}],"pos":-0.694884062,"size":2.0,"_time":66.66797},{"$id":"286","sounds":[{"d":0.625,"p":87,"v":107}],"pos":2.0,"size":1.0,"_time":66.66797},{"$id":"287","sounds":[{"d":0.416664124,"p":86,"v":108}],"pos":1.0,"size":1.0,"_time":67.29297},{"$id":"288","sounds":[{"d":3.54167175,"p":84,"v":90}],"pos":-1.0,"size":1.0,"_time":67.70703},{"$id":"289","sounds":[{"d":0.3125,"p":51,"v":127},{"d":0.3125,"p":39,"v":127}],"pos":-1.0,"size":1.30000007,"_time":69.58203},{"$id":"290","sounds":[{"d":0.3125,"p":61,"v":127},{"d":0.3125,"p":65,"v":127},{"d":0.3125,"p":68,"v":127},{"d":0.3125,"p":58,"v":127}],"pos":1.0,"size":2.0,"_time":69.58203},{"$id":"291","sounds":[{"d":0.3125,"p":51,"v":127},{"d":0.3125,"p":39,"v":127}],"pos":-1.0,"size":1.30000007,"_time":69.89453},{"$id":"292","sounds":[{"d":0.3125,"p":65,"v":89},{"d":0.3125,"p":68,"v":114},{"d":0.3125,"p":61,"v":116},{"d":0.3125,"p":58,"v":127}],"pos":1.0,"size":2.0,"_time":69.89453},{"$id":"293","sounds":[{"d":2.70833588,"p":39,"v":127},{"d":2.70833588,"p":51,"v":127}],"pos":-1.0,"size":1.30000007,"_time":70.20703},{"$id":"294","sounds":[{"d":2.70833588,"p":68,"v":127},{"d":2.70833588,"p":58,"v":127},{"d":2.70833588,"p":65,"v":127},{"d":2.70833588,"p":61,"v":127}],"pos":1.0,"size":2.0,"_time":70.20703},{"$id":"295","sounds":[{"d":0.3125,"p":68,"v":97},{"d":0.3125,"p":80,"v":106}],"pos":2.0,"size":1.0,"_time":71.25},{"$id":"296","sounds":[{"d":0.3125,"p":78,"v":82},{"d":0.3125,"p":66,"v":78}],"size":1.0,"_time":71.5625},{"$id":"297","sounds":[{"d":0.208335876,"p":77,"v":84},{"d":0.208335876,"p":65,"v":76}],"pos":1.0,"size":1.0,"_time":71.875},{"$id":"298","sounds":[{"d":0.208335876,"p":65,"v":76},{"d":0.208335876,"p":77,"v":84}],"pos":1.0,"size":1.0,"_time":72.08203},{"$id":"299","sounds":[{"d":0.416664124,"p":61,"v":80},{"d":0.416664124,"p":73,"v":84}],"pos":-1.0,"size":1.0,"_time":72.29297},{"$id":"300","sounds":[{"d":0.208335876,"p":56,"v":88},{"d":0.208335876,"p":68,"v":88}],"pos":-2.0,"size":1.0,"_time":72.70703},{"$id":"301","sounds":[{"d":0.3125,"p":49,"v":127},{"d":0.3125,"p":37,"v":127}],"pos":-1.5,"size":1.30000007,"_time":72.91797},{"$id":"302","sounds":[{"d":1.66667175,"p":58,"v":92},{"d":0.3125,"p":70,"v":127}],"pos":10.5,"size":1.0,"_time":72.91797},{"$id":"303","sounds":[{"d":0.3125,"p":63,"v":127},{"d":1.66667175,"p":70,"v":92},{"d":0.3125,"p":66,"v":127},{"d":0.3125,"p":59,"v":127}],"pos":1.5,"size":2.0,"_time":72.91797},{"$id":"304","sounds":[{"d":0.3125,"p":37,"v":127},{"d":0.3125,"p":49,"v":127}],"pos":-1.5,"size":1.30000007,"_time":73.23047},{"$id":"305","sounds":[{"d":0.3125,"p":59,"v":127},{"d":0.3125,"p":63,"v":101},{"d":0.3125,"p":70,"v":108}],"pos":1.5,"size":2.0,"_time":73.23047},{"$id":"306","sounds":[{"d":2.70833588,"p":49,"v":127},{"d":2.70833588,"p":37,"v":127}],"pos":-1.5,"size":1.30000007,"_time":73.54297},{"$id":"307","sounds":[{"d":2.70833588,"p":70,"v":127},{"d":2.70833588,"p":63,"v":127},{"d":2.70833588,"p":59,"v":127},{"d":2.70833588,"p":66,"v":123}],"pos":1.5,"size":2.0,"_time":73.54297},{"$id":"308","sounds":[{"d":0.3125,"p":70,"v":91},{"d":0.3125,"p":58,"v":78}],"pos":-2.0,"size":1.0,"_time":74.58203},{"$id":"309","sounds":[{"d":0.3125,"p":71,"v":88},{"d":0.3125,"p":59,"v":66}],"size":1.0,"_time":74.89453},{"$id":"310","sounds":[{"d":0.208335876,"p":61,"v":79},{"d":0.208335876,"p":73,"v":99}],"pos":-1.0,"size":1.0,"_time":75.20703},{"$id":"311","sounds":[{"d":0.3125,"p":75,"v":88},{"d":0.3125,"p":63,"v":75}],"pos":1.0,"size":1.0,"_time":75.41797},{"$id":"312","sounds":[{"d":0.3125,"p":77,"v":104},{"d":0.3125,"p":65,"v":81}],"size":1.0,"_time":75.73047},{"$id":"313","sounds":[{"d":0.208335876,"p":78,"v":97},{"d":0.208335876,"p":66,"v":76}],"pos":2.0,"size":1.0,"_time":76.04297},{"$id":"314","sounds":[{"d":0.3125,"p":51,"v":127},{"d":0.3125,"p":39,"v":127}],"pos":-1.0,"size":1.30000007,"_time":76.25},{"$id":"315","sounds":[{"d":1.45833588,"p":80,"v":108},{"d":1.45833588,"p":68,"v":102}],"pos":10.0,"size":1.0,"_time":76.25},{"$id":"316","sounds":[{"d":0.3125,"p":65,"v":127},{"d":0.3125,"p":58,"v":127},{"d":0.3125,"p":61,"v":127},{"d":0.3125,"p":68,"v":127}],"pos":1.0,"size":2.0,"_time":76.25},{"$id":"317","sounds":[{"d":0.3125,"p":39,"v":127},{"d":0.3125,"p":51,"v":119}],"pos":-1.0,"size":1.30000007,"_time":76.5625},{"$id":"318","sounds":[{"d":0.3125,"p":58,"v":124},{"d":0.3125,"p":61,"v":98},{"d":0.3125,"p":68,"v":80}],"pos":1.0,"size":2.0,"_time":76.5625},{"$id":"319","sounds":[{"d":2.5,"p":51,"v":127},{"d":2.5,"p":39,"v":127}],"pos":-1.0,"size":1.30000007,"_time":76.875},{"$id":"320","sounds":[{"d":2.5,"p":58,"v":127},{"d":2.5,"p":61,"v":127},{"d":2.5,"p":68,"v":127},{"d":2.5,"p":65,"v":127}],"pos":1.0,"size":2.0,"_time":76.875},{"$id":"321","sounds":[{"d":0.208335876,"p":77,"v":82},{"d":0.208335876,"p":65,"v":82}],"pos":-2.0,"size":1.0,"_time":77.70703},{"$id":"322","sounds":[{"d":0.3125,"p":80,"v":93},{"d":0.3125,"p":68,"v":92}],"size":1.0,"_time":77.91797},{"$id":"323","sounds":[{"d":0.3125,"p":78,"v":82},{"d":0.3125,"p":66,"v":79}],"pos":-1.0,"size":1.0,"_time":78.23047},{"$id":"324","sounds":[{"d":0.416664124,"p":77,"v":83},{"d":0.416664124,"p":65,"v":69}],"pos":-1.0,"size":1.0,"_time":78.54297},{"$id":"325","sounds":[{"d":0.208335876,"p":78,"v":82},{"d":0.208335876,"p":66,"v":78}],"size":1.0,"_time":78.95703},{"$id":"326","sounds":[{"d":0.208335876,"p":68,"v":78},{"d":0.208335876,"p":80,"v":82}],"pos":1.0,"size":1.0,"_time":79.16797},{"$id":"327","sounds":[{"d":1.66667175,"p":62,"v":127},{"d":1.66667175,"p":66,"v":127},{"d":1.66667175,"p":73,"v":127},{"d":1.66667175,"p":69,"v":81}],"pos":1.5,"size":2.0,"_time":79.375},{"$id":"328","sounds":[{"d":1.66667175,"p":47,"v":127},{"d":1.66667175,"p":35,"v":127}],"pos":-1.5,"size":1.30000007,"_time":79.375},{"$id":"329","sounds":[{"d":1.66667175,"p":81,"v":87},{"d":1.66667175,"p":69,"v":127}],"pos":10.5,"size":1.0,"_time":79.375},{"$id":"330","sounds":[{"d":1.04166412,"p":40,"v":127}],"pos":4.0,"size":1.0,"_time":81.04297},{"$id":"331","sounds":[{"d":1.04166412,"p":73,"v":127},{"d":0.416664124,"p":85,"v":91}],"pos":2.0,"size":1.0,"_time":81.04297},{"$id":"332","sounds":[{"d":0.416664124,"p":73,"v":85},{"d":1.04166412,"p":66,"v":127},{"d":1.04166412,"p":62,"v":122},{"d":1.04166412,"p":68,"v":127}],"pos":-0.5,"size":2.0,"_time":81.04297},{"$id":"333","sounds":[{"d":0.416664124,"p":71,"v":81},{"d":0.416664124,"p":83,"v":96}],"pos":1.0,"size":1.0,"_time":81.45703},{"$id":"334","sounds":[{"d":0.208335876,"p":81,"v":77},{"d":0.208335876,"p":69,"v":72}],"size":1.0,"_time":81.875},{"$id":"335","sounds":[{"d":27.5000229,"p":40,"v":127}],"pos":4.0,"size":1.0,"_time":82.08203},{"$id":"336","sounds":[{"d":27.5000229,"p":71,"v":123},{"d":27.5000229,"p":66,"v":127},{"d":27.5000229,"p":62,"v":127},{"d":27.5000229,"p":68,"v":75}],"pos":-1.5,"size":2.0,"_time":82.08203},{"$id":"337","sounds":[{"d":27.5000229,"p":68,"v":124},{"d":27.5000229,"p":80,"v":85}],"pos":1.0,"size":1.0,"_time":82.08203},{"$id":"338","sounds":[{"d":0.208335876,"p":59,"v":79},{"d":0.208335876,"p":66,"v":99},{"d":0.208335876,"p":51,"v":63},{"d":0.208335876,"p":56,"v":89}],"pos":-1.5,"size":2.0,"_time":83.75},{"$id":"339","sounds":[{"d":0.416664124,"p":60,"v":92},{"d":0.416664124,"p":67,"v":99},{"d":0.416664124,"p":52,"v":63},{"d":0.416664124,"p":57,"v":89}],"size":2.0,"_time":83.95703},{"$id":"340","sounds":[{"d":4.0625,"p":53,"v":60},{"d":4.0625,"p":69,"v":107},{"d":4.0625,"p":58,"v":77},{"d":4.0625,"p":62,"v":90}],"pos":1.5,"size":2.0,"_time":84.375},{"$id":"341","sounds":[{"d":0.104164124,"p":61,"v":103}],"pos":0.5,"size":1.0,"_time":88.4375},{"$id":"342","sounds":[{"d":0.104164124,"p":64,"v":121}],"pos":1.0,"size":1.0,"_time":88.54297},{"$id":"343","sounds":[{"d":0.104164124,"p":67,"v":109}],"pos":1.5,"size":1.0,"_time":88.64453},{"$id":"344","sounds":[{"d":0.3125,"p":70,"v":115}],"pos":2.0,"size":1.0,"_time":88.75},{"$id":"345","sounds":[{"d":0.3125,"p":69,"v":110}],"pos":1.0,"size":1.0,"_time":89.0625},{"$id":"346","sounds":[{"d":0.208335876,"p":65,"v":113}],"size":1.0,"_time":89.375},{"$id":"347","sounds":[{"d":1.01128387,"p":62,"v":120}],"pos":-1.0,"size":1.0,"_time":89.58203},{"$id":"348","sounds":[{"d":0.0520858765,"p":60,"v":90}],"pos":-2.0,"size":1.0,"_time":90.59375},{"$id":"349","sounds":[{"d":0.08680725,"p":61,"v":111}],"pos":-1.60901356,"size":1.0,"_time":90.64844},{"$id":"350","sounds":[{"d":0.308158875,"p":62,"v":118}],"pos":-1.0,"size":1.0,"_time":90.734375},{"$id":"351","sounds":[{"d":2.70833588,"p":60,"v":77}],"pos":-2.0,"size":1.0,"_time":91.04297},{"$id":"352","sounds":[{"d":0.104164124,"p":67,"v":105}],"size":1.0,"_time":93.75},{"$id":"353","sounds":[{"d":0.104164124,"p":63,"v":91}],"pos":-1.0,"size":1.0,"_time":93.85547},{"$id":"354","sounds":[{"d":0.104164124,"p":72,"v":101}],"pos":1.5,"size":1.0,"_time":93.95703},{"$id":"355","sounds":[{"d":0.104164124,"p":69,"v":93}],"pos":0.5,"size":1.0,"_time":94.0625},{"$id":"356","sounds":[{"d":0.104164124,"p":66,"v":106}],"pos":-0.5,"size":1.0,"_time":94.16797},{"$id":"357","sounds":[{"d":0.104164124,"p":62,"v":93}],"pos":-1.5,"size":1.0,"_time":94.26953},{"$id":"358","sounds":[{"d":0.104164124,"p":71,"v":82}],"pos":1.0,"size":1.0,"_time":94.375},{"$id":"359","sounds":[{"d":0.104164124,"p":68,"v":95}],"size":1.0,"_time":94.48047},{"$id":"360","sounds":[{"d":0.104164124,"p":65,"v":85}],"pos":-1.0,"size":1.0,"_time":94.58203},{"$id":"361","sounds":[{"d":0.104164124,"p":60,"v":87}],"pos":-2.0,"size":1.0,"_time":94.6875},{"$id":"362","sounds":[{"d":0.104164124,"p":69,"v":74}],"pos":0.5,"size":1.0,"_time":94.79297},{"$id":"363","sounds":[{"d":0.208335876,"p":65,"v":101}],"pos":-0.5,"size":1.0,"_time":94.89453},{"$id":"364","sounds":[{"d":0.104164124,"p":69,"v":74}],"pos":0.5,"size":1.0,"_time":95.10547},{"$id":"365","sounds":[{"d":0.104164124,"p":72,"v":89}],"pos":1.0,"size":1.0,"_time":95.20703},{"$id":"366","sounds":[{"d":0.104164124,"p":73,"v":89}],"pos":1.5,"size":1.0,"_time":95.3125},{"$id":"367","sounds":[{"d":0.104164124,"p":74,"v":101}],"pos":2.0,"size":1.0,"_time":95.41797},{"$id":"368","sounds":[{"d":0.104164124,"p":70,"v":92}],"pos":1.27009761,"size":1.0,"_time":95.51953},{"$id":"369","sounds":[{"d":0.104164124,"p":67,"v":109}],"pos":0.329476178,"size":1.0,"_time":95.625},{"$id":"370","sounds":[{"d":0.104164124,"p":64,"v":114}],"pos":-0.5,"size":1.0,"_time":95.73047},{"$id":"371","sounds":[{"d":0.104164124,"p":67,"v":93}],"size":1.0,"_time":95.83203},{"$id":"372","sounds":[{"d":0.104164124,"p":69,"v":93}],"pos":0.5,"size":1.0,"_time":95.9375},{"$id":"373","sounds":[{"d":0.104164124,"p":72,"v":103}],"pos":1.0,"size":1.0,"_time":96.04297},{"$id":"374","sounds":[{"d":0.104164124,"p":69,"v":108}],"pos":0.329476118,"size":1.0,"_time":96.14453},{"$id":"375","sounds":[{"d":0.208335876,"p":65,"v":105}],"pos":-0.3538375,"size":1.0,"_time":96.25},{"$id":"376","sounds":[{"d":0.104164124,"p":62,"v":102}],"pos":-1.0,"size":1.0,"_time":96.45703},{"$id":"377","sounds":[{"d":0.104164124,"p":65,"v":105}],"pos":-0.5,"size":1.0,"_time":96.5625},{"$id":"378","sounds":[{"d":0.208335876,"p":69,"v":113}],"size":1.0,"_time":96.66797},{"$id":"379","sounds":[{"d":0.208335876,"p":72,"v":121}],"pos":2.0,"size":1.0,"_time":96.875},{"$id":"380","sounds":[{"d":1.04166412,"p":62,"v":100}],"pos":-1.0,"size":1.0,"_time":97.08203},{"$id":"381","sounds":[{"d":0.104164124,"p":69,"v":105}],"pos":1.0,"size":1.0,"_time":98.125},{"$id":"382","sounds":[{"d":0.104164124,"p":72,"v":109}],"pos":1.5,"size":1.0,"_time":98.23047},{"$id":"383","sounds":[{"d":0.208335876,"p":76,"v":100}],"pos":2.0,"size":1.0,"_time":98.33203},{"$id":"384","sounds":[{"d":0.104164124,"p":69,"v":99}],"pos":1.0,"size":1.0,"_time":98.54297},{"$id":"385","sounds":[{"d":0.104164124,"p":72,"v":108}],"pos":1.5,"size":1.0,"_time":98.64453},{"$id":"386","sounds":[{"d":1.54947662,"p":76,"v":102}],"pos":2.0,"size":1.0,"_time":98.75},{"$id":"387","sounds":[{"d":0.0954895,"p":64,"v":88}],"pos":-1.5,"size":1.0,"_time":100.300781},{"$id":"388","sounds":[{"d":0.230033875,"p":65,"v":105}],"pos":-1.0,"size":1.0,"_time":100.394531},{"$id":"389","sounds":[{"d":0.416664124,"p":67,"v":94}],"size":1.0,"_time":100.625},{"$id":"390","sounds":[{"d":0.208335876,"p":64,"v":102}],"pos":-1.0,"size":1.0,"_time":101.042969},{"$id":"391","sounds":[{"d":0.3125,"p":72,"v":103}],"pos":1.0,"size":1.0,"_time":101.25},{"$id":"392","sounds":[{"d":0.416664124,"p":67,"v":107}],"size":1.0,"_time":101.5625},{"$id":"393","sounds":[{"d":0.416664124,"p":74,"v":121}],"pos":2.0,"size":1.0,"_time":101.980469},{"$id":"394","sounds":[{"d":0.8333359,"p":72,"v":104}],"pos":1.0,"size":1.0,"_time":102.394531},{"$id":"395","sounds":[{"d":0.104164124,"p":61,"v":109}],"pos":-1.5,"size":1.0,"_time":103.230469},{"$id":"396","sounds":[{"d":0.208335876,"p":64,"v":112}],"pos":-1.0,"size":1.0,"_time":103.332031},{"$id":"397","sounds":[{"d":0.208335876,"p":67,"v":110}],"size":1.0,"_time":103.542969},{"$id":"398","sounds":[{"d":0.3125,"p":70,"v":114}],"pos":2.0,"size":1.0,"_time":103.75},{"$id":"399","sounds":[{"d":0.3125,"p":69,"v":117}],"pos":1.0,"size":1.0,"_time":104.0625},{"$id":"400","sounds":[{"d":0.208335876,"p":65,"v":119}],"size":1.0,"_time":104.375},{"$id":"401","sounds":[{"d":1.44965363,"p":62,"v":121}],"pos":-1.0,"size":1.0,"_time":104.582031},{"$id":"402","sounds":[{"d":0.0737838745,"p":66,"v":98}],"pos":-2.0,"size":1.0,"_time":106.03125},{"$id":"403","sounds":[{"d":0.0954895,"p":70,"v":106}],"pos":-1.5,"size":1.0,"_time":106.105469},{"$id":"404","sounds":[{"d":0.021697998,"p":72,"v":94}],"pos":-1.0,"size":1.0,"_time":106.203125},{"$id":"405","sounds":[{"d":0.338539124,"p":77,"v":108}],"pos":2.0,"size":1.0,"_time":106.222656},{"$id":"406","sounds":[{"d":0.3125,"p":75,"v":121}],"pos":1.0,"size":1.0,"_time":106.5625},{"$id":"407","sounds":[{"d":0.3125,"p":72,"v":110}],"size":1.0,"_time":106.875},{"$id":"408","sounds":[{"d":0.3125,"p":70,"v":99}],"pos":-1.0,"size":1.0,"_time":107.1875},{"$id":"409","sounds":[{"d":0.3125,"p":66,"v":84}],"pos":-2.0,"size":1.0,"_time":107.5},{"$id":"410","sounds":[{"d":0.8333359,"p":69,"v":121}],"pos":-1.0,"size":1.0,"_time":107.8125},{"$id":"411","sounds":[{"d":0.104164124,"p":70,"v":91}],"size":1.0,"_time":108.644531},{"$id":"412","sounds":[{"d":0.104164124,"p":72,"v":113}],"pos":0.5,"size":1.0,"_time":108.75},{"$id":"413","sounds":[{"d":0.5989609,"p":74,"v":117}],"pos":1.0,"size":1.0,"_time":108.855469},{"$id":"414","sounds":[{"d":0.8333359,"p":48,"v":101}],"pos":6.0,"size":1.0,"_time":109.582031},{"$id":"415","sounds":[{"d":0.8333359,"p":36,"v":101}],"pos":3.5,"size":1.0,"_time":109.582031},{"$id":"416","sounds":[{"d":0.8333359,"p":55,"v":127},{"d":0.8333359,"p":58,"v":127},{"d":0.8333359,"p":51,"v":101},{"d":0.8333359,"p":62,"v":127}],"pos":-1.5,"size":2.0,"_time":109.582031},{"$id":"417","sounds":[{"d":0.8333359,"p":79,"v":79}],"pos":1.0,"size":0.6999999,"_time":109.582031},{"$id":"418","sounds":[{"d":0.208335876,"p":67,"v":115},{"d":0.208335876,"p":63,"v":124},{"d":0.208335876,"p":74,"v":127},{"d":0.208335876,"p":70,"v":125}],"pos":-0.5,"size":2.0,"_time":110.417969},{"$id":"419","sounds":[{"d":0.625,"p":86,"v":79}],"pos":2.0,"size":0.6999999,"_time":110.417969},{"$id":"420","sounds":[{"d":0.208335876,"p":63,"v":119}],"pos":-1.0,"size":1.0,"_time":110.625},{"$id":"421","sounds":[{"d":0.208335876,"p":67,"v":126}],"pos":1.0,"size":1.0,"_time":110.832031},{"$id":"422","sounds":[{"d":1.04166412,"p":65,"v":127},{"d":1.04166412,"p":74,"v":127}],"pos":-0.5,"size":2.0,"_time":111.042969},{"$id":"423","sounds":[{"d":1.04166412,"p":46,"v":101},{"d":1.04166412,"p":34,"v":101}],"pos":4.0,"size":1.0,"_time":111.042969},{"$id":"424","sounds":[{"d":1.04166412,"p":86,"v":79}],"pos":2.0,"size":0.6999999,"_time":111.042969},{"$id":"425","sounds":[{"d":0.3125,"p":65,"v":111}],"pos":7.125,"size":1.0,"_time":112.082031},{"$id":"426","sounds":[{"d":0.3125,"p":72,"v":127}],"pos":-1.0,"size":1.0,"_time":112.082031},{"$id":"427","sounds":[{"d":0.3125,"p":84,"v":79}],"pos":1.0,"size":0.6999999,"_time":112.082031},{"$id":"428","sounds":[{"d":0.3125,"p":70,"v":127}],"pos":-2.0,"size":1.0,"_time":112.394531},{"$id":"429","sounds":[{"d":0.3125,"p":82,"v":79}],"size":0.6999999,"_time":112.394531},{"$id":"430","sounds":[{"d":0.208335876,"p":72,"v":125}],"pos":-1.0,"size":1.0,"_time":112.707031},{"$id":"431","sounds":[{"d":0.208335876,"p":84,"v":77}],"pos":1.0,"size":0.6999999,"_time":112.707031},{"$id":"432","sounds":[{"d":0.8333359,"p":45,"v":101},{"d":0.8333359,"p":33,"v":94}],"pos":4.0,"size":1.0,"_time":112.917969},{"$id":"433","sounds":[{"d":0.8333359,"p":87,"v":79}],"pos":2.0,"size":0.6999999,"_time":112.917969},{"$id":"434","sounds":[{"d":0.8333359,"p":75,"v":127},{"d":0.8333359,"p":67,"v":127},{"d":0.8333359,"p":63,"v":108}],"pos":-0.5,"size":2.0,"_time":112.917969},{"$id":"435","sounds":[{"d":0.8333359,"p":67,"v":108},{"d":0.8333359,"p":72,"v":127},{"d":0.8333359,"p":63,"v":108}],"pos":-1.5,"size":2.0,"_time":113.75},{"$id":"436","sounds":[{"d":0.8333359,"p":84,"v":79}],"pos":0.5,"size":0.6999999,"_time":113.75},{"$id":"437","sounds":[{"d":0.8333359,"p":32,"v":98},{"d":0.8333359,"p":44,"v":95}],"pos":4.0,"size":1.0,"_time":114.582031},{"$id":"438","sounds":[{"d":0.8333359,"p":91,"v":79}],"pos":1.5,"size":0.6999999,"_time":114.582031},{"$id":"439","sounds":[{"d":0.8333359,"p":79,"v":127},{"d":0.8333359,"p":75,"v":100},{"d":0.8333359,"p":72,"v":100}],"pos":-0.5,"size":2.0,"_time":114.582031},{"$id":"440","sounds":[{"d":0.8333359,"p":70,"v":122},{"d":0.8333359,"p":74,"v":100},{"d":0.8333359,"p":77,"v":127}],"pos":-1.0,"size":2.0,"_time":115.417969},{"$id":"441","sounds":[{"d":0.8333359,"p":31,"v":98},{"d":0.8333359,"p":43,"v":94}],"pos":4.0,"size":1.0,"_time":115.417969},{"$id":"442","sounds":[{"d":0.8333359,"p":89,"v":79}],"pos":1.0,"size":0.6999999,"_time":115.417969},{"$id":"443","sounds":[{"d":0.8333359,"p":72,"v":127},{"d":0.8333359,"p":75,"v":113},{"d":0.8333359,"p":80,"v":127}],"size":2.0,"_time":116.25},{"$id":"444","sounds":[{"d":0.8333359,"p":29,"v":101},{"d":0.8333359,"p":41,"v":101}],"pos":4.0,"size":1.0,"_time":116.25},{"$id":"445","sounds":[{"d":0.8333359,"p":92,"v":79}],"pos":2.0,"size":0.6999999,"_time":116.25},{"$id":"446","sounds":[{"d":0.3125,"p":79,"v":127},{"d":0.3125,"p":72,"v":113}],"pos":-1.5,"size":2.0,"_time":117.082031},{"$id":"447","sounds":[{"d":0.3125,"p":91,"v":79}],"pos":2.0,"size":0.6999999,"_time":117.082031},{"$id":"448","sounds":[{"d":0.3125,"p":77,"v":127}],"pos":-1.0,"size":1.0,"_time":117.394531},{"$id":"449","sounds":[{"d":0.3125,"p":89,"v":79}],"pos":1.0,"size":0.6999999,"_time":117.394531},{"$id":"450","sounds":[{"d":0.208335876,"p":75,"v":127}],"pos":-2.0,"size":1.0,"_time":117.707031},{"$id":"451","sounds":[{"d":0.208335876,"p":87,"v":79}],"size":0.6999999,"_time":117.707031},{"$id":"452","sounds":[{"d":0.8333359,"p":72,"v":127},{"d":0.8333359,"p":77,"v":127},{"d":0.8333359,"p":68,"v":122}],"pos":-1.5,"size":2.0,"_time":117.917969},{"$id":"453","sounds":[{"d":0.8333359,"p":46,"v":93}],"pos":4.75,"size":1.0,"_time":117.917969},{"$id":"454","sounds":[{"d":0.8333359,"p":34,"v":100}],"pos":3.25,"size":1.0,"_time":117.917969},{"$id":"455","sounds":[{"d":0.8333359,"p":89,"v":79}],"pos":1.0,"size":0.6999999,"_time":117.917969},{"$id":"456","sounds":[{"d":0.416664124,"p":46,"v":93},{"d":0.416664124,"p":34,"v":93}],"pos":4.75,"size":1.0,"_time":118.75},{"$id":"457","sounds":[{"d":0.416664124,"p":87,"v":79}],"pos":1.0,"size":0.6999999,"_time":118.75},{"$id":"458","sounds":[{"d":0.416664124,"p":72,"v":109},{"d":0.416664124,"p":68,"v":122},{"d":0.416664124,"p":75,"v":127}],"pos":-1.5,"size":2.0,"_time":118.75},{"$id":"459","sounds":[{"d":0.416664124,"p":77,"v":127}],"pos":-0.5,"size":1.0,"_time":119.167969},{"$id":"460","sounds":[{"d":0.416664124,"p":89,"v":79}],"pos":2.0,"size":0.6999999,"_time":119.167969},{"$id":"461","sounds":[{"d":0.8333359,"p":43,"v":97},{"d":0.8333359,"p":31,"v":87}],"pos":4.375,"size":1.0,"_time":119.582031},{"$id":"462","sounds":[{"d":0.8333359,"p":70,"v":111},{"d":0.8333359,"p":65,"v":109},{"d":0.8333359,"p":77,"v":122}],"pos":-0.5,"size":2.0,"_time":119.582031},{"$id":"463","sounds":[{"d":0.8333359,"p":89,"v":74}],"pos":2.0,"size":0.6999999,"_time":119.582031},{"$id":"464","sounds":[{"d":0.8333359,"p":43,"v":95}],"pos":4.375,"size":1.0,"_time":120.417969},{"$id":"465","sounds":[{"d":0.8333359,"p":86,"v":79}],"pos":0.5,"size":0.6999999,"_time":120.417969},{"$id":"466","sounds":[{"d":0.8333359,"p":70,"v":111},{"d":0.8333359,"p":65,"v":109},{"d":0.8333359,"p":74,"v":127}],"pos":-1.5,"size":2.0,"_time":120.417969},{"$id":"467","sounds":[{"d":0.8333359,"p":36,"v":97}],"pos":3.5,"size":1.0,"_time":121.25},{"$id":"468","sounds":[{"d":0.8333359,"p":70,"v":124},{"d":0.8333359,"p":80,"v":127},{"d":0.8333359,"p":76,"v":127}],"size":2.0,"_time":121.25},{"$id":"469","sounds":[{"d":0.8333359,"p":92,"v":79}],"pos":2.0,"size":0.6999999,"_time":121.25},{"$id":"470","sounds":[{"d":0.8333359,"p":48,"v":101}],"pos":5.0,"size":1.0,"_time":121.25},{"$id":"471","sounds":[{"d":0.8333359,"p":48,"v":87}],"pos":5.0,"size":1.0,"_time":122.082031},{"$id":"472","sounds":[{"d":0.8333359,"p":36,"v":88}],"pos":3.5,"size":1.0,"_time":122.082031},{"$id":"473","sounds":[{"d":0.8333359,"p":76,"v":127},{"d":0.8333359,"p":73,"v":115},{"d":0.8333359,"p":79,"v":127},{"d":0.8333359,"p":70,"v":116}],"pos":-1.0,"size":2.0,"_time":122.082031},{"$id":"474","sounds":[{"d":0.8333359,"p":91,"v":79}],"pos":1.0,"size":0.6999999,"_time":122.082031},{"$id":"475","sounds":[{"d":0.8333359,"p":44,"v":87}],"pos":4.5,"size":1.0,"_time":122.917969},{"$id":"476","sounds":[{"d":0.8333359,"p":32,"v":87}],"pos":3.0,"size":1.0,"_time":122.917969},{"$id":"477","sounds":[{"d":0.8333359,"p":75,"v":126},{"d":0.8333359,"p":79,"v":127},{"d":0.8333359,"p":72,"v":127}],"size":2.0,"_time":122.917969},{"$id":"478","sounds":[{"d":0.8333359,"p":91,"v":79}],"pos":2.0,"size":0.6999999,"_time":122.917969},{"$id":"479","sounds":[{"d":0.625,"p":32,"v":78}],"pos":3.0,"size":1.0,"_time":123.75},{"$id":"480","sounds":[{"d":0.625,"p":44,"v":87}],"pos":4.5,"size":1.0,"_time":123.75},{"$id":"481","sounds":[{"d":0.625,"p":75,"v":110}],"pos":-0.8781977,"size":1.0,"_time":123.75},{"$id":"482","sounds":[{"d":0.625,"p":87,"v":79}],"pos":1.34104753,"size":0.6999999,"_time":123.75},{"$id":"483","sounds":[{"d":1.04166412,"p":32,"v":95}],"pos":3.0,"size":1.0,"_time":124.375},{"$id":"484","sounds":[{"d":1.04166412,"p":44,"v":101}],"pos":4.5,"size":1.0,"_time":124.375},{"$id":"485","sounds":[{"d":1.04166412,"p":71,"v":127},{"d":1.04166412,"p":63,"v":118},{"d":1.04166412,"p":75,"v":118},{"d":1.04166412,"p":67,"v":99}],"pos":-1.5,"size":2.0,"_time":124.375},{"$id":"486","sounds":[{"d":1.45833588,"p":83,"v":70}],"pos":0.5,"size":0.6999999,"_time":124.375},{"$id":"487","sounds":[{"d":0.416664124,"p":44,"v":80}],"pos":4.5,"size":1.0,"_time":125.417969},{"$id":"488","sounds":[{"d":0.416664124,"p":71,"v":125}],"pos":-1.5,"size":1.0,"_time":125.832031},{"$id":"489","sounds":[{"d":0.416664124,"p":83,"v":79}],"pos":1.0,"size":0.6999999,"_time":125.832031},{"$id":"490","sounds":[{"d":0.8333359,"p":43,"v":91},{"d":0.8333359,"p":31,"v":80}],"pos":4.5,"size":1.0,"_time":126.25},{"$id":"491","sounds":[{"d":0.8333359,"p":70,"v":127},{"d":0.8333359,"p":74,"v":116},{"d":0.8333359,"p":77,"v":127}],"size":2.0,"_time":126.25},{"$id":"492","sounds":[{"d":0.8333359,"p":89,"v":79}],"pos":2.0,"size":0.6999999,"_time":126.25},{"$id":"493","sounds":[{"d":0.625,"p":70,"v":113},{"d":0.625,"p":74,"v":127}],"pos":-0.5,"size":2.0,"_time":127.082031},{"$id":"494","sounds":[{"d":0.625,"p":86,"v":79}],"pos":1.5,"size":0.6999999,"_time":127.082031},{"$id":"495","sounds":[{"d":0.208335876,"p":64,"v":115},{"d":0.208335876,"p":67,"v":115},{"d":0.208335876,"p":70,"v":127}],"pos":-1.0,"size":2.0,"_time":127.707031},{"$id":"496","sounds":[{"d":0.208335876,"p":48,"v":23},{"d":0.208335876,"p":36,"v":69}],"pos":5.0,"size":1.0,"_time":127.707031},{"$id":"497","sounds":[{"d":1.875,"p":82,"v":79}],"pos":1.0,"size":0.6999999,"_time":127.707031},{"$id":"498","sounds":[{"d":0.6250076,"p":36,"v":53}],"pos":3.5,"size":1.0,"_time":127.917969},{"$id":"499","sounds":[{"d":0.208328247,"p":36,"v":39}],"pos":3.5,"size":1.0,"_time":128.542969},{"$id":"500","sounds":[{"d":0.833328247,"p":63,"v":115},{"d":0.833328247,"p":66,"v":115},{"d":0.833328247,"p":70,"v":115},{"d":0.833328247,"p":61,"v":115}],"pos":-1.5,"size":2.0,"_time":128.75},{"$id":"501","sounds":[{"d":0.833328247,"p":42,"v":76},{"d":0.833328247,"p":30,"v":82}],"pos":4.5,"size":1.0,"_time":128.75},{"$id":"502","sounds":[{"d":0.416671753,"p":60,"v":111},{"d":0.416671753,"p":68,"v":127},{"d":0.416671753,"p":63,"v":127}],"pos":-1.5,"size":2.0,"_time":129.582031},{"$id":"503","sounds":[{"d":0.416671753,"p":41,"v":69},{"d":0.416671753,"p":29,"v":91}],"pos":4.125,"size":1.0,"_time":129.582031},{"$id":"504","sounds":[{"d":0.416671753,"p":80,"v":79}],"size":0.6,"_time":129.582031},{"$id":"505","sounds":[{"d":0.416671753,"p":84,"v":63}],"pos":1.0,"size":0.6999999,"_time":130.0},{"$id":"506","sounds":[{"d":0.416671753,"p":72,"v":111},{"d":0.416671753,"p":68,"v":127},{"d":0.416671753,"p":63,"v":111}],"pos":-0.5,"size":2.0,"_time":130.0},{"$id":"507","sounds":[{"d":0.416671753,"p":72,"v":127},{"d":0.416671753,"p":68,"v":127},{"d":0.416671753,"p":75,"v":121}],"pos":-1.0,"size":2.0,"_time":130.417969},{"$id":"508","sounds":[{"d":0.416671753,"p":87,"v":73}],"pos":0.5,"size":0.6999999,"_time":130.417969},{"$id":"509","sounds":[{"d":0.416671753,"p":68,"v":111},{"d":0.416671753,"p":72,"v":127},{"d":0.416671753,"p":77,"v":127}],"size":2.0,"_time":130.832031},{"$id":"510","sounds":[{"d":0.416671753,"p":89,"v":79}],"pos":1.5,"size":0.6999999,"_time":130.832031},{"$id":"511","sounds":[{"d":0.833328247,"p":46,"v":79},{"d":0.833328247,"p":34,"v":88}],"pos":4.75,"size":1.0,"_time":131.25},{"$id":"512","sounds":[{"d":0.833328247,"p":91,"v":79}],"pos":1.0,"size":0.6999999,"_time":131.25},{"$id":"513","sounds":[{"d":0.833328247,"p":79,"v":127},{"d":0.833328247,"p":74,"v":103},{"d":0.833328247,"p":68,"v":103}],"pos":-0.5,"size":2.0,"_time":131.25},{"$id":"514","sounds":[{"d":0.833328247,"p":92,"v":79}],"pos":1.5,"size":0.6999999,"_time":132.082031},{"$id":"515","sounds":[{"d":0.833328247,"p":77,"v":103},{"d":0.833328247,"p":70,"v":103},{"d":0.833328247,"p":80,"v":127},{"d":0.833328247,"p":74,"v":103}],"pos":-1.0,"size":2.0,"_time":132.082031},{"$id":"516","sounds":[{"d":0.833328247,"p":44,"v":68},{"d":0.833328247,"p":32,"v":70}],"pos":4.5,"size":1.0,"_time":132.917969},{"$id":"517","sounds":[{"d":0.833328247,"p":84,"v":127},{"d":0.833328247,"p":72,"v":113},{"d":0.833328247,"p":75,"v":120},{"d":0.833328247,"p":79,"v":113}],"pos":-1.5,"size":2.0,"_time":132.917969},{"$id":"518","sounds":[{"d":4.20573425,"p":96,"v":79}],"pos":2.0,"size":0.6999999,"_time":132.917969},{"$id":"519","sounds":[{"d":0.104171753,"p":60,"v":65},{"d":0.104171753,"p":72,"v":99}],"pos":-2.0,"size":1.0,"_time":133.75},{"$id":"520","sounds":[{"d":0.104171753,"p":74,"v":113},{"d":0.104171753,"p":62,"v":79}],"pos":-1.5,"size":1.0,"_time":133.855469},{"$id":"521","sounds":[{"d":0.104171753,"p":63,"v":69},{"d":0.104171753,"p":75,"v":103}],"pos":-1.0,"size":1.0,"_time":133.957031},{"$id":"522","sounds":[{"d":0.104171753,"p":77,"v":100},{"d":0.104171753,"p":65,"v":66}],"pos":-0.5,"size":1.0,"_time":134.0625},{"$id":"523","sounds":[{"d":0.104171753,"p":67,"v":73},{"d":0.104171753,"p":79,"v":107}],"size":1.0,"_time":134.167969},{"$id":"524","sounds":[{"d":0.104171753,"p":70,"v":65},{"d":0.104171753,"p":82,"v":99}],"pos":0.5,"size":1.0,"_time":134.269531},{"$id":"525","sounds":[{"d":0.416671753,"p":72,"v":93},{"d":0.416671753,"p":84,"v":127}],"pos":1.0,"size":1.0,"_time":134.375},{"$id":"526","sounds":[{"d":0.208328247,"p":70,"v":62},{"d":0.208328247,"p":82,"v":96}],"pos":2.0,"size":1.0,"_time":134.792969},{"$id":"527","sounds":[{"d":0.208328247,"p":80,"v":102},{"d":0.208328247,"p":68,"v":68}],"pos":1.0,"size":1.0,"_time":135.0},{"$id":"528","sounds":[{"d":0.416671753,"p":67,"v":62},{"d":0.416671753,"p":79,"v":96}],"size":1.0,"_time":135.207031},{"$id":"529","sounds":[{"d":0.208328247,"p":63,"v":69},{"d":0.208328247,"p":75,"v":103}],"pos":-2.0,"size":1.0,"_time":135.625},{"$id":"530","sounds":[{"d":0.208328247,"p":77,"v":88},{"d":0.208328247,"p":65,"v":54}],"pos":-1.0,"size":1.0,"_time":135.832031},{"$id":"531","sounds":[{"d":0.208328247,"p":79,"v":87},{"d":0.208328247,"p":67,"v":53}],"size":1.0,"_time":136.042969},{"$id":"532","sounds":[{"d":1.22395325,"p":81,"v":127},{"d":1.22395325,"p":69,"v":127}],"pos":1.0,"size":1.0,"_time":136.25},{"$id":"533","sounds":[{"d":1.215271,"p":58,"v":127},{"d":1.20658875,"p":62,"v":121},{"d":1.19790649,"p":65,"v":126}],"pos":-1.5,"size":2.0,"_time":136.25},{"$id":"534","sounds":[{"d":1.16752625,"p":43,"v":91},{"d":1.00694275,"p":31,"v":92}],"pos":4.375,"size":1.0,"_time":136.25},{"$id":"535","sounds":[{"d":0.06944275,"p":74,"v":49}],"size":0.6999999,"_time":137.1211},{"$id":"536","sounds":[{"d":0.078125,"p":77,"v":83}],"pos":0.5,"size":0.6999999,"_time":137.1914},{"$id":"537","sounds":[{"d":0.164932251,"p":80,"v":110}],"pos":1.0,"size":0.6999999,"_time":137.269531},{"$id":"538","sounds":[{"d":0.334198,"p":81,"v":101}],"pos":2.0,"size":0.6999999,"_time":137.4336},{"$id":"539","sounds":[{"d":0.416671753,"p":79,"v":77}],"pos":1.0,"size":0.6999999,"_time":137.769531},{"$id":"540","sounds":[{"d":0.412323,"p":74,"v":64}],"size":0.6999999,"_time":138.1875},{"$id":"541","sounds":[{"d":0.321182251,"p":72,"v":63}],"pos":-1.0,"size":0.6999999,"_time":138.597656},{"$id":"542","sounds":[{"d":0.824646,"p":74,"v":46}],"size":0.6999999,"_time":138.917969},{"$id":"543","sounds":[{"d":1.10676575,"p":65,"v":57}],"pos":-2.0,"size":0.6999999,"_time":139.742188}],"links":[{"notes":[{"$ref":"33"},{"$ref":"34"},{"$ref":"36"}]},{"notes":[{"$ref":"56"},{"$ref":"57"},{"$ref":"59"}]},{"notes":[{"$ref":"77"},{"$ref":"78"},{"$ref":"80"}]},{"notes":[{"$ref":"194"},{"$ref":"195"},{"$ref":"196"}]},{"notes":[{"$ref":"148"},{"$ref":"150"}]},{"notes":[{"$ref":"153"},{"$ref":"156"}]},{"notes":[{"$ref":"125"},{"$ref":"128"}]},{"notes":[{"$ref":"169"},{"$ref":"171"}]},{"notes":[{"$ref":"133"},{"$ref":"135"}]},{"notes":[{"$ref":"136"},{"$ref":"137"},{"$ref":"138"}]},{"notes":[{"$ref":"172"},{"$ref":"173"},{"$ref":"175"}]},{"notes":[{"$ref":"165"},{"$ref":"166"}]},{"notes":[{"$ref":"140"},{"$ref":"143"}]},{"notes":[{"$ref":"162"},{"$ref":"164"}]},{"notes":[{"$ref":"181"},{"$ref":"182"}]},{"notes":[{"$ref":"176"},{"$ref":"178"}]},{"notes":[{"$ref":"203"},{"$ref":"206"},{"$ref":"207"},{"$ref":"208"},{"$ref":"209"},{"$ref":"212"},{"$ref":"213"}]},{"notes":[{"$ref":"214"},{"$ref":"215"},{"$ref":"216"},{"$ref":"217"},{"$ref":"218"},{"$ref":"219"},{"$ref":"220"}]},{"notes":[{"$ref":"230"},{"$ref":"231"},{"$ref":"232"}]},{"notes":[{"$ref":"224"},{"$ref":"225"},{"$ref":"226"}]},{"notes":[{"$ref":"235"},{"$ref":"236"},{"$ref":"237"}]},{"notes":[{"$ref":"250"},{"$ref":"251"},{"$ref":"252"},{"$ref":"253"},{"$ref":"254"},{"$ref":"255"},{"$ref":"256"},{"$ref":"257"},{"$ref":"258"},{"$ref":"259"},{"$ref":"260"}]},{"notes":[{"$ref":"265"},{"$ref":"266"}]},{"notes":[{"$ref":"269"},{"$ref":"270"}]},{"notes":[{"$ref":"271"},{"$ref":"272"},{"$ref":"273"}]},{"notes":[{"$ref":"277"},{"$ref":"278"},{"$ref":"279"},{"$ref":"280"},{"$ref":"281"},{"$ref":"282"},{"$ref":"283"},{"$ref":"286"}]},{"notes":[{"$ref":"341"},{"$ref":"342"},{"$ref":"343"},{"$ref":"344"}]},{"notes":[{"$ref":"348"},{"$ref":"349"},{"$ref":"350"}]},{"notes":[{"$ref":"381"},{"$ref":"382"},{"$ref":"383"}]},{"notes":[{"$ref":"384"},{"$ref":"385"},{"$ref":"386"}]},{"notes":[{"$ref":"387"},{"$ref":"388"}]},{"notes":[{"$ref":"395"},{"$ref":"396"}]},{"notes":[{"$ref":"402"},{"$ref":"403"},{"$ref":"404"}]},{"notes":[{"$ref":"411"},{"$ref":"412"},{"$ref":"413"}]},{"notes":[{"$ref":"352"},{"$ref":"353"}]},{"notes":[{"$ref":"354"},{"$ref":"355"},{"$ref":"356"},{"$ref":"357"}]},{"notes":[{"$ref":"358"},{"$ref":"359"},{"$ref":"360"},{"$ref":"361"}]},{"notes":[{"$ref":"362"},{"$ref":"363"}]},{"notes":[{"$ref":"364"},{"$ref":"365"},{"$ref":"366"},{"$ref":"367"},{"$ref":"368"},{"$ref":"369"},{"$ref":"370"},{"$ref":"371"},{"$ref":"372"},{"$ref":"373"},{"$ref":"374"},{"$ref":"375"}]},{"notes":[{"$ref":"376"},{"$ref":"377"},{"$ref":"378"}]},{"notes":[{"$ref":"519"},{"$ref":"520"},{"$ref":"521"},{"$ref":"522"},{"$ref":"523"},{"$ref":"524"},{"$ref":"525"}]},{"notes":[{"$ref":"535"},{"$ref":"536"},{"$ref":"537"}]}]}