{"speed":10.0,"notes":[{"$id":"1","sounds":[{"d":2.11734724,"p":59,"v":31},{"d":2.16836786,"p":55,"v":31},{"d":2.18750048,"p":50,"v":31}],"pos":-1.5,"size":1.30000007,"_time":2.44921875},{"$id":"2","sounds":[{"d":0.09566331,"p":76,"v":53}],"pos":0.5,"size":1.0,"_time":3.0625},{"$id":"3","sounds":[{"d":1.00765347,"p":78,"v":61}],"pos":1.5,"size":1.0,"_time":3.14453125},{"$id":"4","sounds":[{"d":0.09566307,"p":76,"v":51}],"pos":0.5,"size":1.0,"_time":4.28515625},{"$id":"5","sounds":[{"d":0.503828049,"p":78,"v":57}],"pos":1.5,"size":1.0,"_time":4.36328125},{"$id":"6","sounds":[{"d":0.8482151,"p":76,"v":39}],"pos":-0.5,"size":1.0,"_time":4.8984375},{"$id":"7","sounds":[{"d":0.8163266,"p":81,"v":55}],"pos":1.5,"size":1.0,"_time":5.81640625},{"$id":"8","sounds":[{"d":0.3125,"p":79,"v":59}],"pos":0.5,"size":1.0,"_time":6.734375},{"$id":"9","sounds":[{"d":0.280613422,"p":78,"v":72}],"pos":-0.5,"size":1.0,"_time":7.0390625},{"$id":"10","sounds":[{"d":2.08546019,"p":50,"v":36},{"d":2.06632757,"p":55,"v":36},{"d":2.015307,"p":59,"v":36}],"pos":-1.5,"size":1.30000007,"_time":7.34765625},{"$id":"11","sounds":[{"d":0.573980331,"p":74,"v":60}],"pos":5.0,"size":1.0,"_time":7.34765625},{"$id":"12","sounds":[{"d":0.09566355,"p":76,"v":50}],"pos":-0.5,"size":1.0,"_time":7.9609375},{"$id":"13","sounds":[{"d":1.00765324,"p":78,"v":59}],"pos":0.5,"size":1.0,"_time":8.042969},{"$id":"14","sounds":[{"d":0.09566307,"p":76,"v":53}],"pos":-0.5,"size":1.0,"_time":9.183594},{"$id":"15","sounds":[{"d":0.503824234,"p":78,"v":63}],"pos":0.5,"size":1.0,"_time":9.2421875},{"$id":"16","sounds":[{"d":0.848212242,"p":76,"v":64}],"pos":-1.5,"size":1.0,"_time":9.796875},{"$id":"17","sounds":[{"d":0.8163214,"p":78,"v":61}],"pos":-0.5,"size":1.0,"_time":10.7148438},{"$id":"18","sounds":[{"d":0.3125,"p":76,"v":64}],"pos":0.5,"size":1.0,"_time":11.6328125},{"$id":"19","sounds":[{"d":0.280607224,"p":74,"v":71}],"pos":-0.5,"size":1.0,"_time":11.9375},{"$id":"20","sounds":[{"d":1.6517849,"p":59,"v":34},{"d":1.72193718,"p":50,"v":34},{"d":1.70280457,"p":55,"v":34}],"pos":-1.5,"size":1.30000007,"_time":12.2460938},{"$id":"21","sounds":[{"d":0.5739784,"p":71,"v":61}],"pos":4.5,"size":1.0,"_time":12.2460938},{"$id":"22","sounds":[{"d":0.09566307,"p":76,"v":50}],"pos":0.5,"size":1.0,"_time":12.8554688},{"$id":"23","sounds":[{"d":1.00765324,"p":78,"v":59}],"pos":1.5,"size":1.0,"_time":12.9335938},{"$id":"24","sounds":[{"d":0.09566307,"p":76,"v":39}],"pos":0.5,"size":1.0,"_time":14.0820313},{"$id":"25","sounds":[{"d":0.5038252,"p":78,"v":55}],"pos":1.5,"size":1.0,"_time":14.15625},{"$id":"26","sounds":[{"d":1.403059,"p":76,"v":57}],"pos":-0.5,"size":1.0,"_time":14.6953125},{"$id":"27","sounds":[{"d":0.6696434,"p":81,"v":55}],"pos":1.5,"size":1.0,"_time":15.6132813},{"$id":"28","sounds":[{"d":0.3125,"p":79,"v":57}],"pos":0.5,"size":1.0,"_time":16.53125},{"$id":"29","sounds":[{"d":0.28061676,"p":78,"v":67}],"pos":-0.5,"size":1.0,"_time":16.8359375},{"$id":"30","sounds":[{"d":0.8099518,"p":62,"v":59},{"d":0.841838837,"p":55,"v":59},{"d":0.886482239,"p":59,"v":59}],"pos":-1.5,"size":1.30000007,"_time":17.1445313},{"$id":"31","sounds":[{"d":0.573982239,"p":74,"v":59}],"pos":4.5,"size":1.0,"_time":17.1445313},{"$id":"32","sounds":[{"d":0.09566307,"p":76,"v":46}],"pos":-0.5,"size":1.0,"_time":17.7539063},{"$id":"33","sounds":[{"d":1.001276,"p":78,"v":59}],"pos":0.5,"size":1.0,"_time":17.8320313},{"$id":"34","sounds":[{"d":0.09566307,"p":76,"v":50}],"pos":-0.5,"size":1.0,"_time":18.9804688},{"$id":"35","sounds":[{"d":0.503826141,"p":78,"v":58}],"pos":0.5,"size":1.0,"_time":19.0546875},{"$id":"36","sounds":[{"d":1.5688858,"p":71,"v":61}],"pos":-1.5,"size":1.0,"_time":19.59375},{"$id":"37","sounds":[{"d":0.184949875,"p":73,"v":45}],"pos":0.5,"size":1.0,"_time":21.4492188},{"$id":"38","sounds":[{"d":0.32525444,"p":69,"v":81}],"size":1.0,"_time":22.3476563},{"$id":"39","sounds":[{"d":0.61224556,"p":71,"v":88}],"pos":2.0,"size":1.0,"_time":22.6523438},{"$id":"40","sounds":[{"d":0.318880081,"p":61,"v":74}],"pos":-1.0,"size":1.0,"_time":23.265625},{"$id":"41","sounds":[{"d":0.561224,"p":62,"v":84}],"pos":1.0,"size":1.0,"_time":23.5703125},{"$id":"42","sounds":[{"d":0.299751282,"p":69,"v":81}],"pos":1.5,"size":1.0,"_time":24.1835938},{"$id":"43","sounds":[{"d":0.599493,"p":66,"v":76}],"pos":-0.5,"size":1.0,"_time":24.4882813},{"$id":"44","sounds":[{"d":0.280618668,"p":62,"v":74}],"pos":-1.5,"size":1.0,"_time":25.1015625},{"$id":"45","sounds":[{"d":0.5548477,"p":64,"v":87}],"pos":0.5,"size":1.0,"_time":25.40625},{"$id":"46","sounds":[{"d":0.280614853,"p":66,"v":69}],"size":1.0,"_time":26.0195313},{"$id":"47","sounds":[{"d":1.007658,"p":62,"v":81}],"pos":-2.0,"size":1.0,"_time":26.328125},{"$id":"48","sounds":[{"d":0.299743652,"p":69,"v":76}],"size":1.0,"_time":27.2460938},{"$id":"49","sounds":[{"d":0.54209137,"p":71,"v":74}],"pos":2.0,"size":1.0,"_time":27.5507813},{"$id":"50","sounds":[{"d":0.344387054,"p":61,"v":69}],"pos":-1.5,"size":1.0,"_time":28.1640625},{"$id":"51","sounds":[{"d":0.5994892,"p":62,"v":76}],"pos":0.5,"size":1.0,"_time":28.46875},{"$id":"52","sounds":[{"d":0.338018417,"p":69,"v":78}],"pos":1.5,"size":1.0,"_time":29.0820313},{"$id":"53","sounds":[{"d":0.5867367,"p":66,"v":72}],"pos":-0.5,"size":1.0,"_time":29.3867188},{"$id":"54","sounds":[{"d":0.2869892,"p":62,"v":70}],"pos":-2.0,"size":1.0,"_time":30.0},{"$id":"55","sounds":[{"d":0.95025444,"p":64,"v":79}],"size":1.0,"_time":30.3046875},{"$id":"56","sounds":[{"d":0.325256348,"p":69,"v":81}],"size":1.0,"_time":32.14453},{"$id":"57","sounds":[{"d":0.612247467,"p":71,"v":88}],"pos":2.0,"size":1.0,"_time":32.44922},{"$id":"58","sounds":[{"d":0.318878174,"p":61,"v":74}],"pos":-1.0,"size":1.0,"_time":33.0625},{"$id":"59","sounds":[{"d":0.5612259,"p":62,"v":84}],"pos":1.0,"size":1.0,"_time":33.3671875},{"$id":"60","sounds":[{"d":0.299747467,"p":69,"v":81}],"pos":1.5,"size":1.0,"_time":33.98047},{"$id":"61","sounds":[{"d":0.599494934,"p":66,"v":76}],"pos":-0.5,"size":1.0,"_time":34.2851563},{"$id":"62","sounds":[{"d":0.280612946,"p":62,"v":78}],"pos":-1.5,"size":1.0,"_time":34.8984375},{"$id":"63","sounds":[{"d":0.554851532,"p":64,"v":78}],"pos":0.5,"size":1.0,"_time":35.203125},{"$id":"64","sounds":[{"d":0.280612946,"p":66,"v":69}],"size":1.0,"_time":35.8164063},{"$id":"65","sounds":[{"d":1.00765991,"p":62,"v":81}],"pos":-2.0,"size":1.0,"_time":36.1210938},{"$id":"66","sounds":[{"d":0.299747467,"p":69,"v":76}],"size":1.0,"_time":37.0390625},{"$id":"67","sounds":[{"d":0.5420952,"p":71,"v":74}],"pos":2.0,"size":1.0,"_time":37.3476563},{"$id":"68","sounds":[{"d":0.344387054,"p":61,"v":69}],"pos":-1.5,"size":1.0,"_time":37.9609375},{"$id":"69","sounds":[{"d":0.5994873,"p":62,"v":76}],"pos":0.5,"size":1.0,"_time":38.265625},{"$id":"70","sounds":[{"d":0.3316307,"p":69,"v":78}],"pos":1.5,"size":1.0,"_time":38.8789063},{"$id":"71","sounds":[{"d":0.5803566,"p":66,"v":72}],"pos":-0.5,"size":1.0,"_time":39.1835938},{"$id":"72","sounds":[{"d":0.286991119,"p":62,"v":70}],"pos":-2.0,"size":1.0,"_time":39.796875},{"$id":"73","sounds":[{"d":1.81760406,"p":64,"v":79}],"size":1.0,"_time":40.1015625},{"$id":"74","sounds":[{"d":0.127552032,"p":57,"v":62},{"d":0.1339302,"p":61,"v":62}],"pos":-1.5,"size":1.0,"_time":42.2460938},{"$id":"75","sounds":[{"d":0.146682739,"p":59,"v":53},{"d":0.153060913,"p":62,"v":53}],"pos":-0.5,"size":1.0,"_time":42.3984375},{"$id":"76","sounds":[{"d":0.191326141,"p":61,"v":61},{"d":0.153060913,"p":64,"v":61}],"pos":0.5,"size":1.0,"_time":42.55078},{"$id":"77","sounds":[{"d":0.197704315,"p":62,"v":71},{"d":0.172195435,"p":66,"v":71}],"pos":1.5,"size":1.0,"_time":42.703125},{"$id":"78","sounds":[{"d":0.5676079,"p":43,"v":81}],"pos":6.5,"size":1.30000007,"_time":42.85547},{"$id":"79","sounds":[{"d":0.178573608,"p":64,"v":81}],"pos":-0.5,"size":1.0,"_time":42.85547},{"$id":"80","sounds":[{"d":0.1339302,"p":62,"v":69}],"pos":-1.0,"size":1.0,"_time":43.1640625},{"$id":"81","sounds":[{"d":0.08290863,"p":59,"v":62}],"pos":-2.0,"size":1.0,"_time":43.3164063},{"$id":"82","sounds":[{"d":0.242347717,"p":66,"v":75}],"pos":0.5,"size":1.0,"_time":43.7773438},{"$id":"83","sounds":[{"d":0.4719391,"p":62,"v":77}],"pos":-1.5,"size":1.0,"_time":44.08203},{"$id":"84","sounds":[{"d":0.299743652,"p":69,"v":58}],"pos":1.0,"size":1.0,"_time":44.6953125},{"$id":"85","sounds":[{"d":0.433673859,"p":66,"v":74}],"pos":-1.0,"size":1.0,"_time":45.0},{"$id":"86","sounds":[{"d":0.3316307,"p":74,"v":76}],"pos":1.5,"size":1.0,"_time":45.61328},{"$id":"87","sounds":[{"d":0.39540863,"p":69,"v":85}],"pos":-0.5,"size":1.0,"_time":45.91797},{"$id":"88","sounds":[{"d":0.286991119,"p":78,"v":81}],"pos":2.0,"size":1.0,"_time":46.53125},{"$id":"89","sounds":[{"d":0.3762741,"p":76,"v":66}],"size":1.0,"_time":46.8359375},{"$id":"90","sounds":[{"d":0.165817261,"p":57,"v":72},{"d":0.159439087,"p":61,"v":72}],"pos":-1.5,"size":1.0,"_time":47.14453},{"$id":"91","sounds":[{"d":0.1594429,"p":59,"v":48},{"d":0.14030838,"p":62,"v":48}],"pos":-0.5,"size":1.0,"_time":47.296875},{"$id":"92","sounds":[{"d":0.797199249,"p":81,"v":55}],"pos":6.0,"size":1.0,"_time":47.44922},{"$id":"93","sounds":[{"d":0.165821075,"p":61,"v":55},{"d":0.14030838,"p":64,"v":55}],"pos":0.5,"size":1.0,"_time":47.44922},{"$id":"94","sounds":[{"d":0.172195435,"p":66,"v":68},{"d":0.178573608,"p":62,"v":68}],"pos":1.5,"size":1.0,"_time":47.6015625},{"$id":"95","sounds":[{"d":0.51020813,"p":64,"v":74}],"pos":-0.5,"size":1.0,"_time":47.7539063},{"$id":"96","sounds":[{"d":0.8801079,"p":62,"v":66}],"pos":-1.5,"size":1.0,"_time":48.2148438},{"$id":"97","sounds":[{"d":0.2933693,"p":66,"v":65}],"pos":1.5,"size":1.0,"_time":48.671875},{"$id":"98","sounds":[{"d":0.414539337,"p":64,"v":63}],"pos":-0.5,"size":1.0,"_time":48.98047},{"$id":"99","sounds":[{"d":0.274234772,"p":62,"v":59}],"pos":-1.5,"size":1.0,"_time":49.4375},{"$id":"100","sounds":[{"d":0.274234772,"p":66,"v":64}],"pos":1.5,"size":1.0,"_time":49.8984375},{"$id":"101","sounds":[{"d":0.4655609,"p":64,"v":71}],"pos":-0.5,"size":1.0,"_time":50.203125},{"$id":"102","sounds":[{"d":0.2232132,"p":62,"v":62}],"pos":-1.5,"size":1.0,"_time":50.6640625},{"$id":"103","sounds":[{"d":0.2232132,"p":61,"v":62}],"pos":0.5,"size":1.0,"_time":51.1210938},{"$id":"104","sounds":[{"d":0.2232132,"p":57,"v":62}],"pos":-0.5,"size":1.0,"_time":51.4296875},{"$id":"105","sounds":[{"d":0.797203064,"p":81,"v":74}],"pos":9.125,"size":1.0,"_time":52.0390625},{"$id":"106","sounds":[{"d":0.127552032,"p":57,"v":59},{"d":0.1339302,"p":61,"v":59}],"pos":-1.5,"size":1.0,"_time":52.0390625},{"$id":"107","sounds":[{"d":0.153060913,"p":62,"v":49},{"d":0.146682739,"p":59,"v":49}],"pos":-0.5,"size":1.0,"_time":52.1953125},{"$id":"108","sounds":[{"d":0.191326141,"p":61,"v":61},{"d":0.153060913,"p":64,"v":61}],"pos":0.5,"size":1.0,"_time":52.3476563},{"$id":"109","sounds":[{"d":0.172199249,"p":66,"v":68},{"d":0.19770813,"p":62,"v":68}],"pos":1.5,"size":1.0,"_time":52.5},{"$id":"110","sounds":[{"d":0.5676079,"p":43,"v":73}],"pos":5.5,"size":1.30000007,"_time":52.6523438},{"$id":"111","sounds":[{"d":0.178573608,"p":64,"v":73}],"pos":-0.5,"size":1.0,"_time":52.6523438},{"$id":"112","sounds":[{"d":0.1339302,"p":62,"v":60}],"pos":-1.0,"size":1.0,"_time":52.9609375},{"$id":"113","sounds":[{"d":0.08290863,"p":59,"v":62}],"pos":-2.0,"size":1.0,"_time":53.11328},{"$id":"114","sounds":[{"d":0.242347717,"p":66,"v":58}],"pos":0.5,"size":1.0,"_time":53.5703125},{"$id":"115","sounds":[{"d":0.4719391,"p":62,"v":77}],"pos":-1.5,"size":1.0,"_time":53.8789063},{"$id":"116","sounds":[{"d":0.299743652,"p":69,"v":58}],"pos":1.0,"size":1.0,"_time":54.48828},{"$id":"117","sounds":[{"d":0.433673859,"p":66,"v":74}],"pos":-1.0,"size":1.0,"_time":54.796875},{"$id":"118","sounds":[{"d":0.3316307,"p":74,"v":76}],"pos":1.5,"size":1.0,"_time":55.4101563},{"$id":"119","sounds":[{"d":0.39540863,"p":69,"v":85}],"pos":-0.5,"size":1.0,"_time":55.7148438},{"$id":"120","sounds":[{"d":0.286991119,"p":78,"v":81}],"pos":2.0,"size":1.0,"_time":56.328125},{"$id":"121","sounds":[{"d":0.7397995,"p":76,"v":66}],"size":1.0,"_time":56.6328125},{"$id":"122","sounds":[{"d":0.159439087,"p":61,"v":61},{"d":0.165817261,"p":57,"v":61}],"pos":-1.5,"size":1.0,"_time":56.9375},{"$id":"123","sounds":[{"d":0.14030838,"p":62,"v":43},{"d":0.1594429,"p":59,"v":57}],"pos":-0.5,"size":1.0,"_time":57.09375},{"$id":"124","sounds":[{"d":0.14030838,"p":64,"v":64},{"d":0.165821075,"p":61,"v":64}],"pos":0.5,"size":1.0,"_time":57.2460938},{"$id":"125","sounds":[{"d":0.172195435,"p":66,"v":60},{"d":0.178573608,"p":62,"v":60}],"pos":1.5,"size":1.0,"_time":57.3984375},{"$id":"126","sounds":[{"d":0.51020813,"p":64,"v":73}],"pos":-0.5,"size":1.0,"_time":57.55078},{"$id":"127","sounds":[{"d":0.8801079,"p":62,"v":66}],"pos":-1.5,"size":1.0,"_time":58.01172},{"$id":"128","sounds":[{"d":0.2933693,"p":66,"v":65}],"pos":1.5,"size":1.0,"_time":58.46875},{"$id":"129","sounds":[{"d":0.414539337,"p":64,"v":63}],"pos":-0.5,"size":1.0,"_time":58.7773438},{"$id":"130","sounds":[{"d":0.274234772,"p":62,"v":59}],"pos":-1.5,"size":1.0,"_time":59.234375},{"$id":"131","sounds":[{"d":0.274234772,"p":66,"v":64}],"pos":1.5,"size":1.0,"_time":59.69922},{"$id":"132","sounds":[{"d":0.4655609,"p":64,"v":82}],"pos":-0.5,"size":1.0,"_time":60.0078125},{"$id":"133","sounds":[{"d":0.286991119,"p":62,"v":70}],"pos":-1.5,"size":1.0,"_time":60.484375},{"$id":"134","sounds":[{"d":0.2232132,"p":61,"v":64}],"pos":0.5,"size":1.0,"_time":60.9296875},{"$id":"135","sounds":[{"d":1.20536041,"p":57,"v":64}],"pos":-0.5,"size":1.0,"_time":61.23047},{"$id":"136","sounds":[{"d":0.325256348,"p":69,"v":81}],"size":1.0,"_time":62.7539063},{"$id":"137","sounds":[{"d":0.612247467,"p":71,"v":88}],"pos":2.0,"size":1.0,"_time":63.0625},{"$id":"138","sounds":[{"d":0.318878174,"p":61,"v":74}],"pos":-1.0,"size":1.0,"_time":63.671875},{"$id":"139","sounds":[{"d":0.5612221,"p":62,"v":84}],"pos":1.0,"size":1.0,"_time":63.98047},{"$id":"140","sounds":[{"d":0.299743652,"p":69,"v":81}],"pos":1.5,"size":1.0,"_time":64.59375},{"$id":"141","sounds":[{"d":0.5994873,"p":66,"v":76}],"pos":-0.5,"size":1.0,"_time":64.89844},{"$id":"142","sounds":[{"d":0.280609131,"p":62,"v":74}],"pos":-1.5,"size":1.0,"_time":65.51172},{"$id":"143","sounds":[{"d":0.5548477,"p":64,"v":87}],"pos":0.5,"size":1.0,"_time":65.81641},{"$id":"144","sounds":[{"d":0.280609131,"p":66,"v":69}],"size":1.0,"_time":66.42969},{"$id":"145","sounds":[{"d":1.00765228,"p":62,"v":81}],"pos":-2.0,"size":1.0,"_time":66.734375},{"$id":"146","sounds":[{"d":0.299743652,"p":69,"v":76}],"size":1.0,"_time":67.65234},{"$id":"147","sounds":[{"d":0.54209137,"p":71,"v":74}],"pos":2.0,"size":1.0,"_time":67.96094},{"$id":"148","sounds":[{"d":0.344390869,"p":61,"v":69}],"pos":-1.5,"size":1.0,"_time":68.57031},{"$id":"149","sounds":[{"d":0.599494934,"p":62,"v":76}],"pos":0.5,"size":1.0,"_time":68.87891},{"$id":"150","sounds":[{"d":0.331634521,"p":69,"v":78}],"pos":1.5,"size":1.0,"_time":69.48828},{"$id":"151","sounds":[{"d":0.5803604,"p":66,"v":72}],"pos":-0.5,"size":1.0,"_time":69.796875},{"$id":"152","sounds":[{"d":0.2869873,"p":62,"v":70}],"size":1.0,"_time":70.41016},{"$id":"153","sounds":[{"d":1.970665,"p":57,"v":79}],"pos":-2.0,"size":1.0,"_time":70.71484},{"$id":"154","sounds":[{"d":0.325256348,"p":69,"v":81}],"size":1.0,"_time":72.55078},{"$id":"155","sounds":[{"d":0.612243652,"p":71,"v":88}],"pos":2.0,"size":1.0,"_time":72.85547},{"$id":"156","sounds":[{"d":0.3188858,"p":61,"v":74}],"pos":-1.0,"size":1.0,"_time":73.46875},{"$id":"157","sounds":[{"d":0.5612259,"p":62,"v":84}],"pos":1.0,"size":1.0,"_time":73.77734},{"$id":"158","sounds":[{"d":0.299743652,"p":69,"v":81}],"pos":1.5,"size":1.0,"_time":74.38672},{"$id":"159","sounds":[{"d":0.5994873,"p":66,"v":76}],"pos":-0.5,"size":1.0,"_time":74.69531},{"$id":"160","sounds":[{"d":0.280609131,"p":62,"v":74}],"pos":-1.5,"size":1.0,"_time":75.30469},{"$id":"161","sounds":[{"d":0.5548477,"p":64,"v":87}],"pos":0.5,"size":1.0,"_time":75.61328},{"$id":"162","sounds":[{"d":0.28061676,"p":66,"v":69}],"size":1.0,"_time":76.22656},{"$id":"163","sounds":[{"d":1.00765228,"p":62,"v":81}],"pos":-2.0,"size":1.0,"_time":76.53125},{"$id":"164","sounds":[{"d":0.299743652,"p":69,"v":76}],"size":1.0,"_time":77.44922},{"$id":"165","sounds":[{"d":0.542099,"p":71,"v":74}],"pos":2.0,"size":1.0,"_time":77.75391},{"$id":"166","sounds":[{"d":0.344390869,"p":61,"v":69}],"pos":-1.5,"size":1.0,"_time":78.36719},{"$id":"167","sounds":[{"d":0.599494934,"p":62,"v":76}],"pos":0.5,"size":1.0,"_time":78.671875},{"$id":"168","sounds":[{"d":0.331634521,"p":69,"v":78}],"pos":1.5,"size":1.0,"_time":79.28516},{"$id":"169","sounds":[{"d":4.60459137,"p":66,"v":72}],"pos":-0.5,"size":1.0,"_time":79.59375},{"$id":"170","sounds":[{"d":3.48851776,"p":62,"v":70}],"pos":-2.0,"size":1.0,"_time":80.203125},{"$id":"171","sounds":[{"d":3.76275635,"p":64,"v":79}],"size":1.0,"_time":80.51172},{"$id":"172","sounds":[{"d":1.93878937,"p":40,"v":43}],"pos":4.0,"size":1.0,"_time":84.48828},{"$id":"173","sounds":[{"d":0.242347717,"p":69,"v":37},{"d":0.235969543,"p":55,"v":39}],"pos":0.5,"size":1.0,"_time":84.796875},{"$id":"174","sounds":[{"d":0.191329956,"p":52,"v":28}],"pos":6.5,"size":1.30000007,"_time":84.796875},{"$id":"175","sounds":[{"d":0.235977173,"p":69,"v":31},{"d":0.210464478,"p":55,"v":35}],"pos":0.5,"size":1.0,"_time":85.41016},{"$id":"176","sounds":[{"d":0.1147995,"p":52,"v":26}],"pos":-1.5,"size":1.30000007,"_time":85.71484},{"$id":"177","sounds":[{"d":0.22959137,"p":69,"v":37},{"d":0.204078674,"p":55,"v":44}],"pos":0.5,"size":1.0,"_time":86.01953},{"$id":"178","sounds":[{"d":0.127548218,"p":52,"v":21}],"pos":6.5,"size":1.30000007,"_time":86.01953},{"$id":"179","sounds":[{"d":0.216835022,"p":71,"v":42},{"d":0.2232132,"p":55,"v":29}],"pos":1.5,"size":1.0,"_time":86.63281},{"$id":"180","sounds":[{"d":2.142868,"p":42,"v":57}],"pos":5.0,"size":1.30000007,"_time":86.9375},{"$id":"181","sounds":[{"d":0.178573608,"p":52,"v":27}],"pos":-1.5,"size":1.30000007,"_time":86.9375},{"$id":"182","sounds":[{"d":0.1977005,"p":54,"v":31}],"pos":7.0,"size":1.30000007,"_time":87.24609},{"$id":"183","sounds":[{"d":0.267852783,"p":69,"v":35},{"d":0.274230957,"p":57,"v":44}],"pos":0.5,"size":1.0,"_time":87.24609},{"$id":"184","sounds":[{"d":0.28061676,"p":69,"v":33},{"d":0.261482239,"p":57,"v":45}],"pos":0.5,"size":1.0,"_time":87.85547},{"$id":"185","sounds":[{"d":0.255104065,"p":54,"v":35}],"pos":-0.5,"size":1.30000007,"_time":88.16406},{"$id":"186","sounds":[{"d":0.248725891,"p":54,"v":28}],"pos":-1.5,"size":1.30000007,"_time":88.46875},{"$id":"187","sounds":[{"d":0.286994934,"p":57,"v":46},{"d":0.3188858,"p":61,"v":27}],"pos":0.5,"size":1.0,"_time":88.46875},{"$id":"188","sounds":[{"d":0.2040863,"p":62,"v":45},{"d":0.28061676,"p":57,"v":40}],"pos":1.5,"size":1.0,"_time":89.08203},{"$id":"189","sounds":[{"d":0.184951782,"p":54,"v":33}],"pos":-0.5,"size":1.30000007,"_time":89.08203},{"$id":"190","sounds":[{"d":2.05995941,"p":47,"v":52}],"pos":5.0,"size":1.30000007,"_time":89.38672},{"$id":"191","sounds":[{"d":0.210456848,"p":54,"v":40}],"pos":6.5,"size":1.30000007,"_time":89.69531},{"$id":"192","sounds":[{"d":0.2614746,"p":69,"v":32},{"d":0.267852783,"p":57,"v":47}],"pos":0.5,"size":1.0,"_time":89.69531},{"$id":"193","sounds":[{"d":0.2678604,"p":69,"v":41},{"d":0.235969543,"p":57,"v":44}],"pos":0.5,"size":1.0,"_time":90.30469},{"$id":"194","sounds":[{"d":0.1977005,"p":54,"v":36}],"pos":-1.5,"size":1.30000007,"_time":90.61328},{"$id":"195","sounds":[{"d":0.210456848,"p":54,"v":32}],"pos":9.0,"size":1.30000007,"_time":90.91797},{"$id":"196","sounds":[{"d":0.22959137,"p":57,"v":42},{"d":0.235969543,"p":62,"v":45}],"pos":-0.5,"size":1.0,"_time":90.91797},{"$id":"197","sounds":[{"d":0.191329956,"p":64,"v":34}],"pos":0.5,"size":1.0,"_time":91.22656},{"$id":"198","sounds":[{"d":0.191329956,"p":66,"v":34},{"d":0.184951782,"p":57,"v":42}],"pos":1.5,"size":1.0,"_time":91.53125},{"$id":"199","sounds":[{"d":0.153060913,"p":54,"v":49}],"pos":9.0,"size":1.30000007,"_time":91.53125},{"$id":"200","sounds":[{"d":1.21173859,"p":43,"v":48}],"pos":4.5,"size":1.30000007,"_time":91.83594},{"$id":"201","sounds":[{"d":0.7780609,"p":78,"v":46}],"pos":2.0,"size":1.0,"_time":92.14453},{"$id":"202","sounds":[{"d":0.306121826,"p":62,"v":32}],"pos":6.5,"size":1.30000007,"_time":92.14453},{"$id":"203","sounds":[{"d":0.293365479,"p":59,"v":37}],"pos":-1.0,"size":1.30000007,"_time":92.44922},{"$id":"204","sounds":[{"d":0.2742386,"p":74,"v":55}],"pos":1.0,"size":1.0,"_time":92.75391},{"$id":"205","sounds":[{"d":0.242347717,"p":62,"v":56}],"pos":6.5,"size":1.30000007,"_time":92.75391},{"$id":"206","sounds":[{"d":1.12244415,"p":45,"v":61}],"pos":4.5,"size":1.30000007,"_time":93.0625},{"$id":"207","sounds":[{"d":0.274230957,"p":59,"v":50}],"pos":-1.0,"size":1.30000007,"_time":93.0625},{"$id":"208","sounds":[{"d":0.325256348,"p":73,"v":47}],"size":1.0,"_time":93.36719},{"$id":"209","sounds":[{"d":0.242347717,"p":59,"v":40}],"pos":-1.0,"size":1.30000007,"_time":93.671875},{"$id":"210","sounds":[{"d":0.293365479,"p":57,"v":49}],"pos":-2.0,"size":1.30000007,"_time":93.98047},{"$id":"211","sounds":[{"d":2.08547974,"p":40,"v":51}],"pos":4.5,"size":1.30000007,"_time":94.28516},{"$id":"212","sounds":[{"d":0.306129456,"p":62,"v":35},{"d":0.255104065,"p":55,"v":43}],"pos":0.5,"size":1.0,"_time":94.59375},{"$id":"213","sounds":[{"d":0.28061676,"p":52,"v":30}],"pos":5.5,"size":1.30000007,"_time":94.59375},{"$id":"214","sounds":[{"d":0.3380127,"p":62,"v":35},{"d":0.261482239,"p":55,"v":44}],"pos":0.5,"size":1.0,"_time":95.203125},{"$id":"215","sounds":[{"d":0.306121826,"p":52,"v":30}],"pos":-1.5,"size":1.30000007,"_time":95.51172},{"$id":"216","sounds":[{"d":0.2678604,"p":79,"v":41}],"pos":1.0,"size":1.0,"_time":95.81641},{"$id":"217","sounds":[{"d":0.242347717,"p":55,"v":45}],"pos":7.5,"size":1.30000007,"_time":95.81641},{"$id":"218","sounds":[{"d":0.248733521,"p":52,"v":43}],"pos":6.5,"size":1.30000007,"_time":96.12109},{"$id":"219","sounds":[{"d":0.229599,"p":81,"v":46}],"pos":2.0,"size":1.0,"_time":96.12109},{"$id":"220","sounds":[{"d":0.22959137,"p":76,"v":46}],"pos":1.0,"size":1.0,"_time":96.42969},{"$id":"221","sounds":[{"d":0.204078674,"p":55,"v":39}],"pos":7.5,"size":1.30000007,"_time":96.42969},{"$id":"222","sounds":[{"d":2.10460663,"p":42,"v":53}],"pos":4.5,"size":1.30000007,"_time":96.734375},{"$id":"223","sounds":[{"d":0.242347717,"p":57,"v":41},{"d":0.3125,"p":62,"v":31}],"pos":0.5,"size":1.0,"_time":97.04297},{"$id":"224","sounds":[{"d":0.242347717,"p":54,"v":37}],"pos":7.5,"size":1.30000007,"_time":97.04297},{"$id":"225","sounds":[{"d":0.255104065,"p":57,"v":47},{"d":0.2742386,"p":62,"v":39}],"pos":0.5,"size":1.0,"_time":97.65234},{"$id":"226","sounds":[{"d":0.242347717,"p":54,"v":38}],"pos":-1.5,"size":1.30000007,"_time":97.96094},{"$id":"227","sounds":[{"d":0.3125,"p":57,"v":50},{"d":0.344390869,"p":69,"v":44}],"pos":1.5,"size":1.0,"_time":98.265625},{"$id":"228","sounds":[{"d":0.153068542,"p":54,"v":33}],"pos":6.5,"size":1.30000007,"_time":98.57031},{"$id":"229","sounds":[{"d":0.229599,"p":61,"v":46}],"pos":0.5,"size":1.0,"_time":98.57031},{"$id":"230","sounds":[{"d":0.210464478,"p":59,"v":50}],"pos":-0.5,"size":1.0,"_time":98.87891},{"$id":"231","sounds":[{"d":2.01531219,"p":47,"v":54}],"pos":5.0,"size":1.30000007,"_time":99.18359},{"$id":"232","sounds":[{"d":0.22959137,"p":54,"v":52}],"pos":6.5,"size":1.30000007,"_time":99.48828},{"$id":"233","sounds":[{"d":0.274230957,"p":57,"v":55},{"d":0.280609131,"p":62,"v":44}],"pos":-1.5,"size":1.0,"_time":99.48828},{"$id":"234","sounds":[{"d":0.299751282,"p":66,"v":54},{"d":0.255104065,"p":57,"v":55}],"pos":1.5,"size":1.0,"_time":100.101563},{"$id":"235","sounds":[{"d":0.2678604,"p":54,"v":42}],"pos":6.5,"size":1.30000007,"_time":100.101563},{"$id":"236","sounds":[{"d":0.261482239,"p":57,"v":60},{"d":0.2678604,"p":62,"v":57}],"pos":-1.5,"size":1.0,"_time":100.714844},{"$id":"237","sounds":[{"d":0.2742386,"p":54,"v":52}],"pos":6.5,"size":1.30000007,"_time":100.714844},{"$id":"238","sounds":[{"d":0.159439087,"p":57,"v":62},{"d":0.159439087,"p":64,"v":47}],"pos":0.5,"size":1.0,"_time":101.328125},{"$id":"239","sounds":[{"d":0.0892868042,"p":54,"v":45}],"pos":5.5,"size":1.30000007,"_time":101.328125},{"$id":"240","sounds":[{"d":0.924743652,"p":43,"v":65}],"pos":4.5,"size":1.30000007,"_time":101.632813},{"$id":"241","sounds":[{"d":0.325256348,"p":62,"v":57},{"d":0.382652283,"p":69,"v":58}],"pos":1.5,"size":1.0,"_time":101.9375},{"$id":"242","sounds":[{"d":0.242347717,"p":59,"v":50}],"pos":-1.5,"size":1.30000007,"_time":102.246094},{"$id":"243","sounds":[{"d":0.318878174,"p":66,"v":62},{"d":0.261482239,"p":62,"v":63}],"pos":0.5,"size":1.0,"_time":102.550781},{"$id":"244","sounds":[{"d":0.248725891,"p":59,"v":57}],"pos":9.5,"size":1.30000007,"_time":102.550781},{"$id":"245","sounds":[{"d":0.880104065,"p":45,"v":67}],"pos":6.0,"size":1.30000007,"_time":102.855469},{"$id":"246","sounds":[{"d":0.389030457,"p":62,"v":69},{"d":0.389030457,"p":64,"v":63}],"pos":-0.5,"size":1.0,"_time":103.164063},{"$id":"247","sounds":[{"d":0.363517761,"p":59,"v":58}],"pos":9.5,"size":1.30000007,"_time":103.164063},{"$id":"248","sounds":[{"d":0.204078674,"p":62,"v":61},{"d":0.389030457,"p":66,"v":63}],"pos":0.5,"size":1.0,"_time":103.777344},{"$id":"249","sounds":[{"d":0.159439087,"p":59,"v":45}],"pos":9.5,"size":1.30000007,"_time":103.777344},{"$id":"250","sounds":[{"d":1.29463959,"p":50,"v":64}],"pos":-2.0,"size":1.0,"_time":104.082031},{"$id":"251","sounds":[{"d":0.2869873,"p":57,"v":36}],"pos":-1.0,"size":1.0,"_time":104.386719},{"$id":"252","sounds":[{"d":0.306121826,"p":62,"v":34}],"size":1.0,"_time":104.695313},{"$id":"253","sounds":[{"d":0.242347717,"p":64,"v":34}],"pos":1.0,"size":1.0,"_time":105.0},{"$id":"254","sounds":[{"d":11.5561218,"p":74,"v":41}],"pos":2.0,"size":1.0,"_time":105.304688},{"$id":"255","sounds":[{"d":0.440048218,"p":66,"v":39}],"pos":-1.0,"size":1.0,"_time":105.304688},{"$id":"256","sounds":[{"d":0.414543152,"p":67,"v":41}],"size":1.0,"_time":105.613281},{"$id":"257","sounds":[{"d":0.389030457,"p":69,"v":43}],"pos":1.0,"size":1.0,"_time":106.070313},{"$id":"258","sounds":[{"d":0.593109131,"p":67,"v":50}],"size":1.0,"_time":106.53125},{"$id":"259","sounds":[{"d":9.738518,"p":66,"v":34}],"pos":1.0,"size":1.0,"_time":107.144531},{"$id":"260","sounds":[{"d":9.508926,"p":50,"v":28}],"pos":-2.0,"size":1.30000007,"_time":107.144531}],"links":[{"notes":[{"$ref":"2"},{"$ref":"3"}]},{"notes":[{"$ref":"4"},{"$ref":"5"}]},{"notes":[{"$ref":"12"},{"$ref":"13"}]},{"notes":[{"$ref":"14"},{"$ref":"15"}]},{"notes":[{"$ref":"22"},{"$ref":"23"}]},{"notes":[{"$ref":"24"},{"$ref":"25"}]},{"notes":[{"$ref":"32"},{"$ref":"33"}]},{"notes":[{"$ref":"34"},{"$ref":"35"}]},{"notes":[{"$ref":"74"},{"$ref":"75"},{"$ref":"76"},{"$ref":"77"}]},{"notes":[{"$ref":"90"},{"$ref":"91"},{"$ref":"93"},{"$ref":"94"}]},{"notes":[{"$ref":"106"},{"$ref":"107"},{"$ref":"108"},{"$ref":"109"}]},{"notes":[{"$ref":"122"},{"$ref":"123"},{"$ref":"124"},{"$ref":"125"}]},{"notes":[{"$ref":"80"},{"$ref":"81"}]},{"notes":[{"$ref":"112"},{"$ref":"113"}]}]}