{"speed":5.76,"notes":[{"$id":"1","sounds":[{"d":0.104895115,"p":72,"v":114}],"pos":-1.5,"size":1.0,"_time":2.9375},{"$id":"2","sounds":[{"d":0.104895115,"p":77,"v":114}],"pos":-0.5,"size":1.0,"_time":3.04296875},{"$id":"3","sounds":[{"d":0.104895115,"p":81,"v":114}],"size":0.799999952,"_time":3.1484375},{"$id":"4","sounds":[{"d":0.104895115,"p":82,"v":114}],"pos":0.5,"size":0.799999952,"_time":3.25},{"$id":"5","sounds":[{"d":0.8391602,"p":84,"v":114}],"pos":1.0,"size":0.799999952,"_time":3.35546875},{"$id":"6","sounds":[{"d":0.104895115,"p":58,"v":114}],"pos":-2.0,"size":1.0,"_time":3.77734375},{"$id":"7","sounds":[{"d":0.104894876,"p":62,"v":114}],"pos":-1.0,"size":1.0,"_time":3.984375},{"$id":"8","sounds":[{"d":0.104895115,"p":65,"v":114}],"pos":1.0,"size":1.0,"_time":4.1953125},{"$id":"9","sounds":[{"d":0.104895115,"p":69,"v":114}],"pos":5.5,"size":1.0,"_time":4.40625},{"$id":"10","sounds":[{"d":0.104895115,"p":77,"v":114}],"pos":2.0,"size":1.0,"_time":4.6171875},{"$id":"11","sounds":[{"d":0.104895115,"p":76,"v":114}],"pos":1.0,"size":1.0,"_time":4.82421875},{"$id":"12","sounds":[{"d":0.104895115,"p":72,"v":114}],"pos":-1.0,"size":1.0,"_time":5.03515625},{"$id":"13","sounds":[{"d":0.104895115,"p":72,"v":114}],"size":1.0,"_time":6.08203125},{"$id":"14","sounds":[{"d":0.104895115,"p":70,"v":114}],"pos":-1.0,"size":1.0,"_time":6.1875},{"$id":"15","sounds":[{"d":0.104895115,"p":69,"v":114}],"pos":-2.0,"size":1.0,"_time":6.29296875},{"$id":"16","sounds":[{"d":0.104895115,"p":70,"v":114}],"pos":-1.0,"size":1.0,"_time":6.50390625},{"$id":"17","sounds":[{"d":0.104895115,"p":72,"v":114}],"size":1.0,"_time":6.71484375},{"$id":"18","sounds":[{"d":0.419579983,"p":91,"v":114}],"pos":2.0,"size":1.1,"_time":7.1328125},{"$id":"19","sounds":[{"d":0.41958046,"p":89,"v":114}],"pos":1.0,"size":1.09999979,"_time":7.76171875},{"$id":"20","sounds":[{"d":0.41958046,"p":88,"v":114}],"size":1.0,"_time":8.390625},{"$id":"21","sounds":[{"d":0.20979023,"p":84,"v":114}],"pos":-1.0,"size":1.0,"_time":9.019531},{"$id":"22","sounds":[{"d":0.20979023,"p":77,"v":114}],"pos":-1.0,"size":1.0,"_time":9.441406},{"$id":"23","sounds":[{"d":0.20979023,"p":81,"v":114}],"size":1.0,"_time":9.6484375},{"$id":"24","sounds":[{"d":0.209789276,"p":82,"v":114}],"pos":1.0,"size":1.0,"_time":9.859375},{"$id":"25","sounds":[{"d":0.13548851,"p":83,"v":114}],"pos":1.5,"size":1.0,"_time":10.0351563},{"$id":"26","sounds":[{"d":0.839158058,"p":84,"v":114}],"pos":2.0,"size":1.0,"_time":10.0703125},{"$id":"27","sounds":[{"d":0.104894638,"p":58,"v":114}],"pos":-2.0,"size":1.0,"_time":10.4882813},{"$id":"28","sounds":[{"d":0.104894638,"p":62,"v":114}],"pos":-1.0,"size":1.0,"_time":10.6992188},{"$id":"29","sounds":[{"d":0.104894638,"p":65,"v":114}],"pos":1.0,"size":1.0,"_time":10.9101563},{"$id":"30","sounds":[{"d":0.104894638,"p":69,"v":114}],"pos":5.5,"size":1.0,"_time":11.1171875},{"$id":"31","sounds":[{"d":0.104894638,"p":77,"v":114}],"pos":2.0,"size":1.0,"_time":11.328125},{"$id":"32","sounds":[{"d":0.104894638,"p":76,"v":114}],"pos":1.0,"size":1.0,"_time":11.5390625},{"$id":"33","sounds":[{"d":0.104894638,"p":72,"v":114}],"pos":-1.0,"size":1.0,"_time":11.75},{"$id":"34","sounds":[{"d":0.104894638,"p":72,"v":114}],"pos":-2.0,"size":0.9,"_time":12.796875},{"$id":"35","sounds":[{"d":0.104894638,"p":76,"v":114}],"pos":-1.0,"size":0.9,"_time":12.9023438},{"$id":"36","sounds":[{"d":0.104894638,"p":77,"v":114}],"size":0.9,"_time":13.0078125},{"$id":"37","sounds":[{"d":0.104894638,"p":79,"v":114}],"pos":2.0,"size":1.0,"_time":13.2148438},{"$id":"38","sounds":[{"d":0.104894638,"p":77,"v":114}],"pos":-1.0,"size":1.0,"_time":13.4257813},{"$id":"39","sounds":[{"d":0.104894638,"p":86,"v":114}],"pos":2.0,"size":1.0,"_time":13.6367188},{"$id":"40","sounds":[{"d":0.104894638,"p":84,"v":114}],"size":1.0,"_time":13.8476563},{"$id":"41","sounds":[{"d":0.20979023,"p":77,"v":114}],"pos":9.5,"size":1.0,"_time":14.0546875},{"$id":"42","sounds":[{"d":0.20979023,"p":81,"v":114}],"pos":1.0,"size":1.0,"_time":14.265625},{"$id":"43","sounds":[{"d":0.20979023,"p":79,"v":114}],"pos":-2.0,"size":1.0,"_time":14.4765625},{"$id":"44","sounds":[{"d":0.20979023,"p":77,"v":114}],"pos":1.0,"size":1.0,"_time":14.6835938},{"$id":"45","sounds":[{"d":0.20979023,"p":76,"v":114}],"pos":-2.0,"size":1.0,"_time":14.8945313},{"$id":"46","sounds":[{"d":0.20979023,"p":72,"v":114}],"pos":-1.5,"size":0.9,"_time":15.3164063},{"$id":"47","sounds":[{"d":0.20979023,"p":76,"v":114}],"pos":1.0,"size":0.9,"_time":15.5234375},{"$id":"48","sounds":[{"d":0.20979023,"p":77,"v":114}],"pos":-1.0,"size":0.9,"_time":15.734375},{"$id":"49","sounds":[{"d":0.209789276,"p":79,"v":114}],"pos":1.5,"size":0.9,"_time":15.9453125},{"$id":"50","sounds":[{"d":0.209789276,"p":77,"v":114}],"pos":-1.5,"size":0.9,"_time":16.1523438},{"$id":"51","sounds":[{"d":0.209789276,"p":76,"v":114}],"pos":1.0,"size":0.9,"_time":16.3632813},{"$id":"52","sounds":[{"d":0.209789276,"p":77,"v":114}],"pos":-1.0,"size":1.1,"_time":16.5742188},{"$id":"53","sounds":[{"d":0.209789276,"p":84,"v":114}],"pos":2.0,"size":1.1,"_time":16.78125},{"$id":"54","sounds":[{"d":0.104894638,"p":58,"v":114}],"pos":-2.0,"size":1.0,"_time":17.203125},{"$id":"55","sounds":[{"d":0.104894638,"p":62,"v":114}],"pos":-1.0,"size":1.0,"_time":17.4140625},{"$id":"56","sounds":[{"d":0.104894638,"p":65,"v":114}],"pos":1.0,"size":1.0,"_time":17.6210938},{"$id":"57","sounds":[{"d":0.104894638,"p":69,"v":114}],"pos":6.0,"size":1.0,"_time":17.8320313},{"$id":"58","sounds":[{"d":0.104894638,"p":77,"v":114}],"pos":2.0,"size":1.0,"_time":18.0429688},{"$id":"59","sounds":[{"d":0.104894638,"p":76,"v":114}],"pos":1.0,"size":1.0,"_time":18.25},{"$id":"60","sounds":[{"d":0.104894638,"p":72,"v":114}],"pos":-1.0,"size":1.0,"_time":18.4609375},{"$id":"61","sounds":[{"d":0.104894638,"p":72,"v":114}],"pos":-1.0,"size":1.0,"_time":19.5117188},{"$id":"62","sounds":[{"d":0.104894638,"p":70,"v":114}],"pos":-1.5,"size":1.0,"_time":19.6171875},{"$id":"63","sounds":[{"d":0.104894638,"p":69,"v":114}],"pos":-2.0,"size":1.0,"_time":19.71875},{"$id":"64","sounds":[{"d":0.104894638,"p":70,"v":114}],"pos":-1.0,"size":1.0,"_time":19.9296875},{"$id":"65","sounds":[{"d":0.104894638,"p":72,"v":114}],"size":1.0,"_time":20.140625},{"$id":"66","sounds":[{"d":0.41958046,"p":91,"v":114}],"pos":2.0,"size":1.0,"_time":20.5585938},{"$id":"67","sounds":[{"d":0.41958046,"p":89,"v":114}],"pos":1.0,"size":1.0,"_time":21.1875},{"$id":"68","sounds":[{"d":0.41958046,"p":88,"v":114}],"size":1.0,"_time":21.8164063},{"$id":"69","sounds":[{"d":0.209789276,"p":84,"v":114}],"pos":1.0,"size":1.0,"_time":22.4492188},{"$id":"70","sounds":[{"d":0.209789276,"p":77,"v":114}],"pos":-2.0,"size":1.0,"_time":22.8671875},{"$id":"71","sounds":[{"d":0.209789276,"p":81,"v":114}],"pos":-1.0,"size":1.0,"_time":23.078125},{"$id":"72","sounds":[{"d":0.209791183,"p":82,"v":114}],"pos":1.0,"size":1.0,"_time":23.2851563},{"$id":"73","sounds":[{"d":0.135490417,"p":83,"v":114}],"pos":1.5,"size":1.0,"_time":23.4609375},{"$id":"74","sounds":[{"d":0.839159,"p":84,"v":114}],"pos":2.0,"size":1.0,"_time":23.4960938},{"$id":"75","sounds":[{"d":0.104894638,"p":58,"v":114}],"pos":-2.0,"size":1.0,"_time":23.9179688},{"$id":"76","sounds":[{"d":0.104894638,"p":62,"v":114}],"pos":-1.0,"size":1.0,"_time":24.125},{"$id":"77","sounds":[{"d":0.104894638,"p":65,"v":114}],"pos":1.0,"size":1.0,"_time":24.3359375},{"$id":"78","sounds":[{"d":0.104894638,"p":69,"v":114}],"pos":8.0,"size":1.0,"_time":24.546875},{"$id":"79","sounds":[{"d":0.104894638,"p":77,"v":114}],"pos":2.0,"size":1.0,"_time":24.7539063},{"$id":"80","sounds":[{"d":0.104894638,"p":76,"v":114}],"pos":1.0,"size":1.0,"_time":24.9648438},{"$id":"81","sounds":[{"d":0.104894638,"p":72,"v":114}],"pos":-1.0,"size":1.0,"_time":25.1757813},{"$id":"82","sounds":[{"d":0.104894638,"p":81,"v":114}],"pos":-2.0,"size":0.9,"_time":26.015625},{"$id":"83","sounds":[{"d":0.104894638,"p":82,"v":114}],"pos":0.5,"size":0.9,"_time":26.2226563},{"$id":"84","sounds":[{"d":0.104894638,"p":84,"v":114}],"pos":-1.5,"size":0.9,"_time":26.4335938},{"$id":"85","sounds":[{"d":0.104894638,"p":88,"v":114}],"pos":1.0,"size":1.0,"_time":26.6445313},{"$id":"86","sounds":[{"d":0.209789276,"p":89,"v":114}],"pos":2.0,"size":1.0,"_time":26.8515625},{"$id":"87","sounds":[{"d":0.209789276,"p":91,"v":114}],"pos":2.0,"size":1.0,"_time":27.6914063},{"$id":"88","sounds":[{"d":0.209789276,"p":89,"v":114}],"pos":1.0,"size":1.0,"_time":28.53125},{"$id":"89","sounds":[{"d":3.35664177,"p":65,"v":127}],"pos":1.0,"size":1.0,"_time":30.2109375},{"$id":"90","sounds":[{"d":3.35664177,"p":58,"v":127},{"d":3.35664177,"p":62,"v":127}],"pos":-1.5,"size":1.70000017,"_time":30.2109375},{"$id":"91","sounds":[{"d":0.209789276,"p":74,"v":126}],"pos":-2.0,"size":1.0,"_time":30.8398438},{"$id":"92","sounds":[{"d":0.209789276,"p":77,"v":126}],"pos":1.0,"size":1.0,"_time":31.0507813},{"$id":"93","sounds":[{"d":0.209789276,"p":81,"v":126}],"pos":-1.0,"size":1.0,"_time":31.2578125},{"$id":"94","sounds":[{"d":0.41958046,"p":86,"v":126}],"pos":2.0,"size":1.0,"_time":31.46875},{"$id":"95","sounds":[{"d":0.41958046,"p":84,"v":126}],"pos":1.0,"size":1.0,"_time":31.8867188},{"$id":"96","sounds":[{"d":0.209789276,"p":81,"v":126}],"pos":-1.0,"size":1.0,"_time":32.9375},{"$id":"97","sounds":[{"d":0.419578552,"p":82,"v":126}],"size":1.0,"_time":33.1484375},{"$id":"98","sounds":[{"d":1.67832184,"p":64,"v":127},{"w":0.03515625,"d":0.629371643,"p":84,"v":126},{"d":1.67832184,"p":57,"v":127},{"d":1.67832184,"p":60,"v":127}],"pos":1.5,"size":2.0,"_time":33.5664063},{"$id":"99","sounds":[{"d":0.419578552,"p":82,"v":126}],"pos":0.5,"size":1.0,"_time":34.1953125},{"$id":"100","sounds":[{"d":0.419578552,"p":81,"v":126}],"pos":-0.5,"size":1.0,"_time":34.82422},{"$id":"101","sounds":[{"d":0.419578552,"p":79,"v":126},{"d":1.67832184,"p":69,"v":127},{"d":1.67832184,"p":65,"v":127},{"d":1.67832184,"p":62,"v":127}],"pos":-1.5,"size":1.90000021,"_time":35.2460938},{"$id":"102","sounds":[{"d":0.419578552,"p":77,"v":126}],"pos":1.0,"size":1.0,"_time":35.6640625},{"$id":"103","sounds":[{"d":0.419578552,"p":76,"v":126}],"pos":-0.5,"size":1.0,"_time":36.08203},{"$id":"104","sounds":[{"d":0.419578552,"p":77,"v":126}],"pos":1.0,"size":1.0,"_time":36.5039063},{"$id":"105","sounds":[{"d":1.67832184,"p":62,"v":127},{"d":1.67832184,"p":58,"v":127},{"d":0.419578552,"p":74,"v":126},{"d":1.67832184,"p":55,"v":127}],"pos":-1.0,"size":2.0,"_time":36.921875},{"$id":"106","sounds":[{"d":0.209789276,"p":74,"v":126}],"pos":-1.5,"size":1.0,"_time":37.9726563},{"$id":"107","sounds":[{"d":0.209789276,"p":77,"v":126}],"pos":-0.5,"size":1.0,"_time":38.1835938},{"$id":"108","sounds":[{"d":0.209789276,"p":81,"v":126}],"pos":0.5,"size":1.0,"_time":38.390625},{"$id":"109","sounds":[{"d":1.67832184,"p":57,"v":127},{"d":1.67832184,"p":61,"v":127},{"d":1.67832184,"p":64,"v":127}],"pos":-1.5,"size":1.70000017,"_time":38.6015625},{"$id":"110","sounds":[{"d":0.419578552,"p":82,"v":126}],"pos":2.0,"size":1.0,"_time":38.6015625},{"$id":"111","sounds":[{"d":0.419578552,"p":81,"v":126}],"pos":1.0,"size":1.0,"_time":39.01953},{"$id":"112","sounds":[{"d":0.419578552,"p":79,"v":126}],"size":1.0,"_time":39.4414063},{"$id":"113","sounds":[{"d":0.419578552,"p":76,"v":126}],"pos":-1.5,"size":1.0,"_time":39.859375},{"$id":"114","sounds":[{"d":0.8391609,"p":65,"v":127},{"d":0.8391609,"p":62,"v":127},{"d":0.8391609,"p":69,"v":127},{"d":0.419578552,"p":77,"v":126}],"pos":1.5,"size":1.90000021,"_time":40.28125},{"$id":"115","sounds":[{"d":0.209789276,"p":76,"v":126}],"pos":1.0,"size":1.0,"_time":40.69922},{"$id":"116","sounds":[{"d":0.209789276,"p":72,"v":126}],"size":1.0,"_time":40.9101563},{"$id":"117","sounds":[{"d":0.8391609,"p":61,"v":127},{"d":0.8391609,"p":69,"v":127},{"d":0.8391609,"p":65,"v":127}],"pos":-1.5,"size":1.90000021,"_time":41.1171875},{"$id":"118","sounds":[{"d":0.209789276,"p":70,"v":126}],"pos":1.0,"size":1.0,"_time":41.328125},{"$id":"119","sounds":[{"d":0.209789276,"p":69,"v":126}],"pos":-1.5,"size":1.0,"_time":41.5390625},{"$id":"120","sounds":[{"d":0.209789276,"p":70,"v":126}],"pos":-0.5,"size":1.0,"_time":41.75},{"$id":"121","sounds":[{"d":0.8391609,"p":60,"v":127},{"d":0.8391609,"p":67,"v":127},{"d":0.8391609,"p":63,"v":127},{"d":0.209789276,"p":72,"v":126}],"pos":0.5,"size":2.0,"_time":41.95703,"shift":-0.00390625},{"$id":"122","sounds":[{"d":0.209789276,"p":77,"v":126}],"pos":-1.5,"size":1.0,"_time":42.3789063},{"$id":"123","sounds":[{"d":0.209789276,"p":79,"v":126},{"d":0.8391609,"p":60,"v":127},{"d":0.8391609,"p":69,"v":127},{"d":0.8391609,"p":65,"v":127}],"pos":1.0,"size":2.0,"_time":42.796875},{"$id":"124","sounds":[{"d":0.209789276,"p":77,"v":126}],"pos":-1.5,"size":1.0,"_time":43.2148438},{"$id":"125","sounds":[{"d":3.35663986,"p":62,"v":127},{"d":3.35663986,"p":65,"v":127},{"d":3.35663986,"p":58,"v":127},{"d":0.209789276,"p":84,"v":126}],"pos":2.0,"size":1.90000021,"_time":43.63672},{"$id":"126","sounds":[{"d":0.209789276,"p":77,"v":126}],"size":1.0,"_time":44.0546875},{"$id":"127","sounds":[{"d":0.209789276,"p":76,"v":126}],"pos":-1.0,"size":1.0,"_time":44.4765625},{"$id":"128","sounds":[{"d":0.209789276,"p":77,"v":126}],"size":1.0,"_time":44.89453},{"$id":"129","sounds":[{"d":0.209789276,"p":84,"v":126}],"pos":2.0,"size":1.0,"_time":45.3164063},{"$id":"130","sounds":[{"d":0.209789276,"p":82,"v":126}],"pos":1.0,"size":1.0,"_time":45.734375},{"$id":"131","sounds":[{"d":0.209789276,"p":81,"v":127}],"size":1.0,"_time":46.1523438},{"$id":"132","sounds":[{"d":0.209789276,"p":77,"v":127}],"pos":1.5,"size":1.0,"_time":46.57422},{"$id":"133","sounds":[{"d":0.209789276,"p":76,"v":127}],"pos":0.5,"size":1.0,"_time":46.78125},{"$id":"134","sounds":[{"d":0.209789276,"p":72,"v":127},{"d":1.67832184,"p":64,"v":127},{"d":1.67832184,"p":60,"v":127},{"d":1.67832184,"p":57,"v":127}],"pos":-1.5,"size":1.70000017,"_time":46.9921875},{"$id":"135","sounds":[{"d":0.209789276,"p":84,"v":127}],"size":1.0,"_time":47.4140625},{"$id":"136","sounds":[{"d":0.209789276,"p":88,"v":127}],"pos":1.0,"size":1.0,"_time":47.6210938},{"$id":"137","sounds":[{"d":0.209789276,"p":89,"v":127}],"pos":1.5,"size":1.0,"_time":48.04297},{"$id":"138","sounds":[{"d":0.209789276,"p":84,"v":127}],"pos":-0.5,"size":1.0,"_time":48.4609375},{"$id":"139","sounds":[{"d":1.67832184,"p":65,"v":127},{"d":1.67832184,"p":62,"v":127},{"d":1.67832184,"p":69,"v":127},{"d":0.209789276,"p":91,"v":127}],"pos":1.5,"size":1.70000017,"_time":48.671875},{"$id":"140","sounds":[{"d":0.209789276,"p":89,"v":127}],"pos":1.0,"size":1.0,"_time":49.0898438},{"$id":"141","sounds":[{"d":0.209789276,"p":88,"v":127}],"size":1.0,"_time":49.51172},{"$id":"142","sounds":[{"d":0.209789276,"p":84,"v":127}],"pos":-1.0,"size":1.0,"_time":49.9296875},{"$id":"143","sounds":[{"d":0.109268188,"p":88,"v":127}],"pos":1.0,"size":1.0,"_time":50.296875},{"$id":"144","sounds":[{"d":0.209793091,"p":89,"v":127}],"pos":1.5,"size":1.0,"_time":50.3476563},{"$id":"145","sounds":[{"d":1.67832184,"p":58,"v":127},{"d":1.67832184,"p":55,"v":127},{"d":1.67832184,"p":62,"v":127}],"pos":-1.5,"size":1.70000017,"_time":50.3515625},{"$id":"146","sounds":[{"d":0.209789276,"p":84,"v":127}],"pos":1.5,"size":1.0,"_time":51.1875},{"$id":"147","sounds":[{"d":0.209789276,"p":82,"v":127}],"pos":1.0,"size":1.0,"_time":52.0273438},{"$id":"148","sounds":[{"d":1.67832184,"p":61,"v":127},{"d":1.67832184,"p":57,"v":127},{"d":1.67832184,"p":64,"v":127}],"pos":-1.0,"size":1.30000007,"_time":52.0273438},{"$id":"149","sounds":[{"d":0.209789276,"p":81,"v":127}],"pos":0.5,"size":1.0,"_time":52.44922},{"$id":"150","sounds":[{"d":0.209789276,"p":79,"v":127}],"size":1.0,"_time":52.8671875},{"$id":"151","sounds":[{"d":0.209789276,"p":76,"v":127}],"pos":-0.5,"size":1.0,"_time":53.2851563},{"$id":"152","sounds":[{"d":0.419578552,"p":38,"v":127}],"pos":-2.0,"size":1.0,"_time":53.70703},{"$id":"153","sounds":[{"d":0.209789276,"p":77,"v":127},{"d":0.209789276,"p":57,"v":127},{"d":0.419578552,"p":50,"v":127},{"d":0.419578552,"p":53,"v":127}],"pos":1.0,"size":1.60000014,"_time":54.125},{"$id":"154","sounds":[{"d":0.209789276,"p":62,"v":127}],"pos":-1.5,"size":1.0,"_time":54.3359375},{"$id":"155","sounds":[{"d":0.209789276,"p":79,"v":127},{"d":0.209789276,"p":37,"v":127}],"pos":1.5,"size":1.80000019,"_time":54.546875},{"$id":"156","sounds":[{"d":0.419578552,"p":53,"v":127},{"d":0.419578552,"p":57,"v":127},{"d":0.419578552,"p":49,"v":127}],"pos":-1.5,"size":1.70000017,"_time":54.7539063},{"$id":"157","sounds":[{"d":0.209789276,"p":77,"v":127}],"pos":1.0,"size":1.0,"_time":54.9648438},{"$id":"158","sounds":[{"d":0.209789276,"p":37,"v":127}],"pos":-1.5,"size":1.0,"_time":55.17578},{"$id":"159","sounds":[{"d":0.209789276,"p":81,"v":127},{"d":0.209789276,"p":36,"v":127}],"pos":2.0,"size":1.90000021,"_time":55.3828125},{"$id":"160","sounds":[{"d":0.419578552,"p":51,"v":127},{"d":0.419578552,"p":48,"v":127},{"d":0.419578552,"p":57,"v":127}],"pos":-1.0,"size":1.0,"_time":55.59375},{"$id":"161","sounds":[{"d":0.209789276,"p":79,"v":127}],"pos":1.0,"size":1.0,"_time":55.8046875},{"$id":"162","sounds":[{"d":0.209789276,"p":67,"v":127}],"pos":-1.5,"size":1.0,"_time":56.015625},{"$id":"163","sounds":[{"d":0.419578552,"p":41,"v":127},{"d":0.419578552,"p":48,"v":127},{"d":0.419578552,"p":53,"v":127},{"d":0.419578552,"p":57,"v":127},{"d":0.209789276,"p":77,"v":127}],"pos":0.5,"size":1.80000019,"_time":56.2226563},{"$id":"164","sounds":[{"d":0.209789276,"p":76,"v":127},{"d":0.419578552,"p":29,"v":127}],"pos":-1.5,"size":1.70000017,"_time":56.64453},{"$id":"165","pos":4.0,"size":1.0,"_time":57.0625},{"$id":"166","sounds":[{"d":5.244751,"p":34,"v":127},{"d":0.209789276,"p":77,"v":127}],"pos":1.0,"size":1.2,"_time":57.0625},{"$id":"167","pos":4.0,"size":1.0,"_time":57.16797},{"$id":"168","pos":4.0,"size":1.0,"_time":57.2734375},{"$id":"169","pos":4.0,"size":1.0,"_time":57.3789063},{"$id":"170","pos":-2.0,"size":1.0,"_time":57.3789063},{"$id":"171","pos":4.0,"size":1.0,"_time":57.484375},{"$id":"172","pos":4.0,"size":1.0,"_time":57.5859375},{"$id":"173","pos":4.0,"size":1.0,"_time":57.6914063},{"$id":"174","pos":1.0,"size":1.0,"_time":57.6914063},{"$id":"175","pos":4.0,"size":1.0,"_time":57.796875},{"$id":"176","pos":4.0,"size":1.0,"_time":57.9023438},{"$id":"177","pos":4.0,"size":1.0,"_time":58.0078125},{"$id":"178","pos":-2.0,"size":1.0,"_time":58.0078125},{"$id":"179","pos":4.0,"size":1.0,"_time":58.11328},{"$id":"180","pos":4.0,"size":1.0,"_time":58.11328},{"$id":"181","pos":4.0,"size":1.0,"_time":58.2148438},{"$id":"182","pos":4.0,"size":1.0,"_time":58.2148438},{"$id":"183","pos":1.0,"size":1.0,"_time":58.3203125},{"$id":"184","pos":4.0,"size":1.0,"_time":58.3203125},{"$id":"185","pos":4.0,"size":1.0,"_time":58.42578},{"$id":"186","pos":4.0,"size":1.0,"_time":58.42578},{"$id":"187","pos":-1.0,"size":1.0,"_time":58.53125},{"$id":"188","pos":4.0,"size":1.0,"_time":58.53125},{"$id":"189","pos":4.0,"size":1.0,"_time":58.63672},{"$id":"190","pos":4.0,"size":1.0,"_time":58.63672},{"$id":"191","pos":4.0,"size":1.0,"_time":58.7421875},{"$id":"192","pos":1.0,"size":1.0,"_time":58.7421875},{"$id":"193","pos":4.0,"size":1.0,"_time":58.8476563},{"$id":"194","pos":4.0,"size":1.0,"_time":58.94922},{"$id":"195","pos":4.0,"size":1.0,"_time":59.0546875},{"$id":"196","pos":-2.0,"size":1.0,"_time":59.0546875},{"$id":"197","pos":4.0,"size":1.0,"_time":59.1601563},{"$id":"198","pos":4.0,"size":1.0,"_time":59.1601563},{"$id":"199","pos":4.0,"size":1.0,"_time":59.265625},{"$id":"200","pos":4.0,"size":1.0,"_time":59.265625},{"$id":"201","pos":1.0,"size":1.0,"_time":59.3710938},{"$id":"202","pos":4.0,"size":1.0,"_time":59.3710938},{"$id":"203","pos":4.0,"size":1.0,"_time":59.4765625},{"$id":"204","pos":4.0,"size":1.0,"_time":59.4765625},{"$id":"205","pos":4.0,"size":1.0,"_time":59.58203},{"$id":"206","pos":4.0,"size":1.0,"_time":59.58203},{"$id":"207","pos":-2.0,"size":1.0,"_time":59.6835938},{"$id":"208","pos":4.0,"size":1.0,"_time":59.6835938},{"$id":"209","pos":4.0,"size":1.0,"_time":59.7890625},{"$id":"210","pos":4.0,"size":1.0,"_time":59.7890625},{"$id":"211","pos":4.0,"size":1.0,"_time":59.89453},{"$id":"212","pos":4.0,"size":1.0,"_time":59.89453},{"$id":"213","pos":4.0,"size":1.0,"_time":60.0},{"$id":"214","pos":-0.5,"size":1.0,"_time":60.0},{"$id":"215","pos":4.0,"size":1.0,"_time":60.10547},{"$id":"216","pos":4.0,"size":1.0,"_time":60.10547},{"$id":"217","pos":4.0,"size":1.0,"_time":60.2109375},{"$id":"218","pos":2.0,"size":1.0,"_time":60.2109375},{"$id":"219","pos":4.0,"size":1.0,"_time":60.3164063},{"$id":"220","pos":4.0,"size":1.0,"_time":60.3164063},{"$id":"221","pos":4.0,"size":1.0,"_time":60.41797},{"$id":"222","pos":-0.5,"size":1.0,"_time":60.41797},{"$id":"223","pos":4.0,"size":1.0,"_time":60.5234375},{"$id":"224","pos":4.0,"size":1.0,"_time":60.5234375},{"$id":"225","pos":4.0,"size":1.0,"_time":60.6289063},{"$id":"226","pos":4.0,"size":1.0,"_time":60.6289063},{"$id":"227","pos":4.0,"size":1.0,"_time":60.734375},{"$id":"228","pos":-2.0,"size":1.0,"_time":60.734375},{"$id":"229","pos":4.0,"size":1.0,"_time":60.8398438},{"$id":"230","pos":4.0,"size":1.0,"_time":60.8398438},{"$id":"231","pos":4.0,"size":1.0,"_time":60.9453125},{"$id":"232","pos":4.0,"size":1.0,"_time":60.9453125},{"$id":"233","pos":4.0,"size":1.0,"_time":61.05078},{"$id":"234","pos":1.0,"size":1.0,"_time":61.05078},{"$id":"235","pos":4.0,"size":1.0,"_time":61.1523438},{"$id":"236","pos":4.0,"size":1.0,"_time":61.1523438},{"$id":"237","pos":4.0,"size":1.0,"_time":61.2578125},{"$id":"238","pos":4.0,"size":1.0,"_time":61.2578125},{"$id":"239","pos":1.0,"size":1.0,"_time":61.36328},{"$id":"240","pos":4.0,"size":1.0,"_time":61.36328},{"$id":"241","pos":4.0,"size":1.0,"_time":61.46875},{"$id":"242","pos":4.0,"size":1.0,"_time":61.46875},{"$id":"243","pos":4.0,"size":1.0,"_time":61.57422},{"$id":"244","pos":4.0,"size":1.0,"_time":61.57422},{"$id":"245","pos":-1.0,"size":1.0,"_time":61.6796875},{"$id":"246","pos":4.0,"size":1.0,"_time":61.6796875},{"$id":"247","pos":4.0,"size":1.0,"_time":61.7851563},{"$id":"248","pos":4.0,"size":1.0,"_time":61.7851563},{"$id":"249","pos":0.5,"size":1.0,"_time":61.88672},{"$id":"250","pos":4.0,"size":1.0,"_time":61.88672},{"$id":"251","pos":4.0,"size":1.0,"_time":61.9921875},{"$id":"252","pos":4.0,"size":1.0,"_time":61.9921875},{"$id":"253","pos":4.0,"size":1.0,"_time":62.0976563},{"$id":"254","pos":-1.0,"size":1.0,"_time":62.0976563},{"$id":"255","pos":4.0,"size":1.0,"_time":62.203125},{"$id":"256","pos":4.0,"size":1.0,"_time":62.203125},{"$id":"257","pos":4.0,"size":1.0,"_time":62.3085938},{"$id":"258","pos":4.0,"size":1.0,"_time":62.3085938},{"$id":"259","pos":-2.0,"size":1.0,"_time":62.4140625},{"$id":"260","pos":4.0,"size":1.0,"_time":62.4140625},{"$id":"261","pos":4.0,"size":1.0,"_time":62.515625},{"$id":"262","pos":4.0,"size":1.0,"_time":62.515625},{"$id":"263","pos":4.0,"size":1.0,"_time":62.6210938},{"$id":"264","pos":4.0,"size":1.0,"_time":62.6210938},{"$id":"265","pos":4.0,"size":1.0,"_time":62.7265625},{"$id":"266","pos":-2.0,"size":1.0,"_time":62.7265625},{"$id":"267","pos":4.0,"size":1.0,"_time":62.83203},{"$id":"268","pos":4.0,"size":1.0,"_time":62.83203},{"$id":"269","pos":4.0,"size":1.0,"_time":62.9375},{"$id":"270","pos":-1.0,"size":1.0,"_time":63.04297},{"$id":"271","pos":4.0,"size":1.0,"_time":63.1484375},{"$id":"272","pos":4.0,"size":1.0,"_time":63.1484375},{"$id":"273","pos":4.0,"size":1.0,"_time":63.25},{"$id":"274","pos":4.0,"size":1.0,"_time":63.25},{"$id":"275","pos":1.0,"size":1.0,"_time":63.35547},{"$id":"276","pos":4.0,"size":1.0,"_time":63.35547},{"$id":"277","pos":4.0,"size":1.0,"_time":63.4609375},{"$id":"278","pos":4.0,"size":1.0,"_time":63.4609375},{"$id":"279","pos":-0.5,"size":1.0,"_time":63.5664063},{"$id":"280","pos":4.0,"size":1.0,"_time":63.5664063},{"$id":"281","pos":4.0,"size":1.0,"_time":63.671875},{"$id":"282","pos":-1.5,"size":1.0,"_time":63.671875},{"$id":"283","pos":4.0,"size":1.0,"_time":63.7773438},{"$id":"284","pos":-0.5,"size":1.0,"_time":63.7773438},{"$id":"285","pos":4.0,"size":1.0,"_time":63.8828125},{"$id":"286","pos":4.0,"size":1.0,"_time":63.8828125},{"$id":"287","pos":4.0,"size":1.0,"_time":63.984375},{"$id":"288","pos":4.0,"size":1.0,"_time":63.984375},{"$id":"289","pos":-1.5,"size":1.0,"_time":64.08984},{"$id":"290","pos":4.0,"size":1.0,"_time":64.08984},{"$id":"291","pos":4.0,"size":1.0,"_time":64.19531},{"$id":"292","pos":4.0,"size":1.0,"_time":64.19531},{"$id":"293","pos":4.0,"size":1.0,"_time":64.30078},{"$id":"294","pos":4.0,"size":1.0,"_time":64.30078},{"$id":"295","pos":0.5,"size":1.0,"_time":64.40625},{"$id":"296","pos":4.0,"size":1.0,"_time":64.40625},{"$id":"297","pos":4.0,"size":1.0,"_time":64.51172},{"$id":"298","pos":4.0,"size":1.0,"_time":64.51172},{"$id":"299","pos":4.0,"size":1.0,"_time":64.61719},{"$id":"300","pos":4.0,"size":1.0,"_time":64.61719},{"$id":"301","pos":4.0,"size":1.0,"_time":64.71875},{"$id":"302","pos":-1.5,"size":1.0,"_time":64.71875},{"$id":"303","pos":4.0,"size":1.0,"_time":64.82422},{"$id":"304","pos":4.0,"size":1.0,"_time":64.82422},{"$id":"305","pos":4.0,"size":1.0,"_time":64.92969},{"$id":"306","pos":4.0,"size":1.0,"_time":64.92969},{"$id":"307","pos":1.0,"size":1.0,"_time":65.03516},{"$id":"308","pos":4.0,"size":1.0,"_time":65.03516},{"$id":"309","pos":4.0,"size":1.0,"_time":65.140625},{"$id":"310","pos":4.0,"size":1.0,"_time":65.140625},{"$id":"311","pos":-0.5,"size":1.0,"_time":65.24609},{"$id":"312","pos":4.0,"size":1.0,"_time":65.24609},{"$id":"313","pos":4.0,"size":1.0,"_time":65.35156},{"$id":"314","pos":4.0,"size":1.0,"_time":65.35156},{"$id":"315","pos":2.0,"size":1.0,"_time":65.453125},{"$id":"316","pos":4.0,"size":1.0,"_time":65.453125},{"$id":"317","pos":4.0,"size":1.0,"_time":65.55859},{"$id":"318","pos":4.0,"size":1.0,"_time":65.55859},{"$id":"319","pos":4.0,"size":1.0,"_time":65.66406},{"$id":"320","pos":4.0,"size":1.0,"_time":65.66406},{"$id":"321","pos":4.0,"size":1.0,"_time":65.76953},{"$id":"322","pos":-0.5,"size":1.0,"_time":65.76953},{"$id":"323","pos":4.0,"size":1.0,"_time":65.875},{"$id":"324","pos":4.0,"size":1.0,"_time":65.875},{"$id":"325","pos":4.0,"size":1.0,"_time":65.98047},{"$id":"326","pos":4.0,"size":1.0,"_time":65.98047},{"$id":"327","pos":1.0,"size":1.0,"_time":66.08594},{"$id":"328","pos":4.0,"size":1.0,"_time":66.08594},{"$id":"329","pos":4.0,"size":1.0,"_time":66.1875},{"$id":"330","pos":4.0,"size":1.0,"_time":66.1875},{"$id":"331","pos":4.0,"size":1.0,"_time":66.29297},{"$id":"332","pos":4.0,"size":1.0,"_time":66.29297},{"$id":"333","pos":-0.5,"size":1.0,"_time":66.39844},{"$id":"334","pos":4.0,"size":1.0,"_time":66.39844},{"$id":"335","pos":4.0,"size":1.0,"_time":66.50391},{"$id":"336","pos":4.0,"size":1.0,"_time":66.50391},{"$id":"337","pos":4.0,"size":1.0,"_time":66.609375},{"$id":"338","pos":4.0,"size":1.0,"_time":66.609375},{"$id":"339","pos":0.5,"size":1.0,"_time":66.71484},{"$id":"340","pos":4.0,"size":1.0,"_time":66.71484},{"$id":"341","pos":4.0,"size":1.0,"_time":66.81641},{"$id":"342","pos":4.0,"size":1.0,"_time":66.81641},{"$id":"343","pos":-2.0,"size":1.0,"_time":66.921875},{"$id":"344","pos":4.0,"size":1.0,"_time":66.921875},{"$id":"345","pos":4.0,"size":1.0,"_time":67.02734},{"$id":"346","pos":4.0,"size":1.0,"_time":67.02734},{"$id":"347","pos":4.0,"size":1.0,"_time":67.13281},{"$id":"348","pos":0.5,"size":1.0,"_time":67.13281},{"$id":"349","pos":4.0,"size":1.0,"_time":67.23828},{"$id":"350","pos":4.0,"size":1.0,"_time":67.23828},{"$id":"351","pos":4.0,"size":1.0,"_time":67.34375},{"$id":"352","pos":4.0,"size":1.0,"_time":67.34375},{"$id":"353","pos":4.0,"size":1.0,"_time":67.44922},{"$id":"354","pos":-2.0,"size":1.0,"_time":67.44922},{"$id":"355","pos":4.0,"size":1.0,"_time":67.55078},{"$id":"356","pos":4.0,"size":1.0,"_time":67.55078},{"$id":"357","pos":4.0,"size":1.0,"_time":67.65625},{"$id":"358","pos":4.0,"size":1.0,"_time":67.65625},{"$id":"359","pos":-1.0,"size":1.0,"_time":67.76172},{"$id":"360","pos":4.0,"size":1.0,"_time":67.76172},{"$id":"361","pos":4.0,"size":1.0,"_time":67.86719},{"$id":"362","pos":4.0,"size":1.0,"_time":67.86719},{"$id":"363","pos":4.0,"size":1.0,"_time":67.97266},{"$id":"364","pos":4.0,"size":1.0,"_time":67.97266},{"$id":"365","pos":4.0,"size":1.0,"_time":68.078125},{"$id":"366","pos":0.5,"size":1.0,"_time":68.078125},{"$id":"367","pos":4.0,"size":1.0,"_time":68.18359},{"$id":"368","pos":4.0,"size":1.0,"_time":68.18359},{"$id":"369","pos":4.0,"size":1.0,"_time":68.28516},{"$id":"370","pos":4.0,"size":1.0,"_time":68.28516},{"$id":"371","pos":4.0,"size":1.0,"_time":68.390625},{"$id":"372","pos":-1.0,"size":1.0,"_time":68.390625},{"$id":"373","pos":4.0,"size":1.0,"_time":68.49609},{"$id":"374","pos":4.0,"size":1.0,"_time":68.49609},{"$id":"375","pos":4.0,"size":1.0,"_time":68.60156},{"$id":"376","pos":0.5,"size":1.0,"_time":68.60156},{"$id":"377","pos":4.0,"size":1.0,"_time":68.70703},{"$id":"378","pos":4.0,"size":1.0,"_time":68.70703},{"$id":"379","pos":4.0,"size":1.0,"_time":68.8125},{"$id":"380","pos":1.5,"size":1.0,"_time":68.8125},{"$id":"381","pos":4.0,"size":1.0,"_time":68.91797},{"$id":"382","pos":4.0,"size":1.0,"_time":68.91797},{"$id":"383","pos":4.0,"size":1.0,"_time":69.01953},{"$id":"384","pos":4.0,"size":1.0,"_time":69.01953},{"$id":"385","pos":4.0,"size":1.0,"_time":69.125},{"$id":"386","size":1.0,"_time":69.125},{"$id":"387","pos":4.0,"size":1.0,"_time":69.23047},{"$id":"388","pos":4.0,"size":1.0,"_time":69.23047},{"$id":"389","pos":4.0,"size":1.0,"_time":69.33594},{"$id":"390","pos":4.0,"size":1.0,"_time":69.33594},{"$id":"391","pos":4.0,"size":1.0,"_time":69.44141},{"$id":"392","pos":-1.0,"size":1.0,"_time":69.44141},{"$id":"393","pos":4.0,"size":1.0,"_time":69.546875},{"$id":"394","pos":4.0,"size":1.0,"_time":69.546875},{"$id":"395","pos":4.0,"size":1.0,"_time":69.65234},{"$id":"396","pos":4.0,"size":1.0,"_time":69.65234},{"$id":"397","pos":4.0,"size":1.0,"_time":69.75391},{"$id":"398","pos":4.0,"size":1.0,"_time":69.75391},{"$id":"399","pos":4.0,"size":1.0,"_time":69.859375},{"$id":"400","sounds":[{"d":0.104896545,"p":77,"v":122}],"pos":-1.5,"size":1.0,"_time":69.859375},{"$id":"401","pos":4.0,"size":1.0,"_time":69.859375},{"$id":"402","pos":4.0,"size":1.0,"_time":69.96484},{"$id":"403","pos":4.0,"size":1.0,"_time":69.96484},{"$id":"404","pos":4.0,"size":1.0,"_time":70.07031},{"$id":"405","sounds":[{"d":0.104896545,"p":84,"v":122}],"pos":2.0,"size":1.0,"_time":70.07031},{"$id":"406","pos":4.0,"size":1.0,"_time":70.07031},{"$id":"407","pos":4.0,"size":1.0,"_time":70.17578},{"$id":"408","pos":4.0,"size":1.0,"_time":70.17578},{"$id":"409","pos":4.0,"size":1.0,"_time":70.28125},{"$id":"410","sounds":[{"d":0.104896545,"p":82,"v":122}],"pos":1.0,"size":1.0,"_time":70.28125},{"$id":"411","pos":4.0,"size":1.0,"_time":70.28125},{"$id":"412","pos":4.0,"size":1.0,"_time":70.38281},{"$id":"413","pos":4.0,"size":1.0,"_time":70.38281},{"$id":"414","pos":4.0,"size":1.0,"_time":70.48828},{"$id":"415","sounds":[{"d":0.104896545,"p":81,"v":122}],"size":1.0,"_time":70.48828},{"$id":"416","pos":4.0,"size":1.0,"_time":70.48828},{"$id":"417","sounds":[{"d":0.104896545,"p":76,"v":122}],"pos":-2.0,"size":1.0,"_time":71.53906},{"$id":"418","sounds":[{"d":0.104896545,"p":77,"v":122}],"pos":-1.0,"size":1.0,"_time":71.75},{"$id":"419","sounds":[{"d":0.104896545,"p":79,"v":122}],"size":1.0,"_time":71.95703},{"$id":"420","sounds":[{"d":0.104896545,"p":81,"v":122}],"pos":1.0,"size":1.0,"_time":72.16797},{"$id":"421","sounds":[{"d":0.104896545,"p":79,"v":122}],"size":1.0,"_time":72.796875},{"$id":"422","sounds":[{"d":0.104896545,"p":76,"v":122}],"pos":-2.0,"size":1.0,"_time":73.21484},{"$id":"423","sounds":[{"d":0.104896545,"p":77,"v":122}],"pos":-1.0,"size":1.0,"_time":73.63672},{"$id":"424","sounds":[{"d":0.104896545,"p":79,"v":122}],"size":1.0,"_time":73.84766},{"$id":"425","sounds":[{"d":0.104896545,"p":81,"v":122}],"pos":1.0,"size":1.0,"_time":74.265625},{"$id":"426","sounds":[{"d":0.104896545,"p":82,"v":122}],"pos":2.0,"size":1.0,"_time":74.47656},{"$id":"427","sounds":[{"d":0.104896545,"p":81,"v":122}],"pos":1.0,"size":1.0,"_time":74.89453},{"$id":"428","sounds":[{"d":0.104896545,"p":77,"v":122}],"pos":-1.0,"size":1.0,"_time":75.31641},{"$id":"429","sounds":[{"d":0.104896545,"p":81,"v":122}],"size":1.0,"_time":76.36328},{"$id":"430","sounds":[{"d":0.104896545,"p":82,"v":122}],"pos":1.0,"size":1.0,"_time":76.78125},{"$id":"431","sounds":[{"d":0.104896545,"p":84,"v":122}],"pos":2.0,"size":1.0,"_time":77.203125},{"$id":"432","sounds":[{"d":0.08740997,"p":81,"v":111}],"size":1.0,"_time":78.25},{"$id":"433","sounds":[{"d":0.08740997,"p":82,"v":111}],"pos":1.0,"size":1.0,"_time":78.44531},{"$id":"434","sounds":[{"d":0.104896545,"p":84,"v":111}],"pos":2.0,"size":1.0,"_time":78.671875},{"$id":"435","sounds":[{"d":0.104896545,"p":81,"v":114}],"pos":-1.5,"size":1.0,"_time":79.51172},{"$id":"436","sounds":[{"d":0.104896545,"p":82,"v":114}],"pos":-0.5,"size":1.0,"_time":79.61719},{"$id":"437","sounds":[{"d":0.104896545,"p":84,"v":114}],"pos":0.5,"size":1.0,"_time":79.71875},{"$id":"438","sounds":[{"d":0.104896545,"p":84,"v":122}],"pos":-1.0,"size":1.0,"_time":80.34766},{"$id":"439","sounds":[{"d":0.104896545,"p":88,"v":122}],"size":1.0,"_time":80.453125},{"$id":"440","sounds":[{"d":0.104896545,"p":89,"v":122}],"pos":1.0,"size":1.0,"_time":80.55859},{"$id":"441","sounds":[{"d":0.104896545,"p":93,"v":114}],"pos":-1.0,"size":1.0,"_time":80.98047},{"$id":"442","sounds":[{"d":0.104896545,"p":94,"v":114}],"pos":1.0,"size":1.0,"_time":81.1875},{"$id":"443","sounds":[{"d":0.104896545,"p":96,"v":112}],"pos":2.0,"size":1.0,"_time":81.609375},{"$id":"444","sounds":[{"d":0.104896545,"p":93,"v":112}],"pos":-1.0,"size":1.0,"_time":81.81641},{"$id":"445","sounds":[{"d":0.104896545,"p":94,"v":112}],"size":1.0,"_time":82.02734},{"$id":"446","sounds":[{"d":0.104896545,"p":96,"v":114}],"pos":2.0,"size":1.0,"_time":82.23828},{"$id":"447","sounds":[{"d":0.104896545,"p":96,"v":113}],"pos":2.0,"size":1.2,"_time":83.078125},{"$id":"448","sounds":[{"d":0.104896545,"p":94,"v":113}],"pos":1.5,"size":1.2,"_time":83.18359},{"$id":"449","sounds":[{"d":0.104896545,"p":93,"v":113}],"pos":1.0,"size":1.2,"_time":83.28516},{"$id":"450","sounds":[{"d":0.104896545,"p":89,"v":113}],"pos":0.5,"size":1.2,"_time":83.390625},{"$id":"451","sounds":[{"d":0.104896545,"p":88,"v":113}],"pos":0.5,"size":1.2,"_time":83.49609},{"$id":"452","sounds":[{"d":0.104896545,"p":84,"v":113}],"size":1.2,"_time":83.60156},{"$id":"453","sounds":[{"d":0.104896545,"p":82,"v":113}],"pos":-0.5,"size":1.2,"_time":83.70703},{"$id":"454","sounds":[{"d":0.104896545,"p":81,"v":113}],"pos":-1.0,"size":1.2,"_time":83.8125},{"$id":"455","sounds":[{"d":0.104896545,"p":77,"v":113},{"d":3.35664368,"p":65,"v":124},{"d":3.35664368,"p":58,"v":124},{"d":3.35664368,"p":62,"v":124}],"pos":-2.0,"size":1.60000014,"_time":83.91406},{"$id":"456","sounds":[{"d":0.209793091,"p":101,"v":94}],"pos":2.0,"size":1.0,"_time":84.125},{"$id":"457","sounds":[{"d":0.209793091,"p":100,"v":93}],"pos":1.0,"size":1.0,"_time":84.33594},{"$id":"458","sounds":[{"d":0.209793091,"p":96,"v":93}],"pos":-1.0,"size":1.0,"_time":84.546875},{"$id":"459","sounds":[{"d":0.209793091,"p":93,"v":92}],"pos":-2.0,"size":1.0,"_time":84.96484},{"$id":"460","sounds":[{"d":0.209793091,"p":94,"v":92}],"pos":-1.0,"size":1.0,"_time":85.17578},{"$id":"461","sounds":[{"d":0.209793091,"p":96,"v":92}],"pos":1.0,"size":1.0,"_time":85.38281},{"$id":"462","sounds":[{"d":0.209793091,"p":84,"v":101}],"pos":1.0,"size":1.0,"_time":86.015625},{"$id":"463","sounds":[{"d":0.209793091,"p":82,"v":101}],"size":1.0,"_time":86.43359},{"$id":"464","sounds":[{"d":0.209793091,"p":81,"v":101}],"pos":-1.0,"size":1.0,"_time":86.85156},{"$id":"465","sounds":[{"d":0.209793091,"p":77,"v":101}],"pos":1.0,"size":1.0,"_time":87.0625},{"$id":"466","sounds":[{"d":1.67832184,"p":57,"v":124},{"d":1.67832184,"p":64,"v":124},{"d":1.67832184,"p":60,"v":124}],"pos":-1.5,"size":1.4000001,"_time":87.27344},{"$id":"467","sounds":[{"d":0.209793091,"p":101,"v":90}],"pos":1.5,"size":1.0,"_time":87.484375},{"$id":"468","sounds":[{"d":0.209793091,"p":100,"v":90}],"pos":0.5,"size":1.0,"_time":87.69141},{"$id":"469","sounds":[{"d":0.209793091,"p":96,"v":90}],"pos":-1.5,"size":1.0,"_time":87.90234},{"$id":"470","sounds":[{"d":0.209793091,"p":103,"v":91}],"pos":2.0,"size":1.0,"_time":88.32031},{"$id":"471","sounds":[{"d":0.209793091,"p":101,"v":91}],"pos":-1.0,"size":1.0,"_time":88.53125},{"$id":"472","sounds":[{"d":0.209793091,"p":100,"v":92}],"pos":1.0,"size":1.0,"_time":88.74219},{"$id":"473","sounds":[{"d":1.67832184,"p":62,"v":124},{"d":1.67832184,"p":65,"v":124},{"d":1.67832184,"p":57,"v":124}],"pos":-1.5,"size":1.50000012,"_time":88.94922},{"$id":"474","sounds":[{"d":0.209793091,"p":84,"v":101}],"pos":1.0,"size":1.0,"_time":89.37109},{"$id":"475","sounds":[{"d":0.209793091,"p":82,"v":101}],"size":1.0,"_time":89.78906},{"$id":"476","sounds":[{"d":0.209793091,"p":81,"v":101}],"pos":1.5,"size":1.0,"_time":90.21094},{"$id":"477","sounds":[{"d":0.209793091,"p":89,"v":101}],"size":1.0,"_time":90.41797},{"$id":"478","sounds":[{"d":1.67832184,"p":55,"v":124},{"d":1.67832184,"p":62,"v":124},{"d":1.67832184,"p":58,"v":124}],"pos":-2.0,"size":1.4000001,"_time":90.62891},{"$id":"479","sounds":[{"d":0.209793091,"p":93,"v":101},{"d":0.209793091,"p":81,"v":80}],"pos":-0.5,"size":1.70000017,"_time":91.05078},{"$id":"480","sounds":[{"d":0.209793091,"p":94,"v":101},{"d":0.209793091,"p":82,"v":80}],"pos":1.0,"size":1.70000017,"_time":91.46875},{"$id":"481","sounds":[{"d":0.209793091,"p":93,"v":101},{"d":0.209793091,"p":81,"v":80}],"pos":-1.0,"size":1.70000017,"_time":91.88672},{"$id":"482","sounds":[{"d":0.209793091,"p":84,"v":80},{"d":0.209793091,"p":96,"v":101}],"pos":1.5,"size":1.70000017,"_time":92.09766},{"$id":"483","sounds":[{"d":1.67832184,"p":64,"v":124},{"d":1.67832184,"p":61,"v":124},{"d":1.67832184,"p":57,"v":124}],"pos":-1.5,"size":1.4000001,"_time":92.30859},{"$id":"484","sounds":[{"d":0.209793091,"p":82,"v":80}],"pos":-0.5,"size":1.0,"_time":92.72656},{"$id":"485","sounds":[{"d":0.209793091,"p":94,"v":101}],"pos":1.5,"size":1.0,"_time":92.72656},{"$id":"486","sounds":[{"d":0.209793091,"p":81,"v":80}],"pos":-1.0,"size":1.0,"_time":93.14844},{"$id":"487","sounds":[{"d":0.209793091,"p":93,"v":101}],"pos":1.0,"size":1.0,"_time":93.14844},{"$id":"488","sounds":[{"d":0.209793091,"p":76,"v":80}],"pos":-2.0,"size":1.0,"_time":93.56641},{"$id":"489","sounds":[{"d":0.209793091,"p":88,"v":101}],"size":1.0,"_time":93.56641},{"$id":"490","sounds":[{"d":0.8391571,"p":65,"v":124},{"d":0.8391571,"p":57,"v":124},{"d":0.8391571,"p":62,"v":124},{"d":0.209793091,"p":77,"v":80},{"d":0.209793091,"p":89,"v":101}],"pos":1.5,"size":1.70000017,"_time":93.984375},{"$id":"491","sounds":[{"d":0.209793091,"p":86,"v":101},{"d":0.209793091,"p":74,"v":80}],"pos":-1.5,"size":1.70000017,"_time":94.30078},{"$id":"492","sounds":[{"d":0.209793091,"p":88,"v":101},{"d":0.209793091,"p":76,"v":80}],"pos":-0.5,"size":1.70000017,"_time":94.61719},{"$id":"493","sounds":[{"d":0.209793091,"p":77,"v":80},{"d":0.209793091,"p":89,"v":101},{"d":0.8391571,"p":61,"v":124},{"d":0.8391571,"p":57,"v":124},{"d":0.8391571,"p":65,"v":124}],"pos":1.0,"size":2.0,"_time":94.82422},{"$id":"494","sounds":[{"d":0.209793091,"p":79,"v":80}],"pos":-0.5,"size":1.0,"_time":95.24609},{"$id":"495","sounds":[{"d":0.209793091,"p":91,"v":101}],"pos":1.5,"size":1.0,"_time":95.24609},{"$id":"496","sounds":[{"d":0.8391571,"p":60,"v":124},{"d":0.8391571,"p":67,"v":124},{"d":0.8391571,"p":63,"v":124},{"d":0.209793091,"p":72,"v":80}],"pos":-0.5,"size":1.60000014,"_time":95.66406},{"$id":"497","sounds":[{"d":0.209793091,"p":84,"v":101}],"pos":2.0,"size":1.2,"_time":95.66406},{"$id":"498","sounds":[{"d":0.209793091,"p":79,"v":80}],"size":1.0,"_time":96.08203},{"$id":"499","sounds":[{"d":0.209793091,"p":91,"v":101}],"pos":1.5,"size":1.0,"_time":96.08203},{"$id":"500","sounds":[{"d":0.8391571,"p":65,"v":124},{"d":0.8391571,"p":60,"v":124},{"d":0.8391571,"p":69,"v":124}],"pos":-1.0,"size":1.60000014,"_time":96.50391},{"$id":"501","sounds":[{"d":0.209793091,"p":77,"v":80},{"d":0.209793091,"p":89,"v":101}],"pos":1.0,"size":1.4000001,"_time":96.50391},{"$id":"502","sounds":[{"d":0.209793091,"p":88,"v":101},{"d":0.209793091,"p":76,"v":80}],"pos":1.0,"size":1.70000017,"_time":96.921875},{"$id":"503","sounds":[{"d":0.209793091,"p":77,"v":79},{"d":0.209793091,"p":89,"v":101}],"pos":-1.0,"size":1.60000014,"_time":97.13281},{"$id":"504","sounds":[{"d":0.209793091,"p":96,"v":101},{"d":0.209793091,"p":84,"v":101},{"d":3.35664368,"p":65,"v":124},{"d":3.35664368,"p":62,"v":124},{"d":3.35664368,"p":58,"v":124}],"pos":1.5,"size":1.80000019,"_time":97.34375},{"$id":"505","sounds":[{"d":0.209793091,"p":101,"v":94}],"pos":1.0,"size":1.0,"_time":97.55078},{"$id":"506","sounds":[{"d":0.209793091,"p":100,"v":93}],"size":1.0,"_time":97.76172},{"$id":"507","sounds":[{"d":0.209793091,"p":96,"v":93}],"pos":-1.5,"size":1.0,"_time":97.97266},{"$id":"508","sounds":[{"d":0.209793091,"p":93,"v":92}],"pos":-1.5,"size":1.0,"_time":98.390625},{"$id":"509","sounds":[{"d":0.209793091,"p":94,"v":92}],"pos":-0.5,"size":1.0,"_time":98.60156},{"$id":"510","sounds":[{"d":0.209793091,"p":96,"v":92}],"pos":1.0,"size":1.0,"_time":98.8125},{"$id":"511","sounds":[{"d":0.209793091,"p":84,"v":101}],"pos":1.5,"size":1.0,"_time":99.44141},{"$id":"512","sounds":[{"d":0.209793091,"p":82,"v":101}],"size":1.0,"_time":99.859375},{"$id":"513","sounds":[{"d":0.209793091,"p":81,"v":101}],"pos":-1.5,"size":1.0,"_time":100.28125},{"$id":"514","sounds":[{"d":0.209793091,"p":77,"v":101}],"pos":1.0,"size":1.0,"_time":100.488281},{"$id":"515","sounds":[{"d":1.67832184,"p":57,"v":124},{"d":1.67832184,"p":64,"v":124},{"d":1.67832184,"p":60,"v":124}],"pos":-1.5,"size":1.30000007,"_time":100.699219},{"$id":"516","sounds":[{"d":0.209793091,"p":101,"v":90}],"pos":1.0,"size":1.0,"_time":100.910156},{"$id":"517","sounds":[{"d":0.209793091,"p":100,"v":90}],"size":1.0,"_time":101.117188},{"$id":"518","sounds":[{"d":0.209793091,"p":96,"v":90}],"pos":-1.0,"size":1.0,"_time":101.328125},{"$id":"519","sounds":[{"d":0.209793091,"p":103,"v":91}],"pos":2.0,"size":1.0,"_time":101.75},{"$id":"520","sounds":[{"d":0.209793091,"p":101,"v":91}],"pos":-0.5,"size":1.0,"_time":101.957031},{"$id":"521","sounds":[{"d":0.209793091,"p":100,"v":92}],"pos":1.0,"size":1.0,"_time":102.167969},{"$id":"522","sounds":[{"d":1.67832184,"p":57,"v":124},{"d":1.67832184,"p":62,"v":124},{"d":1.67832184,"p":65,"v":124}],"pos":-1.5,"size":1.50000012,"_time":102.378906},{"$id":"523","sounds":[{"d":0.209793091,"p":84,"v":101}],"pos":1.0,"size":1.0,"_time":102.796875},{"$id":"524","sounds":[{"d":0.209793091,"p":82,"v":101}],"size":1.0,"_time":103.21875},{"$id":"525","sounds":[{"d":0.209793091,"p":81,"v":101}],"pos":1.0,"size":1.0,"_time":103.636719},{"$id":"526","sounds":[{"d":0.209793091,"p":89,"v":101}],"size":1.0,"_time":103.847656},{"$id":"527","sounds":[{"d":1.67832184,"p":55,"v":124},{"d":1.67832184,"p":58,"v":124},{"d":1.67832184,"p":62,"v":124}],"pos":-1.5,"size":1.4000001,"_time":104.054688},{"$id":"528","sounds":[{"d":0.209793091,"p":81,"v":78}],"pos":-1.5,"size":1.0,"_time":104.476563},{"$id":"529","sounds":[{"d":0.209793091,"p":93,"v":101}],"pos":0.5,"size":1.0,"_time":104.476563},{"$id":"530","sounds":[{"d":0.209793091,"p":82,"v":78}],"pos":-1.0,"size":1.0,"_time":104.894531},{"$id":"531","sounds":[{"d":0.209793091,"p":94,"v":101}],"pos":1.0,"size":1.0,"_time":104.894531},{"$id":"532","sounds":[{"d":0.209793091,"p":81,"v":78}],"pos":-1.5,"size":1.0,"_time":105.316406},{"$id":"533","sounds":[{"d":0.209793091,"p":93,"v":101}],"pos":0.5,"size":1.0,"_time":105.316406},{"$id":"534","sounds":[{"d":1.67832184,"p":57,"v":124},{"d":0.209793091,"p":85,"v":78},{"d":1.67832184,"p":64,"v":124},{"d":1.67832184,"p":61,"v":124}],"size":1.0,"_time":105.734375},{"$id":"535","sounds":[{"d":0.209793091,"p":97,"v":101}],"pos":2.0,"size":1.0,"_time":105.734375},{"$id":"536","sounds":[{"d":0.209793091,"p":81,"v":78}],"pos":-1.5,"size":1.0,"_time":106.152344},{"$id":"537","sounds":[{"d":0.209793091,"p":93,"v":101}],"pos":0.5,"size":1.0,"_time":106.152344},{"$id":"538","sounds":[{"d":0.209793091,"p":79,"v":78}],"pos":-2.0,"size":1.0,"_time":106.574219},{"$id":"539","sounds":[{"d":0.209793091,"p":91,"v":101}],"size":1.0,"_time":106.574219},{"$id":"540","sounds":[{"d":0.209793091,"p":88,"v":101}],"pos":-0.5,"size":1.0,"_time":106.992188},{"$id":"541","sounds":[{"d":0.209793091,"p":76,"v":78}],"pos":-2.0,"size":1.0,"_time":106.992188},{"$id":"542","sounds":[{"d":0.8391571,"p":62,"v":124},{"d":0.8391571,"p":57,"v":124},{"d":0.209793091,"p":77,"v":78},{"d":0.8391571,"p":65,"v":124}],"pos":-1.5,"size":1.0,"_time":107.414063},{"$id":"543","sounds":[{"d":0.209793091,"p":89,"v":101}],"pos":0.5,"size":1.0,"_time":107.414063},{"$id":"544","sounds":[{"d":0.209793091,"p":74,"v":78}],"pos":-2.0,"size":1.0,"_time":107.832031},{"$id":"545","sounds":[{"d":0.209793091,"p":86,"v":101}],"size":1.0,"_time":107.832031},{"$id":"546","sounds":[{"d":0.209793091,"p":88,"v":101}],"pos":0.5,"size":1.0,"_time":108.042969},{"$id":"547","sounds":[{"d":0.209793091,"p":76,"v":78}],"pos":-1.5,"size":1.0,"_time":108.042969},{"$id":"548","sounds":[{"d":0.209793091,"p":89,"v":101}],"pos":1.0,"size":1.0,"_time":108.25},{"$id":"549","sounds":[{"d":0.209793091,"p":77,"v":78},{"d":0.8391571,"p":65,"v":124},{"d":0.8391571,"p":57,"v":124},{"d":0.8391571,"p":61,"v":124}],"pos":-1.0,"size":1.0,"_time":108.25},{"$id":"550","sounds":[{"d":0.209793091,"p":88,"v":101}],"pos":0.5,"size":1.0,"_time":108.460938},{"$id":"551","sounds":[{"d":0.209793091,"p":76,"v":78}],"pos":-1.5,"size":1.0,"_time":108.460938},{"$id":"552","sounds":[{"d":0.209793091,"p":89,"v":101}],"pos":1.0,"size":1.0,"_time":108.671875},{"$id":"553","sounds":[{"d":0.209793091,"p":77,"v":78}],"pos":-1.0,"size":1.0,"_time":108.671875},{"$id":"554","sounds":[{"d":0.209793091,"p":79,"v":78}],"pos":-0.5,"size":1.0,"_time":108.882813},{"$id":"555","sounds":[{"d":0.209793091,"p":91,"v":101}],"pos":1.5,"size":1.0,"_time":108.882813},{"$id":"556","sounds":[{"d":0.839172363,"p":48,"v":126}],"pos":-2.0,"size":1.0,"_time":109.089844},{"$id":"557","sounds":[{"d":0.419578552,"p":93,"v":112},{"d":0.419578552,"p":81,"v":112}],"pos":2.0,"size":1.0,"_time":109.089844},{"$id":"558","sounds":[{"d":0.6293793,"p":60,"v":126}],"pos":8.0,"size":1.0,"_time":109.300781},{"$id":"559","sounds":[{"d":0.419586182,"p":63,"v":126}],"pos":-2.0,"size":1.0,"_time":109.511719},{"$id":"560","sounds":[{"d":0.419578552,"p":79,"v":112},{"d":0.419578552,"p":91,"v":112}],"pos":1.0,"size":1.0,"_time":109.511719},{"$id":"561","sounds":[{"d":0.209793091,"p":67,"v":126}],"pos":5.5,"size":1.0,"_time":109.71875},{"$id":"562","sounds":[{"d":0.209793091,"p":88,"v":112}],"pos":7.0,"size":1.0,"_time":109.929688},{"$id":"563","sounds":[{"d":0.209793091,"p":76,"v":112},{"d":0.8129349,"p":72,"v":126},{"d":0.8129349,"p":65,"v":126},{"d":0.8129349,"p":60,"v":126},{"d":0.8129349,"p":69,"v":126}],"pos":-2.0,"size":1.60000014,"_time":109.929688},{"$id":"564","sounds":[{"d":0.37587738,"p":89,"v":112},{"d":0.37587738,"p":77,"v":112}],"pos":1.0,"size":1.70000017,"_time":110.140625},{"$id":"565","sounds":[{"d":0.0437088,"p":83,"v":77}],"size":1.0,"_time":110.515625},{"$id":"566","sounds":[{"d":0.839164734,"p":84,"v":127}],"pos":0.5,"size":1.0,"_time":110.558594},{"$id":"567","sounds":[{"d":0.795455933,"p":96,"v":112}],"pos":1.5,"size":1.0,"_time":110.570313},{"$id":"568","sounds":[{"d":3.35664368,"p":65,"v":124},{"d":3.35664368,"p":62,"v":124},{"d":3.35664368,"p":58,"v":124}],"pos":-1.5,"size":1.60000014,"_time":110.769531},{"$id":"569","sounds":[{"d":0.104896545,"p":81,"v":127}],"size":1.0,"_time":111.398438},{"$id":"570","sounds":[{"d":0.104896545,"p":82,"v":127}],"pos":1.0,"size":1.0,"_time":111.503906},{"$id":"571","sounds":[{"d":0.629371643,"p":84,"v":127}],"pos":2.0,"size":1.0,"_time":111.609375},{"$id":"572","sounds":[{"d":0.104896545,"p":81,"v":127}],"size":1.0,"_time":112.238281},{"$id":"573","sounds":[{"d":0.104896545,"p":82,"v":127}],"pos":1.0,"size":1.0,"_time":112.34375},{"$id":"574","sounds":[{"d":0.209793091,"p":84,"v":127}],"pos":2.0,"size":1.0,"_time":112.449219},{"$id":"575","sounds":[{"d":0.209793091,"p":82,"v":127}],"pos":-1.0,"size":1.0,"_time":112.65625},{"$id":"576","sounds":[{"d":0.209793091,"p":81,"v":127}],"pos":1.0,"size":1.0,"_time":112.867188},{"$id":"577","sounds":[{"d":0.419578552,"p":77,"v":127}],"pos":-2.0,"size":1.0,"_time":113.078125},{"$id":"578","sounds":[{"d":0.209793091,"p":77,"v":127}],"size":1.0,"_time":113.496094},{"$id":"579","sounds":[{"d":0.209793091,"p":76,"v":127}],"pos":-1.0,"size":1.0,"_time":113.707031},{"$id":"580","sounds":[{"d":0.209793091,"p":77,"v":127}],"pos":1.0,"size":1.0,"_time":113.917969},{"$id":"581","sounds":[{"d":0.419578552,"p":79,"v":127}],"pos":4.5,"size":1.0,"_time":114.125},{"$id":"582","sounds":[{"d":1.67832184,"p":57,"v":124},{"d":1.67832184,"p":60,"v":124},{"d":1.67832184,"p":64,"v":124}],"pos":-1.5,"size":1.50000012,"_time":114.125},{"$id":"583","sounds":[{"d":0.209793091,"p":81,"v":127}],"pos":-0.5,"size":1.0,"_time":114.546875},{"$id":"584","sounds":[{"d":0.419578552,"p":82,"v":127}],"pos":2.0,"size":1.0,"_time":114.753906},{"$id":"585","sounds":[{"d":0.419578552,"p":81,"v":127}],"pos":-0.5,"size":1.0,"_time":115.175781},{"$id":"586","sounds":[{"d":1.0489502,"p":77,"v":127}],"pos":1.0,"size":1.0,"_time":115.59375},{"$id":"587","sounds":[{"d":1.67832184,"p":57,"v":124},{"d":1.67832184,"p":62,"v":124},{"d":1.67832184,"p":65,"v":124}],"pos":-1.5,"size":1.4000001,"_time":115.804688},{"$id":"588","sounds":[{"d":0.419578552,"p":74,"v":127}],"pos":-1.0,"size":1.0,"_time":116.644531},{"$id":"589","sounds":[{"d":0.104896545,"p":77,"v":127}],"size":1.0,"_time":117.0625},{"$id":"590","sounds":[{"d":0.104888916,"p":78,"v":57}],"pos":0.5,"size":1.0,"_time":117.429688},{"$id":"591","sounds":[{"d":1.67832184,"p":55,"v":124},{"d":1.67832184,"p":58,"v":124},{"d":1.67832184,"p":62,"v":124}],"pos":8.5,"size":1.4000001,"_time":117.484375},{"$id":"592","sounds":[{"d":0.104888916,"p":79,"v":127}],"pos":1.0,"size":1.0,"_time":117.484375},{"$id":"593","sounds":[{"d":0.104896545,"p":86,"v":127}],"pos":-0.5,"size":1.0,"_time":118.113281},{"$id":"594","sounds":[{"d":0.104896545,"p":88,"v":127}],"size":1.0,"_time":118.21875},{"$id":"595","sounds":[{"d":0.104896545,"p":89,"v":127}],"pos":0.5,"size":1.0,"_time":118.320313},{"$id":"596","sounds":[{"d":0.104896545,"p":88,"v":127}],"pos":-0.5,"size":1.0,"_time":118.53125},{"$id":"597","sounds":[{"d":0.104896545,"p":89,"v":127}],"pos":0.5,"size":1.0,"_time":118.742188},{"$id":"598","sounds":[{"d":0.104896545,"p":91,"v":127}],"pos":1.5,"size":1.0,"_time":118.953125},{"$id":"599","sounds":[{"d":1.67832184,"p":57,"v":124},{"d":1.67832184,"p":64,"v":124},{"d":1.67832184,"p":61,"v":124}],"pos":-1.5,"size":1.4000001,"_time":119.160156},{"$id":"600","sounds":[{"d":0.104896545,"p":93,"v":127}],"pos":2.0,"size":0.9,"_time":119.371094},{"$id":"601","sounds":[{"d":0.104896545,"p":91,"v":127}],"pos":1.5,"size":1.0,"_time":119.789063},{"$id":"602","sounds":[{"d":0.104896545,"p":89,"v":127}],"pos":-0.5,"size":1.0,"_time":120.0},{"$id":"603","sounds":[{"d":0.104896545,"p":88,"v":127}],"pos":1.5,"size":1.0,"_time":120.210938},{"$id":"604","sounds":[{"d":0.104896545,"p":81,"v":127}],"pos":-1.5,"size":1.0,"_time":120.417969},{"$id":"605","sounds":[{"d":0.104896545,"p":79,"v":127}],"pos":0.5,"size":1.0,"_time":120.628906},{"$id":"606","sounds":[{"d":0.8391571,"p":62,"v":124},{"d":0.8391571,"p":57,"v":124},{"d":0.8391571,"p":65,"v":124}],"pos":-2.0,"size":1.30000007,"_time":120.839844},{"$id":"607","sounds":[{"d":0.104896545,"p":77,"v":127}],"pos":5.5,"size":1.0,"_time":120.839844},{"$id":"608","sounds":[{"d":0.8391571,"p":57,"v":124},{"d":0.8391571,"p":61,"v":124},{"d":0.8391571,"p":65,"v":124}],"pos":-2.0,"size":1.30000007,"_time":121.679688},{"$id":"609","sounds":[{"d":0.104896545,"p":79,"v":127}],"pos":0.5,"size":1.0,"_time":121.886719},{"$id":"610","sounds":[{"d":0.104896545,"p":81,"v":127}],"pos":-1.0,"size":1.0,"_time":122.097656},{"$id":"611","sounds":[{"d":0.104896545,"p":82,"v":127}],"pos":1.0,"size":1.0,"_time":122.308594},{"$id":"612","sounds":[{"d":0.8391571,"p":60,"v":124},{"d":0.8391571,"p":63,"v":124},{"d":0.8391571,"p":67,"v":124}],"pos":6.5,"size":1.30000007,"_time":122.515625},{"$id":"613","sounds":[{"d":0.104896545,"p":84,"v":127}],"pos":2.0,"size":1.0,"_time":122.519531},{"$id":"614","sounds":[{"d":0.104896545,"p":82,"v":127}],"pos":1.0,"size":1.0,"_time":122.9375},{"$id":"615","sounds":[{"d":0.8391571,"p":65,"v":124}],"pos":7.125,"size":1.0,"_time":123.355469},{"$id":"616","sounds":[{"d":0.8391571,"p":60,"v":124}],"pos":6.5,"size":1.0,"_time":123.355469},{"$id":"617","sounds":[{"d":0.8391571,"p":69,"v":124}],"pos":7.625,"size":1.0,"_time":123.355469},{"$id":"618","sounds":[{"d":0.104896545,"p":81,"v":127}],"pos":-1.0,"size":1.0,"_time":123.355469},{"$id":"619","sounds":[{"d":0.104896545,"p":82,"v":127}],"size":1.0,"_time":123.777344},{"$id":"620","sounds":[{"d":0.104896545,"p":84,"v":127}],"pos":1.0,"size":1.0,"_time":123.984375},{"$id":"621","sounds":[{"d":3.35664368,"p":58,"v":124},{"d":3.35664368,"p":62,"v":124},{"d":3.35664368,"p":65,"v":124}],"pos":-2.0,"size":1.4000001,"_time":124.195313},{"$id":"622","sounds":[{"d":0.104896545,"p":89,"v":127}],"pos":2.0,"size":1.0,"_time":124.40625},{"$id":"623","sounds":[{"d":0.104896545,"p":89,"v":127}],"pos":2.0,"size":1.0,"_time":124.824219},{"$id":"624","sounds":[{"d":0.104896545,"p":88,"v":127}],"pos":1.0,"size":1.0,"_time":125.035156},{"$id":"625","sounds":[{"d":0.104896545,"p":84,"v":127}],"pos":-0.5,"size":1.0,"_time":125.453125},{"$id":"626","sounds":[{"d":0.104896545,"p":81,"v":127}],"pos":-2.0,"size":1.0,"_time":125.664063},{"$id":"627","sounds":[{"d":0.104896545,"p":89,"v":127}],"pos":1.0,"size":1.0,"_time":126.085938},{"$id":"628","sounds":[{"d":0.104896545,"p":89,"v":127}],"pos":1.0,"size":1.0,"_time":126.503906},{"$id":"629","sounds":[{"d":0.104896545,"p":88,"v":127}],"pos":-0.5,"size":1.0,"_time":126.714844},{"$id":"630","sounds":[{"d":0.104896545,"p":84,"v":127}],"pos":-1.5,"size":1.0,"_time":127.132813},{"$id":"631","sounds":[{"d":0.104896545,"p":88,"v":127}],"pos":0.5,"size":1.0,"_time":127.34375},{"$id":"632","sounds":[{"d":1.67832184,"p":60,"v":124},{"d":1.67832184,"p":57,"v":124},{"d":1.67832184,"p":64,"v":124}],"pos":-2.0,"size":1.4000001,"_time":127.550781},{"$id":"633","sounds":[{"d":0.104896545,"p":89,"v":127}],"pos":0.5,"size":1.0,"_time":127.761719},{"$id":"634","sounds":[{"d":0.104888916,"p":89,"v":127}],"pos":0.5,"size":1.0,"_time":128.1836},{"$id":"635","sounds":[{"d":0.104888916,"p":91,"v":127}],"pos":1.5,"size":1.0,"_time":128.390625},{"$id":"636","sounds":[{"d":0.104888916,"p":89,"v":127}],"pos":0.5,"size":1.0,"_time":128.8125},{"$id":"637","sounds":[{"d":0.104888916,"p":88,"v":127}],"pos":-0.5,"size":1.0,"_time":129.019531},{"$id":"638","sounds":[{"d":1.67831421,"p":57,"v":124},{"d":1.67831421,"p":65,"v":124},{"d":1.67831421,"p":62,"v":124}],"pos":9.5,"size":1.4000001,"_time":129.230469},{"$id":"639","sounds":[{"d":0.104888916,"p":93,"v":127}],"pos":2.0,"size":1.0,"_time":129.230469},{"$id":"640","sounds":[{"d":0.104888916,"p":91,"v":127}],"pos":1.0,"size":1.0,"_time":129.652344},{"$id":"641","sounds":[{"d":0.104888916,"p":89,"v":127}],"size":1.0,"_time":130.070313},{"$id":"642","sounds":[{"d":0.104888916,"p":88,"v":127}],"pos":-1.0,"size":1.0,"_time":130.488281},{"$id":"643","sounds":[{"d":0.104904175,"p":88,"v":127}],"size":1.0,"_time":130.832031},{"$id":"644","sounds":[{"d":1.67831421,"p":62,"v":124},{"d":1.67831421,"p":55,"v":124},{"d":1.67831421,"p":58,"v":124}],"pos":-2.0,"size":1.50000012,"_time":130.910156},{"$id":"645","sounds":[{"d":0.104904175,"p":89,"v":127}],"pos":1.0,"size":1.0,"_time":130.910156},{"$id":"646","sounds":[{"d":0.104888916,"p":86,"v":127}],"pos":-1.0,"size":1.0,"_time":131.75},{"$id":"647","sounds":[{"d":1.67831421,"p":61,"v":124},{"d":1.67831421,"p":57,"v":124},{"d":1.67831421,"p":64,"v":124}],"pos":8.5,"size":1.50000012,"_time":132.585938},{"$id":"648","sounds":[{"d":0.104888916,"p":89,"v":127}],"pos":0.5,"size":1.0,"_time":132.585938},{"$id":"649","sounds":[{"d":0.104888916,"p":88,"v":127}],"pos":-0.5,"size":1.0,"_time":133.007813},{"$id":"650","sounds":[{"d":0.104888916,"p":89,"v":127}],"pos":0.5,"size":1.0,"_time":133.21875},{"$id":"651","sounds":[{"d":0.104888916,"p":91,"v":127}],"pos":1.0,"size":1.0,"_time":133.636719},{"$id":"652","sounds":[{"d":0.104888916,"p":93,"v":127}],"pos":1.5,"size":1.0,"_time":134.054688},{"$id":"653","sounds":[{"d":0.8391571,"p":65,"v":124},{"d":0.8391571,"p":62,"v":124},{"d":0.8391571,"p":57,"v":124}],"pos":-2.0,"size":1.50000012,"_time":134.265625},{"$id":"654","sounds":[{"d":0.104888916,"p":94,"v":127}],"size":1.0,"_time":135.105469},{"$id":"655","sounds":[{"d":0.8391571,"p":61,"v":124},{"d":0.8391571,"p":57,"v":124},{"d":0.8391571,"p":65,"v":124}],"pos":-2.0,"size":1.30000007,"_time":135.105469},{"$id":"656","sounds":[{"d":0.8391571,"p":67,"v":124},{"d":0.8391571,"p":60,"v":124},{"d":0.8391571,"p":63,"v":124}],"pos":-1.5,"size":1.50000012,"_time":135.945313},{"$id":"657","sounds":[{"d":0.104888916,"p":96,"v":127}],"pos":0.5,"size":1.0,"_time":135.945313},{"$id":"658","sounds":[{"d":0.8391571,"p":65,"v":124},{"d":0.8391571,"p":69,"v":124},{"d":0.8391571,"p":60,"v":124}],"pos":-1.0,"size":2.0,"_time":136.78125},{"$id":"659","sounds":[{"d":0.104888916,"p":98,"v":127}],"pos":1.0,"size":1.0,"_time":136.785156},{"$id":"660","sounds":[{"d":0.104888916,"p":101,"v":127}],"pos":2.0,"size":1.0,"_time":137.203125},{"$id":"661","sounds":[{"d":3.35664368,"p":34,"v":122}],"pos":-1.0,"size":1.50000012,"_time":137.6211},{"$id":"662","sounds":[{"d":3.35664368,"p":69,"v":122},{"d":3.35664368,"p":58,"v":122},{"d":3.35664368,"p":62,"v":122},{"d":3.35664368,"p":65,"v":122}],"pos":1.0,"size":1.50000012,"_time":137.6211}],"links":[{"notes":[{"$ref":"61"},{"$ref":"62"},{"$ref":"63"}]},{"notes":[{"$ref":"25"},{"$ref":"26"}]},{"notes":[{"$ref":"13"},{"$ref":"14"},{"$ref":"15"}]},{"notes":[{"$ref":"34"},{"$ref":"35"},{"$ref":"36"}]},{"notes":[{"$ref":"73"},{"$ref":"74"}]},{"notes":[{"$ref":"132"},{"$ref":"133"}]},{"notes":[{"$ref":"143"},{"$ref":"144"}]},{"notes":[{"$ref":"435"},{"$ref":"436"},{"$ref":"437"}]},{"notes":[{"$ref":"438"},{"$ref":"439"},{"$ref":"440"}]},{"notes":[{"$ref":"108"},{"$ref":"110"}]},{"notes":[{"$ref":"565"},{"$ref":"566"},{"$ref":"567"}]},{"notes":[{"$ref":"572"},{"$ref":"573"},{"$ref":"574"}]},{"notes":[{"$ref":"569"},{"$ref":"570"},{"$ref":"571"}]},{"notes":[{"$ref":"590"},{"$ref":"592"}]},{"notes":[{"$ref":"593"},{"$ref":"594"},{"$ref":"595"}]},{"notes":[{"$ref":"643"},{"$ref":"645"}]},{"notes":[{"$ref":"279"},{"$ref":"282"},{"$ref":"284"}]},{"notes":[{"$ref":"1"},{"$ref":"2"},{"$ref":"3"},{"$ref":"4"},{"$ref":"5"}]},{"notes":[{"$ref":"106"},{"$ref":"107"}]},{"notes":[{"$ref":"417"},{"$ref":"418"},{"$ref":"419"},{"$ref":"420"}]},{"notes":[{"$ref":"505"},{"$ref":"506"},{"$ref":"507"}]},{"notes":[{"$ref":"447"},{"$ref":"448"},{"$ref":"449"},{"$ref":"450"},{"$ref":"451"},{"$ref":"452"},{"$ref":"453"},{"$ref":"454"},{"$ref":"455"}]},{"notes":[{"$ref":"545"},{"$ref":"546"},{"$ref":"548"}]},{"notes":[{"$ref":"550"},{"$ref":"552"},{"$ref":"555"},{"$ref":"557"}]},{"notes":[{"$ref":"544"},{"$ref":"547"},{"$ref":"549"}]},{"notes":[{"$ref":"551"},{"$ref":"553"},{"$ref":"554"},{"$ref":"556"}]}]}