{"speed":10.0,"notes":[{"$id":"1","pos":-1.0,"size":1.60000014,"_time":10.3476563},{"$id":"2","pos":3.5,"size":1.0,"_time":12.0546875},{"$id":"3","pos":3.5,"size":1.0,"_time":12.4804688},{"$id":"4","pos":-1.0,"size":1.60000014,"_time":12.9101563},{"$id":"5","pos":1.0,"size":1.60000014,"_time":14.1953125},{"$id":"6","pos":1.0,"size":1.60000014,"_time":15.4804688},{"$id":"7","pos":3.5,"size":1.0,"_time":17.1953125},{"$id":"8","pos":3.5,"size":1.0,"_time":17.625},{"$id":"9","pos":1.0,"size":1.60000014,"_time":18.0546875},{"$id":"10","pos":-1.0,"size":1.60000014,"_time":19.3398438},{"$id":"11","pos":1.0,"size":1.60000014,"_time":20.625},{"$id":"12","pos":3.5,"size":1.0,"_time":22.3398438},{"$id":"13","pos":3.5,"size":1.0,"_time":22.7695313},{"$id":"14","pos":-1.0,"size":1.60000014,"_time":23.1953125},{"$id":"15","pos":3.5,"size":1.0,"_time":24.0546875},{"$id":"16","pos":1.0,"size":1.70000017,"_time":24.4804688},{"$id":"17","pos":3.5,"size":1.0,"_time":25.3398438},{"$id":"18","pos":3.5,"size":1.0,"_time":25.5546875},{"$id":"19","pos":-1.0,"size":1.60000014,"_time":25.7695313},{"$id":"20","pos":3.5,"size":1.0,"_time":26.625},{"$id":"21","pos":1.0,"size":1.60000014,"_time":27.0546875},{"$id":"22","pos":3.5,"size":1.0,"_time":27.9101563},{"$id":"23","pos":1.0,"size":1.60000014,"_time":28.3398438},{"$id":"24","pos":-1.0,"size":1.60000014,"_time":29.6054688},{"$id":"25","sounds":[{"d":0.207164764,"p":65,"v":58}],"pos":7.125,"size":1.0,"_time":33.4023438},{"$id":"26","sounds":[{"d":0.325176239,"p":70,"v":65}],"pos":7.75,"size":1.0,"_time":33.41797},{"$id":"27","sounds":[{"d":0.280662537,"p":77,"v":71}],"pos":1.5,"size":1.0,"_time":33.4726563},{"$id":"28","pos":3.5,"size":1.0,"_time":33.48047},{"$id":"29","sounds":[{"d":0.172100067,"p":70,"v":83}],"pos":7.75,"size":1.0,"_time":34.1328125},{"$id":"30","sounds":[{"d":0.181159973,"p":70,"v":90}],"pos":7.75,"size":1.0,"_time":34.3515625},{"$id":"31","sounds":[{"d":0.317024231,"p":77,"v":69}],"pos":8.625,"size":1.0,"_time":34.5703125},{"$id":"32","sounds":[{"d":0.443828583,"p":75,"v":87}],"pos":0.5,"size":1.0,"_time":34.7851563},{"$id":"33","sounds":[{"d":0.0543441772,"p":70,"v":70}],"pos":-0.5,"size":1.0,"_time":35.2226563},{"$id":"34","sounds":[{"d":0.326087952,"p":70,"v":79}],"pos":-0.5,"size":1.0,"_time":35.65625},{"$id":"35","sounds":[{"d":0.253620148,"p":72,"v":90}],"pos":8.0,"size":1.0,"_time":35.875},{"$id":"36","pos":3.5,"size":1.0,"_time":36.0898438},{"$id":"37","sounds":[{"d":0.543460846,"p":73,"v":80}],"pos":1.5,"size":1.0,"_time":36.0898438},{"$id":"38","sounds":[{"d":0.452884674,"p":65,"v":68}],"pos":7.125,"size":1.0,"_time":36.1015625},{"$id":"39","sounds":[{"d":0.09057999,"p":75,"v":73}],"pos":8.375,"size":1.0,"_time":36.7421875},{"$id":"40","sounds":[{"d":0.0543479919,"p":72,"v":68}],"pos":8.0,"size":1.0,"_time":36.8789063},{"$id":"41","sounds":[{"d":0.108695984,"p":73,"v":79}],"pos":8.125,"size":1.0,"_time":36.9414063},{"$id":"42","sounds":[{"d":0.190216064,"p":72,"v":90}],"pos":8.0,"size":1.0,"_time":36.9960938},{"$id":"43","sounds":[{"d":0.0543441772,"p":68,"v":84}],"pos":7.5,"size":1.0,"_time":37.1601563},{"$id":"44","sounds":[{"d":0.253616333,"p":65,"v":63}],"pos":-1.5,"size":1.0,"_time":37.38672},{"$id":"45","pos":3.5,"size":1.0,"_time":38.265625},{"$id":"46","sounds":[{"d":0.362312317,"p":65,"v":57}],"pos":7.125,"size":1.0,"_time":38.69922},{"$id":"47","sounds":[{"d":0.3804283,"p":77,"v":70}],"pos":1.5,"size":1.0,"_time":38.69922},{"$id":"48","pos":3.5,"size":1.0,"_time":38.69922},{"$id":"49","sounds":[{"d":0.08152008,"p":70,"v":69}],"pos":7.75,"size":1.0,"_time":39.3515625},{"$id":"50","sounds":[{"d":0.235507965,"p":70,"v":95}],"pos":7.75,"size":1.0,"_time":39.5703125},{"$id":"51","sounds":[{"d":0.298912048,"p":77,"v":91}],"pos":8.625,"size":1.0,"_time":39.7851563},{"$id":"52","sounds":[{"d":0.4619484,"p":75,"v":91}],"pos":0.5,"size":1.0,"_time":40.0039063},{"$id":"53","sounds":[{"d":0.06340408,"p":72,"v":67}],"pos":8.0,"size":1.0,"_time":40.4375},{"$id":"54","sounds":[{"d":0.06340408,"p":77,"v":74}],"pos":-1.5,"size":1.0,"_time":40.4375},{"$id":"55","sounds":[{"d":0.03622818,"p":80,"v":83}],"pos":1.5,"size":1.0,"_time":40.875},{"$id":"56","sounds":[{"d":0.03622818,"p":72,"v":76}],"pos":8.0,"size":1.0,"_time":40.8828125},{"$id":"57","sounds":[{"d":0.371372223,"p":75,"v":74}],"pos":8.375,"size":1.0,"_time":41.3085938},{"$id":"58","sounds":[{"d":0.407604218,"p":80,"v":86}],"pos":1.5,"size":1.0,"_time":41.3085938},{"$id":"59","sounds":[{"d":0.108695984,"p":70,"v":74}],"pos":7.75,"size":1.0,"_time":41.7421875},{"$id":"60","sounds":[{"d":0.172100067,"p":79,"v":79}],"pos":-0.5,"size":1.0,"_time":41.7421875},{"$id":"61","sounds":[{"d":0.08152008,"p":75,"v":88}],"pos":-0.5,"size":1.0,"_time":42.17578},{"$id":"62","sounds":[{"d":0.0452880859,"p":70,"v":78}],"pos":7.75,"size":1.0,"_time":42.17578},{"$id":"63","sounds":[{"d":0.5525284,"p":74,"v":63}],"pos":8.25,"size":1.0,"_time":42.6015625},{"$id":"64","sounds":[{"d":0.5344124,"p":70,"v":53}],"pos":7.75,"size":1.0,"_time":42.6210938},{"$id":"65","sounds":[{"d":0.3985443,"p":77,"v":67}],"pos":1.5,"size":1.0,"_time":42.6210938},{"$id":"66","sounds":[{"d":0.280796051,"p":65,"v":89}],"pos":7.125,"size":1.0,"_time":43.265625},{"$id":"67","sounds":[{"d":0.253620148,"p":70,"v":95}],"pos":7.75,"size":1.0,"_time":43.48047},{"$id":"68","sounds":[{"d":0.15398407,"p":77,"v":87}],"pos":8.625,"size":1.0,"_time":43.69922},{"$id":"69","sounds":[{"d":0.4076004,"p":70,"v":73}],"pos":7.75,"size":1.0,"_time":43.91797},{"$id":"70","sounds":[{"d":0.3804283,"p":77,"v":71}],"pos":1.5,"size":1.0,"_time":43.91797},{"$id":"71","sounds":[{"d":0.27173233,"p":65,"v":66}],"pos":7.125,"size":1.0,"_time":43.91797},{"$id":"72","sounds":[{"d":0.108695984,"p":70,"v":87}],"pos":7.75,"size":1.0,"_time":44.5703125},{"$id":"73","sounds":[{"d":0.172100067,"p":70,"v":96}],"pos":7.75,"size":1.0,"_time":44.7851563},{"$id":"74","sounds":[{"d":0.135868073,"p":77,"v":75}],"pos":7.5,"size":1.0,"_time":45.0039063},{"$id":"75","sounds":[{"d":0.0362319946,"p":75,"v":65}],"pos":8.375,"size":1.0,"_time":45.1484375},{"$id":"76","sounds":[{"d":0.126808167,"p":77,"v":74}],"pos":0.5,"size":1.0,"_time":45.1835938},{"$id":"77","sounds":[{"d":0.3623085,"p":75,"v":91}],"pos":8.0,"size":1.0,"_time":45.25},{"$id":"78","sounds":[{"d":0.07246399,"p":70,"v":97}],"pos":-0.5,"size":1.0,"_time":45.65625},{"$id":"79","sounds":[{"d":0.307971954,"p":70,"v":96}],"pos":-0.5,"size":1.0,"_time":46.0898438},{"$id":"80","sounds":[{"d":0.253620148,"p":72,"v":89}],"pos":8.0,"size":1.0,"_time":46.3085938},{"$id":"81","sounds":[{"d":0.5887604,"p":73,"v":78}],"pos":1.5,"size":1.0,"_time":46.5273438},{"$id":"82","sounds":[{"d":0.4891243,"p":65,"v":56}],"pos":7.125,"size":1.0,"_time":46.5273438},{"$id":"83","sounds":[{"d":0.108695984,"p":75,"v":76}],"pos":8.375,"size":1.0,"_time":47.17578},{"$id":"84","sounds":[{"d":0.0543479919,"p":72,"v":79}],"pos":8.0,"size":1.0,"_time":47.3398438},{"$id":"85","sounds":[{"d":0.0543479919,"p":73,"v":87}],"pos":8.125,"size":1.0,"_time":47.375},{"$id":"86","sounds":[{"d":0.208332062,"p":72,"v":82}],"pos":8.0,"size":1.0,"_time":47.4296875},{"$id":"87","sounds":[{"d":0.199272156,"p":68,"v":86}],"pos":7.5,"size":1.0,"_time":47.61328},{"$id":"88","sounds":[{"d":0.407604218,"p":65,"v":60}],"pos":-1.5,"size":1.0,"_time":47.828125},{"$id":"89","sounds":[{"d":0.244564056,"p":65,"v":96}],"pos":7.125,"size":1.0,"_time":48.69922},{"$id":"90","sounds":[{"d":0.289848328,"p":68,"v":100}],"pos":7.5,"size":1.0,"_time":48.91797},{"$id":"91","sounds":[{"d":0.3532486,"p":65,"v":72}],"pos":7.125,"size":1.0,"_time":49.1328125},{"$id":"92","sounds":[{"d":0.2898445,"p":70,"v":84}],"pos":-1.5,"size":1.0,"_time":49.1328125},{"$id":"93","sounds":[{"d":0.4891281,"p":70,"v":87}],"pos":7.75,"size":1.0,"_time":49.5703125},{"$id":"94","sounds":[{"d":0.42572403,"p":77,"v":92}],"pos":0.5,"size":1.0,"_time":49.5703125},{"$id":"95","sounds":[{"d":0.42572403,"p":73,"v":95}],"pos":0.5,"size":1.0,"_time":50.0039063},{"$id":"96","sounds":[{"d":0.362319946,"p":65,"v":74}],"pos":7.125,"size":1.0,"_time":50.0039063},{"$id":"97","sounds":[{"d":0.3079605,"p":75,"v":74}],"pos":-0.5,"size":1.0,"_time":50.4375},{"$id":"98","sounds":[{"d":0.298904419,"p":72,"v":71}],"pos":8.0,"size":1.0,"_time":50.4375},{"$id":"99","sounds":[{"d":0.03622818,"p":80,"v":86}],"pos":1.5,"size":1.0,"_time":50.86328},{"$id":"100","sounds":[{"d":0.0452880859,"p":72,"v":78}],"pos":8.0,"size":1.0,"_time":50.875},{"$id":"101","sounds":[{"d":0.08152008,"p":63,"v":84}],"pos":1.5,"size":1.0,"_time":51.3164063},{"$id":"102","sounds":[{"d":0.08152008,"p":72,"v":65}],"pos":7.5,"size":1.0,"_time":51.328125},{"$id":"103","sounds":[{"d":0.3713684,"p":63,"v":72}],"pos":6.875,"size":1.0,"_time":51.6523438},{"$id":"104","sounds":[{"d":0.6521683,"p":68,"v":71}],"pos":7.5,"size":1.0,"_time":51.7148438},{"$id":"105","sounds":[{"d":0.5706482,"p":72,"v":70}],"pos":1.5,"size":1.0,"_time":51.76172},{"$id":"106","sounds":[{"d":0.335144043,"p":63,"v":96}],"pos":6.875,"size":1.0,"_time":52.39453},{"$id":"107","sounds":[{"d":0.4438362,"p":68,"v":88}],"pos":7.5,"size":1.0,"_time":52.61328},{"$id":"108","sounds":[{"d":0.163043976,"p":72,"v":70}],"pos":8.0,"size":1.0,"_time":52.828125},{"$id":"109","sounds":[{"d":0.4800644,"p":70,"v":55}],"pos":-1.5,"size":1.0,"_time":53.046875},{"$id":"110","sounds":[{"d":0.307964325,"p":70,"v":88}],"pos":7.75,"size":1.0,"_time":53.91797},{"$id":"111","sounds":[{"d":0.344203949,"p":68,"v":89}],"pos":7.5,"size":1.0,"_time":54.1328125},{"$id":"112","sounds":[{"d":0.4166565,"p":66,"v":79}],"pos":-1.5,"size":1.0,"_time":54.3515625},{"$id":"113","sounds":[{"d":0.335144043,"p":68,"v":96}],"pos":-1.5,"size":1.0,"_time":54.7851563},{"$id":"114","sounds":[{"d":0.208332062,"p":66,"v":94}],"pos":7.25,"size":1.0,"_time":55.2109375},{"$id":"115","sounds":[{"d":0.19927597,"p":70,"v":95}],"pos":-0.5,"size":1.0,"_time":55.2226563},{"$id":"116","sounds":[{"d":0.3532486,"p":66,"v":85}],"pos":7.25,"size":1.0,"_time":55.65625},{"$id":"117","sounds":[{"d":0.3079605,"p":60,"v":81}],"pos":6.5,"size":1.0,"_time":55.65625},{"$id":"118","sounds":[{"d":0.298904419,"p":70,"v":92}],"pos":-0.5,"size":1.0,"_time":55.65625},{"$id":"119","sounds":[{"d":0.144927979,"p":72,"v":90}],"pos":0.5,"size":1.0,"_time":56.0898438},{"$id":"120","sounds":[{"d":0.190216064,"p":73,"v":97}],"pos":0.5,"size":1.0,"_time":56.5273438},{"$id":"121","sounds":[{"d":0.126811981,"p":66,"v":98}],"pos":7.25,"size":1.0,"_time":56.5273438},{"$id":"122","sounds":[{"d":0.4710083,"p":63,"v":82}],"pos":6.875,"size":1.0,"_time":56.69922},{"$id":"123","sounds":[{"d":0.534408569,"p":65,"v":74}],"pos":7.125,"size":1.0,"_time":56.82422},{"$id":"124","sounds":[{"d":0.597816467,"p":68,"v":93}],"pos":7.5,"size":1.0,"_time":56.92578},{"$id":"125","sounds":[{"d":0.280788422,"p":72,"v":89}],"pos":1.5,"size":1.0,"_time":56.9609375},{"$id":"126","sounds":[{"d":0.135868073,"p":73,"v":95}],"pos":8.125,"size":1.0,"_time":57.61328},{"$id":"127","sounds":[{"d":0.253623962,"p":72,"v":85}],"pos":8.0,"size":1.0,"_time":57.828125},{"$id":"128","sounds":[{"d":1.367733,"p":68,"v":83}],"pos":7.5,"size":1.0,"_time":58.046875},{"$id":"129","sounds":[{"d":1.068821,"p":65,"v":73}],"pos":-1.5,"size":1.0,"_time":58.265625},{"$id":"130","sounds":[{"d":0.634048462,"p":60,"v":67}],"pos":6.5,"size":1.0,"_time":58.2734375},{"$id":"131","sounds":[{"d":0.298904419,"p":70,"v":101}],"pos":7.75,"size":1.0,"_time":59.1328125},{"$id":"132","sounds":[{"d":0.06340408,"p":68,"v":92}],"pos":7.5,"size":1.0,"_time":59.3515625},{"$id":"133","sounds":[{"d":0.4347725,"p":66,"v":89}],"pos":1.5,"size":1.0,"_time":59.5703125},{"$id":"134","sounds":[{"d":0.244556427,"p":58,"v":81}],"pos":6.25,"size":1.0,"_time":59.5703125},{"$id":"135","sounds":[{"d":0.398551941,"p":68,"v":97}],"pos":1.5,"size":1.0,"_time":60.0039063},{"$id":"136","sounds":[{"d":0.253623962,"p":60,"v":102}],"pos":6.5,"size":1.0,"_time":60.0039063},{"$id":"137","sounds":[{"d":0.217388153,"p":70,"v":100}],"pos":0.5,"size":1.0,"_time":60.4375},{"$id":"138","sounds":[{"d":0.208332062,"p":66,"v":100}],"pos":7.25,"size":1.0,"_time":60.4375},{"$id":"139","sounds":[{"d":0.19927597,"p":61,"v":74}],"pos":6.625,"size":1.0,"_time":60.4375},{"$id":"140","sounds":[{"d":0.2807846,"p":60,"v":92}],"pos":6.5,"size":1.0,"_time":60.78125},{"$id":"141","sounds":[{"d":0.2989006,"p":66,"v":93}],"pos":7.25,"size":1.0,"_time":60.8085938},{"$id":"142","sounds":[{"d":0.226436615,"p":70,"v":101}],"pos":0.5,"size":1.0,"_time":60.8828125},{"$id":"143","sounds":[{"d":0.135868073,"p":72,"v":120}],"pos":-0.5,"size":1.0,"_time":61.3085938},{"$id":"144","sounds":[{"d":0.172100067,"p":73,"v":101}],"pos":-0.5,"size":1.0,"_time":61.7421875},{"$id":"145","sounds":[{"d":0.08152008,"p":66,"v":79}],"pos":7.25,"size":1.0,"_time":61.7421875},{"$id":"146","sounds":[{"d":0.317020416,"p":60,"v":73}],"pos":6.5,"size":1.0,"_time":62.05078},{"$id":"147","sounds":[{"d":0.317020416,"p":65,"v":67}],"pos":7.125,"size":1.0,"_time":62.1328125},{"$id":"148","sounds":[{"d":0.317020416,"p":68,"v":88}],"pos":-1.5,"size":1.0,"_time":62.1875},{"$id":"149","sounds":[{"d":1.02354431,"p":72,"v":96}],"pos":8.5,"size":1.0,"_time":62.2421875},{"$id":"150","sounds":[{"d":0.769924164,"p":65,"v":76}],"pos":7.125,"size":1.0,"_time":63.4101563},{"$id":"151","sounds":[{"d":0.878620148,"p":72,"v":85}],"pos":1.5,"size":1.0,"_time":63.453125},{"$id":"152","sounds":[{"d":0.778980255,"p":77,"v":85}],"pos":8.5,"size":1.0,"_time":63.5273438},{"$id":"153","sounds":[{"d":0.271728516,"p":73,"v":107}],"pos":8.125,"size":1.0,"_time":64.35156},{"$id":"154","sounds":[{"d":0.226448059,"p":75,"v":102}],"pos":8.375,"size":1.0,"_time":64.57031},{"$id":"155","sounds":[{"d":0.5615921,"p":73,"v":47}],"pos":8.125,"size":1.0,"_time":64.75},{"$id":"156","sounds":[{"d":0.5072403,"p":77,"v":95}],"pos":1.5,"size":1.30000007,"_time":64.77734},{"$id":"157","sounds":[{"d":0.4710083,"p":65,"v":95}],"pos":-1.0,"size":1.30000007,"_time":64.77734},{"$id":"158","sounds":[{"d":0.262680054,"p":77,"v":97}],"pos":8.625,"size":1.0,"_time":65.65625},{"$id":"159","sounds":[{"d":0.298904419,"p":78,"v":107}],"pos":8.75,"size":1.0,"_time":65.875},{"$id":"160","sounds":[{"d":0.489120483,"p":63,"v":73}],"pos":6.875,"size":1.0,"_time":66.08203},{"$id":"161","sounds":[{"d":0.4438324,"p":69,"v":74}],"pos":-1.5,"size":1.30000007,"_time":66.08984},{"$id":"162","sounds":[{"d":0.4257202,"p":75,"v":89}],"pos":1.0,"size":1.30000007,"_time":66.08984},{"$id":"163","sounds":[{"d":0.253623962,"p":72,"v":89}],"pos":8.0,"size":1.0,"_time":66.96094},{"$id":"164","sounds":[{"d":0.181159973,"p":73,"v":93}],"pos":8.125,"size":1.0,"_time":67.17578},{"$id":"165","sounds":[{"d":0.326080322,"p":65,"v":81},{"d":0.3441925,"p":68,"v":86},{"d":0.30796814,"p":75,"v":94}],"pos":1.0,"size":1.60000014,"_time":67.38672},{"$id":"166","sounds":[{"d":0.09963226,"p":68,"v":91},{"w":0.0078125,"d":0.09963226,"p":77,"v":101},{"w":0.015625,"d":0.0452880859,"p":65,"v":66}],"pos":1.0,"size":1.60000014,"_time":67.8125},{"$id":"167","sounds":[{"d":0.226448059,"p":65,"v":77},{"d":0.262680054,"p":73,"v":98}],"pos":-1.0,"size":1.60000014,"_time":68.265625},{"$id":"168","sounds":[{"d":0.271728516,"p":72,"v":91}],"pos":8.0,"size":1.0,"_time":68.48047},{"$id":"169","sounds":[{"d":0.4438324,"p":73,"v":75},{"w":0.01171875,"d":0.4619522,"p":65,"v":46},{"w":0.01953125,"d":0.416664124,"p":67,"v":50}],"pos":-1.0,"size":1.60000014,"_time":68.70703},{"$id":"170","sounds":[{"d":0.298912048,"p":70,"v":91}],"pos":7.75,"size":1.0,"_time":69.57031},{"$id":"171","sounds":[{"d":0.235496521,"p":68,"v":88}],"pos":7.5,"size":1.0,"_time":69.78516},{"$id":"172","sounds":[{"d":0.53440094,"p":66,"v":85}],"pos":-1.5,"size":1.0,"_time":70.00391},{"$id":"173","sounds":[{"d":0.4981842,"p":68,"v":100}],"pos":-1.5,"size":1.0,"_time":70.44922},{"$id":"174","sounds":[{"d":0.289855957,"p":70,"v":101}],"pos":-1.5,"size":1.0,"_time":70.86328},{"$id":"175","sounds":[{"d":0.289848328,"p":60,"v":83}],"pos":6.5,"size":1.0,"_time":71.125},{"$id":"176","sounds":[{"d":0.253616333,"p":66,"v":98}],"pos":7.25,"size":1.0,"_time":71.20703},{"$id":"177","sounds":[{"d":0.2536087,"p":72,"v":111}],"pos":-0.5,"size":1.0,"_time":71.31641},{"$id":"178","sounds":[{"d":0.452896118,"p":73,"v":107}],"pos":-0.5,"size":1.0,"_time":71.74219},{"$id":"179","sounds":[{"d":0.262680054,"p":75,"v":111}],"pos":-0.5,"size":1.0,"_time":72.17578},{"$id":"180","sounds":[{"d":1.050705,"p":69,"v":86}],"pos":7.625,"size":1.0,"_time":72.47656},{"$id":"181","sounds":[{"d":0.9057846,"p":72,"v":85}],"pos":8.0,"size":1.0,"_time":72.53125},{"$id":"182","sounds":[{"d":0.22644043,"p":77,"v":111}],"pos":0.5,"size":1.0,"_time":72.60156},{"$id":"183","sounds":[{"d":0.4347763,"p":78,"v":109}],"pos":0.5,"size":1.0,"_time":73.05469},{"$id":"184","sounds":[{"d":0.23550415,"p":75,"v":100}],"pos":0.5,"size":1.0,"_time":73.48047},{"$id":"185","sounds":[{"d":1.35868073,"p":69,"v":94}],"pos":7.625,"size":1.0,"_time":73.78125},{"$id":"186","sounds":[{"d":1.34962463,"p":72,"v":94}],"pos":8.0,"size":1.0,"_time":73.83594},{"$id":"187","sounds":[{"d":1.26810455,"p":77,"v":108}],"pos":1.5,"size":1.0,"_time":73.90625},{"$id":"188","sounds":[{"d":0.27217865,"p":73,"v":119}],"pos":8.125,"size":1.0,"_time":77.40234},{"$id":"189","sounds":[{"d":0.27217865,"p":61,"v":107}],"pos":6.625,"size":1.0,"_time":77.40234},{"$id":"190","sounds":[{"d":0.332214355,"p":73,"v":91},{"w":0.01171875,"d":0.367424,"p":78,"v":111}],"pos":1.5,"size":1.30000007,"_time":77.875},{"$id":"191","sounds":[{"d":0.268806458,"p":68,"v":94}],"pos":-1.5,"size":1.30000007,"_time":77.875},{"$id":"192","sounds":[{"d":0.298912048,"p":61,"v":115}],"pos":6.625,"size":1.0,"_time":78.5},{"$id":"193","sounds":[{"d":0.289855957,"p":73,"v":115}],"pos":8.125,"size":1.0,"_time":78.5},{"$id":"194","sounds":[{"d":0.262680054,"p":78,"v":118}],"pos":8.75,"size":1.0,"_time":78.76172},{"$id":"195","sounds":[{"d":0.262680054,"p":66,"v":118}],"pos":7.25,"size":1.0,"_time":78.76172},{"$id":"196","sounds":[{"d":0.144927979,"p":73,"v":121}],"pos":8.125,"size":1.0,"_time":78.98047},{"$id":"197","sounds":[{"d":0.144927979,"p":85,"v":121}],"pos":9.625,"size":1.0,"_time":78.98047},{"$id":"198","sounds":[{"d":0.38948822,"p":85,"v":117}],"pos":1.5,"size":1.0,"_time":79.22266},{"$id":"199","sounds":[{"d":0.380432129,"p":73,"v":117}],"pos":8.125,"size":1.0,"_time":79.234375},{"$id":"200","sounds":[{"d":0.47101593,"p":83,"v":118}],"pos":1.5,"size":1.0,"_time":79.63281},{"$id":"201","sounds":[{"d":0.461959839,"p":71,"v":86}],"pos":7.875,"size":1.0,"_time":79.640625},{"$id":"202","sounds":[{"d":0.08152008,"p":69,"v":119}],"pos":7.625,"size":1.0,"_time":80.06641},{"$id":"203","sounds":[{"d":0.08152008,"p":81,"v":119}],"pos":1.5,"size":1.0,"_time":80.06641},{"$id":"204","sounds":[{"d":0.262672424,"p":68,"v":109}],"pos":7.5,"size":1.0,"_time":80.5},{"$id":"205","sounds":[{"d":0.253616333,"p":80,"v":109}],"pos":-1.5,"size":1.0,"_time":80.5},{"$id":"206","sounds":[{"d":0.217391968,"p":73,"v":108}],"pos":-1.5,"size":1.0,"_time":80.93359},{"$id":"207","sounds":[{"d":0.181159973,"p":61,"v":113}],"pos":6.625,"size":1.0,"_time":80.93359},{"$id":"208","sounds":[{"d":0.181159973,"p":76,"v":113}],"pos":0.5,"size":1.0,"_time":81.37109},{"$id":"209","sounds":[{"d":0.144927979,"p":64,"v":113}],"pos":7.0,"size":1.0,"_time":81.37109},{"$id":"210","sounds":[{"d":0.371376038,"p":78,"v":113}],"pos":0.5,"size":1.0,"_time":81.80469},{"$id":"211","sounds":[{"d":0.371376038,"p":66,"v":115}],"pos":7.25,"size":1.0,"_time":81.80469},{"$id":"212","sounds":[{"d":0.3260727,"p":66,"v":120},{"d":0.3260727,"p":78,"v":109}],"pos":1.5,"size":1.0,"_time":83.109375},{"$id":"213","sounds":[{"d":0.09963989,"p":73,"v":97}],"pos":8.125,"size":1.0,"_time":83.76172},{"$id":"214","sounds":[{"d":0.0634079,"p":61,"v":100}],"pos":6.625,"size":1.0,"_time":83.76172},{"$id":"215","sounds":[{"d":0.0634079,"p":66,"v":100}],"pos":7.25,"size":1.0,"_time":83.98047},{"$id":"216","sounds":[{"d":0.0634079,"p":78,"v":114}],"pos":8.75,"size":1.0,"_time":83.98047},{"$id":"217","sounds":[{"d":0.07246399,"p":85,"v":110}],"pos":9.625,"size":1.0,"_time":84.19531},{"$id":"218","sounds":[{"d":0.0634079,"p":73,"v":108}],"pos":8.125,"size":1.0,"_time":84.19531},{"$id":"219","sounds":[{"d":0.163032532,"p":85,"v":113}],"pos":-1.5,"size":1.0,"_time":84.41406},{"$id":"220","sounds":[{"d":0.15397644,"p":73,"v":120}],"pos":8.125,"size":1.0,"_time":84.41406},{"$id":"221","sounds":[{"d":0.09057617,"p":83,"v":113}],"pos":-1.5,"size":1.0,"_time":84.84766},{"$id":"222","sounds":[{"d":0.08152008,"p":71,"v":117}],"pos":7.875,"size":1.0,"_time":84.84766},{"$id":"223","sounds":[{"d":0.07246399,"p":88,"v":111}],"pos":1.5,"size":1.0,"_time":85.28125},{"$id":"224","sounds":[{"d":0.07246399,"p":76,"v":106}],"pos":8.5,"size":1.0,"_time":85.28125},{"$id":"225","sounds":[{"d":0.235496521,"p":88,"v":118}],"pos":1.5,"size":1.0,"_time":85.71875},{"$id":"226","sounds":[{"d":0.22644043,"p":76,"v":115}],"pos":8.5,"size":1.0,"_time":85.71875},{"$id":"227","sounds":[{"d":0.15398407,"p":87,"v":111}],"pos":1.5,"size":1.0,"_time":86.15234},{"$id":"228","sounds":[{"d":0.144927979,"p":75,"v":110}],"pos":8.375,"size":1.0,"_time":86.15234},{"$id":"229","sounds":[{"d":0.108695984,"p":86,"v":110}],"pos":-0.5,"size":1.0,"_time":86.58594},{"$id":"230","sounds":[{"d":0.09963989,"p":74,"v":113}],"pos":8.25,"size":1.0,"_time":86.58594},{"$id":"231","sounds":[{"d":0.398551941,"p":73,"v":108}],"pos":8.125,"size":1.0,"_time":87.02344},{"$id":"232","sounds":[{"d":0.38949585,"p":85,"v":109}],"pos":-0.5,"size":1.0,"_time":87.02344},{"$id":"233","sounds":[{"d":0.07462311,"p":81,"v":111}],"pos":9.125,"size":1.0,"_time":87.89453},{"$id":"234","sounds":[{"d":0.07462311,"p":69,"v":104}],"pos":7.625,"size":1.0,"_time":87.89453},{"$id":"235","sounds":[{"d":0.06529999,"p":71,"v":111}],"pos":7.875,"size":1.0,"_time":88.12109},{"$id":"236","sounds":[{"d":0.06529999,"p":83,"v":111}],"pos":9.375,"size":1.0,"_time":88.12109},{"$id":"237","sounds":[{"d":0.354484558,"p":73,"v":115}],"pos":-1.0,"size":1.0,"_time":88.34375},{"$id":"238","sounds":[{"d":0.3451538,"p":85,"v":114}],"pos":1.5,"size":1.0,"_time":88.34375},{"$id":"239","sounds":[{"d":0.09057617,"p":85,"v":101}],"pos":9.625,"size":1.0,"_time":89.22656},{"$id":"240","sounds":[{"d":0.07246399,"p":73,"v":103}],"pos":8.125,"size":1.0,"_time":89.22656},{"$id":"241","sounds":[{"d":0.07246399,"p":86,"v":109}],"pos":9.75,"size":1.0,"_time":89.44141},{"$id":"242","sounds":[{"d":0.0634079,"p":74,"v":110}],"pos":8.25,"size":1.0,"_time":89.44141},{"$id":"243","sounds":[{"d":0.181144714,"p":71,"v":110}],"pos":-1.5,"size":1.0,"_time":89.66016},{"$id":"244","sounds":[{"d":0.163032532,"p":83,"v":111}],"pos":1.0,"size":1.0,"_time":89.66016},{"$id":"245","sounds":[{"d":0.09246826,"p":80,"v":97}],"pos":9.0,"size":1.0,"_time":90.53125},{"$id":"246","sounds":[{"d":0.07381439,"p":68,"v":107}],"pos":7.5,"size":1.0,"_time":90.53125},{"$id":"247","sounds":[{"d":0.07463074,"p":81,"v":115}],"pos":9.125,"size":1.0,"_time":90.75391},{"$id":"248","sounds":[{"d":0.06529999,"p":69,"v":107}],"pos":7.625,"size":1.0,"_time":90.75391},{"$id":"249","sounds":[{"d":0.223884583,"p":83,"v":123}],"pos":1.5,"size":1.0,"_time":90.97656},{"$id":"250","sounds":[{"d":0.186569214,"p":71,"v":123}],"pos":7.875,"size":1.0,"_time":90.97656},{"$id":"251","sounds":[{"d":0.09057617,"p":85,"v":103}],"pos":1.5,"size":1.0,"_time":91.41797},{"$id":"252","sounds":[{"d":0.07246399,"p":73,"v":103}],"pos":8.125,"size":1.0,"_time":91.41797},{"$id":"253","sounds":[{"d":0.08152008,"p":69,"v":106}],"pos":7.625,"size":1.0,"_time":91.85156},{"$id":"254","sounds":[{"d":0.0634079,"p":81,"v":113}],"pos":-1.5,"size":1.0,"_time":91.85156},{"$id":"255","sounds":[{"d":0.07246399,"p":68,"v":102}],"pos":7.5,"size":1.0,"_time":92.07031},{"$id":"256","sounds":[{"d":0.0452880859,"p":80,"v":109}],"pos":9.0,"size":1.0,"_time":92.07031},{"$id":"257","sounds":[{"d":0.615921,"p":73,"v":51},{"w":0.0078125,"d":0.588752747,"p":75,"v":92},{"w":0.02734375,"d":0.09057617,"p":81,"v":97},{"w":0.02734375,"d":0.09057617,"p":81,"v":115}],"pos":1.5,"size":1.30000007,"_time":92.26172},{"$id":"258","sounds":[{"d":0.135864258,"p":69,"v":117},{"w":0.0078125,"d":0.4528885,"p":76,"v":79}],"pos":-1.5,"size":1.30000007,"_time":92.28906},{"$id":"259","sounds":[{"d":0.08395386,"p":66,"v":114}],"pos":7.25,"size":1.0,"_time":93.15625},{"$id":"260","sounds":[{"d":0.08395386,"p":78,"v":104}],"pos":8.75,"size":1.0,"_time":93.15625},{"$id":"261","sounds":[{"d":0.07463074,"p":76,"v":106}],"pos":8.5,"size":1.0,"_time":93.38281},{"$id":"262","sounds":[{"d":0.06529999,"p":64,"v":114}],"pos":7.0,"size":1.0,"_time":93.38281},{"$id":"263","sounds":[{"d":0.2192688,"p":62,"v":123}],"pos":6.75,"size":1.0,"_time":93.60547},{"$id":"264","sounds":[{"d":0.2192688,"p":74,"v":115}],"pos":-1.5,"size":1.0,"_time":93.60547},{"$id":"265","sounds":[{"d":0.08152008,"p":64,"v":115}],"pos":7.0,"size":1.0,"_time":94.04297},{"$id":"266","sounds":[{"d":0.08152008,"p":76,"v":109}],"pos":-1.5,"size":1.0,"_time":94.04297},{"$id":"267","sounds":[{"d":0.126808167,"p":78,"v":115}],"pos":-1.5,"size":1.0,"_time":94.47656},{"$id":"268","sounds":[{"d":0.117752075,"p":66,"v":115}],"pos":7.25,"size":1.0,"_time":94.47656},{"$id":"269","sounds":[{"d":0.253616333,"p":78,"v":118}],"pos":-0.5,"size":1.0,"_time":94.91016},{"$id":"270","sounds":[{"d":0.22644043,"p":66,"v":118}],"pos":7.25,"size":1.0,"_time":94.91016},{"$id":"271","sounds":[{"d":0.108695984,"p":80,"v":117}],"pos":-0.5,"size":1.0,"_time":95.34766},{"$id":"272","sounds":[{"d":0.08152008,"p":68,"v":117}],"pos":7.5,"size":1.0,"_time":95.34766},{"$id":"273","sounds":[{"d":0.0946960449,"p":81,"v":117}],"pos":-0.5,"size":1.0,"_time":95.78125},{"$id":"274","sounds":[{"d":0.08522797,"p":69,"v":120}],"pos":7.625,"size":1.0,"_time":95.78125},{"$id":"275","sounds":[{"d":0.393600464,"p":73,"v":105}],"pos":8.125,"size":1.0,"_time":96.01953},{"$id":"276","sounds":[{"d":0.326896667,"p":77,"v":108}],"pos":8.625,"size":1.0,"_time":96.09375},{"$id":"277","sounds":[{"d":0.279548645,"p":80,"v":125}],"pos":9.0,"size":1.0,"_time":96.140625},{"$id":"278","sounds":[{"d":0.175796509,"p":83,"v":126}],"pos":0.5,"size":1.0,"_time":96.234375},{"$id":"279","sounds":[{"d":0.09963226,"p":73,"v":107}],"pos":8.125,"size":1.0,"_time":96.66406},{"$id":"280","sounds":[{"d":0.163040161,"p":80,"v":97}],"pos":9.0,"size":1.0,"_time":96.67578},{"$id":"281","sounds":[{"d":0.15398407,"p":77,"v":100}],"pos":8.625,"size":1.0,"_time":96.67578},{"$id":"282","sounds":[{"d":0.08152008,"p":85,"v":109}],"pos":0.5,"size":1.0,"_time":96.67578},{"$id":"283","sounds":[{"d":0.137870789,"p":77,"v":105}],"pos":8.625,"size":1.0,"_time":97.11328},{"$id":"284","sounds":[{"d":0.128677368,"p":86,"v":120}],"pos":0.5,"size":1.0,"_time":97.11328},{"$id":"285","sounds":[{"d":0.0551452637,"p":73,"v":104}],"pos":8.125,"size":1.0,"_time":97.11328},{"$id":"286","sounds":[{"d":0.0827178955,"p":73,"v":79}],"pos":8.125,"size":1.0,"_time":97.30469},{"$id":"287","sounds":[{"d":0.5330887,"p":73,"v":94}],"pos":8.125,"size":1.0,"_time":97.515625},{"$id":"288","sounds":[{"d":0.5606613,"p":77,"v":103}],"pos":8.625,"size":1.0,"_time":97.53516},{"$id":"289","sounds":[{"d":0.5330887,"p":80,"v":97}],"pos":9.0,"size":1.0,"_time":97.54297},{"$id":"290","sounds":[{"d":0.431983948,"p":85,"v":102}],"pos":1.5,"size":1.0,"_time":97.55469},{"$id":"291","sounds":[{"d":0.289855957,"p":68,"v":119}],"pos":7.5,"size":1.0,"_time":98.43359},{"$id":"292","sounds":[{"d":0.280799866,"p":80,"v":118}],"pos":9.0,"size":1.0,"_time":98.43359},{"$id":"293","sounds":[{"d":0.289848328,"p":73,"v":107}],"pos":8.125,"size":1.0,"_time":98.86719},{"$id":"294","sounds":[{"d":0.3351364,"p":78,"v":102}],"pos":1.5,"size":1.0,"_time":98.875},{"$id":"295","sounds":[{"d":0.226448059,"p":68,"v":104}],"pos":-1.5,"size":1.0,"_time":98.875},{"$id":"296","sounds":[{"d":0.298912048,"p":73,"v":114}],"pos":8.125,"size":1.0,"_time":99.51953},{"$id":"297","sounds":[{"d":0.253623962,"p":78,"v":117}],"pos":8.75,"size":1.0,"_time":99.73828},{"$id":"298","sounds":[{"d":0.135871887,"p":85,"v":127}],"pos":9.625,"size":1.0,"_time":99.953125},{"$id":"299","sounds":[{"d":0.2626648,"p":73,"v":96}],"pos":8.125,"size":1.0,"_time":100.117188},{"$id":"300","sounds":[{"d":0.3623047,"p":78,"v":111}],"pos":8.75,"size":1.0,"_time":100.152344},{"$id":"301","sounds":[{"d":0.298904419,"p":85,"v":121}],"pos":1.5,"size":1.0,"_time":100.1875},{"$id":"302","sounds":[{"d":0.443840027,"p":83,"v":117}],"pos":1.5,"size":1.0,"_time":100.605469},{"$id":"303","sounds":[{"d":0.08152008,"p":81,"v":120}],"pos":1.5,"size":1.0,"_time":101.039063},{"$id":"304","sounds":[{"d":0.199272156,"p":71,"v":95}],"pos":7.875,"size":1.0,"_time":101.464844},{"$id":"305","sounds":[{"d":0.244560242,"p":73,"v":91}],"pos":8.125,"size":1.0,"_time":101.476563},{"$id":"306","sounds":[{"d":0.208328247,"p":80,"v":102}],"pos":-1.5,"size":1.0,"_time":101.476563},{"$id":"307","sounds":[{"d":0.47101593,"p":73,"v":96}],"pos":-1.5,"size":1.0,"_time":101.910156},{"$id":"308","sounds":[{"d":0.461959839,"p":68,"v":102}],"pos":7.5,"size":1.0,"_time":101.910156},{"$id":"309","sounds":[{"d":0.217391968,"p":76,"v":111}],"pos":0.5,"size":1.0,"_time":102.34375},{"$id":"310","sounds":[{"d":0.271728516,"p":68,"v":95}],"pos":7.5,"size":1.0,"_time":102.707031},{"$id":"311","sounds":[{"d":0.5887604,"p":73,"v":94}],"pos":8.125,"size":1.0,"_time":102.742188},{"$id":"312","sounds":[{"d":0.905792236,"p":78,"v":110}],"pos":0.5,"size":1.0,"_time":102.789063},{"$id":"313","sounds":[{"d":0.3014679,"p":68,"v":92}],"pos":7.5,"size":1.0,"_time":104.039063},{"$id":"314","sounds":[{"d":0.381317139,"p":73,"v":104}],"pos":8.125,"size":1.0,"_time":104.070313},{"$id":"315","sounds":[{"d":0.3604126,"p":78,"v":111}],"pos":1.5,"size":1.0,"_time":104.117188},{"$id":"316","sounds":[{"d":0.434783936,"p":73,"v":120}],"pos":8.125,"size":1.0,"_time":104.730469},{"$id":"317","sounds":[{"d":0.262680054,"p":78,"v":126}],"pos":8.75,"size":1.0,"_time":104.949219},{"$id":"318","sounds":[{"d":0.126808167,"p":85,"v":124}],"pos":9.625,"size":1.0,"_time":105.164063},{"$id":"319","sounds":[{"d":0.353256226,"p":73,"v":73}],"pos":8.125,"size":1.0,"_time":105.347656},{"$id":"320","sounds":[{"d":0.489120483,"p":78,"v":105}],"pos":8.75,"size":1.0,"_time":105.382813},{"$id":"321","sounds":[{"d":0.353256226,"p":85,"v":115}],"pos":-1.5,"size":1.0,"_time":105.429688},{"$id":"322","sounds":[{"d":0.135871887,"p":75,"v":47}],"pos":8.375,"size":1.0,"_time":105.835938},{"$id":"323","sounds":[{"d":0.163047791,"p":83,"v":121}],"pos":-1.5,"size":1.0,"_time":105.84375},{"$id":"324","sounds":[{"d":0.135871887,"p":88,"v":127}],"pos":1.5,"size":1.0,"_time":106.28125},{"$id":"325","sounds":[{"d":0.271728516,"p":78,"v":94}],"pos":8.75,"size":1.0,"_time":106.679688},{"$id":"326","sounds":[{"d":0.280792236,"p":80,"v":104}],"pos":9.0,"size":1.0,"_time":106.695313},{"$id":"327","sounds":[{"d":0.181159973,"p":88,"v":120}],"pos":1.5,"size":1.0,"_time":106.722656},{"$id":"328","sounds":[{"d":0.199272156,"p":78,"v":111}],"pos":8.75,"size":1.0,"_time":107.140625},{"$id":"329","sounds":[{"d":0.09057617,"p":80,"v":77}],"pos":9.0,"size":1.0,"_time":107.140625},{"$id":"330","sounds":[{"d":0.253623962,"p":87,"v":119}],"pos":1.5,"size":1.0,"_time":107.148438},{"$id":"331","sounds":[{"d":0.08152008,"p":78,"v":96}],"pos":8.75,"size":1.0,"_time":107.574219},{"$id":"332","sounds":[{"d":0.163040161,"p":86,"v":108}],"pos":-0.5,"size":1.0,"_time":107.585938},{"$id":"333","sounds":[{"d":0.144927979,"p":80,"v":109}],"pos":9.0,"size":1.0,"_time":107.585938},{"$id":"334","sounds":[{"d":0.548812866,"p":78,"v":103}],"pos":8.75,"size":1.0,"_time":107.964844},{"$id":"335","sounds":[{"d":0.5780487,"p":80,"v":109}],"pos":9.0,"size":1.0,"_time":107.984375},{"$id":"336","sounds":[{"d":0.5319443,"p":85,"v":117}],"pos":-0.5,"size":1.0,"_time":108.011719},{"$id":"337","sounds":[{"d":0.25,"p":74,"v":110}],"pos":8.25,"size":1.0,"_time":108.914063},{"$id":"338","sounds":[{"d":0.259613037,"p":76,"v":109}],"pos":8.5,"size":1.0,"_time":109.144531},{"$id":"339","sounds":[{"d":0.2614212,"p":74,"v":102}],"pos":8.25,"size":1.0,"_time":109.363281},{"$id":"340","sounds":[{"d":0.225189209,"p":78,"v":108}],"pos":1.5,"size":1.0,"_time":109.363281},{"$id":"341","sounds":[{"d":0.206520081,"p":69,"v":96}],"pos":-1.0,"size":1.0,"_time":109.375},{"$id":"342","sounds":[{"d":0.335144043,"p":74,"v":107}],"pos":8.25,"size":1.0,"_time":110.25},{"$id":"343","sounds":[{"d":0.271736145,"p":66,"v":103}],"pos":7.25,"size":1.0,"_time":110.25},{"$id":"344","sounds":[{"d":0.271736145,"p":73,"v":106}],"pos":8.125,"size":1.0,"_time":110.46875},{"$id":"345","sounds":[{"d":0.3985443,"p":71,"v":94}],"pos":1.0,"size":1.0,"_time":110.683594},{"$id":"346","sounds":[{"d":0.344200134,"p":68,"v":80}],"pos":7.5,"size":1.0,"_time":110.683594},{"$id":"347","sounds":[{"d":0.30796814,"p":64,"v":104}],"pos":-1.5,"size":1.0,"_time":110.683594},{"$id":"348","sounds":[{"d":0.47101593,"p":73,"v":113}],"pos":8.125,"size":1.0,"_time":111.335938},{"$id":"349","sounds":[{"d":0.253616333,"p":74,"v":108}],"pos":8.25,"size":1.0,"_time":111.773438},{"$id":"350","sounds":[{"d":0.362312317,"p":68,"v":105}],"pos":7.5,"size":1.0,"_time":111.980469},{"$id":"351","sounds":[{"d":0.289848328,"p":64,"v":93}],"pos":-1.0,"size":1.0,"_time":111.980469},{"$id":"352","sounds":[{"d":0.199272156,"p":76,"v":101}],"pos":1.5,"size":1.0,"_time":111.988281},{"$id":"353","sounds":[{"d":0.09963989,"p":73,"v":113}],"pos":8.125,"size":1.0,"_time":112.425781},{"$id":"354","sounds":[{"d":0.07246399,"p":71,"v":106}],"pos":7.875,"size":1.0,"_time":112.859375},{"$id":"355","sounds":[{"d":0.3170166,"p":64,"v":99}],"pos":7.0,"size":1.0,"_time":113.292969},{"$id":"356","sounds":[{"d":0.3441925,"p":66,"v":105}],"pos":7.25,"size":1.0,"_time":113.292969},{"$id":"357","sounds":[{"d":0.22644043,"p":61,"v":105}],"pos":-1.5,"size":1.0,"_time":113.292969},{"$id":"358","sounds":[{"d":0.3079605,"p":69,"v":102}],"pos":1.0,"size":1.0,"_time":113.292969},{"$id":"359","sounds":[{"d":0.181159973,"p":69,"v":79}],"pos":7.625,"size":1.0,"_time":113.945313},{"$id":"360","sounds":[{"d":0.172103882,"p":64,"v":99}],"pos":7.0,"size":1.0,"_time":113.945313},{"$id":"361","sounds":[{"d":0.271736145,"p":64,"v":99}],"pos":7.0,"size":1.0,"_time":114.164063},{"$id":"362","sounds":[{"d":0.23550415,"p":69,"v":107}],"pos":7.625,"size":1.0,"_time":114.164063},{"$id":"363","sounds":[{"d":0.210456848,"p":68,"v":107}],"pos":7.5,"size":1.0,"_time":114.382813},{"$id":"364","sounds":[{"d":0.4567566,"p":66,"v":110}],"pos":1.5,"size":1.0,"_time":114.601563},{"$id":"365","sounds":[{"d":0.284660339,"p":62,"v":98}],"pos":6.75,"size":1.0,"_time":114.601563},{"$id":"366","sounds":[{"d":0.353256226,"p":64,"v":97}],"pos":7.0,"size":1.0,"_time":115.039063},{"$id":"367","sounds":[{"d":0.326080322,"p":68,"v":106}],"pos":1.5,"size":1.0,"_time":115.039063},{"$id":"368","sounds":[{"d":0.09057617,"p":69,"v":104}],"pos":1.5,"size":1.0,"_time":115.472656},{"$id":"369","sounds":[{"d":0.07246399,"p":66,"v":94}],"pos":7.25,"size":1.0,"_time":115.472656},{"$id":"370","sounds":[{"d":0.0362319946,"p":62,"v":93}],"pos":6.75,"size":1.0,"_time":115.472656},{"$id":"371","sounds":[{"d":0.144920349,"p":69,"v":110}],"pos":0.5,"size":1.0,"_time":115.910156},{"$id":"372","sounds":[{"d":0.126808167,"p":66,"v":108}],"pos":7.25,"size":1.0,"_time":115.910156},{"$id":"373","sounds":[{"d":0.08152008,"p":62,"v":103}],"pos":6.75,"size":1.0,"_time":115.910156},{"$id":"374","sounds":[{"d":0.117752075,"p":71,"v":116}],"pos":0.5,"size":1.0,"_time":116.34375},{"$id":"375","sounds":[{"d":0.1303482,"p":73,"v":119}],"pos":0.5,"size":1.0,"_time":116.78125},{"$id":"376","sounds":[{"d":0.187438965,"p":74,"v":110}],"pos":-0.5,"size":1.0,"_time":117.222656},{"$id":"377","sounds":[{"d":0.177970886,"p":68,"v":103}],"pos":7.5,"size":1.0,"_time":117.230469},{"$id":"378","sounds":[{"d":0.150398254,"p":65,"v":102}],"pos":7.125,"size":1.0,"_time":117.230469},{"$id":"379","sounds":[{"d":0.09963226,"p":76,"v":111}],"pos":-0.5,"size":1.0,"_time":117.675781},{"$id":"380","sounds":[{"d":0.08152008,"p":68,"v":109}],"pos":7.5,"size":1.0,"_time":117.675781},{"$id":"381","sounds":[{"d":0.07246399,"p":65,"v":103}],"pos":7.125,"size":1.0,"_time":117.675781},{"$id":"382","sounds":[{"d":0.4257126,"p":74,"v":107}],"pos":-0.5,"size":1.0,"_time":118.089844},{"$id":"383","sounds":[{"d":0.4076004,"p":68,"v":106}],"pos":7.5,"size":1.0,"_time":118.089844},{"$id":"384","sounds":[{"d":0.0362319946,"p":65,"v":64}],"pos":7.125,"size":1.0,"_time":118.109375},{"$id":"385","sounds":[{"d":0.371376038,"p":73,"v":116}],"pos":-1.5,"size":1.0,"_time":118.527344},{"$id":"386","sounds":[{"d":0.226448059,"p":65,"v":104}],"pos":7.125,"size":1.0,"_time":118.527344},{"$id":"387","sounds":[{"d":0.07246399,"p":68,"v":107}],"pos":7.5,"size":1.0,"_time":119.414063},{"$id":"388","sounds":[{"d":0.07246399,"p":80,"v":100}],"pos":9.0,"size":1.0,"_time":119.414063},{"$id":"389","sounds":[{"d":0.23550415,"p":81,"v":106}],"pos":1.5,"size":1.0,"_time":119.832031},{"$id":"390","sounds":[{"d":0.226448059,"p":69,"v":113}],"pos":-1.5,"size":1.0,"_time":119.839844},{"$id":"391","sounds":[{"d":0.07246399,"p":68,"v":122}],"pos":7.5,"size":1.0,"_time":121.578125},{"$id":"392","sounds":[{"d":0.07246399,"p":80,"v":117}],"pos":-1.5,"size":1.0,"_time":121.578125},{"$id":"393","sounds":[{"d":0.06340027,"p":69,"v":120}],"pos":7.625,"size":1.0,"_time":122.011719},{"$id":"394","sounds":[{"d":0.0543441772,"p":81,"v":115}],"pos":-1.5,"size":1.0,"_time":122.011719},{"$id":"395","sounds":[{"d":0.208320618,"p":88,"v":113}],"pos":0.5,"size":1.0,"_time":122.457031},{"$id":"396","sounds":[{"d":0.208320618,"p":76,"v":108}],"pos":8.5,"size":1.0,"_time":122.457031},{"$id":"397","sounds":[{"d":0.09057617,"p":92,"v":110}],"pos":1.5,"size":1.0,"_time":124.195313},{"$id":"398","sounds":[{"d":0.08152008,"p":80,"v":109}],"pos":9.0,"size":1.0,"_time":124.195313},{"$id":"399","sounds":[{"d":0.06340027,"p":81,"v":122}],"pos":9.125,"size":1.0,"_time":124.621094},{"$id":"400","sounds":[{"d":0.0543441772,"p":93,"v":123}],"pos":1.5,"size":1.0,"_time":124.621094},{"$id":"401","sounds":[{"d":0.15397644,"p":85,"v":113}],"pos":-0.5,"size":1.0,"_time":125.066406},{"$id":"402","sounds":[{"d":0.15397644,"p":73,"v":120}],"pos":8.125,"size":1.0,"_time":125.066406},{"$id":"403","sounds":[{"d":0.0634079,"p":83,"v":114}],"pos":9.375,"size":1.0,"_time":125.917969},{"$id":"404","sounds":[{"d":0.0634079,"p":71,"v":118}],"pos":7.875,"size":1.0,"_time":125.917969},{"$id":"405","sounds":[{"d":0.199264526,"p":73,"v":118}],"pos":-1.0,"size":1.0,"_time":126.371094},{"$id":"406","sounds":[{"d":0.199264526,"p":85,"v":114}],"pos":1.5,"size":1.0,"_time":126.371094},{"$id":"407","sounds":[{"d":0.07246399,"p":86,"v":113}],"pos":9.75,"size":1.0,"_time":127.238281},{"$id":"408","sounds":[{"d":0.0634079,"p":74,"v":122}],"pos":8.25,"size":1.0,"_time":127.238281},{"$id":"409","sounds":[{"d":0.271736145,"p":73,"v":106}],"pos":-1.5,"size":1.0,"_time":127.664063},{"$id":"410","sounds":[{"d":0.326080322,"p":85,"v":110}],"pos":1.0,"size":1.0,"_time":127.675781},{"$id":"411","pos":3.5,"size":1.0,"_time":129.414063},{"$id":"412","pos":3.5,"size":1.0,"_time":129.847656},{"$id":"413","sounds":[{"d":0.144927979,"p":64,"v":113}],"pos":-0.5,"size":1.0,"_time":129.847656},{"$id":"414","sounds":[{"d":0.172103882,"p":66,"v":97}],"pos":0.5,"size":1.0,"_time":129.949219},{"$id":"415","sounds":[{"d":0.172103882,"p":71,"v":96}],"pos":1.07853389,"size":1.0,"_time":130.074219},{"$id":"416","sounds":[{"d":0.09057617,"p":73,"v":113}],"pos":1.36649251,"size":1.0,"_time":130.175781},{"$id":"417","pos":3.5,"size":1.0,"_time":130.285156},{"$id":"418","sounds":[{"d":0.163070679,"p":64,"v":121}],"pos":7.0,"size":1.0,"_time":130.285156},{"$id":"419","sounds":[{"d":0.1993103,"p":73,"v":121}],"pos":1.5,"size":1.0,"_time":130.285156},{"$id":"420","sounds":[{"d":0.181182861,"p":66,"v":107}],"pos":7.25,"size":1.0,"_time":130.292969},{"$id":"421","sounds":[{"d":0.217391968,"p":73,"v":120}],"pos":8.125,"size":1.0,"_time":130.9336},{"$id":"422","sounds":[{"d":0.190216064,"p":78,"v":110}],"pos":8.75,"size":1.0,"_time":131.152344},{"$id":"423","sounds":[{"d":0.09059143,"p":85,"v":109}],"pos":9.625,"size":1.0,"_time":131.335938},{"$id":"424","sounds":[{"d":0.244552612,"p":85,"v":119}],"pos":-1.5,"size":1.0,"_time":131.578125},{"$id":"425","sounds":[{"d":0.235488892,"p":78,"v":112}],"pos":8.75,"size":1.0,"_time":131.578125},{"$id":"426","sounds":[{"d":0.235488892,"p":73,"v":115}],"pos":8.125,"size":1.0,"_time":131.578125},{"$id":"427","pos":3.5,"size":1.0,"_time":132.023438},{"$id":"428","sounds":[{"d":0.16305542,"p":83,"v":105}],"pos":-1.5,"size":1.0,"_time":132.023438},{"$id":"429","sounds":[{"d":0.08152771,"p":73,"v":106}],"pos":8.125,"size":1.0,"_time":132.023438},{"$id":"430","pos":3.5,"size":1.0,"_time":132.457031},{"$id":"431","sounds":[{"d":0.144927979,"p":86,"v":119}],"pos":1.5,"size":1.0,"_time":132.457031},{"$id":"432","sounds":[{"d":0.280822754,"p":76,"v":85}],"pos":8.5,"size":1.0,"_time":132.828125},{"$id":"433","sounds":[{"d":0.253646851,"p":78,"v":94}],"pos":8.75,"size":1.0,"_time":132.855469},{"$id":"434","sounds":[{"d":0.2626953,"p":81,"v":91}],"pos":9.125,"size":1.0,"_time":132.882813},{"$id":"435","pos":3.5,"size":1.0,"_time":132.890625},{"$id":"436","sounds":[{"d":0.2626953,"p":85,"v":113}],"pos":1.5,"size":1.0,"_time":132.890625},{"$id":"437","sounds":[{"d":0.108688354,"p":76,"v":82}],"pos":8.5,"size":1.0,"_time":133.542969},{"$id":"438","sounds":[{"d":0.163040161,"p":78,"v":106}],"pos":8.75,"size":1.0,"_time":133.761719},{"$id":"439","sounds":[{"d":0.0452880859,"p":85,"v":98}],"pos":9.625,"size":1.0,"_time":133.980469},{"$id":"440","sounds":[{"d":0.289855957,"p":83,"v":96}],"pos":9.375,"size":1.0,"_time":134.195313},{"$id":"441","sounds":[{"d":0.271743774,"p":92,"v":111}],"pos":1.5,"size":1.0,"_time":134.195313},{"$id":"442","pos":3.5,"size":1.0,"_time":134.632813},{"$id":"443","sounds":[{"d":0.0452880859,"p":85,"v":107}],"pos":9.625,"size":1.0,"_time":134.632813},{"$id":"444","sounds":[{"d":0.0362243652,"p":93,"v":93}],"pos":1.5,"size":1.0,"_time":134.632813},{"$id":"445","sounds":[{"d":0.0543518066,"p":85,"v":99}],"pos":-1.5,"size":1.0,"_time":135.0664},{"$id":"446","pos":3.5,"size":1.0,"_time":135.5},{"$id":"447","sounds":[{"d":0.217391968,"p":78,"v":97}],"pos":8.75,"size":1.0,"_time":135.5},{"$id":"448","sounds":[{"d":0.217391968,"p":83,"v":115}],"pos":-1.5,"size":1.0,"_time":135.5},{"$id":"449","sounds":[{"d":0.1811676,"p":76,"v":72}],"pos":8.5,"size":1.0,"_time":135.5},{"$id":"450","pos":3.5,"size":1.0,"_time":136.804688},{"$id":"451","sounds":[{"d":0.23550415,"p":73,"v":111}],"pos":8.125,"size":1.0,"_time":137.457031},{"$id":"452","sounds":[{"d":0.190216064,"p":78,"v":96}],"pos":8.75,"size":1.0,"_time":137.675781},{"$id":"453","sounds":[{"d":0.0543518066,"p":85,"v":93}],"pos":9.625,"size":1.0,"_time":137.890625},{"$id":"454","pos":3.5,"size":1.0,"_time":138.109375},{"$id":"455","sounds":[{"d":0.335174561,"p":78,"v":106}],"pos":8.75,"size":1.0,"_time":138.109375},{"$id":"456","sounds":[{"d":0.353286743,"p":80,"v":112}],"pos":9.0,"size":1.0,"_time":138.109375},{"$id":"457","sounds":[{"d":0.190246582,"p":73,"v":92}],"pos":-1.5,"size":1.0,"_time":138.109375},{"$id":"458","sounds":[{"d":0.262710571,"p":85,"v":112}],"pos":0.5,"size":1.0,"_time":138.109375},{"$id":"459","pos":3.5,"size":1.0,"_time":138.761719},{"$id":"460","sounds":[{"d":0.3441925,"p":80,"v":102}],"pos":-1.0,"size":1.0,"_time":138.761719},{"$id":"461","sounds":[{"d":0.253616333,"p":86,"v":124}],"pos":1.5,"size":1.0,"_time":138.761719},{"$id":"462","sounds":[{"d":0.181152344,"p":77,"v":98}],"pos":8.625,"size":1.0,"_time":138.761719},{"$id":"463","pos":3.5,"size":1.0,"_time":139.414063},{"$id":"464","sounds":[{"d":0.461959839,"p":80,"v":100}],"pos":9.0,"size":1.0,"_time":139.414063},{"$id":"465","sounds":[{"d":0.371383667,"p":77,"v":108}],"pos":-1.5,"size":1.0,"_time":139.414063},{"$id":"466","sounds":[{"d":0.344207764,"p":83,"v":114}],"pos":1.0,"size":1.0,"_time":139.414063},{"$id":"467","sounds":[{"d":0.34928894,"p":85,"v":114},{"d":0.4792633,"p":80,"v":100}],"pos":1.5,"size":1.30000007,"_time":140.0625},{"$id":"468","sounds":[{"d":0.302642822,"p":73,"v":102},{"d":0.37727356,"p":77,"v":108}],"pos":-0.5,"size":1.30000007,"_time":140.0625},{"$id":"469","pos":7.625,"size":1.0,"_time":140.617188},{"$id":"470","pos":8.125,"size":1.0,"_time":140.65625},{"$id":"471","pos":5.25,"size":1.0,"_time":140.71875},{"$id":"472","pos":8.75,"size":1.0,"_time":140.75},{"$id":"473","pos":6.125,"size":1.0,"_time":141.210938},{"$id":"474","pos":8.125,"size":1.0,"_time":141.4336},{"$id":"475","pos":8.75,"size":1.0,"_time":141.660156},{"$id":"476","pos":9.625,"size":1.0,"_time":141.882813},{"$id":"477","pos":8.75,"size":1.0,"_time":142.089844},{"$id":"478","pos":0.5,"size":1.0,"_time":142.105469},{"$id":"479","pos":5.5,"size":1.0,"_time":142.105469},{"$id":"480","pos":-0.5,"size":1.0,"_time":142.5586},{"$id":"481","pos":-0.5,"size":1.0,"_time":143.015625},{"$id":"482","pos":7.875,"size":1.0,"_time":143.363281},{"$id":"483","pos":7.5,"size":1.0,"_time":143.410156},{"$id":"484","pos":1.5,"size":1.0,"_time":143.449219},{"$id":"485","pos":5.75,"size":1.0,"_time":143.457031},{"$id":"486","pos":7.0,"size":1.0,"_time":143.488281},{"$id":"487","pos":8.125,"size":1.0,"_time":143.921875},{"$id":"488","pos":8.5,"size":1.0,"_time":144.3789},{"$id":"489","pos":-1.5,"size":1.0,"_time":144.832031},{"$id":"490","pos":7.625,"size":1.0,"_time":146.167969},{"$id":"491","pos":8.125,"size":1.0,"_time":146.207031},{"$id":"492","pos":5.25,"size":1.0,"_time":146.25},{"$id":"493","pos":1.5,"size":1.0,"_time":146.269531},{"$id":"494","pos":8.125,"size":1.0,"_time":146.9336},{"$id":"495","pos":8.75,"size":1.0,"_time":147.160156},{"$id":"496","pos":9.625,"size":1.0,"_time":147.386719},{"$id":"497","pos":0.5,"size":1.0,"_time":147.617188},{"$id":"498","pos":8.5,"size":1.0,"_time":147.617188},{"$id":"499","pos":5.5,"size":1.0,"_time":147.617188},{"$id":"500","pos":-0.5,"size":1.0,"_time":148.070313},{"$id":"501","pos":-0.5,"size":1.0,"_time":148.523438},{"$id":"502","pos":7.875,"size":1.0,"_time":148.855469},{"$id":"503","pos":8.125,"size":1.0,"_time":148.894531},{"$id":"504","pos":5.75,"size":1.0,"_time":148.9414},{"$id":"505","pos":7.25,"size":1.0,"_time":148.949219},{"$id":"506","pos":1.5,"size":1.0,"_time":148.960938},{"$id":"507","pos":6.625,"size":1.0,"_time":148.96875},{"$id":"508","pos":6.625,"size":1.0,"_time":149.886719},{"$id":"509","pos":7.875,"size":1.0,"_time":150.34375},{"$id":"510","pos":-1.5,"size":1.0,"_time":150.34375},{"$id":"511","pos":0.5,"size":1.0,"_time":151.59375},{"$id":"512","pos":1.0,"size":1.0,"_time":151.640625},{"$id":"513","pos":1.5,"size":1.0,"_time":151.6875},{"$id":"514","pos":-1.5,"size":1.0,"_time":151.707031},{"$id":"515","pos":4.625,"size":1.0,"_time":152.160156},{"$id":"516","pos":7.5,"size":1.0,"_time":152.386719},{"$id":"517","pos":6.375,"size":1.0,"_time":152.386719},{"$id":"518","pos":5.5,"size":1.0,"_time":152.617188},{"$id":"519","pos":6.625,"size":1.0,"_time":152.617188},{"$id":"520","pos":6.375,"size":1.0,"_time":153.070313},{"$id":"521","pos":4.0,"size":1.0,"_time":153.070313},{"$id":"522","pos":-1.0,"size":1.0,"_time":153.070313,"shift":0.0390625},{"$id":"523","pos":4.875,"size":1.0,"_time":153.523438},{"$id":"524","pos":1.0,"size":1.0,"_time":153.523438,"shift":0.0390625},{"$id":"525","pos":5.5,"size":1.0,"_time":153.980469},{"$id":"526","pos":-1.0,"size":1.0,"_time":153.980469,"shift":0.0390625},{"$id":"527","pos":6.625,"size":1.0,"_time":154.367188},{"$id":"528","pos":6.125,"size":1.0,"_time":154.4336},{"$id":"529","pos":4.25,"size":1.0,"_time":154.4336},{"$id":"530","pos":1.0,"size":1.0,"_time":154.4336,"shift":0.0390625},{"$id":"531","pos":6.625,"size":1.0,"_time":154.492188},{"$id":"532","pos":5.125,"size":1.0,"_time":154.886719},{"$id":"533","pos":5.75,"size":1.0,"_time":155.34375},{"$id":"534","pos":4.0,"size":1.0,"_time":155.796875},{"$id":"535","pos":6.375,"size":1.0,"_time":156.2539},{"$id":"536","pos":4.875,"size":1.0,"_time":156.2539},{"$id":"537","pos":-0.5,"size":1.0,"_time":156.2539,"shift":0.0390625},{"$id":"538","pos":5.5,"size":1.0,"_time":156.707031},{"$id":"539","pos":6.625,"size":1.0,"_time":156.707031},{"$id":"540","pos":-0.5,"size":1.0,"_time":156.707031,"shift":0.0390625},{"$id":"541","pos":7.25,"size":1.0,"_time":157.019531},{"$id":"542","pos":7.5,"size":1.0,"_time":157.085938},{"$id":"543","pos":3.75,"size":1.0,"_time":157.160156},{"$id":"544","pos":1.5,"size":1.0,"_time":157.171875,"shift":0.0390625},{"$id":"545","pos":4.625,"size":1.0,"_time":157.617188},{"$id":"546","pos":5.25,"size":1.0,"_time":158.070313},{"$id":"547","pos":4.0,"size":1.0,"_time":158.523438},{"$id":"548","pos":4.875,"size":1.0,"_time":158.980469},{"$id":"549","pos":7.0,"size":1.0,"_time":159.0},{"$id":"550","pos":-1.5,"size":1.0,"_time":158.980469,"shift":0.0390625},{"$id":"551","pos":5.5,"size":1.0,"_time":159.4336},{"$id":"552","pos":-1.5,"size":1.0,"_time":159.414063,"shift":0.0390625},{"$id":"553","pos":7.0,"size":1.0,"_time":159.738281},{"$id":"554","pos":7.625,"size":1.0,"_time":159.820313},{"$id":"555","pos":4.25,"size":1.0,"_time":159.886719},{"$id":"556","pos":0.5,"size":1.0,"_time":159.886719,"shift":0.0390625},{"$id":"557","pos":5.125,"size":1.0,"_time":160.34375},{"$id":"558","pos":5.75,"size":1.0,"_time":160.796875},{"$id":"559","pos":6.125,"size":1.0,"_time":161.2539},{"$id":"560","pos":8.125,"size":1.0,"_time":162.207031},{"$id":"561","pos":8.75,"size":1.0,"_time":162.4375},{"$id":"562","pos":1.5,"size":1.0,"_time":162.699219,"shift":0.0390625},{"$id":"563","pos":1.5,"size":1.0,"_time":163.089844,"shift":0.0390625},{"$id":"564","pos":0.5,"size":1.0,"_time":163.515625,"shift":0.0390625},{"$id":"565","pos":0.5,"size":1.0,"_time":163.894531,"shift":0.0390625},{"$id":"566","pos":-0.5,"size":1.0,"_time":164.347656,"shift":0.0390625},{"$id":"567","pos":-0.5,"size":1.0,"_time":164.832031,"shift":0.0390625},{"$id":"568","pos":5.25,"size":1.0,"_time":165.398438},{"$id":"569","pos":6.125,"size":1.0,"_time":165.464844},{"$id":"570","pos":-1.5,"size":1.0,"_time":165.429688,"shift":0.0390625},{"$id":"571","pos":-1.0,"size":1.0,"_time":165.484375,"shift":0.0390625},{"$id":"572","pos":-0.5,"size":1.0,"_time":165.609375,"shift":0.0390625},{"$id":"573","pos":1.5,"size":1.0,"_time":167.40625,"shift":0.0390625},{"$id":"574","pos":4.0,"size":1.0,"_time":167.929688},{"$id":"575","pos":-1.5,"size":1.0,"_time":167.976563,"shift":0.0390625},{"$id":"576","pos":4.875,"size":1.0,"_time":168.03125},{"$id":"577","pos":5.5,"size":1.0,"_time":168.0625},{"$id":"578","pos":-1.0,"size":1.0,"_time":168.050781,"shift":0.0390625},{"$id":"579","pos":-0.5,"size":1.0,"_time":168.136719,"shift":0.0390625},{"$id":"580","pos":0.5,"size":1.0,"_time":169.839844,"shift":0.0390625},{"$id":"581","pos":4.25,"size":1.0,"_time":171.007813},{"$id":"582","pos":5.125,"size":1.0,"_time":171.082031},{"$id":"583","pos":-1.63089,"size":1.0,"_time":171.15625,"shift":0.0390625},{"$id":"584","pos":-1.0,"size":1.0,"_time":171.222656,"shift":0.0390625},{"$id":"585","pos":-0.5,"size":1.0,"_time":171.289063,"shift":0.0390625},{"$id":"586","pos":-0.235602468,"size":1.0,"_time":171.355469,"shift":0.0390625},{"$id":"587","pos":3.0,"size":1.0,"_time":173.710938},{"$id":"588","pos":0.5,"size":1.0,"_time":173.71875,"shift":0.0390625},{"$id":"589","pos":0.790575147,"size":1.0,"_time":173.800781,"shift":0.0390625},{"$id":"590","pos":1.23560143,"size":1.0,"_time":173.882813,"shift":0.0390625},{"$id":"591","pos":1.79057622,"size":1.0,"_time":173.9375,"shift":0.0390625}],"links":[{"notes":[{"$ref":"413"},{"$ref":"414"},{"$ref":"415"},{"$ref":"416"},{"$ref":"419"}]},{"notes":[{"$ref":"570"},{"$ref":"571"},{"$ref":"572"}]},{"notes":[{"$ref":"575"},{"$ref":"578"},{"$ref":"579"}]},{"notes":[{"$ref":"583"},{"$ref":"584"},{"$ref":"585"},{"$ref":"586"}]},{"notes":[{"$ref":"588"},{"$ref":"589"},{"$ref":"590"},{"$ref":"591"}]},{"notes":[{"$ref":"511"},{"$ref":"512"},{"$ref":"513"}]}]}