{"speed":10.0,"notes":[{"$id":"1","sounds":[{"d":1.83206022,"p":43,"v":76},{"d":1.6030525,"p":55,"v":53},{"d":1.6030525,"p":59,"v":53}],"pos":-1.5,"size":1.30000007,"_time":1.83203125},{"$id":"2","sounds":[{"d":1.6030525,"p":66,"v":76}],"pos":1.5,"size":1.0,"_time":1.83203125},{"$id":"3","sounds":[{"d":0.11450386,"p":64,"v":76}],"pos":1.0,"size":1.0,"_time":3.43359375},{"$id":"4","sounds":[{"d":0.11450386,"p":62,"v":76}],"size":1.0,"_time":3.55078125},{"$id":"5","sounds":[{"d":1.83206034,"p":42,"v":76}],"pos":3.5,"size":1.30000007,"_time":3.6640625},{"$id":"6","sounds":[{"d":0.6870227,"p":61,"v":76}],"pos":-1.0,"size":1.0,"_time":3.6640625},{"$id":"7","sounds":[{"d":0.91602993,"p":57,"v":76}],"pos":-1.5,"size":1.0,"_time":4.3515625},{"$id":"8","sounds":[{"d":0.11450386,"p":54,"v":76}],"pos":-1.0,"size":1.0,"_time":5.265625},{"$id":"9","sounds":[{"d":0.11450386,"p":55,"v":76}],"size":1.0,"_time":5.3828125},{"$id":"10","sounds":[{"d":0.6870227,"p":57,"v":76}],"pos":1.0,"size":1.0,"_time":5.49609375},{"$id":"11","sounds":[{"d":1.83205986,"p":41,"v":76}],"pos":3.5,"size":1.30000007,"_time":5.49609375},{"$id":"12","sounds":[{"d":0.229007721,"p":62,"v":76}],"pos":-1.5,"size":1.0,"_time":6.18359375},{"$id":"13","sounds":[{"d":0.0524806976,"p":68,"v":76},{"w":0.046875,"d":0.5248084,"p":69,"v":76}],"pos":1.5,"size":1.0,"_time":6.4140625},{"$id":"14","sounds":[{"d":0.3435111,"p":67,"v":76}],"pos":1.0,"size":1.0,"_time":6.984375},{"$id":"15","sounds":[{"d":0.6870222,"p":66,"v":76},{"w":0.00390625,"d":0.6870227,"p":59,"v":50}],"pos":-1.0,"size":1.0,"_time":7.328125},{"$id":"16","sounds":[{"d":1.25954151,"p":40,"v":76}],"pos":3.5,"size":1.30000007,"_time":7.328125},{"$id":"17","sounds":[{"d":0.5725193,"p":62,"v":76}],"size":1.0,"_time":8.015625},{"$id":"18","sounds":[{"d":0.5772896,"p":58,"v":50},{"w":0.00390625,"d":0.572518349,"p":46,"v":76}],"pos":-1.0,"size":1.30000007,"_time":8.582031},{"$id":"19","sounds":[{"d":0.572518349,"p":64,"v":76}],"pos":1.0,"size":1.0,"_time":8.5859375},{"$id":"20","sounds":[{"d":0.6870222,"p":66,"v":76}],"pos":1.5,"size":1.0,"_time":9.160156},{"$id":"21","sounds":[{"d":0.9112587,"p":57,"v":50},{"d":1.83206081,"p":47,"v":76}],"pos":-1.5,"size":1.30000007,"_time":9.160156},{"$id":"22","sounds":[{"d":0.11450386,"p":66,"v":76}],"pos":1.0,"size":1.0,"_time":9.847656},{"$id":"23","sounds":[{"d":0.11450386,"p":66,"v":76}],"size":1.0,"_time":9.9609375},{"$id":"24","sounds":[{"d":0.343511581,"p":66,"v":76}],"pos":1.0,"size":1.0,"_time":10.078125},{"$id":"25","sounds":[{"d":0.343511581,"p":67,"v":76}],"pos":-1.5,"size":1.0,"_time":10.4179688},{"$id":"26","sounds":[{"d":0.229007721,"p":69,"v":76}],"pos":-0.5,"size":1.0,"_time":10.7617188},{"$id":"27","sounds":[{"d":0.05725193,"p":70,"v":76},{"w":0.046875,"d":0.419846535,"p":71,"v":76}],"pos":1.5,"size":1.0,"_time":10.9921875},{"$id":"28","sounds":[{"d":0.91602993,"p":48,"v":76},{"w":0.00390625,"d":0.9112587,"p":55,"v":50}],"pos":4.0,"size":1.30000007,"_time":10.9921875},{"$id":"29","sounds":[{"d":0.4580145,"p":69,"v":76}],"pos":0.5,"size":1.0,"_time":11.4492188},{"$id":"30","sounds":[{"d":0.911259651,"p":60,"v":50},{"w":0.0078125,"d":0.91602993,"p":50,"v":76}],"pos":4.0,"size":1.30000007,"_time":11.9023438},{"$id":"31","sounds":[{"d":0.458015442,"p":66,"v":76}],"pos":-1.5,"size":1.0,"_time":11.9101563},{"$id":"32","sounds":[{"d":0.4580145,"p":69,"v":76}],"pos":0.5,"size":1.0,"_time":12.3671875},{"$id":"33","sounds":[{"d":0.343511581,"p":69,"v":76}],"pos":0.5,"size":1.0,"_time":12.8242188},{"$id":"34","sounds":[{"d":1.83205986,"p":40,"v":76},{"w":0.00390625,"d":0.687023163,"p":59,"v":50}],"pos":5.0,"size":1.30000007,"_time":12.8242188},{"$id":"35","sounds":[{"d":0.343511581,"p":67,"v":76}],"pos":-0.5,"size":1.0,"_time":13.1679688},{"$id":"36","sounds":[{"d":0.6870222,"p":62,"v":76}],"pos":-1.5,"size":1.0,"_time":13.5117188},{"$id":"37","sounds":[{"d":0.4580145,"p":58,"v":50}],"pos":-1.0,"size":1.0,"_time":14.1875},{"$id":"38","sounds":[{"d":0.4580145,"p":64,"v":76}],"pos":1.0,"size":1.0,"_time":14.1992188},{"$id":"39","sounds":[{"d":0.91602993,"p":59,"v":50},{"d":0.91602993,"p":55,"v":50},{"d":1.83205986,"p":45,"v":76}],"pos":-1.5,"size":1.30000007,"_time":14.65625},{"$id":"40","sounds":[{"d":0.91602993,"p":67,"v":76}],"pos":1.5,"size":1.0,"_time":14.65625},{"$id":"41","sounds":[{"d":0.91602993,"p":66,"v":76}],"pos":1.0,"size":1.0,"_time":15.5742188},{"$id":"42","sounds":[{"d":0.91602993,"p":58,"v":50},{"d":0.91602993,"p":62,"v":49}],"pos":-1.0,"size":1.30000007,"_time":15.5742188},{"$id":"43","sounds":[{"d":1.83205986,"p":66,"v":76}],"pos":1.5,"size":1.0,"_time":16.4882813},{"$id":"44","sounds":[{"d":1.83205986,"p":61,"v":76},{"d":1.83205986,"p":57,"v":76},{"d":1.83205986,"p":38,"v":76}],"pos":-1.5,"size":1.30000007,"_time":16.4882813},{"$id":"45","sounds":[{"d":0.687023163,"p":66,"v":76}],"pos":1.5,"size":1.0,"_time":18.3203125},{"$id":"46","sounds":[{"d":1.83206177,"p":43,"v":76},{"d":1.83206177,"p":55,"v":76},{"d":1.83206177,"p":59,"v":76}],"pos":-1.5,"size":1.30000007,"_time":18.3203125},{"$id":"47","sounds":[{"d":0.687023163,"p":64,"v":76}],"pos":0.5,"size":1.0,"_time":19.0078125},{"$id":"48","sounds":[{"d":0.458015442,"p":62,"v":76}],"pos":-0.5,"size":1.0,"_time":19.6953125},{"$id":"49","sounds":[{"d":1.37404442,"p":66,"v":76}],"pos":1.5,"size":1.0,"_time":20.1523438},{"$id":"50","sounds":[{"d":1.37404442,"p":61,"v":76},{"d":1.37404442,"p":57,"v":76},{"d":1.37404442,"p":38,"v":76}],"pos":-1.5,"size":1.30000007,"_time":20.1523438},{"$id":"51","sounds":[{"d":2.2900753,"p":45,"v":76},{"d":2.2900753,"p":59,"v":76},{"d":2.2900753,"p":55,"v":76}],"pos":-1.0,"size":1.30000007,"_time":21.5273438},{"$id":"52","sounds":[{"d":2.2900753,"p":62,"v":76}],"pos":1.0,"size":1.0,"_time":21.5273438},{"$id":"53","sounds":[{"d":0.11450386,"p":71,"v":91}],"pos":-1.5,"size":1.0,"_time":23.359375},{"$id":"54","sounds":[{"d":0.11450386,"p":73,"v":96}],"pos":4.0,"size":1.0,"_time":23.4726563},{"$id":"55","sounds":[{"d":0.11450386,"p":74,"v":85}],"size":1.0,"_time":23.5859375},{"$id":"56","sounds":[{"d":0.11450386,"p":76,"v":90}],"pos":3.5,"size":1.0,"_time":23.703125},{"$id":"57","sounds":[{"d":0.9160309,"p":78,"v":93}],"pos":1.5,"size":1.0,"_time":23.8164063},{"$id":"58","sounds":[{"d":0.06679344,"p":77,"v":91},{"w":0.0625,"d":0.343509674,"p":78,"v":86}],"pos":-1.5,"size":1.0,"_time":24.7890625},{"$id":"59","sounds":[{"d":0.229007721,"p":79,"v":83}],"size":1.0,"_time":25.1914063},{"$id":"60","sounds":[{"d":0.458015442,"p":81,"v":86}],"pos":1.5,"size":1.0,"_time":25.4179688},{"$id":"61","sounds":[{"d":0.229007721,"p":79,"v":90}],"pos":1.0,"size":1.0,"_time":25.8789063},{"$id":"62","sounds":[{"d":0.229007721,"p":78,"v":83}],"size":1.0,"_time":26.1054688},{"$id":"63","sounds":[{"d":0.229007721,"p":76,"v":94}],"pos":-1.0,"size":1.0,"_time":26.3359375},{"$id":"64","sounds":[{"d":0.0429382324,"p":72,"v":88},{"w":0.04296875,"d":0.343511581,"p":73,"v":83}],"size":1.0,"_time":26.6367188},{"$id":"65","sounds":[{"d":0.229007721,"p":74,"v":86}],"pos":-1.5,"size":1.0,"_time":27.0234375},{"$id":"66","sounds":[{"d":0.229007721,"p":76,"v":83}],"size":1.0,"_time":27.25},{"$id":"67","sounds":[{"d":0.9160309,"p":78,"v":93}],"pos":1.5,"size":1.0,"_time":27.4804688},{"$id":"68","sounds":[{"d":0.343511581,"p":78,"v":95}],"pos":-1.5,"size":1.0,"_time":28.5117188},{"$id":"69","sounds":[{"d":0.229007721,"p":79,"v":88}],"size":1.0,"_time":28.8554688},{"$id":"70","sounds":[{"d":0.458015442,"p":81,"v":88}],"pos":1.5,"size":1.0,"_time":29.0820313},{"$id":"71","sounds":[{"d":0.229007721,"p":79,"v":91}],"pos":1.0,"size":1.0,"_time":29.5429688},{"$id":"72","sounds":[{"d":0.229007721,"p":78,"v":91}],"size":1.0,"_time":29.7695313},{"$id":"73","sounds":[{"d":0.229007721,"p":76,"v":94}],"pos":-1.0,"size":1.0,"_time":30.0},{"$id":"74","sounds":[{"d":0.343511581,"p":73,"v":82}],"pos":-1.5,"size":1.0,"_time":30.34375},{"$id":"75","sounds":[{"d":0.229007721,"p":74,"v":92}],"size":1.0,"_time":30.6875},{"$id":"76","sounds":[{"d":0.458015442,"p":76,"v":94}],"pos":1.5,"size":1.0,"_time":30.9179688},{"$id":"77","sounds":[{"d":0.9160309,"p":74,"v":85}],"pos":-1.5,"size":1.0,"_time":31.375},{"$id":"78","sounds":[{"d":0.229007721,"p":73,"v":83}],"pos":-1.0,"size":1.0,"_time":32.2890625},{"$id":"79","sounds":[{"d":0.229007721,"p":74,"v":92}],"size":1.0,"_time":32.51953},{"$id":"80","sounds":[{"d":0.458015442,"p":76,"v":93}],"pos":1.0,"size":1.0,"_time":32.75},{"$id":"81","sounds":[{"d":0.458015442,"p":74,"v":86}],"pos":-0.5,"size":1.0,"_time":33.20703},{"$id":"82","sounds":[{"d":0.07633591,"p":80,"v":89},{"w":0.05859375,"d":0.410305023,"p":81,"v":92}],"pos":1.5,"size":1.0,"_time":33.6640625},{"$id":"83","sounds":[{"d":0.07633591,"p":79,"v":86},{"w":0.078125,"d":0.07633591,"p":81,"v":91},{"w":0.15234375,"d":0.07633591,"p":79,"v":85}],"pos":1.5,"size":1.0,"_time":34.1210938},{"$id":"84","sounds":[{"d":0.229007721,"p":77,"v":87}],"pos":0.5,"size":1.0,"_time":34.3515625},{"$id":"85","sounds":[{"d":0.229007721,"p":76,"v":89}],"pos":-0.5,"size":1.0,"_time":34.58203},{"$id":"86","sounds":[{"d":0.9160309,"p":74,"v":93}],"pos":-1.5,"size":1.0,"_time":34.8085938},{"$id":"87","sounds":[{"d":0.229007721,"p":67,"v":83}],"pos":-1.5,"size":1.0,"_time":35.953125},{"$id":"88","sounds":[{"d":0.229007721,"p":71,"v":87}],"pos":-0.5,"size":1.0,"_time":36.1835938},{"$id":"89","sounds":[{"d":0.229007721,"p":74,"v":86}],"pos":0.5,"size":1.0,"_time":36.4140625},{"$id":"90","sounds":[{"d":0.458015442,"p":78,"v":86}],"pos":1.5,"size":1.0,"_time":36.640625},{"$id":"91","sounds":[{"d":0.458015442,"p":77,"v":94}],"pos":0.5,"size":1.0,"_time":37.0976563},{"$id":"92","sounds":[{"d":0.458015442,"p":76,"v":89}],"pos":-0.5,"size":1.0,"_time":37.5585938},{"$id":"93","sounds":[{"d":0.458015442,"p":74,"v":88}],"pos":-1.5,"size":1.0,"_time":38.015625},{"$id":"94","sounds":[{"d":0.9160309,"p":78,"v":93}],"pos":1.5,"size":1.0,"_time":38.4726563},{"$id":"95","sounds":[{"d":0.343509674,"p":78,"v":93}],"pos":-1.5,"size":1.0,"_time":39.5039063},{"$id":"96","sounds":[{"d":0.229007721,"p":79,"v":86}],"size":1.0,"_time":39.8476563},{"$id":"97","sounds":[{"d":0.458015442,"p":81,"v":83}],"pos":1.5,"size":1.0,"_time":40.078125},{"$id":"98","sounds":[{"d":0.0572509766,"p":85,"v":93},{"w":0.046875,"d":0.186069489,"p":86,"v":94}],"pos":2.0,"size":1.0,"_time":40.5351563},{"$id":"99","sounds":[{"d":0.229007721,"p":84,"v":93}],"pos":1.0,"size":1.0,"_time":40.76172},{"$id":"100","sounds":[{"d":0.229007721,"p":82,"v":94}],"size":1.0,"_time":40.9921875},{"$id":"101","sounds":[{"d":0.229007721,"p":81,"v":88}],"pos":-1.0,"size":1.0,"_time":41.2226563},{"$id":"102","sounds":[{"d":0.229007721,"p":82,"v":89}],"size":1.0,"_time":41.44922},{"$id":"103","sounds":[{"d":0.229007721,"p":84,"v":84}],"pos":1.0,"size":1.0,"_time":41.6796875},{"$id":"104","sounds":[{"d":0.458015442,"p":81,"v":82}],"pos":-1.0,"size":1.0,"_time":41.9101563},{"$id":"105","sounds":[{"d":0.9160309,"p":77,"v":91}],"pos":-1.5,"size":1.0,"_time":42.3671875},{"$id":"106","sounds":[{"d":0.114501953,"p":76,"v":88}],"pos":-1.5,"size":1.0,"_time":43.28125},{"$id":"107","sounds":[{"d":0.114501953,"p":77,"v":93}],"pos":-1.0,"size":1.0,"_time":43.3984375},{"$id":"108","sounds":[{"d":0.229007721,"p":79,"v":94}],"pos":-0.5,"size":1.0,"_time":43.51172},{"$id":"109","sounds":[{"d":0.458015442,"p":81,"v":90}],"pos":1.0,"size":1.0,"_time":43.7421875},{"$id":"110","sounds":[{"d":0.458015442,"p":79,"v":88}],"pos":-0.5,"size":1.0,"_time":44.19922},{"$id":"111","sounds":[{"d":0.229007721,"p":82,"v":87}],"pos":1.5,"size":1.0,"_time":44.65625},{"$id":"112","sounds":[{"d":0.229007721,"p":81,"v":93}],"pos":0.5,"size":1.0,"_time":44.88672},{"$id":"113","sounds":[{"d":0.229007721,"p":79,"v":89}],"pos":-0.5,"size":1.0,"_time":45.11328},{"$id":"114","sounds":[{"d":0.229007721,"p":77,"v":89}],"pos":0.5,"size":1.0,"_time":45.34375},{"$id":"115","sounds":[{"d":0.229007721,"p":76,"v":88}],"pos":-1.5,"size":1.0,"_time":45.57422},{"$id":"116","sounds":[{"d":0.229007721,"p":77,"v":95}],"pos":1.5,"size":1.0,"_time":45.80078},{"$id":"117","sounds":[{"d":0.114501953,"p":76,"v":90}],"pos":-0.5,"size":1.0,"_time":46.03125},{"$id":"118","sounds":[{"d":0.8015251,"p":74,"v":92}],"pos":-1.5,"size":1.0,"_time":46.14453},{"$id":"119","sounds":[{"d":0.114501953,"p":74,"v":92}],"pos":-1.5,"size":1.0,"_time":46.9453125},{"$id":"120","sounds":[{"d":0.114501953,"p":76,"v":82}],"pos":-1.0,"size":1.0,"_time":47.0625},{"$id":"121","sounds":[{"d":0.229007721,"p":77,"v":83}],"pos":-0.5,"size":1.0,"_time":47.17578},{"$id":"122","sounds":[{"d":0.229007721,"p":79,"v":87}],"pos":0.5,"size":1.0,"_time":47.40625},{"$id":"123","sounds":[{"d":0.052482605,"p":80,"v":90},{"w":0.05078125,"d":0.3435135,"p":81,"v":93}],"pos":1.5,"size":1.0,"_time":47.69922},{"$id":"124","sounds":[{"d":0.229007721,"p":79,"v":91}],"pos":0.5,"size":1.0,"_time":48.0898438},{"$id":"125","sounds":[{"d":0.229007721,"p":77,"v":91}],"pos":-1.5,"size":1.0,"_time":48.3203125},{"$id":"126","sounds":[{"d":0.343509674,"p":84,"v":89}],"pos":2.0,"size":1.0,"_time":48.55078},{"$id":"127","sounds":[{"d":0.229007721,"p":77,"v":94}],"pos":1.0,"size":1.0,"_time":48.89453},{"$id":"128","sounds":[{"d":0.343509674,"p":76,"v":83}],"pos":-0.5,"size":1.0,"_time":49.1210938},{"$id":"129","sounds":[{"d":0.229007721,"p":75,"v":83}],"pos":0.5,"size":1.0,"_time":49.4648438},{"$id":"130","sounds":[{"d":0.229007721,"p":74,"v":95}],"pos":-1.5,"size":1.0,"_time":49.6953125},{"$id":"131","sounds":[{"d":0.0429382324,"p":82,"v":92},{"w":0.05078125,"d":0.625,"p":83,"v":95}],"pos":2.0,"size":1.0,"_time":49.921875},{"$id":"132","sounds":[{"d":0.229007721,"p":74,"v":84}],"pos":-1.0,"size":1.0,"_time":50.609375},{"$id":"133","sounds":[{"d":0.07633591,"p":76,"v":87}],"pos":1.5,"size":1.0,"_time":50.8398438},{"$id":"134","sounds":[{"d":0.07633591,"p":77,"v":84}],"pos":3.0,"size":1.0,"_time":50.9140625},{"$id":"135","sounds":[{"d":0.07633591,"p":76,"v":92}],"pos":3.5,"size":1.0,"_time":50.9921875},{"$id":"136","sounds":[{"d":0.229007721,"p":74,"v":93}],"pos":0.5,"size":1.0,"_time":51.0703125},{"$id":"137","sounds":[{"d":0.343509674,"p":74,"v":82}],"pos":-0.5,"size":1.0,"_time":51.296875},{"$id":"138","sounds":[{"d":0.343509674,"p":73,"v":92}],"pos":-1.5,"size":1.0,"_time":51.640625},{"$id":"139","sounds":[{"d":0.04771042,"p":80,"v":85},{"w":0.046875,"d":0.634540558,"p":81,"v":93}],"pos":2.0,"size":1.0,"_time":51.984375},{"$id":"140","sounds":[{"d":0.114501953,"p":81,"v":86}],"pos":1.5,"size":1.0,"_time":52.671875},{"$id":"141","sounds":[{"d":0.114501953,"p":79,"v":88}],"pos":3.5,"size":1.0,"_time":52.7851563},{"$id":"142","sounds":[{"d":0.114501953,"p":78,"v":90}],"pos":-1.5,"size":1.0,"_time":52.9023438},{"$id":"143","sounds":[{"d":0.114501953,"p":76,"v":87}],"pos":4.5,"size":1.0,"_time":53.015625},{"$id":"144","sounds":[{"d":0.6965637,"p":78,"v":102}],"pos":0.5,"size":1.0,"_time":53.1289063},{"$id":"145","sounds":[{"d":0.0333976746,"p":82,"v":97},{"w":0.03125,"d":0.4150772,"p":83,"v":102}],"pos":-0.5,"size":1.0,"_time":53.828125},{"$id":"146","sounds":[{"d":0.343509674,"p":85,"v":101}],"pos":0.5,"size":1.0,"_time":54.2734375},{"$id":"147","sounds":[{"d":0.343509674,"p":86,"v":104}],"pos":1.5,"size":1.0,"_time":54.6171875},{"$id":"148","sounds":[{"d":0.343509674,"p":86,"v":102}],"pos":1.5,"size":1.0,"_time":54.9609375},{"$id":"149","sounds":[{"d":0.343509674,"p":85,"v":97}],"pos":0.5,"size":1.0,"_time":55.3046875},{"$id":"150","sounds":[{"d":0.343509674,"p":81,"v":94}],"pos":-0.5,"size":1.0,"_time":55.6484375},{"$id":"151","sounds":[{"d":0.343509674,"p":76,"v":97}],"pos":-1.5,"size":1.0,"_time":55.9921875},{"$id":"152","sounds":[{"d":0.229007721,"p":74,"v":101}],"pos":0.5,"size":1.0,"_time":56.3359375},{"$id":"153","sounds":[{"d":0.229007721,"p":73,"v":94}],"pos":-2.0,"size":1.0,"_time":56.5664063},{"$id":"154","sounds":[{"d":0.634540558,"p":76,"v":105}],"pos":0.5,"size":1.0,"_time":56.79297},{"$id":"155","sounds":[{"d":0.052482605,"p":80,"v":96},{"w":0.05078125,"d":0.458015442,"p":81,"v":101}],"pos":-1.5,"size":1.0,"_time":57.4296875},{"$id":"156","sounds":[{"d":0.343509674,"p":83,"v":97}],"pos":-0.5,"size":1.0,"_time":57.9375},{"$id":"157","sounds":[{"d":0.343509674,"p":84,"v":94}],"pos":0.5,"size":1.0,"_time":58.28125},{"$id":"158","sounds":[{"d":0.343509674,"p":86,"v":104}],"pos":1.5,"size":1.0,"_time":58.625},{"$id":"159","sounds":[{"d":0.343509674,"p":83,"v":106}],"pos":0.5,"size":1.0,"_time":58.96875},{"$id":"160","sounds":[{"d":0.229007721,"p":79,"v":99}],"pos":-1.5,"size":1.0,"_time":59.3125},{"$id":"161","sounds":[{"d":0.343509674,"p":83,"v":99}],"pos":0.5,"size":1.0,"_time":59.54297},{"$id":"162","sounds":[{"d":0.343509674,"p":79,"v":102}],"pos":-0.5,"size":1.0,"_time":59.88672},{"$id":"163","sounds":[{"d":0.229007721,"p":76,"v":102}],"pos":-1.5,"size":1.0,"_time":60.23047},{"$id":"164","sounds":[{"d":0.687023163,"p":77,"v":105}],"size":1.0,"_time":60.45703},{"$id":"165","sounds":[{"d":1.1450386,"p":86,"v":93}],"pos":2.0,"size":1.0,"_time":61.14453},{"$id":"166","sounds":[{"d":0.687023163,"p":76,"v":103}],"pos":-1.0,"size":1.0,"_time":62.2890625},{"$id":"167","sounds":[{"d":0.458015442,"p":86,"v":105}],"pos":2.0,"size":1.0,"_time":62.9765625},{"$id":"168","sounds":[{"d":0.343509674,"p":84,"v":96}],"pos":0.5,"size":1.0,"_time":63.4335938},{"$id":"169","sounds":[{"d":0.343509674,"p":79,"v":94}],"pos":-1.0,"size":1.0,"_time":63.7773438},{"$id":"170","sounds":[{"d":0.2290039,"p":79,"v":103}],"pos":1.5,"size":1.0,"_time":64.12109},{"$id":"171","sounds":[{"d":0.2290039,"p":77,"v":104}],"pos":0.5,"size":1.0,"_time":64.35156},{"$id":"172","sounds":[{"d":0.2290039,"p":74,"v":97}],"pos":-1.0,"size":1.0,"_time":64.58203},{"$id":"173","sounds":[{"d":0.458015442,"p":77,"v":100}],"pos":0.5,"size":1.0,"_time":64.80859},{"$id":"174","sounds":[{"d":0.2290039,"p":76,"v":95}],"pos":-0.5,"size":1.0,"_time":65.265625},{"$id":"175","sounds":[{"d":0.2290039,"p":74,"v":97}],"pos":-1.5,"size":1.0,"_time":65.49609},{"$id":"176","sounds":[{"d":0.2290039,"p":78,"v":102}],"pos":1.0,"size":1.0,"_time":65.72656},{"$id":"177","sounds":[{"d":0.3435135,"p":79,"v":96}],"size":1.0,"_time":65.953125},{"$id":"178","sounds":[{"d":0.3435135,"p":83,"v":98}],"pos":-1.0,"size":1.0,"_time":66.296875},{"$id":"179","sounds":[{"d":0.2290039,"p":86,"v":100}],"pos":-1.5,"size":1.0,"_time":66.640625},{"$id":"180","sounds":[{"d":0.2290039,"p":90,"v":104}],"pos":-0.5,"size":1.0,"_time":66.87109},{"$id":"181","sounds":[{"d":0.047706604,"p":88,"v":94},{"w":0.05078125,"d":0.047706604,"p":90,"v":98},{"w":0.09765625,"d":0.1335907,"p":88,"v":97}],"pos":1.5,"size":1.0,"_time":67.09766},{"$id":"182","sounds":[{"d":0.2290039,"p":85,"v":102}],"pos":0.5,"size":1.0,"_time":67.328125},{"$id":"183","sounds":[{"d":0.3435135,"p":81,"v":105}],"pos":-0.5,"size":1.0,"_time":67.55859},{"$id":"184","sounds":[{"d":0.3435135,"p":83,"v":100}],"pos":-1.5,"size":1.0,"_time":67.90234},{"$id":"185","sounds":[{"d":0.2290039,"p":85,"v":99}],"pos":-0.5,"size":1.0,"_time":68.24609},{"$id":"186","sounds":[{"d":0.2290039,"p":86,"v":104}],"pos":0.5,"size":1.0,"_time":68.47266},{"$id":"187","sounds":[{"d":0.114501953,"p":88,"v":104}],"pos":-0.5,"size":1.0,"_time":68.703125},{"$id":"188","sounds":[{"d":0.114501953,"p":86,"v":97}],"pos":-1.0,"size":1.0,"_time":68.81641},{"$id":"189","sounds":[{"d":0.114501953,"p":85,"v":94}],"pos":-1.5,"size":1.0,"_time":68.92969},{"$id":"190","sounds":[{"d":0.2290039,"p":85,"v":104}],"pos":-1.5,"size":1.0,"_time":69.046875},{"$id":"191","sounds":[{"d":0.114501953,"p":86,"v":105}],"pos":0.5,"size":1.0,"_time":69.27344},{"$id":"192","sounds":[{"d":0.114501953,"p":88,"v":104}],"pos":1.0,"size":1.0,"_time":69.390625},{"$id":"193","sounds":[{"d":0.114501953,"p":91,"v":105}],"pos":1.5,"size":1.0,"_time":69.50391},{"$id":"194","sounds":[{"d":0.3435135,"p":90,"v":99}],"pos":1.0,"size":1.0,"_time":69.61719},{"$id":"195","sounds":[{"d":0.3435135,"p":86,"v":100}],"pos":0.5,"size":1.0,"_time":69.96094},{"$id":"196","sounds":[{"d":0.458015442,"p":81,"v":95}],"pos":-0.5,"size":1.0,"_time":70.30469},{"$id":"197","sounds":[{"d":0.224235535,"p":78,"v":93}],"pos":-1.5,"size":1.0,"_time":70.76172},{"$id":"198","sounds":[{"d":0.047706604,"p":87,"v":102},{"w":0.046875,"d":0.186065674,"p":88,"v":99}],"pos":1.5,"size":1.0,"_time":70.98828},{"$id":"199","sounds":[{"d":0.2290039,"p":86,"v":97}],"pos":0.5,"size":1.0,"_time":71.22266},{"$id":"200","sounds":[{"d":0.114501953,"p":86,"v":94}],"pos":-0.5,"size":1.0,"_time":71.44922},{"$id":"201","sounds":[{"d":0.114501953,"p":84,"v":101}],"pos":-1.0,"size":1.0,"_time":71.56641},{"$id":"202","sounds":[{"d":0.114501953,"p":77,"v":99}],"pos":-1.5,"size":1.0,"_time":71.67969},{"$id":"203","sounds":[{"d":0.2290039,"p":77,"v":98}],"pos":-1.5,"size":1.0,"_time":71.79297},{"$id":"204","sounds":[{"d":0.114501953,"p":77,"v":104}],"pos":0.5,"size":1.0,"_time":72.02344},{"$id":"205","sounds":[{"d":0.114501953,"p":83,"v":100}],"pos":1.0,"size":1.0,"_time":72.13672},{"$id":"206","sounds":[{"d":0.114501953,"p":86,"v":100}],"pos":1.5,"size":1.0,"_time":72.25},{"$id":"207","sounds":[{"d":0.114501953,"p":89,"v":99}],"pos":1.5,"size":1.0,"_time":72.36719},{"$id":"208","sounds":[{"d":0.2290039,"p":91,"v":106}],"pos":2.0,"size":1.0,"_time":72.48047},{"$id":"209","sounds":[{"d":0.2290039,"p":86,"v":101}],"pos":0.5,"size":1.0,"_time":72.71094},{"$id":"210","sounds":[{"d":0.114501953,"p":84,"v":103}],"pos":-1.5,"size":1.0,"_time":72.9375},{"$id":"211","sounds":[{"d":0.114501953,"p":85,"v":103}],"pos":-1.0,"size":1.0,"_time":73.05469},{"$id":"212","sounds":[{"d":0.114501953,"p":86,"v":93}],"pos":-0.5,"size":1.0,"_time":73.16797},{"$id":"213","sounds":[{"d":0.3435135,"p":89,"v":94}],"size":1.0,"_time":73.28125},{"$id":"214","sounds":[{"d":0.3435135,"p":88,"v":98}],"pos":1.0,"size":1.0,"_time":73.625},{"$id":"215","sounds":[{"d":0.2290039,"p":84,"v":105}],"pos":-1.0,"size":1.0,"_time":73.96875},{"$id":"216","sounds":[{"d":0.3435135,"p":88,"v":97}],"pos":1.0,"size":1.0,"_time":74.19922},{"$id":"217","sounds":[{"d":0.3435135,"p":84,"v":102}],"size":1.0,"_time":74.54297},{"$id":"218","sounds":[{"d":0.2290039,"p":79,"v":102}],"pos":-1.0,"size":1.0,"_time":74.88672},{"$id":"219","sounds":[{"d":0.114501953,"p":79,"v":100}],"pos":-0.5,"size":1.0,"_time":75.11328},{"$id":"220","sounds":[{"d":0.114501953,"p":78,"v":105}],"pos":-1.0,"size":1.0,"_time":75.23047},{"$id":"221","sounds":[{"d":0.114501953,"p":77,"v":94}],"pos":-1.5,"size":1.0,"_time":75.34375},{"$id":"222","sounds":[{"d":0.2290039,"p":77,"v":94}],"pos":-1.5,"size":1.0,"_time":75.45703},{"$id":"223","sounds":[{"d":0.114501953,"p":77,"v":106}],"size":1.0,"_time":75.6875},{"$id":"224","sounds":[{"d":0.114501953,"p":83,"v":103}],"pos":1.0,"size":1.0,"_time":75.80078},{"$id":"225","sounds":[{"d":0.114501953,"p":86,"v":106}],"pos":1.5,"size":1.0,"_time":75.91406},{"$id":"226","sounds":[{"d":0.114501953,"p":84,"v":95}],"pos":1.0,"size":1.0,"_time":76.03125},{"$id":"227","sounds":[{"d":0.2290039,"p":83,"v":98}],"pos":1.5,"size":1.0,"_time":76.14453},{"$id":"228","sounds":[{"d":0.114501953,"p":82,"v":95}],"pos":-1.5,"size":1.0,"_time":76.375},{"$id":"229","sounds":[{"d":0.114501953,"p":83,"v":103}],"pos":-0.5,"size":1.0,"_time":76.48828},{"$id":"230","sounds":[{"d":0.114501953,"p":84,"v":104}],"size":1.0,"_time":76.60156},{"$id":"231","sounds":[{"d":0.114501953,"p":86,"v":93}],"pos":-0.5,"size":1.0,"_time":76.71875},{"$id":"232","sounds":[{"d":0.114501953,"p":89,"v":103}],"pos":-1.5,"size":1.0,"_time":76.83203},{"$id":"233","sounds":[{"d":0.3435135,"p":88,"v":103}],"pos":1.5,"size":1.0,"_time":76.94531},{"$id":"234","sounds":[{"d":0.3435135,"p":84,"v":104}],"pos":0.5,"size":1.0,"_time":77.28906},{"$id":"235","sounds":[{"d":0.687019348,"p":79,"v":97}],"pos":-1.0,"size":1.0,"_time":77.63281},{"$id":"236","sounds":[{"d":0.114501953,"p":78,"v":99}],"pos":-2.0,"size":1.0,"_time":78.32031},{"$id":"237","sounds":[{"d":0.114501953,"p":79,"v":101}],"pos":-1.5,"size":1.0,"_time":78.43359},{"$id":"238","sounds":[{"d":0.114501953,"p":81,"v":98}],"pos":-1.0,"size":1.0,"_time":78.55078},{"$id":"239","sounds":[{"d":0.114501953,"p":83,"v":94}],"pos":-0.5,"size":1.0,"_time":78.66406},{"$id":"240","sounds":[{"d":0.2290039,"p":86,"v":100}],"size":1.0,"_time":78.77734},{"$id":"241","sounds":[{"d":0.2290039,"p":84,"v":100}],"pos":1.5,"size":1.0,"_time":79.00781},{"$id":"242","sounds":[{"d":0.2290039,"p":79,"v":105}],"size":1.0,"_time":79.23828},{"$id":"243","sounds":[{"d":0.06201935,"p":78,"v":95},{"w":0.06640625,"d":0.386451721,"p":79,"v":98}],"pos":-1.5,"size":1.0,"_time":79.46875},{"$id":"244","sounds":[{"d":0.2290039,"p":81,"v":102}],"pos":5.0,"size":1.0,"_time":79.921875},{"$id":"245","sounds":[{"d":0.2290039,"p":82,"v":96}],"size":1.0,"_time":80.15234},{"$id":"246","sounds":[{"d":0.2290039,"p":76,"v":97}],"pos":5.0,"size":1.0,"_time":80.38281},{"$id":"247","sounds":[{"d":0.687019348,"p":79,"v":102}],"pos":1.5,"size":1.0,"_time":80.609375},{"$id":"248","sounds":[{"d":0.687019348,"p":74,"v":96},{"d":0.687019348,"p":70,"v":102}],"pos":-1.5,"size":1.30000007,"_time":80.609375},{"$id":"249","sounds":[{"d":0.687019348,"p":74,"v":106},{"d":0.687019348,"p":69,"v":105}],"pos":-1.5,"size":1.30000007,"_time":81.296875},{"$id":"250","sounds":[{"d":0.687019348,"p":79,"v":105}],"pos":1.5,"size":1.0,"_time":81.296875},{"$id":"251","sounds":[{"d":0.458015442,"p":73,"v":95},{"d":0.458015442,"p":69,"v":102}],"pos":-1.0,"size":1.30000007,"_time":81.984375},{"$id":"252","sounds":[{"d":0.458015442,"p":77,"v":94}],"pos":1.0,"size":1.0,"_time":81.984375},{"$id":"253","sounds":[{"d":1.83206177,"p":78,"v":94}],"pos":1.5,"size":1.0,"_time":82.44141},{"$id":"254","sounds":[{"d":1.83206177,"p":69,"v":99},{"d":1.83206177,"p":73,"v":95}],"pos":-1.5,"size":1.30000007,"_time":82.44141},{"$id":"255","sounds":[{"d":0.458015442,"p":78,"v":72}],"pos":1.5,"size":1.0,"_time":84.734375},{"$id":"256","sounds":[{"d":0.9160309,"p":69,"v":46},{"d":0.9160309,"p":66,"v":46},{"d":0.458015442,"p":76,"v":72}],"size":1.30000007,"_time":85.19141},{"$id":"257","sounds":[{"d":0.458015442,"p":74,"v":72}],"pos":-1.5,"size":1.0,"_time":85.64844},{"$id":"258","sounds":[{"d":0.9160309,"p":71,"v":44},{"d":0.9160309,"p":67,"v":44},{"d":0.9160309,"p":73,"v":72}],"size":1.30000007,"_time":86.10547},{"$id":"259","sounds":[{"d":1.37404633,"p":69,"v":72}],"pos":-1.5,"size":1.0,"_time":87.02344},{"$id":"260","sounds":[{"d":1.83206177,"p":61,"v":44}],"pos":-1.5,"size":1.0,"_time":87.9375},{"$id":"261","sounds":[{"d":0.458015442,"p":66,"v":72}],"pos":-0.5,"size":1.0,"_time":88.39844},{"$id":"262","sounds":[{"d":0.458015442,"p":67,"v":72}],"pos":0.5,"size":1.0,"_time":88.85547},{"$id":"263","sounds":[{"d":0.458015442,"p":69,"v":72}],"pos":1.5,"size":1.0,"_time":89.3125},{"$id":"264","sounds":[{"d":1.83206177,"p":62,"v":43},{"d":1.83206177,"p":66,"v":43}],"pos":0.5,"size":1.30000007,"_time":89.76953},{"$id":"265","sounds":[{"d":0.458015442,"p":74,"v":72}],"pos":-1.5,"size":1.0,"_time":90.23047},{"$id":"266","sounds":[{"d":0.458015442,"p":76,"v":72}],"pos":1.0,"size":1.0,"_time":90.6875},{"$id":"267","sounds":[{"d":0.458015442,"p":74,"v":72}],"pos":-1.5,"size":1.0,"_time":91.14453},{"$id":"268","sounds":[{"d":0.458015442,"p":81,"v":72},{"d":1.83206177,"p":70,"v":46},{"d":1.83206177,"p":67,"v":46}],"pos":1.5,"size":1.30000007,"_time":91.60156},{"$id":"269","sounds":[{"d":0.458015442,"p":79,"v":72}],"pos":0.5,"size":1.0,"_time":92.0625},{"$id":"270","sounds":[{"d":0.458015442,"p":74,"v":72}],"pos":-1.5,"size":1.0,"_time":92.51953},{"$id":"271","sounds":[{"d":0.458015442,"p":76,"v":72}],"pos":-0.5,"size":1.0,"_time":92.97656},{"$id":"272","sounds":[{"d":0.916023254,"p":77,"v":72}],"pos":0.5,"size":1.0,"_time":93.43359},{"$id":"273","sounds":[{"d":0.2290039,"p":74,"v":45}],"pos":-0.5,"size":1.0,"_time":93.89453},{"$id":"274","sounds":[{"d":0.2290039,"p":72,"v":45}],"pos":6.0,"size":1.0,"_time":94.12109},{"$id":"275","sounds":[{"d":0.458015442,"p":79,"v":72},{"d":0.9160309,"p":70,"v":45}],"pos":1.5,"size":1.0,"_time":94.35156},{"$id":"276","sounds":[{"d":0.458015442,"p":77,"v":72}],"pos":-0.5,"size":1.0,"_time":94.80859},{"$id":"277","sounds":[{"d":0.9160309,"p":76,"v":72}],"pos":0.5,"size":1.0,"_time":95.265625},{"$id":"278","sounds":[{"d":0.9160309,"p":71,"v":45},{"d":0.9160309,"p":67,"v":45}],"pos":-1.5,"size":1.30000007,"_time":95.265625},{"$id":"279","sounds":[{"d":0.9160309,"p":73,"v":72}],"pos":1.5,"size":1.0,"_time":96.18359},{"$id":"280","sounds":[{"d":0.9160309,"p":69,"v":45}],"pos":-0.5,"size":1.0,"_time":96.18359},{"$id":"281","sounds":[{"d":1.37404633,"p":66,"v":54},{"d":0.9160309,"p":69,"v":38},{"d":0.9160309,"p":73,"v":38}],"size":1.30000007,"_time":98.015625},{"$id":"282","sounds":[{"d":0.458015442,"p":66,"v":54}],"pos":-0.5,"size":1.0,"_time":99.390625},{"$id":"283","sounds":[{"d":0.9160309,"p":69,"v":38},{"d":0.9160309,"p":73,"v":38},{"d":0.458015442,"p":67,"v":54}],"pos":1.5,"size":1.30000007,"_time":99.84766},{"$id":"284","sounds":[{"d":0.458015442,"p":66,"v":54}],"pos":-0.5,"size":1.0,"_time":100.304688},{"$id":"285","sounds":[{"d":1.83206177,"p":71,"v":38},{"d":1.83206177,"p":73,"v":38},{"d":0.9160309,"p":66,"v":54}],"pos":1.5,"size":1.30000007,"_time":100.761719},{"$id":"286","sounds":[{"d":0.9160309,"p":64,"v":54}],"pos":-1.5,"size":1.0,"_time":101.679688},{"$id":"287","sounds":[{"d":0.9160309,"p":62,"v":54},{"d":1.83206177,"p":69,"v":38}],"size":1.30000007,"_time":102.59375},{"$id":"288","sounds":[{"d":0.458015442,"p":73,"v":38}],"pos":-1.5,"size":1.0,"_time":103.054688},{"$id":"289","sounds":[{"d":0.9160309,"p":61,"v":54},{"d":0.458015442,"p":74,"v":38}],"size":1.30000007,"_time":103.511719},{"$id":"290","sounds":[{"d":0.458015442,"p":76,"v":38}],"pos":1.5,"size":1.0,"_time":103.96875},{"$id":"291","sounds":[{"d":1.83206177,"p":69,"v":38},{"d":0.9160309,"p":62,"v":54},{"d":1.83206177,"p":74,"v":38}],"size":1.30000007,"_time":104.425781},{"$id":"292","sounds":[{"d":1.37404633,"p":54,"v":54}],"pos":-0.5,"size":1.0,"_time":105.34375},{"$id":"293","sounds":[{"d":1.83206177,"p":58,"v":38},{"d":1.83206177,"p":62,"v":38}],"pos":1.0,"size":1.0,"_time":106.257813},{"$id":"294","sounds":[{"d":0.458015442,"p":52,"v":54}],"pos":-2.0,"size":1.0,"_time":106.71875},{"$id":"295","sounds":[{"d":0.458015442,"p":54,"v":54}],"pos":-1.0,"size":1.0,"_time":107.175781},{"$id":"296","sounds":[{"d":0.458015442,"p":55,"v":54}],"size":1.0,"_time":107.632813},{"$id":"297","sounds":[{"d":0.458015442,"p":62,"v":38},{"d":0.458015442,"p":57,"v":54}],"pos":-1.0,"size":1.0,"_time":108.089844},{"$id":"298","sounds":[{"d":0.458015442,"p":64,"v":38},{"d":0.458015442,"p":59,"v":54}],"size":1.0,"_time":108.550781},{"$id":"299","sounds":[{"d":0.458015442,"p":65,"v":38},{"d":0.458015442,"p":61,"v":54}],"pos":1.0,"size":1.0,"_time":109.007813},{"$id":"300","sounds":[{"d":0.458015442,"p":66,"v":38},{"d":0.458015442,"p":62,"v":54}],"pos":2.0,"size":1.0,"_time":109.464844},{"$id":"301","sounds":[{"d":0.114501953,"p":67,"v":54},{"d":0.114501953,"p":64,"v":54}],"pos":1.0,"size":1.0,"_time":109.921875},{"$id":"302","sounds":[{"d":0.114501953,"p":61,"v":54}],"pos":5.5,"size":1.0,"_time":110.039063},{"$id":"303","sounds":[{"d":0.114501953,"p":62,"v":56}],"pos":6.0,"size":1.0,"_time":110.152344},{"$id":"304","sounds":[{"d":0.114501953,"p":64,"v":57}],"pos":6.5,"size":1.0,"_time":110.265625},{"$id":"305","sounds":[{"d":0.114501953,"p":66,"v":60}],"pos":-1.5,"size":1.0,"_time":110.382813},{"$id":"306","sounds":[{"d":0.114501953,"p":62,"v":63}],"pos":4.5,"size":1.0,"_time":110.496094},{"$id":"307","sounds":[{"d":0.114501953,"p":64,"v":66}],"pos":5.0,"size":1.0,"_time":110.609375},{"$id":"308","sounds":[{"d":0.114501953,"p":66,"v":69}],"pos":5.5,"size":1.0,"_time":110.726563},{"$id":"309","sounds":[{"d":0.114501953,"p":67,"v":72}],"pos":-0.5,"size":1.0,"_time":110.839844},{"$id":"310","sounds":[{"d":0.114501953,"p":64,"v":75}],"pos":6.0,"size":1.0,"_time":110.953125},{"$id":"311","sounds":[{"d":0.114501953,"p":66,"v":78}],"pos":6.5,"size":1.0,"_time":111.070313},{"$id":"312","sounds":[{"d":0.114501953,"p":67,"v":81}],"pos":7.0,"size":1.0,"_time":111.183594},{"$id":"313","sounds":[{"d":0.114501953,"p":69,"v":84}],"pos":0.5,"size":1.0,"_time":111.296875},{"$id":"314","sounds":[{"d":0.114501953,"p":70,"v":87}],"pos":4.5,"size":1.0,"_time":111.410156},{"$id":"315","sounds":[{"d":0.114501953,"p":71,"v":90}],"pos":5.0,"size":1.0,"_time":111.527344},{"$id":"316","sounds":[{"d":0.114501953,"p":73,"v":93}],"pos":5.5,"size":1.0,"_time":111.640625},{"$id":"317","sounds":[{"d":1.60305023,"p":74,"v":101}],"pos":1.5,"size":1.0,"_time":111.753906},{"$id":"318","sounds":[{"d":0.114501953,"p":73,"v":106}],"pos":-0.5,"size":1.0,"_time":113.359375},{"$id":"319","sounds":[{"d":0.114501953,"p":71,"v":95}],"pos":-1.0,"size":1.0,"_time":113.472656},{"$id":"320","sounds":[{"d":0.687019348,"p":69,"v":100}],"pos":-1.5,"size":1.0,"_time":113.585938},{"$id":"321","sounds":[{"d":0.458015442,"p":74,"v":103}],"pos":-1.5,"size":1.0,"_time":114.273438},{"$id":"322","sounds":[{"d":0.3435135,"p":76,"v":101}],"pos":-1.0,"size":1.0,"_time":114.734375},{"$id":"323","sounds":[{"d":0.3435135,"p":78,"v":96}],"size":1.0,"_time":115.074219},{"$id":"324","sounds":[{"d":0.3435135,"p":81,"v":93}],"pos":1.0,"size":1.0,"_time":115.417969},{"$id":"325","sounds":[{"d":0.3435135,"p":79,"v":96}],"pos":-1.0,"size":1.0,"_time":115.761719},{"$id":"326","sounds":[{"d":0.3435135,"p":81,"v":100}],"size":1.0,"_time":116.105469},{"$id":"327","sounds":[{"d":0.3435135,"p":86,"v":93}],"pos":2.0,"size":1.0,"_time":116.449219},{"$id":"328","sounds":[{"d":0.3435135,"p":84,"v":104}],"pos":1.0,"size":1.0,"_time":116.792969},{"$id":"329","sounds":[{"d":0.3435135,"p":79,"v":98}],"pos":-0.5,"size":1.0,"_time":117.136719},{"$id":"330","sounds":[{"d":0.3435135,"p":86,"v":93}],"pos":2.0,"size":1.0,"_time":117.480469},{"$id":"331","sounds":[{"d":0.3435135,"p":84,"v":96}],"pos":1.0,"size":1.0,"_time":117.824219},{"$id":"332","sounds":[{"d":0.3435135,"p":79,"v":93}],"pos":-0.5,"size":1.0,"_time":118.167969},{"$id":"333","sounds":[{"d":0.3435135,"p":74,"v":103}],"pos":-1.5,"size":1.0,"_time":118.511719},{"$id":"334","sounds":[{"d":0.3435135,"p":76,"v":105}],"pos":-0.5,"size":1.0,"_time":118.855469},{"$id":"335","sounds":[{"d":0.3435135,"p":78,"v":98}],"pos":0.5,"size":1.0,"_time":119.199219},{"$id":"336","sounds":[{"d":0.3435135,"p":74,"v":98}],"pos":-1.5,"size":1.0,"_time":119.542969},{"$id":"337","sounds":[{"d":0.3435135,"p":76,"v":101}],"pos":-0.5,"size":1.0,"_time":119.886719},{"$id":"338","sounds":[{"d":0.3435135,"p":78,"v":101}],"pos":0.5,"size":1.0,"_time":120.230469},{"$id":"339","sounds":[{"d":0.3435135,"p":74,"v":104}],"pos":-1.5,"size":1.0,"_time":120.574219},{"$id":"340","sounds":[{"d":0.3435135,"p":86,"v":92}],"pos":2.0,"size":1.0,"_time":120.914063},{"$id":"341","sounds":[{"d":0.3435135,"p":81,"v":102}],"size":1.0,"_time":121.257813},{"$id":"342","sounds":[{"d":0.3435135,"p":74,"v":104}],"pos":-1.5,"size":1.0,"_time":121.601563},{"$id":"343","sounds":[{"d":0.3435135,"p":86,"v":95}],"pos":2.0,"size":1.0,"_time":121.945313},{"$id":"344","sounds":[{"d":0.3435135,"p":81,"v":93}],"size":1.0,"_time":122.289063},{"$id":"345","sounds":[{"d":0.3435135,"p":74,"v":102}],"pos":-1.5,"size":1.0,"_time":122.632813},{"$id":"346","sounds":[{"d":0.3435135,"p":86,"v":103}],"pos":2.0,"size":1.0,"_time":122.976563},{"$id":"347","sounds":[{"d":0.3435135,"p":79,"v":96}],"pos":-0.5,"size":1.0,"_time":123.320313},{"$id":"348","sounds":[{"d":0.3435135,"p":74,"v":99}],"pos":-1.5,"size":1.0,"_time":123.664063},{"$id":"349","sounds":[{"d":0.3435135,"p":86,"v":94}],"pos":2.0,"size":1.0,"_time":124.007813},{"$id":"350","sounds":[{"d":0.3435135,"p":79,"v":96}],"pos":-0.5,"size":1.0,"_time":124.351563},{"$id":"351","sounds":[{"d":0.3435135,"p":74,"v":101}],"pos":-1.5,"size":1.0,"_time":124.695313},{"$id":"352","sounds":[{"d":0.3435135,"p":86,"v":95}],"pos":2.0,"size":1.0,"_time":125.039063},{"$id":"353","sounds":[{"d":0.3435135,"p":81,"v":97}],"pos":0.5,"size":1.0,"_time":125.382813},{"$id":"354","sounds":[{"d":0.3435135,"p":76,"v":99}],"pos":-0.5,"size":1.0,"_time":125.726563},{"$id":"355","sounds":[{"d":0.3435135,"p":85,"v":103}],"pos":1.0,"size":1.0,"_time":126.070313},{"$id":"356","sounds":[{"d":1.83206177,"p":86,"v":93}],"pos":2.0,"size":1.0,"_time":126.410156},{"$id":"357","sounds":[{"d":1.83206177,"p":66,"v":76},{"d":1.83206177,"p":57,"v":76},{"d":1.83206177,"p":38,"v":76},{"d":1.83206177,"p":61,"v":76}],"pos":-1.5,"size":1.30000007,"_time":126.410156},{"$id":"358","sounds":[{"d":0.687027,"p":66,"v":76}],"pos":1.5,"size":1.0,"_time":128.242188},{"$id":"359","sounds":[{"d":1.83206177,"p":59,"v":76},{"d":1.83206177,"p":55,"v":76},{"d":1.83206177,"p":43,"v":76}],"pos":-1.0,"size":1.30000007,"_time":128.242188},{"$id":"360","sounds":[{"d":0.687027,"p":64,"v":76}],"pos":0.5,"size":1.0,"_time":128.929688},{"$id":"361","sounds":[{"d":0.4580078,"p":62,"v":76}],"pos":-0.5,"size":1.0,"_time":129.617188},{"$id":"362","sounds":[{"d":1.3740387,"p":66,"v":76}],"pos":1.0,"size":1.0,"_time":130.074219},{"$id":"363","sounds":[{"d":1.3740387,"p":57,"v":76},{"d":1.3740387,"p":61,"v":76},{"d":1.3740387,"p":38,"v":76}],"pos":-1.5,"size":1.30000007,"_time":130.074219},{"$id":"364","sounds":[{"d":2.29006958,"p":62,"v":76}],"pos":1.5,"size":1.0,"_time":131.449219},{"$id":"365","sounds":[{"d":2.29006958,"p":59,"v":76},{"d":2.29006958,"p":55,"v":76},{"d":2.29006958,"p":45,"v":76}],"pos":-1.0,"size":1.30000007,"_time":131.449219}],"links":[{"notes":[{"$ref":"3"},{"$ref":"4"},{"$ref":"6"}]},{"notes":[{"$ref":"8"},{"$ref":"9"},{"$ref":"10"}]},{"notes":[{"$ref":"106"},{"$ref":"107"},{"$ref":"108"}]},{"notes":[{"$ref":"117"},{"$ref":"118"}]},{"notes":[{"$ref":"119"},{"$ref":"120"},{"$ref":"121"}]},{"notes":[{"$ref":"314"},{"$ref":"315"},{"$ref":"316"}]},{"notes":[{"$ref":"187"},{"$ref":"188"},{"$ref":"189"},{"$ref":"190"}]},{"notes":[{"$ref":"191"},{"$ref":"192"},{"$ref":"193"},{"$ref":"194"}]},{"notes":[{"$ref":"200"},{"$ref":"201"},{"$ref":"202"},{"$ref":"203"}]},{"notes":[{"$ref":"302"},{"$ref":"303"},{"$ref":"304"}]},{"notes":[{"$ref":"219"},{"$ref":"220"},{"$ref":"221"},{"$ref":"222"}]},{"notes":[{"$ref":"210"},{"$ref":"211"},{"$ref":"212"},{"$ref":"213"}]},{"notes":[{"$ref":"204"},{"$ref":"205"},{"$ref":"206"},{"$ref":"207"},{"$ref":"208"}]},{"notes":[{"$ref":"223"},{"$ref":"224"},{"$ref":"225"},{"$ref":"226"},{"$ref":"227"}]},{"notes":[{"$ref":"228"},{"$ref":"229"},{"$ref":"230"},{"$ref":"231"},{"$ref":"232"}]},{"notes":[{"$ref":"236"},{"$ref":"237"},{"$ref":"238"},{"$ref":"239"},{"$ref":"240"}]},{"notes":[{"$ref":"306"},{"$ref":"307"},{"$ref":"308"}]},{"notes":[{"$ref":"310"},{"$ref":"311"},{"$ref":"312"}]},{"notes":[{"$ref":"318"},{"$ref":"319"},{"$ref":"320"}]},{"notes":[{"$ref":"22"},{"$ref":"23"},{"$ref":"24"}]}]}