{"speed":12.0,"notes":[{"$id":"1","sounds":[{"d":0.4739585,"p":60,"v":52}],"pos":-1.5,"size":1.0,"_time":6.625},{"$id":"2","sounds":[{"d":0.4427085,"p":76,"v":62}],"pos":6.5,"size":1.0,"_time":7.09765625},{"$id":"3","sounds":[{"d":0.4270835,"p":84,"v":66}],"pos":9.5,"size":1.0,"_time":7.54296875},{"$id":"4","sounds":[{"d":0.4270835,"p":79,"v":65}],"pos":8.5,"size":1.0,"_time":7.96875},{"$id":"5","sounds":[{"d":0.416666985,"p":72,"v":57}],"pos":6.0,"size":1.0,"_time":8.394531},{"$id":"6","sounds":[{"d":0.458333015,"p":74,"v":64}],"pos":6.5,"size":1.0,"_time":8.8125},{"$id":"7","sounds":[{"d":0.416666985,"p":76,"v":63}],"pos":7.5,"size":1.0,"_time":9.269531},{"$id":"8","sounds":[{"d":0.40625,"p":79,"v":58}],"pos":9.5,"size":1.0,"_time":9.6875},{"$id":"9","sounds":[{"d":0.463541985,"p":60,"v":57}],"pos":-1.5,"size":1.0,"_time":10.09375},{"$id":"10","sounds":[{"d":0.447916985,"p":77,"v":64}],"pos":6.0,"size":1.0,"_time":10.5585938},{"$id":"11","sounds":[{"d":0.442708015,"p":84,"v":65}],"pos":8.0,"size":1.0,"_time":11.0039063},{"$id":"12","sounds":[{"d":0.463541985,"p":79,"v":71}],"pos":6.0,"size":1.0,"_time":11.4492188},{"$id":"13","sounds":[{"d":0.442708015,"p":72,"v":60}],"pos":0.5,"size":1.0,"_time":11.9101563},{"$id":"14","sounds":[{"d":0.432291985,"p":74,"v":55}],"pos":3.5,"size":1.0,"_time":12.3554688},{"$id":"15","sounds":[{"d":0.432291985,"p":77,"v":63}],"pos":4.5,"size":1.0,"_time":12.7851563},{"$id":"16","sounds":[{"d":0.447916985,"p":79,"v":69}],"pos":5.5,"size":1.0,"_time":13.21875},{"$id":"17","sounds":[{"d":0.442708015,"p":60,"v":55}],"pos":-1.5,"size":1.0,"_time":13.6679688},{"$id":"18","sounds":[{"d":0.4375,"p":76,"v":65}],"pos":5.0,"size":1.0,"_time":14.109375},{"$id":"19","sounds":[{"d":0.447916985,"p":84,"v":69}],"pos":8.0,"size":1.0,"_time":14.546875},{"$id":"20","sounds":[{"d":0.447916985,"p":79,"v":70}],"pos":7.0,"size":1.0,"_time":14.9960938},{"$id":"21","sounds":[{"d":0.432291985,"p":72,"v":59}],"pos":4.0,"size":1.0,"_time":15.4414063},{"$id":"22","sounds":[{"d":0.432291985,"p":74,"v":67}],"pos":5.0,"size":1.0,"_time":15.875},{"$id":"23","sounds":[{"d":0.453125,"p":76,"v":70}],"pos":6.0,"size":1.0,"_time":16.3085938},{"$id":"24","sounds":[{"d":0.432291031,"p":79,"v":65}],"pos":8.0,"size":1.0,"_time":16.7617188},{"$id":"25","sounds":[{"d":0.447916031,"p":60,"v":66}],"pos":-1.5,"size":1.0,"_time":17.1914063},{"$id":"26","sounds":[{"d":0.427083969,"p":77,"v":67}],"pos":5.0,"size":1.0,"_time":17.640625},{"$id":"27","sounds":[{"d":0.427083969,"p":84,"v":65}],"pos":7.0,"size":1.0,"_time":18.0664063},{"$id":"28","sounds":[{"d":0.442708969,"p":79,"v":69}],"pos":5.0,"size":1.0,"_time":18.4960938},{"$id":"29","sounds":[{"d":0.463541031,"p":72,"v":58}],"pos":0.5,"size":1.0,"_time":18.9375},{"$id":"30","sounds":[{"d":0.453125,"p":74,"v":61}],"pos":7.5,"size":1.0,"_time":19.4023438},{"$id":"31","sounds":[{"d":0.432291031,"p":77,"v":60}],"pos":8.5,"size":1.0,"_time":19.8554688},{"$id":"32","sounds":[{"d":0.432291031,"p":79,"v":67}],"pos":9.5,"size":1.0,"_time":20.2851563},{"$id":"33","sounds":[{"d":0.479166031,"p":60,"v":60}],"pos":-1.5,"size":1.0,"_time":20.71875},{"$id":"34","sounds":[{"d":0.4375,"p":76,"v":62}],"pos":12.5,"size":1.0,"_time":21.1992188},{"$id":"35","sounds":[{"d":0.432291031,"p":84,"v":66}],"pos":15.0,"size":1.0,"_time":21.6367188},{"$id":"36","sounds":[{"d":0.40625,"p":79,"v":65}],"pos":13.5,"size":1.0,"_time":22.0664063},{"$id":"37","sounds":[{"d":0.442708969,"p":72,"v":57}],"pos":11.0,"size":1.0,"_time":22.4726563},{"$id":"38","sounds":[{"d":0.458333969,"p":74,"v":54}],"pos":12.0,"size":1.0,"_time":22.9179688},{"$id":"39","sounds":[{"d":0.447916031,"p":76,"v":58}],"pos":13.0,"size":1.0,"_time":23.375},{"$id":"40","sounds":[{"d":0.427083969,"p":79,"v":65}],"pos":15.0,"size":1.0,"_time":23.8242188},{"$id":"41","sounds":[{"d":0.458333969,"p":60,"v":60}],"pos":-1.5,"size":1.0,"_time":24.25},{"$id":"42","sounds":[{"d":0.4375,"p":77,"v":57}],"pos":6.0,"size":1.0,"_time":24.7070313},{"$id":"43","sounds":[{"d":0.4375,"p":84,"v":57}],"pos":7.5,"size":1.0,"_time":25.1445313},{"$id":"44","sounds":[{"d":0.458333969,"p":79,"v":62}],"pos":5.0,"size":1.0,"_time":25.5820313},{"$id":"45","sounds":[{"d":0.447916031,"p":72,"v":53}],"pos":0.5,"size":1.0,"_time":26.0429688},{"$id":"46","sounds":[{"d":0.416666031,"p":74,"v":62}],"pos":7.0,"size":1.0,"_time":26.4882813},{"$id":"47","sounds":[{"d":0.4375,"p":77,"v":60}],"pos":9.0,"size":1.0,"_time":26.90625},{"$id":"48","sounds":[{"d":0.432291031,"p":79,"v":63}],"pos":10.0,"size":1.0,"_time":27.34375},{"$id":"49","sounds":[{"d":0.447916031,"p":60,"v":67}],"pos":-1.5,"size":1.0,"_time":27.7773438},{"$id":"50","sounds":[{"d":0.473958969,"p":76,"v":67}],"pos":10.5,"size":1.0,"_time":28.2226563},{"$id":"51","sounds":[{"d":0.432291031,"p":84,"v":62}],"pos":13.0,"size":1.0,"_time":28.6992188},{"$id":"52","sounds":[{"d":0.4375,"p":79,"v":67}],"pos":11.5,"size":1.0,"_time":29.1289063},{"$id":"53","sounds":[{"d":0.432291031,"p":72,"v":53}],"pos":9.0,"size":1.0,"_time":29.5664063},{"$id":"54","sounds":[{"d":0.458333969,"p":74,"v":62}],"pos":10.0,"size":1.0,"_time":30.0},{"$id":"55","sounds":[{"d":0.421875,"p":76,"v":68}],"pos":11.0,"size":1.0,"_time":30.4570313},{"$id":"56","sounds":[{"d":0.458333969,"p":79,"v":62}],"pos":13.0,"size":1.0,"_time":30.8789063},{"$id":"57","sounds":[{"d":0.416666031,"p":60,"v":62}],"pos":-1.5,"size":1.0,"_time":31.3398438},{"$id":"58","sounds":[{"d":0.4375019,"p":77,"v":66}],"pos":6.0,"size":1.0,"_time":31.7539063},{"$id":"59","sounds":[{"d":0.442707062,"p":84,"v":66}],"pos":7.0,"size":1.0,"_time":32.1914063},{"$id":"60","sounds":[{"d":0.432292938,"p":86,"v":64}],"pos":8.0,"size":1.0,"_time":32.63672},{"$id":"61","sounds":[{"d":0.447917938,"p":89,"v":61}],"pos":0.5,"size":1.0,"_time":33.0664063},{"$id":"62","sounds":[{"d":0.447917938,"p":84,"v":62}],"pos":5.5,"size":1.0,"_time":33.515625},{"$id":"63","sounds":[{"d":0.421875,"p":86,"v":65}],"pos":6.5,"size":1.0,"_time":33.9648438},{"$id":"64","sounds":[{"d":0.463542938,"p":89,"v":64}],"pos":0.5,"size":1.0,"_time":34.38672},{"$id":"65","sounds":[{"d":0.432292938,"p":84,"v":62}],"pos":6.0,"size":1.0,"_time":34.8476563},{"$id":"66","sounds":[{"d":0.432292938,"p":86,"v":67}],"pos":7.0,"size":1.0,"_time":35.28125},{"$id":"67","sounds":[{"d":0.4375,"p":91,"v":64}],"pos":1.5,"size":1.0,"_time":35.7148438},{"$id":"68","sounds":[{"d":0.447917938,"p":84,"v":63}],"pos":5.5,"size":1.0,"_time":36.1523438},{"$id":"69","sounds":[{"d":0.463542938,"p":86,"v":65}],"pos":6.5,"size":1.0,"_time":36.5976563},{"$id":"70","sounds":[{"d":0.421875,"p":91,"v":74}],"pos":1.5,"size":1.0,"_time":37.0625},{"$id":"71","sounds":[{"d":0.499984741,"p":84,"v":71}],"pos":7.0,"size":1.0,"_time":37.484375},{"$id":"72","sounds":[{"d":0.390625,"p":86,"v":76}],"pos":8.0,"size":1.0,"_time":37.984375},{"$id":"73","sounds":[{"d":0.869792938,"p":48,"v":83}],"pos":-1.5,"size":1.30000007,"_time":38.375},{"$id":"74","sounds":[{"d":0.869792938,"p":67,"v":73},{"d":0.869792938,"p":76,"v":72},{"d":0.869792938,"p":72,"v":64}],"pos":4.5,"size":1.30000007,"_time":38.375},{"$id":"75","sounds":[{"d":0.927082062,"p":72,"v":61},{"d":0.927082062,"p":67,"v":70},{"d":0.927082062,"p":76,"v":65}],"pos":3.5,"size":1.30000007,"_time":39.2460938},{"$id":"76","sounds":[{"d":0.848957062,"p":76,"v":76},{"d":0.848957062,"p":72,"v":66},{"d":0.848957062,"p":67,"v":76}],"pos":4.5,"size":1.30000007,"_time":40.171875},{"$id":"77","sounds":[{"d":0.901042938,"p":76,"v":60},{"d":0.901042938,"p":72,"v":57},{"d":0.901042938,"p":67,"v":64}],"pos":4.5,"size":1.30000007,"_time":41.01953},{"$id":"78","sounds":[{"d":0.901042938,"p":48,"v":79}],"pos":-1.5,"size":1.30000007,"_time":41.921875},{"$id":"79","sounds":[{"d":0.901042938,"p":69,"v":79},{"d":0.901042938,"p":65,"v":79},{"d":0.901042938,"p":72,"v":79}],"pos":5.5,"size":1.30000007,"_time":41.921875},{"$id":"80","sounds":[{"d":0.833332062,"p":65,"v":69},{"d":0.833332062,"p":69,"v":69},{"d":0.833332062,"p":72,"v":62}],"pos":5.5,"size":1.30000007,"_time":42.82422},{"$id":"81","sounds":[{"d":0.90625,"p":67,"v":85},{"d":0.90625,"p":71,"v":77},{"d":0.90625,"p":74,"v":71}],"pos":6.5,"size":1.30000007,"_time":43.65625},{"$id":"82","sounds":[{"d":0.90625,"p":55,"v":76}],"pos":0.5,"size":1.30000007,"_time":43.65625},{"$id":"83","sounds":[{"d":0.864582062,"p":67,"v":83},{"d":0.864582062,"p":71,"v":70},{"d":0.864582062,"p":74,"v":63}],"pos":6.5,"size":1.30000007,"_time":44.5625},{"$id":"84","sounds":[{"d":0.869792938,"p":48,"v":79}],"pos":-1.5,"size":1.30000007,"_time":45.42578},{"$id":"85","sounds":[{"d":0.869792938,"p":67,"v":79},{"d":0.869792938,"p":72,"v":77},{"d":0.869792938,"p":64,"v":82}],"pos":7.0,"size":1.30000007,"_time":45.42578},{"$id":"86","sounds":[{"d":0.911457062,"p":64,"v":73},{"d":0.911457062,"p":67,"v":75},{"d":0.911457062,"p":72,"v":75}],"pos":5.0,"size":1.30000007,"_time":46.296875},{"$id":"87","sounds":[{"d":0.869792938,"p":67,"v":75},{"d":0.869792938,"p":72,"v":75},{"d":0.869792938,"p":64,"v":75}],"pos":7.5,"size":1.30000007,"_time":47.20703},{"$id":"88","sounds":[{"d":0.890625,"p":67,"v":70},{"d":0.890625,"p":72,"v":70},{"d":0.890625,"p":64,"v":77}],"pos":7.5,"size":1.30000007,"_time":48.078125},{"$id":"89","sounds":[{"d":0.895832062,"p":53,"v":73}],"pos":-0.5,"size":1.30000007,"_time":48.96875},{"$id":"90","sounds":[{"d":0.895832062,"p":72,"v":77},{"d":0.895832062,"p":69,"v":77},{"d":0.895832062,"p":65,"v":81}],"pos":6.5,"size":1.30000007,"_time":48.96875},{"$id":"91","sounds":[{"d":0.854167938,"p":65,"v":78},{"d":0.854167938,"p":69,"v":72},{"d":0.854167938,"p":72,"v":72}],"pos":6.5,"size":1.30000007,"_time":49.86328},{"$id":"92","sounds":[{"d":0.90625,"p":55,"v":78}],"pos":0.5,"size":1.30000007,"_time":50.71875},{"$id":"93","sounds":[{"d":0.90625,"p":74,"v":84},{"d":0.90625,"p":71,"v":84},{"d":0.90625,"p":67,"v":84}],"pos":4.5,"size":1.30000007,"_time":50.71875},{"$id":"94","sounds":[{"d":0.895832062,"p":74,"v":80},{"d":0.895832062,"p":67,"v":86},{"d":0.895832062,"p":71,"v":79}],"pos":5.0,"size":1.30000007,"_time":51.625},{"$id":"95","sounds":[{"d":0.854167938,"p":64,"v":84},{"d":0.854167938,"p":72,"v":84},{"d":0.854167938,"p":67,"v":84}],"pos":6.5,"size":1.30000007,"_time":52.51953},{"$id":"96","sounds":[{"d":0.854167938,"p":60,"v":76}],"pos":1.5,"size":1.30000007,"_time":52.51953},{"$id":"97","sounds":[{"d":0.875,"p":67,"v":81},{"d":0.875,"p":72,"v":79},{"d":0.875,"p":64,"v":83}],"pos":7.0,"size":1.30000007,"_time":53.375},{"$id":"98","sounds":[{"d":0.90625,"p":72,"v":77},{"d":0.90625,"p":67,"v":85},{"d":0.90625,"p":64,"v":82}],"pos":7.0,"size":1.30000007,"_time":54.25},{"$id":"99","sounds":[{"d":0.869792938,"p":64,"v":80},{"d":0.869792938,"p":67,"v":80},{"d":0.869792938,"p":72,"v":75}],"pos":7.0,"size":1.30000007,"_time":55.15625},{"$id":"100","sounds":[{"d":0.911457062,"p":53,"v":72}],"pos":-0.5,"size":1.30000007,"_time":56.0273438},{"$id":"101","sounds":[{"d":0.911457062,"p":72,"v":75},{"d":0.911457062,"p":69,"v":70},{"d":0.911457062,"p":65,"v":71}],"pos":9.0,"size":1.30000007,"_time":56.0273438},{"$id":"102","sounds":[{"d":0.833332062,"p":72,"v":73},{"d":0.833332062,"p":69,"v":79},{"d":0.833332062,"p":65,"v":82}],"pos":9.0,"size":1.30000007,"_time":56.9375},{"$id":"103","sounds":[{"d":0.947917938,"p":55,"v":74}],"pos":0.5,"size":1.30000007,"_time":57.76953},{"$id":"104","sounds":[{"d":0.947917938,"p":71,"v":86},{"d":0.947917938,"p":67,"v":86},{"d":0.947917938,"p":74,"v":73}],"pos":6.0,"size":1.30000007,"_time":57.76953},{"$id":"105","sounds":[{"d":0.833332062,"p":67,"v":80},{"d":0.833332062,"p":71,"v":73},{"d":0.833332062,"p":74,"v":79}],"pos":6.0,"size":1.30000007,"_time":58.71875},{"$id":"106","sounds":[{"d":0.890625,"p":48,"v":86}],"pos":-1.5,"size":1.30000007,"_time":59.55078},{"$id":"107","sounds":[{"d":0.890625,"p":72,"v":81},{"d":0.890625,"p":67,"v":83},{"d":0.890625,"p":64,"v":83}],"pos":11.0,"size":1.30000007,"_time":59.55078},{"$id":"108","sounds":[{"d":0.885417938,"p":67,"v":83},{"d":0.885417938,"p":72,"v":78},{"d":0.885417938,"p":64,"v":86}],"pos":11.0,"size":1.30000007,"_time":60.4414063},{"$id":"109","sounds":[{"d":0.848957062,"p":72,"v":77},{"d":0.848957062,"p":64,"v":77},{"d":0.848957062,"p":67,"v":78}],"pos":11.0,"size":1.30000007,"_time":61.328125},{"$id":"110","sounds":[{"d":0.880207062,"p":72,"v":71},{"d":0.880207062,"p":64,"v":82},{"d":0.880207062,"p":67,"v":81}],"pos":11.0,"size":1.30000007,"_time":62.17578},{"$id":"111","sounds":[{"d":0.901042938,"p":53,"v":78}],"pos":-0.5,"size":1.30000007,"_time":63.0585938},{"$id":"112","sounds":[{"d":0.901042938,"p":69,"v":79},{"d":0.901042938,"p":72,"v":77},{"d":0.901042938,"p":65,"v":78}],"pos":9.0,"size":1.30000007,"_time":63.0585938},{"$id":"113","sounds":[{"d":0.8802109,"p":65,"v":80},{"d":0.8802109,"p":69,"v":75},{"d":0.8802109,"p":72,"v":75}],"pos":9.0,"size":1.30000007,"_time":63.95703},{"$id":"114","sounds":[{"d":0.875,"p":55,"v":71}],"pos":0.5,"size":1.30000007,"_time":64.83984},{"$id":"115","sounds":[{"d":0.875,"p":74,"v":66},{"d":0.875,"p":71,"v":70},{"d":0.875,"p":67,"v":80}],"pos":8.5,"size":1.30000007,"_time":64.83984},{"$id":"116","sounds":[{"d":0.911483765,"p":74,"v":67},{"d":0.911483765,"p":67,"v":68},{"w":0.00390625,"d":0.9062729,"p":71,"v":66}],"pos":8.5,"size":1.30000007,"_time":65.71484},{"$id":"117","sounds":[{"d":0.46875,"p":48,"v":63},{"d":0.46875,"p":43,"v":63},{"d":0.46875,"p":52,"v":63}],"pos":1.5,"size":1.30000007,"_time":66.625},{"$id":"118","sounds":[{"d":0.46875,"p":76,"v":80}],"pos":7.5,"size":1.0,"_time":66.625},{"$id":"119","sounds":[{"d":0.4375,"p":72,"v":77}],"pos":6.0,"size":1.0,"_time":67.09375},{"$id":"120","sounds":[{"d":0.4375,"p":76,"v":82}],"pos":7.5,"size":1.0,"_time":67.53125},{"$id":"121","sounds":[{"d":0.40625,"p":72,"v":78}],"pos":6.0,"size":1.0,"_time":67.96875},{"$id":"122","sounds":[{"d":0.427085876,"p":76,"v":82}],"pos":4.5,"size":1.0,"_time":68.375},{"$id":"123","sounds":[{"d":0.447914124,"p":72,"v":76}],"pos":6.0,"size":1.0,"_time":68.80078},{"$id":"124","sounds":[{"d":0.4375,"p":76,"v":86}],"pos":4.5,"size":1.0,"_time":69.25},{"$id":"125","sounds":[{"d":0.442710876,"p":72,"v":82}],"pos":6.0,"size":1.0,"_time":69.6875},{"$id":"126","sounds":[{"d":0.458335876,"p":41,"v":71},{"d":0.458335876,"p":48,"v":73},{"w":0.0078125,"d":0.453125,"p":45,"v":71}],"pos":0.5,"size":1.30000007,"_time":70.12891},{"$id":"127","sounds":[{"d":0.458335876,"p":77,"v":86}],"pos":5.0,"size":1.0,"_time":70.12891},{"$id":"128","sounds":[{"d":0.447914124,"p":72,"v":78}],"pos":6.0,"size":1.0,"_time":70.58984},{"$id":"129","sounds":[{"d":0.442710876,"p":77,"v":78}],"pos":4.5,"size":1.0,"_time":71.03516},{"$id":"130","sounds":[{"d":0.432289124,"p":72,"v":73}],"pos":6.0,"size":1.0,"_time":71.48047},{"$id":"131","sounds":[{"d":0.453125,"p":79,"v":78}],"pos":5.5,"size":1.0,"_time":71.91016},{"$id":"132","sounds":[{"d":0.458335876,"p":72,"v":75}],"pos":6.0,"size":1.0,"_time":72.36328},{"$id":"133","sounds":[{"d":0.401039124,"p":79,"v":82}],"pos":7.0,"size":1.0,"_time":72.82422},{"$id":"134","sounds":[{"d":0.458335876,"p":77,"v":76}],"pos":6.0,"size":1.0,"_time":73.22266},{"$id":"135","sounds":[{"d":0.447914124,"p":76,"v":74}],"pos":5.0,"size":1.0,"_time":73.68359},{"$id":"136","sounds":[{"d":0.447914124,"p":40,"v":74},{"d":0.447914124,"p":43,"v":74},{"d":0.447914124,"p":48,"v":74}],"pos":-1.5,"size":1.30000007,"_time":73.68359},{"$id":"137","sounds":[{"d":0.40625,"p":72,"v":77}],"pos":5.5,"size":1.0,"_time":74.12891},{"$id":"138","sounds":[{"d":0.453125,"p":76,"v":79}],"pos":5.0,"size":1.0,"_time":74.53516},{"$id":"139","sounds":[{"d":0.427085876,"p":72,"v":77}],"pos":5.5,"size":1.0,"_time":74.98828},{"$id":"140","sounds":[{"d":0.442710876,"p":76,"v":84}],"pos":5.0,"size":1.0,"_time":75.41797},{"$id":"141","sounds":[{"d":0.453125,"p":72,"v":74}],"pos":5.5,"size":1.0,"_time":75.859375},{"$id":"142","sounds":[{"d":0.447914124,"p":76,"v":78}],"pos":5.0,"size":1.0,"_time":76.3125},{"$id":"143","sounds":[{"d":0.416664124,"p":72,"v":69}],"pos":5.5,"size":1.0,"_time":76.76172},{"$id":"144","sounds":[{"d":0.473960876,"p":45,"v":77},{"w":0.01171875,"d":0.463546753,"p":48,"v":86},{"w":0.01171875,"d":0.463546753,"p":41,"v":86}],"pos":0.5,"size":1.30000007,"_time":77.17578},{"$id":"145","sounds":[{"d":0.458335876,"p":74,"v":83}],"pos":6.5,"size":1.0,"_time":77.19141},{"$id":"146","sounds":[{"d":0.421875,"p":72,"v":78}],"pos":6.0,"size":1.0,"_time":77.65234},{"$id":"147","sounds":[{"d":0.453125,"p":74,"v":85}],"pos":6.5,"size":1.0,"_time":78.07422},{"$id":"148","sounds":[{"d":0.421875,"p":72,"v":76}],"pos":6.0,"size":1.0,"_time":78.52734},{"$id":"149","sounds":[{"d":0.427085876,"p":74,"v":83}],"pos":6.5,"size":1.0,"_time":78.94922},{"$id":"150","sounds":[{"d":0.46875,"p":72,"v":80}],"pos":6.0,"size":1.0,"_time":79.375},{"$id":"151","sounds":[{"d":0.4375,"p":74,"v":77}],"pos":6.5,"size":1.0,"_time":79.84375},{"$id":"152","sounds":[{"d":0.421875,"p":77,"v":86}],"pos":6.5,"size":1.0,"_time":80.28125},{"$id":"153","sounds":[{"d":0.479164124,"p":76,"v":82}],"pos":5.5,"size":1.0,"_time":80.703125},{"$id":"154","sounds":[{"d":0.479164124,"p":40,"v":55},{"d":0.479164124,"p":43,"v":78},{"d":0.479164124,"p":48,"v":78}],"pos":-1.5,"size":1.30000007,"_time":80.703125},{"$id":"155","sounds":[{"d":0.401039124,"p":72,"v":74}],"pos":7.0,"size":1.0,"_time":81.18359},{"$id":"156","sounds":[{"d":0.463539124,"p":76,"v":78}],"pos":5.5,"size":1.0,"_time":81.58203},{"$id":"157","sounds":[{"d":0.427085876,"p":72,"v":78}],"pos":7.0,"size":1.0,"_time":82.046875},{"$id":"158","sounds":[{"d":0.463539124,"p":76,"v":82}],"pos":5.5,"size":1.0,"_time":82.47266},{"$id":"159","sounds":[{"d":0.427085876,"p":72,"v":78}],"pos":7.0,"size":1.0,"_time":82.9375},{"$id":"160","sounds":[{"d":0.453125,"p":76,"v":82}],"pos":5.5,"size":1.0,"_time":83.36328},{"$id":"161","sounds":[{"d":0.432289124,"p":72,"v":74}],"pos":7.0,"size":1.0,"_time":83.81641},{"$id":"162","sounds":[{"d":0.453125,"p":77,"v":82}],"pos":5.0,"size":1.0,"_time":84.25},{"$id":"163","sounds":[{"d":0.453125,"p":41,"v":70},{"d":0.453125,"p":45,"v":65},{"d":0.453125,"p":48,"v":76}],"pos":0.5,"size":1.30000007,"_time":84.25},{"$id":"164","sounds":[{"d":0.432289124,"p":72,"v":78}],"pos":5.0,"size":1.0,"_time":84.703125},{"$id":"165","sounds":[{"d":0.432289124,"p":77,"v":78}],"pos":5.5,"size":1.0,"_time":85.13672},{"$id":"166","sounds":[{"d":0.463539124,"p":72,"v":82}],"pos":5.0,"size":1.0,"_time":85.56641},{"$id":"167","sounds":[{"d":0.432289124,"p":79,"v":82}],"pos":4.5,"size":1.0,"_time":86.03125},{"$id":"168","sounds":[{"d":0.432289124,"p":72,"v":78}],"pos":5.0,"size":1.0,"_time":86.46484},{"$id":"169","sounds":[{"d":0.432289124,"p":79,"v":79}],"pos":5.5,"size":1.0,"_time":86.89453},{"$id":"170","sounds":[{"d":0.421875,"p":77,"v":82}],"pos":5.5,"size":1.0,"_time":87.328125},{"$id":"171","sounds":[{"d":0.453125,"p":76,"v":80}],"pos":5.0,"size":1.0,"_time":87.75},{"$id":"172","sounds":[{"d":0.453125,"p":43,"v":81},{"d":0.453125,"p":48,"v":86},{"d":0.453125,"p":40,"v":70}],"pos":-1.5,"size":1.30000007,"_time":87.75},{"$id":"173","sounds":[{"d":0.432289124,"p":72,"v":82}],"pos":6.5,"size":1.0,"_time":88.203125},{"$id":"174","sounds":[{"d":0.458335876,"p":76,"v":70}],"pos":6.0,"size":1.0,"_time":88.63672},{"$id":"175","sounds":[{"d":0.432289124,"p":72,"v":71}],"pos":6.5,"size":1.0,"_time":89.09375},{"$id":"176","sounds":[{"d":0.489585876,"p":76,"v":73}],"pos":6.0,"size":1.0,"_time":89.52734},{"$id":"177","sounds":[{"d":0.411460876,"p":72,"v":63}],"pos":6.5,"size":1.0,"_time":90.015625},{"$id":"178","sounds":[{"d":0.463539124,"p":76,"v":57}],"pos":6.0,"size":1.0,"_time":90.42578},{"$id":"179","sounds":[{"d":0.421875,"p":72,"v":58}],"pos":6.5,"size":1.0,"_time":90.890625},{"$id":"180","sounds":[{"d":0.463539124,"p":48,"v":52},{"d":0.463539124,"p":41,"v":52},{"d":0.463539124,"p":45,"v":59}],"pos":0.5,"size":1.30000007,"_time":91.3125},{"$id":"181","sounds":[{"d":0.463539124,"p":74,"v":61}],"pos":7.0,"size":1.0,"_time":91.3125},{"$id":"182","sounds":[{"d":0.4375,"p":72,"v":63}],"pos":6.0,"size":1.0,"_time":91.77734},{"$id":"183","sounds":[{"d":0.442710876,"p":74,"v":57}],"pos":5.0,"size":1.0,"_time":92.21484},{"$id":"184","sounds":[{"d":0.427085876,"p":72,"v":41}],"pos":6.0,"size":1.0,"_time":92.65625},{"$id":"185","sounds":[{"d":0.463539124,"p":74,"v":48}],"pos":5.0,"size":1.0,"_time":93.08203},{"$id":"186","sounds":[{"d":0.104164124,"p":72,"v":28}],"pos":6.0,"size":1.0,"_time":93.546875}],"links":[]}