{"speed":12.0,"notes":[{"$id":"1","sounds":[{"d":1.87500954,"p":63,"v":32}],"pos":-1.5,"size":1.0,"_time":18.5507813},{"$id":"2","sounds":[{"d":1.86980057,"p":70,"v":42}],"size":1.0,"_time":18.5585938},{"$id":"3","sounds":[{"d":0.890625,"p":74,"v":50}],"pos":0.5,"size":1.0,"_time":20.4257813},{"$id":"4","sounds":[{"d":0.890625,"p":70,"v":36}],"pos":-1.0,"size":1.0,"_time":20.4257813},{"$id":"5","sounds":[{"d":0.916667938,"p":72,"v":54}],"pos":-0.5,"size":1.0,"_time":21.3164063},{"$id":"6","sounds":[{"d":0.911458969,"p":75,"v":48}],"pos":1.0,"size":1.0,"_time":21.3242188},{"$id":"7","sounds":[{"d":3.697916,"p":74,"v":44}],"size":1.0,"_time":22.234375},{"$id":"8","sounds":[{"d":3.697916,"p":77,"v":38}],"pos":1.5,"size":1.0,"_time":22.234375},{"$id":"9","sounds":[{"d":2.786457,"p":70,"v":42}],"pos":-2.0,"size":1.0,"_time":25.9335938},{"$id":"10","sounds":[{"d":2.776041,"p":77,"v":51}],"pos":1.0,"size":1.0,"_time":25.9414063},{"$id":"11","sounds":[{"d":0.921875,"p":75,"v":41}],"size":1.0,"_time":28.71875},{"$id":"12","sounds":[{"d":0.921875,"p":79,"v":39}],"pos":2.0,"size":1.0,"_time":28.71875},{"$id":"13","sounds":[{"d":1.84896278,"p":74,"v":49}],"pos":-1.0,"size":1.0,"_time":29.640625},{"$id":"14","sounds":[{"d":1.84375381,"p":77,"v":44}],"pos":1.0,"size":1.0,"_time":29.6445313},{"$id":"15","sounds":[{"d":0.6875019,"p":86,"v":37}],"size":1.0,"_time":31.4882813},{"$id":"16","sounds":[{"d":0.682292938,"p":84,"v":34}],"pos":-1.0,"size":1.0,"_time":32.17578},{"$id":"17","sounds":[{"d":0.473953247,"p":86,"v":58}],"size":1.0,"_time":32.859375},{"$id":"18","sounds":[{"d":3.729168,"p":87,"v":63}],"pos":1.0,"size":1.0,"_time":33.33203},{"$id":"19","sounds":[{"d":2.744793,"p":89,"v":41}],"pos":2.0,"size":1.0,"_time":37.0625},{"$id":"20","sounds":[{"d":0.90625,"p":82,"v":37}],"pos":-2.0,"size":1.0,"_time":39.8085938},{"$id":"21","sounds":[{"d":1.84375,"p":84,"v":43}],"pos":-1.0,"size":1.0,"_time":40.7148438},{"$id":"22","sounds":[{"d":1.859375,"p":87,"v":33}],"pos":1.0,"size":1.0,"_time":42.5585938},{"$id":"23","sounds":[{"d":3.71352386,"p":86,"v":38}],"size":1.0,"_time":44.41797},{"$id":"24","sounds":[{"d":0.4375,"p":75,"v":32}],"pos":-1.0,"size":1.0,"_time":48.1289063},{"$id":"25","sounds":[{"d":0.234375,"p":77,"v":33}],"size":1.0,"_time":48.5664063},{"$id":"26","sounds":[{"d":0.270832062,"p":79,"v":29}],"pos":1.0,"size":1.0,"_time":48.80078},{"$id":"27","sounds":[{"d":2.739582,"p":82,"v":40}],"pos":2.0,"size":1.0,"_time":49.07422},{"$id":"28","sounds":[{"d":0.447917938,"p":70,"v":33}],"pos":-2.0,"size":1.0,"_time":51.8125},{"$id":"29","sounds":[{"d":0.21875,"p":74,"v":29}],"pos":-1.0,"size":1.0,"_time":52.26172},{"$id":"30","sounds":[{"d":0.270832062,"p":77,"v":30}],"size":1.0,"_time":52.48047},{"$id":"31","sounds":[{"d":2.708332,"p":82,"v":37}],"pos":1.0,"size":1.0,"_time":52.75},{"$id":"32","sounds":[{"d":0.739582062,"p":86,"v":49}],"pos":1.0,"size":1.0,"_time":55.45703},{"$id":"33","sounds":[{"d":0.6822891,"p":84,"v":42}],"size":1.0,"_time":56.19922},{"$id":"34","sounds":[{"d":0.463542938,"p":77,"v":48}],"pos":-2.0,"size":1.0,"_time":56.8789063},{"$id":"35","sounds":[{"d":1.796875,"p":89,"v":57}],"pos":2.0,"size":1.0,"_time":57.34375},{"$id":"36","sounds":[{"d":0.770832062,"p":86,"v":45}],"pos":1.0,"size":1.0,"_time":59.140625},{"$id":"37","sounds":[{"d":0.692707062,"p":84,"v":45}],"size":1.0,"_time":59.9101563},{"$id":"38","sounds":[{"d":0.46875,"p":81,"v":37}],"pos":-2.0,"size":1.0,"_time":60.60547},{"$id":"39","sounds":[{"d":0.864582062,"p":82,"v":45}],"pos":-1.0,"size":1.0,"_time":61.07422},{"$id":"40","sounds":[{"d":0.963542938,"p":84,"v":41}],"size":1.0,"_time":61.9375},{"$id":"41","sounds":[{"d":5.531372,"p":82,"v":37}],"pos":-1.0,"size":1.0,"_time":62.9023438},{"$id":"42","sounds":[{"d":0.354164124,"p":70,"v":45}],"pos":2.0,"size":1.0,"_time":68.43359},{"$id":"43","sounds":[{"d":0.322914124,"p":69,"v":42}],"pos":1.0,"size":1.0,"_time":68.78516},{"$id":"44","sounds":[{"d":0.255210876,"p":67,"v":45}],"size":1.0,"_time":69.109375},{"$id":"45","sounds":[{"d":0.317710876,"p":69,"v":44}],"pos":1.0,"size":1.0,"_time":69.36328},{"$id":"46","sounds":[{"d":0.338546753,"p":67,"v":43}],"size":1.0,"_time":69.68359},{"$id":"47","sounds":[{"d":2.08855438,"p":65,"v":51}],"pos":-1.0,"size":1.0,"_time":70.01953},{"$id":"48","sounds":[{"d":0.34375,"p":62,"v":42}],"pos":-1.0,"size":1.0,"_time":72.109375},{"$id":"49","sounds":[{"d":0.380210876,"p":65,"v":46}],"pos":1.0,"size":1.0,"_time":72.453125},{"$id":"50","sounds":[{"d":0.223960876,"p":62,"v":42}],"pos":-1.0,"size":1.0,"_time":72.83203},{"$id":"51","sounds":[{"d":0.9010391,"p":65,"v":41}],"pos":1.0,"size":1.0,"_time":73.05859},{"$id":"52","sounds":[{"d":0.90625,"p":58,"v":49}],"pos":-2.0,"size":1.30000007,"_time":73.95703},{"$id":"53","sounds":[{"d":0.8802109,"p":58,"v":57}],"pos":-2.0,"size":1.30000007,"_time":74.86328},{"$id":"54","sounds":[{"d":0.380210876,"p":62,"v":40}],"pos":-1.0,"size":1.0,"_time":75.74609},{"$id":"55","sounds":[{"d":0.369789124,"p":65,"v":52}],"pos":1.0,"size":1.0,"_time":76.125},{"$id":"56","sounds":[{"d":0.265625,"p":62,"v":35}],"pos":-1.0,"size":1.0,"_time":76.49609},{"$id":"57","sounds":[{"d":0.421875,"p":63,"v":52}],"size":1.0,"_time":76.76172},{"$id":"58","sounds":[{"d":0.447914124,"p":62,"v":49}],"pos":-1.0,"size":1.0,"_time":77.18359},{"$id":"59","sounds":[{"d":0.9739609,"p":58,"v":51}],"pos":-2.0,"size":1.30000007,"_time":77.62891},{"$id":"60","sounds":[{"d":0.875,"p":58,"v":46}],"pos":-2.0,"size":1.30000007,"_time":78.60547},{"$id":"61","sounds":[{"d":0.364585876,"p":62,"v":53}],"pos":-1.0,"size":1.0,"_time":79.48047},{"$id":"62","sounds":[{"d":0.338539124,"p":65,"v":49}],"pos":1.0,"size":1.0,"_time":79.84375},{"$id":"63","sounds":[{"d":0.260414124,"p":62,"v":45}],"pos":-1.0,"size":1.0,"_time":80.18359},{"$id":"64","sounds":[{"d":0.8697891,"p":65,"v":44}],"pos":1.0,"size":1.0,"_time":80.44141},{"$id":"65","sounds":[{"d":0.9114609,"p":58,"v":54}],"pos":-2.0,"size":1.30000007,"_time":81.3125},{"$id":"66","sounds":[{"d":0.9270859,"p":58,"v":57}],"pos":-2.0,"size":1.30000007,"_time":82.22266},{"$id":"67","sounds":[{"d":0.395835876,"p":53,"v":65}],"pos":-0.5,"size":1.30000007,"_time":83.15234},{"$id":"68","sounds":[{"d":0.395835876,"p":62,"v":72}],"pos":1.5,"size":1.30000007,"_time":83.15234},{"$id":"69","sounds":[{"d":0.364585876,"p":51,"v":71}],"pos":-1.0,"size":1.30000007,"_time":83.546875},{"$id":"70","sounds":[{"d":0.364585876,"p":60,"v":78}],"pos":1.0,"size":1.30000007,"_time":83.546875},{"$id":"71","sounds":[{"d":0.427085876,"p":50,"v":77}],"pos":-1.5,"size":1.30000007,"_time":83.91016},{"$id":"72","sounds":[{"d":0.427085876,"p":58,"v":77}],"pos":0.5,"size":1.30000007,"_time":83.91016},{"$id":"73","sounds":[{"d":0.416664124,"p":60,"v":81}],"pos":1.0,"size":1.30000007,"_time":84.33984},{"$id":"74","sounds":[{"d":0.416664124,"p":51,"v":71}],"pos":-1.0,"size":1.30000007,"_time":84.33984},{"$id":"75","sounds":[{"d":1.21875,"p":53,"v":80}],"pos":-0.5,"size":1.30000007,"_time":84.75391},{"$id":"76","sounds":[{"d":1.21875,"p":62,"v":90}],"pos":1.5,"size":1.30000007,"_time":84.75391},{"$id":"77","sounds":[{"d":0.8854141,"p":58,"v":59}],"pos":-2.0,"size":1.30000007,"_time":85.97266},{"$id":"78","sounds":[{"d":0.333335876,"p":62,"v":51}],"pos":-1.0,"size":1.0,"_time":86.859375},{"$id":"79","sounds":[{"d":0.385414124,"p":65,"v":49}],"pos":1.0,"size":1.0,"_time":87.19141},{"$id":"80","sounds":[{"d":0.25,"p":62,"v":41}],"pos":-1.0,"size":1.0,"_time":87.578125},{"$id":"81","sounds":[{"d":0.9010391,"p":65,"v":50}],"pos":1.0,"size":1.0,"_time":87.828125},{"$id":"82","sounds":[{"d":0.9270859,"p":58,"v":61}],"pos":-2.0,"size":1.30000007,"_time":88.73047},{"$id":"83","sounds":[{"d":0.9375,"p":58,"v":61}],"pos":-2.0,"size":1.30000007,"_time":89.65625},{"$id":"84","sounds":[{"d":0.328125,"p":62,"v":62}],"pos":-1.0,"size":1.0,"_time":90.59375},{"$id":"85","sounds":[{"d":0.375,"p":65,"v":67}],"pos":1.0,"size":1.0,"_time":90.921875},{"$id":"86","sounds":[{"d":0.244789124,"p":62,"v":62}],"pos":-1.0,"size":1.0,"_time":91.296875},{"$id":"87","sounds":[{"d":0.40625,"p":63,"v":68}],"size":1.0,"_time":91.54297},{"$id":"88","sounds":[{"d":0.416664124,"p":62,"v":74}],"pos":-1.0,"size":1.0,"_time":91.94922},{"$id":"89","sounds":[{"d":0.9375,"p":58,"v":61}],"pos":-2.0,"size":1.30000007,"_time":92.36328},{"$id":"90","sounds":[{"d":0.9375,"p":58,"v":60}],"pos":-2.0,"size":1.30000007,"_time":93.30078},{"$id":"91","sounds":[{"d":0.34375,"p":62,"v":37}],"pos":-1.0,"size":1.0,"_time":94.23828},{"$id":"92","sounds":[{"d":0.354164124,"p":65,"v":46}],"pos":1.0,"size":1.0,"_time":94.58203},{"$id":"93","sounds":[{"d":0.265625,"p":62,"v":38}],"pos":-1.0,"size":1.0,"_time":94.9375},{"$id":"94","sounds":[{"d":0.8906326,"p":65,"v":41}],"pos":1.0,"size":1.0,"_time":95.203125},{"$id":"95","sounds":[{"d":0.942756653,"p":58,"v":76}],"pos":-2.0,"size":1.30000007,"_time":96.09375},{"$id":"96","sounds":[{"d":0.875,"p":58,"v":72}],"pos":-2.0,"size":1.30000007,"_time":97.03516},{"$id":"97","sounds":[{"d":0.432296753,"p":65,"v":53}],"pos":-0.5,"size":1.0,"_time":97.91016},{"$id":"98","sounds":[{"d":0.427085876,"p":74,"v":61}],"pos":1.5,"size":1.0,"_time":97.91797},{"$id":"99","sounds":[{"d":0.395828247,"p":72,"v":69}],"pos":1.0,"size":1.0,"_time":98.34375},{"$id":"100","sounds":[{"d":0.385414124,"p":63,"v":47}],"pos":-1.0,"size":1.0,"_time":98.35547},{"$id":"101","sounds":[{"d":0.421875,"p":62,"v":57}],"pos":-1.5,"size":1.0,"_time":98.73828},{"$id":"102","sounds":[{"d":0.421875,"p":70,"v":67}],"pos":0.5,"size":1.0,"_time":98.73828},{"$id":"103","sounds":[{"d":0.395835876,"p":72,"v":67}],"pos":1.0,"size":1.0,"_time":99.16016},{"$id":"104","sounds":[{"d":0.390625,"p":63,"v":53}],"pos":-1.0,"size":1.0,"_time":99.16797},{"$id":"105","sounds":[{"d":3.95835876,"p":74,"v":68}],"pos":1.5,"size":1.0,"_time":99.55859},{"$id":"106","sounds":[{"d":3.95835876,"p":65,"v":65}],"pos":-0.5,"size":1.0,"_time":99.55859},{"$id":"107","sounds":[{"d":0.21875,"p":63,"v":25}],"pos":-1.0,"size":1.0,"_time":103.515625},{"$id":"108","sounds":[{"d":0.239585876,"p":65,"v":26}],"size":1.0,"_time":103.734375},{"$id":"109","sounds":[{"d":0.229164124,"p":70,"v":20}],"pos":1.0,"size":1.0,"_time":103.972656},{"$id":"110","sounds":[{"d":0.21875,"p":63,"v":21}],"pos":-1.0,"size":1.0,"_time":104.203125},{"$id":"111","sounds":[{"d":0.244789124,"p":65,"v":28}],"size":1.0,"_time":104.421875},{"$id":"112","sounds":[{"d":0.229164124,"p":70,"v":30}],"pos":1.0,"size":1.0,"_time":104.667969},{"$id":"113","sounds":[{"d":0.203125,"p":63,"v":34}],"pos":-1.0,"size":1.0,"_time":104.894531},{"$id":"114","sounds":[{"d":0.234375,"p":65,"v":38}],"size":1.0,"_time":105.097656},{"$id":"115","sounds":[{"d":0.21875,"p":62,"v":34}],"pos":-2.0,"size":1.0,"_time":105.332031},{"$id":"116","sounds":[{"d":0.25,"p":65,"v":41}],"size":1.0,"_time":105.550781},{"$id":"117","sounds":[{"d":0.21875,"p":70,"v":39}],"pos":1.0,"size":1.0,"_time":105.800781},{"$id":"118","sounds":[{"d":0.234375,"p":62,"v":32}],"pos":-2.0,"size":1.0,"_time":106.019531},{"$id":"119","sounds":[{"d":0.229164124,"p":65,"v":39}],"size":1.0,"_time":106.253906},{"$id":"120","sounds":[{"d":0.208335876,"p":70,"v":36}],"pos":1.0,"size":1.0,"_time":106.484375},{"$id":"121","sounds":[{"d":0.21875,"p":62,"v":33}],"pos":-2.0,"size":1.0,"_time":106.691406},{"$id":"122","sounds":[{"d":0.25,"p":65,"v":48}],"size":1.0,"_time":106.910156},{"$id":"123","sounds":[{"d":0.239585876,"p":63,"v":28}],"pos":-1.0,"size":1.0,"_time":107.160156},{"$id":"124","sounds":[{"d":0.234375,"p":65,"v":44}],"size":1.0,"_time":107.402344},{"$id":"125","sounds":[{"d":0.25,"p":70,"v":37}],"pos":1.0,"size":1.0,"_time":107.636719},{"$id":"126","sounds":[{"d":0.244789124,"p":63,"v":28}],"pos":-1.0,"size":1.0,"_time":107.886719},{"$id":"127","sounds":[{"d":0.21875,"p":65,"v":40}],"size":1.0,"_time":108.128906},{"$id":"128","sounds":[{"d":0.234375,"p":70,"v":36}],"pos":1.0,"size":1.0,"_time":108.347656},{"$id":"129","sounds":[{"d":0.203125,"p":63,"v":37}],"pos":-1.0,"size":1.0,"_time":108.582031},{"$id":"130","sounds":[{"d":0.25,"p":65,"v":51}],"size":1.0,"_time":108.785156},{"$id":"131","sounds":[{"d":0.208335876,"p":63,"v":34}],"pos":-1.0,"size":1.0,"_time":109.035156},{"$id":"132","sounds":[{"d":0.244789124,"p":65,"v":45}],"size":1.0,"_time":109.246094},{"$id":"133","sounds":[{"d":0.234375,"p":74,"v":41}],"pos":2.0,"size":1.0,"_time":109.488281},{"$id":"134","sounds":[{"d":0.203125,"p":63,"v":31}],"pos":-1.0,"size":1.0,"_time":109.722656},{"$id":"135","sounds":[{"d":0.21875,"p":65,"v":44}],"size":1.0,"_time":109.925781},{"$id":"136","sounds":[{"d":0.25,"p":74,"v":40}],"pos":2.0,"size":1.0,"_time":110.144531},{"$id":"137","sounds":[{"d":0.21875,"p":63,"v":36}],"pos":-1.0,"size":1.0,"_time":110.394531},{"$id":"138","sounds":[{"d":0.229164124,"p":65,"v":44}],"size":1.0,"_time":110.613281},{"$id":"139","sounds":[{"d":0.213539124,"p":62,"v":30}],"pos":-2.0,"size":1.0,"_time":110.84375},{"$id":"140","sounds":[{"d":0.260414124,"p":65,"v":44}],"size":1.0,"_time":111.058594},{"$id":"141","sounds":[{"d":0.203125,"p":70,"v":41}],"pos":1.0,"size":1.0,"_time":111.316406},{"$id":"142","sounds":[{"d":0.234375,"p":62,"v":30}],"pos":-2.0,"size":1.0,"_time":111.519531},{"$id":"143","sounds":[{"d":0.223960876,"p":65,"v":40}],"size":1.0,"_time":111.753906},{"$id":"144","sounds":[{"d":0.25,"p":70,"v":40}],"pos":1.0,"size":1.0,"_time":111.980469},{"$id":"145","sounds":[{"d":0.260414124,"p":62,"v":34}],"pos":-2.0,"size":1.0,"_time":112.230469},{"$id":"146","sounds":[{"d":0.25,"p":65,"v":40}],"size":1.0,"_time":112.488281},{"$id":"147","sounds":[{"d":0.21875,"p":62,"v":31}],"pos":-2.0,"size":1.0,"_time":112.738281},{"$id":"148","sounds":[{"d":0.244789124,"p":65,"v":29}],"size":1.0,"_time":112.957031},{"$id":"149","sounds":[{"d":0.234375,"p":70,"v":31}],"pos":1.0,"size":1.0,"_time":113.203125},{"$id":"150","sounds":[{"d":0.229164124,"p":62,"v":29}],"pos":-2.0,"size":1.0,"_time":113.4375},{"$id":"151","sounds":[{"d":0.244789124,"p":65,"v":33}],"size":1.0,"_time":113.667969},{"$id":"152","sounds":[{"d":0.208335876,"p":70,"v":31}],"pos":1.0,"size":1.0,"_time":113.910156},{"$id":"153","sounds":[{"d":0.223960876,"p":62,"v":30}],"pos":-2.0,"size":1.0,"_time":114.121094},{"$id":"154","sounds":[{"d":0.25,"p":65,"v":40}],"size":1.0,"_time":114.34375},{"$id":"155","sounds":[{"d":0.229164124,"p":63,"v":37}],"pos":-1.0,"size":1.0,"_time":114.59375},{"$id":"156","sounds":[{"d":0.255210876,"p":65,"v":34}],"size":1.0,"_time":114.824219},{"$id":"157","sounds":[{"d":0.234375,"p":70,"v":28}],"pos":1.0,"size":1.0,"_time":115.078125},{"$id":"158","sounds":[{"d":0.21875,"p":63,"v":36}],"pos":-1.0,"size":1.0,"_time":115.3125},{"$id":"159","sounds":[{"d":0.21875,"p":65,"v":45}],"size":1.0,"_time":115.53125},{"$id":"160","sounds":[{"d":0.21875,"p":70,"v":40}],"pos":1.0,"size":1.0,"_time":115.75},{"$id":"161","sounds":[{"d":0.203125,"p":63,"v":43}],"pos":-1.0,"size":1.0,"_time":115.96875},{"$id":"162","sounds":[{"d":0.229164124,"p":65,"v":49}],"size":1.0,"_time":116.171875},{"$id":"163","sounds":[{"d":0.229164124,"p":63,"v":48}],"pos":-1.0,"size":1.0,"_time":116.402344},{"$id":"164","sounds":[{"d":0.244789124,"p":65,"v":47}],"size":1.0,"_time":116.628906},{"$id":"165","sounds":[{"d":0.21875,"p":74,"v":50}],"pos":2.0,"size":1.0,"_time":116.875},{"$id":"166","sounds":[{"d":0.229164124,"p":63,"v":44}],"pos":-1.0,"size":1.0,"_time":117.09375},{"$id":"167","sounds":[{"d":0.21875,"p":65,"v":49}],"size":1.0,"_time":117.324219},{"$id":"168","sounds":[{"d":0.25,"p":74,"v":49}],"pos":2.0,"size":1.0,"_time":117.542969},{"$id":"169","sounds":[{"d":0.229164124,"p":63,"v":40}],"pos":-1.0,"size":1.0,"_time":117.792969},{"$id":"170","sounds":[{"d":0.239585876,"p":65,"v":49}],"size":1.0,"_time":118.019531},{"$id":"171","sounds":[{"d":0.234375,"p":62,"v":47}],"pos":-2.0,"size":1.0,"_time":118.261719},{"$id":"172","sounds":[{"d":0.229164124,"p":65,"v":51}],"size":1.0,"_time":118.496094},{"$id":"173","sounds":[{"d":0.203125,"p":70,"v":42}],"pos":1.0,"size":1.0,"_time":118.722656},{"$id":"174","sounds":[{"d":0.229164124,"p":62,"v":39}],"pos":-2.0,"size":1.0,"_time":118.925781},{"$id":"175","sounds":[{"d":0.229164124,"p":65,"v":43}],"size":1.0,"_time":119.15625},{"$id":"176","sounds":[{"d":0.234375,"p":70,"v":41}],"pos":1.0,"size":1.0,"_time":119.386719},{"$id":"177","sounds":[{"d":0.223960876,"p":62,"v":47}],"pos":-2.0,"size":1.0,"_time":119.621094},{"$id":"178","sounds":[{"d":0.223960876,"p":65,"v":51}],"size":1.0,"_time":119.84375},{"$id":"179","sounds":[{"d":0.234375,"p":62,"v":44}],"pos":-2.0,"size":1.0,"_time":120.066406},{"$id":"180","sounds":[{"d":0.244789124,"p":65,"v":47}],"size":1.0,"_time":120.300781},{"$id":"181","sounds":[{"d":0.234375,"p":70,"v":39}],"pos":1.0,"size":1.0,"_time":120.546875},{"$id":"182","sounds":[{"d":0.223960876,"p":62,"v":42}],"pos":-2.0,"size":1.0,"_time":120.78125},{"$id":"183","sounds":[{"d":0.229164124,"p":65,"v":50}],"size":1.0,"_time":121.003906},{"$id":"184","sounds":[{"d":0.213539124,"p":70,"v":41}],"pos":1.0,"size":1.0,"_time":121.234375},{"$id":"185","sounds":[{"d":0.234375,"p":62,"v":45}],"pos":-2.0,"size":1.0,"_time":121.449219},{"$id":"186","sounds":[{"d":0.255210876,"p":65,"v":45}],"size":1.0,"_time":121.683594},{"$id":"187","sounds":[{"d":0.234375,"p":63,"v":49}],"pos":-1.0,"size":1.0,"_time":121.9375},{"$id":"188","sounds":[{"d":0.239585876,"p":65,"v":48}],"size":1.0,"_time":122.171875},{"$id":"189","sounds":[{"d":0.21875,"p":70,"v":41}],"pos":1.0,"size":1.0,"_time":122.410156},{"$id":"190","sounds":[{"d":0.25,"p":63,"v":47}],"pos":-1.0,"size":1.0,"_time":122.628906},{"$id":"191","sounds":[{"d":0.21875,"p":65,"v":45}],"size":1.0,"_time":122.878906},{"$id":"192","sounds":[{"d":0.223960876,"p":70,"v":39}],"pos":1.0,"size":1.0,"_time":123.097656},{"$id":"193","sounds":[{"d":0.234375,"p":63,"v":42}],"pos":-1.0,"size":1.0,"_time":123.324219},{"$id":"194","sounds":[{"d":0.234375,"p":65,"v":44}],"size":1.0,"_time":123.558594},{"$id":"195","sounds":[{"d":0.21875,"p":63,"v":45}],"pos":-1.0,"size":1.0,"_time":123.792969},{"$id":"196","sounds":[{"d":0.234375,"p":65,"v":48}],"size":1.0,"_time":124.011719},{"$id":"197","sounds":[{"d":0.213539124,"p":70,"v":42}],"pos":1.0,"size":1.0,"_time":124.246094},{"$id":"198","sounds":[{"d":0.21875,"p":63,"v":44}],"pos":-1.0,"size":1.0,"_time":124.457031},{"$id":"199","sounds":[{"d":0.223960876,"p":65,"v":45}],"size":1.0,"_time":124.675781},{"$id":"200","sounds":[{"d":0.21875,"p":70,"v":49}],"pos":1.0,"size":1.0,"_time":124.902344},{"$id":"201","sounds":[{"d":0.25,"p":63,"v":49}],"pos":-1.0,"size":1.0,"_time":125.121094},{"$id":"202","sounds":[{"d":0.25,"p":65,"v":50}],"size":1.0,"_time":125.371094},{"$id":"203","sounds":[{"d":0.213539124,"p":62,"v":40}],"pos":-2.0,"size":1.0,"_time":125.621094},{"$id":"204","sounds":[{"d":0.25,"p":65,"v":39}],"size":1.0,"_time":125.832031},{"$id":"205","sounds":[{"d":0.223960876,"p":70,"v":43}],"pos":1.0,"size":1.0,"_time":126.082031},{"$id":"206","sounds":[{"d":0.234375,"p":62,"v":45}],"pos":-2.0,"size":1.0,"_time":126.308594},{"$id":"207","sounds":[{"d":0.239585876,"p":65,"v":46}],"size":1.0,"_time":126.542969},{"$id":"208","sounds":[{"d":0.229164124,"p":70,"v":45}],"pos":1.0,"size":1.0,"_time":126.78125},{"$id":"209","sounds":[{"d":0.229164124,"p":62,"v":46}],"pos":-2.0,"size":1.0,"_time":127.011719},{"$id":"210","sounds":[{"d":0.28125,"p":65,"v":47}],"size":1.0,"_time":127.238281},{"$id":"211","sounds":[{"d":5.14574432,"p":77,"v":39}],"pos":2.0,"size":1.0,"_time":127.519531}],"links":[]}