{"speed":12.0,"notes":[{"$id":"1","sounds":[{"d":0.395833373,"p":55,"v":62},{"d":0.395833373,"p":43,"v":67}],"pos":-2.0,"size":1.30000007,"_time":0.421875},{"$id":"2","sounds":[{"d":0.6875,"p":74,"v":41},{"d":0.6875,"p":67,"v":49}],"size":1.0,"_time":0.81640625},{"$id":"3","sounds":[{"d":0.7083334,"p":67,"v":51},{"d":0.7083334,"p":74,"v":45}],"size":1.0,"_time":1.50390625},{"$id":"4","sounds":[{"d":0.651041746,"p":74,"v":43},{"d":0.651041746,"p":67,"v":47}],"size":1.0,"_time":2.21484375},{"$id":"5","sounds":[{"d":0.354166746,"p":74,"v":37},{"d":0.354166746,"p":67,"v":53}],"size":1.0,"_time":2.86328125},{"$id":"6","sounds":[{"d":0.354166746,"p":43,"v":62},{"d":0.354166746,"p":55,"v":48}],"pos":-2.0,"size":1.30000007,"_time":3.21875},{"$id":"7","sounds":[{"d":0.6614585,"p":77,"v":50},{"d":0.6614585,"p":67,"v":56}],"pos":2.0,"size":1.0,"_time":3.57421875},{"$id":"8","sounds":[{"d":0.6822915,"p":77,"v":45},{"d":0.6822915,"p":67,"v":53}],"pos":2.0,"size":1.0,"_time":4.234375},{"$id":"9","sounds":[{"d":0.6822915,"p":76,"v":44},{"d":0.6822915,"p":67,"v":56}],"pos":1.0,"size":1.0,"_time":4.91796875},{"$id":"10","sounds":[{"d":0.328125,"p":76,"v":36},{"d":0.328125,"p":67,"v":45}],"pos":1.0,"size":1.0,"_time":5.59765625},{"$id":"11","sounds":[{"d":0.3541665,"p":41,"v":54},{"d":0.3541665,"p":53,"v":63}],"pos":-2.0,"size":1.30000007,"_time":5.92578125},{"$id":"12","sounds":[{"d":0.65625,"p":72,"v":46},{"d":0.65625,"p":65,"v":43}],"pos":-1.0,"size":1.0,"_time":6.28125},{"$id":"13","sounds":[{"d":0.6875,"p":72,"v":47},{"d":0.6875,"p":65,"v":49}],"pos":-1.0,"size":1.0,"_time":6.9375},{"$id":"14","sounds":[{"d":0.666667,"p":72,"v":43},{"d":0.666667,"p":65,"v":56}],"pos":-1.0,"size":1.0,"_time":7.625},{"$id":"15","sounds":[{"d":0.3125,"p":72,"v":40},{"d":0.3125,"p":65,"v":55}],"pos":-1.0,"size":1.0,"_time":8.292969},{"$id":"16","sounds":[{"d":0.380208015,"p":41,"v":55},{"d":0.380208015,"p":53,"v":60}],"pos":-2.0,"size":1.30000007,"_time":8.605469},{"$id":"17","sounds":[{"d":0.65625,"p":76,"v":35},{"d":0.65625,"p":69,"v":46}],"pos":2.0,"size":1.0,"_time":8.984375},{"$id":"18","sounds":[{"d":0.703125,"p":69,"v":56},{"d":0.703125,"p":76,"v":33}],"pos":2.0,"size":1.0,"_time":9.640625},{"$id":"19","sounds":[{"d":0.661458,"p":74,"v":37},{"d":0.661458,"p":69,"v":31}],"pos":1.0,"size":1.0,"_time":10.34375},{"$id":"20","sounds":[{"d":0.286458015,"p":74,"v":35},{"d":0.286458015,"p":69,"v":42}],"pos":1.0,"size":1.0,"_time":11.0039063},{"$id":"21","sounds":[{"d":0.380208015,"p":36,"v":57},{"d":0.380208015,"p":48,"v":56}],"pos":-2.0,"size":1.30000007,"_time":11.2929688},{"$id":"22","sounds":[{"d":0.65625,"p":72,"v":36},{"d":0.65625,"p":64,"v":30}],"pos":-1.0,"size":1.0,"_time":11.671875},{"$id":"23","sounds":[{"d":0.661458,"p":72,"v":39},{"w":0.00390625,"d":0.65625,"p":64,"v":36}],"pos":-1.0,"size":1.0,"_time":12.328125},{"$id":"24","sounds":[{"d":0.677083,"p":72,"v":26},{"d":0.677083,"p":64,"v":43}],"pos":-1.0,"size":1.0,"_time":12.9882813},{"$id":"25","sounds":[{"d":0.739583,"p":72,"v":38},{"d":0.739583,"p":64,"v":35}],"pos":-1.0,"size":1.0,"_time":13.6679688},{"$id":"26","sounds":[{"d":0.697917,"p":64,"v":50},{"d":0.697917,"p":71,"v":28}],"pos":-2.0,"size":1.0,"_time":14.40625},{"$id":"27","sounds":[{"d":0.677083,"p":64,"v":37},{"d":0.677083,"p":71,"v":34}],"pos":-2.0,"size":1.0,"_time":15.1054688},{"$id":"28","sounds":[{"d":0.6875,"p":72,"v":39},{"d":0.6875,"p":64,"v":43}],"pos":-1.0,"size":1.0,"_time":15.78125},{"$id":"29","sounds":[{"d":0.322916031,"p":72,"v":50},{"d":0.322916031,"p":64,"v":54}],"pos":-1.0,"size":1.0,"_time":16.46875},{"$id":"30","sounds":[{"d":0.359375,"p":43,"v":51},{"d":0.359375,"p":55,"v":59}],"pos":-2.0,"size":1.30000007,"_time":16.7929688},{"$id":"31","sounds":[{"d":0.682291031,"p":74,"v":41},{"d":0.682291031,"p":67,"v":51}],"size":1.0,"_time":17.1523438},{"$id":"32","sounds":[{"d":0.697916031,"p":74,"v":49},{"d":0.697916031,"p":67,"v":49}],"size":1.0,"_time":17.8320313},{"$id":"33","sounds":[{"d":0.671875,"p":74,"v":45},{"d":0.671875,"p":67,"v":57}],"size":1.0,"_time":18.53125},{"$id":"34","sounds":[{"d":0.338541031,"p":74,"v":43},{"d":0.338541031,"p":67,"v":40}],"size":1.0,"_time":19.203125},{"$id":"35","sounds":[{"d":0.348958969,"p":55,"v":57},{"d":0.348958969,"p":43,"v":55}],"pos":-2.0,"size":1.30000007,"_time":19.5429688},{"$id":"36","sounds":[{"d":0.677083969,"p":77,"v":37},{"d":0.677083969,"p":67,"v":50}],"pos":2.0,"size":1.0,"_time":19.890625},{"$id":"37","sounds":[{"d":0.692708969,"p":77,"v":39},{"d":0.692708969,"p":67,"v":49}],"pos":2.0,"size":1.0,"_time":20.5664063},{"$id":"38","sounds":[{"d":0.703125,"p":76,"v":36},{"d":0.703125,"p":67,"v":43}],"pos":1.0,"size":1.0,"_time":21.2617188},{"$id":"39","sounds":[{"d":0.34375,"p":76,"v":36},{"d":0.34375,"p":67,"v":42}],"pos":1.0,"size":1.0,"_time":21.9648438},{"$id":"40","sounds":[{"d":0.364583969,"p":41,"v":52},{"d":0.364583969,"p":53,"v":61}],"pos":-2.0,"size":1.30000007,"_time":22.3085938},{"$id":"41","sounds":[{"d":0.677083969,"p":72,"v":43},{"d":0.677083969,"p":65,"v":53}],"pos":-1.0,"size":1.0,"_time":22.671875},{"$id":"42","sounds":[{"d":0.677083969,"p":65,"v":50},{"d":0.677083969,"p":72,"v":42}],"pos":-1.0,"size":1.0,"_time":23.3476563},{"$id":"43","sounds":[{"d":0.677083969,"p":65,"v":48},{"d":0.677083969,"p":72,"v":45}],"pos":-1.0,"size":1.0,"_time":24.0273438},{"$id":"44","sounds":[{"d":0.338541031,"p":65,"v":37},{"d":0.338541031,"p":72,"v":46}],"pos":-1.0,"size":1.0,"_time":24.703125},{"$id":"45","sounds":[{"d":0.359375,"p":53,"v":57},{"d":0.359375,"p":41,"v":49}],"pos":-2.0,"size":1.30000007,"_time":25.0429688},{"$id":"46","sounds":[{"d":0.677083969,"p":76,"v":33},{"d":0.677083969,"p":65,"v":39}],"pos":1.0,"size":1.0,"_time":25.4023438},{"$id":"47","sounds":[{"d":0.723958969,"p":76,"v":36},{"w":0.00390625,"d":0.71875,"p":65,"v":51}],"pos":1.0,"size":1.0,"_time":26.078125},{"$id":"48","sounds":[{"d":0.6875,"p":65,"v":49},{"d":0.6875,"p":74,"v":53}],"size":1.0,"_time":26.8007813},{"$id":"49","sounds":[{"d":0.338541031,"p":65,"v":36},{"d":0.338541031,"p":74,"v":34}],"size":1.0,"_time":27.4882813},{"$id":"50","sounds":[{"d":0.364583969,"p":48,"v":53},{"d":0.364583969,"p":36,"v":59}],"pos":-2.0,"size":1.30000007,"_time":27.828125},{"$id":"51","sounds":[{"d":0.671875,"p":64,"v":40},{"d":0.671875,"p":72,"v":33}],"pos":-1.0,"size":1.0,"_time":28.1914063},{"$id":"52","sounds":[{"d":0.703125,"p":72,"v":33},{"d":0.703125,"p":64,"v":38}],"pos":-1.0,"size":1.0,"_time":28.8632813},{"$id":"53","sounds":[{"d":0.703125,"p":64,"v":47},{"d":0.703125,"p":72,"v":34}],"pos":-1.0,"size":1.0,"_time":29.5664063},{"$id":"54","sounds":[{"d":0.6823044,"p":72,"v":49},{"d":0.6823044,"p":64,"v":51}],"pos":-1.0,"size":1.0,"_time":30.2695313},{"$id":"55","sounds":[{"d":0.703125,"p":64,"v":37},{"d":0.703125,"p":71,"v":38}],"pos":-2.0,"size":1.0,"_time":30.953125},{"$id":"56","sounds":[{"d":0.6718769,"p":64,"v":34},{"d":0.6718769,"p":71,"v":45}],"pos":-2.0,"size":1.0,"_time":31.65625},{"$id":"57","sounds":[{"d":0.609375,"p":72,"v":38},{"d":0.609375,"p":64,"v":51}],"pos":-1.0,"size":1.0,"_time":32.328125},{"$id":"58","sounds":[{"d":6.354168,"p":72,"v":35},{"d":6.354168,"p":64,"v":38}],"pos":-1.0,"size":1.0,"_time":32.9375},{"$id":"59","sounds":[{"d":3.005207,"p":48,"v":26}],"size":1.30000007,"_time":39.29297},{"$id":"60","sounds":[{"d":3.005207,"p":55,"v":35},{"d":3.005207,"p":52,"v":22}],"pos":2.0,"size":1.30000007,"_time":39.29297},{"$id":"61","sounds":[{"d":1.11458206,"p":55,"v":30},{"d":1.11458206,"p":59,"v":31},{"d":1.11458206,"p":52,"v":25}],"pos":1.0,"size":1.30000007,"_time":42.296875},{"$id":"62","sounds":[{"d":1.80208206,"p":60,"v":24}],"pos":2.0,"size":1.30000007,"_time":43.4101563},{"$id":"63","sounds":[{"d":3.098957,"p":53,"v":34},{"w":0.00390625,"d":3.09375,"p":60,"v":33},{"w":0.00390625,"d":3.09375,"p":57,"v":35}],"pos":1.0,"size":1.30000007,"_time":45.2148438},{"$id":"64","sounds":[{"d":3.09375,"p":41,"v":36}],"pos":-1.0,"size":1.30000007,"_time":45.21875},{"$id":"65","sounds":[{"d":2.791668,"p":60,"v":14},{"d":2.791668,"p":53,"v":23},{"d":2.791668,"p":57,"v":13}],"pos":1.0,"size":1.30000007,"_time":48.3125},{"$id":"66","sounds":[{"d":5.682293,"p":36,"v":28}],"pos":-2.0,"size":1.30000007,"_time":51.10547},{"$id":"67","sounds":[{"d":5.682293,"p":55,"v":33},{"d":5.682293,"p":52,"v":25}],"size":1.30000007,"_time":51.10547},{"$id":"68","sounds":[{"d":5.921875,"p":41,"v":35}],"pos":-1.0,"size":1.30000007,"_time":56.7851563},{"$id":"69","sounds":[{"d":5.921875,"p":57,"v":29},{"d":5.921875,"p":53,"v":31},{"d":5.921875,"p":60,"v":24}],"pos":1.0,"size":1.30000007,"_time":56.7851563},{"$id":"70","sounds":[{"d":5.822918,"p":60,"v":29},{"d":5.822918,"p":55,"v":31},{"d":5.822918,"p":52,"v":24}],"size":1.30000007,"_time":62.70703},{"$id":"71","sounds":[{"d":5.822918,"p":40,"v":36}],"pos":-2.0,"size":1.30000007,"_time":62.70703},{"$id":"72","sounds":[{"d":5.73440552,"p":41,"v":37}],"pos":-1.0,"size":1.30000007,"_time":68.53125},{"$id":"73","sounds":[{"d":5.73440552,"p":60,"v":33},{"d":5.73440552,"p":57,"v":27},{"d":5.73440552,"p":53,"v":29}],"pos":1.0,"size":1.30000007,"_time":68.53125},{"$id":"74","sounds":[{"d":1.10416412,"p":36,"v":56}],"pos":7.5,"size":1.30000007,"_time":74.265625},{"$id":"75","sounds":[{"d":1.10416412,"p":55,"v":59},{"d":1.10416412,"p":52,"v":62},{"d":1.10416412,"p":60,"v":63}],"pos":1.0,"size":1.30000007,"_time":74.265625},{"$id":"76","sounds":[{"d":0.9635391,"p":52,"v":57},{"d":0.9635391,"p":55,"v":55},{"d":0.9635391,"p":60,"v":52}],"pos":1.0,"size":1.30000007,"_time":75.37109},{"$id":"77","sounds":[{"d":0.703125,"p":52,"v":58},{"d":0.703125,"p":55,"v":56},{"d":0.703125,"p":60,"v":55}],"pos":1.0,"size":1.30000007,"_time":76.33203},{"$id":"78","sounds":[{"d":1.09375,"p":52,"v":62},{"d":1.09375,"p":55,"v":58},{"d":1.09375,"p":59,"v":57}],"pos":-1.0,"size":1.30000007,"_time":77.03516},{"$id":"79","sounds":[{"d":1.09375,"p":36,"v":56}],"pos":6.0,"size":1.30000007,"_time":77.03516},{"$id":"80","sounds":[{"d":1.015625,"p":52,"v":56},{"d":1.015625,"p":55,"v":57},{"d":1.015625,"p":59,"v":56}],"pos":-1.0,"size":1.30000007,"_time":78.12891},{"$id":"81","sounds":[{"d":0.6979141,"p":55,"v":58},{"d":0.6979141,"p":52,"v":61},{"d":0.6979141,"p":59,"v":61}],"pos":-1.0,"size":1.30000007,"_time":79.14453},{"$id":"82","sounds":[{"d":1.078125,"p":36,"v":57}],"pos":6.0,"size":1.30000007,"_time":79.84375},{"$id":"83","sounds":[{"d":1.078125,"p":60,"v":55},{"d":1.078125,"p":55,"v":62},{"d":1.078125,"p":52,"v":57}],"pos":1.0,"size":1.30000007,"_time":79.84375},{"$id":"84","sounds":[{"d":0.9791641,"p":52,"v":57},{"d":0.9791641,"p":55,"v":57},{"d":0.9791641,"p":60,"v":61}],"pos":1.0,"size":1.30000007,"_time":80.921875},{"$id":"85","sounds":[{"d":0.6510391,"p":52,"v":57},{"d":0.6510391,"p":55,"v":54},{"d":0.6510391,"p":60,"v":52}],"pos":1.0,"size":1.30000007,"_time":81.90234},{"$id":"86","sounds":[{"d":1.015625,"p":52,"v":58},{"d":1.015625,"p":59,"v":53},{"d":1.015625,"p":55,"v":57}],"pos":-1.0,"size":1.30000007,"_time":82.55078},{"$id":"87","sounds":[{"d":1.015625,"p":36,"v":62}],"pos":6.5,"size":1.30000007,"_time":82.55078},{"$id":"88","sounds":[{"d":0.984375,"p":52,"v":57},{"d":0.984375,"p":55,"v":57},{"d":0.984375,"p":59,"v":60}],"pos":-1.0,"size":1.30000007,"_time":83.56641},{"$id":"89","sounds":[{"d":0.6354141,"p":52,"v":53},{"d":0.6354141,"p":55,"v":61},{"d":0.6354141,"p":59,"v":60}],"pos":-1.0,"size":1.30000007,"_time":84.55078},{"$id":"90","sounds":[{"d":1.02083588,"p":41,"v":53}],"pos":5.0,"size":1.30000007,"_time":85.1875},{"$id":"91","sounds":[{"d":1.02083588,"p":57,"v":63},{"d":1.02083588,"p":53,"v":60},{"d":1.02083588,"p":60,"v":57}],"pos":1.0,"size":1.30000007,"_time":85.1875},{"$id":"92","sounds":[{"d":1.01041412,"p":53,"v":58},{"d":1.01041412,"p":57,"v":60},{"d":1.01041412,"p":60,"v":56}],"pos":1.0,"size":1.30000007,"_time":86.20703},{"$id":"93","sounds":[{"d":0.6770859,"p":53,"v":57},{"d":0.6770859,"p":57,"v":58},{"d":0.6770859,"p":60,"v":59}],"pos":1.0,"size":1.30000007,"_time":87.21875},{"$id":"94","sounds":[{"d":0.9895859,"p":53,"v":56},{"d":0.9895859,"p":60,"v":57},{"d":0.9895859,"p":57,"v":56}],"pos":1.0,"size":1.30000007,"_time":87.89453},{"$id":"95","sounds":[{"d":0.9895859,"p":41,"v":43}],"pos":4.5,"size":1.30000007,"_time":87.89453},{"$id":"96","sounds":[{"d":1.03646088,"p":60,"v":57},{"d":1.03646088,"p":53,"v":50},{"d":1.03646088,"p":57,"v":63}],"pos":1.0,"size":1.30000007,"_time":88.88672},{"$id":"97","sounds":[{"d":0.6354141,"p":53,"v":57},{"d":0.6354141,"p":57,"v":49},{"d":0.6354141,"p":60,"v":59}],"pos":1.0,"size":1.30000007,"_time":89.921875},{"$id":"98","sounds":[{"d":1.0,"p":52,"v":61},{"d":1.0,"p":55,"v":58},{"d":1.0,"p":60,"v":60}],"pos":-1.0,"size":1.30000007,"_time":90.55859},{"$id":"99","sounds":[{"d":1.0,"p":36,"v":27}],"pos":5.5,"size":1.30000007,"_time":90.55859},{"$id":"100","sounds":[{"d":1.03646088,"p":52,"v":58},{"d":1.03646088,"p":55,"v":58},{"d":1.03646088,"p":60,"v":58}],"pos":-1.0,"size":1.30000007,"_time":91.55859},{"$id":"101","sounds":[{"d":0.6614609,"p":52,"v":67},{"d":0.6614609,"p":55,"v":50},{"d":0.6614609,"p":60,"v":57}],"pos":-1.0,"size":1.30000007,"_time":92.59375},{"$id":"102","sounds":[{"d":1.04167175,"p":60,"v":56},{"w":0.0078125,"d":1.03646088,"p":52,"v":62},{"w":0.0078125,"d":1.03646088,"p":55,"v":58}],"pos":-1.0,"size":1.30000007,"_time":93.25391},{"$id":"103","sounds":[{"d":1.03646088,"p":36,"v":30}],"pos":6.5,"size":1.30000007,"_time":93.26172},{"$id":"104","sounds":[{"d":0.9739609,"p":60,"v":55},{"w":0.00390625,"d":0.96875,"p":52,"v":61},{"w":0.00390625,"d":0.96875,"p":55,"v":52}],"pos":-1.0,"size":1.30000007,"_time":94.296875},{"$id":"105","sounds":[{"d":0.6510391,"p":52,"v":60},{"d":0.6510391,"p":55,"v":63},{"d":0.6510391,"p":59,"v":56}],"pos":-2.0,"size":1.30000007,"_time":95.26953},{"$id":"106","sounds":[{"d":1.03125,"p":45,"v":59}],"pos":5.5,"size":1.30000007,"_time":95.921875},{"$id":"107","sounds":[{"d":1.03125,"p":60,"v":58},{"d":1.03125,"p":57,"v":56},{"d":1.03125,"p":64,"v":59}],"pos":2.0,"size":1.30000007,"_time":95.921875},{"$id":"108","sounds":[{"d":0.9895859,"p":57,"v":53},{"d":0.9895859,"p":60,"v":58},{"d":0.9895859,"p":64,"v":54}],"pos":2.0,"size":1.30000007,"_time":96.953125},{"$id":"109","sounds":[{"d":0.671875,"p":57,"v":59},{"d":0.671875,"p":60,"v":51},{"d":0.671875,"p":64,"v":63}],"pos":2.0,"size":1.30000007,"_time":97.94141},{"$id":"110","sounds":[{"d":1.00521088,"p":55,"v":50},{"d":1.00521088,"p":59,"v":45},{"d":1.00521088,"p":62,"v":45}],"pos":1.0,"size":1.30000007,"_time":98.61328},{"$id":"111","sounds":[{"d":1.00521088,"p":43,"v":43}],"pos":6.5,"size":1.30000007,"_time":98.61328},{"$id":"112","sounds":[{"d":0.9791641,"p":55,"v":55},{"d":0.9791641,"p":59,"v":59},{"d":0.9791641,"p":62,"v":55}],"pos":1.0,"size":1.30000007,"_time":99.62109},{"$id":"113","sounds":[{"d":0.6510391,"p":55,"v":47},{"d":0.6510391,"p":59,"v":57},{"d":0.6510391,"p":62,"v":46}],"pos":1.0,"size":1.30000007,"_time":100.597656},{"$id":"114","sounds":[{"d":0.0208358765,"p":47,"v":33}],"pos":6.0,"size":1.30000007,"_time":101.25},{"$id":"115","sounds":[{"d":0.9739609,"p":60,"v":54},{"d":0.9739609,"p":55,"v":60},{"d":0.9739609,"p":52,"v":59}],"pos":-1.0,"size":1.30000007,"_time":101.269531},{"$id":"116","sounds":[{"d":1.046875,"p":60,"v":55},{"d":1.046875,"p":52,"v":63},{"d":1.046875,"p":55,"v":52}],"pos":-1.0,"size":1.30000007,"_time":102.246094},{"$id":"117","sounds":[{"d":0.6666641,"p":52,"v":65},{"d":0.6666641,"p":55,"v":61},{"d":0.6666641,"p":60,"v":55}],"pos":-1.0,"size":1.30000007,"_time":103.292969},{"$id":"118","sounds":[{"d":1.0,"p":41,"v":58}],"pos":5.5,"size":1.30000007,"_time":103.957031},{"$id":"119","sounds":[{"d":1.0,"p":53,"v":50},{"d":1.0,"p":57,"v":56},{"d":1.0,"p":60,"v":55}],"size":1.30000007,"_time":103.957031},{"$id":"120","sounds":[{"d":0.96875,"p":53,"v":46},{"d":0.96875,"p":57,"v":59},{"d":0.96875,"p":60,"v":60}],"size":1.30000007,"_time":104.957031},{"$id":"121","sounds":[{"d":0.6770859,"p":53,"v":58},{"d":0.6770859,"p":57,"v":59},{"d":0.6770859,"p":60,"v":61}],"size":1.30000007,"_time":105.925781},{"$id":"122","sounds":[{"d":1.0625,"p":57,"v":60},{"d":1.0625,"p":60,"v":56},{"d":1.0625,"p":64,"v":54}],"pos":2.0,"size":1.30000007,"_time":106.605469},{"$id":"123","sounds":[{"d":1.0625,"p":45,"v":57}],"pos":6.0,"size":1.30000007,"_time":106.605469},{"$id":"124","sounds":[{"d":1.0,"p":57,"v":55},{"d":1.0,"p":60,"v":61},{"d":1.0,"p":64,"v":56}],"pos":2.0,"size":1.30000007,"_time":107.667969},{"$id":"125","sounds":[{"d":0.65625,"p":57,"v":53},{"d":0.65625,"p":60,"v":55},{"d":0.65625,"p":64,"v":52}],"pos":2.0,"size":1.30000007,"_time":108.667969},{"$id":"126","sounds":[{"d":1.015625,"p":55,"v":57},{"d":1.015625,"p":59,"v":60},{"d":1.015625,"p":62,"v":52}],"pos":1.0,"size":1.30000007,"_time":109.324219},{"$id":"127","sounds":[{"d":1.015625,"p":43,"v":62}],"pos":6.0,"size":1.30000007,"_time":109.324219},{"$id":"128","sounds":[{"d":1.03125,"p":55,"v":61},{"d":1.03125,"p":59,"v":62},{"d":1.03125,"p":62,"v":61}],"pos":1.0,"size":1.30000007,"_time":110.339844},{"$id":"129","sounds":[{"d":0.640625,"p":55,"v":61},{"d":0.640625,"p":59,"v":53},{"d":0.640625,"p":62,"v":59}],"pos":1.0,"size":1.30000007,"_time":111.371094},{"$id":"130","sounds":[{"d":0.9895859,"p":52,"v":57},{"d":0.9895859,"p":55,"v":57},{"d":0.9895859,"p":60,"v":55}],"pos":-1.0,"size":1.30000007,"_time":112.011719},{"$id":"131","sounds":[{"d":0.9895859,"p":36,"v":44}],"pos":6.5,"size":1.30000007,"_time":112.011719},{"$id":"132","sounds":[{"d":0.96875,"p":52,"v":55},{"d":0.96875,"p":55,"v":56},{"d":0.96875,"p":60,"v":54}],"pos":-1.0,"size":1.30000007,"_time":113.0},{"$id":"133","sounds":[{"d":0.6875,"p":55,"v":47},{"d":0.6875,"p":60,"v":54},{"d":0.6875,"p":52,"v":55}],"pos":-1.0,"size":1.30000007,"_time":113.96875},{"$id":"134","sounds":[{"d":0.9895859,"p":53,"v":54},{"d":0.9895859,"p":57,"v":53},{"d":0.9895859,"p":60,"v":55}],"size":1.30000007,"_time":114.65625},{"$id":"135","sounds":[{"d":0.9895859,"p":41,"v":56}],"pos":5.0,"size":1.30000007,"_time":114.65625},{"$id":"136","sounds":[{"d":1.03125,"p":53,"v":50},{"d":1.03125,"p":57,"v":50},{"d":1.03125,"p":60,"v":58}],"size":1.30000007,"_time":115.644531},{"$id":"137","sounds":[{"d":0.6614609,"p":60,"v":52},{"d":0.6614609,"p":57,"v":44},{"d":0.6614609,"p":53,"v":50}],"size":1.30000007,"_time":116.675781},{"$id":"138","sounds":[{"d":1.01041412,"p":57,"v":45},{"d":1.01041412,"p":64,"v":36},{"d":1.01041412,"p":60,"v":49}],"pos":2.0,"size":1.30000007,"_time":117.339844},{"$id":"139","sounds":[{"d":1.01041412,"p":45,"v":56}],"pos":5.5,"size":1.30000007,"_time":117.339844},{"$id":"140","sounds":[{"d":0.984375,"p":64,"v":42},{"d":0.984375,"p":57,"v":44},{"d":0.984375,"p":60,"v":58}],"pos":2.0,"size":1.30000007,"_time":118.347656},{"$id":"141","sounds":[{"d":0.640625,"p":57,"v":53},{"d":0.640625,"p":64,"v":40},{"d":0.640625,"p":60,"v":52}],"pos":2.0,"size":1.30000007,"_time":119.332031},{"$id":"142","sounds":[{"d":1.02603912,"p":52,"v":53},{"d":1.02603912,"p":56,"v":55},{"d":1.02603912,"p":59,"v":54}],"pos":-2.0,"size":1.30000007,"_time":119.972656},{"$id":"143","sounds":[{"d":1.02603912,"p":40,"v":28}],"pos":6.5,"size":1.30000007,"_time":119.972656},{"$id":"144","sounds":[{"d":0.9322891,"p":52,"v":56},{"d":0.9322891,"p":59,"v":47},{"d":0.9322891,"p":56,"v":59}],"pos":-2.0,"size":1.30000007,"_time":121.0},{"$id":"145","sounds":[{"d":2.234375,"p":52,"v":45},{"d":2.234375,"p":56,"v":41},{"d":2.24478912,"p":59,"v":45}],"pos":-2.0,"size":1.30000007,"_time":121.933594}],"links":[]}