{"speed":10.0,"notes":[{"$id":"1","sounds":[{"d":0.434662819,"p":41,"v":46}],"pos":4.5,"size":1.0,"_time":8.511719},{"$id":"2","sounds":[{"d":0.1155138,"p":57,"v":69}],"pos":-1.5,"size":1.0,"_time":8.9375},{"$id":"3","sounds":[{"d":0.213652611,"p":57,"v":88}],"pos":-1.5,"size":1.0,"_time":9.574219},{"$id":"4","sounds":[{"d":0.1695919,"p":41,"v":42}],"pos":4.5,"size":1.0,"_time":9.792969},{"$id":"5","sounds":[{"d":0.136525154,"p":57,"v":84}],"pos":-1.5,"size":1.0,"_time":10.0039063},{"$id":"6","sounds":[{"d":0.4762411,"p":46,"v":34}],"pos":5.0,"size":1.0,"_time":10.2109375},{"$id":"7","sounds":[{"d":0.137145042,"p":57,"v":89}],"pos":-1.5,"size":1.0,"_time":10.640625},{"$id":"8","sounds":[{"d":0.06848431,"p":46,"v":19}],"pos":5.0,"size":1.0,"_time":10.8554688},{"$id":"9","sounds":[{"d":0.150531769,"p":46,"v":24}],"pos":5.0,"size":1.0,"_time":11.0703125},{"$id":"10","sounds":[{"d":0.239140511,"p":57,"v":92}],"pos":-1.5,"size":1.0,"_time":11.28125},{"$id":"11","sounds":[{"d":0.2035904,"p":46,"v":56}],"pos":5.0,"size":1.0,"_time":11.4960938},{"$id":"12","sounds":[{"d":0.08856392,"p":57,"v":53}],"pos":-1.5,"size":1.0,"_time":11.7070313},{"$id":"13","sounds":[{"d":0.10908699,"p":45,"v":48}],"pos":4.625,"size":1.0,"_time":11.9179688},{"$id":"14","sounds":[{"d":0.168262482,"p":60,"v":99}],"pos":1.5,"size":1.0,"_time":12.3398438},{"$id":"15","sounds":[{"d":0.0609931946,"p":45,"v":46}],"pos":4.625,"size":1.0,"_time":12.5546875},{"$id":"16","sounds":[{"d":0.23931694,"p":45,"v":42}],"pos":4.625,"size":1.0,"_time":12.765625},{"$id":"17","sounds":[{"d":0.426639557,"p":60,"v":99}],"pos":1.5,"size":1.0,"_time":12.9804688},{"$id":"18","sounds":[{"d":0.17681694,"p":45,"v":61}],"pos":4.625,"size":1.0,"_time":13.1953125},{"$id":"19","sounds":[{"d":0.27056694,"p":58,"v":58}],"size":1.0,"_time":13.40625},{"$id":"20","sounds":[{"d":0.3773489,"p":46,"v":49}],"pos":4.75,"size":1.0,"_time":13.6210938},{"$id":"21","sounds":[{"d":0.505363464,"p":58,"v":85}],"size":1.0,"_time":14.0390625},{"$id":"22","sounds":[{"d":0.0803194046,"p":46,"v":41}],"pos":4.75,"size":1.0,"_time":14.2539063},{"$id":"23","sounds":[{"d":0.308288574,"p":46,"v":54}],"pos":4.75,"size":1.0,"_time":14.46875},{"$id":"24","sounds":[{"d":1.06861877,"p":58,"v":97}],"size":1.0,"_time":14.6835938},{"$id":"25","sounds":[{"d":0.139140129,"p":46,"v":68}],"pos":4.75,"size":1.0,"_time":14.8984375},{"$id":"26","sounds":[{"d":0.484797478,"p":57,"v":48}],"pos":-1.5,"size":1.0,"_time":15.1132813},{"$id":"27","sounds":[{"d":1.45119667,"p":84,"v":35}],"pos":9.5,"size":1.0,"_time":15.3085938},{"$id":"28","sounds":[{"d":1.3815155,"p":91,"v":51}],"pos":10.375,"size":1.0,"_time":15.3125},{"$id":"29","sounds":[{"d":0.372429848,"p":41,"v":70}],"pos":4.5,"size":1.0,"_time":15.3242188},{"$id":"30","sounds":[{"d":1.36462688,"p":96,"v":58}],"pos":11.0,"size":1.0,"_time":15.3242188},{"$id":"31","sounds":[{"d":0.249201775,"p":57,"v":80}],"pos":-1.5,"size":1.0,"_time":15.75},{"$id":"32","sounds":[{"d":0.116224289,"p":41,"v":31}],"pos":4.125,"size":1.0,"_time":16.171875},{"$id":"33","sounds":[{"d":0.297517776,"p":57,"v":98}],"pos":-1.5,"size":1.0,"_time":16.3828125},{"$id":"34","sounds":[{"d":0.224555969,"p":41,"v":86}],"pos":4.125,"size":1.0,"_time":16.5976563},{"$id":"35","sounds":[{"d":0.16746521,"p":57,"v":80}],"pos":-1.5,"size":1.0,"_time":16.8125},{"$id":"36","sounds":[{"d":1.35979462,"p":84,"v":40}],"pos":9.5,"size":1.0,"_time":17.0078125},{"$id":"37","sounds":[{"d":1.20642662,"p":89,"v":61}],"pos":10.125,"size":1.0,"_time":17.0195313},{"$id":"38","sounds":[{"d":1.08435249,"p":93,"v":66}],"pos":10.625,"size":1.0,"_time":17.0195313},{"$id":"39","sounds":[{"d":0.05407715,"p":46,"v":58}],"pos":4.75,"size":1.0,"_time":17.0234375},{"$id":"40","sounds":[{"d":0.153812408,"p":57,"v":99}],"pos":-1.5,"size":1.0,"_time":17.4453125},{"$id":"41","sounds":[{"d":0.09313011,"p":46,"v":61}],"pos":4.75,"size":1.0,"_time":17.6601563},{"$id":"42","sounds":[{"d":0.152791977,"p":46,"v":59}],"pos":4.75,"size":1.0,"_time":17.8789063},{"$id":"43","sounds":[{"d":0.156869888,"p":57,"v":92}],"pos":-1.5,"size":1.0,"_time":18.0859375},{"$id":"44","sounds":[{"d":0.14339447,"p":46,"v":85}],"pos":4.75,"size":1.0,"_time":18.3007813},{"$id":"45","sounds":[{"d":1.16884232,"p":81,"v":39}],"pos":9.125,"size":1.0,"_time":18.7070313},{"$id":"46","sounds":[{"d":0.98781395,"p":84,"v":67}],"pos":9.5,"size":1.0,"_time":18.71875},{"$id":"47","sounds":[{"d":0.433023453,"p":45,"v":73}],"pos":4.625,"size":1.0,"_time":18.7226563},{"$id":"48","sounds":[{"d":1.41015434,"p":89,"v":66}],"pos":10.125,"size":1.0,"_time":18.7226563},{"$id":"49","sounds":[{"d":0.3711872,"p":60,"v":69},{"d":0.373670578,"p":55,"v":57}],"size":1.0,"_time":18.7226563},{"$id":"50","sounds":[{"d":0.2011528,"p":60,"v":95},{"d":0.244062424,"p":55,"v":89}],"size":1.0,"_time":19.1523438},{"$id":"51","sounds":[{"d":0.423761368,"p":45,"v":56}],"pos":4.625,"size":1.0,"_time":19.3632813},{"$id":"52","sounds":[{"d":0.220966339,"p":60,"v":92},{"d":0.214672089,"p":55,"v":93}],"size":1.0,"_time":19.7890625},{"$id":"53","sounds":[{"d":0.171010971,"p":45,"v":65}],"pos":4.625,"size":1.0,"_time":20.0039063},{"$id":"54","sounds":[{"d":0.5513325,"p":62,"v":81},{"d":0.458467484,"p":57,"v":86}],"pos":1.5,"size":1.0,"_time":20.2148438},{"$id":"55","sounds":[{"d":1.280716,"p":77,"v":54}],"pos":8.625,"size":1.0,"_time":20.4101563},{"$id":"56","sounds":[{"d":1.162365,"p":81,"v":65}],"pos":9.125,"size":1.0,"_time":20.421875},{"$id":"57","sounds":[{"d":1.13005257,"p":84,"v":72}],"pos":9.5,"size":1.0,"_time":20.421875},{"$id":"58","sounds":[{"d":0.381782532,"p":46,"v":60}],"pos":4.75,"size":1.0,"_time":20.4296875},{"$id":"59","sounds":[{"d":0.157093048,"p":62,"v":93},{"d":0.154033661,"p":57,"v":89}],"pos":1.5,"size":1.0,"_time":20.8515625},{"$id":"60","sounds":[{"d":0.0800972,"p":46,"v":44}],"pos":4.75,"size":1.0,"_time":21.0625},{"$id":"61","sounds":[{"d":0.173669815,"p":46,"v":58}],"pos":4.75,"size":1.0,"_time":21.28125},{"$id":"62","sounds":[{"d":0.6857681,"p":62,"v":97},{"d":0.261611938,"p":57,"v":93}],"pos":1.5,"size":1.0,"_time":21.4882813},{"$id":"63","sounds":[{"d":0.29117775,"p":46,"v":77}],"pos":4.75,"size":1.0,"_time":21.703125},{"$id":"64","sounds":[{"d":0.654165268,"p":48,"v":50}],"pos":5.0,"size":1.0,"_time":21.9140625},{"$id":"65","sounds":[{"d":0.42956543,"p":41,"v":94}],"pos":4.125,"size":1.0,"_time":22.1210938},{"$id":"66","sounds":[{"d":0.544193268,"p":60,"v":70},{"d":0.367818832,"p":57,"v":63}],"pos":-1.5,"size":1.0,"_time":22.125},{"$id":"67","sounds":[{"d":3.09343719,"p":81,"v":60}],"pos":9.125,"size":1.0,"_time":22.1328125},{"$id":"68","sounds":[{"d":2.995655,"p":72,"v":42}],"pos":8.0,"size":1.0,"_time":22.1367188},{"$id":"69","sounds":[{"d":2.93541527,"p":77,"v":52}],"pos":8.625,"size":1.0,"_time":22.1367188},{"$id":"70","sounds":[{"d":0.252038956,"p":57,"v":79}],"pos":-1.5,"size":1.0,"_time":22.5546875},{"$id":"71","sounds":[{"d":0.48550415,"p":41,"v":63}],"pos":4.125,"size":1.0,"_time":22.765625},{"$id":"72","sounds":[{"d":0.2902031,"p":53,"v":49}],"pos":5.625,"size":1.0,"_time":22.9804688},{"$id":"73","sounds":[{"d":0.481689453,"p":60,"v":100}],"pos":1.5,"size":1.0,"_time":23.1953125},{"$id":"74","sounds":[{"d":0.242950439,"p":41,"v":90}],"pos":4.125,"size":1.0,"_time":23.40625},{"$id":"75","sounds":[{"d":0.218795776,"p":57,"v":83}],"pos":-1.5,"size":1.0,"_time":23.6210938},{"$id":"76","sounds":[{"d":0.437278748,"p":46,"v":55}],"pos":4.75,"size":1.0,"_time":23.8320313},{"$id":"77","sounds":[{"d":0.279699326,"p":53,"v":90}],"pos":5.5,"size":1.0,"_time":24.2578125},{"$id":"78","sounds":[{"d":0.09897995,"p":46,"v":51}],"pos":4.75,"size":1.0,"_time":24.46875},{"$id":"79","sounds":[{"d":0.2442379,"p":46,"v":41}],"pos":4.75,"size":1.0,"_time":24.6835938},{"$id":"80","sounds":[{"d":0.9098854,"p":60,"v":104}],"pos":1.5,"size":1.0,"_time":24.8945313},{"$id":"81","sounds":[{"d":0.1917553,"p":46,"v":68}],"pos":4.75,"size":1.0,"_time":25.1054688},{"$id":"82","sounds":[{"d":1.1647625,"p":57,"v":74}],"pos":-1.5,"size":1.0,"_time":25.3203125},{"$id":"83","sounds":[{"d":1.27163124,"p":76,"v":49}],"pos":8.5,"size":1.0,"_time":25.5234375},{"$id":"84","sounds":[{"d":0.390382767,"p":45,"v":72}],"pos":4.625,"size":1.0,"_time":25.53125},{"$id":"85","sounds":[{"d":1.19884872,"p":79,"v":66}],"pos":8.875,"size":1.0,"_time":25.5351563},{"$id":"86","sounds":[{"d":1.22313881,"p":84,"v":67}],"pos":9.5,"size":1.0,"_time":25.5390625},{"$id":"87","sounds":[{"d":0.360948563,"p":53,"v":79}],"pos":5.625,"size":1.0,"_time":25.9570313},{"$id":"88","sounds":[{"d":0.251241684,"p":45,"v":61}],"pos":4.625,"size":1.0,"_time":26.1679688},{"$id":"89","sounds":[{"d":0.6039448,"p":60,"v":96}],"pos":1.5,"size":1.0,"_time":26.3828125},{"$id":"90","sounds":[{"d":0.1512394,"p":45,"v":39}],"pos":4.625,"size":1.0,"_time":26.6992188},{"$id":"91","sounds":[{"d":0.116888046,"p":53,"v":66}],"pos":5.625,"size":1.0,"_time":26.8085938},{"$id":"92","sounds":[{"d":0.8590851,"p":57,"v":102}],"pos":-1.5,"size":1.0,"_time":27.0234375},{"$id":"93","sounds":[{"d":1.32916641,"p":79,"v":35}],"pos":8.875,"size":1.0,"_time":27.1328125},{"$id":"94","sounds":[{"d":1.29468155,"p":84,"v":63}],"pos":9.5,"size":1.0,"_time":27.2148438},{"$id":"95","sounds":[{"d":1.70492172,"p":88,"v":76}],"pos":10.0,"size":1.0,"_time":27.2148438},{"$id":"96","sounds":[{"d":0.145389557,"p":46,"v":58}],"pos":4.75,"size":1.0,"_time":27.234375},{"$id":"97","sounds":[{"d":0.598226547,"p":53,"v":36}],"pos":5.625,"size":1.0,"_time":27.4492188},{"$id":"98","sounds":[{"d":0.232446671,"p":46,"v":55}],"pos":4.75,"size":1.0,"_time":27.65625},{"$id":"99","sounds":[{"d":1.42199135,"p":60,"v":107}],"pos":1.5,"size":1.0,"_time":27.8710938},{"$id":"100","sounds":[{"d":0.93183136,"p":57,"v":71}],"pos":-1.5,"size":1.0,"_time":28.296875},{"$id":"101","sounds":[{"d":0.163608551,"p":46,"v":66}],"pos":4.75,"size":1.0,"_time":28.5039063},{"$id":"102","sounds":[{"d":0.642068863,"p":53,"v":45}],"pos":6.0,"size":1.0,"_time":28.7226563},{"$id":"103","sounds":[{"d":2.639452,"p":77,"v":68}],"pos":8.625,"size":1.0,"_time":28.9296875},{"$id":"104","sounds":[{"d":2.72544479,"p":84,"v":68}],"pos":9.5,"size":1.0,"_time":28.9296875},{"$id":"105","sounds":[{"d":2.62974358,"p":81,"v":65}],"pos":9.125,"size":1.0,"_time":28.9335938},{"$id":"106","sounds":[{"d":0.511745453,"p":41,"v":87}],"pos":4.125,"size":1.0,"_time":28.9335938},{"$id":"107","sounds":[{"d":0.296363831,"p":57,"v":97}],"pos":-1.5,"size":1.0,"_time":29.3632813},{"$id":"108","sounds":[{"d":0.405275345,"p":41,"v":78}],"pos":4.125,"size":1.0,"_time":29.5742188},{"$id":"109","sounds":[{"d":0.151906967,"p":53,"v":15}],"pos":5.625,"size":1.0,"_time":29.7890625},{"$id":"110","sounds":[{"d":0.8269501,"p":57,"v":100}],"pos":-1.5,"size":1.0,"_time":30.0},{"$id":"111","sounds":[{"d":0.272695541,"p":41,"v":85}],"pos":4.125,"size":1.0,"_time":30.2109375},{"$id":"112","sounds":[{"d":0.226905823,"p":60,"v":87}],"size":1.0,"_time":30.4257813},{"$id":"113","sounds":[{"d":0.4402485,"p":46,"v":61}],"pos":4.75,"size":1.0,"_time":30.640625},{"$id":"114","sounds":[{"d":0.397872925,"p":60,"v":101}],"pos":1.5,"size":1.0,"_time":31.0664063},{"$id":"115","sounds":[{"d":0.116046906,"p":46,"v":64}],"pos":4.75,"size":1.0,"_time":31.2773438},{"$id":"116","sounds":[{"d":0.1516838,"p":46,"v":48}],"pos":4.75,"size":1.0,"_time":31.4960938},{"$id":"117","sounds":[{"d":0.13927269,"p":60,"v":95}],"pos":1.5,"size":1.0,"_time":31.703125},{"$id":"118","sounds":[{"d":0.122251511,"p":46,"v":79}],"pos":4.75,"size":1.0,"_time":31.9140625},{"$id":"119","sounds":[{"d":0.150485992,"p":46,"v":53}],"pos":4.75,"size":1.0,"_time":32.1289063},{"$id":"120","sounds":[{"d":1.063385,"p":84,"v":40}],"pos":9.5,"size":1.0,"_time":32.33203},{"$id":"121","sounds":[{"d":0.351421356,"p":64,"v":72},{"d":0.393310547,"p":53,"v":49}],"size":1.0,"_time":32.3359375},{"$id":"122","sounds":[{"d":0.9335098,"p":88,"v":69}],"pos":10.0,"size":1.0,"_time":32.3359375},{"$id":"123","sounds":[{"d":0.425445557,"p":45,"v":63}],"pos":4.625,"size":1.0,"_time":32.3398438},{"$id":"124","sounds":[{"d":0.906913757,"p":91,"v":60}],"pos":10.375,"size":1.0,"_time":32.34375},{"$id":"125","sounds":[{"d":0.231647491,"p":64,"v":85},{"w":0.00390625,"d":0.250885,"p":53,"v":91}],"size":1.0,"_time":32.765625},{"$id":"126","sounds":[{"d":0.100440979,"p":45,"v":57}],"pos":4.625,"size":1.0,"_time":32.9765625},{"$id":"127","sounds":[{"d":0.202171326,"p":45,"v":42}],"pos":4.625,"size":1.0,"_time":33.1914063},{"$id":"128","sounds":[{"d":0.121940613,"p":64,"v":91},{"d":0.171451569,"p":53,"v":89}],"size":1.0,"_time":33.40625},{"$id":"129","sounds":[{"d":0.177837372,"p":45,"v":74}],"pos":4.625,"size":1.0,"_time":33.6210938},{"$id":"130","sounds":[{"d":0.471588135,"p":65,"v":82},{"w":0.00390625,"d":0.5286331,"p":58,"v":58},{"d":0.542243958,"p":53,"v":34}],"pos":1.5,"size":1.0,"_time":33.828125},{"$id":"131","sounds":[{"d":0.401416779,"p":46,"v":65}],"pos":4.75,"size":1.0,"_time":34.04297},{"$id":"132","sounds":[{"d":0.232139587,"p":65,"v":101},{"w":0.00390625,"d":0.239719391,"p":58,"v":96}],"pos":1.5,"size":1.0,"_time":34.4648438},{"$id":"133","sounds":[{"d":0.0849762,"p":46,"v":61}],"pos":4.75,"size":1.0,"_time":34.6796875},{"$id":"134","sounds":[{"d":0.180187225,"p":46,"v":70}],"pos":4.75,"size":1.0,"_time":34.89453},{"$id":"135","sounds":[{"d":0.127658844,"p":65,"v":99},{"d":0.08696747,"p":58,"v":98}],"pos":1.5,"size":1.0,"_time":35.10547},{"$id":"136","sounds":[{"d":0.201198578,"p":46,"v":61}],"pos":4.75,"size":1.0,"_time":35.3203125},{"$id":"137","sounds":[{"d":0.626903534,"p":48,"v":50}],"pos":5.0,"size":1.0,"_time":35.53125},{"$id":"138","sounds":[{"d":0.4229622,"p":41,"v":91}],"pos":4.125,"size":1.0,"_time":35.7421875},{"$id":"139","sounds":[{"d":0.421497345,"p":53,"v":78}],"pos":5.625,"size":1.0,"_time":35.7421875},{"$id":"140","sounds":[{"d":0.4066925,"p":81,"v":101}],"pos":1.5,"size":1.0,"_time":35.7421875},{"$id":"141","sounds":[{"d":0.444549561,"p":77,"v":104}],"size":1.0,"_time":36.16797},{"$id":"142","sounds":[{"d":0.32535553,"p":41,"v":79}],"pos":4.125,"size":1.0,"_time":36.3789063},{"$id":"143","sounds":[{"d":0.09924698,"p":72,"v":86}],"pos":-1.5,"size":1.0,"_time":36.59375},{"$id":"144","sounds":[{"d":0.2554512,"p":41,"v":65}],"pos":4.125,"size":1.0,"_time":36.8085938},{"$id":"145","sounds":[{"d":0.233776093,"p":77,"v":101}],"pos":6.0,"size":1.0,"_time":37.01953},{"$id":"146","sounds":[{"d":0.05425644,"p":70,"v":85}],"pos":-1.5,"size":1.0,"_time":37.234375},{"$id":"147","sounds":[{"d":0.243927,"p":46,"v":50}],"pos":4.75,"size":1.0,"_time":37.44922},{"$id":"148","sounds":[{"d":0.451507568,"p":72,"v":92}],"size":1.0,"_time":37.6640625},{"$id":"149","sounds":[{"d":0.209529877,"p":46,"v":68}],"pos":4.75,"size":1.0,"_time":37.875},{"$id":"150","sounds":[{"d":0.05908966,"p":70,"v":56}],"pos":7.0,"size":1.0,"_time":38.0898438},{"$id":"151","sounds":[{"d":0.5626335,"p":77,"v":108}],"pos":1.5,"size":1.0,"_time":38.30078},{"$id":"152","sounds":[{"d":0.104343414,"p":70,"v":47}],"size":1.0,"_time":38.7265625},{"$id":"153","sounds":[{"d":0.21559906,"p":46,"v":45}],"pos":4.75,"size":1.0,"_time":38.9335938},{"$id":"154","sounds":[{"d":0.407444,"p":45,"v":80}],"pos":4.625,"size":1.0,"_time":39.14453},{"$id":"155","sounds":[{"d":0.4588623,"p":79,"v":99}],"pos":1.5,"size":1.0,"_time":39.14453},{"$id":"156","sounds":[{"d":0.375309,"p":72,"v":63}],"pos":-1.5,"size":1.0,"_time":39.57422},{"$id":"157","sounds":[{"d":0.2891426,"p":45,"v":57}],"pos":4.625,"size":1.0,"_time":39.78125},{"$id":"158","sounds":[{"d":0.486881256,"p":76,"v":104}],"size":1.0,"_time":39.9960938},{"$id":"159","sounds":[{"d":0.3949051,"p":45,"v":58}],"pos":4.625,"size":1.0,"_time":40.2109375},{"$id":"160","sounds":[{"d":0.1796112,"p":72,"v":91}],"pos":-1.5,"size":1.0,"_time":40.42578},{"$id":"161","sounds":[{"d":0.241405487,"p":57,"v":40}],"pos":6.125,"size":1.0,"_time":40.63672},{"$id":"162","sounds":[{"d":0.181388855,"p":77,"v":98},{"w":0.00390625,"d":0.171855927,"p":65,"v":93}],"pos":1.5,"size":1.0,"_time":40.8476563},{"$id":"163","sounds":[{"d":0.132980347,"p":46,"v":64}],"pos":4.75,"size":1.0,"_time":40.8515625},{"$id":"164","sounds":[{"d":0.147029877,"p":53,"v":39}],"pos":5.625,"size":1.0,"_time":40.85547},{"$id":"165","sounds":[{"d":0.4718094,"p":72,"v":105},{"d":0.238471985,"p":65,"v":103}],"pos":0.5,"size":1.0,"_time":41.2773438},{"$id":"166","sounds":[{"d":0.2380333,"p":46,"v":79}],"pos":4.75,"size":1.0,"_time":41.4921875},{"$id":"167","sounds":[{"d":0.23865509,"p":53,"v":65}],"pos":5.625,"size":1.0,"_time":41.4921875},{"$id":"168","sounds":[{"d":0.08652496,"p":70,"v":105},{"w":0.00390625,"d":0.09955597,"p":65,"v":109}],"pos":-0.5,"size":1.0,"_time":41.703125},{"$id":"169","sounds":[{"d":0.1671524,"p":46,"v":67}],"pos":4.75,"size":1.0,"_time":41.91797},{"$id":"170","sounds":[{"d":0.07336044,"p":69,"v":102},{"d":0.0894508362,"p":65,"v":109}],"pos":-1.5,"size":1.0,"_time":42.1328125},{"$id":"171","sounds":[{"d":0.708068848,"p":53,"v":68}],"pos":5.625,"size":1.0,"_time":42.34375},{"$id":"172","sounds":[{"d":0.06826019,"p":84,"v":59}],"pos":9.5,"size":1.0,"_time":42.5546875},{"$id":"173","sounds":[{"d":0.0599708557,"p":77,"v":51}],"pos":8.625,"size":1.0,"_time":42.5546875},{"$id":"174","sounds":[{"d":0.104030609,"p":70,"v":54}],"pos":7.5,"size":1.0,"_time":42.5546875},{"$id":"175","sounds":[{"d":0.524822235,"p":65,"v":100}],"pos":6.5,"size":1.0,"_time":42.5546875},{"$id":"176","sounds":[{"d":0.354564667,"p":46,"v":97}],"pos":-2.0,"size":1.0,"_time":42.5546875},{"$id":"177","sounds":[{"d":0.5013313,"p":60,"v":100}],"pos":6.0,"size":1.0,"_time":42.5546875},{"$id":"178","sounds":[{"d":0.07575607,"p":84,"v":45}],"pos":9.5,"size":1.0,"_time":42.765625},{"$id":"179","sounds":[{"d":0.0646286,"p":77,"v":30}],"pos":8.625,"size":1.0,"_time":42.765625},{"$id":"180","sounds":[{"d":0.18075943,"p":41,"v":72}],"pos":4.125,"size":1.0,"_time":42.765625},{"$id":"181","sounds":[{"d":0.08599472,"p":70,"v":58}],"pos":7.5,"size":1.0,"_time":42.9765625},{"$id":"182","sounds":[{"d":0.0899848938,"p":77,"v":73}],"pos":8.625,"size":1.0,"_time":42.98047},{"$id":"183","sounds":[{"d":0.123096466,"p":41,"v":80}],"pos":4.125,"size":1.0,"_time":42.98047},{"$id":"184","sounds":[{"d":0.405323029,"p":52,"v":90}],"pos":-1.0,"size":1.0,"_time":42.98047},{"$id":"185","sounds":[{"d":0.09547806,"p":46,"v":76}],"pos":4.75,"size":1.0,"_time":42.98047},{"$id":"186","sounds":[{"d":0.101596832,"p":84,"v":81}],"pos":9.5,"size":1.0,"_time":42.98047},{"$id":"187","sounds":[{"d":0.08550644,"p":84,"v":62}],"pos":9.5,"size":1.0,"_time":43.1875},{"$id":"188","sounds":[{"d":0.0762863159,"p":77,"v":53}],"pos":8.625,"size":1.0,"_time":43.1875},{"$id":"189","sounds":[{"d":0.1266861,"p":41,"v":71}],"pos":4.125,"size":1.0,"_time":43.1914063},{"$id":"190","sounds":[{"d":0.09286499,"p":46,"v":73}],"pos":4.75,"size":1.0,"_time":43.1914063},{"$id":"191","sounds":[{"d":0.104743958,"p":70,"v":62}],"pos":7.5,"size":1.0,"_time":43.4023438},{"$id":"192","sounds":[{"d":0.09383774,"p":41,"v":85}],"pos":4.125,"size":1.0,"_time":43.4023438},{"$id":"193","sounds":[{"d":0.402347565,"p":53,"v":116}],"size":1.0,"_time":43.4023438},{"$id":"194","sounds":[{"d":0.0998687744,"p":46,"v":92}],"pos":4.75,"size":1.0,"_time":43.4023438},{"$id":"195","sounds":[{"d":0.09423828,"p":77,"v":79}],"pos":8.625,"size":1.0,"_time":43.4023438},{"$id":"196","sounds":[{"d":0.0948143,"p":84,"v":83}],"pos":9.5,"size":1.0,"_time":43.40625},{"$id":"197","sounds":[{"d":0.119411469,"p":84,"v":58}],"pos":9.5,"size":1.0,"_time":43.6171875},{"$id":"198","sounds":[{"d":0.115112305,"p":46,"v":85}],"pos":4.75,"size":1.0,"_time":43.6171875},{"$id":"199","sounds":[{"d":0.105491638,"p":41,"v":85}],"pos":4.125,"size":1.0,"_time":43.6171875},{"$id":"200","sounds":[{"d":0.05709076,"p":77,"v":40}],"pos":8.625,"size":1.0,"_time":43.6210938},{"$id":"201","sounds":[{"d":0.12752533,"p":70,"v":68}],"pos":7.5,"size":1.0,"_time":43.828125},{"$id":"202","sounds":[{"d":0.111125946,"p":55,"v":111}],"pos":1.0,"size":1.0,"_time":43.828125},{"$id":"203","sounds":[{"d":0.0968971252,"p":41,"v":92}],"pos":4.125,"size":1.0,"_time":43.828125},{"$id":"204","sounds":[{"d":0.08523941,"p":46,"v":100}],"pos":4.75,"size":1.0,"_time":43.828125},{"$id":"205","sounds":[{"d":0.08856201,"p":77,"v":74}],"pos":8.625,"size":1.0,"_time":43.83203},{"$id":"206","sounds":[{"d":0.09902573,"p":84,"v":77}],"pos":9.5,"size":1.0,"_time":43.83203},{"$id":"207","sounds":[{"d":0.08213806,"p":84,"v":64}],"pos":9.5,"size":1.0,"_time":44.04297},{"$id":"208","sounds":[{"d":0.0423316956,"p":77,"v":51}],"pos":8.625,"size":1.0,"_time":44.046875},{"$id":"209","sounds":[{"d":0.109485626,"p":72,"v":76}],"pos":7.5,"size":1.0,"_time":44.2539063},{"$id":"210","sounds":[{"d":0.29126358,"p":52,"v":65}],"pos":-1.0,"size":1.0,"_time":44.2539063},{"$id":"211","sounds":[{"d":0.3877182,"p":43,"v":69}],"pos":4.375,"size":1.0,"_time":44.2539063},{"$id":"212","sounds":[{"d":0.316619873,"p":36,"v":72}],"pos":3.5,"size":1.0,"_time":44.2539063},{"$id":"213","sounds":[{"d":0.235813141,"p":64,"v":76}],"pos":6.5,"size":1.0,"_time":44.2539063},{"$id":"214","sounds":[{"d":0.194374084,"p":48,"v":71}],"pos":5.0,"size":1.0,"_time":44.2539063},{"$id":"215","sounds":[{"d":0.08134079,"p":79,"v":80}],"pos":8.875,"size":1.0,"_time":44.2539063},{"$id":"216","sounds":[{"d":0.0738945,"p":84,"v":82}],"pos":9.5,"size":1.0,"_time":44.2578125},{"$id":"217","sounds":[{"d":0.0569992065,"p":79,"v":40}],"pos":8.875,"size":1.0,"_time":44.46875},{"$id":"218","sounds":[{"d":0.06041336,"p":84,"v":41}],"pos":9.5,"size":1.0,"_time":44.46875},{"$id":"219","sounds":[{"d":0.04800415,"p":48,"v":50}],"pos":5.0,"size":1.0,"_time":44.46875},{"$id":"220","sounds":[{"d":0.09415054,"p":79,"v":86}],"pos":8.875,"size":1.0,"_time":44.6796875},{"$id":"221","sounds":[{"d":0.08156204,"p":84,"v":90}],"pos":9.5,"size":1.0,"_time":44.6796875},{"$id":"222","sounds":[{"d":0.264007568,"p":65,"v":104}],"pos":6.5,"size":1.0,"_time":44.6796875},{"$id":"223","sounds":[{"d":0.326065063,"p":53,"v":95}],"size":1.0,"_time":44.6796875},{"$id":"224","sounds":[{"d":0.1837349,"p":43,"v":59}],"pos":4.375,"size":1.0,"_time":44.6796875},{"$id":"225","sounds":[{"d":0.1266861,"p":36,"v":79}],"pos":3.5,"size":1.0,"_time":44.6796875},{"$id":"226","sounds":[{"d":0.114051819,"p":48,"v":83}],"pos":5.0,"size":1.0,"_time":44.6796875},{"$id":"227","sounds":[{"d":0.117107391,"p":36,"v":80}],"pos":3.5,"size":1.0,"_time":44.89453},{"$id":"228","sounds":[{"d":0.146938324,"p":43,"v":65}],"pos":4.375,"size":1.0,"_time":44.89453},{"$id":"229","sounds":[{"d":0.123668671,"p":48,"v":77}],"pos":5.0,"size":1.0,"_time":44.89453},{"$id":"230","sounds":[{"d":0.09317398,"p":72,"v":51}],"pos":7.5,"size":1.0,"_time":44.89453},{"$id":"231","sounds":[{"d":0.0479164124,"p":84,"v":53}],"pos":9.5,"size":1.0,"_time":44.89453},{"$id":"232","sounds":[{"d":0.06338501,"p":79,"v":33}],"pos":8.875,"size":1.0,"_time":44.8984375},{"$id":"233","sounds":[{"d":0.105895996,"p":79,"v":78}],"pos":8.875,"size":1.0,"_time":45.10547},{"$id":"234","sounds":[{"d":0.113075256,"p":36,"v":90}],"pos":3.5,"size":1.0,"_time":45.10547},{"$id":"235","sounds":[{"d":0.11706543,"p":43,"v":88}],"pos":4.375,"size":1.0,"_time":45.10547},{"$id":"236","sounds":[{"d":0.104919434,"p":84,"v":85}],"pos":9.5,"size":1.0,"_time":45.10547},{"$id":"237","sounds":[{"d":0.07863617,"p":67,"v":88}],"pos":7.0,"size":1.0,"_time":45.10547},{"$id":"238","sounds":[{"d":0.08985138,"p":55,"v":107}],"pos":1.0,"size":1.0,"_time":45.10547},{"$id":"239","sounds":[{"d":0.103458405,"p":48,"v":90}],"pos":5.0,"size":1.0,"_time":45.10547},{"$id":"240","sounds":[{"d":0.0973434448,"p":84,"v":68}],"pos":9.5,"size":1.0,"_time":45.3203125},{"$id":"241","sounds":[{"d":0.132316589,"p":36,"v":83}],"pos":3.5,"size":1.0,"_time":45.3203125},{"$id":"242","sounds":[{"d":0.143310547,"p":43,"v":82}],"pos":4.375,"size":1.0,"_time":45.3203125},{"$id":"243","sounds":[{"d":0.118087769,"p":48,"v":90}],"pos":5.0,"size":1.0,"_time":45.3203125},{"$id":"244","sounds":[{"d":0.06977081,"p":79,"v":53}],"pos":8.875,"size":1.0,"_time":45.3203125},{"$id":"245","sounds":[{"d":0.0918464661,"p":57,"v":104}],"pos":2.0,"size":1.0,"_time":45.53125},{"$id":"246","sounds":[{"d":0.118091583,"p":36,"v":77}],"pos":3.5,"size":1.0,"_time":45.53125},{"$id":"247","sounds":[{"d":0.0892295837,"p":48,"v":100}],"pos":5.0,"size":1.0,"_time":45.53125},{"$id":"248","sounds":[{"d":0.07065582,"p":43,"v":97}],"pos":4.375,"size":1.0,"_time":45.53125},{"$id":"249","sounds":[{"d":0.08124924,"p":69,"v":107}],"pos":7.0,"size":1.0,"_time":45.53125},{"$id":"250","sounds":[{"d":0.105545044,"p":72,"v":72}],"pos":7.5,"size":1.0,"_time":45.53125},{"$id":"251","sounds":[{"d":0.09331131,"p":79,"v":81}],"pos":8.875,"size":1.0,"_time":45.53125},{"$id":"252","sounds":[{"d":0.10798645,"p":84,"v":84}],"pos":9.5,"size":1.0,"_time":45.5351563},{"$id":"253","sounds":[{"d":0.0428199768,"p":84,"v":54}],"pos":9.5,"size":1.0,"_time":45.7460938},{"$id":"254","sounds":[{"d":0.06347275,"p":79,"v":51}],"pos":8.875,"size":1.0,"_time":45.7460938},{"$id":"255","sounds":[{"d":0.2847519,"p":73,"v":83}],"pos":8.125,"size":1.0,"_time":45.95703},{"$id":"256","sounds":[{"d":0.220169067,"p":85,"v":90}],"pos":9.625,"size":1.0,"_time":45.95703},{"$id":"257","sounds":[{"d":0.175663,"p":37,"v":63}],"pos":3.625,"size":1.0,"_time":45.95703},{"$id":"258","sounds":[{"d":0.2109909,"p":53,"v":79}],"pos":-2.0,"size":1.0,"_time":45.95703},{"$id":"259","sounds":[{"d":0.12770462,"p":44,"v":68}],"pos":4.5,"size":1.0,"_time":45.95703},{"$id":"260","sounds":[{"d":0.118083954,"p":49,"v":73}],"pos":5.125,"size":1.0,"_time":45.95703},{"$id":"261","sounds":[{"d":0.16254425,"p":65,"v":88}],"pos":7.125,"size":1.0,"_time":45.95703},{"$id":"262","sounds":[{"d":0.187988281,"p":77,"v":72}],"pos":8.625,"size":1.0,"_time":45.95703},{"$id":"263","sounds":[{"d":0.0794754,"p":76,"v":34}],"pos":8.5,"size":1.0,"_time":45.9609375},{"$id":"264","sounds":[{"d":0.135284424,"p":44,"v":73}],"pos":4.5,"size":1.0,"_time":46.171875},{"$id":"265","sounds":[{"d":0.125663757,"p":49,"v":75}],"pos":5.125,"size":1.0,"_time":46.171875},{"$id":"266","sounds":[{"d":0.119102478,"p":37,"v":80}],"pos":3.625,"size":1.0,"_time":46.171875},{"$id":"267","sounds":[{"d":0.121189117,"p":73,"v":83}],"pos":8.125,"size":1.0,"_time":46.3828125},{"$id":"268","sounds":[{"d":0.102394104,"p":85,"v":91}],"pos":9.625,"size":1.0,"_time":46.3828125},{"$id":"269","sounds":[{"d":0.107624054,"p":77,"v":89}],"pos":8.625,"size":1.0,"_time":46.3828125},{"$id":"270","sounds":[{"d":0.1090889,"p":44,"v":88}],"pos":4.5,"size":1.0,"_time":46.3828125},{"$id":"271","sounds":[{"d":0.104476929,"p":37,"v":85}],"pos":3.625,"size":1.0,"_time":46.3828125},{"$id":"272","sounds":[{"d":0.06764221,"p":55,"v":107}],"pos":-1.0,"size":1.0,"_time":46.3828125},{"$id":"273","sounds":[{"d":0.09024811,"p":67,"v":107}],"pos":7.375,"size":1.0,"_time":46.3828125},{"$id":"274","sounds":[{"d":0.09649658,"p":49,"v":90}],"pos":5.125,"size":1.0,"_time":46.3828125},{"$id":"275","sounds":[{"d":0.104301453,"p":85,"v":49}],"pos":9.625,"size":1.0,"_time":46.59375},{"$id":"276","sounds":[{"d":0.128326416,"p":49,"v":95}],"pos":5.125,"size":1.0,"_time":46.5976563},{"$id":"277","sounds":[{"d":0.136703491,"p":44,"v":92}],"pos":4.5,"size":1.0,"_time":46.5976563},{"$id":"278","sounds":[{"d":0.116092682,"p":37,"v":88}],"pos":3.625,"size":1.0,"_time":46.5976563},{"$id":"279","sounds":[{"d":0.06777573,"p":77,"v":43}],"pos":8.625,"size":1.0,"_time":46.5976563},{"$id":"280","sounds":[{"d":0.08989334,"p":68,"v":107}],"pos":7.5,"size":1.0,"_time":46.8085938},{"$id":"281","sounds":[{"d":0.0958786,"p":49,"v":102}],"pos":5.125,"size":1.0,"_time":46.8085938},{"$id":"282","sounds":[{"d":0.100486755,"p":44,"v":102}],"pos":4.5,"size":1.0,"_time":46.8085938},{"$id":"283","sounds":[{"d":0.0686607361,"p":56,"v":104}],"size":1.0,"_time":46.8085938},{"$id":"284","sounds":[{"d":0.0822258,"p":37,"v":92}],"pos":3.625,"size":1.0,"_time":46.8085938},{"$id":"285","sounds":[{"d":0.127124786,"p":73,"v":77}],"pos":8.125,"size":1.0,"_time":46.8085938},{"$id":"286","sounds":[{"d":0.08523941,"p":85,"v":90}],"pos":9.625,"size":1.0,"_time":46.8085938},{"$id":"287","sounds":[{"d":0.0606384277,"p":77,"v":77}],"pos":8.625,"size":1.0,"_time":46.8085938},{"$id":"288","sounds":[{"d":0.103858948,"p":85,"v":75}],"pos":9.625,"size":1.0,"_time":47.01953},{"$id":"289","sounds":[{"d":0.0958328247,"p":49,"v":85}],"pos":5.125,"size":1.0,"_time":47.01953},{"$id":"290","sounds":[{"d":0.08887482,"p":44,"v":85}],"pos":4.5,"size":1.0,"_time":47.01953},{"$id":"291","sounds":[{"d":0.0484046936,"p":37,"v":75}],"pos":3.625,"size":1.0,"_time":47.01953},{"$id":"292","sounds":[{"d":0.053768158,"p":77,"v":48}],"pos":8.625,"size":1.0,"_time":47.0234375},{"$id":"293","sounds":[{"d":0.116535187,"p":73,"v":79}],"pos":8.125,"size":1.0,"_time":47.234375},{"$id":"294","sounds":[{"d":0.08825302,"p":58,"v":107}],"pos":1.0,"size":1.0,"_time":47.234375},{"$id":"295","sounds":[{"d":0.09951019,"p":37,"v":100}],"pos":3.625,"size":1.0,"_time":47.234375},{"$id":"296","sounds":[{"d":0.08023071,"p":44,"v":100}],"pos":4.5,"size":1.0,"_time":47.234375},{"$id":"297","sounds":[{"d":0.0782814,"p":49,"v":102}],"pos":5.125,"size":1.0,"_time":47.234375},{"$id":"298","sounds":[{"d":0.08124924,"p":70,"v":104}],"pos":7.75,"size":1.0,"_time":47.234375},{"$id":"299","sounds":[{"d":0.107357025,"p":85,"v":89}],"pos":9.625,"size":1.0,"_time":47.234375},{"$id":"300","sounds":[{"d":0.090423584,"p":77,"v":78}],"pos":8.625,"size":1.0,"_time":47.234375},{"$id":"301","sounds":[{"d":0.0656471252,"p":49,"v":88}],"pos":5.125,"size":1.0,"_time":47.4453125},{"$id":"302","sounds":[{"d":0.06303024,"p":85,"v":70}],"pos":9.625,"size":1.0,"_time":47.4453125},{"$id":"303","sounds":[{"d":0.1385231,"p":75,"v":77}],"pos":8.375,"size":1.0,"_time":47.6601563},{"$id":"304","sounds":[{"d":0.14131546,"p":55,"v":90}],"pos":-1.0,"size":1.0,"_time":47.6601563},{"$id":"305","sounds":[{"d":0.160907745,"p":51,"v":74}],"pos":5.0,"size":1.0,"_time":47.6601563},{"$id":"306","sounds":[{"d":0.177131653,"p":39,"v":72}],"pos":3.875,"size":1.0,"_time":47.6601563},{"$id":"307","sounds":[{"d":0.129302979,"p":67,"v":95}],"pos":7.375,"size":1.0,"_time":47.6601563},{"$id":"308","sounds":[{"d":0.108470917,"p":79,"v":69}],"pos":8.875,"size":1.0,"_time":47.6601563},{"$id":"309","sounds":[{"d":0.05939865,"p":87,"v":64}],"pos":9.875,"size":1.0,"_time":47.6601563},{"$id":"310","sounds":[{"d":0.09778595,"p":79,"v":46}],"pos":8.875,"size":1.0,"_time":47.8710938},{"$id":"311","sounds":[{"d":0.12052536,"p":87,"v":46}],"pos":9.875,"size":1.0,"_time":47.8710938},{"$id":"312","sounds":[{"d":0.133335114,"p":51,"v":82}],"pos":5.0,"size":1.0,"_time":47.8710938},{"$id":"313","sounds":[{"d":0.119106293,"p":39,"v":75}],"pos":3.875,"size":1.0,"_time":47.8710938},{"$id":"314","sounds":[{"d":0.09649658,"p":51,"v":100}],"pos":5.0,"size":1.0,"_time":48.0859375},{"$id":"315","sounds":[{"d":0.10709,"p":39,"v":90}],"pos":3.875,"size":1.0,"_time":48.0859375},{"$id":"316","sounds":[{"d":0.0660438538,"p":56,"v":111}],"size":1.0,"_time":48.0859375},{"$id":"317","sounds":[{"d":0.07624054,"p":68,"v":111}],"pos":7.5,"size":1.0,"_time":48.0859375},{"$id":"318","sounds":[{"d":0.117729187,"p":75,"v":77}],"pos":8.375,"size":1.0,"_time":48.0859375},{"$id":"319","sounds":[{"d":0.110370636,"p":79,"v":83}],"pos":8.875,"size":1.0,"_time":48.0859375},{"$id":"320","sounds":[{"d":0.101417542,"p":87,"v":82}],"pos":9.875,"size":1.0,"_time":48.0859375},{"$id":"321","sounds":[{"d":0.142688751,"p":87,"v":77}],"pos":9.875,"size":1.0,"_time":48.296875},{"$id":"322","sounds":[{"d":0.116092682,"p":79,"v":72}],"pos":8.875,"size":1.0,"_time":48.296875},{"$id":"323","sounds":[{"d":0.1296997,"p":39,"v":79}],"pos":3.875,"size":1.0,"_time":48.296875},{"$id":"324","sounds":[{"d":0.122695923,"p":51,"v":104}],"pos":5.0,"size":1.0,"_time":48.296875},{"$id":"325","sounds":[{"d":0.100711823,"p":79,"v":86}],"pos":8.875,"size":1.0,"_time":48.5078125},{"$id":"326","sounds":[{"d":0.127529144,"p":87,"v":96}],"pos":9.875,"size":1.0,"_time":48.51172},{"$id":"327","sounds":[{"d":0.115783691,"p":75,"v":86}],"pos":8.375,"size":1.0,"_time":48.51172},{"$id":"328","sounds":[{"d":0.0958786,"p":39,"v":73}],"pos":3.875,"size":1.0,"_time":48.51172},{"$id":"329","sounds":[{"d":0.06666565,"p":58,"v":100}],"pos":1.0,"size":1.0,"_time":48.51172},{"$id":"330","sounds":[{"d":0.08825302,"p":70,"v":102}],"pos":7.75,"size":1.0,"_time":48.51172},{"$id":"331","sounds":[{"d":0.08989334,"p":51,"v":102}],"pos":5.0,"size":1.0,"_time":48.51172},{"$id":"332","sounds":[{"d":0.1271286,"p":87,"v":90}],"pos":9.875,"size":1.0,"_time":48.7226563},{"$id":"333","sounds":[{"d":0.0941925049,"p":79,"v":74}],"pos":8.875,"size":1.0,"_time":48.7226563},{"$id":"334","sounds":[{"d":0.129299164,"p":39,"v":85}],"pos":3.875,"size":1.0,"_time":48.7226563},{"$id":"335","sounds":[{"d":0.07265091,"p":51,"v":90}],"pos":5.0,"size":1.0,"_time":48.7226563},{"$id":"336","sounds":[{"d":0.116752625,"p":75,"v":88}],"pos":8.375,"size":1.0,"_time":48.9375},{"$id":"337","sounds":[{"d":0.118793488,"p":87,"v":93}],"pos":9.875,"size":1.0,"_time":48.9375},{"$id":"338","sounds":[{"d":0.114093781,"p":60,"v":107}],"pos":2.0,"size":1.0,"_time":48.9375},{"$id":"339","sounds":[{"d":0.109485626,"p":72,"v":92}],"pos":8.0,"size":1.0,"_time":48.9375},{"$id":"340","sounds":[{"d":0.087677,"p":79,"v":82}],"pos":8.875,"size":1.0,"_time":48.9375},{"$id":"341","sounds":[{"d":0.101638794,"p":79,"v":63}],"pos":8.875,"size":1.0,"_time":49.14453},{"$id":"342","sounds":[{"d":0.09334946,"p":87,"v":70}],"pos":9.875,"size":1.0,"_time":49.14453},{"$id":"343","sounds":[{"d":0.232181549,"p":36,"v":77}],"pos":3.5,"size":1.0,"_time":49.1484375},{"$id":"344","sounds":[{"d":0.3551407,"p":89,"v":83}],"pos":1.5,"size":1.0,"_time":49.359375},{"$id":"345","sounds":[{"d":0.272472382,"p":84,"v":82}],"pos":9.5,"size":1.0,"_time":49.359375},{"$id":"346","sounds":[{"d":0.2850151,"p":77,"v":71}],"pos":8.625,"size":1.0,"_time":49.359375},{"$id":"347","sounds":[{"d":0.4189682,"p":60,"v":90},{"d":0.436168671,"p":41,"v":76},{"d":7.23503876,"p":53,"v":83},{"d":0.43315506,"p":29,"v":86},{"d":1.39219284,"p":48,"v":88}],"pos":-1.5,"size":1.30000007,"_time":49.36328},{"$id":"348","sounds":[{"d":0.411964417,"p":69,"v":96}],"pos":7.625,"size":1.0,"_time":49.36328},{"$id":"349","sounds":[{"d":0.3957405,"p":72,"v":100}],"pos":8.0,"size":1.0,"_time":49.36328},{"$id":"350","sounds":[{"d":0.04348755,"p":84,"v":61}],"pos":8.5,"size":1.0,"_time":49.7773438},{"$id":"351","sounds":[{"d":0.447784424,"p":65,"v":102}],"pos":7.125,"size":1.0,"_time":49.7890625},{"$id":"352","sounds":[{"d":0.444366455,"p":81,"v":103}],"pos":0.5,"size":1.0,"_time":49.9960938},{"$id":"353","sounds":[{"d":0.354919434,"p":41,"v":82}],"pos":4.125,"size":1.0,"_time":50.0},{"$id":"354","sounds":[{"d":0.474994659,"p":60,"v":90}],"pos":6.5,"size":1.0,"_time":50.2109375},{"$id":"355","sounds":[{"d":0.404472351,"p":79,"v":101}],"pos":-1.5,"size":1.0,"_time":50.421875},{"$id":"356","sounds":[{"d":0.234172821,"p":41,"v":81}],"pos":4.125,"size":1.0,"_time":50.42578},{"$id":"357","sounds":[{"d":0.217594147,"p":65,"v":85}],"pos":7.125,"size":1.0,"_time":50.63672},{"$id":"358","sounds":[{"d":1.10926056,"p":82,"v":105}],"pos":0.5,"size":1.0,"_time":50.8515625},{"$id":"359","sounds":[{"d":0.492198944,"p":58,"v":97}],"pos":6.25,"size":1.0,"_time":50.8515625},{"$id":"360","sounds":[{"d":0.344280243,"p":46,"v":72}],"pos":4.75,"size":1.0,"_time":51.0625},{"$id":"361","sounds":[{"d":0.611698151,"p":60,"v":83}],"pos":6.5,"size":1.0,"_time":51.2773438},{"$id":"362","sounds":[{"d":0.4653778,"p":46,"v":80}],"pos":4.75,"size":1.0,"_time":51.48828},{"$id":"363","sounds":[{"d":0.336700439,"p":58,"v":82}],"pos":6.25,"size":1.0,"_time":51.703125},{"$id":"364","sounds":[{"d":0.425930023,"p":65,"v":104}],"pos":7.125,"size":1.0,"_time":51.9140625},{"$id":"365","sounds":[{"d":0.2912674,"p":46,"v":90}],"pos":4.75,"size":1.0,"_time":52.1289063},{"$id":"366","sounds":[{"d":0.948051453,"p":58,"v":92}],"pos":6.25,"size":1.0,"_time":52.3398438},{"$id":"367","sounds":[{"d":0.2166214,"p":46,"v":88}],"pos":4.75,"size":1.0,"_time":52.5546875},{"$id":"368","sounds":[{"d":1.30394363,"p":72,"v":49}],"pos":7.5,"size":1.0,"_time":52.7539063},{"$id":"369","sounds":[{"d":0.975307465,"p":84,"v":83},{"d":1.07987213,"p":79,"v":68}],"pos":1.5,"size":1.0,"_time":52.76172},{"$id":"370","sounds":[{"d":0.491622925,"p":45,"v":90}],"pos":4.625,"size":1.0,"_time":52.765625},{"$id":"371","sounds":[{"d":0.8339081,"p":67,"v":97}],"pos":6.0,"size":1.0,"_time":52.765625},{"$id":"372","sounds":[{"d":0.417327881,"p":60,"v":95}],"pos":6.5,"size":1.0,"_time":53.1914063},{"$id":"373","sounds":[{"d":0.314094543,"p":45,"v":90}],"pos":4.625,"size":1.0,"_time":53.4023438},{"$id":"374","sounds":[{"d":0.522338867,"p":76,"v":89}],"pos":-1.5,"size":1.0,"_time":53.40625},{"$id":"375","sounds":[{"d":0.5562935,"p":64,"v":100}],"pos":7.0,"size":1.0,"_time":53.6171875},{"$id":"376","sounds":[{"d":0.20798111,"p":45,"v":76}],"pos":4.625,"size":1.0,"_time":53.828125},{"$id":"377","sounds":[{"d":0.189403534,"p":60,"v":71}],"pos":6.5,"size":1.0,"_time":54.04297},{"$id":"378","sounds":[{"d":0.6749954,"p":65,"v":116}],"pos":7.125,"size":1.0,"_time":54.2539063},{"$id":"379","sounds":[{"d":0.274642944,"p":46,"v":73}],"pos":4.75,"size":1.0,"_time":54.46875},{"$id":"380","sounds":[{"d":1.55043411,"p":77,"v":64},{"d":1.41572571,"p":86,"v":70},{"w":0.00390625,"d":1.42645645,"p":82,"v":64}],"size":1.0,"_time":54.46875},{"$id":"381","sounds":[{"d":0.4063797,"p":60,"v":68}],"pos":6.5,"size":1.0,"_time":54.6796875},{"$id":"382","sounds":[{"d":0.539093,"p":46,"v":80}],"pos":4.75,"size":1.0,"_time":54.89453},{"$id":"383","sounds":[{"d":0.402347565,"p":64,"v":104}],"pos":7.0,"size":1.0,"_time":55.10547},{"$id":"384","sounds":[{"d":0.5861206,"p":60,"v":102}],"pos":6.5,"size":1.0,"_time":55.53125},{"$id":"385","sounds":[{"d":0.417949677,"p":46,"v":81}],"pos":4.75,"size":1.0,"_time":55.7460938},{"$id":"386","sounds":[{"d":0.6401596,"p":58,"v":66}],"pos":6.25,"size":1.0,"_time":55.95703},{"$id":"387","sounds":[{"d":0.465381622,"p":41,"v":81}],"pos":4.125,"size":1.0,"_time":56.171875},{"$id":"388","sounds":[{"d":0.401332855,"p":69,"v":97}],"pos":-1.5,"size":1.0,"_time":56.171875},{"$id":"389","sounds":[{"d":0.417686462,"p":60,"v":62}],"pos":6.5,"size":1.0,"_time":56.171875},{"$id":"390","sounds":[{"d":0.117061615,"p":72,"v":68}],"pos":9.0,"size":1.0,"_time":56.59375},{"$id":"391","sounds":[{"d":0.462409973,"p":65,"v":92}],"pos":7.125,"size":1.0,"_time":56.5976563},{"$id":"392","sounds":[{"d":0.401374817,"p":41,"v":102}],"pos":4.125,"size":1.0,"_time":56.8085938},{"$id":"393","sounds":[{"d":0.433822632,"p":81,"v":103}],"pos":1.5,"size":1.0,"_time":56.8085938},{"$id":"394","sounds":[{"d":0.432582855,"p":60,"v":90}],"pos":6.5,"size":1.0,"_time":57.01953},{"$id":"395","sounds":[{"d":0.329742432,"p":79,"v":100}],"pos":-0.5,"size":1.0,"_time":57.23828},{"$id":"396","sounds":[{"d":0.236213684,"p":41,"v":97}],"pos":4.125,"size":1.0,"_time":57.4453125},{"$id":"397","sounds":[{"d":0.2292099,"p":65,"v":92}],"pos":7.125,"size":1.0,"_time":57.4453125},{"$id":"398","sounds":[{"d":0.4471588,"p":58,"v":107}],"pos":6.25,"size":1.0,"_time":57.6601563},{"$id":"399","sounds":[{"d":1.11919022,"p":82,"v":110}],"pos":1.5,"size":1.0,"_time":57.6640625},{"$id":"400","sounds":[{"d":0.29782486,"p":46,"v":82}],"pos":4.75,"size":1.0,"_time":57.8710938},{"$id":"401","sounds":[{"d":0.544677734,"p":60,"v":104}],"pos":6.5,"size":1.0,"_time":58.0859375},{"$id":"402","sounds":[{"d":0.441177368,"p":46,"v":95}],"pos":4.75,"size":1.0,"_time":58.296875},{"$id":"403","sounds":[{"d":0.2650261,"p":58,"v":95}],"pos":6.25,"size":1.0,"_time":58.51172},{"$id":"404","sounds":[{"d":0.397743225,"p":65,"v":104}],"pos":7.125,"size":1.0,"_time":58.7226563},{"$id":"405","sounds":[{"d":0.265426636,"p":46,"v":81}],"pos":4.75,"size":1.0,"_time":58.9375},{"$id":"406","sounds":[{"d":0.4245987,"p":58,"v":97}],"pos":6.25,"size":1.0,"_time":59.1484375},{"$id":"407","sounds":[{"d":0.185150146,"p":46,"v":90}],"pos":4.75,"size":1.0,"_time":59.36328},{"$id":"408","sounds":[{"d":1.09822464,"p":79,"v":96},{"w":0.00390625,"d":0.8369217,"p":67,"v":102},{"w":0.00390625,"d":1.23430634,"p":84,"v":98}],"pos":-1.5,"size":1.0,"_time":59.5703125},{"$id":"409","sounds":[{"d":0.5562515,"p":45,"v":90}],"pos":4.625,"size":1.0,"_time":59.57422},{"$id":"410","sounds":[{"d":0.382133484,"p":60,"v":88}],"pos":6.5,"size":1.0,"_time":60.0},{"$id":"411","sounds":[{"d":0.276638031,"p":45,"v":95}],"pos":4.625,"size":1.0,"_time":60.2109375},{"$id":"412","sounds":[{"d":0.5595741,"p":91,"v":105}],"pos":1.5,"size":1.0,"_time":60.2148438},{"$id":"413","sounds":[{"d":0.4534111,"p":64,"v":95}],"pos":7.0,"size":1.0,"_time":60.42578},{"$id":"414","sounds":[{"d":0.3997345,"p":45,"v":81}],"pos":4.625,"size":1.0,"_time":60.63672},{"$id":"415","sounds":[{"d":0.416183472,"p":89,"v":102}],"pos":1.5,"size":1.0,"_time":60.8476563},{"$id":"416","sounds":[{"d":0.269020081,"p":60,"v":85}],"pos":6.5,"size":1.0,"_time":60.8515625},{"$id":"417","sounds":[{"d":0.596099854,"p":65,"v":95}],"pos":7.125,"size":1.0,"_time":61.0625},{"$id":"418","sounds":[{"d":0.302879333,"p":46,"v":81}],"pos":4.75,"size":1.0,"_time":61.2773438},{"$id":"419","sounds":[{"d":0.8763695,"p":88,"v":102}],"size":1.0,"_time":61.2773438},{"$id":"420","sounds":[{"d":0.4547844,"p":60,"v":75}],"pos":6.5,"size":1.0,"_time":61.48828},{"$id":"421","sounds":[{"d":0.296894073,"p":46,"v":64}],"pos":4.75,"size":1.0,"_time":61.703125},{"$id":"422","sounds":[{"d":0.4547882,"p":64,"v":104}],"pos":7.0,"size":1.0,"_time":61.9140625},{"$id":"423","sounds":[{"d":0.2776146,"p":84,"v":100}],"pos":-1.5,"size":1.0,"_time":61.91797},{"$id":"424","sounds":[{"d":0.4335518,"p":60,"v":100}],"pos":6.5,"size":1.0,"_time":62.3398438},{"$id":"425","sounds":[{"d":0.391708374,"p":46,"v":80}],"pos":4.75,"size":1.0,"_time":62.5546875},{"$id":"426","sounds":[{"d":0.106513977,"p":58,"v":81}],"pos":6.25,"size":1.0,"_time":62.765625},{"$id":"427","sounds":[{"d":0.244194031,"p":53,"v":75},{"d":0.3149414,"p":65,"v":54},{"d":0.425754547,"p":69,"v":50},{"d":0.3472557,"p":41,"v":95},{"d":0.363521576,"p":57,"v":100}],"pos":0.5,"size":1.90000021,"_time":62.98047},{"$id":"428","sounds":[{"d":0.381164551,"p":57,"v":104}],"pos":6.125,"size":1.0,"_time":63.4023438},{"$id":"429","sounds":[{"d":0.06937027,"p":53,"v":47}],"pos":5.625,"size":1.0,"_time":63.40625},{"$id":"430","sounds":[{"d":0.4365692,"p":41,"v":88}],"pos":4.125,"size":1.0,"_time":63.6171875},{"$id":"431","sounds":[{"d":0.321060181,"p":57,"v":92}],"pos":6.125,"size":1.0,"_time":64.04297},{"$id":"432","sounds":[{"d":0.143310547,"p":41,"v":90}],"pos":4.125,"size":1.0,"_time":64.25391},{"$id":"433","sounds":[{"d":0.07917023,"p":53,"v":22}],"pos":5.625,"size":1.0,"_time":64.25781},{"$id":"434","sounds":[{"d":0.5457001,"p":57,"v":80}],"pos":6.125,"size":1.0,"_time":64.46875},{"$id":"435","sounds":[{"d":0.4033203,"p":46,"v":71}],"pos":4.75,"size":1.0,"_time":64.67969},{"$id":"436","sounds":[{"d":0.06529236,"p":53,"v":11}],"pos":5.625,"size":1.0,"_time":64.68359},{"$id":"437","sounds":[{"d":0.5380783,"p":57,"v":104}],"pos":6.125,"size":1.0,"_time":65.10547},{"$id":"438","sounds":[{"d":0.420921326,"p":46,"v":74}],"pos":4.75,"size":1.0,"_time":65.32031},{"$id":"439","sounds":[{"d":0.3805008,"p":57,"v":79}],"pos":6.125,"size":1.0,"_time":65.74609},{"$id":"440","sounds":[{"d":0.3791275,"p":46,"v":76}],"pos":4.75,"size":1.0,"_time":65.95703},{"$id":"441","sounds":[{"d":0.556259155,"p":52,"v":71}],"pos":5.5,"size":1.0,"_time":66.171875},{"$id":"442","sounds":[{"d":0.507232666,"p":60,"v":81}],"pos":6.5,"size":1.0,"_time":66.171875},{"$id":"443","sounds":[{"d":0.5897217,"p":88,"v":98}],"size":1.0,"_time":66.38281},{"$id":"444","sounds":[{"d":0.441185,"p":45,"v":76}],"pos":4.625,"size":1.0,"_time":66.38281},{"$id":"445","sounds":[{"d":0.409973145,"p":52,"v":95}],"pos":5.5,"size":1.0,"_time":66.80859},{"$id":"446","sounds":[{"d":0.359886169,"p":60,"v":97}],"pos":6.5,"size":1.0,"_time":66.80859},{"$id":"447","sounds":[{"d":0.478996277,"p":45,"v":73}],"pos":4.625,"size":1.0,"_time":67.01953},{"$id":"448","sounds":[{"d":0.64881134,"p":89,"v":107}],"pos":1.5,"size":1.0,"_time":67.02344},{"$id":"449","sounds":[{"d":0.1691513,"p":52,"v":85}],"pos":5.5,"size":1.0,"_time":67.44531},{"$id":"450","sounds":[{"d":0.0958786,"p":60,"v":75}],"pos":6.5,"size":1.0,"_time":67.44531},{"$id":"451","sounds":[{"d":0.195396423,"p":45,"v":83}],"pos":4.625,"size":1.0,"_time":67.66016},{"$id":"452","sounds":[{"d":1.17411041,"p":84,"v":105}],"pos":-1.5,"size":1.0,"_time":67.66016},{"$id":"453","sounds":[{"d":0.5244217,"p":53,"v":82}],"pos":5.625,"size":1.0,"_time":67.87109},{"$id":"454","sounds":[{"d":0.4391861,"p":62,"v":85}],"pos":6.75,"size":1.0,"_time":67.87109},{"$id":"455","sounds":[{"d":0.439178467,"p":46,"v":77}],"pos":4.75,"size":1.0,"_time":68.08594},{"$id":"456","sounds":[{"d":0.5532379,"p":62,"v":97}],"pos":6.75,"size":1.0,"_time":68.51172},{"$id":"457","sounds":[{"d":0.367904663,"p":53,"v":107}],"pos":5.625,"size":1.0,"_time":68.51172},{"$id":"458","sounds":[{"d":0.08728027,"p":46,"v":85}],"pos":4.75,"size":1.0,"_time":68.72266},{"$id":"459","sounds":[{"d":0.0832901,"p":46,"v":58}],"pos":4.75,"size":1.0,"_time":68.9375},{"$id":"460","sounds":[{"d":0.429573059,"p":60,"v":92}],"pos":6.5,"size":1.0,"_time":69.14844},{"$id":"461","sounds":[{"d":0.219596863,"p":53,"v":107}],"pos":5.625,"size":1.0,"_time":69.14844},{"$id":"462","sounds":[{"d":0.395744324,"p":46,"v":67}],"pos":4.75,"size":1.0,"_time":69.36328},{"$id":"463","sounds":[{"d":0.206382751,"p":58,"v":74}],"pos":6.25,"size":1.0,"_time":69.57422},{"$id":"464","sounds":[{"d":0.139671326,"p":53,"v":81}],"pos":5.625,"size":1.0,"_time":69.57422},{"$id":"465","sounds":[{"d":0.567543,"p":91,"v":65},{"d":1.46466827,"p":96,"v":68},{"d":0.357879639,"p":84,"v":60}],"pos":1.5,"size":1.0,"_time":69.78516},{"$id":"466","sounds":[{"d":0.3094864,"p":53,"v":85}],"pos":5.625,"size":1.0,"_time":69.78906},{"$id":"467","sounds":[{"d":0.312454224,"p":57,"v":74}],"pos":6.125,"size":1.0,"_time":69.78906},{"$id":"468","sounds":[{"d":0.4315567,"p":41,"v":83}],"pos":4.125,"size":1.0,"_time":69.78906},{"$id":"469","sounds":[{"d":0.553321838,"p":57,"v":102}],"pos":6.125,"size":1.0,"_time":70.21094},{"$id":"470","sounds":[{"d":0.48563385,"p":53,"v":96}],"pos":5.625,"size":1.0,"_time":70.21094},{"$id":"471","sounds":[{"d":0.5815201,"p":41,"v":45}],"pos":4.125,"size":1.0,"_time":70.63672},{"$id":"472","sounds":[{"d":0.318084717,"p":53,"v":92}],"pos":5.625,"size":1.0,"_time":70.85156},{"$id":"473","sounds":[{"d":0.337677,"p":57,"v":82}],"pos":6.125,"size":1.0,"_time":70.85156},{"$id":"474","sounds":[{"d":0.5804901,"p":57,"v":83}],"pos":6.125,"size":1.0,"_time":71.27734},{"$id":"475","sounds":[{"d":0.572868347,"p":53,"v":90}],"pos":5.625,"size":1.0,"_time":71.27734},{"$id":"476","sounds":[{"d":1.13030243,"p":84,"v":44},{"w":0.00390625,"d":1.09958649,"p":91,"v":64},{"w":0.0078125,"d":1.34117126,"p":96,"v":64}],"pos":1.5,"size":1.0,"_time":71.484375},{"$id":"477","sounds":[{"d":0.4653778,"p":46,"v":76}],"pos":4.75,"size":1.0,"_time":71.48828},{"$id":"478","sounds":[{"d":0.5562439,"p":57,"v":97}],"pos":6.125,"size":1.0,"_time":71.91406},{"$id":"479","sounds":[{"d":0.5562439,"p":53,"v":99}],"pos":5.625,"size":1.0,"_time":71.91406},{"$id":"480","sounds":[{"d":0.227165222,"p":46,"v":60}],"pos":4.75,"size":1.0,"_time":72.33984},{"$id":"481","sounds":[{"d":0.458770752,"p":57,"v":88}],"pos":6.125,"size":1.0,"_time":72.55469},{"$id":"482","sounds":[{"d":0.239181519,"p":53,"v":92}],"pos":5.625,"size":1.0,"_time":72.55469},{"$id":"483","sounds":[{"d":0.138343811,"p":46,"v":92}],"pos":4.75,"size":1.0,"_time":72.765625},{"$id":"484","sounds":[{"d":0.546669,"p":60,"v":92}],"pos":6.5,"size":1.0,"_time":72.98047},{"$id":"485","sounds":[{"d":0.5522537,"p":53,"v":95}],"pos":5.625,"size":1.0,"_time":72.98047},{"$id":"486","sounds":[{"d":0.466400146,"p":45,"v":75}],"pos":4.625,"size":1.0,"_time":73.19141},{"$id":"487","sounds":[{"d":0.201820374,"p":93,"v":42},{"d":0.196365356,"p":84,"v":42}],"pos":1.5,"size":1.0,"_time":73.19141},{"$id":"488","sounds":[{"d":0.396812439,"p":93,"v":72},{"d":0.400939941,"p":84,"v":74}],"pos":1.5,"size":1.0,"_time":73.61328},{"$id":"489","sounds":[{"d":0.51587677,"p":53,"v":104}],"pos":5.625,"size":1.0,"_time":73.61719},{"$id":"490","sounds":[{"d":0.50226593,"p":60,"v":99}],"pos":6.5,"size":1.0,"_time":73.61719},{"$id":"491","sounds":[{"d":0.34929657,"p":45,"v":79}],"pos":4.625,"size":1.0,"_time":74.04297},{"$id":"492","sounds":[{"d":0.2884369,"p":93,"v":70},{"d":0.3099823,"p":84,"v":78}],"pos":1.5,"size":1.0,"_time":74.04297},{"$id":"493","sounds":[{"d":0.279655457,"p":53,"v":85}],"pos":5.625,"size":1.0,"_time":74.25391},{"$id":"494","sounds":[{"d":0.187767029,"p":60,"v":88}],"pos":6.5,"size":1.0,"_time":74.25391},{"$id":"495","sounds":[{"d":0.402351379,"p":45,"v":90}],"pos":4.625,"size":1.0,"_time":74.46875},{"$id":"496","sounds":[{"d":0.8115692,"p":93,"v":82},{"d":0.203239441,"p":84,"v":86}],"pos":1.5,"size":1.0,"_time":74.46875},{"$id":"497","sounds":[{"d":0.514442444,"p":53,"v":104}],"pos":5.625,"size":1.0,"_time":74.89453},{"$id":"498","sounds":[{"d":0.5148392,"p":62,"v":104}],"pos":6.75,"size":1.0,"_time":74.89453},{"$id":"499","sounds":[{"d":0.358642578,"p":89,"v":67},{"d":0.307754517,"p":84,"v":79}],"size":1.0,"_time":74.89453},{"$id":"500","sounds":[{"d":0.292236328,"p":46,"v":82}],"pos":4.75,"size":1.0,"_time":74.89453},{"$id":"501","sounds":[{"d":0.2624588,"p":46,"v":71}],"pos":4.75,"size":1.0,"_time":75.32031},{"$id":"502","sounds":[{"d":0.413970947,"p":62,"v":102}],"pos":6.75,"size":1.0,"_time":75.53125},{"$id":"503","sounds":[{"d":0.329704285,"p":53,"v":111}],"pos":5.625,"size":1.0,"_time":75.53125},{"$id":"504","sounds":[{"d":0.1973877,"p":46,"v":83}],"pos":4.75,"size":1.0,"_time":75.74609},{"$id":"505","sounds":[{"d":0.466400146,"p":60,"v":92}],"pos":6.5,"size":1.0,"_time":75.95703},{"$id":"506","sounds":[{"d":0.405761719,"p":53,"v":104}],"pos":5.625,"size":1.0,"_time":75.95703},{"$id":"507","sounds":[{"d":0.3815155,"p":46,"v":92}],"pos":4.75,"size":1.0,"_time":76.171875},{"$id":"508","sounds":[{"d":0.179130554,"p":57,"v":88}],"pos":6.125,"size":1.0,"_time":76.38281},{"$id":"509","sounds":[{"d":0.06339264,"p":53,"v":81}],"pos":5.625,"size":1.0,"_time":76.59375},{"$id":"510","sounds":[{"d":0.956619263,"p":81,"v":80},{"d":0.956619263,"p":69,"v":85}],"pos":-0.5,"size":1.0,"_time":76.59766},{"$id":"511","sounds":[{"d":0.4875946,"p":41,"v":82}],"pos":4.125,"size":1.0,"_time":76.59766},{"$id":"512","sounds":[{"d":0.457809448,"p":77,"v":76},{"d":0.457809448,"p":65,"v":81}],"pos":-1.5,"size":1.0,"_time":77.01953},{"$id":"513","sounds":[{"d":0.390167236,"p":41,"v":85}],"pos":4.125,"size":1.0,"_time":77.234375},{"$id":"514","sounds":[{"d":0.607673645,"p":84,"v":91},{"d":0.607673645,"p":72,"v":97}],"pos":0.5,"size":1.0,"_time":77.44531},{"$id":"515","sounds":[{"d":0.2437973,"p":41,"v":73}],"pos":4.125,"size":1.0,"_time":77.87109},{"$id":"516","sounds":[{"d":0.215606689,"p":77,"v":72}],"pos":8.5,"size":1.0,"_time":77.87109},{"$id":"517","sounds":[{"d":0.215606689,"p":65,"v":76}],"pos":7.125,"size":1.0,"_time":77.87109},{"$id":"518","sounds":[{"d":0.69859314,"p":82,"v":96},{"d":0.69859314,"p":70,"v":102}],"pos":0.5,"size":1.0,"_time":78.08594},{"$id":"519","sounds":[{"d":0.273010254,"p":46,"v":67}],"pos":4.75,"size":1.0,"_time":78.296875},{"$id":"520","sounds":[{"d":0.8449478,"p":77,"v":78},{"d":0.8449478,"p":65,"v":83}],"pos":-0.5,"size":1.0,"_time":78.51172},{"$id":"521","sounds":[{"d":0.57850647,"p":46,"v":72}],"pos":4.75,"size":1.0,"_time":78.72266},{"$id":"522","sounds":[{"d":0.408332825,"p":84,"v":91},{"d":0.408332825,"p":72,"v":97}],"pos":1.5,"size":1.0,"_time":78.9375},{"$id":"523","sounds":[{"d":0.5778885,"p":82,"v":85},{"d":0.5778885,"p":70,"v":90}],"pos":-1.5,"size":1.0,"_time":79.36328},{"$id":"524","sounds":[{"d":0.379524231,"p":46,"v":85}],"pos":4.75,"size":1.0,"_time":79.57422},{"$id":"525","sounds":[{"d":0.219596863,"p":65,"v":80}],"pos":7.125,"size":1.0,"_time":79.78906},{"$id":"526","sounds":[{"d":0.219596863,"p":77,"v":75}],"pos":8.5,"size":1.0,"_time":79.78906},{"$id":"527","sounds":[{"d":0.465385437,"p":45,"v":83}],"pos":4.625,"size":1.0,"_time":80.0},{"$id":"528","sounds":[{"d":0.406341553,"p":84,"v":91},{"d":0.406341553,"p":72,"v":97}],"pos":0.5,"size":1.0,"_time":80.0},{"$id":"529","sounds":[{"d":0.489585876,"p":77,"v":91},{"d":0.489585876,"p":65,"v":97}],"pos":-1.5,"size":1.0,"_time":80.42578},{"$id":"530","sounds":[{"d":0.3058548,"p":45,"v":81}],"pos":4.625,"size":1.0,"_time":80.63672},{"$id":"531","sounds":[{"d":0.5506668,"p":88,"v":87},{"d":0.5506668,"p":76,"v":92}],"pos":1.5,"size":1.0,"_time":80.85156},{"$id":"532","sounds":[{"d":0.357933044,"p":45,"v":81}],"pos":4.625,"size":1.0,"_time":81.0625},{"$id":"533","sounds":[{"d":0.236167908,"p":77,"v":75}],"pos":8.5,"size":1.0,"_time":81.27734},{"$id":"534","sounds":[{"d":0.236167908,"p":65,"v":80}],"pos":7.125,"size":1.0,"_time":81.27734},{"$id":"535","sounds":[{"d":0.7692795,"p":86,"v":104},{"d":0.7692795,"p":74,"v":111}],"pos":1.5,"size":1.0,"_time":81.48828},{"$id":"536","sounds":[{"d":0.2826233,"p":46,"v":80}],"pos":4.75,"size":1.0,"_time":81.703125},{"$id":"537","sounds":[{"d":0.955963135,"p":77,"v":83},{"d":0.955963135,"p":65,"v":88}],"pos":-0.5,"size":1.0,"_time":81.91406},{"$id":"538","sounds":[{"d":0.5960922,"p":46,"v":82}],"pos":4.75,"size":1.0,"_time":82.12891},{"$id":"539","sounds":[{"d":0.441749573,"p":84,"v":96},{"d":0.441749573,"p":72,"v":102}],"pos":0.5,"size":1.0,"_time":82.33984},{"$id":"540","sounds":[{"d":0.08984375,"p":82,"v":94},{"d":0.08984375,"p":70,"v":100}],"pos":-1.5,"size":1.0,"_time":82.765625},{"$id":"541","sounds":[{"d":0.09184265,"p":46,"v":95}],"pos":4.75,"size":1.0,"_time":82.98047},{"$id":"542","sounds":[{"d":0.165512085,"p":79,"v":74}],"pos":8.5,"size":1.0,"_time":83.19141},{"$id":"543","sounds":[{"d":0.165512085,"p":67,"v":79}],"pos":7.375,"size":1.0,"_time":83.19141},{"$id":"544","sounds":[{"d":1.33112335,"p":48,"v":81}],"pos":5.0,"size":1.0,"_time":83.40625},{"$id":"545","sounds":[{"d":1.27310181,"p":53,"v":76}],"pos":5.625,"size":1.0,"_time":83.40625},{"$id":"546","sounds":[{"d":0.3983612,"p":41,"v":80}],"pos":4.125,"size":1.0,"_time":83.40625},{"$id":"547","sounds":[{"d":0.864761353,"p":81,"v":91},{"d":0.864761353,"p":69,"v":97}],"pos":-0.5,"size":1.0,"_time":83.40625},{"$id":"548","sounds":[{"d":0.444152832,"p":77,"v":83},{"d":0.444152832,"p":65,"v":88}],"pos":-1.5,"size":1.0,"_time":83.828125},{"$id":"549","sounds":[{"d":0.273674,"p":41,"v":88}],"pos":4.125,"size":1.0,"_time":84.04297},{"$id":"550","sounds":[{"d":0.583511353,"p":84,"v":98},{"d":0.583511353,"p":72,"v":104}],"pos":0.5,"size":1.0,"_time":84.25391},{"$id":"551","sounds":[{"d":0.187767029,"p":41,"v":82}],"pos":4.125,"size":1.0,"_time":84.46875},{"$id":"552","sounds":[{"d":0.2079773,"p":77,"v":74}],"pos":8.5,"size":1.0,"_time":84.67969},{"$id":"553","sounds":[{"d":0.2079773,"p":65,"v":79}],"pos":7.125,"size":1.0,"_time":84.67969},{"$id":"554","sounds":[{"d":0.541626,"p":82,"v":94},{"d":0.541626,"p":70,"v":100}],"pos":0.5,"size":1.0,"_time":84.89453},{"$id":"555","sounds":[{"d":0.261039734,"p":46,"v":71}],"pos":4.75,"size":1.0,"_time":85.10547},{"$id":"556","sounds":[{"d":0.280632019,"p":53,"v":75}],"pos":5.625,"size":1.0,"_time":85.10547},{"$id":"557","sounds":[{"d":0.864135742,"p":77,"v":80},{"d":0.864135742,"p":65,"v":85}],"pos":-0.5,"size":1.0,"_time":85.32031},{"$id":"558","sounds":[{"d":0.674377441,"p":53,"v":80}],"pos":5.625,"size":1.0,"_time":85.53125},{"$id":"559","sounds":[{"d":0.64250946,"p":46,"v":73}],"pos":4.75,"size":1.0,"_time":85.53125},{"$id":"560","sounds":[{"d":0.416976929,"p":84,"v":104},{"d":0.416976929,"p":72,"v":111}],"pos":1.5,"size":1.0,"_time":85.74609},{"$id":"561","sounds":[{"d":0.4673767,"p":82,"v":89},{"d":0.4673767,"p":70,"v":95}],"pos":-1.5,"size":1.0,"_time":86.171875},{"$id":"562","sounds":[{"d":0.117111206,"p":46,"v":80}],"pos":4.75,"size":1.0,"_time":86.38281},{"$id":"563","sounds":[{"d":0.125709534,"p":53,"v":85}],"pos":5.625,"size":1.0,"_time":86.38281},{"$id":"564","sounds":[{"d":0.207984924,"p":77,"v":80}],"pos":8.625,"size":1.0,"_time":86.59766},{"$id":"565","sounds":[{"d":0.207984924,"p":65,"v":85}],"pos":7.125,"size":1.0,"_time":86.59766},{"$id":"566","sounds":[{"d":0.451766968,"p":45,"v":88}],"pos":4.625,"size":1.0,"_time":86.80859},{"$id":"567","sounds":[{"d":0.430580139,"p":53,"v":83}],"pos":5.625,"size":1.0,"_time":86.80859},{"$id":"568","sounds":[{"d":0.4259262,"p":84,"v":96},{"d":0.4259262,"p":72,"v":102}],"pos":0.5,"size":1.0,"_time":86.80859},{"$id":"569","sounds":[{"d":0.5118332,"p":65,"v":92},{"d":0.5118332,"p":77,"v":87}],"pos":-1.5,"size":1.0,"_time":87.234375},{"$id":"570","sounds":[{"d":0.307495117,"p":45,"v":77}],"pos":4.625,"size":1.0,"_time":87.44531},{"$id":"571","sounds":[{"d":0.303459167,"p":53,"v":74}],"pos":5.625,"size":1.0,"_time":87.44531},{"$id":"572","sounds":[{"d":0.5516434,"p":88,"v":91},{"d":0.5516434,"p":76,"v":97}],"pos":1.5,"size":1.0,"_time":87.66016},{"$id":"573","sounds":[{"d":0.227172852,"p":53,"v":69}],"pos":5.625,"size":1.0,"_time":87.87109},{"$id":"574","sounds":[{"d":0.285240173,"p":45,"v":72}],"pos":4.625,"size":1.0,"_time":87.87109},{"$id":"575","sounds":[{"d":0.289222717,"p":65,"v":75}],"pos":7.125,"size":1.0,"_time":88.08594},{"$id":"576","sounds":[{"d":0.289222717,"p":77,"v":71}],"pos":8.625,"size":1.0,"_time":88.08594},{"$id":"577","sounds":[{"d":0.760292053,"p":86,"v":101},{"d":0.760292053,"p":74,"v":107}],"pos":1.5,"size":1.0,"_time":88.296875},{"$id":"578","sounds":[{"d":0.319465637,"p":53,"v":73}],"pos":5.625,"size":1.0,"_time":88.51172},{"$id":"579","sounds":[{"d":0.3522644,"p":46,"v":74}],"pos":4.75,"size":1.0,"_time":88.51172},{"$id":"580","sounds":[{"d":0.84752655,"p":77,"v":87},{"d":0.84752655,"p":65,"v":92}],"pos":-0.5,"size":1.0,"_time":88.72266},{"$id":"581","sounds":[{"d":0.569862366,"p":53,"v":79}],"pos":5.625,"size":1.0,"_time":88.9375},{"$id":"582","sounds":[{"d":0.5715027,"p":46,"v":79}],"pos":4.75,"size":1.0,"_time":88.9375},{"$id":"583","sounds":[{"d":0.429527283,"p":84,"v":104},{"d":0.429527283,"p":72,"v":111}],"pos":0.5,"size":1.0,"_time":89.14844},{"$id":"584","sounds":[{"d":0.08887482,"p":82,"v":94},{"d":0.08887482,"p":70,"v":100}],"pos":-1.5,"size":1.0,"_time":89.57422},{"$id":"585","sounds":[{"d":0.1266861,"p":46,"v":81}],"pos":4.75,"size":1.0,"_time":89.78906},{"$id":"586","sounds":[{"d":0.07424927,"p":53,"v":69}],"pos":5.625,"size":1.0,"_time":89.78906},{"$id":"587","sounds":[{"d":0.171142578,"p":79,"v":70}],"pos":8.5,"size":1.0,"_time":90.0},{"$id":"588","sounds":[{"d":0.171142578,"p":67,"v":74}],"pos":7.375,"size":1.0,"_time":90.0},{"$id":"589","sounds":[{"d":1.00606537,"p":53,"v":76}],"pos":5.625,"size":1.0,"_time":90.21094},{"$id":"590","sounds":[{"d":0.9788971,"p":48,"v":79}],"pos":5.0,"size":1.0,"_time":90.21094},{"$id":"591","sounds":[{"d":0.335281372,"p":81,"v":89},{"d":0.335281372,"p":69,"v":95}],"pos":1.5,"size":1.0,"_time":90.21094},{"$id":"592","sounds":[{"d":0.4345703,"p":41,"v":74}],"pos":4.125,"size":1.0,"_time":90.21094},{"$id":"593","sounds":[{"d":0.421936035,"p":77,"v":87},{"d":0.421936035,"p":65,"v":92}],"size":1.0,"_time":90.63672},{"$id":"594","sounds":[{"d":0.25643158,"p":41,"v":75}],"pos":4.125,"size":1.0,"_time":90.85156},{"$id":"595","sounds":[{"d":0.4487915,"p":72,"v":80},{"d":0.4487915,"p":60,"v":85}],"pos":-1.5,"size":1.0,"_time":91.0625},{"$id":"596","sounds":[{"d":0.203010559,"p":41,"v":79}],"pos":4.125,"size":1.0,"_time":91.27734},{"$id":"597","sounds":[{"d":0.209968567,"p":77,"v":89}],"pos":8.5,"size":1.0,"_time":91.48828},{"$id":"598","sounds":[{"d":0.209968567,"p":65,"v":95}],"pos":7.125,"size":1.0,"_time":91.48828},{"$id":"599","sounds":[{"d":0.479614258,"p":70,"v":91},{"d":0.479614258,"p":58,"v":97}],"pos":-1.5,"size":1.0,"_time":91.703125},{"$id":"600","sounds":[{"d":0.289230347,"p":46,"v":76}],"pos":4.75,"size":1.0,"_time":91.91406},{"$id":"601","sounds":[{"d":0.476997375,"p":72,"v":83},{"d":0.476997375,"p":60,"v":88}],"size":1.0,"_time":92.12891},{"$id":"602","sounds":[{"d":0.3927307,"p":46,"v":75}],"pos":4.75,"size":1.0,"_time":92.33984},{"$id":"603","sounds":[{"d":0.277656555,"p":58,"v":80}],"pos":6.25,"size":1.0,"_time":92.55469},{"$id":"604","sounds":[{"d":0.277656555,"p":70,"v":75}],"pos":8.0,"size":1.0,"_time":92.55469},{"$id":"605","sounds":[{"d":0.435157776,"p":77,"v":101},{"d":0.435157776,"p":65,"v":107}],"pos":1.5,"size":1.0,"_time":92.765625},{"$id":"606","sounds":[{"d":0.253417969,"p":46,"v":67}],"pos":4.75,"size":1.0,"_time":92.98047},{"$id":"607","sounds":[{"d":0.861129761,"p":70,"v":75},{"d":0.861129761,"p":58,"v":80}],"size":1.0,"_time":93.19141},{"$id":"608","sounds":[{"d":0.159927368,"p":46,"v":74}],"pos":4.75,"size":1.0,"_time":93.40625},{"$id":"609","sounds":[{"d":0.5921097,"p":79,"v":96},{"d":0.5921097,"p":67,"v":102}],"pos":1.5,"size":1.0,"_time":93.61719},{"$id":"610","sounds":[{"d":0.421585083,"p":45,"v":83}],"pos":4.625,"size":1.0,"_time":93.61719},{"$id":"611","sounds":[{"d":0.395706177,"p":72,"v":87},{"d":0.395706177,"p":60,"v":92}],"pos":-1.5,"size":1.0,"_time":94.04297},{"$id":"612","sounds":[{"d":0.2650299,"p":45,"v":82}],"pos":4.625,"size":1.0,"_time":94.25391},{"$id":"613","sounds":[{"d":0.517822266,"p":76,"v":83},{"d":0.517822266,"p":64,"v":88}],"size":1.0,"_time":94.46875},{"$id":"614","sounds":[{"d":0.218574524,"p":45,"v":76}],"pos":4.625,"size":1.0,"_time":94.67969},{"$id":"615","sounds":[{"d":0.189712524,"p":72,"v":83}],"pos":7.5,"size":1.0,"_time":94.89453},{"$id":"616","sounds":[{"d":0.189712524,"p":60,"v":88}],"pos":6.5,"size":1.0,"_time":94.89453},{"$id":"617","sounds":[{"d":0.461753845,"p":77,"v":104},{"d":0.461753845,"p":65,"v":111}],"pos":1.5,"size":1.0,"_time":95.10547},{"$id":"618","sounds":[{"d":0.24016571,"p":46,"v":76}],"pos":4.75,"size":1.0,"_time":95.32031},{"$id":"619","sounds":[{"d":0.441185,"p":72,"v":80},{"d":0.441185,"p":60,"v":85}],"pos":-1.5,"size":1.0,"_time":95.53125},{"$id":"620","sounds":[{"d":0.285240173,"p":46,"v":76}],"pos":4.75,"size":1.0,"_time":95.74609},{"$id":"621","sounds":[{"d":0.416351318,"p":76,"v":91},{"d":0.416351318,"p":64,"v":97}],"size":1.0,"_time":95.95703},{"$id":"622","sounds":[{"d":0.09384155,"p":72,"v":96},{"d":0.09384155,"p":60,"v":102}],"pos":-1.5,"size":1.0,"_time":96.38281},{"$id":"623","sounds":[{"d":0.09946442,"p":46,"v":77}],"pos":4.75,"size":1.0,"_time":96.59766},{"$id":"624","sounds":[{"d":0.695610046,"p":58,"v":83}],"pos":6.25,"size":1.0,"_time":96.80859},{"$id":"625","sounds":[{"d":0.695610046,"p":70,"v":78}],"pos":7.5,"size":1.0,"_time":96.80859},{"$id":"626","sounds":[{"d":1.34671021,"p":48,"v":74}],"pos":5.0,"size":1.0,"_time":97.01953},{"$id":"627","sounds":[{"d":0.531913757,"p":53,"v":76}],"pos":5.625,"size":1.0,"_time":97.01953},{"$id":"628","sounds":[{"d":0.4073105,"p":81,"v":83},{"d":0.4073105,"p":69,"v":88}],"pos":-0.5,"size":1.0,"_time":97.01953},{"$id":"629","sounds":[{"d":0.358863831,"p":41,"v":66}],"pos":4.125,"size":1.0,"_time":97.01953},{"$id":"630","sounds":[{"d":0.310417175,"p":77,"v":85},{"d":0.310417175,"p":65,"v":90}],"pos":-1.5,"size":1.0,"_time":97.44531},{"$id":"631","sounds":[{"d":0.3028717,"p":53,"v":79}],"pos":5.625,"size":1.0,"_time":97.66016},{"$id":"632","sounds":[{"d":0.282615662,"p":41,"v":80}],"pos":4.125,"size":1.0,"_time":97.66016},{"$id":"633","sounds":[{"d":0.406333923,"p":84,"v":96},{"d":0.406333923,"p":72,"v":102}],"pos":0.5,"size":1.0,"_time":97.87109},{"$id":"634","sounds":[{"d":0.182754517,"p":41,"v":85}],"pos":4.125,"size":1.0,"_time":98.08594},{"$id":"635","sounds":[{"d":0.5157776,"p":77,"v":87}],"pos":8.0,"size":1.0,"_time":98.296875},{"$id":"636","sounds":[{"d":0.5157776,"p":65,"v":92}],"pos":7.125,"size":1.0,"_time":98.296875},{"$id":"637","sounds":[{"d":0.44216156,"p":86,"v":94},{"d":0.44216156,"p":74,"v":100}],"pos":1.5,"size":1.0,"_time":98.51172},{"$id":"638","sounds":[{"d":0.2457962,"p":53,"v":76}],"pos":5.625,"size":1.0,"_time":98.72266},{"$id":"639","sounds":[{"d":0.24180603,"p":46,"v":76}],"pos":4.75,"size":1.0,"_time":98.72266},{"$id":"640","sounds":[{"d":0.412368774,"p":84,"v":94},{"d":0.412368774,"p":72,"v":100}],"pos":0.5,"size":1.0,"_time":98.9375},{"$id":"641","sounds":[{"d":0.6132965,"p":53,"v":75}],"pos":5.625,"size":1.0,"_time":99.14844},{"$id":"642","sounds":[{"d":0.5834656,"p":46,"v":77}],"pos":4.75,"size":1.0,"_time":99.14844},{"$id":"643","sounds":[{"d":0.40070343,"p":82,"v":101},{"d":0.40070343,"p":70,"v":107}],"pos":-0.5,"size":1.0,"_time":99.36328},{"$id":"644","sounds":[{"d":0.2656021,"p":79,"v":91},{"d":0.2656021,"p":67,"v":97}],"pos":-1.5,"size":1.0,"_time":99.78906},{"$id":"645","sounds":[{"d":0.4053192,"p":46,"v":80}],"pos":4.75,"size":1.0,"_time":100.0},{"$id":"646","sounds":[{"d":0.236167908,"p":53,"v":95}],"pos":5.625,"size":1.0,"_time":100.0},{"$id":"647","sounds":[{"d":0.250808716,"p":77,"v":76}],"pos":8.5,"size":1.0,"_time":100.210938},{"$id":"648","sounds":[{"d":0.250808716,"p":65,"v":81}],"pos":7.125,"size":1.0,"_time":100.210938},{"$id":"649","sounds":[{"d":0.4567871,"p":45,"v":81}],"pos":4.625,"size":1.0,"_time":100.425781},{"$id":"650","sounds":[{"d":0.4205246,"p":81,"v":89},{"d":0.4205246,"p":69,"v":95}],"pos":-0.5,"size":1.0,"_time":100.425781},{"$id":"651","sounds":[{"d":0.440162659,"p":77,"v":87},{"d":0.440162659,"p":65,"v":92}],"pos":-1.5,"size":1.0,"_time":100.851563},{"$id":"652","sounds":[{"d":0.363922119,"p":45,"v":82}],"pos":4.625,"size":1.0,"_time":101.0625},{"$id":"653","sounds":[{"d":0.490608215,"p":84,"v":91},{"d":0.490608215,"p":72,"v":97}],"pos":0.5,"size":1.0,"_time":101.277344},{"$id":"654","sounds":[{"d":0.4235382,"p":45,"v":90}],"pos":4.625,"size":1.0,"_time":101.488281},{"$id":"655","sounds":[{"d":0.327651978,"p":77,"v":75}],"pos":8.5,"size":1.0,"_time":101.703125},{"$id":"656","sounds":[{"d":0.327651978,"p":65,"v":80}],"pos":7.125,"size":1.0,"_time":101.703125},{"$id":"657","sounds":[{"d":0.5582886,"p":88,"v":91},{"d":0.5582886,"p":76,"v":97}],"pos":1.5,"size":1.0,"_time":101.914063},{"$id":"658","sounds":[{"d":0.325050354,"p":46,"v":76}],"pos":4.75,"size":1.0,"_time":102.128906},{"$id":"659","sounds":[{"d":0.924201965,"p":77,"v":85},{"d":0.924201965,"p":65,"v":90}],"pos":-0.5,"size":1.0,"_time":102.339844},{"$id":"660","sounds":[{"d":0.3771286,"p":46,"v":74}],"pos":4.75,"size":1.0,"_time":102.554688},{"$id":"661","sounds":[{"d":0.4159546,"p":86,"v":104},{"d":0.4159546,"p":74,"v":111}],"pos":0.5,"size":1.0,"_time":102.765625},{"$id":"662","sounds":[{"d":0.428939819,"p":84,"v":104},{"d":0.428939819,"p":72,"v":111}],"pos":-1.5,"size":1.0,"_time":103.191406},{"$id":"663","sounds":[{"d":0.390113831,"p":46,"v":73}],"pos":4.75,"size":1.0,"_time":103.40625},{"$id":"664","sounds":[{"d":0.22353363,"p":70,"v":90}],"pos":7.75,"size":1.0,"_time":103.617188},{"$id":"665","sounds":[{"d":0.22353363,"p":82,"v":85}],"pos":9.5,"size":1.0,"_time":103.617188},{"$id":"666","sounds":[{"d":1.34876251,"p":48,"v":82}],"pos":5.0,"size":1.0,"_time":103.828125},{"$id":"667","sounds":[{"d":1.28369141,"p":53,"v":74}],"pos":5.625,"size":1.0,"_time":103.828125},{"$id":"668","sounds":[{"d":0.375488281,"p":81,"v":94},{"d":0.375488281,"p":69,"v":100}],"pos":0.5,"size":1.0,"_time":103.828125},{"$id":"669","sounds":[{"d":0.4527893,"p":41,"v":81}],"pos":4.125,"size":1.0,"_time":103.828125},{"$id":"670","sounds":[{"d":0.4235382,"p":77,"v":78},{"d":0.4235382,"p":65,"v":83}],"pos":-1.5,"size":1.0,"_time":104.253906},{"$id":"671","sounds":[{"d":0.293258667,"p":41,"v":79}],"pos":4.125,"size":1.0,"_time":104.46875},{"$id":"672","sounds":[{"d":0.61530304,"p":84,"v":98},{"d":0.61530304,"p":72,"v":104}],"pos":1.5,"size":1.0,"_time":104.679688},{"$id":"673","sounds":[{"d":0.229171753,"p":41,"v":88}],"pos":4.125,"size":1.0,"_time":104.894531},{"$id":"674","sounds":[{"d":0.239807129,"p":77,"v":80}],"pos":8.5,"size":1.0,"_time":105.105469},{"$id":"675","sounds":[{"d":0.239807129,"p":65,"v":85}],"pos":7.125,"size":1.0,"_time":105.105469},{"$id":"676","sounds":[{"d":0.433158875,"p":82,"v":94},{"d":0.433158875,"p":70,"v":100}],"pos":0.5,"size":1.0,"_time":105.320313},{"$id":"677","sounds":[{"d":0.3008423,"p":53,"v":79}],"pos":5.625,"size":1.0,"_time":105.53125},{"$id":"678","sounds":[{"d":0.269012451,"p":46,"v":69}],"pos":4.75,"size":1.0,"_time":105.53125},{"$id":"679","sounds":[{"d":0.7954788,"p":77,"v":89},{"d":0.7954788,"p":65,"v":95}],"pos":-1.5,"size":1.0,"_time":105.746094},{"$id":"680","sounds":[{"d":0.6279297,"p":53,"v":85}],"pos":5.625,"size":1.0,"_time":105.957031},{"$id":"681","sounds":[{"d":0.5784607,"p":46,"v":80}],"pos":4.75,"size":1.0,"_time":105.957031},{"$id":"682","sounds":[{"d":0.3927307,"p":84,"v":89},{"d":0.3927307,"p":72,"v":95}],"pos":1.5,"size":1.0,"_time":106.171875},{"$id":"683","sounds":[{"d":0.60105896,"p":82,"v":94},{"d":0.60105896,"p":70,"v":100}],"pos":-0.5,"size":1.0,"_time":106.597656},{"$id":"684","sounds":[{"d":0.144943237,"p":46,"v":79}],"pos":4.75,"size":1.0,"_time":106.808594},{"$id":"685","sounds":[{"d":0.148933411,"p":53,"v":85}],"pos":5.625,"size":1.0,"_time":106.808594},{"$id":"686","sounds":[{"d":0.4361725,"p":65,"v":66}],"pos":7.125,"size":1.0,"_time":107.019531},{"$id":"687","sounds":[{"d":0.4361725,"p":77,"v":62}],"pos":8.625,"size":1.0,"_time":107.019531},{"$id":"688","sounds":[{"d":0.465385437,"p":45,"v":81}],"pos":4.625,"size":1.0,"_time":107.234375},{"$id":"689","sounds":[{"d":0.41493988,"p":84,"v":78},{"d":0.41493988,"p":72,"v":83}],"pos":0.5,"size":1.0,"_time":107.234375},{"$id":"690","sounds":[{"d":0.25643158,"p":77,"v":104},{"d":0.25643158,"p":65,"v":111}],"pos":-0.5,"size":1.0,"_time":107.660156},{"$id":"691","sounds":[{"d":0.2437973,"p":45,"v":85}],"pos":4.625,"size":1.0,"_time":107.871094},{"$id":"692","sounds":[{"d":0.4159546,"p":88,"v":72},{"d":0.182090759,"p":76,"v":67},{"d":0.182090759,"p":64,"v":71}],"pos":1.5,"size":1.0,"_time":108.085938},{"$id":"693","sounds":[{"d":0.174156189,"p":45,"v":80}],"pos":4.625,"size":1.0,"_time":108.296875},{"$id":"694","sounds":[{"d":0.139320374,"p":77,"v":96},{"d":0.3635254,"p":84,"v":83},{"d":0.139320374,"p":65,"v":102},{"d":0.3635254,"p":72,"v":88}],"pos":-0.5,"size":1.0,"_time":108.511719},{"$id":"695","sounds":[{"d":0.07765961,"p":45,"v":88}],"pos":4.625,"size":1.0,"_time":108.511719},{"$id":"696","sounds":[{"d":0.1266861,"p":45,"v":83}],"pos":4.625,"size":1.0,"_time":108.722656},{"$id":"697","sounds":[{"d":0.205368042,"p":77,"v":98},{"d":0.35887146,"p":86,"v":89},{"d":0.205368042,"p":65,"v":104},{"d":0.35887146,"p":74,"v":95}],"pos":0.5,"size":1.0,"_time":108.9375},{"$id":"698","sounds":[{"d":0.122032166,"p":46,"v":88}],"pos":4.75,"size":1.0,"_time":108.9375},{"$id":"699","sounds":[{"d":0.0716323853,"p":46,"v":47}],"pos":4.75,"size":1.0,"_time":109.148438},{"$id":"700","sounds":[{"d":0.131340027,"p":77,"v":104},{"d":0.37247467,"p":84,"v":94},{"d":0.131340027,"p":65,"v":111},{"d":0.37247467,"p":72,"v":100}],"pos":-1.5,"size":1.0,"_time":109.363281},{"$id":"701","sounds":[{"d":0.08887482,"p":46,"v":97}],"pos":4.75,"size":1.0,"_time":109.363281},{"$id":"702","sounds":[{"d":0.09286499,"p":46,"v":83}],"pos":4.75,"size":1.0,"_time":109.574219},{"$id":"703","sounds":[{"d":0.07863617,"p":46,"v":92}],"pos":4.75,"size":1.0,"_time":109.789063},{"$id":"704","sounds":[{"d":0.0414047241,"p":82,"v":96},{"d":0.04082489,"p":77,"v":101},{"d":0.0414047241,"p":70,"v":102},{"d":0.04082489,"p":65,"v":107}],"pos":-1.5,"size":1.0,"_time":109.789063},{"$id":"705","sounds":[{"d":0.0696334839,"p":46,"v":80}],"pos":4.75,"size":1.0,"_time":110.0},{"$id":"706","sounds":[{"d":0.0862579346,"p":46,"v":90}],"pos":4.75,"size":1.0,"_time":110.214844},{"$id":"707","sounds":[{"d":1.42598724,"p":34,"v":79}],"pos":-2.0,"size":1.0,"_time":110.636719},{"$id":"708","sounds":[{"d":0.180763245,"p":41,"v":72}],"pos":4.125,"size":1.0,"_time":110.851563},{"$id":"709","sounds":[{"d":0.14427948,"p":46,"v":73}],"pos":4.75,"size":1.0,"_time":110.851563},{"$id":"710","sounds":[{"d":0.405326843,"p":64,"v":85}],"pos":7.0,"size":1.0,"_time":111.0625},{"$id":"711","sounds":[{"d":0.405326843,"p":52,"v":90}],"pos":-1.0,"size":1.0,"_time":111.0625},{"$id":"712","sounds":[{"d":0.123100281,"p":41,"v":80}],"pos":4.125,"size":1.0,"_time":111.0625},{"$id":"713","sounds":[{"d":0.09548187,"p":46,"v":76}],"pos":4.75,"size":1.0,"_time":111.0625},{"$id":"714","sounds":[{"d":0.1266861,"p":41,"v":71}],"pos":4.125,"size":1.0,"_time":111.277344},{"$id":"715","sounds":[{"d":0.09286499,"p":46,"v":73}],"pos":4.75,"size":1.0,"_time":111.277344},{"$id":"716","sounds":[{"d":0.402313232,"p":65,"v":109}],"pos":7.125,"size":1.0,"_time":111.488281},{"$id":"717","sounds":[{"d":0.402313232,"p":53,"v":116}],"size":1.0,"_time":111.488281},{"$id":"718","sounds":[{"d":0.09384155,"p":41,"v":85}],"pos":4.125,"size":1.0,"_time":111.488281},{"$id":"719","sounds":[{"d":0.0998687744,"p":46,"v":92}],"pos":4.75,"size":1.0,"_time":111.488281},{"$id":"720","sounds":[{"d":0.105499268,"p":41,"v":85}],"pos":4.125,"size":1.0,"_time":111.703125},{"$id":"721","sounds":[{"d":0.115074158,"p":46,"v":85}],"pos":4.75,"size":1.0,"_time":111.703125},{"$id":"722","sounds":[{"d":0.111076355,"p":55,"v":111}],"pos":1.0,"size":1.0,"_time":111.914063},{"$id":"723","sounds":[{"d":0.111076355,"p":67,"v":104}],"pos":7.375,"size":1.0,"_time":111.914063},{"$id":"724","sounds":[{"d":0.0852355957,"p":46,"v":100}],"pos":4.75,"size":1.0,"_time":111.914063},{"$id":"725","sounds":[{"d":0.09689331,"p":41,"v":92}],"pos":4.125,"size":1.0,"_time":111.914063},{"$id":"726","sounds":[{"d":0.2912674,"p":52,"v":65}],"pos":-1.0,"size":1.0,"_time":112.339844},{"$id":"727","sounds":[{"d":0.316619873,"p":36,"v":72}],"pos":3.5,"size":1.0,"_time":112.339844},{"$id":"728","sounds":[{"d":0.3877182,"p":43,"v":69}],"pos":4.375,"size":1.0,"_time":112.339844},{"$id":"729","sounds":[{"d":0.235816956,"p":76,"v":72}],"pos":8.5,"size":1.0,"_time":112.339844},{"$id":"730","sounds":[{"d":0.194374084,"p":48,"v":71}],"pos":5.0,"size":1.0,"_time":112.339844},{"$id":"731","sounds":[{"d":0.235816956,"p":64,"v":76}],"pos":7.0,"size":1.0,"_time":112.339844},{"$id":"732","sounds":[{"d":0.04800415,"p":48,"v":50}],"pos":5.0,"size":1.0,"_time":112.554688},{"$id":"733","sounds":[{"d":0.264007568,"p":77,"v":98}],"pos":8.625,"size":1.0,"_time":112.765625},{"$id":"734","sounds":[{"d":0.264007568,"p":65,"v":89}],"pos":7.125,"size":1.0,"_time":112.765625},{"$id":"735","sounds":[{"d":0.326065063,"p":53,"v":95}],"size":1.0,"_time":112.765625},{"$id":"736","sounds":[{"d":0.114051819,"p":48,"v":83}],"pos":5.0,"size":1.0,"_time":112.765625},{"$id":"737","sounds":[{"d":0.1266861,"p":36,"v":79}],"pos":3.5,"size":1.0,"_time":112.765625},{"$id":"738","sounds":[{"d":0.183731079,"p":43,"v":59}],"pos":4.375,"size":1.0,"_time":112.765625},{"$id":"739","sounds":[{"d":0.146942139,"p":43,"v":65}],"pos":4.375,"size":1.0,"_time":112.980469},{"$id":"740","sounds":[{"d":0.123672485,"p":48,"v":77}],"pos":5.0,"size":1.0,"_time":112.980469},{"$id":"741","sounds":[{"d":0.11706543,"p":36,"v":80}],"pos":3.5,"size":1.0,"_time":112.980469},{"$id":"742","sounds":[{"d":0.103462219,"p":48,"v":90}],"pos":5.0,"size":1.0,"_time":113.191406},{"$id":"743","sounds":[{"d":0.113082886,"p":36,"v":90}],"pos":3.5,"size":1.0,"_time":113.191406},{"$id":"744","sounds":[{"d":0.117073059,"p":43,"v":88}],"pos":4.375,"size":1.0,"_time":113.191406},{"$id":"745","sounds":[{"d":0.07863617,"p":79,"v":83}],"pos":8.875,"size":1.0,"_time":113.191406},{"$id":"746","sounds":[{"d":0.07863617,"p":67,"v":101}],"pos":7.375,"size":1.0,"_time":113.191406},{"$id":"747","sounds":[{"d":0.08985138,"p":55,"v":107}],"pos":1.0,"size":1.0,"_time":113.191406},{"$id":"748","sounds":[{"d":0.143310547,"p":43,"v":82}],"pos":4.375,"size":1.0,"_time":113.40625},{"$id":"749","sounds":[{"d":0.132316589,"p":36,"v":83}],"pos":3.5,"size":1.0,"_time":113.40625},{"$id":"750","sounds":[{"d":0.118087769,"p":48,"v":90}],"pos":5.0,"size":1.0,"_time":113.40625},{"$id":"751","sounds":[{"d":0.0892334,"p":48,"v":100}],"pos":5.0,"size":1.0,"_time":113.617188},{"$id":"752","sounds":[{"d":0.09185028,"p":57,"v":104}],"pos":2.0,"size":1.0,"_time":113.617188},{"$id":"753","sounds":[{"d":0.118087769,"p":36,"v":77}],"pos":3.5,"size":1.0,"_time":113.617188},{"$id":"754","sounds":[{"d":0.07065582,"p":43,"v":97}],"pos":4.375,"size":1.0,"_time":113.617188},{"$id":"755","sounds":[{"d":0.08125305,"p":81,"v":101}],"pos":9.125,"size":1.0,"_time":113.617188},{"$id":"756","sounds":[{"d":0.08125305,"p":69,"v":98}],"pos":7.625,"size":1.0,"_time":113.617188},{"$id":"757","sounds":[{"d":0.1625061,"p":77,"v":83}],"pos":8.625,"size":1.0,"_time":114.042969},{"$id":"758","sounds":[{"d":0.175674438,"p":37,"v":63}],"pos":3.625,"size":1.0,"_time":114.042969},{"$id":"759","sounds":[{"d":0.211006165,"p":53,"v":79}],"pos":-2.0,"size":1.0,"_time":114.042969},{"$id":"760","sounds":[{"d":0.118087769,"p":49,"v":73}],"pos":5.125,"size":1.0,"_time":114.042969},{"$id":"761","sounds":[{"d":0.127708435,"p":44,"v":68}],"pos":4.5,"size":1.0,"_time":114.042969},{"$id":"762","sounds":[{"d":0.1625061,"p":65,"v":74}],"pos":6.5,"size":1.0,"_time":114.042969},{"$id":"763","sounds":[{"d":0.135284424,"p":44,"v":73}],"pos":4.5,"size":1.0,"_time":114.253906},{"$id":"764","sounds":[{"d":0.125663757,"p":49,"v":75}],"pos":5.125,"size":1.0,"_time":114.253906},{"$id":"765","sounds":[{"d":0.1190567,"p":37,"v":80}],"pos":3.625,"size":1.0,"_time":114.253906},{"$id":"766","sounds":[{"d":0.0964508057,"p":49,"v":90}],"pos":5.125,"size":1.0,"_time":114.46875},{"$id":"767","sounds":[{"d":0.104431152,"p":37,"v":85}],"pos":3.625,"size":1.0,"_time":114.46875},{"$id":"768","sounds":[{"d":0.109085083,"p":44,"v":88}],"pos":4.5,"size":1.0,"_time":114.46875},{"$id":"769","sounds":[{"d":0.06764221,"p":55,"v":107}],"pos":-1.0,"size":1.0,"_time":114.46875},{"$id":"770","sounds":[{"d":0.06764221,"p":67,"v":101}],"pos":7.375,"size":1.0,"_time":114.46875},{"$id":"771","sounds":[{"d":0.09024811,"p":79,"v":101}],"pos":8.875,"size":1.0,"_time":114.46875},{"$id":"772","sounds":[{"d":0.136703491,"p":44,"v":92}],"pos":4.5,"size":1.0,"_time":114.679688},{"$id":"773","sounds":[{"d":0.128326416,"p":49,"v":95}],"pos":5.125,"size":1.0,"_time":114.679688},{"$id":"774","sounds":[{"d":0.116088867,"p":37,"v":88}],"pos":3.625,"size":1.0,"_time":114.679688},{"$id":"775","sounds":[{"d":0.0898971558,"p":80,"v":101}],"pos":9.0,"size":1.0,"_time":114.894531},{"$id":"776","sounds":[{"d":0.0958786,"p":49,"v":102}],"pos":5.125,"size":1.0,"_time":114.894531},{"$id":"777","sounds":[{"d":0.100440979,"p":44,"v":102}],"pos":4.5,"size":1.0,"_time":114.894531},{"$id":"778","sounds":[{"d":0.06866455,"p":56,"v":104}],"size":1.0,"_time":114.894531},{"$id":"779","sounds":[{"d":0.06866455,"p":68,"v":98}],"pos":7.5,"size":1.0,"_time":114.894531},{"$id":"780","sounds":[{"d":0.0822296143,"p":37,"v":92}],"pos":3.625,"size":1.0,"_time":114.894531},{"$id":"781","sounds":[{"d":0.0958251953,"p":49,"v":85}],"pos":5.125,"size":1.0,"_time":115.105469},{"$id":"782","sounds":[{"d":0.08886719,"p":44,"v":85}],"pos":4.5,"size":1.0,"_time":115.105469},{"$id":"783","sounds":[{"d":0.04840088,"p":37,"v":75}],"pos":3.625,"size":1.0,"_time":115.105469},{"$id":"784","sounds":[{"d":0.08125305,"p":82,"v":98}],"pos":9.25,"size":1.0,"_time":115.320313},{"$id":"785","sounds":[{"d":0.0882568359,"p":58,"v":107}],"pos":1.0,"size":1.0,"_time":115.320313},{"$id":"786","sounds":[{"d":0.09951782,"p":37,"v":100}],"pos":3.625,"size":1.0,"_time":115.320313},{"$id":"787","sounds":[{"d":0.07827759,"p":49,"v":102}],"pos":5.125,"size":1.0,"_time":115.320313},{"$id":"788","sounds":[{"d":0.08023071,"p":44,"v":100}],"pos":4.5,"size":1.0,"_time":115.320313},{"$id":"789","sounds":[{"d":0.08125305,"p":70,"v":101}],"pos":7.75,"size":1.0,"_time":115.320313},{"$id":"790","sounds":[{"d":0.06565094,"p":49,"v":88}],"pos":5.125,"size":1.0,"_time":115.53125},{"$id":"791","sounds":[{"d":0.160903931,"p":51,"v":74}],"pos":5.5,"size":1.0,"_time":115.746094},{"$id":"792","sounds":[{"d":0.177124023,"p":39,"v":72}],"pos":3.875,"size":1.0,"_time":115.746094},{"$id":"793","sounds":[{"d":0.141311646,"p":55,"v":90}],"pos":-1.0,"size":1.0,"_time":115.746094},{"$id":"794","sounds":[{"d":0.129302979,"p":79,"v":89}],"pos":8.875,"size":1.0,"_time":115.746094},{"$id":"795","sounds":[{"d":0.129302979,"p":67,"v":95}],"pos":7.375,"size":1.0,"_time":115.746094},{"$id":"796","sounds":[{"d":0.1333313,"p":51,"v":82}],"pos":5.5,"size":1.0,"_time":115.957031},{"$id":"797","sounds":[{"d":0.119102478,"p":39,"v":75}],"pos":3.875,"size":1.0,"_time":115.957031},{"$id":"798","sounds":[{"d":0.0964508057,"p":51,"v":100}],"pos":5.5,"size":1.0,"_time":116.171875},{"$id":"799","sounds":[{"d":0.107086182,"p":39,"v":90}],"pos":3.875,"size":1.0,"_time":116.171875},{"$id":"800","sounds":[{"d":0.07624054,"p":80,"v":104}],"pos":9.0,"size":1.0,"_time":116.171875},{"$id":"801","sounds":[{"d":0.06604767,"p":56,"v":111}],"size":1.0,"_time":116.171875},{"$id":"802","sounds":[{"d":0.06604767,"p":68,"v":104}],"pos":7.5,"size":1.0,"_time":116.171875},{"$id":"803","sounds":[{"d":0.1296997,"p":39,"v":79}],"pos":3.875,"size":1.0,"_time":116.382813},{"$id":"804","sounds":[{"d":0.122695923,"p":51,"v":104}],"pos":5.5,"size":1.0,"_time":116.382813},{"$id":"805","sounds":[{"d":0.08988953,"p":51,"v":102}],"pos":5.5,"size":1.0,"_time":116.597656},{"$id":"806","sounds":[{"d":0.09587097,"p":39,"v":73}],"pos":3.875,"size":1.0,"_time":116.597656},{"$id":"807","sounds":[{"d":0.08824921,"p":82,"v":96}],"pos":9.25,"size":1.0,"_time":116.597656},{"$id":"808","sounds":[{"d":0.06666565,"p":58,"v":100}],"pos":1.0,"size":1.0,"_time":116.597656},{"$id":"809","sounds":[{"d":0.06666565,"p":70,"v":102}],"pos":7.75,"size":1.0,"_time":116.597656},{"$id":"810","sounds":[{"d":0.129295349,"p":39,"v":85}],"pos":3.875,"size":1.0,"_time":116.808594},{"$id":"811","sounds":[{"d":0.0726470947,"p":51,"v":90}],"pos":5.5,"size":1.0,"_time":116.808594},{"$id":"812","sounds":[{"d":0.114097595,"p":60,"v":107}],"pos":2.0,"size":1.0,"_time":117.019531},{"$id":"813","sounds":[{"d":0.109489441,"p":72,"v":92}],"pos":8.0,"size":1.0,"_time":117.019531},{"$id":"814","sounds":[{"d":0.109489441,"p":84,"v":87}],"pos":9.5,"size":1.0,"_time":117.019531},{"$id":"815","sounds":[{"d":0.232185364,"p":36,"v":77}],"pos":3.5,"size":1.0,"_time":117.234375},{"$id":"816","sounds":[{"d":8.344963,"p":53,"v":83},{"d":0.418922424,"p":60,"v":90},{"d":1.39219666,"p":48,"v":88},{"d":0.433158875,"p":29,"v":86},{"d":0.4361725,"p":41,"v":76}],"pos":-1.5,"size":1.2,"_time":117.445313},{"$id":"817","sounds":[{"d":0.411964417,"p":69,"v":96},{"d":0.395744324,"p":72,"v":100}],"pos":1.5,"size":1.0,"_time":117.445313},{"$id":"818","sounds":[{"d":0.447784424,"p":65,"v":102}],"pos":7.125,"size":1.0,"_time":117.871094},{"$id":"819","sounds":[{"d":0.2666626,"p":72,"v":83}],"pos":8.0,"size":1.0,"_time":117.875},{"$id":"820","sounds":[{"d":0.354919434,"p":41,"v":82}],"pos":4.125,"size":1.0,"_time":118.085938},{"$id":"821","sounds":[{"d":0.400665283,"p":81,"v":101}],"pos":0.5,"size":1.0,"_time":118.089844},{"$id":"822","sounds":[{"d":0.474998474,"p":60,"v":90}],"pos":6.5,"size":1.0,"_time":118.296875},{"$id":"823","sounds":[{"d":0.234169,"p":41,"v":81}],"pos":4.125,"size":1.0,"_time":118.511719},{"$id":"824","sounds":[{"d":0.318527222,"p":79,"v":102}],"pos":-1.5,"size":1.0,"_time":118.511719},{"$id":"825","sounds":[{"d":0.217597961,"p":65,"v":85}],"pos":7.125,"size":1.0,"_time":118.722656},{"$id":"826","sounds":[{"d":0.492195129,"p":58,"v":97}],"pos":6.25,"size":1.0,"_time":118.9375},{"$id":"827","sounds":[{"d":1.11338806,"p":82,"v":107}],"pos":0.5,"size":1.0,"_time":118.9375},{"$id":"828","sounds":[{"d":0.344284058,"p":46,"v":72}],"pos":4.75,"size":1.0,"_time":119.148438},{"$id":"829","sounds":[{"d":0.6117096,"p":60,"v":83}],"pos":6.5,"size":1.0,"_time":119.363281},{"$id":"830","sounds":[{"d":0.465385437,"p":46,"v":80}],"pos":4.75,"size":1.0,"_time":119.574219},{"$id":"831","sounds":[{"d":0.336700439,"p":58,"v":82}],"pos":6.25,"size":1.0,"_time":119.789063},{"$id":"832","sounds":[{"d":0.4259262,"p":65,"v":104}],"pos":7.125,"size":1.0,"_time":120.0},{"$id":"833","sounds":[{"d":0.2912674,"p":46,"v":90}],"pos":4.75,"size":1.0,"_time":120.214844},{"$id":"834","sounds":[{"d":0.947998047,"p":58,"v":92}],"pos":6.25,"size":1.0,"_time":120.425781},{"$id":"835","sounds":[{"d":0.2166214,"p":46,"v":88}],"pos":4.75,"size":1.0,"_time":120.636719},{"$id":"836","sounds":[{"d":0.833900452,"p":67,"v":97}],"pos":7.375,"size":1.0,"_time":120.851563},{"$id":"837","sounds":[{"d":0.4916153,"p":45,"v":90}],"pos":4.625,"size":1.0,"_time":120.851563},{"$id":"838","sounds":[{"d":1.37960815,"p":79,"v":86},{"w":0.00390625,"d":1.2480545,"p":84,"v":96}],"pos":1.5,"size":1.0,"_time":120.851563},{"$id":"839","sounds":[{"d":0.4173355,"p":60,"v":95}],"pos":6.5,"size":1.0,"_time":121.277344},{"$id":"840","sounds":[{"d":0.314102173,"p":45,"v":90}],"pos":4.625,"size":1.0,"_time":121.488281},{"$id":"841","sounds":[{"d":0.5562973,"p":64,"v":100}],"pos":7.0,"size":1.0,"_time":121.703125},{"$id":"842","sounds":[{"d":0.207984924,"p":45,"v":76}],"pos":4.625,"size":1.0,"_time":121.914063},{"$id":"843","sounds":[{"d":0.189361572,"p":60,"v":71}],"pos":6.5,"size":1.0,"_time":122.128906},{"$id":"844","sounds":[{"d":0.6750107,"p":65,"v":116}],"pos":7.125,"size":1.0,"_time":122.339844},{"$id":"845","sounds":[{"d":0.8593216,"p":79,"v":49},{"w":0.0078125,"d":0.7775345,"p":84,"v":85},{"w":0.01171875,"d":0.49420166,"p":91,"v":87}],"pos":1.5,"size":1.0,"_time":122.546875},{"$id":"846","sounds":[{"d":0.274650574,"p":46,"v":73}],"pos":4.75,"size":1.0,"_time":122.554688},{"$id":"847","sounds":[{"d":0.406341553,"p":60,"v":68}],"pos":6.5,"size":1.0,"_time":122.765625},{"$id":"848","sounds":[{"d":0.539100647,"p":46,"v":80}],"pos":4.75,"size":1.0,"_time":122.980469},{"$id":"849","sounds":[{"d":0.402351379,"p":64,"v":104}],"pos":7.0,"size":1.0,"_time":123.191406},{"$id":"850","sounds":[{"d":0.586128235,"p":60,"v":102}],"pos":6.5,"size":1.0,"_time":123.617188},{"$id":"851","sounds":[{"d":0.4179535,"p":46,"v":81}],"pos":4.75,"size":1.0,"_time":123.828125},{"$id":"852","sounds":[{"d":0.6401596,"p":58,"v":66}],"pos":6.25,"size":1.0,"_time":124.042969},{"$id":"853","sounds":[{"d":0.401329041,"p":81,"v":97}],"pos":0.5,"size":1.0,"_time":124.253906},{"$id":"854","sounds":[{"d":0.4653778,"p":41,"v":81}],"pos":4.125,"size":1.0,"_time":124.253906},{"$id":"855","sounds":[{"d":0.462409973,"p":77,"v":92}],"pos":8.625,"size":1.0,"_time":124.679688},{"$id":"856","sounds":[{"d":0.121543884,"p":84,"v":84}],"pos":9.5,"size":1.0,"_time":124.679688},{"$id":"857","sounds":[{"d":0.401374817,"p":41,"v":102}],"pos":4.125,"size":1.0,"_time":124.894531},{"$id":"858","sounds":[{"d":0.4411316,"p":93,"v":96}],"pos":1.5,"size":1.0,"_time":124.894531},{"$id":"859","sounds":[{"d":0.432579041,"p":72,"v":90}],"pos":8.0,"size":1.0,"_time":125.105469},{"$id":"860","sounds":[{"d":0.283424377,"p":91,"v":96}],"pos":-0.5,"size":1.0,"_time":125.324219},{"$id":"861","sounds":[{"d":0.236213684,"p":41,"v":97}],"pos":4.125,"size":1.0,"_time":125.53125},{"$id":"862","sounds":[{"d":0.2292099,"p":77,"v":92}],"pos":8.625,"size":1.0,"_time":125.53125},{"$id":"863","sounds":[{"d":0.447166443,"p":70,"v":107}],"pos":7.75,"size":1.0,"_time":125.746094},{"$id":"864","sounds":[{"d":1.29286957,"p":94,"v":100}],"pos":1.5,"size":1.0,"_time":125.75},{"$id":"865","sounds":[{"d":0.297828674,"p":46,"v":82}],"pos":4.75,"size":1.0,"_time":125.957031},{"$id":"866","sounds":[{"d":0.544631958,"p":72,"v":104}],"pos":8.0,"size":1.0,"_time":126.171875},{"$id":"867","sounds":[{"d":0.441177368,"p":46,"v":95}],"pos":4.75,"size":1.0,"_time":126.382813},{"$id":"868","sounds":[{"d":0.265022278,"p":70,"v":95}],"pos":7.75,"size":1.0,"_time":126.597656},{"$id":"869","sounds":[{"d":0.397697449,"p":77,"v":104}],"pos":9.0,"size":1.0,"_time":126.808594},{"$id":"870","sounds":[{"d":0.265426636,"p":46,"v":81}],"pos":4.75,"size":1.0,"_time":127.019531},{"$id":"871","sounds":[{"d":0.4245987,"p":70,"v":97}],"pos":7.75,"size":1.0,"_time":127.234375},{"$id":"872","sounds":[{"d":0.185150146,"p":46,"v":90}],"pos":4.75,"size":1.0,"_time":127.445313},{"$id":"873","sounds":[{"d":0.8369217,"p":79,"v":102}],"pos":11.0,"size":1.0,"_time":127.660156},{"$id":"874","sounds":[{"d":0.5562515,"p":45,"v":90}],"pos":4.625,"size":1.0,"_time":127.660156},{"$id":"875","sounds":[{"d":0.3821411,"p":72,"v":88}],"pos":8.0,"size":1.0,"_time":128.085938},{"$id":"876","sounds":[{"d":0.276641846,"p":45,"v":95}],"pos":4.625,"size":1.0,"_time":128.296875},{"$id":"877","sounds":[{"d":0.453414917,"p":76,"v":95}],"pos":8.5,"size":1.0,"_time":128.511719},{"$id":"878","sounds":[{"d":0.399688721,"p":45,"v":81}],"pos":4.625,"size":1.0,"_time":128.722656},{"$id":"879","sounds":[{"d":0.269012451,"p":72,"v":85}],"pos":8.0,"size":1.0,"_time":128.9375},{"$id":"880","sounds":[{"d":0.5960846,"p":77,"v":95}],"pos":8.625,"size":1.0,"_time":129.148438},{"$id":"881","sounds":[{"d":0.3028412,"p":46,"v":81}],"pos":4.75,"size":1.0,"_time":129.363281},{"$id":"882","sounds":[{"d":0.228027344,"p":96,"v":92},{"d":0.177001953,"p":91,"v":89}],"pos":0.5,"size":1.0,"_time":129.363281},{"$id":"883","sounds":[{"d":0.4547882,"p":72,"v":75}],"pos":8.0,"size":1.0,"_time":129.574219},{"$id":"884","sounds":[{"d":0.296844482,"p":46,"v":64}],"pos":4.75,"size":1.0,"_time":129.789063},{"$id":"885","sounds":[{"d":0.454772949,"p":76,"v":104}],"pos":8.5,"size":1.0,"_time":130.0},{"$id":"886","sounds":[{"d":0.433563232,"p":72,"v":100}],"pos":8.0,"size":1.0,"_time":130.425781},{"$id":"887","sounds":[{"d":0.391723633,"p":46,"v":80}],"pos":4.75,"size":1.0,"_time":130.636719},{"$id":"888","sounds":[{"d":0.106521606,"p":70,"v":81}],"pos":7.75,"size":1.0,"_time":130.851563},{"$id":"889","sounds":[{"d":0.48298645,"p":41,"v":95}],"pos":5.0,"size":1.0,"_time":131.0625},{"$id":"890","sounds":[{"d":0.3635254,"p":57,"v":100}],"pos":-1.5,"size":1.0,"_time":131.0625},{"$id":"891","sounds":[{"d":0.381164551,"p":57,"v":104}],"pos":-1.5,"size":1.0,"_time":131.488281},{"$id":"892","sounds":[{"d":0.4365692,"p":41,"v":88}],"pos":4.125,"size":1.0,"_time":131.703125},{"$id":"893","sounds":[{"d":0.321044922,"p":57,"v":92}],"pos":-1.5,"size":1.0,"_time":132.1289},{"$id":"894","sounds":[{"d":0.143310547,"p":41,"v":90}],"pos":4.125,"size":1.0,"_time":132.339844},{"$id":"895","sounds":[{"d":0.5457001,"p":57,"v":80}],"pos":-1.5,"size":1.0,"_time":132.554688},{"$id":"896","sounds":[{"d":0.4033203,"p":46,"v":71}],"pos":4.75,"size":1.0,"_time":132.765625},{"$id":"897","sounds":[{"d":0.538085938,"p":57,"v":104}],"pos":-1.5,"size":1.0,"_time":133.1914},{"$id":"898","sounds":[{"d":0.420928955,"p":46,"v":74}],"pos":4.75,"size":1.0,"_time":133.40625},{"$id":"899","sounds":[{"d":0.380493164,"p":57,"v":79}],"pos":-1.5,"size":1.0,"_time":133.828125},{"$id":"900","sounds":[{"d":0.3791046,"p":46,"v":76}],"pos":4.75,"size":1.0,"_time":134.042969},{"$id":"901","sounds":[{"d":0.507232666,"p":60,"v":81},{"d":0.556259155,"p":52,"v":71}],"size":1.0,"_time":134.2539},{"$id":"902","sounds":[{"d":0.441177368,"p":45,"v":76}],"pos":4.625,"size":1.0,"_time":134.46875},{"$id":"903","sounds":[{"d":0.35987854,"p":60,"v":104},{"d":0.409973145,"p":52,"v":102}],"size":1.0,"_time":134.894531},{"$id":"904","sounds":[{"d":0.478988647,"p":45,"v":73}],"pos":4.625,"size":1.0,"_time":135.105469},{"$id":"905","sounds":[{"d":0.09587097,"p":60,"v":75},{"d":0.169143677,"p":52,"v":85}],"size":1.0,"_time":135.53125},{"$id":"906","sounds":[{"d":0.1953888,"p":45,"v":83}],"pos":4.625,"size":1.0,"_time":135.7461},{"$id":"907","sounds":[{"d":0.439147949,"p":62,"v":85},{"d":0.5244293,"p":53,"v":82}],"pos":1.5,"size":1.0,"_time":135.957031},{"$id":"908","sounds":[{"d":0.439193726,"p":46,"v":77}],"pos":4.75,"size":1.0,"_time":136.171875},{"$id":"909","sounds":[{"d":0.5532379,"p":62,"v":97},{"d":0.367919922,"p":53,"v":107}],"pos":1.5,"size":1.0,"_time":136.597656},{"$id":"910","sounds":[{"d":0.08728027,"p":46,"v":85}],"pos":4.75,"size":1.0,"_time":136.8086},{"$id":"911","sounds":[{"d":0.08328247,"p":46,"v":58}],"pos":4.75,"size":1.0,"_time":137.019531},{"$id":"912","sounds":[{"d":0.429550171,"p":60,"v":92},{"d":0.219589233,"p":53,"v":107}],"size":1.0,"_time":137.234375},{"$id":"913","sounds":[{"d":0.395721436,"p":46,"v":67}],"pos":4.75,"size":1.0,"_time":137.445313},{"$id":"914","sounds":[{"d":0.206375122,"p":58,"v":74}],"pos":6.5,"size":1.0,"_time":137.660156},{"$id":"915","sounds":[{"d":0.1396637,"p":53,"v":81}],"pos":5.625,"size":1.0,"_time":137.660156},{"$id":"916","sounds":[{"d":1.63981628,"p":77,"v":79},{"w":0.00390625,"d":1.62068176,"p":81,"v":81}],"pos":-1.0,"size":1.0,"_time":137.867188},{"$id":"917","sounds":[{"d":1.526535,"p":65,"v":57},{"d":0.312469482,"p":57,"v":74},{"d":0.309494019,"p":53,"v":85}],"pos":6.0,"size":1.0,"_time":137.8711},{"$id":"918","sounds":[{"d":0.4315796,"p":41,"v":83}],"pos":4.125,"size":1.0,"_time":137.8711},{"$id":"919","sounds":[{"d":0.5532837,"p":57,"v":111},{"d":0.485641479,"p":53,"v":104}],"pos":-2.0,"size":1.0,"_time":138.296875},{"$id":"920","sounds":[{"d":0.581512451,"p":41,"v":45}],"pos":4.125,"size":1.0,"_time":138.722656},{"$id":"921","sounds":[{"d":0.337677,"p":57,"v":82},{"d":0.318084717,"p":53,"v":92}],"pos":-2.0,"size":1.0,"_time":138.9375},{"$id":"922","sounds":[{"d":0.5804901,"p":57,"v":83}],"pos":7.0,"size":1.0,"_time":139.363281},{"$id":"923","sounds":[{"d":0.5728607,"p":53,"v":90}],"pos":5.625,"size":1.0,"_time":139.363281},{"$id":"924","sounds":[{"d":1.32154846,"p":84,"v":83},{"w":0.00390625,"d":1.42225647,"p":77,"v":79},{"w":0.00390625,"d":1.32106018,"p":81,"v":76}],"size":1.0,"_time":139.570313},{"$id":"925","sounds":[{"d":1.4100647,"p":65,"v":63}],"pos":7.125,"size":1.0,"_time":139.574219},{"$id":"926","sounds":[{"d":0.465393066,"p":46,"v":76}],"pos":4.75,"size":1.0,"_time":139.574219},{"$id":"927","sounds":[{"d":0.556259155,"p":57,"v":100},{"d":0.556259155,"p":53,"v":102}],"pos":-1.0,"size":1.0,"_time":140.0},{"$id":"928","sounds":[{"d":0.227172852,"p":46,"v":60}],"pos":4.75,"size":1.0,"_time":140.425781},{"$id":"929","sounds":[{"d":0.458770752,"p":57,"v":88},{"d":0.239181519,"p":53,"v":92}],"pos":-1.0,"size":1.0,"_time":140.636719},{"$id":"930","sounds":[{"d":0.138336182,"p":46,"v":92}],"pos":4.75,"size":1.0,"_time":140.851563},{"$id":"931","sounds":[{"d":0.5522766,"p":53,"v":95}],"pos":5.625,"size":1.0,"_time":141.0625},{"$id":"932","sounds":[{"d":0.5466919,"p":60,"v":92}],"pos":6.5,"size":1.0,"_time":141.0625},{"$id":"933","sounds":[{"d":1.04986572,"p":88,"v":90},{"d":1.20870972,"p":77,"v":84},{"d":1.20224,"p":84,"v":83}],"pos":1.0,"size":1.0,"_time":141.273438},{"$id":"934","sounds":[{"d":0.179779053,"p":65,"v":67}],"pos":7.125,"size":1.0,"_time":141.273438},{"$id":"935","sounds":[{"d":0.466400146,"p":45,"v":75}],"pos":4.625,"size":1.0,"_time":141.277344},{"$id":"936","sounds":[{"d":0.502243042,"p":60,"v":102},{"d":0.5158081,"p":53,"v":107}],"size":1.0,"_time":141.703125},{"$id":"937","sounds":[{"d":0.349273682,"p":45,"v":79}],"pos":4.625,"size":1.0,"_time":142.1289},{"$id":"938","sounds":[{"d":0.1877594,"p":60,"v":88},{"d":0.279647827,"p":53,"v":85}],"size":1.0,"_time":142.339844},{"$id":"939","sounds":[{"d":0.402359,"p":45,"v":90}],"pos":4.625,"size":1.0,"_time":142.554688},{"$id":"940","sounds":[{"d":0.1672821,"p":89,"v":88},{"w":0.00390625,"d":0.144897461,"p":77,"v":90},{"w":0.00390625,"d":0.178192139,"p":84,"v":87}],"pos":2.0,"size":1.0,"_time":142.976563},{"$id":"941","sounds":[{"d":0.292236328,"p":46,"v":82}],"pos":4.75,"size":1.0,"_time":142.980469},{"$id":"942","sounds":[{"d":0.514831543,"p":62,"v":104}],"pos":6.75,"size":1.0,"_time":142.980469},{"$id":"943","sounds":[{"d":0.5144348,"p":53,"v":104}],"pos":5.625,"size":1.0,"_time":142.980469},{"$id":"944","sounds":[{"d":0.108551025,"p":65,"v":81}],"pos":7.125,"size":1.0,"_time":142.980469},{"$id":"945","sounds":[{"d":0.2624359,"p":46,"v":71}],"pos":4.75,"size":1.0,"_time":143.40625},{"$id":"946","sounds":[{"d":0.4139557,"p":62,"v":102},{"d":0.3296814,"p":53,"v":111}],"pos":1.0,"size":1.0,"_time":143.617188},{"$id":"947","sounds":[{"d":0.197341919,"p":46,"v":83}],"pos":4.75,"size":1.0,"_time":143.828125},{"$id":"948","sounds":[{"d":0.466400146,"p":60,"v":92},{"d":0.405761719,"p":53,"v":104}],"size":1.0,"_time":144.042969},{"$id":"949","sounds":[{"d":0.3815155,"p":46,"v":92}],"pos":4.75,"size":1.0,"_time":144.2539},{"$id":"950","sounds":[{"d":0.179122925,"p":57,"v":88}],"pos":-1.0,"size":1.0,"_time":144.46875}],"links":[]}