{"speed":12.0,"notes":[{"$id":"1","sounds":[{"d":0.354166746,"p":81,"v":75}],"size":1.0,"_time":2.66796875},{"$id":"2","sounds":[{"d":0.3333335,"p":57,"v":73}],"pos":6.125,"size":1.0,"_time":2.66796875},{"$id":"3","sounds":[{"d":0.159722328,"p":86,"v":70}],"pos":1.0,"size":1.0,"_time":2.83203125},{"$id":"4","sounds":[{"d":0.1875,"p":88,"v":72}],"pos":-1.0,"size":1.0,"_time":3.0},{"$id":"5","sounds":[{"d":0.166666746,"p":64,"v":65}],"pos":7.0,"size":1.0,"_time":3.0},{"$id":"6","sounds":[{"d":0.21527791,"p":91,"v":84}],"pos":2.0,"size":1.0,"_time":3.16796875},{"$id":"7","sounds":[{"d":0.180555582,"p":88,"v":83}],"pos":-1.0,"size":1.0,"_time":3.33203125},{"$id":"8","sounds":[{"d":0.166666746,"p":67,"v":57}],"pos":7.375,"size":1.0,"_time":3.33203125},{"$id":"9","sounds":[{"d":0.180555582,"p":86,"v":52}],"pos":1.0,"size":1.0,"_time":3.5},{"$id":"10","sounds":[{"d":0.388888836,"p":81,"v":68}],"size":1.0,"_time":3.66796875},{"$id":"11","sounds":[{"d":0.0763888359,"p":86,"v":67}],"pos":1.0,"size":1.0,"_time":4.33203125},{"$id":"12","sounds":[{"d":0.09722233,"p":81,"v":67}],"size":1.0,"_time":4.66796875},{"$id":"13","sounds":[{"d":0.0555553436,"p":79,"v":81}],"pos":-1.0,"size":1.0,"_time":5.0},{"$id":"14","sounds":[{"d":0.333333969,"p":57,"v":73}],"pos":6.125,"size":1.0,"_time":5.33203125},{"$id":"15","sounds":[{"d":0.333333969,"p":81,"v":75}],"size":1.0,"_time":5.33203125},{"$id":"16","sounds":[{"d":0.159722328,"p":86,"v":70}],"pos":1.0,"size":1.0,"_time":5.5},{"$id":"17","sounds":[{"d":0.187500477,"p":88,"v":72}],"pos":-1.0,"size":1.0,"_time":5.66796875},{"$id":"18","sounds":[{"d":0.166666985,"p":62,"v":65}],"pos":6.75,"size":1.0,"_time":5.66796875},{"$id":"19","sounds":[{"d":0.215278149,"p":91,"v":84}],"pos":2.0,"size":1.0,"_time":5.83203125},{"$id":"20","sounds":[{"d":0.18055582,"p":88,"v":83}],"pos":-1.0,"size":1.0,"_time":6.0},{"$id":"21","sounds":[{"d":0.166666985,"p":69,"v":57}],"pos":7.625,"size":1.0,"_time":6.0},{"$id":"22","sounds":[{"d":0.180555344,"p":86,"v":52}],"pos":1.0,"size":1.0,"_time":6.16796875},{"$id":"23","sounds":[{"d":0.388888836,"p":88,"v":68}],"pos":-1.0,"size":1.0,"_time":6.33203125},{"$id":"24","sounds":[{"d":0.0763888359,"p":86,"v":67}],"pos":1.0,"size":1.0,"_time":7.0},{"$id":"25","sounds":[{"d":0.09722233,"p":81,"v":67}],"size":1.0,"_time":7.33203125},{"$id":"26","sounds":[{"d":0.0555553436,"p":79,"v":81}],"pos":-1.0,"size":1.0,"_time":7.66796875},{"$id":"27","sounds":[{"d":0.333333969,"p":41,"v":45}],"pos":4.125,"size":1.0,"_time":8.0},{"$id":"28","sounds":[{"d":0.2430563,"p":81,"v":75}],"pos":1.0,"size":1.0,"_time":8.0},{"$id":"29","sounds":[{"d":0.159722328,"p":74,"v":70}],"size":1.0,"_time":8.167969},{"$id":"30","sounds":[{"d":0.1875,"p":76,"v":72}],"pos":-2.0,"size":1.0,"_time":8.332031},{"$id":"31","sounds":[{"d":0.166666985,"p":48,"v":61}],"pos":5.0,"size":1.0,"_time":8.332031},{"$id":"32","sounds":[{"d":0.215276718,"p":79,"v":84}],"pos":1.0,"size":1.0,"_time":8.5},{"$id":"33","sounds":[{"d":0.180555344,"p":76,"v":83}],"pos":-2.0,"size":1.0,"_time":8.667969},{"$id":"34","sounds":[{"d":0.166666031,"p":55,"v":71}],"pos":5.875,"size":1.0,"_time":8.667969},{"$id":"35","sounds":[{"d":0.1805563,"p":74,"v":52}],"size":1.0,"_time":8.832031},{"$id":"36","sounds":[{"d":0.3888893,"p":69,"v":68}],"pos":-1.0,"size":1.0,"_time":9.0},{"$id":"37","sounds":[{"d":0.07638931,"p":74,"v":67}],"size":1.0,"_time":9.667969},{"$id":"38","sounds":[{"d":0.09722233,"p":69,"v":67}],"pos":-1.0,"size":1.0,"_time":10.0},{"$id":"39","sounds":[{"d":0.0555553436,"p":67,"v":81}],"pos":-2.0,"size":1.0,"_time":10.3320313},{"$id":"40","sounds":[{"d":0.500000954,"p":40,"v":66}],"pos":4.0,"size":1.0,"_time":10.6679688},{"$id":"41","sounds":[{"d":0.409723282,"p":69,"v":75}],"pos":-1.0,"size":1.0,"_time":10.6679688},{"$id":"42","sounds":[{"d":0.159722328,"p":74,"v":70}],"size":1.0,"_time":10.8320313},{"$id":"43","sounds":[{"d":0.1875,"p":76,"v":72}],"pos":-2.0,"size":1.0,"_time":11.0},{"$id":"44","sounds":[{"d":0.166666985,"p":48,"v":50}],"pos":5.0,"size":1.0,"_time":11.0},{"$id":"45","sounds":[{"d":0.215276718,"p":79,"v":84}],"pos":1.0,"size":1.0,"_time":11.1679688},{"$id":"46","sounds":[{"d":0.180555344,"p":76,"v":83}],"pos":-2.0,"size":1.0,"_time":11.3320313},{"$id":"47","sounds":[{"d":0.166666031,"p":62,"v":67}],"pos":6.75,"size":1.0,"_time":11.3320313},{"$id":"48","sounds":[{"d":0.166666031,"p":55,"v":67}],"pos":5.875,"size":1.0,"_time":11.3320313},{"$id":"49","sounds":[{"d":0.1805563,"p":74,"v":52}],"size":1.0,"_time":11.5},{"$id":"50","sounds":[{"d":0.3888893,"p":76,"v":68}],"pos":-2.0,"size":1.0,"_time":11.6679688},{"$id":"51","sounds":[{"d":0.07638931,"p":74,"v":67}],"size":1.0,"_time":12.3320313},{"$id":"52","sounds":[{"d":0.09722233,"p":69,"v":67}],"pos":-1.0,"size":1.0,"_time":12.6679688},{"$id":"53","sounds":[{"d":0.0555553436,"p":67,"v":81}],"pos":-2.0,"size":1.0,"_time":13.0},{"$id":"54","sounds":[{"d":1.11805725,"p":38,"v":58}],"pos":3.75,"size":1.0,"_time":13.3320313},{"$id":"55","sounds":[{"d":0.333333969,"p":60,"v":58},{"d":0.347223282,"p":65,"v":58}],"pos":-1.0,"size":1.30000007,"_time":13.3320313},{"$id":"56","sounds":[{"d":0.333333969,"p":69,"v":58}],"pos":1.0,"size":1.0,"_time":13.3320313},{"$id":"57","sounds":[{"d":0.166666985,"p":60,"v":47}],"pos":8.0,"size":1.30000007,"_time":13.6679688},{"$id":"58","sounds":[{"d":0.375000954,"p":72,"v":75}],"pos":8.0,"size":1.0,"_time":14.0},{"$id":"59","sounds":[{"d":0.3680563,"p":67,"v":75}],"pos":7.375,"size":1.0,"_time":14.0},{"$id":"60","sounds":[{"d":0.06944466,"p":79,"v":75}],"size":1.0,"_time":14.0},{"$id":"61","sounds":[{"d":0.166666985,"p":57,"v":75}],"pos":6.125,"size":1.0,"_time":14.0},{"$id":"62","sounds":[{"d":0.326388359,"p":74,"v":68}],"pos":8.5,"size":1.0,"_time":14.3320313},{"$id":"63","sounds":[{"d":0.06944466,"p":81,"v":68}],"pos":2.0,"size":1.0,"_time":14.3320313},{"$id":"64","sounds":[{"d":0.666667938,"p":40,"v":73}],"pos":4.0,"size":1.0,"_time":14.6679688},{"$id":"65","sounds":[{"d":0.4305563,"p":71,"v":73}],"pos":7.875,"size":1.0,"_time":14.6679688},{"$id":"66","sounds":[{"d":0.270833969,"p":76,"v":73}],"size":1.0,"_time":14.6679688},{"$id":"67","sounds":[{"d":0.166666985,"p":50,"v":52}],"pos":5.25,"size":1.0,"_time":15.0},{"$id":"68","sounds":[{"d":0.277778625,"p":62,"v":65}],"pos":7.5,"size":1.0,"_time":15.3320313},{"$id":"69","sounds":[{"d":0.291667938,"p":71,"v":65}],"pos":10.0,"size":1.0,"_time":15.3320313},{"$id":"70","sounds":[{"d":0.2638893,"p":64,"v":65}],"pos":9.0,"size":1.0,"_time":15.3320313},{"$id":"71","sounds":[{"d":0.06944466,"p":74,"v":65}],"pos":1.0,"size":1.0,"_time":15.3320313},{"$id":"72","sounds":[{"d":0.166666985,"p":59,"v":65}],"pos":6.375,"size":1.0,"_time":15.3320313},{"$id":"73","sounds":[{"d":0.166666985,"p":55,"v":65}],"pos":5.875,"size":1.0,"_time":15.6679688},{"$id":"74","sounds":[{"d":0.09027767,"p":67,"v":65}],"pos":7.375,"size":1.0,"_time":15.6679688},{"$id":"75","sounds":[{"d":0.06944466,"p":76,"v":65}],"pos":2.0,"size":1.0,"_time":15.6679688},{"$id":"76","sounds":[{"d":0.6249981,"p":67,"v":74}],"pos":-2.0,"size":1.0,"_time":16.0},{"$id":"77","sounds":[{"d":0.631942749,"p":60,"v":74}],"pos":6.5,"size":1.0,"_time":16.0},{"$id":"78","sounds":[{"d":0.4999981,"p":41,"v":74}],"pos":4.125,"size":1.0,"_time":16.0},{"$id":"79","sounds":[{"d":0.2986107,"p":69,"v":62}],"pos":-1.0,"size":1.0,"_time":16.3320313},{"$id":"80","sounds":[{"d":0.166666031,"p":48,"v":62}],"pos":5.0,"size":1.0,"_time":16.3320313},{"$id":"81","sounds":[{"d":0.166667938,"p":55,"v":61}],"pos":5.875,"size":1.0,"_time":16.6679688},{"$id":"82","sounds":[{"d":0.08333397,"p":72,"v":61}],"size":1.0,"_time":16.6679688},{"$id":"83","sounds":[{"d":0.166667938,"p":57,"v":65}],"pos":6.125,"size":1.0,"_time":17.0},{"$id":"84","sounds":[{"d":0.07638931,"p":76,"v":65}],"pos":1.0,"size":1.0,"_time":17.0},{"$id":"85","sounds":[{"d":0.166666031,"p":65,"v":65}],"pos":7.125,"size":1.0,"_time":17.3320313},{"$id":"86","sounds":[{"d":0.166666031,"p":43,"v":65}],"pos":4.375,"size":1.0,"_time":17.3320313},{"$id":"87","sounds":[{"d":0.166666031,"p":74,"v":65}],"size":1.0,"_time":17.3320313},{"$id":"88","sounds":[{"d":0.166666031,"p":70,"v":65}],"pos":7.75,"size":1.0,"_time":17.3320313},{"$id":"89","sounds":[{"d":0.4513874,"p":70,"v":50}],"pos":1.0,"size":1.0,"_time":17.890625},{"$id":"90","sounds":[{"d":0.409721375,"p":74,"v":61}],"pos":1.5,"size":1.0,"_time":17.953125},{"$id":"91","sounds":[{"d":0.493055344,"p":36,"v":74}],"pos":3.5,"size":1.0,"_time":18.0},{"$id":"92","sounds":[{"d":0.493055344,"p":48,"v":74}],"pos":5.0,"size":1.0,"_time":18.0},{"$id":"93","sounds":[{"d":0.354166031,"p":62,"v":70}],"pos":6.75,"size":1.0,"_time":18.0},{"$id":"94","sounds":[{"d":0.3888893,"p":79,"v":84}],"pos":2.0,"size":1.0,"_time":18.0},{"$id":"95","sounds":[{"d":0.1736126,"p":76,"v":91}],"pos":1.0,"size":1.0,"_time":18.3320313},{"$id":"96","sounds":[{"d":0.166667938,"p":60,"v":70}],"pos":6.5,"size":1.0,"_time":18.3320313},{"$id":"97","sounds":[{"d":0.5138874,"p":60,"v":54}],"pos":6.5,"size":1.0,"_time":18.6679688},{"$id":"98","sounds":[{"d":0.618053436,"p":50,"v":66}],"pos":5.25,"size":1.0,"_time":18.6679688},{"$id":"99","sounds":[{"d":0.465276718,"p":69,"v":81}],"size":1.0,"_time":18.6679688},{"$id":"100","sounds":[{"d":0.479166031,"p":65,"v":71}],"pos":7.125,"size":1.0,"_time":18.6679688},{"$id":"101","sounds":[{"d":0.305555344,"p":57,"v":75}],"pos":6.125,"size":1.0,"_time":19.0},{"$id":"102","sounds":[{"d":0.215278625,"p":65,"v":61}],"pos":7.125,"size":1.0,"_time":19.3320313},{"$id":"103","sounds":[{"d":0.0902786255,"p":76,"v":99}],"pos":1.0,"size":1.0,"_time":19.3320313},{"$id":"104","sounds":[{"d":0.138889313,"p":65,"v":69}],"pos":7.125,"size":1.0,"_time":19.6679688},{"$id":"105","sounds":[{"d":0.07638931,"p":69,"v":71}],"size":1.0,"_time":19.6679688},{"$id":"106","sounds":[{"d":0.666666031,"p":62,"v":52}],"pos":-2.0,"size":1.0,"_time":19.8320313},{"$id":"107","sounds":[{"d":0.583332062,"p":67,"v":72}],"pos":-1.5,"size":1.0,"_time":19.9179688},{"$id":"108","sounds":[{"d":0.4999981,"p":69,"v":83}],"pos":-1.0,"size":1.0,"_time":20.0},{"$id":"109","sounds":[{"d":0.340276718,"p":40,"v":73}],"pos":4.0,"size":1.0,"_time":20.0},{"$id":"110","sounds":[{"d":0.131944656,"p":50,"v":73}],"pos":5.25,"size":1.0,"_time":20.3320313},{"$id":"111","sounds":[{"d":0.666667938,"p":62,"v":88}],"pos":6.75,"size":1.0,"_time":20.6679688},{"$id":"112","sounds":[{"d":0.291667938,"p":67,"v":85}],"pos":-1.0,"size":1.0,"_time":20.6679688},{"$id":"113","sounds":[{"d":0.0902786255,"p":57,"v":61}],"pos":6.125,"size":1.0,"_time":20.6679688},{"$id":"114","sounds":[{"d":0.333333969,"p":69,"v":87}],"size":1.0,"_time":21.0},{"$id":"115","sounds":[{"d":0.4999981,"p":69,"v":65}],"size":1.0,"_time":21.3320313},{"$id":"116","sounds":[{"d":0.4999981,"p":45,"v":70}],"pos":4.625,"size":1.0,"_time":21.3320313},{"$id":"117","sounds":[{"d":0.166666031,"p":52,"v":70}],"pos":5.5,"size":1.0,"_time":21.6679688},{"$id":"118","sounds":[{"d":0.166667938,"p":59,"v":70}],"pos":6.375,"size":1.0,"_time":22.0},{"$id":"119","sounds":[{"d":0.07638931,"p":74,"v":73}],"pos":-1.5,"size":1.30000007,"_time":22.0},{"$id":"120","sounds":[{"d":0.07638931,"p":79,"v":80}],"pos":0.5,"size":0.6999999,"_time":22.0},{"$id":"121","sounds":[{"d":0.166666031,"p":67,"v":70}],"pos":7.375,"size":1.0,"_time":22.3320313},{"$id":"122","sounds":[{"d":0.06944466,"p":76,"v":71}],"pos":-0.5,"size":1.30000007,"_time":22.3320313},{"$id":"123","sounds":[{"d":0.0625,"p":81,"v":58}],"pos":1.5,"size":0.6999999,"_time":22.3320313},{"$id":"124","sounds":[{"d":0.333333969,"p":71,"v":57}],"pos":-1.5,"size":1.30000007,"_time":22.6679688},{"$id":"125","sounds":[{"d":0.319444656,"p":76,"v":63}],"pos":0.5,"size":0.6999999,"_time":22.6679688},{"$id":"126","sounds":[{"d":0.166666031,"p":62,"v":70}],"pos":6.75,"size":1.0,"_time":22.6679688},{"$id":"127","sounds":[{"d":0.8888874,"p":41,"v":58}],"pos":4.125,"size":1.0,"_time":24.0},{"$id":"128","sounds":[{"d":0.277778625,"p":67,"v":78}],"pos":1.0,"size":1.0,"_time":24.0},{"$id":"129","sounds":[{"d":0.180555344,"p":57,"v":63},{"d":0.256944656,"p":60,"v":66}],"pos":-1.0,"size":1.30000007,"_time":24.0},{"$id":"130","sounds":[{"d":0.166666031,"p":48,"v":69}],"pos":5.0,"size":1.0,"_time":24.3320313},{"$id":"131","sounds":[{"d":0.340276718,"p":64,"v":75}],"size":1.0,"_time":24.6679688},{"$id":"132","sounds":[{"d":0.166666031,"p":57,"v":69}],"pos":6.125,"size":1.0,"_time":24.6679688},{"$id":"133","sounds":[{"d":0.0902786255,"p":60,"v":64}],"pos":6.5,"size":1.0,"_time":25.0},{"$id":"134","sounds":[{"d":0.833332062,"p":43,"v":70}],"pos":4.375,"size":1.0,"_time":25.3320313},{"$id":"135","sounds":[{"d":0.3125,"p":62,"v":75},{"d":0.333333969,"p":55,"v":64},{"d":0.3125,"p":60,"v":70}],"pos":-2.0,"size":1.30000007,"_time":25.3320313},{"$id":"136","sounds":[{"d":0.166666031,"p":50,"v":70}],"pos":5.25,"size":1.0,"_time":25.6679688},{"$id":"137","sounds":[{"d":0.166666031,"p":59,"v":70}],"pos":6.375,"size":1.0,"_time":26.0},{"$id":"138","sounds":[{"d":0.166666031,"p":64,"v":70}],"size":1.0,"_time":26.0},{"$id":"139","sounds":[{"d":0.166666031,"p":62,"v":70}],"pos":6.75,"size":1.0,"_time":26.3320313},{"$id":"140","sounds":[{"d":0.166666031,"p":67,"v":70}],"pos":1.0,"size":1.0,"_time":26.3320313},{"$id":"141","sounds":[{"d":0.8124981,"p":45,"v":68}],"pos":4.625,"size":1.0,"_time":26.6679688},{"$id":"142","sounds":[{"d":0.340276718,"p":62,"v":81}],"pos":6.75,"size":1.0,"_time":26.6679688},{"$id":"143","sounds":[{"d":0.2986107,"p":67,"v":73}],"pos":1.0,"size":1.0,"_time":26.6679688},{"$id":"144","sounds":[{"d":0.284721375,"p":69,"v":88}],"pos":2.0,"size":1.0,"_time":27.0},{"$id":"145","sounds":[{"d":0.166666031,"p":52,"v":70}],"pos":5.5,"size":1.0,"_time":27.0},{"$id":"146","sounds":[{"d":0.180557251,"p":64,"v":61}],"size":1.0,"_time":27.3320313},{"$id":"147","sounds":[{"d":0.166667938,"p":57,"v":70}],"pos":6.125,"size":1.0,"_time":27.3320313},{"$id":"148","sounds":[{"d":0.166667938,"p":59,"v":70}],"pos":6.375,"size":1.0,"_time":27.6679688},{"$id":"149","sounds":[{"d":0.07638931,"p":67,"v":73}],"pos":1.0,"size":1.0,"_time":27.6679688},{"$id":"150","sounds":[{"d":0.1875,"p":62,"v":72}],"pos":-1.0,"size":1.0,"_time":28.0},{"$id":"151","sounds":[{"d":0.06944466,"p":64,"v":79}],"size":1.0,"_time":28.3320313},{"$id":"152","sounds":[{"d":0.166666031,"p":55,"v":47}],"pos":-2.0,"size":1.0,"_time":28.6679688},{"$id":"153","sounds":[{"d":0.277778625,"p":57,"v":42}],"pos":-1.0,"size":1.0,"_time":29.0},{"$id":"154","sounds":[{"d":0.8888874,"p":41,"v":58}],"pos":4.125,"size":1.0,"_time":29.3320313},{"$id":"155","sounds":[{"d":0.277778625,"p":67,"v":78}],"pos":1.0,"size":1.0,"_time":29.3320313},{"$id":"156","sounds":[{"d":0.256944656,"p":60,"v":66},{"d":0.180555344,"p":57,"v":63}],"pos":-1.0,"size":1.30000007,"_time":29.3320313},{"$id":"157","sounds":[{"d":0.166666031,"p":48,"v":69}],"pos":5.0,"size":1.0,"_time":29.6679688},{"$id":"158","sounds":[{"d":0.340276718,"p":64,"v":75}],"size":1.0,"_time":30.0},{"$id":"159","sounds":[{"d":0.166666031,"p":57,"v":69}],"pos":6.125,"size":1.0,"_time":30.0},{"$id":"160","sounds":[{"d":0.0902786255,"p":60,"v":64}],"pos":6.5,"size":1.0,"_time":30.3320313},{"$id":"161","sounds":[{"d":0.00694465637,"p":64,"v":54},{"d":0.06944466,"p":72,"v":64}],"pos":2.0,"size":1.0,"_time":30.3320313},{"$id":"162","sounds":[{"d":0.06944466,"p":72,"v":40},{"d":0.0555553436,"p":64,"v":54}],"pos":2.0,"size":1.0,"_time":30.5},{"$id":"163","sounds":[{"d":0.833332062,"p":43,"v":70}],"pos":4.375,"size":1.0,"_time":30.6679688},{"$id":"164","sounds":[{"d":0.333332062,"p":55,"v":64}],"pos":5.875,"size":1.0,"_time":30.6679688},{"$id":"165","sounds":[{"d":0.236110687,"p":72,"v":82},{"d":0.1875,"p":64,"v":79}],"pos":2.0,"size":1.0,"_time":30.6679688},{"$id":"166","sounds":[{"d":0.166667938,"p":50,"v":70}],"pos":5.25,"size":1.0,"_time":31.0},{"$id":"167","sounds":[{"d":0.0902786255,"p":71,"v":76}],"pos":1.0,"size":1.0,"_time":31.0},{"$id":"168","sounds":[{"d":0.159721375,"p":67,"v":80}],"size":1.0,"_time":31.1679688},{"$id":"169","sounds":[{"d":0.166666031,"p":62,"v":77}],"pos":-2.0,"size":1.0,"_time":31.3320313},{"$id":"170","sounds":[{"d":0.145833969,"p":64,"v":63}],"pos":-1.0,"size":1.0,"_time":31.5},{"$id":"171","sounds":[{"d":0.166666031,"p":55,"v":50}],"pos":5.875,"size":1.0,"_time":31.6679688},{"$id":"172","sounds":[{"d":0.305555344,"p":64,"v":53}],"size":1.0,"_time":31.9453125},{"$id":"173","sounds":[{"d":0.270832062,"p":67,"v":77}],"pos":0.5,"size":1.0,"_time":31.9648438},{"$id":"174","sounds":[{"d":0.8125,"p":45,"v":68}],"pos":4.625,"size":1.0,"_time":32.0},{"$id":"175","sounds":[{"d":0.25,"p":72,"v":80}],"pos":1.0,"size":1.0,"_time":32.0},{"$id":"176","sounds":[{"d":0.166664124,"p":74,"v":70}],"pos":8.25,"size":1.0,"_time":32.33203},{"$id":"177","sounds":[{"d":0.0972213745,"p":79,"v":98}],"size":1.0,"_time":32.33203},{"$id":"178","sounds":[{"d":0.166664124,"p":52,"v":70}],"pos":5.5,"size":1.0,"_time":32.33203},{"$id":"179","sounds":[{"d":0.125,"p":81,"v":80}],"pos":2.0,"size":1.0,"_time":32.5},{"$id":"180","sounds":[{"d":0.166667938,"p":72,"v":70}],"pos":8.0,"size":1.0,"_time":32.66797},{"$id":"181","sounds":[{"d":0.180557251,"p":64,"v":61}],"pos":7.0,"size":1.0,"_time":32.66797},{"$id":"182","sounds":[{"d":0.104167938,"p":76,"v":75}],"pos":-0.5,"size":1.0,"_time":32.66797},{"$id":"183","sounds":[{"d":0.166667938,"p":57,"v":70}],"pos":6.125,"size":1.0,"_time":32.66797},{"$id":"184","sounds":[{"d":0.08333206,"p":79,"v":72}],"pos":1.5,"size":1.0,"_time":32.83203},{"$id":"185","sounds":[{"d":0.166667938,"p":59,"v":70}],"pos":6.375,"size":1.0,"_time":33.0},{"$id":"186","sounds":[{"d":0.0902786255,"p":74,"v":78}],"pos":-1.0,"size":1.0,"_time":33.0},{"$id":"187","sounds":[{"d":0.07638931,"p":67,"v":73}],"pos":7.375,"size":1.0,"_time":33.0},{"$id":"188","sounds":[{"d":0.104167938,"p":76,"v":77}],"pos":1.0,"size":1.0,"_time":33.16797},{"$id":"189","sounds":[{"d":0.1875,"p":62,"v":72}],"pos":6.75,"size":1.0,"_time":33.33203},{"$id":"190","sounds":[{"d":0.166667938,"p":69,"v":70}],"pos":7.625,"size":1.0,"_time":33.33203},{"$id":"191","sounds":[{"d":0.104167938,"p":72,"v":81}],"pos":-1.5,"size":1.0,"_time":33.33203},{"$id":"192","sounds":[{"d":0.07638931,"p":74,"v":50}],"pos":0.5,"size":1.0,"_time":33.5},{"$id":"193","sounds":[{"d":0.173610687,"p":69,"v":90}],"pos":-2.0,"size":1.0,"_time":33.66797},{"$id":"194","sounds":[{"d":0.166667938,"p":64,"v":79}],"pos":7.0,"size":1.0,"_time":33.66797},{"$id":"195","sounds":[{"d":0.0625,"p":72,"v":61}],"size":1.0,"_time":33.83203},{"$id":"196","sounds":[{"d":0.166664124,"p":55,"v":47}],"pos":5.875,"size":1.0,"_time":34.0},{"$id":"197","sounds":[{"d":0.159721375,"p":72,"v":89}],"size":1.0,"_time":34.0},{"$id":"198","sounds":[{"d":0.0902786255,"p":74,"v":81}],"pos":1.0,"size":1.0,"_time":34.16797},{"$id":"199","sounds":[{"d":0.277778625,"p":57,"v":42}],"pos":6.125,"size":1.0,"_time":34.33203},{"$id":"200","sounds":[{"d":0.104167938,"p":67,"v":79}],"pos":-2.0,"size":1.0,"_time":34.33203},{"$id":"201","sounds":[{"d":1.11806107,"p":38,"v":72}],"pos":3.75,"size":1.0,"_time":34.66797},{"$id":"202","sounds":[{"d":0.333335876,"p":60,"v":80},{"d":0.3472252,"p":65,"v":78}],"pos":-1.0,"size":1.30000007,"_time":34.66797},{"$id":"203","sounds":[{"d":0.333335876,"p":69,"v":76}],"pos":1.0,"size":1.0,"_time":34.66797},{"$id":"204","sounds":[{"d":0.166667938,"p":48,"v":70}],"pos":5.0,"size":1.0,"_time":35.0},{"$id":"205","sounds":[{"d":0.375,"p":72,"v":66}],"pos":-2.0,"size":1.0,"_time":35.33203},{"$id":"206","sounds":[{"d":0.166667938,"p":57,"v":70}],"pos":6.125,"size":1.0,"_time":35.33203},{"$id":"207","sounds":[{"d":0.368057251,"p":67,"v":77}],"pos":7.375,"size":1.0,"_time":35.33203},{"$id":"208","sounds":[{"d":0.333328247,"p":79,"v":71}],"pos":2.0,"size":1.0,"_time":35.66797},{"$id":"209","sounds":[{"d":0.3263855,"p":74,"v":69}],"pos":8.25,"size":1.0,"_time":35.66797},{"$id":"210","sounds":[{"d":0.666667938,"p":40,"v":79}],"pos":4.0,"size":1.0,"_time":36.0},{"$id":"211","sounds":[{"d":0.430557251,"p":71,"v":70}],"pos":7.875,"size":1.0,"_time":36.0},{"$id":"212","sounds":[{"d":0.430557251,"p":76,"v":84}],"size":1.0,"_time":36.0},{"$id":"213","sounds":[{"d":0.166664124,"p":50,"v":58}],"pos":5.25,"size":1.0,"_time":36.33203},{"$id":"214","sounds":[{"d":0.277778625,"p":62,"v":81}],"pos":6.75,"size":1.0,"_time":36.66797},{"$id":"215","sounds":[{"d":0.291667938,"p":71,"v":85}],"pos":1.0,"size":1.0,"_time":36.66797},{"$id":"216","sounds":[{"d":0.166667938,"p":59,"v":81}],"pos":6.375,"size":1.0,"_time":36.66797},{"$id":"217","sounds":[{"d":0.2638893,"p":64,"v":74}],"pos":7.0,"size":1.0,"_time":36.66797},{"$id":"218","sounds":[{"d":0.166667938,"p":55,"v":56}],"pos":5.875,"size":1.0,"_time":37.0},{"$id":"219","sounds":[{"d":0.0902786255,"p":67,"v":96}],"pos":-1.0,"size":1.0,"_time":37.0},{"$id":"220","sounds":[{"d":0.6250038,"p":67,"v":80}],"pos":-1.0,"size":1.0,"_time":37.33203},{"$id":"221","sounds":[{"d":0.631946564,"p":60,"v":80}],"pos":6.5,"size":1.0,"_time":37.33203},{"$id":"222","sounds":[{"d":0.5000038,"p":41,"v":86}],"pos":4.125,"size":1.0,"_time":37.33203},{"$id":"223","sounds":[{"d":0.2986107,"p":69,"v":92}],"size":1.0,"_time":37.66797},{"$id":"224","sounds":[{"d":0.166667938,"p":48,"v":70}],"pos":5.0,"size":1.0,"_time":37.66797},{"$id":"225","sounds":[{"d":0.166667938,"p":55,"v":70}],"pos":-2.0,"size":1.0,"_time":38.0},{"$id":"226","sounds":[{"d":0.166667938,"p":57,"v":70}],"pos":-1.0,"size":1.0,"_time":38.33203},{"$id":"227","sounds":[{"d":0.402778625,"p":62,"v":57}],"size":1.0,"_time":38.58203},{"$id":"228","sounds":[{"d":0.3472252,"p":67,"v":68}],"pos":0.5,"size":1.0,"_time":38.609375},{"$id":"229","sounds":[{"d":0.333332062,"p":43,"v":69}],"pos":4.375,"size":1.0,"_time":38.66797},{"$id":"230","sounds":[{"d":0.3125,"p":72,"v":73}],"pos":1.0,"size":1.0,"_time":38.66797},{"$id":"231","sounds":[{"d":0.333332062,"p":67,"v":70}],"pos":7.375,"size":1.0,"_time":39.0},{"$id":"232","sounds":[{"d":0.270832062,"p":74,"v":88}],"size":1.0,"_time":39.0},{"$id":"233","sounds":[{"d":0.270832062,"p":50,"v":64}],"pos":5.25,"size":1.0,"_time":39.0},{"$id":"234","sounds":[{"d":0.493057251,"p":70,"v":61}],"pos":7.75,"size":1.0,"_time":39.33203},{"$id":"235","sounds":[{"d":0.493057251,"p":65,"v":81}],"pos":7.125,"size":1.0,"_time":39.33203},{"$id":"236","sounds":[{"d":0.493057251,"p":48,"v":74}],"pos":5.0,"size":1.0,"_time":39.33203},{"$id":"237","sounds":[{"d":0.388893127,"p":79,"v":76}],"pos":2.0,"size":1.0,"_time":39.33203},{"$id":"238","sounds":[{"d":0.395835876,"p":74,"v":69}],"pos":8.25,"size":1.0,"_time":39.33203},{"$id":"239","sounds":[{"d":0.173606873,"p":76,"v":91}],"pos":1.0,"size":1.0,"_time":39.66797},{"$id":"240","sounds":[{"d":0.166664124,"p":60,"v":70}],"pos":6.5,"size":1.0,"_time":39.66797},{"$id":"241","sounds":[{"d":0.5138931,"p":60,"v":54}],"pos":-2.0,"size":1.0,"_time":39.91797},{"$id":"242","sounds":[{"d":0.4861145,"p":65,"v":71}],"pos":-1.5,"size":1.0,"_time":39.9453125},{"$id":"243","sounds":[{"d":0.618057251,"p":50,"v":66}],"pos":5.25,"size":1.0,"_time":40.0},{"$id":"244","sounds":[{"d":0.465278625,"p":69,"v":78}],"pos":-1.0,"size":1.0,"_time":40.0},{"$id":"245","sounds":[{"d":0.305553436,"p":57,"v":75}],"pos":6.125,"size":1.0,"_time":40.33203},{"$id":"246","sounds":[{"d":0.215278625,"p":65,"v":61}],"size":1.0,"_time":40.66797},{"$id":"247","sounds":[{"d":0.152778625,"p":72,"v":83}],"pos":1.0,"size":1.0,"_time":41.0},{"$id":"248","sounds":[{"d":0.138889313,"p":65,"v":69}],"pos":7.125,"size":1.0,"_time":41.0},{"$id":"249","sounds":[{"d":0.6666641,"p":62,"v":52}],"pos":-2.0,"size":1.0,"_time":41.16797},{"$id":"250","sounds":[{"d":0.583332062,"p":67,"v":72}],"pos":-1.5,"size":1.0,"_time":41.25},{"$id":"251","sounds":[{"d":0.340278625,"p":40,"v":73}],"pos":4.0,"size":1.0,"_time":41.33203},{"$id":"252","sounds":[{"d":0.5,"p":69,"v":83}],"pos":-1.0,"size":1.0,"_time":41.33203},{"$id":"253","sounds":[{"d":0.131942749,"p":50,"v":73}],"pos":-2.0,"size":1.0,"_time":41.66797},{"$id":"254","sounds":[{"d":0.666667938,"p":62,"v":88}],"pos":6.75,"size":1.0,"_time":42.0},{"$id":"255","sounds":[{"d":0.291667938,"p":67,"v":85}],"pos":-1.0,"size":1.0,"_time":42.0},{"$id":"256","sounds":[{"d":0.0902786255,"p":57,"v":61}],"pos":6.125,"size":1.0,"_time":42.0},{"$id":"257","sounds":[{"d":0.666667938,"p":69,"v":87}],"size":1.0,"_time":42.33203},{"$id":"258","sounds":[{"d":0.666671753,"p":45,"v":79}],"pos":-2.0,"size":1.0,"_time":42.66797},{"$id":"259","sounds":[{"d":0.166667938,"p":52,"v":53}],"pos":-1.0,"size":1.0,"_time":43.0},{"$id":"260","sounds":[{"d":0.416667938,"p":74,"v":59}],"size":1.0,"_time":43.26953},{"$id":"261","sounds":[{"d":0.333335876,"p":79,"v":84}],"pos":1.0,"size":1.0,"_time":43.33203},{"$id":"262","sounds":[{"d":0.166667938,"p":60,"v":60}],"pos":6.5,"size":1.0,"_time":43.33203},{"$id":"263","sounds":[{"d":0.3888893,"p":81,"v":83}],"pos":2.0,"size":1.0,"_time":43.66797},{"$id":"264","sounds":[{"d":0.166664124,"p":67,"v":70}],"pos":7.375,"size":1.0,"_time":43.66797},{"$id":"265","sounds":[{"d":0.458332062,"p":76,"v":77}],"size":1.0,"_time":44.0},{"$id":"266","sounds":[{"d":0.4513893,"p":71,"v":61}],"pos":7.875,"size":1.0,"_time":44.0},{"$id":"267","sounds":[{"d":0.166667938,"p":62,"v":70}],"pos":6.75,"size":1.0,"_time":44.0},{"$id":"268","sounds":[{"d":0.166667938,"p":74,"v":70}],"pos":-1.0,"size":1.0,"_time":45.0},{"$id":"269","sounds":[{"d":0.166667938,"p":76,"v":70}],"size":1.0,"_time":45.16797},{"$id":"270","sounds":[{"d":0.972229,"p":46,"v":56}],"pos":4.75,"size":1.0,"_time":45.33203},{"$id":"271","sounds":[{"d":0.333335876,"p":68,"v":38},{"d":0.333335876,"p":74,"v":49},{"d":0.333335876,"p":72,"v":64}],"pos":-1.5,"size":1.30000007,"_time":45.33203},{"$id":"272","sounds":[{"d":0.333335876,"p":79,"v":75}],"pos":1.0,"size":1.0,"_time":45.33203},{"$id":"273","sounds":[{"d":0.166667938,"p":81,"v":79}],"pos":2.0,"size":1.0,"_time":45.66797},{"$id":"274","sounds":[{"d":0.166667938,"p":53,"v":70}],"pos":5.625,"size":1.0,"_time":45.66797},{"$id":"275","sounds":[{"d":0.166667938,"p":62,"v":54},{"d":0.166667938,"p":69,"v":74}],"pos":-0.5,"size":1.30000007,"_time":46.0},{"$id":"276","sounds":[{"d":0.166667938,"p":81,"v":74}],"pos":2.0,"size":1.0,"_time":46.0},{"$id":"277","sounds":[{"d":0.166667938,"p":76,"v":70}],"pos":1.0,"size":1.0,"_time":46.33203},{"$id":"278","sounds":[{"d":0.5000038,"p":71,"v":55},{"d":0.5000038,"p":67,"v":54},{"d":0.333335876,"p":72,"v":49}],"pos":-2.0,"size":1.30000007,"_time":46.66797},{"$id":"279","sounds":[{"d":1.02778625,"p":45,"v":55}],"pos":4.625,"size":1.0,"_time":46.66797},{"$id":"280","sounds":[{"d":0.333335876,"p":74,"v":74}],"size":1.0,"_time":46.66797},{"$id":"281","sounds":[{"d":0.166667938,"p":72,"v":63}],"pos":-1.0,"size":1.0,"_time":47.0},{"$id":"282","sounds":[{"d":0.166667938,"p":52,"v":54}],"pos":5.5,"size":1.0,"_time":47.0},{"$id":"283","sounds":[{"d":0.333335876,"p":72,"v":77}],"pos":-1.0,"size":1.0,"_time":47.33203},{"$id":"284","sounds":[{"d":0.166667938,"p":60,"v":54}],"pos":6.5,"size":1.0,"_time":47.33203},{"$id":"285","sounds":[{"d":0.166667938,"p":74,"v":70}],"size":1.0,"_time":47.66797},{"$id":"286","sounds":[{"d":0.666667938,"p":55,"v":63}],"pos":5.875,"size":1.0,"_time":48.0},{"$id":"287","sounds":[{"d":0.333335876,"p":69,"v":63},{"d":0.333335876,"p":70,"v":38},{"d":0.333335876,"p":65,"v":45}],"pos":-1.0,"size":1.30000007,"_time":48.0},{"$id":"288","sounds":[{"d":0.333335876,"p":76,"v":66}],"pos":1.0,"size":1.0,"_time":48.0},{"$id":"289","sounds":[{"d":0.166664124,"p":77,"v":56}],"pos":2.0,"size":1.0,"_time":48.5},{"$id":"290","sounds":[{"d":0.08333206,"p":76,"v":82}],"pos":1.5,"size":1.0,"_time":48.58203},{"$id":"291","sounds":[{"d":0.333335876,"p":74,"v":83}],"pos":1.0,"size":1.0,"_time":48.66797},{"$id":"292","sounds":[{"d":0.229167938,"p":48,"v":76}],"pos":5.0,"size":1.0,"_time":48.66797},{"$id":"293","sounds":[{"d":0.215278625,"p":70,"v":61},{"d":0.229167938,"p":65,"v":60},{"d":0.229167938,"p":72,"v":57}],"pos":-2.0,"size":1.30000007,"_time":48.66797},{"$id":"294","sounds":[{"d":0.166667938,"p":79,"v":70}],"pos":2.0,"size":1.0,"_time":49.0},{"$id":"295","sounds":[{"d":0.3402748,"p":41,"v":60}],"pos":4.125,"size":1.0,"_time":49.33203},{"$id":"296","sounds":[{"d":0.291664124,"p":76,"v":63}],"pos":1.0,"size":1.0,"_time":49.33203},{"$id":"297","sounds":[{"d":0.284721375,"p":72,"v":64},{"d":0.305553436,"p":67,"v":59},{"d":0.277778625,"p":69,"v":72}],"pos":-2.0,"size":1.30000007,"_time":49.33203},{"$id":"298","sounds":[{"d":0.166664124,"p":48,"v":49}],"pos":5.0,"size":1.0,"_time":49.5},{"$id":"299","sounds":[{"d":0.166664124,"p":55,"v":49}],"pos":5.875,"size":1.0,"_time":49.66797},{"$id":"300","sounds":[{"d":0.166667938,"p":57,"v":43}],"pos":6.125,"size":1.0,"_time":49.83203},{"$id":"301","sounds":[{"d":0.666667938,"p":74,"v":90}],"size":1.0,"_time":50.0},{"$id":"302","sounds":[{"d":0.3125,"p":52,"v":60}],"pos":5.5,"size":1.0,"_time":50.0},{"$id":"303","sounds":[{"d":0.305557251,"p":67,"v":65},{"d":0.3125,"p":62,"v":71},{"d":0.3125,"p":71,"v":71}],"pos":-2.0,"size":1.30000007,"_time":50.0},{"$id":"304","sounds":[{"d":0.166667938,"p":62,"v":70}],"pos":6.75,"size":1.0,"_time":50.33203},{"$id":"305","sounds":[{"d":0.166667938,"p":81,"v":76}],"pos":2.0,"size":1.0,"_time":50.33203},{"$id":"306","sounds":[{"d":0.3472252,"p":50,"v":62}],"pos":5.25,"size":1.0,"_time":50.66797},{"$id":"307","sounds":[{"d":0.326393127,"p":65,"v":59},{"d":0.326393127,"p":60,"v":69},{"d":0.222225189,"p":69,"v":70}],"pos":-2.0,"size":1.30000007,"_time":50.66797},{"$id":"308","sounds":[{"d":0.166667938,"p":60,"v":31}],"pos":6.5,"size":1.0,"_time":51.0},{"$id":"309","sounds":[{"d":0.111110687,"p":69,"v":81}],"pos":-1.0,"size":1.0,"_time":51.0},{"$id":"310","sounds":[{"d":0.4999962,"p":60,"v":64}],"pos":6.5,"size":1.0,"_time":51.33203},{"$id":"311","sounds":[{"d":0.125,"p":72,"v":78}],"size":1.0,"_time":51.33203},{"$id":"312","sounds":[{"d":0.06944275,"p":79,"v":84}],"pos":1.0,"size":1.0,"_time":51.66797},{"$id":"313","sounds":[{"d":0.5,"p":52,"v":70}],"pos":5.5,"size":1.0,"_time":52.0},{"$id":"314","sounds":[{"d":0.368057251,"p":74,"v":80}],"size":1.0,"_time":52.0},{"$id":"315","sounds":[{"d":0.333335876,"p":67,"v":70},{"d":0.333335876,"p":64,"v":70},{"d":0.333335876,"p":62,"v":70}],"pos":-2.0,"size":1.30000007,"_time":52.0},{"$id":"316","sounds":[{"d":0.166664124,"p":67,"v":70}],"pos":5.5,"size":1.0,"_time":52.33203},{"$id":"317","sounds":[{"d":0.333335876,"p":72,"v":70}],"pos":-1.0,"size":1.0,"_time":52.66797},{"$id":"318","sounds":[{"d":0.166667938,"p":62,"v":70}],"pos":6.75,"size":1.0,"_time":52.66797},{"$id":"319","sounds":[{"d":0.333335876,"p":74,"v":70}],"size":1.0,"_time":53.0},{"$id":"320","sounds":[{"d":0.666667938,"p":64,"v":53}],"pos":-0.5,"size":1.0,"_time":53.25},{"$id":"321","sounds":[{"d":0.6250038,"p":68,"v":49}],"size":1.0,"_time":53.2773438},{"$id":"322","sounds":[{"d":0.625,"p":71,"v":73}],"pos":0.5,"size":1.0,"_time":53.29297},{"$id":"323","sounds":[{"d":0.5763893,"p":45,"v":63}],"pos":4.625,"size":1.0,"_time":53.33203},{"$id":"324","sounds":[{"d":0.569446564,"p":76,"v":73}],"pos":1.0,"size":1.0,"_time":53.33203},{"$id":"325","sounds":[{"d":0.166667938,"p":83,"v":80}],"pos":2.0,"size":1.0,"_time":53.66797},{"$id":"326","sounds":[{"d":0.243053436,"p":52,"v":62}],"pos":5.5,"size":1.0,"_time":53.66797},{"$id":"327","sounds":[{"d":0.166660309,"p":81,"v":66}],"pos":-0.6142856,"size":1.0,"_time":53.83203},{"$id":"328","sounds":[{"d":0.166667938,"p":80,"v":77}],"pos":1.38571441,"size":1.0,"_time":54.0},{"$id":"329","sounds":[{"d":0.166667938,"p":59,"v":70}],"pos":6.375,"size":1.0,"_time":54.0},{"$id":"330","sounds":[{"d":0.166667938,"p":76,"v":48}],"pos":-1.32857156,"size":1.0,"_time":54.16797},{"$id":"331","sounds":[{"d":0.166667938,"p":71,"v":62}],"pos":0.6714284,"size":1.0,"_time":54.33203},{"$id":"332","sounds":[{"d":0.166667938,"p":52,"v":31}],"pos":5.5,"size":1.0,"_time":54.33203},{"$id":"333","sounds":[{"d":0.166667938,"p":69,"v":46}],"pos":-2.0,"size":1.0,"_time":54.5},{"$id":"334","sounds":[{"d":0.166667938,"p":68,"v":62}],"size":1.0,"_time":54.66797},{"$id":"335","sounds":[{"d":0.166667938,"p":64,"v":70}],"pos":7.0,"size":1.0,"_time":54.66797},{"$id":"336","sounds":[{"d":0.166667938,"p":71,"v":48}],"pos":1.0,"size":1.0,"_time":54.83203},{"$id":"337","sounds":[{"d":0.166667938,"p":64,"v":68}],"pos":-2.0,"size":1.0,"_time":55.0},{"$id":"338","sounds":[{"d":0.166667938,"p":52,"v":36}],"pos":5.5,"size":1.0,"_time":55.0},{"$id":"339","sounds":[{"d":0.166667938,"p":68,"v":45}],"pos":-1.0,"size":1.0,"_time":55.16797},{"$id":"340","sounds":[{"d":0.159721375,"p":69,"v":70}],"size":1.0,"_time":55.33203},{"$id":"341","sounds":[{"d":0.04166794,"p":72,"v":90}],"pos":1.0,"size":1.0,"_time":55.66797},{"$id":"342","sounds":[{"d":0.333332062,"p":41,"v":65}],"pos":4.125,"size":1.0,"_time":56.0},{"$id":"343","sounds":[{"d":0.333332062,"p":72,"v":61},{"d":0.333332062,"p":67,"v":57},{"d":0.333332062,"p":69,"v":60},{"d":0.333332062,"p":76,"v":63}],"pos":-0.5,"size":1.30000007,"_time":56.0},{"$id":"344","sounds":[{"d":0.333332062,"p":81,"v":77}],"pos":2.0,"size":1.0,"_time":56.0},{"$id":"345","sounds":[{"d":0.166667938,"p":83,"v":70}],"pos":2.0,"size":1.0,"_time":56.33203},{"$id":"346","sounds":[{"d":0.333332062,"p":40,"v":56}],"pos":4.0,"size":1.0,"_time":56.66797},{"$id":"347","sounds":[{"d":0.333332062,"p":64,"v":53},{"d":0.333332062,"p":62,"v":56},{"d":0.333332062,"p":71,"v":55},{"d":0.333332062,"p":67,"v":64}],"pos":-1.214286,"size":1.30000007,"_time":56.66797},{"$id":"348","sounds":[{"d":0.333332062,"p":79,"v":70}],"pos":1.0,"size":1.0,"_time":56.66797},{"$id":"349","sounds":[{"d":0.166667938,"p":81,"v":70}],"pos":2.0,"size":1.0,"_time":57.0},{"$id":"350","sounds":[{"d":0.4999962,"p":76,"v":70}],"size":1.0,"_time":57.33203},{"$id":"351","sounds":[{"d":0.319442749,"p":72,"v":70},{"d":0.3263855,"p":70,"v":59},{"d":0.34721756,"p":65,"v":66}],"pos":-2.0,"size":1.30000007,"_time":57.33203},{"$id":"352","sounds":[{"d":0.3125,"p":43,"v":65}],"pos":4.375,"size":1.0,"_time":57.33203},{"$id":"353","sounds":[{"d":0.166660309,"p":55,"v":58}],"pos":5.875,"size":1.0,"_time":57.5},{"$id":"354","sounds":[{"d":0.166667938,"p":67,"v":53}],"pos":7.375,"size":1.0,"_time":57.66797},{"$id":"355","sounds":[{"d":0.166667938,"p":60,"v":51}],"pos":6.5,"size":1.0,"_time":57.83203},{"$id":"356","sounds":[{"d":0.65278244,"p":67,"v":43}],"size":1.0,"_time":57.89453},{"$id":"357","sounds":[{"d":0.604171753,"p":70,"v":67}],"pos":0.5,"size":1.0,"_time":57.9375},{"$id":"358","sounds":[{"d":0.5972252,"p":48,"v":58}],"pos":5.0,"size":1.0,"_time":58.0},{"$id":"359","sounds":[{"d":0.215278625,"p":77,"v":85}],"pos":1.0,"size":1.0,"_time":58.0},{"$id":"360","sounds":[{"d":0.166667938,"p":55,"v":51}],"pos":5.875,"size":1.0,"_time":58.16797},{"$id":"361","sounds":[{"d":0.222221375,"p":79,"v":73}],"pos":2.0,"size":1.0,"_time":58.33203},{"$id":"362","sounds":[{"d":0.166667938,"p":62,"v":72}],"pos":6.75,"size":1.0,"_time":58.33203},{"$id":"363","sounds":[{"d":0.166664124,"p":60,"v":49}],"pos":6.5,"size":1.0,"_time":58.5},{"$id":"364","sounds":[{"d":0.5277786,"p":76,"v":83}],"pos":-1.0,"size":1.0,"_time":58.66797},{"$id":"365","sounds":[{"d":0.7222214,"p":53,"v":81}],"pos":5.625,"size":1.0,"_time":58.66797},{"$id":"366","sounds":[{"d":0.256946564,"p":67,"v":56}],"pos":7.375,"size":1.0,"_time":58.66797},{"$id":"367","sounds":[{"d":0.381946564,"p":69,"v":78}],"pos":7.625,"size":1.0,"_time":58.66797},{"$id":"368","sounds":[{"d":0.2638855,"p":67,"v":54}],"pos":7.375,"size":1.0,"_time":59.0},{"$id":"369","sounds":[{"d":0.215278625,"p":72,"v":66}],"pos":-1.0,"size":1.0,"_time":59.33203},{"$id":"370","sounds":[{"d":0.0486106873,"p":74,"v":72}],"size":1.0,"_time":59.66797},{"$id":"371","sounds":[{"d":0.3402748,"p":41,"v":60}],"pos":4.125,"size":1.0,"_time":60.0},{"$id":"372","sounds":[{"d":0.291664124,"p":76,"v":74}],"pos":1.0,"size":1.0,"_time":60.0},{"$id":"373","sounds":[{"d":0.277778625,"p":69,"v":72},{"d":0.284721375,"p":72,"v":64},{"d":0.305553436,"p":67,"v":59}],"pos":-2.0,"size":1.30000007,"_time":60.0},{"$id":"374","sounds":[{"d":0.166664124,"p":48,"v":49}],"pos":5.0,"size":1.0,"_time":60.16797},{"$id":"375","sounds":[{"d":0.166664124,"p":55,"v":49}],"pos":5.875,"size":1.0,"_time":60.33203},{"$id":"376","sounds":[{"d":0.166667938,"p":77,"v":70}],"pos":1.0,"size":1.0,"_time":60.5},{"$id":"377","sounds":[{"d":0.166667938,"p":57,"v":43}],"pos":6.125,"size":1.0,"_time":60.5},{"$id":"378","sounds":[{"d":0.0902786255,"p":76,"v":77}],"pos":0.5,"size":1.0,"_time":60.578125},{"$id":"379","sounds":[{"d":0.666667938,"p":74,"v":90}],"size":1.0,"_time":60.66797},{"$id":"380","sounds":[{"d":0.3125,"p":62,"v":71},{"d":0.305557251,"p":67,"v":65},{"d":0.3125,"p":71,"v":71}],"pos":-2.0,"size":1.30000007,"_time":60.66797},{"$id":"381","sounds":[{"d":0.3125,"p":52,"v":60}],"pos":5.5,"size":1.0,"_time":60.66797},{"$id":"382","sounds":[{"d":0.166667938,"p":62,"v":70}],"pos":6.75,"size":1.0,"_time":61.0},{"$id":"383","sounds":[{"d":0.166667938,"p":81,"v":76}],"pos":2.0,"size":1.0,"_time":61.0},{"$id":"384","sounds":[{"d":0.666671753,"p":76,"v":70}],"pos":1.0,"size":1.0,"_time":61.33203},{"$id":"385","sounds":[{"d":0.333335876,"p":50,"v":62}],"pos":5.25,"size":1.0,"_time":61.33203},{"$id":"386","sounds":[{"d":0.326393127,"p":65,"v":59},{"d":0.326393127,"p":60,"v":69},{"d":0.222225189,"p":69,"v":70}],"pos":-2.0,"size":1.30000007,"_time":61.33203},{"$id":"387","sounds":[{"d":0.166667938,"p":60,"v":31}],"pos":6.5,"size":1.0,"_time":61.66797},{"$id":"388","sounds":[{"d":0.111110687,"p":69,"v":81}],"pos":-1.0,"size":1.0,"_time":61.66797},{"$id":"389","sounds":[{"d":0.4999962,"p":60,"v":64}],"pos":6.5,"size":1.0,"_time":62.0},{"$id":"390","sounds":[{"d":0.125,"p":72,"v":78}],"size":1.0,"_time":62.0},{"$id":"391","sounds":[{"d":0.06944275,"p":79,"v":84}],"pos":1.0,"size":1.0,"_time":62.33203},{"$id":"392","sounds":[{"d":0.5,"p":52,"v":70}],"pos":5.5,"size":1.0,"_time":62.66797},{"$id":"393","sounds":[{"d":0.368057251,"p":74,"v":80}],"size":1.0,"_time":62.66797},{"$id":"394","sounds":[{"d":0.333335876,"p":67,"v":70},{"d":0.333335876,"p":64,"v":70},{"d":0.333335876,"p":62,"v":70}],"pos":-2.0,"size":1.30000007,"_time":62.66797},{"$id":"395","sounds":[{"d":0.166664124,"p":67,"v":70}],"pos":-1.0,"size":1.0,"_time":63.0},{"$id":"396","sounds":[{"d":0.333335876,"p":72,"v":70}],"size":1.0,"_time":63.33203},{"$id":"397","sounds":[{"d":0.166667938,"p":62,"v":70}],"pos":6.75,"size":1.0,"_time":63.33203},{"$id":"398","sounds":[{"d":0.333335876,"p":74,"v":70}],"pos":1.0,"size":1.0,"_time":63.66797},{"$id":"399","sounds":[{"d":0.5,"p":76,"v":70}],"pos":2.0,"size":1.0,"_time":64.0},{"$id":"400","sounds":[{"d":0.333335876,"p":59,"v":73},{"d":0.333335876,"p":69,"v":73},{"d":0.333335876,"p":62,"v":73}],"pos":-2.0,"size":1.30000007,"_time":64.0},{"$id":"401","sounds":[{"d":0.333335876,"p":47,"v":73}],"pos":4.875,"size":1.0,"_time":64.0},{"$id":"402","sounds":[{"d":0.499992371,"p":53,"v":70}],"pos":5.625,"size":1.0,"_time":64.66797},{"$id":"403","sounds":[{"d":0.499992371,"p":59,"v":73},{"d":0.499992371,"p":62,"v":73}],"pos":-1.5,"size":1.30000007,"_time":64.66797},{"$id":"404","sounds":[{"d":0.499992371,"p":69,"v":73}],"size":1.0,"_time":64.66797},{"$id":"405","sounds":[{"d":0.166664124,"p":72,"v":70}],"pos":0.5,"size":1.0,"_time":64.83203},{"$id":"406","sounds":[{"d":0.166664124,"p":79,"v":70}],"pos":1.5,"size":1.0,"_time":65.0},{"$id":"407","sounds":[{"d":0.166664124,"p":77,"v":70}],"pos":0.5,"size":1.0,"_time":65.16797},{"$id":"408","sounds":[{"d":0.8333359,"p":76,"v":70}],"size":1.0,"_time":65.33203},{"$id":"409","sounds":[{"d":0.5,"p":52,"v":81}],"pos":5.5,"size":1.0,"_time":65.33203},{"$id":"410","sounds":[{"d":0.3888855,"p":68,"v":90},{"d":0.3888855,"p":64,"v":85}],"pos":-1.5,"size":1.30000007,"_time":65.33203},{"$id":"411","sounds":[{"d":0.5000076,"p":64,"v":70}],"pos":-2.0,"size":1.0,"_time":65.859375},{"$id":"412","sounds":[{"d":0.416671753,"p":68,"v":70}],"pos":-1.70000112,"size":1.0,"_time":65.94531},{"$id":"413","sounds":[{"d":0.6666641,"p":40,"v":85}],"pos":4.0,"size":1.0,"_time":66.0},{"$id":"414","sounds":[{"d":0.222221375,"p":84,"v":86}],"pos":0.5,"size":1.0,"_time":66.0},{"$id":"415","sounds":[{"d":0.333335876,"p":72,"v":78}],"pos":-1.5,"size":1.0,"_time":66.0},{"$id":"416","sounds":[{"d":0.166664124,"p":86,"v":86}],"pos":1.0,"size":1.0,"_time":66.33203},{"$id":"417","sounds":[{"d":0.166664124,"p":74,"v":86}],"pos":-1.0,"size":1.0,"_time":66.33203},{"$id":"418","sounds":[{"d":0.333328247,"p":64,"v":70}],"pos":7.0,"size":1.0,"_time":66.66797},{"$id":"419","sounds":[{"d":0.416664124,"p":69,"v":89}],"pos":7.625,"size":1.0,"_time":66.66797},{"$id":"420","sounds":[{"d":0.6319351,"p":41,"v":89}],"pos":4.125,"size":1.0,"_time":66.66797},{"$id":"421","sounds":[{"d":0.319442749,"p":76,"v":94}],"pos":-0.5,"size":1.0,"_time":66.66797},{"$id":"422","sounds":[{"d":0.2013855,"p":65,"v":40}],"pos":7.125,"size":1.0,"_time":66.66797},{"$id":"423","sounds":[{"d":0.319442749,"p":88,"v":94}],"pos":1.5,"size":1.0,"_time":66.66797},{"$id":"424","sounds":[{"d":0.166664124,"p":48,"v":66}],"pos":5.0,"size":1.0,"_time":67.0},{"$id":"425","sounds":[{"d":0.159721375,"p":65,"v":60}],"pos":7.125,"size":1.0,"_time":67.0},{"$id":"426","sounds":[{"d":0.180549622,"p":74,"v":87}],"pos":-1.5,"size":1.0,"_time":67.33203},{"$id":"427","sounds":[{"d":0.166664124,"p":55,"v":49}],"pos":5.875,"size":1.0,"_time":67.33203},{"$id":"428","sounds":[{"d":0.180549622,"p":86,"v":87}],"pos":0.5,"size":1.0,"_time":67.33203},{"$id":"429","sounds":[{"d":0.166664124,"p":57,"v":68}],"pos":6.125,"size":1.0,"_time":67.66797},{"$id":"430","sounds":[{"d":0.0972213745,"p":84,"v":77}],"size":1.0,"_time":67.66797},{"$id":"431","sounds":[{"d":0.0972213745,"p":72,"v":77}],"pos":-2.0,"size":1.0,"_time":67.66797},{"$id":"432","sounds":[{"d":0.284721375,"p":71,"v":74}],"pos":7.875,"size":1.0,"_time":68.0},{"$id":"433","sounds":[{"d":0.340278625,"p":76,"v":90}],"pos":-0.5,"size":1.0,"_time":68.0},{"$id":"434","sounds":[{"d":0.368057251,"p":43,"v":73}],"pos":4.375,"size":1.0,"_time":68.0},{"$id":"435","sounds":[{"d":0.340278625,"p":88,"v":90}],"pos":1.5,"size":1.0,"_time":68.0},{"$id":"436","sounds":[{"d":0.194442749,"p":65,"v":77}],"pos":7.125,"size":1.0,"_time":68.0},{"$id":"437","sounds":[{"d":0.277778625,"p":69,"v":67}],"pos":7.625,"size":1.0,"_time":68.0},{"$id":"438","sounds":[{"d":0.166664124,"p":57,"v":53}],"pos":6.125,"size":1.0,"_time":68.33203},{"$id":"439","sounds":[{"d":0.0763855,"p":65,"v":63}],"pos":7.125,"size":1.0,"_time":68.33203},{"$id":"440","sounds":[{"d":0.166664124,"p":59,"v":80}],"pos":6.375,"size":1.0,"_time":68.66797},{"$id":"441","sounds":[{"d":0.06944275,"p":74,"v":103}],"pos":-1.5,"size":1.0,"_time":68.66797},{"$id":"442","sounds":[{"d":0.06944275,"p":86,"v":103}],"pos":0.5,"size":1.0,"_time":68.66797},{"$id":"443","sounds":[{"d":0.166664124,"p":55,"v":62}],"pos":5.875,"size":1.0,"_time":69.0},{"$id":"444","sounds":[{"d":0.0416641235,"p":79,"v":87}],"size":1.0,"_time":69.0},{"$id":"445","sounds":[{"d":0.0416641235,"p":91,"v":87}],"pos":2.0,"size":1.0,"_time":69.0},{"$id":"446","sounds":[{"d":0.8333359,"p":88,"v":93}],"pos":1.5,"size":1.0,"_time":69.33203},{"$id":"447","sounds":[{"d":0.8125,"p":45,"v":68}],"pos":4.625,"size":1.0,"_time":69.33203},{"$id":"448","sounds":[{"d":0.8333359,"p":76,"v":93}],"pos":-0.5,"size":1.0,"_time":69.33203},{"$id":"449","sounds":[{"d":0.298606873,"p":67,"v":73}],"pos":7.5,"size":1.0,"_time":69.33203},{"$id":"450","sounds":[{"d":0.166664124,"p":52,"v":70}],"pos":5.5,"size":1.0,"_time":69.66797},{"$id":"451","sounds":[{"d":0.284721375,"p":69,"v":74}],"pos":2.0,"size":1.0,"_time":69.66797},{"$id":"452","sounds":[{"d":0.180557251,"p":64,"v":61}],"size":1.0,"_time":70.0},{"$id":"453","sounds":[{"d":0.166671753,"p":57,"v":70}],"pos":6.125,"size":1.0,"_time":70.0},{"$id":"454","sounds":[{"d":0.166664124,"p":59,"v":70}],"pos":6.375,"size":1.0,"_time":70.33203},{"$id":"455","sounds":[{"d":0.0763855,"p":67,"v":73}],"pos":1.0,"size":1.0,"_time":70.33203},{"$id":"456","sounds":[{"d":0.1875,"p":62,"v":72}],"pos":-1.0,"size":1.0,"_time":70.66797},{"$id":"457","sounds":[{"d":0.06944275,"p":64,"v":79}],"size":1.0,"_time":71.0},{"$id":"458","sounds":[{"d":0.166664124,"p":55,"v":47}],"pos":5.875,"size":1.0,"_time":71.33203},{"$id":"459","sounds":[{"d":0.08332825,"p":84,"v":86}],"pos":0.5,"size":1.0,"_time":71.33203},{"$id":"460","sounds":[{"d":0.0763855,"p":72,"v":88}],"pos":-1.5,"size":1.0,"_time":71.33203},{"$id":"461","sounds":[{"d":0.277771,"p":57,"v":42}],"pos":6.125,"size":1.0,"_time":71.66797},{"$id":"462","sounds":[{"d":0.06944275,"p":74,"v":99}],"pos":-1.0,"size":1.0,"_time":71.66797},{"$id":"463","sounds":[{"d":0.0763855,"p":86,"v":92}],"pos":1.0,"size":1.0,"_time":71.66797},{"$id":"464","sounds":[{"d":0.305557251,"p":69,"v":81}],"pos":7.625,"size":1.0,"_time":72.0},{"$id":"465","sounds":[{"d":0.5,"p":88,"v":82}],"pos":1.5,"size":1.0,"_time":72.0},{"$id":"466","sounds":[{"d":0.305557251,"p":72,"v":78}],"pos":8.0,"size":1.0,"_time":72.0},{"$id":"467","sounds":[{"d":0.5,"p":76,"v":81}],"pos":-0.5,"size":1.0,"_time":72.0},{"$id":"468","sounds":[{"d":0.277778625,"p":50,"v":81}],"pos":5.25,"size":1.0,"_time":72.0},{"$id":"469","sounds":[{"d":0.166664124,"p":57,"v":70}],"pos":6.125,"size":1.0,"_time":72.33203},{"$id":"470","sounds":[{"d":0.166664124,"p":65,"v":70}],"pos":7.125,"size":1.0,"_time":72.66797},{"$id":"471","sounds":[{"d":0.166664124,"p":74,"v":84}],"pos":-0.5,"size":1.0,"_time":72.66797},{"$id":"472","sounds":[{"d":0.166664124,"p":86,"v":84}],"pos":1.5,"size":1.0,"_time":72.66797},{"$id":"473","sounds":[{"d":0.166664124,"p":84,"v":84}],"size":1.0,"_time":73.0},{"$id":"474","sounds":[{"d":0.166664124,"p":72,"v":84}],"pos":-2.0,"size":1.0,"_time":73.0},{"$id":"475","sounds":[{"d":0.430549622,"p":65,"v":58}],"pos":7.125,"size":1.0,"_time":73.33203},{"$id":"476","sounds":[{"d":0.430549622,"p":43,"v":76}],"pos":4.375,"size":1.0,"_time":73.33203},{"$id":"477","sounds":[{"d":0.458328247,"p":76,"v":88}],"pos":-1.5,"size":1.0,"_time":73.33203},{"$id":"478","sounds":[{"d":0.499992371,"p":88,"v":86}],"pos":0.5,"size":1.0,"_time":73.33203},{"$id":"479","sounds":[{"d":0.416664124,"p":71,"v":63}],"pos":7.875,"size":1.0,"_time":73.33203},{"$id":"480","sounds":[{"d":0.430549622,"p":69,"v":77}],"pos":7.625,"size":1.0,"_time":73.33203},{"$id":"481","sounds":[{"d":0.152778625,"p":50,"v":81}],"pos":5.25,"size":1.0,"_time":73.66797},{"$id":"482","sounds":[{"d":0.222221375,"p":74,"v":91}],"pos":-0.5,"size":1.0,"_time":74.0},{"$id":"483","sounds":[{"d":0.1875,"p":59,"v":85}],"pos":6.375,"size":1.0,"_time":74.0},{"$id":"484","sounds":[{"d":0.222221375,"p":86,"v":91}],"pos":1.5,"size":1.0,"_time":74.0},{"$id":"485","sounds":[{"d":0.222221375,"p":81,"v":91}],"size":1.0,"_time":74.33203},{"$id":"486","sounds":[{"d":0.222221375,"p":93,"v":91}],"pos":2.0,"size":1.0,"_time":74.33203},{"$id":"487","sounds":[{"d":0.347213745,"p":67,"v":66}],"pos":7.375,"size":1.0,"_time":74.66797},{"$id":"488","sounds":[{"d":0.3541565,"p":48,"v":74}],"pos":5.0,"size":1.0,"_time":74.66797},{"$id":"489","sounds":[{"d":0.347213745,"p":71,"v":64}],"pos":7.875,"size":1.0,"_time":74.66797},{"$id":"490","sounds":[{"d":0.333328247,"p":88,"v":77}],"pos":0.5,"size":1.0,"_time":74.66797},{"$id":"491","sounds":[{"d":0.333328247,"p":76,"v":68}],"pos":-1.5,"size":1.0,"_time":74.66797},{"$id":"492","sounds":[{"d":0.0902709961,"p":55,"v":81}],"pos":8.5,"size":1.30000007,"_time":75.0},{"$id":"493","sounds":[{"d":0.0347213745,"p":62,"v":69}],"pos":9.5,"size":1.30000007,"_time":75.33203},{"$id":"494","sounds":[{"d":0.0763855,"p":64,"v":56}],"pos":10.5,"size":1.30000007,"_time":75.66797},{"$id":"495","sounds":[{"d":0.173606873,"p":86,"v":91}],"size":1.0,"_time":76.0},{"$id":"496","sounds":[{"d":0.166664124,"p":67,"v":74}],"pos":5.5,"size":1.30000007,"_time":76.0},{"$id":"497","sounds":[{"d":0.1388855,"p":74,"v":77}],"pos":-2.0,"size":1.0,"_time":76.0},{"$id":"498","sounds":[{"d":0.166664124,"p":62,"v":47}],"pos":10.0,"size":1.30000007,"_time":76.33203},{"$id":"499","sounds":[{"d":0.138893127,"p":88,"v":91}],"pos":1.0,"size":1.0,"_time":76.66797},{"$id":"500","sounds":[{"d":0.166671753,"p":60,"v":61}],"pos":9.0,"size":1.30000007,"_time":76.66797},{"$id":"501","sounds":[{"d":0.118057251,"p":76,"v":81}],"pos":-1.0,"size":1.0,"_time":76.66797},{"$id":"502","sounds":[{"d":0.166664124,"p":55,"v":39}],"pos":8.0,"size":1.30000007,"_time":77.0},{"$id":"503","sounds":[{"d":1.118042,"p":50,"v":72}],"pos":5.25,"size":1.0,"_time":77.33203},{"$id":"504","sounds":[{"d":0.347213745,"p":77,"v":78},{"d":0.333328247,"p":72,"v":80}],"pos":-2.0,"size":1.30000007,"_time":77.33203},{"$id":"505","sounds":[{"d":0.333328247,"p":81,"v":77},{"d":0.333328247,"p":93,"v":82}],"pos":2.0,"size":1.0,"_time":77.33203},{"$id":"506","sounds":[{"d":0.166664124,"p":60,"v":70}],"pos":6.5,"size":1.0,"_time":77.66797},{"$id":"507","sounds":[{"d":0.374992371,"p":72,"v":66},{"d":0.368049622,"p":67,"v":77}],"pos":-1.0,"size":1.30000007,"_time":78.0},{"$id":"508","sounds":[{"d":0.166664124,"p":57,"v":70}],"pos":6.125,"size":1.0,"_time":78.0},{"$id":"509","sounds":[{"d":0.0763855,"p":88,"v":75},{"d":0.06944275,"p":76,"v":71}],"pos":1.0,"size":1.0,"_time":78.0},{"$id":"510","sounds":[{"d":0.326393127,"p":74,"v":69}],"pos":8.25,"size":1.0,"_time":78.33203},{"$id":"511","sounds":[{"d":0.06944275,"p":91,"v":74},{"d":0.06944275,"p":79,"v":71}],"pos":2.0,"size":1.0,"_time":78.33203},{"$id":"512","sounds":[{"d":0.6666641,"p":40,"v":79}],"pos":4.0,"size":1.0,"_time":78.66797},{"$id":"513","sounds":[{"d":0.430557251,"p":71,"v":70}],"pos":7.875,"size":1.0,"_time":78.66797},{"$id":"514","sounds":[{"d":0.270835876,"p":76,"v":77},{"d":0.25,"p":88,"v":84}],"size":1.0,"_time":78.66797},{"$id":"515","sounds":[{"d":0.166664124,"p":50,"v":58}],"pos":5.25,"size":1.0,"_time":79.0},{"$id":"516","sounds":[{"d":0.2638855,"p":64,"v":65},{"d":0.2916565,"p":71,"v":76},{"d":0.277771,"p":62,"v":72}],"pos":-1.0,"size":1.30000007,"_time":79.33203},{"$id":"517","sounds":[{"d":0.166664124,"p":59,"v":81}],"pos":6.375,"size":1.0,"_time":79.33203},{"$id":"518","sounds":[{"d":0.0763855,"p":86,"v":85},{"d":0.06944275,"p":74,"v":84}],"pos":1.0,"size":1.0,"_time":79.33203},{"$id":"519","sounds":[{"d":0.166664124,"p":55,"v":56}],"pos":5.875,"size":1.0,"_time":79.66797},{"$id":"520","sounds":[{"d":0.0902786255,"p":67,"v":96}],"pos":7.375,"size":1.0,"_time":79.66797},{"$id":"521","sounds":[{"d":0.06944275,"p":88,"v":86},{"d":0.06944275,"p":76,"v":89}],"pos":2.0,"size":1.0,"_time":79.66797},{"$id":"522","sounds":[{"d":0.6319351,"p":60,"v":80}],"pos":6.5,"size":1.0,"_time":80.0},{"$id":"523","sounds":[{"d":0.6249924,"p":67,"v":80},{"d":0.298606873,"p":79,"v":89}],"pos":-2.0,"size":1.0,"_time":80.0},{"$id":"524","sounds":[{"d":0.499992371,"p":41,"v":86}],"pos":4.125,"size":1.0,"_time":80.0},{"$id":"525","sounds":[{"d":0.298606873,"p":81,"v":89},{"d":0.298606873,"p":69,"v":92}],"pos":-1.0,"size":1.0,"_time":80.33203},{"$id":"526","sounds":[{"d":0.166664124,"p":48,"v":70}],"pos":5.0,"size":1.0,"_time":80.33203},{"$id":"527","sounds":[{"d":0.166664124,"p":55,"v":70}],"pos":5.875,"size":1.0,"_time":80.66797},{"$id":"528","sounds":[{"d":0.0902786255,"p":84,"v":86},{"d":0.08333588,"p":72,"v":63}],"size":1.0,"_time":80.66797},{"$id":"529","sounds":[{"d":0.166664124,"p":57,"v":70}],"pos":6.125,"size":1.0,"_time":81.0},{"$id":"530","sounds":[{"d":0.0763855,"p":76,"v":94},{"d":0.0763855,"p":88,"v":96}],"pos":1.0,"size":1.0,"_time":81.0},{"$id":"531","sounds":[{"d":0.354164124,"p":43,"v":77}],"pos":4.375,"size":1.0,"_time":81.33203},{"$id":"532","sounds":[{"d":0.243049622,"p":65,"v":88},{"d":0.229164124,"p":70,"v":85}],"pos":-2.0,"size":1.30000007,"_time":81.33203},{"$id":"533","sounds":[{"d":0.243049622,"p":74,"v":80},{"d":0.333328247,"p":86,"v":92}],"size":1.0,"_time":81.33203},{"$id":"534","sounds":[{"d":0.388877869,"p":79,"v":84}],"size":1.0,"_time":82.0},{"$id":"535","sounds":[{"d":0.493042,"p":48,"v":74}],"pos":5.0,"size":1.0,"_time":82.0},{"$id":"536","sounds":[{"d":0.340271,"p":70,"v":70},{"d":0.3541565,"p":62,"v":70},{"d":0.361099243,"p":74,"v":70}],"pos":10.5,"size":1.30000007,"_time":82.0},{"$id":"537","sounds":[{"d":0.388877869,"p":91,"v":84}],"pos":2.0,"size":1.0,"_time":82.0},{"$id":"538","sounds":[{"d":0.173599243,"p":88,"v":91}],"pos":1.5,"size":1.0,"_time":82.33203},{"$id":"539","sounds":[{"d":0.1666565,"p":60,"v":70}],"pos":6.5,"size":1.0,"_time":82.33203},{"$id":"540","sounds":[{"d":0.173599243,"p":76,"v":91}],"pos":-0.5,"size":1.0,"_time":82.33203},{"$id":"541","sounds":[{"d":0.5138855,"p":60,"v":54}],"pos":-2.0,"size":1.0,"_time":82.58203},{"$id":"542","sounds":[{"d":0.486106873,"p":65,"v":71}],"pos":-1.69999969,"size":1.0,"_time":82.609375},{"$id":"543","sounds":[{"d":0.6180496,"p":50,"v":66}],"pos":5.25,"size":1.0,"_time":82.66797},{"$id":"544","sounds":[{"d":0.465271,"p":81,"v":83}],"pos":1.0,"size":1.0,"_time":82.66797},{"$id":"545","sounds":[{"d":0.465271,"p":69,"v":83}],"pos":-1.0,"size":1.0,"_time":82.66797},{"$id":"546","sounds":[{"d":0.305557251,"p":57,"v":75}],"pos":6.125,"size":1.0,"_time":83.0},{"$id":"547","sounds":[{"d":0.215278625,"p":65,"v":61}],"pos":7.125,"size":1.0,"_time":83.33203},{"$id":"548","sounds":[{"d":0.0902786255,"p":76,"v":99}],"size":1.0,"_time":83.33203},{"$id":"549","sounds":[{"d":0.0902786255,"p":88,"v":95}],"pos":2.0,"size":1.0,"_time":83.33203},{"$id":"550","sounds":[{"d":0.1388855,"p":65,"v":69}],"pos":7.125,"size":1.0,"_time":83.66797},{"$id":"551","sounds":[{"d":0.0763855,"p":69,"v":71}],"pos":-1.0,"size":1.0,"_time":83.66797},{"$id":"552","sounds":[{"d":0.08332825,"p":81,"v":87}],"pos":1.0,"size":1.0,"_time":83.66797},{"$id":"553","sounds":[{"d":0.6666641,"p":62,"v":52}],"pos":-2.0,"size":1.0,"_time":83.83203},{"$id":"554","sounds":[{"d":0.583328247,"p":67,"v":72}],"pos":-1.5,"size":1.0,"_time":83.91797},{"$id":"555","sounds":[{"d":0.499992371,"p":69,"v":83}],"pos":-1.0,"size":1.0,"_time":84.0},{"$id":"556","sounds":[{"d":0.340271,"p":40,"v":73}],"pos":4.0,"size":1.0,"_time":84.0},{"$id":"557","sounds":[{"d":0.499992371,"p":81,"v":83}],"pos":1.0,"size":1.0,"_time":84.0},{"$id":"558","sounds":[{"d":0.131942749,"p":50,"v":73}],"pos":5.25,"size":1.0,"_time":84.33203},{"$id":"559","sounds":[{"d":0.291664124,"p":67,"v":85}],"pos":-2.0,"size":1.0,"_time":84.66797},{"$id":"560","sounds":[{"d":0.6666641,"p":62,"v":88}],"pos":6.75,"size":1.0,"_time":84.66797},{"$id":"561","sounds":[{"d":0.291664124,"p":79,"v":85}],"size":1.0,"_time":84.66797},{"$id":"562","sounds":[{"d":0.0902786255,"p":57,"v":61}],"pos":6.125,"size":1.0,"_time":84.66797},{"$id":"563","sounds":[{"d":0.333335876,"p":69,"v":87}],"pos":-1.0,"size":1.0,"_time":85.0},{"$id":"564","sounds":[{"d":0.333335876,"p":81,"v":87}],"pos":1.0,"size":1.0,"_time":85.0},{"$id":"565","sounds":[{"d":0.499992371,"p":81,"v":65}],"pos":1.0,"size":1.0,"_time":85.33203},{"$id":"566","sounds":[{"d":0.499992371,"p":45,"v":70}],"pos":4.625,"size":1.0,"_time":85.33203},{"$id":"567","sounds":[{"d":0.499992371,"p":69,"v":65}],"pos":-1.0,"size":1.0,"_time":85.33203},{"$id":"568","sounds":[{"d":0.166664124,"p":52,"v":70}],"pos":5.5,"size":1.0,"_time":85.66797},{"$id":"569","sounds":[{"d":0.166664124,"p":59,"v":70}],"pos":6.375,"size":1.0,"_time":86.0},{"$id":"570","sounds":[{"d":0.0763855,"p":79,"v":80}],"pos":0.5,"size":0.6999999,"_time":86.0},{"$id":"571","sounds":[{"d":0.0763855,"p":74,"v":73}],"pos":-1.5,"size":1.30000007,"_time":86.0},{"$id":"572","sounds":[{"d":0.166664124,"p":67,"v":70}],"pos":7.375,"size":1.0,"_time":86.33203},{"$id":"573","sounds":[{"d":0.0625,"p":81,"v":58}],"pos":1.5,"size":0.6999999,"_time":86.33203},{"$id":"574","sounds":[{"d":0.06944275,"p":76,"v":71}],"pos":-0.5,"size":1.30000007,"_time":86.33203},{"$id":"575","sounds":[{"d":0.319442749,"p":76,"v":63}],"pos":0.5,"size":0.6999999,"_time":86.66797},{"$id":"576","sounds":[{"d":0.333328247,"p":71,"v":57}],"pos":-1.5,"size":1.30000007,"_time":86.66797},{"$id":"577","sounds":[{"d":0.166664124,"p":62,"v":70}],"pos":6.75,"size":1.0,"_time":86.66797},{"$id":"578","sounds":[{"d":0.166664124,"p":74,"v":70}],"pos":-1.0,"size":1.0,"_time":87.66797},{"$id":"579","sounds":[{"d":0.166664124,"p":76,"v":70}],"size":1.0,"_time":87.83203},{"$id":"580","sounds":[{"d":0.333328247,"p":68,"v":38}],"pos":7.5,"size":1.0,"_time":88.0},{"$id":"581","sounds":[{"d":0.9722061,"p":46,"v":56}],"pos":4.75,"size":1.0,"_time":88.0},{"$id":"582","sounds":[{"d":0.333328247,"p":72,"v":64}],"pos":8.0,"size":1.0,"_time":88.0},{"$id":"583","sounds":[{"d":0.333328247,"p":79,"v":75}],"pos":1.0,"size":1.0,"_time":88.0},{"$id":"584","sounds":[{"d":0.333328247,"p":74,"v":49}],"pos":8.25,"size":1.0,"_time":88.0},{"$id":"585","sounds":[{"d":0.166664124,"p":53,"v":70}],"pos":5.625,"size":1.0,"_time":88.33203},{"$id":"586","sounds":[{"d":0.166664124,"p":76,"v":80}],"size":1.0,"_time":88.33203},{"$id":"587","sounds":[{"d":0.166664124,"p":84,"v":71}],"pos":1.5,"size":1.0,"_time":88.5},{"$id":"588","sounds":[{"d":0.0902786255,"p":86,"v":88}],"pos":2.0,"size":1.0,"_time":88.578125},{"$id":"589","sounds":[{"d":0.166664124,"p":84,"v":78}],"pos":1.5,"size":1.0,"_time":88.66797},{"$id":"590","sounds":[{"d":0.166664124,"p":62,"v":54}],"pos":6.75,"size":1.0,"_time":88.66797},{"$id":"591","sounds":[{"d":0.166664124,"p":69,"v":74}],"pos":7.625,"size":1.0,"_time":88.66797},{"$id":"592","sounds":[{"d":0.166664124,"p":83,"v":71}],"pos":-1.0,"size":1.0,"_time":88.83203},{"$id":"593","sounds":[{"d":0.166664124,"p":79,"v":80}],"pos":0.757143736,"size":1.0,"_time":89.0},{"$id":"594","sounds":[{"d":0.166664124,"p":76,"v":74}],"pos":-1.82857037,"size":1.0,"_time":89.16797},{"$id":"595","sounds":[{"d":0.499992371,"p":67,"v":54}],"pos":7.375,"size":1.0,"_time":89.33203},{"$id":"596","sounds":[{"d":0.499992371,"p":71,"v":55}],"pos":7.875,"size":1.0,"_time":89.33203},{"$id":"597","sounds":[{"d":1.02776337,"p":45,"v":55}],"pos":4.625,"size":1.0,"_time":89.33203},{"$id":"598","sounds":[{"d":0.333328247,"p":74,"v":74}],"size":1.0,"_time":89.33203},{"$id":"599","sounds":[{"d":0.333328247,"p":72,"v":49}],"pos":8.0,"size":1.0,"_time":89.33203},{"$id":"600","sounds":[{"d":0.166664124,"p":52,"v":54}],"pos":5.5,"size":1.0,"_time":89.66797},{"$id":"601","sounds":[{"d":0.166664124,"p":76,"v":60}],"pos":-1.0,"size":1.0,"_time":89.83203},{"$id":"602","sounds":[{"d":0.0902786255,"p":74,"v":76}],"pos":-1.5,"size":1.0,"_time":89.91016},{"$id":"603","sounds":[{"d":0.333328247,"p":72,"v":77}],"pos":-2.0,"size":1.0,"_time":90.0},{"$id":"604","sounds":[{"d":0.166664124,"p":60,"v":54}],"pos":6.5,"size":1.0,"_time":90.0},{"$id":"605","sounds":[{"d":0.166664124,"p":74,"v":70}],"pos":1.0,"size":1.0,"_time":90.33203},{"$id":"606","sounds":[{"d":0.6666565,"p":55,"v":63}],"pos":5.875,"size":1.0,"_time":90.66797},{"$id":"607","sounds":[{"d":0.333328247,"p":69,"v":63},{"d":0.333328247,"p":70,"v":38},{"d":0.333328247,"p":65,"v":45}],"pos":-2.0,"size":1.30000007,"_time":90.66797},{"$id":"608","sounds":[{"d":0.333328247,"p":76,"v":66}],"pos":2.0,"size":1.0,"_time":90.66797},{"$id":"609","sounds":[{"d":0.166664124,"p":81,"v":67}],"pos":2.0,"size":1.0,"_time":91.0},{"$id":"610","sounds":[{"d":0.333328247,"p":74,"v":83}],"pos":1.0,"size":1.0,"_time":91.33203},{"$id":"611","sounds":[{"d":0.229164124,"p":65,"v":60},{"d":0.229164124,"p":72,"v":57},{"d":0.215278625,"p":70,"v":61}],"pos":-1.0,"size":1.30000007,"_time":91.33203},{"$id":"612","sounds":[{"d":0.229164124,"p":48,"v":76}],"pos":5.0,"size":1.0,"_time":91.33203},{"$id":"613","sounds":[{"d":0.166664124,"p":79,"v":70}],"pos":2.0,"size":1.0,"_time":91.66797},{"$id":"614","sounds":[{"d":0.340271,"p":41,"v":60}],"pos":4.125,"size":1.0,"_time":92.0},{"$id":"615","sounds":[{"d":0.305549622,"p":67,"v":59},{"d":0.277778625,"p":69,"v":72},{"d":0.284721375,"p":72,"v":64}],"pos":-2.0,"size":1.30000007,"_time":92.0},{"$id":"616","sounds":[{"d":0.291664124,"p":76,"v":63}],"size":1.0,"_time":92.0},{"$id":"617","sounds":[{"d":0.166664124,"p":48,"v":49}],"pos":5.0,"size":1.0,"_time":92.16797},{"$id":"618","sounds":[{"d":0.166664124,"p":84,"v":76}],"pos":2.0,"size":1.0,"_time":92.33203},{"$id":"619","sounds":[{"d":0.166664124,"p":72,"v":76}],"pos":8.0,"size":1.0,"_time":92.33203},{"$id":"620","sounds":[{"d":0.166664124,"p":55,"v":49}],"pos":5.875,"size":1.0,"_time":92.33203},{"$id":"621","sounds":[{"d":0.166664124,"p":57,"v":43}],"pos":6.125,"size":1.0,"_time":92.5},{"$id":"622","sounds":[{"d":0.312492371,"p":52,"v":60}],"pos":5.5,"size":1.0,"_time":92.66797},{"$id":"623","sounds":[{"d":0.305549622,"p":67,"v":65},{"d":0.312492371,"p":71,"v":71},{"d":0.6666565,"p":74,"v":90},{"d":0.312492371,"p":62,"v":71}],"pos":-1.0,"size":1.30000007,"_time":92.66797},{"$id":"624","sounds":[{"d":0.166664124,"p":83,"v":87}],"pos":2.0,"size":1.0,"_time":92.66797},{"$id":"625","sounds":[{"d":0.166664124,"p":62,"v":70}],"pos":6.75,"size":1.0,"_time":93.0},{"$id":"626","sounds":[{"d":0.166664124,"p":79,"v":76}],"pos":1.0,"size":1.0,"_time":93.0},{"$id":"627","sounds":[{"d":0.347213745,"p":50,"v":62}],"pos":5.25,"size":1.0,"_time":93.33203},{"$id":"628","sounds":[{"d":0.333328247,"p":76,"v":87}],"size":1.0,"_time":93.33203},{"$id":"629","sounds":[{"d":0.222221375,"p":69,"v":70},{"d":0.3263855,"p":60,"v":69},{"d":0.3263855,"p":65,"v":59}],"pos":-2.0,"size":1.30000007,"_time":93.33203},{"$id":"630","sounds":[{"d":0.166664124,"p":60,"v":31}],"pos":6.5,"size":1.0,"_time":93.66797},{"$id":"631","sounds":[{"d":0.395835876,"p":69,"v":62}],"pos":7.625,"size":1.0,"_time":93.9375},{"$id":"632","sounds":[{"d":0.5,"p":60,"v":64}],"pos":6.5,"size":1.0,"_time":94.0},{"$id":"633","sounds":[{"d":0.333335876,"p":81,"v":87}],"pos":2.0,"size":1.0,"_time":94.0},{"$id":"634","sounds":[{"d":0.499992371,"p":52,"v":70}],"pos":5.5,"size":1.0,"_time":94.66797},{"$id":"635","sounds":[{"d":0.368049622,"p":74,"v":80}],"pos":1.0,"size":1.0,"_time":94.66797},{"$id":"636","sounds":[{"d":0.333328247,"p":64,"v":70},{"d":0.333328247,"p":67,"v":70},{"d":0.333328247,"p":62,"v":70}],"pos":-1.0,"size":1.30000007,"_time":94.66797},{"$id":"637","sounds":[{"d":0.166664124,"p":67,"v":70}],"pos":7.375,"size":1.0,"_time":95.0},{"$id":"638","sounds":[{"d":0.333328247,"p":67,"v":77}],"pos":7.375,"size":1.0,"_time":95.33203},{"$id":"639","sounds":[{"d":0.333328247,"p":79,"v":77}],"pos":1.5,"size":1.0,"_time":95.33203},{"$id":"640","sounds":[{"d":0.166664124,"p":62,"v":70}],"pos":6.75,"size":1.0,"_time":95.33203},{"$id":"641","sounds":[{"d":0.333328247,"p":77,"v":70}],"pos":0.5,"size":1.0,"_time":95.66797},{"$id":"642","sounds":[{"d":0.333328247,"p":65,"v":70}],"pos":7.125,"size":1.0,"_time":95.66797},{"$id":"643","sounds":[{"d":0.666648865,"p":64,"v":53}],"pos":-2.0,"size":1.0,"_time":95.91797},{"$id":"644","sounds":[{"d":0.624984741,"p":68,"v":49}],"pos":-1.5,"size":1.0,"_time":95.94531},{"$id":"645","sounds":[{"d":0.624984741,"p":71,"v":73}],"pos":-1.0,"size":1.0,"_time":95.95703},{"$id":"646","sounds":[{"d":0.576377869,"p":45,"v":63}],"pos":4.625,"size":1.0,"_time":96.0},{"$id":"647","sounds":[{"d":0.5694351,"p":76,"v":73}],"pos":-0.5,"size":1.0,"_time":96.0},{"$id":"648","sounds":[{"d":0.166664124,"p":83,"v":80}],"pos":2.0,"size":1.0,"_time":96.33203},{"$id":"649","sounds":[{"d":0.243049622,"p":52,"v":62}],"pos":5.5,"size":1.0,"_time":96.33203},{"$id":"650","sounds":[{"d":0.166664124,"p":81,"v":66}],"pos":-0.671428442,"size":1.0,"_time":96.5},{"$id":"651","sounds":[{"d":0.166664124,"p":80,"v":77}],"pos":1.2714287,"size":1.0,"_time":96.66797},{"$id":"652","sounds":[{"d":0.166664124,"p":59,"v":70}],"pos":6.375,"size":1.0,"_time":96.66797},{"$id":"653","sounds":[{"d":0.166664124,"p":76,"v":48}],"pos":-1.25714254,"size":1.0,"_time":96.83203},{"$id":"654","sounds":[{"d":0.166664124,"p":71,"v":62}],"pos":0.714284837,"size":1.0,"_time":97.0},{"$id":"655","sounds":[{"d":0.166664124,"p":52,"v":31}],"pos":5.5,"size":1.0,"_time":97.0},{"$id":"656","sounds":[{"d":0.166664124,"p":69,"v":46}],"pos":-2.0,"size":1.0,"_time":97.16797},{"$id":"657","sounds":[{"d":0.166664124,"p":68,"v":62}],"size":1.0,"_time":97.33203},{"$id":"658","sounds":[{"d":0.166664124,"p":64,"v":70}],"pos":7.0,"size":1.0,"_time":97.33203},{"$id":"659","sounds":[{"d":0.166664124,"p":71,"v":48}],"pos":1.0,"size":1.0,"_time":97.5},{"$id":"660","sounds":[{"d":0.166664124,"p":64,"v":68}],"pos":-2.0,"size":1.0,"_time":97.66797},{"$id":"661","sounds":[{"d":0.166664124,"p":52,"v":36}],"pos":5.5,"size":1.0,"_time":97.66797},{"$id":"662","sounds":[{"d":0.166664124,"p":68,"v":45}],"pos":-1.0,"size":1.0,"_time":97.83203},{"$id":"663","sounds":[{"d":0.159721375,"p":69,"v":70}],"size":1.0,"_time":98.0},{"$id":"664","sounds":[{"d":0.0416641235,"p":72,"v":90}],"pos":1.0,"size":1.0,"_time":98.33203},{"$id":"665","sounds":[{"d":0.333335876,"p":41,"v":65}],"pos":4.125,"size":1.0,"_time":98.66797},{"$id":"666","sounds":[{"d":0.333335876,"p":69,"v":60},{"d":0.333335876,"p":67,"v":57},{"d":0.333335876,"p":76,"v":63},{"d":0.333335876,"p":72,"v":61}],"pos":-2.0,"size":1.30000007,"_time":98.66797},{"$id":"667","sounds":[{"d":0.333335876,"p":81,"v":77}],"pos":2.0,"size":1.0,"_time":98.66797},{"$id":"668","sounds":[{"d":0.166664124,"p":83,"v":70}],"pos":2.0,"size":1.0,"_time":99.0},{"$id":"669","sounds":[{"d":0.333335876,"p":40,"v":56}],"pos":4.0,"size":1.0,"_time":99.33203},{"$id":"670","sounds":[{"d":0.333335876,"p":67,"v":64},{"d":0.333335876,"p":64,"v":53},{"d":0.333335876,"p":62,"v":56},{"d":0.333335876,"p":71,"v":55}],"pos":-1.0,"size":1.30000007,"_time":99.33203},{"$id":"671","sounds":[{"d":0.333335876,"p":79,"v":70}],"pos":1.0,"size":1.0,"_time":99.33203},{"$id":"672","sounds":[{"d":0.166664124,"p":81,"v":70}],"pos":2.0,"size":1.0,"_time":99.66797},{"$id":"673","sounds":[{"d":0.499992371,"p":76,"v":70}],"size":1.0,"_time":100.0},{"$id":"674","sounds":[{"d":0.319442749,"p":72,"v":70},{"d":0.3263855,"p":70,"v":59},{"d":0.347213745,"p":65,"v":66}],"pos":-2.0,"size":1.30000007,"_time":100.0},{"$id":"675","sounds":[{"d":0.3125,"p":43,"v":65}],"pos":4.375,"size":1.0,"_time":100.0},{"$id":"676","sounds":[{"d":0.166664124,"p":55,"v":58}],"pos":5.875,"size":1.0,"_time":100.167969},{"$id":"677","sounds":[{"d":0.166664124,"p":67,"v":53}],"pos":7.375,"size":1.0,"_time":100.332031},{"$id":"678","sounds":[{"d":0.166664124,"p":60,"v":51}],"pos":6.5,"size":1.0,"_time":100.5},{"$id":"679","sounds":[{"d":0.652771,"p":67,"v":43}],"pos":-2.0,"size":1.0,"_time":100.5625},{"$id":"680","sounds":[{"d":0.6041641,"p":70,"v":67}],"pos":-1.5,"size":1.0,"_time":100.605469},{"$id":"681","sounds":[{"d":0.597213745,"p":48,"v":58}],"pos":5.0,"size":1.0,"_time":100.667969},{"$id":"682","sounds":[{"d":0.215278625,"p":77,"v":85}],"pos":-1.0,"size":1.0,"_time":100.667969},{"$id":"683","sounds":[{"d":0.166671753,"p":55,"v":51}],"pos":5.875,"size":1.0,"_time":100.832031},{"$id":"684","sounds":[{"d":0.222213745,"p":79,"v":73}],"size":1.0,"_time":101.0},{"$id":"685","sounds":[{"d":0.166664124,"p":62,"v":72}],"pos":6.75,"size":1.0,"_time":101.0},{"$id":"686","sounds":[{"d":0.1666565,"p":60,"v":49}],"pos":6.5,"size":1.0,"_time":101.167969},{"$id":"687","sounds":[{"d":0.7222214,"p":53,"v":81}],"pos":5.625,"size":1.0,"_time":101.332031},{"$id":"688","sounds":[{"d":0.5277786,"p":76,"v":83}],"pos":-1.0,"size":1.0,"_time":101.332031},{"$id":"689","sounds":[{"d":0.256942749,"p":67,"v":56}],"pos":7.375,"size":1.0,"_time":101.332031},{"$id":"690","sounds":[{"d":0.381942749,"p":69,"v":78}],"pos":7.625,"size":1.0,"_time":101.332031},{"$id":"691","sounds":[{"d":0.263893127,"p":67,"v":54}],"pos":7.375,"size":1.0,"_time":101.667969},{"$id":"692","sounds":[{"d":0.166671753,"p":84,"v":82}],"pos":1.0,"size":1.0,"_time":101.667969},{"$id":"693","sounds":[{"d":0.166671753,"p":72,"v":82}],"pos":8.0,"size":1.0,"_time":101.667969},{"$id":"694","sounds":[{"d":0.166671753,"p":83,"v":84}],"size":1.0,"_time":102.0},{"$id":"695","sounds":[{"d":0.166671753,"p":74,"v":84}],"pos":8.25,"size":1.0,"_time":102.0},{"$id":"696","sounds":[{"d":0.166671753,"p":67,"v":76}],"pos":7.375,"size":1.0,"_time":102.332031},{"$id":"697","sounds":[{"d":0.166671753,"p":79,"v":76}],"pos":-1.0,"size":1.0,"_time":102.332031},{"$id":"698","sounds":[{"d":0.048614502,"p":74,"v":76}],"pos":8.25,"size":1.0,"_time":102.332031},{"$id":"699","sounds":[{"d":0.340271,"p":41,"v":60}],"pos":4.125,"size":1.0,"_time":102.667969},{"$id":"700","sounds":[{"d":0.291664124,"p":76,"v":74}],"size":1.0,"_time":102.667969},{"$id":"701","sounds":[{"d":0.284721375,"p":72,"v":64},{"d":0.277778625,"p":69,"v":72},{"d":0.305549622,"p":67,"v":59}],"pos":-2.0,"size":1.30000007,"_time":102.667969},{"$id":"702","sounds":[{"d":0.166664124,"p":48,"v":49}],"pos":5.0,"size":1.0,"_time":102.832031},{"$id":"703","sounds":[{"d":0.166664124,"p":81,"v":87}],"pos":-1.0,"size":1.0,"_time":103.0},{"$id":"704","sounds":[{"d":0.166664124,"p":55,"v":49}],"pos":5.875,"size":1.0,"_time":103.0},{"$id":"705","sounds":[{"d":0.166664124,"p":57,"v":43}],"pos":6.125,"size":1.0,"_time":103.167969},{"$id":"706","sounds":[{"d":0.312492371,"p":52,"v":60}],"pos":5.5,"size":1.0,"_time":103.332031},{"$id":"707","sounds":[{"d":0.305549622,"p":67,"v":65},{"d":0.312492371,"p":62,"v":71},{"d":0.312492371,"p":71,"v":71},{"d":0.6666565,"p":74,"v":90}],"pos":-2.0,"size":1.30000007,"_time":103.332031},{"$id":"708","sounds":[{"d":0.166664124,"p":84,"v":87}],"size":1.0,"_time":103.332031},{"$id":"709","sounds":[{"d":0.166664124,"p":62,"v":70}],"pos":6.75,"size":1.0,"_time":103.667969},{"$id":"710","sounds":[{"d":0.166664124,"p":86,"v":87}],"pos":1.0,"size":1.0,"_time":103.667969},{"$id":"711","sounds":[{"d":0.166664124,"p":79,"v":76}],"pos":8.875,"size":1.0,"_time":103.667969},{"$id":"712","sounds":[{"d":0.6666641,"p":76,"v":82},{"d":0.222221375,"p":69,"v":70},{"d":0.6666641,"p":81,"v":76},{"d":0.3263855,"p":65,"v":59}],"pos":-2.0,"size":1.30000007,"_time":104.0},{"$id":"713","sounds":[{"d":0.6666641,"p":88,"v":82}],"pos":2.0,"size":1.0,"_time":104.0},{"$id":"714","sounds":[{"d":0.3263855,"p":60,"v":69}],"pos":6.5,"size":1.0,"_time":104.0},{"$id":"715","sounds":[{"d":0.333328247,"p":50,"v":62}],"pos":5.25,"size":1.0,"_time":104.0},{"$id":"716","sounds":[{"d":0.1111145,"p":69,"v":81}],"pos":7.625,"size":1.0,"_time":104.332031},{"$id":"717","sounds":[{"d":0.166671753,"p":60,"v":31}],"pos":6.5,"size":1.0,"_time":104.332031},{"$id":"718","sounds":[{"d":0.333335876,"p":84,"v":78}],"size":1.0,"_time":104.667969},{"$id":"719","sounds":[{"d":0.5,"p":60,"v":64}],"pos":6.5,"size":1.0,"_time":104.667969},{"$id":"720","sounds":[{"d":0.333335876,"p":96,"v":78}],"pos":2.0,"size":1.0,"_time":104.667969},{"$id":"721","sounds":[{"d":0.125,"p":72,"v":78}],"pos":8.0,"size":1.0,"_time":104.667969},{"$id":"722","sounds":[{"d":0.333328247,"p":83,"v":76}],"pos":-0.6714283,"size":1.0,"_time":105.0},{"$id":"723","sounds":[{"d":0.06944275,"p":79,"v":84}],"pos":8.875,"size":1.0,"_time":105.0},{"$id":"724","sounds":[{"d":0.333328247,"p":95,"v":76}],"pos":1.32857168,"size":1.0,"_time":105.0},{"$id":"725","sounds":[{"d":0.333328247,"p":64,"v":70}],"pos":7.0,"size":1.0,"_time":105.332031},{"$id":"726","sounds":[{"d":0.368049622,"p":74,"v":80}],"pos":8.25,"size":1.0,"_time":105.332031},{"$id":"727","sounds":[{"d":0.499992371,"p":52,"v":70}],"pos":5.5,"size":1.0,"_time":105.332031},{"$id":"728","sounds":[{"d":0.333328247,"p":67,"v":70}],"pos":7.375,"size":1.0,"_time":105.332031},{"$id":"729","sounds":[{"d":0.333328247,"p":93,"v":82}],"pos":0.599999249,"size":1.0,"_time":105.332031},{"$id":"730","sounds":[{"d":0.333328247,"p":62,"v":70}],"pos":6.75,"size":1.0,"_time":105.332031},{"$id":"731","sounds":[{"d":0.333328247,"p":81,"v":82}],"pos":-1.40000081,"size":1.0,"_time":105.332031},{"$id":"732","sounds":[{"d":0.333328247,"p":91,"v":75}],"size":1.0,"_time":105.667969},{"$id":"733","sounds":[{"d":0.166664124,"p":67,"v":70}],"pos":7.375,"size":1.0,"_time":105.667969},{"$id":"734","sounds":[{"d":0.333328247,"p":79,"v":75}],"pos":-2.0,"size":1.0,"_time":105.667969},{"$id":"735","sounds":[{"d":0.333328247,"p":79,"v":82}],"pos":-0.5,"size":1.0,"_time":106.0},{"$id":"736","sounds":[{"d":0.333328247,"p":72,"v":70}],"pos":8.0,"size":1.0,"_time":106.0},{"$id":"737","sounds":[{"d":0.333328247,"p":91,"v":82}],"pos":2.0,"size":1.0,"_time":106.0},{"$id":"738","sounds":[{"d":0.166664124,"p":62,"v":70}],"pos":6.75,"size":1.0,"_time":106.0},{"$id":"739","sounds":[{"d":0.333335876,"p":89,"v":82}],"pos":1.37142825,"size":1.0,"_time":106.332031},{"$id":"740","sounds":[{"d":0.333335876,"p":74,"v":70}],"pos":8.25,"size":1.0,"_time":106.332031},{"$id":"741","sounds":[{"d":0.333335876,"p":77,"v":82}],"pos":-1.1714282,"size":1.0,"_time":106.332031},{"$id":"742","sounds":[{"d":0.333335876,"p":62,"v":73}],"pos":6.75,"size":1.0,"_time":106.667969},{"$id":"743","sounds":[{"d":0.333335876,"p":69,"v":73}],"pos":7.625,"size":1.0,"_time":106.667969},{"$id":"744","sounds":[{"d":0.6666641,"p":88,"v":90}],"pos":0.5,"size":1.0,"_time":106.667969},{"$id":"745","sounds":[{"d":0.5,"p":76,"v":90}],"pos":-2.0,"size":1.0,"_time":106.667969},{"$id":"746","sounds":[{"d":0.333335876,"p":47,"v":73}],"pos":4.875,"size":1.0,"_time":106.667969},{"$id":"747","sounds":[{"d":0.333335876,"p":59,"v":73}],"pos":6.375,"size":1.0,"_time":106.667969},{"$id":"748","sounds":[{"d":0.499992371,"p":69,"v":76}],"pos":-2.0,"size":1.0,"_time":107.332031},{"$id":"749","sounds":[{"d":0.499992371,"p":62,"v":73}],"pos":6.75,"size":1.0,"_time":107.332031},{"$id":"750","sounds":[{"d":0.499992371,"p":59,"v":73}],"pos":6.375,"size":1.0,"_time":107.332031},{"$id":"751","sounds":[{"d":0.499992371,"p":81,"v":76}],"pos":0.5,"size":1.0,"_time":107.332031},{"$id":"752","sounds":[{"d":0.499992371,"p":53,"v":70}],"pos":5.625,"size":1.0,"_time":107.332031},{"$id":"753","sounds":[{"d":0.166664124,"p":72,"v":72}],"pos":-1.5,"size":1.0,"_time":107.5},{"$id":"754","sounds":[{"d":0.166664124,"p":84,"v":72}],"pos":1.0,"size":1.0,"_time":107.5},{"$id":"755","sounds":[{"d":0.166664124,"p":91,"v":80}],"pos":2.0,"size":1.0,"_time":107.667969},{"$id":"756","sounds":[{"d":0.166664124,"p":79,"v":80}],"pos":-0.5,"size":1.0,"_time":107.667969},{"$id":"757","sounds":[{"d":0.166664124,"p":77,"v":80}],"pos":-1.5,"size":1.0,"_time":107.832031},{"$id":"758","sounds":[{"d":0.166664124,"p":89,"v":80}],"pos":1.0,"size":1.0,"_time":107.832031},{"$id":"759","sounds":[{"d":0.5,"p":52,"v":81}],"pos":5.5,"size":1.0,"_time":108.0},{"$id":"760","sounds":[{"d":0.8333359,"p":76,"v":90}],"pos":-2.0,"size":1.0,"_time":108.0},{"$id":"761","sounds":[{"d":0.3888855,"p":68,"v":90}],"pos":7.5,"size":1.0,"_time":108.0},{"$id":"762","sounds":[{"d":0.8333359,"p":88,"v":90}],"pos":0.5,"size":1.0,"_time":108.0},{"$id":"763","sounds":[{"d":0.3888855,"p":64,"v":85}],"pos":7.0,"size":1.0,"_time":108.0},{"$id":"764","sounds":[{"d":0.5000076,"p":64,"v":70}],"pos":-2.0,"size":1.0,"_time":108.527344},{"$id":"765","sounds":[{"d":0.416671753,"p":68,"v":70}],"pos":-1.7142849,"size":1.0,"_time":108.609375},{"$id":"766","sounds":[{"d":0.6666641,"p":40,"v":85}],"pos":4.0,"size":1.0,"_time":108.667969},{"$id":"767","sounds":[{"d":0.222221375,"p":84,"v":86}],"pos":0.5,"size":1.0,"_time":108.667969},{"$id":"768","sounds":[{"d":0.333335876,"p":72,"v":78}],"pos":-1.5,"size":1.0,"_time":108.667969},{"$id":"769","sounds":[{"d":0.166664124,"p":74,"v":86}],"pos":-1.0,"size":1.0,"_time":109.0},{"$id":"770","sounds":[{"d":0.166664124,"p":86,"v":86}],"pos":1.0,"size":1.0,"_time":109.0},{"$id":"771","sounds":[{"d":0.333328247,"p":64,"v":70}],"pos":7.0,"size":1.0,"_time":109.332031},{"$id":"772","sounds":[{"d":0.416664124,"p":69,"v":89}],"pos":7.625,"size":1.0,"_time":109.332031},{"$id":"773","sounds":[{"d":0.6319351,"p":41,"v":89}],"pos":4.125,"size":1.0,"_time":109.332031},{"$id":"774","sounds":[{"d":0.319442749,"p":88,"v":94}],"pos":1.5,"size":1.0,"_time":109.332031},{"$id":"775","sounds":[{"d":0.2013855,"p":65,"v":40}],"pos":7.125,"size":1.0,"_time":109.332031},{"$id":"776","sounds":[{"d":0.319442749,"p":76,"v":94}],"pos":-0.5,"size":1.0,"_time":109.332031},{"$id":"777","sounds":[{"d":0.166664124,"p":48,"v":66}],"pos":5.0,"size":1.0,"_time":109.667969},{"$id":"778","sounds":[{"d":0.159721375,"p":65,"v":60}],"pos":7.125,"size":1.0,"_time":109.667969},{"$id":"779","sounds":[{"d":0.180549622,"p":74,"v":87}],"pos":-1.5,"size":1.0,"_time":110.0},{"$id":"780","sounds":[{"d":0.166664124,"p":55,"v":49}],"pos":5.875,"size":1.0,"_time":110.0},{"$id":"781","sounds":[{"d":0.180549622,"p":86,"v":87}],"pos":0.5,"size":1.0,"_time":110.0},{"$id":"782","sounds":[{"d":0.166664124,"p":57,"v":68}],"pos":6.125,"size":1.0,"_time":110.332031},{"$id":"783","sounds":[{"d":0.0972213745,"p":84,"v":77}],"size":1.0,"_time":110.332031},{"$id":"784","sounds":[{"d":0.0972213745,"p":72,"v":77}],"pos":-2.0,"size":1.0,"_time":110.332031},{"$id":"785","sounds":[{"d":0.284721375,"p":71,"v":74}],"pos":7.875,"size":1.0,"_time":110.667969},{"$id":"786","sounds":[{"d":0.340278625,"p":76,"v":90}],"pos":-0.5,"size":1.0,"_time":110.667969},{"$id":"787","sounds":[{"d":0.368057251,"p":43,"v":73}],"pos":4.375,"size":1.0,"_time":110.667969},{"$id":"788","sounds":[{"d":0.340278625,"p":88,"v":90}],"pos":1.5,"size":1.0,"_time":110.667969},{"$id":"789","sounds":[{"d":0.194442749,"p":65,"v":77}],"pos":7.125,"size":1.0,"_time":110.667969},{"$id":"790","sounds":[{"d":0.277778625,"p":69,"v":67}],"pos":7.625,"size":1.0,"_time":110.667969},{"$id":"791","sounds":[{"d":0.166664124,"p":57,"v":53}],"pos":6.125,"size":1.0,"_time":111.0},{"$id":"792","sounds":[{"d":0.0763855,"p":65,"v":63}],"pos":7.125,"size":1.0,"_time":111.0},{"$id":"793","sounds":[{"d":0.166664124,"p":59,"v":80}],"pos":6.375,"size":1.0,"_time":111.332031},{"$id":"794","sounds":[{"d":0.06944275,"p":86,"v":103}],"pos":0.5,"size":1.0,"_time":111.332031},{"$id":"795","sounds":[{"d":0.06944275,"p":74,"v":103}],"pos":-1.5,"size":1.0,"_time":111.332031},{"$id":"796","sounds":[{"d":0.166664124,"p":55,"v":62}],"pos":5.875,"size":1.0,"_time":111.667969},{"$id":"797","sounds":[{"d":0.0416641235,"p":79,"v":87}],"size":1.0,"_time":111.667969},{"$id":"798","sounds":[{"d":0.0416641235,"p":91,"v":87}],"pos":2.0,"size":1.0,"_time":111.667969},{"$id":"799","sounds":[{"d":0.8333359,"p":76,"v":93}],"pos":-0.5,"size":1.0,"_time":112.0},{"$id":"800","sounds":[{"d":0.8125,"p":45,"v":68}],"pos":4.625,"size":1.0,"_time":112.0},{"$id":"801","sounds":[{"d":0.8333359,"p":88,"v":93}],"pos":1.5,"size":1.0,"_time":112.0},{"$id":"802","sounds":[{"d":0.298606873,"p":67,"v":73}],"pos":7.375,"size":1.0,"_time":112.0},{"$id":"803","sounds":[{"d":0.166664124,"p":52,"v":70}],"pos":5.5,"size":1.0,"_time":112.332031},{"$id":"804","sounds":[{"d":0.284721375,"p":69,"v":74}],"pos":2.0,"size":1.0,"_time":112.332031},{"$id":"805","sounds":[{"d":0.180557251,"p":64,"v":61}],"size":1.0,"_time":112.667969},{"$id":"806","sounds":[{"d":0.166671753,"p":57,"v":70}],"pos":6.125,"size":1.0,"_time":112.667969},{"$id":"807","sounds":[{"d":0.166664124,"p":59,"v":70}],"pos":6.375,"size":1.0,"_time":113.0},{"$id":"808","sounds":[{"d":0.0763855,"p":67,"v":73}],"pos":1.0,"size":1.0,"_time":113.0},{"$id":"809","sounds":[{"d":0.1875,"p":62,"v":72}],"pos":-1.0,"size":1.0,"_time":113.332031},{"$id":"810","sounds":[{"d":0.06944275,"p":64,"v":79}],"size":1.0,"_time":113.667969},{"$id":"811","sounds":[{"d":0.166664124,"p":55,"v":47}],"pos":5.875,"size":1.0,"_time":114.0},{"$id":"812","sounds":[{"d":0.08332825,"p":84,"v":86}],"pos":0.5,"size":1.0,"_time":114.0},{"$id":"813","sounds":[{"d":0.0763855,"p":72,"v":88}],"pos":-1.5,"size":1.0,"_time":114.0},{"$id":"814","sounds":[{"d":0.277771,"p":57,"v":42}],"pos":6.125,"size":1.0,"_time":114.332031},{"$id":"815","sounds":[{"d":0.0763855,"p":86,"v":92}],"pos":1.0,"size":1.0,"_time":114.332031},{"$id":"816","sounds":[{"d":0.06944275,"p":74,"v":99}],"pos":-1.0,"size":1.0,"_time":114.332031},{"$id":"817","sounds":[{"d":0.305557251,"p":69,"v":81}],"pos":7.625,"size":1.0,"_time":114.667969},{"$id":"818","sounds":[{"d":0.5,"p":76,"v":81}],"pos":-0.5,"size":1.0,"_time":114.667969},{"$id":"819","sounds":[{"d":0.305557251,"p":72,"v":78}],"pos":8.0,"size":1.0,"_time":114.667969},{"$id":"820","sounds":[{"d":0.5,"p":88,"v":82}],"pos":1.5,"size":1.0,"_time":114.667969},{"$id":"821","sounds":[{"d":0.277778625,"p":50,"v":81}],"pos":5.25,"size":1.0,"_time":114.667969},{"$id":"822","sounds":[{"d":0.166664124,"p":57,"v":70}],"pos":6.125,"size":1.0,"_time":115.0},{"$id":"823","sounds":[{"d":0.166664124,"p":65,"v":70}],"pos":7.125,"size":1.0,"_time":115.332031},{"$id":"824","sounds":[{"d":0.166664124,"p":86,"v":84}],"pos":1.5,"size":1.0,"_time":115.332031},{"$id":"825","sounds":[{"d":0.166664124,"p":74,"v":84}],"pos":-0.5,"size":1.0,"_time":115.332031},{"$id":"826","sounds":[{"d":0.166664124,"p":84,"v":84}],"size":1.0,"_time":115.667969},{"$id":"827","sounds":[{"d":0.166664124,"p":72,"v":84}],"pos":-2.0,"size":1.0,"_time":115.667969},{"$id":"828","sounds":[{"d":0.430549622,"p":65,"v":58}],"pos":7.125,"size":1.0,"_time":116.0},{"$id":"829","sounds":[{"d":0.430549622,"p":43,"v":76}],"pos":4.375,"size":1.0,"_time":116.0},{"$id":"830","sounds":[{"d":0.499992371,"p":88,"v":86}],"pos":0.5,"size":1.0,"_time":116.0},{"$id":"831","sounds":[{"d":0.458328247,"p":76,"v":88}],"pos":-1.5,"size":1.0,"_time":116.0},{"$id":"832","sounds":[{"d":0.416664124,"p":71,"v":63}],"pos":7.875,"size":1.0,"_time":116.0},{"$id":"833","sounds":[{"d":0.430549622,"p":69,"v":77}],"pos":7.625,"size":1.0,"_time":116.0},{"$id":"834","sounds":[{"d":0.152778625,"p":50,"v":81}],"pos":5.25,"size":1.0,"_time":116.332031},{"$id":"835","sounds":[{"d":0.222221375,"p":74,"v":91}],"pos":-0.5,"size":1.0,"_time":116.667969},{"$id":"836","sounds":[{"d":0.1875,"p":59,"v":85}],"pos":6.375,"size":1.0,"_time":116.667969},{"$id":"837","sounds":[{"d":0.222221375,"p":86,"v":91}],"pos":1.5,"size":1.0,"_time":116.667969},{"$id":"838","sounds":[{"d":0.222221375,"p":93,"v":91}],"pos":2.0,"size":1.0,"_time":117.0},{"$id":"839","sounds":[{"d":0.222221375,"p":81,"v":91}],"size":1.0,"_time":117.0},{"$id":"840","sounds":[{"d":0.347213745,"p":67,"v":66}],"pos":7.375,"size":1.0,"_time":117.332031},{"$id":"841","sounds":[{"d":0.3541565,"p":48,"v":74}],"pos":5.0,"size":1.0,"_time":117.332031},{"$id":"842","sounds":[{"d":0.347213745,"p":71,"v":64}],"pos":7.875,"size":1.0,"_time":117.332031},{"$id":"843","sounds":[{"d":0.333328247,"p":76,"v":68}],"pos":-1.5,"size":1.0,"_time":117.332031},{"$id":"844","sounds":[{"d":0.333328247,"p":88,"v":77}],"pos":0.5,"size":1.0,"_time":117.332031},{"$id":"845","sounds":[{"d":0.0902709961,"p":55,"v":81}],"pos":5.875,"size":1.0,"_time":117.667969},{"$id":"846","sounds":[{"d":0.0347213745,"p":62,"v":69}],"pos":6.75,"size":1.0,"_time":118.0},{"$id":"847","sounds":[{"d":0.0763855,"p":64,"v":56}],"pos":7.0,"size":1.0,"_time":118.332031},{"$id":"848","sounds":[{"d":0.173606873,"p":86,"v":91}],"size":1.0,"_time":118.667969},{"$id":"849","sounds":[{"d":0.166664124,"p":67,"v":74}],"pos":7.375,"size":1.0,"_time":118.667969},{"$id":"850","sounds":[{"d":0.1388855,"p":74,"v":77}],"pos":-2.0,"size":1.0,"_time":118.667969},{"$id":"851","sounds":[{"d":0.166664124,"p":62,"v":47}],"pos":6.75,"size":1.0,"_time":119.0},{"$id":"852","sounds":[{"d":0.166671753,"p":60,"v":61}],"pos":6.5,"size":1.0,"_time":119.332031},{"$id":"853","sounds":[{"d":0.118057251,"p":76,"v":81}],"pos":-1.0,"size":1.0,"_time":119.332031},{"$id":"854","sounds":[{"d":0.138893127,"p":88,"v":91}],"pos":1.0,"size":1.0,"_time":119.332031},{"$id":"855","sounds":[{"d":0.166664124,"p":55,"v":39}],"pos":5.875,"size":1.0,"_time":119.667969},{"$id":"856","sounds":[{"d":1.118042,"p":50,"v":72}],"pos":5.25,"size":1.0,"_time":120.0},{"$id":"857","sounds":[{"d":0.347213745,"p":77,"v":78},{"d":0.333328247,"p":72,"v":80}],"pos":-2.0,"size":1.30000007,"_time":120.0},{"$id":"858","sounds":[{"d":0.333328247,"p":93,"v":82},{"d":0.333328247,"p":81,"v":77}],"pos":2.0,"size":1.0,"_time":120.0},{"$id":"859","sounds":[{"d":0.166664124,"p":60,"v":70}],"pos":6.5,"size":1.0,"_time":120.332031},{"$id":"860","sounds":[{"d":0.374992371,"p":72,"v":66},{"d":0.368049622,"p":67,"v":77}],"pos":-1.0,"size":1.30000007,"_time":120.667969},{"$id":"861","sounds":[{"d":0.06944275,"p":76,"v":71},{"d":0.0763855,"p":88,"v":75}],"pos":1.0,"size":1.0,"_time":120.667969},{"$id":"862","sounds":[{"d":0.166664124,"p":57,"v":70}],"pos":6.125,"size":1.0,"_time":120.667969},{"$id":"863","sounds":[{"d":0.326393127,"p":74,"v":69}],"pos":8.25,"size":1.0,"_time":121.0},{"$id":"864","sounds":[{"d":0.06944275,"p":79,"v":71},{"d":0.06944275,"p":91,"v":74}],"pos":2.0,"size":1.0,"_time":121.0},{"$id":"865","sounds":[{"d":0.6666641,"p":40,"v":79}],"pos":4.0,"size":1.0,"_time":121.332031},{"$id":"866","sounds":[{"d":0.430557251,"p":71,"v":70}],"pos":7.875,"size":1.0,"_time":121.332031},{"$id":"867","sounds":[{"d":0.270835876,"p":76,"v":77},{"d":0.25,"p":88,"v":84}],"size":1.0,"_time":121.332031},{"$id":"868","sounds":[{"d":0.166664124,"p":50,"v":58}],"pos":5.25,"size":1.0,"_time":121.667969},{"$id":"869","sounds":[{"d":0.277771,"p":62,"v":72},{"d":0.2638855,"p":64,"v":65},{"d":0.2916565,"p":71,"v":76}],"pos":-1.0,"size":1.30000007,"_time":122.0},{"$id":"870","sounds":[{"d":0.166664124,"p":59,"v":81}],"pos":6.375,"size":1.0,"_time":122.0},{"$id":"871","sounds":[{"d":0.0763855,"p":86,"v":85},{"d":0.06944275,"p":74,"v":84}],"pos":1.0,"size":1.0,"_time":122.0},{"$id":"872","sounds":[{"d":0.166664124,"p":55,"v":56}],"pos":5.875,"size":1.0,"_time":122.332031},{"$id":"873","sounds":[{"d":0.0902786255,"p":67,"v":96}],"pos":7.375,"size":1.0,"_time":122.332031},{"$id":"874","sounds":[{"d":0.06944275,"p":76,"v":89},{"d":0.06944275,"p":88,"v":86}],"pos":2.0,"size":1.0,"_time":122.332031},{"$id":"875","sounds":[{"d":0.6319351,"p":60,"v":80}],"pos":6.5,"size":1.0,"_time":122.667969},{"$id":"876","sounds":[{"d":0.499992371,"p":41,"v":86}],"pos":4.125,"size":1.0,"_time":122.667969},{"$id":"877","sounds":[{"d":0.298606873,"p":79,"v":89},{"d":0.6249924,"p":67,"v":80}],"pos":-2.0,"size":1.0,"_time":122.667969},{"$id":"878","sounds":[{"d":0.166664124,"p":48,"v":70}],"pos":5.0,"size":1.0,"_time":123.0},{"$id":"879","sounds":[{"d":0.298606873,"p":69,"v":92},{"d":0.298606873,"p":81,"v":89}],"pos":-1.0,"size":1.0,"_time":123.0},{"$id":"880","sounds":[{"d":0.166664124,"p":55,"v":70}],"pos":5.875,"size":1.0,"_time":123.332031},{"$id":"881","sounds":[{"d":0.0902786255,"p":84,"v":86},{"d":0.08333588,"p":72,"v":63}],"size":1.0,"_time":123.332031},{"$id":"882","sounds":[{"d":0.166664124,"p":57,"v":70}],"pos":6.125,"size":1.0,"_time":123.667969},{"$id":"883","sounds":[{"d":0.0763855,"p":76,"v":94},{"d":0.0763855,"p":88,"v":96}],"pos":1.0,"size":1.0,"_time":123.667969},{"$id":"884","sounds":[{"d":0.354164124,"p":43,"v":77}],"pos":4.375,"size":1.0,"_time":124.0},{"$id":"885","sounds":[{"d":0.243049622,"p":74,"v":80},{"d":0.333328247,"p":86,"v":92}],"size":1.0,"_time":124.0},{"$id":"886","sounds":[{"d":0.229164124,"p":70,"v":85},{"d":0.243049622,"p":65,"v":88}],"pos":-2.0,"size":1.30000007,"_time":124.0},{"$id":"887","sounds":[{"d":0.388877869,"p":79,"v":84}],"size":1.0,"_time":124.667969},{"$id":"888","sounds":[{"d":0.493042,"p":48,"v":74}],"pos":5.0,"size":1.0,"_time":124.667969},{"$id":"889","sounds":[{"d":0.388877869,"p":91,"v":84}],"pos":2.0,"size":1.0,"_time":124.667969},{"$id":"890","sounds":[{"d":0.361099243,"p":74,"v":70},{"d":0.3541565,"p":62,"v":70},{"d":0.340271,"p":70,"v":70}],"pos":8.25,"size":1.0,"_time":124.667969},{"$id":"891","sounds":[{"d":0.173599243,"p":88,"v":91}],"pos":1.5,"size":1.0,"_time":125.0},{"$id":"892","sounds":[{"d":0.1666565,"p":60,"v":70}],"pos":6.5,"size":1.0,"_time":125.0},{"$id":"893","sounds":[{"d":0.173599243,"p":76,"v":91}],"pos":-0.5,"size":1.0,"_time":125.0},{"$id":"894","sounds":[{"d":0.5138855,"p":60,"v":54}],"pos":-2.0,"size":1.0,"_time":125.25},{"$id":"895","sounds":[{"d":0.486106873,"p":65,"v":71}],"pos":-1.67142844,"size":1.0,"_time":125.277344},{"$id":"896","sounds":[{"d":0.6180496,"p":50,"v":66}],"pos":5.25,"size":1.0,"_time":125.332031},{"$id":"897","sounds":[{"d":0.465271,"p":81,"v":83}],"pos":1.0,"size":1.0,"_time":125.332031},{"$id":"898","sounds":[{"d":0.465271,"p":69,"v":83}],"pos":-1.0,"size":1.0,"_time":125.332031},{"$id":"899","sounds":[{"d":0.305557251,"p":57,"v":75}],"pos":6.125,"size":1.0,"_time":125.667969},{"$id":"900","sounds":[{"d":0.215278625,"p":65,"v":61}],"pos":7.125,"size":1.0,"_time":126.0},{"$id":"901","sounds":[{"d":0.0902786255,"p":76,"v":99}],"size":1.0,"_time":126.0},{"$id":"902","sounds":[{"d":0.0902786255,"p":88,"v":95}],"pos":2.0,"size":1.0,"_time":126.0},{"$id":"903","sounds":[{"d":0.1388855,"p":65,"v":69}],"pos":7.125,"size":1.0,"_time":126.332031},{"$id":"904","sounds":[{"d":0.0763855,"p":69,"v":71}],"pos":-1.0,"size":1.0,"_time":126.332031},{"$id":"905","sounds":[{"d":0.08332825,"p":81,"v":87}],"pos":1.0,"size":1.0,"_time":126.332031},{"$id":"906","sounds":[{"d":0.6666641,"p":62,"v":52}],"pos":-2.0,"size":1.0,"_time":126.5},{"$id":"907","sounds":[{"d":0.583328247,"p":67,"v":72}],"pos":-1.5,"size":1.0,"_time":126.582031},{"$id":"908","sounds":[{"d":0.499992371,"p":81,"v":83}],"pos":1.0,"size":1.0,"_time":126.667969},{"$id":"909","sounds":[{"d":0.340271,"p":40,"v":73}],"pos":4.0,"size":1.0,"_time":126.667969},{"$id":"910","sounds":[{"d":0.499992371,"p":69,"v":83}],"pos":-1.0,"size":1.0,"_time":126.667969},{"$id":"911","sounds":[{"d":0.131942749,"p":50,"v":73}],"pos":5.25,"size":1.0,"_time":127.0},{"$id":"912","sounds":[{"d":0.291664124,"p":67,"v":85}],"pos":-2.0,"size":1.0,"_time":127.332031},{"$id":"913","sounds":[{"d":0.6666641,"p":62,"v":88}],"pos":6.75,"size":1.0,"_time":127.332031},{"$id":"914","sounds":[{"d":0.291664124,"p":79,"v":85}],"pos":0.5,"size":1.0,"_time":127.332031},{"$id":"915","sounds":[{"d":0.0902786255,"p":57,"v":61}],"pos":6.125,"size":1.0,"_time":127.332031},{"$id":"916","sounds":[{"d":0.333335876,"p":81,"v":87}],"pos":1.5,"size":1.0,"_time":127.667969},{"$id":"917","sounds":[{"d":0.333335876,"p":69,"v":87}],"pos":-1.0,"size":1.0,"_time":127.667969},{"$id":"918","sounds":[{"d":0.500015259,"p":81,"v":65}],"pos":1.5,"size":1.0,"_time":128.0},{"$id":"919","sounds":[{"d":0.500015259,"p":45,"v":70}],"pos":4.625,"size":1.0,"_time":128.0},{"$id":"920","sounds":[{"d":0.500015259,"p":69,"v":65}],"pos":-1.0,"size":1.0,"_time":128.0},{"$id":"921","sounds":[{"d":0.166671753,"p":52,"v":70}],"pos":5.5,"size":1.0,"_time":128.332031},{"$id":"922","sounds":[{"d":0.1666565,"p":59,"v":70}],"pos":6.375,"size":1.0,"_time":128.667969},{"$id":"923","sounds":[{"d":0.0763855,"p":74,"v":73}],"pos":-1.5,"size":1.30000007,"_time":128.667969},{"$id":"924","sounds":[{"d":0.0763855,"p":79,"v":80}],"pos":0.5,"size":0.6999999,"_time":128.667969},{"$id":"925","sounds":[{"d":0.166671753,"p":67,"v":70}],"pos":7.375,"size":1.0,"_time":129.0},{"$id":"926","sounds":[{"d":0.06944275,"p":76,"v":71}],"pos":-0.5,"size":1.30000007,"_time":129.0},{"$id":"927","sounds":[{"d":0.0625,"p":81,"v":58}],"pos":1.5,"size":0.6999999,"_time":129.0},{"$id":"928","sounds":[{"d":0.333328247,"p":71,"v":57}],"pos":-1.5,"size":1.30000007,"_time":129.332031},{"$id":"929","sounds":[{"d":0.166671753,"p":62,"v":70}],"pos":6.75,"size":1.0,"_time":129.332031},{"$id":"930","sounds":[{"d":0.319442749,"p":76,"v":63}],"pos":0.5,"size":0.6999999,"_time":129.332031},{"$id":"931","sounds":[{"d":0.166671753,"p":62,"v":52}],"pos":6.75,"size":1.0,"_time":129.667969},{"$id":"932","sounds":[{"d":0.166671753,"p":64,"v":65}],"pos":7.0,"size":1.0,"_time":130.0},{"$id":"933","sounds":[{"d":0.166671753,"p":67,"v":59}],"pos":7.375,"size":1.0,"_time":130.332031},{"$id":"934","sounds":[{"d":0.513900757,"p":60,"v":54}],"pos":-2.0,"size":1.0,"_time":130.582031},{"$id":"935","sounds":[{"d":0.486129761,"p":65,"v":71}],"pos":-1.5,"size":1.0,"_time":130.609375},{"$id":"936","sounds":[{"d":0.6180725,"p":50,"v":66}],"pos":5.25,"size":1.0,"_time":130.667969},{"$id":"937","sounds":[{"d":0.4653015,"p":69,"v":83}],"pos":-1.0,"size":1.0,"_time":130.667969},{"$id":"938","sounds":[{"d":0.305557251,"p":57,"v":75}],"pos":6.125,"size":1.0,"_time":131.0},{"$id":"939","sounds":[{"d":0.215271,"p":65,"v":61}],"pos":7.125,"size":1.0,"_time":131.332031},{"$id":"940","sounds":[{"d":0.0902709961,"p":76,"v":99}],"pos":1.0,"size":1.0,"_time":131.332031},{"$id":"941","sounds":[{"d":0.1388855,"p":65,"v":69}],"pos":7.125,"size":1.0,"_time":131.667969},{"$id":"942","sounds":[{"d":0.0763855,"p":69,"v":71}],"size":1.0,"_time":131.667969},{"$id":"943","sounds":[{"d":0.666671753,"p":62,"v":52}],"pos":-2.0,"size":1.0,"_time":131.832031},{"$id":"944","sounds":[{"d":0.5833435,"p":67,"v":72}],"pos":-1.5,"size":1.0,"_time":131.917969},{"$id":"945","sounds":[{"d":0.500015259,"p":69,"v":83}],"pos":-1.0,"size":1.0,"_time":132.0},{"$id":"946","sounds":[{"d":0.340286255,"p":40,"v":73}],"pos":4.0,"size":1.0,"_time":132.0},{"$id":"947","sounds":[{"d":0.131942749,"p":50,"v":73}],"pos":5.25,"size":1.0,"_time":132.332031},{"$id":"948","sounds":[{"d":0.666671753,"p":62,"v":68}],"pos":6.75,"size":1.0,"_time":132.667969},{"$id":"949","sounds":[{"d":0.2916565,"p":67,"v":68}],"pos":1.0,"size":1.0,"_time":132.667969},{"$id":"950","sounds":[{"d":0.0902709961,"p":57,"v":68}],"pos":6.125,"size":1.0,"_time":132.667969},{"$id":"951","sounds":[{"d":0.166671753,"p":64,"v":50}],"size":1.0,"_time":133.0},{"$id":"952","sounds":[{"d":0.166671753,"p":79,"v":78}],"pos":-1.0,"size":1.0,"_time":133.667969},{"$id":"953","sounds":[{"d":0.166671753,"p":81,"v":67}],"pos":2.0,"size":1.0,"_time":133.832031},{"$id":"954","sounds":[{"d":0.166671753,"p":76,"v":68}],"pos":-1.5,"size":1.0,"_time":134.0},{"$id":"955","sounds":[{"d":0.166671753,"p":79,"v":61}],"pos":1.5,"size":1.0,"_time":134.167969},{"$id":"956","sounds":[{"d":0.166671753,"p":74,"v":67}],"pos":-2.0,"size":1.0,"_time":134.332031},{"$id":"957","sounds":[{"d":0.166671753,"p":76,"v":80}],"pos":1.0,"size":1.0,"_time":134.5},{"$id":"958","sounds":[{"d":0.166671753,"p":72,"v":84}],"pos":-1.0,"size":1.0,"_time":134.667969},{"$id":"959","sounds":[{"d":0.166671753,"p":74,"v":64}],"pos":0.5,"size":1.0,"_time":134.832031},{"$id":"960","sounds":[{"d":0.166671753,"p":69,"v":72}],"pos":-1.5,"size":1.0,"_time":135.0},{"$id":"961","sounds":[{"d":0.166671753,"p":72,"v":52}],"size":1.0,"_time":135.167969},{"$id":"962","sounds":[{"d":0.166671753,"p":67,"v":64}],"pos":-2.0,"size":1.0,"_time":135.332031},{"$id":"963","sounds":[{"d":0.166671753,"p":69,"v":63}],"pos":-1.0,"size":1.0,"_time":135.667969},{"$id":"964","sounds":[{"d":0.3333435,"p":81,"v":75}],"size":1.0,"_time":136.0},{"$id":"965","sounds":[{"d":0.3333435,"p":57,"v":73}],"pos":6.125,"size":1.0,"_time":136.0},{"$id":"966","sounds":[{"d":0.159729,"p":86,"v":70}],"pos":1.0,"size":1.0,"_time":136.167969},{"$id":"967","sounds":[{"d":0.1875,"p":88,"v":72}],"pos":-1.0,"size":1.0,"_time":136.332031},{"$id":"968","sounds":[{"d":0.166671753,"p":64,"v":65}],"pos":7.0,"size":1.0,"_time":136.332031},{"$id":"969","sounds":[{"d":0.215271,"p":91,"v":84}],"pos":2.0,"size":1.0,"_time":136.5},{"$id":"970","sounds":[{"d":0.180557251,"p":88,"v":83}],"pos":-1.0,"size":1.0,"_time":136.667969},{"$id":"971","sounds":[{"d":0.166671753,"p":67,"v":57}],"pos":7.375,"size":1.0,"_time":136.667969},{"$id":"972","sounds":[{"d":0.180541992,"p":86,"v":52}],"pos":1.0,"size":1.0,"_time":136.832031},{"$id":"973","sounds":[{"d":0.3888855,"p":81,"v":68}],"size":1.0,"_time":137.0},{"$id":"974","sounds":[{"d":0.0763855,"p":86,"v":67}],"pos":1.0,"size":1.0,"_time":137.667969},{"$id":"975","sounds":[{"d":0.0972290039,"p":81,"v":67}],"size":1.0,"_time":138.0},{"$id":"976","sounds":[{"d":0.05555725,"p":79,"v":81}],"pos":-1.0,"size":1.0,"_time":138.332031},{"$id":"977","sounds":[{"d":0.3333435,"p":81,"v":75}],"size":1.0,"_time":138.667969},{"$id":"978","sounds":[{"d":0.3333435,"p":57,"v":73}],"pos":6.125,"size":1.0,"_time":138.667969},{"$id":"979","sounds":[{"d":0.159729,"p":86,"v":70}],"pos":1.0,"size":1.0,"_time":138.832031},{"$id":"980","sounds":[{"d":0.1875,"p":88,"v":72}],"pos":-1.0,"size":1.0,"_time":139.0},{"$id":"981","sounds":[{"d":0.166671753,"p":62,"v":65}],"pos":6.75,"size":1.0,"_time":139.0},{"$id":"982","sounds":[{"d":0.215271,"p":91,"v":84}],"pos":2.0,"size":1.0,"_time":139.167969},{"$id":"983","sounds":[{"d":0.180557251,"p":88,"v":83}],"pos":-1.0,"size":1.0,"_time":139.332031},{"$id":"984","sounds":[{"d":0.166671753,"p":69,"v":57}],"pos":7.625,"size":1.0,"_time":139.332031},{"$id":"985","sounds":[{"d":0.180541992,"p":86,"v":52}],"pos":1.0,"size":1.0,"_time":139.5},{"$id":"986","sounds":[{"d":0.3888855,"p":88,"v":68}],"pos":-1.0,"size":1.0,"_time":139.667969},{"$id":"987","sounds":[{"d":0.0763855,"p":86,"v":67}],"pos":1.0,"size":1.0,"_time":140.332031},{"$id":"988","sounds":[{"d":0.0972290039,"p":81,"v":67}],"size":1.0,"_time":140.667969},{"$id":"989","sounds":[{"d":0.05555725,"p":79,"v":81}],"pos":-1.0,"size":1.0,"_time":141.0},{"$id":"990","sounds":[{"d":0.3333435,"p":81,"v":57}],"size":1.0,"_time":141.332031},{"$id":"991","sounds":[{"d":0.3333435,"p":57,"v":57}],"pos":6.125,"size":1.0,"_time":141.332031},{"$id":"992","sounds":[{"d":0.159729,"p":86,"v":52}],"pos":1.0,"size":1.0,"_time":141.5},{"$id":"993","sounds":[{"d":0.1875,"p":88,"v":50}],"pos":-1.0,"size":1.0,"_time":141.667969},{"$id":"994","sounds":[{"d":0.166671753,"p":64,"v":50}],"pos":7.0,"size":1.0,"_time":141.667969},{"$id":"995","sounds":[{"d":0.215271,"p":91,"v":63}],"pos":2.0,"size":1.0,"_time":141.832031},{"$id":"996","sounds":[{"d":0.180557251,"p":88,"v":70}],"pos":-1.0,"size":1.0,"_time":142.0},{"$id":"997","sounds":[{"d":0.166671753,"p":67,"v":70}],"pos":7.375,"size":1.0,"_time":142.0},{"$id":"998","sounds":[{"d":0.180541992,"p":86,"v":49}],"pos":1.0,"size":1.0,"_time":142.167969},{"$id":"999","sounds":[{"d":0.3888855,"p":81,"v":64}],"size":1.0,"_time":142.332031},{"$id":"1000","sounds":[{"d":0.0763855,"p":86,"v":67}],"pos":1.0,"size":1.0,"_time":143.167969},{"$id":"1001","sounds":[{"d":0.0972290039,"p":81,"v":67}],"size":1.0,"_time":143.832031},{"$id":"1002","sounds":[{"d":0.05555725,"p":79,"v":81}],"pos":-1.0,"size":1.0,"_time":144.667969},{"$id":"1003","sounds":[{"d":0.715255737,"p":74,"v":56}],"size":1.0,"_time":145.792969},{"$id":"1004","sounds":[{"d":0.673599243,"p":79,"v":56}],"pos":0.5,"size":1.0,"_time":145.8125},{"$id":"1005","sounds":[{"d":0.6944275,"p":33,"v":47}],"pos":4.5,"size":1.0,"_time":145.832031},{"$id":"1006","sounds":[{"d":0.652771,"p":86,"v":56}],"pos":1.0,"size":1.0,"_time":145.847656},{"$id":"1007","sounds":[{"d":0.625,"p":81,"v":62}],"pos":1.19999981,"size":1.0,"_time":145.859375}],"links":[{"notes":[{"$ref":"260"},{"$ref":"261"}]},{"notes":[{"$ref":"411"},{"$ref":"412"},{"$ref":"415"}]},{"notes":[{"$ref":"89"},{"$ref":"90"},{"$ref":"94"}]},{"notes":[{"$ref":"106"},{"$ref":"107"},{"$ref":"108"}]},{"notes":[{"$ref":"172"},{"$ref":"173"},{"$ref":"175"}]},{"notes":[{"$ref":"227"},{"$ref":"228"},{"$ref":"230"}]},{"notes":[{"$ref":"241"},{"$ref":"242"},{"$ref":"244"}]},{"notes":[{"$ref":"249"},{"$ref":"250"},{"$ref":"252"}]},{"notes":[{"$ref":"289"},{"$ref":"290"},{"$ref":"291"}]},{"notes":[{"$ref":"320"},{"$ref":"321"},{"$ref":"322"},{"$ref":"324"}]},{"notes":[{"$ref":"356"},{"$ref":"357"},{"$ref":"359"}]},{"notes":[{"$ref":"376"},{"$ref":"378"},{"$ref":"379"}]},{"notes":[{"$ref":"404"},{"$ref":"405"},{"$ref":"406"},{"$ref":"407"},{"$ref":"408"}]},{"notes":[{"$ref":"587"},{"$ref":"588"},{"$ref":"589"}]},{"notes":[{"$ref":"601"},{"$ref":"602"},{"$ref":"603"}]},{"notes":[{"$ref":"748"},{"$ref":"753"},{"$ref":"756"},{"$ref":"757"},{"$ref":"760"}]},{"notes":[{"$ref":"751"},{"$ref":"754"},{"$ref":"755"},{"$ref":"758"},{"$ref":"762"}]},{"notes":[{"$ref":"764"},{"$ref":"765"},{"$ref":"768"}]},{"notes":[{"$ref":"553"},{"$ref":"554"},{"$ref":"555"}]},{"notes":[{"$ref":"643"},{"$ref":"644"},{"$ref":"645"},{"$ref":"647"}]},{"notes":[{"$ref":"541"},{"$ref":"542"},{"$ref":"545"}]},{"notes":[{"$ref":"679"},{"$ref":"680"},{"$ref":"682"}]},{"notes":[{"$ref":"894"},{"$ref":"895"},{"$ref":"898"}]},{"notes":[{"$ref":"906"},{"$ref":"907"},{"$ref":"910"}]},{"notes":[{"$ref":"943"},{"$ref":"944"},{"$ref":"945"}]},{"notes":[{"$ref":"934"},{"$ref":"935"},{"$ref":"937"}]},{"notes":[{"$ref":"1003"},{"$ref":"1004"},{"$ref":"1006"},{"$ref":"1007"}]}]}