{"speed":12.0,"notes":[{"$id":"1","sounds":[{"d":0.444444,"p":77,"v":92}],"pos":-1.5,"size":1.0,"_time":0.4453125},{"$id":"2","sounds":[{"d":0.44444406,"p":89,"v":92}],"pos":1.5,"size":1.0,"_time":0.890625},{"$id":"3","sounds":[{"d":0.222221971,"p":88,"v":92}],"pos":-0.5,"size":1.0,"_time":1.33203125},{"$id":"4","sounds":[{"d":0.44444406,"p":84,"v":92}],"pos":9.5,"size":1.0,"_time":1.5546875},{"$id":"5","sounds":[{"d":0.14814806,"p":81,"v":93}],"pos":9.125,"size":1.0,"_time":2.0},{"$id":"6","sounds":[{"d":0.07407403,"p":82,"v":93}],"pos":9.25,"size":1.0,"_time":2.1484375},{"$id":"7","sounds":[{"d":0.14814806,"p":84,"v":93}],"pos":0.5,"size":1.0,"_time":2.22265625},{"$id":"8","sounds":[{"d":0.07407403,"p":86,"v":93}],"pos":9.75,"size":1.0,"_time":2.37109375},{"$id":"9","sounds":[{"d":0.22222209,"p":77,"v":93}],"pos":8.625,"size":1.0,"_time":2.4453125},{"$id":"10","sounds":[{"d":0.22222209,"p":76,"v":93}],"pos":-0.5,"size":1.0,"_time":2.66796875},{"$id":"11","sounds":[{"d":0.22222209,"p":72,"v":94}],"pos":8.5,"size":1.0,"_time":2.890625},{"$id":"12","sounds":[{"d":0.22222209,"p":76,"v":94}],"pos":-0.5,"size":1.0,"_time":3.109375},{"$id":"13","sounds":[{"d":0.666666031,"p":77,"v":94}],"pos":9.5,"size":1.0,"_time":3.33203125},{"$id":"14","sounds":[{"d":0.44444418,"p":77,"v":95}],"pos":-1.5,"size":1.0,"_time":4.0},{"$id":"15","sounds":[{"d":0.44444418,"p":89,"v":95}],"pos":1.5,"size":1.0,"_time":4.4453125},{"$id":"16","sounds":[{"d":0.222221851,"p":88,"v":95}],"pos":0.5,"size":1.0,"_time":4.890625},{"$id":"17","sounds":[{"d":0.44444418,"p":84,"v":96}],"pos":9.5,"size":1.0,"_time":5.109375},{"$id":"18","sounds":[{"d":0.14814806,"p":81,"v":96}],"pos":9.125,"size":1.0,"_time":5.5546875},{"$id":"19","sounds":[{"d":0.07407379,"p":82,"v":96}],"pos":9.25,"size":1.0,"_time":5.703125},{"$id":"20","sounds":[{"d":0.14814806,"p":84,"v":96}],"pos":-0.5,"size":1.0,"_time":5.77734375},{"$id":"21","sounds":[{"d":0.07407379,"p":86,"v":96}],"pos":9.75,"size":1.0,"_time":5.92578125},{"$id":"22","sounds":[{"d":0.166666508,"p":77,"v":95}],"pos":8.625,"size":1.0,"_time":6.0},{"$id":"23","sounds":[{"d":0.0555553436,"p":92,"v":70}],"pos":10.5,"size":1.0,"_time":6.16796875},{"$id":"24","sounds":[{"d":0.222221851,"p":93,"v":96}],"pos":1.5,"size":1.0,"_time":6.22265625},{"$id":"25","sounds":[{"d":0.222221851,"p":91,"v":97}],"pos":10.375,"size":1.0,"_time":6.4453125},{"$id":"26","sounds":[{"d":0.222221851,"p":89,"v":97}],"pos":-0.5,"size":1.0,"_time":6.66796875},{"$id":"27","sounds":[{"d":0.666666031,"p":88,"v":97}],"pos":10.0,"size":1.0,"_time":6.890625},{"$id":"28","sounds":[{"d":0.44444418,"p":77,"v":97}],"pos":-1.5,"size":1.0,"_time":7.5546875},{"$id":"29","sounds":[{"d":0.4444437,"p":89,"v":97}],"pos":1.5,"size":1.0,"_time":8.0},{"$id":"30","sounds":[{"d":0.222222328,"p":88,"v":97}],"pos":-0.5,"size":1.0,"_time":8.4453125},{"$id":"31","sounds":[{"d":0.4444437,"p":84,"v":97}],"pos":9.5,"size":1.0,"_time":8.667969},{"$id":"32","sounds":[{"d":0.148147583,"p":81,"v":97}],"pos":9.125,"size":1.0,"_time":9.109375},{"$id":"33","sounds":[{"d":0.07407379,"p":82,"v":97}],"pos":9.25,"size":1.0,"_time":9.2578125},{"$id":"34","sounds":[{"d":0.148147583,"p":84,"v":97}],"pos":0.5,"size":1.0,"_time":9.332031},{"$id":"35","sounds":[{"d":0.07407379,"p":86,"v":97}],"pos":9.75,"size":1.0,"_time":9.480469},{"$id":"36","sounds":[{"d":0.222222328,"p":77,"v":97}],"pos":8.625,"size":1.0,"_time":9.5546875},{"$id":"37","sounds":[{"d":0.222222328,"p":76,"v":97}],"pos":-0.5,"size":1.0,"_time":9.777344},{"$id":"38","sounds":[{"d":0.222222328,"p":72,"v":97}],"pos":8.0,"size":1.0,"_time":10.0},{"$id":"39","sounds":[{"d":0.222222328,"p":76,"v":97}],"pos":-0.5,"size":1.0,"_time":10.2226563},{"$id":"40","sounds":[{"d":0.666666031,"p":77,"v":97}],"pos":8.625,"size":1.0,"_time":10.4453125},{"$id":"41","sounds":[{"d":0.4444437,"p":77,"v":97}],"pos":-1.5,"size":1.0,"_time":11.109375},{"$id":"42","sounds":[{"d":0.4444437,"p":89,"v":97}],"pos":1.5,"size":1.0,"_time":11.5546875},{"$id":"43","sounds":[{"d":0.222222328,"p":88,"v":97}],"pos":0.5,"size":1.0,"_time":12.0},{"$id":"44","sounds":[{"d":0.3703699,"p":84,"v":97}],"pos":9.5,"size":1.0,"_time":12.2226563},{"$id":"45","sounds":[{"d":0.07407379,"p":81,"v":97}],"pos":9.125,"size":1.0,"_time":12.59375},{"$id":"46","sounds":[{"d":0.222222328,"p":84,"v":97}],"pos":7.0,"size":1.0,"_time":12.6679688},{"$id":"47","sounds":[{"d":0.222222328,"p":89,"v":97}],"pos":-0.5,"size":1.0,"_time":12.890625},{"$id":"48","sounds":[{"d":0.222222328,"p":88,"v":97}],"pos":10.0,"size":1.0,"_time":13.109375},{"$id":"49","sounds":[{"d":0.222222328,"p":89,"v":97}],"pos":-0.5,"size":1.0,"_time":13.3320313},{"$id":"50","sounds":[{"d":0.222222328,"p":84,"v":97}],"pos":9.5,"size":1.0,"_time":13.5546875},{"$id":"51","sounds":[{"d":0.4444437,"p":91,"v":97}],"pos":0.5,"size":1.0,"_time":13.7773438},{"$id":"52","pos":-1.5,"size":1.30000007,"_time":14.2226563},{"$id":"53","sounds":[{"d":14.44443,"p":89,"v":97}],"pos":1.5,"size":1.0,"_time":14.2226563},{"$id":"54","pos":4.0,"size":1.0,"_time":14.4453125},{"$id":"55","pos":4.0,"size":1.0,"_time":14.6679688},{"$id":"56","pos":4.0,"size":1.0,"_time":14.890625},{"$id":"57","pos":4.0,"size":1.0,"_time":15.3320313},{"$id":"58","pos":4.0,"size":1.0,"_time":15.7773438},{"$id":"59","pos":4.0,"size":1.0,"_time":15.9257813},{"$id":"60","pos":4.0,"size":1.0,"_time":16.0},{"$id":"61","pos":4.0,"size":1.0,"_time":16.2226563},{"$id":"62","pos":4.0,"size":1.0,"_time":16.4453125},{"$id":"63","pos":4.0,"size":1.0,"_time":16.6679688},{"$id":"64","pos":4.0,"size":1.0,"_time":17.0351563},{"$id":"65","pos":4.0,"size":1.0,"_time":17.109375},{"$id":"66","pos":4.0,"size":1.0,"_time":17.2578125},{"$id":"67","pos":4.0,"size":1.0,"_time":17.3320313},{"$id":"68","pos":4.0,"size":1.0,"_time":17.4804688},{"$id":"69","pos":4.0,"size":1.0,"_time":17.5546875},{"$id":"70","pos":4.0,"size":1.0,"_time":17.703125},{"$id":"71","pos":-1.5,"size":1.30000007,"_time":17.7578125,"shift":0.015625},{"$id":"72","pos":4.0,"size":1.0,"_time":18.0},{"$id":"73","pos":4.0,"size":1.0,"_time":18.2226563},{"$id":"74","pos":4.0,"size":1.0,"_time":18.4453125},{"$id":"75","pos":4.0,"size":1.0,"_time":18.890625},{"$id":"76","pos":4.0,"size":1.0,"_time":19.3320313},{"$id":"77","pos":4.0,"size":1.0,"_time":19.4804688},{"$id":"78","pos":4.0,"size":1.0,"_time":19.5546875},{"$id":"79","pos":4.0,"size":1.0,"_time":19.7773438},{"$id":"80","pos":4.0,"size":1.0,"_time":20.0},{"$id":"81","pos":4.0,"size":1.0,"_time":20.2226563},{"$id":"82","pos":4.0,"size":1.0,"_time":20.6679688},{"$id":"83","pos":4.0,"size":1.0,"_time":20.890625},{"$id":"84","pos":4.0,"size":1.0,"_time":21.109375},{"$id":"85","pos":-1.5,"size":1.30000007,"_time":21.34375,"shift":-0.01171875},{"$id":"86","pos":4.0,"size":1.0,"_time":21.5546875},{"$id":"87","pos":4.0,"size":1.0,"_time":21.7773438},{"$id":"88","pos":4.0,"size":1.0,"_time":22.0},{"$id":"89","pos":4.0,"size":1.0,"_time":22.4453125},{"$id":"90","pos":4.0,"size":1.0,"_time":22.890625},{"$id":"91","pos":4.0,"size":1.0,"_time":23.0351563},{"$id":"92","pos":4.0,"size":1.0,"_time":23.109375},{"$id":"93","pos":4.0,"size":1.0,"_time":23.3320313},{"$id":"94","pos":4.0,"size":1.0,"_time":23.5546875},{"$id":"95","pos":4.0,"size":1.0,"_time":23.7773438},{"$id":"96","pos":4.0,"size":1.0,"_time":24.1484375},{"$id":"97","pos":4.0,"size":1.0,"_time":24.2226563},{"$id":"98","pos":4.0,"size":1.0,"_time":24.3710938},{"$id":"99","pos":4.0,"size":1.0,"_time":24.4453125},{"$id":"100","pos":4.0,"size":1.0,"_time":24.59375},{"$id":"101","pos":4.0,"size":1.0,"_time":24.6679688},{"$id":"102","pos":4.0,"size":1.0,"_time":24.8164063},{"$id":"103","pos":-1.5,"size":1.30000007,"_time":24.890625},{"$id":"104","pos":4.0,"size":1.0,"_time":25.109375},{"$id":"105","pos":4.0,"size":1.0,"_time":25.3320313},{"$id":"106","pos":4.0,"size":1.0,"_time":25.5546875},{"$id":"107","pos":4.0,"size":1.0,"_time":26.0},{"$id":"108","pos":4.0,"size":1.0,"_time":26.4453125},{"$id":"109","pos":4.0,"size":1.0,"_time":26.59375},{"$id":"110","pos":4.0,"size":1.0,"_time":26.6679688},{"$id":"111","pos":4.0,"size":1.0,"_time":26.890625},{"$id":"112","pos":4.0,"size":1.0,"_time":27.109375},{"$id":"113","pos":4.0,"size":1.0,"_time":27.3320313},{"$id":"114","pos":4.0,"size":1.0,"_time":27.7773438},{"$id":"115","pos":4.0,"size":1.0,"_time":28.0},{"$id":"116","pos":4.0,"size":1.0,"_time":28.2226563},{"$id":"117","pos":-1.5,"size":1.30000007,"_time":28.4375,"shift":0.00390625},{"$id":"118","sounds":[{"d":0.222221375,"p":84,"v":109}],"pos":4.0,"size":1.0,"_time":28.6679688},{"$id":"119","sounds":[{"d":0.444444656,"p":89,"v":109}],"pos":0.5,"size":1.0,"_time":28.890625},{"$id":"120","sounds":[{"d":0.444444656,"p":89,"v":109}],"pos":0.5,"size":1.0,"_time":29.3320313},{"$id":"121","sounds":[{"d":0.444444656,"p":84,"v":109}],"pos":-1.5,"size":1.0,"_time":29.7773438},{"$id":"122","sounds":[{"d":0.222221375,"p":93,"v":109}],"pos":1.5,"size":1.0,"_time":30.2226563},{"$id":"123","sounds":[{"d":0.222221375,"p":94,"v":109}],"pos":10.75,"size":1.0,"_time":30.4453125},{"$id":"124","sounds":[{"d":0.222221375,"p":96,"v":109}],"pos":1.5,"size":1.0,"_time":30.6679688},{"$id":"125","sounds":[{"d":0.444444656,"p":89,"v":109}],"pos":10.125,"size":1.0,"_time":30.890625},{"$id":"126","sounds":[{"d":0.444444656,"p":84,"v":109}],"pos":-1.5,"size":1.0,"_time":31.3320313},{"$id":"127","sounds":[{"d":0.6666641,"p":84,"v":109}],"pos":-1.5,"size":1.0,"_time":31.7773438},{"$id":"128","sounds":[{"d":0.444442749,"p":89,"v":109}],"pos":0.5,"size":1.0,"_time":32.4453125},{"$id":"129","sounds":[{"d":0.444442749,"p":89,"v":109}],"pos":0.5,"size":1.0,"_time":32.890625},{"$id":"130","sounds":[{"d":0.444442749,"p":84,"v":109}],"pos":-1.5,"size":1.0,"_time":33.33203},{"$id":"131","sounds":[{"d":0.222221375,"p":89,"v":109}],"pos":-0.5,"size":1.0,"_time":33.7773438},{"$id":"132","sounds":[{"d":0.222221375,"p":93,"v":109}],"pos":10.625,"size":1.0,"_time":34.0},{"$id":"133","sounds":[{"d":0.222221375,"p":94,"v":109}],"pos":0.5,"size":1.0,"_time":34.2226563},{"$id":"134","sounds":[{"d":0.6666641,"p":96,"v":109}],"pos":11.0,"size":1.0,"_time":34.4453125},{"$id":"135","sounds":[{"d":0.222221375,"p":88,"v":109}],"pos":-1.5,"size":1.0,"_time":35.109375},{"$id":"136","sounds":[{"d":0.222221375,"p":89,"v":109}],"pos":10.125,"size":1.0,"_time":35.33203},{"$id":"137","sounds":[{"d":0.6666641,"p":96,"v":109}],"pos":1.5,"size":1.0,"_time":35.5546875},{"$id":"138","sounds":[{"d":0.222221375,"p":89,"v":109}],"pos":10.125,"size":1.0,"_time":36.2226563},{"$id":"139","sounds":[{"d":0.6666641,"p":96,"v":109}],"pos":1.5,"size":1.0,"_time":36.4453125},{"$id":"140","sounds":[{"d":0.222221375,"p":89,"v":109}],"pos":10.125,"size":1.0,"_time":37.109375},{"$id":"141","sounds":[{"d":0.444442749,"p":96,"v":109}],"pos":1.5,"size":1.0,"_time":37.33203},{"$id":"142","sounds":[{"d":0.222221375,"p":96,"v":109}],"pos":1.5,"size":1.0,"_time":37.7773438},{"$id":"143","sounds":[{"d":0.222221375,"p":101,"v":109}],"pos":11.625,"size":1.0,"_time":38.0},{"$id":"144","sounds":[{"d":0.6666641,"p":96,"v":109}],"pos":1.5,"size":1.0,"_time":38.2226563},{"$id":"145","sounds":[{"d":0.222221375,"p":89,"v":109}],"pos":10.125,"size":1.0,"_time":38.890625},{"$id":"146","sounds":[{"d":0.444442749,"p":96,"v":109}],"pos":1.5,"size":1.0,"_time":39.109375},{"$id":"147","sounds":[{"d":0.444442749,"p":94,"v":109}],"pos":0.5,"size":1.0,"_time":39.5546875},{"$id":"148","sounds":[{"d":0.444442749,"p":93,"v":109}],"pos":-0.5,"size":1.0,"_time":40.0},{"$id":"149","sounds":[{"d":0.444442749,"p":89,"v":109}],"pos":-1.5,"size":1.0,"_time":40.4453125},{"$id":"150","sounds":[{"d":0.6666641,"p":91,"v":109}],"pos":-0.5,"size":1.0,"_time":40.890625},{"$id":"151","sounds":[{"d":0.222221375,"p":93,"v":109}],"pos":0.5,"size":1.0,"_time":41.5546875},{"$id":"152","sounds":[{"d":1.11111069,"p":93,"v":109}],"pos":10.625,"size":1.0,"_time":41.7773438},{"$id":"153","sounds":[{"d":0.222221375,"p":84,"v":109}],"pos":9.5,"size":1.0,"_time":42.890625},{"$id":"154","sounds":[{"d":0.444442749,"p":89,"v":109}],"pos":0.5,"size":1.0,"_time":43.109375},{"$id":"155","sounds":[{"d":0.444442749,"p":89,"v":109}],"pos":0.5,"size":1.0,"_time":43.5546875},{"$id":"156","sounds":[{"d":0.444442749,"p":84,"v":109}],"pos":-1.5,"size":1.0,"_time":44.0},{"$id":"157","sounds":[{"d":0.222221375,"p":93,"v":109}],"pos":1.5,"size":1.0,"_time":44.4453125},{"$id":"158","sounds":[{"d":0.222221375,"p":94,"v":109}],"pos":10.75,"size":1.0,"_time":44.66797},{"$id":"159","sounds":[{"d":0.222221375,"p":96,"v":109}],"pos":1.5,"size":1.0,"_time":44.890625},{"$id":"160","sounds":[{"d":0.444442749,"p":89,"v":109}],"pos":10.125,"size":1.0,"_time":45.109375},{"$id":"161","sounds":[{"d":0.444442749,"p":84,"v":109}],"pos":-1.5,"size":1.0,"_time":45.5546875},{"$id":"162","sounds":[{"d":0.6666641,"p":84,"v":109}],"pos":-1.5,"size":1.0,"_time":46.0},{"$id":"163","sounds":[{"d":0.444442749,"p":89,"v":109}],"pos":0.5,"size":1.0,"_time":46.66797},{"$id":"164","sounds":[{"d":0.444442749,"p":89,"v":109}],"pos":0.5,"size":1.0,"_time":47.109375},{"$id":"165","sounds":[{"d":0.444442749,"p":84,"v":109}],"pos":-1.5,"size":1.0,"_time":47.5546875},{"$id":"166","sounds":[{"d":0.222221375,"p":89,"v":109}],"pos":-0.5,"size":1.0,"_time":48.0},{"$id":"167","sounds":[{"d":0.222221375,"p":93,"v":109}],"pos":10.625,"size":1.0,"_time":48.2226563},{"$id":"168","sounds":[{"d":0.222221375,"p":94,"v":109}],"pos":0.5,"size":1.0,"_time":48.4453125},{"$id":"169","sounds":[{"d":0.6666641,"p":96,"v":108}],"pos":11.0,"size":1.0,"_time":48.66797},{"$id":"170","sounds":[{"d":0.222221375,"p":88,"v":108}],"pos":-1.5,"size":1.0,"_time":49.33203},{"$id":"171","sounds":[{"d":0.222221375,"p":89,"v":108}],"pos":10.125,"size":1.0,"_time":49.5546875},{"$id":"172","sounds":[{"d":0.6666641,"p":96,"v":108}],"pos":1.5,"size":1.0,"_time":49.7773438},{"$id":"173","sounds":[{"d":0.222221375,"p":89,"v":108}],"pos":10.125,"size":1.0,"_time":50.4453125},{"$id":"174","sounds":[{"d":0.6666641,"p":96,"v":108}],"pos":1.5,"size":1.0,"_time":50.66797},{"$id":"175","sounds":[{"d":0.222221375,"p":89,"v":108}],"pos":10.125,"size":1.0,"_time":51.33203},{"$id":"176","sounds":[{"d":0.444442749,"p":96,"v":108}],"pos":1.5,"size":1.0,"_time":51.5546875},{"$id":"177","sounds":[{"d":0.222221375,"p":96,"v":108}],"pos":1.5,"size":1.0,"_time":52.0},{"$id":"178","sounds":[{"d":0.222221375,"p":101,"v":108}],"pos":11.625,"size":1.0,"_time":52.2226563},{"$id":"179","sounds":[{"d":0.6666641,"p":96,"v":108}],"pos":1.5,"size":1.0,"_time":52.4453125},{"$id":"180","sounds":[{"d":0.222221375,"p":89,"v":108}],"pos":10.125,"size":1.0,"_time":53.109375},{"$id":"181","sounds":[{"d":0.444442749,"p":96,"v":108}],"pos":1.5,"size":1.0,"_time":53.33203},{"$id":"182","sounds":[{"d":0.444442749,"p":94,"v":108}],"pos":0.5,"size":1.0,"_time":53.7773438},{"$id":"183","sounds":[{"d":0.444442749,"p":93,"v":108}],"pos":-0.5,"size":1.0,"_time":54.2226563},{"$id":"184","sounds":[{"d":0.444442749,"p":89,"v":108}],"pos":-1.5,"size":1.0,"_time":54.66797},{"$id":"185","sounds":[{"d":0.6666641,"p":91,"v":108}],"pos":0.5,"size":1.0,"_time":55.109375},{"$id":"186","sounds":[{"d":0.222221375,"p":89,"v":108}],"pos":-0.5,"size":1.0,"_time":55.7773438},{"$id":"187","sounds":[{"d":43.1110649,"p":89,"v":108}],"pos":10.125,"size":1.0,"_time":56.0},{"$id":"188","sounds":[{"d":0.222221375,"p":43,"v":64}],"pos":-0.5,"size":1.30000007,"_time":56.890625},{"$id":"189","sounds":[{"d":0.222221375,"p":50,"v":64}],"pos":5.25,"size":1.0,"_time":57.109375},{"$id":"190","sounds":[{"d":0.222221375,"p":58,"v":64}],"pos":6.25,"size":1.0,"_time":57.33203},{"$id":"191","sounds":[{"d":0.222221375,"p":65,"v":64}],"pos":7.125,"size":1.0,"_time":57.5546875},{"$id":"192","sounds":[{"d":0.222221375,"p":48,"v":64}],"pos":1.5,"size":1.30000007,"_time":57.7773438},{"$id":"193","sounds":[{"d":0.222221375,"p":55,"v":64}],"pos":5.875,"size":1.0,"_time":58.0},{"$id":"194","sounds":[{"d":0.222221375,"p":60,"v":64}],"pos":6.5,"size":1.0,"_time":58.2226563},{"$id":"195","sounds":[{"d":0.222221375,"p":65,"v":64}],"pos":7.125,"size":1.0,"_time":58.4453125},{"$id":"196","sounds":[{"d":0.222221375,"p":45,"v":64}],"pos":0.5,"size":1.30000007,"_time":58.66797},{"$id":"197","sounds":[{"d":0.222221375,"p":52,"v":64}],"pos":5.5,"size":1.0,"_time":58.890625},{"$id":"198","sounds":[{"d":0.222221375,"p":60,"v":64}],"pos":6.5,"size":1.0,"_time":59.109375},{"$id":"199","sounds":[{"d":0.222221375,"p":67,"v":64}],"pos":7.375,"size":1.0,"_time":59.33203},{"$id":"200","sounds":[{"d":0.222221375,"p":38,"v":64}],"pos":-1.5,"size":1.30000007,"_time":59.5546875},{"$id":"201","sounds":[{"d":0.222221375,"p":53,"v":64}],"pos":5.625,"size":1.0,"_time":59.7773438},{"$id":"202","sounds":[{"d":0.222221375,"p":57,"v":64}],"pos":6.125,"size":1.0,"_time":60.0},{"$id":"203","sounds":[{"d":0.222221375,"p":65,"v":64}],"pos":7.125,"size":1.0,"_time":60.2226563},{"$id":"204","sounds":[{"d":0.222221375,"p":43,"v":64}],"pos":-1.5,"size":1.30000007,"_time":60.4453125},{"$id":"205","sounds":[{"d":0.222221375,"p":50,"v":64}],"pos":5.25,"size":1.0,"_time":60.66797},{"$id":"206","sounds":[{"d":0.222221375,"p":58,"v":64}],"pos":6.25,"size":1.0,"_time":60.890625},{"$id":"207","sounds":[{"d":0.222221375,"p":65,"v":64}],"pos":7.125,"size":1.0,"_time":61.109375},{"$id":"208","sounds":[{"d":0.222221375,"p":45,"v":64}],"pos":-0.5,"size":1.30000007,"_time":61.33203},{"$id":"209","sounds":[{"d":0.222221375,"p":55,"v":64}],"pos":5.875,"size":1.0,"_time":61.5546875},{"$id":"210","sounds":[{"d":0.222221375,"p":60,"v":64}],"pos":6.5,"size":1.0,"_time":61.7773438},{"$id":"211","sounds":[{"d":0.222221375,"p":64,"v":64}],"pos":7.0,"size":1.0,"_time":62.0},{"$id":"212","sounds":[{"d":0.222221375,"p":50,"v":64}],"pos":0.5,"size":1.30000007,"_time":62.2226563},{"$id":"213","sounds":[{"d":0.222221375,"p":57,"v":64}],"pos":6.125,"size":1.0,"_time":62.4453125},{"$id":"214","sounds":[{"d":0.222221375,"p":62,"v":64}],"pos":6.75,"size":1.0,"_time":62.66797},{"$id":"215","sounds":[{"d":0.222221375,"p":49,"v":64}],"pos":5.125,"size":1.0,"_time":62.890625},{"$id":"216","sounds":[{"d":0.222221375,"p":65,"v":64}],"pos":7.125,"size":1.0,"_time":62.890625},{"$id":"217","sounds":[{"d":0.222221375,"p":48,"v":64}],"pos":5.0,"size":1.0,"_time":63.109375},{"$id":"218","sounds":[{"d":0.222221375,"p":67,"v":64}],"pos":1.5,"size":1.0,"_time":63.109375},{"$id":"219","sounds":[{"d":0.222221375,"p":51,"v":64}],"pos":5.375,"size":1.0,"_time":63.33203},{"$id":"220","sounds":[{"d":0.222221375,"p":65,"v":64}],"pos":0.5,"size":1.0,"_time":63.5546875},{"$id":"221","sounds":[{"d":0.222221375,"p":53,"v":64}],"pos":5.625,"size":1.0,"_time":63.5546875},{"$id":"222","sounds":[{"d":0.222221375,"p":60,"v":64}],"pos":6.5,"size":1.0,"_time":63.7773438},{"$id":"223","sounds":[{"d":0.222221375,"p":43,"v":64}],"pos":-0.5,"size":1.30000007,"_time":64.0},{"$id":"224","sounds":[{"d":0.222221375,"p":50,"v":64}],"pos":5.25,"size":1.0,"_time":64.22266},{"$id":"225","sounds":[{"d":0.222221375,"p":58,"v":64}],"pos":6.25,"size":1.0,"_time":64.44531},{"$id":"226","sounds":[{"d":0.222221375,"p":65,"v":64}],"pos":7.125,"size":1.0,"_time":64.66797},{"$id":"227","sounds":[{"d":0.222221375,"p":48,"v":64}],"pos":1.5,"size":1.30000007,"_time":64.890625},{"$id":"228","sounds":[{"d":0.222221375,"p":55,"v":64}],"pos":5.875,"size":1.0,"_time":65.109375},{"$id":"229","sounds":[{"d":0.222221375,"p":60,"v":64}],"pos":6.5,"size":1.0,"_time":65.33203},{"$id":"230","sounds":[{"d":0.222221375,"p":65,"v":64}],"pos":7.125,"size":1.0,"_time":65.55469},{"$id":"231","sounds":[{"d":0.222221375,"p":45,"v":64}],"pos":0.5,"size":1.30000007,"_time":65.77734},{"$id":"232","sounds":[{"d":0.222221375,"p":52,"v":64}],"pos":5.5,"size":1.0,"_time":66.0},{"$id":"233","sounds":[{"d":0.222221375,"p":60,"v":64}],"pos":6.5,"size":1.0,"_time":66.22266},{"$id":"234","sounds":[{"d":0.222221375,"p":67,"v":64}],"pos":7.375,"size":1.0,"_time":66.44531},{"$id":"235","sounds":[{"d":0.222221375,"p":38,"v":64}],"pos":-1.5,"size":1.30000007,"_time":66.66797},{"$id":"236","sounds":[{"d":0.222221375,"p":53,"v":64}],"pos":5.625,"size":1.0,"_time":66.890625},{"$id":"237","sounds":[{"d":0.222221375,"p":57,"v":64}],"pos":6.125,"size":1.0,"_time":67.109375},{"$id":"238","sounds":[{"d":0.222221375,"p":65,"v":64}],"pos":7.125,"size":1.0,"_time":67.33203},{"$id":"239","sounds":[{"d":0.222221375,"p":43,"v":64}],"pos":-1.5,"size":1.30000007,"_time":67.55469},{"$id":"240","sounds":[{"d":0.222221375,"p":50,"v":64}],"pos":5.25,"size":1.0,"_time":67.77734},{"$id":"241","sounds":[{"d":0.222221375,"p":58,"v":64}],"pos":6.25,"size":1.0,"_time":68.0},{"$id":"242","sounds":[{"d":0.222221375,"p":65,"v":64}],"pos":7.125,"size":1.0,"_time":68.22266},{"$id":"243","sounds":[{"d":0.222221375,"p":45,"v":64}],"pos":-0.5,"size":1.30000007,"_time":68.44531},{"$id":"244","sounds":[{"d":0.222221375,"p":55,"v":64}],"pos":5.875,"size":1.0,"_time":68.66797},{"$id":"245","sounds":[{"d":0.222221375,"p":60,"v":64}],"pos":6.5,"size":1.0,"_time":68.890625},{"$id":"246","sounds":[{"d":0.222221375,"p":64,"v":64}],"pos":7.0,"size":1.0,"_time":69.109375},{"$id":"247","sounds":[{"d":0.222221375,"p":50,"v":64}],"pos":0.5,"size":1.30000007,"_time":69.33203},{"$id":"248","sounds":[{"d":0.222221375,"p":57,"v":64}],"pos":6.125,"size":1.0,"_time":69.55469},{"$id":"249","sounds":[{"d":0.222221375,"p":62,"v":64}],"pos":6.75,"size":1.0,"_time":69.77734},{"$id":"250","sounds":[{"d":0.222221375,"p":49,"v":64}],"pos":5.125,"size":1.0,"_time":70.0},{"$id":"251","sounds":[{"d":0.222221375,"p":65,"v":64}],"pos":7.125,"size":1.0,"_time":70.0},{"$id":"252","sounds":[{"d":0.222221375,"p":48,"v":64}],"pos":5.0,"size":1.0,"_time":70.22266},{"$id":"253","sounds":[{"d":0.222221375,"p":67,"v":64}],"pos":1.5,"size":1.0,"_time":70.22266},{"$id":"254","sounds":[{"d":0.222221375,"p":51,"v":64}],"pos":5.375,"size":1.0,"_time":70.44531},{"$id":"255","sounds":[{"d":0.222221375,"p":65,"v":64}],"pos":0.5,"size":1.0,"_time":70.66797},{"$id":"256","sounds":[{"d":0.222221375,"p":53,"v":64}],"pos":5.625,"size":1.0,"_time":70.66797},{"$id":"257","sounds":[{"d":0.148147583,"p":60,"v":64}],"pos":6.5,"size":1.0,"_time":70.890625},{"$id":"258","sounds":[{"d":0.148147583,"p":72,"v":75}],"pos":8.0,"size":1.0,"_time":70.890625},{"$id":"259","sounds":[{"d":0.07407379,"p":74,"v":75}],"pos":8.25,"size":1.0,"_time":71.03516},{"$id":"260","sounds":[{"d":0.222221375,"p":43,"v":64}],"pos":-0.5,"size":1.30000007,"_time":71.109375},{"$id":"261","sounds":[{"d":0.222221375,"p":76,"v":127}],"pos":8.5,"size":1.0,"_time":71.109375},{"$id":"262","sounds":[{"d":0.222221375,"p":50,"v":64}],"pos":5.25,"size":1.0,"_time":71.33203},{"$id":"263","sounds":[{"d":0.222221375,"p":58,"v":64}],"pos":6.25,"size":1.0,"_time":71.55469},{"$id":"264","sounds":[{"d":0.222221375,"p":77,"v":127}],"pos":8.625,"size":1.0,"_time":71.55469},{"$id":"265","sounds":[{"d":0.222221375,"p":65,"v":64}],"pos":7.125,"size":1.0,"_time":71.77734},{"$id":"266","sounds":[{"d":0.222221375,"p":48,"v":64}],"pos":1.5,"size":1.30000007,"_time":72.0},{"$id":"267","sounds":[{"d":0.222221375,"p":76,"v":127}],"pos":8.5,"size":1.0,"_time":72.0},{"$id":"268","sounds":[{"d":0.222221375,"p":55,"v":64}],"pos":5.875,"size":1.0,"_time":72.22266},{"$id":"269","sounds":[{"d":0.222221375,"p":60,"v":64}],"pos":6.5,"size":1.0,"_time":72.44531},{"$id":"270","sounds":[{"d":0.222221375,"p":72,"v":127}],"pos":8.0,"size":1.0,"_time":72.44531},{"$id":"271","sounds":[{"d":0.222221375,"p":65,"v":64}],"pos":7.125,"size":1.0,"_time":72.66797},{"$id":"272","sounds":[{"d":0.222221375,"p":45,"v":64}],"pos":0.5,"size":1.30000007,"_time":72.890625},{"$id":"273","sounds":[{"d":0.222221375,"p":82,"v":127}],"pos":9.25,"size":1.0,"_time":72.890625},{"$id":"274","sounds":[{"d":0.222221375,"p":52,"v":64}],"pos":5.5,"size":1.0,"_time":73.109375},{"$id":"275","sounds":[{"d":0.222221375,"p":60,"v":64}],"pos":6.5,"size":1.0,"_time":73.33203},{"$id":"276","sounds":[{"d":0.222221375,"p":81,"v":127}],"pos":9.125,"size":1.0,"_time":73.33203},{"$id":"277","sounds":[{"d":0.222221375,"p":67,"v":64}],"pos":7.375,"size":1.0,"_time":73.55469},{"$id":"278","sounds":[{"d":0.222221375,"p":38,"v":64}],"pos":-1.5,"size":1.30000007,"_time":73.77734},{"$id":"279","sounds":[{"d":0.222221375,"p":79,"v":127}],"pos":8.875,"size":1.0,"_time":73.77734},{"$id":"280","sounds":[{"d":0.222221375,"p":53,"v":64}],"pos":5.625,"size":1.0,"_time":74.0},{"$id":"281","sounds":[{"d":0.222221375,"p":57,"v":64}],"pos":6.125,"size":1.0,"_time":74.22266},{"$id":"282","sounds":[{"d":0.222221375,"p":77,"v":127}],"pos":8.625,"size":1.0,"_time":74.22266},{"$id":"283","sounds":[{"d":0.222221375,"p":65,"v":64}],"pos":7.125,"size":1.0,"_time":74.44531},{"$id":"284","sounds":[{"d":0.222221375,"p":43,"v":64}],"pos":-1.5,"size":1.30000007,"_time":74.66797},{"$id":"285","sounds":[{"d":0.222221375,"p":76,"v":127}],"pos":8.5,"size":1.0,"_time":74.66797},{"$id":"286","sounds":[{"d":0.222221375,"p":50,"v":64}],"pos":5.25,"size":1.0,"_time":74.890625},{"$id":"287","sounds":[{"d":0.222221375,"p":58,"v":64}],"pos":6.25,"size":1.0,"_time":75.109375},{"$id":"288","sounds":[{"d":0.222221375,"p":77,"v":127}],"pos":8.625,"size":1.0,"_time":75.109375},{"$id":"289","sounds":[{"d":0.222221375,"p":65,"v":64}],"pos":7.125,"size":1.0,"_time":75.33203},{"$id":"290","sounds":[{"d":0.222221375,"p":45,"v":64}],"pos":-0.5,"size":1.30000007,"_time":75.55469},{"$id":"291","sounds":[{"d":0.222221375,"p":76,"v":127}],"pos":8.5,"size":1.0,"_time":75.55469},{"$id":"292","sounds":[{"d":0.222221375,"p":55,"v":64}],"pos":5.875,"size":1.0,"_time":75.77734},{"$id":"293","sounds":[{"d":0.222221375,"p":60,"v":64}],"pos":6.5,"size":1.0,"_time":76.0},{"$id":"294","sounds":[{"d":0.222221375,"p":72,"v":127}],"pos":8.0,"size":1.0,"_time":76.0},{"$id":"295","sounds":[{"d":0.222221375,"p":64,"v":64}],"pos":7.0,"size":1.0,"_time":76.22266},{"$id":"296","sounds":[{"d":0.222221375,"p":50,"v":64}],"pos":0.5,"size":1.30000007,"_time":76.44531},{"$id":"297","sounds":[{"d":0.222221375,"p":77,"v":127}],"pos":8.625,"size":1.0,"_time":76.44531},{"$id":"298","sounds":[{"d":0.222221375,"p":57,"v":64}],"pos":6.125,"size":1.0,"_time":76.66797},{"$id":"299","sounds":[{"d":0.222221375,"p":62,"v":64}],"pos":6.75,"size":1.0,"_time":76.890625},{"$id":"300","sounds":[{"d":0.222221375,"p":84,"v":127}],"pos":9.5,"size":1.0,"_time":76.890625},{"$id":"301","sounds":[{"d":0.222221375,"p":49,"v":64}],"pos":5.125,"size":1.0,"_time":77.109375},{"$id":"302","sounds":[{"d":0.222221375,"p":65,"v":64}],"pos":7.125,"size":1.0,"_time":77.109375},{"$id":"303","sounds":[{"d":0.222221375,"p":48,"v":64}],"pos":5.0,"size":1.0,"_time":77.33203},{"$id":"304","sounds":[{"d":0.222221375,"p":67,"v":64}],"pos":1.5,"size":1.0,"_time":77.33203},{"$id":"305","sounds":[{"d":0.222221375,"p":82,"v":127}],"pos":10.0,"size":1.0,"_time":77.33203},{"$id":"306","sounds":[{"d":0.222221375,"p":51,"v":64}],"pos":5.375,"size":1.0,"_time":77.55469},{"$id":"307","sounds":[{"d":0.222221375,"p":53,"v":64}],"pos":5.625,"size":1.0,"_time":77.77734},{"$id":"308","sounds":[{"d":0.222221375,"p":65,"v":64}],"pos":0.5,"size":1.0,"_time":77.77734},{"$id":"309","sounds":[{"d":0.222221375,"p":81,"v":127}],"pos":9.0,"size":1.0,"_time":77.77734},{"$id":"310","sounds":[{"d":0.222221375,"p":60,"v":64}],"pos":6.5,"size":1.0,"_time":78.0},{"$id":"311","sounds":[{"d":0.222221375,"p":43,"v":64}],"pos":-0.5,"size":1.30000007,"_time":78.22266},{"$id":"312","sounds":[{"d":0.222221375,"p":76,"v":127}],"pos":8.5,"size":1.0,"_time":78.22266},{"$id":"313","sounds":[{"d":0.222221375,"p":50,"v":64}],"pos":5.25,"size":1.0,"_time":78.44531},{"$id":"314","sounds":[{"d":0.222221375,"p":58,"v":64}],"pos":6.25,"size":1.0,"_time":78.66797},{"$id":"315","sounds":[{"d":0.222221375,"p":77,"v":127}],"pos":8.625,"size":1.0,"_time":78.66797},{"$id":"316","sounds":[{"d":0.222221375,"p":65,"v":64}],"pos":7.125,"size":1.0,"_time":78.890625},{"$id":"317","sounds":[{"d":0.222221375,"p":48,"v":64}],"pos":1.5,"size":1.30000007,"_time":79.109375},{"$id":"318","sounds":[{"d":0.222221375,"p":76,"v":127}],"pos":8.5,"size":1.0,"_time":79.109375},{"$id":"319","sounds":[{"d":0.222221375,"p":55,"v":64}],"pos":5.875,"size":1.0,"_time":79.33203},{"$id":"320","sounds":[{"d":0.222221375,"p":60,"v":64}],"pos":6.5,"size":1.0,"_time":79.55469},{"$id":"321","sounds":[{"d":0.222221375,"p":72,"v":127}],"pos":8.0,"size":1.0,"_time":79.55469},{"$id":"322","sounds":[{"d":0.222221375,"p":65,"v":64}],"pos":7.125,"size":1.0,"_time":79.77734},{"$id":"323","sounds":[{"d":0.222221375,"p":45,"v":64}],"pos":0.5,"size":1.30000007,"_time":80.0},{"$id":"324","sounds":[{"d":0.222221375,"p":82,"v":127}],"pos":9.25,"size":1.0,"_time":80.0},{"$id":"325","sounds":[{"d":0.222221375,"p":52,"v":64}],"pos":5.5,"size":1.0,"_time":80.22266},{"$id":"326","sounds":[{"d":0.222221375,"p":60,"v":64}],"pos":6.5,"size":1.0,"_time":80.44531},{"$id":"327","sounds":[{"d":0.222221375,"p":81,"v":127}],"pos":9.125,"size":1.0,"_time":80.44531},{"$id":"328","sounds":[{"d":0.222221375,"p":67,"v":64}],"pos":7.375,"size":1.0,"_time":80.66797},{"$id":"329","sounds":[{"d":0.222221375,"p":38,"v":64}],"pos":-1.5,"size":1.30000007,"_time":80.890625},{"$id":"330","sounds":[{"d":0.222221375,"p":79,"v":127}],"pos":8.875,"size":1.0,"_time":80.890625},{"$id":"331","sounds":[{"d":0.222221375,"p":53,"v":64}],"pos":5.625,"size":1.0,"_time":81.109375},{"$id":"332","sounds":[{"d":0.222221375,"p":57,"v":64}],"pos":6.125,"size":1.0,"_time":81.33203},{"$id":"333","sounds":[{"d":0.222221375,"p":77,"v":127}],"pos":8.625,"size":1.0,"_time":81.33203},{"$id":"334","sounds":[{"d":0.222221375,"p":65,"v":64}],"pos":7.125,"size":1.0,"_time":81.55469},{"$id":"335","sounds":[{"d":0.222221375,"p":43,"v":64}],"pos":-1.5,"size":1.30000007,"_time":81.77734},{"$id":"336","sounds":[{"d":0.222221375,"p":76,"v":127}],"pos":8.5,"size":1.0,"_time":81.77734},{"$id":"337","sounds":[{"d":0.222221375,"p":50,"v":64}],"pos":5.25,"size":1.0,"_time":82.0},{"$id":"338","sounds":[{"d":0.222221375,"p":58,"v":64}],"pos":6.25,"size":1.0,"_time":82.22266},{"$id":"339","sounds":[{"d":0.222221375,"p":77,"v":127}],"pos":8.625,"size":1.0,"_time":82.22266},{"$id":"340","sounds":[{"d":0.222221375,"p":65,"v":64}],"pos":7.125,"size":1.0,"_time":82.44531},{"$id":"341","sounds":[{"d":0.222221375,"p":45,"v":64}],"pos":-0.5,"size":1.30000007,"_time":82.66797},{"$id":"342","sounds":[{"d":0.222221375,"p":76,"v":127}],"pos":8.5,"size":1.0,"_time":82.66797},{"$id":"343","sounds":[{"d":0.222221375,"p":55,"v":64}],"pos":5.875,"size":1.0,"_time":82.890625},{"$id":"344","sounds":[{"d":0.222221375,"p":60,"v":64}],"pos":6.5,"size":1.0,"_time":83.109375},{"$id":"345","sounds":[{"d":0.222221375,"p":72,"v":127}],"pos":8.0,"size":1.0,"_time":83.109375},{"$id":"346","sounds":[{"d":0.222221375,"p":64,"v":64}],"pos":7.0,"size":1.0,"_time":83.33203},{"$id":"347","sounds":[{"d":0.222221375,"p":50,"v":64}],"pos":0.5,"size":1.30000007,"_time":83.55469},{"$id":"348","sounds":[{"d":0.222221375,"p":89,"v":127}],"pos":10.125,"size":1.0,"_time":83.55469},{"$id":"349","sounds":[{"d":0.222221375,"p":57,"v":64}],"pos":6.125,"size":1.0,"_time":83.77734},{"$id":"350","sounds":[{"d":0.222221375,"p":62,"v":64}],"pos":6.75,"size":1.0,"_time":84.0},{"$id":"351","sounds":[{"d":0.222221375,"p":84,"v":127}],"pos":9.5,"size":1.0,"_time":84.0},{"$id":"352","sounds":[{"d":0.222221375,"p":49,"v":64}],"pos":5.125,"size":1.0,"_time":84.22266},{"$id":"353","sounds":[{"d":0.222221375,"p":65,"v":64}],"pos":7.125,"size":1.0,"_time":84.22266},{"$id":"354","sounds":[{"d":0.222221375,"p":48,"v":64}],"pos":5.0,"size":1.0,"_time":84.44531},{"$id":"355","sounds":[{"d":0.222221375,"p":67,"v":64}],"pos":1.5,"size":1.0,"_time":84.44531},{"$id":"356","sounds":[{"d":0.222221375,"p":91,"v":127}],"pos":10.375,"size":1.0,"_time":84.44531},{"$id":"357","sounds":[{"d":0.222221375,"p":51,"v":64}],"pos":5.375,"size":1.0,"_time":84.66797},{"$id":"358","sounds":[{"d":0.222221375,"p":53,"v":64}],"pos":5.625,"size":1.0,"_time":84.890625},{"$id":"359","sounds":[{"d":0.222221375,"p":65,"v":64}],"pos":0.5,"size":1.0,"_time":84.890625},{"$id":"360","sounds":[{"d":0.222221375,"p":89,"v":127}],"pos":10.125,"size":1.0,"_time":84.890625},{"$id":"361","sounds":[{"d":57.1110535,"p":60,"v":64}],"pos":6.5,"size":1.0,"_time":85.109375},{"$id":"362","pos":1.5,"size":0.6999999,"_time":85.55469},{"$id":"363","pos":0.5,"size":0.6999999,"_time":86.22266},{"$id":"364","pos":-0.5,"size":0.6999999,"_time":86.890625},{"$id":"365","pos":-1.5,"size":0.6999999,"_time":87.55469},{"$id":"366","pos":4.0,"size":0.6999999,"_time":87.77734},{"$id":"367","pos":-0.5,"size":0.6999999,"_time":88.22266},{"$id":"368","pos":-0.5,"size":0.6999999,"_time":88.66797},{"$id":"369","pos":1.5,"size":0.6999999,"_time":89.109375},{"$id":"370","pos":0.5,"size":0.6999999,"_time":89.77734},{"$id":"371","pos":-0.5,"size":0.6999999,"_time":90.44531},{"$id":"372","pos":-1.5,"size":0.6999999,"_time":91.109375},{"$id":"373","pos":0.5,"size":0.6999999,"_time":91.55469},{"$id":"374","pos":4.0,"size":1.0,"_time":91.77734},{"$id":"375","pos":0.5,"size":0.6999999,"_time":92.0},{"$id":"376","pos":4.0,"size":1.0,"_time":92.22266},{"$id":"377","pos":1.5,"size":0.6999999,"_time":92.66797},{"$id":"378","pos":0.5,"size":0.6999999,"_time":93.33203},{"$id":"379","pos":-0.5,"size":0.6999999,"_time":94.0},{"$id":"380","pos":-1.5,"size":0.6999999,"_time":94.66797},{"$id":"381","pos":5.0,"size":0.6999999,"_time":94.890625},{"$id":"382","pos":-0.5,"size":0.6999999,"_time":95.33203},{"$id":"383","pos":-0.5,"size":0.6999999,"_time":95.77734},{"$id":"384","pos":1.5,"size":0.6999999,"_time":96.22266},{"$id":"385","pos":0.5,"size":0.6999999,"_time":96.890625},{"$id":"386","pos":-0.5,"size":0.6999999,"_time":97.55469},{"$id":"387","pos":4.0,"size":1.0,"_time":97.77734},{"$id":"388","pos":4.0,"size":1.0,"_time":98.0},{"$id":"389","pos":-1.5,"size":0.6999999,"_time":98.22266},{"$id":"390","pos":4.0,"size":1.0,"_time":98.44531},{"$id":"391","pos":1.5,"size":0.6999999,"_time":98.66797},{"$id":"392","sounds":[{"d":0.148147583,"p":81,"v":96}],"pos":9.125,"size":1.0,"_time":99.109375},{"$id":"393","sounds":[{"d":0.148147583,"p":69,"v":60}],"pos":7.625,"size":1.0,"_time":99.109375},{"$id":"394","sounds":[{"d":0.07407379,"p":82,"v":96}],"pos":9.25,"size":1.0,"_time":99.25781},{"$id":"395","sounds":[{"d":0.07407379,"p":70,"v":62}],"pos":7.75,"size":1.0,"_time":99.25781},{"$id":"396","sounds":[{"d":0.148147583,"p":84,"v":96}],"pos":9.5,"size":1.0,"_time":99.33203},{"$id":"397","sounds":[{"d":0.148147583,"p":72,"v":62}],"pos":8.0,"size":1.0,"_time":99.33203},{"$id":"398","sounds":[{"d":0.07407379,"p":86,"v":96}],"pos":9.75,"size":1.0,"_time":99.48047},{"$id":"399","sounds":[{"d":0.07407379,"p":74,"v":62}],"pos":8.25,"size":1.0,"_time":99.48047},{"$id":"400","sounds":[{"d":0.444442749,"p":76,"v":68},{"d":0.444442749,"p":88,"v":87}],"pos":-0.5,"size":1.0,"_time":99.55469},{"$id":"401","sounds":[{"d":0.444442749,"p":77,"v":68},{"d":0.444442749,"p":89,"v":87}],"pos":0.5,"size":1.0,"_time":100.0},{"$id":"402","sounds":[{"d":0.444442749,"p":88,"v":87},{"d":0.444442749,"p":76,"v":69}],"pos":-0.5,"size":1.0,"_time":100.445313},{"$id":"403","sounds":[{"d":0.444442749,"p":84,"v":87},{"d":0.444442749,"p":72,"v":69}],"pos":-1.5,"size":1.0,"_time":100.890625},{"$id":"404","sounds":[{"d":0.444442749,"p":94,"v":87},{"d":0.444442749,"p":82,"v":70}],"pos":1.5,"size":1.0,"_time":101.332031},{"$id":"405","sounds":[{"d":0.444442749,"p":81,"v":70},{"d":0.444442749,"p":93,"v":88}],"pos":0.5,"size":1.0,"_time":101.777344},{"$id":"406","sounds":[{"d":0.444442749,"p":91,"v":88},{"d":0.444442749,"p":79,"v":71}],"pos":-0.5,"size":1.0,"_time":102.222656},{"$id":"407","sounds":[{"d":0.444442749,"p":77,"v":71},{"d":0.444442749,"p":89,"v":88}],"pos":-1.5,"size":1.0,"_time":102.667969},{"$id":"408","sounds":[{"d":0.444442749,"p":88,"v":88},{"d":0.444442749,"p":76,"v":72}],"pos":-0.5,"size":1.0,"_time":103.109375},{"$id":"409","sounds":[{"d":0.444442749,"p":77,"v":72},{"d":0.444442749,"p":89,"v":88}],"pos":0.5,"size":1.0,"_time":103.554688},{"$id":"410","sounds":[{"d":0.444442749,"p":88,"v":88},{"d":0.444442749,"p":76,"v":73}],"pos":-0.5,"size":1.0,"_time":104.0},{"$id":"411","sounds":[{"d":0.444442749,"p":84,"v":88},{"d":0.444442749,"p":72,"v":73}],"pos":-1.5,"size":1.0,"_time":104.445313},{"$id":"412","sounds":[{"d":0.444442749,"p":89,"v":88},{"d":0.444442749,"p":77,"v":73}],"pos":-0.5,"size":1.0,"_time":104.890625},{"$id":"413","sounds":[{"d":0.444442749,"p":84,"v":73},{"d":0.444442749,"p":96,"v":88}],"pos":1.5,"size":1.0,"_time":105.332031},{"$id":"414","sounds":[{"d":0.222221375,"p":82,"v":73},{"d":0.222221375,"p":94,"v":88}],"pos":2.0,"size":1.0,"_time":105.777344},{"$id":"415","sounds":[{"d":0.222221375,"p":81,"v":74},{"d":0.222221375,"p":93,"v":88}],"pos":1.5,"size":1.0,"_time":106.0},{"$id":"416","sounds":[{"d":0.222221375,"p":79,"v":74},{"d":0.222221375,"p":91,"v":88}],"pos":1.0,"size":1.0,"_time":106.222656},{"$id":"417","sounds":[{"d":0.222221375,"p":77,"v":74},{"d":0.222221375,"p":89,"v":88}],"pos":0.5,"size":1.0,"_time":106.445313},{"$id":"418","sounds":[{"d":0.444442749,"p":88,"v":91},{"d":0.444442749,"p":76,"v":73}],"pos":-0.5,"size":1.0,"_time":106.667969},{"$id":"419","sounds":[{"d":0.444442749,"p":89,"v":91},{"d":0.444442749,"p":77,"v":73}],"pos":0.5,"size":1.0,"_time":107.109375},{"$id":"420","sounds":[{"d":0.444442749,"p":76,"v":73},{"d":0.444442749,"p":88,"v":91}],"pos":-0.5,"size":1.0,"_time":107.554688},{"$id":"421","sounds":[{"d":0.444442749,"p":84,"v":91},{"d":0.444442749,"p":72,"v":73}],"pos":-1.5,"size":1.0,"_time":108.0},{"$id":"422","sounds":[{"d":0.444442749,"p":94,"v":91},{"d":0.444442749,"p":82,"v":73}],"pos":1.5,"size":1.0,"_time":108.445313},{"$id":"423","sounds":[{"d":0.444442749,"p":93,"v":92},{"d":0.444442749,"p":81,"v":73}],"pos":0.5,"size":1.0,"_time":108.890625},{"$id":"424","sounds":[{"d":0.444442749,"p":79,"v":73},{"d":0.444442749,"p":91,"v":92}],"pos":-0.5,"size":1.0,"_time":109.332031},{"$id":"425","sounds":[{"d":0.444442749,"p":77,"v":73},{"d":0.444442749,"p":89,"v":92}],"pos":-1.5,"size":1.0,"_time":109.777344},{"$id":"426","sounds":[{"d":0.444442749,"p":88,"v":92},{"d":0.444442749,"p":76,"v":72}],"pos":0.5,"size":1.0,"_time":110.222656},{"$id":"427","sounds":[{"d":0.3888855,"p":84,"v":92},{"d":0.3888855,"p":72,"v":72}],"pos":-0.5,"size":1.0,"_time":110.667969},{"$id":"428","sounds":[{"d":0.05555725,"p":95,"v":92},{"d":0.05555725,"p":83,"v":72}],"pos":1.0,"size":1.0,"_time":111.054688},{"$id":"429","sounds":[{"d":0.444442749,"p":96,"v":92},{"d":0.444442749,"p":84,"v":72}],"pos":1.5,"size":1.0,"_time":111.109375},{"$id":"430","sounds":[{"d":0.444442749,"p":91,"v":92},{"d":0.444442749,"p":79,"v":72}],"pos":0.5,"size":1.0,"_time":111.554688},{"$id":"431","sounds":[{"d":0.444442749,"p":89,"v":92},{"d":0.444442749,"p":77,"v":72}],"pos":-0.5,"size":1.0,"_time":112.0},{"$id":"432","sounds":[{"d":0.444442749,"p":88,"v":92},{"d":0.444442749,"p":76,"v":72}],"pos":-1.5,"size":1.0,"_time":112.445313},{"$id":"433","sounds":[{"d":0.444442749,"p":89,"v":92},{"d":0.444442749,"p":77,"v":72}],"pos":-0.5,"size":1.0,"_time":112.890625},{"$id":"434","sounds":[{"d":0.0277786255,"p":101,"v":88}],"pos":11.625,"size":1.0,"_time":113.332031},{"$id":"435","sounds":[{"d":0.0277786255,"p":100,"v":89}],"pos":11.5,"size":1.0,"_time":113.359375},{"$id":"436","sounds":[{"d":0.0277786255,"p":98,"v":89}],"pos":11.25,"size":1.0,"_time":113.390625},{"$id":"437","sounds":[{"d":0.0277786255,"p":96,"v":90}],"pos":11.0,"size":1.0,"_time":113.417969},{"$id":"438","sounds":[{"d":0.0277786255,"p":95,"v":90}],"pos":10.875,"size":1.0,"_time":113.445313},{"$id":"439","sounds":[{"d":0.0277786255,"p":93,"v":91}],"pos":10.625,"size":1.0,"_time":113.472656},{"$id":"440","sounds":[{"d":0.0277786255,"p":91,"v":91}],"pos":10.375,"size":1.0,"_time":113.5},{"$id":"441","sounds":[{"d":0.0277786255,"p":89,"v":92}],"pos":10.125,"size":1.0,"_time":113.527344},{"$id":"442","sounds":[{"d":0.0277786255,"p":88,"v":93}],"pos":10.0,"size":1.0,"_time":113.554688},{"$id":"443","sounds":[{"d":0.0277786255,"p":86,"v":93}],"pos":9.75,"size":1.0,"_time":113.582031},{"$id":"444","sounds":[{"d":0.0277786255,"p":84,"v":93}],"pos":9.5,"size":1.0,"_time":113.609375},{"$id":"445","sounds":[{"d":0.0277786255,"p":83,"v":93}],"pos":9.375,"size":1.0,"_time":113.640625},{"$id":"446","sounds":[{"d":0.0277786255,"p":81,"v":93}],"pos":9.125,"size":1.0,"_time":113.667969},{"$id":"447","sounds":[{"d":0.0277786255,"p":79,"v":93}],"pos":8.875,"size":1.0,"_time":113.695313},{"$id":"448","sounds":[{"d":0.0277786255,"p":77,"v":93}],"pos":8.625,"size":1.0,"_time":113.722656},{"$id":"449","sounds":[{"d":0.0277786255,"p":76,"v":93}],"pos":8.5,"size":1.0,"_time":113.75},{"$id":"450","sounds":[{"d":0.6666641,"p":84,"v":112}],"pos":0.5,"size":1.0,"_time":113.777344},{"$id":"451","sounds":[{"d":0.222221375,"p":77,"v":117}],"pos":8.625,"size":1.0,"_time":114.445313},{"$id":"452","sounds":[{"d":0.148147583,"p":84,"v":117}],"pos":0.5,"size":1.0,"_time":114.667969},{"$id":"453","sounds":[{"d":0.222221375,"p":82,"v":117}],"pos":9.25,"size":1.0,"_time":114.816406},{"$id":"454","sounds":[{"d":0.222221375,"p":81,"v":117}],"pos":-0.5,"size":1.0,"_time":115.035156},{"$id":"455","sounds":[{"d":0.231483459,"p":77,"v":117}],"pos":8.625,"size":1.0,"_time":115.257813},{"$id":"456","sounds":[{"d":0.06481171,"p":83,"v":117}],"size":1.0,"_time":115.492188},{"$id":"457","sounds":[{"d":0.6666641,"p":84,"v":117}],"pos":0.5,"size":1.0,"_time":115.554688},{"$id":"458","sounds":[{"d":0.222221375,"p":77,"v":117}],"pos":8.625,"size":1.0,"_time":116.222656},{"$id":"459","sounds":[{"d":0.148147583,"p":88,"v":117}],"pos":1.5,"size":1.0,"_time":116.445313},{"$id":"460","sounds":[{"d":0.222221375,"p":89,"v":117}],"pos":10.125,"size":1.0,"_time":116.59375},{"$id":"461","sounds":[{"d":0.222221375,"p":88,"v":117}],"pos":1.5,"size":1.0,"_time":116.816406},{"$id":"462","sounds":[{"d":0.518516541,"p":84,"v":117}],"pos":9.5,"size":1.0,"_time":117.035156},{"$id":"463","sounds":[{"d":0.222221375,"p":77,"v":117}],"pos":8.625,"size":1.0,"_time":117.554688},{"$id":"464","sounds":[{"d":0.222221375,"p":76,"v":117}],"pos":-1.5,"size":1.0,"_time":117.777344},{"$id":"465","sounds":[{"d":0.222221375,"p":77,"v":117}],"pos":8.625,"size":1.0,"_time":118.0},{"$id":"466","sounds":[{"d":0.148147583,"p":86,"v":117}],"pos":1.5,"size":1.0,"_time":118.222656},{"$id":"467","sounds":[{"d":0.222221375,"p":84,"v":117}],"pos":9.5,"size":1.0,"_time":118.371094},{"$id":"468","sounds":[{"d":0.222221375,"p":82,"v":117}],"pos":5.5,"size":1.0,"_time":118.59375},{"$id":"469","sounds":[{"d":0.07407379,"p":79,"v":117}],"pos":8.875,"size":1.0,"_time":118.816406},{"$id":"470","sounds":[{"d":0.148147583,"p":81,"v":117}],"pos":9.125,"size":1.0,"_time":118.886719},{"$id":"471","sounds":[{"d":0.07407379,"p":82,"v":117}],"pos":9.25,"size":1.0,"_time":119.035156},{"$id":"472","sounds":[{"d":1.77777863,"p":84,"v":117}],"pos":-0.5,"size":1.0,"_time":119.109375},{"$id":"473","sounds":[{"d":0.6666641,"p":84,"v":117}],"pos":0.5,"size":1.0,"_time":120.886719},{"$id":"474","sounds":[{"d":0.222221375,"p":77,"v":117}],"pos":8.625,"size":1.0,"_time":121.554688},{"$id":"475","sounds":[{"d":0.148147583,"p":84,"v":117}],"pos":0.5,"size":1.0,"_time":121.777344},{"$id":"476","sounds":[{"d":0.222221375,"p":82,"v":117}],"pos":9.25,"size":1.0,"_time":121.925781},{"$id":"477","sounds":[{"d":0.222221375,"p":81,"v":117}],"pos":-0.5,"size":1.0,"_time":122.148438},{"$id":"478","sounds":[{"d":0.231483459,"p":77,"v":117}],"pos":8.625,"size":1.0,"_time":122.371094},{"$id":"479","sounds":[{"d":0.06481171,"p":83,"v":117}],"pos":9.375,"size":1.0,"_time":122.601563},{"$id":"480","sounds":[{"d":0.6666641,"p":84,"v":117}],"pos":0.5,"size":1.0,"_time":122.667969},{"$id":"481","sounds":[{"d":0.222221375,"p":77,"v":117}],"pos":8.625,"size":1.0,"_time":123.332031},{"$id":"482","sounds":[{"d":0.148147583,"p":88,"v":116}],"pos":1.5,"size":1.0,"_time":123.554688},{"$id":"483","sounds":[{"d":0.222221375,"p":89,"v":116}],"pos":10.125,"size":1.0,"_time":123.703125},{"$id":"484","sounds":[{"d":0.222221375,"p":88,"v":116}],"pos":1.5,"size":1.0,"_time":123.925781},{"$id":"485","sounds":[{"d":0.518516541,"p":84,"v":116}],"pos":9.5,"size":1.0,"_time":124.148438},{"$id":"486","sounds":[{"d":0.222221375,"p":77,"v":116}],"pos":8.625,"size":1.0,"_time":124.667969},{"$id":"487","sounds":[{"d":0.222221375,"p":76,"v":116}],"pos":-1.5,"size":1.0,"_time":124.886719},{"$id":"488","sounds":[{"d":0.222221375,"p":77,"v":116}],"pos":8.625,"size":1.0,"_time":125.109375},{"$id":"489","sounds":[{"d":0.148147583,"p":86,"v":116}],"pos":1.5,"size":1.0,"_time":125.332031},{"$id":"490","sounds":[{"d":0.222221375,"p":84,"v":116}],"pos":9.5,"size":1.0,"_time":125.480469},{"$id":"491","sounds":[{"d":0.222221375,"p":82,"v":116}],"pos":9.25,"size":1.0,"_time":125.703125},{"$id":"492","sounds":[{"d":0.07407379,"p":79,"v":116}],"pos":8.875,"size":1.0,"_time":125.925781},{"$id":"493","sounds":[{"d":0.148147583,"p":81,"v":116}],"pos":9.125,"size":1.0,"_time":126.0},{"$id":"494","sounds":[{"d":0.07407379,"p":82,"v":116}],"pos":9.25,"size":1.0,"_time":126.148438},{"$id":"495","sounds":[{"d":0.370368958,"p":81,"v":116}],"pos":-1.5,"size":1.0,"_time":126.222656},{"$id":"496","sounds":[{"d":0.296295166,"p":79,"v":116}],"pos":8.875,"size":1.0,"_time":126.59375},{"$id":"497","sounds":[{"d":0.444442749,"p":78,"v":116}],"pos":-1.5,"size":1.0,"_time":126.886719},{"$id":"498","sounds":[{"d":0.222221375,"p":72,"v":116}],"pos":8.0,"size":1.0,"_time":127.332031},{"$id":"499","sounds":[{"d":0.148147583,"p":77,"v":116}],"pos":8.625,"size":1.0,"_time":127.554688},{"$id":"500","sounds":[{"d":0.07407379,"p":79,"v":116}],"pos":8.875,"size":1.0,"_time":127.703125},{"$id":"501","sounds":[{"d":0.148147583,"p":81,"v":116}],"pos":9.125,"size":1.0,"_time":127.777344},{"$id":"502","sounds":[{"d":0.07407379,"p":82,"v":116}],"pos":9.25,"size":1.0,"_time":127.925781},{"$id":"503","sounds":[{"d":0.6666641,"p":84,"v":116}],"pos":0.5,"size":1.0,"_time":128.0},{"$id":"504","sounds":[{"d":0.222229,"p":77,"v":116}],"pos":8.625,"size":1.0,"_time":128.667969},{"$id":"505","sounds":[{"d":0.148147583,"p":84,"v":116}],"pos":0.5,"size":1.0,"_time":128.886719},{"$id":"506","sounds":[{"d":0.222229,"p":82,"v":116}],"pos":9.25,"size":1.0,"_time":129.035156},{"$id":"507","sounds":[{"d":0.222229,"p":81,"v":116}],"pos":-0.5,"size":1.0,"_time":129.257813},{"$id":"508","sounds":[{"d":0.23147583,"p":77,"v":116}],"pos":8.625,"size":1.0,"_time":129.480469},{"$id":"509","sounds":[{"d":0.0648193359,"p":83,"v":116}],"pos":9.375,"size":1.0,"_time":129.710938},{"$id":"510","sounds":[{"d":0.666671753,"p":84,"v":116}],"pos":0.5,"size":1.0,"_time":129.777344},{"$id":"511","sounds":[{"d":0.222229,"p":77,"v":116}],"pos":8.625,"size":1.0,"_time":130.445313},{"$id":"512","sounds":[{"d":0.148147583,"p":88,"v":116}],"pos":1.5,"size":1.0,"_time":130.667969},{"$id":"513","sounds":[{"d":0.222229,"p":89,"v":116}],"pos":10.125,"size":1.0,"_time":130.8164},{"$id":"514","sounds":[{"d":0.222229,"p":88,"v":116}],"pos":1.5,"size":1.0,"_time":131.035156},{"$id":"515","sounds":[{"d":0.51852417,"p":84,"v":116}],"pos":9.5,"size":1.0,"_time":131.257813},{"$id":"516","sounds":[{"d":0.222229,"p":77,"v":116}],"pos":8.625,"size":1.0,"_time":131.777344},{"$id":"517","sounds":[{"d":0.222229,"p":89,"v":116}],"pos":-0.5,"size":1.0,"_time":132.0},{"$id":"518","sounds":[{"d":0.222229,"p":88,"v":116}],"pos":10.0,"size":1.0,"_time":132.222656},{"$id":"519","sounds":[{"d":0.148147583,"p":91,"v":116}],"pos":1.5,"size":1.0,"_time":132.445313},{"$id":"520","sounds":[{"d":0.222229,"p":89,"v":116}],"pos":10.125,"size":1.0,"_time":132.59375},{"$id":"521","sounds":[{"d":0.222229,"p":88,"v":116}],"pos":-0.5,"size":1.0,"_time":132.8164},{"$id":"522","sounds":[{"d":0.07408142,"p":79,"v":116}],"pos":8.875,"size":1.0,"_time":133.035156},{"$id":"523","sounds":[{"d":0.148147583,"p":81,"v":116}],"pos":9.125,"size":1.0,"_time":133.109375},{"$id":"524","sounds":[{"d":0.07408142,"p":82,"v":117}],"pos":9.25,"size":1.0,"_time":133.257813},{"$id":"525","sounds":[{"d":1.777771,"p":84,"v":117}],"pos":0.5,"size":1.0,"_time":133.332031},{"$id":"526","sounds":[{"d":0.666671753,"p":84,"v":117}],"pos":0.5,"size":1.0,"_time":135.109375},{"$id":"527","sounds":[{"d":0.222229,"p":77,"v":117}],"pos":8.625,"size":1.0,"_time":135.777344},{"$id":"528","sounds":[{"d":0.148147583,"p":84,"v":117}],"pos":0.5,"size":1.0,"_time":136.0},{"$id":"529","sounds":[{"d":0.222229,"p":82,"v":117}],"pos":9.25,"size":1.0,"_time":136.148438},{"$id":"530","sounds":[{"d":0.222229,"p":81,"v":117}],"pos":-0.5,"size":1.0,"_time":136.3711},{"$id":"531","sounds":[{"d":0.23147583,"p":77,"v":117}],"pos":8.625,"size":1.0,"_time":136.59375},{"$id":"532","sounds":[{"d":0.0648193359,"p":83,"v":117}],"pos":9.375,"size":1.0,"_time":136.824219},{"$id":"533","sounds":[{"d":0.666671753,"p":84,"v":117}],"pos":0.5,"size":1.0,"_time":136.890625},{"$id":"534","sounds":[{"d":0.222229,"p":77,"v":117}],"pos":8.625,"size":1.0,"_time":137.554688},{"$id":"535","sounds":[{"d":0.148147583,"p":88,"v":117}],"pos":1.5,"size":1.0,"_time":137.777344},{"$id":"536","sounds":[{"d":0.222229,"p":89,"v":117}],"pos":10.125,"size":1.0,"_time":137.925781},{"$id":"537","sounds":[{"d":0.222229,"p":88,"v":117}],"pos":1.5,"size":1.0,"_time":138.148438},{"$id":"538","sounds":[{"d":0.51852417,"p":84,"v":117}],"pos":9.5,"size":1.0,"_time":138.3711},{"$id":"539","sounds":[{"d":0.222229,"p":77,"v":116}],"pos":8.625,"size":1.0,"_time":138.890625},{"$id":"540","sounds":[{"d":0.222229,"p":76,"v":116}],"pos":0.5,"size":1.0,"_time":139.109375},{"$id":"541","sounds":[{"d":0.222229,"p":77,"v":116}],"pos":8.625,"size":1.0,"_time":139.332031},{"$id":"542","sounds":[{"d":0.222229,"p":72,"v":116}],"pos":-0.5,"size":1.0,"_time":139.554688},{"$id":"543","sounds":[{"d":0.222229,"p":77,"v":116}],"pos":8.625,"size":1.0,"_time":139.777344},{"$id":"544","sounds":[{"d":0.222229,"p":79,"v":116}],"pos":0.5,"size":1.0,"_time":140.0},{"$id":"545","sounds":[{"d":0.222229,"p":76,"v":116}],"pos":8.5,"size":1.0,"_time":140.222656},{"$id":"546","sounds":[{"d":0.222229,"p":77,"v":116}],"pos":1.5,"size":1.0,"_time":140.445313},{"$id":"547","sounds":[{"d":0.222229,"p":101,"v":116}],"pos":11.625,"size":1.0,"_time":140.667969},{"$id":"548","sounds":[{"d":0.222229,"p":100,"v":116}],"pos":11.5,"size":1.0,"_time":140.890625},{"$id":"549","sounds":[{"d":0.222229,"p":96,"v":116}],"pos":11.0,"size":1.0,"_time":141.109375},{"$id":"550","sounds":[{"d":0.148147583,"p":103,"v":116}],"pos":11.875,"size":1.0,"_time":141.332031},{"$id":"551","sounds":[{"d":0.222229,"p":101,"v":116}],"pos":11.625,"size":1.0,"_time":141.480469},{"$id":"552","sounds":[{"d":0.222229,"p":100,"v":116}],"pos":11.5,"size":1.0,"_time":141.703125},{"$id":"553","sounds":[{"d":0.07408142,"p":96,"v":116}],"pos":11.0,"size":1.0,"_time":141.925781},{"$id":"554","sounds":[{"d":0.148147583,"p":101,"v":116}],"pos":11.625,"size":1.0,"_time":142.0},{"$id":"555","sounds":[{"d":0.07408142,"p":100,"v":116}],"pos":11.5,"size":1.0,"_time":142.148438},{"$id":"556","sounds":[{"d":0.1111145,"p":101,"v":116}],"pos":11.625,"size":1.0,"_time":142.222656},{"$id":"557","sounds":[{"d":0.222229,"p":43,"v":64}],"pos":-0.5,"size":1.30000007,"_time":142.222656},{"$id":"558","sounds":[{"d":0.222229,"p":50,"v":64}],"pos":5.25,"size":1.0,"_time":142.445313},{"$id":"559","sounds":[{"d":0.222229,"p":58,"v":64}],"pos":6.25,"size":1.0,"_time":142.667969},{"$id":"560","sounds":[{"d":0.222229,"p":65,"v":64}],"pos":7.125,"size":1.0,"_time":142.890625},{"$id":"561","sounds":[{"d":0.222229,"p":48,"v":64}],"pos":1.5,"size":1.30000007,"_time":143.109375},{"$id":"562","sounds":[{"d":0.222229,"p":55,"v":64}],"pos":5.875,"size":1.0,"_time":143.332031},{"$id":"563","sounds":[{"d":0.222229,"p":60,"v":64}],"pos":6.5,"size":1.0,"_time":143.554688},{"$id":"564","sounds":[{"d":0.222229,"p":65,"v":64}],"pos":7.125,"size":1.0,"_time":143.777344},{"$id":"565","sounds":[{"d":0.222229,"p":45,"v":64}],"pos":0.5,"size":1.30000007,"_time":144.0},{"$id":"566","sounds":[{"d":0.222229,"p":52,"v":64}],"pos":5.5,"size":1.0,"_time":144.222656},{"$id":"567","sounds":[{"d":0.222229,"p":60,"v":64}],"pos":6.5,"size":1.0,"_time":144.445313},{"$id":"568","sounds":[{"d":0.222229,"p":67,"v":64}],"pos":7.375,"size":1.0,"_time":144.667969},{"$id":"569","sounds":[{"d":0.222229,"p":38,"v":64}],"pos":-1.5,"size":1.30000007,"_time":144.890625},{"$id":"570","sounds":[{"d":0.222229,"p":53,"v":64}],"pos":5.625,"size":1.0,"_time":145.109375},{"$id":"571","sounds":[{"d":0.222229,"p":57,"v":64}],"pos":6.125,"size":1.0,"_time":145.332031},{"$id":"572","sounds":[{"d":0.222229,"p":65,"v":64}],"pos":7.125,"size":1.0,"_time":145.554688},{"$id":"573","sounds":[{"d":0.222229,"p":43,"v":64}],"pos":-1.5,"size":1.30000007,"_time":145.777344},{"$id":"574","sounds":[{"d":0.222229,"p":50,"v":64}],"pos":5.25,"size":1.0,"_time":146.0},{"$id":"575","sounds":[{"d":0.222229,"p":58,"v":64}],"pos":6.25,"size":1.0,"_time":146.222656},{"$id":"576","sounds":[{"d":0.222229,"p":65,"v":64}],"pos":7.125,"size":1.0,"_time":146.445313},{"$id":"577","sounds":[{"d":0.222229,"p":45,"v":64}],"pos":-0.5,"size":1.30000007,"_time":146.667969},{"$id":"578","sounds":[{"d":0.222229,"p":55,"v":64}],"pos":5.875,"size":1.0,"_time":146.890625},{"$id":"579","sounds":[{"d":0.222229,"p":60,"v":64}],"pos":6.5,"size":1.0,"_time":147.109375},{"$id":"580","sounds":[{"d":0.222229,"p":64,"v":64}],"pos":7.0,"size":1.0,"_time":147.332031},{"$id":"581","sounds":[{"d":0.222229,"p":50,"v":64}],"pos":0.5,"size":1.30000007,"_time":147.554688},{"$id":"582","sounds":[{"d":0.222229,"p":57,"v":64}],"pos":6.125,"size":1.0,"_time":147.777344},{"$id":"583","sounds":[{"d":0.222229,"p":62,"v":64}],"pos":6.75,"size":1.0,"_time":148.0},{"$id":"584","sounds":[{"d":0.222229,"p":49,"v":64}],"pos":5.125,"size":1.0,"_time":148.222656},{"$id":"585","sounds":[{"d":0.222229,"p":65,"v":64}],"pos":7.125,"size":1.0,"_time":148.222656},{"$id":"586","sounds":[{"d":0.222229,"p":48,"v":64}],"pos":5.0,"size":1.0,"_time":148.445313},{"$id":"587","sounds":[{"d":0.222229,"p":67,"v":64}],"pos":1.5,"size":1.0,"_time":148.445313},{"$id":"588","sounds":[{"d":0.222229,"p":51,"v":64}],"pos":5.375,"size":1.0,"_time":148.667969},{"$id":"589","sounds":[{"d":0.222229,"p":65,"v":64}],"pos":0.5,"size":1.0,"_time":148.890625},{"$id":"590","sounds":[{"d":0.222229,"p":53,"v":64}],"pos":5.625,"size":1.0,"_time":148.890625},{"$id":"591","sounds":[{"d":0.222229,"p":60,"v":64}],"pos":6.5,"size":1.0,"_time":149.109375},{"$id":"592","sounds":[{"d":0.222229,"p":43,"v":64}],"pos":-0.5,"size":1.30000007,"_time":149.332031},{"$id":"593","sounds":[{"d":0.222229,"p":50,"v":64}],"pos":5.25,"size":1.0,"_time":149.554688},{"$id":"594","sounds":[{"d":0.222229,"p":58,"v":64}],"pos":6.25,"size":1.0,"_time":149.777344},{"$id":"595","sounds":[{"d":0.222229,"p":65,"v":64}],"pos":7.125,"size":1.0,"_time":150.0},{"$id":"596","sounds":[{"d":0.222229,"p":48,"v":64}],"pos":1.5,"size":1.30000007,"_time":150.222656},{"$id":"597","sounds":[{"d":0.222229,"p":55,"v":64}],"pos":5.875,"size":1.0,"_time":150.445313},{"$id":"598","sounds":[{"d":0.222229,"p":60,"v":64}],"pos":6.5,"size":1.0,"_time":150.667969},{"$id":"599","sounds":[{"d":0.222229,"p":65,"v":64}],"pos":7.125,"size":1.0,"_time":150.890625},{"$id":"600","sounds":[{"d":0.222229,"p":45,"v":64}],"pos":0.5,"size":1.30000007,"_time":151.109375},{"$id":"601","sounds":[{"d":0.222229,"p":52,"v":64}],"pos":5.5,"size":1.0,"_time":151.332031},{"$id":"602","sounds":[{"d":0.222229,"p":60,"v":64}],"pos":6.5,"size":1.0,"_time":151.554688},{"$id":"603","sounds":[{"d":0.222229,"p":67,"v":64}],"pos":7.375,"size":1.0,"_time":151.777344},{"$id":"604","sounds":[{"d":0.222229,"p":38,"v":64}],"pos":-1.5,"size":1.30000007,"_time":152.0},{"$id":"605","sounds":[{"d":0.222229,"p":53,"v":64}],"pos":5.625,"size":1.0,"_time":152.222656},{"$id":"606","sounds":[{"d":0.222229,"p":57,"v":64}],"pos":6.125,"size":1.0,"_time":152.445313},{"$id":"607","sounds":[{"d":0.222229,"p":65,"v":64}],"pos":7.125,"size":1.0,"_time":152.667969},{"$id":"608","sounds":[{"d":0.222229,"p":43,"v":64}],"pos":-1.5,"size":1.30000007,"_time":152.890625},{"$id":"609","sounds":[{"d":0.222229,"p":50,"v":64}],"pos":5.25,"size":1.0,"_time":153.109375},{"$id":"610","sounds":[{"d":0.222229,"p":58,"v":64}],"pos":6.25,"size":1.0,"_time":153.332031},{"$id":"611","sounds":[{"d":0.222229,"p":65,"v":64}],"pos":7.125,"size":1.0,"_time":153.554688},{"$id":"612","sounds":[{"d":0.222229,"p":45,"v":64}],"pos":-0.5,"size":1.30000007,"_time":153.777344},{"$id":"613","sounds":[{"d":0.222229,"p":55,"v":64}],"pos":5.875,"size":1.0,"_time":154.0},{"$id":"614","sounds":[{"d":0.222229,"p":60,"v":64}],"pos":6.5,"size":1.0,"_time":154.222656},{"$id":"615","sounds":[{"d":0.222229,"p":64,"v":64}],"pos":7.0,"size":1.0,"_time":154.445313},{"$id":"616","sounds":[{"d":0.222229,"p":50,"v":64}],"pos":0.5,"size":1.30000007,"_time":154.667969},{"$id":"617","sounds":[{"d":0.222229,"p":57,"v":64}],"pos":6.125,"size":1.0,"_time":154.890625},{"$id":"618","sounds":[{"d":0.222229,"p":62,"v":64}],"pos":6.75,"size":1.0,"_time":155.109375},{"$id":"619","sounds":[{"d":0.222229,"p":49,"v":64}],"pos":5.125,"size":1.0,"_time":155.332031},{"$id":"620","sounds":[{"d":0.222229,"p":65,"v":64}],"pos":7.125,"size":1.0,"_time":155.332031},{"$id":"621","sounds":[{"d":0.222229,"p":48,"v":64}],"pos":5.0,"size":1.0,"_time":155.554688},{"$id":"622","sounds":[{"d":0.222229,"p":67,"v":64}],"pos":1.5,"size":1.0,"_time":155.554688},{"$id":"623","sounds":[{"d":0.222229,"p":51,"v":64}],"pos":5.375,"size":1.0,"_time":155.777344},{"$id":"624","sounds":[{"d":0.222229,"p":65,"v":64}],"pos":0.5,"size":1.0,"_time":156.0},{"$id":"625","sounds":[{"d":0.222229,"p":53,"v":64}],"pos":5.625,"size":1.0,"_time":156.0},{"$id":"626","sounds":[{"d":0.222229,"p":60,"v":64}],"pos":6.5,"size":1.0,"_time":156.222656},{"$id":"627","sounds":[{"d":0.05555725,"p":43,"v":64}],"pos":-1.5,"size":1.30000007,"_time":156.445313},{"$id":"628","sounds":[{"d":0.046295166,"p":50,"v":64}],"pos":-1.0,"size":1.30000007,"_time":156.5},{"$id":"629","sounds":[{"d":0.05091858,"p":58,"v":64}],"pos":-0.5,"size":1.30000007,"_time":156.546875},{"$id":"630","sounds":[{"d":3.55091858,"p":65,"v":64}],"size":1.30000007,"_time":156.597656}],"links":[{"notes":[{"$ref":"414"},{"$ref":"415"},{"$ref":"416"},{"$ref":"417"}]},{"notes":[{"$ref":"428"},{"$ref":"429"}]},{"notes":[{"$ref":"456"},{"$ref":"457"}]},{"notes":[{"$ref":"627"},{"$ref":"628"},{"$ref":"629"},{"$ref":"630"}]}]}