{"speed":12.0,"notes":[{"$id":"1","sounds":[{"d":0.08571422,"p":70,"v":100}],"size":1.0,"_time":1.02734375},{"$id":"2","sounds":[{"d":0.08571422,"p":72,"v":100}],"pos":0.5,"size":1.0,"_time":1.11328125},{"$id":"3","sounds":[{"d":0.08571422,"p":73,"v":100}],"pos":1.0,"size":1.0,"_time":1.19921875},{"$id":"4","sounds":[{"d":0.08571422,"p":75,"v":100}],"pos":1.5,"size":1.0,"_time":1.28515625},{"$id":"5","sounds":[{"d":1.371428,"p":54,"v":80},{"d":1.371428,"p":61,"v":86},{"d":1.371428,"p":65,"v":88}],"pos":-2.0,"size":1.30000007,"_time":1.37109375},{"$id":"6","sounds":[{"d":1.028571,"p":77,"v":100}],"pos":2.0,"size":1.0,"_time":1.37109375},{"$id":"7","sounds":[{"d":0.342856884,"p":75,"v":100}],"size":1.0,"_time":2.3984375},{"$id":"8","sounds":[{"d":0.342856884,"p":66,"v":56}],"pos":-1.0,"size":1.30000007,"_time":2.7421875},{"$id":"9","sounds":[{"d":1.02857089,"p":77,"v":100}],"pos":1.0,"size":1.0,"_time":2.7421875},{"$id":"10","sounds":[{"d":0.342856884,"p":65,"v":50}],"size":1.30000007,"_time":3.0859375},{"$id":"11","sounds":[{"d":0.342856884,"p":61,"v":48}],"pos":-1.0,"size":1.30000007,"_time":3.4296875},{"$id":"12","sounds":[{"d":0.342856884,"p":58,"v":52}],"pos":-2.0,"size":1.30000007,"_time":3.76953125},{"$id":"13","sounds":[{"d":0.342856884,"p":80,"v":100}],"pos":2.0,"size":1.0,"_time":3.76953125},{"$id":"14","sounds":[{"d":1.371428,"p":53,"v":82},{"d":1.371428,"p":63,"v":86},{"d":1.371428,"p":60,"v":80}],"pos":-1.0,"size":1.30000007,"_time":4.11328125},{"$id":"15","sounds":[{"d":0.685713768,"p":75,"v":100}],"pos":1.0,"size":1.0,"_time":4.11328125},{"$id":"16","sounds":[{"d":0.685713768,"p":72,"v":100}],"size":1.0,"_time":4.80078125},{"$id":"17","sounds":[{"d":0.685713768,"p":72,"v":100}],"size":1.0,"_time":5.484375},{"$id":"18","sounds":[{"d":0.0571427345,"p":58,"v":72}],"pos":-2.0,"size":1.30000007,"_time":5.484375},{"$id":"19","sounds":[{"d":0.628571033,"p":63,"v":88}],"pos":-1.5,"size":1.30000007,"_time":5.54296875},{"$id":"20","sounds":[{"d":0.342856884,"p":61,"v":68}],"pos":-2.0,"size":1.30000007,"_time":6.171875},{"$id":"21","sounds":[{"d":0.685713768,"p":73,"v":100}],"size":1.0,"_time":6.171875},{"$id":"22","sounds":[{"d":0.342856884,"p":63,"v":46}],"pos":-1.0,"size":1.30000007,"_time":6.515625},{"$id":"23","sounds":[{"d":2.05714178,"p":65,"v":82},{"d":1.02857113,"p":70,"v":100},{"d":2.05714178,"p":61,"v":80},{"d":2.05714178,"p":54,"v":82}],"size":1.30000007,"_time":6.85546875},{"$id":"24","sounds":[{"d":1.02857113,"p":77,"v":100}],"pos":2.0,"size":1.0,"_time":6.85546875},{"$id":"25","sounds":[{"d":0.342857361,"p":75,"v":100}],"pos":-1.0,"size":1.0,"_time":7.88671875},{"$id":"26","sounds":[{"d":1.02857113,"p":77,"v":100}],"pos":1.0,"size":1.0,"_time":8.230469},{"$id":"27","sounds":[{"d":0.685713768,"p":68,"v":44}],"pos":-1.0,"size":1.30000007,"_time":8.9140625},{"$id":"28","sounds":[{"d":0.342857361,"p":80,"v":100}],"size":1.0,"_time":9.2578125},{"$id":"29","sounds":[{"d":1.37142754,"p":63,"v":76},{"d":1.37142754,"p":53,"v":82},{"d":1.37142754,"p":60,"v":80}],"pos":-2.0,"size":1.30000007,"_time":9.6015625},{"$id":"30","sounds":[{"d":0.685713768,"p":84,"v":100}],"pos":1.0,"size":1.0,"_time":9.6015625},{"$id":"31","sounds":[{"d":0.685713768,"p":87,"v":100}],"pos":2.0,"size":1.0,"_time":10.2851563},{"$id":"32","sounds":[{"d":0.05714321,"p":58,"v":88}],"pos":6.25,"size":1.0,"_time":10.9726563},{"$id":"33","sounds":[{"d":0.114285469,"p":85,"v":100}],"pos":1.0,"size":1.0,"_time":10.9726563},{"$id":"34","sounds":[{"d":0.6285715,"p":63,"v":78}],"pos":6.875,"size":1.0,"_time":11.0273438},{"$id":"35","sounds":[{"d":0.114285469,"p":97,"v":100}],"pos":2.0,"size":1.0,"_time":11.0859375},{"$id":"36","sounds":[{"d":0.114285469,"p":85,"v":100}],"pos":1.0,"size":1.0,"_time":11.1992188},{"$id":"37","sounds":[{"d":0.114285469,"p":84,"v":100}],"size":1.0,"_time":11.3125},{"$id":"38","sounds":[{"d":0.114285469,"p":96,"v":100}],"pos":1.0,"size":1.0,"_time":11.4296875},{"$id":"39","sounds":[{"d":0.114285469,"p":84,"v":100}],"size":1.0,"_time":11.5429688},{"$id":"40","sounds":[{"d":0.685713768,"p":61,"v":70}],"pos":6.625,"size":1.0,"_time":11.65625},{"$id":"41","sounds":[{"d":0.114285469,"p":82,"v":100}],"pos":-1.0,"size":1.0,"_time":11.65625},{"$id":"42","sounds":[{"d":0.114285469,"p":94,"v":100}],"size":1.0,"_time":11.7695313},{"$id":"43","sounds":[{"d":0.114285469,"p":82,"v":100}],"pos":-1.0,"size":1.0,"_time":11.8867188},{"$id":"44","sounds":[{"d":0.114285469,"p":80,"v":100}],"pos":-2.0,"size":1.0,"_time":12.0},{"$id":"45","sounds":[{"d":0.114285469,"p":92,"v":100}],"pos":-1.0,"size":1.0,"_time":12.1132813},{"$id":"46","sounds":[{"d":0.114285469,"p":80,"v":100}],"pos":-2.0,"size":1.0,"_time":12.2304688},{"$id":"47","sounds":[{"d":1.37142754,"p":54,"v":84}],"pos":5.75,"size":1.0,"_time":12.34375},{"$id":"48","sounds":[{"d":1.37142754,"p":61,"v":86},{"d":1.37142754,"p":65,"v":80},{"d":1.02857113,"p":70,"v":100}],"pos":-2.0,"size":1.30000007,"_time":12.34375},{"$id":"49","sounds":[{"d":1.02857113,"p":77,"v":100}],"pos":2.0,"size":1.0,"_time":12.34375},{"$id":"50","sounds":[{"d":0.342857361,"p":75,"v":100}],"size":1.0,"_time":13.3710938},{"$id":"51","sounds":[{"d":0.342857361,"p":66,"v":50}],"pos":-1.0,"size":1.30000007,"_time":13.7148438},{"$id":"52","sounds":[{"d":1.02857113,"p":77,"v":100}],"pos":1.0,"size":1.0,"_time":13.7148438},{"$id":"53","sounds":[{"d":0.342857361,"p":65,"v":50}],"size":1.30000007,"_time":14.0585938},{"$id":"54","sounds":[{"d":0.342857361,"p":61,"v":44}],"pos":-1.0,"size":1.30000007,"_time":14.3984375},{"$id":"55","sounds":[{"d":0.342857361,"p":58,"v":46}],"pos":-2.0,"size":1.30000007,"_time":14.7421875},{"$id":"56","sounds":[{"d":0.342857361,"p":80,"v":100}],"pos":2.0,"size":1.0,"_time":14.7421875},{"$id":"57","sounds":[{"d":1.37142849,"p":53,"v":74},{"d":1.37142849,"p":63,"v":78},{"d":1.37142849,"p":60,"v":72}],"pos":-1.0,"size":1.30000007,"_time":15.0859375},{"$id":"58","sounds":[{"d":0.685713768,"p":75,"v":100}],"pos":1.0,"size":1.0,"_time":15.0859375},{"$id":"59","sounds":[{"d":0.6857147,"p":72,"v":100}],"size":1.0,"_time":15.7695313},{"$id":"60","sounds":[{"d":0.6857147,"p":72,"v":100}],"size":1.0,"_time":16.4570313},{"$id":"61","sounds":[{"d":0.0571422577,"p":58,"v":76}],"pos":-2.0,"size":1.30000007,"_time":16.4570313},{"$id":"62","sounds":[{"d":0.628570557,"p":63,"v":72}],"pos":-1.5,"size":1.30000007,"_time":16.515625},{"$id":"63","sounds":[{"d":0.342857361,"p":61,"v":68}],"pos":-2.0,"size":1.30000007,"_time":17.1445313},{"$id":"64","sounds":[{"d":0.6857147,"p":73,"v":100}],"size":1.0,"_time":17.1445313},{"$id":"65","sounds":[{"d":0.342857361,"p":63,"v":50}],"pos":-1.0,"size":1.30000007,"_time":17.484375},{"$id":"66","sounds":[{"d":1.37142754,"p":61,"v":82},{"d":1.02857018,"p":70,"v":100},{"d":1.37142754,"p":58,"v":88},{"d":1.37142754,"p":51,"v":80}],"size":1.30000007,"_time":17.828125},{"$id":"67","sounds":[{"d":1.02857018,"p":77,"v":100}],"pos":2.0,"size":1.0,"_time":17.828125},{"$id":"68","sounds":[{"d":0.342857361,"p":75,"v":100}],"pos":-1.0,"size":1.0,"_time":18.8554688},{"$id":"69","sounds":[{"d":1.37142754,"p":60,"v":80},{"d":1.37142754,"p":53,"v":86},{"d":1.37142754,"p":63,"v":72}],"pos":-2.0,"size":1.30000007,"_time":19.1992188},{"$id":"70","sounds":[{"d":1.02857018,"p":77,"v":100}],"size":1.0,"_time":19.1992188},{"$id":"71","sounds":[{"d":0.342857361,"p":80,"v":100}],"size":1.0,"_time":20.2304688},{"$id":"72","sounds":[{"d":1.37142754,"p":54,"v":82},{"d":1.37142754,"p":61,"v":70},{"d":1.37142754,"p":65,"v":88}],"pos":-1.0,"size":1.30000007,"_time":20.5703125},{"$id":"73","sounds":[{"d":0.6857147,"p":84,"v":100}],"pos":1.0,"size":1.0,"_time":20.5703125},{"$id":"74","sounds":[{"d":0.6857147,"p":87,"v":100}],"pos":2.0,"size":1.0,"_time":21.2578125},{"$id":"75","sounds":[{"d":0.6857147,"p":56,"v":78},{"d":0.6857147,"p":60,"v":90},{"d":0.6857147,"p":65,"v":88}],"pos":-1.0,"size":1.30000007,"_time":21.9414063},{"$id":"76","sounds":[{"d":0.08571434,"p":89,"v":100}],"pos":1.0,"size":1.0,"_time":21.9414063},{"$id":"77","sounds":[{"d":0.08571434,"p":101,"v":100}],"pos":2.0,"size":1.0,"_time":22.0273438},{"$id":"78","sounds":[{"d":0.08571434,"p":99,"v":100}],"pos":1.73203409,"size":1.0,"_time":22.1132813},{"$id":"79","sounds":[{"d":0.08571434,"p":97,"v":100}],"pos":1.5,"size":1.0,"_time":22.1992188},{"$id":"80","sounds":[{"d":0.08571434,"p":96,"v":100}],"pos":1.25639427,"size":1.0,"_time":22.2851563},{"$id":"81","sounds":[{"d":0.08571434,"p":94,"v":100}],"pos":1.0,"size":1.0,"_time":22.3710938},{"$id":"82","sounds":[{"d":0.08571434,"p":92,"v":100}],"pos":0.7563943,"size":1.0,"_time":22.4570313},{"$id":"83","sounds":[{"d":0.08571434,"p":90,"v":100}],"pos":0.5,"size":1.0,"_time":22.5429688},{"$id":"84","sounds":[{"d":0.6857147,"p":63,"v":88}],"pos":6.875,"size":1.0,"_time":22.6289063},{"$id":"85","sounds":[{"d":0.08571434,"p":89,"v":100}],"pos":0.256394327,"size":1.0,"_time":22.6289063},{"$id":"86","sounds":[{"d":0.08571434,"p":87,"v":100}],"size":1.0,"_time":22.7148438},{"$id":"87","sounds":[{"d":0.08571434,"p":85,"v":100}],"pos":-0.243604526,"size":1.0,"_time":22.8007813},{"$id":"88","sounds":[{"d":0.08571434,"p":84,"v":100}],"pos":-0.5,"size":1.0,"_time":22.8867188},{"$id":"89","sounds":[{"d":0.08571434,"p":82,"v":100}],"pos":-0.7679658,"size":1.0,"_time":22.9726563},{"$id":"90","sounds":[{"d":0.08571434,"p":80,"v":100}],"pos":-1.0,"size":1.0,"_time":23.0585938},{"$id":"91","sounds":[{"d":0.08571434,"p":78,"v":100}],"pos":-1.24360669,"size":1.0,"_time":23.1445313},{"$id":"92","sounds":[{"d":0.4285717,"p":77,"v":100}],"pos":-1.5,"size":1.0,"_time":23.2304688},{"$id":"93","sounds":[{"d":0.17142868,"p":42,"v":96}],"pos":4.25,"size":1.0,"_time":23.3125},{"$id":"94","sounds":[{"d":0.342857361,"p":54,"v":96}],"pos":5.75,"size":1.0,"_time":23.484375},{"$id":"95","sounds":[{"d":0.257143021,"p":58,"v":96}],"pos":-1.0,"size":1.0,"_time":23.65625},{"$id":"96","sounds":[{"d":0.257143021,"p":65,"v":96}],"pos":2.0,"size":1.0,"_time":23.65625},{"$id":"97","sounds":[{"d":0.257143021,"p":54,"v":96}],"pos":5.75,"size":1.0,"_time":23.828125},{"$id":"98","sounds":[{"d":0.257143021,"p":58,"v":96}],"pos":-1.0,"size":1.0,"_time":23.9140625},{"$id":"99","sounds":[{"d":0.257143021,"p":65,"v":96}],"pos":2.0,"size":1.0,"_time":23.9140625},{"$id":"100","sounds":[{"d":0.257143021,"p":54,"v":96}],"pos":5.75,"size":1.0,"_time":24.0859375},{"$id":"101","sounds":[{"d":0.257143021,"p":58,"v":96}],"pos":-1.0,"size":1.0,"_time":24.171875},{"$id":"102","sounds":[{"d":0.257143021,"p":63,"v":96}],"pos":1.0,"size":1.0,"_time":24.171875},{"$id":"103","sounds":[{"d":0.342857361,"p":54,"v":96}],"pos":5.75,"size":1.0,"_time":24.34375},{"$id":"104","sounds":[{"d":0.342857361,"p":63,"v":96}],"pos":1.0,"size":1.0,"_time":24.4296875},{"$id":"105","sounds":[{"d":0.342857361,"p":58,"v":96}],"pos":-1.0,"size":1.0,"_time":24.4296875},{"$id":"106","sounds":[{"d":0.257143021,"p":54,"v":96}],"pos":5.75,"size":1.0,"_time":24.6875},{"$id":"107","sounds":[{"d":0.257143021,"p":58,"v":96}],"pos":-1.0,"size":1.0,"_time":24.7695313},{"$id":"108","sounds":[{"d":0.257143021,"p":65,"v":96}],"pos":2.0,"size":1.0,"_time":24.7695313},{"$id":"109","sounds":[{"d":0.257143021,"p":54,"v":96}],"pos":5.75,"size":1.0,"_time":24.9414063},{"$id":"110","sounds":[{"d":0.257143021,"p":58,"v":96}],"pos":-1.0,"size":1.0,"_time":25.0273438},{"$id":"111","sounds":[{"d":0.257143021,"p":65,"v":96}],"pos":2.0,"size":1.0,"_time":25.0273438},{"$id":"112","sounds":[{"d":0.257143021,"p":54,"v":96}],"pos":5.75,"size":1.0,"_time":25.1992188},{"$id":"113","sounds":[{"d":0.257143021,"p":58,"v":96}],"pos":-1.0,"size":1.0,"_time":25.2851563},{"$id":"114","sounds":[{"d":0.257143021,"p":63,"v":96}],"pos":1.0,"size":1.0,"_time":25.2851563},{"$id":"115","sounds":[{"d":0.6000004,"p":54,"v":96}],"pos":5.75,"size":1.0,"_time":25.4570313},{"$id":"116","sounds":[{"d":0.17142868,"p":58,"v":96}],"pos":-1.0,"size":1.0,"_time":25.5429688},{"$id":"117","sounds":[{"d":0.17142868,"p":63,"v":96}],"pos":1.0,"size":1.0,"_time":25.5429688},{"$id":"118","sounds":[{"d":0.17142868,"p":65,"v":96}],"pos":2.0,"size":1.0,"_time":25.7148438},{"$id":"119","sounds":[{"d":0.17142868,"p":58,"v":96}],"pos":-1.0,"size":1.0,"_time":25.7148438},{"$id":"120","sounds":[{"d":0.514286041,"p":63,"v":96}],"pos":1.0,"size":1.0,"_time":25.8867188},{"$id":"121","sounds":[{"d":0.17142868,"p":41,"v":96}],"pos":5.5,"size":1.0,"_time":26.0585938},{"$id":"122","sounds":[{"d":0.342857361,"p":53,"v":96}],"pos":5.625,"size":1.0,"_time":26.2304688},{"$id":"123","sounds":[{"d":0.257143021,"p":56,"v":96}],"pos":-2.0,"size":1.0,"_time":26.3984375},{"$id":"124","sounds":[{"d":0.257143021,"p":63,"v":96}],"pos":1.0,"size":1.0,"_time":26.3984375},{"$id":"125","sounds":[{"d":0.257143021,"p":53,"v":96}],"pos":5.625,"size":1.0,"_time":26.5703125},{"$id":"126","sounds":[{"d":0.257143021,"p":56,"v":96}],"pos":-2.0,"size":1.0,"_time":26.65625},{"$id":"127","sounds":[{"d":0.257143021,"p":63,"v":96}],"pos":1.0,"size":1.0,"_time":26.65625},{"$id":"128","sounds":[{"d":0.6000004,"p":53,"v":96}],"pos":5.625,"size":1.0,"_time":26.828125},{"$id":"129","sounds":[{"d":0.17142868,"p":63,"v":96}],"pos":1.0,"size":1.0,"_time":26.9140625},{"$id":"130","sounds":[{"d":0.17142868,"p":56,"v":96}],"pos":-2.0,"size":1.0,"_time":26.9140625},{"$id":"131","sounds":[{"d":0.17142868,"p":65,"v":96}],"pos":2.0,"size":1.0,"_time":27.0859375},{"$id":"132","sounds":[{"d":0.17142868,"p":56,"v":96}],"pos":-2.0,"size":1.0,"_time":27.0859375},{"$id":"133","sounds":[{"d":0.342857361,"p":63,"v":96}],"pos":1.0,"size":1.0,"_time":27.2578125},{"$id":"134","sounds":[{"d":0.08571434,"p":46,"v":96}],"pos":4.5,"size":1.0,"_time":27.4296875},{"$id":"135","sounds":[{"d":0.17142868,"p":53,"v":96}],"pos":5.5,"size":1.0,"_time":27.515625},{"$id":"136","sounds":[{"d":0.17142868,"p":56,"v":96}],"pos":-2.0,"size":1.0,"_time":27.6015625},{"$id":"137","sounds":[{"d":0.17142868,"p":61,"v":96}],"size":1.0,"_time":27.6015625},{"$id":"138","sounds":[{"d":0.257143021,"p":53,"v":96}],"pos":5.625,"size":1.0,"_time":27.6875},{"$id":"139","sounds":[{"d":0.08571434,"p":56,"v":96}],"pos":-2.0,"size":1.0,"_time":27.7695313},{"$id":"140","sounds":[{"d":0.257143021,"p":61,"v":96}],"size":1.0,"_time":27.8554688},{"$id":"141","sounds":[{"d":0.8571434,"p":53,"v":96}],"pos":5.625,"size":1.0,"_time":27.9414063},{"$id":"142","sounds":[{"d":0.17142868,"p":56,"v":96}],"pos":-2.0,"size":1.0,"_time":28.1132813},{"$id":"143","sounds":[{"d":0.17142868,"p":65,"v":96}],"pos":2.0,"size":1.0,"_time":28.1132813},{"$id":"144","sounds":[{"d":0.17142868,"p":63,"v":96}],"pos":1.0,"size":1.0,"_time":28.2851563},{"$id":"145","sounds":[{"d":0.17142868,"p":61,"v":96}],"size":1.0,"_time":28.4570313},{"$id":"146","sounds":[{"d":0.514286041,"p":60,"v":96}],"pos":-1.0,"size":1.0,"_time":28.6289063},{"$id":"147","sounds":[{"d":0.17142868,"p":42,"v":96}],"pos":4.25,"size":1.0,"_time":28.8007813},{"$id":"148","sounds":[{"d":0.342857361,"p":54,"v":96}],"pos":5.75,"size":1.0,"_time":28.9726563},{"$id":"149","sounds":[{"d":0.257143021,"p":58,"v":96}],"pos":-1.0,"size":1.0,"_time":29.1445313},{"$id":"150","sounds":[{"d":0.257143021,"p":65,"v":96}],"pos":2.0,"size":1.0,"_time":29.1445313},{"$id":"151","sounds":[{"d":0.257143021,"p":54,"v":96}],"pos":5.75,"size":1.0,"_time":29.3125},{"$id":"152","sounds":[{"d":0.257143021,"p":58,"v":96}],"pos":-1.0,"size":1.0,"_time":29.3984375},{"$id":"153","sounds":[{"d":0.257143021,"p":65,"v":96}],"pos":2.0,"size":1.0,"_time":29.3984375},{"$id":"154","sounds":[{"d":0.257143021,"p":54,"v":96}],"pos":5.75,"size":1.0,"_time":29.5703125},{"$id":"155","sounds":[{"d":0.257143021,"p":58,"v":96}],"pos":-1.0,"size":1.0,"_time":29.65625},{"$id":"156","sounds":[{"d":0.257143021,"p":63,"v":96}],"pos":1.0,"size":1.0,"_time":29.65625},{"$id":"157","sounds":[{"d":0.342857361,"p":54,"v":96}],"pos":5.75,"size":1.0,"_time":29.828125},{"$id":"158","sounds":[{"d":0.342857361,"p":58,"v":96}],"pos":-1.0,"size":1.0,"_time":29.9140625},{"$id":"159","sounds":[{"d":0.342857361,"p":63,"v":96}],"pos":1.0,"size":1.0,"_time":29.9140625},{"$id":"160","sounds":[{"d":0.257143021,"p":54,"v":96}],"pos":5.75,"size":1.0,"_time":30.171875},{"$id":"161","sounds":[{"d":0.257143021,"p":58,"v":96}],"pos":-1.0,"size":1.0,"_time":30.2578125},{"$id":"162","sounds":[{"d":0.257143021,"p":65,"v":96}],"pos":2.0,"size":1.0,"_time":30.2578125},{"$id":"163","sounds":[{"d":0.257143021,"p":54,"v":96}],"pos":5.75,"size":1.0,"_time":30.4296875},{"$id":"164","sounds":[{"d":0.257143021,"p":58,"v":96}],"pos":-1.0,"size":1.0,"_time":30.515625},{"$id":"165","sounds":[{"d":0.257143021,"p":65,"v":96}],"pos":2.0,"size":1.0,"_time":30.515625},{"$id":"166","sounds":[{"d":0.257143021,"p":54,"v":96}],"pos":5.75,"size":1.0,"_time":30.6875},{"$id":"167","sounds":[{"d":0.257143021,"p":58,"v":96}],"pos":-1.0,"size":1.0,"_time":30.7695313},{"$id":"168","sounds":[{"d":0.257143021,"p":63,"v":96}],"pos":1.0,"size":1.0,"_time":30.7695313},{"$id":"169","sounds":[{"d":0.6000004,"p":54,"v":96}],"pos":5.75,"size":1.0,"_time":30.9414063},{"$id":"170","sounds":[{"d":0.17142868,"p":58,"v":96}],"pos":-1.0,"size":1.0,"_time":31.0273438},{"$id":"171","sounds":[{"d":0.17142868,"p":63,"v":96}],"pos":1.0,"size":1.0,"_time":31.0273438},{"$id":"172","sounds":[{"d":0.17142868,"p":65,"v":96}],"pos":2.0,"size":1.0,"_time":31.1992188},{"$id":"173","sounds":[{"d":0.17142868,"p":58,"v":96}],"pos":-1.0,"size":1.0,"_time":31.1992188},{"$id":"174","sounds":[{"d":0.514286041,"p":63,"v":96}],"pos":1.0,"size":1.0,"_time":31.3710938},{"$id":"175","sounds":[{"d":0.17142868,"p":41,"v":96}],"pos":4.125,"size":1.0,"_time":31.5429688},{"$id":"176","sounds":[{"d":0.342855453,"p":53,"v":96}],"pos":5.625,"size":1.0,"_time":31.7148438},{"$id":"177","sounds":[{"d":0.2571411,"p":56,"v":96}],"pos":-2.0,"size":1.0,"_time":31.8867188},{"$id":"178","sounds":[{"d":0.2571411,"p":63,"v":96}],"pos":1.0,"size":1.0,"_time":31.8867188},{"$id":"179","sounds":[{"d":0.2571411,"p":53,"v":96}],"pos":5.625,"size":1.0,"_time":32.0585938},{"$id":"180","sounds":[{"d":0.2571411,"p":56,"v":96}],"pos":-2.0,"size":1.0,"_time":32.14453},{"$id":"181","sounds":[{"d":0.2571411,"p":63,"v":96}],"pos":1.0,"size":1.0,"_time":32.14453},{"$id":"182","sounds":[{"d":0.5999985,"p":53,"v":96}],"pos":5.625,"size":1.0,"_time":32.3125},{"$id":"183","sounds":[{"d":0.17142868,"p":63,"v":96}],"pos":1.0,"size":1.0,"_time":32.3984375},{"$id":"184","sounds":[{"d":0.17142868,"p":56,"v":96}],"pos":-2.0,"size":1.0,"_time":32.3984375},{"$id":"185","sounds":[{"d":0.17142868,"p":65,"v":96}],"pos":2.0,"size":1.0,"_time":32.5703125},{"$id":"186","sounds":[{"d":0.17142868,"p":56,"v":96}],"pos":-2.0,"size":1.0,"_time":32.5703125},{"$id":"187","sounds":[{"d":0.342857361,"p":63,"v":96}],"pos":1.0,"size":1.0,"_time":32.7421875},{"$id":"188","sounds":[{"d":0.08571243,"p":46,"v":96}],"pos":4.75,"size":1.0,"_time":32.9140625},{"$id":"189","sounds":[{"d":0.17142868,"p":53,"v":96}],"pos":5.625,"size":1.0,"_time":33.0},{"$id":"190","sounds":[{"d":0.17142868,"p":56,"v":96}],"pos":-2.0,"size":1.0,"_time":33.0859375},{"$id":"191","sounds":[{"d":0.17142868,"p":61,"v":96}],"size":1.0,"_time":33.0859375},{"$id":"192","sounds":[{"d":0.2571411,"p":53,"v":96}],"pos":5.625,"size":1.0,"_time":33.171875},{"$id":"193","sounds":[{"d":0.08571243,"p":56,"v":96}],"pos":-2.0,"size":1.0,"_time":33.2578125},{"$id":"194","sounds":[{"d":0.2571411,"p":61,"v":96}],"size":1.0,"_time":33.34375},{"$id":"195","sounds":[{"d":0.8571434,"p":53,"v":96}],"pos":5.625,"size":1.0,"_time":33.4296875},{"$id":"196","sounds":[{"d":0.08571243,"p":58,"v":96}],"pos":-1.5,"size":0.6999999,"_time":33.6015625},{"$id":"197","pos":1.5,"size":0.6999999,"_time":33.6015625},{"$id":"198","sounds":[{"d":0.08571243,"p":65,"v":96}],"pos":-1.14616358,"size":0.9,"_time":33.6875},{"$id":"199","pos":1.14616239,"size":0.9,"_time":33.6875},{"$id":"200","sounds":[{"d":0.08571243,"p":70,"v":96}],"pos":-0.792326,"size":1.1,"_time":33.76953},{"$id":"201","pos":0.80511713,"size":1.1,"_time":33.76953},{"$id":"202","sounds":[{"d":0.08571243,"p":68,"v":96}],"pos":-0.5,"size":1.30000007,"_time":33.85547},{"$id":"203","pos":0.5,"size":1.30000007,"_time":33.85547},{"$id":"204","sounds":[{"d":0.08571243,"p":65,"v":96}],"pos":-1.5,"size":2.0,"_time":33.9414063},{"$id":"205","pos":1.5,"size":2.0,"_time":33.9414063},{"$id":"206","sounds":[{"d":0.08571243,"p":61,"v":96}],"pos":-0.5,"size":1.30000007,"_time":34.0273438},{"$id":"207","pos":0.5,"size":1.30000007,"_time":34.0273438},{"$id":"208","sounds":[{"d":0.08571243,"p":60,"v":96}],"pos":-0.805114865,"size":1.1,"_time":34.11328},{"$id":"209","pos":0.829477251,"size":1.1,"_time":34.11328},{"$id":"210","sounds":[{"d":0.4285698,"p":56,"v":96}],"pos":-1.14616251,"size":0.9,"_time":34.19922},{"$id":"211","pos":1.1461637,"size":0.9,"_time":34.19922},{"$id":"212","sounds":[{"d":0.17142868,"p":42,"v":100}],"pos":-1.5,"size":0.6999999,"_time":34.2851563},{"$id":"213","pos":1.5,"size":0.6999999,"_time":34.2851563},{"$id":"214","sounds":[{"d":0.342857361,"p":54,"v":100}],"pos":5.75,"size":1.0,"_time":34.45703},{"$id":"215","sounds":[{"d":0.2571411,"p":58,"v":96}],"pos":-1.0,"size":1.0,"_time":34.6289063},{"$id":"216","sounds":[{"d":0.2571411,"p":65,"v":96}],"pos":2.0,"size":1.0,"_time":34.6289063},{"$id":"217","sounds":[{"d":0.2571411,"p":54,"v":100}],"pos":5.75,"size":1.0,"_time":34.80078},{"$id":"218","sounds":[{"d":0.2571411,"p":58,"v":96}],"pos":-1.0,"size":1.0,"_time":34.88672},{"$id":"219","sounds":[{"d":0.2571411,"p":65,"v":96}],"pos":2.0,"size":1.0,"_time":34.88672},{"$id":"220","sounds":[{"d":0.2571411,"p":54,"v":100}],"pos":5.75,"size":1.0,"_time":35.0585938},{"$id":"221","sounds":[{"d":0.2571411,"p":58,"v":96}],"pos":-1.0,"size":1.0,"_time":35.14453},{"$id":"222","sounds":[{"d":0.2571411,"p":63,"v":96}],"pos":1.0,"size":1.0,"_time":35.14453},{"$id":"223","sounds":[{"d":0.342857361,"p":54,"v":100}],"pos":5.75,"size":1.0,"_time":35.3125},{"$id":"224","sounds":[{"d":0.342857361,"p":58,"v":96}],"pos":-1.0,"size":1.0,"_time":35.3984375},{"$id":"225","sounds":[{"d":0.342857361,"p":63,"v":96}],"pos":1.0,"size":1.0,"_time":35.3984375},{"$id":"226","sounds":[{"d":0.2571411,"p":54,"v":100}],"pos":5.75,"size":1.0,"_time":35.65625},{"$id":"227","sounds":[{"d":0.2571411,"p":58,"v":96}],"pos":-1.0,"size":1.0,"_time":35.7421875},{"$id":"228","sounds":[{"d":0.2571411,"p":65,"v":96}],"pos":2.0,"size":1.0,"_time":35.7421875},{"$id":"229","sounds":[{"d":0.2571411,"p":54,"v":100}],"pos":5.75,"size":1.0,"_time":35.9140625},{"$id":"230","sounds":[{"d":0.2571411,"p":58,"v":96}],"pos":-1.0,"size":1.0,"_time":36.0},{"$id":"231","sounds":[{"d":0.2571411,"p":65,"v":96}],"pos":2.0,"size":1.0,"_time":36.0},{"$id":"232","sounds":[{"d":0.2571411,"p":54,"v":100}],"pos":5.75,"size":1.0,"_time":36.171875},{"$id":"233","sounds":[{"d":0.2571411,"p":58,"v":96}],"pos":-1.0,"size":1.0,"_time":36.2578125},{"$id":"234","sounds":[{"d":0.2571411,"p":63,"v":96}],"pos":1.0,"size":1.0,"_time":36.2578125},{"$id":"235","sounds":[{"d":0.5999985,"p":54,"v":100}],"pos":5.75,"size":1.0,"_time":36.4296875},{"$id":"236","sounds":[{"d":0.17142868,"p":58,"v":96}],"pos":-1.0,"size":1.0,"_time":36.515625},{"$id":"237","sounds":[{"d":0.17142868,"p":63,"v":96}],"pos":1.0,"size":1.0,"_time":36.515625},{"$id":"238","sounds":[{"d":0.17142868,"p":65,"v":96}],"pos":2.0,"size":1.0,"_time":36.6875},{"$id":"239","sounds":[{"d":0.17142868,"p":58,"v":96}],"pos":-1.0,"size":1.0,"_time":36.6875},{"$id":"240","sounds":[{"d":0.514286041,"p":63,"v":96}],"pos":1.0,"size":1.0,"_time":36.85547},{"$id":"241","sounds":[{"d":0.17142868,"p":41,"v":100}],"pos":4.125,"size":1.0,"_time":37.0273438},{"$id":"242","sounds":[{"d":0.342857361,"p":53,"v":100}],"pos":5.625,"size":1.0,"_time":37.19922},{"$id":"243","sounds":[{"d":0.2571411,"p":56,"v":96}],"pos":-2.0,"size":1.0,"_time":37.3710938},{"$id":"244","sounds":[{"d":0.2571411,"p":63,"v":96}],"pos":1.0,"size":1.0,"_time":37.3710938},{"$id":"245","sounds":[{"d":0.2571411,"p":53,"v":100}],"pos":5.625,"size":1.0,"_time":37.54297},{"$id":"246","sounds":[{"d":0.2571411,"p":56,"v":96}],"pos":-2.0,"size":1.0,"_time":37.6289063},{"$id":"247","sounds":[{"d":0.2571411,"p":63,"v":96}],"pos":1.0,"size":1.0,"_time":37.6289063},{"$id":"248","sounds":[{"d":0.5999985,"p":53,"v":100}],"pos":5.625,"size":1.0,"_time":37.80078},{"$id":"249","sounds":[{"d":0.17142868,"p":63,"v":96}],"pos":1.0,"size":1.0,"_time":37.88672},{"$id":"250","sounds":[{"d":0.17142868,"p":56,"v":96}],"pos":-2.0,"size":1.0,"_time":37.88672},{"$id":"251","sounds":[{"d":0.17142868,"p":65,"v":96}],"pos":2.0,"size":1.0,"_time":38.0585938},{"$id":"252","sounds":[{"d":0.17142868,"p":56,"v":96}],"pos":-2.0,"size":1.0,"_time":38.0585938},{"$id":"253","sounds":[{"d":0.342857361,"p":63,"v":96}],"pos":1.0,"size":1.0,"_time":38.23047},{"$id":"254","sounds":[{"d":0.08571243,"p":46,"v":100}],"pos":4.75,"size":1.0,"_time":38.3984375},{"$id":"255","sounds":[{"d":0.17142868,"p":53,"v":100}],"pos":5.625,"size":1.0,"_time":38.484375},{"$id":"256","sounds":[{"d":0.17142868,"p":56,"v":96}],"pos":-2.0,"size":1.0,"_time":38.5703125},{"$id":"257","sounds":[{"d":0.17142868,"p":61,"v":96}],"size":1.0,"_time":38.5703125},{"$id":"258","sounds":[{"d":0.2571411,"p":53,"v":100}],"pos":5.625,"size":1.0,"_time":38.65625},{"$id":"259","sounds":[{"d":0.08571243,"p":56,"v":96}],"pos":-2.0,"size":1.0,"_time":38.7421875},{"$id":"260","sounds":[{"d":0.2571411,"p":61,"v":96}],"size":1.0,"_time":38.828125},{"$id":"261","sounds":[{"d":0.8571434,"p":53,"v":100}],"pos":5.625,"size":1.0,"_time":38.9140625},{"$id":"262","sounds":[{"d":0.17142868,"p":56,"v":96}],"pos":-2.0,"size":1.0,"_time":39.0859375},{"$id":"263","sounds":[{"d":0.17142868,"p":65,"v":96}],"pos":2.0,"size":1.0,"_time":39.0859375},{"$id":"264","sounds":[{"d":0.17142868,"p":63,"v":96}],"pos":1.0,"size":1.0,"_time":39.2578125},{"$id":"265","sounds":[{"d":0.17142868,"p":61,"v":96}],"size":1.0,"_time":39.4296875},{"$id":"266","sounds":[{"d":0.514286041,"p":60,"v":96}],"pos":-1.0,"size":1.0,"_time":39.6015625},{"$id":"267","sounds":[{"d":0.17142868,"p":39,"v":100}],"pos":3.875,"size":1.0,"_time":39.76953},{"$id":"268","sounds":[{"d":0.342857361,"p":51,"v":100}],"pos":5.375,"size":1.0,"_time":39.9414063},{"$id":"269","sounds":[{"d":0.2571411,"p":58,"v":96}],"pos":-1.0,"size":1.0,"_time":40.11328},{"$id":"270","sounds":[{"d":0.2571411,"p":61,"v":96}],"size":1.0,"_time":40.11328},{"$id":"271","sounds":[{"d":0.2571411,"p":51,"v":100}],"pos":5.375,"size":1.0,"_time":40.2851563},{"$id":"272","sounds":[{"d":0.2571411,"p":58,"v":96}],"pos":-1.0,"size":1.0,"_time":40.3710938},{"$id":"273","sounds":[{"d":0.2571411,"p":61,"v":96}],"size":1.0,"_time":40.3710938},{"$id":"274","sounds":[{"d":0.2571411,"p":51,"v":100}],"pos":5.375,"size":1.0,"_time":40.54297},{"$id":"275","sounds":[{"d":0.2571411,"p":58,"v":96}],"pos":-1.0,"size":1.0,"_time":40.6289063},{"$id":"276","sounds":[{"d":0.2571411,"p":63,"v":96}],"pos":1.0,"size":1.0,"_time":40.6289063},{"$id":"277","sounds":[{"d":0.342857361,"p":51,"v":100}],"pos":5.375,"size":1.0,"_time":40.80078},{"$id":"278","sounds":[{"d":0.342857361,"p":58,"v":96}],"pos":-1.0,"size":1.0,"_time":40.88672},{"$id":"279","sounds":[{"d":0.342857361,"p":61,"v":96}],"size":1.0,"_time":40.88672},{"$id":"280","sounds":[{"d":0.2571411,"p":53,"v":100}],"pos":5.625,"size":1.0,"_time":41.14453},{"$id":"281","sounds":[{"d":0.2571411,"p":41,"v":100}],"pos":4.125,"size":1.0,"_time":41.14453},{"$id":"282","sounds":[{"d":0.2571411,"p":65,"v":96}],"pos":2.0,"size":1.0,"_time":41.23047},{"$id":"283","sounds":[{"d":0.2571411,"p":56,"v":96}],"pos":-2.0,"size":1.0,"_time":41.23047},{"$id":"284","sounds":[{"d":0.2571411,"p":53,"v":100}],"pos":5.625,"size":1.0,"_time":41.3984375},{"$id":"285","sounds":[{"d":0.2571411,"p":56,"v":96}],"pos":-2.0,"size":1.0,"_time":41.484375},{"$id":"286","sounds":[{"d":0.2571411,"p":65,"v":96}],"pos":2.0,"size":1.0,"_time":41.484375},{"$id":"287","sounds":[{"d":0.2571411,"p":53,"v":100}],"pos":5.625,"size":1.0,"_time":41.65625},{"$id":"288","sounds":[{"d":0.2571411,"p":56,"v":96}],"pos":-2.0,"size":1.0,"_time":41.7421875},{"$id":"289","sounds":[{"d":0.2571411,"p":63,"v":96}],"pos":1.0,"size":1.0,"_time":41.7421875},{"$id":"290","sounds":[{"d":0.5999985,"p":53,"v":100}],"pos":5.625,"size":1.0,"_time":41.9140625},{"$id":"291","sounds":[{"d":0.17142868,"p":56,"v":96}],"pos":-2.0,"size":1.0,"_time":42.0},{"$id":"292","sounds":[{"d":0.17142868,"p":63,"v":96}],"pos":1.0,"size":1.0,"_time":42.0},{"$id":"293","sounds":[{"d":0.17142868,"p":65,"v":96}],"pos":2.0,"size":1.0,"_time":42.171875},{"$id":"294","sounds":[{"d":0.17142868,"p":56,"v":96}],"pos":-2.0,"size":1.0,"_time":42.171875},{"$id":"295","sounds":[{"d":0.514286041,"p":63,"v":96}],"pos":1.0,"size":1.0,"_time":42.34375},{"$id":"296","sounds":[{"d":0.17142868,"p":42,"v":100}],"pos":4.25,"size":1.0,"_time":42.515625},{"$id":"297","sounds":[{"d":0.342857361,"p":54,"v":100}],"pos":5.75,"size":1.0,"_time":42.6875},{"$id":"298","sounds":[{"d":0.2571411,"p":65,"v":96}],"pos":2.0,"size":1.0,"_time":42.85547},{"$id":"299","sounds":[{"d":0.2571411,"p":58,"v":96}],"pos":-1.0,"size":1.0,"_time":42.85547},{"$id":"300","sounds":[{"d":0.2571411,"p":54,"v":100}],"pos":5.75,"size":1.0,"_time":43.0273438},{"$id":"301","sounds":[{"d":0.2571411,"p":58,"v":96}],"pos":-1.0,"size":1.0,"_time":43.11328},{"$id":"302","sounds":[{"d":0.2571411,"p":65,"v":96}],"pos":2.0,"size":1.0,"_time":43.11328},{"$id":"303","sounds":[{"d":0.5999985,"p":54,"v":100}],"pos":5.75,"size":1.0,"_time":43.2851563},{"$id":"304","sounds":[{"d":0.17142868,"p":58,"v":96}],"pos":-1.0,"size":1.0,"_time":43.3710938},{"$id":"305","sounds":[{"d":0.17142868,"p":63,"v":96}],"pos":1.0,"size":1.0,"_time":43.3710938},{"$id":"306","sounds":[{"d":0.17142868,"p":58,"v":96}],"pos":-1.0,"size":1.0,"_time":43.54297},{"$id":"307","sounds":[{"d":0.17142868,"p":65,"v":96}],"pos":2.0,"size":1.0,"_time":43.54297},{"$id":"308","sounds":[{"d":0.342857361,"p":63,"v":96}],"pos":1.0,"size":1.0,"_time":43.7148438},{"$id":"309","sounds":[{"d":0.08571243,"p":44,"v":108}],"pos":4.5,"size":1.0,"_time":43.88672},{"$id":"310","sounds":[{"d":0.17142868,"p":51,"v":108}],"pos":5.0,"size":1.0,"_time":43.9726563},{"$id":"311","sounds":[{"d":0.17142868,"p":65,"v":96}],"pos":2.0,"size":1.0,"_time":44.0585938},{"$id":"312","sounds":[{"d":0.17142868,"p":56,"v":96}],"pos":-2.0,"size":1.0,"_time":44.0585938},{"$id":"313","sounds":[{"d":0.2571411,"p":51,"v":108}],"pos":5.0,"size":1.0,"_time":44.14453},{"$id":"314","sounds":[{"d":0.08571243,"p":56,"v":96}],"pos":-2.0,"size":1.0,"_time":44.23047},{"$id":"315","sounds":[{"d":0.2571411,"p":63,"v":96}],"pos":1.0,"size":1.0,"_time":44.3125},{"$id":"316","sounds":[{"d":0.8571434,"p":51,"v":108}],"pos":5.375,"size":1.0,"_time":44.3984375},{"$id":"317","sounds":[{"d":0.08571243,"p":58,"v":96}],"pos":-1.5,"size":0.6999999,"_time":44.5703125},{"$id":"318","pos":1.5,"size":0.6999999,"_time":44.5703125},{"$id":"319","sounds":[{"d":0.08571243,"p":65,"v":96}],"pos":-1.14616239,"size":0.9,"_time":44.65625},{"$id":"320","pos":1.19488287,"size":0.9,"_time":44.65625},{"$id":"321","sounds":[{"d":0.08571243,"p":70,"v":96}],"pos":-0.8294783,"size":1.1,"_time":44.7421875},{"$id":"322","pos":0.8538364,"size":1.1,"_time":44.7421875},{"$id":"323","sounds":[{"d":0.08571243,"p":68,"v":96}],"pos":-0.5,"size":1.30000007,"_time":44.828125},{"$id":"324","pos":0.5,"size":1.30000007,"_time":44.828125},{"$id":"325","sounds":[{"d":0.08571243,"p":65,"v":96}],"pos":-1.5,"size":2.0,"_time":44.9140625},{"$id":"326","pos":1.5,"size":2.0,"_time":44.9140625},{"$id":"327","sounds":[{"d":0.08571243,"p":63,"v":96}],"pos":-0.5,"size":1.30000007,"_time":45.0},{"$id":"328","pos":0.5,"size":1.30000007,"_time":45.0},{"$id":"329","sounds":[{"d":0.08571243,"p":61,"v":96}],"pos":-0.805115938,"size":1.1,"_time":45.0859375},{"$id":"330","pos":0.8294762,"size":1.1,"_time":45.0859375},{"$id":"331","sounds":[{"d":0.08571243,"p":60,"v":96}],"pos":-1.14616251,"size":0.9,"_time":45.171875},{"$id":"332","pos":1.1461637,"size":0.9,"_time":45.171875},{"$id":"333","sounds":[{"d":5.48571,"p":30,"v":100}],"pos":5.5,"size":1.0,"_time":45.2578125},{"$id":"334","sounds":[{"d":5.48571,"p":42,"v":99}],"pos":7.0,"size":1.0,"_time":45.2578125},{"$id":"335","pos":1.5,"size":0.6999999,"_time":45.2578125},{"$id":"336","sounds":[{"d":0.17142868,"p":58,"v":100}],"pos":-1.5,"size":0.6999999,"_time":45.2578125},{"$id":"337","sounds":[{"d":0.17142868,"p":65,"v":96}],"pos":-2.0,"size":1.0,"_time":45.4296875},{"$id":"338","sounds":[{"d":0.17142868,"p":70,"v":90}],"pos":-1.0,"size":1.0,"_time":45.6015625},{"$id":"339","sounds":[{"d":0.17142868,"p":77,"v":90}],"pos":1.0,"size":1.0,"_time":45.76953},{"$id":"340","sounds":[{"d":0.17142868,"p":65,"v":85}],"pos":-2.0,"size":1.0,"_time":45.9414063},{"$id":"341","sounds":[{"d":0.17142868,"p":70,"v":81}],"pos":-1.0,"size":1.0,"_time":46.11328},{"$id":"342","sounds":[{"d":0.17142868,"p":77,"v":81}],"pos":1.0,"size":1.0,"_time":46.2851563},{"$id":"343","sounds":[{"d":0.17142868,"p":65,"v":80}],"pos":-2.0,"size":1.0,"_time":46.45703},{"$id":"344","sounds":[{"d":0.17142868,"p":70,"v":77}],"pos":-1.0,"size":1.0,"_time":46.6289063},{"$id":"345","sounds":[{"d":0.17142868,"p":77,"v":77}],"pos":1.0,"size":1.0,"_time":46.80078},{"$id":"346","sounds":[{"d":0.17142868,"p":65,"v":68}],"pos":-2.0,"size":1.0,"_time":46.9726563},{"$id":"347","sounds":[{"d":0.17142868,"p":70,"v":74}],"pos":-1.0,"size":1.0,"_time":47.14453},{"$id":"348","sounds":[{"d":0.17142868,"p":77,"v":67}],"pos":1.0,"size":1.0,"_time":47.3125},{"$id":"349","sounds":[{"d":0.17142868,"p":70,"v":62}],"pos":-1.0,"size":1.0,"_time":47.484375},{"$id":"350","sounds":[{"d":0.17142868,"p":75,"v":64}],"size":1.0,"_time":47.65625},{"$id":"351","sounds":[{"d":0.17142868,"p":77,"v":60}],"pos":1.0,"size":1.0,"_time":47.828125},{"$id":"352","sounds":[{"d":0.17142868,"p":65,"v":59}],"pos":-2.0,"size":1.0,"_time":48.0},{"$id":"353","sounds":[{"d":0.17142868,"p":70,"v":52}],"pos":-1.0,"size":1.0,"_time":48.171875},{"$id":"354","sounds":[{"d":0.17142868,"p":77,"v":55}],"pos":1.0,"size":1.0,"_time":48.34375},{"$id":"355","sounds":[{"d":0.17142868,"p":65,"v":51}],"pos":-2.0,"size":1.0,"_time":48.515625},{"$id":"356","sounds":[{"d":0.17142868,"p":70,"v":47}],"pos":-1.0,"size":1.0,"_time":48.6875},{"$id":"357","sounds":[{"d":0.17142868,"p":77,"v":51}],"pos":1.0,"size":1.0,"_time":48.85547},{"$id":"358","sounds":[{"d":0.17142868,"p":65,"v":43}],"pos":-2.0,"size":1.0,"_time":49.0273438},{"$id":"359","sounds":[{"d":0.17142868,"p":70,"v":37}],"pos":-1.0,"size":1.0,"_time":49.19922},{"$id":"360","sounds":[{"d":0.17142868,"p":77,"v":40}],"pos":1.0,"size":1.0,"_time":49.3710938},{"$id":"361","sounds":[{"d":0.17142868,"p":65,"v":41}],"pos":-2.0,"size":1.0,"_time":49.54297},{"$id":"362","sounds":[{"d":0.17142868,"p":70,"v":37}],"pos":-1.0,"size":1.0,"_time":49.7148438},{"$id":"363","sounds":[{"d":0.17142868,"p":77,"v":32}],"pos":1.0,"size":1.0,"_time":49.88672},{"$id":"364","sounds":[{"d":0.17142868,"p":82,"v":30}],"size":1.0,"_time":50.0585938},{"$id":"365","pos":5.5,"size":1.0,"_time":50.0585938},{"$id":"366","sounds":[{"d":0.17142868,"p":77,"v":24}],"pos":-1.0,"size":1.0,"_time":50.2265625},{"$id":"367","pos":6.0,"size":1.0,"_time":50.2265625},{"$id":"368","sounds":[{"d":0.17142868,"p":89,"v":23}],"pos":2.0,"size":0.999999762,"_time":50.3984375},{"$id":"369","pos":5.0,"size":2.0,"_time":50.3984375},{"$id":"370","sounds":[{"d":0.17142868,"p":82,"v":21}],"size":1.0,"_time":50.5703125},{"$id":"371","pos":6.0,"size":1.0,"_time":50.5703125},{"$id":"372","sounds":[{"d":5.48571,"p":30,"v":104},{"d":5.48571,"p":42,"v":78}],"pos":6.0,"size":1.0,"_time":50.7421875},{"$id":"373","sounds":[{"d":0.17142868,"p":58,"v":16}],"pos":-1.0,"size":1.0,"_time":50.7421875},{"$id":"374","sounds":[{"d":0.17142868,"p":65,"v":22}],"pos":-2.0,"size":1.0,"_time":50.9140625},{"$id":"375","sounds":[{"d":0.17142868,"p":70,"v":24}],"pos":-1.0,"size":1.0,"_time":51.0859375},{"$id":"376","sounds":[{"d":0.17142868,"p":77,"v":25}],"pos":1.0,"size":1.0,"_time":51.2578125},{"$id":"377","sounds":[{"d":0.17142868,"p":65,"v":31}],"pos":-2.0,"size":1.0,"_time":51.4296875},{"$id":"378","sounds":[{"d":0.17142868,"p":70,"v":33}],"pos":-1.0,"size":1.0,"_time":51.6015625},{"$id":"379","sounds":[{"d":0.17142868,"p":77,"v":38}],"pos":1.0,"size":1.0,"_time":51.76953},{"$id":"380","sounds":[{"d":0.17142868,"p":65,"v":44}],"pos":-2.0,"size":1.0,"_time":51.9414063},{"$id":"381","sounds":[{"d":0.17142868,"p":70,"v":42}],"pos":-1.0,"size":1.0,"_time":52.11328},{"$id":"382","sounds":[{"d":0.17142868,"p":77,"v":41}],"pos":1.0,"size":1.0,"_time":52.2851563},{"$id":"383","sounds":[{"d":0.17142868,"p":65,"v":48}],"pos":-2.0,"size":1.0,"_time":52.45703},{"$id":"384","sounds":[{"d":0.17142868,"p":70,"v":54}],"pos":-1.0,"size":1.0,"_time":52.6289063},{"$id":"385","sounds":[{"d":0.17142868,"p":77,"v":57}],"pos":1.0,"size":1.0,"_time":52.80078},{"$id":"386","sounds":[{"d":0.17142868,"p":70,"v":51}],"pos":-1.0,"size":1.0,"_time":52.9726563},{"$id":"387","sounds":[{"d":0.17142868,"p":75,"v":60}],"size":1.0,"_time":53.14453},{"$id":"388","sounds":[{"d":0.17142868,"p":77,"v":66}],"pos":1.0,"size":1.0,"_time":53.3125},{"$id":"389","sounds":[{"d":0.17142868,"p":65,"v":69}],"pos":-2.0,"size":1.0,"_time":53.484375},{"$id":"390","sounds":[{"d":0.17142868,"p":70,"v":66}],"pos":-1.0,"size":1.0,"_time":53.65625},{"$id":"391","sounds":[{"d":0.17142868,"p":77,"v":74}],"pos":1.0,"size":1.0,"_time":53.828125},{"$id":"392","sounds":[{"d":0.17142868,"p":65,"v":69}],"pos":-2.0,"size":1.0,"_time":54.0},{"$id":"393","sounds":[{"d":0.17142868,"p":70,"v":72}],"pos":-1.0,"size":1.0,"_time":54.171875},{"$id":"394","sounds":[{"d":0.17142868,"p":77,"v":78}],"pos":1.0,"size":1.0,"_time":54.34375},{"$id":"395","sounds":[{"d":0.17142868,"p":65,"v":83}],"pos":-2.0,"size":1.0,"_time":54.515625},{"$id":"396","sounds":[{"d":0.17142868,"p":70,"v":88}],"pos":-1.0,"size":1.0,"_time":54.6875},{"$id":"397","sounds":[{"d":0.17142868,"p":77,"v":90}],"pos":1.0,"size":1.0,"_time":54.85547},{"$id":"398","sounds":[{"d":0.17142868,"p":82,"v":93}],"size":1.0,"_time":55.0273438},{"$id":"399","sounds":[{"d":0.17142868,"p":89,"v":96}],"pos":2.0,"size":1.0,"_time":55.19922},{"$id":"400","sounds":[{"d":0.17142868,"p":82,"v":91}],"size":1.0,"_time":55.3710938},{"$id":"401","sounds":[{"d":0.08571243,"p":58,"v":93}],"pos":-2.0,"size":1.0,"_time":55.54297},{"$id":"402","sounds":[{"d":0.08571243,"p":60,"v":93}],"pos":-1.5,"size":1.0,"_time":55.6289063},{"$id":"403","sounds":[{"d":0.08571243,"p":61,"v":96}],"pos":-1.0,"size":1.0,"_time":55.7148438},{"$id":"404","sounds":[{"d":0.08571243,"p":63,"v":94}],"pos":-0.5,"size":1.0,"_time":55.80078},{"$id":"405","sounds":[{"d":0.08571243,"p":65,"v":99}],"size":1.0,"_time":55.88672},{"$id":"406","sounds":[{"d":0.08571243,"p":66,"v":93}],"pos":0.5,"size":1.0,"_time":55.9726563},{"$id":"407","sounds":[{"d":0.08571243,"p":68,"v":97}],"pos":1.0,"size":1.0,"_time":56.0585938},{"$id":"408","sounds":[{"d":0.08571243,"p":69,"v":100}],"pos":1.5,"size":1.0,"_time":56.14453},{"$id":"409","sounds":[{"d":0.17142868,"p":70,"v":99}],"pos":2.0,"size":1.0,"_time":56.2265625},{"$id":"410","sounds":[{"d":0.17142868,"p":46,"v":95}],"pos":4.75,"size":1.0,"_time":56.23047},{"$id":"411","sounds":[{"d":0.17142868,"p":53,"v":94}],"pos":5.625,"size":1.0,"_time":56.3984375},{"$id":"412","sounds":[{"d":0.17142868,"p":65,"v":97}],"size":1.0,"_time":56.3984375},{"$id":"413","sounds":[{"d":0.17142868,"p":56,"v":96}],"pos":6.0,"size":1.0,"_time":56.5703125},{"$id":"414","sounds":[{"d":0.17142868,"p":73,"v":95}],"pos":1.0,"size":1.0,"_time":56.5703125},{"$id":"415","sounds":[{"d":0.8571434,"p":61,"v":97}],"pos":6.625,"size":1.0,"_time":56.7421875},{"$id":"416","sounds":[{"d":0.17142868,"p":72,"v":93}],"pos":-1.0,"size":1.0,"_time":56.7421875},{"$id":"417","sounds":[{"d":0.17142868,"p":77,"v":97}],"size":1.0,"_time":56.9140625},{"$id":"418","sounds":[{"d":0.17142868,"p":72,"v":99}],"pos":-2.0,"size":1.0,"_time":57.0859375},{"$id":"419","sounds":[{"d":0.17142868,"p":84,"v":93}],"pos":1.0,"size":1.0,"_time":57.2578125},{"$id":"420","sounds":[{"d":0.17142868,"p":82,"v":99}],"pos":-1.0,"size":1.0,"_time":57.4296875},{"$id":"421","sounds":[{"d":0.17142868,"p":45,"v":96}],"pos":4.625,"size":1.0,"_time":57.6015625},{"$id":"422","sounds":[{"d":0.17142868,"p":84,"v":92}],"pos":1.0,"size":1.0,"_time":57.6015625},{"$id":"423","sounds":[{"d":0.17142868,"p":53,"v":99}],"pos":5.625,"size":1.0,"_time":57.76953},{"$id":"424","sounds":[{"d":0.17142868,"p":77,"v":94}],"size":1.0,"_time":57.76953},{"$id":"425","sounds":[{"d":0.17142868,"p":57,"v":92}],"pos":6.125,"size":1.0,"_time":57.9414063},{"$id":"426","sounds":[{"d":0.17142868,"p":84,"v":99}],"pos":1.0,"size":1.0,"_time":57.9414063},{"$id":"427","sounds":[{"d":0.8571434,"p":60,"v":100}],"pos":6.5,"size":1.0,"_time":58.11328},{"$id":"428","sounds":[{"d":0.17142868,"p":87,"v":92}],"pos":2.0,"size":1.0,"_time":58.11328},{"$id":"429","sounds":[{"d":0.08571243,"p":89,"v":97}],"pos":2.0,"size":1.0,"_time":58.2851563},{"$id":"430","sounds":[{"d":0.08571243,"p":87,"v":95}],"pos":1.5,"size":1.0,"_time":58.3710938},{"$id":"431","sounds":[{"d":0.08571243,"p":85,"v":92}],"pos":1.0,"size":1.0,"_time":58.45703},{"$id":"432","sounds":[{"d":0.08571243,"p":84,"v":95}],"pos":0.5,"size":1.0,"_time":58.54297},{"$id":"433","sounds":[{"d":0.08571243,"p":82,"v":92}],"size":1.0,"_time":58.6289063},{"$id":"434","sounds":[{"d":0.08571243,"p":81,"v":91}],"pos":-0.5,"size":1.0,"_time":58.7148438},{"$id":"435","sounds":[{"d":0.08571243,"p":82,"v":98}],"size":1.0,"_time":58.80078},{"$id":"436","sounds":[{"d":0.08571243,"p":84,"v":95}],"pos":0.5,"size":1.0,"_time":58.88672},{"$id":"437","sounds":[{"d":0.17142868,"p":44,"v":96}],"pos":4.5,"size":1.0,"_time":58.9726563},{"$id":"438","sounds":[{"d":0.17142868,"p":85,"v":92}],"pos":1.0,"size":1.0,"_time":58.9726563},{"$id":"439","sounds":[{"d":0.17142868,"p":53,"v":93}],"pos":5.625,"size":1.0,"_time":59.14453},{"$id":"440","sounds":[{"d":0.17142868,"p":77,"v":94}],"pos":-2.0,"size":1.0,"_time":59.14453},{"$id":"441","sounds":[{"d":0.17142868,"p":58,"v":97}],"pos":6.25,"size":1.0,"_time":59.3125},{"$id":"442","sounds":[{"d":0.17142868,"p":82,"v":96}],"pos":-1.0,"size":1.0,"_time":59.3125},{"$id":"443","sounds":[{"d":0.8571434,"p":61,"v":96}],"pos":6.625,"size":1.0,"_time":59.484375},{"$id":"444","sounds":[{"d":0.17142868,"p":85,"v":97}],"size":1.0,"_time":59.484375},{"$id":"445","sounds":[{"d":0.17142868,"p":87,"v":94}],"pos":1.0,"size":1.0,"_time":59.65625},{"$id":"446","sounds":[{"d":0.17142868,"p":85,"v":94}],"pos":-1.0,"size":1.0,"_time":59.828125},{"$id":"447","sounds":[{"d":0.17142868,"p":89,"v":93}],"size":1.0,"_time":60.0},{"$id":"448","sounds":[{"d":0.17142868,"p":82,"v":91}],"pos":-2.0,"size":1.0,"_time":60.171875},{"$id":"449","sounds":[{"d":0.17142868,"p":43,"v":97}],"pos":4.375,"size":1.0,"_time":60.34375},{"$id":"450","sounds":[{"d":0.08571243,"p":94,"v":94}],"pos":2.0,"size":1.0,"_time":60.34375},{"$id":"451","sounds":[{"d":0.08571243,"p":92,"v":96}],"pos":1.5,"size":1.0,"_time":60.4296875},{"$id":"452","sounds":[{"d":0.17142868,"p":51,"v":92}],"pos":5.375,"size":1.0,"_time":60.515625},{"$id":"453","sounds":[{"d":0.08571243,"p":89,"v":99}],"pos":0.5,"size":1.0,"_time":60.515625},{"$id":"454","sounds":[{"d":0.08571243,"p":82,"v":92}],"pos":-0.5,"size":1.0,"_time":60.6015625},{"$id":"455","sounds":[{"d":0.17142868,"p":55,"v":97}],"pos":5.875,"size":1.0,"_time":60.6875},{"$id":"456","sounds":[{"d":0.08571243,"p":89,"v":99}],"pos":1.5,"size":1.0,"_time":60.6875},{"$id":"457","sounds":[{"d":0.08571243,"p":87,"v":100}],"pos":1.0,"size":1.0,"_time":60.76953},{"$id":"458","sounds":[{"d":0.8571434,"p":58,"v":96}],"pos":6.25,"size":1.0,"_time":60.85547},{"$id":"459","sounds":[{"d":0.08571243,"p":82,"v":98}],"size":1.0,"_time":60.85547},{"$id":"460","sounds":[{"d":0.08571243,"p":77,"v":101}],"pos":-1.0,"size":1.0,"_time":60.9414063},{"$id":"461","sounds":[{"d":0.08571243,"p":82,"v":99}],"pos":1.0,"size":1.0,"_time":61.0273438},{"$id":"462","sounds":[{"d":0.08571243,"p":77,"v":94}],"pos":0.5,"size":1.0,"_time":61.11328},{"$id":"463","sounds":[{"d":0.08571243,"p":75,"v":98}],"pos":-0.5,"size":1.0,"_time":61.19922},{"$id":"464","sounds":[{"d":0.08571243,"p":70,"v":92}],"pos":-1.5,"size":1.0,"_time":61.2851563},{"$id":"465","sounds":[{"d":0.08571243,"p":77,"v":96}],"pos":0.5,"size":1.0,"_time":61.3710938},{"$id":"466","sounds":[{"d":0.08571243,"p":70,"v":97}],"size":1.0,"_time":61.45703},{"$id":"467","sounds":[{"d":0.08571243,"p":68,"v":95}],"pos":-1.0,"size":1.0,"_time":61.54297},{"$id":"468","sounds":[{"d":0.08571243,"p":63,"v":98}],"pos":-2.0,"size":1.0,"_time":61.6289063},{"$id":"469","sounds":[{"d":0.17142868,"p":39,"v":94}],"pos":3.5,"size":1.0,"_time":61.7148438},{"$id":"470","sounds":[{"d":0.17142868,"p":70,"v":95}],"size":1.0,"_time":61.7148438},{"$id":"471","sounds":[{"d":0.17142868,"p":46,"v":100}],"pos":4.75,"size":1.0,"_time":61.88672},{"$id":"472","pos":-1.5,"size":0.6999999,"_time":61.88672},{"$id":"473","sounds":[{"d":0.08571243,"p":63,"v":98}],"pos":0.5,"size":0.6999999,"_time":61.88672},{"$id":"474","pos":-1.0,"size":0.9,"_time":61.9726563},{"$id":"475","sounds":[{"d":0.08571243,"p":65,"v":93}],"size":0.9,"_time":61.9726563},{"$id":"476","sounds":[{"d":0.17142868,"p":51,"v":95}],"pos":5.375,"size":1.0,"_time":62.0585938},{"$id":"477","pos":-2.0,"size":1.30000007,"_time":62.0585938},{"$id":"478","sounds":[{"d":0.08571243,"p":70,"v":93}],"pos":1.0,"size":1.30000007,"_time":62.0585938},{"$id":"479","pos":-1.0,"size":0.9,"_time":62.14453},{"$id":"480","sounds":[{"d":0.08571243,"p":68,"v":100}],"size":0.9,"_time":62.14453},{"$id":"481","pos":-1.5,"size":0.6999999,"_time":62.2265625},{"$id":"482","sounds":[{"d":0.342857361,"p":77,"v":94}],"pos":0.5,"size":0.6999999,"_time":62.2265625},{"$id":"483","sounds":[{"d":0.342857361,"p":54,"v":91}],"pos":5.75,"size":1.0,"_time":62.23047},{"$id":"484","sounds":[{"d":0.17142868,"p":51,"v":96}],"pos":5.375,"size":1.0,"_time":62.5703125},{"$id":"485","pos":-0.5,"size":0.6999999,"_time":62.5703125},{"$id":"486","sounds":[{"d":0.08571243,"p":68,"v":101}],"pos":1.5,"size":0.6999999,"_time":62.5703125},{"$id":"487","size":0.9,"_time":62.65625},{"$id":"488","sounds":[{"d":0.08571243,"p":72,"v":94}],"pos":1.0,"size":0.9,"_time":62.65625},{"$id":"489","sounds":[{"d":0.17142868,"p":61,"v":99}],"pos":6.625,"size":1.0,"_time":62.7421875},{"$id":"490","pos":-1.0,"size":1.30000007,"_time":62.7421875},{"$id":"491","sounds":[{"d":0.08571243,"p":77,"v":99}],"pos":2.0,"size":1.30000007,"_time":62.7421875},{"$id":"492","size":0.9,"_time":62.828125},{"$id":"493","sounds":[{"d":0.08571243,"p":72,"v":98}],"pos":1.0,"size":0.9,"_time":62.828125},{"$id":"494","sounds":[{"d":0.17142868,"p":54,"v":98}],"pos":5.75,"size":1.0,"_time":62.9140625},{"$id":"495","pos":-0.5,"size":0.6999999,"_time":62.9140625},{"$id":"496","sounds":[{"d":0.17142868,"p":80,"v":93}],"pos":1.5,"size":0.6999999,"_time":62.9140625},{"$id":"497","sounds":[{"d":0.17142868,"p":41,"v":95}],"pos":4.125,"size":1.0,"_time":63.0859375},{"$id":"498","sounds":[{"d":0.08571243,"p":87,"v":98}],"pos":2.0,"size":1.0,"_time":63.0859375},{"$id":"499","sounds":[{"d":0.08571243,"p":85,"v":97}],"pos":1.5,"size":1.0,"_time":63.171875},{"$id":"500","sounds":[{"d":0.17142868,"p":48,"v":95}],"pos":5.0,"size":1.0,"_time":63.2578125},{"$id":"501","sounds":[{"d":0.08571243,"p":84,"v":92}],"pos":1.0,"size":1.0,"_time":63.2578125},{"$id":"502","sounds":[{"d":0.08571243,"p":82,"v":98}],"pos":0.5,"size":1.0,"_time":63.34375},{"$id":"503","sounds":[{"d":0.17142868,"p":56,"v":92}],"pos":6.0,"size":1.0,"_time":63.4296875},{"$id":"504","sounds":[{"d":0.17142868,"p":80,"v":99}],"size":1.0,"_time":63.4296875},{"$id":"505","sounds":[{"d":0.17142868,"p":53,"v":93}],"pos":5.625,"size":1.0,"_time":63.6015625},{"$id":"506","sounds":[{"d":0.08571243,"p":82,"v":92}],"pos":1.0,"size":1.0,"_time":63.6015625},{"$id":"507","sounds":[{"d":0.08571243,"p":80,"v":98}],"pos":0.5,"size":1.0,"_time":63.6875},{"$id":"508","sounds":[{"d":0.17142868,"p":60,"v":93}],"pos":6.5,"size":1.0,"_time":63.76953},{"$id":"509","sounds":[{"d":0.08571243,"p":77,"v":98}],"size":1.0,"_time":63.76953},{"$id":"510","sounds":[{"d":0.08571243,"p":75,"v":96}],"pos":-0.5,"size":1.0,"_time":63.85547},{"$id":"511","sounds":[{"d":0.171424866,"p":56,"v":92}],"pos":6.0,"size":1.0,"_time":63.9414063},{"$id":"512","sounds":[{"d":0.17142868,"p":72,"v":100}],"pos":-1.0,"size":1.0,"_time":63.9414063},{"$id":"513","sounds":[{"d":0.171424866,"p":53,"v":95}],"pos":5.625,"size":1.0,"_time":64.11328},{"$id":"514","sounds":[{"d":0.08571625,"p":77,"v":92}],"size":1.0,"_time":64.11328},{"$id":"515","sounds":[{"d":0.08571625,"p":75,"v":91}],"pos":-0.5,"size":1.0,"_time":64.19922},{"$id":"516","sounds":[{"d":0.171424866,"p":48,"v":94}],"pos":5.0,"size":1.0,"_time":64.28516},{"$id":"517","sounds":[{"d":0.08571625,"p":73,"v":99}],"pos":-1.0,"size":1.0,"_time":64.28516},{"$id":"518","sounds":[{"d":0.08571625,"p":72,"v":94}],"pos":-1.5,"size":1.0,"_time":64.37109},{"$id":"519","sounds":[{"d":0.171424866,"p":42,"v":92}],"pos":4.25,"size":1.0,"_time":64.45703},{"$id":"520","sounds":[{"d":0.2571411,"p":70,"v":99}],"pos":-2.0,"size":1.0,"_time":64.45703},{"$id":"521","sounds":[{"d":0.171424866,"p":49,"v":96}],"pos":5.125,"size":1.0,"_time":64.62891},{"$id":"522","sounds":[{"d":0.2571411,"p":68,"v":93}],"pos":-2.0,"size":1.0,"_time":64.71484},{"$id":"523","sounds":[{"d":0.171424866,"p":54,"v":95}],"pos":5.75,"size":1.0,"_time":64.80078},{"$id":"524","sounds":[{"d":0.171424866,"p":49,"v":97}],"pos":5.125,"size":1.0,"_time":64.97266},{"$id":"525","sounds":[{"d":0.171424866,"p":70,"v":99}],"pos":-1.0,"size":1.0,"_time":64.97266},{"$id":"526","sounds":[{"d":0.171424866,"p":58,"v":100}],"pos":6.25,"size":1.0,"_time":65.14453},{"$id":"527","sounds":[{"d":0.342857361,"p":80,"v":98}],"size":1.0,"_time":65.14453},{"$id":"528","sounds":[{"d":0.171424866,"p":54,"v":96}],"pos":5.75,"size":1.0,"_time":65.3125},{"$id":"529","sounds":[{"d":0.171424866,"p":49,"v":92}],"pos":5.125,"size":1.0,"_time":65.484375},{"$id":"530","sounds":[{"d":0.342857361,"p":82,"v":93}],"pos":1.0,"size":1.0,"_time":65.484375},{"$id":"531","sounds":[{"d":0.171424866,"p":42,"v":96}],"pos":4.25,"size":1.0,"_time":65.65625},{"$id":"532","sounds":[{"d":0.6857147,"p":44,"v":83}],"pos":4.5,"size":1.0,"_time":65.828125},{"$id":"533","sounds":[{"d":0.6857147,"p":89,"v":98}],"pos":2.0,"size":1.0,"_time":65.828125},{"$id":"534","sounds":[{"d":0.6857147,"p":45,"v":85},{"d":0.6857147,"p":53,"v":79},{"d":0.6857147,"p":57,"v":88}],"pos":-1.5,"size":1.30000007,"_time":66.515625},{"$id":"535","sounds":[{"d":0.08571625,"p":96,"v":98}],"pos":1.5,"size":1.0,"_time":66.515625},{"$id":"536","sounds":[{"d":0.08571625,"p":97,"v":96}],"pos":2.0,"size":1.0,"_time":66.60156},{"$id":"537","sounds":[{"d":0.08571625,"p":96,"v":92}],"pos":2.0,"size":1.0,"_time":66.6875},{"$id":"538","sounds":[{"d":0.08571625,"p":92,"v":96}],"pos":1.560292,"size":1.0,"_time":66.76953},{"$id":"539","sounds":[{"d":0.08571625,"p":89,"v":95}],"pos":1.0,"size":1.0,"_time":66.85547},{"$id":"540","sounds":[{"d":0.08571625,"p":87,"v":96}],"pos":0.5,"size":1.0,"_time":66.94141},{"$id":"541","sounds":[{"d":0.08571625,"p":85,"v":100}],"pos":0.121802285,"size":1.0,"_time":67.02734},{"$id":"542","sounds":[{"d":0.08571625,"p":84,"v":93}],"pos":-0.2192454,"size":1.0,"_time":67.11328},{"$id":"543","sounds":[{"d":1.37142944,"p":53,"v":87},{"d":1.37142944,"p":46,"v":92},{"d":1.37142944,"p":61,"v":92},{"d":1.37142944,"p":58,"v":93}],"pos":-2.0,"size":1.30000007,"_time":67.19922},{"$id":"544","sounds":[{"d":1.02857208,"p":82,"v":99}],"pos":-0.5,"size":1.0,"_time":67.19922},{"$id":"545","sounds":[{"d":0.342857361,"p":80,"v":92}],"size":1.0,"_time":68.22656},{"$id":"546","sounds":[{"d":1.37142944,"p":45,"v":90},{"d":1.37142944,"p":57,"v":85},{"d":1.37142944,"p":53,"v":88},{"d":1.37142944,"p":60,"v":84}],"pos":-1.0,"size":1.30000007,"_time":68.57031},{"$id":"547","sounds":[{"d":1.02857208,"p":82,"v":97}],"pos":1.0,"size":1.0,"_time":68.57031},{"$id":"548","sounds":[{"d":0.342857361,"p":84,"v":92}],"size":1.0,"_time":69.60156},{"$id":"549","sounds":[{"d":1.37142944,"p":44,"v":92},{"d":1.37142944,"p":58,"v":92},{"d":1.37142944,"p":61,"v":92},{"d":1.37142944,"p":53,"v":92}],"pos":-2.0,"size":1.30000007,"_time":69.94141},{"$id":"550","sounds":[{"d":0.6857147,"p":87,"v":93}],"pos":2.0,"size":1.0,"_time":69.94141},{"$id":"551","sounds":[{"d":0.6857147,"p":85,"v":93}],"pos":1.0,"size":1.0,"_time":70.62891},{"$id":"552","sounds":[{"d":1.37142944,"p":51,"v":85},{"d":1.37142944,"p":43,"v":88},{"d":1.37142944,"p":58,"v":84},{"d":1.37142944,"p":55,"v":85}],"pos":-2.0,"size":1.30000007,"_time":71.3125},{"$id":"553","sounds":[{"d":0.6857147,"p":84,"v":94}],"size":1.0,"_time":71.3125},{"$id":"554","sounds":[{"d":0.6857147,"p":85,"v":97}],"pos":1.0,"size":1.0,"_time":72.0},{"$id":"555","sounds":[{"d":1.37142944,"p":39,"v":89},{"d":1.37142944,"p":54,"v":86},{"d":1.37142944,"p":51,"v":91},{"d":1.37142944,"p":46,"v":85}],"pos":-2.0,"size":1.30000007,"_time":72.6875},{"$id":"556","sounds":[{"d":1.02857208,"p":82,"v":99}],"pos":2.0,"size":1.0,"_time":72.6875},{"$id":"557","sounds":[{"d":0.342857361,"p":80,"v":93}],"size":1.0,"_time":73.71484},{"$id":"558","sounds":[{"d":1.02857208,"p":82,"v":92}],"pos":1.0,"size":1.0,"_time":74.05859},{"$id":"559","sounds":[{"d":1.37142944,"p":53,"v":91},{"d":1.37142944,"p":56,"v":92},{"d":1.37142944,"p":41,"v":87},{"d":1.37142944,"p":48,"v":89}],"pos":-1.0,"size":1.30000007,"_time":74.05859},{"$id":"560","sounds":[{"d":0.342857361,"p":89,"v":97}],"size":1.0,"_time":75.08594},{"$id":"561","sounds":[{"d":1.37142944,"p":42,"v":85},{"d":1.37142944,"p":49,"v":91},{"d":1.37142944,"p":58,"v":85},{"d":1.37142944,"p":54,"v":89}],"pos":-2.0,"size":1.30000007,"_time":75.42969},{"$id":"562","sounds":[{"d":0.6857147,"p":92,"v":97}],"pos":2.0,"size":1.0,"_time":75.42969},{"$id":"563","sounds":[{"d":0.6857147,"p":89,"v":95}],"pos":-1.0,"size":1.0,"_time":76.11328},{"$id":"564","sounds":[{"d":0.6857147,"p":51,"v":86},{"d":0.6857147,"p":44,"v":91},{"d":0.6857147,"p":61,"v":91},{"d":0.6857147,"p":56,"v":84}],"size":1.30000007,"_time":76.80078},{"$id":"565","sounds":[{"d":0.6857147,"p":97,"v":95}],"pos":2.0,"size":1.0,"_time":76.80078},{"$id":"566","sounds":[{"d":0.6857147,"p":96,"v":93},{"d":0.6857147,"p":60,"v":84}],"pos":-1.0,"size":1.0,"_time":77.484375},{"$id":"567","sounds":[{"d":1.37142944,"p":53,"v":88},{"d":1.37142944,"p":46,"v":91},{"d":1.37142944,"p":61,"v":93},{"d":1.37142944,"p":58,"v":91}],"pos":-2.0,"size":1.30000007,"_time":78.171875},{"$id":"568","sounds":[{"d":0.171424866,"p":70,"v":99}],"pos":2.0,"size":1.0,"_time":78.171875},{"$id":"569","sounds":[{"d":0.171424866,"p":65,"v":97}],"pos":-1.0,"size":1.0,"_time":78.34375},{"$id":"570","sounds":[{"d":0.171424866,"p":73,"v":95}],"pos":1.0,"size":1.0,"_time":78.515625},{"$id":"571","sounds":[{"d":0.171424866,"p":72,"v":93}],"pos":-2.0,"size":1.0,"_time":78.6875},{"$id":"572","sounds":[{"d":0.171424866,"p":77,"v":97}],"pos":1.0,"size":1.0,"_time":78.85547},{"$id":"573","sounds":[{"d":0.171424866,"p":72,"v":99}],"pos":-1.0,"size":1.0,"_time":79.02734},{"$id":"574","sounds":[{"d":0.171424866,"p":84,"v":93}],"pos":2.0,"size":1.0,"_time":79.19922},{"$id":"575","sounds":[{"d":0.171424866,"p":82,"v":99}],"size":1.0,"_time":79.37109},{"$id":"576","sounds":[{"d":1.37142944,"p":53,"v":94},{"d":1.37142944,"p":45,"v":91},{"d":1.37142944,"p":60,"v":88},{"d":1.37142944,"p":57,"v":87}],"pos":-2.0,"size":1.30000007,"_time":79.54297},{"$id":"577","sounds":[{"d":0.171424866,"p":84,"v":92}],"pos":1.0,"size":1.0,"_time":79.54297},{"$id":"578","sounds":[{"d":0.171424866,"p":77,"v":94}],"pos":-1.0,"size":1.0,"_time":79.71484},{"$id":"579","sounds":[{"d":0.171424866,"p":84,"v":99}],"size":1.0,"_time":79.88672},{"$id":"580","sounds":[{"d":0.171424866,"p":87,"v":92}],"pos":1.0,"size":1.0,"_time":80.05859},{"$id":"581","sounds":[{"d":0.08571625,"p":89,"v":97}],"pos":2.0,"size":1.0,"_time":80.22656},{"$id":"582","sounds":[{"d":0.08571625,"p":87,"v":95}],"pos":1.5,"size":1.0,"_time":80.3125},{"$id":"583","sounds":[{"d":0.08571625,"p":85,"v":92}],"pos":1.0,"size":1.0,"_time":80.39844},{"$id":"584","sounds":[{"d":0.08571625,"p":84,"v":95}],"pos":0.5,"size":1.0,"_time":80.484375},{"$id":"585","sounds":[{"d":0.08571625,"p":82,"v":92}],"size":1.0,"_time":80.57031},{"$id":"586","sounds":[{"d":0.08571625,"p":81,"v":91}],"pos":-0.5,"size":1.0,"_time":80.65625},{"$id":"587","sounds":[{"d":0.08571625,"p":82,"v":98}],"size":1.0,"_time":80.74219},{"$id":"588","sounds":[{"d":0.08571625,"p":84,"v":95}],"pos":0.5,"size":1.0,"_time":80.828125},{"$id":"589","sounds":[{"d":0.171424866,"p":85,"v":92}],"pos":1.0,"size":1.0,"_time":80.91406},{"$id":"590","sounds":[{"d":1.37142944,"p":58,"v":90},{"d":1.37142944,"p":44,"v":93},{"d":1.37142944,"p":53,"v":92},{"d":1.37142944,"p":61,"v":88}],"pos":-1.0,"size":1.30000007,"_time":80.91406},{"$id":"591","sounds":[{"d":0.171424866,"p":77,"v":94}],"pos":-2.0,"size":1.0,"_time":81.08594},{"$id":"592","sounds":[{"d":0.171424866,"p":82,"v":96}],"pos":-1.0,"size":1.0,"_time":81.25781},{"$id":"593","sounds":[{"d":0.171424866,"p":85,"v":97}],"size":1.0,"_time":81.42969},{"$id":"594","sounds":[{"d":0.171424866,"p":87,"v":94}],"pos":1.0,"size":1.0,"_time":81.60156},{"$id":"595","sounds":[{"d":0.171424866,"p":85,"v":94}],"pos":-1.0,"size":1.0,"_time":81.76953},{"$id":"596","sounds":[{"d":0.171424866,"p":89,"v":93}],"pos":2.0,"size":1.0,"_time":81.94141},{"$id":"597","sounds":[{"d":0.171424866,"p":82,"v":91}],"size":1.0,"_time":82.11328},{"$id":"598","sounds":[{"d":1.37142944,"p":51,"v":89}],"pos":5.375,"size":1.0,"_time":82.28516},{"$id":"599","sounds":[{"d":1.37142944,"p":43,"v":87}],"pos":4.375,"size":1.0,"_time":82.28516},{"$id":"600","sounds":[{"d":1.37142944,"p":58,"v":90}],"pos":6.25,"size":1.0,"_time":82.28516},{"$id":"601","sounds":[{"d":1.37142944,"p":55,"v":90}],"pos":5.875,"size":1.0,"_time":82.28516},{"$id":"602","sounds":[{"d":0.08571625,"p":94,"v":94}],"pos":2.0,"size":1.0,"_time":82.28516},{"$id":"603","sounds":[{"d":0.08571625,"p":92,"v":96}],"pos":1.5,"size":1.0,"_time":82.37109},{"$id":"604","sounds":[{"d":0.08571625,"p":89,"v":99}],"pos":0.5,"size":1.0,"_time":82.45703},{"$id":"605","sounds":[{"d":0.08571625,"p":82,"v":92}],"pos":-0.5,"size":1.0,"_time":82.54297},{"$id":"606","sounds":[{"d":0.08571625,"p":89,"v":99}],"pos":1.5,"size":1.0,"_time":82.62891},{"$id":"607","sounds":[{"d":0.08571625,"p":87,"v":100}],"pos":1.0,"size":1.0,"_time":82.71484},{"$id":"608","sounds":[{"d":0.08571625,"p":82,"v":98}],"size":1.0,"_time":82.80078},{"$id":"609","sounds":[{"d":0.08571625,"p":77,"v":101}],"pos":-1.0,"size":1.0,"_time":82.88672},{"$id":"610","sounds":[{"d":0.08571625,"p":82,"v":99}],"pos":1.0,"size":1.0,"_time":82.97266},{"$id":"611","sounds":[{"d":0.08571625,"p":77,"v":94}],"pos":0.5,"size":1.0,"_time":83.05859},{"$id":"612","sounds":[{"d":0.08571625,"p":75,"v":98}],"pos":-0.5,"size":1.0,"_time":83.14453},{"$id":"613","sounds":[{"d":0.08571625,"p":70,"v":92}],"pos":-1.5,"size":1.0,"_time":83.22656},{"$id":"614","sounds":[{"d":0.08571625,"p":77,"v":96}],"pos":0.5,"size":1.0,"_time":83.3125},{"$id":"615","sounds":[{"d":0.08571625,"p":70,"v":97}],"size":1.0,"_time":83.39844},{"$id":"616","sounds":[{"d":0.08571625,"p":68,"v":95}],"pos":-1.0,"size":1.0,"_time":83.484375},{"$id":"617","sounds":[{"d":0.08571625,"p":63,"v":98}],"pos":-2.0,"size":1.0,"_time":83.57031},{"$id":"618","sounds":[{"d":1.37142944,"p":46,"v":95}],"pos":7.0,"size":1.29999983,"_time":83.65625},{"$id":"619","sounds":[{"d":0.171424866,"p":66,"v":99}],"size":0.999999762,"_time":83.65625},{"$id":"620","sounds":[{"d":1.37142944,"p":51,"v":92}],"pos":9.0,"size":1.29999983,"_time":83.65625},{"$id":"621","sounds":[{"d":1.37142944,"p":39,"v":88}],"pos":5.0,"size":1.29999983,"_time":83.65625},{"$id":"622","sounds":[{"d":1.37142944,"p":54,"v":90}],"pos":8.0,"size":1.29999983,"_time":83.65625},{"$id":"623","sounds":[{"d":0.08571625,"p":58,"v":98}],"pos":-2.0,"size":1.0,"_time":83.828125},{"$id":"624","sounds":[{"d":0.08571625,"p":63,"v":105}],"pos":-1.0,"size":1.0,"_time":83.91406},{"$id":"625","sounds":[{"d":0.08571625,"p":66,"v":101}],"size":1.0,"_time":84.0},{"$id":"626","sounds":[{"d":0.08571625,"p":65,"v":103}],"pos":-2.0,"size":1.0,"_time":84.08594},{"$id":"627","sounds":[{"d":0.08571625,"p":70,"v":98}],"size":1.0,"_time":84.171875},{"$id":"628","sounds":[{"d":0.08571625,"p":66,"v":101}],"pos":-2.0,"size":1.0,"_time":84.25781},{"$id":"629","sounds":[{"d":0.08571625,"p":73,"v":103}],"pos":1.0,"size":1.0,"_time":84.34375},{"$id":"630","sounds":[{"d":0.08571625,"p":72,"v":97}],"pos":-1.0,"size":1.0,"_time":84.42969},{"$id":"631","sounds":[{"d":0.08571625,"p":77,"v":96}],"pos":1.0,"size":1.0,"_time":84.515625},{"$id":"632","sounds":[{"d":0.08571625,"p":73,"v":104}],"pos":-1.0,"size":1.0,"_time":84.60156},{"$id":"633","sounds":[{"d":0.08571625,"p":82,"v":100}],"pos":2.0,"size":1.0,"_time":84.6875},{"$id":"634","sounds":[{"d":0.08571625,"p":77,"v":105}],"size":1.0,"_time":84.76953},{"$id":"635","sounds":[{"d":0.08571625,"p":89,"v":103}],"pos":2.0,"size":1.0,"_time":84.85547},{"$id":"636","sounds":[{"d":0.08571625,"p":85,"v":104}],"size":1.0,"_time":84.94141},{"$id":"637","sounds":[{"d":0.171424866,"p":84,"v":101}],"pos":1.0,"size":0.999999762,"_time":85.02734},{"$id":"638","sounds":[{"d":1.37142944,"p":48,"v":94},{"d":1.37142944,"p":53,"v":96},{"d":1.37142944,"p":41,"v":97},{"d":1.37142944,"p":56,"v":95}],"pos":5.5,"size":1.29999983,"_time":85.02734},{"$id":"639","sounds":[{"d":0.08571625,"p":60,"v":98}],"pos":-2.0,"size":1.0,"_time":85.19922},{"$id":"640","sounds":[{"d":0.08571625,"p":63,"v":96}],"pos":-1.5,"size":1.0,"_time":85.28516},{"$id":"641","sounds":[{"d":0.08571625,"p":65,"v":99}],"pos":-1.0,"size":1.0,"_time":85.37109},{"$id":"642","sounds":[{"d":0.08571625,"p":68,"v":99}],"pos":-0.5,"size":1.0,"_time":85.45703},{"$id":"643","sounds":[{"d":0.08571625,"p":72,"v":105}],"size":1.0,"_time":85.54297},{"$id":"644","sounds":[{"d":0.08571625,"p":75,"v":105}],"pos":0.5,"size":1.0,"_time":85.62891},{"$id":"645","sounds":[{"d":0.08571625,"p":80,"v":96}],"pos":1.0,"size":1.0,"_time":85.71484},{"$id":"646","sounds":[{"d":0.08571625,"p":77,"v":98}],"pos":-1.0,"size":1.0,"_time":85.80078},{"$id":"647","sounds":[{"d":0.08571625,"p":84,"v":100}],"pos":1.0,"size":1.0,"_time":85.88672},{"$id":"648","sounds":[{"d":0.08571625,"p":80,"v":98}],"pos":-1.0,"size":1.0,"_time":85.97266},{"$id":"649","sounds":[{"d":0.08571625,"p":87,"v":100}],"pos":1.5,"size":1.0,"_time":86.05859},{"$id":"650","sounds":[{"d":0.08571625,"p":84,"v":105}],"pos":-0.5,"size":1.0,"_time":86.14453},{"$id":"651","sounds":[{"d":0.08571625,"p":92,"v":98}],"pos":1.5,"size":1.0,"_time":86.22656},{"$id":"652","sounds":[{"d":0.08571625,"p":87,"v":100}],"pos":-0.5,"size":1.0,"_time":86.3125},{"$id":"653","sounds":[{"d":1.37142944,"p":42,"v":88},{"d":1.37142944,"p":54,"v":90},{"d":1.37142944,"p":58,"v":95},{"d":1.37142944,"p":49,"v":94}],"pos":7.0,"size":1.30000007,"_time":86.39844},{"$id":"654","sounds":[{"d":0.08571625,"p":94,"v":103}],"pos":2.0,"size":1.0,"_time":86.39844},{"$id":"655","sounds":[{"d":0.08571625,"p":89,"v":100}],"pos":1.5,"size":1.0,"_time":86.484375},{"$id":"656","sounds":[{"d":0.08571625,"p":85,"v":98}],"pos":0.5,"size":1.0,"_time":86.57031},{"$id":"657","sounds":[{"d":0.08571625,"p":82,"v":102}],"pos":-0.5,"size":1.0,"_time":86.65625},{"$id":"658","sounds":[{"d":0.08571625,"p":89,"v":96}],"pos":1.5,"size":1.0,"_time":86.74219},{"$id":"659","sounds":[{"d":0.08571625,"p":85,"v":101}],"pos":1.0,"size":1.0,"_time":86.828125},{"$id":"660","sounds":[{"d":0.08571625,"p":82,"v":102}],"size":1.0,"_time":86.91406},{"$id":"661","sounds":[{"d":0.08571625,"p":77,"v":100}],"pos":-1.0,"size":1.0,"_time":87.0},{"$id":"662","sounds":[{"d":0.08571625,"p":85,"v":104}],"pos":1.0,"size":1.0,"_time":87.08594},{"$id":"663","sounds":[{"d":0.08571625,"p":82,"v":98}],"pos":0.5,"size":1.0,"_time":87.171875},{"$id":"664","sounds":[{"d":0.08571625,"p":77,"v":96}],"pos":-0.5,"size":1.0,"_time":87.25781},{"$id":"665","sounds":[{"d":0.08571625,"p":73,"v":102}],"pos":-1.5,"size":1.0,"_time":87.34375},{"$id":"666","sounds":[{"d":0.08571625,"p":82,"v":104}],"pos":0.5,"size":1.0,"_time":87.42969},{"$id":"667","sounds":[{"d":0.08571625,"p":77,"v":103}],"size":1.0,"_time":87.515625},{"$id":"668","sounds":[{"d":0.08571625,"p":73,"v":100}],"pos":-1.0,"size":1.0,"_time":87.60156},{"$id":"669","sounds":[{"d":0.08571625,"p":70,"v":99}],"pos":-2.0,"size":1.0,"_time":87.6875},{"$id":"670","sounds":[{"d":1.37142944,"p":44,"v":91}],"pos":4.5,"size":1.0,"_time":87.76953},{"$id":"671","sounds":[{"d":1.37142944,"p":51,"v":93}],"pos":5.375,"size":1.0,"_time":87.76953},{"$id":"672","sounds":[{"d":1.37142944,"p":56,"v":92}],"pos":6.0,"size":1.0,"_time":87.76953},{"$id":"673","sounds":[{"d":0.08571625,"p":75,"v":101}],"pos":2.0,"size":1.0,"_time":87.76953},{"$id":"674","sounds":[{"d":0.08571625,"p":72,"v":96}],"pos":1.0,"size":1.0,"_time":87.85547},{"$id":"675","sounds":[{"d":0.08571625,"p":68,"v":96}],"pos":0.5,"size":1.0,"_time":87.94141},{"$id":"676","sounds":[{"d":0.08571625,"p":63,"v":97}],"size":1.0,"_time":88.02734},{"$id":"677","sounds":[{"d":0.08571625,"p":68,"v":105}],"size":1.0,"_time":88.11328},{"$id":"678","sounds":[{"d":0.08571625,"p":63,"v":96}],"pos":0.5,"size":1.0,"_time":88.19922},{"$id":"679","sounds":[{"d":0.08571625,"p":60,"v":105}],"pos":1.0,"size":1.0,"_time":88.28516},{"$id":"680","sounds":[{"d":1.11428833,"p":56,"v":95}],"pos":2.0,"size":1.0,"_time":88.37109},{"$id":"681","sounds":[{"d":0.171424866,"p":42,"v":100}],"pos":4.25,"size":1.0,"_time":89.14453},{"$id":"682","sounds":[{"d":0.342857361,"p":54,"v":99}],"pos":5.75,"size":1.0,"_time":89.3125},{"$id":"683","sounds":[{"d":0.2571411,"p":58,"v":99}],"pos":-1.0,"size":1.0,"_time":89.484375},{"$id":"684","sounds":[{"d":0.2571411,"p":65,"v":100}],"pos":2.0,"size":1.0,"_time":89.484375},{"$id":"685","sounds":[{"d":0.2571411,"p":54,"v":96}],"pos":5.75,"size":1.0,"_time":89.65625},{"$id":"686","sounds":[{"d":0.2571411,"p":58,"v":98}],"pos":-1.0,"size":1.0,"_time":89.74219},{"$id":"687","sounds":[{"d":0.2571411,"p":65,"v":96}],"pos":2.0,"size":1.0,"_time":89.74219},{"$id":"688","sounds":[{"d":0.2571411,"p":54,"v":98}],"pos":5.75,"size":1.0,"_time":89.91406},{"$id":"689","sounds":[{"d":0.2571411,"p":58,"v":94}],"pos":-1.0,"size":1.0,"_time":90.0},{"$id":"690","sounds":[{"d":0.2571411,"p":63,"v":95}],"pos":1.0,"size":1.0,"_time":90.0},{"$id":"691","sounds":[{"d":0.342857361,"p":54,"v":95}],"pos":5.75,"size":1.0,"_time":90.171875},{"$id":"692","sounds":[{"d":0.342857361,"p":58,"v":97}],"pos":-1.0,"size":1.0,"_time":90.25781},{"$id":"693","sounds":[{"d":0.342857361,"p":63,"v":96}],"pos":1.0,"size":1.0,"_time":90.25781},{"$id":"694","sounds":[{"d":0.2571411,"p":54,"v":94}],"pos":5.75,"size":1.0,"_time":90.515625},{"$id":"695","sounds":[{"d":0.2571411,"p":58,"v":99}],"pos":-1.0,"size":1.0,"_time":90.60156},{"$id":"696","sounds":[{"d":0.2571411,"p":65,"v":96}],"pos":2.0,"size":1.0,"_time":90.60156},{"$id":"697","sounds":[{"d":0.2571411,"p":54,"v":96}],"pos":5.75,"size":1.0,"_time":90.76953},{"$id":"698","sounds":[{"d":0.2571411,"p":58,"v":100}],"pos":-1.0,"size":1.0,"_time":90.85547},{"$id":"699","sounds":[{"d":0.2571411,"p":65,"v":92}],"pos":2.0,"size":1.0,"_time":90.85547},{"$id":"700","sounds":[{"d":0.2571411,"p":54,"v":97}],"pos":5.75,"size":1.0,"_time":91.02734},{"$id":"701","sounds":[{"d":0.2571411,"p":58,"v":93}],"pos":-1.0,"size":1.0,"_time":91.11328},{"$id":"702","sounds":[{"d":0.2571411,"p":63,"v":96}],"pos":1.0,"size":1.0,"_time":91.11328},{"$id":"703","sounds":[{"d":0.5999985,"p":54,"v":96}],"pos":5.75,"size":1.0,"_time":91.28516},{"$id":"704","sounds":[{"d":0.171424866,"p":58,"v":96}],"pos":-1.0,"size":1.0,"_time":91.37109},{"$id":"705","sounds":[{"d":0.171424866,"p":63,"v":97}],"pos":1.0,"size":1.0,"_time":91.37109},{"$id":"706","sounds":[{"d":0.171424866,"p":65,"v":92}],"pos":2.0,"size":1.0,"_time":91.54297},{"$id":"707","sounds":[{"d":0.171424866,"p":58,"v":97}],"pos":-1.0,"size":1.0,"_time":91.54297},{"$id":"708","sounds":[{"d":0.5142822,"p":63,"v":97}],"pos":1.0,"size":1.0,"_time":91.71484},{"$id":"709","sounds":[{"d":0.171424866,"p":41,"v":99}],"pos":4.125,"size":1.0,"_time":91.88672},{"$id":"710","sounds":[{"d":0.342857361,"p":53,"v":92}],"pos":5.625,"size":1.0,"_time":92.05859},{"$id":"711","sounds":[{"d":0.2571411,"p":56,"v":94}],"pos":-2.0,"size":1.0,"_time":92.22656},{"$id":"712","sounds":[{"d":0.2571411,"p":63,"v":96}],"pos":1.0,"size":1.0,"_time":92.22656},{"$id":"713","sounds":[{"d":0.2571411,"p":53,"v":100}],"pos":5.625,"size":1.0,"_time":92.39844},{"$id":"714","sounds":[{"d":0.2571411,"p":56,"v":95}],"pos":-2.0,"size":1.0,"_time":92.484375},{"$id":"715","sounds":[{"d":0.2571411,"p":63,"v":100}],"pos":1.0,"size":1.0,"_time":92.484375},{"$id":"716","sounds":[{"d":0.5999985,"p":53,"v":96}],"pos":5.625,"size":1.0,"_time":92.65625},{"$id":"717","sounds":[{"d":0.171424866,"p":63,"v":96}],"pos":1.0,"size":1.0,"_time":92.74219},{"$id":"718","sounds":[{"d":0.171424866,"p":56,"v":91}],"pos":-2.0,"size":1.0,"_time":92.74219},{"$id":"719","sounds":[{"d":0.171424866,"p":65,"v":98}],"pos":2.0,"size":1.0,"_time":92.91406},{"$id":"720","sounds":[{"d":0.171424866,"p":56,"v":99}],"pos":-2.0,"size":1.0,"_time":92.91406},{"$id":"721","sounds":[{"d":0.342857361,"p":63,"v":95}],"pos":1.0,"size":1.0,"_time":93.08594},{"$id":"722","sounds":[{"d":0.08571625,"p":46,"v":93}],"pos":4.75,"size":1.0,"_time":93.25781},{"$id":"723","sounds":[{"d":0.171424866,"p":53,"v":97}],"pos":5.625,"size":1.0,"_time":93.34375},{"$id":"724","sounds":[{"d":0.171424866,"p":56,"v":92}],"pos":-2.0,"size":1.0,"_time":93.42969},{"$id":"725","sounds":[{"d":0.171424866,"p":61,"v":95}],"size":1.0,"_time":93.42969},{"$id":"726","sounds":[{"d":0.2571411,"p":53,"v":96}],"pos":5.625,"size":1.0,"_time":93.515625},{"$id":"727","sounds":[{"d":0.08571625,"p":56,"v":93}],"pos":-2.0,"size":1.0,"_time":93.60156},{"$id":"728","sounds":[{"d":0.2571411,"p":61,"v":93}],"size":1.0,"_time":93.6875},{"$id":"729","sounds":[{"d":0.8571396,"p":53,"v":97}],"pos":5.625,"size":1.0,"_time":93.76953},{"$id":"730","sounds":[{"d":0.171424866,"p":56,"v":95}],"pos":-2.0,"size":1.0,"_time":93.94141},{"$id":"731","sounds":[{"d":0.171424866,"p":65,"v":92}],"pos":2.0,"size":1.0,"_time":93.94141},{"$id":"732","sounds":[{"d":0.171424866,"p":63,"v":94}],"pos":1.0,"size":1.0,"_time":94.11328},{"$id":"733","sounds":[{"d":0.171424866,"p":61,"v":92}],"size":1.0,"_time":94.28516},{"$id":"734","sounds":[{"d":0.5142822,"p":60,"v":96}],"pos":-1.0,"size":1.0,"_time":94.45703},{"$id":"735","sounds":[{"d":0.171424866,"p":42,"v":92}],"pos":4.25,"size":1.0,"_time":94.62891},{"$id":"736","sounds":[{"d":0.342857361,"p":54,"v":97}],"pos":5.75,"size":1.0,"_time":94.80078},{"$id":"737","sounds":[{"d":0.2571411,"p":58,"v":97}],"pos":-1.0,"size":1.0,"_time":94.97266},{"$id":"738","sounds":[{"d":0.2571411,"p":65,"v":95}],"pos":2.0,"size":1.0,"_time":94.97266},{"$id":"739","sounds":[{"d":0.2571411,"p":54,"v":96}],"pos":5.75,"size":1.0,"_time":95.14453},{"$id":"740","sounds":[{"d":0.2571411,"p":58,"v":96}],"pos":-1.0,"size":1.0,"_time":95.22656},{"$id":"741","sounds":[{"d":0.2571411,"p":65,"v":100}],"pos":2.0,"size":1.0,"_time":95.22656},{"$id":"742","sounds":[{"d":0.2571411,"p":54,"v":94}],"pos":5.75,"size":1.0,"_time":95.39844},{"$id":"743","sounds":[{"d":0.2571411,"p":58,"v":96}],"pos":-1.0,"size":1.0,"_time":95.484375},{"$id":"744","sounds":[{"d":0.2571411,"p":63,"v":92}],"pos":1.0,"size":1.0,"_time":95.484375},{"$id":"745","sounds":[{"d":0.342857361,"p":54,"v":100}],"pos":5.75,"size":1.0,"_time":95.65625},{"$id":"746","sounds":[{"d":0.342857361,"p":58,"v":100}],"pos":-1.0,"size":1.0,"_time":95.74219},{"$id":"747","sounds":[{"d":0.342857361,"p":63,"v":99}],"pos":1.0,"size":1.0,"_time":95.74219},{"$id":"748","sounds":[{"d":0.2571411,"p":54,"v":95}],"pos":5.75,"size":1.0,"_time":96.0},{"$id":"749","sounds":[{"d":0.2571411,"p":58,"v":97}],"pos":-1.0,"size":1.0,"_time":96.08594},{"$id":"750","sounds":[{"d":0.2571411,"p":65,"v":91}],"pos":2.0,"size":1.0,"_time":96.08594},{"$id":"751","sounds":[{"d":0.2571411,"p":54,"v":91}],"pos":5.75,"size":1.0,"_time":96.25781},{"$id":"752","sounds":[{"d":0.2571411,"p":58,"v":101}],"pos":-1.0,"size":1.0,"_time":96.34375},{"$id":"753","sounds":[{"d":0.2571411,"p":65,"v":100}],"pos":2.0,"size":1.0,"_time":96.34375},{"$id":"754","sounds":[{"d":0.2571411,"p":54,"v":96}],"pos":5.75,"size":1.0,"_time":96.515625},{"$id":"755","sounds":[{"d":0.2571411,"p":58,"v":100}],"pos":-1.0,"size":1.0,"_time":96.60156},{"$id":"756","sounds":[{"d":0.2571411,"p":63,"v":95}],"pos":1.0,"size":1.0,"_time":96.60156},{"$id":"757","sounds":[{"d":0.5999985,"p":54,"v":99}],"pos":5.75,"size":1.0,"_time":96.76953},{"$id":"758","sounds":[{"d":0.171424866,"p":58,"v":93}],"pos":-1.0,"size":1.0,"_time":96.85547},{"$id":"759","sounds":[{"d":0.171424866,"p":63,"v":92}],"pos":1.0,"size":1.0,"_time":96.85547},{"$id":"760","sounds":[{"d":0.171424866,"p":65,"v":98}],"pos":2.0,"size":1.0,"_time":97.02734},{"$id":"761","sounds":[{"d":0.171424866,"p":58,"v":96}],"pos":-1.0,"size":1.0,"_time":97.02734},{"$id":"762","sounds":[{"d":0.5142822,"p":63,"v":100}],"pos":1.0,"size":1.0,"_time":97.19922},{"$id":"763","sounds":[{"d":0.171424866,"p":41,"v":98}],"pos":4.125,"size":1.0,"_time":97.37109},{"$id":"764","sounds":[{"d":0.342857361,"p":53,"v":95}],"pos":5.625,"size":1.0,"_time":97.54297},{"$id":"765","sounds":[{"d":0.2571411,"p":56,"v":100}],"pos":-2.0,"size":1.0,"_time":97.71484},{"$id":"766","sounds":[{"d":0.2571411,"p":63,"v":100}],"pos":1.0,"size":1.0,"_time":97.71484},{"$id":"767","sounds":[{"d":0.2571411,"p":53,"v":95}],"pos":5.625,"size":1.0,"_time":97.88672},{"$id":"768","sounds":[{"d":0.2571411,"p":56,"v":92}],"pos":-2.0,"size":1.0,"_time":97.97266},{"$id":"769","sounds":[{"d":0.2571411,"p":63,"v":100}],"pos":1.0,"size":1.0,"_time":97.97266},{"$id":"770","sounds":[{"d":0.5999985,"p":53,"v":92}],"pos":5.625,"size":1.0,"_time":98.14453},{"$id":"771","sounds":[{"d":0.171424866,"p":63,"v":93}],"pos":1.0,"size":1.0,"_time":98.22656},{"$id":"772","sounds":[{"d":0.171424866,"p":56,"v":93}],"pos":-2.0,"size":1.0,"_time":98.22656},{"$id":"773","sounds":[{"d":0.171424866,"p":65,"v":94}],"pos":2.0,"size":1.0,"_time":98.39844},{"$id":"774","sounds":[{"d":0.171424866,"p":56,"v":96}],"pos":-2.0,"size":1.0,"_time":98.39844},{"$id":"775","sounds":[{"d":0.342857361,"p":63,"v":99}],"pos":1.0,"size":1.0,"_time":98.57031},{"$id":"776","sounds":[{"d":0.08571625,"p":46,"v":93}],"pos":4.75,"size":1.0,"_time":98.74219},{"$id":"777","sounds":[{"d":0.171424866,"p":53,"v":93}],"pos":5.625,"size":1.0,"_time":98.828125},{"$id":"778","sounds":[{"d":0.171424866,"p":56,"v":97}],"pos":-2.0,"size":1.0,"_time":98.91406},{"$id":"779","sounds":[{"d":0.171424866,"p":61,"v":93}],"size":1.0,"_time":98.91406},{"$id":"780","sounds":[{"d":0.2571411,"p":53,"v":92}],"pos":5.625,"size":1.0,"_time":99.0},{"$id":"781","sounds":[{"d":0.08571625,"p":56,"v":100}],"pos":-2.0,"size":1.0,"_time":99.08594},{"$id":"782","sounds":[{"d":0.2571411,"p":61,"v":99}],"size":1.0,"_time":99.171875},{"$id":"783","sounds":[{"d":0.8571396,"p":53,"v":95}],"pos":5.625,"size":1.0,"_time":99.25781},{"$id":"784","sounds":[{"d":0.08571625,"p":58,"v":97}],"pos":1.5,"size":0.6999999,"_time":99.42969},{"$id":"785","pos":-1.5,"size":0.6999999,"_time":99.42969},{"$id":"786","sounds":[{"d":0.08571625,"p":65,"v":95}],"pos":1.14616358,"size":0.9,"_time":99.515625},{"$id":"787","pos":-1.1461637,"size":0.9,"_time":99.515625},{"$id":"788","sounds":[{"d":0.08571625,"p":70,"v":93}],"pos":0.8294761,"size":1.1,"_time":99.60156},{"$id":"789","pos":-0.8294761,"size":1.1,"_time":99.60156},{"$id":"790","sounds":[{"d":0.08571625,"p":68,"v":97}],"pos":0.5,"size":1.30000007,"_time":99.6875},{"$id":"791","pos":-0.5,"size":1.30000007,"_time":99.6875},{"$id":"792","sounds":[{"d":0.08571625,"p":65,"v":99}],"pos":1.5,"size":2.0,"_time":99.76953},{"$id":"793","pos":-1.5,"size":2.0,"_time":99.76953},{"$id":"794","sounds":[{"d":0.08571625,"p":61,"v":93}],"pos":0.5,"size":1.30000007,"_time":99.85547},{"$id":"795","pos":-0.5,"size":1.30000007,"_time":99.85547},{"$id":"796","sounds":[{"d":0.08571625,"p":60,"v":99}],"pos":0.805115938,"size":1.1,"_time":99.94141},{"$id":"797","pos":-0.8294762,"size":1.1,"_time":99.94141},{"$id":"798","sounds":[{"d":0.4285736,"p":56,"v":92}],"pos":1.14616251,"size":0.9,"_time":100.027344},{"$id":"799","pos":-1.14616358,"size":0.9,"_time":100.027344},{"$id":"800","sounds":[{"d":0.171424866,"p":42,"v":98}],"pos":1.5,"size":0.6999999,"_time":100.113281},{"$id":"801","pos":-1.5,"size":0.6999999,"_time":100.113281},{"$id":"802","sounds":[{"d":0.342857361,"p":54,"v":96}],"pos":5.75,"size":1.0,"_time":100.285156},{"$id":"803","sounds":[{"d":0.2571411,"p":58,"v":99}],"pos":-1.0,"size":1.0,"_time":100.457031},{"$id":"804","sounds":[{"d":0.2571411,"p":65,"v":94}],"pos":2.0,"size":1.0,"_time":100.457031},{"$id":"805","sounds":[{"d":0.2571411,"p":54,"v":100}],"pos":5.75,"size":1.0,"_time":100.628906},{"$id":"806","sounds":[{"d":0.2571411,"p":58,"v":97}],"pos":-1.0,"size":1.0,"_time":100.714844},{"$id":"807","sounds":[{"d":0.2571411,"p":65,"v":92}],"pos":2.0,"size":1.0,"_time":100.714844},{"$id":"808","sounds":[{"d":0.2571411,"p":54,"v":99}],"pos":5.75,"size":1.0,"_time":100.886719},{"$id":"809","sounds":[{"d":0.2571411,"p":58,"v":92}],"pos":-1.0,"size":1.0,"_time":100.972656},{"$id":"810","sounds":[{"d":0.2571411,"p":63,"v":95}],"pos":1.0,"size":1.0,"_time":100.972656},{"$id":"811","sounds":[{"d":0.342857361,"p":54,"v":101}],"pos":5.75,"size":1.0,"_time":101.144531},{"$id":"812","sounds":[{"d":0.342857361,"p":58,"v":92}],"pos":-1.0,"size":1.0,"_time":101.226563},{"$id":"813","sounds":[{"d":0.342857361,"p":63,"v":95}],"pos":1.0,"size":1.0,"_time":101.226563},{"$id":"814","sounds":[{"d":0.2571411,"p":54,"v":104}],"pos":5.75,"size":1.0,"_time":101.484375},{"$id":"815","sounds":[{"d":0.2571411,"p":58,"v":98}],"pos":-1.0,"size":1.0,"_time":101.570313},{"$id":"816","sounds":[{"d":0.2571411,"p":65,"v":91}],"pos":2.0,"size":1.0,"_time":101.570313},{"$id":"817","sounds":[{"d":0.2571411,"p":54,"v":100}],"pos":5.75,"size":1.0,"_time":101.742188},{"$id":"818","sounds":[{"d":0.2571411,"p":58,"v":92}],"pos":-1.0,"size":1.0,"_time":101.828125},{"$id":"819","sounds":[{"d":0.2571411,"p":65,"v":95}],"pos":2.0,"size":1.0,"_time":101.828125},{"$id":"820","sounds":[{"d":0.2571411,"p":54,"v":96}],"pos":5.75,"size":1.0,"_time":102.0},{"$id":"821","sounds":[{"d":0.2571411,"p":58,"v":96}],"pos":-1.0,"size":1.0,"_time":102.085938},{"$id":"822","sounds":[{"d":0.2571411,"p":63,"v":94}],"pos":1.0,"size":1.0,"_time":102.085938},{"$id":"823","sounds":[{"d":0.5999985,"p":54,"v":100}],"pos":5.75,"size":1.0,"_time":102.257813},{"$id":"824","sounds":[{"d":0.171424866,"p":58,"v":94}],"pos":-1.0,"size":1.0,"_time":102.34375},{"$id":"825","sounds":[{"d":0.171424866,"p":63,"v":97}],"pos":1.0,"size":1.0,"_time":102.34375},{"$id":"826","sounds":[{"d":0.171424866,"p":65,"v":93}],"pos":2.0,"size":1.0,"_time":102.515625},{"$id":"827","sounds":[{"d":0.171424866,"p":58,"v":94}],"pos":-1.0,"size":1.0,"_time":102.515625},{"$id":"828","sounds":[{"d":0.5142822,"p":63,"v":91}],"pos":1.0,"size":1.0,"_time":102.6875},{"$id":"829","sounds":[{"d":0.171424866,"p":41,"v":103}],"pos":4.125,"size":1.0,"_time":102.855469},{"$id":"830","sounds":[{"d":0.342857361,"p":53,"v":104}],"pos":5.625,"size":1.0,"_time":103.027344},{"$id":"831","sounds":[{"d":0.2571411,"p":56,"v":96}],"pos":-2.0,"size":1.0,"_time":103.199219},{"$id":"832","sounds":[{"d":0.2571411,"p":63,"v":94}],"pos":1.0,"size":1.0,"_time":103.199219},{"$id":"833","sounds":[{"d":0.2571411,"p":53,"v":95}],"pos":5.625,"size":1.0,"_time":103.371094},{"$id":"834","sounds":[{"d":0.2571411,"p":56,"v":92}],"pos":-2.0,"size":1.0,"_time":103.457031},{"$id":"835","sounds":[{"d":0.2571411,"p":63,"v":99}],"pos":1.0,"size":1.0,"_time":103.457031},{"$id":"836","sounds":[{"d":0.5999985,"p":53,"v":101}],"pos":5.625,"size":1.0,"_time":103.628906},{"$id":"837","sounds":[{"d":0.171424866,"p":63,"v":100}],"pos":1.0,"size":1.0,"_time":103.714844},{"$id":"838","sounds":[{"d":0.171424866,"p":56,"v":99}],"pos":-2.0,"size":1.0,"_time":103.714844},{"$id":"839","sounds":[{"d":0.171424866,"p":65,"v":101}],"pos":2.0,"size":1.0,"_time":103.886719},{"$id":"840","sounds":[{"d":0.171424866,"p":56,"v":98}],"pos":-2.0,"size":1.0,"_time":103.886719},{"$id":"841","sounds":[{"d":0.342857361,"p":63,"v":99}],"pos":1.0,"size":1.0,"_time":104.058594},{"$id":"842","sounds":[{"d":0.08571625,"p":46,"v":104}],"pos":4.75,"size":1.0,"_time":104.226563},{"$id":"843","sounds":[{"d":0.171424866,"p":53,"v":105}],"pos":5.625,"size":1.0,"_time":104.3125},{"$id":"844","sounds":[{"d":0.171424866,"p":56,"v":98}],"pos":-2.0,"size":1.0,"_time":104.398438},{"$id":"845","sounds":[{"d":0.171424866,"p":61,"v":94}],"size":1.0,"_time":104.398438},{"$id":"846","sounds":[{"d":0.2571411,"p":53,"v":99}],"pos":5.625,"size":1.0,"_time":104.484375},{"$id":"847","sounds":[{"d":0.08571625,"p":56,"v":92}],"pos":-2.0,"size":1.0,"_time":104.570313},{"$id":"848","sounds":[{"d":0.2571411,"p":61,"v":96}],"size":1.0,"_time":104.65625},{"$id":"849","sounds":[{"d":0.8571396,"p":53,"v":104}],"pos":5.625,"size":1.0,"_time":104.742188},{"$id":"850","sounds":[{"d":0.171424866,"p":56,"v":95}],"pos":-2.0,"size":1.0,"_time":104.914063},{"$id":"851","sounds":[{"d":0.171424866,"p":65,"v":97}],"pos":2.0,"size":1.0,"_time":104.914063},{"$id":"852","sounds":[{"d":0.171424866,"p":63,"v":98}],"pos":1.0,"size":1.0,"_time":105.085938},{"$id":"853","sounds":[{"d":0.171424866,"p":61,"v":95}],"size":1.0,"_time":105.257813},{"$id":"854","sounds":[{"d":0.5142822,"p":60,"v":98}],"pos":-1.0,"size":1.0,"_time":105.429688},{"$id":"855","sounds":[{"d":0.171424866,"p":39,"v":96}],"pos":3.875,"size":1.0,"_time":105.601563},{"$id":"856","sounds":[{"d":0.342857361,"p":51,"v":97}],"pos":5.375,"size":1.0,"_time":105.769531},{"$id":"857","sounds":[{"d":0.2571411,"p":58,"v":93}],"pos":-1.0,"size":1.0,"_time":105.941406},{"$id":"858","sounds":[{"d":0.2571411,"p":61,"v":93}],"size":1.0,"_time":105.941406},{"$id":"859","sounds":[{"d":0.2571411,"p":51,"v":100}],"pos":5.375,"size":1.0,"_time":106.113281},{"$id":"860","sounds":[{"d":0.2571411,"p":58,"v":94}],"pos":-1.0,"size":1.0,"_time":106.199219},{"$id":"861","sounds":[{"d":0.2571411,"p":61,"v":100}],"size":1.0,"_time":106.199219},{"$id":"862","sounds":[{"d":0.2571411,"p":51,"v":102}],"pos":5.375,"size":1.0,"_time":106.371094},{"$id":"863","sounds":[{"d":0.2571411,"p":58,"v":94}],"pos":-1.0,"size":1.0,"_time":106.457031},{"$id":"864","sounds":[{"d":0.2571411,"p":63,"v":101}],"pos":1.0,"size":1.0,"_time":106.457031},{"$id":"865","sounds":[{"d":0.342857361,"p":51,"v":104}],"pos":5.375,"size":1.0,"_time":106.628906},{"$id":"866","sounds":[{"d":0.342857361,"p":58,"v":98}],"pos":-1.0,"size":1.0,"_time":106.714844},{"$id":"867","sounds":[{"d":0.342857361,"p":61,"v":99}],"size":1.0,"_time":106.714844},{"$id":"868","sounds":[{"d":0.2571411,"p":53,"v":104}],"pos":5.625,"size":1.0,"_time":106.972656},{"$id":"869","sounds":[{"d":0.2571411,"p":65,"v":98}],"pos":2.0,"size":1.0,"_time":107.058594},{"$id":"870","sounds":[{"d":0.2571411,"p":56,"v":93}],"pos":-2.0,"size":1.0,"_time":107.058594},{"$id":"871","sounds":[{"d":0.2571411,"p":53,"v":104}],"pos":5.625,"size":1.0,"_time":107.226563},{"$id":"872","sounds":[{"d":0.2571411,"p":56,"v":92}],"pos":-2.0,"size":1.0,"_time":107.3125},{"$id":"873","sounds":[{"d":0.2571411,"p":65,"v":97}],"pos":2.0,"size":1.0,"_time":107.3125},{"$id":"874","sounds":[{"d":0.2571411,"p":53,"v":104}],"pos":5.625,"size":1.0,"_time":107.484375},{"$id":"875","sounds":[{"d":0.2571411,"p":56,"v":99}],"pos":-2.0,"size":1.0,"_time":107.570313},{"$id":"876","sounds":[{"d":0.2571411,"p":63,"v":98}],"pos":1.0,"size":1.0,"_time":107.570313},{"$id":"877","sounds":[{"d":0.5999985,"p":53,"v":96}],"pos":5.625,"size":1.0,"_time":107.742188},{"$id":"878","sounds":[{"d":0.171424866,"p":56,"v":98}],"pos":-2.0,"size":1.0,"_time":107.828125},{"$id":"879","sounds":[{"d":0.171424866,"p":63,"v":92}],"pos":1.0,"size":1.0,"_time":107.828125},{"$id":"880","sounds":[{"d":0.171424866,"p":65,"v":96}],"pos":2.0,"size":1.0,"_time":108.0},{"$id":"881","sounds":[{"d":0.171424866,"p":56,"v":98}],"pos":-2.0,"size":1.0,"_time":108.0},{"$id":"882","sounds":[{"d":0.5142822,"p":63,"v":100}],"pos":1.0,"size":1.0,"_time":108.171875},{"$id":"883","sounds":[{"d":0.171424866,"p":42,"v":97}],"pos":4.25,"size":1.0,"_time":108.34375},{"$id":"884","sounds":[{"d":0.342857361,"p":54,"v":97}],"pos":5.75,"size":1.0,"_time":108.515625},{"$id":"885","sounds":[{"d":0.2571411,"p":65,"v":91}],"pos":2.0,"size":1.0,"_time":108.683594},{"$id":"886","sounds":[{"d":0.2571411,"p":58,"v":92}],"pos":-1.0,"size":1.0,"_time":108.683594},{"$id":"887","sounds":[{"d":0.2571411,"p":54,"v":100}],"pos":5.75,"size":1.0,"_time":108.855469},{"$id":"888","sounds":[{"d":0.2571411,"p":58,"v":94}],"pos":-1.0,"size":1.0,"_time":108.941406},{"$id":"889","sounds":[{"d":0.2571411,"p":65,"v":99}],"pos":2.0,"size":1.0,"_time":108.941406},{"$id":"890","sounds":[{"d":0.5999985,"p":54,"v":98}],"pos":5.75,"size":1.0,"_time":109.113281},{"$id":"891","sounds":[{"d":0.171424866,"p":58,"v":93}],"pos":-1.0,"size":1.0,"_time":109.199219},{"$id":"892","sounds":[{"d":0.171424866,"p":63,"v":99}],"pos":1.0,"size":1.0,"_time":109.199219},{"$id":"893","sounds":[{"d":0.171424866,"p":58,"v":98}],"pos":-1.0,"size":1.0,"_time":109.371094},{"$id":"894","sounds":[{"d":0.171424866,"p":65,"v":99}],"pos":2.0,"size":1.0,"_time":109.371094},{"$id":"895","sounds":[{"d":0.342857361,"p":63,"v":93}],"pos":1.0,"size":1.0,"_time":109.542969},{"$id":"896","sounds":[{"d":0.08571625,"p":44,"v":111}],"pos":4.5,"size":1.0,"_time":109.714844},{"$id":"897","sounds":[{"d":0.171424866,"p":51,"v":105}],"pos":5.375,"size":1.0,"_time":109.800781},{"$id":"898","sounds":[{"d":0.171424866,"p":65,"v":98}],"pos":2.0,"size":1.0,"_time":109.886719},{"$id":"899","sounds":[{"d":0.171424866,"p":56,"v":98}],"pos":-2.0,"size":1.0,"_time":109.886719},{"$id":"900","sounds":[{"d":0.2571411,"p":51,"v":109}],"pos":5.375,"size":1.0,"_time":109.972656},{"$id":"901","sounds":[{"d":0.08571625,"p":56,"v":96}],"pos":-2.0,"size":1.0,"_time":110.058594},{"$id":"902","sounds":[{"d":0.171424866,"p":63,"v":92}],"pos":1.0,"size":1.0,"_time":110.144531},{"$id":"903","sounds":[{"d":0.8571396,"p":51,"v":112}],"pos":5.375,"size":1.0,"_time":110.226563},{"$id":"904","sounds":[{"d":0.08571625,"p":60,"v":96}],"pos":9.0,"size":1.0,"_time":110.3125},{"$id":"905","pos":-1.5,"size":0.6999999,"_time":110.398438},{"$id":"906","sounds":[{"d":0.08571625,"p":63,"v":95}],"pos":1.5,"size":0.6999999,"_time":110.398438},{"$id":"907","pos":-1.1461637,"size":0.9,"_time":110.484375},{"$id":"908","sounds":[{"d":0.08571625,"p":65,"v":96}],"pos":1.17052388,"size":0.9,"_time":110.484375},{"$id":"909","pos":-0.805115938,"size":1.1,"_time":110.570313},{"$id":"910","sounds":[{"d":0.08571625,"p":66,"v":100}],"pos":0.8538364,"size":1.1,"_time":110.570313},{"$id":"911","pos":-0.5,"size":1.30000007,"_time":110.65625},{"$id":"912","sounds":[{"d":0.08571625,"p":68,"v":93}],"pos":0.5,"size":1.30000007,"_time":110.65625},{"$id":"913","pos":-1.5,"size":2.0,"_time":110.742188},{"$id":"914","sounds":[{"d":0.08571625,"p":70,"v":99}],"pos":1.5,"size":2.0,"_time":110.742188},{"$id":"915","pos":-0.5,"size":1.30000007,"_time":110.828125},{"$id":"916","sounds":[{"d":0.08571625,"p":72,"v":92}],"pos":0.5,"size":1.30000007,"_time":110.828125},{"$id":"917","pos":-0.8051148,"size":1.1,"_time":110.914063},{"$id":"918","sounds":[{"d":0.08571625,"p":73,"v":97}],"pos":0.8538364,"size":1.1,"_time":110.914063},{"$id":"919","pos":-1.1461637,"size":0.9,"_time":111.0},{"$id":"920","sounds":[{"d":0.08571625,"p":75,"v":92}],"pos":1.17052376,"size":0.9,"_time":111.0},{"$id":"921","sounds":[{"d":1.37142944,"p":61,"v":79}],"pos":6.625,"size":1.0,"_time":111.085938},{"$id":"922","sounds":[{"d":1.37142944,"p":65,"v":76}],"pos":7.125,"size":1.0,"_time":111.085938},{"$id":"923","sounds":[{"d":1.37142944,"p":54,"v":80}],"pos":5.75,"size":1.0,"_time":111.085938},{"$id":"924","sounds":[{"d":1.02857208,"p":77,"v":92}],"pos":1.5,"size":0.6999999,"_time":111.085938},{"$id":"925","pos":-1.5,"size":0.6999999,"_time":111.085938},{"$id":"926","sounds":[{"d":0.342857361,"p":75,"v":91}],"size":1.0,"_time":112.113281},{"$id":"927","sounds":[{"d":0.342857361,"p":66,"v":50}],"pos":-1.0,"size":1.30000007,"_time":112.457031},{"$id":"928","sounds":[{"d":1.02857208,"p":77,"v":88}],"pos":1.0,"size":1.0,"_time":112.457031},{"$id":"929","sounds":[{"d":0.342857361,"p":65,"v":47}],"size":1.30000007,"_time":112.800781},{"$id":"930","sounds":[{"d":0.342857361,"p":61,"v":46}],"pos":-1.0,"size":1.30000007,"_time":113.144531},{"$id":"931","sounds":[{"d":0.342857361,"p":58,"v":48}],"pos":-2.0,"size":1.30000007,"_time":113.484375},{"$id":"932","sounds":[{"d":0.342857361,"p":80,"v":90}],"pos":2.0,"size":1.0,"_time":113.484375},{"$id":"933","sounds":[{"d":1.37142944,"p":53,"v":79},{"d":1.37142944,"p":60,"v":76},{"d":1.37142944,"p":63,"v":77}],"pos":-1.0,"size":1.30000007,"_time":113.828125},{"$id":"934","sounds":[{"d":0.6857147,"p":75,"v":87}],"pos":1.0,"size":1.0,"_time":113.828125},{"$id":"935","sounds":[{"d":0.6857147,"p":72,"v":86}],"size":1.0,"_time":114.515625},{"$id":"936","sounds":[{"d":0.6857147,"p":72,"v":88}],"size":1.0,"_time":115.199219},{"$id":"937","sounds":[{"d":0.057144165,"p":58,"v":72}],"pos":-2.0,"size":1.30000007,"_time":115.199219},{"$id":"938","sounds":[{"d":0.628570557,"p":63,"v":80}],"pos":-1.5,"size":1.30000007,"_time":115.257813},{"$id":"939","sounds":[{"d":0.342857361,"p":61,"v":64}],"pos":-2.0,"size":1.30000007,"_time":115.886719},{"$id":"940","sounds":[{"d":0.6857147,"p":73,"v":89}],"pos":1.0,"size":1.0,"_time":115.886719},{"$id":"941","sounds":[{"d":0.342857361,"p":63,"v":45}],"pos":-1.0,"size":1.30000007,"_time":116.226563},{"$id":"942","sounds":[{"d":2.742859,"p":54,"v":73},{"d":1.02857208,"p":65,"v":80}],"size":1.0,"_time":116.570313},{"$id":"943","sounds":[{"d":0.342857361,"p":63,"v":83}],"pos":-1.0,"size":1.0,"_time":117.601563},{"$id":"944","sounds":[{"d":1.02857208,"p":65,"v":76}],"size":1.0,"_time":117.941406},{"$id":"945","sounds":[{"d":0.342857361,"p":68,"v":84}],"size":1.0,"_time":118.972656},{"$id":"946","sounds":[{"d":1.37142944,"p":53,"v":64}],"pos":-1.0,"size":1.30000007,"_time":119.3125},{"$id":"947","sounds":[{"d":0.6857147,"p":72,"v":80}],"pos":1.0,"size":1.0,"_time":119.3125},{"$id":"948","sounds":[{"d":0.6857147,"p":75,"v":77}],"pos":2.0,"size":1.0,"_time":120.0},{"$id":"949","sounds":[{"d":0.6857147,"p":46,"v":55}],"pos":-2.0,"size":1.30000007,"_time":120.683594},{"$id":"950","sounds":[{"d":0.342857361,"p":73,"v":81}],"pos":1.0,"size":1.0,"_time":120.683594},{"$id":"951","sounds":[{"d":0.342857361,"p":72,"v":80}],"size":1.0,"_time":121.027344},{"$id":"952","sounds":[{"d":3.42857361,"p":58,"v":28},{"d":0.342857361,"p":70,"v":81}],"pos":-1.0,"size":1.0,"_time":121.371094},{"$id":"953","sounds":[{"d":3.08571625,"p":101,"v":58},{"d":3.08571625,"p":89,"v":53}],"pos":2.0,"size":0.6999999,"_time":121.714844}],"links":[{"notes":[{"$ref":"1"},{"$ref":"2"},{"$ref":"3"},{"$ref":"4"},{"$ref":"6"}]},{"notes":[{"$ref":"197"},{"$ref":"199"},{"$ref":"201"},{"$ref":"203"},{"$ref":"205"},{"$ref":"207"},{"$ref":"209"},{"$ref":"211"},{"$ref":"213"}]},{"notes":[{"$ref":"196"},{"$ref":"198"},{"$ref":"200"},{"$ref":"202"},{"$ref":"204"},{"$ref":"206"},{"$ref":"208"},{"$ref":"210"},{"$ref":"212"}]},{"notes":[{"$ref":"318"},{"$ref":"320"},{"$ref":"322"},{"$ref":"324"},{"$ref":"326"},{"$ref":"328"},{"$ref":"330"},{"$ref":"332"},{"$ref":"335"}]},{"notes":[{"$ref":"317"},{"$ref":"319"},{"$ref":"321"},{"$ref":"323"},{"$ref":"325"},{"$ref":"327"},{"$ref":"329"},{"$ref":"331"},{"$ref":"336"}]},{"notes":[{"$ref":"785"},{"$ref":"787"},{"$ref":"789"},{"$ref":"791"},{"$ref":"793"},{"$ref":"795"},{"$ref":"797"},{"$ref":"799"},{"$ref":"801"}]},{"notes":[{"$ref":"784"},{"$ref":"786"},{"$ref":"788"},{"$ref":"790"},{"$ref":"792"},{"$ref":"794"},{"$ref":"796"},{"$ref":"798"},{"$ref":"800"}]},{"notes":[{"$ref":"429"},{"$ref":"430"},{"$ref":"431"},{"$ref":"432"}]},{"notes":[{"$ref":"401"},{"$ref":"402"},{"$ref":"403"},{"$ref":"404"},{"$ref":"405"},{"$ref":"406"},{"$ref":"407"},{"$ref":"408"},{"$ref":"409"}]},{"notes":[{"$ref":"451"},{"$ref":"453"},{"$ref":"454"}]},{"notes":[{"$ref":"433"},{"$ref":"434"},{"$ref":"435"},{"$ref":"436"},{"$ref":"438"}]},{"notes":[{"$ref":"457"},{"$ref":"459"},{"$ref":"460"}]},{"notes":[{"$ref":"462"},{"$ref":"463"},{"$ref":"464"}]},{"notes":[{"$ref":"466"},{"$ref":"467"},{"$ref":"468"}]},{"notes":[{"$ref":"473"},{"$ref":"475"},{"$ref":"478"},{"$ref":"480"},{"$ref":"482"}]},{"notes":[{"$ref":"472"},{"$ref":"474"},{"$ref":"477"},{"$ref":"479"},{"$ref":"481"}]},{"notes":[{"$ref":"498"},{"$ref":"499"},{"$ref":"501"},{"$ref":"502"},{"$ref":"504"}]},{"notes":[{"$ref":"506"},{"$ref":"507"},{"$ref":"509"},{"$ref":"510"},{"$ref":"512"}]},{"notes":[{"$ref":"514"},{"$ref":"515"},{"$ref":"517"},{"$ref":"518"},{"$ref":"520"}]},{"notes":[{"$ref":"486"},{"$ref":"488"},{"$ref":"491"},{"$ref":"493"},{"$ref":"496"}]},{"notes":[{"$ref":"485"},{"$ref":"487"},{"$ref":"490"},{"$ref":"492"},{"$ref":"495"}]},{"notes":[{"$ref":"365"},{"$ref":"367"},{"$ref":"369"},{"$ref":"371"}]},{"notes":[{"$ref":"906"},{"$ref":"908"},{"$ref":"910"},{"$ref":"912"},{"$ref":"914"},{"$ref":"916"},{"$ref":"918"},{"$ref":"920"},{"$ref":"924"}]},{"notes":[{"$ref":"905"},{"$ref":"907"},{"$ref":"909"},{"$ref":"911"},{"$ref":"913"},{"$ref":"915"},{"$ref":"917"},{"$ref":"919"},{"$ref":"925"}]},{"notes":[{"$ref":"18"},{"$ref":"19"}]},{"notes":[{"$ref":"61"},{"$ref":"62"}]},{"notes":[{"$ref":"77"},{"$ref":"78"},{"$ref":"79"},{"$ref":"80"},{"$ref":"81"},{"$ref":"82"},{"$ref":"83"},{"$ref":"85"},{"$ref":"86"},{"$ref":"87"},{"$ref":"88"},{"$ref":"89"},{"$ref":"90"},{"$ref":"91"},{"$ref":"92"}]},{"notes":[{"$ref":"535"},{"$ref":"536"},{"$ref":"537"},{"$ref":"538"},{"$ref":"539"},{"$ref":"540"},{"$ref":"541"},{"$ref":"542"},{"$ref":"544"}]},{"notes":[{"$ref":"937"},{"$ref":"938"}]},{"notes":[{"$ref":"581"},{"$ref":"582"},{"$ref":"583"},{"$ref":"584"},{"$ref":"585"},{"$ref":"586"},{"$ref":"587"},{"$ref":"588"},{"$ref":"589"}]},{"notes":[{"$ref":"603"},{"$ref":"604"},{"$ref":"605"}]},{"notes":[{"$ref":"607"},{"$ref":"608"},{"$ref":"609"}]},{"notes":[{"$ref":"611"},{"$ref":"612"},{"$ref":"613"}]},{"notes":[{"$ref":"615"},{"$ref":"616"},{"$ref":"617"}]},{"notes":[{"$ref":"639"},{"$ref":"640"},{"$ref":"641"},{"$ref":"642"},{"$ref":"643"},{"$ref":"644"}]},{"notes":[{"$ref":"38"},{"$ref":"39"}]},{"notes":[{"$ref":"623"},{"$ref":"624"}]},{"notes":[{"$ref":"659"},{"$ref":"660"},{"$ref":"661"}]},{"notes":[{"$ref":"655"},{"$ref":"656"},{"$ref":"657"}]},{"notes":[{"$ref":"663"},{"$ref":"664"},{"$ref":"665"}]},{"notes":[{"$ref":"667"},{"$ref":"668"},{"$ref":"669"}]},{"notes":[{"$ref":"42"},{"$ref":"43"}]},{"notes":[{"$ref":"673"},{"$ref":"674"},{"$ref":"675"},{"$ref":"676"},{"$ref":"677"},{"$ref":"678"},{"$ref":"679"},{"$ref":"680"}]},{"notes":[{"$ref":"35"},{"$ref":"36"}]},{"notes":[{"$ref":"45"},{"$ref":"46"}]}]}