{"speed":12.0,"notes":[{"$id":"1","sounds":[{"d":0.1875,"p":81,"v":42}],"pos":-2.0,"size":1.0,"_time":0.375},{"$id":"2","sounds":[{"d":0.1875,"p":83,"v":42}],"pos":-1.0,"size":1.0,"_time":0.5625},{"$id":"3","sounds":[{"d":0.375,"p":60,"v":42}],"pos":6.5,"size":1.0,"_time":0.75},{"$id":"4","sounds":[{"d":0.375,"p":84,"v":42}],"size":1.0,"_time":0.75},{"$id":"5","sounds":[{"d":0.375,"p":76,"v":42}],"pos":6.5,"size":1.0,"_time":1.125},{"$id":"6","sounds":[{"d":0.375,"p":79,"v":42}],"pos":7.5,"size":1.0,"_time":1.5},{"$id":"7","sounds":[{"d":0.375,"p":84,"v":42}],"pos":9.5,"size":1.0,"_time":1.875},{"$id":"8","sounds":[{"d":0.375,"p":91,"v":42}],"pos":1.0,"size":1.0,"_time":1.875},{"$id":"9","sounds":[{"d":1.5,"p":90,"v":42}],"size":1.0,"_time":2.25},{"$id":"10","sounds":[{"d":1.5,"p":62,"v":42},{"d":1.5,"p":69,"v":42},{"d":1.5,"p":74,"v":42}],"pos":-2.0,"size":1.2,"_time":2.25},{"$id":"11","sounds":[{"d":0.375,"p":81,"v":42}],"pos":9.125,"size":1.0,"_time":3.75},{"$id":"12","sounds":[{"d":0.375,"p":67,"v":42}],"pos":4.5,"size":1.1,"_time":3.75},{"$id":"13","sounds":[{"d":0.375,"p":90,"v":42}],"pos":1.0,"size":1.0,"_time":3.75},{"$id":"14","sounds":[{"d":0.375,"p":74,"v":42}],"pos":6.0,"size":1.0,"_time":4.125},{"$id":"15","sounds":[{"d":0.375,"p":79,"v":42}],"pos":6.5,"size":1.0,"_time":4.5},{"$id":"16","sounds":[{"d":0.375,"p":93,"v":42}],"pos":2.0,"size":1.0,"_time":4.875},{"$id":"17","sounds":[{"d":1.125,"p":64,"v":42},{"d":1.125,"p":76,"v":42},{"d":1.125,"p":71,"v":42}],"pos":-1.0,"size":1.2,"_time":5.25},{"$id":"18","sounds":[{"d":1.125,"p":91,"v":42}],"pos":1.0,"size":1.0,"_time":5.25},{"$id":"19","sounds":[{"d":0.375,"p":90,"v":42}],"pos":-1.0,"size":1.0,"_time":6.375},{"$id":"20","sounds":[{"d":0.375,"p":57,"v":42}],"pos":5.0,"size":1.0,"_time":6.75},{"$id":"21","sounds":[{"d":0.375,"p":91,"v":42}],"pos":1.0,"size":1.0,"_time":6.75},{"$id":"22","sounds":[{"d":0.375,"p":64,"v":42}],"pos":6.0,"size":1.0,"_time":7.125},{"$id":"23","sounds":[{"d":0.375,"p":67,"v":42}],"pos":6.5,"size":1.0,"_time":7.5},{"$id":"24","sounds":[{"d":0.375,"p":72,"v":42}],"pos":8.0,"size":1.0,"_time":7.875},{"$id":"25","sounds":[{"d":0.375,"p":93,"v":42}],"size":1.0,"_time":7.875},{"$id":"26","sounds":[{"d":0.75,"p":59,"v":42},{"d":0.75,"p":63,"v":42},{"d":0.75,"p":66,"v":42}],"pos":-2.0,"size":1.2,"_time":8.25},{"$id":"27","sounds":[{"d":0.75,"p":95,"v":42}],"pos":2.0,"size":1.0,"_time":8.25},{"$id":"28","sounds":[{"d":0.75,"p":91,"v":42}],"pos":1.0,"size":1.0,"_time":9.0},{"$id":"29","sounds":[{"d":0.375,"p":81,"v":42}],"pos":9.125,"size":1.0,"_time":9.75},{"$id":"30","sounds":[{"d":0.375,"p":90,"v":42}],"pos":-1.0,"size":1.0,"_time":9.75},{"$id":"31","sounds":[{"d":0.375,"p":64,"v":42}],"pos":6.0,"size":1.1,"_time":9.75},{"$id":"32","sounds":[{"d":0.375,"p":71,"v":42}],"pos":6.5,"size":1.0,"_time":10.125},{"$id":"33","sounds":[{"d":0.375,"p":76,"v":42}],"pos":7.0,"size":1.0,"_time":10.5},{"$id":"34","sounds":[{"d":0.375,"p":79,"v":42}],"pos":9.0,"size":1.0,"_time":10.875},{"$id":"35","sounds":[{"d":0.375,"p":83,"v":42}],"pos":8.5,"size":1.0,"_time":11.25},{"$id":"36","sounds":[{"d":0.375,"p":91,"v":42}],"pos":1.0,"size":1.0,"_time":11.25},{"$id":"37","sounds":[{"d":0.375,"p":71,"v":42}],"pos":7.875,"size":1.0,"_time":11.625},{"$id":"38","sounds":[{"d":0.375,"p":64,"v":42}],"pos":7.0,"size":1.0,"_time":12.0},{"$id":"39","sounds":[{"d":0.1875,"p":76,"v":42}],"pos":8.5,"size":1.0,"_time":12.375},{"$id":"40","sounds":[{"d":0.1875,"p":88,"v":42}],"pos":-2.0,"size":1.0,"_time":12.375},{"$id":"41","sounds":[{"d":0.1875,"p":90,"v":42}],"pos":-1.0,"size":1.0,"_time":12.5625},{"$id":"42","sounds":[{"d":0.375,"p":60,"v":42}],"pos":7.0,"size":1.0,"_time":12.75},{"$id":"43","sounds":[{"d":0.375,"p":91,"v":42}],"size":1.0,"_time":12.75},{"$id":"44","sounds":[{"d":0.375,"p":76,"v":42}],"pos":7.0,"size":1.0,"_time":13.125},{"$id":"45","sounds":[{"d":0.375,"p":79,"v":42}],"pos":8.5,"size":1.0,"_time":13.5},{"$id":"46","sounds":[{"d":0.375,"p":84,"v":42}],"pos":9.5,"size":1.0,"_time":13.875},{"$id":"47","sounds":[{"d":0.375,"p":91,"v":42}],"pos":1.0,"size":1.0,"_time":13.875},{"$id":"48","sounds":[{"d":1.5,"p":90,"v":42}],"size":1.0,"_time":14.25},{"$id":"49","sounds":[{"d":1.5,"p":62,"v":42},{"d":1.5,"p":69,"v":42},{"d":1.5,"p":74,"v":42}],"pos":-2.0,"size":1.30000007,"_time":14.25},{"$id":"50","sounds":[{"d":0.375,"p":81,"v":42}],"pos":9.125,"size":1.0,"_time":15.75},{"$id":"51","sounds":[{"d":0.375,"p":67,"v":42}],"pos":7.375,"size":1.0,"_time":15.75},{"$id":"52","sounds":[{"d":0.375,"p":90,"v":42}],"pos":-1.0,"size":1.0,"_time":15.75},{"$id":"53","sounds":[{"d":0.375,"p":74,"v":42}],"pos":6.0,"size":1.0,"_time":16.125},{"$id":"54","sounds":[{"d":0.375,"p":79,"v":42}],"pos":7.5,"size":1.0,"_time":16.5},{"$id":"55","sounds":[{"d":0.375,"p":93,"v":42}],"pos":1.0,"size":1.0,"_time":16.875},{"$id":"56","sounds":[{"d":0.75,"p":95,"v":42}],"pos":2.0,"size":1.0,"_time":17.25},{"$id":"57","sounds":[{"d":0.75,"p":64,"v":42},{"d":0.75,"p":76,"v":42},{"d":0.75,"p":71,"v":42}],"size":1.30000007,"_time":17.25},{"$id":"58","sounds":[{"d":0.75,"p":93,"v":42}],"pos":1.0,"size":1.0,"_time":18.0},{"$id":"59","sounds":[{"d":0.75,"p":91,"v":42}],"pos":1.0,"size":1.0,"_time":18.75},{"$id":"60","sounds":[{"d":0.75,"p":76,"v":42},{"d":0.75,"p":79,"v":42},{"d":0.75,"p":69,"v":42}],"pos":-1.0,"size":1.30000007,"_time":18.75},{"$id":"61","sounds":[{"d":0.75,"p":90,"v":42}],"size":1.0,"_time":19.5},{"$id":"62","sounds":[{"d":0.75,"p":87,"v":42}],"size":1.0,"_time":20.25},{"$id":"63","sounds":[{"d":0.75,"p":75,"v":42},{"d":0.75,"p":78,"v":42},{"d":0.75,"p":71,"v":42}],"pos":-2.0,"size":1.30000007,"_time":20.25},{"$id":"64","sounds":[{"d":0.375,"p":83,"v":42}],"pos":-1.0,"size":1.0,"_time":21.0},{"$id":"65","sounds":[{"d":0.375,"p":87,"v":42}],"size":1.0,"_time":21.375},{"$id":"66","sounds":[{"d":1.5,"p":88,"v":42}],"pos":1.0,"size":1.0,"_time":21.75},{"$id":"67","sounds":[{"d":1.5,"p":71,"v":42},{"d":1.5,"p":76,"v":42},{"d":1.5,"p":81,"v":42}],"pos":-1.0,"size":1.30000007,"_time":21.75},{"$id":"68","sounds":[{"d":1.5,"p":71,"v":42},{"d":1.5,"p":76,"v":42},{"d":1.5,"p":80,"v":42}],"pos":-1.0,"size":1.30000007,"_time":23.25},{"$id":"69","sounds":[{"d":1.5,"p":88,"v":42}],"pos":1.0,"size":1.0,"_time":23.25},{"$id":"70","sounds":[{"d":0.375,"p":78,"v":48}],"size":1.0,"_time":24.75},{"$id":"71","sounds":[{"d":0.375,"p":48,"v":48}],"pos":5.0,"size":1.0,"_time":24.75},{"$id":"72","sounds":[{"d":0.375,"p":64,"v":48}],"pos":-2.0,"size":1.0,"_time":25.125},{"$id":"73","sounds":[{"d":0.375,"p":67,"v":48}],"pos":-1.0,"size":1.0,"_time":25.5},{"$id":"74","sounds":[{"d":0.375,"p":72,"v":47}],"pos":8.0,"size":1.0,"_time":25.875},{"$id":"75","sounds":[{"d":0.375,"p":79,"v":47}],"pos":2.0,"size":1.0,"_time":25.875},{"$id":"76","sounds":[{"d":0.375,"p":78,"v":47}],"pos":1.0,"size":1.0,"_time":26.25},{"$id":"77","sounds":[{"d":0.375,"p":50,"v":47}],"pos":5.25,"size":1.0,"_time":26.25},{"$id":"78","sounds":[{"d":0.375,"p":57,"v":47}],"pos":6.0,"size":1.0,"_time":26.625},{"$id":"79","sounds":[{"d":0.375,"p":62,"v":47}],"pos":6.75,"size":1.0,"_time":27.0},{"$id":"80","sounds":[{"d":0.375,"p":74,"v":47}],"size":1.0,"_time":27.0},{"$id":"81","sounds":[{"d":0.375,"p":66,"v":47}],"pos":6.5,"size":1.0,"_time":27.375},{"$id":"82","sounds":[{"d":0.375,"p":69,"v":47}],"pos":-1.0,"size":1.0,"_time":27.75},{"$id":"83","sounds":[{"d":0.375,"p":55,"v":47}],"pos":5.875,"size":1.0,"_time":27.75},{"$id":"84","sounds":[{"d":0.375,"p":62,"v":47}],"pos":6.75,"size":1.0,"_time":28.125},{"$id":"85","sounds":[{"d":0.375,"p":67,"v":47}],"pos":7.375,"size":1.0,"_time":28.5},{"$id":"86","sounds":[{"d":0.375,"p":71,"v":47}],"pos":7.5,"size":1.0,"_time":28.875},{"$id":"87","sounds":[{"d":0.375,"p":74,"v":47}],"size":1.0,"_time":29.25},{"$id":"88","sounds":[{"d":0.375,"p":52,"v":47}],"pos":6.5,"size":1.0,"_time":29.25},{"$id":"89","sounds":[{"d":0.375,"p":59,"v":47}],"pos":6.375,"size":1.0,"_time":29.625},{"$id":"90","sounds":[{"d":0.375,"p":64,"v":47}],"pos":7.0,"size":1.0,"_time":30.0},{"$id":"91","sounds":[{"d":0.375,"p":67,"v":47}],"pos":7.375,"size":1.0,"_time":30.375},{"$id":"92","sounds":[{"d":0.375,"p":78,"v":47}],"pos":1.0,"size":1.0,"_time":30.75},{"$id":"93","sounds":[{"d":0.375,"p":45,"v":47}],"pos":6.0,"size":1.0,"_time":30.75},{"$id":"94","sounds":[{"d":0.375,"p":52,"v":47}],"pos":-2.0,"size":1.0,"_time":31.125},{"$id":"95","sounds":[{"d":0.375,"p":55,"v":47}],"pos":-1.0,"size":1.0,"_time":31.5},{"$id":"96","sounds":[{"d":0.375,"p":60,"v":47}],"pos":6.5,"size":1.0,"_time":31.875},{"$id":"97","sounds":[{"d":0.375,"p":79,"v":47}],"pos":1.0,"size":1.0,"_time":31.875},{"$id":"98","sounds":[{"d":0.375,"p":47,"v":47}],"pos":4.875,"size":1.0,"_time":32.25},{"$id":"99","sounds":[{"d":0.375,"p":81,"v":47}],"pos":2.0,"size":1.0,"_time":32.25},{"$id":"100","sounds":[{"d":0.375,"p":51,"v":47}],"pos":5.375,"size":1.0,"_time":32.625},{"$id":"101","sounds":[{"d":0.375,"p":79,"v":47}],"pos":1.37819779,"size":1.0,"_time":32.625},{"$id":"102","sounds":[{"d":0.375,"p":54,"v":47}],"pos":5.75,"size":1.0,"_time":33.0},{"$id":"103","sounds":[{"d":0.375,"p":78,"v":47}],"pos":0.7320342,"size":1.0,"_time":33.0},{"$id":"104","sounds":[{"d":0.375,"p":59,"v":47}],"pos":6.375,"size":1.0,"_time":33.375},{"$id":"105","sounds":[{"d":0.375,"p":71,"v":47}],"size":1.0,"_time":33.375},{"$id":"106","sounds":[{"d":0.375,"p":69,"v":45}],"pos":-1.0,"size":1.0,"_time":33.75},{"$id":"107","sounds":[{"d":0.375,"p":52,"v":45}],"pos":5.5,"size":1.0,"_time":33.75},{"$id":"108","sounds":[{"d":0.375,"p":59,"v":45}],"pos":6.375,"size":1.0,"_time":34.125},{"$id":"109","sounds":[{"d":0.375,"p":64,"v":45}],"pos":7.0,"size":1.0,"_time":34.5},{"$id":"110","sounds":[{"d":0.375,"p":67,"v":45}],"pos":4.5,"size":1.0,"_time":34.875},{"$id":"111","sounds":[{"d":0.375,"p":71,"v":45}],"pos":1.0,"size":1.0,"_time":35.25},{"$id":"112","sounds":[{"d":0.375,"p":59,"v":45}],"pos":6.375,"size":1.0,"_time":35.625},{"$id":"113","sounds":[{"d":0.375,"p":52,"v":45}],"pos":5.5,"size":1.0,"_time":36.0},{"$id":"114","sounds":[{"d":0.375,"p":64,"v":45}],"pos":7.0,"size":1.0,"_time":36.375},{"$id":"115","sounds":[{"d":0.375,"p":78,"v":45}],"size":1.0,"_time":36.75},{"$id":"116","sounds":[{"d":0.375,"p":48,"v":45}],"pos":5.0,"size":1.0,"_time":36.75},{"$id":"117","sounds":[{"d":0.375,"p":64,"v":45}],"pos":-2.0,"size":1.0,"_time":37.125},{"$id":"118","sounds":[{"d":0.375,"p":67,"v":45}],"pos":-1.0,"size":1.0,"_time":37.5},{"$id":"119","sounds":[{"d":0.375,"p":72,"v":45}],"pos":8.0,"size":1.0,"_time":37.875},{"$id":"120","sounds":[{"d":0.375,"p":79,"v":45}],"pos":2.0,"size":1.0,"_time":37.875},{"$id":"121","sounds":[{"d":0.375,"p":78,"v":45}],"pos":1.0,"size":1.0,"_time":38.25},{"$id":"122","sounds":[{"d":0.375,"p":50,"v":45}],"pos":5.25,"size":1.0,"_time":38.25},{"$id":"123","sounds":[{"d":0.375,"p":57,"v":45}],"pos":6.125,"size":1.0,"_time":38.625},{"$id":"124","sounds":[{"d":0.375,"p":62,"v":45}],"pos":6.75,"size":1.0,"_time":39.0},{"$id":"125","sounds":[{"d":0.375,"p":74,"v":45}],"size":1.0,"_time":39.0},{"$id":"126","sounds":[{"d":0.375,"p":66,"v":45}],"pos":7.25,"size":1.0,"_time":39.375},{"$id":"127","sounds":[{"d":0.375,"p":55,"v":45}],"pos":5.875,"size":1.0,"_time":39.75},{"$id":"128","sounds":[{"d":0.375,"p":69,"v":45}],"pos":-1.0,"size":1.0,"_time":39.75},{"$id":"129","sounds":[{"d":0.375,"p":62,"v":45}],"pos":6.0,"size":1.0,"_time":40.125},{"$id":"130","sounds":[{"d":0.375,"p":67,"v":45}],"pos":7.0,"size":1.0,"_time":40.5},{"$id":"131","sounds":[{"d":0.375,"p":71,"v":45}],"pos":8.0,"size":1.0,"_time":40.875},{"$id":"132","sounds":[{"d":0.375,"p":52,"v":45}],"pos":5.5,"size":1.0,"_time":41.25},{"$id":"133","sounds":[{"d":0.375,"p":74,"v":45}],"pos":1.0,"size":1.0,"_time":41.25},{"$id":"134","sounds":[{"d":0.375,"p":59,"v":44}],"pos":6.375,"size":1.0,"_time":41.625},{"$id":"135","sounds":[{"d":0.375,"p":64,"v":44}],"pos":10.5,"size":1.0,"_time":42.0},{"$id":"136","sounds":[{"d":0.375,"p":67,"v":44}],"pos":11.0,"size":1.0,"_time":42.375},{"$id":"137","sounds":[{"d":0.375,"p":78,"v":44}],"pos":-1.0,"size":1.0,"_time":42.75},{"$id":"138","sounds":[{"d":0.375,"p":45,"v":44}],"pos":5.5,"size":1.0,"_time":42.75},{"$id":"139","sounds":[{"d":0.375,"p":52,"v":44}],"pos":5.5,"size":1.0,"_time":43.125},{"$id":"140","sounds":[{"d":0.375,"p":55,"v":44}],"pos":5.875,"size":1.0,"_time":43.5},{"$id":"141","sounds":[{"d":0.375,"p":79,"v":44}],"pos":1.0,"size":1.0,"_time":43.875},{"$id":"142","sounds":[{"d":0.375,"p":60,"v":44}],"pos":6.5,"size":1.0,"_time":43.875},{"$id":"143","sounds":[{"d":0.375,"p":47,"v":44}],"pos":4.875,"size":1.0,"_time":44.25},{"$id":"144","sounds":[{"d":0.375,"p":78,"v":44}],"pos":2.0,"size":1.0,"_time":44.25},{"$id":"145","sounds":[{"d":0.375,"p":51,"v":44}],"pos":5.375,"size":1.0,"_time":44.625},{"$id":"146","sounds":[{"d":0.375,"p":75,"v":44}],"pos":1.35261917,"size":1.0,"_time":44.625},{"$id":"147","sounds":[{"d":0.375,"p":54,"v":44}],"pos":5.75,"size":1.0,"_time":45.0},{"$id":"148","sounds":[{"d":0.375,"p":72,"v":44}],"pos":0.7436057,"size":1.0,"_time":45.0},{"$id":"149","sounds":[{"d":0.375,"p":71,"v":44}],"size":1.0,"_time":45.375},{"$id":"150","sounds":[{"d":0.375,"p":52,"v":44}],"pos":5.5,"size":1.0,"_time":45.75},{"$id":"151","sounds":[{"d":0.375,"p":69,"v":44}],"pos":-1.0,"size":1.0,"_time":45.75},{"$id":"152","sounds":[{"d":0.375,"p":59,"v":44}],"pos":6.5,"size":1.0,"_time":46.125},{"$id":"153","sounds":[{"d":0.375,"p":64,"v":44}],"pos":5.0,"size":1.0,"_time":46.5},{"$id":"154","sounds":[{"d":0.375,"p":67,"v":44}],"pos":7.0,"size":1.0,"_time":46.875},{"$id":"155","sounds":[{"d":1.5,"p":71,"v":44}],"pos":1.0,"size":1.0,"_time":47.25},{"$id":"156","sounds":[{"d":0.375,"p":60,"v":48}],"pos":6.5,"size":1.0,"_time":48.75},{"$id":"157","sounds":[{"d":0.375,"p":79,"v":48}],"size":1.0,"_time":48.75},{"$id":"158","sounds":[{"d":0.375,"p":64,"v":48}],"pos":-2.0,"size":1.0,"_time":49.125},{"$id":"159","sounds":[{"d":0.375,"p":67,"v":48}],"pos":-1.0,"size":1.0,"_time":49.5},{"$id":"160","sounds":[{"d":0.375,"p":84,"v":47}],"pos":1.0,"size":1.0,"_time":49.875},{"$id":"161","sounds":[{"d":0.375,"p":50,"v":47}],"pos":5.25,"size":1.0,"_time":50.25},{"$id":"162","sounds":[{"d":0.375,"p":91,"v":48}],"pos":2.0,"size":0.9,"_time":50.25},{"$id":"163","sounds":[{"d":0.375,"p":57,"v":47}],"pos":-2.0,"size":1.0,"_time":50.625},{"$id":"164","sounds":[{"d":0.375,"p":62,"v":47}],"pos":6.75,"size":1.0,"_time":51.0},{"$id":"165","sounds":[{"d":0.375,"p":90,"v":48}],"pos":1.0,"size":0.9,"_time":51.0},{"$id":"166","sounds":[{"d":0.375,"p":66,"v":47}],"pos":-1.0,"size":1.0,"_time":51.375},{"$id":"167","sounds":[{"d":0.375,"p":69,"v":47}],"pos":7.625,"size":1.0,"_time":51.75},{"$id":"168","sounds":[{"d":0.375,"p":86,"v":48}],"size":1.0,"_time":51.75},{"$id":"169","sounds":[{"d":0.375,"p":55,"v":47}],"pos":5.875,"size":1.0,"_time":51.75},{"$id":"170","sounds":[{"d":0.375,"p":62,"v":47}],"pos":6.75,"size":1.0,"_time":52.125},{"$id":"171","sounds":[{"d":0.375,"p":67,"v":47}],"pos":7.375,"size":1.0,"_time":52.5},{"$id":"172","sounds":[{"d":0.375,"p":71,"v":47}],"pos":9.0,"size":1.0,"_time":52.5},{"$id":"173","sounds":[{"d":0.1875,"p":84,"v":48}],"pos":2.0,"size":1.0,"_time":52.875},{"$id":"174","sounds":[{"d":0.1875,"p":83,"v":48}],"pos":1.0,"size":1.0,"_time":53.0625},{"$id":"175","sounds":[{"d":0.375,"p":52,"v":47}],"pos":5.5,"size":1.0,"_time":53.25},{"$id":"176","sounds":[{"d":0.375,"p":79,"v":48}],"size":1.0,"_time":53.25},{"$id":"177","sounds":[{"d":0.375,"p":59,"v":47}],"pos":6.375,"size":1.0,"_time":53.625},{"$id":"178","sounds":[{"d":0.375,"p":64,"v":47}],"pos":7.0,"size":1.0,"_time":54.0},{"$id":"179","sounds":[{"d":0.1875,"p":67,"v":47}],"pos":7.375,"size":1.0,"_time":54.375},{"$id":"180","sounds":[{"d":0.1875,"p":74,"v":48}],"pos":-2.0,"size":1.0,"_time":54.375},{"$id":"181","sounds":[{"d":0.1875,"p":76,"v":48}],"pos":-1.0,"size":1.0,"_time":54.5625},{"$id":"182","sounds":[{"d":0.375,"p":60,"v":48}],"pos":6.5,"size":1.0,"_time":54.75},{"$id":"183","sounds":[{"d":0.375,"p":79,"v":48}],"size":1.0,"_time":54.75},{"$id":"184","sounds":[{"d":0.375,"p":64,"v":48}],"pos":-2.0,"size":1.0,"_time":55.125},{"$id":"185","sounds":[{"d":0.375,"p":67,"v":48}],"pos":-1.0,"size":1.0,"_time":55.5},{"$id":"186","sounds":[{"d":0.375,"p":72,"v":47}],"pos":8.0,"size":1.0,"_time":55.875},{"$id":"187","sounds":[{"d":0.375,"p":83,"v":47}],"pos":1.0,"size":0.9,"_time":55.875},{"$id":"188","sounds":[{"d":0.375,"p":50,"v":47}],"pos":5.25,"size":1.0,"_time":56.25},{"$id":"189","sounds":[{"d":0.375,"p":81,"v":47}],"size":1.0,"_time":56.25},{"$id":"190","sounds":[{"d":0.375,"p":57,"v":47}],"pos":-2.0,"size":1.0,"_time":56.625},{"$id":"191","sounds":[{"d":0.375,"p":62,"v":47}],"pos":6.75,"size":1.0,"_time":57.0},{"$id":"192","sounds":[{"d":0.375,"p":84,"v":47}],"pos":1.0,"size":0.9,"_time":57.0},{"$id":"193","sounds":[{"d":0.1875,"p":66,"v":47}],"pos":-1.0,"size":1.0,"_time":57.375},{"$id":"194","sounds":[{"d":0.09375,"p":83,"v":47}],"size":1.0,"_time":57.5625},{"$id":"195","sounds":[{"d":0.09375,"p":84,"v":47}],"pos":1.0,"size":1.0,"_time":57.65625},{"$id":"196","sounds":[{"d":0.375,"p":52,"v":45}],"pos":5.5,"size":1.0,"_time":57.75},{"$id":"197","sounds":[{"d":0.375,"p":83,"v":47}],"size":1.0,"_time":57.75},{"$id":"198","sounds":[{"d":0.375,"p":59,"v":45}],"pos":6.375,"size":1.0,"_time":58.125},{"$id":"199","sounds":[{"d":0.375,"p":64,"v":45}],"pos":6.0,"size":1.0,"_time":58.5},{"$id":"200","sounds":[{"d":0.375,"p":67,"v":45}],"pos":7.375,"size":1.0,"_time":58.875},{"$id":"201","sounds":[{"d":0.375,"p":71,"v":45}],"pos":8.5,"size":1.0,"_time":59.25},{"$id":"202","sounds":[{"d":0.375,"p":79,"v":47}],"pos":-1.0,"size":1.0,"_time":59.25},{"$id":"203","sounds":[{"d":0.375,"p":59,"v":45}],"pos":10.0,"size":1.0,"_time":59.625},{"$id":"204","sounds":[{"d":0.375,"p":52,"v":45}],"pos":9.0,"size":1.0,"_time":60.0},{"$id":"205","sounds":[{"d":0.375,"p":64,"v":45}],"pos":10.5,"size":1.0,"_time":60.375},{"$id":"206","sounds":[{"d":0.375,"p":60,"v":48}],"pos":6.5,"size":1.0,"_time":60.75},{"$id":"207","sounds":[{"d":0.375,"p":86,"v":48}],"size":1.0,"_time":60.75},{"$id":"208","sounds":[{"d":0.375,"p":64,"v":48}],"pos":-2.0,"size":1.0,"_time":61.125},{"$id":"209","sounds":[{"d":0.375,"p":67,"v":48}],"pos":-1.0,"size":1.0,"_time":61.5},{"$id":"210","sounds":[{"d":0.375,"p":72,"v":47}],"pos":8.0,"size":1.0,"_time":61.875},{"$id":"211","sounds":[{"d":0.375,"p":84,"v":47}],"pos":1.0,"size":0.9,"_time":61.875},{"$id":"212","sounds":[{"d":0.375,"p":50,"v":47}],"pos":5.25,"size":1.0,"_time":62.25},{"$id":"213","sounds":[{"d":0.375,"p":91,"v":48}],"pos":2.0,"size":0.9,"_time":62.25},{"$id":"214","sounds":[{"d":0.375,"p":57,"v":47}],"pos":-2.0,"size":1.0,"_time":62.625},{"$id":"215","sounds":[{"d":0.375,"p":62,"v":47}],"pos":6.75,"size":1.0,"_time":63.0},{"$id":"216","sounds":[{"d":0.375,"p":90,"v":48}],"pos":1.0,"size":0.9,"_time":63.0},{"$id":"217","sounds":[{"d":0.375,"p":66,"v":47}],"pos":-1.0,"size":1.0,"_time":63.375},{"$id":"218","sounds":[{"d":0.375,"p":55,"v":47}],"pos":5.875,"size":1.0,"_time":63.75},{"$id":"219","sounds":[{"d":0.375,"p":86,"v":48}],"size":0.9,"_time":63.75},{"$id":"220","sounds":[{"d":0.375,"p":62,"v":47}],"pos":6.75,"size":1.0,"_time":64.125},{"$id":"221","sounds":[{"d":0.375,"p":67,"v":47}],"pos":7.375,"size":1.0,"_time":64.5},{"$id":"222","sounds":[{"d":0.375,"p":79,"v":48}],"pos":-1.0,"size":0.9,"_time":64.5},{"$id":"223","sounds":[{"d":0.375,"p":71,"v":47}],"pos":7.875,"size":1.0,"_time":64.875},{"$id":"224","sounds":[{"d":0.375,"p":52,"v":47}],"pos":6.0,"size":1.0,"_time":65.25},{"$id":"225","sounds":[{"d":0.375,"p":98,"v":48}],"pos":2.0,"size":0.9,"_time":65.25},{"$id":"226","sounds":[{"d":0.375,"p":59,"v":47}],"pos":6.375,"size":1.0,"_time":65.625},{"$id":"227","sounds":[{"d":0.375,"p":64,"v":47}],"pos":6.5,"size":1.0,"_time":66.0},{"$id":"228","sounds":[{"d":0.375,"p":96,"v":48}],"pos":1.0,"size":0.9,"_time":66.0},{"$id":"229","sounds":[{"d":0.375,"p":67,"v":47}],"pos":7.375,"size":1.0,"_time":66.375},{"$id":"230","sounds":[{"d":0.375,"p":60,"v":48}],"pos":5.5,"size":1.0,"_time":66.75},{"$id":"231","sounds":[{"d":0.375,"p":95,"v":48}],"size":0.9,"_time":66.75},{"$id":"232","sounds":[{"d":0.375,"p":64,"v":48}],"pos":-2.0,"size":1.0,"_time":67.125},{"$id":"233","sounds":[{"d":0.375,"p":67,"v":48}],"pos":-1.0,"size":1.0,"_time":67.5},{"$id":"234","sounds":[{"d":0.1875,"p":72,"v":47}],"pos":8.0,"size":1.0,"_time":67.875},{"$id":"235","sounds":[{"d":0.1875,"p":90,"v":48}],"size":1.0,"_time":67.875},{"$id":"236","sounds":[{"d":0.1875,"p":91,"v":48}],"pos":1.0,"size":1.0,"_time":68.0625},{"$id":"237","sounds":[{"d":0.375,"p":50,"v":47}],"pos":5.25,"size":1.0,"_time":68.25},{"$id":"238","sounds":[{"d":0.375,"p":93,"v":48}],"pos":2.0,"size":1.0,"_time":68.25},{"$id":"239","sounds":[{"d":0.375,"p":57,"v":47}],"pos":6.125,"size":1.0,"_time":68.625},{"$id":"240","sounds":[{"d":0.375,"p":62,"v":47}],"pos":6.75,"size":1.0,"_time":69.0},{"$id":"241","sounds":[{"d":0.375,"p":90,"v":48}],"pos":1.0,"size":1.0,"_time":69.0},{"$id":"242","sounds":[{"d":0.375,"p":66,"v":47}],"pos":7.25,"size":1.0,"_time":69.375},{"$id":"243","sounds":[{"d":0.375,"p":52,"v":45}],"pos":-2.0,"size":1.0,"_time":69.75},{"$id":"244","sounds":[{"d":0.375,"p":88,"v":48}],"size":1.0,"_time":69.75},{"$id":"245","sounds":[{"d":0.375,"p":64,"v":45}],"pos":7.0,"size":1.0,"_time":69.75},{"$id":"246","sounds":[{"d":0.375,"p":59,"v":45}],"pos":-1.0,"size":1.0,"_time":70.125},{"$id":"247","sounds":[{"d":0.375,"p":68,"v":45}],"size":1.0,"_time":70.5},{"$id":"248","sounds":[{"d":0.375,"p":71,"v":45}],"pos":1.0,"size":1.0,"_time":70.875},{"$id":"249","sounds":[{"d":0.375,"p":76,"v":45}],"pos":2.0,"size":1.0,"_time":71.25},{"$id":"250","sounds":[{"d":0.375,"p":59,"v":45}],"pos":6.5,"size":1.0,"_time":71.625},{"$id":"251","sounds":[{"d":0.375,"p":40,"v":77}],"pos":7.0,"size":1.30000007,"_time":72.0},{"$id":"252","sounds":[{"d":0.375,"p":90,"v":48}],"size":1.30000007,"_time":72.0},{"$id":"253","sounds":[{"d":0.375,"p":64,"v":45}],"pos":7.0,"size":1.0,"_time":72.375},{"$id":"254","sounds":[{"d":0.75,"p":48,"v":12},{"d":0.75,"p":55,"v":12},{"d":0.75,"p":52,"v":12}],"pos":-1.0,"size":1.30000007,"_time":72.75},{"$id":"255","sounds":[{"d":0.75,"p":86,"v":86}],"pos":2.0,"size":1.0,"_time":72.75},{"$id":"256","sounds":[{"d":0.75,"p":84,"v":88}],"pos":1.0,"size":1.0,"_time":73.5},{"$id":"257","sounds":[{"d":0.75,"p":48,"v":12},{"d":0.75,"p":52,"v":12},{"d":0.75,"p":55,"v":12}],"pos":-1.0,"size":1.30000007,"_time":73.5},{"$id":"258","sounds":[{"d":0.75,"p":83,"v":88}],"size":1.0,"_time":74.25},{"$id":"259","sounds":[{"d":0.75,"p":47,"v":12},{"d":0.75,"p":54,"v":12},{"d":0.75,"p":51,"v":12}],"pos":-2.0,"size":1.30000007,"_time":74.25},{"$id":"260","sounds":[{"d":0.75,"p":84,"v":88}],"pos":2.0,"size":1.0,"_time":75.0},{"$id":"261","sounds":[{"d":0.75,"p":47,"v":12},{"d":0.75,"p":51,"v":12},{"d":0.75,"p":54,"v":12}],"pos":-2.0,"size":1.30000007,"_time":75.0},{"$id":"262","sounds":[{"d":0.75,"p":83,"v":88}],"pos":1.0,"size":1.0,"_time":75.75},{"$id":"263","sounds":[{"d":0.75,"p":52,"v":12},{"d":0.75,"p":55,"v":12},{"d":0.75,"p":59,"v":12}],"pos":-0.5,"size":1.30000007,"_time":75.75},{"$id":"264","sounds":[{"d":0.75,"p":52,"v":12},{"d":0.75,"p":55,"v":12},{"d":0.75,"p":59,"v":12}],"pos":-0.5,"size":1.30000007,"_time":76.5},{"$id":"265","sounds":[{"d":0.75,"p":52,"v":12},{"d":0.75,"p":55,"v":12},{"d":0.75,"p":59,"v":12}],"pos":-0.5,"size":1.30000007,"_time":77.25},{"$id":"266","sounds":[{"d":0.75,"p":52,"v":12},{"d":0.75,"p":55,"v":12},{"d":0.75,"p":59,"v":12}],"pos":-0.5,"size":1.30000007,"_time":78.0},{"$id":"267","sounds":[{"d":0.75,"p":86,"v":90}],"pos":2.0,"size":1.0,"_time":78.75},{"$id":"268","sounds":[{"d":0.75,"p":48,"v":12},{"d":0.75,"p":52,"v":12},{"d":0.75,"p":55,"v":12}],"pos":-1.0,"size":1.30000007,"_time":78.75},{"$id":"269","sounds":[{"d":0.75,"p":84,"v":90}],"pos":1.0,"size":1.0,"_time":79.5},{"$id":"270","sounds":[{"d":0.75,"p":48,"v":12},{"d":0.75,"p":52,"v":12},{"d":0.75,"p":55,"v":12}],"pos":-1.0,"size":1.30000007,"_time":79.5},{"$id":"271","sounds":[{"d":0.75,"p":90,"v":90}],"size":1.0,"_time":80.25},{"$id":"272","sounds":[{"d":0.75,"p":47,"v":12},{"d":0.75,"p":54,"v":12},{"d":0.75,"p":51,"v":12}],"pos":-2.0,"size":1.30000007,"_time":80.25},{"$id":"273","sounds":[{"d":0.703125,"p":91,"v":91}],"pos":1.0,"size":1.0,"_time":81.0},{"$id":"274","sounds":[{"d":0.703125,"p":47,"v":12},{"d":0.703125,"p":51,"v":12},{"d":0.703125,"p":54,"v":12}],"pos":-2.0,"size":1.30000007,"_time":81.0},{"$id":"275","sounds":[{"d":0.046875,"p":92,"v":47}],"pos":1.5,"size":1.0,"_time":81.703125},{"$id":"276","sounds":[{"d":0.75,"p":52,"v":12},{"d":0.75,"p":55,"v":12},{"d":0.75,"p":59,"v":12}],"pos":-0.5,"size":1.30000007,"_time":81.75},{"$id":"277","sounds":[{"d":0.75,"p":93,"v":91}],"pos":2.0,"size":1.0,"_time":81.75},{"$id":"278","sounds":[{"d":0.75,"p":52,"v":12},{"d":0.75,"p":55,"v":12},{"d":0.75,"p":59,"v":12}],"pos":-0.5,"size":1.30000007,"_time":82.5},{"$id":"279","sounds":[{"d":0.75,"p":91,"v":91}],"pos":1.0,"size":1.0,"_time":82.5},{"$id":"280","sounds":[{"d":0.75,"p":52,"v":12},{"d":0.75,"p":55,"v":12},{"d":0.75,"p":59,"v":12}],"pos":-0.5,"size":1.30000007,"_time":83.25},{"$id":"281","sounds":[{"d":0.75,"p":96,"v":91}],"pos":2.0,"size":1.0,"_time":83.25},{"$id":"282","sounds":[{"d":0.75,"p":95,"v":91}],"pos":1.0,"size":1.0,"_time":84.0},{"$id":"283","sounds":[{"d":0.75,"p":50,"v":12},{"d":0.75,"p":54,"v":12},{"d":0.75,"p":59,"v":12}],"pos":-0.5,"size":1.30000007,"_time":84.0},{"$id":"284","sounds":[{"d":0.75,"p":86,"v":86}],"pos":2.0,"size":1.0,"_time":84.75},{"$id":"285","sounds":[{"d":0.75,"p":48,"v":12},{"d":0.75,"p":55,"v":12},{"d":0.75,"p":52,"v":12}],"pos":-1.0,"size":1.30000007,"_time":84.75},{"$id":"286","sounds":[{"d":0.75,"p":84,"v":88}],"pos":1.0,"size":1.0,"_time":85.5},{"$id":"287","sounds":[{"d":0.75,"p":48,"v":12},{"d":0.75,"p":52,"v":12},{"d":0.75,"p":55,"v":12}],"pos":-1.0,"size":1.30000007,"_time":85.5},{"$id":"288","sounds":[{"d":0.75,"p":83,"v":88}],"size":1.0,"_time":86.25},{"$id":"289","sounds":[{"d":0.75,"p":47,"v":12},{"d":0.75,"p":51,"v":12},{"d":0.75,"p":54,"v":12}],"pos":-2.0,"size":1.30000007,"_time":86.25},{"$id":"290","sounds":[{"d":0.75,"p":84,"v":88}],"pos":2.0,"size":1.0,"_time":87.0},{"$id":"291","sounds":[{"d":0.75,"p":47,"v":12},{"d":0.75,"p":51,"v":12},{"d":0.75,"p":54,"v":12}],"pos":-2.0,"size":1.30000007,"_time":87.0},{"$id":"292","sounds":[{"d":0.75,"p":83,"v":88}],"pos":1.0,"size":1.0,"_time":87.75},{"$id":"293","sounds":[{"d":0.75,"p":52,"v":12},{"d":0.75,"p":55,"v":12},{"d":0.75,"p":59,"v":12}],"pos":-0.5,"size":1.30000007,"_time":87.75},{"$id":"294","sounds":[{"d":0.75,"p":52,"v":12},{"d":0.75,"p":55,"v":12},{"d":0.75,"p":59,"v":12}],"pos":-0.5,"size":1.30000007,"_time":88.5},{"$id":"295","sounds":[{"d":0.75,"p":52,"v":12},{"d":0.75,"p":55,"v":12},{"d":0.75,"p":59,"v":12}],"pos":-0.5,"size":1.30000007,"_time":89.25},{"$id":"296","sounds":[{"d":0.75,"p":91,"v":88}],"pos":2.0,"size":1.0,"_time":89.25},{"$id":"297","sounds":[{"d":0.75,"p":52,"v":12},{"d":0.75,"p":55,"v":12},{"d":0.75,"p":59,"v":12}],"pos":-0.5,"size":1.30000007,"_time":90.0},{"$id":"298","sounds":[{"d":0.75,"p":90,"v":88}],"pos":1.5,"size":1.0,"_time":90.0},{"$id":"299","sounds":[{"d":0.03125,"p":86,"v":88}],"pos":1.0,"size":1.0,"_time":90.75},{"$id":"300","sounds":[{"d":0.03125,"p":48,"v":12}],"pos":-2.0,"size":1.30000007,"_time":90.75},{"$id":"301","sounds":[{"d":0.0546875,"p":55,"v":12}],"pos":-1.57308173,"size":1.30000007,"_time":90.78125},{"$id":"302","sounds":[{"d":1.0390625,"p":64,"v":12}],"pos":-1.0,"size":1.30000007,"_time":90.83594},{"$id":"303","sounds":[{"d":0.375,"p":86,"v":88}],"pos":1.0,"size":1.0,"_time":91.875},{"$id":"304","sounds":[{"d":0.75,"p":84,"v":88}],"pos":-1.0,"size":1.0,"_time":92.25},{"$id":"305","sounds":[{"d":0.75,"p":83,"v":88}],"size":1.0,"_time":93.0},{"$id":"306","sounds":[{"d":0.0390625,"p":81,"v":88}],"pos":1.0,"size":1.0,"_time":93.75},{"$id":"307","sounds":[{"d":0.0390625,"p":50,"v":64}],"pos":-1.5,"size":1.30000007,"_time":93.75},{"$id":"308","sounds":[{"d":0.046875,"p":62,"v":64}],"pos":-1.0,"size":1.30000007,"_time":93.78906},{"$id":"309","sounds":[{"d":1.4140625,"p":67,"v":64}],"pos":-0.5,"size":1.30000007,"_time":93.83594},{"$id":"310","sounds":[{"d":0.75,"p":79,"v":101}],"pos":-2.0,"size":1.0,"_time":95.25},{"$id":"311","sounds":[{"d":0.75,"p":91,"v":101}],"size":1.0,"_time":95.25},{"$id":"312","sounds":[{"d":0.75,"p":81,"v":99}],"pos":-1.0,"size":1.0,"_time":96.0},{"$id":"313","sounds":[{"d":0.75,"p":93,"v":99}],"pos":1.0,"size":1.0,"_time":96.0},{"$id":"314","sounds":[{"d":0.375,"p":48,"v":83}],"pos":7.5,"size":1.30000007,"_time":96.75},{"$id":"315","sounds":[{"d":0.375,"p":83,"v":96}],"size":1.0,"_time":96.75},{"$id":"316","sounds":[{"d":0.375,"p":95,"v":96}],"pos":2.0,"size":1.1,"_time":96.75},{"$id":"317","sounds":[{"d":0.375,"p":64,"v":83}],"pos":-2.0,"size":1.0,"_time":97.125},{"$id":"318","sounds":[{"d":0.375,"p":67,"v":83}],"pos":-1.0,"size":1.0,"_time":97.5},{"$id":"319","sounds":[{"d":0.375,"p":72,"v":83}],"pos":8.0,"size":1.0,"_time":97.875},{"$id":"320","sounds":[{"d":0.375,"p":79,"v":96}],"pos":-2.0,"size":1.0,"_time":97.875},{"$id":"321","sounds":[{"d":0.375,"p":91,"v":96}],"size":1.0,"_time":97.875},{"$id":"322","sounds":[{"d":0.375,"p":50,"v":83}],"pos":5.0,"size":1.0,"_time":98.25},{"$id":"323","sounds":[{"d":0.375,"p":96,"v":96}],"pos":2.0,"size":0.9,"_time":98.25},{"$id":"324","sounds":[{"d":0.375,"p":84,"v":96}],"size":1.0,"_time":98.25},{"$id":"325","sounds":[{"d":0.375,"p":57,"v":83}],"pos":5.0,"size":1.0,"_time":98.625},{"$id":"326","sounds":[{"d":0.375,"p":62,"v":83}],"pos":6.75,"size":1.0,"_time":99.0},{"$id":"327","sounds":[{"d":0.375,"p":83,"v":96}],"pos":-1.0,"size":1.0,"_time":99.0},{"$id":"328","sounds":[{"d":0.375,"p":95,"v":96}],"pos":1.0,"size":0.9,"_time":99.0},{"$id":"329","sounds":[{"d":0.375,"p":66,"v":83}],"pos":5.0,"size":1.0,"_time":99.375},{"$id":"330","sounds":[{"d":0.375,"p":55,"v":83}],"pos":12.0,"size":1.0,"_time":99.75},{"$id":"331","sounds":[{"d":0.375,"p":81,"v":96}],"pos":-2.0,"size":1.0,"_time":99.75},{"$id":"332","sounds":[{"d":0.375,"p":93,"v":96}],"size":0.9,"_time":99.75},{"$id":"333","sounds":[{"d":0.375,"p":62,"v":83}],"pos":-1.0,"size":1.0,"_time":100.125},{"$id":"334","sounds":[{"d":0.375,"p":67,"v":83}],"pos":1.0,"size":1.0,"_time":100.5},{"$id":"335","sounds":[{"d":0.375,"p":71,"v":83}],"pos":7.875,"size":1.0,"_time":100.875},{"$id":"336","sounds":[{"d":0.375,"p":83,"v":96}],"pos":-1.0,"size":1.0,"_time":100.875},{"$id":"337","sounds":[{"d":0.375,"p":95,"v":96}],"pos":2.0,"size":1.0,"_time":100.875},{"$id":"338","sounds":[{"d":0.375,"p":52,"v":83}],"pos":6.0,"size":1.0,"_time":101.25},{"$id":"339","sounds":[{"d":0.375,"p":91,"v":96}],"pos":1.0,"size":1.0,"_time":101.25},{"$id":"340","sounds":[{"d":0.375,"p":79,"v":96}],"pos":-2.0,"size":1.0,"_time":101.25},{"$id":"341","sounds":[{"d":0.375,"p":59,"v":83}],"pos":-1.0,"size":1.0,"_time":101.625},{"$id":"342","sounds":[{"d":0.375,"p":64,"v":83}],"size":1.0,"_time":102.0},{"$id":"343","sounds":[{"d":0.375,"p":67,"v":83}],"pos":1.0,"size":1.0,"_time":102.375},{"$id":"344","sounds":[{"d":0.375,"p":45,"v":83}],"pos":6.0,"size":1.0,"_time":102.75},{"$id":"345","sounds":[{"d":0.375,"p":79,"v":96}],"pos":-2.0,"size":1.0,"_time":102.75},{"$id":"346","sounds":[{"d":0.375,"p":91,"v":96}],"size":1.0,"_time":102.75},{"$id":"347","sounds":[{"d":0.375,"p":52,"v":83}],"pos":-1.0,"size":1.0,"_time":103.125},{"$id":"348","sounds":[{"d":0.375,"p":55,"v":83}],"pos":1.0,"size":1.0,"_time":103.5},{"$id":"349","sounds":[{"d":0.375,"p":60,"v":83}],"pos":6.5,"size":1.0,"_time":103.875},{"$id":"350","sounds":[{"d":0.375,"p":79,"v":96}],"pos":-2.0,"size":1.0,"_time":103.875},{"$id":"351","sounds":[{"d":0.375,"p":91,"v":96}],"size":1.0,"_time":103.875},{"$id":"352","sounds":[{"d":0.375,"p":47,"v":83}],"pos":13.5,"size":1.0,"_time":104.25},{"$id":"353","sounds":[{"d":0.375,"p":93,"v":97}],"pos":1.0,"size":0.9,"_time":104.25},{"$id":"354","sounds":[{"d":0.375,"p":81,"v":97}],"pos":-1.0,"size":1.0,"_time":104.25},{"$id":"355","sounds":[{"d":0.375,"p":51,"v":83}],"pos":7.5,"size":1.0,"_time":104.625},{"$id":"356","sounds":[{"d":0.375,"p":54,"v":83}],"pos":5.75,"size":1.0,"_time":105.0},{"$id":"357","sounds":[{"d":0.375,"p":84,"v":97}],"size":1.0,"_time":105.0},{"$id":"358","sounds":[{"d":0.375,"p":96,"v":97}],"pos":2.0,"size":0.9,"_time":105.0},{"$id":"359","sounds":[{"d":0.375,"p":59,"v":83}],"pos":6.375,"size":1.0,"_time":105.375},{"$id":"360","sounds":[{"d":0.375,"p":52,"v":83}],"pos":5.0,"size":1.0,"_time":105.75},{"$id":"361","sounds":[{"d":0.375,"p":83,"v":97}],"pos":-1.0,"size":1.0,"_time":105.75},{"$id":"362","sounds":[{"d":0.375,"p":95,"v":97}],"pos":1.0,"size":1.0,"_time":105.75},{"$id":"363","sounds":[{"d":0.375,"p":59,"v":82}],"pos":6.375,"size":1.0,"_time":106.125},{"$id":"364","sounds":[{"d":0.375,"p":64,"v":82}],"pos":7.0,"size":1.0,"_time":106.5},{"$id":"365","sounds":[{"d":0.375,"p":79,"v":97}],"pos":-2.0,"size":1.0,"_time":106.5},{"$id":"366","sounds":[{"d":0.375,"p":91,"v":97}],"size":1.2,"_time":106.5},{"$id":"367","sounds":[{"d":0.375,"p":67,"v":82}],"pos":7.375,"size":1.0,"_time":106.875},{"$id":"368","sounds":[{"d":0.375,"p":95,"v":97}],"pos":1.0,"size":1.2,"_time":107.25},{"$id":"369","sounds":[{"d":0.375,"p":83,"v":97}],"pos":-1.0,"size":1.0,"_time":107.25},{"$id":"370","sounds":[{"d":0.375,"p":59,"v":82}],"pos":6.375,"size":1.0,"_time":107.625},{"$id":"371","sounds":[{"d":0.375,"p":52,"v":82}],"pos":5.5,"size":1.0,"_time":108.0},{"$id":"372","sounds":[{"d":0.375,"p":84,"v":97}],"size":1.0,"_time":108.0},{"$id":"373","sounds":[{"d":0.375,"p":96,"v":97}],"pos":2.0,"size":1.2,"_time":108.0},{"$id":"374","sounds":[{"d":0.375,"p":64,"v":82}],"pos":7.0,"size":1.0,"_time":108.375},{"$id":"375","sounds":[{"d":0.375,"p":48,"v":82}],"pos":6.0,"size":1.0,"_time":108.75},{"$id":"376","sounds":[{"d":0.375,"p":86,"v":97}],"pos":-1.0,"size":0.799999952,"_time":108.75},{"$id":"377","sounds":[{"d":0.375,"p":98,"v":97}],"pos":2.0,"size":0.799999952,"_time":108.75},{"$id":"378","sounds":[{"d":0.375,"p":64,"v":82}],"pos":-2.0,"size":1.0,"_time":109.125},{"$id":"379","sounds":[{"d":0.375,"p":67,"v":82}],"pos":-1.0,"size":1.0,"_time":109.5},{"$id":"380","sounds":[{"d":0.1875,"p":72,"v":82}],"pos":8.0,"size":1.0,"_time":109.875},{"$id":"381","sounds":[{"d":0.1875,"p":83,"v":97}],"pos":-2.0,"size":1.0,"_time":109.875},{"$id":"382","sounds":[{"d":0.1875,"p":95,"v":97}],"pos":0.5,"size":1.0,"_time":109.875},{"$id":"383","sounds":[{"d":0.1875,"p":84,"v":97}],"pos":-1.28075576,"size":1.0,"_time":110.0625},{"$id":"384","sounds":[{"d":0.1875,"p":96,"v":97}],"pos":1.24360573,"size":1.0,"_time":110.0625},{"$id":"385","sounds":[{"d":0.375,"p":50,"v":82}],"pos":5.25,"size":1.0,"_time":110.25},{"$id":"386","sounds":[{"d":0.375,"p":86,"v":97}],"pos":-0.5,"size":1.0,"_time":110.25},{"$id":"387","sounds":[{"d":0.375,"p":98,"v":97}],"pos":2.0,"size":1.0,"_time":110.25},{"$id":"388","sounds":[{"d":0.375,"p":57,"v":82}],"pos":6.125,"size":1.0,"_time":110.625},{"$id":"389","sounds":[{"d":0.375,"p":62,"v":82}],"pos":6.75,"size":1.0,"_time":111.0},{"$id":"390","sounds":[{"d":0.375,"p":103,"v":97}],"pos":1.0,"size":0.9,"_time":111.0},{"$id":"391","sounds":[{"d":0.375,"p":91,"v":97}],"pos":-1.0,"size":1.0,"_time":111.0},{"$id":"392","sounds":[{"d":0.375,"p":66,"v":82}],"pos":4.5,"size":1.0,"_time":111.375},{"$id":"393","sounds":[{"d":0.375,"p":55,"v":82}],"pos":5.875,"size":1.0,"_time":111.75},{"$id":"394","sounds":[{"d":0.375,"p":93,"v":97}],"size":1.0,"_time":111.75},{"$id":"395","sounds":[{"d":0.375,"p":105,"v":97}],"pos":2.0,"size":0.9,"_time":111.75},{"$id":"396","sounds":[{"d":0.375,"p":62,"v":82}],"pos":5.5,"size":1.0,"_time":112.125},{"$id":"397","sounds":[{"d":0.375,"p":67,"v":82}],"pos":7.375,"size":1.0,"_time":112.5},{"$id":"398","sounds":[{"d":0.375,"p":91,"v":97}],"pos":-1.0,"size":1.0,"_time":112.5},{"$id":"399","sounds":[{"d":0.375,"p":103,"v":97}],"pos":1.0,"size":0.9,"_time":112.5},{"$id":"400","sounds":[{"d":0.375,"p":71,"v":82}],"pos":4.5,"size":1.0,"_time":112.875},{"$id":"401","sounds":[{"d":0.375,"p":52,"v":82}],"pos":6.5,"size":1.0,"_time":113.25},{"$id":"402","sounds":[{"d":0.375,"p":98,"v":99}],"size":0.9,"_time":113.25},{"$id":"403","sounds":[{"d":0.375,"p":86,"v":99}],"pos":-2.0,"size":1.0,"_time":113.25},{"$id":"404","sounds":[{"d":0.375,"p":59,"v":82}],"pos":6.375,"size":1.0,"_time":113.625},{"$id":"405","sounds":[{"d":0.375,"p":64,"v":82}],"pos":7.0,"size":1.0,"_time":114.0},{"$id":"406","sounds":[{"d":0.375,"p":95,"v":99}],"pos":2.0,"size":1.0,"_time":114.0},{"$id":"407","sounds":[{"d":0.375,"p":83,"v":99}],"pos":-1.0,"size":1.0,"_time":114.0},{"$id":"408","sounds":[{"d":0.375,"p":67,"v":82}],"pos":7.375,"size":1.0,"_time":114.375},{"$id":"409","sounds":[{"d":0.375,"p":45,"v":82}],"pos":7.0,"size":1.0,"_time":114.75},{"$id":"410","sounds":[{"d":0.375,"p":79,"v":99}],"pos":-2.0,"size":1.0,"_time":114.75},{"$id":"411","sounds":[{"d":0.375,"p":91,"v":99}],"pos":1.0,"size":1.0,"_time":114.75},{"$id":"412","sounds":[{"d":0.375,"p":52,"v":82}],"pos":-1.0,"size":1.0,"_time":115.125},{"$id":"413","sounds":[{"d":0.375,"p":55,"v":82}],"size":1.0,"_time":115.5},{"$id":"414","sounds":[{"d":0.375,"p":60,"v":82}],"pos":1.0,"size":1.0,"_time":115.875},{"$id":"415","sounds":[{"d":0.375,"p":47,"v":82}],"pos":4.5,"size":1.0,"_time":116.25},{"$id":"416","sounds":[{"d":0.375,"p":81,"v":99}],"size":1.0,"_time":116.25},{"$id":"417","sounds":[{"d":0.375,"p":93,"v":99}],"pos":2.0,"size":1.0,"_time":116.25},{"$id":"418","sounds":[{"d":0.375,"p":51,"v":82}],"pos":5.375,"size":1.0,"_time":116.625},{"$id":"419","sounds":[{"d":0.375,"p":54,"v":82}],"pos":9.5,"size":1.0,"_time":117.0},{"$id":"420","sounds":[{"d":0.375,"p":79,"v":99}],"pos":-1.0,"size":1.0,"_time":117.0},{"$id":"421","sounds":[{"d":0.375,"p":91,"v":99}],"pos":1.0,"size":1.0,"_time":117.0},{"$id":"422","sounds":[{"d":0.375,"p":59,"v":82}],"pos":6.375,"size":1.0,"_time":117.375},{"$id":"423","sounds":[{"d":0.375,"p":52,"v":82}],"pos":5.5,"size":1.0,"_time":117.75},{"$id":"424","sounds":[{"d":0.375,"p":90,"v":99}],"size":1.0,"_time":117.75},{"$id":"425","sounds":[{"d":0.375,"p":78,"v":99}],"pos":-2.0,"size":1.0,"_time":117.75},{"$id":"426","sounds":[{"d":0.375,"p":59,"v":82}],"pos":-1.0,"size":1.0,"_time":118.125},{"$id":"427","sounds":[{"d":0.375,"p":64,"v":82}],"size":1.0,"_time":118.5},{"$id":"428","sounds":[{"d":0.375,"p":67,"v":82}],"pos":1.0,"size":1.0,"_time":118.875},{"$id":"429","sounds":[{"d":1.5,"p":88,"v":99}],"pos":2.0,"size":1.0,"_time":119.25},{"$id":"430","sounds":[{"d":1.5,"p":76,"v":99}],"pos":-2.0,"size":1.0,"_time":119.25},{"$id":"431","sounds":[{"d":0.375,"p":60,"v":42}],"pos":9.0,"size":1.0,"_time":120.75},{"$id":"432","sounds":[{"d":0.375,"p":91,"v":42}],"size":1.0,"_time":120.75},{"$id":"433","sounds":[{"d":0.375,"p":76,"v":42}],"pos":8.5,"size":1.0,"_time":121.125},{"$id":"434","sounds":[{"d":0.375,"p":79,"v":42}],"pos":8.875,"size":1.0,"_time":121.5},{"$id":"435","sounds":[{"d":0.375,"p":84,"v":42}],"pos":9.5,"size":1.0,"_time":121.875},{"$id":"436","sounds":[{"d":0.375,"p":91,"v":42}],"pos":1.0,"size":1.0,"_time":121.875},{"$id":"437","sounds":[{"d":1.5,"p":90,"v":42}],"size":1.0,"_time":122.25},{"$id":"438","sounds":[{"d":1.5,"p":62,"v":42},{"d":1.5,"p":69,"v":42},{"d":1.5,"p":74,"v":42}],"pos":-2.0,"size":1.30000007,"_time":122.25},{"$id":"439","sounds":[{"d":0.375,"p":81,"v":42}],"pos":9.125,"size":1.0,"_time":123.75},{"$id":"440","sounds":[{"d":0.375,"p":67,"v":42}],"pos":4.5,"size":1.1,"_time":123.75},{"$id":"441","sounds":[{"d":0.375,"p":90,"v":42}],"pos":1.0,"size":1.0,"_time":123.75},{"$id":"442","sounds":[{"d":0.375,"p":74,"v":42}],"pos":8.25,"size":1.0,"_time":124.125},{"$id":"443","sounds":[{"d":0.375,"p":79,"v":42}],"pos":8.875,"size":1.0,"_time":124.5},{"$id":"444","sounds":[{"d":0.375,"p":93,"v":42}],"pos":2.0,"size":1.0,"_time":124.875},{"$id":"445","sounds":[{"d":1.5,"p":91,"v":42}],"pos":1.0,"size":1.0,"_time":125.25},{"$id":"446","sounds":[{"d":1.5,"p":64,"v":42},{"d":1.5,"p":71,"v":42},{"d":1.5,"p":76,"v":42}],"pos":-1.0,"size":1.30000007,"_time":125.25},{"$id":"447","sounds":[{"d":0.75,"p":69,"v":42},{"d":0.75,"p":79,"v":42},{"d":0.75,"p":76,"v":42}],"size":1.30000007,"_time":126.75},{"$id":"448","sounds":[{"d":0.75,"p":91,"v":42}],"pos":2.0,"size":1.0,"_time":126.75},{"$id":"449","sounds":[{"d":0.75,"p":90,"v":42}],"pos":1.0,"size":1.0,"_time":127.5},{"$id":"450","sounds":[{"d":0.75,"p":87,"v":42}],"pos":1.0,"size":1.0,"_time":128.25},{"$id":"451","sounds":[{"d":0.75,"p":78,"v":42},{"d":0.75,"p":71,"v":42},{"d":0.75,"p":75,"v":42}],"pos":-1.0,"size":1.30000007,"_time":128.25},{"$id":"452","sounds":[{"d":0.375,"p":83,"v":42}],"pos":-2.0,"size":1.0,"_time":129.0},{"$id":"453","sounds":[{"d":0.375,"p":87,"v":42}],"size":1.0,"_time":129.375},{"$id":"454","sounds":[{"d":0.046875,"p":71,"v":42}],"pos":-2.0,"size":1.0,"_time":129.75},{"$id":"455","sounds":[{"d":0.046875,"p":76,"v":42}],"pos":-1.5,"size":1.0,"_time":129.796875},{"$id":"456","sounds":[{"d":0.046875,"p":81,"v":42}],"pos":-1.0,"size":1.0,"_time":129.84375},{"$id":"457","sounds":[{"d":1.359375,"p":88,"v":42}],"pos":-0.5,"size":1.0,"_time":129.890625},{"$id":"458","sounds":[{"d":0.046875,"p":71,"v":42}],"pos":0.5,"size":1.0,"_time":131.25},{"$id":"459","sounds":[{"d":0.046875,"p":76,"v":42}],"pos":1.0,"size":1.0,"_time":131.296875},{"$id":"460","sounds":[{"d":0.046875,"p":80,"v":42}],"pos":1.5,"size":1.0,"_time":131.34375},{"$id":"461","sounds":[{"d":2.171875,"p":88,"v":42}],"pos":2.0,"size":1.0,"_time":131.390625}],"links":[{"notes":[{"$ref":"1"},{"$ref":"2"},{"$ref":"4"}]},{"notes":[{"$ref":"40"},{"$ref":"41"},{"$ref":"43"}]},{"notes":[{"$ref":"99"},{"$ref":"101"},{"$ref":"103"},{"$ref":"105"}]},{"notes":[{"$ref":"194"},{"$ref":"195"},{"$ref":"197"}]},{"notes":[{"$ref":"381"},{"$ref":"383"},{"$ref":"386"}]},{"notes":[{"$ref":"235"},{"$ref":"236"},{"$ref":"238"}]},{"notes":[{"$ref":"300"},{"$ref":"301"},{"$ref":"302"}]},{"notes":[{"$ref":"275"},{"$ref":"277"}]},{"notes":[{"$ref":"144"},{"$ref":"146"},{"$ref":"148"},{"$ref":"149"}]},{"notes":[{"$ref":"382"},{"$ref":"384"},{"$ref":"387"}]},{"notes":[{"$ref":"454"},{"$ref":"455"},{"$ref":"456"},{"$ref":"457"}]},{"notes":[{"$ref":"458"},{"$ref":"459"},{"$ref":"460"},{"$ref":"461"}]},{"notes":[{"$ref":"307"},{"$ref":"308"},{"$ref":"309"}]}]}