{"speed":10.0,"notes":[{"$id":"1","sounds":[{"d":0.08380675,"p":81,"v":80},{"d":0.169034,"p":48,"v":80},{"d":0.169034,"p":41,"v":80}],"size":1.30000007,"_time":2.046875},{"$id":"2","sounds":[{"d":0.08380675,"p":88,"v":62}],"pos":2.0,"size":1.0,"_time":2.21484375},{"$id":"3","sounds":[{"d":0.08380675,"p":64,"v":78}],"pos":3.0,"size":1.0,"_time":2.38671875},{"$id":"4","sounds":[{"d":0.08380675,"p":55,"v":78}],"pos":4.0,"size":1.0,"_time":2.38671875},{"$id":"5","sounds":[{"d":0.08380675,"p":76,"v":78}],"pos":7.0,"size":1.0,"_time":2.38671875},{"$id":"6","sounds":[{"d":0.08380675,"p":81,"v":85}],"size":1.0,"_time":2.55859375},{"$id":"7","sounds":[{"d":0.08380675,"p":86,"v":90}],"pos":1.0,"size":1.0,"_time":2.7265625},{"$id":"8","sounds":[{"d":0.08380675,"p":74,"v":62}],"pos":5.5,"size":1.0,"_time":2.8984375},{"$id":"9","sounds":[{"d":0.08380675,"p":79,"v":80}],"pos":-1.0,"size":1.0,"_time":3.06640625},{"$id":"10","sounds":[{"d":0.08380675,"p":83,"v":81}],"size":1.0,"_time":3.23828125},{"$id":"11","sounds":[{"d":0.08380675,"p":84,"v":78},{"d":0.169034,"p":50,"v":78},{"d":0.169034,"p":43,"v":78}],"pos":1.0,"size":1.30000007,"_time":3.41015625},{"$id":"12","sounds":[{"d":0.08380675,"p":72,"v":57}],"pos":8.5,"size":1.0,"_time":3.578125},{"$id":"13","sounds":[{"d":0.08380675,"p":55,"v":78}],"pos":5.0,"size":1.30000007,"_time":3.75},{"$id":"14","sounds":[{"d":0.08380675,"p":83,"v":78}],"size":1.0,"_time":3.75},{"$id":"15","sounds":[{"d":0.08380675,"p":62,"v":78}],"pos":4.0,"size":1.30000007,"_time":3.75},{"$id":"16","sounds":[{"d":0.08380699,"p":72,"v":83}],"pos":8.5,"size":1.0,"_time":3.921875},{"$id":"17","sounds":[{"d":0.08380699,"p":81,"v":69}],"pos":-1.0,"size":1.0,"_time":4.08984375},{"$id":"18","sounds":[{"d":0.08380699,"p":72,"v":74}],"pos":8.5,"size":1.0,"_time":4.26171875},{"$id":"19","sounds":[{"d":0.08380699,"p":74,"v":69}],"pos":-2.0,"size":1.0,"_time":4.43359375},{"$id":"20","sounds":[{"d":0.08380699,"p":81,"v":74}],"pos":-1.0,"size":1.0,"_time":4.6015625},{"$id":"21","sounds":[{"d":0.08380699,"p":83,"v":83},{"d":0.169034481,"p":52,"v":83},{"d":0.169034481,"p":45,"v":83}],"size":1.30000007,"_time":4.7734375},{"$id":"22","sounds":[{"d":0.08380699,"p":72,"v":60}],"pos":7.5,"size":1.0,"_time":4.94140625},{"$id":"23","sounds":[{"d":0.08380699,"p":55,"v":66}],"pos":6.5,"size":1.30000007,"_time":5.11328125},{"$id":"24","sounds":[{"d":0.08380699,"p":81,"v":66}],"pos":-1.0,"size":1.0,"_time":5.11328125},{"$id":"25","sounds":[{"d":0.08380699,"p":67,"v":66}],"pos":5.5,"size":1.30000007,"_time":5.11328125},{"$id":"26","sounds":[{"d":0.08380699,"p":83,"v":78}],"size":1.0,"_time":5.28515625},{"$id":"27","sounds":[{"d":0.08380699,"p":84,"v":81}],"pos":1.0,"size":1.0,"_time":5.453125},{"$id":"28","sounds":[{"d":0.08380699,"p":72,"v":59}],"pos":7.0,"size":1.0,"_time":5.625},{"$id":"29","sounds":[{"d":0.08380699,"p":84,"v":74}],"size":1.0,"_time":5.796875},{"$id":"30","sounds":[{"d":0.08380699,"p":86,"v":81}],"pos":1.0,"size":1.0,"_time":5.96484375},{"$id":"31","sounds":[{"d":0.08380699,"p":88,"v":88},{"d":0.169034481,"p":47,"v":88},{"d":0.169034481,"p":40,"v":88}],"pos":2.0,"size":1.30000007,"_time":6.13671875},{"$id":"32","sounds":[{"d":0.08380699,"p":79,"v":71}],"pos":7.0,"size":1.0,"_time":6.30859375},{"$id":"33","sounds":[{"d":0.08380699,"p":55,"v":86}],"pos":5.5,"size":1.30000007,"_time":6.4765625},{"$id":"34","sounds":[{"d":0.08380699,"p":88,"v":86}],"pos":-1.0,"size":1.0,"_time":6.4765625},{"$id":"35","sounds":[{"d":0.08380699,"p":62,"v":86}],"pos":4.5,"size":1.30000007,"_time":6.4765625},{"$id":"36","sounds":[{"d":0.08380699,"p":91,"v":95}],"pos":1.0,"size":1.0,"_time":6.6484375},{"$id":"37","sounds":[{"d":0.08380699,"p":86,"v":81}],"pos":-2.0,"size":1.0,"_time":6.81640625},{"$id":"38","sounds":[{"d":0.08380699,"p":79,"v":69}],"pos":6.5,"size":1.0,"_time":6.98828125},{"$id":"39","sounds":[{"d":0.08380699,"p":84,"v":85}],"pos":2.0,"size":1.0,"_time":7.16015625},{"$id":"40","sounds":[{"d":0.08380699,"p":83,"v":78}],"pos":1.0,"size":1.0,"_time":7.328125},{"$id":"41","sounds":[{"d":0.08380699,"p":81,"v":80},{"d":0.169034481,"p":48,"v":80},{"d":0.169034481,"p":41,"v":80}],"size":1.30000007,"_time":7.5},{"$id":"42","sounds":[{"d":0.08380699,"p":88,"v":62}],"pos":2.0,"size":1.0,"_time":7.671875},{"$id":"43","sounds":[{"d":0.08380699,"p":55,"v":78}],"pos":10.5,"size":1.30000007,"_time":7.83984375},{"$id":"44","sounds":[{"d":0.08380699,"p":76,"v":78}],"pos":6.5,"size":1.0,"_time":7.83984375},{"$id":"45","sounds":[{"d":0.08380699,"p":64,"v":78}],"pos":9.5,"size":1.30000007,"_time":7.83984375},{"$id":"46","sounds":[{"d":0.08380699,"p":81,"v":85}],"size":1.0,"_time":8.011719},{"$id":"47","sounds":[{"d":0.08380699,"p":86,"v":90}],"pos":1.0,"size":1.0,"_time":8.183594},{"$id":"48","sounds":[{"d":0.08380699,"p":74,"v":62}],"pos":6.0,"size":1.0,"_time":8.3515625},{"$id":"49","sounds":[{"d":0.08380699,"p":79,"v":80}],"pos":-1.0,"size":1.0,"_time":8.5234375},{"$id":"50","sounds":[{"d":0.08380699,"p":83,"v":81}],"size":1.0,"_time":8.691406},{"$id":"51","sounds":[{"d":0.08380699,"p":84,"v":78},{"d":0.169034,"p":50,"v":78},{"d":0.169034,"p":43,"v":78}],"pos":1.0,"size":1.30000007,"_time":8.863281},{"$id":"52","sounds":[{"d":0.08380699,"p":72,"v":57}],"pos":7.0,"size":1.0,"_time":9.035156},{"$id":"53","sounds":[{"d":0.08380699,"p":55,"v":78}],"pos":9.5,"size":1.30000007,"_time":9.203125},{"$id":"54","sounds":[{"d":0.08380699,"p":83,"v":78}],"size":1.0,"_time":9.203125},{"$id":"55","sounds":[{"d":0.08380699,"p":62,"v":78}],"pos":8.5,"size":1.30000007,"_time":9.203125},{"$id":"56","sounds":[{"d":0.08380699,"p":72,"v":83}],"pos":7.0,"size":1.0,"_time":9.375},{"$id":"57","sounds":[{"d":0.08380699,"p":81,"v":69}],"pos":-1.0,"size":1.0,"_time":9.546875},{"$id":"58","sounds":[{"d":0.08380699,"p":72,"v":74}],"pos":7.0,"size":1.0,"_time":9.714844},{"$id":"59","sounds":[{"d":0.08380699,"p":74,"v":69}],"pos":-2.0,"size":1.0,"_time":9.886719},{"$id":"60","sounds":[{"d":0.08380699,"p":81,"v":74}],"pos":-1.0,"size":1.0,"_time":10.0585938},{"$id":"61","sounds":[{"d":0.08380699,"p":83,"v":83},{"d":0.169034,"p":52,"v":83},{"d":0.169034,"p":45,"v":83}],"size":1.30000007,"_time":10.2265625},{"$id":"62","sounds":[{"d":0.08380699,"p":72,"v":60}],"pos":8.5,"size":1.0,"_time":10.3984375},{"$id":"63","sounds":[{"d":0.08380699,"p":55,"v":66}],"pos":7.0,"size":1.30000007,"_time":10.5664063},{"$id":"64","sounds":[{"d":0.08380699,"p":81,"v":66}],"pos":-1.0,"size":1.0,"_time":10.5664063},{"$id":"65","sounds":[{"d":0.08380699,"p":67,"v":66}],"pos":6.0,"size":1.30000007,"_time":10.5664063},{"$id":"66","sounds":[{"d":0.08380699,"p":83,"v":78}],"size":1.0,"_time":10.7382813},{"$id":"67","sounds":[{"d":0.08380699,"p":84,"v":81}],"pos":1.0,"size":1.0,"_time":10.9101563},{"$id":"68","sounds":[{"d":0.08380699,"p":72,"v":59}],"pos":6.0,"size":1.0,"_time":11.078125},{"$id":"69","sounds":[{"d":0.08380699,"p":84,"v":74}],"size":1.0,"_time":11.25},{"$id":"70","sounds":[{"d":0.08380699,"p":86,"v":81}],"pos":1.0,"size":1.0,"_time":11.421875},{"$id":"71","sounds":[{"d":0.08380699,"p":88,"v":88},{"d":0.169034,"p":47,"v":88},{"d":0.169034,"p":40,"v":88}],"pos":2.0,"size":1.30000007,"_time":11.5898438},{"$id":"72","sounds":[{"d":0.08380699,"p":79,"v":71}],"pos":5.5,"size":1.0,"_time":11.7617188},{"$id":"73","sounds":[{"d":0.08380699,"p":55,"v":86}],"pos":8.0,"size":1.30000007,"_time":11.9335938},{"$id":"74","sounds":[{"d":0.08380699,"p":88,"v":86}],"pos":-1.0,"size":1.0,"_time":11.9335938},{"$id":"75","sounds":[{"d":0.08380699,"p":62,"v":86}],"pos":7.0,"size":1.30000007,"_time":11.9335938},{"$id":"76","sounds":[{"d":0.08380699,"p":91,"v":78}],"size":1.0,"_time":12.1015625},{"$id":"77","sounds":[{"d":0.08380699,"p":96,"v":95}],"pos":2.0,"size":1.0,"_time":12.2734375},{"$id":"78","sounds":[{"d":0.08380699,"p":95,"v":104}],"pos":1.5,"size":1.0,"_time":12.4414063},{"$id":"79","sounds":[{"d":0.08380699,"p":91,"v":114}],"pos":1.0,"size":1.0,"_time":12.6132813},{"$id":"80","sounds":[{"d":0.08380699,"p":88,"v":120}],"pos":0.5,"size":1.0,"_time":12.7851563},{"$id":"81","sounds":[{"d":0.08380699,"p":81,"v":116}],"size":1.0,"_time":12.953125},{"$id":"82","sounds":[{"d":0.08380699,"p":41,"v":116},{"d":0.08380699,"p":48,"v":116}],"pos":-2.0,"size":1.30000007,"_time":12.953125},{"$id":"83","sounds":[{"d":0.08380699,"p":88,"v":102}],"pos":1.0,"size":1.0,"_time":13.125},{"$id":"84","sounds":[{"d":0.08380699,"p":76,"v":102}],"pos":8.5,"size":1.0,"_time":13.296875},{"$id":"85","sounds":[{"d":0.08380699,"p":69,"v":107}],"pos":6.0,"size":1.30000007,"_time":13.4648438},{"$id":"86","sounds":[{"d":0.08380699,"p":81,"v":107}],"pos":-1.0,"size":1.0,"_time":13.4648438},{"$id":"87","sounds":[{"d":0.08380699,"p":60,"v":107}],"pos":4.0,"size":1.30000007,"_time":13.4648438},{"$id":"88","sounds":[{"d":0.08380699,"p":86,"v":116}],"pos":1.0,"size":1.0,"_time":13.6367188},{"$id":"89","sounds":[{"d":0.08380699,"p":74,"v":88}],"pos":8.25,"size":1.0,"_time":13.8085938},{"$id":"90","sounds":[{"d":0.08380699,"p":67,"v":100}],"pos":5.5,"size":1.30000007,"_time":13.9765625},{"$id":"91","sounds":[{"d":0.08380699,"p":79,"v":100}],"size":1.0,"_time":13.9765625},{"$id":"92","sounds":[{"d":0.08380699,"p":59,"v":100}],"pos":3.5,"size":1.30000007,"_time":13.9765625},{"$id":"93","sounds":[{"d":0.08380699,"p":83,"v":109}],"pos":1.0,"size":1.0,"_time":14.1484375},{"$id":"94","sounds":[{"d":0.08380604,"p":84,"v":114}],"pos":2.0,"size":1.0,"_time":14.3164063},{"$id":"95","sounds":[{"d":0.08380604,"p":43,"v":114},{"d":0.08380604,"p":50,"v":114}],"pos":-2.0,"size":1.30000007,"_time":14.3164063},{"$id":"96","sounds":[{"d":0.08380699,"p":72,"v":99}],"pos":8.0,"size":1.0,"_time":14.4882813},{"$id":"97","sounds":[{"d":0.08380699,"p":83,"v":107}],"pos":1.0,"size":1.0,"_time":14.6601563},{"$id":"98","sounds":[{"d":0.08380699,"p":62,"v":116}],"pos":6.0,"size":1.30000007,"_time":14.828125},{"$id":"99","sounds":[{"d":0.08380699,"p":72,"v":116}],"pos":8.0,"size":1.0,"_time":14.828125},{"$id":"100","sounds":[{"d":0.08380699,"p":55,"v":116}],"pos":4.0,"size":1.30000007,"_time":14.828125},{"$id":"101","sounds":[{"d":0.08380699,"p":81,"v":109}],"size":1.0,"_time":15.0},{"$id":"102","sounds":[{"d":0.08380699,"p":72,"v":86}],"pos":8.0,"size":1.0,"_time":15.171875},{"$id":"103","sounds":[{"d":0.08380699,"p":64,"v":99}],"pos":6.5,"size":1.30000007,"_time":15.3398438},{"$id":"104","sounds":[{"d":0.08380699,"p":74,"v":99}],"pos":-1.0,"size":1.0,"_time":15.3398438},{"$id":"105","sounds":[{"d":0.08380699,"p":55,"v":99}],"pos":4.5,"size":1.30000007,"_time":15.3398438},{"$id":"106","sounds":[{"d":0.08380604,"p":81,"v":109}],"size":1.0,"_time":15.5117188},{"$id":"107","sounds":[{"d":0.08380699,"p":83,"v":113}],"pos":1.0,"size":1.0,"_time":15.6835938},{"$id":"108","sounds":[{"d":0.08380699,"p":45,"v":113},{"d":0.08380699,"p":52,"v":113}],"pos":-2.0,"size":1.30000007,"_time":15.6835938},{"$id":"109","sounds":[{"d":0.08380699,"p":72,"v":92}],"pos":8.0,"size":1.0,"_time":15.8515625},{"$id":"110","sounds":[{"d":0.08380699,"p":81,"v":107}],"pos":-0.5,"size":1.0,"_time":16.0234375},{"$id":"111","sounds":[{"d":0.08380699,"p":67,"v":116}],"pos":6.5,"size":1.30000007,"_time":16.1914063},{"$id":"112","sounds":[{"d":0.08380699,"p":83,"v":116}],"pos":0.5,"size":1.0,"_time":16.1914063},{"$id":"113","sounds":[{"d":0.08380699,"p":55,"v":116}],"pos":4.5,"size":1.30000007,"_time":16.1914063},{"$id":"114","sounds":[{"d":0.08380699,"p":84,"v":104}],"pos":1.5,"size":1.0,"_time":16.3632813},{"$id":"115","sounds":[{"d":0.08380699,"p":72,"v":106}],"pos":8.0,"size":1.0,"_time":16.5351563},{"$id":"116","sounds":[{"d":0.08380699,"p":55,"v":111}],"pos":4.0,"size":1.30000007,"_time":16.703125},{"$id":"117","sounds":[{"d":0.08380699,"p":84,"v":111}],"size":1.0,"_time":16.703125},{"$id":"118","sounds":[{"d":0.08380699,"p":64,"v":111}],"pos":6.0,"size":1.30000007,"_time":16.703125},{"$id":"119","sounds":[{"d":0.08380699,"p":86,"v":113}],"pos":1.0,"size":1.0,"_time":16.875},{"$id":"120","sounds":[{"d":0.08380699,"p":88,"v":116}],"pos":2.0,"size":1.0,"_time":17.046875},{"$id":"121","sounds":[{"d":0.08380699,"p":40,"v":116},{"d":0.08380699,"p":47,"v":116}],"pos":-2.0,"size":1.30000007,"_time":17.046875},{"$id":"122","sounds":[{"d":0.08380699,"p":79,"v":92}],"pos":8.875,"size":1.0,"_time":17.2148438},{"$id":"123","sounds":[{"d":0.08380699,"p":88,"v":102}],"size":1.0,"_time":17.3867188},{"$id":"124","sounds":[{"d":0.08380699,"p":76,"v":114}],"pos":6.5,"size":1.30000007,"_time":17.5585938},{"$id":"125","sounds":[{"d":0.08380699,"p":91,"v":114}],"pos":2.0,"size":1.0,"_time":17.5585938},{"$id":"126","sounds":[{"d":0.08380699,"p":67,"v":114}],"pos":4.5,"size":1.30000007,"_time":17.5585938},{"$id":"127","sounds":[{"d":0.08380699,"p":86,"v":114}],"pos":-1.0,"size":1.0,"_time":17.7265625},{"$id":"128","sounds":[{"d":0.08380699,"p":79,"v":100}],"pos":8.875,"size":1.0,"_time":17.8984375},{"$id":"129","sounds":[{"d":0.08380699,"p":64,"v":102}],"pos":6.0,"size":1.30000007,"_time":18.0664063},{"$id":"130","sounds":[{"d":0.08380699,"p":84,"v":102}],"pos":1.0,"size":1.0,"_time":18.0664063},{"$id":"131","sounds":[{"d":0.08380699,"p":55,"v":102}],"pos":4.0,"size":1.30000007,"_time":18.0664063},{"$id":"132","sounds":[{"d":0.08380699,"p":83,"v":99}],"pos":-1.0,"size":1.0,"_time":18.2382813},{"$id":"133","sounds":[{"d":0.08380699,"p":81,"v":104}],"size":1.0,"_time":18.4101563},{"$id":"134","sounds":[{"d":0.08380699,"p":41,"v":104},{"d":0.08380699,"p":48,"v":104}],"pos":-2.0,"size":1.30000007,"_time":18.4101563},{"$id":"135","sounds":[{"d":0.08380699,"p":88,"v":109}],"pos":1.0,"size":1.0,"_time":18.578125},{"$id":"136","sounds":[{"d":0.08380699,"p":76,"v":95}],"pos":8.5,"size":1.0,"_time":18.75},{"$id":"137","sounds":[{"d":0.08380699,"p":64,"v":114}],"pos":6.5,"size":1.30000007,"_time":18.921875},{"$id":"138","sounds":[{"d":0.08380699,"p":81,"v":114}],"pos":-1.0,"size":1.0,"_time":18.921875},{"$id":"139","sounds":[{"d":0.08380699,"p":55,"v":114}],"pos":4.5,"size":1.30000007,"_time":18.921875},{"$id":"140","sounds":[{"d":0.08380699,"p":86,"v":113}],"pos":1.0,"size":1.0,"_time":19.0898438},{"$id":"141","sounds":[{"d":0.08380699,"p":74,"v":95}],"pos":8.25,"size":1.0,"_time":19.2617188},{"$id":"142","sounds":[{"d":0.08380699,"p":62,"v":102}],"pos":6.0,"size":1.30000007,"_time":19.4335938},{"$id":"143","sounds":[{"d":0.08380699,"p":79,"v":102}],"size":1.0,"_time":19.4335938},{"$id":"144","sounds":[{"d":0.08380699,"p":55,"v":102}],"pos":4.0,"size":1.30000007,"_time":19.4335938},{"$id":"145","sounds":[{"d":0.08380699,"p":83,"v":111}],"pos":1.0,"size":1.0,"_time":19.6015625},{"$id":"146","sounds":[{"d":0.08380699,"p":84,"v":116}],"pos":2.0,"size":1.0,"_time":19.7734375},{"$id":"147","sounds":[{"d":0.08380699,"p":43,"v":116},{"d":0.08380699,"p":50,"v":116}],"pos":-2.0,"size":1.30000007,"_time":19.7734375},{"$id":"148","sounds":[{"d":0.08380699,"p":72,"v":99}],"pos":8.0,"size":1.0,"_time":19.9414063},{"$id":"149","sounds":[{"d":0.08380699,"p":81,"v":111}],"pos":-1.0,"size":1.0,"_time":20.1132813},{"$id":"150","sounds":[{"d":0.08380699,"p":62,"v":118}],"pos":6.5,"size":1.30000007,"_time":20.2851563},{"$id":"151","sounds":[{"d":0.08380699,"p":88,"v":100}],"pos":2.0,"size":1.0,"_time":20.2851563},{"$id":"152","sounds":[{"d":0.08380699,"p":55,"v":118}],"pos":4.5,"size":1.30000007,"_time":20.2851563},{"$id":"153","sounds":[{"d":0.08380699,"p":86,"v":106}],"size":1.0,"_time":20.453125},{"$id":"154","sounds":[{"d":0.08380699,"p":72,"v":100}],"pos":8.0,"size":1.0,"_time":20.625},{"$id":"155","sounds":[{"d":0.08380699,"p":55,"v":113}],"pos":5.0,"size":1.30000007,"_time":20.796875},{"$id":"156","sounds":[{"d":0.08380699,"p":79,"v":100}],"pos":-1.0,"size":1.0,"_time":20.796875},{"$id":"157","sounds":[{"d":0.08380699,"p":64,"v":113}],"pos":7.0,"size":1.30000007,"_time":20.796875},{"$id":"158","sounds":[{"d":0.08380699,"p":81,"v":100}],"size":1.0,"_time":20.9648438},{"$id":"159","sounds":[{"d":0.08380699,"p":83,"v":107}],"pos":1.0,"size":1.0,"_time":21.1367188},{"$id":"160","sounds":[{"d":0.08380699,"p":45,"v":107},{"d":0.08380699,"p":52,"v":107}],"pos":-2.0,"size":1.30000007,"_time":21.1367188},{"$id":"161","sounds":[{"d":0.08380699,"p":72,"v":86}],"pos":8.0,"size":1.0,"_time":21.3085938},{"$id":"162","sounds":[{"d":0.08380699,"p":81,"v":97}],"pos":-0.5,"size":1.0,"_time":21.4765625},{"$id":"163","sounds":[{"d":0.08380699,"p":67,"v":106}],"pos":7.0,"size":1.30000007,"_time":21.6484375},{"$id":"164","sounds":[{"d":0.08380699,"p":83,"v":106}],"pos":0.5,"size":1.0,"_time":21.6484375},{"$id":"165","sounds":[{"d":0.08380699,"p":55,"v":106}],"pos":5.0,"size":1.30000007,"_time":21.6484375},{"$id":"166","sounds":[{"d":0.08380699,"p":84,"v":99}],"pos":1.5,"size":1.0,"_time":21.8164063},{"$id":"167","sounds":[{"d":0.08380699,"p":72,"v":107}],"pos":8.0,"size":1.0,"_time":21.9882813},{"$id":"168","sounds":[{"d":0.08380699,"p":69,"v":97}],"pos":5.0,"size":1.30000007,"_time":22.1601563},{"$id":"169","sounds":[{"d":0.08380699,"p":84,"v":97}],"size":1.0,"_time":22.1601563},{"$id":"170","sounds":[{"d":0.08380699,"p":60,"v":97}],"pos":3.0,"size":1.30000007,"_time":22.1601563},{"$id":"171","sounds":[{"d":0.0838050842,"p":86,"v":111}],"pos":1.0,"size":1.0,"_time":22.328125},{"$id":"172","sounds":[{"d":0.08380699,"p":88,"v":97},{"d":0.08380699,"p":72,"v":97}],"pos":2.0,"size":1.30000007,"_time":22.5},{"$id":"173","sounds":[{"d":0.08380699,"p":64,"v":71}],"pos":7.0,"size":1.0,"_time":22.671875},{"$id":"174","sounds":[{"d":0.08380699,"p":81,"v":71}],"pos":-0.5,"size":1.0,"_time":22.671875},{"$id":"175","sounds":[{"d":0.08380699,"p":86,"v":86},{"d":0.08380699,"p":71,"v":86}],"pos":1.5,"size":1.30000007,"_time":22.8398438},{"$id":"176","sounds":[{"d":0.08380699,"p":62,"v":86}],"pos":6.75,"size":1.0,"_time":23.0117188},{"$id":"177","sounds":[{"d":0.08380699,"p":79,"v":86}],"pos":-1.0,"size":1.0,"_time":23.0117188},{"$id":"178","sounds":[{"d":0.08380699,"p":84,"v":111},{"d":0.08380699,"p":67,"v":111}],"pos":1.0,"size":1.30000007,"_time":23.1835938},{"$id":"179","sounds":[{"d":0.08380699,"p":60,"v":107}],"pos":6.5,"size":1.0,"_time":23.3515625},{"$id":"180","sounds":[{"d":0.08380699,"p":76,"v":107}],"pos":-1.5,"size":1.0,"_time":23.3515625},{"$id":"181","sounds":[{"d":0.08380699,"p":83,"v":116},{"d":0.08380699,"p":64,"v":116}],"pos":0.5,"size":1.30000007,"_time":23.5234375},{"$id":"182","sounds":[{"d":0.08380699,"p":55,"v":86}],"pos":5.875,"size":1.0,"_time":23.6914063},{"$id":"183","sounds":[{"d":0.08380699,"p":79,"v":86}],"pos":-2.0,"size":1.0,"_time":23.6914063},{"$id":"184","sounds":[{"d":0.0582389832,"p":81,"v":81}],"size":1.0,"_time":23.8632813},{"$id":"185","sounds":[{"d":0.0582389832,"p":57,"v":81}],"pos":4.0,"size":1.30000007,"_time":23.8632813},{"$id":"186","sounds":[{"d":0.0582389832,"p":64,"v":92}],"pos":7.0,"size":1.0,"_time":24.0351563},{"$id":"187","sounds":[{"d":0.0582389832,"p":88,"v":92}],"pos":2.0,"size":1.0,"_time":24.0351563},{"$id":"188","sounds":[{"d":0.0582389832,"p":71,"v":76}],"pos":7.875,"size":1.0,"_time":24.203125},{"$id":"189","sounds":[{"d":0.0582389832,"p":86,"v":76}],"pos":1.0,"size":1.0,"_time":24.203125},{"$id":"190","sounds":[{"d":0.0582389832,"p":79,"v":57},{"d":0.0582389832,"p":53,"v":57}],"pos":-1.0,"size":1.30000007,"_time":24.375},{"$id":"191","sounds":[{"d":0.169034958,"p":60,"v":73}],"pos":6.5,"size":1.0,"_time":24.546875},{"$id":"192","sounds":[{"d":0.169034958,"p":86,"v":73}],"pos":1.5,"size":1.0,"_time":24.546875},{"$id":"193","sounds":[{"d":0.0582389832,"p":67,"v":57}],"pos":7.375,"size":1.0,"_time":24.7148438},{"$id":"194","sounds":[{"d":0.0582389832,"p":84,"v":57}],"pos":0.5,"size":1.0,"_time":24.7148438},{"$id":"195","sounds":[{"d":0.0582389832,"p":81,"v":45},{"d":0.0582389832,"p":50,"v":45}],"pos":-2.0,"size":1.30000007,"_time":24.8867188},{"$id":"196","sounds":[{"d":0.0582370758,"p":64,"v":52}],"pos":7.0,"size":1.0,"_time":25.0585938},{"$id":"197","sounds":[{"d":0.0582370758,"p":83,"v":52}],"size":1.0,"_time":25.0585938},{"$id":"198","sounds":[{"d":0.0582389832,"p":81,"v":43},{"d":0.0582389832,"p":52,"v":43}],"pos":-2.0,"size":1.30000007,"_time":25.2265625},{"$id":"199","sounds":[{"d":0.169034958,"p":59,"v":62}],"pos":6.375,"size":1.0,"_time":25.3984375},{"$id":"200","sounds":[{"d":0.169034958,"p":88,"v":62}],"pos":1.5,"size":1.0,"_time":25.3984375},{"$id":"201","sounds":[{"d":0.0582389832,"p":62,"v":57}],"pos":6.75,"size":1.0,"_time":25.5664063},{"$id":"202","sounds":[{"d":0.0582389832,"p":86,"v":57}],"pos":0.5,"size":1.0,"_time":25.5664063},{"$id":"203","sounds":[{"d":0.0582389832,"p":81,"v":64},{"d":0.0582389832,"p":55,"v":64}],"pos":-1.0,"size":1.30000007,"_time":25.7382813},{"$id":"204","sounds":[{"d":0.0582389832,"p":62,"v":81}],"pos":6.75,"size":1.0,"_time":25.9101563},{"$id":"205","sounds":[{"d":0.0582389832,"p":86,"v":81}],"size":1.0,"_time":25.9101563},{"$id":"206","sounds":[{"d":0.0582389832,"p":67,"v":78}],"pos":7.375,"size":1.0,"_time":26.078125},{"$id":"207","sounds":[{"d":0.0582389832,"p":91,"v":78}],"pos":1.0,"size":1.0,"_time":26.078125},{"$id":"208","sounds":[{"d":0.169034958,"p":93,"v":93},{"d":0.169034958,"p":72,"v":93}],"pos":2.0,"size":1.30000007,"_time":26.25},{"$id":"209","sounds":[{"d":0.0582389832,"p":67,"v":85}],"pos":7.375,"size":1.0,"_time":26.421875},{"$id":"210","sounds":[{"d":0.0688915253,"p":88,"v":85}],"pos":-1.0,"size":1.0,"_time":26.421875},{"$id":"211","sounds":[{"d":0.08380699,"p":81,"v":81},{"d":0.08380699,"p":69,"v":81}],"pos":1.0,"size":1.0,"_time":26.5898438},{"$id":"212","sounds":[{"d":0.08380699,"p":93,"v":88},{"d":0.08380699,"p":84,"v":88}],"size":1.0,"_time":26.7617188},{"$id":"213","sounds":[{"d":0.08380699,"p":88,"v":78},{"d":0.08380699,"p":83,"v":78},{"d":0.08380699,"p":76,"v":78},{"d":0.08380699,"p":72,"v":78}],"pos":2.0,"size":1.30000007,"_time":26.9335938},{"$id":"214","sounds":[{"d":0.08380699,"p":79,"v":46}],"pos":-1.0,"size":1.0,"_time":27.1015625},{"$id":"215","sounds":[{"d":0.08380699,"p":91,"v":69},{"d":0.08380699,"p":84,"v":69},{"d":0.08380699,"p":74,"v":69},{"d":0.08380699,"p":71,"v":69}],"pos":1.0,"size":1.30000007,"_time":27.2734375},{"$id":"216","sounds":[{"d":0.08380699,"p":86,"v":59},{"d":0.08380699,"p":83,"v":59}],"size":1.0,"_time":27.4414063},{"$id":"217","sounds":[{"d":0.08380699,"p":81,"v":71},{"d":0.08380699,"p":64,"v":71}],"size":1.0,"_time":27.953125},{"$id":"218","sounds":[{"d":0.08380699,"p":93,"v":86},{"d":0.08380699,"p":84,"v":86}],"pos":-1.0,"size":1.0,"_time":28.125},{"$id":"219","sounds":[{"d":0.08380699,"p":88,"v":81},{"d":0.08380699,"p":83,"v":81},{"d":0.08380699,"p":72,"v":81},{"d":0.08380699,"p":69,"v":81}],"pos":1.0,"size":1.30000007,"_time":28.296875},{"$id":"220","sounds":[{"d":0.08380699,"p":79,"v":52}],"pos":-1.0,"size":1.0,"_time":28.4648438},{"$id":"221","sounds":[{"d":0.08380699,"p":91,"v":64},{"d":0.08380699,"p":84,"v":64},{"d":0.08380699,"p":71,"v":64},{"d":0.08380699,"p":67,"v":64}],"pos":2.0,"size":1.30000007,"_time":28.6367188},{"$id":"222","sounds":[{"d":0.08380699,"p":86,"v":46},{"d":0.08380699,"p":83,"v":46}],"size":1.0,"_time":28.8085938},{"$id":"223","sounds":[{"d":0.08380699,"p":81,"v":71},{"d":0.08380699,"p":65,"v":71}],"pos":1.0,"size":1.0,"_time":29.3164063},{"$id":"224","sounds":[{"d":0.08380699,"p":93,"v":88},{"d":0.08380699,"p":84,"v":88}],"size":1.0,"_time":29.4882813},{"$id":"225","sounds":[{"d":0.08380699,"p":88,"v":81},{"d":0.08380699,"p":83,"v":81},{"d":0.08380699,"p":76,"v":81},{"d":0.08380699,"p":72,"v":81}],"pos":1.0,"size":1.30000007,"_time":29.6601563},{"$id":"226","sounds":[{"d":0.08380699,"p":83,"v":67}],"pos":-1.0,"size":1.0,"_time":29.828125},{"$id":"227","sounds":[{"d":0.08380699,"p":96,"v":92},{"d":0.08380699,"p":88,"v":92},{"d":0.08380699,"p":79,"v":92},{"d":0.08380699,"p":71,"v":92}],"pos":2.0,"size":1.30000007,"_time":30.0},{"$id":"228","sounds":[{"d":0.08380699,"p":95,"v":83},{"d":0.08380699,"p":86,"v":83}],"size":1.0,"_time":30.171875},{"$id":"229","sounds":[{"d":0.08380699,"p":88,"v":83}],"pos":-1.0,"size":1.0,"_time":30.5117188},{"$id":"230","sounds":[{"d":0.08380699,"p":96,"v":100},{"d":0.08380699,"p":76,"v":100}],"pos":2.0,"size":1.30000007,"_time":30.6835938},{"$id":"231","sounds":[{"d":0.08380699,"p":69,"v":78}],"pos":7.625,"size":1.0,"_time":30.8515625},{"$id":"232","sounds":[{"d":0.08380699,"p":88,"v":78}],"pos":-1.0,"size":1.0,"_time":30.8515625},{"$id":"233","sounds":[{"d":0.08380699,"p":95,"v":86},{"d":0.08380699,"p":74,"v":86}],"pos":1.5,"size":1.30000007,"_time":31.0234375},{"$id":"234","sounds":[{"d":0.08380699,"p":69,"v":67}],"pos":7.625,"size":1.0,"_time":31.1914063},{"$id":"235","sounds":[{"d":0.08380699,"p":88,"v":67}],"pos":-1.0,"size":1.0,"_time":31.1914063},{"$id":"236","sounds":[{"d":0.08380699,"p":93,"v":76},{"d":0.08380699,"p":72,"v":76}],"pos":1.0,"size":1.30000007,"_time":31.3632813},{"$id":"237","sounds":[{"d":0.08380699,"p":69,"v":59}],"pos":7.625,"size":1.0,"_time":31.5351563},{"$id":"238","sounds":[{"d":0.08380699,"p":88,"v":59}],"pos":-1.0,"size":1.0,"_time":31.5351563},{"$id":"239","sounds":[{"d":0.08380699,"p":91,"v":67},{"d":0.08380699,"p":71,"v":67}],"pos":0.5,"size":1.30000007,"_time":31.703125},{"$id":"240","sounds":[{"d":0.08380699,"p":67,"v":57}],"pos":7.375,"size":1.0,"_time":31.875},{"$id":"241","sounds":[{"d":0.08380699,"p":86,"v":57}],"pos":-1.0,"size":1.0,"_time":31.875},{"$id":"242","sounds":[{"d":0.0838050842,"p":69,"v":78},{"d":0.0838050842,"p":57,"v":78}],"size":1.0,"_time":32.046875},{"$id":"243","sounds":[{"d":0.0838050842,"p":81,"v":97},{"d":0.0838050842,"p":72,"v":97}],"pos":-1.0,"size":1.0,"_time":32.2148438},{"$id":"244","sounds":[{"d":0.0838050842,"p":76,"v":81},{"d":0.0838050842,"p":71,"v":81},{"d":0.0838050842,"p":64,"v":81},{"d":0.0838050842,"p":60,"v":81}],"pos":1.0,"size":1.30000007,"_time":32.38672},{"$id":"245","sounds":[{"d":0.0838050842,"p":67,"v":69}],"pos":-2.0,"size":1.0,"_time":32.5585938},{"$id":"246","sounds":[{"d":0.0838050842,"p":79,"v":76},{"d":0.0838050842,"p":72,"v":76},{"d":0.0838050842,"p":62,"v":76},{"d":0.0838050842,"p":59,"v":76}],"size":1.30000007,"_time":32.7265625},{"$id":"247","sounds":[{"d":0.0838050842,"p":74,"v":59},{"d":0.0838050842,"p":71,"v":59}],"pos":-1.0,"size":1.0,"_time":32.8984375},{"$id":"248","sounds":[{"d":0.0838050842,"p":69,"v":69},{"d":0.0838050842,"p":52,"v":69}],"size":1.0,"_time":33.4101563},{"$id":"249","sounds":[{"d":0.0838050842,"p":81,"v":80},{"d":0.0838050842,"p":72,"v":80}],"pos":-1.0,"size":1.0,"_time":33.578125},{"$id":"250","sounds":[{"d":0.0838050842,"p":76,"v":71},{"d":0.0838050842,"p":71,"v":71},{"d":0.0838050842,"p":60,"v":71},{"d":0.0838050842,"p":57,"v":71}],"pos":1.0,"size":1.30000007,"_time":33.75},{"$id":"251","sounds":[{"d":0.0838050842,"p":67,"v":43}],"pos":-2.0,"size":1.0,"_time":33.921875},{"$id":"252","sounds":[{"d":0.0838050842,"p":79,"v":66},{"d":0.0838050842,"p":72,"v":66},{"d":0.0838050842,"p":59,"v":66},{"d":0.0838050842,"p":55,"v":66}],"pos":1.0,"size":1.30000007,"_time":34.0898438},{"$id":"253","sounds":[{"d":0.0838050842,"p":74,"v":46},{"d":0.0838050842,"p":71,"v":46}],"pos":-1.0,"size":1.0,"_time":34.26172},{"$id":"254","sounds":[{"d":0.0838050842,"p":69,"v":64},{"d":0.0838050842,"p":53,"v":64}],"size":1.0,"_time":34.7734375},{"$id":"255","sounds":[{"d":0.0838050842,"p":81,"v":95},{"d":0.0838050842,"p":72,"v":95}],"pos":-1.0,"size":1.0,"_time":34.9414063},{"$id":"256","sounds":[{"d":0.0838050842,"p":76,"v":81},{"d":0.0838050842,"p":71,"v":81},{"d":0.0838050842,"p":64,"v":81},{"d":0.0838050842,"p":60,"v":81}],"pos":1.0,"size":1.30000007,"_time":35.11328},{"$id":"257","sounds":[{"d":0.0838050842,"p":71,"v":83}],"pos":-2.0,"size":1.0,"_time":35.2851563},{"$id":"258","sounds":[{"d":0.0838050842,"p":84,"v":95},{"d":0.0838050842,"p":76,"v":95},{"d":0.0838050842,"p":67,"v":95},{"d":0.0838050842,"p":59,"v":95}],"pos":2.0,"size":1.30000007,"_time":35.453125},{"$id":"259","sounds":[{"d":0.0838050842,"p":83,"v":93},{"d":0.0838050842,"p":74,"v":93}],"size":1.0,"_time":35.625},{"$id":"260","sounds":[{"d":0.0838050842,"p":76,"v":66}],"pos":-2.0,"size":1.0,"_time":35.9648438},{"$id":"261","sounds":[{"d":0.0838050842,"p":84,"v":78},{"d":0.0838050842,"p":64,"v":78}],"pos":1.5,"size":1.30000007,"_time":36.13672},{"$id":"262","sounds":[{"d":0.0838050842,"p":57,"v":64}],"pos":6.125,"size":1.0,"_time":36.3085938},{"$id":"263","sounds":[{"d":0.0838050842,"p":76,"v":64}],"pos":-2.0,"size":1.0,"_time":36.3085938},{"$id":"264","sounds":[{"d":0.0838050842,"p":83,"v":81},{"d":0.0838050842,"p":62,"v":81}],"pos":1.0,"size":1.30000007,"_time":36.4765625},{"$id":"265","sounds":[{"d":0.0838050842,"p":57,"v":80}],"pos":6.125,"size":1.0,"_time":36.6484375},{"$id":"266","sounds":[{"d":0.0838050842,"p":76,"v":80}],"pos":-2.0,"size":1.0,"_time":36.6484375},{"$id":"267","sounds":[{"d":0.0838050842,"p":81,"v":95},{"d":0.0838050842,"p":60,"v":95}],"pos":0.5,"size":1.30000007,"_time":36.8164063},{"$id":"268","sounds":[{"d":0.0838050842,"p":57,"v":90}],"pos":6.125,"size":1.0,"_time":36.98828},{"$id":"269","sounds":[{"d":0.0838050842,"p":76,"v":90}],"pos":-2.0,"size":1.0,"_time":36.98828},{"$id":"270","sounds":[{"d":0.0838050842,"p":79,"v":113},{"d":0.0838050842,"p":59,"v":113}],"size":1.30000007,"_time":37.1601563},{"$id":"271","sounds":[{"d":0.0838089,"p":55,"v":106}],"pos":5.875,"size":1.0,"_time":37.328125},{"$id":"272","sounds":[{"d":0.0838089,"p":76,"v":106}],"pos":-2.0,"size":1.0,"_time":37.328125},{"$id":"273","sounds":[{"d":0.0838050842,"p":53,"v":93}],"pos":-1.5,"size":1.30000007,"_time":37.5},{"$id":"274","sounds":[{"d":0.0838050842,"p":93,"v":93},{"d":0.0838050842,"p":81,"v":93}],"pos":1.0,"size":1.0,"_time":37.5},{"$id":"275","sounds":[{"d":0.0838050842,"p":64,"v":100},{"d":0.0838050842,"p":57,"v":100}],"pos":-0.5,"size":1.30000007,"_time":37.8398438},{"$id":"276","sounds":[{"d":0.0838050842,"p":100,"v":100},{"d":0.0838050842,"p":88,"v":100}],"pos":2.0,"size":1.0,"_time":37.8398438},{"$id":"277","sounds":[{"d":0.0838050842,"p":52,"v":88}],"pos":-2.0,"size":1.30000007,"_time":38.86328},{"$id":"278","sounds":[{"d":0.0838050842,"p":98,"v":88},{"d":0.0838050842,"p":86,"v":88}],"pos":1.5,"size":1.0,"_time":38.86328},{"$id":"279","sounds":[{"d":0.0838050842,"p":62,"v":93},{"d":0.0838050842,"p":55,"v":93}],"pos":-1.0,"size":1.30000007,"_time":39.203125},{"$id":"280","sounds":[{"d":0.0838050842,"p":91,"v":93},{"d":0.0838050842,"p":79,"v":93}],"pos":1.0,"size":1.0,"_time":39.203125},{"$id":"281","sounds":[{"d":0.0838089,"p":50,"v":85}],"pos":-1.5,"size":1.30000007,"_time":40.2265625},{"$id":"282","sounds":[{"d":0.0838089,"p":89,"v":85},{"d":0.0838089,"p":77,"v":85}],"pos":0.5,"size":1.0,"_time":40.2265625},{"$id":"283","sounds":[{"d":0.0838050842,"p":60,"v":104},{"d":0.0838050842,"p":55,"v":104}],"pos":-0.5,"size":1.30000007,"_time":40.5664063},{"$id":"284","sounds":[{"d":0.0838050842,"p":96,"v":104},{"d":0.0838050842,"p":84,"v":104}],"pos":1.5,"size":1.0,"_time":40.5664063},{"$id":"285","sounds":[{"d":0.0838089,"p":48,"v":87}],"pos":-2.0,"size":1.30000007,"_time":41.5898438},{"$id":"286","sounds":[{"d":0.0838089,"p":95,"v":87},{"d":0.0838089,"p":83,"v":87}],"pos":2.0,"size":1.0,"_time":41.5898438},{"$id":"287","sounds":[{"d":0.0838050842,"p":59,"v":96},{"d":0.0838050842,"p":55,"v":96}],"pos":-1.0,"size":1.30000007,"_time":41.9335938},{"$id":"288","sounds":[{"d":0.0838050842,"p":88,"v":96},{"d":0.0838050842,"p":76,"v":96}],"pos":1.0,"size":1.0,"_time":41.9335938},{"$id":"289","sounds":[{"d":0.0838050842,"p":47,"v":106}],"pos":-2.0,"size":1.30000007,"_time":42.2734375},{"$id":"290","sounds":[{"d":0.0838050842,"p":83,"v":106},{"d":0.0838050842,"p":71,"v":106}],"size":1.0,"_time":42.2734375},{"$id":"291","sounds":[{"d":0.0838050842,"p":60,"v":111},{"d":0.0838050842,"p":52,"v":111}],"pos":-1.0,"size":1.30000007,"_time":42.61328},{"$id":"292","sounds":[{"d":0.0838050842,"p":84,"v":111},{"d":0.0838050842,"p":72,"v":111}],"pos":1.0,"size":1.0,"_time":42.61328},{"$id":"293","sounds":[{"d":0.0838050842,"p":45,"v":102}],"pos":-1.5,"size":1.30000007,"_time":42.953125},{"$id":"294","sounds":[{"d":0.0838050842,"p":85,"v":102},{"d":0.0838050842,"p":73,"v":102}],"pos":1.0,"size":1.0,"_time":42.953125},{"$id":"295","sounds":[{"d":0.0838050842,"p":56,"v":113},{"d":0.0838050842,"p":49,"v":113}],"pos":-0.5,"size":1.30000007,"_time":43.296875},{"$id":"296","sounds":[{"d":0.0838050842,"p":92,"v":113},{"d":0.0838050842,"p":80,"v":113}],"pos":2.0,"size":1.30000007,"_time":43.296875},{"$id":"297","sounds":[{"d":0.0838089,"p":44,"v":106}],"pos":-2.0,"size":1.30000007,"_time":44.3164063},{"$id":"298","sounds":[{"d":0.0838089,"p":90,"v":106},{"d":0.0838089,"p":78,"v":106}],"pos":1.5,"size":1.0,"_time":44.3164063},{"$id":"299","sounds":[{"d":0.0838050842,"p":54,"v":90},{"d":0.0838050842,"p":47,"v":90}],"pos":-1.0,"size":1.30000007,"_time":44.6601563},{"$id":"300","sounds":[{"d":0.0838050842,"p":83,"v":90},{"d":0.0838050842,"p":71,"v":90}],"pos":1.0,"size":1.0,"_time":44.6601563},{"$id":"301","sounds":[{"d":0.0838050842,"p":42,"v":97}],"pos":-1.5,"size":1.30000007,"_time":45.6835938},{"$id":"302","sounds":[{"d":0.0838050842,"p":81,"v":97},{"d":0.0838050842,"p":69,"v":97}],"pos":0.5,"size":1.0,"_time":45.6835938},{"$id":"303","sounds":[{"d":0.0838050842,"p":52,"v":109},{"d":0.0838050842,"p":47,"v":109}],"pos":-0.5,"size":1.30000007,"_time":46.0234375},{"$id":"304","sounds":[{"d":0.0838050842,"p":88,"v":109},{"d":0.0838050842,"p":76,"v":109}],"pos":1.5,"size":1.0,"_time":46.0234375},{"$id":"305","sounds":[{"d":0.0838050842,"p":40,"v":107}],"pos":-2.0,"size":1.0,"_time":47.046875},{"$id":"306","sounds":[{"d":0.0838050842,"p":87,"v":107},{"d":0.0838050842,"p":75,"v":107}],"pos":2.0,"size":1.0,"_time":47.046875},{"$id":"307","sounds":[{"d":0.0838050842,"p":51,"v":95},{"d":0.0838050842,"p":47,"v":95}],"pos":-1.0,"size":1.30000007,"_time":47.38672},{"$id":"308","sounds":[{"d":0.0838050842,"p":80,"v":95},{"d":0.0838050842,"p":68,"v":95}],"pos":1.0,"size":1.0,"_time":47.38672},{"$id":"309","sounds":[{"d":0.0838050842,"p":75,"v":76},{"d":0.0838050842,"p":63,"v":76}],"size":1.0,"_time":47.7265625},{"$id":"310","sounds":[{"d":0.0838050842,"p":68,"v":64},{"d":0.0838050842,"p":56,"v":64}],"pos":-1.0,"size":1.0,"_time":48.0664063},{"$id":"311","sounds":[{"d":0.0838050842,"p":43,"v":66}],"pos":-2.0,"size":1.30000007,"_time":48.4101563},{"$id":"312","sounds":[{"d":0.0838050842,"p":57,"v":66}],"pos":0.5,"size":1.0,"_time":48.4101563},{"$id":"313","sounds":[{"d":0.0838050842,"p":64,"v":74}],"pos":1.0,"size":1.0,"_time":48.578125},{"$id":"314","sounds":[{"d":0.0838050842,"p":69,"v":64}],"pos":1.0,"size":1.0,"_time":48.75},{"$id":"315","sounds":[{"d":0.0838050842,"p":71,"v":76}],"size":1.0,"_time":48.921875},{"$id":"316","sounds":[{"d":0.0838050842,"p":72,"v":82}],"size":1.0,"_time":49.0898438},{"$id":"317","sounds":[{"d":0.0838050842,"p":74,"v":96}],"pos":0.5,"size":1.0,"_time":49.26172},{"$id":"318","sounds":[{"d":0.0838050842,"p":42,"v":84}],"pos":-2.0,"size":1.30000007,"_time":49.4335938},{"$id":"319","sounds":[{"d":0.0838050842,"p":76,"v":84}],"pos":1.5,"size":1.0,"_time":49.4335938},{"$id":"320","sounds":[{"d":0.0838050842,"p":69,"v":79}],"pos":0.5,"size":1.0,"_time":49.7734375},{"$id":"321","sounds":[{"d":0.0838050842,"p":67,"v":67}],"pos":-0.5,"size":1.0,"_time":50.11328},{"$id":"322","sounds":[{"d":0.0838089,"p":69,"v":80}],"pos":0.5,"size":1.0,"_time":50.2851563},{"$id":"323","sounds":[{"d":0.0838050842,"p":43,"v":69}],"pos":-2.0,"size":1.30000007,"_time":50.453125},{"$id":"324","sounds":[{"d":0.0838050842,"p":57,"v":69}],"pos":0.5,"size":1.0,"_time":50.453125},{"$id":"325","sounds":[{"d":0.0838050842,"p":64,"v":74}],"pos":1.0,"size":1.0,"_time":50.625},{"$id":"326","sounds":[{"d":0.0838050842,"p":69,"v":67}],"pos":1.0,"size":1.0,"_time":50.796875},{"$id":"327","sounds":[{"d":0.0838050842,"p":71,"v":74}],"size":1.0,"_time":50.9648438},{"$id":"328","sounds":[{"d":0.0838050842,"p":40,"v":83}],"pos":-2.0,"size":1.30000007,"_time":51.13672},{"$id":"329","sounds":[{"d":0.0838050842,"p":72,"v":83}],"size":1.0,"_time":51.13672},{"$id":"330","sounds":[{"d":0.0838050842,"p":79,"v":92}],"pos":0.5,"size":1.0,"_time":51.3085938},{"$id":"331","sounds":[{"d":0.0838050842,"p":45,"v":84}],"pos":-1.0,"size":1.30000007,"_time":51.4765625},{"$id":"332","sounds":[{"d":0.0838050842,"p":76,"v":84}],"pos":1.5,"size":1.0,"_time":51.4765625},{"$id":"333","sounds":[{"d":0.0838050842,"p":57,"v":89}],"pos":-0.5,"size":1.30000007,"_time":51.8164063},{"$id":"334","sounds":[{"d":0.0838050842,"p":88,"v":89},{"d":0.0838050842,"p":81,"v":89}],"pos":2.0,"size":1.30000007,"_time":51.8164063},{"$id":"335","sounds":[{"d":0.0838050842,"p":57,"v":96}],"pos":-0.5,"size":1.30000007,"_time":52.1601563},{"$id":"336","sounds":[{"d":0.0838050842,"p":88,"v":96},{"d":0.0838050842,"p":81,"v":96}],"pos":2.0,"size":1.30000007,"_time":52.1601563},{"$id":"337","sounds":[{"d":0.0838050842,"p":55,"v":66}],"pos":-1.5,"size":1.30000007,"_time":52.5},{"$id":"338","sounds":[{"d":0.0838050842,"p":69,"v":66}],"pos":1.0,"size":1.0,"_time":52.5},{"$id":"339","sounds":[{"d":0.0838050842,"p":76,"v":48}],"pos":1.5,"size":1.0,"_time":52.671875},{"$id":"340","sounds":[{"d":0.0838050842,"p":81,"v":57}],"pos":1.5,"size":1.0,"_time":52.8398438},{"$id":"341","sounds":[{"d":0.0838050842,"p":83,"v":56}],"pos":0.5,"size":1.0,"_time":53.01172},{"$id":"342","sounds":[{"d":0.0838050842,"p":84,"v":67}],"pos":0.5,"size":1.0,"_time":53.1835938},{"$id":"343","sounds":[{"d":0.0838050842,"p":86,"v":73}],"pos":1.0,"size":1.0,"_time":53.3515625},{"$id":"344","sounds":[{"d":0.0838050842,"p":54,"v":80}],"pos":-1.0,"size":1.30000007,"_time":53.5234375},{"$id":"345","sounds":[{"d":0.0838050842,"p":88,"v":80}],"pos":2.0,"size":1.0,"_time":53.5234375},{"$id":"346","sounds":[{"d":0.0838050842,"p":81,"v":73}],"pos":1.0,"size":1.0,"_time":53.86328},{"$id":"347","sounds":[{"d":0.0838050842,"p":79,"v":62}],"size":1.0,"_time":54.203125},{"$id":"348","sounds":[{"d":0.0838050842,"p":81,"v":70}],"pos":1.0,"size":1.0,"_time":54.375},{"$id":"349","sounds":[{"d":0.0838050842,"p":55,"v":62}],"pos":-1.5,"size":1.30000007,"_time":54.546875},{"$id":"350","sounds":[{"d":0.0838050842,"p":69,"v":62}],"pos":1.0,"size":1.0,"_time":54.546875},{"$id":"351","sounds":[{"d":0.0838050842,"p":76,"v":53}],"pos":1.5,"size":1.0,"_time":54.7148438},{"$id":"352","sounds":[{"d":0.0838050842,"p":81,"v":64}],"pos":1.5,"size":1.0,"_time":54.88672},{"$id":"353","sounds":[{"d":0.0838050842,"p":83,"v":69}],"pos":0.5,"size":1.0,"_time":55.0585938},{"$id":"354","sounds":[{"d":0.0838050842,"p":52,"v":79}],"pos":-2.0,"size":1.30000007,"_time":55.2265625},{"$id":"355","sounds":[{"d":0.0838050842,"p":84,"v":79}],"pos":0.5,"size":1.0,"_time":55.2265625},{"$id":"356","sounds":[{"d":0.0838050842,"p":91,"v":85}],"pos":1.0,"size":1.0,"_time":55.3984375},{"$id":"357","sounds":[{"d":0.0838050842,"p":57,"v":84}],"pos":-1.0,"size":1.30000007,"_time":55.5664063},{"$id":"358","sounds":[{"d":0.0838050842,"p":88,"v":84}],"pos":2.0,"size":1.0,"_time":55.5664063},{"$id":"359","sounds":[{"d":0.0838050842,"p":76,"v":82},{"d":0.0838050842,"p":81,"v":82}],"size":1.0,"_time":55.9101563},{"$id":"360","sounds":[{"d":0.0838050842,"p":83,"v":97},{"d":0.0838050842,"p":79,"v":97}],"pos":1.0,"size":1.0,"_time":56.25},{"$id":"361","sounds":[{"d":0.0838050842,"p":57,"v":102}],"pos":4.5,"size":1.30000007,"_time":56.5898438},{"$id":"362","sounds":[{"d":0.0838050842,"p":84,"v":102},{"d":0.0838050842,"p":81,"v":102}],"size":1.0,"_time":56.5898438},{"$id":"363","sounds":[{"d":0.0838050842,"p":64,"v":92},{"d":0.0838050842,"p":60,"v":92}],"pos":-1.0,"size":1.30000007,"_time":56.9335938},{"$id":"364","sounds":[{"d":0.0838050842,"p":62,"v":83},{"d":0.0838050842,"p":59,"v":83}],"pos":-2.0,"size":1.30000007,"_time":57.2734375},{"$id":"365","sounds":[{"d":0.0838050842,"p":86,"v":83}],"size":1.0,"_time":57.2734375},{"$id":"366","sounds":[{"d":0.0838050842,"p":88,"v":93}],"pos":1.0,"size":1.0,"_time":57.4414063},{"$id":"367","sounds":[{"d":0.0838050842,"p":56,"v":97}],"pos":4.5,"size":1.30000007,"_time":57.61328},{"$id":"368","sounds":[{"d":0.0838050842,"p":86,"v":97},{"d":0.0838050842,"p":80,"v":97}],"size":1.0,"_time":57.61328},{"$id":"369","sounds":[{"d":0.0838050842,"p":62,"v":84}],"pos":-2.0,"size":1.30000007,"_time":57.953125},{"$id":"370","sounds":[{"d":0.0838050842,"p":64,"v":92},{"d":0.0838050842,"p":60,"v":92}],"pos":-1.0,"size":1.30000007,"_time":58.296875},{"$id":"371","sounds":[{"d":0.0838050842,"p":79,"v":92}],"pos":1.0,"size":1.0,"_time":58.296875},{"$id":"372","sounds":[{"d":0.0838050842,"p":60,"v":93}],"pos":4.5,"size":1.30000007,"_time":58.63672},{"$id":"373","sounds":[{"d":0.0838050842,"p":88,"v":93},{"d":0.0838050842,"p":84,"v":93}],"pos":2.0,"size":1.0,"_time":58.63672},{"$id":"374","sounds":[{"d":0.0838050842,"p":67,"v":94},{"d":0.0838050842,"p":64,"v":94}],"pos":-1.0,"size":1.30000007,"_time":58.9765625},{"$id":"375","sounds":[{"d":0.0838050842,"p":66,"v":93},{"d":0.0838050842,"p":62,"v":93}],"pos":-2.0,"size":1.30000007,"_time":59.3164063},{"$id":"376","sounds":[{"d":0.0838050842,"p":90,"v":93}],"pos":1.0,"size":1.0,"_time":59.3164063},{"$id":"377","sounds":[{"d":0.0838050842,"p":91,"v":84}],"pos":2.0,"size":1.0,"_time":59.48828},{"$id":"378","sounds":[{"d":0.0838050842,"p":62,"v":94}],"pos":4.5,"size":1.30000007,"_time":59.6601563},{"$id":"379","sounds":[{"d":0.0838050842,"p":90,"v":94},{"d":0.0838050842,"p":86,"v":94}],"size":1.0,"_time":59.6601563},{"$id":"380","sounds":[{"d":0.0838050842,"p":66,"v":87},{"d":0.0838050842,"p":62,"v":87}],"pos":-2.0,"size":1.30000007,"_time":60.0},{"$id":"381","sounds":[{"d":0.0838050842,"p":69,"v":92},{"d":0.0838050842,"p":66,"v":92}],"pos":-1.0,"size":1.30000007,"_time":60.3398438},{"$id":"382","sounds":[{"d":0.0838050842,"p":86,"v":92}],"pos":1.0,"size":1.0,"_time":60.3398438},{"$id":"383","sounds":[{"d":0.0838050842,"p":60,"v":93}],"pos":4.5,"size":1.30000007,"_time":60.6796875},{"$id":"384","sounds":[{"d":0.0838050842,"p":88,"v":93},{"d":0.0838050842,"p":84,"v":93}],"size":1.0,"_time":60.6796875},{"$id":"385","sounds":[{"d":0.0838050842,"p":76,"v":102},{"d":0.0838050842,"p":67,"v":102}],"pos":-0.5,"size":1.30000007,"_time":61.0234375},{"$id":"386","sounds":[{"d":0.0838050842,"p":95,"v":102}],"pos":2.0,"size":1.0,"_time":61.0234375},{"$id":"387","sounds":[{"d":0.0838050842,"p":74,"v":93},{"d":0.0838050842,"p":64,"v":93}],"pos":-1.0,"size":1.30000007,"_time":61.36328},{"$id":"388","sounds":[{"d":0.0838050842,"p":91,"v":93}],"pos":1.5,"size":1.0,"_time":61.36328},{"$id":"389","sounds":[{"d":0.0838050842,"p":59,"v":83}],"pos":4.5,"size":1.30000007,"_time":61.703125},{"$id":"390","sounds":[{"d":0.0838050842,"p":93,"v":83},{"d":0.0838050842,"p":86,"v":83}],"pos":1.0,"size":1.0,"_time":61.703125},{"$id":"391","sounds":[{"d":0.0838050842,"p":74,"v":96},{"d":0.0838050842,"p":66,"v":96}],"size":1.30000007,"_time":62.046875},{"$id":"392","sounds":[{"d":0.0838050842,"p":90,"v":96}],"pos":2.0,"size":1.0,"_time":62.046875},{"$id":"393","sounds":[{"d":0.0838050842,"p":72,"v":85},{"d":0.0838050842,"p":62,"v":85}],"pos":-1.0,"size":1.30000007,"_time":62.38672},{"$id":"394","sounds":[{"d":0.0838050842,"p":86,"v":85},{"d":0.0838050842,"p":81,"v":85}],"pos":1.0,"size":1.0,"_time":62.38672},{"$id":"395","sounds":[{"d":0.0838050842,"p":71,"v":79},{"d":0.0838050842,"p":64,"v":79}],"pos":-2.0,"size":1.30000007,"_time":62.7265625},{"$id":"396","sounds":[{"d":0.0838050842,"p":88,"v":79},{"d":0.0838050842,"p":83,"v":79}],"pos":2.0,"size":1.0,"_time":62.7265625},{"$id":"397","sounds":[{"d":0.0838050842,"p":69,"v":89}],"pos":4.5,"size":1.30000007,"_time":63.0664063},{"$id":"398","sounds":[{"d":0.0838050842,"p":76,"v":100},{"d":0.0838050842,"p":71,"v":100}],"pos":-1.0,"size":1.30000007,"_time":63.4101563},{"$id":"399","sounds":[{"d":0.0838050842,"p":91,"v":100}],"pos":2.0,"size":1.0,"_time":63.4101563},{"$id":"400","sounds":[{"d":0.0838050842,"p":90,"v":85}],"pos":1.5,"size":1.0,"_time":63.578125},{"$id":"401","sounds":[{"d":0.0838050842,"p":71,"v":91},{"d":0.0838050842,"p":64,"v":91}],"pos":-2.0,"size":1.30000007,"_time":63.75},{"$id":"402","sounds":[{"d":0.0838050842,"p":88,"v":91},{"d":0.0838050842,"p":80,"v":91}],"pos":1.0,"size":1.0,"_time":63.75},{"$id":"403","sounds":[{"d":0.0838089,"p":69,"v":93},{"d":0.0838089,"p":64,"v":93}],"pos":-1.0,"size":1.30000007,"_time":64.08984},{"$id":"404","sounds":[{"d":0.0838089,"p":71,"v":102},{"d":0.0838089,"p":67,"v":102}],"size":1.30000007,"_time":64.42969},{"$id":"405","sounds":[{"d":0.0838089,"p":45,"v":105}],"pos":4.5,"size":1.30000007,"_time":64.77344},{"$id":"406","sounds":[{"d":0.0838089,"p":72,"v":105},{"d":0.0838089,"p":69,"v":105}],"pos":-1.0,"size":1.0,"_time":64.77344},{"$id":"407","sounds":[{"d":0.0838089,"p":52,"v":94},{"d":0.0838089,"p":48,"v":94}],"pos":2.0,"size":1.30000007,"_time":65.11328},{"$id":"408","sounds":[{"d":0.0838089,"p":50,"v":96},{"d":0.0838089,"p":47,"v":96}],"pos":1.0,"size":1.30000007,"_time":65.453125},{"$id":"409","sounds":[{"d":0.0838089,"p":74,"v":96}],"pos":-2.0,"size":1.0,"_time":65.453125},{"$id":"410","sounds":[{"d":0.0838089,"p":76,"v":105}],"size":1.0,"_time":65.625},{"$id":"411","sounds":[{"d":0.0838089,"p":44,"v":109}],"pos":4.5,"size":1.30000007,"_time":65.796875},{"$id":"412","sounds":[{"d":0.0838089,"p":74,"v":109},{"d":0.0838089,"p":68,"v":109}],"pos":-2.0,"size":1.0,"_time":65.796875},{"$id":"413","sounds":[{"d":0.0838089,"p":50,"v":102}],"pos":1.0,"size":1.30000007,"_time":66.13672},{"$id":"414","sounds":[{"d":0.0838089,"p":52,"v":91},{"d":0.0838089,"p":48,"v":91}],"pos":2.0,"size":1.30000007,"_time":66.47656},{"$id":"415","sounds":[{"d":0.0838089,"p":67,"v":91}],"pos":-1.0,"size":1.0,"_time":66.47656},{"$id":"416","sounds":[{"d":0.0838089,"p":48,"v":102}],"pos":4.5,"size":1.30000007,"_time":66.81641},{"$id":"417","sounds":[{"d":0.0838089,"p":76,"v":102},{"d":0.0838089,"p":72,"v":102}],"size":1.0,"_time":66.81641},{"$id":"418","sounds":[{"d":0.0838089,"p":55,"v":102},{"d":0.0838089,"p":52,"v":102}],"pos":2.0,"size":1.30000007,"_time":67.16016},{"$id":"419","sounds":[{"d":0.0838089,"p":54,"v":96},{"d":0.0838089,"p":50,"v":96}],"pos":1.0,"size":1.30000007,"_time":67.5},{"$id":"420","sounds":[{"d":0.0838089,"p":78,"v":96}],"pos":-1.0,"size":1.0,"_time":67.5},{"$id":"421","sounds":[{"d":0.08380127,"p":79,"v":101}],"size":1.0,"_time":67.671875},{"$id":"422","sounds":[{"d":0.0838089,"p":50,"v":107}],"pos":4.5,"size":1.30000007,"_time":67.83984},{"$id":"423","sounds":[{"d":0.0838089,"p":74,"v":107},{"d":0.0838089,"p":78,"v":107}],"pos":-2.0,"size":1.0,"_time":67.83984},{"$id":"424","sounds":[{"d":0.0838089,"p":54,"v":100},{"d":0.0838089,"p":50,"v":100}],"pos":1.0,"size":1.30000007,"_time":68.18359},{"$id":"425","sounds":[{"d":0.0838089,"p":57,"v":100},{"d":0.0838089,"p":54,"v":100}],"pos":2.0,"size":1.30000007,"_time":68.52344},{"$id":"426","sounds":[{"d":0.0838089,"p":74,"v":100}],"pos":-2.0,"size":1.0,"_time":68.52344},{"$id":"427","sounds":[{"d":0.0838089,"p":48,"v":92}],"pos":4.5,"size":1.30000007,"_time":68.86328},{"$id":"428","sounds":[{"d":0.0838089,"p":76,"v":92},{"d":0.0838089,"p":72,"v":92}],"pos":-1.0,"size":1.0,"_time":68.86328},{"$id":"429","sounds":[{"d":0.0838089,"p":64,"v":106},{"d":0.0838089,"p":55,"v":106}],"pos":2.0,"size":1.30000007,"_time":69.203125},{"$id":"430","sounds":[{"d":0.0838089,"p":83,"v":106}],"size":1.0,"_time":69.203125},{"$id":"431","sounds":[{"d":0.0838089,"p":62,"v":96},{"d":0.0838089,"p":52,"v":96}],"pos":1.0,"size":1.30000007,"_time":69.546875},{"$id":"432","sounds":[{"d":0.0838089,"p":79,"v":96}],"pos":-1.0,"size":1.0,"_time":69.546875},{"$id":"433","sounds":[{"d":0.0838089,"p":47,"v":98}],"pos":4.5,"size":1.30000007,"_time":69.88672},{"$id":"434","sounds":[{"d":0.0838089,"p":81,"v":98},{"d":0.0838089,"p":74,"v":98}],"size":1.0,"_time":69.88672},{"$id":"435","sounds":[{"d":0.0838089,"p":62,"v":87},{"d":0.0838089,"p":54,"v":87}],"pos":2.0,"size":1.30000007,"_time":70.22656},{"$id":"436","sounds":[{"d":0.0838089,"p":78,"v":87}],"pos":-1.0,"size":1.0,"_time":70.22656},{"$id":"437","sounds":[{"d":0.0838089,"p":60,"v":97},{"d":0.0838089,"p":50,"v":97}],"pos":1.5,"size":1.30000007,"_time":70.56641},{"$id":"438","sounds":[{"d":0.0838089,"p":74,"v":97},{"d":0.0838089,"p":69,"v":97}],"pos":-2.0,"size":1.0,"_time":70.56641},{"$id":"439","sounds":[{"d":0.0838089,"p":59,"v":102},{"d":0.0838089,"p":52,"v":102}],"pos":1.0,"size":1.30000007,"_time":70.91016},{"$id":"440","sounds":[{"d":0.0838089,"p":76,"v":102},{"d":0.0838089,"p":71,"v":102}],"pos":-1.0,"size":1.0,"_time":70.91016},{"$id":"441","sounds":[{"d":0.0838089,"p":57,"v":109}],"pos":4.5,"size":1.30000007,"_time":71.25},{"$id":"442","sounds":[{"d":0.0838089,"p":64,"v":115},{"d":0.0838089,"p":59,"v":115}],"pos":1.0,"size":1.30000007,"_time":71.58984},{"$id":"443","sounds":[{"d":0.0838089,"p":79,"v":115}],"pos":-1.0,"size":1.0,"_time":71.58984},{"$id":"444","sounds":[{"d":0.0838089,"p":78,"v":110}],"pos":-1.5,"size":1.0,"_time":71.76172},{"$id":"445","sounds":[{"d":0.0838089,"p":59,"v":106},{"d":0.0838089,"p":52,"v":106}],"pos":1.0,"size":1.30000007,"_time":71.93359},{"$id":"446","sounds":[{"d":0.0838089,"p":76,"v":106},{"d":0.0838089,"p":68,"v":106}],"pos":-2.0,"size":1.0,"_time":71.93359},{"$id":"447","sounds":[{"d":0.0838089,"p":77,"v":80}],"pos":8.625,"size":1.0,"_time":72.953125},{"$id":"448","sounds":[{"d":0.169036865,"p":44,"v":80},{"d":0.169036865,"p":37,"v":80}],"pos":-1.5,"size":1.30000007,"_time":72.953125},{"$id":"449","sounds":[{"d":0.0838089,"p":84,"v":62}],"pos":9.5,"size":1.0,"_time":73.125},{"$id":"450","sounds":[{"d":0.0838089,"p":60,"v":78},{"d":0.0838089,"p":51,"v":78}],"size":1.30000007,"_time":73.296875},{"$id":"451","sounds":[{"d":0.0838089,"p":72,"v":78}],"pos":8.0,"size":1.0,"_time":73.296875},{"$id":"452","sounds":[{"d":0.0838089,"p":77,"v":85}],"pos":8.625,"size":1.0,"_time":73.46484},{"$id":"453","sounds":[{"d":0.0838089,"p":82,"v":90}],"pos":9.25,"size":1.0,"_time":73.63672},{"$id":"454","sounds":[{"d":0.0838089,"p":70,"v":62}],"pos":7.75,"size":1.0,"_time":73.80859},{"$id":"455","sounds":[{"d":0.0838089,"p":75,"v":80}],"pos":8.375,"size":1.0,"_time":73.97656},{"$id":"456","sounds":[{"d":0.08380127,"p":79,"v":81}],"pos":8.875,"size":1.0,"_time":74.14844},{"$id":"457","sounds":[{"d":0.0838089,"p":80,"v":78}],"pos":9.0,"size":1.0,"_time":74.31641},{"$id":"458","sounds":[{"d":0.169036865,"p":46,"v":78},{"d":0.169036865,"p":39,"v":78}],"pos":-1.0,"size":1.30000007,"_time":74.31641},{"$id":"459","sounds":[{"d":0.0838089,"p":68,"v":57}],"pos":7.5,"size":1.0,"_time":74.48828},{"$id":"460","sounds":[{"d":0.0838089,"p":58,"v":78},{"d":0.0838089,"p":51,"v":78}],"pos":0.5,"size":1.30000007,"_time":74.66016},{"$id":"461","sounds":[{"d":0.0838089,"p":79,"v":78}],"pos":8.875,"size":1.0,"_time":74.66016},{"$id":"462","sounds":[{"d":0.0838089,"p":68,"v":83}],"pos":7.5,"size":1.0,"_time":74.828125},{"$id":"463","sounds":[{"d":0.0838089,"p":77,"v":69}],"pos":8.625,"size":1.0,"_time":75.0},{"$id":"464","sounds":[{"d":0.0838089,"p":68,"v":74}],"pos":7.5,"size":1.0,"_time":75.171875},{"$id":"465","sounds":[{"d":0.0838089,"p":70,"v":69}],"pos":7.75,"size":1.0,"_time":75.33984},{"$id":"466","sounds":[{"d":0.08380127,"p":77,"v":74}],"pos":8.625,"size":1.0,"_time":75.51172},{"$id":"467","sounds":[{"d":0.0838089,"p":79,"v":83}],"pos":8.875,"size":1.0,"_time":75.68359},{"$id":"468","sounds":[{"d":0.169036865,"p":48,"v":83},{"d":0.169036865,"p":41,"v":83}],"pos":-0.5,"size":1.30000007,"_time":75.68359},{"$id":"469","sounds":[{"d":0.0838089,"p":68,"v":60}],"pos":7.5,"size":1.0,"_time":75.85156},{"$id":"470","sounds":[{"d":0.0838089,"p":63,"v":66},{"d":0.0838089,"p":51,"v":66}],"pos":1.0,"size":1.30000007,"_time":76.02344},{"$id":"471","sounds":[{"d":0.0838089,"p":77,"v":66}],"pos":8.625,"size":1.0,"_time":76.02344},{"$id":"472","sounds":[{"d":0.0838089,"p":79,"v":78}],"pos":8.875,"size":1.0,"_time":76.19141},{"$id":"473","sounds":[{"d":0.0838089,"p":80,"v":81}],"pos":9.0,"size":1.0,"_time":76.36328},{"$id":"474","sounds":[{"d":0.0838089,"p":68,"v":59}],"pos":7.5,"size":1.0,"_time":76.53516},{"$id":"475","sounds":[{"d":0.0838089,"p":80,"v":74}],"pos":9.0,"size":1.0,"_time":76.703125},{"$id":"476","sounds":[{"d":0.0838089,"p":82,"v":81}],"pos":9.25,"size":1.0,"_time":76.875},{"$id":"477","sounds":[{"d":0.0838089,"p":84,"v":88}],"pos":9.5,"size":1.0,"_time":77.046875},{"$id":"478","sounds":[{"d":0.169036865,"p":43,"v":88},{"d":0.169036865,"p":36,"v":88}],"size":1.30000007,"_time":77.046875},{"$id":"479","sounds":[{"d":0.0838089,"p":75,"v":71}],"pos":8.375,"size":1.0,"_time":77.21484},{"$id":"480","sounds":[{"d":0.0838089,"p":58,"v":86},{"d":0.0838089,"p":51,"v":86}],"pos":1.5,"size":1.30000007,"_time":77.38672},{"$id":"481","sounds":[{"d":0.0838089,"p":84,"v":86}],"pos":9.5,"size":1.0,"_time":77.38672},{"$id":"482","sounds":[{"d":0.0838089,"p":87,"v":95}],"pos":9.875,"size":1.0,"_time":77.55859},{"$id":"483","sounds":[{"d":0.0838089,"p":82,"v":81}],"pos":9.25,"size":1.0,"_time":77.72656},{"$id":"484","sounds":[{"d":0.0838089,"p":75,"v":69}],"pos":8.375,"size":1.0,"_time":77.89844},{"$id":"485","sounds":[{"d":0.0838089,"p":80,"v":85}],"pos":9.0,"size":1.0,"_time":78.06641},{"$id":"486","sounds":[{"d":0.0838089,"p":79,"v":78}],"pos":8.875,"size":1.0,"_time":78.23828},{"$id":"487","sounds":[{"d":0.0838089,"p":77,"v":80}],"pos":8.625,"size":1.0,"_time":78.41016},{"$id":"488","sounds":[{"d":0.169036865,"p":44,"v":80},{"d":0.169036865,"p":37,"v":80}],"pos":-1.5,"size":1.30000007,"_time":78.41016},{"$id":"489","sounds":[{"d":0.0838089,"p":84,"v":62}],"pos":9.5,"size":1.0,"_time":78.578125},{"$id":"490","sounds":[{"d":0.0838089,"p":60,"v":78},{"d":0.0838089,"p":51,"v":78}],"size":1.30000007,"_time":78.75},{"$id":"491","sounds":[{"d":0.0838089,"p":72,"v":78}],"pos":8.0,"size":1.0,"_time":78.75},{"$id":"492","sounds":[{"d":0.0838089,"p":77,"v":85}],"pos":8.625,"size":1.0,"_time":78.921875},{"$id":"493","sounds":[{"d":0.0838089,"p":82,"v":90}],"pos":9.25,"size":1.0,"_time":79.08984},{"$id":"494","sounds":[{"d":0.0838089,"p":70,"v":62}],"pos":7.75,"size":1.0,"_time":79.26172},{"$id":"495","sounds":[{"d":0.0838089,"p":75,"v":80}],"pos":8.375,"size":1.0,"_time":79.43359},{"$id":"496","sounds":[{"d":0.0838089,"p":79,"v":81}],"pos":8.875,"size":1.0,"_time":79.60156},{"$id":"497","sounds":[{"d":0.0838089,"p":80,"v":78}],"pos":9.0,"size":1.0,"_time":79.77344},{"$id":"498","sounds":[{"d":0.169036865,"p":46,"v":78},{"d":0.169036865,"p":39,"v":78}],"pos":-1.0,"size":1.30000007,"_time":79.77344},{"$id":"499","sounds":[{"d":0.0838089,"p":68,"v":57}],"pos":7.5,"size":1.0,"_time":79.94141},{"$id":"500","sounds":[{"d":0.0838089,"p":58,"v":78},{"d":0.0838089,"p":51,"v":78}],"pos":0.5,"size":1.30000007,"_time":80.11328},{"$id":"501","sounds":[{"d":0.0838089,"p":79,"v":78}],"pos":8.875,"size":1.0,"_time":80.11328},{"$id":"502","sounds":[{"d":0.0838089,"p":68,"v":83}],"pos":7.5,"size":1.0,"_time":80.28516},{"$id":"503","sounds":[{"d":0.0838089,"p":77,"v":69}],"pos":8.625,"size":1.0,"_time":80.453125},{"$id":"504","sounds":[{"d":0.0838089,"p":68,"v":74}],"pos":7.5,"size":1.0,"_time":80.625},{"$id":"505","sounds":[{"d":0.0838089,"p":70,"v":69}],"pos":7.75,"size":1.0,"_time":80.796875},{"$id":"506","sounds":[{"d":0.0838089,"p":77,"v":74}],"pos":8.625,"size":1.0,"_time":80.96484},{"$id":"507","sounds":[{"d":0.0838089,"p":79,"v":83}],"pos":8.875,"size":1.0,"_time":81.13672},{"$id":"508","sounds":[{"d":0.169036865,"p":48,"v":83},{"d":0.169036865,"p":41,"v":83}],"pos":-0.5,"size":1.30000007,"_time":81.13672},{"$id":"509","sounds":[{"d":0.0838089,"p":68,"v":60}],"pos":7.5,"size":1.0,"_time":81.30859},{"$id":"510","sounds":[{"d":0.0838089,"p":63,"v":66},{"d":0.0838089,"p":51,"v":66}],"pos":1.0,"size":1.30000007,"_time":81.47656},{"$id":"511","sounds":[{"d":0.0838089,"p":77,"v":66}],"pos":8.625,"size":1.0,"_time":81.47656},{"$id":"512","sounds":[{"d":0.0838089,"p":79,"v":78}],"pos":8.875,"size":1.0,"_time":81.64844},{"$id":"513","sounds":[{"d":0.0838089,"p":80,"v":81}],"pos":9.0,"size":1.0,"_time":81.81641},{"$id":"514","sounds":[{"d":0.0838089,"p":68,"v":59}],"pos":7.5,"size":1.0,"_time":81.98828},{"$id":"515","sounds":[{"d":0.0838089,"p":80,"v":74}],"pos":9.0,"size":1.0,"_time":82.16016},{"$id":"516","sounds":[{"d":0.0838089,"p":82,"v":81}],"pos":9.25,"size":1.0,"_time":82.328125},{"$id":"517","sounds":[{"d":0.169036865,"p":36,"v":88},{"d":0.169036865,"p":43,"v":88}],"size":1.30000007,"_time":82.5},{"$id":"518","sounds":[{"d":0.0838089,"p":84,"v":88}],"pos":9.5,"size":1.0,"_time":82.5},{"$id":"519","sounds":[{"d":0.0838089,"p":75,"v":71}],"pos":8.375,"size":1.0,"_time":82.671875},{"$id":"520","sounds":[{"d":0.0838089,"p":84,"v":86}],"pos":9.5,"size":1.0,"_time":82.83984},{"$id":"521","sounds":[{"d":0.0838089,"p":51,"v":86},{"d":0.0838089,"p":58,"v":86}],"pos":1.5,"size":1.30000007,"_time":82.83984},{"$id":"522","sounds":[{"d":0.0838089,"p":87,"v":78}],"pos":9.875,"size":1.0,"_time":83.01172},{"$id":"523","sounds":[{"d":0.0838089,"p":92,"v":95}],"pos":2.0,"size":1.0,"_time":83.18359},{"$id":"524","sounds":[{"d":0.0838089,"p":91,"v":102}],"pos":1.5,"size":1.0,"_time":83.35156},{"$id":"525","sounds":[{"d":0.0838089,"p":88,"v":99}],"pos":1.0,"size":1.0,"_time":83.52344},{"$id":"526","sounds":[{"d":0.0838089,"p":85,"v":107}],"pos":0.5,"size":1.0,"_time":83.69141},{"$id":"527","sounds":[{"d":0.0838089,"p":78,"v":80},{"d":0.169036865,"p":45,"v":80},{"d":0.169036865,"p":38,"v":80}],"size":1.30000007,"_time":83.86328},{"$id":"528","sounds":[{"d":0.0838089,"p":85,"v":62}],"pos":2.0,"size":1.0,"_time":84.03516},{"$id":"529","sounds":[{"d":0.0838089,"p":61,"v":78},{"d":0.0838089,"p":52,"v":78}],"pos":5.0,"size":1.0,"_time":84.203125},{"$id":"530","sounds":[{"d":0.0838089,"p":73,"v":78}],"pos":7.5,"size":1.0,"_time":84.203125},{"$id":"531","sounds":[{"d":0.0838089,"p":78,"v":85}],"size":1.0,"_time":84.375},{"$id":"532","sounds":[{"d":0.0838089,"p":83,"v":90}],"pos":1.0,"size":1.0,"_time":84.546875},{"$id":"533","sounds":[{"d":0.0838089,"p":71,"v":62}],"pos":5.5,"size":1.0,"_time":84.71484},{"$id":"534","sounds":[{"d":0.0838089,"p":76,"v":80}],"pos":-1.0,"size":1.0,"_time":84.88672},{"$id":"535","sounds":[{"d":0.0838089,"p":80,"v":81}],"size":1.0,"_time":85.05859},{"$id":"536","sounds":[{"d":0.0838089,"p":81,"v":78},{"d":0.169036865,"p":47,"v":78},{"d":0.169036865,"p":40,"v":78}],"pos":1.0,"size":1.30000007,"_time":85.22656},{"$id":"537","sounds":[{"d":0.0838089,"p":69,"v":57}],"pos":6.5,"size":1.0,"_time":85.39844},{"$id":"538","sounds":[{"d":0.0838089,"p":59,"v":78},{"d":0.0838089,"p":52,"v":78}],"pos":5.0,"size":1.0,"_time":85.56641},{"$id":"539","sounds":[{"d":0.0838089,"p":80,"v":78}],"size":1.0,"_time":85.56641},{"$id":"540","sounds":[{"d":0.0838089,"p":69,"v":83}],"pos":6.5,"size":1.0,"_time":85.73828},{"$id":"541","sounds":[{"d":0.0838089,"p":78,"v":69}],"pos":-1.0,"size":1.0,"_time":85.91016},{"$id":"542","sounds":[{"d":0.0838089,"p":69,"v":74}],"pos":6.5,"size":1.0,"_time":86.078125},{"$id":"543","sounds":[{"d":0.0838089,"p":71,"v":69}],"pos":-2.0,"size":1.0,"_time":86.25},{"$id":"544","sounds":[{"d":0.0838089,"p":78,"v":74}],"pos":-1.0,"size":1.0,"_time":86.421875},{"$id":"545","sounds":[{"d":0.0838089,"p":80,"v":83},{"d":0.169036865,"p":49,"v":83},{"d":0.169036865,"p":42,"v":83}],"size":1.30000007,"_time":86.58984},{"$id":"546","sounds":[{"d":0.0838089,"p":69,"v":60}],"pos":5.5,"size":1.0,"_time":86.76172},{"$id":"547","sounds":[{"d":0.0838089,"p":64,"v":66},{"d":0.0838089,"p":52,"v":66}],"pos":5.0,"size":1.0,"_time":86.93359},{"$id":"548","sounds":[{"d":0.0838089,"p":78,"v":66}],"pos":-1.0,"size":1.0,"_time":86.93359},{"$id":"549","sounds":[{"d":0.0838089,"p":80,"v":78}],"size":1.0,"_time":87.10156},{"$id":"550","sounds":[{"d":0.0838089,"p":81,"v":81}],"pos":1.0,"size":1.0,"_time":87.27344},{"$id":"551","sounds":[{"d":0.0838089,"p":69,"v":59}],"pos":5.5,"size":1.0,"_time":87.44141},{"$id":"552","sounds":[{"d":0.0838089,"p":81,"v":74}],"size":1.0,"_time":87.61328},{"$id":"553","sounds":[{"d":0.0838089,"p":83,"v":81}],"pos":1.0,"size":1.0,"_time":87.78516},{"$id":"554","sounds":[{"d":0.0838089,"p":85,"v":88},{"d":0.169036865,"p":44,"v":88},{"d":0.169036865,"p":37,"v":88}],"pos":2.0,"size":1.30000007,"_time":87.953125},{"$id":"555","sounds":[{"d":0.0838089,"p":76,"v":71}],"pos":6.5,"size":1.0,"_time":88.125},{"$id":"556","sounds":[{"d":0.0838089,"p":59,"v":86},{"d":0.0838089,"p":52,"v":86}],"pos":5.0,"size":1.0,"_time":88.296875},{"$id":"557","sounds":[{"d":0.0838089,"p":85,"v":86}],"pos":-1.0,"size":1.0,"_time":88.296875},{"$id":"558","sounds":[{"d":0.0838089,"p":88,"v":95}],"pos":2.0,"size":1.0,"_time":88.46484},{"$id":"559","sounds":[{"d":0.0838089,"p":83,"v":81}],"pos":-2.0,"size":1.0,"_time":88.63672},{"$id":"560","sounds":[{"d":0.0838089,"p":76,"v":69}],"pos":5.0,"size":1.0,"_time":88.80859},{"$id":"561","sounds":[{"d":0.0838089,"p":81,"v":85}],"pos":2.0,"size":1.0,"_time":88.97656},{"$id":"562","sounds":[{"d":0.0838089,"p":80,"v":78}],"pos":1.0,"size":1.0,"_time":89.14844},{"$id":"563","sounds":[{"d":0.0838089,"p":78,"v":80},{"d":0.169036865,"p":45,"v":80},{"d":0.169036865,"p":38,"v":80}],"size":1.30000007,"_time":89.31641},{"$id":"564","sounds":[{"d":0.0838089,"p":85,"v":62}],"pos":2.0,"size":1.0,"_time":89.48828},{"$id":"565","sounds":[{"d":0.0838089,"p":61,"v":78},{"d":0.0838089,"p":52,"v":78}],"pos":5.0,"size":1.0,"_time":89.66016},{"$id":"566","sounds":[{"d":0.0838089,"p":73,"v":78}],"pos":7.0,"size":1.0,"_time":89.66016},{"$id":"567","sounds":[{"d":0.0838089,"p":78,"v":85}],"size":1.0,"_time":89.828125},{"$id":"568","sounds":[{"d":0.0838089,"p":83,"v":90}],"pos":1.0,"size":1.0,"_time":90.0},{"$id":"569","sounds":[{"d":0.0838089,"p":71,"v":62}],"pos":4.0,"size":1.0,"_time":90.171875},{"$id":"570","sounds":[{"d":0.0838089,"p":76,"v":80}],"pos":-1.0,"size":1.0,"_time":90.33984},{"$id":"571","sounds":[{"d":0.08380127,"p":80,"v":81}],"size":1.0,"_time":90.51172},{"$id":"572","sounds":[{"d":0.0838089,"p":81,"v":78},{"d":0.169036865,"p":47,"v":78},{"d":0.169036865,"p":40,"v":78}],"pos":1.0,"size":1.30000007,"_time":90.68359},{"$id":"573","sounds":[{"d":0.0838089,"p":69,"v":57}],"pos":6.0,"size":1.0,"_time":90.85156},{"$id":"574","sounds":[{"d":0.0838089,"p":59,"v":78},{"d":0.0838089,"p":52,"v":78}],"pos":5.0,"size":1.0,"_time":91.02344},{"$id":"575","sounds":[{"d":0.0838089,"p":80,"v":78}],"size":1.0,"_time":91.02344},{"$id":"576","sounds":[{"d":0.0838089,"p":69,"v":83}],"pos":6.0,"size":1.0,"_time":91.19141},{"$id":"577","sounds":[{"d":0.0838089,"p":78,"v":69}],"pos":-1.0,"size":1.0,"_time":91.36328},{"$id":"578","sounds":[{"d":0.0838089,"p":69,"v":74}],"pos":6.0,"size":1.0,"_time":91.53516},{"$id":"579","sounds":[{"d":0.0838089,"p":71,"v":69}],"pos":-2.0,"size":1.0,"_time":91.703125},{"$id":"580","sounds":[{"d":0.08380127,"p":78,"v":74}],"pos":-1.0,"size":1.0,"_time":91.875},{"$id":"581","sounds":[{"d":0.0838089,"p":80,"v":83},{"d":0.169036865,"p":49,"v":83},{"d":0.169036865,"p":42,"v":83}],"size":1.30000007,"_time":92.046875},{"$id":"582","sounds":[{"d":0.0838089,"p":69,"v":60}],"pos":4.5,"size":1.0,"_time":92.21484},{"$id":"583","sounds":[{"d":0.0838089,"p":64,"v":66},{"d":0.0838089,"p":52,"v":66}],"pos":5.0,"size":1.0,"_time":92.38672},{"$id":"584","sounds":[{"d":0.0838089,"p":78,"v":66}],"pos":-1.0,"size":1.0,"_time":92.38672},{"$id":"585","sounds":[{"d":0.0838089,"p":80,"v":78}],"size":1.0,"_time":92.55859},{"$id":"586","sounds":[{"d":0.0838089,"p":81,"v":81}],"pos":1.0,"size":1.0,"_time":92.72656},{"$id":"587","sounds":[{"d":0.0838089,"p":69,"v":59}],"pos":4.5,"size":1.0,"_time":92.89844},{"$id":"588","sounds":[{"d":0.0838089,"p":81,"v":74}],"size":1.0,"_time":93.06641},{"$id":"589","sounds":[{"d":0.08380127,"p":83,"v":81}],"pos":1.0,"size":1.0,"_time":93.23828},{"$id":"590","sounds":[{"d":0.0838089,"p":85,"v":88},{"d":0.169036865,"p":44,"v":88},{"d":0.169036865,"p":37,"v":88}],"pos":2.0,"size":1.30000007,"_time":93.41016},{"$id":"591","sounds":[{"d":0.0838089,"p":76,"v":71}],"pos":5.0,"size":1.0,"_time":93.578125},{"$id":"592","sounds":[{"d":0.0838089,"p":59,"v":86},{"d":0.0838089,"p":52,"v":86}],"pos":5.0,"size":1.0,"_time":93.75},{"$id":"593","sounds":[{"d":0.0838089,"p":85,"v":86}],"pos":-0.5,"size":1.0,"_time":93.75},{"$id":"594","sounds":[{"d":0.0838089,"p":88,"v":78}],"pos":0.5,"size":1.0,"_time":93.921875},{"$id":"595","pos":-1.5,"size":1.90000021,"_time":94.12109,"shift":-0.01953125},{"$id":"596","pos":1.5,"size":1.90000021,"_time":94.10156},{"$id":"597","sounds":[{"d":0.0838089,"p":41,"v":116},{"d":0.0838089,"p":48,"v":116}],"pos":-2.0,"size":1.30000007,"_time":94.77344},{"$id":"598","sounds":[{"d":0.0838089,"p":81,"v":116}],"size":1.0,"_time":94.77344},{"$id":"599","sounds":[{"d":0.0838089,"p":88,"v":102}],"pos":1.0,"size":1.0,"_time":94.94531},{"$id":"600","sounds":[{"d":0.0838089,"p":76,"v":102}],"pos":8.5,"size":1.0,"_time":95.11719},{"$id":"601","sounds":[{"d":0.0838089,"p":60,"v":107}],"pos":4.0,"size":1.30000007,"_time":95.28516},{"$id":"602","sounds":[{"d":0.0838089,"p":69,"v":107}],"pos":6.0,"size":1.30000007,"_time":95.28516},{"$id":"603","sounds":[{"d":0.0838089,"p":81,"v":107}],"pos":-1.0,"size":1.0,"_time":95.28516},{"$id":"604","sounds":[{"d":0.0838089,"p":86,"v":116}],"pos":1.0,"size":1.0,"_time":95.45703},{"$id":"605","sounds":[{"d":0.0838089,"p":74,"v":88}],"pos":8.25,"size":1.0,"_time":95.62891},{"$id":"606","sounds":[{"d":0.0838089,"p":59,"v":100}],"pos":3.5,"size":1.30000007,"_time":95.796875},{"$id":"607","sounds":[{"d":0.0838089,"p":67,"v":100}],"pos":5.5,"size":1.30000007,"_time":95.796875},{"$id":"608","sounds":[{"d":0.0838089,"p":79,"v":100}],"size":1.0,"_time":95.796875},{"$id":"609","sounds":[{"d":0.08380127,"p":83,"v":109}],"pos":1.0,"size":1.0,"_time":95.96875},{"$id":"610","sounds":[{"d":0.0838089,"p":43,"v":114},{"d":0.0838089,"p":50,"v":114}],"pos":-2.0,"size":1.30000007,"_time":96.13672},{"$id":"611","sounds":[{"d":0.0838089,"p":84,"v":114}],"pos":2.0,"size":1.0,"_time":96.13672},{"$id":"612","sounds":[{"d":0.0838089,"p":72,"v":99}],"pos":8.0,"size":1.0,"_time":96.30859},{"$id":"613","sounds":[{"d":0.0838089,"p":83,"v":107}],"pos":1.0,"size":1.0,"_time":96.48047},{"$id":"614","sounds":[{"d":0.0838089,"p":55,"v":116}],"pos":3.5,"size":1.30000007,"_time":96.64844},{"$id":"615","sounds":[{"d":0.0838089,"p":62,"v":116}],"pos":5.5,"size":1.30000007,"_time":96.64844},{"$id":"616","sounds":[{"d":0.0838089,"p":72,"v":116}],"pos":8.0,"size":1.0,"_time":96.64844},{"$id":"617","sounds":[{"d":0.0838089,"p":81,"v":109}],"size":1.0,"_time":96.82031},{"$id":"618","sounds":[{"d":0.0838089,"p":72,"v":86}],"pos":8.0,"size":1.0,"_time":96.99219},{"$id":"619","sounds":[{"d":0.0838089,"p":55,"v":99}],"pos":4.0,"size":1.30000007,"_time":97.16016},{"$id":"620","sounds":[{"d":0.0838089,"p":64,"v":99}],"pos":6.0,"size":1.30000007,"_time":97.16016},{"$id":"621","sounds":[{"d":0.0838089,"p":74,"v":99}],"pos":-1.0,"size":1.0,"_time":97.16016},{"$id":"622","sounds":[{"d":0.0838089,"p":81,"v":109}],"size":1.0,"_time":97.33203},{"$id":"623","sounds":[{"d":0.0838089,"p":83,"v":113}],"pos":1.0,"size":1.0,"_time":97.50391},{"$id":"624","sounds":[{"d":0.0838089,"p":45,"v":113},{"d":0.0838089,"p":52,"v":113}],"pos":-2.0,"size":1.30000007,"_time":97.50391},{"$id":"625","sounds":[{"d":0.0838089,"p":72,"v":92}],"pos":8.0,"size":1.0,"_time":97.671875},{"$id":"626","sounds":[{"d":0.0838089,"p":81,"v":107}],"pos":-0.5,"size":1.0,"_time":97.84375},{"$id":"627","sounds":[{"d":0.0838089,"p":67,"v":116}],"pos":6.0,"size":1.30000007,"_time":98.01172},{"$id":"628","sounds":[{"d":0.0838089,"p":83,"v":116}],"pos":0.5,"size":1.0,"_time":98.01172},{"$id":"629","sounds":[{"d":0.0838089,"p":55,"v":116}],"pos":4.0,"size":1.30000007,"_time":98.01172},{"$id":"630","sounds":[{"d":0.0838089,"p":84,"v":104}],"pos":1.5,"size":1.0,"_time":98.18359},{"$id":"631","sounds":[{"d":0.0838089,"p":72,"v":106}],"pos":8.0,"size":1.0,"_time":98.35547},{"$id":"632","sounds":[{"d":0.0838089,"p":64,"v":111}],"pos":5.5,"size":1.30000007,"_time":98.52344},{"$id":"633","sounds":[{"d":0.0838089,"p":84,"v":111}],"size":1.0,"_time":98.52344},{"$id":"634","sounds":[{"d":0.0838089,"p":55,"v":111}],"pos":3.5,"size":1.30000007,"_time":98.52344},{"$id":"635","sounds":[{"d":0.0838089,"p":86,"v":113}],"pos":1.0,"size":1.0,"_time":98.69531},{"$id":"636","sounds":[{"d":0.0838089,"p":88,"v":116}],"pos":2.0,"size":1.0,"_time":98.86719},{"$id":"637","sounds":[{"d":0.0838089,"p":40,"v":116},{"d":0.0838089,"p":47,"v":116}],"pos":-2.0,"size":1.30000007,"_time":98.86719},{"$id":"638","sounds":[{"d":0.0838089,"p":79,"v":92}],"pos":8.875,"size":1.0,"_time":99.03516},{"$id":"639","sounds":[{"d":0.0838089,"p":88,"v":102}],"size":1.0,"_time":99.20703},{"$id":"640","sounds":[{"d":0.0838089,"p":76,"v":114}],"pos":6.5,"size":1.30000007,"_time":99.37891},{"$id":"641","sounds":[{"d":0.0838089,"p":91,"v":114}],"pos":2.0,"size":1.0,"_time":99.37891},{"$id":"642","sounds":[{"d":0.0838089,"p":67,"v":114}],"pos":4.5,"size":1.30000007,"_time":99.37891},{"$id":"643","sounds":[{"d":0.0838089,"p":86,"v":114}],"pos":-1.0,"size":1.0,"_time":99.546875},{"$id":"644","sounds":[{"d":0.0838089,"p":79,"v":100}],"pos":8.875,"size":1.0,"_time":99.71875},{"$id":"645","sounds":[{"d":0.0838089,"p":64,"v":102}],"pos":6.0,"size":1.30000007,"_time":99.88672},{"$id":"646","sounds":[{"d":0.0838089,"p":84,"v":102}],"pos":1.0,"size":1.0,"_time":99.88672},{"$id":"647","sounds":[{"d":0.0838089,"p":55,"v":102}],"pos":4.0,"size":1.30000007,"_time":99.88672},{"$id":"648","sounds":[{"d":0.0838089,"p":83,"v":99}],"pos":-1.0,"size":1.0,"_time":100.058594},{"$id":"649","sounds":[{"d":0.0838089,"p":81,"v":104}],"size":1.0,"_time":100.230469},{"$id":"650","sounds":[{"d":0.0838089,"p":41,"v":104},{"d":0.0838089,"p":48,"v":104}],"pos":-2.0,"size":1.30000007,"_time":100.230469},{"$id":"651","sounds":[{"d":0.0838089,"p":88,"v":109}],"pos":1.0,"size":1.0,"_time":100.398438},{"$id":"652","sounds":[{"d":0.0838089,"p":76,"v":95}],"pos":8.5,"size":1.0,"_time":100.570313},{"$id":"653","sounds":[{"d":0.0838089,"p":64,"v":114}],"pos":6.5,"size":1.30000007,"_time":100.742188},{"$id":"654","sounds":[{"d":0.0838089,"p":81,"v":114}],"pos":-1.0,"size":1.0,"_time":100.742188},{"$id":"655","sounds":[{"d":0.0838089,"p":55,"v":114}],"pos":4.5,"size":1.30000007,"_time":100.742188},{"$id":"656","sounds":[{"d":0.0838089,"p":86,"v":113}],"pos":1.0,"size":1.0,"_time":100.910156},{"$id":"657","sounds":[{"d":0.0838089,"p":74,"v":95}],"pos":8.25,"size":1.0,"_time":101.082031},{"$id":"658","sounds":[{"d":0.0838089,"p":62,"v":102}],"pos":6.0,"size":1.30000007,"_time":101.253906},{"$id":"659","sounds":[{"d":0.0838089,"p":79,"v":102}],"size":1.0,"_time":101.253906},{"$id":"660","sounds":[{"d":0.0838089,"p":55,"v":102}],"pos":4.0,"size":1.30000007,"_time":101.253906},{"$id":"661","sounds":[{"d":0.0838089,"p":83,"v":111}],"pos":1.0,"size":1.0,"_time":101.421875},{"$id":"662","sounds":[{"d":0.0838089,"p":84,"v":116}],"pos":2.0,"size":1.0,"_time":101.59375},{"$id":"663","sounds":[{"d":0.0838089,"p":43,"v":116},{"d":0.0838089,"p":50,"v":116}],"pos":-2.0,"size":1.30000007,"_time":101.59375},{"$id":"664","sounds":[{"d":0.0838089,"p":72,"v":99}],"pos":8.0,"size":1.0,"_time":101.761719},{"$id":"665","sounds":[{"d":0.0838089,"p":81,"v":111}],"pos":-1.0,"size":1.0,"_time":101.933594},{"$id":"666","sounds":[{"d":0.0838089,"p":62,"v":118}],"pos":6.0,"size":1.30000007,"_time":102.105469},{"$id":"667","sounds":[{"d":0.0838089,"p":88,"v":100}],"pos":2.0,"size":1.0,"_time":102.105469},{"$id":"668","sounds":[{"d":0.0838089,"p":55,"v":118}],"pos":4.0,"size":1.30000007,"_time":102.105469},{"$id":"669","sounds":[{"d":0.0838089,"p":86,"v":106}],"size":1.0,"_time":102.273438},{"$id":"670","sounds":[{"d":0.0838089,"p":72,"v":100}],"pos":8.0,"size":1.0,"_time":102.445313},{"$id":"671","sounds":[{"d":0.0838089,"p":64,"v":113}],"pos":5.5,"size":1.30000007,"_time":102.617188},{"$id":"672","sounds":[{"d":0.0838089,"p":79,"v":100}],"pos":-1.0,"size":1.0,"_time":102.617188},{"$id":"673","sounds":[{"d":0.0838089,"p":55,"v":113}],"pos":3.5,"size":1.30000007,"_time":102.617188},{"$id":"674","sounds":[{"d":0.0838089,"p":81,"v":100}],"size":1.0,"_time":102.785156},{"$id":"675","sounds":[{"d":0.0838089,"p":83,"v":107}],"pos":1.0,"size":1.0,"_time":102.957031},{"$id":"676","sounds":[{"d":0.0838089,"p":45,"v":107},{"d":0.0838089,"p":52,"v":107}],"pos":-2.0,"size":1.30000007,"_time":102.957031},{"$id":"677","sounds":[{"d":0.0838089,"p":72,"v":86}],"pos":8.0,"size":1.0,"_time":103.128906},{"$id":"678","sounds":[{"d":0.0838089,"p":81,"v":97}],"pos":-0.5,"size":1.0,"_time":103.296875},{"$id":"679","sounds":[{"d":0.0838089,"p":67,"v":106}],"pos":5.0,"size":1.30000007,"_time":103.46875},{"$id":"680","sounds":[{"d":0.0838089,"p":83,"v":106}],"pos":0.5,"size":1.0,"_time":103.46875},{"$id":"681","sounds":[{"d":0.0838089,"p":55,"v":106}],"pos":3.0,"size":1.30000007,"_time":103.46875},{"$id":"682","sounds":[{"d":0.0838089,"p":84,"v":99}],"pos":1.5,"size":1.0,"_time":103.636719},{"$id":"683","sounds":[{"d":0.0838089,"p":72,"v":107}],"pos":5.0,"size":1.0,"_time":103.808594},{"$id":"684","sounds":[{"d":0.0838089,"p":69,"v":97}],"pos":5.5,"size":1.30000007,"_time":103.980469},{"$id":"685","sounds":[{"d":0.0838089,"p":84,"v":97}],"size":1.0,"_time":103.980469},{"$id":"686","sounds":[{"d":0.0838089,"p":60,"v":97}],"pos":3.5,"size":1.30000007,"_time":103.980469},{"$id":"687","sounds":[{"d":0.0838089,"p":86,"v":111}],"pos":1.0,"size":1.0,"_time":104.148438},{"$id":"688","sounds":[{"d":0.0838089,"p":88,"v":103},{"d":0.0838089,"p":72,"v":103}],"pos":2.0,"size":1.30000007,"_time":104.320313},{"$id":"689","sounds":[{"d":0.0838089,"p":64,"v":92}],"pos":7.0,"size":1.0,"_time":104.492188},{"$id":"690","sounds":[{"d":0.0838089,"p":81,"v":92}],"pos":-0.5,"size":1.0,"_time":104.492188},{"$id":"691","sounds":[{"d":0.0838089,"p":86,"v":114},{"d":0.0838089,"p":71,"v":114}],"pos":1.5,"size":1.30000007,"_time":104.660156},{"$id":"692","sounds":[{"d":0.0838089,"p":62,"v":94}],"pos":6.75,"size":1.0,"_time":104.832031},{"$id":"693","sounds":[{"d":0.0838089,"p":79,"v":94}],"pos":-1.0,"size":1.0,"_time":104.832031},{"$id":"694","sounds":[{"d":0.0838089,"p":84,"v":107},{"d":0.0838089,"p":67,"v":107}],"pos":1.0,"size":1.30000007,"_time":105.003906},{"$id":"695","sounds":[{"d":0.0838089,"p":60,"v":92}],"pos":6.5,"size":1.0,"_time":105.171875},{"$id":"696","sounds":[{"d":0.0838089,"p":76,"v":92}],"pos":-1.5,"size":1.0,"_time":105.171875},{"$id":"697","sounds":[{"d":0.0838089,"p":83,"v":112},{"d":0.0838089,"p":64,"v":112}],"pos":0.5,"size":1.30000007,"_time":105.34375},{"$id":"698","sounds":[{"d":0.0838089,"p":55,"v":110}],"pos":5.875,"size":1.0,"_time":105.511719},{"$id":"699","sounds":[{"d":0.0838089,"p":79,"v":110}],"pos":-2.0,"size":1.0,"_time":105.511719},{"$id":"700","sounds":[{"d":0.08380127,"p":81,"v":116},{"d":0.08380127,"p":48,"v":116},{"d":0.08380127,"p":41,"v":116}],"size":1.30000007,"_time":105.683594},{"$id":"701","sounds":[{"d":0.0838089,"p":88,"v":102}],"pos":1.0,"size":1.0,"_time":105.851563},{"$id":"702","sounds":[{"d":0.0838089,"p":76,"v":102}],"pos":-1.0,"size":1.0,"_time":106.023438},{"$id":"703","sounds":[{"d":0.0838089,"p":69,"v":107},{"d":0.0838089,"p":60,"v":107}],"pos":4.0,"size":1.0,"_time":106.191406},{"$id":"704","sounds":[{"d":0.0838089,"p":81,"v":107}],"size":1.0,"_time":106.191406},{"$id":"705","sounds":[{"d":0.0838089,"p":86,"v":116}],"pos":1.0,"size":1.0,"_time":106.363281},{"$id":"706","sounds":[{"d":0.0838089,"p":74,"v":88}],"pos":-1.0,"size":1.0,"_time":106.535156},{"$id":"707","sounds":[{"d":0.0838089,"p":67,"v":100},{"d":0.0838089,"p":59,"v":100}],"pos":4.0,"size":1.0,"_time":106.703125},{"$id":"708","sounds":[{"d":0.0838089,"p":79,"v":100}],"size":1.0,"_time":106.703125},{"$id":"709","sounds":[{"d":0.08380127,"p":83,"v":109}],"pos":1.0,"size":1.0,"_time":106.875},{"$id":"710","sounds":[{"d":0.0838089,"p":84,"v":114},{"d":0.0838089,"p":50,"v":114},{"d":0.0838089,"p":43,"v":114}],"pos":2.0,"size":1.30000007,"_time":107.046875},{"$id":"711","sounds":[{"d":0.0838089,"p":72,"v":99}],"pos":-2.0,"size":1.0,"_time":107.214844},{"$id":"712","sounds":[{"d":0.0838089,"p":83,"v":107}],"pos":1.0,"size":1.0,"_time":107.386719},{"$id":"713","sounds":[{"d":0.0838089,"p":62,"v":116},{"d":0.0838089,"p":55,"v":116}],"pos":4.0,"size":1.0,"_time":107.558594},{"$id":"714","sounds":[{"d":0.0838089,"p":72,"v":116}],"pos":-2.0,"size":1.0,"_time":107.558594},{"$id":"715","sounds":[{"d":0.0838089,"p":81,"v":109}],"size":1.0,"_time":107.726563},{"$id":"716","sounds":[{"d":0.0838089,"p":72,"v":86}],"pos":-2.0,"size":1.0,"_time":107.898438},{"$id":"717","sounds":[{"d":0.0838089,"p":64,"v":99},{"d":0.0838089,"p":55,"v":99}],"pos":4.0,"size":1.0,"_time":108.066406},{"$id":"718","sounds":[{"d":0.0838089,"p":74,"v":99}],"pos":-1.0,"size":1.0,"_time":108.066406},{"$id":"719","sounds":[{"d":0.0838089,"p":81,"v":109}],"size":1.0,"_time":108.238281},{"$id":"720","sounds":[{"d":0.0838089,"p":83,"v":113},{"d":0.0838089,"p":52,"v":113},{"d":0.0838089,"p":45,"v":113}],"pos":1.0,"size":1.30000007,"_time":108.410156},{"$id":"721","sounds":[{"d":0.0838089,"p":72,"v":92}],"pos":-1.5,"size":1.0,"_time":108.578125},{"$id":"722","sounds":[{"d":0.0838089,"p":81,"v":107}],"pos":-0.5,"size":1.0,"_time":108.75},{"$id":"723","sounds":[{"d":0.0838089,"p":67,"v":116},{"d":0.0838089,"p":55,"v":116}],"pos":4.0,"size":1.0,"_time":108.921875},{"$id":"724","sounds":[{"d":0.0838089,"p":83,"v":116}],"pos":0.5,"size":1.0,"_time":108.921875},{"$id":"725","sounds":[{"d":0.0838089,"p":84,"v":104}],"pos":1.5,"size":1.0,"_time":109.089844},{"$id":"726","sounds":[{"d":0.0838089,"p":72,"v":106}],"pos":-1.0,"size":1.0,"_time":109.261719},{"$id":"727","sounds":[{"d":0.0838089,"p":64,"v":111},{"d":0.0838089,"p":55,"v":111}],"pos":4.0,"size":1.0,"_time":109.433594},{"$id":"728","sounds":[{"d":0.0838089,"p":84,"v":111}],"size":1.0,"_time":109.433594},{"$id":"729","sounds":[{"d":0.0838089,"p":86,"v":113}],"pos":1.0,"size":1.0,"_time":109.601563},{"$id":"730","sounds":[{"d":0.0838089,"p":88,"v":116},{"d":0.0838089,"p":47,"v":116},{"d":0.0838089,"p":40,"v":116}],"pos":2.0,"size":1.30000007,"_time":109.773438},{"$id":"731","sounds":[{"d":0.0838089,"p":79,"v":92}],"pos":-2.0,"size":1.0,"_time":109.941406},{"$id":"732","sounds":[{"d":0.0838089,"p":88,"v":102}],"pos":1.0,"size":1.0,"_time":110.113281},{"$id":"733","sounds":[{"d":0.0838089,"p":76,"v":114},{"d":0.0838089,"p":67,"v":114}],"pos":4.0,"size":1.0,"_time":110.285156},{"$id":"734","sounds":[{"d":0.0838089,"p":91,"v":114}],"pos":2.0,"size":1.0,"_time":110.285156},{"$id":"735","sounds":[{"d":0.0838089,"p":86,"v":114}],"size":1.0,"_time":110.453125},{"$id":"736","sounds":[{"d":0.0838089,"p":79,"v":100}],"pos":-1.0,"size":1.0,"_time":110.625},{"$id":"737","sounds":[{"d":0.0838089,"p":64,"v":102},{"d":0.0838089,"p":55,"v":102}],"pos":4.0,"size":1.0,"_time":110.796875},{"$id":"738","sounds":[{"d":0.0838089,"p":84,"v":102}],"pos":2.0,"size":1.0,"_time":110.796875},{"$id":"739","sounds":[{"d":0.0838089,"p":83,"v":99}],"pos":1.0,"size":1.0,"_time":110.964844},{"$id":"740","sounds":[{"d":0.0838089,"p":81,"v":104},{"d":0.0838089,"p":48,"v":104},{"d":0.0838089,"p":41,"v":104}],"size":1.30000007,"_time":111.136719},{"$id":"741","sounds":[{"d":0.0838089,"p":88,"v":109}],"pos":2.0,"size":1.0,"_time":111.308594},{"$id":"742","sounds":[{"d":0.0838089,"p":76,"v":95}],"pos":-1.0,"size":1.0,"_time":111.476563},{"$id":"743","sounds":[{"d":0.0838089,"p":64,"v":114},{"d":0.0838089,"p":55,"v":114}],"pos":4.0,"size":1.0,"_time":111.648438},{"$id":"744","sounds":[{"d":0.0838089,"p":81,"v":114}],"size":1.0,"_time":111.648438},{"$id":"745","sounds":[{"d":0.0838089,"p":86,"v":113}],"pos":1.0,"size":1.0,"_time":111.816406},{"$id":"746","sounds":[{"d":0.0838089,"p":74,"v":95}],"pos":-1.0,"size":1.0,"_time":111.988281},{"$id":"747","sounds":[{"d":0.0838089,"p":62,"v":102},{"d":0.0838089,"p":55,"v":102}],"pos":4.0,"size":1.0,"_time":112.160156},{"$id":"748","sounds":[{"d":0.0838089,"p":79,"v":102}],"size":1.0,"_time":112.160156},{"$id":"749","sounds":[{"d":0.0838089,"p":83,"v":111}],"pos":1.0,"size":1.0,"_time":112.328125},{"$id":"750","sounds":[{"d":0.0838089,"p":84,"v":116},{"d":0.0838089,"p":50,"v":116},{"d":0.0838089,"p":43,"v":116}],"pos":2.0,"size":1.30000007,"_time":112.5},{"$id":"751","sounds":[{"d":0.0838089,"p":72,"v":99}],"pos":-1.0,"size":1.0,"_time":112.671875},{"$id":"752","sounds":[{"d":0.0838089,"p":81,"v":111}],"size":1.0,"_time":112.839844},{"$id":"753","sounds":[{"d":0.0838089,"p":62,"v":118},{"d":0.0838089,"p":55,"v":118}],"pos":4.0,"size":1.0,"_time":113.011719},{"$id":"754","sounds":[{"d":0.0838089,"p":88,"v":100}],"pos":2.0,"size":1.0,"_time":113.011719},{"$id":"755","sounds":[{"d":0.0838089,"p":86,"v":106}],"pos":1.0,"size":1.0,"_time":113.183594},{"$id":"756","sounds":[{"d":0.0838089,"p":72,"v":100}],"pos":-2.0,"size":1.0,"_time":113.351563},{"$id":"757","sounds":[{"d":0.0838089,"p":64,"v":113},{"d":0.0838089,"p":55,"v":113}],"pos":4.0,"size":1.0,"_time":113.523438},{"$id":"758","sounds":[{"d":0.0838089,"p":79,"v":100}],"pos":-1.0,"size":1.0,"_time":113.523438},{"$id":"759","sounds":[{"d":0.0838089,"p":81,"v":100}],"size":1.0,"_time":113.691406},{"$id":"760","sounds":[{"d":0.0838089,"p":83,"v":107},{"d":0.0838089,"p":52,"v":107},{"d":0.0838089,"p":45,"v":107}],"pos":1.0,"size":1.30000007,"_time":113.863281},{"$id":"761","sounds":[{"d":0.0838089,"p":72,"v":86}],"pos":-1.0,"size":1.0,"_time":114.035156},{"$id":"762","sounds":[{"d":0.0838089,"p":81,"v":97}],"size":1.0,"_time":114.203125},{"$id":"763","sounds":[{"d":0.0838089,"p":67,"v":106},{"d":0.0838089,"p":55,"v":106}],"pos":4.0,"size":1.0,"_time":114.375},{"$id":"764","sounds":[{"d":0.0838089,"p":83,"v":106}],"pos":1.0,"size":1.0,"_time":114.375},{"$id":"765","sounds":[{"d":0.0838089,"p":84,"v":99}],"pos":2.0,"size":1.0,"_time":114.546875},{"$id":"766","sounds":[{"d":0.0838089,"p":72,"v":107}],"pos":-1.0,"size":1.0,"_time":114.714844},{"$id":"767","sounds":[{"d":0.0838089,"p":69,"v":97},{"d":0.0838089,"p":60,"v":97}],"pos":4.0,"size":1.0,"_time":114.886719},{"$id":"768","sounds":[{"d":0.0838089,"p":84,"v":97}],"size":1.0,"_time":114.886719},{"$id":"769","sounds":[{"d":0.0838089,"p":86,"v":111}],"pos":1.0,"size":1.0,"_time":115.058594},{"$id":"770","sounds":[{"d":0.0838089,"p":88,"v":103},{"d":0.0838089,"p":72,"v":103}],"pos":2.0,"size":1.30000007,"_time":115.226563},{"$id":"771","sounds":[{"d":0.0838089,"p":64,"v":92}],"pos":7.0,"size":1.0,"_time":115.398438},{"$id":"772","sounds":[{"d":0.0838089,"p":81,"v":92}],"pos":-0.5,"size":1.0,"_time":115.398438},{"$id":"773","sounds":[{"d":0.0838089,"p":86,"v":114},{"d":0.0838089,"p":71,"v":114}],"pos":1.5,"size":1.30000007,"_time":115.566406},{"$id":"774","sounds":[{"d":0.0838089,"p":62,"v":94}],"pos":6.75,"size":1.0,"_time":115.738281},{"$id":"775","sounds":[{"d":0.0838089,"p":79,"v":94}],"pos":-1.0,"size":1.0,"_time":115.738281},{"$id":"776","sounds":[{"d":0.0838089,"p":84,"v":107},{"d":0.0838089,"p":67,"v":107}],"pos":1.0,"size":1.30000007,"_time":115.910156},{"$id":"777","sounds":[{"d":0.0838089,"p":60,"v":92}],"pos":6.5,"size":1.0,"_time":116.078125},{"$id":"778","sounds":[{"d":0.0838089,"p":76,"v":92}],"pos":-1.5,"size":1.0,"_time":116.078125},{"$id":"779","sounds":[{"d":0.0838089,"p":83,"v":112},{"d":0.0838089,"p":64,"v":112}],"pos":0.5,"size":1.30000007,"_time":116.25},{"$id":"780","sounds":[{"d":0.0838089,"p":55,"v":110}],"pos":5.875,"size":1.0,"_time":116.421875},{"$id":"781","sounds":[{"d":0.0838089,"p":79,"v":110}],"pos":-2.0,"size":1.0,"_time":116.421875},{"$id":"782","sounds":[{"d":0.05823517,"p":81,"v":81},{"d":0.05823517,"p":57,"v":81}],"pos":-1.0,"size":1.30000007,"_time":116.589844},{"$id":"783","sounds":[{"d":0.05823517,"p":64,"v":92}],"pos":7.0,"size":1.0,"_time":116.761719},{"$id":"784","sounds":[{"d":0.05823517,"p":88,"v":92}],"pos":1.5,"size":1.0,"_time":116.761719},{"$id":"785","sounds":[{"d":0.05823517,"p":71,"v":76}],"pos":7.875,"size":1.0,"_time":116.933594},{"$id":"786","sounds":[{"d":0.05823517,"p":86,"v":76}],"pos":0.5,"size":1.0,"_time":116.933594},{"$id":"787","sounds":[{"d":0.05823517,"p":79,"v":57},{"d":0.05823517,"p":53,"v":57}],"pos":-1.5,"size":1.30000007,"_time":117.101563},{"$id":"788","sounds":[{"d":0.169036865,"p":60,"v":73}],"pos":6.5,"size":1.0,"_time":117.273438},{"$id":"789","sounds":[{"d":0.169036865,"p":86,"v":73}],"pos":1.0,"size":1.0,"_time":117.273438},{"$id":"790","sounds":[{"d":0.05823517,"p":67,"v":57}],"pos":7.375,"size":1.0,"_time":117.441406},{"$id":"791","sounds":[{"d":0.05823517,"p":84,"v":57}],"size":1.0,"_time":117.441406},{"$id":"792","sounds":[{"d":0.05823517,"p":81,"v":45},{"d":0.05823517,"p":50,"v":45}],"pos":-2.0,"size":1.30000007,"_time":117.613281},{"$id":"793","sounds":[{"d":0.05823517,"p":64,"v":52}],"pos":7.0,"size":1.0,"_time":117.785156},{"$id":"794","sounds":[{"d":0.05823517,"p":83,"v":52}],"size":1.0,"_time":117.785156},{"$id":"795","sounds":[{"d":0.05823517,"p":81,"v":43},{"d":0.05823517,"p":52,"v":43}],"pos":-2.0,"size":1.30000007,"_time":117.953125},{"$id":"796","sounds":[{"d":0.169036865,"p":59,"v":62}],"pos":6.375,"size":1.0,"_time":118.125},{"$id":"797","sounds":[{"d":0.169036865,"p":88,"v":62}],"pos":1.0,"size":1.0,"_time":118.125},{"$id":"798","sounds":[{"d":0.05823517,"p":62,"v":57}],"pos":7.0,"size":1.0,"_time":118.296875},{"$id":"799","sounds":[{"d":0.05823517,"p":86,"v":57}],"size":1.0,"_time":118.296875},{"$id":"800","sounds":[{"d":0.05823517,"p":81,"v":64},{"d":0.05823517,"p":55,"v":64}],"pos":-1.5,"size":1.30000007,"_time":118.464844},{"$id":"801","sounds":[{"d":0.05823517,"p":62,"v":81}],"pos":6.75,"size":1.0,"_time":118.636719},{"$id":"802","sounds":[{"d":0.05823517,"p":86,"v":81}],"pos":-0.5,"size":1.0,"_time":118.636719},{"$id":"803","sounds":[{"d":0.05823517,"p":67,"v":78}],"pos":7.375,"size":1.0,"_time":118.808594},{"$id":"804","sounds":[{"d":0.05823517,"p":91,"v":78}],"pos":0.5,"size":1.0,"_time":118.808594},{"$id":"805","sounds":[{"d":0.169036865,"p":93,"v":93},{"d":0.169036865,"p":72,"v":93}],"pos":1.5,"size":1.30000007,"_time":118.976563},{"$id":"806","sounds":[{"d":0.05823517,"p":67,"v":85}],"pos":7.375,"size":1.0,"_time":119.148438},{"$id":"807","sounds":[{"d":0.0688858,"p":88,"v":85}],"size":1.0,"_time":119.148438},{"$id":"808","sounds":[{"d":0.05823517,"p":81,"v":81},{"d":0.05823517,"p":57,"v":81}],"pos":-1.0,"size":1.30000007,"_time":119.316406},{"$id":"809","sounds":[{"d":0.05823517,"p":64,"v":92}],"pos":7.0,"size":1.0,"_time":119.488281},{"$id":"810","sounds":[{"d":0.05823517,"p":88,"v":92}],"pos":1.5,"size":1.0,"_time":119.488281},{"$id":"811","sounds":[{"d":0.05823517,"p":71,"v":76}],"pos":7.875,"size":1.0,"_time":119.660156},{"$id":"812","sounds":[{"d":0.05823517,"p":86,"v":76}],"pos":0.5,"size":1.0,"_time":119.660156},{"$id":"813","sounds":[{"d":0.05823517,"p":79,"v":57},{"d":0.05823517,"p":53,"v":57}],"pos":-1.5,"size":1.30000007,"_time":119.828125},{"$id":"814","sounds":[{"d":0.169036865,"p":60,"v":73}],"pos":6.5,"size":1.0,"_time":120.0},{"$id":"815","sounds":[{"d":0.169036865,"p":86,"v":73}],"pos":1.0,"size":1.0,"_time":120.0},{"$id":"816","sounds":[{"d":0.05823517,"p":67,"v":57}],"pos":7.375,"size":1.0,"_time":120.171875},{"$id":"817","sounds":[{"d":0.05823517,"p":84,"v":57}],"size":1.0,"_time":120.171875},{"$id":"818","sounds":[{"d":0.05823517,"p":81,"v":45},{"d":0.05823517,"p":50,"v":45}],"pos":-2.0,"size":1.30000007,"_time":120.339844},{"$id":"819","sounds":[{"d":0.05823517,"p":64,"v":52}],"pos":7.0,"size":1.0,"_time":120.511719},{"$id":"820","sounds":[{"d":0.05823517,"p":83,"v":52}],"size":1.0,"_time":120.511719},{"$id":"821","sounds":[{"d":0.05823517,"p":81,"v":43},{"d":0.05823517,"p":52,"v":43}],"pos":-2.0,"size":1.30000007,"_time":120.683594},{"$id":"822","sounds":[{"d":0.169036865,"p":59,"v":62}],"pos":6.375,"size":1.0,"_time":120.851563},{"$id":"823","sounds":[{"d":0.169036865,"p":88,"v":62}],"pos":1.0,"size":1.0,"_time":120.851563},{"$id":"824","sounds":[{"d":0.05823517,"p":62,"v":57}],"pos":6.75,"size":1.0,"_time":121.023438},{"$id":"825","sounds":[{"d":0.05823517,"p":86,"v":57}],"size":1.0,"_time":121.023438},{"$id":"826","sounds":[{"d":0.05823517,"p":81,"v":64},{"d":0.05823517,"p":55,"v":64}],"pos":-1.5,"size":1.30000007,"_time":121.191406},{"$id":"827","sounds":[{"d":0.05823517,"p":62,"v":81}],"pos":6.75,"size":1.0,"_time":121.363281},{"$id":"828","sounds":[{"d":0.05823517,"p":86,"v":81}],"pos":-0.5,"size":1.0,"_time":121.363281},{"$id":"829","sounds":[{"d":0.05823517,"p":67,"v":78}],"pos":7.375,"size":1.0,"_time":121.535156},{"$id":"830","sounds":[{"d":0.05823517,"p":91,"v":78}],"pos":0.5,"size":1.0,"_time":121.535156},{"$id":"831","sounds":[{"d":0.169036865,"p":93,"v":93},{"d":0.169036865,"p":72,"v":93}],"pos":1.5,"size":1.30000007,"_time":121.703125},{"$id":"832","sounds":[{"d":0.05823517,"p":67,"v":85}],"pos":7.375,"size":1.0,"_time":121.875},{"$id":"833","sounds":[{"d":0.0688858,"p":88,"v":85}],"pos":0.5,"size":1.0,"_time":121.875},{"$id":"834","sounds":[{"d":0.05823517,"p":93,"v":81},{"d":0.05823517,"p":69,"v":81}],"pos":-0.5,"size":1.30000007,"_time":122.046875},{"$id":"835","sounds":[{"d":0.05823517,"p":76,"v":92}],"pos":8.5,"size":1.0,"_time":122.214844},{"$id":"836","sounds":[{"d":0.05823517,"p":100,"v":92}],"pos":2.0,"size":1.0,"_time":122.214844},{"$id":"837","sounds":[{"d":0.05823517,"p":83,"v":76}],"pos":9.375,"size":1.0,"_time":122.386719},{"$id":"838","sounds":[{"d":0.05823517,"p":98,"v":76}],"pos":1.0,"size":1.0,"_time":122.386719},{"$id":"839","sounds":[{"d":0.05823517,"p":91,"v":57},{"d":0.05823517,"p":65,"v":57}],"pos":-1.0,"size":1.30000007,"_time":122.558594},{"$id":"840","sounds":[{"d":0.169036865,"p":72,"v":73}],"pos":8.0,"size":1.0,"_time":122.726563},{"$id":"841","sounds":[{"d":0.169036865,"p":98,"v":73}],"pos":1.5,"size":1.0,"_time":122.726563},{"$id":"842","sounds":[{"d":0.05823517,"p":79,"v":57}],"pos":8.875,"size":1.0,"_time":122.898438},{"$id":"843","sounds":[{"d":0.05823517,"p":96,"v":57}],"pos":0.5,"size":1.0,"_time":122.898438},{"$id":"844","sounds":[{"d":0.05823517,"p":93,"v":45},{"d":0.05823517,"p":62,"v":45}],"pos":-1.5,"size":1.30000007,"_time":123.066406},{"$id":"845","sounds":[{"d":0.05823517,"p":76,"v":52}],"pos":8.5,"size":1.0,"_time":123.238281},{"$id":"846","sounds":[{"d":0.05823517,"p":95,"v":52}],"pos":0.5,"size":1.0,"_time":123.238281},{"$id":"847","sounds":[{"d":0.05823517,"p":93,"v":43},{"d":0.05823517,"p":64,"v":43}],"pos":-1.5,"size":1.30000007,"_time":123.410156},{"$id":"848","sounds":[{"d":0.169036865,"p":71,"v":62}],"pos":7.875,"size":1.0,"_time":123.578125},{"$id":"849","sounds":[{"d":0.169036865,"p":100,"v":62}],"pos":1.5,"size":1.0,"_time":123.578125},{"$id":"850","sounds":[{"d":0.05823517,"p":74,"v":57}],"pos":8.25,"size":1.0,"_time":123.75},{"$id":"851","sounds":[{"d":0.05823517,"p":98,"v":57}],"pos":0.5,"size":1.0,"_time":123.75},{"$id":"852","sounds":[{"d":0.05823517,"p":93,"v":64},{"d":0.05823517,"p":67,"v":64}],"pos":-1.0,"size":1.30000007,"_time":123.921875},{"$id":"853","sounds":[{"d":0.05823517,"p":74,"v":81}],"pos":8.25,"size":1.0,"_time":124.089844},{"$id":"854","sounds":[{"d":0.05823517,"p":98,"v":81}],"size":1.0,"_time":124.089844},{"$id":"855","sounds":[{"d":0.05823517,"p":79,"v":78}],"pos":8.875,"size":1.0,"_time":124.261719},{"$id":"856","sounds":[{"d":0.05823517,"p":103,"v":78}],"pos":1.0,"size":1.0,"_time":124.261719},{"$id":"857","sounds":[{"d":0.169036865,"p":105,"v":93},{"d":0.169036865,"p":84,"v":93}],"pos":2.0,"size":1.30000007,"_time":124.433594},{"$id":"858","sounds":[{"d":0.05823517,"p":79,"v":85}],"pos":8.875,"size":1.0,"_time":124.601563},{"$id":"859","sounds":[{"d":0.0688858,"p":100,"v":85}],"size":1.0,"_time":124.601563},{"$id":"860","sounds":[{"d":0.05823517,"p":93,"v":81},{"d":0.05823517,"p":69,"v":81}],"pos":-0.5,"size":1.30000007,"_time":124.773438},{"$id":"861","sounds":[{"d":0.05823517,"p":76,"v":92}],"pos":8.5,"size":1.0,"_time":124.941406},{"$id":"862","sounds":[{"d":0.05823517,"p":100,"v":92}],"pos":2.0,"size":1.0,"_time":124.941406},{"$id":"863","sounds":[{"d":0.05823517,"p":83,"v":76}],"pos":9.375,"size":1.0,"_time":125.113281},{"$id":"864","sounds":[{"d":0.05823517,"p":98,"v":76}],"pos":1.0,"size":1.0,"_time":125.113281},{"$id":"865","sounds":[{"d":0.05823517,"p":91,"v":57},{"d":0.05823517,"p":65,"v":57}],"pos":-1.0,"size":1.30000007,"_time":125.285156},{"$id":"866","sounds":[{"d":0.169036865,"p":72,"v":73}],"pos":8.0,"size":1.0,"_time":125.453125},{"$id":"867","sounds":[{"d":0.169036865,"p":98,"v":73}],"pos":1.5,"size":1.0,"_time":125.453125},{"$id":"868","sounds":[{"d":0.05823517,"p":79,"v":57}],"pos":8.875,"size":1.0,"_time":125.625},{"$id":"869","sounds":[{"d":0.05823517,"p":96,"v":57}],"pos":0.5,"size":1.0,"_time":125.625},{"$id":"870","sounds":[{"d":0.05823517,"p":93,"v":45},{"d":0.05823517,"p":62,"v":45}],"pos":-1.5,"size":1.30000007,"_time":125.796875},{"$id":"871","sounds":[{"d":0.05823517,"p":76,"v":52}],"pos":8.5,"size":1.0,"_time":125.964844},{"$id":"872","sounds":[{"d":0.05823517,"p":95,"v":52}],"pos":0.5,"size":1.0,"_time":125.964844},{"$id":"873","sounds":[{"d":0.05823517,"p":93,"v":43},{"d":0.05823517,"p":64,"v":43}],"pos":-1.5,"size":1.30000007,"_time":126.136719},{"$id":"874","sounds":[{"d":0.169036865,"p":71,"v":62}],"pos":7.875,"size":1.0,"_time":126.308594},{"$id":"875","sounds":[{"d":0.169036865,"p":100,"v":62}],"pos":1.5,"size":1.0,"_time":126.308594},{"$id":"876","sounds":[{"d":0.05823517,"p":74,"v":57}],"pos":8.25,"size":1.0,"_time":126.476563},{"$id":"877","sounds":[{"d":0.05823517,"p":98,"v":57}],"pos":0.5,"size":1.0,"_time":126.476563},{"$id":"878","sounds":[{"d":0.05823517,"p":93,"v":64},{"d":0.05823517,"p":67,"v":64}],"pos":-1.0,"size":1.30000007,"_time":126.648438},{"$id":"879","sounds":[{"d":0.05823517,"p":74,"v":81}],"pos":8.25,"size":1.0,"_time":126.816406},{"$id":"880","sounds":[{"d":0.05823517,"p":98,"v":81}],"size":1.0,"_time":126.816406},{"$id":"881","sounds":[{"d":0.05823517,"p":79,"v":78}],"pos":8.875,"size":1.0,"_time":126.988281},{"$id":"882","sounds":[{"d":0.05823517,"p":103,"v":78}],"pos":1.0,"size":1.0,"_time":126.988281},{"$id":"883","sounds":[{"d":0.169036865,"p":105,"v":93},{"d":0.169036865,"p":84,"v":93}],"pos":2.0,"size":1.30000007,"_time":127.160156},{"$id":"884","sounds":[{"d":0.05823517,"p":79,"v":85}],"pos":8.875,"size":1.0,"_time":127.328125},{"$id":"885","sounds":[{"d":0.0688858,"p":100,"v":85}],"size":1.0,"_time":127.328125}],"links":[{"notes":[{"$ref":"523"},{"$ref":"524"},{"$ref":"525"},{"$ref":"526"}]},{"notes":[{"$ref":"77"},{"$ref":"78"},{"$ref":"79"},{"$ref":"80"}]},{"notes":[{"$ref":"312"},{"$ref":"313"},{"$ref":"314"},{"$ref":"315"},{"$ref":"316"},{"$ref":"317"},{"$ref":"319"}]},{"notes":[{"$ref":"324"},{"$ref":"325"},{"$ref":"326"},{"$ref":"327"},{"$ref":"329"},{"$ref":"330"},{"$ref":"332"}]},{"notes":[{"$ref":"338"},{"$ref":"339"},{"$ref":"340"},{"$ref":"341"},{"$ref":"342"},{"$ref":"343"},{"$ref":"345"}]},{"notes":[{"$ref":"350"},{"$ref":"351"},{"$ref":"352"},{"$ref":"353"},{"$ref":"355"},{"$ref":"356"},{"$ref":"358"}]},{"notes":[{"$ref":"399"},{"$ref":"400"},{"$ref":"402"}]},{"notes":[{"$ref":"443"},{"$ref":"444"},{"$ref":"446"}]}]}